COMMENT_ID,POST_ID,COMMENTER_ID,COMMENT_TEXT,COMMENT_DATE
1,anunu.kr_2025-07-28,esc_studio,나 너무 기대되자나ㅏㅏㅏㅏㅏㅏ,2025-07-29
2,anunu.kr_2025-07-28,zi_hyeon,노루군......?!! 숏츠에서는 젤근이로 활동 하시나오?,2025-07-29
3,anunu.kr_2025-07-28,bakjiwon2,왓더,2025-07-28
4,anunu.kr_2025-07-28,goche_chego,안녕하세요! 💜,2025-07-28
5,anunu.kr_2025-07-28,"수제젤리 고체입니다!ღ'ᴗ'ღ
항상 감사드립니다! 누누님! 정섭님!
더우나, 추우나 망원동 나들이 오실때마다 소중한 발걸음해주시고 ..
저희젤리를 애정해주시는 덕분에
많은 팬분들께서도 귀한걸음 주시고 계세요! 무더운 여름 수분충전 잘 하시구 건강 잘 챙기시면서 계획하시는 모든일들 앞으로도 번창하시길 항상 응원드립니다!
다시한번 진심으로 감사드립니다 :) 조만간 시간되시는날 또 당충전하러 고체로 놀러 오세요옹 °• ♥ •°
hongji_yam",헐 자두가 짱 신기해요😮😮,2025-07-28
6,anunu.kr_2025-07-28,reviewyanolza,저도 하나만 줘여,2025-07-28
7,anunu.kr_2025-07-28,sn_muk,젤근이 데뷔하라구,2025-07-28
8,anunu.kr_2025-07-25,hairmer6,찐은 진짜 맛있어..😳,2025-07-25
9,anunu.kr_2025-07-25,dan_beee_e,먹어보면 더 사고싶은맛..어카지….또 사야되나….,2025-07-25
10,anunu.kr_2025-07-25,jin_a__da,버블검맛 120g100g 따로 없는거죠?,2025-07-25
11,anunu.kr_2025-07-25,yuhee__iam,그냥 먹으면 부들부들 얼려먹으면 파삭 쫀득 😍,2025-07-26
12,anunu.kr_2025-07-25,haemil_11,공구하시면 무조건입니다😍😍고고씽,2025-07-25
13,anunu.kr_2025-07-25,jaehxyn.02,내 빤스 당근해서 젤리 살 돈 모았습니다.,2025-07-29
14,anunu.kr_2025-07-25,hhyyeeoz,버블검 맛은 진심 사기야 ...,2025-07-27
15,anunu.kr_2025-07-25,esc_studio,파워 지린다.....🫠🫠🫠🫠✨,2025-07-25
16,anunu.kr_2025-07-25,eussya_eussya,바나나맛 맛있는데..,2025-07-25
17,anunu.kr_2025-07-25,today_seungeun,와웅❤️,2025-07-25
18,anunu.kr_2025-07-25,norutagram,더블딥 되면 10박스 쟁인다,2025-07-25
19,anunu.kr_2025-07-25,let___me__know,더블딥 원츄,2025-07-25
20,anunu.kr_2025-07-25,hxunsz_,더블딥 제발제발제발제발제발요 너무 먹고싶어요 제발요 내가 살면서 젤리를 6만원치 산건 처음이야...;;;;,2025-07-25
21,anunu.kr_2025-07-25,rud1234569,나도삿지요👏,2025-07-25
22,anunu.kr_2025-07-25,l_sangguo_x.x_,처음엔 CS가 좀 막혀서 답답할뻔도 했는데 친절하게 잘해주시더라구요~! 4만개 주문이면 인정할만 하네요..개편도 많이 됐다고 하니 믿고 한번 더 구매 갑니다 너무 맛있어요 ㅠㅠ,2025-07-25
23,anunu.kr_2025-07-25,anunu.kr,25일부터의 구매 후 스토리 인증해주시면 파삭 쑥맛을 5분께 드립니다!,2025-07-25
24,anunu.kr_2025-07-25,"(7/25일~31일) 구매 후
아누누(@anunu.kr) 태그를 포함한 인스타그램 스토리에 올려주시면 응모 완료!
kimgi_1119",하나 먹으면 아쉬워... 두개 먹으면 아쉬워... 근데 아쉽다가 보면 사라져있어요 이 사료 뭐예요,2025-07-27
25,anunu.kr_2025-07-22,pink.tape_,제가 본 아누누님 표정중에 제일 행복해보이시네요😂,2025-07-22
26,anunu.kr_2025-07-22,dongyul_ee,아 진짜 맛있어보여요오!!,2025-07-22
27,anunu.kr_2025-07-22,"라이브때랑 확실히 요거트 질감이 다른듯!!
hxunsz_",아닠ㅋㅋㅋ목젖보이겟아옄ㅋㅋㅋㅋㅋㅋㄱㅋㅋㅋㄱㅋㅋㅋㄱㅋㅋㅋㅋㅋㅋㄱㅋㅋㅋ역대급 행복해보임ㅠㅋㅋㅋㅋㅋㅋ,2025-07-22
28,anunu.kr_2025-07-22,belly_d_,오마이갓….🤤,2025-07-22
29,anunu.kr_2025-07-22,hongji_yam,진짜 천재적 발상..!!! 너무 탐나요😮😮,2025-07-22
30,anunu.kr_2025-07-22,kim_stxx2,"아니 요거트 진짜 사랑하는데 아누누님은 완젼 진심 인듯❤️ 저는 그 요거트에 녹차,쑥 가루나 가루를 녹인 시럽 같은거 동봉해서 섞어먹는 그런거 나왔으면 좋겠어여",2025-07-22
31,anunu.kr_2025-07-22,dagaall.hanbok,천재~ ~ ~ ~ 👏👏👏😮,2025-07-23
32,anunu.kr_2025-07-22,lovelyaralla,이렇게 먹는데 왜.살이안쪄요🔥😂부러비,2025-07-23
33,anunu.kr_2025-07-22,a._.hyeon190304,엄청나게 행복해 보인다 ㅋㅋㅋㅋ,2025-07-22
34,anunu.kr_2025-07-22,yesung_255,이사람 요거트 오지게 좋아하는듯,2025-07-22
35,anunu.kr_2025-07-22,sujinmi54,잠깐만여 숟가락 아니고 국잔데???😮😮😮,2025-07-22
36,anunu.kr_2025-07-22,2__his2,기다렸다구,2025-07-23
37,anunu.kr_2025-07-22,luvvyulx,복숭아 어디꺼에요? 😢,2025-07-22
38,anunu.kr_2025-07-22,seo_young140623,"아 진짜 이럴줄 알았어,,",2025-07-23
39,anunu.kr_2025-07-22,hee208500,안질려요?요거트,2025-07-23
40,anunu.kr_2025-07-22,klw._.05,아이디어 천채 누누님,2025-07-22
41,anunu.kr_2025-07-22,m.ing_jjang,빵인줄 알았ㄴ느데,2025-07-23
42,anunu.kr_2025-07-22,heychambo,요거트왕 아누누님,2025-07-23
43,anunu.kr_2025-07-22,s.12yz,마이크 물에 담궜다뺀소리 사라졌네,2025-07-23
44,anunu.kr_2025-07-21,coco_osksk,향이 맛이 난다고?!,2025-07-21
45,anunu.kr_2025-07-21,soyul_naye,저거 그냥 냉동고에 넣어도 저렇게 바사삭 거려요!!,2025-07-21
46,anunu.kr_2025-07-21,nandoong___,저희도 먹어봤는데 맛있더라구요🤩🦷⚡️,2025-07-24
47,anunu.kr_2025-07-21,ktwizjiyoon,저거 2년전까지만해도 즐겨먹었는데 너무 달아서 머리아픔,2025-07-22
48,anunu.kr_2025-07-21,jang_hada__,저거 내 최애 마시멜로인데!!! 따라해봐야징잉잉😍,2025-07-23
49,anunu.kr_2025-07-21,jan_et1309,그걸로 데카포 만들면 짱 맛있는데😍,2025-07-21
50,anunu.kr_2025-07-21,kms5351,어디서 사나요?,2025-07-22
51,anunu.kr_2025-07-21,gimseoyeon2692,오 이고 내가 해 먹건 방법인데...! 대밧!,2025-07-22
52,anunu.kr_2025-07-21,pygmy_minsoo,그 마시멜로 동결건조 시켜주세요!!!!,2025-07-22
53,anunu.kr_2025-07-21,klw._.05,맛있겠당 누누님 소리 대박 👍,2025-07-21
54,anunu.kr_2025-07-21,daeun_xi,동결건조!!!!,2025-07-21
55,anunu.kr_2025-07-21,n.5oak,누가 젼언니좀 태그해봐요!!,2025-07-21
56,anunu.kr_2025-07-21,yuri_1ing,얼려먹어보세용,2025-07-23
57,anunu.kr_2025-07-21,happy_soyang15,나 이거 겁나 조아하는데..,2025-07-21
58,anunu.kr_2025-07-21,jy._.jooha,@jeon_unni_ 이거 먹어 주셍요요,2025-07-22
59,anunu.kr_2025-07-21,suk_91,안되...유명해지지마 😢,2025-07-25
60,anunu.kr_2025-07-21,leeyunhyeong212,요거트 차갑게해서 넣어 먹어주세요.,2025-07-21
61,anunu.kr_2025-07-21,030o33,이거 진찌 맛있는데.. 인기많아져서 못 먹는거 ㅏ녀ㅠㅠㅠㅠㅠ,2025-07-22
62,anunu.kr_2025-07-21,g.yul0101,나 이거 ㄱ개 많이 먹었는데🙌,2025-07-21
63,anunu.kr_2025-07-21,hx._y1rn,저거 마쉬멜로우 개노맛인데 퉤퉤투ㅐ,2025-07-26
64,anunu.kr_2025-07-21,minhye_0113,젼언니 태그 부탁,2025-07-21
65,anunu.kr_2025-07-21,yu_jin_l,동결건조로 된것도 팔아요!!!!!,2025-07-22
66,anunu.kr_2025-07-21,gyuri_gonjyu,@jeon_unni_,2025-07-21
67,anunu.kr_2025-07-21,gimdoyun598,그걸로 동결건조 해주세요❤️❤️❤️🙌🙌🙌😍😍,2025-07-21
68,anunu.kr_2025-07-21,hyn_915,저걸 한번도 안 먹어보셨다니..,2025-07-22
69,anunu.kr_2025-07-21,jeon_unni_,나 이거보자마자 주문함ㅋㅋㄱ😂😂,2025-07-23
70,anunu.kr_2025-07-21,h_.yoooooon09,디져트 유튜버가 저걸 안먹어봤다니.😢,2025-07-21
71,anunu.kr_2025-07-21,t4e7ewdy8,저거 너ㅓㅓㅓㅓ무 달고 마시멜로의 부드러운 맛과 과일의 신맛이 안 어울렸음,2025-07-25
72,anunu.kr_2025-07-21,bomi9999999,동결건조 해주세요!,2025-07-22
73,anunu.kr_2025-07-21,ryujian492,우유에 해도 바삭한디,2025-07-22
74,anunu.kr_2025-07-21,uno.zu,안은우는있는데왜밖은우는없어여,2025-07-22
75,anunu.kr_2025-07-21,ryui8991,이걸로 동결건조 해주세여ㅕㅕ,2025-07-22
76,anunu.kr_2025-07-21,ha._.hyeon11,이거 동결건조 해주세요,2025-07-22
77,anunu.kr_2025-07-21,ririlrirarilra6,얼려야돼요,2025-07-22
78,anunu.kr_2025-07-21,happ_yy437,저거 동결건조한게 진짜 맛있는데,2025-07-22
79,anunu.kr_2025-07-21,_shuv2,난 이거 처음먹고 맛없어서 뱉얶는데.,2025-07-22
80,anunu.kr_2025-07-21,_love_holic,와 ..입맛차이인가 전 이거 하나먹고 버렸는데....,2025-07-22
81,anunu.kr_2025-07-21,_oxjihoon,아누누님 이거 차가운 카프리썬에 넣어먹으면 진짜 맞있어요!,2025-07-22
82,anunu.kr_2025-07-21,yulssg,@sunae1107 이것듀,2025-07-22
83,anunu.kr_2025-07-21,zoo_234396254,아 저거 마쉬밀로우 유명해지면 안돼는데...,2025-07-22
84,anunu.kr_2025-07-21,hy._ow0n,그걸로 동결건조 해주세요,2025-07-22
85,anunu.kr_2025-07-21,jjihee__0428,우리애들 최애템인데...,2025-07-22
86,anunu.kr_2025-07-21,totorururun,이거 중국산에 유전자 변형 첨가됐을 수 있다고 해서 2개 먹고 다 버렸는데,2025-07-22
87,anunu.kr_2025-07-21,illliilililiiillilill,이거 몇달전에 편의점에서 엄청 맛있게 먹었었는디 드디어 뜨는구나,2025-07-22
88,anunu.kr_2025-07-21,si.a0712,젼언니도 해주면 좋겟어요 !!!,2025-07-22
89,anunu.kr_2025-07-21,si.a0712,저거 물로만 하면 그냥 마시멜로 바삭한 맛이지 저거 요플레랑 먹으면 달달하고바삭해요 !! 꼭 요거트랑 먹어주세요!!,2025-07-22
90,anunu.kr_2025-07-21,darcoong_stagram,지금 먹고있어오,2025-07-22
91,anunu.kr_2025-07-21,lucyju14112,이거 우유에 말아 먹은 맛있겠다. 소 사탕이니깐.,2025-07-22
92,anunu.kr_2025-07-21,minss1130,이렇게 먹었었는뒈,2025-07-22
93,anunu.kr_2025-07-21,se0.yn_1,저 통 어디서 구매하셧는지 너무 궁금함,2025-07-22
94,anunu.kr_2025-07-21,sihuan_life,안돼 내 간식 꿀템 근데 그거 얼려먹으면 소리도좋고 맜있어요,2025-07-22
95,anunu.kr_2025-07-21,captain9.s2,사이다에 해먹어도 맛나겟어뇨!,2025-07-22
96,anunu.kr_2025-07-21,park_jihoon369,어쩐지 갑자기많아지더라,2025-07-22
97,anunu.kr_2025-07-21,jangyuju386,옛날에 인기 없을때 많이 먹었는데 그땐 지겨웠었는데...,2025-07-22
98,anunu.kr_2025-07-21,e0e.he_r0,사이다 넣으먼 맛있겠다,2025-07-22
99,anunu.kr_2025-07-21,taewu48,나만 몰래 먹던 꿀간식이였는데 이제 못구하겠다ㅠ,2025-07-23
100,anunu.kr_2025-07-21,kimeleotype,이거 개맛잇는데 아할점가면 무조건 이거삼,2025-07-23
101,anunu.kr_2025-07-21,yuji_n721,저거 개 달음,2025-07-23
102,anunu.kr_2025-07-21,jfp0903,저거 슬러쉬에 넣어먹으면 개 맛도리,2025-07-23
103,anunu.kr_2025-07-21,yx.uz3,@jeon_unni_,2025-07-23
104,anunu.kr_2025-07-21,hahaha_130618,슬러시랑 같이 먹으면 더 맛있음,2025-07-23
105,anunu.kr_2025-07-21,mong_ryong15,ㅏㅈ없..,2025-07-23
106,anunu.kr_2025-07-21,yx_.r13,저거 아폴로 맛 나던데,2025-07-23
107,anunu.kr_2025-07-21,_sx.hyun13,나 저거 되게 어릴때 진짜 좋아했는데 ㅠㅜ,2025-07-23
108,anunu.kr_2025-07-21,omg_ra_hee_,ㅈㅂ얼음우유 만들어서 담궈서 먹어주세요ㅜ,2025-07-24
109,anunu.kr_2025-07-21,dla._.hg,@hyeon_6953 내 아이스크림가게 최애 소문났어,2025-07-24
110,anunu.kr_2025-07-21,nnnn_woman_15,젼태부 (젼언니 태그 부탁),2025-07-24
111,anunu.kr_2025-07-21,rlarnwls10,나 어릴때 바삭하게 많이 만들어서 먹었는데,2025-07-24
112,anunu.kr_2025-07-21,hanjimin104,저거 동결하면 신기할듯,2025-07-25
113,anunu.kr_2025-07-21,yerinniii77,배경이랑 효과음 없는것도 듣고싶다...😢,2025-07-25
114,anunu.kr_2025-07-21,_uxnoey,😍,2025-07-25
115,anunu.kr_2025-07-21,m.xah5,저거 불에 구워도 맛있어요,2025-07-26
116,anunu.kr_2025-07-21,ta._xeun_,저도 친구랑 장난 으로 해 보다가 바삭해 졌어요❤️,2025-07-26
117,anunu.kr_2025-07-21,hayoon3875,예전에 몇번 먹어봤었는데,2025-07-26
118,anunu.kr_2025-07-21,svxun.4,저거 나만 아는 찐템이엇는데….ㅠ 그래도 유명해져서 조아여,2025-07-26
119,anunu.kr_2025-07-21,yuju_2695,방학이니까 함 먹어야지~,2025-07-26
120,anunu.kr_2025-07-21,najiyu1207,저거 4학년때 처음 먹고 유행했으면 좋다고 했는데 이제야 유행 시작이네,2025-07-28
121,anunu.kr_2025-07-18,mins296,아주머니 왜 누누님 한태 막말해ㅠㅠ,2025-07-19
122,anunu.kr_2025-07-18,snmzgw,누누님 2019년도에 틱톡에서 보고 사랑에 빠졌었는데.. 잘생견서요,2025-07-19
123,anunu.kr_2025-07-18,jeonseol11,와 맛있겠㉰🥵,2025-07-19
124,anunu.kr_2025-07-18,cjxjjddkjc,몽골선선하고좋조ㅠㅠ,2025-07-20
125,anunu.kr_2025-07-18,ryujian492,숙제하고있는 사람 나에요 나,2025-07-19
126,anunu.kr_2025-07-18,kangsoyeon74861,맛있겠따🥲🤤,2025-07-18
127,anunu.kr_2025-07-18,eugene_uni11,누누님 칼로리 바란스 요거트 먹방 해주세요!,2025-07-19
128,anunu.kr_2025-07-18,klw._.05,배고파 요 누누님 시간 공격,2025-07-18
129,anunu.kr_2025-07-18,haesom_vely,제품정보 알려주실수있나욥 ㅠㅠ,2025-07-19
130,anunu.kr_2025-07-18,enerelminjae,우리엄마 몽골인이신데,2025-07-19
131,anunu.kr_2025-07-17,1993_0924,아누누님 이렇게 보니 강철부대 육군팀 산수빈님 닮으셨네요!,2025-07-25
132,anunu.kr_2025-07-17,ibnaimostofa,귀엽게 생겼노ㅋ,2025-07-17
133,anunu.kr_2025-07-17,mjwsing,아이고 잘생겼다~❤️,2025-07-17
134,anunu.kr_2025-07-17,benikang,네테로 회장…?,2025-07-18
135,anunu.kr_2025-07-17,jwis_happy,ㅋㅋ 반대로 뜯어야 해요 살을 확 땡겨서 반대로 팍,2025-07-27
136,anunu.kr_2025-07-17,j_yh756,털나는 방향 반대로 뽑아야될텐데,2025-07-24
137,anunu.kr_2025-07-17,tjsdudans,처음에는 방향이 틀려서 안떼졌고 두번째 뗀 방향이 마자여,2025-07-18
138,anunu.kr_2025-07-17,lovelyaralla,제모 차력쇼 ㅋㅋㅋㅋㅋㅋㅋㅋ,2025-07-18
139,anunu.kr_2025-07-17,pepefefeio,밑에서 위로 올려서 떼야 되지않을까요??,2025-07-20
140,anunu.kr_2025-07-17,casanovanosupernovano,털 난 방향 반대로 뜯어야 잘 뜯어지지 않나요?!?,2025-07-18
141,anunu.kr_2025-07-17,just_thewayitgoes_,반대로 뜯어야할 듯,2025-07-21
142,anunu.kr_2025-07-17,10grammm,테토남같아요,2025-07-18
143,anunu.kr_2025-07-17,hhyyeeoz,올영에서 세일하면 하나에 3500원이던데욥...,2025-07-18
144,anunu.kr_2025-07-17,hen___e,갠적으로 젤리 너무 좋아하고 마시멜로우 너무 싫어하는데 얜 그냥 젤리가 아니고 마시멜로우 그 잡채던데......혹시 얼려서 먹으면 더 맛있나용??,2025-07-21
145,anunu.kr_2025-07-17,h_young864,아 먹어보고싶엏는델!!,2025-07-17
146,anunu.kr_2025-07-17,03mr24,드디어 오리지널 구매❤️,2025-07-18
147,anunu.kr_2025-07-17,jua__han,와 오리지널을!! 저 구매했어요ㅠㅠ 빨리와라아~~~,2025-07-17
148,anunu.kr_2025-07-17,yoon_2dn,아누누님 동결건조 가능하세요? 맛있을것 같은데요,2025-07-22
149,anunu.kr_2025-07-17,_yellmust_,아누누님 상세페이지 저만 오류뜨나용 ㅜ,2025-07-17
150,anunu.kr_2025-07-17,rami__0216,와..어제 낮에 주문했는데 배송 누락 됐다고 하네요....문의 드렸는데 제가 잘못한줄 알고 있었는데 이런 억까가 다 있다뇨ㅠㅠ 오늘 받았어야 할 드럼스틱을 못받았으니 이번 이벤트라도 꼭 당첨이 되어 봐야겠어요 넌 내가 어캐든 받는다 딱 기다려라ㅜㅠ,2025-07-18
151,anunu.kr_2025-07-17,eun07170,젤리좋아해서 편의점꺼 아직 안먹어봫지먼 공구부터 삼...,2025-07-26
152,anunu.kr_2025-07-17,_yellmust_,어 퇴근하고봄 사러가야지,2025-07-17
153,anunu.kr_2025-07-17,haemil_11,바로주문했어요😍감사합니다.행복한공구에요^^,2025-07-18
154,anunu.kr_2025-07-17,ibnaimostofa,잘 먹네~,2025-07-17
155,anunu.kr_2025-07-17,su.xrr,드럼스틱 얼음물에 넣어서 먹어주세여,2025-07-22
156,anunu.kr_2025-07-17,siyeon2155,스위즐스 요거트랑 먹어주세여ㅕ,2025-07-26
157,anunu.kr_2025-07-17,xin______xx___,옴뫄 완전 환영홬영,2025-07-17
158,anunu.kr_2025-07-17,midorifruits,구매완료라구요👏,2025-07-17
159,anunu.kr_2025-07-17,yoon_ji09,@yeoniii39 야승연아 찌호는 이거 모루니!!!,2025-07-18
160,anunu.kr_2025-07-17,es___batssal,구매완료👏,2025-07-17
161,anunu.kr_2025-07-17,kkam_bbong,맛보기2세트 구매여😍 빨리와라~~~~❤️,2025-07-17
162,anunu.kr_2025-07-17,anunu.kr,[🎁아누누 x 스위즐스 구매인증 이벤트 🎁],2025-07-17
163,anunu.kr_2025-07-17,"- 참여 방법 : 주문번호 포함하여 구매 내역 캡쳐해서 인스타 스토리 업로드 후 아누누 태그
- 이벤트 기간 : 7/17 - 7/31 24시
- 경품 : 스타벅스 쿠폰
- 당첨자 : 20명
jeonghyedu",도착했따!! 잘먹어볼게유ㅋ,2025-07-23
164,anunu.kr_2025-07-17,hwee_na96,구매완😍,2025-07-27
165,anunu.kr_2025-07-17,rud1234569,주문완료😍,2025-07-23
166,anunu.kr_2025-07-17,mo_om__miji,저도 사우어맛이 제 원픽이에요!,2025-07-27
167,anunu.kr_2025-07-17,m__y.317,주문완료 너모 기대대 🥹🥹🥹,2025-07-26
168,anunu.kr_2025-07-17,yewonkim_p,주문했는데 너무 기대된다..ㅠㅠ역시 시키길 잘했어..,2025-07-27
169,anunu.kr_2025-07-17,lepidoctor_art,궁금해서 사봄 ㅎㅎ,2025-07-26
170,anunu.kr_2025-07-17,h_yun_ji_923,@m_in_ji_621 샀다..,2025-07-24
171,anunu.kr_2025-07-17,j_0m6,민생지원금 되나요 ㅎㅎ,2025-07-25
172,anunu.kr_2025-07-17,acmems,구매완☆,2025-07-27
173,anunu.kr_2025-07-17,yun_min0702,@munligh_t,2025-07-23
174,anunu.kr_2025-07-17,0909_study,빨리왔음 좋겠다,2025-07-26
175,anunu.kr_2025-07-17,sehee829,홀린듯이 구매해벌임..😳,2025-07-27
176,anunu.kr_2025-07-17,yeon.2l,젤리라기보다는 마시멜로식감이네요..ㅠㅠ하나먹고 다 버리뮤ㅠㅠ,2025-07-25
177,anunu.kr_2025-07-17,s2.bbo.s2,"사지마요 여러분.. gs꺼가 훨배마싯슴둥,,",2025-07-26
178,anunu.kr_2025-07-17,"젤충이로써 진심을 다해 말려봅니다,,
그래도 사고싶다 하시는분들은 차라리 체리사우어만 사시길
sheltie.reo",gs25에서 판매하는 제품이랑은 다른건가요??,2025-07-23
179,anunu.kr_2025-07-17,je_0614,구매완료❤️🙌,2025-07-17
180,anunu.kr_2025-07-17,l_sangguo_x.x_,바로 구매했어요🔥🔥,2025-07-17
181,anunu.kr_2025-07-17,suhwalim0523,맛보기 2세트 구매완료~^^ 배송받아서 먹고 이벤트 기간안에 또 쟁이러 갈거예요😍,2025-07-17
182,anunu.kr_2025-07-17,nari_jjo,구매완료😍😍,2025-07-17
183,anunu.kr_2025-07-17,h9load,더블딥은 없나요? ㅠㅠ,2025-07-17
184,anunu.kr_2025-07-17,dream__of__traveling,제가좋아하는 맛잇는 젤리 🙌어서와라 다이어트중에 야금야금,2025-07-17
185,anunu.kr_2025-07-17,0o_xumx,이거 올리브영이랑 cu에더 팔아요!,2025-07-18
186,anunu.kr_2025-07-17,sunnymiya00,구매했습니다~ 맛보고싶었는데 기대 됩니다😍,2025-07-18
187,anunu.kr_2025-07-17,so.setwni,@ah.reum.__ 너도 인기에 일조했지ㅎㅎ,2025-07-18
188,anunu.kr_2025-07-17,nkyungm,캬 덕분에 샀습니다👏 감사합니다,2025-07-19
189,anunu.kr_2025-07-17,0dlanr,아누누님 믿고 구매햇어요😮,2025-07-19
190,anunu.kr_2025-07-17,6060jeje,으누오빠 체고체고체고입니다 😍😍,2025-07-20
191,anunu.kr_2025-07-17,geunhakim,"@rara_n_land, @jieon_k_",2025-07-21
192,anunu.kr_2025-07-17,ih_lt.14,구매 해버렸어요 .. 간식 그만 사야되는데 !! 어쩔수 없지 맛있게 먹겠습니당 🙌🏻❤️,2025-07-21
193,anunu.kr_2025-07-17,emerald_s_e_o_n,@9__songsong,2025-07-21
194,anunu.kr_2025-07-17,marchcsms,너무 기대됩니당!! 바로 구매 했어요🙌🙌🙌,2025-07-22
195,anunu.kr_2025-07-17,zldnlzx,송중기 닮았어요,2025-07-23
196,anunu.kr_2025-07-17,xxitiger,대박적 맛또리...,2025-07-23
197,anunu.kr_2025-07-17,zoom___kim,오렌지맛이 맛있다고하셨는데 그거해주심 더좋을텐데요 😢,2025-07-23
198,anunu.kr_2025-07-17,mimymei,@blueboyoung 사야게찡,2025-07-23
199,anunu.kr_2025-07-17,hxunsz_,퇴근하자마자 배송 온 거 뜯어 먹고 있는데 와타시두 싸-월이 원픽..!!!!!!🥵,2025-07-23
200,anunu.kr_2025-07-17,chgml233,@hitchu._.o3o 이거 히수최애 아니냐구,2025-07-23
201,anunu.kr_2025-07-17,haemil_11,언니 내가 좋아하는 분.^^ 여기서 구입했어요.@jeong_hwa0314 /31일까지😍,2025-07-24
202,anunu.kr_2025-07-17,3zzanggu3,드뎌 구매^ 감사해요^^,2025-07-28
203,anunu.kr_2025-07-16,cha_cha_______,몽골 먹을거 더 보여줘여ㅠㅠㅠㅠㅠㅠ,2025-07-16
204,anunu.kr_2025-07-16,minseo2684,일찍 왔다!맛있을거 같아여 ㅠㅠㅠ,2025-07-16
205,anunu.kr_2025-07-16,norutagram,저 그륵 들고 갔나,2025-07-16
206,anunu.kr_2025-07-16,ryujian492,뭐야 나도 줘요,2025-07-16
207,anunu.kr_2025-07-16,anky.ul,저ㅜ요거트 담는 그릇은 ...매번 들고 다니는건가요??,2025-07-17
208,anunu.kr_2025-07-16,klw._.05,오 짱커,2025-07-16
209,anunu.kr_2025-07-16,geige_jihye,초록키위는 유제품과 만나면 쓴맛이납니다 유제품과 먹을때는 골드키위로~~~,2025-07-25
210,anunu.kr_2025-07-16,hayuni376,오,2025-07-16
211,anunu.kr_2025-07-16,coffee.baking.hwang.madam,"키위가 효소가 풍부한데, 배불러도 끝도 없이 먹어질것 같아요^^ 맛있겠네요",2025-07-16
212,anunu.kr_2025-07-16,cetullii,눈썹 plz🙏🏻,2025-07-17
213,anunu.kr_2025-07-16,zzang_gu_joa,@_c_o_o_o_l_ @ssllllbbllnnyy @rn_jxn9 몽골의 유제품이라...,2025-07-20
214,anunu.kr_2025-07-16,slow.b__,@sdmyung9 몽키먹자,2025-07-26
215,anunu.kr_2025-07-15,food_play88,와 진짜 궁금쓰 ㅋㅋㅋㅋㅋ,2025-07-16
216,anunu.kr_2025-07-15,cy.dana_,저거 미국 한인마트에 3개 묶음으로 팔던뎈ㅋ,2025-07-29
217,anunu.kr_2025-07-15,moooz_28,오 먹어보고 싶네요!!,2025-07-15
218,anunu.kr_2025-07-15,xvuu,ㅋㅋㅋㅋㅋㅋㅋㅋㅋㅋㅋㅋ 다시 생각해봐도 웃겨부러요 한국에도 들어와달라!!! 과일아스크림!!,2025-07-15
219,anunu.kr_2025-07-15,kittenkatten1,화장실에서 드시는건가요?,2025-07-15
220,anunu.kr_2025-07-15,klw._.05,오 궁금행,2025-07-15
221,anunu.kr_2025-07-15,haein0107,그거 젼언니가 먹고싶어하셨는데..,2025-07-15
222,anunu.kr_2025-07-15,2065._.625,그거 h mart 에 더 있는데염 ㅠ😢,2025-07-23
223,anunu.kr_2025-07-15,jnyxin_104,2빠,2025-07-15
224,anunu.kr_2025-07-15,lee.hyunsil,@jiheedas2 엌ㅋㅌㅌ쌤 이거에옄ㅋㅋㅋㅋㅋㅋㅋㅋ,2025-07-18
225,anunu.kr_2025-07-15,island.mee,@ji.n2e 몽골 헛다녀온느낌,2025-07-20
226,anunu.kr_2025-07-15,mmm_j26,@jmj_._._ 몽골 아이스크림 고,2025-07-15
227,anunu.kr_2025-07-14,kiki6rara,初めて見るモモのかたち笑笑😍,2025-07-14
228,anunu.kr_2025-07-14,cha_cha_______,요거트 땡긴다ㅠㅠㅠㅠㅠㅠ사러가야지,2025-07-14
229,anunu.kr_2025-07-14,hannahkim0926,요거트랑 수박이 진짜 존맛임 진짜로,2025-07-24
230,anunu.kr_2025-07-14,s2eulb_,요거트 통 손민수 하고 싶어요우🥲🫣🙇‍♀️,2025-07-14
231,anunu.kr_2025-07-14,jinsoooosnij,근데 저기 다먹었는데 통안에 남아있는거 좀 아깝지 않나요..?좀 그렇지만 전 저거 아까워서 끝까지 햛타 먹는데...,2025-07-20
232,anunu.kr_2025-07-14,kim_stxx2,와ㅋㅋㅋ통을 한국에서 정말 진심이시군요😂저도 요거트 사면 6개 들은거 그 자리에서 해치웁니다,2025-07-14
233,anunu.kr_2025-07-14,ggg_123.23,몽골 사람인데유 몽골 가셨다는게 너무 자랑스러움요 ㅜㅜ 유제ㅠㅜㅁ,2025-07-16
234,anunu.kr_2025-07-14,gmh6398,납작복숭아 먹어보고싶다,2025-07-14
235,anunu.kr_2025-07-14,idongug4191,맛없없,2025-07-21
236,anunu.kr_2025-07-14,mintpeachglass,와 과즙소리…허헝ㅠ,2025-07-27
237,anunu.kr_2025-07-14,ahnhaeyo,침 좔좔 나옴 기절,2025-07-18
238,anunu.kr_2025-07-14,c_hxa.1,납작복숭아가 진짜 납작하네 ㅋㅋㅋ,2025-07-18
239,anunu.kr_2025-07-14,yooonjoo_,@by_eunju 아... 납복 먹규싶다...,2025-07-17
240,anunu.kr_2025-07-14,jung_jhhhhhh,@qlrtnwlswwk @hyungwon7543 @ti_silver12 납작복숭아 먹어!,2025-07-17
241,anunu.kr_2025-07-12,chloe_20140618,저도 저거 미국에서 집 냉동실에 있길래 망고랑 복숭아 둘다 있길래 먹어봤는데 진짜 맜잇어요!!,2025-07-12
242,anunu.kr_2025-07-12,cherryismyfavorite,헐 난 이거 맛 옶던데,2025-07-12
243,anunu.kr_2025-07-12,seolraon6,왜 화장실에서 먹음?,2025-07-12
244,anunu.kr_2025-07-12,seoyeon_mandy4,와 맛있겠다,2025-07-12
245,anunu.kr_2025-07-12,k.__.ay,저거 이름이 뭔가요?,2025-07-13
246,anunu.kr_2025-07-12,seeun11290,저도 주세요🙌,2025-07-12
247,anunu.kr_2025-07-12,zitten__,바작바작 소리듣고시픈데 배경음이 넘 커요,2025-07-12
248,anunu.kr_2025-07-12,lee_young914,빨리 와따 오예,2025-07-12
249,anunu.kr_2025-07-12,whatgoesarounddddd,이거 크림처럼 좀 느끼하고 생각보다 별로… ㅠ,2025-07-13
250,anunu.kr_2025-07-12,ch3_won,두바이에도 팔아요!!,2025-07-17
251,anunu.kr_2025-07-12,romance14age,젤라또 처럼 먹어주세요,2025-07-12
252,anunu.kr_2025-07-12,klw._.05,오 진짜 과일 같아요,2025-07-12
253,anunu.kr_2025-07-12,k__huiji,@its_ella.heo 헤액 이거 호주에 판다는데 먹어봤어????,2025-07-14
254,anunu.kr_2025-07-12,dohee721,@xhxhfl_ham 호주에 있으니까 뉴질랜드에도 있겠디????,2025-07-15
255,anunu.kr_2025-07-12,______25u,@yaandu_ 호주녀 드셔바,2025-07-12
256,anunu.kr_2025-07-12,ssoooopink,화쟝실 …?,2025-07-12
257,anunu.kr_2025-07-12,zziun_e,@yering_2 @kingkang_u @_ssssssso_0 @zi_woooon 몽골 GS25 아이스크림 메모...📝,2025-07-16
258,anunu.kr_2025-07-12,k.keonhyeong11,중국에도이쓰는데,2025-07-13
259,anunu.kr_2025-07-12,gimdanggeun33,젼언니도 예전에 먹고싶다했는데ㅠㅠ,2025-07-13
260,anunu.kr_2025-07-12,ggg_123.23,몽골 가셨군요!!!,2025-07-13
261,anunu.kr_2025-07-12,tamireuta,몽골이여? 몽골 살면서 몰랐는데,2025-07-13
262,anunu.kr_2025-07-12,curlysueloves,조선족이냐,2025-07-13
263,anunu.kr_2025-07-12,w.o.o.j.i.n_bingbangbongbang,파우더 아닌가요,2025-07-13
264,anunu.kr_2025-07-12,ya_baliyo,눈썹 무슨일,2025-07-14
265,anunu.kr_2025-07-12,kim_delay1207,왜 욕실에서 드세요?,2025-07-14
266,anunu.kr_2025-07-12,inzilove,이거 코로나때부터 유행했던건데…,2025-07-14
267,anunu.kr_2025-07-12,haze1park,갠적으론 둘다 정말 별로였습니다,2025-07-14
268,anunu.kr_2025-07-12,a._.hyeon190304,누누님… 제발 드셨던 요거트 모아서 보여주세요 ㅜ 요거트 먹고싶은데 먹는 것 마다 밍밍하고 너무 묽어서.. ㅜ,2025-07-14
269,anunu.kr_2025-07-12,ooalissoo,"이거 그냥 망고, 복숭크림얼린맛이에요… 진하지도않고.. 위에 초코는 왁스… 저만느끼는거아니죠??",2025-07-14
270,anunu.kr_2025-07-12,xcoai_07,나 호주사는데 ... 😢 근데 디게 비싸요..,2025-07-14
271,anunu.kr_2025-07-12,kim_stxx2,아니ㅋㅋㅋ 이거 그냥 보면 과일퍼프?...,2025-07-15
272,anunu.kr_2025-07-12,hy.xj1_n,저거 레몬 맛도 있는데 개 맛있음,2025-07-15
273,anunu.kr_2025-07-12,csn130514,거기 밑에 열면 막대 나오는데,2025-07-16
274,anunu.kr_2025-07-12,lee_anita_lee,마싯겟다,2025-07-17
275,anunu.kr_2025-07-12,smxly_1004,그거 상해 편의점에서도 팔아요옹,2025-07-18
276,anunu.kr_2025-07-12,jjh._.83,이분 그 노이즈나오신분 아닌가요?,2025-07-20
277,anunu.kr_2025-07-12,hn.yxo4,복숭아 중국에서 파는데 복숭아맛 방구향 나던데,2025-07-20
278,anunu.kr_2025-07-12,leenamjin0329,저 몽골사는데,2025-07-23
279,anunu.kr_2025-07-12,margadlavbish,Mongolian icecream??,2025-07-24
280,anunu.kr_2025-07-12,slow.b__,@sdmyung9 이거다 이거먹자,2025-07-26
281,anunu.kr_2025-07-12,dinosaur.8640179,얼려서도 먹으면 맛있겠당😍,2025-07-27
282,anunu.kr_2025-07-12,y3nax_,저도 몽골에서 먹어봣는데 개미친놈임 망고맛이 몽글모읔ㄹ하게나서 더맛딧음,2025-07-29
283,anunu.kr_2025-07-11,rami__0216,메론팝핑 말고도 다른 팝핑 시리즈도 똑같이 녹아서 당황스럽긴한데 맛은 나쁘지 않아서 먹기는 좋더라구요ㅋㅋㅋ 드럼스틱 나오면 바로 사먹어봐야겠다 이히히,2025-07-11
284,anunu.kr_2025-07-11,enxch._.312,바닥 드럼스틱으로 고정해둔거 뭐에요 ㅋㅋㅋㅋㅋ,2025-07-11
285,anunu.kr_2025-07-11,klw._.05,새벽에보니 배가 고프다요,2025-07-11
286,anunu.kr_2025-07-11,r.ahxn_,오리 젤리 오랜만에 본다,2025-07-25
287,anunu.kr_2025-07-11,na_yun1.7,누누님 엿동결건조 와삭나오신거 아시나유..?전 첨에 아누누님껀줄 알앗는데 이름이 달라서 함 댓글 달아봅니다..,2025-07-12
288,anunu.kr_2025-07-11,tanya_prank,"Ааа?! Я думала, что тебя посадили в тюрьму…хорошо, что ты в порядке",2025-07-11
289,anunu.kr_2025-07-09,na_yun1.7,저두 궁채 먹어보구 싶네요ㅠㅠ궁채는 무슨맛인가유..?,2025-07-09
290,anunu.kr_2025-07-09,bagjiu5255,잘했오요!!!,2025-07-10
291,anunu.kr_2025-07-09,so.jiox,와 궁채의 오독오독소리.. 제 엄마가 반찬으로 궁채나물볶음을 사온적이 궁채와의 첫만남이였는데 맛있는 오독오독소리를 여기서 듣게된다니😍 진짜 너무 맛있겠다요,2025-07-15
292,anunu.kr_2025-07-09,seoseobr11,양파짱아찌처럼 짱아찌 만들어먹으면 진짜 맛있어요 👍,2025-07-13
293,anunu.kr_2025-07-09,juntl_4848,카모 모자 멋있으시네요❤️,2025-07-09
294,anunu.kr_2025-07-09,jjin.jjin01,이거 해봐야지❤️❤️❤️,2025-07-10
295,anunu.kr_2025-07-09,d.ela_y13,맛있겠당,2025-07-13
296,anunu.kr_2025-07-09,siuan.1828,맛있겠다,2025-07-10
297,anunu.kr_2025-07-09,xin______xx___,머리카락 땋듯이 하면 되는데 남자분이라 어려우신가보군요😂,2025-07-09
298,anunu.kr_2025-07-09,a_hyex,오이로 만든건가욮,2025-07-27
299,anunu.kr_2025-07-09,groac6,끓는기름으로 해서 버무려야되요😢 완전 다른맛인데,2025-07-09
300,anunu.kr_2025-07-09,oh.mon_dieu,궁채 !! 식감 대박 침 고여요 😢,2025-07-10
301,anunu.kr_2025-07-09,yangyebin976,그게 소스랑 같이 숙성하고 먹으면 소스 맛이 더 잘나서 맛있어여,2025-07-15
302,anunu.kr_2025-07-09,slsma_15,이쁘게 땋을려면 일정한 힘으로 땋아야 해요 그래도 간격 안맞으면 중간중간 매듭 사이를 당기면서 간격 맞춰주면 이쁘게 잘 땋아져여!!,2025-07-10
303,anunu.kr_2025-07-09,yunzzaang,@s_ehiee,2025-07-20
304,anunu.kr_2025-07-09,kim_ccozilccozil,👈👈궁채사실분은,2025-07-10
305,anunu.kr_2025-07-09,gimtaeeun6721,포크를 테이프나 무거운물건으로 고정하면 더 쉽게 할수있어요,2025-07-10
306,anunu.kr_2025-07-09,_.to_ri._,@kyk877 궁채... 사봐야겟지?,2025-07-20
307,anunu.kr_2025-07-09,yx.uz3,누가 젼언니 태그 해봐요오,2025-07-24
308,anunu.kr_2025-07-09,ihaein9161,그거 바닥에 놓고 땋으면 더 이쁘게 땋아질걸요??,2025-07-11
309,anunu.kr_2025-07-09,coffee.baking.hwang.madam,쌈장 찍어서 물에 밥말아먹으면 맛있겠네요.,2025-07-09
310,anunu.kr_2025-07-09,kkkkkye_,ㅣ,2025-07-13
311,anunu.kr_2025-07-09,cetullii,볼때마다 빡침,2025-07-12
312,anunu.kr_2025-07-08,dongmindonz,수없는 씨박 최고❤️,2025-07-08
313,anunu.kr_2025-07-08,gimseojun5478,너무 오랜만,2025-07-09
314,anunu.kr_2025-07-08,se_eun0907,파삭 살려고 계속보는데 제고가없어요...ㅜ,2025-07-10
315,anunu.kr_2025-07-08,klw._.05,오 맛있겧당 시겨먹어봐야징,2025-07-09
316,anunu.kr_2025-07-08,gangharang8,나 정읍사는데? 수박에 정읍시라고돼있었음,2025-07-09
317,anunu.kr_2025-07-08,juntl_4848,찾았다 내 소울워터멜론,2025-07-09
318,anunu.kr_2025-07-08,dididittangwoni,이건 요거트에 안찍어드시나용??😍😍,2025-07-08
319,anunu.kr_2025-07-08,kiki6rara,高いけど、種が一つもないんだ👏🏻👏🏻👏🏻🩷🩷,2025-07-08
320,anunu.kr_2025-07-08,matc.ha5578,저 예전에 씨 없는 수박 샀다가 일반 수박보다 씨가 더 많은 수박 받았어요...,2025-07-09
321,anunu.kr_2025-07-08,jjun01_14,정읍와주세요.,2025-07-13
322,anunu.kr_2025-07-08,je.3xn_,내가사는이 정읍??,2025-07-09
323,anunu.kr_2025-07-08,coffee.baking.hwang.madam,씨없는 수박이 나온지가 꽤 됐는데요,2025-07-09
324,anunu.kr_2025-07-08,zjavhwn,ㅈㄴ 쩝쩝대네,2025-07-09
325,anunu.kr_2025-07-08,hoihey000,리뷰 궁금했는데 감사해요,2025-07-09
326,anunu.kr_2025-07-08,taiy0206,약 뿌려서 그래여,2025-07-09
327,anunu.kr_2025-07-08,ju.mi5339,케케크롱~,2025-07-09
328,anunu.kr_2025-07-08,anjun8981,얼마임?,2025-07-10
329,anunu.kr_2025-07-08,skrrskrrrrrrrrrrr11,와머리진쩌잘어울려욥,2025-07-10
330,anunu.kr_2025-07-08,vx.e1n_,머리가 저래두 잘생겼냐ㅠㅠㅠㅠ,2025-07-10
331,anunu.kr_2025-07-08,hx_xn0_0,요플레 가야지~~,2025-07-11
332,anunu.kr_2025-07-08,iloveubabypolarbear,어디서사셨는지 정보가궁금해요🥺,2025-07-12
333,anunu.kr_2025-07-08,kelia.oh,미국에 씨없는수박 엄청 많아요..! 심지어 그냥 한국 수박보다 싸요......,2025-07-13
334,anunu.kr_2025-07-08,a._.hyeon190304,미국 사는데 미국 마트에 파는 수박은 씨가 다 없어요!,2025-07-14
335,anunu.kr_2025-07-08,fung240714,정읍 수성동 사람,2025-07-14
336,anunu.kr_2025-07-08,park.32024,오 정읍사는데,2025-07-15
337,anunu.kr_2025-07-08,le.jwxdns,❤️❤️❤️,2025-07-17
338,anunu.kr_2025-07-08,the_boynextdoor14,저거 존맛임,2025-07-19
339,anunu.kr_2025-07-08,2x_hyexn_,아 손등에 뭔가했는데 젼언니 타투스티커내,2025-07-19
340,anunu.kr_2025-07-08,8l8882025,진짜!!!!!! 먹!!고!!싶!!어!!요!!!!,2025-07-20
341,anunu.kr_2025-07-08,atfc_1_ty_gk,저 정읍ㅈ사는데😍,2025-07-24
342,anunu.kr_2025-07-07,natuh3475,어디거예요?,2025-07-10
343,anunu.kr_2025-07-07,skceitl,파삭이 신메뉴인줄 알았어요,2025-07-09
344,anunu.kr_2025-07-07,klw._.05,밤에보니까 배고파요,2025-07-07
345,anunu.kr_2025-07-07,xoxixxo,누누님 싱크가 안맞아용 제폰만 그런가 ㅜㅜ,2025-07-07
346,anunu.kr_2025-07-07,hxuna81_,어디서 사셨나요,2025-07-08
347,anunu.kr_2025-07-07,nana_youngrongkim,아우 뱌고파졋어 ㅠㅠ ㅋㅋ,2025-07-07
348,anunu.kr_2025-07-07,haru_meals_,와.. 군침이🤤,2025-07-07
349,anunu.kr_2025-07-06,grapefruitholic,약과 동결건조 가나요?!,2025-07-07
350,anunu.kr_2025-07-06,norutagram,이거 꿀떡 개맛있음,2025-07-06
351,anunu.kr_2025-07-06,happpyhyun0l,저도 먹고 시퍼여..,2025-07-08
352,anunu.kr_2025-07-06,_jjgw0n,잘생겼어요ㅜㅜ 사랑해요❤️,2025-07-06
353,anunu.kr_2025-07-06,klw._.05,우왕 맛있겠당,2025-07-06
354,anunu.kr_2025-07-06,gweongyeongrog45,안은우님 프라임 아이쇼스피드맛얼려서 먹어주세여!!!!!(완전맜잇어요,2025-07-25
355,anunu.kr_2025-07-06,dear_yoonee_91,요거꿀떡 동결건조해서 요거트 찍먹하면 대박일거같은디...😍.,2025-07-06
356,anunu.kr_2025-07-06,mindi_like,안녕하세요 사장님 제것좀 챙겨주세요,2025-07-06
357,anunu.kr_2025-07-06,blu_r486,약과는 진짜 별로던데 😢😢 요거꿀떡이 젤나음... 다른건 글쎄!?,2025-07-06
358,anunu.kr_2025-07-06,2kyun___,훔칠애,2025-07-06
359,anunu.kr_2025-07-05,stephaniekimchi,소스까지!!! 다시!!!!! 해주세여 !!!!!,2025-07-05
360,anunu.kr_2025-07-05,rami__0216,궁채 쌈장소스랑해서 버무려도 맛있구 들깨소스랑도 어울리구 완전 마성의 채소예요🥹💜,2025-07-05
361,anunu.kr_2025-07-05,skr0118,6세부터 궁채 짱아찌에 빠진 아들 ㅋㅋ 아삭아삭 식감때문에 좋아해요 ㅋㅋㅋ 궁채 몸에 아주 좋쵸 ㅋㅋ,2025-07-07
362,anunu.kr_2025-07-05,jeon_unni_,하아ㅠ누누님 내가 양념 무쳐주고싶다 흑 내동생 집으로오세요😂😂😂😂,2025-07-05
363,anunu.kr_2025-07-05,mumu.31,아누누님 어제 홍대 가셨나용..? 비슷하신 분 봤는데 맞는지 아닌지 헤ㅛ갈려서 인사 못 했거둔용😢,2025-07-05
364,anunu.kr_2025-07-05,diligeeetfacquodvis,궁채 짱아띠 맛있어요ㅠㅠㅠ먹어주세용,2025-07-06
365,anunu.kr_2025-07-05,ocean_flamingo_,贡菜涮火锅很好吃,2025-07-15
366,anunu.kr_2025-07-05,puspitanurulhikmah_,Dia makan apa?,2025-07-15
367,anunu.kr_2025-07-05,sujinmi54,오오~ 저는 들깨가루소스에 버무려 먹었어여8,2025-07-05
368,anunu.kr_2025-07-05,dagaall.hanbok,ㅋ.ㅋ 장아찌담아먹어도 꿀맛이라지요~,2025-07-05
369,anunu.kr_2025-07-05,nayuuuuuuun0327,들깨궁채 무침 개맛있는데,2025-07-13
370,anunu.kr_2025-07-05,_yx_ch7,그냥 3개 한번에 먹으면 되는거 아니냐..,2025-07-06
371,anunu.kr_2025-07-05,klw._.05,오 잘 만드신당 누누님 👏,2025-07-05
372,anunu.kr_2025-07-05,fedwstd,🤤😂,2025-07-10
373,anunu.kr_2025-07-05,zizon4topgulbi,@powerbuttgirl,2025-07-07
374,anunu.kr_2025-07-05,goodzamipp,이분 옆집남자 그분이예여?,2025-07-08
375,anunu.kr_2025-07-05,tlsqlwndml44,"궁ㅊㅐ보단
무말랭이가 맛있는데
또 궁채 유행하나부네",2025-07-06
376,anunu.kr_2025-07-04,lse_t.diary,수고하셨어요!!,2025-07-04
377,anunu.kr_2025-07-04,u_maru__,진짜 개마싯음 ㅡㅡ!!,2025-07-05
378,anunu.kr_2025-07-04,adore_ryoung,먹어볼 기회가 생길까😢,2025-07-04
379,anunu.kr_2025-07-04,yeoqbu0104,헐이제 물먹은소리안나요,2025-07-05
380,anunu.kr_2025-07-04,yoona_alice,제ㅔ발ㄹ라라라ㅏㅏ랄 요거트에 삽립호떡찍어 먹어주세여ㅕㅕㅕㅕㅕㅕ,2025-07-06
381,anunu.kr_2025-07-04,"제바루ㅜㅜㅜ
luv___rim90",대구도 팝업 해주세요 👏👏👏,2025-07-04
382,anunu.kr_2025-07-04,bora8764,@1.__.80_s 슨내가 안준 파사삭이다...,2025-07-10
383,anunu.kr_2025-07-03,breaders__,"아누누님 피드에 달덩이 착륙,,, 감동 ♥",2025-07-09
384,anunu.kr_2025-07-03,aaslool__,휘낭시에 어디꺼에여??,2025-07-07
385,anunu.kr_2025-07-03,yoona_alice,제ㅏ발 삽립호떡에 요거트 찍어먹거주세요ㅠㅠㅠㅠ,2025-07-06
386,anunu.kr_2025-07-03,corner.suite,제 선물도 리뷰해주세요,2025-07-04
387,anunu.kr_2025-07-02,arom_bake,트러플버터 의외로 오?!고급스러운맛이에요!🤩,2025-07-03
388,anunu.kr_2025-07-02,dongyul_ee,팝업 수고하셨습니당👏👏,2025-07-02
389,anunu.kr_2025-07-02,s2eulb_,트러플버터 진짜 궁금하다요😢,2025-07-02
390,anunu.kr_2025-07-02,ju___heep,전 두바이이... 최애맛..❤️,2025-07-03
391,anunu.kr_2025-07-02,ahraking_,"트러플 버터 처음엔 엥? 햇는데 계속 생각남,, 아 맛잇겟다,,,",2025-07-04
392,anunu.kr_2025-07-02,ahraking_,아 또 봐버렸어…트러플 당장 와구와구 먹고싶다..,2025-07-09
393,anunu.kr_2025-07-02,hongji_yam,두바이초코 짱이야요~❤️,2025-07-02
394,anunu.kr_2025-07-02,hi_zihwan,한정선을 저만큼 살수있는 권력이 대박부러워요😮,2025-07-02
395,anunu.kr_2025-07-02,bana.naim,저거 망고랑 쑥 개마싯는데ㅜㅠㅓㅜ,2025-07-03
396,anunu.kr_2025-07-02,h_yun.xeo,통귤탕후루에 익숙해져서 통귤 찹쌀떡을 ㅋㅋㅋㅋㅋㅋㅋㅋㅋ,2025-07-04
397,anunu.kr_2025-07-02,smi__s2,@s__eon_hye 전주 내려올때 구해오거라..,2025-07-07
398,anunu.kr_2025-07-01,s2eulb_,플레인 먹어봤는데 맛있었어요 !!! 왕꾸덕 그자체...,2025-07-02
399,anunu.kr_2025-07-01,klw._.05,와.. 아침부터 보니까 배고프다요 누누님,2025-07-02
400,anunu.kr_2025-07-01,jasdjfir,오우 소리도 안 했으면 좋겠어요😂😂,2025-07-06
401,anunu.kr_2025-06-28,kingjjingyoung,요거트를 만드셔야할 것 같아요😂😂😂 요거트가 제일 자주 나와용ㅋㅋㅋㅋㅋ,2025-06-29
402,anunu.kr_2025-06-28,rudal92,바로주문햇어용 쿠팡에서 기대중!!!,2025-07-14
403,anunu.kr_2025-06-28,jimi_gim,어디서 사요?,2025-07-01
404,anunu.kr_2025-06-28,hyeo_seon,나도 좋아하는 뎅,2025-07-24
405,anunu.kr_2025-06-28,0.eunp,어디서 사요🥺,2025-07-28
406,anunu.kr_2025-06-28,haeerin0417,이거 진차 맛나는 꽈베기에요~~ 빵돌이 신랑이 두박스 샀는데 하루반나절 만에 순삭!,2025-06-29
407,anunu.kr_2025-06-28,tiannnnshi888,아잉.. 꽈배기 진짜조아하는데..,2025-06-30
408,anunu.kr_2025-06-28,eden___house,구매처 ... 주세요 .. 😭,2025-07-01
409,anunu.kr_2025-06-28,klw._.05,맛있당 냠냠 누누님 저도 한입만요,2025-06-28
410,anunu.kr_2025-06-28,yong43400,와우대박😍😍👏,2025-07-12
411,anunu.kr_2025-06-28,h_j030717,@young.916 개머싯게따,2025-07-14
412,anunu.kr_2025-06-28,dmswjd941,@merry_miaeng 언니 스타일일듯,2025-07-01
413,anunu.kr_2025-06-28,breath_in_7,@r.__.nda 완전 예리 스타일 아냐???,2025-07-02
414,anunu.kr_2025-06-28,di.syo,@a.__.ln,2025-07-25
415,anunu.kr_2025-06-28,23.36n,@pm17.21_,2025-07-04
416,anunu.kr_2025-06-24,s2eulb_,쑥맛 파삭 너무 기대 돼요..,2025-06-25
417,anunu.kr_2025-06-24,"역대급 레전드 존맛일듯 ㅜㅜ😢
raoxh1",맛있겟네요… 혹시 누누님의 거의 시그니처 요거트 맛은 어떠신지요?,2025-06-24
418,anunu.kr_2025-06-24,rami__0216,이러면 팥맛도 나와야겠는데요?!! 완전 맛있어보여요!!,2025-06-24
419,anunu.kr_2025-06-24,jisol_aa,언제살수있어요😢😮,2025-06-24
420,anunu.kr_2025-06-24,oywotp,"쑥맛도 기대됩니다 할미입맛계열로 팥맛,검은콩맛 생겨도 맛있을거같아요😢",2025-06-25
421,anunu.kr_2025-06-24,onedoor._.1102,초코맛도 해주세여,2025-06-29
422,anunu.kr_2025-06-24,esc_studio,진짜...머리 좋다;;;,2025-06-24
423,anunu.kr_2025-06-24,sn_muk,내꺼 남겨 놓으슈,2025-06-24
424,anunu.kr_2025-06-24,y.eunnx,"궁금한 맛이다,,,",2025-06-24
425,anunu.kr_2025-06-24,ranhuikiki,쑥맛!?!? 우왓 완전 특이햇,2025-06-25
426,anunu.kr_2025-06-24,jimin_jibob,먹을줄 넘 아신다 쑥과 콩고물이라니!,2025-06-25
427,anunu.kr_2025-06-24,newjjubbyutjju,해시태그 파식으류 오타났어요!!!,2025-06-24
428,anunu.kr_2025-06-24,joox2dotcom,한그릇 쑥삭,2025-06-24
429,anunu.kr_2025-06-24,qkskskwoa,벽돌케이크 동결건조!!,2025-06-25
430,anunu.kr_2025-06-24,fromseohee,진짜... 역대급 신상.. 모두 파삭하세요💚✨🌿🤭,2025-06-24
431,anunu.kr_2025-06-24,yoongtory,쑥파삭도 온라인 구매 가능한가요?? 더현대 팝업에서만 살수있어요?ㅠ.ㅠ,2025-06-24
432,anunu.kr_2025-06-24,yuwzzan,인절미맛 ㄱㄱ,2025-07-04
433,anunu.kr_2025-06-24,grapefruitholic,요거트에 인절미가루 떡고명대신 쑥파샥 올려주고 컵빙수/컵요거트볼 메뉴로 ㄱㄱ,2025-06-25
434,anunu.kr_2025-06-24,zeromouse_1.2.2.2,"흑임자, 고구마, 앙금, 쑥도 출시해주세요!!",2025-06-26
435,anunu.kr_2025-06-24,kek.2432,흑임자 파삭 드가쟝~~!!,2025-06-26
436,anunu.kr_2025-06-24,bomitkfkd,인터넷엔 안팔아요?ㅜㅜ,2025-06-25
437,anunu.kr_2025-06-24,cutie_0701,초코맛두,2025-06-25
438,anunu.kr_2025-06-24,h_sin_min_tang,파삭❤️❤️,2025-06-25
439,anunu.kr_2025-06-24,jae_korean,파삭❤️❤️,2025-06-25
440,anunu.kr_2025-06-24,bba_ang_g,파삭 너무 먹어보고 싶어서 매일 1일1파삭 먹방만 보고 있어요ㅠㅠ🤍 거기다 제가 요거트에 환장하는데 요거트와 조합 너무 궁금해요!!,2025-07-01
441,anunu.kr_2025-06-24,the_hyundai,💙,2025-06-24
442,anunu.kr_2025-06-24,__u.day.__,파삭 궁금해용🙌,2025-07-01
443,anunu.kr_2025-06-24,soooozzzzang,저요제발저요 제친구 아누누오빠랑 하이디라오에서 사진도찍엇어뇨 오빠팬이에요ㅠ 저먹어보고싶어요퓨ㅠㅠ @7i4pm,2025-06-28
444,anunu.kr_2025-06-24,sejeong900,"#파삭 팝업이라니,,🥹🌠🧡 #아누누팝업 #더현대서울 늘 응원합니다아 @firebaek_",2025-06-24
445,anunu.kr_2025-06-24,ann51,우와 아누누님 파삭 넘 먹어보고파요 게다가 쑥맛이라니 캬 @daegyu_kim,2025-06-24
446,anunu.kr_2025-06-24,hyerinhong,@cy_oub 너무 먹고싶다 너무 궁금하다 !!!!!!!!!!!! 사무실에서 1분 거리인데 사줫으면 좋겠다!!!!!!!,2025-06-26
447,anunu.kr_2025-06-24,hihe_39,파삭 너무 궁금해요오!! 동결건조엿 상상이 안가는 맛이라 넘 궁금궁금 ... @to.lovaa,2025-06-24
448,anunu.kr_2025-06-24,isoonzy,아누누 파삭 매일 영상으로만 봤는데 너무 먹어보고 싶어요...😮❤️ @chaen._.e_ @hs6267,2025-06-24
449,anunu.kr_2025-06-24,somdally,@zzinazzang._.v 진아야 이거 넘 먹고 싶다 후하하,2025-06-24
450,anunu.kr_2025-06-24,floyangg,같이 먹장🩵🍀 @youu.ri,2025-06-24
451,anunu.kr_2025-06-24,rosaliekim_,@gant1434 나 진짜진짜 먹고싶어 맨날 품절이어서 슬펐어,2025-06-24
452,anunu.kr_2025-06-24,sw22t_b,쑥맛 파삭 너무 맛있겠다 @joedajoa,2025-06-24
453,anunu.kr_2025-06-24,titicaca_art,파삭이름 넘 잘지으셨다..🙌 더현대가서 꼭 들를게요😍 @j_island2020,2025-06-27
454,anunu.kr_2025-06-24,kanasimi83,파삭🔥,2025-06-25
455,anunu.kr_2025-06-24,bbbang._.chungi,@ya_gomi 맛있는거 같이 먹어요..💚,2025-06-27
456,anunu.kr_2025-06-24,skycici,@susususu8258 파삭 먹어보자 💛💚🧡,2025-06-24
457,anunu.kr_2025-06-24,dday._.haru,너무 먹고싶댜.. @zoo___p,2025-06-25
458,anunu.kr_2025-06-24,ming_martre,먹으러갈까여?😮 @leeleey__,2025-06-24
459,anunu.kr_2025-06-24,leroisme,제일질투나는사람,2025-06-25
460,anunu.kr_2025-06-24,"쑥맛파삭먹어본사람
im1____",@g1boyy 헉ㄱ헉허라렇ㄹㄹ러헐학ㄱ핡ㄱ하그핡ㅠㅠㅜ하엉ㅇ파견나와서 못사러가ㅠㅠ,2025-06-24
461,anunu.kr_2025-06-24,"쑥맛은 직접가서만 살수있는겨?
krissp.day",@s_ss0116 파삭 먹으러 가쟈아😍❤️,2025-06-26
462,anunu.kr_2025-06-24,jhh_0106,@hyo9riing 나 쑥맛 부탁해놨다,2025-06-26
463,anunu.kr_2025-06-24,dbst_qh,@moi.heureux 허얼 이게 팝업을 하네 와 너무 가고싶다 그때 홍대 이상한과자가게에서 못산게 너무 한이돼 ... ㅜㅜㅜㅜㅜ,2025-06-27
464,anunu.kr_2025-06-24,kyuu_810,친구가 요거트 진짜 좋아하는데 요거트에 파삭 넣어서 친구랑 같이 먹어보고싶어욤!,2025-06-28
465,anunu.kr_2025-06-24,sumxny_,이번에 가서 파삭 머그까 @ujin3843,2025-06-26
466,anunu.kr_2025-06-24,d_oeeng,파삭!❤️@moonyj.0331,2025-06-25
467,anunu.kr_2025-06-24,rim510_,@_wisdom_98 내일 휴가내고 바로가.,2025-06-25
468,anunu.kr_2025-06-24,dabin6421,@jlioyvooen 좋아할꺼 같애 요거트에 퐁당해서 같이 묵장!,2025-07-02
469,anunu.kr_2025-06-24,bboo.lindsey,@woo_nyong 파삭 쑥맛!! 오늘 더현대 가볼까💚💚,2025-06-28
470,anunu.kr_2025-06-24,hermosomj_,"@ichionz 이거이거이거 유명한거,,꼭 먹어봐야만해,, 무족권 사러가자,,,,,,,,,🔥🔥",2025-06-24
471,anunu.kr_2025-06-24,happyyyyy525,동결건조 엿이라니 진짜 궁금한 디저트..!!!🤤 @beasonyeo @tidlsl525,2025-06-30
472,anunu.kr_2025-06-24,haetsal_o,@binbeing_ 언니 이거 사줘! 파삭 나에게로 와..내일이 마지막 날이라니..당장 가야됨..,2025-07-01
473,anunu.kr_2025-06-24,leeseul7096,우리딸이 먹어보고 싶다고한 동결건조 엿 파삭⚪️🤍 쑥맛도 출시했다니🟢💚 엿 좋아하는 엄마두 딸이랑 같이 먹구싶어요!! #동결건조엿#파삭#아누누#현대백화점#더현대 @sun_riese @twenty1_s.y,2025-06-28
474,anunu.kr_2025-06-24,w_gfkuo,@lnxexon 제발 저요,2025-06-30
475,anunu.kr_2025-06-24,hana__s2s2,@nara_escape 오빠 가자ㅠㅠ😢😢,2025-06-24
476,anunu.kr_2025-06-24,ylangerhans,"같이 가줄 사람 @zinaciq, @kimminxx, @gyooni__",2025-06-27
477,anunu.kr_2025-06-24,ahnhaeyo,ㅇ ㅏ니품절머선일 ㅠ00ㅠ,2025-06-27
478,anunu.kr_2025-06-24,hyeon_ssuk_,파삭❤️❤️ @contigo_0321,2025-06-24
479,anunu.kr_2025-06-24,hyoshullaeng,@junparkyeol #파삭 팝업 가 볼까요? 쑥맛 #동결건조엿 도 궁금해요! 😆,2025-06-24
480,anunu.kr_2025-06-24,6.___.g,"@sol._.los, @xbomxis @hx_xjoo @thfql_w 파삭 같이 먹자용가리",2025-06-24
481,anunu.kr_2025-06-24,luckyee__,@leejipage 쑥맛 대박궁금하다!!!,2025-06-24
482,anunu.kr_2025-06-24,kdhbm,@mminjeongg 더현대가고슆돠ㅜ 저거 먹고싶돠ㅜ,2025-06-24
483,anunu.kr_2025-06-24,lalau_laurenrhee,@rainy_adela 맛있겠ㄷ...,2025-06-24
484,anunu.kr_2025-06-24,rinzuna1,파삭 같이 먹자,2025-06-24
485,anunu.kr_2025-06-24,yexn_99,파삭,2025-06-24
486,anunu.kr_2025-06-24,_berryjamjam,먹어보고싶어요❤️❤️❤️❤️❤️❤️❤️😍 @ourjourneyer,2025-06-24
487,anunu.kr_2025-06-24,ssonghui_._,파삭,2025-06-24
488,anunu.kr_2025-06-24,coemiae349,파삭,2025-06-24
489,anunu.kr_2025-06-24,aahhffl,@o_o___i.58 아악 먹어보고싶어,2025-06-24
490,anunu.kr_2025-06-24,sin_min_tang,파삭❤️❤️,2025-06-24
491,anunu.kr_2025-06-24,arram.lee.5,원래도 엿을 좋아했는데 동결건조 엿은 못참쥬😍😍더현대팝업 너무축하드려요👏👏,2025-06-24
492,anunu.kr_2025-06-24,rabi.daily,파삭❤️❤️,2025-06-24
493,anunu.kr_2025-06-24,mellow_mx_,파삭먹자ㅐ,2025-06-24
494,anunu.kr_2025-06-24,jini.berry,파삭파삭,2025-06-24
495,anunu.kr_2025-06-24,mindi_like,@hh_and_dd 파삭💚🤍💛,2025-06-24
496,anunu.kr_2025-06-24,chaen._.e_,같이먹자❤️ @isoonzy,2025-06-24
497,anunu.kr_2025-06-24,noneenun,아누누 파삭 ⚡️ @jjiniya.hand,2025-06-24
498,anunu.kr_2025-06-24,keyof15,@bistieboys,2025-06-24
499,anunu.kr_2025-06-24,a4143224,아누누 파삭 같이먹어보자 @huhu11010 @dongsoo3931 @jiwoung7777 @jeongsanghyi7473 @puresky01 @sgmom1004,2025-06-24
500,anunu.kr_2025-06-24,du1028du,아누누 파삭 👏 @yum_review_0070,2025-06-24
501,anunu.kr_2025-06-24,snagyon.k,파삭!! 어떤 맛일지 궁금해~~~ @minsoo2050,2025-06-24
502,anunu.kr_2025-06-24,jeongeunog16,아누누의 파삭 먹어보자😃😋 @igeuncang63,2025-06-24
503,anunu.kr_2025-06-24,s2eulb_,기존 파삭도 진짜 너무 맛있고 좋아했는데,2025-06-24
504,anunu.kr_2025-06-24,"쑥 맛 파삭이라니 바로 그냥 특허낼정도..
꼭 ㅁ먹어보고싶어요 !!!!!!!!!!
@ry.l0n_n @novezxw @l_dab1n
babu._babu143",대구도 와주세요 제~~발~~,2025-06-24
505,anunu.kr_2025-06-24,ronymom_mimi,아누누 파삭❤️❤️❤️ 같이 먹어봅시다 😍😍😍,2025-06-24
506,anunu.kr_2025-06-24,"@rocomo88 @rujjang.kuro @rora.ruro @jenimam97 @favorite.cho
g1boyy",@im1____ 예지 최애 파삭.. 댓글 달면 3명뽑아서 파삭선물로 준대,2025-06-24
507,anunu.kr_2025-06-24,_seolku__02,맛있겠다 같이먹자@42.2_musichun,2025-06-24
508,anunu.kr_2025-06-24,do_dos2,파삭!!! @p.s_h_91,2025-06-24
509,anunu.kr_2025-06-24,usiij,@_wooo3o,2025-06-24
510,anunu.kr_2025-06-24,ddaegulddaegul,눈처럼 사르르륵 녹는 파삭 치아 부실해서 엿 못먹고 있는 너에게😂 @limuxlimu,2025-06-24
511,anunu.kr_2025-06-24,mallang.2e,파삭 너무 먹어보고 싶어요 ㅠㅠㅠㅠ 같이 먹자@happyyyyy525,2025-06-24
512,anunu.kr_2025-06-24,yena5169,아누누의 파삭 함께 먹어 보쟈😍 @giheonyun,2025-06-24
513,anunu.kr_2025-06-24,tobi__sally,@vikal.96 파삭파삭 이거 너무 맛있잖옹!!!같이 먹어보자,2025-06-24
514,anunu.kr_2025-06-24,ssh_at15,@tat.o3o_ 쑥 맛이 새로 나왔데 여긴 가야지 !!🔥,2025-06-24
515,anunu.kr_2025-06-24,euni_inni,이거 진심 먹어보고파요♡♡♡♡ @inni_abba,2025-06-24
516,anunu.kr_2025-06-24,ektmf0721,@red6423 @johyirim5 @hye.11.11 핫 한 파삭❤️,2025-06-24
517,anunu.kr_2025-06-24,bread.sweetss,@martini_brue,2025-06-24
518,anunu.kr_2025-06-24,dalcomsweet_haru,주말마다 더현대가는데 아누누님 파삭 너무 먹어보고 싶어요❤️ @deougie_k @i_seo_jeon @_jeje0418_,2025-06-24
519,anunu.kr_2025-06-24,louidi_shochu,@electroman888 파삭 🔥 더현대 가볼까,2025-06-24
520,anunu.kr_2025-06-24,dainee_22,파삭 @kangj2h2,2025-06-24
521,anunu.kr_2025-06-24,sal_ly._.ko,@dy._.1996 파삭도 너무 맛있게 먹었는데 쑥맛이라니..!!너무 맛있을거같댜ㅜㅜㅜ❤️,2025-06-24
522,anunu.kr_2025-06-24,khk1114,아누누의 파삭 같이먹자💙 @ddorr7777,2025-06-24
523,anunu.kr_2025-06-24,somi_gonggan,@l_hsmi 저요 ;;; ㅠㅠㅠ,2025-06-24
524,anunu.kr_2025-06-24,_newish_,@u__rim95 파삭 잘다녀와아..,2025-06-24
525,anunu.kr_2025-06-24,conpang_90,파삭,2025-06-24
526,anunu.kr_2025-06-24,cloud0214,@wbxh1006 파삭!,2025-06-24
527,anunu.kr_2025-06-24,s_eogy,티셔츠는 안파나옆,2025-06-24
528,anunu.kr_2025-06-24,0chu_ye,@rihannnayo 파삭 파삭 파삭,2025-06-24
529,anunu.kr_2025-06-24,kikqynn,@hyungigio ㅋㅋ,2025-06-24
530,anunu.kr_2025-06-24,hyerin.lim,파삭 먹고 싶어요 @yun.yunseonhyi,2025-06-24
531,anunu.kr_2025-06-24,ihajin3355,네에~?이번주엔 동결건조엿 '파삭'이라고요?!,2025-06-24
532,anunu.kr_2025-06-24,"어쩌다보니 매주 더현대 가야할 목표가 생긴다니 ᆢ너무 좋은걸요~~ ㅎㅎㅎ 지지난주는 1시간 남짓 기다린 시간이 아깝지 않을 정도로 맛있는 골든치즈케이크도 맛보고, 지난주에는 귀여운 동글동글 오볼리토 계란빵까지 겟해서 덕분에 매주 맛있는 주말을 보내고 있는 중이거든요ㅎㅎ
안그래도 장마라고 우울할뻔한 이번 주말에도, 오리지널 파삭부터 새로운 맛 쑥맛 파삭까지 새롭게 맛볼수 있다니~~ 너무 기대가 되네요! @jiyeon.5025 같이먹자!
jina__0503",파삭❤️❤️❤️ @hong__0427 @_salt_hanna,2025-06-24
533,anunu.kr_2025-06-24,sul__k,@badahoe_yadang 이번주 더현대 가서 파삭 사먹으로 고고씽 💟,2025-06-24
534,anunu.kr_2025-06-24,oni_on2,헉,2025-06-24
535,anunu.kr_2025-06-24,love_.jang,@gusals_53 함 믁어보자,2025-06-24
536,anunu.kr_2025-06-24,your_garden94,파삭❤️🙌 @smileswlee,2025-06-24
537,anunu.kr_2025-06-24,hada_cci,@whaam_cci 진짜. 맛있을 것 같아. 미처,2025-06-25
538,anunu.kr_2025-06-23,_berryjamjam,놀러갈게용옹ㅎ오❤️❤️❤️,2025-06-23
539,anunu.kr_2025-06-23,jwjwjwoooooooo,2분전,2025-06-23
540,anunu.kr_2025-06-22,ricessaldessert,바나나빵 제스탈 맛있어용 ㅎㅎㅎㅎ😂,2025-07-08
541,anunu.kr_2025-06-22,dorrgodora,판다빵도 있는데 엄청 귀엽게 생겼어요😎,2025-06-23
542,anunu.kr_2025-06-22,klw._.05,신기한 빵,2025-06-23
543,anunu.kr_2025-06-22,grapefruitholic,바나나로 노브랜드에서 제일 먼저 나옹걸로 아는데 그걸로 까먹는빵에 기회를 줘봅시다!,2025-06-23
544,anunu.kr_2025-06-22,"그나저나 두유 드링킹요거트 궁금해여
zooa__z",바나나 찐빵 먹어 주세용,2025-06-24
545,anunu.kr_2025-06-22,skrrskrrrrrrrrrrr11,머리진짜귀엽닼,2025-07-10
546,anunu.kr_2025-06-22,d_x1u2n,저 바나나 개 맛잇음,2025-06-22
547,anunu.kr_2025-06-22,1lllove1ll,송중기 닯았다 ㅎㅎㅎ,2025-07-14
548,anunu.kr_2025-06-22,iamtomatoto,그거 그렇게 까는게 아니라 진짜 갈색갈 껍질이 꺼지는거에요ㅠㅠㅠ,2025-06-25
549,anunu.kr_2025-06-19,syandcookie,어디서 구매하셨나요,2025-06-28
550,anunu.kr_2025-06-19,yoongtory,초꾸떡도 맛있겠지만.... 요거트 비교영상 너무너무 기다리고 있어요🔥 어서 주세요,2025-06-19
551,anunu.kr_2025-06-19,kiki6rara,甘いお菓子食べるのに太らない👍🏻,2025-06-19
552,anunu.kr_2025-06-19,ju.eun0104,주주그레이스 떡이 진짜 미쳤어요,2025-06-21
553,anunu.kr_2025-06-19,ji_yun100,아,2025-06-19
554,anunu.kr_2025-06-19,i1919_,ㄴㄴ... 얼려먹어야대용!!! 얼려먹으면 안달아용,2025-06-28
555,anunu.kr_2025-06-19,s.xehx7,마가렛트에 요거트 듬뿍넣어서 먹어주세요,2025-06-21
556,anunu.kr_2025-06-19,cetullii,이사람아 얼려먹어야지요..,2025-07-06
557,anunu.kr_2025-06-14,zztoplife,🔥🔥🔥,2025-06-15
558,anunu.kr_2025-06-14,klw._.05,누누왕🤴,2025-06-14
559,anunu.kr_2025-06-14,raoxh1,상 까지…👏👏🔥🔥,2025-06-15
560,anunu.kr_2025-06-14,narumiaryana,So cute ❤️❤️,2025-06-14
561,anunu.kr_2025-06-09,choi_ye_nim,젤리넣어도 맛있겠다,2025-06-12
562,anunu.kr_2025-06-09,rin_x87,허어어 맛있겠다...,2025-06-09
563,anunu.kr_2025-06-09,dagaall.hanbok,ㅎ.ㅎ.ㅎ.왜 내가 먹는것같을까. . 요?,2025-06-10
564,anunu.kr_2025-06-09,"ㅋ.ㅋ
sinmincheol54",역시 요거트,2025-06-12
565,anunu.kr_2025-06-09,neko_yeeun,근데여 신기하네여…,2025-06-10
566,anunu.kr_2025-06-09,uwj.swg,파삭 무슨 맛이에요???,2025-06-14
567,anunu.kr_2025-06-09,mungriell,요거트 이정도로 먹으면 화장실 너무 가진않나요?,2025-06-17
568,anunu.kr_2025-06-09,haappyy012,만능요거트설 ㅋㅋ,2025-06-10
569,anunu.kr_2025-06-09,jhoon________,와.......... 입터지겠다,2025-06-10
570,anunu.kr_2025-06-09,_ja.in,젼언니 만들거줘여여ㅕㅕ,2025-07-22
571,anunu.kr_2025-06-09,pepefefeio,사실 요거트 유튜버임ㅋㅋㅋㅋㅋㅋ,2025-06-10
572,anunu.kr_2025-06-09,h.h0_712,더 있음 얼려먹어주세요ㅜ,2025-06-09
573,anunu.kr_2025-06-09,sri.natty8821,Huge nose,2025-06-22
574,anunu.kr_2025-06-06,loren_studi0,진짜 맛있어보여요!!😲,2025-06-07
575,anunu.kr_2025-06-06,zztoplife,😍🤩🤩,2025-06-07
576,anunu.kr_2025-06-06,windywingpakin,마지막 멘트가 진심을 드러내시는....ㅎㅎㅎㅎ,2025-06-07
577,anunu.kr_2025-06-06,klw._.05,왕 누누님 보고 만족했습니당,2025-06-06
578,anunu.kr_2025-06-06,dongmindonz,하ㅜㅜ나도 아누누조합으로먹고싶다,2025-06-06
579,anunu.kr_2025-06-06,deffnessin_1950,오모 터키 초콜릿😮😮😮😮❤️,2025-06-23
580,anunu.kr_2025-06-06,go__s2__b,역시 요거트가 빠지면 섭하죠 ㅋㅋㅋㅋ😍,2025-06-07
581,anunu.kr_2025-06-06,qkskskwoa,시호쿠키 벽돌케이크도 먹어서 비교해주세요~~~~💕,2025-06-07
582,anunu.kr_2025-06-06,jeon_unni_,나도 요거트랑무더바야지❤️ 내가만든것도 곧가져갈게요💕💕💕,2025-06-06
583,anunu.kr_2025-06-06,heejoo7n,우왕 마시께따,2025-06-11
584,anunu.kr_2025-06-06,pepefefeio,이렇게 눈깔 도는거 아시죠 ㅋㅋㅋㅋㅋㅋㅋㅋㅋㅋㅋㅋㅋㅋㅋㅋㅋㅋㅋㅋㅋㅋㅋㅋㅋㅋ,2025-06-09
585,anunu.kr_2025-06-06,seon320,아니 그냥 모든 음식이 왜 요거트로 끝나냐구요ㅋㅋㅋㅋㅋ,2025-06-08
586,anunu.kr_2025-06-06,deffnessin_1950,Oha türk malı,2025-06-23
587,anunu.kr_2025-06-06,ssun_j323,전언니 지인되고싶다🥲,2025-06-07
588,anunu.kr_2025-06-06,dabin97,@seon__m97 완죤궁금쓰,2025-06-08
589,anunu.kr_2025-06-05,jintaewan6,반삭한 보습도 예쁘세요 ㅋㅋ,2025-06-05
590,anunu.kr_2025-06-05,sso1295,루피케이크 눌렸는데.?,2025-06-23
591,anunu.kr_2025-06-05,klw._.05,왕 맛있겠당,2025-06-06
592,anunu.kr_2025-06-05,yoojieon1001,저정도면 아누누님 요거트 중독 아닌가..?ㅋㅋ,2025-06-06
593,anunu.kr_2025-06-05,suleymisimm0,Agzini sapirdatmamamammamamam,2025-07-04
594,anunu.kr_2025-06-05,1i.1i.yux_____,바나나맛 맛있다고 하던데….,2025-07-14
595,anunu.kr_2025-06-05,seo_jihyun13,딸기 맛 아니고 체리맛 이에여ㅕㅕ,2025-06-16
596,anunu.kr_2025-06-05,jominseok12,뭐든지 요거트로 해결하는남자,2025-06-08
597,anunu.kr_2025-06-05,iyeongu246,베라가 아니라 배라레요,2025-07-17
598,anunu.kr_2025-06-05,sharonluv773,민트 초코 내 최애인데....,2025-06-06
599,anunu.kr_2025-06-04,haappyy012,아닠ㅋㅋ 왜 내댓글이😂 맛있게 드셨다니 다행☺️👍,2025-06-05
600,anunu.kr_2025-06-04,jeongyun.i,단무지 무침같은 느낌이려나…. 명란이랑 같이 먹을 때 미치는줄알았어요……..🥺💕🫠,2025-06-07
601,anunu.kr_2025-06-04,hyeji_0225,오이지 😮,2025-06-05
602,anunu.kr_2025-06-04,sssssssu1107,오이지 느낌 !,2025-06-04
603,anunu.kr_2025-06-04,reina.ins,오이지 무침 맛 날것 같애용,2025-07-26
604,anunu.kr_2025-06-04,klw._.05,오 맛있겠당,2025-06-04
605,anunu.kr_2025-06-04,minumy_daily,오이지..?,2025-06-28
606,anunu.kr_2025-06-04,kiko.3331,으악너무맛잇겟다😢,2025-06-21
607,anunu.kr_2025-05-30,sujinmi54,머시따머시따👏👏👏 오 신상맛 기대되네요!!!,2025-05-30
608,anunu.kr_2025-05-30,s2eulb_,돈 많아도 모델 해주세요..,2025-05-30
609,anunu.kr_2025-05-30,"훨씬 수요 있을듯 😻
__graceshot",아이돌 누누님 🔥🔥,2025-05-30
610,anunu.kr_2025-05-30,10grammm,헤어가 없는데 그냥 메코 아닌가여?,2025-05-30
611,anunu.kr_2025-05-30,esc_studio,프사를 바꾼 이유가 있었구먼유~,2025-05-30
612,anunu.kr_2025-05-30,geryong,찾았다 내 야1동🥵🥵,2025-06-05
613,anunu.kr_2025-05-30,yuhee__iam,어머 송중기 인줄 알았네 🥳,2025-05-30
614,anunu.kr_2025-05-30,jeongseorin73,아누누님 맞아여??,2025-05-30
615,anunu.kr_2025-05-30,casanovanosupernovano,흑임자 냄새가ㅜ난다 👃🏻👃🏻,2025-05-31
616,anunu.kr_2025-05-29,jeongkihoon2009,동결건조 궁금한데요..?ㅋㅋ,2025-05-29
617,anunu.kr_2025-05-29,duddk_u,"드디어,,,!!! 켈프가 수면에 등장했다ㅠㅠ 쿠팡에 네이버에 아무리 쳐도 켈프를 살수가 없어서 슬펐는뎈ㅋㅋ 누누님 너무 감사해요 맛있다고 하고 유행시켜주세요",2025-05-30
618,anunu.kr_2025-05-29,haappyy012,물에 담가 짠기빼고 물기 짜서 다진마늘 설탕 참기름 고춧가루 통깨 넣으면 맛있을라나요,2025-05-31
619,anunu.kr_2025-05-29,klw._.05,왕 먹어 보고싶었는뎅 누누님 덕분에 만족 했습니다,2025-05-29
620,anunu.kr_2025-05-29,da_nyang2,초장 찍어먹으몀 맛있겠다,2025-05-30
621,anunu.kr_2025-05-29,or7l_123,젼 언니가 좋아할듯,2025-07-28
622,anunu.kr_2025-05-29,xin______xx___,낙뢰 맞는 듯한 아누누⚡️,2025-05-29
623,anunu.kr_2025-05-29,sonya.715,저거 잘게다져서 마요네즈랑 설탕 식초등등 같이 섞어서 소스만들어서 생선까스나 생연어위에 올려먹으면 어떨까요?,2025-05-30
624,anunu.kr_2025-05-29,sss_3800,요거트랑 먹어주세여,2025-05-31
625,anunu.kr_2025-05-29,_jjjeeong,김에 싸먹어도 별로일까요?,2025-05-30
626,anunu.kr_2025-05-29,o.ostee,전언니 누가 태그좀 해줘용,2025-05-31
627,anunu.kr_2025-05-29,x_xbbxx,이거 누가 공구 비슷한것 이런것좀 해주면 좋겟다 .. 쿠팡에서 너무 비쌈 ㅠ,2025-07-29
628,anunu.kr_2025-05-29,un1_ae0,동결 건조 1번 만요,2025-05-30
629,anunu.kr_2025-05-29,chfhr0147,"@cho_03_7, @ba._.da01 야 이거 먹어보고 싶었는데",2025-05-30
630,anunu.kr_2025-05-29,12.x_v,@jeon_unni_ !!!,2025-05-29
631,anunu.kr_2025-05-29,kwsjk.13,어디서 사요?,2025-07-22
632,anunu.kr_2025-05-29,d1hx3ae,@jeon_unni_,2025-05-31
633,anunu.kr_2025-05-29,yunjaeeun50,저거 그냥 미역줄기입니다!!!!,2025-05-30
634,anunu.kr_2025-05-27,sujinmi54,크레페 요거트찍먹하면 맛있겠다 생각하자마자 나옴ㅋㅋㅋ,2025-05-27
635,anunu.kr_2025-05-27,h.xeong_7,그래서 동결건조는 단건가요 신건가요,2025-06-13
636,anunu.kr_2025-05-27,miracle7555,제 찬스 쓰러 도쿄 또 놀러 오세욥! ㅋㅋ🙌,2025-05-27
637,anunu.kr_2025-05-27,dlfghttuves,오래 팔로우해서 보는데 과하게 영어발음 안굴려서 더 보기 편해졌어요 감사합니다!,2025-05-30
638,anunu.kr_2025-05-26,hee208500,저한테와야쥬ㅋㅋ,2025-05-26
639,anunu.kr_2025-05-26,dongyul_ee,나도 갈라 했는데…😢😢,2025-05-26
640,anunu.kr_2025-05-26,my._jin,아가고시퍼,2025-05-26
641,anunu.kr_2025-05-26,my._jin,나는요?계속못사능데,2025-05-26
642,anunu.kr_2025-05-25,klw._.05,ㅘ... 진짜 맛있겠당 새벽에 보니까 더 ..,2025-05-25
643,anunu.kr_2025-05-25,sharonluv773,왜 하필 이밤 12시에 이걸 봐서...🤤,2025-05-25
644,anunu.kr_2025-05-25,seung_yeon35,요거트 어디꺼에요?,2025-05-25
645,anunu.kr_2025-05-25,hipvly_daji,와 아 대박..,2025-05-28
646,anunu.kr_2025-05-25,jaekeun.h,미쳐따……🥺,2025-05-25
647,anunu.kr_2025-05-25,eunseo_12.01,약간 유아인느낌이 있는것 같기도오..?,2025-06-03
648,anunu.kr_2025-05-25,ksealy0930,빵순이로써 참을 수 없다...😢,2025-07-21
649,anunu.kr_2025-05-25,pppppppp_mmyy,@bumjoon0118 요거방,2025-06-05
650,anunu.kr_2025-05-24,jiwon_park84,👏👏👏,2025-05-25
651,anunu.kr_2025-05-24,sonsoye33,🙌🙌,2025-05-24
652,anunu.kr_2025-05-24,cheawon_0809,저요!!!!🙌🙌🙌,2025-05-25
653,anunu.kr_2025-05-24,jh1_txn,🙌,2025-05-24
654,anunu.kr_2025-05-24,eternal9791,매일 사고싶은데 자영업자는 그 시간이 늘 바빠서ㅜ늘 놓치그 어쩌다 시도해보면 실패 😂 넘 궁금한데~ 언제 쯤 여유있게 구매 가능할까요?ㅜ,2025-05-24
655,anunu.kr_2025-05-24,ds26sk,저요~~,2025-05-25
656,anunu.kr_2025-05-24,xxiiiiii________,.. 3일 동안 홍대에 있다가 오늘 내려오는 버스에서 공지를 보았습니다 .. 🥲 흙 ... 아이들이 완전 팬인데 🥲 아쉽습니다요 흑 너무 먹고싶네요 ~,2025-05-24
657,anunu.kr_2025-05-24,anunu.kr,5월 25일 (일) 17시 홍대 일대에서 아누누를 찾아보세요 😌 (정확한 장소는 당일 16시30분에 인스타 스토리로 알려드리겠슴니다 @anunu.kr),2025-05-24
658,anunu.kr_2025-05-24,oh_sej0,🙌🙌,2025-05-24
659,anunu.kr_2025-05-24,koz.bnd.ts,저희는 32도 엿어용,2025-05-24
660,anunu.kr_2025-05-24,bora._0712,👍,2025-05-24
661,anunu.kr_2025-05-24,jx_s1a,👏👏,2025-05-24
662,anunu.kr_2025-05-24,jju_luv_,🙌🙌🙌🙌🙌🙌🙌🙌,2025-05-24
663,anunu.kr_2025-05-24,myjun_12.26,🙌🙌먹고싶더,2025-05-24
664,anunu.kr_2025-05-24,rose__jh06,🙌,2025-05-24
665,anunu.kr_2025-05-24,sujinmi54,핡!!!!!😮😮😮,2025-05-25
666,anunu.kr_2025-05-24,capybara_dohyun,🙌,2025-05-25
667,anunu.kr_2025-05-24,neko_yeeun,저요요,2025-05-25
668,anunu.kr_2025-05-24,lovelyjin0224,저요🙌,2025-05-25
669,anunu.kr_2025-05-24,sujinsu2,파삭~~~~~ 기대돼요,2025-05-25
670,anunu.kr_2025-05-24,gayun2347,와대박,2025-05-25
671,anunu.kr_2025-05-24,hyun_2747,저요,2025-05-25
672,anunu.kr_2025-05-24,o5e7___,흐.. 진짜 마싯겟다 ... 저 진짜 사보고시펐는데 품절이라서ㅠㅠㅠㅠ하아ㅏ아 저요,2025-05-25
673,anunu.kr_2025-05-24,seo_4504,저 제발요 진짜먹어보고싶고 아누누님 영상 잘보고있어요 진짜팬이에요,2025-05-25
674,anunu.kr_2025-05-24,y_o2nha2080,🙌,2025-05-25
675,anunu.kr_2025-05-24,_lnyyuunn,저요저요🙌🙌,2025-05-25
676,anunu.kr_2025-05-24,icaemi598,조요😢,2025-05-25
677,anunu.kr_2025-05-24,ih_y.oj,🙌🙌🙌🙌🙌🙌🙌,2025-05-25
678,anunu.kr_2025-05-24,yangsinger_,저요!!!!👍🙌🔥,2025-05-25
679,anunu.kr_2025-05-24,taejeong4109,🙌,2025-05-25
680,anunu.kr_2025-05-24,icaengnyu,🙌🙌🙌🙌🙌🙌👏👏,2025-05-25
681,anunu.kr_2025-05-24,ma_haul,잘먹겠습니다~~~,2025-05-25
682,anunu.kr_2025-05-24,ejs_oo,저요🙌🙌🙌,2025-05-25
683,anunu.kr_2025-05-24,yolo_jjmm,저요!!!!!!!!!,2025-05-25
684,anunu.kr_2025-05-24,yms0_511,나두 먹고싶다😢,2025-05-25
685,anunu.kr_2025-05-24,heogaeun242,저여!!,2025-05-25
686,anunu.kr_2025-05-24,hy._.yun0322,저저ㅓ저저저저조조조조조저저젖저ㅓ저저저저저저요ㅗㅗ오ㅗㅇ오ㅗ오옹,2025-05-25
687,anunu.kr_2025-05-24,jangjunhyeog8225,너무먹고싶어요😢,2025-05-25
688,anunu.kr_2025-05-24,bebeyam4000,경남은 너무 멀어요ㅜㅜ,2025-05-25
689,anunu.kr_2025-05-24,21me.estheresraesgel,먹고싶다다,2025-05-25
690,anunu.kr_2025-05-24,gingiddong,학교 앞에서 학생들에게 나눠주는것도 좋을것같아요!!,2025-05-25
691,anunu.kr_2025-05-24,mayday_yw_74,저요저요저요저요저요,2025-05-25
692,anunu.kr_2025-05-24,qlcsk765,먹고싶어요🔥🔥🔥🔥🔥🔥🔥,2025-05-25
693,anunu.kr_2025-05-24,yolhee130319,저요,2025-05-26
694,anunu.kr_2025-05-24,imina3903,먹고 싶어요😢,2025-05-26
695,anunu.kr_2025-05-24,yeun._.1216,먹고싶다...,2025-05-26
696,anunu.kr_2025-05-24,rexsky0919,먹고 싶어용❤️,2025-05-26
697,anunu.kr_2025-05-24,jieun__1003,저요,2025-05-26
698,anunu.kr_2025-05-24,jogyuhyi9013,너무 맛있... 아빠도좋아함니닷😂,2025-05-27
699,anunu.kr_2025-05-24,lee_yu_min_7,🙌🙌🙌🙌,2025-07-11
700,anunu.kr_2025-05-20,yoongtory,쫀득쿠키 느낌인가영?? 늬끼하지는 않아요???,2025-05-20
701,anunu.kr_2025-05-20,klw._.05,와 소리 대박,2025-05-20
702,anunu.kr_2025-05-20,uxn.o81_,이건 다행히 아는맛이다,2025-06-13
703,anunu.kr_2025-05-20,b.x0a1_,그거 동결건조 해주세요 ㅜㅜㅜㅜ,2025-07-23
704,anunu.kr_2025-05-20,h_r_o3o,@sxxall__ 이거 망고가 존맛임 쿠팡에 팜 율이도 잘먹,2025-06-11
705,anunu.kr_2025-05-18,jyun_sis,"군대를 가시나,,햇는뎈ㅋㅋㅋㅋㅋㅋ머리가망한거였어요",2025-05-20
706,anunu.kr_2025-05-18,dpflsrhdwn0,우유보고 깜짝 놀랐어요 오빠,2025-06-13
707,anunu.kr_2025-05-18,hotdog_o.o,키위가 되어 계시네요 ㅋㅋ,2025-05-27
708,anunu.kr_2025-05-18,klw._.05,맛있겠당,2025-05-20
709,anunu.kr_2025-05-18,jjs._.1202,떡인데 왜 코로로같이 보이지..?,2025-06-05
710,anunu.kr_2025-05-18,ssoyul4018,오 1빠,2025-05-19
711,anunu.kr_2025-05-18,x_ay_14y,아 모찌가 프사 였니.,2025-07-12
712,anunu.kr_2025-05-18,k._.due8,@angzella_9 말차안좋아하는데도 먹어보고싶다,2025-07-18
713,anunu.kr_2025-05-17,kiki6rara,高いね。😂😂,2025-05-17
714,anunu.kr_2025-05-17,potatoes185,ㅇ하,2025-05-24
715,anunu.kr_2025-05-17,coeeunjun40,너도 일본 가고싶다1,2025-07-27
716,anunu.kr_2025-05-16,sujinmi54,아닠ㅋㅋㅋㅋ 키위머맄ㅋㅋㅋㅋ😂😂😂,2025-05-16
717,anunu.kr_2025-05-16,xin______xx___,오... 먹고 싶어요,2025-05-16
718,anunu.kr_2025-05-16,j.1_x__,아누누님 키위 먹을때 머리에 키위스티커 뭐얔ㅋㅋ,2025-05-18
719,anunu.kr_2025-05-16,goareum649,아누누님 머리 뭐얔ㅋㅋ,2025-07-28
720,anunu.kr_2025-05-16,_0oe._._,아누누님 군대가여…?? 읭,2025-05-18
721,anunu.kr_2025-05-16,onlyain842,볼때마다드시는요거트너무궁금해요😍,2025-06-30
722,anunu.kr_2025-05-16,boggeunang,🥝 × 2....,2025-05-17
723,anunu.kr_2025-05-16,jjjjjjjxx0,맛잇겟다,2025-05-16
724,anunu.kr_2025-05-16,seoj_un2025,레드 키위 맜있긴 하죠ㅎㅎ,2025-05-17
725,anunu.kr_2025-05-16,puddi_nm1019,레드키위 동결건조 해줘여,2025-05-24
726,anunu.kr_2025-05-16,se0_xoon12,메이플콘 요거트에 찍어서 먹어주세요😢,2025-05-16
727,anunu.kr_2025-05-16,_omytxk,키위먹으러 가볼까?,2025-05-16
728,anunu.kr_2025-05-16,yeonwoo1327,요거트 노브랜드 드링크요거트랑 비슷한지 비교해주세요!,2025-05-17
729,anunu.kr_2025-05-15,s2eulb_,이거진짜맛있죠?🤤 또 먹고 싶은 맛..,2025-05-15
730,anunu.kr_2025-05-15,hxunsz_,요고 쪼코 싸구려맛 난다는디ㅜㅜ,2025-05-16
731,anunu.kr_2025-05-15,ksj._.0411,ㅠㅠㅠ 먹어보고싶어요ㅠㅠㅠ,2025-05-15
732,anunu.kr_2025-05-15,goyangeejw,이거개맛잇음 ㅜㅜ 또 먹고싶당,2025-05-17
733,anunu.kr_2025-05-15,plzdontp1ayme,와맛있겠다,2025-07-02
734,anunu.kr_2025-05-15,mamemimomu.u,저도한입만..,2025-05-21
735,anunu.kr_2025-05-15,h_jo0n._,아니 그래서 누누스코어 몇점인데요 ㅠ,2025-05-15
736,anunu.kr_2025-05-15,youmemicocochi,동결건조,2025-05-16
737,anunu.kr_2025-05-15,jjomi123,맛없어ㅠㅠ,2025-05-22
738,anunu.kr_2025-05-15,nugabinnm09,요거트는 어디껀가용,2025-05-16
739,anunu.kr_2025-05-15,xx___yj,요거트좋아하면 맛있음 그리고 요거트좋아하시면 이거말고 요거꿀떡이나 구름크림떡이 더 좋아하실거같아요~,2025-05-18
740,anunu.kr_2025-05-15,10grammm,아누누 머리보다 땡그래서 맛나보임,2025-05-15
741,anunu.kr_2025-05-15,bbova__,@bb_eeee @0__hyuneee 이거라공!! 넘 마싯,2025-05-17
742,anunu.kr_2025-05-15,hj_5515,@s__y2.ya,2025-05-18
743,anunu.kr_2025-05-15,jo_diana_1,@ji.ahnm 너가 말한게 이거였수나,2025-05-30
744,anunu.kr_2025-05-15,2884kdy,이거 아람님은 별로라고 하셨는데 개취인듯..😮,2025-05-19
745,anunu.kr_2025-05-15,namsobong,@gonej_sr,2025-06-01
746,anunu.kr_2025-05-15,yayanava111,님들이거 ㅈㅂ 초코퐁당요거꿀떡말고 그냥 요거꿀떡드세요 개맛도리진짜 너무맛있어서 하나하나 아껴먹음.. 비싸서 그이후로 한번도못먹었지만 조만간 시킬예정 진짜꾸덕쫀득그릭요거트 너무맛잇어요ㅛ,2025-06-14
747,anunu.kr_2025-05-12,godofgyoon,유ㅏ삭발하니까 시원해서더잘생겨지셧어요 ㅁㅊ😍😍😍,2025-05-15
748,anunu.kr_2025-05-12,xung.a3,왜케 잘생김,2025-05-12
749,anunu.kr_2025-05-12,simuusimu,어 조합 미쳤다 당장 갈길게여,2025-05-15
750,anunu.kr_2025-05-12,esc_studio,와... 이 조합은 말뭐지...,2025-05-12
751,anunu.kr_2025-05-12,h_hz_i,어디 편의점에서 파나요!?,2025-07-02
752,anunu.kr_2025-05-12,seo.h._.0705,개맛잇겟다..,2025-05-12
753,anunu.kr_2025-05-12,one_door.0417,누누님 패션후르츠 요거트 짇짜 맛있어요!! 저도 요거트광인데 진짜 추천드려요!!!,2025-06-07
754,anunu.kr_2025-05-12,rexsky0919,군침에 돌아요ㅋㅋㅋ,2025-05-26
755,anunu.kr_2025-05-12,dollfromi_,지금이런거보면큰일나는데,2025-05-12
756,anunu.kr_2025-05-12,0x7_.y,왜 삭발도 잘어울려..,2025-05-19
757,anunu.kr_2025-05-12,gimseujjirin,11주좋아요 1개답글 달기,2025-05-12
758,anunu.kr_2025-05-12,sri.natty8821,6주답글 달기,2025-06-16
759,anunu.kr_2025-05-12,__xe.heo,군대 가셔요?,2025-06-05
760,anunu.kr_2025-05-12,hn_o3o,@wnthyy 이거 먹구와,2025-05-13
761,anunu.kr_2025-05-11,raoxh1,머리보고 누구지? 했잖아요 ㅋㅋㅋㅋ,2025-05-11
762,anunu.kr_2025-05-11,h._.yo15,와…개맛있겠다ㅠ,2025-05-11
763,anunu.kr_2025-05-11,_secretclubhouse,가게정보 궁금해여 ㅠㅠ,2025-05-14
764,anunu.kr_2025-05-11,swpotoco,아누누님 머리같아요,2025-05-11
765,anunu.kr_2025-05-11,dodo.rothy,아누누 코알라 닮았누~,2025-05-11
766,anunu.kr_2025-05-11,jeehye.777,밤톨아누누라니ㅋㅋㅋㅋ ㄱㅇㅇ,2025-05-12
767,anunu.kr_2025-05-11,v_story._.v,머리 두상 까지 완벽하세요,2025-05-12
768,anunu.kr_2025-05-11,2ori_i0,땜빵어디갔어여?,2025-05-12
769,anunu.kr_2025-05-11,eunc_o,어디서 사죠?,2025-05-12
770,anunu.kr_2025-05-11,jyoon_.129,ㅇㅇㅇ 닮은것 같은것 같...ㅇr,2025-05-11
771,anunu.kr_2025-05-11,mr.bunggle,맛있겠다,2025-07-24
772,anunu.kr_2025-05-11,lovelee.note,오사카에도 있읆가요ㅠㅠ,2025-06-01
773,anunu.kr_2025-05-11,z.a_sun,개미쳤땨,2025-06-17
774,anunu.kr_2025-05-11,l.danana_,@jds.412,2025-05-12
775,anunu.kr_2025-05-11,lily_jin_,@yujin.317,2025-05-17
776,anunu.kr_2025-05-08,jeon_unni_,머리 너무기녑자나😂😍😍 꺅 ㅋㄱㄱㄱㅋㄱㄱㄱㄱㄱ,2025-05-08
777,anunu.kr_2025-05-08,deionized_oxidane,누누형 군대가...?,2025-05-08
778,anunu.kr_2025-05-08,yoongtory,헉.. 더워서 시원하게 밀어버린건가요??,2025-05-08
779,anunu.kr_2025-05-08,tolsw,아 오랜만에 보고 어디 아픈줄알고ㅜㅜ아 진짜 놀랬네 건강하시라,2025-05-11
780,anunu.kr_2025-05-08,wonju_n75,머리 왜 밀었어요??😢,2025-05-08
781,anunu.kr_2025-05-08,esc_studio,머리 밀었어용????,2025-05-08
782,anunu.kr_2025-05-08,zeromouse_1.2.2.2,망시 ㄹㅇ 맛나뇨ㅠㅠㅠ 또 먹고 싶은 맛...,2025-05-10
783,anunu.kr_2025-05-08,yeo.se_o13,머리가...,2025-06-19
784,anunu.kr_2025-05-08,dx.h_yn0,🔥,2025-05-12
785,anunu.kr_2025-05-08,x_ose.un,머리가 왜그러시나여,2025-05-10
786,anunu.kr_2025-05-08,e.s2ul,@cdh727 역시 망고롤🧡,2025-05-11
787,anunu.kr_2025-05-08,_ddaany,@jjin._.pang ㅠ..우리대전가까..?,2025-05-15
788,anunu.kr_2025-05-08,remiggo1122,@bbo___silver 너무먹고싶어 앜 ㅠㅠㅜ,2025-05-14
789,anunu.kr_2025-05-08,seonforeveryoung,@2_minine,2025-06-17
790,anunu.kr_2025-05-08,gimsyaron10,후,2025-05-30
791,anunu.kr_2025-05-08,jouseong654,왜 빡빡이?,2025-05-27
792,anunu.kr_2025-05-08,jxn_.wn,삭발하고 비니쓰니까 비와이같다,2025-05-10
793,anunu.kr_2025-05-08,jini.berry,멀리가지 마시고 서울에서 드세요👨‍🍳🤓,2025-05-08
794,anunu.kr_2025-05-08,10grammm,젠야타인듯,2025-05-08
795,anunu.kr_2025-05-08,yuhyeonkim,진짜 망고시리즈는 살크업 지름길임.. 먹은거 안같아서 무한흡입가능,2025-05-08
796,anunu.kr_2025-05-08,minkyo0201,성심당 오실 때 대전죽동 하줘서 이벤트 해주세요ㅠㅠㅠ,2025-06-14
797,anunu.kr_2025-05-07,haha.mom_7214,어머!! 개떡 너무 좋아하는데 요즘 파는곳이 없어서 임신중인데도 못 먹고있거든요ㅠㅠ 혹시 구매처 알 수 있을까요?????,2025-05-07
798,anunu.kr_2025-05-07,likuu_ilikuu,"쑥떡별로좋아하지도않는데 먹고싶어져, , ,",2025-06-03
799,anunu.kr_2025-05-07,realme_uh,중앙시장 어디떡집인지 알수있을까요ㅠ 가고싶어요,2025-05-14
800,anunu.kr_2025-05-07,better.sh,쑥개떡은 김이랑 먹어야 제맛❤️,2025-07-15
801,anunu.kr_2025-05-07,dahee138,내놓으슈.,2025-05-07
802,anunu.kr_2025-05-07,2kyun___,내놔,2025-05-07
803,anunu.kr_2025-05-07,sn_muk,제이미파파 남은거 내놓으슈,2025-05-07
804,anunu.kr_2025-05-07,wbiz8q,첫번째 쑥개떡이랑 마지막 쑥팥떡 구매처 어딘지 알수 잇을까요..??!!😍,2025-05-07
805,anunu.kr_2025-05-07,ggani_e5,"소리가 물 속에 있는거 같아여,,?",2025-05-13
806,anunu.kr_2025-05-07,adorable_min____,이집은 제사떡?그게맛집인데,2025-05-11
807,anunu.kr_2025-05-07,kuro._.cato4,성심당 본점에 파는 애플파이 진짜 맛있어요!!!!!!!!!!! 꼭먹어보세요,2025-05-09
808,anunu.kr_2025-05-07,sun9min,배달좀,2025-05-08
809,anunu.kr_2025-05-07,guccieun__,@seul.a_yam 지으니도 쑥떡 좋아해 ㅋ𐌅𐨛𐌅𐨛𐌅𐨛𐌅𐨛𐌅𐨛,2025-05-19
810,anunu.kr_2025-05-07,euxxiyang,@_ss__vely 나 인절미쑥떡,2025-05-08
811,anunu.kr_2025-05-07,jw_p___k,@hw_oo__ @e.woo_0209 양주오게되면 사다줄래..?,2025-05-18
812,anunu.kr_2025-05-07,munyuju8,혹시 젼 언니 피클 국수 해 줄 수 있나요?,2025-05-10
813,anunu.kr_2025-05-07,soosantang,nice？I like chewy dessert,2025-06-21
814,anunu.kr_2025-05-07,nozonozoite,口閉じないの？,2025-06-10
815,anunu.kr_2025-05-07,zoey_kim0825,거슬려서 비니까지 쓰셨구나 ㅠㅡㅠ,2025-05-10
816,anunu.kr_2025-05-07,kimeh7023,구워서 ㄱㄱ,2025-05-09
817,anunu.kr_2025-05-07,wayhrooeuu,입을 닫고 씹으면 더 좋을 거 같아요,2025-05-28
818,anunu.kr_2025-05-07,bagsangrn,여기어뒤지알고있서요 나중에 가야징,2025-06-07
819,anunu.kr_2025-05-07,ejs_oo,마지막은 가래떡이 아니라 쑥 백설기아닌가영ㅋㅋㅋ,2025-05-11
820,anunu.kr_2025-05-07,deionized_oxidane,누누형 미모에 온나라가 들썩들썩 쑥떡쑥떡해,2025-05-07
821,anunu.kr_2025-05-07,johiwon1004,악 개떡이나 인절미쑥떡 구워서 설탕에 뿌려서 먹거나 인절미 묻혀서 먹어야함ㅠㅠ,2025-07-09
822,anunu.kr_2025-05-05,ejn3lovelees,요거트 좋아하시네 ㅎㅎㅎ ❤️❤️,2025-05-05
823,anunu.kr_2025-05-05,jjin.jjin01,#오랑제뜨 덕분에 오랜지 먹으면 껍질은 안버리게 됐다지요😂❤️,2025-05-07
824,anunu.kr_2025-05-05,sulhyun_2,오랑제뜨,2025-05-06
825,anunu.kr_2025-05-05,t._kmati,오빠요거트자주드시는거너무귀여워요,2025-05-07
826,anunu.kr_2025-05-05,norutagram,내거 남겨놩 🙋🏻‍♂️,2025-05-05
827,anunu.kr_2025-05-05,2115cm,요거트 이름이 뭐예영,2025-05-14
828,anunu.kr_2025-05-02,sujinmi54,이젠 요거트 안나오나? 기대하게되네여😂😂,2025-05-02
829,anunu.kr_2025-05-02,surutisagar,😍,2025-05-04
830,anunu.kr_2025-05-02,yunyun81422_tree,어디가도 맛볼수 없는 그들😂😂,2025-05-02
831,anunu.kr_2025-05-02,kims.uyn,저 혹시 두바이 찹쌀떡도 동결건조 해주실수있나요?,2025-07-12
832,anunu.kr_2025-05-02,a.x_n33,던킨 동결 직접 하신거죠?,2025-05-10
833,anunu.kr_2025-05-02,ricin_27,디오블랙커피캔디 먹어주세요 진심개맛도리..😍,2025-05-04
834,anunu.kr_2025-05-02,anxingirlfriend,동결건조해도 칼로리@똑같나여,2025-05-02
835,anunu.kr_2025-05-02,v_for_g,그 던킨 빵 특유의 냄새가 별로인 거 가틈...,2025-05-04
836,anunu.kr_2025-05-01,surutisagar,Wow 😍👏,2025-05-04
837,anunu.kr_2025-05-01,om5.197,오빠 잘생겼어요,2025-06-07
838,anunu.kr_2025-05-01,love_2_rym,퐁신당 마시멜로 먹어주세요ㅠ😢,2025-05-02
839,anunu.kr_2025-05-01,mil.low_27,혹시 요거트동결건조 될까요…….…….?!,2025-07-28
840,anunu.kr_2025-04-28,kiki6rara,くまの🐻お皿かわいい🩷,2025-04-28
841,anunu.kr_2025-04-28,yoongtory,모든 영상이 요거트가 제일 맛있어보여요..ㅋㅋㅋㅋㅋㅋ,2025-04-28
842,anunu.kr_2025-04-28,chaejia1110,겁나 맛있겠다!,2025-04-29
843,anunu.kr_2025-04-28,daniel___jeong,딸기로 한입만...,2025-04-28
844,anunu.kr_2025-04-28,sini._.14,이거 꽤 비싸던데ㅠ,2025-04-30
845,anunu.kr_2025-04-28,scar2dycat,이거 개비쌈,2025-05-10
846,anunu.kr_2025-04-28,e_zigoo,인천 디저트팔레트꺼로 먹어봐주세여!!,2025-06-21
847,anunu.kr_2025-04-28,yech1013,동결건조?,2025-04-28
848,anunu.kr_2025-04-28,gwangju_fox,"마싯게따 .,,스읍💦",2025-04-30
849,anunu.kr_2025-04-28,mondcookie_official,헉헉🧡 몬트쿠키의 모찌쿠키 드셔주셔서 넘 감사해욤✨ 팬입니다아💖 아누누님 짱짱👍🏻,2025-04-29
850,anunu.kr_2025-04-28,hfhf20022002,이거 가격 너무 창렬..,2025-04-29
851,anunu.kr_2025-04-28,jihu9566,한번 만들어주세요,2025-04-29
852,anunu.kr_2025-04-28,box_y00n___,@0__0.leth @s_28eon 마싯겟다.....,2025-05-02
853,anunu.kr_2025-04-26,jeon_unni_,하...진짜...😱😱😱😱,2025-04-29
854,anunu.kr_2025-04-26,s_cindy77,전 냉동실에 얼려놨다가 그릇에 우유부어 크리스피 하나 넣어서 포크로 잘라먹으면 자를때마다 우유가 스며들어서 엄청 맛있더라구여~ 다먹고 달달한 우유도 짱맛👍,2025-05-12
855,anunu.kr_2025-04-26,slx__o,여수언니 초코퐁당요거꿀떡 동결건조햐주세여,2025-04-26
856,anunu.kr_2025-04-26,k_shin.hye___,헥 이거 너무 궁금하다,2025-04-26
857,anunu.kr_2025-04-26,dnsik2,미쳤다…,2025-04-26
858,anunu.kr_2025-04-26,yunyun81422_tree,열자 마자 신상인가 했는데 이건 어디가서 사야하죠?? 😂😂,2025-04-26
859,anunu.kr_2025-04-26,yunwooa_b,하.. 너무 먹고싶다 당이 필요한 시점인데..😢,2025-04-27
860,anunu.kr_2025-04-26,k.manggo18,앜ㅋㅋ 왜 마요네즈인척하시는건가요😂,2025-04-26
861,anunu.kr_2025-04-26,hjh_809,잉 직접만드는거에요?,2025-04-26
862,anunu.kr_2025-04-26,subien.emo,요거트 어떤거예요?,2025-05-02
863,anunu.kr_2025-04-26,love_2_rym,퐁신당 수제 마시멜로도 동결건조 해주세요!,2025-04-27
864,anunu.kr_2025-04-26,happy_bomi16,일본 유피피상이 준걸로 해주세요😢,2025-04-27
865,anunu.kr_2025-04-26,jletigr.186,눌러서 짜부시킨 글레이즈 도넛을 동결 건조하면 어떻게될까요?,2025-04-27
866,anunu.kr_2025-04-26,mydbdlsghk,@o_0127 @jeonghwa0615 내가 그때 말한게 이거임ㅋㅋ크리스피도넛 동결건조한거,2025-05-30
867,anunu.kr_2025-04-26,jae_deokkk,@moon_sso0388,2025-04-27
868,anunu.kr_2025-04-26,aileeu_n,요거트 덕후.. 아누누님 영상 5번 돌려본 뒤에 요거트 브랜드명 알아냈습니다... 사러 갑니다...,2025-04-27
869,anunu.kr_2025-04-26,_rimited,야채곱창 동결건조 안돼요?,2025-04-29
870,anunu.kr_2025-04-26,rkdnlehdrka,동결건조 어떻게 해요😢,2025-04-30
871,anunu.kr_2025-04-26,hhongyang,우유말어먹으면 맛있겠당,2025-05-01
872,anunu.kr_2025-04-26,aigerimstar,Kk 카박신 바 말 투포이 😂,2025-05-03
873,anunu.kr_2025-04-26,zzzzw_sz,@hyun._.jae2,2025-05-05
874,anunu.kr_2025-04-26,h0.xg_,초코소라빵 하면 뭔가 맛있을거같다,2025-05-06
875,anunu.kr_2025-04-26,our__blank,우아 이건 어떻게 해야되나요,2025-05-09
876,anunu.kr_2025-04-26,pepefefeio,요거트 언제꺼내나 기다린 1인,2025-05-13
877,anunu.kr_2025-04-26,pigprincessk,도라따 칼로리 무엇,2025-05-26
878,anunu.kr_2025-04-26,pigprincessk,❤️,2025-05-26
879,anunu.kr_2025-04-26,j0h9_h,@xeongxn_ 오늘 사다주깡,2025-06-23
880,anunu.kr_2025-04-26,sz.en_,이건내주시면살듯 ㅜ,2025-07-15
881,anunu.kr_2025-04-25,yunh_jy,요거트도 알려 주셔야쥬!!!😮,2025-04-28
882,anunu.kr_2025-04-25,minjunchoi_2001,아누누님 어디 요거트 먹는지도 궁금해요,2025-04-27
883,anunu.kr_2025-04-25,dahee138,내일 사 먹은댜 😮😢ㅋㅋ,2025-04-25
884,anunu.kr_2025-04-25,yoongtory,저도 바나나킥이 최애인데 오늘 메론킥보자마자 사왔어요ㅋㅋㅋ 저는 바나나킥 냉동실에 넣어뒀다가 시원하고 바삭하게 먹는거 좋아해서 메론킥도 냉동실에 넣어뒀어요!,2025-04-25
885,anunu.kr_2025-04-25,hyeong2138,이 요거트는 어디서 사신건가요!,2025-04-26
886,anunu.kr_2025-04-25,dagaall.hanbok,요거트가.더궁금한건. . .?😍,2025-04-26
887,anunu.kr_2025-04-25,_oxaner,저거 진짜 요물임.. 겁나맛있어요,2025-04-26
888,anunu.kr_2025-04-25,aileeu_n,요거트 뭐지.. 저렇게 큰거 많이 없는데.. 아워홈? 풀무원? 파스퇴르? 푸르밀? 어디길래 맛있다고 하는건지.. 알랴주세요.. 요거트 덕후 한명 더 있어요,2025-04-27
889,anunu.kr_2025-04-25,se0_xoon12,크라운 카라멜콘 요키거트에 찍어먹어주세요🥺,2025-05-09
890,anunu.kr_2025-04-25,j_ye__on,@ji__h._ 바나나킥보면 형부생각 밖에 안나 💫,2025-04-28
891,anunu.kr_2025-04-25,s2__gu,@gu92_0916 오마니 조아할듯ㅋㅋ,2025-04-27
892,anunu.kr_2025-04-25,lwl.angel,와 이것도 동결견조하면 더 맛있을거같아요🔥🔥🔥,2025-04-27
893,anunu.kr_2025-04-25,yeon_joo_duswn,@hyunbin0_0 요거 얼려서 바닐라아슈쿠림이나 요아정 같이 먹으면 존맛일듯,2025-04-27
894,anunu.kr_2025-04-25,dtzzang1998,13주답글 달기,2025-04-28
895,anunu.kr_2025-04-25,hye__s.2,@jjin414 뭔가 너가 좋아할 것 같애 ㅋㅋㅋㅋ,2025-04-28
896,anunu.kr_2025-04-25,yyyyull,@dbsdo_2816,2025-04-28
897,anunu.kr_2025-04-25,ho_ddang_2,바나나킥이 백배는 더 맛있음,2025-04-29
898,anunu.kr_2025-04-25,m1nzng2,@dong1_kim,2025-04-29
899,anunu.kr_2025-04-25,chochocob._.ee,@y__r_11.ee 우리 그때 본거!!,2025-04-30
900,anunu.kr_2025-04-25,euxjxx_2,@o0_zooo,2025-04-30
901,anunu.kr_2025-04-25,_to_zero_0,향만 메론향이고 맛은 바나나킥 맛,2025-05-01
902,anunu.kr_2025-04-25,hee.7912,바나나킥이 더 맛남.....,2025-05-01
903,anunu.kr_2025-04-25,79woossang,나는 바니나킥!메론 너무달앙,2025-05-01
904,anunu.kr_2025-04-25,mayiii9_,바나나보다 더 달아여,2025-05-08
905,anunu.kr_2025-04-25,dudududiidiibaba,이거 개맛있음 메론빵 겉에 바삭한것만 머근 느낌,2025-05-09
906,anunu.kr_2025-04-25,se0_xoon12,크라운 카라멜콘 요키거트에 찍어먹어주세요🥺,2025-05-09
907,anunu.kr_2025-04-25,yojeon_,"@jungyiii_ 현정이때무네 먹어보고싶었는데 좀 애벌레 같긴 하다,,ㅎ🐛🐛🐛",2025-05-14
908,anunu.kr_2025-04-25,shin_yeji4535,그거 바나나킥 겉에 메론 설탕 덮은,2025-06-01
909,anunu.kr_2025-04-25,exx.j14,이거 좀 물리던데,2025-07-28
910,anunu.kr_2025-04-25,livingwellseoul,Lukt그릭요거트 사랑 🤍,2025-05-13
911,anunu.kr_2025-04-25,easyyessi,여기 그래놀라가 ㄹㅈㄷ 찐 맛있음..,2025-05-23
912,anunu.kr_2025-04-25,ms_samsisekki,나 오늘 이조합으로 먹고 기절했쟈나~~~~,2025-04-29
913,anunu.kr_2025-04-25,_sharonpark_,억지로라도 쉬어야해요!!!!😴💤,2025-04-25
914,anunu.kr_2025-04-24,_sharonpark_,하.. 먹고 싶다…,2025-04-25
915,anunu.kr_2025-04-24,seeun.uu,오아.. 진짜 맛있을거 같아요..!!,2025-04-24
916,anunu.kr_2025-04-24,i_iyeon17,소리가 너무 좋다열🔥🔥,2025-04-24
917,anunu.kr_2025-04-24,hw_xnwkugw,저거 요거트랑 먹으면 맛있을 것 같아요!,2025-07-20
918,anunu.kr_2025-04-24,jej38450,동결건조 하고 또 동결건조 하면 어떻게 되는지 궁금해요🥰🥰,2025-06-06
919,anunu.kr_2025-04-24,norutagram,내놩....,2025-04-24
920,anunu.kr_2025-04-24,jeonjiyul55,러브 하트데신 러브버그 동결금주 어때요.,2025-07-18
921,anunu.kr_2025-04-24,jan_et1309,티파니 플레이트에서 야채랑 머스타드 빼고 그 동결건조 모음이렁 요거트로 해주세요…ㅠㅠ제발,2025-04-25
922,anunu.kr_2025-04-24,dongyul_ee,본격 동결건조기계 구매 촉구 영상😂,2025-04-24
923,anunu.kr_2025-04-23,xzo_z0x,소리가 왜 물에빠진 기기로 녹음한 소리가나지 ㅠ,2025-04-23
924,anunu.kr_2025-04-23,esc_studio,아구아구 야채도 잘먹눼ㅔㅔㅔ,2025-04-23
925,anunu.kr_2025-04-23,_berryjamjam,물에 탄건 뭔가용😍,2025-04-23
926,anunu.kr_2025-04-23,impulsecontrol_no,혹시... cottage cheese가 아니라 feta cheese 쓰셨나??? ㅠㅠ,2025-04-26
927,anunu.kr_2025-04-23,jay.eayo,소리가 미쳤슴다…,2025-04-23
928,anunu.kr_2025-04-23,jen_iffer321,Chiclete é,2025-04-28
929,anunu.kr_2025-04-23,emilyinsg,티파니도 과일은 안찍어먹어옄ㅋㅋㅋ 저도 생채소도좋아하고 마스타드 치즈 다좋아하는데 작년부터 보다가 어제 실제로해봤는데 코티지 치즈랑 머스타드+ 생야채 존맛탱 ㅠ,2025-07-19
930,anunu.kr_2025-04-23,rai_quia_,ㅋㅋ딸기는 찍는척만 해야해요,2025-04-25
931,anunu.kr_2025-04-23,uouv330,소리 미쳤다🔥,2025-07-22
932,anunu.kr_2025-04-23,s.xehx7,이 날따라너무 잘생기셨어…,2025-05-30
933,anunu.kr_2025-04-23,ssoooopink,마이크가 아쉬워요!!!!!!,2025-05-06
934,anunu.kr_2025-04-23,jen_iffer321,Tu tá comendo o quê,2025-04-28
935,anunu.kr_2025-04-23,mijean08,You’re supposed to use cottage cheese lol also I like making my plate with honey mustard,2025-04-30
936,anunu.kr_2025-04-23,hruaii_lhz._,@tiffanyymagee,2025-05-02
937,anunu.kr_2025-04-23,__i.l.a,@tiffanyymagee,2025-04-30
938,anunu.kr_2025-04-23,aysnrkrgny,She never ate her fruits with mustard,2025-07-28
939,anunu.kr_2025-04-22,shane_xv9,That screenshot got me lmao,2025-05-01
940,anunu.kr_2025-04-22,sn_muk,이거 내꺼구만 😂,2025-04-22
941,anunu.kr_2025-04-22,hand._.j0,전부터 궁금한건데 왜 프사가 없나요...?!,2025-04-23
942,anunu.kr_2025-04-22,limg._.0125_,프사..가 어디갔죠,2025-04-23
943,anunu.kr_2025-04-22,akmomma3,"If you tap around the edge of the lid on the counter, it will open.",2025-04-30
944,anunu.kr_2025-04-22,felmoiselle,I love you accent anyway.,2025-04-30
945,anunu.kr_2025-04-22,dyu2_97,싱크안맞아여..,2025-04-24
946,anunu.kr_2025-04-22,sweetshop_s2,아누누플레이트도 만들어주세요.. 따라먹겠어요!!!!!!!!,2025-04-22
947,anunu.kr_2025-04-22,ye.0young,틱톡에 나오신 분 눈깔이 ㄹㅈㄷ,2025-04-24
948,anunu.kr_2025-04-22,hyuni_99_,2편 어딨오용,2025-04-23
949,anunu.kr_2025-04-22,beautiful.healing.journey,저거 3년전부터 유행했던건데ㅋㅋㅋ 티파니 이제는 이온음료 광고도함,2025-04-23
950,anunu.kr_2025-04-22,by_the_way29,.,2025-07-20
951,anunu.kr_2025-04-22,satgotliz,that cottage cheese is so dry,2025-05-03
952,anunu.kr_2025-04-22,moveslikeyagger_,코티지 치즈가 왜 이렇게 건조해요? 비주얼은 페타로 보여요.,2025-05-01
953,anunu.kr_2025-04-22,ji_min_0109,@jeon_unni_ 언니도 이거 해주시면 안돼요?,2025-04-23
954,anunu.kr_2025-04-22,_huwnzo,맛있겠다…,2025-04-22
955,anunu.kr_2025-04-22,sadster_jinster,:),2025-04-22
956,anunu.kr_2025-04-22,so.y13_,팬계정인가요?찐계정이 아닌것같은데 부계정인가요?아님그냥 불펌인가요?,2025-04-24
957,anunu.kr_2025-04-22,y.seol8,@joyxyxm,2025-04-27
958,anunu.kr_2025-04-22,dolmaengeeeee,"흠 이거 아닌데 ㅠㅠ… .코스트코 치킨 소세지랑 (무조건 팍 터져야함) 미국에서 먹는 묽은 몽글몽글한 cottage cheese, 그리고 아마존에서 파는 blue electrolytes까지 먹어줘야 하는데!!!",2025-04-26
959,anunu.kr_2025-04-22,bbanghaejang,코하시구나서 이미지가 마니바뀌셨넹..😢 흠,2025-04-24
960,anunu.kr_2025-04-22,hee208500,남자아니다잉~~~,2025-04-22
961,anunu.kr_2025-04-22,kellys62,뚜껑 숟가락으로 톡톡 쳐주면 쉽게 열려욜,2025-04-23
962,anunu.kr_2025-04-22,eunvely_luvv,@jeon_unni_ 💗,2025-04-24
963,anunu.kr_2025-04-22,sslimeworkss,와 이걸 해주시다니,2025-04-28
964,anunu.kr_2025-04-22,wjunsu1018,ㅂㅍ,2025-04-28
965,anunu.kr_2025-04-22,__i.l.a,@tiffanyymagee look girl there trying your plate all the way in Korea lol,2025-04-30
966,anunu.kr_2025-04-22,martha.georgakopoulou,@tiffanyymagee,2025-05-01
967,anunu.kr_2025-04-22,fillyjin,that cheese looks like fta than cottage,2025-05-01
968,anunu.kr_2025-04-22,h_and_j_forever1,@tiffanyymagee,2025-05-01
969,anunu.kr_2025-04-22,hruaii_lhz._,@tiffanyymagee,2025-05-02
970,anunu.kr_2025-04-22,onedoyi_,Your scary,2025-05-06
971,anunu.kr_2025-04-22,tru030811,That’s feta not cottage cheese,2025-05-10
972,anunu.kr_2025-04-22,ijuncan36,프사가 뭐지,2025-05-23
973,anunu.kr_2025-04-22,mincx12,근데 처음에 왜캐 말처럼 먹냐,2025-05-31
974,anunu.kr_2025-04-22,norrarubene,"@tiffanyymagee this is so cool, i thought you would like to see this 🔥🤗",2025-06-04
975,anunu.kr_2025-04-22,dong_w_dw,발칸 아침식사 아잉교,2025-06-09
976,anunu.kr_2025-04-22,ig_choco_wooyou21,유리병 딸땐 수건 깔고 한번 내리치면 잘따짐,2025-07-22
977,anunu.kr_2025-04-22,12819q,브금이 숏박스네,2025-07-28
978,anunu.kr_2025-04-21,jeon_unni_,캬 이랄줄 알았다카니까네ㄱㅋㄱㄱ💕💕💕💕기가막히다😍😍😍😍,2025-04-21
979,anunu.kr_2025-04-21,love_twojun,저과자이름이뭐죠😍,2025-04-23
980,anunu.kr_2025-04-21,e0_.yk,안은우님 보면 다이어트 실패하게 되는 거 같아유...😢,2025-04-22
981,anunu.kr_2025-04-21,dongyul_ee,넘 맛있게 드심😍😍😍,2025-04-21
982,anunu.kr_2025-04-18,ms_samsisekki,판테놀 메모,2025-04-22
983,anunu.kr_2025-04-18,sherrylimc,해시태그만 보고 요거트 많이 먹어서 피부 좋아진 줄..,2025-04-22
984,anunu.kr_2025-04-18,yum_n_yumz,진짜 궁금해서 그러는데 요즘 왜 요거트boy가 된 거지?? 그냥 컨셉인가??,2025-04-23
985,anunu.kr_2025-04-18,"왜 자꾸 요거트에 말아 드시는지 궁금
dnxgasq",샤이샤이 밀키크림 선크림 바르기 전에 바르면 진심 미쳐요.,2025-07-19
986,anunu.kr_2025-04-16,yunyun81422_tree,아누누이 드시면 전 너무 먹고싶어요 ㅋㅋ 혹시 한국에서도 팔까싶어 엄청 찾아본다는 ㅋㅋㅋ,2025-04-16
987,anunu.kr_2025-04-16,ihittheroadrunningallthetime,아누누님 코딱지 동결건조해주세요,2025-04-16
988,anunu.kr_2025-04-16,breadhaircut_,조오오오오오온나 맛있음 이거. 걍 딸기우유. 물 타 먹어도 존나 진함,2025-04-18
989,anunu.kr_2025-04-16,ooyi._.01,어디서 구매 가능 한가요?😘,2025-04-14
990,anunu.kr_2025-04-16,sharonluv773,내살앙 플라이밀 고구마 콘맛도 진짜 존맛탱인데 딸기맛😍🍓,2025-04-14
991,anunu.kr_2025-04-16,jee._you,그렇군요,2025-04-14
992,anunu.kr_2025-04-16,2jm__ye,@zoanonline @minzzi.s 헐헐 딸기맛 나왔대!!!!ㅜ!!,2025-04-17
993,anunu.kr_2025-04-13,greek_n_green,요거트 선물해드리고 싶네요😍,2025-04-20
994,anunu.kr_2025-04-13,sung_eun_p,아니요거트왤케좋아해여ㅋㅋㅋㅋ 온통피드요거트ㅋㅋㅋㅋ,2025-04-13
995,anunu.kr_2025-04-13,zi_an_8.16,너무 맛있겠당😢,2025-04-13
996,anunu.kr_2025-04-13,love_2_rym,동결건조 해서 요거트에 말먹해주세요♥,2025-04-13
997,anunu.kr_2025-04-13,si.zx.05,어디서 사용??,2025-04-13
998,anunu.kr_2025-04-13,u_genieeeee,@hye__je0ng 이거 너가 좋아하겧당,2025-04-23
999,anunu.kr_2025-04-11,sung_eun_p,와먹어보고싶네요,2025-04-12
1000,anunu.kr_2025-04-11,dubu_.bichon,"프필이 왜 바꼈죠 ,,",2025-04-12
1001,anunu.kr_2025-04-11,yeong_e.ps,개구리 마시멜로 드실때 개구리 소리가 나는것같기도…😂😂,2025-04-24
1002,anunu.kr_2025-04-11,artist_sohee12,궁금하다😢,2025-04-17
1003,anunu.kr_2025-04-11,gyul.__,요거트볼 동결건조는 안나와여?,2025-07-21
1004,anunu.kr_2025-04-11,gks_tmf.dk_11,동결건조를 또 동결건조햐주새요,2025-06-09
1005,anunu.kr_2025-04-11,gyeoseomos,동결건조...해야겠죠?,2025-04-12
1006,anunu.kr_2025-04-08,yeah_na15,맛있지?,2025-07-17
1007,anunu.kr_2025-04-08,moon_ye.0106,욜거트랑 머거죠,2025-07-13
1008,anunu.kr_2025-04-08,thed_reamer27,이거 동결건조 해주세요ㅋㅋ,2025-04-16
1009,anunu.kr_2025-04-08,2ggani_,1빠ㅏ,2025-04-08
1010,anunu.kr_2025-04-08,hx.min7_,이번엔 요거트랑 안먹ㅇ요,2025-04-08
1011,anunu.kr_2025-04-08,___hye_2,아니 선물 의미가 있는데 지금 그젤리를 보고 뭔 생각에 상상에 상상을 더한거야,2025-04-08
1012,anunu.kr_2025-04-08,yoona_alice,혹시,2025-05-22
1013,anunu.kr_2025-04-08,"드셔보셨을수도 있는데..
편의점에서 파는 삽립호떡에
요거트찍어드시면 완전…❤️🔥
___hye_2",👽뀱두근쬰하루 되세요,2025-04-08
1014,anunu.kr_2025-04-08,jeon_unni_,딱딱한 빵에 발라무그쟈!!!!!,2025-04-08
1015,anunu.kr_2025-04-08,ddobok.store,요거트는 나무 스푼으로 먹는게 좋아요!!,2025-04-23
1016,anunu.kr_2025-04-08,"예쁜 우드스푼 하나 보내드릴게욥! 주소좀 알려주세여😮
mayunji87",와우 안 달아요?,2025-04-08
1017,anunu.kr_2025-04-06,hyunny1030,어디서 사셨는지도 알려주세요오 .. !! 😍❤️,2025-04-06
1018,anunu.kr_2025-04-06,seohyoweon303,요거트 대마왕 ㅋㅋ,2025-05-09
1019,anunu.kr_2025-04-06,catcafe_mnmn,나머글것도 못사니께 파삭 그만머거여😂😂😂,2025-04-07
1020,anunu.kr_2025-04-06,rami__0216,해외직구가 됐다면 왕창 쟁여 놓을텐데ㅜㅜ너무 맛있어보여요,2025-04-06
1021,anunu.kr_2025-04-06,blue___dew,요거트가 추천하는 요거트😂😂😂,2025-04-06
1022,anunu.kr_2025-04-06,_sharonpark_,하.. 파삭 언제 성공하지..,2025-04-25
1023,anunu.kr_2025-04-06,gimbomin20,요미남 요.거트에 미.친남.자,2025-04-17
1024,anunu.kr_2025-04-04,rami__0216,하...딸기 진짜 좋아하는데 동결건조 된것만 먹으면 유독 목이 간질간질해서 힘들더라구요ㅠㅠ 너무 아쉬운것...그치만 너무 먹고싶어요,2025-04-04
1025,anunu.kr_2025-04-04,one_door.0417,아누누님 요거트 정보좀요ㅠ,2025-06-08
1026,anunu.kr_2025-04-04,eszum__,동결건조 한걸 또 동결건조 하면 어케 됨?,2025-04-05
1027,anunu.kr_2025-04-02,jeon_unni_,나도 동결건조해달라고 할랬지만 그냥 이걸로 만족할게요ㄱㅋㄱㄱㄱㅋ😂😂😂,2025-04-03
1028,anunu.kr_2025-04-02,jeon_unni_,ㅋㅋㅋㅋㅋㅋㄱㅋㅋ 기둘💗💗💗,2025-04-03
1029,anunu.kr_2025-04-02,jeongjein33,아누누님 요거트 어디께에용? 넘 먹고 싶어요😍,2025-04-03
1030,anunu.kr_2025-04-02,moving_start,달달하니 맛있어 보이네유!,2025-07-29
1031,anunu.kr_2025-04-02,sujinmi54,콩피랑 요거트로 요거트바를 만들면 약간 쫀득쿠키 느낌 나려나여?😍,2025-04-02
1032,anunu.kr_2025-04-02,happy_suk_1,동결건조하면 더 달아지는ㄷ,2025-04-03
1033,anunu.kr_2025-04-02,ionut_13231,😂😂😂😂,2025-04-05
1034,anunu.kr_2025-04-02,kain.e2734,이거 걍 요거트에 묻어두고 담날에먹음 극락,2025-04-03
1035,anunu.kr_2025-04-01,h.xsol4,근데 파삭은 뭘 동결건조 한거임,2025-04-05
1036,anunu.kr_2025-04-01,iyeseul5033ii,❤️,2025-04-01
1037,anunu.kr_2025-04-01,kharolyntanjung,딸기아 넘 맛있게 보여ㅜㅜ,2025-04-02
1038,anunu.kr_2025-04-01,09._min,역시 아누누 센세는 배우신분!🔥,2025-04-01
1039,anunu.kr_2025-04-01,siun5612,혹시 엿 동결건조 그거 바나나 맛 아님요?,2025-07-28
1040,anunu.kr_2025-04-01,chaerin_4884,마늘 동결건조해주세영😮,2025-04-02
1041,anunu.kr_2025-04-01,siun5612,저 엿 편의점거 바나나 맛 나던데,2025-07-28
1042,anunu.kr_2025-04-01,cfood_mandoo,샤인머스켓이아니라 와사비콩같이생김,2025-04-03
1043,anunu.kr_2025-04-01,leroisme,권력진짜 ㄷㄷㄷㄷㄷ,2025-04-01
1044,anunu.kr_2025-04-01,o_0stay,요거트좌가되,2025-04-01
1045,anunu.kr_2025-04-01,seo_woo1014,접시를 동결건조 했다고 이해한나..지능수준이 점점 떨어진다,2025-07-17
1046,anunu.kr_2025-03-29,rami__0216,울려서 살짝 소리가 먹히는 느낌이 들지만서도 그걸 너가 이기는구나...하...먹어보고싶다...(가격 보고 눈물을 흘린다),2025-03-29
1047,anunu.kr_2025-03-29,byulda_,아누누님 근데 이렇게 매일 요거트 드시는데 장 건강 상태 어떠신가요 ㅋㅋㅋ 너무 궁금,2025-03-30
1048,anunu.kr_2025-03-29,sx.05o,요거트 말먹 검색하면 아누누님 나와요..,2025-06-10
1049,anunu.kr_2025-03-29,henrystar1020,와 3빠 형님,2025-03-29
1050,anunu.kr_2025-03-28,kangyeojin2022,🤤🤤🤤🤤🤤맛있겠네요,2025-03-28
1051,anunu.kr_2025-03-28,ihyeonseul44,맛있겠다,2025-03-28
1052,anunu.kr_2025-03-25,ms_samsisekki,와 나도 궁금해,2025-03-25
1053,anunu.kr_2025-03-25,_____3_3,어디서사나용,2025-03-25
1054,anunu.kr_2025-03-25,yunyun81422_tree,금귤씨 안 딱딱해요? 바삭한 소리 듣기 좋아요,2025-03-25
1055,anunu.kr_2025-03-25,stephaniekimchi,궁금하다 먹고싶다,2025-03-25
1056,anunu.kr_2025-03-25,_sharonpark_,저 아누누님 영상 하도 봐서 가정용 동결건조기도 검색해봤잖아요(?) 😅🤣🫶,2025-03-26
1057,anunu.kr_2025-03-25,y_xujo,동결건조기 얼마에요,2025-03-31
1058,anunu.kr_2025-03-25,b__b__9__,한입만 주세여,2025-03-29
1059,anunu.kr_2025-03-25,min_11_46,뭐지 불펌인가?,2025-03-27
1060,anunu.kr_2025-03-25,jamjam_sesame,이거 팔아주세요 ㅠㅠ 동결건조 낑까앙~~~~,2025-03-26
1061,anunu.kr_2025-03-25,stephaniekimchi,^_^,2025-03-25
1062,anunu.kr_2025-03-25,jjjjjjjjiyoon,반건조궁금쓰,2025-03-26
1063,anunu.kr_2025-03-25,79woossang,이것도 팝시다🙌,2025-03-26
1064,anunu.kr_2025-03-25,58__ksh,간장게장 동결건조 해주세요,2025-03-27
1065,anunu.kr_2025-03-25,louv_430,그 금귤이 낑깡? 아니에여?,2025-03-25
1066,anunu.kr_2025-03-25,_opal_j_,와 부럽다 .. 동결건조 기계랑 같이 납치하곡싶다 ….ㅋㅋㅋㅋㅋㅋㅋㅋㅋ,2025-03-25
1067,anunu.kr_2025-03-25,naeun_0982,10점 만점에 100점!!!🔥🔥,2025-03-25
1068,anunu.kr_2025-03-25,zi_an_8.16,나도 먹고 싶다..😢,2025-03-25
1069,anunu.kr_2025-03-25,aileeu_n,요거트를 왜 이렇게 좋아하시는거죸ㅋㅋ̄̈ㅋ꙼̈ㅋ̆̎ㅋ̐̈ㅋ̊̈,2025-03-25
1070,anunu.kr_2025-03-25,yunmbd,맨날 뿌려먹는 저 요거트는 어디껀가요?😂😂,2025-03-26
1071,anunu.kr_2025-03-25,sarangi6110,아누누 머리 어떻게 ㅋㅋ,2025-03-26
1072,anunu.kr_2025-03-25,koungyul,껍질 안까고 먹어도 되나요??,2025-03-26
1073,anunu.kr_2025-03-25,catcafe_mnmn,팔아줘여😢,2025-03-27
1074,anunu.kr_2025-03-25,do.znk_11,씨 안 들어있나요?,2025-03-27
1075,anunu.kr_2025-03-25,kimwoojae2013,금귤정과 동결건조 해주세요ㅠㅠ,2025-03-27
1076,anunu.kr_2025-03-25,siwoo._.v,궁금해요 😢😢😢,2025-03-28
1077,anunu.kr_2025-03-25,yu_____joo,집에서 동결건조 우째하는데여!!!!,2025-03-28
1078,anunu.kr_2025-03-25,h._.jik,팔아주새요.....😢,2025-03-29
1079,anunu.kr_2025-03-25,y.erin9_,100번째 릴스,2025-03-29
1080,anunu.kr_2025-03-25,tnswls27,와 이건 진짜사고싶다 ㅠㅠ,2025-03-30
1081,anunu.kr_2025-03-25,pej3114,팔아주세요👏🏻,2025-03-30
1082,anunu.kr_2025-03-25,aaron_fj86_2,이젠 집에 동결건조기 하나쯤 나둬야할 느낌임,2025-03-30
1083,anunu.kr_2025-03-25,kms5351,신발을 튀겨도 맛있다는데 동결건조도 그럴까요?😂😂😂,2025-03-30
1084,anunu.kr_2025-03-25,ch_mi04,낑깡 동결건조에 초코묻혀서 먹으면 맛있을것같아요!!,2025-03-30
1085,anunu.kr_2025-03-25,baebae216,동결건조 어케하나여??? 개인이집에서😮가능한가요???,2025-03-30
1086,anunu.kr_2025-03-25,_ch_hxx._,무슨 요거트에여,2025-03-30
1087,anunu.kr_2025-03-25,jhslove09,이거 사먹고싶네유,2025-04-03
1088,anunu.kr_2025-03-25,pepefefeio,요거트나왔닼ㅋㅋㅋㅋㅋㅋㅋ찐존맛탱인갑닼ㅋㅋㅋㅋㅋㅋㅋㅋㅋㅋㅋ,2025-04-05
1089,anunu.kr_2025-03-25,onyu88,이거 팔아주세요....!!!,2025-04-11
1090,anunu.kr_2025-03-25,____haena____,씨 없어용?😮,2025-04-17
1091,anunu.kr_2025-03-25,chungmini_,와ㅡ동결건조기 지름 영상....먹는영상에서 금귤이 최고봉인듯...,2025-04-23
1092,anunu.kr_2025-03-25,bbu.__.k,이정도면 요거트를 만들어 파심이….ㅋㅋㅋㅋㅋㅋㅋㅋㅋㅋㅋㅋㅋ,2025-04-26
1093,anunu.kr_2025-03-25,se0.jux12,별명 요친놈으로 바꾸시죠,2025-05-01
1094,anunu.kr_2025-03-25,jung_jun2.00,요거트 어디꺼 드시나요??,2025-06-06
1095,anunu.kr_2025-03-25,ne_.kim12,저러다가 피가아니라 요거트나오는거 아냐?,2025-06-06
1096,anunu.kr_2025-03-25,hold_a_memory_7,혹시 뚱카롱동결건조도 해주실수 있으실까요?,2025-06-16
1097,anunu.kr_2025-03-24,jeong_hh_876,정말 맛있겠어요😍❤️❤️,2025-04-04
1098,anunu.kr_2025-03-24,xse0u_,❤️❤️,2025-05-18
1099,anunu.kr_2025-03-24,seong_bk,진짜… 먹어보고싶어요……..,2025-03-24
1100,anunu.kr_2025-03-24,yujinping_11.16,요거트는 뭐드세여?!,2025-03-26
1101,anunu.kr_2025-03-24,b_jiyeon2,제발 구입하게 해주세요😂,2025-03-24
1102,anunu.kr_2025-03-24,ddo.ho,진짜 사르르 녹음...🥹,2025-03-24
1103,anunu.kr_2025-03-24,2ggani_,진짜 아누누예요?,2025-03-24
1104,anunu.kr_2025-03-24,arntkk,"Kalau di Indonesia, tempat makan kamu sudah di jadikan aquarium ikan cupang 😁",2025-05-03
1105,anunu.kr_2025-03-20,rami__0216,"아 저 꾸덕해서 목에 턱 걸리는 저 느낌이 좋은거 인정이요 ㅋㅋㅋ 저러고나서 우유나 커피, 누누님처럼 요거트로 내리면 세상 시원해요!!! 아 영상 보니까 땅긴다 사러가야지",2025-03-20
1106,anunu.kr_2025-03-20,_berryjamjam,요거트 어디 제품꺼 드시는지 궁금해여😮,2025-03-21
1107,anunu.kr_2025-03-20,esc_studio,갑쟈기 애슐리 가고싶다.....😢😢✨,2025-03-20
1108,anunu.kr_2025-03-20,witty.kitty.yeon,이거 오레오가 진짜 맛잇는데,2025-05-10
1109,anunu.kr_2025-03-20,jinjin_0826,가래떡에 요거트 나만 맛있나,2025-07-20
1110,anunu.kr_2025-03-20,lm_.2011,이거 오래오맛 있어요,2025-04-02
1111,anunu.kr_2025-03-20,lee_jh_11,나랑 똑같내 은근 좋음,2025-04-23
1112,anunu.kr_2025-03-20,ch.6yn_,요거트 동결건조햐주쎄욤,2025-04-28
1113,anunu.kr_2025-03-20,12qwer698,이것도 동결건조 해주세요,2025-07-14
1114,anunu.kr_2025-03-20,naengeie,부럽다,2025-06-24
1115,anunu.kr_2025-03-20,hipvly_daji,ㅜㅜ대회끝나면 당장 주문해야겠어요 크,2025-03-22
1116,anunu.kr_2025-03-20,yejin_is_love,부자다,2025-06-24
1117,anunu.kr_2025-03-20,d0_bix,요거트를 마시는사람은 또 처음이여ㅋㅋ,2025-07-15
1118,anunu.kr_2025-02-23,_____.eunseol._____,초등학교때 펌프장에서 살았는데ヲｦヲｦヲｦヲｦヲヲｦヲｦヲｦヲｦヲヲｦヲｦヲｦヲｦヲ,2025-05-01
1119,anunu.kr_2025-02-23,"펌프장에서 묘기부리던 형제 있었는데.....🙌
sn_muk",이야 둘이 미쳤다 나 언제감,2025-02-23
1120,anunu.kr_2025-02-23,norutagram,총맞음?,2025-02-23
1121,anunu.kr_2025-02-23,hi_zihwan,ㅁㅊㄷ.. 아누누선생님 101클래스로 펌프잘하는법 해도될거같아요,2025-02-23
1122,anunu.kr_2025-02-23,yeryeongjo_,@_hsang ㅋㅋㅋㅋㅋㅋㅋㅋ선배아녀?,2025-03-27
1123,anunu.kr_2025-02-02,jeon_unni_,하 기여워가지고 그냥!!!!!!!!!!!!!!,2025-02-02
1124,anunu.kr_2025-02-02,iamrimirim,ㅋㅋㅋㅋㅋㅋㅋ우와 ㅋㅋㅋㅋㅋ대박,2025-02-02
1125,anunu.kr_2025-02-02,eddiec.u,😂😂😂😂😂,2025-02-02
1126,anunu.kr_2025-02-02,sherrylimc,이거 찍으러 여행간 거 맞죠?,2025-02-03
1127,anunu.kr_2025-02-02,ms_samsisekki,이러면 걍 살빠지겠네…..,2025-02-02
1128,anunu.kr_2025-02-02,hi_zihwan,와 여기 어느나라 맥도날드에여 당장 가서 스낵랩 10개먹고 저거 달려야겠어요;;,2025-02-02
1129,anunu.kr_2025-02-02,jabsik_dinosaur,ㅋㅋㅋㅋㅋㅋㅋㅋㅋㅋㅋㅋㅋㅋㅋㅋㅋㅋㅋㅋㅋㅋㅋㅋㅋㅋㅋㅋㅋㅋㅋㅋㅋㅋㅋㅋㅋ꙼̈ㅋ̆̎ㅋ̊̈ㅋ̌̈ㅋ̄̈ㅋ̐̈ㅋ̑̈ㅋ̆̈,2025-02-03
1130,anunu.kr_2025-01-19,ms_samsisekki,목포 진짜 맛의 도시……,2025-01-19
1131,anunu.kr_2025-01-19,yurlm._.97.11.11,목포 쫀디기도 맛있는데.. ㅠ,2025-02-03
1132,anunu.kr_2025-01-19,rami__0216,"먹거리 많아서 볼때마다 군침 흐르고 유피피님은 추운날씨에 치마라니..,!!! 담요 덮어드리고싶어요!!",2025-01-19
1133,anunu.kr_2025-01-19,sn_muk,또 땡기네…🍓,2025-01-19
1134,anunu.kr_2025-01-19,esc_studio,저 요거트 아이스크림집... 줄서겠다..🥲,2025-01-19
1135,anunu.kr_2025-01-18,aje_321,I’ll order one for myself,2025-04-03
1136,anunu.kr_2025-01-18,niyaabae_._,I would of ate that by myself,2025-04-03
1137,anunu.kr_2025-01-18,deadgurljae,I didn’t think they actually ate all of the strawberries in the vids that look like this,2025-04-02
1138,anunu.kr_2025-01-18,fatimasalim841,يعجبوني الناس الي قدرون النعمه 👏👏,2025-04-06
1139,anunu.kr_2025-01-18,ljadiva,I’ll t take two please,2025-04-02
1140,anunu.kr_2025-01-18,mzxaeno,저도 껴주세요,2025-04-06
1141,anunu.kr_2025-01-18,natach4souzx,Mas eu como sozinha isso ai,2025-04-05
1142,anunu.kr_2025-01-18,lobaksayurrr_791,Ih mauuuu😭,2025-04-07
1143,anunu.kr_2025-01-18,vic__marques,eu comeria um sozinha,2025-04-05
1144,anunu.kr_2025-01-18,troollyse,나도 참여할 수 있나요?,2025-04-09
1145,anunu.kr_2025-01-18,iremqxw0,Bendeeee,2025-04-05
1146,anunu.kr_2025-01-18,mijinomi_jvj,Omg,2025-04-07
1147,anunu.kr_2025-01-18,olwngk15,아니 형 근데 나 목포사는데 형 한번도 못봤다고 ㅠㅠ,2025-04-16
1148,anunu.kr_2025-01-18,vtrz_jshl,❤️,2025-04-05
1149,anunu.kr_2025-01-18,icnrsaid,tebak siapa yg pling bnya mkn?,2025-04-05
1150,anunu.kr_2025-01-18,another_macha,bagi,2025-04-06
1151,anunu.kr_2025-01-18,chaasynsycca,chukae,2025-04-05
1152,anunu.kr_2025-01-18,mirkosimonettii,gnam 😢😍,2025-04-05
1153,anunu.kr_2025-01-18,ravvwr,This and yap,2025-04-05
1154,anunu.kr_2025-01-18,kelorkeduaa,@aan.alfathir diabetes gasi kita,2025-04-06
1155,anunu.kr_2025-01-18,winaamalau,Sendiri doang saya disini,2025-04-05
1156,anunu.kr_2025-01-18,yk.hannah.do.it.best,Ughh I bett it was so good 🤤,2025-04-05
1157,anunu.kr_2025-01-18,ariessep2,Ini kalo di indo 5 menit dah cair,2025-04-06
1158,anunu.kr_2025-01-18,collins.sbc,are they alive?,2025-04-06
1159,anunu.kr_2025-01-18,_nurul.nul5,ko ga ngajak aku kalian🤬🤬🤬,2025-04-07
1160,anunu.kr_2025-01-18,shs_xz6,Podría comerlo yo sola 😌,2025-04-06
1161,anunu.kr_2025-01-18,rgynaika_,ga ngajak lu anunu,2025-04-05
1162,anunu.kr_2025-01-18,nann0nwantscats,I would def get the middle at first,2025-04-06
1163,anunu.kr_2025-01-18,hayley_4512,This and a yap session,2025-04-06
1164,anunu.kr_2025-01-18,fearlesswiffties,katanya di grup gajadi,2025-04-07
1165,anunu.kr_2025-01-18,nan_0d,Gue dg kesadaran penuh ambil dari tengah,2025-04-06
1166,anunu.kr_2025-01-18,demeterlei,Wow拉出来的💩都得是红色的吧（,2025-04-05
1167,anunu.kr_2025-01-18,aila.ci,16주좋아요 2개답글 달기,2025-04-07
1168,anunu.kr_2025-01-18,oi3ana,"Untung nga puasa , ngences dikit 😍",2025-04-12
1169,anunu.kr_2025-01-18,mozaxx36,Fruter sawrmah,2025-04-06
1170,anunu.kr_2025-01-18,muammedazuz,🫥,2025-04-06
1171,anunu.kr_2025-01-18,donia_meleek,Haw rassi,2025-04-06
1172,anunu.kr_2025-01-18,thayluvdevin7,Girl in the middle is pretty what’s her @,2025-04-06
1173,anunu.kr_2025-01-18,xz_0xy,กินเสร็จรูดเสาต่อ,2025-04-05
1174,anunu.kr_2025-01-18,seungminnie_143__m,+10000Kilos🙌,2025-04-06
1175,anunu.kr_2025-01-18,darealshmk19tv,All of us not sharing this lol,2025-04-06
1176,anunu.kr_2025-01-18,lifeofnayna,mmm,2025-04-06
1177,anunu.kr_2025-01-18,vincent.seow0,16주좋아요 1개답글 달기,2025-04-06
1178,anunu.kr_2025-01-18,_ayeon_kim,헐 여기 우리 외할머니 집에서 5분거리라 할머니집 가면 맨날갔었는데,2025-04-06
1179,anunu.kr_2025-01-18,2n.dsoon,ajak aku dong,2025-04-06
1180,anunu.kr_2025-01-18,imell.darvsha_,gariung,2025-04-06
1181,anunu.kr_2025-01-18,br0gurttt__,Invite me next time PLEASE,2025-04-06
1182,anunu.kr_2025-01-18,khanacutie,When,2025-04-06
1183,anunu.kr_2025-01-18,s.hw_2012,류라이 부르면 다먹을듯,2025-04-06
1184,anunu.kr_2025-01-18,youcantf1ndamy,Me in the morning 😔,2025-04-06
1185,anunu.kr_2025-01-18,brawler__name,2 dklık işi var,2025-04-06
1186,anunu.kr_2025-01-18,yoki_.33,سيخ فراوما,2025-04-07
1187,anunu.kr_2025-01-18,yuxg_wavy416,16주좋아요 1개답글 달기,2025-04-07
1188,anunu.kr_2025-01-18,"번역 보기
1804.xeno",What my time limit,2025-04-07
1189,anunu.kr_2025-01-18,rosesarevoid,how can you guys eat so calm,2025-04-07
1190,anunu.kr_2025-01-18,_enayyl,MAUUUU,2025-04-07
1191,anunu.kr_2025-01-18,hawrassyfa,My friend : I'll tel u something🙌,2025-04-07
1192,anunu.kr_2025-01-18,nikisa196,@thebestlamineyamalfan,2025-04-07
1193,anunu.kr_2025-01-18,e.eelciny7,sonra otursunlar onun üstüne sşsğwkdğwmdöwmxlwödjwne,2025-04-08
1194,anunu.kr_2025-01-18,n.sener1ty,I want 😭,2025-04-08
1195,anunu.kr_2025-01-18,syaarainn_,beku pala gw,2025-04-08
1196,anunu.kr_2025-01-18,_jm11x,Why did o think they were building it at first😭😭💀,2025-04-08
1197,anunu.kr_2025-01-18,elkay._07,Huge epitite😮,2025-04-08
1198,anunu.kr_2025-01-18,an.iyah884,Why ya take so long 😭,2025-04-08
1199,anunu.kr_2025-01-18,the_allmighty.one,Strawberries and cream da loooooooooooong way,2025-04-08
1200,anunu.kr_2025-01-18,caw0o0__,bandung ada ga ya.. 😅,2025-04-08
1201,anunu.kr_2025-01-18,itz.__.henu,Taehyung and hobi will love this 🌷😭✨,2025-04-08
1202,anunu.kr_2025-01-18,metimesea,@f4hr1_11,2025-04-08
1203,anunu.kr_2025-01-18,inspiration_is_copied,Am I on Mimi’s fyp? Lmao,2025-04-08
1204,anunu.kr_2025-01-18,i_70xb,와 신기하다,2025-04-08
1205,anunu.kr_2025-01-18,shamyaa717,Yummy in my tummy,2025-04-08
1206,anunu.kr_2025-01-18,mwah.zoey,i would eat every strawberry,2025-04-08
1207,anunu.kr_2025-01-18,salha_022,الله احسه لذيذ😍😍😍,2025-04-09
1208,anunu.kr_2025-01-18,commedeuxetoiles_,ท้องเสียไหม5555,2025-04-09
1209,anunu.kr_2025-01-18,aki._.kiel,@franxanyy_,2025-04-09
1210,anunu.kr_2025-01-18,alnooshy_48,صيخ فراوله 😍,2025-04-09
1211,anunu.kr_2025-01-18,3aiitt,صابني سُكِر فقط من المنظر,2025-04-09
1212,anunu.kr_2025-01-18,_bijjk94,Ice cream?,2025-04-09
1213,anunu.kr_2025-01-18,wz.glazielle0,Super comeria af,2025-04-09
1214,anunu.kr_2025-01-18,_ticiah._,I would eat it by myself 😅,2025-04-09
1215,anunu.kr_2025-01-18,rosfilixi,y uno muriendose de hambre,2025-04-09
1216,anunu.kr_2025-01-18,chile.0099,Awesome 😎,2025-04-09
1217,anunu.kr_2025-01-18,bia14._,15주좋아요 1개답글 달기,2025-04-09
1218,anunu.kr_2025-01-18,0_ten.ktos_0,Zjadłabym na raz nawet z tą miska i rurą,2025-04-09
1219,anunu.kr_2025-01-18,direwoman07,another tower is down💔,2025-04-09
1220,anunu.kr_2025-01-18,caa.hrbyy,Cowo baju item apa g enek?? 🗿,2025-04-09
1221,anunu.kr_2025-01-18,hasifaaulia_,❤️❤️❤️,2025-04-09
1222,anunu.kr_2025-01-18,no.or_m24,15주좋아요 1개답글 달기,2025-04-09
1223,anunu.kr_2025-01-18,barbarian0007,i would solo this sh*t in less😂,2025-04-09
1224,anunu.kr_2025-01-18,hx_nx.05,มันก้ได้เรื่อยๆอะเนาะ,2025-04-09
1225,anunu.kr_2025-01-18,camilohbz,Bro is high af😭,2025-04-10
1226,anunu.kr_2025-01-18,_dan9one_,15주좋아요 2개답글 달기,2025-04-10
1227,anunu.kr_2025-01-18,xxmosqxx,好快樂呀~😍,2025-04-10
1228,anunu.kr_2025-01-18,7mimithv,"E no final fala ""mas quem somos nós pra julgar, ne?",2025-04-10
1229,anunu.kr_2025-01-18,xthegirlinyourdreamsx,strawberries the loooong way,2025-04-10
1230,anunu.kr_2025-01-18,muncaal,us @_ji.30 🤝,2025-04-10
1231,anunu.kr_2025-01-18,_xxycaa246,@keisyrnii @ininayaaww_ @aqhyy_ @xyl4.xux @scnd_z5 ku ingat ki itu sumala yg sate kepala,2025-04-10
1232,anunu.kr_2025-01-18,jeongsaim1,우와!,2025-01-18
1233,anunu.kr_2025-01-18,snwe_n,👏👏👏와우 대박,2025-01-18
1234,anunu.kr_2025-01-18,tangerinelovesomuchgirl,chill이머예요,2025-01-18
1235,anunu.kr_2025-01-06,food_play88,악ㅋㅋㅋㅋㅋㅋㅋㅋ 빵터짐요,2025-01-06
1236,anunu.kr_2024-12-04,lovelyaralla,나도 데려가줘여🙌,2024-12-04
1237,anunu.kr_2024-12-04,esc_studio,저는 누누님이랑 만들래요,2024-12-04
1238,anunu.kr_2024-12-04,covitcorona18,❤️,2024-12-22
1239,anunu.kr_2024-12-04,ms_samsisekki,펌프 쫌 하네요? 나랑 터키행진곡 드가야겠다 우리 누누님,2024-12-04
1240,anunu.kr_2024-12-04,cho10000cho,헙..😢,2024-12-04
1241,anunu.kr_2024-12-04,robiul.hsasn.98,😍😍😍😍,2024-12-31
1242,anunu.kr_2024-12-04,robiul.hsasn.98,😍😍😍😍😍😍,2024-12-31
1243,anunu.kr_2024-12-04,_dabni_,펌프 개잘해...,2024-12-04
1244,anunu.kr_2024-12-04,gimjiweon3966,내 생일 날 앨범 나온다,2024-12-05
1245,anunu.kr_2024-12-04,ixxgia,31주답글 달기,2024-12-20
1246,anunu.kr_2024-12-04,robiul.hsasn.98,고마워요 디디,2024-12-31
1247,anunu.kr_2024-12-04,k1o._xw,데뷔팬인데 너무 부러워요ㅠ,2024-12-04
1248,anunu.kr_2024-12-04,ixxgia,31주답글 달기,2024-12-20
1249,anunu.kr_2024-12-04,shcho_chaeyo.0,진심 개부럽대,2024-12-19
1250,anunu.kr_2024-12-04,sdvx_kr7,다음에 펌프하실때는 더블도 함 조저주세요😢,2025-05-14
1251,anunu.kr_2024-12-04,dahyi2664,ㅜㅜ,2025-05-15
1252,anunu.kr_2024-12-04,leekkkkmin,ㅈㄴ부럽네,2024-12-23
1253,anunu.kr_2024-12-04,skyyeepink1611,Fuji,2024-12-15
1254,anunu.kr_2024-11-13,seah_ssam,이 케미 직관했던 사람으로서 무조건 손발 다 들고 대찬성!!!🙌🏻🙌🏻🙌🏻🙌🏻🙌🏻🙌🏻,2024-11-13
1255,anunu.kr_2024-11-13,24seone,케미가 아주 웃기구 좋아요🥰🥰,2024-11-13
1256,anunu.kr_2024-11-13,kaoeomma,캐미너무좋고 사이좋은 남매같아요♡♡♡♡♡ 제가 봤을때 유력합니다요!!!🧐🧐먼저 축하드립니다♡♡♡👏👏👏👏,2024-11-14
1257,anunu.kr_2024-11-13,geunseon43,🤚🤚🤚미리 축하드립니다👍,2024-11-13
1258,anunu.kr_2024-11-13,joesuyeon17,"이 커플, 이 조합 아니면 수상 할 팀 없지~~~🎉",2024-11-15
1259,anunu.kr_2024-11-13,maaanjiii,나나나나나나나🙌🙌🙌🙌🙌,2024-11-13
1260,anunu.kr_2024-11-13,doyoonholic,"아누누는 숏츠영상보다 밖에나가서남이찍어주는 영상에나오는모습이 더잘생김.....,....",2024-11-13
1261,anunu.kr_2024-11-13,anunu.kr,수상했음 좋겠다 손👋🏻 일단 나👋🏻👋🏻👋🏻👋🏻👋🏻👋🏻👋🏻👋🏻👋🏻👋🏻👋🏻,2024-11-13
1262,anunu.kr_2024-11-13,seul__8.30,당연한걸 울언니가 가져가야지 !!!!!!!! 화팅!!¡❤️❤️,2024-11-13
1263,anunu.kr_2024-11-13,tjs030405,당연히 받아야지요 아누누님과 젼언니 제일 캐미가 멋드러져브러,2024-11-13
1264,anunu.kr_2024-11-13,hp_makeup.kr,나 손!,2024-11-13
1265,anunu.kr_2024-11-13,yejin__67,기빨리는 안은우님,2024-11-23
1266,anunu.kr_2024-11-13,hp_makeup.kr,나나나나나나,2024-11-13
1267,anunu.kr_2024-11-13,yoon_eunsook0425,넘나 조아하는 두분 베커상 꼭 받았으면 좋겠슴돠❤️ 어워즈날 아는척하러 달료갑뉘돠,2024-11-13
1268,anunu.kr_2024-11-13,mangojerryy,둘다 너무 좋아😍,2024-11-13
1269,anunu.kr_2024-11-13,stephaniekimchi,🙋🏻‍♀️🙋🏻‍♀️🙋🏻‍♀️🙋🏻‍♀️🙋🏻‍♀️,2024-11-13
1270,anunu.kr_2024-11-13,ringring_unni,나나나나 손손손🙌👏👏👏👏,2024-11-13
1271,anunu.kr_2024-10-19,esc_studio,와...진짜 아이디어다..✨,2024-10-19
1272,anunu.kr_2024-10-19,qoajshbdfi99,오 이건 애기들이 좋아하겠다,2025-05-13
1273,anunu.kr_2024-10-19,gw080513,이거 나온지 얼마나 됐는데 ㅋㅋ,2024-10-19
1274,anunu.kr_2024-10-19,aguccim119,누누님!!!! 두바이초콜릿 동결건조 해주실래요?😢,2024-11-01
1275,anunu.kr_2024-10-19,u_maru__,이거 마싯어용 ㅋㅋㅎㅋ,2024-10-19
1276,anunu.kr_2024-10-19,jenny77446699,라바삭 동결건조 해주세요😢,2024-10-26
1277,anunu.kr_2024-10-19,wlghehdtod,누누님! 저 아누누님 유튭에서보다가 인스타에서 보려고 깔았습니당! 오빠 동결건조 가쟈!,2024-11-02
1278,anunu.kr_2024-08-07,stellan.ssh,Alcoholics ❌ coffeeholics ✅,2024-11-16
1279,anunu.kr_2024-08-07,_joyuni_,요즘 다이소에서 품절땜에 구하기 힘든 껍질째먹는 모찌도 먹어주세요!🥹,2024-10-11
1280,anunu.kr_2024-08-07,nope.1234565,Why’d he fly a plane to a convenient store,2024-10-11
1281,anunu.kr_2024-08-07,sy0_814,두바이 초콜릿동결건조,2024-09-25
1282,anunu.kr_2024-08-07,kim_jung_a01318,본인 얼굴은 정지 화면 이에요???,2024-09-18
1283,anunu.kr_2024-08-07,pleasant0102,👏,2024-08-11
1284,anunu.kr_2024-08-07,pleasant0102,this is nice bag❤️,2024-08-09
1285,anunu.kr_2024-08-07,jangseongweon821,제품명이 어떻게되나요?,2024-08-08
1286,anunu.kr_2024-08-07,sun9min,AA,2024-08-07
1287,anunu.kr_2024-08-07,adoki_x,💜💜💜💜,2024-08-07
1288,anunu.kr_2024-07-16,sy0_814,두바이 초콜릿동결건조 제발!,2024-09-25
1289,anunu.kr_2024-07-16,aprilmayjune44,I’m pretty sure that’s delish,2024-08-11
1290,anunu.kr_2024-07-16,macchitellatiziana,@luluregina87 ma perché???,2024-08-08
1291,anunu.kr_2024-07-16,naiaratvg,Comeria!!! Fiquei curiosa! 🇧🇷,2024-08-08
1292,anunu.kr_2024-07-16,gabrielacicerani,"I am Italian and I feel so sick, but why u do this? My god",2024-08-07
1293,anunu.kr_2024-07-16,wasia_dasia,The only candied food ide try is the candied Popeyes chicken and biscuits,2024-08-06
1294,anunu.kr_2024-07-16,sasatgcjjgd,I want to try this😢,2024-08-06
1295,anunu.kr_2024-07-16,madcap_maneesh,Aliens Living among us.,2024-08-05
1296,anunu.kr_2024-07-16,innocenti_vanessa,51주답글 달기,2024-08-05
1297,anunu.kr_2024-07-16,_pav__ish29,Italy gonna arrest you 💀,2024-08-05
1298,anunu.kr_2024-07-16,steviejr655321,@lionfieldmusic,2024-08-05
1299,anunu.kr_2024-07-16,anushkashharmaa,its a crime,2024-08-05
1300,anunu.kr_2024-07-16,zaithbendezu,This is worse than Hawaiian pizza,2024-08-05
1301,anunu.kr_2024-07-16,_teenyqueeny1,It’s the song in the background for me 😂,2024-08-05
1302,anunu.kr_2024-07-16,cleversn59,Interesting,2024-08-05
1303,anunu.kr_2024-07-16,rockin_punk7,Wh- why?! No! Don’t ruin pizza for me and off topic question but still about pizza are the 7 eleven pizzas good or nah?,2024-08-05
1304,anunu.kr_2024-07-16,gazou.off,I only see the amount of calories you will have to burn 🔥 after that,2024-08-05
1305,anunu.kr_2024-07-16,ashstaytruefooo,😒,2024-08-05
1306,anunu.kr_2024-07-16,erinneriah,"Obesity calling,diabetes calling",2024-08-05
1307,anunu.kr_2024-07-16,dariaaperez,Italian heartbreak 💔💔💔👎🏽,2024-08-04
1308,anunu.kr_2024-07-16,ane_dan13,@lionfieldmusic,2024-08-04
1309,anunu.kr_2024-07-16,borynnstarr,Weird,2024-08-04
1310,anunu.kr_2024-07-16,_melllonnne,🤢,2024-08-04
1311,anunu.kr_2024-07-16,mandiadams80,They have took the candy to far,2024-08-04
1312,anunu.kr_2024-07-16,getitgotitgoody,Pizza isn't unhealthy enough so let's add a layer of sugar to give the ol pancreas a run for its money. Smh,2024-08-04
1313,anunu.kr_2024-07-16,ghoul_princess_,I personally think this would be good because I love hot honey on pizza :p,2024-08-04
1314,anunu.kr_2024-07-16,saiko_36,🤮🤮🤮🤮,2024-08-04
1315,anunu.kr_2024-07-16,ghaidamirza,That’s just disgusting,2024-08-04
1316,anunu.kr_2024-07-16,aly.ym_gos__,😢,2024-08-04
1317,anunu.kr_2024-07-16,fran_addams,Porcodio che schifo,2024-08-04
1318,anunu.kr_2024-07-16,dha.myaa,big backtivities,2024-08-03
1319,anunu.kr_2024-07-16,maru_habiba_,"You're a man, why do you do make-up?",2024-08-03
1320,anunu.kr_2024-07-16,itsfreddini,Cosa cazzo ho appena visto,2024-08-03
1321,anunu.kr_2024-07-16,real_cherry_52,Oh nojeira,2024-08-02
1322,anunu.kr_2024-07-16,pilar_zs,😮😮😮😮,2024-08-02
1323,anunu.kr_2024-07-16,sofifia0h,"In brazil, we have sweet pizzas, Nutella, strawberry, Milk powder, all together",2024-08-01
1324,anunu.kr_2024-07-16,eito_vjsymy,まずそう,2024-08-01
1325,anunu.kr_2024-07-16,keropl4yboi,👮🏻‍♂️🚔🚨🚨,2024-07-31
1326,anunu.kr_2024-07-16,shir_bunny_2110,Tiramisu cake yeaa,2024-07-31
1327,anunu.kr_2024-07-16,candy_prince_gumball,@lionfieldmusic,2024-07-31
1328,anunu.kr_2024-07-16,roseaine_ni_heidirsceoil,If you like pineapple and pepperoni.. Pepperoni with honey.. Then I think candy pizza will be delicious too.,2024-07-31
1329,anunu.kr_2024-07-16,k___hhhjjj,와 저거 한판먹으면 일찍죽을듯,2024-07-23
1330,anunu.kr_2024-07-16,loveme___j,"@woonbiiwoonbiiwoonbii 너라면 좋아할거 같아,,",2024-07-22
1331,anunu.kr_2024-07-16,gimdonghun440,두바이초콜릿 동결건조안돼나여?,2024-07-20
1332,anunu.kr_2024-07-16,suelnfernanda,"Parece bom, farei porque fiquei com vontade kkkk 🇧🇷",2024-07-18
1333,anunu.kr_2024-07-16,ha_ha_ho_12,음원킹받네요,2024-07-18
1334,anunu.kr_2024-07-16,kdramaholic_kdramaholism89,Adorable ❤️❤️❤️❤️,2024-07-17
1335,anunu.kr_2024-07-16,kdramaholic_kdramaholism89,😍😍😍😍😍😍😍,2024-07-17
1336,anunu.kr_2024-07-16,_opal_j_,음원 미쳐버리겠넼ㅋㅋㅋ티라미슈케잌~~ 하고 뒷부분 나올듯한데 안나왕아아악 !!ㅋㅋㅋㅋ,2024-07-16
1337,anunu.kr_2024-07-16,vandokelvin,Crazy 😮😮😮,2024-07-16
1338,anunu.kr_2024-07-16,dokdo_korea_sm,음원 직접 부른거ㅋㅋㅋㅋㅋㅋ,2024-07-16
1339,anunu.kr_2024-07-16,hyeweonjeon5,5빠,2024-07-16
1340,anunu.kr_2024-07-16,sasak3342,맛은 단짠단짠이겠네요ㅎ👏,2024-07-16
1341,anunu.kr_2024-07-16,jrj.21,How to hurt Italian ppl 😂 aigoooo,2024-07-16
1342,anunu.kr_2024-06-28,sy0_814,두바이 초콜릿 동결건조 드가자!,2024-09-25
1343,anunu.kr_2024-06-28,yeonseob,@jun_han__2 먹구기퍼,2024-08-14
1344,anunu.kr_2024-06-28,boss_young22,"입천장 다 까진다는 전설의 ""젤리""",2024-07-01
1345,anunu.kr_2024-06-28,minsikworld,😳😳😳,2024-06-30
1346,anunu.kr_2024-06-28,jabsik_dinosaur,크엉 소리❤️❤️,2024-06-28
1347,anunu.kr_2024-06-28,sn_muk,내 인생 젤리....👍,2024-06-28
1348,anunu.kr_2024-06-28,kdramaholic_kdramaholism89,😍😍😍😍😍😍sweetheart 💕,2024-06-28
1349,anunu.kr_2024-06-28,vicweido,It’s cookies or not😮?,2024-06-28
1350,anunu.kr_2024-06-28,by.seop,알록달록 🌈✨,2024-06-28
1351,anunu.kr_2024-05-19,dnxgasq,양말인줄...,2025-07-19
1352,anunu.kr_2024-05-19,sahsahj_,Devagar pai,2024-12-29
1353,anunu.kr_2024-05-19,chunkboiwadefishing,“White one”,2024-11-14
1354,anunu.kr_2024-05-19,chunkboiwadefishing,No diddy,2024-11-14
1355,anunu.kr_2024-05-19,herbivoreconnoisseur,Not again Diddy..,2024-11-14
1356,anunu.kr_2024-05-19,dumbasstank,Wrong app💀,2024-11-14
1357,anunu.kr_2024-05-19,imcharlesays,36주답글 달기,2024-11-12
1358,anunu.kr_2024-05-19,willgonzalesms,Lá ele,2024-11-11
1359,anunu.kr_2024-05-19,pepignisu,- Te parece bien cuarenta y siete centimetros?,2024-11-11
1360,anunu.kr_2024-05-19,stupid.w202,37주답글 달기,2024-11-11
1361,anunu.kr_2024-05-19,baby.hitout,wtf delete this shii,2024-11-11
1362,anunu.kr_2024-05-19,tht_fitchick,Why is he pissing me off,2024-11-11
1363,anunu.kr_2024-05-19,obedt_23,Se lo come todo,2024-11-11
1364,anunu.kr_2024-05-19,_xiang0503,37주답글 달기,2024-11-10
1365,anunu.kr_2024-05-19,bondan.png,37주답글 달기,2024-11-10
1366,anunu.kr_2024-05-19,"번역 보기
jefe_ock",Nah buddy couldn’t never deny the allegations,2024-11-10
1367,anunu.kr_2024-05-19,cam132985,Wtf,2024-11-10
1368,anunu.kr_2024-05-19,wilted_black,Ur girl when its girls night out,2024-11-10
1369,anunu.kr_2024-05-19,minghao.xo_,Drake ahh shi,2024-11-10
1370,anunu.kr_2024-05-19,tobia_57,Bro have potential,2024-11-10
1371,anunu.kr_2024-05-19,francescozilio.01,This doesn't help with all those fucking spongebob's cock videos going out there,2024-11-10
1372,anunu.kr_2024-05-19,sindyrafa12,He’s a pro,2024-11-10
1373,anunu.kr_2024-05-19,lexidabea,"""Sigh"" opens the comments",2024-11-09
1374,anunu.kr_2024-05-19,perin_emanuell,37주답글 달기,2024-11-09
1375,anunu.kr_2024-05-19,8aitii,😮,2024-11-09
1376,anunu.kr_2024-05-19,marialuizagaivoto,Lá ele boy,2024-11-09
1377,anunu.kr_2024-05-19,orhokay,Muscle memory 😭,2024-11-09
1378,anunu.kr_2024-05-19,priff1991,37주답글 달기,2024-11-08
1379,anunu.kr_2024-05-19,dokja_0049,Girl,2024-11-08
1380,anunu.kr_2024-05-19,miguelsilv4xx,Sus 🤨,2024-11-08
1381,anunu.kr_2024-05-19,camwindrunner,37주답글 달기,2024-11-08
1382,anunu.kr_2024-05-19,boys.like.me,짜쳐요,2024-11-08
1383,anunu.kr_2024-05-19,mvjorglo,😂😂😂😂😂😂😂😂😂😂😂😂😂😂😂😂😂😂😂😂😂😂😂😂😂😂😂😂,2024-11-08
1384,anunu.kr_2024-05-19,pr0ximacentauri__,37주답글 달기,2024-11-07
1385,anunu.kr_2024-05-19,filho_da_luta,Peanits,2024-11-07
1386,anunu.kr_2024-05-19,_lykaeon_,Weno pa la tula,2024-11-07
1387,anunu.kr_2024-05-19,winterbear.mp3,DRAKE🗣🗣🗣,2024-11-07
1388,anunu.kr_2024-05-19,mxstlygone,double grip is crazy,2024-11-07
1389,anunu.kr_2024-05-19,raida_kick,37주답글 달기,2024-11-06
1390,anunu.kr_2024-05-19,meiyomao,You diggin it... You diggin it...,2024-11-06
1391,anunu.kr_2024-05-19,baller_npc,I have something else for you that’s short and black,2024-11-06
1392,anunu.kr_2024-05-19,criselygalvan,"@moonie_zuu3 Es como un submarino gigante, se me antojó",2024-11-06
1393,anunu.kr_2024-05-19,crunchycelery9.99,@lin_yi_ying_ drake🗣️,2024-11-05
1394,anunu.kr_2024-05-19,dont_believedasight,This man sucks toes..don't argue with me.the gulp gave it away.😂😂😂,2024-11-05
1395,anunu.kr_2024-05-19,brusace87,"Nice Drake, sorry I mean cake 🎂",2024-11-04
1396,anunu.kr_2024-05-19,kizakihayabusa,Im sorry...im so sorry...😂😂😂,2024-11-03
1397,anunu.kr_2024-05-19,jdjbfwiwdi,Can I be next,2024-11-03
1398,anunu.kr_2024-05-19,fwitsjayah,38주답글 달기,2024-11-03
1399,anunu.kr_2024-05-19,dxann_.o9,흠,2024-11-03
1400,anunu.kr_2024-05-19,alededenn3,I'm a perv3rt 😭,2024-11-03
1401,anunu.kr_2024-05-19,hilarryu,DRAKE?!??,2024-11-02
1402,anunu.kr_2024-05-19,_mnocid0,Yo?😭💀💀😂,2024-11-02
1403,anunu.kr_2024-05-19,omar_yehyah2,It was all good until you said drake,2024-11-02
1404,anunu.kr_2024-05-19,djkitty_lovinit,Why the white one skinnier than the black one 🤭,2024-11-01
1405,anunu.kr_2024-05-19,quetzala_,BBC and BWC watching this like 🫦🫦🫦,2024-11-01
1406,anunu.kr_2024-05-19,needyoureyes_96,Black will be always better,2024-11-01
1407,anunu.kr_2024-05-19,alphaaababy,I know fetish content when i see it,2024-10-31
1408,anunu.kr_2024-05-19,wandering.rhi,Why his eyes roll back like that 🤣🤣,2024-10-31
1409,anunu.kr_2024-05-19,he_kupa,Me too😂,2024-10-30
1410,anunu.kr_2024-05-19,rayane_m24,Brother dont film yourself eating this 😭,2024-10-30
1411,anunu.kr_2024-05-19,mobsajj,The white one got shorter…it wasn’t an accident that’s fasho😂,2024-10-30
1412,anunu.kr_2024-05-19,banned_xdd,Se me antojó,2024-10-30
1413,anunu.kr_2024-05-19,alis.abackup,BBC and bwc,2024-10-30
1414,anunu.kr_2024-05-19,sergioselva_,38주답글 달기,2024-10-30
1415,anunu.kr_2024-05-19,rishavv.5,Let's go hun I got a big apartment,2024-10-30
1416,anunu.kr_2024-05-19,huokahh,Показал почему у азиатов меньше чем у черных,2024-10-29
1417,anunu.kr_2024-05-19,namaste_bandit,38주답글 달기,2024-10-29
1418,anunu.kr_2024-05-19,plutoissaplanett,😢,2024-10-29
1419,anunu.kr_2024-05-19,jlamontmusic,This ain’t his first one,2024-10-29
1420,anunu.kr_2024-05-19,tana93.til,👀,2024-10-29
1421,anunu.kr_2024-05-19,platinumplax,How do you save for later?,2024-10-29
1422,anunu.kr_2024-05-19,tazamach_mawasar,39주답글 달기,2024-10-29
1423,anunu.kr_2024-05-19,tazamach_mawasar,YOU ARE DIDDY,2024-10-29
1424,anunu.kr_2024-05-19,tazamach_mawasar,Drake is Crazzzzyyy😂😂😂😂,2024-10-29
1425,anunu.kr_2024-05-19,tazamach_mawasar,I Feel Like He Was Eating My .... The Black one Look Way To Much Like Mine 💀,2024-10-29
1426,anunu.kr_2024-05-19,serin10_29,39주답글 달기,2024-10-29
1427,anunu.kr_2024-05-19,psycho_injustice,This is just straight up Nasty 🫣🤢🤢,2024-10-29
1428,anunu.kr_2024-05-19,geekst3r_,The milk makes it worse,2024-10-29
1429,anunu.kr_2024-05-19,vampyranha,"I had two of those at the last party I went to, but they were made meat 😭",2024-10-29
1430,anunu.kr_2024-05-19,stick_maker14,Drake step cousin,2024-10-29
1431,anunu.kr_2024-05-19,hmu131080,누누형 진짜 노리고 한거 아니지...?,2024-10-29
1432,anunu.kr_2024-05-19,tiago_exe95,Lo suponia,2024-10-28
1433,anunu.kr_2024-05-19,thadunsheart,39주답글 달기,2024-10-28
1434,anunu.kr_2024-05-19,jeff__white,Get this crap off my feed I hate lol,2024-10-28
1435,anunu.kr_2024-05-19,xocqity,DR-😂😂😂😂😂😂,2024-10-28
1436,anunu.kr_2024-05-19,b1ickzz,you need to bite that shi from da side buzin,2024-10-28
1437,anunu.kr_2024-05-19,donacici2,The eyeroll🔥,2024-10-28
1438,anunu.kr_2024-05-19,donacici2,Long dookie,2024-10-28
1439,anunu.kr_2024-05-19,e46_xo,😂,2024-10-27
1440,anunu.kr_2024-05-19,q7_nagis9,Töbe,2024-10-27
1441,anunu.kr_2024-05-19,mohummed_313,39주답글 달기,2024-10-26
1442,anunu.kr_2024-05-19,sirjirach,Stop moaning before I give you a black one😭😭,2024-10-26
1443,anunu.kr_2024-05-19,sneakers_anonymous_,"Careful, Diddy’s watching",2024-10-26
1444,anunu.kr_2024-05-19,dereck_mcknziie,39주좋아요 1개답글 달기,2024-10-26
1445,anunu.kr_2024-05-19,hippie_kayak,EIN EIN EIN,2024-10-26
1446,anunu.kr_2024-05-19,hippie_kayak,HAHA C’EST DROLE,2024-10-26
1447,anunu.kr_2024-05-19,trapping.memes,Cake the long way,2024-10-26
1448,anunu.kr_2024-05-19,luhmoeski33,Isn’t the roll cake brown?!?! 😭😭😭,2024-10-26
1449,anunu.kr_2024-05-19,hapylilhermit,My left eye started twitching after that first dunk 😭,2024-10-26
1450,anunu.kr_2024-05-19,liathelxserxd,I miss him...,2024-10-26
1451,anunu.kr_2024-05-07,hwa_ngdam,뺌뺌빼래빼뺌 탁탁,2025-06-01
1452,anunu.kr_2024-05-07,suyeong._.2,아누누 님 오랜만에ㅔ 엿 동결건조 해주세여ㅕ,2024-06-27
1453,anunu.kr_2024-05-07,biggmane_87,헐 맛있겠다~!..♡♡,2024-06-10
1454,anunu.kr_2024-05-07,kdramaholic_kdramaholism89,😍😍😍😍😍😍😍so handsome and beautiful 😍❤️,2024-05-08
1455,anunu.kr_2024-05-07,sun9min,가져와,2024-05-07
1456,anunu.kr_2024-05-07,apple_film0418,보구밍❤️,2024-05-07
1457,anunu.kr_2024-05-07,your_tayan_bby,hiiiiii,2024-05-07
1458,anunu.kr_2024-05-07,_pretty_lily_69_,Yummy ❤️,2024-05-07
1459,anunu.kr_2024-04-08,h___sx1,마이크 어뜩해,2024-08-18
1460,anunu.kr_2024-04-08,s_.jyun115,이제 넷플릭스 동결건조 해야하지 않을까??,2024-07-26
1461,anunu.kr_2024-04-08,12_u0900,어떤게 가장 맛있어어요?,2024-05-07
1462,anunu.kr_2024-04-08,okay_.dence,his finger os his mic😂,2024-04-21
1463,anunu.kr_2024-04-08,okay_.dence,i know what he feels😂,2024-04-21
1464,anunu.kr_2024-04-08,suuu__oo6,これは何ですか？,2024-04-11
1465,anunu.kr_2024-04-08,_dabni_,셔서 그래요??,2024-04-08
1466,anunu.kr_2024-04-08,young_ah_0302,내입은 달아지고... 마이크에 눈내리고,2024-04-08
1467,anunu.kr_2024-04-08,wise_anne_,보고 있는데 침이 고인다😂,2024-04-08
1468,anunu.kr_2024-04-08,2u2_0109,ㅋㅋㅋ표정찐이다,2024-04-08
1469,anunu.kr_2024-04-08,1992_isfp,왜인지 점점 드실수록 더 신맛인것 같네요 😂,2024-04-08
1470,anunu.kr_2024-03-24,keilah_dugan_0613,"I can’t even make it in my house, let alone in my car ✋💀",2024-05-19
1471,anunu.kr_2024-03-24,nulicook,딸기 꼬다리까지욤...? 소리 미쳤당...,2024-05-17
1472,anunu.kr_2024-03-24,vikki_katzplanet,Looked like he was actually made these inside his car😍😍😍🍓🍓🍓😋,2024-04-06
1473,anunu.kr_2024-03-24,inyoup1225,동결건조기계 어디꺼 쓰시는지 어디꺼좋은지 알수있을까요?^^,2024-04-06
1474,anunu.kr_2024-03-24,tinabeena25,Just because you can doesn’t mean you should. That sugar is hot Af. Cooking in your car unnecessary risk.,2024-04-05
1475,anunu.kr_2024-03-24,sulastri_240,😂😂😂,2024-04-03
1476,anunu.kr_2024-03-24,ch_mi04,딸기꼭지는 왜 드시는거예요?!,2024-03-25
1477,anunu.kr_2024-03-24,h.x6en,우와완전내집마련,2024-03-24
1478,anunu.kr_2024-03-24,hy._xxnn,그러다가 탕후루 시럽 차에 흘리면 차 탕후루 만들어지는건가여,2024-03-24
1479,anunu.kr_2024-03-24,cho10000cho,뒷청소...,2024-03-24
1480,anunu.kr_2024-03-24,anothergirlzoe,you make everything look good 😭,2024-03-24
1481,anunu.kr_2024-03-24,hxllnr,이 분도 딸기꼭지까지 드시네,2024-03-24
1482,anunu.kr_2024-03-24,leroisme,혼모노다…,2024-03-24
1483,anunu.kr_2024-03-24,qlqlalal0098,차에서 탕후루를 만들어버리시네👏👏,2024-03-24
1484,anunu.kr_2024-03-22,seagtw,Food indonesia kue lapis,2024-04-09
1485,anunu.kr_2024-03-22,leaneesilva,Isso não é tapioca kkk,2024-04-06
1486,anunu.kr_2024-03-22,eeeuuu_lim,지구젤리 동결건조 해주세요요,2024-04-03
1487,anunu.kr_2024-03-22,hhh.yeon_12,떡이었구나...여태껏 젤린줄ㅋㅋ,2024-04-02
1488,anunu.kr_2024-03-22,luci_mara24,Tapioca?,2024-03-25
1489,anunu.kr_2024-03-22,9a.xin_3,동결견조 드가자🔥,2024-03-23
1490,anunu.kr_2024-03-22,lilin_kecil94,kue lapis 😂,2024-03-22
1491,anunu.kr_2024-03-22,mokpobom2,엇 마치 어렸을때 먹은 목포쫀듸기 식감 같을꺼 같아요,2024-03-22
1492,anunu.kr_2024-03-22,eh._.yjw,무슨 맛인가요??,2024-03-22
1493,anunu.kr_2024-03-22,sweet_yup_sweet,売っててよかった😍！,2024-03-22
1494,anunu.kr_2024-03-22,shxo2_,ㅘㅘ 1빠,2024-03-22
1495,anunu.kr_2024-03-17,kimbrusy,슈(니)발(렌) 맛있겠노,2024-08-11
1496,anunu.kr_2024-03-17,jjiwon_1,@yirang____ 제주에서 팔던 슈니발렌 어디간... 우리 해장템아니엇니😢,2024-05-31
1497,anunu.kr_2024-03-17,hyundzzang,@hiho_hihoi 망부독,2024-05-14
1498,anunu.kr_2024-03-17,12_u0900,어우야 저걸 차에서 .....,2024-05-07
1499,anunu.kr_2024-03-17,reum_90_,@smile_oe7,2024-04-07
1500,anunu.kr_2024-03-17,jang_hada__,헐 슈니발렌 완전 좋아했었는데 사라져서 슬펐는디 ㅜㅜㅜㅠ먹고싶다ㅏㅓ,2024-03-22
1501,anunu.kr_2024-03-17,srisri23,맨 마지막은...무슨맛인가용,2024-03-19
1502,anunu.kr_2024-03-17,ki_kit_kittykat,The crunch sounds 🥴🥴🥴🥴✨,2024-03-18
1503,anunu.kr_2024-03-17,jeonsihyeon6,줄여서 슈발,2024-03-18
1504,anunu.kr_2024-03-17,13.3.29,"ㅋㅋㅋㅋㅋㅋㅋㅋㅋ 슈니발렌깨먹는 조수석앉는자 vs 엄마손파이, 후렌치파이, 던킨도넛스트로베리필드 연속으로 먹는사람 @su__beens @alissa_vencedor",2024-03-18
1505,anunu.kr_2024-03-17,jxe_ynn11,양배춘가?,2024-03-17
1506,anunu.kr_2024-03-17,jabsik_dinosaur,와 추억의 슈니발렌..,2024-03-17
1507,anunu.kr_2024-03-17,yoon44112,저거 치우다 떨어트리면,2024-03-17
1508,anunu.kr_2024-03-17,hyunaa.222,내 차였음 저 망치 뺏어서 기절 시키는건데...,2024-03-17
1509,anunu.kr_2024-03-17,d.0_yun,전국의 아버지들이 싫어합니다,2024-03-17
1510,anunu.kr_2024-03-17,_opal_j_,초코좋아했는데ㅠ,2024-03-17
1511,anunu.kr_2024-03-17,su.x0g,차에서 슈니발렌이라니 진짜 슈발,2024-03-17
1512,anunu.kr_2024-03-17,n_sldjaak11,어우씨 순간 슈발니에라고 봤네,2024-03-17
1513,anunu.kr_2024-03-17,hp_makeup.kr,와이거 10년전쯤 유행하던거 아닌가요,2024-03-17
1514,anunu.kr_2024-03-17,kkakka07,슈니발렌을 아직도 판다니..,2024-03-17
1515,anunu.kr_2024-03-17,blooming_87,슈니발렌 진짜 올만에 본다요 ㅋㅋ,2024-03-17
1516,anunu.kr_2024-03-17,2u2_0109,ㅋㅋㅋㅋㅋㅋ아진짜 야무지다,2024-03-17
1517,anunu.kr_2024-03-17,sunnomi_u,감사합니다 앞으로 조수석에서 운전자에 관심을 사로잡게 되는 방법을 알아냈어요,2024-03-17
1518,anunu.kr_2024-03-16,crisley6547,Onde eu compro alguém poderia me mandar ao links,2024-06-09
1519,anunu.kr_2024-03-16,sharifbek.rahimov,Narxi qancha,2024-06-01
1520,anunu.kr_2024-03-16,rebecastevao,😂😂👏,2024-05-23
1521,anunu.kr_2024-03-16,tabita_hsr,😮😮😮,2024-05-12
1522,anunu.kr_2024-03-16,alireza.dashti0,😍,2024-04-29
1523,anunu.kr_2024-03-16,annapurnarai17,Price please,2024-04-19
1524,anunu.kr_2024-03-16,juca57458,😍😍😂,2024-04-12
1525,anunu.kr_2024-03-16,mersana_far_95,😂😂😂😍😍😍,2024-04-12
1526,anunu.kr_2024-03-16,j1._.ho1107,장식용으로도 괜찮을뜻,2024-04-11
1527,anunu.kr_2024-03-16,mira_yc.21255,Çay koymak gerek buna,2024-04-07
1528,anunu.kr_2024-03-16,huss.einc,I need one for my family in Ramadan 😂😂,2024-03-26
1529,anunu.kr_2024-03-16,kim_sun_hee_3456,That is cool ❤️,2024-03-20
1530,anunu.kr_2024-03-16,bambi_tas,Can i live with you and do this every morning😍 im an coffee addict😢,2024-03-19
1531,anunu.kr_2024-03-16,20.244303,😍😍😍😍😍,2024-03-18
1532,anunu.kr_2024-03-16,amalmhmd9375,😢لا,2024-03-17
1533,anunu.kr_2024-03-16,yoonsongul55,😂😂😂😂😂,2024-03-17
1534,anunu.kr_2024-03-16,0.yeun.xx,저거 설거지가 ㄹㅇ 힘든데,2024-03-16
1535,anunu.kr_2024-03-16,co___nan,"어머 핫해여🔥 칵테일 분수쑈 하려고 살까했는데 한번쓰고 고장나셨다니,,",2024-03-16
1536,anunu.kr_2024-03-16,mattheuzmota,👏👏,2024-03-16
1537,anunu.kr_2024-03-16,yoon.oc,"탐난다,,,",2024-03-16
1538,anunu.kr_2024-03-16,mascia.bertoli,put some wine in it😂,2024-03-16
1539,anunu.kr_2024-03-16,m_m312ymst,🙄🙄🙄🙄🙄,2024-03-16
1540,anunu.kr_2024-03-16,kiki6rara,ウヌくん面白いの好きなんだね👍🏻👍🏻,2024-03-16
1541,anunu.kr_2024-03-16,10grammm,수정과인가요,2024-03-16
1542,anunu.kr_2024-03-16,sweet_yup_sweet,これすごくいい！,2024-03-16
1543,anunu.kr_2024-03-15,tjdldh,와 이건 반칙 😂,2024-05-06
1544,anunu.kr_2024-03-15,saa_dat3429,내 아들 ❤️❤️,2024-03-19
1545,anunu.kr_2024-03-15,msensation,차에서 이러면.. ㅎㅎㅎ 🫢,2024-03-17
1546,anunu.kr_2024-03-15,vicweido,Why are u eat so many but u still look skinny and good😆,2024-03-17
1547,anunu.kr_2024-03-15,leroisme,쿠키 콰송~,2024-03-15
1548,anunu.kr_2024-03-15,gimseoyeon1101,와 츄릅,2024-03-15
1549,anunu.kr_2024-03-15,dlekgp030,조수석에서 엄마손 파이 만들어 먹어도 되나요,2024-03-15
1550,anunu.kr_2024-03-15,y_22.0,조수석에서 누네띠네 만들어서 먹어도 되나요?,2024-03-15
1551,anunu.kr_2024-03-15,yessii__11,자동차먹방 디박,2024-03-15
1552,anunu.kr_2024-03-12,yeonu4566,나도 먹고싶다😢,2024-03-14
1553,anunu.kr_2024-03-12,mokpobom2,바삭해보여욬,2024-03-13
1554,anunu.kr_2024-03-12,atharikw_,ماذا تستخدم لبشرتك ؟,2024-03-12
1555,anunu.kr_2024-03-12,cho10000cho,한입만....,2024-03-12
1556,anunu.kr_2024-03-12,yurodid,넨ㅇ,2024-03-12
1557,anunu.kr_2024-03-12,dh.o_n1,저도 먹고싶네여 ㅠ😮😢,2024-03-12
1558,anunu.kr_2024-03-12,yurodid,저거 우유 사고 아닌가 비슷😂,2024-03-12
1559,anunu.kr_2024-03-12,stephaniekimchi,저만한 컵이 더 신기해요…ㅋㅋㅋㅋ탐난다,2024-03-12
1560,anunu.kr_2024-03-10,jjeunji,잔이 이가 나갔어요,2024-10-20
1561,anunu.kr_2024-03-10,gimdonghun440,카다이프?,2024-07-20
1562,anunu.kr_2024-03-10,ethanol_was_here,Noo,2024-03-12
1563,anunu.kr_2024-03-10,ethanol_was_here,"Why, it’s butter… WHY? ITS BUTTER?! WhYiTsButTEr!?",2024-03-12
1564,anunu.kr_2024-03-10,sa.rra2813,It's not a better it's a white chocolat,2024-03-11
1565,anunu.kr_2024-03-10,youtubekorea,한국인 : 커피머신 청소하기 힘들겠다..,2024-03-11
1566,anunu.kr_2024-03-10,sahar.eprr7488,한국인은 정말 아름답습니다😍😍😍😍,2024-03-11
1567,anunu.kr_2024-03-10,parisdiorella,Oh in PR we have coffee with a cheese called potatoe cheese so good 😊,2024-03-11
1568,anunu.kr_2024-03-10,issues4tissues,😐🫥😶‍🌫️,2024-03-11
1569,anunu.kr_2024-03-10,bagggarcia,Butter? fast belly pain this is crazy 😂😂😂💩,2024-03-11
1570,anunu.kr_2024-03-10,jrj.21,How to break a coffee machine ahah,2024-03-11
1571,anunu.kr_2024-03-10,ms_samsisekki,오마이갓 한잔만요.. 원샷때리고싶다👨🏻‍🦱,2024-03-11
1572,anunu.kr_2024-03-10,tora.it,Coffee is already good the way it is 😢,2024-03-11
1573,anunu.kr_2024-03-10,tora.it,😵‍💫,2024-03-10
1574,anunu.kr_2024-03-10,_mmiina_h,@tjgusthd,2024-03-10
1575,anunu.kr_2024-03-10,pleasant0102,butter in coffee? i getting curious😮,2024-03-10
1576,anunu.kr_2024-03-10,hee208500,느글,2024-03-10
1577,anunu.kr_2024-03-10,stephaniekimchi,우와 기다렸던 영상… 너뮤 신기하다… 방탄커피같은 맛인가요,2024-03-10
1578,anunu.kr_2024-03-10,sweet_yup_sweet,すごい😍！,2024-03-10
1579,anunu.kr_2024-03-07,jiyun_kkkkkk,마치 꽃게랑 과자랑 닮은듯,2024-10-13
1580,anunu.kr_2024-03-07,iyeona457,대박이다!!😂,2024-06-13
1581,anunu.kr_2024-03-07,gimseoyeon5569,저 한입만여(?),2024-05-03
1582,anunu.kr_2024-03-07,akunbackup08,That enak gurih is 🔥 😂😂,2024-04-08
1583,anunu.kr_2024-03-07,qwerty_mi9,Күнаға батып жатсынгой сен ораза адамдардың көзінше тамак жеп😢😢😢,2024-03-13
1584,anunu.kr_2024-03-07,hhhyosaaa_,goreng nya dikit dikit woeh,2024-03-10
1585,anunu.kr_2024-03-07,heybigvinhere,"Pake nasi goreng bang,pasti masiso deh wkwkwkwk",2024-03-09
1586,anunu.kr_2024-03-07,dabelyvv,Kerupuk kembang dong 😁😁,2024-03-09
1587,anunu.kr_2024-03-07,lilin_kecil94,kerupuk 😂😂,2024-03-08
1588,anunu.kr_2024-03-07,leny_olvin,Kerupuk Indonesia 😍😍,2024-03-08
1589,anunu.kr_2024-03-07,mekamtravelogue,What is this? It looks tasty 😍,2024-03-07
1590,anunu.kr_2024-03-07,jeon_unni_,맛있져?😂😂😂😂ㅋㅋㅋㄱㄲ,2024-03-07
1591,anunu.kr_2024-03-07,pleasant0102,we call this kropek,2024-03-07
1592,anunu.kr_2024-03-07,young_ah_0302,봄이 여깄넹,2024-03-07
1593,anunu.kr_2024-03-07,gbsoxhe34,이거 이름좀 알려줘요 제발,2024-03-07
1594,anunu.kr_2024-03-07,mijinbijin,늘 잘보구 있어용>< 와 이런건 어디서 사나요?ㅋㅋㅋ,2024-03-07
1595,anunu.kr_2024-03-07,ryozhangg,Kerupuk indo ?,2024-03-07
1596,anunu.kr_2024-03-07,suny_913,소스나 시즈닝도 뿌려서 먹어주세용,2024-03-07
1597,anunu.kr_2024-03-07,gimseoyeon1101,젼언니가 준거에요? 부러워여,2024-03-07
1598,anunu.kr_2024-03-07,gimseoyeon1101,맛있어여😢? 저한입만여,2024-03-07
1599,anunu.kr_2024-03-07,gimseoyeon1101,와 신기해여😮,2024-03-07
1600,anunu.kr_2024-03-04,wesopkj,카스테라에 밑 종이 안 뗀 으누씌..,2025-07-22
1601,anunu.kr_2024-03-04,schoyun,마이크가 죽고있어ㅠ😢😂,2024-07-30
1602,anunu.kr_2024-03-04,schoyun,마이크ㅠ😢,2024-07-30
1603,anunu.kr_2024-03-04,ijeongin332,멘토스 동결건조,2024-04-28
1604,anunu.kr_2024-03-04,banana_gay12345,자세리보니깐 마이크가 아니네 ㅋㅋㅋㅋㅋ,2024-03-13
1605,anunu.kr_2024-03-04,sahar.eprr7488,😘😘😘,2024-03-11
1606,anunu.kr_2024-03-04,pleasant0102,are you eating biscotti?,2024-03-06
1607,anunu.kr_2024-03-04,gimseoyeon1101,와대박 츄릅,2024-03-05
1608,anunu.kr_2024-03-04,gimseoyeon1101,마이크위에서 눈이내려온다😂,2024-03-05
1609,anunu.kr_2024-03-04,ja0_0peach,누누님 일본에 카스테라집가면 바닥에 설탕결정이 와작와작씹힌데요. 찐카스테라는그렇다네용...먹어듀새효...😢,2024-03-05
1610,anunu.kr_2024-03-04,10grammm,누누오빠 마이크에@비듬 떨어졌어요,2024-03-05
1611,anunu.kr_2024-03-04,young_ah_0302,마이크에 눈이 내려요 3탄,2024-03-05
1612,anunu.kr_2024-03-04,osoyeon850,마이크 죽고있ㄷㅏ..,2024-03-04
1613,anunu.kr_2024-03-04,taeyeon_0280,일찍와타,2024-03-04
1614,anunu.kr_2024-03-04,y_yui428,もしかして…カステラの下のって紙ですか？？間違ってあヌヌさんが食べてたりしてませんよね🥺🥺,2024-03-04
1615,anunu.kr_2024-03-04,jjss_0613,완전 맛있을것같아🤤🤤🤤,2024-03-04
1616,anunu.kr_2024-03-01,claraatalaia,"Mensagem aos amigos..Porque Deus amou o mundo de tal maneira que deu seu filho unigenito para que todo aquele que NELE creia não pereça mas tenha vida eterna...Jesus disse EU sou o caminho a verdade e a vida e ninguem vai ao Pai a não ser por mim, Só ha um mediador entre Deus e os homens Cristo Jesus nosso Senhor que pagou o preço que jamais conseguiriamos pagar, Porque só cabe ao homem nascer e morrer UMA ÚNICA VEZ, depois disto vem o Juizo, SÓ TEMOS UMA CHANCE EM VIDA, NÃO A PERCA.Não se esqueça Jesus te ama , o busque , se entregue a ELE, o aceite de todo seu coração, Jesus te ama...busque mos pq quem busca encontra repouso para vocas almas, Deus te abençoe Grande abraço",2024-04-12
1617,anunu.kr_2024-03-01,"Ensina a criança no caminho em que deves andar e quando crescer não se desviará dele...lembre mos da nossa posteridade...e chance deles e agora, gui nos nos caminhos de Cristo, GRande abraço amigos!
hayoon1773",맛있어 보여요,2024-03-26
1618,anunu.kr_2024-03-01,banana_gay12345,얼굴표정만 보니깐 너무 써서 그러신거같은데,2024-03-13
1619,anunu.kr_2024-03-01,yi.3un_,헐 딕만스 동결건조,2024-03-07
1620,anunu.kr_2024-03-01,ichigo_family.farm.watanabe,アヌヌ、よく太らないねー笑,2024-03-03
1621,anunu.kr_2024-03-01,seenuhashmi,I knew it... it'll not work,2024-03-02
1622,anunu.kr_2024-03-01,eva7zgz,"😮 You didn't like it very much, no",2024-03-01
1623,anunu.kr_2024-03-01,realrastaqueen,😂,2024-03-01
1624,anunu.kr_2024-03-01,jeon_unni_,저두 주세요!!!!저두 손,2024-03-01
1625,anunu.kr_2024-03-01,esmith.s21,Jajajjajajjajjajajjja,2024-03-01
1626,anunu.kr_2024-02-27,mambno,만두먹고싶다,2024-06-14
1627,anunu.kr_2024-02-27,gimseoyeon5569,앜 똑같이 던져서 넘웃겨여😂😂,2024-05-03
1628,anunu.kr_2024-02-27,balxadisha.serikova,😂😂,2024-04-16
1629,anunu.kr_2024-02-27,ilceprensesi,işe yaramaz bir ürünü niye alır ki bir insan🤨,2024-04-10
1630,anunu.kr_2024-02-27,_csfbsjttje,caaannn😂,2024-03-31
1631,anunu.kr_2024-02-27,mat.joomuk,😂😂😂,2024-03-22
1632,anunu.kr_2024-02-27,mi_hye_j,만두피를 가운데를 좀 누르시고 파인곳에 속을넣으시면 되요!!!¡!!!!!!!!!!!!!!,2024-03-08
1633,anunu.kr_2024-02-27,setiawansaputra_septra,Technological tools that fail but are still marketed 🗿,2024-03-06
1634,anunu.kr_2024-02-27,alices_viola_art__06,You have to push it down in the machine,2024-03-05
1635,anunu.kr_2024-02-27,adminjamie,73주답글 달기,2024-03-05
1636,anunu.kr_2024-02-27,"번역 보기
s.nov_97",j-hoooooooo00o0o0oo00000oo0oope 😭💕,2024-03-04
1637,anunu.kr_2024-02-27,daehyunkawai_,이거 전 릴스가 저거 원조영상이였는데 ..ㄷㄷ,2024-03-03
1638,anunu.kr_2024-02-27,___atefehebadi___,😂😂😂😂,2024-03-02
1639,anunu.kr_2024-02-27,jana_esga,You puted to muchh,2024-03-01
1640,anunu.kr_2024-02-27,so_hyun_cute,Wonderful 😍🔥❤️,2024-03-01
1641,anunu.kr_2024-02-27,so_hyun_cute,So delicious 😋😋😋,2024-03-01
1642,anunu.kr_2024-02-27,so_hyun_cute,Looks very tasty 😍🔥❤️,2024-03-01
1643,anunu.kr_2024-02-27,yoonsongul55,👏👏👏😋😋😋😋,2024-02-29
1644,anunu.kr_2024-02-27,yuanzilingyi,豆腐加在里面会好吃吗,2024-02-29
1645,anunu.kr_2024-02-27,blessedbysuga,"He put too much in, should've put less",2024-02-28
1646,anunu.kr_2024-02-27,z.w0nn,만두 동결건조 가자------->,2024-02-28
1647,anunu.kr_2024-02-27,ardelian.eka,🤤🤤🤤🤤,2024-02-28
1648,anunu.kr_2024-02-27,sasak3342,만두소를 쬐끔 넣어야 이쁘게 잘 말리던데요ㅎ,2024-02-28
1649,anunu.kr_2024-02-27,ilariamps,무슨 일이었어요?? ㅋㅋㅋ,2024-02-28
1650,anunu.kr_2024-02-27,kh_hafsa1,직접 만드는 거 최고지 ㅋㅋㅋ,2024-02-28
1651,anunu.kr_2024-02-27,_pretty_lily_69_,I see j-hope 😳💘,2024-02-27
1652,anunu.kr_2024-02-27,rami__0216,제 돈 주고 샀는데 쓰질 못한게 어이없지만 결과물이 완벽해서 다행이예요,2024-02-27
1653,anunu.kr_2024-02-27,sunnomi_u,"만두기계 하실려면 만두소를 조금 넣으셔야 해요
그나저나 만두 한입만 주세요 현기증 날거 같으니까…",2024-02-27
1654,anunu.kr_2024-02-24,h.j1min,저걸로 수건케이크 만들어 먹었으면 ㅋ❤️,2025-06-14
1655,anunu.kr_2024-02-24,wooungcha1104,저거로 얇은 팬케잌이나 식빵 만들면 재밌겠다,2024-10-01
1656,anunu.kr_2024-02-24,ji3yu_,저거 버튼눌러야돼는거아닌가여,2024-02-27
1657,anunu.kr_2024-02-24,jun_10ss,쿠하쿠토 동결전조 부탁합니다 ♡♡♡♡,2024-02-25
1658,anunu.kr_2024-02-24,y_yui428,こんな機械があるんだ😂👍楽にクレープが作れていいですね😍,2024-02-24
1659,anunu.kr_2024-02-24,gimseoyeon1101,와 처음인데 넘잘하네여👏🔥,2024-02-24
1660,anunu.kr_2024-02-24,gimseoyeon1101,뜨거우니깐 손조심해여,2024-02-24
1661,anunu.kr_2024-02-24,gimseoyeon1101,츄릅❤️,2024-02-24
1662,anunu.kr_2024-02-24,gimseoyeon1101,저도함 사고싶어여,2024-02-24
1663,anunu.kr_2024-02-21,14._.sua,아누누님!혹시 스웨덴 캔디 동결건조 되요??,2024-10-15
1664,anunu.kr_2024-02-21,imhaeun4917,아빠 차에서 이렜다간...,2024-07-28
1665,anunu.kr_2024-02-21,zoe12_alva,Pensé que el micrófono era helado de oreo,2024-02-28
1666,anunu.kr_2024-02-21,mokpobom2,와오.. 금식인데 갑자기 배고파졌... 😂,2024-02-26
1667,anunu.kr_2024-02-21,jun_10ss,쿠하쿠토 동결건조 궁금해요!,2024-02-24
1668,anunu.kr_2024-02-21,jyun_ho2,마이크에 비듬이 생겼어 ㄱㄷ,2024-02-23
1669,anunu.kr_2024-02-21,young_ah_0302,마이크에 눈이 내려요 2탄,2024-02-23
1670,anunu.kr_2024-02-21,seohayeong0403,맛있겠다ㅠ,2024-02-22
1671,anunu.kr_2024-02-21,gimseoyeon1101,저도함 먹고싶어여,2024-02-22
1672,anunu.kr_2024-02-21,vatson.21,😋❤️,2024-02-21
1673,anunu.kr_2024-02-21,jjjj2508,맛있는것만 동결건조 하셨네요?👏👏👏,2024-02-21
1674,anunu.kr_2024-02-21,2u2_0109,이빨 건실해야된다,2024-02-21
1675,anunu.kr_2024-02-21,yecaso_tv,고정해줘여,2024-02-21
1676,anunu.kr_2024-02-21,yecaso_tv,1빠당,2024-02-21
1677,anunu.kr_2024-02-20,rasut.baby,😍,2024-04-15
1678,anunu.kr_2024-02-20,nomitrips,Ve esto @esm3et_,2024-04-07
1679,anunu.kr_2024-02-20,aidaaida130,Aidadyvjgggi👏👏🙌🙌😋,2024-04-04
1680,anunu.kr_2024-02-20,aidaaida130,dyvguhvuj😋,2024-04-04
1681,anunu.kr_2024-02-20,nullee24_,bagi dongg etdah,2024-04-03
1682,anunu.kr_2024-02-20,khataleya.33,Fresas blancas?,2024-03-28
1683,anunu.kr_2024-02-20,potatotomato827,Cute!!!,2024-03-28
1684,anunu.kr_2024-02-20,strelochka_rrrrr,He ate a strawberry with a tail,2024-03-17
1685,anunu.kr_2024-02-20,caysinsurance,Daunnya😢,2024-03-16
1686,anunu.kr_2024-02-20,nataliabatt28,HE DID NOT JUST EAT THE LEAVES,2024-03-15
1687,anunu.kr_2024-02-20,k.aw99,Aren't you supposed to say strawberries are red?,2024-03-14
1688,anunu.kr_2024-02-20,oneeennn,اللهم صل على سيدنا محمد وعلى آل سيدنا محمد وأنزله المقعد المقرب عندك يوم القيامة,2024-03-14
1689,anunu.kr_2024-02-20,"#FreePALESTINE🇵🇸🇵🇸🇵🇸
mkh.moza",Not🌈it is🏳️‍🌈,2024-03-10
1690,anunu.kr_2024-02-20,glxsyy.almaa4,LGBT COLOR 💀💀,2024-03-08
1691,anunu.kr_2024-02-20,checa_mc02,La mata de la fresa no IVA 😭😭🤣,2024-03-08
1692,anunu.kr_2024-02-20,jessicaparisii,"Jesus, foi com folha e tudo 🫠",2024-03-08
1693,anunu.kr_2024-02-20,bomithegoat,Them lifeless ass strawberries ☠️,2024-03-08
1694,anunu.kr_2024-02-20,minato__aqua_,Why strawberry is so white,2024-03-08
1695,anunu.kr_2024-02-20,__143bts__,bro why is it colorless,2024-03-08
1696,anunu.kr_2024-02-20,fatima.bo96,😍,2024-03-08
1697,anunu.kr_2024-02-20,jes21993,Musste sofort an @justcallmephi denke 😍,2024-03-08
1698,anunu.kr_2024-02-20,107_.x,🏳️‍🌈🍓,2024-03-08
1699,anunu.kr_2024-02-20,rafaelaaragao_1502,Que cor de morango é essa????,2024-03-08
1700,anunu.kr_2024-02-20,wpalskdk,I was smiling through the video until u ate the whole strawberry with its stem 💀,2024-03-07
1701,anunu.kr_2024-02-20,drmyxniki,YOU ATE THE LEAVES?!,2024-03-07
1702,anunu.kr_2024-02-20,__xjayita,My mum always said me that don't eat colouring food because that make 💩+ 🌈 =!!!!!!!!😂,2024-03-07
1703,anunu.kr_2024-02-20,nahiara_robles.2011,🔥🔥🔥🔥,2024-03-07
1704,anunu.kr_2024-02-20,zinzinlay691,😢,2024-03-07
1705,anunu.kr_2024-02-20,taliyahaltacc,Rainbow kangaroo?😭🌈🦘,2024-03-07
1706,anunu.kr_2024-02-20,spamsandwic5,grreenn🐸,2024-03-07
1707,anunu.kr_2024-02-20,isaa_vzx,Bem lgbt,2024-03-07
1708,anunu.kr_2024-02-20,andraddxs,Oxi morango desbotado,2024-03-07
1709,anunu.kr_2024-02-20,kaylaineeaguiar1,Ta verde moço,2024-03-07
1710,anunu.kr_2024-02-20,m.k05.22,ヘタたべた！？,2024-03-07
1711,anunu.kr_2024-02-20,solina_ebra,😢😢😢😢,2024-03-07
1712,anunu.kr_2024-02-20,_athena.jahalal_,Who has the time for this 💀,2024-03-07
1713,anunu.kr_2024-02-20,the_fashioninsta9,❤️❤️,2024-03-07
1714,anunu.kr_2024-02-20,ugc_salma,Gey 😂😂😂,2024-03-07
1715,anunu.kr_2024-02-20,nastasiy._.a,почему он не показал разрееез,2024-03-06
1716,anunu.kr_2024-02-20,law.kame1000,苺を肉に例えると生肉,2024-03-06
1717,anunu.kr_2024-02-20,a_l_i___h_s_n,🌈 😂😂😂,2024-03-06
1718,anunu.kr_2024-02-20,elena.ilins,Wow,2024-03-06
1719,anunu.kr_2024-02-20,katjamuschiol,Прямо с жопкой съел 😮😂,2024-03-06
1720,anunu.kr_2024-02-20,_laxxi.___,People with trypophobia 💀,2024-03-06
1721,anunu.kr_2024-02-20,n0ir_lune,i love when ppl mock American accents it's so funny idk😭😭,2024-03-06
1722,anunu.kr_2024-02-20,rinipathak9,Sir umm that leaf at the back ?,2024-03-06
1723,anunu.kr_2024-02-20,sa.fadilaaa,@lonelygirlwholoves_sky @aldarein_ @juniasihrani @bianauna_,2024-03-06
1724,anunu.kr_2024-02-20,safa.almsri,اكل الورقة!!!,2024-03-06
1725,anunu.kr_2024-02-20,sovyq1,TURKİSH MACUN 🇹🇷🇹🇷🇹🇷🇹🇷🇹🇷🇹🇷🇹🇷🇹🇷🇹🇷🇹🇷🐺🐺🐺🐺🐺🐺🐺🇹🇷🇹🇷🇹🇷🇹🇷🇹🇷🇹🇷🇹🇷🐺🐺🐺🐺🐺🇹🇷🇹🇷🇹🇷🇹🇷🇹🇷🐺🐺🇹🇷🇹🇷🇹🇷🇹🇷🐺🐺🐺🇹🇷🇹🇷🇹🇷🇹🇷🇹🇷🇹🇷🇹🇷🐺🐺🇹🇷🇹🇷🐺🇹🇷🐺🇹🇷🐺🇹🇷🐺🇹🇷🐺🇹🇷🐺🇹🇷🐺🇹🇷🐺🐺🇹🇷🇹🇷🐺🐺🇹🇷🇹🇷🇹🇷🐺🐺🐺,2024-03-06
1726,anunu.kr_2024-02-20,delicatebirbs,this makes no sense,2024-03-06
1727,anunu.kr_2024-02-20,taehy.xw,N sabia q tinha morango sem cir,2024-03-05
1728,anunu.kr_2024-02-20,sh4na_k,sweet+sweet=you 🙌🙌😍😍❤️,2024-03-05
1729,anunu.kr_2024-02-20,cc.ppitcc,Apa g ngilu makan begituan,2024-03-05
1730,anunu.kr_2024-02-20,uahahahau,Why put artificial coloring and sugar when the strawberry itself is sweet already? That is why many illness,2024-03-05
1731,anunu.kr_2024-02-20,_ffaww,lucu bgttt😭😭😭😭,2024-03-05
1732,anunu.kr_2024-02-20,yukimi7099,ヘタをとってから、🍬が良かったなぁ😅,2024-03-05
1733,anunu.kr_2024-02-20,"ヘタは食べない方がもっと美味しい😋👍
a.idalia_cuevas",Esas fresas tienen anemia 😢,2024-03-05
1734,anunu.kr_2024-02-20,mateus02,Esses morango deve tá mais azedo que o limão,2024-03-05
1735,anunu.kr_2024-02-20,claraboutzu,Porque vc comeu as folhas cara?,2024-03-05
1736,anunu.kr_2024-02-20,west_457_,My boy those strawberries looking kinda pale,2024-03-05
1737,anunu.kr_2024-02-20,bbenbuyum,Çilek tatlı olmayınca bizde şekere batırıp yiyoz,2024-03-05
1738,anunu.kr_2024-02-20,tuzelbaev_02,Кулбникан қатты пісіпті😂😂,2024-03-05
1739,anunu.kr_2024-02-20,claudiahowl,Marceline passed by.,2024-03-05
1740,anunu.kr_2024-02-20,109poyo69,葉っぱごと食べちゃうの好き( ⸝⸝⸝⁼̴́◡︎⁼̴̀⸝⸝⸝),2024-03-04
1741,anunu.kr_2024-02-20,qwentinker,You are the leaves?😮,2024-03-04
1742,anunu.kr_2024-02-20,as.bader24,هي والأوراق رووح,2024-03-04
1743,anunu.kr_2024-02-20,soso_1_14w,🏳️‍🌈؟؟؟؟؟؟,2024-03-04
1744,anunu.kr_2024-02-20,myrzahmetova_1,73주답글 달기,2024-03-04
1745,anunu.kr_2024-02-20,luuzzer,Sped enrish,2024-03-04
1746,anunu.kr_2024-02-20,angeldavidmedinaballinas,No sé supone que la fresa debe de ser roja,2024-03-04
1747,anunu.kr_2024-02-20,rundanii,Porque se come las hojas si no son comestibles???,2024-03-04
1748,anunu.kr_2024-02-20,juunniior_santos7,Q isu,2024-03-04
1749,anunu.kr_2024-02-20,paulina_neir,Frutillas chilenas,2024-03-04
1750,anunu.kr_2024-02-20,jeonnoor38,"You could have eaten the stick too, why did you leave it? 💀",2024-03-04
1751,anunu.kr_2024-02-20,epaes829,Morango verde,2024-03-03
1752,anunu.kr_2024-02-20,famiyo__o,Why the strawberries so pale though?,2024-03-03
1753,anunu.kr_2024-02-20,_.gh72,يدعم لمثلية بس بطريقة خاصة😂😂,2024-03-03
1754,anunu.kr_2024-02-20,myj_0119sha,這草莓不是一顆460嗎,2024-03-03
1755,anunu.kr_2024-02-20,okay_.dence,ahrange. yeelooe. greeeen. bluew. purpell,2024-03-03
1756,anunu.kr_2024-02-20,paulina_13_0102,🏳️‍🌈,2024-03-03
1757,anunu.kr_2024-02-20,vellagnldo,Why are people bothered with the leaves😂 let him eat his food lmao,2024-03-03
1758,anunu.kr_2024-02-20,lizzi_drawzz_,Why are they on life support 😭,2024-03-03
1759,anunu.kr_2024-02-20,juuh.oliveira83,Crlh um morango LGBT,2024-03-03
1760,anunu.kr_2024-02-20,mariaclaraa.ambrosio,O morango tá com anemia só pode,2024-03-03
1761,anunu.kr_2024-02-20,brendakellyngan,Morango tá anêmico ou é alpino ? 😂😂,2024-03-03
1762,anunu.kr_2024-02-20,miss_pattry,LA HOJAAAAAA,2024-03-03
1763,anunu.kr_2024-02-20,lmo0oalzhrani,73주답글 달기,2024-03-03
1764,anunu.kr_2024-02-20,aquarela15022011,Chocada com folha e tudo,2024-03-03
1765,anunu.kr_2024-02-20,nadi_ouchka,ليفراز ديالك عندها لانيمي,2024-03-03
1766,anunu.kr_2024-02-20,abdullah.madni.108,And there you go a lgbtq strawberry,2024-03-03
1767,anunu.kr_2024-02-20,lil.sesefg,مشكوك بأمرك,2024-03-03
1768,anunu.kr_2024-02-20,chirsmy,My trypophobia to this strawberries:📈📈📈📈📈,2024-03-03
1769,anunu.kr_2024-02-20,whos.nevaeh.ilhsm,Purfle 💅🏽❤️,2024-03-03
1770,anunu.kr_2024-02-20,danitrigueros_05,Pq está casi blancas esas fresas,2024-03-03
1771,anunu.kr_2024-02-20,lama_mouallem,Why they look like that,2024-03-02
1772,anunu.kr_2024-02-20,buhlebenkosi669,Did he just eat the lea...,2024-03-02
1773,anunu.kr_2024-02-20,erjw_,دامو اكل الاخضر مستحيل اثق بذوقو,2024-03-02
1774,anunu.kr_2024-02-20,fariza.mairamkyzy,жапырағын жегеннес😁,2024-03-02
1775,anunu.kr_2024-02-20,jessica__0208,@__lipe_0623,2024-03-02
1776,anunu.kr_2024-02-20,the_chiioxi,Trypophobia,2024-03-02
1777,anunu.kr_2024-02-15,yousea2013,비닐로도 되여!!,2025-03-17
1778,anunu.kr_2024-02-15,cqp_e,Wow😐👏🏻,2024-02-15
1779,anunu.kr_2024-02-15,rami__0216,이제부터 케찹 닦을땐 저거다,2024-02-15
1780,anunu.kr_2024-02-15,gimseoyeon1101,헐 엄청 아프겠다,2024-02-15
1781,anunu.kr_2024-02-15,gimseoyeon1101,손조심해여,2024-02-15
1782,anunu.kr_2024-02-15,gimseoyeon1101,대박 신기해여,2024-02-15
1783,anunu.kr_2024-02-14,playdabeat,“Oooo” 😂,2024-02-19
1784,anunu.kr_2024-02-14,b3aut1ful_m1s3ry,That crunch sold it,2024-02-19
1785,anunu.kr_2024-02-14,ug_sana,😂😂,2024-02-19
1786,anunu.kr_2024-02-14,sledgedrengr,Is it sweet I want to try this bread/toast so bad. 💕 🍞,2024-02-18
1787,anunu.kr_2024-02-14,yanshalou,Ponle Nutella 😋,2024-02-18
1788,anunu.kr_2024-02-14,originale_lei,Try with butter and jam 😋,2024-02-17
1789,anunu.kr_2024-02-14,pleasant0102,this looks so yummy ❤️,2024-02-16
1790,anunu.kr_2024-02-14,lenda15,Just wanted to say hello 👋🏽 😊,2024-02-16
1791,anunu.kr_2024-02-14,deionized_oxidane,형 미모 진짜 크리스피하다❤️,2024-02-14
1792,anunu.kr_2024-02-14,gimseoyeon1101,와 츄릅 한입만여,2024-02-14
1793,anunu.kr_2024-02-14,cqp_e,It looks delicious🤤💕,2024-02-14
1794,anunu.kr_2024-02-14,young_ah_0302,그거 같다 미키마우스 애니에서 불쌍한 셋이 식빵과 콩 나눠먹었던 장면에 나온,2024-02-14
1795,anunu.kr_2024-02-14,y_yui428,おいしそ〜🤤🤤,2024-02-14
1796,anunu.kr_2024-02-13,imhaeun4917,동결건조하면 무슨맛이지?,2024-07-28
1797,anunu.kr_2024-02-13,ji3yu_,아..❤️,2024-02-27
1798,anunu.kr_2024-02-13,y_22.0,내 입으로,2024-02-13
1799,anunu.kr_2024-02-13,dain_sweetsnyc,오 ㅠ 가게 정보좀 주세용ㅠㅠ,2024-02-13
1800,anunu.kr_2024-02-13,pleasant0102,enjoy every bite😍,2024-02-13
1801,anunu.kr_2024-02-13,thayla_sophia1379,😀😀,2024-04-04
1802,anunu.kr_2024-02-13,kyoya.hibari18,Wooow 🤤🤤🤤,2024-02-25
1803,anunu.kr_2024-02-13,jyun_ho2,저거 먹눈소리갘ㅋㅋ,2024-02-23
1804,anunu.kr_2024-02-13,gimseoyeon1101,와 츄릅😢,2024-02-14
1805,anunu.kr_2024-02-13,jjss_0613,이번 여름 수박 화채는 이거다 진짜류류,2024-02-13
1806,anunu.kr_2024-02-13,by.seop,우와 신기해애 !!!! 😮,2024-02-13
1807,anunu.kr_2024-02-13,kiki6rara,大きくなってる👍🏻👍🏻😃,2024-02-13
1808,anunu.kr_2024-02-13,_chltjrgns,배송 부탁그립니다,2024-02-13
1809,anunu.kr_2024-02-13,cqp_e,"Bravo, you succeeded👏🔥",2024-02-13
1810,anunu.kr_2024-02-12,12_u0900,진짜로 아누누는 전부다 해네네요,2024-05-07
1811,anunu.kr_2024-02-12,asbarrutieta,Delicious ❤,2024-02-24
1812,anunu.kr_2024-02-12,viiwy,@stefanozarrella 😄🤗,2024-02-22
1813,anunu.kr_2024-02-12,talysson.tavares,Delícia,2024-02-21
1814,anunu.kr_2024-02-12,b3aut1ful_m1s3ry,Watermelon had to be perfectly ripe to split like thag,2024-02-19
1815,anunu.kr_2024-02-12,gimseoyeon1101,안힘들어여?,2024-02-13
1816,anunu.kr_2024-02-12,2u2_0109,대박사건,2024-02-12
1817,anunu.kr_2024-02-12,blooming_87,와,2024-02-12
1818,anunu.kr_2024-02-12,fatima__hd7,I think it will be good and delicious❤❤,2024-02-12
1819,anunu.kr_2024-02-10,o3o_ppu,약과 뜯으실때 송중ㄱㅣ 닮아써여,2024-07-31
1820,anunu.kr_2024-02-10,iamfuckinsoldier,Procede a quedarse sin dientes,2024-04-02
1821,anunu.kr_2024-02-10,js.a._.weirdo,bro ur gonna need dentist,2024-04-01
1822,anunu.kr_2024-02-10,luux______achraf,أنا أكره أن أفوز لا يوجد البشعون لا يوجد البشعون الله اكبر ولله يا حب عمري فكرت في لاإحات لا لما لا يوجد بالقرب مني,2024-03-30
1823,anunu.kr_2024-02-10,is_arzymatova,Вкуснятины из дорамы Алхимия душ 😍,2024-03-17
1824,anunu.kr_2024-02-10,bafe6_13,في رمضان في رمضان 🥹,2024-03-13
1825,anunu.kr_2024-02-10,_eigabisilva,Ele fechando os olhinhos quando mastiga 😻💖,2024-03-01
1826,anunu.kr_2024-02-10,k0ko_amal,وشكون لي مركز في البشرة تاعه ههههه أحسن من البشرة تاعي غرت منه 😛🤣,2024-02-29
1827,anunu.kr_2024-02-10,siiipp_a,Itu lu apain ngapa jadi keras gitu jamal,2024-02-26
1828,anunu.kr_2024-02-10,jun_10ss,쿠하쿠토 동결전조 해주세요 🙏,2024-02-25
1829,anunu.kr_2024-02-10,u.e1y_,맛있겟당 ㅠㅠ,2024-02-20
1830,anunu.kr_2024-02-10,shivadog_0,동결건조 어떻게 해요?,2024-02-19
1831,anunu.kr_2024-02-10,doces__da__liza,Que agonia 😂,2024-02-19
1832,anunu.kr_2024-02-10,ug_sana,оф.зубы не жалко?,2024-02-19
1833,anunu.kr_2024-02-10,yasmimfarias1,O dedinho com o microfone é o charme 😹❤️,2024-02-17
1834,anunu.kr_2024-02-10,uarmyhope_live,El único asmr que me permito escuchar!!!🥰🥰🥰🥰🥰,2024-02-12
1835,anunu.kr_2024-02-10,hk.y0n_11,꿀떡 맛나겠네영ㅇ😢 저도 한입주세요[?],2024-02-12
1836,anunu.kr_2024-02-10,w0uxita,Estas mm.nd.o p.enne o pq esa cara bro,2024-02-12
1837,anunu.kr_2024-02-10,maltipoo__sikbbang,처음에 마이크 손에꽅고하는줄ㅋㅋ,2024-02-12
1838,anunu.kr_2024-02-10,cherry_jam0_0,아이고...아누누님 턱잡겠네요~~~,2024-02-11
1839,anunu.kr_2024-02-10,163_9cm_jade,이가 튼튼 너무 부러워요🫢,2024-02-11
1840,anunu.kr_2024-02-10,jjiwoo_zip,너를먹으면 (마이크에) 눈이내려와,2024-02-11
1841,anunu.kr_2024-02-10,k._.me__,동결건조하면 성분이? 바뀌나요?,2024-02-10
1842,anunu.kr_2024-02-10,jinmi210,한과는.맛있을꺼.같아요 ㅎ 새해복.많이.,2024-02-10
1843,anunu.kr_2024-02-10,".받으세요
gimseoyeon1101",아누누님 새해복많이 받으세요 ❤️🔥,2024-02-10
1844,anunu.kr_2024-02-10,y_yui428,硬そう🥺でも美味しそう🤤👍,2024-02-10
1845,anunu.kr_2024-02-10,subtly_pretty_,보는 내가 이빨이 아프다,2024-02-10
1846,anunu.kr_2024-02-10,hy.rxiin_,저 작은 마이크에 ㅋㅋㅋ,2024-02-10
1847,anunu.kr_2024-02-10,jjss_0613,유튜브보는데약과 진짜 딱딱해 보였어…,2024-02-10
1848,anunu.kr_2024-02-08,coeraim3,푸냥이 젤리 동결건조 해줘요 자바류,2024-03-14
1849,anunu.kr_2024-02-08,cherry111love,可以教我做法嗎？韓文看不懂 你好厲害👏,2024-03-11
1850,anunu.kr_2024-02-08,bagseoyeon5220,굿,2024-03-08
1851,anunu.kr_2024-02-08,_.stvr._little,Your looking very nice.....🪄👀🖤,2024-03-03
1852,anunu.kr_2024-02-08,jorgebertoldi,Como vc é fofo hahaha ☺️,2024-02-17
1853,anunu.kr_2024-02-08,al.park.ca_,옆머리는 왜케 뜬거야 ㅋㅋ 카와이 푸딩..,2024-02-08
1854,anunu.kr_2024-02-08,gimseoyeon1101,와 저도 하고싶네여😍,2024-02-08
1855,anunu.kr_2024-02-08,cho10000cho,생각해보니 비싼돈주고 사먹을 필요 없이 집에서 만들면 되는군아,2024-02-08
1856,anunu.kr_2024-02-08,eh._.yjw,저거 푸딩가루?는 어디서 사야하나요 아님 이름이라도 알려주세요오,2024-02-08
1857,anunu.kr_2024-02-08,iamvictorykim,ウサギプリンかわいい。🐰🐰🐰❤️,2024-02-08
1858,anunu.kr_2024-02-05,hara__0092_,저게 원조 빠스아님?,2025-01-19
1859,anunu.kr_2024-02-05,jye0232,실타래 탕후루가 더 만들기에 시간이 더 걸리긴 하는데 일반 탕후루보단 덜 달 듯 하네욥 과일 전체에 도배하는게 아니다보니,2024-05-20
1860,anunu.kr_2024-02-05,cecilia.braz_,@voceprecisaprovar,2024-05-03
1861,anunu.kr_2024-02-05,cecilia.braz_,@voceprecisaprovar,2024-05-03
1862,anunu.kr_2024-02-05,hopeful.place,"Not everyone mentioning mama's boy while this guy literally saw a video, tried to the same (nailed it) and said wow 😭😅",2024-05-02
1863,anunu.kr_2024-02-05,giuly_24_bt5kz,Look like hoongjoon of ateez,2024-05-02
1864,anunu.kr_2024-02-05,carol_tuska,@almanaquesos,2024-04-28
1865,anunu.kr_2024-02-05,sarakavyany13,با قندم میشه اینکارو کرد؟,2024-04-23
1866,anunu.kr_2024-02-05,regiane_heerdt,@almanaquesos,2024-04-22
1867,anunu.kr_2024-02-05,sy0_814,그거로 동결건조해줘요!,2024-04-21
1868,anunu.kr_2024-02-05,tatev_102g,😍,2024-04-20
1869,anunu.kr_2024-02-05,ggurlday,"Esse é o verdadeiro ""dorama"" q tu vê lá no Bom Retiro/SP 😂😂😂😂😂😂 totalmente fora dos padrões",2024-04-17
1870,anunu.kr_2024-02-05,mr__ibb,کامنت فارسی,2024-04-14
1871,anunu.kr_2024-02-05,doharetanmay,& here Me thinking about mama's boy..🐦,2024-04-13
1872,anunu.kr_2024-02-05,nnandiniii_24,Hope he is not scandalous too😂,2024-04-12
1873,anunu.kr_2024-02-05,marcos_aguiar_97,설탕이 왜 이상해요? 🤔,2024-04-11
1874,anunu.kr_2024-02-05,bloomoondai,Alien lookin ass,2024-04-10
1875,anunu.kr_2024-02-05,stytmooo,"Orang mah udah dikaruniai buah sbg pemanis alami, ini ditambahin gula lagi.",2024-04-09
1876,anunu.kr_2024-02-05,starr_mina_,Osmanlı macunu,2024-04-08
1877,anunu.kr_2024-02-05,inkuibus,Damn these comments are weird af. Let this man eat his strawberries,2024-04-08
1878,anunu.kr_2024-02-05,laman_pic,"Eh, sì ci vuole ""un po'"" di zucchero in più...",2024-04-07
1879,anunu.kr_2024-02-05,aibarsha.kenjebekova,€,2024-04-07
1880,anunu.kr_2024-02-05,x.r77j,طيب؟,2024-04-07
1881,anunu.kr_2024-02-05,parmis_s92,😍😍😍😍,2024-04-07
1882,anunu.kr_2024-02-05,pr3ty_me6,喝点儿童节？,2024-04-06
1883,anunu.kr_2024-02-05,nzaraac,얼핏 보면 제이홉 방탄소년단 같아,2024-04-05
1884,anunu.kr_2024-02-05,ciaaanjink,pls he reminds me of hobi 😭,2024-04-05
1885,anunu.kr_2024-02-05,hy_140508,공차 신상 망고사고밀크티먹어주세요,2024-03-30
1886,anunu.kr_2024-02-05,laynny_nunes,Imagina fazer com chocolate 😍,2024-03-29
1887,anunu.kr_2024-02-05,el4si0,Banada banada,2024-03-25
1888,anunu.kr_2024-02-05,_qizil_lab_1212,Salom opa men sizga video olyapan 😂,2024-03-25
1889,anunu.kr_2024-02-05,063_joaquina_,😍😍😍😍😍😍😍😍,2024-03-24
1890,anunu.kr_2024-02-05,aailnns_,o thangulu tá diferente,2024-03-24
1891,anunu.kr_2024-02-05,rahaw_.bnd,‌,2024-03-24
1892,anunu.kr_2024-02-05,tatai_da_027,Cadê os comentários em português??,2024-03-24
1893,anunu.kr_2024-02-05,cichelele,🏳️‍🌈🏳️‍🌈🏳️‍🌈🏳️‍🌈,2024-03-23
1894,anunu.kr_2024-02-05,gyhuo33,👏🙌😍😍😍😂😂❤️❤️,2024-03-23
1895,anunu.kr_2024-02-05,neezuukoochaan,Why does the strawberry look fake-,2024-03-22
1896,anunu.kr_2024-02-05,sogandghorbani97,🏳️‍🌈🏳️‍🌈🏳️‍🌈🏳️‍🌈🏳️‍🌈🏳️‍🌈🏳️‍🌈,2024-03-19
1897,anunu.kr_2024-02-05,sogandghorbani97,🏳️‍🌈,2024-03-19
1898,anunu.kr_2024-02-05,kerolyne___,That looks awful,2024-03-19
1899,anunu.kr_2024-02-05,omg_carbie_actually,So similar to like tanghulu?,2024-03-19
1900,anunu.kr_2024-02-05,seyedeh.food,وایی❤️👏,2024-03-19
1901,anunu.kr_2024-02-05,i_love_me.145,Они все едят палочками даже готовят палочками,2024-03-18
1902,anunu.kr_2024-02-05,lix_wqx,@marr.go33 ми не намекаем но...😌,2024-03-16
1903,anunu.kr_2024-02-05,anshikajaiswal200,Strawberry with rings of diabetes 👍🏻,2024-03-15
1904,anunu.kr_2024-02-05,your.elij,"@laudithegreat_, ito naman po HAHAHAHAHAH",2024-03-15
1905,anunu.kr_2024-02-05,qw.mari,@marr.go33 😂,2024-03-15
1906,anunu.kr_2024-02-05,lendevil_99,@laudithegreat_ mentor di mo kayang gawin HAHAHAHAH,2024-03-15
1907,anunu.kr_2024-02-05,blacklisa_bp,"Not mama boy. Instead ""haa haa"" and ""Wow"" boy lol",2024-03-15
1908,anunu.kr_2024-02-05,silentname1269,حتی مایعشم درست نمیشه,2024-03-13
1909,anunu.kr_2024-02-05,gwqbvh,@marr.go33,2024-03-13
1910,anunu.kr_2024-02-05,adipranta98__,@bahayasih_tiktok bikin ini bang,2024-03-13
1911,anunu.kr_2024-02-05,miraiparkbutters,Hope he isn't in jail next,2024-03-13
1912,anunu.kr_2024-02-05,yummxmx,So every Asian is like the mama guy to u guys?💀😭,2024-03-13
1913,anunu.kr_2024-02-05,icyy_paulaa,I hope he dosent turn out like the “innocent” and “cute” mama boy,2024-03-12
1914,anunu.kr_2024-02-05,arya._136_.me,I think you will become papa's boy,2024-03-12
1915,anunu.kr_2024-02-05,they_call_me_mounim,106,2024-03-11
1916,anunu.kr_2024-02-05,313aa21,🤝🫱🏾‍🫲🏿,2024-03-11
1917,anunu.kr_2024-02-05,yury1109,😍😍😍😍😍,2024-03-11
1918,anunu.kr_2024-02-05,pleasant0102,for me it is like artistry in making desserts 😍,2024-03-10
1919,anunu.kr_2024-02-05,pleasant0102,the thing that looks like a thread ...for sure that is a caramel...am i right? then you added some colors using food coloring?,2024-03-10
1920,anunu.kr_2024-02-05,shahi_k9,Я так делала. Это прикольно и очень вкусно ❤,2024-03-10
1921,anunu.kr_2024-02-05,yv123sunny,New and improved version of Mama's Boy,2024-03-10
1922,anunu.kr_2024-02-05,_pupsik._.228_,А😃🍓А😄🍓,2024-03-10
1923,anunu.kr_2024-02-05,syauqikhl,"lucu, boti ya?",2024-03-09
1924,anunu.kr_2024-02-05,lalaisa_mm_offical,😂,2024-03-09
1925,anunu.kr_2024-02-05,3mkily,Bro needs some love❤️ not hate😢,2024-03-09
1926,anunu.kr_2024-02-05,alix_.vdh,Recipe please,2024-03-08
1927,anunu.kr_2024-02-05,simon.mimo,"Idk what y'all are on about, the mama boy's face was far from being a peaceful and innocent one",2024-03-06
1928,anunu.kr_2024-02-05,yixuniyoubousannanziyagi,うまそう,2024-03-06
1929,anunu.kr_2024-02-05,sxn_hi21,สายไหม+ถังหูลู่,2024-03-06
1930,anunu.kr_2024-02-05,jay_lover_fuck_you,Y'all leave him alone.,2024-03-06
1931,anunu.kr_2024-02-05,hasinanjumhafsa,Is that edible?,2024-03-06
1932,anunu.kr_2024-02-05,kiritsuke_,He looks like a food content/ASMR vid creator.,2024-03-05
1933,anunu.kr_2024-02-05,sofie.plysakova,😂😂😂😂😂😂😂,2024-03-05
1934,anunu.kr_2024-02-05,zarinaislamova888,Пах ширкиен енди осындаи клубника жимыз🔥🔥🔥,2024-03-05
1935,anunu.kr_2024-02-05,glory_shey_24,Me thinking he's mama boy😢,2024-03-04
1936,anunu.kr_2024-02-05,tenzin_perez,73주답글 달기,2024-03-04
1937,anunu.kr_2024-02-05,nyxx.55,What’s wrong with people here fr.,2024-03-03
1938,anunu.kr_2024-02-05,"If he’s acting a certain way doesn’t mean he’s gonna be another mama boy or shit. And people asking him that “are you a predator” are you dumb?💀 I know it’s hard to trust anyone after what had happened but hating on someone won’t who didn’t cause no trouble doesn’t make any sense.
bridgetrollchic2",This is fucking stupid,2024-03-02
1939,anunu.kr_2024-02-05,anishawanem_11,New Challenge lesss go @aishumna.wa_,2024-03-02
1940,anunu.kr_2024-02-05,bambiwakes,Это этого чела за изнасилование посадили или это другой?,2024-03-02
1941,anunu.kr_2024-02-05,i_am_the_mrs_lee,What's with all the jail and Pedo talk?,2024-03-01
1942,anunu.kr_2024-02-05,__chimarun,😂 the comments is killing me,2024-03-01
1943,anunu.kr_2024-02-05,9128elmira,"🔥Как называется, из пакета 👇",2024-03-01
1944,anunu.kr_2024-02-05,matttdickensmith,He’s making me mad,2024-02-29
1945,anunu.kr_2024-02-05,tony_soprole_69,Say mama please.,2024-02-27
1946,anunu.kr_2024-02-05,sulta_nanadar,Diabetes sugar!,2024-02-27
1947,anunu.kr_2024-02-05,fidha_mayinkutty_,Mammmaaaaaaahhhhhhhh!! 😲😲,2024-02-27
1948,anunu.kr_2024-02-05,its.only.forever,@joshhalllan PLEASE TRY THIS,2024-02-27
1949,anunu.kr_2024-02-05,im.laajohn17,Temu ahh video,2024-02-27
1950,anunu.kr_2024-02-05,ttxbv580,WHAT HAPPENED TO THE OTHER GUY WTF IM LOST😨😨😨😨😭😭😭😭😭,2024-02-26
1951,anunu.kr_2024-02-05,_1nd4hh_,remembering mama's son again 😢😭,2024-02-26
1952,anunu.kr_2024-02-05,12ma18rino,美味しいそう😃,2024-02-26
1953,anunu.kr_2024-02-05,tanu_._2241,guys why are you all saying that he will aslo end up in jail broo not all are the same please ...,2024-02-26
1954,anunu.kr_2024-02-05,mariaestefanyreis,Jesus está voltando 🙏 arrependam de seus pecados e volte para Deus 🙏,2024-02-25
1955,anunu.kr_2024-02-05,luv1xx_y,U guys are negative,2024-02-25
1956,anunu.kr_2024-02-05,ashhh._.siyaaa,Second Mama boy??,2024-02-25
1957,anunu.kr_2024-02-05,my_little_bengal_prince,He reminds me of Elon musk,2024-02-25
1958,anunu.kr_2024-02-04,asmr.like_12,오 저네요,2024-03-13
1959,anunu.kr_2024-02-04,_.fleurstar._,The next day you got into the hospital because of exploding diarrhea,2024-03-09
1960,anunu.kr_2024-02-04,fun_is_jkt,J-Hope?? 😭,2024-03-08
1961,anunu.kr_2024-02-04,nsibovvvva,Bts j hope ? 😮,2024-03-07
1962,anunu.kr_2024-02-04,onvq.z,وانا اللي جالس حرق في المعده ؟ ماشي,2024-03-06
1963,anunu.kr_2024-02-04,raghadx__188,😍😍😍,2024-02-24
1964,anunu.kr_2024-02-04,keilah_dugan_0613,His soul leaving everytime he bites into the lemon is killing me 😂😂😂😂,2024-02-23
1965,anunu.kr_2024-02-04,giexy777,😖Jajajajjajaja nueva seguidora💝,2024-02-21
1966,anunu.kr_2024-02-04,evandro.4444,74주답글 달기,2024-02-20
1967,anunu.kr_2024-02-04,ug_sana,😂,2024-02-19
1968,anunu.kr_2024-02-04,96.lubna,شنو المكونات😢,2024-02-15
1969,anunu.kr_2024-02-04,riyaroy468520,J hope 2.0,2024-02-07
1970,anunu.kr_2024-02-04,iam_may_arya,My teeth hurt after watching this haha,2024-02-07
1971,anunu.kr_2024-02-04,nafisa_pulotova.2404,Jhopega o'xsharkan siz qoyilee😮,2024-02-07
1972,anunu.kr_2024-02-04,twnwa,You should try it with Thai chilli 👍🏻👍🏻👍🏻,2024-02-06
1973,anunu.kr_2024-02-04,faria__iqra,😂😂😂😂😂,2024-02-06
1974,anunu.kr_2024-02-04,aughaeinust,아 침나와 ㅋㅋㅋ @dddanvi,2024-02-06
1975,anunu.kr_2024-02-04,leex.minxx,I got a lot of jhope vibe,2024-02-06
1976,anunu.kr_2024-02-04,jayjay_chakriya,@jeabmeng3638,2024-02-06
1977,anunu.kr_2024-02-04,jayjay_chakriya,@ju_tanisorn6524,2024-02-06
1978,anunu.kr_2024-02-04,yoon__1982,귤로 해주세요,2024-02-06
1979,anunu.kr_2024-02-04,panitnan_jj,มันจะแซ่บบ่เน้อ พริกเกาหลี55555555,2024-02-06
1980,anunu.kr_2024-02-04,homarahmani5227,You look like j-hope😭,2024-02-06
1981,anunu.kr_2024-02-04,narjeshpr,🤤,2024-02-05
1982,anunu.kr_2024-02-04,tartagliasssx,His behavior makes him look like J-hope,2024-02-05
1983,anunu.kr_2024-02-04,awaliyahfy,"Btw, rasa asemnya sampai ke Indonesia loh😂",2024-02-05
1984,anunu.kr_2024-02-04,jihan_l_a,77주좋아요 25개답글 달기,2024-02-05
1985,anunu.kr_2024-02-04,kiki6rara,しっぱいの？🤣🤣,2024-02-04
1986,anunu.kr_2024-02-04,blued_93,라임인데 계속 레몬으로 자막이..!,2024-02-04
1987,anunu.kr_2024-02-01,flowery.day_,@jiy__oon 헐~~~~애미 해주세요,2024-04-17
1988,anunu.kr_2024-02-01,bu.bu_2323,これ食べたい😂🇯🇵にあるかな…,2024-04-03
1989,anunu.kr_2024-02-01,dinarofika_,Ky gabus njir,2024-04-02
1990,anunu.kr_2024-02-01,gym.930_ri_o,what is this?,2024-03-16
1991,anunu.kr_2024-02-01,inele_2206,I was thinking it is polistiren😂,2024-03-07
1992,anunu.kr_2024-02-01,nini_.08_25,邱筱晴買給我吃,2024-03-07
1993,anunu.kr_2024-02-01,tby.monke,Bro i thought he is eating those foams or something people get with their electronics. Glad i read the first comment before sayig anything. 💀💀💀,2024-03-04
1994,anunu.kr_2024-02-01,famiyo__o,Looks like you eating the foam in packaging💀,2024-03-03
1995,anunu.kr_2024-02-01,kari.na200539,Ти кончений????,2024-02-25
1996,anunu.kr_2024-02-01,keilah_dugan_0613,"Sir that is not a marshmallow, that is a whole ass cloud stick",2024-02-23
1997,anunu.kr_2024-02-01,w_tokki,@haus_m_11 @gardenee____one 먹고시퍼,2024-02-22
1998,anunu.kr_2024-02-01,amu.rinrin,白いサクサクのものは何？🥺,2024-02-20
1999,anunu.kr_2024-02-01,_vestii_,우왕 먹는 분필인줄 👀,2024-02-19
2000,anunu.kr_2024-02-01,ug_sana,😮😂,2024-02-19
2001,anunu.kr_2024-02-01,jijicatuee,How to make these food?,2024-02-14
2002,anunu.kr_2024-02-01,lomoyoi.i,ياعرب ايش ذا الابيض جات نفسي فيه,2024-02-13
2003,anunu.kr_2024-02-01,alice88cantabile,@bbdbobdboo7 마시멜로 얼린거 궁그매,2024-02-12
2004,anunu.kr_2024-02-01,minass.spam,dried marshmallows 😍,2024-02-10
2005,anunu.kr_2024-02-01,katsuki_bakugos_girl,"For those of you who don't know, it's freeze dried marshmallow",2024-02-09
2006,anunu.kr_2024-02-01,stfugduud,هذا فلين؟,2024-02-09
2007,anunu.kr_2024-02-01,lgh_msum,یونولیته؟,2024-02-09
2008,anunu.kr_2024-02-01,7lllo08,وش هو ماكل الأخ؟!!,2024-02-08
2009,anunu.kr_2024-02-01,onyu926,왠지 달 것 같아,2024-02-08
2010,anunu.kr_2024-02-01,anastasjagrek,Это пенопласт?,2024-02-08
2011,anunu.kr_2024-02-01,jmjiusiha_love,저거어디서사요?,2024-02-07
2012,anunu.kr_2024-02-01,k__siyeon,@hyeok._.blues 오빠가 완전 조아하게따!,2024-02-07
2013,anunu.kr_2024-02-01,ktk12_14,맛을 알거같은데 모르겠음,2024-02-05
2014,anunu.kr_2024-02-01,alena_havlik,Please what is the big white thing? A radish? 😅,2024-02-05
2015,anunu.kr_2024-02-01,noahmom__je,ㅍㅣ넛초코 궁금해여!!!,2024-02-05
2016,anunu.kr_2024-02-01,aaallngs_,Mukanya kek terpaksa banget,2024-02-05
2017,anunu.kr_2024-02-01,_junexi,저 1입만요,2024-02-04
2018,anunu.kr_2024-02-01,reemareemreem,What is this?,2024-02-04
2019,anunu.kr_2024-02-01,nazanin.mohagheghian,What is this?,2024-02-04
2020,anunu.kr_2024-02-01,tkfkddl0220,박하사탕 동결건조 한번해주심안되요?,2024-02-03
2021,anunu.kr_2024-02-01,coobi94,ㅋㅋㅋㅋㅋ마이크 왤케 킹받죠 자꾸 더럽혀짐 😢,2024-02-02
2022,anunu.kr_2024-02-01,young_ah_0302,마이크에 눈내린다아... 🌨,2024-02-01
2023,anunu.kr_2024-02-01,yessii__11,쯔은다,2024-02-01
2024,anunu.kr_2024-02-01,gimseoyeon1101,츄릅 먹고싶다,2024-02-01
2025,anunu.kr_2024-02-01,gimseoyeon1101,아누누님 이번에는 초콜릿 녹여서 마시멜로에 부어서 오븐에 구워주세요,2024-02-01
2026,anunu.kr_2024-01-31,famiyo__o,Pretty sure that’s a girl style…,2024-03-03
2027,anunu.kr_2024-01-31,b3aut1ful_m1s3ry,So cute!,2024-02-19
2028,anunu.kr_2024-01-31,ug_sana,😂😂,2024-02-19
2029,anunu.kr_2024-01-31,0aox.0,ممكن تاخدوني ههدييه من العراق 🥺💔,2024-02-04
2030,anunu.kr_2024-01-31,yang_owah08,우와 대박 😮,2024-01-31
2031,anunu.kr_2024-01-31,d.0_yun,우왕 쩐다,2024-01-31
2032,anunu.kr_2024-01-31,cho10000cho,우와 꿀팁이다,2024-01-31
2033,anunu.kr_2024-01-27,saipi._.xoxo,You should not play with your food!!! Asian rules... Don't know if that rule is there in your home or not but in our home it is theree,2024-03-05
2034,anunu.kr_2024-01-27,_580_10,shabi,2024-03-04
2035,anunu.kr_2024-01-27,ug_sana,😂,2024-02-19
2036,anunu.kr_2024-01-27,cherry_jam0_0,참말로 애 앞에서 찬물도 함부로 못마신다니까~~~라는 옛날할매들이 하는말이 생각나요~~,2024-02-11
2037,anunu.kr_2024-01-27,its_daisy_0012,Hellooo how are uu plese rpli me,2024-02-09
2038,anunu.kr_2024-01-27,pinkpotatohead7,ايه وبعدين طيب؟,2024-02-09
2039,anunu.kr_2024-01-27,hasibeormann,Yemekle oyun olmaz,2024-02-05
2040,anunu.kr_2024-01-27,kao7761,コレは批判が多そうだ…。🤦🏻‍♂️食べ物で遊ぶのがまず良くない。😥,2024-02-05
2041,anunu.kr_2024-01-27,guilhermecta,Essa coca é fanta.,2024-02-04
2042,anunu.kr_2024-01-27,anjaanalbatross,You’re not supposed to play with food 😑,2024-02-02
2043,anunu.kr_2024-01-27,luciwott.art,Con la comida no se juega 🥰,2024-02-01
2044,anunu.kr_2024-01-27,thaysreis.com.br,O cara fez o desafio da mulher que está com ele 😂,2024-01-31
2045,anunu.kr_2024-01-27,avatar_king29,77주답글 달기,2024-01-31
2046,anunu.kr_2024-01-27,i_kedayuuk_i,@_yoonjikim_ 와 이노래 기억나냐?,2024-01-31
2047,anunu.kr_2024-01-27,push.pin.der,I am not the only one who thought he red,2024-01-31
2048,anunu.kr_2024-01-27,allysazaharani10,"Huaaa i though you mammaa booy,pls i jumpp",2024-01-31
2049,anunu.kr_2024-01-27,son._ju12,다 튄다 ㅋㅋ,2024-01-30
2050,anunu.kr_2024-01-27,bulasheva.zhgmail.ru,"Едой не играют, учитывая что Корея многие годы голодала.😒👎🏻",2024-01-30
2051,anunu.kr_2024-01-27,sun_star1118,@176cm._.b 하이디라오..,2024-01-30
2052,anunu.kr_2024-01-27,blessingss.chin7,💀💀Guys calm down... he'll not b like mama boy...if he turns out to be like him I'll pay for y'all therapy,2024-01-30
2053,anunu.kr_2024-01-27,esha__inny,Don’t tell me your tryna be the next mama’s boy 😭deadass cuz I jus saw u act like him 😭,2024-01-30
2054,anunu.kr_2024-01-27,liz.prk0,食べ物で遊ぶなって韓国では教わらないの？,2024-01-30
2055,anunu.kr_2024-01-27,__its.matthew__,Yo parents never taught u to not play with ur food ig,2024-01-30
2056,anunu.kr_2024-01-27,_laril,EU QUERO SAAABEEEEEER DE QUEM É O FILHO EU QUERO SABER QUEM É O PAI DESSE MENINOOOOOO,2024-01-30
2057,anunu.kr_2024-01-27,munchju.77,dont play with food,2024-01-30
2058,anunu.kr_2024-01-27,wonki_0620,스트록이 불안정해요 보완해야할거 같습니다.,2024-01-29
2059,anunu.kr_2024-01-27,pleasant0102,❤️,2024-01-29
2060,anunu.kr_2024-01-27,qi_.0114,@_.w_wen_w._ @tlt.021266 安全带🌝,2024-01-29
2061,anunu.kr_2024-01-27,4437aziza,😮😮,2024-01-29
2062,anunu.kr_2024-01-27,yoribogo_,다음에 해봐야겠어요 ㅋㅋㅋ,2024-01-27
2063,anunu.kr_2024-01-27,y_22.0,흰옷입고 해주세용~~~~🙏🏻🙏🏻🙏🏻🙏🏻🙏🏻🙏🏻🙏🏻🙏🏻🙏🏻🙏🏻🙏🏻🙏🏻,2024-01-27
2064,anunu.kr_2024-01-23,_pretty_lily_69_,J-hopeereee ❤️🤌🏻,2024-02-27
2065,anunu.kr_2024-01-23,rrama.sh1,واااو ما هذا 😯,2024-02-18
2066,anunu.kr_2024-01-23,watermelo.nii,"Do I understand anything? I dont, but here I am",2024-02-17
2067,anunu.kr_2024-01-23,gimseoyeon1101,먹스나님 이뻐여,2024-02-01
2068,anunu.kr_2024-01-23,gimseoyeon1101,불가ㅋ,2024-02-01
2069,anunu.kr_2024-01-23,gimseoyeon1101,이걸로 오빠 머리 때리고 싶다😂,2024-02-01
2070,anunu.kr_2024-01-23,d.__xnh,primavera라고 하리보에 있는건데 동결 건조 해주세요!!,2024-01-27
2071,anunu.kr_2024-01-23,y_yui428,日本に売ってるんですか😍❓今度探してみます😁👍👍,2024-01-24
2072,anunu.kr_2024-01-23,cho10000cho,우왕...,2024-01-24
2073,anunu.kr_2024-01-20,_pretty_lily_69_,나는 혼란스럽다.당신은 한국인이거나 일본인입니다.내 생각엔 당신이 한국인인 것 같아요 🫐💘,2024-02-27
2074,anunu.kr_2024-01-20,_junexi,만화에서 봤던 거북이 등 모양의 빵도 아니고 실제로 본 크림 비주얼이 앙금처럼 생겨서 먹기싫게 생김,2024-02-04
2075,anunu.kr_2024-01-20,hj_hyunji3,오므라이스 틀을 사용해서 만들었는데 참외의 모양과 닮았다고 하여서 메론빵이라는 이름이 붙었다는 이야기를 책에서 본 적이 있어요😂,2024-01-21
2076,anunu.kr_2024-01-20,tjdtkdrb_8387,메론 빵 동결 건조 한번 했으면 좋겠어요. 어떤 맛인지 궁금해요,2024-01-20
2077,anunu.kr_2024-01-17,_pretty_lily_69_,あなたは韓国または日本に住んでいます 🤌🏻,2024-02-27
2078,anunu.kr_2024-01-17,ciceralaurany_oficial,😅😅😍👏,2024-02-17
2079,anunu.kr_2024-01-17,_junexi,엄 걍 푸르팁스드세요....,2024-02-04
2080,anunu.kr_2024-01-17,songmiyeongsong,혼자 드시지 마시고 저희도 나눠주세요~,2024-01-29
2081,anunu.kr_2024-01-17,cho10000cho,오...맛있겠다,2024-01-19
2082,anunu.kr_2024-01-17,gimj_iw,저도 하나만...,2024-01-18
2083,anunu.kr_2024-01-17,yessii__11,와.. 저런건 무슨맛일까....😮,2024-01-17
2084,anunu.kr_2024-01-17,hto_022,메론맛 초코비 먹어주세요,2024-01-17
2085,anunu.kr_2024-01-17,kiki6rara,これ高いけど美味しい👍🏻😍👍🏻,2024-01-17
2086,anunu.kr_2024-01-17,thomas_sarbach,😍😍 yummy 😜😜😋😋😋😋👍🏾👍🏾👍🏾,2024-01-17
2087,anunu.kr_2024-01-17,_ljw1113,동결건조 드가자,2024-01-17
2088,anunu.kr_2024-01-16,wesopkj,옥춘사탕은 겉이 박하가 아니라 엿이 찐빼이인데..ㅠ 잘 안 팔아서 슬픔..,2025-07-22
2089,anunu.kr_2024-01-16,yololove8786,저거아니예요 옥춘사탕다른거,2024-01-25
2090,anunu.kr_2024-01-16,hi__a.yoon,아누누님 요거 아니구 유한푸드 옥춘사탕이예여 (속닥속닥) 다..다시 도전..❤️,2024-01-16
2091,anunu.kr_2024-01-16,jeon_unni_,궁금하다궁금하다아!~~~~~~😮😮😮😮😮,2024-01-16
2092,anunu.kr_2024-01-15,lmin_1io,은근히 금손이시네❤️,2024-07-29
2093,anunu.kr_2024-01-15,kim.heungseo,검나 드러워 장갑도 안 끼고,2024-05-11
2094,anunu.kr_2024-01-15,bbiiiggiiee,Endlich versteh ich dieses whatsapp emoji,2024-04-15
2095,anunu.kr_2024-01-15,ayn_98108,귀여워~ㅋㅋㅋㅋㅋ,2024-02-14
2096,anunu.kr_2024-01-15,sinseoyeon0829,옛날영상후루츠사탕동결건조할수있어요😢,2024-02-03
2097,anunu.kr_2024-01-15,sinseoyeon0829,아누누님,2024-02-03
2098,anunu.kr_2024-01-15,baegdayunbaeg,으악!손맛느껴지겠다...ㅋㅋㅋ,2024-01-30
2099,anunu.kr_2024-01-15,yuha_1219,우악 먹기 넘 아까웠겠다~!ㅠㅅㅠ,2024-01-15
2100,anunu.kr_2024-01-15,kiki6rara,かわいい😍,2024-01-15
2101,anunu.kr_2024-01-15,bu2lewrap,@towkioooo 어떡해.. 너무 잔인해,2024-01-15
2102,anunu.kr_2024-01-15,y_yui428,おぱんちゅかわいい😍,2024-01-15
2103,anunu.kr_2024-01-15,hp_makeup.kr,헉스,2024-01-15
2104,anunu.kr_2024-01-13,gimseoyeon1101,와 함먹고싶네여,2024-02-22
2105,anunu.kr_2024-01-13,doces__da__liza,Só consigo olhar pra boca dele 🫣🤡❤️❤️,2024-02-19
2106,anunu.kr_2024-01-13,bagsongyun682,우리누누님넘귀여우셩❤️❤️❤️먹는게.넘귀여운거아니양♥,2024-02-01
2107,anunu.kr_2024-01-13,y_yui428,いちご味のチョコビ美味しんですね😁👍　　今度ためしに買ってみます😍,2024-01-13
2108,anunu.kr_2024-01-13,y_yui428,いちごみるくの飴大好きです！,2024-01-13
2109,anunu.kr_2024-01-11,nurcns0658,이 기계 이름이 뭔가요?,2024-02-23
2110,anunu.kr_2024-01-11,s_yuc32,나도 동결기계 사고싶따..💵,2024-01-14
2111,anunu.kr_2024-01-11,ale_chan707,🔥,2024-01-14
2112,anunu.kr_2024-01-11,2kyun___,이거 존맛,2024-01-11
2113,anunu.kr_2024-01-10,y_yui428,美味しそう🤤🤤,2024-01-13
2114,anunu.kr_2024-01-10,seoyoon_ae97,존맛이겠당ㅜㅜ 저두 사주세요 아누누님!❤️,2024-01-10
2115,anunu.kr_2024-01-09,msensation,이건 진짜 두손으로 쥐고 먹어야겠네요 ㅎㅎ,2024-01-12
2116,anunu.kr_2024-01-09,hee208500,3000원실화,2024-01-09
2117,anunu.kr_2024-01-09,s_eogy,내놔,2024-01-09
2118,anunu.kr_2024-01-09,mokpobom2,우아 자판기 세상이구나여,2024-01-09
2119,anunu.kr_2024-01-09,_assilem_18,"omg, strawberries are the best🍓🍓",2024-01-09
2120,anunu.kr_2024-01-09,btsarmy_bulletprofff7,맛있는 😋,2024-01-09
2121,anunu.kr_2024-01-09,shani_chan96,와 빨간 니트 진짜 잘 받아요….🍓🍓🍓,2024-01-09
2122,anunu.kr_2024-01-08,purplemoonfairy,Choco is not the real one 😭,2024-01-10
2123,anunu.kr_2024-01-08,leroisme,포크숟가락이 브륄레 먹기에는 더 좋아보이는군요,2024-01-09
2124,anunu.kr_2024-01-08,mhrk_o9,ドン・キホーテ？！🐧,2024-01-08
2125,anunu.kr_2024-01-05,j___hyeonee,@so__oh2,2025-03-30
2126,anunu.kr_2024-01-05,_junexi,위에 머리카락이 없......,2024-02-04
2127,anunu.kr_2024-01-05,twofiveten,옥지얌 옥지는 맨날 나한테 지라리얌...,2024-01-07
2128,anunu.kr_2024-01-05,jjss_0613,헐…부럽따아🥺,2024-01-05
2129,anunu.kr_2024-01-05,cho10000cho,옥지 여러번 불렀다간 빵빵이 사라지것네여,2024-01-05
2130,anunu.kr_2024-01-05,yz.eom,우리들의 일그러진 빵빵이..,2024-01-05
2131,anunu.kr_2023-12-31,jjja.i12,탕후루 동결건조plz ❤️,2024-01-02
2132,anunu.kr_2023-12-31,eunny_yan13,누누 단 것만 먹었누,2024-01-02
2133,anunu.kr_2023-12-31,johnbam_,은우님 해피뉴이어 🥳,2024-01-01
2134,anunu.kr_2023-12-31,hwooo0o_,새해 복 많이 받으세요오🫶🏻,2024-01-01
2135,anunu.kr_2023-12-31,1si3yeon,아누누(님) 마니먹었누,2023-12-31
2136,anunu.kr_2023-12-31,pleasant0102,happy new year to you and your family ❤️,2023-12-31
2137,anunu.kr_2023-12-31,cho10000cho,저렇게 먹어도 살 안찌는게 신기....,2023-12-31
2138,anunu.kr_2023-12-31,kwinng_,아누누 무머것누~,2023-12-31
2139,anunu.kr_2023-12-31,_chltjrgns,행님 새해 복 많이 받으시구 단백질 간식 하나 내주세요🥰🥰🥰🥰,2023-12-31
2140,anunu.kr_2023-12-31,y_22.0,잘먹었누,2023-12-31
2141,anunu.kr_2023-12-31,by.seop,으누찌 새해 복 많이 받아효오 😘,2023-12-31
2142,anunu.kr_2023-12-31,yessii__11,누누 건강히 해피뉴이오✨,2023-12-31
2143,anunu.kr_2023-12-31,yuha_1219,누누님 건강 잘 챙기시면서 앞으로도 좋은 먹방 콘텐츠 많이 올려주세용✨,2023-12-31
2144,anunu.kr_2023-12-31,jjss_0613,23년 수고하셨뚭니당😍,2023-12-31
2145,anunu.kr_2023-12-29,eun_wooe,영상에 나오는 치즈 이름이 뭐에요,2025-04-02
2146,anunu.kr_2023-12-29,12_u0900,우왕 이거 저도 해봐야 겠어요 매일매일 좋은 레시피 알려주셔서 감사해요 🔥,2024-05-07
2147,anunu.kr_2023-12-29,__24vk,What cheese did you use?,2024-02-23
2148,anunu.kr_2023-12-29,benstaurant.benkim,오오오오 이렇게 편한방법이 있는줄 몰랐네요 ㅋㅋㅋㅋㅋㅋㅋㅋㅋㅋ 대박!!,2023-12-31
2149,anunu.kr_2023-12-29,rei_mige,맜있겠다❤️ 내 스타잏,2023-12-30
2150,anunu.kr_2023-12-29,malvina_lry,프랑스인으로서 치즈라고 부를 수는 없어요 😭😂,2023-12-29
2151,anunu.kr_2023-12-29,hee208500,딸기비싸요장난치지말고그냥드세요!!!,2023-12-29
2152,anunu.kr_2023-12-29,makingofkevin,대박,2023-12-29
2153,anunu.kr_2023-12-29,meikiyoci_,아아 딸기 맛있다 이게 내 스타일😍,2023-12-29
2154,anunu.kr_2023-12-29,rami__0216,딸기만 보면 눈 뒤집히시는게 넘 울 엄마랑 닮았어욬ㅋㅋㅋ큐ㅠㅠ 함 해먹어봐야겠다,2023-12-29
2155,anunu.kr_2023-12-29,josoyeon_,그래서 아누누스코어 몇점이죠?!,2023-12-29
2156,anunu.kr_2023-12-29,2u2_0109,이건 내스타일이다,2023-12-29
2157,anunu.kr_2023-12-21,am________00_______am,うわー、これはすごいですね,2023-12-24
2158,anunu.kr_2023-12-21,liumakeup.kr,와 이거 진짜 되는구나...👏👏👏,2023-12-22
2159,anunu.kr_2023-12-21,juye0n_.23,"쇼츠에선 절대 할 수 없는 댓글 1등,,",2023-12-21
2160,anunu.kr_2023-12-19,uarmyhope_live,Es al único que soporto escucharlo comer!!😍😍😍😍😍,2023-12-22
2161,anunu.kr_2023-12-19,liumakeup.kr,ㅋㅋㅋㅋㅋㅋㅋ졸귀네 저 계란빵,2023-12-19
2162,anunu.kr_2023-12-19,uarmyhope_live,Esp se ve muy raro!!!😢😢😂... aunque no entendí nada que dijo que es!!🫥,2023-12-21
2163,anunu.kr_2023-12-19,ma_gda_15,❤️,2023-12-23
2164,anunu.kr_2023-12-19,cho10000cho,흠.. 비싼 불량식품...,2023-12-20
2165,anunu.kr_2023-12-19,_chltjrgns,행님 여기 어디에요???!,2023-12-19
2166,anunu.kr_2023-12-18,humairahassan52,❤️,2023-12-18
2167,anunu.kr_2023-12-17,yousea2013,맵고 시면 무슨 맛이지..?,2025-03-17
2168,anunu.kr_2023-12-17,s_yuc32,내 눈에만 코팅된 콧물처럼 보임??,2024-01-02
2169,anunu.kr_2023-12-17,mokpobom2,과일이 생긴건 백향과처럼 생겼네여.. 보면서 군침이 주르륵 😂,2023-12-21
2170,anunu.kr_2023-12-17,juani8a,Do they sell “granadilla” in korea? 😮,2023-12-20
2171,anunu.kr_2023-12-17,moonucv,@eduardoferreira9209 maracuyá😂,2023-12-19
2172,anunu.kr_2023-12-17,judesaaa,Passion fruit 🇬🇾,2023-12-18
2173,anunu.kr_2023-12-17,gabo_sovilla,Eso no es maracuyá... eso se llama granadilla,2023-12-17
2174,anunu.kr_2023-12-17,cho10000cho,오 맛있겠당,2023-12-17
2175,anunu.kr_2023-12-17,min_rosee07,Se llama granadilla jajaja y es lo más sabroso que tenemos,2023-12-17
2176,anunu.kr_2023-12-17,emii_sxzz,Viva COLOMBIA VIVA FALCAOOOOOOOOOO,2023-12-17
2177,anunu.kr_2023-12-16,12_u0900,어떤 맛이에여?,2024-05-07
2178,anunu.kr_2023-12-16,cho10000cho,오...,2023-12-20
2179,anunu.kr_2023-12-16,liumakeup.kr,진짜 해리포터에 나올거 같은 가게다,2023-12-17
2180,anunu.kr_2023-12-16,seo._.ene,"얼마나 시길래,,,",2023-12-17
2181,anunu.kr_2023-12-16,ahnhaeyo,나 신거 잘 먹음,2023-12-16
2182,anunu.kr_2023-12-16,cho10000cho,오... 시간단축 넘좋타...,2023-12-17
2183,anunu.kr_2023-12-16,ha_yyan,스팀노즐 청소 꼼꼼히 하셔야해요😂,2023-12-16
2184,anunu.kr_2023-12-16,ddub_ddugi,와 마싯겠자ㅜㅠ,2023-12-16
2185,anunu.kr_2023-12-16,sn_muk,와 머신 살까여....,2023-12-16
2186,anunu.kr_2023-12-16,ja0_0peach,스팀기 청소하는것두 올려죠용....🔥,2023-12-16
2187,anunu.kr_2023-12-16,stephaniekimchi,헐 너무 신기해… 처음으로 에스프레소머신이 사고싶어졌어욬ㅋㅋㅋ,2023-12-16
2188,anunu.kr_2023-12-16,ja0_0peach,댓글이 아직 없다니🔥,2023-12-16
2189,anunu.kr_2023-12-15,wolva_28,🥹,2024-02-29
2190,anunu.kr_2023-12-15,liumakeup.kr,진짜 크다...,2023-12-15
2191,anunu.kr_2023-12-15,pairy__,어디서 사셨나용??,2023-12-15
2192,anunu.kr_2023-12-15,giexy777,Que es eso? 🤔,2024-02-21
2193,anunu.kr_2023-12-15,ming_____ming_____j,아누님 구매하신곳 알 수 있을까요?!,2024-01-01
2194,anunu.kr_2023-12-15,nyangmo_c,저요 저요!! 궁금해서 진짜 먹어보고 싶은 맛인데요... 신거 좋아해요,2023-12-17
2195,anunu.kr_2023-12-15,u_eon5,먹어보고싶당ㅇ,2023-12-16
2196,anunu.kr_2023-12-15,humairahassan52,❤️❤️,2023-12-16
2197,anunu.kr_2023-12-15,sujinmi54,씻어서 먹어도 맛의 변함이 없나요? 겉에만 닦아내고 먹을정도가 아닌가요?,2023-12-15
2198,anunu.kr_2023-12-15,m_juuuuu615,먹어보고싶닽,2023-12-15
2199,anunu.kr_2023-12-15,rashifah,Permen asem jawa ?,2023-12-15
2200,anunu.kr_2023-12-15,aura_m_kr,저요🙋 침나온다,2023-12-15
2201,anunu.kr_2023-12-15,leeyj_5803,침 이 나오는고 갔아용,2023-12-15
2202,anunu.kr_2023-12-14,tali_m_lopes,@lnc_jao crtz que é a mesma bala que vc me deu aquela vez jkkkk,2024-02-17
2203,anunu.kr_2023-12-13,_min_.joy,@du_viv 누데이킄ㅋㅋ,2023-12-13
2204,anunu.kr_2023-12-13,918.310,신기하고 맛있는 고 많이 먹고 다니시네여,2023-12-13
2205,anunu.kr_2023-12-13,sweet_yup_sweet,これ食べたい！！,2023-12-13
2206,anunu.kr_2023-12-13,re_mini_scene,우왁…! 이만사천원이라니..,2023-12-13
2207,anunu.kr_2023-12-13,hp_makeup.kr,우와.. 🍅🍮🍯,2023-12-13
2208,anunu.kr_2023-12-12,veryberryorganic,"아,,, 분명히 봤는데! 그 큰 붕어빵 영상! 어디갔지!???",2023-12-12
2209,anunu.kr_2023-12-12,veryberryorganic,"넘 맛있는 사과빵,🍎🍎❤️(영상보니 또 먹고 싶. . 🤭🤭)",2023-12-12
2210,anunu.kr_2023-12-12,_bomi.13,2빠!!!!!!!!!!!!!,2023-12-12
2211,anunu.kr_2023-12-12,y.b.in_,회오리 젤리 동걸 건조 해주세요 🙌🏻🙌🏻,2023-12-12
2212,anunu.kr_2023-12-11,cho10000cho,오.. 대단한 능력자👏👏,2023-12-13
2213,anunu.kr_2023-12-11,rami__0216,허걱..매운거랑 신거쪽으로 감각이 이상 있는게 아닌 이상 먹기가 힘들텐데..ㄷㄷㄷ 엄청 대단하세요!!,2023-12-12
2214,anunu.kr_2023-12-11,jeon_unni_,허얼😂😂😂😂ㅋㅋㄱㅋㅋ,2023-12-11
2215,anunu.kr_2023-12-11,azure_2.3,"? 저게 가능한가,,,?????",2023-12-11
2216,anunu.kr_2023-12-11,jacks.d20,Estaría cool probarlos nomas para saber jaja 😂,2023-12-11
2217,anunu.kr_2023-12-11,veryberryorganic,와 역시 재팬👍🏼👍🏼,2023-12-12
2218,anunu.kr_2023-12-11,199xoxox,이건 언제 올라오실지 너무 기대중>_<,2023-12-11
2219,anunu.kr_2023-12-10,wolva_28,J’ai rien compris 😂😂😂😂,2024-02-29
2220,anunu.kr_2023-12-10,qoqoqod,카페알바할때도 한번도 씻은적없는뎈ㅋㅋㅋㅋ 농약ㅋㅋㅋㅋ,2023-12-11
2221,anunu.kr_2023-12-10,maeng__gee,ㅋㅋㅋㅋ 댓글들 아는척 하는거 개웃기네ㅋㅋ,2023-12-10
2222,anunu.kr_2023-12-10,tjdtkdrb_8387,아니 근데 농약 들어간 제품을 판매 허가 해 주는지 모르겠네요 판매 하는 건 농약 성분 검사 하고 판매 할 텐데…….,2023-12-10
2223,anunu.kr_2023-12-10,brave97s,저도 한번도 세척한적없는뎁...! ㅠㅋㅋㅋ 다행이에용,2023-12-10
2224,anunu.kr_2023-12-10,2u2_0109,러쉬같다 ㅋㅋㅋ,2023-12-10
2225,anunu.kr_2023-12-09,liumakeup.kr,기다렸드아,2023-12-09
2226,anunu.kr_2023-12-09,_.zlox0,먹어 보고싶어.. 이거 일본 감성 애니 축제에서 사람들이 들고 다니는 거잖아요!!!,2023-12-09
2227,anunu.kr_2023-12-09,dokyung_01,마시께따..(츄룹..),2023-12-09
2228,anunu.kr_2023-12-09,y_yui428,日本にいるんですか😍❓,2023-12-09
2229,anunu.kr_2023-12-09,199xoxox,ㅋㅋㅋ오 조만간 또 따라하시려낭,2023-12-09
2230,anunu.kr_2023-12-09,seo._.ene,언제나 영상 잘보구 이쏘요!!🫶🏻🫶🏻,2023-12-09
2231,anunu.kr_2023-12-07,stephaniekimchi,오예에에에😽💖😽💖,2023-12-09
2232,anunu.kr_2023-12-07,liumakeup.kr,ㅋㅋㅋㅋㅋㅋ오앙ㅋㅋㅋㅋ,2023-12-08
2233,anunu.kr_2023-12-07,2u2_0109,맛잇겟다..,2023-12-07
2234,anunu.kr_2023-12-07,__dipsha.roychoudhary66,Wow it's looks really big and tasty 😋,2023-12-07
2235,anunu.kr_2023-12-06,_chltjrgns,존맛탱구리..,2023-12-07
2236,anunu.kr_2023-12-06,79woossang,제철인 귤로도만들어쥬세요~~,2023-12-06
2237,anunu.kr_2023-12-06,2u2_0109,어머 이건 먹어야해,2023-12-06
2238,anunu.kr_2023-12-06,liumakeup.kr,진짜 ㅋㅋㅋㅋㅋ 크다,2023-12-11
2239,anunu.kr_2023-12-06,pleasant0102,i really enjoy your reels...😍,2023-12-07
2240,anunu.kr_2023-12-06,pleasant0102,very huge croissant,2023-12-07
2241,anunu.kr_2023-12-06,marcoximus,옥 당뇨 박차,2023-12-07
2242,anunu.kr_2023-12-06,y_yui428,大きくて、美味しそう🤤🤤満足感がある❤️,2023-12-06
2243,anunu.kr_2023-12-06,cho10000cho,확실히 크니까 먹기 힘들어보인당,2023-12-06
2244,anunu.kr_2023-12-06,199xoxox,이번에도 그분께서 가시려나~?,2023-12-06
2245,anunu.kr_2023-12-06,hee208500,나온지쫌됫는대,2023-12-06
2246,anunu.kr_2023-12-06,dongbbang__jeju,제주 오지힐그라운드가 최초라고 하던데요~,2023-12-06
2247,anunu.kr_2023-12-06,yeonji._.0304,냉동과일은 다 돼요,2023-12-07
2248,anunu.kr_2023-12-06,leroisme,유통기한 ㅅㄱ,2023-12-07
2249,anunu.kr_2023-12-06,ja0_0peach,연유넣으세유,2023-12-06
2250,anunu.kr_2023-12-06,cho10000cho,우왕..,2023-12-06
2251,anunu.kr_2023-12-06,y_j__109,소비기한으로 바뀌어서 이제 날짜 지나면 먹으면 안돼요.... ㅜㅜ 속 괜찮으신가요 ಢ‸ಢ,2023-12-06
2252,anunu.kr_2023-12-06,phillip_hkkim,오!~~,2023-12-06
2253,anunu.kr_2023-12-06,d.y_anna_oh_3,요거트 넣으면 맛나유 ㅋ,2023-12-06
2254,anunu.kr_2023-12-06,ja0_0peach,냉동망고에 요거트부워도 똑같아요 어케알았냐구요? 알고싶지않았어요. 무튼 부숴서 먹으면 망고아이스크림 개꿀,2023-12-06
2255,anunu.kr_2023-12-06,79woossang,꿀넣어야쥬,2023-12-06
2256,anunu.kr_2023-12-06,humairahassan52,Looking delicious 🤤❤️,2023-12-06
2257,anunu.kr_2023-12-06,10grammm,갖다주ㅛㅔㅁ,2023-12-06
2258,anunu.kr_2023-12-06,hunihunijung,귀여워 물론 블루베리가,2023-12-06
2259,anunu.kr_2023-12-06,shin_sajang93,2편뭔데요 화나요,2023-12-06
2260,anunu.kr_2023-12-06,d.y_anna_oh_3,ㅋㅋㅋ넘 사랑스러워유 🙌,2023-12-07
2261,anunu.kr_2023-12-06,shin_sajang93,아하,2023-12-06
2262,anunu.kr_2023-12-04,pairy__,만원짜린데 단추퀄리티가 ㅠㅠ,2023-12-06
2263,anunu.kr_2023-12-04,2u2_0109,마넌..?,2023-12-05
2264,anunu.kr_2023-12-04,deionized_oxidane,오 이제 형 입술에서 복숭아 맛이 나겠군💋❤️😘,2023-12-05
2265,anunu.kr_2023-12-04,sn_muk,숙성....... 혼나여...😂,2023-12-04
2266,anunu.kr_2023-12-04,ji_water14,쑥써어ㅓ어엉🔥🔥🔥4시간 쑥썽엉😂,2023-12-04
2267,anunu.kr_2023-12-04,chfhd0419,@jeon_unni_ 아누누 숙성 안하누,2023-12-04
2268,anunu.kr_2023-12-04,kim_wanda_85,젼언니의 아누누 숙성안하누가 들려요😂😂,2023-12-04
2269,anunu.kr_2023-12-04,2u2_0109,아 나두....,2023-12-04
2270,anunu.kr_2023-12-04,sgm_xwiko,쑥써어어엉 ㅋㅋㅋ근데.. 안해도 너무 맛있겠다ㅏㅜㅠㅠ,2023-12-04
2271,anunu.kr_2023-12-04,10grammm,<속보> 크리에이터 ‘아누누’ 집에서 망사 디저트 만든 영상 업로드. 만든 후에 입에 갖다대기도,2023-12-04
2272,anunu.kr_2023-11-08,chengdamunni,아 ㅋ ㅋ 비누방울맛 또 생각나요😁😁😂,2023-11-09
2273,anunu.kr_2023-11-08,cho10000cho,결국 비눗방울까지 진출해버렸다..,2023-11-09
2274,anunu.kr_2023-11-08,cho10000cho,결국 비눗방울까지 진출해버렸다..,2023-11-09
2275,anunu.kr_2023-11-08,deionized_oxidane,난 형 입술 맛이 궁금한데❤️,2023-11-08
2276,anunu.kr_2023-11-08,_chltjrgns,저두 먹구시퍼요..,2023-11-08
2277,anunu.kr_2023-11-08,leroisme,소리 넘귀 ㅋㅋㅋㅋㅋ,2023-11-08
2278,anunu.kr_2023-11-08,sweet_yup_sweet,シャボン玉🫧！,2023-11-08
2279,anunu.kr_2023-11-08,each.story,두분이 열심히 찍고 계시던게 이거였구나👀✨,2023-11-08
2280,anunu.kr_2023-11-08,2u2_0109,아잌ㅋㅋㅋㅋㅋ,2023-11-08
2281,anunu.kr_2023-10-23,cherry111love,做法 thaks,2024-03-11
2282,anunu.kr_2023-10-23,pleasant0102,you are so creative...good job!!!,2023-12-08
2283,anunu.kr_2023-10-23,miumui.tokito,I felt the burning smell 😶,2023-10-31
2284,anunu.kr_2023-10-23,de.nice7658,😍😍😍,2023-10-27
2285,anunu.kr_2023-10-23,aj.tj,البنت اضبط,2023-10-24
2286,anunu.kr_2023-10-23,cho10000cho,누누집엔 없는게 없네,2023-10-24
2287,anunu.kr_2023-10-23,humairahassan52,I would love to try it ❤️,2023-10-24
2288,anunu.kr_2023-10-23,yahong_ee,건강잘챙기세용👏,2023-10-23
2289,anunu.kr_2023-10-23,eunhee861105,기계어디서삿어요?😮😮😮😮,2023-10-23
2290,anunu.kr_2023-10-23,deionized_oxidane,이건 입가에 묻을 것도 없어서 형 입술을 못 훔치겠네요...,2023-10-23
2291,anunu.kr_2023-10-23,sm_is_sungmin,탕후루 보다 맛있겠다..,2023-10-23
2292,anunu.kr_2023-10-23,10grammm,누누오빠 빨간 원피스가 너무 잘어울려요,2023-10-23
2293,anunu.kr_2023-10-21,cho10000cho,저런건 어디서 알아오는걸까.. 무튼 오늘도 존잘누누,2023-10-22
2294,anunu.kr_2023-10-21,qiaoyi3588,原来你喜欢中国菜啊，来中国玩吧😍,2023-10-22
2295,anunu.kr_2023-10-21,humairahassan52,Looking amazing 😍❤️,2023-10-21
2296,anunu.kr_2023-10-05,pleasant0102,gelatin!!!,2023-12-08
2297,anunu.kr_2023-10-05,selena.rahnma95,🍇🫐🍌🍐🥥🫐🍆🥥🥔🍈🍏🍆,2023-12-01
2298,anunu.kr_2023-10-05,_miki807,J-HOPEに見えるww,2023-11-07
2299,anunu.kr_2023-10-05,johyusick,약간 송중기닮은듯,2023-11-02
2300,anunu.kr_2023-10-05,jimin_2030,ذكرني ب هوبي نفس حركاته بعد لما يقرف من شيء 😂😂😂,2023-11-02
2301,anunu.kr_2023-10-05,selenaquintanilha1,90주답글 달기,2023-11-01
2302,anunu.kr_2023-10-05,asals.h17,similarity. You have Jhope,2023-11-01
2303,anunu.kr_2023-10-05,ghofran_roya,نوش جانت،ربطش به ما چیه😑؟,2023-11-01
2304,anunu.kr_2023-10-05,dannylambo_dl,Whyyyyy😒,2023-11-01
2305,anunu.kr_2023-10-05,axblink84,The second one was looking like a blood clot istg😂😂,2023-11-01
2306,anunu.kr_2023-10-05,shim.suu_ryeon,Basically jelly,2023-10-31
2307,anunu.kr_2023-10-05,zuxriddinov_abbos,Molga óxshab har balon yisanda keyn qornin oğrb yurasan😂😂😂😂😂😂🙌,2023-10-31
2308,anunu.kr_2023-10-05,urlocalwerewolfboyfriend,There's GOTTA be a better way to open these 😭,2023-10-31
2309,anunu.kr_2023-10-05,curvymedusa,Why are you keep eating someone’s silicone transplants 😂,2023-10-31
2310,anunu.kr_2023-10-05,crisespindolaespindola,Agora pronto quero comer também,2023-10-31
2311,anunu.kr_2023-10-05,cintacepmek,You baka,2023-10-30
2312,anunu.kr_2023-10-05,khadija8725khadija,😂😂😂😂😂😂😂😂😂,2023-10-29
2313,anunu.kr_2023-10-05,lujanbenitez698,Nose q dijo pero yo también te amoooo😍😍😍,2023-10-29
2314,anunu.kr_2023-10-05,yena.2014,저 아누누님 쇼츠 좋아요 다 눌렀어요!!,2023-10-29
2315,anunu.kr_2023-10-05,felicitygracemilton,Did NOT save the best til last 😂,2023-10-29
2316,anunu.kr_2023-10-05,elxcqj,شبه من يخلق اربعين,2023-10-29
2317,anunu.kr_2023-10-05,sakihasdied,ur supposed to pop them under water so the pressure in the plastic is in the same as the water or something i dont remember,2023-10-29
2318,anunu.kr_2023-10-05,hihenna64,Hmmm,2023-10-29
2319,anunu.kr_2023-10-05,_cortezkennya_,"Se o J-hope tivesse um irmão mais novo, eu diria que era ele 😂ele parece um pouco com o J-hope.❤️",2023-10-28
2320,anunu.kr_2023-10-05,selfiereyna01,😍,2023-10-28
2321,anunu.kr_2023-10-05,jde.sch__,😂😂,2023-10-28
2322,anunu.kr_2023-10-05,_mbarliee_,I'm convinced the first one was breast implant 💀😭,2023-10-28
2323,anunu.kr_2023-10-05,bts_v_stan119,Not hating but why so pik me bro💀,2023-10-28
2324,anunu.kr_2023-10-05,aliasghar91809,منم میخوام,2023-10-28
2325,anunu.kr_2023-10-05,lox_lp,حسا حالي صف اول بعد هل فيديو,2023-10-27
2326,anunu.kr_2023-10-05,kazu__tuccu,Cute but......over nerdy 🤣,2023-10-27
2327,anunu.kr_2023-10-05,y1iu.3e_,you have to do it on the dish,2023-10-27
2328,anunu.kr_2023-10-05,isamoncal,😂😂,2023-10-27
2329,anunu.kr_2023-10-05,yal.da1589,منم میخواااام😢,2023-10-26
2330,anunu.kr_2023-10-05,_danijel___3346,Taste of first one?,2023-10-26
2331,anunu.kr_2023-10-05,liz_carmenzita,😂😂😂😂,2023-10-26
2332,anunu.kr_2023-10-05,zhipaster,"I was like: just dont eat that rose water one, just dont 🤣",2023-10-26
2333,anunu.kr_2023-10-05,oshi.matsuo,O último que é o mais bonito pela reação dele é o pior 😂,2023-10-26
2334,anunu.kr_2023-10-05,s_hamshazz,Seungbin 2.0 be like☠️☠️,2023-10-26
2335,anunu.kr_2023-10-05,____fentanyl,I choked on jelly I swear on my life it felt like a leech stuck on my throat.,2023-10-25
2336,anunu.kr_2023-10-05,sanaz_y93,Fyfr,2023-10-25
2337,anunu.kr_2023-10-05,_hilal.davis_,Çok tatlı 😍,2023-10-25
2338,anunu.kr_2023-10-05,_lanakhalifa_,هاي شنو طلع عدكم شي تكولون عليه مو طيب ومتاكلو 😦,2023-10-25
2339,anunu.kr_2023-10-05,aj.tj,😂😂😂😂😂😂😂😂,2023-10-24
2340,anunu.kr_2023-10-05,goyangleee,저기 먹고 싶어 하고 싶어서 지금 주세요~~~,2023-10-23
2341,anunu.kr_2023-10-05,mialinhphan,POV:you forgot to wash your hand,2023-10-23
2342,anunu.kr_2023-10-05,queren.19,😂😂,2023-10-23
2343,anunu.kr_2023-10-05,xeeonen,저거 3알에 4500원...,2023-10-22
2344,anunu.kr_2023-10-05,brunacarola_,A cara dele experimentando o último foi a melhor 😂😂😂😂😂😂,2023-10-22
2345,anunu.kr_2023-10-05,thgml._.hee_16,입안에 있는 꽃은 어떻게 됬어요?,2023-10-07
2346,anunu.kr_2023-10-05,songmiyeongsong,항상 달달한거 드시네여ㅋㅋㅋ,2023-10-06
2347,anunu.kr_2023-10-05,918.310,저도주세염,2023-10-06
2348,anunu.kr_2023-10-05,kyurindiary,와..대박!!!너무 먹어싶다!!!!,2023-10-05
2349,anunu.kr_2023-10-05,humairahassan52,They are looking so cute ❤️,2023-10-05
2350,anunu.kr_2023-10-05,vatson.21,❤️❤️❤️❤️❤️,2023-10-05
2351,anunu.kr_2023-10-05,eva7zgz,"Oooh It seems that the last sweet did not like, in Spain does not sell those sweets",2023-10-05
2352,anunu.kr_2023-10-05,1su.owo,벚꽃향...저거 이뻐서 사봤다가 진짜 역한 화장품냄새나서 싹다 버렸었어요...ㅋㅋ,2023-10-05
2353,anunu.kr_2023-10-05,islamesha1592023,How cute🥺🤍,2023-10-05
2354,anunu.kr_2023-10-05,cho10000cho,벚꽃이 맛이없었다는 반전,2023-10-05
2355,anunu.kr_2023-08-08,ettuang_1007,아누누님! 아이스크림 할인점에 황도 까먹는 젤리가 새로 출시되었데요!!! 먹어주세여여ㅕ영 👏👏,2023-08-26
2356,anunu.kr_2023-08-08,sawm.hlua.7,👏,2023-08-09
2357,anunu.kr_2023-08-08,vatson.21,Very cute ❤️❤️,2023-08-08
2358,anunu.kr_2023-08-08,rami__0216,제가 간곳은 만원에 8가지던데 초코랑 레인보우랑 같이 먹으면 맛있더라구요!! 역시 으른은 이래야 진리야,2023-08-08
2359,anunu.kr_2023-08-08,j1nmai,어른의 맛,2023-08-08
2360,anunu.kr_2023-08-08,leroisme,와 저도 빨리 어른 될래여,2023-08-08
2361,anunu.kr_2023-08-08,alejandragil6548,❤️,2023-08-08
2362,anunu.kr_2023-08-07,park_jin__0,광장시장 닭발 진짜 맛있어요 매콤달달해요,2023-11-21
2363,anunu.kr_2023-08-07,natinha_ss,Viciada em seus vídeos mesmo sem entender nada 😍🇧🇷,2023-11-01
2364,anunu.kr_2023-08-07,ooyi._.01,망고젤리 넘 먹어보고싶댜ㅠㅠ,2023-08-08
2365,anunu.kr_2023-08-07,brave97s,아ㅠㅠㅠ 저도넘가고싶어요,2023-08-08
2366,anunu.kr_2023-08-07,uarmyhope_live,Que precioso!! 😍,2023-08-07
2367,anunu.kr_2023-08-07,kkakka07,오빠 그러면 순대에 뭐 찍어먹엉??,2023-08-07
2368,anunu.kr_2023-08-07,kiki6rara,スンデは美味しいの？食べた事ない😂,2023-08-07
2369,anunu.kr_2023-08-07,lygeun,코평수까지 넓어지시는거 보니 진짜 맛집인가봐요👏,2023-08-07
2370,anunu.kr_2023-08-07,199xoxox,나도죠,2023-08-07
2371,anunu.kr_2023-07-24,deep_shi_kha07,Keep the drink aside I like this guy more🤭🤭,2023-10-27
2372,anunu.kr_2023-07-24,_annie_18_06,When you are tooooo obessed with the explicit version that loving word seem off 🙂,2023-08-09
2373,anunu.kr_2023-07-24,aila_sahaja,103주좋아요 2개답글 달기,2023-08-07
2374,anunu.kr_2023-07-24,"번역 보기
aila_sahaja",103주답글 달기,2023-08-07
2375,anunu.kr_2023-07-24,"번역 보기
aila_sahaja",😢,2023-08-07
2376,anunu.kr_2023-07-24,aila_sahaja,103주좋아요 5개답글 달기,2023-08-07
2377,anunu.kr_2023-07-24,"번역 보기
cujo_white",Calories 📈📈,2023-08-06
2378,anunu.kr_2023-07-24,danii_xl_,Nossa isso deve ser muito gostoso 😋 tenho muita vontade de provar ❤🇧🇷,2023-08-04
2379,anunu.kr_2023-07-24,1lllove1ll,와 ~ 잘만들어요 👏👏👏👏,2023-08-02
2380,anunu.kr_2023-07-24,jenius_jenny,생크림에베레스트 버블티 동결건조 해주새요!!,2023-07-30
2381,anunu.kr_2023-07-24,food___ann,특허 내셔야겠는대요.ㅋㅋㅋ 비쥬얼이 너무 먹음직스러워요😍,2023-07-30
2382,anunu.kr_2023-07-24,drtariqzaina,My poor soul thought that was Icecream on top. 😭,2023-07-30
2383,anunu.kr_2023-07-24,humairahassan52,Looking delicious ❤️,2023-07-25
2384,anunu.kr_2023-07-24,ryumwisn,헤에에 저 정도 양이면 진짜 배부르겠다😮,2023-07-24
2385,anunu.kr_2023-07-24,"진짜 맛있겠다..
marcoximus",즉시 카페 차려야함,2023-07-24
2386,anunu.kr_2023-07-24,h._.wo.o6,티백은 어떤 티백으로 쓰셨어요?,2023-07-24
2387,anunu.kr_2023-07-24,cho10000cho,오 바리스타🧋 금손인정!,2023-07-24
2388,anunu.kr_2023-07-17,moyaigun_,@z1_bb_ 너도 만들어봐,2024-01-05
2389,anunu.kr_2023-07-17,eltothesky,Not bad but not good (kim jisoo) 😂😂❤️,2023-10-30
2390,anunu.kr_2023-07-17,aj.tj,اخخ جعت,2023-10-24
2391,anunu.kr_2023-07-17,_h.yuli,@2yub_dong 요것두..,2023-09-18
2392,anunu.kr_2023-07-17,chinachinacc,🔥❤️,2023-08-16
2393,anunu.kr_2023-07-17,chyoun00,처음에 설명 안 듣고 복숭아 맛 나는 도넛 탕후루인 줄ㅋㅋ,2023-08-11
2394,anunu.kr_2023-07-17,_jinny2_,@yu_dingiiiii 찾았다 🍑🍡,2023-08-06
2395,anunu.kr_2023-07-17,keuns0412,건조 시켜서 탕후루 만들어주세요!! 안했다면요..!,2023-08-05
2396,anunu.kr_2023-07-17,hansua852,헐..납작 복숭아 겁나 비싼건데 3개나 사셨네 한국에서 사면1000만원은 넘어들 던데..ㄷㄷ,2023-08-03
2397,anunu.kr_2023-07-17,hxxnarae,@eul._.e 이거..,2023-08-01
2398,anunu.kr_2023-07-17,heezzzn,@seh.zip,2023-07-30
2399,anunu.kr_2023-07-17,wittgenstein_s,🔥,2023-07-29
2400,anunu.kr_2023-07-17,konichiwa_hitobito,Bro you'll have diabetes later...😂,2023-07-27
2401,anunu.kr_2023-07-17,uuu0708,이거 그냥먹어도 맛있는 복숭아 ㅋ,2023-07-25
2402,anunu.kr_2023-07-17,1eejuhee,@kimjin0kk 저거 맛있던데 복슝아,2023-07-25
2403,anunu.kr_2023-07-17,88888888gst,@gi_hyun_e @dambo97 @bicter.c 우와..,2023-07-24
2404,anunu.kr_2023-07-17,jelise_11,i thought it was tteok from distance,2023-07-22
2405,anunu.kr_2023-07-17,jjrir1,@ppibikppibik,2023-07-22
2406,anunu.kr_2023-07-17,jjrir1,@soy__hector,2023-07-22
2407,anunu.kr_2023-07-17,belle.kahar,This donut peach kinda hyped right now in malaysia🤭👍,2023-07-22
2408,anunu.kr_2023-07-17,qqubin,😢,2023-07-21
2409,anunu.kr_2023-07-17,2014.515,@gusgus0_0 아맞다 탕후루 얼음물에담그는건데 깜빡함,2023-07-21
2410,anunu.kr_2023-07-17,yong_zzi_,@lllike__it,2023-07-20
2411,anunu.kr_2023-07-17,y_eon____ju,👏,2023-07-20
2412,anunu.kr_2023-07-17,h.j.soon,맨 마지막에 물엿이에여!?😂,2023-07-19
2413,anunu.kr_2023-07-17,wwg0115,복숭아 어디서 사셨어요?,2023-07-19
2414,anunu.kr_2023-07-17,_answu,@iam____lim 지림,2023-07-19
2415,anunu.kr_2023-07-17,seo_hyun0819,순간 링곱창인줄..,2023-07-19
2416,anunu.kr_2023-07-17,al.park.ca_,누누 당 조심혀요 단거 너무 잘먹어 🥹 ㅋㅋ,2023-07-18
2417,anunu.kr_2023-07-17,chocolatichka,"Көп тәтті жемеңіз, денсаулыққа зиян",2023-07-18
2418,anunu.kr_2023-07-17,comfycryptidchaos,"I have 2 peaches, maybe I should just cover in sugar! Love the crunch!",2023-07-18
2419,anunu.kr_2023-07-17,yessii__11,탕후루 잘만드는 비결이모지요..,2023-07-17
2420,anunu.kr_2023-07-17,_.zlox0,멋지네요...,2023-07-17
2421,anunu.kr_2023-07-17,humairahassan52,It must be delicious 😋🤔❤️❤️,2023-07-17
2422,anunu.kr_2023-07-17,yooffect,혹시 납복 구매처가 어떻게 될까요... 유투부에 혹시 영상으로 다루어주셨나요..? 그럼 당장 달려가서 보갯읍니다...,2023-07-17
2423,anunu.kr_2023-07-17,thomas.mt02,🔥,2023-07-17
2424,anunu.kr_2023-07-17,de.nice7658,😮🤤😋😋😋😋🤤,2023-07-17
2425,anunu.kr_2023-07-17,thejamesrodriguezz,@paulamombaers tenemos que hacer estooo kkkk 🍑,2023-07-17
2426,anunu.kr_2023-07-14,bruna_aviz_love,Imagina acordar com essa voz no ouvido 😍😍,2023-11-01
2427,anunu.kr_2023-07-14,xxiiaa3,헐…. 맛있겠다!😍,2023-09-22
2428,anunu.kr_2023-07-14,ccb__sm__17,동결건조기계 화이팅!!!👏,2023-07-22
2429,anunu.kr_2023-07-14,anki197,What the weird crap lol,2023-07-16
2430,anunu.kr_2023-07-14,de.nice7658,😍😍❤️🙌,2023-07-15
2431,anunu.kr_2023-07-14,nayeon_074,맛있겠다!,2023-07-14
2432,anunu.kr_2023-07-14,humairahassan52,Cuteeee 🖤🖤,2023-07-14
2433,anunu.kr_2023-07-14,_ohyundi,동결건조 다 필요없고 존귀탱..🥴,2023-07-14
2434,anunu.kr_2023-07-12,thal.ytasilva95,Ele é tão fofo😍,2023-10-31
2435,anunu.kr_2023-07-12,qomalaela,bisa bisa nya di gigit begitu saja😢,2023-09-07
2436,anunu.kr_2023-07-12,shn_50u,"@nisaaaa2925 baru inget ini jajanan SD di,,nyieun yu?",2023-08-29
2437,anunu.kr_2023-07-12,se.0y_n,오우..환경호르몬 농축초코바..,2023-08-22
2438,anunu.kr_2023-07-12,hollyvely,환경호르몬을,2023-08-16
2439,anunu.kr_2023-07-12,dea_zz0,Milo emang enak GK terlalu manis,2023-08-12
2440,anunu.kr_2023-07-12,_devika_r,You are also melting the plastic cover 😢,2023-08-08
2441,anunu.kr_2023-07-12,zahro.zah_,Makanan gabut gue di asrama 😭🤣,2023-08-08
2442,anunu.kr_2023-07-12,irtizair,Namanya Milo genteng😭✨,2023-08-04
2443,anunu.kr_2023-07-12,rfeb___,Kerjaan @ristiapw nih dulu wkwk,2023-07-28
2444,anunu.kr_2023-07-12,dramatic_misslee,",",2023-07-23
2445,anunu.kr_2023-07-12,intan.yurie,Jajan dulu waktu SD 🤭.,2023-07-20
2446,anunu.kr_2023-07-12,dianei_c,@shabitongdonayre,2023-07-16
2447,anunu.kr_2023-07-12,daniel___jeong,다리미가 없어요,2023-07-13
2448,anunu.kr_2023-07-12,thomas.mt02,😮,2023-07-12
2449,anunu.kr_2023-07-12,humairahassan52,It's looking yummy 😋❤️❤️,2023-07-12
2450,anunu.kr_2023-07-12,mbd_062,와~,2023-07-12
2451,anunu.kr_2023-07-12,hp_makeup.kr,얌냠,2023-07-12
2452,anunu.kr_2023-07-10,aj.tj,اريددد,2023-10-24
2453,anunu.kr_2023-07-10,hee.ix_,딸기 마쉬멜로 꼭지 안먹는거 개킹받아요,2023-10-02
2454,anunu.kr_2023-07-10,_sxzun0,탕후루 동결건조 해주시면 안돼요??,2023-09-10
2455,anunu.kr_2023-07-10,____s__09,처음에 뭐라고 말하는거예요?? 말치??,2023-07-18
2456,anunu.kr_2023-07-10,s_lo._.30,동결건조 되어있는 과일을 또 한번 동결건조 해주세여,2023-07-15
2457,anunu.kr_2023-07-10,10grammm,마이크도 먹어주세요,2023-07-10
2458,anunu.kr_2023-07-10,humairahassan52,❤️,2023-07-10
2459,anunu.kr_2023-07-10,uarmyhope_live,I hate asnr but only for you I can stand it !🥹,2023-07-10
2460,anunu.kr_2023-07-10,vatson.21,🍓🧊❤️,2023-07-10
2461,anunu.kr_2023-06-29,yuiio._.miih,취두부 탕후루 해쥬세요,2023-12-10
2462,anunu.kr_2023-06-29,_2n.jy,한개 왜 돌았죠? 돌+l,2023-09-10
2463,anunu.kr_2023-06-29,joyuncae113,블랙사파이어 생에 뭐 느는 거에요??,2023-09-05
2464,anunu.kr_2023-06-29,jinw00jinw00,불테 어디껀지 알수있을까요,2023-09-04
2465,anunu.kr_2023-06-29,c._ja11,처음에 과일 씻을때 물에 뭐 넣은거죠?,2023-07-29
2466,anunu.kr_2023-06-29,snumyun,아 순간 탕후루 만든거 물에 넣는 줄;;ㅋㅋㅋ,2023-07-22
2467,anunu.kr_2023-06-29,ss._.ye0n5,탕후루 동결건조 가버자구여ㅓ,2023-07-19
2468,anunu.kr_2023-06-29,ji__o__s2,@woo_jjj 먹규싶다 ㅠ ㅡ ㅠ,2023-07-10
2469,anunu.kr_2023-06-29,_n.w0715,@vip_hwarang_kyc,2023-07-08
2470,anunu.kr_2023-06-29,_.zlox0,형아형아 접어먹는 사탕으로 롤업젤리 비스무리하게 되지 않을까??(나 형 스무디 보고 따라만든거 내 인사타에 올렸엉),2023-07-03
2471,anunu.kr_2023-06-29,yepiiii_11,설탕이랑 물엿 비율좀 알려주실수 있으신가요ㅠㅠ,2023-07-02
2472,anunu.kr_2023-06-29,devitmar,108주답글 달기,2023-06-30
2473,anunu.kr_2023-06-29,"번역 보기
comfycryptidchaos",Mmmmm crunchy grapes looks good :3,2023-06-30
2474,anunu.kr_2023-06-29,uarmyhope_live,Hay lo amo tanto!! 🤭🤭🤭🤭,2023-06-30
2475,anunu.kr_2023-06-29,humairahassan52,Looking yummy 😋❤️❤️❤️,2023-06-29
2476,anunu.kr_2023-06-29,small_jung1015,아 미친 왕가 탕후루 먹고싶어ㅠㅠ,2023-06-29
2477,anunu.kr_2023-06-29,yujinkim0312,"저는 똥손이라 냉동 파는거 사먹어요....이 악물고 7번 도전해서 다 실패했어요ㅋㅋㅋㅋㅋ 저울, 온도계, 얼음물 다 써봐도 안돼서 걍 기업의 힘을 빌리기로 했어요😂😂😂",2023-06-29
2478,anunu.kr_2023-06-29,lee__s__y,와 시럽만드는비율알수있을까요?전 매번 실패해서요 😂,2023-06-29
2479,anunu.kr_2023-06-29,byeong._.seon,요즘 수박이 철이던디...수박 탕후루 괜찮을것 같음ㅋ,2023-06-29
2480,anunu.kr_2023-06-29,jjung0815,얼음물 담궈도 안되는 이유는 무엇일까요?ㅜㅜ,2023-06-29
2481,anunu.kr_2023-06-29,johashi,Moondrops are so delicious! Hard to get in Hawaii.,2023-06-29
2482,anunu.kr_2023-06-29,sun9min,탕후루 동결건조 해주세요.,2023-06-29
2483,anunu.kr_2023-06-29,2kyun___,노랗게 변햇자나요. 그러면 안돼.,2023-06-29
2484,anunu.kr_2023-06-29,_ch1.ei_,우아 일찍왔당!!나두 블랙사파이에 좋아하눈데!!!💛,2023-06-29
2485,anunu.kr_2023-06-22,hajisu.ha,님 부산 알아용?,2023-11-12
2486,anunu.kr_2023-06-22,h__10.17__,한끼를 음료로만 끝내셨네,2023-07-06
2487,anunu.kr_2023-06-22,z_a_n_e.exe,108주답글 달기,2023-07-04
2488,anunu.kr_2023-06-22,btsarmy_bulletprofff7,You should not use makeup bro u lokk gooooood allready,2023-07-01
2489,anunu.kr_2023-06-22,inreal_straykidz,🫶🏻😭,2023-06-27
2490,anunu.kr_2023-06-22,cheol2._,@mongsil2._,2023-06-23
2491,anunu.kr_2023-06-22,j_solar7,Did he put makeup in his nose?,2023-06-23
2492,anunu.kr_2023-06-22,xo_joie_xo,Super impressed how you did all that one handed! 👏👏,2023-06-23
2493,anunu.kr_2023-06-22,humairahassan52,❤️❤️,2023-06-23
2494,anunu.kr_2023-06-22,young_ah_0302,왜케기엽냐 ..,2023-06-22
2495,anunu.kr_2023-06-22,uarmyhope_live,Sos un amor 💘 💕 💖,2023-06-22
2496,anunu.kr_2023-06-22,mungillita,👏👏👌👍👍👍👍👍👍👍,2023-06-22
2497,anunu.kr_2023-06-22,vatson.21,Amei ❤️❤️❤️❤️,2023-06-22
2498,anunu.kr_2023-06-22,twofiveten,쥬스병 믹서기임???,2023-06-22
2499,anunu.kr_2023-06-22,hengshanyui57,はじめにつけてた日焼け止め私も持ってます😍😍,2023-06-22
2500,anunu.kr_2023-06-22,199xoxox,미스트 정보좀요!!,2023-06-22
2501,anunu.kr_2023-06-22,stephaniekimchi,바쁘다 바빠 현대사회,2023-06-22
2502,anunu.kr_2023-06-20,yeonjun365day,처음에 굴러다니는거 양파인줄ㅋㅋ,2023-11-18
2503,anunu.kr_2023-06-20,asmaajungkook97,Nice ❤️❤️,2023-06-22
2504,anunu.kr_2023-06-20,hwooo0o_,귀르가줌,2023-06-21
2505,anunu.kr_2023-06-20,cho10000cho,맛있겠다♡ 으누표 탕후루 한입만여,2023-06-20
2506,anunu.kr_2023-06-20,humairahassan52,I am gonna try this one ❤️❤️,2023-06-20
2507,anunu.kr_2023-06-17,cici_essai,❤️❤️,2023-06-19
2508,anunu.kr_2023-06-17,rami__0216,신거랑 단거의 조화는 말모죠 ㅎㅎㅎ 카라멜 대신으로 먹어도 좋긴 하겠네요!!,2023-06-17
2509,anunu.kr_2023-06-17,humairahassan52,❤️❤️,2023-06-17
2510,anunu.kr_2023-06-10,heo_si_eun,거기에다 라면 가능한가요?,2023-08-27
2511,anunu.kr_2023-06-10,zoda_k06,What’s the white block?,2023-08-12
2512,anunu.kr_2023-06-10,cxyo.n51,너무 뜨겁지 않나요..초코 넣고 통 위에 올리다가 화상 입을 뻔 했는데..선물 받지 않는 이상 사먹진 않을 것 같네요 ㅎㅎ,2023-08-08
2513,anunu.kr_2023-06-10,9_3_p_a_n_d_a_,Wow delicious water in my mouth can you share with me 😋😋😋,2023-07-18
2514,anunu.kr_2023-06-10,de.nice7658,😮😍😍,2023-07-17
2515,anunu.kr_2023-06-10,yn.xeo13,❤️,2023-06-13
2516,anunu.kr_2023-06-10,achuka0211,😍😍😍😍,2023-06-11
2517,anunu.kr_2023-06-10,cho10000cho,초코누누닥,2023-06-10
2518,anunu.kr_2023-06-10,deionized_oxidane,형 입술에 묻은 초콜릿은 내거야,2023-06-10
2519,anunu.kr_2023-06-10,byeong._.seon,딸기탕후루 찍어먹어보세요 ㅋㅋ,2023-06-10
2520,anunu.kr_2023-06-10,jejudojisa,존잼이에요 ㅎㅎ,2023-06-10
2521,anunu.kr_2023-06-10,yoribogo_,신세계네요 😳,2023-06-10
2522,anunu.kr_2023-06-10,humairahassan52,Looking delicious 😋❤️,2023-06-10
2523,anunu.kr_2023-06-10,o.eji,👏❤️the first,2023-06-10
2524,anunu.kr_2023-06-07,dx_.hexj,카프리선으로 해주세요!!!제바ㅏㅏㅏㄹㄹㄹㄹㄹㄹ요ㅛㅛㅛㅛㅛ,2023-08-09
2525,anunu.kr_2023-06-07,yemy_155,@s_ra._.l 다음에 집에 놀러가면 먹어볼수있을까요??,2023-06-28
2526,anunu.kr_2023-06-07,devilbts4,Tasty😋😋😋😋,2023-06-09
2527,anunu.kr_2023-06-07,winkler.oli,Why you so cute,2023-06-08
2528,anunu.kr_2023-06-07,achuka0211,😍😍,2023-06-08
2529,anunu.kr_2023-06-07,songmiyeongsong,매일 그리 얼려먹음... 이 괜찮나여?ㅋㅋㅋ,2023-06-07
2530,anunu.kr_2023-06-07,deionized_oxidane,형 입술은 생딸기 우유맛 날 것 같다능,2023-06-07
2531,anunu.kr_2023-06-07,humairahassan52,Yummy 😋❤️,2023-06-07
2532,anunu.kr_2023-06-07,letrasbluee,You are soooo cute ❤️,2023-06-07
2533,anunu.kr_2023-06-07,eva7zgz,I sometimes do it with yogurt,2023-06-07
2534,anunu.kr_2023-06-07,hee208500,뚱딸로해야쥬,2023-06-07
2535,anunu.kr_2023-06-06,hxxnarae,@eul._.e 이거,2023-08-01
2536,anunu.kr_2023-06-06,_ccsssss,집에서 만드세요?,2023-06-10
2537,anunu.kr_2023-06-06,devilbts4,Tasty😋😋😋,2023-06-08
2538,anunu.kr_2023-06-06,mingarden_,안차갑나아???,2023-06-06
2539,anunu.kr_2023-06-06,_kyeongnii,@_oeunim 쿠키오,2023-06-06
2540,anunu.kr_2023-06-06,twofiveten,ㅎㄱㄱ 개맛있겠땅,2023-06-06
2541,anunu.kr_2023-06-06,humairahassan52,❤️❤️❤️,2023-06-06
2542,anunu.kr_2023-06-06,wony.1030,모나카 맛있겠다ㅜㅜ,2023-06-06
2543,anunu.kr_2023-06-06,eva7zgz,Which ice cream did you like the most,2023-06-06
2544,anunu.kr_2023-06-06,byeong._.seon,어떤 게 젤 맛있었나요?,2023-06-06
2545,anunu.kr_2023-06-06,_chltjrgns,행님 닭찌찌..ㅋㅋㅎㅋㅎㅋㅎㅋㅎㅋㅎㅋㅎ,2023-06-06
2546,anunu.kr_2023-06-06,rami__0216,뭔가 쿠키쪽은 호인듯하고 모나카는 쏘쏘한 느낌!!! 허쉬 넘 맛있어보여요🥺💜,2023-06-06
2547,anunu.kr_2023-06-06,stephaniekimchi,허쉬 미쳤다🤧,2023-06-06
2548,anunu.kr_2023-06-05,deefew86,동결건조기 정보 알고싶어요!!😀😀😀,2023-06-12
2549,anunu.kr_2023-06-05,khing.jrp,Hi from Thailand i like your video🫰🏻,2023-06-07
2550,anunu.kr_2023-06-05,uarmyhope_live,Jaja muero con sus ojitos de pacer!! 🤭😊😍,2023-06-07
2551,anunu.kr_2023-06-05,dal_nabi_little_girl,It's freezy right!,2023-06-07
2552,anunu.kr_2023-06-05,nellabcx,I love your videos and the sounds but sometimes I worry a little that you eat lots of sugar haha you must love sweets so much 💕,2023-06-06
2553,anunu.kr_2023-06-05,byeong._.seon,맛있겠당😍,2023-06-05
2554,anunu.kr_2023-06-05,1enny_3r,What is that white scoop?,2023-06-05
2555,anunu.kr_2023-06-05,_ohyundi,한입만요😱,2023-06-05
2556,anunu.kr_2023-06-05,shin_sajang93,와 대박🔥🔥🔥,2023-06-05
2557,anunu.kr_2023-06-05,devilbts4,I want try 😀😀😀😋😋😋,2023-06-05
2558,anunu.kr_2023-06-05,humairahassan52,Sounds crispy and seems to be delicious 😋❤️was it ??,2023-06-05
2559,anunu.kr_2023-06-05,kkattow,구름빵 비쥬얼♥,2023-06-05
2560,anunu.kr_2023-06-05,_lepetit.sushii_,You look like a fairy or elf with your ears. It's so cute and beautiful,2023-06-05
2561,anunu.kr_2023-06-05,coolkissgirl,美味しいそうです！,2023-06-05
2562,anunu.kr_2023-06-05,hp_makeup.kr,데박,2023-06-05
2563,anunu.kr_2023-06-04,humairahassan52,Yummy 😋❤️,2023-06-04
2564,anunu.kr_2023-06-04,de.nice7658,😮😍😍😍😍,2023-06-04
2565,anunu.kr_2023-06-04,jejudojisa,대박ㅋㅋ,2023-06-04
2566,anunu.kr_2023-06-04,charlottes.puffs,That face is sayin a lot,2023-06-04
2567,anunu.kr_2023-06-04,ruin0615,ㄴ맛있나요?,2023-06-04
2568,anunu.kr_2023-06-04,byeong._.seon,그거 동.결.건.조 해주세요!!!!ㅎㅎㅎ,2023-06-04
2569,anunu.kr_2023-06-04,pairy__,코코넛도 해주세여,2023-06-04
2570,anunu.kr_2023-06-04,jjss_0613,맛있나욤?,2023-06-04
2571,anunu.kr_2023-06-04,chax_1212,맜있나요??,2023-06-04
2572,anunu.kr_2023-06-04,humairahassan52,Yummy 😋❤️,2023-06-04
2573,anunu.kr_2023-06-04,de.nice7658,😮😍😍😍😍,2023-06-04
2574,anunu.kr_2023-06-04,jejudojisa,대박ㅋㅋ,2023-06-04
2575,anunu.kr_2023-06-04,charlottes.puffs,That face is sayin a lot,2023-06-04
2576,anunu.kr_2023-06-04,ruin0615,ㄴ맛있나요?,2023-06-04
2577,anunu.kr_2023-06-04,byeong._.seon,그거 동.결.건.조 해주세요!!!!ㅎㅎㅎ,2023-06-04
2578,anunu.kr_2023-06-04,pairy__,코코넛도 해주세여,2023-06-04
2579,anunu.kr_2023-06-04,jjss_0613,맛있나욤?,2023-06-04
2580,anunu.kr_2023-06-04,chax_1212,맜있나요??,2023-06-04
2581,anunu.kr_2023-06-03,artemis_yoon,완성되면 다시 처음부터 다시 시작 하기를 반복중,2023-06-10
2582,anunu.kr_2023-06-03,its_aney01,I was just going to scroll down and then i remember how costly fruit is in Korea and you put such efforts so I stopped by 🤭😂 just kidding .,2023-06-05
2583,anunu.kr_2023-06-03,mamirg02122001,❤️❤️❤️,2023-06-04
2584,anunu.kr_2023-06-03,lucky13.lorelei,🍉,2023-06-04
2585,anunu.kr_2023-06-03,hyeon_super._.sonic,옥수수 젤리 그 거미줄처럼 만들어서 동결던조 해주세요!,2023-06-04
2586,anunu.kr_2023-06-03,humairahassan52,Looking ❤️,2023-06-04
2587,anunu.kr_2023-06-03,jejudojisa,헉... 수박 젤리 완성 안된건가요,2023-06-03
2588,anunu.kr_2023-06-03,yesr_laith,Just eat the damn watermelon,2023-06-03
2589,anunu.kr_2023-06-03,byeong._.seon,더운 여름에 딱이네>_<,2023-06-03
2590,anunu.kr_2023-06-03,lygeun,영상 퀄 쥐리네용🔥,2023-06-03
2591,anunu.kr_2023-06-03,199xoxox,나도줘~,2023-06-03
2592,anunu.kr_2023-06-03,kkattow,우왕,2023-06-03
2593,anunu.kr_2023-06-03,leroisme,괴랄한!🥰,2023-06-03
2594,anunu.kr_2025-05-23,sulastri_240,👏👏👏👏😂,2024-04-11
2595,anunu.kr_2025-05-23,ali_boy_2022,❤️❤️❤️❤️❤️,2023-06-03
2596,anunu.kr_2025-05-23,by.seop,여전히 사랑스러운 아누누누우우우 !!!! 😍,2023-06-02
2597,anunu.kr_2025-05-23,s2eulb_,🍈🍈💗💗,2023-06-02
2598,anunu.kr_2025-05-23,humairahassan52,❤️❤️,2023-06-02
2599,anunu.kr_2025-05-23,shin_sajang93,동결건조 커피는 왜 없나요😂,2023-06-02
2600,anunu.kr_2025-05-23,youtubekorea,🧊,2023-06-02
2601,anunu.kr_2023-06-02,ino.city,탕후루 한입만 주세요오🤩,2023-06-03
2602,anunu.kr_2023-06-02,s_eogy,탕후루 해주세여,2023-06-02
2603,anunu.kr_2023-06-02,apnalchangchangkojunsung,댓글 작성하면 다 얼려주시는 건가요?💙,2023-06-02
2604,anunu.kr_2023-06-02,shin_sajang93,탕후루❤️,2023-06-02
2605,anunu.kr_2023-06-02,say_mmmm,역시 오늘도 빛나는 아누누님!,2023-06-02
2606,anunu.kr_2023-06-02,twofiveten,아누누보면소 동결건조먹으면 비타민섭취 ㄱㅇㄷ,2023-06-02
2607,anunu.kr_2023-06-02,2kyun___,홍어는 혼자 다먹어주세요,2023-06-02
2608,anunu.kr_2023-06-02,199xoxox,사랑은 안주셔도될거같아요 ㅎㅎ,2023-06-02
2609,anunu.kr_2023-06-02,"마시멜로나 주세여!!
duri_taro",누누언니 완죠니 퀸재질💋❤️💛❤️,2023-06-02
2610,anunu.kr_2023-06-02,1103_stopmotion,❤️,2023-06-02
2611,anunu.kr_2023-06-02,anunu.kr,굳굳 유튜브 동결건조 해도되나여,2023-06-02
2612,anunu.kr_2023-06-02,humairahassan52,❤️❤️,2023-06-02
2613,anunu.kr_2023-06-02,mukeshsinghyadav137,😍😍😍😍😍😍😍,2023-06-02
2614,anunu.kr_2023-06-02,youtubekorea,❤️,2023-06-02
2615,anunu.kr_2023-06-01,jojossaikow,*Mi madre: No juegues con la comida *Yo en el cumpleaños de Carlota:*,2023-08-28
2616,anunu.kr_2023-06-01,lil_black_gir_10,U have to let it cool down for a little while,2023-08-16
2617,anunu.kr_2023-06-01,noyunjae747,마지막에 쉰거야 뜨거은거야??,2023-08-02
2618,anunu.kr_2023-06-01,xander_terra_,Im really confused rn,2023-08-01
2619,anunu.kr_2023-06-01,yu._ji.n12,판매중지됐지 안아요?,2023-07-26
2620,anunu.kr_2023-06-01,j_ix1i,마쉬멜로우도 도ㅑ?????,2023-07-19
2621,anunu.kr_2023-06-01,to_is_to,마시멜로라서안됨ㅋㅋ,2023-06-23
2622,anunu.kr_2023-06-01,junayyyo,잠시 식혀보세요,2023-06-14
2623,anunu.kr_2023-06-01,bayu_fjrdnsyh,"Man , you use the wrong candy",2023-06-13
2624,anunu.kr_2023-06-01,tissue_0702,맛있어요??,2023-06-08
2625,anunu.kr_2023-06-01,8noreo,Is that a tide pod?! Lol,2023-06-07
2626,anunu.kr_2023-06-01,heyjennyvu,i thought it was a tide pod at first,2023-06-06
2627,anunu.kr_2023-06-01,to.aurelies,"you can cook it, with a hotter fire",2023-06-06
2628,anunu.kr_2023-06-01,_gyx.bin,쫌 식혀야지 아니면 게속 녹는데,2023-06-05
2629,anunu.kr_2023-06-01,rini_tansya,🤣🤣🤣🤣🤣🤣🤣🤣🤣🤣🤣🤣🤣🤣🤣🤣🤣,2023-06-05
2630,anunu.kr_2023-06-01,patel1234y_,Jin??,2023-06-05
2631,anunu.kr_2023-06-01,oviiedo.3,Me la sufa,2023-06-05
2632,anunu.kr_2023-06-01,aylalashala,Так он же не высох,2023-06-04
2633,anunu.kr_2023-06-01,dal_nabi_little_girl,It's melted😂😂,2023-06-03
2634,anunu.kr_2023-06-01,havinniee,I knew you would burn your tongue 😭,2023-06-02
2635,anunu.kr_2023-06-01,law_joon_cl18,Cute ever after ❤️😍,2023-06-02
2636,anunu.kr_2023-06-01,jejudojisa,무슨맛인지 궁금합니다...,2023-06-02
2637,anunu.kr_2023-06-01,humairahassan52,I don't why but this jelly always scares me 😢,2023-06-02
2638,anunu.kr_2023-06-01,songmiyeongsong,ㅋㅋ 손대일까봐 걱정했었는데ㅋㅋㅋ입천장이라니...😂,2023-06-01
2639,anunu.kr_2023-06-01,__masirah__,사탕을 잘못 사용했나봐,2023-06-01
2640,anunu.kr_2023-06-01,hi_ddo_hae,아니ㅋㅋㅋ입천장 안댔어여?!!,2023-06-01
2641,anunu.kr_2023-06-01,byeong._.seon,과일 동결건조!!! 해주세요... 종류별로 과일 동결건조......,2023-06-01
2642,anunu.kr_2023-06-01,gforgirija,그거 뭐예요?,2023-06-01
2643,anunu.kr_2023-05-31,ohyejjjje,맛은 어땠나요?,2023-11-22
2644,anunu.kr_2023-05-31,leeeeeesr,@somi9675 언니 아거 먹고싶더,2023-06-08
2645,anunu.kr_2023-05-31,kim_hibe_jonan,😢😢🌭🌭🌭🍗🍗🍗🍕🍟🍔,2023-06-04
2646,anunu.kr_2023-05-31,ttdzjs,Is it too salty to eat like this?,2023-06-03
2647,anunu.kr_2023-05-31,ttdzjs,😮,2023-06-03
2648,anunu.kr_2023-05-31,byeong._.seon,맛은 어땠나요?,2023-05-31
2649,anunu.kr_2023-05-31,sbgb_official,💖💖💖,2023-05-31
2650,anunu.kr_2023-05-31,eu_gabizinhac,Brasil 🇧🇷🇧🇷🇧🇷❤️❤️,2023-05-31
2651,anunu.kr_2023-05-31,uiliin4,맛있다고 느껴요 ✨,2023-05-31
2652,anunu.kr_2023-05-31,msensation,왜이렇게 귀여워요? ㅋㅋㅋ,2023-05-31
2653,anunu.kr_2023-05-31,humairahassan52,😍,2023-05-31
2654,anunu.kr_2023-05-31,10grammm,아끼는 흰옷입고 먹어주세요,2023-05-31
2655,anunu.kr_2023-05-31,tjdldh,이런거 어디서 사요?,2023-05-31
2656,anunu.kr_2023-05-31,gong_ba_ryan,헐.. 되게 신기하다 훠궈 한번도 안먹어봤는데 먹어보고 싶네요😮,2023-05-31
2657,anunu.kr_2023-05-31,199xoxox,이거 동결건조해주세요,2023-05-31
2658,anunu.kr_2023-05-31,min0__wi,땅콩 소스랑 뭐넣으신거에요?,2023-05-31
2659,anunu.kr_2023-05-30,da.hojj,어디서 파나요,2023-08-08
2660,anunu.kr_2023-05-30,seolmasojeong,@ye_onddu 이거야!,2023-06-07
2661,anunu.kr_2023-05-30,jkszoee,얼마나 흥미로운♡,2023-06-05
2662,anunu.kr_2023-05-30,fdesoooo,@ily.my_selff makanan gini yang ku maksud yang ada pemanas nya yang putih² itu nanti di kasih air panas bungkus putih²nya terus mendidih deh buat di bawa camp asik tuh 😔,2023-06-03
2663,anunu.kr_2023-05-30,eunsun_panda,@bbinrh25 나 이거 먹어보고싶어,2023-06-03
2664,anunu.kr_2023-05-30,aamsr257,Do all Korean guys act like girls?,2023-06-01
2665,anunu.kr_2023-05-30,_jiyoung_ahn,빨리 2편 주세요,2023-05-31
2666,anunu.kr_2023-05-30,helsiaputrir,Part 2 pleaseeeee,2023-05-31
2667,anunu.kr_2023-05-30,de.nice7658,😋😋😋,2023-05-31
2668,anunu.kr_2023-05-30,humairahassan52,Part 2 ??,2023-05-31
2669,anunu.kr_2023-05-30,vidhitandel10,Where’s the 2nd part??,2023-05-31
2670,anunu.kr_2023-05-30,lidianebarbosa0805,Misericórdia cadê a parte 2 sou ansiosa😂😂😂😂😂😂😂😂😂🥰,2023-05-31
2671,anunu.kr_2023-05-30,stephaniekimchi,생야채를 넣다니……. 똑똑한 사람…..,2023-05-30
2672,anunu.kr_2023-05-30,loooookooooon,하~이~,2023-05-30
2673,anunu.kr_2023-05-27,12_u0900,왜 소리가 안나지 나만 그런건가?,2024-05-08
2674,anunu.kr_2023-05-27,12_u0900,왜 소리가 안나지 나만 그런건가?,2024-05-08
2675,anunu.kr_2023-05-27,_dx.y1n,@joo_hee0717 이런거,2024-04-28
2676,anunu.kr_2023-05-27,alim_5130,옥수수젤리동결건조해주세요!!,2023-08-11
2677,anunu.kr_2023-05-27,hwlos47,일본사람인가요???,2023-08-07
2678,anunu.kr_2023-05-27,arailym959095,❤️,2023-06-27
2679,anunu.kr_2023-05-27,nnahomidior,What is he eating....?,2023-06-19
2680,anunu.kr_2023-05-27,xshennn_,Looks like freeze-dried marshmallow,2023-06-05
2681,anunu.kr_2023-05-27,azame_desu,Mayo and marshmallow?,2023-05-28
2682,anunu.kr_2023-05-27,humairahassan52,Was it tasty?,2023-05-28
2683,anunu.kr_2023-05-27,coolkissgirl,おいしいですか？？🫢,2023-05-27
2684,anunu.kr_2023-05-27,byeong._.seon,바나나 제티로 그릭요거트!!!!!!!!!!! 해주세용 ㅎ 바나나 제티로 그릭요거트!!!!!!!!!!! 해주세용ㅎ,2023-05-27
2685,anunu.kr_2023-05-27,dal_nabi_little_girl,Kara? In kannada also we tell spicy kara,2023-05-27
2686,anunu.kr_2023-05-27,byeong._.seon,그 흰색 소스(우유 소스 같은?) 동결건조 해주세요!!!!!!!!!!!!!!!!!!!!!!>_<,2023-05-27
2687,anunu.kr_2023-05-27,918.310,저도 주세요,2023-05-27
2688,anunu.kr_2023-05-27,_ohyundi,ㄱㅇㅇ,2023-05-27
2689,anunu.kr_2023-05-17,coeyeonhyi691,까먹는 젤리 동결건조 가자구ㅜㅜㅜ,2023-08-01
2690,anunu.kr_2023-05-17,readsuin,What's with all the plastic surgery??? Just stop! It looks horrible,2023-07-23
2691,anunu.kr_2023-05-17,sy_uz056,젤리 떨어뜨릴때 ㅛ우! 하는거 웃겨요🤣🤣,2023-07-11
2692,anunu.kr_2023-05-17,kaychana_,107주답글 달기,2023-07-06
2693,anunu.kr_2023-05-17,spm_ceoo,Belum 5 menit bg,2023-06-15
2694,anunu.kr_2023-05-17,aa_hyun2,@niju_ns 이렇게 된다구..😢,2023-06-14
2695,anunu.kr_2023-05-17,ba_ng7822,잘생겼다,2023-06-12
2696,anunu.kr_2023-05-17,blakbarbii03,111주답글 달기,2023-06-07
2697,anunu.kr_2023-05-17,"번역 보기
n_.1xi",이거 동결건조 각,2023-06-06
2698,anunu.kr_2023-05-17,azhar_dautbai,@dshe.vii,2023-06-06
2699,anunu.kr_2023-05-17,31.1201_,112주답글 달기,2023-06-06
2700,anunu.kr_2023-05-17,"번역 보기
f_xh01",What is the Name of the candy ?,2023-06-05
2701,anunu.kr_2023-05-17,maakeee.56,Did it sure?,2023-06-05
2702,anunu.kr_2023-05-17,love1ssour.grapes,The comments 😭growww uppppp,2023-06-04
2703,anunu.kr_2023-05-17,swaggynof,The makeup on your face is thicker than my wife’s,2023-06-04
2704,anunu.kr_2023-05-17,kim_hibe_jonan,❤️❤️❤️,2023-06-04
2705,anunu.kr_2023-05-17,paboyahgoya,why are people so mad at this video 😭😭,2023-06-03
2706,anunu.kr_2023-05-17,frieda.bme,They’re all packed in plastic but we can’t have the plastic straws😭,2023-06-03
2707,anunu.kr_2023-05-17,petersw05,🤏,2023-06-03
2708,anunu.kr_2023-05-17,skin_nyybro,Make up level?,2023-06-03
2709,anunu.kr_2023-05-17,hnjj_01,@jaeling__0 우앙,2023-06-02
2710,anunu.kr_2023-05-17,eun_mi_31,@ohchae_1 나 저번애 먹었다돈고,2023-06-02
2711,anunu.kr_2023-05-17,akalimbratic,Where 👏 do 👏 yall 👏 get 👏 these 👏,2023-06-02
2712,anunu.kr_2023-05-17,hermitwhor,Why can’t I find this to buy it 😢,2023-06-02
2713,anunu.kr_2023-05-17,mitchii_900,@hanako1702 ça a l'air HORRIBLE,2023-06-02
2714,anunu.kr_2023-05-17,palu.rodrigues,Do tamanho do 🐥 de vocês 😂😂😂,2023-06-02
2715,anunu.kr_2023-05-17,shakzart,"Oh, we used to have something similar on Spain, as banana-shaped ice cream that was peelable (the peel was the best)",2023-06-02
2716,anunu.kr_2023-05-17,naayeeoni,@allape,2023-06-02
2717,anunu.kr_2023-05-17,norrisbubble,Wat happen to ur nostril,2023-06-01
2718,anunu.kr_2023-05-17,finnease._,Bruh what r Ya’ll talking about cause I genuinely don’t see anything wrong w the casual vid. 💀💀😭 what is he supposed to do? Rip out his shirt like a manly man or somethin like I’m lost,2023-06-01
2719,anunu.kr_2023-05-17,krysta1iin,bro i been trying to buy these LMAO,2023-06-01
2720,anunu.kr_2023-05-17,can.na.bitchh,His lip liner is wow,2023-06-01
2721,anunu.kr_2023-05-17,th.22_4,لبر ما واضح الميكب 🦦,2023-06-01
2722,anunu.kr_2023-05-17,ronspina,Nice 👏,2023-06-01
2723,anunu.kr_2023-05-17,nuthinhere.lol,Kinda looks like a.......no......,2023-06-01
2724,anunu.kr_2023-05-17,phm.nhutthi,@lha_tmy,2023-06-01
2725,anunu.kr_2023-05-17,yangizabeththequeen,This is a need!,2023-06-01
2726,anunu.kr_2023-05-17,morganmooni,Ret@rd,2023-06-01
2727,anunu.kr_2023-05-17,_nadie_n4d13,Y la regla de los 5segundos 💀,2023-05-31
2728,anunu.kr_2023-05-17,azizup,Lukcup yak ini?,2023-05-31
2729,anunu.kr_2023-05-17,atokharry,Boring,2023-05-31
2730,anunu.kr_2023-05-17,creep_585,Why is this even on my feed ?,2023-05-31
2731,anunu.kr_2023-05-17,fishi.ku,Y r yu gæ,2023-05-30
2732,anunu.kr_2023-05-17,intann_octavia,Itu di daerah gue keu tok 😂,2023-05-30
2733,anunu.kr_2023-05-17,nfd.dr,Kulitnya rasa kulit ga?,2023-05-30
2734,anunu.kr_2023-05-17,adeyanti85,Bibirnya cipokable mas😭😭😭 🙏🏻,2023-05-29
2735,anunu.kr_2023-05-17,1like_psyco,bng blm 5 menit,2023-05-29
2736,anunu.kr_2023-05-17,fvg.vibez,why not eat just regular fruit……….,2023-05-29
2737,anunu.kr_2023-05-17,_bl00dy.nightt,113주답글 달기,2023-05-29
2738,anunu.kr_2023-05-17,_bl00dy.nightt,113주답글 달기,2023-05-29
2739,anunu.kr_2023-05-17,binniedits,"Some comments here are so embarrassing , people just get mad when someone is just happily trying out new candies 💀💀💀 like ?",2023-05-29
2740,anunu.kr_2023-05-17,static._.roses,Diabetics would perish,2023-05-29
2741,anunu.kr_2023-05-17,mo0npe4rl,I wanted it that’s why it fell 😭,2023-05-29
2742,anunu.kr_2023-05-17,kapatiyoruz._.z,A grown ass man with deck and balls acting like this...,2023-05-29
2743,anunu.kr_2023-05-17,hsuu.ya,We have something similar in Thailand called luk chup,2023-05-29
2744,anunu.kr_2023-05-17,ana_fr.tsch,Great,2023-05-29
2745,anunu.kr_2023-05-17,riki.niishimura,"You are so cute, please don't listen to those dumbvss",2023-05-29
2746,anunu.kr_2023-05-17,dnd.emily1,113주답글 달기,2023-05-29
2747,anunu.kr_2023-05-17,kuromicah,Can I order this offline 😭,2023-05-28
2748,anunu.kr_2023-05-17,snfllwrr.sya,Kalo gw sih dh gw ambek,2023-05-28
2749,anunu.kr_2023-05-17,renyren0211,@kwgao5,2023-05-28
2750,anunu.kr_2023-05-17,brooklync1400,bro just eat it whole,2023-05-28
2751,anunu.kr_2023-05-17,4na._.2002,113주좋아요 91개답글 달기,2023-05-28
2752,anunu.kr_2023-05-17,csakshi02,It looks like Luk chup which is a Thai dessert @euneeew is it similar to that,2023-05-28
2753,anunu.kr_2023-05-17,1ihzxc,아누누님 제가 매일 말해는데요 부탁입니다 까먹는 망고 젤리 동결건조 드가장,2023-05-27
2754,anunu.kr_2023-05-17,byeong._.seon,아누누님 까먹는 젤리를 동결해야하옵니다~ (이유는 없음ㅋ),2023-05-27
2755,anunu.kr_2023-05-17,satanspiitz,bro wanna be jhope so bad,2023-05-27
2756,anunu.kr_2023-05-17,eswareinmaldielangeweile,Nothing better than real mangos 🥭 🥰🤭,2023-05-26
2757,anunu.kr_2023-05-17,amelievibez,"They just look cool, but taste is bad 🥲",2023-05-26
2758,anunu.kr_2023-05-17,no.me.deje.cantar,😍,2023-05-26
2759,anunu.kr_2023-05-17,bellars92,@charleslin82,2023-05-25
2760,anunu.kr_2023-05-17,pasillas_12,Where can I get this!?,2023-05-25
2761,anunu.kr_2023-05-17,cakeygodd,Where can I get this ?,2023-05-22
2762,anunu.kr_2023-05-17,eurtsemochsiw,@hsiwsemoceurt,2023-05-22
2763,anunu.kr_2023-05-17,rangpunzel,@heerang._.08 사줘,2023-05-22
2764,anunu.kr_2023-05-17,xuy5l._,이거 간조 해주게요,2023-05-21
2765,anunu.kr_2023-05-17,bj_i_u,과자로 동결건조 해주세요❤️,2023-05-20
2766,anunu.kr_2023-05-17,bunny.zu,@xxmxecxan 사조,2023-05-20
2767,anunu.kr_2023-05-17,tlsalswjd3000,신기하네요 ㅋ,2023-05-20
2768,anunu.kr_2023-05-17,uz_97,I was listening to unforgiven when I came across this reel and it has the same song 🔥 😂,2023-05-18
2769,anunu.kr_2023-05-17,rubyubijilli__,Looks yummy🤤 gimme too 😂😂,2023-05-18
2770,anunu.kr_2023-05-17,coolkissgirl,どうですか！？🫣,2023-05-18
2771,anunu.kr_2023-05-17,uarmyhope_live,Es muy bello y tierno!!,2023-05-17
2772,anunu.kr_2023-05-17,1ihzxc,까먹는 망고 젤리 동결건조해주세용❤️👏,2023-05-17
2773,anunu.kr_2023-05-17,mitsuha.mb,@asiaemsampa,2023-05-17
2774,anunu.kr_2023-05-17,o4.o9th,"@zero_min_0 언니 이거 까서 먹는거였어,,,",2023-05-17
2775,anunu.kr_2023-05-17,each.story,아누누님 저보다 훨씬 잘 까시네요🫢 저거 은근 깔끔하게 까기 어렵던데..!,2023-05-17
2776,anunu.kr_2023-05-17,setokoo_b,🤤🤤🤤🤤🥭🥭,2023-05-17
2777,anunu.kr_2023-05-17,humairahassan52,Cute ❤️❤️,2023-05-17
2778,anunu.kr_2023-05-17,c.ycqueenyin,cutiee,2023-05-17
2779,anunu.kr_2023-05-12,ms.__amber,"Sugar on your chin, sugar.😏",2023-05-28
2780,anunu.kr_2023-05-12,kittenspooksbat,Looks good 😊,2023-05-27
2781,anunu.kr_2023-05-12,suzanakamilya,هل ذلح بصل ام ناذا شرح,2023-05-14
2782,anunu.kr_2023-05-12,uarmyhope_live,Es muy hermosamente tierno!!😍😍😍😍,2023-05-13
2783,anunu.kr_2023-05-12,hy12px,담엔 아무거나 동결건조 탕후루 가보시죠,2023-05-13
2784,anunu.kr_2023-05-12,kajmukhanovv,Питахайя,2023-05-13
2785,anunu.kr_2023-05-12,5_bthree.you,Wooow...👏🇮🇩,2023-05-13
2786,anunu.kr_2023-05-12,humairahassan52,😍❤️,2023-05-13
2787,anunu.kr_2023-05-12,rikardojuda,Why this video does it last 3 hours? 😍😍😍,2023-05-13
2788,anunu.kr_2023-05-12,nxio92_,우와 👏🧃,2023-05-12
2789,anunu.kr_2023-05-12,larayorisa,우와 진짜 맛있겠네요~,2023-05-12
2790,anunu.kr_2023-05-12,onesghanmi1,정말 좋네요~ 한번 해봐야겠어요,2023-05-12
2791,anunu.kr_2023-05-12,moe__jpn,kawaii🤌💕,2023-05-12
2792,anunu.kr_2023-05-12,sweet_yup_sweet,동영상을 시청 해 주셔서 감사합니다.,2023-08-03
2793,anunu.kr_2023-05-12,s_.jyun115,미니 메론빵 동결건조 해주세요,2023-05-20
2794,anunu.kr_2023-05-12,chaeyoon0802,@_fou_r_teen,2023-05-12
2795,anunu.kr_2023-05-12,wony.1030,존맛이겠다..,2023-05-12
2796,anunu.kr_2023-05-12,songmiyeongsong,메론빵 저도 주세요~,2023-05-12
2797,anunu.kr_2023-05-12,h_jung2222222,아니 아무리봐도 마가렛트같아,2023-05-12
2798,anunu.kr_2023-05-12,deionized_oxidane,어떻게 입술에 크림을 하나도 안 묻히고 먹을 수가 있어요? 입술에 묻은 거 제가 먹을 거 알고 그런 거예요?,2023-05-11
2799,anunu.kr_2023-05-12,osmanthus.365,アヌヌ、日本語すごく上手🥺,2023-05-11
2800,anunu.kr_2023-05-12,coolkissgirl,美味しいそうです！！😋,2023-05-11
2801,anunu.kr_2023-05-12,patricia_yano,おいしいそう😍,2023-05-11
2802,anunu.kr_2023-05-12,10grammm,넘 맛있겘어요,2023-05-11
2803,anunu.kr_2023-05-12,humairahassan52,😍,2023-05-11
2804,anunu.kr_2023-05-12,letrasbluee,Oppa you’re sooo cute! I can’t stop looking at your face 😍❤️,2023-05-11
2805,anunu.kr_2023-05-03,croire_bestie,진짜 우유 의인화한거처럼 생겼다...너무 순수하고 귀엽고 잘생겼어...😭,2023-05-05
2806,anunu.kr_2023-05-03,2kyun___,시리얼에 먹게 우유 당첨되게 해주세요,2023-05-03
2807,anunu.kr_2023-05-03,iqiqiiqiqiii,ㄱㄱㄱㄱ,2023-05-03
2808,anunu.kr_2023-05-03,letrasbluee,You are sooooo cute oppa! ❤️,2023-05-03
2809,anunu.kr_2023-05-03,humairahassan52,Is it just me who finds this so cute 😍❤️❤️,2023-05-03
2810,anunu.kr_2023-05-03,sun9min,나 서울우유만 마시는데 ㅠ 서울대는 못갔어도 당첨은 될 수 있잖아!!,2023-05-03
2811,anunu.kr_2023-05-03,hxunworld,필터재밌어보이넹ㅋㅋ 나도 하ㅣ봐야겠당,2023-05-03
2812,anunu.kr_2023-05-03,199xoxox,헉 상품도 받고 필터까지 ~? 너무 재밌어요👏,2023-05-03
2813,anunu.kr_2023-05-03,s_eogy,ㅋㅋ학교다닐때 우유급식 나오던거넹 우유는 역시 서울규뉴,2023-05-03
2814,anunu.kr_2023-05-02,_.zlox0,동결건조 마쉬멜로 먹어보고 싶다아..,2023-07-03
2815,anunu.kr_2023-05-02,k.blin_y,텐텐 동결건조 해주세요,2023-06-11
2816,anunu.kr_2023-05-02,kim_hibe_jonan,😮😮😮😮wow,2023-06-04
2817,anunu.kr_2023-05-02,gowellhyun,사고싶어요!!!!!,2023-05-15
2818,anunu.kr_2023-05-02,comfycryptidchaos,Love the sounds!,2023-05-14
2819,anunu.kr_2023-05-02,eddyandlili,I need to try this how do I do it? what is it? where do I buy it? 🤤🤤🤤🤤 crunchy crunchy,2023-05-13
2820,anunu.kr_2023-05-02,ming___th,마시멜로 동결건조 반만 해주세요,2023-05-13
2821,anunu.kr_2023-05-02,j1nmai,텐텐이랑 쎄쎄 동결건조 해주세영~!!,2023-05-07
2822,anunu.kr_2023-05-02,xo_joie_xo,I want to eat those!,2023-05-03
2823,anunu.kr_2023-05-02,songmiyeongsong,이거먹구 후식으로 매콤라면 먹었을듯한ㅋㅋㅋ,2023-05-03
2824,anunu.kr_2023-05-02,mimi_zanna,the crunch crunch sound is so satisfying,2023-05-02
2825,anunu.kr_2023-05-02,yoribogo_,궁금해요 😮,2023-05-02
2826,anunu.kr_2023-05-02,kurim_usouda,BTSのホソクに似てる,2023-05-02
2827,anunu.kr_2023-05-02,arash._.jafariii,😮😮,2023-05-02
2828,anunu.kr_2023-05-02,humairahassan52,Marshmallows ❤️❤️❤️,2023-05-02
2829,anunu.kr_2023-05-02,camisborgs,"Fofo, barulho bom de ouvir",2023-05-02
2830,anunu.kr_2023-05-02,laln_no.1,아마스기〜ㅎㅎㅎㅎㅎ,2023-05-02
2831,anunu.kr_2023-05-02,jacintamcintyre,잉? 그거 어디에서 샀어용? 😍,2023-05-02
2832,anunu.kr_2023-04-29,aaainav,Cuci piring jan lupa bang.,2023-07-26
2833,anunu.kr_2023-04-29,braylee_is_beagle,ASMR 🔥,2023-07-23
2834,anunu.kr_2023-04-29,adsdvn_,👏,2023-07-19
2835,anunu.kr_2023-04-29,bjhjojj,😍😍😍,2023-06-30
2836,anunu.kr_2023-04-29,__eekee_,Wasn't it a slime,2023-06-25
2837,anunu.kr_2023-04-29,morbbr,q tanto lixo pra 90g de chocolate kdkdkdkdkdkddj,2023-06-22
2838,anunu.kr_2023-04-29,ryndlsyd95,🥈🎏🥈🧧⚽️🎗🎉🎋🎉✨🎇🎆🎄🎃🏉🥏🏏🏑🏒,2023-06-20
2839,anunu.kr_2023-04-29,ryndlsyd95,➡️🚳➡️🇧🇫🇧🇲,2023-06-20
2840,anunu.kr_2023-04-29,ryndlsyd95,🏢🏝🏢🏝🏛🗺🏗🏥🪨🌋🏔🗺🌐🏜🌎🌍,2023-06-20
2841,anunu.kr_2023-04-29,ordinary.jannah,"Oh MY GOD, i thought he ate a SLIME . I saw yesterday someone have slime looked the same 😂",2023-06-18
2842,anunu.kr_2023-04-29,jessicachoi125,What is the soup he’s eating called and where do you buy it at,2023-06-17
2843,anunu.kr_2023-04-29,agape.grows,Hahaha I thought it was stale,2023-06-06
2844,anunu.kr_2023-04-29,sssssvvvvv123_,"맛있겠다, 먹어보고 싶어요 😋",2023-06-05
2845,anunu.kr_2023-04-29,petiteasianivy,"This looks like the type of food/snack that I’d want, but be disappointed to eat because it’s exactly what I expect.",2023-06-03
2846,anunu.kr_2023-04-29,th13_13,دقيقهه مو كانه كانهه يشبهه جيهوبب؟ ولا انا عيني فيها شي؟,2023-06-02
2847,anunu.kr_2023-04-29,aamsr257,Do all Korean guys act like girls?,2023-06-01
2848,anunu.kr_2023-04-29,ccr__o1,@bbbb_zi @yhppspp,2023-05-25
2849,anunu.kr_2023-04-29,kiaraaqueeny,@pedeliankiny_xraa,2023-05-22
2850,anunu.kr_2023-04-29,itss.kxyy,That freeze dried marshmallow looks good af,2023-05-15
2851,anunu.kr_2023-04-29,chloeeecocoo,@_adelineyl,2023-05-15
2852,anunu.kr_2023-04-29,__iiiil__,@_ice_ho_ 넌줄,2023-05-13
2853,anunu.kr_2023-04-29,lee_ju_ah12,제품 이름이 뭐에여?,2023-05-09
2854,anunu.kr_2023-04-29,shxxbi413,声高いんかと思ったら,2023-05-07
2855,anunu.kr_2023-04-29,"めっちゃ低かった笑笑
gloriakim1113",😍😍,2023-05-05
2856,anunu.kr_2023-04-29,gloriakim1113,어디서 사셨어요?,2023-05-05
2857,anunu.kr_2023-04-29,ultrabumblebee,"So I can open up my pores to help clear acne AND eat sugary foods to make it worse... perfectly balanced, now hand it over 😌😂😂",2023-05-04
2858,anunu.kr_2023-04-29,s._.hui_i,@jo_ongbeom,2023-05-03
2859,anunu.kr_2023-04-29,wlqlswlqlssswlqls44,대박 맜있겠다,2023-05-03
2860,anunu.kr_2023-04-29,liaauliabalqis,is it hot or cool?,2023-05-02
2861,anunu.kr_2023-04-29,kareninaja,Why am I even focused on the pile of dishes in the back ???😂😂,2023-05-02
2862,anunu.kr_2023-04-29,larayorisa,우와 진짜 맛있어 보여요!!,2023-05-02
2863,anunu.kr_2023-04-29,weekly_.8,@hye0n._.je0ng 이거였엌ㅋ,2023-05-02
2864,anunu.kr_2023-04-29,mi.q26,احسه ياكل طباشير😭😭,2023-05-02
2865,anunu.kr_2023-04-29,jji__ing_,@konankim36,2023-05-02
2866,anunu.kr_2023-04-29,_ssannie_,Tanto para nada?,2023-05-02
2867,anunu.kr_2023-04-29,chocolate_cosmos1234567,🍑,2023-05-01
2868,anunu.kr_2023-04-29,rizkytabcde,the marshmallow aint marshmallowing,2023-05-01
2869,anunu.kr_2023-04-29,_diya.429,U are very cute ❤️,2023-05-01
2870,anunu.kr_2023-04-29,scbh7634,@_c.cj_ 為什麼棉花糖有脆脆的聲音,2023-04-30
2871,anunu.kr_2023-04-29,0.k_9ms,마쉬멜로 전자레인지30초하고 냉동실1시간하면 동결건조만큼 바삭함,2023-04-30
2872,anunu.kr_2023-04-29,aletzanderdgz_,정말 더웠나요? 뭔가 차갑다고 생각했는데,2023-04-30
2873,anunu.kr_2023-04-29,bluewuffy,"Boy over here eating Styrofoam 😂 Yes, i know it's not Styrofoam 🙄",2023-04-30
2874,anunu.kr_2023-04-29,eol_rery,@_minong2,2023-04-29
2875,anunu.kr_2023-04-29,novikovinazar,Ну и где это купить?,2023-04-29
2876,anunu.kr_2023-04-29,octaviana.hana,❤️,2023-04-29
2877,anunu.kr_2023-04-29,jacintamcintyre,"맛있겠당,,,",2023-04-29
2878,anunu.kr_2023-04-29,jeii_pong,😍😍😍😍,2023-04-29
2879,anunu.kr_2023-04-29,humairahassan52,Crispy marshmallows 🤤❤️😂,2023-04-29
2880,anunu.kr_2023-04-29,soonveia,일본엔 참 신기한게 많군여 ㅋㅋ 치즈퐁듀도 있나요?,2023-04-29
2881,anunu.kr_2023-04-29,rubyubijilli__,Owwwhh maco = marshmallow chocolate yummy 🤤🤤🤤,2023-04-29
2882,anunu.kr_2023-04-29,blacksoul_.6,اعطيني,2023-04-29
2883,anunu.kr_2023-04-29,ilov_e_m,كنه ياكل طباشير,2023-04-29
2884,anunu.kr_2023-04-29,yxsulc,1빠바바ㅏ밥바ㅏㅂ바ㅏ,2023-04-29
2885,anunu.kr_2023-04-24,yeojini_i_i,@seoxzini,2023-08-15
2886,anunu.kr_2023-04-24,db_b_0121,@yeojini_i_i 이거 같은뎅,2023-08-15
2887,anunu.kr_2023-04-24,yazdoceriaoriental,Que delicia!!! Vendemos muitas dessa bala aqui na loja!,2023-08-03
2888,anunu.kr_2023-04-24,03agus09,JｰHOPEに似てる……🫶✨️,2023-06-07
2889,anunu.kr_2023-04-24,s_zerox,Bro discovered spider man secret💀,2023-05-20
2890,anunu.kr_2023-04-24,ddubiddubab____,👍👍,2023-05-18
2891,anunu.kr_2023-04-24,harry_92k,와 유학할때 저거 맛없어서 막던지고 놀았었는데ㄷㄷ,2023-05-17
2892,anunu.kr_2023-04-24,leon.art.o,Enough lobotomy for today thanks,2023-05-17
2893,anunu.kr_2023-04-24,arzan.909,@bahayasih_tiktok,2023-05-16
2894,anunu.kr_2023-04-24,shashakann,@syah_123saje,2023-05-16
2895,anunu.kr_2023-04-24,highfunctioningartistic,Corn cheese,2023-05-16
2896,anunu.kr_2023-04-24,kyj8710,옥수수 잴리 맛난데ㅋ먹고싶다😍,2023-05-16
2897,anunu.kr_2023-04-24,cicerasousa243,😂😂😂😂😂👏👏👏👏,2023-05-16
2898,anunu.kr_2023-04-24,camaraotraia,Ta com tempo ta com fome nao kkkkk,2023-05-16
2899,anunu.kr_2023-04-24,poter.jimmy,Your volleyball player's mom is preparing a smashing on your back.,2023-05-15
2900,anunu.kr_2023-04-24,psychosisangels,It look like hairy flesh😭😭,2023-05-15
2901,anunu.kr_2023-04-24,luis_martinez_2910,@pongamoslo_a_prueba,2023-05-15
2902,anunu.kr_2023-04-24,privv_rr__5,@verdad_o_mentira_vof @pongamoslo_a_prueba,2023-05-15
2903,anunu.kr_2023-04-24,sara.zyk,Isso parece ser tão bom 😢,2023-05-15
2904,anunu.kr_2023-04-24,f___z___1,تعلمت أن لاشيء ينجح من البداية😌,2023-05-15
2905,anunu.kr_2023-04-24,hamzza_pkts,Japan in 2050,2023-05-15
2906,anunu.kr_2023-04-24,bdwadaroe_,Mantol cok? Jowomu ngendi a?,2023-05-14
2907,anunu.kr_2023-04-24,saralabios,😍😍😍😍😍😍,2023-05-14
2908,anunu.kr_2023-04-24,ohakardesmsakin,How can we get cancer,2023-05-14
2909,anunu.kr_2023-04-24,liachen_071,@07_marie_13 Probieren 😂,2023-05-14
2910,anunu.kr_2023-04-24,aesthetic__nerve,imagine how it would stick to intestinal walls 🥲,2023-05-14
2911,anunu.kr_2023-04-24,suzanakamilya,واو,2023-05-14
2912,anunu.kr_2023-04-24,kennedy.og,What the duck,2023-05-14
2913,anunu.kr_2023-04-24,queenaokiji,It’s corn candy?? I might need to try it,2023-05-14
2914,anunu.kr_2023-04-24,zahraa_a87,وين هذا الشي الكومنت العربي وصل 😂,2023-05-14
2915,anunu.kr_2023-04-24,fi.ia7,ماتريد تزوج انتَ😭🌚,2023-05-14
2916,anunu.kr_2023-04-24,buxxy._.kookz,U sound like hobi ❤️❤️,2023-05-14
2917,anunu.kr_2023-04-24,sso1_8,@gahye_aa,2023-05-13
2918,anunu.kr_2023-04-24,queennatijones,What kind of candy is that? @euneeew,2023-05-13
2919,anunu.kr_2023-04-24,usernisa435662,J-hope'a aşırı benziyo şaka mi,2023-05-13
2920,anunu.kr_2023-04-24,mhmdarvy7_,@nairezzz jagung hisyam,2023-05-13
2921,anunu.kr_2023-04-24,christian.shell,Just turning candy into hot candy 🤣,2023-05-13
2922,anunu.kr_2023-04-24,sasabogdanovic1996,idk whats up withs azians with small pp and hair style 😂,2023-05-13
2923,anunu.kr_2023-04-24,ssup_maddavv,99999 euro,2023-05-13
2924,anunu.kr_2023-04-24,__rohangarud_official_11,Chutiye corean 🙌😂,2023-05-12
2925,anunu.kr_2023-04-24,linh_linh.n,Ooooh candies of childhood 🤤,2023-05-12
2926,anunu.kr_2023-04-24,nishanth.188,Too much work skip,2023-05-11
2927,anunu.kr_2023-04-24,thatsdarklmao,If you serve it at fancy restauran it would be about 300$ the cheapest 😂,2023-05-11
2928,anunu.kr_2023-04-24,nayyyza_aaa,Só eu que achei ele parecido com o j Hope🌞,2023-05-11
2929,anunu.kr_2023-04-24,_marylandia,@voceprecisaprovar Como faz pra ver sas coisas e não lembra d'ocê? 😂,2023-05-11
2930,anunu.kr_2023-04-24,javi_alleciardi,?,2023-05-11
2931,anunu.kr_2023-04-24,big_pecker3,Spider web,2023-05-11
2932,anunu.kr_2023-04-24,_zahra_7___,Jhope and Vincenzo mixed,2023-05-11
2933,anunu.kr_2023-04-24,victor.gontijo,Nop.,2023-05-11
2934,anunu.kr_2023-04-24,bff_sani_x.4.0,😍😍😍😂,2023-05-10
2935,anunu.kr_2023-04-24,beau_qu_a_ssa,China man,2023-05-10
2936,anunu.kr_2023-04-24,the_ineffable_hiraeth,Insane! Song joonki lookalike 😍,2023-05-10
2937,anunu.kr_2023-04-24,zeniambarwati,Mantuul cuk,2023-05-10
2938,anunu.kr_2023-04-24,jay._2stoned,Bro that Timmy from my since class ik he was a lil off,2023-05-10
2939,anunu.kr_2023-04-24,ryogasr_,"saya denger dia ngomong ""mantul lho cok""",2023-05-09
2940,anunu.kr_2023-04-24,ms_privatt,0🔥🙌😢9🔥🙌🙌,2023-05-08
2941,anunu.kr_2023-04-24,j.417,@js_unghoon zz,2023-05-08
2942,anunu.kr_2023-04-24,ikram_ml61,Why I see j-hope+vencenzo😭😄,2023-05-08
2943,anunu.kr_2023-04-24,fr.ozen9812,"Who is agree with me , his smile is like jihoob from bts hhhhhh",2023-05-08
2944,anunu.kr_2023-04-24,2k6_kimchu,Trypophobia alert😂❤️,2023-05-07
2945,anunu.kr_2023-04-24,itssamerjaber,Spider man?,2023-05-07
2946,anunu.kr_2023-04-24,hyung.bmp,"if something is difficult to eat ur food, why is it easy?😂",2023-05-07
2947,anunu.kr_2023-04-24,panji.wijaya.a.p,kok jowo?,2023-05-07
2948,anunu.kr_2023-04-24,maryxbot,AM I HEARING CRÖNCH??,2023-05-07
2949,anunu.kr_2023-04-24,jtjtjtjtjtjtjtjtjtjtjtjtjtjt,He look like a corpse,2023-05-07
2950,anunu.kr_2023-04-24,the_hotmesss_,Geugo wae haneung goyo?!?!? Majjisseoyo? Igo anida chinguyaa😭😭,2023-05-07
2951,anunu.kr_2023-04-24,tulip_blossom2,you look like j-hope awwww i miss him so much😭🤎,2023-05-06
2952,anunu.kr_2023-04-24,keli_du_plessis,What kind of pan are you using v,2023-05-05
2953,anunu.kr_2023-04-24,hulya_sandilac,🧐,2023-05-05
2954,anunu.kr_2023-04-24,clover._.collect,What is this tho?? Candy ?? Marshmallow?? Gotta feed the sweet craving,2023-05-05
2955,anunu.kr_2023-04-24,surbhisarode,Jhoppeeeeeeee,2023-05-05
2956,anunu.kr_2023-04-24,ra.khoirunnisa1223,Yg aku denger dia ngomong “mantul lo cok”,2023-05-05
2957,anunu.kr_2023-04-24,lipikaa_aa,Mummy ne mujhe Ghar se nikal dena hai,2023-05-05
2958,anunu.kr_2023-04-24,sangx_leo,@hopescope,2023-05-05
2959,anunu.kr_2023-04-24,diegoandresny,De dónde sacaste ese budare?🗿,2023-05-05
2960,anunu.kr_2023-04-24,shikh1394,😂😂😂,2023-05-05
2961,anunu.kr_2023-04-24,zachk._,This guy looks done with life,2023-05-05
2962,anunu.kr_2023-04-24,danna_mukasheva,Что то не едите *😦,2023-05-05
2963,anunu.kr_2023-04-24,riich_kkid_911,#5911leagend #justiceforsidhumoosewala,2023-05-04
2964,anunu.kr_2023-04-24,xin.itzu_,Merubah hidup mudah menjadi lebih susah,2023-05-04
2965,anunu.kr_2023-04-24,0.xoa13,마시게따아,2023-05-04
2966,anunu.kr_2023-04-24,non_linear_commenter,I can see some Japanese letters in that second spider web. 💁🏼‍♀️,2023-05-04
2967,anunu.kr_2023-04-24,cieyej,@wpql_0131 왜 잡아먹히고 잇서 ..;;;,2023-05-04
2968,anunu.kr_2023-04-24,thebirdwhisper3r,If this guy is straight I’m just gonna say he ain’t😂,2023-05-04
2969,anunu.kr_2023-04-24,tattoolotim,"Gw dengernya malah ""mantul cok""🗿",2023-05-03
2970,anunu.kr_2023-04-24,erika.mr,It's plastic?,2023-05-03
2971,anunu.kr_2023-04-24,wanriide,Byk overpride indo disini ternyata,2023-05-03
2972,anunu.kr_2023-04-24,mario_tsvetanov__,"He reminds me of that ""special"" kid",2023-05-03
2973,anunu.kr_2023-04-24,irsatcandan,Ne saçma sapan işler yapıyorsunuz.,2023-05-03
2974,anunu.kr_2023-04-24,shfiranzwaa,"kok gue dengernya "" ra etok loh cok """,2023-05-02
2975,anunu.kr_2023-04-24,rstnd.rsd,👏👏👏👏,2023-05-02
2976,anunu.kr_2023-04-24,rimajuwita,Kurang gawean,2023-05-02
2977,anunu.kr_2023-04-24,ethanls96,This is why 100T are losing,2023-05-02
2978,anunu.kr_2023-04-24,katies_8275,Looks like thin latex,2023-05-02
2979,anunu.kr_2023-04-24,ruochuan0215,这个糖贼拉好吃最喜欢了,2023-05-02
2980,anunu.kr_2023-04-24,spotsofnewyork,"I used to buy these! I can't find them anymore. Corn gummies, man, what an experience!",2023-05-02
2981,anunu.kr_2023-04-24,9blocc.lulace_,Bro eating nun but sugar gng 😂,2023-05-02
2982,anunu.kr_2023-04-24,oksana__gerasiuk,🤮🤮🤮,2023-05-01
2983,anunu.kr_2023-04-24,dezexasvihit,Spider man 🕸️ entered in this comment section,2023-05-01
2984,anunu.kr_2023-04-24,f2_on,I wish I lived in Korea or Japan because your society is beautiful and your food is more beautiful🥹💕,2023-05-01
2985,anunu.kr_2023-04-19,ofk1n,@noheden 오빠도 롤업젤리 사서 안에 아이스크림 넣어먹어봐,2023-06-30
2986,anunu.kr_2023-04-19,oa_sol,I wanted to be that sweet,2023-06-05
2987,anunu.kr_2023-04-19,jjumom_rami,@bonie_study,2023-06-01
2988,anunu.kr_2023-04-19,gowellhyun,와 만들어먹어야겠다,2023-05-15
2989,anunu.kr_2023-04-19,juani8a,You look like my son lol ( I feel old commenting this) he also love your videos.,2023-05-10
2990,anunu.kr_2023-04-19,nicolmic0l,No era una heladera....era un deposito 😂😂🙌,2023-05-10
2991,anunu.kr_2023-04-19,ok_.eeeee,@seok_.eeeee,2023-05-04
2992,anunu.kr_2023-04-19,vaishhh_155,That eye roll tho😂😂😂,2023-05-01
2993,anunu.kr_2023-04-19,bbo_1030,@woojae0920 우리도 도전?,2023-04-29
2994,anunu.kr_2023-04-19,kinda_.ah,شكلي وانا عندي حديد ونقص فيتامين وههههه,2023-04-29
2995,anunu.kr_2023-04-19,subtleasian.baking,That glass skin 😍,2023-04-29
2996,anunu.kr_2023-04-19,70000simran,Wow ❤️,2023-04-27
2997,anunu.kr_2023-04-19,suewongbee__,😍❤️,2023-04-25
2998,anunu.kr_2023-04-19,my_music_world_bts,😋,2023-04-23
2999,anunu.kr_2023-04-19,lucilagwartney,"안녕하세요, 귀하와 협력하고 싶습니다. 귀하에게 개인 메시지를 보냈습니다. 제 메시지에 회신해 주십시오.",2023-04-21
3000,anunu.kr_2023-04-19,6yan___i,isagi is that you,2023-04-21
3001,anunu.kr_2023-04-19,de.nice7658,😍😍😍,2023-04-20
3002,anunu.kr_2023-04-19,rubyubijilli__,That’s recommended for try ???,2023-04-20
3003,anunu.kr_2023-04-19,umeko__1226,かわいい！！！！🥹,2023-04-19
3004,anunu.kr_2023-04-19,aera__moon,Cute❤️😍,2023-04-19
3005,anunu.kr_2023-04-13,hx.y2un,아누누님 탕후루 동결 건조 해주세요!,2023-09-09
3006,anunu.kr_2023-04-13,luvso_i,다음동결건조할때에는 햄버거젤리로해주세요,2023-07-01
3007,anunu.kr_2023-04-13,y_un_seu1,탄후루동결건조🙌해조,2023-05-25
3008,anunu.kr_2023-04-13,miss_tish_kat__,Wtf is that white stuff on the stick????,2023-05-01
3009,anunu.kr_2023-04-13,daongee,@e__pro 그다음 이거 해먹자,2023-04-27
3010,anunu.kr_2023-04-13,ricin_27,미안 대파먹방인 줄 알았어,2023-04-27
3011,anunu.kr_2023-04-13,ally_story_love,다음 동결 건조는 하리보나햄버거젤리어때? 해조🔥,2023-04-26
3012,anunu.kr_2023-04-13,de.nice7658,😋😋😋,2023-04-21
3013,anunu.kr_2023-04-13,yun_ggu_00,@ko__b.hun 건조 된 마시멜로 마시게따🤤,2023-04-14
3014,anunu.kr_2023-04-13,azame_desu,This guy gonna have sugar problems one day,2023-04-14
3015,anunu.kr_2023-04-13,1zulikhan_,🔥🔥,2023-04-13
3016,anunu.kr_2023-04-13,1zulikhan_,❤️❤️❤️,2023-04-13
3017,anunu.kr_2023-04-13,1zulikhan_,😍😍😍,2023-04-13
3018,anunu.kr_2023-04-13,psalm116.1_2,Is it yummy?😌,2023-04-13
3019,anunu.kr_2023-04-02,veronikapalikova,Nenič si postavu....závidím vám střídmost a vybraný vkus stolování Meckáč je hnus. Polotovary smažené v černém oleji a hory mastné majonézy,2023-06-20
3020,anunu.kr_2023-04-02,gitaqurani,sayang bgt ga pake nasiii!!!!!,2023-05-29
3021,anunu.kr_2023-04-02,reub_t_wiley,bruh just pick up your drink lol,2023-05-27
3022,anunu.kr_2023-04-02,shehwaralam.x,What about ketchup ‼️,2023-05-23
3023,anunu.kr_2023-04-02,du_klapptisch,we germans do this all the time,2023-05-18
3024,anunu.kr_2023-04-02,tazzyyy2x._,Chapstick & Carmax exits🙄🤦🏽‍♀️,2023-05-18
3025,anunu.kr_2023-04-02,nicolmic0l,Que sonria mas que se ve precioso ❤️❤️,2023-05-10
3026,anunu.kr_2023-04-02,yool._.0525,@jong_hwana 오꿀팁!!🍯,2023-05-09
3027,anunu.kr_2023-04-02,jayfragaaa,Bro gota,2023-05-05
3028,anunu.kr_2023-04-02,jh._.joy,@96_hooni,2023-05-02
3029,anunu.kr_2023-04-02,efeyildirimm.0,What happens when you take the burger from there,2023-05-02
3030,anunu.kr_2023-04-02,ma_gda_15,❤️❤️,2023-05-02
3031,anunu.kr_2023-04-02,j___hyeonee,@h___soooooo 오왕,2023-05-01
3032,anunu.kr_2023-04-02,candyyy_1407,@mei_fang1999 可以將放🥺❤️,2023-04-30
3033,anunu.kr_2023-04-02,yvn.p.a,En France nous n'avons plus de paille 😩,2023-04-29
3034,anunu.kr_2023-04-02,hystericalpossum,@mcdonaldsukraine when in Kharkiv? I need to try this!,2023-04-29
3035,anunu.kr_2023-04-02,zhenchu_oiiq,@jingwen.luo.125,2023-04-28
3036,anunu.kr_2023-04-02,asunun_hobi_evi,Bensiz nasıl yiyebiliyorsun🔥🔥🔥,2023-04-28
3037,anunu.kr_2023-04-02,0lngpvz,Wait does that work on KFC??,2023-04-28
3038,anunu.kr_2023-04-02,my_music_world_bts,😂😂😋,2023-04-26
3039,anunu.kr_2023-04-02,taniamargarida29,😂😂 nice,2023-04-25
3040,anunu.kr_2023-04-02,nekomdephangrell,Now I want some 😔,2023-04-03
3041,anunu.kr_2023-04-02,anki197,If only no McDonalds,2023-04-03
3042,anunu.kr_2023-04-02,zuril0pez,Nice 😎,2023-04-02
3043,anunu.kr_2023-04-02,de.nice7658,😍😍😍,2023-04-02
3044,anunu.kr_2023-04-02,makingofkevin,대 박 사 건,2023-04-02
3045,anunu.kr_2023-04-02,bora8764,@sb___07 @_seoyoon0511 너겟박스...앖어졌는데....뭐지...?,2023-04-02
3046,anunu.kr_2023-04-02,jjung0815,무슨버거를 시켜야 박스에 주나요?ㅋㅋ맨날 포장된 ㅂ,2023-04-02
3047,anunu.kr_2023-04-02,dddamchae,@dddonggyu,2023-04-02
3048,anunu.kr_2023-04-02,10grammm,엎었어야 하는데 ㄲㅂ~,2023-04-02
3049,anunu.kr_2023-04-02,jimining10,@euneeew Okay brother~~ ㅋㅋ,2023-04-02
3050,anunu.kr_2023-03-15,ewangyirong,What the heck is that supposed to be !!!!!!!!!!!!,2023-06-04
3051,anunu.kr_2023-03-15,ari.__.hj,@kaito__muscle,2023-05-18
3052,anunu.kr_2023-03-15,xonzla,so cutee,2023-05-16
3053,anunu.kr_2023-03-15,ma_gda_15,😍❤️,2023-05-12
3054,anunu.kr_2023-03-15,mubaraka_0325,He started bathing 😂😂,2023-05-02
3055,anunu.kr_2023-03-15,pwgg.an,@selmracsy,2023-04-30
3056,anunu.kr_2023-03-15,shy8.141,يقهر شعره ما رفعه,2023-04-30
3057,anunu.kr_2023-03-15,yvmandy,Q bonitinho kkk que bonitinho 🥹❤️,2023-04-30
3058,anunu.kr_2023-03-15,kbrkatrnc,😂😂😂😂,2023-04-30
3059,anunu.kr_2023-03-15,rebeca._.barbosa,Hi jhope,2023-04-27
3060,anunu.kr_2023-03-15,_0zo4ye,동결건조 해주세여,2023-04-24
3061,anunu.kr_2023-03-15,dhhehma,My friend who screwed everything up,2023-04-22
3062,anunu.kr_2023-03-15,dhhehma,Herşeyin bokunu çıkaran arkadaşım,2023-04-22
3063,anunu.kr_2023-03-15,c.saujwhmts,驚き方がカワイイ❤️,2023-04-17
3064,anunu.kr_2023-03-15,343434de,😍,2023-04-14
3065,anunu.kr_2023-03-15,8.non9,وجهه اصفى من حياتي😂😂🥲,2023-04-13
3066,anunu.kr_2023-03-15,nicho._.ss0709,그것은 욕실에서 노는 물건입니다!,2023-04-12
3067,anunu.kr_2023-03-15,bts_and_blackpink_lover_girl_7,You look Sanda🎅🎅🎅😂😂😂😂,2023-04-11
3068,anunu.kr_2023-03-15,ooomothertrucker300ooo,That looks like house installation,2023-04-10
3069,anunu.kr_2023-03-15,dniwdliw,What is that,2023-04-10
3070,anunu.kr_2023-03-15,garimaqueen35,Looking so cute 😍,2023-04-09
3071,anunu.kr_2023-03-15,mi_writs,Aww ..ur cute😍,2023-04-06
3072,anunu.kr_2023-03-15,nishaa_rajpurohit_,하루에 전체 병을 마칠 필요가 없었습니다.🤷😁😂😂,2023-04-05
3073,anunu.kr_2023-03-15,sumaiya.hafeezzzzzzzz,😂😂😂😂😂,2023-04-03
3074,anunu.kr_2023-03-15,munishdhiman1812_kanchu,😀👍,2023-04-02
3075,anunu.kr_2023-03-15,jossyberrios_23,😂😂😂😂😂😂,2023-04-02
3076,anunu.kr_2023-03-15,kaoh.travel,She is @nadina_ioana ❤️🙌,2023-04-02
3077,anunu.kr_2023-03-15,jinx_gurll,😮😮😮,2023-04-01
3078,anunu.kr_2023-03-15,aliciacosta.lima,오티 엄마 귀여워 💜🥰,2023-04-01
3079,anunu.kr_2023-03-15,yesicaalejandralorena,🤭,2023-03-31
3080,anunu.kr_2023-03-15,dawa.128,ㅋㅋㅋ,2023-03-30
3081,anunu.kr_2023-03-15,mazurik2566,😂😂,2023-03-29
3082,anunu.kr_2023-03-15,de.nice7658,😂😂😂😍😍,2023-03-25
3083,anunu.kr_2023-03-15,minivibe_s,😂😂😂😂😂❤️❤️,2023-03-20
3084,anunu.kr_2023-03-15,elvyhinkson,😂😂👏👏😍😍,2023-03-20
3085,anunu.kr_2023-03-15,camilaodelbor,😂😂🤦🏻‍♀️😍,2023-03-18
3086,anunu.kr_2023-03-15,kim_eun_chan__,O so cute 🥰🥰,2023-03-18
3087,anunu.kr_2023-03-15,_introfaqlyyy_,Cute😍😍😍😍,2023-03-17
3088,anunu.kr_2023-03-15,rebey_reb,히히히,2023-03-16
3089,anunu.kr_2023-03-15,rebey_reb,ㅋㅋㅋㅋㅋㅋㅋㅋㅋㅋ,2023-03-16
3090,anunu.kr_2023-03-15,deborah_b.vieira,😂😂😂😂😂😂,2023-03-16
3091,anunu.kr_2023-03-15,alexandremercess,"You are so cute, wanna hug 😍",2023-03-16
3092,anunu.kr_2023-03-15,fatzahra2956,❤️,2023-03-16
3093,anunu.kr_2023-03-15,sesoro_j,@kefii_hannah,2023-03-16
3094,anunu.kr_2023-03-15,parkarkney_,맛있을것 같아 😢,2023-03-15
3095,anunu.kr_2023-03-15,rafizanfiezan,It's effective 😮,2023-03-15
3096,anunu.kr_2023-03-15,aliyahwithluv,"You used the bath one, it's a bit different from the vid btwww😔🙏",2023-03-15
3097,anunu.kr_2023-03-15,sunmin_new,😍😍😍😍😍😍,2023-03-15
3098,anunu.kr_2023-03-15,marie_hie34,❤️,2023-03-15
3099,anunu.kr_2023-03-15,rubyubijilli__,That’s worth it for use ???,2023-03-15
3100,anunu.kr_2023-03-15,199xoxox,기엽네,2023-03-15
3101,anunu.kr_2023-03-15,dddamchae,동결건조 해주세요,2023-03-15
3102,anunu.kr_2023-03-15,marcelaa.27,"I love you so much, you're so cute 💘",2023-03-15
3103,anunu.kr_2023-03-15,onesghanmi1,ㅋㅋㅋㅋㅋㅋㅋ,2023-03-15
3104,anunu.kr_2023-03-15,yeol_yolo,아닠ㅋㅅㅋㄱㅋㅅㅋㅅㅋㅅㅋㅅㅋㅅㄱㅋㅋㄱㅋㄱㅋㄱㅋㄱㅋㄱㅋㄱㅋㅋㄱㄱㅋㄱㅋㄱㅋㄱㅋㅋㄱㄱㅋㄱㅋㄱㅋ콧구멍에 묻어서 안나오는거 ㅋㄱㅋㄱㅋㄱㅋㄱㅋ아ㅠㅠㅠㅠ너무 웃겨,2023-03-15
3105,anunu.kr_2023-02-17,ddinn77_,My all time fave ❤️❤️❤️ #caramelmacchiato,2023-03-16
3106,anunu.kr_2023-02-17,alish.ekka.39,Superb performance👏👏👏👏👏😮,2023-03-13
3107,anunu.kr_2023-02-17,4nn4h.n,😮😍🔥,2023-03-09
3108,anunu.kr_2023-02-17,zpah1297,@jwsh_1212,2023-03-04
3109,anunu.kr_2023-02-17,tamy_lin88,"안녕하세요! 쪽지 확인 부탁드리며, 회신 기다리겠습니다. 정말 고마워 😊",2023-02-27
3110,anunu.kr_2023-02-17,tinaa.5k,❣️🇮🇳,2023-02-26
3111,anunu.kr_2023-02-17,hyunyound,마시겠댜..그중에는얼굴이존멋😍,2023-02-25
3112,anunu.kr_2023-02-17,leeknowspuddinggirl,WOW SWEET!😋🥰👉🏼👈🏼,2023-02-18
3113,anunu.kr_2023-02-17,every_nur.woo,I will try it 😋,2023-02-17
3114,anunu.kr_2023-02-17,y.e_jun.0822,아니 ㅋㅋ노래가,2023-02-17
3115,anunu.kr_2023-02-17,leroisme,“wow”,2023-02-17
3116,anunu.kr_2023-02-17,amjad.ak,So much cirales,2023-02-17
3117,anunu.kr_2023-02-15,luizasntosss_,Aí vcs comem ? Aq agente só cheira,2023-05-16
3118,anunu.kr_2023-02-15,gong1teng3,何つけてもおなじやん,2023-05-14
3119,anunu.kr_2023-02-15,azu71dance,日本人ですか?,2023-05-14
3120,anunu.kr_2023-02-15,asel10704,Я думала это курт такой формы😢,2023-05-14
3121,anunu.kr_2023-02-15,suzuki.aimi0213,音好き,2023-05-14
3122,anunu.kr_2023-02-15,pingsongzhizi919,え、マシュマロだよね？海外のマショマロはこんな感じなの！？？？,2023-05-13
3123,anunu.kr_2023-02-15,lnwlnraa,@zn_nabbb NABBBB AKU MAU BELI KUE SAGU NENEKMU LAGII😭😭😭,2023-05-13
3124,anunu.kr_2023-02-15,aura_r_didi123,I really like marshmellow really delicious 😋🤤,2023-05-13
3125,anunu.kr_2023-02-15,soyun_0403,맛표현 해줄 수 있나요호??,2023-05-13
3126,anunu.kr_2023-02-15,__x.anap,Q agonia da boca dele aahhhhhh kkkk,2023-05-13
3127,anunu.kr_2023-02-15,bangtan_7boys_n_n,Eyouuuuuuuuuûuuuuuuuuu🤢🤮,2023-05-13
3128,anunu.kr_2023-02-15,anphrodie_,@zahrah.ateerah cobain kak,2023-05-13
3129,anunu.kr_2023-02-15,fathima_muzammi,What happend your fingers,2023-05-13
3130,anunu.kr_2023-02-15,rosetrashhh,Tf is that,2023-05-13
3131,anunu.kr_2023-02-15,kiikiwaeee,ci @sibungbung,2023-05-13
3132,anunu.kr_2023-02-15,merrychristmaschan_,チョコかとおもたらあんこやった🫘,2023-05-13
3133,anunu.kr_2023-02-15,cheshiunili,So freeze the ice to make it like him or its another diff thing?,2023-05-12
3134,anunu.kr_2023-02-15,malia.mango,Them lips drier than the marshmallow,2023-05-12
3135,anunu.kr_2023-02-15,ma_gda_15,❤️❤️,2023-05-12
3136,anunu.kr_2023-02-15,nia_chen_,i thought that was cornstarch again,2023-05-11
3137,anunu.kr_2023-02-15,sa89ki39,口の中丸見え,2023-05-11
3138,anunu.kr_2023-02-15,"汚すぎ
na.cxn",당신의 입술도 동결건조 된듯,2023-05-10
3139,anunu.kr_2023-02-15,hideka572,WoW all Japanese sweets❣️,2023-05-10
3140,anunu.kr_2023-02-15,hideka572,WoW all Japanese sweets❣️,2023-05-10
3141,anunu.kr_2023-02-15,tkha1582,♡♡♡,2023-05-10
3142,anunu.kr_2023-02-15,finnia.nvra,You look like Jinhwan iKON + Jihoon Treasure 😭✨,2023-05-10
3143,anunu.kr_2023-02-15,heauezng_,@__y.e_ 함 얼려서 먹어봐???,2023-05-09
3144,anunu.kr_2023-02-15,sera.pvttt,Is he eating chalk lmao😭😭😭🤝🏻,2023-05-09
3145,anunu.kr_2023-02-15,zxzx_s21,@8.23rae,2023-05-07
3146,anunu.kr_2023-02-15,nat_chhaa,Is candy liofilizados,2023-05-07
3147,anunu.kr_2023-02-15,han_da_yeoo,꿀벌집 동결건조 해주세여👏😢,2023-05-07
3148,anunu.kr_2023-02-15,frizaclaudya_dsg697,What is that? Dry marshmellow?,2023-05-06
3149,anunu.kr_2023-02-15,y_r_myp0pp2,와 이 영상 유난히 잘생겼당,2023-05-06
3150,anunu.kr_2023-02-15,naniwa.buddiis.11,日本語だ！！,2023-05-05
3151,anunu.kr_2023-02-15,ravioliyy,Why is it so crunchy 😭😭😭,2023-05-05
3152,anunu.kr_2023-02-15,__.maarrrrr.__,마시멜로우 맛이 나는 분필같은 식감일까요..? 😮,2023-05-01
3153,anunu.kr_2023-02-15,bluewuffy,Hearing him eat em makes me cringe for some reason😅,2023-04-30
3154,anunu.kr_2023-02-15,he.un1_,유튜브 구독중❤️,2023-04-18
3155,anunu.kr_2023-02-15,u_u__chi,@zzataeng 소은이네 실험실 동결건조기로 나 이거 한번만 만들어보면 안돼??????????웅???,2023-04-03
3156,anunu.kr_2023-02-15,rebey_reb,😂😂😂😂,2023-03-16
3157,anunu.kr_2023-02-15,rebey_reb,😂😂😂😂😂😂,2023-03-16
3158,anunu.kr_2023-02-15,rebey_reb,😮😮😮😮,2023-03-16
3159,anunu.kr_2023-02-15,s_.jyun115,버블티 동결건조 해주세요~~!,2023-02-28
3160,anunu.kr_2023-02-15,hud_dhsw8361,존잘.....👀,2023-02-25
3161,anunu.kr_2023-02-15,z1.hoo_,@dam._1107,2023-02-23
3162,anunu.kr_2023-02-15,tabrisor,안녕하세요! 광고 진행건으로 디엠 드렸는데 한번 확인해주시면 감사드리겠습니다! :),2023-02-16
3163,anunu.kr_2023-02-15,de.nice7658,😍😍😍,2023-02-16
3164,anunu.kr_2023-02-15,i__like__cotton__candy,はちみつ、おいしそう😚🍯,2023-02-16
3165,anunu.kr_2023-02-15,adilbekqyzy__,손가락에 무슨 일이 있었나요?,2023-02-15
3166,anunu.kr_2023-02-15,eva7zgz,With which flavor you liked the most,2023-02-15
3167,anunu.kr_2023-02-15,z1xxb_10,맛있겠다...,2023-02-15
3168,anunu.kr_2023-01-25,gowellhyun,이빨 아프겠어여 ㅠㅠ,2023-05-15
3169,anunu.kr_2023-01-25,geezzz12,What's that he ate first,2023-05-13
3170,anunu.kr_2023-01-25,nicolmic0l,"Se comia la banana con cascara... hay que aprovechar todo, gente. No las desperdicio 😂 😂❤️",2023-05-10
3171,anunu.kr_2023-01-25,camisborgs,Que barulho gostoso,2023-05-01
3172,anunu.kr_2023-01-25,misamst07,いい音ですね☺️,2023-04-30
3173,anunu.kr_2023-01-25,rebey_reb,😂,2023-03-16
3174,anunu.kr_2023-01-25,s_.jyun115,샌드위치 동결건조 해주세요!!!,2023-03-01
3175,anunu.kr_2023-01-25,hy12px,먹는 슬라임도 동결건조가 되나여??😮,2023-02-14
3176,anunu.kr_2023-01-25,dbsgk.7,카스테라가 머랭쿠키가 된날,2023-02-09
3177,anunu.kr_2023-01-25,army_dijatii,الله يرحم اسنانك 😂❤️🇲🇦,2023-01-26
3178,anunu.kr_2023-01-25,jeii_pong,Hungry watching this,2023-01-26
3179,anunu.kr_2023-01-25,parkneulbon1,카스테라 얼려먹으면 맛있어요,2023-01-26
3180,anunu.kr_2023-01-25,bhj_1101,바나나껍질 먹어도 되는 부분인가요🤣🤣?,2023-01-25
3181,anunu.kr_2023-01-25,haura_f7,That was very satisfying 😌 🙌,2023-01-25
3182,anunu.kr_2023-01-25,15_san_chetry,..I am from Assam...,2023-01-25
3183,anunu.kr_2023-01-18,suzanakamilya,قناتك راٸعة ايها الكوري,2023-05-14
3184,anunu.kr_2023-01-18,rebey_reb,😂,2023-03-16
3185,anunu.kr_2023-01-18,hud_dhsw8361,ㅋㅋㅋㅋ,2023-02-25
3186,anunu.kr_2023-01-18,hy12px,아니 먹기 싫어하자나요 ㅋㅋㅋㅋㅋ,2023-02-14
3187,anunu.kr_2023-01-18,s0yxnii,귀여워요 ㅋㅋㅋ,2023-01-22
3188,anunu.kr_2023-01-18,mimi_zanna,"meanwhile me trying to copy what u just said, lmao, it's so cute",2023-01-21
3189,anunu.kr_2023-01-18,makingofkevin,ㅋㅋㅋㅋㅋㅋㅋㅋㅋㅋㅋㅋㅋㅋㅋㅋㅋㅋㅋㅋㅋㅋㅋㅋㅋㅋ,2023-01-20
3190,anunu.kr_2023-01-18,dj__ming,오빠.... 저 웅니 진짜 당황한듯,2023-01-19
3191,anunu.kr_2023-01-18,dddamchae,영상 내리세요,2023-01-19
3192,anunu.kr_2023-01-18,martharojaass,Bello 😍😍😍,2023-01-19
3193,anunu.kr_2023-01-18,mhrk_o9,おいしくなーれ🫶🏻,2023-01-18
3194,anunu.kr_2023-01-18,hojini_96,모에모에 뀽!🌟,2023-01-18
3195,anunu.kr_2023-01-18,moe.thxx,ヌヌさんのおかげでおいしくなりました😉,2023-01-18
3196,anunu.kr_2023-01-18,0__ask,きゅん😮‍💨💖,2023-01-18
3197,anunu.kr_2023-01-12,short_for_michelle,Try 🌈 Skittles 🙂,2023-07-19
3198,anunu.kr_2023-01-12,rebey_reb,😂😂,2023-03-16
3199,anunu.kr_2023-01-12,hud_dhsw8361,보기만 해도 이빨 시려워요,2023-02-25
3200,anunu.kr_2023-01-12,shahin.bzm,"Hi, I need a foreign friend who can speak english",2023-01-25
3201,anunu.kr_2023-01-12,sakura.alaa,Omg my teeth,2023-01-17
3202,anunu.kr_2023-01-12,patricia_yano,😂😂😂😂,2023-01-14
3203,anunu.kr_2023-01-12,magically_iridescent,Lol that was NOT a Jolly Rancher haha 🤣,2023-01-14
3204,anunu.kr_2023-01-12,5ad_j2,❤️😋,2023-01-13
3205,anunu.kr_2023-01-12,al.park.ca_,졸리랜처 궁금하다,2023-01-12
3206,anunu.kr_2023-01-11,rebey_reb,😮😮,2023-03-16
3207,anunu.kr_2023-01-11,karoline.trancoso,More practical open and eat 😂,2023-02-21
3208,anunu.kr_2023-01-11,i_somip,한국인이 맞으면 손에 있는거 빼고 손으로 먹고 빨아야 제맛,2023-02-10
3209,anunu.kr_2023-01-11,jungwoon0210,손에 묻은 뿌시레기 빨아먹는 맛이 있는뎅......,2023-01-18
3210,anunu.kr_2023-01-11,minseogsong79,누가 과자 먹는데 가위까지..,2023-01-14
3211,anunu.kr_2023-01-11,sunny.n.jhonny,@hajin.gomo 자기야,2023-01-14
3212,anunu.kr_2023-01-11,cuz_of_you_,뭐든 과자는 손에 묻히고 먹다가 마무리는 손 빨아먹는게 국룰이죵👏,2023-01-12
3213,anunu.kr_2023-01-11,sinem_emre_dirlik,Parmakların kirlenmeyince tadı çıkmaz 😂,2023-01-11
3214,anunu.kr_2023-01-11,jian._.36,꼬깔콘은 손에 꽂아서 먹어야 맛있음,2023-01-11
3215,anunu.kr_2023-01-11,10grammm,차라리 젓가락으로 먹는건 어때요?,2023-01-11
3216,anunu.kr_2023-01-10,hud_dhsw8361,먹스나 님이랑 친해요?,2023-02-25
3217,anunu.kr_2023-01-10,1eseohyn,석류 까는데 한 세월이예요..,2023-02-15
3218,anunu.kr_2023-01-10,btsv1201,什么时候会更新抖音😢,2023-01-14
3219,anunu.kr_2023-01-10,mana_chan8,Wow,2023-01-11
3220,anunu.kr_2023-01-10,takavaya.art,😮👏😂,2023-01-10
3221,anunu.kr_2023-01-03,rebey_reb,😂😮,2023-03-16
3222,anunu.kr_2023-01-03,rebey_reb,😂😂😮😂😮,2023-03-16
3223,anunu.kr_2023-01-03,rebey_reb,😮😮,2023-03-16
3224,anunu.kr_2023-01-03,hud_dhsw8361,그거 따뜻해야 녹으면서 실이 낳오는 거에요,2023-02-25
3225,anunu.kr_2023-01-03,kim_nayyn_,혹시 진로 광고에 나왔어요?,2023-01-20
3226,anunu.kr_2023-01-03,magically_iridescent,You need a blender like the Ninja which produces heat really well. You can even make soup in them that once fully blended will be hot and ready for consumption.,2023-01-04
3227,anunu.kr_2023-01-03,seattle_ish,You need heat,2023-01-04
3228,anunu.kr_2022-12-10,nicolmic0l,Para eso utilizo una piedra y me ahorro $$ 😂,2023-05-10
3229,anunu.kr_2022-12-10,alish.ekka.39,😂😂😂😂😂😂😂,2023-03-13
3230,anunu.kr_2022-12-10,_sultan7nn,Kafana vur belki işe yarar yada ceviz kır,2023-02-23
3231,anunu.kr_2022-12-10,maanu_414,😂😂,2022-12-14
3232,anunu.kr_2022-12-10,viitoria.sobrinho,😂,2022-12-13
3233,anunu.kr_2022-12-10,gahxunol,마지막에 얼핏보면 고구마로 때리는것 같아여ㅋㅋ,2022-12-11
3234,anunu.kr_2022-12-10,martafariajask,😂😂,2022-12-10
3235,anunu.kr_2022-12-10,de.nice7658,😍😍😍😍,2022-12-10
3236,anunu.kr_2022-12-10,klauanaalbuquerq,😂😂😂,2022-12-10
3237,anunu.kr_2022-12-10,intxz11.11,cute boy😞💗,2022-12-10
3238,anunu.kr_2022-12-10,nityasingh2668,😂😂😂😂😂🤦🏻‍♀️🤦🏻‍♀️,2022-12-10
3239,anunu.kr_2022-12-10,hyoku_,ㅈ이..츄..,2022-12-10
3240,anunu.kr_2022-12-10,geetavali,😂😂😂😂,2022-12-10
3241,anunu.kr_2022-12-10,asoo_riad,😂😂emotion,2022-12-10
3242,anunu.kr_2022-12-10,loooookooooon,즐즐즐즐,2022-12-10
3243,anunu.kr_2022-12-10,gangduweon85,😇,2022-12-10
3244,anunu.kr_2022-12-10,hp_makeup.kr,"투게더,,",2022-12-10
3245,anunu.kr_2022-12-08,alish.ekka.39,😲😲😲Wow,2023-03-13
3246,anunu.kr_2022-12-08,hud_dhsw8361,다이아몬드....인데 처음거는,2023-02-25
3247,anunu.kr_2022-12-08,msh_0406,비싼돌로 다시해주세요,2023-01-15
3248,anunu.kr_2022-12-08,liviamadaa,Every igneous and metamorphic rock can do that. And crystals originate from metamorphic or igneous rocks,2022-12-21
3249,anunu.kr_2022-12-08,i.need_.sugar,이게 무슨 돌일까요..,2022-12-20
3250,anunu.kr_2022-12-08,narin__2_2,انته حلو يولد,2022-12-08
3251,anunu.kr_2022-12-08,ks_armyyy_08,😂😂😂,2022-12-08
3252,anunu.kr_2022-11-25,_xishou,@sunbean11_9 이고여 ㅋㅋㅋㅋ,2023-02-22
3253,anunu.kr_2022-11-25,ilariamps,가죠 에 패페,2022-11-29
3254,anunu.kr_2022-11-25,nothnwithouturluv613juno00echo,Who's that white guy tho?,2022-11-25
3255,anunu.kr_2022-11-25,tatiwae3713,Yummy???,2022-11-25
3256,anunu.kr_2022-11-25,antharesz,cheese and black pepper ❤️,2022-11-25
3257,anunu.kr_2022-11-21,hud_dhsw8361,약과가 크넹,2023-02-25
3258,anunu.kr_2022-11-21,morozinko,President- made in Ukraine 🇺🇦,2022-11-22
3259,anunu.kr_2022-11-21,twofiveten,약과에 빠진게 이거엿네,2022-11-21
3260,anunu.kr_2022-11-21,1992.02.25,ㅋㅋㅋㅋㅋㅌ😂,2022-11-21
3261,anunu.kr_2022-11-21,ye._.chan0,으악 혈관막힐거같아여ㅛ😢,2022-11-21
3262,anunu.kr_2022-11-21,daniel___jeong,대충 400칼로리..?,2022-11-21
3263,anunu.kr_2022-11-21,vatson.21,😂😂😂😂😂😂😂,2022-11-21
3264,anunu.kr_2022-11-17,cnsl._.grl,It was the sweetest eating style I've ever seen in my life. 😍,2023-03-11
3265,anunu.kr_2022-11-17,hud_dhsw8361,얼리면 짱일듯 하네용,2023-02-25
3266,anunu.kr_2022-11-17,nickqueenofmeme,Hello 👋,2022-11-24
3267,anunu.kr_2022-11-17,6060jeje,오빠 일본이야??,2022-11-19
3268,anunu.kr_2022-11-17,osmanthus.365,なめらかプリンも美味しいよー！！！🥰🥰,2022-11-18
3269,anunu.kr_2022-11-17,rms_smr,なめらかプリン、焼きプリンも食べてもらわないと！,2022-11-18
3270,anunu.kr_2022-11-17,hanmiyeong_613,🧐😋😋😋🤩,2022-11-18
3271,anunu.kr_2022-11-17,voicicequejai,Yum yum,2022-11-17
3272,anunu.kr_2022-11-17,eunwo_wi,are you Japanese??,2022-11-17
3273,anunu.kr_2022-11-17,twofiveten,夢のように,2022-11-17
3274,anunu.kr_2022-11-17,hiii95,おすすめのプリン！食べてくれてありがとう😆🐄🥄,2022-11-17
3275,anunu.kr_2022-11-17,12y._.k,これは逆さまにしないでそのまま食べるプリンです😂,2022-11-17
3276,anunu.kr_2022-11-17,eva7zgz,It looks like fresh cheese or it's yogurt,2022-11-17
3277,anunu.kr_2022-11-04,eslemsultanyldz0910,Cok guzel yiyiyorsunuz😍,2022-12-13
3278,anunu.kr_2022-11-04,mz_m1zk,かっわいい🥹,2022-12-04
3279,anunu.kr_2022-11-04,tonraq,Why does he give me Hobi vibes,2022-11-17
3280,anunu.kr_2022-11-04,a.rezo1300,You are beautiful and sweet,2022-11-06
3281,anunu.kr_2022-11-04,mi220ko68,北海道！千歳空港から帰りますかね？会えるー！笑,2022-11-06
3282,anunu.kr_2022-11-04,aj_cherryblossom,Oh i love those things,2022-11-05
3283,anunu.kr_2022-11-04,twoo.virs,❤️Now I go to the convince store to buy it again lol 😂,2022-11-05
3284,anunu.kr_2022-11-04,b_20034b,Wow😮😋❤,2022-11-04
3285,anunu.kr_2022-11-04,thisiscat_owo,@likelightmeetsdark 존나 잘생겼다,2022-11-04
3286,anunu.kr_2022-11-04,cummingsalicia46,Hi is that a Custard Flan?😍,2022-11-04
3287,anunu.kr_2022-11-04,nikath_fathima_6,😍,2022-11-04
3288,anunu.kr_2022-11-04,_twinkletwinklewisely,앗!! 내 최애 푸딩!!!🍮🍮🍮,2022-11-04
3289,anunu.kr_2022-11-04,eunwo_wi,How much it😂😂😂😂😂😂😂,2022-11-04
3290,anunu.kr_2022-11-04,han_jiyoon___,순간 불펍인줄 알았음,2022-11-04
3291,anunu.kr_2022-11-04,ks_armyyy_08,Yummy😂,2022-11-04
3292,anunu.kr_2022-11-04,tognu0,セイコーマートのカツ丼🍚,2022-11-04
3293,anunu.kr_2022-11-04,"ソフトクリーム🍦
hiii95",日本のジャージー牛乳プリン知ってる？🐄おすすめです💕,2022-11-04
3294,anunu.kr_2022-10-26,nicolmic0l,Su concentracion para lavar la fruta 🤣💖💖🙈,2023-05-10
3295,anunu.kr_2022-10-26,hud_dhsw8361,줄기도 먹는 엄마 엄마는 못먹는거 없음,2023-02-25
3296,anunu.kr_2022-10-26,trissijunta,Apasih enaknya kok family aku nanem aroma nya langu gitu ya,2023-01-05
3297,anunu.kr_2022-10-26,nadhbeaute,Pen coba,2023-01-02
3298,anunu.kr_2022-10-26,___ds.96_________,😂😂😂😂😂😂😂😂😂😂,2022-12-27
3299,anunu.kr_2022-10-26,doudou.3748,كليتو حتى الفيران والخفافيش جاتك على هاذي متمسخرش😑,2022-12-27
3300,anunu.kr_2022-10-26,violetnhie,"Buah yg bener"" enakk.. Buah tin 😍😍",2022-12-26
3301,anunu.kr_2022-10-26,amilyarvt,Buah tin,2022-12-25
3302,anunu.kr_2022-10-26,dewi_yul.a,무화과는 이슬람교에 따르면 천국에 있는 과일 중 하나입니다.,2022-12-25
3303,anunu.kr_2022-10-26,yvefitria,@dalezwisang,2022-12-25
3304,anunu.kr_2022-10-26,rafa.rafiumi,Alhamdulillah aq punya pohonnya..,2022-12-25
3305,anunu.kr_2022-10-26,intansalsa__,Bengkoen ira bede @sathiyratul.ira 😂,2022-12-24
3306,anunu.kr_2022-10-26,betysurya_,@diikadik,2022-12-24
3307,anunu.kr_2022-10-26,cizko_delfia,😂,2022-12-23
3308,anunu.kr_2022-10-26,nhaa.9924,"Buah surga, tapi gk tau rasa nyh, penasaran bangetttttt",2022-12-23
3309,anunu.kr_2022-10-26,jill03__,Gak sama cangkangnya juga maemunah. Pait,2022-12-23
3310,anunu.kr_2022-10-26,cho_cholate_0,하늘의 열매다,2022-12-23
3311,anunu.kr_2022-10-26,miss.tyas,Ya gak gitu juga Bambang 😂,2022-12-23
3312,anunu.kr_2022-10-26,nabilaarosalita,Thats really sweet and delicioussss,2022-12-23
3313,anunu.kr_2022-10-26,aprilamarisaa,😂😂😂,2022-12-23
3314,anunu.kr_2022-10-26,nattyismyname,I’m allergic to these,2022-12-23
3315,anunu.kr_2022-10-26,tuitiffyi,🤮🐛🐛,2022-12-23
3316,anunu.kr_2022-10-26,ann19.2,وين الغريب فالموضوع؟,2022-12-23
3317,anunu.kr_2022-10-26,mimo.8304,ايش الغريبب تين؟؟,2022-12-23
3318,anunu.kr_2022-10-26,c.cri._.07,"if the peel is light u can eat them like this, but most of the time u have to peel them",2022-12-23
3319,anunu.kr_2022-10-26,gimeungyeong1029,😮왜 못함? 한입에 때려넣어~~~~~~,2022-12-23
3320,anunu.kr_2022-10-26,lutvifrilia,Omg😂😂😂😂,2022-12-22
3321,anunu.kr_2022-10-26,istiyanaeva,Buah tin,2022-12-22
3322,anunu.kr_2022-10-26,luly.a,Wait until you see worms inside 😂😂,2022-12-22
3323,anunu.kr_2022-10-26,1.iiraa,بالعافية,2022-12-22
3324,anunu.kr_2022-10-26,yesikaaaaa,@sibungbung cobain buah ini dong kak,2022-12-22
3325,anunu.kr_2022-10-26,julianachaipos_,You can literally eat the outside of most fruit,2022-12-22
3326,anunu.kr_2022-10-26,flonats19,😂😂😂😂😂,2022-12-22
3327,anunu.kr_2022-10-26,grifits_01,😂😂😂,2022-12-22
3328,anunu.kr_2022-10-26,aysel.atan,Kurt vardır kurttt bakıp da yiyinnn 🐛,2022-12-21
3329,anunu.kr_2022-10-26,alotofsea,@s_0321_r 헥 무화과 먹고싶다,2022-12-21
3330,anunu.kr_2022-10-26,arie_label,U tau ngak kalau buah itu ada dalam al-quran dan buah itu nanti akan ada di surga..,2022-12-21
3331,anunu.kr_2022-10-26,javi_azul_,Figs are so delicious! 🤤 Those are huge!,2022-12-21
3332,anunu.kr_2022-10-26,najanajudix,Melhor coisa é Figo em calda,2022-12-21
3333,anunu.kr_2022-10-26,rociopereyra.97,aqui no se come con cáscara ... Se lo pela al higo 🤭🤭,2022-12-21
3334,anunu.kr_2022-10-26,thaakiyah.essa,Your fig wasn’t ripe enough yet 😅,2022-12-21
3335,anunu.kr_2022-10-26,marrdavoyannn,Так едят инжир как будто это что-то странное и новок,2022-12-20
3336,anunu.kr_2022-10-26,_.merey._05,инжир 😍,2022-12-20
3337,anunu.kr_2022-10-26,deviyanicita,Mirip B.I,2022-12-20
3338,anunu.kr_2022-10-26,triwahyulistia,buah tin,2022-12-20
3339,anunu.kr_2022-10-26,nehir_andacc,Bende hep kabuklu yerim,2022-12-20
3340,anunu.kr_2022-10-26,siti.nxy,😂😂😂😂,2022-12-20
3341,anunu.kr_2022-10-26,julianagmb,Figo é a flor/fruta mais gostosa 🤤😍🇧🇷,2022-12-10
3342,anunu.kr_2022-10-26,areumjelly,Yes you supposed to eat outside,2022-12-02
3343,anunu.kr_2022-10-26,bonozz,@ss4870,2022-11-26
3344,anunu.kr_2022-10-26,shashaseungyeon,저는 통으로 우걱우걱 먹어요,2022-11-18
3345,anunu.kr_2022-10-26,sarahnr_a,😂😂😂😂😂😂😂😂😂😂😂😂😂,2022-11-16
3346,anunu.kr_2022-10-26,hyeongu9026,@bo_1012 내가 유일하게 좋아하는 과일 ㅋㅋㅋㅋ,2022-11-11
3347,anunu.kr_2022-10-26,7world_raon,무화과 맛있어요~,2022-11-07
3348,anunu.kr_2022-10-26,jrz___bratsee,"Come into the personal account, please🥺🥺😪",2022-11-02
3349,anunu.kr_2022-10-26,rosakethlin,Figo?,2022-11-02
3350,anunu.kr_2022-10-26,juahaircafe,줄기에서 나오는 하얀 찐많이먹으면... 혀가 살짝 마비되서 안먹는게좋음 ㅋㅋ,2022-10-30
3351,anunu.kr_2022-10-26,tteok_wk,저희 부모님이 무화과 농사 지셔서 저두 무화과 자주 먹는데 줄기는 쓴데다 무화과 줄기에서 나오는 하얀 것을 찐이라고 하는데 줄기엔 찐이 많이 있어서 못먹어요.. 찐이 입 안에 많이 묻으면 입 안이 헐어요ㅠㅠ,2022-10-29
3352,anunu.kr_2022-10-26,your.boy.wonder,yeah take out that stem it's bitter and too hard,2022-10-28
3353,anunu.kr_2022-10-26,santos.luciana.374,😂😂😂😂😂😂,2022-10-28
3354,anunu.kr_2022-10-26,ayjamal0206,Обожаю инжир😍❤️🔥,2022-10-28
3355,anunu.kr_2022-10-26,sskypieaa,Did you know Wasps pollinate those fruits? In every fruit theres a dead wasp lol (obviously it dissolves in the fruit),2022-10-28
3356,anunu.kr_2022-10-26,kaho_mentaiko,한번 살짝 따뜻한 물에 넣는게 좋아요~ 배 아파질지도 몰라요💦,2022-10-27
3357,anunu.kr_2022-10-26,hj_byeon83,오잉!? 우리집은 껍질도 까서 먹는데요!,2022-10-27
3358,anunu.kr_2022-10-26,kitchenprincess69,they hadnt eaten figs ?,2022-10-27
3359,anunu.kr_2022-10-26,haneen.she22,Figs are delicious but not eaten like this 😂,2022-10-26
3360,anunu.kr_2022-10-26,cocoqooqoo,줄기는.....놉,2022-10-26
3361,anunu.kr_2022-10-26,subtly_pretty_,줄기를 어떻게 먹어?,2022-10-26
3362,anunu.kr_2022-10-26,yoni_2303,🤭,2022-10-26
3363,anunu.kr_2022-10-26,lilis.mardiyah,🤣🤣🤣 are you very hungry oppa ??,2022-10-26
3364,anunu.kr_2022-10-26,tjdtkdrb_8387,전 가능요 전 무화과 씻고 다 먹어요 ㅎㅎ,2022-10-26
3365,anunu.kr_2022-10-26,hojini_96,으악 줄기를 어찌..호호😢,2022-10-26
3366,anunu.kr_2022-10-24,dmswl4920,안녕하세요! 저건 이름이 뭔가요?????,2023-01-08
3367,anunu.kr_2022-10-24,jhya121210,❤️❤️❤️❤️,2022-11-30
3368,anunu.kr_2022-10-24,jammy_ot07,😍,2022-10-26
3369,anunu.kr_2022-10-24,al.park.ca_,플레이팅 꿀템이겠다 ㅋㅋ,2022-10-24
3370,anunu.kr_2022-10-24,magically_iridescent,I think that’s to take the core out lol,2022-10-24
3371,anunu.kr_2022-10-24,gangduweon85,🍎,2022-10-24
3372,anunu.kr_2022-10-16,kim_hibe_jonan,❤️❤️❤️❤️❤️انك خطير ❤️❤️❤️❤️,2023-06-04
3373,anunu.kr_2022-10-16,camisborgs,"Tão bonito, eu jurava que ia ser bom",2023-05-01
3374,anunu.kr_2022-10-16,b_better_s,@yoon_nyang_,2022-12-29
3375,anunu.kr_2022-10-16,yunsea._.sea,코스트코!,2022-12-24
3376,anunu.kr_2022-10-16,md_jameel_b,Osm ❤️❤️,2022-12-16
3377,anunu.kr_2022-10-16,ojeito_da_gente,😂😂😂😂😂😂😂😂😂,2022-12-13
3378,anunu.kr_2022-10-16,_karabrk_,we make it for your food🤢,2022-12-11
3379,anunu.kr_2022-10-16,_karabrk_,😂😂😂,2022-12-11
3380,anunu.kr_2022-10-16,rebekahhonhaga,The Simpsons music got me😍😍,2022-12-09
3381,anunu.kr_2022-10-16,kilim01241004,@jihee_1225 생일때 사주려했더니 맛없나벼..패스,2022-11-03
3382,anunu.kr_2022-10-16,shrx__08,😂😂😂,2022-11-02
3383,anunu.kr_2022-10-16,c__n_yung,@nxm.go_en,2022-10-30
3384,anunu.kr_2022-10-16,6wynie,Idk about y’all but when I see food/snacks in that type of packaging it would either taste like cardboard or just plain disgusting,2022-10-25
3385,anunu.kr_2022-10-16,99.02._01,@comply_k,2022-10-20
3386,anunu.kr_2022-10-16,ddddnjri,@j.hxxn 재훈재흐ㅜㄴ!!!!!!!이거너무 갖고싶어!!!!!!!!!!!!!,2022-10-20
3387,anunu.kr_2022-10-16,dbwjd826,@kkj8656 나중에 트레이너스 파면 이거먹을래염,2022-10-20
3388,anunu.kr_2022-10-16,mluanastevens,Lol,2022-10-19
3389,anunu.kr_2022-10-16,dodadodi,😂😂😂😂😂,2022-10-18
3390,anunu.kr_2022-10-16,mharris5151,@ewalk42 😍,2022-10-18
3391,anunu.kr_2022-10-16,xdxjxox,😂,2022-10-17
3392,anunu.kr_2022-10-16,_annn.ji,@sssssdyyyy 오호,2022-10-17
3393,anunu.kr_2022-10-16,stephaniekimchi,ヲヲヲヲヲヲ 사죄함미다 σ̴̶̷̤ . σ̴̶̷̤ ♡,2022-10-17
3394,anunu.kr_2022-10-16,helloesther,Kkkkkk o medo de ser ruim se concluiu,2022-10-17
3395,anunu.kr_2022-10-16,soy_isa_55,Jaja pero s se veía rico,2022-10-17
3396,anunu.kr_2022-10-16,ansel.lev,Cute,2022-10-17
3397,anunu.kr_2022-10-16,klauanaalbuquerq,😂😂😂😂,2022-10-17
3398,anunu.kr_2022-10-16,ms_sakura_xo_htx,This is bad result lol,2022-10-17
3399,anunu.kr_2022-10-16,heydjplay,it looked so good tho 😫,2022-10-17
3400,anunu.kr_2022-10-16,heydjplay,the laugh i let out-,2022-10-17
3401,anunu.kr_2022-10-16,azeaki,@erixxi_,2022-10-17
3402,anunu.kr_2022-10-16,flavianeliam,😂😂😂😂,2022-10-16
3403,anunu.kr_2022-10-16,fatboyslim200689,5555,2022-10-16
3404,anunu.kr_2022-10-16,hyunnnnnnn.ds,😂😂,2022-10-16
3405,anunu.kr_2022-10-16,eva7zgz,Ñam ñam,2022-10-16
3406,anunu.kr_2022-10-16,s.shi1220,美味しいかと思った〰️😆 これもダメなんだ🤭,2022-10-16
3407,anunu.kr_2022-10-16,kakossinka,это фиаско чувак 😂,2022-10-16
3408,anunu.kr_2022-10-16,kakossinka,😂😂😂,2022-10-16
3409,anunu.kr_2022-10-16,asoo_riad,😂🥺,2022-10-16
3410,anunu.kr_2022-10-14,yui_tv,우유 타야 맛있어요 위에 휘핑크림 올리면 2배 더 맛있어요😍😍😍😍😍,2023-07-24
3411,anunu.kr_2022-10-14,pmintyminty,😂😂😂,2023-05-02
3412,anunu.kr_2022-10-14,camisborgs,Chocolate com café é perfeito,2023-05-01
3413,anunu.kr_2022-10-14,hud_dhsw8361,울 파파는 손으로 커피 만드눈뎅 가지고 싶다,2023-02-25
3414,anunu.kr_2022-10-14,danii.noh,😂😂😂😂,2023-01-26
3415,anunu.kr_2022-10-14,yu_eun_seo0509,예시 영생은 초콜릿 주변이 막혀있어서 안새는거에욜!,2023-01-11
3416,anunu.kr_2022-10-14,senjaahujan,😂😂😂,2022-12-27
3417,anunu.kr_2022-10-14,ojeito_da_gente,😂😂😂😂😂😂😂😂,2022-12-13
3418,anunu.kr_2022-10-14,o.m_ing,@onessunpart2 이런 거 파는 것은 앖데찌@ㅜㅜ,2022-12-01
3419,anunu.kr_2022-10-14,surugi_523,@boong_o_coffee 이거해듀바,2022-11-27
3420,anunu.kr_2022-10-14,sarahnr_a,😂😂😂😂😂😂,2022-11-16
3421,anunu.kr_2022-10-14,yeseo._.09250,허쉬나 가나로 해보세오 잘된대오!!,2022-10-26
3422,anunu.kr_2022-10-14,y0.rzm,아누누님 허쉬여,2022-10-17
3423,anunu.kr_2022-10-14,damin.art,@siwonfilm 내가 만들게 마셔봐,2022-10-17
3424,anunu.kr_2022-10-14,y2._.rxn,뛰는 거 왜케 산뜻해요 ㅋㅋㅋ,2022-10-16
3425,anunu.kr_2022-10-14,leesora87,"한국 초콜렛은 초콜릿가공품이라 녹는점이 높아요, 카카오버터 함량이 높고 얇은 초콜렛으로 하셔야 성공합니다 ㅎ (로즈초콜렛으로 해보고싶다...)",2022-10-16
3426,anunu.kr_2022-10-14,__3xvon,초콜릿 겉에 테두리 있는걸로 해야 돼요 .ᐟ ❤️😂,2022-10-15
3427,anunu.kr_2022-10-14,look4yin,lol,2022-10-15
3428,anunu.kr_2022-10-14,martafariajask,😂😂😂😂,2022-10-15
3429,anunu.kr_2022-10-14,mimi_zanna,that face that u made at the end 😂😂😂,2022-10-15
3430,anunu.kr_2022-10-14,fabbiospatti,Why? 🇮🇹😂,2022-10-15
3431,anunu.kr_2022-10-14,glorya.on.off,😂😂😂,2022-10-15
3432,anunu.kr_2022-10-14,elliepark67,우유!!!!!!!!,2022-10-14
3433,anunu.kr_2022-10-14,s.shi1220,おもしろい～😂 楽しい気分にさせてくれてkamusahamunida🤗🤗,2022-10-14
3434,anunu.kr_2022-10-14,karly_diary,You need to add some milk lol kkk,2022-10-14
3435,anunu.kr_2022-10-14,sohee9ark,허쉬오 해야합니다앙,2022-10-14
3436,anunu.kr_2022-10-14,cherish_5203,오빠 허쉬초콜릿으로 해야 해요!!,2022-10-14
3437,anunu.kr_2022-10-14,jacquelinaann,LOL the cute little run,2022-10-14
3438,anunu.kr_2022-10-14,asoo_riad,네가 초콜릿 냄새가 나는 것 같아.😂😍,2022-10-14
3439,anunu.kr_2022-10-14,lygeun,와 이거 해보고싶었는데👏👏,2022-10-14
3440,anunu.kr_2022-10-14,mizzpinkiee,😂,2022-10-14
3441,anunu.kr_2022-10-14,bihruzesultann,😂😂😂,2022-10-14
3442,anunu.kr_2022-10-14,june_kochaphan,😂😂😂,2022-10-14
3443,anunu.kr_2022-10-11,als.__.als,@ki_earth_earth,2023-01-22
3444,anunu.kr_2022-10-11,seomkyung,@h.e.e.j.o.o,2023-01-07
3445,anunu.kr_2022-10-11,chae_kite57,@soo_k00 하이디라오 존버...,2022-12-27
3446,anunu.kr_2022-10-11,x__xul,@mym2l5dy 바로고,2022-12-19
3447,anunu.kr_2022-10-11,johx01,Ohhhh he showed not to use white soup use red soup,2022-12-18
3448,anunu.kr_2022-10-11,_ayesha_pearls_,Find the differences,2022-12-18
3449,anunu.kr_2022-10-11,_snehalatha_03,Use small bowl that's the difference 🙄,2022-12-18
3450,anunu.kr_2022-10-11,chintya_idy25,Beda di kuah nyaaa,2022-12-17
3451,anunu.kr_2022-10-11,casey01._,The difference is the soup👏🏻,2022-12-15
3452,anunu.kr_2022-10-11,sep16.st,@7xkxkcknrj 이거냠냠해봄??,2022-12-15
3453,anunu.kr_2022-10-11,ilubdbk,Oh the soup is different,2022-12-15
3454,anunu.kr_2022-10-11,____jmy,@jjua._.ibeauty 토마토탕 러버님 이거 드셔보셧나요?,2022-12-14
3455,anunu.kr_2022-10-11,hyun_alpha98,@eunzi.zip 공부할게 많군,2022-12-13
3456,anunu.kr_2022-10-11,fbsuauiq1k,@dear_nayoung_ 나 시험끝나면 너랑 홍대가서 하이디라오가고 어썸갈래…..,2022-12-13
3457,anunu.kr_2022-10-11,jinodhkd,@fea1228,2022-12-12
3458,anunu.kr_2022-10-11,iuhiugj,@haydenkong_ @tohxb so we can ask for free egg or what?!!! Omg,2022-12-11
3459,anunu.kr_2022-10-11,aliceamy5555,🤤😋❤️,2022-12-09
3460,anunu.kr_2022-10-11,czt1109,@pye99 我还想知道有什么差别 结果看到comment,2022-12-09
3461,anunu.kr_2022-10-11,9_1408,@joourdejoie 미친 아이디어,2022-12-08
3462,anunu.kr_2022-10-11,yub.__.02,@gmlwls.0.1 우리 아무래도 가야겟음…,2022-12-07
3463,anunu.kr_2022-10-11,lawerzhang,Korean culture be like,2022-12-06
3464,anunu.kr_2022-10-11,sodden.paper,@yopizzang 훠궈머구러가자,2022-12-05
3465,anunu.kr_2022-10-11,dalchong_kim,@orzrory 앗 아라야 실패다 토마토탕에 계란 넣어야된대,2022-12-04
3466,anunu.kr_2022-10-11,babyang__,@linda840424 想喝蛋花湯,2022-12-04
3467,anunu.kr_2022-10-11,choaeo,@j._.barbie,2022-12-03
3468,anunu.kr_2022-10-11,mizinga_a,@hyunnziii,2022-12-03
3469,anunu.kr_2022-10-11,tori_pmn,@hong_2_v_ @yeon.z,2022-12-02
3470,anunu.kr_2022-10-11,dain_wang,@fffish.yu 要不要去吃海底撈,2022-12-01
3471,anunu.kr_2022-10-11,jieomi_0704,@do_kyeomi_0704 오케이 접수🙌,2022-12-01
3472,anunu.kr_2022-10-11,angel_tuanh,@_imboong_,2022-12-01
3473,anunu.kr_2022-10-11,chanbinnnim,@aaaaa_youngs 연극보고 한번 더 고 ??? 벌써 설렌다,2022-11-29
3474,anunu.kr_2022-10-11,wimpyindiankindasortaanadult,"Bruh, work on your cross positioning",2022-11-27
3475,anunu.kr_2022-10-11,yezzzzni,@doeun_ki,2022-11-27
3476,anunu.kr_2022-10-11,ra_nx35,"Guys, he meant the soup, not the egg things 🤌🏻",2022-11-27
3477,anunu.kr_2022-10-11,chup.__.chup,"In Vietnam, we call ""cloud soup"" 😂😂😂",2022-11-25
3478,anunu.kr_2022-10-11,______hippo,@amyas_peng 你看,2022-11-25
3479,anunu.kr_2022-10-11,am.1.14,@jzaehee @sunny4.29 세상에나 쿨타임 찼다,2022-11-23
3480,anunu.kr_2022-10-11,mini_09_01,@tytycy 這樣煮啦,2022-11-23
3481,anunu.kr_2022-10-11,peppazoe_,@__wendyyyr__ @yitzu_huang 突然想到你們🤣,2022-11-21
3482,anunu.kr_2022-10-11,bluemoonbit,Took me so long to figure out the difference 😭😭,2022-11-20
3483,anunu.kr_2022-10-11,sydneyliaw_,Let’s try it,2022-11-19
3484,anunu.kr_2022-10-11,167_zz,@ltyu__n11 @chenn_.18 這個,2022-11-19
3485,anunu.kr_2022-10-11,metrix__7,The difference is the soup. Egg is better in a tomato soup more than white soup,2022-11-19
3486,anunu.kr_2022-10-11,eva__0808,@cy2190,2022-11-16
3487,anunu.kr_2022-10-11,ha_kyeong0,@misun._.98,2022-11-14
3488,anunu.kr_2022-10-11,jousdzomr,@iamhaideeu ganto pala,2022-11-13
3489,anunu.kr_2022-10-11,hr_123_1,@haesoly2 생각나,2022-11-12
3490,anunu.kr_2022-10-11,awccaren,Bedanya apaan dah,2022-11-12
3491,anunu.kr_2022-10-11,swtyxo_ciii,Gw kira renjun😢,2022-11-11
3492,anunu.kr_2022-10-11,kp_armiie,ปญอ,2022-11-10
3493,anunu.kr_2022-10-11,cherry_cozygirl,@yumin.on,2022-11-10
3494,anunu.kr_2022-10-11,ifanabrlard_,sodara debm😭,2022-11-09
3495,anunu.kr_2022-10-11,syiva.aisyah,@evrytachristie cara pecahin telur di tomyum kita.haha,2022-11-09
3496,anunu.kr_2022-10-11,araulia.f,"In indonesia we say ""seblak"" its soooo good",2022-11-08
3497,anunu.kr_2022-10-11,mooon.ys,@zyxzero 지영아 내가 말한 거 이고,2022-11-08
3498,anunu.kr_2022-10-11,1.739m,@2.jxh0 @olo_ouo @sawnzzzn @eunseo_0429 @sori_25.3 @yeom_sh_2 @so_hyunnx34 가자,2022-11-07
3499,anunu.kr_2022-10-11,luo__1024,？,2022-11-06
3500,anunu.kr_2022-10-11,e.oo.ng,@thrxx_bbi,2022-11-06
3501,anunu.kr_2022-10-11,9.26h7,@abiteatthecherryrin,2022-11-06
3502,anunu.kr_2022-10-11,galihpanca,what the difference is???😮,2022-11-06
3503,anunu.kr_2022-10-11,lunzzh99,@xuzhiminn @babobebe_ @s.o.syeon 하이디라오,2022-11-06
3504,anunu.kr_2022-10-11,he2g,@treasure._.me,2022-11-06
3505,anunu.kr_2022-10-11,nhmnsw,Same thing 🙄,2022-11-06
3506,anunu.kr_2022-10-11,rzrizkika,apa bedanya njir,2022-11-06
3507,anunu.kr_2022-10-11,gna.k_,@jjanghye.__.10 보았능가 대한중국인..!,2022-11-05
3508,anunu.kr_2022-10-11,schwarmeleii,@ohlr__ 가자,2022-11-05
3509,anunu.kr_2022-10-11,oesnim720,@dmsco_qo_,2022-11-05
3510,anunu.kr_2022-10-11,_jjuni__,@ramwo0,2022-11-05
3511,anunu.kr_2022-10-11,yiwriter,@su_young1224 왜 이거는 안먹었는데 짜증나,2022-11-05
3512,anunu.kr_2022-10-11,danielaa.aar,es la misma mierda,2022-11-05
3513,anunu.kr_2022-10-11,hyeerin_0516,@sangwoo0523 우리 이거 나중에 해보쟈앙,2022-11-05
3514,anunu.kr_2022-10-11,amiskako._,我想吃海底撈@armani_ting @pipig_tzuyi @yu_yuan0922,2022-11-04
3515,anunu.kr_2022-10-11,susie_y_rene,귀국하고 첫 약속은 하이디라오다,2022-11-04
3516,anunu.kr_2022-10-11,charmbee_,@susie_y_rene 손꼽아기다림,2022-11-04
3517,anunu.kr_2022-10-11,microwavablenigga,what,2022-11-04
3518,anunu.kr_2022-10-11,minju._.mona,@2youme 담에 토마토에 이거 해먹자!!!,2022-11-04
3519,anunu.kr_2022-10-11,s2eolzi,@hi._.gyeongxx_,2022-11-04
3520,anunu.kr_2022-10-11,s2ungaaa,@im_jenie 언니.. 나 주거 ㅠ,2022-11-04
3521,anunu.kr_2022-10-11,chujizee,@je_s2y 이거래.. 와우,2022-11-03
3522,anunu.kr_2022-10-11,yxuxg__,@nana._.0814 에바,2022-11-03
3523,anunu.kr_2022-10-11,jeewoo.lee,@yk01140,2022-11-03
3524,anunu.kr_2022-10-11,q6o7z3,@na__olj 담엔 이거 ;;;🔥,2022-11-03
3525,anunu.kr_2022-10-11,yeji_o_o7,@s0xyn @jinee_l 매우 궁금합니다?,2022-11-03
3526,anunu.kr_2022-10-11,s.eohyeon,@kkoreandee ……….,2022-11-03
3527,anunu.kr_2022-10-11,bestsue78,@myname_is_milli,2022-11-03
3528,anunu.kr_2022-10-11,nihseyhnow,@lxx._.young 헉 이거봐,2022-11-03
3529,anunu.kr_2022-10-11,zzapaghetti_jjang,@time_pp0 훠궈훠궈... 토마토 탕 계란.. 접수,2022-11-03
3530,anunu.kr_2022-10-11,zacdu_kong,@ssia1106 ?,2022-11-03
3531,anunu.kr_2022-10-11,hi_peacce,@pparkfall 담에 해보자😮,2022-11-03
3532,anunu.kr_2022-10-11,ej.0220,@hji_myo 해봣어요?,2022-11-03
3533,anunu.kr_2022-10-11,ax3iord,토마토탕이라니 끔찍하다,2022-11-02
3534,anunu.kr_2022-10-11,jueun._.s,@jjang._.kong425 우어 이건 처음 봐 하디라 가야겠다..,2022-11-02
3535,anunu.kr_2022-10-11,gildon_5392,전완근 개좋네,2022-11-02
3536,anunu.kr_2022-10-11,hxssol,@_kimyeahn 이거다,2022-11-02
3537,anunu.kr_2022-10-11,wooooo_brother_2,@ahyole2 @__syeong_,2022-11-02
3538,anunu.kr_2022-10-11,s__unjung,@baebaeo_0 @eun0_lee 토마토탕 또 가야지..?🔥😋,2022-11-02
3539,anunu.kr_2022-10-11,moongs_tory,@s0_0011 도전하러가자,2022-11-02
3540,anunu.kr_2022-10-11,_x28.2x,這兩個哪裡不一樣？,2022-11-02
3541,anunu.kr_2022-10-11,sun_lee2ee,@ansalstjs1 다음엔 계란도 시켜야겠다,2022-11-02
3542,anunu.kr_2022-10-11,m1jun9.ee,@eumddddd 이것봐 짱 신박해,2022-11-02
3543,anunu.kr_2022-10-08,moo_ie88,아 저거 울집에도 있는데 아빠가 짱비싸서 아껴먹으래욬ㅋㅋ,2023-05-11
3544,anunu.kr_2022-10-08,hud_dhsw8361,집주소좀.....먹고싶다.....치사해,2023-02-25
3545,anunu.kr_2022-10-08,yooou__jin_,@ssumjun 먹고시퍼,2023-01-04
3546,anunu.kr_2022-10-08,dmsg_ml,@yzu_0zu 이고 모비딕에 ..?,2023-01-02
3547,anunu.kr_2022-10-08,wooxlixm,@anxbx_ 사줘,2022-12-23
3548,anunu.kr_2022-10-08,heee._.ii,@k1ngminyoung 내가 말한고ㅜ,2022-12-22
3549,anunu.kr_2022-10-08,yanzu1201,@oct_key01 秘书，三分钟查一下，这是什么好吃的，我要让它走进国门,2022-12-05
3550,anunu.kr_2022-10-08,dayeonggram,@aiaiai._.0 마딧겟다,2022-11-01
3551,anunu.kr_2022-10-08,hamna._virk,Microwave it,2022-10-24
3552,anunu.kr_2022-10-08,kiiimug,@yuuunsj 여븅 초코먹고시포,2022-10-20
3553,anunu.kr_2022-10-08,gangeun_2,@jung.sol.ny 언니 이거 먹어봤어…? 존맛일듯,2022-10-14
3554,anunu.kr_2022-10-08,liling989,@youxeung 이게 누텔라 과자중 젤 맛남 ㅠㅠ❤️,2022-10-13
3555,anunu.kr_2022-10-08,pbr.am,@c___min_s.eok 나 이거 먹고싶다요,2022-10-12
3556,anunu.kr_2022-10-08,blackkstar3,كلوها عدل واسكتوا,2022-10-12
3557,anunu.kr_2022-10-08,favruary27,@rekn0t 사조 자긔야,2022-10-11
3558,anunu.kr_2022-10-08,anuncx.v,그거 전자레인지에 조금 돌리면 초코가 녹아서 더 맛있어여!!,2022-10-10
3559,anunu.kr_2022-10-08,kach_yun,훔쳐먹으러 가야겠다,2022-10-10
3560,anunu.kr_2022-10-08,13x.an,오빠 전제레인지에 한번돌리면 더 꿀맛임,2022-10-10
3561,anunu.kr_2022-10-08,barbarraa28,#mahsaamini,2022-10-09
3562,anunu.kr_2022-10-08,flor_rras,😍😍😍😍,2022-10-09
3563,anunu.kr_2022-10-08,brnthecreator,Yaşasın ırkımız😍🤟🏻🇹🇷,2022-10-09
3564,anunu.kr_2022-10-08,s.shi1220,美味しそう😲見つけたら買おう❤️😋,2022-10-09
3565,anunu.kr_2022-10-08,shawn_issure,한입만요..,2022-10-09
3566,anunu.kr_2022-10-08,leroisme,마시멜로랑 먹으면 짱맛있겠어요,2022-10-09
3567,anunu.kr_2022-10-08,arav_bhatiya46,You look cute buddy!❣️,2022-10-09
3568,anunu.kr_2022-10-08,gulfiakanybekkyzy,Нельзя ли всё вместе съесть?,2022-10-09
3569,anunu.kr_2022-10-08,twofiveten,내꺼,2022-10-08
3570,anunu.kr_2022-10-08,kiki6rara,食べたい🥹🥹チョコ好き🍫😍😍,2022-10-08
3571,anunu.kr_2022-10-08,hojini_96,내가 만든 쿠끼이이이이이1이잉~~🍪,2022-10-08
3572,anunu.kr_2022-10-08,asoo_riad,There is no sweeter than you😍😂,2022-10-08
3573,anunu.kr_2022-10-08,rosita_fresita181102,So cute ❤️,2022-10-08
3574,anunu.kr_2022-10-08,_jjgw0n,좋아요1빠ㅠㅠ 오빠 사랑해요❤️❤️,2022-10-08
3575,anunu.kr_2022-10-02,annycerqueira__,😂😂,2023-02-11
3576,anunu.kr_2022-10-02,tais.eds,LoL,2022-12-25
3577,anunu.kr_2022-10-02,marila_mrm,😮❤️,2022-12-23
3578,anunu.kr_2022-10-02,rebekahhonhaga,😂😂😂😂,2022-12-09
3579,anunu.kr_2022-10-02,7world_raon,저 아내 흰거까지 다 먹어요~ㅎㅎㅎㅎㅎ,2022-11-07
3580,anunu.kr_2022-10-02,alvesshpedro,@pakitabr153_ @pakitabr153,2022-10-30
3581,anunu.kr_2022-10-02,itz.__abhi___,Can anyone call kaby please,2022-10-30
3582,anunu.kr_2022-10-02,password__thessscollld,You doing this so welll,2022-10-30
3583,anunu.kr_2022-10-02,hxllnr,과격한 마초남 아누누네요!,2022-10-30
3584,anunu.kr_2022-10-02,_nisaltfh,@mei.luvv @dzaky.ss,2022-10-28
3585,anunu.kr_2022-10-02,dthgcxsssfv,😢😢🔥🔥🔥🔥🔥🔥🔥🔥🔥🔥,2022-10-27
3586,anunu.kr_2022-10-02,_guxta_071,Só confio no gatinho,2022-10-27
3587,anunu.kr_2022-10-02,aa.er132145,ذا بنت ولا ولد,2022-10-24
3588,anunu.kr_2022-10-02,juanaldie,no skill,2022-10-24
3589,anunu.kr_2022-10-02,atutdainar17,@gadgetins bang ayo bang cobain ini😂😂😂,2022-10-24
3590,anunu.kr_2022-10-02,_i_m_ice_melt_me_,Pls like share & follow @shine.alps,2022-10-23
3591,anunu.kr_2022-10-02,3min_sem,@geo_nu263 뭔가 형이 보임 얼굴에서,2022-10-22
3592,anunu.kr_2022-10-02,yeonwo_oj,@jee.yc 아빠 이거 사줄까?,2022-10-21
3593,anunu.kr_2022-10-02,iaracalegari,"There is some tools much more easier to open a hole on the coconut ,but That is cool",2022-10-21
3594,anunu.kr_2022-10-02,mehulmistry_08,Why??,2022-10-20
3595,anunu.kr_2022-10-02,rohitlambani,Suniyo😂,2022-10-20
3596,anunu.kr_2022-10-02,ej_vie,@peulra8 어케 생각해 먹고난 후 저 표정,2022-10-20
3597,anunu.kr_2022-10-02,paulyigi,Useless,2022-10-19
3598,anunu.kr_2022-10-02,sdshit__,@fitrisetianingsih10 markicob,2022-10-19
3599,anunu.kr_2022-10-02,__im.prasanna__,@khaby00,2022-10-18
3600,anunu.kr_2022-10-02,djgovaa,Habibi Come To India😂,2022-10-18
3601,anunu.kr_2022-10-02,topik._,ihh lembek,2022-10-18
3602,anunu.kr_2022-10-02,abii_47_,Kajambar ookki 😹🔥,2022-10-17
3603,anunu.kr_2022-10-02,mukherjee_5517,Come to India...,2022-10-17
3604,anunu.kr_2022-10-02,manoj_kumar_maddie,Uncivilized era,2022-10-17
3605,anunu.kr_2022-10-02,ronykn,He should use somethin' sharp n long to open it easier 😢,2022-10-16
3606,anunu.kr_2022-10-02,yun06_25,@spaghetti.boy17,2022-10-16
3607,anunu.kr_2022-10-02,the__animator_._._,കരിക്ക് 🌴,2022-10-15
3608,anunu.kr_2022-10-02,andreakahing,Hammer it in an angle pro tip,2022-10-15
3609,anunu.kr_2022-10-02,d1yarbek.009,@dear_davron,2022-10-14
3610,anunu.kr_2022-10-02,its_tiinneeyy,"Bro just add condensed milk and ice on coconut water, it's so goos",2022-10-14
3611,anunu.kr_2022-10-02,joycekelyoliveira,😍,2022-10-14
3612,anunu.kr_2022-10-02,mariostevenminchala,"Las fuerza tiene mucho que ver, por eso el chinito no lo pudo hacer rápido....",2022-10-14
3613,anunu.kr_2022-10-02,chiu.maruu,kelapanya terlalu tua bang😂,2022-10-13
3614,anunu.kr_2022-10-02,samppong__,@boww_wwow 코코넛이 원래 저렇게 맛잇게 먹을수 잇는 과일이엇냐,2022-10-13
3615,anunu.kr_2022-10-02,febri_.ardiansyah,Kek anak tolol goblok👍,2022-10-12
3616,anunu.kr_2022-10-02,febri_.ardiansyah,Kek anak tolol,2022-10-12
3617,anunu.kr_2022-10-02,avyaannnn_,Children ☕️ come to India habibi,2022-10-12
3618,anunu.kr_2022-10-02,avyaannnn_,Children ☕️ come to India habibi,2022-10-12
3619,anunu.kr_2022-10-02,aidil_shade,Where you get that?,2022-10-11
3620,anunu.kr_2022-10-02,seesaisa,😂,2022-10-11
3621,anunu.kr_2022-10-02,rubi__hr,Agua fría de coco 👌🏽🌴,2022-10-11
3622,anunu.kr_2022-10-02,20sn06,Jesus loves you,2022-10-11
3623,anunu.kr_2022-10-02,grifits_01,😂😂😂😂,2022-10-11
3624,anunu.kr_2022-10-02,sunml3927,맛도업는거 ㅎㅎ,2022-10-11
3625,anunu.kr_2022-10-02,hongdae1231,발리 갈때 사야겠다😂,2022-10-10
3626,anunu.kr_2022-10-02,hongdae1231,발리 갈때 사야겠다😂,2022-10-10
3627,anunu.kr_2022-10-02,theresahyunji,@caathhhiiii,2022-10-10
3628,anunu.kr_2022-10-02,eunhye2573,wow 코코넛 good,2022-10-09
3629,anunu.kr_2022-10-02,hannnah_1028,@fence_93,2022-10-09
3630,anunu.kr_2022-10-02,zain_y_s,@d.ddahyun 이거 하나 장만해랔ㅋㅋㅋㅋ,2022-10-09
3631,anunu.kr_2022-10-02,zain_y_s,@d.ddahyun 이거 하나 장만해랔ㅋㅋㅋㅋ,2022-10-09
3632,anunu.kr_2022-10-02,jjung9345,저정도 팰거면 저 기구 아니어도 뚤어지겠는데...,2022-10-09
3633,anunu.kr_2022-10-02,flor_rras,😂😂😂😂😂,2022-10-09
3634,anunu.kr_2022-10-02,stephan.yyy.an,The paradise for my mom 😂,2022-10-09
3635,anunu.kr_2022-10-02,rosarosa_yun,@_brightbreezee_ 이거. .,2022-10-08
3636,anunu.kr_2022-10-02,ron._.y94,@ayeong7809 원래 망치까지 잇어야되구만 ㅋㅋㅋ,2022-10-08
3637,anunu.kr_2022-10-02,of.ixora,I need it,2022-10-08
3638,anunu.kr_2022-10-02,ditto_zack000,Sounds like he's doing it 💀💀💀,2022-10-08
3639,anunu.kr_2022-10-02,harry_qx,@yueekimjulia 이거 보니까 생각났는데 무이네에서 코코넛 시키면 뚜껑따다가 좔좔 흘리면 넘 아까웠어...🥥🥥,2022-10-07
3640,anunu.kr_2022-10-02,ellygbt,what kind of tool is that?,2022-10-07
3641,anunu.kr_2022-10-02,siun2014,오!!이게 진짜 뚤어지네용!!안에 과육도 먹을수 있공!❤️,2022-10-06
3642,anunu.kr_2022-10-02,priya_elango2,😍😍😍😍😂,2022-10-06
3643,anunu.kr_2022-10-02,ariadna.pinheiro_,@lightoh__ Genius 😂😂😂,2022-10-04
3644,anunu.kr_2022-10-02,jame_jera,😂😍,2022-10-04
3645,anunu.kr_2022-10-02,mi_na_yaa,So cute 😍😍,2022-10-03
3646,anunu.kr_2022-10-02,advocate_rita_official,so much effort😂😂😂😂😂,2022-10-03
3647,anunu.kr_2022-10-02,vanitasqxx,Прикольно>> но в России вряд ли найдёшь какос что бы проверить этот лайфхак Т-Т,2022-10-03
3648,anunu.kr_2022-10-02,santos.luciana.374,😂😂😂,2022-10-03
3649,anunu.kr_2022-10-02,_vanessasdc,😂😂,2022-10-03
3650,anunu.kr_2022-10-02,de.nice7658,😍😍😍,2022-10-02
3651,anunu.kr_2022-10-02,m.c.y.l.1004,책상도 같이 뚫리겠는데요?,2022-10-02
3652,anunu.kr_2022-10-02,mehendi_henna78,Eat coconut also .that white one .it will be very sweet,2022-10-02
3653,anunu.kr_2022-10-02,valee_romano16,😍😂,2022-10-02
3654,anunu.kr_2022-10-02,henrique_mirandamartins,easy to adapt lol it's smart 😂😂😂,2022-10-02
3655,anunu.kr_2022-10-02,eva7zgz,Jajaja... The face you put on... Giving to coconut 🥥,2022-10-02
3656,anunu.kr_2022-10-02,jin__a19,와우 코코넛을 이렇게 잘 뚫리다니ㅋㅋㅋㅋ 속이 시원해지는 느낌 이에여~😆😆💓,2022-10-02
3657,anunu.kr_2022-09-30,rainbow._.party,컴파운드 버터 드시지 마셔요,2023-06-22
3658,anunu.kr_2022-09-30,leylakaraca28_,Eli neden morarmis,2022-12-09
3659,anunu.kr_2022-09-30,sarahnr_a,😂😂😂🤢🤮,2022-11-16
3660,anunu.kr_2022-09-30,jennyyvieira,Quero ver qm vai lavar essa peneira kkkk,2022-10-19
3661,anunu.kr_2022-09-30,herankimchi,Why you eat that,2022-10-19
3662,anunu.kr_2022-09-30,sunyerkang,🤮,2022-10-17
3663,anunu.kr_2022-09-30,jennie_fixslayr,That reaction 😂😂😂,2022-10-16
3664,anunu.kr_2022-09-30,_esra_bilici_,"So, why? 😲",2022-10-16
3665,anunu.kr_2022-09-30,tanri_paramita,"Gw ga liat vdio ini kmren tapi gw cerdas, ga kek lu @iliosphoebey_",2022-10-15
3666,anunu.kr_2022-09-30,mami_son,냉장고에 넣어 굳어진 상태에서 하시면 잘되지싶네요,2022-10-12
3667,anunu.kr_2022-09-30,20sn06,Jesus loves you,2022-10-12
3668,anunu.kr_2022-09-30,8s9b_,"Butter is tasty with dates molasses, hony or jam",2022-10-11
3669,anunu.kr_2022-09-30,kirti574,"Now, wash it!",2022-10-11
3670,anunu.kr_2022-09-30,eshahussain15,Have fun cleaning that🤗.,2022-10-10
3671,anunu.kr_2022-09-30,whoknowsyou99,Am i the one who thought first butter is cheese?😃,2022-10-09
3672,anunu.kr_2022-09-30,koleksicdoriginal,Jadi Ingat @resep_inspirasi_debm,2022-10-09
3673,anunu.kr_2022-09-30,b_31.a,whats wrong with your hands,2022-10-09
3674,anunu.kr_2022-09-30,nysp____,@ewrgn,2022-10-09
3675,anunu.kr_2022-09-30,gunisha_1611,Why would you eat butter like that,2022-10-08
3676,anunu.kr_2022-09-30,j_c_j_2497,😂😂😂😂😂😂,2022-10-08
3677,anunu.kr_2022-09-30,pamelasaulit,🤢🤣🤣🤣,2022-10-07
3678,anunu.kr_2022-09-30,yuri_4001,그거 버터가 아니라 어떤치즈라고 하더라구요....허헣....,2022-10-03
3679,anunu.kr_2022-09-30,de.nice7658,😍😍😍😍😍😍😍,2022-10-01
3680,anunu.kr_2022-09-30,xingrenfotografa,😂😂😂😂😂🤢🤭😅😅🤣🤣,2022-10-01
3681,anunu.kr_2022-09-30,gangduweon85,😆😆😆😆😆😆,2022-10-01
3682,anunu.kr_2022-09-30,londonisswingin,Why is his hand so bruised??,2022-10-01
3683,anunu.kr_2022-09-30,lisaa_parkk_356,🙌😂😂😂ㅋㅋㅋㅋㅋㅋ,2022-10-01
3684,anunu.kr_2022-09-30,nal_2_da,ㅋㅋㅋㅋㅋ,2022-10-01
3685,anunu.kr_2022-09-30,0k___an,🔥😍,2022-10-01
3686,anunu.kr_2022-09-30,glorya.on.off,😍😍,2022-09-30
3687,anunu.kr_2022-09-24,hud_dhsw8361,그거 그냥 오레오 부시고 우유2스픈에다 전자레인지 1분에서2분이면 더 맛있고 부드러워요,2023-02-25
3688,anunu.kr_2022-09-24,80hyeah,@mandu_1016,2022-10-11
3689,anunu.kr_2022-09-24,moe.kafu,Perfumeだがな！！,2022-10-10
3690,anunu.kr_2022-09-24,starfleet_siot,퍼퓸클로젯이 더 신경쓰인다....,2022-10-07
3691,anunu.kr_2022-09-24,hz.eun5,응 애,2022-10-06
3692,anunu.kr_2022-09-24,alssl.0,@b.taeeon 냠,2022-10-05
3693,anunu.kr_2022-09-24,mascia.bertoli,The cup cake that my son and I make😍😂😂,2022-10-02
3694,anunu.kr_2022-09-24,mascia.bertoli,The cup cake that my son and I make😍😂😂,2022-10-02
3695,anunu.kr_2022-09-24,alejandraa.ps_,Cutie🥰💯😍,2022-09-28
3696,anunu.kr_2022-09-24,sha.bica,@jasminhdzm,2022-09-27
3697,anunu.kr_2022-09-24,shinee_astro,헐ㅠㅠ 맛있겠다ㅠㅠㅠㅠ,2022-09-26
3698,anunu.kr_2022-09-24,"나도 만들어봐야지!!!
퍼퓸 컵도 이쁨😍❤️
seferbekova_s",It looks delicious! Must try to make it,2022-09-26
3699,anunu.kr_2022-09-24,february_1256,오홍 한번해봐야겠군용🔥🔥🔥🔥,2022-09-25
3700,anunu.kr_2022-09-24,de.nice7658,😍😍😍😍😍,2022-09-25
3701,anunu.kr_2022-09-24,hassh__77,🔥💙,2022-09-25
3702,anunu.kr_2022-09-24,jesuistaly,That Cup ❤️,2022-09-25
3703,anunu.kr_2022-09-24,sabunkambule,Heyyyy.Is it really good?,2022-09-25
3704,anunu.kr_2022-09-24,ro_ve16,بجربه 👍🏻,2022-09-25
3705,anunu.kr_2022-09-24,ashwini.amarnath,Am hungry 🥺,2022-09-24
3706,anunu.kr_2022-09-24,twofiveten,오이시소~~,2022-09-24
3707,anunu.kr_2022-09-24,eva7zgz,Oooh yummy yummy 🤤,2022-09-24
3708,anunu.kr_2022-09-23,luneee_0123,노래 블핑 베놈이랑 트와 도넛 섞어놨넹 ㅋㅋㅋ,2022-12-02
3709,anunu.kr_2022-09-23,ilove2ne1,@syyhby1123 호우!,2022-11-20
3710,anunu.kr_2022-09-23,tumharilugaai,The audio.,2022-11-01
3711,anunu.kr_2022-09-23,lantopgittii,yada direkt kakaolu sut al?,2022-10-29
3712,anunu.kr_2022-09-23,_nausheen_28,I'm filling soya sauce for my bestie.😂😂,2022-10-26
3713,anunu.kr_2022-09-23,bts_n_blackpink_forever,Dead after listening to the audio 💀,2022-10-24
3714,anunu.kr_2022-09-23,hella.brs,You're cute 😊,2022-10-23
3715,anunu.kr_2022-09-23,navyaaa.__._,Haha the song is pink venom+doughnut😂❤️,2022-10-16
3716,anunu.kr_2022-09-23,thakursayanimitra,Who did that to my fav songs?😭💀My head is literally spinning now,2022-10-15
3717,anunu.kr_2022-09-23,hxndmxde_pxin,Would probably taste good if it was an espresso mocha shot. Get your caffeine in a lil juice box,2022-10-13
3718,anunu.kr_2022-09-23,put.yourlove,Just buy milk chocolate 🙃,2022-10-12
3719,anunu.kr_2022-09-23,http.jaredr,The BLACKPINK pink venom and Twice doughnut remix 😭,2022-10-12
3720,anunu.kr_2022-09-23,qpuoii,تسوق امها,2022-10-12
3721,anunu.kr_2022-09-23,sukei_k08,It's just physics 😂😂😂,2022-10-12
3722,anunu.kr_2022-09-23,iiiluise,так можно водку таскал на пары..,2022-10-12
3723,anunu.kr_2022-09-23,riri.07_c,I literally laughed 2 mins straight because of the damn audio,2022-10-10
3724,anunu.kr_2022-09-23,peakyblindersforever_1,What?,2022-10-10
3725,anunu.kr_2022-09-23,menayomi,@ctv1ctc 노래 진짜 열받아 개킹받음,2022-10-10
3726,anunu.kr_2022-09-23,memeambis,What is that,2022-10-09
3727,anunu.kr_2022-09-23,_cherry0617,@junu199368,2022-10-09
3728,anunu.kr_2022-09-23,zvvv4u,Wht is that,2022-10-09
3729,anunu.kr_2022-09-23,yazeed5311,What is this?,2022-10-09
3730,anunu.kr_2022-09-23,sabaali95,wow 🤣🤭,2022-10-08
3731,anunu.kr_2022-09-23,mt.teachers,The song😂😂,2022-10-08
3732,anunu.kr_2022-09-23,aaceylinn,Physics?,2022-10-08
3733,anunu.kr_2022-09-23,alesa_1001,Macam kicap,2022-10-08
3734,anunu.kr_2022-09-23,raccoon._.1022,虹吸現象,2022-10-08
3735,anunu.kr_2022-09-23,ecpliwze._28,Not the audio 💀,2022-10-08
3736,anunu.kr_2022-09-23,stressfaul,헐,2022-10-07
3737,anunu.kr_2022-09-23,danmilagros_,Black pink pink venon x twice doughnut,2022-10-07
3738,anunu.kr_2022-09-23,kh9393939393,weird why you have a bagged espresso,2022-10-07
3739,anunu.kr_2022-09-23,fjswnlsktkfkdgksemdkr,@ariari._.1234 내용 말고 노래...ㅋㅋ,2022-10-07
3740,anunu.kr_2022-09-23,da.___.ng,@so.___.op 우왕개신기해,2022-10-07
3741,anunu.kr_2022-09-23,yiyiim_,这个BGM笑得想死,2022-10-07
3742,anunu.kr_2022-09-23,21.33631652,🙄,2022-10-07
3743,anunu.kr_2022-09-23,pierceartistry,"Afghan girls and women are deprived of their civil and basic rights. Please be the voice of girls, women and men of Afghanistan. Where in the world are people assassinated for studying? #stophazaragenocide",2022-10-07
3744,anunu.kr_2022-09-23,"#stophazaragenocide
#stophazaragenocide
yeonyny_",노래개킹받넼ㅋ,2022-10-06
3745,anunu.kr_2022-09-23,maide.dagistan,Mal mısın aq bunun nesine şaşırdın,2022-10-04
3746,anunu.kr_2022-09-23,bvan__s,@s_unl_corn 아진짜 노래 존나 열박는다ㅋㅋㅋㅋ,2022-10-02
3747,anunu.kr_2022-09-23,jjin23hi,@_parkda_ 오오,2022-10-02
3748,anunu.kr_2022-09-23,hush_kuro,베르누이 법칙이었나 뭐였지,2022-10-02
3749,anunu.kr_2022-09-23,s_jin_i,@taewoo7790,2022-09-30
3750,anunu.kr_2022-09-23,hd_bphj,@jjx__26,2022-09-30
3751,anunu.kr_2022-09-23,0_suyeon,캡슐커피 정보 알고싶어용👏,2022-09-29
3752,anunu.kr_2022-09-23,xingrenfotografa,😮😮😮,2022-09-29
3753,anunu.kr_2022-09-23,mimella____,@reign_above_it_all @chae0chae_hedln,2022-09-29
3754,anunu.kr_2022-09-23,bean_.3._,@ziguluv_v 오..,2022-09-28
3755,anunu.kr_2022-09-23,sil10_1,@ju_____kong__,2022-09-28
3756,anunu.kr_2022-09-23,ssss___o_n_g,대박!!!!!!!!!!!!!!!!!!!!!!!!,2022-09-28
3757,anunu.kr_2022-09-23,delight__hh,@ssss___o_n_g 해봐해봐,2022-09-28
3758,anunu.kr_2022-09-23,chea_estflight,@_yjj_7892 이거 방법이다,2022-09-27
3759,anunu.kr_2022-09-23,aileenbibi,@2heekyeong 그우유는 이렇게 처리해보자,2022-09-26
3760,anunu.kr_2022-09-23,juweon8117,@k_hyesu3,2022-09-25
3761,anunu.kr_2022-09-23,n4fasy,#مهسا_امینی,2022-09-24
3762,anunu.kr_2022-09-23,n4fasy,#mahsaamini #مهسا_امینی,2022-09-24
3763,anunu.kr_2022-09-23,dahyekim1923,@csb0814 @yujinjuj @leaf.1111 @he.hy.mom,2022-09-24
3764,anunu.kr_2022-09-23,jeffos_phodsawi,❤️❤️❤️,2022-09-24
3765,anunu.kr_2022-09-23,hanane_jama,👏,2022-09-24
3766,anunu.kr_2022-09-23,thevioletkiss,노래 제목은 뭐에욤??,2022-09-23
3767,anunu.kr_2022-09-23,glorya.on.off,👍❤️,2022-09-23
3768,anunu.kr_2022-09-23,10grammm,한잔에 얼마죠?,2022-09-23
3769,anunu.kr_2022-09-21,kayydiorr111,This don’t work cause I went to the store and bought it and it aint@make that sound,2023-06-05
3770,anunu.kr_2022-09-21,suzanakamilya,ماذا تفعل,2023-05-14
3771,anunu.kr_2022-09-21,karkooraaaaa,Nice apple sir-,2022-10-27
3772,anunu.kr_2022-09-21,scorpion.31,@andreyyu1717,2022-10-16
3773,anunu.kr_2022-09-21,scorpion.31,@andreyyu1717,2022-10-16
3774,anunu.kr_2022-09-21,seppe0.1,Just fucking drink it jesus christ,2022-10-13
3775,anunu.kr_2022-09-21,_a_d_ana_,Po boy só os estrangeiro kkkk,2022-10-13
3776,anunu.kr_2022-09-21,spkuuga,そのままは無理やろ笑,2022-10-12
3777,anunu.kr_2022-09-21,rz4lr,@khaby00,2022-10-11
3778,anunu.kr_2022-09-21,aust1n_.17,💀💀💀💀,2022-10-11
3779,anunu.kr_2022-09-21,surbina063,he fukin that shit up,2022-10-11
3780,anunu.kr_2022-09-21,rajamuthakeen,Those days ❤️,2022-10-10
3781,anunu.kr_2022-09-21,dreamziq_,WOO WOO WOO dog,2022-10-10
3782,anunu.kr_2022-09-21,dreamziq_,Why tf you bite it DRINK IT,2022-10-10
3783,anunu.kr_2022-09-21,harukiiii.7,Anything for views...,2022-10-10
3784,anunu.kr_2022-09-21,joacas_raio,Wtf is going on????,2022-10-10
3785,anunu.kr_2022-09-21,atkanyldzzz,Ama knk ona kapak yapmışlar açmak için niye ısırıyorsun aq,2022-10-10
3786,anunu.kr_2022-09-21,apoorvapushp,Excuse me...WHAT??!!,2022-10-10
3787,anunu.kr_2022-09-21,_iqee_,krinj kontol,2022-10-10
3788,anunu.kr_2022-09-21,ye_o_n___,@hwan_10.15,2022-10-09
3789,anunu.kr_2022-09-21,1.c_zz,@i_m_myun 이거신기행,2022-10-09
3790,anunu.kr_2022-09-21,bumseunghooon,@131_ji,2022-10-09
3791,anunu.kr_2022-09-21,yuvalraj9,Cringe 😬,2022-10-09
3792,anunu.kr_2022-09-21,httpsrumis_acc_changed,what is this bottle called? I've been searching for it for a while now,2022-10-09
3793,anunu.kr_2022-09-21,fuad_asfa,Orang orang kenapa ya tambah gede tambah goblok,2022-10-09
3794,anunu.kr_2022-09-21,me.dhavii,Wwhoo 🐕🐶🐾🐩,2022-10-09
3795,anunu.kr_2022-09-21,pleasant_won,@parkjiyoung153 코스트코에서 내가 말한 거,2022-10-09
3796,anunu.kr_2022-09-21,mmeeelllliisaa,what did i watch-,2022-10-09
3797,anunu.kr_2022-09-21,kenniwsh59,what am i watching,2022-10-09
3798,anunu.kr_2022-09-21,blackgirl_bube,One question…WHY?,2022-10-09
3799,anunu.kr_2022-09-21,matysekrebeta,Cringe,2022-10-08
3800,anunu.kr_2022-09-21,d.aliev02,@khaby00 you know what to do😂,2022-10-08
3801,anunu.kr_2022-09-21,luk4sz0w,@gabrysia.folta to ty,2022-10-08
3802,anunu.kr_2022-09-21,f.6_16,@khaby00,2022-10-08
3803,anunu.kr_2022-09-21,_arryahh_____,😂😂😂😂,2022-10-08
3804,anunu.kr_2022-09-21,miizuyahhh.__,The cap be like😂 : 🙄why I'm heree😏🤥,2022-10-07
3805,anunu.kr_2022-09-21,t1_uriming,@yudohui2022,2022-10-06
3806,anunu.kr_2022-09-21,chesiank,so primitive,2022-10-06
3807,anunu.kr_2022-09-21,minuis_stalkingyou,나의 프로필을 방문하지 마십시오,2022-10-04
3808,anunu.kr_2022-09-21,hu._.jun,😢👏 제발요,2022-10-04
3809,anunu.kr_2022-09-21,hu._.jun,어디에서 파는지 얘기 좀 해주세요,2022-10-04
3810,anunu.kr_2022-09-21,allssoll,@ancient_seok,2022-10-04
3811,anunu.kr_2022-09-21,bagseongmin312,냉동 결정 인가 아무튼 가시조,2022-10-03
3812,anunu.kr_2022-09-21,hzyule,@alsdn._.k 사줘,2022-10-03
3813,anunu.kr_2022-09-21,_______moong_e,@qxodnr 이거구낰ㅌㅋㅋㅋㅋㅋㅋㅋㅋ,2022-10-01
3814,anunu.kr_2022-09-21,m_injuuuuu,@in_daeyu 요거라구,2022-09-29
3815,anunu.kr_2022-09-21,ej3.26,@hehe__880 죄다 hdex 입네이,2022-09-27
3816,anunu.kr_2022-09-21,d_damtori,저거..음료수 다 마시고 빈 병 씹으면 제대로 사과 소리나요ㅠㅠ음료 채워진 상태로 하는게 아니에요..,2022-09-25
3817,anunu.kr_2022-09-21,9999999l2,치아 나갈까봐 못하겠다..,2022-09-24
3818,anunu.kr_2022-09-21,rpdladnld3,어디서팔아요?,2022-09-24
3819,anunu.kr_2022-09-21,hanna.aure,Sir I thought that was the glass bottle version 😭,2022-09-23
3820,anunu.kr_2022-09-21,j_oo.h11,한입만요ㅋㅋㅋ(너무 맛있게 드신다ㅋㅋ),2022-09-22
3821,anunu.kr_2022-09-21,ddo.sol,ㅋㅋㅋㅋㅋ귀여운 두마리 생명체들...🫶🏻,2022-09-22
3822,anunu.kr_2022-09-21,st4rgukki,Nooo your beautiful teeth will break,2022-09-22
3823,anunu.kr_2022-09-21,jacquelinaann,Y’all are so silly 😂,2022-09-22
3824,anunu.kr_2022-09-21,dddamchae,신문물을 발견한 석기시대인 같습니다,2022-09-21
3825,anunu.kr_2022-09-21,liumakeup.kr,ㅋㅋㅋㅋ저거 볼때마다 신기했는데,2022-09-21
3826,anunu.kr_2022-09-20,pbr.am,@fall___k 이거 너무 구ㅏ엽다,2023-04-27
3827,anunu.kr_2022-09-20,yesica_5530,Que hermosos que sos 😍,2022-10-18
3828,anunu.kr_2022-09-20,s.shi1220,玉子はやっぱ白でしょっ🤭,2022-10-07
3829,anunu.kr_2022-09-20,piranyia,"Is it made of plastic? 🤔 if it’s so, then is it good to boil with it🫣😅",2022-09-28
3830,anunu.kr_2022-09-20,itsnxyxx,Cute,2022-09-25
3831,anunu.kr_2022-09-20,lindagonju,LOL,2022-09-25
3832,anunu.kr_2022-09-20,de.nice7658,😍😍😍😍,2022-09-24
3833,anunu.kr_2022-09-20,leewinter_,@gaeul6022 가지고싶다,2022-09-22
3834,anunu.kr_2022-09-20,pattcornn,So cute!! 😍😍,2022-09-22
3835,anunu.kr_2022-09-20,juryoung_e,@jae.y1 이거 겹지??ㅋㅋㅋ,2022-09-21
3836,anunu.kr_2022-09-20,_isle_00,@crxzxkfkt,2022-09-21
3837,anunu.kr_2022-09-20,lisamichelley5,Can I get in Canada 🇨🇦?😶,2022-09-21
3838,anunu.kr_2022-09-20,yoni_2303,😍👍🏻👍🏻,2022-09-21
3839,anunu.kr_2022-09-20,lisbeth_mum_5,"That's cute.... I done that, break an egg on the head.. my kid's says is really sore 🤣🤣",2022-09-21
3840,anunu.kr_2022-09-20,mariam_al_wahili,فد احب هالسوالف التعبانة 😍😂❤️,2022-09-20
3841,anunu.kr_2022-09-20,akiramiraii_,😍😍,2022-09-20
3842,anunu.kr_2022-09-20,brigida_lovartelly,Aaaaaa ele comeu o ovo cru 😖,2022-09-20
3843,anunu.kr_2022-09-20,msensation,헐ㅋㅋㅋ 너무 귀여워요🐥,2022-09-20
3844,anunu.kr_2022-09-20,sssooolll_,미쳤다ㅋㅋㅋㅋㄲ너무귀여운 템이네요ㅋㅋㅋㅋㄱㅋㅋ,2022-09-20
3845,anunu.kr_2022-09-20,fluffafox,I wanttt,2022-09-20
3846,anunu.kr_2022-09-20,x._.xuuxj,So cuttt,2022-09-20
3847,anunu.kr_2022-09-20,eva7zgz,😮 I don't know if I will be in my country.,2022-09-20
3848,anunu.kr_2022-09-18,omgana3417,تعؤنيهبولنة اغي,2023-04-13
3849,anunu.kr_2022-09-18,gpe.casso,@_aag16_ un regalito,2022-10-10
3850,anunu.kr_2022-09-18,jean7899,So much plastic for nothing,2022-10-10
3851,anunu.kr_2022-09-18,analiceleao11,@brunalbrandt cápsula de gatorade,2022-10-10
3852,anunu.kr_2022-09-18,lovefoolery,this is the american version of the japanese soda drinks in the cute glass bottles,2022-10-09
3853,anunu.kr_2022-09-18,oh_hey_luna,Extremely wasteful.,2022-10-09
3854,anunu.kr_2022-09-18,shanojohn16,@drinkprime make this bottle for prime,2022-10-09
3855,anunu.kr_2022-09-18,giihxsy_,Como ele toma se a garrafinha tá fechada ?,2022-10-09
3856,anunu.kr_2022-09-18,mufe000,@ovvns 게토레이,2022-10-08
3857,anunu.kr_2022-09-18,mufe000,@ovvns 게토레이,2022-10-08
3858,anunu.kr_2022-09-18,cinrbyun,😍😮😮,2022-10-08
3859,anunu.kr_2022-09-18,anatorradob,Plastic plastic plastic 🤦🏻‍♀️🤦🏻‍♀️🤦🏻‍♀️🤦🏻‍♀️🤦🏻‍♀️🤦🏻‍♀️🤦🏻‍♀️🤦🏻‍♀️🤦🏻‍♀️,2022-10-08
3860,anunu.kr_2022-09-18,merikawai,I’ll just use it to make a gin tonic,2022-10-07
3861,anunu.kr_2022-09-18,the_femcell,What’s the point of this like just buy a normal one?,2022-10-07
3862,anunu.kr_2022-09-18,angel.m.gracia.isla,Mucho plástico,2022-10-07
3863,anunu.kr_2022-09-18,lalidevailly,What's that?,2022-10-07
3864,anunu.kr_2022-09-18,sryn_ftah,What is this?,2022-10-06
3865,anunu.kr_2022-09-18,alshehri_deema,What’s that?,2022-10-05
3866,anunu.kr_2022-09-18,han._2i6,@ijuyeong_ 이게뭔데 가꼬싶지,2022-09-27
3867,anunu.kr_2022-09-18,lua_lee0720,오…,2022-09-26
3868,anunu.kr_2022-09-18,capt_sai_shin,이게 10만원..???,2022-09-26
3869,anunu.kr_2022-09-18,su_hyx_on,안돼! 내 십만원이!ㅠㅠ,2022-09-25
3870,anunu.kr_2022-09-18,aryanrajput4621,😍😍😍😍😍😍😍,2022-09-19
3871,anunu.kr_2022-09-18,dreamstarashh,I have one 😂 but that strength you need pls I was crying trying to break it,2022-09-19
3872,anunu.kr_2022-09-18,samare_od,😮,2022-09-18
3873,anunu.kr_2022-09-18,co_t.z,어우 10만원…😮😢,2022-09-18
3874,anunu.kr_2022-09-07,h_naaa_x,@illuminare._1,2023-07-29
3875,anunu.kr_2022-09-07,suzanakamilya,نحن عتدنا منهي انك تاكل اشيا ساخنة او تنسف عليه لانو مضر,2023-05-14
3876,anunu.kr_2022-09-07,__dal__soo__,@jaeryung_is,2022-10-26
3877,anunu.kr_2022-09-07,ye_suri__,@yeseo_o_a 하이디라오 또가자ㅠ,2022-10-24
3878,anunu.kr_2022-09-07,_____jj_,@lesoy_s2,2022-10-18
3879,anunu.kr_2022-09-07,fwang_you,@ohksva 이렇게 먹는건가바,2022-10-18
3880,anunu.kr_2022-09-07,_seunhh,@_.yuuujin 와 ㅋㅋㅋ,2022-10-10
3881,anunu.kr_2022-09-07,dawnwestforat,@lovuojw 부산을 가야겟노,2022-10-10
3882,anunu.kr_2022-09-07,youn_ny,@hw_nee @sunyou_do.park @midori.summer 다음번에 ㄱ,2022-10-09
3883,anunu.kr_2022-09-07,kisykisy16,@li_.m__ ㄱㄱ,2022-10-09
3884,anunu.kr_2022-09-07,byeolsunny,@pioopie_,2022-10-09
3885,anunu.kr_2022-09-07,rckdollz,nega mandeun cookieeeeeeeeeeeeeeeeeeeeeeeeeeeeeeeeeeeeeeeeeee,2022-10-09
3886,anunu.kr_2022-09-07,ttu__yomi,@jungni_k,2022-10-08
3887,anunu.kr_2022-09-07,ttu__yomi,@autumn__yomi,2022-10-08
3888,anunu.kr_2022-09-07,zisuya11,@__jeong.ys 언니..하쟈,2022-10-08
3889,anunu.kr_2022-09-07,y.e.zi,@enxuuuo,2022-10-08
3890,anunu.kr_2022-09-07,dnjsxorn,@woonmi_,2022-10-08
3891,anunu.kr_2022-09-07,dnjsxorn,@woonmi_,2022-10-08
3892,anunu.kr_2022-09-07,z.eor_,@dorudonss 언젠가 가게될테니 메모,2022-10-08
3893,anunu.kr_2022-09-07,s._.0o0o,@gkstpin 노래가 킹받지만 …,2022-10-07
3894,anunu.kr_2022-09-07,altyn_fa1ry,Looking at my cookieeeeeeeeeeeeeeeeeeeeeeeeeeeeeeeeeeeeeeeeeeeeee,2022-10-07
3895,anunu.kr_2022-09-07,hizunie_b,@i_mymesoo @divintotheocean 가자 하이디라오,2022-10-06
3896,anunu.kr_2022-09-07,support_0708,@save_in.k 해죠!!!!!,2022-10-06
3897,anunu.kr_2022-09-07,sooo_veely,@jye._.514 이러케해서먹어보고시퍼,2022-10-06
3898,anunu.kr_2022-09-07,s_sky9,@ss._.na_v @b_su_eun 야 이거머냐 꼭먹어,2022-10-06
3899,anunu.kr_2022-09-07,ha__yul___,@rlo._.bbi ㅜㅜㅜㅜㅜㅜㅜ언제갈까,2022-10-05
3900,anunu.kr_2022-09-07,sooflawer_,@aircozro,2022-10-05
3901,anunu.kr_2022-09-07,jyeo_nnni,@hoyeong7767,2022-10-05
3902,anunu.kr_2022-09-07,ery.lll,@psh__97,2022-10-04
3903,anunu.kr_2022-09-07,seoyeon.zz,@cheon_s_2,2022-10-04
3904,anunu.kr_2022-09-07,m_jooug,@v_1il01 여기가 그 하이디라오?,2022-10-04
3905,anunu.kr_2022-09-07,tls.db.wls_,@jejeganatanatda 지혜야 준비해라,2022-10-04
3906,anunu.kr_2022-09-07,yeneeu,@b__2s_ 킵 ㅠ,2022-10-04
3907,anunu.kr_2022-09-07,leeshinjeong_,@chlalsrb_ 먹고싶당..,2022-10-04
3908,anunu.kr_2022-09-07,_evnzi,@j0i4y3u0m,2022-10-04
3909,anunu.kr_2022-09-07,be_happy_ris,@skuukhyun 머고바써?,2022-10-03
3910,anunu.kr_2022-09-07,100_mandarine_,@glori2ous,2022-10-03
3911,anunu.kr_2022-09-07,shrkshrkshrk,@cranberrycakee @miaou_seoyyoung,2022-10-03
3912,anunu.kr_2022-09-07,suhyeooooon,@gomdin_ 하이디라오!!,2022-10-03
3913,anunu.kr_2022-09-07,minmin_oa,@babmanyong 또먹고시ㅠ어하이디라오,2022-10-03
3914,anunu.kr_2022-09-07,_ssugenie_,@1001_s2 롱아 이것 좀 봐줘,2022-10-03
3915,anunu.kr_2022-09-07,why.whyrano._,@whatshoulldido 이고마자?,2022-10-03
3916,anunu.kr_2022-09-07,five_swim,@hyuneui_00 못해따,2022-10-03
3917,anunu.kr_2022-09-07,chewbly_food,@dorong_e,2022-10-03
3918,anunu.kr_2022-09-07,ssolsoly,@ye_eun__kye 천재일까,2022-10-03
3919,anunu.kr_2022-09-07,xxbmo,@j._xxon,2022-10-02
3920,anunu.kr_2022-09-07,oct17.__,@sua.lim_ @5_0e_,2022-10-02
3921,anunu.kr_2022-09-07,chaerriy_,@11.52_off 이 사람 개천재,2022-10-02
3922,anunu.kr_2022-09-07,qblozq_,@__emptywatermelon 엉니 이러캐 먹어조,2022-10-02
3923,anunu.kr_2022-09-07,__kia_kaha,@heeeeeejin__ 우와앙..,2022-10-02
3924,anunu.kr_2022-09-07,you___n_ni,@ddang2_2 헤엥,2022-10-02
3925,anunu.kr_2022-09-07,owo_1,@seultarwarzzzzz 웅니 다음에 고고뤼~~!!!,2022-10-02
3926,anunu.kr_2022-09-07,one_dear_,@01_psm,2022-10-02
3927,anunu.kr_2022-09-07,2heeeo,@hh.1532_ 야 메모해라,2022-10-01
3928,anunu.kr_2022-09-07,jieeszq,@_shinjihye__ 마신나,2022-10-01
3929,anunu.kr_2022-09-07,panda.chan.desu,@mangzzii 내가 말한게 요거임,2022-10-01
3930,anunu.kr_2022-09-07,after1ike_,@dori_ng.25 헤엑,2022-09-29
3931,anunu.kr_2022-09-07,oeoutoutout,@silver_miaow 궁금혀,2022-09-29
3932,anunu.kr_2022-09-07,u.__.biiin,@yunnjuu 어때 여기,2022-09-29
3933,anunu.kr_2022-09-07,2.64kg,@su.aa.8 하.. 언제갈래,2022-09-29
3934,anunu.kr_2022-09-07,juju_uu,@rariririro 헐;,2022-09-29
3935,anunu.kr_2022-09-07,management_is_,@saymybin,2022-09-29
3936,anunu.kr_2022-09-07,hi_im_hyeyeon,@mlnzlastnight @hahaha0_2 @rnlres 애들아 다시 가자,2022-09-29
3937,anunu.kr_2022-09-07,microscopeminusmi,@p.elicity 하이디라오 꿀팁,2022-09-28
3938,anunu.kr_2022-09-07,_heldp,@mm_0570 담에 해보쟈,2022-09-28
3939,anunu.kr_2022-09-07,imyour7andy,@d1veintoyou 개맛잇아보임,2022-09-28
3940,anunu.kr_2022-09-07,yxxj_in,@yoon._.hyun124 이게 뭐지,2022-09-27
3941,anunu.kr_2022-09-07,insuuuuuuuuuuu,@y_ouo_r,2022-09-27
3942,anunu.kr_2022-09-07,2winm2,@___choeun01,2022-09-27
3943,anunu.kr_2022-09-07,jklkj_0_11_,@songsong16_ 다음은 이거다,2022-09-27
3944,anunu.kr_2022-09-07,ppollollolo,@cchu_31 나 여기 가보고싶어,2022-09-27
3945,anunu.kr_2022-09-07,cha_eun.g,@ghr_rufina 언제가ㅠㅠㅠ,2022-09-27
3946,anunu.kr_2022-09-07,wnstjdus,@thes0_0 ;;,2022-09-27
3947,anunu.kr_2022-09-07,seyeongee_ko,@xwxyxf_ 이이이이이이게뭐고,2022-09-26
3948,anunu.kr_2022-09-07,qkrtmddk_,@s_ong_o3 @h_h.lim 하이디라오 또 가자,2022-09-26
3949,anunu.kr_2022-09-07,n.zxuu,@nx_sv.ui,2022-09-26
3950,anunu.kr_2022-09-07,kimnar.ae,@minu_88888888 이거다,2022-09-26
3951,anunu.kr_2022-09-07,dalbodeure_danmi,@eun_._97,2022-09-26
3952,anunu.kr_2022-09-07,berryseoyun,@jeony_xx 이걸 봤더라면 무조건 트라이,2022-09-26
3953,anunu.kr_2022-09-07,xyzieun,@kyunghee94_ 해봐랍,2022-09-26
3954,anunu.kr_2022-09-07,a_gain_nolmuk,@jjin_bb.ang2 담에 이거 해먹자 ㅁㅊ,2022-09-26
3955,anunu.kr_2022-09-07,ga_eul2,@ggonggee_ 이거햐봐,2022-09-26
3956,anunu.kr_2022-09-07,doyeon_coo_zzi,@en0y1n0,2022-09-26
3957,anunu.kr_2022-09-07,ttongbyeol,@jn_tt312,2022-09-26
3958,anunu.kr_2022-09-07,hni_yi,@z_min0401 또 가…ㅠㅠ,2022-09-26
3959,anunu.kr_2022-09-07,kimm1s0_private,원래 그냥 찍어먹는용 아닌가,2022-09-26
3960,anunu.kr_2022-09-07,alsbwpwpwpshkk,@hxxk__z 사람들 개천재다,2022-09-26
3961,anunu.kr_2022-09-07,d.yye,@1.668m 엉니,2022-09-26
3962,anunu.kr_2022-09-07,iwanttogohome_plz,@kmini_teddy 직접 챙겨가야해?,2022-09-26
3963,anunu.kr_2022-09-07,h.yoon_i,@22seojin @like_schuuuumann 버킷리스트 생심,2022-09-26
3964,anunu.kr_2022-09-07,kim_0_ju,@sbin._.0125 이거야?,2022-09-26
3965,anunu.kr_2022-09-07,_olvash_,@y0ung__2 해보쟈,2022-09-26
3966,anunu.kr_2022-09-07,zyx0.n,@anrmalna,2022-09-26
3967,anunu.kr_2022-09-07,sxx_xxn,@yyijoy 배고파 ;,2022-09-26
3968,anunu.kr_2022-09-07,haeun_0217,@ddoo_hyun_ @yyn.k3 @z1so_o 지난 번에 봤으면 트라이했을 듯,2022-09-26
3969,anunu.kr_2022-09-07,koasoup,@jaegu512 참고. 한국 오기 전에 꼭 먹어보라고 하이디 ㅠㅠ,2022-09-26
3970,anunu.kr_2022-09-07,hyeonii0,@_afterglow.21_s_ 오와,2022-09-26
3971,anunu.kr_2022-09-07,leezyoung_,@h._.dae @zeeeechu_,2022-09-26
3972,anunu.kr_2022-09-07,pushzl,@zer.oyou 대박,2022-09-25
3973,anunu.kr_2022-09-07,duuuuude_dx,@sohappiday ㅁㅊ,2022-09-25
3974,anunu.kr_2022-07-06,rebey_reb,히히히,2023-03-30
3975,anunu.kr_2022-07-06,chee_ji,@leeejeasung 자갸 우리 하이디라오 먹으러 갈때 대따!,2022-09-16
3976,anunu.kr_2022-07-06,kqteiy,وقتی خودت چتری میزنی,2022-09-11
3977,anunu.kr_2022-07-06,o525s_,@e.__.unoi_a 이거야,2022-08-10
3978,anunu.kr_2022-07-06,m1x.y2j_,처참히 버려진 고기는...,2022-08-04
3979,anunu.kr_2022-07-06,dbswjdgy10,😮,2022-07-26
3980,anunu.kr_2022-07-06,thewook_more,@eunh22_b @clearsky__s 이거 할거니까 손목 스트레칭 하고와,2022-07-20
3981,anunu.kr_2022-07-06,hyusneo,@cr.on_,2022-07-16
3982,anunu.kr_2022-07-06,vuditxs_1.no,옻이 프라다야…,2022-07-15
3983,anunu.kr_2022-07-06,seul_bi_1004,@nananaa__0 너도 이러고 묵냐,2022-07-15
3984,anunu.kr_2022-07-06,uoas_ir,@2_sunand 이거머거보고시푸,2022-07-14
3985,anunu.kr_2022-07-06,eoooxb,@eoeoxn,2022-07-14
3986,anunu.kr_2022-07-06,smayra_18817,😂😂😮,2022-07-13
3987,anunu.kr_2022-07-06,eon__y,@do__d0_o 여기 가서 똑같이 해줘,2022-07-13
3988,anunu.kr_2022-07-06,q_tdaz,@xkakak0408 @rndptmfl,2022-07-13
3989,anunu.kr_2022-07-06,h_doll_2,@ahyun__e 우리 아니야?,2022-07-12
3990,anunu.kr_2022-07-06,cbwls_27,@mauve_tr0is 이거 하고싶대매 서울 훠궈나 샤브샤브 맛집 찾아놔 바로 꼬,2022-07-09
3991,anunu.kr_2022-07-06,kibou_koa,☺️☺️✨,2022-07-08
3992,anunu.kr_2022-07-06,k_yukimimaru,可愛いのに,2022-07-08
3993,anunu.kr_2022-07-06,"やることが…下品…
1_s_u_n",@king_.tuna 내가 훠궈 이렇게 먹는거라고 했제,2022-07-08
3994,anunu.kr_2022-07-06,milkyjin.0,@ghdtjrgusl 맛있ㄱㄲ다,2022-07-07
3995,anunu.kr_2022-07-06,rifaaa791,👏😂 bravo,2022-07-07
3996,anunu.kr_2022-07-06,december.art4,😂,2022-07-07
3997,anunu.kr_2022-07-06,jiw0707,우앙🔥,2022-07-07
3998,anunu.kr_2022-07-06,_bbmb,@orlrsr @princess._.zyeon 이러케 먹는거구낭,2022-07-07
3999,anunu.kr_2022-07-06,february_1256,맛있겠당,2022-07-07
4000,anunu.kr_2022-07-06,sildesricardo,😍😍😍😍,2022-07-07
4001,anunu.kr_2022-07-06,sasayun_,@arisubeatorisu,2022-07-07
4002,anunu.kr_2022-07-06,samar_the_sea,🤢,2022-07-07
4003,anunu.kr_2022-07-06,son9_u,ㅋㅋㅎㅋㅎㅎㅋㅋㅎㅋㅎㅋㅎ,2022-07-07
4004,anunu.kr_2022-07-06,glorya.on.off,멋진😍,2022-07-07
4005,anunu.kr_2022-07-06,zebrahorseunicorn,@juliayz19 trying this leveled up move next time haha,2022-07-06
4006,anunu.kr_2022-07-06,j._.eunni,귀엽고 잘생기고 다 해💗,2022-07-06
4007,anunu.kr_2022-07-06,ifyouoftencatch,Bonapetit,2022-07-06
4008,anunu.kr_2022-07-06,jiniloveeee,나도해봐야겠당😂😂😂😂👏👏👏,2022-07-06
4009,anunu.kr_2022-07-06,nana_youngrongkim,어머 해봐야지 ㅋㅋㅋㅋㅋ,2022-07-06
4010,anunu.kr_2022-07-06,not_sunlightt,Lmao i was just watching that trend on Facebook 😂...what a coincident,2022-07-06
4011,anunu.kr_2022-07-06,r24.a_,Nice😂,2022-07-06
