COMMENT_ID,POST_ID,COMMENTER_ID,COMMENT_TEXT,COMMENT_DATE
1,ddimmi96_2024-12-25,jan._1010,소중하고 멋진 띠미님도 메리크리스마스에요🫶 오늘도 내일도 앞으로도 매일매일 행복하게 웃는 날만 가득하길❤️,2024-12-25
2,ddimmi96_2024-12-25,rami__0216,영상 항상 재밌게 보고 있구 해보고 싶었던걸 띠미님이 다 해주고 계셔서 대리만족 많이 들었던 올해였습니다!! 내년에도 재밌는 영상 많이 찍어주세요! 메리메리 크리스마스예요!!!🎄💜,2024-12-25
3,ddimmi96_2024-12-25,dasomlee103,hot의 빛으ㅏ 가사가 생각나네요... ㅎ하이팅!,2024-12-26
4,ddimmi96_2024-12-25,iamchojinhyung,감동이있는 띠미...,2024-12-26
5,ddimmi96_2024-12-25,h_m.x10,띠미님이 그 말한지가 엊그제 같은데 벌써 2024년이 다 지나가네요!! 올한해도 띠미님 정말 고생 많으셨고 다가오는 25년에도 좋은일만 가득하길 바랄게요! 저도 마찬가지로 저한테 크리스마스 같은 날들을 주셔서 감사합니다🎄🎅 정말 띠미님 덕분에 저도 맛있는거 많이 먹고 영상 많이 봤어요 앞으로도 아니 평생 띠미님 응원 할테니 띠미님도 평생 저희랑 함께해요! 햅삐 크리스맛뚜🎄❄️띠미님 사랑합니당❤️❤️❤️❤️❤️,2024-12-25
6,ddimmi96_2024-12-25,ddimmi96,늘 따뜻한 사랑으로 지켜봐주시는 띰띰이들!!!❤️,2024-12-25
7,ddimmi96_2024-12-25,"올 한 해 제게 매일매일 크리스마스 같은 날들을 선물해 주셔서 정말 정말 감사합니다!!🥹❤️❤️❤️
곧 다가오는 2025에도 재밌는 영상으로 꾸준히 보답할게요!😍
메리 크리스마스🎅🏻🎄🎉🎉🎉
yessii__11",사랑해요 띠스타 내년엔 더 스타되세요⭐️ 수건케이크맛은 비밀로할게요🙂‍↔️❤️,2024-12-25
8,ddimmi96_2024-12-25,chaenii030,띠미님과 함께할 수 있어서 너무 행복했던 한 해였어요☺️ 내년에도 잘 부탁드려요❤️,2024-12-25
9,ddimmi96_2024-12-25,jisu_z,띠미님~ 올 한해 트레져헌터와 함께 해주셔서 감사해용🫶🏻🫶🏻 행복한 크리스마스 보내시고 내년에도 잘 부탁드립니다🫶🏻🫶🏻,2024-12-25
10,ddimmi96_2024-12-25,bintiger7680,언니 메리크리스마스 앞으로 재밌는영상 올려주시고 꼭 건강챙기세요 항상재밌는 올려주셔서 감사합니다 앞으로 언니를 더 좋아할께요 사랑해요,2024-12-25
11,ddimmi96_2024-12-25,le.chmin_0426,메리 크리스마스!🎄🎄 힘든일이 있어도 항상 밝게 영상 찍어주시는 띠미님을 보고 많이 배웠어요 내년에도 잘 부탁 드립니다!❤️,2024-12-25
12,ddimmi96_2024-12-25,usona_official,나 이거 이제 봤는데 ㅋㅋㅋㅋㅋㅋㅋㅋㅋㅋㅋㅋㅋㅋㅋㅋㅋㅋ 다들 행복하고 밝은 연말 분위기인데 나만 집에 혼자 칙칙하게 있는게 너무 웃기네ㅋㅋㅋㅋㅋㅋㅠㅠㅠ 고마워 띠미야 그래도 니가 와서 행복한 연말이었어❤️❤️❤️,2025-05-24
13,ddimmi96_2024-12-25,taeng___v,마음씨가 너무 예쁘다,2025-01-13
14,ddimmi96_2024-12-25,ys28.o,❤️,2025-01-19
15,ddimmi96_2024-12-25,morinoutacohea,😍🎄,2024-12-25
16,ddimmi96_2024-12-25,reindeer.4601371,언니 GS25에 천겹토스트 나왔어요,2025-06-22
17,ddimmi96_2024-12-25,hamsterrrrrrrrrrs,궁금한거 있는데 순살 후라이드에 치즈 잔뜩 넣으면 치필링 아녜요? 한번더 순살로 해주세요!,2025-07-29
18,ddimmi96_2024-12-25,junseo3799,Merry Christmas,2024-12-25
19,ddimmi96_2024-12-25,sumin001486,하긴 저 올해 그니까 2024년도에 처음으로 띠미님 알게됬어용,2025-05-21
20,ddimmi96_2024-12-25,id_4681,나한테는 안왔어요,2025-06-30
21,ddimmi96_2024-12-25,coeajin666,평택엔 안 와요?ㅠㅠ,2025-01-30
22,ddimmi96_2024-12-25,k_j._.w,"누나 내년에도 하는 일 마다 잘 되시고,",2024-12-25
23,ddimmi96_2024-12-25,"꽃길만 걸으시길 응원하겠습니다 :)
bagcohyeon72",언니 나 예전부터 언니 짱 팬이었어 예전에 다른 그림 찾기도 봤어 12탄 둘다,2025-04-15
24,ddimmi96_2024-12-25,y.aro1,결론: 접을려 했지만 돈이 들어오니 안 접음,2025-01-27
25,ddimmi96_2025-01-13,neulsom4938,띠뽀끼 3팩 샀는데 오자마자 먹어야겠어요❤,2025-01-15
26,ddimmi96_2025-01-13,na_om_28,어떻게 이렇게 오물오물 이뿌게 먹지.. ❤️,2025-01-18
27,ddimmi96_2025-01-13,zzazang.zip,언니 떡볶이 너무 맛있어요,2025-01-13
28,ddimmi96_2025-01-13,fu1342782,다들 꼭 드시길 이거 존맛임;;;,2025-01-13
29,ddimmi96_2025-01-13,"띠미는 유명한 떡볶이 맛집이다 이거야;;;
_xeo.ze",로제 만드러 주세여…❤️,2025-04-12
30,ddimmi96_2025-01-13,rrrrrrhy_05,제가산떡볶이도 소스 한봉지😢가성비 갑이라 그래도 목고잇어용,2025-01-16
31,ddimmi96_2025-01-13,hx.ew0x_k,또뽀끼 맵나요?맵찔인데 먹어보고 싶어요 예시로 마라탕0~1단계 먹어요,2025-03-17
32,ddimmi96_2025-01-13,xabbey_dawnx,💚,2025-01-13
33,ddimmi96_2025-01-13,yessii__11,저 또살구에요,2025-01-13
34,ddimmi96_2025-01-13,fu1342782,신전맛70+엽떡30 느낌의 소스이고 튀김 치즈에 구성 혜자임 소스양 진짜 많아서 남은 국물에 밥 볶아먹으세요!!!!! 예상보다 더 맛있게 먹어서 무조건 2개이상 구매하시길,2025-01-13
35,ddimmi96_2025-01-13,ji._huuo,너무 맜있겠어요..!,2025-01-14
36,ddimmi96_2025-01-13,zoo13576,헉 2차는 2개구매히면 무배네요?!!!! 사러갑니다❤️❤️❤️❤️❤️,2025-01-13
37,ddimmi96_2025-01-13,rkflfnfpfh,ㅎㅎ넘넘 기다렸는데 지난 1차때 먹고 반해서 5개 재구매했어요😍😍😍,2025-01-13
38,ddimmi96_2025-01-13,jojeongok,띠뽀끼언재너어ㅏ요??!ㅜㅠ,2025-04-14
39,ddimmi96_2025-01-13,chaejia1110,언니 저 띠뽀끼 샀어요,2025-01-16
40,ddimmi96_2025-01-13,juhong._.7,1차오픈때 주문했는데 2차 혜택이 더 좋네요..😢,2025-01-13
41,ddimmi96_2025-01-13,gimjunu6122,맛있겠다,2025-01-14
42,ddimmi96_2025-01-13,yangseyeon20,얼마 에요,2025-01-14
43,ddimmi96_2025-01-13,pairy__,침고여요🤤🤤🤤🤤,2025-01-13
44,ddimmi96_2025-01-13,cyankim_,띠뽀끼 안 먹는 법… 그게 뭔데….,2025-01-13
45,ddimmi96_2025-01-13,t.gxeong_12,전부 다 살끄야,2025-01-14
46,ddimmi96_2025-01-13,yul__eee__,@_feel._.__ 이번엔 띠뽀끼다,2025-01-15
47,ddimmi96_2025-07-28,kwak4744,토요일에 가야겠구만유,2025-07-28
48,ddimmi96_2025-07-28,blueskyhanul,쏘 큐트😍😍,2025-07-28
49,ddimmi96_2025-07-28,nado_odo,아 너무 귀여워🤦‍♀️🔥,2025-07-28
50,ddimmi96_2025-07-28,bk._.silver,동탄이요!?!?!? 바로 달려갑니다😍😍😍,2025-07-29
51,ddimmi96_2025-07-28,eun._.seo_h,제주도 서귀포 와주세요ㅠㅠㅠ 너무 서러워요ㅠㅠㅠㅍ😢😢😢😢😢,2025-07-29
52,ddimmi96_2025-07-28,hiu_na_official,평촌에 온다고요오오오오~~~~????,2025-07-29
53,ddimmi96_2025-07-28,bangjaewan,인천투어 하시죠,2025-07-28
54,ddimmi96_2025-07-28,dogg._.a,않되!!!!!!!!!,2025-07-28
55,ddimmi96_2025-07-28,10____16__,제발 광주 와주세요퓨ㅠㅠㅠㅠㅠㅠ,2025-07-29
56,ddimmi96_2025-07-28,sunflower06198,가고 싶은데 못가는...😢,2025-07-29
57,ddimmi96_2025-07-28,munseawon99,김해도 오면간다,2025-07-28
58,ddimmi96_2025-07-28,neul_0_0._,동탄에 와주시다니ㅜㅜ 바로 갈게요❤️,2025-07-28
59,ddimmi96_2025-07-28,wontae2studio,을지로 와주세욤,2025-07-28
60,ddimmi96_2025-07-28,saranghae14_5,제주는,2025-07-28
61,ddimmi96_2025-07-28,ghdalsgh7167,일정있어서 못갔네요 ㅜㅜ 제일 가까운데,2025-07-28
62,ddimmi96_2025-07-28,d._.ox.h,매일 댓글 달기 5일차,2025-07-28
63,ddimmi96_2025-07-28,klmheejae,오목교 와주세요,2025-07-28
64,ddimmi96_2025-07-28,u30_of_storm,못가서 너무 미안했어요ㅠㅠ,2025-07-28
65,ddimmi96_2025-07-28,sangmoon97,이더운날씨에 진정한 팬심😍,2025-07-28
66,ddimmi96_2025-07-28,miu__21,띠미님 수원은요?😢,2025-07-29
67,ddimmi96_2025-07-28,under_rabbit0329,오 이목구비 뚜렸함,2025-07-28
68,ddimmi96_2025-07-28,whatthewhatthe__,롯데일하는 사람으로써.. 셋다 매출없는 점포예요..! 선방하신듯!,2025-07-28
69,ddimmi96_2025-07-28,ddimmi96,"📍 띠미 팬사인회 + 띠미 쿠킹쇼 일정
• 평촌 롯백: 8/2(토) 2시 ~ 5시
• 동탄 롯백: 8/16(토) 2시 ~ 5시
.
📍 롯데백화점 팝업 일정
분당점: 7/31까지 (지하1층)
평촌점: 8/1 ~ 8/7 (지하1층)
동탄점: 8/15 ~ 8/21 (층수 아직 미정)
.
사인회 끝나고 이어지는 쿠킹쇼에서는
✨ 저랑 수다 떨고✨ 시식도 가능하니까 꼭 남아줘요!!
진짜 이야기 많이 할 수 있는 시간이야!
.
🍽️ 현장 판매 메뉴
• 프리미엄 띠뽀끼 밀키트 (단독 할인가)
• 슬러쉬 컵띠뽀끼
(※ 단, 사인회 시간엔 컵띠뽀끼 판매 잠시 중단돼요!)
.
꼬마, 소년소녀 , 어른 , 유부띰띰이들 많이 꼭 놀러와주세요🥹❤
많이 많이 공유도 부탁드려요!!",2025-07-28
70,ddimmi96_2025-07-26,chaenii030,난 띠아정❤️,2025-07-26
71,ddimmi96_2025-07-26,mukorang,오오❤️❤️,2025-07-26
72,ddimmi96_2025-07-26,e.page.ing,와아 (๑˃̵ᴗ˂̵)و 꼭 먹어볼래요! 상의 정보 알수있을까요?🥹🫶,2025-07-27
73,ddimmi96_2025-07-26,kellyfornia_c,이거보니 오늘 저녁엔 요아정,2025-07-26
74,ddimmi96_2025-07-26,sing_note_s2,헐 이건 먹어야돼요....,2025-07-26
75,ddimmi96_2025-07-26,d._.ox.h,매일 댓글 달기 4일차,2025-07-26
76,ddimmi96_2025-07-26,whatthewhatthe__,요아정 너무 시큼해서 안먹었는데! 이디야로 가야겠구낭~~~!,2025-07-26
77,ddimmi96_2025-07-21,xmd._.eli,누나 중간에 ai죠..?ㅋㅋㅋ,2025-07-21
78,ddimmi96_2025-07-21,d._.ox.h,매일 댓글 달기 2일차,2025-07-26
79,ddimmi96_2025-07-21,brave97s,헐 AI인줄몰랐어... 장어 버거가 있는줄도 몰랐음,2025-07-22
80,ddimmi96_2025-07-19,bn.jou0,달려갈게요❤️,2025-07-19
81,ddimmi96_2025-07-19,kwak4744,평촌!!! 소리질럿!!!,2025-07-19
82,ddimmi96_2025-07-19,yena0_713,마라샹궈나 마라탕으로 해먹어도 맛있겠당,2025-07-20
83,ddimmi96_2025-07-19,imseula22,인천이라두..😢😢,2025-07-20
84,ddimmi96_2025-07-19,liuujki,❤️,2025-07-19
85,ddimmi96_2025-07-19,manokfsa,으엑.. 방학인데 숙제가 밀려와서 못가는 현실이랍니다.. ㅠ,2025-07-19
86,ddimmi96_2025-07-19,gimseogyeong626,분당 가즈아 🔥🔥🔥🔥 팬사인회라니👏👏👏👏,2025-07-21
87,ddimmi96_2025-07-19,gimseogyeong626,안산쪽으로 와주시면 ㅠㅠ😢😢,2025-07-22
88,ddimmi96_2025-07-19,sohyi.i,미쳐따 평촌? 당장가 당장사,2025-07-21
89,ddimmi96_2025-07-19,d._.ox.h,매일 댓글 달기 해도 돼나요??,2025-07-19
90,ddimmi96_2025-07-19,yeo._.j2,부산 와주세요 제발요 😢 103트째,2025-07-20
91,ddimmi96_2025-07-19,imseula22,부천 ㅜㅜ😢😢,2025-07-20
92,ddimmi96_2025-07-19,ddimmi96,"📢 ‘띠뽀끼’ 롯데백화점 경기도 팝업 오픈!🔥
이번엔 한 지점이 아니라
분당점 👉 평촌점 👉 동탄점 릴레이 팝업 갑니다!
띰띰이들 사랑덕에 포항, 부산 이어 경기까지 올라왔어요😍 말하고 싶어 죽는 줄!!!
.
📍 롯데백화점 팝업 일정
분당점: 7/25 ~ 7/31
평촌점: 8/1 ~ 8/7
동탄점: 8/15 ~ 8/21
.
🖊️ 띠미 팬사인회 + 띠미 쿠킹쇼 일정
• 분당: 7/26(토) 2시 ~ 5시
• 평촌: 8/2(토) 2시 ~ 5시
• 동탄: 8/16(토) 2시 ~ 5시
.
프리미엄 띠뽀끼 밀키트 + 현장 한정 슬러쉬 컵띠뽀끼 판매!
(단, 사인회 시간엔 컵띠뽀끼 판매만 잠시 중단돼요)
.
경기 띰띰이들 가족분들과 친구분들과 애인과 가까운 지점으로 꼭 와주세요❤
곧 만나러 갑니다❤",2025-07-19
93,ddimmi96_2025-07-19,jin_choii,😍😍😍😍,2025-07-19
94,ddimmi96_2025-07-19,r._.xin14,사탕이 될거 같은ㄷㅔ?,2025-07-27
95,ddimmi96_2025-07-19,jx_m2in,사탕으로 만들어보는건 어떠유?,2025-07-24
96,ddimmi96_2025-07-19,s0._ye.n,근데 그와중에 양갱 진짜 맛있을것같다..,2025-07-22
97,ddimmi96_2025-07-19,bagseou967,색소 사용 하면 안된돼여😢,2025-07-28
98,ddimmi96_2025-07-19,annayarzi,Para que se vea el efecto tienes que usar chocolate obscuro,2025-07-23
99,ddimmi96_2025-07-19,parksooho1236,케케크롱,2025-07-23
100,ddimmi96_2025-07-19,jia04.07,김은 돼나?(?),2025-07-20
101,ddimmi96_2025-07-19,under_rabbit0329,좀더 검은색으로 해봅시다!,2025-07-19
102,ddimmi96_2025-07-19,lookiehong,제 생각에는 아예 불투명해야하는 것 같아요. 그리고 초콜릿은 원래 밀착된 상태에서 굳으면 카카오버터 결정으로 인해 광택이 나곤하는데 저 구조덕분에 더욱 날 수 있는 것입니다. 😮 실리콘은 광택이 쉽지 않았는데 말이죠 ㅎㅎ,2025-07-24
103,ddimmi96_2025-07-19,jhs_hoote,사탕도 괜찮을듯,2025-07-19
104,ddimmi96_2025-07-19,heosoyul8,그냥 투명색으로 하면 됄수도 이ㅛ을거 같아요,2025-07-23
105,ddimmi96_2025-07-19,ekgo_04,얼음으로 만들면 될 것 같아요!,2025-07-20
106,ddimmi96_2025-07-19,choimanhomanho,비누 해봐요,2025-07-19
107,ddimmi96_2025-07-19,rayoon._.14,언니 그냥 초콜릿만 만들자,2025-07-19
108,ddimmi96_2025-07-19,ssso_eun._._,빨리왔다,2025-07-19
109,ddimmi96_2025-07-19,haru_131008,오늘도 재미있는 영상 감사합니다❤️,2025-07-19
110,ddimmi96_2025-07-19,t4e7ewdy8,검은색이 문제가 아니라 틀의 미세한 결이 찍힐만큼 묽고 입자가 작아야 해요,2025-07-22
111,ddimmi96_2025-07-19,yong43400,👍 👍 👍 👍,2025-07-19
112,ddimmi96_2025-07-19,so_jung_03_,초콜릿 몰드인데 당연하지...,2025-07-20
113,ddimmi96_2025-07-19,rla._.wngh,무광만 가능한거같은데요...?,2025-07-25
114,ddimmi96_2025-07-17,__cayn1,맛이ㅛ게ㅛ다,2025-07-25
115,ddimmi96_2025-07-17,nari_kie_1985,저 부산 팬미팅 갔어요!,2025-07-19
116,ddimmi96_2025-07-17,d._.ox.h,매일 댓글 달기 해도 돼나요??,2025-07-17
117,ddimmi96_2025-07-17,ddimmi96,"설리당에서 지금 프리미엄 종합과일 8종 세트를 59,900원에 판매중이에요‼️
직접 받아보니 가격이 말도 안돼요!😭
선물용으로 정말 찐 강추 드립니다❤
(계절에 맞게 과일구성이 달라진다고 하니 참고 부탁드려요)
네이버에 '설리당'을 검색해주세요!🔍",2025-07-17
118,ddimmi96_2025-07-15,u30_of_storm,4만원짜리 수박이라니ㄷㄷ,2025-07-16
119,ddimmi96_2025-07-15,luckyhong0600,띠미님 휴대폰케이스 어디껀지요?ㅎ 넘 예뻐요. 정보공유해주실 수 있나용???❤️,2025-07-15
120,ddimmi96_2025-07-15,taevetayle,오천원짜리 수박은 로또터진거고 4만원짜리는 대충사도 저정도 퀄리티가 유지되는거겧지.. 수박 잘못사면 참외보다 맛없잖음,2025-07-17
121,ddimmi96_2025-07-15,minchae051,왜 속는거에요..ㅋㅋㅋㅋ저거 해외 수박 영상 뽑아와서 광고 하잖아요.. 저런 수박은 유럽이나 중동 쪽 가야 먹을 수 있대요,2025-07-25
122,ddimmi96_2025-07-15,mukorang,우앙,2025-07-15
123,ddimmi96_2025-07-15,hyolyeong0211,5천원짜리 수박이 있다니,2025-07-22
124,ddimmi96_2025-07-15,klmheejae,렌즈 새로운걸,2025-07-15
125,ddimmi96_2025-07-15,youtubecreatorskorea,띠미 ddimmi 님의 채널의 영상이 인기 급상승 Shorts에 올랐어요!🙌💛,2025-07-16
126,ddimmi96_2025-07-15,"언제나 흥미로운 콘텐츠를 보여 주시는 우리 띠미 님🍉❤️
yeolmu319",맨유맨유하지 않구나...,2025-07-26
127,ddimmi96_2025-07-15,xkoxn12,오,2025-07-17
128,ddimmi96_2025-07-15,xin______xx___,떼잉,2025-07-15
129,ddimmi96_2025-07-15,son0_o,영상에 나오는 수박들 다 외국 영상으로 알고 있슴돠,2025-07-15
130,ddimmi96_2025-07-15,gimtaeeun6721,뭐야. 사기였어,2025-07-16
131,ddimmi96_2025-07-15,kim_habeen_,그렇게 자를려면 칼자국만 내야 해요,2025-07-22
132,ddimmi96_2025-07-15,raqlfxka,애초에 저 호텔수박이라는 저 수박 똑같은 영상만 보여주고 먹는영상은없고 ㅉㅉ,2025-07-17
133,ddimmi96_2025-07-15,hun_loves_young_viola,차암나.역시 사기일 줄 알았다구!!,2025-07-15
134,ddimmi96_2025-07-15,yong43400,👍 👍 👍 👍 👍,2025-07-15
135,ddimmi96_2025-07-13,u_ha_j,미세한 음각을 새겨 빛의 반사와 굴절로 빛 산란을 만드는 듯,2025-07-19
136,ddimmi96_2025-07-13,mukorang,우앜ㅋㅋㅋ,2025-07-13
137,ddimmi96_2025-07-13,jin_choii,템퍼링 해서 다시해죠...,2025-07-13
138,ddimmi96_2025-07-13,xplsubin,이거 1번더 해도 홀로그램 생기는건가?,2025-07-13
139,ddimmi96_2025-07-13,kangyeojin2022,맛있겠다앙❤️❤️❤️❤️❤️❤️,2025-07-13
140,ddimmi96_2025-07-13,kkkwwweq,재활용 되나용,2025-07-13
141,ddimmi96_2025-07-13,reproducibiiity,저 몰드에 저런 무지개 잉크가 묻어있는 게 아니라 몰드 자체가 가지는 미세한 구조로 인해서 저런 색이 보이는 구조색인 거 같네요.,2025-07-23
142,ddimmi96_2025-07-13,"저 몰드에 담긴 초콜렛도 같은 구조를 가지게 되면서 표면에 저런 무지갯빛이 보이는 원리인듯합니다.

자연에서는 오팔이나 나비문양 같은게 있어요.
44geyo._.o",저 홀로그램 부분이 올록볼록한거예요?,2025-07-18
143,ddimmi96_2025-07-13,hhhhhhh071999,그냥 홀로그램 무늬가 박혀서 그렇게 되는거아닌가..,2025-07-13
144,ddimmi96_2025-07-13,dltmdwn310,사실 원리로 보면 무지개나 홀로그램이나 다를건 없지않나,2025-07-14
145,ddimmi96_2025-07-13,sssssdyyyy,@_annn.ji 헐 나이거,2025-07-19
146,ddimmi96_2025-07-11,ddimmi96,진짜... 이건 미쳤어 😱😱😱!!!!!!,2025-07-11
147,ddimmi96_2025-07-11,jangsy8090,와 미쳤다👏👏,2025-07-12
148,ddimmi96_2025-07-11,scrim_offcial,👏👏👏👏,2025-07-12
149,ddimmi96_2025-07-11,asc611611,😍,2025-07-12
150,ddimmi96_2025-07-11,yong43400,와우대박입니다 👏😍,2025-07-12
151,ddimmi96_2025-07-11,under_rabbit0329,가성비 차이는 어때요?,2025-07-12
152,ddimmi96_2025-07-11,y_na018,1빠 고정해주세요,2025-07-11
153,ddimmi96_2025-07-10,jeehyunee____,꺄앙 다다제과점 진짜 너무너무 마싯죠 ! 제가 대전 사람이라 ! 다다제과점 샌드베이글 너무 마싯서서 자주 가는데 ! 사장님두 너무너무 친절하시구 .. 제가 알기론 ! 사장님이 성심당에서도 근무를 하셨던 정말 금손 사장님이신걸로 알고 있어요 :) 진짜 모찌빵도 맛있지만 샌드베이글 맛집이에요 🥹 직접가면 마카롱도 볼 수 있어요 ! 휘낭시에랑 에그타르트도 있구요 ! 💕 띠미님께서 다다제과점 샌드베이글을 드셨다구 하니 뭔가 너무 반가운 마음 .. 💕,2025-07-15
154,ddimmi96_2025-07-10,ddimmi96,정보✨,2025-07-11
155,ddimmi96_2025-07-10,"샌드베이글 : 다다제과점
쫀득쿠키 : 몬크쿠키
메론케이크 : 디디얌
쿠키도우 : 티웨스트
dhxkkkzn",립제품 궁금해용,2025-07-10
156,ddimmi96_2025-07-10,dhdxili,샌드베이글 어디껀가요??ㅠㅠ,2025-07-11
157,ddimmi96_2025-07-10,hyeony_story,버터집?!,2025-07-11
158,ddimmi96_2025-07-10,hhhhhhh071999,쿠키도우를 구우면 쿠키되나요??,2025-07-20
159,ddimmi96_2025-07-10,x.je_12,1분전,2025-07-10
160,ddimmi96_2025-07-10,myj3.138,4빠인가요,2025-07-10
161,ddimmi96_2025-07-10,yong43400,👍 👍 👍 😍,2025-07-11
162,ddimmi96_2025-07-10,l_l_l1004kave,스콘느낌?,2025-07-10
163,ddimmi96_2025-07-10,3a_walnut,2빠,2025-07-10
164,ddimmi96_2025-07-09,uyni_92.15.18,ㅋㅋㅋㅋㅋㅋㅋ워후 이거는 진짜 용암먹듯이 입에 불나게 먹을 수 있을듯,2025-07-09
165,ddimmi96_2025-07-09,e__z__u,중간에 ai아닙니다 ㅋㅋㅋㅋㅋㅋㅋ 무슨 감성인지 정확히 알아서 웃기구 넘 귀여워용🤣😆,2025-07-10
166,ddimmi96_2025-07-09,mixe_v0,하진짜맛있겠ㄷ,2025-07-11
167,ddimmi96_2025-07-09,imojuheei,오늘 용안 미쳤다. 수수하니 넘 이쀼 🫶🏻,2025-07-09
168,ddimmi96_2025-07-09,osarang52,마쉬맬로 로 하는거아나였어용? 불해서..,2025-07-10
169,ddimmi96_2025-07-09,_jin0_h,왤케 주먹밥 튀긴게 순대 같지ㅋㅋ,2025-07-10
170,ddimmi96_2025-07-09,lee_haeung,에이 에쓰 엠 아아아아아아알,2025-07-26
171,ddimmi96_2025-07-09,heaun_kang,천재다 천재..,2025-07-10
172,ddimmi96_2025-07-09,joonhee_seo,닭발에 주먹밥 찍어먹는건 뭔 뜻이에요?,2025-07-10
173,ddimmi96_2025-07-09,m1g_y0,이거 떡볶이로 만들어도 괜찮을거 같은데,2025-07-09
174,ddimmi96_2025-07-09,_s.xah2,닭발에주먹밥을 찍어먹나요,2025-07-10
175,ddimmi96_2025-07-08,ddimmi96,부침개 정보✨,2025-07-08
176,ddimmi96_2025-07-08,"사옹원 프리미엄 해물파전
풀무원 철판 오징어 김치전
안원당 감자채전
only.joohyun",이쁘셩 😍😍😂,2025-07-10
177,ddimmi96_2025-07-08,_zu.xk,1,2025-07-08
178,ddimmi96_2025-07-08,eunbyeolii13,@tnfuarnl,2025-07-10
179,ddimmi96_2025-07-08,jhyuni0728,애드머,2025-07-10
180,ddimmi96_2025-07-08,sy.xn_3,편집이ㅋㅋㅋㄱㅋㅋ,2025-07-08
181,ddimmi96_2025-07-08,jaewonhandsome,이사람 왜 이렇게 변함 ㅋㅋ,2025-07-10
182,ddimmi96_2025-07-08,chaenii030,ㅋㅋㅋㅋㅋㅋㅋㅋㅋㅋㅋㅋㅋ아 너무 잘했는데여,2025-07-08
183,ddimmi96_2025-07-08,dahee138,요즘 편집 무슨129?!??❤️❤️,2025-07-08
184,ddimmi96_2025-07-08,jinhwan_y_89,띠드머 ㅋㅋㅋ 😍,2025-07-08
185,ddimmi96_2025-07-08,s_sgxe,에드머 생각난다,2025-07-08
186,ddimmi96_2025-07-08,totose_11,표절인가(?),2025-07-11
187,ddimmi96_2025-07-06,wwwnnsss,떡볶이면 요청했는데 왜 햄버거패티 만드셨나요 해명좀요,2025-07-06
188,ddimmi96_2025-07-06,jdysidi,육회아닌가요,2025-07-27
189,ddimmi96_2025-07-06,heeyomagram,설거지 짱많아...,2025-07-08
190,ddimmi96_2025-07-06,_j1hx.12,이모! 저 기억나세요!! 저 그 퓨림이에요! 이모를 첨으로 이모라고 부른!!,2025-07-06
191,ddimmi96_2025-07-06,jeonuhyeon728,아이디어 ㄹㅈㄷ...,2025-07-06
192,ddimmi96_2025-07-06,200512_arin,오 이거 보완해서 제품 하나더 내시는것도 ㅎㅎㅎ 띠뽁국수 이렇게?ㅎㅎㅋㅋ,2025-07-06
193,ddimmi96_2025-07-06,mukorang,진짜 마싰을 거 같음ㅋㅎㅋㅋㅎ,2025-07-06
194,ddimmi96_2025-07-06,scrim_offcial,😮😮😮😮😮,2025-07-06
195,ddimmi96_2025-07-06,jinhwan_y_89,ㅋㅋㅋ 솔직히 비쥬얼은 ... 🤦‍♂️,2025-07-06
196,ddimmi96_2025-07-02,u30_of_storm,"항상 윾튜브보다 인스타로 먼저 보는 느낌인데, 빠른 숏츠 너무 좋네요ㅎㅎ",2025-07-02
197,ddimmi96_2025-07-02,klmheejae,빠른 촬영 빠른 업뎃,2025-07-02
198,ddimmi96_2025-07-02,jinhwan_y_89,쌈장게장 맛나것슴돠 🤤,2025-07-02
199,ddimmi96_2025-07-02,hoy_jun_0307_14,고정좀,2025-07-02
200,ddimmi96_2025-07-02,jy_dh_hw_yh__,@d.j.h.y.bf,2025-07-02
201,ddimmi96_2025-07-02,dodopp86,@sue_ev,2025-07-03
202,ddimmi96_2025-06-30,ansungchul_92,😍😍😍,2025-07-02
203,ddimmi96_2025-06-30,uyni_92.15.18,중간중간 냠냠 소리 굉장히 귀엽 ㅋㅋㅋ,2025-06-30
204,ddimmi96_2025-06-30,duckduck1818,누나 근데 겁나 예뻐요,2025-06-30
205,ddimmi96_2025-06-30,ddimmi96,띠뽀끼 팝업덕에 부산 음식 잔뜩 먹었다,2025-06-30
206,ddimmi96_2025-06-30,"부산 음식 쥑이네요!!!!!❤❤❤❤
부산 너무 좋아😭!!!!!!
soyoon4011",평택도 왜주세요…,2025-07-01
207,ddimmi96_2025-06-30,hyolyeong0211,저 순대는 특이하네 맛있겠당,2025-07-22
208,ddimmi96_2025-06-30,dogiruo,부산조아❤️,2025-07-01
209,ddimmi96_2025-06-30,duckduck1818,국밥이 최고지🔥🔥,2025-06-30
210,ddimmi96_2025-06-30,zzin_baei,불백집 완전 내스타일 오늘 점심은 여기다!,2025-07-01
211,ddimmi96_2025-06-30,miixnxs.c.14,다음에 또 한번와주세요.. 그때 딱 피구대회라 못갓단 말이에요 ㅜㅜㅜ,2025-06-30
212,ddimmi96_2025-06-30,sxrv2n,다음에 또 와주세요 주말이면 제가 달려갈게요,2025-06-30
213,ddimmi96_2025-06-30,1._.993_luv,초양불백도 가주세요!!!!!,2025-07-01
214,ddimmi96_2025-06-30,min.seo7908,운니운니 아직 부산이면 맛집추천해줄겡 서면에 칸다소바라는 일본라멘집 있는데 거기 웨이팅있어서 기다려다가 들어 가거든? 거기 기계 앞에서 주문하면 나와,2025-07-01
215,ddimmi96_2025-06-30,9yull_2da,@ailllllce 초량불백?!?,2025-07-05
216,ddimmi96_2025-06-30,eienjw,@lkitli.lklijk 우리가 가려했던 초량불백이다ㅋㅋ결국시켜먹었지만 그래도맛있엏지이이이이이이 다음엔 꼼장어 꼬??,2025-07-06
217,ddimmi96_2025-06-30,kang.yu1127,마!이게부산이다,2025-06-30
218,ddimmi96_2025-06-30,cosmotic614,밖방이 더 이쁘네,2025-07-01
219,ddimmi96_2025-06-30,o._________.x,11월 부산고..? @3books_kim,2025-07-03
220,ddimmi96_2025-06-30,hongsangug7750,띠미님 보러못갔네 ㅜ😢,2025-07-01
221,ddimmi96_2025-06-30,hayeon_0109,혹시 팬미팅에서 봤던 유하 기억나나요?,2025-07-01
222,ddimmi96_2025-06-30,jinhwan_y_89,아 싹 다 소주땡김 🤪,2025-06-30
223,ddimmi96_2025-06-30,dacheng_9019,난또 마지막에 욕하는줄,2025-07-09
224,ddimmi96_2025-06-30,lulu_dad93,부산이면 무떡볶이집안가셨네..,2025-07-02
225,ddimmi96_2025-06-30,chogeonjae_,부산 국밥 짱,2025-07-01
226,ddimmi96_2025-06-30,kimminjea1207,와 부중 앞인데,2025-06-30
227,ddimmi96_2025-06-30,kim_seowon1001,언냐 익산 제발루ㅜ,2025-07-17
228,ddimmi96_2025-06-27,k.vso6,언니 전주 전주 전주 전주 전주 전주 전주 전주 전주 전주 전주 전주도 와 주세요...제바라ㅏ라랄❤️❤️❤️❤️❤️😢😢,2025-06-29
229,ddimmi96_2025-06-27,olxyee_,서울은 이미 했을까요오??,2025-06-27
230,ddimmi96_2025-06-27,jiw_oon_0214,저 언니 봤어용 ㅠㅠㅠㅠ😣,2025-07-06
231,ddimmi96_2025-06-27,on1zix,김해 롯데 아울렛!!,2025-06-27
232,ddimmi96_2025-06-27,scrim_offcial,😮😮😮😮,2025-06-30
233,ddimmi96_2025-06-27,hwangjiu4059,먹어보고 십네용,2025-06-27
234,ddimmi96_2025-06-27,nari_kie_1985,꼭 떡볶이사야돼너양???,2025-06-27
235,ddimmi96_2025-06-27,eunha100409,언니 울산도 와주시면 안될까요?🥺,2025-07-06
236,ddimmi96_2025-06-27,_yaxxy2,하 언니 당장갈게,2025-06-27
237,ddimmi96_2025-06-27,ddimmi96,이번에 다 드실수 있도록 쫀득쿠키 왕창 만들었어요!,2025-06-27
238,ddimmi96_2025-06-27,"부산 띰띰이들 다 와주셔야해요!!😭❤️
바로 내일이라서 부산 띰띰이들에게 공유 고고고 🥹‼️
.
✨띠뽀끼 띠미 팬사인회 + 띠미표 쫀득쿠키 선물🎁
📍 롯데백화점 부산본점 지하 2층
📍6월 28일(토) ~ 29일(일)
📍오후 2시부터 5시까지!
.
✨띠뽀끼 부산 팝업
📍 기간: 6월 27일 ~ 7월 3일
mi.nji1167",언니 울산 와줘ㅠㅜ,2025-07-20
239,ddimmi96_2025-06-27,min_gi_13,언니 꼭 갈게요!!,2025-06-27
240,ddimmi96_2025-06-27,1009._.luna,거제도ㅜㅠ,2025-07-10
241,ddimmi96_2025-06-27,y.x2u_,저 제발 제발 창원시 창원에 제발 와주세요ㅠㅠㅠㅠ,2025-07-13
242,ddimmi96_2025-06-27,jhs2.364,익산 와주세요,2025-06-28
243,ddimmi96_2025-06-27,kimdanbi90,화성도 될까요..?,2025-06-28
244,ddimmi96_2025-06-27,haxy.un_13,원주도 와주세요 제발,2025-06-27
245,ddimmi96_2025-06-27,kim_seowon1001,언니 저 익산..ㅜ 익산에 유튜버 별루 안온단 말에여,2025-07-16
246,ddimmi96_2025-06-27,jeong._.2014,당장 갈게요,2025-06-29
247,ddimmi96_2025-06-27,jeongachoe05,천안도... 와주세요,2025-07-24
248,ddimmi96_2025-06-27,djr2of,전주,2025-06-30
249,ddimmi96_2025-06-27,ar._.0724,언니..쫀득쿠키는 다 언니가 이끄는것 같아..,2025-07-04
250,ddimmi96_2025-06-27,jungyudong3057,대전와주세요,2025-07-08
251,ddimmi96_2025-06-27,minji140902,오아..힘들으셨겠는데 먹어보고 싶다..,2025-06-27
252,ddimmi96_2025-06-27,re_roi25,바로가야겠다,2025-06-28
253,ddimmi96_2025-06-27,kimsohee1028,계룡도와주세요,2025-07-24
254,ddimmi96_2025-06-25,u30_of_storm,마성의 양파 가루라니ㅎㅎ,2025-06-25
255,ddimmi96_2025-06-25,h_m.x10,마성의 양파가루🧅비결이 이 가루 였다니 얼른 사먹어봐야 겠어요 띠미님 덕분에 다양한 가루를 알게되었네요!:),2025-06-25
256,ddimmi96_2025-06-25,do.oooooong,시식코너에서 양파가루랑 마늘가루 섞어서 뿌려 구워요! 이모가 마트 직원이라 알고있슴듕...,2025-06-26
257,ddimmi96_2025-06-25,wise_kko1ng,마늘가루아니였나요?,2025-06-25
258,ddimmi96_2025-06-24,mukstar_md,역시 금손이심😍❤️❤️,2025-06-24
259,ddimmi96_2025-06-24,gangyubin5,가격은 구독,2025-06-27
260,ddimmi96_2025-06-24,love_hodo_amber,생크림더는숟가락우리집에있어용가격은150000원❤️❤️❤️,2025-06-29
261,ddimmi96_2025-06-24,heeyomagram,금손인데👏👏👏왜캐 잘만드는거야👏👏👏15마넌정도,2025-06-24
262,ddimmi96_2025-06-24,jinhwan_y_89,진짜 잘 만듬 😳👍,2025-06-24
263,ddimmi96_2025-06-24,page.somxn,10만원 정두??? 근데 진짜 잘만드셨다..,2025-06-24
264,ddimmi96_2025-06-24,yong43400,👍 👍 👍,2025-06-25
265,ddimmi96_2025-06-21,judy_kdy0429,언니 가디건 어디꺼?😢 예쁘당,2025-06-22
266,ddimmi96_2025-06-21,gangharang26,언닝 아사이볼도 맛있엉 ㅋㅋㅋ,2025-06-21
267,ddimmi96_2025-06-21,korean.michael,우리동네는 품절이 없든데,2025-06-22
268,ddimmi96_2025-06-21,dding._.ni,3시에 사먹음,2025-06-21
269,ddimmi96_2025-06-21,xjwurt,피부 뽀얀거 보소..😍,2025-06-21
270,ddimmi96_2025-06-21,megamgcgeomampost,맛도리만 주문하셨네요!😍😍😍,2025-06-25
271,ddimmi96_2025-06-21,ath7.532,망빙 존맛,2025-06-22
272,ddimmi96_2025-06-21,h_jin__z,@lovehe_79 와...이렇게 4개 시키면.....블랜더 다 쓰는데여..?,2025-06-23
273,ddimmi96_2025-06-20,d.xyul77,띠미님 맛있는거 많이드시고 행복하세용❤️,2025-06-20
274,ddimmi96_2025-06-20,anhyemi96,먹고싶다😢..••..,2025-07-08
275,ddimmi96_2025-06-20,jsys2_7426j,🙌🙌🙌,2025-06-20
276,ddimmi96_2025-06-20,ohsangmln,초반에 다진마늘을 넣게 되면 알싸한 맛은 날아가고 진한 마늘 단맛이 좋고 마지막쯤 다진마늘을 넣으면 완성된 파스타에 알싸하고 매콤한 맛이 살아납니다 초반과 막판에 나누어 넣으면 좋습니다,2025-06-21
277,ddimmi96_2025-06-20,jsys2_7426j,맛있겠당❤️,2025-06-20
278,ddimmi96_2025-06-20,xjwurt,전남친이 부러울 줄이야..😢,2025-06-21
279,ddimmi96_2025-06-19,nado_odo,너 왤케 귀엽니?,2025-06-19
280,ddimmi96_2025-06-19,rlafkgml14,1빠?,2025-06-19
281,ddimmi96_2025-06-19,wldnwldn77,@healingday2020 샤브 올데이 메모 ㅋㅋㅋ,2025-06-19
282,ddimmi96_2025-06-18,ddimmi96,진짜 미쳤다....❤,2025-06-18
283,ddimmi96_2025-06-18,"연어스리라차보다 훨 배 맛있어요
튀기는게 귀찮으시겠지만 꼭 드셔보시길😭
eunnam_choi_86",연어보다 맛있겠어용~♡♡,2025-06-19
284,ddimmi96_2025-06-18,ryeon_nin2,와 ㅈㅂ 언니 이거 햄버거 만들어서 먹어줘요 개맛도리일거같애 💦💦❤️,2025-06-18
285,ddimmi96_2025-06-18,dongwooboom819,와 먹고싶드아..😮,2025-06-19
286,ddimmi96_2025-06-18,hyonee_daily,이정도면 그냥 라이스페이퍼해서 구워도 맛나겟어요 ㅠ,2025-06-21
287,ddimmi96_2025-06-18,wjddusal38,내가좋아하는 조합이다 ㅋ,2025-06-20
288,ddimmi96_2025-06-18,me_row00,옥수수 빼준거 오히려 조아…,2025-06-19
289,ddimmi96_2025-06-18,yong43400,와우 맛있어보여요,2025-06-18
290,ddimmi96_2025-06-18,soohyun0406,혹시 자세한 레시피좀알려주실수 잇어여?,2025-07-19
291,ddimmi96_2025-06-18,"ㅠ 만듥고ㅗ 시픈뎅
gimtaehyi4278",맛있어 보여여ㅕ,2025-06-18
292,ddimmi96_2025-06-18,b.i_1xn,안에 치즈 넣으면,2025-06-18
293,ddimmi96_2025-06-18,_iamwisdom,옥수수가 킥인데..,2025-06-20
294,ddimmi96_2025-06-18,suz1ny,@nan_dahyeon__ida 다현이 만들어줘,2025-07-03
295,ddimmi96_2025-06-18,syuvely__,@smm._.mm 마싯겟댜,2025-06-23
296,ddimmi96_2025-06-18,mn.g00ng,@chae_0hee 이거 만들어줘,2025-06-19
297,ddimmi96_2025-06-18,aleumna365,천재다,2025-06-21
298,ddimmi96_2025-06-18,zzangsulgii,이건 무조건 일단 저장... 미쳤어요,2025-06-19
299,ddimmi96_2025-06-18,qowhdals92,저기다 피자치즈 도 넣어서 튀겨야,2025-06-20
300,ddimmi96_2025-06-18,uouv330,침나오내요😍,2025-06-20
301,ddimmi96_2025-06-18,note_cat000,와우,2025-06-18
302,ddimmi96_2025-06-18,jinhwan_y_89,진짜 맛나보입니닷 🤤,2025-06-18
303,ddimmi96_2025-06-10,ddimmi96,🇫🇷 Paris Match에서 저를 인터뷰하러 왔어요!,2025-06-10
304,ddimmi96_2025-06-10,"프랑스의 대표적인 정말 엄청난 매거진이래요‼️
유럽 사람들이 다 본대요!!😱

한국의 디저트 크리에이터로서
진심 가득 담아 제 이야기를 전하고 왔습니다!
정말 너무 영광이고
이런 기회가 올 수 있었던 건 다 띰띰이들 덕분이에요🥹💛
항상 응원해주셔서 진심으로 감사해요!

조만간 기사 나오면 바로 공유할게요!😍
wwwnnsss",마스터 쉐프 프랑스 나온다는거 사실이야?,2025-06-10
305,ddimmi96_2025-06-10,gdjwhw7,너무너무 먹고싶어요,2025-06-12
306,ddimmi96_2025-06-10,pairy__,당보충 하시는 띠미님 존귀ㅠㅠ,2025-06-11
307,ddimmi96_2025-06-10,0.111.8,언니 립 정보 궁금해요!,2025-06-25
308,ddimmi96_2025-06-10,gdjwhw7,저주실수있나요? ㅠㅠ,2025-06-12
309,ddimmi96_2025-06-10,_seon.min,저 주세요,2025-06-16
310,ddimmi96_2025-06-10,o.tengis12.8,저 주세요,2025-06-11
311,ddimmi96_2025-06-08,jeon_unni_,마시께무근당😍😍기분주아용💕,2025-06-08
312,ddimmi96_2025-06-08,chaeyoonnim,헉 영상 넘 귀여워요,2025-06-08
313,ddimmi96_2025-06-08,z3r0.q7,🇹🇷🇹🇷🇹🇷🇹🇷🇹🇷🇹🇷🇹🇷🇹🇷🇹🇷,2025-06-08
314,ddimmi96_2025-06-08,gimminhyeog224,쌈뽕깔롱하내,2025-06-08
315,ddimmi96_2025-06-08,z3r0.q7,🇹🇷🇹🇷🇹🇷🇹🇷🇹🇷,2025-06-08
316,ddimmi96_2025-06-08,2n.snowww,미쳤다ㅏ❤️‍🔥,2025-06-08
317,ddimmi96_2025-06-08,klmheejae,얘는 왜 살이 안찌나.,2025-06-08
318,ddimmi96_2025-06-08,yxu._n_ha,13빠!!! 댑악,2025-06-27
319,ddimmi96_2025-06-08,artist.neum,딸기띠끼딺끼끼끼와 ㅠㅜ 야무지게먹으네유 😢🦭💯,2025-06-08
320,ddimmi96_2025-06-08,z3r0.q7,AUUUUUUUU,2025-06-08
321,ddimmi96_2025-06-08,romance14age,혹시 뭐 보내드린다는게 쫀득쿠키 300개는 아니죠?;;,2025-06-16
322,ddimmi96_2025-06-08,_______rmiii,@bsblove5 알고리즘 진짜 ㅋㅋㅋ,2025-06-10
323,ddimmi96_2025-06-06,xin______xx___,진짜 신기하다요 초콜릿 궁금!!😮,2025-06-06
324,ddimmi96_2025-06-06,mikii0612,팝타르트는 토스트기에 구어먹으서요❤️,2025-06-07
325,ddimmi96_2025-06-06,ko_ch.t2,머리에 뭐야ㅋㅋㅋㅋㅋㅋ,2025-06-06
326,ddimmi96_2025-06-06,ch.3won,👏👏👏👏👏,2025-06-06
327,ddimmi96_2025-06-06,ddimmi96,띠미 유튜브 풀영상 보면,2025-06-06
328,ddimmi96_2025-06-06,"미국 간식 더 미친 거 나옵니다‼️
🔥진짜 역대급으로 재밌으니까 꼭 보러 오세요🔥
se0.yn_1",@anunu.eat 님 복숭아 초콜릿 요거트 말먹해주세요♡,2025-07-09
329,ddimmi96_2025-06-04,klmheejae,마싯게땨 🧡🧡,2025-06-04
330,ddimmi96_2025-06-04,myeong_jonmatt,큼지막한 맛도리 닭 교촌❤️,2025-06-10
331,ddimmi96_2025-06-04,daeseo377,우리 집 근처다?,2025-06-13
332,ddimmi96_2025-06-04,illillillillllll,교촌이비싼이유는 매장에선 이걸 하나하나붓으로바르고 있기때문이 아닐까합니다..매장포장하러가보면 전부다 붓들고 주방에서 소스바르고있어욬ㅋㅋ,2025-06-05
333,ddimmi96_2025-06-04,gweongogeun3,나 구미 사믄데,2025-06-04
334,ddimmi96_2025-06-04,ddimmi96,"가격은 33,000원이었습니다!",2025-06-04
335,ddimmi96_2025-06-04,banana120807,10년 동안 한번도 본적이 없는디 어디죠?,2025-06-05
336,ddimmi96_2025-06-04,banana120807,어?구미에 저런곳이?,2025-06-05
337,ddimmi96_2025-06-04,jina_04_0314_2,구미닷~,2025-06-18
338,ddimmi96_2025-06-04,somin_0523,헉 나 구미사는데,2025-06-06
339,ddimmi96_2025-06-04,brave97s,와 신박해,2025-06-05
340,ddimmi96_2025-06-04,usona_official,결국 찍먹엔딩ㅋㅋㅋㅋㅋㅋㅋㅋㅋㅋㅋㅋ,2025-06-04
341,ddimmi96_2025-06-04,artist.neum,오우야 그러하다,2025-06-05
342,ddimmi96_2025-06-04,cocoamo_332,구미사는데 가본적 없음,2025-06-06
343,ddimmi96_2025-06-04,bovely_1103,@be._.llloved @rara._.family 그냥 돈주고 교촌 알바체험,2025-06-06
344,ddimmi96_2025-06-04,g_hk_12,??? 구미내가 사는곳인데요 ㅋㅋ,2025-06-09
345,ddimmi96_2025-06-04,artist.neum,띠ㅁ끼끼,2025-06-05
346,ddimmi96_2025-06-04,sieun_426,저 구미에 사는데 ㅠㅜㅠ!!!,2025-06-05
347,ddimmi96_2025-06-03,jinseon__0523,고생하셨어요! 저 띠뽀끼도 시켰답니당☺️❤️,2025-06-04
348,ddimmi96_2025-06-03,baby_pig.rabbit,진짜 멋져요❤️❤️❤️❤️❤️ 대박기원입니다요 ❤️❤️❤️❤️❤️❤️,2025-06-03
349,ddimmi96_2025-06-03,sooom___ni,애기~ 고생해쩌❤️❤️,2025-06-03
350,ddimmi96_2025-06-03,hp_makeup.kr,기엽고 사랑스러워❤️,2025-06-03
351,ddimmi96_2025-06-03,hp_makeup.kr,너무멋진 띠미❤️❤️,2025-06-03
352,ddimmi96_2025-06-03,yeon__story_x,아이궁 고생하셨어요😍😍,2025-06-03
353,ddimmi96_2025-06-03,jjeongyu4,저 쫀득쿠키좋아해서 받을려고갔는데 못받았어요ㅠㅠㅠ 근데띠볶이진짜맛있었어요❤️❤️❤️❤️❤️❤️❤️❤️,2025-06-12
354,ddimmi96_2025-06-03,ddimmi96,🎉띠뽀끼 첫 팝업에 와주신 모든 분들,2025-06-03
355,ddimmi96_2025-06-03,"진심으로 정말정말 감사합니다❤️
예상보다 훨~씬 많은 분들이 찾아주셔서
쫀득쿠키를 다 드리지 못한 점 너무 죄송해요😭
유튜브 8년 하면서 이렇게 많이 싸인한 건 진짜 처음이에요… 역대급!!!
손이 퉁퉁 부었을 정도로요!! ✍️🫣
그만큼 띰띰이 한 분 한 분 너무 반가웠고
이틀 내내 진심으로 행복했습니다
띰띱이들 덕분에 잊지 못할 추억이에요.
사랑합니다 진짜루요…❤❤❤
takfox051328",대전에도 왔음좋겄다요,2025-06-04
356,ddimmi96_2025-06-03,lof_wj,와여기우리언니동네인데.. 저희언니네카페도좀가주실래여,2025-06-05
357,ddimmi96_2025-06-03,mak_onni,포항가고파,2025-06-03
358,ddimmi96_2025-06-03,just_maesil,수고해쏘 언니❤️❤️,2025-06-03
359,ddimmi96_2025-06-03,oliv_ia7292,언니이 못가서 미안~ 언니 힘들어 보여서 걱정 된다 건강 최고!,2025-06-03
360,ddimmi96_2025-06-03,jkarmy_03,언니 이번에도 서울에 와쥬세여..😢,2025-06-03
361,ddimmi96_2025-06-03,emsem08,뷰산도 와줘요❤️❤️❤️,2025-06-03
362,ddimmi96_2025-06-03,komi1791,진짜 포항왔다고..?,2025-06-07
363,ddimmi96_2025-06-03,h_1eens,주말이면 맨날 가는데ㅠ10분거리...왜 안갔지😢후회..,2025-06-04
364,ddimmi96_2025-06-03,che.a_x,엉니 롱폼은 언제올려용 ...ㅜ,2025-06-04
365,ddimmi96_2025-06-03,yujun_j0717,아 괜히안갓어 어!!!!!,2025-06-11
366,ddimmi96_2025-06-03,si.hyeon_13,띠미언니 정말 고생많으셨어요~! 언니 띠뽀끼 꼭 먹어볼게요!! 다음엔 저도 가고 싶어요♡ 띠미언니 다음에 된다면 김해나 장유에서도 해주세요!!,2025-06-11
367,ddimmi96_2025-06-03,happy_kimmozzi,고생하셨어요~!,2025-06-04
368,ddimmi96_2025-06-03,yunnagyeong246,가까운데 늦게알아서 못 갔당ㅜ,2025-06-13
369,ddimmi96_2025-06-03,dbqlsn7056,부산 도요,2025-06-06
370,ddimmi96_2025-06-03,z5.ghy,나 포항사람인데,2025-06-15
371,ddimmi96_2025-06-03,cwx_yn,화이티이이이잉❤️,2025-06-03
372,ddimmi96_2025-06-03,jn.yy13,헙 저 갔는데!! 언니 넘 잘봤어요❤️❤️ 홧팅,2025-06-03
373,ddimmi96_2025-06-03,jsys2_7426j,언제까지해용??,2025-06-04
374,ddimmi96_2025-06-03,_grace_0829,하...저 포항사는데 왜 몰랐죠..ㅜㅠ환장...,2025-06-04
375,ddimmi96_2025-06-01,ddimmi96,라바치킨 케이크를 만드려했으나 식용색소 이슈로 인해 생닭케이크 만든 건 비밀ㅋㅋㅋ,2025-06-01
376,ddimmi96_2025-06-01,"+ 노래 불러준 해봄아 고마워❤️❤️❤️❤️❤️
k_sy.1.2",해봄님 노래에 치킨 케이크까지 뇌절인데요 ㅋㅋ,2025-06-01
377,ddimmi96_2025-06-01,icangmin94,해봄이 왜 있지 ㅎㅎ 오히려 좋아,2025-06-02
378,ddimmi96_2025-06-01,ch4._n,둘이 닮은듯...❤️🔥,2025-06-01
379,ddimmi96_2025-06-01,jawsba0309,해봄님 예쁘시네요.....😍,2025-06-01
380,ddimmi96_2025-06-01,kr__winter,❤️❤️,2025-06-01
381,ddimmi96_2025-06-01,honi._.0913,야무지게 노래부르고 케이크까지 먹고 오셨넼ㅋㅋ,2025-06-01
382,ddimmi96_2025-06-01,sysy_1007,언니 거기서 뭐해?..?ㅋㅋ둘다 넘 예뽀❤️,2025-06-01
383,ddimmi96_2025-06-01,kym_kdgg,둘다 외모 미쳤다..,2025-06-01
384,ddimmi96_2025-06-01,rami__0216,매력님 강제 1패 ㅋㅋㅋㅋㅋㅋㅋ 영상 두개 번갈아서 보면 혼동 미쳐요 ㅋㅋㅋㅋ,2025-06-01
385,ddimmi96_2025-06-01,kim7_331,예쁜 사람 옆에 예쁜 사람 이라니……❤️,2025-06-01
386,ddimmi96_2025-06-01,gangduweon85,😄😄😄😄😄😄,2025-06-01
387,ddimmi96_2025-06-01,jo_718h,진짜 킹받는 영상이네요 이번엔,2025-06-01
388,ddimmi96_2025-06-01,lovingbom_13,수고했습니다❤️저기서도 저러고있는 봄님도 대단..ㅋㅋ,2025-06-01
389,ddimmi96_2025-06-01,lee_haeung,😂,2025-06-01
390,ddimmi96_2025-06-01,gong_dobi,해봄님 만큼 킹받게 노래부르는 사람은 없음ㅋㅋㅋ,2025-06-01
391,ddimmi96_2025-06-01,inhyung95,라라라라바~~~🔥🔥,2025-06-01
392,ddimmi96_2025-06-01,e.un_10,연어로 라바치킨 해주세요,2025-06-03
393,ddimmi96_2025-06-01,kangeun86,해봄언니 늘좋아하는데요..이건 아닌것같아요😢,2025-06-13
394,ddimmi96_2025-06-01,legendary_leon1234,그래도 매력님 1승해드릴게오,2025-06-02
395,ddimmi96_2025-06-01,immingyu278,해봄열공함,2025-06-06
396,ddimmi96_2025-06-01,min_se1214,해봄님 목소리가 애니매이션에서 들어봤는데,2025-06-02
397,ddimmi96_2025-06-01,kjhbro12,용 용 용암 통 통 통닭 아님?,2025-06-02
398,ddimmi96_2025-06-01,hihi_yunchoi,ㅅㅂ번역이 이상하다고한게 악플임?,2025-06-03
399,ddimmi96_2025-06-01,seb_dgla,조매력이 더 잘 어울리네,2025-06-02
400,ddimmi96_2025-06-01,hsy120507,좀 킹받는다,2025-06-09
401,ddimmi96_2025-06-01,namyunseo127,이게뭐야?🔥,2025-06-17
402,ddimmi96_2025-06-01,lmjun0204,해봄왜저래,2025-06-19
403,ddimmi96_2025-06-01,lim.jean.1,킹받드라슈ㅋㄱㄱㄱㄱㅋ,2025-06-01
404,ddimmi96_2025-06-01,gimdanggeun584977gta,쫌..ㅋㅋ,2025-06-03
405,ddimmi96_2025-06-01,mn._.1031,뭐 어디서 둘리목소리가 나냐,2025-06-01
406,ddimmi96_2025-06-01,sx.rahh1,해봄언니 마스크 벗은거 처음봐요,2025-06-01
407,ddimmi96_2025-06-01,owo12131415,이쯤되니 좀 뇌절인거같은데,2025-07-05
408,ddimmi96_2025-06-01,lee_tae_j,ㄸ,2025-06-01
409,ddimmi96_2025-06-01,yunh2047,?,2025-06-02
410,ddimmi96_2025-06-01,mo_jun_seo,해봄님!! 차력거인 닯았어요!!,2025-06-03
411,ddimmi96_2025-06-01,qpei_bpei,하관 개기노 ㅋㅋ,2025-06-11
412,ddimmi96_2025-06-01,namyunseo127,이게더이상해,2025-06-17
413,ddimmi96_2025-06-01,sik._.24,진짜하역겨워,2025-06-29
414,ddimmi96_2025-06-01,naminjun218,이번은 사람이……..,2025-06-02
415,ddimmi96_2025-06-01,railri6,8주좋아요 1개답글 달기,2025-06-02
416,ddimmi96_2025-06-01,mary_9634_,헐 해봄님이닼ㅋㅋ,2025-06-01
417,ddimmi96_2025-06-01,h_d_y_1710,예쁜 사람 옆에 예쁜 사람이라니,2025-06-02
418,ddimmi96_2025-06-01,taeg_0323,장ㅇ,2025-06-02
419,ddimmi96_2025-06-01,donghae473,?,2025-06-03
420,ddimmi96_2025-06-01,gimdanggeun584977gta,그런디..,2025-06-03
421,ddimmi96_2025-06-01,yejinping4,그래 이거지!!!!❤️👏👏👏👏👏,2025-06-03
422,ddimmi96_2025-06-01,star123._.so,해봄언니 커비 닮았어,2025-06-03
423,ddimmi96_2025-06-01,leeseungjuouo,기영이 목소리 난다..,2025-06-03
424,ddimmi96_2025-06-01,jiu.558,해봄 누나 얼공햇다!,2025-06-03
425,ddimmi96_2025-06-01,king_71_0178,@101and206 조매력 갈수록 문경곤이 돼가네,2025-06-03
426,ddimmi96_2025-06-01,park_sieun12,해봄 넘 예쁘다❤️,2025-06-03
427,ddimmi96_2025-06-01,yuseonghyeon850,해봄 이 누나다,2025-06-03
428,ddimmi96_2025-06-01,mororeetv,해봄언니다! 꺅! 팬이에요! 제 챌린지영상에 와주세여❤️,2025-06-04
429,ddimmi96_2025-06-01,hj_140916,와우,2025-06-04
430,ddimmi96_2025-06-01,xi_hun.6,해보님꺼 들으니까 조매력님 보고싶다 조매력님 보러갈게요,2025-06-04
431,ddimmi96_2025-06-01,ccagh9,뭐야 해봄 언제 얼공함???,2025-06-04
432,ddimmi96_2025-06-01,jin_yeen322,해봄님 마스크 벗으니까 완전 예쁘시네,2025-06-04
433,ddimmi96_2025-06-01,azurejump0617,홀딱 반내~,2025-06-05
434,ddimmi96_2025-06-01,chloekim0416,인거지👏,2025-06-05
435,ddimmi96_2025-06-01,caeyulha6,외모 둘다 미쳤느넫...,2025-06-05
436,ddimmi96_2025-06-01,skgotjd6,모지입에불이난다데불리난다고하네요틀러서요,2025-06-05
437,ddimmi96_2025-06-01,hana_180823,닮았다 해봄 언니 랑,2025-06-05
438,ddimmi96_2025-06-01,satan_word10,이거 또 악플 다는 사람 게@이,2025-06-06
439,ddimmi96_2025-06-01,heoyunseo528,해봄 님이다!,2025-06-08
440,ddimmi96_2025-06-01,seyoung_1201,라라라 라바 치치치 치킨 스티브 용암치킨 예 정말 좋아! 오 마마시타 이제 종을 올리네! 바삭하고 육즙 가득 간식으로 딱이야! 오~엄청매콤 이건 용암 공격이야~,2025-06-08
441,ddimmi96_2025-06-01,kju1501,해봄 언니,2025-06-08
442,ddimmi96_2025-06-01,sy2.01208,어 해봄님이신가요? 😍엄청엄청 예쁘시구 귀여워요 아니 걍 여신이에요,2025-06-10
443,ddimmi96_2025-06-01,hanjeongu0411,먹을때 오른쪽에 해봄님이였구나,2025-06-11
444,ddimmi96_2025-06-01,gux_2e,ㅋㅋㅋ 갑자기 보다가 빵터지네 여전히 킹받는 소리,2025-06-12
445,ddimmi96_2025-06-01,hec12._.23,😍,2025-06-12
446,ddimmi96_2025-06-01,hjm2513,해봄언니,2025-06-15
447,ddimmi96_2025-06-01,hjm2513,😍😍😍,2025-06-15
448,ddimmi96_2025-06-01,jeongjiwan_,이거지,2025-06-18
449,ddimmi96_2025-06-01,si.hyuk_.ii,근데 영어로 해도되는거 아닌가오,2025-06-20
450,ddimmi96_2025-06-01,honggildong7302,진짜 해봄님 왜캐 예쁨?,2025-06-20
451,ddimmi96_2025-06-01,xay0z_1,해봄 얼공함?,2025-06-27
452,ddimmi96_2025-06-01,yx._s0e1,해봄 ㅈㅉ 예쁘다...,2025-06-28
453,ddimmi96_2025-06-01,hongbyeol58,둘이 닮았어요ㅋㅌㅋㅋ,2025-06-28
454,ddimmi96_2025-06-01,yegonkim7,전 영상 해석이 맞습니다.영화에서랑 해석이 똑같음 저건 그냥 박자만 맞춘거.,2025-06-30
455,ddimmi96_2025-06-01,jihyeon0728m,행동이 너무좋아니어떻케게ㅔㅔ,2025-07-03
456,ddimmi96_2025-06-01,siwanei4dip,걍 치킨이 영어 아님?,2025-07-06
457,ddimmi96_2025-06-01,wanggoon4537,둘다예뻐요,2025-07-13
458,ddimmi96_2025-06-01,taehyeon_.0914,치킨은 번역안함?,2025-07-15
459,ddimmi96_2025-06-01,i_want_.luv,둘다 귀여웤ㅋㅋㅋ케익 성공해서 다행이네,2025-07-20
460,ddimmi96_2025-06-01,lyyn2014,❤️,2025-07-28
461,ddimmi96_2025-06-01,yooji_hoo13,뭔가 해봄님 노래부르실때 해리목소리 비슷해요,2025-07-28
462,ddimmi96_2025-05-30,klmheejae,취했겠는데...?,2025-05-30
463,ddimmi96_2025-05-30,klmheejae,@hyukk_roy 야 연락 오래토록 안된날 이날인듯,2025-05-30
464,ddimmi96_2025-05-30,yuhiro0o,ㅋㅋㅎㅋㅋㅎㅎㅋㅎㅋㅎㅋㅎㅋㅎㅋ 아 보기만해도 ㅠㅠㅠㅠ,2025-05-31
465,ddimmi96_2025-05-30,rlaclccl,언니.. 피부 왤케 조아요… 언니처럼 피부관리 어케 해요…🥹🥹🥹🥹🥹,2025-06-06
466,ddimmi96_2025-05-30,wldnwldn77,보는 내가 다 침이 고이는 ㅠㅠㅠㅠㅠ,2025-05-30
467,ddimmi96_2025-05-30,kimmin_030,신게 아니라 술을 못 드시는 것 같은ㄷ..,2025-05-31
468,ddimmi96_2025-05-30,ohsangmln,혀를 왜 때랴욬ㅋㅋㅋㅋㅋㅋㅋㅋ,2025-05-30
469,ddimmi96_2025-05-30,yong43400,👏👏👏🔥,2025-05-31
470,ddimmi96_2025-05-30,pairy__,침이 너무 고여요....,2025-05-30
471,ddimmi96_2025-05-30,artist.neum,쓴맛을 신맛으로 승화해서 주량초월하겠고나 😢( 〃▽〃),2025-05-30
472,ddimmi96_2025-05-30,neoid11,좀 취하셨는데?,2025-06-05
473,ddimmi96_2025-05-30,hwangjeongweon3048,보는 내가 침이 나와 보기만 해도 셔,2025-06-08
474,ddimmi96_2025-05-30,just_maesil,<<핵아이셔사건>>,2025-05-30
475,ddimmi96_2025-05-30,"띠미언니가 이거찍고 만취상태로 약속장소에온사건이다
lela_avraam",8주답글 달기,2025-05-31
476,ddimmi96_2025-05-30,"번역 보기
8ooo127",@ryeyvxbm,2025-05-31
477,ddimmi96_2025-05-29,seong_jun02.23,남자친구잇으세요,2025-05-31
478,ddimmi96_2025-05-29,yangsiyun0306,포...포항...?!,2025-05-29
479,ddimmi96_2025-05-29,iari8504,겁나 이쁘당!!!!,2025-05-29
480,ddimmi96_2025-05-29,sieun_0902,요번주에 봐요오 😍,2025-05-29
481,ddimmi96_2025-05-29,hadamom_jihye,포항 너무 멀자나ㅠㅠ,2025-05-29
482,ddimmi96_2025-05-29,lovevgh134,롯데백화점 어디요,2025-06-09
483,ddimmi96_2025-05-29,jiaryoul,ㅍ…포항…ㅇ…이…요…?…,2025-05-31
484,ddimmi96_2025-05-29,dkdlehfdlehlrhtlvdj,수도권에서도 해주세요ㅠㅠㅠㅠㅠㅠㅠㅠㅠㅠㅠㅠㅠㅠㅠㅠㅠㅠㅠㅠㅠㅠㅠㅠㅠㅠㅠㅠㅠㅠㅠㅠㅠㅠㅠㅠㅠㅠㅠㅠㅠㅠㅠ,2025-05-29
485,ddimmi96_2025-05-29,jn.yy13,언니 고생했어요😢,2025-05-29
486,ddimmi96_2025-05-29,jk_kim88,이야~고생햇어요,2025-06-01
487,ddimmi96_2025-05-29,ddimmi96,✨띠미가 띰띰이들 위해 밤새 구운 쫀득쿠키 600개!✨,2025-05-29
488,ddimmi96_2025-05-29,"하나하나 손으로, 정성 듬뿍 담아 만들었어요…🥹
직접 포항까지 가져갑니다!!💖
.
🍽 띠뽀끼 팝업스토어
📍 롯데백화점 포항점
📆 5.30(금) ~ 6.1(일)
🔥 현장 한정 할인!
띠뽀끼 4인분 23,800원 → 21,420원
.
💌 띠미 팬사인회
• 5.31(토), 6.1(일)
• 오후 12시 ~ 2시
.
🎉 현장 이벤트
• 리뉴얼된 띠뽀끼 4인분 판매
• 띠미 팬미팅
• 띠미가 밤새 만든 쫀득쿠키 증정🍪
.
포항 롯데백화점에 올 수 있는 띰띰이들,
진짜 진짜 꼭 와주세요!!!
보고, 먹고, 즐기고, 저랑 사진도 찍고 싸인도 받아가요❤️
밤새 만든 쫀득쿠키, 띰띰이들 줄 생각에 나 긴장돼!!!!! 곧 만나자!!!!! 🥹
1._geung",@yungk.yg,2025-05-30
489,ddimmi96_2025-05-29,nero_woon,@issa_numb 나대신 싸인좀 받아됴............,2025-05-29
490,ddimmi96_2025-05-28,ddimmi96,저 요새 날치알 막회에 엄청 빠졌어요,2025-05-28
491,ddimmi96_2025-05-28,"이게 요새 핫하더라고요?!!
한국인 100%가 좋아할 맛
아니.. 사랑하는 맛!!!!!
꼭 드세요 꼭!!!!!❤️❤️❤️❤️
jeongheejin365",초장 대신 팔도 비빔장으로 만들어 먹어도 맛있을 것 같아요~시원한 냉면 육수와 국수까지 추가하면 물회 국수처럼 즐길 수 있겠네요!!😆😋,2025-05-29
492,ddimmi96_2025-05-28,ososhddsddr,연어깍두기랑 다르게 너무 번거로움…,2025-07-03
493,ddimmi96_2025-05-28,imjihye0723,밥없는 회덮밥같당😀,2025-07-03
494,ddimmi96_2025-05-28,goldrose_hjm,초장+마요 나름 맛날것 같은데🙄🤔,2025-06-11
495,ddimmi96_2025-05-28,vicky_xo.xo,회... 회무침.....? 횟집가면 있는 그거..? 거기에 육수부우면 물회되는 그거요?😂,2025-06-02
496,ddimmi96_2025-05-28,jinhwan_y_89,띠미 좋다 😍,2025-05-28
497,ddimmi96_2025-05-28,h1ovn_,개맛있겠다,2025-05-28
498,ddimmi96_2025-05-28,wyy__yoou,너무너무 맛있겠어요ㅠㅠ,2025-05-29
499,ddimmi96_2025-05-28,zzangsulgii,이거다...🤤,2025-05-28
500,ddimmi96_2025-05-28,yeunii_0710,@ha_yoooung2 이번엔 이거 먹어주라,2025-05-30
501,ddimmi96_2025-05-28,seungeun_vley,@kop.jy.lee 마싯겟다,2025-05-30
502,ddimmi96_2025-05-28,breezzee_owo,@mamasionn 이거먹어줘이번엔......,2025-06-02
503,ddimmi96_2025-05-28,s.__.d.e,@kkyyung_ 우아동 백김치새싹막회,2025-05-29
504,ddimmi96_2025-05-28,dondon__pig,@rla.xodd,2025-05-30
505,ddimmi96_2025-05-28,_geumi,회무침이라는 명칭이 있는거 아니에요?,2025-06-03
506,ddimmi96_2025-05-28,real_unnie,이건 진쨔 맛없없이닷!👏,2025-05-29
507,ddimmi96_2025-05-28,ttaroneei,@ttaroneei,2025-07-08
508,ddimmi96_2025-05-28,2__sun_,@sangyeon_0404 이거 해먹어보까?,2025-05-29
509,ddimmi96_2025-05-28,chaenii030,1빠,2025-05-28
510,ddimmi96_2025-05-28,yong43400,와우대박이다😍😍😍,2025-05-29
511,ddimmi96_2025-05-28,kyuhong_3,콩가루 뿌려주세요 ㅠㅠ,2025-06-20
512,ddimmi96_2025-05-28,wnaxzs,ㅎ..회무침,2025-05-28
513,ddimmi96_2025-05-28,wertya366,그냥 회덥밥 아니에요.......?,2025-05-28
514,ddimmi96_2025-05-28,double_27k,끝낫다..❤️,2025-05-29
515,ddimmi96_2025-05-27,arara_s2,사쏘요 🔥 빨리왔으몬 ❤️,2025-05-28
516,ddimmi96_2025-05-27,yejun1010336,맛있겠따,2025-07-08
517,ddimmi96_2025-05-27,pushed_ju,띠미님 혹시 쌀떡인가요,2025-06-10
518,ddimmi96_2025-05-27,jueon_12,치즈 진짜 겁나 맛있겠다,2025-05-27
519,ddimmi96_2025-05-27,rlaskfo723,자꾸 매진되서 스토리뜨자마자 바로 겟했어요!!✌️,2025-05-27
520,ddimmi96_2025-05-27,sunflower06198,먹고 싶은데 어떻게 사는지 몰라서 못샀어요ㅠ,2025-06-28
521,ddimmi96_2025-05-27,zoo13576,근데 띠미님 치즈 추가만 더 할수있는건 없나여 ㅜㅜㅜ치즈가 진짜 맛있어서 더 추가해서 먹고싶어요.........,2025-05-28
522,ddimmi96_2025-05-27,yong43400,👏👏👏😍😍,2025-05-28
523,ddimmi96_2025-05-27,zoo13576,후 나 정말 얼마나 기다렸는지 몰라요....,2025-05-28
524,ddimmi96_2025-05-27,ddimmi96,+수정,2025-06-02
525,ddimmi96_2025-05-27,"현재 띠뽀끼 주문 폭주로 인해
발송이 조금 지연되고 있습니다😱‼️
모든 주문은 2일 , 3일 선거가 끝난 다음날인 6/4일 부터 순차 발송될 예정이니,
조금만 여유 있게 기다려주시면
빠르고 안전하게 보내드릴게요!!🚚
너그러운 양해 부탁드리며,
띠뽀끼를 구매해주셔서 진심으로 감사합니다❤️
.
‼️띠뽀끼는 네이버 혹은 프로필링크에서 바로 구매가능‼️
.
❤띠뽀끼 4인분 구성❤
밀떡 2봉 + 부산어묵 2봉 + 소스 4봉+ 납작만두 2봉 + 김말이 4개 + 믹스치즈 1봉
.
포장지 뒤에 레시피가 적혀있는데요!
띠미 레시피: 신라면 정도 맵기 (강추!)
일반 레시피: 순한 맛 좋아하시면 이걸로!
⚠️포장지 레시피는 2인분 기준이라서
4인분 조리 시 택배 박스 안 조리카드 꼭 참고하세요!⚠️
.
오랜 시간 재입고 기다려주신 띰띰이들 진심으로 감사합니다😍
지금 꼭 구매하셔서 띠뽀끼 꼭 맛 보세요 정말 정말 맛있어요!!!!💗💗
artist.neum",납작만듀라니 >< 비벼비벼,2025-05-27
526,ddimmi96_2025-05-27,zoo13576,재구매 바로 갈겨,2025-05-28
527,ddimmi96_2025-05-27,le.chmin_0426,구매 완료❤️❤️,2025-05-27
528,ddimmi96_2025-05-27,ddimmi96,프로핑링크 혹은 네이버쇼핑에 띠뽀끼 검색 🔍 5/29일까지 15%할인이니 지금 꼭 구매하세요!!!❤️,2025-05-27
529,ddimmi96_2025-05-27,hyess__,@peach._.d 잉거 한개 사봐따...ㅎ,2025-05-29
530,ddimmi96_2025-05-25,_yellmust_,주문완뇨🤍,2025-05-25
531,ddimmi96_2025-05-25,guusooobooosooo,꺄아아아악 진짜 이날만 기다렸던 포항사람 울어요오오!!😂😂 띠뽀끼 내 최애 돌아왔다아앙ㅠㅠ 언니 다시 안하는줄 알고 침만 질질 흘럈어요 ㅠㅠ 진짜 너무너무 맛있어어엉 가난한 자취생에게 단비같은 띠뽀끼이이 사랑해❤️,2025-05-25
532,ddimmi96_2025-05-25,hmmmruru,헐ॱଳ͘ 언니 이거 진짜 기다렸다구요 ㅠㅠ 맛있기도 맛있는데 구성이 진짜로 너무 괜찮아서 이번엔 여러개 살거림!!❤️❤️,2025-05-25
533,ddimmi96_2025-05-25,zoo13576,띠미님 ㅜㅜㅜ 혹시 치즈 더 구매 안될까여? 치즈 진짜 맛있어서 더 넣어서 먹고싶어요ㅠㅠㅠㅠㅠㅠㅠㅠ 일단 재입고만 기다렸어서 바로 구매하러 갑니다🔥🔥🔥,2025-05-28
534,ddimmi96_2025-05-25,ongsuzn,빨리 내놔요 겁나 사먹어벌이게,2025-05-25
535,ddimmi96_2025-05-25,yunhojun68,먹고싶다,2025-06-09
536,ddimmi96_2025-05-25,bboyongnyong,띠뽀끼의 노예.. 당장 달려가요 진짜 아른거려 미치는줄여🤯🔥,2025-05-26
537,ddimmi96_2025-05-25,mukorang,쟁여쟁여,2025-05-25
538,ddimmi96_2025-05-25,ddimmi96,이 콘텐츠는 VOLI의 AI보이스를 활용하여 제작되었습니다.,2025-05-25
539,ddimmi96_2025-05-25,"https://voli.ai
mm.1nx_",4분전😢,2025-05-25
540,ddimmi96_2025-05-25,yeon__story_x,세상에😍😍 너무 좋아요!!,2025-05-25
541,ddimmi96_2025-05-25,ddimmi96,+수정,2025-06-02
542,ddimmi96_2025-05-25,"현재 띠뽀끼 주문 폭주로 인해
발송이 조금 지연되고 있습니다😱‼️
모든 주문은 2일 , 3일 선거가 끝난 다음날인 6/4일 부터 순차 발송될 예정이니,
조금만 여유 있게 기다려주시면
빠르고 안전하게 보내드릴게요!!🚚
너그러운 양해 부탁드리며,
띠뽀끼를 구매해주셔서 진심으로 감사합니다❤️
.
‼️띠뽀끼는 네이버 혹은 프로필링크에서 바로 구매가능‼️
.
❤띠뽀끼 4인분 구성❤
밀떡 2봉 + 부산어묵 2봉 + 소스 4봉+ 납작만두 2봉 + 김말이 4개 + 믹스치즈 1봉
.
포장지 뒤에 레시피가 적혀있는데요!
띠미 레시피: 신라면 정도 맵기 (강추!)
일반 레시피: 순한 맛 좋아하시면 이걸로!
⚠️포장지 레시피는 2인분 기준이라서
4인분 조리 시 택배 박스 안 조리카드 꼭 참고하세요!⚠️
.
오랜 시간 재입고 기다려주신 띰띰이들 진심으로 감사합니다😍
지금 꼭 구매하셔서 띠뽀끼 꼭 맛 보세요 정말 정말 맛있어요!!!!💗💗
sonyromanticelectrowave",근데 2만 원 정도에 4팩이면 하나에 5천 원 꼴인데 직접 끓여먹는 인건비 생각하면... 엽떡 밀키트 2인분에 12000원 하는 것도 생각했을 때 진짜 싼 게 아닌데요...?,2025-05-29
543,ddimmi96_2025-05-25,mm.1nx_,@ddimmi96 7초,2025-05-25
544,ddimmi96_2025-05-25,joyunsang451,포항사는게,2025-05-26
545,ddimmi96_2025-05-25,lijuhiu_426,가격이 비싸다는 사람들은 뭐 하는 사람들이지? 완전 혜자인데😍😍,2025-05-25
546,ddimmi96_2025-05-25,ddimmi96,‼️프로필링크 혹은 네이버쇼핑에 띠뽀끼 검색하면 바로 구매가능‼️,2025-05-27
547,ddimmi96_2025-05-25,"(5/29 할인마감입니다)
.
⭐️띠뽀끼 배송 & 팝업스토어 & 팬사인회 공지⭐️
드디어 돌아온 리뉴얼 띠뽀끼!
2인분 → 4인분으로 업그레이드, 양은 UP 가격은 Down 했습니다!
.
❤️온라인 예약판매❤️
→ 6/2일 부터 순차배송 됩니다
→ 15% 할인 20,230원
.
❤팝업스토어 현장 판매❤
→ 5/30(금)~ 6/1(일) 포항 롯데백화점
.
❤띠미 팬사인회❤
→ 5/31(토) ~ 6/1 (일) 팬싸인회 12:00~14:00
.
❤띠뽀끼 4인분 구성❤
밀떡 2봉 + 부산어묵 2봉 + 소스 4봉+ 납작만두 2봉 + 김말이 4개 + 믹스치즈 1봉
.
포장지 뒤에 레시피가 적혀있는데요!
띠미 레시피: 신라면 정도 맵기 (강추!)
일반 레시피: 순한 맛 좋아하시면 이걸로!
⚠️포장지 레시피는 2인분 기준이라서
4인분 조리 시 택배 박스 안 조리카드 꼭 참고하세요!⚠️
.
오랜 시간 재입고 기다려주신 띰띰이들 진심으로 감사합니다😍
지금 할인가로 꼭 구매하셔서 띠뽀끼 꼭 맛 보세요 정말 정말 맛있어요!!!!💗💗
5and3and2",튀김에 치즈에 다 있는데 나쁘지않지 않나? 괜찮은데…?,2025-05-25
548,ddimmi96_2025-05-25,wwwnnsss,이정도로 오래걸릴줄 알았으면 쟁였을거임 당장 나한테 사과해!!! 내가 떡의 씨를 말려주마!!,2025-05-25
549,ddimmi96_2025-05-25,xjwurt,어흐흐 좋으다..😍,2025-05-25
550,ddimmi96_2025-05-25,yong43400,잘보고가요,2025-05-26
551,ddimmi96_2025-05-25,ainn.xxz,포항 너무 먼데 진심,2025-05-27
552,ddimmi96_2025-05-25,dddddo0lllll,"@joo.__.04, @s.__.y2on 샀다 ㅎ",2025-05-29
553,ddimmi96_2025-05-25,leesuji_ovo,충동구매 했당❤️,2025-05-29
554,ddimmi96_2025-05-25,sso1295,헐 진짜 포항 오셨네?? 친구가 그러길래 거짓말임줄 알고 안갔는데.. 갈걸.. 아..!,2025-06-03
555,ddimmi96_2025-05-25,i_70xb,와 쩐다..,2025-06-11
556,ddimmi96_2025-05-24,charmant_sono,띠미가 제일 이뿌다,2025-05-24
557,ddimmi96_2025-05-24,zhenni09,와 맛있겠다😢,2025-06-03
558,ddimmi96_2025-05-24,jwon_0423,엄머나 50분!!,2025-05-24
559,ddimmi96_2025-05-24,zoo13576,귀엽고 예쁘고 다하시네 참💓💓💓💓,2025-05-24
560,ddimmi96_2025-05-24,cloudheyu,😍,2025-05-31
561,ddimmi96_2025-05-24,rkflfnfpfh,맛있는거 많이 드시고 오셨네요👍🏻,2025-05-24
562,ddimmi96_2025-05-24,jwon_0423,두번짼데 고정해주세요……,2025-05-24
563,ddimmi96_2025-05-24,zoopitoaaaa,띠미님도 친구분도 넘 예쁨💕💕,2025-05-24
564,ddimmi96_2025-05-23,_arnetecostah,Pão de queijo 😍,2025-05-23
565,ddimmi96_2025-05-23,umm.bini,아니 왤케 뚝딱 잘 만들시져….?,2025-05-23
566,ddimmi96_2025-05-23,ddimmi96,띰띰이들 이거 제발 진짜 꼭 드세요‼️,2025-05-23
567,ddimmi96_2025-05-23,"정말 뻥 아니고 너무 맛있어요 식감이 돌았어!!!!

🧀브라질 치즈빵 재료 🧀
타피오카 전분 : 150g
우유 : 130g
올리브오일 : 50g
소금 한 꼬집
계란 하나
피자 치즈 : 100g
파마산 치즈 : 20g

잼이나 버터 발라먹으면 입에서 난리남
샌드위치로도 먹기 좋아요!!!!
해드시고 제발 후기 알려줘요🥹❤️
v8v10v12_30204",예뻐❤️,2025-05-23
568,ddimmi96_2025-05-23,daisyy_of_the_day,브라질 갔을때 딴거 다 필요없고 이게 젤 맛있었던..🔥,2025-07-19
569,ddimmi96_2025-05-23,dream_cat_0823,저거 진짜 맛나요 브라질에서 태어나서 넘나 잘안답니당! 또 멋고 싶네요,2025-06-23
570,ddimmi96_2025-05-23,charmant_sono,띠요밍,2025-05-23
571,ddimmi96_2025-05-23,jaroossi_nope,이거 예전에 다른분 레시피로 만들어먹었엇는데 너무 맛잇었음…,2025-06-01
572,ddimmi96_2025-05-23,bebeyam4000,이거 작년에 먹었는데 늠 맛났어요,2025-06-09
573,ddimmi96_2025-05-23,bboni._.bbang,빵데께쥬❤️❤️,2025-05-23
574,ddimmi96_2025-05-23,mukorang,당장 해머거야지,2025-05-24
575,ddimmi96_2025-05-23,reindeer.4601371,언니 얼굴이 빵빵해졌내 쏘카와이😍😍,2025-06-29
576,ddimmi96_2025-05-23,mi.nji1167,언니 치품송해주면안대?😢,2025-06-01
577,ddimmi96_2025-05-23,lsm_0325,저거 이미 해먹었쥬,2025-07-03
578,ddimmi96_2025-05-23,mchae_3,언니 에어프라이기도 가능??,2025-06-14
579,ddimmi96_2025-05-23,x3.j0sy,꼭 타피오카 전분이 들어가야하나요?😢 타피오카 전분은 없고 감자전분은 있는데..,2025-07-07
580,ddimmi96_2025-05-23,h_ayul.13,치즈나으면 거기에 불닭 해먹으면..완젼,2025-07-12
581,ddimmi96_2025-05-23,seo_hyeon_b,초코랑 ㄱㄱ,2025-05-29
582,ddimmi96_2025-05-23,164.8_20,"ටㅏ 저거 우리매장에서 팔던거잖ටㅏ,,저거 쫀득하고 맛있으요 브라질에서 묵는거처럼 고기랑 해서 먹어도 맛있어요 ㅋ꙼̈ㅋ̆̎ㅋ̊̈ㅋ̌̈ㅋ꙼̈ㅋ̆̎ㅋ̊̈ㅋ̌̈",2025-06-26
583,ddimmi96_2025-05-23,artist.neum,미쵸따리 🔥,2025-05-23
584,ddimmi96_2025-05-23,pairy__,띠뽀끼가 더 땡겨요...,2025-05-23
585,ddimmi96_2025-05-23,just_qcx0307,이런걸 아침에 해먹을 여유가 있어? 브라질 등교시간이 느린거냐 브라질 사람이 일찍 일어나는 거냐,2025-06-04
586,ddimmi96_2025-05-23,min_erste,전자렌지로는 안되겠져..?,2025-06-19
587,ddimmi96_2025-05-23,ansol_stella,이거 스벅에도 팔아여!,2025-05-24
588,ddimmi96_2025-05-21,jeon_unni_,나 곧 보리굴비처럼 무더볼게요😍천재만재💕,2025-05-21
589,ddimmi96_2025-05-21,ddimmi96,젼언니님 연어캔디 진짜 밥도둑 🥹!!!!❤️❤️❤️,2025-05-21
590,ddimmi96_2025-05-21,charmant_sono,이건 진짜 맛있겠다 ㅋㅋ,2025-05-21
591,ddimmi96_2025-05-21,imojuheei,오늘 왜케 이쁘지?? 뭐지? 왜? 왜케 이뿌지이??,2025-05-21
592,ddimmi96_2025-05-21,yejin__67,맛잘알 띠미님,2025-05-28
593,ddimmi96_2025-05-21,2n.snowww,너무 맛있겠다..,2025-05-21
594,ddimmi96_2025-05-21,a._young4,저도 한입만..,2025-05-22
595,ddimmi96_2025-05-21,choihyerim2013,근데 저게 육포 아닌가요 결국ㅋㅋ,2025-05-22
596,ddimmi96_2025-05-21,zkern.x,우아 실행력 ㅁㅣ쳤다!!!,2025-05-21
597,ddimmi96_2025-05-21,yoo_chan0119,누나 예뻐,2025-05-22
598,ddimmi96_2025-05-21,hbk._.10,연어 육포?,2025-06-29
599,ddimmi96_2025-05-21,shxhdwkd0051,매운 연어포!!!!!!,2025-05-28
600,ddimmi96_2025-05-21,you_love8907,진짜 맛있겠돠😢😢,2025-07-07
601,ddimmi96_2025-05-21,aegyoganjang,우리는 저걸 육포.....라고 부르지 않나여,2025-07-21
602,ddimmi96_2025-05-21,yxusy_,고정해주세요!,2025-05-21
603,ddimmi96_2025-05-21,wesopkj,연어육포 같은 느낌이랄까,2025-06-03
604,ddimmi96_2025-05-21,_miknayc,와 녹차밥은 미쳤다,2025-05-21
605,ddimmi96_2025-05-21,jinhwan_y_89,맥주 땡기네여 😳,2025-05-21
606,ddimmi96_2025-05-21,woobineop,비쥬얼은 육폰디,2025-05-22
607,ddimmi96_2025-05-21,cchae._.me,뭐노 띠미 본지 오래됫는데 살 웰케 찜ㅁ,2025-05-26
608,ddimmi96_2025-05-21,ath7.532,이번에는 이거야?,2025-05-22
609,ddimmi96_2025-05-21,jonye._.boss11,걍 육포잖아,2025-05-24
610,ddimmi96_2025-05-21,uijin_2422,과메기 같다,2025-05-22
611,ddimmi96_2025-05-21,double_27k,.. .보리굴비식감인가 햇더니...대바아악,2025-05-21
612,ddimmi96_2025-05-21,ssun_j323,부럽다..🥲🥲🥲 디엠하면 봐주긴하실까,2025-05-21
613,ddimmi96_2025-05-20,riri._.86,22초전 다 신기해요!,2025-05-20
614,ddimmi96_2025-05-20,ddimmi96,띰띰이들은 이 중 어느게 가장 신기해요?😚❤️❤️❤️,2025-05-20
615,ddimmi96_2025-05-20,eeegin_2,뽀로 초코 케이크 진짜 맛있아요~~~~,2025-07-08
616,ddimmi96_2025-05-20,wldnwldn77,대박 레몬푸딩 맛있을거 같음여👏,2025-05-20
617,ddimmi96_2025-05-20,dotypigi,레몬국수.. 😅😅,2025-05-20
618,ddimmi96_2025-05-17,charmingjo_official,갑자기 치킨 먹으러 오라더니 이거시킴 ㅋㅋㅋㅋㅋㅋㅋㅋ,2025-05-17
619,ddimmi96_2025-05-17,jx_hxx1122,tasty as a hell이 어케 둘이 먹다 하나 죽어도 임?,2025-05-18
620,ddimmi96_2025-05-17,lulu_dad93,실제 애니 요리유튜버님이 만든거봤는데 진짜 잘만듬 ㅋㅋ,2025-05-18
621,ddimmi96_2025-05-17,wwwnnsss,저를 위한 영상을 만들어주셔서 감사합니다 아니라구요? 어쩌라고요,2025-05-19
622,ddimmi96_2025-05-17,icekat12,Looks good. I wanna try it,2025-05-17
623,ddimmi96_2025-05-17,iamchojinhyung,잘만들었다 우와😮😮😮,2025-05-17
624,ddimmi96_2025-05-17,xykonaut,10주좋아요 1개답글 달기,2025-05-17
625,ddimmi96_2025-05-17,"번역 보기
jinhwan_y_89",진짜 대박 ㅋㅋㅋ,2025-05-17
626,ddimmi96_2025-05-17,imcanhyeong56,목소리 디게 똑같네,2025-05-17
627,ddimmi96_2025-05-17,jongho_choo13,노래지린다,2025-05-18
628,ddimmi96_2025-05-17,coejun468,가사가 틀렸어요,2025-06-02
629,ddimmi96_2025-05-17,1x.yun3,이거는 요리도 굳드인데 노래 들으러온다,2025-05-23
630,ddimmi96_2025-05-17,kang_da_moo12,이분이 누구신지 알고 브금으로 까는겁니까?,2025-06-16
631,ddimmi96_2025-05-17,"근데 저도 몰라요
chojindal",@dak_0kay,2025-05-19
632,ddimmi96_2025-05-17,cchaeeun_o.u,@jonghun2yo 라라라라바~치치치치퀸~,2025-06-05
633,ddimmi96_2025-05-17,ddimmi96,띰띰이들 나 진짜 열심히 만들었다!!!,2025-05-17
634,ddimmi96_2025-05-17,"다들 영상 3번씩 봐!!!!
마인크래프트 라바치킨 얼추 비슷하죠?
고생해주신 조매력님 넘 감사합니다!!🥹👏🏻👏🏻
do_gyeong0116",10주좋아요 27개답글 달기,2025-05-17
635,ddimmi96_2025-05-17,seon_y_j,엌ㅋㅋㅋ잘했다 ㅋㅋㅋ,2025-05-19
636,ddimmi96_2025-05-17,lililll666,쇼츠 찍는다는게 이거구낰ㅋㅋㅋㅋㅋ,2025-05-17
637,ddimmi96_2025-05-17,joshuinjapan,LALALALAVA CHCHCHCHIKENNNNN,2025-05-17
638,ddimmi96_2025-05-17,___0z7,앙,2025-05-17
639,ddimmi96_2025-05-17,___0z7,1빠,2025-05-17
640,ddimmi96_2025-05-17,rx_7_0912,동그랑땡?,2025-05-17
641,ddimmi96_2025-05-17,jjun._100421,10주좋아요 1개답글 달기,2025-05-17
642,ddimmi96_2025-05-17,hj_140916,겁나 이상함,2025-06-04
643,ddimmi96_2025-05-17,___0z7,사랑해,2025-05-17
644,ddimmi96_2025-05-17,___0z7,기모찌,2025-05-17
645,ddimmi96_2025-05-17,yxsm_0106,조매력ㅋㅋㅋ,2025-05-17
646,ddimmi96_2025-05-17,chogeonjae_,치킨송,2025-05-17
647,ddimmi96_2025-05-17,lolagapedavid,10주답글 달기,2025-05-17
648,ddimmi96_2025-05-17,uouv330,10주답글 달기,2025-05-19
649,ddimmi96_2025-05-17,jletigr.186,차밍조 못본사이에 노래통 커졌네,2025-05-22
650,ddimmi96_2025-05-17,luca_lee1309,아 요리가 아니고 노래였구낰ㅋㅋㅋㅋㅋ,2025-05-24
651,ddimmi96_2025-05-17,hyeonseog8240,",",2025-05-24
652,ddimmi96_2025-05-17,thefrenchie_ozzy_,😍😍😍,2025-06-01
653,ddimmi96_2025-05-17,chan_ryul_yeom_1823,ㅋㅋㅋㅋㅋ 한국식 목이 메어치킨이넼ㅋㅋㅋㅋㅋ,2025-06-04
654,ddimmi96_2025-05-17,xi_hun.6,궁금하게있는뎅 닭뼈 쪽쪽빨던 거먹인거임? 아니면 죄송합니다,2025-06-04
655,ddimmi96_2025-05-17,korer_mzf,용암이 없어서 실패입니다,2025-06-08
656,ddimmi96_2025-05-17,caein.9,가사가....,2025-06-10
657,ddimmi96_2025-05-17,sehy_29ex,이수시개 ㅋㅋㅋ 먹다 큰일 났겠다,2025-06-11
658,ddimmi96_2025-05-17,gimjua350,아...너무맛있겠당!언니,2025-06-12
659,ddimmi96_2025-05-17,seojuwon2025,발음이 개지림,2025-06-13
660,ddimmi96_2025-05-17,seona3930,가사가..?,2025-06-14
661,ddimmi96_2025-05-17,so_j.ho,왤ㄹ케 잘 만드세욤….?금손이시넴,2025-06-14
662,ddimmi96_2025-05-17,imseongmin317,노래 왜 다름?,2025-06-19
663,ddimmi96_2025-05-17,etpp.i,콧치노 켄토 임?,2025-06-21
664,ddimmi96_2025-05-17,saessag693,띠미님 저 띰띰이입당!! 좋아하는유튜버😍,2025-06-22
665,ddimmi96_2025-05-17,d._h.16,가사가 틀려요,2025-07-02
666,ddimmi96_2025-05-17,uareneed.d1hh,너무 맛있어 보여서 미칠 것 같아요! 😋,2025-07-05
667,ddimmi96_2025-05-17,sleeepsquirrel,Ringing the bell할때 음 올리시면 안되는뎅.,2025-07-09
668,ddimmi96_2025-05-17,ha_jun.0821,제발 이거 가사 맞다고,2025-07-11
669,ddimmi96_2025-05-17,wwlwwoaudqt,립싱크,2025-07-14
670,ddimmi96_2025-05-17,seongsumin613,맛있겠다..,2025-07-16
671,ddimmi96_2025-05-17,chingchangchong.5,"요리는 사람이 만들고, 노래는 곰이 부르네",2025-07-28
672,ddimmi96_2025-05-16,bbang_hyojin,😍😍😍😍,2025-05-24
673,ddimmi96_2025-05-16,charmant_sono,띠미 건강한거만 먹어용~~,2025-05-17
674,ddimmi96_2025-05-16,jangjorim79,1빠 너무 맛있겠어용,2025-05-16
675,ddimmi96_2025-05-16,neil.olaya.na,라이스페이퍼 절대 안둘러도됨 ㅠㅠㅠㅠㅠㅠ중약불에서 개오래꾸우면된다구ㅠㅠ,2025-05-20
676,ddimmi96_2025-05-16,huhusseu,오래구우면 기름 빠져저 바삭해짐,2025-07-25
677,ddimmi96_2025-05-16,sunflower06198,대창에 기름이 많으니까 그걸 이용해서 튀기듯이 굽는건 어떤가요?(안되나),2025-06-28
678,ddimmi96_2025-05-16,___ouo___b,대창을 굽는데 기름을 뿌리다니요..! 대창 그냥 기름 그 잡췌 …,2025-05-20
679,ddimmi96_2025-05-16,nado_odo,해보려다가 포기…🔥,2025-05-16
680,ddimmi96_2025-05-16,ye_lin2,막창 립글로스 얼마에요 ㅋㅋㅋㅋㅋㅋㅋㅋㅋㅋㅋㅋㅋㅋㅋ,2025-05-16
681,ddimmi96_2025-05-16,kaprzae_,What is this exactly? 😕,2025-05-27
682,ddimmi96_2025-05-16,mini5678,잘라서 구으면 맛잇는데,2025-05-16
683,ddimmi96_2025-05-14,_h.uyul,얼마를 쓰신 겁니까..,2025-06-05
684,ddimmi96_2025-05-14,jokerjun1004,오이케이크 맛이 있나요?,2025-05-25
685,ddimmi96_2025-05-14,m_ch0516,언니 겁나이뻐용,2025-05-16
686,ddimmi96_2025-05-14,ijeonghyi1065,그 2번째에 권리모가 만든거같은데요,2025-06-03
687,ddimmi96_2025-05-14,klmheejae,예뿌다,2025-05-14
688,ddimmi96_2025-05-14,mong_ryong15,퉁퉁퉁이아니라퓨ㅠㅠ 톤톤톤,2025-06-08
689,ddimmi96_2025-05-14,giraffe.254761,약불로 해보세요 ❤️,2025-05-14
690,ddimmi96_2025-05-14,jinhwan_y_89,귀여우셔 😍,2025-05-14
691,ddimmi96_2025-05-14,j._.yr416,삼부절을 먼저 올린 뜨미님ㅋㅋ,2025-05-14
692,ddimmi96_2025-05-14,yu.jin5297,중불이나 약불로 하세요 띠미님 화이팅❤️,2025-05-15
693,ddimmi96_2025-05-14,m_ch0516,10주답글 달기,2025-05-15
694,ddimmi96_2025-05-14,"번역 보기
pjh._.1491",톤톤톤 이에용..,2025-06-13
695,ddimmi96_2025-05-12,rami__0216,일본이 도시락 문화가 발달된 곳이라 저렇게 간단 조리로 해먹을 수 있는 제품들이 상당하더라구요!! 특히 저 차슈를 만들 수 있는 키트가 궁금했는데 생각보다 괜찮아 보여서 좋네요🤔 다음에 사봐야겠다,2025-05-12
696,ddimmi96_2025-05-12,mukorang,와 먹어보구싶당❤️❤️,2025-05-12
697,ddimmi96_2025-05-12,lcsy.14,차슈는 먹어봤는데 진짜 맛있어요!!!!,2025-06-21
698,ddimmi96_2025-05-12,unsu0707,두번째는 식빵이 아니라 “쌀가루 찐빵 만들기“라고 적혀있네요!,2025-05-16
699,ddimmi96_2025-05-12,jiwoning_12,너무 맛있게 먹으세요😮😮😮,2025-06-13
700,ddimmi96_2025-05-12,boggeunang,"2번째는 약간 가루쿡같은 느낌,?",2025-05-12
701,ddimmi96_2025-05-12,jinlo_vely,3번째 먹는거 똥이가,2025-07-27
702,ddimmi96_2025-05-12,jjangje96,@mingm_ing9999 얘 미쟈야~~ 궁금하다!!,2025-05-14
703,ddimmi96_2025-05-12,annastabis,@doong2._.hip5 고기적당히 안그럼 소스넘쳐👏,2025-05-15
704,ddimmi96_2025-05-12,jeon.g9800,@baeki_bebe,2025-05-14
705,ddimmi96_2025-05-12,sj.0924,@alwls2026,2025-05-16
706,ddimmi96_2025-05-11,jih64493,😍😍,2025-07-10
707,ddimmi96_2025-05-11,ji_sing11,님 전남친 없잖아요 그럼 그냥 '블루베리 크림치즈 빵'이죠,2025-05-11
708,ddimmi96_2025-05-11,bagseou967,여러분 이거 뭐게요? 블루베리 크림치즈 토스트?아니!전남친토스트,2025-06-18
709,ddimmi96_2025-05-11,ran_ha12,저 학교급식에 전남친토스트 나와여,2025-06-30
710,ddimmi96_2025-05-11,chaeryini_12,마시께따...,2025-05-12
711,ddimmi96_2025-05-11,d_yun_0216,왜 전남친 토스트에요?,2025-05-28
712,ddimmi96_2025-05-11,k1z_da.hxe,전썸남빵,2025-05-27
713,ddimmi96_2025-05-11,yumiri326,코만 이뻐도 많이 이뻐질듯,2025-07-04
714,ddimmi96_2025-05-06,johui1027,띠미 언니 너무 이뻐 아이돌같애,2025-05-27
715,ddimmi96_2025-05-06,xin______xx___,옹.. 밀크티 말고 다른 음료로 했으면 맛있어 보였을 것 같아유 지금은 보라색 아슈크림이라😂,2025-05-06
716,ddimmi96_2025-05-06,doa_250224,언니...자막이 펄이아니라 팔과함께 갈려나온다고...나와ㅜㅜ,2025-05-29
717,ddimmi96_2025-05-06,taenmom_byulibyuli,1빠,2025-05-06
718,ddimmi96_2025-05-06,na_____yun,2빠,2025-05-06
719,ddimmi96_2025-05-04,suin3465,언니넘이쁜디?,2025-05-05
720,ddimmi96_2025-05-04,ddimmi96,이 제면기로 또 뭘해볼까요?!!!,2025-05-04
721,ddimmi96_2025-05-04,"추천 받습니다!!!!!🔥
yuhiro0o",천재아니냐구…….,2025-05-04
722,ddimmi96_2025-05-04,heeyomagram,천잰가봐...,2025-05-04
723,ddimmi96_2025-05-04,anrtldhs_1101,신기해여,2025-06-14
724,ddimmi96_2025-05-04,ongsuzn,너무 귀여워ㅠ,2025-05-04
725,ddimmi96_2025-05-04,2n.snowww,언니 천재야? 언니 대단하다,2025-05-04
726,ddimmi96_2025-05-04,u30_of_storm,와 마라탕면 매일 먹고 싶네요ㅋㅋㅋ,2025-05-04
727,ddimmi96_2025-05-04,joo_059,떡볶이소스...,2025-05-07
728,ddimmi96_2025-05-04,asc611611,😍,2025-05-04
729,ddimmi96_2025-05-04,double_27k,이언니 천재인가,2025-05-04
730,ddimmi96_2025-05-04,onedoor_georgia,@gratr123456 오빠 이걸로 요리 해봐 ㅋㅋ,2025-06-23
731,ddimmi96_2025-05-04,seohyuni_life,@jinkyoungpark,2025-05-08
732,ddimmi96_2025-05-02,ssungkim0325,러브포션 먹어봐야디!,2025-05-02
733,ddimmi96_2025-05-02,ddimmi96,충격적인 사실 😱,2025-05-02
734,ddimmi96_2025-05-02,"일본 배라에는 엄마는 외계인이 없다 ㄷㄷ
jo._.sso",2010년부터 알바했었는데 마지막 두개빼곤 다 한국에서 팔던건데 인기없어서 재출시 안하더라구요ㅠㅠ 러브포션이랑 코튼캔디 완전 최애였는데😍,2025-05-02
735,ddimmi96_2025-05-02,seoyeong5165,저 주황색은 뭐에요? 너무 궁금해요,2025-05-03
736,ddimmi96_2025-05-02,syubingbing_,러브포션은 한국에도있어용,2025-05-03
737,ddimmi96_2025-05-02,leeyumiss09,직원분이 추천했다고 한거 원피스 콜라보 베리맛 이에요😍,2025-05-02
738,ddimmi96_2025-05-02,aleumna365,서운해요 한국베라,2025-05-02
739,ddimmi96_2025-05-02,0hwa12,양이 좀 적은데 기분 탓인가..;;??,2025-05-02
740,ddimmi96_2025-05-02,illust_jk,저 코튼캔디맛 10여년 전에 베라에 팔았었숴요 ㅠㅠ 내 최애였는디.. 저거 깡깡! 얼려먹으면 식감이 엄청 쫀득!!! 해서 진짜 백배 더 마쉿는 그런 맛인디 ㅠㅠ,2025-05-02
741,ddimmi96_2025-05-02,ch_won602,우리는 맛을 가져와야할 필요가 있지만 일본은 우리의 양을 가져가야할 필요가 있다,2025-05-03
742,ddimmi96_2025-05-02,_yelim__infp,처음꺼는 러브포션인가요??? 그 녀석 한국에도 있었는데 단종된.. 너무 맛있었던 초코녀석,2025-05-03
743,ddimmi96_2025-05-02,h_m.x10,일본 베라도 특이한 맛이 많아서 신기하겠어요 여행가면 먹어봐야 겠어요!❤️,2025-05-02
744,ddimmi96_2025-05-02,platypus.3961931,일본 어디셍요요요요ㅛㅇ저도 일본이에용 일본 폴리오 사쿠라요!오사카!,2025-05-02
745,ddimmi96_2025-05-02,creatork,저거 다 존나 맛없어서 사라진 것들 대부분 아님?,2025-05-03
746,ddimmi96_2025-05-02,3ejove,양이 왜저래,2025-05-03
747,ddimmi96_2025-05-02,yuj_in0314,있다~~~~~,2025-05-02
748,ddimmi96_2025-05-02,f1_john10,아 한국엔 없구나,2025-05-30
749,ddimmi96_2025-05-02,b1unde4,한국만 ㅈㄴ 뒤쳐지는 것 같음..ㅜㅜ,2025-05-02
750,ddimmi96_2025-05-02,j1vu0o,그럼 일본꺼만 드셔요 나는 엄마는 외계인 잔뜩 먹을테니까,2025-05-02
751,ddimmi96_2025-05-02,geryong,진짜 코튼 캔디 존맛임 외국에만 파는게 아쉬움,2025-05-02
752,ddimmi96_2025-05-02,platypus.3961931,폴리오 사쿠라에서 묵어요,2025-05-02
753,ddimmi96_2025-05-02,iam_eunjjing,시부야 점으로 갔군요,2025-05-03
754,ddimmi96_2025-05-02,moongi._.0424,추천 까지할맛은 아니라 했지만 표정이 너무좋다,2025-05-03
755,ddimmi96_2025-05-02,gooppeuda,럼레이즌 맛있는데 건포도 싫어하는 사람 많아서 안생길듯 ㅜ,2025-05-03
756,ddimmi96_2025-05-02,jju_ho_0614,@hy0_jino_0614,2025-05-03
757,ddimmi96_2025-05-02,gang_3549,오렌지샤벗 내 최애인데🥲 한국에도 주세요ㅠㅠ,2025-05-03
758,ddimmi96_2025-05-02,ch_won602,근데 종이컵에 비해 아이스크림 양이 적다…,2025-05-03
759,ddimmi96_2025-05-02,lim___tori,러브포션 한국에 들어왔을 때 좋아하던건데ㅠㅠㅠㅠ,2025-05-03
760,ddimmi96_2025-05-02,o_nxedoor,ㅇㄴㅇㄴㅇㄴ일본베라는ㄹㅈㄷ야,2025-05-04
761,ddimmi96_2025-05-02,pubg_qt_.7xkhk,아니 그건 관심없고 한국에도 원피스 콜라보 해줘,2025-05-04
762,ddimmi96_2025-05-02,jiihii,미국은 진짜 있는 맛이 없어요 ( ˃̣̣̥᷄⌓˂̣̣̥᷅ ) 슈팅스타도 없는데 말다했죵…,2025-05-04
763,ddimmi96_2025-05-02,new1ron_,당신도 차원이달라 병에 걸리셨군요…,2025-05-05
764,ddimmi96_2025-05-02,guw0.1m,@baskin_kimhaegapomaeul,2025-05-05
765,ddimmi96_2025-05-02,_lovely0.0,코튼캔디 젤 좋아했었는데 ㅠ 왜 한국은 다시 안팔까요 ㅠㅠㅠㅠㅠㅠㅠㅠㅠㅠㅠㅠㅠ,2025-05-06
766,ddimmi96_2025-05-02,dda_8910,왜 한국 은없지 ㅠㅠ 빨리나와라,2025-05-08
767,ddimmi96_2025-05-02,hybb._.06,@e_eunii_v,2025-05-08
768,ddimmi96_2025-05-02,arx_.a0,팦ㅂ핑샤워 내 최애ㅜ,2025-05-10
769,ddimmi96_2025-05-02,pepefefeio,직원추천은 이번에 기간한정 새로나온 원피스 콜라보 ㅋㅋㅋㅋ,2025-05-10
770,ddimmi96_2025-05-02,gleamna1,@sun__wxx 나듀베라,2025-05-14
771,ddimmi96_2025-05-02,silver_lim_,코튼캔디 넘나 맛있겠다😋,2025-05-18
772,ddimmi96_2025-05-02,u_hiryo1,한국도 코튼캔디는 예전에 베라에서 팔았는데 갑자기 단종되고 😢 이상한 나라의 솜사탕으로 변경 됐어요 ㅠㅠ 약간 찰떡아이스크림 안에 분홍색 아이스크림 맛에 좀 부드러운 솜사탕 맛이에요! 🍧,2025-05-22
773,ddimmi96_2025-05-02,beautiful3vibes,Marry me I will always love you ❤️💋😍😍😍,2025-06-10
774,ddimmi96_2025-05-02,min_00e,러브포션 팝핑샤워는 출시되었다가 단종됐즁,2025-06-12
775,ddimmi96_2025-05-02,hajini_2_,내 최애였던 보라색 코튼캔디 ㅠㅠㅠㅠㅠ,2025-06-15
776,ddimmi96_2025-05-02,homeprotectorrrrrrrrrrr,다 한국에 있던건데 빠진 제품들이에요..,2025-06-17
777,ddimmi96_2025-05-02,d._.hoon12,6주답글 달기,2025-06-17
778,ddimmi96_2025-05-02,k_.sssop,주황색은 왜 안먹지?,2025-06-25
779,ddimmi96_2025-05-02,a0_x.yx,코튼캔디맛 색 짱 신기해 클레이같다😍,2025-06-29
780,ddimmi96_2025-04-30,bagsua252,1빠당!! 역시 요리왕 띠룡 미쳤당 >< 우유빛깔 이띠미~ ♡ 사룽해!,2025-04-30
781,ddimmi96_2025-04-30,j._.yr416,와...맛있겠다. 한입만 주셰여..,2025-05-01
782,ddimmi96_2025-04-30,aleumna365,❤️,2025-05-02
783,ddimmi96_2025-04-30,sangdo_fish,😍😍,2025-06-02
784,ddimmi96_2025-04-30,z.e.o.m,"연어깍두기라니,,",2025-05-03
785,ddimmi96_2025-04-30,qkaqkd16,와 완전 맛있어보여요😢,2025-04-30
786,ddimmi96_2025-04-30,sumim6482,언니 이뻐용,2025-05-01
787,ddimmi96_2025-04-30,ashi2ee,진쫘 연어+아보카도는 맛없없...,2025-05-02
788,ddimmi96_2025-04-30,yuhiro0o,천재..,2025-05-02
789,ddimmi96_2025-04-30,yxxnronge,하 맛있겠다,2025-05-01
790,ddimmi96_2025-04-30,su_oow3,띠미님 이사 가셨으세요?,2025-06-27
791,ddimmi96_2025-04-30,sweety_silbia,조합 좋다,2025-06-02
792,ddimmi96_2025-04-30,su.uji,@__kkkde 아니 연어좋아함 ?? 볼아카이 다녀와서 ㄱㄱ?,2025-05-02
793,ddimmi96_2025-04-30,2n.snowww,언니 예뻐여!,2025-05-01
794,ddimmi96_2025-04-30,mintvanilla0430,ㅋㅋㅋㅋㅋㅋㅋ 빡친 띠미님 귀엽네요,2025-06-20
795,ddimmi96_2025-04-30,uxn.o81_,치우는게 더 고생이겧다,2025-06-26
796,ddimmi96_2025-04-30,wldnwldn77,ㅋㅋㅋㅋㅋㅋㅋㅋㅋㅋㅋㅋㅋㅋㅋㅋ,2025-04-30
797,ddimmi96_2025-04-30,sinweon99,만두기계에서 만두 만들어졌다고 좋아하는게 개웃기네 ㅋㅋㅋㅋㅋㅋ,2025-06-26
798,ddimmi96_2025-04-30,snowlucy29,1빠,2025-04-30
799,ddimmi96_2025-04-30,sangmoon97,사먹는것 인정합니다👏👏,2025-04-30
800,ddimmi96_2025-04-29,bboni._.bbang,넹 준비됐어요,2025-04-29
801,ddimmi96_2025-04-29,sumin001486,언니 진짜 ㅈㄴ 이쁘당,2025-05-27
802,ddimmi96_2025-04-22,klmheejae,미친 맛있겠다,2025-04-22
803,ddimmi96_2025-04-22,xs.hoon,😍,2025-04-22
804,ddimmi96_2025-04-22,riri._.86,2분전 맛있겠어요!❤️,2025-04-22
805,ddimmi96_2025-04-22,ju.honey_i,해봐야지,2025-04-22
806,ddimmi96_2025-04-22,aleumna365,세상에,2025-06-14
807,ddimmi96_2025-04-22,qwlaswety,치킨이 남다니ㅠ,2025-04-23
808,ddimmi96_2025-04-22,tina.love8127,이 언니도 먹교수네,2025-04-23
809,ddimmi96_2025-04-22,jinhwan_y_89,말투가 중독성이 있다아 ~,2025-04-22
810,ddimmi96_2025-04-18,ddimmi96,이거 진짜진짜진짜 대박이야!!!!!!,2025-04-18
811,ddimmi96_2025-04-18,"CGV, 메가박스는 당장 만들어서 판매해줘라~~~~😭‼️‼️‼️
u30_of_storm",와우! 영화관 간식으로 최고겠네요ㅎㅎ,2025-04-18
812,ddimmi96_2025-04-18,jis__suu99,와 저 라티아오 좋아하는데 이거 넘맛있을것같아요~❤️,2025-04-19
813,ddimmi96_2025-04-18,baro_chi_na,미쳐미쳐 ㅎㅎ 띠미님 이거 진짜 맛있을 거 같아요 라티아오 그 기름이 이렇게 유용할 줄이야 ㅋㅋㅋ😂🔥,2025-04-18
814,ddimmi96_2025-04-18,ju.honey_i,이건 맛있게따,2025-04-18
815,ddimmi96_2025-04-18,yuri.cute11,헤쵸..후욱후욱,2025-07-04
816,ddimmi96_2025-04-18,ye._.jnie,띠뽀끼 이제 안나오나여… 자꾸 생각나요..😢,2025-04-22
817,ddimmi96_2025-04-18,ex.b1n.4_,,2025-07-24
818,ddimmi96_2025-04-18,gimjia1902,맛있어보여요,2025-04-18
819,ddimmi96_2025-04-18,yx.uz3,곱창 같아요🙊,2025-07-10
820,ddimmi96_2025-04-18,0young_min_son0,오옹,2025-04-19
821,ddimmi96_2025-04-18,ixmlan,나도 조.,2025-04-18
822,ddimmi96_2025-04-18,sumim6482,기름이 많으니까 뭔가 볶음밥으로 먹으면 존맛일듯,2025-04-25
823,ddimmi96_2025-04-18,unicorn.5136013,언니 너무 예쁘다..,2025-04-18
824,ddimmi96_2025-04-18,azininiii,@kikilemon123 냄새맡고 기겁한거아님?ㅋㅋㅋㅋ,2025-04-22
825,ddimmi96_2025-04-18,ch_gy131026,리바이 헤쵸,2025-06-23
826,ddimmi96_2025-04-18,yangweonseo5,병장님과먹으니 맜있을거같아요!,2025-06-03
827,ddimmi96_2025-04-18,yuseohyi622,미친 쩝쩝받샇ㄷㄷㄷ,2025-06-08
828,ddimmi96_2025-04-18,gimjina6193,라티아오몸에진짜 안 좋아요ㅠ😢😢,2025-05-29
829,ddimmi96_2025-04-18,keiseidazhaojingxing,중국거먹지마요,2025-05-15
830,ddimmi96_2025-04-18,"뭐가들었는지몰라
jaeman541",중국영상 올리지마라 재섭다,2025-06-26
831,ddimmi96_2025-04-18,siuis4,창@녀 중국 상하이!?,2025-07-16
832,ddimmi96_2025-04-15,gimuddi3,용원게이 아님?,2025-05-30
833,ddimmi96_2025-04-15,bagsua252,토마토 소스에 찍어먹으면 맛있을것 같아요 🤗,2025-04-27
834,ddimmi96_2025-04-15,jesusujeo,그래서 이걸 왜 하는거야?,2025-04-15
835,ddimmi96_2025-04-15,fender.woo,기대가 컸었나봅니드,2025-04-15
836,ddimmi96_2025-04-15,le_gi_back,수저형 안들로까나 토달볶!,2025-04-15
837,ddimmi96_2025-04-14,yongyong_e30,야..이씨!^^ 라이스페이퍼로 꽈배기를 만든다고요?!?! 심지어 찹쌀꽈배기 처럼 쫀득바삭!!😱 띠미님 👍👍👍,2025-04-15
838,ddimmi96_2025-04-14,dessert_hyejeong,대단하세요…,2025-04-14
839,ddimmi96_2025-04-14,usona_official,안에 쫀득한거봐 진짜 맛있겠다,2025-04-14
840,ddimmi96_2025-04-14,food_play88,진짜 끝이없다….ㅋㅋㅋㅋㅋㅋ,2025-04-14
841,ddimmi96_2025-04-14,minzzi_jung,진짜 잘만드셧네요ㅋㅋㄱㅋ꽈배기랑 존똑,2025-04-14
842,ddimmi96_2025-04-14,xin______xx___,허엉 맛있어보여요ㅠ,2025-04-15
843,ddimmi96_2025-04-14,rami__0216,아니 요리 못하신다면서 갈수록 일취월장 되시는 거 봐!!,2025-04-14
844,ddimmi96_2025-04-14,food._.slimee,대박…,2025-04-14
845,ddimmi96_2025-04-14,yezzing2014,라이페이퍼로 수건케이크 도전ㄱㄱ,2025-04-15
846,ddimmi96_2025-04-14,naeun_130522,아이디어 진짜 지려요 ㅎㄷㄷ,2025-04-14
847,ddimmi96_2025-04-14,ongsuzn,이 정도면 흑백요리사 3탄 나가야된다,2025-04-14
848,ddimmi96_2025-04-10,ikhyun98,아니 입은 본인이 묶잖아요 ㅋㅋㅋㅋㅋ...ㅋㅋ..? 은수저님 취향인가....?,2025-04-11
849,ddimmi96_2025-04-10,bistro_senno,아 제발 그러는 거 아니에요,2025-04-11
850,ddimmi96_2025-04-10,siidnbnkl,면을 반으로 뽀게는 상상했는데 아니네...😢,2025-05-28
851,ddimmi96_2025-04-10,jinhwan_y_89,띠미님 😍,2025-04-10
852,ddimmi96_2025-04-10,eolsux,존맛탱이것다,2025-05-01
853,ddimmi96_2025-04-10,hcaxjxy,이게 그 업계포상 그건가요?,2025-04-12
854,ddimmi96_2025-04-10,pls_make_my_nickname,오늘저녁 이건가?,2025-05-14
855,ddimmi96_2025-04-10,virtuous_rupee,스파게티를부숴야지.🔥🔥,2025-06-23
856,ddimmi96_2025-04-10,sinmincheol54,파스타는 반갈 아네네,2025-04-11
857,ddimmi96_2025-04-10,flyingmungchi,시작부터 반갈죽으로 기선을 제압했어야지..,2025-04-13
858,ddimmi96_2025-04-10,rami__0216,괴롭히는 취미가 독특하시군요...,2025-04-10
859,ddimmi96_2025-04-10,asc611611,🙌,2025-04-10
860,ddimmi96_2025-04-10,kituhy_,그니까 속박…예! 응원합니다…,2025-04-11
861,ddimmi96_2025-04-10,"우리형…얼굴은 저래도 안전한 사람이에요…
uouv330",😂😂😂,2025-04-11
862,ddimmi96_2025-04-10,jesusujeo,제 원팬 띠르보나라 맛이 어떠세요?,2025-04-10
863,ddimmi96_2025-04-10,park_2084,파스타를 부셨어야죠,2025-04-12
864,ddimmi96_2025-04-10,lover_revol__,아 완성된거 가위로 한번 컷팅했어야조,2025-04-10
865,ddimmi96_2025-04-10,yusin609,아 그런취향,2025-05-26
866,ddimmi96_2025-04-10,bling_meme_,먼저 갔다는건 설거지 토스란것을…..,2025-04-15
867,ddimmi96_2025-04-10,y._.sha211,아 내 입맛 아니야 케찹 한번만,2025-04-11
868,ddimmi96_2025-04-10,sy2.01208,사람을 왜 괴롭혀요?,2025-07-22
869,ddimmi96_2025-04-10,morinoutacohea,저 사람 파스타 유튜버 아니고 스테이크....읍읍,2025-04-11
870,ddimmi96_2025-04-10,chmj0422,아니 스파게티면을 부러트렸어야죠 ㅡㅡ,2025-04-23
871,ddimmi96_2025-04-10,magomzen_2,면을 반으로 부셨어야죠,2025-05-01
872,ddimmi96_2025-04-10,bugbs_90,뱃쨜❤️,2025-07-15
873,ddimmi96_2025-04-09,jeon_unni_,안된다아...,2025-04-10
874,ddimmi96_2025-04-09,"ㅋㅋㄱㅋㄱㄱ
heeyomagram",아귀여웤ㅋㅋㅋㅋㅋㅋㅋ,2025-04-09
875,ddimmi96_2025-04-09,_lily_207_,✨anndaaahhh✨😂😂,2025-04-09
876,ddimmi96_2025-04-09,zkern.x,ㅋㅋㅋㅋㅋㅋㅋㅋㅋㅋㅋㅋㅋㅋㅋㅋㅋㅋㅋㅋㅋㅋㅋㅋㅋㅋㅋㅋㅋㅋㅋㅋㅋ 아 짱 기엽고 웃겨,2025-04-09
877,ddimmi96_2025-04-09,klmheejae,만두 말고 얼굴만 보여요,2025-04-09
878,ddimmi96_2025-04-09,yuhiro0o,세상에,2025-04-09
879,ddimmi96_2025-04-09,xin______xx___,옛날에 저 만두 영상 보면서 어우 하면서 넘겼었는데 이걸 또 가져오셨네 ㅋㅋㅋㅋㅋㅋㅋㅋ ㅋㅋㅋㅋㅋㅋㅋㅋㅋㅋㅋㅋ 재밌어요,2025-04-10
880,ddimmi96_2025-04-09,yeah_e_yeah_a,납작만두용이구나😂,2025-07-19
881,ddimmi96_2025-04-09,asc611611,😂ㅋ,2025-04-09
882,ddimmi96_2025-04-09,romanz1105,ㅋㅋㅋ안된다 안된다 귀욤,2025-04-10
883,ddimmi96_2025-04-09,ckh101001,만두 기계 저렇게 많이 던지면 망가질 듯,2025-04-13
884,ddimmi96_2025-04-09,so_happy_hyun,저도 저영상들 여러개를 다 받는데 성공한 사람을 잘 못봤어요😂😂 기계를 왜만든건지 의문이 들정도로..😂😂,2025-04-09
885,ddimmi96_2025-04-09,_damimimimim_,울퉁불퉁한데에 피를 잘 눌러야 되는걸로 아는데,2025-04-09
886,ddimmi96_2025-04-09,jinhwan_y_89,ㅋㅋㅋ 안된다 ~,2025-04-09
887,ddimmi96_2025-04-09,siuis4,재미없다...,2025-06-13
888,ddimmi96_2025-04-09,watermelon_bar_987,중국 1년 살다온 사람 입니다 걍 저딴거 사지말고 손으로 하세요,2025-04-09
889,ddimmi96_2025-04-09,sangmoon97,아니 이건 보는사람도 화가나는 영상이네요😂,2025-04-09
890,ddimmi96_2025-04-01,bom__ioi,헐!!!!! 당장 살래여 프로틴 아이스크림 간다아ㅏ,2025-04-01
891,ddimmi96_2025-04-01,saaachannn,우와아아아아아아아!!!!!!이게 뭐야아아아아아아아아아아!!!!!!!!!!!!!!나도 먹어싶어어어어어!!!!!!!다음에 지민이집에서 무한리필 아이스크림 해도돼???!?!?!?!?!그건 천국 맞지??!?!?!?!!ㅋㅋㅋㅋㅋㅋㅋㅋㅋㅋㅋㅋㅋ,2025-04-01
892,ddimmi96_2025-04-01,nungnunge,우와 -눈사람 눙눙이가⛄️-,2025-04-02
893,ddimmi96_2025-04-01,rlawpsl.kim,띠미님 보여주신 오십만원은 진짜 아이스크림 기계처럼 공기를 넣어 만들어주는것 같은데 오만원어치는 그냥 갈기만 하는것 같네요,2025-04-01
894,ddimmi96_2025-04-01,chaejia1110,역시 천재,2025-04-01
895,ddimmi96_2025-04-01,camper_vikira_entj,아씨 가격 오르겠내 ㅋㅋ,2025-04-03
896,ddimmi96_2025-04-01,flyying_the_sky,이거 왠지 휴롬으로도 될 것 같아요😮😮,2025-04-05
897,ddimmi96_2025-04-01,se_ryeong_park,❤️❤️❤️❤️❤️❤️,2025-04-02
898,ddimmi96_2025-04-01,qjrgusdk,머라고검색하나요,2025-04-02
899,ddimmi96_2025-04-01,uouv330,궁금했는데 완전 좋내요👏,2025-04-02
900,ddimmi96_2025-04-01,jinxe._0,근데여..딸기 아이스크림 수제 딸기 요거트 아이스크림 맞잖아요,2025-04-02
901,ddimmi96_2025-04-01,lovely__jw_,@yunseong926 쩐다,2025-04-20
902,ddimmi96_2025-04-01,lucy_lim1105,@hmmh0601 혜미나~~~~ 요아정 평생먹을수 있데,2025-04-02
903,ddimmi96_2025-04-01,jae_deokkk,@moon_sso0388 사줘?,2025-04-02
904,ddimmi96_2025-04-01,suyeon941229,@dltmflb 만들어먹자 요아정!!!,2025-05-14
905,ddimmi96_2025-04-01,haha_yori,쿠팡에 안나오는데ㅠ,2025-04-02
906,ddimmi96_2025-04-01,syg_2244,왜 안나오지....쿠팡에 ㅠㅠㅠㅠㅠㅠ😢,2025-04-02
907,ddimmi96_2025-04-01,selene_1130,@doongzuu,2025-04-02
908,ddimmi96_2025-04-01,c1e._.da,@sogiidong_ 개탐나,2025-04-01
909,ddimmi96_2025-04-01,hiu_na_official,🐶이득...,2025-04-09
910,ddimmi96_2025-04-01,imhaeun4917,헐 40분전이야ㅜㅜ,2025-04-01
911,ddimmi96_2025-04-01,just_maesil,미친거아냐...?? 요아정이복사가된다고?,2025-04-02
912,ddimmi96_2025-04-01,xyz11xyz11,이거 어디서 들어본듯한 어투인데 ㅋㅋㅋㅋㅋㅋ 빠저든다.. ㅋㅋ,2025-04-02
913,ddimmi96_2025-04-01,majj929292,이거 과거 유행하다가 다들 당근으로 ㅋㅋ,2025-04-21
914,ddimmi96_2025-04-01,e.___.ju,@sowon_luvv @jeni_god @bomi_yul @gpfj_ @daheee.2 @seoheeif @hh_hoo._._,2025-04-04
915,ddimmi96_2025-04-01,noongikimi,@giniprotector ㅋㅋㅋㅋ,2025-04-04
916,ddimmi96_2025-04-01,estp__p,링크점 주실래요?,2025-04-02
917,ddimmi96_2025-04-01,j_min1986,@chun_yongsua zzzzㅋㅋㅋㅋ,2025-04-02
918,ddimmi96_2025-04-01,gimeunseon65,링크 부탁해요ㅠㅠ!,2025-04-02
919,ddimmi96_2025-04-01,insaeng_sumgyeojin_sumgyeojin_,بكام,2025-04-01
920,ddimmi96_2025-04-01,moon_i.0.i,요아정 아이디어 짱이다,2025-04-02
921,ddimmi96_2025-04-01,romanz1105,급함 빨리 링크,2025-04-03
922,ddimmi96_2025-04-01,ria___story,기계가 없으뮤ㅠㅠㅠ,2025-04-02
923,ddimmi96_2025-04-01,g_daye,@arinieeee 헐...넌테필요한거다,2025-04-02
924,ddimmi96_2025-04-01,tjfgm_l,기계이름은요?,2025-04-02
925,ddimmi96_2025-04-01,mingue.kim,@yeo_niz,2025-04-02
926,ddimmi96_2025-04-01,ain486486,아스크림 꽁짜!,2025-04-02
927,ddimmi96_2025-04-01,hao_bog13,오 사야겠따,2025-04-02
928,ddimmi96_2025-04-01,boradesu,@danbikomi 😍,2025-04-02
929,ddimmi96_2025-04-01,sinyunseo486,우아,2025-04-02
930,ddimmi96_2025-04-01,jamie_holic,링크 부탁드려용❤️,2025-04-02
931,ddimmi96_2025-04-01,choiaeyoung0611,와.대박,2025-04-02
932,ddimmi96_2025-04-01,00damb00,@woo_you.ng 요놈탐나네ㅋㅋㅋ😍,2025-04-02
933,ddimmi96_2025-04-01,tree_threeboys,@ph.d_hobby,2025-04-02
934,ddimmi96_2025-04-01,lje32,청소가잘될까요?,2025-04-02
935,ddimmi96_2025-04-01,jeoooong0_0,우유 생크림 요거트파우더 비율은 어느정도로 해야 요아정맛이 나나요 알려주세용 전혀 양에 감을 모르게쒀여 ㅠㅠㅠㅠㅠㅠㅠㅠ,2025-04-02
936,ddimmi96_2025-04-01,jhrsns,세척은 쉽나용?,2025-04-02
937,ddimmi96_2025-04-01,y0u_1006,이걸 늦게 알다니.. 후회되네..😭😭😭,2025-04-02
938,ddimmi96_2025-04-01,sve_cookie,그냥 믹서기도 됨.,2025-04-02
939,ddimmi96_2025-04-01,gu_yomi_,@i.am__yong 오빵,2025-04-02
940,ddimmi96_2025-04-01,jeongseonho995,링크부탁드려요ㅠ,2025-04-02
941,ddimmi96_2025-04-01,kimmisun0521,@kmssssss_,2025-04-02
942,ddimmi96_2025-04-01,sj.0924,@alwls2026,2025-04-02
943,ddimmi96_2025-04-01,skyxoan,요아정이 이글을 싫어합니다,2025-04-02
944,ddimmi96_2025-04-01,k__s.ahn,@youaz0 갖고싶다,2025-04-02
945,ddimmi96_2025-04-01,lim___hyo_,링크 부탁드려요,2025-04-02
946,ddimmi96_2025-04-01,ha_xn0.s,언니 폰케 보넥이랑 같은거지!,2025-04-02
947,ddimmi96_2025-04-01,b_bobo_a0,@kbt8844,2025-04-02
948,ddimmi96_2025-04-01,tnrud51590,링크좀요,2025-04-02
949,ddimmi96_2025-04-01,serena.02160,@dahye9333,2025-04-02
950,ddimmi96_2025-04-01,goni_iiii,@ks_lee1111,2025-04-02
951,ddimmi96_2025-04-01,landloaded,요아정,2025-04-02
952,ddimmi96_2025-04-01,changho_yujun,@areum_yujun,2025-04-02
953,ddimmi96_2025-04-01,dd._.daeseong,@onsom._.m,2025-04-02
954,ddimmi96_2025-04-01,ju_ae_baek,@yiyi739lundouyili,2025-04-02
955,ddimmi96_2025-04-01,dong___ok_,@soooojiiin_,2025-04-03
956,ddimmi96_2025-04-01,nikin99,@cjswoek9185 아이스크림만들어머거,2025-04-03
957,ddimmi96_2025-04-01,gimjiyeong9469,구경하는 재미로 삽니다 귀차니즘으로 못할거같아서ᆢ,2025-04-03
958,ddimmi96_2025-04-01,see_yaaa_,@jewon0717 이거어때욬ㅋㅋㅋㅋㅋㅋ,2025-04-03
959,ddimmi96_2025-04-01,oacza,@cad10164 슈가리에게 필요해,2025-04-03
960,ddimmi96_2025-04-01,yu_94geun,@suj__n,2025-04-03
961,ddimmi96_2025-04-01,sama_tamago,기계 머라고 검색해야될까요😮,2025-04-03
962,ddimmi96_2025-04-01,jha_2011110,이런 비슷하거 옛날에 장남감으로 팔았던것 같은데~,2025-04-03
963,ddimmi96_2025-04-01,hea__o__ni,에,2025-04-03
964,ddimmi96_2025-04-01,leejun7410,미세플라스틱은 덤이죠,2025-04-03
965,ddimmi96_2025-04-01,minjulim,링크 공유 해주세요,2025-04-03
966,ddimmi96_2025-04-01,rickyaa,안되면? 책임짐?ㅋ,2025-04-03
967,ddimmi96_2025-04-01,luan_winstar,근데 쿠팡 제품중 오래가는 기기를 못본거같아서ㅋ,2025-04-04
968,ddimmi96_2025-04-01,jji_mimini,저 기계 궁금,2025-04-04
969,ddimmi96_2025-04-01,nailbytiffany.lee,링크 please 🙏,2025-04-05
970,ddimmi96_2025-04-01,luke.gimme,@kkangvely85 이거좀 봐봐1ㅘ,2025-04-05
971,ddimmi96_2025-04-01,chae1_91,@jin___fly 이거얌 대박,2025-04-05
972,ddimmi96_2025-04-01,_angel.7979,@haneunjeong8306,2025-04-06
973,ddimmi96_2025-04-01,_7.eun,ㅈ정보 좀....,2025-04-06
974,ddimmi96_2025-04-01,cowcow0725,생크림 + 우유 + 요거트파우더 + 과일토핑가격 하면은 그냥 요아정 주문하는게 나음 저 재료 쿠팡서 장바구니 한번 담아봐,2025-04-07
975,ddimmi96_2025-04-01,gggggggg960330,😍😍😍😍😍😍😍😍😍😍😍😍😍😍😍😍😍,2025-04-07
976,ddimmi96_2025-04-01,d.______.s,@eunbih09,2025-04-08
977,ddimmi96_2025-04-01,dkdksb_0,차라리 오만원주고 저 기계사서 요아정 평생먹는다ㅋ,2025-04-09
978,ddimmi96_2025-04-01,_jh._.lee,@hyunwoo6273,2025-04-09
979,ddimmi96_2025-04-01,ji._012,제품명은 해밀턴비치 디저트 아이스크림 메이커,2025-04-09
980,ddimmi96_2025-04-01,ji._012,진짜잘되요 심지어 맛도 좋음 세척은 간단한편입니다,2025-04-09
981,ddimmi96_2025-04-01,moonsunghwan1,@y_je312,2025-04-13
982,ddimmi96_2025-04-01,luxu_ryshop7979,링크,2025-04-14
983,ddimmi96_2025-04-01,_76_64,@s_h2_e,2025-04-17
984,ddimmi96_2025-04-01,eeejjjyyy,@dadayomii_,2025-04-21
985,ddimmi96_2025-04-01,92_dilution,젤라또네요😮,2025-04-23
986,ddimmi96_2025-04-01,gg9901,요아정? 요거트 아이스크림 정..?,2025-04-26
987,ddimmi96_2025-04-01,eve.bxc,그냥 사먹는게 나을듯,2025-04-27
988,ddimmi96_2025-04-01,trdmsql,@ggomonde,2025-05-02
989,ddimmi96_2025-04-01,yoakim71,이쁜척,2025-05-03
990,ddimmi96_2025-03-22,hxa1ue,이쁘다,2025-03-22
991,ddimmi96_2025-03-22,baegdongsun4,중요한건 모습이 아니고 마음이애요♥,2025-03-23
992,ddimmi96_2025-03-22,gg___park,예뻐요❤️,2025-03-22
993,ddimmi96_2025-03-22,sinhyorin15,괜찮나요 저보다 잘만드시잖아여..😢,2025-05-11
994,ddimmi96_2025-03-22,gureum4190,당연하죠 언니가 어떤 모습이든 저희는 늘 좋아하고 있어요 늘 영상 잘 보고 있어요 감사해요!!,2025-04-01
995,ddimmi96_2025-03-22,kimjiyoung_55,❤️❤️,2025-03-23
996,ddimmi96_2025-03-22,ye_lin2,정말 수건케이크맛은.. 😇,2025-03-22
997,ddimmi96_2025-03-22,kwon.ha.yoon_,띠미님.. 띠뽀기 쌀떡으로도 만들어 주시면 안될까요??,2025-03-24
998,ddimmi96_2025-03-22,pairy__,멋진 노력들...❤️‍🔥❤️‍🔥❤️‍🔥,2025-03-23
999,ddimmi96_2025-03-22,sinhangyeol56,썸네일 곱창인줄....,2025-03-30
1000,ddimmi96_2025-03-22,commmmjj_ee,안녕하세요 :) 협업 관련해 디엠 전달드렸습니다. 확인 부탁드립니다!,2025-04-01
1001,ddimmi96_2025-03-21,dessert_hyejeong,와 진짜 재밌게 릴스 만드셔요😍,2025-03-30
1002,ddimmi96_2025-03-21,gangduweon85,😍😍😍😍,2025-03-30
1003,ddimmi96_2025-03-21,xin______xx___,ㅋㅋㅋㅋㅋㅋㅋㅋㅋㅋㅋㅋㅋㅋㅋㅋㅋㅋㅋㅋㅋㅋㅋㅋ 재밌네요,2025-03-21
1004,ddimmi96_2025-03-21,mukorang,오오 ..,2025-03-21
1005,ddimmi96_2025-03-21,wjddusal38,그냥 튀겨먹고싶다,2025-03-21
1006,ddimmi96_2025-03-21,just_maesil,맛잇을거같은데.....?왜지 약간 양파랜치소스같을거같은데..... 아니엿나보군🥲,2025-03-21
1007,ddimmi96_2025-03-21,jomiryeong188,어…머라고 해야하지?…,2025-03-24
1008,ddimmi96_2025-03-21,pairy__,으악 이건 좀,2025-03-21
1009,ddimmi96_2025-03-21,food_exel,ㅅ ㅓ 고 ㅣ,2025-03-23
1010,ddimmi96_2025-03-17,ddimmi96,이번영상 베라 고소 들어와도 할말없다 ㅎ..🙂‍↕️,2025-03-16
1011,ddimmi96_2025-03-17,jae_in.3,아니 볼때 마다 왜자꾸 긴장하라고 해요ㅜㅋㅋㅋㅋㅋ,2025-03-17
1012,ddimmi96_2025-03-17,sdafsadf123,✨️✨️✨️✨️✨️✨️,2025-03-16
1013,ddimmi96_2025-03-17,djpileusmusic,Wow❤❤❤❤❤❤❤,2025-03-16
1014,ddimmi96_2025-03-17,h_m.x10,어머 뉴욕치즈케이크 아이스크림 좋아하는분들은 환장 하겠어요❤️❤️,2025-03-16
1015,ddimmi96_2025-03-17,angg_zzing,미쳤다,2025-03-16
1016,ddimmi96_2025-03-17,yeon__story_x,우와 언니 아이디어 미쳤다요😍😍 저두 담에 해봐야겠어용,2025-03-17
1017,ddimmi96_2025-03-17,pe_p.e_0726,전자레인지에 돌리는데 왜 모양잡져..ㅋㅎ,2025-03-17
1018,ddimmi96_2025-03-17,song_juha12,진짜 겁나 맛있겠당,2025-07-11
1019,ddimmi96_2025-03-17,010_7x2x_x69x,헙ㅂ 제 최애도 뉴욕치즈인데..,2025-03-17
1020,ddimmi96_2025-03-17,gangduweon85,🧡🧡,2025-03-18
1021,ddimmi96_2025-03-17,mx_w0o,뉴욕 치즈 ㄹㅇ 존맛,2025-05-03
1022,ddimmi96_2025-03-17,renee.kim88,고소를 왜하지요 너무 고마울거 같은뎁!,2025-04-12
1023,ddimmi96_2025-03-17,"띠미맛 만들어야해
darudaru3333",베라에서 저거 출시해주면안되나요…,2025-06-02
1024,ddimmi96_2025-03-17,yeeer1ne,"배,,인데,,",2025-07-12
1025,ddimmi96_2025-03-17,uouv330,이건 정말 맛있어보인다😢,2025-03-17
1026,ddimmi96_2025-03-17,jomiryeong188,아닝 음식은 모르겠고 넘호 이쁘신디?…,2025-03-24
1027,ddimmi96_2025-03-17,sjo.x15,누나 초코,2025-03-18
1028,ddimmi96_2025-03-17,seo0._119,다른 아이스크림이여도 되나요??,2025-07-16
1029,ddimmi96_2025-03-17,valorant_cyfkrl,맛잇겟다 이거 내라,2025-05-05
1030,ddimmi96_2025-03-17,sunflower06198,치즈를 안먹는....하하,2025-06-07
1031,ddimmi96_2025-03-17,yen_ye333,와 진짜 당장 진행시켜!!,2025-06-04
1032,ddimmi96_2025-03-17,hongjiyeon56,쫀쫀함 미쳤다..ㄷㄷ,2025-03-16
1033,ddimmi96_2025-03-17,_caira06,진짜 천재인가?,2025-07-15
1034,ddimmi96_2025-03-17,kkong_ji,이 정성 뭐에요?,2025-03-17
1035,ddimmi96_2025-03-17,_xe.s1n,뉴욕치즈케이크최애맛인거뭘좀아시네요ㅠㅜㅜㅜㅜㅜ,2025-05-02
1036,ddimmi96_2025-03-17,jeongyunji392,전자레인지에 몇분 해야해요,2025-04-08
1037,ddimmi96_2025-03-17,m.love.kim,@ronwisly1234,2025-03-23
1038,ddimmi96_2025-03-17,h0ng.yxn3_,ㅁ마싯겟따,2025-03-16
1039,ddimmi96_2025-03-17,enfyp_t,와 찹쌀떡 맛있어 보여요 !!>_<,2025-03-17
1040,ddimmi96_2025-03-17,gimgayeon3478,나만 황치즈가루가 라면가루라고 생각했나..,2025-03-19
1041,ddimmi96_2025-03-15,mukorang,와 먹천재다❤️,2025-03-15
1042,ddimmi96_2025-03-15,leeeunm,양파 샐러드요!,2025-06-14
1043,ddimmi96_2025-03-15,caae.hy,볶음밥이요!,2025-07-02
1044,ddimmi96_2025-03-15,yunn_2,카레요!,2025-03-15
1045,ddimmi96_2025-03-15,do_soon.de,어니언링이요,2025-03-15
1046,ddimmi96_2025-03-15,seoltaejun86,쌀국수,2025-07-22
1047,ddimmi96_2025-03-15,bagsua252,씬피자가 아니고 싼피자 아니에요…? 나만 그렇게 이해한건가…?😢,2025-05-04
1048,ddimmi96_2025-03-15,leehyelim12,양파링만들어주세요ㅋㅋㅋㅋㅋ,2025-03-15
1049,ddimmi96_2025-03-15,parkseoa0214,피자,2025-05-26
1050,ddimmi96_2025-03-15,sunny160103,카레,2025-03-19
1051,ddimmi96_2025-03-15,kmj2233009,저거 반접어가지고 먹고싶다,2025-06-21
1052,ddimmi96_2025-03-15,seojin_1411,양파 튀김,2025-03-16
1053,ddimmi96_2025-03-15,gimseojun779,양파로 양파링,2025-03-16
1054,ddimmi96_2025-03-15,__a.hyun___,양파스프!!!,2025-04-15
1055,ddimmi96_2025-03-15,hanzl8_,양파조림 해가지구 돈까그 덮빕에 올려서 같이 먹으면 어떨까요..!,2025-03-19
1056,ddimmi96_2025-03-15,ss.ero0,양파 튀김,2025-03-15
1057,ddimmi96_2025-03-15,itaegyu7415,전거 보고옴ㅋㅋ,2025-04-08
1058,ddimmi96_2025-03-15,seongwon.kim,그렇게 얇은채라면 어니언스프요!,2025-03-15
1059,ddimmi96_2025-03-15,ldlof_,띠미님 피자스쿨 석사과정 밟으셨네...,2025-03-16
1060,ddimmi96_2025-03-15,s._eu0,어니언링ㄱ,2025-03-15
1061,ddimmi96_2025-03-15,itaegyu7415,양파 아이스크림이요,2025-04-08
1062,ddimmi96_2025-03-15,bintiger7680,양파장아찌,2025-03-15
1063,ddimmi96_2025-03-15,j_.yun13,양파로 만든 감튀요,2025-03-15
1064,ddimmi96_2025-03-15,c_maru_0709,양파 카라멜라이징 오를때까지 볶은다음 카레투입,2025-03-16
1065,ddimmi96_2025-03-15,young_ju89,"어니언스프여,.",2025-03-19
1066,ddimmi96_2025-03-15,synh2315,양파 자투리는 푹 고아서 카레에 넣으면 맛있음,2025-03-16
1067,ddimmi96_2025-03-15,heeyomagram,완전 쨥쨥연구가,2025-03-18
1068,ddimmi96_2025-03-15,k._iui5,불닭마요 연어국수에다가 양파 샐러드 ㄱㄱ,2025-04-17
1069,ddimmi96_2025-03-15,yhr_0107_,캬라멜라이징해서 카레 만들어드세욥,2025-03-16
1070,ddimmi96_2025-03-15,thgml._.hee_16,양파절여서 삼소파티,2025-03-21
1071,ddimmi96_2025-03-15,__yi__s2,@bjangmi09,2025-03-31
1072,ddimmi96_2025-03-15,lully_cutie_ran.jaoming,순살 후라이드치킨 위에 양파 를 치킨이 안보일때까지 깔고데리야끼소스랑 마요네즈소스 1ㄷ1 많이 뿌려서 드시면 겁나 맛있듬,2025-03-16
1073,ddimmi96_2025-03-15,10th_hitter_bears,고기 먹을때 양파절임 해드세요!,2025-07-17
1074,ddimmi96_2025-03-13,heeyomagram,재밌겠당 꼭 해바야지,2025-03-13
1075,ddimmi96_2025-03-13,haniju92,ㅋㅋㅋㅋ쿠우쿠우 라고 말 안 하고,2025-03-13
1076,ddimmi96_2025-03-13,"접시만 보여줬으면 몰랐을거 같아요 ㅋㅋ
저도 다음에 가면 해봐야겠어요 ㅋㅋ
xin______xx___",너무 좋은데요...? 예쁘고 잘 꾸며지니 더 맛있아 보여요!!!,2025-03-13
1077,ddimmi96_2025-03-13,imhyuniverse_,와 진짜 사람 사는 거 다 똑같구나 ㅋㅋㅎㅋㅎㅋㅎㅋㅎㅋㅎㅋㅎㅋㅎㅋㅎㅋㅎㅋㅎㅋㅎㅋㅎㅋㅎㅋㅎㅋㅎㅋㅎㅋㅋㅎㅋㅎㅋㅎㅋㅋㅎㅋ,2025-06-16
1078,ddimmi96_2025-03-13,nado_odo,귀여워 미춰버리겠넼ㅋㅋㅋㅋㅋㅋㅋㅋㅋㅋ,2025-03-13
1079,ddimmi96_2025-03-13,nikoniko_rakko,아니 플레이팅 실력 뭐얔ㅋㅋ 일류요리사인줄❤️,2025-03-15
1080,ddimmi96_2025-03-13,zkern.x,와 진짜 잘해 먹는다,2025-03-14
1081,ddimmi96_2025-03-13,u30_of_storm,쿠우쿠우에서도 빛나는 띠미님ㅎㅎ,2025-03-13
1082,ddimmi96_2025-03-13,ye_lin2,그럴싸한데욬ㅋㅋㅋㅋㅋㅋ,2025-03-13
1083,ddimmi96_2025-03-13,mukorang,ㅋㅎㅋㅎㅋㅎㅋㅎㅋㅎㅋㅎㅋ나두 가서 해바야지,2025-03-14
1084,ddimmi96_2025-03-13,witty__yy,확씨,2025-03-15
1085,ddimmi96_2025-03-13,e_undee.96,@yeolo._.7 담에 플레이팅 이러케 해조,2025-05-06
1086,ddimmi96_2025-03-13,3vnothing,@creamcheese.jsh 언니 담에 쿠우쿠우가쟈,2025-03-14
1087,ddimmi96_2025-03-13,alkong_zip,@so_ra._.a 내가 말한거ㅋㅋㅋㅋㅋㅋㅋㅋㅌㅌ,2025-04-23
1088,ddimmi96_2025-03-13,alkong_zip,@jinbok0624,2025-04-23
1089,ddimmi96_2025-03-13,1_70s_,@jihwanisland,2025-03-26
1090,ddimmi96_2025-03-13,mad_entp,ㅋㅋㅋㅋㅋㅋㅋㅋㅋㅋㅋㅋㅋㅋㅋㅋㅋㅋ아 ㅋㅋ,2025-03-13
1091,ddimmi96_2025-03-13,cha45157,30세 이따미,2025-07-26
1092,ddimmi96_2025-03-13,whatwso,재능잇는듯,2025-03-13
1093,ddimmi96_2025-03-07,jjs._.1202,누가 젼언니 좀 태그해봐,2025-03-07
1094,ddimmi96_2025-03-07,0young_min_son0,맛도리~~~,2025-03-07
1095,ddimmi96_2025-03-07,geumhee1012,귀여워 죽겟넹 ㅠㅠ❤️❤️,2025-03-07
1096,ddimmi96_2025-03-07,rami__0216,하..에어프라이가 되는 렌지 사야겠어요...갈겨..,2025-03-07
1097,ddimmi96_2025-03-07,djpileusmusic,Wow❤️❤️❤️❤️❤️❤️,2025-03-07
1098,ddimmi96_2025-03-07,pairy__,완전 요섹녀;;;,2025-03-07
1099,ddimmi96_2025-03-07,mukorang,미쵸따..,2025-03-07
1100,ddimmi96_2025-03-07,seunghyeon1226,집에 오븐 없어유,2025-03-08
1101,ddimmi96_2025-03-07,e_____un1,@kyoung.miii 도전,2025-03-08
1102,ddimmi96_2025-03-07,ju.yeon_0514,@jeon_unni_,2025-03-07
1103,ddimmi96_2025-03-07,1x.wo2,@jeon_unni_,2025-03-07
1104,ddimmi96_2025-03-07,coeain994,ㄷ,2025-03-07
1105,ddimmi96_2025-03-07,oh_yzn,@jeon_unni_ 젼언니!!,2025-03-07
1106,ddimmi96_2025-03-07,ut_ffsh,@jeon_unni_ 해주세요ㅜㅜ❤️,2025-03-07
1107,ddimmi96_2025-03-07,cjd20138,@jeon_unni_,2025-03-07
1108,ddimmi96_2025-03-07,jinhwan_y_89,맛나것슴돠 🧅🤤,2025-03-07
1109,ddimmi96_2025-03-07,h.al_xl,@jeon_unni_,2025-03-07
1110,ddimmi96_2025-03-07,j.hyeri1,😍😍😍😍,2025-03-08
1111,ddimmi96_2025-03-07,j._.gr_,@j_xo_n_1 진행시켜,2025-03-08
1112,ddimmi96_2025-03-07,je0nq1n._.031,@jeon_unni_,2025-03-08
1113,ddimmi96_2025-03-07,hn__0.012,@jeon_unni_ 편의점에 출시해주세요 언니,2025-03-08
1114,ddimmi96_2025-03-07,jkxw_i0620s,술안주.,2025-03-08
1115,ddimmi96_2025-03-07,4.j_h.1,@jeon_unni_ 젭알 해주세요 🙏🏼,2025-03-08
1116,ddimmi96_2025-03-07,pangpanglove2296,해줘,2025-03-08
1117,ddimmi96_2025-03-07,ejfbaoqllej,@jeon_unni_,2025-03-08
1118,ddimmi96_2025-03-07,jang.yun93o,@jeon_unni_,2025-03-08
1119,ddimmi96_2025-03-07,kimeunsun9206,@jeon_unni_ 언니...,2025-03-08
1120,ddimmi96_2025-03-07,hw._ang12,걍 치즈구운거 먹는거 아님?,2025-03-08
1121,ddimmi96_2025-03-07,fiosc.a,@jeon_unni_,2025-03-08
1122,ddimmi96_2025-03-07,__xhen1,양파말고 스팸넣으면 개맛잇겟다,2025-03-08
1123,ddimmi96_2025-03-07,mmys1115,@jeon_unni_,2025-03-08
1124,ddimmi96_2025-03-07,y.1n_a,@jeon_unni_,2025-03-08
1125,ddimmi96_2025-03-07,qkrtjgus__18,@jeon_unni_ 헤헿,2025-03-08
1126,ddimmi96_2025-03-07,eunok1810,@jeonghaehun53 술안쥬?,2025-03-08
1127,ddimmi96_2025-03-07,kjwon1456,@jeon_unni_,2025-03-08
1128,ddimmi96_2025-03-07,s3.z0n1,@jeon_unni_,2025-03-08
1129,ddimmi96_2025-03-07,vvvvvvippppppp_gd,@jeon_unni_ 운니 이고 무더쥬면 안대?,2025-03-08
1130,ddimmi96_2025-03-07,venus0727,@jeon_unni_ 이거 만들어 머그슈,2025-03-08
1131,ddimmi96_2025-03-07,kcy._.080,@jeon_unni_ 언니 이거 해주세요!!!!!!,2025-03-09
1132,ddimmi96_2025-03-07,sheasyyo,맛있겠다 🤤,2025-03-09
1133,ddimmi96_2025-03-07,s.zyin__,@jeon_unni_,2025-03-09
1134,ddimmi96_2025-03-07,rlatndrb209,@jeon_unni_ 언니 이거 먹어줄꺼지?,2025-03-10
1135,ddimmi96_2025-03-07,janhyek1,파프리카가루 있는데 해먹어야지 감사합니다 ㅎㅎㅎㅎ,2025-03-11
1136,ddimmi96_2025-03-07,ichigo3e,띠미공주의 셀프 메이크업. 룩북. 너무 보고 싶다 먹방만 찍기엔 너무나 여신인 그녀... 뷰티 콘텐츠... 띠미랑 랜선 여자 놀이 하는 상상...,2025-03-13
1137,ddimmi96_2025-03-07,indo_lovee,@jeon_unni_,2025-05-13
1138,ddimmi96_2025-03-07,lee_dorai12,"목소리가 약간 ""지"" 로 시작하는 분이 생각난다",2025-05-14
1139,ddimmi96_2025-03-07,cen_131,감자넣어도 맛있겠다,2025-05-27
1140,ddimmi96_2025-03-07,silver_1ine,@jaegang_b,2025-06-22
1141,ddimmi96_2025-03-07,naram_saltpepper,@r_kim_zz,2025-07-15
1142,ddimmi96_2025-03-07,to_.nyao,일본 간장이 덜 짜고 달아서 저런 레시피를 만든 거 같네요,2025-03-11
1143,ddimmi96_2025-03-07,xin______xx___,끄앍ㅋㅋㅋㅋㅋㅋㅋㅋㅋㅋㅋ 그래도 안 버리고 잘 씻고 잘 먹어서 다행이에오😂,2025-03-07
1144,ddimmi96_2025-03-07,wanter_21g,맛잘알이네 맛소금 ㅋㅋ😆,2025-03-07
1145,ddimmi96_2025-03-07,mukorang,먹어보구싶당,2025-03-07
1146,ddimmi96_2025-03-07,romanz1105,씻어먹는거보고 편안,2025-04-03
1147,ddimmi96_2025-03-07,jinhwan_y_89,ㅋㅋㅋㅋㅋㅋㅋ 큰일날뻔,2025-03-07
1148,ddimmi96_2025-03-07,m2_nj2,보기만해도 짜아..😰,2025-03-07
1149,ddimmi96_2025-03-07,ajh140625,아 눈매워 ㅋ,2025-03-07
1150,ddimmi96_2025-03-07,waterdragonbbak,@yoonie_mama,2025-03-11
1151,ddimmi96_2025-03-03,2castle._.1,안뇽하세뇨 띠뽀끼 언제 입고되나요ㅠㅠ 제 친구가 죽겠다고 해서요ㅠ.ㅠ,2025-03-05
1152,ddimmi96_2025-03-03,zerusus_,분자요리법.😂,2025-03-03
1153,ddimmi96_2025-03-03,momo_92_87,한천가루쓰시고 얼음물말고 올리브오일30분 냉장시키고하시면 될듯합니당,2025-03-03
1154,ddimmi96_2025-03-01,yamjjiii,파우더에 설탕이 많이들어가있어서 저렇게 쓰면 엄청나게 달거예요….,2025-03-06
1155,ddimmi96_2025-03-01,bclassic_pilates,이거 코코넛 가루였구나..... 탈지분윤줄...,2025-03-03
1156,ddimmi96_2025-03-01,bambi7098,이거 너무 맛있음!!!,2025-05-15
1157,ddimmi96_2025-03-01,blueberrymuffingirl_,ㅇㄴ 언니 화장 뭐야 개이뻐,2025-03-07
1158,ddimmi96_2025-03-01,xeanzero,하 같이 해줄 사람 없겠지......,2025-05-07
1159,ddimmi96_2025-03-01,isahysi,와 이때 띠미님 왜케 더 예뻐요,2025-03-04
1160,ddimmi96_2025-03-01,yuri.o._.o_g,그거 삶아 먹는거같은데...졸깃쫄깃,2025-05-18
1161,ddimmi96_2025-03-01,2ggani_,아 너무 이뻐😍❤️,2025-03-01
1162,ddimmi96_2025-03-01,mukstar_md,ㅋㅋㅋ4350😂😂말이 되오ㅜㅜ,2025-03-02
1163,ddimmi96_2025-03-01,min.gun0827,투애니원 박봄 닮았어요ㅋㅋㅋㅋ,2025-03-04
1164,ddimmi96_2025-03-01,thdwldk_9,녹차로 만들어여••,2025-05-26
1165,ddimmi96_2025-03-01,hanmyeong_tom2_,얼굴 밖에 안보여요 ㅜ ㅜ 🥹💗,2025-03-01
1166,ddimmi96_2025-03-01,pairy__,비누같아요!,2025-03-01
1167,ddimmi96_2025-03-01,p_k0ri_nce_ss2,@jeon_unni_ 언니 해주세여 ㅠㅠ,2025-03-09
1168,ddimmi96_2025-03-01,yujinpika,.,2025-03-03
1169,ddimmi96_2025-03-01,rubiparty1,"질문이 있습니다. 소셜 네트워크에 게시할 영상을 녹화할 때 말하거나 먹을 때 어리석은 표정을 짓는 것이 필요한가요? 한국에서는 ""귀엽고 달콤함""이 매력적이라는 건 알지만... 한국 밖에서는 매우 당혹스러울 수 있다는 걸 알아두세요!",2025-05-05
1170,ddimmi96_2025-03-01,rubiparty1,"I have a question: Is it necessary to put on a silly face while talking or eating in a video you're recording for social media? I understand that in Korea, being ""cute and sweet"" is attractive, but...just be aware that outside of Korea, it's a real creep!😂",2025-05-05
1171,ddimmi96_2025-03-01,ddd_ddtr,살쪄,2025-05-30
1172,ddimmi96_2025-02-25,3mix.ju,아ㅋㅋ 나도 먹어보고싶다😢언니가 만든거,2025-02-25
1173,ddimmi96_2025-02-25,b_d12.25,ㅎㅎㅎ 계란만 있네요 😅,2025-02-25
1174,ddimmi96_2025-02-25,kyr135,슈가파우더 뿌렸으면 완벽히 속았을수도....?,2025-02-25
1175,ddimmi96_2025-02-25,ixmlan,왜 웅니만 먹어...? 나도 조...,2025-02-25
1176,ddimmi96_2025-02-25,jae__ri,초코 치즈케익느낌!! 실제로치즈케익도 저런식으로 만드러용!!!,2025-02-26
1177,ddimmi96_2025-02-25,nam.hy0,누텔라 한통 다 넣나요?,2025-02-25
1178,ddimmi96_2025-02-25,minimanimo95,누텔라말고 토마토쥬스나 토마토넣고 하면 맛있을것같음ㅋ,2025-02-25
1179,ddimmi96_2025-02-25,zunyxi,May i ask how much celcius and how many minutes?,2025-04-03
1180,ddimmi96_2025-02-25,ddimmi96,이렇게 궁금한 릴스 있으면 디엠으로 보내주세요 신청 받습니다😚❤️,2025-02-25
1181,ddimmi96_2025-02-25,gustls,주작이 아니고 저 유튜버 디저트 잘 만드시는분이에요 그리고 원래 치즈케이크에는 밀가루 안들어가야 맞습니다,2025-02-26
1182,ddimmi96_2025-02-25,aileeu_n,조각케이크처럼 삼각형으러 자르고 슈가파우더 뿌렸으면.. 속았을지도... 아님 컵케이크처럼 동그란 모양으로,2025-02-26
1183,ddimmi96_2025-02-25,double_27k,ㅋㅋㅋㅋㅋㅋㅋ,2025-02-25
1184,ddimmi96_2025-02-23,joonwoo1013,젤리구성이..?,2025-02-23
1185,ddimmi96_2025-02-23,imojuheei,오늘도 이뿌다 🫶🏻,2025-02-23
1186,ddimmi96_2025-02-23,pairy__,헐 띠미님 몬가 달라졌는데!!!,2025-02-24
1187,ddimmi96_2025-02-23,choijian14,하트3333으로 만들었다,2025-07-17
1188,ddimmi96_2025-02-23,1_won12,먹고싶다😢,2025-02-23
1189,ddimmi96_2025-02-23,yeweon833,냠냠이소리 누구타라하는것가타 그 한번먹어볼께요,2025-03-27
1190,ddimmi96_2025-02-23,ocksoon_gogo,요즘 미모 물올랐어욤🔥,2025-02-23
1191,ddimmi96_2025-02-23,neoid11,냠냠 ㅋㅋㅋ,2025-06-20
1192,ddimmi96_2025-02-23,qpfhqjlabux,렌즈정보 알려주세요,2025-02-25
1193,ddimmi96_2025-02-23,heejini.gomo,@mzy_ya 리본캔디 나 졸라 많아 ㅋㅋ,2025-02-27
1194,ddimmi96_2025-02-23,qntkdgksdhfl,혹시 저 역사의 주사기는 어디서 사죠?,2025-07-13
1195,ddimmi96_2025-02-23,rami__0216,하...치킨플러스인가? 거기 치즈 들어간 치킨 먹어봤다가 지인짜 너무 맛없고 짜서 힘들었는데 (점바점이 심해여엉...)황올에 치즈라면...당장 주사기 사서 주입해야겠어요!!!!!!,2025-02-22
1196,ddimmi96_2025-02-23,choi_minseo_140503,1주좋아요 1개답글 달기,2025-07-19
1197,ddimmi96_2025-02-23,k.jun_s00,9주좋아요 1개답글 달기,2025-05-25
1198,ddimmi96_2025-02-23,y._mg72_,찍어먹으면 되는거 아닌가요..,2025-02-24
1199,ddimmi96_2025-02-23,e_.ser,나만 저 주사기 보고 척수액 생각나나,2025-04-11
1200,ddimmi96_2025-02-23,zoeyzoeyzoeyzoeyzoeyzoeyzoeyzo,저거 주사기 척수엑 주사 같은디,2025-06-29
1201,ddimmi96_2025-02-23,mukstar_md,"와 발상 대박이얘요,,,",2025-02-22
1202,ddimmi96_2025-02-23,ddimmi96,세계최초 역양념치킨🍗,2025-02-22
1203,ddimmi96_2025-02-23,"이거 진짜 신기해요!!!!!
뭔가 재밌고 더 맛있었어요!!!!!!🤤❤️
gg._s14",거인 주사기?,2025-04-19
1204,ddimmi96_2025-02-23,yeolmu319,볼때마다 척수액..,2025-06-15
1205,ddimmi96_2025-02-23,h1ovn_,아드레닐린주사기,2025-06-06
1206,ddimmi96_2025-02-23,cmj_6_28,거인 주사기....... ㄷㄷ,2025-03-04
1207,ddimmi96_2025-02-23,hoeuni,오 신박해,2025-02-23
1208,ddimmi96_2025-02-23,zxk_0_0,척추액ㅋ,2025-06-15
1209,ddimmi96_2025-02-23,9712.mg,저거왜케 진격거 주사기같지,2025-06-22
1210,ddimmi96_2025-02-23,zskdbe,사람한테 찌르면 거인되나요,2025-03-02
1211,ddimmi96_2025-02-23,minjun_pann,이러다 치킨플러스 망해요,2025-03-23
1212,ddimmi96_2025-02-23,just_maesil,진짜 천재세요??,2025-02-22
1213,ddimmi96_2025-02-23,karasu_good,저거 주사 낙원행에 쓰는거 아님?,2025-05-18
1214,ddimmi96_2025-02-23,so_happy_hyun,유투브 ootb에서 의뢰자1편에서 한곤데요?,2025-02-23
1215,ddimmi96_2025-02-23,mx_5.ox,크림파이,2025-03-23
1216,ddimmi96_2025-02-23,double_27k,천재다..,2025-02-23
1217,ddimmi96_2025-02-23,chyh8787,찍먹이 더 바삭할듯. 소스 넣는 동안 치킨 식고 눅눅해짐 ㅋ,2025-03-02
1218,ddimmi96_2025-02-23,no.0829,진짜 아이디어인데 누가 쎄벼갈듯,2025-03-29
1219,ddimmi96_2025-02-23,master.dsk,문제는 만들고 배달가야하는데 누가 넣고 있죠? 양념이 속에서 골고루 안퍼지는 것도 문제.,2025-02-22
1220,ddimmi96_2025-02-23,isahysi,불닭+치즈 흐면 맛있겠당,2025-02-23
1221,ddimmi96_2025-02-23,ichu_chui,오오,2025-02-23
1222,ddimmi96_2025-02-23,yoyo126241,띠미님! 순살치킨으로도 해주세요❤️,2025-02-28
1223,ddimmi96_2025-02-23,jjubbbba,누드치킨 어때용,2025-03-06
1224,ddimmi96_2025-02-23,sounyoung62,그냥..후라이드시켜서 소스찍어먹으면되지..,2025-03-30
1225,ddimmi96_2025-02-23,3727y__,순살에다가 하면 딱이겠다,2025-04-06
1226,ddimmi96_2025-02-23,myoung_cuk,매장에서 먹으면 양념치킨도 바삭해요 배달이라서 눅눅,2025-05-03
1227,ddimmi96_2025-02-23,j_xunz4,언니 예상 대박.. 치필링ㅇ,2025-05-08
1228,ddimmi96_2025-02-23,teakyung13,걍 후라이드에 양념 찍어먹으면 되는거...?,2025-05-21
1229,ddimmi96_2025-02-23,sin_89_ys,그럴꺼면 그냥 찍먹해,2025-05-26
1230,ddimmi96_2025-02-23,jeongseonyul33,주사기가 넘무 무셔,2025-05-27
1231,ddimmi96_2025-02-23,2_jihu.1q,??? : 모배 아드레날린 주사기,2025-06-06
1232,ddimmi96_2025-02-23,frederickjayrubin,그냥 소스찍어먹으면 안됌?,2025-06-08
1233,ddimmi96_2025-02-23,si_woo2233,넣었노,2025-06-28
1234,ddimmi96_2025-02-23,so_yul.13102,불닭이랑 치즈랑 같이 넣어줘!,2025-06-30
1235,ddimmi96_2025-02-23,yunseul410,저 주사기 진격의거인 주사기같아요..😂 나만 그런가,2025-07-22
1236,ddimmi96_2025-02-23,a_baby_pig,주사기 보고 낙원행 생각 한사람----->,2025-07-27
1237,ddimmi96_2025-02-15,luh._ye,맛있겠다 치즈+소세지 조합 ㅠㅠㅠ❤️,2025-02-15
1238,ddimmi96_2025-02-15,sharkk_1230,저거 사람한테는 하지마세요 거인될라,2025-06-24
1239,ddimmi96_2025-02-15,chaejia1110,언니항상 맛있는거만 만드넹,2025-02-15
1240,ddimmi96_2025-02-15,jswxo.12,착한생각 착한생각,2025-07-02
1241,ddimmi96_2025-02-15,miitmini,와 ...... 늘 느끼는 거지만 진짜 아이디어도 열정도 대단하네요 ... 대박,2025-02-19
1242,ddimmi96_2025-02-15,jijijijiwon000000,저거 주사기 뭐임? 척수액 나오는거 아님?,2025-06-08
1243,ddimmi96_2025-02-15,ra.hyun13,저거 예전에 유행했던 거 아니였남,2025-02-18
1244,ddimmi96_2025-02-15,park_jm4519,척수액 주사기?,2025-06-20
1245,ddimmi96_2025-02-15,olivia_cho_7,쟌스빌에 이미 치즈 소세지 이쏘욜 베다위드체다치즈,2025-02-17
1246,ddimmi96_2025-02-15,draw_ing0522,착한생각....착한생각..ㅡ,2025-07-03
1247,ddimmi96_2025-02-15,minjaezoo,아......아닛!!저 주사기는!!! 치즈를 넣지 말고 척수액을 넣어서 변신해야지 !!!!!!,2025-06-28
1248,ddimmi96_2025-02-15,jiwoo2958,이마트에 팔아요 먹스나ㅏㅏ님 영상,2025-02-21
1249,ddimmi96_2025-02-15,choikangwoo_13,척수액,2025-06-24
1250,ddimmi96_2025-02-15,k_dana1117,댓글5빠,2025-02-16
1251,ddimmi96_2025-02-15,heocoko,주사기 설마.... 거인화 주사기?!?!?!,2025-06-28
1252,ddimmi96_2025-02-15,is1z.___.10,저 주사기 어디서 많이 본 주사기인데…,2025-06-24
1253,ddimmi96_2025-02-15,double_27k,와..햄다진걸 라이스페이퍼로 감싸면 좋겠다라고 쓸랬는데..더 천재적인 주사기로..치즈주입....👏👏,2025-02-15
1254,ddimmi96_2025-02-15,ux.hxn1,저 주사,2025-03-13
1255,ddimmi96_2025-02-15,pickmaer,척추액이다,2025-06-27
1256,ddimmi96_2025-02-15,jxonwo,저거 거인 되는 주사기 아님?,2025-06-30
1257,ddimmi96_2025-02-15,hyxn.joo_,미친이건맛이업을수가업는데미쳣다,2025-02-27
1258,ddimmi96_2025-02-15,yujin_0115,요리를 왜케 잘함?,2025-02-20
1259,ddimmi96_2025-02-15,je._.ywx,저 주사기..ㅡ익숙한데,2025-06-24
1260,ddimmi96_2025-02-15,losemom_bestgay,졸라맛맀겠네진짜쥬ㅠㅠㅠㅠㅠ제발한입만,2025-02-22
1261,ddimmi96_2025-02-15,yunhajun351,치즈 아닌데.....,2025-07-12
1262,ddimmi96_2025-02-15,yejune0816,저거 주사기 왜 진격거가 생각나지,2025-06-04
1263,ddimmi96_2025-02-15,lxeq_.7,런천미트? 신성모독하시면 안됩니다,2025-03-03
1264,ddimmi96_2025-02-15,handsomeseojoonkim,저 주사기는....,2025-06-24
1265,ddimmi96_2025-02-15,everyvin,소세지 속을 좀 파거나 퐁듀처럼 치즈가 좀 흐르면 더 비슷할거같아요,2025-02-16
1266,ddimmi96_2025-02-15,yobro135892,ㅗㅜㅑ,2025-02-27
1267,ddimmi96_2025-02-15,tuclopim,수제이지만 파는곳 있습니다 ㅎㅎ 체다치즈도 있고 모짜렐라도 있고 여튼 이것저것 많이 넣고 팔더라구요. 좀 오래전에 먹어서 정확한 상호는 기억 안나는데 전라도 여행하면서 먹었습니다. 임실치즈 유명해서 먹으러갔던 기억뿐..,2025-02-17
1268,ddimmi96_2025-02-15,08_hhh_3,주사기가........,2025-06-26
1269,ddimmi96_2025-02-15,mhdhh_2008,저 주사기...라바이 준비해라...돌격!,2025-06-26
1270,ddimmi96_2025-02-15,s._.wvn,ㅎ,2025-03-30
1271,ddimmi96_2025-02-15,yunhoo0629,4주좋아요 1개답글 달기,2025-06-26
1272,ddimmi96_2025-02-15,real_jey_lee,움찔 움찔,2025-03-11
1273,ddimmi96_2025-02-15,reels.6974523,19주좋아요 24개답글 달기,2025-03-11
1274,ddimmi96_2025-02-15,handonghohan,10주좋아요 1개답글 달기,2025-05-16
1275,ddimmi96_2025-02-15,gangduweon85,😋,2025-02-19
1276,ddimmi96_2025-02-15,riwon_cha,캔디드 스웨데시 젤리 해주세여ㅕ,2025-02-20
1277,ddimmi96_2025-02-15,sxh_.3e,최근에 태국다녀왔는데 나 이거 왜 몰랐지..,2025-02-20
1278,ddimmi96_2025-02-15,mukstar_md,와 대박이네요 실험정신😍,2025-02-21
1279,ddimmi96_2025-02-15,kkyuya11,와.. 띠미님 릴스에서 보네요 이제,2025-03-02
1280,ddimmi96_2025-02-15,n_y11.x,@eoxdg11 만들어주라 ㅠ,2025-03-10
1281,ddimmi96_2025-02-15,imseohyeon493,"치즈?소세지?., .엄...멕스봉 있지않나욤...",2025-03-19
1282,ddimmi96_2025-02-15,lipig78,이거 있음ㅋㅋ 천하장사 소세지같은거로,2025-03-22
1283,ddimmi96_2025-02-15,fuxx_our_fxxk,Cum,2025-05-03
1284,ddimmi96_2025-02-15,y_s3ung_m1n,잠깐 저 주사...!,2025-06-29
1285,ddimmi96_2025-02-15,heodongcan5,저 주사기..,2025-07-02
1286,ddimmi96_2025-02-15,parkgm_34,착한생각 착한생각 착한생각,2025-07-03
1287,ddimmi96_2025-02-15,iminyeong0514,1번에다가 라이스페이퍼하고 기름 싹하고 불닭소스넣고 에어프라이기에 구우면 맛있겠다.,2025-07-04
1288,ddimmi96_2025-02-15,ch_gy131026,저 주사기….,2025-07-04
1289,ddimmi96_2025-02-15,ch_gy131026,척수액을 넣으셨나요,2025-07-04
1290,ddimmi96_2025-02-15,dolphin.8977508,엉클 그랜파,2025-07-05
1291,ddimmi96_2025-02-15,hyun_jin.0220,거인화 주사기 ㄷㄷ,2025-07-07
1292,ddimmi96_2025-02-15,ellie_debdebdeep,또또 나만 썩었지,2025-07-09
1293,ddimmi96_2025-02-15,wbpark_lol_life,저거 치즈를 넣야지 왜 척수액을 넣노,2025-07-09
1294,ddimmi96_2025-02-15,2us.forever_0725,아니 저 주사기는.. 분명 척수액이 ..,2025-07-10
1295,ddimmi96_2025-02-15,a01080790265,뭐야 거인화 주사기 잖아,2025-07-16
1296,ddimmi96_2025-02-15,choihyensuck0320,??????:치즈아닌데 치즈아닌데🤪,2025-07-20
1297,ddimmi96_2025-02-15,gangminseo578,저 주사기는… 소세지가 무지성 거인이 될지도,2025-07-21
1298,ddimmi96_2025-02-15,shutter_frame.kim,치즈 삐져나올때 여드름 짜는것같아요,2025-07-23
1299,ddimmi96_2025-02-13,ddimmi96,다들 꼭 만들어보세요 진짜 예뻐요!!!💖,2025-02-13
1300,ddimmi96_2025-02-13,"다들 해피 발렌타인데이..🍫😭(내일임)
hasori0512",와 슈가슈가룬 하트같아요,2025-02-13
1301,ddimmi96_2025-02-13,par.kj0_he,언니 프롬서희한데 가서 줘,2025-02-13
1302,ddimmi96_2025-02-13,hxuna81_,개맛잇어보여요,2025-03-01
1303,ddimmi96_2025-02-13,han_huih.h,이뻐용❤️,2025-02-13
1304,ddimmi96_2025-02-13,h87o879,띠남이한테 빅보 목소리 나옄ㅋㅋㅋ,2025-02-13
1305,ddimmi96_2025-02-13,jhs_hoote,지난번에는 식욕 감퇴였는데 이번엔 맛있겠다,2025-02-13
1306,ddimmi96_2025-02-13,lee.ji.hoo_0412,초콜릿 못받는 사람은 울고가요…,2025-02-13
1307,ddimmi96_2025-02-13,uouv330,영롱하다🙌,2025-02-14
1308,ddimmi96_2025-02-13,y.aro1,줄 사람 옶자나 온닝,2025-03-16
1309,ddimmi96_2025-02-12,kellyfornia_c,비쥬얼 미쳣당 ㅋㅋㅋㅋ,2025-02-12
1310,ddimmi96_2025-02-12,r0_exn,빨리왔다ㅏ,2025-02-12
1311,ddimmi96_2025-02-12,myeonghwiyu,런천미트 맛없다고? 그냥 먹을만하든데,2025-04-12
1312,ddimmi96_2025-02-12,parksoohyun5922,와 근데 라면 조금 넣는다고 다이어트 인가요?!,2025-02-12
1313,ddimmi96_2025-02-12,uk.0718,당뇨바로오게따,2025-03-12
1314,ddimmi96_2025-02-12,minsea1107,다이어트? ㄷㄷ,2025-02-12
1315,ddimmi96_2025-02-12,qufvyrja1234,런천미트 개맛없음 그냥먹으라고 줘도 안먹음,2025-02-12
1316,ddimmi96_2025-02-12,uouv330,와 맛있겠다,2025-02-13
1317,ddimmi96_2025-02-12,cyka_bly4t,빠네,2025-06-09
1318,ddimmi96_2025-02-12,sungyoon200501,런천미트면 밥상 엎지른다,2025-02-13
1319,ddimmi96_2025-02-12,wan.__.2_,@gksendb1,2025-05-16
1320,ddimmi96_2025-02-12,aeran1261,@simgitae95 😮,2025-05-16
1321,ddimmi96_2025-02-12,uuumi._.e,@r.eiter9804 너무 짤꺼같은뎅 😂,2025-07-10
1322,ddimmi96_2025-02-12,zoyuchnn,@xovlyha,2025-06-07
1323,ddimmi96_2025-02-12,jaycob_jaycob_jay,@yuki.yim ㅋㅋㅋ아 고딩때 언니한테 스팸라면 끓여줬더니 충격받던 언니표정 생각난다 ㅋㅋㅋㅋ,2025-03-17
1324,ddimmi96_2025-02-12,wnxhsr,존나맛있겠네 ㅅㅂ,2025-06-02
1325,ddimmi96_2025-02-12,chars7979,해보셨으니 다시는 안하시겠군요 ㅋㅋㅋ,2025-03-13
1326,ddimmi96_2025-02-12,muk_captain_,(런천밋뜨),2025-02-17
1327,ddimmi96_2025-02-12,i_am_kissboy,런천미트한테 한 번 호되게 당해서 영상 보기 힘드네..,2025-02-14
1328,ddimmi96_2025-02-12,ongsuzn,어우 비주얼 도랏네,2025-02-12
1329,ddimmi96_2025-02-12,alslalsl_s,@kwangju_e 우아,2025-02-12
1330,ddimmi96_2025-02-12,boggeunang,헐ㄹ..먹고싶다듀ㅜ 다이어트중인데..,2025-02-12
1331,ddimmi96_2025-02-12,sheep_ai.art,먹어볼래가 보였다,2025-02-13
1332,ddimmi96_2025-02-12,heonjunca,고혈암,2025-02-13
1333,ddimmi96_2025-02-12,harumochann,왕뚜껑이 필요없네,2025-02-13
1334,ddimmi96_2025-02-12,canu_studio,나트륨 ㅠㅠ,2025-02-13
1335,ddimmi96_2025-02-12,kimmssuk018,@holyspirit_u,2025-02-13
1336,ddimmi96_2025-02-12,s_.uj._,다이?어트,2025-02-13
1337,ddimmi96_2025-02-12,rubychaewon,ㄹㅊ미트는 롯데가 맛있어요,2025-02-13
1338,ddimmi96_2025-02-12,hyeunjooungkim83,돈지랄!! 😂😂😂😂😂 그냥 라면에 정량. 투입이 제일 맛난듯ㅋ😂,2025-02-14
1339,ddimmi96_2025-02-12,s.a_lly29,얼마?,2025-02-14
1340,ddimmi96_2025-02-12,baesinin,접시도 좀파야지,2025-02-14
1341,ddimmi96_2025-02-12,55555mssn,진순 아니네요,2025-02-14
1342,ddimmi96_2025-02-12,i.love.mymom0322,왜 폰트가 고기남ㅈ,2025-02-14
1343,ddimmi96_2025-02-12,19999911s,햄라면 햄라면,2025-02-14
1344,ddimmi96_2025-02-12,oseungmin913,아잇...운동끝나고 봐버려서 편의점갔다왔네;;,2025-02-15
1345,ddimmi96_2025-02-12,kksg1041,어후 혈관 막힐것 같음 물한 2리터 먹어야 할것 같은디,2025-02-18
1346,ddimmi96_2025-02-12,uhyun_90,더럽게 맛없겠다😮,2025-02-21
1347,ddimmi96_2025-02-12,ck_jm_c,맛있겠다,2025-03-01
1348,ddimmi96_2025-02-12,i_am__jinsik,그냥 스팸 몸 되는거지,2025-03-01
1349,ddimmi96_2025-02-12,play01077,맛은 있는데 진짜 짬,2025-03-01
1350,ddimmi96_2025-02-12,arwen5097,런천미트를 스팸 대용이라니 .....,2025-03-02
1351,ddimmi96_2025-02-12,do____ggggg,@huddling_v,2025-03-08
1352,ddimmi96_2025-02-12,ak47wwe2023,감 없네 빽햄으로 했어야지,2025-03-11
1353,ddimmi96_2025-02-12,jaehwan1217,@jeongjin607 가능?,2025-03-16
1354,ddimmi96_2025-02-12,9_____dan2,워 그릇이 돼지고기 함량 나락이고 닭뻑살정육 왕창 갈아넣은 맛대가리 없음이 화면으로도 느껴짐 ㅠㅠ,2025-03-22
1355,ddimmi96_2025-02-12,ondam_food7,꿀조합😍,2025-03-22
1356,ddimmi96_2025-02-12,park_duck_kyu,대박,2025-04-13
1357,ddimmi96_2025-02-12,knjkjs0124860615,😂😂😂😂,2025-04-27
1358,ddimmi96_2025-02-12,hagwanseon,@jhhhh_610 가보자요!!,2025-05-07
1359,ddimmi96_2025-02-12,zeaa.xn1,❤️,2025-05-15
1360,ddimmi96_2025-02-12,ss9knr,런천보단 리챔이 낫지 런천은 그 짜고 돼지햄맛?이 안난다거 해야되나 싸구랴맛남 ㅓ,2025-05-15
1361,ddimmi96_2025-02-12,m_ch0516,근데 육게장은 정신병 걸릴만큼 심각하게 꼬들면이어야 맛있음👏,2025-05-16
1362,ddimmi96_2025-02-12,5.xxia_,런천미트 안에 부대찌개 끓여주세요,2025-05-17
1363,ddimmi96_2025-02-12,hypark3295,신박합니다 근데 런천미트는 다 못먹을거 같아요,2025-05-18
1364,ddimmi96_2025-02-12,sm.south,저 햄그릇엔 그냥 따끈한 흰쌀밥과 계란 반숙 때려넣는 게 최고일듯 ㅌㅌ,2025-05-18
1365,ddimmi96_2025-02-12,coladuck90,런천미트 식감도 이상하고 맛없어…,2025-05-18
1366,ddimmi96_2025-02-12,jiyonggyu6835,ㅋㅋ 마지막 빵터짐,2025-05-20
1367,ddimmi96_2025-02-12,nam_.g,@sonmong_123 ???,2025-05-22
1368,ddimmi96_2025-02-12,hyuntae.han,@jjjj2y_,2025-05-24
1369,ddimmi96_2025-02-12,choi_min_sik2,@j_hyunja 와..ㅋㄱㄲㄱ,2025-05-26
1370,ddimmi96_2025-02-12,young_hojungmil3836,😂,2025-05-28
1371,ddimmi96_2025-02-12,momoneko2025,하지만 한입만 먹어도 나트륨 MAX차지임,2025-05-29
1372,ddimmi96_2025-02-12,ycr900708,안짜니?...,2025-05-30
1373,ddimmi96_2025-02-12,jungjunyoung890,뻘짓,2025-05-31
1374,ddimmi96_2025-02-12,bongsuu_9,짜것따,2025-06-03
1375,ddimmi96_2025-02-12,bbeng0331,🐶도 안먹을듯 ㅋㅋ 햄이 맛이 없을수가 있다는걸 첨 깨달았다😂😂😂,2025-06-06
1376,ddimmi96_2025-02-12,d.h.yang,런천미트는 닭고기가 많이 들어가서 좀...,2025-06-08
1377,ddimmi96_2025-02-12,cyberneticsguardian,가시나야...짜,2025-06-08
1378,ddimmi96_2025-02-12,_jju_la_ny,@chae_ni_baby 먹어보고싶네 ㅋㅋㅋㅋ,2025-06-13
1379,ddimmi96_2025-02-12,gyeongsan_vape_shop_,@k______jh_ 젼나 기엽네,2025-06-16
1380,ddimmi96_2025-02-12,tk_ey_iz_fam,고혈압 고LDL cholesterol 당첨!🙌👏,2025-06-16
1381,ddimmi96_2025-02-12,myhomesalim,비주얼은 진짜 미쳤네여.. 와아..,2025-06-19
1382,ddimmi96_2025-02-12,j1_.ho0n,이거보다 저도모르게 씹던 껌 삼켰는데 어떡하나요,2025-06-24
1383,ddimmi96_2025-02-12,aaa.__.y,@jjlm854 해줄까?,2025-06-27
1384,ddimmi96_2025-02-12,jajao628,변조만 안하시면 좋을듯해요,2025-07-01
1385,ddimmi96_2025-02-12,jeonjunseo560,ㅈㅁ 매운맛? (존주ㅇ),2025-07-01
1386,ddimmi96_2025-02-12,sumin.0816,짤것같아여,2025-07-04
1387,ddimmi96_2025-02-12,quagle_1229,흥미롭노,2025-07-05
1388,ddimmi96_2025-02-12,jeong.min84,@e.sun_90871820 뭉고기 술안주 ㅋㅋㅋ,2025-07-05
1389,ddimmi96_2025-02-12,katana_jinhyup92,맛은있겠지만 엄마한테 쳐마즐듯 ㅋ,2025-07-05
1390,ddimmi96_2025-02-12,318sia,보기만해도 짜다 와 ㅋㅋ @aaah.ing,2025-07-06
1391,ddimmi96_2025-02-12,kyopo18,😋,2025-07-07
1392,ddimmi96_2025-02-12,soo_02_07_hyun,칼폭 ㄷ,2025-07-08
1393,ddimmi96_2025-02-12,sanghun7160,미쳣다ㅡㅡ,2025-07-18
1394,ddimmi96_2025-02-12,sean0421yu,음식 아깝다..,2025-07-18
1395,ddimmi96_2025-02-12,lumpen.tsx,어름답네요,2025-07-26
1396,ddimmi96_2025-02-12,"저는 런천 미트 조아요
le.jwxdns",❤️,2025-07-28
1397,ddimmi96_2025-02-08,klmheejae,화장 연하니까 더 예쁘네요,2025-02-08
1398,ddimmi96_2025-02-08,yeah.___.won,3빠!! 언니 넘 예뻐요❤️❤️,2025-02-08
1399,ddimmi96_2025-02-08,harpy._.123,띠미 언니는 공주답게 안해도 항상 예뻐요!,2025-02-09
1400,ddimmi96_2025-02-08,h_m.x10,어머 띠미님🤭오늘 헤메코 진짜 무슨일에요..진짜루 너~무 예쁘세요❤️❤️❤️,2025-02-08
1401,ddimmi96_2025-02-08,xin______xx___,헐 딸기..? 맛있겠어요ㅠㅠㅠㅠ❤️,2025-02-09
1402,ddimmi96_2025-02-08,haniyulallal,언니 완전 핑크핑크 공쥬야,2025-02-08
1403,ddimmi96_2025-02-08,3mix.ju,❤️,2025-02-09
1404,ddimmi96_2025-02-08,hihiihhi.11,🩷🩷🩷🩷🩷너무 맛있어 보여용,2025-02-15
1405,ddimmi96_2025-02-08,oseongeun19,❤️❤️❤️❤️,2025-02-08
1406,ddimmi96_2025-02-08,jeongdayeon383,저 아이브 찐팬 이어요!!!!¡!!!!!!,2025-05-25
1407,ddimmi96_2025-02-08,janepark0129,저 그 노래 바이올린 으로 할수 있어요!,2025-07-12
1408,ddimmi96_2025-02-08,seoeunseo116,언니 걍 먹어 ㅋㅋ 맛있는데 어켘ㅋ,2025-05-18
1409,ddimmi96_2025-02-08,janepark0129,9살인데 대단한건 가요?😢😢😢,2025-07-12
1410,ddimmi96_2025-02-08,jeonghyeonju3768,안유진..?성빼..라고하는 유진이가 떠오른다..,2025-06-23
1411,ddimmi96_2025-02-08,lovelyluna_91_,너무 터프한데 얼굴이 너무 귀여워🙌,2025-02-09
1412,ddimmi96_2025-02-08,dayeongongju,너무 예뻐서 아이돌도 할 수 있겠다,2025-05-21
1413,ddimmi96_2025-02-08,imseohyeon493,저 딸기중독자인데 한입마뇨오😢,2025-03-19
1414,ddimmi96_2025-02-08,uouv330,❤️너무 이쁘세요,2025-02-10
1415,ddimmi96_2025-02-08,xu1.ro,1빠,2025-02-08
1416,ddimmi96_2025-02-08,angeltmfrl,@diinjj 마싯게써..^^^^,2025-03-09
1417,ddimmi96_2025-02-08,ch.y2x,띠미님은 원래부터 곤듀였자나요오!!!!👸,2025-02-09
1418,ddimmi96_2025-02-08,gy._rix16,"아이브,유진:안유진?.. 유진이",2025-04-20
1419,ddimmi96_2025-02-08,bagsua252,안유진:성 빼.,2025-04-22
1420,ddimmi96_2025-02-08,h_yerin1234,저거 먹으면 장원영처럼 되나요,2025-05-26
1421,ddimmi96_2025-02-08,15.rodaon,@saewoni_p,2025-02-21
1422,ddimmi96_2025-02-08,melody_jammin,전 싸인이 없었어요 ㅠㅠ,2025-06-13
1423,ddimmi96_2025-02-08,s._.oyeon_,@juchan47,2025-02-14
1424,ddimmi96_2025-02-08,o._ooer,언니는 그냥 공주자체야,2025-05-19
1425,ddimmi96_2025-02-08,hyoju1110,마시께따ㅠ💗,2025-02-11
1426,ddimmi96_2025-02-08,press_0304,아이브 라니께 장원영 케이크 아닌디,2025-02-11
1427,ddimmi96_2025-02-07,jhs_hoote,이번에도 식욕감퇴..,2025-02-08
1428,ddimmi96_2025-02-07,kkm_______7,글리터응가나올듯여ㅋㅋ,2025-02-07
1429,ddimmi96_2025-02-07,uouv330,건강한것만 먹어주셨으면 좋겟다😢,2025-02-08
1430,ddimmi96_2025-02-07,mmiinn670,바르는건 괜찮은데 넘 못발라서 식욕감퇴 음식같아요😂,2025-02-10
1431,ddimmi96_2025-02-07,frog001213,맛있게따,2025-02-07
1432,ddimmi96_2025-02-07,miniminamanimo,응가가 궁금하다,2025-02-11
1433,ddimmi96_2025-02-07,u30_of_storm,영상에 양보하는 음식이었군요ㅎㅎ,2025-02-07
1434,ddimmi96_2025-02-07,howang_1231,응가하면 빤짝빤짝빛날거같은..ㅋㄱㅋㅋㅋ😂,2025-02-09
1435,ddimmi96_2025-02-07,jn._u3n,초콜릿을 더 녹여야할것 같아요,2025-02-09
1436,ddimmi96_2025-02-07,somin.estp1005,과일실타래가자,2025-02-07
1437,ddimmi96_2025-02-07,ggoggo_ny,글리터는 마른붓으로 살살 발라주시는게 좋을듯,2025-02-08
1438,ddimmi96_2025-02-07,heogaeun242,맛 없나 보다ㅋㅋㅋ,2025-02-07
1439,ddimmi96_2025-02-07,_ha.ul7,맛이있으면되그래도재미있었잖아한잔해,2025-02-08
1440,ddimmi96_2025-02-07,jang.ux_luv,반딱반딱 칼라똥(?),2025-04-04
1441,ddimmi96_2025-02-07,jjye0_n,예? 저만 다 맛있어 보이나요?,2025-02-09
1442,ddimmi96_2025-02-07,lovelyluna_91_,지옥에서 온 글리터 ㅋㅋㅋㅋㅋㅋ❤️,2025-02-09
1443,ddimmi96_2025-02-07,mtui.486,언니 이건 아니야ㅠㅠ,2025-02-09
1444,ddimmi96_2025-02-07,heim_white,몸에 안좋을거 같은 음식1위,2025-02-09
1445,ddimmi96_2025-02-07,jx.m_214,고슴도치 고슴도치 고슴도치 고슴도치🦔🦔🦔🦔🦔🦔🦔🦔🦔,2025-02-10
1446,ddimmi96_2025-02-07,irene_liam._.kim,@byunghun_brian 똥이 눈부심을 경험하것네,2025-02-10
1447,ddimmi96_2025-02-07,pom._.finn,어떤 맛일지 너무 궁금하다ㅠ,2025-02-13
1448,ddimmi96_2025-02-07,coejeongeun122,자기도 영 아닌가 보네ㅋ,2025-02-16
1449,ddimmi96_2025-02-07,yejiji3130,식욕김퇴음식2...,2025-02-17
1450,ddimmi96_2025-02-07,moont1996,못생건같은대 매력적인듯,2025-02-19
1451,ddimmi96_2025-02-07,soooooi0224,"꼭, 적정사용량 농도 확인하세요~~~😮",2025-02-19
1452,ddimmi96_2025-02-07,k_dohyen,목소리가 나비님이랑 같은듯,2025-02-25
1453,ddimmi96_2025-02-07,dong_bini,그냥..먹지마요 😢,2025-03-04
1454,ddimmi96_2025-02-07,nyolihaneun,먹으면 똥이 반짝반짝하게 나오겠지?,2025-03-08
1455,ddimmi96_2025-02-07,earthus.love,스프링클 많이 들은 통에 글리터 넣고 쉐킷쉐킷 하시고 과일에 완전히 녹은 초콜릿 딥핑하고 굳힌다음에 스프링클글리터 통에 넣러서 몇번 굴리면 이쁘게 된답니둥❤️,2025-03-09
1456,ddimmi96_2025-02-07,min.gun0827,나만 투애니원 박봄 닮음? ㅋㅋ,2025-03-11
1457,ddimmi96_2025-02-07,youjoo1211,엉니 화이트 초콜릿을 좀더 녹여바여ㅕ,2025-03-12
1458,ddimmi96_2025-02-07,jj_____ung922,못해서 귀여워ㅋㅋㅋㅋ,2025-03-14
1459,ddimmi96_2025-02-07,ser.__ye0ng,맛만있으면 되.,2025-03-15
1460,ddimmi96_2025-02-07,blink_ailette,'블랙핑크 제니가 먹는 곶감',2025-03-23
1461,ddimmi96_2025-02-07,jwkim_1035,글리터를 솔솔... 뿌려주세효😢 범벅 말궁,2025-03-24
1462,ddimmi96_2025-02-07,j1xn.hy_,프리티 피클....,2025-03-30
1463,ddimmi96_2025-02-07,baegdongsun4,죄송핞대 곰팡이 같아요ㅠㅠ 죄송합니다.,2025-04-03
1464,ddimmi96_2025-02-07,jian.130730,먹으면 혀가.........글리터?!,2025-04-14
1465,ddimmi96_2025-02-07,kawaii_sanzu_0703,언니 진짜 미안한데 식욕감퇴 맞는거 같아....ㅠ,2025-05-02
1466,ddimmi96_2025-02-07,seul9003,식용 금도 딱히 먹는 게 몸에 좋진 않다했는데.. 저런 것들도 안먹는 게 낫지 않을까ㅠ,2025-05-05
1467,ddimmi96_2025-02-07,johyenjun_0122,💩,2025-05-11
1468,ddimmi96_2025-02-07,nxx._.oxo,밀크 초콜릿이 아니라 화이트 초콜릿..,2025-05-15
1469,ddimmi96_2025-02-07,sinyejun256,썩은딸기,2025-05-17
1470,ddimmi96_2025-02-07,lemo_n10047,나만 맛있어 보이는걸까,2025-05-25
1471,ddimmi96_2025-02-07,r._.yp,초코릿을 위에서 흘려보내듯 해야될것 같아요.. 푹 찍어서 올리니깐 울퉁불퉁한 표면이 생기고 층이 두꺼워져서 원래 과일 형태가 흐릿해졌어요,2025-05-27
1472,ddimmi96_2025-02-07,chipmunk.9383392,예쁜 똥?,2025-05-28
1473,ddimmi96_2025-02-07,flos_0318,니똥칼라똥 실현,2025-05-30
1474,ddimmi96_2025-02-07,cyoon.13,넘 달것같....,2025-06-05
1475,ddimmi96_2025-02-07,8yi.io_,초콜릿이랑 글리터 섞으면 되는거 아닌가,2025-06-07
1476,ddimmi96_2025-02-07,ys_o0213,띠미님 진짜 겁나 맛잇어 보여요 ㅠ 홧팅!!!,2025-06-13
1477,ddimmi96_2025-02-07,tkdjbdeh,ㅋㅋㅋㅋ,2025-06-14
1478,ddimmi96_2025-02-07,iseoyeong0116,띠뽀기 맛있나요???🥘,2025-06-23
1479,ddimmi96_2025-02-07,zellycv300,먹방 asmr로 범벅된 sns에서 유일하게 다이어트를 챙겨주는 영상,2025-07-04
1480,ddimmi96_2025-02-07,ing99ingg,우와❤️❤️,2025-07-15
1481,ddimmi96_2025-02-07,kmg_14_02,글리터...날리는거...음...,2025-07-16
1482,ddimmi96_2025-02-07,yunjin020314,통에 글리터 붙고 굴리면 대지 않은까요,2025-07-17
1483,ddimmi96_2025-02-07,iyeha705,딸기가... 곰팡이가 되었어...,2025-07-20
1484,ddimmi96_2025-02-07,kwow6.25,글로우가든,2025-07-25
1485,ddimmi96_2025-02-04,rami__0216,저기 안에 빠져서 다 먹어버리고 싶을 만큼 너무 맛있어보여요...,2025-02-04
1486,ddimmi96_2025-02-04,seupika60,이거 얼려 먹으면 진짜 맛있겠어요 거기에다 아이스크림 추가,2025-02-26
1487,ddimmi96_2025-02-04,wldnwldn77,왕 맛있어 보이는데 노력+사악한 재료비 ㅋㅋㅋㅋㅋ ㅠㅠㅠㅠ,2025-02-04
1488,ddimmi96_2025-02-04,run_with_choan,2빠!!!언니 넘 예뻐요,2025-02-04
1489,ddimmi96_2025-02-04,ddimmi96,과연 몇 칼로리정도 될까요?,2025-02-04
1490,ddimmi96_2025-02-04,"5000칼로리..?😱
jjjjju_35",미국 딸기는 너무너무너무 맛이 없어서 단게 없으면 못먹어요 😂,2025-02-06
1491,ddimmi96_2025-02-04,yuh.seo_,3빠!!,2025-02-04
1492,ddimmi96_2025-02-04,heejin4761,맜있음 됐지 뭐,2025-02-05
1493,ddimmi96_2025-02-04,jja_ng,@_krwjjh_ 마싓겟다,2025-02-04
1494,ddimmi96_2025-01-31,ji._huuo,오 진짱 신기하네요!,2025-01-31
1495,ddimmi96_2025-01-31,pg_o_oh_,카슈카슈 맛있겠네요,2025-02-01
1496,ddimmi96_2025-01-31,prv_emmi_shit,😍,2025-01-31
1497,ddimmi96_2025-01-31,gg___park,😊😊,2025-01-31
1498,ddimmi96_2025-01-31,lunapricity_,"딸기는 휘핑크림, 사과는 카라멜이죵♥️",2025-02-01
1499,ddimmi96_2025-01-31,silver_rin,젤바나!,2025-02-11
1500,ddimmi96_2025-01-31,bboni._.bbang,과일은 설리당게 진짜 맛있는데,2025-01-31
1501,ddimmi96_2025-01-31,lullu.o3o,헐 뭔가 딸기나 바나나가 젤 맛있을 줄 알았는데 곶감 의외당😳,2025-02-02
1502,ddimmi96_2025-01-31,run_with_choan,띠미윤식,2025-02-04
1503,ddimmi96_2025-01-31,hdk_876,바나나가 오이같아요ㅋㅎㅋㅎ,2025-07-13
1504,ddimmi96_2025-01-31,sionnbb,웩,2025-01-31
1505,ddimmi96_2025-01-28,rami__0216,우와! 한일 합작인데도 엄청 맛있어보여요! 양배추 넣은 만두는 달달하고 수분기 가득해서 맛있는데 넘 잘 재현해주셨어요ㅜㅜ!! 이번 설에 저도 된장 넣어서 떡국 한번 만들어봐야겠어요😋💜,2025-01-28
1506,ddimmi96_2025-01-28,ddimmi96,제 일본인 친구 사키짱은 떡국을 한번도 안먹어봤어요!!,2025-01-28
1507,ddimmi96_2025-01-28,"시키짱의 상상으로 만든 떡국💥
만두가 양배추 식감에 특히 맛있었고
떡국은 된장과 가쓰오부시 맛에 독특하고 진짜 맛있었어요🤤!!!!
사키야 고마워❤❤❤❤
gg___park",새해 복 많이 받으세요👏👏,2025-01-28
1508,ddimmi96_2025-01-28,danbi__com,누나 새해복 많이 받으세요!,2025-01-31
1509,ddimmi96_2025-01-28,ye_lin2,헐 사키쨩~~~ ❤️❤️❤️,2025-01-28
1510,ddimmi96_2025-01-27,wldnwldn77,와 넘 궁금했눈데 ㅋㅋㅋ꼭 사먹어야겠음요❤️,2025-01-28
1511,ddimmi96_2025-01-27,nado_odo,이거 진짜 너무 맛있어,2025-01-27
1512,ddimmi96_2025-01-27,cyankim_,진짜 맛있겠다….,2025-01-28
1513,ddimmi96_2025-01-27,seohyun._.y,이거 작은 버전도 나왔대요! 먹어 봤는데 겁나 맛있음여,2025-04-06
1514,ddimmi96_2025-01-27,gg___park,👏👏👏,2025-01-27
1515,ddimmi96_2025-01-27,hyeon__602,언니 립정보 알 수 있을까영,2025-01-30
1516,ddimmi96_2025-01-27,izumiryuchi,Клубничная красота которую всегда хочется.❤️👏😢,2025-01-28
1517,ddimmi96_2025-01-27,ye_lin2,헐 이거먹고싶었눈데!!!!,2025-01-27
1518,ddimmi96_2025-01-27,zx0xxo,개비싸노..,2025-01-29
1519,ddimmi96_2025-01-27,x.eoi0,나 케이크에 들어있는 딸기가 더 맛있는뎁..ㅠㅠ 한입만뇨..ㅠㅠ!!!,2025-02-02
1520,ddimmi96_2025-01-27,a_sa____i,전두찜먹을게욥…,2025-02-01
1521,ddimmi96_2025-01-27,woniii2,@yurrrrr_i 사줘,2025-04-09
1522,ddimmi96_2025-01-26,leeremarcie,2빠ㅏ❤️,2025-01-26
1523,ddimmi96_2025-01-26,rami__0216,아닠ㅋㅋㅋㅋㅋㅋ 카다이프가 있네에에??!?///하실때 악센트 올라가는거 너무 웃겨요 ㅋㅋㅋㅋㅋ 저는 주문하려고 결제 시도했다가 매진 당해서 못샀는데ㅠㅜㅜ 받으신분들 너무 부러워요...2월에 또 여신다는데 그땐 꼭 성공하고야 말겠어요😭😭,2025-01-26
1524,ddimmi96_2025-01-26,pm4m1,카다이프 발견 할 때 표정 너무 웃겨욬ㅋㅋㅋㅋㅋㅋㅋ ㄱㅇㅇ❤️❤️❤️,2025-01-26
1525,ddimmi96_2025-01-26,x.dawn_13,일찍왔다,2025-01-26
1526,ddimmi96_2025-01-26,cipibara2,ㅋ,2025-02-08
1527,ddimmi96_2025-01-26,rockpunch_1zzang,맛있겠다.. 먹고싶었는데,2025-01-26
1528,ddimmi96_2025-01-26,ji._huuo,와 겁나 맜있겠다ㅠㅠㅠ❤️,2025-01-25
1529,ddimmi96_2025-01-26,mukorang,미챠ㅏ다다아아❤️❤️,2025-01-24
1530,ddimmi96_2025-01-26,klmheejae,"@hyeon0_9 너가 좋아하것다,,",2025-01-24
1531,ddimmi96_2025-01-26,wholelottaholiness,피자헛이라구요~??,2025-01-24
1532,ddimmi96_2025-01-26,ellenanzanoanzano,미국로스앤잴리스에는피자이렇게먹다는데,2025-01-31
1533,ddimmi96_2025-01-26,catb.o.t,진짜 참신하긴하당,2025-01-24
1534,ddimmi96_2025-01-26,kimdonghak_2025,와 존나 맛있겠네,2025-02-02
1535,ddimmi96_2025-01-26,gripper300lbs,지금삽니다😏💖❣️❣️❤️‍🩹❣️❤️‍🩹❣️🇩🇪🙋🏻😎💖🇩🇪❤️‍🩹❣️❣️❤️‍🩹,2025-02-01
1536,ddimmi96_2025-01-26,tanos_4k,이탈리아 사람: (쾅쾅쾅!!!) 으아!!!!,2025-01-29
1537,ddimmi96_2025-01-26,me.ron4306,오,2025-02-01
1538,ddimmi96_2025-01-26,jii_5_nii,@yhsohappy27 오,2025-02-14
1539,ddimmi96_2025-01-26,chowh8827,@briecheese0202,2025-03-28
1540,ddimmi96_2025-01-26,2yun_luv_,@hyisangy,2025-01-26
1541,ddimmi96_2025-01-26,ouo_yuuum,@y_audgh 쫌 쳐보인당 그졍 ~~?,2025-02-12
1542,ddimmi96_2025-01-26,w_oonee,@m_hjnee,2025-02-01
1543,ddimmi96_2025-01-26,lo.ve__sat,여러분들 이거 조랴 짜요,2025-02-01
1544,ddimmi96_2025-01-26,gangduweon85,🍕,2025-01-28
1545,ddimmi96_2025-01-26,_ji_.uz,짜여,2025-02-01
1546,ddimmi96_2025-01-22,jhanajbb_1124,지우개가루를드려보센건가,2025-01-23
1547,ddimmi96_2025-01-22,qkaqkd16,아니 지우개 드셔보셨나고욬ㅋㅋㅋㅋ ㅠㅠ,2025-01-22
1548,ddimmi96_2025-01-22,uouv330,요구르트 신맛이라니😢,2025-01-27
1549,ddimmi96_2025-01-22,jane_140704,저도 중국 푸딩 먹다가 뱃인적 있어요,2025-04-26
1550,ddimmi96_2025-01-22,zzangezzz,오이맛 감자칩 진짜 맛도리인데….🤤,2025-01-22
1551,ddimmi96_2025-01-22,joeunjin346,11주좋아요 2개답글 달기,2025-05-09
1552,ddimmi96_2025-01-22,"번역 보기
joondell417428",지우개가루를 먹어 봤나요? ㅋㅋㅋ 애들이 신박한건 많은데 맛은 그닥인가봐요ㅋㅋ,2025-01-22
1553,ddimmi96_2025-01-22,jjudy.kim,저거 蒸써있는 동그란 소포장 된 빵 진짜 댕맛있어요!! 부드럽고 맛도 진하고요😋,2025-01-22
1554,ddimmi96_2025-01-19,h_m.x10,우와..보기만 해도 군침 줄줄..🤤진짜 맛있어보이네요..❤️,2025-01-19
1555,ddimmi96_2025-01-19,mukorang,흐아아아아❤️❤️❤️,2025-01-19
1556,ddimmi96_2025-01-19,imyoowoo,둘다 영어 쓰니 괜찮겠지 라뇨 ㅋㅋㅋㅋㅋㅋㅋㅋㅋㅋ😂,2025-01-21
1557,ddimmi96_2025-01-19,ddimmi96,맛은 과일이랑 양파에 있는 자연스러운 단맛 + 짭짤한맛이 있었어요!! 밥도둑😍❤️,2025-01-19
1558,ddimmi96_2025-01-19,sinminjae232,맛있겠다,2025-01-19
1559,ddimmi96_2025-01-19,ye_lin2,아 나도 저거보고 침흘림 ㅠㅠㅠㅠㅠ,2025-01-19
1560,ddimmi96_2025-01-19,isangmin3576,테호가 왜 저기있노,2025-01-22
1561,ddimmi96_2025-01-19,klmheejae,부러워요.,2025-01-19
1562,ddimmi96_2025-01-19,lucky__seong,진짜 저거보고 몇일동안 똑같은 생각했는데,2025-01-19
1563,ddimmi96_2025-01-19,hanjiwon0307,짜서 밥도둑이라던데 ㅋㅋㅋ,2025-04-20
1564,ddimmi96_2025-01-19,uouv330,ㅠ ㅠ 침나오내요,2025-01-20
1565,ddimmi96_2025-01-19,jeongseyeong9844,아니 미국안에 수도로 호주가있는거야,2025-06-13
1566,ddimmi96_2025-01-19,beenstagrm,가서먹어봤는데 맛있어요,2025-01-20
1567,ddimmi96_2025-01-19,baby_bunny_9_9,"보고 삘받았어 , 나 지금 요리 시작해 @yaan_170.8.8.8",2025-01-20
1568,ddimmi96_2025-01-19,daegeun_yeo,@hansorieo,2025-01-21
1569,ddimmi96_2025-01-19,me_xnom,우마..에와…,2025-01-21
1570,ddimmi96_2025-01-19,j._h0814_,25주답글 달기,2025-02-02
1571,ddimmi96_2025-01-19,s.x_sh_11,태호가 왜 저기에,2025-01-20
1572,ddimmi96_2025-01-19,inseok1234,미국산은 곡물을 먹여 키워 마블링이 많은 것이 특징입니다. 반면 호주산은 목초지에서 키워 마블링이 적지만 육향이 풍부하죠. 미국소로 하면 또 다른 맛이 날거에요!,2025-01-27
1573,ddimmi96_2025-01-15,h_m.x10,곶감바쓰라니 진짜 신박해요ㅋㅋ🤭🤭곶감 자체로도 정말 쫄깃 달달 맛있을거 같은데 거기에 설탕옷이 입혀지만 두배로 달달 해지겠어요🧡하나만 먹어도 당충전 제대로 될거 같아요~^_^ 당장 설리당으로 달려가서 사먹어야 겠어요🧡,2025-01-15
1574,ddimmi96_2025-01-15,yxies0_,잇ㅁㅗㅁ..,2025-01-22
1575,ddimmi96_2025-01-15,ddimmi96,설리당 X 띠미 곶감 설날 선물세트 🎁,2025-01-15
1576,ddimmi96_2025-01-15,"눈이 내린 듯한 자연설탕 곶감!
쫀득한 식감으로 찹쌀도넛을 떠올리게 해요😍

10구 구성 ₩37,000 ➡ ₩27,000🔥
특가 기간: 1월 15일 ~ 1월 24일
제주 지역 주문은 1월 23일 마감!

새해 선물로도 강력 추천!
여러분들도 설리당 곶감으로 특별한 바쓰 만들어보세요!
지금 네이버에 설리당을 검색해보세요! ❤
jaein_kngf",바쓰가 아니라 탕후루 아닌가요 큐큐ㅋ,2025-01-15
1577,ddimmi96_2025-01-15,gwon_min_kyung,아!!!!이거빠스곶감이에유??????????,2025-02-08
1578,ddimmi96_2025-01-15,ji_ye__12,탕후루다 언니 고정좀ㅠㅠ😢,2025-01-17
1579,ddimmi96_2025-01-15,uouv330,👏👏👏우와,2025-01-22
1580,ddimmi96_2025-01-15,12.13.kr,천연당분이면 스모어처럼 토치로 지졌을 때 크림브륄레처럼 겉이 빠삭해지려나 궁금한디,2025-01-15
1581,ddimmi96_2025-01-13,_yellmust_,우왕 띠미자기야 맛있게따,2025-01-13
1582,ddimmi96_2025-01-13,ongsuzn,아주 귀여워.....또 살게요.......,2025-01-13
1583,ddimmi96_2025-01-13,ji._huuo,마지막에 넘 웃기시고 귀여우시다ㅋㅋ,2025-01-25
1584,ddimmi96_2025-01-13,_eun_98,처음에 두개 다 넣는 건 안되나??,2025-05-24
1585,ddimmi96_2025-01-13,rkflfnfpfh,띠뽀끼 진짜 존맛!!!!!!!! 특히 치즈가 미쳤던데요?,2025-01-13
1586,ddimmi96_2025-01-13,eun_0811,아 언니 왜ㅐ 솔의눈 마싯어ㅓㅓ,2025-05-17
1587,ddimmi96_2025-01-13,fu1342782,띠뽀끼 땡긴다 냉동실에 있는거 해동시켜야지,2025-01-13
1588,ddimmi96_2025-01-13,zoo13576,띠뽀끼 우삼겹 토핑 야무지다,2025-01-13
1589,ddimmi96_2025-01-13,rayoon._.14,솔의눈 맛있는데,2025-01-14
1590,ddimmi96_2025-01-13,ddimmi96,"📣띠뽀끼 2차 오픈!
지난번 완판에 보내주신 사랑에 감사드립니다!😍
이번 2차 오픈에서는 더 특별한 혜택을 준비했어요‼️
✔️ 유튜브쇼핑 구매 시 10% 할인
✔️ 네이버 스마트스토어 구매 시 10% 할인 쿠폰 제공 + 베스트 리뷰 선정 시 5% 구매금액의 포인트지급
✔️ 2개 이상 구매 시 무료배송

🛒 유튜브 쇼핑, 띠미몰, 네이버 스마트스토어에서 동시 판매 중!
지금 바로 프로필 링크를 통해 만나보세요!🎉
🔥띠뽀끼 후기는 띠미 인스타 띠뽀끼 후기 하이라이트 클릭!
🔥 이번에도 서둘러 주문하세요!",2025-01-13
1591,ddimmi96_2025-01-12,h_m.x10,우와 묘하게 멋있어 보여요❤️저도 왠지 모르게 먹어보고 싶네요🤤띠미님 항상 영상 너무 잘보고 있습니다 앞으로도 많이 사람들이 띠미님 영상을 좋아하면 좋겠네요!!❤️응원합니다!💜,2025-01-12
1592,ddimmi96_2025-01-12,0l.r_lee,와 맛있어 보인다 ㅋㅎㅋㅋ,2025-01-12
1593,ddimmi96_2025-01-12,yeoni__omo,부천역 부근 하나로마트? 농협 거기 옆에 중국식 식빵 옛날 식빵 팔아여 존맛 ㅠㅠㅠ,2025-01-17
1594,ddimmi96_2025-01-12,ddimmi96,띠뽀끼 재입고 1/13 (내일)에 하기로했어요!!🎉지난번 품절로 구매 못하신 분들 내일 꼭 구매하세요😍❤️,2025-01-12
1595,ddimmi96_2025-01-12,"자세한건 내일 공지할게요!
1s2m3h4d",실리콘 넣은건가💦,2025-01-12
1596,ddimmi96_2025-01-12,c.ysssssss,이거 쿠팡에 뭐라고 쳐야 나와요? ㅜㅜ,2025-01-13
1597,ddimmi96_2025-01-12,dkoss39eie,띠미님 쇼츠보다가 이 영상 립 색깔이 너무 예뻐서 인스타까지 오게 됐는데요 제발....제발.... 립 정보 좀 알려주실 수 있을까요????🥹🥹🥹🥹🥹🥹🥹,2025-01-14
1598,ddimmi96_2025-01-12,heoheo8443,중국꺼라 먹기무서움 패스...,2025-01-14
1599,ddimmi96_2025-01-12,chill__gay123,밀가루 반죽,2025-01-13
1600,ddimmi96_2025-01-12,snngyoon,그럼 치즈를 드세요,2025-01-13
1601,ddimmi96_2025-01-12,eszum__,한달 반동안 배송왔는데 원래 안되는게 상해서 될 수도?,2025-01-14
1602,ddimmi96_2025-01-12,wjddusal38,공짜로준다해도 중국껀 못먹을거같아....으,2025-01-18
1603,ddimmi96_2025-01-12,starlike.ch_6110,처음 영상 탈색 실패한 머리 같음,2025-01-25
1604,ddimmi96_2025-01-12,bagcanseo504,정액?!?!?!!!?!??!💦💦💭,2025-06-26
1605,ddimmi96_2025-01-12,gwonyeongmin28,아니 왜케 중국의 음식에 대해 비난이 많을까.. 제가 중국에서 조금 살아봐서 아는데요 빵 라티아오 음료수 그런거 다 ㅈㄴ 멀쩡하고요 하나하나씩 중국에서 이상한 음식이나 식재료로 장난치는 분이 있는데요 중국 전부가 다 그러는게아니라 일부분 한명만 그런거에요 중국에 대한 비난좀 멈춰주시길 바랍니다👏,2025-01-14
1606,ddimmi96_2025-01-12,sky_mir_hanju,방부제,2025-01-15
1607,ddimmi96_2025-01-12,linda.ggfwen,중국 제품은 앵간하면 먹기 꺼려짐.. 뭐가 들어가 있을줄 알고 ㅜㅜ 쌀도 플라스틱 섞고 계란도 만들고 심지어 분유도 타이어 가루 넣던데,2025-01-17
1608,ddimmi96_2025-01-12,jisoo_1403,1빠,2025-01-12
1609,ddimmi96_2025-01-12,gekomommom,ㅁ ㅓ지??? 탕종식빵인가?? 우째 저러지??,2025-01-14
1610,ddimmi96_2025-01-12,seogiweon12,......먹다죽겠다,2025-01-14
1611,ddimmi96_2025-01-12,esther_chae_kr,냄새 별로라는건.. 본능적으로 몸에 안좋을 것 같네요. 성분 확인 하고 드세요..,2025-01-17
1612,ddimmi96_2025-01-12,mallang_snowy,중국 식빵이 뭐랄까 한국 식빵보다 잘 뭉치고 씹을수록 입안에서 떡되는 느낌이 있긴함…,2025-01-14
1613,ddimmi96_2025-01-12,"완전 중국식은 아니었지만 중국인이 운영하는 대만식 베이커리에서 일해본적이 있는데 그때 끓는물로 익반죽한걸 반나절 냉장 숙성하고 다음날 빵만드는 반죽에 섞어썼는데 그래서 더 식감이 쫀득했음.. 한국 탕종빵보다 더 찰짐..
doongji_cold_noodles",한달반..? 유통기한 안지났나요 ㅠ,2025-01-14
1614,ddimmi96_2025-01-12,jiwoo1206abc,한국 쌀식빵으로도 해주실 수 있나요?,2025-01-18
1615,ddimmi96_2025-01-12,sop._.0415,처음에 나오시는 여성분 이름이 뭐죠?,2025-01-18
1616,ddimmi96_2025-01-12,kikil0815,밥맛이 있어 보인다,2025-01-18
1617,ddimmi96_2025-01-12,eoseptun_3,원래 중국빵 유통기한이 길긴함,2025-01-19
1618,ddimmi96_2025-01-12,j._min_1,퓨웅,2025-01-19
1619,ddimmi96_2025-01-12,hak2dang,식빵도 이상한 재료로 만들었겠지,2025-01-19
1620,ddimmi96_2025-01-12,diver___j,익반죽인가?,2025-01-20
1621,ddimmi96_2025-01-12,azhg.e,중국빵 왠만해서는 유통기한 엄청 길어요,2025-01-20
1622,ddimmi96_2025-01-12,ddalkimint1,@mnmmmo.ommmm 이거욥ㅋ,2025-02-25
1623,ddimmi96_2025-01-12,pureun_tomato,식빵 사이에 낀 방부제 빼고 넣은 거 맞죠?ㅠㅠ,2025-03-31
1624,ddimmi96_2025-01-09,h_m.x10,진짜 신박해요ㅋㅋㅋ❤️❤️띠미님 항상 재밌는 음식 만드시고 리뷰 해주시는거 감사함니당❤️,2025-01-09
1625,ddimmi96_2025-01-09,hse767,대박~~~맛있을것같아요🙌,2025-04-01
1626,ddimmi96_2025-01-09,food_play88,ㅋㅋㅋㅋ와 진짜 신기해 ㅋㅋㅋㅋㅋ대박 ㅋㅋㅋㅋㅋㅋㅋ,2025-01-09
1627,ddimmi96_2025-01-09,u30_of_storm,먹천재님의 엄청난 영상이다ㅎㅎ,2025-01-09
1628,ddimmi96_2025-01-09,angela._.merici,"언니 입술 틴트 엄청 예쁘네요, 실례가 안된다면 틴트 정보 공유해주실수 있을까요?",2025-01-23
1629,ddimmi96_2025-01-09,silver_saem,ㅋㅋㅋㅋㅋㅋㅋ미치겠다,2025-01-09
1630,ddimmi96_2025-01-09,chaemuri,와 이건 진짜 궁금하다,2025-01-09
1631,ddimmi96_2025-01-09,_abirami46,Hi🙌,2025-01-09
1632,ddimmi96_2025-01-09,mukorang,오오 궁그매용,2025-01-09
1633,ddimmi96_2025-01-09,parkyeon369,맛있을 듯 그거 학교 앞에서 팔면 완판 가능 (대신 천원으로),2025-06-05
1634,ddimmi96_2025-01-09,ye_hyun15,2빠? 3빠당 빨리와땅,2025-01-09
1635,ddimmi96_2025-01-09,y.x_je0ng,내 별명이 유정란인데 언니가 날 이쑤시게로 찔렀어…,2025-02-09
1636,ddimmi96_2025-01-09,u2goong,우와,2025-01-10
1637,ddimmi96_2025-01-09,alsdkdua,@yusuweon5 오!신기신기,2025-01-11
1638,ddimmi96_2025-01-09,park.jooa,@hyeiiing @nanazzang19 이거시 유정란!!!,2025-01-16
1639,ddimmi96_2025-01-09,400km__,밥간장계란,2025-05-16
1640,ddimmi96_2025-01-09,__hyunnieee,@sh9234_,2025-05-17
1641,ddimmi96_2025-01-09,_abirami46,Love from india 🇮🇳😍❤️I love you,2025-01-09
1642,ddimmi96_2025-01-09,rimxjin,@jinxrim,2025-01-09
1643,ddimmi96_2025-01-09,______a____aa_,아이디어 도랏,2025-01-09
1644,ddimmi96_2025-01-09,emma_m0mo,좁은 🥣이나 노른자만 슬쩍 걷어내서 (흰자 살찍) 넣고 흰자랑 다시 합쳐서ㅜ해도도ㅔ요..!,2025-04-25
1645,ddimmi96_2025-01-09,agdjd_q2,오늘에 교훈 그냥 처먹자,2025-01-11
1646,ddimmi96_2025-01-07,ji._huuo,맜있깄다ㅠㅠ,2025-01-08
1647,ddimmi96_2025-01-07,klmheejae,아 사야겠다.,2025-01-09
1648,ddimmi96_2025-01-07,rkflfnfpfh,진짜 맛있어보여요😭😭😭😭😭 바로 질렀다고요!!!!,2025-01-08
1649,ddimmi96_2025-01-07,fu1342782,무료시식회때 먹고 반해서 진짜 이것만 기다렸어요😍😍😍❤️,2025-01-08
1650,ddimmi96_2025-01-07,lees.u1006,2분전 ㄷㄷ,2025-01-07
1651,ddimmi96_2025-01-07,doooo_qwert,재입고되면 무조건 살겁니다 무조건,2025-01-11
1652,ddimmi96_2025-01-07,seon_y_j,미쳤나 진짜..,2025-01-08
1653,ddimmi96_2025-01-07,ddimmi96,📣띠뽀끼 2차 오픈!,2025-01-13
1654,ddimmi96_2025-01-07,"지난번 완판에 보내주신 사랑에 감사드립니다! 😍
이번 2차 오픈에서는 더 특별한 혜택을 준비했어요🔥
✔️ 구매 시 10% 할인
✔️ 네이버 스마트스토어 구매 시 10% 할인 쿠폰 제공 + 베스트 리뷰 선정 시 5% 구매금액의 포인트지급
✔️ 2개 이상 구매 시 무료배송
지금 바로 프로필 링크를 통해 만나보세요!🎉

🔥띠뽀끼 후기는 띠미 인스타 띠뽀끼 후기 하이라이트 클릭!
🔥 이번에도 서둘러 주문하세요!😍
hxyxn6",원래 공구 절대안사는데 이건 사야겠다,2025-01-10
1655,ddimmi96_2025-01-07,sowon_2da,진~~짜 맛있어요 3점ㅋㅋㅋㅋ 못살아요😂,2025-01-07
1656,ddimmi96_2025-01-07,bad9irlh0,ㅎㅐ피니스 진짜 맛있을 것 같아요 🥹🥹🥹🥹,2025-01-07
1657,ddimmi96_2025-01-07,kh.202.1000,와 푸딩 짱 맛있을거같애요..,2025-01-12
1658,ddimmi96_2025-01-07,gumatabatabaj,나만그런가,2025-01-31
1659,ddimmi96_2025-01-07,gumatabatabaj,이디야 수건케익크 편의점꺼 아님?,2025-01-31
1660,ddimmi96_2025-01-07,_min__o_o_,@ch13248 두번째꺼 미쳤다,2025-01-07
1661,ddimmi96_2025-01-07,grace__heo,@empty170,2025-01-09
1662,ddimmi96_2025-01-07,eji_jjjang,@10x10_min 아 말차 ㅡㅡㅔ,2025-01-07
1663,ddimmi96_2025-01-07,ganyu_lee22,@ryeon0987,2025-01-11
1664,ddimmi96_2025-01-07,min_0p_,"@minj.s 나만 수건케이크 못먹어써,,,,,,",2025-02-02
1665,ddimmi96_2025-01-05,nado_odo,아 너무 귀여워🤦‍♀️❤️,2025-01-05
1666,ddimmi96_2025-01-05,jan._1010,대박 띠뽀끼 드디어....🙌🙌🙌,2025-01-05
1667,ddimmi96_2025-01-05,ddimmi96,‼️띠뽀끼 조기 완판 공지‼️,2025-01-09
1668,ddimmi96_2025-01-05,"제가 만든 떡볶이 띠뽀끼가 준비된 1000개가 방금 조기 완판되었습니다..😱
뿐만 아니라,
많은 분들이 정말 맛있게 드셔주시고
댓글, 디엠, 인스타 스토리 태그, 띠미몰 리뷰등 좋은 후기를 남겨 주셔서 정말 감사드립니다!😭❤️
현재 최대한 빠르게 추가 물량을 준비 중입니다!
조금만 기다려 주세요!
정말 정말 정말 감사합니다❤❤❤
ye_lin2",아기여어 ㅋㅋㅋㅋ 띠뽁이 대박나라😍,2025-01-05
1669,ddimmi96_2025-01-05,beit_it_,띠미님 조카 이름이 저람 같아용! 승아,2025-01-12
1670,ddimmi96_2025-01-05,monolife__yw,드디어 먹어볼 수 있겠고먼🔥,2025-01-05
1671,ddimmi96_2025-01-05,zzzzzzzzzzzachyu,헐 이거 드디어 나왔네,2025-01-05
1672,ddimmi96_2025-01-05,"저번에 무료나눔인가 거기서 먹었던건데
진짜 밀키트인데 맛있음ㅋㅋㅋ
jeonjimin9433",첫째조카 이승우는 제 친구인데요?ㄷㄷ,2025-04-15
1673,ddimmi96_2025-01-05,5and3and2,바로 구매완료~~,2025-01-05
1674,ddimmi96_2025-01-05,pairy__,마싯겠다~~~~~~~,2025-01-05
1675,ddimmi96_2025-01-05,inhwan100,셋째 귀여웡,2025-01-12
1676,ddimmi96_2025-01-05,ddimmi96,"제가 1년동안 정말 열심히 만든 떡볶이 프리미엄 밀키트 띠뽀끼 드디어 오픈했습니다🎊
❤️띠뽀끼 오픈 할인 이벤트❤️
1/5 ~ 1/12
‼️14900 👉🏻 11900원 1000개 한정‼️
(배송비별도) 오늘 꼭 꼭 사셔야해요💥
‼️인스타 프로필 링크로 바로 할인가로 구매가능‼️
제가 1년동안 수많은 테스트를 거쳐서 정말 꼼꼼히게 만들었기에 맛보장 합니다!!!!
저 먹을거로 거짓말 안합니다!!!!!!
.
✨쫀득쫀득 밀떡 + 맵기조절 가능한 소스2봉+ 어묵 + 납작만두 + 김말이 + 고급치즈✨
.
맵찔이분들도 맛있게 드시기 위해 띠뽀끼는 맵기조절도 가능하게 소스 2봉으로 제작 했습니다
제품 설명서에 띠미 스타일 / 일반 스타일이 있어요
불닭 맵기까지 잘 드시는 분들은 꼭 띠미스타일로 드셔보세요!
정말 중독성 미쳤고 제가 좋아하는 스타일을 듬뿍 담은 떡볶이라 띠뽀끼 세일할 때 꼭 드셔보세요🥹❤️
.
자세한 레시피와 맛 설명은 띠미 유튜브 롱폼을 검색해주세요‼️",2025-01-05
1677,ddimmi96_2024-12-28,ddimmi96,띰띰이들이 생각하는 2024 최고의 유행음식은 뭐였나용?🥹❤️❤️❤️,2024-12-28
1678,ddimmi96_2024-12-28,h_m.x10,우와 2024년에 유행했던 간식들 다 모아모으니까 다 맛있겠어요❤️저는 그래두 요아정이 좋았던거 같아용😍띠미님도 2025년에 더 힘차게 만나요!!💜💖,2024-12-28
1679,ddimmi96_2024-12-28,ixmlan,웅니 오늘 왤케 뽀얗고 맨들맨들 예뿐 애기 궁댕이 같지...?,2024-12-28
1680,ddimmi96_2024-12-28,mukstar_md,무드베이킹 두바이초콜릿 너무 맛나져ㅠㅠ,2024-12-28
1681,ddimmi96_2024-12-28,rin_i1213,립 뭐에요??,2025-01-06
1682,ddimmi96_2024-12-28,donigarden,우와 나도 먹고싶다 ...❤️❤️🔥🔥🔥🔥,2024-12-30
1683,ddimmi96_2024-12-28,0dydhes,맛있겠다 ❤️,2024-12-29
1684,ddimmi96_2024-12-28,zxuun._,수건 케이크으🍰,2024-12-31
1685,ddimmi96_2024-12-28,wahahahat64,왜 비닐을 먹어요..?,2024-12-28
1686,ddimmi96_2024-12-28,loopy_0203,두바이 초콜릿이여ㅓ,2024-12-29
1687,ddimmi96_2024-12-28,walters_korea,❤️디저트계의 에르메스 월터스누가 먹어주세요❤️,2024-12-28
1688,ddimmi96_2024-12-28,byeolha321,혹시 리본캔디는…..?,2025-01-04
1689,ddimmi96_2024-12-28,yunseoyoon0726,쫀득쿠키ㅣ,2025-01-10
1690,ddimmi96_2024-12-28,yee_kee__,내년에 2025 유행 음식으로 달고나 라떼 나올거 같아요ㅋㅋ,2025-03-30
1691,ddimmi96_2024-12-28,idam0316,마라탕후루 쫀득쿠키 예러가지 만아요,2024-12-28
1692,ddimmi96_2024-12-28,melo_dylike,탕후루여!!,2025-01-19
1693,ddimmi96_2024-12-28,lee_hyun1746,크랑이 치킨?,2025-04-13
1694,ddimmi96_2024-12-28,y.xon36,1빠 🔥❤️,2024-12-28
1695,ddimmi96_2024-12-28,xseon7,쫀득쿠키❤️,2025-01-03
1696,ddimmi96_2024-12-28,h.wxj14,수건 케이크,2024-12-30
1697,ddimmi96_2024-12-28,j_crit_d,전 빠스인거 같네요,2025-06-13
1698,ddimmi96_2024-12-28,silver_star_2sh,11월~12월 수건케익,2024-12-29
1699,ddimmi96_2024-12-23,ari_love.ys,이 빵 이름이 뭐에요? 대림 어디서 구매했는지 알려주실 수 있을까요?,2024-12-27
1700,ddimmi96_2024-12-23,"너무 먹어보고 싶어요ㅠㅠ
03_ijnim",우왕😮,2024-12-24
1701,ddimmi96_2024-12-23,jepeto_hasurry,❤️,2024-12-23
1702,ddimmi96_2024-12-23,loving__loving__loving,밀가루 말고 다른게 들어간거 아닐까....무섭,2024-12-24
1703,ddimmi96_2024-12-23,dumb._.9irl,대림시장 어디서 사셨어요ㅠㅠㅠㅠ??,2025-01-03
1704,ddimmi96_2024-12-23,luvme.2_,한국 통식빵도 우유에넣음 저렇게될것같아요😂,2024-12-24
1705,ddimmi96_2024-12-23,jabsik_dinosaur,으에으에에~~~?,2024-12-24
1706,ddimmi96_2024-12-23,s.sjy_focusoff_voiceton_9916,하여간 사기꾼에 짝퉁 국가 남의 나라에서 뭔짓?,2025-01-16
1707,ddimmi96_2024-12-23,ply741,@_kim_jjeong 그냥 중국 갔다와주면 안돼?,2024-12-27
1708,ddimmi96_2024-12-19,u30_of_storm,와ㄷㄷ 띠돌님 정말 멋있네요ㅎㅎ 누구라도 반하겠다,2024-12-19
1709,ddimmi96_2024-12-19,ddimmi96,띠하르방 어떤데 🤣,2024-12-19
1710,ddimmi96_2024-12-19,zoo13576,띠돌이 너무 귀엽ㅋㅋㅋㅋㅋㅋㅋㅋㅋㅋㅋㅋㅋㅋㅋㅋㅋㅋㅋㅋㅋㅋㅋㅋㅋㅋㅋㅋㅋㅋㅠㅠㅠㅠ,2024-12-19
1711,ddimmi96_2024-12-19,zoo13576,헐 저 곧 제주도가는데 오늘제주 마들렌사먹어볼게요💕💕💕💕,2024-12-19
1712,ddimmi96_2024-12-19,ye_lin2,아놬ㅋㅋㅋㅋㅋㅋㅋㅋㅋ 무지분장한거 생각나요.,2024-12-19
1713,ddimmi96_2024-12-19,food_play88,ㅋㅋㅋㅋㅋㅋㅋㅋ 돌하르방같은게 ㅋㅋㅋㅋㅋㅋㅋㅋㅋㅋㅋㅋㅋㅋㅋㅋㅋㅋㅋㅋㅋ,2024-12-19
1714,ddimmi96_2024-12-19,wontae2studio,마식겟다,2024-12-19
1715,ddimmi96_2024-12-19,ddimmi96,지금 유튜브 영상 가시면 오늘제주 마들렌 선물세트 뿌리는 이벤트가 있어요!! 유튜브 ㄱㄱㄱ,2024-12-19
1716,ddimmi96_2024-12-17,riri._.86,제일 맛있었던게 뭐였나요?? 저도 먹어보고 싶어요!!,2024-12-17
1717,ddimmi96_2024-12-17,rami__0216,으아아!!!!!!! 저는 두바이요!!!!! 초코요!! 걍 초코가 좋아요!!ㅠㅠ,2024-12-17
1718,ddimmi96_2024-12-17,ddimmi96,수건케이크 정보: (전 다 배달로 시킴!),2024-12-18
1719,ddimmi96_2024-12-17,"엔초 수건케이크
AMLCAKE甜品千层蛋糕
두바이 수건케이크
7cake榴莲千层蛋糕
두리안, 고디바 같은 수건케이크 LAPHAM老婆很芒
aaa.raaam",어디가서 사나요?,2024-12-17
1720,ddimmi96_2024-12-17,ident1tyl09,이디야 수건케이크 비교 해줘요😍😍,2024-12-22
1721,ddimmi96_2024-12-17,wiwj1234,언니.. 중국 라티아오.. 먹어주세요..👏,2024-12-18
1722,ddimmi96_2024-12-17,post.at.home,디저트에 진심인 띠미님ㅋㅋ,2024-12-17
1723,ddimmi96_2024-12-17,hp_makeup.kr,히히 저도 중국가서 먹고올래요,2024-12-17
1724,ddimmi96_2024-12-17,yes_silver10,저 중국가는데 정보좀 주시면 안될까용🙏🥲,2024-12-17
1725,ddimmi96_2024-12-17,yuri5210,핸드폰 케이스 어디서 구입하셨어요??,2024-12-18
1726,ddimmi96_2024-12-17,ijia4483,중국 털두부 드셨나요..?,2024-12-17
1727,ddimmi96_2024-12-17,wesopkj,엔초비,2025-06-03
1728,ddimmi96_2024-12-17,hanxker0718,가격이 어떡해 돼요?맛잇어 보이는데 비싸서 못 사먹을거 같네요…,2024-12-18
1729,ddimmi96_2024-12-17,rlo__si,웅니 상의 정보 알 수 있나요?,2024-12-19
1730,ddimmi96_2024-12-17,hyeondi_di,@yuriajeong ㅎㅎ이거예요,2024-12-25
1731,ddimmi96_2024-12-17,e_chae96,허얼 한국에도 있다던데 오 ㅐ우리지역엔 없ㅈㅣ..,2024-12-18
1732,ddimmi96_2024-12-17,hye_hyeon0127,@niadel_o_o,2025-01-30
1733,ddimmi96_2024-12-17,kelly121759,다음에기회되면 중국먹방에서 검정아이스크림먹는거있거든여 그것도 한번 먹어봐주세여 세모난것도있고 동그란것도있어요,2024-12-28
1734,ddimmi96_2024-12-17,sharingisindeedcaring,@bssspring,2024-12-17
1735,ddimmi96_2024-12-16,ddimmi96,중국 도우인 메이크업을 받은 날 찍은 영상이에요🥹,2024-12-16
1736,ddimmi96_2024-12-16,"중국 도우인 메이크업 영상 안 보신 분들 이전 영상ㄱㄱ 진짜 재밌음ㅋㅋㅋㅋ❤
ixmlan",와 마싯겟다.......................…...… 아 배고파,2024-12-16
1737,ddimmi96_2024-12-16,_bomin0626,넘 맛있겠당🤤,2025-05-20
1738,ddimmi96_2024-12-16,xiii_o3o,맛있겠다,2024-12-17
1739,ddimmi96_2024-12-16,haniju92,와..대박 이에요..! 이게 편의점 퀄리티라니침고여요🤤,2024-12-16
1740,ddimmi96_2024-12-16,7059.lolita,看起来好像很好吃，可惜我这没有卖的😢,2024-12-16
1741,ddimmi96_2024-12-16,_jyeb,내가 재일 좋아하는컵라면~~~,2024-12-17
1742,ddimmi96_2024-12-16,bean._.y.k38,요즘은 각나라의 편의점에서 개성있는 그 나라의 음식을 파는게 유행인가봐요! 마라탕 꼬치는 증말부럽다,2024-12-17
1743,ddimmi96_2024-12-16,travelmate2234,"땅콩소스가 찐인데,,,",2025-05-19
1744,ddimmi96_2024-12-16,gokki_oz,@hello.__.osh 중국중국😮,2025-02-16
1745,ddimmi96_2024-12-16,_imssori,@nireyh_s2,2024-12-18
1746,ddimmi96_2024-12-16,k.one.z,@chang_s_ik 이게 마라탕이었오,2024-12-17
1747,ddimmi96_2024-12-16,mi_ni1253,@j_mm_hhh 현기증나..,2024-12-17
1748,ddimmi96_2024-12-16,maggiole_,@seo_y_js,2024-12-18
1749,ddimmi96_2024-12-16,bomeei,@jh_yunggg,2024-12-16
1750,ddimmi96_2024-12-16,djdksojrn,미쳤다..,2025-05-19
1751,ddimmi96_2024-12-12,dobidof88,이거 진짜 먹어팠는데!!!ㅠ 안그래도 띠미님 중국에 가셨다고 해서 저거 먹어주세요 하고픈데 이름을 몰라서 못했던!!! 역시 띠미님은 다알아❤️❤️❤️,2024-12-12
1752,ddimmi96_2024-12-12,jinhee9271,와...이거진짜너무 먹고싶은거...........,2024-12-12
1753,ddimmi96_2024-12-12,rami__0216,언니...저 오늘 마법의날인데 이걸 보여주시면...너무 행복해요◜◡◝대리만족 해주셔서 너무 고맙습니다..사랑해요🫶🏻💜,2024-12-12
1754,ddimmi96_2024-12-12,juuuluv,넘 먹어보고싶네요👏👏,2024-12-12
1755,ddimmi96_2024-12-12,ariel__1004,진짜 핸드폰 케이스 어디꺼에요 ㅠㅠㅠㅠㅠ,2024-12-12
1756,ddimmi96_2024-12-12,ddimmi96,아직도 중국 컨텐츠 몇발 남았다,2024-12-12
1757,ddimmi96_2024-12-12,"띰띰이들 긴장해라❤❤❤❤
나 계속 중국에서 촬영중❤️❤️❤
내일 한국간닷❤❤❤
wiwj1234",중국에서 중국 라티아오 먹어주세요!!!😍,2024-12-13
1758,ddimmi96_2024-12-12,nahvee_gnil,이거 진짜 찐찐으로 맛나요...초콜렛좋아하시는 분들은 진짜 강추🔥🔥,2024-12-12
1759,ddimmi96_2024-12-12,ongsuzn,긔여워.,2024-12-12
1760,ddimmi96_2024-12-12,wonansdffp,맛있겠다,2024-12-12
1761,ddimmi96_2024-12-12,giminsuk,이거 어디서 팔아요?당장 달려가서사야겠어유!,2024-12-13
1762,ddimmi96_2024-12-12,k_sj__96,@oj9yo_ 하ㅣㅣㅣㅣㅣㅣㅏㅏㅏㅏㅏㅏㅏㅈㄴ먹고싶다ㅏㅏㅏㅏㅏㅏㅏㅏㅏㅏㅏㅏㅏㅏㅏㅏㅏㅏㅏㅏ,2024-12-17
1763,ddimmi96_2024-12-12,o___kr_,@_choco_haim ........,2024-12-15
1764,ddimmi96_2024-12-12,ganyu_lee22,@ryeon0987 이거꼭사와,2024-12-13
1765,ddimmi96_2024-12-12,jisuvely_v,@bwwtz 나돛이거ㅠㅠ,2024-12-17
1766,ddimmi96_2024-12-12,2sweet_hy,@_manggu_ 망구야 먹어주라,2024-12-14
1767,ddimmi96_2024-12-12,on_iaaa._,이건 얼려 먹는 게 진짜 입니다………🥹,2024-12-13
1768,ddimmi96_2024-12-12,ddasinyeo,대박 나 진짜 중국인들 먹방 저영상만보믄 먹고파서 도대체 정체가 모니 했는데 완전. .띠미님이 어찌알고 저걸. . .,2024-12-13
1769,ddimmi96_2024-12-12,vzy___1.xx,군데 진짜 한국에 들어오삼,2024-12-13
1770,ddimmi96_2024-12-12,stop_jung,아ㅠ 이거먹고싶었던건데ㅠ,2024-12-13
1771,ddimmi96_2024-12-12,chacha__yuna,@sm_ms1211 이거 먹고싶어하던거 아냐? ㅋㅋㅋ,2024-12-13
1772,ddimmi96_2024-12-12,wjddusal38,중국음식들중에 깨끗하면 먹고싶지 ㅋ근대 먹고싶어도 못먹는 인생 ㅠ,2024-12-13
1773,ddimmi96_2024-12-12,yn__720,디저트로 중국 여행 다녀와야할판.. @jhb9292,2024-12-13
1774,ddimmi96_2024-12-12,par.kj0_he,겨땀이라고들려욬ㅎㅋㅎㅋ 틱톡 겨땀ㅋㅎㅎㅋ,2024-12-13
1775,ddimmi96_2024-12-12,che.a_x,언니..그건 얼려먹어야되 !!!!!🔥🔥,2024-12-13
1776,ddimmi96_2024-12-12,hyunni_seem,@sickone_shinsegae,2024-12-13
1777,ddimmi96_2024-12-12,ain486486,언니 그거 완전 쫀득하지?! 나는 안먹어봤지만 나도 유투브 보고 알았어❤️,2024-12-13
1778,ddimmi96_2024-12-12,ain486486,그거 딸기도 있어,2024-12-13
1779,ddimmi96_2024-12-12,moonxxnnoonajvv,다음주에 백화점에 들어오겠네,2024-12-13
1780,ddimmi96_2024-12-12,user_lr0ver,맛있겠다 저도 이게 옛날부터 궁금했어요,2024-12-13
1781,ddimmi96_2024-12-12,choihojun220726,😮,2024-12-13
1782,ddimmi96_2024-12-12,jsa3693,중국 디저트 굿 별로 안달아서 더 좋음,2024-12-13
1783,ddimmi96_2024-12-12,jkuinl,유통기간 때문에 한국에 들어오기 힘든,2024-12-14
1784,ddimmi96_2024-12-12,passion_en,@hm1973hm 진짜 중국 가버려?,2024-12-14
1785,ddimmi96_2024-12-12,sue.kr.oh,타오바오에서 사도될텐데…?,2024-12-14
1786,ddimmi96_2024-12-12,jamie_craft75,뭐가 들었는지 알 수 없다,2024-12-14
1787,ddimmi96_2024-12-12,soojin_kko,마지막에 백종원씨 오셨던것 같은데..??,2024-12-14
1788,ddimmi96_2024-12-12,so93.02,나상암동 꿀꿀랭인데 너별로임,2024-12-14
1789,ddimmi96_2024-12-12,e_chae96,대박 맛임ㅅ겠다,2024-12-14
1790,ddimmi96_2024-12-12,swan_0213,@jeons941031 손에 집히는대로 수건케이크든지 이거든지 제발요 선생님요,2024-12-14
1791,ddimmi96_2024-12-12,asdfer0011,너무 별로였어요…,2024-12-14
1792,ddimmi96_2024-12-12,youn_sik,@k__gan_i,2024-12-14
1793,ddimmi96_2024-12-12,jiwoo210714,@grace_jeongjeong 이거 어때 선물로??ㅎㅎ,2024-12-14
1794,ddimmi96_2024-12-12,hohohohohoho_ohohohoho,저도줘욤,2024-12-14
1795,ddimmi96_2024-12-12,ro_se_.blue,초코가 어떤 초코맛이랑 비슷한가요??????진짜 궁금했어요!!!!!,2024-12-15
1796,ddimmi96_2024-12-12,justine_luv,이거 한국에 들고와서 판매해줘요ㅜㅜ,2024-12-15
1797,ddimmi96_2024-12-12,myohari_,응 안사요,2024-12-15
1798,ddimmi96_2024-12-12,sharingisindeedcaring,@bssspring,2024-12-16
1799,ddimmi96_2024-12-12,h__y__o3o,@lszs2 한국에 드러오믄 사줄개 ㅋ,2024-12-17
1800,ddimmi96_2024-12-12,14.yejin,@jeon_unni_ !!빙샹롱옌 먹어주세욧!,2024-12-17
1801,ddimmi96_2024-12-12,94.00812,저도 말차조아해요 맛나겠어요,2024-12-18
1802,ddimmi96_2024-12-12,lee_kozbndlove_2023530,그거 얼려먹은더 꾸덕해용,2024-12-19
1803,ddimmi96_2024-12-12,minheeya_,@jeonghong.choi @leemyyb0411 @pamona608 😮,2024-12-19
1804,ddimmi96_2024-12-12,yonejay,@sangeunwooo 이거 너무 먹어보고싶어.... 너는 초코싫어하지만..?!🤣,2024-12-21
1805,ddimmi96_2024-12-12,woniii2,@yurrrrr_i 난벌써먹어봣는데 캬컄ㅋㅋㅋ사줘 상하이가자…,2024-12-26
1806,ddimmi96_2024-12-12,linyu_130722,저거벽돌이아니라 제가중국인이라저거 빙산 용암 이에용😍,2025-01-11
1807,ddimmi96_2024-12-12,jj_homemode,테린느 아니예요..?? 테린느랑 똑같이 생겼는데!,2025-01-27
1808,ddimmi96_2024-12-12,nayoon._3479,이거 마트에 팔아요!! 저희 지역 앤마트에팔아요 거기에 팔는지 보여주세요!!,2025-02-03
1809,ddimmi96_2024-12-12,daon5610,마인크래프트 아님?,2025-05-24
1810,ddimmi96_2024-12-12,kaii0211,와 ㅠㅠ 피부가 엄청 좋으시네요 그리고 엄청 귀여우세요 ㅠㅠ😍,2025-05-27
1811,ddimmi96_2024-12-10,h_m.x10,ㅋㅋㅋㅋ안흘러내리는거 보고 당황하는 띠미님 너무 귀여우세요❤️이렇게 찐이랑 비교해보면 띠미님도 정말 잘 만드셨네요❤️❤️,2024-12-10
1812,ddimmi96_2024-12-10,swaibasadaqatraja,You eating BTS cake please 💜💜💜💜💜💜💜💜💜💜💜💜💜💜💜💜💜💜,2024-12-11
1813,ddimmi96_2024-12-10,yxnaa09,설마 저 타피오카도 타이어..?,2024-12-11
1814,ddimmi96_2024-12-10,xshapettongkko,와개맛있겠다,2025-02-06
1815,ddimmi96_2024-12-10,seayoung1217,언니께 오히려 성공?!,2024-12-10
1816,ddimmi96_2024-12-10,hun0814,중국 필터쓴거임?,2024-12-28
1817,ddimmi96_2024-12-10,ddimmi96,나머지 중국 영상도 많관부!!,2024-12-10
1818,ddimmi96_2024-12-10,"나 지금도 중국에서 촬영중!!
띰띰이들 중국 영상 궁금한거 다 ~~ 말해❤❤❤❤
mikashivd",ㅋㅋㅋㅋ,2024-12-10
1819,ddimmi96_2024-12-10,lael__youn_,님 맜있음,2025-01-15
1820,ddimmi96_2024-12-10,chaejia1110,웅니 전자렌지에 돌려먹어 주세요!!!!,2024-12-16
1821,ddimmi96_2024-12-10,laveragerichasianl,근대 원래 중국 스타일로 화장하신거에요? 스타일이 차이나 하세요 ㅎㅎ 🤣,2024-12-22
1822,ddimmi96_2024-12-10,teteri50_,밖이 너무 추워서 그럴 수도 있어요,2024-12-29
1823,ddimmi96_2024-12-10,gunwoo20111204,왜 중국인 같지,2025-02-13
1824,ddimmi96_2024-12-10,kukutoy,@sssunhwa__01 용암케이크 시켜먹어바!,2024-12-11
1825,ddimmi96_2024-12-10,0122pm,"@yeeesto.o, @younjunhyuk, @hyu._.n_1 ㅈㄴ막있갤내 가족여행으로중국함가까",2025-01-11
1826,ddimmi96_2024-12-10,riha_syn,12키로가.. 배달이 와…,2024-12-30
1827,ddimmi96_2024-12-10,c_wo1n,그거 리본 풀어야할껄요?,2025-04-02
1828,ddimmi96_2024-12-10,parksoohyun5922,마지막 똑같은뎈ㅋ,2024-12-10
1829,ddimmi96_2024-12-10,lanikai.official,중국에서 와이마이 시킬 수 있을 거예요,2024-12-19
1830,ddimmi96_2024-12-10,"yakiniku 空食 인가

거기랑 呷哺呷哺 보여주세요!

또는 海底捞 좋아요
우리나라에도 들어오면 좋겠다 라고 생각한 배달 문화인데 화로랑 냄비까지 같이 오거든요 따로 집에서 냄비를 꺼내지 않아도 펄펄 끓이면서 먹을 수 있어요
uouv330",ㅋㅋㅋ 주작,2024-12-11
1831,ddimmi96_2024-12-10,hrjsbss79,오,2025-02-04
1832,ddimmi96_2024-12-10,joondell417428,케익 크림이 날씨가 추워서 조금 굳은건가?,2024-12-10
1833,ddimmi96_2024-12-10,jio.xn,그거쫌 대파면 되는 디...,2025-05-15
1834,ddimmi96_2024-12-10,s.yun1305,30분정도 있다 드셔야돼요,2025-04-12
1835,ddimmi96_2024-12-10,tweak_doll,"흘러내리지 않았지만,맛있어서 봐주기",2025-03-23
1836,ddimmi96_2024-12-10,leegiba2,녹이면 됄수도??,2025-01-15
1837,ddimmi96_2024-12-10,jun_yi.8976,저거 펄 고무 이녀,2024-12-12
1838,ddimmi96_2024-12-09,baro_chi_na,우와! 띠미님 성공👏축하해요 두번째 먹은거 그거 로우쏭肉松이라는 거에요 ㅎㅎ 고기를 말려서 갈아 조미료처럼 먹는거!!!,2024-12-09
1839,ddimmi96_2024-12-09,checaeheart,❤️❤️❤️❤️맛있겠다 ㅏ😢,2024-12-09
1840,ddimmi96_2024-12-09,h_m.x10,우와 진짜 맛있겠어요!!!🤤🤤🤤저도 꼭 띠미님 처럼 만들어 먹어봐야 겠어용 만들어 먹어도 원조는 원조네요❤️❤️,2024-12-09
1841,ddimmi96_2024-12-09,he_indoong,밥먹고싶대ㅋㅋㅋㅋㅋㅋㅋㅋㅋ😂,2024-12-10
1842,ddimmi96_2024-12-09,hey_nsb,ㅋㅋㅋㅋ로우송 이라고 돼지고기말린건데 중국 디저트에 많이 들어가욬ㅋㅋㅋㅋ,2024-12-10
1843,ddimmi96_2024-12-09,coke_111111,맛있겠다 ㅠㅠ 띠미님 이때사용하신 립정보좀 알랴주세여~,2024-12-10
1844,ddimmi96_2024-12-09,uouv330,맛있어 보인다,2024-12-10
1845,ddimmi96_2024-12-09,santabottle_,그거 중국 고기포에요 그 생선보푸리? 같은거에요 중국제과에 겁나많이쓰는건데 호불호 심하죠...ㅎ....,2024-12-09
1846,ddimmi96_2024-12-09,ritny_world,@i._.m_sun 언니 이거 맛있대ㅎㅎ,2024-12-09
1847,ddimmi96_2024-12-09,ybeloyn_,@mimi._.0ng 말차 어디서사셨을까.......아아 아,2024-12-10
1848,ddimmi96_2024-12-09,m.yang_98,@aorn_mja 우리가 먹은겈ㅋㅋㅋㅋㅋㅋㅋ,2025-01-11
1849,ddimmi96_2024-12-09,kwak._.zi,나진짜져거개궁금해 너가대신먹어줄래 @u._.daaeng,2024-12-11
1850,ddimmi96_2024-12-09,alsqh4_,@c_om1ng.soon,2024-12-10
1851,ddimmi96_2024-12-09,iamhaeunii,@imsso.m @seyun_22 @_beautyx2_,2024-12-10
1852,ddimmi96_2024-12-09,soony_11_09,@woongss1122 아 니 아이디 찾기 개힘듬,2024-12-16
1853,ddimmi96_2024-12-09,"이거 먹고싶어 중국가자
ja_eunn_",@dann_b__ 단뱌 상하이가서 먹어줭 궁그마,2024-12-09
1854,ddimmi96_2024-12-09,sue.kr.oh,마지막은 로우송이라고 고기말린거 뿌린거에요,2024-12-10
1855,ddimmi96_2024-12-09,igaweon956,마지막 꺼 황치즈 아닌가여??,2024-12-10
1856,ddimmi96_2024-12-09,x1n.seo8,말차수건케이크는 어느가게에서 샀어요?ㅠㅠㅠㅠㅠ,2024-12-11
1857,ddimmi96_2024-12-09,hyun.g_im,@j.jaebin ❤️,2024-12-12
1858,ddimmi96_2024-12-09,vvi_vei,마지막꺼 나혼자산다 베트남여행에서 케이크에 뿌린거 같은데,2024-12-12
1859,ddimmi96_2024-12-09,_suzxsur,보라색 편의점에서 봤는데 맛있으면 살껄..,2024-12-12
1860,ddimmi96_2024-12-09,next__me,헐대박ㅜㅜ이거 매일집에서 해먹는건데ㅎㅎ꿀맛임 이거 베라맛임,2024-12-13
1861,ddimmi96_2024-12-09,seohyun._.123_lee,황치즈??인가,2024-12-13
1862,ddimmi96_2024-12-09,jsa3693,중국 먹거리 천국,2024-12-13
1863,ddimmi96_2024-12-09,mh_jo.91,@kps018 요즘 유행한다는 중국 수건케이크,2024-12-15
1864,ddimmi96_2024-12-09,so128712,수건 게이크가 짜다고요 ?!,2024-12-21
1865,ddimmi96_2024-12-09,seinkang__,@siiihyun_park @dianamond_3,2024-12-25
1866,ddimmi96_2024-12-09,jaehyoning,@chawon_coffee 다음은 크레이프로만든 수건케이크예염사장님,2025-01-27
1867,ddimmi96_2024-12-09,haisnax0,타오바오에도 마오즨젤 있어용!!,2025-06-01
1868,ddimmi96_2024-12-07,jin_zzazang,월월,2024-12-07
1869,ddimmi96_2024-12-07,ddimmi96,띰띰이들 다음은 어떤 음식을 해볼까요?😎,2024-12-07
1870,ddimmi96_2024-12-07,"+소나언니 지니언니 짜장이 에드머오빠 찜닭 도와줘서 고마워🫶🏻🫶🏻💥
nado_odo",아 왜 맛있겠지ㅠㅠ,2024-12-07
1871,ddimmi96_2024-12-07,rami__0216,모두의 지혜로 맛있는 찜닭이 만들어지다닠ㅋㅋㅋㅋㅋ 다음번엔 좀 더 어려운걸로 만들어봐도 재밌을거같아요!,2024-12-07
1872,ddimmi96_2024-12-07,zoopitoaaaa,너무 재밌어요ㅋㅋㅋㅋㅋㅋㅋㅋ,2024-12-08
1873,ddimmi96_2024-12-07,usona_official,나도 몰랐던 똥손특집😂😂😂 어이없네 증말!,2024-12-07
1874,ddimmi96_2024-12-07,zoo13576,에드머님ㅋㅋㅋㅋㅋㅋㅋㅋㅋㅋㅋㅋㅋㅋㅋㅋㅋㅋ,2024-12-08
1875,ddimmi96_2024-12-07,yessii__11,똥손찜닭ㅋㅋㅋㅋㅋㅋㅋㅋㅋㅋ 다음엔 금손찜닭부탁이요🔥🙌,2024-12-07
1876,ddimmi96_2024-12-07,xjcgsus,아조씨 닭한번대치고 하셨지요....?,2025-04-29
1877,ddimmi96_2024-12-07,choeun_14,짜장이가 가장 멀정한거 넣으라고 했다...ㅋㅋㅋㅋㅋㅋㅋ,2025-04-13
1878,ddimmi96_2024-12-07,happy_seon_you_v_,카레나 마라탕 햄버거만들어줘요 !!!!,2024-12-07
1879,ddimmi96_2024-12-07,ye_lin2,금손은 낄수가없네 증말.,2024-12-07
1880,ddimmi96_2024-12-05,baebulruh_robins,역시 화덕피자🙌🙌🙌,2024-12-06
1881,ddimmi96_2024-12-05,klmheejae,언니 마시쒀여~~??,2024-12-05
1882,ddimmi96_2024-12-05,seok._.hwan.4.16,아 피자 땡기네,2024-12-07
1883,ddimmi96_2024-12-05,bboni._.bbang,아헐대박 무조건 가야겠어요,2024-12-05
1884,ddimmi96_2024-12-05,soxhzze1_,와 우리동네ㄷㄷ,2025-03-22
1885,ddimmi96_2024-12-05,heon_8400,강원fc 푸드트럭인데,2024-12-12
1886,ddimmi96_2024-12-05,_gx.uan,무ㅗ야 호매실쪽이네,2024-12-06
1887,ddimmi96_2024-12-05,dongwoon_1108,저기 우리 동네에 오는뎅ㄴ데,2024-12-31
1888,ddimmi96_2024-12-05,ji_heo1,저 이거 대학교 축제할때 화덕으로 구우는 피자 트럭 봤는데,2025-01-12
1889,ddimmi96_2024-12-05,crab.272527,이거 거의 매주 목요일 역북지웰푸르지오 봤는데,2024-12-05
1890,ddimmi96_2024-12-05,page.yulri,ㅁㅊ 우리동네인데,2024-12-06
1891,ddimmi96_2024-12-05,kimijun245,우리동네노,2024-12-06
1892,ddimmi96_2024-12-05,_pizzathree,수원까지 화덕피자를 먹으러 와주셔서 감사합니다🙌🏻,2024-12-05
1893,ddimmi96_2024-12-05,"화덕피자 푸드트럭을 드시고 싶은 분들은
매일매일 오픈지역 게시글로 올려드리고 있으니
꼭 확인해주세요~❤️
__jeong_eun___",@castle_koo,2024-12-25
1894,ddimmi96_2024-12-05,kdjjfiejc_c,천안 일주일에 한번ㄴ씩 와여,2024-12-05
1895,ddimmi96_2024-12-04,ddimmi96,띰띰이들 진짜 꼭 해보세요!!!! 대박임!!!!!!🔥🔥🔥,2024-12-04
1896,ddimmi96_2024-12-04,rami__0216,냉동피자만의 감칠맛과 찐득함이 들어가서 꾸덕하고 바질의 향긋함까지 더해져서 그런건가..!!!왜..왜 맛있어 보일까요..이러면 나도 해먹어야하자나....,2024-12-05
1897,ddimmi96_2024-12-04,rnldudnstk,이거 꿀맛임,2024-12-04
1898,ddimmi96_2024-12-04,nini_mall_,이탈리아사람들 기절 😮(눈가려)🫣,2024-12-11
1899,ddimmi96_2024-12-04,asc611611,헉😮,2024-12-04
1900,ddimmi96_2024-12-04,uouv330,궁금하다,2024-12-06
1901,ddimmi96_2024-12-04,joonseo2013,이걸본 이탈리안 인,2024-12-04
1902,ddimmi96_2024-12-04,y_kko.9_m,@92_0102c,2024-12-07
1903,ddimmi96_2024-12-03,h_m.x10,진짜루 일본 간식은 신기하구 맛있는게 정말 많은거 같아용❤️저두 일본 가서 맛있는 간식 왕창 먹고 싶네요..🤤띠미님영상은 매일매일 봐도 안질리네요! 앞으로도 쭉~같이 함께해요❤️❤️1빠아!띠미님 사랑해요💜❤️🩵💚💛,2024-11-29
1904,ddimmi96_2024-12-03,hyeon.jeong_1234,3빠아🔥오늘두이쁘신띠미님..😢,2024-11-29
1905,ddimmi96_2024-12-03,rami__0216,두분 같이 있으시면 제 심장 해롭자나요!!! 단 음식까지 같이 있으니 두배로!!!책임져주세여!!!먹고싶다!!사키쨩 이쁘시다ㅜ!!!그치만 띠미님이 더 이쁘셔!!!,2024-12-02
1906,ddimmi96_2024-12-03,hey._.rim1115,와....저 띠미펜짱 인데요 같이무뎌먹어요🍣🍙🍘🍡🍥,2024-11-29
1907,ddimmi96_2024-12-03,bellelaie,둘다귀여워요,2024-11-30
1908,ddimmi96_2024-12-03,hey._.rim1115,♡,2024-11-29
1909,ddimmi96_2024-12-03,chocosonge2015,마있겡ㅎ다,2024-12-01
1910,ddimmi96_2024-12-03,25s_dream,베이비스타 존맛,2025-01-05
1911,ddimmi96_2024-12-03,brave97s,둘다기여웡ㅋㅋㅋㅋ,2024-11-30
1912,ddimmi96_2024-12-03,pairy__,마싯겠다ㅠ,2024-11-29
1913,ddimmi96_2024-12-03,hye_gyung_yu,@vvvjinivvv,2024-12-24
1914,ddimmi96_2024-11-27,hey._.rim1115,닭다리 너겟으로 치킨 해주세욤❤️❤️❤️❤️,2024-12-02
1915,ddimmi96_2024-11-27,baro_chi_na,광장시장 기름떡볶이??종로 무슨 시장 기름떡볶이 그런거 같아요 👏 후루릅 맛잇겟다,2024-11-27
1916,ddimmi96_2024-11-27,bintiger7680,감자깡으로 감자전해주세여,2024-11-28
1917,ddimmi96_2024-11-27,ka.iley6843,닭다리 로 치킨 만들어 주세요,2024-11-27
1918,ddimmi96_2024-11-27,chocosonge2015,치토스로 치킨 만들어주세용.,2024-12-01
1919,ddimmi96_2024-11-26,ixmlan,언니 이고 걍 정기적 콘텐츠 가자 너무 마싯겟다 ㅠㅠ,2024-11-26
1920,ddimmi96_2024-11-26,rami__0216,바나나킥으로 컵케이크 만들기라던가 초코과자로 브라우니 만들어보는것도 좋을거같아요!,2024-11-26
1921,ddimmi96_2024-11-26,eunsu8371,언니 핫도그과자로 핫도그만들어조❤️❤️❤️❤️,2025-01-22
1922,ddimmi96_2024-11-26,ongsuzn,떡볶이 과자로 띠뽂이 만들어주쎄옹~~,2024-11-26
1923,ddimmi96_2024-11-26,sholo_ve1004,왜 다잘만들어요??👏👏,2025-06-07
1924,ddimmi96_2024-11-26,xabbey_dawnx,Looks delicious 😋😂,2024-11-27
1925,ddimmi96_2024-11-26,oveveeee3,저 식용유를 도우가 다 흡수한건가요?..ㄷㄷ,2025-05-12
1926,ddimmi96_2024-11-26,chaejia1110,1빠❤️,2024-11-26
1927,ddimmi96_2024-11-26,hey._.rim1115,담에 새우깡 만들어 주세요❤️,2024-11-30
1928,ddimmi96_2024-11-26,xo.noy_13,언니 감튀 과자로 감자튀김 만들어줘,2024-12-05
1929,ddimmi96_2024-11-26,dyne._.04,불닭볶음면에 바나나킥 넣어주세요🙌🙌,2025-01-27
1930,ddimmi96_2024-11-26,hyeon.jeong_1234,2빠🔥,2024-11-26
1931,ddimmi96_2024-11-26,werla7731,꿀꽈배기 과자로 꽈배기 해주새용 아니면 츄러스 과자로 츄러스하주세욜ㄹ,2024-11-27
1932,ddimmi96_2024-11-26,xowoane,빵부장에 소금빵만들어요~~,2024-11-29
1933,ddimmi96_2024-11-26,12.13.kr,새우깡으로 새우버거 만들어 주세여,2024-11-27
1934,ddimmi96_2024-11-22,the__scoop,ㅋㅋㅋㅋㅋㅋㅋㅋ 귀여워,2024-11-22
1935,ddimmi96_2024-11-22,justapeeker_,약간 띠미의 인생 극장 느낌 ㅠㅠㅋㅋㅋㅋㅋ 너무 귀얍고 욱겨요,2024-11-25
1936,ddimmi96_2024-11-22,ddimmi96,나도언니 덕담 정말 고마워❤️❤️❤️ @nado_odo,2024-11-22
1937,ddimmi96_2024-11-22,k__huyy,재밌땅,2024-11-22
1938,ddimmi96_2024-11-22,eeeeeaaeeeeei,아..13프로...충전..,2024-11-22
1939,ddimmi96_2024-11-22,ixmlan,아니 언니 그걸 조신하게 잘라 먹어야지 그걸 그렇게 들고 먹으면 당연히 남자친구가 놀라지 앙?,2024-11-22
1940,ddimmi96_2024-11-22,nado_odo,예상보다 잘 만든 거 같아서 당황스럽다..,2024-11-22
1941,ddimmi96_2024-11-22,a_more_456_jamily,안녕하세요 그때 롯데리아 빼빼로 드렸던 팬이예요ㅎㅎ 냐무님 영상봤을때부터 팬이었어요 그때는 일 때문에 드릴게 빼빼로밖에 없었어요ㅠㅠ 유튜브 화이팅하세요ㅎㅎㅎ,2024-11-22
1942,ddimmi96_2024-11-22,hy._b7,13프로 빨리 충전해요!,2024-11-22
1943,ddimmi96_2024-11-22,jouseong92,케밥 처럼 생겼네,2024-11-23
1944,ddimmi96_2024-11-22,res23257,고기남자,2024-12-04
1945,ddimmi96_2024-11-22,pairy__,띠미님 금손 ㅠㅠ,2024-11-22
1946,ddimmi96_2024-11-22,j_xunz2,우와 1시간전,2024-11-22
1947,ddimmi96_2024-11-22,ji_se_y,으,2024-11-26
1948,ddimmi96_2024-11-21,110531_,와 이런아이디어는 어떻게 생각하는걸까,2024-11-21
1949,ddimmi96_2024-11-21,ddimmi96,띰띰이들 올만이에용 2주동안 푹 쉬고 왔어요🥹❤️,2024-11-21
1950,ddimmi96_2024-11-21,"붕어빵 과자로 붕어빵 만들기 영상도 신박하면 좋아요 눌러줘!!!!!❤
usona_official",왜 맛있어보이지ㅋㅋㅋㅋㅋㅋㅋㅋㅋㅋㅋㅋㅋ,2024-11-21
1951,ddimmi96_2024-11-21,ongsuzn,"붕어로 안 만들어서 다행이다,,,,🐟",2024-11-21
1952,ddimmi96_2024-11-21,pairy__,베이킹 파우더를 넘 마니넣어서 넘친게 아닐까용😢 청소 언제해~~,2024-11-22
1953,ddimmi96_2024-11-21,xin______xx___,ㅋㅋㅋㅋㅋㅋㅋㅋ역시 과자는 과자로 ^^,2024-11-21
1954,ddimmi96_2024-11-08,jan._1010,설마했는데 진짜 이걸로 빼빼로를 만드는 그녀...❤️ ㄹㅈㄷ 진짜 디저트 곧 압살하시겠어요🙌🙌,2024-11-08
1955,ddimmi96_2024-11-08,wangzhixi138,从初中开始就很喜欢你，现在还是🥰,2024-11-19
1956,ddimmi96_2024-11-08,so128712,맛있겠다ㅏㅏ,2024-11-10
1957,ddimmi96_2024-11-08,xu02xy,탈지분유 이름 뭔가용ㅇ,2024-11-08
1958,ddimmi96_2024-11-08,parkjihwan_1125,이제 금손이다 👏,2024-11-08
1959,ddimmi96_2024-11-08,9.16._.ds,@11.5._.sh 이거 만들어서 회사에 가져갈래요?,2024-11-10
1960,ddimmi96_2024-11-08,eonvlg,@hoxiuop 만들어줘,2024-11-27
1961,ddimmi96_2024-11-07,rami__0216,아니 목소리가 ㅋㅋㅋㅋ 짱구인줄 알았자나옄ㅋㅋㅋㅋ 짱구네 타코야끼 만드는편 생각나서 이참에 정주행하러 가야겠어요🤣💜,2024-11-07
1962,ddimmi96_2024-11-07,pikapikasy,근데 노브랜드 타코야끼 냉동 인데 맛있어요 ㅋㅋㅋ 저판에 데워먹음 딱일듯 ㅋㅋ,2024-11-08
1963,ddimmi96_2024-11-07,klmheejae,아이디어.. 조흔데 .. ???,2024-11-07
1964,ddimmi96_2024-11-07,s.bix0__,타코야끼 과자 어디에 팔아요??,2024-11-09
1965,ddimmi96_2024-11-07,seeu.n42,저거 과자 겁나 맛있던뎅,2024-11-07
1966,ddimmi96_2024-11-07,bboni._.bbang,안되겠다 소금빵 과자로 소금빵을 만들어야..,2024-11-07
1967,ddimmi96_2024-11-07,xo.noy_13,언니 그 얼굴에 29살이라고????,2024-12-05
1968,ddimmi96_2024-11-07,luna_linah0114,약과 과자로 약과 만들어주세요ㅛㅛㅛㅛ😍,2025-02-01
1969,ddimmi96_2024-11-07,ddimmi96,영상 대박이면 영상 좋아요 눌러주기❤❤️❤️❤️❤️❤️❤️❤️❤️❤️❤️,2024-11-07
1970,ddimmi96_2024-11-07,jinhwan_y_89,진짜 맛나겠음요 !!!,2024-11-07
1971,ddimmi96_2024-11-07,wintergirl1.1,콘텐츠 감자과자로 감자샐러드를...억지인가여,2024-11-24
1972,ddimmi96_2024-11-05,jinzzamolla,언니 요즘 왤케예뻐요🤤🎀🎀,2024-11-05
1973,ddimmi96_2024-11-05,ddimmi96,띠뽀끼 출시 많이 기다리고 계시죠?🥹,2024-11-05
1974,ddimmi96_2024-11-05,"11월 말 혹은 12월초로 예상중이에요
마무리 작업이 좀 걸리네요😭
얼른 맛 보여드리고 싶어서 미치겠는데!!!!
조금만 기다려주세용🥹❤️❤️
minwo_0512",빨리왔다 ㄷㄷ,2024-11-05
1975,ddimmi96_2024-11-05,aa__nn_jg,빨리여🔥❤️😍,2024-11-07
1976,ddimmi96_2024-11-05,yammyeej,👏👏,2024-11-05
1977,ddimmi96_2024-11-05,20171010sw,😮,2024-12-27
1978,ddimmi96_2024-11-05,yeon__story_x,흑흑 기다리고 있는데 못참아여ㅕㅕ,2024-11-05
1979,ddimmi96_2024-11-05,gangsumug4,맛있겠어요 누나ㅠㅠ ㅜㅜ,2024-11-05
1980,ddimmi96_2024-11-05,sangmoon97,암튼 최고인듯,2024-11-05
1981,ddimmi96_2024-11-03,ddimmi96,첫날(노란색 옷 입었을 때) 몸이 안 좋아서 얼굴 안색이 안 좋고 부어있어요😭,2024-11-03
1982,ddimmi96_2024-11-03,"오늘 영상 자세히 보시면 날이 지나갈수록 좋아지는 얼굴이 보일 겁니당🥲
띰띰이들 꼭 건강 챙기세요❤❤❤
ongsuzn","일단 저런 게 집에 왜 잇는가요,,,,,,",2024-11-03
1983,ddimmi96_2024-11-03,wo1x.bin12,1빠다,2024-11-03
1984,ddimmi96_2024-11-03,ye_lin2,아이디어 쩔❤️,2024-11-03
1985,ddimmi96_2024-11-03,pairy__,역시 띠미님 정성가득❤️❤️❤️,2024-11-03
1986,ddimmi96_2024-11-03,uouv330,역시 8년짬👏👏👏👏,2024-11-08
1987,ddimmi96_2024-11-03,chewyrosee_6,YUMMY,2024-11-03
1988,ddimmi96_2024-11-01,ariel__1004,케이스 어디꺼에여 ... 예뻐여...,2024-11-02
1989,ddimmi96_2024-11-01,whichcrowgoth,거북이....❤️❤️,2025-04-06
1990,ddimmi96_2024-11-01,loozzy899,언니 이런거 진짜 잘만드세요 ㅜㅜ,2024-11-30
1991,ddimmi96_2024-11-01,geumhee1012,ㅠㅠㅠㅠㅠㅠㅠ 노우~!!!! 너무 무서운데 궁금해에 ㅜㅜㅜㅋㅋㅋㅋㅋㅋ,2024-11-01
1992,ddimmi96_2024-11-01,icaemi598,감초입니다,2024-11-02
1993,ddimmi96_2024-11-01,ddimmi96,🐢 귀엽다 vs 징그럽다,2024-11-01
1994,ddimmi96_2024-11-01,"띰띰이들은 어느쪽이신가요!!!!😱
nam_ttogi",케이스어디서 사신거에요??,2024-11-02
1995,ddimmi96_2024-11-01,bsh1.0.0.4,저는 만들기 귀찮아서 마이구미 넣어서 먹을게여😍,2024-11-03
1996,ddimmi96_2024-11-01,sy_95_0126,초록색?이면귀여울거같은데,2024-11-01
1997,ddimmi96_2024-11-01,1new0918,윽 ㅜㅜㅜㅜㅜㅜ 이건..아냐…ㅜㅜ,2024-11-01
1998,ddimmi96_2024-11-01,qwerjohansol,귀엽다,2025-04-08
1999,ddimmi96_2024-11-01,qwerjohansol,❤❤,2025-04-08
2000,ddimmi96_2024-11-01,andyjeon_0602,그걸로 펄볶이…,2024-12-26
2001,ddimmi96_2024-11-01,h_m.x10,으악..이건 아니에요..ㅠ,2024-11-01
2002,ddimmi96_2024-11-01,yeuji5512,@jonggamja 먹고싶어?,2024-11-04
2003,ddimmi96_2024-11-01,3llaeo._,엄... 나 중국 사는데...,2024-11-03
2004,ddimmi96_2024-11-01,mingyuri49,언니 알려하지마...,2025-02-08
2005,ddimmi96_2024-11-01,hxennna_1216,언니 그거 젤리가 거북이 모양인 이유가 거북이 등껍질을 갈아서 만든거야..,2024-11-01
2006,ddimmi96_2024-11-01,gabeoni2,우리 거북이한테 왜그래 중국아,2024-11-02
2007,ddimmi96_2024-11-01,yessii__11,바퀴벌레같아요..,2024-11-01
2008,ddimmi96_2024-11-01,0908_ynkim,언니...그거 버블티 맞는데 중국거 아니라 태국에서 만든거예요,2024-12-25
2009,ddimmi96_2024-11-01,so128712,반반 ? 뭔가 귀여운데 먹을라고 하면 징그럽고 불쌍한 ?,2024-11-01
2010,ddimmi96_2024-10-29,north_fanmade,언니 항상 건강 챙기세요!잘 챙겨보고 있습니다❤️,2024-10-29
2011,ddimmi96_2024-10-29,ehdud_wt,❤️,2024-10-31
2012,ddimmi96_2024-10-29,go.uri9558,그걸 녹이고 얼려주세요😢,2024-11-17
2013,ddimmi96_2024-10-29,ddimmi96,+구입처: 제가 산 홈페이지는 사이트가 닫혔어요😢,2024-10-31
2014,ddimmi96_2024-10-29,"띰띰이 제보를 받았는데 강남 퍼지타운이라는 디저트가게에서 비슷하게 판매하고 있대요!!!
궁금하신 분들 드셔보세요!!!😍
pairy__",언니 치아 조심해욤 😢😢😢,2024-10-29
2015,ddimmi96_2024-10-29,dhsysnl,ㅋㅋㅋㅋ,2024-10-30
2016,ddimmi96_2024-10-29,nado_odo,👋❤️❤️❤️❤️❤️,2024-10-28
2017,ddimmi96_2024-10-29,usona_official,이번 유튜브 캠페인 너무 좋다🥹 손손🙌,2024-10-28
2018,ddimmi96_2024-10-29,cyankim_,손👋👋👋,2024-10-28
2019,ddimmi96_2024-10-29,zoo13576,🙌🙌🙌🙌🙌🙌🙌❤️❤️❤️,2024-10-28
2020,ddimmi96_2024-10-29,u30_of_storm,✋️ 손!!!,2024-10-29
2021,ddimmi96_2024-10-29,fu1342782,손손손손!!!!🔥🔥🔥🔥🔥,2024-10-28
2022,ddimmi96_2024-10-29,rkflfnfpfh,띠미님 멋있다😍,2024-10-28
2023,ddimmi96_2024-10-29,wwwnnsss,🤚🏻👩🏻‍🦲✋🏻,2024-10-28
2024,ddimmi96_2024-10-29,zoopitoaaaa,손~~~~~~~~🫡💕💕💕💕💕,2024-10-28
2025,ddimmi96_2024-10-29,klmheejae,이런거까지해 미챠버려,2024-10-28
2026,ddimmi96_2024-10-29,hyukk_roy,🙌🙌🙌🙌🙌,2024-10-28
2027,ddimmi96_2024-10-29,seojaeduk,손,2024-10-28
2028,ddimmi96_2024-10-29,wintergirl1.1,손!!!🙌🙌,2024-11-24
2029,ddimmi96_2024-10-29,doobming221,캠페인 조으다❤️,2025-02-21
2030,ddimmi96_2024-10-29,youtubekorea,👋🏻👋🏻👋🏻👋🏻👋🏻,2024-10-28
2031,ddimmi96_2024-10-29,l_da_hye_,👋🏻👋🏻👋🏻👋🏻👋🏻,2024-10-29
2032,ddimmi96_2024-10-25,da2__da,퍼지는 퍼지타운이 짱맛도리😋❤️❤️,2025-01-17
2033,ddimmi96_2024-10-25,mango_ing_,개포동에 퍼지타운 이라도 수제퍼지 전문점이 있어요!! 레몬퍼지랑 초코가 핵맛있습니당!!,2024-10-31
2034,ddimmi96_2024-10-25,jiwxo_1,쿠키 반죽인가,2024-10-25
2035,ddimmi96_2024-10-25,ye_lin2,되게 떡같다!!,2024-10-25
2036,ddimmi96_2024-10-25,ddimmi96,+구입처: 제가 산 홈페이지는 사이트가 닫혔어요🥲,2024-10-31
2037,ddimmi96_2024-10-25,"띰띰이 제보를 받았는데 강남 퍼지타운이라는 디저트가게에서 비슷하게 판매하고 있대요!!!
궁금하신 분들 드셔보세요!!!😍
elif.kilinc.35",Anladıysam arab olayım,2024-10-26
2038,ddimmi96_2024-10-25,02gwan_,불쌍한 아이스크림😆,2024-10-26
2039,ddimmi96_2024-10-25,00mparoompa,아이스크림이 아니고 카라멜과 비슷한 퍼지라는 음식입니다. 퍼지캔디라는 표현은 캬라멜캔디 같은 어감이라 그냥 퍼지라고 하는게 맞습니다. 주로 영국에서 많이 먹는 디저트이며 시초는 미국인거로 알고있습니다,2024-10-27
2040,ddimmi96_2024-10-25,eun2han,강남에 퍼지타운이라고 퍼지 가게 있어요!!,2024-10-30
2041,ddimmi96_2024-10-25,happiness_.82,안녹으면 아이스크림이 아니지 않나…?,2024-10-26
2042,ddimmi96_2024-10-25,sseun140,@thefudgetown 수제퍼지 가게는 알고 있어요~,2024-10-27
2043,ddimmi96_2024-10-23,hyeon.jeong_1234,5빠🔥마싯겟다,2024-10-23
2044,ddimmi96_2024-10-23,ddimmi96,🎀리본캔디 맛 궁금해하시는 띰띰이들이 많아서 야매로 만들어봤어요!! 과연 ( •̀_̆•́)✧ ✨✨,2024-10-23
2045,ddimmi96_2024-10-23,yeon_u123,껌얼려서 리본캔디 만드는것도 말있어요!,2025-02-05
2046,ddimmi96_2024-10-23,nayeon3645,오뎅같아요ㅋㅋㅋ,2025-01-21
2047,ddimmi96_2024-10-23,se0.j2n_11,설탕 끓이다가 섞으시면 결정화가 되서 하얀색으로 변해여,2025-02-04
2048,ddimmi96_2024-10-23,french_bulldog_stonegate,설탕ㄷㄷㄷ.... 심장이랑 간에 안좋겠다...,2024-10-26
2049,ddimmi96_2024-10-23,yxn.zn,아니 얼리면 돼잖아,2024-11-10
2050,ddimmi96_2024-10-19,seo_on130,고고ㅗ고고고곡ㄱ고곡고고고고고고고ㅗ고곡곡ㄱ곡곡ㄱㄱㄱ,2024-10-19
2051,ddimmi96_2024-10-19,sholo_ve1004,진짜 고슴도치 너무귀여워요🦔🦔🦔🦔🦔🦔🦔🦔🦔🦔🦔🦔🦔🦔🦔,2025-06-07
2052,ddimmi96_2024-10-19,meoenions,고칼로리,2024-10-19
2053,ddimmi96_2024-10-19,ijia5624,go,2024-12-01
2054,ddimmi96_2024-10-19,ddimmi96,🦔... 하지말랬다,2024-10-19
2055,ddimmi96_2024-10-19,heeseo1101,고소고고고 고 고고곡ㅎㄱㅎㄱㅎ슴도치,2024-10-19
2056,ddimmi96_2024-10-19,oh_ji_hyo,고슴도치🦔고슴도치🦔고슴도치🦔고슴도치🦔고슴도치🦔고슴도치🦔고슴도치🦔고슴도치🦔고슴도치🦔고슴도치🦔고슴도치🦔고슴도치🦔고슴도치🦔고슴도치🦔고슴도치🦔고슴도치🦔,2024-10-19
2057,ddimmi96_2024-10-19,none_hope_me,੯•́ʔ̋ ͙͛*͛ ͙͛*͛ ͙͛̋و,2024-10-20
2058,ddimmi96_2024-10-19,_gxx0ngzzu,고,2024-12-04
2059,ddimmi96_2024-10-19,kim._.rn831,고자,2025-01-03
2060,ddimmi96_2024-10-19,tiffany_taehee,고고고고고슴슴슴슴슴도도도도도치치치치치❤️,2025-03-04
2061,ddimmi96_2024-10-19,sj.0.214_,고,2024-10-20
2062,ddimmi96_2024-10-19,ycm__min23,고슴도치,2024-10-23
2063,ddimmi96_2024-10-19,si.hyun.13,서고고ㅗ고고고고고고고고고고슴스므스믓,2024-10-19
2064,ddimmi96_2024-10-19,yangseyeon20,고고,2024-10-19
2065,ddimmi96_2024-10-19,nayoon8579,ㄱㄱㄱㄱㄱ고고고고도도도돋고도도돋고고고ㅗㅗ고고슴도치,2025-01-16
2066,ddimmi96_2024-10-19,kim._.rn831,고비,2025-01-03
2067,ddimmi96_2024-10-19,yn_seo13,고고고고고고고고고슴슴도도치,2024-10-20
2068,ddimmi96_2024-10-19,asb24r,고,2025-01-15
2069,ddimmi96_2024-10-19,ywnew_2025,🦔🦔🦔🦔🦔🦔🦔🦔🦔🦔🦔🦔🦔🦔🦔🦔🦔🦔🦔🦔,2025-01-04
2070,ddimmi96_2024-10-19,jiwoo_3499,ㄱㆍ,2024-10-20
2071,ddimmi96_2024-10-19,"슴
도
치
🦔
iabin753",고슴도치 고슴도치 고슴도치 고슴도치 고슴도치 고슴도치,2025-04-16
2072,ddimmi96_2024-10-19,he._ju,고슴도치🦔🦔🦔🦔,2024-11-24
2073,ddimmi96_2024-10-19,m_ch0516,고,2025-04-01
2074,ddimmi96_2024-10-19,l_da_hye_,치도슴고🦫,2024-10-19
2075,ddimmi96_2024-10-19,j.h_nel0,교슴도치,2024-10-19
2076,ddimmi96_2024-10-19,ihose96,고. 슴. 도. 치,2024-12-16
2077,ddimmi96_2024-10-19,eieie._.123456,고. 슴. 도. 치,2024-10-20
2078,ddimmi96_2024-10-19,gu.jiyoul,고슴도치……..,2024-10-19
2079,ddimmi96_2024-10-19,gy88y,고슴도치,2024-10-19
2080,ddimmi96_2024-10-19,k__ny0_0,🦔..,2024-10-19
2081,ddimmi96_2024-10-19,psm0919,🦔,2024-10-19
2082,ddimmi96_2024-10-19,ongsuzn,Go,2024-10-19
2083,ddimmi96_2024-10-19,idao252,ㄴ,2024-10-19
2084,ddimmi96_2024-10-19,idao252,드,2024-10-19
2085,ddimmi96_2024-10-19,idao252,ㅈㄴㅈㄴㅊ드,2024-10-19
2086,ddimmi96_2024-10-19,belra756,고슴도치 고슴도치 고슴도치 고슴도치 고슴도치,2024-10-19
2087,ddimmi96_2024-10-19,bliss_yj99,Go슴Do치,2024-10-19
2088,ddimmi96_2024-10-19,victoria.skywalker.02030,🦔...... 지나가는 고....,2024-10-19
2089,ddimmi96_2024-10-19,mahanaim_128,🦔🦔🦔🦔,2024-10-19
2090,ddimmi96_2024-10-19,ixmlan,고슴도치,2024-10-19
2091,ddimmi96_2024-10-19,giseul_0516,🦔,2024-10-19
2092,ddimmi96_2024-10-19,nay2_on,🦔🦔🦔🦔🦔🦔🦔,2024-10-19
2093,ddimmi96_2024-10-19,xxa.aa_0416,고고고도고고ㅗ고고고고도ㅗ고고곡고고고ㅗ고ㅗ고고고ㅗ고고고ㅗㄱ고,2024-10-19
2094,ddimmi96_2024-10-19,xxa.aa_0416,고슴도치 고슴도치,2024-10-19
2095,ddimmi96_2024-10-19,isua8242,치도슴고,2024-10-19
2096,ddimmi96_2024-10-19,sunyul0518,고고슴슴도도치치,2024-10-19
2097,ddimmi96_2024-10-19,s.j3hx,고슴도치 고금도치,2024-10-19
2098,ddimmi96_2024-10-19,s.j3hx,고ㅗ고고고고고고고ㅗ고고고고ㅗ고곡,2024-10-19
2099,ddimmi96_2024-10-19,ijuha4760,고슴도치 고슴도치 고슴도치 고스ㅁ🦔🦔🦔🦔🦔,2024-10-19
2100,ddimmi96_2024-10-19,mina_gon1234,고 슴 도 치?“!!,2024-10-19
2101,ddimmi96_2024-10-19,lgatan0727,고고고고고고고고고고고고고고고고슴도치,2024-10-19
2102,ddimmi96_2024-10-19,_y.uzt,고슴도치,2024-10-19
2103,ddimmi96_2024-10-19,pjv_1105,고@도치,2024-10-19
2104,ddimmi96_2024-10-19,kim.gyuri15,고고고고고고고고고고고고슴슴슴슴슴슴슴슴도도도도도도도도도도도치치치치치치치치고슴도치,2024-10-19
2105,ddimmi96_2024-10-19,baebsae6393,나 이런 고슴도치 안도치!!!!!,2024-10-19
2106,ddimmi96_2024-10-19,love_hodo_amber,고슴돛ㄱ,2024-10-19
2107,ddimmi96_2024-10-19,ynz.0u,고슴토치,2024-10-19
2108,ddimmi96_2024-10-19,ha._rax,고슴도취,2024-10-19
2109,ddimmi96_2024-10-19,ijihan710,고ㅗ고ㅗ고고고고고고고고ㅗ고고고곡ㄱ고고고고곡,2024-10-19
2110,ddimmi96_2024-10-19,s.xinq_,슴도치,2024-10-19
2111,ddimmi96_2024-10-19,gorgeous_chae,고도고고고고고고고고고ㅗ고곡고고고고고고고고ㅗ고고고고곡ㅁ더칭!,2024-10-19
2112,ddimmi96_2024-10-19,tjdulqls,고고고고고고고ㅗ고고고고고그스스스스스스스슷스슥ㅁㅁㅁㅁㅁㅁ도도도도도ㅗ도ㅗ도도치치치치치치ㅣ치치칯,2024-10-19
2113,ddimmi96_2024-10-19,moni__zyx,고오숨도,2024-10-19
2114,ddimmi96_2024-10-19,jxng.hx_,고슴도지,2024-10-19
2115,ddimmi96_2024-10-19,jxng.hx_,고슴도치,2024-10-19
2116,ddimmi96_2024-10-19,gjs_1025,고생했어요 고슴도치,2024-10-19
2117,ddimmi96_2024-10-19,o._s.en,고슴도치,2024-10-19
2118,ddimmi96_2024-10-19,wahahahat64,고슴도치,2024-10-19
2119,ddimmi96_2024-10-19,soohyun9610,고슴ㄷㅊ,2024-10-19
2120,ddimmi96_2024-10-19,anhyeonseong927,고슴도치,2024-10-19
2121,ddimmi96_2024-10-19,1e.0si,고구마,2024-10-19
2122,ddimmi96_2024-10-19,gohyeogmin2,마이 내임 이스 혁민고,2024-10-19
2123,ddimmi96_2024-10-19,eun_wooe,고슴도치,2024-10-19
2124,ddimmi96_2024-10-19,1o2_2o7,고수다,2024-10-19
2125,ddimmi96_2024-10-19,park_do_sung,고자요?,2024-10-19
2126,ddimmi96_2024-10-19,bike_n0.yj12,고슴도치,2024-10-19
2127,ddimmi96_2024-10-19,n0_hxeuz,고고고고고고고슴슴슴도도도치치치,2024-10-19
2128,ddimmi96_2024-10-19,arikk1128,🦔🦔🦔🦔🦔🦔🦔🦔🦔🦔🦔🦔🦔🦔🦔🦔🦔🦔🦔🦔🦔🦔🦔🦔🦔,2024-10-19
2129,ddimmi96_2024-10-19,k._jy0907,고추,2024-10-19
2130,ddimmi96_2024-10-19,hyunmin_130107,치,2024-10-19
2131,ddimmi96_2024-10-19,hyunmin_130107,도,2024-10-19
2132,ddimmi96_2024-10-19,hyunmin_130107,슴,2024-10-19
2133,ddimmi96_2024-10-19,rok._.11kk,고슴도치,2024-10-19
2134,ddimmi96_2024-10-19,hyunmin_130107,고,2024-10-19
2135,ddimmi96_2024-10-19,janglim01180408,고슴도치,2024-10-19
2136,ddimmi96_2024-10-19,e.youn_.30,🦔🦔🦔🦔🦔🦔🦔🦔🦔🦔🦔🦔🦔🦔🦔,2024-10-19
2137,ddimmi96_2024-10-19,gimyejun7966,고도슴치,2024-10-19
2138,ddimmi96_2024-10-19,x.sophia1030,고고고고고고고고고고고고고고고고고고슴슴슴슴슴슴슴슴슴슴슴슴슴슴슴슴슴슴도도도도도도도도도도도도도도도도도도치치치치치치치치치치치치치치치치치치,2024-10-19
2139,ddimmi96_2024-10-19,jiyeyom,goseundochi,2024-10-19
2140,ddimmi96_2024-10-19,jimzn1_,고....기먹고싶다,2024-10-19
2141,ddimmi96_2024-10-19,harin28_98,고슴도치,2024-10-19
2142,ddimmi96_2024-10-19,whitepikmin_dissatisfaction,고승민,2024-10-19
2143,ddimmi96_2024-10-19,jiwoo_02013,고고고고고슴슴슴슴슴도도도도도치치치치치치치치,2024-10-19
2144,ddimmi96_2024-10-19,mi.ngyu677,치도슴고,2024-10-20
2145,ddimmi96_2024-10-19,taewan_0223,고슴도치 모양 츄러스~~,2024-10-20
2146,ddimmi96_2024-10-19,anjunbum,Go슴Do치,2024-10-20
2147,ddimmi96_2024-10-19,coeyuga,고고고고고고슴슴슴슴슴슴슴피어나 너 내도도도도도독ㆍ도 독,2024-10-20
2148,ddimmi96_2024-10-19,xw_bin,고슴도치,2024-10-20
2149,ddimmi96_2024-10-19,y1e_eun,고고ㅗ고곡고고고고ㅗ고고고고고ㅗ소고고고고고ㅗ소고고고고곡고ㅗ고고고고곡고ㅗ고고ㅗ고,2024-10-20
2150,ddimmi96_2024-10-16,neulsom4938,언니가 대전에 왔다닝..,2024-10-17
2151,ddimmi96_2024-10-16,pushed_ju,띠미님 이거 맛있어요?????,2024-10-16
2152,ddimmi96_2024-10-16,_junni_,띠미님 베이스화장 어떻게하시는지 궁금해요 🙌🙌🔥,2024-10-19
2153,ddimmi96_2024-10-16,jjysky1715,역쉬 띠미님 1등 대박!!!❤️,2024-10-16
2154,ddimmi96_2024-10-16,olo2525____,맛있겠다..(츄릅),2024-10-16
2155,ddimmi96_2024-10-16,ddimmi96,현재 띠미상황= 몸살났음😵,2024-10-16
2156,ddimmi96_2024-10-16,na_will1230,띠미님..아침에 대기하실때ㅜ나온 의자 정보 알수잇을가요?,2024-10-17
2157,ddimmi96_2024-10-16,uouv330,맛있겠다...😢,2024-10-17
2158,ddimmi96_2024-10-16,u_yeon_0,혹시 바밤바랑 다른 맛인가요?,2024-10-17
2159,ddimmi96_2024-10-16,shsjsbxhdksj,저기 우리 동내다....,2024-11-06
2160,ddimmi96_2024-10-16,dog.jeong,@do_mi_s71 오 알밤시루 맛있겠는데?,2024-10-25
2161,ddimmi96_2024-10-16,jyj_lyj,@lgw3148 이거 먹고싶다,2024-10-17
2162,ddimmi96_2024-10-16,yoon._.ji._.won,@ybin13 안에 밤 다시 봐도 미쳤네🔥,2024-10-17
2163,ddimmi96_2024-10-16,eun_g02,@___t._.g___ 나 진짜.. 성심당 가보고 싶어..,2024-10-17
2164,ddimmi96_2024-10-16,lvy_eujigon,@4n_seo 이정도면 대전가야지,2024-10-18
2165,ddimmi96_2024-10-16,ysyeon74,@kim.t.i9912 이거당,2024-11-01
2166,ddimmi96_2024-10-16,glxh7579,성심당 케익은 괜찮은데 빵은 그닥 참고로 대전 사람입니다,2024-10-18
2167,ddimmi96_2024-10-15,arz.ll21,❤️❤️❤️❤️❤️,2024-10-15
2168,ddimmi96_2024-10-15,_joyuni_,소리 너무 좋아요😍🔥 요즘 다이소에서 껍질째먹는 모찌도 판다는데 먹어봐주세요오😢👏,2024-10-15
2169,ddimmi96_2024-10-15,ddimmi96,리본캔디 소리 쾌감 ㄷㄷ!!!!,2024-10-15
2170,ddimmi96_2024-10-15,"너무 좋지않아요?😱
1ansae2",본인보다 젊어보이는데 아주머니…?ㅋ,2024-10-19
2171,ddimmi96_2024-10-15,keemjhoon,오랜만에 보는데 얼굴이 많이 바뀌셨네용.. 그래도 여전하셔서 좋은!,2024-10-18
2172,ddimmi96_2024-10-15,crystalsweet99,This candy our grandparents keep during Christmas in their candy dishes. Lol,2024-10-23
2173,ddimmi96_2024-10-15,r0.xhg,소리 미쳤따아,2024-10-15
2174,ddimmi96_2024-10-15,cl.aireee__,Roll ups? Haha,2024-10-19
2175,ddimmi96_2024-10-15,hnc_0627,Jesus Christ girl it is not that serious😭,2024-10-19
2176,ddimmi96_2024-10-15,mocchi_kim_,40주좋아요 1개답글 달기,2024-10-15
2177,ddimmi96_2024-10-15,01elhamhajiaghaee,,2024-10-19
2178,ddimmi96_2024-10-15,ninjamomlife4,Not y’all discovering ribbon candy lol,2024-10-20
2179,ddimmi96_2024-10-15,shu_kiiiii,얼굴밖에 안보여🥰,2024-10-15
2180,ddimmi96_2024-10-15,kej01048146423,우와 맛있게다,2024-10-16
2181,ddimmi96_2024-10-15,rr___me,@cheonmansonghee,2024-10-17
2182,ddimmi96_2024-10-15,"@mirizzing_ 다음 유행템!!
julsvidald",@krispy_011 oyee yo quieroooo estoooo,2024-10-19
2183,ddimmi96_2024-10-15,g_young_0322,@kinam_xong,2024-10-19
2184,ddimmi96_2024-10-15,11.13ml,립이 안지워지는데 ㅋㅋ어디꺼얘용.ㅍㅍㅍ,2024-10-20
2185,ddimmi96_2024-10-15,hararara.04,맛있오 ㅎㅎㅎ,2024-10-20
2186,ddimmi96_2024-10-15,seoyuri1119,언니 그거 녹여서 탕후루 해주세여❤️,2024-10-20
2187,ddimmi96_2024-10-15,bhhhuuu7u,"/0%*\¥€£¥¢€{€€^©,¥£€¥€€",2024-10-20
2188,ddimmi96_2024-10-15,gkfka86,몇초 돌리는 거에요??,2024-10-20
2189,ddimmi96_2024-10-15,baxramovaaaa_s,Пикми!!,2024-10-20
2190,ddimmi96_2024-10-15,mnidruwisu,Okayy🙌🏻😂,2024-10-21
2191,ddimmi96_2024-10-15,setaysh_061,👏👏🙌🙌🔥,2024-10-21
2192,ddimmi96_2024-10-15,ramellibaby,I love Ribbon candy! It's a Christmas tradition in my family to get this! My mom always got me ribbon candy around Christmas ❤️,2024-10-23
2193,ddimmi96_2024-10-15,maritempel,Me watching this like I understand,2024-10-28
2194,ddimmi96_2024-10-15,eyelashes1125,Old fashioned ribbon candy. Gonna revive a tradition,2024-11-07
2195,ddimmi96_2024-10-15,kixon.12,몇초 녹여요?,2024-11-10
2196,ddimmi96_2024-10-15,hyowon4642,와우..,2024-11-11
2197,ddimmi96_2024-10-15,yeoul._.14,그냥 그 아주머니가 치아가 좋으신 것 같은데 ㅋㅎㅋㅎㅋㅎ,2024-11-11
2198,ddimmi96_2024-10-15,bomi0746,리본캔디구워주세요🔥😢❤️,2024-11-16
2199,ddimmi96_2024-10-14,kkokko.eat,오오👏뭔가 재밌네요😮,2024-10-15
2200,ddimmi96_2024-10-14,o6.ux7,1빠ㅏ 너무 예쁘더ㅓ❤️❤️,2024-10-14
2201,ddimmi96_2024-10-14,gyeongmin783,크...맛있겠다😍😍😍😍😍😍😍,2024-10-14
2202,ddimmi96_2024-10-14,estherkatie_kwon,하.. 맛 없없이에요.. 진짜 만들어보고 싶지만 귀찮아서 패스.. 보는걸로 만족합니다 😂,2024-10-16
2203,ddimmi96_2024-10-14,ongsuzn,정말 쩐당ㅠㅠ🌰🌰🌰🌰🌰🌰,2024-10-14
2204,ddimmi96_2024-10-14,_luck0.0,볼때마다 느끼는건데 띠미님 영상 진짜 고퀄이시네욥🌰,2024-10-14
2205,ddimmi96_2024-10-14,r1p0f,찐 레시피로 ㄱㄱㄱㄱㄱ,2024-10-14
2206,ddimmi96_2024-10-14,ddimmi96,재편집 후 재업로드 했습니다🥹🌰,2024-10-14
2207,ddimmi96_2024-10-14,youtubekorea,띠미님 버전 밤 티라미수 언제 나와요?,2024-10-15
2208,ddimmi96_2024-10-13,zx.v0_12,얼려드셔 주세요!❤️,2024-10-13
2209,ddimmi96_2024-10-13,j1._.n15,띠미님!! 더현대에서 젼언니가 파는 라바샫 무거 주새요'ㅠ,2024-10-13
2210,ddimmi96_2024-10-13,daeun_xi,얼리면 더 바삭해져요!,2024-10-15
2211,ddimmi96_2024-10-13,sunyul0518,아주머니가 원피스에나오는봉쿠레랑 닮음,2024-10-13
2212,ddimmi96_2024-10-13,kkang201301,영상잘보고갑니다,2024-10-13
2213,ddimmi96_2024-10-13,yohmin12,이거 얼리면 맛있겠다😢,2024-10-13
2214,ddimmi96_2024-10-13,you__jj124,4분전!!,2024-10-13
2215,ddimmi96_2024-10-13,wjddusal38,첨에봐도 먹고싶단 생각은 확들지않아,2024-10-14
2216,ddimmi96_2024-10-13,jhs_hoote,와 개빨리왔다,2024-10-13
2217,ddimmi96_2024-10-13,iyuns.eong,ㅇ,2024-10-15
2218,ddimmi96_2024-10-13,p1004gh,한번 얼려먹는걸 추천 드립니다😍,2024-10-13
2219,ddimmi96_2024-10-13,xin______xx___,오우 신기하네,2024-10-13
2220,ddimmi96_2024-10-13,mokpobom2,앜.. 치아 괜찮으세여..,2024-10-14
2221,ddimmi96_2024-10-13,2.doonaaaa,@shin_chaeeun_91 이건또뭐햐,2024-10-21
2222,ddimmi96_2024-10-13,chupa_chup._.s,웅니 다음엔 로쿰 안될까??,2024-10-14
2223,ddimmi96_2024-10-13,uouv330,이젠 리본캔디인가👏👏👏,2024-10-14
2224,ddimmi96_2024-10-13,twinstsniwt,이런거볼때마다이빨무서움,2024-10-14
2225,ddimmi96_2024-10-13,amor_faily,49분젼,2024-10-13
2226,ddimmi96_2024-10-13,blissful_hyout,되게 뚜꺼운 거 사셨네요. 해외에서 고전 클스마스캔디로 유명한데 훨씬 얇았던 걸로 기억나욧,2024-10-15
2227,ddimmi96_2024-10-13,s.0xyn_0,다음 유행은 또 이거..?,2024-10-13
2228,ddimmi96_2024-10-13,_yn._a,그거 신젤리 젤리스트로우 얼린거랑 비슷하네요 ㅎㅎ,2024-10-18
2229,ddimmi96_2024-10-13,happy_seon_you_v_,눈기엽다ㅋㅋㅋㅋ,2024-10-15
2230,ddimmi96_2024-10-13,jgw_0408,손가락 개무섭네,2024-10-14
2231,ddimmi96_2024-10-13,j1._xn0,근데 언니 혀에 색소..,2025-02-05
2232,ddimmi96_2024-10-13,midnight_wonju,얼려여,2024-10-19
2233,ddimmi96_2024-10-13,sonhyeogju4,20빠,2024-10-14
2234,ddimmi96_2024-10-09,_rose_rin,무스케이크랑 크림모찌요!!!!,2024-10-10
2235,ddimmi96_2024-10-09,klmheejae,아 필터 개웃긴다 ㅋㅋㅋㅋㅋㅋㅋㅋㅋㅋㅋㅋㅋㅋㅋㅋ,2024-10-09
2236,ddimmi96_2024-10-09,ye_lin2,필터 넘 잘어울리세룤ㅋㅋㅋㅋㅋㅋ,2024-10-09
2237,ddimmi96_2024-10-09,e_xe13,언니 보정 한 거랑 안 한거랑 차이 별로 없는데?,2024-10-09
2238,ddimmi96_2024-10-09,k.ysm11,필터 하신거랑 안하신거랑 똑같으신데요..?😂,2024-10-09
2239,ddimmi96_2024-10-09,p._.hjko,너무 많자나여,2024-10-11
2240,ddimmi96_2024-10-09,ddimmi96,띰띰이들 제가 먹어봤으면 하는 신기한 중국 디저트 있으면 말해줘!!!❤❤❤,2024-10-09
2241,ddimmi96_2024-10-09,ji_yug7,필터ㅋㅋ,2024-10-11
2242,ddimmi96_2024-10-09,yu._.na1012,언니 그 약간 아이유님 닮았다,2024-10-13
2243,ddimmi96_2024-10-09,1124ovos2,크림 약간 휘핑 더 해야할것같아요 약간 쫀쫀하게,2024-10-11
2244,ddimmi96_2024-10-09,korea_hanbokmodel_sharon,중국사람들 얼음먹방도 제 알고리즘을 장악했어요 ㅋㅋ 특히 녹색가루 같은??거 넣어서 만든 얼음 ㅋㅋㅋ 궁금해요,2024-10-09
2245,ddimmi96_2024-10-09,ouwak,저거 배속이에용,2024-10-10
2246,ddimmi96_2024-10-09,dog._kty,중국 배속한겁니다 🥵,2024-10-09
2247,ddimmi96_2024-10-09,kkong_ji,케이크가 빨려들어갘ㅋㅋㅋㅋ는겈ㅋㅋㅋㅋㅋㅋㅋㅋㅋㅋㅋㅋㅋㅋ,2024-10-09
2248,ddimmi96_2024-10-09,an8686,@bong.hj ㅋㄱㅋㅋㄱ 필터,2024-10-17
2249,ddimmi96_2024-10-09,i_su.yeong.14,43초전 1빠! 띠미님 예뻐요,2024-10-09
2250,ddimmi96_2024-10-09,ja.ng3038,2빠,2024-10-09
2251,ddimmi96_2024-10-09,bo_ra_leeo3o,중국유투버랑 먹는합방해도 재밋겠당🙌,2024-10-09
2252,ddimmi96_2024-10-09,naeunu,필터랑 실제얼굴이랑 뭐가 다름?,2024-10-09
2253,ddimmi96_2024-10-09,yeojyeong1117,필터때매 케이크가 꺽여요ㅋㅋㅋ,2024-10-09
2254,ddimmi96_2024-10-09,___j_inny__,필터 체험 ㅋㅋㅋㅋㅋㅋㅋㅋㅋㅋㅋ,2024-10-09
2255,ddimmi96_2024-10-09,haniyulallal,언니이뻐여,2024-10-09
2256,ddimmi96_2024-10-09,tofhaltofhal,"와ㅡ실제로 재현해보시다니😍 중국가서 먹방 기대할게요~! 케이크류,수건케이크? 등등 많이 궁금해요~!",2024-10-09
2257,ddimmi96_2024-10-09,hey._.rim1115,보정 하신거 맞죠? 똑같은데ㅎ,2024-10-10
2258,ddimmi96_2024-10-09,lx.n1a,제 친구가 옆에서 배속이라고 난리쳐요,2024-10-10
2259,ddimmi96_2024-10-09,twinstsniwt,보정한게 집중력이좋아지네요 매직아이,2024-10-11
2260,ddimmi96_2024-10-09,butter_zip,아니 마지막 필터ㅋㅋㅋㅋㅋㅋㅋㅋㅋㅋㅋㅋㅋㅋㅋㅋ,2024-10-11
2261,ddimmi96_2024-10-09,jangwoo.__nuna,ㅋㅋㅋㅋㅋㅋㅋㅋㅋㅋㅋㅋㅋㅇ ㅏ ㅠㅠㅠㅠㅠㅠㅠㅠㅠ @mmmmmmiiiiill,2024-10-11
2262,ddimmi96_2024-10-09,_pipi.59,@h._.yao @jung_e__,2024-10-11
2263,ddimmi96_2024-10-09,x1mzin._,빨리 먹는게 아니라 배속임,2024-10-12
2264,ddimmi96_2024-10-09,_chicharm,필텈ㅋㅋㅋㅋㅋㅋ,2024-10-12
2265,ddimmi96_2024-10-09,j.____.unseong,이유1.흘러서,2024-10-13
2266,ddimmi96_2024-10-09,"2.쫓기고 있어서
3. 도둑이 들어와서
4.도둑인걸 들켜서
5.도둑을 발견해서
6.사채업자가 문앞에 있어서
leewootae01",존나 맛있게 생겼네 근데,2024-10-13
2267,ddimmi96_2024-10-09,2kyum2,@skyparkkk ㅋㅋㅋ개웃기넹,2024-10-13
2268,ddimmi96_2024-10-09,kkoyunji,어떤 필터인가요? 공유 부탁드려요🔥,2024-10-13
2269,ddimmi96_2024-10-09,jkhgv8frj,띠미님 안티방 있어요!,2024-10-13
2270,ddimmi96_2024-10-09,z1n.ahe0n,언니 그냥 이뻐요ᩚ 👏👏👏,2024-10-13
2271,ddimmi96_2024-10-09,cx.yz_,개이쁘네,2024-10-14
2272,ddimmi96_2024-10-09,seoyoon121014,좀더 생크림을 치면 좀 들 흘러 내리고 버블도 위에 떠있지 않을까욤???😍,2024-10-17
2273,ddimmi96_2024-10-09,rrhh_sid,웨이보인가? 중국 sns는 아주 짧은 영상밖에 못올려서 배속하고 빨리 먹는거라 하던데요 !,2024-10-18
2274,ddimmi96_2024-10-09,miseong0328,ㅋ,2024-10-18
2275,ddimmi96_2024-10-09,heejae1127,ㅋㅋㅋㅋㅋㅋㅋㅋㅋㅋㅋ 급하게 먹는 이유도 알았닼ㅋㅋㅋㅋㅋㅋ,2024-10-25
2276,ddimmi96_2024-10-09,korewasubnanosa,ケーキが歪んでる,2024-11-06
2277,ddimmi96_2024-10-09,gumibaeeo,본모습이 더이뻐용❤️😍,2024-11-09
2278,ddimmi96_2024-10-09,chaeyulu_0512,필텀 넘 어울려 언닠ㄱㄱㅋㄱㅋㄱㄱㅋㄱㅋㄱㄱㅋ,2024-11-20
2279,ddimmi96_2024-10-09,taeng___v,아 개웃기네 ㅋㅋㅋㅋㅋㅋㅋ,2025-01-13
2280,ddimmi96_2024-10-04,ddimmi96,솔직히 비슷하죠!!! 인정하면 영상 좋아요😎👍🏻,2024-10-04
2281,ddimmi96_2024-10-04,o6.ux7,너무 맛잇어보인다❤️,2024-10-04
2282,ddimmi96_2024-10-04,hej._.0125,맛있겠구만유,2024-10-04
2283,ddimmi96_2024-10-04,hy._x14,퀄리티가 대박 이라눙..❤️,2024-10-06
2284,ddimmi96_2024-10-04,jjinjin13,❤️,2024-10-04
2285,ddimmi96_2024-10-04,u30_of_storm,맛있는 캐비어ㅋㅋㅋ,2024-10-04
2286,ddimmi96_2024-10-04,dog._kty,역시 띠미언니야,2024-10-04
2287,ddimmi96_2024-10-04,_joyuni_,요즘 다이소에서 품절땜에 구하기 힘든 껍질째먹는 모찌도 먹어주세요!🥹,2024-10-11
2288,ddimmi96_2024-10-04,jxnuz_7,저도 주세요,2025-01-31
2289,ddimmi96_2024-10-04,11_.lzldks,캐비어를 왜 철로 먹음?,2024-10-21
2290,ddimmi96_2024-10-04,jjinjin13,1빠,2024-10-04
2291,ddimmi96_2024-10-04,joon.kb0,일반인: 음맛있겠다 흑백 심사: 탈락입니다.,2025-01-19
2292,ddimmi96_2024-10-04,mango48252,흑백요리사의 히밥 나왔어요?,2025-03-07
2293,ddimmi96_2024-10-04,hotsy1234,입술 립 정보 주세요 ❤️❤️❤️,2024-10-14
2294,ddimmi96_2024-10-02,ddimmi96,납작당면ㅋㅋㅋㅋㅋㅋㅋㅋㅋㅋㅋㅋㅋㅋㅋㅋㅋㅋㅋㅋㅋㅋㅋㅋㅋㅋㅋㅋㅋㅋㅋㅋ,2024-10-02
2295,ddimmi96_2024-10-02,"내가 한건데 왜이렇게 웃기냐!!!!
sooom___ni",똥망이네요 ❤️😍🔥👏,2024-10-02
2296,ddimmi96_2024-10-02,chef_jisunjoung,👏👏👏👏👏👏👏👏,2024-10-05
2297,ddimmi96_2024-10-02,wwwnnsss,이런 바쓰 안먹바쓰🙅‍♂️🙅‍♂️🙅‍♂️🙅🏻🙅🏻🙅🏻,2024-10-02
2298,ddimmi96_2024-10-02,yebom_jeon,언ㄴㅣ. 억 오움?우옶 왁 오옥 이게 빠졌자나 !!!,2024-10-02
2299,ddimmi96_2024-10-02,nado_odo,어디가 뭘 해보라는거야… 납작당면을….🙄,2024-10-02
2300,ddimmi96_2024-10-02,s6.hee,이소말트라고 대채당인 설탕이 있는데 그걸로하면 더 잘되여,2024-10-03
2301,ddimmi96_2024-10-02,lee_young914,온니 띠미의 이상한 떡공장 언제 나와여ㅓㅓ,2024-10-03
2302,ddimmi96_2024-10-02,hxerz_n,42주좋아요 65개답글 달기,2024-10-02
2303,ddimmi96_2024-10-02,yunkieek,구멍이 있어야하지 않나?,2024-10-06
2304,ddimmi96_2024-10-02,song14._,42주답글 달기,2024-10-02
2305,ddimmi96_2024-10-02,uouv330,42주좋아요 1개답글 달기,2024-10-03
2306,ddimmi96_2024-10-02,id_4681,빠스는 설탕 녹일때 물을 넣지 않아요 기름살작 넣고 설탕을 잘 녹이는거지요 다시 해보세요 그냥 팬에서 떨어지게 해보세요,2024-10-02
2307,ddimmi96_2024-10-02,zi_han0.06,만드는거보다 치우는게 힘들지 않을까싶긴한데,2024-10-02
2308,ddimmi96_2024-10-02,thank___u_,@macho0228,2024-10-03
2309,ddimmi96_2024-09-29,johui1027,소금불판에 마쉬멜로구워주세요,2025-02-14
2310,ddimmi96_2024-09-29,90.21g,밥 구어먹으며는 맛있는데 아니면 소금 뿌려 먹어도 맛있어욥,2024-10-12
2311,ddimmi96_2024-09-29,ddodddori,일본어하는줄ㅋㅋㅋ,2024-10-02
2312,ddimmi96_2024-09-29,jih0_0905,다른거 몰라도 소금빵은 이미 다른 사람이 함,2024-10-01
2313,ddimmi96_2024-09-29,seri.yang_e,ㅇ??가평이요?? 거기 내가 살던 곳인데??,2024-09-29
2314,ddimmi96_2024-09-29,bagyebin731,맛있겠다,2024-09-29
2315,ddimmi96_2024-09-29,jiwxo_1,왕,2024-09-29
2316,ddimmi96_2024-09-29,apictory,저거 긁어내서 쓰시면되요. 제이제이님 하시는거봤어요,2024-09-29
2317,ddimmi96_2024-09-29,ddimmi96,"수영하고 넘 배고파서 머리를 못말리고 촬영했어요🫨
씻고 바로해서 두피가 넘 적나라하게 보이네
미안해용😱",2024-09-29
2318,ddimmi96_2024-09-28,ain486486,18주답글 달기,2025-03-22
2319,ddimmi96_2024-09-28,koala.380567,존맛태미겄다,2025-02-23
2320,ddimmi96_2024-09-28,xs_ms12,비빔밥 먹고있었는뎈ㅋㅋ,2025-02-09
2321,ddimmi96_2024-09-28,s_eoyeon254120,37주답글 달기,2024-11-09
2322,ddimmi96_2024-09-28,cong_ran,42주답글 달기,2024-10-07
2323,ddimmi96_2024-09-28,isoyun24,42주답글 달기,2024-10-04
2324,ddimmi96_2024-09-28,12o.ung,계란후라이 젤리 어디서 팔아용?,2024-10-04
2325,ddimmi96_2024-09-28,x._.unz,Bㅣ Bㅣ,2024-10-01
2326,ddimmi96_2024-09-28,". ㅁ
mm_nimjj",43주답글 달기,2024-09-29
2327,ddimmi96_2024-09-28,hongseogjun72,요아정,2024-09-29
2328,ddimmi96_2024-09-28,gimminjun4599,43주답글 달기,2024-09-29
2329,ddimmi96_2024-09-28,you3697544,띠빔 전하 납시오 ~ 😮,2024-09-29
2330,ddimmi96_2024-09-28,_2kxan,43주좋아요 63개답글 달기,2024-09-29
2331,ddimmi96_2024-09-28,hyeogje_13_1003,이거 식감 재밌네,2024-09-28
2332,ddimmi96_2024-09-28,k1o._xw,BlBㅣbㅣ빔,2024-09-28
2333,ddimmi96_2024-09-28,yeojyeong1117,..맛있겠다..,2024-09-28
2334,ddimmi96_2024-09-28,ch._ax,2빠,2024-09-28
2335,ddimmi96_2024-09-28,jiwoo_3499,계란후라이 비주얼 대박,2024-09-28
2336,ddimmi96_2024-09-27,uouv330,대박 나도 가서 먹고싶어요😢,2024-11-15
2337,ddimmi96_2024-09-27,siavales,앞치마 너무 예뻐요ㅠㅠ 혹시 정보 알수있을까요ㅠㅠ,2024-09-29
2338,ddimmi96_2024-09-27,the__scoop,빨간색이 너무 잘 어울리네 우리띠미,2024-09-29
2339,ddimmi96_2024-09-27,sinyul91,겁나 부럽다ㅠㅠㅜ,2024-09-28
2340,ddimmi96_2024-09-27,tory_0821,❤️❤️❤️,2024-09-27
2341,ddimmi96_2024-09-27,_jiyun_04.11_yun,왕 맛있어보인당🤤,2024-09-27
2342,ddimmi96_2024-09-27,kellyfornia_c,오늘 저녁은 떡볶이다…🔥,2024-09-27
2343,ddimmi96_2024-09-27,uni_genny,기대가 됩니당❤️😍,2024-09-27
2344,ddimmi96_2024-09-27,jjinjin13,우와ㅏㅏ,2024-09-27
2345,ddimmi96_2024-09-27,heeyomagram,아나 돌준맘인데 띠뽀끼 안사고못배길듯 어쩔거야,2024-09-27
2346,ddimmi96_2024-09-27,ddimmi96,"이 날 엄청 많은 띰띰이들이 와주셨어요!!
저희 부스가 가장 많았대요😱
띰띰이들 파워에 얼마나 감동적이였는지 몰라요!!!😭❤️
와주신 만큼 띠뽀끼 맛있게 해드려서 꼭 드리고팠는데 그러지못해서 참 아쉽고 넘 죄송스러웠어요😢
여러분!! 띠뽀끼 10월중으로 인터넷에 출시돼요‼️
그때 꼭 레시피대로 드셔보세요
그때 맛보신거에 몇배는 더 맛나고
제가 왜 아쉬워했는지 아실꺼에요!
그래도 맛있어해주셔서 김사해요😍",2024-09-27
2347,ddimmi96_2024-09-24,hy._x14,생일 추카포카 해용❤️,2024-10-26
2348,ddimmi96_2024-09-24,se823_0,생일추카래여ㅕㅕㅕ💛,2024-10-14
2349,ddimmi96_2024-09-24,gimsoyun3990,띠미님!! 생일진심으로 축하드려요!!🔥,2024-10-05
2350,ddimmi96_2024-09-24,ddimmi96,설리당 샤인머스켓 주문폭주로,2024-10-03
2351,ddimmi96_2024-09-24,"‼️설리당에서 10/3 ~ 10/17일까지 2주간 이벤트기간을 연장했어요 😱‼️
3수 2kg 박스
25,500원 👉🏻23,000원 (리뷰이벤트 사과🍎)
.
재주문율 높은 설리당 샤머 올해 더욱 달콤해졌어요!
(너무 단건 솜사탕맛나요💗)
백화점 품질 퀄리티✨
당일 수확 당일배송✨
평균 18~22브릭스✨
(최대 24브릭스)✨
풍부한 과육 + 진한 달콤함 알이 당도로 꽉 참✨
.
백화점꺼보다 훨 맛있고 정말 예뻐요🥹
백화점 퀄리티에 가격은 합리적인 과일 맛집이니
이번 2차 특가로 아직 안드셔보신 분들 꼭 드셔보세요 꼭❤️❤️
드셔보시면 제가 무슨말하는지 아실거예요
재주문 하신 분들도 많고 띰띰이들 리뷰보고
좋은 상품을 띰띰이들과 공유했다는 생각에 행복해하고 뿌듯합니다😍
저 믿고 구매해주셔서 감사하고
진짜 다들 맛나게 드셔주셔서 감사해요!!!
.
💛띠미 tip💛
평균 22브릭스대라 안그래도 엄청 단데
며칠 더 냅두다 먹으면 더 달아져서 솜사탕 같음🍭 특가일 때 많이 쟁여두세요‼️
jjangbira",띠미님 생일 축하해요🥳,2024-10-01
2352,ddimmi96_2024-09-24,werla7731,이거 닮은거 저 현대백화점에 있는거 봄 ㅋㅋ,2024-09-28
2353,ddimmi96_2024-09-24,naring_dasom,띠미님 생일축하 드려요👏,2024-09-26
2354,ddimmi96_2024-09-24,ehdus_0412,띠미언니 생일축하 드려요!🙌🙌🔥🔥😍,2024-09-26
2355,ddimmi96_2024-09-24,yuyag68,생일축하드려용❤️❤️❤️,2024-09-25
2356,ddimmi96_2024-09-24,se0._.y1u,저도 오늘 생일이예요!,2024-09-24
2357,ddimmi96_2024-09-24,bongsuah,혹시 9월 24일 맞나요,2024-09-24
2358,ddimmi96_2024-09-24,m2_nj2,아늬ㅠ 언니정도면 성심당에서 제품제공 해줘야되는거ㅠ아니야? 화나 진짜 나.,2024-09-24
2359,ddimmi96_2024-09-24,kellyfornia_c,띠미님 생일 축하해요😍,2024-09-24
2360,ddimmi96_2024-09-24,carat_dino10,생일 축하드립니다ㅏㅏㅏㅏㅏ,2024-09-24
2361,ddimmi96_2024-09-24,_sujin_2013,생일 축하해요 하츄!❤️❤️❤️👏👏👏👏👏😍😍😍😍,2024-09-24
2362,ddimmi96_2024-09-24,happy_seon_you_v_,생일축하해요👏👏,2024-09-24
2363,ddimmi96_2024-09-24,black_lemon0326,생일 축하드려요!!👏👏🥳🥳🎉🎉🎉,2024-09-24
2364,ddimmi96_2024-09-24,ixmlan,아 글고 설리당 샤인머스켓 진짜 개마싯서요 꼭 사서 드셔보세요 제발 태어나서 먹은 샤인머스켓 중에 아 이게 샤인이지... 라고 생각한 맛,2024-09-24
2365,ddimmi96_2024-09-24,ixmlan,울 띠미의 20번째 생일을 축하합니다 ♡,2024-09-24
2366,ddimmi96_2024-09-24,yh.zj6,생일축하드려요❤️❤️,2024-09-24
2367,ddimmi96_2024-09-24,u30_of_storm,생일축하드려요ㅎㅎ,2024-09-24
2368,ddimmi96_2024-09-24,85h_jeong,생일축하해요🎉 저도 오늘 생일이네요~ 오늘도 행복한 하루보내셔요~😊,2024-09-24
2369,ddimmi96_2024-09-20,arar_9466,이거지에스 에있었요.,2024-12-22
2370,ddimmi96_2024-09-20,joondell417428,약간 고체 젤리같다,2024-10-28
2371,ddimmi96_2024-09-20,hy._x14,저거랑 비슷한 젤리 한국에서 팔아용 저것보다 더 맜있어용🙌🙌,2024-10-26
2372,ddimmi96_2024-09-20,taerin1252,나 이거 먹어봤는데 한국에서😍,2024-09-24
2373,ddimmi96_2024-09-20,_y.wo_o,4빠 신기하게 생긴 캔디다 ㅋㅋ,2024-09-22
2374,ddimmi96_2024-09-20,mocchi_kim_,맛싯깼다,2024-09-21
2375,ddimmi96_2024-09-20,seojaeduk,회 식감인 물고기 캔디 ㅋㅋㅋㅋㅌ,2024-09-20
2376,ddimmi96_2024-09-19,lee.__.yul,저 이제 다이어트 하려했다구요..,2024-10-09
2377,ddimmi96_2024-09-19,nueeahcgnay,@berryzzin 이거 나오면 울집에서 해먹자.. 어때..?,2024-10-09
2378,ddimmi96_2024-09-19,lee_99878,이런 말 죄송한데요 너무 예쁘세요 먹는것도 잘하시고 어렸을때 머랭쿠키 먹방 많이 봤어요!!,2024-10-08
2379,ddimmi96_2024-09-19,cool0026,진짜 이런 옛날 떡볶이 비주얼 엄청 오랜만에 보네요ㅜㅜ꼭 사먹어 봐야지,2024-09-30
2380,ddimmi96_2024-09-19,rhkr._.dmstl,먹어는대 존맛탱.ㅜㅜㅜ,2024-09-26
2381,ddimmi96_2024-09-19,werla7731,저거 신전 아니여,2024-09-25
2382,ddimmi96_2024-09-19,jjiwoo_0524,나중에 로제떡볶이도 준비해 주세요❤️🔥,2024-09-21
2383,ddimmi96_2024-09-19,yellowskyj,가수분들 콘서트말고 팬밋업 부스만 보러갈거면 티켓팅 안해도 되는거죠?ㅎ😍,2024-09-20
2384,ddimmi96_2024-09-19,55eo_a,우왕!!,2024-09-20
2385,ddimmi96_2024-09-19,mad_entp,와 미쳤닼ㅋㅋㅋㅋㅋㅋㅋ대박나라,2024-09-20
2386,ddimmi96_2024-09-19,kellyfornia_c,우와아아❤️,2024-09-20
2387,ddimmi96_2024-09-19,sal0413,아 모야.. 가고 싶은데 망할 반댄스 연습..,2024-09-19
2388,ddimmi96_2024-09-19,blue_3060,크~ ~나오면 당장시켜!!!!!❤️,2024-09-19
2389,ddimmi96_2024-09-19,mukstar_md,크으응🥰,2024-09-19
2390,ddimmi96_2024-09-19,pairy__,맛있겠당 ㅜㅜㅜㅜㅜㅜㅜ,2024-09-19
2391,ddimmi96_2024-09-19,ddimmi96,"💖띠미 팬미팅 공지💖
제가 곧 출시하는💥띠뽀끼💥무료시식회를 열어요
행사 일시: 9. 22.(일) 오후 3시 ~ 6시
행사 장소: 난지한강공원 젊음의광장 띠미부스
❗️신청 링크는 없고 그냥 오시면 됩니다
많이들 와주실꺼죠?🥹
제가 띠뽀기 아줌마가 돼서 띰띰이들 다 기다리고 있을게요!!!❤️",2024-09-19
2392,ddimmi96_2024-09-15,ilsanyum,이거는 어디서 팔아요??,2024-09-24
2393,ddimmi96_2024-09-15,__sso._.yeon_,@kyongho_,2024-09-20
2394,ddimmi96_2024-09-15,hyejinzo,이거 에어프라이어에 구워먹으면 존맛임 ㅠㅠ제발 그냥 먿지마셈 ㅠ,2024-09-18
2395,ddimmi96_2024-09-15,uouv330,소리 너무 좋잖아👏,2024-09-16
2396,ddimmi96_2024-09-15,mukstar_md,아 무슨 맛인 지 알 것 같아영ㅋㅋ즐추되세용❤️❤️,2024-09-16
2397,ddimmi96_2024-09-15,sujin293,오~이거 먹어보고싶당.,2024-09-16
2398,ddimmi96_2024-09-15,ye.s1280,언닝 언니만의 떡볶이 만드러줘!🔥글고 살쪄도 그냥 이뽀 빛이야 빛❤️ 화이팅하구 명절잘보내😍👏👏,2024-09-15
2399,ddimmi96_2024-09-15,pri.__ncess0,맜있겠다,2024-09-15
2400,ddimmi96_2024-09-15,havely__v,맛있게따,2024-09-15
2401,ddimmi96_2024-09-15,ddimmi96,띰띰이들 즐거운 추석연휴 되세용 🥳,2024-09-15
2402,ddimmi96_2024-09-15,"맛난거 왕창 먹자❤️❤️❤️
다이어트는 몰라~~~~ ˃̵͈̑ᴗ˂̵͈̑ ‼️
yebin_h_h",와 언니 넘 예뻐 ❤️,2024-09-15
2403,ddimmi96_2024-09-14,you_wln,이사람 이상해..,2024-11-12
2404,ddimmi96_2024-09-14,vldzmajfl10,왜 저러냐,2024-11-05
2405,ddimmi96_2024-09-14,j_w.seo,왜 이거 사는사람마다 다 처깨져있노,2024-11-05
2406,ddimmi96_2024-09-14,ohsumin.kevin,우와!,2024-11-04
2407,ddimmi96_2024-09-14,zixuon__,다들 저 쪽이 한번씩 깨지네용..,2024-11-03
2408,ddimmi96_2024-09-14,harumochann,수박 스테이크 재뉴행 가나? ㅋㅋ,2024-11-02
2409,ddimmi96_2024-09-14,altarymoo,이거 설거지하면 다 녹아없어지는 일회용 불판이잖아여😂😂,2024-09-20
2410,ddimmi96_2024-09-14,sinyeeun438,어디서구입해요?,2024-09-16
2411,ddimmi96_2024-09-14,young_min09,45주좋아요 1개답글 달기,2024-09-16
2412,ddimmi96_2024-09-14,2_wonwoo_,이제 요아정에 이어 소금불판..,2024-09-16
2413,ddimmi96_2024-09-14,hyokksz,@zxngnx_ 싴ㅋㅋㅋㅋㅋㅋ아 너무 웃김,2024-09-16
2414,ddimmi96_2024-09-14,dhgusdk6718,ㄴㅌ,2024-09-16
2415,ddimmi96_2024-09-14,obyn0x,그래서 사용법이 두꺼운 고기 구울때 쓰라하죠 ㅎㅎ,2024-09-15
2416,ddimmi96_2024-09-14,90.21g,오이 구어먹이면 맛있는데(짤때),2024-09-15
2417,ddimmi96_2024-09-14,_jjey00n,뱉은거 저 주세요 제가 처리할게요,2024-09-15
2418,ddimmi96_2024-09-14,g.xen7,베이컨이 아니라 베이글아냐?ㅋㅋㅋ,2024-09-15
2419,ddimmi96_2024-09-14,tlsalswjd3000,집에있는거다구워먹을거같은데요 ㅋ,2024-09-15
2420,ddimmi96_2024-09-14,carat_dino10,즐거운 한가위 되세요,2024-09-15
2421,ddimmi96_2024-09-14,kimsolbin20,물고기 구어주세요!,2024-09-15
2422,ddimmi96_2024-09-14,kim_sodam0.0,박사세요? 쩝쩝박사,2024-09-15
2423,ddimmi96_2024-09-14,jjh_0127_,너믄 귀여워요❤️,2024-09-14
2424,ddimmi96_2024-09-14,0586.____7777,"🇺🇿 озбеклар будни мол,койларга берадии 😂😂😂😂",2024-09-14
2425,ddimmi96_2024-09-14,apictory,새우소금구이하면 딱이네요,2024-09-14
2426,ddimmi96_2024-09-14,qweasd_dfg,수박 소금에 찍어 먹으면 맛있는대,2024-09-14
2427,ddimmi96_2024-09-14,na_sy.312,추석잘보내세요,2024-09-14
2428,ddimmi96_2024-09-14,queen.28321,Maybe they are causing a cancer,2024-09-14
2429,ddimmi96_2024-09-14,umeun,새우. 구워주세요 ㅋ,2024-09-14
2430,ddimmi96_2024-09-14,aolpzbreezelunasunflower,❤️❤️,2024-09-14
2431,ddimmi96_2024-09-14,r_hpjabb2004,그냥 고정해쥬세요 뉴나,2024-09-14
2432,ddimmi96_2024-09-14,ddimmi96,"띰띰이들 오늘 영상 입술이 쪼큼 어색하게 느껴질수있는데욤😶
제가 옛날에 입술필러를 했는데 언젠가부터 피곤하고 면역력 낮아지면 막 좀 부풀고 그러더라구요?!(좋은거같기도하고..ㅋ)
혹시나 보기 불편하실까봐 미리 말해두어요!
지금은 괜찮아졌어요!!!!!❤",2024-09-14
2433,ddimmi96_2024-09-13,lee.sky707,어머나다 ㅋㅋㅋㅋㅋㅋㅋㅋㅋ😂,2024-09-16
2434,ddimmi96_2024-09-13,seojaeduk,무화과 디저트 모음 1~2탄 통합🙂,2024-09-13
2435,ddimmi96_2024-09-13,jiyo._.13,무화가 맜있겠다 엉니ㅣ😍,2024-09-13
2436,ddimmi96_2024-09-13,hyeon.jeong_1234,4빠,2024-09-13
2437,ddimmi96_2024-09-13,jeongsangin8,맛있겠다,2024-09-13
2438,ddimmi96_2024-09-13,ahzkdml_gkfn,저희집에 무화과키우고 있는데 보내드리고싶네요,2024-09-13
2439,ddimmi96_2024-09-13,a_eun_.0_,웅니 짱 이다,2024-09-13
2440,ddimmi96_2024-09-13,ddimmi96,"(재업)
정보💥
무화과 샌드: feelyo (동대문구 이문동)
무화과 케이크: 스토어드커피 (중랑구 묵동)
무화과푸딩: 컴플리트커피 (이문동)
무화과파블로바: 필릿 (상봉동)
무화과타르트: 코스트코",2024-09-13
2441,ddimmi96_2024-09-11,y20.w0o_13,이제 로제ㄱ??,2025-03-08
2442,ddimmi96_2024-09-11,ohsangmin1010,ㅈㄹ,2025-03-08
2443,ddimmi96_2024-09-11,mango48252,우리 언니가 이렇게 까지 하는데좀 광고좀 줘라,2025-03-07
2444,ddimmi96_2024-09-11,tae._.woo_0905,나중에 팥죽에 펄을 넣을거 같은건 기분탓인가요,2025-03-02
2445,ddimmi96_2024-09-11,yun_ppu,마라떡볶이 가즈아 아님 스텔라 떡볶이,2025-02-24
2446,ddimmi96_2024-09-11,zkx010.55518737,로제 펄볶이 렛츠고,2025-02-22
2447,ddimmi96_2024-09-11,ihaeun2868,콜팝그릇 부럽네..?,2025-02-20
2448,ddimmi96_2024-09-11,su._.ittttt,식초도 둘러주세요..ㅠㅠ,2025-02-17
2449,ddimmi96_2024-09-11,zz_45_tour,@gongcha_korea,2025-02-06
2450,ddimmi96_2024-09-11,ys_yuki16,로제펄볶이해줘요😢언니🙌,2025-02-01
2451,ddimmi96_2024-09-11,yunjin_1393,펄마라탕,2025-01-31
2452,ddimmi96_2024-09-11,tinniping_dubb8ng_team,@gongcha_korea,2025-01-25
2453,ddimmi96_2024-09-11,0.111.8,언니 립 정보 궁금해요!!,2025-01-19
2454,ddimmi96_2024-09-11,eeede7774,밤에 보는데 군침이 싹~ 도넵😢😢😢😢😢,2025-01-04
2455,ddimmi96_2024-09-11,01seoye_on,카레도 해주세여!!,2024-12-27
2456,ddimmi96_2024-09-11,yyunh_13127,저러다가 구멍에 노른자랑 펄이 들어가면...,2024-12-22
2457,ddimmi96_2024-09-11,puzal_tv,해봄 이랑 목소리가?,2024-12-10
2458,ddimmi96_2024-09-11,2013.__._,"나중에 마라 펄볶이,두바이 펄볶이,로제 펄볶이 나올듯",2024-12-03
2459,ddimmi96_2024-09-11,_gxx0ngzzu,마라 아니면 로제 ㅋ,2024-12-01
2460,ddimmi96_2024-09-11,a._young4,언니 마라로제 펄볶이 만드러줘!!,2024-11-28
2461,ddimmi96_2024-09-11,lynnc10.03,이제 크림 ㄱㄱ,2024-09-23
2462,ddimmi96_2024-09-11,theycallmelisa_1208,그러다 카레도 나오는거 아님?ㅋㅋㅋㅋㅋ,2024-09-21
2463,ddimmi96_2024-09-11,yx0n.sx_,라면이 아직 안나오다니..,2024-09-19
2464,ddimmi96_2024-09-11,sx_.ah12,이러다 로제펄볶이도 나오겠네 ㅋㅋ,2024-09-18
2465,ddimmi96_2024-09-11,leesangin,짬뽕 펄볶이 해주세요,2024-09-17
2466,ddimmi96_2024-09-11,leegayul.79,로제 펄볶이 앞서가죠 (이미 나왔나?),2024-09-17
2467,ddimmi96_2024-09-11,j1i.ho,짬뽕 가자,2024-09-15
2468,ddimmi96_2024-09-11,gimyeseul6619,이러다가 마라 펄볶이까지 나오겠다..,2024-09-14
2469,ddimmi96_2024-09-11,gimdohyeon3880,불닭볶음 벌볶이해주세요,2024-09-14
2470,ddimmi96_2024-09-11,aileeu_n,크림일까 로제일까,2024-09-12
2471,ddimmi96_2024-09-11,uouv330,간짜장 맛있겠다,2024-09-12
2472,ddimmi96_2024-09-11,g.fam_park_ga_youn,나왔어요!!!!,2024-09-11
2473,ddimmi96_2024-09-11,kpwpjaln,로제 나왓음 조켓다..❤️😢,2024-09-11
2474,ddimmi96_2024-09-11,hy._x14,공차에서 연락올듯ㅋㅋㅋ❤️,2024-09-11
2475,ddimmi96_2024-09-11,mukstar_md,띠미님이 팔아주세영❤️ㅎㅎ,2024-09-11
2476,ddimmi96_2024-09-11,hye.xo13,만들기 솜씨가 뛰어나👏,2024-09-11
2477,ddimmi96_2024-09-11,uni_genny,침고인다..🤤,2024-09-11
2478,ddimmi96_2024-09-11,xin______xx___,미쳐따...,2024-09-11
2479,ddimmi96_2024-09-11,seojaeduk,"간짜장 펄볶이,,,🤤",2024-09-11
2480,ddimmi96_2024-09-11,hsh._.0903,언니 넘기여워❤️,2024-09-11
2481,ddimmi96_2024-09-11,ddimmi96,"영상에서 하는말은 재미로 봐주기🥹🫶🏻
공차 사랑해요❤️",2024-09-11
2482,ddimmi96_2024-09-08,gangduweon85,🤎🤎🤎,2024-09-12
2483,ddimmi96_2024-09-08,uouv330,역시 사먹어야되는군요🔥,2024-09-10
2484,ddimmi96_2024-09-08,puongflow,맛있는😍,2024-09-09
2485,ddimmi96_2024-09-08,do__ha08,The new trend after Dubai chocolate 🙂🤭🤭,2024-09-09
2486,ddimmi96_2024-09-08,gyeongmin783,마쉬멜로우 노브랜드가면 팔던데ㅎㅎㅎㅎ,2024-09-08
2487,ddimmi96_2024-09-08,u30_of_storm,"이게 마, 윾튜브 8년차 소령의 실력이다ㅎㅎ 모두 긴장하는 소리가 여기까지 들리네요ㅋㅋㅋ",2024-09-08
2488,ddimmi96_2024-09-08,xin______xx___,마시멜로우가 문제였네... 언니는 잘못 없어요😆😆,2024-09-08
2489,ddimmi96_2024-09-08,13._.sol,😋,2024-09-08
2490,ddimmi96_2024-09-08,1558mm,ㅋㅋㅋㅋㅋㅋㅋ팬 8년찬데 저럴줄 알앗다요🤣🤣🤣,2024-09-08
2491,ddimmi96_2024-09-08,mukstar_md,ㅋㅋ사먹을게요❤️❤️,2024-09-08
2492,ddimmi96_2024-09-08,ddimmi96,마지막까지 꼭 시청해주세요....‼️,2024-09-08
2493,ddimmi96_2024-09-08,lllys0827ll,(나1빠당)근데돈이많이있나보당,2024-09-08
2494,ddimmi96_2024-09-01,wmwmeowm,현란한 원피스가 찰떡….👍❤️💜💛💙🧡💚,2024-09-09
2495,ddimmi96_2024-09-01,dbdudska111,이거 태국가서 먹었는데 존맛탱.,2024-09-06
2496,ddimmi96_2024-09-01,e.x.jay,오래간만에 띠미 보니 외모가 확 달라지셨네 !,2024-09-05
2497,ddimmi96_2024-09-01,"텐션은 그대로 ㅋㅋㅋㅋ
serenayul12",소리 안키고 보다가 내하루가 얼공한줄..😂,2024-09-04
2498,ddimmi96_2024-09-01,kmx.ij,왜이렇게 화가 나셨어요,2024-09-03
2499,ddimmi96_2024-09-01,sungi532,온니 저 태국 방콕 사는뎁 우리집 놀러오실레요…?ㅋㅋ(어차피 안됄거지만),2024-09-02
2500,ddimmi96_2024-09-01,promiser.baby,갑자기 생각난건데 어느나라에도 이런 요아정 비슷한건 다 있는듯요🤣말레이시아 유학중인데 여기도 야오야오라고 한국요아정보다 훨씬 맛있어요ㅋㅋㅋ 엄청싸고 토핑도 종류 훨 많음,2024-09-02
2501,ddimmi96_2024-09-01,kimthx_x09,저기 피스타치오 토핑이 개지림,2024-09-02
2502,ddimmi96_2024-09-01,sdj0224.13,하루님인줄 ㅋㅋ,2024-09-02
2503,ddimmi96_2024-09-01,nm_s137,타르,2024-09-02
2504,ddimmi96_2024-09-01,a_esum,빨간 개구리알은 팝핑보바🤣,2024-09-02
2505,ddimmi96_2024-09-01,sekoxxg1_,어디있는걸까여?,2024-09-01
2506,ddimmi96_2024-09-01,yxcloie,미국은 덩많음,2024-09-01
2507,ddimmi96_2024-09-01,leeravely,너 목 안쉬었냐?????!!!,2024-09-01
2508,ddimmi96_2024-09-01,geumhee1012,너뮤 기여워ㅋㅋㅋㅋㅋㅋ🤣💖,2024-09-01
2509,ddimmi96_2024-09-01,hiharu_22,ㅋㅋㅋㅋㅋㅋㅋㅋ띠하룩❤️‍🔥,2024-09-01
2510,ddimmi96_2024-09-01,only.joohyun,힌국보다 죻댜 😍😍,2024-09-01
2511,ddimmi96_2024-09-01,k__ny0_0,더빙 넘 잘했어요ㅠㅠㅋㅋㅋㅋㅋㅋㅋ👏👏,2024-09-01
2512,ddimmi96_2024-09-01,ddimmi96,"내하루님께 허락 받고 촬영한 내하루님 패러디 띠하루 영상 ˃̵͈̑ᴗ˂̵͈̑ 💥
흔쾌히 허락해주셔서 감사해요🥹❤️
@hiharu_22",2024-09-01
2513,ddimmi96_2024-08-28,zz_45_tour,구미님 이서 닮았어요❤️❤️,2025-02-15
2514,ddimmi96_2024-08-28,so.yeon420,❤️❤️❤️❤️,2024-12-03
2515,ddimmi96_2024-08-28,sr._.xz,😢❤️,2024-10-31
2516,ddimmi96_2024-08-28,oyujin7644,초연님 닮았어요!,2024-10-19
2517,ddimmi96_2024-08-28,love_hodo_amber,나요,2024-10-06
2518,ddimmi96_2024-08-28,qqqqqqqqqqqhdhdh,처음부터알았는데,2024-09-09
2519,ddimmi96_2024-08-28,damin_250,이구미님!,2024-09-09
2520,ddimmi96_2024-08-28,ddimmi96,❗️포토이즘에 있는 띠미네컷은 저 맞습니다❗️,2024-08-31
2521,ddimmi96_2024-08-28,"⭐️메이크업샵 받고 포토이즘에 쓸 촬영하는 사람= 띠미
⭐️포토이즘에서 띠미프레임 촬영해주는 띠미 도플갱어= 구미

많이들 헷갈려하시는 것 같아서 댓글 남겨요!! 저희 언니마저 헷갈려하네요ㅋㅋㅋ🤣
noweahc.lux",좀 달라서 뭔가 했더니 ㅋㅋㅋㅋ,2024-08-31
2522,ddimmi96_2024-08-28,leechu_801,예쁘다고 할려했눈뎁..갑자깈ㅋㅋ😢😂,2024-08-30
2523,ddimmi96_2024-08-28,gimcaeeun2008,언니 내 주변에 인생내컷 이랑 엽떡이 없어 ㅠㅠㅠㅠ,2024-08-30
2524,ddimmi96_2024-08-28,jl._.j0912,띠미님은 저렇게 말라 비틀어지지 않았어(?),2024-08-29
2525,ddimmi96_2024-08-28,1h.uax_,와 어쩐지 내 눈썰미!!❤️,2024-08-29
2526,ddimmi96_2024-08-28,mt.hantai810,아 ㅋㅋ 왠지 얼굴이 어색한데?? 메컵을 너무 빠세게 하셔서 그런건가?? 싶었는데 띠미님이 아니셨군용 ㅋ,2024-08-29
2527,ddimmi96_2024-08-28,tojyaa_06,알아여 언니 좀 달라지더라구요,2024-08-29
2528,ddimmi96_2024-08-28,tojyaa_06,언니 기다려줘,2024-08-29
2529,ddimmi96_2024-08-28,yi.ju1,어쩐지 다르디했다,2024-08-29
2530,ddimmi96_2024-08-28,eeeeeaaeeeeei,ㅋㅋㅋㅋ띠미님은 더 볼이 빵빵하다구!!!,2024-08-29
2531,ddimmi96_2024-08-28,z4xne_,뭔가 다르다 했는데 띠미님이 아니였어;,2024-08-28
2532,ddimmi96_2024-08-28,uni_genny,흑 ㅠ 내일 바로가야게따❤️,2024-08-28
2533,ddimmi96_2024-08-28,uv258300,전 알았어요 턱선이 조금 달라어요..,2024-08-28
2534,ddimmi96_2024-08-28,zx.v0_12,띠미가 더 예쁨,2024-08-28
2535,ddimmi96_2024-08-28,jeongina20121202,띠미 아닌거 알아요ㅋㅋ,2024-08-28
2536,ddimmi96_2024-08-28,amiable_grin_,진짜 너무너무 이뻐요 두분다❤️,2024-08-28
2537,ddimmi96_2024-08-28,haniyulallal,와ㅏㅏㅏㅏㅏㅏㅏㅏ,2024-08-28
2538,ddimmi96_2024-08-28,yeon__story_x,헐헐 완전 닮으셨어요😍,2024-08-28
2539,ddimmi96_2024-08-28,brave97s,아진짜 헤ㅛ갈림ㅋㅋㅋㅋㅋㅋㅋㅋㅋㅋㅋㅋㅋㅋㅋㅋㅋㅋㅋㅋㅋㅋ 야바위 하는거아니지,2024-08-28
2540,ddimmi96_2024-08-28,bboni._.bbang,어라??????????,2024-08-28
2541,ddimmi96_2024-08-28,ssongalog,꺅!!! 포토이즘 오픈 축하드려요🩵,2024-08-28
2542,ddimmi96_2024-08-28,geumhee1012,꺄악!!! 우리 진쨔 쌍둥이쟈낰ㅋㅋㅋㅋㅋ💗💗💗💗🤣,2024-08-28
2543,ddimmi96_2024-08-28,ddimmi96,@geumhee1012 포토이즘 오픈날짜에 방콕에 있어서 저랑 도플갱어인 구미언니가 촬영해줌😱 너무 고마워😍 진짜 나보다 더 나같아.. 뭐야???,2024-08-28
2544,ddimmi96_2024-08-27,am_08.58,태국 습하고 더운데,2025-01-15
2545,ddimmi96_2024-08-27,hyoooch_,태국 방콕 재주항공...,2025-01-06
2546,ddimmi96_2024-08-27,sso___eun,@yoo.genie 갓탠리,2024-11-06
2547,ddimmi96_2024-08-27,ssong_ssong_ji,@seungki_n32 역시 텀블러는 스탠리👍🏻,2024-11-05
2548,ddimmi96_2024-08-27,sweet_9rumi,@little_ms.sunshine_ 한국에서 요새 핫한 요아정 들고갈께요!!!!!!,2024-10-16
2549,ddimmi96_2024-08-27,happysuaday,@yonghyeoninsta,2024-10-07
2550,ddimmi96_2024-08-27,jeonjina4152,스탠리@사야겠다,2024-09-30
2551,ddimmi96_2024-08-27,_hjooooooo,@juuuuuus2_ 와이거언니꺼 그거지,2024-09-23
2552,ddimmi96_2024-08-27,se_yonyyy,언니는 놀러 많이 간당🫢,2024-09-18
2553,ddimmi96_2024-08-27,jjj_u_0,@crrining 이거야,2024-09-14
2554,ddimmi96_2024-08-27,gaengs_o,@5ycgram,2024-09-13
2555,ddimmi96_2024-08-27,sujinfive84,@ss1hyun 👍🏻👍🏻👍🏻,2024-09-08
2556,ddimmi96_2024-08-27,hooni_yann,와 이분 살 엄청빠지셨네,2024-09-06
2557,ddimmi96_2024-08-27,jihy2,@da.sha.kim 나 다정이가 선물해준거 맨날 쓰는데 음료 얼음 진짜 오래 안녹아🫢,2024-09-03
2558,ddimmi96_2024-08-27,nasaeii__ii,@minleeeeee 이겈ｦｦｦｦｦｦｦｦｦｦｦｦｦｦｦｦｦｦ,2024-09-01
2559,ddimmi96_2024-08-27,eun_you1029,저 지금스탠리에 얼음넣고 주스마시고있는데 얼음 하나도 안녹음!!,2024-08-31
2560,ddimmi96_2024-08-27,ddimmi96,(추가공지)수하물 관련해서 말씀드립니다,2024-08-31
2561,ddimmi96_2024-08-27,"이전에 공항에 전화해봤을 때 이전 댓글에 남긴것처럼 말씀주셨는데 제가 확실하게 하기위해서 방금 공항에가서 여쭤봤더니 요거트아이스크림은 괜찮은데 조금의 얼린 과일 토핑이라도 문제가 될 수 있으니 다음부터는 주의하라고 하시네요ㅜㅜ!!!!
여러분들은 얼린 과일토핑 싸가는 거는 절대 따라하지마세요!
저도 더더욱 앞으로 주의하겠습니다
princess__eun42",@h._wang_g 진짜 유명하네 텀블러,2024-08-31
2562,ddimmi96_2024-08-27,hyun.yu.na,@kahyui 우리 얘기 엿들었네..,2024-08-30
2563,ddimmi96_2024-08-27,ha_emjay,@joosung_07 스타필드 가면 연락 좀..,2024-08-30
2564,ddimmi96_2024-08-27,a_dong_2,@s__hyeon_97 내 이름 불러주신다 헤헤,2024-08-30
2565,ddimmi96_2024-08-27,mill95.10,@jinhong_59 와 씨 감자 이거봐 스탠리 미쳐따,2024-08-30
2566,ddimmi96_2024-08-27,yelim_le,@1ego_ 너가 본게 이건감?ㅋㅋㅋㅋㅋ,2024-08-29
2567,ddimmi96_2024-08-27,shin_zye,@leeee_sy 스탠리 사자 언니야,2024-08-29
2568,ddimmi96_2024-08-27,ryuni_jjang,두바이 초콜릿 빙수 만들어서 스탠리에다가 넣어주고 베트남 가주세요!,2024-08-29
2569,ddimmi96_2024-08-27,lxxaunn,@0hyun.k 대박잉데 ..?,2024-08-29
2570,ddimmi96_2024-08-27,yeon_9722,@pu___dding 빨리햐보자!!!,2024-08-29
2571,ddimmi96_2024-08-27,ye_jiiiiiiiii,@yr.1997_ 어ㅏ ㅋㅋ개신기,2024-08-29
2572,ddimmi96_2024-08-27,hye_ri_mii,@jinsu_go 대박! 우리도 자기 텀블러에 아이슈크림 담아서 먹자,2024-08-29
2573,ddimmi96_2024-08-27,ddb_mom,지나가던 아정이 놀라 댓글남겨봅니다😂,2024-08-29
2574,ddimmi96_2024-08-27,official_blucky7,스탠리 메모,2024-08-29
2575,ddimmi96_2024-08-27,prayer_0312,@imgreatpark 대박,2024-08-29
2576,ddimmi96_2024-08-27,_mimimiming_,@bbodeng3126 텀블러 안쓰는데 뽐뿌온당.. 야구장가서 맥주 시원하게 먹고싶엌ㅋㅋㅋ,2024-08-29
2577,ddimmi96_2024-08-27,sso._.qp,@,2024-08-29
2578,ddimmi96_2024-08-27,bom_summer_fall_winter,스텐리 미쳤음요 진짜 잘 안으녹아여... 진짜 갓템,2024-08-29
2579,ddimmi96_2024-08-27,jwoo_b_96,@jhun_k_96 그렇다는뎅...?,2024-08-29
2580,ddimmi96_2024-08-27,jjiun_11,@ji__y.9 이렇다는뎅,2024-08-29
2581,ddimmi96_2024-08-27,seung_mi_____,@yoojung_98,2024-08-28
2582,ddimmi96_2024-08-27,cresceent_j,@lys7548 ㅋㅋㅋㅋㅋㅋㅋ,2024-08-28
2583,ddimmi96_2024-08-27,se_eun___01,@noeyh97 지린다,2024-08-28
2584,ddimmi96_2024-08-27,juniye_k,텀블러 몇L일까요?,2024-08-28
2585,ddimmi96_2024-08-27,sonuyng,@myongddi 내 텀블러..빚당......,2024-08-28
2586,ddimmi96_2024-08-27,yeseo_4074,나도 저거 있는데 얼음가득 채우고 아침8시에 나가서 저녁 7시에 집들어가도 얼음안녹았더라,2024-08-28
2587,ddimmi96_2024-08-27,_yjw___,@h.r_film 대박이에오 ㅋㅋㅋㅋㅋ!!!!,2024-08-28
2588,ddimmi96_2024-08-27,mangnaniiii,@gan_j.i,2024-08-28
2589,ddimmi96_2024-08-27,__hyunnieee,@sh9234_,2024-08-28
2590,ddimmi96_2024-08-27,ciinnamon_candy,뚜껑이 스테인이면 진짜 거의 안녹아요,2024-08-28
2591,ddimmi96_2024-08-27,moonpure_,@axcd0628 ㅋㅋㅋㅋㅋㅋ대박,2024-08-28
2592,ddimmi96_2024-08-27,eun._.6,@dayes__v 너 이거할라구삿지,2024-08-28
2593,ddimmi96_2024-08-27,hwang_min,@endnotandhm 짱,2024-08-28
2594,ddimmi96_2024-08-27,seheeworld,@inooworld,2024-08-28
2595,ddimmi96_2024-08-27,amuuccu,언니 기획력 미쳤어…🫢,2024-08-28
2596,ddimmi96_2024-08-27,ju.___.0e,@krdj20 미쳐따,2024-08-28
2597,ddimmi96_2024-08-27,eva_________cr,와 진짜 신기하다,2024-08-28
2598,ddimmi96_2024-08-27,dayeoongg,@mumunyang_22 스탠리들고 방콕 ✈️,2024-08-28
2599,ddimmi96_2024-08-27,cjiiwon,@hjinwooo,2024-08-28
2600,ddimmi96_2024-08-27,soyeon0219_,@___u___iii 집에서 햇는데 녹으면....? ㅋㅋㅋㅋㅋ,2024-08-28
2601,ddimmi96_2024-08-27,yurriee,@suhwan.ito 우오ㅏ…갖고싶다,2024-08-28
2602,ddimmi96_2024-08-27,only.joohyun,이게 되넹,2024-08-28
2603,ddimmi96_2024-08-27,apr07_20,@imseulgiroum,2024-08-28
2604,ddimmi96_2024-08-27,m._glee_e,옷정보가 궁금해요!!,2024-08-28
2605,ddimmi96_2024-08-27,akdwl_00,@id__somin 이정도라구?ㅋㅋㅋ,2024-08-28
2606,ddimmi96_2024-08-27,__moonoom,"@sim_kki 아,,,, 나도 저 텀블러있는데 요아 싸갈걸,,,,,,ㅠ3ㅠ",2024-08-28
2607,ddimmi96_2024-08-27,azure1o,내이름 아정…,2024-08-28
2608,ddimmi96_2024-08-27,j.uoouu,@bae_luv.jin 스텐리 ㅜ,2024-08-28
2609,ddimmi96_2024-08-27,coca_cola_cook,@stanley_korea 😂,2024-08-28
2610,ddimmi96_2024-08-27,xuntue,@jinstar87,2024-08-28
2611,ddimmi96_2024-08-27,ashc.b_,@__wooram__ 뭐 이렇게 먹엇어야하는겨?,2024-08-27
2612,ddimmi96_2024-08-27,hyejinee_92,@noeyh.oos_ 이거밬ㅋㅋㅋㅋㅋㅋㅋㅋㅋㅋ,2024-08-27
2613,ddimmi96_2024-08-27,p_hmiiii,@luckystrike25 대박 내일 이러케 포장좀 해야긋다,2024-08-27
2614,ddimmi96_2024-08-27,hiyoyoyoyoyo,미쵸따리!!!!!!!,2024-08-27
2615,ddimmi96_2024-08-27,jun_ain02,오...,2024-08-27
2616,ddimmi96_2024-08-27,ddimmi96,혹시나 수화물 규정에 문제가 될까봐 공항 전화해보니 아이스크림토핑에 얼린 과일이고 거기서 뺏기지않은 이상 문제 없다고 하셨어요! 혹시 몰라 고정댓글에 남깁니다!!!,2024-08-27
2617,ddimmi96_2024-08-27,mukstar_md,미쵸쪙요,2024-08-27
2618,ddimmi96_2024-08-27,hayun0512,갖고 싶어요🥺😮❤️,2024-08-27
2619,ddimmi96_2024-08-27,rami__0216,와...이래서 제가 텀블러에 미친다니까요?!!! 진짜 갖고싶다,2024-08-27
2620,ddimmi96_2024-08-27,wldnwldn77,헐 대밧,2024-08-27
2621,ddimmi96_2024-08-27,bboni._.bbang,와 스탠리야 광고주세요,2024-08-27
2622,ddimmi96_2024-08-27,nado_odo,대박,2024-08-27
2623,ddimmi96_2024-08-27,ye_lin2,댑악이다ㅋㅋㅋㅋㅋㅋㅋㅋ👏❤️,2024-08-27
2624,ddimmi96_2024-08-27,ddimmi96,"띰띰이들 전 지금 가족들이랑 방콕여행중이에요😍
즐겁게 놀고 잼난 영상 잔뜩 찍어갈게요❤️❤️❤️❤️",2024-08-27
2625,ddimmi96_2024-08-26,ive_loveuuu,나만 피아노소리 들림? 즉흥환상곡;;,2024-12-22
2626,ddimmi96_2024-08-26,s.yu_x3,근데 탄 자전거 바퀴맛을 어케 아시는거죠,2024-11-15
2627,ddimmi96_2024-08-26,hee.hee_0829,혀때리는거 개웃기넼ㅎㅋㅎㅋㅎㅋㅎㅋㅎㅋㅎㅋㅎㅋㅎㅋㅎㅋㅎㅋㅎ,2024-11-09
2628,ddimmi96_2024-08-26,gimyedam253,그거감식초맛스웨데시켄디에요!!!!❤️❤️❤️❤️,2024-11-07
2629,ddimmi96_2024-08-26,jretx_weof,난 저거라도 먹어보고 싶다...😢,2024-11-05
2630,ddimmi96_2024-08-26,booz_jl,@jeon_unni_ 언니이거 먹어줘용!!,2024-10-17
2631,ddimmi96_2024-08-26,food_play88,시궁창이요?😂,2024-10-09
2632,ddimmi96_2024-08-26,dx_p.12,혀 때릴때 혀가 갈색인데요..?,2024-10-04
2633,ddimmi96_2024-08-26,killlip_singeractor,그 하리보 타이어맛생각나넼ㅋㅋㅋ감촠ㅋㅋㅋㅋㅋㅋㅋ,2024-10-02
2634,ddimmi96_2024-08-26,1122334455667788_u,자전거바퀴탄걸을먹어보신건가,2024-10-01
2635,ddimmi96_2024-08-26,yeonwoo_0605,그렇게 말하면 진짜 자기가 먹었다는 건가?,2024-09-30
2636,ddimmi96_2024-08-26,hhhhhhhhhhhhhhhhhhhhhhh.10,ㄹㅇ감초 탄맛이랑 한약맛이랑 암튼 ㅈㄴ맛대가리없음ㅜ,2024-09-28
2637,ddimmi96_2024-08-26,joondell417428,외국거 까만색은 감초가 많던데 약간 갈색빛나는건 콜라ㅋ,2024-09-28
2638,ddimmi96_2024-08-26,2_do_yunny_mom_,씨꺼만거 썩은두부맛 아님?,2024-09-28
2639,ddimmi96_2024-08-26,ndiifiaaa,terjemahankan tolong:),2024-09-25
2640,ddimmi96_2024-08-26,z.oxnn_,"언니,, 자전거 바퀴도 먹어봤어.?",2024-09-22
2641,ddimmi96_2024-08-26,jumiya0628,혀때리눈거보고 빵터짐ㅋㅋ,2024-09-15
2642,ddimmi96_2024-08-26,seo_a_0211,유통기간지난감초젤리인가요?ㅋㅋ,2024-09-12
2643,ddimmi96_2024-08-26,laiqahhhh,noo that’s liquorice sweets and not really Swedish candy 😂,2024-09-10
2644,ddimmi96_2024-08-26,_jiwxo12,바퀴를...드셔..보셨어..요?,2024-09-08
2645,ddimmi96_2024-08-26,feel_the_breeze_of_voyage,라크리스 드셨나보군요! 이거 중독되면 헤어나지 못해요🤣,2024-09-06
2646,ddimmi96_2024-08-26,suuuuuuu_jjjjin,@yzh91y 이거 언니가 갖고왔던 젤리지…?,2024-09-01
2647,ddimmi96_2024-08-26,juef1227,자전거 바퀴맛을 아시는 걸 보니 이젠 타이어 같은 것도 씹어드시나보네요😄,2024-08-30
2648,ddimmi96_2024-08-26,y_ix.13,전언니 이거 먹어주새요,2024-08-28
2649,ddimmi96_2024-08-26,___chae_,호랑이연고맛ㅋㅋㅋㅋㅋㅋㅋㅋㅋㅋㅋㅋ,2024-08-28
2650,ddimmi96_2024-08-26,corea0878,아니 대체 탄내나는 바퀴맛은 어떻게 아는거예여ㅋㅋㅋㅋ,2024-08-28
2651,ddimmi96_2024-08-26,gwhgwhuv,젼언니가 먹는다면면??,2024-08-27
2652,ddimmi96_2024-08-26,sexydevil88,자전거바퀴 먹어봤어요..? ㅋㅋㅋㅋㅋㅋㅋㅋㅋㅋ 아쒸 너무 웃곀ㅋㅋㅋㅋㅋ,2024-08-27
2653,ddimmi96_2024-08-26,h.dbsdk,하리보 감초젤리도 있는데 제발 먹지 마세요ㅠ 집에 냄새나요ㅠㅠ,2024-08-27
2654,ddimmi96_2024-08-26,rami__0216,감초가 무슨맛이길래 띠미님을 고통에 빠지게 하는걸까..진짜 궁금해졌다,2024-08-27
2655,ddimmi96_2024-08-26,suz_n11,감초젤리 개꿀맛,2024-08-27
2656,ddimmi96_2024-08-26,jean.searaa,Aku tersesat,2024-08-27
2657,ddimmi96_2024-08-26,ggo0321_,아직도 감초젤리 첫경험이 충격적이라 무슨맛인지 생생함 길가다가 감초젤리인지도 모르고 검정이라 콜라맛 젤리인줄 알고 사먹었다고 말로표현 못할 그런 맛이 나서 다 뱉어버리고 버렸었음 진심 저거 오바 아님 먹어봐야해 ㄹㅇ,2024-08-27
2658,ddimmi96_2024-08-26,eloitsmeandme,C'est pas bon c'est à la réglisse il me semble,2024-08-27
2659,ddimmi96_2024-08-26,seiglucklich_,오바아니에요ㅜㅜㅠㅠ여행갔다가 까만거 팔길래 먹어봤는데 진짜 울렁거려서 바로뱉음,2024-08-26
2660,ddimmi96_2024-08-26,gyeongmin783,ㅋㅋㅋㅋㅋㅋㅋㅋ셀프고뮨ㅋㅋㅋㅋㅋㅋㅋㅋㅋㅋㅋㅋ,2024-08-26
2661,ddimmi96_2024-08-26,jessiejo2639,감초젤리 맛있는데..ㅎㅎ,2024-08-26
2662,ddimmi96_2024-08-26,luckyguy9417,스윗 앤 샤워 고르시면 간혹 껴있는 감초로 만족하시면 되는데 ㅠㅠ,2024-08-26
2663,ddimmi96_2024-08-26,luckyguy9417,왜 하필 감초맛을 고르셨어요ㅠㅠ,2024-08-26
2664,ddimmi96_2024-08-26,sj_1_0,언니 너무 기여워염...❤️,2024-08-26
2665,ddimmi96_2024-08-26,h_.11o7,혀때리는거 웃기댜,2024-08-26
2666,ddimmi96_2024-08-26,quentabelog,서양과자 감초…는 뭘 먹어도 실패인 것 같습니다.,2024-08-26
2667,ddimmi96_2024-08-26,wldnwldn77,ㅋㅋㅋㅋㅋㅋㅋ대박 너무 웃김 ㅋㅋ큐ㅠㅠㅠㅠ,2024-08-26
2668,ddimmi96_2024-08-26,ljs_5ji,맛있겠네요(??),2024-08-26
2669,ddimmi96_2024-08-26,gangjunseo558,왜 시발 우리집 앞 돌맹이도 유행이라하지? ㅋㅋㅋ 아 유행이었지,2024-08-26
2670,ddimmi96_2024-08-26,yxse.o_,크크ㅏ캬카얔,2024-08-26
2671,ddimmi96_2024-08-26,jjinjin13,2빠!!,2024-08-26
2672,ddimmi96_2024-08-26,ddimmi96,"감초젤리 드셔보신 띰띰이들!!!
나 진짜 오바 하는거 아닌거 맞지!!!?😭",2024-08-26
2673,ddimmi96_2024-08-25,nayeong_925,@hw.__.e 이거 사죠 먹어볼랭,2024-10-14
2674,ddimmi96_2024-08-25,chacha_12120,지우개는 먼가 약간 쓰고(?)뭐랄까.....아!지우개똥 좀 뭉쳐서 먹어보는 맛 이랄까!?,2024-09-19
2675,ddimmi96_2024-08-25,atugarisan,고급진 지우개맛 ㅋㅋㅋㅋㅋㅋㅋㅋㅋㅋㅋㅌㅌ,2024-09-03
2676,ddimmi96_2024-08-25,hellofudgel,나이거 유럽레옵갈때마다 저렇게 생긴 질리 맨날 사왓는디 왜갑자기유행😮?! @24do.ra,2024-08-28
2677,ddimmi96_2024-08-25,h_eunnn_0309,제일처음 트럼 하셨나여?,2024-08-27
2678,ddimmi96_2024-08-25,uouv330,역시 존버는 성공한다,2024-08-27
2679,ddimmi96_2024-08-25,mira.seo,@_yu_03.02 나이거 먹거싶어 스웨덴젤리,2024-08-26
2680,ddimmi96_2024-08-25,iam._.ye9,@wns._.e2스웨덴 캔디 사둬!,2024-08-26
2681,ddimmi96_2024-08-25,aa__hhu12,@zerobeom_ko 다음 유행은 얜가봐,2024-08-26
2682,ddimmi96_2024-08-25,rami__0216,누가봐도 나 감초라고 말하는듯한 검은 젤리가 ㅋㅋㅋㅋㅋㅋ 절망편 기대합니다!,2024-08-25
2683,ddimmi96_2024-08-25,gwangjin.son,저도 주세요!,2024-08-25
2684,ddimmi96_2024-08-25,0782._.l3,ㅋㅋㅋㅋ,2024-08-25
2685,ddimmi96_2024-08-25,klmheejae,야 저거 내옷이잖아,2024-08-25
2686,ddimmi96_2024-08-25,eun_you1029,읽찍와따!!!,2024-08-25
2687,ddimmi96_2024-08-25,jiwoo_3499,짱 맛있겠다…츄베릎❤️,2024-08-25
2688,ddimmi96_2024-08-25,m1.nsx_0,맛있겠다ㅏ 절망편 기대 할게요오 ㅋㅋ,2024-08-25
2689,ddimmi96_2024-08-25,byj990823,누나 이뻐요 이뻐,2024-08-25
2690,ddimmi96_2024-08-25,ddimmi96,"유행 참 빨라요😭!!!
🖤마지막 스웨덴 캔디 절망편🖤
내일 공개됩니다‼️",2024-08-25
2691,ddimmi96_2024-08-21,mong2ssi,저는 진짜 느끼하고 입에 기름남는 식물성크림맛에 세입까지만 맛있었아요,2024-11-29
2692,ddimmi96_2024-08-21,hy._x14,고생했습니둥❤️👏🙌,2024-10-26
2693,ddimmi96_2024-08-21,h_ahzero,@j.c.gwag 무화과..,2024-09-15
2694,ddimmi96_2024-08-21,berry__joo,@1997_sw 형...,2024-09-08
2695,ddimmi96_2024-08-21,_ha_mkk,@zero__zin,2024-09-07
2696,ddimmi96_2024-08-21,5ri._.bin,언니 대전을 왔으면 나를 만났어야지 😢,2024-09-02
2697,ddimmi96_2024-08-21,20sg29,@choikk2 먹규싶즤? 가고싶즤?,2024-08-27
2698,ddimmi96_2024-08-21,hunhun_life,@woooon__ho 먹어보고싶네..,2024-08-26
2699,ddimmi96_2024-08-21,oks03124,@_euna_s 오픈런 고,2024-08-25
2700,ddimmi96_2024-08-21,page.moabin,저도 나눠줘요 언니,2024-08-24
2701,ddimmi96_2024-08-21,suhyunhh,@leeyisak,2024-08-24
2702,ddimmi96_2024-08-21,happy_sssuk,@masquerade_joon 새벽6시 도착이니까... 새벽 4시쯤 나가면 되겠지?,2024-08-24
2703,ddimmi96_2024-08-21,yeonbbe7e,@se_ni1 먹고싶다요,2024-08-23
2704,ddimmi96_2024-08-21,hyz.1n_,대전사람은 행복합니댱,2024-08-23
2705,ddimmi96_2024-08-21,dbwls1.1,@hee_._s9,2024-08-23
2706,ddimmi96_2024-08-21,puqqu7,나랑 폰 잠금화면 똑같다요❤️,2024-08-22
2707,ddimmi96_2024-08-21,truth1ee,@esunjin,2024-08-22
2708,ddimmi96_2024-08-21,uouv330,언니 피곤해 하는데도 너무 귀엽다❤️,2024-08-22
2709,ddimmi96_2024-08-21,fjfjwyw67,누가갖다오랬나ㅋ,2024-08-22
2710,ddimmi96_2024-08-21,yeji16_,살찌는소리 들린다 !!!,2024-08-22
2711,ddimmi96_2024-08-21,s_oom_in_,@da_asomee 먹구시퍼,2024-08-22
2712,ddimmi96_2024-08-21,hongji_media_d,대전 빵축제 한데요!!,2024-08-22
2713,ddimmi96_2024-08-21,je._.ssica123,어떤걸 먹어줘야 새벽1시에 어딜 갔을때 먹을만 하다 라는 음식이 있을까나여 ㅋㅋㅋㅋㅋㅋㅋㅋㅋ,2024-08-22
2714,ddimmi96_2024-08-21,daaaaaaa__j,@dooooooo__h 대전갈래?,2024-08-22
2715,ddimmi96_2024-08-21,jjjjjjjjjjony,@norooc0 먹고싶어ㅠㅋ,2024-08-22
2716,ddimmi96_2024-08-21,0hjxx,@gh_jeongg ㅠㅠㅠ,2024-08-22
2717,ddimmi96_2024-08-21,zeromouse_1.2.2.2,@yxzzii__ 대전가면... 이거 먹어죠요...,2024-08-22
2718,ddimmi96_2024-08-21,hehee_o_ojini,무화과가 일단 빨갛게 잘 익었네요,2024-08-21
2719,ddimmi96_2024-08-21,ky_.e30,무화가나무 우리집에 있는데 안먹어봄..,2024-08-21
2720,ddimmi96_2024-08-21,temperature_hyun,이 쯤되면 직접 만들어 먹는 게 빠를 듯-,2024-08-21
2721,ddimmi96_2024-08-21,hyoni._.g,@mijeong_0516 이번주에 올때 가꾸왕,2024-08-21
2722,ddimmi96_2024-08-21,4my_089,대전은...뭐..한화도있구...성심당도있구...하..부럽다...다뺏고싶다...,2024-08-21
2723,ddimmi96_2024-08-21,klmheejae,화장 안해도 예쁘네~,2024-08-21
2724,ddimmi96_2024-08-21,north_fanmade,언니 먼길 다녀오느라 고생했어요!!,2024-08-21
2725,ddimmi96_2024-08-21,ye_lin2,저 초록 체크가방 어디서본거같다?,2024-08-21
2726,ddimmi96_2024-08-21,wwwnnsss,띠미야 나 기억해? 예전에 내가 명란바게트 먹고싶다해서 너보고 너 돈으로 성심당가서 사오라했던거ㅋㅋㅋ 그때 참 재밌었는데 망고시루좀 사오지 그랬어~~,2024-08-21
2727,ddimmi96_2024-08-21,ddimmi96,진짜 갑자기 삘 받아서 10분만에 준비해서 갔다온 극P🔥,2024-08-21
2728,ddimmi96_2024-08-21,iseohyeon847,1빠,2024-08-21
2729,ddimmi96_2024-08-18,13_sihyun,그래서 죽으러 가시는 건가요?,2024-10-31
2730,ddimmi96_2024-08-18,jiyeon_o.o_527,그래서…맛은…?,2024-10-01
2731,ddimmi96_2024-08-18,kx_keon,띠미님 건대에서 봤었어요,2024-08-20
2732,ddimmi96_2024-08-18,dorong_bakery,@2_hyunniii 난 못먹어..,2024-08-20
2733,ddimmi96_2024-08-18,_03xerz,건강검진 한번 받아보셔요,2024-08-19
2734,ddimmi96_2024-08-18,ji._.w_1104,불효자가 아니라 불효녀 아닌가,2024-08-18
2735,ddimmi96_2024-08-18,yunsiyun9610,럭키비키자나!!,2024-08-18
2736,ddimmi96_2024-08-18,parkjihwan_1125,혈당 🔥,2024-08-18
2737,ddimmi96_2024-08-18,wijein,띠미님 완전예뻐요❤️❤️,2024-08-18
2738,ddimmi96_2024-08-17,_chorong5,맛이 없을 수 없는 조합!!!!,2025-02-04
2739,ddimmi96_2024-08-17,kimsiwoan79,비엔나 개 싸구려 ㅡㅡ,2024-12-07
2740,ddimmi96_2024-08-17,ydh_icxz,띠미미친천재ㄹㅈㄷ먹잘알미쳤다 @h.swwiue,2024-11-21
2741,ddimmi96_2024-08-17,oyeonseo279,진짜 맛있노,2024-10-27
2742,ddimmi96_2024-08-17,rvhuo_2,엽떡 왜 연락 안줘요,2024-10-12
2743,ddimmi96_2024-08-17,_k0327_,저두해주세요🔥❤️,2024-09-20
2744,ddimmi96_2024-08-17,gimseoyeon5569,저 한입만여(?),2024-09-07
2745,ddimmi96_2024-08-17,pairy__,띠미님 왜캐ㅜ요리잘해 ㅜ 왜캐 잘썰어,2024-08-25
2746,ddimmi96_2024-08-17,xowoane,언니 네일 예쁘네,2024-08-19
2747,ddimmi96_2024-08-17,99.88_uon,성형함?,2024-08-19
2748,ddimmi96_2024-08-17,j.x2y_,쿨피스도 넣어야하는거 아닌가,2024-08-19
2749,ddimmi96_2024-08-17,uouv330,맛있겠다,2024-08-19
2750,ddimmi96_2024-08-17,h1vvox,라이스페이퍼로 해도 마싯을듯,2024-08-19
2751,ddimmi96_2024-08-17,cxa_eun,언니 오늘 왜케 이뻐요,2024-08-19
2752,ddimmi96_2024-08-17,moonhhxil,방금 엽떡 다먹었는데 지금 뜨는,2024-08-18
2753,ddimmi96_2024-08-17,hx.chan.o,걍 맛없을수가 없잖아 ㅋㅋㅋㅋ,2024-08-18
2754,ddimmi96_2024-08-17,jiddong08,와 개 맛있겠당,2024-08-18
2755,ddimmi96_2024-08-17,138mom_no,엽떡 국물에 찍어 먹으면 ㄹㅇ 존맛일뜻,2024-08-18
2756,ddimmi96_2024-08-17,hye.xo13,헐ㄹ 고마워요,2024-08-18
2757,ddimmi96_2024-08-17,window_of_the_moonlight,우와아앙😮 겁나 맛나겠따요😵😋,2024-08-18
2758,ddimmi96_2024-08-17,mising_no.0,언제부터 엽떡이 소울푸드였냐,2024-08-18
2759,ddimmi96_2024-08-17,so_jong416,먹는 모습 보는데 눈 하장이 무서워보여요.,2024-08-18
2760,ddimmi96_2024-08-17,eunggaxx01,존나 굿인데요,2024-08-18
2761,ddimmi96_2024-08-17,syoon.si,아 언니땜에 또 엽떡시켜야 하잖아요,2024-08-18
2762,ddimmi96_2024-08-17,monkey_110930,pig?,2024-08-18
2763,ddimmi96_2024-08-17,bagjiyu387,띠미 엽떡 진짜 좋아하시네요!!!,2024-08-18
2764,ddimmi96_2024-08-17,yeo_km12,엽떡에 카다이프 넣으면 맛있을거같은데,2024-08-18
2765,ddimmi96_2024-08-17,ukees_s,탄+탄+탄 = 맛없으면반칙,2024-08-18
2766,ddimmi96_2024-08-17,seongeuncae5,나만 아직 엽떡 안먹어봄? ;;;,2024-08-18
2767,ddimmi96_2024-08-17,_seaeu,너모 맜있겠네여❤️,2024-08-18
2768,ddimmi96_2024-08-17,moongi._.0424,엽덕본사:어!저거 아이디어 좋은데 이 아이디어는 이제 제껌니다 제마음대로 사용할수있는 겁니다,2024-08-18
2769,ddimmi96_2024-08-17,z1._.won3,엽떡 매워요?,2024-08-17
2770,ddimmi96_2024-08-17,noiae4803,와 띠미 먹잘알 이다,2024-08-17
2771,ddimmi96_2024-08-17,heeyomagram,진짜 신메뉴로 나올거같당,2024-08-17
2772,ddimmi96_2024-08-17,gyeongmin783,매울것같...ㅎ,2024-08-17
2773,ddimmi96_2024-08-17,leeravely,나해줘띠리사🔥🔥,2024-08-17
2774,ddimmi96_2024-08-17,0782._.l3,와 ㄷㄷ,2024-08-17
2775,ddimmi96_2024-08-17,au.2xy,엉니 징짜 넘 기여버여ㅠ,2024-08-17
2776,ddimmi96_2024-08-17,yoon_yong_jun,4빠,2024-08-17
2777,ddimmi96_2024-08-17,coesehyeon591,와우,2024-08-17
2778,ddimmi96_2024-08-17,k.1ynz0,1빠 기모쮜,2024-08-17
2779,ddimmi96_2024-08-16,dduni_s2,@from.2na 두바이케이크 중랑구필릿이래,2024-09-12
2780,ddimmi96_2024-08-16,min__thy,@kwang_jae_park 두바이케이크 구해와바,2024-09-05
2781,ddimmi96_2024-08-16,jiyumee_,띠미님 랑주 때부터 헨리워튼까지 제가 아는 두바이 디저트들 종종 가져오시길래 읭? 우리동네 사시나 했더니 같은 중랑구 계신거같아서 내적친밀감 올리고 가용....헷 👋🏻,2024-09-01
2782,ddimmi96_2024-08-16,ddimmi96,🍫정보,2024-08-29
2783,ddimmi96_2024-08-16,"두바이쿠키: 만렙커피
두바이도넛: 헨리워튼
두바이케익: 필릿 (상봉동)
두바이와플: 빅커피 (신내동)
두바이초코프라페: 디저트39
bigcoffee_willynilly",왐마 선생님 와플 맛있게 드셔주셔서 감사합니다!!!!!!!!!!,2024-08-27
2784,ddimmi96_2024-08-16,90.21g,두바이 샌드위치 1번만,2024-08-26
2785,ddimmi96_2024-08-16,kim_youngsikk,푸바오모양 두바이초코 리뷰해주세요!,2024-08-22
2786,ddimmi96_2024-08-16,mukstar_md,와플 대박이예요ㅠㅠ❤️,2024-08-16
2787,ddimmi96_2024-08-16,junerang_ggo,이제 아이들까지 난리인 ㅠㅠ 두바이초콜릿 ㅜㅜ,2024-08-16
2788,ddimmi96_2024-08-16,gyeongmin783,띠미님힌테 쫌 더 맡기면 더 신기한 디져트가 나오려나요???ㅋㅋㅋㅋ,2024-08-16
2789,ddimmi96_2024-08-16,je._.ssica123,와플 어디서 파는거에요???,2024-08-16
2790,ddimmi96_2024-08-16,syg_2244,다 같은가게제품인가요???????도넛 너무 궁금한데....😢,2024-08-16
2791,ddimmi96_2024-08-16,yuhyi.yu,@geon.y.e 건영아 난 맨날 이런걸보며 두바이에 대한 꿈을 키워갔단다 ㅋㅋㅋㅋㅋ,2024-08-16
2792,ddimmi96_2024-08-16,b10ck_b12st.1ov2r,쿠키 구하신거 부러워요🥲,2024-08-15
2793,ddimmi96_2024-08-16,jiyo._.13,두바이 초콜릿 와플 먹구싶닷..🔥 언니 영상 올리는라 고생 했엇👏,2024-08-15
2794,ddimmi96_2024-08-16,yeon__story_x,두바이초코 와플!! 맛있겠어여ㅠㅠ,2024-08-15
2795,ddimmi96_2024-08-16,hye.xo13,사 랑 해 요 띠 미 언 니,2024-08-15
2796,ddimmi96_2024-08-16,minseo_120224,저케이크어디파는지알고싶다..😍,2024-08-15
2797,ddimmi96_2024-08-16,sas_4860,오늘도 재밌는 영상 찍어주셔서 감사해용 띠미님♡,2024-08-15
2798,ddimmi96_2024-08-16,hxxnou,😮,2024-08-15
2799,ddimmi96_2024-08-12,ji_ye__12,중국간식 만으로 이렇게 요리하다니!!언닌 요리천재가 확실해!❤️ 🔥,2025-01-05
2800,ddimmi96_2024-08-12,xx_chaeeun_,언니 중국간식 너무 많이 먹지마 ㅜㅜ 내동생 친구가 중국간식에 벌레 엄청나왔대,2024-12-31
2801,ddimmi96_2024-08-12,jane_130829,중국가서 광고좀 지대로 하면 난리날듯,2024-12-22
2802,ddimmi96_2024-08-12,isangyun_73652,오리 엑조디아임??,2024-12-15
2803,ddimmi96_2024-08-12,kimchaewon131111,창고 건들면 진짜 물어요...??,2024-11-24
2804,ddimmi96_2024-08-12,oo30124,아쒸ㅠ밑영상에 오리있잔나퓨ㅠㅠ,2024-11-12
2805,ddimmi96_2024-08-12,cxa.3wn,집안에서 마라냄새 나 향라남새 안나여? 온통집에 마라냄새나 량라 냄새 날거 깉아요,2024-11-08
2806,ddimmi96_2024-08-12,_kim.0104,오리혀가 이븐하게 익지 않았어요 음음,2024-10-03
2807,ddimmi96_2024-08-12,biz_hertz,저거 간식 그냥 드셔야 되는 거 알죠 ? 생맥에 드셔야 돼요😍 칭따오에 오리목 오리혀😂,2024-09-02
2808,ddimmi96_2024-08-12,byul._ie0,전렇게 먹는거 처음봄,2024-08-19
2809,ddimmi96_2024-08-12,gimjejn415,아니 언니 왜이렇게 요리를 잘해..?,2024-08-14
2810,ddimmi96_2024-08-12,choihojun220726,😮,2024-08-14
2811,ddimmi96_2024-08-12,heejae1127,부위별로 모아놓으니 거의 통오리 ㅋㅋㅋ,2024-08-14
2812,ddimmi96_2024-08-12,si.0go,와 진짜 오리목 완전 좋아하는데ㅔ,2024-08-13
2813,ddimmi96_2024-08-12,youtubekorea,언니는 요리 천재가 확실해,2024-08-13
2814,ddimmi96_2024-08-12,agdjd_q2,오리다 있어서 액조디아 모은줄,2024-08-13
2815,ddimmi96_2024-08-12,seojun110421,저거 살돈으로 버거세트 사먹을거같은데,2024-08-13
2816,ddimmi96_2024-08-12,jeongujin708,중국은 오리를 좋아하는게 확실해,2024-08-13
2817,ddimmi96_2024-08-12,parkjihwan_1125,은근 금손일지도😮,2024-08-13
2818,ddimmi96_2024-08-12,danniwestneyx,I love Koreans so much 🥹,2024-08-13
2819,ddimmi96_2024-08-12,coehaweon83,저건 중국음식인거냐 한국음식인거냐,2024-08-12
2820,ddimmi96_2024-08-12,gb_dack,그냥 중국가자😂,2024-08-12
2821,ddimmi96_2024-08-12,niggazigge,강아지 간식인줄,2024-08-12
2822,ddimmi96_2024-08-12,haniju92,ㅋㅋㅋ오리 엑조디아 먹방이네요,2024-08-12
2823,ddimmi96_2024-08-12,pairy__,간식인데 요리가 됐어~~~~,2024-08-12
2824,ddimmi96_2024-08-12,leeravely,브금:오리날다~~!!🦢🦢🦢🐥,2024-08-12
2825,ddimmi96_2024-08-12,12we.lohi,목 진짜 맛있어요,2024-08-12
2826,ddimmi96_2024-08-12,seojaeduk,오늘은 마라 오리털기^^ㅋㅋㅌ,2024-08-12
2827,ddimmi96_2024-08-12,ye_lin2,아.. 오리혀.. 보니까 또 속안조아ㅠ ㅋㅋㅋㅋㅋㅋㅋㅋ,2024-08-12
2828,ddimmi96_2024-08-12,north_fanmade,아니 중국간식으로 이정도 퀄리티가 가능한가요ㅠㅠ,2024-08-12
2829,ddimmi96_2024-08-12,north_fanmade,언니 진짜 넘 이뻐요ㅠㅠ,2024-08-12
2830,ddimmi96_2024-08-07,iseul7032,아니그냥 초콜릿안에 키리모찌넣어서 먹어보셈용❤️,2024-10-27
2831,ddimmi96_2024-08-07,so128712,당떨어 지는데 너무 맛있겠다 ㅠ,2024-10-25
2832,ddimmi96_2024-08-07,soak_in_nature,믹서기가 잘 갈아지네요 👍,2024-08-28
2833,ddimmi96_2024-08-07,hy._x14,두바이 초콜릿 cu꺼 먹고 실망한 기억이😢,2024-08-15
2834,ddimmi96_2024-08-07,0782._.l3,완젼 럭키 띠미 지나~,2024-08-11
2835,ddimmi96_2024-08-07,uouv330,떡도 먹는거 보고싶었는데😮,2024-08-08
2836,ddimmi96_2024-08-07,jindallae112,두바이 샌드 초코도 나왔어요 저희집에 있어요,2024-08-08
2837,ddimmi96_2024-08-07,yelijni,그냥 요리 천재 아님!?,2024-08-08
2838,ddimmi96_2024-08-07,luny_hy,두바이 초콜릿 한번도 못먹어서 살안 쪄서 럭키띠미잖아!,2024-08-08
2839,ddimmi96_2024-08-07,b10ck_b12st.1ov2r,두바이 총집합👍🏿👍🏿😋,2024-08-07
2840,ddimmi96_2024-08-07,k_jun13_1234,오!! 마ㅛ있겠다 다음에 저 주실꺼죠?,2024-08-07
2841,ddimmi96_2024-08-07,c_zu1101,❤️,2024-08-07
2842,ddimmi96_2024-08-07,iyesol275,이 예쁜분이 나온 영상에 왜 하트가 189개 밖에 없는거야!,2024-08-07
2843,ddimmi96_2024-08-07,h___sx1,홈런볼안에 두바이초콜릿 가능?,2024-08-07
2844,ddimmi96_2024-08-07,h___sx1,너무죻차나?띰이 첵오쟈나?,2024-08-07
2845,ddimmi96_2024-08-07,xer._.se14,3빠다!!! 빨리왔다!!❤️❤️,2024-08-07
2846,ddimmi96_2024-08-07,iseohyeon847,😍,2024-08-07
2847,ddimmi96_2024-08-07,hp_makeup.kr,맛있겠당..,2024-08-07
2848,ddimmi96_2024-08-07,ddimmi96,두바이 초코 유행 대체 언제 끝나는데?!!!,2024-08-07
2849,ddimmi96_2024-08-07,hy._x14,헐루 힘들었을 텐디 감동감동😢👏🔥🙌❤️,2024-10-26
2850,ddimmi96_2024-08-07,bagjiu5255,저 주세요,2024-08-09
2851,ddimmi96_2024-08-07,hayul__1101,❤️😍😍👏👏,2024-08-08
2852,ddimmi96_2024-08-07,ch.x13n,헐 안동사는뎀쇼,2024-08-08
2853,ddimmi96_2024-08-07,ddimmi96,팬미팅 신청기간 끝❤️,2024-08-07
2854,ddimmi96_2024-08-07,"우리 곧 만나요😍
b_zgy1",안동이닷,2024-08-05
2855,ddimmi96_2024-08-07,yx_0r.xg,마싯겠다...,2024-08-04
2856,ddimmi96_2024-08-07,ee_s0902,10빠!,2024-08-04
2857,ddimmi96_2024-08-07,gayoon_0724,😮,2024-08-04
2858,ddimmi96_2024-08-07,dop.ewr128,언니 나 반했잔나!😍😍,2024-08-04
2859,ddimmi96_2024-08-07,yupni_,@k._.minseok 헐랭,2024-08-03
2860,ddimmi96_2024-08-07,luny_hy,으앙~~ 맛있게엤다아앙,2024-08-02
2861,ddimmi96_2024-08-07,always_0704happy,먹고 싶다ㅠㅠ,2024-08-02
2862,ddimmi96_2024-08-07,rkflfnfpfh,정성 미쳤다 또 반했습니다...,2024-08-02
2863,ddimmi96_2024-08-07,zoopitoaaaa,대박이다 진짜,2024-08-02
2864,ddimmi96_2024-07-31,x0nn.2,언제 가면 될까요 제가 다 먹어드릴게여,2024-08-11
2865,ddimmi96_2024-07-31,mi.nha2229,진짜맛있겠다❤️❤️,2024-08-03
2866,ddimmi96_2024-07-31,choihojun220726,😮,2024-08-03
2867,ddimmi96_2024-07-31,lullu.o3o,아 근데 저 대게통조림은 진짜 탐난다....,2024-08-02
2868,ddimmi96_2024-07-31,eomsojeong60,언니는 너무여뻐요😍😍❤️❤️,2024-08-01
2869,ddimmi96_2024-07-31,uouv330,맛있겠다🙌,2024-08-01
2870,ddimmi96_2024-07-31,kmini_9212,띠미언니 기회 되면 짜장 무당요거트랑,2024-08-01
2871,ddimmi96_2024-07-31,"김치 마요 무침 해줘요~~^^
dessert_hyejeong",천재님,2024-08-01
2872,ddimmi96_2024-07-31,journey921108,요리사 띠미님❤️,2024-08-01
2873,ddimmi96_2024-07-31,ixmlan,모여 나도줘.,2024-07-31
2874,ddimmi96_2024-07-31,kimay160,가치 먹어요 맛나보이는디,2024-07-31
2875,ddimmi96_2024-07-31,jeon_unni_,와❤️❤️❤️❤️처음에 바삭한김 눅눅해지게 하실때 울뻔했는데ㅋ 튀기는거 보믄서 진짜 너무맛있겠는데😂😂😂,2024-07-31
2876,ddimmi96_2024-07-31,ddimmi96,간식창고에 남은 간식으로 또 뭘 만들어볼까요 😎???,2024-07-31
2877,ddimmi96_2024-07-31,yuhiro0o,언니 천재여?,2024-07-31
2878,ddimmi96_2024-07-31,ye_lin2,간식 나눔해주세요,2024-07-31
2879,ddimmi96_2024-07-30,hanseou4,띠미님 너모 예뻐여,2025-01-20
2880,ddimmi96_2024-07-30,wongyomii,"어우 저걸 언제 다 사서 만들고 있냐,,,",2024-10-15
2881,ddimmi96_2024-07-30,mukstar_md,"와,,,8년 짬바 무시 못 하네요🔥🔥",2024-09-10
2882,ddimmi96_2024-07-30,heeyeonpark,k 그래놀라 ㅋㅋ,2024-09-08
2883,ddimmi96_2024-07-30,round_zero2,재료값이 요아정 값이네,2024-09-03
2884,ddimmi96_2024-07-30,_yxm22n,그게 더 비쌀거 같은 언니?,2024-08-26
2885,ddimmi96_2024-07-30,ihih131108,언뉘 눈섭문신해써??,2024-08-18
2886,ddimmi96_2024-07-30,coesehyeon591,그와중에 요아정그릇 컵라면으로대채함,2024-08-17
2887,ddimmi96_2024-07-30,cat._.servant,그와중에 컵라면 용기 ㅋㅋㅋㅋ,2024-08-13
2888,ddimmi96_2024-07-30,under_rabbit0329,영상을 보니까 아 이래서 사먹는구나 싶음,2024-08-07
2889,ddimmi96_2024-07-30,bluebellatelier0322,케이 그레놀라 ㅋㅋㅋㅋ,2024-08-07
2890,ddimmi96_2024-07-30,byeolhan.99,ㅋㅋㅋㅋㅋㅋ케이 그래놀랔ㅋㅋㅋㅋㅋㅋㅋ,2024-08-06
2891,ddimmi96_2024-07-30,yer1n_ye,@limhaeli__ 집에서 만들어먹은 요아정 어때,2024-08-05
2892,ddimmi96_2024-07-30,danmming,@gucci_abe 이거보니까 요아정 더 땡긴디야ㅎㅎ,2024-08-04
2893,ddimmi96_2024-07-30,lily_park_2013,벌꿀집 모야ㅋㅋ,2024-08-04
2894,ddimmi96_2024-07-30,min_chan_handsome,요아정이 뭐에요?,2024-08-04
2895,ddimmi96_2024-07-30,aprilmyx,이래서 비싸구나,2024-08-03
2896,ddimmi96_2024-07-30,y_oxg1,요아정이 요즘 아이스크림의 정석인가용?,2024-08-03
2897,ddimmi96_2024-07-30,ch.m1n_,그래놀라는 원래 한국꺼 아님?,2024-08-03
2898,ddimmi96_2024-07-30,j_eunji005,이게 더 비쌀듯,2024-08-03
2899,ddimmi96_2024-07-30,jinhyeok1101,마ㅛ있겠다,2024-08-02
2900,ddimmi96_2024-07-30,jinhyeok1101,여기느 인스타인데,2024-08-02
2901,ddimmi96_2024-07-30,jinhyeok1101,여기ㅡㄴㄴ,2024-08-02
2902,ddimmi96_2024-07-30,jinhyeok1101,유튜브 8년차이다고 했는데,2024-08-02
2903,ddimmi96_2024-07-30,moo_boza,왜 더 비쌀 거 같져.. ㅠㅠ,2024-08-01
2904,ddimmi96_2024-07-30,z.e.o.m,K그래놀라🔥🔥,2024-08-01
2905,ddimmi96_2024-07-30,jb_h4ppyd4ys,"저기에 매장운영비, 인건비, 메뉴개발비 등이 포함되겠지...",2024-08-01
2906,ddimmi96_2024-07-30,song_min_1020,@one_soo7,2024-08-01
2907,ddimmi96_2024-07-30,dllbdllbdllb,한 개 가격으로 두 개😂,2024-08-01
2908,ddimmi96_2024-07-30,2013_5.2,그정도면 사 먹는게 날것같아요..,2024-08-01
2909,ddimmi96_2024-07-30,ubinoe,요아정란 @egg_shorts,2024-08-01
2910,ddimmi96_2024-07-30,chocolate_cosmos1234567,ㅋㅋㅋㅋㅋㅋㅋㅋㅋㅋㅋㅋ,2024-08-01
2911,ddimmi96_2024-07-30,bagsehan45,정말 재밌는 영상을 많이 올려주셔서 감사하네여,2024-07-31
2912,ddimmi96_2024-07-30,dongyong_1,사먹는게 낫겟은데..,2024-07-31
2913,ddimmi96_2024-07-30,ye.rx0_,요거트월드가 같은 가격에 더 양 많음,2024-07-31
2914,ddimmi96_2024-07-30,yx.uo3,그게 더 비쌀것 가타요,2024-07-31
2915,ddimmi96_2024-07-30,s0.nn1,요이정이 뭔데,2024-07-31
2916,ddimmi96_2024-07-30,weonseob07,띠미 오렌만에 본다 오랜만에 asmr 그 원피스 열매나 봐야겠다,2024-07-31
2917,ddimmi96_2024-07-30,julovebin,요거트 레시피 올려주세여ㅕ,2024-07-31
2918,ddimmi96_2024-07-30,bm9j__,요아정 시큼새콤달콤 한 그릭요거트 맛에 먹는데 저건 그냥 달아,2024-07-31
2919,ddimmi96_2024-07-30,yb.0_1,요아정이 이 영상을 싫어합니다,2024-07-31
2920,ddimmi96_2024-07-30,choihojun220726,😮,2024-07-31
2921,ddimmi96_2024-07-30,uo_or11,K 그래놀라 ㅅㅂㅋㅋㅋㅋㅋㅋㅋㅋ,2024-07-31
2922,ddimmi96_2024-07-30,ju_y30n,ㅋㅂ,2024-07-31
2923,ddimmi96_2024-07-30,_chxwxj,“요즘 아저씨 뭐시기뭐시기“,2024-07-31
2924,ddimmi96_2024-07-30,wookilss,저거일일이사는게 돈더들겠다...,2024-07-30
2925,ddimmi96_2024-07-30,wlals_1323,최강 롯데자이언츠,2024-07-30
2926,ddimmi96_2024-07-30,su.b1v,요아정 얼마에여?,2024-07-30
2927,ddimmi96_2024-07-30,iseohyeon847,너무 대박이다 천재,2024-07-30
2928,ddimmi96_2024-07-30,ixmlan,언니 천재가 아니면 머야?,2024-07-30
2929,ddimmi96_2024-07-30,seojaeduk,본격 요아정 당기는 영상…🤤,2024-07-30
2930,ddimmi96_2024-07-30,ddimmi96,솔직히 아이디어 쩔었으면 좋아요좀 ˃̵͈̑ᴗ˂̵͈̑,2024-07-30
2931,ddimmi96_2024-07-30,ghmimi_fatma,❤️❤️❤️❤️,2024-07-30
2932,ddimmi96_2024-07-30,ghmimi_fatma,😍😍😍😍😍😍,2024-07-30
2933,ddimmi96_2024-07-30,ghmimi_fatma,👏👏👏👏👏👏,2024-07-30
2934,ddimmi96_2024-07-30,ghmimi_fatma,🔥🔥🔥🔥🔥🔥,2024-07-30
2935,ddimmi96_2024-07-30,ghmimi_fatma,First ❤️❤️❤️❤️,2024-07-30
2936,ddimmi96_2024-07-28,gureum5796,비가 네리면 김치 부침개지!,2024-08-16
2937,ddimmi96_2024-07-28,si.dx8,걍 비와서 분수대 안해서 야마도는데,2024-07-30
2938,ddimmi96_2024-07-28,jrrow87,맛있겠다ㅏ다다다다다ㅏㄷ,2024-07-29
2939,ddimmi96_2024-07-28,_soy1xll,바로밑에 돼지나옴,2024-07-29
2940,ddimmi96_2024-07-28,pairy__,와 개마싯겠다ㅜㅜㅜ,2024-07-28
2941,ddimmi96_2024-07-28,ixmlan,언니 일부러 바닥에 떨군 거지,2024-07-28
2942,ddimmi96_2024-07-28,ongsuzn,얼굴이 넘 귀엽다......,2024-07-28
2943,ddimmi96_2024-07-28,jsh.___.0812,저도 고기먹고싶어여 김치전두여 👉🏻👈🏻,2024-07-28
2944,ddimmi96_2024-07-28,ddimmi96,💝팬미팅 신청링크가 열렸어요💝,2024-07-28
2945,ddimmi96_2024-07-28,"참가비는 무료❗️인원제한 100명❗️이라 스토리, 피드에 있는 일정 보시고 되시면 꼭 신청해주세요🫶🏻
신청주신 분들 한해서 랜덤으로 100분을 뽑을 예정이에요 (선착순❌)

⭐️신청링크는 제 스토리혹은 프로필링크를 통해서 클릭해주세요⭐️
우리 꼭 만나요🫶🏻
klmheejae",다음엔 날 초대하렴?,2024-07-28
2946,ddimmi96_2024-07-20,uouv330,너무 이쁘신데,2024-11-15
2947,ddimmi96_2024-07-20,sonjihu16,띠미님! 다이어트 안 해도되요! 지금이 제일 예뻐요!❤️,2024-10-21
2948,ddimmi96_2024-07-20,simjinseo56,띠미 그나리여서 아파하지말고 다음영상에서 건강한 모습으로봐용!!넘 예뻐요,2024-09-03
2949,ddimmi96_2024-07-20,rael_0407a,그날은 설마 ㅅㄹ?...,2024-07-30
2950,ddimmi96_2024-07-20,_seaeu,너무이쁘시당,2024-07-29
2951,ddimmi96_2024-07-20,_seaeu,힘내세여,2024-07-29
2952,ddimmi96_2024-07-20,gaeul7790,언니 너무 이뻐요.,2024-07-27
2953,ddimmi96_2024-07-20,eungaegoyangi,그날은 ㄱ실컷먹어줘야함ㅋㅋ,2024-07-26
2954,ddimmi96_2024-07-20,jylove234,방금전의 제모습같아요..,2024-07-22
2955,ddimmi96_2024-07-20,myankh36,오 컨셉이긴하지만 내가 왜 화가났지 하고 자기성찰을 하는건 정말 대단하다,2024-07-22
2956,ddimmi96_2024-07-20,leenayull,띠미님 존경해요❤️,2024-07-22
2957,ddimmi96_2024-07-20,a.rgg1,띠미언니 이쁘다,2024-07-21
2958,ddimmi96_2024-07-20,j1eeeyun_,살쪘다고 하는 사람들은 얼마나 날씬하길래 띠미님보고 살쪘다고 하는건지 중요한 건 외면이 아니라 내면인 걸 잊지 않았으면...,2024-07-21
2959,ddimmi96_2024-07-20,jung_bin0516,너무너무 귀여워용🩷🥰,2024-07-21
2960,ddimmi96_2024-07-20,ssini_kim,그런데 황금기 생각하고 잠깐 먹엇는데 눈떠보니 배란기쥬,2024-07-20
2961,ddimmi96_2024-07-20,pairy__,귀여웡 ㅠ,2024-07-20
2962,ddimmi96_2024-07-20,heeyomagram,왕귀엽따 진짜 어쩜좋니,2024-07-20
2963,ddimmi96_2024-07-20,zzhaminzz,그냥 웃을때가 제일 이쁘셔요..,2024-07-20
2964,ddimmi96_2024-07-20,happy_seon_you_v_,그냥 존옌데요?,2024-07-20
2965,ddimmi96_2024-07-20,gim0321,저거 맛있나요?,2024-07-20
2966,ddimmi96_2024-07-20,nado_odo,이거 요아정 먹고싶어서 찍은 거 같은데,2024-07-20
2967,ddimmi96_2024-07-20,klmheejae,기야워 💖,2024-07-20
2968,ddimmi96_2024-07-20,ddimmi96,팬미팅 인원제한이 100명이라 다음주쯤에 사전모집신청서 구글폼으로 올릴예정이에요✨ 그때 많이 신청해주세요! 우리 많이많이 만나요😭❤️❤️,2024-07-20
2969,ddimmi96_2024-07-18,iseoyeon9964,띠미님도다이어트하세요?저두요ㅠㅠ,2025-01-09
2970,ddimmi96_2024-07-18,jx.m__1n,꼬기닭? 그거 먹어용!!,2024-10-27
2971,ddimmi96_2024-07-18,h_ys10214,치즈랑 라면스프랑 같이 먹으면 개맛도리,2024-10-19
2972,ddimmi96_2024-07-18,hayoon_.e,그거 닭가슴살 잘라서 프라이펜에 굽고 샐러드랑 같이 비비큐 소스 뿌리면 무지 맜있어요!! 비비큐 소스가 진짜 맜있어요 그래서 닭가슴살 그렇게 한번 먹어보세용!!!,2024-10-15
2973,ddimmi96_2024-07-18,x_k1hzn_,우린 저걸 치킨이라고 부루기로 했어요,2024-10-08
2974,ddimmi96_2024-07-18,uouv330,맛있게 먹으면 0칼로리래요😂,2024-07-30
2975,ddimmi96_2024-07-18,beayer_yoon,꼬기닭먹으셈,2024-07-24
2976,ddimmi96_2024-07-18,navy._.26,ㅋㅋㅋㅋㅋㅋ,2024-07-22
2977,ddimmi96_2024-07-18,go_d.13,화면에서 시리하니까 진짜로 시리가 나왔어욬ㅎㅋㅎㅋㅎ,2024-07-21
2978,ddimmi96_2024-07-18,1s.jn,띠미님이 시리불러서 시리 나왔잖아요😢,2024-07-20
2979,ddimmi96_2024-07-18,klmheejae,죽어 죽어 이러네,2024-07-20
2980,ddimmi96_2024-07-18,yx_na3,왜 내 시리가 반응하지,2024-07-20
2981,ddimmi96_2024-07-18,c._.rimm01,스리라차랑 치즈 넣으면 맛도리,2024-07-20
2982,ddimmi96_2024-07-18,leeseul_____,우리 시리가 알람을맞처써여 ㅎ,2024-07-20
2983,ddimmi96_2024-07-18,tyurow1,닭가슴살 찜기에 쪄서 소금에찍어먹고서 헬스 4시간 운동하믄 괜찮아요..!!,2024-07-19
2984,ddimmi96_2024-07-18,x_nuy15,"두부면,닭가슴살, 토마토 소스(스파게티용) 이렇게 드셔도 맛있어요!!",2024-07-18
2985,ddimmi96_2024-07-18,twinstsniwt,솔직히 이래나저래나 말라서 잘모르겟어요ㅋㅋ,2024-07-18
2986,ddimmi96_2024-07-18,rkflfnfpfh,ㅋㅋㅋㅋㅋㅋㅋㅋㅋㅋㅋㅋㅋㅋ,2024-07-18
2987,ddimmi96_2024-07-18,seojaeduk,팬미팅을 위해 고생중인 띠미님 다이어트 화이팅!🔥,2024-07-18
2988,ddimmi96_2024-07-18,jixnz_.13,❤️❤️,2024-07-18
2989,ddimmi96_2024-07-18,jixnz_.13,1빵,2024-07-18
2990,ddimmi96_2024-07-18,ddimmi96,여러분 근데 저 프랑스 갔다오고나서랑 비교하면 살좀 빠진것 같지않나요?(네?) 곧 팬미팅이라 진짜 빼고있단말야!!!!😭,2024-07-18
2991,ddimmi96_2024-07-18,ax.ri13,살쪄도 이뻐유,2025-01-11
2992,ddimmi96_2024-07-18,0r7l14,"띠미 살 많이는 안 쪄 보이는데..?,",2025-01-07
2993,ddimmi96_2024-07-18,elephant.1217390,뭐가 살쪄!!! 예쁘기만 하구만,2024-12-21
2994,ddimmi96_2024-07-18,gweonsohyeon9984,여신,2024-10-24
2995,ddimmi96_2024-07-18,yexo_0625,몸무게 잴때 왜 비요뜨가 나와요ㅋㅋ,2024-08-23
2996,ddimmi96_2024-07-18,l.yuumi_0514,띠미님은 다이어트 안해도 이뻐욤,2024-08-17
2997,ddimmi96_2024-07-18,coeminja93,다이어트 안해도 예뻐요,2024-08-17
2998,ddimmi96_2024-07-18,sy_x530,엉닝 엉젱낭 황잉팅!!❣️,2024-08-11
2999,ddimmi96_2024-07-18,uouv330,이거보고 떡볶이 시켰어요😂,2024-08-01
3000,ddimmi96_2024-07-18,hwan.g5140,살이 어디있나요?,2024-07-21
3001,ddimmi96_2024-07-18,m_wm91,넘 귀여워요ㅋㅋㅋㅋㅋㅋㅋㅋㅋㅋ,2024-07-20
3002,ddimmi96_2024-07-18,y_su1,머지 이 귀여운 영상은,2024-07-18
3003,ddimmi96_2024-07-18,kapibara6791,원레 다이어트는 내일부터야,2024-07-18
3004,ddimmi96_2024-07-18,geoju5,낫또 추천,2024-07-18
3005,ddimmi96_2024-07-18,khb_0922,언니는.. 쪄도 이쁜데..,2024-07-17
3006,ddimmi96_2024-07-18,jeongceolseongjeong,53주답글 달기,2024-07-17
3007,ddimmi96_2024-07-18,window_of_the_moonlight,안쪘는뎅😮 (뭐가살쪄!) 😢,2024-07-17
3008,ddimmi96_2024-07-18,jiyoun1022,완전 공감 ㅠㅠ,2024-07-17
3009,ddimmi96_2024-07-18,_abirami46,Food is our life😂👏,2024-07-17
3010,ddimmi96_2024-07-18,jiy__00,ㅋㅌㅋㅌㅋㅌㄱㄷㄱㄷㄱㄷㅋㄷㅋㅌㅋ 아가리어터 ..딱저같아요 😂 따악 이것만먹고 내일부터~!!!!,2024-07-17
3011,ddimmi96_2024-07-18,klmheejae,언제냐 저거?,2024-07-16
3012,ddimmi96_2024-07-18,seonhwa1819,띠미는 그자체로 띠미~~~^^,2024-07-16
3013,ddimmi96_2024-07-18,luny_hy,다이어트는 내일부터는 명언이죠ㅋ,2024-07-16
3014,ddimmi96_2024-07-18,silver_saem,ㅋㅋㅋㅋㅋㅋㅋㅋㅋㅋㅋㅋㅋㅋㅋㅋㅋㅋ,2024-07-16
3015,ddimmi96_2024-07-18,agarissmul,안쪘어요!!!!!! 쪄도 찐대로 귀엽구만 왜그래 🥺,2024-07-16
3016,ddimmi96_2024-07-18,seosangki0616,다이어트팁을 드리자면 저처럼 저녁을 안먹고 점심을12시에 드신다고하면 점심먹기6~7시간전에 아침을드세요.,2024-07-16
3017,ddimmi96_2024-07-18,ye_lin2,엽떡미쵸따..,2024-07-16
3018,ddimmi96_2024-07-18,ddimmi96,두고봐!!!!! 다 죽었어🔥🔥🔥,2024-07-16
3019,ddimmi96_2024-07-14,robiul.hsasn.98,❤️👏👏👏,2025-01-03
3020,ddimmi96_2024-07-14,sonorous_ein_99,@9.4_hwan 집앞에 이쓰니까 가보꺄,2024-09-03
3021,ddimmi96_2024-07-14,na74ru,와!! 가보고 싶다!!,2024-08-22
3022,ddimmi96_2024-07-14,szzbrn,피자 맛있겠다,2024-08-20
3023,ddimmi96_2024-07-14,lov2_y0u,@wldbswjd_02,2024-08-02
3024,ddimmi96_2024-07-14,isua8242,정수리가 빨겠엌ㅋㅋㅋㅋㅋㅌ,2024-07-29
3025,ddimmi96_2024-07-14,b_my117,@0leed_,2024-07-28
3026,ddimmi96_2024-07-14,h.yul_08,@rladnst,2024-07-28
3027,ddimmi96_2024-07-14,__yj_97.06.04,@ho______oi 온천장에도 이집있더랑! 가보댜!,2024-07-27
3028,ddimmi96_2024-07-14,oo_carino,@wl___dnjs__ 맛있겠다,2024-07-27
3029,ddimmi96_2024-07-14,d.inny_,@wooki__96 김복남맥주마시러가쟈!!!!,2024-07-26
3030,ddimmi96_2024-07-14,ghjdkxo,진짜 얼굴이 조금 빨개 지셧는데여,2024-07-25
3031,ddimmi96_2024-07-14,plmm__0,@j._.hana1 우와 하나야 마곡이래 여기 가보장,2024-07-24
3032,ddimmi96_2024-07-14,seodang68,김복남 떡볶이마싯음,2024-07-24
3033,ddimmi96_2024-07-14,uouv330,언니 같이 짠해요🔥,2024-07-23
3034,ddimmi96_2024-07-14,ddyaniii_,@eunky0__ 은교다..,2024-07-18
3035,ddimmi96_2024-07-14,sulnuna,ㅋㅋ,2024-07-17
3036,ddimmi96_2024-07-14,munbyeongseon76,가고시따,2024-07-16
3037,ddimmi96_2024-07-14,cyankim_,김복남맥주 가성비 갑ㄷㄷㄷ,2024-07-15
3038,ddimmi96_2024-07-14,silver_saem,ㅋㅋㅋㅋㅋㅋㅋㅋ마곡이네?,2024-07-14
3039,ddimmi96_2024-07-14,brave97s,와 여기 진짜 가보고싶당,2024-07-13
3040,ddimmi96_2024-07-14,ongsuzn,세상에.....넌 알쓰중에 최고ㅠ,2024-07-13
3041,ddimmi96_2024-07-14,ixmlan,어디다 내놓기 부끄러운 울 언니…,2024-07-13
3042,ddimmi96_2024-07-14,zoopitoaaaa,진짜 취하신듯,2024-07-13
3043,ddimmi96_2024-07-14,rkflfnfpfh,ㅋㅋㅋㅋㅋㅋㅋㅋㅋㅋㅋㅋㅋㅋㅋㅋㅋㅋㅋㅋㅋㅋㅋ진짜 빨개지셨네요ㅋㅋㅋㅋㅋㅋㅋㅋㅋㅋㅋ너무 귀여우심,2024-07-13
3044,ddimmi96_2024-07-14,ddimmi96,진짜 취해서 몇시간 동안 집을 못갔어요... (진짜임),2024-07-13
3045,ddimmi96_2024-07-12,hy._x14,저 머랭쿠키 영상 진짜 추억이네여❤️,2024-10-26
3046,ddimmi96_2024-07-12,taeni_kuma,띠미 사랑해❤️❤️,2024-09-20
3047,ddimmi96_2024-07-12,xowoane,언니혹시 세븐틴이랑 동갑인네,2024-08-11
3048,ddimmi96_2024-07-12,yang._.yeseo,힘내세요!❤️,2024-08-05
3049,ddimmi96_2024-07-12,ye2.bexn2,영상 보고싶었는데 오늘은 못보네여😢,2024-07-28
3050,ddimmi96_2024-07-12,eom.cw._.11,마지막:아아아아아아ㅏㅇ👹👹👹👹👹👹👹👹👹👹👹👹,2024-07-21
3051,ddimmi96_2024-07-12,idaeun3001,와 내가 어렸을때 좋아하던 영상인데..🥹,2024-07-16
3052,ddimmi96_2024-07-12,shin._.bi12,"언니가 만든거 함 머거보구 시퍼요,,,😍",2024-07-15
3053,ddimmi96_2024-07-12,ve1y__cho,띠미 오래도록 유튜브해줘서 고마워💗,2024-07-14
3054,ddimmi96_2024-07-12,biancokj,언니 왜 유투브 왜 끈을 생각을 했어요??,2024-07-14
3055,ddimmi96_2024-07-12,song_eun_seo_,힘내세요!!!😍,2024-07-14
3056,ddimmi96_2024-07-12,ooqqllllllzz,귀청소 asmr한번만 더 찍어주세요ㅠㅠ,2024-07-14
3057,ddimmi96_2024-07-12,fro_dzert,늘 애쓰고 돌아보기도하고..잘되길,2024-07-14
3058,ddimmi96_2024-07-12,ky_.e30,어릴때 매일매일 챙겨봤는데 너무.. 이뻐졌습니다,2024-07-13
3059,ddimmi96_2024-07-12,yulxlake_,아니 우리 애기 벌써 29살이야.....?...난 얼마나 늙은겨,2024-07-13
3060,ddimmi96_2024-07-12,u30_of_storm,띠미 여신님이 영상을 하사하셨다ㅋㅋㅋ 곧 머랭쿠키 부사관 중사 진급하시겠네요,2024-07-12
3061,ddimmi96_2024-07-12,ye._.won1163,수고하셨어요💧,2024-07-12
3062,ddimmi96_2024-07-12,1a.ex_,ㅠ 벌써 그렇게나 됬다닛 시간이 빠른가보네용,2024-07-12
3063,ddimmi96_2024-07-12,ongsuzn,캬 내가 조아하는 머랭쿠키 에셈알 영상~~❤,2024-07-12
3064,ddimmi96_2024-07-12,ssini_kim,호요호요호요호요 해죠야죠호요,2024-07-12
3065,ddimmi96_2024-07-12,ddimmi96,💥띠미의 이상한 ASMR 머랭쿠키 7주년 특집💥,2024-07-12
3066,ddimmi96_2024-07-12,"유튜브 롱폼 이어서 올렸으니 꼭 보러오세요! 짱 신기하고 짱 재밌음😍

22살 ~ 29살이된 지금까지 항상 사랑주시고 예뻐해주셔서 감사합니다
제 20대를 함께해줘서 띰띰이들 고마워요❤️
(물론 만나이 27이라 내년도 20대로 살것ㅋ)
띰띰이들 사랑해❤️
⭐⭐️⭐️8년차 띠미 등극⭐️⭐️⭐️
dkfk_ra28",우왁ㄱ 빨리왓담ㅁㅁㅁ,2024-07-12
3067,ddimmi96_2024-07-12,kailey251015,잘만든다!!!!!🔥🔥🔥,2024-07-12
3068,ddimmi96_2024-07-12,x.jiz0_,호요호요소리..ㅜㅜ,2024-07-12
3069,ddimmi96_2024-07-12,arin000429,"오옷 빨리와땨ㅑ 축하해요! 내년도 내후년도 난 언니 팬이얍 10000000팔로워,구독자 드가쟝",2024-07-12
3070,ddimmi96_2024-07-08,sjy._.07,독일에서 타이어젤리 먹고 호텔에서 토했던 기억이..,2024-11-02
3071,ddimmi96_2024-07-08,youn_ji_zzing,그거 타이어젤리 인데 다이어트 젤리예여,2024-11-01
3072,ddimmi96_2024-07-08,yeolmu_8888,언니 왜케 예뻐여?,2024-10-29
3073,ddimmi96_2024-07-08,ijihyo630,2번운 감초맛 젤리구요 3번은 무화과 입니당!,2024-10-28
3074,ddimmi96_2024-07-08,coeyuna850,띠미운니! 넘 예뻐욤!ㅠㅠ,2024-10-20
3075,ddimmi96_2024-07-08,your_love.ing,감초 룩츱,2024-10-06
3076,ddimmi96_2024-07-08,chipichipichapachapa0124,마지막꺼는 매운초콜렛?,2024-09-28
3077,ddimmi96_2024-07-08,paryasaberyy,You eat that with a tea,2024-09-12
3078,ddimmi96_2024-07-08,hap_py.kim,@bodori.ssong 니가 예전에 독일갔다가 사다준 타이어맛 젤리,2024-09-08
3079,ddimmi96_2024-07-08,infp_loversrock,저거 타이어맛 진짜 맛없음..,2024-09-07
3080,ddimmi96_2024-07-08,botongyee,1번은 설탕이고 차 마실때 쓰는거에요😂,2024-09-04
3081,ddimmi96_2024-07-08,hoesung_11,@eunwo_o425 @조연재,2024-09-03
3082,ddimmi96_2024-07-08,asals.h17,최초의 Aoun은 이란 공장이었습니다😂,2024-08-29
3083,ddimmi96_2024-07-08,yw.xeo_,ㅋㅋ 감초맛이예요,2024-08-27
3084,ddimmi96_2024-07-08,imnot_kyunghwan,감초아님?,2024-08-26
3085,ddimmi96_2024-07-08,j_yewon1012,타이어모양 젤리는 감초맛 절리입니당.감초는 한약재로 쓰인다고 합니다.,2024-08-24
3086,ddimmi96_2024-07-08,ji_3o11,타이어 닮은 젤리 속 안이 두바이 초콜릿인 줄??,2024-08-13
3087,ddimmi96_2024-07-08,eeeeeezzzzzzzzzz20090523,그거 과일모양 과일인데,2024-08-12
3088,ddimmi96_2024-07-08,chaejia1110,2번째 락캔디에요,2024-08-12
3089,ddimmi96_2024-07-08,sy_x530,보석 진짜 먹으면 이빨 나갈 듯;;,2024-08-11
3090,ddimmi96_2024-07-08,osxorn,언니 그 젤리 감초젤리야,2024-08-08
3091,ddimmi96_2024-07-08,skylove0724,보석사탕주세요,2024-08-06
3092,ddimmi96_2024-07-08,skylove0724,언니,2024-08-06
3093,ddimmi96_2024-07-08,siyul_2014ha,첫반째 락캔디...,2024-08-03
3094,ddimmi96_2024-07-08,chzx.un__,"감초젤리를 사오면 어떡게,,,,,",2024-08-03
3095,ddimmi96_2024-07-08,seoyun151017,감초 젤리 에용,2024-08-02
3096,ddimmi96_2024-07-08,_i_ms_y,2번째 간식은 감초젤리입니다...................한약젤리라고도 불리죠,2024-07-27
3097,ddimmi96_2024-07-08,s.xmin2,감초젤리 에요,2024-07-26
3098,ddimmi96_2024-07-08,y_soonj,@pnh93 뭔가.. 중학교때 영어쌤 떠오른다 ㅋㅋㅋ,2024-07-21
3099,ddimmi96_2024-07-08,gimseurang,3번째는그껍질까야하지안나요?,2024-07-19
3100,ddimmi96_2024-07-08,jaem_minking,찰흙을 먹어보셨다니,2024-07-18
3101,ddimmi96_2024-07-08,yunsiho19,저 보석사탕같은거 뜨거운 커피나 우유에 저어먹는거에여...,2024-07-15
3102,ddimmi96_2024-07-08,he._ju,2번 하리보 감초맛이에요!,2024-07-15
3103,ddimmi96_2024-07-08,_yellowra_,첫번째 사탕을 차에서 놓다 드세요. 설탕처럼...,2024-07-13
3104,ddimmi96_2024-07-08,sohyi9677,2번째꺼 제친구가 여행갔다가 시온거 제가 먹어봤는데 한약 냄새났고 다른에들한데 다 줬어요ㅋㅋㅋㅋㅋ,2024-07-12
3105,ddimmi96_2024-07-08,soo_jn14,두 번째 젤리는 감초 젤리에요,2024-07-12
3106,ddimmi96_2024-07-08,u_jun12,저거 바퀴맛이 아니라 감초맛 젤리에용,2024-07-12
3107,ddimmi96_2024-07-08,simple__wedding,❤️❤️❤️❤️❤️❤️❤️❤️,2024-07-12
3108,ddimmi96_2024-07-08,dkxekgml,언니가 이상한것만 사온 듯😢,2024-07-11
3109,ddimmi96_2024-07-08,sh_ch_huni,2번째 감초임,2024-07-11
3110,ddimmi96_2024-07-08,mjx14.2,ㅋㅋㅎㅎ,2024-07-11
3111,ddimmi96_2024-07-08,imcanhyeong56,그...장식품이 아니라 간식 맞죠?...,2024-07-10
3112,ddimmi96_2024-07-08,s.dxh_,그거 감초인데,2024-07-10
3113,ddimmi96_2024-07-08,coeeunseong26,2번째 하리보 ”감초젤리“이에요 !! 3번째는 모르겠네요ㅠ,2024-07-10
3114,ddimmi96_2024-07-08,5omizn,저거 감초맛 젤리에요오,2024-07-10
3115,ddimmi96_2024-07-08,f6_7te,중간에 바퀴는 감초맛이라네요 네덜란드 국민간식이랍니다,2024-07-10
3116,ddimmi96_2024-07-08,1.ux07,바퀴처럼 생긴거 그거 감초 젤리? 그거 아님??,2024-07-10
3117,ddimmi96_2024-07-08,dwd_jj,젤리 아마 감초맛일거에요 하하ㅏ,2024-07-10
3118,ddimmi96_2024-07-08,st4r_7_shadow,이거 빈 채로 먹으면 안 돼요 😭😂,2024-07-10
3119,ddimmi96_2024-07-08,sinjua298,감초젤리 친구가 꽤 잘먹길래 맛있는줄 알고 먹었는데 바퀴맛 나서 1년동안 하리보랑 손절때리고 친구랑 멀어짐,2024-07-10
3120,ddimmi96_2024-07-08,jx_s00_3,2번째 검은색 바퀴모양 젤리는 감초맛 젤리 입니다 맛없기로 유명해요 ㅋㅋㅋㅋㅋ,2024-07-10
3121,ddimmi96_2024-07-08,1uiao_,1번은 전통 설탕입니당. 커피나 차에 넣어서,2024-07-10
3122,ddimmi96_2024-07-08,"녹여서 마시는 거예요!
yunyena99",그거 감초에요…,2024-07-10
3123,ddimmi96_2024-07-08,lee_yeon_123,ㅅㄴㅈ,2024-07-10
3124,ddimmi96_2024-07-08,taeuniii_31,2번째는 감초 젤리 입미당,2024-07-10
3125,ddimmi96_2024-07-08,1x.b0m,2번째 간식 감초맛 젤리야 온니..,2024-07-10
3126,ddimmi96_2024-07-08,bora.jeon.161,감초 한번맛보고 하리보에서 나오는 검정색은 다 제끼게되더라고요,2024-07-10
3127,ddimmi96_2024-07-08,h.su.k_,"하리보 감초맛 젤리, 마지팬",2024-07-10
3128,ddimmi96_2024-07-08,ye0n_777,2번 째 감초맛 젤리아닌가?,2024-07-10
3129,ddimmi96_2024-07-08,stay_092218325,2번째는 핀란드 국민들이 제일 좋아하는 감초젤리 입니다ㅋㅋㅋ,2024-07-10
3130,ddimmi96_2024-07-08,coesea743,첫번째 감식은 락 캔디 같고요 2번째꺼는 감초 맛이에요! 3번째꺼는 화과자 같아요!,2024-07-10
3131,ddimmi96_2024-07-08,st4r_7_shadow,첫 번째 것을 차에 섞어야 해요❤️,2024-07-10
3132,ddimmi96_2024-07-08,heejae1127,까만젤리 어디사 사요?????,2024-07-10
3133,ddimmi96_2024-07-08,jxwon._x,악! 감초젤리,2024-07-10
3134,ddimmi96_2024-07-08,seohyeon6823,두번째 젤리 진짜 고무맛,2024-07-09
3135,ddimmi96_2024-07-08,oari5421,3번째 마지판이라는 독일새해 간섹 일거에요,2024-07-09
3136,ddimmi96_2024-07-08,s0.5ua,검은색 젤리 감초 젤리일걸요??,2024-07-09
3137,ddimmi96_2024-07-08,p.seoah,2번째 감초임,2024-07-09
3138,ddimmi96_2024-07-08,ytttiwk,اول آكله تراه سكر نبات,2024-07-09
3139,ddimmi96_2024-07-08,_xhso1,아니 타이어맛은 어케알고 찰흙맛은 어케아는거야?,2024-07-09
3140,ddimmi96_2024-07-08,arin111512,진짜 평범한게 없어,2024-07-09
3141,ddimmi96_2024-07-08,1113cherry.0101herro,록켄디인가…..?그 캔디 아닌가요?,2024-07-09
3142,ddimmi96_2024-07-08,mil_mdjh43,3번 마지판인줄 알았음 마지판인가?,2024-07-09
3143,ddimmi96_2024-07-08,tanx1.y,감초젤리 윽.. 맛이 진짜진쨔ㅠ안 좋아요,2024-07-09
3144,ddimmi96_2024-07-08,_hay00n._,오 이번에또 이란 nabat ㅋ,2024-07-09
3145,ddimmi96_2024-07-08,yeonwoo._.0226,그거 감초맛인데 하리보 저 그거 먹어뵜는데 맛없어써욘..,2024-07-09
3146,ddimmi96_2024-07-08,smallhsj02,감초,2024-07-09
3147,ddimmi96_2024-07-08,jeongdaeun326,그냥다이상한거네요,2024-07-09
3148,ddimmi96_2024-07-08,dnxial,2번째꺼는 감초젤린데 감초가 한약에도 들어가는 약제라서 맛은 없을듯요,2024-07-09
3149,ddimmi96_2024-07-08,whgurdnjs11,감초맛 젤리 입니다,2024-07-09
3150,ddimmi96_2024-07-08,_syju_,그거 감초맛..,2024-07-09
3151,ddimmi96_2024-07-08,cx.rae3,처음꺼 이슬람식 설탕 간식이에요 😂,2024-07-09
3152,ddimmi96_2024-07-08,uouv330,과일모양은 맛있어보였는데...,2024-07-09
3153,ddimmi96_2024-07-08,guccieun__,@seul.a_yam 와 뜌라야 독일갔을때 언니도 사온 하리보 검은색!! ㅋㅋ𐌅𐨛𐌅𐨛𐌅𐨛𐌅𐨛𐌅𐨛 저거 진짜 먹자마자 뱉어야함 개노맛,2024-07-08
3154,ddimmi96_2024-07-08,xjwurt,띠미 니가 사온거다 악으로 깡으로 먹어라!!😈😈,2024-07-08
3155,ddimmi96_2024-07-08,tjwldn700,모기약,2024-07-08
3156,ddimmi96_2024-07-08,xin______xx___,ㅠㅠㅠㅠㅋㅋㅋ 다 요상한 간식,2024-07-08
3157,ddimmi96_2024-07-08,vip.0818hee,2번째는 타이어 젤리라고있는데 저것보다 더 맛있는 콜라맛있고 3번째는 화과자 같은데 전통음식이여서 과일맛인데 아마도 그건 싸구려인거같아요 더 비싸고 맛있는거 많아요ㅋㅋ,2024-07-08
3158,ddimmi96_2024-07-08,s.uhy0n,오늘 영어쌤이 나눠주셨는데 애들이 타이어 맛 난다고..ㅋㅋ,2024-07-08
3159,ddimmi96_2024-07-08,tkfkddl0220,"하리보 감초맛 지~~~인짜 개맛없어 퉤, 독일서 사온거라 좋다고 뜯어먹었다가 증오할뻔했자나요ㅋㅋㅋㅋㅋㅋ",2024-07-08
3160,ddimmi96_2024-07-08,twinstsniwt,과일젤리 진짜 과일모형처럼 생겼다ㅋㅋㅋ,2024-07-08
3161,ddimmi96_2024-07-08,mell._0dy,عهههه آرشششش😭🤣🤣🤣,2024-07-08
3162,ddimmi96_2024-07-08,ddimmi96,"띰띰이들 2번째 간식, 3번째 간식들 정체가 대체 뭔가요😱⁉️",2024-07-08
3163,ddimmi96_2024-07-06,yu_han8160,응가,2024-11-16
3164,ddimmi96_2024-07-06,ky.xne13,똥💩🚽,2024-11-15
3165,ddimmi96_2024-07-06,x_oszxe,똥뚕!!,2024-11-08
3166,ddimmi96_2024-07-06,seoyoon_07013,쫀득 쿠키 만들어 먹지,2024-10-31
3167,ddimmi96_2024-07-06,youg._.xs,똥,2024-10-31
3168,ddimmi96_2024-07-06,j1p_o.x,똥,2024-10-30
3169,ddimmi96_2024-07-06,j1p_o.x,똥,2024-10-30
3170,ddimmi96_2024-07-06,j1p_o.x,똥,2024-10-30
3171,ddimmi96_2024-07-06,j1p_o.x,똥,2024-10-30
3172,ddimmi96_2024-07-06,j1p_o.x,똥,2024-10-30
3173,ddimmi96_2024-07-06,j1p_o.x,똥,2024-10-30
3174,ddimmi96_2024-07-06,j1p_o.x,똥,2024-10-30
3175,ddimmi96_2024-07-06,so.y13_,똥..ㅋㅋㅋ,2024-10-27
3176,ddimmi96_2024-07-06,paint_cute_123,똥,2024-10-17
3177,ddimmi96_2024-07-06,c.hw0n.x14,똥이라고 하지 말라고요?! 알겠어요 그럼 응가 같아용 ㅋ,2024-10-17
3178,ddimmi96_2024-07-06,kkang201301,똥이라 안하고 변이라 하께요,2024-10-15
3179,ddimmi96_2024-07-06,jihong4959,똥 💩,2024-10-05
3180,ddimmi96_2024-07-06,ezezez._.14,똥,2024-10-03
3181,ddimmi96_2024-07-06,doyeonu7,똥,2024-09-26
3182,ddimmi96_2024-07-06,vip.0818hee,💩💩💩💩💩,2024-08-25
3183,ddimmi96_2024-07-06,appleyun7,똥 같다,2024-08-24
3184,ddimmi96_2024-07-06,kimgunhee0715,ㄸ 처럼 생겼다,2024-08-24
3185,ddimmi96_2024-07-06,ganggyeongbin65,티라미수 케익 같다,2024-08-05
3186,ddimmi96_2024-07-06,da_in_0327,그래도 잘 만든 거 같아요,2024-07-13
3187,ddimmi96_2024-07-06,luny_hy,와 주작 잘하셨네요 ...,2024-07-10
3188,ddimmi96_2024-07-06,pjhpopo,응가,2024-07-08
3189,ddimmi96_2024-07-06,do_hx.y,똥,2024-07-08
3190,ddimmi96_2024-07-06,gimdohun3650,똥💩,2024-07-08
3191,ddimmi96_2024-07-06,sihun0823,똥이야,2024-07-08
3192,ddimmi96_2024-07-06,ssini_kim,좋아 아무도 몰라,2024-07-08
3193,ddimmi96_2024-07-06,lovecat__jh,똥이라고 하지말래서 ❤️또옹🔥,2024-07-07
3194,ddimmi96_2024-07-06,dajung_1004,언니 크림은 넣었지,2024-07-07
3195,ddimmi96_2024-07-06,surrin_smkarzibestofbest,똥,2024-07-07
3196,ddimmi96_2024-07-06,jungi.0920,그럼 진흙이라곤 해도 되죠 ㅋㅋ,2024-07-07
3197,ddimmi96_2024-07-06,kdh._.dh_12,똥 같아,2024-07-07
3198,ddimmi96_2024-07-06,zi.wux,💩,2024-07-06
3199,ddimmi96_2024-07-06,ixmlan,ㅋㅋㅋㅋㅋㅋ 언니 이제 오레오도 만드는 여자야?,2024-07-06
3200,ddimmi96_2024-07-06,twinstsniwt,덩,2024-07-06
3201,ddimmi96_2024-07-06,iea.eud,언니...니 방금똥 싸고왔는데...,2024-07-06
3202,ddimmi96_2024-07-06,nado_odo,아.. 그… 💩,2024-07-06
3203,ddimmi96_2024-07-06,adbbd203,,2024-07-06
3204,ddimmi96_2024-07-06,rhkr._.dmstl,똥!,2024-07-06
3205,ddimmi96_2024-07-06,ddimmi96,똥이라고 댓글달지마라!!!!!!!!,2024-07-06
3206,ddimmi96_2024-07-06,yuhiro0o,ㅋㅋㅌㅌㅋㅌㅋㅋㅋㅋㅋ주작이 답이엿다,2024-07-06
3207,ddimmi96_2024-07-04,gureum5796,마지막에 덩 처럼 생겼다,2024-08-26
3208,ddimmi96_2024-07-04,uouv330,나만 먹고싶나😂😂,2024-07-09
3209,ddimmi96_2024-07-04,twinstsniwt,뭔가 3일먹을 양에서 하루로바뀐느낌,2024-07-06
3210,ddimmi96_2024-07-04,hyoje_0705,세븐틴도 먹었다는 전설의 빵❤️,2024-07-06
3211,ddimmi96_2024-07-04,knp9972,저건 어디서 파는건가유 대왕이,2024-07-04
3212,ddimmi96_2024-07-04,kaytheone.xii,와..미틴,2024-07-04
3213,ddimmi96_2024-07-04,_soeun_13_,헉❤️,2024-07-04
3214,ddimmi96_2024-07-04,youngtak_han_8282,제빵사가 제일 싫어하는 영상 1위,2024-07-04
3215,ddimmi96_2024-07-04,cinerji,😂😂😂😂😂😂,2024-07-04
3216,ddimmi96_2024-07-04,gimjihu933,레전드다,2024-07-04
3217,ddimmi96_2024-07-04,yuhiro0o,진짜 어케 가져옴거야,2024-07-04
3218,ddimmi96_2024-07-04,ssini_kim,진짜요리사인거 오늘알아부럿네,2024-07-04
3219,ddimmi96_2024-07-02,hy._x14,엽떡은 사랑이징❤️,2024-08-15
3220,ddimmi96_2024-07-02,x_yizq,왜 떡볶이 먹을 때 입는 옷 안입으셨져?,2024-07-10
3221,ddimmi96_2024-07-02,_jungjihyun,엽떡 양이 왜케 적은거 같져.. .....( 서운),2024-07-09
3222,ddimmi96_2024-07-02,som2ya,정말 궁금한게 젓가락질 저렇게 하시는 분들은 못고치는 건가요?,2024-07-08
3223,ddimmi96_2024-07-02,yewon0364,아 진짜 온닝!!!,2024-07-07
3224,ddimmi96_2024-07-02,ifvex_,Hi I'm from Indonesia👋,2024-07-06
3225,ddimmi96_2024-07-02,nswer._.roo,초콜렛 저거.... 그거 아닌가요,2024-07-04
3226,ddimmi96_2024-07-02,twinstsniwt,ㅋㅋㅋㅋㅋㅋㅋ 면도 특이한데 마지막까지 ㅋㅋㅋ,2024-07-03
3227,ddimmi96_2024-07-02,parkjajun1211,치즈는.....??,2024-07-03
3228,ddimmi96_2024-07-02,2017nori,😮🥐❤️어이구야❤️❤️❤️❤️😍,2024-07-02
3229,ddimmi96_2024-07-02,yet_vely,마디맏 ㅠㅠㅠㅠ너무귀엽따.... 🫢🫢🫢🫢,2024-07-02
3230,ddimmi96_2024-07-02,e.uns0o,364간이면 몇칠이냐;;;,2024-07-02
3231,ddimmi96_2024-07-02,klmheejae,ㅋㅋㅋㅋㅋㅋㅋㅋㅋ,2024-07-02
3232,ddimmi96_2024-07-02,klmheejae,아 개웃기내,2024-07-02
3233,ddimmi96_2024-07-02,heeyomagram,멀본거지 내가,2024-07-02
3234,ddimmi96_2024-07-02,xu_1.eun,오!!!일찓왔따ㅏㅏ,2024-07-02
3235,ddimmi96_2024-07-02,ongsuzn,아낰ㅋㅋㅋㅋㅋㅋㅋㅋㅋ,2024-07-02
3236,ddimmi96_2024-07-02,yessii__11,미핔ㅋㅋㅋㅋㅋㅋㅋ 유럽에서 뭘저렇게 밀수해온거냐고ㅠ,2024-07-02
3237,ddimmi96_2024-07-02,cyankim_,마지막 합성 아닌가요,2024-07-02
3238,ddimmi96_2024-07-02,riny0116,2빠!!,2024-07-02
3239,ddimmi96_2024-07-02,ddimmi96,오늘 영상 마지막 장면 제발 놓치지마세요ㅋㅋㅋㅋㅋㅋㅋㅋㅋㅋㅋㅋㅋㅋㅋㅋㅋㅋㅋㅋㅋㅋㅋ,2024-07-02
3240,ddimmi96_2024-07-02,1a.ex_,1빠! 고정되나요,2024-07-02
3241,ddimmi96_2024-07-05,mt_9149,나 김민지,2024-08-21
3242,ddimmi96_2024-07-05,r.x1an,무슨… 기영이가 바나나 먹었을때처럼…,2024-07-05
3243,ddimmi96_2024-07-05,killsewoa,한입만,2024-07-05
3244,ddimmi96_2024-07-05,youtubecreatorskorea,띠미 ddimmi님의 채널의 영상이 인기 급상승 Shorts에 올랐어요!🥳🎉,2024-07-03
3245,ddimmi96_2024-07-05,"이런 사랑스러운 리액션이라면 띠미님께 두바이 초콜릿으로 집 한 채 지어 드려야만...❤️‍🔥
12_u0900",왜 내가 배신감 들지???,2024-07-03
3246,ddimmi96_2024-07-05,mood_baking_,"@ddimmi96 당연하죠🥹❤️ 애정가득 담아 써주신 답장에 또 한번 감동이었다구여ㅓ🫶 릴스랑 쇼츠를 몇번을 돌려봤는지 ,,,🤣",2024-07-03
3247,ddimmi96_2024-07-05,"너무 감사해요❤️
xxv_oi",요즘은 이런식으로 광고하는구나,2024-07-02
3248,ddimmi96_2024-07-05,mood_baking_,"띠미님 사롱해요,,,❤️",2024-07-02
3249,ddimmi96_2024-07-05,gimjia1902,어떤맛이에요?,2024-07-02
3250,ddimmi96_2024-07-05,gyeongmin783,오!!!!!우리나라에서도 파는 곳이 있군요?????,2024-07-01
3251,ddimmi96_2024-07-05,uouv330,😢😢😢,2024-07-01
3252,ddimmi96_2024-07-05,twinstsniwt,여름인데안녹앗네요,2024-06-30
3253,ddimmi96_2024-07-05,c_ye.won,두분 다 너무 착하셔요😢,2024-06-30
3254,ddimmi96_2024-07-05,klmheejae,기여어랑,2024-06-30
3255,ddimmi96_2024-07-05,doooo_qwert,띠미.... 너무 웃겨 너무 좋아😍,2024-06-30
3256,ddimmi96_2024-07-05,ok149086,진짜 보기좋고 훈훈하다 돈쭐내러가봐야겠다...!,2024-06-30
3257,ddimmi96_2024-07-05,zoopitoaaaa,띠미님 여행 갔다오고나서 더 광기가 있어진듯한...,2024-06-30
3258,ddimmi96_2024-07-05,rkflfnfpfh,감동 먹을라했는데 아 언니 반응ㅋㅋㅋㅋㅋㅋㅋㅋㅋㅋㅋㅋㅋㅋㅋㅋㅋㅋㅋㅋㅋㅋㅋㅋㅋㅋㅋㅋㅋㅋㅋㅋㅋㅋㅋㅋ,2024-06-30
3259,ddimmi96_2024-06-29,only4uzz,이코스 10년전에똑같이밟앗눙뎈ㅋㅋㅋㅋ,2024-09-02
3260,ddimmi96_2024-06-29,joyunhye34,❤️😍,2024-07-01
3261,ddimmi96_2024-06-29,uouv330,❤️❤️,2024-07-01
3262,ddimmi96_2024-06-29,go_eunyul,엇...에펠탑 밤에찍으면 불법이라고알고있는데....아닌가요..?,2024-06-29
3263,ddimmi96_2024-06-29,so_heeda,귀요워욬ㅋㅋㅋㅋㅋ,2024-06-29
3264,ddimmi96_2024-06-29,aney.1028,언니도 finair 타고 가셨군뇨 !!!💗,2024-06-28
3265,ddimmi96_2024-06-29,jjinjin13,달팽이….ㅠㅠㅠ,2024-06-28
3266,ddimmi96_2024-06-29,minjisung206,띠미님!! 고정 해줄거졈~~~~,2024-06-27
3267,ddimmi96_2024-06-29,l_y_d0809,미스터 디스트 ㅋㅋㅋㅋㅋ,2024-06-27
3268,ddimmi96_2024-06-29,h___sx1,와 퀄 ㅁㅊ,2024-06-27
3269,ddimmi96_2024-06-29,nado_odo,아쒸ㅠㅠㅠㅠㅠㅠㅠㅠㅋㅋㅋㅋ너무 귀여웤ㅋㅋㅋㅋㅋㅋㅋㅋ,2024-06-27
3270,ddimmi96_2024-06-29,whew_0121,10븐전!!2빠,2024-06-27
3271,ddimmi96_2024-06-29,mymonkeybabe,역시 띠미님은 너무나 귀여운것🔥🔥❤️,2024-06-27
3272,ddimmi96_2024-06-26,jiaaya,Kunafa it is from arabic cuture you found that in every arab country and every country has her own taste also cheese kunafa that you eating 그거 코네파라고해요 아랍나라 문화에서 나와서 아랍 나라에 찾을수있어요 설탕 허니 맹고크림 그리도 치즈도 있죠 ~~,2024-07-26
3273,ddimmi96_2024-06-26,riyalburunsuzvecna,Künefe?,2024-07-06
3274,ddimmi96_2024-06-26,specter.korea_official,왐마 띠예님 오랜만이네 팬이에요,2024-06-28
3275,ddimmi96_2024-06-26,screamfalestin,저건 사몰리나를 올린 팔레스타인식 쿠나파,2024-06-28
3276,ddimmi96_2024-06-26,golden_sang_,ㅋㅋㅋㅋ🤣🤣👍,2024-06-27
3277,ddimmi96_2024-06-26,s_._y_._09_,원조 쿠나파는 카다이프가 올라가있구여! 이거는 위에 빵만 바꾼 다른 종류의 쿠나파입니다!! 저는 갠적으로 카다이프가 올라간 쿠나파가 더 맛있더라구여!,2024-06-27
3278,ddimmi96_2024-06-26,ardaak592,Türk tatlısı aslında ama Paris'te satıldını bilmiyordum😮🇹🇷❤️,2024-06-27
3279,ddimmi96_2024-06-26,squidfishb,"언니 파리라서 빵이야,그리고 바글바글 끓는 시럼 부어먹는거에요",2024-06-26
3280,ddimmi96_2024-06-26,tojyaa_06,맛나게따...언니..오늘도 외모열일하네여,2024-06-25
3281,ddimmi96_2024-06-26,j1wx.n2,4빠,2024-06-25
3282,ddimmi96_2024-06-26,yasmina.adwanart,Its palestinian konafa,2024-06-25
3283,ddimmi96_2024-06-26,ddimmi96,띰띰이들 저는 막 프랑스 파리에서 한국으로 도착했어요🎉 행복주머니가 3kg 찐거 있죠? 프랑스에서 재밌는 영상 잔뜩 찍어왔어요! 흐흐흐 진짜 기대해주세요❤❤️❤️,2024-06-25
3284,ddimmi96_2024-06-26,ye_lin2,유튜브주머니 뭔뎈ㅋㅋㅋㅋㅋㅋㅋㅋㅋ,2024-06-25
3285,ddimmi96_2024-06-24,_melika.1994_,맛있겠다,2025-02-09
3286,ddimmi96_2024-06-24,seulvely14,@jeon_unni_ 도 라바샥 시다고 인상쓰던뎈ㅋ,2024-09-07
3287,ddimmi96_2024-06-24,niiiloamini,🇮🇷🇮🇷🇮🇷🇮🇷,2024-08-29
3288,ddimmi96_2024-06-24,1mifro,🇮🇷🇮🇷🇮🇷🇮🇷,2024-06-30
3289,ddimmi96_2024-06-24,m.exol88,عههه لواشک ماااا😍😍😍🇮🇷🇮🇷This is our Iranian favorite food,2024-06-26
3290,ddimmi96_2024-06-24,_ipaniz_kv,😍😍🇮🇷🇮🇷,2024-06-25
3291,ddimmi96_2024-06-24,samos.3e,😂😂,2024-06-25
3292,ddimmi96_2024-06-24,samos.3e,ایران ایران,2024-06-25
3293,ddimmi96_2024-06-24,uouv330,아이셔 수준이라 다행이에요,2024-06-24
3294,ddimmi96_2024-06-24,_hay00n._,오~~,2024-06-24
3295,ddimmi96_2024-06-24,hyosangweon,😂😂😂😂😂😂,2024-06-23
3296,ddimmi96_2024-06-24,seosangki0616,누님 석류라바삭 신맛 어느정도에요?,2024-06-23
3297,ddimmi96_2024-06-24,maria.ag.24,نایلون لواشک رو باید برداری...🤣🤣,2024-06-23
3298,ddimmi96_2024-06-24,2017nori,😮❤️신거 좋아하는데 보는데도 궁금하네요🤤🤤🤤,2024-06-23
3299,ddimmi96_2024-06-24,seyeon_lr,맛있게 드세요 ㅋㅋㅋ,2024-06-22
3300,ddimmi96_2024-06-24,paris13khtcm,لواششششششک🥲🥲🥲🥲🥲🥲🥲🥲,2024-06-22
3301,ddimmi96_2024-06-24,j_.za.h.ra._,😂😂😂😂😂,2024-06-22
3302,ddimmi96_2024-06-24,farhoudi1385,😂😂😂😂,2024-06-22
3303,ddimmi96_2024-06-24,gyeongmin783,허어!!!!억!!!!!ㅋㅋㅋㅋㅋㅋㅋㅋㅋ너무 웃겨ㅋㅋㅋㅋㅋ하나도 안빠지고 다셔ㅋㅋㅋㅋㅋㅋㅋㅋㅋㅋㅋ,2024-06-22
3304,ddimmi96_2024-06-24,yasna_yara8490,😂اصلا اووف 🇮🇷🇮🇷🇮🇷,2024-06-22
3305,ddimmi96_2024-06-24,jun0.4,귀엽다ㅋ,2024-06-22
3306,ddimmi96_2024-06-24,yeabrygoodjob,🤣🤣🤣🤣🤣🤣🤣🤣🤣🤣🤣🤣🤣🤣🤣🤣🤣너무 웃겨요ㅋㅋㅋ,2024-06-22
3307,ddimmi96_2024-06-24,twinstsniwt,얼마에요,2024-06-22
3308,ddimmi96_2024-06-24,line89064,"These lavashks belong to us Iranians, which are very popular❤️",2024-06-22
3309,ddimmi96_2024-06-24,tamara_nail_artist,اووووووف😂❤️,2024-06-22
3310,ddimmi96_2024-06-24,silver_saem,ㅋㅋㅋㅋㅋㅋㅋㅋㅋㅋㅋㅋ마지막,2024-06-22
3311,ddimmi96_2024-06-24,sdafsadf123,띠미님 항상 응원 하고있습니다 아프지말고 항상 건강 잘 챙기시고 힘내시길 바랍니다 화이팅 하세요 ❤️❤️❤️❤️,2024-06-22
3312,ddimmi96_2024-06-19,hy._x14,맜있게 생겼어용❤️,2024-10-26
3313,ddimmi96_2024-06-19,twinstsniwt,소리좋다ㅋㅋㅋ,2024-06-30
3314,ddimmi96_2024-06-19,jic5772,제조법: 식물성 퐁퐁을 종이컵1잔 거품기에 10분동안 섞어준다. 급속냉동기로 얼려주면 끝....,2024-06-28
3315,ddimmi96_2024-06-19,jun20111,누나 머랭쿠키에요,2024-06-28
3316,ddimmi96_2024-06-19,yejiin_13,두리안 동결건조??,2024-06-26
3317,ddimmi96_2024-06-19,da._.hye3108,우와,2024-06-24
3318,ddimmi96_2024-06-19,dyonii__,@93_jiyeon.613 이거ㅛ도 먹어봐야게떠!!!,2024-06-24
3319,ddimmi96_2024-06-19,_j._k_.h_,저거 머랭쿠키느낌일걸요?,2024-06-23
3320,ddimmi96_2024-06-19,ha_nhho12,다른곳에 눈이간다 ㅎㅎ,2024-06-22
3321,ddimmi96_2024-06-19,jean.searaa,Aku nyasar,2024-06-22
3322,ddimmi96_2024-06-19,watashimut,Apaantuh,2024-06-21
3323,ddimmi96_2024-06-19,yex._oi,먹는 분필 닮았어요우,2024-06-21
3324,ddimmi96_2024-06-19,junvely0125,머랭입니다!,2024-06-21
3325,ddimmi96_2024-06-19,kings_waning,머랭같은건가,2024-06-21
3326,ddimmi96_2024-06-19,yseo009,이거 그거 아님? 식용 분필 만들때 쓰는거?,2024-06-21
3327,ddimmi96_2024-06-19,ghddk8890,꼬랑내과자❤️,2024-06-21
3328,ddimmi96_2024-06-19,iw_uplift,저 저때 부터 언니 보고 자랐는데 …ㅋㅋㅋㅋ,2024-06-20
3329,ddimmi96_2024-06-19,kim_dam_e,머랭,2024-06-20
3330,ddimmi96_2024-06-19,bori190430,와... 같은여자지만 띠미는 글래머네...부럽ㅠㅜ,2024-06-20
3331,ddimmi96_2024-06-19,na_dan_04,영상 찍는것도 좋지만 재밌고 즐거운 시간 되고 오세요~^^ 건강도 꼭 챙기시구요🔥,2024-06-20
3332,ddimmi96_2024-06-19,ywn.onwoo,오늘 처음 띠미 팬 ❤️,2024-06-19
3333,ddimmi96_2024-06-19,ah.yng12._,치즈 동결건조?,2024-06-19
3334,ddimmi96_2024-06-19,_stasia_bye,57주좋아요 4개답글 달기,2024-06-19
3335,ddimmi96_2024-06-19,lover_d.duck_cake,나 유튜브 7년차야~~🔥 울 띠미가 더 잘만들겠네🫶🏻,2024-06-19
3336,ddimmi96_2024-06-19,nihonbashi_masao,美味しそう🔥🔥🔥,2024-06-19
3337,ddimmi96_2024-06-19,iamchojinhyung,마인크래프트 들어와 띠미,2024-06-19
3338,ddimmi96_2024-06-19,ye_lin2,방구냄샠ㅋㅋㅋㅋㅋㅋㅋㅋ,2024-06-19
3339,ddimmi96_2024-06-19,in_0yur,소리가 완전👍🏿ASMR해도 될것같아용!,2024-06-19
3340,ddimmi96_2024-06-19,ssini_kim,마지막🤣🤣🤣🤣🤣🤣🤣🤣,2024-06-19
3341,ddimmi96_2024-06-19,seunghun728,살짝 마시멜로우 동결 건조 한 거 닮았는데??,2024-06-19
3342,ddimmi96_2024-06-19,ddimmi96,띰띰이들 전 지금 🇫🇷프랑스 파리🇫🇷에있어요!!,2024-06-19
3343,ddimmi96_2024-06-19,"2주동안 유럽여행중이에요🥹✨✨
이탈리아 👉🏻 프랑스 이순으로 여행중에있어요!!! 여기서 영상 많이 찍고갈게요❤️
damhee0130",3빠 3분전❤️,2024-06-19
3344,ddimmi96_2024-06-19,wwwnnsss,우레탄폼 먹나요?,2024-06-19
3345,ddimmi96_2024-06-19,l1_y.13jo,나 1빠ㅏ,2024-06-19
3346,ddimmi96_2024-06-17,hyoeunchoi_1031,샤넬?... 걍 날개없는 1004,2025-06-13
3347,ddimmi96_2024-06-17,ahhhhyun_k,띠미님!! 너무 노력하려구 하시지 마시구! 띠미님 이 유트버를 헌다는게 고마운 거니깐 그렇게 애쓰지 말아요! 띠미님 저희를 위해 노력해 주셔서 감사해용! 행복하세요,2024-11-30
3348,ddimmi96_2024-06-17,abc76_99,"혹시 악플 단 사람 에미가 없구나 얼마나 할게 없으면 이 지랄을 하는지 몰루구나 에이가 참 불쌍하다😟😟😟😟😟😟😟😟😟😟😟,악플 받은 사람은 악플 무시하세요,그럼 건강하시고 촣은 하루 보내세요🤩🤩🤩🤩🤩🤩🤩🤩🤩🤩",2024-11-10
3349,ddimmi96_2024-06-17,s._.ihy_11,엽떡에 분모자 추가해서 먹어주세요,2024-08-09
3350,ddimmi96_2024-06-17,gimhyeonu6645,꿔바로우 먹어주세요,2024-07-25
3351,ddimmi96_2024-06-17,bagbageunha85,엽duck 에다가 엽봉까지용,2024-07-21
3352,ddimmi96_2024-06-17,smkim0722,언니 저랑 만나주세요😢,2024-07-02
3353,ddimmi96_2024-06-17,smjd_3,마산이요! 언니 두바이 초콜릿 먹어주세요!,2024-06-27
3354,ddimmi96_2024-06-17,pirori318,마카롱 먹어주세요ㅠ.ㅠ🥹,2024-06-26
3355,ddimmi96_2024-06-17,tojyaa_06,귀여웡...,2024-06-25
3356,ddimmi96_2024-06-17,dyyiei,밴쿠버오시면 저랑 같이 푸틴 먹어여🇨🇦,2024-06-23
3357,ddimmi96_2024-06-17,j___hyerin,띠미쓰 asmr간식 머거주세용😍,2024-06-21
3358,ddimmi96_2024-06-17,insa57964,띠미님 화이팅❤️❤️,2024-06-20
3359,ddimmi96_2024-06-17,_bora.land_,아 진심 이영상보고서 더더 리얼 팬됐어요! 앞으로도 이렇게 건강한 방법으로 유쾌하게 쭈욱 부탁드려요!!😍😍,2024-06-20
3360,ddimmi96_2024-06-17,hansol3413,제발 저랑 만나주시면안되나요…ㅠㅠㅠㅠ,2024-06-19
3361,ddimmi96_2024-06-17,"제가 띠미님을 초등학교3학년때부터 좋아했는데…너무멀어서 팬미팅같은것도 못갔거든요ㅠㅠㅠ 현재는 고등학교2학년 보건간호학과입니다ㅠㅠㅠㅠ 제발 저랑 데이트해주시면 안될까요..?? 시험기간이얼마남지않았는데….ㅠㅠㅠㅠㅠㅠㅠㅠㅠ
jiyu_0615_",와 진짜 성공할 유튜버다🔥,2024-06-19
3362,ddimmi96_2024-06-17,min_._0608,앜ㅋㅋㅋㅋㅋ 같이 먹는게 아니라 먹어주는거였엌ㅋㅋㅌㅌㅌ,2024-06-19
3363,ddimmi96_2024-06-17,uouv330,와 너무 부러워요 👍👍,2024-06-19
3364,ddimmi96_2024-06-17,ha_yom7,이렇게 빡세고 이쁘게 대응하며 새로운 컨텐츠도 만들고 좋다… 👍 리스펙,2024-06-19
3365,ddimmi96_2024-06-17,infj7shy,흰티 입고 마라탕 먹는 발칙함을 보고만 있어야 하는가?? 날도 더운데 다음에는 깔깔이입고 불짬뽕 드시기를 바랍니다. ㅋㅋㅋㅋ,2024-06-18
3366,ddimmi96_2024-06-17,eun_v237,웅니.. 초코케이크..🥲,2024-06-18
3367,ddimmi96_2024-06-17,yangriae4,넘예뻐여❤️❤️,2024-06-18
3368,ddimmi96_2024-06-17,toppi0803,엽떡 토핑 다 추가해서 먹기,2024-06-18
3369,ddimmi96_2024-06-17,jeongujin708,보쌈 만드는거 보고싶어요!😋,2024-06-18
3370,ddimmi96_2024-06-17,khb_0922,언니 진짜 언니는 천사야?,2024-06-18
3371,ddimmi96_2024-06-17,jangseoeun691,진짜 착하시다,2024-06-18
3372,ddimmi96_2024-06-17,apxkaho,저도 오다 주운거 주때욤 ㅎㅋㅋㅋㅋㅋㅋㅋㅋ 뻥이 에요 ㅎㅎㅎㅎㅎ 팔로우 하고 가께요 ㅋㅋㅋㅋ😍😍,2024-06-18
3373,ddimmi96_2024-06-17,0.0mhz17,푸딩 먹어주세요,2024-06-18
3374,ddimmi96_2024-06-17,hyo_ff1,언냐 부산인데 멀겠져?? 혹쉬 몰라서....옛날 처럼 이상한 물 먹방!!!(졔가 잼미니 여서 죄송합니다..),2024-06-18
3375,ddimmi96_2024-06-17,go_eun0108,진짜 천사가 따로 없다,2024-06-18
3376,ddimmi96_2024-06-17,_uhaxn,제발 저랑 놀아 주세요,2024-06-18
3377,ddimmi96_2024-06-17,s0y.x14,저 영월이고 초4인데 안돼겠죠...?,2024-06-18
3378,ddimmi96_2024-06-17,x._.jiun12,탕후루 먹어주세요ㅠㅠ,2024-06-18
3379,ddimmi96_2024-06-17,hyedam_2,저요 제발 😢😢😢😢😢😢언니 너무 보고싶어요 이번에는 마라 샹거,2024-06-18
3380,ddimmi96_2024-06-17,jam.min0619,언니 저랑 인넷 찍으러 가주실수잇나요....????,2024-06-18
3381,ddimmi96_2024-06-17,ldina0419,띠미 그저빛이네...같이 치맥하고싶다,2024-06-18
3382,ddimmi96_2024-06-17,seohyeon477,저요 제발료ㅠ,2024-06-18
3383,ddimmi96_2024-06-17,sj_131226,저요,2024-06-18
3384,ddimmi96_2024-06-17,oroe.__,이렇게하니까성공할수밖에없지...,2024-06-18
3385,ddimmi96_2024-06-17,minseo_120224,띠미님이랑팬미팅....😢,2024-06-18
3386,ddimmi96_2024-06-17,sxm.jaa00,언냐 저는 치킨먹방....,2024-06-18
3387,ddimmi96_2024-06-17,gwksb621,크림 스파게티 먹어주세용!!!! 플리즈 이렇게 빌게요 🥹🥹!!!!,2024-06-18
3388,ddimmi96_2024-06-17,kacchan_mha042,엽기 떡볶이 치즈듬뿍 먹어주세요,2024-06-18
3389,ddimmi96_2024-06-17,sshy_y,이겨내는 모습이 멋지다…,2024-06-18
3390,ddimmi96_2024-06-17,mintlove1090,띠미님 진짜 유쾌하고 컨텐츠가 신선해서 완전 좋아요.👍😍,2024-06-18
3391,ddimmi96_2024-06-17,gromit_212,저두 언니랑 마라탕 먹고 시퍼요❤️,2024-06-18
3392,ddimmi96_2024-06-17,ha.xen2,저랑 놀아주세요오,2024-06-18
3393,ddimmi96_2024-06-17,gyeongmin783,쌈빡한 팬미팅ㅋㅋㅋㅋㅋㅋㅋ,2024-06-18
3394,ddimmi96_2024-06-17,kkkk_j_hhhh,ㅋㅋㅋㅋㅋㅋㅋㅋㅋ 킹받는데 귀여우셔 ㅠ,2024-06-18
3395,ddimmi96_2024-06-17,ayo0ng._,링고아메 먹어주세요,2024-06-18
3396,ddimmi96_2024-06-17,super_you_know,떡볶이도 머거 주세용🔥,2024-06-18
3397,ddimmi96_2024-06-17,byeoli240,찹살떡 머거 주세요,2024-06-18
3398,ddimmi96_2024-06-17,imjiyul85,마라탕국물에 탕후루 꼬치 빼서 먹어주세요!,2024-06-18
3399,ddimmi96_2024-06-17,baesuyeon8727,저..,2024-06-18
3400,ddimmi96_2024-06-17,mmtim.sy1205,빙수 먹어주세요,2024-06-18
3401,ddimmi96_2024-06-17,dlwlsgur._.10,띠미님 집에서 라면 여러개 먹어주세요!,2024-06-18
3402,ddimmi96_2024-06-17,heogaeun102,와 클라스,2024-06-18
3403,ddimmi96_2024-06-17,kxu_0n,허니콤보 먹어주세요 !!,2024-06-18
3404,ddimmi96_2024-06-17,h._ji_1,와.... 이렇게 바로 앞에서 직관을😮👏,2024-06-18
3405,ddimmi96_2024-06-17,wldnwldn77,노티드 도넛 먹어주세요..❤️,2024-06-17
3406,ddimmi96_2024-06-17,gimjiyeong711,이런 언니를 만나면 엄청 설레서 아무것도 못하겠지... 그래도 만나구 시퍼여 ㅠㅠ😢,2024-06-17
3407,ddimmi96_2024-06-17,yeonj_uyeon,안녕하세요! 띠미언니를 초등학교때부터 좋아했던 띰띠미 입니다ㅠ! 언니를 너무 좋아하는디 언니랑 같이 롯데월드에 가고싶어요ㅠㅠ!!,2024-06-17
3408,ddimmi96_2024-06-17,leejisoo67,같이 엽떡 머거여,2024-06-17
3409,ddimmi96_2024-06-17,jiu.0.i,웅니 엽떡이여..ㅜㅠ,2024-06-17
3410,ddimmi96_2024-06-17,minimanimo95,악취나는 음식 3가지 먹어주세요~ 라고하면 폰던질꺼죠?😂ㅎㅋㅋ 열대과일 모음 먹방해주세여~~,2024-06-17
3411,ddimmi96_2024-06-17,5e.__.xng,워터파크가주세요,2024-06-17
3412,ddimmi96_2024-06-17,gimseonu199,피자먹어주세요,2024-06-17
3413,ddimmi96_2024-06-17,gimseonu199,개간지,2024-06-17
3414,ddimmi96_2024-06-17,smile1302ll,그냥 예쁘세용!❤️,2024-06-17
3415,ddimmi96_2024-06-17,yex._.jix.1030,짜장면 먹어 주세용🔥🔥🔥🙌🙌,2024-06-17
3416,ddimmi96_2024-06-17,ohsangmln,초당옥수수빙수 먹어주세요~~,2024-06-17
3417,ddimmi96_2024-06-17,top._.sh1104,언니 오래전부터 팬이였는데 인스타 계정 발견하고 바로 팔 했어요!!,2024-06-17
3418,ddimmi96_2024-06-17,arxx_s2,저희 학교 학생들이 띠미님 너뮤 정말 조아합니다 ㅜㅜㅜ 매성중학교 와주세여 ㅎㅎ,2024-06-17
3419,ddimmi96_2024-06-17,malissa_jh,대구 와주세요 저랑 막창먹으러 가요❤️🔥,2024-06-17
3420,ddimmi96_2024-06-17,s.eun._.0310,통영 와주세여,2024-06-17
3421,ddimmi96_2024-06-17,hayun8029,저요!!제발요ㅠㅠ🙌🙌(혹시나 당첨 되면 디엠 주세요!!),2024-06-17
3422,ddimmi96_2024-06-17,happy_seon_you_v_,와!!!!!조타 어디든가능한가요,2024-06-17
3423,ddimmi96_2024-06-17,n.o_x13,치킨먹어주세요,2024-06-17
3424,ddimmi96_2024-06-17,ji._hyun.01,사고요!!!(아무사고나 괜찮아엽!),2024-06-17
3425,ddimmi96_2024-06-17,babo.jelly,언니 대처하는 모습이 너무 멋져😍😍,2024-06-17
3426,ddimmi96_2024-06-17,lover_d.duck_cake,운니한테 떡케이쿠 선물하고파요🥹❤️ 떡에 미쳐서 떡기계두 샀음서..! 인간 떡공장인 나랑도 만나주라주~!!! (가게이름 비공개로 케이쿠만 제발 선물하게해주세오..제발요오･᷄-･᷅),2024-06-17
3427,ddimmi96_2024-06-17,h___sx1,올리브영에서 필요한거 사주세요!!❤️❤️팔완!핱완!!,2024-06-17
3428,ddimmi96_2024-06-17,un.xeo_18,엽떡 머거주세여,2024-06-17
3429,ddimmi96_2024-06-17,seou_gogo,해장국 제바 먹어주세요,2024-06-17
3430,ddimmi96_2024-06-17,ixmlan,아니 언니 앞머리에 하얀거 붙어있었는데 왜 안 뗐어,2024-06-17
3431,ddimmi96_2024-06-17,hyeonjimin850,와우. 띠미님 참교육 멋지다,2024-06-17
3432,ddimmi96_2024-06-17,_seungmon_,찜닭먹어주세오,2024-06-17
3433,ddimmi96_2024-06-17,ye.jxe0,저랑 식사해용😘,2024-06-17
3434,ddimmi96_2024-06-17,010mx,진짜 띠미 스타일이눼🔥❤️,2024-06-17
3435,ddimmi96_2024-06-17,gim0321,띠미님,2024-06-17
3436,ddimmi96_2024-06-17,jan._1010,제발 저랑 만나주세요...❤ 드시고 싶으신 것들 만들어서 대접해드리겠슴다..🔥 ㅠ 식사부터 후식까지...!,2024-06-17
3437,ddimmi96_2024-06-17,seojaeduk,이렇게 팬과 소통으로 사랑을 배풀려는 유튜버.. 지금 보는 당신 아직 늦지 않았습니다! 바로 구독하세요^^(?),2024-06-17
3438,ddimmi96_2024-06-17,yunji_06_21,헐 저두만나주세욧!!!??!!!!!!!,2024-06-17
3439,ddimmi96_2024-06-17,hyxxn.08,치킨먹어주세여,2024-06-17
3440,ddimmi96_2024-06-17,cofladl_,이언니는 안늙나봦진짜 내가 몇년짼데...,2024-06-17
3441,ddimmi96_2024-06-17,ddimmi96,자! 다음은 어떤분을 만날까❓,2024-06-17
3442,ddimmi96_2024-06-17,"⭐️⭐️댓글에 신청해주세요⭐️⭐️
bmxnxn_",헐👍👍,2024-06-17
3443,ddimmi96_2024-06-17,twinstsniwt,구독자분3d로본소감부탁드려요,2024-06-17
3444,ddimmi96_2024-06-17,brave97s,저도 초대해주세요...!,2024-06-17
3445,ddimmi96_2024-06-17,challenge_ducktor,멋쪄용!!!!!😍😍,2024-06-17
3446,ddimmi96_2024-06-12,hy._x14,체리에서 광이❤️,2024-10-26
3447,ddimmi96_2024-06-12,svng.k_1,❤️❤️,2024-07-09
3448,ddimmi96_2024-06-12,x.jiz0_,설리당 샤인머스켓 완젼 맛있었눈데,2024-07-06
3449,ddimmi96_2024-06-12,uouv330,역시 8년차 🔥🔥🔥,2024-06-19
3450,ddimmi96_2024-06-12,usona_official,ㅋㅋㅋㅋㅋㅋㅋㅋㅋㅋㅋㅋㅋㅋㅋㅋㅋㅋㅋㅋㅋㅋㅋㅋㅋ 설리당 빨리보내주세요 현기증나요,2024-06-15
3451,ddimmi96_2024-06-12,byung0505,음...시원하겠네,2024-06-15
3452,ddimmi96_2024-06-12,regular_pentagon,그냥 화채아님?,2024-06-14
3453,ddimmi96_2024-06-12,serenayul12,역시 손큰언니🤓🤓,2024-06-14
3454,ddimmi96_2024-06-12,yeseon_kate_kim,아이디어 근데 진짜 좋다....수박주스랑 수박바 비주얼 미쳤어...♥,2024-06-13
3455,ddimmi96_2024-06-12,u30_of_storm,얼음탕후루ㅎㅎ,2024-06-12
3456,ddimmi96_2024-06-12,s.hyeon1026,와 맛있겠다,2024-06-12
3457,ddimmi96_2024-06-12,ddimmi96,드디어 설리당에서 체리가 나왔어요🍒,2024-06-12
3458,ddimmi96_2024-06-12,"완전 예쁘고 새콤달콤달달!!❤️
얼음과일탕후루 할때 설리당 체리로 꼭 해보세요 진짜 제일 맛있었어요🥹‼️
.
네이버에 설리당을 검색하셔서 맛난 제철 과일 합리적인 가격에 받아보세요😍
설리당은 젊은 여성 농부언니가 스마트팜으로 과일을 재배해요!
.
스마트팜이란❓
일반 밭 ,비닐하우스와 다르게 유리온실에 최첨단 시스템으로 조절해서 최고 품질로 키울수 있는거에요!
고당도 선별할수 있는 기계로 최상품 아니면 안파는 곳이니 믿고 주문해주세요😍
nol_to_the_ja",그냥 수박화채잖아....,2024-06-12
3459,ddimmi96_2024-06-12,l1_y.13jo,언늬ㅣㅣㅣ 나 15빠 일찍 온듯?😍,2024-06-12
3460,ddimmi96_2024-06-08,hyexun1_,이거 쿠앤크 맛도 되게 맛있던데,2024-12-25
3461,ddimmi96_2024-06-08,curikx,@3noevy,2024-07-14
3462,ddimmi96_2024-06-08,hitsuzi_chae,@juni_0101 가야할 곳이 생겼어 주니야,2024-07-10
3463,ddimmi96_2024-06-08,utiwwwsyxd,Gw nyasar yahh😭,2024-07-06
3464,ddimmi96_2024-06-08,limi__26,@2jun__ 티라미슈,2024-07-06
3465,ddimmi96_2024-06-08,jaeseok_95,애쓴다,2024-07-04
3466,ddimmi96_2024-06-08,eunju1495,@eolmiii 더 현대에 이거 먹으러 가주세요,2024-06-28
3467,ddimmi96_2024-06-08,strawbaeriin,This is made for sunghoon,2024-06-27
3468,ddimmi96_2024-06-08,ji_s0u0,@98.0km 저 큰걸 어케 다먹지라는 생각이 들면서도 먹고싶은데 아무래도 가야겠지?,2024-06-27
3469,ddimmi96_2024-06-08,u_cong_19,@5an9hee_jo 사줘,2024-06-25
3470,ddimmi96_2024-06-08,4thkiddatch,57주답글 달기,2024-06-24
3471,ddimmi96_2024-06-08,a30654823,Me too girl with chocolate my eyes do that too 😍😂,2024-06-24
3472,ddimmi96_2024-06-08,a.00jy,@c_______nan 오라버지~~,2024-06-24
3473,ddimmi96_2024-06-08,jhoanna343,Que rico 😋😋😋😋,2024-06-24
3474,ddimmi96_2024-06-08,hyeeyaaa,@dbs5j 다혜줘,2024-06-23
3475,ddimmi96_2024-06-08,xe.a0h_,너를보면 t라 미숙해 ~ t라 미숙해 ~,2024-06-23
3476,ddimmi96_2024-06-08,ji.eonjenna,@cho._jy 이거 맛나겠다,2024-06-23
3477,ddimmi96_2024-06-08,honneyjjam,why im in korean instagram 😭😭,2024-06-22
3478,ddimmi96_2024-06-08,kyn.0715,티라미수 케잌 T라 미숙해 티라미수 케이,2024-06-22
3479,ddimmi96_2024-06-08,nstrn76.ff,"Don't spoil yourself, it's not beautiful, be the truth...",2024-06-22
3480,ddimmi96_2024-06-08,jiwon_chu.u,@won_u_ji 마싯게다,2024-06-22
3481,ddimmi96_2024-06-08,kah.zyx,"Achei fofa, fala rápido q nem nordestino",2024-06-22
3482,ddimmi96_2024-06-08,pragya7_7,Galti se apne pati ke country ke feed me agyi!,2024-06-22
3483,ddimmi96_2024-06-08,blink_army_staykpopper,"AGIO GPT AI ?ang tuy?n d?ng Chuyên gia nhan s? khu v?c! M?c l??ng hàng tháng dao ??ng t? 3.000 USD ??n 6.000 USD + ti?n th??ng hàng tháng hào phóng. B?n s? nh?n ???c $50 sau khi tham gia thành c?ng. N?u b?n trên 30 tu?i, h?y liên h? v?i chúng t?i ngay h?m nay ?? ?ng tuy?n vào v? trí Chuyên viên Nhan s?! Vui lòng nh?p vào liên k?t bên d??i ?? thêm Telegram c?a t?ihttps://t.me/AGI881",2024-06-21
3484,ddimmi96_2024-06-08,aye._.ong13,그거 사면 하트 스푼도 주나용??,2024-06-21
3485,ddimmi96_2024-06-08,leftooverpies,와ㅏㅏㅏㅏ looks so good ❤️ ㅠㅠ,2024-06-21
3486,ddimmi96_2024-06-08,its_aasiiiiii,I'm indian and dont understand anything but still watch full video coz she make me 🙂😂,2024-06-20
3487,ddimmi96_2024-06-08,_ha._.been_,@m.ik__ 같이 먹을 남자칭구가 없어서 우린 못먹을 것 강아요,2024-06-20
3488,ddimmi96_2024-06-08,tbtbuhuyy,mbk ga cape mendelik kah mata lu😢,2024-06-20
3489,ddimmi96_2024-06-08,ang_elbabie,I need her to do a makeup tutorial,2024-06-19
3490,ddimmi96_2024-06-08,yyeoun_ki_,하뭐냐 나도존나 먹고싶어... @supermoon_____,2024-06-18
3491,ddimmi96_2024-06-08,cqxzia,wa,2024-06-17
3492,ddimmi96_2024-06-08,s._.xi0n,난 너를 보면 티라미수케잌,2024-06-16
3493,ddimmi96_2024-06-08,3stars2,@y_leina 효니가말한거이건가!!,2024-06-15
3494,ddimmi96_2024-06-08,_dooheya,@hello_89_y 튼이 나오기전에가자,2024-06-15
3495,ddimmi96_2024-06-08,_realbloom_,@hy____cheol_,2024-06-13
3496,ddimmi96_2024-06-08,foodmap1004,지금 바로 먹어보고싶다.😍😍,2024-06-12
3497,ddimmi96_2024-06-08,ldh_23x57,@jmg_57x23 더현대가서 이거만사오까,2024-06-11
3498,ddimmi96_2024-06-08,xwhjk1004,@yuot_03,2024-06-11
3499,ddimmi96_2024-06-08,tyou._05,왜 먹고싶은건 다 멀죠…?,2024-06-10
3500,ddimmi96_2024-06-08,yestern__,@wlqdprkfp 왤케 맛있는게 많냐,2024-06-10
3501,ddimmi96_2024-06-08,b_au_,@_kth1206,2024-06-10
3502,ddimmi96_2024-06-08,_1234je,저 어제 이거 먹었어여!! 레몬 얼그레이 맛도리ㅠㅠ,2024-06-10
3503,ddimmi96_2024-06-08,heevelyyy_,@jieun__u.u 헐 나 이거 아까봄 ㅠ,2024-06-10
3504,ddimmi96_2024-06-08,lovely__hk78,예쁜 다👏,2024-06-09
3505,ddimmi96_2024-06-08,k_seogi96,@gyuxhee,2024-06-09
3506,ddimmi96_2024-06-08,s__oyun2,@s___o_o_0 어때?ㅎ,2024-06-09
3507,ddimmi96_2024-06-08,yeon_xoa,피스타치오 티라미수로 두바이초콜릿..❤️,2024-06-09
3508,ddimmi96_2024-06-08,d._yun74,행복해보이시네ㅋㅠ,2024-06-09
3509,ddimmi96_2024-06-08,59596gnee,@yoonroro77 핫뜨 티라미수 또 먹구싶아여...,2024-06-09
3510,ddimmi96_2024-06-08,flowerpig93,@gaebalja.dog 😍😍,2024-06-09
3511,ddimmi96_2024-06-08,bird_jeans_0223,@g_byula 이게 바루 그 티라미수입니다,2024-06-08
3512,ddimmi96_2024-06-08,_190881467783_toss,???: 널보면 티라미수 케잌 티라미수 케익,2024-06-08
3513,ddimmi96_2024-06-08,jin_0_0427,@olsh_0516 언제가아ㅜㅜㅜㅜㅜ,2024-06-08
3514,ddimmi96_2024-06-08,yenaming_,@sumpnp_ 줗섰어야햇나,2024-06-08
3515,ddimmi96_2024-06-08,yutumi3.416,🤤,2024-06-08
3516,ddimmi96_2024-06-08,dbsbora,@k__olivia___ 가구시퍼,2024-06-08
3517,ddimmi96_2024-06-08,kailey251015,2빠,2024-06-08
3518,ddimmi96_2024-06-08,yuhiro0o,학 학하겋갛ㄱ,2024-06-08
3519,ddimmi96_2024-06-08,sujin293,더현대를 가야되나ㅠ 먹구파,2024-06-08
3520,ddimmi96_2024-06-08,d.0mxn_,1빠,2024-06-08
3521,ddimmi96_2024-06-08,ddimmi96,"💔깨먹는 하트티라미수 팝업 정보💔
위치 : 더현대서울 b1층 유리월 존
기간 : 6.3~7.14 까지
월~목 10:30~20:00 / 금~일 10:30~20:30",2024-06-08
3522,ddimmi96_2024-06-05,jsi_03190,넘 예뻐요 ㅎㅎㅎ❤️❤️❤️❤️😮😮😍😍,2024-08-12
3523,ddimmi96_2024-06-05,md_js._.1130,작은데?,2024-06-25
3524,ddimmi96_2024-06-05,tyou._05,어머 피자 뷔페안가도 띠미님이 잘 알려주시네요,2024-06-10
3525,ddimmi96_2024-06-05,ddimmi96,6월달 굽네에서 할인을 한대요‼️,2024-06-08
3526,ddimmi96_2024-06-05,"https://www.goobne.co.kr/brd/event/view?seq=74400
6/5일부터 1주일간! 신제품 피자 4천원 , 치킨 6천원 할인하니 이 기회 놓치지마세요!!!💛💛💛💛
seungyeon1329",당장 시켜먹어야 게쒀요ㅗ...,2024-06-07
3527,ddimmi96_2024-06-05,_cha_yeji_,처음에 피자 만든거같은데,2024-06-06
3528,ddimmi96_2024-06-05,mangisan29,굽네는 작은거 원사이즈밖에 없어서 큰거 좀 내줬으면 좋겠음,2024-06-06
3529,ddimmi96_2024-06-05,gangduweon85,😀😀😀,2024-06-06
3530,ddimmi96_2024-06-05,rkflfnfpfh,굽네 잘나가네 띠미한테 광고도 주고?❤️,2024-06-06
3531,ddimmi96_2024-06-05,kailey251015,배고파 😢😢,2024-06-05
3532,ddimmi96_2024-06-05,k_yx._ji,아닠ㅋㅋㅋ 웅니 그래서 결론이 살을 못빼는거구나ㅋㅋㅋ 근데 난 띠미웅이 좋은뎅,2024-06-05
3533,ddimmi96_2024-06-03,hy._x14,떡 기계 언제 한번 영상에 출연 시켜 주세용😃,2024-10-26
3534,ddimmi96_2024-06-03,gimgimsol,떡치기,2024-08-31
3535,ddimmi96_2024-06-03,onyuww,배달 기사님..,2024-08-31
3536,ddimmi96_2024-06-03,siyul.film,진짜 떡에 진심이시군여ㅠㅋㅋㅋㅋ,2024-08-28
3537,ddimmi96_2024-06-03,gjdis495,그놈의 오또케 18,2024-08-12
3538,ddimmi96_2024-06-03,k._.xu98,와우,2024-08-08
3539,ddimmi96_2024-06-03,uouv330,대박 맛있는 떡 만드는거 보고싶어요,2024-08-01
3540,ddimmi96_2024-06-03,seoyoon121014,메로나떡 진짱 먹어보고 싶은데 저 대신 먹어주세요!!😢,2024-06-29
3541,ddimmi96_2024-06-03,yuni_112104,바람떡 만들어주세요,2024-06-28
3542,ddimmi96_2024-06-03,min.x4_,처음에 택배 에 이지민 이라는 게 써 있어요…띠미님의 본명인가요????,2024-06-11
3543,ddimmi96_2024-06-03,shxycveiehch,떡 나올때 눈이....,2024-06-05
3544,ddimmi96_2024-06-03,lee._rion,ㅋㅋㅋㅋㅋㅋㅋㅋㅋㅋㅋㅋㅋㅋㅋ̄̈ㅋ꙼̈ㅋ̆̎ㅋ̐̈ㅋ̊̈,2024-06-05
3545,ddimmi96_2024-06-03,gyeongmin783,아니...왜 집에 방앗간을 차리는곤데요ㅋㅋㅋㅋㅋㅋㅋㅋㅋㅋㅋㅋㅋㅋㅋ,2024-06-05
3546,ddimmi96_2024-06-03,flexxwagger,저..찹쌀떡이랑 절편가능할까욤,2024-06-04
3547,ddimmi96_2024-06-03,moiaussi119,"정말 부러워요,, 떡...마싯겠다....🍡",2024-06-03
3548,ddimmi96_2024-06-03,sxov1nn_,헐!띠미님 레전드!!,2024-06-03
3549,ddimmi96_2024-06-03,ui_xhl,건강나빠지겠다 중금속 와르르,2024-06-03
3550,ddimmi96_2024-06-03,03_sats,😂😂❤️,2024-06-03
3551,ddimmi96_2024-06-03,gjhu.ds123,와 진짜 재밌겠다ㅜㅠ,2024-06-03
3552,ddimmi96_2024-06-03,xjwurt,마인부우 생성기😂,2024-06-03
3553,ddimmi96_2024-06-03,ddimmi96,혹시나 걱정 하실까봐 미리 말씀드리지만 위에 옆에 밑에 아무도 안살아요! 그리고 돌릴때 밖에 나가봤는데 중문 닫으니까 소리 하나도 안났습니다 ㅎㅎ!!,2024-06-03
3554,ddimmi96_2024-06-03,"띠미의 이상한 떡공장 기대해주세요❤
bono_bono_king",띠미님😍😍사랑입니다,2024-06-03
3555,ddimmi96_2024-05-31,seeu.n42,챗GPT 개웃기네ㅋㅎㅋㅎㅋㅎ 다짜고자 욕밖넼ㅎㅋㅎㅋ,2024-10-09
3556,ddimmi96_2024-05-31,_kimsso89_,고기남자 쇼츠랑 너무 비슷한데...,2024-08-24
3557,ddimmi96_2024-05-31,jj_aa210,AI가 욕 하는거 처음봐,2024-07-15
3558,ddimmi96_2024-05-31,eun_you1029,Ai가 싸가지가 없네 ;; 반말하고,2024-07-14
3559,ddimmi96_2024-05-31,easy._.han09,아 한국인이라고 ㅋㅋ,2024-07-06
3560,ddimmi96_2024-05-31,byeonyejin94,뭐야 뭐야 왤케 귀엽게 드세요??😢😢,2024-06-15
3561,ddimmi96_2024-05-31,kimseeun20140318,게임이요?,2024-06-09
3562,ddimmi96_2024-05-31,jinenshun,그거 간식이아니라 채소예요^^,2024-06-05
3563,ddimmi96_2024-05-31,old_money_h,검은수염 티치가 좋아하겠다.,2024-06-05
3564,ddimmi96_2024-05-31,wjdals11,어쩔발채,2024-06-05
3565,ddimmi96_2024-05-31,ginabrooklynpark,립 정보 알 수 있을까요? 색 너무 이뻐요,2024-06-04
3566,ddimmi96_2024-05-31,ssshyem,@rrlaekqls,2024-06-02
3567,ddimmi96_2024-05-31,mi.nxe_,챗지피티도 욕을 흘 수 있낭ㅅ?,2024-06-02
3568,ddimmi96_2024-05-31,_ae0ni0n2u,@dain_message 언니 매콤수염볶음!!!,2024-06-01
3569,ddimmi96_2024-05-31,sarwin_jafff,,2024-06-01
3570,ddimmi96_2024-05-31,c6x0_7,@dain_message 매콤수염볶음이요 언니,2024-06-01
3571,ddimmi96_2024-05-31,hohlnm._,앱정보점...,2024-06-01
3572,ddimmi96_2024-05-31,ksyswjx0502,어어 왜서노,2024-06-01
3573,ddimmi96_2024-05-31,hwan.g5140,잇기도 먹어주세요,2024-06-01
3574,ddimmi96_2024-05-31,w0.he2,❤️,2024-06-01
3575,ddimmi96_2024-05-31,w0.he2,띠미님은요. 실례가 않되시면요. 혹시요. 한국인세요 일본인사람이에요?,2024-06-01
3576,ddimmi96_2024-05-31,coach_reem_gamal,What the black,2024-06-01
3577,ddimmi96_2024-05-31,kwonjunsu0723,어떻게 음성함?,2024-06-01
3578,ddimmi96_2024-05-31,rhdwnrkdud,@cherish_9868 언니야,2024-06-01
3579,ddimmi96_2024-05-31,1234abc2014_gkg,앱 이름?,2024-05-31
3580,ddimmi96_2024-05-31,yudajin125,매콤수염볶음,2024-05-31
3581,ddimmi96_2024-05-31,gyeongmin783,ㅋㅋㅋㅋㅋㅋㅋㅋㅋㅋㅋ게이머였어ㅋㅋㅋㅋㅋㅋㅋㅋㅋㅋ,2024-05-31
3582,ddimmi96_2024-05-31,jhumaibanik,What are you eating? I looks like hair 😮,2024-05-31
3583,ddimmi96_2024-05-31,yuferesia,헐 진짜 머리카락 드시네,2024-05-31
3584,ddimmi96_2024-05-31,seojaeduk,이참에 생방에서 게임 어떠신지 ㅋㅌㅋㅋ,2024-05-31
3585,ddimmi96_2024-05-31,nado_odo,아놬ㅋㅋㅋㅋㅋㅋㅋㅋㅋㅋㅋㅋㅋㅋ 게임ㅋㅋㅋㅋㅋㅋㅋㅋㅋㅋㅋㅋ,2024-05-31
3586,ddimmi96_2024-05-31,ddimmi96,식감 진짜 머리카락 같음 진짜로...,2024-05-31
3587,ddimmi96_2024-05-31,"영상 좋아요 많이 달렸으면 좋겠다...❤
0wldn8",중간에 ㅁㅊ놈아 하는게 넘 웃기네요ㅋㅋㅋ 아니 찐으로 챗지피티이에여?,2024-05-31
3588,ddimmi96_2024-05-31,xia.klkl,아싸1트♡♡,2024-05-31
3589,ddimmi96_2024-05-31,ch1_x0n1,악 진짜 머리카락 같닼ㅋ,2024-05-31
3590,ddimmi96_2024-05-25,z.e.o.m,"거의 뚜껑 자국 찍히겠어요,, 대박😮😮",2024-08-14
3591,ddimmi96_2024-05-25,sy_x530,언니 악플은 신경쓰지 말고😍😍 평생 꽃길만 걸어❤️❤️ 내가 언니 영상 올핱할게❤️ 언제나 화이팅🥳 그리고 1년뒤 돈복 터질거야ㅑ🤑🤑,2024-08-11
3592,ddimmi96_2024-05-25,sy_x530,맛있어 보이드라 나는 요아정 한 번도 안 먹어 봤는데 맛있어 보인다,2024-08-11
3593,ddimmi96_2024-05-25,sy_x530,요아정 만든거 봤는뎈ㅋㅋ,2024-08-11
3594,ddimmi96_2024-05-25,sy_x530,그게 더 비싸려나...?,2024-08-11
3595,ddimmi96_2024-05-25,sy_x530,언니 이거 직접 만들어줘ㅓㅓ,2024-08-11
3596,ddimmi96_2024-05-25,sy_x530,내가 댓 올려줄게ㅔㅔ,2024-08-11
3597,ddimmi96_2024-05-25,sy_x530,나도 먹고 싶다ㅏ...,2024-08-11
3598,ddimmi96_2024-05-25,sy_x530,언냐 맛있어 보인다ㅏㅏ,2024-08-11
3599,ddimmi96_2024-05-25,sy_x530,핱은 1.7만인데 댓은 30도 안대노;;;,2024-08-11
3600,ddimmi96_2024-05-25,e.gg_aa,진짜 행복하겠다,2024-07-31
3601,ddimmi96_2024-05-25,may__0ne,@seun_hye__00 해보고싶다,2024-07-08
3602,ddimmi96_2024-05-25,hyoonixxz,언니 찐 행복해보여...,2024-06-15
3603,ddimmi96_2024-05-25,na534mi,엽떡 맛없든데ㅠㅠㅠ최악이었음ㅠ,2024-06-09
3604,ddimmi96_2024-05-25,remyri.me,@da_seul_4 너가 버내고부터 엽떡이 떠…,2024-05-27
3605,ddimmi96_2024-05-25,nulicook,요리계정보다가 알게된 띠미님 표정이 살아있어서 그냥 지나칠수가 없네욤...진짜 다양해졌네욤!?!?,2024-05-27
3606,ddimmi96_2024-05-25,mang_iz_free,@_josum @heo_oni 도전?,2024-05-27
3607,ddimmi96_2024-05-25,drzoraida32,Me hiciste dar hambre 😢 se ve delicioso 😋 🤤,2024-05-27
3608,ddimmi96_2024-05-25,yxnhee_,@a4_0712 진짜 엽떡 먹을때 됫다....이번주 주말😢,2024-05-27
3609,ddimmi96_2024-05-25,kimjk08130,학교가개 전인데..계속 생각날것 같아요..,2024-05-27
3610,ddimmi96_2024-05-25,y_a_n_g_5555,?,2024-05-26
3611,ddimmi96_2024-05-25,seou_gogo,언니 다리 안 아파?,2024-05-25
3612,ddimmi96_2024-05-25,hxz._zy,알바생의 고통..,2024-05-25
3613,ddimmi96_2024-05-25,ongsuzn,어우 마싯겟다,2024-05-25
3614,ddimmi96_2024-05-25,len1a_sou,They looked like organs..,2024-05-25
3615,ddimmi96_2024-05-25,ddimmi96,제가 어제 생방송에서도 말씀 드린 그 영상입니다! 이거 맛 미쳐서 촬영 끝나고도 2시간동안 계속 먹음🥹 영상에선 없는데 통유부 그냥 엽떡에서도 꼭 추가해드세요!!! 진짜 최고야❤❤❤❤❤❤❤❤❤❤❤❤,2024-05-25
3616,ddimmi96_2024-05-25,king_ain12,와ㅏㅏ,2024-05-25
3617,ddimmi96_2024-05-23,ahcolpan,NİYW KİMSE BAYRAKLARI ASMAMIŞ 🇹🇷🇹🇷🇹🇷🇹🇷🇹🇷🇹🇷,2024-06-17
3618,ddimmi96_2024-05-23,kimseeun20140318,카다이프 넘쳐나서 좋겠다....,2024-06-09
3619,ddimmi96_2024-05-23,gimahyeon6912,김치전 해주세오ㅡ!! 반죽말고 그냥 김치랑 썩어서 치즈 넣음 진짜 대박이에요!!!!!!,2024-05-30
3620,ddimmi96_2024-05-23,gammanjeong0_0,이분 열다섯살인가요?,2024-05-29
3621,ddimmi96_2024-05-23,ar_110217,카다이프로 꿀타래 만들어 주세요!,2024-05-27
3622,ddimmi96_2024-05-23,hw117788,쿠나파 (Knafe Kunafa Kunefe),2024-05-26
3623,ddimmi96_2024-05-23,"만드세용 훨씬 맛있어요
u._llx7",@jeon_unni_,2024-05-26
3624,ddimmi96_2024-05-23,xeon.xu,사과잼이랑 구워도 존맛입니당,2024-05-25
3625,ddimmi96_2024-05-23,jong12hyuk,카다이프로 라면 끓여주세여,2024-05-25
3626,ddimmi96_2024-05-23,s_h_jeon____,저걸로 새우튀김 해먹으면 진짜 맛있어요,2024-05-25
3627,ddimmi96_2024-05-23,mangojerryy,우아 대박이다 ㅋㅋ띠미님 저도 만들어 묵어야겠어용👏,2024-05-25
3628,ddimmi96_2024-05-23,hyxuni0,언니 핫도그위에 카다이프 뿌려서 먹어주세요!,2024-05-25
3629,ddimmi96_2024-05-23,yx.seo_,띠미니임!!! 카다이프로 애그 타르트 만들어 주세요오❤❤,2024-05-24
3630,ddimmi96_2024-05-23,min._.mingg,@sso0ii__ @50_seungye 이것도 있당,2024-05-24
3631,ddimmi96_2024-05-23,zn_1in0,@jeon_unni_ 😍😍,2024-05-24
3632,ddimmi96_2024-05-23,rlatkdgns_2011_1230,카다이프 아누누님한테 부탁해서 동결건조 갑시다,2024-05-24
3633,ddimmi96_2024-05-23,choiyeji9049,카다이프면으로 에그타르트 만둘어 주세요!!!,2024-05-24
3634,ddimmi96_2024-05-23,chunkypanda12,Baklava,2024-05-24
3635,ddimmi96_2024-05-23,1qxsmd9,카다이프 에그타르트 최고에여....👏👏,2024-05-24
3636,ddimmi96_2024-05-23,jinhwan_y_89,도르마무 카다이프 ?!,2024-05-23
3637,ddimmi96_2024-05-23,_e_s.f.p,카다이프로 국수 만들어 주세요..,2024-05-23
3638,ddimmi96_2024-05-23,gyeongmin783,카다이프 얼마나 온건가요???ㅋㅋㅋㅋㅋㅋㅋㅋ,2024-05-23
3639,ddimmi96_2024-05-23,minseo_120224,역시띠미님금손,2024-05-23
3640,ddimmi96_2024-05-20,eeeerereurur,전쟁나면 먹을것 같음,2024-07-04
3641,ddimmi96_2024-05-20,jjinjin13,냠냠 하는거 넘 귀여워여,2024-06-05
3642,ddimmi96_2024-05-20,x_exh5,얼마야 개 맛있겠다,2024-05-26
3643,ddimmi96_2024-05-20,bunnyxsu,똑똑하군 빵순이는 궁금하다...,2024-05-23
3644,ddimmi96_2024-05-20,hjh_0508,일본에서 사는데 코로나때 혹시나 밖에 못나갈때 대비해서 통조림빵 사놨던 기억나네요😢,2024-05-22
3645,ddimmi96_2024-05-20,wwsong232319,???:여기 있네? 빵~ 통조림,2024-05-22
3646,ddimmi96_2024-05-20,official_treasurehunter,초코빵 먹어보고싶어욤,2024-05-22
3647,ddimmi96_2024-05-20,i_yooii,통조림빵은 신선 하다 어떡해 저런 아이디어를..일본에가야 살수있나,2024-05-22
3648,ddimmi96_2024-05-20,kko_ne,아니 사먹어보고싶었던건데!!,2024-05-21
3649,ddimmi96_2024-05-20,our_story_0320_,나도 먹고싶다..,2024-05-21
3650,ddimmi96_2024-05-20,yrim510,냠냠 중독됨🥸,2024-05-20
3651,ddimmi96_2024-05-20,dhwan_0206,ㅋㅋ❤️ 리액션 넘 좋구❤️,2024-05-20
3652,ddimmi96_2024-05-19,skimm_1213,Doesn’t taste good at all 😮,2024-09-04
3653,ddimmi96_2024-05-19,joeuns14,아니 크기랑 질감이 다르잖아 쌈@뽕하개 구라까네,2024-06-02
3654,ddimmi96_2024-05-19,sanghyuk_jang1,이거 질감은? 손으로 알수있지 않나?,2024-05-23
3655,ddimmi96_2024-05-19,0130jio,630번째 하트 10번째 댓글😍,2024-05-23
3656,ddimmi96_2024-05-19,mipi1107,띠미님 저도 엘모 안대 있어요💌💌💌💌💌❤️✨💌✨💌✨💌✨,2024-05-21
3657,ddimmi96_2024-05-19,sarwin_jafff,,2024-05-20
3658,ddimmi96_2024-05-19,onyou1229,미스터비스트가 최신게 더맛있데요 다음에는 더 맛있게요,2024-05-19
3659,ddimmi96_2024-05-19,onyou1229,근데 최신거 먹어야죠,2024-05-19
3660,ddimmi96_2024-05-19,deokhudiary,예전 버전 초콜릿이네...,2024-05-19
3661,ddimmi96_2024-05-19,s1.wuxn,띠미 아이고난,2024-05-19
3662,ddimmi96_2024-05-19,s1.wuxn,1빠,2024-05-19
3663,ddimmi96_2024-05-19,s1.wuxn,앟아,2024-05-19
3664,ddimmi96_2024-05-19,ddimmi96,"❗️유튜브 멤버쉽을 가입하시면 미스터띠스트의 더빙 없는 충격적인 원본을 보실 수 있습니다❗️
✨[멤버쉽 혜택]✨
1. 💌띠미와 카톡💌
ㄴ멤버쉽 분들 전용 커뮤니티 글에 띠미 비밀 오픈챗방 링크과 오픈챗 비번을 매달 공유드릴 예정입니다
(매달 새로팔 예정)
.
2. 멤버쉽 전용 영상 업로드
ㄴ멤버쉽 분들만 볼 수있는 재밌는 비하인드 등등 영상 업로드
.
3. 멤버쉽 댓글 우선적으로 답글
ㄴ 멤버쉽 분들 댓글에 우선적으로 답글이 달립니다
.
4.제가 떡볶이 러버라 귀여운 떡볶이 뱃지를 제작 했어요! 댓글 달때마다 항상 옆에 떡볶이 뱃지가 달릴거에요 (유튜브 커뮤니티 참고)
.
혜자스러운 가격으로 멤버쉽 오픈했으니
관심 있으시다면 띠미 유튜브 멤버쉽 가입 부탁드립니다🥹🫶🏻
정말 대환영!!❤️
.
‼️현재 pc로는 모바일 가입이 뜨는데 모바일버전으로는 멤버쉽 가입이 안뜰때가 있는것 같아요‼️
‼️그럴경우 pc데스크탑버전으로 해서 가입하시면 됩니다‼️
.
❤멤버쉽 가입하신 분들은 유튜브 멤버쉽 게시판을 클릭 후 멤버쉽 전용 게시글에 적혀있는 띠미 비밀톡방에 참여해주세요❤",2024-05-19
3665,ddimmi96_2024-05-17,z.nwx0,5년만에5만이 늘어다고?,2024-08-01
3666,ddimmi96_2024-05-17,nonoy77777,지나갔지만 함께했던 이를 여전히 소중히 생각할줄 아는 참된 사람이네요,2024-06-13
3667,ddimmi96_2024-05-17,hy.a1x,와 금손 ㄷㄷ,2024-06-10
3668,ddimmi96_2024-05-17,kimseeun20140318,와 뭐만드나했더니...보니까 개잘만들었네,2024-06-09
3669,ddimmi96_2024-05-17,yoo_dong_seon,와우!!,2024-06-04
3670,ddimmi96_2024-05-17,beardsman_ssang_ah,왜 사람들은 굳이 백만에 환장하고 집착하는감...,2024-06-01
3671,ddimmi96_2024-05-17,g._.hvee,멋있어요 ୧( “̮ )୨,2024-05-18
3672,ddimmi96_2024-05-17,narae_is_consulting,띠미띠미❤️ 행사에서 봤을 때 계속 유튜브 해준 것만으로도 얼마나 고마웠다규~ 첫 피디님도 잊지않고 기억하는 정많은 띠미 앞으로도 승승장구 하길 !!!,2024-05-18
3673,ddimmi96_2024-05-17,gyeongmin783,잘한다!!!!!우리띠미님 파이팅!!!!!!,2024-05-18
3674,ddimmi96_2024-05-17,suri_5931,언니 나 또 울어.,2024-05-17
3675,ddimmi96_2024-05-17,amiable_grin_,지챠 띠미님 최고🔥 맘씨까지 완벽😢,2024-05-17
3676,ddimmi96_2024-05-17,vaniolet,천사 피디님🥹👍,2024-05-17
3677,ddimmi96_2024-05-17,klmheejae,유명해져서 쌩까면 죽음뿐,2024-05-17
3678,ddimmi96_2024-05-17,u30_of_storm,자랑스러운 108만 윾튜버ㅎㅎ,2024-05-17
3679,ddimmi96_2024-05-17,twinstsniwt,썰을왤케듣기좋게잘푸세요,2024-05-17
3680,ddimmi96_2024-05-17,hyo_2yeong,언니 언제나 응원하고있을께!!,2024-05-17
3681,ddimmi96_2024-05-17,ongsuzn,62주좋아요 23개답글 달기,2024-05-17
3682,ddimmi96_2024-05-17,"번역 보기
ddimmi96",어제 제 유튜브 생일이였어요! 🎂,2024-05-17
3683,ddimmi96_2024-05-17,"띰띰이들 7년동안 응원해주시고 사랑주셔서 정말 감사합니다❤
저 좋아해주시고 응원해주신 것
후회 안하게 제가 더 잘할게요🥹💖💖💖
na._he.s",언니 나 진짜 빨리 왔어,2024-05-17
3684,ddimmi96_2024-05-17,ssini_kim,먼데 나 왜우러,2024-05-17
3685,ddimmi96_2024-05-15,typhoon0830,이 누나 뭐야,2024-10-12
3686,ddimmi96_2024-05-15,mipi1107,언니 진짜 천재 짱짱,2024-09-29
3687,ddimmi96_2024-05-15,iseohyeon847,와우😍,2024-07-24
3688,ddimmi96_2024-05-15,beomf.jsh,아니 겁나 멋있고 쩌는 브금 깔아놓고 그거에 맞지 않은 더쩌는 언니,2024-07-08
3689,ddimmi96_2024-05-15,_27_4_96,@lee_seokryeol,2024-06-10
3690,ddimmi96_2024-05-15,kimseeun20140318,아 !!!!맞다 컵누들이 있었지지지지지지지지짗 나이스 알고있었는데 또 까먹었네 사람들은 내 기분을 알지못해,2024-06-09
3691,ddimmi96_2024-05-15,we._.our_us,@94tae_hoon,2024-06-07
3692,ddimmi96_2024-05-15,we._.our_us,@jieun2288zz 이겋9ㅈ6,2024-06-06
3693,ddimmi96_2024-05-15,ypnar_10,뭐지 ㅋㅋ,2024-06-05
3694,ddimmi96_2024-05-15,mosdongseulki,@stella_yeseul_moon 이거에여,2024-06-03
3695,ddimmi96_2024-05-15,qiuqiuwawa8,击败chocolate?!! 🥲💀😂😂,2024-05-27
3696,ddimmi96_2024-05-15,jeongwonnn7,언니 재료 다있잖아..그냥 만들어죠..,2024-05-26
3697,ddimmi96_2024-05-15,0130jio,50번째 댓글😮,2024-05-23
3698,ddimmi96_2024-05-15,flowermoments01,오우 잘하신다 ㅋㅋㅋㅋㅋㅋㅋ,2024-05-21
3699,ddimmi96_2024-05-15,j_sxxyoung13,천재세요…?,2024-05-19
3700,ddimmi96_2024-05-15,wook_e99,@su_y._.n 이거,2024-05-19
3701,ddimmi96_2024-05-15,mingi_u,초코펜이 집에 있을리 없잖아요!!!!!,2024-05-19
3702,ddimmi96_2024-05-15,lim_jin_gyu,@miiinjuuuu,2024-05-19
3703,ddimmi96_2024-05-15,zy_10yl,귀여워 ㅋㅋㅋㅋㅋㅋ 키스할래요?,2024-05-18
3704,ddimmi96_2024-05-15,comely.6o9,ㅈㄴ천잰데,2024-05-18
3705,ddimmi96_2024-05-15,s_jung92,@hae_0.e 만들어줘!!!!,2024-05-18
3706,ddimmi96_2024-05-15,h.eun3x,@sb_1n_x2 만들어줭^^,2024-05-17
3707,ddimmi96_2024-05-15,gyeongmin783,두바이가신거쥬??????,2024-05-16
3708,ddimmi96_2024-05-15,nulicook,ㅋㅋㅋㅋㅋㅋㅋㅋㅋ띠바이초콜렛 도저언~!!!!,2024-05-16
3709,ddimmi96_2024-05-15,nyunyu5346,첨에 안에들어있는거 쌈장인줄..ㅋ,2024-05-16
3710,ddimmi96_2024-05-15,86_unni,바낼루피?,2024-05-16
3711,ddimmi96_2024-05-15,sorayasofyan_,"Do you know the composition of kadaif? The main composition of kadaif is milk, so when you leave kadaif. the taste will be different",2024-05-16
3712,ddimmi96_2024-05-15,uouv330,멋있다🔥🔥,2024-05-16
3713,ddimmi96_2024-05-15,jeon_unni_,완전 전투적인 초콜렛만들기네여ㅋㅋㄱㅋㅋㅋ 컵누들이라니 미쵸따리!!!💋💋ㅋ👍👍👍,2024-05-16
3714,ddimmi96_2024-05-15,jh.j_10,ㅆㅂㅋㅋㅋㅋ존나그럴싸하네,2024-05-16
3715,ddimmi96_2024-05-15,mayday_yw_74,우와,2024-05-15
3716,ddimmi96_2024-05-15,luca_lee1309,이건 좋아요를 안누를수가없었어요ㅠㅠ♡♡♡,2024-05-15
3717,ddimmi96_2024-05-15,wo._xny25,@yeonagyeom48,2024-05-15
3718,ddimmi96_2024-05-15,seojaeduk,터프미&박력미 뿜뿜하는 오늘의 두바이 초콜릿 숏폼😮,2024-05-15
3719,ddimmi96_2024-05-15,y_kko.9_m,@92_0102c 요즘 이 초코렛 난린디.. 만들어봐야되나..,2024-05-15
3720,ddimmi96_2024-05-15,soohyun_094,와 천재 👍 어쩜 이런생각을😍,2024-05-15
3721,ddimmi96_2024-05-15,jun_woo_77,ㅇㅈ,2024-05-15
3722,ddimmi96_2024-05-15,ahndain_,7빠! 참신하다❤️❤️,2024-05-15
3723,ddimmi96_2024-05-15,me___nii,와 컵누들 ㄹㅇ 개천재같음ㅋㅋㅋ,2024-05-15
3724,ddimmi96_2024-05-15,hxpdx,와 컵누들.. 천재👏,2024-05-15
3725,ddimmi96_2024-05-15,ddimmi96,시간지나니까 좀 눅눅해지더라구요,2024-05-15
3726,ddimmi96_2024-05-15,"띰띰이들은 컵누들 말고 라면으로 해보셔요!!!🤓❣️
zuxpu_",헐 맛있겠어요 정확히 뮤슨맛인가용??,2024-05-15
3727,ddimmi96_2024-05-14,composing._.abin,일본에서는 대체 왜 유행하냐스러운 젤리래요ㅋㅋ젊으니들은 별로 좋아하지 않는다구...,2024-07-30
3728,ddimmi96_2024-05-14,ghtuusd_,오,2024-07-20
3729,ddimmi96_2024-05-14,jang__vely,@_soo_kyeong2 이히히 이히히히에헤헤헤,2024-07-18
3730,ddimmi96_2024-05-14,mang0_ni,@yujinn.v 이제 또 내 입맛을 돌게하는 새로운 item 등장,2024-07-02
3731,ddimmi96_2024-05-14,beomf.jsh,얼려거 음료수에 어름대신 넣어 주세여ㅕㅕㅁ,2024-06-30
3732,ddimmi96_2024-05-14,shsjsbxhdksj,튀겨주세요😢,2024-06-26
3733,ddimmi96_2024-05-14,insa57964,탕후루드가자,2024-06-20
3734,ddimmi96_2024-05-14,5x.zin_,탕후루,2024-06-20
3735,ddimmi96_2024-05-14,dxoti_,전자렌지에 녹였다가 굳으면 먹어주세욤ㅋㅋ,2024-06-16
3736,ddimmi96_2024-05-14,seo_in0902,꿀젤리해주세여!,2024-06-12
3737,ddimmi96_2024-05-14,hhyy__jon,그거 녹여서(전자레인지)빨대로 불어주세여,2024-06-10
3738,ddimmi96_2024-05-14,yeu._n,탕탕후루,2024-06-08
3739,ddimmi96_2024-05-14,sxezxo,저 주세욥(?),2024-06-04
3740,ddimmi96_2024-05-14,j.hyn_x,킨조젤리 녹여서 탕후루염,2024-05-26
3741,ddimmi96_2024-05-14,kailey251015,탕후루 🔥🔥🔥,2024-05-26
3742,ddimmi96_2024-05-14,2012_eden_,킨조젤리 일본가서 먹어주세요😍😍😍,2024-05-25
3743,ddimmi96_2024-05-14,jion.1008,해주세요,2024-05-23
3744,ddimmi96_2024-05-14,jion.1008,탕후루 😍,2024-05-23
3745,ddimmi96_2024-05-14,sonyunji2560,녹여서 왕 크게 만들어주세요,2024-05-22
3746,ddimmi96_2024-05-14,irui988,탕후루가자,2024-05-22
3747,ddimmi96_2024-05-14,donghawn052,구워 보시죠,2024-05-20
3748,ddimmi96_2024-05-14,sonhyeogju4,녹여서 섞은다음 다시얼려서 먹어주세요,2024-05-19
3749,ddimmi96_2024-05-14,ihayul122,불에 구워 먹어주세요❤️ (탕후루 같이),2024-05-19
3750,ddimmi96_2024-05-14,dpddpddpdz,@kong__sz 얼려먹으래!,2024-05-18
3751,ddimmi96_2024-05-14,yoorim0301,동결건조?,2024-05-18
3752,ddimmi96_2024-05-14,dayoon.jung_19,탕후루🔥🔥,2024-05-18
3753,ddimmi96_2024-05-14,schwarzekatzen1,냉동실이 이빨 뽑힐거 같으면 냉장실에 넣으면 띡 먹기 좋은거 아니야?,2024-05-17
3754,ddimmi96_2024-05-14,lee._.hee518,젤리 풍선 해주세요,2024-05-17
3755,ddimmi96_2024-05-14,daeun1639,재리에 태이프 젤리 감사서 먹은거랑 킨조젤리 비교해주세요,2024-05-16
3756,ddimmi96_2024-05-14,ms7179lee,킨조젤리 롤업어때여?,2024-05-16
3757,ddimmi96_2024-05-14,ch.hee_10,전자레인지 15초 정도 돌려서 먹으면 겁나 맛있데여,2024-05-16
3758,ddimmi96_2024-05-14,rabbt_sat,엄…남은걸로…달고나(?)만들죠,2024-05-15
3759,ddimmi96_2024-05-14,tae_hoon_ahn_93,동결건조 ㄱㄱ,2024-05-15
3760,ddimmi96_2024-05-14,hzxvna_,일본에선 지금 우리나라 사랑방 캔디가 다른나라에 유명하고있다는거잖아😂,2024-05-15
3761,ddimmi96_2024-05-14,p_pmin97,@yg_l960,2024-05-15
3762,ddimmi96_2024-05-14,auonze,아 오늘 내가 밟았던 젤리가 저거구나,2024-05-15
3763,ddimmi96_2024-05-14,yongha918,동결건조 어떰요?,2024-05-15
3764,ddimmi96_2024-05-14,gimjinweon7541,솜사탕 ㅋㅋㅋㅋㅋㅋ,2024-05-15
3765,ddimmi96_2024-05-14,0r1x._0u,대왕 크림빵 만들어서 크림 안에 킨조젤리 넣어서 먹어보는거 어때요?!?!?!?,2024-05-15
3766,ddimmi96_2024-05-14,skflthfl22,동결건조 해먹어봐요,2024-05-15
3767,ddimmi96_2024-05-14,e.b._.eb,남은거 녹여서 탕후루 만들어 먹어요❤️😍,2024-05-15
3768,ddimmi96_2024-05-14,naxkn_,@kimms.53 너가 줬던거ㅋㄷ킄,2024-05-15
3769,ddimmi96_2024-05-14,gyeongmin783,ㅋㅋㅋㅋㅋㅋㅋㅋㅋㅋ떡볶이????????,2024-05-14
3770,ddimmi96_2024-05-14,jminseo_0212,동결건조,2024-05-14
3771,ddimmi96_2024-05-14,yju_1022,구워먹어봐요❤️,2024-05-14
3772,ddimmi96_2024-05-14,ihyimin44,동결젤리 만들어요,2024-05-14
3773,ddimmi96_2024-05-14,ihyimin44,솜사탕 만들기여 누나,2024-05-14
3774,ddimmi96_2024-05-14,dog_0.306,달고냐❤️❤️❤️,2024-05-14
3775,ddimmi96_2024-05-14,baewooju1,바로탕후루죠ㅎ,2024-05-14
3776,ddimmi96_2024-05-14,ha_9x7,동결건조….,2024-05-14
3777,ddimmi96_2024-05-14,2440_ee,동결건조요,2024-05-14
3778,ddimmi96_2024-05-14,dooboo_0904,탕후루 ㄱㄱ🙌🙌,2024-05-14
3779,ddimmi96_2024-05-14,yahn0921,탕후루 ㄱ ㄱ,2024-05-14
3780,ddimmi96_2024-05-14,cx_bn1z,혹시 버너에 구워먹어주실 수 있나욥?? ASMR넘 잘해서 탕후루같이 먹는거도 한번 보고싶어요🔥🔥,2024-05-14
3781,ddimmi96_2024-05-14,se.0yx55,탕후루ㄱㄱ,2024-05-14
3782,ddimmi96_2024-05-14,a3.xen_,탕후루해주세요,2024-05-14
3783,ddimmi96_2024-05-14,b._tmx,킨조젤리 대왕으로 만들어보는건 어떨까용??😮,2024-05-14
3784,ddimmi96_2024-05-14,uouv330,탕후루어때요,2024-05-14
3785,ddimmi96_2024-05-14,kim_sunnnyy,탕후루..,2024-05-14
3786,ddimmi96_2024-05-14,ch.eey12,얼음으로 멋기기기ㅣㄱ,2024-05-14
3787,ddimmi96_2024-05-14,beomf.jsh,음료수에 넣어 먹어 주세요!!! 제발요!!!,2024-05-14
3788,ddimmi96_2024-05-14,1_won12,탕후루ㄱㄱ,2024-05-14
3789,ddimmi96_2024-05-14,hyeonjimin850,부럽다ㅠㅠ😢,2024-05-14
3790,ddimmi96_2024-05-14,xur.ve_1,마라탕에 넣어먹어요👍🏻,2024-05-14
3791,ddimmi96_2024-05-14,hx.xun_4,것에 것 만 뜯어서 먹어보기!!,2024-05-14
3792,ddimmi96_2024-05-14,jeonminjun911,탕후루🔥,2024-05-14
3793,ddimmi96_2024-05-14,heejeong_stay,저 주세오,2024-05-14
3794,ddimmi96_2024-05-14,ssoo22n.jung,아니면 동결건조 어때요?!?!?😍😍,2024-05-14
3795,ddimmi96_2024-05-14,u30_of_storm,핫한 젤리가 일본 할머니네 있을만한 제리였다니ㅋㅋㅋ,2024-05-14
3796,ddimmi96_2024-05-14,ssoo22n.jung,띠미띠미띠 그젤리아스크림싸먹는거처럼 녹여서펴가지고 아이스크림에 싸먹어보는거 어때요?!?,2024-05-14
3797,ddimmi96_2024-05-14,yu._ji.n12,탕후루,2024-05-14
3798,ddimmi96_2024-05-14,jiyx_1,구워머거봐주세용!,2024-05-14
3799,ddimmi96_2024-05-14,chae_r1n0703,저거 포도가 존맛탱,2024-05-14
3800,ddimmi96_2024-05-14,nado_odo,선생님 남은거 제 입으로 한봉지…ㅠㅠㅠㅠㅠ,2024-05-14
3801,ddimmi96_2024-05-14,sen__r0.xj,3빠ㅏㅏ,2024-05-14
3802,ddimmi96_2024-05-14,_tae0n,1빠?,2024-05-14
3803,ddimmi96_2024-05-11,jaeeewone,@hyeonjiz 배떡잊고있었네,2025-03-14
3804,ddimmi96_2024-05-11,a_eun_.0_,😮,2024-10-28
3805,ddimmi96_2024-05-11,h_and_s_gp,디엠이용,2024-05-14
3806,ddimmi96_2024-05-11,lily15jeju,저어제부터띠미님유튜브 구독눌렀어요,2024-05-12
3807,ddimmi96_2024-05-11,hanujin248,ㄹㅇ 먹어보고 싶은데 울 동네 배떡엔 안팔아요😢,2024-05-12
3808,ddimmi96_2024-05-11,silk_a09,저희 집 근처에는 배떡이 있었는데 없었습니다...😢,2024-05-12
3809,ddimmi96_2024-05-11,u30_of_storm,어마어마한 떡볶이다ㅎㅎ,2024-05-11
3810,ddimmi96_2024-05-11,100.622.jh,쿵야 레스토랑즈 왜 이거 하트 눌럿냐.,2024-05-11
3811,ddimmi96_2024-05-11,gyeongmin783,부우셨다고요????이 모습이요????이쁘기만한데?????(말 안하셨으면 몰랐어용),2024-05-11
3812,ddimmi96_2024-05-11,kooyerin,오오옹ㅇ빨리왓다ㅏ,2024-05-11
3813,ddimmi96_2024-05-11,zxczxc3314zxc,진짜 빨리 왔는데 답글좀 달아주세요,2024-05-11
3814,ddimmi96_2024-05-11,ssini_kim,띠미의 큰그림❤️ 얼굴부은거1도모르겟띠미❤️,2024-05-11
3815,ddimmi96_2024-05-11,ddimmi96,"몸이 안좋아서 얼굴이 부었습니당
미안!!! 👀💕💕💕💕💕💕",2024-05-11
3816,ddimmi96_2024-05-09,hy._x14,다 맜🙌👏있어 보여용❤️,2024-10-26
3817,ddimmi96_2024-05-09,2.doonaaaa,@shin_chaeeun_91 당고 종류가 많구만,2024-10-21
3818,ddimmi96_2024-05-09,14_tws__shinyu42,마싯겠다ㅠ,2024-05-11
3819,ddimmi96_2024-05-09,lee_young914,두바이초콜릿!,2024-05-10
3820,ddimmi96_2024-05-09,lee_young914,만들어주세요,2024-05-10
3821,ddimmi96_2024-05-09,lee_young914,7빠 샌세~~요새유행하는 초콜릿,2024-05-10
3822,ddimmi96_2024-05-09,cute_hayoung1144,이쁜떡이 먹기도 조타💗,2024-05-10
3823,ddimmi96_2024-05-09,gyeongmin783,맛있어보여용😍😍😍😍😍😍😍😍,2024-05-09
3824,ddimmi96_2024-05-09,lleouyn,오,2024-05-09
3825,ddimmi96_2024-05-09,hamyesong2,냐미나미,2024-05-09
3826,ddimmi96_2024-05-09,seojaeduk,당고 냠냠~,2024-05-09
3827,ddimmi96_2024-05-08,hx.xun_4,개 똑같넼ㅎㅋㅎㅋㅎㅎㅋㅎ,2024-05-14
3828,ddimmi96_2024-05-08,_rkkd._,이 언니 너무 귀여우ㅏㅠㅠㅠ,2024-05-08
3829,ddimmi96_2024-05-08,gyeongmin783,진짜 500원 맞냐고요ㅋㅋㅋㅋㅋㅋㅋㅋㅋㅋ,2024-05-08
3830,ddimmi96_2024-05-08,triples_xinyu_love,秋葉原だ！,2024-05-08
3831,ddimmi96_2024-05-08,seojaeduk,스고이~~,2024-05-08
3832,ddimmi96_2024-05-08,d0705h,ㅋㅋㅋㅋㅋㅋ,2024-05-08
3833,ddimmi96_2024-05-07,bu.bu_2323,じいちゃん宅にあった…お菓子だ〜苦手…だったな😮,2024-06-02
3834,ddimmi96_2024-05-07,reza_shirazy1202,🔥❤️,2024-05-08
3835,ddimmi96_2024-05-07,gangduweon85,😍😍,2024-05-08
3836,ddimmi96_2024-05-07,sarwin_jafff,,2024-05-07
3837,ddimmi96_2024-05-07,spacereservoir,@dnjswngml,2024-05-07
3838,ddimmi96_2024-05-07,ixmlan,나두 띠조젤리(메이드바이띠미)가 더 궁금해서 문방구 뒤지게 생겻자나,2024-05-07
3839,ddimmi96_2024-05-07,seyomi_xo,확인까지 직접하고 자기의견 바로 수정하고 사과하는 띠미언니 멋있다!,2024-05-07
3840,ddimmi96_2024-05-07,sn_muk,진짜 너무 찌끔 남아서 아숩 ㅠㅠㅠ 😂,2024-05-07
3841,ddimmi96_2024-05-07,dhkong1102,이거 하이젤리 인데요...?,2024-05-07
3842,ddimmi96_2024-05-07,gyeongmin783,ㅋㅋㅋㅋㅋㅋㅋㅋㅋㅋㅋㅋㅋ진짜 사와서 리뷰하는거 어이없ㅋㅋㅋㅋㅋㅋㅋㅋㅋㅋㅋㅋㅋㅋㅋㅋ,2024-05-07
3843,ddimmi96_2024-05-07,sdj0224.13,이 사람들 궁댕이 자랑하시는데..?,2024-05-07
3844,ddimmi96_2024-05-07,bolim3987,먹어보고 싶다!!!,2024-05-07
3845,ddimmi96_2024-05-04,momozirou44,キャラメリゼされてるプリン食べないの？,2024-06-02
3846,ddimmi96_2024-05-04,___youngny,@seo_yun012 쌤이랑 일본가구싶다😍 이레랑 셋이가자 ㅋㅋㅋ,2024-05-24
3847,ddimmi96_2024-05-04,3.91xx,@moon_jeongyo,2024-05-17
3848,ddimmi96_2024-05-04,gim49025,19🔥🔥금먹방🔥🔥,2024-05-11
3849,ddimmi96_2024-05-04,lee.jinha_09,쟈@지,2024-05-11
3850,ddimmi96_2024-05-04,12._4567633,쟈지뜻이먼데여???,2024-05-08
3851,ddimmi96_2024-05-04,sanwon_banjuheon,녹차푸딩 쟈지푸딩 찐맛꿀맛😍,2024-05-05
3852,ddimmi96_2024-05-04,jj.e0nz,자지 푸딩 맛있겟다앙,2024-05-05
3853,ddimmi96_2024-05-04,suri_5931,저 녹차푸딩이 진짜 찐맛이죠! 저도 일본가서 마트털어 매일 먹었어여ㅠㅠ,2024-05-05
3854,ddimmi96_2024-05-04,ha_minin_g,노딱크음,2024-05-05
3855,ddimmi96_2024-05-04,gyeongmin783,닉값했던 푸딩에 대하여...,2024-05-05
3856,ddimmi96_2024-05-04,u30_of_storm,일본 편의점 점장님이 뿌듯하셨겠네요ㅋㅋㅋ,2024-05-04
3857,ddimmi96_2024-05-04,jangdojang60,야미..,2024-05-04
3858,ddimmi96_2024-05-04,sarwin_jafff,😍😍😍😍😍😍,2024-05-04
3859,ddimmi96_2024-05-04,seojaeduk,3초 법칙 ㅋㅋㅋㅋㅌ,2024-05-04
3860,ddimmi96_2024-05-04,ddimmi96,푸딩 이름이 참.. 허허허 민망!!!!😳,2024-05-04
3861,ddimmi96_2024-05-03,ee8eeeeee,진짜 신기하다 우리나라도 도입이 시급하다!😍,2024-06-06
3862,ddimmi96_2024-05-03,iam___lynnn,@jeo__mini,2024-06-05
3863,ddimmi96_2024-05-03,da__nx.1,저 케이크 우리 학교에서 나왔는데? 맛만 다르게,2024-05-05
3864,ddimmi96_2024-05-03,north_fanmade,와...일본가면 꼭 먹어보겠습니다!!,2024-05-05
3865,ddimmi96_2024-05-03,j._.uya,@jamm_cn 자판기엨ㅋㅋ 너 돌았니랰ㅋㅋㅋㅋ 개욱기네,2024-05-05
3866,ddimmi96_2024-05-03,yul.i2018,진짜 맛있겠다,2024-05-04
3867,ddimmi96_2024-05-03,sooa1404,컵케이크 구다사이,2024-05-04
3868,ddimmi96_2024-05-03,dan_bi_s,너 돌았니 ㅋㅅㅋㅋㅅㅋㅅㅋㅋㅋㅋㄱㅋㄱㅋㄱㅋㅋ,2024-05-04
3869,ddimmi96_2024-05-03,0wldn8,울언니 개이쁘다,2024-05-03
3870,ddimmi96_2024-05-03,ixmlan,와 언니 나도 먹고 싶어,2024-05-03
3871,ddimmi96_2024-05-03,lleouyn,미친 개입허 언니❤️,2024-05-03
3872,ddimmi96_2024-05-03,sarwin_jafff,❤️❤️❤️❤️👏👏👏,2024-05-03
3873,ddimmi96_2024-05-03,g._yxn11,언니 ❤️,2024-05-03
3874,ddimmi96_2024-05-03,wjdwlstls,언니는 살이 다 가슴으로 갔어..???,2024-05-03
3875,ddimmi96_2024-05-03,seojaeduk,컵케잌 맛있겠다😶,2024-05-03
3876,ddimmi96_2024-04-26,leehyunhoyjc,버블티 쿠킨줄;;,2024-06-05
3877,ddimmi96_2024-04-26,sangkeumisang,박스쿠키아님?,2024-06-01
3878,ddimmi96_2024-04-26,jixxy_1304,아니 생긴게 저건데 어덯게 알아봐여.... 그 대왕 쿠키인줄 ㅁ몰,2024-05-15
3879,ddimmi96_2024-04-26,so_nghr4,쿠키...였구나,2024-05-15
3880,ddimmi96_2024-04-26,gyeongmin783,저런거 처음 해볼때 특 시키는대로 했는데 탐ㅋㅋㅋㅋㅋㅋㅋ,2024-04-26
3881,ddimmi96_2024-04-26,ide07ok,?,2024-04-26
3882,ddimmi96_2024-04-26,o.uhn11,밀가루 채 쳐야하는데,2024-04-26
3883,ddimmi96_2024-04-26,urlocal_esfj,왕 크닼ㅋㅋ,2024-04-26
3884,ddimmi96_2024-04-25,yuna_160504,언니 킨조젤리 편의점에 나와돼,2024-10-02
3885,ddimmi96_2024-04-25,jinjuuuuuuuuuu,@ssssssssoraaaaaaaa 이거바바,2024-06-17
3886,ddimmi96_2024-04-25,dahee13_09,헐 미친 그거 엄청 쿠팡에서 겁나 비싸던데?(비싼진 모름..)😂,2024-06-13
3887,ddimmi96_2024-04-25,s._.yul,신박하네여..👏,2024-06-07
3888,ddimmi96_2024-04-25,kimseeun20140318,악플러들 욕하고싶어서 안달났네..,2024-06-02
3889,ddimmi96_2024-04-25,bomyung87,@yoon_mom0910 똑똑하다,2024-05-31
3890,ddimmi96_2024-04-25,m___k.0329,（ボタンアメ）オススメですよ,2024-05-25
3891,ddimmi96_2024-04-25,mingming__xoxo,다른느낌인디 식감부터가,2024-05-17
3892,ddimmi96_2024-04-25,"킨조는 좀 더 쫀득해요
ywudveuw",뭘 맞다는거야,2024-05-05
3893,ddimmi96_2024-04-25,gwanseon70,킨죠 먹어보고 제~~리도 먹어봤는데 맛은 틀려도 식감은 엇비슷 해요~😂,2024-05-03
3894,ddimmi96_2024-04-25,dduni_m919,@taejin1011 태지나 언제가?,2024-04-27
3895,ddimmi96_2024-04-25,kmn104486,아닌디요 찐은 과일맛엄청약하고 달아요,2024-04-26
3896,ddimmi96_2024-04-25,h0ng.yxn3_,@dd290_ ㅋㅋㅋㅋㅋㅋ,2024-04-25
3897,ddimmi96_2024-04-25,gyeongmin783,그러고 사러 가신건 아니쥬?????ㅋㅋㅋㅋㅋㅋ,2024-04-25
3898,ddimmi96_2024-04-25,na_dan_04,이 여자.. 과연 누가 데려가게 될것인가..,2024-04-25
3899,ddimmi96_2024-04-25,yeonjae023,띠미천재 너무똑똑하다 귀여워,2024-04-25
3900,ddimmi96_2024-04-25,sarwin_jafff,😍😍😍😍😍😍😍,2024-04-25
3901,ddimmi96_2024-04-25,go.uri7225,일찍 왔다,2024-04-25
3902,ddimmi96_2024-04-25,post.at.home,천재..,2024-04-25
3903,ddimmi96_2024-04-25,s0n.uu_j1n,1빠!,2024-04-25
3904,ddimmi96_2024-04-24,020033__kk,😮,2024-06-03
3905,ddimmi96_2024-04-24,trlshsbbs,우유랑 얼음 같이 먹으면 배 아플텐데,2024-05-06
3906,ddimmi96_2024-04-24,samgreatking,우와 진짜 맛있어 보여요 🔥👏,2024-04-27
3907,ddimmi96_2024-04-24,sarwin_jafff,❤️❤️❤️❤️❤️,2024-04-27
3908,ddimmi96_2024-04-24,md_js._.1130,거기에 펄을 넣으면 맛찟껫따아!,2024-04-25
3909,ddimmi96_2024-04-24,safari_saver,😮,2024-04-25
3910,ddimmi96_2024-04-24,jj_y0x.a,걸렸다! 하는 부분 너무 웃겨요😂❤️,2024-04-24
3911,ddimmi96_2024-04-24,seojaeduk,우유에 찍은 쿠키부분을 공기와 마찰시켜서 쫀득함을 극대화 시키려고 (선)안 찍은 쿠키부분 (후)우유 부분으로 먹는 건가🤔,2024-04-24
3912,ddimmi96_2024-04-19,s_e_w_1300,야하다고 생각하는 본인이 더 이상한거 아닌가,2024-07-23
3913,ddimmi96_2024-04-19,kun_hee_0628,혹시 3D프린터로 출력했나요?,2024-07-09
3914,ddimmi96_2024-04-19,beomf.jsh,언니 왜 살 안쪄요?;;,2024-06-30
3915,ddimmi96_2024-04-19,kang_hyeon07.28,저거 프린팅하는게 어케 12만원임 내가뽑으면 600원인데,2024-05-14
3916,ddimmi96_2024-04-19,rladpekfa2010,누님 살좀 빼시는게 어떠신지,2024-05-12
3917,ddimmi96_2024-04-19,taehee_1127,중랑구 사세요? 저돈데,2024-05-01
3918,ddimmi96_2024-04-19,eun.6_s,가서 한입만하면 주시나요..,2024-04-28
3919,ddimmi96_2024-04-19,09jun_o,시퐁 틀 아닌가..,2024-04-27
3920,ddimmi96_2024-04-19,xx.mayday.xx,뭘 자꾸 야하대;,2024-04-27
3921,ddimmi96_2024-04-19,yr060_8,괜히 눈치,2024-04-26
3922,ddimmi96_2024-04-19,kktdwxn,this is 관종,2024-04-25
3923,ddimmi96_2024-04-19,hyeonjimin850,우와 맛있겠다😢,2024-04-23
3924,ddimmi96_2024-04-19,hyojun_a,이쁘네요 ㅋ,2024-04-23
3925,ddimmi96_2024-04-19,_z1xuv,ㅋㅋㅋ,2024-04-21
3926,ddimmi96_2024-04-19,sun_wx11,뭐가 야하다는거야 ㅋㅋㅋㅋㅋㅋㅋ,2024-04-20
3927,ddimmi96_2024-04-19,coeyeonhyi691,사람 쉽게 안죽는데요?,2024-04-20
3928,ddimmi96_2024-04-19,minju06080,나같아도 쳐다볼거같음,2024-04-19
3929,ddimmi96_2024-04-19,haeunkim0511,ㅇㄴ ㅋㅋㅋ,2024-04-19
3930,ddimmi96_2024-04-19,_5muas,오ㅏ 내꺼다,2024-04-19
3931,ddimmi96_2024-04-19,seojaeduk,엽떡을 걸으면서 먹을 수 있는 날이 왔다.😶,2024-04-19
3932,ddimmi96_2024-04-13,zkscy_11,@11_seongmin,2024-04-22
3933,ddimmi96_2024-04-13,sdafsadf123,😍😍😍😍😍,2024-04-18
3934,ddimmi96_2024-04-13,l4jxbin_,저기 팔로우 드릴테니까 귤 주시면 안될까요,2024-04-14
3935,ddimmi96_2024-04-13,dozymuky,이언니 진심 너무 예쁘고 친절함😍😍,2024-04-13
3936,ddimmi96_2024-04-13,kimohhyun,제주도 🤢🤮🤮🤮🤮🤢,2024-04-13
3937,ddimmi96_2024-04-13,s_.4su,탕후후맛있겟다,2024-04-13
3938,ddimmi96_2024-04-13,gzawon.2,그 특유의 녹음ㅋㅋ,2024-04-13
3939,ddimmi96_2024-04-13,yenee__13,하...왜 이런걸 하는건지..,2024-04-13
3940,ddimmi96_2024-04-13,_joy_glee,ㅋㅋㅋㅋㅋㅋㅋ 개 귀엽네 ㅋㅋㅋㅋㅋㅋㅋ 사랑해,2024-04-13
3941,ddimmi96_2024-04-13,u30_of_storm,비행기 타고 간식 사러가기ㅋㅋㅋ,2024-04-13
3942,ddimmi96_2024-04-13,triples_xinyu_love,済州島🍊💗,2024-04-13
3943,ddimmi96_2024-04-13,kny0521,너무 귀여워요 언니❤️🔥,2024-04-13
3944,ddimmi96_2024-04-13,yuhiro0o,하 재밋다,2024-04-13
3945,ddimmi96_2024-04-13,seojaeduk,아 중간에 라면이에요. 가 아니라 만원이에요 였구나 ㅋㅌㅋ,2024-04-13
3946,ddimmi96_2024-04-13,yeonpangi_,귤만먹고오라니까.,2024-04-13
3947,ddimmi96_2024-04-13,ye_lin2,귀여워죽겟다 귤보다상큼해.,2024-04-13
3948,ddimmi96_2024-04-13,ddimmi96,"오늘은 유튜버 미스터비스트 패러디
여러분들이 좋아하시는 미스터띠스트로 인사 드립니다 🥸✨",2024-04-13
3949,ddimmi96_2024-04-11,wool_.o,언니보고 제주도 가서 샀는데 1개 이상은 못 먹음...... 너무 밍밍하고 느끼???함,2024-08-27
3950,ddimmi96_2024-04-11,beomf.jsh,아니 그래도 다른 유튜버 들은 몰래 먹뱉 하는 경우가 ㅁ낳은데 그래도 언니 솔찍 해서 너무좋아❤️😍❤️,2024-07-08
3951,ddimmi96_2024-04-11,s2_dea,@20220222_1111,2024-05-26
3952,ddimmi96_2024-04-11,monuvxv,@hh_x_22 백퍼 안사먹는다 하겠지,2024-05-26
3953,ddimmi96_2024-04-11,strawmilkook,비싸네요.. 그냥 젤리네요,2024-05-25
3954,ddimmi96_2024-04-11,6wpffl,깨끗한 제주 화산암반수 = 삼다수,2024-05-12
3955,ddimmi96_2024-04-11,yo.on6471,언니 벗꽃먹어봤엉?😂,2024-05-07
3956,ddimmi96_2024-04-11,choi_bo_eun,이거 유튭에서 얼마전에 봤는데,2024-04-28
3957,ddimmi96_2024-04-11,iiefgyou,어디서 팔아요,2024-04-27
3958,ddimmi96_2024-04-11,haruko5504,❤️❤️❤️,2024-04-25
3959,ddimmi96_2024-04-11,jeabeom14,저도 아빠가 사오셔서 먹어봤는데 맜은 있는데 1개에 5000원은 너무비싸요ㅠㅠ,2024-04-24
3960,ddimmi96_2024-04-11,cocona.mvp,바다젤리 맛있는생겻다,2024-04-20
3961,ddimmi96_2024-04-11,saebomi_2262,"6,799라서 누를 수 빢에없셨슙니도ㅑㅂ",2024-04-18
3962,ddimmi96_2024-04-11,min_kyu9798,@jinhe2_2 가야할 이유가 생겼다…,2024-04-15
3963,ddimmi96_2024-04-11,_j1xeur,ㅇㄴ 내가 제주에 사는데 왜 저런건 못봤지,2024-04-14
3964,ddimmi96_2024-04-11,love_crvt,저거 진짜 밍밍하고 비쌈...,2024-04-13
3965,ddimmi96_2024-04-11,jye__o,@seun3120 저 이거 사주세요 언니,2024-04-13
3966,ddimmi96_2024-04-11,binibunnii,@hayeoniyo__o 먹어봐써?,2024-04-13
3967,ddimmi96_2024-04-11,bunnyxsu,기념품이면 보관하고 간직할수 있어야....,2024-04-13
3968,ddimmi96_2024-04-11,kang.chey,우리누나 제주도 사는데 저거 사달라해야지,2024-04-13
3969,ddimmi96_2024-04-11,ruru.meme_606_9010,왜 댓 10개 밖에 없냥,2024-04-12
3970,ddimmi96_2024-04-11,caebogyeong99,옆에Ywca있어요?,2024-04-12
3971,ddimmi96_2024-04-11,seojaeduk,기본 물젤리는 젤리가 아니라 진짜 물 아닌가요 ㅋㅌㅋㅋ,2024-04-12
3972,ddimmi96_2024-04-11,ggoiihm,왜 점점 이뻐져요 언니ˀ̣ˀ̣❤️,2024-04-12
3973,ddimmi96_2024-04-11,yeonpangi_,마우스 손목쿠션같아요.,2024-04-11
3974,ddimmi96_2024-04-11,yx.eum_,2빠ㅏ❤️ 맛있겠다,2024-04-11
3975,ddimmi96_2024-04-11,the._.and.y7,왕 맛있겠다ㅏ❤️,2024-04-11
3976,ddimmi96_2024-04-10,aguccim119,가운데에 빨대 넣눈곳애 혹쒸 펄 들간거에요…?,2024-09-09
3977,ddimmi96_2024-04-10,kim_youngsikk,푸바오모양 두바이초코 리뷰해주세요!,2024-08-22
3978,ddimmi96_2024-04-10,tomorrow3956,오~,2024-06-13
3979,ddimmi96_2024-04-10,h.essun9_,먹어 보고 싶기는 하다,2024-06-10
3980,ddimmi96_2024-04-10,gimahyeon6912,나두 먹고 싶다,2024-06-07
3981,ddimmi96_2024-04-10,jjinjin13,와 이쁘 ㅣ다,2024-06-05
3982,ddimmi96_2024-04-10,lijun_67,오냐오냐,2024-06-03
3983,ddimmi96_2024-04-10,bo_ra_leeo3o,*공차 관계자님 보고 계신다면 연락주세요😉👍,2024-05-30
3984,ddimmi96_2024-04-10,dx.__.k11,답글 받기 1일차,2024-05-10
3985,ddimmi96_2024-04-10,5nzuiys,@lio._.0517 그날의 악몽,2024-04-22
3986,ddimmi96_2024-04-10,jiyu_xl,펄볶이 배민에 안팔던ㄱ,2024-04-21
3987,ddimmi96_2024-04-10,1004cjstkv,저거 맛있어요,2024-04-18
3988,ddimmi96_2024-04-10,yongbok_is_coquette_02,”저도 사실 먹어보고싶어요“ 언니 너무 귀여워욤,2024-04-18
3989,ddimmi96_2024-04-10,sinnbkd,먼저 먹어본 사람으로써 펄이 더 커요!,2024-04-16
3990,ddimmi96_2024-04-10,myungjin42,우와 공차성공했네 ㅎㅎㅎㅎ 맛있겠다!!!!!!!!!!ㅎㅎㅎㅎㅎㅎ,2024-04-13
3991,ddimmi96_2024-04-10,sung_eun_p,ㅋㅋㅋ펄볶이 펄이 그냥펄이랑 좀달라융ㅎㅎ 분모자펄이라서ㅎㅎ,2024-04-13
3992,ddimmi96_2024-04-10,ch.z0909,ㄹㅇ해명해라 공차😡🥀🥀,2024-04-12
3993,ddimmi96_2024-04-10,sn13woo,나 오늘 먹음,2024-04-12
3994,ddimmi96_2024-04-10,xretey_pxr0,제 요리사가 되어주세요..,2024-04-12
3995,ddimmi96_2024-04-10,_j._k_.h_,어우 징그럽군요😂,2024-04-12
3996,ddimmi96_2024-04-10,s.h.y.0.1.3.0,개소리 하지마세요,2024-04-11
3997,ddimmi96_2024-04-10,1kai234,펄볶이 만든날이 내생일임,2024-04-11
3998,ddimmi96_2024-04-10,hwan9407,개이쁘다,2024-04-11
3999,ddimmi96_2024-04-10,b____insta,@ssollyong 이거구나ㅋㅋㅋㅋㅋ,2024-04-11
4000,ddimmi96_2024-04-10,happy._.serim,저번주 금요일에 펄볶이랑 망고 요구르트 마셨는데 약간 위에는 펄이 뭔가 떡볶이 맛이 나요 ㅋㅋㅋㅋ,2024-04-11
4001,ddimmi96_2024-04-10,o___o00ooo_____00ol7,떡볶이 가루 정보 좀 부탁합니다,2024-04-10
4002,ddimmi96_2024-04-10,jx.i2_,이겅 이 머냐 이이 띠미님이 만든 그릇잇자나여 저희동네에는 그 그릇엥 닭강정 넣구 음료수는 사이다랑 콜라 정해성 먹게 햇어욤 ㅋㅎ,2024-04-10
4003,ddimmi96_2024-04-10,ye_won120,와,2024-04-10
4004,ddimmi96_2024-04-10,tlsqudrlto_ypmg,오냐오냐 했더니 세상의 중심인줄 아네,2024-04-10
4005,ddimmi96_2024-04-10,ddimmi96,사랑해요 공차❤️❤️❤️❤️❤️❤️,2024-04-10
4006,ddimmi96_2024-04-10,s._yi0,7빠 미친 ❤️❤️ 근데 미쳣다 그게 띠미님이 먼저 하셧다는게 ..,2024-04-10
4007,ddimmi96_2024-04-10,u30_of_storm,백만 윾튜버의 발언에 공차 떠는 소리가 여기까지 들리네요ㅎㅎ,2024-04-10
4008,ddimmi96_2024-04-10,ain12755,펄볶이 감탄딱볶이 소스맛나요. !,2024-04-10
4009,ddimmi96_2024-04-10,amiable_grin_,헐 대박 ㅋㅋㅋㅋ,2024-04-10
4010,ddimmi96_2024-04-10,jeon_unni_,보고있나~~~~!!!ㅋ😂😂,2024-04-10
4011,ddimmi96_2024-04-10,seojaeduk,ㅋㅌㅋㅋㅋㅋ,2024-04-10
4012,ddimmi96_2024-04-10,ixmlan,❤️❤️❤️❤️❤️,2024-04-10
4013,ddimmi96_2024-04-05,cocodasom0908,제주도에사라요,2025-04-02
4014,ddimmi96_2024-04-05,y_oxg1,우와 ㅋㅋㅋ,2024-08-03
4015,ddimmi96_2024-04-05,nahangyeol_12,메이드림가서 돌빵이랑 흙빵 먹어주세요❤️(대파크림치즈배이글도 추천드려요!!),2024-07-01
4016,ddimmi96_2024-04-05,h.aram11,❤️❤️❤️❤️,2024-06-11
4017,ddimmi96_2024-04-05,nue.x0,제주바솔트도 와보세요?,2024-05-22
4018,ddimmi96_2024-04-05,baebgobpab,‘돌’아이,2024-05-12
4019,ddimmi96_2024-04-05,nahynn1,거제 카페 부엌이라는 곳에 몽돌 모양 돌 초콜릿 있어요!,2024-05-06
4020,ddimmi96_2024-04-05,9a.nx_,저거 진짜 개존맛탱임,2024-04-20
4021,ddimmi96_2024-04-05,_2_weeks_0,송은석 모음집인가,2024-04-19
4022,ddimmi96_2024-04-05,swlee120620,???:와 돌아이다,2024-04-18
4023,ddimmi96_2024-04-05,d.s_118,한번도 안가봤는데,2024-04-12
4024,ddimmi96_2024-04-05,teddy_zip_,캬아 여기 넘 궁금해요😍 돌카롱이라니,2024-04-11
4025,ddimmi96_2024-04-05,triples_xinyu_love,0:06 귀여워🫶🏻,2024-04-10
4026,ddimmi96_2024-04-05,ming_s_97,@h_jny13 우왕,2024-04-07
4027,ddimmi96_2024-04-05,ssss_hhhhllll,영상처음에 먹고있는건 뭔가요??,2024-04-06
4028,ddimmi96_2024-04-05,o._.o0181,무엇이 맞는지 골라보시오. [5점],2024-04-06
4029,ddimmi96_2024-04-05,"저거 리얼 돌임?
저거 리얼돌임?
pp_sh95",@hyeonj0hn,2024-04-06
4030,ddimmi96_2024-04-05,jin._.xa971,돌카롱 진짜 마시써,2024-04-06
4031,ddimmi96_2024-04-05,gimayeon198,얼마에요 마카롱,2024-04-05
4032,ddimmi96_2024-04-05,apictory,김선감성을 여기서도 볼줄이야. ㅋ ㅋ,2024-04-05
4033,ddimmi96_2024-04-05,radragon.wav,띠선 감성 모르면 나가지말고 이해해라,2024-04-05
4034,ddimmi96_2024-04-05,ddimmi96,‼️마지막 제발 봐주기! 뒤에 웃긴거있음‼️,2024-04-05
4035,ddimmi96_2024-04-05,"띰띰이들 전 아직 제주도 출장중이에요🥹
제주도에서 촬영 여러개 하고 있어요!!!
기대하셔도 좋습니다 으하핳하하💖💖💖
seojaeduk",오와아ㅏ 제주도 간다면 먹어봐야 하는 명물과도 같은 돌 디저트!😮 저도 나중에 제주도 들린다면 꼭 먹어봐야 겠어요 ㅎ,2024-04-05
4036,ddimmi96_2024-04-05,yeonpangi_,삼십살에 돌을 씹어드시네요..,2024-04-05
4037,ddimmi96_2024-04-05,labyrinth_of_key2,캬ㅋㅋㅋ 돌도 씹어먹는 띠미다,2024-04-05
4038,ddimmi96_2024-04-02,rlo.gee,저런 통조림은 그 멸균음식만 드셔야 하시는 분들한테는 좋을 것 같음. 여러가지라 우리에겐 덜 맛있어도 멸균음식만 먹어야하는 사람들에겐 아주 좋은 음식이 될것 같음. :),2024-06-02
4039,ddimmi96_2024-04-02,tpgdamwjm,こんなのあるんや、、,2024-05-19
4040,ddimmi96_2024-04-02,bagjeongeun4929,뱉은거아님?,2024-04-06
4041,ddimmi96_2024-04-02,wntmdgus_,@junjuning_0 진짜 타코야키였어,2024-04-02
4042,ddimmi96_2024-04-02,klmheejae,아 마싯게ㅛ가,2024-04-02
4043,ddimmi96_2024-04-02,seojaeduk,옹 일본 통조림 모음😮,2024-04-02
4044,ddimmi96_2024-04-01,giseul_0516,케찹이 없구먼..😄,2024-07-30
4045,ddimmi96_2024-04-01,yuj1n_.x,쩌네요,2024-06-11
4046,ddimmi96_2024-04-01,_uro0703,그게 치킨임.,2024-06-04
4047,ddimmi96_2024-04-01,bottleandcold_23,뼈는 어떻게 해결하시나요?,2024-06-02
4048,ddimmi96_2024-04-01,jeongubae881,눈 뒤집을때 살벌하네 ㄷㄷ,2024-05-09
4049,ddimmi96_2024-04-01,skt94128596,👏,2024-04-21
4050,ddimmi96_2024-04-01,iseunga_luna,소스는 웅니...?,2024-04-17
4051,ddimmi96_2024-04-01,minseo3607,아냐!!! 닭 뼈 빼고 순 살로만 만들어야죠!!! 저건 치킨!!! 치키키키키킨!!!,2024-04-09
4052,ddimmi96_2024-04-01,fgg45445,콜팝제조ㅋㅋ,2024-04-08
4053,ddimmi96_2024-04-01,j1h_0.xo,어릴때 특: 더 오래 먹으려고 반씩 배어 물어서 먹음,2024-04-07
4054,ddimmi96_2024-04-01,jegaljaeseok,걍 많이 사면;;,2024-04-06
4055,ddimmi96_2024-04-01,redtigercho13,챔필 원샷치킨 아님??,2024-04-06
4056,ddimmi96_2024-04-01,__s.xedx,콜팝한번도 안먹어본 내인생,2024-04-04
4057,ddimmi96_2024-04-01,k_indi90,콜팝 요즘 5000원 넘어가는거 아세요??!!!,2024-04-03
4058,ddimmi96_2024-04-01,eungaegoyangi,누가 다 먹었어 겁나 웃기넴ㅋㅋㅋ,2024-04-01
4059,ddimmi96_2024-04-01,kr._.yijxn09,콜팝은 치킨찹콘이라고 팝콘처럼 짜리몽땅한 건데 이건 그냥 치킨콜라나까 치콜이네욥,2024-03-31
4060,ddimmi96_2024-04-01,gweonain47,와 저게 진정한 어른에 플렉스????,2024-03-31
4061,ddimmi96_2024-04-01,ohsangmln,"@hyukk_roy 콜팝양이 아쉬워서 치킨뷔페를 다녔지,,",2024-03-31
4062,ddimmi96_2024-04-01,baegmiyeongbaeg,콜팝 맛있져 그런데 양 너무적어요 이제는 콜팝 많이 해서 먹음 ㅎ,2024-03-31
4063,ddimmi96_2024-04-01,radragon.wav,ㅋㅋㅋㅋㅋㅋㅋㅋ 제로콜라까지 완벽하다 ㅋㅋㅋ,2024-03-31
4064,ddimmi96_2024-04-01,reza_shirazy1202,Yummy❤️,2024-03-31
4065,ddimmi96_2024-04-01,pass_royal.07,ㅋㅋㅋ비닐장갑 안쓸꺼면 오9낀거임,2024-03-31
4066,ddimmi96_2024-04-01,y__jeong0101,ㅋㅋㅋㅋㅋ장갑낀 손으로 콜라잡고 맨손으로 치킨먹는게 포인트 맞죠?!!,2024-03-30
4067,ddimmi96_2024-04-01,nado_odo,사장님 하나 배달부탁드려요,2024-03-30
4068,ddimmi96_2024-04-01,zke.lly3,맛잇겟다.. ㅠ,2024-03-30
4069,ddimmi96_2024-04-01,ddimmi96,콜팝 특 = 맛있다 할 때쯤 다 사라져있음,2024-03-30
4070,ddimmi96_2024-04-01,seojaeduk,ㅋㅋㅋㅋㅌㅌ역시 영어발음 미쳤😂,2024-03-30
4071,ddimmi96_2024-04-01,yessii__11,당신은 짇짜 슈퍼어른👏❤,2024-03-30
4072,ddimmi96_2024-03-27,lunamoonmoonluna,버너 너무 예쁜데 어디꺼에용??,2024-09-16
4073,ddimmi96_2024-03-27,_opal_j_,중간중간 기름 계속 넣어야한데요!,2024-04-23
4074,ddimmi96_2024-03-27,abeli_scalp,ㅋㅋㅋㅋㅋ기여웡🐶,2024-04-03
4075,ddimmi96_2024-03-27,young_61700,기름을 넣어가면서 져으셔야죠!!ㅎㅎ,2024-03-30
4076,ddimmi96_2024-03-27,aysan.0_0,What is🚶‍♂️happening 🧎‍♂️to me🐕,2024-03-28
4077,ddimmi96_2024-03-27,kkangzzang_,요새 미친이 적습니다만 ..?,2024-03-28
4078,ddimmi96_2024-03-27,_sunw012,아 짜장이 기엽네..삼부점 만 번 어떻게 저으심요..?,2024-03-27
4079,ddimmi96_2024-03-27,u30_of_storm,오늘은 맛있는 계란빵을 드셔서 너무 기쁘네요ㅎㅎ,2024-03-27
4080,ddimmi96_2024-03-27,jinhwan_y_89,😌,2024-03-27
4081,ddimmi96_2024-03-27,nado_odo,아 띠미야짜미야🤦‍♀️🩷❤️🩷❤️🩷,2024-03-27
4082,ddimmi96_2024-03-27,seojaeduk,아 윌 킬유 ㅋㅋㅋㅌ🤣,2024-03-27
4083,ddimmi96_2024-03-27,wontae2studio,누구 강아지야 너무 끼여웡어앙!!,2024-03-27
4084,ddimmi96_2024-03-27,klmheejae,마싯냐?,2024-03-27
4085,ddimmi96_2024-03-27,ye_lin2,역시 울애기 잘해,2024-03-27
4086,ddimmi96_2024-03-27,jin_zzazang,띠미 온니 덕분에 간식 마니 먹었쥽니다,2024-03-27
4087,ddimmi96_2024-03-27,yessii__11,울애기 비중이적어요 그래도 대스타랑 촤령해쏘요❤,2024-03-27
4088,ddimmi96_2024-03-27,ddimmi96,@yessii__11 특별출연해준 예씨언니네 짜장아 고마워 예씨언니도 고마워🐶❤️❤️❤️❤️❤️❤️ @jin_zzazang,2024-03-27
4089,ddimmi96_2024-03-22,seoyun151017,피스타치오 맛도 나왔어요 🙌🙌,2024-08-16
4090,ddimmi96_2024-03-22,seohyun.eee,홈런 볼은 구워 먹어야 찐인데ㅋㅋ,2024-07-20
4091,ddimmi96_2024-03-22,ed._.yui_fp,무지개떡 먹방해주세여 먹스나님이 먹은거요!,2024-03-26
4092,ddimmi96_2024-03-22,dermaresearch_official,안녕하세요 ! 협업 관련 메일 확인 부탁드립니다😇,2024-03-26
4093,ddimmi96_2024-03-22,gangduweon85,😍😍😍😍,2024-03-24
4094,ddimmi96_2024-03-22,iubin988,칼로리폭탄...,2024-03-24
4095,ddimmi96_2024-03-22,kjm72600,부럽다,2024-03-23
4096,ddimmi96_2024-03-22,i_yooii,홈런볼 맛있겠다,2024-03-23
4097,ddimmi96_2024-03-22,da_.ani97,홈런볼은 에프굽이지…,2024-03-23
4098,ddimmi96_2024-03-22,gunaeon61,저거 개마시씀,2024-03-22
4099,ddimmi96_2024-03-22,_baby_jin,@kchchchchchchch,2024-03-22
4100,ddimmi96_2024-03-22,_onion_yy,@yumin_e_,2024-03-22
4101,ddimmi96_2024-03-22,oo.o2o9,우유랑 제발 말아서 먹어주길 바랬는데 편안..🤭,2024-03-22
4102,ddimmi96_2024-03-22,ttaogi1214,롯데마크가 없어서 못들고 가요 ㅋㅋ(롯데팬 ㅋㅋ),2024-03-22
4103,ddimmi96_2024-03-22,shallala_sy,홈런볼 야구장갈때 들고가야지~ 낼 야구개막이네 신난다~😍,2024-03-22
4104,ddimmi96_2024-03-22,jeon_unni_,마시께짜나아💕💕💕💕💕💕꺄,2024-03-22
4105,ddimmi96_2024-03-22,ddimmi96,홈런볼2mix 제품이 궁금하신 분들을위해,2024-03-22
4106,ddimmi96_2024-03-22,"띠미가 할인혜택을 얻어왔어요!!😍

신제품 20% 할인에 + 7% 추가할인까지!
(일부 상품은 최대 38% 할인가능)
쿠폰 알뜰하게 챙겨서 쇼핑하세요😎✨

사이트 : 해태몰(www.haitaimall.co.kr)
쿠폰 번호 : DDIMMI96LOVE
쿠폰사용 기간 : 2024.3.22 ~ 4.30
쿠폰사용방법 : 로그인 > 마이페이지 > 쿠폰 >
쿠폰인증번호 등록하기에 쿠폰번호 등록 후 결제시 사용!
aolpzbreezelunasunflower",😍,2024-03-22
4107,ddimmi96_2024-03-22,seojaeduk,와아ㅏ 홈런볼🤤,2024-03-22
4108,ddimmi96_2024-03-22,_joy_glee,언니 나도 아니 나도 줘…,2024-03-22
4109,ddimmi96_2024-03-22,s1_h.y,구황작물빵은 언제…😢,2024-03-22
4110,ddimmi96_2024-03-22,namdo_blueberry,뭐야 나레이션 왜케 잘해,2025-02-25
4111,ddimmi96_2024-03-22,seohyun.eee,이거 보니깐 라면 땡겨..오늘 점심은 라면 간다ㅏ,2024-07-20
4112,ddimmi96_2024-03-22,seohyun.eee,라면 먹구싶다..,2024-07-20
4113,ddimmi96_2024-03-22,c.cwersa2011,"하트수가 7,999여서 못참아서 8,000갈게요",2024-06-06
4114,ddimmi96_2024-03-22,chs_1204,나미스터비스트펜임,2024-05-26
4115,ddimmi96_2024-03-22,hwang.wltjd,처음에 미스터 비스트인줄함,2024-05-15
4116,ddimmi96_2024-03-22,tx_xsn,아니 배보다 배곱이 더 크닼ㅋㅋㅋㅋ,2024-05-14
4117,ddimmi96_2024-03-22,asther_ye_seo,닥치고 나도 만달러나 줘🤨,2024-05-14
4118,ddimmi96_2024-03-22,yun._.jxx_12,500원짜리가 더 맛있어보이는데..?,2024-05-10
4119,ddimmi96_2024-03-22,jumuckbab1012,아 ㅋㅋㅋㅋ 입 안맞는 디테일까지 ㅋㅋㅋㅋㅋㅋㅌㅋ,2024-04-28
4120,ddimmi96_2024-03-22,north_fanmade,라경언니??,2024-04-23
4121,ddimmi96_2024-03-22,hyunjun.8,지미X 띠미 O,2024-04-14
4122,ddimmi96_2024-03-22,j_na18yhniiiiii,"재미도없고,감동도없고",2024-04-13
4123,ddimmi96_2024-03-22,j_____h.00,지뻠뻔이다,2024-04-12
4124,ddimmi96_2024-03-22,i_am_doojun,라면안먹고 팔로워한테 받은 치킨만 먹어도 한 평생먹을듯,2024-04-12
4125,ddimmi96_2024-03-22,yangucan4,저작권은...,2024-04-10
4126,ddimmi96_2024-03-22,ogrun8,와 지린다,2024-04-09
4127,ddimmi96_2024-03-22,hun_9un11,그와중에 책이 받침대 ㅋㅋ,2024-04-02
4128,ddimmi96_2024-03-22,zke.lly3,ㅇ언니 ㅋㅋ 이런거 많이 올려죠 ㅋㅋㅋ 너무 재밋다 ! 🩷,2024-03-30
4129,ddimmi96_2024-03-22,sx_bn14,미스터 비스트랑 똑같네,2024-03-30
4130,ddimmi96_2024-03-22,vondfaer,입 싱크 안맞는거 킹받네,2024-03-30
4131,ddimmi96_2024-03-22,korean_nswer,"""미스터 비스트 여자버전""",2024-03-29
4132,ddimmi96_2024-03-22,k._.ji.ho_p.s,실눈뜨고보면 권은비 닮음,2024-03-24
4133,ddimmi96_2024-03-22,gangseohun554,미스터비스트의 지미...띠스터비스트의 띠미인가?,2024-03-24
4134,ddimmi96_2024-03-22,aksj25337,그 라면만 먹는다면서 왜 배홍동을 집었는ㄷ,2024-03-22
4135,ddimmi96_2024-03-22,ij_sg11,누나 성공했구나,2024-03-21
4136,ddimmi96_2024-03-22,dlwlsgur._.10,똑같은디? ㅋㅋ,2024-03-21
4137,ddimmi96_2024-03-22,h_and_s_gp,디엠 확인 부탁드립니다,2024-03-21
4138,ddimmi96_2024-03-22,jinhwan_y_89,십마넌짜리 최고네여 🤩,2024-03-20
4139,ddimmi96_2024-03-22,seojaeduk,띠미 패러디 폼 미쳤다.(라경님 ㅋㅌㅋㅋ),2024-03-20
4140,ddimmi96_2024-03-22,wwwnnsss,라경아 라면끓여라~ 임실치즈라면으로다가,2024-03-20
4141,ddimmi96_2024-03-22,yuhiro0o,아 진짜 더빙 잘햇닼ㅋㅋㅋㅌㅋㅋㅋㅋㅋㅋㅌㅋㅋ,2024-03-20
4142,ddimmi96_2024-03-22,leeravely,저기요.저도 주세요 십마넌짜리 라면!!!!!!!!!!,2024-03-20
4143,ddimmi96_2024-03-22,klmheejae,ㅎㅎ,2024-03-20
4144,ddimmi96_2024-03-22,ddimmi96,"미스터 비스트 패러디
오늘은 미스터 띠스트😎
특별출연 해준 라경아 고마워❤️

+ 라면은 4봉 2500원 1개 625원인데 패러디여서 500원으로 말했습니다!!",2024-03-20
4145,ddimmi96_2024-03-16,vhshw11,"저거 질기지 않나,",2024-06-08
4146,ddimmi96_2024-03-16,_____eoon,가ㅅ골좀가려주세요,2024-05-05
4147,ddimmi96_2024-03-16,ee_0619,"뚱리가아니㉱ 삥리입니㉰😂 중국어로 ‘삥’이 차가운,얼음.이라는뜻이에요~ ‘리’는 배라는뜻!잊니당",2024-05-01
4148,ddimmi96_2024-03-16,jung._.yoon1220,술먹었노😢,2024-04-29
4149,ddimmi96_2024-03-16,hyosangweon,왜캐이뻐요,2024-04-27
4150,ddimmi96_2024-03-16,yuguaammm._.i,뚱이인줄,2024-04-14
4151,ddimmi96_2024-03-16,5.j1_a,어... 일반배 아니구 사과배라는 죵이에요.ᐟ.ᐟ,2024-04-07
4152,ddimmi96_2024-03-16,gimgeonhyi62,남대천에 버려져있는 썩은 배들이 저겨였군요.생긴게 완전 똑같네요~,2024-03-24
4153,ddimmi96_2024-03-16,kyounju,오늘부터 구독 시작했어요! ^^ 얼굴도 이쁘신데 특히 이번 립 색깔 너무 예뻐요!,2024-03-18
4154,ddimmi96_2024-03-16,"어디꺼 쓰시는지 궁금해요!! ❤
oiuio_ran",好好吃的样子(◦˙▽˙◦),2024-03-16
4155,ddimmi96_2024-03-16,queen.28321,I wanna eat it too 😍😍😍,2024-03-16
4156,ddimmi96_2024-03-16,radragon.wav,ㅋㅋㅋㅋㅋㅋㅋㅋㅋㅋㅋ 혼자 말하는게 진짜 웃기네 ㅋㅋㅋ 오늘도 이쁘고 재밌는 영상 ~~,2024-03-16
4157,ddimmi96_2024-03-16,seojaeduk,단짠 탱크보이라..🤔😶,2024-03-16
4158,ddimmi96_2024-03-16,anandafebs_,So big,2024-03-16
4159,ddimmi96_2024-03-16,sadeen24092,❤️❤️❤️❤️❤️,2024-03-16
4160,ddimmi96_2024-03-15,_eum4,언니 살 빠졌어??,2024-08-07
4161,ddimmi96_2024-03-15,sx_.1ka,헐 제가 원하던 사고 이거에여!젼언니님에게 신청했는데 이걸 우연히 봐서 정말 대박이네여!,2024-05-05
4162,ddimmi96_2024-03-15,yim59690,4시간숙성해야하는디,2024-04-28
4163,ddimmi96_2024-03-15,hanadoo_1004,@younghanah_multinst 사고..,2024-04-14
4164,ddimmi96_2024-03-15,ggoiihm,맛이ㅛ게ㅛ당😍😍,2024-04-12
4165,ddimmi96_2024-03-15,gimjaeweon7219,연어알 같은데,2024-04-11
4166,ddimmi96_2024-03-15,kera.chocho,"I thought it a fish eggs, it would gonna be more yummy hehe❤️",2024-04-11
4167,ddimmi96_2024-03-15,min_jong_1._.1,순간 날치알인줄 안 사람---->>>>,2024-03-29
4168,ddimmi96_2024-03-15,hw_o_10,처음보고 방부제 띁으면 나오는 하얀색 알갱인줄,2024-03-26
4169,ddimmi96_2024-03-15,w0.he2,숙성하셔야돼는데..,2024-03-25
4170,ddimmi96_2024-03-15,w0.he2,숙성을 하셨어요?,2024-03-25
4171,ddimmi96_2024-03-15,qkrthdus_1101,사고를 드셔보시라니까 사고를 치셨네,2024-03-25
4172,ddimmi96_2024-03-15,s.j.h12_12,비주얼이 뭔가 날치알 같다,2024-03-24
4173,ddimmi96_2024-03-15,d.yul_0713,멍때릴때 왤케 귀엽게 생기셨지 ㅋㅋ,2024-03-24
4174,ddimmi96_2024-03-15,jin__dud,연어알같다,2024-03-24
4175,ddimmi96_2024-03-15,gndhaa1057,❤️❤️,2024-03-21
4176,ddimmi96_2024-03-15,gimseongho9077,연어알인줄,2024-03-17
4177,ddimmi96_2024-03-15,no._bull,띠미 개역겨움,2024-03-17
4178,ddimmi96_2024-03-15,si.3hu.x,ㅈㄴ 물릴것같은데,2024-03-17
4179,ddimmi96_2024-03-15,ij_sg11,응급실 떡볶이야 여기 사고 났다,2024-03-17
4180,ddimmi96_2024-03-15,sarwin_jafff,,2024-03-16
4181,ddimmi96_2024-03-15,jinhwan_y_89,사고났네 ... 💥,2024-03-16
4182,ddimmi96_2024-03-15,tjsdn_o9,걍 사고인데,2024-03-16
4183,ddimmi96_2024-03-15,brave97s,나 이거해줘ㅠㅠㅠ,2024-03-15
4184,ddimmi96_2024-03-15,virgogirlss08,"In our place in Indonesia, sago is made into a sweet dessert 😂",2024-03-15
4185,ddimmi96_2024-03-15,hsmxjdmd,처음봤을땐 날치알인줄얼았는디 ㅋ큐ㅠㅋ큐ㅠㅋㅋ,2024-03-15
4186,ddimmi96_2024-03-15,xer._.se14,숙 선,2024-03-15
4187,ddimmi96_2024-03-15,_abirami46,Wts this?,2024-03-15
4188,ddimmi96_2024-03-15,seojaeduk,오…😮,2024-03-15
4189,ddimmi96_2024-03-15,_joy_glee,언니 당장 뻥 찍어먹어 진짜 나 빼고 먹으니까 맛있어 …?🥺,2024-03-15
4190,ddimmi96_2024-03-15,yessii__11,으악 이상한조합이야,2024-03-15
4191,ddimmi96_2024-03-12,jiyou0102,설곤약해주세요,2024-04-05
4192,ddimmi96_2024-03-12,bin._250100,이언니 진짜 내 유치원때 부터 쭉 롤 모댈이였다,2024-04-01
4193,ddimmi96_2024-03-12,kooorea_k,ㅋㅋ,2024-03-23
4194,ddimmi96_2024-03-12,luver.__.30,密密麻麻吗,2024-03-20
4195,ddimmi96_2024-03-12,jinhwan_y_89,돌판에 굽는 느킴 ... 🔥,2024-03-16
4196,ddimmi96_2024-03-12,bapulix_official,Dm 확인해주세요😍,2024-03-14
4197,ddimmi96_2024-03-12,secret_euci,천겹토스트만들어주세요❤❤❤,2024-03-12
4198,ddimmi96_2024-03-12,cyankim_,마지막ㅋㅋㅋㅋㅋㅋ,2024-03-12
4199,ddimmi96_2024-03-12,_joy_glee,햇반 갈겨 ㅋㅋㅋㅋㅋㅋㅋㅋ,2024-03-12
4200,ddimmi96_2024-03-12,radragon.wav,ㅋㅋㅋㅋㅋㅋㅋㅋㅋ 밥 한 그륵 땡기는 비주얼이네 근데 이것도 양념이라고 떡뽁이 티 입은거야..? 기엽다 기여워 ㅋㅋㅋㅋㅋ >_<,2024-03-12
4201,ddimmi96_2024-03-12,duri_taro,이 영상보고 오늘 저녁 돌볶음으로 결정😍,2024-03-12
4202,ddimmi96_2024-03-12,klmheejae,돌은 재탕하시나요?,2024-03-12
4203,ddimmi96_2024-03-12,hmmmruru,밥이랑 같이 비벼먹으면 맛있을거같아요😄,2024-03-12
4204,ddimmi96_2024-03-12,kkuukkuu2023,이사람 이상한 음식에 진심이다ㅋㅋㅋ,2024-03-12
4205,ddimmi96_2024-03-12,wwwnnsss,남은돌은 제작진이 맛있게 먹었습니다~,2024-03-12
4206,ddimmi96_2024-03-12,seojaeduk,??: 진짜 내가 어른이 되면 멋진 돌을 먹을 줄 알았어!!,2024-03-12
4207,ddimmi96_2024-03-12,ddimmi96,촬영과 편집에 피디님과 혼을 갈았습니다 재밌게 시청해주세요 🥹❤️❤️❤️,2024-03-12
4208,ddimmi96_2024-03-12,parkjihwan_1125,돌도둑..🤔 궁금한데 언제 다 닦죠? ㅋㅎㅋㅋ😂,2024-03-12
4209,ddimmi96_2024-03-10,johyideong,어디서 구입하나요?,2024-06-05
4210,ddimmi96_2024-03-10,nulicook,띠미님 항상 재밌는 영상 넘 재밌어요 ㅎㅎㅎ잘보구갑니당 !,2024-05-23
4211,ddimmi96_2024-03-10,j1.0xan,띠미 진짜 오랜만이다..😢,2024-04-11
4212,ddimmi96_2024-03-10,eyul849,귀여워 귀여워 ~~~~😍😍😍😍 언니 넘 귀여워요,2024-04-03
4213,ddimmi96_2024-03-10,bin._250100,그래서 언니 초밥 시키고 남은 밥 어디갔어,2024-04-01
4214,ddimmi96_2024-03-10,funkybbq_,아이유님 닮았다,2024-03-11
4215,ddimmi96_2024-03-10,12._.seoyun,약간 언니 권은비님 느낌 있는 것 같기두 하고..?,2024-03-11
4216,ddimmi96_2024-03-10,amiable_grin_,앜ㅋㅋㅋㅋ이런생각 어떻게 해요!!,2024-03-11
4217,ddimmi96_2024-03-10,ymgleemoon,오오 이건 신기하당 신박해요 ㅋㅋㅋ 잘봤습니다!!,2024-03-11
4218,ddimmi96_2024-03-10,gangduweon85,❤️❤️,2024-03-10
4219,ddimmi96_2024-03-10,aynavigo,کیوت🥹,2024-03-10
4220,ddimmi96_2024-03-10,nee_akom,“あっています！”,2024-03-10
4221,ddimmi96_2024-03-10,"일본어 귀엽당ㅋㅋㅋㅋㅋ
그 과자는 쌀을 쓴 과자라서 회랑 어울린가?ㅎㅎㅎ
_eun_0__",일본어 잘하신다👏,2024-03-10
4222,ddimmi96_2024-03-10,karikarimari,にほんごかわいい🥺🫶🏻,2024-03-10
4223,ddimmi96_2024-03-10,klmheejae,살그만빼시팔,2024-03-10
4224,ddimmi96_2024-03-10,rami__0216,하긴 쌀과자가 쌀로 만든거니까 의외로 어울릴수도 있을거같아요!! 저러니까 궁금해지넼ㅋㅋㅋㅋ,2024-03-10
4225,ddimmi96_2024-03-10,seojaeduk,오오 찐 회와 초밥 쌀과자 조합😮,2024-03-10
4226,ddimmi96_2024-03-09,ddobag___i,🫡,2024-12-22
4227,ddimmi96_2024-03-09,mokpobom2,나름 괜찮은 조화던데옄 빽다방에서 한번 먹어봣더니 한입 먹고 으..읔.. 이잉? 오잉 어라 생각보다 괜차나 했다는 설,2024-03-09
4228,ddimmi96_2024-03-09,leeravely,대파솔라시도🤣🤪❤️,2024-03-09
4229,ddimmi96_2024-03-09,mxeong11,조아요 100 만드렀어여,2024-03-09
4230,ddimmi96_2024-03-09,ddimmi96,그래서 팔로우 했냐구우우~~!!🥹🥹🥹 (협박),2024-03-09
4231,ddimmi96_2024-03-09,xer._.se14,3빠,2024-03-09
4232,ddimmi96_2024-03-09,parkjihwan_1125,사먹어 봐야겠어요🤔,2024-03-09
4233,ddimmi96_2024-03-07,seohyun.eee,??,2024-07-20
4234,ddimmi96_2024-03-07,gim0321,어디 치킨인가요?,2024-06-02
4235,ddimmi96_2024-03-07,seoeunji.92,@v_0503_v 야..이거뭐냐,2024-05-16
4236,ddimmi96_2024-03-07,haneuljeong_,난 타꼬야끼가탐난다..,2024-05-15
4237,ddimmi96_2024-03-07,beomf.jsh,이거보고 넘 맛있어보여서 바로 제로슈가 치킨 시킴ㅋㅋㅋㅋ,2024-05-14
4238,ddimmi96_2024-03-07,antae_yang,밀가루 들어가서 살 찌지않나,2024-05-01
4239,ddimmi96_2024-03-07,ch.ae_1x,진짜 맛있겠다,2024-04-18
4240,ddimmi96_2024-03-07,baby.dino_kwh,아뇨? 입에 뭐가 들어가면 찝니다 걍,2024-03-31
4241,ddimmi96_2024-03-07,yeob2maro,@burger_0_uk,2024-03-14
4242,ddimmi96_2024-03-07,minpinhanako,👏👏,2024-03-09
4243,ddimmi96_2024-03-07,usona_official,청담동에도 배달되게 해주세요..,2024-03-08
4244,ddimmi96_2024-03-07,hyesu_mon,이거마싯두두,2024-03-07
4245,ddimmi96_2024-03-07,seojaeduk,제로식품은 띠미님을 춤추게 한다~^^😎,2024-03-07
4246,ddimmi96_2024-03-07,kook_v1907,정말 좋았어요 사랑해요 언니😍🇮🇷,2024-03-06
4247,ddimmi96_2024-03-07,zerusus_,......?,2024-03-06
4248,ddimmi96_2024-03-07,yunch1204,아니 소스가 제로슈가여서 살안찌면 그냥 후라이드 먹어!!!!!!!!!,2024-03-06
4249,ddimmi96_2024-03-07,bayrun_ff,ㅋㅋ,2024-03-06
4250,ddimmi96_2024-03-07,aynavigo,مرغ کره ای عالی 😍🤤,2024-03-06
4251,ddimmi96_2024-03-04,sehee59_0,알로에 생으로 먹으면 안돼요 독성있어서 설사를 유발함,2024-05-01
4252,ddimmi96_2024-03-04,bralchoi,돌도 먹더만 ㅋㅋ,2024-04-15
4253,ddimmi96_2024-03-04,jaee._un,담엔 고드름 아이스 사드샤영,2024-04-13
4254,ddimmi96_2024-03-04,cbl1003,알로에 껍질은 발암물질있음,2024-04-12
4255,ddimmi96_2024-03-04,xauj2,숯불 재가 다날리는데,2024-04-06
4256,ddimmi96_2024-03-04,rnfmaqkd106,돌구이 하위호환 버전 같음,2024-04-03
4257,ddimmi96_2024-03-04,dhizzkma,제가 1만 만들었어요오 !!!,2024-03-23
4258,ddimmi96_2024-03-04,r8t5_d1w0,불 닿는다고 다 요리가 아닐텐데...,2024-03-17
4259,ddimmi96_2024-03-04,u_jun12,불처음 발견한 유인원이다(?),2024-03-11
4260,ddimmi96_2024-03-04,dx._.hyeoni,역시 중국 쳐물게 없나,2024-03-09
4261,ddimmi96_2024-03-04,000apex,일단 내스타일,2024-03-08
4262,ddimmi96_2024-03-04,yangyena1104,돌멩이도...머거주세요 제발요😢,2024-03-07
4263,ddimmi96_2024-03-04,justine_occeno,This is the person that I like to give a mack mack mack hahaha,2024-03-07
4264,ddimmi96_2024-03-04,k_jun_1119,빨아야해용 누나,2024-03-06
4265,ddimmi96_2024-03-04,k_jun_1119,그거 돌인데.. 그다음 얼름 먹으면 안돼여 ㅎㅎ,2024-03-06
4266,ddimmi96_2024-03-04,j0_xah,"순발력 음식,,,",2024-03-06
4267,ddimmi96_2024-03-04,sk_fc_vi,.,2024-03-06
4268,ddimmi96_2024-03-04,shivadog_0,와 당신은 숫불과 같이 먹었음니다. -10HP,2024-03-06
4269,ddimmi96_2024-03-04,wxeziuux__,먹어보고싶ㅍ다..,2024-03-05
4270,ddimmi96_2024-03-04,hyenzoo,얼음이 이 얼음 아니지 않나요?,2024-03-05
4271,ddimmi96_2024-03-04,taesujin452,띠미가 찐이다 ㅋㅋ 나 실패하는데 ㅋㅋ,2024-03-05
4272,ddimmi96_2024-03-04,yu.er1m,얼음을 구워섴ㅋ,2024-03-05
4273,ddimmi96_2024-03-04,you3697544,아이폰 떨어질때 오우 ..,2024-03-05
4274,ddimmi96_2024-03-04,"얼음도 그냥 안 먹는 중화민국 허걱 😲
o___o00ooo_____00ol7",이건 불쌍한 수준이네…,2024-03-05
4275,ddimmi96_2024-03-04,sun_hye0617,@newfaceccc 오우....,2024-03-05
4276,ddimmi96_2024-03-04,1558mm,처음으로 .. 띠미씨 뭐해..!!!? 소리침....ㅠㅠㅋ,2024-03-05
4277,ddimmi96_2024-03-04,brave97s,아니 이런게 진짜 있다고..?,2024-03-04
4278,ddimmi96_2024-03-04,coach_reem_gamal,🤮🤮🤮🤮,2024-03-04
4279,ddimmi96_2024-03-04,si.xun_4,순얼음??캐럿들은 다 아는 귀요미,2024-03-04
4280,ddimmi96_2024-03-04,yrim510,ㅋㅋㅋㅋㅋㅋㅋㅋㅋㅋㅋ아웃곀ㅋㅋㅋ,2024-03-04
4281,ddimmi96_2024-03-04,wontae2studio,맛있겠네요.,2024-03-04
4282,ddimmi96_2024-03-04,ddimmi96,후원비 생각해보니 스튜디오 대관비 하면,2024-03-04
4283,ddimmi96_2024-03-04,"또 마이너스네......💦
여러분 팔로우라도 하고 가요....💦
silver_saem",ㅋㅋㅋㅋㅋㅋ못살라,2024-03-04
4284,ddimmi96_2024-03-04,seojaeduk,얼음도 그냥 안 먹는 중국…😂,2024-03-04
4285,ddimmi96_2024-03-04,_abirami46,Awwwwww😖I think that taste like uwu........,2024-03-04
4286,ddimmi96_2024-03-02,beomf.jsh,이거보고 광고인줄,2024-05-14
4287,ddimmi96_2024-03-02,ena_seo_moa,대단한 탕후루는 저게 4000원 인뎅..🍏,2024-04-17
4288,ddimmi96_2024-03-02,moa_0913._.131016,이거 나오기 전에 일본에서 먹어봤어요!,2024-03-29
4289,ddimmi96_2024-03-02,seol._.hee12,이빨 조심하세염!!그러다가 부러지겠다. .😮,2024-03-24
4290,ddimmi96_2024-03-02,ketok_keto12,우리나라 디저트도 맛난거 많은데 ~ 탕후르랑 마라탕으로 한국식문화 침입 함 젊은애들 치아 다 썩고 위장 조미료료 오염시키고 이거 완전 중국한테 건강테러 당한거임,2024-03-22
4291,ddimmi96_2024-03-02,ckptw.taa,I want to try it but I don't really like sweets 😂,2024-03-20
4292,ddimmi96_2024-03-02,153_.jxe,@_min.0se 시내에 있는데 4000원인데 왕가 왜케 비쌈,2024-03-17
4293,ddimmi96_2024-03-02,maru_unnie,@totoro_j_0,2024-03-06
4294,ddimmi96_2024-03-02,roni.table,어느매장이에용?? 우리동네는 요거트가루 안주던뎅 ㅜㅜ,2024-03-03
4295,ddimmi96_2024-03-02,lovesome__mee,립… 립 정보가 궁그매요,2024-03-03
4296,ddimmi96_2024-03-02,ddimmi96,띰띰이들 저는 배달로 받아 일반 가격보다 500원 더 비싸게 받은것같아요! 가게에서 직접 사 드시면 6500원입니다! 참고하세요 ˃̵͈̑ᴗ˂̵͈̑ ❤,2024-03-02
4297,ddimmi96_2024-03-02,joy307._0,🙌🙌,2024-03-02
4298,ddimmi96_2024-03-02,un1xw_,😍,2024-03-02
4299,ddimmi96_2024-03-02,siwonkim_4,"7분전!!!! 저도 오늘 왕가 같는데 있았어요
에이에셈알 원탑은 띠미",2024-03-02
4300,ddimmi96_2024-02-28,hud_s01,저건 괴식 아니노?,2024-08-12
4301,ddimmi96_2024-02-28,axmin._.00,겁나 징그러,2024-07-30
4302,ddimmi96_2024-02-28,_g.reeen_,사이다로 얼리면 아사삭 하겠어요~,2024-07-10
4303,ddimmi96_2024-02-28,gimhayoung1142,징그러워,2024-07-09
4304,ddimmi96_2024-02-28,__soyul222,설탕 넣거나 음료 넣으면 맛있을거에요,2024-06-14
4305,ddimmi96_2024-02-28,jjjiia_1,바질씨드는 향이 있구! 치아씨드는 향이 없어서 치아씨드 쓰면 괜찮지 않을까요?,2024-05-25
4306,ddimmi96_2024-02-28,fgkbxdh,🤮🤮🤮🤮🤮🤮🤮🤮,2024-05-24
4307,ddimmi96_2024-02-28,k._je.ong,？我靠呢笑死我了 阴阳中国呢这是 恶心,2024-05-15
4308,ddimmi96_2024-02-28,su._.nee11.7.12,바질씨에 물 설탕 넣어서 먹으면 맛있어여!,2024-05-12
4309,ddimmi96_2024-02-28,jlyul_13,그거 음료수도 되니까 음료수랑도 해주세요.띠미님~~♡,2024-05-11
4310,ddimmi96_2024-02-28,gohyemin1111,저도 중국인들이 왜그러는지 의문 이네요;;,2024-05-11
4311,ddimmi96_2024-02-28,s._.ja_11,그래서 말하고싶은게 뭐지,2024-05-09
4312,ddimmi96_2024-02-28,ysy_seo0,미나화된 개구리알 같당,2024-05-03
4313,ddimmi96_2024-02-28,nismo_lover0,저거 바질아닌가요,2024-05-02
4314,ddimmi96_2024-02-28,rosie_seola_,그거 짜요..,2024-04-28
4315,ddimmi96_2024-02-28,rosie_seola_,그거 동그란거 제가알기에 미역인데..,2024-04-28
4316,ddimmi96_2024-02-28,white_hamster007,이쁘다,2024-04-25
4317,ddimmi96_2024-02-28,psa07._.1220,무슨..미생물같애..,2024-04-14
4318,ddimmi96_2024-02-28,beomf.jsh,언니 이뻐 미치겠어요,2024-04-12
4319,ddimmi96_2024-02-28,beomf.jsh,언니 바질씨드 얼음 음료수에 넣어 먹어 주세여ㅕㅕ,2024-04-12
4320,ddimmi96_2024-02-28,minseo3607,ㅋㅋ 개구리알 같이 생겼다 ㅋㅋㅋ,2024-04-09
4321,ddimmi96_2024-02-28,seventeen_0615000,그거음류수로해보세요!,2024-04-08
4322,ddimmi96_2024-02-28,smilexuan,我是中国人…知道你说的是那些人，是为了博眼球吃的，和你一样的出发点，所以不是全部人都吃，这个真的很没味道但是减肥,2024-04-08
4323,ddimmi96_2024-02-28,oujungkim,신기,2024-04-07
4324,ddimmi96_2024-02-28,yeeun.121022,치과의사 기절하겠다....,2024-04-05
4325,ddimmi96_2024-02-28,choiihami,바질씨드 음료수로 해보세요!,2024-04-01
4326,ddimmi96_2024-02-28,shkings2014,동그라미 많은거 징그러우면 황공포증 있는거예요 거정돼네요 ㅠ-ㅠ,2024-04-01
4327,ddimmi96_2024-02-28,olo_6x2x_0xx9,바질시드...제가 엄청 좋아하는...❤️,2024-03-31
4328,ddimmi96_2024-02-28,seon320,중국이 음식낭비를 위해 먹방을 금지시켰더니 저런 얼음먹방이 나온거라구 하네요~ㅋㅋㅋ 바질씨드에 음료수 부으시지... 그럼 더 맛있었을텐뎅,2024-03-30
4329,ddimmi96_2024-02-28,ljaewin0826,개구리알 아니에요...?,2024-03-30
4330,ddimmi96_2024-02-28,jsxxnjex,안에 있는기 저거 뭐지,2024-03-26
4331,ddimmi96_2024-02-28,_chaemming,@eunkachu,2024-03-25
4332,ddimmi96_2024-02-28,sk_fc_vi,얼음이 맛이있나요😂😂,2024-03-25
4333,ddimmi96_2024-02-28,cha.1_0207,거기에 콤부차 타먹으면 맛있겠당,2024-03-23
4334,ddimmi96_2024-02-28,j_1yuz,색소말고 주스 넣어요;;;,2024-03-18
4335,ddimmi96_2024-02-28,ketok_keto12,중국 열풍이네~,2024-03-18
4336,ddimmi96_2024-02-28,melisaveronikatipanova,Wow,2024-03-18
4337,ddimmi96_2024-02-28,ji_one._.0909,흑화한 백혈구 얼리셨나요,2024-03-16
4338,ddimmi96_2024-02-28,yoon05_12,그래서 저 개구리알은 왜 드시는거죠..,2024-03-15
4339,ddimmi96_2024-02-28,yxcloie,바질시드놓고 색소가섞여있는음류를 놓어보세여ㅕ,2024-03-14
4340,ddimmi96_2024-02-28,seoo.38,저는 중국인입니다,2024-03-13
4341,ddimmi96_2024-02-28,sunyoon1219,바질시드는 음류랑 먹으면 맛있어용,2024-03-12
4342,ddimmi96_2024-02-28,beah_grizostimo,O que é isso ?,2024-03-05
4343,ddimmi96_2024-02-28,qkqh._.p,환공포증 있는 저는 온몸에 소름이 돋네요.. 으,2024-03-02
4344,ddimmi96_2024-02-28,_ex.n0,언니.. 진짜 실물 엄청 이쁘세요 방금 인생넷컷에서 인사한 학생이에요우ㅠ,2024-03-02
4345,ddimmi96_2024-02-28,yxn_sxx0,진짜 예전에 하셨던 얼음 음료수 얼리신거랑 같아서 너무 재밌네용!,2024-03-01
4346,ddimmi96_2024-02-28,yellowdoll1004,우유랑먹음맛나겄다,2024-03-01
4347,ddimmi96_2024-02-28,c.h2n_,저 얼음이 먹고싶은 1인은 지나갔니당,2024-03-01
4348,ddimmi96_2024-02-28,tanx1.y,안전 속까지 땅땅 얼리면 안되고 겉에만 얼 정도로 적당히 얼려야 되용😺,2024-03-01
4349,ddimmi96_2024-02-28,b_d_jj12,첨에 시멘트인줄,2024-03-01
4350,ddimmi96_2024-02-28,hanboreum15,저거 치아씨드인데 저거 다이어트식품임 물에불려서 설탕조금넣서 마사는거임,2024-03-01
4351,ddimmi96_2024-02-28,dnxial,저기다가 색소 대신에 과일시럽 넣으면 맛있을거 같은데,2024-03-01
4352,ddimmi96_2024-02-28,heejin_omg,아삭아삭 먹을려면 설팅 넣어야 해요,2024-02-29
4353,ddimmi96_2024-02-28,kitty_grooming_academy,너무 기여운 띠미쨩 😍❤️,2024-02-29
4354,ddimmi96_2024-02-28,tmddnjs_0817,챔보:뭐? 바질씨드가 맛없다고?,2024-02-29
4355,ddimmi96_2024-02-28,top._.sh1104,"중국인들이 왜 저걸 먹냐고요? ""중국이니까""",2024-02-28
4356,ddimmi96_2024-02-28,seon_y_j,저도 이거먹고 키가크고 피부가 좋아졌어요,2024-02-28
4357,ddimmi96_2024-02-28,jyw._.hehe,뭔가 젤리로 먹으면 오히려 맛있을듯 근데,2024-02-28
4358,ddimmi96_2024-02-28,"젤리 맛을 음료수로 하면 더 맛있을것 같아여ㅕ
kim_yuna7809",음류수 넣어 먹으면 진짜 맛있어요 식감도 좋고!,2024-02-28
4359,ddimmi96_2024-02-28,rin.rin.past691,ใส่น้ำหวาน คนสวย อร่อยนะ,2024-02-28
4360,ddimmi96_2024-02-28,xer._.se14,바질씨드 들어있는 음 료 파는데 그거 얼리면 존맛 이에여,2024-02-28
4361,ddimmi96_2024-02-28,seojaeduk,중국 얼음 오랜만...😶,2024-02-28
4362,ddimmi96_2024-02-28,jsh.___.0812,중국 리스펙👍,2024-02-28
4363,ddimmi96_2024-02-28,yeonpangi_,명예중국인z,2024-02-28
4364,ddimmi96_2024-02-28,ddimmi96,중국인분들 특유의 먹방처럼 얼음안에 물 흐르게 하고 싶은데 계속 실패해서 3번 찍어서 드디어 성공한건 비밀!!!!😭💥,2024-02-28
4365,ddimmi96_2024-02-26,hanachuu.97,@crunchyringo kue beras rasa sushi,2024-05-25
4366,ddimmi96_2024-02-26,_osyharuth_,Mirippp @lucintaluna_manjalita,2024-04-26
4367,ddimmi96_2024-02-26,bokchoy_yy,ตรงปกหรือจกตาคะ?,2024-04-25
4368,ddimmi96_2024-02-26,yudoufu_12,かわいい,2024-04-20
4369,ddimmi96_2024-02-26,bliss.to_,@2_k_woo,2024-04-06
4370,ddimmi96_2024-02-26,___dametime___,ㅋㅋㅋㅋㅋㅋㅋㅋㅋㅋ봉지뜯자마자ㅈㄴ웃엇네,2024-04-04
4371,ddimmi96_2024-02-26,tamii07_,Ternyata ada ya di luar negeri versi beda sama gambar,2024-03-29
4372,ddimmi96_2024-02-26,nadiiuull,so this is freeze dried sushi??,2024-03-23
4373,ddimmi96_2024-02-26,ddhaaanniiiii,ape dia cakap tu raju,2024-03-22
4374,ddimmi96_2024-02-26,olisbeingdumb_,nyasar,2024-03-21
4375,ddimmi96_2024-02-26,cikimbrut_,기분이 어때요?,2024-03-17
4376,ddimmi96_2024-02-26,miin11i,@h2_xy,2024-03-13
4377,ddimmi96_2024-02-26,cenarry_,😍🔥,2024-03-04
4378,ddimmi96_2024-02-26,cenarry_,😍🔥,2024-03-04
4379,ddimmi96_2024-02-26,klmheejae,표정 존나 웃기네 ㅋㅋㅋㅋㅋㅋㅋㅋㅋㅋㅋ,2024-03-01
4380,ddimmi96_2024-02-26,aplkoaq,소리왜안나오쥬?,2024-02-28
4381,ddimmi96_2024-02-26,yunseoo3,@eunmik_ 시우 조아할듯,2024-02-28
4382,ddimmi96_2024-02-26,sarwin_jafff,👏👏👏👏,2024-02-27
4383,ddimmi96_2024-02-26,yoo_nyeon,😍😍😍,2024-02-26
4384,ddimmi96_2024-02-26,nado_odo,귀욤 우래기❤,2024-02-26
4385,ddimmi96_2024-02-26,_joy_glee,맛있어 보여…,2024-02-26
4386,ddimmi96_2024-02-26,seojaeduk,페이크 초밥😶,2024-02-26
4387,ddimmi96_2024-02-26,ddimmi96,"✨판매처 정보✨: 일본직구쇼핑몰 엔핍에서 제품 제공을 받았습니다!
링크👉🏻 www.nppip.com
링크👉🏻 www.nppip.kr
@nppip_japan",2024-02-26
4388,ddimmi96_2024-02-25,seongm_in4,😂.:ㅋ0%%,2024-08-04
4389,ddimmi96_2024-02-25,or7l_0225,45만원이나,2024-05-02
4390,ddimmi96_2024-02-25,jkko052,오오 저도 먹고싶어요😍,2024-04-30
4391,ddimmi96_2024-02-25,_ryeol98,@0.hanee 사조,2024-04-24
4392,ddimmi96_2024-02-25,smh_1q3w3e,근데 진짜 그돈으로 대개를 사먹어,2024-04-14
4393,ddimmi96_2024-02-25,killsuho,마이무라~,2024-04-07
4394,ddimmi96_2024-02-25,yeong_min2,어 이거 후쿠오카 돈키호테에서 본거 같은딩,2024-04-07
4395,ddimmi96_2024-02-25,seanshin7303,@jinandjinx 봐쩨!!!,2024-03-22
4396,ddimmi96_2024-02-25,mini5678,뭐이렇게 생겼냐..,2024-03-17
4397,ddimmi96_2024-02-25,intootardis,한캔에 3만원이던뎅,2024-03-11
4398,ddimmi96_2024-02-25,ttu_hyon,@j_yu__binn,2024-03-10
4399,ddimmi96_2024-02-25,_r_e_o_d_a_,@janie._.ly 온ㄴ니온ㄴ니어닌니ㅣㄴ니니나이고고오오오오,2024-03-07
4400,ddimmi96_2024-02-25,klmheejae,@dlgmlw 갑각류나오니까 좋아요눌러놓은거 존나웃기네,2024-03-01
4401,ddimmi96_2024-02-25,m4r7___,"Wish there was English subtitles, she's really entertaining to watch 💖",2024-02-29
4402,ddimmi96_2024-02-25,hin.a.no,??? 일본에서 사면 한통에 한 만3천원정돈데…???,2024-02-28
4403,ddimmi96_2024-02-25,joondell417428,세개 다 맛 다른것 같은데ㅋ 캔에 글씨 다 달라요,2024-02-27
4404,ddimmi96_2024-02-25,sarwin_jafff,😍😍😍😍,2024-02-27
4405,ddimmi96_2024-02-25,li._thyeon,님 금수저인가요,2024-02-26
4406,ddimmi96_2024-02-25,y_kko.9_m,@92_0102c ㅋㅋㅋㅋ 냥조림,2024-02-26
4407,ddimmi96_2024-02-25,kim_.j129,저거 걍 게맛살아닌가ㅋㅋ,2024-02-26
4408,ddimmi96_2024-02-25,seou_gogo,고양이 사료 ㅋㅋㅋㅋ,2024-02-26
4409,ddimmi96_2024-02-25,kk_gimin._.1164,대게도 비싸서 못사먹는데 통조림은 더,2024-02-25
4410,ddimmi96_2024-02-25,"비싸보이고 심지어 고급 직이네..😢
seojaeduk",와아아ㅏ… 짱구 속 대게 통조림🤤😎,2024-02-25
4411,ddimmi96_2024-02-25,g.yu._r1,6빠,2024-02-25
4412,ddimmi96_2024-02-25,love101450,5빠 고정 부탁해용ㅎ,2024-02-25
4413,ddimmi96_2024-02-25,choiyena013,너무 맛있어보여요!!!대박!!😍😍,2024-02-25
4414,ddimmi96_2024-02-25,aliskalett,제가 처음인데 인사 좀 해주시겠어요? 멕시코에서 인사드립니다 🇲🇽♥️,2024-02-25
4415,ddimmi96_2024-02-25,ddimmi96,"✨판매처 정보✨: 일본직구쇼핑몰 엔핍에서 제품 제공을 받았습니다!
링크👉🏻 www.nppip.com
링크👉🏻 www.nppip.kr
@nppip_japan",2024-02-25
4416,ddimmi96_2024-02-24,cloud_9room,9000만들었어요 언니 고정좀요❤️,2024-08-04
4417,ddimmi96_2024-02-24,leo_yunji12,내가 유튜브에서 가장 좋아하는 영상 인데😍😍,2024-07-27
4418,ddimmi96_2024-02-24,seo.742,제 미국 친구인가 멕시코 친구 저 간식 먹러요,2024-07-26
4419,ddimmi96_2024-02-24,seoyoon121014,2탄🔥🔥,2024-05-25
4420,ddimmi96_2024-02-24,nr.azizahhh76,H,2024-05-22
4421,ddimmi96_2024-02-24,s.xeo_y11,🥕🥕🥕,2024-04-20
4422,ddimmi96_2024-02-24,gyurang_lee,엉..?,2024-04-14
4423,ddimmi96_2024-02-24,immiile,Omg those are the best 🤤,2024-04-12
4424,ddimmi96_2024-02-24,paulred_696,매운 것보다 더 달콤한 것 같아요.,2024-03-30
4425,ddimmi96_2024-02-24,k78be,え、美味しいやつ！私は好き！,2024-03-20
4426,ddimmi96_2024-02-24,2s_s2llll,저거 플라스틱 숟가락에 담아있는것두 있어요!! 존맛탱인데😢,2024-03-18
4427,ddimmi96_2024-02-24,hayun_0820,젼언니 주면 좋아할듯,2024-03-17
4428,ddimmi96_2024-02-24,victorj7044,2번째꺼 맹맛임 먹어봄 타코 친구 때매,2024-03-16
4429,ddimmi96_2024-02-24,mmon.iq,En Corea comen wasabi y no va a aguantar unos dulces de México?,2024-03-15
4430,ddimmi96_2024-02-24,_sunshinebloomy_,쓴 옛날식 음식,2024-03-11
4431,ddimmi96_2024-02-24,tae.hune_103,이상하게 매운거 먹으면서 맵다는 말을 안 하시네,2024-03-11
4432,ddimmi96_2024-02-24,g.2xxe,나 멕시코 사람이여서 저거 많이 먹었는데 1번은 ㅎ나국사람들은 싫을수 있지만 계속 먹다보면 개맛있음,2024-03-07
4433,ddimmi96_2024-02-24,soda_mop,"You got a taste of the tangy candy, a lot of what you ate has tamarindo which is a popular flavor back in Mexico, we also have sweet candy too lololol, like bubulubu, mazapán, paleta payaso and so much more",2024-03-06
4434,ddimmi96_2024-02-24,"We love our spicy food, we gotta train the kids somehow LMAO
palomakaroguerrero",No te entendí nada :v pero supongo que estabas muriendo por el picante,2024-03-03
4435,ddimmi96_2024-02-24,un_dibujande_mas_del_monton,"Jajaja increíble, espero te hayan gustado, saludos desde México",2024-03-02
4436,ddimmi96_2024-02-24,min_jun0401,ㄱ,2024-02-28
4437,ddimmi96_2024-02-24,gandvai,You are so sweet. I love watching you. But can you add English subtitles?🥰,2024-02-27
4438,ddimmi96_2024-02-24,yebom_jeon,2탄해주세요--------------->>,2024-02-27
4439,ddimmi96_2024-02-24,juya_0102,젼언니 당장 불러,2024-02-25
4440,ddimmi96_2024-02-24,gwang_mung,wow👏❤️👏❤️👏❤️👏❤️👏❤️😍😍😍😍😍😍😍👏❤️👏❤️😍😍😍😍😂😂😂😂😂😂😂😂,2024-02-25
4441,ddimmi96_2024-02-24,zeinab__t2,عالی,2024-02-25
4442,ddimmi96_2024-02-24,sxu_en.2,저 고정해 주세요,2024-02-25
4443,ddimmi96_2024-02-24,rheehomoon,🌶🌯🫔🥙🏺,2024-02-25
4444,ddimmi96_2024-02-24,rheehomoon,저한태 는 맛이어요.,2024-02-25
4445,ddimmi96_2024-02-24,rheehomoon,저 멕시코 몬태레이 에서살아요.,2024-02-25
4446,ddimmi96_2024-02-24,rheehomoon,방금 빨갈 사탕 이름이 ROCALATA 에요.,2024-02-25
4447,ddimmi96_2024-02-24,rheehomoon,안녕하새요 저 한국 사람 그리고 멕시코 사람이에요.,2024-02-25
4448,ddimmi96_2024-02-24,sarwin_jafff,,2024-02-25
4449,ddimmi96_2024-02-24,sarwin_jafff,😍😍😍😍😍😍😍,2024-02-25
4450,ddimmi96_2024-02-24,hxxezu,젼언니 대려와라ㅏ라ㅏ,2024-02-25
4451,ddimmi96_2024-02-24,johyusick,지나가다가 암내먹방봤다,2024-02-25
4452,ddimmi96_2024-02-24,9n._.1l,첫번째 사탕 첨엔 이상한데 계속 먹다보면 맛있어요😂,2024-02-25
4453,ddimmi96_2024-02-24,shrimp_0124,@as1646 궁금해 사다줘,2024-02-25
4454,ddimmi96_2024-02-24,0812dahye,@jeon_unni_ !,2024-02-24
4455,ddimmi96_2024-02-24,shimcherine,반응이 좋네욬ㅋㅋ,2024-02-24
4456,ddimmi96_2024-02-24,ziddi5278queen,Bbbbbbbbkll,2024-02-24
4457,ddimmi96_2024-02-24,ziddi5278queen,😢😢😢😢😢😢😢😢😢😢,2024-02-24
4458,ddimmi96_2024-02-24,7.60xu,암내므ㅓ얔ㅋㅋㅋㅋㅋㄴㅋㅋㅋㅋㅋㅋㅋㅋㅋ @hamjungcheol,2024-02-24
4459,ddimmi96_2024-02-24,seya82_52,마지막 10초정도 눈질끈감고 웅얼웅얼 하는거 왜케기엽지 ㅋㅋㅋㅋㅋㅋㅋㅋㅋㅋㅋㅋㅋㅋ 눈뜨면 똘망똘망 이쁜얼굴인데 눈감는순간 귀여움 수치 10000000000000%올라감 졸귕😢 👏👏,2024-02-24
4460,ddimmi96_2024-02-24,gksdltkr573,제가 그래서 멕시코에 살았었을때 저거 안 먹은거임,2024-02-24
4461,ddimmi96_2024-02-24,ghvstc1ub.o8,암내 ㅋㅋㅋㅋㅋㅋㅋㅋㅋㅋㅋㅋㅋㅋㅋㅋ,2024-02-24
4462,ddimmi96_2024-02-24,osubin585,젼언니 당장 불러,2024-02-23
4463,ddimmi96_2024-02-24,suri_5931,암내ㅋㅋㅋㅋㄲㅋㅋ,2024-02-23
4464,ddimmi96_2024-02-24,_joy_glee,너무 이뻐 우리 언니,2024-02-23
4465,ddimmi96_2024-02-24,ddimmi96,띰띰이들은 이런거 하지마라... 후...💥,2024-02-23
4466,ddimmi96_2024-02-24,z.3on1,저건 그냥 매운맛이 아니고 신맛ㅋㅋㄱㅋ,2024-02-23
4467,ddimmi96_2024-02-24,seojaeduk,띠미님 자체 참교육 리뷰인가요 ㅋㅋㅌㅋ,2024-02-23
4468,ddimmi96_2024-02-24,rami__0216,신거 잘 먹는데 한번 먹어보고 싶어요..궁금해졌다,2024-02-23
4469,ddimmi96_2024-02-23,bin._250100,순간 연어보였다,2024-04-01
4470,ddimmi96_2024-02-23,jimnyygram,@happy___ssol 집에마라샹궈남은거있는데 다이어트중인데 딱이네,2024-03-23
4471,ddimmi96_2024-02-23,chunli_gangnamcgv3,👏,2024-03-22
4472,ddimmi96_2024-02-23,ckptw.taa,"Wow, I like the same soda as you, but I like stronger soda",2024-03-20
4473,ddimmi96_2024-02-23,yu_ni3116,1000주인곰,2024-03-03
4474,ddimmi96_2024-02-23,fairyyy_511,"언니 중국 고추가루 사먹어요! 翠宏아니면 六婆！ 하이디라오 고추가루랑 똑같은맛! 삶은 달걀 찌먹어서 다이어트 가능합니다… 마라맛 그대로, 기름 제로입니다",2024-02-25
4475,ddimmi96_2024-02-23,s_yxn0,언니 하이라이터 정보주세요!!ㅠㅠ,2024-02-21
4476,ddimmi96_2024-02-23,_joy_glee,언니 저거 솔직히 언니 몸무게지,2024-02-21
4477,ddimmi96_2024-02-23,010mx,❤❤❤❤❤❤,2024-02-21
4478,ddimmi96_2024-02-23,ddimmi96,반박시 +100kg 반박시 +100kg 반박시 +100kg 반박시 +100kg 반박시 +100kg 반박시 +100kg 반박시 +100kg 반박시 +100kg 반박시 +100kg 반박시 +100kg 반박시 +100kg 반박시 +100kg,2024-02-21
4479,ddimmi96_2024-02-23,yeoeumee,우와 뚜껑 대박,2024-02-21
4480,ddimmi96_2024-02-23,seojaeduk,제가 알고 있는 샐러드와는 많이 다르네요🤔,2024-02-21
4481,ddimmi96_2024-02-19,rla_snaln,찢,2024-06-30
4482,ddimmi96_2024-02-19,dhong_dhong.12,했어용❤️,2024-06-07
4483,ddimmi96_2024-02-19,_sh1ori1122,진심으로 저거 만드는데 13만 시간이 맞나…,2024-05-27
4484,ddimmi96_2024-02-19,zinsso4,와❤️❤️❤️,2024-05-13
4485,ddimmi96_2024-02-19,yjra_90,어디서파나용?!?!,2024-05-07
4486,ddimmi96_2024-02-19,jo_s_young,나는 흰티입고 묻어도 괜찮은디,2024-05-02
4487,ddimmi96_2024-02-19,jjan_mul_man,😍😍맛있겠다여,2024-04-30
4488,ddimmi96_2024-02-19,hyuns.13_,군침 싹 도노,2024-04-24
4489,ddimmi96_2024-02-19,k_gaon1017,❤️,2024-04-23
4490,ddimmi96_2024-02-19,j_.uwn,찢?,2024-04-21
4491,ddimmi96_2024-02-19,dlwldl000,저랑 결혼해요,2024-04-18
4492,ddimmi96_2024-02-19,emmadoublet,맑눈광,2024-04-17
4493,ddimmi96_2024-02-19,jun._.geol,13만 시간이면 안쉬고 약 14.8401826484 년임,2024-04-17
4494,ddimmi96_2024-02-19,kdh_08_00,찢????????.?,2024-04-16
4495,ddimmi96_2024-02-19,hyunjun.8,130000시간 30분 이면...5416일 이고 14년. 이네요..?,2024-04-14
4496,ddimmi96_2024-02-19,thsslivy_,@lostgirl_arrow baru lagi cuy,2024-04-08
4497,ddimmi96_2024-02-19,leegayul.79,했어요했어요,2024-04-07
4498,ddimmi96_2024-02-19,pik__kabu_,이날 쿠션 뭐 쓰셨어요 피부 표현 미쳤자나 언니!!!,2024-04-07
4499,ddimmi96_2024-02-19,chae._.eun8,맛있겟다,2024-03-26
4500,ddimmi96_2024-02-19,linhuu.xcx,That looks so good I'm jealous,2024-03-24
4501,ddimmi96_2024-02-19,twowater1009,@keun_2514,2024-03-17
4502,ddimmi96_2024-02-19,soareeskj,"Bicha pra falar rápido, caraio",2024-03-15
4503,ddimmi96_2024-02-19,nogarygary,립 정보좀 주세용😍,2024-03-14
4504,ddimmi96_2024-02-19,maylaroccha,Ela falou topoki uma 50x,2024-03-02
4505,ddimmi96_2024-02-19,1rehsx,@dangerousmanleebyeonggeon,2024-02-27
4506,ddimmi96_2024-02-19,seuuuuung,찢는다고요?,2024-02-25
4507,ddimmi96_2024-02-19,ji_hyoek1226,빨간색...찢?,2024-02-25
4508,ddimmi96_2024-02-19,drauit,흰옷에 흘리면 할께요,2024-02-24
4509,ddimmi96_2024-02-19,k.y.sep,눈에서 광기가…,2024-02-23
4510,ddimmi96_2024-02-19,yu_eun_seo0509,근데 진짜 어차피 떡볶이 국물 묻어도 빠는건 시청자가 아니라 띠미언 니라는걸 알고 그러신거죠 언니?,2024-02-22
4511,ddimmi96_2024-02-19,_.eunvoids,She talks to fast i almost thought she was speaking Japanese,2024-02-21
4512,ddimmi96_2024-02-19,mj._fw_11,떡볶이 집 차리시죠,2024-02-21
4513,ddimmi96_2024-02-19,primitivemiddlefinger,떡볶이 소스가 들어간 떡볶이떡으로 떡볶이를 만들면 ㅎㅎ,2024-02-21
4514,ddimmi96_2024-02-19,say_gex2,XL 떡뽀끽ㄱ,2024-02-21
4515,ddimmi96_2024-02-19,cjftjd45353,여러분 댓글 3번 터치하면 복사 된다는걸 아시나요,2024-02-21
4516,ddimmi96_2024-02-19,jieun0061,어디서 살 수 있나연,2024-02-20
4517,ddimmi96_2024-02-19,xxz_yzc,먹고싶당,2024-02-20
4518,ddimmi96_2024-02-19,lawwyc0cbabk,밀떡이에요 쌀떡이에요?,2024-02-20
4519,ddimmi96_2024-02-19,h_xxna,@ax.xnuex20,2024-02-20
4520,ddimmi96_2024-02-19,_rkrud11,언니 담에 취두부 먹방 레스기릿,2024-02-20
4521,ddimmi96_2024-02-19,whdk_d.ud,다시다니까!^^,2024-02-20
4522,ddimmi96_2024-02-19,yuhiro0o,하얗고 깨긋한 부엌에서 요리하는 띠미쨘을 보니 멋지고 희열감이 느껴져..,2024-02-20
4523,ddimmi96_2024-02-19,kk_gimin._.1164,아 떡볶이 먹는건 좋은데 옷은,2024-02-19
4524,ddimmi96_2024-02-19,"흰티 아니 흰티는 뭔가요 ㅠㅠㅠ
sarwin_jafff",,2024-02-19
4525,ddimmi96_2024-02-19,ddimmi96,흰티로 팔로우 협박🤭,2024-02-19
4526,ddimmi96_2024-02-19,"그래서 했냐구요!!!!!!!❤️❤️❤️❤️❤️
seojaeduk",흰티로 구독협박 ㅋㅌㅋㅋㅋ,2024-02-19
4527,ddimmi96_2024-02-19,_joy_glee,언니 너무 맛있어 보여 … 나도 한입만 …,2024-02-19
4528,ddimmi96_2024-02-19,cho___na,떡볶이에 흰티 ㅋㅋㅋㅋㅋㅋㅋㅋㅋㅋㅋ 광기뭔데요 ㅠㅠㅠㅠㅠㄷㄷㄷㄷㄷ,2024-02-19
4529,ddimmi96_2024-02-19,ws2488_237,❤️,2024-02-19
4530,ddimmi96_2024-02-18,secret_juju1112,진자 AI같음ㅋㅌㅋㅋ,2024-03-17
4531,ddimmi96_2024-02-18,d._xa21,어 천만듦,2024-03-13
4532,ddimmi96_2024-02-18,seyomi_xo,언니 너무 귀여워요ㅋㅋㅋㅋ 이거 하려고 사진 하나하나 찍고ㅋㅎㅋㅎ,2024-02-22
4533,ddimmi96_2024-02-18,sarwin_jafff,,2024-02-20
4534,ddimmi96_2024-02-18,isumin8988,처음에 진짜인줄ㅋㅋ,2024-02-20
4535,ddimmi96_2024-02-18,da_won__ra_won,ㅋㅋㅋㅋㅋㅋㅋㅋ언ㄴ 이게 뭐야?ㅋㅋㅋㅋㅋ,2024-02-19
4536,ddimmi96_2024-02-18,d.kyung_0w,자연스러워 ㅋㅋ,2024-02-19
4537,ddimmi96_2024-02-18,me___nii,ㅋㅋㅋㅋㅋ아니 정성 레전드네 ㅋㅋㅋㅋㅋㅋㅋㅋㅋㅋㅋㅋㅋㅋㅋㅋㅋㅋㅋㅋㅋㅋ,2024-02-19
4538,ddimmi96_2024-02-18,yeonpangi_,이 게 머 선 영 상 인 가 요,2024-02-18
4539,ddimmi96_2024-02-18,_joy_glee,언니 왜 귀엽지 ㅋㅋㅋㅋ 진짜 우리 언니가 제일 좋네,2024-02-18
4540,ddimmi96_2024-02-18,iamchojinhyung,챗띠미..,2024-02-18
4541,ddimmi96_2024-02-18,iam_onedoor_719,짜앙!!!,2024-02-18
4542,ddimmi96_2024-02-18,seojaeduk,😂😎,2024-02-18
4543,ddimmi96_2024-02-18,ddimmi96,띰띰이들한테 보여주고싶어서 근질거려 죽을뻔🥹💥,2024-02-18
4544,ddimmi96_2024-02-18,"요즘 이게 유행이길래 허락 받고 패러디 해봄!!
사진 다 내가 찍어서 Ai로 합성한거지롱😚❣️
ye_lin2",궈여옽ㅋㅋㅋ,2024-02-18
4545,ddimmi96_2024-02-16,hissing860305,제품 이름 알고싶어요,2024-03-10
4546,ddimmi96_2024-02-16,maylaroccha,Eu tbm quero tapioca,2024-03-02
4547,ddimmi96_2024-02-16,zhrlsndllsndl,"안녕하세요, 저는 아랍 소녀입니다",2024-02-25
4548,ddimmi96_2024-02-16,dlthk8,@wjd._.gkals,2024-02-22
4549,ddimmi96_2024-02-16,a01058255346,저도펄좋아해요,2024-02-20
4550,ddimmi96_2024-02-16,_joy_glee,귀엽네 ㅋㅋㅋㅋㅋㅋㅋ먹고 싶어 ….,2024-02-18
4551,ddimmi96_2024-02-16,claufwjd60,여러분 저희 언니가 띠미님 중3이라는데 진짠가요 ..?,2024-02-18
4552,ddimmi96_2024-02-16,seojaeduk,도배된 타피오카펄🤩,2024-02-17
4553,ddimmi96_2024-02-16,yeonpangi_,야하다=존나맛있어보인다. 라는 띠미어입니다.,2024-02-16
4554,ddimmi96_2024-02-16,dm.clinic_ey,우리 띠미님은 참 기엽다니까여어엉 💜🩵💜🩵,2024-02-16
4555,ddimmi96_2024-02-16,z_hn.11,예?!뭐가 야하다는건지ㅋㅋㅋ1빠!?,2024-02-16
4556,ddimmi96_2024-02-16,miumiu484,ㅋㅋㅋㅋㅋㅋㅋ 신나게 먹다 칼로리 🤣,2024-02-18
4557,ddimmi96_2024-02-13,h.xsey6,하리보로도 할 수 있허요! 단지 불기 어려울뿐...,2024-05-03
4558,ddimmi96_2024-02-13,beomf.jsh,통닭 풍선 겁나 웃기넼ㅋㅋ (심지어 귀여움..??),2024-04-25
4559,ddimmi96_2024-02-13,seohyeon3724,마이쮸 녹인다음에 풍선불다 냉장고에두고 포크로 깨면 맛잇어요!,2024-04-09
4560,ddimmi96_2024-02-13,yunyemin_c,마지막 치킨 인가요???치킨옷 어디서 구할수 있나요??ㅎㅎ,2024-03-31
4561,ddimmi96_2024-02-13,nina_nayeon_oh,@song_lilly 릴리야 이사람 너랑 닮았쪄 ㅋㅋㅋㅋ,2024-03-16
4562,ddimmi96_2024-02-13,yunjonghyeon_14,😍,2024-03-16
4563,ddimmi96_2024-02-13,han_jang1,보너스 10만원 더 받으시겠어요(?),2024-03-14
4564,ddimmi96_2024-02-13,yu9ammaa,ㅋㅋ 언니 기여웡ㅇ,2024-03-08
4565,ddimmi96_2024-02-13,010_0713_3077,먹고 있는게 더 궁금해 🧐 그게 뭐 먹는 고예욤?,2024-03-02
4566,ddimmi96_2024-02-13,xaon_.m,마이쮸전에 불었던 풍선이 3만원이라는줄,2024-02-20
4567,ddimmi96_2024-02-13,jin36.xn,실타래 해주세요,2024-02-19
4568,ddimmi96_2024-02-13,lll.mm245,@sky_kim09 마이쭈 녹여서 빨대로 풍선만들기 ㅋㅋㅋㅋ,2024-02-18
4569,ddimmi96_2024-02-13,mockhritare,😍😍😍😍,2024-02-18
4570,ddimmi96_2024-02-13,twinmamyangsoso,@simonh1224 마이쮸,2024-02-16
4571,ddimmi96_2024-02-13,mewie_nutharat,❤️❤️,2024-02-15
4572,ddimmi96_2024-02-13,jwok._.ang,쌘언니,2024-02-14
4573,ddimmi96_2024-02-13,k_rkgusj,마이쮸 풍선 불어서 얼려주세요,2024-02-14
4574,ddimmi96_2024-02-13,weonu_n,초심으로 머랭쿠키 먹어주세요!,2024-02-14
4575,ddimmi96_2024-02-13,min_jong_1._.1,근데 누나 무슨 회장님이야?,2024-02-14
4576,ddimmi96_2024-02-13,v.xh2a,회장님 그와중에 유튜브할때 유 윾으로 하신거ㅋㅋㅋㅋ,2024-02-14
4577,ddimmi96_2024-02-13,jeongseunggil3,😍😍😍😍😍😍😍이뻐요,2024-02-14
4578,ddimmi96_2024-02-13,_abirami46,Hyyy love from India 🇮🇳...you got so many international fans...and me too😍🙌❤️,2024-02-14
4579,ddimmi96_2024-02-13,sxe.hu14,언니 넘 귀엽짜나❤️❤️ 통닭 옷ㅋㅋ,2024-02-14
4580,ddimmi96_2024-02-13,heeyomagram,신나게 검정배경 내리는거 진짜 귀엽닼ㅋㅋㅋㅋㅋㅋ,2024-02-13
4581,ddimmi96_2024-02-13,sso____jung,마지막 너무 기여워요 ><><><,2024-02-13
4582,ddimmi96_2024-02-13,safari_saver,토끼가된 띠미?,2024-02-13
4583,ddimmi96_2024-02-13,_joy_glee,언니 너무 귀엽다 ㅋㅋㅋㅋ,2024-02-13
4584,ddimmi96_2024-02-13,seojaeduk,회장님보다 신난 것 같은 띠미는 기분탓인 건가 ㅋㅌㅌ큐ㅜㅠ,2024-02-13
4585,ddimmi96_2024-02-13,kim_yuna7809,13만 시간이 걸려 만든 떡볶이는 이 일을 기억할 것 입니다.,2024-02-13
4586,ddimmi96_2024-02-10,leedongho0109,떡볶이가 뭘로 만들어지는지 몰랐나 여태,2024-07-29
4587,ddimmi96_2024-02-10,haljung96,You look like yerinn gfriend,2024-07-25
4588,ddimmi96_2024-02-10,killsewoa,13만 시간이 걸린 떡볶이 한입만,2024-07-24
4589,ddimmi96_2024-02-10,eu.nju5911,친구 부모님께서 만드신 떡이다,2024-07-21
4590,ddimmi96_2024-02-10,becaus_e_,에효..,2024-04-06
4591,ddimmi96_2024-02-10,hy.xoug_,아닠ㅋㅋ 먹는거 가지고 입맛 떨어지게 바닥에 떨어뜨리고 손으로 쪼물딱 거리고 개싫다 진짜ㅠ,2024-04-01
4592,ddimmi96_2024-02-10,hororong000,13만시간 이러네 ㅋㅋㅋ,2024-03-31
4593,ddimmi96_2024-02-10,chae._.eun8,우오앙ㅇ 저거로 떡볶이 만들면 신기하겟다,2024-03-25
4594,ddimmi96_2024-02-10,no._bull,진짜 화장 말투 하나하나 전부다 역겨움 이런건 틱톡에 올려주면 안돼나요?,2024-03-24
4595,ddimmi96_2024-02-10,jung._.yoon1220,13만시간이걸린 홍보,2024-02-29
4596,ddimmi96_2024-02-10,ragyeong_s2,@sumi__9608 와,2024-02-19
4597,ddimmi96_2024-02-10,anjunbum,13만 시간이면 몇일이지,2024-02-17
4598,ddimmi96_2024-02-10,cando_gogogo,13만 시간 거의 15년인데?!,2024-02-16
4599,ddimmi96_2024-02-10,lllililili_11,어쩨서 눈이 세모,2024-02-14
4600,ddimmi96_2024-02-10,cheyul119_160,이누나는 빙수야 영상이레전드인데,2024-02-14
4601,ddimmi96_2024-02-10,hss08080808,할거 다 하면서 13만 시간 걸린듯 ㅋㅋ,2024-02-14
4602,ddimmi96_2024-02-10,rilmet_h,치즈맛도 맛있어요~,2024-02-14
4603,ddimmi96_2024-02-10,hadiyantineti,English subtitles too please 😄,2024-02-11
4604,ddimmi96_2024-02-10,97_05___22,@jongjongjong9999 미주이거사줘,2024-02-11
4605,ddimmi96_2024-02-10,aorususer_min,13만 시간이면 5000일?,2024-02-11
4606,ddimmi96_2024-02-10,seya82_52,이거 왠지 담에 공구할듯ㅋㅋ이거 인플루언서들 다 먹방하구맛있다더니 공구함ㅋㅋㅋㅋ,2024-02-11
4607,ddimmi96_2024-02-10,yeonpangi_,당연한 애기를 신인류의 발견처럼,2024-02-10
4608,ddimmi96_2024-02-10,seul__8.30,@mint_jung_92,2024-02-10
4609,ddimmi96_2024-02-10,billie_eilishsgegew,띠미언니도 새해복 많이 받으세요❤️,2024-02-10
4610,ddimmi96_2024-02-10,ddimmi96,띰띰이들 새해 복 많이 받으세요!!😍🎊,2024-02-10
4611,ddimmi96_2024-02-09,ihaim1251,하얘서,2024-06-09
4612,ddimmi96_2024-02-09,heogaeun102,그래서 맛있어? 맛없어?,2024-04-20
4613,ddimmi96_2024-02-09,rvhuo_2,그냥 딸𓅿 𓂭 빨개지기전 아닌가ᩚ,2024-03-03
4614,ddimmi96_2024-02-09,emilly_salomao_,Poderia colocar legendas? Inglês ou português? Ficou muito curiosa para saber o que está falando 🥺🥹🫰🏻❤️,2024-03-01
4615,ddimmi96_2024-02-09,angdang_mom,뭔가 물렁한 신데렐라딸기는 많~~~~이익은 파인애플맛남..잘익은 파인애플 아니고 과숙된...많~~~~이익은 파인애플.....😢,2024-02-29
4616,ddimmi96_2024-02-09,h._.wo.o6,난 달아서 놀란줄...,2024-02-19
4617,ddimmi96_2024-02-09,kittylu120,경혈편,2024-02-14
4618,ddimmi96_2024-02-09,kittylu120,수조차 도포,2024-02-14
4619,ddimmi96_2024-02-09,hchihggddhlpokvgg,😍😍,2024-02-13
4620,ddimmi96_2024-02-09,ji_____ae425,한입 물때 왜 내 침샘이 폭발한것이냐💦💦,2024-02-11
4621,ddimmi96_2024-02-09,012_jin,달기맛🍓,2024-02-11
4622,ddimmi96_2024-02-09,sarwin_jafff,,2024-02-10
4623,ddimmi96_2024-02-09,_s12.xn,언니 귀엽따🔥,2024-02-10
4624,ddimmi96_2024-02-09,hhye__n,ㅋㅋㅋㅋ이번 영상 조잘조잘이 넘 기엽다여~❤,2024-02-10
4625,ddimmi96_2024-02-09,phj0825,그래서 그 좋은 카메라는 뭐에요?!?,2024-02-09
4626,ddimmi96_2024-02-09,seojaeduk,하얀딸기😶,2024-02-09
4627,ddimmi96_2024-02-09,jcd_jx.a,왜 안씻고머거요 ㅋㅋㅋ ㅠㅠ,2024-02-09
4628,ddimmi96_2024-02-05,ur.fav_brunette19,Can she shut up,2024-02-24
4629,ddimmi96_2024-02-05,6750_arfuyy,ㅋㅋㅋㅋㅋㅋㅋㅋㅋ 치킨 😂😂🤣,2024-02-15
4630,ddimmi96_2024-02-05,caesua9170,치킨상자가 추억이네요.😂,2024-02-11
4631,ddimmi96_2024-02-05,yongboklove_stay09150,언니 대체 무슨 생각을 하는 거야...?,2024-02-07
4632,ddimmi96_2024-02-05,sarwin_jafff,,2024-02-06
4633,ddimmi96_2024-02-05,atugarisan,띠미님 왜케 신났어옄ㅋㅋㅋㅋㅋㅋㅋㅋㅋㅋ,2024-02-05
4634,ddimmi96_2024-02-05,fullmooonie,@ye_eevin,2024-02-05
4635,ddimmi96_2024-02-05,je.2_y,🍗,2024-02-05
4636,ddimmi96_2024-02-05,_joy_glee,야해..? 뭐가 언니..?,2024-02-05
4637,ddimmi96_2024-02-05,yeonpangi_,무슨 생각을 하길래 빵을 보고 야하다고…,2024-02-05
4638,ddimmi96_2024-02-05,kkkiiumm,야해 뭐예요ㅋㅋㅋㅋ,2024-02-05
4639,ddimmi96_2024-02-04,wool_.o,언니 진심 쿨톤임...,2024-08-27
4640,ddimmi96_2024-02-04,hihehi_530_titeti,이때저2살인데요,2024-04-12
4641,ddimmi96_2024-02-04,eunyoo_love,언니 진짜 넘 이뽀졌다ㅏ,2024-04-01
4642,ddimmi96_2024-02-04,lmyj_123,아.... 알고리즘 보다가 되게 이름이랑 얼굴이 익숙해서 스크롤 내리며 보고 있었는데... 이 영상 보자마자 중딩 때 추억소환!!! 맞다.. 띠미님 이런 거 하시는 분이었지...,2024-03-24
4643,ddimmi96_2024-02-04,iuvsoz,이거 초딩 때 봤던 거 같은데 어느새 고딩..,2024-03-18
4644,ddimmi96_2024-02-04,tojyaa_06,호요요요요 해주세요어어,2024-02-08
4645,ddimmi96_2024-02-04,siwukqkj,귀여워용....ㅠ,2024-02-07
4646,ddimmi96_2024-02-04,jx.s_l,현재!!,2024-02-06
4647,ddimmi96_2024-02-04,h_yo0y,예전이 더 훨씬 죠아요…❤️,2024-02-06
4648,ddimmi96_2024-02-04,wabjoppzh,띠미님 5만때부터 봤는데 진짜 그때 기억이 생각나네용❤️,2024-02-06
4649,ddimmi96_2024-02-04,_mo.1o13,먹방을 하는데 어떻게 살이 더 빠진것같냐..,2024-02-05
4650,ddimmi96_2024-02-04,bh_j_99,17년부터 1~2년동안 영상 꾸준히보다가 그 뒤로는 잘 안 봤는데 벌써 7년전이라니 그래도 그 땐 전 아직 10대였었는데 벌써 20대 중반이네요(99년생) 시간 넘 빨라요 앞으로 지금까지 안 본 영상 찾아서 볼께요,2024-02-05
4651,ddimmi96_2024-02-04,lifeelightt_,이제 더 아름다워졌어 ❤️🔥,2024-02-05
4652,ddimmi96_2024-02-04,yu_snw.7,언니 왜 갈수록 이뻐져요🥹😍,2024-02-05
4653,ddimmi96_2024-02-04,yeon__story_x,"와.. 진짜 오랜만에 보네요😂😂 벌써 7~8년이나 됐다니.. 나도 많이 늙었다..크흡 (04년생임)ㅋㅎㅋㅎㅋㅎ 17년도꺼는 어려보이고 24년도는 성숙?해진 느낌? 퍼스널컬러 딱 나오는거 같아여😂😂 둘다 좋아요🤗 지금처럼 오래오래 영상 만들어주세여!! 댓글은 잘 안 달지만 인스타,유튜브는 잘 챙겨 보고있으니께요!! 띠미님 사랑해유❤️",2024-02-04
4654,ddimmi96_2024-02-04,kimhj0315,음식 추천 받나요?,2024-02-04
4655,ddimmi96_2024-02-04,sarwin_jafff,,2024-02-04
4656,ddimmi96_2024-02-04,well._in,다 좋아요 ㅎㅎ,2024-02-04
4657,ddimmi96_2024-02-04,dmsrud0820,지금이 좋아요,2024-02-04
4658,ddimmi96_2024-02-04,"머리 스타일 화장 먹는 입모양 다 달라진 띠미님
jinhwan_y_89",띠미 is 뭔들,2024-02-04
4659,ddimmi96_2024-02-04,klmheejae,지금이요,2024-02-04
4660,ddimmi96_2024-02-04,parkjihwan_1125,다 좋아요 🔥,2024-02-04
4661,ddimmi96_2024-02-04,fatima_teddyumer,,2024-02-04
4662,ddimmi96_2024-02-04,ddimmi96,💥2017 띠미 vs 2024 띠미 💥,2024-02-04
4663,ddimmi96_2024-02-04,"둘중 어떤 제가 더 좋으세요?
진짜 2017 띠미 너무 젊어🥹!!!!!!!
마지막은 여러분들이 기다리셨던 호요호요🔥
그리고 어제 영상에 많은 응원의 댓글 정말 감사합니다!😭❤️
앞으로 2024 띠미 많이 기대해주세요!🫶🏻2017~ 보다 더 재밌게 해볼게요🥳💝
je._.9791",어머 누구신가 했어요!,2024-02-07
4664,ddimmi96_2024-02-03,rh_e0704,언니 없으면 심심한데 ㅜ,2024-08-25
4665,ddimmi96_2024-02-03,klmheejae,나 왜 이거 지금봄,2024-04-23
4666,ddimmi96_2024-02-03,soxij_2,식용 카드먹방이 너무 그리워요,2024-04-21
4667,ddimmi96_2024-02-03,junho_0309,취두부 ㄱㄱ,2024-04-20
4668,ddimmi96_2024-02-03,xnzose,머랭 다시 먹어주세요,2024-03-25
4669,ddimmi96_2024-02-03,uknow.otm,진정성있는 내모습 띠미라는 그자체를,2024-03-21
4670,ddimmi96_2024-02-03,"더 사랑하는 팬들이 있을겁니다 ㅎㅎㅎ
_nhyoung_",❤️❤️❤️파이팅 해니요!!,2024-03-21
4671,ddimmi96_2024-02-03,nanomi713,호요호요징 ㅎㅎㅎ 띠미님은....👏👏,2024-03-19
4672,ddimmi96_2024-02-03,xlhia_24,호요호요호뇨...머랭쿠키 에이에스엠알..,2024-03-18
4673,ddimmi96_2024-02-03,_s__l_ee,엽기 asmr로 봤었던거가튼데 그거 재밋게봐써영,2024-03-15
4674,ddimmi96_2024-02-03,ue0.xc,얼음 과자 다시 보고싶어요,2024-03-11
4675,ddimmi96_2024-02-03,hoshi_tamtam__,호요호요넣어서 소리나는 믈병먹방 다시 가시죠,2024-03-08
4676,ddimmi96_2024-02-03,y.nch8,화이팅!,2024-03-06
4677,ddimmi96_2024-02-03,bagseoyeon_5975,번데기에 초코 찍어먹어주세뇨,2024-02-29
4678,ddimmi96_2024-02-03,munsubin226,에이에스 앰알,2024-02-26
4679,ddimmi96_2024-02-03,jangyunseo685,에버랜드에가서 판다영상을올려주세요^_^,2024-02-26
4680,ddimmi96_2024-02-03,heoyeryeong8,언니 사랑해 ❤️❤️❤️❤️❤️❤️❤️,2024-02-26
4681,ddimmi96_2024-02-03,love101450,제발 떡볶이 사고 🙏,2024-02-24
4682,ddimmi96_2024-02-03,j_hyun0828,끓치마세용😢❤️,2024-02-23
4683,ddimmi96_2024-02-03,hyen_03.14,ㅂㅈ파스타 만들어 주새뇨,2024-02-22
4684,ddimmi96_2024-02-03,lejgwo,띠미 옛날에 많이 챙겨봤는데 다시 챙겨 볼게요,2024-02-20
4685,ddimmi96_2024-02-03,bye_x1040,언니 뽀구미랑 합방해봐,2024-02-19
4686,ddimmi96_2024-02-03,_rkrud11,한국 먹방계사실 원조.. 언니 이번엔 소식좌 컨셉 띠미어때??,2024-02-19
4687,ddimmi96_2024-02-03,ji_min_1127,화장영상 궁금해요,2024-02-19
4688,ddimmi96_2024-02-03,_xk.dms,언니 오랜만에 그 뚱이 마쉬멜로우...? 그거먹어줘요!,2024-02-19
4689,ddimmi96_2024-02-03,sarang2704,저 띠미님 팬이에요!,2024-02-19
4690,ddimmi96_2024-02-03,jx_un.x,폐가가세요,2024-02-19
4691,ddimmi96_2024-02-03,pyoosi.1,띠미 머랭쿠키 감성 모르는 애들은 가거라,2024-02-19
4692,ddimmi96_2024-02-03,suni_woo_13,취두부 한통 다먹고 무표정,2024-02-18
4693,ddimmi96_2024-02-03,jieun_jade,띠미님 여행 다니시면서 어떤 나라가 좋았는지 궁금해요!,2024-02-18
4694,ddimmi96_2024-02-03,hxz.n3,치즈 떡볶이 가시죠,2024-02-18
4695,ddimmi96_2024-02-03,sa_rang0_,건조 치킨어때요?,2024-02-16
4696,ddimmi96_2024-02-03,mina11118704,예전부터 봐온 띠미님 개구지고 재밌는 영상들 보면서 웃던게 어끄제 같은데 이제보니 많은 세월이 지난거같아요 초심찾는 띠미 화이팅,2024-02-16
4697,ddimmi96_2024-02-03,x9_rem,옛날에 진짜 많이봤는데ㅠㅠ😍,2024-02-15
4698,ddimmi96_2024-02-03,cookies_instar,언니 지금도 잘하고있어 그만두지마,2024-02-15
4699,ddimmi96_2024-02-03,yoxxg._.11,누나 외국물 먹어서 속상했어,2024-02-14
4700,ddimmi96_2024-02-03,_hv.3ln,언니 머랭 먹는영상 찍어주세요🥹 머랭먹는건 언니를 따라갈분이 없는거 같아요❤,2024-02-14
4701,ddimmi96_2024-02-03,baggyulhyi,저 언니 진짜 좋아하고 예쁘다고 난리치고 아직까지 영상 잘 챙겨 보고 있눈뒈..ㅠ언니 그만하게 된다면 나 진짜 슬퍼할것 같아..ㅠ표현할수있는 슬픔이 생각이 안나네용ㅠ 언니 몰카!!몰카 해주라 그리고 꼭 파이팅 해용!!!!!!!!!!❤️,2024-02-14
4702,ddimmi96_2024-02-03,jh._.wise,띠미님 특유의 긍정적인 에너지가 넘 조와요!!,2024-02-14
4703,ddimmi96_2024-02-03,king._.ubin,와 띠미 오랜만이다,2024-02-13
4704,ddimmi96_2024-02-03,38v_17,떡볶이 먹으면서 스카이 다이빙ㄱ ㅋㅋ,2024-02-13
4705,ddimmi96_2024-02-03,doxun_12,옛날에 ㅇㅇ먹방 진짜 재밌어서 맨날봤던 기억이..!!ㅎ,2024-02-13
4706,ddimmi96_2024-02-03,s1x.mn1,나는 언니가 누구든 좋아할거예요!,2024-02-13
4707,ddimmi96_2024-02-03,seobeen4287,그냥 언니가 행복했으면 좋겠어요! 그냥 자존감이 없어질 수 있죠! 전 언니를 찾고있었어요,2024-02-13
4708,ddimmi96_2024-02-03,oh_seol.x11,언니 브이로그 한번만 찍어주세요👏,2024-02-12
4709,ddimmi96_2024-02-03,woo_je_54,언니 저는 예전부터 언니의 머랭 먹방 부터해서 매일 봤는데....ㅠ,2024-02-11
4710,ddimmi96_2024-02-03,dobi0310,완전 초창기때 봤었는데 언젠지도 기억이 안나네 근데 아직 하는거보니 잘되실겁니다,2024-02-11
4711,ddimmi96_2024-02-03,joovely_ya,"음식이문젠듯 신박한걸 먹으려는걸 멈춰 그냥 불닭볶음면,대창 짜파게티에 파김치 이런거처럼 사람들이 먹고싶어하는걸 찍어보십쇼 먹방보는 이유는 내가 먹고싶은걸 먹어주기때문에 대리만족 하려고 보는것이니",2024-02-11
4712,ddimmi96_2024-02-03,iharin361,응원해요!😊,2024-02-10
4713,ddimmi96_2024-02-03,eun___hhh,안돼😢😢,2024-02-09
4714,ddimmi96_2024-02-03,hyun9_12,웅니 옛날의 띠미의 이상한 asmr 해쥬세요 ㅠㅠ 저 언니 asmr보고 asmr이,2024-02-07
4715,ddimmi96_2024-02-03,"어떤 건지 알게됐 거든요!!!
io.uxo",? 심심할때 띰띠미 머랭쿠키 먹방이랑 미니 마카롱 먹방 보는데..,2024-02-07
4716,ddimmi96_2024-02-03,yeru1314,재밌는데,2024-02-07
4717,ddimmi96_2024-02-03,hyb._.e,다이소 화장 그거 재미있게 봤는데,2024-02-07
4718,ddimmi96_2024-02-03,_6uxye,띠미 ㅜㅜㅜㅜㅜ 더 떠라 제발 너무 좋음,2024-02-07
4719,ddimmi96_2024-02-03,_hx.bin1,띠미님! 저도 오래 전부터 그 머랭쿠키 부터 봐왔어요 ㅎㅎ 그런데 지금도 너무 영상도 잘 찍으시고 너무 재밌어요 무리 하지 마시고 항상 건강하세요!! 새해복 많이 받으세요!❤️❤️,2024-02-07
4720,ddimmi96_2024-02-03,gaon1234567890,😢😢😍😍😍😍😍,2024-02-06
4721,ddimmi96_2024-02-03,s2x.cy,일진 메이크업 해주세요!!,2024-02-06
4722,ddimmi96_2024-02-03,sx.y0_g,언니라면 진주 마카롱...,2024-02-06
4723,ddimmi96_2024-02-03,leedainso,언니 언니 좋댓구알 내가 책임지께❤️힘내,2024-02-06
4724,ddimmi96_2024-02-03,sbejs_ejwl,언니 옜날처럼 조용하게 머랭쿠키 ASMR해주세요,2024-02-06
4725,ddimmi96_2024-02-03,yujin09123,❤️,2024-02-06
4726,ddimmi96_2024-02-03,dtunxa0_,띠미의 asmr로 찾아뵙겠습니다,2024-02-06
4727,ddimmi96_2024-02-03,h_jxx_bin,게임이요!,2024-02-06
4728,ddimmi96_2024-02-03,_s1h00,생마늘 가시죠,2024-02-06
4729,ddimmi96_2024-02-03,k3i._.ayu,언니 효요요요ㅛ용 할때가 그립다..,2024-02-06
4730,ddimmi96_2024-02-03,hxxjuu_0810,제 초등학교 시절 책임져주셨어요!!조회수가 안 나오면 어떻고 구독자 100만 안 되면 어때요?물론 되면 너무너무 좋겠지만 그냥 띰띰이들이랑 소통하고 띠미언니 그 자체가 소중한거같아요❤️요즘 유행하는 게임이나 음식들 먹으면서 소통하는 영상 찍어보면 어떨까요?항상 응원해요,2024-02-06
4731,ddimmi96_2024-02-03,della_luna1623,"언니 저는 진짜 어렸을 때부터 언니를 보던 지금 중학생으로 올라가는 평범한 띰띰이 입니다 항창 즐겨보다가 갑자기 조금 지겹더라구요 하지만 언니 영상을 아예안 본 건 아니였습니다 생각날때 봐왔지만 예전에 그 느낌과 감성은 느껴지지 않아서 아쉬웠습니다 그래도 전 언니를 사랑했기에 지금은 또 그 익숙하지 않은 것을 익숙하게 만들고있었는데 띠미님이 속마음을 말해주어서, 예전에 그 감성을 다시 느낄 수 있을 꺼 같아 기분이 좋네요 언재까지나 언니의 결정을 응원합니다!!! 사랑해요 띠미언니🌈❤️😍💛🍀😻❤️‍🔥",2024-02-06
4732,ddimmi96_2024-02-03,trlshsbbs,취두부 가시죠.,2024-02-06
4733,ddimmi96_2024-02-03,tojyaa_06,언니 ..일본갔다고온거 정말 좋아보였는데,2024-02-06
4734,ddimmi96_2024-02-03,tojyaa_06,언니 사랑해요.. 진짜..,2024-02-06
4735,ddimmi96_2024-02-03,y0on._.08,언니 다이어트 전후 고고!!,2024-02-06
4736,ddimmi96_2024-02-03,gaxil_,띠미 응원해요🩷🩷🩷,2024-02-05
4737,ddimmi96_2024-02-03,chae_04231,학생때 그 얼음먹방으로 들어왔습니다 너무 맛있게 얼음을 드시더라구요...그런의미로 얼음먹방은 어떠신가요...?,2024-02-05
4738,ddimmi96_2024-02-03,jung_w0517,챔보,2024-02-05
4739,ddimmi96_2024-02-03,ang_g_ree318,아이돌 화장 직접 받아보기 해주세여😍,2024-02-05
4740,ddimmi96_2024-02-03,dr_dongchan2,핵불닭 먹어주세요,2024-02-05
4741,ddimmi96_2024-02-03,wo_.bin901,이거보고 다시본다,2024-02-05
4742,ddimmi96_2024-02-03,su.ax2,예전에 그 머랭쿠키 먹방 같은 먹방이요 전 요즘도 그 영상 많이 보거든요,2024-02-05
4743,ddimmi96_2024-02-03,jiwoosora12,띠미님 너무 오랜만이다❤️🔥,2024-02-05
4744,ddimmi96_2024-02-03,say_gex2,7살 남자 아이.꼬시기 해주세요,2024-02-05
4745,ddimmi96_2024-02-03,woo_young04,흉가 체험 해주세요,2024-02-05
4746,ddimmi96_2024-02-03,y_exnn,이상한asmr 머랭쿠키 한번더 가죠,2024-02-05
4747,ddimmi96_2024-02-03,doa_0707,ㅜㅜㅜ언니ㅜㅜㅜㅜ유치원때무터 봤는데ㅜㅜㅜ 쿠우쿠우 혼밥 다시 갑시닥!띠미의 이상한 asmr도 해주세요!!!,2024-02-05
4748,ddimmi96_2024-02-03,everland91,혼자서 10000칼로리 해봅시다,2024-02-05
4749,ddimmi96_2024-02-03,161.__.sua,그시절 띠미 감성은 그때 초등학생 중학생이였던 지금은 거의 성인이 된 사람들만 느낀다 ..,2024-02-05
4750,ddimmi96_2024-02-03,eehdrjsms,브이로그 어떠신가욤 ⸝⸝ʚ̴̶̷̆3ʚ̴̶̷̆⸝⸝,2024-02-05
4751,ddimmi96_2024-02-03,xseun5_,울컥해서 구독함,2024-02-05
4752,ddimmi96_2024-02-03,ch.yux1,ASMR영상이요!!,2024-02-05
4753,ddimmi96_2024-02-03,x.jiz0_,마라탕 asmr찍어주실수 있나여..?,2024-02-05
4754,ddimmi96_2024-02-03,g_.oww,언니 오랜만에 호요호요 소리 한번 가시죠,2024-02-05
4755,ddimmi96_2024-02-03,eeyhnus,너무 좋다,2024-02-05
4756,ddimmi96_2024-02-03,j0_xun10,예전에 띠미님 재밋긴햇는데,2024-02-05
4757,ddimmi96_2024-02-03,oromimi_818,이거보고 호감택쌓임,2024-02-05
4758,ddimmi96_2024-02-03,oiyun_12,asmr 해주세영,2024-02-05
4759,ddimmi96_2024-02-03,_jangmi_24,앞전에 술집에서 봐써용ㅋㅋ보자마자 헙햇찌만 아는척안함..😂,2024-02-04
4760,ddimmi96_2024-02-03,coukld,꿀젤리 다시 드가자.ᐟ.ᐟ 언니가 꿀젤리 젤 질먹어요 👍,2024-02-04
4761,ddimmi96_2024-02-03,ooo_today_,딸셋과 유투브보면 제일 먼저 띠미언니영상보며 힐링하는데요ㅋㅋㅋㅋ그게무슨말씀 이신가요😍 화이팅하세요👏,2024-02-04
4762,ddimmi96_2024-02-03,youngcheol_12_good,슬림백 해주세요(?),2024-02-04
4763,ddimmi96_2024-02-03,vqjsbs,어렸을때부터 많이 봤어요ㅠㅠ 언니 힘내시고 머랭쿠키 asmr한번만 더해주세요!!,2024-02-04
4764,ddimmi96_2024-01-24,marzyeseyfi,من‌ بجای شما بودم سرم رو توش میزاشتم😂😂,2024-03-21
4765,ddimmi96_2024-01-24,6750_arfuyy,치킨😋😋😋,2024-01-25
4766,ddimmi96_2024-01-24,sarwin_jafff,❤️❤️❤️❤️❤️❤️,2024-01-25
4767,ddimmi96_2024-01-24,siva___x____,Where's is my subtitles I don't know what you say😢,2024-01-24
4768,ddimmi96_2024-01-24,always_my_time88,可愛い♥️,2024-01-24
4769,ddimmi96_2024-01-24,wwwnnsss,"마라귀신 띠미님에게 안성맞춤 메뉴네요~~,오늘도 죤하루~~🦋",2024-01-24
4770,ddimmi96_2024-01-24,dm.clinic_ey,이거 보고 있는 저도 행복은 가까이 있네용😍💜💟,2024-01-24
4771,ddimmi96_2024-01-24,seojaeduk,마라치킨에 크림&짜장 떡볶이 조합🤩,2024-01-24
4772,ddimmi96_2024-01-22,saebomi_2262,딸기에 꽃이있네 그리구 딸기 먹고있는 사람도 얼굴에 꽃이 피었넿ㅎ😍,2024-04-25
4773,ddimmi96_2024-01-22,2ggani_,딸기에 꽃이 피었네 글구 딸기 먹고 있는 사람두 얼굴에 꽃이 피었넹ㅎㅎ❤️😍,2024-02-07
4774,ddimmi96_2024-01-22,_yx.z._.l,저 딸기로 탕후루 만들어서 먹방 해주세요! 저 딸기 진짜 좋아하는데 맛있겠네용 설리당 진짜 과일 예쁘고 크고 맛있겠다,2024-02-02
4775,ddimmi96_2024-01-22,_.anaclaraxx._,,2024-02-02
4776,ddimmi96_2024-01-22,ga.hyen7,이걸로 딸기탕후루 해 주시면 안될까요?ㅠ,2024-02-01
4777,ddimmi96_2024-01-22,always_my_time88,可愛い😊,2024-01-24
4778,ddimmi96_2024-01-22,pvd_da_thaaa,집에서 초밥만 먹방 만들어보세요,2024-01-24
4779,ddimmi96_2024-01-22,sarwin_jafff,,2024-01-23
4780,ddimmi96_2024-01-22,siva___x____,Where is my subtitles,2024-01-22
4781,ddimmi96_2024-01-22,siva___x____,Where is my subtitles,2024-01-22
4782,ddimmi96_2024-01-22,starsilver51004,고구마빵 공구 다시 하실 생각 없나요?ㅠ,2024-01-22
4783,ddimmi96_2024-01-22,seojaeduk,츄릅🤤 설리당 딸기,2024-01-22
4784,ddimmi96_2024-01-22,_abirami46,Bts v fav fruit huh😍❤️so that it's my favvvvvv,2024-01-22
4785,ddimmi96_2024-01-22,dm.clinic_ey,건강한 먹방 넘 좋아요오옹❤️😍🍓🍰🙆🏻‍♀️,2024-01-22
4786,ddimmi96_2024-01-21,junho__1002,타이어 먹어보셨어요? 영상 재밋어요,2024-06-22
4787,ddimmi96_2024-01-21,iyesol275,대박사건 띠미는 타이어를 먹어봤다,2024-06-12
4788,ddimmi96_2024-01-21,_yjin_13,설탕 뿌려서 먹러주세요!,2024-03-10
4789,ddimmi96_2024-01-21,stay_092218325,언니 타이어 먹어봤어?ㅋㅋㅋ,2024-02-29
4790,ddimmi96_2024-01-21,desativadao9877ycbnnbczaqeff,Só entendi a parte do pudim,2024-01-31
4791,ddimmi96_2024-01-21,giminaegim,포도젤리에요?,2024-01-29
4792,ddimmi96_2024-01-21,angevil2116,😂😂😂😂,2024-01-24
4793,ddimmi96_2024-01-21,byeoling_zzu,잔디젤리에용 :)!,2024-01-24
4794,ddimmi96_2024-01-21,"버블티에 토핑으로 들어가거나
위에 연유를 뿌려서 푸딩처럼 달달하게 먹는답니다!
trlshsbbs",맛 없다면서 계속 먹고있는데...,2024-01-24
4795,ddimmi96_2024-01-21,fairyyy_511,이거 원래 밀크티에서 토핑으로 추가해서 먹거나 디저트 안에 들어가요. 단순히 그냥 먹지않아요,2024-01-22
4796,ddimmi96_2024-01-21,yuxi_qiu,should add some milk with it,2024-01-22
4797,ddimmi96_2024-01-21,9gl8a,انا الوحيدة التعليق العربي 😂😢,2024-01-21
4798,ddimmi96_2024-01-21,shan9366,생크림을 추가해서 드시면 더 맛있게 드실 수 있어요!,2024-01-21
4799,ddimmi96_2024-01-21,alan_libra_,要加 奶精球 吃,2024-01-21
4800,ddimmi96_2024-01-21,mokpobom2,엇.. 타피오카펄 같아가지고 적으려고 했는데.. 타피오카펄이네유 대형은 첨봐영,2024-01-21
4801,ddimmi96_2024-01-21,yuhiro0o,세상에,2024-01-21
4802,ddimmi96_2024-01-21,zilaaaaa_aa,Ok,2024-01-21
4803,ddimmi96_2024-01-21,ddimmi96,유튜브에 신기한 대만 길거리 음식 30가지나 뿌시는 영상 업로드 완료했어요😖🎉 개존잼이니 꼭 보러오세요!!!❤️❤️❤️,2024-01-21
4804,ddimmi96_2024-01-20,mii_se0,모를수도 있지 무시하세여❤️❤️,2024-02-20
4805,ddimmi96_2024-01-20,sarangbnd224,알려줘야 알지 댓글 좀 예쁘게 달아주세요!,2024-02-11
4806,ddimmi96_2024-01-20,t_eurm,후드티 이쁘게 입어주셔서 감사합니다 띠미님🥹,2024-01-20
4807,ddimmi96_2024-01-20,"너무 영광이에요,,💦 매번 맛있는 리액션과 새로운 음식들 리뷰 잘 보고있습니다 !! 앞으로 더 이쁜 옷과 추억들을 만들어드리겠습니다. 감사합니다💕
_abirami46",Try chicken with ice cream 🙌,2024-01-20
4808,ddimmi96_2024-01-20,doongdooong_,@___________yooouganea 이거?,2024-01-20
4809,ddimmi96_2024-01-20,yuki.a1998,レンジで温めれば綺麗に剥がれますよ〜✨,2024-01-20
4810,ddimmi96_2024-01-20,jeon_unni_,끄아아💗💗💗💗💗💗마시께따!!!!!😍😍😍,2024-01-20
4811,ddimmi96_2024-01-20,kimmin_030,짭이었다니 ㅋㅋㅋ,2024-01-20
4812,ddimmi96_2024-01-20,seojaeduk,😮,2024-01-20
4813,ddimmi96_2024-01-20,always_my_time88,可愛い😍求めてるよ٩(๑❛ᴗ❛๑)۶,2024-01-20
4814,ddimmi96_2024-01-20,yuhiro0o,흐악 맛잇겟다 다 맛잌ㅅ게 먹어,2024-01-20
4815,ddimmi96_2024-01-16,chaerin_4884,두번째 먹은 음식 이름 뭐에요오?!,2024-05-14
4816,ddimmi96_2024-01-16,minj_e_ong,예승아 우리 대만가자 @ysysl___,2024-03-10
4817,ddimmi96_2024-01-16,p.eddy95,@searail__sr 많이 먹구와❤️,2024-03-06
4818,ddimmi96_2024-01-16,starry_rii,@subhin_0325 나중에 유튜브로 바바,2024-01-24
4819,ddimmi96_2024-01-16,jjoo_fascinating,이리 맛나게 먹어도 살이 안찌는것 같아요..부럽네요😢 여행 행복하셨길 바랍니다!!,2024-01-20
4820,ddimmi96_2024-01-16,sarwin_jafff,,2024-01-19
4821,ddimmi96_2024-01-16,h_and_s_gp,디엠 확인 부탁드려요:),2024-01-18
4822,ddimmi96_2024-01-16,sso_hee_oo,@cha____97 민준이랑 대만 갈래 !!!!,2024-01-17
4823,ddimmi96_2024-01-16,andang_chang,❤️❤️welcome to Taiwan,2024-01-17
4824,ddimmi96_2024-01-16,choi_ha_young0715,@chlgpwl3 어때!!!!!,2024-01-17
4825,ddimmi96_2024-01-16,siva___x____,Where is my subtitles,2024-01-16
4826,ddimmi96_2024-01-16,orin__ge,Omg!!! Welcome to Taiwan 🇹🇼 ❤️❤️🙌,2024-01-16
4827,ddimmi96_2024-01-16,kuo_yu_chen,歡迎👏👏👏,2024-01-16
4828,ddimmi96_2024-01-16,tinglin__,Welcome to Taiwan❤️,2024-01-16
4829,ddimmi96_2024-01-16,jsh.___.0812,저두요🙌,2024-01-16
4830,ddimmi96_2024-01-16,dm.clinic_ey,갠차나유 그래두 이뻐유~~~,2024-01-16
4831,ddimmi96_2024-01-16,yuhiro0o,귀여우어유ㅠ유ㅠㅠ,2024-01-16
4832,ddimmi96_2024-01-16,nado_odo,쩌요🥹✨,2024-01-16
4833,ddimmi96_2024-01-16,seojaeduk,대만 길거리음식 모음🤩,2024-01-16
4834,ddimmi96_2024-01-16,itsjust.delxncy_____,Wow 😮🔥,2024-01-16
4835,ddimmi96_2024-01-15,hji_xn5,15빠,2024-09-13
4836,ddimmi96_2024-01-15,immmmori,일본아니야,2024-04-25
4837,ddimmi96_2024-01-15,ciwawa_1124,@ummmmmm__bi 크기가 좀 작아진듯?,2024-03-15
4838,ddimmi96_2024-01-15,han_nah_youn,@bitcha_vita_c 우리가 좋아하는 코스.. 또먹고싶다,2024-03-06
4839,ddimmi96_2024-01-15,s.gun_12,연어초밥을 좋아하는 나로써 진짜..부럽다,2024-01-29
4840,ddimmi96_2024-01-15,k_ming_k,@l_yo_b 이게 너무너무 먹고사퍼,2024-01-16
4841,ddimmi96_2024-01-15,sarwin_jafff,❤️❤️❤️❤️❤️,2024-01-16
4842,ddimmi96_2024-01-15,always_my_time88,かわいい꒰* ॢꈍ◡ꈍ ॢ꒱.*˚‧,2024-01-16
4843,ddimmi96_2024-01-15,cyankim_,와 연어 엄청크다아아 대박!!! 신기하고~진귀해~!!!,2024-01-15
4844,ddimmi96_2024-01-15,dm.clinic_ey,이거 지이이인짜 맛있죠옹😍😍🧡,2024-01-15
4845,ddimmi96_2024-01-15,ye_lin2,아 우리나라에서도 못가봄 ㅠ,2024-01-15
4846,ddimmi96_2024-01-15,klmheejae,마싯겟다시발,2024-01-15
4847,ddimmi96_2024-01-15,twohoo.mom,맛있겠어요!!!😍😍,2024-01-15
4848,ddimmi96_2024-01-15,ddimmi96,띰띰이들! 대만 브이로그 (긴영상)도 열심히 편집중에있어요!! 진짜 재밌으니까 조금만 기다려주쇼잉!!!!!! >_<♥,2024-01-15
4849,ddimmi96_2024-01-14,s3.won_u,저거 일본어 번역하면 사과사탕이래여,2024-08-13
4850,ddimmi96_2024-01-14,jiamingeng1,中国的,2024-05-27
4851,ddimmi96_2024-01-14,dh_lim0113,언니 너무예뻐요❤️❤️,2024-04-06
4852,ddimmi96_2024-01-14,spring_ohh,"그거 잘라드세오,, 이빨 다쳐요😢",2024-02-14
4853,ddimmi96_2024-01-14,sunshine_8114,카라멜 사과는 우즈베키스탄의 많은 상점에서 판매됩니다,2024-02-07
4854,ddimmi96_2024-01-14,yuin.seo8,사과 탕후루에요,2024-01-21
4855,ddimmi96_2024-01-14,sezenaksucokesma,Bizim elma şekeri la bu,2024-01-21
4856,ddimmi96_2024-01-14,allyne_rego,Mais conhecida como maçã do amor 😋🇧🇷,2024-01-19
4857,ddimmi96_2024-01-14,liz.prk0,飴りんごじゃなくて、りんご飴,2024-01-18
4858,ddimmi96_2024-01-14,min_chae0812,이거 잘라서 먹어용,2024-01-16
4859,ddimmi96_2024-01-14,yoznq,@yu_hui_1117 근데 진짜 팔까??,2024-01-16
4860,ddimmi96_2024-01-14,sarwin_jafff,,2024-01-15
4861,ddimmi96_2024-01-14,crazy_girl27gg,台灣欸,2024-01-15
4862,ddimmi96_2024-01-14,ghazal_gh2008,이 디저트는 시리아-아랍 출신이며 매우 오래되었습니다.,2024-01-15
4863,ddimmi96_2024-01-14,siva___x____,Where is the subtitle😤😡,2024-01-15
4864,ddimmi96_2024-01-14,always_my_time88,可愛い😍,2024-01-14
4865,ddimmi96_2024-01-14,mokpobom2,탕후루 큰버전이네여,2024-01-14
4866,ddimmi96_2024-01-14,seojaeduk,대왕 탕후루😮,2024-01-14
4867,ddimmi96_2024-01-14,sang_s2_h,치아 바사삭 주의 ⚠️,2024-01-14
4868,ddimmi96_2024-01-14,isiyun3645,아메링고ㅋㅋㅋ너무 귀여워요,2024-01-14
4869,ddimmi96_2024-01-14,ddimmi96,"아메링고라고 잘못 말했는데 링고아메에요!
사실 아메링고나 링고아메나 비슷비슷 😖",2024-01-14
4870,ddimmi96_2024-01-13,andyjeon_0602,매실이에요!! 대만에서 주로로 판답니다🩷,2024-12-29
4871,ddimmi96_2024-01-13,songsujin691,푸룬같당,2024-03-14
4872,ddimmi96_2024-01-13,____lim_y,건포도 비스무리한 거 가튼데,2024-03-03
4873,ddimmi96_2024-01-13,stay_092218325,아마도 말린 자두일거에요!,2024-02-29
4874,ddimmi96_2024-01-13,schoyun,말린 매실 같은데?,2024-02-15
4875,ddimmi96_2024-01-13,the_b52s.rock_lobster,감초 아잉교?,2024-02-05
4876,ddimmi96_2024-01-13,trlshsbbs,매실 같은데..,2024-01-24
4877,ddimmi96_2024-01-13,_yxo.zl,푸룬?같은데,2024-01-21
4878,ddimmi96_2024-01-13,whdk_d.ud,푸룬일껄요,2024-01-19
4879,ddimmi96_2024-01-13,pyaw00,매실 말린거예요 대만사람들은 방울토마토에 매실 끼운것도 좋아해요,2024-01-16
4880,ddimmi96_2024-01-13,gongjinlim,푸룬!,2024-01-15
4881,ddimmi96_2024-01-13,gaxuns_,푸룬이라고 알아요!,2024-01-14
4882,ddimmi96_2024-01-13,k__nayeon,말린자두같은 과일말린거라고 들었어유 ㅋㅋㅋ,2024-01-13
4883,ddimmi96_2024-01-13,always_my_time88,おいしくない？,2024-01-13
4884,ddimmi96_2024-01-13,sarwin_jafff,,2024-01-13
4885,ddimmi96_2024-01-13,_____camelliiiio,푸룬인가??,2024-01-13
4886,ddimmi96_2024-01-13,leafweng,士林夜市？,2024-01-13
4887,ddimmi96_2024-01-12,y1x_un,!,2024-11-02
4888,ddimmi96_2024-01-12,y1x_un,마시멜로 같아욤,2024-11-02
4889,ddimmi96_2024-01-12,sweetptt13,@parminh_ 대만,2024-07-06
4890,ddimmi96_2024-01-12,tjdrrand_0414,찹쌀떡이랑 다른 느낌인가욥??,2024-06-13
4891,ddimmi96_2024-01-12,_zl.oxm,@llxjxx 이거 머거 바바,2024-05-14
4892,ddimmi96_2024-01-12,na__yoonn,@sedr4,2024-04-11
4893,ddimmi96_2024-01-12,__eunjini_,@in_g0121,2024-04-03
4894,ddimmi96_2024-01-12,zen6u_,님들아 데이터 끄세요,2024-03-24
4895,ddimmi96_2024-01-12,sariminartihsb,jadi kayak mochi tapi versi panjang sih,2024-03-14
4896,ddimmi96_2024-01-12,0___lko,@_songsooo_ 지민쌤 닮은거같음ㅋㅋㅋㅋ,2024-03-13
4897,ddimmi96_2024-01-12,irene110718,이건 대만에서 본 적이 없어요 😅,2024-03-10
4898,ddimmi96_2024-01-12,v1nn_,@won_jx_ 이거 무그쟈,2024-03-07
4899,ddimmi96_2024-01-12,k_j_10_22,@k.miokkkkk,2024-03-05
4900,ddimmi96_2024-01-12,lv_baby_o_o,도통을.. 난 뭘로 들은거지 하하 ㅈ..,2024-03-01
4901,ddimmi96_2024-01-12,sarang2704,뭔가 맛있어 보이네요!,2024-02-19
4902,ddimmi96_2024-01-12,so__94___,띠끼띠끼띠끼,2024-02-10
4903,ddimmi96_2024-01-12,fakerloveordie,가루가 백태같기도 ㅋㅋ~,2024-01-20
4904,ddimmi96_2024-01-12,zxrge_j,@ihaeum820 사오지,2024-01-16
4905,ddimmi96_2024-01-12,whyareyousoblue,교토에만 파는 야츠하시랑 비슷할거갗아요 맛이랑 식감이,2024-01-16
4906,ddimmi96_2024-01-12,gyitar1,헉 대만갔다가 오늘왔는데,2024-01-16
4907,ddimmi96_2024-01-12,ciel._.603,그냥 가만히 보고만 있으면 식당가면 주는 물수건 같은데….,2024-01-15
4908,ddimmi96_2024-01-12,podscase.id,🐷,2024-01-15
4909,ddimmi96_2024-01-12,marlley_garden,"브라질에서는 이 음식을 이렇게 부릅니다 ""Tapioca""",2024-01-15
4910,ddimmi96_2024-01-12,mhc_78lv,求肥っぽい感じなのかな〜？ おいしそう！,2024-01-14
4911,ddimmi96_2024-01-12,hi_ming_zeee,@strong_min___ @2_aud._ 이것도 보이면 먹어봐~!!!,2024-01-14
4912,ddimmi96_2024-01-12,misoyul2,수건인줄,2024-01-13
4913,ddimmi96_2024-01-12,sarwin_jafff,,2024-01-13
4914,ddimmi96_2024-01-12,safari_saver,😮,2024-01-13
4915,ddimmi96_2024-01-12,_minkerbell_j,좆도로 들림,2024-01-13
4916,ddimmi96_2024-01-12,feb.strelitzia,すごいローカルスイーツだけど、唐津のけえらんみたい！,2024-01-13
4917,ddimmi96_2024-01-12,dm.clinic_ey,진짜 뭐든 복스럽게 드시는 우리 귀요미님 !! 🤍💛,2024-01-12
4918,ddimmi96_2024-01-12,nyannyan_22222,おしぼりかと思ったw,2024-01-12
4919,ddimmi96_2024-01-12,kray122shin,我怎麼沒看過這個🤣,2024-01-12
4920,ddimmi96_2024-01-12,"好像很好吃
na_ratna96",yummy 😋,2024-01-12
4921,ddimmi96_2024-01-11,s.geegeegee_h,@kiyeon_0000,2024-11-27
4922,ddimmi96_2024-01-11,dayoon.jung_19,저 저거 먹어 봤는데 진짜! 맛있어요.제가 외국에 사는데 거의 맨날 먹거든요❤️❤️,2024-08-13
4923,ddimmi96_2024-01-11,jun_woo_2017,요즘에 너무 이쁘세요,2024-04-22
4924,ddimmi96_2024-01-11,2chaee09,이거 석가가 아니라 sugar apple 또는 custard apple이라고 하고 반으로 나눠어서 숫가락으로 먹으면 더 맛있답니다,2024-03-26
4925,ddimmi96_2024-01-11,ciwawa_1124,@ju__ua 이씨.....먹고왔어야.....,2024-03-15
4926,ddimmi96_2024-01-11,stay_092218325,저거 베트남에서는 저 과육에 베트남 고추를 넣어서 같이 먹는 답니당ㅎㅎ,2024-02-29
4927,ddimmi96_2024-01-11,west.ha523,또 먹고싶다ㅠㅠㅠ이거 짱 맛있어용,2024-02-27
4928,ddimmi96_2024-01-11,choemyeonggeum6,"석가,대만과일",2024-02-20
4929,ddimmi96_2024-01-11,dannnn__2,@j.eun_2 우왕,2024-02-20
4930,ddimmi96_2024-01-11,mg_e__w,@156.2kg @awesomee.li 저런 모양이랑 완전 칸쵸 모양 두개 있데 다른데 설명에선 바나나랑 딸기 섞은 맛이라고 했는데 난 걍 눈 크게 떠질 정도로 맛있었다 밖에 기억 안남,2024-02-06
4931,ddimmi96_2024-01-11,lainey_0226,@l_solyi 너가 말한 거!!!!,2024-01-30
4932,ddimmi96_2024-01-11,qqq_ppp987,@ajdh.119 먹으러 대만 가자,2024-01-30
4933,ddimmi96_2024-01-11,jjung_e0512,@ce_tyyy,2024-01-29
4934,ddimmi96_2024-01-11,in____nii,@lovesome_j 제발 먹어줘유,2024-01-25
4935,ddimmi96_2024-01-11,_seraphic_jin,구매처 어딘가용..,2024-01-23
4936,ddimmi96_2024-01-11,silvia10894,@xxch_o1n 결대로 뽑아먹는거 아니엇나 ㅎ,2024-01-21
4937,ddimmi96_2024-01-11,idenzytaz,"in my country indonesia we call this fruit is srikaya, it's so good",2024-01-20
4938,ddimmi96_2024-01-11,ji_choi1013,ㅋㅋ 달긴한데 맛은 모래 씹히는 맛. 다른거 맛있늨거 많으니 딴과일 드세요~ 그리고 이건 깍아 먹는 과일 아님^^,2024-01-16
4939,ddimmi96_2024-01-11,junior36726,한국에서는 석가 저거안팔음?,2024-01-16
4940,ddimmi96_2024-01-11,ju_jumo,@ju.euun,2024-01-15
4941,ddimmi96_2024-01-11,songyi_0925,이거 어디서 판매하나요?,2024-01-14
4942,ddimmi96_2024-01-11,annacho0319,반 뚝잘라서 숟가락으로 파먹으면 편해요!,2024-01-14
4943,ddimmi96_2024-01-11,iamzerosecond,@iamxxiuking 내가 태국에서 맛있게 먹었다고 했건 과일 슈가애플!!!!,2024-01-14
4944,ddimmi96_2024-01-11,a____a.j,@kwchannnnn,2024-01-13
4945,ddimmi96_2024-01-11,16_00_pm,@aaaaakky__ 이거 그때 우리 먹었던거 아니냐,2024-01-13
4946,ddimmi96_2024-01-11,you_lovely_and_love_you,새콤한 맛도 좀 나는 과일을 좋아하시면 그냥석가 말고 파인애플석가 드샤보시용,2024-01-13
4947,ddimmi96_2024-01-11,_ladyminso,이거 상한거 아닌가 싶을정도로 시커멓고 얼룩덜룩할때 먹는게 제일 달아요 ㅋㅋ설탕이 설컹설컹 씹히는 느낌ㅋㅋ,2024-01-13
4948,ddimmi96_2024-01-11,eunji_gram_,@stone__b.jun 혹시 대만 안가?,2024-01-12
4949,ddimmi96_2024-01-11,dlscjs3,@bobbobob030 박연주가 먹은거!,2024-01-12
4950,ddimmi96_2024-01-11,yoixxnm,진짜 맛있는데...,2024-01-12
4951,ddimmi96_2024-01-11,ej_y0810,T모드발동하자면 세계에서 제일 단 과일은 대추야자입니다.(대추야자 60brix/석가 대략30brix),2024-01-12
4952,ddimmi96_2024-01-11,bryan_._oh,배맛나는잴리식감의 과육 ㅋㅋ전 한국에서 먹었습니다. 작년부터는 한국에서 팔더라구요,2024-01-12
4953,ddimmi96_2024-01-11,1018._.jy,@yeeeeah_one_ 너...무...달던...그것.... 씨앗이 .. 징그럽던.. 그것..,2024-01-12
4954,ddimmi96_2024-01-11,hyein4248,이거 배맛나던데용ㅎㅎ 흐물흐물ㅎㅎ 먹을만했어요,2024-01-12
4955,ddimmi96_2024-01-11,_m2rae_,@_hyuuuuuck 대만가면 흥정해줘,2024-01-12
4956,ddimmi96_2024-01-11,always_my_time88,可愛い貴女様がスキ❤️,2024-01-11
4957,ddimmi96_2024-01-11,hanna.tran09,"It is a Vietnamese custard apple, we call "" quả na""",2024-01-11
4958,ddimmi96_2024-01-11,yuhiro0o,두근두근 …..,2024-01-11
4959,ddimmi96_2024-01-05,bagbageunha85,엽떡에 1000만원치 쏟은 언니한테 먹뱉?,2024-07-21
4960,ddimmi96_2024-01-05,coaiscrm_,엽떡을 뱉을수도있나,2024-03-30
4961,ddimmi96_2024-01-05,e0.x1n,ㅇㄴ 떡볶이 먹뱉 어케 함,2024-03-22
4962,ddimmi96_2024-01-05,sk_fc_vi,맛있는 음식을 먹뱉하는거부터가....,2024-03-22
4963,ddimmi96_2024-01-05,kkw_0609,근데 궁금해서 그러는데 저 맛있는 음식들을 왜 먹고 굳이 뱉는거임..?,2024-03-21
4964,ddimmi96_2024-01-05,jeno._.o81,띠미언니 잘 모르나보네 이언니가 엽떡을 얼마나 사랑하는데 먹뱉을 왜해!!,2024-03-21
4965,ddimmi96_2024-01-05,ijua449,맛있겠다 침 줄줄 흐르넴,2024-03-15
4966,ddimmi96_2024-01-05,beomf.jsh,저런 금쪽이들..이악플러,2024-02-28
4967,ddimmi96_2024-01-05,beomf.jsh,할일이 얼마나 없길래,2024-02-28
4968,ddimmi96_2024-01-05,beomf.jsh,얼마나 정이로우신 분인데 저런 악플을 다냐.. 얼마나 할신,2024-02-28
4969,ddimmi96_2024-01-05,seou_gogo,먹뱉 아닌거 같은데,2024-02-26
4970,ddimmi96_2024-01-05,pops.jiny21,그리고먹뱉했다해도상관없지않음?뭔상관임사과하는사람도이해가안됨,2024-02-11
4971,ddimmi96_2024-01-05,pops.jiny21,그리고먹뱉했다해도상관없지않음?뭔상관임사과하는사람도이해가안됨,2024-02-11
4972,ddimmi96_2024-01-05,ksy._.o10,맛있는건데 왜 먹뱉을 하겠냐고 애초에,2024-01-29
4973,ddimmi96_2024-01-05,wxlc.zxk,애ㅜㅇㄷ ㅏㅐ 채ㅡㅁ ㅂㅕㄷ ㅡㄷ ㅇㅁ ㅗ므ㅠㄱㄷ 😅,2024-01-17
4974,ddimmi96_2024-01-05,hyewon7327,솔직히 먹뱉을하던말던 뭔참견이지.. 그냥 꼬우면 보지말던가.. ;,2024-01-14
4975,ddimmi96_2024-01-05,h6.jwo,눈 겁나 커지는거 개웃기네 ㅋㅋ,2024-01-12
4976,ddimmi96_2024-01-05,l.deh_,ㅋㅋㅋㅋㅋ 악풍만 사람들 아무말 못하쥬 ㅋㅋㅋ 당황했쥬,2024-01-10
4977,ddimmi96_2024-01-05,princexism,전 제발 먹뱉했으면 좋겠어요 엽떡 신전은 못멈춰 진짜 ~~~~~~,2024-01-10
4978,ddimmi96_2024-01-05,kristina911._,Можно с переводом на русский очень интересно что вы говорите и пишите,2024-01-10
4979,ddimmi96_2024-01-05,yun._.jxx_12,언니 보니깐 밥먹고 있는데도 배고프잖아 ㅋㅋㅋ,2024-01-09
4980,ddimmi96_2024-01-05,hhhe_888,"설사 먹뱉해도 어쨌다고 참,,",2024-01-09
4981,ddimmi96_2024-01-05,s.ong_,@p.seoa 이거봐서그래,2024-01-08
4982,ddimmi96_2024-01-05,kilixzc,이언니는 엽떡 먹을때 표정이 진짜 세상 태어나서 처음 먹어본것 처럼 엽떡을 먹어..,2024-01-08
4983,ddimmi96_2024-01-05,s.yoon0816,머억뱉 머어어어뱉?? 언니가 왜 먹뱉을해,2024-01-08
4984,ddimmi96_2024-01-05,yyj_mommy1984,치즈 늘어나는거 보고 진짜...😂이성을 잃을 뻔... 맛있으셨나여😍,2024-01-08
4985,ddimmi96_2024-01-05,gimhyo782,먹뱉? 언니는 맛있게 냠남 해주시는데😢,2024-01-08
4986,ddimmi96_2024-01-05,ryhem_.x0,날씬하고 잘드시니까 존나 찌질한 열등감때문에 저러는거 진짜 개찌질해보인다는 거만 알고있기를...,2024-01-08
4987,ddimmi96_2024-01-05,imseongi8952,풀영상 아니고 편집으로 보니깐 그런 의심 할수도,2024-01-08
4988,ddimmi96_2024-01-05,ikka__chuu,진짜 유튜버도 힘들겠다 ㅠㅠㅠ,2024-01-07
4989,ddimmi96_2024-01-05,gqyv1_,먹뱉...?? 하고싶어요..,2024-01-07
4990,ddimmi96_2024-01-05,1lmarz,ㅋ,2024-01-07
4991,ddimmi96_2024-01-05,1lmarz,ㅌ,2024-01-07
4992,ddimmi96_2024-01-05,antaein0329,저 맛있는걸 어케 먹뱉하노,2024-01-07
4993,ddimmi96_2024-01-05,yasu11670,근데 진짜 깔끔하게 잘드신다 입가에 묻는게 없네,2024-01-07
4994,ddimmi96_2024-01-05,ux.b1n9,세상에나 띠미언니 먹뱉은 상상도 해본적없는데 ㅋㅋ,2024-01-07
4995,ddimmi96_2024-01-05,yeonjun365day,먹벹이라 한사람들 개같은 사람 툽,2024-01-07
4996,ddimmi96_2024-01-05,hororong000,이사람은 복희가 아니야,2024-01-07
4997,ddimmi96_2024-01-05,warawanaiyo,우리 언니 음식 갖고 장난치는 그런 사람 아닙니다. 저 행복해하는 표정을 보십쇼,2024-01-07
4998,ddimmi96_2024-01-05,choi_hyun_tae16,새벽에 보는데 맛있겠다..,2024-01-07
4999,ddimmi96_2024-01-05,92_dilution,먹뱉을 했다면 얼굴이 더 갸름했겠지요 으이구 악플러놈들,2024-01-07
5000,ddimmi96_2024-01-05,lovely1oo24,우리 댕댕이 두유도 먹뱉해요,2024-01-06
5001,ddimmi96_2024-01-05,ganghaeyu08,띠미님은 다 먹을거 같아요,2024-01-06
5002,ddimmi96_2024-01-05,g.w._.53,근데 많이 안먹는 사람이 먹뱉하면 뭔이득임?,2024-01-06
5003,ddimmi96_2024-01-05,cxano0_,솔직히 먹뱉이 무슨 잘못이지 자기 돈 주고 사먹고 뭐 보태준거 있나 잘못 있다 해도 자기들이 신경쓸 일은 아닌거 같다,2024-01-06
5004,ddimmi96_2024-01-05,h._b1t_,솔직히 한국인인데 저정도는 다 먹을수 잊지 않나? 저리 맛있는것을 어찌 먹뱉을 할꼬…,2024-01-06
5005,ddimmi96_2024-01-05,_hxyge,야무지게 묵네,2024-01-06
5006,ddimmi96_2024-01-05,sx._ie_,ㅅㅂ 언년이냐 먹뱉 이지랄,2024-01-06
5007,ddimmi96_2024-01-05,ij_sg11,이분이 엽떡사고 남기실분 같니?,2024-01-06
5008,ddimmi96_2024-01-05,s0.6ix,먹뱉이고 뭐고 개맛있겠다,2024-01-06
5009,ddimmi96_2024-01-05,_str4wbear_,저런 댓 다는 새끼들 저정도의 3배양은 쳐먹는 개 돼지일듯,2024-01-06
5010,ddimmi96_2024-01-05,r1xu_12,엽떡 맛있어서 먹뱉 못허는데,2024-01-06
5011,ddimmi96_2024-01-05,s_eoyy._,띠미님은 맛잇는거 다 드셔… 내가 몇년 전 부터 봐ㅛ는대ㅠㅠㅠㅠㅠㅠ,2024-01-06
5012,ddimmi96_2024-01-05,zlawowns1105,저 맛있는걸 먹뱉을하겠냐 생각을좀해라,2024-01-06
5013,ddimmi96_2024-01-05,ss_uu_n,야무지게 묵네,2024-01-06
5014,ddimmi96_2024-01-05,slp_non,진짜 똥도 무시할 사람들이다,2024-01-06
5015,ddimmi96_2024-01-05,werla7731,아니 생각을 해봐라 이렇게 맛있는 떡볶이를 왜 뱉냐구,2024-01-06
5016,ddimmi96_2024-01-05,bit_chs,먹방러한테 항상 먹뱉이래 ㅋㅋㅋㅋ 징하다 붕신들,2024-01-06
5017,ddimmi96_2024-01-05,x.x.x.x.xx.xx.xx.xx,엽떡은 띠미님의 최애 메뉴인데 먹뱉논란 무엇ㅋㅋㅋㅋㅋㅋㅋ 진짜 말도안됨. 띠알못들이다;;,2024-01-06
5018,ddimmi96_2024-01-05,always_my_time88,やっぱりチーズ꒰* ॢꈍ◡ꈍ ॢ꒱.*˚‧,2024-01-05
5019,ddimmi96_2024-01-05,jsh.___.0812,누가 먹뱉이래!! 확씨🤬,2024-01-05
5020,ddimmi96_2024-01-05,mrdhsw_92,엽떡솔직히 먹뱉 힘듬 ㅎ 맛잇어섴ㅋㅋㅋㅋㅋㅋㅋㅌㅌㅋㅋ,2024-01-05
5021,ddimmi96_2024-01-05,dm.clinic_ey,"이렇게 사랑스럽게 잘먹는데,, 먹뱉이라니 😂 누가 우리 띠미님 질투하나봐요 🤭 웃치해버리세요. #웃고치우자",2024-01-05
5022,ddimmi96_2024-01-05,zenoworld,아니 이 맛잇는걸 왜 뱉냐구요 진짜😂,2024-01-05
5023,ddimmi96_2024-01-05,what.s.after_like,라이브에서 엽떡 드신 적도 많은 거로 알고 있는데 무슨.. ㅋㅋㅋ 애초에 엽떡진심녀한테 쓸모없는 의심이네욥ㅋㅋ,2024-01-05
5024,ddimmi96_2024-01-05,seojaeduk,진짜 말도 안되는 의혹을 붙이는;;;🥲😭,2024-01-05
5025,ddimmi96_2024-01-05,sxom__y,띠미님한테 먹뱉논란생긴거 자체가 컨텐츠거리임 ㅋㅋㅋㅋㅋㅋ,2024-01-05
5026,ddimmi96_2024-01-05,yuhiro0o,내가 무찌르고 올게,2024-01-05
5027,ddimmi96_2024-01-05,doctor_fish03,언니는 졸대 먹뱉할사람이 아냐..먹는모습이 넘귀여워오ㅜㅜㅜㅜ❤️❤️,2024-01-05
5028,ddimmi96_2024-01-05,pairy__,누가 먹뱉이래ㅡㅡ,2024-01-05
5029,ddimmi96_2024-01-05,ga.hee_1002,먹뱉?? 무슨 말같지두 않은소리야 ㅠ 엉니는 맛잇게 냠냠하구 일도 열심히 하는 부지런 이띠미라구!!!,2024-01-05
5030,ddimmi96_2024-01-05,"그나저나 엽떡 개맛잇어보임
_hani.mom",토닥토닥,2024-01-05
5031,ddimmi96_2024-01-05,_hani.mom,😢...,2024-01-05
5032,ddimmi96_2024-01-02,xssyan_,롤케잌 너무 맛있어 보인당😊😊,2024-12-21
5033,ddimmi96_2024-01-02,gimahyeon6912,저렇게 먹어도 살 안찌는 언니 넘 존경♡♡,2024-06-07
5034,ddimmi96_2024-01-02,amal_zawin,😍👏❤️,2024-03-24
5035,ddimmi96_2024-01-02,sirinesirinech,So cute❤️,2024-03-23
5036,ddimmi96_2024-01-02,thel0ve.vaa,Pliss gua ga ngerti bahasa apaan dah inii😭😭😭🗿,2024-03-22
5037,ddimmi96_2024-01-02,sung.sa.922,매우 맛있어 보인다😸,2024-03-17
5038,ddimmi96_2024-01-02,skywlar_,너 너무 귀여워 😻,2024-03-03
5039,ddimmi96_2024-01-02,___sadia.___.butt_,My fav,2024-01-23
5040,ddimmi96_2024-01-02,_luvcoco__,얼굴 신기하게 생겻어,2024-01-16
5041,ddimmi96_2024-01-02,podscase.id,🐽🐽🐽,2024-01-15
5042,ddimmi96_2024-01-02,sdafsadf123,띠미님 보려왔습니다 오늘 하루도 화이팅 하세요,2024-01-13
5043,ddimmi96_2024-01-02,ijiyu288,❤️❤️,2024-01-11
5044,ddimmi96_2024-01-02,mannietfe,@_babeboooo_ 먹고싶다,2024-01-10
5045,ddimmi96_2024-01-02,iancxvi,She doesn't even eat them!!!,2024-01-08
5046,ddimmi96_2024-01-02,gangyuna785,엉니는 먹는것도 이뻐,2024-01-07
5047,ddimmi96_2024-01-02,sunkim100,😍,2024-01-04
5048,ddimmi96_2024-01-02,klmheejae,우와 ~~ㄹ,2024-01-02
5049,ddimmi96_2024-01-02,_hnaa__s2,@dunaaaaa__ 저거 무지개빵 블레스롤임 사오셈,2024-01-02
5050,ddimmi96_2024-01-02,dm.clinic_ey,취저입니다아♥️🧡💛💚💙💜,2024-01-02
5051,ddimmi96_2024-01-02,always_my_time88,いつも ありがとう 항상,2024-01-02
5052,ddimmi96_2024-01-02,ziwer04,맛나겠닫,2024-01-05
5053,ddimmi96_2024-01-01,s._bin.1205,엄청맛있겠드신다❤️,2024-06-14
5054,ddimmi96_2024-01-01,jy.garden,와..굿굿,2024-03-24
5055,ddimmi96_2024-01-01,nmk_7351,美味しいそう,2024-03-18
5056,ddimmi96_2024-01-01,spring_ohh,입 안에 있는거 가린것 좀 봐ㅠ 언니 센스쟁이🙌,2024-02-28
5057,ddimmi96_2024-01-01,mx1.eo29,맜있겠당ㅠㅠ,2024-02-03
5058,ddimmi96_2024-01-01,syrlovely1004,샤인머스켓처음볼때한알먹은것같당,2024-01-20
5059,ddimmi96_2024-01-01,always_my_time88,可愛い,2024-01-02
5060,ddimmi96_2024-01-01,kosoomin_11,언니 머리카락에..,2024-01-02
5061,ddimmi96_2024-01-01,rss._1121,すごく美味しそう！,2024-01-01
5062,ddimmi96_2024-01-01,ddimmi96,新年、明けましておめでとうございます🎉 いつも私の映像を楽しんでいただきありがとうございます💝 2024年もよろしくお願いします🥰,2024-01-01
5063,ddimmi96_2024-01-01,ddimmi96,Happy New Year🎉 Thank you for always enjoying my videos💝 I look forward to your kind cooperation in 2024🥰,2024-01-01
5064,ddimmi96_2024-01-01,ddimmi96,"띰띰이들 2024 새해 복 왕창 많이 많이받으세요!! 2024도 잘 부탁드려요💝💝
하시는 일 대박대박 나실 바라요 알라뷰😚💋💋💋",2024-01-01
5065,ddimmi96_2023-12-31,all._.silver,첫번째 하몽에 감싸진 치즈 엄청 짜요ㅇ,2024-06-27
5066,ddimmi96_2023-12-31,mxseo_725,뭔가 길게 반으로 자르고 얇게 자르면 버섯 같이 겉은 갈색이고 안은 베이지색?인 길고 동그란 치즈 있는데 한번만 드셔보세요..❤️ 샌드위치에 넣어먹으면 진쩌 미춌습니다😢❤️,2024-06-26
5067,ddimmi96_2023-12-31,hhwaminn,냅다 우웅?조아해 하는거 존귀..,2024-06-10
5068,ddimmi96_2023-12-31,hissing860305,치즈 이름좀 알려주세요,2024-03-26
5069,ddimmi96_2023-12-31,snnnin.eoeo,저거 초록색 판에 있는 치즈들 빨간 판 버전도 있는데 두개 다 맛있어요,2024-02-22
5070,ddimmi96_2023-12-31,no._bull,리액션 좆같네,2024-02-19
5071,ddimmi96_2023-12-31,o.ok.k.o,마지막 치즈 맛있고 전 주로 와인이랑 같이 먹ㅇㅓ요 ㅎㅎ,2024-02-19
5072,ddimmi96_2023-12-31,gkdisskfk0323,마지막꺼 겁나맛있음,2024-02-19
5073,ddimmi96_2023-12-31,jeyaoij,마지막 과일치즈 또띠아에 발라서 카레에 찍어 먹어보세요! 맛있어용!,2024-02-07
5074,ddimmi96_2023-12-31,10ws1lv2r,나도 치즈..,2024-01-18
5075,ddimmi96_2023-12-31,podscase.id,so gross 🤢 🤮,2024-01-15
5076,ddimmi96_2023-12-31,keam_92,@eu_nong_ee 님 가능 ...?,2024-01-14
5077,ddimmi96_2023-12-31,y_kko.9_m,@92_0102c ㅋㅋㅋㅋㅌㅌ 아니… 3번째 치즈 어느부분이 귀여운 포인트야?..,2024-01-12
5078,ddimmi96_2023-12-31,ijiyu288,나 치즈 싫어하는데 왜케 맛있어 보이냐......,2024-01-11
5079,ddimmi96_2023-12-31,k_.eeun,흐헝 내 사랑 치즈 …. 🧀 💛🧀,2024-01-09
5080,ddimmi96_2023-12-31,shibouleul_nom,누가 camembert 저렇게 먹어 ㅠㅠ,2024-01-05
5081,ddimmi96_2023-12-31,alyrosezanmar,ウァｔ????,2024-01-03
5082,ddimmi96_2023-12-31,klmheejae,맛있겠네요?,2024-01-02
5083,ddimmi96_2023-12-31,j__rufina,립 뭐에요?!?! 먹어도 안지워지는 립!!😮,2024-01-02
5084,ddimmi96_2023-12-31,hyxxun._.7,마지막 치즈 참크래커 같은 과자랑 먹으면 맛있어요!!,2024-01-02
5085,ddimmi96_2023-12-31,dbstndus189,마지막 2개는 우리 집에 있는데ㅋㅋ,2024-01-02
5086,ddimmi96_2023-12-31,namyumi88,헐 마지막 치즈 이름이 뭐에용~?,2024-01-02
5087,ddimmi96_2023-12-31,dm.clinic_ey,최고오오😍😍😍,2023-12-31
5088,ddimmi96_2023-12-31,dm.clinic_ey,ㅋㅋㅋ 치즈마저 넘 사랑스럽게 먹는 띠미💛♥️,2023-12-31
5089,ddimmi96_2023-12-31,rami__0216,가격들이 비싸긴한데 저도 치즈 처돌이다보니 계속 떠오르게 되더라구요! 특히 마지막은 맛도 다양하게 있어서 견과류 뿌리고 꿀 살짝 둘러서 먹으면 맛있어요!,2023-12-31
5090,ddimmi96_2023-12-31,seojaeduk,오와아ㅏ 치즈모음…😍,2023-12-31
5091,ddimmi96_2023-12-31,always_my_time88,치즈 가 좋아요,2023-12-31
5092,ddimmi96_2023-12-31,always_my_time88,지즈 좋아,2023-12-31
5093,ddimmi96_2023-12-30,gimdaeun9888,공차신매뉴나왔어요!!!,2025-02-04
5094,ddimmi96_2023-12-30,md_js._.1130,수제비는요?,2024-12-25
5095,ddimmi96_2023-12-30,iseunga_luna,아무리 봐도 뽀구미같은뎅,2024-04-17
5096,ddimmi96_2023-12-30,swanerson,What’s the cheese box thingy call?,2024-03-28
5097,ddimmi96_2023-12-30,emilie.in.855,@sl_up_ تعذبي معايا,2024-03-28
5098,ddimmi96_2023-12-30,zatanna.76,احترمي الصايمين,2024-03-26
5099,ddimmi96_2023-12-30,sirinesirinech,맛있는🤤🤤,2024-03-26
5100,ddimmi96_2023-12-30,gabriell2w_,Cadê os soldados do Brasil🇧🇷🇧🇷,2024-03-26
5101,ddimmi96_2023-12-30,lyna._313,لييييششش فييي رمضااانننن,2024-03-25
5102,ddimmi96_2023-12-30,ahlam_16w,Laaaaa ramadan🥵😡🤬👊,2024-03-24
5103,ddimmi96_2023-12-30,jaang6912,,2024-03-24
5104,ddimmi96_2023-12-30,im.tii_9,@0cinn.__,2024-03-24
5105,ddimmi96_2023-12-30,l_f_l_w_d_m_s_y,@kim_bichou_7556 @bishr_xt8,2024-03-22
5106,ddimmi96_2023-12-30,l_f_l_w_d_m_s_y,على طول تطلع لي فيديوهات هيك برمضان بس لييييييه,2024-03-22
5107,ddimmi96_2023-12-30,blu3berry_0723,Aren't you supposed to mix it ??,2024-03-20
5108,ddimmi96_2023-12-30,_chihiro.oo,She eating cheese for the first time it seems,2024-03-19
5109,ddimmi96_2023-12-30,zhraykaaz,@fai.xxy whaaaaahh,2024-03-19
5110,ddimmi96_2023-12-30,dhawadi_mariem,رمضااااااااااااااااااااااااااااااااااااااااااان,2024-03-19
5111,ddimmi96_2023-12-30,sainaxcr_.zz,ของโปรด 🥲😭,2024-03-18
5112,ddimmi96_2023-12-30,nedenolmuyormuskine,Piçç,2024-03-18
5113,ddimmi96_2023-12-30,havra.osman,نحن برمضان ها 😂😂,2024-03-18
5114,ddimmi96_2023-12-30,oslin1_,71주답글 달기,2024-03-18
5115,ddimmi96_2023-12-30,ditebogoomoshy,❤️❤️,2024-03-17
5116,ddimmi96_2023-12-30,beca_565675,🤤🤤🤤🤤🤤,2024-03-17
5117,ddimmi96_2023-12-30,3amtk_riyalia,"In Ramadan, in Ramadan",2024-03-17
5118,ddimmi96_2023-12-30,its._____soula,ليش ليييش برمضااان,2024-03-17
5119,ddimmi96_2023-12-30,marwa0907200,😢😢😢😢,2024-03-17
5120,ddimmi96_2023-12-30,ra_2011_es,في رمضان!🔪,2024-03-16
5121,ddimmi96_2023-12-30,x_iil_770,ف رمضاااااان💔🙂..!؟,2024-03-16
5122,ddimmi96_2023-12-30,haleema_arif_chaudhary,Why my feed is like this I am fasting yar,2024-03-16
5123,ddimmi96_2023-12-30,livereaction24,Hmmm idk watching these made me try and the texture was not for me at all,2024-03-15
5124,ddimmi96_2023-12-30,melyyssa_mk,صحا رمضانكم 😢,2024-03-15
5125,ddimmi96_2023-12-30,anya__ry_,في رمضان في رمضان 😢,2024-03-15
5126,ddimmi96_2023-12-30,abdllah_7645,برمضان 😢,2024-03-15
5127,ddimmi96_2023-12-30,ry.tj8392,😢,2024-03-15
5128,ddimmi96_2023-12-30,raaemoun,godaan di bukan puasa😇🙏🏻,2024-03-15
5129,ddimmi96_2023-12-30,_xhrissalvad0r_,как называется еда?,2024-03-15
5130,ddimmi96_2023-12-30,bahar_haruki,R.I.P YOUR LIVER AFTER EATING THAT MUCH CHEESE😭,2024-03-15
5131,ddimmi96_2023-12-30,_inaaa_z,Bruh this reels come only during RAMADAN 😩,2024-03-15
5132,ddimmi96_2023-12-30,gomesyasmin0804,Isso é queijo?,2024-03-15
5133,ddimmi96_2023-12-30,sham.smode,في رمضان,2024-03-15
5134,ddimmi96_2023-12-30,ecrnsw2,She just eat cheese,2024-03-14
5135,ddimmi96_2023-12-30,chl.safaa,I saw it after iftar😎,2024-03-14
5136,ddimmi96_2023-12-30,__yaaagmurunuz__,Abla küfür etme ayıp oluyo,2024-03-14
5137,ddimmi96_2023-12-30,mohana1nia,정말 맛있어요,2024-03-14
5138,ddimmi96_2023-12-30,tima.4370,الله ريتوا سم الهاري😢,2024-03-13
5139,ddimmi96_2023-12-30,cuddiles_09,Мои реки во время Рамадана🗿😂,2024-03-13
5140,ddimmi96_2023-12-30,aisyhqll,@fuckk_brx.166 nyam,2024-03-13
5141,ddimmi96_2023-12-30,saeyoung__fg,Они патом это рыгают......,2024-03-13
5142,ddimmi96_2023-12-30,kkkyyyllleeeisme,How did you survive after eating that much cheeze😮,2024-03-13
5143,ddimmi96_2023-12-30,farah_vmr228,نبذه عن الفيديوهات اللي بتطلعلي وانا صايمه:,2024-03-13
5144,ddimmi96_2023-12-30,busss_nz_tkd,Oruçluyken keşfetim...,2024-03-13
5145,ddimmi96_2023-12-30,roxen_bk,يعني حتى لحق رمضان باش وليتو تخرجولي!!!!!!!,2024-03-13
5146,ddimmi96_2023-12-30,xsliolyu,برمضااانن!!!,2024-03-13
5147,ddimmi96_2023-12-30,12.1907fb,Ramazanda keşfet 😨,2024-03-13
5148,ddimmi96_2023-12-30,jenne59.5,جعت,2024-03-12
5149,ddimmi96_2023-12-30,ansam.407,بتيجيلي الفيديوهات و انا صائمة🥲,2024-03-11
5150,ddimmi96_2023-12-30,fixx0n__,she nutted at the beginning fs,2024-03-10
5151,ddimmi96_2023-12-30,jana_nawareg236,الانستا بيعمل بروفا لرمضان,2024-03-09
5152,ddimmi96_2023-12-30,mnzaja6,كانها قالت ميدزي😭😭,2024-03-09
5153,ddimmi96_2023-12-30,minjkl_,Bunu kime gondermis olabilirler amk,2024-03-08
5154,ddimmi96_2023-12-30,liberosis.gin,@gxpyt_,2024-03-06
5155,ddimmi96_2023-12-30,m1nqle,It's just cheese what you yapping about 💀,2024-03-06
5156,ddimmi96_2023-12-30,hin_6ta,تشبه دودوهي,2024-03-02
5157,ddimmi96_2023-12-30,kartalll.busra35,Abe rol içinesin,2024-02-29
5158,ddimmi96_2023-12-30,cicieiei_34,😮,2024-02-28
5159,ddimmi96_2023-12-30,hapepa.hassan,انا صاااااااااااااااايمه,2024-02-25
5160,ddimmi96_2023-12-30,ervaaskomdurrxcvz,Abla orucluyum-,2024-02-24
5161,ddimmi96_2023-12-30,anasejc,I love cheese,2024-02-19
5162,ddimmi96_2023-12-30,w.xhiranehir,치즈 맛있어요 🤤,2024-02-15
5163,ddimmi96_2023-12-30,23claire_bear,✨Constipation✨,2024-02-14
5164,ddimmi96_2023-12-30,maria_rae11y,😂😂😂😂,2024-02-11
5165,ddimmi96_2023-12-30,nyangnyanggongju,아 먹고싶다ㅠㅠ,2024-02-08
5166,ddimmi96_2023-12-30,katy__mass,😍😍😍,2024-02-06
5167,ddimmi96_2023-12-30,y_hyun__s,@_siyoni 응떡 먹고싶아,2024-02-04
5168,ddimmi96_2023-12-30,diilloooossss,cok mu tatli🥺,2024-01-30
5169,ddimmi96_2023-12-30,telltorhino,"몇 년 동안 배고픈 상태였나요, 언니, 하하하",2024-01-30
5170,ddimmi96_2023-12-30,real.laura12,🧀🍱,2024-01-27
5171,ddimmi96_2023-12-30,real.laura12,정말 맛있다,2024-01-27
5172,ddimmi96_2023-12-30,celik_miraca,Abla pic mic adam ol,2024-01-24
5173,ddimmi96_2023-12-30,carllysgraterol,Como se llama ese platillo ?,2024-01-23
5174,ddimmi96_2023-12-30,daon_ononon,넘맛있겡석는당!,2024-01-20
5175,ddimmi96_2023-12-30,daon_ononon,부리워요,2024-01-20
5176,ddimmi96_2023-12-30,bubvlies,it's like seblak in indonesia haha,2024-01-16
5177,ddimmi96_2023-12-30,guojiaqi138,有这么夸张吗😮,2024-01-15
5178,ddimmi96_2023-12-30,klurshy,try to swallow....,2024-01-14
5179,ddimmi96_2023-12-30,heona_lx,✨✨بتشنن✨✨,2024-01-14
5180,ddimmi96_2023-12-30,cherrykim5499,치즈크게먹을때 납작분모자인줄ㅋㅋ,2024-01-13
5181,ddimmi96_2023-12-30,idk_v.a,葱末偶尔嗯なや 母茶时calori爱上思念苏比如的怕饿死哦？😭,2024-01-10
5182,ddimmi96_2023-12-30,pinkyy_2446,81주답글 달기,2024-01-10
5183,ddimmi96_2023-12-30,"번역 보기
izinglaura",PLS follow me 🥺🥺🥺,2024-01-06
5184,ddimmi96_2023-12-30,r1xu_12,내것도 사줘!ㅎㅎ,2024-01-06
5185,ddimmi96_2023-12-30,zynz_cute_123,나는 그것을 너무 갈망한다 😍,2024-01-06
5186,ddimmi96_2023-12-30,en_7hp,عافيه جعله عااافيييهه,2024-01-06
5187,ddimmi96_2023-12-30,marce_pxxn,😍😍😍😍😍😍,2024-01-06
5188,ddimmi96_2023-12-30,yunjia757,치즈랑.떡.같이 먹을 생각은 없는지^^,2024-01-06
5189,ddimmi96_2023-12-30,r0cksub,Çakacan ağzına bi tane aq,2024-01-06
5190,ddimmi96_2023-12-30,yor.2020,پیک می,2024-01-06
5191,ddimmi96_2023-12-30,b5tjjb,جعت,2024-01-06
5192,ddimmi96_2023-12-30,kai_cuddles,she acts like a millennial,2024-01-06
5193,ddimmi96_2023-12-28,neko_muks,THE CRINGIEST GIRL ALIVE😭,2023-12-30
5194,ddimmi96_2023-12-28,dm.clinic_ey,띠미님은 너무 귀여우셔서 영상을 그냥 ☺️하면허 보게 되용 ㅋㅋ 친구님이 띠미님 건강까지 생각한 케이크 찰떡쿵 💛,2023-12-28
5195,ddimmi96_2023-12-28,jeon_unni_,냥냥 마시께따💋,2023-12-28
5196,ddimmi96_2023-12-28,ongsuzn,인간 뮤뮤 이띰희,2023-12-28
5197,ddimmi96_2023-12-28,wwwnnsss,나에게 매우매우 고마워하렴🕺,2023-12-28
5198,ddimmi96_2023-12-28,jj_l.ol,❤️❤️❤️,2023-12-28
5199,ddimmi96_2023-12-25,dayoon.jung_19,비스킷에 초콜릿이랑 마시멜로 같이 먹으면 더 맛있어요!,2024-08-13
5200,ddimmi96_2023-12-25,jungseryeong,🥰,2024-06-06
5201,ddimmi96_2023-12-25,1ul.mx,보기만 해도 단맛이…,2024-02-29
5202,ddimmi96_2023-12-25,9646hala,🤤🤤,2024-01-03
5203,ddimmi96_2023-12-25,nayzareth90,Ahí pero que rico 😋 🥺saludos des de Panamá 🇵🇦❤️,2023-12-30
5204,ddimmi96_2023-12-25,mrdhsw_92,대만음식 ㅋㅋㅋㅋㅋ,2023-12-27
5205,ddimmi96_2023-12-25,mamyvell,Merry Christmas ddimmi🎅🎅🌲🌲,2023-12-25
5206,ddimmi96_2023-12-25,seojaeduk,메리 크리스마스^^🎄,2023-12-25
5207,ddimmi96_2023-12-25,ddimmi96,여러분들 메리 크리스마스🎅🏻💝💝💝,2023-12-25
5208,ddimmi96_2023-12-24,cyankim_,🎄🌲🎅☃️🌨️☃️❄️,2023-12-25
5209,ddimmi96_2023-12-24,1violuet_,❤️❤️❤️❤️❤️❤️❤️ I love it,2023-12-25
5210,ddimmi96_2023-12-23,gimahyeon6912,오모 저거 맛 없는거 어뜨케 먹을라구 언니!,2024-06-07
5211,ddimmi96_2023-12-23,ggoiihm,👏👏,2024-04-12
5212,ddimmi96_2023-12-23,ggoiihm,🔥😍🔥🔥,2024-04-12
5213,ddimmi96_2023-12-23,ggoiihm,❤️❤️❤️,2024-04-12
5214,ddimmi96_2023-12-23,ggoiihm,우왕!!!!!!!,2024-04-12
5215,ddimmi96_2023-12-23,kirin_makeup,양갱맛 개끌린다,2023-12-23
5216,ddimmi96_2023-12-23,brave97s,오렌지 젤리 맛있겠당 먹어봐야징😍 안닌도후는 무슨 맛인지 모르겠어 넘 씁쓸한ㅠㅠ,2023-12-23
5217,ddimmi96_2023-12-23,wwoww_b,와ㅏㅏㅏㅏㅏ 교무슈퍼푸딩 파는곳 찾앗다ㅠㅠㅠ,2023-12-23
5218,ddimmi96_2023-12-23,ryungggeee__,사실 1탄 보고 바로 사서 먹었어요!!!!!!😍,2023-12-23
5219,ddimmi96_2023-12-23,das00l_0417,언니는 맨날 먹방 할때마다 맛잇게 먹어서 보기 조아❤️😍,2023-12-23
5220,ddimmi96_2023-12-23,ddimmi96,"✨판매처 정보✨: 일본직구쇼핑몰 엔핍에서 제품 제공을 받았습니다!
링크👉🏻 www.nppip.com
@nppip_japan",2023-12-23
5221,ddimmi96_2023-12-17,_k0327_,예쁘네요저도먹고신어요❤️,2024-07-09
5222,ddimmi96_2023-12-17,seo_yun_0717,학원에서 선물로 받은 사탕ㅋㅋㅋㅋ,2024-01-13
5223,ddimmi96_2023-12-17,dm.clinic_ey,"진짜,, 넘 귀여우시다 …😍",2023-12-20
5224,ddimmi96_2023-12-17,whalsgh90,와.. 맞네 귀여워,2023-12-17
5225,ddimmi96_2023-12-17,hayleyluv7,@yangjeewon 양지야 이거야 ㅋㅋㅋㅋㅋ 코스트코에서 사온겈ㅋㅋㅋㅋ,2023-12-17
5226,ddimmi96_2023-12-17,s_hy42,저거 집에 있는데!,2023-12-17
5227,ddimmi96_2023-12-17,seojaeduk,크리스마스 간식😮,2023-12-17
5228,ddimmi96_2023-12-17,ddimmi96,판매처는 코스트코입니당 🎅🏻🎄!!,2023-12-17
5229,ddimmi96_2023-12-17,sarwin_jafff,❤️❤️❤️❤️❤️,2023-12-17
5230,ddimmi96_2023-12-15,agathas__,🔥,2023-12-23
5231,ddimmi96_2023-12-15,onlyain842,"입술볼때마다,입술타투해드리고싶어요ㅋㅋㅋ먹을때지워지는거신경쓰이실텐데싶고ㅋㅋ",2023-12-15
5232,ddimmi96_2023-12-15,wwoww_b,저거 갈색 맛잇어요!!🙌,2023-12-15
5233,ddimmi96_2023-12-15,yuhiro0o,츄릅..,2023-12-15
5234,ddimmi96_2023-12-15,ddimmi96,"✨판매처 정보✨: 일본직구쇼핑몰 엔핍에서 제품 제공을 받았습니다!
링크👉🏻 www.nppip.com
@nppip_japan",2023-12-15
5235,ddimmi96_2023-12-09,hyonji96,@js_hyun2 이고야 내가 말한게!!,2024-05-07
5236,ddimmi96_2023-12-09,nxxriin_,@1103_yus,2024-04-12
5237,ddimmi96_2023-12-09,gweonnagyeong410,진짜 개 맛있겠댜ㅑ,2024-04-11
5238,ddimmi96_2023-12-09,flower__dahye,@jeon__33 먹고싶당😮,2024-04-11
5239,ddimmi96_2023-12-09,young_________d,@new.5to5 이거?,2024-03-24
5240,ddimmi96_2023-12-09,sheee.____,@zi0.ol 나랑이거먹쟈..,2024-03-13
5241,ddimmi96_2023-12-09,moony_moo,@wook0908 먹어보고싶당 꿀,2024-02-19
5242,ddimmi96_2023-12-09,yeseul8396,흐어 맛있게땅😍❤️,2024-01-17
5243,ddimmi96_2023-12-09,50m_14h,@taek_tt 나도 이거 먹어보고싶다,2024-01-07
5244,ddimmi96_2023-12-09,suuu_0s2,@miju.ryu 이걸바여댘ㅋ,2023-12-31
5245,ddimmi96_2023-12-09,ll_ziba14_ll,خوراکی دوست داشتنی دوران مدرسم😍 ای دلم خواست 😢,2023-12-30
5246,ddimmi96_2023-12-09,tjsal0425,나머지 보석 코하쿠토 어쨌어요..,2023-12-25
5247,ddimmi96_2023-12-09,157cm_qp,@mfy3812 이거야 내가 말한거!!!,2023-12-20
5248,ddimmi96_2023-12-09,angelica.s48,Beso de Moza en Peru 🇵🇪,2023-12-20
5249,ddimmi96_2023-12-09,hana_moonrise,이란에서는 이 음식을 '겨울 아이스크림'이라고 부릅니다.,2023-12-19
5250,ddimmi96_2023-12-09,"맛있어요 🥹🇮🇷✨
e_soom22",@99._.cho ㅎ ㅏ,2023-12-18
5251,ddimmi96_2023-12-09,zyou_,@soomiini 난 이거 사도 돼?,2023-12-18
5252,ddimmi96_2023-12-09,ysnwftmhsrly,💖,2023-12-17
5253,ddimmi96_2023-12-09,ysnwftmhsrly,عههه بستنی زمستونه خودمونه که,2023-12-17
5254,ddimmi96_2023-12-09,0_eunnnnnn,@sb.h.h_0_0 나 이거 너무 먹어보고시퍼,2023-12-17
5255,ddimmi96_2023-12-09,eemnoes,@jaeyoung._.96 이거 먹고싶다,2023-12-17
5256,ddimmi96_2023-12-09,jxxhxxkxx,@kxxdxhxx_ 대박맛있겠지,2023-12-16
5257,ddimmi96_2023-12-09,jxxhxxkxx,@geuni_hung,2023-12-16
5258,ddimmi96_2023-12-09,santossouzaccb,🇧🇷,2023-12-16
5259,ddimmi96_2023-12-09,bangtan__glass,@bbb_m_ss.사저,2023-12-16
5260,ddimmi96_2023-12-09,sun_yn48,@j_hyemin__13m 핸찌 조아할거같아,2023-12-15
5261,ddimmi96_2023-12-09,halajhl,ايش اسموا عندكم عنا اسموا راس عبد😂,2023-12-15
5262,ddimmi96_2023-12-09,oei_ki,@ld_yeop 맛나조요,2023-12-13
5263,ddimmi96_2023-12-09,so_hyun528,@sowoong_0729 나이거 사죠,2023-12-13
5264,ddimmi96_2023-12-09,min_z_xx,고구마빵 공구 언제해요..?😢😂,2023-12-12
5265,ddimmi96_2023-12-09,ui_xhl,왜저래,2023-12-12
5266,ddimmi96_2023-12-09,dasom_33,맨날 먹는데 살이 안찌는 이유가 뭐지,2023-12-12
5267,ddimmi96_2023-12-09,dhhugnn,@jy_____s2 아이거 진짜 맛 궁금해,2023-12-12
5268,ddimmi96_2023-12-09,corinnelacipiere,Trop bon ça ou ont peut les acheter ?😍,2023-12-11
5269,ddimmi96_2023-12-09,psxxvely,@j_won___k,2023-12-11
5270,ddimmi96_2023-12-09,eunezzb,@ddo_dono 먹고시펑,2023-12-11
5271,ddimmi96_2023-12-09,lmeesjou,بتوكل راس العبد,2023-12-11
5272,ddimmi96_2023-12-09,aysanjanam2023,칠 때 가장 중요한❤️,2023-12-11
5273,ddimmi96_2023-12-09,elelll1e,얼리면 어떨가여?,2023-12-10
5274,ddimmi96_2023-12-09,newromxx,@jzeroh ㅜㅠ개마식게따,2023-12-10
5275,ddimmi96_2023-12-09,vhohyunv,@ryan_shon 츄릅,2023-12-10
5276,ddimmi96_2023-12-09,noeyanayeon_,@nnseung97 허걱 이거 사주세요,2023-12-10
5277,ddimmi96_2023-12-09,g._xin,저거 젼언니가 개맛있게먹던데,2023-12-10
5278,ddimmi96_2023-12-09,shot._.g,너무 귀엽게 먹어용😍,2023-12-10
5279,ddimmi96_2023-12-09,wit.m8,درجة لون الحمرة طال عمرك؟,2023-12-10
5280,ddimmi96_2023-12-09,imhajeong560,얼려 먹으면 존맛탱일듯,2023-12-10
5281,ddimmi96_2023-12-09,lee_eunsseo,저거 얼려먹으면 더 맛있어요😍,2023-12-10
5282,ddimmi96_2023-12-09,kurekure_2285,😍😍😍 nak sikit boleh tak?,2023-12-09
5283,ddimmi96_2023-12-09,yu.nx1n,언니 쿠키 반죽도 먹어주세오,2023-12-09
5284,ddimmi96_2023-12-09,_n_badgirl,بستنی زمستونیه خودمونه 🤣,2023-12-09
5285,ddimmi96_2023-12-09,hx.nzol,이거 보자마자 유튜브에 알림떴다,2023-12-09
5286,ddimmi96_2023-12-09,hb_n0913,아이스크림인가요?,2023-12-09
5287,ddimmi96_2023-12-09,0816_12,언니 덤 이뽀😍,2023-12-09
5288,ddimmi96_2023-12-09,taehnnie_kim_,عه بستنی زمستونی😂,2023-12-09
5289,ddimmi96_2023-12-09,y_kko.9_m,@92_0102c 티코같은 맛일까,2023-12-09
5290,ddimmi96_2023-12-09,nyang_nyang__punch0___0,저도 먹고싶어요🥹,2023-12-09
5291,ddimmi96_2023-12-09,sarwin_jafff,❤️❤️❤️❤️❤️❤️❤️,2023-12-09
5292,ddimmi96_2023-12-08,_y1u.x0,@1_eunso,2025-06-16
5293,ddimmi96_2023-12-08,seongbomin2015,엽떡 먹으면서 릴스 보는데 이 영상을 보며 침을 고는 내가 대단하다,2025-06-14
5294,ddimmi96_2023-12-08,jeong_hu22,엽떡 먹고 남은거 냉장고에 넣고 보고 있었는데 정신차리니까 엽떡 데우고 있음,2025-06-06
5295,ddimmi96_2023-12-08,e55_nu,소리가 찰진다… 으아 먹고 시퍼… 지금 밤 11시30인데 지금 먹으면 살 드륵드륵 찔것 같은거…. 주말에 애들이랑 머거야지😢,2025-05-13
5296,ddimmi96_2023-12-08,je0.he_,하 오늘 저녁 엽떡,2025-03-22
5297,ddimmi96_2023-12-08,kimsomin8381,너무 예쁘게생겼어요,2025-02-14
5298,ddimmi96_2023-12-08,gimahyeon6912,아니 저러는데 왜 살이 안찌는거야? 티가 안나는거야 머야아,2024-06-07
5299,ddimmi96_2023-12-08,imjonghyeon218,근데 당면은 필수임,2024-04-02
5300,ddimmi96_2023-12-08,si.h_yun1,엽떡영상 많이 올려주세용!!,2024-03-24
5301,ddimmi96_2023-12-08,macacaroni_,It’s 3:51am and I’m starved,2024-03-07
5302,ddimmi96_2023-12-08,z___ojo,حالتي المن اكل اكل طيب 😂,2024-03-07
5303,ddimmi96_2023-12-08,yukanodayo,爪でカタカタカタカタカタカタカタ,2024-03-07
5304,ddimmi96_2023-12-08,"イラつく
gozhazalsert",Abla düdük yütmuş galiba ikidebi mmm ammm diyip duruyor jdbdhfb,2024-03-06
5305,ddimmi96_2023-12-08,name_m2_,@sung.jo.kim,2024-03-06
5306,ddimmi96_2023-12-08,_em0nuyuchiyi6_,Yang kayak gini definisi orang korea makan mau berlemak atau yang bergoreng dan yang banyak porsi tetap langsing,2024-03-06
5307,ddimmi96_2023-12-08,rebekasimpliciio,não é possível que ela comeu isso tudo,2024-03-06
5308,ddimmi96_2023-12-08,_dressa7kj,😢😢😍😍😍😍,2024-03-06
5309,ddimmi96_2023-12-08,kim.seo_yun13,🔥🔥🔥,2024-03-06
5310,ddimmi96_2023-12-08,bad_2_da_bonzee,Stop with the nails crap! C'mon,2024-03-06
5311,ddimmi96_2023-12-08,_hh_a__ss_tt_i,چرا رژ لبت پاک نمیشه,2024-03-05
5312,ddimmi96_2023-12-08,nighttrvde45,당신은 매우 아름답고 재미있습니다 🤣😂,2024-03-05
5313,ddimmi96_2023-12-08,privcasscassie,"mano, só pq eu to de jejum m apatece essas porra",2024-03-05
5314,ddimmi96_2023-12-08,ambear_rawr,"I like cheese, but that’s a bit too much cheese",2024-03-05
5315,ddimmi96_2023-12-08,biser2176,❤️❤️❤️❤️,2024-03-04
5316,ddimmi96_2023-12-08,mis.banosh,😢,2024-03-04
5317,ddimmi96_2023-12-08,cici_0602,Di indo ada yg jual makanan ke gini gk si???,2024-03-04
5318,ddimmi96_2023-12-08,bloodbrxne,I need this,2024-03-04
5319,ddimmi96_2023-12-08,morena_tatuada_01,Nossa nem convida😢,2024-03-04
5320,ddimmi96_2023-12-08,layan.7763,ترا انا بتخت لاتخليني قوم على البراد واشفطو,2024-03-04
5321,ddimmi96_2023-12-08,strw._.gaby,😋😋😋😋😋🤤🤤🤤🤤🤤🤤🤤,2024-03-04
5322,ddimmi96_2023-12-08,ind14.zinha,Parece aquela personagem do jogo Toca boca,2024-03-04
5323,ddimmi96_2023-12-08,shaiimaattia,😮😮😮😮 قهر,2024-03-04
5324,ddimmi96_2023-12-08,artgirl.88,میخوامتش,2024-03-04
5325,ddimmi96_2023-12-08,monzerrath_glez,"Jajaja me encanta que en todos los vídeos así echos por mujeres, la cuchara, platos, palillos etc, se deforman al acercarse a sus caras por los filtros",2024-03-04
5326,ddimmi96_2023-12-08,kv_xzg,معليش الاصوات الممم والهووو والعوو ذيي مالها داعيي ياربييي😭,2024-03-03
5327,ddimmi96_2023-12-08,sanela4550,😮😮😮,2024-03-03
5328,ddimmi96_2023-12-08,nana._angel_,Mastigar direito oush🤨,2024-03-03
5329,ddimmi96_2023-12-08,nana._angel_,Tá comendo merda é,2024-03-03
5330,ddimmi96_2023-12-08,mozza_ptry,Bayangkan ini lewat pas bulan puasa,2024-03-03
5331,ddimmi96_2023-12-08,schell__00,Quero mt ir pro Japão provar as comidas de lá,2024-03-03
5332,ddimmi96_2023-12-08,carollzinhadahmeer,"Coloca legenda brasileira, pra mim entender mulher lkklkk😂",2024-03-03
5333,ddimmi96_2023-12-08,wiefaji,Enaknya nonton TV yang bisa d,2024-03-02
5334,ddimmi96_2023-12-08,kardelencicek32_,Ramazanda benim keşfet,2024-03-02
5335,ddimmi96_2023-12-08,liliaqznie,อยากกินอ่ะ @nxttha.310,2024-03-02
5336,ddimmi96_2023-12-08,sparkel_life01,🤤🤤🤤🤤,2024-03-02
5337,ddimmi96_2023-12-08,agnesyyung,Where did you buy,2024-03-02
5338,ddimmi96_2023-12-08,viv.k.o,What noodles is this ?,2024-03-02
5339,ddimmi96_2023-12-08,poly_oliveira32,Ai me dá um pouquinho por favor😢😢😢,2024-03-02
5340,ddimmi96_2023-12-08,thiagocoelho152,Deve ser incrível comer isso cara,2024-03-02
5341,ddimmi96_2023-12-08,cf_alvestkw,Ih laele aí dentro 😂😂😂,2024-03-02
5342,ddimmi96_2023-12-08,softiieebabyy_,I am starving,2024-03-02
5343,ddimmi96_2023-12-08,valentyna7640,Jogo da PUC 83)#&$£¢,2024-03-02
5344,ddimmi96_2023-12-08,hsppy_pil,띠미님 진~~~~짱 맛있개 드데요 아앙 ㅠㅠ 나두 먹고 싶다 ㅠㅠ,2024-03-01
5345,ddimmi96_2023-12-08,ket_s.c.c.p,As coisas q eu fico brisando Manolo skskakvdkagjskag,2024-03-01
5346,ddimmi96_2023-12-08,massod370,Do you agree to marry me ??,2024-03-01
5347,ddimmi96_2023-12-08,afeefa_ad,Not this time please 😭😭😭it's 4:54,2024-03-01
5348,ddimmi96_2023-12-08,crypticaljk,Já comi e maravilhoso,2024-03-01
5349,ddimmi96_2023-12-08,f1xc0n,I want to try this,2024-03-01
5350,ddimmi96_2023-12-08,heyherbella,pq eu gosto de ver isso? Kkkk,2024-03-01
5351,ddimmi96_2023-12-08,sac1af,",",2024-03-01
5352,ddimmi96_2023-12-08,virxhc,She getting in my nerves with her behavior 😂❤,2024-03-01
5353,ddimmi96_2023-12-08,claudiavicentedoula,O que deixa atrativo é a mastigação estranha kkkkk,2024-03-01
5354,ddimmi96_2023-12-08,edryzia0,Só fico imaginando o estômago com essas comidas.,2024-02-29
5355,ddimmi96_2023-12-08,nihbozzs1,abla çok gıcıksın,2024-02-29
5356,ddimmi96_2023-12-08,m.r2ot,بعدة رمضان ما اجة 😂😂,2024-02-29
5357,ddimmi96_2023-12-08,apisx_udom,หิวโว้ยยย😭,2024-02-28
5358,ddimmi96_2023-12-08,koya_cc,Samsh,2024-02-28
5359,ddimmi96_2023-12-08,izabela.wilson,Damn noises 😒,2024-02-28
5360,ddimmi96_2023-12-08,nascimentodalvinha,Que delícia hummmm,2024-02-28
5361,ddimmi96_2023-12-08,sevlw,🤤🤤🤤🍙🍜🍡,2024-02-27
5362,ddimmi96_2023-12-08,xo.en1,@yo_.xn2 우왕 맛잇겟다 맛잇겠지 그치 그러니까 사줘.,2024-02-27
5363,ddimmi96_2023-12-08,dndsrmsfr,Shope?,2024-02-27
5364,ddimmi96_2023-12-08,ivyhunterz,@love.4put terkejut akuu,2024-02-27
5365,ddimmi96_2023-12-08,_se.ul0,오바좀 떨지마 병아,2024-02-27
5366,ddimmi96_2023-12-08,so_bloqueada,Y yo con un hambre,2024-02-27
5367,ddimmi96_2023-12-08,souza_xxz0,Ninguém pode saber q eu vejo isso mn,2024-02-27
5368,ddimmi96_2023-12-08,karoll.barcelos,sabor cânc€r☠,2024-02-27
5369,ddimmi96_2023-12-08,parisaa.tayeb,لعنت بهت 🤤🤤🥲,2024-02-27
5370,ddimmi96_2023-12-08,xo__v22,هي تموتتت🥹💋💋,2024-02-27
5371,ddimmi96_2023-12-08,one.tnwl,It looks delicious,2024-02-27
5372,ddimmi96_2023-12-08,nata_rawr,와 진짜 맛있어보이네요,2024-02-26
5373,ddimmi96_2023-12-08,sora_soso_sora,How to order food to eat at home,2024-02-26
5374,ddimmi96_2023-12-08,jk_mr00,마레 ㅐ류 해에 اتحدة احد يعرف هاي 😂,2024-02-26
5375,ddimmi96_2023-12-08,r_kp__21,안돼 집중! 이번에 다이어트로 꼭 성공할거예요!!,2024-02-26
5376,ddimmi96_2023-12-08,so3fi_22,Como no engordan? 😰,2024-02-26
5377,ddimmi96_2023-12-08,tldms_118,"@y_ong_yong_ 엽또그 먹고싶다,,",2024-02-26
5378,ddimmi96_2023-12-08,shonaroy468,😍😍,2024-02-26
5379,ddimmi96_2023-12-08,kristyxkk7,Need that eye lid surgery,2024-02-26
5380,ddimmi96_2023-12-08,_alz97s,abla gorgusuz musun aq,2024-02-25
5381,ddimmi96_2023-12-08,m_c___3,شو وضع الصايمين ب نص الشعبان 😪🤕,2024-02-25
5382,ddimmi96_2023-12-08,ionutprundarul7,A pici ling,2024-02-25
5383,ddimmi96_2023-12-08,brunklzy_,DUH LAGI PUASA,2024-02-25
5384,ddimmi96_2023-12-08,gabriellaribeirosh,Só eu que fiquei com noj@ 😢,2024-02-25
5385,ddimmi96_2023-12-08,vanessa_arcanj,"Olho bem pequeno, mas a barriga maior que tudo 😂😂😂😂😂😂😂😂😂😂😂😂😂😂",2024-02-25
5386,ddimmi96_2023-12-08,aubree._.chavez,I need this in my mouth rn💗😛,2024-02-25
5387,ddimmi96_2023-12-08,darcilenedossantosda,Comeria isso de olhos fechados kkkk,2024-02-25
5388,ddimmi96_2023-12-08,m4169hl,يشهوني بالأكل لو ماني جوعانه,2024-02-25
5389,ddimmi96_2023-12-08,_meoyeuoi.07_,@_pwlihn.ne_,2024-02-25
5390,ddimmi96_2023-12-08,ziddi5278queen,If sem,2024-02-24
5391,ddimmi96_2023-12-08,isuxv_,بروفا لرمضان,2024-02-24
5392,ddimmi96_2023-12-07,seocanu78,그거 가짜 이예요,2024-03-11
5393,ddimmi96_2023-12-07,yx_e.i7,언니 연유 찍오 먹으면 맜있어요!!!!!!!,2024-03-02
5394,ddimmi96_2023-12-07,i_oasuew,원본은 그냥 식빵 오지게 눌러서 겹쳐진거같이생겻는디,2024-01-03
5395,ddimmi96_2023-12-07,nhuyen_205,đây là bánh mì gối Việt Nam 🇻🇳 đó mọi người🙌,2023-12-24
5396,ddimmi96_2023-12-07,f0ofish_lv,오븐에 넣어보세요,2023-12-20
5397,ddimmi96_2023-12-07,jada___brown,😂😂😂,2023-12-18
5398,ddimmi96_2023-12-07,i_kkkuuu,@rang92_,2023-12-15
5399,ddimmi96_2023-12-07,kayii_uu,이거 데워서 안 먹어도 돼요!전자레인지에 돌리면 맛이 없어서 바로 먹을 수 있습니다.,2023-12-14
5400,ddimmi96_2023-12-07,cn.sns,전자레인지보다 찜기에 쪄서 먹는거애용,2023-12-12
5401,ddimmi96_2023-12-07,"그래야 저렇게 한겹씩 뜯어지는 거임
ddimmi96",중국 갔다온 지인이 저거라고 사다주신건데,2023-12-10
5402,ddimmi96_2023-12-07,"빵은 달라도 똑같은 컨셉으로 파는 빵이래요!!
댓글에서 쿠팡 중국 천겹토스트 라길래 주문했어요!!! 해외배송이라 오래 걸리지만 기다려보겠습니다 🥹
nee_akom",오히려 식빵이 아냐??? 식빵 줄 알았엌ㅋㅋㅋㅋ 일본애선 그런 건 식빵인데 한국은 다른거야?,2023-12-09
5403,ddimmi96_2023-12-07,_abirami46,Sisu are you Korean??? But y my mind is not accepting that u r Korean 😂 mind says u r from Mars because ur cutie voice is different like alian???🥲,2023-12-09
5404,ddimmi96_2023-12-07,vvvvoeoddkl,브랜드가 다른거예요...,2023-12-08
5405,ddimmi96_2023-12-07,rosmarquez8,Me saludas😘❤️,2023-12-08
5406,ddimmi96_2023-12-07,25gboy,Thats right😆,2023-12-07
5407,ddimmi96_2023-12-07,sarwin_jafff,❤️❤️❤️❤️❤️❤️❤️❤️,2023-12-07
5408,ddimmi96_2023-12-07,sooom___ni,하지만 띠미 그녀가 매우 예쁘네요,2023-12-07
5409,ddimmi96_2023-12-07,sooom___ni,이것은 원본 동영상과 매우 다릅니다.,2023-12-07
5410,ddimmi96_2023-12-07,ajeong1213,댓1빠,2023-12-07
5411,ddimmi96_2023-11-28,mamih_hanan,Try steaming it will make it soft,2024-01-02
5412,ddimmi96_2023-11-28,caesua9170,페스츄리식빵^^,2023-12-11
5413,ddimmi96_2023-11-28,ddimmi96,중국 갔다온 지인이 저거라고 사다주신건데,2023-12-10
5414,ddimmi96_2023-11-28,"빵은 달라도 똑같은 컨셉으로 파는 빵이래요!!
댓글에서 쿠팡 중국 천겹토스트 라길래 주문했어요!!! 해외배송이라 오래 걸리지만 기다려보겠습니다 🥹
rommyreyucca","Not that bread... Look in YouTube channel name "" pebbi lieyanti "" and look the bread",2023-12-06
5415,ddimmi96_2023-11-28,seonna___,@yongppa_ 식탁에 있는 거 아님..?,2023-12-03
5416,ddimmi96_2023-11-28,bunnyxsu,빵크기가 너무 다르지 않나여...?,2023-12-01
5417,ddimmi96_2023-11-28,yuhiro0o,잼발라목자 히히,2023-11-29
5418,ddimmi96_2023-11-28,pretzelmev,You have to cook it in the microwave for 1 minute first,2023-11-28
5419,ddimmi96_2023-11-28,seojaeduk,그냥 식빵인데…🤔,2023-11-28
5420,ddimmi96_2023-11-28,kenzouz_bn,87주좋아요 1개답글 달기,2023-11-28
5421,ddimmi96_2023-11-28,"번역 보기
alaxahh_",😍😂😂😂😂😂😂😂😂😂😂😂😂😂😂😂😂😂😂,2023-11-28
5422,ddimmi96_2023-11-28,25gboy,You have to cook it with microwave then you will seperate those layer out,2023-11-28
5423,ddimmi96_2023-11-28,gu.jiyoul,맛있어요??,2023-11-28
5424,ddimmi96_2023-11-27,keon.hxe,구워서먹어보세요 ㅋㅋ 궁금해요,2024-02-04
5425,ddimmi96_2023-11-27,suvelyssu,@yeonsoo88 ㅋㅋㅋ 저거 우리 어릴적 제사지내면서 올리는 젤리들이다 ㅋㅋㅋㅋㅋ,2024-01-03
5426,ddimmi96_2023-11-27,anvely_lovely,맛있겠다,2023-12-18
5427,ddimmi96_2023-11-27,anvely_lovely,젤리 맛있어요,2023-12-18
5428,ddimmi96_2023-11-27,rlawlg3,@kimday7458,2023-12-11
5429,ddimmi96_2023-11-27,hanor_0,저 어릴때 제삿상에 올라갔던 그 사탕 젤리들이네요 ㅎㅎ 있어도 맛없어서 안먹엇는데 요즘은 맛있나봐요? 추억이다 ㅎㅎㅎ,2023-11-29
5430,ddimmi96_2023-11-27,basiliki_spuropoulou,You so cute😍😍,2023-11-28
5431,ddimmi96_2023-11-27,g0._.0d__luck,마지막에 드신거 매화라는 전통과자에요!!☺️,2023-11-28
5432,ddimmi96_2023-11-27,xidhsdl,@306_ahn 사줘,2023-11-28
5433,ddimmi96_2023-11-27,n9xouz,어디서 팔아요?,2023-11-28
5434,ddimmi96_2023-11-27,sozanhamudy,ِ,2023-11-28
5435,ddimmi96_2023-11-27,seojaeduk,옛날 코하쿠토😮,2023-11-27
5436,ddimmi96_2023-11-27,_abirami46,What's this sisu?,2023-11-27
5437,ddimmi96_2023-11-27,jo_usu,그리고 저건 스티로폼이 아니라 킹쿠다스라는 간식 이에요😂,2023-11-27
5438,ddimmi96_2023-11-27,atugarisan,저세상 젤리 ㅋㅋㅋㅋㅋ 띠미님 항상 표정 다양하셔서 릴스 재밌게 보고있어욬ㅋㅋㅋㅋㅋ,2023-11-27
5439,ddimmi96_2023-11-27,h0._s1o,우왕 고전부탁해도될까용……,2023-11-27
5440,ddimmi96_2023-11-27,rami__0216,옥춘 안에 강정 같은거 있어서 확실히 맛있어 보여요!! 씨리얼바 느낌난다..,2023-11-27
5441,ddimmi96_2023-11-26,gweonsujin785,굿입니다.저도 한입 아~,2024-02-02
5442,ddimmi96_2023-11-26,yeseul8396,저거 맛있어용!! 바삭하고 고소한 계란맛💛,2024-01-17
5443,ddimmi96_2023-11-26,k__yeju,@xuanxuan__97 내가말한고여,2024-01-10
5444,ddimmi96_2023-11-26,eeeyounggg,@orangegyul_ 선생님 드셔보셨나요?,2023-11-29
5445,ddimmi96_2023-11-26,ddimmi96,판매처 정보는 모릅니다 😢 친한언니가 중국가서 사온 간식이에요 😢😢,2023-11-27
5446,ddimmi96_2023-11-26,attendthetaleof,에그롤이네…,2023-11-26
5447,ddimmi96_2023-11-26,yoonoo____,@uiswian,2023-11-26
5448,ddimmi96_2023-11-26,_abirami46,I love Korean street foods.....I ordered some sea food and noodles and that was very tasty but can't eat street foods 😢I wanna eat....who give me?😂😂😂lol,2023-11-26
5449,ddimmi96_2023-11-26,joondell417428,센베이?? 어른들이 먹는 옛날과자 같은데,2023-11-26
5450,ddimmi96_2023-11-26,ddmom0811,어디서 구입하셨을까요???엄청 찾던건데...🔥🔥,2023-11-26
5451,ddimmi96_2023-11-26,x_mlk.23,Çıkolata dolgulu daha güzel olurdu😍,2023-11-26
5452,ddimmi96_2023-11-26,akudanteh,"In Indonesia, we also have this street food snack. We call it Kue Semprong.",2023-11-26
5453,ddimmi96_2023-11-26,yuhiro0o,하 배고파졋서 맛잇겟다 맨날 맛잇데먹어ㅠㅜㅠ큐ㅠㅠ큐큐ㅠ,2023-11-26
5454,ddimmi96_2023-11-23,bagbageunha85,언니 오이시 하면서 웃을때 나 죽음😍,2024-07-21
5455,ddimmi96_2023-11-23,aejin1228,#freepalestine🇵🇸 #freecahmedmanasra 🇲🇾🇵🇸,2024-01-11
5456,ddimmi96_2023-11-23,i_i_n.s,I❤️candyy,2023-12-14
5457,ddimmi96_2023-11-23,_isa_monn,강남 크리스탈 😏,2023-12-07
5458,ddimmi96_2023-11-23,gabrielly_yassak,Tradução em português tb pfv kkkk,2023-12-02
5459,ddimmi96_2023-11-23,hrt._.mm.luv,일본 꼬 고마워용❤️일본어 도 오이시 감사해요💗,2023-11-29
5460,ddimmi96_2023-11-23,aaddderina,@cavel78 baca komen leluhur dlo er,2023-11-29
5461,ddimmi96_2023-11-23,mizzuim,@ohmelet_,2023-11-26
5462,ddimmi96_2023-11-23,se.jxn_7,"상추,김치",2023-11-25
5463,ddimmi96_2023-11-23,tmmmmop358,はぁ……可愛すぎて( ´˘` ),2023-11-25
5464,ddimmi96_2023-11-23,je._.ssica123,보석맛은 무슨맛이지...??,2023-11-24
5465,ddimmi96_2023-11-23,siva___x____,If you have to date indian boy are you interested🔥,2023-11-23
5466,ddimmi96_2023-11-23,pairy__,띠미님 너무 귀엽 ㅠ,2023-11-23
5467,ddimmi96_2023-11-23,whalsgh90,맞네.. 예쁘네,2023-11-23
5468,ddimmi96_2023-11-23,tlsalswjd3000,이뻐서먹기가아깝 ㅋ,2023-11-23
5469,ddimmi96_2023-11-23,hazuki7592,일본 구미를 먹어 주셔서 감사합니다！！,2023-11-23
5470,ddimmi96_2023-11-23,ddimmi96,+ 여러분 최근에 이사한 제 집소개 영상 유튜브 긴영상으로 업로드 했어요! 존잼이니까 랜선집들이🏠 영상 보러오세용🥳,2023-11-23
5471,ddimmi96_2023-11-23,ddimmi96,"✨판매처 정보✨: 일본직구쇼핑몰 엔핍에서 제품 제공을 받았습니다!
@nppip_japan
링크👉🏻 www.nppip.com
링크👉🏻 www.nppip.kr
현재 엔핍 뉴 사이트에서 엄청 유명한 돈베이 컵라면 스파이패밀리 한정판을 판매할 예정이라고 하네요!
관심 있으신 분들 구경해보세용 🤩",2023-11-23
5472,ddimmi96_2023-11-22,liliiadorozhko,Чому не паличками?,2024-02-19
5473,ddimmi96_2023-11-22,hj_yeu,@uu._.hyedu,2024-02-18
5474,ddimmi96_2023-11-22,yeseul8396,커스터드맛 머거보구 싶구려🍮,2024-01-17
5475,ddimmi96_2023-11-22,maeba___,언니!!! 커피젤리는 바닐라아이스크림이랑 우유 조금 넣어서 먹으면 맛있어요!!! 강추!!!! 日本の食べ物美味しいって言ってくれてありがとうございます🫶🏻🤍,2023-12-15
5476,ddimmi96_2023-11-22,seyeon_0906,@lun_seong,2023-12-06
5477,ddimmi96_2023-11-22,buugeiei,노랑색 푸딩 먹어보고싶다,2023-12-06
5478,ddimmi96_2023-11-22,ssi_n_yo,"맜있을것 같긴한데, 국물이 너무많아서.....",2023-12-02
5479,ddimmi96_2023-11-22,scorr_0,do ND ela: gosto do pudim,2023-12-02
5480,ddimmi96_2023-11-22,mi_030425,이거 맛있겠다 시켰는데 기대되는,2023-11-30
5481,ddimmi96_2023-11-22,alex_xlexi,راحت الحلقوم خودمونه,2023-11-30
5482,ddimmi96_2023-11-22,fatemih558,خواهر در این مواقع باید با دست بخوری نه با ملاقه 🙄,2023-11-30
5483,ddimmi96_2023-11-22,rkive_____7___army_jcw_woobin,You are so really cute 🥰🥰🥰🥰,2023-11-30
5484,ddimmi96_2023-11-22,sakurako_root,私はなめらかプリンとチョコババロアがおすすめです！,2023-11-30
5485,ddimmi96_2023-11-22,yso_o8,パンナコッタ美味しいよね！コーヒーゼリーはやっぱり値段相応の水っぽい感じだよね笑,2023-11-29
5486,ddimmi96_2023-11-22,gu.jiyoul,오이시가 뭔 뜻이에요?,2023-11-29
5487,ddimmi96_2023-11-22,yamaha_r7ec,You look like wony,2023-11-29
5488,ddimmi96_2023-11-22,erlyanasari_liya,Wow Pasti enak ya itu 🤤,2023-11-28
5489,ddimmi96_2023-11-22,jxbxjxnjsnsj,Dicki,2023-11-27
5490,ddimmi96_2023-11-22,hagure_.fe,日本の商品美味しいって言ってくれるとなんか嬉しい笑,2023-11-25
5491,ddimmi96_2023-11-22,fumiyosan,業スーもとうとう韓国へ🇰🇷,2023-11-25
5492,ddimmi96_2023-11-22,rotusforme,@uzzuluzzul_yoplle 무글랭,2023-11-24
5493,ddimmi96_2023-11-22,y._w._y._w,@z.c09.16 翻譯一下看起來好好吃喔💩,2023-11-23
5494,ddimmi96_2023-11-22,ddimmi96,+ 여러분 최근에 이사한 제 집소개 영상 유튜브 긴영상으로 업로드 했어요! 존잼이니까 랜선집들이🏠 영상 보러오세용🥳,2023-11-23
5495,ddimmi96_2023-11-22,rosmarquez8,Que estás comiendo❤️,2023-11-23
5496,ddimmi96_2023-11-22,nee_akom,전 일본인 입니당~! 이렇게 일본음식을 소개해주시고 “오이시(맛있어)” 까지도 말해주시고.. 너무 기쁩니당~~!!! 고마워용!! 앞으로도 계ㅖㅖㅖ~~속계속 응원할게용~~~!❤️❤️❤️,2023-11-23
5497,ddimmi96_2023-11-22,sarwin_jafff,87주좋아요 5개답글 달기,2023-11-23
5498,ddimmi96_2023-11-22,sarwin_jafff,❤️❤️❤️❤️❤️❤️❤️,2023-11-23
5499,ddimmi96_2023-11-22,seojaeduk,옹 일본푸딩😶,2023-11-22
5500,ddimmi96_2023-11-22,_abirami46,I want this mummyyyyyy it's like Yum yum yummmyyyyyyyy ...😫💗💗💗,2023-11-22
5501,ddimmi96_2023-11-22,papitafrita______,Omg u so beautifull❤️❤️,2023-11-22
5502,ddimmi96_2023-11-22,sooom___ni,당신 야동 볼때의 심박수랑은 참 다르네요 🎶,2023-11-22
5503,ddimmi96_2023-11-22,wwwnnsss,너무 귀엽다~~~,2023-11-22
5504,ddimmi96_2023-11-22,ddimmi96,"+ 여러분 이번 영상에 보면 심박수(?) 점수판을 새로 넣어봤는데 어떠세요?!!

✨판매처 정보✨: 일본직구쇼핑몰 엔핍에서 제품 제공을 받았습니다!
링크👉🏻 www.nppip.com
링크👉🏻 www.nppip.kr
현재 엔핍 뉴 사이트에서 엄청 유명한 돈베이 컵라면 스파이패밀리 한정판을 판매할 예정이라고 하네요!
관심 있으신 분들 구경해보세용 🤩",2023-11-22
5505,ddimmi96_2023-11-18,ihaim1251,시나몰로:나...먹디마..😢😢,2024-06-09
5506,ddimmi96_2023-11-18,yeseul8396,이건 기여워서 먹기가 아깝당🤍,2024-01-17
5507,ddimmi96_2023-11-18,ccccccccaaaatt.is_.love_,@hynjinnnn,2024-01-03
5508,ddimmi96_2023-11-18,yundagyeong93o,뭔 맛이에요?,2023-12-23
5509,ddimmi96_2023-11-18,hongyunseo16,불쌍하다면서 확! 먹어버리는 울언니 클라뜨😂,2023-12-09
5510,ddimmi96_2023-11-18,itz_cururu120,얼마나 귀엽습니까! 사랑했던,2023-11-23
5511,ddimmi96_2023-11-18,yuliannys_azocar,哟 阿莫 啊 次那末人区力量 ❤️❤️,2023-11-21
5512,ddimmi96_2023-11-18,yuliannys_azocar,88주좋아요 1개답글 달기,2023-11-21
5513,ddimmi96_2023-11-18,yessii__11,엉엉 먹디마ㅠㅠㅠㅠㅠㅠㅠ,2023-11-19
5514,ddimmi96_2023-11-18,seojaeduk,옹 시나모롤😮,2023-11-19
5515,ddimmi96_2023-11-18,atugarisan,잔인한 띠미님 😢 ㅋㅋㅋㅋㅋ 마시멜로우 넘 귀여워용 ❤️,2023-11-18
5516,ddimmi96_2023-11-18,heeyomagram,꺅ㅋㅋㅋㅋㅋ잔인행,2023-11-18
5517,ddimmi96_2023-11-18,_abirami46,What's this?,2023-11-18
5518,ddimmi96_2023-11-18,yuhiro0o,헐 너무 맛있겠다 ……..,2023-11-18
5519,ddimmi96_2023-11-18,ssoo22n.jung,띠미님..❤️ 구워서 먹어달라고하믄... 넘 잔인하겠져..?😂😂ㅋㅋㅋㅋㅋ,2023-11-18
5520,ddimmi96_2023-11-18,ddimmi96,+ 맛은 보들보들 달달한 평범한 마시멜로였어요!! 평범해서 맛평가를 놓쳤네요 죄송합니다😳!!!! 담엔 맛평가 상세히 말해보겠습니다💖,2023-11-18
5521,ddimmi96_2023-11-18,"✨판매처 정보✨: 일본직구쇼핑몰 엔핍에서 제품 제공을 받았습니다!
링크👉🏻 www.nppip.com
링크👉🏻 www.nppip.kr
현재 엔핍 뉴 사이트에서 엄청 유명한 돈베이 컵라면 스파이패밀리 한정판을 판매할 예정이라고 하네요!
관심 있으신 분들 구경해보세용 🤩
_ch1.ei_",너무 아끼워여우ㅜㅠ,2023-11-19
5522,ddimmi96_2023-11-17,keon.hxe,어....,2024-02-04
5523,ddimmi96_2023-11-17,yeseul8396,얘두 넘나 기엽당💛,2024-01-17
5524,ddimmi96_2023-11-17,yeo_nrim,구워주세요~!!,2023-12-17
5525,ddimmi96_2023-11-17,dila_gunes_isik,I love gudetema movies!!!!,2023-12-10
5526,ddimmi96_2023-11-17,rat_cho14,얼마나 미안했으면 미안해를 두번이나…,2023-12-05
5527,ddimmi96_2023-11-17,ttyyrr_g,먹어보고싶당😢,2023-12-05
5528,ddimmi96_2023-11-17,silva.sxz9p,Gunetama😍❤️,2023-11-26
5529,ddimmi96_2023-11-17,_.dhruviie_,87주좋아요 4개답글 달기,2023-11-25
5530,ddimmi96_2023-11-17,mandincav,磨石,2023-11-20
5531,ddimmi96_2023-11-17,jux9.y1n._,살아있는것도 아닌데 왜 미안하단거여,2023-11-18
5532,ddimmi96_2023-11-17,jx._.won0401,흐어어어어어어러어ㅠㅠㅠㅠㅠㅠㅠㅠㅠ,2023-11-18
5533,ddimmi96_2023-11-17,ogb__love79,우어..운...운...운냐...내 구데타마....,2023-11-17
5534,ddimmi96_2023-11-17,seojaeduk,ㅋㅌㅋㅋㅋㅌㅋㅋ,2023-11-17
5535,ddimmi96_2023-11-17,whalsgh90,맞네.. 귀엽네,2023-11-17
5536,ddimmi96_2023-11-17,na_koung82,귀엽다믄서 잡아머꾸.....있.....헐,2023-11-17
5537,ddimmi96_2023-11-17,itz_rishu_sharma_,Hey you are soooo cute 😍😍😍👏👏👏👏👏❤️❤️❤️❤️I really love it your all videos,2023-11-17
5538,ddimmi96_2023-11-17,rtup._.ghs,미안하면서 언니가 다먹고 있어ㅋ,2023-11-17
5539,ddimmi96_2023-11-17,atugarisan,(구데타마: 살려줘.....),2023-11-17
5540,ddimmi96_2023-11-17,c3mre._1905,👏,2023-11-17
5541,ddimmi96_2023-11-17,ddimmi96,"✨판매처 정보✨: 일본직구쇼핑몰 엔핍에서 제품 제공을 받았습니다!
링크👉🏻 www.nppip.com
링크👉🏻 www.nppip.kr
현재 엔핍 뉴 사이트에서 엄청 유명한 돈베이 컵라면 스파이패밀리 한정판을 판매할 예정이라고 하네요!
관심 있으신 분들 구경해보세용 🤩",2023-11-17
5542,ddimmi96_2023-11-15,yeseul8396,구데타마쨩🍳,2024-01-17
5543,ddimmi96_2023-11-15,shirleysousa33,Adorei vc primeira vez que vejos seus vídeos 😍,2023-12-28
5544,ddimmi96_2023-11-15,itz__sonu__904,안녕하세요 릴이 좋아요❤️,2023-11-17
5545,ddimmi96_2023-11-15,k_so_z,بقمي 🥰❤,2023-11-16
5546,ddimmi96_2023-11-15,aldif_athalla02,Gudetama,2023-11-16
5547,ddimmi96_2023-11-15,gieunseo_,"너무귀여워..서네가사도.못먹겠다.,😍",2023-11-15
5548,ddimmi96_2023-11-15,fiaa_wkl,모양이 웃기니까 먹기 전에 사과하세요😆❤️,2023-11-15
5549,ddimmi96_2023-11-15,shraddha._.k12,💛,2023-11-15
5550,ddimmi96_2023-11-15,yuhiro0o,언니닮아서 .. 귀여워…,2023-11-15
5551,ddimmi96_2023-11-15,ye_lin2,별개다잇수ㅗ!!!,2023-11-15
5552,ddimmi96_2023-11-15,ddimmi96,✨판매처 정보✨: 일본직구쇼핑몰 엔핍에서 제품 제공을 받았습니다!,2023-11-15
5553,ddimmi96_2023-11-15,"링크👉🏻 www.nppip.com
링크👉🏻 www.nppip.kr
현재 엔핍 뉴 사이트에서 엄청 유명한 돈베이 컵라면 스파이패밀리 한정판을 판매할 예정이라고 하네요!
관심 있으신 분들 구경해보세용 🤩
c3mre._1905",👏,2023-11-15
5554,ddimmi96_2023-11-12,maltipoo__sikbbang,이거 얼려서 먹어주세요!!! 마쉬멜로우얼려서 먹으면동결건조처럼바삭해져요!,2024-02-28
5555,ddimmi96_2023-11-12,rwiansswe,맜있겠다...... 부러워요!!!!,2024-01-03
5556,ddimmi96_2023-11-12,hongyunseo16,엄마얏!,2023-12-09
5557,ddimmi96_2023-11-12,spawn3253,젤리만 몇달 먹었더니 살쪄서 젤리류는 안보는데 ...이거 보고 홀린듯 검색해서 장바구니 담는 절 볼 수있었음..이러지 마세여 ㅠㅠ,2023-11-25
5558,ddimmi96_2023-11-12,imemegee,"@ax._.xum 볼때마다 너 닮아써,,,,,",2023-11-23
5559,ddimmi96_2023-11-12,gatitoooww,🥰😍,2023-11-18
5560,ddimmi96_2023-11-12,bhumyagrawat,🤤🤤,2023-11-14
5561,ddimmi96_2023-11-12,5_011_10,구워먹어주세요,2023-11-12
5562,ddimmi96_2023-11-12,s__eun1116,요거 제품이 모에용,2023-11-12
5563,ddimmi96_2023-11-12,ra.ghad8820,ㅋㅋㅋㅋㅋ,2023-11-12
5564,ddimmi96_2023-11-12,atugarisan,띠미님 표정 ㅋㅋㅋㅋ 만화캐릭터 보는거 같아요 ㅋㅋㅋㅋㅋㅋㅋㅋ,2023-11-12
5565,ddimmi96_2023-11-12,nish.ika_87,Yummy 🤤,2023-11-12
5566,ddimmi96_2023-11-12,bailey_c_0118,1빠 고정 부탁해요❤️❤️,2023-11-12
5567,ddimmi96_2023-11-11,yeseul8396,젤리 아니에요 제에에에에에에리맛!!🤣❤️,2024-01-17
5568,ddimmi96_2023-11-11,jini_.0._,얼려먹으면 맛있겠다,2023-12-12
5569,ddimmi96_2023-11-11,do.yeong.mi,먹는다 문화(((・・;),2023-12-11
5570,ddimmi96_2023-11-11,duralumars_7,@olshuii 승희씨.. 제리 드셔욬ㅋㅋㅋㅋㅋ,2023-12-05
5571,ddimmi96_2023-11-11,cks.ue,🔥🔥,2023-11-19
5572,ddimmi96_2023-11-11,ijiyu288,이 언니 내 유트브 알고리즘에 꽉찼다...ㅋㅋ,2023-11-13
5573,ddimmi96_2023-11-11,han_na_ii,늘 귀여우세용❤️,2023-11-11
5574,ddimmi96_2023-11-11,novakova_kata_,❤️❤️❤️❤️❤️❤️,2023-11-11
5575,ddimmi96_2023-11-11,sarwin_jafff,❤️❤️❤️❤️❤️❤️,2023-11-11
5576,ddimmi96_2023-11-11,safari_saver,본적있는거같기도하고 아닌거같기도하고,2023-11-11
5577,ddimmi96_2023-11-11,ggomi60,"웅니! 오늘도 엄청 이쁘세요오❤️ 먹는 분필, 먹는 수세미 등 먹어주세요오ㅠ",2023-11-11
5578,ddimmi96_2023-11-11,yuhiro0o,제에에에에에에ㅔ리맛 ₍˄·͈༝·͈˄*₎◞ ̑̑,2023-11-11
5579,ddimmi96_2023-11-09,anggeumgongbang_yeon,너무 너무 감사합니다 ❤️❤️❤️❤️❤️,2024-02-22
5580,ddimmi96_2023-11-09,marwaaaaa099,OH cute😂😂😍😍❤️❤️,2023-12-07
5581,ddimmi96_2023-11-09,rat_cho14,아까 사과라고 했던거 매실 같은데….,2023-11-23
5582,ddimmi96_2023-11-09,nambawan_____,이야 사방으로 찢어 갈겼네 안습이다,2023-11-18
5583,ddimmi96_2023-11-09,heeyoon0302,과일,2023-11-17
5584,ddimmi96_2023-11-09,gyu_won1126,어디서구매가능할까용,2023-11-14
5585,ddimmi96_2023-11-09,s1eu._n,앙금 탕후루 만들어 주세영,2023-11-14
5586,ddimmi96_2023-11-09,xxiiaa3,상큼한 앙금 ㅎㅎㅎㅎ무슨맛일까?,2023-11-12
5587,ddimmi96_2023-11-09,o.cerulean_,어디서팔아요?,2023-11-11
5588,ddimmi96_2023-11-09,na.y_11_,마지막에 먹은거 매실일걸욜,2023-11-10
5589,ddimmi96_2023-11-09,yeh_lomilk,맛있겠다~~,2023-11-10
5590,ddimmi96_2023-11-09,ssini_kim,저 초록색 도마도아녀???,2023-11-09
5591,ddimmi96_2023-11-09,rbfkdgo_rbfkdgo,귤이랑 바나나 껍질 깔수 있는데😢😢,2023-11-09
5592,ddimmi96_2023-11-09,edmmer,어 뭐야 ㅋㅋ,2023-11-09
5593,ddimmi96_2023-11-09,oijna572,58초전??,2023-11-09
5594,ddimmi96_2023-11-09,yaxyo_qosimov_01_rasmiy,You So Beautiful 😍😍😍😍😻😻😻😻🤩🤩🤩🤩❤️❤️❤️❤️👏👏👏👏👍👍👍👍🔥🔥🔥🔥🚀🚀🚀🚀💣💣💣💣😊😊😊😊☺️☺️☺️☺️🤗🤗🤗🤗,2023-11-09
5595,ddimmi96_2023-11-03,mingkki__97,@j_jin0717,2024-03-29
5596,ddimmi96_2023-11-03,beomf.jsh,시리얼 이랑 먹어도 맛있어요,2024-02-29
5597,ddimmi96_2023-11-03,yeseul8396,바삭바삭 마시멜로🤍,2024-01-17
5598,ddimmi96_2023-11-03,_jiyeonn,"@z.ueee 이거 내가경주에서먹은거ㅓ,,",2023-12-18
5599,ddimmi96_2023-11-03,angel_cat_sugar,Damn girl that’s a lot of lsd,2023-12-10
5600,ddimmi96_2023-11-03,maryh_.alves,Isso tem cara de ter só gosto de corante,2023-11-18
5601,ddimmi96_2023-11-03,da_.ani97,"아니 우유에 먹으면 대박,,,",2023-11-14
5602,ddimmi96_2023-11-03,sipap.a03,𝘽𝙪𝙣𝙮𝙞𝙣𝙮𝙖 𝙠𝙚𝙠 𝙨𝙚𝙧𝙚𝙖𝙡 𝙜𝙖 𝙨𝙞𝙝,2023-11-14
5603,ddimmi96_2023-11-03,hrt._.mm.luv,진짜 는 우유 랑 같이 먹는 거 야😍,2023-11-12
5604,ddimmi96_2023-11-03,l__a.s1,😍❤️,2023-11-09
5605,ddimmi96_2023-11-03,2yuxnz,우유에 말아머거도 마싯음,2023-11-09
5606,ddimmi96_2023-11-03,juun._.islost,So no milk😭,2023-11-09
5607,ddimmi96_2023-11-03,dnsific5,파데 한톤 어두운거 쓰셔도 될것가타여...ㅜㅜ,2023-11-08
5608,ddimmi96_2023-11-03,kimjiyul0703,칼로리ㅠㅠ,2023-11-08
5609,ddimmi96_2023-11-03,sx.bn8,저거 먹어봤는데 진짜 맛있음,2023-11-07
5610,ddimmi96_2023-11-03,el.lina747,🔥🔥🔥🔥🔥،wahhh,2023-11-07
5611,ddimmi96_2023-11-03,yurikoosan,90주답글 달기,2023-11-07
5612,ddimmi96_2023-11-03,"번역 보기
lroshanakil",وایی چقد تو کیوتیییی🔥🔥❤️,2023-11-06
5613,ddimmi96_2023-11-03,jinbvely__,@moooook_2 먹어보고시퐁 사즈때여,2023-11-06
5614,ddimmi96_2023-11-03,usoxzy1,역시 찐 어른들의 플렉스,2023-11-06
5615,ddimmi96_2023-11-03,gureumi577,이러다가 당신 몸이 마시멜로우가 되게썽ㅇ,2023-11-06
5616,ddimmi96_2023-11-03,_o9yzz,,2023-11-05
5617,ddimmi96_2023-11-03,leeyaring,@_suineeeee,2023-11-05
5618,ddimmi96_2023-11-03,mxxo7._,@o_x.bo824 이거너가좋아하는거아님?,2023-11-05
5619,ddimmi96_2023-11-03,limg._.0125_,ㅋ…칼로리 폭탄이다………!!,2023-11-05
5620,ddimmi96_2023-11-03,nrlainfarhna,gigi dia tk sakit ke,2023-11-04
5621,ddimmi96_2023-11-03,jnpeachs2,@choiwoonsuk,2023-11-04
5622,ddimmi96_2023-11-03,youm__j,@comoddi_93,2023-11-04
5623,ddimmi96_2023-11-03,simily_o.o,맛있겠네요...😢,2023-11-04
5624,ddimmi96_2023-11-03,shinyewon7882,귀여우세요💕☺,2023-11-04
5625,ddimmi96_2023-11-03,nahyeoun.o0,바닐라맛은 후르츠링같은 시리얼에 같이 넣어드세요!!!!,2023-11-04
5626,ddimmi96_2023-11-03,its._mayyyy,당신은 너무 귀여워요,2023-11-04
5627,ddimmi96_2023-11-03,rabbit_99s2,귀여워요🩷🩷🐰,2023-11-03
5628,ddimmi96_2023-11-03,hongstagram1,와 미쳤다...,2023-11-03
5629,ddimmi96_2023-11-03,mintsa0216,이거 시리얼 해먹어도 맛있음,2023-11-03
5630,ddimmi96_2023-11-03,ranya._.766,💗💗💗💗,2023-11-03
5631,ddimmi96_2023-11-03,junginee_y,@shyun_37 야 이번달에 GS 원쁠원이래,2023-11-03
5632,ddimmi96_2023-11-03,miya4710,요거트랑먹으면꿀조합❤️ 요거트아스크림도맛나유,2023-11-03
5633,ddimmi96_2023-11-03,gkdms_0228,저거 살엄청찔것같은데ㅋㅋ,2023-11-03
5634,ddimmi96_2023-11-03,cv.axn,아니 건조기가 없잖아요,2023-11-03
5635,ddimmi96_2023-11-03,tnejds79,ㅋㅋGS25 배달로 주문했다고 댓 달았는데 취소 당해서.. 댓 지웠다가~ 다른 매장에서 다시 주문 했네요😂 기대 됩니닷😍,2023-11-03
5636,ddimmi96_2023-11-03,yessii__11,이거 아이스크림에 먹어듀마싯어!!,2023-11-03
5637,ddimmi96_2023-11-03,pramitharam21,Wow!!!! So colorful candy,2023-11-03
5638,ddimmi96_2023-11-03,sarwin_jafff,❤️❤️❤️❤️❤️❤️❤️❤️❤️😮😮,2023-11-03
5639,ddimmi96_2023-11-03,_ma.hyaa_,이 음식들도 너처럼 맛있고 아름다워,2023-11-03
5640,ddimmi96_2023-11-03,ddimmi96,"GS25에서 11월 한달간 멜로팝 마시멜로우가 1800원 1+1 행사를 한대요!!
만약 사시게되면 저처럼 꼭 먹어보세요😍",2023-11-03
5641,ddimmi96_2023-10-31,kangrinn_,저거 CU에 팔던데,2023-12-05
5642,ddimmi96_2023-10-31,jasikooo___09,ㅑ듀랖여ㅏ러ㅐㄷ햐😂,2023-11-25
5643,ddimmi96_2023-10-31,mtrs180en,かわいいです♥,2023-11-24
5644,ddimmi96_2023-10-31,b._.hy1988,우와 이게 일본꺼구나.. 누가사다줬는데 저는 팥크림맛? 이던데 ㅋㅋ😂😂,2023-11-16
5645,ddimmi96_2023-10-31,choijeong._.a,@gs._.mom 먹어보자!!!,2023-11-16
5646,ddimmi96_2023-10-31,rori.sis_,@d.y_101 이고 버터맛 ㅜㅜ,2023-11-09
5647,ddimmi96_2023-10-31,kimbbu_bbu,@imyourlunch3_3 이걸 못 먹었네😢,2023-11-06
5648,ddimmi96_2023-10-31,jae_ehe,얼그레이크림맛도,2023-11-03
5649,ddimmi96_2023-10-31,"마싯눈뎁
orelshilan",You so cute 😊 and it’s looks so yummy,2023-10-31
5650,ddimmi96_2023-10-31,hi_u_jin,@youkyungii 이거보면 사와!😍😍,2023-10-31
5651,ddimmi96_2023-10-31,seojaeduk,옹 프리츠😮,2023-10-31
5652,ddimmi96_2023-10-31,waxmonster,@js___s25 와 대박 이거 우리 일본 갔을 때 먹은거자나 ㅎㅎㅎ,2023-10-31
5653,ddimmi96_2023-10-31,jeongookjo,@big_mungmung 맥주안주 Ssap가능,2023-10-31
5654,ddimmi96_2023-10-31,_____youniverse,@__eesujin @jenjenee__ 기억나니... 우리 일본가서 토마토맛 싹쓸했는데 ㅋㅋㅋㅋㅋ 이제 한국에서 싹쓸할 수 있다!!,2023-10-31
5655,ddimmi96_2023-10-31,rice_full_lee,@waxmonster 존맛! 토마토 맛있음.. 눈에 보이면 무조건 사셈,2023-10-31
5656,ddimmi96_2023-10-31,jjangeum_,@minimanimo_23 이거 토마토맛 맛있음 ㅋㅋㅋ,2023-10-31
5657,ddimmi96_2023-10-31,brave97s,이거 진짜 인기많앙,2023-10-31
5658,ddimmi96_2023-10-31,sarwin_jafff,❤️❤️❤️❤️❤️❤️,2023-10-31
5659,ddimmi96_2023-10-31,choi_young80,제2의 먹태깡?!,2023-10-31
5660,ddimmi96_2023-10-31,taekwon_bin,@normal_chungguk 오늘 맥주 안주로 프리츠 ㄱㄱ??,2023-10-31
5661,ddimmi96_2023-10-31,wwwnnsss,나 그럼 구운감자말고 이거먹는다?,2023-10-31
5662,ddimmi96_2023-10-29,scoktaaa._,I like cheese 😍😍,2023-12-29
5663,ddimmi96_2023-10-29,97_sohee7,@93_myung_jin 플렉스하자,2023-12-15
5664,ddimmi96_2023-10-29,yestand_0921,롯ㄷ리아 롱치즈스틱,2023-12-09
5665,ddimmi96_2023-10-29,ilmlix_1,ㅇㄴ 언니 양손 다 쓸거면 나머지 한 손에도 라텍스장갑 껴줘요ㅜㅜ😂😂😂😂😂,2023-11-25
5666,ddimmi96_2023-10-29,xi.on12,와 그것도 뿌링 치즈스틱이네ㅣ,2023-11-20
5667,ddimmi96_2023-10-29,gimhyobin878,저요,2023-11-06
5668,ddimmi96_2023-10-29,2yxlrq,これなに？おいしそう,2023-11-06
5669,ddimmi96_2023-10-29,y.2so_,전 치즈 스틱 완줜 싫어함여 그니깐 고정 ㅋ,2023-11-04
5670,ddimmi96_2023-10-29,wi__kayla,@ganibanedrianne i want these !!! Why doesnt Mac have Cheese stick,2023-11-04
5671,ddimmi96_2023-10-29,_ll.z9,@kgm__9.7,2023-11-03
5672,ddimmi96_2023-10-29,__ji_yugram,@c___bang 지유 치즈스틱 사죠ㅠ,2023-11-02
5673,ddimmi96_2023-10-29,yul_h._0e12,아...개마싰겠다 츄르릅,2023-11-01
5674,ddimmi96_2023-10-29,yxxwid_,@wlqrkrht1vrk 😋,2023-10-29
5675,ddimmi96_2023-10-29,p._.hh.0224,@j._.hs.0118 배고파,2023-10-29
5676,ddimmi96_2023-10-29,_abirami46,So cheeezyyyyyyy😍,2023-10-29
5677,ddimmi96_2023-10-29,1207iui,이뻐요,2023-10-31
5678,ddimmi96_2023-10-29,backinthetrack,구라안치고 내가 500배 맛있게 먹음,2023-11-01
5679,ddimmi96_2023-10-24,yeseul8396,포도알 진짜 크당!! 머거보구싶당!!🫒💚,2024-01-17
5680,ddimmi96_2023-10-24,leave_me_be_123,"Those look amazing, I want one!! 😭",2023-12-21
5681,ddimmi96_2023-10-24,_su_y14,@secretddiyong,2023-11-01
5682,ddimmi96_2023-10-24,emptyolm,Cute😂❤️,2023-10-31
5683,ddimmi96_2023-10-24,jamie_craft75,포도 나무에서 노랗게 잘익은 샤인머스켓이 개꿀이지.. 솔직히 빨리 출하된 샤인은 개맛없는거임..,2023-10-30
5684,ddimmi96_2023-10-24,icyxvrs,I am the first ❤️,2023-10-29
5685,ddimmi96_2023-10-24,na_dan_04,저도 주세요,2023-10-28
5686,ddimmi96_2023-10-24,jiaxiiz,Salivating rn,2023-10-26
5687,ddimmi96_2023-10-24,siva___x____,What are you saying I don't know😢,2023-10-24
5688,ddimmi96_2023-10-24,jjuha0516gmail,샤인머스캣맛있겠다😍,2023-10-24
5689,ddimmi96_2023-10-24,xogml_song.10,딸기가초록? 그거 상한건데,2023-10-24
5690,ddimmi96_2023-10-24,heeyomagram,네이버에 설리당 검색하면 띠미 인스타가 맨위에있네💖,2023-10-24
5691,ddimmi96_2023-10-03,h._.wo.o6,무슨 닭강정이에요?,2024-01-14
5692,ddimmi96_2023-10-03,spring_min_2,헐 오토김밥 지이인짜 마싯어요 진짜 양념 코팅이 탕후루 같아요🤣 저기 옴청 마싯어요!!!,2023-11-26
5693,ddimmi96_2023-10-03,bona_1217,오토김밥 닭강정 존맛....,2023-11-23
5694,ddimmi96_2023-10-03,yxxed_x,@zzhj_98 이게 내가 요즘 빠진 닭강정이다!!??,2023-11-01
5695,ddimmi96_2023-10-03,jeongyeorin5,너무 맛있겠당. 치킨 탕후루,2023-10-11
5696,ddimmi96_2023-10-03,ohj____,여기는 고추냉이김밥이랑 닭강정조합 진짜🫶🏻,2023-10-05
5697,ddimmi96_2023-10-03,my_life_professional,맛있다. 별로다 진심만을 표현 하시는 리액션의 지존~ 계속 보게되는 중독~,2023-10-04
5698,ddimmi96_2023-10-03,masoomeh._.niazi,😮😮wvaa,2023-10-03
5699,ddimmi96_2023-10-03,ssohyeon._._,오토김밥 김밥도맛잇구..강정도맛잇어요…대박,2023-10-03
5700,ddimmi96_2023-10-03,seojaeduk,와아ㅏ 치킨 탕후루😶,2023-10-03
5701,ddimmi96_2023-10-03,siva___x____,Where is subtitles english.....?,2023-10-03
5702,ddimmi96_2023-10-03,rami__0216,어라 오토김밥 일하는곳 근처에 있는데 이거이거..한번 가줘야겠네요!!!,2023-10-03
5703,ddimmi96_2023-10-03,klmheejae,혁명이네..,2023-10-03
5704,ddimmi96_2023-10-03,mahanaim_128,진짜맛있게따요😢,2023-10-03
5705,ddimmi96_2023-10-03,_1209.14,어디서 시키나요오😮😮,2023-10-03
5706,ddimmi96_2023-10-01,wool_.o,다식도 진짜 비싼 추석선뮬 설날선물로 들어오는걸ㄹㅎ 먹으면 진심 존맛탱임 많이먹어도 맛잇음,2024-03-16
5707,ddimmi96_2023-10-01,j_h__90,먹어보고싶은거만 드시네,2023-12-15
5708,ddimmi96_2023-10-01,sn.yu08,어린이집에서 다도배울때 가끔씩 먹었는데,2023-11-06
5709,ddimmi96_2023-10-01,gold_u_03,다도하면서 조금씩 먹으면 진짜 맛있는데,2023-11-03
5710,ddimmi96_2023-10-01,yangi1998_,이거...문케이크 맞죠?,2023-11-02
5711,ddimmi96_2023-10-01,86_unni,제삿상에있던 검정색만 맛있던ㅋㅋ,2023-11-01
5712,ddimmi96_2023-10-01,nambawan_____,진짜 ㅈㄴ 무서움,2023-10-30
5713,ddimmi96_2023-10-01,j._1kh,다식은 콩가루ㅇ와 꿀을 섞어서 많이 만든데요…!!!,2023-10-26
5714,ddimmi96_2023-10-01,iam._.b.k,@n.uxoee_ 아 나 이거 조아했는뎁..,2023-10-19
5715,ddimmi96_2023-10-01,baefuckyouil,아이라인 바꾼게 훨힌 깔끔하고 이뿌세요~,2023-10-10
5716,ddimmi96_2023-10-01,maemmae9,넘 먹고 싶다ㅏ,2023-10-03
5717,ddimmi96_2023-10-01,ji_xeu12,이거 꿀 뿌려 드시면 맛있어여,2023-10-03
5718,ddimmi96_2023-10-01,hit_jjang,그냥 단 밀가루맛...검정은 깨맛이였던 기억이나네요,2023-10-03
5719,ddimmi96_2023-10-01,toetoet_afriyanthii,😍,2023-10-03
5720,ddimmi96_2023-10-01,2cono_m2,@c.h_miin 다식 드십시오...,2023-10-02
5721,ddimmi96_2023-10-01,pgy3310,@d._ye12,2023-10-02
5722,ddimmi96_2023-10-01,lover_revol__,애기때 할머니집에서 먹어본거같은데 이거,2023-10-01
5723,ddimmi96_2023-10-01,irisevgi0527,비쥐엠 지하철 들어올때 노래인줄 알았어...,2023-10-01
5724,ddimmi96_2023-10-01,jo_usu,그건 한과인 다식이에요,2023-10-01
5725,ddimmi96_2023-10-01,jo_usu,다시,2023-10-01
5726,ddimmi96_2023-10-01,__sun__kissed_,너는 매우 귀엽다 🐰 🩷,2023-10-01
5727,ddimmi96_2023-10-01,seojaeduk,오오옹 참깨맛나는 옛날 간식😶,2023-10-01
5728,ddimmi96_2023-10-01,doting_638,어디서 팔아요?,2023-10-01
5729,ddimmi96_2023-09-28,j___soo_kyoung._.91,통큘탕후르는진짜 신세계여뜸👏ㅋㅋㅋ,2023-12-21
5730,ddimmi96_2023-09-28,ajineeey,@dahye_10.1 신상이래.....,2023-11-11
5731,ddimmi96_2023-09-28,yanghongchun43,おいしそう！,2023-10-18
5732,ddimmi96_2023-09-28,lee_dan.bi,@y_jae14 요건 먹어보고프다..!,2023-10-16
5733,ddimmi96_2023-09-28,pila.sun2,@1021_wj 🤤,2023-10-08
5734,ddimmi96_2023-09-28,dho.en_,@si_05.07 통귤 한번 먹어보고 싶은데,2023-10-07
5735,ddimmi96_2023-09-28,afn9034,❤️,2023-10-05
5736,ddimmi96_2023-09-28,mswmhsmdy89,우리는 오렌지를 먹습니다. 돈이 얼마나 있나요?,2023-10-04
5737,ddimmi96_2023-09-28,_j_eun___,@ingu.h 이따 귤탕후루만들어먹장🍊,2023-10-03
5738,ddimmi96_2023-09-28,na_.yun2,와우!! 한입에 귤이 다 들어가시네여!!,2023-10-02
5739,ddimmi96_2023-09-28,joseula_x_x,@h.shoo___ 왕가에도 통귤나왔나바 조만간 훠궈먹고 사머거보쟈ㅋㅋ,2023-09-30
5740,ddimmi96_2023-09-28,gangduweon85,😍😍😍,2023-09-29
5741,ddimmi96_2023-09-28,fadouuuu_pretty,So cringe,2023-09-29
5742,ddimmi96_2023-09-28,jxmate3,Ya madure señora,2023-09-28
5743,ddimmi96_2023-09-28,sinsunmi1219,통귤 탕후루 냉동실에 넣어놨다가 먹으면 시원해서 더 맛있어요,2023-09-28
5744,ddimmi96_2023-09-28,roseecoco_h,@ahyunzzz 오늘 탕훌루룰룰루…?,2023-09-28
5745,ddimmi96_2023-09-28,yu_t0703,전 이미 머거봤슴다,2023-09-28
5746,ddimmi96_2023-09-28,pairy__,🤤🤤🤤🤤🤤🤤,2023-09-28
5747,ddimmi96_2023-09-28,_ke_zi_yx_za_ra_,Ur look like hinata 🤍✨,2023-09-28
5748,ddimmi96_2023-09-28,seojaeduk,통귤 탕후루🤩,2023-09-28
5749,ddimmi96_2023-09-28,yun_j_94,@md_yj_1107 재준이 먹으라해방,2023-09-30
5750,ddimmi96_2023-09-28,yena.2014,어떻게 귤을 한입에 먹을수가 있지?,2023-09-29
5751,ddimmi96_2023-09-26,jihoo_5762,그거 투게더랑 같이 먹어 주에요💕💕,2023-12-11
5752,ddimmi96_2023-09-26,hello._.cupido,난 이거 좋아하는데..,2023-11-05
5753,ddimmi96_2023-09-26,__yeah_h,근데 어디 보면서 말하시는 거예요? 천장에 뭐가 있나요?,2023-11-05
5754,ddimmi96_2023-09-26,dnjs__e_,이건 리액션이 과하지 않아서 보기 너무 편해요ㅠㅠㅠ,2023-09-30
5755,ddimmi96_2023-09-26,gangduweon85,❤️❤️,2023-09-29
5756,ddimmi96_2023-09-26,jjeong_1218_,@gimdongho108,2023-09-27
5757,ddimmi96_2023-09-26,seojaeduk,오래된 창고 안에 있는 책맛??,2023-09-26
5758,ddimmi96_2023-09-26,wxjjee,설탕은 달달한데..,2023-09-26
5759,ddimmi96_2023-09-26,moon_shadow505050,😍,2023-09-26
5760,ddimmi96_2023-09-26,ghk0348,저는 개인적으로 이거 옛날에 맛있게 먹었어요 :),2023-09-26
5761,ddimmi96_2023-09-26,neaimall,에프에 구워 먹어보세용,2023-09-26
5762,ddimmi96_2023-09-26,oseunghun747,"오래된 창고, 사무실, 책 먹어봤냐고ㅋㅋㅋㅋㅋ",2023-09-26
5763,ddimmi96_2023-09-26,klmheejae,솔직한 유튜버네요,2023-09-26
5764,ddimmi96_2023-09-26,siva___x____,"This, is nabadi😂😂",2023-09-26
5765,ddimmi96_2023-09-24,paul_sangkwon,생축축 저희 바른치킨을 이용해주셔서 감사합니당,2025-04-16
5766,ddimmi96_2023-09-24,yeseul8396,해피버스데이 투 미이이이이이이이!!!!!🎂👏,2024-01-17
5767,ddimmi96_2023-09-24,_ambraaloi_,★ ☆¸.•°”˜˜”°•.¸☆•°”˜˜”°•.¸☆ ★,2023-11-25
5768,ddimmi96_2023-09-24,"╔╗╔╦══╦═╦═╦╗╔╗ (¯`v´¯)
║╚╝║══║═║═║╚╝║ `·.¸.·'
║╔╗║╔╗║╔╣╔╩╗╔╝ ★ ¸.•°
╚╝╚╩╝╚╩╝╚╝═╚╝ (¸.·´ (¸.·☆
★ƁȉГƬǶƊÅɣ ƬȮ ɣȮȔ┌iiii┐☆
hx.y.2",🎂🎂😘,2023-11-24
5769,ddimmi96_2023-09-24,daeun3192,너무 늦었지만 생일 축하해욤!!!,2023-11-19
5770,ddimmi96_2023-09-24,eleneelene4037,Hapi Birthday 😍😍🥳🥳🥳,2023-11-19
5771,ddimmi96_2023-09-24,donya._.tk16,🥲🤤🤤🤤💯💯🍗🍗🍗🍗🍗🍗🍗🍗🍗🍗🍗🍗🍗🍗🍗🍗🍗🍗🎂🎂🎂🎂🎂🎂🎂🎂🎂🎂🎂🎂🧋🥳🥳🥳🥳🥳🥳,2023-11-10
5772,ddimmi96_2023-09-24,wrtellllll,Happy Birthday To You aunt Ddammi love uu,2023-10-24
5773,ddimmi96_2023-09-24,2440_ee,@lucyy7500 사줘,2023-10-10
5774,ddimmi96_2023-09-24,eomlee13,생일축하해,2023-10-05
5775,ddimmi96_2023-09-24,__sun__kissed_,생일 죽하해오 💫🎉🩵💘🎉🎉,2023-10-04
5776,ddimmi96_2023-09-24,y_120314,생일 축하해요!,2023-10-03
5777,ddimmi96_2023-09-24,eerika149,Happy Birthday🥳🥳,2023-10-01
5778,ddimmi96_2023-09-24,mmelissadaa,Happy BIRTHDAYYYYYYY❤️❤️❤️❤️,2023-10-01
5779,ddimmi96_2023-09-24,dila_gunes_isik,Happy Birthday to you!!!❤️,2023-10-01
5780,ddimmi96_2023-09-24,"This is for you:🎁🧁🧋🥮🎂🧸💖💝💙💚💛🧡❤️💜🇰🇷🪷

And your song:Happy Birthday to you!!Happy birthday to you!!Happy birthday to you…

❤️❤️❤️❤️❤️❤️❤️❤️❤️❤️❤️❤️❤️❤️❤️❤️❤️❤️❤️❤️❤️❤️❤️❤️❤️❤️❤️❤️❤️❤️❤️❤️❤️❤️❤️❤️🫶🫶🫶🫶🫶🫶🫶🫶🫶🫶🫶🫶🫶🫶🫶🫶🫶🫶🫶🫶🫶🫶🫶🫶🫶🫶🫶🫶🫶🫶🫶🫶🫶🫶🫶🫶🧸🧸🧸🧸🧸🧸🎂🎂🎂🎂🎂🧸🧸🧸🧸🧸🧸🧸
oreo230122",생일 추카 합니당!!!!!,2023-10-01
5781,ddimmi96_2023-09-24,gli_nt1,생일 축하해요 띠미 언니💗💗,2023-09-28
5782,ddimmi96_2023-09-24,raniya_seitzhan15,Happy birthday 🎂🎂,2023-09-27
5783,ddimmi96_2023-09-24,lovely_joy0214,생일 축하드려요 🎉,2023-09-27
5784,ddimmi96_2023-09-24,olgutag,Happy birthday 🥳🥳🎈🎈,2023-09-27
5785,ddimmi96_2023-09-24,miyyuuss,Happy birthday,2023-09-26
5786,ddimmi96_2023-09-24,bijou_loveme,@7x11n 봐바 케이크에다가 꼭 안하지?,2023-09-26
5787,ddimmi96_2023-09-24,wo.nx13,온니 생일 축하ㅐ여ㅕㅕㅕㅕ,2023-09-25
5788,ddimmi96_2023-09-24,itz_cururu120,Congratulations! Many years of life! 💋❣️💌🎂,2023-09-25
5789,ddimmi96_2023-09-24,ye1._.1007,생일축하해용♡,2023-09-25
5790,ddimmi96_2023-09-24,im___arm,생일 축하해요🥳🌟,2023-09-25
5791,ddimmi96_2023-09-24,wooobbxx,OTONJOUBI OMEDETO!!!!,2023-09-24
5792,ddimmi96_2023-09-24,bakhora__95,Что у неё с губами?,2023-09-24
5793,ddimmi96_2023-09-24,tuanatav_7080,🥳🤡🙈,2023-09-24
5794,ddimmi96_2023-09-24,tuanatav_7080,생일 축하해요,2023-09-24
5795,ddimmi96_2023-09-24,ryy._.hj.03_,happy birthday~~~,2023-09-24
5796,ddimmi96_2023-09-24,janghanbyeol13,생일 축하해영🔥핱ㄱㄱ함😍🔥,2023-09-24
5797,ddimmi96_2023-09-24,klmheejae,살그만처빼,2023-09-24
5798,ddimmi96_2023-09-24,tomw1e,Happy birthdayy 💞,2023-09-24
5799,ddimmi96_2023-09-24,_amrita_94,Happy birthday🎂,2023-09-24
5800,ddimmi96_2023-09-24,priyankakri541,Happy birthday!!🎉🎂👯,2023-09-24
5801,ddimmi96_2023-09-24,tae.rinkim,생일 축하드려요 !!,2023-09-24
5802,ddimmi96_2023-09-24,s1jnva,HAPPY BIRTHDAY💕,2023-09-24
5803,ddimmi96_2023-09-24,endkntt,언니 생일축하해용,2023-09-24
5804,ddimmi96_2023-09-24,mingharim,생일축하해요😍,2023-09-24
5805,ddimmi96_2023-09-24,niayesh_asd,Happy birthday beautiful,2023-09-24
5806,ddimmi96_2023-09-24,bobokim_lina,생일추카합니당 사랑하는 띠미님~!생일추카합니당!!❤️❤️,2023-09-24
5807,ddimmi96_2023-09-24,silk_a09,생일 추카 드려요!!🎉🎊,2023-09-24
5808,ddimmi96_2023-09-24,seojaeduk,우와아아ㅏㅏ… 치킨 케잌😮 띠미님 생일 축하드려요🥳,2023-09-24
5809,ddimmi96_2023-09-24,solo_girl1,Happy birthday 🍰🎂,2023-09-24
5810,ddimmi96_2023-09-24,y.b.in_,생일 축하해언니🎂🎂,2023-09-24
5811,ddimmi96_2023-09-24,hxn._.9,저도 언니랑 생일 똑같아요 ㅠㅠㅠ 언니 생일 축하하고 맛있는거 잔뜩 먹어요 ❤️❤️ 사랑해요,2023-09-24
5812,ddimmi96_2023-09-24,mehronakhonnn,Happy Birthday sweetie 🎂🫶🏻💞,2023-09-24
5813,ddimmi96_2023-09-24,brave97s,생잏축하행❤️❤️❤️,2023-09-24
5814,ddimmi96_2023-09-24,sib.03n,생일축하해 🎉,2023-09-24
5815,ddimmi96_2023-09-24,seoyeon04,Happy birthday!!,2023-09-24
5816,ddimmi96_2023-09-24,giannf090,HAPPY BIRTHDAY!! 🎂🎂🎂🎂,2023-09-24
5817,ddimmi96_2023-09-24,seoyeon04,생일축하해요!!🎉🎁🎊🎊,2023-09-24
5818,ddimmi96_2023-09-23,_eum4,저 주세요.,2024-04-19
5819,ddimmi96_2023-09-23,citrra787,Kukira @lucintaluna_manjalita mungkinkah dengan bengkel yang sama? @nia_hindarnia,2024-03-20
5820,ddimmi96_2023-09-23,yeseul8396,헉 근뎅 이거 언제 다 머거욧? 너무 큰뎅 ㅋㅋㅋㅋㅋㅋ,2024-01-17
5821,ddimmi96_2023-09-23,hassbelkadder,너무 다정하고 보고 싶고 채널이 너무 좋네요 오타가 있었을지도 모르겠네요 저는 터키 사람이에요 🇹🇷 영상에서 터키 음식을 먹어볼 수 있나요 언니?,2023-12-12
5822,ddimmi96_2023-09-23,hassbelkadder,너무 다정하고 보고 싶고 채널이 너무 좋네요 오타가 있었을지도 모르겠네요 저는 터키 사람이에요 🇹🇷 영상에서 터키 음식을 먹어볼 수 있나요 언니?,2023-12-12
5823,ddimmi96_2023-09-23,xinli._.p,@toalsla 우와.... 싼타 탤미~ 이프 유어 뤨리 데어~~ 돈 메이크미 잇 댓~~~~,2023-11-09
5824,ddimmi96_2023-09-23,ha.__.zeng,@h_sso.__.y 이거 ㅋㅋㅋㅋ먹는사람이 잇구낰ㅋㅋ,2023-11-06
5825,ddimmi96_2023-09-23,_10.20xk,한입에 깨물면 입천장 다까져서 그날 잠못잘듯,2023-11-04
5826,ddimmi96_2023-09-23,huy_gtalv,@yoen_channy 😒,2023-11-03
5827,ddimmi96_2023-09-23,sin_89_ys,쯔양 출동,2023-11-03
5828,ddimmi96_2023-09-23,becky_0430,@_callia09 와...👏👏,2023-11-02
5829,ddimmi96_2023-09-23,yjuuuuyo,@lv25____ 쟈기야...,2023-11-01
5830,ddimmi96_2023-09-23,shahynazqthy,مرا كرنج طريقة وتصرفات😐😑,2023-10-14
5831,ddimmi96_2023-09-23,_yew.0n,띠미님 이건 히밥님이랑 같이먹어야 할것 같아요 …ㄷㄷ,2023-10-13
5832,ddimmi96_2023-09-23,ririkoue_11.11,🍙,2023-10-10
5833,ddimmi96_2023-09-23,anjalidabre2,Ok contact me I'll help you.,2023-10-07
5834,ddimmi96_2023-09-23,moon_mmm_03,고아원 같은 데 주면 좋겠다,2023-10-04
5835,ddimmi96_2023-09-23,junseong159,@raffine_ttu 이게무야..,2023-10-03
5836,ddimmi96_2023-09-23,shim0421,다 조각내서 이웃에게 선물해열,2023-10-03
5837,ddimmi96_2023-09-23,yerxnnn,@jangseoyeong8712 먹을 수 있겠는 걸,2023-10-02
5838,ddimmi96_2023-09-23,__osm.739,맛있겠다..,2023-10-02
5839,ddimmi96_2023-09-23,hanizzzzang,@s.minu,2023-10-01
5840,ddimmi96_2023-09-23,pink0chu,@mangna_1025 #ㅈ아 진짜 제발 나도 줘,2023-09-30
5841,ddimmi96_2023-09-23,jjung______e,"@824.030 누데이크,,갈까,,??ㅌㅋㅋㅋㅋㅌ",2023-09-29
5842,ddimmi96_2023-09-23,rominyoung,@lyn_jjin 도전?,2023-09-29
5843,ddimmi96_2023-09-23,gangduweon85,🍞,2023-09-29
5844,ddimmi96_2023-09-23,nagihan.ttky,Why am I on the Korean side of Instagram💀💀,2023-09-28
5845,ddimmi96_2023-09-23,__j_jj,@sunnyo_oynnus 나 이 크로와상이 먹고싶다,2023-09-28
5846,ddimmi96_2023-09-23,ha._mk.ong7_16,중독성 ㄷㄷ,2023-09-28
5847,ddimmi96_2023-09-23,marah._.ana_,مالها هاد,2023-09-28
5848,ddimmi96_2023-09-23,laugh0211,@sorimi_sugar 나 이거 너무탐나🤤,2023-09-27
5849,ddimmi96_2023-09-23,sub_ni.k,@young_bin_kim,2023-09-27
5850,ddimmi96_2023-09-23,j_yeonnn_,@yeon_su0219,2023-09-27
5851,ddimmi96_2023-09-23,__________sangeun__________,@yooni_ss,2023-09-27
5852,ddimmi96_2023-09-23,devil_ravvit,저게뭐여....쓰레기를만들어팔아...,2023-09-27
5853,ddimmi96_2023-09-23,mukstar_md,😂😂😂,2023-09-27
5854,ddimmi96_2023-09-23,yuzuuuu.0818,これは…何？？,2023-09-26
5855,ddimmi96_2023-09-23,_chxwxj,이웃 분들한테 기부 하시죠,2023-09-26
5856,ddimmi96_2023-09-23,y_un_seul_,@seohoo_1103 이거얔ㅋㅋ누데이크 십마넌짜리..,2023-09-26
5857,ddimmi96_2023-09-23,atugarisan,되게 큰 버터간장맛 삼각김밥 보는 느낌인데요 ㅋㅋㅋㅋㅋ 개커 짱커 ㅋㅋㅋㅋㅋㅋㅋ,2023-09-26
5858,ddimmi96_2023-09-23,euuns.u,@loveun_a 저거 진짜 김임,2023-09-25
5859,ddimmi96_2023-09-23,paydlc,엄마.. 얘 나무 껍질먹어..,2023-09-25
5860,ddimmi96_2023-09-23,love_j_19,맛 없고 뉴데이크 자체가 역겨워여,2023-09-25
5861,ddimmi96_2023-09-23,_pix4ih,من ملامحها تحسونها بيك مي بس هي مو بيك مي,2023-09-25
5862,ddimmi96_2023-09-23,b_b.gr,한입만,2023-09-24
5863,ddimmi96_2023-09-23,luv_ji_y,@i_so.om31 이고다!!,2023-09-24
5864,ddimmi96_2023-09-23,solo_girl1,Try rasgulla,2023-09-24
5865,ddimmi96_2023-09-23,h_yeong_r,@won._.mu 와 먹고싶음ㅋㅋㅋㅋ,2023-09-24
5866,ddimmi96_2023-09-23,jh_h1n,@hs.__.stagram ..? 니가 말항거 이거야..?? 이걸 다 먹어..?? 충격,2023-09-24
5867,ddimmi96_2023-09-23,j_s_171,@g_d__min 보기만햐도 배불러,2023-09-24
5868,ddimmi96_2023-09-23,shadi.z20232,😂😂😂,2023-09-24
5869,ddimmi96_2023-09-23,_jjjug_18,سكينة واياتي فرع كوريا 😭😭😭😭😭😂😂❤️,2023-09-24
5870,ddimmi96_2023-09-23,sig.oh_luthier,대식가들 5명끼리 먹어야될꺼 같아요ㅋㅋㅋ,2023-09-23
5871,ddimmi96_2023-09-23,arisa_aom1402,당신은 매우 귀엽습니다🌙🌾,2023-09-23
5872,ddimmi96_2023-09-23,hyukk_roy,진짜 커요,2023-09-23
5873,ddimmi96_2023-09-23,siva___x____,Hey share some food for children okey that's gave you lots of like 🔥🙌,2023-09-23
5874,ddimmi96_2023-09-23,dkshield1983,😂💯💯,2023-09-23
5875,ddimmi96_2023-09-23,nexyw0,Give me pls😭,2023-09-23
5876,ddimmi96_2023-09-23,sujin_jo0304,헐 신기해여,2023-09-23
5877,ddimmi96_2023-09-23,mahanaim_128,헐...사고싶자나요❤️,2023-09-23
5878,ddimmi96_2023-09-23,1malowim,🔥🔥🔥,2023-09-23
5879,ddimmi96_2023-09-23,klmheejae,아존나부러워,2023-09-23
5880,ddimmi96_2023-09-14,joanna8304,저승젤리ㅋㅋㅋ,2023-11-02
5881,ddimmi96_2023-09-14,danpungbe,서문시장 계영과자점에 판다 하데요,2023-09-20
5882,ddimmi96_2023-09-14,g.eul2,방향제 먹어보셧나?....,2023-09-16
5883,ddimmi96_2023-09-14,soaertio,그거 제사때 올리는 젤리아님?,2023-09-16
5884,ddimmi96_2023-09-14,zeynabjon36,❤️❤️❤️❤️❤️❤️❤️❤️,2023-09-16
5885,ddimmi96_2023-09-14,atugarisan,한국식 제~~~~~리 ㅋㅋㅋㅋㅋㅋ 아니 차량용 방향제맛이라는데 안먹어도 무슨맛인지 알거같아요 ㅋㅋㅋㅋㅋ,2023-09-15
5886,ddimmi96_2023-09-14,yerin7013,그거 제삿 상에다가 놀눈거아니에요?,2023-09-15
5887,ddimmi96_2023-09-14,_minkerbell_j,제사상 제리가 왜 먹방에..,2023-09-15
5888,ddimmi96_2023-09-14,k.soon_1.45,약간 한국식 젤리라 제리임,2023-09-15
5889,ddimmi96_2023-09-14,ghazal.1._195,Jfbfv djdvdjv,2023-09-14
5890,ddimmi96_2023-09-14,ghazal.1._195,Fjfhtchdjgc,2023-09-14
5891,ddimmi96_2023-09-14,_amrita_94,Yummy😍,2023-09-14
5892,ddimmi96_2023-09-14,choi_spring_,@eun_so_woo_ 저거항상 맛있겠다 하다 먹고 항상 실망했는데 다음에 또 보면 또 땡김,2023-09-14
5893,ddimmi96_2023-09-14,itscbil,your lips are beautiful 🥲🌷,2023-09-14
5894,ddimmi96_2023-09-14,gangduweon85,❤️❤️❤️,2023-09-14
5895,ddimmi96_2023-09-07,sarang2704,중국간식 ❤❤,2024-02-19
5896,ddimmi96_2023-09-07,yool_329,나는 중국간식 별로 맛없다 손!,2023-11-24
5897,ddimmi96_2023-09-07,iseoeun995,온니 중국간식에서 이상한거 많이 나오니깐 마니 먹지망..,2023-11-13
5898,ddimmi96_2023-09-07,yeh_lomilk,4탄은 없어요??????,2023-11-08
5899,ddimmi96_2023-09-07,hirajjjjj_hr,😂😂😂😂,2023-11-07
5900,ddimmi96_2023-09-07,mijeong5107,솔지키 중국간식 맛없음,2023-11-06
5901,ddimmi96_2023-09-07,coyjee_11,저게 배부르게 먹을수 있구나,2023-11-06
5902,ddimmi96_2023-09-07,jelly._.jini,@ymin.j98 난 중국간식 입에 잘맞는것가탸😂,2023-11-05
5903,ddimmi96_2023-09-07,6548loveye,예뻐요.,2023-11-04
5904,ddimmi96_2023-09-07,aguccim119,밥반찬 모음집 인가욬ㅋ?,2023-10-15
5905,ddimmi96_2023-09-07,syn1_206,설곤약 해주세요,2023-10-10
5906,ddimmi96_2023-09-07,15.rodaon,@saewoni_p,2023-10-05
5907,ddimmi96_2023-09-07,m.xu01z,"저희 아부지는 ""중국꺼에 마약이 들어가있을 수 있다~""""언젠간 아플 수도 있다..""라면서..먹지 말레요",2023-10-01
5908,ddimmi96_2023-09-07,1uvlyju,첫번째거 존맛임,2023-09-20
5909,ddimmi96_2023-09-07,__kimeunbin__,밥빤챤!,2023-09-19
5910,ddimmi96_2023-09-07,svtsyx_hoshi3,看饿了😢,2023-09-18
5911,ddimmi96_2023-09-07,amira_bekdouche,Pick Mee 😒😒😒,2023-09-18
5912,ddimmi96_2023-09-07,ho_sin563,چه خب میخوره😂😂😂😂😂😂,2023-09-18
5913,ddimmi96_2023-09-07,shadi.z20232,❤️❤️,2023-09-09
5914,ddimmi96_2023-09-07,brave97s,새우 미쳤다와,2023-09-08
5915,ddimmi96_2023-09-07,zeynepyilmaz8127,"I'm only focused on you sister, you're so beautiful, I don't care about what you eat because👉🇹🇷🇹🇷",2023-09-08
5916,ddimmi96_2023-09-07,7.60xu,ㅌㅋㅋㅋㅋㅋ배불러 넘 귀여워요,2023-09-08
5917,ddimmi96_2023-09-07,x._.smile._.maker._.x,Can I join with you🤤😀,2023-09-08
5918,ddimmi96_2023-09-07,__char.ming_,"기승전결 밥반찬 너무 귀엽네,,,",2023-09-07
5919,ddimmi96_2023-09-07,post.at.home,저걸로 탕후루 만들고싶다😮😂,2023-09-07
5920,ddimmi96_2023-09-07,dkshield1983,💯💯💯,2023-09-07
5921,ddimmi96_2023-09-07,leenx._89,Beautiful 😍❤️,2023-09-07
5922,ddimmi96_2023-09-07,gangduweon85,🤩🤩🤩🤩,2023-09-07
5923,ddimmi96_2023-09-07,armed_522,So imut lu,2023-09-10
5924,ddimmi96_2023-09-07,arselaika,Ngiler banget,2023-09-09
5925,ddimmi96_2023-09-07,myysagitarius_girl,쓸모없는 쓰레기,2023-09-08
5926,ddimmi96_2023-09-07,asqi_zp27,침이 흐르네요,2023-09-08
5927,ddimmi96_2023-09-07,asqi_zp27,몇 살이에요?,2023-09-08
5928,ddimmi96_2023-09-06,cherish_bjm,....전 아이스크림세계과자라는 가게에..( 정확히 기억이안남) 있길래 사서 한입 두입 먹고는 .......탈났어요ㅠ,2024-01-23
5929,ddimmi96_2023-09-06,eomlee13,언니 고양이 사료맛이 뭐양??ㅋㅋ,2023-12-25
5930,ddimmi96_2023-09-06,jjeong_1218_,@gimdongho108,2023-09-27
5931,ddimmi96_2023-09-06,7k_14gr,고양이 사료 조아하셍영??,2023-09-14
5932,ddimmi96_2023-09-06,ynseg01,고양이 사료 맛을 어캐 알지?,2023-09-09
5933,ddimmi96_2023-09-06,cyapu_08125,마지막에 먹은거 하나하나 종이처럼 붙어있는데 떼서 먹으면 더 먹기 좋고 맛있어요..!,2023-09-09
5934,ddimmi96_2023-09-06,seojaeduk,중국간식🙌❤️,2023-09-07
5935,ddimmi96_2023-09-06,parthi6600,You spend much for eating🙌,2023-09-07
5936,ddimmi96_2023-09-06,camillemilla,Cebelapa imut ci akk,2023-09-07
5937,ddimmi96_2023-09-06,breathe93,😍😍😍,2023-09-07
5938,ddimmi96_2023-09-06,_amrita_94,You r so cute 🙏❤️,2023-09-06
5939,ddimmi96_2023-09-06,gangduweon85,❤️❤️,2023-09-06
5940,ddimmi96_2023-09-06,dkshield1983,😂💯💯,2023-09-06
5941,ddimmi96_2023-09-06,ddimmi96,💗유튜브에 중국간식 asmr 풀영상 보러오세요!,2023-09-06
5942,ddimmi96_2023-09-06,"💗私のYouTubeに中国のおやつフル映像asmrを見に来てください！字幕があります
💗Come watch a full video of Chinese snacks on my YouTube! There are subtitles
tania________22",😍❤️👏🙌🙌❤️❤️❤️❤️❤️❤️❤️❤️❤️😍😍😍😍😍😍😍ㅗㅁㅣㅐ❤️❤️,2023-09-08
5943,ddimmi96_2023-09-06,cil_rawrrrrrr,다 할랄인가요??,2023-09-08
5944,ddimmi96_2023-09-06,naylaa_tokk,당신은 재미있다 ❤️❤️❤️❤️❤️🙌,2023-09-07
5945,ddimmi96_2023-09-06,nnalthfnsa,@tylrrswftie jadi laper,2023-09-07
5946,ddimmi96_2023-09-04,yeseul8396,근뎅 중국간식은 거의 다 마라얌 마라마라🥵🔥,2024-01-17
5947,ddimmi96_2023-09-04,vivian.enhypen.engene,To Respect & Appreciate The Foods & The Country 🙏🙏,2023-11-03
5948,ddimmi96_2023-09-04,vivian.enhypen.engene,Please Don't Make A Wanna Vomit Face 🙏🙏,2023-11-03
5949,ddimmi96_2023-09-04,k_aia12,오늘도 힐링❤️‍🔥❤️‍🔥,2023-09-07
5950,ddimmi96_2023-09-04,jeongyerin_09,저는 중국과 혼혈인이라서 중국 간식에 입맛이 완전 맞더라고여,2023-09-06
5951,ddimmi96_2023-09-04,ddimmi96,💗유튜브에 중국간식 asmr 풀영상 보러오세요!,2023-09-06
5952,ddimmi96_2023-09-04,"💗私のYouTubeに中国のおやつフル映像asmrを見に来てください！字幕があります
💗Come watch a full video of Chinese snacks on my YouTube! There are subtitles
dkshield1983",😂😍💯,2023-09-04
5953,ddimmi96_2023-09-04,gangduweon85,🇨🇳,2023-09-04
5954,ddimmi96_2023-09-04,seojaeduk,와아ㅏ 낼 중국간식 asmr🙌,2023-09-04
5955,ddimmi96_2023-09-04,remus7629,Mmm delicious food,2023-09-04
5956,ddimmi96_2023-09-04,donttouch_sufiyan,나는 그것을 좋아한다,2023-09-04
5957,ddimmi96_2023-09-04,klmheejae,아휴 잘먹어랑~ㅎ,2023-09-04
5958,ddimmi96_2023-09-04,__seein,보기만해도 짭잘해요..,2023-09-04
5959,ddimmi96_2023-09-04,siva___x____,Hahahah nice😂,2023-09-04
5960,ddimmi96_2023-09-04,ga.qx_on,맜있겟다....쩝...,2023-09-04
5961,ddimmi96_2023-09-04,ddimmi96,⭐️구입처 정보: 또요몰⭐️,2023-09-04
5962,ddimmi96_2023-09-04,"이번영상은 또요몰 무상협찬을 받았습니다!
나머지 중국간식은 이어서 2탄, 3탄으로 올라갈 예정이에요!
9/5일 유튜브에 중국간식 ASMR 올라가니 다들 보러와주세용!😍
nehakarnkarn8",😂😂😂😂😂😂😂😂,2023-09-07
5963,ddimmi96_2023-09-04,ms.chocolate_lover_1_8,Vammmoooo annnii yala thintav amma adhi kadupa lekapote cheruvaa 😂😂😂😂😂😂😂😂😂😂,2023-09-07
5964,ddimmi96_2023-09-04,devil_raja777,What u talking i cant understand 😂 I AM INDIAN 🇮🇳,2023-09-07
5965,ddimmi96_2023-09-04,_sh7des_,Kawaii,2023-09-06
5966,ddimmi96_2023-09-04,kareena_m_ansari,🤣🤣🤣sab khajao ek din insan bhi kha Jana 😂,2023-09-05
5967,ddimmi96_2023-09-04,alone__x9_,🇮🇳🔥,2023-09-05
5968,ddimmi96_2023-09-04,kumarparameet,👏👏👏👏👏👏😍😍😍😍,2023-09-05
5969,ddimmi96_2023-09-04,_blueb3rry_kuro__,😍😍,2023-09-05
5970,ddimmi96_2023-09-04,mondalsakila477,😂😂😂,2023-09-04
5971,ddimmi96_2023-09-03,kim_hanjung,@kwak_sanghoney,2024-03-16
5972,ddimmi96_2023-09-03,nadii5133,보석컬러테라피로 너무나 잘 만든 ᆢ요 간식 먹어보고 싶어요~~~~대박이야,2023-12-23
5973,ddimmi96_2023-09-03,yeh_lomilk,엄청 예쁘게 생겼어요!,2023-11-08
5974,ddimmi96_2023-09-03,e_wowhowru,Part three pleaseeeee,2023-10-28
5975,ddimmi96_2023-09-03,__m1xqs,언니 예전에 조명키고 노랑모리에다가 머랭쿠키 모양별로 먹는거 생각난다,2023-09-21
5976,ddimmi96_2023-09-03,lapeke110,Pls part 3,2023-09-17
5977,ddimmi96_2023-09-03,j1._.y00ng,3탄도 해주세용,2023-09-10
5978,ddimmi96_2023-09-03,paradise__goldozi,😋😋😋♥️👏,2023-09-06
5979,ddimmi96_2023-09-03,0z1222y,솔직 리뷰여서 넘 좋당,2023-09-04
5980,ddimmi96_2023-09-03,vitarsh_,wahhh aku ngerti bahasanya... ga sia-sia nonton drakor bertahun-tahun 🤣,2023-09-04
5981,ddimmi96_2023-09-03,remus7629,Mmmm delicious desserts,2023-09-04
5982,ddimmi96_2023-09-03,seojaeduk,보석간식😮,2023-09-04
5983,ddimmi96_2023-09-03,you_jini814,3탄도 기대할게요👏👏👏,2023-09-03
5984,ddimmi96_2023-09-03,ym._.xn,언니..똥모양이라니…,2023-09-03
5985,ddimmi96_2023-09-03,siva___x____,It's too sweet😍😍 hahaha👏🙌,2023-09-03
5986,ddimmi96_2023-09-03,dkshield1983,💯💯💯,2023-09-03
5987,ddimmi96_2023-09-03,gangduweon85,💎,2023-09-03
5988,ddimmi96_2023-09-03,rotting_eye_,i love this sound 😍,2023-09-03
5989,ddimmi96_2023-09-03,_abirami46,Anybody's know??? What's the intro is this ...in English???,2023-09-03
5990,ddimmi96_2023-09-03,_ma.hyaa_,"엄청 맛있는 것 같은데, 이 음식 이름이 뭔가요?!",2023-09-03
5991,ddimmi96_2023-09-03,ddimmi96,"남은 보석간식도 찍어달라해서 찍어봤어용 😋
1탄도 재밌으니 1탄 안보신분들 보러오세용",2023-09-03
5992,ddimmi96_2023-08-24,y__a_22,これ美味しくて好き。,2023-11-17
5993,ddimmi96_2023-08-24,"供えた後によく食べてた
dal0405",이거 어디서 샀어요?,2023-11-14
5994,ddimmi96_2023-08-24,nambawan_____,니 얼굴이 더 신기하다 아니 무섭다,2023-11-04
5995,ddimmi96_2023-08-24,gaji_tan_beam,베스밤같다,2023-10-19
5996,ddimmi96_2023-08-24,toshiminn,와 나도 먹어본적 없는데 😂😂😂😂,2023-10-15
5997,ddimmi96_2023-08-24,popo604,え、落雁じゃないの？？？大好物！！食べる物じゃないって日本人のコメント多くてびっくり((((；ﾟДﾟ)))),2023-10-14
5998,ddimmi96_2023-08-24,are_dayo,일본인은 먹지 않습니다,2023-10-13
5999,ddimmi96_2023-08-24,"제물입니다
jenna_lovely13",비누같아요,2023-10-08
6000,ddimmi96_2023-08-24,powarin104,飾りです。食用ではないです。,2023-10-04
6001,ddimmi96_2023-08-24,eccentricposh,日本人でも食べない物食べて笑える,2023-10-04
6002,ddimmi96_2023-08-24,seo_yeonl2012,칠판에 그걸로 한번 써주세요,2023-10-03
6003,ddimmi96_2023-08-24,topokki_nusumigui,이거 먹는사람 처음 봤어요 ㅠㅠㅠ,2023-09-29
6004,ddimmi96_2023-08-24,hyunee._.b,"@2_0_jean @dbzl15 분필 과자 …? 신기 ,,,,,,,,",2023-09-23
6005,ddimmi96_2023-08-24,oneeslil,일본은 예전엔 비누를 씹어먹었나요🤔,2023-09-19
6006,ddimmi96_2023-08-24,yeonjun365day,망치로 부숴서 드시면 돼요,2023-09-19
6007,ddimmi96_2023-08-24,nanadasu.7,私も子供の時コレ食べようとしたら、それ砂糖の塊やからやめときなさい。ってばあちゃん👵に言われたわ,2023-09-16
6008,ddimmi96_2023-08-24,minjunwoo515,이것 먹을게아닌데....ㅎ,2023-09-16
6009,ddimmi96_2023-08-24,onlymil_k,😱😱😱😱😱,2023-09-14
6010,ddimmi96_2023-08-24,"NOーーーー😂
cherry_soda1980s",日本ではお盆に家に帰ってくる先祖の霊にお供えして、お盆最後の日にお焚き上げしてあの世に帰る霊のお土産にします,2023-09-13
6011,ddimmi96_2023-08-24,pikatakun,小学生の頃好きで食べてました～甘くて美味い,2023-09-11
6012,ddimmi96_2023-08-24,kyoiku_bangu3,ええ、、、。,2023-09-10
6013,ddimmi96_2023-08-24,_als._jun11,분필아니에요?ㅋㅋㅋㅋ,2023-09-09
6014,ddimmi96_2023-08-24,10nekomimi10,食べれないことはないけど、御供え物だから日本では食べる事はないかな、、,2023-09-09
6015,ddimmi96_2023-08-24,k_aia12,온니 넘 커욥당!!,2023-09-07
6016,ddimmi96_2023-08-24,kako_ryusei916,お盆の仏壇に飾ったよ。,2023-09-07
6017,ddimmi96_2023-08-24,kako_ryusei916,それ、食べる人初めてみた。飾り用。,2023-09-07
6018,ddimmi96_2023-08-24,tomiiii._.d,落雁ってみんな食べないんだ……,2023-09-06
6019,ddimmi96_2023-08-24,tasotasotaso1212,それ飾りですよ笑,2023-09-04
6020,ddimmi96_2023-08-24,"日本でも食べてる人
あまりみたことないです笑笑
choi_wooyoung33",달콤한 분필😂😂😂 어떤맛일지 감이 안와요😂,2023-09-02
6021,ddimmi96_2023-08-24,lullu.o3o,언니 치아 조심해요...ㅜㅜ,2023-09-01
6022,ddimmi96_2023-08-24,nihonbashi_masao,それ食べ物じゃないぞw,2023-08-31
6023,ddimmi96_2023-08-24,nh_mugiko,これ砂糖を固めた物ですよ💦,2023-08-30
6024,ddimmi96_2023-08-24,"確かカラフルなのはフィルムで包んであるからのはず💦
フィルムごと食べてますね💦
14.dewmelina",pikmi,2023-08-27
6025,ddimmi96_2023-08-24,j_hwanggg,"even after major facial surgery, her face looks fake and unsightly😂😂😂😂😂",2023-08-27
6026,ddimmi96_2023-08-24,anarchy_bbby,how are you soo pretttyyyy👏👏👏❤️❤️❤️🔥,2023-08-27
6027,ddimmi96_2023-08-24,yoyoman.jihye,옥춘이라고 하던가...맛있었는뎅,2023-08-27
6028,ddimmi96_2023-08-24,we_67mai,어렸을 때 할머니집에서 많이 먹었어 ㅋㅋㅋ,2023-08-25
6029,ddimmi96_2023-08-24,"일본인이라도 안 먹는 사람 많네
너무 맛있는데😄
_pwrettis.x7",You are so cute,2023-08-24
6030,ddimmi96_2023-08-24,_pwrettis.x7,Hello l am indian 🇮🇳 and 💜ᗷTS⟭⟬💜 army ⟬⟭💜 namaste,2023-08-24
6031,ddimmi96_2023-08-24,sanbaka8845,実はこの間仕事場でベトナムの実習生からいただきましたwお花かわいい甘くて美味しいと思ったんですかね？食べました私は好きです,2023-08-24
6032,ddimmi96_2023-08-24,dkshield1983,😂😍😍,2023-08-24
6033,ddimmi96_2023-08-24,oknofjeo,それって食べれる物だったんですね！知らなかったです😅,2023-08-24
6034,ddimmi96_2023-08-24,_teto_kasaneee,"언니, 사탕도 먹어요",2023-08-24
6035,ddimmi96_2023-08-24,gangduweon85,😍😍😍,2023-08-24
6036,ddimmi96_2023-08-24,wwwnnsss,절에서 사온 비누아니지?,2023-08-24
6037,ddimmi96_2023-08-24,shino.g13,飾り用かな💦食べようとは思わない:( ;´꒳`;),2023-08-24
6038,ddimmi96_2023-08-24,sparkling_paper276,お盆に仏壇にお供えするもので現代の日本人であまり食べている人を私の友人や知人、一族で見ません…🫣💦あまり美味しいとは言えないですよね…😂,2023-08-24
6039,ddimmi96_2023-08-24,ddimmi96,여러분! 지난번 영상 댓글을 보니 우리나라 추석때처럼 일본에서 명절에 제사상 올리는 데코용이래요! 잘 먹지는 않는다고해요 😲!!,2023-08-24
6040,ddimmi96_2023-08-24,sevdaplgs,Youuu aree so beautifull 💝,2023-08-24
6041,ddimmi96_2023-08-22,nadin90_f10n12,شيلي الطحين الي عوجهك لأنو عامل زي لوح التلج😂😂,2023-11-07
6042,ddimmi96_2023-08-22,k_aia12,공감 100%,2023-09-07
6043,ddimmi96_2023-08-22,_abirami46,Big lollyyyyy popppppppppppp😍,2023-08-25
6044,ddimmi96_2023-08-22,youtubecreatorskorea,띠미 ddimmi님 채널의 영상이 인기 급상승 Shorts에 올랐어요!🥳🎉 띠미님이 드시는 건 머랭 쿠키도 떡도 과일도 두 배로 맛있어 보이는 매직✨ 앞으로도 맛있는 간식 많이 소개해 주세요😚,2023-08-24
6045,ddimmi96_2023-08-22,mr_portrait_45_,👏👏,2023-08-23
6046,ddimmi96_2023-08-22,b.lara.ozy,Ettiğim kahvaltı minimum şeker seviyesi:,2023-08-22
6047,ddimmi96_2023-08-22,dkshield1983,💯💯💯,2023-08-22
6048,ddimmi96_2023-08-22,yasra_mansuri2009,아름다운 ❤️❤️,2023-08-22
6049,ddimmi96_2023-08-22,_kd_ragu_143_,ILoveyou😍😍😍❤️❤️❤️💋💋💋💋💋,2023-08-22
6050,ddimmi96_2023-08-22,vtaemuks,YOU ARE SO CUTE🫶🏼,2023-08-22
6051,ddimmi96_2023-08-22,wo.nx13,하트 칠십 만들었당,2023-08-22
6052,ddimmi96_2023-08-22,uvvcyvkgblv,😋😋😋❤️❤️❤️💋💋💋,2023-08-22
6053,ddimmi96_2023-08-22,minyoung9382,머랭쿠키 맛있겠네유!,2023-08-22
6054,ddimmi96_2023-08-21,1212_01_,ㅡ,2023-11-05
6055,ddimmi96_2023-08-21,eccentricposh,亡くなった方の食べる物です,2023-11-04
6056,ddimmi96_2023-08-21,otyarake.doragon,日本でそれ食べてる人あんまり見た事ないかも！｡ﾟ(ﾟ ◜ᵕ◝ﾟ)ﾟ｡,2023-10-23
6057,ddimmi96_2023-08-21,unknown____0227,이거랑 녹차도같이먹으면맛있어👍🏻,2023-09-23
6058,ddimmi96_2023-08-21,s2_love_sc,분필 맛을 알...아요? 어케 알수가 있지요?😂ㅋㅋㅋ,2023-09-10
6059,ddimmi96_2023-08-21,powarin104,落雁食べてる人初めてみた😮日本人だけど、食べたことない。,2023-09-10
6060,ddimmi96_2023-08-21,alizayy_xiz,왜 너는 항상 나에게 군침을 돌게 만드는지,2023-09-08
6061,ddimmi96_2023-08-21,_fltkwwid_,저 과자는 불단(仏壇)에 올리는 과자예요,2023-09-07
6062,ddimmi96_2023-08-21,"그냥 간식으로 드셔도 되는데 일반적으로는 고인을 위해 드리는 과자입니다^^
songyi0601",옥춘사탕 같은건가..,2023-09-05
6063,ddimmi96_2023-08-21,i_____0316,석고방향제인줄😮😮😮😂,2023-09-04
6064,ddimmi96_2023-08-21,jihyun2eo,@songhyeong214 우리 먹었던거 ㅋㅋㅋㅋㅋ,2023-08-28
6065,ddimmi96_2023-08-21,mantrasoni,Why your lips are bleeding💀,2023-08-27
6066,ddimmi96_2023-08-21,exbop22xx,お盆の時に使うお供えものですね。食べられるらしいですが、おいしいかどうかは...。,2023-08-24
6067,ddimmi96_2023-08-21,"この落雁の見た目はかわいいですね。
jiamama0414",이 과자 이름은 라쿠간이에요! 라쿠간은 차 모임과 불교 행사 등의 제사 음식에 이용되는 경우가 많아요!! 다도를 하시는 분들은 먹을 기회가 있겠지만 보통 간식으로 먹으는 사람은 많지 않아요.근데 이것 보다 부드러운 것도 있고 맛있어요😁이렇게 딱딱하게 만들어 되어있는 라쿠간은 오래 올려도 상하지 않게 만든 완전이 불교행사용 라쿠간이에요.😅,2023-08-23
6068,ddimmi96_2023-08-21,remus7629,Mmmmmmm delicious 😂,2023-08-22
6069,ddimmi96_2023-08-21,remus7629,Mm,2023-08-22
6070,ddimmi96_2023-08-21,he.y_e0n,동결건조 같아요 ㅎㅎ,2023-08-22
6071,ddimmi96_2023-08-21,gangduweon85,😄😄😄,2023-08-21
6072,ddimmi96_2023-08-21,hoseyni4033,❤️❤️❤️❤️❤️❤️❤️❤️❤️❤️❤️❤️❤️❤️❤️,2023-08-21
6073,ddimmi96_2023-08-21,wo.nx13,헐 1시간 전에도 띠미님 채널 여기 보고있었는데 새로 나와서 몇빠지??하고 왔는데 417빠..?,2023-08-21
6074,ddimmi96_2023-08-21,silk_a09,어우.... 소리만 들어도 이빨 아플 거 같네요.....😢,2023-08-21
6075,ddimmi96_2023-08-21,blossomz_611,落雁(라쿠강)일 것 같네요! 녹차랑 먹으면 맛있어요~!!,2023-08-21
6076,ddimmi96_2023-08-21,ha0o25,과자지만 그것은 불단에 장식으로 주는 과자입니다...ㅋㅋㅋ,2023-08-21
6077,ddimmi96_2023-08-21,safari_saver,😮,2023-08-21
6078,ddimmi96_2023-08-21,seojaeduk,일본 옛날 분필(?) asmr😶,2023-08-21
6079,ddimmi96_2023-08-21,anaava2523,❤️,2023-08-21
6080,ddimmi96_2023-08-21,anaava2523,❤️,2023-08-21
6081,ddimmi96_2023-08-21,anaava2523,🙌❤️,2023-08-21
6082,ddimmi96_2023-08-21,we_67mai,일본인입니다!! 이거 좋아해요🤍ㅎㅎ 뭔지 모르는데 그냥 맛있어요 ㅋㅋㅋ,2023-08-21
6083,ddimmi96_2023-08-21,dkshield1983,💯💯💯,2023-08-21
6084,ddimmi96_2023-08-21,__xryem10_,You make my mouth melting 😆❤️,2023-08-21
