COMMENT_ID,POST_ID,COMMENTER_ID,COMMENT_TEXT,COMMENT_DATE,AUTHOR_ID
1,o.haru_2025-07-31,sunkyeppi,너무맛있겠다....먹고시퍼ㅜㅜㅜ이맛있는걸 새벽에본 내가잘못이지ㅜㅜ못참구 라면끓이러가요ㅎㅎ 하루님 오늘영상도 잘보고 가요🫶🏻💕💕,2025-07-31,o.haru
2,o.haru_2025-07-31,bbubbeubee,언니완전맛맀게잘먹어요 부러워요그리고너무예쁘거귀여워요,2025-07-31,o.haru
3,o.haru_2025-07-31,rinicism,ㅠㅠㅠ너무맛잇겟다.. 오모리김치찌개 한번도 먹어본적없는데 먹어볼게요!!!!,2025-07-31,o.haru
4,o.haru_2025-07-31,haemi.q,진챠 하루님 먹방 매번 소름..저는 하루도 안빼먹고 오모리 라면만 먹던 시기가 있었답니댜…❤️,2025-07-31,o.haru
5,o.haru_2025-07-31,cocoballl_,저도 오모리 되게 좋아했는데..!!! 안 먹은지 오래돼써요 뚱뚱김밥 넘 맛있어보여요🥹🥰,2025-07-31,o.haru
6,o.haru_2025-07-31,2008_1212_,아 귀여워ㅜㅜㅠ 오모리김치찌개라면꼭머거볼게요❤️❤️,2025-07-31,o.haru
7,o.haru_2025-07-31,c.x0zn,언니는 참 면을 좋아하시는듯여.. 저도한입주세요,2025-07-31,o.haru
8,o.haru_2025-07-31,eldiebdmlqlwlksm,오모리 김치찌개 틈새버전 나온건 몰랐네요? 넘 맛있어보여요!! 항상 잘보고갑니다 대리만족 쩔어요🙏,2025-07-31,o.haru
9,o.haru_2025-07-31,tamdayproject,먹방의 신 하루님,2025-07-31,o.haru
10,o.haru_2025-07-31,lse_t.diary,김밥이랑 라면은 진짜 대박이죠!!>< 저도 라면 최애 못고르겠는데 요즘은 또 진라면이 먹고싶어요!! 오모리 김치찌개 라면은 안먹어 봤는데 맛있겠어요!! 꼬마김밥도 좋아하는데>< 하루님은 그냥김밥과 꼬마김밥중 무슨김밥이 더 좋으시나요!?!!??!!,2025-07-31,o.haru
11,o.haru_2025-07-31,ixoyunho,하루님너무귀여워요,2025-07-31,o.haru
12,o.haru_2025-07-31,j.iiiiiiiii_9,언닝 ㅜ 너무맛잇게먹어서 저두배고파요 ㅠ 말차먹방너무기대돼요!!!,2025-07-31,o.haru
13,o.haru_2025-07-31,ijustloveu3u,와 오모리ㅁㅊㄸ 저거 시험기간때 스카에서 엄청머것다죠.. 진짜맛있어요,2025-07-31,o.haru
14,o.haru_2025-07-31,manduck_x3x,김밥 두께 미쳤다,2025-07-31,o.haru
15,o.haru_2025-07-31,dduk2232_,맵기는 어느정두에요?!!,2025-07-31,o.haru
16,o.haru_2025-07-31,ikarina51,김밥+마요네즈ㅁㅊ당……,2025-07-31,o.haru
17,o.haru_2025-07-31,siyo_on0419,하루님 마녀김밥 로제떡보끼 한번만 드셔주세욥...💗💗,2025-07-31,o.haru
18,o.haru_2025-07-31,yeonui2,오모리 김치 찌개 라면 언제 먹어봐야겠다 츄릅..,2025-07-31,o.haru
19,o.haru_2025-07-31,eunchae.5ve,와 밤인데 군친이 싹 돌아여🤤,2025-07-31,o.haru
20,o.haru_2025-07-31,8sakinyong,라면김밥은정말정말유명하고마싯는조합이죠 와근데 김밥이 진짜 맛있어보여요 ㅜㅜ 저내일 밑에 교정하는데 며칠간 죽 인생을 살아야해서 언니영상보며 버틸게요ㅜㅜ😇💕💕 괜찮아지자마자 라면 김빱조합 먹어야겟어요 새벽에봐서그런지더더..배고픈..😭😭🪽 운니 나중에 족발 먹어쥬세요💕💕💕,2025-07-31,o.haru
21,o.haru_2025-07-31,rafethan.clk,진짜 먹고 싶다... ㅠㅠ,2025-07-31,o.haru
22,o.haru_2025-07-31,nah_bandeira7,14시간좋아요 1개답글 달기,2025-07-31,o.haru
23,o.haru_2025-07-31,cohsub,김밥이 나랑똑같아..... 뚠뚠해..... 마씯겟다저도한입만주세요,2025-07-31,o.haru
24,o.haru_2025-07-31,k.jae_s8,와개맛잇겠다틈새오모리한번도안먹어봣는데도전해봐야겟음,2025-07-31,o.haru
25,o.haru_2025-07-31,seogaeun10,언니 혹시 다음 디저트 영상에는 시원한 투게더에 약과 과자 먹방 올려주시면 안될까요?😍😍😍😍,2025-07-31,o.haru
26,o.haru_2025-07-31,r3mpuia._.fanai,오늘 하루도 멋진 하루 보내시길 바랍니다,2025-07-31,o.haru
27,o.haru_2025-07-31,1xovey0u,"진짜저런김밥은ㄹㅇ 국가에서보호해줘야 함… 김밥안에정의,용기,감동,온기,사랑이모든게전부다들어있음……..",2025-07-31,o.haru
28,o.haru_2025-07-31,2_b.h,하.. 이 시간에 사기야 🫠,2025-07-31,o.haru
29,o.haru_2025-07-31,hongji_yam,이 시간.. 헬스장에 있으면 위험한 이유….,2025-07-31,o.haru
30,o.haru_2025-07-31,hayoeeee,아 짖짜 에바다..하,2025-07-31,o.haru
31,o.haru_2025-07-31,zb1__.s,아틈새는 다좋지틈새러브틈새틈새,2025-07-31,o.haru
32,o.haru_2025-07-29,piaoao0,와ㅈㅉ로개천재다,2025-07-29,o.haru
33,o.haru_2025-07-29,rod_qlc,헙..역시 먹으실줄 아시군요ㅠㅠ🥹🥹🔥🔥,2025-07-29,o.haru
34,o.haru_2025-07-29,phyllis.bluee,저 가루 진짜 뿌링클 맛 나나요?,2025-07-30,o.haru
35,o.haru_2025-07-29,8sakinyong,헐 저 오늘뿌링클도먹구 핫도긔도 먹엇어요 둘다 합쳐서 먹는거 보니새롭네요 저 명랑핫또긔 진짜 좋어하는데 이건 못참죠!!! 먹하루 조합 <<< 이름부터 믿음직 먹하루조합 영상 자주올려주세요옹😍😍🪽💕,2025-07-29,o.haru
36,o.haru_2025-07-29,snx._e,"하루냄.., 그냥사랑해요 ㅠ",2025-07-29,o.haru
37,o.haru_2025-07-29,__xxlue,와제발저파는건줄알앗잔아요 명랑핫도그에서인절미핫도그같은거나온줄알앗어요근데뿌링핫도그라니생각만해도침고여요 소스랑같이먹으면상큼하고덜물릴것같내요다섯개도먹을수잇을것같아요 맛잇는거+맛잇눈거=너무맛잇는거 라는공식이딱이네요 집에뿌링클시즈닝하나씩은꼭쟁여둬야겟네요거의생필품🤤🤤 오늘도넘맛잇어보여요체고에요언니맛잇는거마니머거요♡♡,2025-07-30,o.haru
38,o.haru_2025-07-29,bori_kie,먹잘알의 탑..🔥,2025-07-29,o.haru
39,o.haru_2025-07-29,_laminere,드뎌 뿌링클 핫도그가 왔네요!,2025-07-29,o.haru
40,o.haru_2025-07-29,lse_t.diary,어머어머 뭐에요 이거 진짜 맛도리 아닌가요 뿌링클 가루랑 핫도그 소리도 좋고 맛있도 있을거 같아요!! 여기에 뿌링뿌링 소스도 같이 먹으면 진짜 맛있겠어요!! 하루님 최애 핫도그 있으신가요??,2025-07-29,o.haru
41,o.haru_2025-07-29,o.haru___,1.명랑핫도그를 준비한다.,2025-07-29,o.haru
42,o.haru_2025-07-29,yessirlesser,온닝 너무 탐나여…,2025-07-29,o.haru
43,o.haru_2025-07-29,cocoballl_,아 근데ㅠ…이건 진짜 대박이에오ㅠ….말도안됨 ㅠㅠ,2025-07-30,o.haru
44,o.haru_2025-07-29,hazppw17,진짜 맛 비슷한가요 ? 실패머무많이해바서 ㅠㅠㅠㅠ,2025-07-30,o.haru
45,o.haru_2025-07-29,hongji_yam,"오앙 하루님이 드신 뿌링가루도 맛나 보여요,,😍 지금 먹는 거 다 무그면 갈아타봅니다!!!!!❤️",2025-07-30,o.haru
46,o.haru_2025-07-29,yeonui2,미춌다..!! 🤤,2025-07-30,o.haru
47,o.haru_2025-07-29,siyo_on0419,이 조합 반칙 아니냐구여.....💗💗,2025-07-29,o.haru
48,o.haru_2025-07-29,zainqnd,진짜미쳣어여,2025-07-30,o.haru
49,o.haru_2025-07-29,8ozizo,헐대박맛잇겟다 썸네일만보고 콩고물인줄알앗어요 뿌링클뭐지그 사이드메뉴볻 훨씬바삭해보이고완전좋은데여 파삭파삭꾸겨지는거 넘마싯겟다... 요거트소스까지뿌러먹으면 배민걍지워도되죠 명랑핫도그는 당장신메뉴출시하라,2025-07-29,o.haru
50,o.haru_2025-07-29,km.rah,아언니진짜이쁘다,2025-07-29,o.haru
51,o.haru_2025-07-29,saerom._12,우와 1분전,2025-07-29,o.haru
52,o.haru_2025-07-29,ok_tuk_2,대박이에여ㅠ,2025-07-29,o.haru
53,o.haru_2025-07-29,seogaeun10,언니 혹시 다음 영상에는 시원한 투게더에 약과 과자 먹방 올려주시면 안될까요?부탁드립니다,2025-07-30,o.haru
54,o.haru_2025-07-29,xute.17,와대바구ㅜㅜㅜㅜㅜㅜㅜㅜㅜㅜ제발저도합석하게해주세욯제발제발제발진짜이밤에침만꿀떡꿀떡삼키고있어요ㅠㅠㅠㅜㅜㅜㅜㅜ,2025-07-30,o.haru
55,o.haru_2025-07-29,wowttgi,"요거트소스 대용량 멋있써요 ,,,,,,,,,, 저두 따라 살게여 … 🤍",2025-07-30,o.haru
56,o.haru_2025-07-29,xe.21k,파는게 아니였다니 천재가 맞군요,2025-07-30,o.haru
57,o.haru_2025-07-29,mingkymangky,천대,2025-07-30,o.haru
58,o.haru_2025-07-29,made.inyenn,말차 아이스박스 막어주셰여ㅐㅣ,2025-07-30,o.haru
59,o.haru_2025-07-29,ifo_undlove,언니 먹방영상도 올려쥬세요,2025-07-30,o.haru
60,o.haru_2025-07-29,s_bbbinn,와....,2025-07-30,o.haru
61,o.haru_2025-07-29,zxcbvus,와....,2025-07-30,o.haru
62,o.haru_2025-07-29,xxjdhsiak,요즘 제일 땡기는건데..❤️❤️❤️😢,2025-07-30,o.haru
63,o.haru_2025-07-29,dolemi125,저시즈닝이름이 뭐에요? 바른미각들어갔더니 뿌링클시즈닝은 없어서,2025-07-30,o.haru
64,o.haru_2025-07-29,canwepopin,미친거같아요언니(p),2025-07-30,o.haru
65,o.haru_2025-07-29,accv.vx,꺅 이거완전 맛도리조합이네요,2025-07-30,o.haru
66,o.haru_2025-07-29,muk_yooniya,헙 너무 맛있어보여욥 !!!! 😍,2025-07-30,o.haru
67,o.haru_2025-07-29,chaussonsauxpomme,온니 요렇게 드시면 안짠가용??,2025-07-31,o.haru
68,o.haru_2025-07-29,a.j1n6,미쳤죠,2025-07-31,o.haru
69,o.haru_2025-07-29,glaemfekt,부럽다,2025-07-31,o.haru
70,o.haru_2025-07-28,__xxlue,와제발저곱도리탕정말정말조아해요ㅜㅜ 이거색도찐하고촉촉하고맛잇는토핑듷도한가득들어잇는게정맣밥도둑이네요… 왕큰숟가락으러푹푹퍼먹는거넘귀엽고맛잇어보여요하아배고파… 저그리구저런부들부들한계란찜너무좋아해서무조건추가해서먹읗것같아요 대창입에왕창넣어서꾹꾹씹어드시는게너무침샘자극이되네요 이거보자마자진짜너무먹어보고싶어서 바로배민이써치해봣어요 배달가능한거리네요저정말루꼬옥먹어봐야겟어요 제가저런곱도리탕곱창전골낙곱새이런거엄청조아하거등요…💕💕 오늘정말환장할메뉴네요최고에요언니마싯는거마니머거요 오늘두정말조아요…♡♡,2025-07-28,o.haru
71,o.haru_2025-07-28,imnt_chaewon,언니 오늘도 넘ㅁ 긔여우세요ㅜㅜㅜ<3,2025-07-28,o.haru
72,o.haru_2025-07-28,8ozizo,헐하루언니 영상기다렷어요💗💗 와곱도리탕 때깔미쳣는데요 저도저렇게 큰숟가락에 곱도리탕 왕창퍼먹으면 소원이없을거같아요... 날치알주먹밥에 대창이랑닭이랑 얹어먹고 분모자흡입하고 계란찜으로입안진정시키고 이거무한반복할수잇어요 제발저요 계근상주변에잇는곳가면 꼭시켜먹어야겟어요대박 너무맛잇겟다ㅠㅠㅠㅠ 저녁에곱도리탕영상주면 저그냥폭주하죠 침샘다터져서 하루언니마싯는거많이먹고행복하세요 그러면저도행복해요 곱도리탕미쳣네 안되겟다공부때려치고 지금밥먹으러갑니다,2025-07-28,o.haru
73,o.haru_2025-07-28,lse_t.diary,하루님 반묶음에 하늘색 옷 진짜 겁나 예쁘세요🩷,2025-07-28,o.haru
74,o.haru_2025-07-28,siyo_on0419,대창 너무 맛있어 보여요ㅠㅠㅠㅠㅠ,2025-07-28,o.haru
75,o.haru_2025-07-28,man2uya,하루언니영상너무너무기다렷어요!!!!!근데헐……이영상보니까오랜만에 곱도리탕먹거싶어졋어요ㅜㅜ분모자까지너무맛잇겟다…🤤🤤,2025-07-28,o.haru
76,o.haru_2025-07-28,deanfluenza0,곱도리탕에분모자ㅠㅠㅠ역시ㅠㅠㅠㅠ진짜느무맛있게드세요...하배고파,2025-07-28,o.haru
77,o.haru_2025-07-28,_hxkeun,하ㅠㅠ 다이어트 중인데ㅠㅠ,2025-07-28,o.haru
78,o.haru_2025-07-28,8sakinyong,"한번두 안먹어봤는데 넘 맛있어보여어 ㅜ 제가 젤 먹어보고싶은게 닭도리탕인데 무슨맛?!..인가요?? 하루언니가먹는거보니까 더 땡김 엉엉슨 언젠간 ㅃㄹ 먹어야겠어요 더 참다가는 🙄🙄 저 날치알?주먹밥도진쩌조어하는데 ㅜ 톡톡터져가지고진짜너무햄볶해요,♡",2025-07-28,o.haru
79,o.haru_2025-07-28,grasseatingmankitten,가능하다면 영어자막을 넣어주실 수 있나요?,2025-07-28,o.haru
80,o.haru_2025-07-28,yeonui2,와...(감탄),2025-07-28,o.haru
81,o.haru_2025-07-28,hongji_yam,"헐 분모자 맛집,,😮 완전 잘 익히고 소스도 잘 밴 ㅠㅠㅠㅠ❤️",2025-07-28,o.haru
82,o.haru_2025-07-28,ijustloveu3u,곱도리탕인생nn년….왜 분모자를넣을생각을 안햇을까요,2025-07-28,o.haru
83,o.haru_2025-07-28,baegopa0_0_._,오늘 곱도리탕 릴스만 세번째..,2025-07-28,o.haru
84,o.haru_2025-07-28,mmmm.eho,왕큰숟가락으로 왕가득 푹푹 떠서 먹어주시니까 진짜 너무너무어무 만족스러움……… 다이어트 대리만족은 하루님이옳다… 짓짜 너무 맛있어보여요 으악,2025-07-28,o.haru
85,o.haru_2025-07-28,oswonsnow,왕숟가락으로 머그는거 ㄴㅁ커염지댜,2025-07-29,o.haru
86,o.haru_2025-07-28,odt9yoe7,여기 순두부추가가 개맛도리,2025-07-29,o.haru
87,o.haru_2025-07-28,kakashizex,와 곱도리탕 신청했는데 해주셔서넘갬동…♥︎,2025-07-29,o.haru
88,o.haru_2025-07-28,seogaeun10,언니 혹시 다음 영상에는 시원한 투게더에 약과 과자 먹방 올려주시면 안될까요 😍😍😍,2025-07-29,o.haru
89,o.haru_2025-07-28,yyanyy.yyang,혹시.. 예전에 유튜브 잠깐 하셨었나요? 주ㄷㅇ라는 이름으로,2025-07-29,o.haru
90,o.haru_2025-07-28,cherry._0930,"하루님 잠 못자셨나여 ㅠㅠ 눈이 빨개보여요,,",2025-07-29,o.haru
91,o.haru_2025-07-28,_hand_jy,렌즈정보좀요🔥❤️,2025-07-30,o.haru
92,o.haru_2025-07-25,c.x0zn,헐..너무 맛있을 것 같음..당에 빠져서 죽어도 좋을 맛,2025-07-25,o.haru
93,o.haru_2025-07-25,tamdayproject,아진짜 너무 권력있어요 너무 맛있겠다,2025-07-25,o.haru
94,o.haru_2025-07-25,ijustloveu3u,우와…넘맛있겠어요,2025-07-26,o.haru
95,o.haru_2025-07-25,sx_eun.1,오늘도 너무 맛있게드세요!❤️,2025-07-25,o.haru
96,o.haru_2025-07-25,sunkyeppi,스토리에 올리신거 두바이였군요ㅋㅋㅋ저는 콘치즈인줄 알았어용!! 오늘도 너무 귀엽고 이쁘네용..♥♥ 잘보고가용~~~💕💕💕,2025-07-26,o.haru
97,o.haru_2025-07-25,cocoballl_,으억 카다이프 소리 미춋다..🤤❤️,2025-07-26,o.haru
98,o.haru_2025-07-25,o.haru___,1.두바이 스프레드를 전자레인지에 10초씩 2번 돌린다.(촉촉),2025-07-25,o.haru
99,o.haru_2025-07-25,lse_t.diary,어!! 스토리보고 바질인가? 두바이 인가?? 라고 생각했는데 맞췄어요!!ㅎ 오늘 점수 다 10점 이상ㅋㅋㅋㅋ 두바이 초코 좋아하시군요??!!,2025-07-25,o.haru
100,o.haru_2025-07-25,8ozizo,헐!!!대박 완전맛잇겟다ㅠㅠ 두바이스프레드를 파는줄도몰랏는데 이만큼왕창찍어먹을수잇다며뉴무조건구매해야죠. 콰작콰작씹어먹는소리 너무좋아요 두바이스프레드 간접체험하는느낌 온갖초코랑과자에 다찍어먹으면 천국다이렉트로가죠 오늘도저대신 맛잇는디저트 마니먹어줘서고마워요언니 하루언니가말아주는먹방아님안먹어!!!!!!!!!!,2025-07-25,o.haru
101,o.haru_2025-07-25,onnanoko.x,와진짜먹고싶러,2025-07-26,o.haru
102,o.haru_2025-07-25,baegopa0_0_._,손톱 너무 예뿐디요,2025-07-26,o.haru
103,o.haru_2025-07-25,poopypoos2,와 소리도너무좋고 언니 너무 귀여워여😭😭😭,2025-07-26,o.haru
104,o.haru_2025-07-25,y_x.en10,요새 언니 먹방에 빠져버렸어요... 진짜 최고맛잘알에 소리도 왕좋아요...🫣💜,2025-07-26,o.haru
105,o.haru_2025-07-25,my_butthole.1s_strong,피스타치오죽같아요ㅎㅎ ㅇㄴ근데너무맛잘알이세요ㅜ,2025-07-26,o.haru
106,o.haru_2025-07-25,8sakinyong,두바이초코..맛잇나? 싶으면서도 은근 중독되는맛 //하루언냐가먹으니까 저두 땡기네요 ㅎㅎ 스토리보고 오므라이스인가 ㅋㅋ?햇는데 상상도못한 정체…저두 두바이초코 스프레드사서먹어바야겟어요 움냐냐맛있겠다ㅜ,2025-07-25,o.haru
107,o.haru_2025-07-25,2008_1212_,전혀예상하지못한답😍 언니귀여웡요,2025-07-26,o.haru
108,o.haru_2025-07-25,siyo_on0419,와... 페레로로쉐에 찍어먹을 생각을 하셨다니... 진짜 맛있어 보여요...🤤🤤,2025-07-25,o.haru
109,o.haru_2025-07-25,busscuak,하...사랑해...,2025-07-26,o.haru
110,o.haru_2025-07-25,hongji_yam,악 제가 사랑하는 두바이쪼꼬..❤️,2025-07-25,o.haru
111,o.haru_2025-07-25,chu.berup_jmt,소리 ㅁㅊ..🫠💚,2025-07-25,o.haru
112,o.haru_2025-07-25,yessirlesser,언니 부러워여..,2025-07-25,o.haru
113,o.haru_2025-07-25,chlrhdmltlddldspzhrkehlrhtlvdj,언니 나 약간 음식 알아보는 거 재능 없나봐 다 틀렸어,2025-07-26,o.haru
114,o.haru_2025-07-25,photo___.es,어..약간 비주얼이....,2025-07-26,o.haru
115,o.haru_2025-07-25,miiyaong_o0o,언니 두바이초콜렛 스프레드 한 개 담으신 거에여??,2025-07-26,o.haru
116,o.haru_2025-07-25,yesyouxkme,너무고능해…,2025-07-25,o.haru
117,o.haru_2025-07-25,218cow,권력미쳣끠,2025-07-25,o.haru
118,o.haru_2025-07-25,whdtjddktkfkdgormflrh_duddnjsg,허거덩스 이게 두바이였다늬....😮😮,2025-07-25,o.haru
119,o.haru_2025-07-25,milky.way2958,맞긴 맞네,2025-07-26,o.haru
120,o.haru_2025-07-25,deanfluenza0,님아....................................,2025-07-25,o.haru
121,o.haru_2025-07-25,jieuniyaaa,왁 미쳤다ㅏㅏ아아아악,2025-07-25,o.haru
122,o.haru_2025-07-25,minopond,와~~~ 짖짜 미쳤댜아아아으으어아아,2025-07-25,o.haru
123,o.haru_2025-07-25,wlqrkrhtlvekfkawnl2,헐 스토리보고 카레인줄 알앗는데..!!,2025-07-25,o.haru
124,o.haru_2025-07-25,yellm._.i,스프레드 어디껀가용??,2025-07-25,o.haru
125,o.haru_2025-07-25,gimm_chi,언니 렌즈 머껴여?? 넘 이뻐여 ㅜㅠ,2025-07-25,o.haru
126,o.haru_2025-07-25,carm_en1949,5일답글 달기,2025-07-26,o.haru
127,o.haru_2025-07-25,bbb.suzxn,@jeon_unni_ 먹어주세요,2025-07-26,o.haru
128,o.haru_2025-07-25,in_nnbnn,혹시 렌즈 뭔지 알 수 있을까요!???,2025-07-26,o.haru
129,o.haru_2025-07-25,ojiell_7,와천재다 이걸이렇게,2025-07-29,o.haru
130,o.haru_2025-07-23,8ozizo,와어른화채 개마싯겟다 저도내년에이거래먹을래요 하이볼화채😛😛먼가 하이볼도잇고 곰젤리도있고 mz식화채네염,2025-07-23,o.haru
131,o.haru_2025-07-23,lalalalalallo1,흐헝헝 개맛있을거 같아요 언니 행복하세요💕,2025-07-25,o.haru
132,o.haru_2025-07-23,lll__rx_puchu___lll,"와, 이 음식이 너무 좋아요 이 음료의 맛은 어때요? 🙌❤️",2025-07-24,o.haru
133,o.haru_2025-07-23,__xxlue,와잠기만언니천재에요????????? 너무맛잇겟다와 아니제가지에스에서 와인하이볼?? 먹어봣을때 솔직히쫌별로ㅠㅠ엿거등요 약간맥주에 포도한방울넣은맛나서… 군데요건너무너무맛잇어보여요요새더워서저숭라라갈것가툰데 요하이볼로화채만들어먹고하룰라라가야겟어요 항상온니가하는조합은전부 너무최고에요 마싯는거마니먹어요♡♡,2025-07-23,o.haru
134,o.haru_2025-07-23,ssibalww,취화채 ㅠㅠㅠ 맛있겠당,2025-07-23,o.haru
135,o.haru_2025-07-23,lse_t.diary,수박 저렇게 먹어보고 싶네요ㅎㅎ,2025-07-23,o.haru
136,o.haru_2025-07-23,yeonui2,"호곡 조합 잘알,, 하이볼 화채 맛나겄어요!",2025-07-23,o.haru
137,o.haru_2025-07-23,8sakinyong,이게어른의맛이라는거군요..저는 사이다로 먹어야겟어요 ㅜ 요즘 날씨가 너무너무더운데 하루님 더위먹지마시구 시원한거많이드세용💕💕 수박이 동글동글..커여워요,2025-07-23,o.haru
138,o.haru_2025-07-23,siyo_on0419,수박 너무 맛있어 보여요... 냉장고에 수박 있는데 꺼내러 가야지 ㅎㅎ,2025-07-23,o.haru
139,o.haru_2025-07-23,man2uya,여름엔수박화채…👏👏,2025-07-23,o.haru
140,o.haru_2025-07-23,hommelier_,수박이동글동글하루언니처럼넘귀여워요😍😍(언니가동그랗다는거아님.❤️),2025-07-23,o.haru
141,o.haru_2025-07-23,me6.ha,6일답글 달기,2025-07-25,o.haru
142,o.haru_2025-07-23,gyumawun,당장 수박화채 만들어야겠어요🤤,2025-07-23,o.haru
143,o.haru_2025-07-23,1xovey0u,아니근데 이거진짜뭡니까화채에청포도???!!!?하다시금강조하지만 진짜하루언니는천재가맞습니다 아니왜저맨날그렇게화채 주구장창뱃속에저장하면서 청포도생각을못한거죠삶의지혜감사함니다… 그리고수박이짱큰점에서매우감동받았습니다왜냐하면저는 여름만되면수박을하루에한통씩푸파하는여자이기때문이죠 하이볼..아직못먹는나이긴한데요ㅎㅎㅎ저장해뒀다가어른이되는그날이화채로파티하겠습니다 파리파리파리피플🤓🤩,2025-07-23,o.haru
144,o.haru_2025-07-23,seogaeun10,언니 혹시 다음 영상에는 시원한 투게더에 약과 과자 먹방 올려주시면 안될까요?😍😍😍부탁드립니다,2025-07-25,o.haru
145,o.haru_2025-07-23,dhdddhddh_,렌즈정보좀알려주세요ㅠㅠㅠㅠㅈㅂ요,2025-07-25,o.haru
146,o.haru_2025-07-23,young_posse_1,날씨가 너무 더워요ㅠㅠ 저도 저렇게 먹어봐야겠네요!!,2025-07-23,o.haru
147,o.haru_2025-07-23,eva_.eliz,불닭을 하라,2025-07-25,o.haru
148,o.haru_2025-07-23,p.e3eo,일단 저는 알콜화채.. 못 먹지만 오랜만에 화채 조져야겟어요..,2025-07-23,o.haru
149,o.haru_2025-07-23,codmsdlwkd,언니 혹시 윙스탑 먹어주실수 있나요?ㅠㅠㅠ 너무 먹고싶은데 멀어서 먹지를 못해요….,2025-07-25,o.haru
150,o.haru_2025-07-23,hongji_yam,"오늘 짱 더웠는디 보기만 해두 시원혀요,,❤️",2025-07-23,o.haru
151,o.haru_2025-07-22,8ozizo,헐대박 저버섯이랑치즈 완전처돌인데 이것도진짜맛잇어보여요ㅠㅠ 이메뉴면저도 마라불닭소스 헥헥거리면서 다먹을수잇을거같아요 대박 버섯 아그작씹히는소리 너무좋아여대박 와맛잇겟다 그리고언니 빨간국물흐르는음식 먹을때마다 영상뒤로갈수록 턱빨개지는거 너무웃기고귀여워요,2025-07-22,o.haru
152,o.haru_2025-07-22,sx.nz6,언니 제발 바치케찹살떡 드셔주시면 안돼나요 ㅠㅠㅠ 언니가 드시는거 보고싶어요🩷,2025-07-22,o.haru
153,o.haru_2025-07-22,ahsio._91,무ㅏ야!! 요즘 언니영상 많이 떠서 너무 잘 보고있눈 사람인뎁쇼 언니너무이쁘구먹잘알이공 오늘 음식도 너무 맛있어보여요🤍🤍 영상 업로드 감사해요오,2025-07-22,o.haru
154,o.haru_2025-07-22,spidersense_bzzzt,개맛있겠다,2025-07-22,o.haru
155,o.haru_2025-07-22,yagamila2to,헐.. 버섯 안좋아하는데 먹어보구싶어요…😍,2025-07-22,o.haru
156,o.haru_2025-07-22,__xxlue,와제발저버섯진짜조아해요 표고버섯제외하고모든버섯을진짜러좋아하는데이거너무맛잇어보여요치즈에마라에버섯????!! 정말너무최고에요배고파졋어요 버섯들이라오늘소리들두너무최고네요 영상보자마자파블로프의개마냥 침이흘럿어요너무조아요언니맛잇는거마니머거요,2025-07-23,o.haru
157,o.haru_2025-07-22,tjhyezxn,맛있겠다,2025-07-28,o.haru
158,o.haru_2025-07-22,lse_t.diary,식감 대박일거 같은데요!! 소리는 굉장히 좋은건 확정ㅎㅎ 버섯중에서 제일 좋아하시는 버섯 있으신가요??,2025-07-22,o.haru
159,o.haru_2025-07-22,1xovey0u,버섯 안조아하는사람인데요… 이거머죠너무먹고싶어서침나와요…… 아니어케치품송과마라불닭조합을구상하신거죠????? 역시하루언니는 천재가분명해요.💕,2025-07-22,o.haru
160,o.haru_2025-07-22,siyo_on0419,버섯 너무 좋아하는데ㅠ 치즈까지ㅠㅠ 얼마나 맛있을까아ㅠ,2025-07-22,o.haru
161,o.haru_2025-07-22,8sakinyong,저버섯진짜조아하거든요…요즘 교정땜에 팽이는 잘 못 먹지만.. ㅜㅜ 매운거 ㄴㅁㄴㅁ땡기는데 미쳔네요진짜 요즘하루에 한끼만먹어서 너믜배고픈데항상 운니영상보며 대리만족해요ㅜㅜㅜㅜ아너므너므조아,2025-07-22,o.haru
162,o.haru_2025-07-22,yeonui2,맛있겠다....,2025-07-22,o.haru
163,o.haru_2025-07-22,yessirlesser,안그래도 마라가 땡겼뉸데ㅠㅠ 운명😍,2025-07-22,o.haru
164,o.haru_2025-07-22,man2uya,아대박……,2025-07-22,o.haru
165,o.haru_2025-07-22,je0nghyun,맛잇겟당,2025-07-22,o.haru
166,o.haru_2025-07-22,o.haru___,식용유에 치품송 굽다가,2025-07-22,o.haru
167,o.haru_2025-07-22,kakashizex,언니 곱도리탕이나 낙곱새 먹어주세요😍😍😍,2025-07-22,o.haru
168,o.haru_2025-07-22,tamdayproject,진짜 쩝쩝박사이심,2025-07-22,o.haru
169,o.haru_2025-07-22,y_0fex,아 쏘큐트…,2025-07-22,o.haru
170,o.haru_2025-07-22,je0nghyun,오늘은 목소리도 자막도 없이 깔끔영상이네여!!?,2025-07-22,o.haru
171,o.haru_2025-07-22,bpourraple,천잰가봐...,2025-07-22,o.haru
172,o.haru_2025-07-22,my_butthole.1s_strong,와버섯진짜ㅜㅜㅜㅜㅜ,2025-07-22,o.haru
173,o.haru_2025-07-22,seollce,이언니치트키쓰네,2025-07-22,o.haru
174,o.haru_2025-07-22,hanguckjiri,으아아아앙아아아아ㅏㄱ,2025-07-22,o.haru
175,o.haru_2025-07-22,h_____an_ul,ㅠㅜㅜ헉 당장 시캬여겠어용,2025-07-22,o.haru
176,o.haru_2025-07-22,wowttgi,헐 치품송 어제 쿠팡으로 시켰는데 ㅎㅋㅋㅋㅋㅋㅋㅋㅋ 🤍🤍🤍,2025-07-22,o.haru
177,o.haru_2025-07-22,kjktf35,렌즈정보 알수있을까요?,2025-07-22,o.haru
178,o.haru_2025-07-22,yujajjiii,다이어트 식이다아…,2025-07-22,o.haru
179,o.haru_2025-07-22,derya_solmazz0,아주 좋은 비디오,2025-07-23,o.haru
180,o.haru_2025-07-22,ieeqns,"이 영상 뭔가 유독 예쁜데,,,!",2025-07-23,o.haru
181,o.haru_2025-07-22,miimnii,언니 렌즈직경 큰ㄴ거 끼니까 핵귀여워요,2025-07-23,o.haru
182,o.haru_2025-07-22,figtreedec.sage18_,와 ㄹㅈㄷ로 맛있겠다,2025-07-23,o.haru
183,o.haru_2025-07-22,dongbori1,초코파이 전자렌지 30초 돌려서 먹어주세욥!,2025-07-23,o.haru
184,o.haru_2025-07-22,deanfluenza0,와잠깐만이건아니지와......🤤🤤🤤🤤,2025-07-24,o.haru
185,o.haru_2025-07-22,hop.h0op,렌즈모에여,2025-07-24,o.haru
186,o.haru_2025-07-22,nanuen_geddongiiii,꼭 먹어보고 싶네여ㅠㅠ,2025-07-25,o.haru
187,o.haru_2025-07-22,dookkomar.i,우와…,2025-07-25,o.haru
188,o.haru_2025-07-22,o._.ojn,와,2025-07-28,o.haru
189,o.haru_2025-07-22,dh.25o,뿌링치즈볼 또 해주세요......,2025-07-29,o.haru
190,o.haru_2025-07-19,hayoeeee,언니는 너무 먹잘알이야,2025-07-19,o.haru
191,o.haru_2025-07-19,man2uya,아진짜먹잘알…어뚜케이런생각을하셧지진짜!!!! 하기어려운것두아니고 쉽게해먹을수잇을것같아서 얼른해먹어봐야겟어요♡♡,2025-07-19,o.haru
192,o.haru_2025-07-19,house_watermelon___,헐레전드조합언니진짜짱이에여!!!!,2025-07-19,o.haru
193,o.haru_2025-07-19,8ozizo,와대박 따뜻한소금빵이면 진짜맛잇을거같아요 따끈따끈한 갓나온쫀득파삭소금빵에 시원한아이스크림끼우고 설탕뿌려서토치로지지면 먹기도전에만족스러워서 함박웃음나올거같아요 대박 완전쩝쩝박사레시피😍😍마싯겟당,2025-07-19,o.haru
194,o.haru_2025-07-19,__xxlue,와진지하게너무천재같아요진짜저런거팔면사먹고싶어요집에토치없는데 하나쟁여야하나진심으 로 고민햇어요어쩜매번음식조합이천재적일가요 경이로워요달고시원하고맛잇는거먹고싶을때해먹으면너무좋을것같내요진짜토치를사야하나 오늘도체고에요맛잇는거마니머거요♡♡,2025-07-19,o.haru
195,o.haru_2025-07-19,c.x0zn,아니 조합 너무 천재적이다 진짜루.. 크림브륄레야 완져니..,2025-07-19,o.haru
196,o.haru_2025-07-19,cocoballl_,굽는 거 미챴어요…👍🏻👍🏻💗,2025-07-19,o.haru
197,o.haru_2025-07-19,8sakinyong,"와어뚜케이런생각을하신거에요?진짜천재다 바로사서해봐야겟어요ㅜ 여름간식으로딱일거같아요 시원달달짭쪼름,…벌써부터꼬릐릑소리가들리는거같아요…",2025-07-19,o.haru
198,o.haru_2025-07-19,bbak_.bbak,개마싯겠다,2025-07-19,o.haru
199,o.haru_2025-07-19,lse_t.diary,와 레전드 저런 조합을 어케 생각하신거죠?? 역시 오하루님👍,2025-07-19,o.haru
200,o.haru_2025-07-19,d.museum_,소금빵은 항상 어디걸루주문해드시는거애요??!,2025-07-20,o.haru
201,o.haru_2025-07-19,hongji_yam,꺅 저는 이것저것 여러방법으로 먹었는데!! 다음엔 소금빵 조합두..❤️,2025-07-19,o.haru
202,o.haru_2025-07-19,chiiell__,충성스러운 시청자 😆,2025-07-19,o.haru
203,o.haru_2025-07-19,h_lyn52,왕.. 먹어봐야겠네여,2025-07-19,o.haru
204,o.haru_2025-07-19,ju_yeong.t,천재다,2025-07-19,o.haru
205,o.haru_2025-07-19,yeonui2,"먹잘알,, 생각도 못한 조합인디여..",2025-07-19,o.haru
206,o.haru_2025-07-19,pizzaz0aaa,와…,2025-07-21,o.haru
207,o.haru_2025-07-19,papcicem,야야 ㅋㅋ 이거다 ㅋㅋㅋㅋㅋ,2025-07-19,o.haru
208,o.haru_2025-07-19,motis.888,아니 저보다 더맛난걸 많이먹으시는데 어떡게 날씬하거죠,2025-07-20,o.haru
209,o.haru_2025-07-19,mukbangg2025,이 조합으로도 먹어봐야지😝,2025-07-19,o.haru
210,o.haru_2025-07-19,audtn3662,ㅁㅊ쩝쩝박사 경이롭다,2025-07-19,o.haru
211,o.haru_2025-07-19,hyo_e98,@hyoji_____.n 이것도 먹어볼까,2025-07-19,o.haru
212,o.haru_2025-07-19,m._.in_xx,아진짜천재아냐..?,2025-07-19,o.haru
213,o.haru_2025-07-19,seogaeun10,언니 혹시 다음 영상에는 시원한 투게더에 약과 과자 먹방 올려주시면 안될까요 😍😍😍😍😢😢😢😢,2025-07-19,o.haru
214,o.haru_2025-07-19,hey____soul,말이안됨 카이스트 ㄱㄱ,2025-07-20,o.haru
215,o.haru_2025-07-19,hayuncat,먹어주네,2025-07-20,o.haru
216,o.haru_2025-07-19,inmw_innw,@10._.08 침줄줄,2025-07-20,o.haru
217,o.haru_2025-07-19,1ovsummer_,쿨리쉬랑 그냥이랑 모가달라요?,2025-07-20,o.haru
218,o.haru_2025-07-19,oing_ddoing_bbooing,쩐다...,2025-07-21,o.haru
219,o.haru_2025-07-19,fatness.yubu,소리가 치명적이에요,2025-07-23,o.haru
220,o.haru_2025-07-19,deanfluenza0,와...............,2025-07-24,o.haru
221,o.haru_2025-07-19,mukstar_md,천재예여😍❤️❤️,2025-07-24,o.haru
222,o.haru_2025-07-19,skrrrrrrmylife,진짜개맛있어보임,2025-07-24,o.haru
223,o.haru_2025-07-19,018043_,와,2025-07-24,o.haru
224,o.haru_2025-07-19,skek_zz0,천재같다 진짜,2025-07-27,o.haru
225,o.haru_2025-07-19,ax._.yunb,이분 진짜 먹잘알 이신듯?,2025-07-29,o.haru
226,o.haru_2025-07-19,hongji_yam,짬뽕 2그릇이 거뜬히 들어가는 저 그릇..? 다라이..? 얼마나 큰 고예요?!!!ㅎㅋㅋㅋㅋㅋ 너무 너무 신기한 사이즈😮,2025-07-19,o.haru
227,o.haru_2025-07-19,8ozizo,와저 크림짬뽕은첨보는데 엄청맛잇어보여요 그리고언니끝도없이흡입해서 너무귀엽고잘먹는햄스터같아요 근데 언니집진짜 신기한거같아요 약간 거인국에서수입해온거같은 엄청큰숟가락 엄청큰그릇이잇고... 거기에푸짐하게밥차려서 흡입하는 진공청소햄도잇고... 진짜좋은세상인듯 인터넷발달해서 너무좋아요 언니마싯는거먹고 맨날공유해주세요,2025-07-19,o.haru
228,o.haru_2025-07-19,haemi.q,아니 언니..저 요즘 이거 먹어보고 싶어서 안그래도 벼르고 있었는데 어케 알구….ㅠㅠㅠ감동이에여 ㅠ 하루님 저랑 뉴런 공유하시나여..❤️,2025-07-19,o.haru
229,o.haru_2025-07-19,__xxlue,ㅈㅉ하루언니진정한먹짱.. 저두오늘저녁에짬뽕머것어요!!!! 전 차돌짬봉먹엇는데크림짬뽕이라니… 너무맛잇어보이네요정말너무맛잇겟더 크림새우가요새너무땡겨요글구 먹고시픈데 제가간곳에서는안팔더라구요 원통해… 짬뽕두그릇먹구야무지게밥까지말아드시는거제추구미에요 언니마싯는거마니머거요♡♡,2025-07-19,o.haru
230,o.haru_2025-07-19,yeonui2,헐 크림 짬뽕이라니.. 🤤,2025-07-19,o.haru
231,o.haru_2025-07-19,hatesumnner,"사랑니 빼서,, 먹규 시픈 건 한가득인데 하나도 못 먹는데 넘 마싯어보여요,,, 낫자마자 크림짬뽕 머거야겟어여😍",2025-07-19,o.haru
232,o.haru_2025-07-19,lse_t.diary,크림짬뽕 정말 비주얼이 너무 좋아요 근데 하루님은 크림짬뽕이랑 일반짬뽕중 뭐가 더 좋으시나요??,2025-07-19,o.haru
233,o.haru_2025-07-19,imnt_chaewon,언니진짜조하요………..그냥언니가조와….,2025-07-19,o.haru
234,o.haru_2025-07-19,c.x0zn,크림짬뽕은 진짜 만든사람 노벨평화상 줘야한다고 생각해여..,2025-07-19,o.haru
235,o.haru_2025-07-19,cocoballl_,우와 1빠❤️,2025-07-19,o.haru
236,o.haru_2025-07-19,8sakinyong,이늦은시간에 ㅜㅜㅜ…야식을 찾아봐야겟어욧…크림짬뽕 한번두안먹어봣는데 맛있나요?! 느끼+매움 이라서 안먹어봐두 환상의조합일거같아여어😌🪽 하루운니항상꼭꼭씹어드세용💕💕🪽,2025-07-19,o.haru
237,o.haru_2025-07-19,bh.__.a17,왕 맛나겠당😍😍😍,2025-07-19,o.haru
238,o.haru_2025-07-19,heeeeeee_y3,@dxoxrxexmxi 보배반점 크림짬뽕 맛있겠다,2025-07-19,o.haru
239,o.haru_2025-07-19,seo_qwer0709,이 온니는 위가 얼마나큰거야💗,2025-07-19,o.haru
240,o.haru_2025-07-19,wowttgi,"허걱슨 🤍🤍🤍 국물 넘 맛있지 않나여 ,,,,? 또 먹고프 ..",2025-07-19,o.haru
241,o.haru_2025-07-19,andoyeji,@pxuyeon 밧있겧다,2025-07-21,o.haru
242,o.haru_2025-07-19,5mu_rice,니뽕내뽕 크뽕같은 맛일까요?,2025-07-19,o.haru
243,o.haru_2025-07-19,tokuno_nctzen,마지막에 밥 마는 거 ㅈㅉ 배운사람.,2025-07-19,o.haru
244,o.haru_2025-07-19,papcicem,아귀여워ㅠ,2025-07-19,o.haru
245,o.haru_2025-07-19,baegopa0_0_._,크흐흐 해장짬뽕 발견!!!🔫,2025-07-19,o.haru
246,o.haru_2025-07-19,83515d,와 진짜 죳댄다,2025-07-19,o.haru
247,o.haru_2025-07-19,whosthere.whosthere,숟가락이 너무 궁금해요😳😳,2025-07-20,o.haru
248,o.haru_2025-07-19,killevery.ua,아개맛있겠다,2025-07-20,o.haru
249,o.haru_2025-07-19,hongmyeong_gim,안맵나여,2025-07-20,o.haru
250,o.haru_2025-07-19,kuj_1ty,어떤맛이에요?? 츄릅,2025-07-20,o.haru
251,o.haru_2025-07-19,juhyxntae,보배반점 일백만점의반점,2025-07-21,o.haru
252,o.haru_2025-07-19,canwepopin,헐 언니 치킨이나 라면은 어느정도까지 드실 수 있능지 궁금해여 😮❤️❤️,2025-07-21,o.haru
253,o.haru_2025-07-19,fatness.yubu,숟가락이 귀엽고 예뻐요,2025-07-21,o.haru
254,o.haru_2025-07-19,lee.seol11,오ㅏ 얼굴 겁나 작음 근데 진짜 먹는건 진짜 지림,2025-07-21,o.haru
255,o.haru_2025-07-19,siyo_on0419,진짜 완존완존 맛있게 드셔요....😍😍,2025-07-22,o.haru
256,o.haru_2025-07-19,ma.r.u_11,헐 완전 크리미하고 매콤할것 같은 저 비주얼..🥹 너무 땡긴다😢,2025-07-22,o.haru
257,o.haru_2025-07-19,uooqhdqhd,"크림짬뽕 맛날까요? 우리동네에도 있는데, 고민만.. 일반짬뽕만..먹네욤..",2025-07-23,o.haru
258,o.haru_2025-07-16,8ozizo,와대박 살얼음파삭파삭 딘심너무맛잇어보이는데 연어길게자른것도 면이랑같이흡입하면 너무맛잇을거같고 후토마키도 당연히맛잇을거고 씻은묵은지에서기절햇어요 나오는음식마다ㅜ조합이미쳣다 냉모밀너무좋아 냉묘밀진짜맛잇고시원하고 완전착한음식이죠 냉모밀먹으면성격좋아짐 저도나중에 냉모밀먹을때 연어꼭추가해야겟어요 미챳네냉모밀 거대숟가락에 국물이랑 살얼음까지 퍼먹는거 너무권력잇듬ㅁㅊ 저도하나살까봐요 대왕숟가락 너무탐나네 원래그냥숟가락으로 국물떠먹으면 한열번먹어야되는데 저건그냥 한번푹떠서 마시면되니까 진심잇템이네요 와냉모밀...와맛있겠다 냉모밀인데뭐 신발이랑먹어도맛이ㅛ겠죠 언니•__• 이표정으로웃을때마다너무귀여워요 오늘도정말맛잇는음식이네요 하루언니더위먹지말고 냉모밀에연어얹어먹어🫶🏻🫶🏻,2025-07-16,o.haru
259,o.haru_2025-07-16,house_watermelon___,살얼음대박!!!!❤️❤️,2025-07-16,o.haru
260,o.haru_2025-07-16,p.e3eo,흐허..맛나겟다 연어는 예상햇는데 후토마키까지 등장할 줄은 상상도 못함. 조합천재 인정💗🤤,2025-07-16,o.haru
261,o.haru_2025-07-16,__xxlue,와미쳣다최근에온니영상본거중에 젤구미가당기는것같아요요새 덥구축축하구눅눅한날씨땜에 기부니가매우안좋앗는데… 한방에더위날려버리는냉모밀+연어조합을야무지게낉여온하루언니…🤤💕💕 진짜 저냉모밀너무너무먹고싶고조아하는데 꼭집에쟁여둬야겟어요 언니오늘은대체적으로 브라운브라운하네여 옷이랑음식이랑머리카락렌즈색 다브라운인거먼가귀엽고너무예버요… 연어두툼한거너무식감조아보이고 거기에후토마키랑 씻은묵은지등장한거보고 너무좋아서 소리질럿어요 정말최고다… 언니정말루오늘도조으네요 맛잇는거마니머거요♡♡♡,2025-07-16,o.haru
262,o.haru_2025-07-16,8sakinyong,바로 집에 쟁여야겠어요ㅜ 라면보다 더더더 간단한거같아여!! 이런 날씨에 연어올리구 호로록먹으면 ㅜㅜㅜㅜㅜㅜㅜ눈물밖에안나오는맛 💕💕🪽,2025-07-16,o.haru
263,o.haru_2025-07-16,man2uya,꺄아아아아 여름에 냉소바에 연어라니!!!! 언니랑똑같이해먹어야겟어요대박🤤🤤,2025-07-16,o.haru
264,o.haru_2025-07-16,lse_t.diary,냉메밀소바 이거 맛도 있고 밀키트여서 간단하기까지?!! 너무 맛있고 간편하겠네요?!!🩷 아 근데 묶은지가 역대급이에요ㅋㅋㅋ,2025-07-16,o.haru
265,o.haru_2025-07-16,db.nwn,너무맛있어보여요...,2025-07-16,o.haru
266,o.haru_2025-07-16,_laminere,여름 메뉴로 딱이잖아여.. 미치겠슨,2025-07-16,o.haru
267,o.haru_2025-07-16,c.x0zn,이거 완죠니 폭염을 떨쳐버릴 맛이잖아..,2025-07-16,o.haru
268,o.haru_2025-07-16,young_posse_1,와.. 냉모밀 제 최애 음식인데ㅠㅠㅠ,2025-07-16,o.haru
269,o.haru_2025-07-16,bh.__.a17,넘마싯서보여엽…..😢😢😢,2025-07-16,o.haru
270,o.haru_2025-07-16,yeonui2,진짜 초간단하다! 시원하겠어요! 🥶,2025-07-16,o.haru
271,o.haru_2025-07-16,harukeem__,옷도 소바에 맞췄나오.. 🟤🟤🟤,2025-07-16,o.haru
272,o.haru_2025-07-16,hongji_yam,"와 연어,,,, 기절이에유,,,,,",2025-07-16,o.haru
273,o.haru_2025-07-16,diejs.j,엥근데 연어가격까지하면 가성비는..,2025-07-17,o.haru
274,o.haru_2025-07-16,aqosvry30,후토마키는 어디서 사셧나여ㅠㅠㅠ🤤,2025-07-17,o.haru
275,o.haru_2025-07-16,seogaeun10,언니 혹시 다음 영상에는 투게더에 약과 과자 먹방 올려주시면 안될까요 😍😍😍😍,2025-07-17,o.haru
276,o.haru_2025-07-16,athdus,언니는 진짜 먹잘알이야,2025-07-18,o.haru
277,o.haru_2025-07-16,noodlelovers.com_,연어 메밀소바라니 🍣🥢 너무 완벽한 조합이어요! 맛있게 드셔 주셔서 감사합니다 🤎,2025-07-18,o.haru
278,o.haru_2025-07-16,gh_bn_gh,너무 너무 맛잇어 보여요 지금 침이 한바가지로 나왓어요 언니는 정말 맛잇게 잘먹어요 따라 먹어볼게요,2025-07-20,o.haru
279,o.haru_2025-07-16,so_.yx0,연어 어디서 사샸어요,2025-07-24,o.haru
280,o.haru_2025-07-16,gugu.nam_,와 저도 먹어보고 싶어용,2025-07-30,o.haru
281,o.haru_2025-07-16,man2uya,새벽에먹방미쳣디…진짜맛잇겟다…,2025-07-16,o.haru
282,o.haru_2025-07-16,ekdan22,이거 어디꺼에요~? 이런집은 꼭 울 동네에 없음😢,2025-07-16,o.haru
283,o.haru_2025-07-16,8ozizo,와이집잘하네 메뉴선정 미쳣는데요 거짓말안치고 전메뉴 엄마뱃속에서나올때부터좋아햇어요 너무맛잇어보이고 온갖소스 다출동한거 엄청권력있어요 대박 꽈배기같은거에 연유 한번도 안뿌려먹어봣는데 이거무조건해봐야겟어요 핫도기도 치즈완전 쭉쭉늘어나고 겉은바삭바삭🤤🤤맛있겠다 노랑고래 꼭기억해놧다가 이거대로먹을래요,2025-07-16,o.haru
284,o.haru_2025-07-16,8sakinyong,오늘 밥을 아예 안먹어서 너므배고픈데 이 새벽에ㅜㅜ 이거 유죄아니에요?!🤤 저 저런 기름 쫘아악잇는 도넛츠들 너므좋아하는데 ㅎㅅㅎ 요거트랑 찍어먹으면 느끼함도 중화될거같아여진짜너무맛잇겟다ㅜ어억. 스토리보고 치즈스틱먹는 줗 앟앗는데 핫도그엿다니!!!🫟🫟허거덩 오늘 넘 햄볶해보여요,2025-07-16,o.haru
285,o.haru_2025-07-16,cocoballl_,다 비슷한 음식들이군여!!!! 맛있겠드아아❤️ 소리도 좋아여..🤤 매콤한 거랑 같이 먹어도 맛나겟어요오 🤤🤤배고프닷..,2025-07-16,o.haru
286,o.haru_2025-07-16,hanguckjiri,와…맛있겠다,2025-07-16,o.haru
287,o.haru_2025-07-16,syaisboringg,나는 당신의 매우 아름다운 눈을 좋아합니다 😍❤️,2025-07-16,o.haru
288,o.haru_2025-07-16,cutec_hild0,미쳤어요ㅜㅠ❤️❤️,2025-07-16,o.haru
289,o.haru_2025-07-16,__xxlue,와너무맛잇겟다 언니진짜찐으로만족스러울때나오는표정 이영상첨부터끝까지유지해서 넘귀엽구웃겨요 제가요새치즈에진심이라 치즈들어간거에 다환장하거든요 그래서그런가통치즈핫도그보고 이성잃을뻔햇어요너무맛잇겟다진짜… 겉에바삭바삭한게너무 침나와요오늘도최고시다 언니맛잇는거마니머거요…♡♡,2025-07-16,o.haru
290,o.haru_2025-07-16,yeonui2,꺄..!!,2025-07-16,o.haru
291,o.haru_2025-07-16,toma.to.matoto,여수여행 갔을 때 첫 입을 아직까지 잊지 모태여ㅠ 갓 튀겨나오는 꽈배기에 연유 듬뿍........ 퐁신쫄깃 꽈배기 처음이햐... 1박  세 번 방문하게 한 빵집 ㅜ💛,2025-07-16,o.haru
292,o.haru_2025-07-16,ilioolol,"노랑고래,, 악 진심 매일 시켜먹을 수 있어요ㅠㅠㅠㅠㅠ 그런데,, 엽떡로제랑 먹으면 더 극락이랍니다,,,😇",2025-07-16,o.haru
293,o.haru_2025-07-16,lse_t.diary,하루님 고생하셨어요ㅎ 영상을 단축 시키시다니ㅋㅋ 도너츠들 너무 맛있어 보이는👍 저 도너츠 먹방 찾아다니는데🩷🩷너무 감사해요,2025-07-16,o.haru
294,o.haru_2025-07-16,sssssssooooooo.o,먹고싶다,2025-07-16,o.haru
295,o.haru_2025-07-16,j.soo_8,아니 맛잇어보이는것도 큰데 너무 귀여우세요 ㅠ ㅠ왜살이안찌시는건가요💕,2025-07-16,o.haru
296,o.haru_2025-07-16,ramthimos,소라대박좋아여 ㅠㅠ 넘기여워요,2025-07-16,o.haru
297,o.haru_2025-07-16,wihiiks,징짜맛있겠다..이밤에......🙀..,2025-07-16,o.haru
298,o.haru_2025-07-16,parigarg729,"디디, 너무 귀엽고 사랑스러워요. 정말 사랑해요 💜💜💜💜💜💜💜🔥🔥🔥🔥🔥🔥",2025-07-20,o.haru
299,o.haru_2025-07-16,zipgagoshipdda_,아멘진짜,2025-07-17,o.haru
300,o.haru_2025-07-16,lovem_easiam,팥도나스 잘렸어ㅜㅜㅜㅜ,2025-07-16,o.haru
301,o.haru_2025-07-16,hj1baningfsy,귀여워,2025-07-16,o.haru
302,o.haru_2025-07-16,wang_pig_beginagain,노랑고래 진짜맛있어요ㅜ 이사오고 지점이 없어서 아쉽,2025-07-16,o.haru
303,o.haru_2025-07-16,mnansx,서단미 바치케찹쌀떡 드셔쥬세요😵‍💫,2025-07-16,o.haru
304,o.haru_2025-07-16,yun.homi,@yun.mug 노랑고래 여수말고 지점생기는중인듯ㅠ 근데 서울은없어ㅠㅜ,2025-07-16,o.haru
305,o.haru_2025-07-16,takovina,정답!노랑고래!😢,2025-07-16,o.haru
306,o.haru_2025-07-16,seogaeun10,언니 혹시 다음 영상에는 시원한 투게더에 약과 과자 먹방 올려주시면 안될까요?😍😍😍😍부탁드립니다,2025-07-16,o.haru
307,o.haru_2025-07-16,o.haru___,늦었당!!!!!🙀,2025-07-16,o.haru
308,o.haru_2025-07-16,man2uya,언니오늘왤케예쁜거에요!!!!도시락도너무잘드셔서저까지막기분좋아짐😘😘,2025-07-14,o.haru
309,o.haru_2025-07-16,8sakinyong,도시락완젼 알차네용💕💕💕 출출 할 때 편의점가서먹어봐야겟어요!!! 편의점 도시락을 한번도 안멋어봐서 먹을 생각에 좀 설렘..///ㅎㅎ,2025-07-14,o.haru
310,o.haru_2025-07-16,8ozizo,와도시락대박맛잇겟다 메뉴완전알차고좋은데요 밥먹기전에보니까 너무맛잇어서싹삭긁어먹을수잇을거같아요,2025-07-14,o.haru
311,o.haru_2025-07-16,c.x0zn,편의점 도시락 중에 제일 양도 많고 알찬듯.. 담에 꼭 먹어봐야겠어여,2025-07-16,o.haru
312,o.haru_2025-07-16,hee.ttoo3693,와웅❤️❤️❤️오늘도 마싰는 영상 들고오신 울언냐😍잘보고 가예🔥🔥,2025-07-14,o.haru
313,o.haru_2025-07-16,lse_t.diary,어머 도시락 판 모양도 신기해요?!!🩷,2025-07-14,o.haru
314,o.haru_2025-07-16,yeonui2,"🤤🤤 오늘도 맛깔나게 드십니다,,",2025-07-14,o.haru
315,o.haru_2025-07-16,__xxlue,고단한하루를끝내고보는하루온니영상이란… 너무행복같네여 요새편의점에서밥머글일이많은데 다 머거봐야겟어요 언니오늘두너무기엽네요 함박스테이크김밥이넘궁금해여 스파게티까지들어잇어서구성이너무나도알차다… 오늘도체고에요언니맛잇는거마니머거요♡♡,2025-07-14,o.haru
316,o.haru_2025-07-16,_j7xzmn,너무 맛있어 보여여!!❤️❤️ 혹시 실례가 안된다면.. 숟가락 구매처 한번 부탁드려도되나욥??,2025-07-14,o.haru
317,o.haru_2025-07-16,mukbangg2025,디저트말고 이런먹방도 넘후 좋아요❤️😍,2025-07-14,o.haru
318,o.haru_2025-07-16,eunchae.5ve,빨리 온 건가..? 오늘도 너무 맛나게 드세요!!,2025-07-14,o.haru
319,o.haru_2025-07-16,young_posse_1,먹는 것만 봐도 배부르다는 게 이런 느낌이구나..,2025-07-14,o.haru
320,o.haru_2025-07-16,seogaeun10,언니 혹시 다음 영상에는 투게더에 약과 과자 먹방 올려주시면 안될까요 😍😍😍😍부탁드립니다,2025-07-15,o.haru
321,o.haru_2025-07-16,ook_1031,광고 표기 왜 안하시는건가요?,2025-07-16,o.haru
322,o.haru_2025-07-13,8ozizo,와맛잇겟다 저와플진짜ㅁㅊㅅㄲ처럼좋아하는데 너무맛잇어보여서집중하느라 눈한번도안감고 끝까지다봣어요 와너무맛잇겟다 젤라또맛도 엄청다양하고 와플도푸짐하고... 집에서해먹으니까내맘대로 누텔라많이발라도되고... 다른맛은다10점인데 딥초코만100점인거너머웃겨요 역시초코를사랑하시는군요 저도초코엄청좋아요ㅠㅠ 진심너무 끌리는메뉴라서 저도이거시켜먹을거에요 꼭,2025-07-13,o.haru
323,o.haru_2025-07-13,haemi.q,아아악 저 단거 땡기는거 어케 알구 이래 맛있는걸 들구 오셨나여 하루님!!❤️🙌😢,2025-07-13,o.haru
324,o.haru_2025-07-13,s_xz.ysr,렌즈 바뀐건가요??? 완전 잘 어울리세요,2025-07-13,o.haru
325,o.haru_2025-07-13,franklover001,왕포크 진짜 유용하게 쓰시네욥 ㅎㅎ 넘 귀여워요,2025-07-13,o.haru
326,o.haru_2025-07-13,young_posse_1,눈 커질 때 너무 귀여워요😆,2025-07-13,o.haru
327,o.haru_2025-07-13,8sakinyong,와젤라또~~~~~!!!!!!! 스토리보고 아스크림인건 맞췄는데 젤라또라니미쳣다진짜제가아이스크림종류 중에서젤라또를제일제일좋아하거든요~~♡♡ 그것도와플과함께이거진짜 최후의만찬으로 먹어도 후회가없는 디저트💕💕🐹 아 너무 조터,2025-07-13,o.haru
328,o.haru_2025-07-13,__xxlue,와저와플진짜좋아해요 어제저녁에갑자기단거땡겨서 냅다집앞카페가서와플포장해서먹을만큼좋아해요 게다가젤라또를저렇게듬뿍… 제가먹고싶은만큼왕창넣을수잇는게최고인것같아요 특히소금우유맛이너무너무탐나요단짠의조화가 정말 미친맛일것같아요.. 글고토마토바질젤라또는첨보는데 너무신기하네효 저것두꼭먹어보고싶어요 초코맛은10점만점에백점이라구한게 넘귀여워요 전초코를별로조아하진않지만 언니가너무강추하니까 머거보고십네요 더운날씨에와플에아이스크림이라니 조아서 하룰라라가는조합이네요🪽🪽언니항상마싯는거마니머거요💕,2025-07-13,o.haru
329,o.haru_2025-07-13,chu.berup_jmt,10점만점 100점짜리 ㅋㅋㅋㅋㅎ커엽❤️,2025-07-13,o.haru
330,o.haru_2025-07-13,cocoballl_,맛있겠어요오..🥹 소금빵빵이랑두 먹어도 맛있을거같애여!!! 👍🏻😽,2025-07-13,o.haru
331,o.haru_2025-07-13,p.e3eo,아스크림 저렇게 먹는 언니가 승자.. 권력있는 여자 너무 멋있어😍 대리 당충전 하고 가요!!💗,2025-07-13,o.haru
332,o.haru_2025-07-13,man2uya,젤라또 맛 진짜많네여!!!😍😍 맛별점도남겨주신거 너무너무좋타😁 진짜맛없없조합… 저도이렇게꼭먹어봐야겟어요☺️,2025-07-13,o.haru
333,o.haru_2025-07-13,lse_t.diary,기다렸어욥..💕,2025-07-13,o.haru
334,o.haru_2025-07-13,papcicem,이언니의최대실수.날부르지않은것.,2025-07-13,o.haru
335,o.haru_2025-07-13,h_lyn52,왁 와플 젤라또… 진짜 잘드시네여😭 맛있겠어요ㅠ,2025-07-14,o.haru
336,o.haru_2025-07-13,baegopa0_0_._,"와., 이거지예ㅔㅔㅔ❤️",2025-07-13,o.haru
337,o.haru_2025-07-13,wjsddj04_,젤라또 어디꺼에요?,2025-07-13,o.haru
338,o.haru_2025-07-13,trans_hamster,넘나맛있을거같아요….,2025-07-13,o.haru
339,o.haru_2025-07-13,yeonui2,와 와플에 젤라또 맛있겠당...,2025-07-13,o.haru
340,o.haru_2025-07-13,opaviaa,와짖짜맛잇겟다,2025-07-13,o.haru
341,o.haru_2025-07-13,_laminere,겁나 설레는 음식,2025-07-13,o.haru
342,o.haru_2025-07-13,_oaveon,진짜 제가 본 디저트먹방 중에 1등이예요,2025-07-25,o.haru
343,o.haru_2025-07-13,piggoong,하이라이터쓰신다면 어떤거쓰시는지궁금해용 콧대부분이빛나서!!,2025-07-13,o.haru
344,o.haru_2025-07-13,hongji_yam,"완전 딥초코파,,❤️❤️❤️ 젤라또에 와플 너무 권력있어요🤩",2025-07-13,o.haru
345,o.haru_2025-07-13,mukbangg2025,와ㅠㅠ젤라또😋,2025-07-13,o.haru
346,o.haru_2025-07-13,ang_ramitti,어디꺼에여?,2025-07-16,o.haru
347,o.haru_2025-07-13,hee.ttoo3693,우오ㅒㅓㅓ언냐ㅜㅜㅠ 배고프다ㅋㅎ 딥초코 개맛도리같ㅇ느데ㅣㅣ❤️❤️❤️,2025-07-13,o.haru
348,o.haru_2025-07-13,zimxnv_,헐 방금 와플 머것는데 !!,2025-07-13,o.haru
349,o.haru_2025-07-13,seogaeun10,언니 혹시 다음 영상에는 투게더에 약과 과자 먹방 올려주시면 안될까요 😍,2025-07-13,o.haru
350,o.haru_2025-07-13,caxho_,누나 잘드셔서 좋아요😍,2025-07-13,o.haru
351,o.haru_2025-07-13,oezmebae,젤라또 집 정보 부탁드립니다,2025-07-21,o.haru
352,o.haru_2025-07-13,5mu_rice,잘드시는데 어찌 살이 안찌시는지,2025-07-13,o.haru
353,o.haru_2025-07-13,fxckmylifesibal,맞췄당💕💕💕 ㄴㅁ맛잇어보여요,2025-07-13,o.haru
354,o.haru_2025-07-13,1xovey0u,언니 오늘왜이렇게 예쁜고예요….세상은불공평해(unfair)안녕하세요 엑소입니다,2025-07-14,o.haru
355,o.haru_2025-07-13,1xovey0u,오오초코여 제발나에게로 오리…. 오오초코여 제발나에게로 오리…. 오오초코여 제발나에게로 오리…. 오오초코여 제발나에게로 오리…. 오오초코여 제발나에게로 오리…. 오오초코여 제발나에게로 오리…. 오오초코여 제발나에게로 오리….,2025-07-14,o.haru
356,o.haru_2025-07-13,ll.yjj_,존맛탱구리❤️,2025-07-15,o.haru
357,o.haru_2025-07-13,hey____soul,귀여웡 뽀뽀할구야,2025-07-15,o.haru
358,o.haru_2025-07-13,c.x0zn,순수소금우유 내 입으로 들어와 당장.,2025-07-16,o.haru
359,o.haru_2025-07-13,oezmebae,젤라또 집 정보 제발요,2025-07-17,o.haru
360,o.haru_2025-07-13,__onmywayhome,카페인중독 와플도 먹어주세욥!!,2025-07-18,o.haru
361,o.haru_2025-07-13,oezmebae,젤라또 집 정보 주세요,2025-07-21,o.haru
362,o.haru_2025-07-13,jjza0._,하...저 젤라또 와플 진쩌 개좋아하는데... 특히 녹차젤라또 진짜 개좋아함 하...,2025-07-22,o.haru
363,o.haru_2025-07-13,deanfluenza0,오늘도대리만족완료👍👍👍,2025-07-25,o.haru
364,o.haru_2025-07-13,_oaveon,최공,2025-07-25,o.haru
365,o.haru_2025-07-13,aggiyum,아끼염 젤라또를 넘 맛있게 드신다는 소문 듣고 왔습니다 ! 맛있게 드셔주셔서 감사합니다 ㅎㅎ! 앞으로도 맛있는 거 많이 드시고 건강하세요~😍❤️,2025-07-27,o.haru
366,o.haru_2025-07-12,baegopa0_0_._,목소리 처음 들어보는데 너무 카와이하심,2025-07-12,o.haru
367,o.haru_2025-07-12,__xxlue,와하언니진짜오늘썸넬… 뒤에나오는스마일감튀랑넘닮앗어요정말로귀엽다는뜼. 치킨넘바삭하구맛잇어보여요 저는특히치즈볼이쫌탐나네요… 넘바삭하고안이촉촉해보여서 좋아요생각난김에언니뿌링치즈볼영상두 다시봐야겟어요 전언니목소리나오는영상이그렇게좋드라구요 너무귀엽고사람이.. 사랑스럽구… 영상보니까 후라이드치킨이넘땡겨서 조만간치킨을먹어야할것같네요 항상언니영상보면먹어야할음식이하나씩늘어가요행보카다… 언니마싯는거마니머거요♡♡,2025-07-12,o.haru
368,o.haru_2025-07-12,man2uya,완존귀여운목소리…😮😍 치킨이랑 치즈볼 너무 바삭하고 맛잇어보여요…침나옴,2025-07-12,o.haru
369,o.haru_2025-07-12,p.e3eo,이렇게 컷편집하니깐 진짜 귀여움 폭발인데ㅠㅜ 너무 귀여워요😍 바삭 냠냠 바삭 냠냠 오물 바삭 냠냠😋,2025-07-12,o.haru
370,o.haru_2025-07-12,8ozizo,마식게듀어아아아아 치즈볼완전푸짐하고... 바삭바삭치킨도잇고... 내가졸아하는음식다모엿네... 완전주말에먹으면딱인데...,2025-07-13,o.haru
371,o.haru_2025-07-12,8sakinyong,오늘 바로 시켜먹어야겟어요💕💕💕 오늘 완죤 햄스터 같네용 목소리배속한거두 넘 커여워어엏 ㅜㅜㅜ 치킨 안먹은지 3주는 넘은거같은데…너무너무땡겨서 죽을거같아여오어어 하루언냐항상마싯는ㄱ많이드세욨💕💕🐹,2025-07-12,o.haru
372,o.haru_2025-07-12,1xovey0u,오늘 왜이렇게만화캐릭터같아요 ㅋㅋㅋㅋㅋㅋㅋㅋㅋㅋㅋㅋ 목소리 넘귀엽자나….. 자주들려즈세요…..💕,2025-07-12,o.haru
373,o.haru_2025-07-12,bn_db,귀여워요 특히 치즈볼 먹방 ...,2025-07-13,o.haru
374,o.haru_2025-07-12,061.yi,진짜 보면 볼수록 힐링적인 먹방 영상..🩵,2025-07-12,o.haru
375,o.haru_2025-07-12,chlrhdmltlddldspzhrkehlrhtlvdj,와 진짜 복스럽게 먹는다......... 볼 찔러보고 싶어요...,2025-07-12,o.haru
376,o.haru_2025-07-12,cocoballl_,👏우와아앙,2025-07-12,o.haru
377,o.haru_2025-07-12,lse_t.diary,꺄야야 하루님 더빙 또 나왔다!!💗💗,2025-07-12,o.haru
378,o.haru_2025-07-12,h_lyn52,헉 맛있게따..,2025-07-12,o.haru
379,o.haru_2025-07-12,hongji_yam,아니 치즈볼 10알이 이렇게 순식간에..!!!!!😮,2025-07-12,o.haru
380,o.haru_2025-07-12,c.x0zn,먹으면 하룰라라 갈 것 같네요… 스마일감튀랑 맞스마일~~,2025-07-12,o.haru
381,o.haru_2025-07-12,_laminere,치즈볼 소리 제대로 듣고 싶어여..,2025-07-12,o.haru
382,o.haru_2025-07-12,yeonui2,🤤🤤 으악 배고픈데!!,2025-07-12,o.haru
383,o.haru_2025-07-12,seogaeun10,언니 혹시 다음 영상에는 투게더에 약과 과자 먹방 올려주시면 안될까요?😍😍😍😍😍부탁드립니다,2025-07-12,o.haru
384,o.haru_2025-07-12,wowttgi,"치즈볼 순삭 하시는거 진짜 쾌감 대바기요 ,,,, 💛🤍",2025-07-12,o.haru
385,o.haru_2025-07-12,hee.ttoo3693,언니 목소리에여?😢넘 카와이❤️❤️,2025-07-13,o.haru
386,o.haru_2025-07-12,hee.ttoo3693,언니 목소리에여?😢넘 카와이❤️❤️,2025-07-13,o.haru
387,o.haru_2025-07-12,ahnsopoop,나도 먹고싶다,2025-07-16,o.haru
388,o.haru_2025-07-12,mi.nxe_,되게 먹을때 행볻해보임 살짝 행복한쿼카 ㄴㄲ,2025-07-16,o.haru
389,o.haru_2025-07-12,d0n._.xhee,한꺼번에 다주는거예요?,2025-07-16,o.haru
390,o.haru_2025-07-12,jing34kim1,사랑아치킨해요❤️,2025-07-29,o.haru
391,o.haru_2025-07-10,onlymejustna,구도 바꼈따.ᐟ 프랭크버거랑 맞춘다고 초록색 입은거 귀엽따! 💚 하루님 여기꺼 게다리살 튀김 드셔보셨나요 그것두 맛나영 갑각류 알레르기 있는 사람이 먹고 힘들었다는 후기가 있음…. ㄷ_ㄷ,2025-07-10,o.haru
392,o.haru_2025-07-10,man2uya,프랭크버거너무너무맛잇어보이고 감튀에치즈미쳣다🔥🔥저도언니랑프랭크버거에서 똑가튼거시켜먹을게요!!!!,2025-07-10,o.haru
393,o.haru_2025-07-10,c.x0zn,핫치즈링 모야..? 치즈덕후 스토리 볼때부터 울뻔했는데 먹는거 보니까 눈물고여요.. 프랭크버거 자주 먹는데 핫치즈링 무조건!!!먹어야겟으유,2025-07-10,o.haru
394,o.haru_2025-07-10,__xxlue,와아 저 저번에언니맘터먹방보구 그담날에바로 맘터먹엇어요 ㅎㅎㅎㅎ 프랭크버거 집주변에잇는데 조만간먹어야겟어요 전항상불고기버거매운맛? 으로먹엇는데 JG버거 머거봐야겟네요 감튀위에 치즈 늘어지는게 체고로 맛잇어보여요 오늘 오랜만에언니옆모습실컷보니좋네요 오늘따라 더 햄스터같아요 언니초록색넘잘어울리네요체고에요 맛잇는거마니머거요♡♡,2025-07-10,o.haru
395,o.haru_2025-07-10,luvinux,화채 먹어주세요 제발요!!!!!!❤️❤️❤️,2025-07-10,o.haru
396,o.haru_2025-07-10,y99na_o,팔로 콜라 치실까봐 조마조마했어요 ㅋㅋㅋ 통다리랑 고기가득해보이는 JG버거 너무 맛있어보여요...😮 다음에는 마라샹궈 드셔주세요!!,2025-07-10,o.haru
397,o.haru_2025-07-10,8sakinyong,헐 프랭크버거 한번도 안먹어밧는데 머가 젤 맛있나요?!..아 햄부기수혈 드가야되… 이 영상은 새로운 각도같은데!! 이것도 너모 커여워요..하루언니 오늘 ㄴㅁ 햄볶해보여요🤤💕,2025-07-10,o.haru
398,o.haru_2025-07-10,p.e3eo,헥 치즈듬뿍.. 미칭 거 아닌가..🤤 저능 갠적으로 이 구도가 하루언니랑 마주보고 먹능 게 아니라 언니 먹는 거 지켜보는 거 같아서 진짜 너무너무 귀여워요💕 일단 난 하루언냐면 모든 두팔 쫙 벌리고 반겨줄수 잇긴 함.,2025-07-10,o.haru
399,o.haru_2025-07-10,bin_ibeen,구도가 새로워서 다른 분인줄 알았어요!! 이번 먹방도 완전 맛있겠다🤤,2025-07-11,o.haru
400,o.haru_2025-07-10,chlrhdmltlddldspzhrkehlrhtlvdj,언니 나도 한입만,2025-07-10,o.haru
401,o.haru_2025-07-10,papcicem,전언니와계속눈을마주치고싶어!!!!!!!!!!,2025-07-10,o.haru
402,o.haru_2025-07-10,8ozizo,와맛잇겟다 햄버거도너무맛잇어보이고 화면에치즈가가득해서 너무좋어여 감튀도완전🤤🤤🤤 집앞에프랭크버거잇는데 관심도없엇는데 저도언니가먹은메뉴 먹어볼게요,2025-07-10,o.haru
403,o.haru_2025-07-10,maowcatnana,왓더버거에 직화 통새우버거 진짜 맛있어요! 나중에 먹어봐요오!🤤,2025-07-11,o.haru
404,o.haru_2025-07-10,lse_t.diary,햄복한 하루님 먹방보는 순간🩷,2025-07-10,o.haru
405,o.haru_2025-07-10,hommelier_,"언니 통가슴살후라이드랑 핫불고기버거, 쉬림프버거도맛잇어요ㅠㅠㅠ꼭드시깅😍",2025-07-10,o.haru
406,o.haru_2025-07-10,119brainnotfound,맛익겟다 @0jhx_,2025-07-11,o.haru
407,o.haru_2025-07-10,min7eu__,피부가 너무 좋아용 피부 베이스제품이랑 기초제품 뭐 쓰시나용!! 기초나 피부화장품 정보 궁금해요❤️❤️,2025-07-10,o.haru
408,o.haru_2025-07-10,chu.berup_jmt,햄부기햄북🍔,2025-07-10,o.haru
409,o.haru_2025-07-10,hooosiie,맥날 고구마버거?! 도머거주세요😍,2025-07-10,o.haru
410,o.haru_2025-07-10,young_posse_1,카메라 구도가 바뀌어도 역시 예쁘네요ㅠㅠ,2025-07-10,o.haru
411,o.haru_2025-07-10,kjujin_85,햄볶았슈😍😍😍,2025-07-11,o.haru
412,o.haru_2025-07-10,ramthimos,너무맛잇어보여요 💕,2025-07-10,o.haru
413,o.haru_2025-07-10,ddaegul2,엉니진짜너무기엽고아ㅜㅜㅜ너무조아요너무마싯서보여요…눈이반짝반짝해요귀여워요사랑해요마싯는거마니먹고잠잘자고행복해요러뷰!!!!❤️,2025-07-11,o.haru
414,o.haru_2025-07-10,taeexxy,웅니 구도가 너무너무기여워요💕💕 마싯게먹는거 너무보기조아요♡,2025-07-10,o.haru
415,o.haru_2025-07-10,rla._alsdud,너무 귀여워요..진짜로오🫠 음식 먹을때 눈 초롱초롱 해지구 와앙 먹는거 진짜 레전드.,2025-07-11,o.haru
416,o.haru_2025-07-10,hongji_yam,"꺅 프랭크버거 ㅠㅠㅠㅠ 쩰 조아해요,,😍 유일하게 주기적으로 사먹는 수제버거!!!❤️",2025-07-10,o.haru
417,o.haru_2025-07-10,doodfodo,옆에서 보니까 너무 귀여워요😂😍,2025-07-10,o.haru
418,o.haru_2025-07-10,yeonui2,치즈 미춌다!,2025-07-11,o.haru
419,o.haru_2025-07-10,lovem_easiam,아 옛날 생각 난다(?)…~,2025-07-11,o.haru
420,o.haru_2025-07-10,min_yeeu_un,오물오물 먹을때 아기 다람쥐 같아요🤍,2025-07-10,o.haru
421,o.haru_2025-07-10,cuteeeeeeeeee__0630,아 프랭크 조져야하는ㄷ @yeonijxl,2025-07-11,o.haru
422,o.haru_2025-07-10,yong43400,맛있겠다👏👏👏,2025-07-11,o.haru
423,o.haru_2025-07-10,cocoballl_,오아아 햄버거 땡겼는데!!!!!!!! 마싯겟어요..👍🏻🤗,2025-07-10,o.haru
424,o.haru_2025-07-10,yninyyinnyy,오늘두 너무 맛있게 드세요😍😍😍😍❤️,2025-07-10,o.haru
425,o.haru_2025-07-10,hee.ttoo3693,와 언니ㅣ!!!오늘도 너므 마시께 먹어여ㅜㅜㅠㅜㅡ❤️❤️❤️항상 이런 영상 올려주셔서 감사해요😍😍,2025-07-12,o.haru
426,o.haru_2025-07-10,cherrymang223,언니 프랭크버거 한번두 안머거봐서 궁금한게 있는데 혹시 맨첨에 올리신 치즈?!는 프랭크버거에서 시키신 건가여 직접 집에서 준비하신건가여?!?,2025-07-17,o.haru
427,o.haru_2025-07-10,hye_se0_0,진짜 너무너무예뻐요,2025-07-19,o.haru
428,o.haru_2025-07-07,8ozizo,아이스크림광고인줄알앗는데 치과치료일줄은 상상도못햇어요 언니처럼아이스크림 평생먹을라면 저도치과가야겟네요 아이스크림 하나하나 떼먹는것도 넘귀여워요 근데좀 저런거먹으면 성에안차지않나요 괜히적게느껴지고,2025-07-07,o.haru
429,o.haru_2025-07-07,yn.jjxn,장깐망여 광고인거알겟는데 저케익먹방 먹방으로만 가져와주실거져 가져와주셔야해여 기다릴게여근데 목소리가너무 깅엽네요,2025-07-07,o.haru
430,o.haru_2025-07-07,khehello,맛있겠다,2025-07-18,o.haru
431,o.haru_2025-07-07,chu.berup_jmt,목소리도 귀엽다..🥹❤️,2025-07-07,o.haru
432,o.haru_2025-07-07,illhyhl_7,언니 이 렌즈 너무 자연스럽고 예쁜거 같아요 🥹❤️,2025-07-07,o.haru
433,o.haru_2025-07-07,sc.ok_38,와 언니 목소리 첨들어요 ❤️,2025-07-07,o.haru
434,o.haru_2025-07-07,8sakinyong,목소리너무커여워어엇 요즘 교정 중이라 꼬박꼬박 가는데 더 빨리 알앗다묜!!!! 그나저나 루피케키 하나 다 드시는거 권력 ㅁㅊ네요 어른의맛🥺😭🪽🪽,2025-07-07,o.haru
435,o.haru_2025-07-07,__xxlue,저치과안간지오래돼서… 가야하는데마침!! 적용대상에도해당이되니꿀이네여 치과갈때저앱에서 찾아보고가야겟스요💕💕🤤 그나저나언니목소리가너무… 너무귀여워서영상틀자마자너무감격햇어요카페에잇다가소리지르고눈물흘릴뻔햇어요 아이스크림오물오물먹는거너무햄스터같구귀여워요 오늘저두언니따라서 베라를머거야겟스요 언니마싯는거마니머거요♡♡,2025-07-07,o.haru
436,o.haru_2025-07-07,cocoballl_,초코쉘러버 하루님 ㅎㅎ😽😻👍🏻,2025-07-07,o.haru
437,o.haru_2025-07-07,chimimo._,언니 목소리 완전 예뻐!!!!!❤️,2025-07-07,o.haru
438,o.haru_2025-07-07,hayoeeee,기여워죽겟다,2025-07-07,o.haru
439,o.haru_2025-07-07,yeonui2,먹고 싶당.. 🤤,2025-07-07,o.haru
440,o.haru_2025-07-07,parkparkrub,귀여워요,2025-07-08,o.haru
441,o.haru_2025-07-07,c.x0zn,그냥 평범한 아이스크림 케잌 먹방인줄 알았는데 언니의 목소리와 치과치료를 받을 수 있는 혜택을 알려주는 혜자영상이었던것에 대하여..,2025-07-07,o.haru
442,o.haru_2025-07-07,lse_t.diary,더빙 너무 귀여워요💗,2025-07-07,o.haru
443,o.haru_2025-07-07,monjjanng,넘무 귀여워요,2025-07-07,o.haru
444,o.haru_2025-07-07,aronge1220,아니 목소리 애기같아서 넘 귀여워요..😘😘😘😘,2025-07-07,o.haru
445,o.haru_2025-07-07,seogaeun10,언니 혹시 다음 영상에는 시원한 투게더에 약과 과자 먹방 올려주세요 😍😍😍😍😍,2025-07-08,o.haru
446,o.haru_2025-07-07,axjwvoz._,초코쉘어디꺼에요?!??!!??!!!?!!,2025-07-17,o.haru
447,o.haru_2025-07-07,disisisis00,말 없이 아이스크림만 먹은 영상 없나욥ㅜ,2025-07-07,o.haru
448,o.haru_2025-07-07,msilzg,귀여워요,2025-07-07,o.haru
449,o.haru_2025-07-07,yuunlie0,이 언니 목소리가 왜 림툰 목소리 같지..?,2025-07-16,o.haru
450,o.haru_2025-07-07,_cr_a_ve,목소리 생각보다 되게 귀엽네,2025-07-07,o.haru
451,o.haru_2025-07-06,__xxlue,이번꺼정말우유말먹중체고라고볼수잇겟습니다(감히) 제가마카롱을진짜진짜조아하거든요??! 마카롱처돌이에요거의ㅜㅜㅜ 저 마카롱생일때선물받아서몇번머거봣는데 우유랑 항상 따로 머것엇거든요 아님 커피랑 먹거나!!!! 근데저는왜.. 우유에말아먹을생각을하지못햇을까요원통스럽다 담에는꼬옥우유에말아먹어야겟어요 우유잔뜩머금어서 촉촉해졋는데쫀득한저런마카롱.. 아너무먹고십어요 여름이라서 우유에시원하게말아먹는게너무부러워요 언니마싯는거마니머거요♡♡,2025-07-06,o.haru
452,o.haru_2025-07-06,ch._.yxxn,아니 얼음 넣고 우유 부어야지 다 튀네,2025-07-19,o.haru
453,o.haru_2025-07-06,yessirlesser,언니 ㅠ 🩷🌺 레전드에용,2025-07-06,o.haru
454,o.haru_2025-07-06,8ozizo,와맛잇겟다 저마카롱진심개좋아하는데 와우유에단거말아먹으면 와... 저도다음에 미니마카롱 먹을때 우유에말아서 국자로퍼먹어야겟여요 너무맛잇겟다 ㅠ 쫀득한마카롱 200개먹을수잇어요,2025-07-07,o.haru
455,o.haru_2025-07-06,c.x0zn,이거였구나!! 스토리에 시리얼인지 화채인지 몰랐던 그 우유.. 단거 땡긴다여,2025-07-06,o.haru
456,o.haru_2025-07-06,wowttgi,헐 파스키에 마카롱 진짜 맛있져!!! 저두 우유 말먹 했는데 최고였어여……….. 마카롱 대용량은 맛이 다르구나 …. 저눈 12구 짜리였구 피스타치오 맛 요게 젤 최애었어여 !! 나중에 드셔보세여 강츄 !!! 🤍🤍,2025-07-07,o.haru
457,o.haru_2025-07-06,man2uya,아너무귀여워요!!!! 마카롱먹방짱👍👍,2025-07-06,o.haru
458,o.haru_2025-07-06,8sakinyong,스토리 보고 빵말먹 하신 줄 알앗더니 마카롱이었다니!!!!! 바닐라 아이스크림이랑 먹어두 넘 맛있겐네요 ㅜㅜㅜ 아 새벽에 봐서 더 땡겨😭😭🥺,2025-07-07,o.haru
459,o.haru_2025-07-06,hongji_yam,"세상에 화채도 아니고 씨리얼도 아닌 것의 정체가 마카롱이라니,, 대반전이에요ㅋㅋㅋㅋㅋ!!!😮",2025-07-06,o.haru
460,o.haru_2025-07-06,thisisntitzza,숟가락 정보알려주세용ㅇ👏👏,2025-07-06,o.haru
461,o.haru_2025-07-06,lse_t.diary,하루님 그거 아세요?? 저 방금 마카롱 먹방 보고싶었어요🩷👍,2025-07-06,o.haru
462,o.haru_2025-07-06,heywon_05_28,맛있겠다,2025-07-10,o.haru
463,o.haru_2025-07-06,zipgagoshipdda_,난리났네난리났어..너무맛잇러보여요😍,2025-07-07,o.haru
464,o.haru_2025-07-06,ju_yeong.t,쫀득콰삭바삭말랑 마카롱이랑 우유 같이 먹구싶어여ㅜㅜㅜㅜ정말맛있어보여요ㅠㅠㅠㅠㅠ오마이갓❤️,2025-07-07,o.haru
465,o.haru_2025-07-06,chu.berup_jmt,헐 대왕숟가락 탐난다🫢,2025-07-06,o.haru
466,o.haru_2025-07-06,_coco_ring,아우유입에튄거너무너무너뭔뭐무무무문머커야우어이ㅠㅠㅠㅠㅠㅠㅠ커쿠어ㅜ엉커어여유ㅓㅠㅠㅠ,2025-07-16,o.haru
467,o.haru_2025-07-06,asenn.san,아 진짜 달콤해요🎀🩷,2025-07-29,o.haru
468,o.haru_2025-07-06,thinkaboutmeeii,와정말행복하겠다......와...,2025-07-08,o.haru
469,o.haru_2025-07-06,seafood_ttt2,대바규ㅠ너무마시게따ㅠㅠ,2025-07-06,o.haru
470,o.haru_2025-07-06,shiny._.k0,왁..이거 구매처 어디인가요..넘 마싯어보여용..😍,2025-07-16,o.haru
471,o.haru_2025-07-06,rozeyu_,"마카롱 넘 탐나여 ,, 바로 저장",2025-07-07,o.haru
472,o.haru_2025-07-06,o.haru___,마카롱은 카카오톡 선물하기에서 ‘파스키에 마카롱’ 삼만원에 구매했숨당✨🤍,2025-07-06,o.haru
473,o.haru_2025-07-06,zimxnv_,스토리가 마카롱이엿근여ㅜㅜ,2025-07-06,o.haru
474,o.haru_2025-07-06,_eun.2e,H..h..h혹시 마카롱 구매처랑 이름 알려주실분 제발 저 아니면 안돼요 제발 나 나 나 나 나요 나 제발 알려주실분,2025-07-13,o.haru
475,o.haru_2025-07-06,su_.ey8,권력있어보여요,2025-07-07,o.haru
476,o.haru_2025-07-06,ae.yungyeol,추구미,2025-07-08,o.haru
477,o.haru_2025-07-06,going_yerin_,너무부러워오너무부러오,2025-07-11,o.haru
478,o.haru_2025-07-06,s0_9ha,어디 마카롱이에요,2025-07-09,o.haru
479,o.haru_2025-07-06,_x1ns11,숙가락 정보 알려주세요ㅠ,2025-07-07,o.haru
480,o.haru_2025-07-06,geigighania,3주좋아요 1개답글 달기,2025-07-09,o.haru
481,o.haru_2025-07-06,tokuno_nctzen,ㅓ언니 그다음은 초코탕 해쥬세요..♡ 오레오 꼭 넣어서 😽,2025-07-06,o.haru
482,o.haru_2025-07-06,tnsenqnun,렌즈 정보 알려주세용!,2025-07-09,o.haru
483,o.haru_2025-07-06,noti0n.0,말먹은 누가 먼저 생각햇을까..,2025-07-07,o.haru
484,o.haru_2025-07-06,flwoc.o,얼음을 먼저 넣고 우유를 따랐으면 덜 튀었을텐데요...음식점 셀프음료자판기만 봐도 ‘얼음먼저’라고 써져있는 곳이 대부분인데ㅠ 영상찍을때 생각 못 하셨나보네요...?...,2025-07-08,o.haru
485,o.haru_2025-07-06,blockchained_mikuchan,어디서사셨나요 미니마카롱???????????제발알려주세요,2025-07-08,o.haru
486,o.haru_2025-07-06,flipit.kickit,워친..,2025-07-07,o.haru
487,o.haru_2025-07-06,seogaeun10,언니 혹시 다음 영상에는 투게더에 약과 과자 먹방 올려주시면 안될까요 😍😍😍😍😍😢😢😢😢😢😢,2025-07-07,o.haru
488,o.haru_2025-07-06,amaeamum,으아아악 이시간에 이걸 보다니 🥹 내일 당장 먹겠습니다 . 츄릅,2025-07-06,o.haru
489,o.haru_2025-07-06,kisemura,마카롱 어디서 사셧나요.. 상품명좀알려주세요😭,2025-07-06,o.haru
490,o.haru_2025-07-06,hx.wzo,와구와구입에털어버리고싶어얌얌,2025-07-07,o.haru
491,o.haru_2025-07-06,s.xy2_,아존나막잇겟다진짜,2025-07-07,o.haru
492,o.haru_2025-07-06,jw0n11_,마카롱 구매처 어디일까요..ㅠㅠㅠㅠ,2025-07-07,o.haru
493,o.haru_2025-07-06,yoppiiie._,치플레 케이크 먹어주세욤🍰,2025-07-06,o.haru
494,o.haru_2025-07-06,haemi.q,와 언니…………이시간에 자극 제대루….❤️,2025-07-06,o.haru
495,o.haru_2025-07-06,ll.yjj_,이런 디저트류 많이 찍어주세여ㅕ❤️,2025-07-06,o.haru
496,o.haru_2025-07-06,yenny_6011,나 저 수쿱 젤리 무게단위로 파는 가게에서 본적 있는거 같음😂😂,2025-07-07,o.haru
497,o.haru_2025-07-06,codmsdlwkd,저기요…,2025-07-07,o.haru
498,o.haru_2025-07-06,cocoballl_,마카롱이엇군아!!!!!!!!!!🤩💗,2025-07-07,o.haru
499,o.haru_2025-07-06,wlmin_._._0o0,언니 저도주세효..,2025-07-06,o.haru
500,o.haru_2025-07-06,mrym7ii,더 많은 시리얼 먹방 언니😭🫠🤍✨,2025-07-06,o.haru
501,o.haru_2025-07-06,teb._01,이거 왜 컴퓨터에서 소리안들림?,2025-07-06,o.haru
502,o.haru_2025-07-06,2.60kcal,저도한입주세요,2025-07-07,o.haru
503,o.haru_2025-07-06,yourpoopiscolorpoop,오억짜리디저트,2025-07-07,o.haru
504,o.haru_2025-07-06,icaeyul865,마카롱 진짜 좋아하는데 한번 먹어봐야겠어요💓💓,2025-07-07,o.haru
505,o.haru_2025-07-06,orzzoz,우아아 … 피부도 디게조으시당 먹는 모습 보니 힐링 되네여☺️❤️,2025-07-07,o.haru
506,o.haru_2025-07-06,bin_ibeen,"헐,, 저 마카롱 완전 좋아하거든요!!! 구매처 알려주시니 진짜 사먹어봐야겠어요,,,😻😻이번 말먹도 너무 맛깔나시구😭 미모도 열일하시네여ㅠㅠㅠㅠ",2025-07-07,o.haru
507,o.haru_2025-07-06,2tpdk,미쵸따..,2025-07-07,o.haru
508,o.haru_2025-07-06,olalaolelelelele,렌즈 너무 잘 어울려여😍😍 앞으류 이것만 껴주세요ㅠㅠ,2025-07-07,o.haru
509,o.haru_2025-07-06,yeoul._.14,아닛 나만 이분 키키 지유랑 키야 닮은거같나..,2025-07-07,o.haru
510,o.haru_2025-07-06,_hx.um2,나도먹고싶은데살찔거같애,2025-07-07,o.haru
511,o.haru_2025-07-06,ce3xn__,진짜 야르맛탱이겍다!!!!,2025-07-07,o.haru
512,o.haru_2025-07-06,_g8dmorning,마카롱 어디껀지 알 수 있을까요😭,2025-07-08,o.haru
513,o.haru_2025-07-06,ningyo12ei,배고프네요 ㅠㅠ,2025-07-08,o.haru
514,o.haru_2025-07-06,jini_zilla,아 맛잇겟다,2025-07-08,o.haru
515,o.haru_2025-07-06,bluebabyforyou,"와,,대박 ❤️",2025-07-08,o.haru
516,o.haru_2025-07-06,eun_in_seo,일반마카롱으로도 되나요?,2025-07-08,o.haru
517,o.haru_2025-07-06,swiftyy._.0,나는 마카롱을 좋아해요 😍,2025-07-08,o.haru
518,o.haru_2025-07-06,so_ng1.16,이제 이거 먹을께요..,2025-07-08,o.haru
519,o.haru_2025-07-06,a._n239,와 다 답장해주셔.. 정성 뭐에요 😍,2025-07-08,o.haru
520,o.haru_2025-07-06,08.o6l_,와ㅠ해먹어야지,2025-07-09,o.haru
521,o.haru_2025-07-06,01083403755_,@s2u1_k 사줘,2025-07-09,o.haru
522,o.haru_2025-07-06,k_soh14,우유에 밥 말아 머거도 맛잇나유 ??😍😍,2025-07-09,o.haru
523,o.haru_2025-07-06,dudcovv,너무너무부러우ㅏ요,2025-07-09,o.haru
524,o.haru_2025-07-06,from_hyunji,배우신분,2025-07-09,o.haru
525,o.haru_2025-07-06,znzn4458,맛있는건 아껴먹는 타입이군요.. 전 소화가 잘 안되는 사람이라 먹는 양이 적다보니 맛있는걸 늦게 먹으면 ㅈ돼요,2025-07-09,o.haru
526,o.haru_2025-07-06,ioioioi3554,ㅁㅊ 이거 개맛있겠다,2025-07-10,o.haru
527,o.haru_2025-07-06,bangga_aa,하룰라라갈것같다,2025-07-10,o.haru
528,o.haru_2025-07-06,xx.xxeeeezrrmx,초코가 ㄹㅈㄷ에요,2025-07-12,o.haru
529,o.haru_2025-07-06,sx.yyn2,헙 제가 제일 좋아하는 디저트가 마카롱인데.. 너무 맛잇어보이네요오..,2025-07-13,o.haru
530,o.haru_2025-07-06,rkdcorud,우유에 얼음이라니,2025-07-14,o.haru
531,o.haru_2025-07-06,bin1322024,우왓 👏👏,2025-07-14,o.haru
532,o.haru_2025-07-06,mole_sister,묵은지닭도리탕 육회비빔밥에 냉면 고치돈에 쫄면 로제마라샹궈 제발요 plzplz,2025-07-15,o.haru
533,o.haru_2025-07-06,daily_life_hash,기요오ㅠ❤️,2025-07-15,o.haru
534,o.haru_2025-07-06,p_yoon.x,혹시 틱톡계정 있으신가요??,2025-07-16,o.haru
535,o.haru_2025-07-06,10.050331,왜 우유부터 넣음..? 얼음부터 넣어야 안튀지 ㅋㅋㅋ,2025-07-17,o.haru
536,o.haru_2025-07-04,8ozizo,중간에 오잉?하는표정 너무귀여워요 햄버거엄청꽉차고 가격도합리적인 착둥이버거네요... 하루언니진짜잘드시네요 저햄버거 하나밖에못먹는데 저도언젠가 햄버거양손에들고 먹고싶어요 근데전 감튀가더좋아요ㅎ 다음엔감튀먹방도해주세요,2025-07-04,o.haru
537,o.haru_2025-07-04,bin_ibeen,"우와,,,,,,,평소에 맘스터치 킬러로써 꼭 먹어봐야 겠어요ㅠㅠㅠㅠㅠㅠㅠ 입 왕 벌리고 드시는 것 마저 귀여우신데요,,😻😻😻세상 모든 음식 광고는 하루님이 다 맡으셔야만,,",2025-07-04,o.haru
538,o.haru_2025-07-04,c.x0zn,레전드..밥 먹었는데 또 배민 들어가게 생김 살려줘,2025-07-04,o.haru
539,o.haru_2025-07-04,yn.jjxn,늦엇다우왕맛잇것다 왜케이뿌요,2025-07-04,o.haru
540,o.haru_2025-07-04,8sakinyong,맘터 너무 가성비라 자주 먹는데!!! 함 먹어봐야겟네요 ㅜㅜ 맘터는 치즈볼이 ㅈㅉ 맛잇더라거요 하루언냐도 꼬옥 먹어봣음 조켄네💕,2025-07-04,o.haru
541,o.haru_2025-07-04,__xxlue,맘터 미텻다!!!!! 저지금햄버거가 너무너무땡기거든요 당장배달시켜서먹어야겟어요 저두 언니처럼소스러버라서 소스왕창해서먹는거조아하거등요 소스촉촉한게넘맛잇어보여요 글고 맘터에들어잇는저런피클.. 너무맛나요 하미쳣다 지금너무먹고싶어서햄버거3개도먹을수잇을것같아요 맘터가성비조은걸 오늘하루언니영상보면서 실감하네요당장먹어봐야겟슨요💕 글고언니오늘머리가넘청순해요예뻐요기염햄스터같아요 맛잇는거마니머거요♡♡,2025-07-05,o.haru
542,o.haru_2025-07-04,hongji_yam,이고 진짜 마시쬬 ..❤️,2025-07-04,o.haru
543,o.haru_2025-07-04,hee.ttoo3693,그리구 하루언니 민초 퐁듀한번만 더 무더쥬세여ㅕㅕㅕ❤️❤️,2025-07-04,o.haru
544,o.haru_2025-07-04,lse_t.diary,밤 새셨어요ㅠㅠ 항상 힘내세요!!🩷 저 맘스터치 진짜 좋아하는데 햄치즈휠렛버거 좋아했는데 어디간지 모르겠어요..😭 그래서 요즘은 화이트갈릭버거 먹어요ㅎ 제가 닭가슴살 패티를 좋아해서..👍 하루님 맘스터치 최애에서는 뭐이신가요??❤️,2025-07-04,o.haru
545,o.haru_2025-07-04,_xoxchae0,맛있겠다 ㅠㅠ,2025-07-04,o.haru
546,o.haru_2025-07-04,chaussonsauxpomme,저는 무조건 딥치즈!!!😍,2025-07-08,o.haru
547,o.haru_2025-07-04,1xovey0u,언니 맘터아라비아따치즈버거 꼭머거보세요진심제최애예요…근데 좀매워서소스닦아내고먹어야해요ㅎㅎㅎㅎㅎ 근데이게중점이아니고…….. 무슨맘터버거를이리맛잇게드시나요 침주륵이야심한밤에너무 고자극이네요….🥹,2025-07-05,o.haru
548,o.haru_2025-07-04,12_kdi_,와 밤인데 배고파요🤤,2025-07-07,o.haru
549,o.haru_2025-07-04,seollce,언니너무잘먹어서방금밥먹엇는데배고파여,2025-07-05,o.haru
550,o.haru_2025-07-04,dev_kozi,내일은 오랜만에 맘스터치 먹어야겠네요,2025-07-08,o.haru
551,o.haru_2025-07-04,hwanggeundoksulizzangsse,와,2025-07-05,o.haru
552,o.haru_2025-07-04,yeonui2,와.. 츄베릅..,2025-07-04,o.haru
553,o.haru_2025-07-04,wlqrkrhtlvekfkawnl2,와ㅠ,2025-07-04,o.haru
554,o.haru_2025-07-04,hee.ttoo3693,언니!전영상에 제 댓에 글써주셔서 감사해요 ❤️❤️이렇게 1일1영해주시니까 언니얼굴도 매일 보고 너무 조아여😍😍😍😍,2025-07-04,o.haru
555,o.haru_2025-07-04,cccc_jung,우와 한번에 세개가 가능해요..???😮😮😮,2025-07-04,o.haru
556,o.haru_2025-07-04,maybe_ciara,"5600원 맞나영...???!? 저희집 근처 맘터는 6600 이라서융,,,",2025-07-07,o.haru
557,o.haru_2025-07-04,zzzzooooou5,"화질이,,",2025-07-04,o.haru
558,o.haru_2025-07-02,__xxlue,와미쳤다!!!!!!!!!!!! 이번껀흥분을안할수가없내요 뚱새우유부 보자마자도파민돌앗어요 약간유부주머니같기도하고너무너무너무맛잇어보여서진짜침흘렷어요 오늘재료들이다너무뚱뚱하고기여브네요 뚱뚱한새우유부뚱뚱한분모자뚱뚱한소세지등등… 너무맛잇어보여서정신혼미해요 뚱새우유부진짜로탐나요 저언니마라탕먹방너무조아해서 이전꺼 계속돌려보는데새마라탕먹방이라니.. 그리구너무맛잇어보이는재료들… 너무조으네요 너무맛잇겟다언니오늘특히권력잇어보이고조아요 맛잇는거마니먹어요…♡♡,2025-07-02,o.haru
559,o.haru_2025-07-02,haemi.q,마라탕…………언니 저두 마라탕 넘 조아해여ㅠㅠㅠ……❤️,2025-07-02,o.haru
560,o.haru_2025-07-02,c.x0zn,유부 먹으면서 맛있음의 미간 찌푸림이 점점 깊어진다..,2025-07-02,o.haru
561,o.haru_2025-07-02,cocoballl_,마라탕 최고옹ㅇ오오오옹💗👍🏻,2025-07-02,o.haru
562,o.haru_2025-07-02,yibthbhms,천재언니❤️,2025-07-02,o.haru
563,o.haru_2025-07-02,bin_ibeen,너무ㅜ 맛나게 드셔서 마라탕 시키고 싶어졋어요ㅜㅜ 맛있는 거+맛있는 거=뚱새우유부!! 완전 먹어보고 싶어요🤤😭,2025-07-03,o.haru
564,o.haru_2025-07-02,p.e3eo,저 대왕슨한 숟가락 뭐에요. 마라탕용 숟가락인가요😍 고기에 중국당면에 버섯 올려서 국뭉 푹… 너무 맛있겠다 ㅜㅜ,2025-07-03,o.haru
565,o.haru_2025-07-02,8ozizo,헐 언니 저도오늘 마라탕머것는데😍😁😍😍😍 오늘딱 마라탕영상이네요 대박 뚱새우유부 레앨너무맛잇어보여요 진짜나왓으면좋겟어요 완전푸짐하고 엄청잘먹어서너무좋아요 근데마지막애 진짜메뉴이름처럼 마라국밥써있는거 너무웃기고귀여워요 그리고오늘 왠지모르겟는데 엄청 청순해보여요 허허 먹짱하루언니가만든 뚱새우유부 진짜생기면제가 맨날추가해서먹을거에요 맛잇겟다 언니정말맛잇게먹네요,2025-07-02,o.haru
566,o.haru_2025-07-02,ju_yeong.t,아니언니뚱새우유부???!!!???어쩜그렇게천재같은생각을하신거죠!!!!!!!❤️ 새우랑 유부 둘 다 좋아해서 넘 맛있어보여요ㅜㅜㅜㅜㅜㅜ언니는정말천재같아앙😍,2025-07-03,o.haru
567,o.haru_2025-07-02,ooouooooi,맛있겠당,2025-07-02,o.haru
568,o.haru_2025-07-02,8sakinyong,"뚱새우유부?!!!!! 첨들어보는 신선한 단어.., 유부도좋고 새우도 조흔데 둘이 합쳤다니ㅜㅜㅜ 저건 따로 팔으면 조켄네요 어디든 어울릴듯😇🥺",2025-07-02,o.haru
569,o.haru_2025-07-02,lse_t.diary,"뭐죠 저 신메뉴 대박 이러고 있었는데 만드신거요??!! 손재주도 좋으셔💕💕 재료들이 레전드여서 감탄하고 있었는데 마지막 마라국밥 뭐죠 진짜 대박인데요,,👍👍 조명덕분인지 몰라도 오늘 영상이 더 밝은거 같네요?? 하루님이 더 잘 보이는거 같아행복해 하면서 먹방 봤습니다!!🩷 감사합니다🩷💕",2025-07-02,o.haru
570,o.haru_2025-07-02,hee.ttoo3693,헐 운니❤️❤️너무마시께드시는데요!여전히 이쁘신울언니😍😍😍,2025-07-03,o.haru
571,o.haru_2025-07-02,park.yu.ha15,와 맛있겠어요❤️,2025-07-02,o.haru
572,o.haru_2025-07-02,_gh_o9,저 투명 스푼 뭐지 가벼우면서 깊어서 편해보인다,2025-07-02,o.haru
573,o.haru_2025-07-02,sianlryun,해파리냉채… 해파리 먹얻주세요,2025-07-03,o.haru
574,o.haru_2025-07-02,h_lyn52,헉 유부 너무 맛있어보여욥😢,2025-07-02,o.haru
575,o.haru_2025-07-02,s0ur_w0nh0,뚱새우유뷰ㅠㅠ이름만 들어도 넘감격스러운데 직접만드셧다니 ㄷㄷ 넘맛잇어보여요 부러워요,2025-07-02,o.haru
576,o.haru_2025-07-02,dyedeun,언니만보면마라탕먹고싶어져요,2025-07-02,o.haru
577,o.haru_2025-07-02,hangiriboy_s2,뚱새우유부.. 치즈품은 새송이.. 어디 마라탕인가요..? 🥹,2025-07-02,o.haru
578,o.haru_2025-07-02,1xovey0u,아니 이언니진짜먹잘알임 박사학위수여해드려야함어떻게유부안에새우를가득넣을생각을하신곤가요…….. 알파피메일이시다…….. 뚱새우유부 뚱분모자 다너무이름이커요워요마치하루언니처럼…….제발하루언니가뚱새우유부를꼭출시하는그날이오기를 기다리고잇을게요…. 🤩💞,2025-07-03,o.haru
579,o.haru_2025-07-02,rovolamlne,"와 유부 감칠맛 장난아닐듯,, 한번 먹어보고싶당🫠🫠",2025-07-02,o.haru
580,o.haru_2025-07-02,luna._.vera,자주 올려주세요 ❤️❤️❤️,2025-07-03,o.haru
581,o.haru_2025-07-02,mandooooo_83,언니가 내 마약,2025-07-03,o.haru
582,o.haru_2025-07-02,hayoeeee,와 나도 언니,2025-07-02,o.haru
583,o.haru_2025-07-02,so053.0,중당 드실 때 쾌감..ㄷㄷ,2025-07-02,o.haru
584,o.haru_2025-07-02,iuo6s,출시해주세요,2025-07-02,o.haru
585,o.haru_2025-07-02,seogaeun10,언니 혹시 다음 영상에는 투게더에 약과 과자 먹방 올려주시면 안될까요 😍,2025-07-03,o.haru
586,o.haru_2025-07-02,fhwora,어디파는거에요…?,2025-07-06,o.haru
587,o.haru_2025-07-02,oeeieeoeeiee,뚱새우유부 저요,2025-07-02,o.haru
588,o.haru_2025-07-02,peach_melone,와뚱새우유부진심천재다,2025-07-02,o.haru
589,o.haru_2025-07-02,lov2_y0u,@su._.binpp 마라수혈할때가 왔다,2025-07-08,o.haru
590,o.haru_2025-07-02,moly4_1,언니 오디서 시키셨어용..?,2025-07-03,o.haru
591,o.haru_2025-07-02,app0ppl,숫가락 정보 궁금해요...🥺🥺,2025-07-17,o.haru
592,o.haru_2025-07-02,j_xunz4,ㅎ흐ㅡ흐흐ㅗㅡㅡ흐ㅡ흐흐흐흐흐흐ㅡ흐흐흐흐흐흐ㅡ흐흐흐흐흐흐흐흐흐흐ㅡ흐흐흐흐흐흐흐흐흐흐흐흐ㅡ흐흐흐흐흐흐흐흐흐ㅡ흐흐흐흐흐흐ㅡ흐흐흐흐흐ㅗㅡㅗㅡㅡㅗㅡㅗㅡ흐흐ㅗㅡㅗㅡㅗㅜㅗㅜㅗㅡㅡㅗㅡㅗㅡㅗㅜㅗㅡㅡㅗㅜ후ㅜ후ㅛㅜㅛㅜㅗㅜㅛㅡㅡㅛㅡㅡㅛㅡㅛㅡㅛㅡㅛㅡㅛㅡㅛㅡㅛㅡ흐흐ㅡ흐흐흐흐흐ㅡ흐흐흐흐흐ㅡ흐흐흐흐흫ㅎㅎㅎ.ㅎ.흐흐흐흐ㅡ흐흫.ㅎ..흐흐흐흐ㅡ흐흐ㅡ흫.ㅎ.ㅎ.흐ㅡ흐흐ㅡ흐흐흐후흐ㅡ흐ㅡ흐흫..흐ㅡ흐흐ㅡ흐흐ㅡ르르르ㅡ흐흐르르ㅡ흐르르르르ㅡ르르르ㅡ흐흐흐르ㅡ르르ㅡ흐ㅡ흐흐ㅡ흐흐흐흐흐ㅡ흐흐흐흐ㅡ흐흐흐ㅡ흐ㅡ흐흐흐ㅡ흐흐ㅡ흐흐ㅗㅡㅡㅗㅡ흐흐ㅡㅡㅡㅡ흐흐ㅡ흐흐ㅜ흐ㅡ흐흐흐ㅗㅡㅡㅗㅡ흐ㅡ흐흐흐ㅗㅡ흐ㅡ흐ㅗㅡ흐ㅗㅡㅡㅗㅡㅗㅡㅗㅡㅗㅡㅡㅗㅡㅡ흐ㅡ흐ㅗㅡ흐흐흐ㅡ흐ㅡ흐흐흐ㅡㅗㅡㅗㅡㅗㅡㅗㅡㅡ흐흐흐ㅡ멍멍,2025-07-28,o.haru
593,o.haru_2025-07-02,seollce,와미친이거못참는다,2025-07-02,o.haru
594,o.haru_2025-07-02,peopeopeo916,살이 더 빠시지는 거 같아요😢 부러워요,2025-07-02,o.haru
595,o.haru_2025-07-02,uoasuna,"뚱새우유부 아이디어 미쳤,,, 역시 먹천재😍😍",2025-07-02,o.haru
596,o.haru_2025-07-02,yim.myu,뚱새우유부!!!!!,2025-07-02,o.haru
597,o.haru_2025-07-02,bn_db,침 나 와 요 🤤🤤🤤🤤,2025-07-02,o.haru
598,o.haru_2025-07-02,_leechaebin,미뗬다 ㄷㄷㄷㄷ,2025-07-02,o.haru
599,o.haru_2025-07-02,yeonui2,새우유부 맛있겠다;;,2025-07-02,o.haru
600,o.haru_2025-07-02,daikiwana,마라탕 가게를 차리라 평생 뚱새우유부로 돈벌게 해주마,2025-07-04,o.haru
601,o.haru_2025-07-02,snow_flower._23,당신은 이 인플루언서와 매우 닮았습니다 @__chloewonggg,2025-07-05,o.haru
602,o.haru_2025-07-02,letseatsulbing,뜨거울텐데ㅜㅜㅜ너무맛잇게잘머거용,2025-07-07,o.haru
603,o.haru_2025-07-02,dmstj5079,우와 되게 성한빈 닮으셧어요!!,2025-07-09,o.haru
604,o.haru_2025-07-02,riiiizzang,먹천재!!!!!ㅜ,2025-07-09,o.haru
605,o.haru_2025-07-02,na_yun_____,@__.yeonuu 갸도랏네,2025-07-11,o.haru
606,o.haru_2025-07-02,islime_sajo,으.악!!,2025-07-12,o.haru
607,o.haru_2025-07-02,castlekitexz,와진짜 마싯게더ㅠㅠㅠㅠㅠㅠㅠㅜㅜㅜㅜㅜㅜㅜ저새우진자좋아하는데 너무맛있어보여고,2025-07-13,o.haru
608,o.haru_2025-07-02,eo.zan,마라탕 어디껀가여,2025-07-14,o.haru
609,o.haru_2025-07-02,saebomarchive,와저거하이디라오잖아,2025-07-16,o.haru
610,o.haru_2025-07-02,h1ovn_,권력잇는ㄷ여자.,2025-07-17,o.haru
611,o.haru_2025-07-02,hyul.3nx,아니 흑목이 버섯 영어 자막이ㅋㅋ,2025-07-19,o.haru
612,o.haru_2025-07-02,fatness.yubu,유부가 오동통해서 귀여워요,2025-07-21,o.haru
613,o.haru_2025-07-02,luneclairee,렌즈뭐끼세요?,2025-07-22,o.haru
614,o.haru_2025-07-02,ari_28.08.2000,이건 제가 지금까지 본 인스타그램 계정 중 최고예요.,2025-07-23,o.haru
615,o.haru_2025-07-02,ozn.4x,조금 눈이 사시인거 같은데 ..,2025-07-24,o.haru
616,o.haru_2025-07-02,mimis_letsgoout,안뜨거워요..?,2025-07-28,o.haru
617,o.haru_2025-07-02,xeo.vino,저 숟가락정보좀 주세여...,2025-07-28,o.haru
618,o.haru_2025-07-01,jungwon_son,우와……..우와….오늘 오하루의 눈에 별이 박혀잇다…..우와…넘예뻐………..,2025-07-01,o.haru
619,o.haru_2025-07-01,8ozizo,와 크림리얼사운드 미쳣다 완전꽉찻네요 얼리면 아이스크림처런되는거 진짜맛잇는데 ㅠㅠ 마싯갯다,2025-07-01,o.haru
620,o.haru_2025-07-01,p.e3eo,저리 크림이 와방한게 다이어트 빵이요???? 진짜 너무 맛있겟어요 ㅠㅠㅠ 다이어트 할때 진짜 꼭 쟁여놓고 먹울거여요..🤤 언니 근데 냉동상태여도 저리 바삭한 소리가 나는 건가요?? 바삭한 소리가 나서 에프에 돌린건가 싶었는데 냉동이라구 하셔서 신기햇어요ㅎㅎ,2025-07-01,o.haru
621,o.haru_2025-07-01,__xxlue,헐항상 저렇게크림가득한빵을먹구싶엇는데 ㅜㅜ 뭔가크림이그득그득해서 너무살찔것같아가지구양심찔려서못먹엇엇거든요!!!! 근데저당이라니저너무설레요진짜루쟁여둬야겟어요 크림환장빵순이라 너무설레요 올려서먹는게너무맛잇어보이네요느끼하지두않을것같구… 너무군침돌아여 최고시다…♡♡,2025-07-01,o.haru
622,o.haru_2025-07-01,rinicism,헐 살뺀다고 맨날 영상만 보면서 대리만족 하고 잇엇는데 🥹🥹 이거 완전 짱이네요!!!!! 당장 사야겟다 너무맛잇겟눈데요 .. 크림양미쳣다요,2025-07-01,o.haru
623,o.haru_2025-07-01,lse_t.diary,빵순이 다이어터 여깄습니다!! 크림빵은 언제나 ㄹㅈㄷ💕👍,2025-07-01,o.haru
624,o.haru_2025-07-01,bbak_.bbak,걱 개맛있겠긔,2025-07-01,o.haru
625,o.haru_2025-07-01,8sakinyong,어떻게 그대로 먹어도 저리 파작파작하지?!… 얼먹+초코뿌리기 진짜 배운사람이네요 ㅜㅜ 저러케맛잇어보이는데 저당이라니🥺🪽 지갑을열게돼…,2025-07-01,o.haru
626,o.haru_2025-07-01,1xovey0u,다이어트 빵에 초코쉘뿌려먹는우리하루언니너무고상하고우아해………..(진심임)본받고싶습니다근데 그와중에빵식감이너무좋아브러…. 💕,2025-07-01,o.haru
627,o.haru_2025-07-01,hongji_yam,"세상에 저 부르셨나요•• 단백질 25그램은 단쉐에도 저만큼 안 들었는데 왕 대박ㄴㅇㄱ 먹어보겠숴요,,😮",2025-07-01,o.haru
628,o.haru_2025-07-01,bin_ibeen,"먹고 따봉하고 먹고 따봉하고 귀여워요ㅍㅍ😭😻 디저트에 빠지지 않는 초코쉘,, 요즘 다이어트 생각중인데 저거 먹으면서 할까 싶어요🤤🤤",2025-07-01,o.haru
629,o.haru_2025-07-01,theguinearush,랴면땡겨요,2025-07-02,o.haru
630,o.haru_2025-07-01,jennierubywonn,존나맛없는데어케다드시는거예요??대단하다 진짜..,2025-07-01,o.haru
631,o.haru_2025-07-01,y99na_o,옥수수면 많이 들어간 입안 가득 왕창 먹는 마라탕먹방해주세요!!😍,2025-07-01,o.haru
632,o.haru_2025-07-01,seogaeun10,언니 혹시 다음 영상에는 투게더에 약과 과자 먹방 올려주시면 안될까요?😍,2025-07-02,o.haru
633,o.haru_2025-07-01,yeonui2,포실 포실 소리보소..,2025-07-01,o.haru
634,o.haru_2025-07-01,lee._hyebin,항상 엄청 잘 드시는ㄷ…,2025-07-01,o.haru
635,o.haru_2025-07-01,muk_chear,이건 널담이니깐 살 안찔꺼야.. 그럴꺼야 암 그렇지 그렇지,2025-07-01,o.haru
636,o.haru_2025-07-01,y_xj.on,헐 2분전이다,2025-07-01,o.haru
637,o.haru_2025-07-01,official_solo__kit,잘 보고 갑니다! 피드에 딱 맞는 공구 제안으로 DM 드렸으니 확인해 주시면 감사하겠습니다! :),2025-07-01,o.haru
638,o.haru_2025-07-01,sxnzea,몇 칼로리에요??,2025-07-03,o.haru
639,o.haru_2025-07-01,y00n.k_v_v,어디서구매해여이거???,2025-07-03,o.haru
640,o.haru_2025-07-01,hyo2n1017,어케 사람이 이렇게 귀여울 수가 있지,2025-07-15,o.haru
641,o.haru_2025-07-01,qahhh_486,@2__xoog 맛있게ㅛ다,2025-07-21,o.haru
642,o.haru_2025-06-30,jungwon_son,하 하필..,2025-06-30,o.haru
643,o.haru_2025-06-30,__xxlue,꺄악3분전!!!!!!! 오늘두너무너무귀여브네요… 전오늘친구랑하루종일만카에서놀다가 불계치먹엇어요너무너무맛잇엇는데 열무국수랑묵참????? 절대못참아… 너무너무먹고싶네요 특히김밥이넘촉촉해보이고맛잇을것같아요…. 국수도너므시원할것같고 면이제가조아하는쫄면면이라더맛잇어보여요 잡채도탱글하구… 오늘도넘잘봤어요 요새 날이넘더우니까 온니되도록이면집에코옥박혀잇어요♡♡,2025-06-30,o.haru
644,o.haru_2025-06-30,chu.berup_jmt,잡채까지?! 역시 잘드심🥰,2025-06-30,o.haru
645,o.haru_2025-06-30,p.e3eo,헐 언니!! 저 방금 마라탕에 묵참김밥 조졌능데😻😻 이거 운명이라고 부르는 거 맞죠🤤 너무 맛있겠어용 좋은 밤 보내세요💗🤤,2025-06-30,o.haru
646,o.haru_2025-06-30,8ozizo,와 미치겟다 아니너무맛잇겟네 묵은지참치에 크래미와사마요 와.... 와너무맛있겠다 와.... 열무국수 첨보는데 묵은지김밥이랑 먹는거면 진짜 미친듯이맛있겠네요 와.............. 저도갑자기 밥먹고싶어졋어요 너무맛잇어보이네요 와잠만 이거미쳣네,2025-06-30,o.haru
647,o.haru_2025-06-30,hh_jnn,넘 기엽게생기셨고 음식도 미쳣아욘...♡♡여기어딘지알수잇을가요???,2025-07-02,o.haru
648,o.haru_2025-06-30,dinoeasy_0,소리 너무 좋아요...❤️,2025-06-30,o.haru
649,o.haru_2025-06-30,jxn_1x_,이날씨에 열무국수 한그릇먹으면 미치지;;;;;;,2025-06-30,o.haru
650,o.haru_2025-06-30,ramthimos,너무 맛잇어보여요 💕💕💕💕💕💕귀여우세요💕💕,2025-07-01,o.haru
651,o.haru_2025-06-30,_shinsekainokami,쌀국수먹어주세요....,2025-07-01,o.haru
652,o.haru_2025-06-30,bom2nd,여기어디집인가요오……..너무너무너무넘궁금해요🥹,2025-07-07,o.haru
653,o.haru_2025-06-30,figtreedec.sage18_,열무국수맛있걱다,2025-07-23,o.haru
654,o.haru_2025-06-30,j1ao8,진짜 급식1분ㅇ남았는데 배고프게 하면 어떡하누 ~~맛있겠 디(꼬르륵),2025-07-11,o.haru
655,o.haru_2025-06-30,peach_melone,너무너무귀여워❤️❤️❤️😍😍😍😍😍😍😍😍😍😍😍,2025-06-30,o.haru
656,o.haru_2025-06-30,824ouo,하🔥🔥먹고싶은거 평생 즐겨주세요❤️🙌너.무.좋다!,2025-06-30,o.haru
657,o.haru_2025-06-30,y_0fex,뭐가 부었는지도 잘 모르겟지만 일단 너무 귀여운 건 알겠어요,2025-07-11,o.haru
658,o.haru_2025-06-30,fatness.yubu,묵은지 정말 좋아해요. 조만간 먹어야겠어요,2025-07-21,o.haru
659,o.haru_2025-06-30,lse_t.diary,묶은지 김밥이랑 열무국수만 해도 감탄하고 있었는데 잡채까지 와 침 고여요ㅠㅠ,2025-06-30,o.haru
660,o.haru_2025-06-30,wowttgi,"잡채 2차전까지 모예요 대박,,⭐️ 맛이게따.",2025-06-30,o.haru
661,o.haru_2025-06-30,ksy_sky_syk_,여기 어디인가요..?먹고싶어서 현기증 나요..😂😂,2025-07-02,o.haru
662,o.haru_2025-06-30,xhlrms.gkffo,어디거에유…? 🥹🥹🥹,2025-06-30,o.haru
663,o.haru_2025-06-30,tokuno_nctzen,마라탕.. 영상으로 올라오나유?!,2025-06-30,o.haru
664,o.haru_2025-06-28,mnisoeo,치밥에서 감동 받아서 눈물 흘렸어요…,2025-06-28,o.haru
665,o.haru_2025-06-28,8ozizo,헐,2025-06-28,o.haru
666,o.haru_2025-06-28,yn.jjxn,기다렷어요마싯어보여요 ㅠㅠ 오늘따라더이쁜거 가타여,2025-06-28,o.haru
667,o.haru_2025-06-28,__xxlue,와!!!!! 와!!!!!!!!!! ㄹㅈㄷ 교촌치킨보다맛잇어보이는거첨보는것같아요 저저렇게양념되어잇는치킨너무너무조아하는데 튀김옷얇은거랑안에속살촉촉한거너무황홀해보여요 조만간꼬옥먹어야겟어요… 자꾸하루언니가먹는거 손민수하고잇는것가타요💕 치킨뜯는데 불닭도나오고나중에치밥까지해먹는 하루언니가진정한먹짱…. 오늘도너무체고애요 언니맛잇는거마니마니머거요,2025-06-29,o.haru
668,o.haru_2025-06-28,hongji_yam,"할 얇고 바삭한 튀김옷 짱~!~! 홍단이 먹어봐야게써여,,❤️",2025-06-28,o.haru
669,o.haru_2025-06-28,p.e3eo,하루언니는 빨강이 진리가 맞는 고 같아요..❤️ 오늘도 좋은영상 감사합니다💗🥺,2025-06-29,o.haru
670,o.haru_2025-06-28,hee.ttoo3693,언니 너무 마시께떠여😍😍😍그 언니 영상 6번째꺼 토네이도 물 너무 카와이해요❤️,2025-06-29,o.haru
671,o.haru_2025-06-28,lse_t.diary,꺅 자막 너무 귀여워욥💕 자중해 저거 다 내꺼야ㅋㅋㅋㅋㅋㅋㅋㅋㅋ,2025-06-29,o.haru
672,o.haru_2025-06-28,yeonui2,맛깔나게 드신다아.. 🤤,2025-06-28,o.haru
673,o.haru_2025-06-28,hommelier_,언니는 저의최애에요ㅠㅠ😍😍😍😍,2025-06-29,o.haru
674,o.haru_2025-06-28,hee.ttoo3693,언니 항상 이뽀요 웃는거 보고시푸다,2025-06-29,o.haru
675,o.haru_2025-06-28,wowttgi,"헐 치밥 ,,,,,,,,,,,,,,,, 지짜 잘 어울리겠따여… ⭐️",2025-06-29,o.haru
676,o.haru_2025-06-28,love_sleepground_food,진짜 미쳤다..❤️,2025-06-29,o.haru
677,o.haru_2025-06-28,yllsii,언니 항상 ㅂ물어보고싶엇는데 애교살에 도대체 뭘 바르는거에요!?!!?!?!?!,2025-07-01,o.haru
678,o.haru_2025-06-28,seogaeun10,언니 혹시 다음 영상에는 투게더에 약과 과자 먹방 올려주시면 안될까요 😍,2025-06-29,o.haru
679,o.haru_2025-06-28,8sakinyong,아미친지금이라도치킨시켜야하나ㅜ,2025-06-28,o.haru
680,o.haru_2025-06-28,dddonn.u,4주좋아요 3개답글 달기,2025-06-29,o.haru
681,o.haru_2025-06-28,1astbutnotleast,하루님 자주 끼시는 렌즈들 정보좀 주세요 ~~🙌,2025-07-03,o.haru
682,o.haru_2025-06-26,yn.jjxn,바삭바삭 너무맛잇겟어요 ㅠㅠ 한입만주세여,2025-06-26,o.haru
683,o.haru_2025-06-26,cocoballl_,이거 진짜 기다렸는데!!!!!!!!!!😍 먹어보고싶은데 아직 못 먹어봤네옹..🤤,2025-06-26,o.haru
684,o.haru_2025-06-26,yeosu.unnie,최고의 디저트라니!!감사합니당😍,2025-06-26,o.haru
685,o.haru_2025-06-26,___rulruralra,저거 동글동글 귀여운게 언니 닮았어욬😁😁,2025-06-26,o.haru
686,o.haru_2025-06-26,chu.berup_jmt,초코꾸떡에 우유🫢❤️,2025-06-26,o.haru
687,o.haru_2025-06-26,bobblingbbo,끼야아아 오늘도 너뮤 귀여워요,2025-06-26,o.haru
688,o.haru_2025-06-26,sum.etc,"하루띠 못본동안 왜 더 귀여워진거예유😍❤️ 머리 자른건가?! ㅎㅎㅎ 😚 요거꿀떡 궁금했는데 너무너무 맛있겠어효❤️❤️ 초코링에 같이 우유말먹하면 진촤 맛있겠다,,🤤🤤🤤 잘봤어요 내 기욤씨💞😚💖",2025-06-27,o.haru
689,o.haru_2025-06-26,__xxlue,하너무너무마싯겟다… 저베라에서두 아이스크림모찌?? 그런거조아해서 그걸더자쥬먹거든요??! 지금언니먹는것만봐두 대리만족이되.. 하지만초코요거꿀떡은 꼭먹어봐야겟어요 겉에빠작빠작초코식감 너무조은데 안에 쫀득하게늘어나는떡까지…… 갑자기당이확땡기네여 언니디저트먹빵이 참조아요 맛잇는거마니머거요♡♡,2025-06-27,o.haru
690,o.haru_2025-06-26,hongji_yam,해동될 스록 진짜 더 마시쬬.. 기절 ㅠ❤️ 구름퐁도 진짜 왕 왕 맛있어요ㅠㅠㅠㅠㅠ,2025-06-26,o.haru
691,o.haru_2025-06-26,s_tar_1ike,귀여우세여 두부가틈,2025-06-27,o.haru
692,o.haru_2025-06-26,p.e3eo,초코퐁당요거꿀떡…백개 사드릴게요 나의 햄수터기니요정님이 행보카다면🤤.. 용돈 털어 백개 사줄 수 이써..💗💗,2025-06-27,o.haru
693,o.haru_2025-06-26,onnanoko.x,"이 렌즈 궁금해여,,,,,넘예뿌요😍",2025-06-26,o.haru
694,o.haru_2025-06-26,kim_nayoung1230,너무 힐링 되요!!,2025-06-27,o.haru
695,o.haru_2025-06-26,sy.uln,미친제가오느하루종일초코퐁당요거꿀떡과다른시리즈들이너무먹고싶어서검색왕창했는데미친제최애먹방유튜버가먹어주시다니ㅈㅉ행복해요,2025-06-26,o.haru
696,o.haru_2025-06-26,ruddnhsfdqlalfrpwjd0,와…소리가빠짝쫀득미쳣네요잉,2025-06-27,o.haru
697,o.haru_2025-06-26,lse_t.diary,진짜 쫀득 꾸덕 레전드 안먹어봤는데 구매 할만 하나요?? 고민중이여서ㅎㅎ,2025-06-27,o.haru
698,o.haru_2025-06-26,e__sjh,체고다ㅠㅠ❤️,2025-06-27,o.haru
699,o.haru_2025-06-26,yeonui2,언제 먹어본다!! 🤤,2025-06-27,o.haru
700,o.haru_2025-06-26,1xovey0u,아니소리가그냥막……너무자극적이에요지금열한신데…….. 항상초코퐁당시리즈먹방은되게조금조금씩드셔서아쉬웠는데하루언니는크게왕왕세입만에 다드셔주셔서넘조아요……쌓아놓고먹는거진짜✨✨퀸✨✨같아보입니다이건인정…,2025-06-26,o.haru
701,o.haru_2025-06-26,qpxn.eu,애굣살 하이라이터 정보 알려주실 슈 있나용ㅠㅜㅠㅠ,2025-06-27,o.haru
702,o.haru_2025-06-26,ehdalsehdals,부럽다..,2025-06-27,o.haru
703,o.haru_2025-06-26,jeongji_min,움 냐미 저두 먹고싶네용,2025-06-29,o.haru
704,o.haru_2025-06-26,yumifoodiee,핫쉬 진짜 더는 못참아...주문하러 갈께요 🏃🏻‍♀️🏃🏻‍♀️,2025-06-26,o.haru
705,o.haru_2025-06-26,girll7l,@qkzndi333 사주333,2025-06-27,o.haru
706,o.haru_2025-06-26,bori_kie,초코에 초코 절대 맛없없,2025-06-26,o.haru
707,o.haru_2025-06-26,h_ye_soo,"밑에 초코링 깐 것도 너무 권력있으신데 ,,,,,,,,",2025-06-29,o.haru
708,o.haru_2025-06-26,roseeetotor,쫀득쿠키랑 쫀떡쿠키 해주세요오 ㅠㅠㅠ,2025-06-27,o.haru
709,o.haru_2025-06-26,sofiiiyuah,4주좋아요 1개답글 달기,2025-06-27,o.haru
710,o.haru_2025-06-26,hkavcd,@lee__wonjin 이것 뭐얘,2025-06-30,o.haru
711,o.haru_2025-06-26,baegopa0_0_._,소리 머선 일입네까..…..ㄷㄷ;;;,2025-06-27,o.haru
712,o.haru_2025-06-26,cccc_jung,@hhae._.ni 이거다,2025-06-27,o.haru
713,o.haru_2025-06-26,doexh,어미나어떤사람이렇게소리좋아,2025-06-27,o.haru
714,o.haru_2025-06-26,ilovedongmin_27,권력 있으시다,2025-06-28,o.haru
715,o.haru_2025-06-26,seogaeun10,언니 혹시 다음 영상에는 투게더에 약과 과자 먹방 올려주시면 안될까요 😢,2025-06-27,o.haru
716,o.haru_2025-06-26,wowttgi,"소리 진짜 역대꿉이야용 ,,, 🤎",2025-06-26,o.haru
717,o.haru_2025-06-26,swsaswsaswsa___,밑에 초코링ㅁㅊ 권력,2025-06-27,o.haru
718,o.haru_2025-06-26,zsilieox,언니.렌즈 이거에요 이거ㅓ 전 꺼도 이쁘셧는데 이거 레전드.,2025-06-27,o.haru
719,o.haru_2025-06-26,yni_jx7,언니 라쿤 닮아써요,2025-06-26,o.haru
720,o.haru_2025-06-26,pxarlily,밑에 초코들도 먹어주세요!!!!!,2025-06-26,o.haru
721,o.haru_2025-06-26,iamcheeeeze,미쳣긔!!!!!!!,2025-06-26,o.haru
722,o.haru_2025-06-26,hj_11_22,우유 맛별로 먹어주세여2트❤️,2025-06-26,o.haru
723,o.haru_2025-06-26,c.x0zn,뭐야 바쟉바쟉 나도 먹고시프다..,2025-06-26,o.haru
724,o.haru_2025-06-26,lupi_is_cute,초코에 초코...이거 완전 맛없없 조합이자나여!!🤎🤍🤎,2025-06-26,o.haru
725,o.haru_2025-06-26,local9fortokuno,초코마싯겟다,2025-06-26,o.haru
726,o.haru_2025-06-26,a3c4uu,15분전..한입만 깨물어 가고 싶어여..😖🍫,2025-06-26,o.haru
727,o.haru_2025-06-26,xiiiuaiii,초코꾸덕 너뭄 마싯어보여요..🥹,2025-06-26,o.haru
728,o.haru_2025-06-26,rinicism,이거진짜맛있눈데.. 너무비싸지만 중독성미쳤어요 완전권력잇다 👍👍👍🥹🥹🥹 소리도너무조아요 !!!!,2025-06-26,o.haru
729,o.haru_2025-06-26,8ozizo,와마싯겟다 완전빠자작빠자작인데 속에는 요거트초코? 이거 무조건성공하는 조합이죠 밑에 초코링퍼먹는것도 보고싶엇는데...ㅜㅜ 다음에는 초코링 우유에 말아먹어주세요 오늘도너무좋앗어요 디저트최고,2025-06-26,o.haru
730,o.haru_2025-06-26,zyomni,먹고싶어요,2025-06-26,o.haru
731,o.haru_2025-06-26,yayanava111,엉니 이거 초코없는게 진짜개맛도리에여 요거트맛 완전마니나고 진짜 꾸덕하구 녹진하고 달고상콤하고.. 초콜릿이 요거트 맛 다가려요 ㅜㅜ,2025-06-26,o.haru
732,o.haru_2025-06-26,lovem_easiam,와,2025-06-26,o.haru
733,o.haru_2025-06-26,onlyzaexunloving,아귀어ㅜ어요ㅠㅠㅠ,2025-06-26,o.haru
734,o.haru_2025-06-26,w.0oo_,너무귀여워요❤️,2025-06-26,o.haru
735,o.haru_2025-06-26,8sakinyong,진짜어른권력미쳤다 저게꿈이에요 ㅜㅜ 단걸 진짜 못 먹는데 꿈을위해서라면..피에서 초코가 나올때까지먹을수있어었🪽💕💕 하루언니 넘 행복해보여욨///,2025-06-26,o.haru
736,o.haru_2025-06-26,ha.xyn_x,7분전ㄷㄷ❤️,2025-06-26,o.haru
737,o.haru_2025-06-26,s2ymaeb,요거꿀떡 꿀이 화장품맛 난다는데 괜찮나요..?! 구매해볼까 생각중이라서 여쭤봄다 ㅎㅎㅎ,2025-06-26,o.haru
738,o.haru_2025-06-26,i6eh4srhafzfbz.yx,와,2025-06-26,o.haru
739,o.haru_2025-06-26,jieuniyaaa,이거 진짜 짱맛ㅠㅜㅠㅜㅠㅠ,2025-06-26,o.haru
740,o.haru_2025-06-26,d.museum_,격해 ㅋㅋㅋㅋㅋ찐반응이다,2025-06-27,o.haru
741,o.haru_2025-06-26,mingggzy,@bk05.09 나도 이거 먹어보고 싶어,2025-06-27,o.haru
742,o.haru_2025-06-26,2l2l72,코 하이라이터하시나요?어떤거쓰시는지궁금해용,2025-06-27,o.haru
743,o.haru_2025-06-26,say_lov.e,옹니 넘 기여워요🙈❤️❤️,2025-06-27,o.haru
744,o.haru_2025-06-26,gy__uri,이거사줄사람,2025-06-28,o.haru
745,o.haru_2025-06-26,syandcookie,어디서 구매하셨나요??,2025-06-28,o.haru
746,o.haru_2025-06-26,memmeuu_,르세라핌 은채 닮았서요,2025-06-28,o.haru
747,o.haru_2025-06-26,so_0lx,맛있겠어욕!!!,2025-06-28,o.haru
748,o.haru_2025-06-26,dddonn.u,4주답글 달기,2025-06-28,o.haru
749,o.haru_2025-06-26,s.yuju__12,르세라핌 홍은채 닮음(?),2025-07-01,o.haru
750,o.haru_2025-06-26,naroo_roo,@in__summmer 이사람처럼 먹고싶어,2025-07-03,o.haru
751,o.haru_2025-06-26,seong_k_im,@96_1230 준비해놔 리정연,2025-07-05,o.haru
752,o.haru_2025-06-26,ayhaewon,냠 맛있겠다,2025-07-06,o.haru
753,o.haru_2025-06-26,juuuuuu._u,와 진짜 바로 주문하고 싶어요 진짜로…,2025-07-10,o.haru
754,o.haru_2025-06-26,jinakyung2016,맛있겠다..,2025-07-10,o.haru
755,o.haru_2025-06-26,someromecome,구름 크림떡도 보고시퍼요..🤤,2025-07-12,o.haru
756,o.haru_2025-06-26,rosa__ny_park77,이거 너무맛있던데요 계속 먹고싶은걸 참느라혼났어요 유튜버들과 다른 고객들 사이에서 호불호가 무지갈리던데 전 도무지 이해가😂😂너무맛있어요❤️❤️,2025-07-16,o.haru
757,o.haru_2025-06-26,sa._nga9650,소리너무 조아요 그리고 맛있을듯요 ㅜㅜ,2025-07-19,o.haru
758,o.haru_2025-06-26,aaaaa_b27,@0oooo_o22 먹어보구시프,2025-07-27,o.haru
759,o.haru_2025-06-26,onlyo.su,와진짜존나맛잇겟다다이어트포기마렵내진심처푸데푸데떵개하고싶노,2025-07-30,o.haru
760,o.haru_2025-06-25,jungwon_son,오늘의 오하루가 왜이리 미소녀야..,2025-06-25,o.haru
761,o.haru_2025-06-25,8ozizo,헐 저오늘 마침 라면먹고싶엇는데 대박ㅜㅜ 너무맛잇어보여요 라면에 해산물은 진심못참느데 와너무배고파 저집가서 라면먹어야될거같아요 핑크라면은 첨보는데 신기하네여 그리고이영상 엄청귀여워요😍😍,2025-06-25,o.haru
762,o.haru_2025-06-25,lse_t.diary,오늘 영상 유독 더 예쁘신 느낌😳,2025-06-25,o.haru
763,o.haru_2025-06-25,tomato_oghn,언니 퍼컬이 라면인가바요>< 원래두 이쁘신데 오늘 유난히 더 이쁘시네용❤️,2025-06-25,o.haru
764,o.haru_2025-06-25,p.e3eo,"언니 지금 이시간에 라면 영상을 올리시믄.. 죽으라는 거조. 당장 물올려. 해물라면 진짜 미치는데,, 초빔면은 너무 맛있게 생겼어요!! 꼭 머거볼게요 언니🤤 솔짇히 오늘 하루언니도 스스로 예뿌다고 생각했조. 원래도 저하늘 뛰어넘을 미모엿다만 오늘 유독 청순하고 이쁘셔서 저 피드에 뜨자마자 눈호강하고 냅다 들왔습니다 사랑합니다💗💗",2025-06-25,o.haru
765,o.haru_2025-06-25,hongji_yam,헐 이거 초빔면!!!! 핑크면이라 궁금해서 먹었는데 왕 맛나게 먹엌ㅅ고둥요..❤️,2025-06-25,o.haru
766,o.haru_2025-06-25,__xxlue,헉 저두오늘 저녁에 라면머것어요💕💕 해장라면이라는말에 귀가솔깃하네여… 꼭술머근담날 머거봐야겟어요 ㅎㅎㅎ 글구 핑크색면 넘신기한데 양념이랑섞이니까 더먹음직스럽게보이는게 조아요 배홍동 칼빔면 최근에 머거봣는데 이거두 꼬옥 먹어봐야겟어요 언니오늘따라 뱁새같구너무귀여워요 맛잇는거마니머거요♡♡,2025-06-25,o.haru
767,o.haru_2025-06-25,harukeem__,"예..뿌다,.",2025-06-25,o.haru
768,o.haru_2025-06-25,chu.berup_jmt,초빔면 면치기🔥,2025-06-25,o.haru
769,o.haru_2025-06-25,thaeuuny,언니예뻐요,2025-06-25,o.haru
770,o.haru_2025-06-25,rinicism,온니 렌즈바꾼거 넘잘어울려요!!! 🥹🥹🥹 라면진짜잘끓이는거같아요.. 너무뱌고프다..,2025-06-25,o.haru
771,o.haru_2025-06-25,mandooooo_83,언니 렌즈 모에요 제발요…ㅠ,2025-06-26,o.haru
772,o.haru_2025-06-25,kkkkkkkkki141412,언니 오늘도 넘 커여워용 ㅎㅎ❤️,2025-06-26,o.haru
773,o.haru_2025-06-25,baegopa0_0_._,렌즈 너무 만조크ㅎㅎ,2025-06-26,o.haru
774,o.haru_2025-06-25,rani_emo,오늘 존예..,2025-06-25,o.haru
775,o.haru_2025-06-25,sijeolinyeon3,오징어라면 정말 맛이 궁금했었는데 이렇게 영상 올려주셔서 감사해요~,2025-06-26,o.haru
776,o.haru_2025-06-25,optrbl,"난 이 언니 면 시원하게 먹을 때가 넘 좋더라 사랑해 하루쨩 >.,<😍❤️",2025-06-26,o.haru
777,o.haru_2025-06-25,seogaeun10,언니 혹시 다음 영상에는 투게더에 약과 과자 먹방 올려주시면 안될까요?😢,2025-06-26,o.haru
778,o.haru_2025-06-25,sum.etc,ㅋㅋㅋㅋㅋ 면종류 먹을때마다 눈빛 또랑해지는거 진짜 ㅋㅋㅋㅋㅋ 어쩔 수 없는 면러버 하루❤️❤️❤️,2025-06-27,o.haru
779,o.haru_2025-06-25,dongbori1,오하루님 라면먹방이 제일 맛있음 이분아니면 이런맛이 안나❤️❤️❤️,2025-06-25,o.haru
780,o.haru_2025-06-25,cccerrevvvvv,아부러워 ㅈㅂ,2025-06-27,o.haru
781,o.haru_2025-06-25,seo_qwer0709,와 진짜 미칫다.,2025-06-25,o.haru
782,o.haru_2025-06-25,s.yzox7,하언니ㅜㅜㅠㅠㅠㅠㅠㅠㅜㅜㅜㅜㅜ너무마싯게머거요,2025-06-26,o.haru
783,o.haru_2025-06-25,mazzzz___._,잉 ㅜㅜ 마싯겟다요,2025-06-28,o.haru
784,o.haru_2025-06-25,hommelier_,언니 이거렌즈넘잘어울려요 진심😍😍,2025-06-29,o.haru
785,o.haru_2025-06-25,young_posse_1,약간 홍은채 느낌난다!,2025-07-06,o.haru
786,o.haru_2025-06-25,oliviyakhan469,나는 라마얀을 사랑한다,2025-07-09,o.haru
787,o.haru_2025-06-25,eunlove91,혹시 이라면은 어디에 파는거예요? 정보 공유좀 해주세요❤️,2025-07-19,o.haru
788,o.haru_2025-06-25,fatness.yubu,국물이 많지 않고 면이 많이 보이는 게 너무 제 취향 이에요. 정말 먹고싶어요😭,2025-07-21,o.haru
789,o.haru_2025-06-25,owo_sso3,내일 점심은 이거다..🤤,2025-07-27,o.haru
790,o.haru_2025-06-25,18725636161__,28살........?........아무리봐도20대초반말랑모찌소녀인데,2025-06-25,o.haru
791,o.haru_2025-06-25,jihee.1027,레몬 안시나요오…?,2025-06-25,o.haru
792,o.haru_2025-06-25,8ozizo,큐앤에이도 너무재밋네요 하루언니탐구시간같아서 좋앗어요 근데레몬을 통으로씹어드시네요...ㅁㅊ 레몬씹어먹는사람 저희아빠말고 처음봤어요 건강식은 또 새로운소리?가 나는거같아요 건강식먹방도 나중에또해주세용!!!,2025-06-25,o.haru
793,o.haru_2025-06-25,cocoballl_,드디어!!! 궁금증 해결 !!! 언니셧군요😻 이제 언니라고 맘껏 부르겟어요..👏🏻👏🏻항상 느끼는건데 렌즈가 참 잘 어울리셔요 👍🏻 그나저나 삶은 계란 반숙파이신가여???!!!!!,2025-06-25,o.haru
794,o.haru_2025-06-25,jini_zilla,귀여워,2025-06-27,o.haru
795,o.haru_2025-06-25,hongji_yam,그냥 8살 소녀가 되기루 해요….. 기여엉……,2025-06-25,o.haru
796,o.haru_2025-06-25,yessirlesser,언니 저 이번에 팔로우했어용❤️ 넘 이뻐용🥰🪽,2025-06-25,o.haru
797,o.haru_2025-06-25,pizzaz0aaa,너무커여워ㅠㅠ,2025-06-25,o.haru
798,o.haru_2025-06-25,c_dirn,ㅠㅠㅠ귀여우ㅏ요😍😍😍 항상 복스럽게 드셔서 넘 조아요,2025-06-25,o.haru
799,o.haru_2025-06-25,rice_tory,귀여우셔😢😍,2025-06-25,o.haru
800,o.haru_2025-06-25,taeexxy,언니너무귀여워요😍😍💕💕 앞으로도 영상마니찍어주세욧🥹🤍🤍🤍🤍,2025-06-25,o.haru
801,o.haru_2025-06-25,to.xixixi_,너무귀요워요…,2025-06-26,o.haru
802,o.haru_2025-06-25,ramthimos,너무귀엽고 맛잇어보여요ㅠ건강식 나중에또찍어주세요💕💕,2025-06-25,o.haru
803,o.haru_2025-06-25,luv0rs,헉 언니셧다니… 너무 기여워요 ❤️😍🍞,2025-06-25,o.haru
804,o.haru_2025-06-25,skejwbkql,이언니너무좋아.. ㅠㅠ,2025-06-25,o.haru
805,o.haru_2025-06-25,yeonui2,렌즈미 렌즈 쓰시는 구나 공통점 발견! 엠비티도 똑같..! 블론티 밀크 초코 예뻐요!,2025-06-25,o.haru
806,o.haru_2025-06-25,__xxlue,언니큐앤에이진짜너무조아요…. 마니알게된것같아서기분이가조으네여 글구브로콜리생으로초장안찍고 먹는거너무대단해요 전사실브로콜리를시러한답니다… 건강식이라그런지와삭와삭소리가 마니낫는데 너무조앗어요♡♡ 티엠아이로 저히 엠비티아이가 똑같아여 너무 행보카다 앞으로두 언니 맛잇는 거 마니 먹어요🤤💕,2025-06-25,o.haru
807,o.haru_2025-06-25,ddaegul2,귀엽귀엽귀엽!!!!!!😍😍😍😍😍,2025-06-25,o.haru
808,o.haru_2025-06-25,song_iyul,진짜 넘예쁘고 쫀득하게 잘 먹고 그냥 뽑보를 받으세요💋💋,2025-06-25,o.haru
809,o.haru_2025-06-25,minopond,저도언젠간언니처럼 야무진먹방을올려볼게요,2025-06-25,o.haru
810,o.haru_2025-06-25,moon12.80,언니얼른주무세여ㅠ,2025-06-25,o.haru
811,o.haru_2025-06-25,seogaeun10,언니 혹시 다음 영상에는 투게더에 약과 과자 먹방 올려주시면 안될까요 😢,2025-06-25,o.haru
812,o.haru_2025-06-25,c.1xn0903,"안 셔요..,?",2025-06-26,o.haru
813,o.haru_2025-06-25,xonuyel,자주 쓰는 립제품 궁금해용!!🥺,2025-06-25,o.haru
814,o.haru_2025-06-25,gumannnnnjfjj,이 날 끼신 렌즈 몬가요 ㅠㅠㅠ🥺,2025-06-25,o.haru
815,o.haru_2025-06-25,yunddo_c,"안녕하세요. 오하루님! 릴스 콘텐츠 관련하여 메일 드렸는데, 확인 한번만 부탁드립니다!",2025-06-25,o.haru
816,o.haru_2025-06-25,2008_1212_,진짜너무귀엽다….🔥🔥🔥🔥🔥🔥🔥🔥🔥일본분인줄알았오요ㅠㅠㅠ😍,2025-06-25,o.haru
817,o.haru_2025-06-25,yuchulhulhwajimp,그냥 먹방러 하려고 태어나셧내,2025-06-25,o.haru
818,o.haru_2025-06-25,cxxy.cess,넘 이뿌셔서 보정법 뭘로 하시는지 알 수 있나욤 ㅠㅠ,2025-06-25,o.haru
819,o.haru_2025-06-25,rjsemfauswnrsmsek,너무커야워ㅠㅠ미소녀👉🏾👈🏾,2025-06-26,o.haru
820,o.haru_2025-06-25,sum.etc,거짓말 21살이면서!! 이렇게 아기같은데 무슨 28살이야!❤️ 감사랑ㅋㅋㅋㅋㅋ 너무 귀여워ㅠㅠㅠㅠㅠ 내 여동생해줘 하루 사랑해🫶💓💛💞🩵💖,2025-06-27,o.haru
821,o.haru_2025-06-25,vidijd,연어 소스 없이 드신건가요ㅠ,2025-07-03,o.haru
822,o.haru_2025-06-25,hunt._.down,헐최강동안 고딩이라해도믿어요,2025-07-14,o.haru
823,o.haru_2025-06-25,gdhdisin_1342,뺄 살이 어디있단구..,2025-07-16,o.haru
824,o.haru_2025-06-23,8ozizo,대박 요거트아이스크림 너무좋아요 저완전요미새입니다 아이스크림살때 요맘때 꼭 끼워서 사는데 요맘땨보다 엄청꾸덕꾸덕해보이고 진짜 개 맛 있 어 보이네요 특히망고... 코코넛맛진한거 너무좋아서 저도 사먹어야겟어요 아이스크림에 초코쉘 뿌려먹는사람은 언니가 처음이에요 근데레알 천재같아요 저도 하나 살까봐요 저렇게 먹으면 20개정도는 한 30분이면 다먹을거같아요... 오늘도정말잘봣습니다 오늘배고플때마다이거볼거예요,2025-06-23,o.haru
825,o.haru_2025-06-23,haemi.q,헤이즐넛 카카오맛 너무너무 맛있던데 ㅠㅠㅠ 이걸 드셔주시다닝…언니 채고 배탈나지않게 조심하세요 하루님🙌💓,2025-06-23,o.haru
826,o.haru_2025-06-23,chan_sansansan090110,🔥🔥🔥매우 귀엽네요. 😍,2025-06-23,o.haru
827,o.haru_2025-06-23,tomato_oghn,하루님 영상 볼때마다 너무힐링돼용><🍦,2025-06-23,o.haru
828,o.haru_2025-06-23,__xxlue,꺄아아악 미쳤따… 저거그릭요거트딸기맛이너무먹어보고싶엇거든요 제가 요거트처돌이에 딸기처돌이라…….. 너무궁금햇는데하루언니가 맛깔지게낉여오니까 기분이넘조아요… 초코쉘 뿌려먹을때특히 빠작빠작소리나는거 넘최고… 글구역시 먹짱은다르네여 아이스크림전하루에세개까지먹어봣는데 언니는방금한10개정도머근것같은…. 너무대단해요저두언니처럼아이스크림열개마구먹고싶어요 진짜루블루베리랑딸기맛은 꼭머거봐야겟어요 배탈안나게조심하구언니항상맛잇는거마니마니머거요♡♡,2025-06-23,o.haru
829,o.haru_2025-06-23,ha.xyn_x,헐 4분전 !!❤️❤️,2025-06-23,o.haru
830,o.haru_2025-06-23,chu.berup_jmt,헉 초코쉘 탐난다🫢,2025-06-23,o.haru
831,o.haru_2025-06-23,8sakinyong,우아 쫀득해보이는 아스크림…먹어봐야겟어요… 요즘 날씨가 ㄴㅁ 더워서 밥먹으면 아스끄림이 미친듯이땡겻는데💕💕 구해봐야겟네여,2025-06-23,o.haru
832,o.haru_2025-06-23,v_namukong,조이 아이스크림 진짜 맛도리에여ㅠㅠ,2025-06-23,o.haru
833,o.haru_2025-06-23,bin_ibeen,와 요즘 습하고 후끈해서 아이스크림이 매일 땡기는데 이걸 먹방으로 말아오시다녀😍😍 저도 함 먹어볼게요🔥🔥,2025-06-24,o.haru
834,o.haru_2025-06-23,hongji_yam,"꺅 이거 블베가 짱맛,,🫐🤍 롯데앱으루 시켰는데 비슷한 라인에 신상으로 사과맛 아스킴도 있는데 그것두 진ㅁ자 사과맛(?)이라 왕 마쉿서요ㅠㅠ❤️",2025-06-23,o.haru
835,o.haru_2025-06-23,xodnjsdl,저도 오늘 이거 먹었는데! 운명인가봐요💖,2025-06-23,o.haru
836,o.haru_2025-06-23,seogaeun10,언니 혹시 다음 영상에는 투게더에 약과 과자 먹방 올려주시면 안될까요 😍😍,2025-06-23,o.haru
837,o.haru_2025-06-23,iiaaiaiairy,헐 진짜 대박이다..,2025-06-23,o.haru
838,o.haru_2025-06-23,seowonnieyoo_n,아이스크림 그러케 한번에 많이 먹으면 배 안 아파요 ..ㅠ?,2025-06-23,o.haru
839,o.haru_2025-06-23,wjdtndkkk,@dia0_50 이거 초콜릿 코팅 달아서 좀 얇으면 좋겟긴한데. 거기서 더 얇아지기 힘들긴한데. 그래도 쨋든어 안에 요거트는 맛잇어.,2025-06-23,o.haru
840,o.haru_2025-06-23,blubirld,초코쉘 정보 잇나용?,2025-06-23,o.haru
841,o.haru_2025-06-23,zumrakumruu,"제가 당신에게 뭔가 말씀드리겠습니다. 비난하는 뜻이 아니라 오해의 소지가 있어서 말씀드리는데, 이걸 사시나요?",2025-06-23,o.haru
842,o.haru_2025-06-23,taetae_boo_6,"자기야, 너 이빨 아프지 않아? 내 이빨도 아프잖아. 보는 것만으로도 아프잖아. ✨️👁👄👁",2025-06-23,o.haru
843,o.haru_2025-06-23,nikigirlfriendisme,아이구 이빨시렵겟다,2025-06-24,o.haru
844,o.haru_2025-06-23,hee.ttoo3693,언니 왜 살 안쪄!!!!!😢😢😢살 빼는 비법 있어요?😢😢😢❤️❤️❤️,2025-06-24,o.haru
845,o.haru_2025-06-23,kokudouslopex,언니 소리가 너무좋아여 담에 콩국수랑 슈프림 먹어주시면 덩말덩말 행복할것같애요,2025-06-24,o.haru
846,o.haru_2025-06-23,bangu_kbong,22살같아요,2025-06-25,o.haru
847,o.haru_2025-06-23,sum.etc,"헐 조이 아이스크림,, 틧에서 유행탄 바로 그 유우명한..!!!! 블베랑 헤이즐넛맛이 제일 맛있어보이네요😍 초코쉘은 어디서 사먹어요 하루햄 추천래쥬세요❤️🙌",2025-06-27,o.haru
848,o.haru_2025-06-23,iloves2atoru,진심 생요거트바 그거보다 이게 훨 맛도리엿삼 개마시씀 다들 꼭 드세용,2025-07-22,o.haru
849,o.haru_2025-06-23,jueon_12,저거 너무 달아서 별로던데,2025-07-25,o.haru
850,o.haru_2025-06-23,ax._.yunb,헐 ㅜㅜ 나 아이스크림 먹방 겁나 좋아하는뎅 이분은 마니 해줘서 너무 좋아요뵤뵵ㅂ🫶,2025-07-29,o.haru
851,o.haru_2025-06-23,y_xs.13,저거 개마싯서요ㅠ,2025-07-31,o.haru
852,o.haru_2025-06-18,8ozizo,와맛닛겟다 치즈케이크 완전맛잇죠 안에 다른거 들어잇는건 한번도안먹어봐서 궁금하네여 마지막에 한조각 제일 큰 거 너무 웃겨요 먹짱같고 너무귀여움😍😍 언니오늘은 렌즈를안꼇나요?? 뭔가새롭고 이게더귀여운거같아요,2025-06-18,o.haru
853,o.haru_2025-06-18,cocoballl_,소리가 어마무시!!!!하네요😻,2025-06-18,o.haru
854,o.haru_2025-06-18,__xxlue,와미쳣다언니오늘소리미쳣어요ㅜㅜㅜㅜ 역대급꾸덕꾸덕한소리들으니까 침이저절로고여요..🤤 크림브륄레치즈케이크라니 이름부터너무권위적으로맛잇어보이는데… 따뜻한아메리카노나 우유랑먹으면더더맛잇을것같네요 글구언니오늘특히더예뻐서 전영상이랑 열심히머가달라졋는지 관찰햇는데 눈동자색이다르더라구요!! 렌즈를오늘은안낀건가요아님색이짙어진건가요??! 더분위기잇어보이구예뻐서조아요 저는쌀국수먹우러왓어요 언니항상맛잇는거많이머거요♡♡,2025-06-18,o.haru
855,o.haru_2025-06-18,p.e3eo,언냐가 손.수 코팅해주는 골든 치케 얼매나 맛날꼬..😋🤤 근데 꾸덕꾸덕 뭔가요 소리 와방 레전드여ㅜㅜ,2025-06-18,o.haru
856,o.haru_2025-06-18,lalalalalallo1,언니 사랑해요 흑🥺,2025-06-23,o.haru
857,o.haru_2025-06-18,baegopa0_0_._,렌즈 바꿔서 더 멍뭉이가 돼셨어!!!❤️,2025-06-18,o.haru
858,o.haru_2025-06-18,hankokoala,소리 캡좋다,2025-06-18,o.haru
859,o.haru_2025-06-18,hooosiie,그만예쁘요.,2025-06-18,o.haru
860,o.haru_2025-06-18,hongji_yam,"오능 소리도 좋고 치케라서 더 좋고,, 더 귀요버요,,❤️",2025-06-18,o.haru
861,o.haru_2025-06-18,eunchae.5ve,나도 저 꾸덕함 느끼고 싶다😢,2025-06-18,o.haru
862,o.haru_2025-06-18,uoasuna,1빠,2025-06-18,o.haru
863,o.haru_2025-06-18,chu.berup_jmt,팥 든거 싱기!!,2025-06-18,o.haru
864,o.haru_2025-06-18,czccccvvz_z,엉니 연세우유빵 종류별로 한 번 뿌샤주세여ㅜ,2025-06-23,o.haru
865,o.haru_2025-06-18,trueloveartist,저도줘세요🥹💕,2025-06-21,o.haru
866,o.haru_2025-06-18,seogaeun10,언니 혹시 다음 영상에는 투게더에 약과 과자 먹방 올려주세요 😢😢😢,2025-06-19,o.haru
867,o.haru_2025-06-18,_yoseull,렌즈 정보 알려주세요!!,2025-06-19,o.haru
868,o.haru_2025-06-18,dnwkckfnrishqbfkgog,"혈당검사나 건강검진 수시로 꼭 받으면서 건강도 챙기세요ㅠㅠㅠ 죄다 안좋은 것만 드시니까..,",2025-06-19,o.haru
869,o.haru_2025-06-18,dxfl2a,미쳐따,2025-06-29,o.haru
870,o.haru_2025-06-16,1xovey0u,권력?재력?다별거없다………이렇게치즈볼을쌓아두고먹을수잇는하루언니가 ㅈㅉ어른이고재력의퀸이시다……,2025-06-15,o.haru
871,o.haru_2025-06-16,chrrytalkk,이런소녀가 먹방하묜 단순히사랑해야겟제..,2025-06-15,o.haru
872,o.haru_2025-06-16,baeseoln,빗소리 들리는 게 몬가몬가 좋은 것 같아요❤️,2025-06-15,o.haru
873,o.haru_2025-06-16,8ozizo,와 너무마싯겟다ㅜㅜ 이거완전 제버킷리스트예요 치즈볼쌓아놓고먹는거 뿌링쏘스 듬뿍찍오서먹으면 하.............. 저수능끝나고 치즈볼200개먹을거에요 너무마싯겟다!!!!!!!! 대박진짜언니먹방보면 대리만족메뉴가 많이나와서 너무좋아여 다음에도 마싯는거기대할게요!!!!!❤️❤️❤️,2025-06-15,o.haru
874,o.haru_2025-06-16,__xxlue,하쥐짜넘무맛잇겟다… 전폭립에신라면툼바 야무지게먹엇는데두 언니영상보고침질질흘리는여자됏어요.. 제가 최근에뿌링치즈볼을첨머거봣거등요????!! 유행에너무뒤쳐지긴햇지만.. 그래서친구들이랑우르르bhc가서 맥주도없이야무지게치킨이랑치즈볼푸파햇는데 너무맛잇드라고요.. 언니영상보니까 그맛이또생각나요… 저두언젠가언니처럼뿌링치즈볼왕창쌓아서머글거애요 오늘도넘잘봣어요최고…💕,2025-06-15,o.haru
875,o.haru_2025-06-16,8sakinyong,이고 스토리로봣어여 너무 커엽 ㅜㅜ 치즈볼 이라면 100개도 먹을 수 잇어…😇,2025-06-15,o.haru
876,o.haru_2025-06-16,miminam0,와..제발 이건 유죄야..,2025-06-15,o.haru
877,o.haru_2025-06-16,hususofock,하루님도 귀엽고 뿌링치즈볼도 귀여웡요❤️❤️,2025-06-15,o.haru
878,o.haru_2025-06-16,jznzjzz_z,언니언니 너무 귀여버ㅠㅠ눈이 ㅋㅋㅋㅋ맑눈광!!!진짜 너무 귀엽땨…..,2025-06-15,o.haru
879,o.haru_2025-06-16,kittiwinnie,2주좋아요 64개답글 달기,2025-07-14,o.haru
880,o.haru_2025-06-16,_rladbstmf,맛있겄다,2025-07-20,o.haru
881,o.haru_2025-06-16,1pcc.c,부자다,2025-07-02,o.haru
882,o.haru_2025-06-16,hongji_yam,아니 오또케 이렇게.. 야무지게 잘 드세요… 치즈볼이 다 어디 갔어요….😮,2025-06-15,o.haru
883,o.haru_2025-06-16,ha_yun2665,와 대박이다♡♡,2025-07-05,o.haru
884,o.haru_2025-06-16,mx_xuannnn,"드디어 BHC 프라이드 치킨 먹을 날을 기다렸어요, 너무 맛있어요💕👏🏿👍🏻",2025-06-15,o.haru
885,o.haru_2025-06-16,ztotheztotheh,피부 너무 좋아보여요😍,2025-07-12,o.haru
886,o.haru_2025-06-16,hx_k1un,뿌링 호떡 우리동네에 팔던데,2025-07-02,o.haru
887,o.haru_2025-06-16,suixn.11,혹시 렌즈 모에요..?,2025-07-24,o.haru
888,o.haru_2025-06-16,k4r.bearr,약간 닮았어 @hhh.e_c.v 둘 다 너무 예뻐요 ❤️”,2025-07-20,o.haru
889,o.haru_2025-06-16,leesukkie.joong,2일좋아요 1개답글 달기,2025-07-29,o.haru
890,o.haru_2025-06-16,kyeon_g4,@at7jju 미텼다,2025-07-07,o.haru
891,o.haru_2025-06-16,parkhayun455,개맛있겠다...,2025-06-16,o.haru
892,o.haru_2025-06-16,ssosoddi,너어므 마니 먹으시면 당뇨와용ㅜㅜ 조심하쎄요,2025-07-08,o.haru
893,o.haru_2025-06-16,hayoeeee,와 미쳐따,2025-06-15,o.haru
894,o.haru_2025-06-16,ynex1_,렌즈 어디꺼 쓰세요,2025-06-16,o.haru
895,o.haru_2025-06-16,j1.m1m,아니진찌파사삭미쳤는데미쳤는데,2025-06-16,o.haru
896,o.haru_2025-06-16,jhya0,치즈볼💕💕💕💕💕💕💕💕,2025-07-20,o.haru
897,o.haru_2025-06-16,tkvkkr,3주좋아요 1개답글 달기,2025-07-08,o.haru
898,o.haru_2025-06-16,d9ngerouswom9nchoyejin,꼬르르르르륵,2025-06-27,o.haru
899,o.haru_2025-06-16,dayun13001,치즈볼 계속 먹으면 느끼하지 않아요?ㅜㅜ 나만 그런가?ㅠㅠ,2025-06-18,o.haru
900,o.haru_2025-06-16,seo.y6_,@xe.3ol 예솔아 기?,2025-07-26,o.haru
901,o.haru_2025-06-16,krhwid_vase,돈많나보다ㅠㅜㅜㅜ,2025-06-16,o.haru
902,o.haru_2025-06-16,_so_eunoia,부럽다,2025-07-21,o.haru
903,o.haru_2025-06-16,xute.17,이건미친거야미친게틀림없어(긍정적인)아어떡해요진짜맛있뎄다소리가무슨현대기술의진보를보여주시는건가요하ㅜㅜㅜㅜㅜ,2025-06-15,o.haru
904,o.haru_2025-06-16,ju_yeong.t,언니너무권력있어요!!!!!멋진어른!!!ㅜㅜ,2025-06-15,o.haru
905,o.haru_2025-06-16,nehyo_13,졸라 권력적이다...........,2025-06-17,o.haru
906,o.haru_2025-06-16,yttt36980,대받 미쳣다..,2025-06-30,o.haru
907,o.haru_2025-06-16,jeongji_min,와 ㅆ ㅈㄴ 맛있겠당,2025-06-29,o.haru
908,o.haru_2025-06-16,iiaaiaiairy,헉 제꿈이 바로 치즈볼 자아안뜩 쌓아서 먹기인데 또 이렇게 보니깐 너무 맛있어보이네여..❤️❤️,2025-06-17,o.haru
909,o.haru_2025-06-16,realisshogir111,한알만먹고싶다,2025-06-21,o.haru
910,o.haru_2025-06-16,seo_qwer0709,어떻게 이렇게 이쁘게 먹을 수 있는거죠??,2025-06-25,o.haru
911,o.haru_2025-06-16,y6_2n5,배거파,2025-06-15,o.haru
912,o.haru_2025-06-16,ebchu_official,아마싯겟다 하,2025-06-16,o.haru
913,o.haru_2025-06-16,naokkiiiii,와 진짜 은채 닮았다 너무 예쁘다...,2025-06-19,o.haru
914,o.haru_2025-06-16,_____ldn.o,@s_hyun__g 뿌링클 소리는 좋네☺️,2025-06-17,o.haru
915,o.haru_2025-06-16,caeaeon,치즈볼 몇개에요?,2025-06-18,o.haru
916,o.haru_2025-06-16,yellsla_m0,@castle__ik 내놔,2025-06-18,o.haru
917,o.haru_2025-06-16,cccc_jung,혹쉬 젓가락 공유 가능한가요...🩵,2025-06-18,o.haru
918,o.haru_2025-06-16,z_oyouesa,반장이 먹고 싶다 한거!!,2025-06-19,o.haru
919,o.haru_2025-06-16,sensejangih,언니 저랑 같이살아여..ㅠㅠ,2025-06-18,o.haru
920,o.haru_2025-06-16,y__m_28,저도 치즈볼 너무 좋아하는데 보고 있으니까 냄새가 나네요😢,2025-06-18,o.haru
921,o.haru_2025-06-16,mirrela_vix,"친구여, 영상은 정말 좋은데 너무 길어서 모두가 다 본 건 아닌 것 같아요.",2025-06-18,o.haru
922,o.haru_2025-06-16,ni.ggerbum6,범죄애요이거신고할개요(사실너무먹고십었어요₩,2025-06-18,o.haru
923,o.haru_2025-06-16,twothreeto,너무 부럽소..,2025-06-17,o.haru
924,o.haru_2025-06-16,2inabae,눈진짜이쁘다,2025-06-17,o.haru
925,o.haru_2025-06-16,lovfucxinggxynotniggx,네일팁 어디거에요ㅜㅜㅜㅜㅜ제바루ㅜㅜㅜㅜㅜㅜ,2025-06-17,o.haru
926,o.haru_2025-06-16,oon_0717,와....너무 먹고 싶어요(다이어트 중),2025-06-17,o.haru
927,o.haru_2025-06-16,gi_m2w,소리 미쳤다,2025-06-17,o.haru
928,o.haru_2025-06-16,kgm112__,맛있겠다,2025-06-17,o.haru
929,o.haru_2025-06-16,lee.xh2,진짜 맛나게 드신다.. 먹방 많이 안보는데 진짜 먹방으로 이끌게 만드심 너무 귀여우세요ㅜㅜㅜㅜㅜ,2025-06-16,o.haru
930,o.haru_2025-06-16,soyeonisthebestgirl,ㄴㅁ레전드라3분동안눈잠시도떼지않고집중해서감상함🥹,2025-06-16,o.haru
931,o.haru_2025-06-16,bori_kie,제가 원하는 먹방이에여🔥,2025-06-16,o.haru
932,o.haru_2025-06-16,min_youn_g10,진짜 ㅈㄴ 맛있게 먹네,2025-06-17,o.haru
933,o.haru_2025-06-16,guineamonsterpig,렌즈뭐예여😢,2025-06-15,o.haru
934,o.haru_2025-06-16,2nxzae,멋진언니,2025-06-16,o.haru
935,o.haru_2025-06-16,house_watermelon___,와보기만해도행복❤️❤️❤️❤️언니오늘도영상잘보고가여🫶🏻🫶🏻🫶🏻🫶🏻,2025-06-15,o.haru
936,o.haru_2025-06-16,hxa_y25n,운니 왜케 맛있게먹엇요!!❤️,2025-06-16,o.haru
937,o.haru_2025-06-16,s_so__u,렌즈 먼지 알수있나요 🫶,2025-06-15,o.haru
938,o.haru_2025-06-16,ckfguy,개이쁜데 개마싯게먹네요.. 아니 뿌링치즈볼진짜개맛잇겟다,2025-06-15,o.haru
939,o.haru_2025-06-16,pepaggpi,와언니소스도듬뿍치즈볼도듬뿍..너무권력있어보이는데요부러와요🤤❤️,2025-06-15,o.haru
940,o.haru_2025-06-16,t_.seong16,나도 한입만!!!,2025-06-15,o.haru
941,o.haru_2025-06-16,katarina.ye,미챴다,2025-06-15,o.haru
942,o.haru_2025-06-16,bbak_.bbak,이뻐염💕💕💕💕💕,2025-06-15,o.haru
943,o.haru_2025-06-16,jxn_1x_,내가 싫어하는 음식을 좋아하게 만드는 분은 처음임,2025-06-15,o.haru
944,o.haru_2025-06-16,baegopa0_0_._,핫뿌링클도 기대해보고 싶어요❤️,2025-06-15,o.haru
945,o.haru_2025-06-16,wa1tingy0urluv,짱이다 ..,2025-06-15,o.haru
946,o.haru_2025-06-16,caeaeon,감튀도먹어줘요ㅠ,2025-06-15,o.haru
947,o.haru_2025-06-16,my120429_,"아진짜넘맛있게먹눈다눈나,,🤤",2025-06-15,o.haru
948,o.haru_2025-06-16,hyaell__,ㅁㅊ다,2025-06-15,o.haru
949,o.haru_2025-06-13,8ozizo,헐대박 완전예뿌게생겼네요!! 안에도 그냥초코아니고 뭐들어잇어서 너무마싯겟다... 옴청예뻐서 선물하고싶메여,2025-06-13,o.haru
950,o.haru_2025-06-13,haemi.q,어디서 사셨어요 언니?! 초콜렛 너무 예쁘구 맛있어보여요~~~~~🥹💗,2025-06-13,o.haru
951,o.haru_2025-06-13,8sakinyong,초코모양 ㅈㅉ 이쀼다💕🪽 치즈케잌맛이 디게 궁금하네욨 저런이쁜쪼꼬는 아까워서 못먹는 성격인데 운니가 먹는걸로 대리만족할게욥😇🪽💕💕,2025-06-13,o.haru
952,o.haru_2025-06-13,hongji_yam,"꺄 듀바이초코도 있네요,,❤️❤️",2025-06-13,o.haru
953,o.haru_2025-06-13,iiaaiaiairy,헐 소리 너무 좋다ㅠㅠ,2025-06-13,o.haru
954,o.haru_2025-06-13,hayoeeee,기요오,2025-06-13,o.haru
955,o.haru_2025-06-13,se.yen_,언니 ㅜ 저 수요일에 교정 시작해서 젤리도 못 먹고 사탕도 못 먹어요 ㅜㅜ 진짜 ㅜㅜ 언니 영상만 보면 음식이 너무 끌려요 ㅜ 😍😍,2025-06-13,o.haru
956,o.haru_2025-06-13,dongmyeongdang,어머 세상에!! 영광입니다🥰,2025-06-13,o.haru
957,o.haru_2025-06-13,o.haru___,"제 픽은 4번째랑 8번째,,🫶♥️",2025-06-13,o.haru
958,o.haru_2025-06-13,rlduddlqkq,와얼그레이 ㅈㅉ맛있게다,2025-06-13,o.haru
959,o.haru_2025-06-13,seo_jun.77,변서진이 좋아한데요,2025-06-16,o.haru
960,o.haru_2025-06-13,seogaeun10,언니 빨리 투게더에 약과 과자 먹방 올려주세요 😢😢😢😢,2025-06-15,o.haru
961,o.haru_2025-06-12,8ozizo,대박 드디어벽돌케이크카왓구만... 너무맛잇어보이네요 전이렇게 그냥막 케이크이런거에 초코빠작빠작씹히는거 진짜너무좋은거같아요 너무마싯겟다 우유에말아먹으면 바로천국가죠 ㅎㅎ 우유말아먹기전에 입맛다시는거 완전😋이거같고 넘귀여워요 다음에도마싯는거머거주세요!!💗💗,2025-06-12,o.haru
962,o.haru_2025-06-12,nnin3_7,우와 4분전😍,2025-06-12,o.haru
963,o.haru_2025-06-12,eon_20.0,이 케이크 여태껏 이렇게 각잡고 먹어주는 분이 없어서 아쉬웠는데 넘 조아요…😍,2025-06-12,o.haru
964,o.haru_2025-06-12,8sakinyong,저런 께끼라며는 매일매일 3개씩 먹기 가능💕 진짜 운니가 너뮤 맛잇게 먹으셔서 옆에서 야금야금 같이 먹고싶어짐이👉👈 근데 한번 먹고 라면은 필수일거같애요…께끼와라면행복2배!😇🪽,2025-06-12,o.haru
965,o.haru_2025-06-12,hongji_yam,헐 시호쿠키를 성공하셨다니~!~!~! 시호쿠키에서 파는 게 몬가 찐 벽돌케쿠보다 맛있어 보여요🤤🫠🫠,2025-06-12,o.haru
966,o.haru_2025-06-12,bin_ibeen,"디저트 먹방 너무 조아요,,",2025-06-12,o.haru
967,o.haru_2025-06-12,i.lovyuo,와최고에오,2025-06-13,o.haru
968,o.haru_2025-06-12,a3c4uu,저 단 거 별로 안좋아하는데두 하루님이 먹는건 너무 맛있어보여요..🤎근데 이고 두바이초콜렛보다도 맛있나요??,2025-06-12,o.haru
969,o.haru_2025-06-12,cocoballl_,이거 맛 궁금했는데 맛있군여!!!!😍,2025-06-12,o.haru
970,o.haru_2025-06-12,__xxlue,허억넘마싓서보여요 사실저는초코를안조아하는데 언니가넘맛잇게먹는게뭔가먹고싶어졋어요 빠작빠작소리나는거진짜최고네요 저언니디저트먹빵넘조아하는데 이번꺼두최고에요 언니마싯는거많이먹고항상행보카세요♡♡,2025-06-12,o.haru
971,o.haru_2025-06-12,mindoongbindoong,귀여워요,2025-06-12,o.haru
972,o.haru_2025-06-12,_ja.in,허걱 너무 소리 좋자나여,2025-06-12,o.haru
973,o.haru_2025-06-12,hayoeeee,나도 머글래 언니,2025-06-12,o.haru
974,o.haru_2025-06-12,yongyong0115,디저트 먹방 많이 해주세욥!!! 항상 기대되,2025-06-12,o.haru
975,o.haru_2025-06-12,1o1124,맛맀댔다ㅜㅜㅜ,2025-06-13,o.haru
976,o.haru_2025-06-12,seogaeun10,언니 다음 영상에는 투게더에 약과 과자 먹방 올려주세요 😢😢😢😢,2025-06-12,o.haru
977,o.haru_2025-06-12,iyeager_,하 진짜 맛나게드시네,2025-07-21,o.haru
978,o.haru_2025-06-11,__xxlue,와언니저방금언니마라탕영상보고잇엇어요안그래도 요새닭발이넘땡겻는데 ㅜㅜ 제가 국물닭발은한번두안먹어봣거등요 그냥일단닭발맛에국물만잇는건지넘궁금하고.. 언니가맛잇게먹는거보니까 먹고싶어서지금새벽세시에침흘리는여자됏네요저… 조만간먹어야겟어요언니조은밤보내요 전글구새벽에영상올라오는거조와요ㅎㅎ💕💕,2025-06-11,o.haru
979,o.haru_2025-06-11,girlgir1.s2,맛있어보여요,2025-06-13,o.haru
980,o.haru_2025-06-11,ocznzl,우와..,2025-06-12,o.haru
981,o.haru_2025-06-11,a3c4uu,"새벽 4시에 보는 닭발영상,,비빔당면까지 너무 맛있을 것 같아요🥺❤️‍🔥",2025-06-11,o.haru
982,o.haru_2025-06-11,j_su_n,징짜 너무 맛있을거같애요....😂🥹♥️,2025-06-11,o.haru
983,o.haru_2025-06-11,_pingpoo,"와 미쵸따 진짜 돼박ㅜㅜㅠㅠ💖 개쩌는라인업:국물닭발,주먹밥,계란찜✨제 최애 영상됐오요🥹🩷🩷🩷",2025-06-11,o.haru
984,o.haru_2025-06-11,potatokuno3,귀여워요,2025-06-13,o.haru
985,o.haru_2025-06-11,hongji_yam,닭발은 못 먹지만 비빔당면은 먹고 싶어요……..❤️,2025-06-11,o.haru
986,o.haru_2025-06-11,se.yen_,언니 ㅜㅜ 저 교정해서 그런거 못먹어요 ㅜㅜ 닭발 너무 좋아하는뎅.ㅜㅜ 언니 영상보고 힘낼게요!! 🍗,2025-06-12,o.haru
987,o.haru_2025-06-11,iiaaiaiairy,헐 완전 맛있겠다 ㅠㅠㅠㅠㅠㅠ 점심 굶어서 그런지 더 맛있어보이네용,2025-06-11,o.haru
988,o.haru_2025-06-11,always19jahrbabyrockstarlife,마트 중국당면 정보 좀 알려주세용 ㅠ,2025-06-17,o.haru
989,o.haru_2025-06-11,ebchu_official,아 마식겟다....,2025-06-12,o.haru
990,o.haru_2025-06-11,cxxy.cess,언니 렌즈 너무 이뿐데 렌즈 정보 알 수 있을까용 ???,2025-06-13,o.haru
991,o.haru_2025-06-11,seogaeun10,언니 오늘은 야식으로 투게더에 약과 과자 먹방 올려주세요 😍😍😍😍😍 부탁드립니다,2025-06-11,o.haru
992,o.haru_2025-06-11,suavememte,헐...오늘저녁은닭발이다,2025-06-12,o.haru
993,o.haru_2025-06-11,dllrudqls,@winteriscomin__g 현기증날것같애요,2025-07-04,o.haru
994,o.haru_2025-06-11,kawaii.pig.from.9uinea,@hyoxneko 무뼈궁무다빨 먹고 싶다,2025-06-11,o.haru
995,o.haru_2025-06-11,begopayo.0,왤케 요즘 귀여1ㅂ지!!,2025-06-11,o.haru
996,o.haru_2025-06-11,wombatstwerk,뿌링치즈볼 영상 보고 깔끔하게 드시는 게 넘 좋아서 다른 것도 보고 있는데 메뉴선정 왜 이렇게 잘하시나요.....😢😢😢,2025-06-19,o.haru
997,o.haru_2025-06-11,cccerrevvvvv,제발 한입만요,2025-06-11,o.haru
998,o.haru_2025-06-11,seo_qwer0709,하루님 덕분에 다이어트가 안됩니다 ㅠㅜ,2025-06-25,o.haru
999,o.haru_2025-06-11,dongssaa,어디서 시켷어요??,2025-06-19,o.haru
1000,o.haru_2025-06-11,flipit.kickit,언니맨날새벽에 릴스올리시는이유가뭐에요,2025-06-11,o.haru
1001,o.haru_2025-06-11,nowaneel,새벽세시에봣어요 제발 언니 한입만여,2025-06-17,o.haru
1002,o.haru_2025-06-11,cjdtkddkfl,와❤️❤️,2025-06-19,o.haru
1003,o.haru_2025-06-11,___m.zzzz,@__rim1109 미쳤냐고....,2025-06-19,o.haru
1004,o.haru_2025-06-11,scum.zzz,와…,2025-06-30,o.haru
1005,o.haru_2025-06-11,gimcangeun619,이글을없세주세요,2025-07-01,o.haru
1006,o.haru_2025-06-11,zzouri,하제발저한입만요,2025-07-10,o.haru
1007,o.haru_2025-06-11,kookie_zo__o,무슨 지점에서 시키셨나요••,2025-07-10,o.haru
1008,o.haru_2025-06-11,opaviaa,너무맛잇을것같아요,2025-07-12,o.haru
1009,o.haru_2025-06-11,dialskqo,혹시 어디 메장인가요ㅠㅠ,2025-07-15,o.haru
1010,o.haru_2025-06-11,pxx.u1x,음식이너무섹시하다.......,2025-07-15,o.haru
1011,o.haru_2025-06-11,mmmmms0001,너무귀여워용,2025-07-22,o.haru
1012,o.haru_2025-06-11,deanfluenza0,따흑,2025-07-24,o.haru
1013,o.haru_2025-06-11,justlikeap1ll,나무맛잇ㅇ겟네요 진짜,2025-07-27,o.haru
1014,o.haru_2025-06-11,jeonxyuni,진짜개맛잇갯다,2025-07-29,o.haru
1015,o.haru_2025-06-09,_pingpoo,언냐는 어떻게 매번 이렇개 맛있는 디저트들만 갖고오시는지…✨✨넘 존경해요🥹🩷🩷,2025-06-09,o.haru
1016,o.haru_2025-06-09,8ozizo,헐너무마싯겟다 마시멜로우구운디저트는 진짜다맛있는거같아요 대박 이렇게먹으면 소라빵 한 다섯개는 순삭일거같아려개박 너무맛있갰다 완전달콤하고겉에는살짝빠삭하고... 다먹고우유마시면 진심너무만족스러운 빵경험,2025-06-09,o.haru
1017,o.haru_2025-06-09,8sakinyong,진짜 저러케 목구멍 꽈아아악 막히는 달달함 너모좋다…저러케 먹구 커피 한번 먹으면 어억♡극락💕💕,2025-06-09,o.haru
1018,o.haru_2025-06-09,cocoballl_,소리미쳣댜!!!!!!!!😱😍,2025-06-09,o.haru
1019,o.haru_2025-06-09,pepaggpi,이새벽에..언니는모든다잘만드시능거같아요❤️❤️조은밤되시구월요팅ㅠㅠ,2025-06-09,o.haru
1020,o.haru_2025-06-09,hongji_yam,"여기에 누텔라 찍어 머그면 극락이에요 하루님,,🤎🍫",2025-06-09,o.haru
1021,o.haru_2025-06-09,thaeuuny,언니 확실히 자막 있는게 더 집중 잘 되는거 같아요🩷🩷 이로케 자막으로 tmi 같은 거 많이 풀어주세여!!,2025-06-09,o.haru
1022,o.haru_2025-06-09,thiskidhasdreaming,운니 혹시 이 영상에서 끼신 렌즈 정보 알 수 있을까효오ㅠ,2025-06-09,o.haru
1023,o.haru_2025-06-09,eonlml,"소리 진짜 미쳣오요....,,,",2025-07-08,o.haru
1024,o.haru_2025-06-09,hayoeeee,와,2025-06-09,o.haru
1025,o.haru_2025-06-09,jjuvvab,하루님이 제 영상을 봐주셨다니..대영광시대..🩵,2025-06-09,o.haru
1026,o.haru_2025-06-08,unri_m116,진짜먹방은 언니가 압도적 제맘속 원탑이라 언니영상뜨면 개처럼 달려와요,2025-06-08,o.haru
1027,o.haru_2025-06-08,haemi.q,언니는 제가 조아하는것만 드셔주시네여…💕덕분에 대리만족 행보케요..🩷언니가 먹는거 보니까 빠른 시일내로 대창을 조져주러 가야겠어요….언니 채고..🥹,2025-06-08,o.haru
1028,o.haru_2025-06-08,_pingpoo,이 시간에 올리는 거 완전 반칙ㅠㅠㅠ⭐️ 대창이랑 곱창 대파김치랑부추김치 같이 먹어도 기름땜에 느끼할거같은데 안 느끼하시나용???,2025-06-08,o.haru
1029,o.haru_2025-06-08,yoon_dongg,와 볶음밥까지…👏😍,2025-06-08,o.haru
1030,o.haru_2025-06-08,dailynblue,진짜 너무 귀여워요… 맨날 먹방 잘 보고 있어용!!!!,2025-06-08,o.haru
1031,o.haru_2025-06-08,pepaggpi,미친저기름이랑불닰..행복해여🤤영상올려주셔서감사해여언니조은밤되세여💙,2025-06-08,o.haru
1032,o.haru_2025-06-08,8sakinyong,오늘 하루종일 불닭 땡겻는데 지금이라도 먹어야하는걸까요…♡ 대창이 맛잇어보이는건 첨임/// 아 정말 음식이섹시해요….,2025-06-08,o.haru
1033,o.haru_2025-06-08,8ozizo,언니제가 콘서트갔다오느라너무바빠서 새벽에이거보고댓글도못달앗어요... 밥을제대로목먹엇는데 집와서다시보니까 저도기름진음식이랑 푸짐하게한상차려서 푸파하고싶어요 너무마싯겟다 언니는 곱창막창 뭘더좋아하나요 저는곱창파예요사실 근데언니가먹으니까 막창도 맛있어보이네요 다음에 통대창먹방도 기대하께요,2025-06-09,o.haru
1034,o.haru_2025-06-08,bomin150225,이 언니는 팔로우 갈겨야해ㅠㅠ 너무 맛있게 먹어주셔서 감사해용😍,2025-06-08,o.haru
1035,o.haru_2025-06-08,itsnotyun,와 이야밤에 레전드,2025-06-08,o.haru
1036,o.haru_2025-06-08,dokhosx,너무귀여워,2025-06-08,o.haru
1037,o.haru_2025-06-08,imdangerousgirll,너무너무너무 맛있어보여요..,2025-06-08,o.haru
1038,o.haru_2025-06-08,iiaaiaiairy,영상 올라오는거 볼때마다 너무 기뻐요! 늘 좋은 영상 만들어 주셔서 감사합니다❤️,2025-06-10,o.haru
1039,o.haru_2025-06-08,thaeuuny,언니사랑해욥,2025-06-08,o.haru
1040,o.haru_2025-06-08,f_________.imsa__ing,오마갓…미친조합 들고오셧네요 ㅠ 곱창 길게 먹는거 ㅇㅈ ㅠㅠ하..고소하고 맛있겟다 ㅠ❤️😢,2025-06-08,o.haru
1041,o.haru_2025-06-08,seogaeun10,언니 언제 투게더에 약과 과자 먹방 올려주세요?😢😢😢😢,2025-06-08,o.haru
1042,o.haru_2025-06-08,bpourraple,미치갯내요...,2025-06-08,o.haru
1043,o.haru_2025-06-08,o_y.eun,와 이건 미친거지 와😍,2025-06-08,o.haru
1044,o.haru_2025-06-08,topastuu,이언니는먹을때눈번뜩이는거랑미간찡그리는게찐임,2025-06-08,o.haru
1045,o.haru_2025-06-08,begopayo.0,저 다이어트 중인데..,2025-06-08,o.haru
1046,o.haru_2025-06-08,z.1xn_3,왓더뻑지저스크라이스트섹시푸드다,2025-06-08,o.haru
1047,o.haru_2025-06-08,g_ggg7.gg,대창 이런거 어디서 팔아유,2025-06-10,o.haru
1048,o.haru_2025-06-08,taekai__life,4주좋아요 6개답글 달기,2025-06-30,o.haru
1049,o.haru_2025-06-08,soonheung29,파김치 없이 대창만 먹으면 씹인정한다 ㅋㅋㅋ,2025-06-09,o.haru
1050,o.haru_2025-06-08,seun._ah,진짜 너무 귀엽게 드세요 맨날 챙겨보는중 ㅠㅜ,2025-06-13,o.haru
1051,o.haru_2025-06-08,zniieee,오늘 저녁은 막창!,2025-06-20,o.haru
1052,o.haru_2025-06-08,2ho_dg2,먹뱉이신가요?,2025-06-26,o.haru
1053,o.haru_2025-06-08,lovedkikd,언니가 제일 잘 먹는거 같아😮,2025-06-26,o.haru
1054,o.haru_2025-06-06,_pingpoo,왕 살빼조 두루치기 드셔주실줄 몰랐어요🥹🩷🩷🩷 센스짱!!근데 언냐 매운거 잘드시는거 넘부러워요ㅠㅠ⭐️,2025-06-06,o.haru
1055,o.haru_2025-06-06,chu.berup_jmt,이거 맛잇는뎅!!🥹❤️,2025-06-06,o.haru
1056,o.haru_2025-06-06,liebestraum__3,미쳤다 너무 맛잇어보여요 ㅠㅠㅠㅠ❤️ 영상 길어서 너무 조아여 🫶,2025-06-07,o.haru
1057,o.haru_2025-06-06,8ozizo,와매운음식 엄청오랜만인거같아요!!! 맛있는조합 알기도전부터 똑같이 추가한 거 너무 멋지고 권위있는거같으요 이거보니까 저도 매운거먹고싶네요 아침나와 밥이랑같이먹으면 너무맛잇을거같아요 새로운네일이드디어나온것도 너무반가워요ㅎㅎ 저녁대리만족완!!! 언니맛잇는거 마니드세요💗💗알라뷰,2025-06-06,o.haru
1058,o.haru_2025-06-06,sum.etc,꾸덕꾸덕 때깔 도라방스😍❤️❤️❤️ 시작부터 당면 소리 미쳤네유 두루치기 어케 참냐고 ㅠㅠ 존맛탱이겠다... 아니 진짜 그냥 먹어도 맛있지만 참기름 살짝쿵 둘러서 김 부셔넣고 깨 솔솔 뿌려 비벼먹었으면 더더 맛있었겠어요 얼마나 맛있었으면 잊어버릴만큼 ㄷㄷㄷ 하루햄 덕에 맛있는 두루치기집 잘 알아갑니다😍🙌💞💖,2025-06-07,o.haru
1059,o.haru_2025-06-06,hyaell__,마라두루치기가 진짜맛잇어요,2025-06-06,o.haru
1060,o.haru_2025-06-06,p.e3eo,언니언니 성한빈 닮앗어요,2025-06-07,o.haru
1061,o.haru_2025-06-06,_.3xclusiveme,정말 맛있어 보이네요. 영어 자막을 받을 수 있나요? 🤗😪🤤,2025-06-12,o.haru
1062,o.haru_2025-06-06,yourmomislaughing,마싯겟다 ㅠㅡㅠㅠㅠ,2025-06-06,o.haru
1063,o.haru_2025-06-06,ddaegul2,아 기여워요ㅠㅜㅜ❤️❤️❤️❤️,2025-06-06,o.haru
1064,o.haru_2025-06-06,kkkv.64n,언닝 마라로제 엽떡 한번만 더 먹어주세요😢🩷,2025-06-07,o.haru
1065,o.haru_2025-06-06,amaeamum,하압 잊고 있었는데 하루님의 릴스 보고 참을 수가 없ㄷ..ㅏ😻,2025-06-06,o.haru
1066,o.haru_2025-06-06,seogaeun10,언니 빨리 투게더에 약과 과자 먹방 올려주세요 😢😢😢😢,2025-06-07,o.haru
1067,o.haru_2025-06-06,m1zuk17r_,마시게따,2025-06-06,o.haru
1068,o.haru_2025-06-06,zb1__.s,ㅈㄴ짜 두루치기 hater인데너무맛잇어보여여,2025-06-14,o.haru
1069,o.haru_2025-06-06,nepcnw,막있갰다….,2025-07-15,o.haru
1070,o.haru_2025-06-02,8ozizo,와 물냉 머무맛있겠다!!!!ㅠㅠ 저 물냉진~~~~짜좋아해여ㅎㅎ 오늘완전더웠는데 딱 물냉먹방이라서 넘좋당😁 멘보샤도 완전 바삭바삭 맛았어보이네요 하루언니 계란에 노른자 빼고 남은 구멍에 면 담아서 국자처럼 먹어본 적 있나요? 전 아직도 물냉먹을때마다 계란국자 초딩짓하는데ㅎ 미니게임같은느낌 아물냉애 맨두까지 너무맛있겠다 완전 내장시원해지는메뉴!!! 저는 쌩토마토를 못먹어요😁 비냉영상도 기다리고있겠습니다🙆🏻🫶🏻,2025-06-02,o.haru
1071,o.haru_2025-06-02,haemi.q,아 언니 물냉면은 반칙이에여 너무 맛있겠다 하루님은 대체 어떻게 제가 조아하능거만 이렇게 쏙쏙 골라서 드셔주시나요? 정말 너무 행복합니다ㅜㅜ흑흑 물냉면에 만두라니….너무 맛있겠다 …❤️,2025-06-02,o.haru
1072,o.haru_2025-06-02,8sakinyong,아 오늘 국수 먹었는데~~~담 번에는 냉면 머거야갯어욥 ㅎㅎ 운니는 물냉파?! 그나저나 흰자에 냉면 올려먹는거 ㅈㅉ 먹잘알이다💕,2025-06-02,o.haru
1073,o.haru_2025-06-02,0rbitofyours,저 냉면 진짜 좋아하는데 ㅠㅠㅠ… 우뜩해 너무너무 맛잇어보여 여름이니까 더위 먹지 말구 맛난 거 많이 묵아용 언니 아푸지 마요😍,2025-06-02,o.haru
1074,o.haru_2025-06-02,oeoe___il,예쁘게 잘 먹어서 보기 좋아요 ☺️ 맨날 보다가 잠들어요 특히 마카롱이나 와플 크레이프 먹방.... 최고...... 남편이 못먹게해서 대리만족 크게 느끼는중이에요 🙌,2025-06-02,o.haru
1075,o.haru_2025-06-02,_pingpoo,요즘같은 더운 날씨에 물냉면 미쵸따!!!!🩵🩵,2025-06-02,o.haru
1076,o.haru_2025-06-02,9.eo3o,와씨 개맛잇겟다……,2025-07-03,o.haru
1077,o.haru_2025-06-02,rinicism,아내일물냉먹어야겟다 😭😭😭 너무맛잇겟다.......,2025-06-02,o.haru
1078,o.haru_2025-06-02,xute.17,와대박 냉면이너무먹음직수러워서입에서땀이나와요진짜지금제입이나이아가라폭포입니다와어떻게이렇게먹음직스러울수가!이런이건너무하잖아어떻게참으라는거야ㅜㅁㅜ,2025-06-02,o.haru
1079,o.haru_2025-06-02,sum.etc,"물냉 사리추가는 아무리 봐도 걍 물냉 한 개 더 준거 같은데욬ㅋㅋㅋㅋ 역쉬 면러버 하루햄 두그릇 뚝딱!! ㅎㅎㅎ 맨두 너무 맛있겠다 손만두라니ㅠㅠㅠ 바삭한 멘보샤까지 굿굿,,🧡 저도 물냉 너무 좋아하는데 비냉도 좋아요.. 몰라 고를 수 없어~!! 전 바다냄새 너무 강한 음식은 잘 못 먹는답니다 이를테면 생다시마 같은..?! 미역 빼고 해조류는 잘 못 먹는 것 같아요 ㅎㅎ 해물은 존맛!!",2025-06-02,o.haru
1080,o.haru_2025-06-02,1oniom,온니 이거 렌즈 바꾸신건가요?! 넘 초롱초롱 잘 어울리구.. 너무 예뽀요 😍,2025-06-05,o.haru
1081,o.haru_2025-06-02,yourmomislaughing,아 언니 오늘도미쳣어요ㅜㅡㅠ,2025-06-02,o.haru
1082,o.haru_2025-06-02,k.0748,이런 면이 진짜 맛있는건데,2025-06-03,o.haru
1083,o.haru_2025-06-02,remdenuit,와 오늘 딱 냉면이 먹구싶었는데ㅠ,2025-06-02,o.haru
1084,o.haru_2025-06-02,p.e3eo,예쁜온니ㅠㅠ 제배원 한빈 닮으셨어여!!,2025-06-04,o.haru
1085,o.haru_2025-06-02,soyo._.on2,아 부러워...요.... 😢,2025-06-02,o.haru
1086,o.haru_2025-06-02,f_________.imsa__ing,면 진짜 한입에 와앙 크게 넣능거 너무 맘에 들어요 잘 보고 갑니다 롱런하세요!❤️,2025-06-02,o.haru
1087,o.haru_2025-06-02,s1_xn.0,국물이 제 목을 타고 내려가는게 느껴지는 것 같아요,2025-06-02,o.haru
1088,o.haru_2025-06-02,1xovey0u,냉면의계절이도래햇다…,2025-06-02,o.haru
1089,o.haru_2025-06-02,hommelier_,와제발함흥냉면ㅁㅊ으아아아아아ㅏ아ㅜㅜㅜㅜㅜㅜㅜㅜㅜㅜㅜㅜㅜ,2025-06-04,o.haru
1090,o.haru_2025-06-02,d.museum_,으악 보기만해도 머리띵!!,2025-06-04,o.haru
1091,o.haru_2025-06-02,puuluv,싹싹김치가 머예여??,2025-06-03,o.haru
1092,o.haru_2025-06-02,_likewejustmet,함흥냉면ㅁㅊ것,2025-06-02,o.haru
1093,o.haru_2025-06-02,seogaeun10,언니 빨리 투게더에 약과 과자 먹방 올려주세요 😢😢😢😢😢😢😢😢😢 아니면 콜라 슬러시 먹방 도 해주세용 ❤️❤️❤️❤️부탁드립니다 😍😍😍😍,2025-06-04,o.haru
1094,o.haru_2025-06-02,00.12.03,어디서 시키셨길래 직접 뽑은 면으로 만든 냉면이 오나요🥹🥹🥹,2025-06-05,o.haru
1095,o.haru_2025-06-02,d0r3m1f4s0l4t1d0,ㅋㅋ 조심해,2025-06-07,o.haru
1096,o.haru_2025-06-02,alswowhdk,검색해 보니까 용인이랑 영등포 나오는데 둘 중 어디일까요??? 진짜 너무너무 마싯어 보여서 서울까지  걸리는데 가서 머거보고 시츰 ㅠㅠㅠㅠㅠㅠㅠ,2025-07-15,o.haru
1097,o.haru_2025-06-02,lavender_bloom09,헐 사리추가가 한그릇 추가라니,2025-07-21,o.haru
1098,o.haru_2025-06-02,__mysecretarchive,와!!!! ㅁㅊ,2025-07-22,o.haru
1099,o.haru_2025-06-02,dddssadw,면이 얇아서 넘 기생충가타요 이런말핻서재송해요,2025-07-28,o.haru
1100,o.haru_2025-05-29,8ozizo,헐 초코맛도있는줄 몰랐어요 빠작빠작깨먹는소리 너무좋네요 제가브륄레아이스크림가게사장이되면 언니는공짜로줄거에요 오늘도잘봣어요 너무맘에들어요,2025-05-29,o.haru
1101,o.haru_2025-05-29,_pingpoo,아 이거 지에스 갈때마다 계속 품절이던데ㅠㅠㅜ담에는 꼭 먹어볼게용 진짜 먹어보거 싶었던거 언냐가 드셔주셔서 대리만족!!!!🩷🩷,2025-05-29,o.haru
1102,o.haru_2025-05-29,8sakinyong,와이거짖짜먹고시퍼서 미칠뻔핸는데 하루언냐가먹어주시내요///두근두근 쪼끔해동해서먹는게 맛딛겠죠?! 우오ㅓ진짜맛잇갯다ㅜㅜ 저거구하기너무힘든데 하루언냐짱💕💕,2025-05-29,o.haru
1103,o.haru_2025-05-29,sum.etc,아악 미쳤다ㅠㅠㅠㅠ 커피 뿌려먹기 진짜ㅠㅠㅠ 즉석으로 아포가토 맹글어먹기~~!! 두눈에 불을 켜고 재고를 찾겠숴요 넘 맛있겠다😍,2025-05-30,o.haru
1104,o.haru_2025-05-29,yourmomislaughing,오늘도완전짱이에여ㅠㅡ맛잇갯다,2025-05-29,o.haru
1105,o.haru_2025-05-29,jxn_1x_,갑나맛있겠다ㅏㅏ,2025-06-01,o.haru
1106,o.haru_2025-05-29,noti0n.0,아니 편의점에서 이런 퀄리티가 나올수 잇는거냐며..,2025-05-30,o.haru
1107,o.haru_2025-05-29,lovvvv.u_gks,언니 뜬금없긴한데 공지방 만들어주실 수 잇나요옹?? 제가 1빠로 들어갈께요ㅜㅜ,2025-05-29,o.haru
1108,o.haru_2025-05-29,u._sbin,ㅁ ㅝ지.. 이제 영어로 자막 말하시는 건가.. 전에가 더 좋았는데ㅠ 안돼요,2025-05-30,o.haru
1109,o.haru_2025-05-29,hait1019,언니는 진짜 음식 하나하나 안 남기고 먹어서 너무 좋아요ㅠㅠ 대리만족 지림🥺🥺,2025-05-29,o.haru
1110,o.haru_2025-05-29,yeoyumin12038,저거 조금 녹여가지고 계속 섞으면 젤라또처럼 엄청 쫀득해져여,2025-06-01,o.haru
1111,o.haru_2025-05-29,dukjillgay,우주에서 온 엄마는 외계인 먹어주세요 1트😍😍,2025-06-01,o.haru
1112,o.haru_2025-05-29,m_seo_.11,맛있겠다맛있겠다맛있겠다맛있겠다맛잇겠다맛이새ㅣㅆ다,2025-07-06,o.haru
1113,o.haru_2025-05-29,shhh.hhst,살 안찌시는 비결이 몬가요..🥲,2025-05-29,o.haru
1114,o.haru_2025-05-29,dongbori1,얼마인가여?,2025-05-29,o.haru
1115,o.haru_2025-05-29,8ozizo,와저불닭이랑 별로안친한데 이렇게강한끌림느낀적처음입니다 너무맛잇어보이네요 항상불닭에타코야끼 먹어보고싶엇는데ㅠ 이레시피로먹어봐야겟어요 오늘도넘우맛잇게먹고 행복해요 언니가라면가게하면 제가 꼭첫번째손님이될거에요 하루의라면가게시리즈 계속이어지길!!!💖💖,2025-05-29,o.haru
1116,o.haru_2025-05-29,tamdayproject,너무 맛있게 드시는 게 느껴져서 조하요😍😍,2025-05-29,o.haru
1117,o.haru_2025-05-29,_mararing_,으와~~~~ 저 이거 오늘 먹어보고싶어서 후기 막 찾아보고잇엇는데🥺🥺🥺🥺 딱 하루님이 올려주샷사요… 완전 믿음직스럽다… 오늘도 넘 잘 보고 가요 감사해요🥺🤍,2025-05-29,o.haru
1118,o.haru_2025-05-29,8sakinyong,운니가 낋여주는 불닭 먹어보고시프미😭💕 저두 꼭 해먹어봐야갠어요 타코야끼두너모맛잇겟가…진짜오늘 하루운니너모행복해보여요💕🪽🪽,2025-05-29,o.haru
1119,o.haru_2025-05-29,rinicism,저 오늘 불닭에 타꼬야끼 먹고싶다고 노래를 불럿는데 어케 아시고 이런영상이 😭😭😭😭😭😭,2025-05-29,o.haru
1120,o.haru_2025-05-29,o.haru___,재영작가님 레시피 남겨둘게요😲♥️,2025-05-29,o.haru
1121,o.haru_2025-05-29,hokongsuni,불닭 ㄹㅈㄷ로 잘 낋이심..,2025-05-29,o.haru
1122,o.haru_2025-05-29,ax._.yunb,아 ㅜㅜ 진짜 겁나 맛있게 드시네욥 ㅜ 영상 자주 올려주세여 !!!🫶🫶🫶,2025-07-29,o.haru
1123,o.haru_2025-05-29,sum.etc,"불닭 농도 찢었다,,, 저기다 마요네즈 올릴생각을 왜 못했을까요 ㄷㄷ 노른자까지 진짜 킥이네유😍 저도 타코야끼 얼마전에 먹었는데 저는 직접 해먹었거든요?! 팬케이크 믹스로 반죽 만들고 안에 문어 대신 칵테일새우나 치즈 넣어서 만들어먹어도 맛있어요 ㅎㅎㅎ 가쓰오부시랑 마요네즈 데리야끼소스 듬뿍 뿌리면 진짜 맛도뤼,, 하루햄 요리도 잘하니까 담에 타코야끼기계로 함 만들어 보세오😆💞",2025-05-29,o.haru
1124,o.haru_2025-05-29,cccc_jung,조합천재🩷,2025-05-29,o.haru
1125,o.haru_2025-05-29,anarin607,언니가 만들어준 음식 먹어보고 시퍼요.. 만약에 언니랑 밥 먹으면 너무 행복해해서 덩달아 행복해질 듯💝,2025-05-29,o.haru
1126,o.haru_2025-05-29,noti0n.0,저도 하루님 따라서 한번 만들어보께욤,2025-05-29,o.haru
1127,o.haru_2025-05-29,heeeeeee_y3,@dxoxrxexmxi 맛있게땅,2025-05-29,o.haru
1128,o.haru_2025-05-29,ixxq_727,@25eun9 나 입맛 다 돌아왔다…,2025-06-12,o.haru
1129,o.haru_2025-05-29,mylittlesohee,와하트누르기왜힌번박에안되지진짜하트백개누르고싶네요,2025-06-08,o.haru
1130,o.haru_2025-05-29,sunnfalll_,@eearttthhsoo @rkdnjsdl 머그자😃😃,2025-05-29,o.haru
1131,o.haru_2025-05-29,ssiibala,하루님은진짜유명한재영피디임..,2025-05-29,o.haru
1132,o.haru_2025-05-29,xhe__ex,@dp_dms__ 하모니 파티하는날 저것도 해먹을것,2025-06-19,o.haru
1133,o.haru_2025-05-29,a1swnp,렌즈뭔가요ㅜㅜㅜ,2025-05-29,o.haru
1134,o.haru_2025-05-29,tnejr81,다죽자를다살자,2025-05-29,o.haru
1135,o.haru_2025-05-29,qkqhfktjrnfodyq,@ozoxue 와,2025-05-29,o.haru
1136,o.haru_2025-05-29,gioia.032.8,마요 조금 넣으면 맛있는건 이미 알고 있었지만 양파와 노른자는 상상 안된다...,2025-05-30,o.haru
1137,o.haru_2025-05-29,heich0090,잠 잘와여 유투브 풀영상 부탁드려염...,2025-05-31,o.haru
1138,o.haru_2025-05-29,e.junillunx,꿀꺽..,2025-06-02,o.haru
1139,o.haru_2025-05-29,byeol_0502_0828,불닭 쳐돌이로써 저만 불닭에 아무것도 안하고 그대로 먹는거 좋아하는 사람 없겠져..,2025-06-03,o.haru
1140,o.haru_2025-05-29,chae_wum_98,렌즈가 너무궁금해요.....,2025-06-09,o.haru
1141,o.haru_2025-05-29,sltnqdla,헐 비주얼부터 미쳤어요 이건 ㅠㅠ,2025-06-12,o.haru
1142,o.haru_2025-05-29,i.lovyuo,언니보고만들어먹엇어요최고에요,2025-06-13,o.haru
1143,o.haru_2025-05-29,abcpplee,렌즈 정보 알수있을까욤?!!🙌🙌,2025-06-16,o.haru
1144,o.haru_2025-05-29,sophie_kjw,@kksyyskk 나 눈물나,2025-06-20,o.haru
1145,o.haru_2025-05-29,ruddnhsfdqlalfrpwjd0,와아니이게뭐야!이건아니지제가오리지널불닭한번도안먹어봣느데도전할게요꾸덕꾸덕짭짤후루룩안먹어봐도존맛,2025-06-29,o.haru
1146,o.haru_2025-05-29,yeo_n3u,와이씹미쳣네앚ㄴ배고파미친거,2025-07-03,o.haru
1147,o.haru_2025-05-29,pj_jokkkk,@wbiinns 정말섹시해 나 이렇게섹시한 음식 처음보는 것 같아 이 섹시한음식을 내입에 꾸역꾸역넣어줘 제발이야 부탁이야,2025-07-04,o.haru
1148,o.haru_2025-05-29,phaphapap,@al_waisleep 미쳐따,2025-07-16,o.haru
1149,o.haru_2025-05-29,s_usuk_kang29,딘따 마싯겟다…. ㅠㅠ,2025-07-22,o.haru
1150,o.haru_2025-05-29,ddjjjjjj2025,이거 보고난뒤에 따라 만들어먹었다가 울었습니다 몇십년동안 맵찔이로 살아온 저를 구원해주심,2025-07-26,o.haru
1151,o.haru_2025-05-26,xu1.ro,아 요 만두 진짜 맛잇움 ㅠㅠ 새우 식감이 너모 조아여 ㅠ,2025-05-26,o.haru
1152,o.haru_2025-05-26,8ozizo,와 새우만들어가도맛잇는데 통새우라니 ㅁㅊ 너무멋진음식이시다 역시 만두명가 비비고네요 바삭촉촉하고 너무맛잇겟다 오ㅓㄴ전 야식메뉴특화만두네여!!!!! 언니먹는것만봐도 너무재밋어요❤️❤️,2025-05-26,o.haru
1153,o.haru_2025-05-26,_pingpoo,와 계란올린라면에 새우만두ㅠㅠ 진짜 맛없없 조합아닌가여🫶🫶 새우만두에 칠리소스 조합 너무 잘어울려용!! 언냐 진짜진짜 맛잘알이신듯~!!!!,2025-05-26,o.haru
1154,o.haru_2025-05-26,sum.etc,"크으으 고추기름을 팍팍 내서 그런지 라면 때깔 도라방스,,❤️ 통새우만두 새우가 진짜 실하네유 먹어봐야겠어요 ㅎㅎ 하루햄은 꼬리까지 다 드시는구나~! 광고라 위에 봉지 매달아 논거 너무 귀엽잖아유 ㅋㅋㅋㅋㅋㅋ❤️❤️ 저는 오늘 구운김치 먹었어요 삼겹살 먹느라 ㅎㅎ 담에 김치삼겹살도 먹어줘요~!😆💞💞",2025-05-28,o.haru
1155,o.haru_2025-05-26,dy._.aun,헐 엉니 오늘도 너무 기엽게 먹는거 아니냐구요😖 지구뿌셔🙈,2025-05-26,o.haru
1156,o.haru_2025-05-26,dyuoiun,헉 만두 너무 맛있어보여요... ♥ ♥,2025-05-26,o.haru
1157,o.haru_2025-05-26,bowwwowmeow,하... 너무 배고파됴ㅜ 라면 어캐 끓엿어요 진짜 너무 먹고십다ㅜ,2025-05-27,o.haru
1158,o.haru_2025-05-26,eunchae.5ve,내사랑 만두❤️,2025-05-27,o.haru
1159,o.haru_2025-05-26,jana.moataz.2010,매우 맛있어 보이네요.👏,2025-05-26,o.haru
1160,o.haru_2025-05-26,jumi_n09,어떤 라면이에요?,2025-05-28,o.haru
1161,o.haru_2025-05-26,lovem_easiam,아 내일 저녁에 만두파티 해야지..,2025-05-26,o.haru
1162,o.haru_2025-05-26,rinicism,라면 때깔미쳐따... 😭😭😭,2025-05-26,o.haru
1163,o.haru_2025-05-26,d.museum_,귀여워,2025-05-27,o.haru
1164,o.haru_2025-05-26,devrani995,9주좋아요 1개답글 달기,2025-05-27,o.haru
1165,o.haru_2025-05-26,hhhaaaiqqz,라면 어케 끓였는지 알려주세요,2025-05-27,o.haru
1166,o.haru_2025-05-26,dpsktizm,새우먹고싶다🙁알러지생겼는데,2025-05-28,o.haru
1167,o.haru_2025-05-26,thxrtrtrt,이쁜데 밥까지 잘먹는다? 진짜 개호감🔥🔥🔥,2025-05-27,o.haru
1168,o.haru_2025-05-26,nyaaaaaaaaaaaaaaam,진짜 미치겟끼,2025-05-27,o.haru
1169,o.haru_2025-05-26,stxaxr,라면미친것같다 레시피알고싶다,2025-05-27,o.haru
1170,o.haru_2025-05-26,dldbskr,9주답글 달기,2025-05-29,o.haru
1171,o.haru_2025-05-26,matchamandoo,와진짜너무마싱ㅅ겟다요ㅠㅠ,2025-05-30,o.haru
1172,o.haru_2025-05-26,iamgirigirl,"라면이 ㄹㅈㄷ맛도리로 생겻다 하.,.",2025-05-30,o.haru
1173,o.haru_2025-05-26,c2h3u_7,저 수저같은 국자는 머에요?,2025-06-03,o.haru
1174,o.haru_2025-05-26,yong43400,와우대박입니다👏👏👏,2025-07-02,o.haru
1175,o.haru_2025-05-26,aaaaa_b27,@0oooo_o22 통새우만듀..,2025-07-03,o.haru
1176,o.haru_2025-05-26,oswonsnow,아귀여워,2025-07-12,o.haru
1177,o.haru_2025-05-26,jinakyung2016,맛있겠다..,2025-07-13,o.haru
1178,o.haru_2025-05-26,hbrj777,와 라면 겁나 잘 끓이셨삼,2025-07-21,o.haru
1179,o.haru_2025-05-26,imyunu_06,라면레시피좀 ㅠㅠㅠ,2025-07-29,o.haru
1180,o.haru_2025-05-24,_pingpoo,언냐 저정도 크림 양이면 많이 물리실텐데 맛있다니..!!!! 저기 와플 꼭 먹어봐야겠어용🫶🫶 바삭했음 좋았을텐데ㅜㅠ눅눅한거도 언냐가 드시니까 넘 맛있어보여용❤️🧇💛,2025-05-25,o.haru
1181,o.haru_2025-05-24,1xovey0u,왕……생크림사부쟉소리왜이럿게좋나요….슈크림와플?????완전신기해여처음봄저는먼가이렇게안바삭바삭하고살짝눅눅쓰한와플을죠아해서그릉가오늘영상이느무나제스타일이네여…….아너무좋아여와플먹고싶당시장에서파는시장st사과잼와플몬지알져ㅜㅜ,2025-05-24,o.haru
1182,o.haru_2025-05-24,cocoballl_,❤️😍디저트 먹방 너무 조아요,2025-05-25,o.haru
1183,o.haru_2025-05-24,sum.etc,와플에 크림 폭탄!!!! 너무 좋아오ㅠㅠㅠㅠ 코에 크림 묻은 하루햄 러블리😚💖💓💞 숯불치킨+우동or분모자사리 조합 존버중😆,2025-05-25,o.haru
1184,o.haru_2025-05-24,8ozizo,헐언니 저도오늘 와플먹엇는데!!!!ㅎㅎ 대박 저는 젤라또와플머것는데 크림도엄청맛잇어보이네요‘ㅜ대박ㅎㅎ누텔라에바나나는 어디가서지지는않는조합인거같아요 정말밋있고... 바삭한와플먹방도 기대된다...🤓🤓🤓,2025-05-25,o.haru
1185,o.haru_2025-05-24,kjujin_85,진짜 플러스82 생크림 핵존맛👍오늘 하루님꺼 릴스 언제 올라올까 생각했는데 딱 나이스타이밍😍,2025-05-25,o.haru
1186,o.haru_2025-05-24,0rbitofyours,언니 너무넘 기여워… 저두 와플 조아하는데 딸기까지 있다닝 ㅎㅎ 😭 온니 메론킥 먹어봐써여?! 저는 아까 편의점에서 운 좋게 발견해서 삿어용!!!! ㅎㅎㅎㅎㅎ 언니두 꼭 먹어바요 맛이뜸 ><,2025-05-25,o.haru
1187,o.haru_2025-05-24,8sakinyong,와 미츴다 진짜 권력있다…저러케 먹고나서 라면 필쑤💕💕💕💕 딸기와플 << 이름부터 맛있어보임🪽 하루운니 최애와플은 먼가요😇?,2025-05-25,o.haru
1188,o.haru_2025-05-24,ju_yeong.t,"우왕크림가득빵빵한와플먹구싶어여!!!!! 넘 맛있겠다,,",2025-05-25,o.haru
1189,o.haru_2025-05-24,dukjillgay,언니 렌즈 뭐쓰시나요?? 너무 예뻐요..ㅜㅜㅠ😢😍,2025-06-01,o.haru
1190,o.haru_2025-05-24,_s0.ah,렌즈 정보좀 알려주실수 잇을까요오,2025-05-25,o.haru
1191,o.haru_2025-05-24,eunchae.5ve,진짜 귀엽게 잘 먹는다!,2025-05-24,o.haru
1192,o.haru_2025-05-24,lemitsnego,나 진짜 언니 오기만을 기다려..❤️진짜 너무 귀여워요,2025-05-25,o.haru
1193,o.haru_2025-05-24,bo_1eun,왜케 깔끔하게 먹는거지,2025-05-30,o.haru
1194,o.haru_2025-05-24,loosomin,???: 크림을 샀는데 와플이 왔어요😮😮,2025-05-25,o.haru
1195,o.haru_2025-05-24,seogaeun10,언니 투게더에 약과 과자 먹방 올려주세요 😍😍😍😍😍😍부탁드립니다 😢😢😢😢😢👏👏👏,2025-05-25,o.haru
1196,o.haru_2025-05-24,1iln21,눈이 좀 르세라핌 홍은채 닮으셧어용,2025-05-25,o.haru
1197,o.haru_2025-05-24,a.jayith,자막이 저만 짤려서 보이는 건가요?!!!?!?,2025-05-25,o.haru
1198,o.haru_2025-05-24,czccccvvz_z,눅눅한 와플 소리고 좋아용 와플 초코나무숲 같은 조합으로 먹어도 진ㅁ자 마싯어염,2025-05-26,o.haru
1199,o.haru_2025-05-24,deanfluenza0,죽겠다진짜,2025-07-24,o.haru
1200,o.haru_2025-05-24,zzin_m.z.z,어쩜이리잘드심?달란트미쳤다,2025-05-26,o.haru
1201,o.haru_2025-05-23,_pingpoo,와 정직유부 진짜 맛있는데ㅠㅠㅜㅜ언냐 먹을줄 아시군용!!!!!🧡🧡,2025-05-23,o.haru
1202,o.haru_2025-05-23,8ozizo,헐대박 저유부초밥은 진짜거짓말안치고3인분끼지 가능이고 너므가능이라서 가능충케이크에도꽂아야죄는데 유부초밥😍😍😍하루언니먹잘알인이유!!!!유부초밥을마싯게먹는다 정직유부와 오하루 그리고나 이셋의만남 너무기쁘다^^ 저희집주변에도 정직유부 있는데 하루정식시켜먹어야겟어요 언니최고^^🫰🏻🫰🏻🫰🏻 어쩜사이드까지제맘에안드는게없어요 저냉모밀 진짜좋아하는데 ㅎㅎ 오늘도대리만족하고가욤😁🤓🤓,2025-05-23,o.haru
1203,o.haru_2025-05-23,cmaeinh1,흐아ㅜㅜ 개맛있겠다,2025-05-23,o.haru
1204,o.haru_2025-05-23,kijgdtvh,아 맛있겠다…순천사는데 시켜먹어볼게요ㅠㅠㅠㅠㅠㅠ그나저나 립 뭐 바르세요? 영상 끝날때까지 립이 안지워져요….최고다..,2025-05-23,o.haru
1205,o.haru_2025-05-23,dy._.aun,언니 냉모밀 왤케 조아해 ㅋㅋ,2025-05-23,o.haru
1206,o.haru_2025-05-23,imissthetimen0tyou,저 노란 거 올려진 건 혹시 뭘까요??,2025-05-23,o.haru
1207,o.haru_2025-05-23,dyehdidu,광고에여?,2025-05-23,o.haru
1208,o.haru_2025-05-23,mooohiiitt,유부초밥이 맛있다면 꼭 먹어봐야겠어요 😍,2025-05-24,o.haru
1209,o.haru_2025-05-23,a3c4uu,"쵹쵹바스락 유부초밥,,맛있겠네용🥺",2025-06-23,o.haru
1210,o.haru_2025-05-23,thaeuuny,언니ㅠㅠㅠㅠㅠ낙곱새아니면국물닭발머거주세여🥺🥺🩷🩷🩷,2025-05-23,o.haru
1211,o.haru_2025-05-23,jana.moataz.2010,와 형 잘 먹어요👏,2025-05-23,o.haru
1212,o.haru_2025-05-23,baejong_baek,오늘 점심은 정직유뷰다~~~,2025-05-27,o.haru
1213,o.haru_2025-05-23,junhyi5016,정직유부초밥은 모든 메뉴가 다 맛있노 어이..!!👏👏👏,2025-05-27,o.haru
1214,o.haru_2025-05-23,gypsophliasb,유부초밥저도진짜좋아해여언니…배고프셔서그런지오늘따라더맛잇게드시네욤😁 저도 시켜못어볼게요감사함니다❤️❤️❤️❤️,2025-05-23,o.haru
1215,o.haru_2025-05-23,junhyukk_92,맛도리 정직유부 내최애 초밥,2025-05-27,o.haru
1216,o.haru_2025-05-23,gugu.nam_,크으 맛도리 잔치네용😍,2025-07-28,o.haru
1217,o.haru_2025-05-23,6o0o6__,아너무이뻐여....ㅠㅠ,2025-05-23,o.haru
1218,o.haru_2025-05-23,sum.etc,"와 대박 정직유부 동네에 있는데 먹을 생각 전혀 못했거든요,, 떡볶이 국물에 치즈제육유부 담궈먹기 미쳤다,.. 와 내일 당장 먹어야겠아요ㅠㅠㅠㅠ 냉모밀까지 꿀조합 머선일이야😍ㅠㅠㅠㅠ 내일은 정직유부 너다..!!!!!❤️",2025-05-24,o.haru
1219,o.haru_2025-05-23,sfberrieess,8주답글 달기,2025-05-30,o.haru
1220,o.haru_2025-05-23,sfberrieess,8주답글 달기,2025-05-30,o.haru
1221,o.haru_2025-05-23,begopayo.0,언니 한 입만 주세요..,2025-05-24,o.haru
1222,o.haru_2025-05-22,_pingpoo,헉 언냐 혹시 저번에 올려주시겠다고 한 마카롱인가여??? 조개마카롱에 필링 양 많은거 진짜👍💖💖 돼박 맛있어보여용ㅠㅜㅜ!! 오늘도 영상 잘봤어요💕,2025-05-22,o.haru
1223,o.haru_2025-05-22,8ozizo,마카롱9개? 너무달것같고진짜 너무맛잇겟다 마카롱이면그냥 제혓바닥갖다바치죠 언니는마카롱 말랑말랑할때 먹는걸 좋아하시나봐요 저는항상 쫌딱딱하게냉장고에넣어놧다가먹느데ㅎㅎ 이영상뭔가특히 더귀여운거같아요 빨리다음영상보고ㅛㅣㅍ다,2025-05-22,o.haru
1224,o.haru_2025-05-22,cocoballl_,마카롱 너무 먹고싶엇는데!!!!! 😍😍,2025-05-22,o.haru
1225,o.haru_2025-05-22,ha_o_os,언니 맘스터치 사이드 한 번만 해주세요오..❤️❤️,2025-05-23,o.haru
1226,o.haru_2025-05-22,ahsio._91,와🥺저도 마카롱 저렇게 많이 사서 한번에 먹고싶어요..🤍🤍,2025-06-02,o.haru
1227,o.haru_2025-05-22,sum.etc,와아 조개모양 마카롱 대박 ㅠㅠㅠㅠ 뽀또맛💛 다 너뮤너무 맛있겠어요 치즈맛 덕후인데 10점 만점에 100점인 이유가 있겠됴?😍❤️ 모양도 예쁘고 필링 꾸덕하니 너무 맛있어보여요 하루햄 귀엽고 예쁜 얼굴 가까이서 보니 더 좋음😚💓 잘보고가유🙌❤️,2025-05-22,o.haru
1228,o.haru_2025-05-22,8sakinyong,와 저두 뽀또마카롱 먹어보구싶어요 꾸덕슨해보임😭😇 표정에서 행복한게다느껴짐이💕 모양도 똥글조개모양인게너무커엽따 혹시 담에 낙곱새 먹방 해주실수있나요💕💕..?!,2025-05-22,o.haru
1229,o.haru_2025-05-22,enrnies,다 맛있어 보여요ㅠㅠ 언니는 단거 잘 드시나요?,2025-05-22,o.haru
1230,o.haru_2025-05-22,jjangjjanggirl1111,언니 혹시 꿀군고구마 먹어줄 수 있어여ㅠㅠ??,2025-05-23,o.haru
1231,o.haru_2025-05-22,oeoe___il,와 여기 어디꺼일까요~?,2025-05-22,o.haru
1232,o.haru_2025-05-22,ddddd_.lllll,너무 맛있겠다 그리고 피부 진짜 좋으시다..,2025-05-22,o.haru
1233,o.haru_2025-05-22,gwaknanang,너무마시게따ㅜㅜㅠㅠㅠㅠ,2025-05-22,o.haru
1234,o.haru_2025-05-22,noti0n.0,첨부터 특이한맛이네여 안그래도 마카롱 요새 먹고싶엇는데ㅜㅜ,2025-05-22,o.haru
1235,o.haru_2025-05-22,seowonnieyoo_n,난 언니가 여러가지 음 식 와구와구 먹는게 넘무 조아,2025-05-22,o.haru
1236,o.haru_2025-05-22,woonvaanana,어디서파나요?? 🤤🥹,2025-05-22,o.haru
1237,o.haru_2025-05-22,oc.nxy,언니ㅣ 체중 관리 어떻게 해요 ??,2025-05-22,o.haru
1238,o.haru_2025-05-22,gypsophliasb,마카롱넘귀여워요..되게다양하게잇네요맛잇겟다ㅜㅜㅜ,2025-05-22,o.haru
1239,o.haru_2025-05-22,xaxawii,하 개맛있겠다.....,2025-05-22,o.haru
1240,o.haru_2025-05-22,begopayo.0,한입만 주세뇨..,2025-05-22,o.haru
1241,o.haru_2025-05-22,seo_dooin,맛없는게 없나보네...😂,2025-05-22,o.haru
1242,o.haru_2025-05-22,c0_x.yn,개맛있겠다,2025-05-22,o.haru
1243,o.haru_2025-05-22,p0p_jw,다음에 한번 QnA 해주세여..,2025-05-23,o.haru
1244,o.haru_2025-05-22,b0.yxn78,어디서 샀어요?,2025-05-24,o.haru
1245,o.haru_2025-05-22,kkk_is_sjbt,혹시 이 영상에 제국의 아이들 후유증 브금이 깔려있나요? 오류난건지 아닌건지 모르겠어서요ㅜㅜㅜ,2025-05-24,o.haru
1246,o.haru_2025-05-22,mew.wing,디저트 우유랑 드시나용 커피랑 드시나용 그냥 드시나용??,2025-05-26,o.haru
1247,o.haru_2025-05-22,a1swnp,렌즈뭐에여ㅜㅜㅜ,2025-05-29,o.haru
1248,o.haru_2025-05-22,yo.n1a,이사람 소금빵 드시던게 ㄹㅈㄷ인데 딴사람들은 소금빵많이 사서 다먹을것처럼 어그로끌고 배부르다고 몇개만 먹고 영상끝나던데 이사람은 진짜 다 드셔서 좋았음 그것도 완전 맛있게 드셔서,2025-05-29,o.haru
1249,o.haru_2025-05-22,fallintak,어쩜그렇게귀엽게드세여..?❤️❤️🔥,2025-06-06,o.haru
1250,o.haru_2025-05-22,yonne543,저녘..못먹을거 같은 칼로리...,2025-06-06,o.haru
1251,o.haru_2025-05-22,tlstpxxsxks_2,언니사랑해,2025-06-07,o.haru
1252,o.haru_2025-05-22,_oarsly,오와ㅏㅏㅏㅏㅏㅏ,2025-06-14,o.haru
1253,o.haru_2025-05-22,h.xeong_7,기여우ㅓ.,2025-06-14,o.haru
1254,o.haru_2025-05-22,eew_nr,마 카 롱 말 먹,2025-06-23,o.haru
1255,o.haru_2025-05-22,s.oyouung,마싯겟다..,2025-07-03,o.haru
1256,o.haru_2025-05-22,l._.my1101,헙.. 혹시 어디서 샀는지 알 수 있을까요?,2025-07-08,o.haru
1257,o.haru_2025-05-22,iseeuy2l,다이어트중인대…너무맛잇게드셔서끝나면바로사먹을거에여…😭😭,2025-07-16,o.haru
1258,o.haru_2025-05-22,n.awo_n,하 마카롱 미쳣다,2025-07-21,o.haru
1259,o.haru_2025-05-22,iloves2atoru,10점 짜리들 머글때만 표정 묘하게 더 들떠잇는ㄴ거 너무 귀영 ㅠㅠ💗,2025-07-22,o.haru
1260,o.haru_2025-05-22,michingasina,마카롱동글이들허나씩먹으면기분이참좋겠다,2025-07-30,o.haru
1261,o.haru_2025-05-19,8ozizo,헐ㅁㅊ 배떡너무오랜만이시다 로제진짜맛잇어보여요... 메뉴선정 하나도빠짐없이 120점이에요 와너무막잇겟다 하루언니선택에 실수는없다...,2025-05-20,o.haru
1262,o.haru_2025-05-19,8sakinyong,"이번 쥬말 무조건 로제떡뽁이를 먹어야만해…저 감튀도 진짜 맛잇어보이네요.,침줄줄흘림🤤 너모행복해보여요💕🪽",2025-05-20,o.haru
1263,o.haru_2025-05-19,im._.notyourfriend,웅니 넘 커염슨❤️❤️❤️❤️,2025-05-27,o.haru
1264,o.haru_2025-05-19,gypsophliasb,온니는먹을때가장행복해보여요..저까지 침나와요우히히💕💕 항상다양하게먹어주샤서감사함니다,2025-05-20,o.haru
1265,o.haru_2025-05-19,bx1mi,화채 먹어주세여!!!!!!😘😘❤️,2025-05-21,o.haru
1266,o.haru_2025-05-19,choiijee_,웅니 배떡은 마라로제가 진리 ㅜㅜ 😭😭😭😭🖤,2025-07-04,o.haru
1267,o.haru_2025-05-19,ju_yeong.t,왘덕볶이완전꾸덕!!!해보여요ㅠㅠㅠㅜ맛있겠다!!!!❤️,2025-05-20,o.haru
1268,o.haru_2025-05-19,loveonthisearth,길게길게찍어주셔서넘조음..,2025-05-20,o.haru
1269,o.haru_2025-05-19,noti0n.0,소스 추가한거 완전 신의 한수네영,2025-05-19,o.haru
1270,o.haru_2025-05-19,_ja.in,투썸케이크 말먹해주세요오 진짜 잘먹으시네여,2025-05-20,o.haru
1271,o.haru_2025-05-19,mukdaisukifuku_04,와ㅜㅜㅠ넘맛있어보여요 언니영상보면서 힘내고 다이어트 열심히 하겟음다🫶❤️❤️,2025-05-19,o.haru
1272,o.haru_2025-05-19,wndkdojwi,아..ㅈㅂ 떡볶이 너무먓있겤ㅅ다깎까가깍,2025-05-22,o.haru
1273,o.haru_2025-05-19,sum.etc,"꾸덕꾸덕 미쳐따😍❤️ 분모자랑 중당 추가 진짜 대박이에요,, 중당 드실 때 완전 만족감 대박 ㅠㅠㅠ 느끼매콤 조합은 증말,,❤️❤️❤️ 저도 로제마샹에 크림새우 먹고싶은데 주변에 파는데가 없어서 슬퍼요 흑륵 ㅠㅠㅠㅠ 소림마라 생겼으면 좋겠다..ㅎ 하루햄 다음 먹방은 숯불치킨에 우동사리나 분모자사리 들어있는거 먹는거 어때요!! 꾸브라꼬 동근이 기영이 등등 요즘 엄청 맛있오보이더라구요 담에 꼭 먹어쥬세요😚💓💖💞",2025-05-19,o.haru
1274,o.haru_2025-05-19,qt_sohee,전 배떡말고 엽떡먹는디 왜 이렇게 맛있어 보이죠ㅠ,2025-05-24,o.haru
1275,o.haru_2025-05-19,s.uxeo2,느끼한거 땡길때 먹으면 증말 ㅠㅠ,2025-05-21,o.haru
1276,o.haru_2025-05-19,dayeoon0o0,근데 나 이사람 하루에 한번씩은 꼭 보는뜻,2025-05-26,o.haru
1277,o.haru_2025-05-17,8ozizo,와저연어도좋아하고냉모밀도좋아하고고치돈도좋아하는데 한영상에다나오니까 너무좋아서침200번삼켤어요 너무맛잇겟다미친 특히언니는 그냥볼만부풀리는척이아니고 진짜한입가득먹어줘서 너무좋아여 둘이먹다가제가죽으면 언니가남아서많이먹어주세요# 와이거미쳣네 연어에냉모밀에고치돈 이고트음식릴레이 누가시작했나요,2025-05-17,o.haru
1278,o.haru_2025-05-17,pangdaengii,❤️❤️귀여워요,2025-05-17,o.haru
1279,o.haru_2025-05-17,8sakinyong,고치돈나오자마자 소리질름 아진짜맛있겠다.. 김밥이랑연어먹구 냉모밀 국물먹어쥬면…🥹🥹💕💕🪽🪽,2025-05-18,o.haru
1280,o.haru_2025-05-17,rinnn2786,"으앙 넘 귀여워요 언니 ㅠㅠㅠ 오물오물 넘 귀엽다,,,,",2025-05-18,o.haru
1281,o.haru_2025-05-17,sum.etc,"아악 조합 무쳐따,,ㅠㅠㅠ😍❤️ 연어깍두기에 묵은지김밥 진짜 미쳤는데요..? 느끼함을 묵은지김밥이 잡아주고 시원하고 개운하게 냉모밀로 내려준뒤 다시 고치돈으로 채우기 크으으,,👏👏👏 완전 꿀조합 대박,, 오늘 렌즈도 엄청 자연스럽고 잘어울려요 귀엽고 예쁜 하루띠 잘보고가요😚💞💓",2025-05-17,o.haru
1282,o.haru_2025-05-17,7ili.love_8,언니말투너무귀여워요..사랑스러웡..🥹♥︎♡,2025-05-18,o.haru
1283,o.haru_2025-05-17,mooohiiitt,나는 당신의 영상에 푹 빠졌어요❤️🙌,2025-05-17,o.haru
1284,o.haru_2025-05-17,gypsophliasb,온니넘오랜만이죠..😁💕하트눌르며먹방에집중하다가 또 댓글달아봤어요..연어깍두기언제먹어주시나 기달리고 있었는데 마침 딱맞춰서올려주셧네요감사함니다 오늘도넘맛잇게드셔서 연어오천오십개드리고싶어요💕💕,2025-05-17,o.haru
1285,o.haru_2025-05-17,dy._.aun,언니 너무 귀엽게 먹능거 아니에여?ㅠㅠ 연어 200만원어치 사줘버려 그냥,2025-05-17,o.haru
1286,o.haru_2025-05-17,beadvme,언니가 말아주는 연어깍두기만을 기다렷어요,2025-05-18,o.haru
1287,o.haru_2025-05-17,pepaggpi,와그정도루맛잇어요?!릴스에이거밖에안떠용..,2025-05-18,o.haru
1288,o.haru_2025-05-17,cute._jiyong,르세라핌 은채님 닮으셨어요..❤️,2025-05-19,o.haru
1289,o.haru_2025-05-17,harukeem__,조합 쵝오네오..,2025-05-18,o.haru
1290,o.haru_2025-05-17,d.museum_,귀여유ㅓ,2025-05-17,o.haru
1291,o.haru_2025-05-17,peach_melone,귀여워!!‘ㅜㅜㅜ,2025-05-18,o.haru
1292,o.haru_2025-05-17,cielo._32,고치곤 오디꺼에요??,2025-05-18,o.haru
1293,o.haru_2025-05-17,ddupybara,미치겟어요 지금,2025-05-19,o.haru
1294,o.haru_2025-05-17,mxkchxxng,ㅈㄴ 맛있겟다,2025-05-20,o.haru
1295,o.haru_2025-05-17,yesyesiam___,사케동..,2025-05-18,o.haru
1296,o.haru_2025-05-17,1.3six,어금니에 마이크있는거같다,2025-05-18,o.haru
1297,o.haru_2025-05-17,devrani995,10주좋아요 2개답글 달기,2025-05-17,o.haru
1298,o.haru_2025-05-17,zhddl_z,혹시 렌즈 어디거예요??,2025-06-10,o.haru
1299,o.haru_2025-05-17,_219605,진짜 맛잘알 어쩔거야..,2025-06-15,o.haru
1300,o.haru_2025-05-17,sad21segi_eumjistone,맛있겠다 그리고 개뜬금없지만 핌타낫 존잘,2025-07-21,o.haru
1301,o.haru_2025-05-17,shriu_10,언니! 냉모밀이랑 김밥이랑 돈까스 어디서 샀는지 알려조요ㅠㅠ 언니처럼 먹고싶어용,2025-07-24,o.haru
1302,o.haru_2025-05-14,8sakinyong,언니목소리도너무커여웠!!! ㅈㅉ맛있어보임이 ㅠㅠ 저 돼징이포크가 진짜 탐나네요🤤..,2025-05-14,o.haru
1303,o.haru_2025-05-14,sagishishugosho,언니가 더 귀여워여...,2025-05-15,o.haru
1304,o.haru_2025-05-14,8ozizo,차돌박이 저번에 다꺼내드신줄알악는데 아직아니엇군요... 포크사이즈가 드디어 언니한테맞는거같아요 세숫대야만한그릇 저도갖고싶내여 너무맛잇어보이고... 저진심살면서본사람중에 제가제일맵찔인데 저도언젠가먹을수잇겟죠,2025-05-14,o.haru
1305,o.haru_2025-05-14,j.h__121201,와 진짜 보면서 군침 줄줄..ㅋㅋ 진짜 토핑까지 얹으니 라면뷔페 온 느낌 .. 하루 언니는 증말 나날이 빌전하자낭❤️❤️,2025-05-14,o.haru
1306,o.haru_2025-05-14,_hxkeun,악 너무 귀여워요ㅠ,2025-05-14,o.haru
1307,o.haru_2025-05-14,o.zz_w,언닠ㅋㅋㅋ저거 후레이크 조리전 넣는거 같은딩?ㅋㅎㅋㅎㅋㅎ 바삭하잔앜ㅋㅋㅋ,2025-06-02,o.haru
1308,o.haru_2025-05-14,txt.moa_yeonjun.taehyun,언니 한국인이에요?,2025-05-14,o.haru
1309,o.haru_2025-05-14,sum.etc,"돼지🐷포크 존귀ㅠ 저렇게 큰 대왕컵라면 처음봐요 와,, 가족이랑 먹어야겠다 ㅎㅎ 끝없이 나오는 토핑들 눈이 너무 행벅해요🥹 매콤달콤하다니 완전 취저당함,, 체다치즈 4장은 올려서 먹어줘야겠어요 ㅎㅎ 하루햄 오늘도 눈동자 너무 예쁨 ㅠㅠ 진짜 렌즈🙅🏻‍♀️!! 안광 대박임 ㅠㅠ 👀✨ 초롱초롱 동공도 크신편이라 더 옙허요 잘보고가요😚💓",2025-05-15,o.haru
1310,o.haru_2025-05-14,devrani995,11주좋아요 2개답글 달기,2025-05-14,o.haru
1311,o.haru_2025-05-14,dongbori1,파랑 마늘인데.. 왜 노랑색이에요?ㅠㅠ,2025-05-14,o.haru
1312,o.haru_2025-05-14,neurosim_,너도 나처럼 식기 들고 먹는 척할 때가 있구나 ><,2025-05-14,o.haru
1313,o.haru_2025-05-14,tamdayproject,넘 기요우심..❤️,2025-05-15,o.haru
1314,o.haru_2025-05-14,mni2zx0,렌즈 궁금해요🥹,2025-05-19,o.haru
1315,o.haru_2025-05-14,yannegaete,"젠장, 짓밟는 것보다 더 나쁘😍😮",2025-06-13,o.haru
1316,o.haru_2025-05-14,banaaldarawsheh,6주답글 달기,2025-06-17,o.haru
1317,o.haru_2025-05-14,kittiwinnie,6주답글 달기,2025-06-19,o.haru
1318,o.haru_2025-05-14,yuqlissm,2주답글 달기,2025-07-16,o.haru
1319,o.haru_2025-05-14,mariaclararjf,매우 만족스러웠습니다,2025-07-25,o.haru
1320,o.haru_2025-05-13,munxj_12,아이스크림을 어떻게 저렇게 쫀딱하게 먹지 …. ???,2025-05-13,o.haru
1321,o.haru_2025-05-13,8ozizo,어머언니 아이스크림을 손으로... 손안시리셧나요 저도아이스크림참좋아하는데 너무맛잇어보이네요... 마싯는거마니먹으세요,2025-05-13,o.haru
1322,o.haru_2025-05-13,cocoballl_,저두 오늘 배라 아이스크림 케이키 먹었어여!!!!!!❤️,2025-05-13,o.haru
1323,o.haru_2025-05-13,j.h__121201,헐!! 이번영상 완내스!!😍😍 배라 아수크림 케잌 사랑함ㅠㅠ 담엔 루피도 보구싶어용!,2025-05-13,o.haru
1324,o.haru_2025-05-13,8sakinyong,아이스크림 케키 못먹은지 ..ㅜㅜㅠㅠㅜ 요번에 먹어야겟어요❤️❤️❤️ 오늘도 커엽슨🪽💕💕🤤,2025-05-13,o.haru
1325,o.haru_2025-05-13,_pingpoo,언냐 오늘 영상두 잘봤어용🫶 마카롱두 나중에 될 수 있음 올려주세요!!!💖,2025-05-13,o.haru
1326,o.haru_2025-05-13,_nn1n9,포크너무기여워요,2025-05-13,o.haru
1327,o.haru_2025-05-13,nninzueo,웅니 포크말고 손으로 먹어주셔서 더 조와요..💕💕,2025-05-13,o.haru
1328,o.haru_2025-05-13,_exvwy,맛깔나게 잘드신다..,2025-05-13,o.haru
1329,o.haru_2025-05-13,rimi_ui_bimil,언니 아이스크림 먹방 너무 조아요…진짜…마니마니 마니마니머니 올랴쥬새요🤤🤤🥹🥹🧡🧡🧡,2025-06-09,o.haru
1330,o.haru_2025-05-13,sum.etc,"헐 뭐지 하루햄 왜이리 아가아가하고 더 러블리하지..? 이번에는 렌즈 안 낀거 맞죠? 생눈이 짱짱 예뻐요 진짜로🫢💖 하루햄은 퍼스널컬러 내추럴인가봐 찰떡 그잡채,,💞 배라 먹는거 너무 귀여워요퓨ㅠㅠㅠㅠ 저랑 입맛도 같으셔서 더 좋아져버려..🥹💓 제 픽은 민초 엄외 초콜릿무스 쿠앤크 요거트 그린티 레샤! 어쩌다보니 초코덕후라 초코가 많네요 ㅋㅋㅋ 이 정도에서 거의 시키는 거 같아요 ㅎㅎㅎ 저는 쿠앤크를 가장 좋아해요😚",2025-05-13,o.haru
1331,o.haru_2025-05-13,eowmoew.meow,맛깄게다 휴,2025-05-13,o.haru
1332,o.haru_2025-05-13,neurosim_,저는 민초 절대 안 먹는 반민초파예요!👅👅,2025-05-13,o.haru
1333,o.haru_2025-05-13,teb._01,왜 사이드에서 먹는거? 중앙에서먹으면안됨?,2025-05-13,o.haru
1334,o.haru_2025-05-13,noti0n.0,아이스크림두 차가울텐데 잘 드시네여👏👏,2025-05-13,o.haru
1335,o.haru_2025-05-13,ga.x0z_,아이스크림 손으로 먹는사림 첨 봤다,2025-07-18,o.haru
1336,o.haru_2025-05-13,jana.moataz.2010,(◍•ᴗ•◍) ❤ 당신의 영상을 정말 좋아해요,2025-05-13,o.haru
1337,o.haru_2025-05-13,ca66age_,언니 혹시 요아정 초코쉘 무슨제품 쓰세여ㅕㅕ,2025-05-13,o.haru
1338,o.haru_2025-05-13,ggukbble,11주좋아요 304개답글 달기,2025-05-13,o.haru
1339,o.haru_2025-05-13,devrani995,11주좋아요 5개답글 달기,2025-05-14,o.haru
1340,o.haru_2025-05-13,tubuktubuktubukmydailylife,배라는 민초가 압살 ㅋ,2025-05-13,o.haru
1341,o.haru_2025-05-13,bunnykittypurrsxo,디저트를 삼키지 않습니다,2025-05-13,o.haru
1342,o.haru_2025-05-13,rose_mr_7,정말 맛있어 보이네요. 어떤 맛의 케이크를 가장 좋아하시나요?,2025-05-14,o.haru
1343,o.haru_2025-05-13,su._.an4,아니 진짜 레샤 맛있는데 왜이리 인기가 없을까요,2025-05-15,o.haru
1344,o.haru_2025-05-13,s_.xn1l,언니 너무 예뻐요ㅜㅜ 틴트 정보 좀 알려주세용🤩,2025-05-15,o.haru
1345,o.haru_2025-05-13,k.ax_12,아이스크림을 안차갑게 먹는 사람,2025-05-17,o.haru
1346,o.haru_2025-05-13,_ja.in,투썸케이크 말먹해주세옹,2025-05-18,o.haru
1347,o.haru_2025-05-13,flxshhy,나도 너처럼 아이스크림을 한입 베어물 수 있었으면 좋겠다 😢,2025-05-18,o.haru
1348,o.haru_2025-05-13,1n.uo_724,투썸말먹해주세요오 영상 잘보고 있어요,2025-05-19,o.haru
1349,o.haru_2025-05-13,so.x3h_,이거 보고 아이스크림 먹고 싶어졌어요,2025-05-21,o.haru
1350,o.haru_2025-05-13,yj._.219,랜보샤 그 식감 엄청 좋아해서 최애맛이에오.... 과일 맛도 좋아해서 걍 내 입에는 프리패스..❤️,2025-05-22,o.haru
1351,o.haru_2025-05-13,jeonsomin89,진짜 이분먹방 넘후 좋음ㄷㄷ🧡🧡넘후 귀엽게 먹그심,2025-05-23,o.haru
1352,o.haru_2025-05-13,staydaeun,와 군침돌게하시네요...엄마한테 베라사오라고 해야겠어요 ㄷㄷ...,2025-05-29,o.haru
1353,o.haru_2025-05-13,si_x.on14,틱톡 댓글이랑 전혀 다르네,2025-06-07,o.haru
1354,o.haru_2025-05-13,sea.0207_,으른의 플랙스 넘부럽드아.. 마카롱 쟁여놓고 먹고싶은데 용돈이 부족..😢,2025-06-10,o.haru
1355,o.haru_2025-05-13,z.e0n1,이분은 손으로 먹어도 깔끔하게 드시는거 넘 좋다,2025-06-11,o.haru
1356,o.haru_2025-05-13,serialexperimentslainsama,spc 불매는 나만 하는듯….,2025-06-13,o.haru
1357,o.haru_2025-05-13,baskinrobbins.jeungsan,케이크 최고!!😍😍,2025-06-21,o.haru
1358,o.haru_2025-05-13,yeonui2,드시는거 보니 베라 먹고 싶넹.. 🤤,2025-06-21,o.haru
1359,o.haru_2025-05-13,piykzx__,이거 어디서 사요?,2025-06-26,o.haru
1360,o.haru_2025-05-13,enyu_0221,맛있겠다아,2025-07-03,o.haru
1361,o.haru_2025-05-13,zevcn_,이분 르세라핌 은채닮은건 나만 생각함?,2025-07-06,o.haru
1362,o.haru_2025-07-08,8ozizo,와맛잇겟다... 소금빵겉바속촉일때가 진짜맛잇는데... 전부다파삭파삭너무맛잇어모여요... 아....맛잇다벌써....... 쪽파크림같은메뉴는 빵이살짝질겨지는게 국룰임가봐요 너무뭔말인지이해가요... 근데프레첼은 왜붙어잇는거죠이름에?? 겉면이프레첼같아서그런건가??,2025-05-09,o.haru
1363,o.haru_2025-07-08,_pingpoo,우아 우유크림 가득찬거 넘 좋다…🤍,2025-05-08,o.haru
1364,o.haru_2025-07-08,cm_xi.0n,이분은 항상 느끼는건데 진짜 복스럽고 귀엽게 잘먹으셔서 저절로 웃음이 지어짐 ㅠㅠ 이분 영상 보고 나면 나도 모르기 웃고있음 ㅠㅠㅋㄱㅋㄱㅋㄱ❤️,2025-05-10,o.haru
1365,o.haru_2025-07-08,yllsii,"진짜 볼때마다 행복해지고 너므 기여우시ㅕ요,,,",2025-05-08,o.haru
1366,o.haru_2025-07-08,hangiriboy_s2,어디껀지 알려주실 수 있나요? ㅠㅠㅠㅠ😢,2025-05-08,o.haru
1367,o.haru_2025-07-08,8sakinyong,와 저 소금빵 진짜좋아하는데에😭🤤🤤 어떤 맛이 젤 맛있나요? 진짜 한입만 뺏어먹구싶은 비쥬얼🪽💕💕😇 하루언냐 오늘두 마딧는 음식을 가져와주셔서 너무 감사해욧///👉👈,2025-05-08,o.haru
1368,o.haru_2025-07-08,chu.berup_jmt,진심 너무 커여우세요ㅠ🥹🫶🏻,2025-05-08,o.haru
1369,o.haru_2025-07-08,yeo_n3u,하..맛잇겟다……,2025-05-19,o.haru
1370,o.haru_2025-07-08,h.yxah,개맛있겠다,2025-07-03,o.haru
1371,o.haru_2025-07-08,pepaggpi,왛에그마요진짜맛잇어보여요..오늘두맛잇게잘보고가요😻,2025-05-08,o.haru
1372,o.haru_2025-07-08,1xovey0u,헐이거어디껀가여넘맛잇어보여요ㅠㅠㅜ 빠작빠작소금빵의정석……아니근데저처음에시작할때영어로쏘.끔.빵.이라고하고시작하는줄알고진잠….귀엽다고생각중이엇는데아니엇잖아요^^*^ 그나저나팥소보로가너므생소한데맛잇어보여요애초에팥소보로+소금빵이동시에존재할수잇엇는지……대충격,2025-05-08,o.haru
1373,o.haru_2025-07-08,0615_seoin,와 저걸 어케 다 먹음,2025-05-24,o.haru
1374,o.haru_2025-07-08,sum.etc,"우유크림 팥소보로 화이트롤 앙버터 미쳐따,,🙌🙌 크림 떨어질랑말랑할 때 눈 커지는거 넘 귀요워요😍 하나같이 다 식감 대박 ㅠㅠㅠ 겉바속촉 대리만족 최고ㅠㅠㅠ 저도 하루님처럼 종류별로 다 많이 먹어보고 싶어요 많이 먹을 수 있는 식성과 배가 너무 부럽🥹👍오늘은 통통튀는 점수가 생략됐네요 ㅎㅎ 거의 다 10점 만점인가봐요😆 잘보고가유〰️💖💓💞",2025-05-09,o.haru
1375,o.haru_2025-07-08,wlqch1rh,빵먹을때 입모양 0_0 이렇게 되는거 너무 귀여우세여ㅠ,2025-05-08,o.haru
1376,o.haru_2025-07-08,hikakidzoe,진짜 잘드신다 소리 좋아요,2025-06-12,o.haru
1377,o.haru_2025-07-08,hykkoung,와 한 번에 다 드시는거예요? 😮,2025-06-24,o.haru
1378,o.haru_2025-07-08,s0_mething._fishy,와 진짜 레전드,2025-05-21,o.haru
1379,o.haru_2025-07-08,mukbang_bolguya,와아🤤🤤🤤이거보고 소금빵 사러 달려가는중이요..!🥐항상 즐거운 영상 감사합니다,2025-06-24,o.haru
1380,o.haru_2025-07-08,page.jihee,소금빵이 세상에서 젤 맛잇음,2025-07-28,o.haru
1381,o.haru_2025-07-08,chanmismis,처음에 은채 닯았어요!,2025-07-17,o.haru
1382,o.haru_2025-07-08,yuuzixxnnnee,와… 진짜못참겠더,2025-06-06,o.haru
1383,o.haru_2025-07-08,nahyeonu758,아니진쫘 소리 미춋똬리...❤️,2025-05-20,o.haru
1384,o.haru_2025-07-08,m1hse0_,빵이 빵을 먹는다........,2025-05-11,o.haru
1385,o.haru_2025-07-08,salvgoo,나만 첨에 르세라핌 홍은채인줄,2025-05-17,o.haru
1386,o.haru_2025-07-08,ly_s0719,너무 맛있겠다😍,2025-06-07,o.haru
1387,o.haru_2025-07-08,deanfluenza0,와허휴ㅠㅠㅜㅜㅜㅜㅠㅠㅠㅠㅠㅠ내소원을,2025-07-24,o.haru
1388,o.haru_2025-07-08,arosuyr,소금빵에티코넣어서먹오쥬세요,2025-07-24,o.haru
1389,o.haru_2025-07-08,zoa.0701.0701,아니 걍 존나 귀엽게 생김 빵이든 사람이든,2025-05-28,o.haru
1390,o.haru_2025-07-08,mssongx,아 한입만요 진짜 항입만 먹을게요,2025-06-03,o.haru
1391,o.haru_2025-07-08,going_yerin_,헐부럽다,2025-05-10,o.haru
1392,o.haru_2025-07-08,hanui_lee_10,저는 사쿠빵이요,2025-07-27,o.haru
1393,o.haru_2025-07-08,devrani995,11주좋아요 3개답글 달기,2025-05-14,o.haru
1394,o.haru_2025-07-08,gyugyugood,살찌겄다,2025-06-01,o.haru
1395,o.haru_2025-07-08,wanu_secret,포 ㅍㅌ,2025-06-24,o.haru
1396,o.haru_2025-07-08,h1ovn_,부럽다,2025-05-21,o.haru
1397,o.haru_2025-07-08,magoo.magu,와 여덟개 세로로 쌓아서 꽉눌러서 한입에 베어먹고싶다,2025-05-19,o.haru
1398,o.haru_2025-07-08,j.h__121201,와 제 최애빵 소금빵❤️❤️❤️종류별로 먹방해주다니 하루님 정말ㅠㅠ 제 사랑 받아가세욧❤️❤️,2025-05-09,o.haru
1399,o.haru_2025-07-08,pink_ddongri,온니ㅈㅂㅈㅇ 진짜 너무 맛있어 보여요!!,2025-05-08,o.haru
1400,o.haru_2025-07-08,seoeosoeooeeo_,겁나 마싯겟다..,2025-05-10,o.haru
1401,o.haru_2025-07-08,iuo6s,귀여워...,2025-05-09,o.haru
1402,o.haru_2025-07-08,ilvnuot,웅니.. 카레우동 먹어쥬세요❤️🙌,2025-05-08,o.haru
1403,o.haru_2025-07-08,_hailvy,렌즈 정보 알려주실 수 잇나요ㅠㅠ,2025-05-09,o.haru
1404,o.haru_2025-07-08,cz_jpg,이거 보고 잤는데 꿈에 나옴ㅠㅠ 소금빵 먹는꿈,2025-05-09,o.haru
1405,o.haru_2025-07-08,k.e7ae,@hy.xoug_ ㅈㄴ니닮음 말해주고싶엇는데 누군지몰라서ㅜㅜㅜㅜㅋㅋㅋㅋㅋㅋㅋ 개교워 마싯겟다,2025-05-12,o.haru
1406,o.haru_2025-07-08,hx_158n,먹을 때 자꾸 코에 묻는 거 귀여워 미쵸..🥹💓,2025-05-09,o.haru
1407,o.haru_2025-07-08,cocoballl_,소리가 미쳤다리우스요!!!!!!!!!!!!,2025-05-09,o.haru
1408,o.haru_2025-07-08,harukeem__,허거덩 정보쥬세여😮,2025-05-08,o.haru
1409,o.haru_2025-07-08,sskdxd,와 어디껀가요. 도랐다.,2025-05-08,o.haru
1410,o.haru_2025-07-08,doexh,"아따마,,소리작살난다",2025-05-08,o.haru
1411,o.haru_2025-07-08,gntozl,쫀득소리너무좋당,2025-05-08,o.haru
1412,o.haru_2025-07-08,noti0n.0,겉바속촉 지대로네여 🔥🔥🔥,2025-05-08,o.haru
1413,o.haru_2025-07-08,cocoballl_,와아…진챠 맛있게써요…🥹🥹💗,2025-05-09,o.haru
1414,o.haru_2025-07-08,_haien.x,앙버터 진심 맛도리인데..🥹 진짜 맛있겠ㅁ다ㅠㅠㅠㅠ,2025-05-09,o.haru
1415,o.haru_2025-07-08,hyo.won0225,맛있겠돠........먹구시퍼😢,2025-05-09,o.haru
1416,o.haru_2025-07-08,mx.seo0_,와 진짜 소리 미쳣다👏,2025-05-09,o.haru
1417,o.haru_2025-07-08,eunchae.5ve,헐럴럴 소금빵이다!!😍,2025-05-09,o.haru
1418,o.haru_2025-07-08,z1.omx_,아까 저녁먹었는데ㅜㅜ 너무 맛있어보여서 인상쓰고봄,2025-05-09,o.haru
1419,o.haru_2025-07-08,yonne543,불닭 안드셨나요??ㅋㅎ,2025-05-09,o.haru
1420,o.haru_2025-07-08,ddo357159,소리 쾌감 미쳤다,2025-05-09,o.haru
1421,o.haru_2025-07-08,4_tae23,@nnixv_2 심미소 다ㅜㅜㅜㅜ,2025-05-10,o.haru
1422,o.haru_2025-07-08,5e._zzzz,어디지역에 파나요우ㅜㅜ,2025-05-10,o.haru
1423,o.haru_2025-07-08,wndkdojwi,에그마요ㅈㅉ 너무맛잌ㄱ걋다,2025-05-10,o.haru
1424,o.haru_2025-07-08,cherryishernamee,미쳣다,2025-05-10,o.haru
1425,o.haru_2025-07-08,4ikoo_07,11주답글 달기,2025-05-10,o.haru
1426,o.haru_2025-07-08,yewon0364,르세라핌 은채님인줄알았어여...,2025-05-11,o.haru
1427,o.haru_2025-07-08,8x_syn,"넘마싯께 드신댜,,,,,,😋🤤",2025-05-12,o.haru
1428,o.haru_2025-07-08,yummy130701,나만 밀크 크림 랬는데 우유크림이라고 들었냐,2025-05-12,o.haru
1429,o.haru_2025-07-08,zhofkathddowk,영상이 안 끝나,2025-05-13,o.haru
1430,o.haru_2025-07-08,ttanghyuni,맛있겠다..,2025-05-13,o.haru
1431,o.haru_2025-07-08,sdvmhrdcbbf,혹시 한번에 다 드신거에요??? 화장이랑 머리는 같아보이는데 여러개 한번에 드신거면 너무 배부르지 않으셨나요?ㅜㅜ,2025-05-14,o.haru
1432,o.haru_2025-07-08,coeyein570,르세라핌 홍은채 닮음요,2025-05-15,o.haru
1433,o.haru_2025-07-08,yry04_07,완죤 맛있게 드세네요😍,2025-05-15,o.haru
1434,o.haru_2025-07-08,liberatempus,소금빵 한개가 6입컷.. 소리 개좋아,2025-05-17,o.haru
1435,o.haru_2025-07-08,imdrowsy._.beer,이렇게살거싶다,2025-05-27,o.haru
1436,o.haru_2025-07-08,mwelg_y,이거 어디 팝니까ㅠㅠ,2025-05-27,o.haru
1437,o.haru_2025-07-08,rk_ha13,안 느끼하세요??,2025-06-01,o.haru
1438,o.haru_2025-07-08,doswdidodideoelshztgss,어디 소금빵이에요?? 너무 맛있겠어여,2025-06-09,o.haru
1439,o.haru_2025-07-08,j.x0nn,언니 진짜 이뽀요〰️,2025-06-16,o.haru
1440,o.haru_2025-07-08,gimyeonu4937,나만 소금빵에 있는 소금 부족함? 사이드쪽이,2025-06-22,o.haru
1441,o.haru_2025-07-08,woo_uu,근데 소금빵이랑 크루와쌍은 뭐가 다른건가요?,2025-06-23,o.haru
1442,o.haru_2025-07-08,__9arye0n9_,렌즈 정보좀...,2025-07-08,o.haru
1443,o.haru_2025-07-08,imleeseeun,르세라핌 홍은채 닮았어요,2025-07-09,o.haru
1444,o.haru_2025-05-07,015.94184,너무너무너무맛잇겟다ㅠㅜㅜㅜㅠㅜㅜㅜ,2025-05-07,o.haru
1445,o.haru_2025-05-07,wndkdojwi,하류님 크림김치봄ㄲ음밥드셔주세요..너무귀여워요 오늘도 짱,2025-05-07,o.haru
1446,o.haru_2025-05-07,_pingpoo,와고구마떡💜💜💜💜,2025-05-07,o.haru
1447,o.haru_2025-05-07,8sakinyong,우아 마라탕…안먹은지 벌써 ..하루언냐 덕분에 올만에 너모땡기네요 😭❤️ 항상 맛있는거 많이드세욥🪽,2025-05-07,o.haru
1448,o.haru_2025-05-07,huhonyuu,맛있게 먹으시는 모습을 보니 갑자기 저도 마라탕이 먹고싶어지네요..ㅠㅠ 정말 맛있게 드시는거 같아요. 앞으로도 맛있는 먹방 많이 해주세용,2025-05-09,o.haru
1449,o.haru_2025-05-07,290eternitylove,진짜역대급사건이다👏,2025-05-07,o.haru
1450,o.haru_2025-05-07,cocoballl_,저도 탕화쿵푸 젤 조아해여🥰😍 마라탕 먹방 자주 해쥬세여💗💗💗💗💗,2025-05-07,o.haru
1451,o.haru_2025-05-07,funcoolsexyletsgo,사랑해요 오하루,2025-05-07,o.haru
1452,o.haru_2025-05-07,1.o00kg,이거몇단곈가요ㅠㅠㅠㅠㅠ,2025-05-07,o.haru
1453,o.haru_2025-05-07,__shzji,마싯겟다……,2025-05-10,o.haru
1454,o.haru_2025-05-07,anarin607,제가 본 먹방하시는 분들 중에서 하류님이 완전 베스트1위..💗,2025-05-08,o.haru
1455,o.haru_2025-05-07,thaeuuny,언니ㅠ 국물 닭발 먹어주세여ㅠㅠ😻😻😻,2025-05-08,o.haru
1456,o.haru_2025-05-07,noti0n.0,헉 고구마떡 마싯겟다.......,2025-05-07,o.haru
1457,o.haru_2025-05-07,y.un.2a,약간 르세라핌 홍은채 닮음,2025-05-08,o.haru
1458,o.haru_2025-05-07,parkddoyeon,잘 드시네요,2025-06-15,o.haru
1459,o.haru_2025-05-07,_onisixksjs,ㅠㅠㅠ와군침싹싹냠냠ㅠㅠ,2025-05-08,o.haru
1460,o.haru_2025-05-07,y.un.2a,오 좋아요 100개 가즈아!!,2025-05-10,o.haru
1461,o.haru_2025-05-07,parkddoyeon,너무 맛있겠어요,2025-06-15,o.haru
1462,o.haru_2025-05-07,ju._.aa1,치즈떡 ㅠㅠ,2025-05-07,o.haru
1463,o.haru_2025-05-07,swpdfelr,한 입만 주새요ㅠ,2025-05-09,o.haru
1464,o.haru_2025-05-07,from_yj,차은우닮았어여,2025-05-07,o.haru
1465,o.haru_2025-05-07,y.un.2a,닭발 먹어주세요ㅠㅠㅠ,2025-05-21,o.haru
1466,o.haru_2025-05-07,double__.take,@015.94184 어쩌다 찾았다,2025-05-21,o.haru
1467,o.haru_2025-05-07,idyllic__5240__,손나은씨 약간 닮은거 같아용,2025-06-29,o.haru
1468,o.haru_2025-05-07,devrani995,12주답글 달기,2025-05-07,o.haru
1469,o.haru_2025-05-07,hari.n1007,진짜 베몬 아사닮음,2025-07-19,o.haru
1470,o.haru_2025-05-07,dogaejae,ㅁㅊ개땡겨,2025-05-08,o.haru
1471,o.haru_2025-05-07,s0_oe13,영상이 안 끝나요ㅜㅠ!!,2025-07-02,o.haru
1472,o.haru_2025-05-07,dongbori1,치즈떡 왕커,2025-05-07,o.haru
1473,o.haru_2025-05-07,isoeun28,언니 언니가잘믁으먀ㅏㄴ 내가 속상하잖어🥵🥵👊👊😢,2025-06-30,o.haru
1474,o.haru_2025-05-07,nibey_oooo,진짜 미친건가 ㄷㄷㄷㄷㄷㄷㄷㄷ하,2025-05-08,o.haru
1475,o.haru_2025-05-07,wxiuzzh,너무맛잇어보여서자살하고싶어요,2025-05-07,o.haru
1476,o.haru_2025-05-07,ch13won,르세라핌 은채 닮았어요!,2025-05-07,o.haru
1477,o.haru_2025-05-07,hyemin131120,으악 옷색깔...😮,2025-05-07,o.haru
1478,o.haru_2025-05-07,idoyun1328,으와 진짜 맛있겟다 ㅠㅠ,2025-05-08,o.haru
1479,o.haru_2025-05-07,zxng_icha0152,"와우 😱, Oia Sis는 당신을 침을 흘리고 배가 고파서 CONCA를 시도하고 싶습니다.",2025-05-08,o.haru
1480,o.haru_2025-05-07,6.0.6.1.0,내 최애마라탕먹방,2025-05-08,o.haru
1481,o.haru_2025-05-07,pizzaz0aaa,커엽다,2025-05-08,o.haru
1482,o.haru_2025-05-07,seoa9172,마시괬다뮤ㅠㅠ,2025-05-09,o.haru
1483,o.haru_2025-05-07,sn0.hx,맛잇는 거 드실 때마다,2025-05-10,o.haru
1484,o.haru_2025-05-07,coeyein570,마라탕에 흰옷 헉 헉헉 하 허허허 어떻게 허허허허,2025-05-11,o.haru
1485,o.haru_2025-05-07,daaaaaaa.eun,저렇게 해서 얼마 나오셨나요??,2025-05-12,o.haru
1486,o.haru_2025-05-07,_ch.rixm,이틀전에 마라탕 먹었는데 또 먹고싶어..,2025-05-12,o.haru
1487,o.haru_2025-05-07,sick.eya,김냄비 닮으샷어요 헤헤귀여워...,2025-05-12,o.haru
1488,o.haru_2025-05-07,1chixg0,첨에 동그란 당면 뭔가 이마에 반창고 붙이신 것 같아서 귀여워요,2025-05-12,o.haru
1489,o.haru_2025-05-07,jo.uri11,와 뭐야 내가 본 마라탕중에 제일제일 깨끗한 먹방이고 엄청 맛있겠다 🤤🤤,2025-05-12,o.haru
1490,o.haru_2025-05-07,zhofkathddowk,아진짜 귀엽게 드신다ㅋㅋㅋㅋㅋ,2025-05-13,o.haru
1491,o.haru_2025-05-07,tamdayproject,소리 넘 좋아요,2025-05-14,o.haru
1492,o.haru_2025-05-07,luna._.vera,항상 맛있게 잘 드시는 것 같아용 👏👏,2025-05-14,o.haru
1493,o.haru_2025-05-07,an.s1a_h,살짝 르세라핌 은채 닮으셨어요!,2025-05-14,o.haru
1494,o.haru_2025-05-07,wlqrkrhtlvekfkawnl2,미챳네 내 최애 탕화쿵푸를 이시간에ㅜㅠㅜㅜ,2025-05-20,o.haru
1495,o.haru_2025-05-07,beyori1122,헐 오늘 마라탕 먹었는디 이 영상을 보네,2025-05-21,o.haru
1496,o.haru_2025-05-07,dx_.e1n,나도 먹을거임,2025-05-22,o.haru
1497,o.haru_2025-05-07,yr.ou_13,약간 르세라핌 홍은채님이랑 키키에 지유님 합치면 하류님 얼굴이실거 같아요,2025-05-22,o.haru
1498,o.haru_2025-05-07,s1_yeon13,언니 그 국자 구매처를 알수있을까요?,2025-05-23,o.haru
1499,o.haru_2025-05-07,qt_sohee,와 진짜 마싯겠다 야식 땡겨 ㅠㅠㅠ,2025-05-23,o.haru
1500,o.haru_2025-05-07,ijiu_4265,지금 새벽 2시인데 이거 나오면 어케 참아요 ㅠ,2025-05-25,o.haru
1501,o.haru_2025-05-07,brother._tv,제발요 한립만,2025-05-26,o.haru
1502,o.haru_2025-05-07,jeongbanchan,마라탕탕탕 🤍🤍🤍,2025-06-06,o.haru
1503,o.haru_2025-05-07,i.lovyuo,꺅마라탕땡겨요💥🌶️,2025-06-13,o.haru
1504,o.haru_2025-05-07,jeonghojeong959,제 주변에 둥근당면 있었다가 사라졌어요ㅜㅜ,2025-06-15,o.haru
1505,o.haru_2025-05-07,_everyday.7,마라탕 비주얼 ㅁㅊ다..,2025-06-18,o.haru
1506,o.haru_2025-05-07,icaeyul865,예뻐요 운니,2025-06-19,o.haru
1507,o.haru_2025-05-07,xye_.bin,저 국자 완전 굿굿,2025-06-21,o.haru
1508,o.haru_2025-05-07,jua.2010_,홍은채 닮으심,2025-06-22,o.haru
1509,o.haru_2025-05-07,80249_,@wisssssssssse 마라탕을끯여,2025-06-28,o.haru
1510,o.haru_2025-05-07,bbingchillin,헐 저도 저 국자 있는데,2025-06-29,o.haru
1511,o.haru_2025-05-07,m_u_k_n_a,소시 수영닮은거가탕요,2025-07-01,o.haru
1512,o.haru_2025-05-07,hongye_eun0903,몇단계예여?,2025-07-04,o.haru
1513,o.haru_2025-05-07,heidi2014486,왜 이영상이 배고픈 나에게 뜬거지?,2025-07-04,o.haru
1514,o.haru_2025-05-07,_uxnoey,와 새벽2신데 개땡긴다;;😍😢😢😂😂,2025-07-05,o.haru
1515,o.haru_2025-05-07,yx.uz3,키키 리더 닮았어요오,2025-07-05,o.haru
1516,o.haru_2025-05-05,haemi.q,와 ..하루님 몇시간 전 내일 피자스쿨 고구마피자랑 까르보네 피자중 뭐 먹을지 얘기하다 고구마 골랐는데 어떻게 딱 피자스쿨 고구마 피자 먹방을…❤️저는 고구마랑 까르보네 피자랑 투탑이에여…💗까르보네를 아시다니……..😍,2025-05-05,o.haru
1517,o.haru_2025-05-05,oofla_,까르보네 존맛이에여 ~~ 천년만년 건강하게 기요븐 먹방해주셔여,2025-05-05,o.haru
1518,o.haru_2025-05-05,s.ng1025,와 개맛있겠다,2025-05-05,o.haru
1519,o.haru_2025-05-05,_pingpoo,"고구마피자 제 소울푸드인데 드셔주시다니,,🩷🫶",2025-05-05,o.haru
1520,o.haru_2025-05-05,lovem_easiam,이야 소스 뿌리시는 양이 일단 완내스,2025-05-05,o.haru
1521,o.haru_2025-05-05,ryeo_2,잘드시네요🤤,2025-05-11,o.haru
1522,o.haru_2025-05-05,manromit,헐 갈릭소스 뜸뿍 완전 대리만족 짱이에요 💛💛 항상 맘으로만 응원하다 .. 갈릭소스 범벅보고 반해서 홀린듯 댓글 쓰는중 항상 응원해요 😍 건강하게 많이많이 햄보카게 드셔주세용 !!!!,2025-05-05,o.haru
1523,o.haru_2025-05-05,chimimo._,하..넘 맛있겠다 언니가 먹는 모습 보니까 먹고싶어……,2025-05-05,o.haru
1524,o.haru_2025-05-05,rinnn2786,언니 정말 대리만족했어요 감사해용..!! ❤️❤️ 근데 살은 어떻게 관리하세요?! 전 저렇게 먹읆때마다 살이 너무 많이 쩌서 ㅠㅠㅠ,2025-05-05,o.haru
1525,o.haru_2025-05-05,e_un0127,징짜 너무 맛있게 먹어서 ㅠㅠ 피자랑 불닭 조합 못 참자나 ㅠㅠ 당장 사와야겠어요!!!!!!!,2025-05-06,o.haru
1526,o.haru_2025-05-05,8sakinyong,와 저 따땃한 고고마 피자를 한입먹엇을때만큼 행복한게없는데🤤🤤 거기다 쏘쓰 못참는다긔ㅜㅜ 근데 불닭 진짜 잘만드시내요 불닭아티스트 1위!! 피자랑 같이 먹는거진짜 미쳤다(p)💕💕🪽,2025-05-05,o.haru
1527,o.haru_2025-05-05,8ozizo,와~~~;;;미쳣네예 요새하도새로운음식이 많이나와서 완전잊고살았는데 고구마피자완전 추억의메뉴 방금5살까지거슬러올라갔다와서 눈물한방울흘리고봣어요 너무맛잇겟다... 저도조만간 피자스쿨 고구마피자좋아하는친구랑 만나서 먹어야겟어요 온니다음피자는 도미노 필라델피아치즈스테이크랑블랙타이거슈림프 반반먹어주세여!!! 이거진짜개말잇어요 미쳣어요 언니마싯은거마니먹고소화도잘하셔야돼요❤️❤️,2025-05-05,o.haru
1528,o.haru_2025-05-05,1xovey0u,이언니완전쩝쩝박사라니까…..아니피자스쿨근본고구마피자에1차끄덕치즈크러스트추가에2차끄덕오리지널불닭에3차끄덕게다가컵라면으로낉여온것에4차끄덕거기다가심지어전자레인지투명면발조리에5차끄덕………………………….끝끝내저는내일고구마피자를먹을것을다짐햇읍니다,2025-05-06,o.haru
1529,o.haru_2025-05-05,_hyse01,개맛잇겟다요어요ㅛ😍,2025-05-05,o.haru
1530,o.haru_2025-05-05,ohmygirl_ggang,갈릭소스 듬뿍.. 뭘 좀 배운여자❤️,2025-05-05,o.haru
1531,o.haru_2025-05-05,gy0n.x_,"혹시 불닭 레시피 알려주실 수 있나효,,?? 윤기 좌르르 흐르는 불닭 어떻게 만드는 건데..‼️",2025-05-10,o.haru
1532,o.haru_2025-05-05,neurosim_,아뇨…저는 아직 공부 중이에요😭😭,2025-05-05,o.haru
1533,o.haru_2025-05-05,hoppy1811,맛있겠다...,2025-05-12,o.haru
1534,o.haru_2025-05-05,noti0n.0,어떻게 맨날 맛도리 음식만 들고오세여 😍,2025-05-05,o.haru
1535,o.haru_2025-05-05,zeens_17,3주좋아요 19개답글 달기,2025-07-07,o.haru
1536,o.haru_2025-05-05,bziu_1,하 또 새벽에 봐버렸어🔥🔥,2025-05-07,o.haru
1537,o.haru_2025-05-05,ax._.yunb,와아아아 진짜 미춌댜;;,2025-07-29,o.haru
1538,o.haru_2025-05-05,sheld_3333,왘 불닭 때깔이 다 미쳤어요오,2025-05-06,o.haru
1539,o.haru_2025-05-05,devrani995,12주좋아요 3개답글 달기,2025-05-05,o.haru
1540,o.haru_2025-05-05,sum.etc,"아악 고구마피자에 까르보불닭 얹어 먹기 미쳤다⋯‼️‼️ 피자 위에 소스 듬뿍ㅠㅠㅠ 너무 대리만족 쩔어유ㅠㅠㅠ 저도 갈릭소스 없인 피자 안 먹는 살암으로써,, 대만족합니다😋👍👍 하루햄 다음 피자 쿨타임땐 도미노포테이토에 마요네즈 듬뿍 추가해서 스파게티랑 같이 먹어줘요〰️😆💓💓",2025-05-06,o.haru
1541,o.haru_2025-05-05,dxfl2a,미쳐,2025-05-06,o.haru
1542,o.haru_2025-05-05,xute.17,당신의밥상을이탈리아로가져오십시오,2025-05-06,o.haru
1543,o.haru_2025-05-05,doexh,"어찌이리맛잘알,,",2025-05-07,o.haru
1544,o.haru_2025-05-05,kimseoyun0507,개맛있겠다,2025-05-14,o.haru
1545,o.haru_2025-05-05,anhyiseung73,침흐른다,2025-05-18,o.haru
1546,o.haru_2025-05-05,_219605,아 개마싯겟다,2025-06-15,o.haru
1547,o.haru_2025-05-05,sonverynice,한입만,2025-06-15,o.haru
1548,o.haru_2025-05-05,sssibaljotgatdaa,언니 이렇게 맛있는거 먹는데 어케 살이 안찌는거에여 진짜 너무부러워,2025-06-16,o.haru
1549,o.haru_2025-05-05,going_yerin_,와진짜어떻게이렇게많이먹어요????,2025-07-01,o.haru
1550,o.haru_2025-05-05,saidfora,한국인이 아니라 일본에서 오신 것 같아요❤️,2025-07-15,o.haru
1551,o.haru_2025-05-05,uu_ox7,까르보 레시피 알려주세여… 너무 맛있어 보야요 ㅠㅠ,2025-07-16,o.haru
1552,o.haru_2025-05-04,8ozizo,엥?????????이거뭐죠?????????????마시멜로우에아이스크림????????????????이건맛이없을수가없겟죠아무래도 어떻게이런맛잇는녀석들을 찾으시는거에요도대체 언니가별거다먹어줘서너모좋고 앞으로도맛잇는음식발굴가로서의행보가 계속이어지면좋겟어요 그리고언니렌즈정보궁금해요...,2025-05-04,o.haru
1553,o.haru_2025-05-04,8sakinyong,와…무슨 맛이 젤 맛있나요? 저거 유행할 때 한번 꼬옥 먹고싶었는데 못 먹어서 한..이번에 사 먹어봐야겠어여🥰💕 겉에 구워서 따로따로 먹는거 넘 천재같다 하루언냐 짱🪽🥹,2025-05-04,o.haru
1554,o.haru_2025-05-04,house_watermelon___,새벽에보니까더먹고싶어져여!!!!ㅠㅠ❤️❤️,2025-05-04,o.haru
1555,o.haru_2025-05-04,sammyfromkr,다 10/10 주시면 어떻게 고르져🤣❤️,2025-05-04,o.haru
1556,o.haru_2025-05-04,uugaa.slime,하이라이터 뭐쓰세요????? 넘 이뿌고 잘먹어요...💛💛💛,2025-05-04,o.haru
1557,o.haru_2025-05-04,mukdaisukifuku_04,"얶ㅠㅠㅜㅠㅜ이시간에올리시면어뜨케요 진짜잘구우셨어요,,❤️❤️",2025-05-04,o.haru
1558,o.haru_2025-05-04,rizzxlucky,"Normally I don’t watch sweets or desserts mukbang asmr but you! Only you always makes me stop scrolling and watch it 🥹 i like everything in your video sound, facial expression, subtitle, the way you eat and it seem like you eat all the food that makes me love watching you even more 응원합니다 💟😻",2025-05-04,o.haru
1559,o.haru_2025-05-04,piggoong,이거존맛임,2025-05-05,o.haru
1560,o.haru_2025-05-04,sum.etc,아아악 겉면은 구운 마시멜로우 안은 아이스크림이라니 미친 ㅠㅠㅠㅠㅠ 마시멜로우 벗겨낼때 쾌감 미쳤다 ㄷㄷ 너무 맛있어보여요ㅠㅠㅠ 이정도면 저 회사에서 광고줘야한다.. 협찬인줄 누가봐도 먹어보고싶게 울 하루님 넘 잘 먹고 영상도 잘 찍어요ㅠㅠㅠ👍💓💓 하루햄 요즘 디저트 자주 찍으시는거 같은데 몬트쿠키꺼 모찌쿠키도 한 번 드셔줘유 완전 릴스각!! 쫀득쿠키 2세대 버전인데 너무 맛있어보이더라구요 두바이모찌쿠키랑 딸기모찌쿠키ㅠㅠㅠ 하루님이 먹는거 보고싶음 희희 담에 디저트영상 찍을때 참고해줘욥😍💕,2025-05-04,o.haru
1561,o.haru_2025-05-04,_pingpoo,와 마시멜로우 안에 아이스크림 미쵸떠ㅜㅠ,2025-05-04,o.haru
1562,o.haru_2025-05-04,1xovey0u,초코먹기전에입맛다시는거넘구여워요 🤭 메론맛마시멜로먹고싶다…..아니근데저사실마시멜로안조아하거든요근데엉니영상보니까저기나오는거다먹고싶어용….근데이상하리만치멜론이너무먹고싶게저를끌어당겨요어라라,2025-05-04,o.haru
1563,o.haru_2025-05-04,o.haru___,여러뷴 컬리에서 발견해서 먹어봤는데 구워먹으니까 왕짱맛🫢🤍❕❕,2025-05-04,o.haru
1564,o.haru_2025-05-04,monetdbs,오물오물이 넘 기엽다,2025-05-09,o.haru
1565,o.haru_2025-05-04,baeseoln,파삭쫀득..맛없없 조합💖💖,2025-05-04,o.haru
1566,o.haru_2025-05-04,fufhrhrjjfjfjfj,렌즈 머얘요?!,2025-05-09,o.haru
1567,o.haru_2025-05-04,t_.seong16,르새라핌 은채님 닮았다😳,2025-05-04,o.haru
1568,o.haru_2025-05-04,che.r.ry11,마딧개따,2025-05-04,o.haru
1569,o.haru_2025-05-04,hyo.won0225,와,2025-05-09,o.haru
1570,o.haru_2025-05-04,y.xeso2,저렇게 노릇노릇하게 구워서 ? 오는건가용,2025-05-08,o.haru
1571,o.haru_2025-05-04,jessdance15,어디서 샀어?,2025-05-07,o.haru
1572,o.haru_2025-05-04,devrani995,12주좋아요 2개답글 달기,2025-05-05,o.haru
1573,o.haru_2025-05-04,flipit.kickit,와개맛잇겟다,2025-05-04,o.haru
1574,o.haru_2025-05-04,iiaaiaiairy,와 진짜 내 최애영상 ㅠㅠ 언니 디저트 먹방이 진짜 너무 좋아요💖,2025-05-22,o.haru
1575,o.haru_2025-05-02,8ozizo,와너무맛잇겟다 떡볶이에 디저트까지먹고 낮잠자면 꿈에서 바로 예수님만나죠 메론킥너무맛잇어보이는데요!!!!! 과자먹는것만 편집된부분 넘구ㅏ여워여,2025-05-02,o.haru
1576,o.haru_2025-05-02,house_watermelon___,메론킥열라리궁금했는데언니가먹어서더궁금해졌어여!!!!!저도당장사먹을게요><🍈🍈🍈🍈🍈,2025-05-02,o.haru
1577,o.haru_2025-05-02,_pingpoo,엉니🩷🩷🩷🩷,2025-05-02,o.haru
1578,o.haru_2025-05-02,8sakinyong,메론킥 정말 천재적이다 바나나킥 너무 좋아하는데 먹어봐야겟어요 야호야호 입안 한가득 먹는 운니 너무 커엽고행복해진다///,2025-05-02,o.haru
1579,o.haru_2025-05-02,nabiy_anolza,맛있게찌래... 언니 넘 귀엽고 자막은 오늘따라 신난 것 같구...... 마히는 거 먹어서 기분 조은 가나디 가타요 🫳🌀,2025-05-02,o.haru
1580,o.haru_2025-05-02,musx.cat,와 미쳤다 😋🔥🔥,2025-05-27,o.haru
1581,o.haru_2025-05-02,sum.etc,메론킥 소개한다구 옷도 메론색 맞춰입은고봐😚 하루햄 넘 귀여오🐹💚 분명히 메론킥 보러왔는데 갑분떡볶이에 쏟아지는 비엔나 보고 기절 ㅇ<-<... 후식 진짜 조합 쯘다ㅠㅠㅠ 초코소스 대박!! 중간에 메론킥 입에서 떨궈지는거 귀엽고 웃겨요 ㅋㅋㅋㅎㅋㅎ🫶🫶,2025-05-03,o.haru
1582,o.haru_2025-05-02,mukdaisukifuku_04,와!!!!언니역시먹천재...넘맛잇어보여요흐어ㅜㅜ,2025-05-02,o.haru
1583,o.haru_2025-05-02,cocoballl_,혹시이 초코쉘 소스 맛있나여???!! 제품 추천해주세요오 🥺🥺🙌,2025-05-06,o.haru
1584,o.haru_2025-05-02,lupi_is_cute,"어머낫!! 저는 하루님의 먹방에 한글자막 있는게 참 좋은거 같아요🙌🙌 뭔가 마음이 몽글몽글(?) 해지고 자막자체도 하루님의 영상과 넘 잘어울려요!! (그나저나 메론킥 넘나 맛있겠네요,, 제가 사실 바나나킥은 별로 안좋아해서 메론킥도 맘에 안들까봐 걱정인데 함 먹어봐야겠어요🙊)",2025-05-08,o.haru
1585,o.haru_2025-05-02,kimseoyun0507,”맛있겠지“목소리 넘 귀여워요 ㅠ,2025-05-14,o.haru
1586,o.haru_2025-05-02,fujhxo,귀여웡 옷도 메론색이야,2025-05-02,o.haru
1587,o.haru_2025-05-02,1xovey0u,아니오늘영상ㅈㅉ대박인듯 며칠동안돌려볼영상탄생일단엽떡에소세지왕창분모자도!!!!!그냥제가완전미치는조합인데다가 메론킥…..?…거기다가아스크림….?….?진짜소리대박제가먹는거가타요저진짜메론킥사머글거임ㅜㅜㅠㅠㅜ언니먹방만보면그음식이꼬옥먹고싶게되…….,2025-05-02,o.haru
1588,o.haru_2025-05-02,gh_bn_gh,이언니진짜뭘좀아는언니다,2025-05-03,o.haru
1589,o.haru_2025-05-02,haim.leeee,뒤에 보면 엽떡먹으실 때 후식이 스포(?) 되있네요,2025-05-12,o.haru
1590,o.haru_2025-05-02,deanfluenza0,어쩜이렇게먹잘알이실까,2025-07-24,o.haru
1591,o.haru_2025-05-02,hihihibvdssb,위장ㅈㄴ 부럽네,2025-05-02,o.haru
1592,o.haru_2025-05-02,suxbin2_,아니 이렇게 먹는데 살이 안찌면 이건 진짜 세상 불공평한거야,2025-05-25,o.haru
1593,o.haru_2025-05-02,ij._.xa12,나는 바보입니다,2025-05-09,o.haru
1594,o.haru_2025-05-02,devrani995,12주좋아요 1개답글 달기,2025-05-05,o.haru
1595,o.haru_2025-05-02,dayeoon0o0,맜있겠다...,2025-06-28,o.haru
1596,o.haru_2025-05-02,ga0xn_,저게 일어난 얼굴이에요..? 왜 안부어…,2025-06-10,o.haru
1597,o.haru_2025-05-01,8ozizo,와 넘미맛있겠다...... 칼빔면이라는거 있느줗도몰랏는데 면발이완던 탱글하고맛잇어보여요 대박 육회비빔밥레 차돌박이까지다먹으면 하늘로승천함,2025-05-01,o.haru
1598,o.haru_2025-05-01,cocoballl_,면발이 엄청 맛있어보여요…🤤🤤❤️,2025-05-01,o.haru
1599,o.haru_2025-05-01,mukdaisukifuku_04,와!!언니 저 어제 편의점에서이거보고 침흘리다 결국안먹엇는데 언니가드셔주시다니ㅜㅜ넘행복해툐❤️❤️,2025-05-01,o.haru
1600,o.haru_2025-05-01,_simar.bhasarkar_,맛있어 보이네요!!!!!,2025-05-09,o.haru
1601,o.haru_2025-05-01,noti0n.0,헉 조합 짱이다 😍😍 역시 맛잘알 ㅜㅜ,2025-05-01,o.haru
1602,o.haru_2025-05-01,jxw0u1_,너무 귀여우시고 맛있게드세요!!,2025-05-07,o.haru
1603,o.haru_2025-05-01,mysecretdiaryonlyforme,헉 최고조합...ㅠㅠㅠ,2025-05-01,o.haru
1604,o.haru_2025-05-01,baeseoln,칼빔면 3봉지 먹는 거 넘 귀엽꼬...🤞,2025-05-01,o.haru
1605,o.haru_2025-05-01,8sakinyong,와 비빔면이랑 고기조합?!…ㅈㅅㅁㅇ..이거못참어 내가 다 행복해짐 ㅜ😭❤️ 주말에 비빔면과 고기를 먹어야겟어요 언니덕분에 내 끼니를 다 해결함 ㅠㅠ 항상 고맙듭니다 오늘두 ㄴㅁ 커여웟🪽🪽🥰,2025-05-01,o.haru
1606,o.haru_2025-05-01,t_.seong16,누나 너무 맛있게 먹어여😳😳😳나도 먹고 싶어용,2025-05-11,o.haru
1607,o.haru_2025-05-01,eunchae.5ve,나도 육회 사랑해❤️❤️❤️,2025-05-01,o.haru
1608,o.haru_2025-05-01,oofla_,넘넘기여버,2025-05-01,o.haru
1609,o.haru_2025-05-01,sum.etc,와아 칼빔면 면발이 도삭면수준.. 두툼납닥한것이 완전 취저네요..😍 육회 올려서 같이ㅠㅠㅠㅠ 미치겠다ㅠㅠㅠㅠㅠ 남아있던 차돌박이까지 굽굽 센스 미텼잖아요~!!👏👏 눈으로 봐도 맛있는데 저같아도 편집하면서 침 삼킬거같음ㅋㅋㅋㅋㅋ 인스스도 다 보고왔는데 역시 민초가 쵝오죠^3^🩵 민초로 입 개운하게 마무리~ 흐흐 잘봤어유💓💓,2025-05-02,o.haru
1610,o.haru_2025-05-01,jumomani2,언니 요즘 이런 자막있는 세로먹방 릴스 넘넘 조아요❤️❤️❤️❤️ 배홍동 육회 완전 꿀조합일듯 ㅜㅜ,2025-05-01,o.haru
1611,o.haru_2025-05-01,kkkv.64n,엉니 일상계도 만들어쥬심 안대나엿..?ㅠㅠㅠ😢,2025-05-02,o.haru
1612,o.haru_2025-05-01,time_to_l0ve_,나는 이거 맛없던데 맛있게 먹는 사람들 보면 신기함,2025-05-02,o.haru
1613,o.haru_2025-05-01,1xovey0u,와근데진짜 비빔정식미쳣다요심지어사이드로차돌박이까지…….. 아니그리고냉면육수아이디어ㅈㅉ대박인듯요주말에해머거봐야지…..메모….육회비빔밥도너무맛나보여요하저언니초근접육회비빔밥먹빵 완전조와하는뎅….육회비빔밥자주머거즈쎄옹소리가뭐랄까밥알하나하나의아름다움이느껴지는….그런느낌이라 조아용🤩🤩,2025-05-02,o.haru
1614,o.haru_2025-05-01,coco.z12,언니 부대찌개 먹방도 보고 싶어요... 🫶,2025-05-01,o.haru
1615,o.haru_2025-05-01,devrani995,13주좋아요 63개답글 달기,2025-05-01,o.haru
1616,o.haru_2025-05-01,s.xy2_,침질질남지금,2025-05-01,o.haru
1617,o.haru_2025-05-01,a_moo_geo_na,육회비빔밥은 어디꺼에용?!😍,2025-05-18,o.haru
1618,o.haru_2025-05-01,wtgh_1,하 진짜 제발요,2025-05-20,o.haru
1619,o.haru_2025-04-29,tamdayproject,"이 언니 요리 볼때마다 진짜 먹잘알을 넘어서 먹박사, 먹교수, 먹기의 신으로 느껴짐",2025-04-30,o.haru
1620,o.haru_2025-04-29,8ozizo,와 세상에서제일듣기좋은소리 다모엿다 남은치킨으로 요리할생각 한번도해본적없는데 역시먹짱랭킹1위는다르군아 온니마싯게먹어요😍😍,2025-04-30,o.haru
1621,o.haru_2025-04-29,8sakinyong,와완전 꼬소하고맵고꾸덕하고느끼하고…최고의조합 저두 남은 치킨 저러케먹어보구싶네요..첫 입 먹었을때 하루언니 표정 너무 커엽띠해욧//// 오늘두 저에게 섹시푸드를 제공해주셔서 감사합니다..💕🪽,2025-04-30,o.haru
1622,o.haru_2025-04-29,cherrymang223,와 언니 진짜 레전드 천재,2025-07-10,o.haru
1623,o.haru_2025-04-29,yoon_dongg,어떡해 너무 맛잇어보여요,2025-04-29,o.haru
1624,o.haru_2025-04-29,cocoballl_,우왁 무슨 맛일지 궁그매요!!!!!!!😍,2025-04-30,o.haru
1625,o.haru_2025-04-29,mysecretdiaryonlyforme,어쩌다가 칰킨이 남앗어욤.... 아진쯔마싯겟다 🤤,2025-04-30,o.haru
1626,o.haru_2025-04-29,_pingpoo,이 시간에 올리는 거 반칙아닌가여ㅠㅠㅜ🩷,2025-04-29,o.haru
1627,o.haru_2025-04-29,sum.etc,우아아 하루햄🥹💓💓 크림김볶 저번에 추천드렸는데 남은치킨에 까르보불닭까지 야무지게 퓨전요리로 드셨네료 진짜 존맛탱이겠다ㅠㅠㅠㅠ 김치때깔 머선일 ㄷㄷㄷ 저렇게 듬뿍넣으면 맛없없이잖아유~😚 저도 요즘 까르보불닭에 빠져서 어제도 먹음 ㅎㅎㅎ 저는 멕시카나 치필링에 같이 싸매먹었는데 존맛 ㅠㅠ 느끼x느끼 조합은 사랑이죠 ㅎㅎ💞 요리천재 기욤씨 잘보고가요💓💕💞😚,2025-04-30,o.haru
1628,o.haru_2025-04-29,1xovey0u,아처음에뽀시락뽀시락남은치킨보여주는하루언니 넘귀여워여……………..아니그리고까르보불닭넣은거진짜천재같아여 어떻게저런생각을하셧나요….아니그리고아직크림김치볶음밥안먹어본사람저요저… 언니저한입만여🥹,2025-04-30,o.haru
1629,o.haru_2025-04-29,pepaggpi,언니볼때마다느끼는건데요리느무잘하심,2025-04-29,o.haru
1630,o.haru_2025-04-29,alazyperfectionist_,맛잘알🤤,2025-04-30,o.haru
1631,o.haru_2025-04-29,neurosim_,"언니, 저는 며칠 전에 튀긴 닭고기를 먹었어요.😭🤲🏻🤲🏻",2025-04-30,o.haru
1632,o.haru_2025-04-29,_ha_dong_kim,치킨이 남..아,2025-05-06,o.haru
1633,o.haru_2025-04-29,hyuxn10,와존나맜있겠닸,2025-05-01,o.haru
1634,o.haru_2025-04-29,devrani995,12주좋아요 1개답글 달기,2025-05-07,o.haru
1635,o.haru_2025-04-29,zsilieox,얼마나 쫑알쫑알 말하고싶으셯을까여ㅜㅜㅠ자막 생긴 거 넘 죠아요🤍🤍,2025-04-30,o.haru
1636,o.haru_2025-04-29,sulky_,정말 대박이시다........🥹🥹🥹🥹🥹🥹🥹🥹🥹🥹,2025-04-30,o.haru
1637,o.haru_2025-04-29,gxxj_3101,"제가 지금 해외에 이민왔는데, 한국 치킨이랑 라면이 넘 떙겨요ㅠㅜ 너구리 안에 다시마도 없고, 스프맛도 감칠맛이 안나요ㅠㅜㅠㅜ 치킨은 넘 짜궁ㅋㅋ 항상 언니 영상보면서 위로(?)중임당! 항상 맛있게 먹방 영상 올려주셔서 진짜 감사해요ㅛ 내년에 한국 놀러가자고 엄마한테 졸라야겠네용ㅋㅋㅋㅋ 그땐 맛있는거 진짜 진심으로 다 뿌셔야쥥 :p",2025-05-02,o.haru
1638,o.haru_2025-04-29,jutiful____,치킨이이미 양념 다한거같어요😂😍,2025-05-04,o.haru
1639,o.haru_2025-04-29,yeo_won150,이건 맛없없,2025-07-15,o.haru
1640,o.haru_2025-04-29,c1nae.0,슈프림이....남...아요...?,2025-07-22,o.haru
1641,o.haru_2025-04-29,deanfluenza0,처음엔뭐지싶다가뒤로갈수록입에서눈물이좔좔,2025-07-24,o.haru
1642,o.haru_2025-04-29,jinha.yy,크림김볶밥 또 먹어주세요...!!,2025-07-27,o.haru
1643,o.haru_2025-04-27,bakkongg,와 처갓집에 뿌링핫도그가 있다니 🫢! 몰랐숴요,2025-04-27,o.haru
1644,o.haru_2025-04-27,cocoballl_,마싯겟돠…..셤공부중인데 배고파졌어요오🥹❤️,2025-04-27,o.haru
1645,o.haru_2025-04-27,tamdayproject,와진ㅁ자 맛있게 드신다 대리만족 미침,2025-04-27,o.haru
1646,o.haru_2025-04-27,8sakinyong,시험전날최고의선택:하루언냐먹방보기💕🪽,2025-04-27,o.haru
1647,o.haru_2025-04-27,mukdaisukifuku_04,와..😍😍 짜장면때깔미쳤어요ㅜㅜㅜ언니 슈프림 밥에 총각무랑먹어도 진짜맛있으니까 꼭드셔보세용!!,2025-04-28,o.haru
1648,o.haru_2025-04-27,pepaggpi,역시근본저두슈프림이더좋더라구용이번주도힘내세요🤗,2025-04-27,o.haru
1649,o.haru_2025-04-27,sum.etc,"코에 점ㅋㅋㅋㅋㅋㅋ 얼마나 맛있었으면😍❤️ 짜장면 엄청 땡겼나봐요 무한 흡입 후루루루룩~~!!! 하루햄은 슈프림양념이랑 핫치즈빅싸이중에 뭐가 더 좋아요?! 둘다 순살치킨중에 치밥으로 최강인데 매번 우열을 가리기 힘듦,, 둘 다 맛있는걸 우뜨카라고🥹 저번에 슈프림+총각무 같이 먹으니까 미쳤더라고요.. 하루님 드시는거 보니까 슈프림 먹고싶다 츄베릅 다음 메뉴는 냉면이나 마라샹궈에 계란초밥도 추천해요 꼬옥 먹어주새요💕💕💕",2025-04-28,o.haru
1650,o.haru_2025-04-27,hajin_0704,치즈돈까스랑 우동 먹어주실수있나요? 요즘 제일 먹고싶은 음식이랍니다😍,2025-04-28,o.haru
1651,o.haru_2025-04-27,_ax.a12,매일 이렇게 드시니깐 제가 다이어트를 못하잖아요ㅜㅜ 나쁜뜻은 아니고요ㅜ,2025-04-28,o.haru
1652,o.haru_2025-04-27,8ozizo,와 짜장면에 치킨 한번도안먹어봣는데 맛있는음식+맛있는음식이면 역시맛없을수가없겟죠??... 슈프림양념되게맛잇어보엿는데 아직도안먹어본거너무억울하네요 이번주내로저도 슈프림양념먹어야겟어요 날더워지는데 냉면도머거주세요,2025-04-27,o.haru
1653,o.haru_2025-04-27,1xovey0u,오늘 화질왜이럭게좋나요……… 하루님을더가까이보는느낌이라좋네요…..아니근데놀라운점:저아직처갓집슈프림도안먹어봄요핫치즈싸이순살도먹어봐야하는데ㅜ머글게넘마나요물론 행복캄ㅎㅎㅎ 아니근데이상하게짜장면먹방만보면 짜장묜이너무멍ㄱ고싶어요……근데하루님영상이라니이거완전짜장면광고아닌가요?…..🥹,2025-04-28,o.haru
1654,o.haru_2025-04-27,jay_0113_,@injung2_ 우리 한강 언제더라,2025-04-29,o.haru
1655,o.haru_2025-04-27,ksr900909,@yangdam0919 졸라 맛잇쒀보여,2025-05-27,o.haru
1656,o.haru_2025-04-27,gyuromi.dksla,와,2025-05-01,o.haru
1657,o.haru_2025-04-27,adexaide,렌즈 정보 궁금해요//,2025-04-28,o.haru
1658,o.haru_2025-04-27,jumomani2,언니 이렇게 자막있는게 더 좋아요 😍 같이 소통하며 먹는 느낌 ㅎㅎㅎ,2025-04-29,o.haru
1659,o.haru_2025-04-27,y_uxju12,치킨 매운건가요..?,2025-06-14,o.haru
1660,o.haru_2025-04-27,iamgirigirl,와내가이조합을안먹어봣다니인생헛살앗네허ㅛ살앗어아이고,2025-04-28,o.haru
1661,o.haru_2025-04-27,noti0n.0,짜장면 지짜 잘드시네여,2025-04-27,o.haru
1662,o.haru_2025-04-27,jjjjjiiiiinnnnaaaa,아배고파,2025-04-27,o.haru
1663,o.haru_2025-04-27,devrani995,12주좋아요 24개답글 달기,2025-05-05,o.haru
1664,o.haru_2025-04-27,zszs_zsdd,워매,2025-05-12,o.haru
1665,o.haru_2025-04-27,rashawahed5,역대 최고의 음식 콘텐츠와 가장 아름다운 소녀 ❤️,2025-05-01,o.haru
1666,o.haru_2025-04-27,lo._.ra1,YouTube 페이지가 있나요?,2025-05-01,o.haru
1667,o.haru_2025-04-27,gxxj_3101,먹고싶다ㅏ,2025-05-02,o.haru
1668,o.haru_2025-04-27,b0m1ne,크 즉이누,2025-05-08,o.haru
1669,o.haru_2025-04-27,b0m1ne,크 즉이누,2025-05-08,o.haru
1670,o.haru_2025-04-27,e0nhae__,짜장면 어디꺼에오?,2025-06-26,o.haru
1671,o.haru_2025-04-27,yoooonzero,미쳤다… 너무 맛있어보여요……ㅠㅠㅠㅠ,2025-06-26,o.haru
1672,o.haru_2025-04-27,chldnjsdl,총각김치 진짜 킥이다,2025-07-17,o.haru
1673,o.haru_2025-04-27,shixundetoufa,@oohsehun 不是너희 한국 치킨 양이 왜 이렇게 많니,2025-07-17,o.haru
1674,o.haru_2025-04-27,shixundetoufa,@oohsehun 우리 이곳의 후라이드치킨 한 인분 양이 너무 적어. 사장님이 너무 깐깐해,2025-07-17,o.haru
1675,o.haru_2025-04-27,shixundetoufa,@oohsehun 이 짜장면은 정말 맛없어 보이는 것 같아,2025-07-17,o.haru
1676,o.haru_2025-04-27,s0younge,뭐지? 오늘 전화하다가 짜장면 먹고싶다 했는데 갑자기 짜장면 피드가 뜨네.. 맛있겠다ㅡㅠㅠ,2025-07-17,o.haru
1677,o.haru_2025-04-27,ys_hrhrhr,너무 먹구싶다 ㅠㅠ,2025-07-30,o.haru
1678,o.haru_2025-04-26,8ozizo,헐 마들렌 맛이 이렇기 많은거 처음봐요 대박 우유랑먹으면 진짜촉촉하고...부드럽고...너무맛잇겟다 전언니가뭔가를 말아먹을때가 진짜좋은거같아요,2025-04-26,o.haru
1679,o.haru_2025-04-26,8sakinyong,마들렌 박스 열자마자 너무 웃겨서 웃음남ㅋㅋㅋ 당근 맛은 무슨 맛 인가욥?🤨🤨 상상도 안가는 맛…오늘도 너무커엽띠ㅏ😭💕,2025-04-26,o.haru
1680,o.haru_2025-04-26,ju_yeong.t,언니!! 마들렌 너무 귀여워여…❤️ 오늘도 언니 먹방 보구 힐링해요!!!! 우하하 마들렌 안 먹은지두 오래라서 너무 먹구싶어요ㅠㅠ 드시는게 너무 맛나보여서 못 참구 내일 먹어야겠어여😍,2025-04-26,o.haru
1681,o.haru_2025-04-26,mukdaisukifuku_04,헉 언니ㅜㅜㅜ저이거 진짜진짜 먹어보고싶엇는데 언니가드셔주시다니 넘 행복해요 마들렌이 엄청 귀여워서 언니랑 완젼 잘 어울리는것같아요!!❤️❤️,2025-04-26,o.haru
1682,o.haru_2025-04-26,sum.etc,"우와 한국적이고 너무 좋은 디저트!!🙌 마들렌도 너무 맛있어보이는데 특히 샌드류가 미쳤다요 바삭바삭,,😍❤️ 특히 감귤잼맛 머선일이야,, 너무 맛있어보여유👍 우유말먹은 사랑🫰💕 담에는 투썸 파베 초콜릿케이크에 초코볼 띄워서 우유말먹도 추천합니댜😚💞💞",2025-04-27,o.haru
1683,o.haru_2025-04-26,kac_chan4,언니 진짜 이뿌다ㅜ😍,2025-04-27,o.haru
1684,o.haru_2025-04-26,1xovey0u,아니하르방들이왜이렇게귀엽게생겼나요 아마도하루님귀여운거보고감동받아서웃고잇는거같네여……… 아니근데마들렌말먹은진짜….. 천재아닝가요진짜생각해본적도없은데생각해보니까 진짜마싯을거가틈요….. 🥹,2025-04-27,o.haru
1685,o.haru_2025-04-26,noti0n.0,허걱 마들렌 우유 말먹이라뇨..❤️,2025-04-27,o.haru
1686,o.haru_2025-04-26,devrani995,12주좋아요 2개답글 달기,2025-05-05,o.haru
1687,o.haru_2025-04-26,agari_kiiler,너무 달아보이는데 적당히 먹어요 😢😢 몸에 안좋으니,2025-04-27,o.haru
1688,o.haru_2025-04-26,o.haru___,네이버 스마트 스토어에서 구매하실수 있어용🫶💗 @cafe_oneul_jeju,2025-04-26,o.haru
1689,o.haru_2025-04-24,8ozizo,와진짜 보면서 밥비벼먹고싶다고 생각했는데 바로 밥나와서 놀랏어요 맛잇겟다 왕새우튀김까지 뭐하나 맛없어보이는게없내요 언니맛잇는거마니먹어요,2025-04-24,o.haru
1690,o.haru_2025-04-24,8sakinyong,새벽에 자다 깨자마자 보는 하루언냐 먹방이란…♡ 배고프고 행보카다 너무 맛있어보여요..침을 영원히 흘림 ㅠㅜㅠ🥹🥹,2025-04-24,o.haru
1691,o.haru_2025-04-24,euxn.xy,아니아니아니아닛!!! 어뜨캐요ㅠ유유ㅠㅇ너무맛있겠다ㅠㅠㅠㅠ침고여 미쳐여❤️😍,2025-06-07,o.haru
1692,o.haru_2025-04-24,bpourraple,진짜요즘 가장먹고싶은거예요... 끝까지 침 흘리면서 봄,2025-04-24,o.haru
1693,o.haru_2025-04-24,sum.etc,"아악 하루햄,, 시작부터 꾸덕소리 걍 미텼잖아요 ㅠㅠㅠㅠㅠㅠ 너무 맛있겜ㅅ다⋯ 당면도 실당면으로 선택한거 진짜 맛잘알.. 덕분에 더 소리도 꾸덕하고 양념을 쫍 빨아들여서 더더 맛있어보여요ㅠㅠ 어제부터 김치찜 땡겼는데 이렇게 맛있는 김치를 먹다니 너무 배고파진다...흐흡 하지만 하루햄이 맛있게 먹는걸 보는게 더 조와,,🫶 오늘은 뭔가 조명 각도땜에 그런가 머리색도 그렇고 스타일링이 더 브라운브라운 해보이는데 진짜 찰떡이에요 요즘 렌즈도 계속 브라운 껴주시는데 진짜 잘어울리고 너무 예쁨 ㅠㅠ 너무 계속 진짜만 남발했낰ㅋㅋㅋ 하루햄이 귀엽고 예쁜걸 오뜨카라고!!! 잘보고가요 기욤씨🫰💞💓💕😚",2025-04-24,o.haru
1694,o.haru_2025-04-24,1xovey0u,학교에서보는데너무맛잇어보여서소리지를뻔햇어요김치때깔고운것봐요……….. ㅜㅜㅜㅜ,2025-04-24,o.haru
1695,o.haru_2025-04-24,doenjang.nyeo,헐맵겟다,2025-04-24,o.haru
1696,o.haru_2025-04-24,not_daseong,꼬르륵 소리 ㅋㅋㅋ,2025-04-24,o.haru
1697,o.haru_2025-04-24,gypsophliasb,항상 입 안에 꽉차게 넣고 드시는데 정말로너무귀여우세요크하하하 새벽에 올려주시는 것도넘좋아여💕좋은밤보내세요언니!!!,2025-04-24,o.haru
1698,o.haru_2025-04-24,_pingpoo,8시간뒤에 시험치는데 언냐 영상보고 100점 맞을 거 같아요,2025-04-24,o.haru
1699,o.haru_2025-04-24,__newdumpling__,@dool_ly_ 이거 먹어봄??,2025-05-26,o.haru
1700,o.haru_2025-04-24,devrani995,12주좋아요 1개답글 달기,2025-05-05,o.haru
1701,o.haru_2025-04-24,_anusjournal,13주좋아요 14개답글 달기,2025-04-27,o.haru
1702,o.haru_2025-04-24,official_egennam,언니 사랑해여❤️,2025-04-30,o.haru
1703,o.haru_2025-04-24,yeon_jaem,맛있겠다ㅎㅎ,2025-05-19,o.haru
1704,o.haru_2025-04-24,cherrymang223,와 아니 때깔이 와………..저지금 밥먹으먄서 보고있는데도 저거먹고싶어서 미칠거같아요,2025-07-11,o.haru
1705,o.haru_2025-04-24,da1llysouzza,그녀가 먹는 음식의 이름을 아는 사람 있나요?,2025-07-18,o.haru
1706,o.haru_2025-04-24,waniya_saber,너 르 세라핌의 은체랑 비슷해 보이네,2025-07-22,o.haru
1707,o.haru_2025-04-24,deanfluenza0,아진짜이건아니지,2025-07-24,o.haru
1708,o.haru_2025-04-23,8ozizo,영상시작 10초도 안돼서 눈촉촉해진거 처음봐요 얼마나매웟길래... 식도죽는조합 맛있겠네요,2025-04-23,o.haru
1709,o.haru_2025-04-23,house_watermelon___,헉언니진짜매워보이는데정말잘드시네요!!!저는보쌈집에서실비김치먹었었는데 ㄹㅇ죽는줄알았어여!!!위장조심하시구오늘먹방도잘보고가여🔥🔥❤️❤️,2025-04-23,o.haru
1710,o.haru_2025-04-23,ju_yeong.t,이 시간에 이런 영상은 너무 위험한거 아닌가요 언니ㅠㅠㅠㅠㅠㅠ 실비김치랑 라면 너무 맛있어보여요 한입가득와앙먹고싶어여😙❤️,2025-04-23,o.haru
1711,o.haru_2025-04-23,8sakinyong,영상이 갈수록 눈 코 촉촉강아디 되는거 너무 커엽 ㅜㅜ 실비 김치 너무 먹어보구싶다 오늘도 ㄴㅁ 맛잇어보이는 음식…♡,2025-04-23,o.haru
1712,o.haru_2025-04-23,overuover,우왕 언니 계란구른라면 먹는거보고싶어요,2025-04-23,o.haru
1713,o.haru_2025-04-23,baeseoln,매워하는 게 너무 귀여워요..!!🤍,2025-04-23,o.haru
1714,o.haru_2025-04-23,gypsophliasb,언니 김치 한 입 먹자마자 눈 땡그래지는거 넘커여워요..라면도진짜맛잇겟다저도실비김치랑라면싸멋고싶어요 ㅜㅜㅜ벌써수요일인데오늘도좋은하루보내세요💕💕,2025-04-23,o.haru
1715,o.haru_2025-04-23,ownmycherry,너무 맛있게 드셔서 라면 물 올릴까 천 번 고민하게 돼요 ㅠㅠㅠㅠㅠㅠ,2025-04-23,o.haru
1716,o.haru_2025-04-23,che.r.ry11,왜개맛있겠다 미친,2025-04-23,o.haru
1717,o.haru_2025-04-23,_pingpoo,1빠당!!!!!!,2025-04-23,o.haru
1718,o.haru_2025-04-23,kanx._y,온니 너무 잘보고 있어열~~,2025-04-23,o.haru
1719,o.haru_2025-04-23,ixoszn_,진짜 맛있겠다오ㅠㅠㅠ 언니 영상보고 물을 올리러 가게되.. 🥹 김치 많이 맵나요??,2025-04-23,o.haru
1720,o.haru_2025-04-23,kys9you,맛있게 드시네요^^ 그거보다 더 좋게 본건 쩝쩝대지않으셔서 너무좋아요!!!!,2025-04-23,o.haru
1721,o.haru_2025-04-23,sum.etc,하루햄 점점 토마토 되어감 ㅋㅋㅋㅋㅋ😍🍅🍅 얼마나 매웠으면 입주변도 점점 빨개짐ㅋㅋㅋㅋ 자극적인건 왜 자꾸 먹고 싶은걸까.. 중독성 쩔어..🤤 실비김치 한 번도 안 먹어봤는데 구매해봐야겜서요 ㅎㅎㅎ 다음에는 크림김치볶음밥도 먹어쥬ㅓ유🙌❤️❤️,2025-04-23,o.haru
1722,o.haru_2025-04-23,antmswltdldi,온니….?괜차나요…..??,2025-04-23,o.haru
1723,o.haru_2025-04-23,hoppy1811,언니 불닭보다 매워요??(안먹어봐서ㅎㅎ),2025-05-12,o.haru
1724,o.haru_2025-04-23,neurosim_,너무 배고파요😭😭😭,2025-04-23,o.haru
1725,o.haru_2025-04-23,ye._.xm,너무 매워보이는데 뜨거운 라면까지..😢😢,2025-04-24,o.haru
1726,o.haru_2025-04-23,devrani995,12주좋아요 1개답글 달기,2025-05-05,o.haru
1727,o.haru_2025-04-23,1xovey0u,언니…………괭찮아요…..?…..,2025-04-23,o.haru
1728,o.haru_2025-04-23,eoqkr5698,이따 물 많이 먹겠노,2025-04-24,o.haru
1729,o.haru_2025-04-23,cccc_jung,징짜 맛잇게먹는댜.. @hhae._.ni,2025-05-04,o.haru
1730,o.haru_2025-04-23,gweon.yumi,얼굴도 예쁘고 먹는거도 예쁘네요.요즘은 넘 급하게먹고 오바스러운 먹는모습은 별로여서 👏👏,2025-06-07,o.haru
1731,o.haru_2025-04-23,y.xeso2,무슨 라면이에요,2025-07-01,o.haru
1732,o.haru_2025-04-20,cocoballl_,헐!!!!!!!!! 화과자😻❤️ 요청드렸었는데 이롷게 바로..완전 감동저기에요…🥺😭 오늘도 잘 볼게여!!!!!🫶🏻🫶🏻,2025-04-21,o.haru
1733,o.haru_2025-04-20,8ozizo,헐 엄청 예쁘게 생겼어요!!! 근데안에는 진짜쿠키아니고 앙금들어있는거겟죠?... 날씨가 추워서그런가 벚꽃 말고는 다른 꽃은 많이 못봤는데 이렇게라도 다양한 꽃을 볼 수 있어서 참 좋은거같아요... 하지만제최애꽃은 오하루<라는꽃입니다... 행복하세요,2025-04-20,o.haru
1734,o.haru_2025-04-20,kdh0315_,"물든 계절을 빌려와 굽어낸 듯, 한조각 한조각마다 봄이 스며든 듯이 아름답네요",2025-04-21,o.haru
1735,o.haru_2025-04-20,yun_.hyun,둘 다 꽃이네용🌸🌸 이거 제 아빠 친구가 선물해줘서 먹어봤는데 맛있더라구요!!,2025-04-21,o.haru
1736,o.haru_2025-04-20,yeonspp,엉니가 꽃보다 더 입버요 ㅋㅋ,2025-04-20,o.haru
1737,o.haru_2025-04-20,gypsophliasb,헏너무예쁘고맛잇게생겻다..언니는 다양한 음식을 드셔주셔서참좋은것같아요💕💕앙금 쿠키는 처음보는것같은데무슨맛인가여?!,2025-04-20,o.haru
1738,o.haru_2025-04-20,_pingpoo,꽃이 꽃을 드시네🩷🩷,2025-04-21,o.haru
1739,o.haru_2025-04-20,florear_ricecake,이렇게 맛있게 드셔주시다니 정말 감사합니다🥰🥰,2025-04-21,o.haru
1740,o.haru_2025-04-20,sum.etc,뭐야 꽃이 꽃을 먹방하고 있네 ㄷㄷㄷ 누가 꽃이게~◠‿◠💓💕💕 껄껄~! 하루햄 목막힐까봐 아아나 우유 중간에 드셔주면 젛겠다고 생각했는데 끝에서 아아랑 먹었다고 해서 안도의 숨쉼 ㅎㅎ 디저트도 예쁘고 하루도 예쁜 영상😚🫶💓💞,2025-04-21,o.haru
1741,o.haru_2025-04-20,8sakinyong,너뮤너뮤 이쁘다….♡ 둘다 꽃이네용 ❤️3❤️꽃마다 맛이 다 다른가요??,2025-04-21,o.haru
1742,o.haru_2025-04-20,1xovey0u,꽃이꽃을먹는영상……….. 군데하나하나무슨맛인지넘궁금해요!!!!소리가살짝모라햐야되지꾸독…꾸독….이런소리라살짝침고여써요나이런예쁜간식은 보면서이러케맛잇어보인다고느낀거첨이에ㅛ…,2025-04-21,o.haru
1743,o.haru_2025-04-20,krouyi__,누가꽃이지,2025-04-20,o.haru
1744,o.haru_2025-04-20,devrani995,12주좋아요 1개답글 달기,2025-05-05,o.haru
1745,o.haru_2025-04-20,628._k,소리만 들어도 군침 싹 돌아서 바로 구매했습니다..,2025-04-21,o.haru
1746,o.haru_2025-04-20,ceonayeong82,약간 르세라핌 은채 느낌,2025-04-21,o.haru
1747,o.haru_2025-04-20,doexh,"소리가증말루좋내,,",2025-04-24,o.haru
1748,o.haru_2025-04-20,jinyjudy,어디서 사셨나요?,2025-07-07,o.haru
1749,o.haru_2025-04-21,8sakinyong,와짜파게티까진 어느정도 참을수있는데 토핑들 나오자마자 배고파서죽을거같아요 ㅁㅊ 맛잇겠다……고기 계란 치즈 파김치 중에뭐가 젤 맛있었나요?????,2025-04-19,o.haru
1750,o.haru_2025-04-21,uzzlang155,후라이때깔미쳣다 너무 맛있어보영여ㅜㅜㅜ,2025-04-19,o.haru
1751,o.haru_2025-04-21,ownmycherry,엄청 맛있게 많이 잘 드시는 거 너무 부러워요🔥🔥,2025-04-20,o.haru
1752,o.haru_2025-04-21,solynx_11,맛있을거 같아요 ㅜㅜㅜ 하루님 최고,2025-04-19,o.haru
1753,o.haru_2025-04-21,pkin_eeeeee,언늬.. 저 전부터 먹방 정주행하다가 다욧트해야지 하고 어제 먹방 다 끊었는데 영상 뜨자마자 다시 뛰어왔어요ㅠㅠ 끊을 수 없어 ❤️❤️❤️❤️,2025-04-19,o.haru
1754,o.haru_2025-04-21,8ozizo,와 저짜파게티 너무좋아하는데 토핑이미쳣네요 저렇게먹으면 삼시세끼 짜파게티 무조건가능 언니가맨날야무지게먹어줘서 너무좋아요... 소리도 완전짜글짜글꾸덕하고 미치겟다,2025-04-20,o.haru
1755,o.haru_2025-04-21,yun_.hyun,와 나 밥 방금 먹었는데 왜 또 배고프지??? 언니 영상 보니까 힐링 짱짱👍👍👍,2025-04-20,o.haru
1756,o.haru_2025-04-21,mukdaisukifuku_04,와ㅜㅜ언니저다이어트중인데 너무힘들어요 진짜맛잇어보여오,2025-04-19,o.haru
1757,o.haru_2025-04-21,yoajunglove,언니는 왜 살이안찌는거에요..???!!!🥹혹시 무슨 운동같은거 하셨어요?!아니면 지금 어떤운동을 하시는건가요??궁금해요!!!,2025-04-19,o.haru
1758,o.haru_2025-04-21,gypsophliasb,언니오늘도진짜넘복스럽게맛있게잘드세여진짜맛잇러보여어ㅜㅜ저는짜파게티에 후라이 올려먹는거젤 조앙해여😁💕💕💕,2025-04-19,o.haru
1759,o.haru_2025-04-21,ca66age_,운니 토핑 네개중에 머가 제일 잘어울리고맛낫나여??? 따라 먹고시픈데ㅜㅠㅠㅠㅠ 토핑네개는 넘 많아서😭😭☠️☠️☠️ 네개는 좀 무리데스라 추천받고시파요!!!!!!ㅠㅠㅠ,2025-04-19,o.haru
1760,o.haru_2025-04-21,sum.etc,"나도 짜파게티는 봉지파😍🙌 며칠전에 나듀 마라짜파게티 먹었는데 통했다💓 체다치즈 3장 올려서 꾸덕하게 비벼먹다가 반숙후라이 터뜨려서 촉촉하게 먹다가 파김치로 한 번 시원하게 목넘김해주는게 인지상정✨ 내일 점심은 하루픽 짜계치 먹어야지 히히༼⍢༽😚💕 소고기 왜케 맛나보여,, 츄베릅",2025-04-20,o.haru
1761,o.haru_2025-04-21,devrani995,12주좋아요 1개답글 달기,2025-05-05,o.haru
1762,o.haru_2025-04-21,1xovey0u,아니언니저는언니만의이냄비에빠질거같은구도가넘조아여 먼가냄비하나로언니랑밥먹는거가튼느낌도들고…. 아니그리고마라짜파게티먹빵은마니봣는데 치즈올려먹는거진쯔천재인거가타요뭔가마라에치즈????이런 느낌인데어떠셧나요….??????!!?,2025-04-19,o.haru
1763,o.haru_2025-04-21,uoasuna,하루님 영상 하루라도 안보면 입에 가시가 돋고 마라,2025-04-19,o.haru
1764,o.haru_2025-04-21,mxs1e,음식이너무섹시해요사랑해요언니..,2025-04-20,o.haru
1765,o.haru_2025-04-21,sweety_silbia,와우 두 봉지,2025-06-02,o.haru
1766,o.haru_2025-04-17,naxeaz,저거지 어느 세월에 한장씩 떼어먹냐,2025-04-25,o.haru
1767,o.haru_2025-04-17,8ozizo,헐 크레이프케이크 굳이 한장한장 안뜯어먹고 그냥 뭉탱이로 먹는거 너무 권력있어보이고 제발따라하고싶어요 요새 개인적으로 재정적위기라서 물만마시는데 언니가 제가먹고싶은거 다먹어주셔서 넘우재밋게 대리만족하면서 보고있어요요즘....🫰🏻🫰🏻 하루내삶에단비같은존재여라........,2025-04-17,o.haru
1768,o.haru_2025-04-17,1xovey0u,헐한손에들구드시는거너무좋아요!!!!!!!!!!!!카메라랑가까운먹방몰래숨어서좋아하고잇엇는데또해쥬시다니…..아니그리고 치즈케이크너무왕짱맛있어보여역!!!!!!!하배곱프다….☺️,2025-04-17,o.haru
1769,o.haru_2025-04-17,8sakinyong,자막 계속 달아쥬세요..너무재밌어요❤️,2025-04-17,o.haru
1770,o.haru_2025-04-17,house_watermelon___,꺄!!!!!케이크먹방너무좋아여 다 맛있어보여요😍😍😍,2025-04-17,o.haru
1771,o.haru_2025-04-17,haemi.q,하루님 혹시 크레이프 케이크는 어디껀가용!❤️,2025-04-17,o.haru
1772,o.haru_2025-04-17,gypsophliasb,언니저번부터자막써주시는거 넘 좋아여😍😍케이크너무맛잇어보여요 요즘단거먹구싶엇는데대리만족함히히💕💕,2025-04-17,o.haru
1773,o.haru_2025-04-17,n6.gxn,어떻게 사람이 이렇게 귀엽게 생겻찌…❤️,2025-04-17,o.haru
1774,o.haru_2025-04-17,kanx._y,항상 넘모 잘보고 있어요..!..!,2025-04-17,o.haru
1775,o.haru_2025-04-17,aeyeoe,진심넘귀여우시다,2025-04-18,o.haru
1776,o.haru_2025-04-17,___daliy,으아아아앙 먹고싶다,2025-07-24,o.haru
1777,o.haru_2025-04-17,baekrojae,눈 세상에서 젤 이뿌다 😍 🙈 ✨️ 💕,2025-04-18,o.haru
1778,o.haru_2025-04-17,sum.etc,역쉬 좋은건 크게봐야한다 나의 기욤씨가 가까이 보여서 더 좋음❤️❤️ 크레이프 케이크 그냥 쿨하게 확확 베어 먹어서 대리만족 쩔어요..😍 치즈케이크 이런.. 저도 치케 최애인데 너무 시큼하면 별론거 뭔지 잘 알아요 떼잉~~!!! 그리고 자막 달아주니까 더 보기 좋아욥💞💞 잘봤어요 하루띠🫶💓💓,2025-04-18,o.haru
1779,o.haru_2025-04-17,_sawoo.secret_,마딧겟다,2025-06-29,o.haru
1780,o.haru_2025-04-17,che.r.ry11,당장내놔!!!,2025-04-17,o.haru
1781,o.haru_2025-04-17,fujhxo,귀여웡,2025-04-17,o.haru
1782,o.haru_2025-04-17,s2_alswl_00,깨끗하게 먹어서 좋아용,2025-07-27,o.haru
1783,o.haru_2025-04-17,heunuk25,언니 렌즈 정보좀요 😢,2025-04-18,o.haru
1784,o.haru_2025-04-17,devrani995,12주좋아요 2개답글 달기,2025-05-05,o.haru
1785,o.haru_2025-04-17,doexh,"어찌이리찌덕찌덕크림소리를잘잡을꼬,, 우우시큼치케붐따",2025-04-18,o.haru
1786,o.haru_2025-04-17,_yuumoe,스공해도되나요,2025-04-28,o.haru
1787,o.haru_2025-04-17,saebomarchive,한입만줘,2025-04-30,o.haru
1788,o.haru_2025-04-17,haaaamtt,귀엽다,2025-05-14,o.haru
1789,o.haru_2025-04-17,_svxeun,순수 고구마 머시기 완전 맛있는데,2025-05-22,o.haru
1790,o.haru_2025-04-17,bin_ibeen,"또 보러 온 케이크 먹방,,,😍😍 너무 맛잇어보여요😢",2025-06-16,o.haru
1791,o.haru_2025-04-17,se.yen_,언니! 나 교정 한거 이젠 많이 안아파! 언니가 먹은거 먹어버릴꼬얌 🤤🤤,2025-06-17,o.haru
1792,o.haru_2025-04-17,ss0.omm,원래 크레이프는 한장한장 떼어먹는거 아니라고 함,2025-07-22,o.haru
1793,o.haru_2025-04-17,knx01.1,이거 어디껀가효..............,2025-07-25,o.haru
1794,o.haru_2025-04-17,leeooneo,얌얌,2025-07-27,o.haru
1795,o.haru_2025-04-17,s_x0bini,권력있다!,2025-07-28,o.haru
1796,o.haru_2025-04-17,neekoomi,크레이프 케이크는 원래 여러 겹이 쌓인 걸 느끼면서 먹는 케이크라 영상처럼은 아니어도 한번에 드시는 게 맞습니다!! 근데 진짜 귀여운 다람쥐 같은 분이 잘 드시니 너무 사랑해요 상태임 지금 ㅜ 😍,2025-07-30,o.haru
1797,o.haru_2025-04-16,8ozizo,최근에 본 음식중에 제일 창의적인 메뉴인 것 같아요... 샤오롱바오 한입에 사라지는거 어떻게햇지??? 근데엄청말잇나봐요 따봉도날리시고 저도나중이 도전해봐야겟어요,2025-04-17,o.haru
1798,o.haru_2025-04-16,o.haru___,완전 마싰엉 넘 뜨거워서 허겁지겁 먹어버렸🥲🫶,2025-04-16,o.haru
1799,o.haru_2025-04-16,8sakinyong,와 상상도못한 조합이에요 저진짜 불닭이랑미역꾹못참는데 시간되면 꼬옥 만들어봐야겟어요옵 ㅠㅠ♥♥. 하루언니 오늘도 커여웟🪽,2025-04-17,o.haru
1800,o.haru_2025-04-16,tamdayproject,맛있게 드시고 진짜 잘 드신다,2025-04-17,o.haru
1801,o.haru_2025-04-16,yu.u1a_,조합미쳣다😍❤️❤️❤️❤️🔥,2025-04-16,o.haru
1802,o.haru_2025-04-16,_pingpoo,엉니 영상 덕분에 삶의질 수직상승 했어요ㅠㅠㅜㅜㅠ맛있겠답💖,2025-04-17,o.haru
1803,o.haru_2025-04-16,cherrymang223,아니 진짜 천재신가,2025-07-10,o.haru
1804,o.haru_2025-04-16,ju_yeong.t,진짜 언니 우뜨케 미역국이랑 불닭볶음탕면을 섞을 생각을 하셨조????? 너무 맛나보여요❤️ 평생 맛있는 음식 드셔주세요 언니… ♥,2025-04-20,o.haru
1805,o.haru_2025-04-16,meinf1nity,진짜 맛잘알..ㅠㅠ😭🤤,2025-04-17,o.haru
1806,o.haru_2025-04-16,nayoooooooni,아 ㅈㄴ 맛잇겟다,2025-05-18,o.haru
1807,o.haru_2025-04-16,gypsophliasb,언니넘귀여워요넘맛있게잘드세요언니💕💕💕,2025-04-17,o.haru
1808,o.haru_2025-04-16,sum.etc,하루쒸 머리 묶은거 너무 잘어울려유ㅠㅠㅠ 꽁지머리 존귀❤️❤️ 종종 묶고 나와줘요 꺄악〰️❤️ 저도 미역국 완전 좋아하는데 불닭이랑 같이 끓이니까 비주얼 진짜루 너구리 그잡채 ㅋㅋㅋㅋ 반숙계란에 만두까아쥐 역시 맛잘알^.^bbb 하루님 따라 해먹어볼게욥~!! 잘보구가요 기욤씨😚💕💓💘,2025-04-17,o.haru
1809,o.haru_2025-04-16,hyeinsz,@mingchansz 우아 .. 만들어먹어보쟈,2025-05-12,o.haru
1810,o.haru_2025-04-16,terryserozoe,@kimyelimit 제발가자,2025-04-20,o.haru
1811,o.haru_2025-04-16,jamesplise,약간 진짬뽕 같은 맛인가용???너무 맛있어 보여요🤤,2025-04-17,o.haru
1812,o.haru_2025-04-16,1xovey0u,오늘자막너무귀여워욬ㅋㅋㅋㅋㅋㅋㅋ샤오롱바오한입에빵넣는게넘귀엽고넘맛잇어보여여…….글구계란반숙센스미쳣다요증말이언니맛잘알이라니까??!???!? 박사학위드림니다.땅땅,2025-04-16,o.haru
1813,o.haru_2025-04-16,mnisoeo,이런 생각은 대체 어떵게 하는 거야 🤤,2025-04-17,o.haru
1814,o.haru_2025-04-16,newturnprincess,만두인가요? 만두라면 왜 굳이 중국어로 표시한건지…,2025-06-11,o.haru
1815,o.haru_2025-04-16,maayyeeoom,일요일에 시도합니다,2025-04-18,o.haru
1816,o.haru_2025-04-16,_zuko5y,14주좋아요 346개답글 달기,2025-04-22,o.haru
1817,o.haru_2025-04-16,devrani995,12주좋아요 22개답글 달기,2025-05-05,o.haru
1818,o.haru_2025-04-16,l.ll_wln,진짜 개 짜겟다; 물 200미리 더 부어야할듯,2025-04-17,o.haru
1819,o.haru_2025-04-16,rice_tory,@noooareum2 배운사람,2025-04-17,o.haru
1820,o.haru_2025-04-16,jy_12z,치즈는..?,2025-04-21,o.haru
1821,o.haru_2025-04-16,cinmnnroll,너 은채랑 닮았어 !!,2025-05-09,o.haru
1822,o.haru_2025-04-16,daribottle,댕마싯겟다,2025-05-14,o.haru
1823,o.haru_2025-04-16,1xyah_,개천재 같아요,2025-05-19,o.haru
1824,o.haru_2025-04-16,mamama_ri31,네가 먹는 모습을 사랑해,2025-05-26,o.haru
1825,o.haru_2025-04-16,wjdska6421,미쵸따 너무 맛있게 드시네 이거 꼭 만들어 먹어 봐야겠어요!,2025-05-27,o.haru
1826,o.haru_2025-04-16,5ae6om,하 맛잇겟다,2025-05-27,o.haru
1827,o.haru_2025-04-16,fairy_lou0125,1인분으로 레시피 알려주시면 안되나요..?😢,2025-06-07,o.haru
1828,o.haru_2025-04-16,zoikeyra,이세라핌 홍은채랑 닮았네,2025-06-16,o.haru
1829,o.haru_2025-04-16,ppymiraa,5주답글 달기,2025-06-25,o.haru
1830,o.haru_2025-04-16,l._.ltx,너무 마싯겟어유ㅠㅠ,2025-07-06,o.haru
1831,o.haru_2025-04-16,m_seo_.11,천재같으심,2025-07-06,o.haru
1832,o.haru_2025-04-16,1108_phone,와 진짜 이렇게 맛있어 보이는거 처음이에여,2025-07-11,o.haru
1833,o.haru_2025-04-16,zipgagoshipdda_,비쥬얼말안되🤤🤤,2025-07-14,o.haru
1834,o.haru_2025-04-16,fujitajeongyeon,와 마시게다,2025-07-23,o.haru
1835,o.haru_2025-04-15,beadvme,요아정 4개 시켜 먹는 재력이 부러워요..................... 언니 그리고 르세라핌 은채 닮앗어요 이쁜 언니 맛있는거 마니 먹고 오래오래 영상 올려쥬세요,2025-04-16,o.haru
1836,o.haru_2025-04-15,8ozizo,우와요아정이라니ㅜㅜㅜ사실은언니가디저트먹는날만을기다리고있었다우 오독오독소리도 너무좋고 자막이 수다모드여서 자막보는재미도있어여ㅎㅎ 근데 이렇게시켜먹으면 2억8천정도 나올거같은데 4개시켜서퍼먹는게 정말멋지네요... 저도언니처럼 멋진어른이되고싶어요... 요아정다섯그릇먹는... 다은디저트는 블레스롤어때여??? 엄청맛잇어용 다음영상도 기대하고잇을게요😍💗💗💗,2025-04-15,o.haru
1837,o.haru_2025-04-15,8sakinyong,머가 젤 맛있엇나욥?!!) 요아정 먹어본게 손에 꼽히는데 내일 먹어야겠닷//// 자막 있스니까 너무 커여웟❤️🪽,2025-04-15,o.haru
1838,o.haru_2025-04-15,umirrrae_luv,눈이 너무예쁘심,2025-04-15,o.haru
1839,o.haru_2025-04-15,1xovey0u,저언니아이스크림먹는영상 짱죠아해요먼가한입에왕넣어서오독오독먹는소리도좋구그냥아스크림먹는언니가너무귀여워요,2025-04-15,o.haru
1840,o.haru_2025-04-15,mukdaisukifuku_04,와언니ㅠㅠㅠ자막달아주시니까 넘조아용😍😍 요아정진짜맛잇겠네요ㅜㅜ❤️,2025-04-15,o.haru
1841,o.haru_2025-04-15,sum.etc,하루띠 초코범벅 나올 때 왜이리 신났쪄 ㅋㅋㅋㅋ😍 팝핑보바 리치맛 토핑까지 진심 맛잘알이다..👏👏 요거트 떨굴 때 눈 커지는 겈ㅋㅋㅋ 넘 귀욥..🫶💞💓💕 요거트 아이스크림 넘 맛있죠🤤 다음 디저트는 와플🧇 어때요~?🙌❤️❤️,2025-04-16,o.haru
1842,o.haru_2025-04-15,ca66age_,레인보우 요아정은 첨보는뎃ㅜㅜㅜ,2025-04-15,o.haru
1843,o.haru_2025-04-15,mnisoeo,아이스크림~맛이있어서~하나먹고둘먹고또먹으면 배탈난다 그랫는데 다 거짓부렁인가봐요 내앞에 예쁜언니가요아정쌓아놓고 말짱히 먹고있는데……….하배고파…,2025-04-16,o.haru
1844,o.haru_2025-04-15,seo_qwer0709,츄베릅🤤,2025-04-16,o.haru
1845,o.haru_2025-04-15,devrani995,12주좋아요 2개답글 달기,2025-05-05,o.haru
1846,o.haru_2025-04-26,1xovey0u,이언니는참 음식색감을잘잡는단말이야……… ㅜㅜㅜㅜㅜ이밤에너무한것아닙니까ㅜㅜㅜㅜㅜ어제마라탕먹엇는데 또먹고시푸요……,2025-04-13,o.haru
1847,o.haru_2025-04-26,8ozizo,헐...대박ㅠㅠ 저오늘아침부터 바람맞고비맞고우박맞고 개고생하고왓는데 마라탕너무 뜨끈하고맛잇을거같애요........언니가 멘보샤까지 야무지게 다먹어줘서 넘좋아여♥️♥️,2025-04-13,o.haru
1848,o.haru_2025-04-26,lovely_jungdohee9382917,우왕 짱맛있겠따앙 군침이 샥,2025-04-17,o.haru
1849,o.haru_2025-04-26,n6.gxn,너무기여오..❤️,2025-04-13,o.haru
1850,o.haru_2025-04-26,_pingpoo,엉니 진짜 평생 먹방 찍어주세요,2025-04-13,o.haru
1851,o.haru_2025-04-26,ioioppu7,제발 저요,2025-04-17,o.haru
1852,o.haru_2025-04-26,boreum1018,바~아~로 구매완료!!!3팩 무조건 시켜야죠 요새맨날 마라탕 먹방만봣는데 이걸로 해소시킬렵니다~!👏👏,2025-04-15,o.haru
1853,o.haru_2025-04-26,didwjddnjaducls,깅양웡요,2025-04-13,o.haru
1854,o.haru_2025-04-26,vvkyngvv,하루님 제 친구가 하루님때문에 미칠 거 같대요.. 진짜 너무 맛있어보이자나여🥺🥺,2025-04-16,o.haru
1855,o.haru_2025-04-26,che.r.ry11,당장 내놔,2025-04-13,o.haru
1856,o.haru_2025-04-26,claudiayunxia,13주좋아요 101개답글 달기,2025-04-26,o.haru
1857,o.haru_2025-04-26,boo_k_22,선착순 명단 올려주시면 좋겠어요,2025-04-14,o.haru
1858,o.haru_2025-04-26,tspoon810,12주좋아요 4개답글 달기,2025-05-02,o.haru
1859,o.haru_2025-04-26,sum.etc,"와아 이거 완전 K-마라탕 아녀유!! 육개장 같으면서도 칼칼하니 맛나게 생겼네용 캬 멘보샤,,까지는 버텼는데 치즈돈까스에서 무너짐,,🥹 하루띠 이렇게 맛없없 조합으로 먹으면 반칙이햐,,💦💦 잘봤더요 기욤씨🫶💓💞💕",2025-04-13,o.haru
1860,o.haru_2025-04-26,oyigs_10,소리 미쳐써요….🙉,2025-04-14,o.haru
1861,o.haru_2025-04-26,flipit.kickit,얼마에유..,2025-04-14,o.haru
1862,o.haru_2025-04-26,devrani995,12주답글 달기,2025-05-05,o.haru
1863,o.haru_2025-04-26,u_its.me_,냉동제품이라 제일중요한게 채소류인데 그거 먹는장면은 없네요,2025-06-06,o.haru
1864,o.haru_2025-04-26,gongjuchaewonii,너무 맛잇아보이는데 눈은 왜 계속 깜빡이시는건가요?,2025-06-18,o.haru
1865,o.haru_2025-04-26,owo_sso3,예쁘면 다 언니라고 했어요 언니.. 근데 갑자기 배고파료ㅠ,2025-07-04,o.haru
1866,o.haru_2025-04-26,nah_bandeira7,2주답글 달기,2025-07-15,o.haru
1867,o.haru_2025-04-26,ceyyda__06,Asmr이 참 좋네요 맛있게 드세요!!🌹❤️🇹🇷,2025-07-15,o.haru
1868,o.haru_2025-04-12,8ozizo,양갱맛이 이렇게만타고... 맛있겠다,2025-04-12,o.haru
1869,o.haru_2025-04-12,_yeox.7,나만 이분 살짝 홍은체 닮은것같,2025-04-13,o.haru
1870,o.haru_2025-04-12,didwjddnjaducls,깅양웡요,2025-04-12,o.haru
1871,o.haru_2025-04-12,jieuniyaaa,우왕..소리최고다 맛있겠댱…,2025-04-12,o.haru
1872,o.haru_2025-04-12,hyo2n1017,왜케 귀엽지 진짜 너무 동글동글 하고 너무 귀여워요 진짜 너무 소녀다 너무 귀여우어ㅛ우ㅜㅜㅜㅠ,2025-04-20,o.haru
1873,o.haru_2025-04-12,jjjjnnnniiii9,우와아 이거 아이디어스 보면서 꼭 먹어보고싶었는데!! 😍😍,2025-04-12,o.haru
1874,o.haru_2025-04-12,8sakinyong,빵이랑 먹으면 최고의조합이겟다🔥🔥 먹는 소리 ㄴㅁ좋아욥,2025-04-12,o.haru
1875,o.haru_2025-04-12,jyy_0105,이렇게 소리좋은 영상은 봐본적 업따ㅏ,2025-04-13,o.haru
1876,o.haru_2025-04-12,zaeyame,아 맛이ㅛ겟다,2025-04-13,o.haru
1877,o.haru_2025-04-12,baeseoln,이런 신기한 음식 먹어주는 거 너무 좋아요🥹🤌,2025-04-12,o.haru
1878,o.haru_2025-04-12,sj._.ku,홍은채랑 개 닮으셨다,2025-04-17,o.haru
1879,o.haru_2025-04-12,devrani995,12주좋아요 3개답글 달기,2025-05-05,o.haru
1880,o.haru_2025-04-12,sum.etc,언뜻 보고 화장품인줄 아랏내 ㄷㄷㄷ ㅋㅋㅋㅋㅋ 8가지 색깔 양갱 귀엽고 맛있어보여요!🌈✨✨ 나의 귀욤씨 눈에는 역시 클로링브라운이 찰떡이야 초롱초롱🥹💕💕,2025-04-13,o.haru
1881,o.haru_2025-04-12,gd0808_,소리 좋다!!,2025-06-16,o.haru
1882,o.haru_2025-04-12,y._.j105,렌즈모예여?너무예뻐요,2025-06-01,o.haru
1883,o.haru_2025-04-12,1xovey0u,왕마지막얼그레이양갱 먼가그….호텔비누처럼생겼아요,2025-04-13,o.haru
1884,o.haru_2025-04-12,doexh,"어찌이리잘먹을꼬,, 소리도잘잡고,,",2025-04-13,o.haru
1885,o.haru_2025-04-12,enrnies,머가 제일 맛있어여??,2025-04-12,o.haru
1886,o.haru_2025-04-12,s1znco,말차 맛있갰다,2025-04-13,o.haru
1887,o.haru_2025-04-12,iong888832,우리 한국말을 사용합씨땨 ㅠㅠ,2025-06-28,o.haru
1888,o.haru_2025-04-12,s1znco,망고도 맛있갰다,2025-04-13,o.haru
1889,o.haru_2025-04-12,s1znco,멜론도 막있뎄다,2025-04-13,o.haru
1890,o.haru_2025-04-12,oh_ji_hyo,나무막대기에 다 써있는데 것도 모르고 색꺌보고 맞추다가 마지막에 안 ㅇㅈㅎ씨,2025-04-14,o.haru
1891,o.haru_2025-04-12,x0eun1._,너무기야워여,2025-04-17,o.haru
1892,o.haru_2025-04-12,px.ol_0,홀리쉣 다먹으면 배터질듯,2025-05-01,o.haru
1893,o.haru_2025-04-12,naila_woee,"아이스크림인가요?아니면 젤리?, 먹어보고 싶은데 맛있어요?",2025-05-04,o.haru
1894,o.haru_2025-04-12,ou_7ie,혜인느낌 있음,2025-05-05,o.haru
1895,o.haru_2025-04-12,kullanilmiyorr__122,11주답글 달기,2025-05-12,o.haru
1896,o.haru_2025-04-12,haim.leeee,소리 미쵸따❤️,2025-05-13,o.haru
1897,o.haru_2025-04-12,i_love_top_1207,최승혀니 조아하겟다 ㅎㅎ,2025-05-14,o.haru
1898,o.haru_2025-04-12,j_seeun_14,르세라핌 은채님 닮았어요....,2025-05-22,o.haru
1899,o.haru_2025-04-12,nh.yxxn0,탁구채같애용,2025-05-31,o.haru
1900,o.haru_2025-04-12,missainetferraren,6주답글 달기,2025-06-14,o.haru
1901,o.haru_2025-04-12,s2_alswl_00,맛있겠다...,2025-06-15,o.haru
1902,o.haru_2025-04-12,saranghaekarina12,팔아주새요ㅠㅠㅠㅠ너모 맛잇어보여요,2025-06-20,o.haru
1903,o.haru_2025-04-12,spitefulserpent,4주답글 달기,2025-06-26,o.haru
1904,o.haru_2025-04-12,sship.dduck,그린티는 녹차에요..! 말차랑은 달라요,2025-06-29,o.haru
1905,o.haru_2025-04-12,itzzzz_aniyahhh,3주답글 달기,2025-07-07,o.haru
1906,o.haru_2025-04-12,junghyewon_0924,야무Zㅣ게 잘드신댱ㅎㅎ,2025-07-10,o.haru
1907,o.haru_2025-04-12,yeowon_123,안달아요.?,2025-07-11,o.haru
1908,o.haru_2025-04-12,oryonug,맛있겠다,2025-07-25,o.haru
1909,o.haru_2025-04-12,cheaso9809,야금야금 드시는거 너무 귀엽고 힐링돼요...저도 먹어보고싶네여...,2025-07-27,o.haru
1910,o.haru_2025-04-11,bn_db,너무 맛있어보여요 ... 🤤,2025-04-11,o.haru
1911,o.haru_2025-04-11,_pingpoo,맛있겠다….,2025-04-12,o.haru
1912,o.haru_2025-04-11,8ozizo,디지게 매운맛?... 이름만들어도 “너무무서워”......,2025-04-11,o.haru
1913,o.haru_2025-04-11,harukeem__,와… 마라 지쨔 조아하는데 꼭 사먹어볼래여🔥,2025-04-11,o.haru
1914,o.haru_2025-04-11,ji_w418,다음엔 순살로 시키셔서 ㅂㅏㅂ이랑 드셔보세여!!❤️,2025-06-13,o.haru
1915,o.haru_2025-04-11,sum.etc,"우리 하루쒸 손가락도 매울라 매운 양념 먹을땐 꼬옥 라텍스장갑🧤이라도 끼고 먹어유❤️❤️ 마라핫치킨 댑악,, 이번 주말 특전은 너다🍗🤎🍗🤎🍗🤎",2025-04-13,o.haru
1916,o.haru_2025-04-11,ssms3_5crew,언니 사랑해요 ㅜㅜㅜㅜㅜㅜ,2025-04-13,o.haru
1917,o.haru_2025-04-11,1xovey0u,언닠ㅋㅋㅋㅋㅋ오늘따라눈빛이더똘망똘망맑아보여여…….초카와이………,2025-04-11,o.haru
1918,o.haru_2025-04-11,alyatinatina.99,진라면을 먹자,2025-04-11,o.haru
1919,o.haru_2025-04-11,seonn.j,무조건 사묵는다요🤤🤤,2025-04-11,o.haru
1920,o.haru_2025-04-11,oyigs_10,마시게따..하지만..난 맵찔이니깐 다음생에 도전할게 웅니..🔥,2025-04-12,o.haru
1921,o.haru_2025-04-11,devrani995,12주좋아요 1개답글 달기,2025-05-05,o.haru
1922,o.haru_2025-04-10,hokongsuni,동파육 때깔 레전드 …,2025-04-10,o.haru
1923,o.haru_2025-04-10,8sakinyong,동파육은 무슨맛이에요?!!!?! 꼬옥 먹어보고싶은데 항상 못먹었던…보기만 해도 맛있어보여요..♡ 하루언니 먹는 모습만 봐도 행보캐짐❤️🪽,2025-04-10,o.haru
1924,o.haru_2025-04-10,bori_kie,동파육❤️❤️,2025-04-10,o.haru
1925,o.haru_2025-04-10,8ozizo,뭔가오늘 옷색이 채소같아서 더좋은거깉아요 소화잘될거같고,2025-04-10,o.haru
1926,o.haru_2025-04-10,1xovey0u,와언니밥에다가동파육+김치올려먹는거 ㄹㅇ대천재만재…. 동파육안머거봣는데너무맛잇거보여여ㅜㅜㅜㅜㅜㅜㅜㅜ 미치겟다하……부들부들한게아주그냥입안에서녹아버려서입안에들어왔었는지도모를거같아요………이번달안에꼭동파육먹고야만다…,2025-04-10,o.haru
1927,o.haru_2025-04-10,bright.react,군침도네요 …..,2025-04-10,o.haru
1928,o.haru_2025-04-10,sum.etc,"동파육 야들야들하니 왕부드러워보인다,, 얼마나 부드러우면 중간에 살코기 떨어짐ㅋㅋㅋㅋㅋ🤎🤎🤎",2025-04-13,o.haru
1929,o.haru_2025-04-10,oyigs_10,이븐하게 익은 청경채와 동파육이라늬..거기에 짬뽕까즤...미쳐따리..✨,2025-04-11,o.haru
1930,o.haru_2025-04-10,8ozizo,동파유우우우욱?????? 짬뽀오오오ㅗ옹???????? 하ㅋㅋㅋㅋㅋ촤ㅋㅋㅋㅋㅋㅋㅋㅋㅋㅋ미치겠디진짜ㅋㅋㅋㅋㅋㅋㅋㅋㅋ오늘메뉴미쳣네요 와진짜전언니가너무좋아요 맨날맛있는거만먹어서 와동파육너무맛잇게생겻ㄴ느데 이메뉴면밥을 세그릇정도는먹을수있을거같네요,2025-04-10,o.haru
1931,o.haru_2025-04-10,devrani995,12주좋아요 1개답글 달기,2025-05-05,o.haru
1932,o.haru_2025-04-07,onlymejustna,진짜 귀여워 죽겟따 티라미수고뭐고 하루깅만 보여요,2025-04-07,o.haru
1933,o.haru_2025-04-07,8ozizo,와잠시만~~......... 저오늘진심 0끼먹었는데 자꾸이러시면 진짜저도티라미수먹어버리는수가있습니다............ 와미쳣네.... 빠작빠작 초코씹는소리도 너무좋고...... 근데언니 미간찌푸리는걸보니 딸기가제일맛잇엇나봐요...... 아맛있깄다...... 중간에기침하는것도넘웃기고.......,2025-04-07,o.haru
1934,o.haru_2025-04-07,sooa_1022,어케 이렇게 질리지도않고 잘드시는건지ㅠㅜㅜ 진짜 대단해여..😚🫶,2025-04-15,o.haru
1935,o.haru_2025-04-07,8sakinyong,달달한게 너무너무너무 땡기는데 그것도 새벽에!!!!!! 오늘은 언니 영상 보면서 대리만족 할게요 맛있게 드셔서 너무 커염직♡,2025-04-07,o.haru
1936,o.haru_2025-04-07,1xovey0u,"와진심초코코팅오독오독소리미쳣어요너무맛잇어보여요…………,,,..,…,.",2025-04-07,o.haru
1937,o.haru_2025-04-07,sum.etc,ㅋㅋㅋㅋㅋㅋㅋ하루씌 티라미수 가루빔에 맞아버렸네요 요정인줄만 알았더니 사람이였군아😝💞 티라미수는 먹다가 목구멍에 한 번씩 가루 직격타 맞는거 국룰 아니냐구~~~🤣 피스타치오맛 먹을 때 제일 만족도 높아보여요 ㅎㅎ😚💚💚 너무 맛있겠다😍 초코 뿌숴서 먹기 재미도 있고 맛도 좋았겠어요 잘보고 가용 나의기욤씨💓💓,2025-04-07,o.haru
1938,o.haru_2025-04-07,ssekur13,맛있겠당,2025-04-19,o.haru
1939,o.haru_2025-04-07,hanpyeonghwaroun,오메 안 느끼 하시나..,2025-06-11,o.haru
1940,o.haru_2025-04-07,oyigs_10,기다리고 있었찌요오👏👏,2025-04-07,o.haru
1941,o.haru_2025-04-07,txe._.hx,어디서사요?,2025-07-25,o.haru
1942,o.haru_2025-04-07,devrani995,12주좋아요 2개답글 달기,2025-05-06,o.haru
1943,o.haru_2025-04-07,sheld_3333,기니피그 같아요오,2025-04-07,o.haru
1944,o.haru_2025-04-07,yunkieek,겁나 쫀득하게 먹누😢,2025-04-10,o.haru
1945,o.haru_2025-04-04,8ozizo,와맛이ㅛ겠다........ 저엄청맵찔인데 언니가매운거만이먹어서좋아요 원래먹방보면서 대리만족된다는거 잘몰랏는데 너무좋은거같아요 사이드도 너무맛잇어보이고... 콘치즈불닭이진심너무탐나서 오늘처음으로 불닭이예뻐보엿어요,2025-04-05,o.haru
1946,o.haru_2025-04-04,1xovey0u,우와콘치즈잔뜩인게너무맛있어보여요………..한입가득와앙드시는게너무제스타일이에요…….콘치즈불닭 한번도 안머거봣는데 함머거보고싶네여ㅜㅜㅜ,2025-04-04,o.haru
1947,o.haru_2025-04-04,ownmycherry,다이어트 중인에 하루님 영상 보면서 열심히 참아요 ㅠㅠㅠ,2025-04-04,o.haru
1948,o.haru_2025-04-04,sad_lyno,"와,,,홀린 듯이 계속 보게 된다.. 맛잇겟다 :/ 🫠🫠",2025-04-10,o.haru
1949,o.haru_2025-04-04,oyigs_10,이 구도 너무 제 스탈이에요..💓,2025-04-05,o.haru
1950,o.haru_2025-04-04,sum.etc,"콘치즈불닭+췩힌,,, 파면푸드로 먹어야지◠‿◠🙌👏",2025-04-04,o.haru
1951,o.haru_2025-04-04,devrani995,12주좋아요 2개답글 달기,2025-05-06,o.haru
1952,o.haru_2025-04-04,8sakinyong,오늘 이렇게 먹고싶엇는데 ㅜㅜ 언니가 대신 먹어주네용❤️❤️,2025-04-04,o.haru
1953,o.haru_2025-04-04,minevey,김치때깔이 미쳐버리네요...🤤🤤,2025-04-04,o.haru
1954,o.haru_2025-04-04,yezzzzye,@kjhwanee 침고여,2025-04-08,o.haru
1955,o.haru_2025-04-04,2012.03.27,배고프,2025-04-18,o.haru
1956,o.haru_2025-04-04,yeseun.no,와미턌다,2025-04-30,o.haru
1957,o.haru_2025-04-04,_likewejustmet,와이것은진짜미챴다,2025-05-08,o.haru
1958,o.haru_2025-04-04,ezuox,중국 먹방 구도 너무 좋다ㅠ😢😢😢❤️,2025-05-11,o.haru
1959,o.haru_2025-04-04,s0._.1209,저 배고플때만 뜨기예요..?,2025-06-12,o.haru
1960,o.haru_2025-04-04,jkla50220,중국인 먹방따라하누,2025-06-17,o.haru
1961,o.haru_2025-04-02,8ozizo,와마라샹궈에 크림새우?.... 너무맛잇겟다.....꿀꺽........ 저도이번주에마라샹궈먹겟습니다 이건못참지🤡 근데언니 첫입먹고 너무뜨거워보이늗데 기분탓인가요??....,2025-04-02,o.haru
1962,o.haru_2025-04-02,1xovey0u,아니어떻게이렇게항상매일제가좋아하는것만낉여오시는건지…….사랑합니다…..😍😍,2025-04-02,o.haru
1963,o.haru_2025-04-02,maedaeunii,진심도랏맨?!,2025-04-18,o.haru
1964,o.haru_2025-04-02,myw1shl1st1s,하루언니이시간에올리지마라구햇자나여ㅜ.ㅜ 마라샹궈오백만번갈망하게되,2025-04-02,o.haru
1965,o.haru_2025-04-02,3yexna_1,아 진짜 크림새우 미치겟듬...너무 맛있어 오늘도 먹었어요,2025-05-12,o.haru
1966,o.haru_2025-04-02,sum.etc,아악 기욤씨 마라샹궈 크림새우 어디꺼예요🥹❤️❤️❤️ 너무 맛있겠다.. 다음엔 계란초밥이랑도 먹어주세요 존맛짱맛이래요💓💓,2025-04-02,o.haru
1967,o.haru_2025-04-02,oyigs_10,웅니 다음엔 집밥도 부탁해융(*´ ˘ `*),2025-04-02,o.haru
1968,o.haru_2025-04-02,deanfluenza0,님아ㅠㅠㅠㅠ하아니내자의로계속보고있긴한데어떻데ㅠㅠㅠ이렇게ㅜㅠ맛있게드실수있는것야ㅠㅠ,2025-07-24,o.haru
1969,o.haru_2025-04-02,1xovey0u,와유부주머니미텻다,2025-04-02,o.haru
1970,o.haru_2025-04-02,devrani995,12주좋아요 1개답글 달기,2025-05-06,o.haru
1971,o.haru_2025-04-02,ssapgaechi,어디꺼레요??,2025-04-11,o.haru
1972,o.haru_2025-03-31,8ozizo,요즘다시 요리해먹는 영상도 찍으시는건가여 너무좋어요 먹기전과정까지 함께하는것같아서... 저도스파게티참좋아하는데 스파게티잘만드시네요언니...,2025-03-31,o.haru
1973,o.haru_2025-03-31,8sakinyong,레시피알려주세요오 ㅜㅜㅜ 항상 건강하시구..맛난거 많이드세용❤️❤️,2025-03-31,o.haru
1974,o.haru_2025-03-31,rkdalarudtkfkfgo,레시피.,2025-07-07,o.haru
1975,o.haru_2025-03-31,oyigs_10,오늘두 맛도리 영상 가져오셨네엽ㅣㅣ💓💓,2025-04-01,o.haru
1976,o.haru_2025-03-31,devrani995,12주좋아요 2개답글 달기,2025-05-06,o.haru
1977,o.haru_2025-03-30,8ozizo,여태까지 본 언니가먹은 음식중에 제일 무슨맛일지 상상도 안가네요....... 다른맛이추가돼서안느끼한거예요?????? 근데소금빵에끼워먹으면 ㅇㅈ합니다 저도한 5개까지는 가능할거같아요 소금빵 바삭바삭너무맛잇어보이는대,2025-03-30,o.haru
1978,o.haru_2025-03-30,antmswltdldi,온니 넘 귀여워요🫰🏻달고나버터???? 너무노무궁금해여🤗🤗🤗,2025-03-30,o.haru
1979,o.haru_2025-03-30,hxsxpxx,들깨다시마는 솥밥해머그면 징짜 맛있겠다!!,2025-04-05,o.haru
1980,o.haru_2025-03-30,julyxthirty,소금빵 어디 껀 가유ㅜㅜㅠ,2025-04-01,o.haru
1981,o.haru_2025-03-30,gntozl,소리개좋아서끝깢다봄..,2025-04-06,o.haru
1982,o.haru_2025-03-30,jk.__.es2,쫀득쫀득 맛있어보여요!!,2025-03-30,o.haru
1983,o.haru_2025-03-30,love_sleepground_food,진짜 내 최애 영상ㅠㅠ 이분 이거 보고 입덕해서 찾는데 한참 걸렸었음ㅠㅠ❤️❤️❤️,2025-06-23,o.haru
1984,o.haru_2025-03-30,devrani995,12주좋아요 4개답글 달기,2025-05-06,o.haru
1985,o.haru_2025-03-30,oyigs_10,웅닌 얼굴도 긔여우신데 음식도 얌무즤게 드셔서 극호셔요...💖,2025-03-30,o.haru
1986,o.haru_2025-03-30,amoreuxl,17주좋아요 46개답글 달기,2025-03-30,o.haru
1987,o.haru_2025-03-30,doexh,"어찌이리잘먹을꼬,,",2025-03-30,o.haru
1988,o.haru_2025-03-30,allen_heee,거의 갉아먹는거보니 들깨가 불혼가보다 ㅋㅋ,2025-04-10,o.haru
1989,o.haru_2025-03-30,diduddkd,고우십니다...,2025-03-30,o.haru
1990,o.haru_2025-03-30,za_u_zip,너무 이뽀요..,2025-03-30,o.haru
1991,o.haru_2025-03-30,akank_shya5,달고나버터는 달콤한 맛이 나나요?,2025-04-07,o.haru
1992,o.haru_2025-03-30,dear.oi_,첨으로 표정이 살짝쿵 두려워보여……,2025-04-13,o.haru
1993,o.haru_2025-03-30,naxeaz,다시마 이름만 들으면 개노맛일거 같은데 개맛도리일고 같이 드시네...,2025-04-25,o.haru
1994,o.haru_2025-03-30,02_26pm,버터소리 짱이다🤩,2025-05-12,o.haru
1995,o.haru_2025-03-30,doinjieun,소금빵.. 따로 구우신건가요…?!!ㅠ,2025-06-08,o.haru
1996,o.haru_2025-03-28,oyigs_10,아 진짜 이언니 넘 기엽자눙💫,2025-03-28,o.haru
1997,o.haru_2025-03-28,clarebieber,6주좋아요 2개답글 달기,2025-06-14,o.haru
1998,o.haru_2025-03-28,devrani995,12주좋아요 2개답글 달기,2025-05-06,o.haru
1999,o.haru_2025-03-28,imsozz,@yo__ohaaaa 나 핫치즈 저거 먹어보도픔,2025-04-10,o.haru
2000,o.haru_2025-03-28,lovesomeone.joy,@100_seo_62 넘 마싯어보여요..,2025-04-05,o.haru
2001,o.haru_2025-03-28,danielzinh53,14주답글 달기,2025-04-24,o.haru
2002,o.haru_2025-03-27,8ozizo,이런과자먹는건 첨보는거같아서 새롭네요...,2025-03-27,o.haru
2003,o.haru_2025-03-27,song15ls,새우깡 매웃맛 존맛...😢,2025-03-28,o.haru
2004,o.haru_2025-03-27,1xovey0u,우왕 이런먹방신선하구죠아요……..!!!!!!!!!!!!,2025-03-27,o.haru
2005,o.haru_2025-03-27,sum.etc,"헉 오랜만에 고래밥 먹고싶다,,😋🐳🐙🦐🪼🐡🦑🦀",2025-03-27,o.haru
2006,o.haru_2025-03-27,ax._.yunb,"언닝 진짜 얼굴로만 봤을땐 아이돌 급이야,,",2025-07-29,o.haru
2007,o.haru_2025-03-27,armykute,바나나킥 잔뜩 넣고 바나나우유에 말먹 해주세용👏😍,2025-03-27,o.haru
2008,o.haru_2025-03-27,ga_y0on11,왠지 와국에서 유행? 할 거 같다,2025-04-26,o.haru
2009,o.haru_2025-03-27,devrani995,12주좋아요 1개답글 달기,2025-05-06,o.haru
2010,o.haru_2025-03-27,m4nuzly,18주좋아요 7개답글 달기,2025-03-27,o.haru
2011,o.haru_2025-03-27,sgdtraveling,오래 전부터 ㅛ렾ㅋㅇㅍ호ㅗ 덮쳐 ㅊ 투표율 폭망 기도하는 마음으로 열심히 하겠습니다,2025-04-16,o.haru
2012,o.haru_2025-03-27,devrani995,12주좋아요 1개답글 달기,2025-05-06,o.haru
2013,o.haru_2025-03-25,8ozizo,먹짱이란 이런거군요,2025-03-25,o.haru
2014,o.haru_2025-03-25,eirasarina94,나는 매운 라면을 좋아한다 😋✨✨,2025-03-26,o.haru
2015,o.haru_2025-03-25,jieuniyaaa,최고다…,2025-03-25,o.haru
2016,o.haru_2025-03-25,suloini,너무 맛잇어보요요ㅠㅠㅠㅠㅠ,2025-05-13,o.haru
2017,o.haru_2025-03-25,1xovey0u,김치머임요……?소리가너무고자극입니다만ㅜㅜㅜㅜㅜ,2025-03-25,o.haru
2018,o.haru_2025-03-25,ch_0gf,저요 저요 제발 저요 제가 아니면 안돼요 제발 저요 오직 이 날을 위해서 지금까지 살아왔어요 제발 제가 된다면 죽어도 여한이 없어요 제발 저요저요 제발 저요 저는 저요밖에 모르는 저요에요,2025-05-24,o.haru
2019,o.haru_2025-03-25,sum.etc,후추치즈열라면 안 먹어본사람 없게할 것 같아요 ㅠㅠ 맨날 존맛탱구리만 드시는 기욤씨❤️❤️,2025-03-26,o.haru
2020,o.haru_2025-03-25,devrani995,12주좋아요 80개답글 달기,2025-05-06,o.haru
2021,o.haru_2025-03-25,imbaegopa_,와…..,2025-03-25,o.haru
2022,o.haru_2025-03-25,0livia___lusi,"으아.. 12시에 봐버렸어,,",2025-03-27,o.haru
2023,o.haru_2025-03-25,zeens_17,6주좋아요 5개답글 달기,2025-06-13,o.haru
2024,o.haru_2025-03-25,a_rrrmango,국자 개천재👏,2025-03-25,o.haru
2025,o.haru_2025-03-25,isunnn.n,@hogeol.lyu 이게 라면 세봉지,2025-03-25,o.haru
2026,o.haru_2025-03-25,world_minion_s,홍은채 닮으셨다,2025-03-30,o.haru
2027,o.haru_2025-03-25,niullgulgonghwaguk,X나맛잇겠다,2025-04-02,o.haru
2028,o.haru_2025-03-25,o_y.eun,....?와 와..............🤤,2025-04-22,o.haru
2029,o.haru_2025-03-25,star.116v,라면 먹고파 😮,2025-04-26,o.haru
2030,o.haru_2025-03-25,sdqva.fs,음 음 마자 🤤,2025-05-03,o.haru
2031,o.haru_2025-04-01,8ozizo,헐대박 일반아이스크림은 바로녹아버릴거같은데 엄청쫀득한가바요!! 하맛있겠다... 젤라또식감에 훨씬달고 저당이면 백개도 먹을수있을거같아요🤤🤤 바삭바삭콘부분까지 정말완벽한아이스크림인듯... 언니가맛있게목어서 저도먹어보고싶내여,2025-03-23,o.haru
2032,o.haru_2025-04-01,gleefu__l,파베크림콘 조아조아요💛💛💛 맛있게먹고 후기 고고할게요 🫶🏻🫶🏻,2025-03-24,o.haru
2033,o.haru_2025-04-01,gorilla._.3,저용 ㅠㅠ🍦🍦🍦🍦♥️,2025-03-23,o.haru
2034,o.haru_2025-04-01,j.k0ng8_,저요!!!!!!!!!!!!!먹고싶어요!!!!!!!!❤️❤️,2025-03-23,o.haru
2035,o.haru_2025-04-01,8sakinyong,쩌요!!!!!!!!❤️❤️❤️,2025-03-23,o.haru
2036,o.haru_2025-04-01,pms.itsme,넘맛있어보여요,2025-03-24,o.haru
2037,o.haru_2025-04-01,idk_seo,저요🔥,2025-03-23,o.haru
2038,o.haru_2025-04-01,eatingbread.2,아이스크림 짱 좋아하는데ㅠㅜㅜㅠㅠㅠ저당이라니😍🔥🔥👏👏저요…❤️❤️❤️,2025-03-23,o.haru
2039,o.haru_2025-04-01,bori_kie,쫀득폭발이다👏👏,2025-03-23,o.haru
2040,o.haru_2025-04-01,yeyeyeeuneun,헝 완전 맛있어보여여.....🤤🍦🍦,2025-03-23,o.haru
2041,o.haru_2025-04-01,_a1onez,맛있겠다…….,2025-03-23,o.haru
2042,o.haru_2025-04-01,ezzmfn,요즘에 날이 확 따뜻해지면서 아이스크림이 너무 땡겼는데 이런 이벤트라니!!🍦 라라스윗먹고 당 걱정 없이 !!오하루 언니영상 보면서🫰🏻하루 스트레스 날려버릴래용🤤🩷,2025-03-23,o.haru
2043,o.haru_2025-04-01,nenenini____,라라스윗 진짜 좋아하는데 젤라또라니 ㅠㅠㅠ 넘넘 맛있어보여요❤️,2025-03-23,o.haru
2044,o.haru_2025-04-01,whydontyooou,헐 완전 쫀득하고 맛나보인다 🤤🤤🤤,2025-03-23,o.haru
2045,o.haru_2025-04-01,lovem_easiam,아니 그냥 비주얼이랑 재질부터 제껀데요??? 성분도 좋다니 이거 그냥 너무 먹어보고 싶어요!!!!!,2025-03-23,o.haru
2046,o.haru_2025-04-01,goasktheworld_andcheckthat,으아 ㅜㅜㅜㅜㅜㅜ 진짜 맛있겠다요 제발 저요 저 아니면 안돼요,2025-03-23,o.haru
2047,o.haru_2025-04-01,k_cooli,저두 쫀딕쫀딕 젤라또 조아해여~~ 당첨되면 너무 좋겠당 끼약~~✨✨,2025-03-23,o.haru
2048,o.haru_2025-04-01,house_watermelon___,wow 너무 궁금해요 어떻게 이런 맛있는 신상이 출시되다니..... !!!!!,2025-03-23,o.haru
2049,o.haru_2025-04-01,sum.etc,오아😮 저으니까 쫀득쫀득 터키아이스크림처럼 변하네요! 쫀독하니 더 맛나보여요💞 우주최강맛잘알귀욤먹방유튜바 하루님이 드시는건 역시 뭐든 😚💕👍,2025-03-24,o.haru
2050,o.haru_2025-04-01,boangjoa,젤라또 넘 좋아하는데 라라스윗 저당콘 먹어보고싶어요 😻😻,2025-03-23,o.haru
2051,o.haru_2025-04-01,saeonei,저요🙌🙌🙌🙌🙌,2025-03-24,o.haru
2052,o.haru_2025-04-01,woauoahos,저도 따라해보고싶어요❤️❤️,2025-03-23,o.haru
2053,o.haru_2025-04-01,abtaland,아 너무 맛잇을 것 같애요ㅠㅠㅠㅠ,2025-03-24,o.haru
2054,o.haru_2025-04-01,uii___tt,젤라또🔥🔥🔥,2025-03-23,o.haru
2055,o.haru_2025-04-01,hahhahaaha._,참여합니다!,2025-03-23,o.haru
2056,o.haru_2025-04-01,hugutigr,저요!!!!!!!!!!!!제발 제발제발 제벌 🔥🔥🔥🔥🔥🔥아이스크림아ㅜㅜ,2025-03-23,o.haru
2057,o.haru_2025-04-01,__xenrua,저여...!! 평소에 라라스윗 너무 먹어보고 싶었는데 학생인지라 지갑이 텅장이 되어버려서 먹을 기회가 없어ㅛ는데 이번에 하루님이 열어주신 이벤트를 통해서 먹게 된다면 정말 너무 행복할 것 같아요!! 오늘도 영상 올려주셔서 감사합니단 😻,2025-03-23,o.haru
2058,o.haru_2025-04-01,norehalgoyang_,야자할때 라라스윗 많이먹었는데🥲,2025-03-23,o.haru
2059,o.haru_2025-04-01,486hae,저요 🙋‍♀️ 우리동네 cu에는 안팔아요ㅠㅠ😂 🔥,2025-03-24,o.haru
2060,o.haru_2025-04-01,00o0cco,나다,2025-03-24,o.haru
2061,o.haru_2025-04-01,devrani995,12주좋아요 1개답글 달기,2025-05-06,o.haru
2062,o.haru_2025-04-01,plz._turn0ntheb,제발 저요 아니 제발 제가아니면 안돼요 저요 저요 제발 저요 제가 아니면 안돼요 제발 저요 오직 이 닐 을 위해서 지금까지 살아왔어요 제발 제가 된다면 죽 어도 여한이 없어요 제발 저요요 저요 저요 제발 저 요 저는 저요밖에 모르는 저요에요 저요요 제발 저요 제가 된다면 이 순간을 캡쳐해 대대손손 물려줄 거에 요 이정도 정성이면 하늘도 알아 주시겠죠 제 발... 저 요.. 저요 저요 제발 저요 이것은 운명의 데스 티니 영혼의 소울 불꽃의 파이어 물의 워터 신의 갓이 오 직 제가 되기 위해 존재하는 이유이기 때문이에 요 그니까 저요 그래도 저요 하지만 저요 언제나 저 요 저요요 제발~ 저요 저요 저요 너요 쟤요 말고 오직 저요 저는 저에요 다들 비켜 주세요 제가 이렇 게 간절해 저요 저요 제발 저요 제가 아니면 안돼요 제발 저요 오직 이 날을 위해서 지금까지 살아왔어요 제발 제가 된다면 죽어도 여한이 없어요 제발 저요저 요 저요 저요 제발 저요 저는 저요밖에 모르는 저요 에요 저요저요 제발 저요 제가 된다면 이 순간을 캡 쳐해 대대손손 물려줄거에요 이정도 정성이면 하늘 도 알아 주시겠죠 제발...저요.. 저요 저요 제발 저요 이것은 운명의 데스티니 영혼의 소울 불꽃의 파이어 물의 워터 신의 갓이 오직 제가 되기 위해 존재하는 이유이기 때문이에요 그니까 저요 그래도 저요,2025-03-23,o.haru
2063,o.haru_2025-04-01,uoasuna,"하루님처럼 스윗한 아이스크림,,, 저도 먹어보고싶네요,, 츄베룹,,,^^*",2025-03-23,o.haru
2064,o.haru_2025-04-01,zazangrl,우아 저당파베크림콘 먹구싶어여 ㅠ..ㅠ,2025-03-23,o.haru
2065,o.haru_2025-04-01,rissohus,이번영상 청량해보이고 예뻐보이네요❤️❤️,2025-03-23,o.haru
2066,o.haru_2025-04-01,oo_cciyuqw,저 이벤트 신청해욤!!🙌🙌,2025-03-23,o.haru
2067,o.haru_2025-04-01,dydqls_dl,진짜 라라스윗 일 너무 잘한다.. 개쫀쫀해보임,2025-03-23,o.haru
2068,o.haru_2025-04-01,in.inuu,라라스윗 저당콘 너무 맛있어 보여요..🩵🩵,2025-03-23,o.haru
2069,o.haru_2025-04-01,waxetoxarth,저요ㅜㅜㅜㅜㅜㅜㅜㅜㅜ❤️ㅜ❤️❤️ㅜㅜㅜㅜㅜㅜ❤️❤️❤️❤️,2025-03-23,o.haru
2070,o.haru_2025-04-01,godungee,저요저요 저 먹고싶아요 🫰🫰🫶🫶😻😻,2025-03-23,o.haru
2071,o.haru_2025-04-01,mikyeisfantasy,제발저요❤️❤️❤️❤️❤️❤️,2025-03-23,o.haru
2072,o.haru_2025-04-01,antmswltdldi,언니 뀌여워요😍😋😋😋😋,2025-03-23,o.haru
2073,o.haru_2025-04-01,mxxji06,우와 진짜 맛있어보여요..... 월드콘이나 평소다른 아이스크림보다 더 쫀득할수가 있나요??😮😍😍😍😍,2025-03-23,o.haru
2074,o.haru_2025-04-01,ssibalww,넘 맛있어 보영용!!,2025-03-23,o.haru
2075,o.haru_2025-04-01,amulleet,하루밈미 드셔서 더 맛있어 보여요 ♥,2025-03-23,o.haru
2076,o.haru_2025-04-01,out5fcontrol,전부터 먹어보고싶었어요!!!,2025-03-23,o.haru
2077,o.haru_2025-04-01,onxznel,완전 쫀득해보여요!!😍,2025-03-23,o.haru
2078,o.haru_2025-04-01,chagang_s,젤라또 맛있겠다요 🤭,2025-03-23,o.haru
2079,o.haru_2025-04-01,jummsunsgamza,앙존맛,2025-03-23,o.haru
2080,o.haru_2025-04-01,kfouriam,진짜 내가 좋아하는 사람과 개존맛 라라스윗의 콜라보..쩐다… 저 진짜 저 개쫀쫀해보이는 젤라또같은아이스크림을 제 입에 넣고시퍼요 ㅠ 제발 추첨 ㅠㅠㅠㅠㅠㅠ🥺,2025-03-23,o.haru
2081,o.haru_2025-04-01,chory.vely,궁그미🍦💙,2025-03-23,o.haru
2082,o.haru_2025-04-01,chimimo._,언니 넘 맛있게 먹는다❤️❤️🙌🔥,2025-03-23,o.haru
2083,o.haru_2025-04-01,seoeoooeieoeoeooo,저도 먹어보규 싶어여👏😍❤️,2025-03-23,o.haru
2084,o.haru_2025-04-01,gx_ryxxg,와 ... 쫀득쫀득 너무 맛있어보여요 다이어트하는 이후로 유일하게 먹는 아이스크림이 라라스윗인데 제 최애맛은 말차 초코바거든요 ...? 학생이라 매일같이 공부 다 끝내구 집가는 길에 사서 씻고 나와서 하루를 다 마치고 먹던 그 맛이 얼마나 맛있던지 ㅜㅜ 근데 이거보니까 최애가 바뀔 것 같다는 생각이 들어요 하하 쫀쫀하니 너무 맛있어보여요 .. 먹어보고싶다 😂😂💗🫧👍🏻👍🏻,2025-03-28,o.haru
2085,o.haru_2025-03-20,hyeee_rim,구매처 궁금합니당 ㅜ🍵💚,2025-03-20,o.haru
2086,o.haru_2025-03-20,1xovey0u,오늘마카롱먹고싶어서마카롱먹방찾아보던거어케아셨어요………😍💦,2025-03-20,o.haru
2087,o.haru_2025-03-20,hama_ping,언니 눈이 좀 빨간거같은데 괜찮아요?,2025-04-17,o.haru
2088,o.haru_2025-03-20,luvo4d,와진짜맛있겠다….말차마카롱심지어6가지맛…,2025-07-26,o.haru
2089,o.haru_2025-03-20,lukhyeon091,와미친ㅠㅠ개맛잇겟다한입만주새요,2025-03-20,o.haru
2090,o.haru_2025-03-20,devrani995,12주좋아요 2개답글 달기,2025-05-06,o.haru
2091,o.haru_2025-03-20,aeong_1010,미췬,2025-06-19,o.haru
2092,o.haru_2025-03-14,8ozizo,이게무슨음식이지?...,2025-03-15,o.haru
2093,o.haru_2025-03-14,1xovey0u,와 맛있는거에맛있는거에맛있는거………,2025-03-15,o.haru
2094,o.haru_2025-03-14,sum.etc,묻히고 먹어도 이렇게 귀여운 사람은 하루님 밖에 없을듯 히히😙💓❤️💕,2025-03-15,o.haru
2095,o.haru_2025-03-14,do_you_love_dongasu,헐 어떻게 만드셨어요ㅠㅠ?,2025-03-23,o.haru
2096,o.haru_2025-03-14,se.yen_,이건 진쩌 ㄹㅈㄷ다.😮😮 아니..언니는 뭘 먹어도 더 멋있어보여ㅕ😍,2025-04-28,o.haru
2097,o.haru_2025-03-14,devrani995,12주좋아요 1개답글 달기,2025-05-06,o.haru
2098,o.haru_2025-03-14,y.ox2n_,근데 약간 키키 지우 닮은 듯? 아닌가,2025-03-18,o.haru
2099,o.haru_2025-03-11,8ozizo,와맛잇겟다.... 마라로제엽떡........ 언니저녁에 이거올리는거 반칙인거같아요..............,2025-03-12,o.haru
2100,o.haru_2025-03-11,ch13won,진짜 맛있게 먹는다ㅠ,2025-05-09,o.haru
2101,o.haru_2025-03-11,s_woo28,진짜 ㅈㄴ 맛있게 먹는더,2025-03-17,o.haru
2102,o.haru_2025-03-11,ongongyouong,와개맛있겠다,2025-06-09,o.haru
2103,o.haru_2025-03-11,hzxern_,진짜 맛잇겟다ㅜ,2025-03-11,o.haru
2104,o.haru_2025-03-11,would.yo.u,진짜 맛있겠다 ......,2025-03-12,o.haru
2105,o.haru_2025-03-11,alsdmswnfls,너무 귀여워요...🥹💕,2025-03-12,o.haru
2106,o.haru_2025-03-11,p1zinseoul,왜 혼자 드세요 저 여기 있는데,2025-03-13,o.haru
2107,o.haru_2025-03-11,_everyday.7,저거진심 개존맛탱임,2025-04-21,o.haru
2108,o.haru_2025-03-11,soyzxl,혜인 닮음,2025-05-24,o.haru
2109,o.haru_2025-03-11,6zwsox,영롱하다,2025-03-13,o.haru
2110,o.haru_2025-03-11,sh0rt_duck,"뭐라고 해야하지,,",2025-07-24,o.haru
2111,o.haru_2025-03-11,sum.etc,갸악 마라로제🧡👄🧡‼️‼️,2025-03-15,o.haru
2112,o.haru_2025-03-11,hy.e0in_,ㄹㅇ 맛있는거 다 합쳐놨노,2025-03-19,o.haru
2113,o.haru_2025-03-11,1xovey0u,아니언니이거뭐예요ㄹㅈㄷ음식색감미쳑나봐요….,2025-03-12,o.haru
2114,o.haru_2025-03-11,ziwonarchive,마딧겟당,2025-03-13,o.haru
2115,o.haru_2025-03-11,devrani995,12주좋아요 2개답글 달기,2025-05-06,o.haru
2116,o.haru_2025-03-11,_eun0o,망릿겟가,2025-05-06,o.haru
2117,o.haru_2025-03-11,gabycostasc,14주답글 달기,2025-04-20,o.haru
2118,o.haru_2025-03-11,yo.n1a,긴영상 만들어 주시면 먹방 이분 것만 봄,2025-05-21,o.haru
2119,o.haru_2025-03-11,1mhunter2ho1,마디개다 ㅇ,2025-03-13,o.haru
2120,o.haru_2025-03-11,kim4ura,지금까지 정확하게 53번 보러옴,2025-06-25,o.haru
2121,o.haru_2025-03-11,chic__aura,무표정으로 카메라의식 어색해요 웃거나 아니면 음식에 집중해야 몰입도 있을것같은데 빤히 쳐다보면 응?,2025-06-15,o.haru
2122,o.haru_2025-03-11,furskghw,새벽1시36분배고파뒤지겟다,2025-06-09,o.haru
2123,o.haru_2025-03-11,_o3o_v,내가존나먹고싶러하던건데,2025-07-23,o.haru
2124,o.haru_2025-03-10,hokongsuni,불닭 때깔 ㄷㄷ이심…,2025-03-10,o.haru
2125,o.haru_2025-03-10,1xovey0u,저도언젠가는편의점음식을털어서진수성찬을차려먹겠어여…………… 맛있겠다ㅜㅜㅜㅜㅜ,2025-03-10,o.haru
2126,o.haru_2025-03-10,na0eoo,흐어어어어우유ㅠㅠㅠㅠㅠ어ㅓㅓㅓ 맛있게 드신다,2025-03-11,o.haru
2127,o.haru_2025-03-10,iamuiaw,수건케이크 주세요ㅇㅇㅇ 🙏🏻😭❤️‍🩹❤️‍🩹❤️‍🩹,2025-03-11,o.haru
2128,o.haru_2025-03-10,iamuiaw,아 😍😍😍🔥🔥🔥🗣️🗣️🗣️‼️‼️‼️,2025-03-11,o.haru
2129,o.haru_2025-03-10,devrani995,12주좋아요 2개답글 달기,2025-05-06,o.haru
2130,o.haru_2025-03-10,xx_seoeojin,불닭이 비빔면 처럼 보인데 맛도리일듯,2025-03-10,o.haru
2131,o.haru_2025-03-10,mlli__a0,불닭 어떻게 끓인거예요?🥹,2025-06-17,o.haru
2132,o.haru_2025-03-10,noriminimi,너무 권력있어요,2025-07-26,o.haru
2133,o.haru_2025-03-09,j.k0ng8_,시원하고 맛있겠다 쿠키앤크림 최고ㅠㅠ,2025-03-09,o.haru
2134,o.haru_2025-03-09,8ozizo,헐재박맛잇겟다 언니는어떻게 이런거를잘찾아서드세요??? 저완전디저트킬러 민초킬러그냥바로국정원스카우트당하는데 진심무조건사먹을거에여 언니이영상 완전귀엽게목어서너무좋아요🫰🏻🫰🏻 자막도잇어서좋앗어요 언니월요일화이팅,2025-03-09,o.haru
2135,o.haru_2025-03-09,antmswltdldi,언니 노무 잘먹어서 좋아요 ㅎ히🥸🫰🏻,2025-03-09,o.haru
2136,o.haru_2025-03-09,ssibalww,시원하게 먹고싶당,2025-03-09,o.haru
2137,o.haru_2025-03-09,iny_all_,구매처가 어떻게 되나요??,2025-03-31,o.haru
2138,o.haru_2025-03-09,dxllx2e,렌즈 돌아갔아요,2025-03-16,o.haru
2139,o.haru_2025-03-09,gwaknanang,❤️❤️❤️사랑해여,2025-03-09,o.haru
2140,o.haru_2025-03-09,1xovey0u,분명다른쿠키도우먹방영상에서는전혀맛있어보이지않았는데………. 하루님영상에서는왜이렇게맛있어보이는거예요????!!??!ㅜㅜ,2025-03-09,o.haru
2141,o.haru_2025-03-09,oilknfk,어디서 사셨어요????,2025-03-09,o.haru
2142,o.haru_2025-03-09,sum.etc,귀여워요오❤️❤️ 눈빛이 초롱초롱🤩💫✨🌟⭐️,2025-03-09,o.haru
2143,o.haru_2025-03-09,kiraringu,하루언니 렌즈 정보 알 수 있을까요..?!,2025-03-14,o.haru
2144,o.haru_2025-03-09,devrani995,12주좋아요 3개답글 달기,2025-05-06,o.haru
2145,o.haru_2025-03-09,superhotcongs2n,궈여워ㅠㅠㅠ🐤🍮🍮,2025-03-09,o.haru
2146,o.haru_2025-03-09,marimorimang,아기같다..,2025-03-10,o.haru
2147,o.haru_2025-03-09,rina17b,전 왜 얼굴만 보이죠♡,2025-03-10,o.haru
2148,o.haru_2025-03-09,negaggangeda,슬라임인줄,2025-03-14,o.haru
2149,o.haru_2025-03-09,woosxxol,어디서 사요,2025-03-15,o.haru
2150,o.haru_2025-03-09,soi1person,맛잇갯다,2025-03-20,o.haru
2151,o.haru_2025-03-09,jewxler,운니 이거 어디서사셨나요..ㅠㅠ,2025-03-30,o.haru
2152,o.haru_2025-03-09,j1x._en0,먼 식감이지,2025-04-19,o.haru
2153,o.haru_2025-03-09,jr_ego4,몇번을 보고있는거지,2025-06-03,o.haru
2154,o.haru_2025-03-09,icaeyul865,한국분이세요?,2025-06-22,o.haru
2155,o.haru_2025-03-09,melek_zubeydeakdag,5주답글 달기,2025-06-24,o.haru
2156,o.haru_2025-03-09,hahaharlqma,머거보고싶당 ㅠㅠ,2025-07-15,o.haru
2157,o.haru_2025-03-09,motis.888,어떤게 제일 맛있어요?,2025-07-20,o.haru
2158,o.haru_2025-03-09,ax._.yunb,ㄲㅑㅑㅑ 나 이런 쿠키반죽 먹고 싶었는데 머얍🫶🫶🫶,2025-07-29,o.haru
2159,o.haru_2025-03-08,8ozizo,와 크크크치킨에떡볶이 조합이ㅁㅊ다 너무맛잇겟다...🤤🤤 오늘저녁 ㅋㅋㅋ치킨으로갑니다 언니근데 자막있는것도 가끔보여주세여 재밋는거같아요,2025-03-08,o.haru
2160,o.haru_2025-03-08,mnisoeo,와아악 한입만주세여 맛있겠다 60계 일 잘하네 ㅠㅠ,2025-03-08,o.haru
2161,o.haru_2025-03-08,th_ox1,크ㅡ크크 개 맛있음,2025-03-09,o.haru
2162,o.haru_2025-03-08,oyigs_10,오늘도 넘우 기여우세엽💓,2025-03-08,o.haru
2163,o.haru_2025-03-08,iamuiaw,Convenient store mukbang 주세요 👏👏👏,2025-03-08,o.haru
2164,o.haru_2025-03-08,1ovsummer_,@als31.x 이거 머그자,2025-03-09,o.haru
2165,o.haru_2025-03-08,g2inox_,홍은채닮앗어요,2025-03-17,o.haru
2166,o.haru_2025-03-08,1xovey0u,분명치킨집광고인데…….치킨보다떡볶이가맛있어보이는나는무엇인가,2025-03-08,o.haru
2167,o.haru_2025-03-05,8ozizo,넘우귀여워...엄마몰래과일찹쌀떡먹기구도...,2025-03-08,o.haru
2168,o.haru_2025-03-05,1xovey0u,과일 크게 직접 넣은 게 너무넘먼뭄ㄴ무 맛있어보여여…………,2025-03-05,o.haru
2169,o.haru_2025-03-05,o.haru___,"과일찹쌀떡 먹고싶어서 찹쌀떡 사와서 따로 과일 올려서 먹었어요❕❕제 픽은 역시 딸기,,,❤️",2025-03-05,o.haru
2170,o.haru_2025-03-05,antmswltdldi,언니~~~~~ 넘 귀여워요😍🫰🏻🫰🏻🫰🏻,2025-03-05,o.haru
2171,o.haru_2025-03-05,ax._.yunb,"와, 진짜 미춌는뎅? 너무 맛있게 드세요 ㅜㅜ",2025-07-29,o.haru
2172,o.haru_2025-03-05,sum.etc,헐 내 소원 들어주셨다..💓 다른 릴스에 과일찹쌀떡도 먹어달라고 댓 달았었는데...❤️❤️🙌🙌 잘 보고 가요 기욤씨🫶🫶🫶💕💕,2025-03-06,o.haru
2173,o.haru_2025-03-05,8ozizo,와쫀독쫀독미쳣다 언니신과일 잘먹나요?? 파인애플안셔요??? 아잠시만 못참는다 내일떡먹는다,2025-03-07,o.haru
2174,o.haru_2025-03-05,yesmynamechong2i,너모 마히께따 놈후 잘목는다 너무기욥다,2025-03-06,o.haru
2175,o.haru_2025-03-05,0dlanr,열심히 먹는 모습이 그냥 너무 귀엽잖아...❤️,2025-03-08,o.haru
2176,o.haru_2025-03-05,oyigs_10,진짜 햄찌같으세엽...🐹,2025-03-06,o.haru
2177,o.haru_2025-03-04,8ozizo,헐핫도그!!!!!!!!!!!!!!!!!!!!!!!!!!!!!!!ㅁㅊ 옆에는치즈볼인가요 와진짜맛잇겓다 이거레전드맛도리영상 제가못먹는만큼 언니가먹어서 제가살아요 아........아맛이ㅛ겠다,2025-03-04,o.haru
2178,o.haru_2025-03-04,76325__,짖짜너무맛있게드셔서배고파요,2025-06-03,o.haru
2179,o.haru_2025-03-04,1xovey0u,와제가하루님핫도그먹방계속돌려보는건또어떻게아시고……….ㅜㅜㅜ🤭🔥,2025-03-04,o.haru
2180,o.haru_2025-03-04,iiiiiiizzi,감자통모짜에 뿌려진거 뭐예여ㅠㅠ?,2025-03-10,o.haru
2181,o.haru_2025-03-04,heunuk25,언니… 피드로만 올린 짧은 영상들두 릴스로 올려주시면 안될까요ㅠㅠㅠ 😢,2025-03-05,o.haru
2182,o.haru_2025-03-04,yunchae103,이거 다드세요??,2025-03-07,o.haru
2183,o.haru_2025-03-04,me_.238,21주좋아요 74개답글 달기,2025-03-06,o.haru
2184,o.haru_2025-03-04,gamjamandoooo,어떻게ㅇ렇게맛잇게먹지와너무힌들어몼참겠ㅇ어ㅠ우ㅠ우어,2025-04-10,o.haru
2185,o.haru_2025-03-04,yun.a.o_o,핫도그 ㅠㅠㅠㅠ 이건 고문이야 ㅠㅠㅠㅠㅠㅠㅠㅠ 나한테 왜 그래 ㅠㅠㅠㅠㅠㅠㅠㅠㅠㅠㅠㅠㅠㅠ,2025-03-09,o.haru
2186,o.haru_2025-03-04,nmzuo,아 레전드개맛잇겟다,2025-06-22,o.haru
2187,o.haru_2025-03-04,ha._.hyeon11,나 이사람 보면서 항상느끼는건데 중국인아님 일본인 같이생김,2025-03-04,o.haru
2188,o.haru_2025-02-21,8ozizo,언니왜르케저한테 다가오기로결심햇어요?..,2025-02-21,o.haru
2189,o.haru_2025-02-21,eirasarina94,너무 맛있어서 배고프다 😂😭,2025-02-27,o.haru
2190,o.haru_2025-02-21,ca66age_,언니 어디 육회비빔밥집이에여????ㅠㅠㅠㅠㅠㅠㅠㅠㅠㅠ 사람 한번 살리는셈치규 알려주시면 안될까여ㅠㅠㅠㅠㅠㅠㅠㅠㅠㅠㅠㅠㅠ지금내일1교시수행평가임에도불구하고 육회비빔밥 생각밖에 안ㅇ아요ㅠㅠㅠㅠ,2025-03-26,o.haru
2191,o.haru_2025-02-21,sagishishugosho,귀여워여,2025-03-06,o.haru
2192,o.haru_2025-02-21,ssh443322,너의 눈은 너무 아름다워서 황금빛이고 정말 대단해🤎🤎,2025-03-06,o.haru
2193,o.haru_2025-02-21,agustineyoshi,진짜 SATISFYING!!!!😍,2025-02-25,o.haru
2194,o.haru_2025-02-21,che.r.ry11,와개맛있겠다,2025-02-21,o.haru
2195,o.haru_2025-02-21,3ushitokuno,영통팬싸구도먹방,2025-06-12,o.haru
2196,o.haru_2025-02-21,shun_12798,진짜반칙이에여….🍚🍚,2025-05-26,o.haru
2197,o.haru_2025-02-21,slovesd_4,신라면 크림치즈에 넣어먹는 영상 다시 보고싶어요 ㅠㅜ 🥹🥹 최애영상 .. 🥹🥹,2025-02-26,o.haru
2198,o.haru_2025-02-21,assertiveno,신고 ㅜㅜㅜㅜㅜㅜㅜ,2025-05-19,o.haru
2199,o.haru_2025-02-21,harushhhhya,와,2025-04-12,o.haru
2200,o.haru_2025-02-21,ikbal_erdogan25,"언니, 어떻게 그렇게 많이 먹어도 살 안 쪄? 숨 쉬어도 살이 쪄. 언니의 비결을 알려줄 수 있어?",2025-02-26,o.haru
2201,o.haru_2025-02-21,xeonzoldyck,아짘짜갸마싯어보여요아마싯겟다..,2025-02-23,o.haru
2202,o.haru_2025-02-21,s.2hny,이때 사용하신 블러셔 정보 궁금해여😢👏🔥,2025-04-25,o.haru
2203,o.haru_2025-02-21,mirzayevaa_malika,21주답글 달기,2025-03-02,o.haru
2204,o.haru_2025-02-21,1xovey0u,와소리머예여……미쳤다,2025-02-21,o.haru
2205,o.haru_2025-02-21,abracasanobaro,옛날 구도가 더 좋은 것 같기듀 해요 🥹 늘 좋은 영상 감사합니당 ♡,2025-02-21,o.haru
2206,o.haru_2025-02-21,sum.etc,우주최강 먹방귀욤씨가 더 가까이 나타났다!🫢💓🫢💓 꾸덕소리 대박😘,2025-02-22,o.haru
2207,o.haru_2025-02-21,jueun_91182,와.. 권력있어...😍,2025-02-22,o.haru
2208,o.haru_2025-02-20,jieuniyaaa,왕..조합미쵸따..겁나 맛있겠다..,2025-02-20,o.haru
2209,o.haru_2025-02-20,sum.etc,마이크가 추가되었네요 흐흐 배라 저랑 입맛 똑같으시다 맛잘알❤️,2025-02-20,o.haru
2210,o.haru_2025-02-20,sayangbuyah_18,17주답글 달기,2025-04-01,o.haru
2211,o.haru_2025-02-20,_hitika__,22주좋아요 1개답글 달기,2025-02-23,o.haru
2212,o.haru_2025-02-20,temirova4218,22주답글 달기,2025-02-21,o.haru
2213,o.haru_2025-02-20,xur___a,헐,2025-04-16,o.haru
2214,o.haru_2025-02-18,comeonkimchi,🥰저희 이리온 김치는 대량 공급하는 타사 브랜드들과 다르게 소량으로 어머님께서 직접 담아 만드십니다❤️,2025-02-18,o.haru
2215,o.haru_2025-02-18,0724_kim_,"언니 국물 무뼈닭발에 중당이랑 콩나물넣고 날치알 주먹밥 계란찜 먹어주세요,,❤️",2025-02-19,o.haru
2216,o.haru_2025-02-18,geunsik__,와 이리온김치 먹어봐야겟어요🔥🔥🔥,2025-02-19,o.haru
2217,o.haru_2025-02-18,96_g_h,와🙌🙌🙌,2025-02-19,o.haru
2218,o.haru_2025-02-18,neo.intp,양파 안넣어서 깜놀할때 커엽 ㅎ,2025-02-18,o.haru
2219,o.haru_2025-02-18,every_moment96,여기 파김치 짱이엿어요👏👏👏,2025-02-19,o.haru
2220,o.haru_2025-02-18,sum.etc,까먹은 두번째 양팤ㅋㅋㅋ😝🧅 청양고추도 넣고 고춧가루도 뿌리고 마지막에 반숙계후 올려서 짜장밥까지 맛잘알! 귀욤둥이씨 잘 봤어요오💓💓,2025-02-19,o.haru
2221,o.haru_2025-02-18,ayuning2957,마싱ㅆ게 잘 드시긴한데 김치랑 담에 같이 먹어주세염!,2025-02-19,o.haru
2222,o.haru_2025-02-18,hoytemplado,우아 파김치맛집인데 🔥🔥🔥🔥,2025-02-26,o.haru
2223,o.haru_2025-02-18,disroid__,와.....😮,2025-03-04,o.haru
2224,o.haru_2025-02-18,ra.tih4488,유튜브에 소개되나요?,2025-03-02,o.haru
2225,o.haru_2025-02-18,relaxmore_,꼬르륵소리 무엇 쏘큐트,2025-03-02,o.haru
2226,o.haru_2025-02-16,ohmygirl_ggang,아니 꾸우덕 쫘알깃 소리 미쳣냐고..❤️ 진짜 사랑해요 언니,2025-02-16,o.haru
2227,o.haru_2025-02-16,8ozizo,와미챳다 개맛잇겟다,2025-02-17,o.haru
2228,o.haru_2025-02-16,sum.etc,꾸덕꾸덕 미텼다🫢😋💓💓💓 소리도 너무 좋고 요리도 잘하고👍 잘 보고 가요 기욤씨💞,2025-02-17,o.haru
2229,o.haru_2025-02-16,toothsunweek,동파육먹어주세여,2025-02-18,o.haru
2230,o.haru_2025-02-16,yumifoodiee,미쳐따............진촤 맛잌ㅅ겠다..소세지 5억개 추가해서 먹어야지....(메모..),2025-02-25,o.haru
2231,o.haru_2025-02-16,novzn_,지은서당장나에게이것을낋여오거라,2025-02-18,o.haru
2232,o.haru_2025-02-16,raon._.16,안 매우세요?🔥❤️,2025-03-17,o.haru
2233,o.haru_2025-02-16,caeeun5858,"안그래도 중국당면 먹고싶어서 미치겟는데 로제까지 넣는다니.,. 꾸덕 쫀득 지렸다리",2025-04-07,o.haru
2234,o.haru_2025-02-16,iuuuxce,와,2025-02-18,o.haru
2235,o.haru_2025-02-16,ssso_l22,아 왤케 더럽게 먹음;; 깔끔하게 먹어주세요,2025-05-12,o.haru
2236,o.haru_2025-02-16,2gkrrl_re,비주얼 미쳤다...,2025-02-17,o.haru
2237,o.haru_2025-02-16,ehtmdgus0201,언니 너무 맛있게 드셔서 보기 넘 좋아요❤️,2025-02-17,o.haru
2238,o.haru_2025-02-16,aaapsssee,제발한입만,2025-02-20,o.haru
2239,o.haru_2025-02-16,onetree02,귀엽다,2025-02-20,o.haru
2240,o.haru_2025-02-16,ham.o3o.bbagg,넘야한데….,2025-02-22,o.haru
2241,o.haru_2025-02-16,ham.o3o.bbagg,개크레이지섹시푸드,2025-02-22,o.haru
2242,o.haru_2025-02-16,peachiebear_softqs,정말 방에서 요리하시나요?,2025-02-22,o.haru
2243,o.haru_2025-02-16,aifigiridogoroeoe,정신나갔나진짜졸라맛있겠다진짜너무배고파알고리즘 ㄱㅅㄲ진짜졸라맛있겟다 ㅆㅂ,2025-02-24,o.haru
2244,o.haru_2025-02-16,oooo0ooopoo,자세한 레시피 알려주실 수 있을까요 🥹,2025-02-27,o.haru
2245,o.haru_2025-02-16,1s2m3h4d,이분 최소 맛잘알,2025-02-28,o.haru
2246,o.haru_2025-02-16,ugi_0829,와.... 저도 꼭 만들어 먹어볼게요!🤤,2025-03-06,o.haru
2247,o.haru_2025-02-16,nav.t1z,와 개맛있겠다,2025-03-09,o.haru
2248,o.haru_2025-02-16,asian.girl25,"""얼음처럼 차가운 맛의 밤에 오신 것을 환영합니다! ❄️ | 먹방쇼""",2025-03-15,o.haru
2249,o.haru_2025-02-16,asian.girl25,구독 잊지 마세요🥰,2025-03-15,o.haru
2250,o.haru_2025-02-16,sc.z1y,먹방도 따로 올려주세요!,2025-03-30,o.haru
2251,o.haru_2025-02-16,uuittn1m,여기에빠져죽고싶다,2025-04-14,o.haru
2252,o.haru_2025-02-16,dkdrlaheel9,맛있겠다🤤🤤🤤,2025-04-21,o.haru
2253,o.haru_2025-02-16,dingdong_888888,와ㅠㅠ,2025-05-01,o.haru
2254,o.haru_2025-02-16,rolemodel_jang_wonyoung,우오와…,2025-05-14,o.haru
2255,o.haru_2025-02-16,iyeager_,한가닥만 주세요,2025-07-21,o.haru
2256,o.haru_2025-02-16,bluebird92_,한입만주세야,2025-07-23,o.haru
2257,o.haru_2025-02-16,deanfluenza0,하,2025-07-27,o.haru
2258,o.haru_2025-02-15,sammyfromkr,프렌치프라이 피자 미쳤네요..😍 어디껀가요?!?!,2025-02-15,o.haru
2259,o.haru_2025-02-15,yeonspp,피자불닭 맛잘알……🥺,2025-02-15,o.haru
2260,o.haru_2025-02-15,sum.etc,먹방계의 최고 귀욤씨 잘 봤어요오 🥰💞💞,2025-02-15,o.haru
2261,o.haru_2025-02-15,lovem_easiam,몰래 보다가 댓글 처음 써요 소리 진짜 기깔나요!!!!,2025-02-15,o.haru
2262,o.haru_2025-02-15,seulgiartw,17주답글 달기,2025-03-30,o.haru
2263,o.haru_2025-02-15,imnotgochu,넘귀여워,2025-02-17,o.haru
2264,o.haru_2025-02-15,high______fly_____,당신은 몇살이신가요? 정말 젊어 보이네요 ❤️❤️,2025-02-23,o.haru
2265,o.haru_2025-02-13,azajuhaju,아 맛있겠다,2025-05-20,o.haru
2266,o.haru_2025-02-13,sshyyygiirl,진짜넘먹고싶다,2025-02-14,o.haru
2267,o.haru_2025-02-13,two_jiwon,냉동했다가드신거에여..?🥹,2025-02-18,o.haru
2268,o.haru_2025-02-13,amaeamum,기욤씨 🤤🤍 잘 볼게요,2025-02-13,o.haru
2269,o.haru_2025-02-13,dx_mmn,베이글 안에 필링이있는게 아니고 필링위에 베이글은 얹은것같은디..??,2025-02-13,o.haru
2270,o.haru_2025-02-13,dmiakhleda,23주답글 달기,2025-02-19,o.haru
2271,o.haru_2025-02-13,onnemmm.0._,판매처 알 수 있을까요🥺,2025-02-13,o.haru
2272,o.haru_2025-02-12,8ozizo,언니돈까스먹기전에입맛다시는표정된거너무웃기고귀여워요진짜햄스더같고너무잘먹어요맛잇는거만이먹어요,2025-02-12,o.haru
2273,o.haru_2025-02-12,noicwma,언니!! 뿌링클 사이드 먹어주세요오,2025-02-13,o.haru
2274,o.haru_2025-02-12,kawaii.pig.from.9uinea,렌즈 정보 궁금해용🩷🩷,2025-02-12,o.haru
2275,o.haru_2025-02-12,maedaharin,던킨도넛 드셔주세여,2025-02-12,o.haru
2276,o.haru_2025-02-12,rrrrriccknnnneeeeey28282xbtzx,언니넘 이쁘구 잘머거요😢😍❤️😍❤️❤️❤️😍❤️,2025-02-12,o.haru
2277,o.haru_2025-02-12,th_ox1,한신우동😍,2025-02-24,o.haru
2278,o.haru_2025-02-12,omgursohandsome,립정보좀요🙌,2025-02-12,o.haru
2279,o.haru_2025-02-12,se.oyxn_,어디껀가요…,2025-05-04,o.haru
2280,o.haru_2025-02-12,relaxmore_,우동이 진짜 맛있었나봐..,2025-03-02,o.haru
2281,o.haru_2025-02-12,nigaganggggg,연세우유빵제발..,2025-04-08,o.haru
2282,o.haru_2025-02-12,da.x1.n,언니가 뿌링클 사이드 먹방을해주기 전까진 숨을 쉬지 않겠어요!!! 합!!,2025-02-13,o.haru
2283,o.haru_2025-02-12,6uiiw,언니 맘스터치 핫싸이치즈순살 먹어주세요!,2025-02-13,o.haru
2284,o.haru_2025-02-12,kimjihhye,우동 미치겠다…,2025-04-02,o.haru
2285,o.haru_2025-02-11,boggeunang,힝 ㅜㅜ 저도 한입만..,2025-02-12,o.haru
2286,o.haru_2025-02-11,bp_editor.4,내가 조아하는거만 드심 ㅠ❤️,2025-02-11,o.haru
2287,o.haru_2025-02-11,xodm0s,침흘러요,2025-02-13,o.haru
2288,o.haru_2025-02-11,yeonspp,내가 조아하는거만 드심 ㅠ,2025-02-11,o.haru
2289,o.haru_2025-02-11,t1ns3lily,24주좋아요 38개답글 달기,2025-02-11,o.haru
2290,o.haru_2025-02-11,za_u_zip,동결건조 과일 먹방해주세여,2025-02-12,o.haru
2291,o.haru_2025-02-11,k_y__16,와잠만진짜개맛있겠다,2025-02-13,o.haru
2292,o.haru_2025-02-09,8ozizo,동숲에나오는 애플이같아요너무구ㅟ여워ㅠㅠ,2025-02-10,o.haru
2293,o.haru_2025-02-09,che.r.ry11,맛있겠다 귀여워 ㅠㅜㅠ,2025-02-09,o.haru
2294,o.haru_2025-02-09,sagishishugosho,커여워,2025-02-14,o.haru
2295,o.haru_2025-02-09,hae__youn,치즈초콜렛 어디껀가요😢,2025-02-09,o.haru
2296,o.haru_2025-02-09,rina17b,"얼굴은 왜케예뿌신지, 첨에 한국분이 아니신가했다눈요😍",2025-02-12,o.haru
2297,o.haru_2025-02-09,sum.etc,하루님 과일찹쌀떡도 먹어주세요🥰🍓🍎🍊🍌🍇,2025-02-10,o.haru
2298,o.haru_2025-02-09,yu_2eong,어디서 구매합니까?,2025-02-09,o.haru
2299,o.haru_2025-02-09,whss_pbpbb,어떤 영상 댓글에도 있었는데 혹시 위험한 상황이세요..?? 진짜라면 다음번이든 다다음번영상에 파란색옷 입어주세요..,2025-02-11,o.haru
2300,o.haru_2025-02-08,yeonspp,맛잘알언니.,2025-02-09,o.haru
2301,o.haru_2025-02-08,wwthelly,뭐야 저도주세요...,2025-02-10,o.haru
2302,o.haru_2025-02-08,_seyo0ong,어디 김치찜인가요. 진짜 맛있어보이는데,2025-02-10,o.haru
2303,o.haru_2025-02-08,0dlanr,미쳤다🔥🔥🔥,2025-02-08,o.haru
2304,o.haru_2025-02-08,da.x1.n,뿌링클 사이드 먹방해주세요이..😋,2025-02-08,o.haru
2305,o.haru_2025-02-08,neo.intp,입에 양념묻혀가면서 먹는것이 꼭 애기 같네요,2025-02-08,o.haru
2306,o.haru_2025-02-08,cherrymang223,아니 언니………….하아…………..,2025-06-29,o.haru
2307,o.haru_2025-02-08,asakurajio,언니 진짜 지대로다ㅠ,2025-02-08,o.haru
2308,o.haru_2025-02-08,8ozizo,ㅁㅊ겠다진짜내하루언니가왜이리한식방위대야통삼겹비주얼걍돌앗네,2025-02-09,o.haru
2309,o.haru_2025-02-08,poet3162,@h2unnie 미치것다...,2025-03-03,o.haru
2310,o.haru_2025-02-04,dqbni,어디냉면인가요진짜너무맛있어보여요,2025-02-04,o.haru
2311,o.haru_2025-02-04,8ozizo,먹기전에 표정이진짜 설레보여서 너무귀여움...ㅎㅎ 언니마싯게먹어요♥️👏,2025-02-05,o.haru
2312,o.haru_2025-02-04,sum.etc,드시면서 한 번씩 빼꼼 쳐다보는거 넘 귀여워요ㅠㅠㅠㅠㅠ💕😍,2025-02-04,o.haru
2313,o.haru_2025-02-04,illiililiiilii,통삼겹김치찜에 계란말이에 쌀밥 먹어주세요...,2025-02-04,o.haru
2314,o.haru_2025-02-04,77rlzl_zzl7,오늘도귀여워요,2025-02-04,o.haru
2315,o.haru_2025-02-04,aozk.jekw,왜 새벽에 뜨는거야,2025-05-11,o.haru
2316,o.haru_2025-02-04,_chorong5,시원한 냉면 땡기네여😍,2025-02-04,o.haru
2317,o.haru_2025-02-04,chansyeonmo,아배고파지네요ㅠㅠ,2025-02-04,o.haru
2318,o.haru_2025-02-04,ct.azman,왜 고문당한 상태에서 식사를 합니까? 음식을 삼키는 데 어려움을 겪고 계시나요?,2025-02-04,o.haru
2319,o.haru_2025-02-04,seoyoungk315,하...냉면,2025-02-05,o.haru
2320,o.haru_2025-02-04,6uiiw,로제 마라샹궈 먹빵해주세요,2025-02-05,o.haru
2321,o.haru_2025-02-04,0dlanr,삼겹살이 너무 탐나는거야...,2025-02-04,o.haru
2322,o.haru_2025-02-04,cstmxk,하개맛잇겟다,2025-02-05,o.haru
2323,o.haru_2025-02-04,estrelasobosol,와 너무 맛있겠다😱😱😱,2025-02-05,o.haru
2324,o.haru_2025-02-04,chil_00,와 냉면 미친,2025-02-08,o.haru
2325,o.haru_2025-02-04,xe3mxil,냉면은 진짜 긴말하지 않겠다 냉면이 제일 맛있는 것 같아요...,2025-02-09,o.haru
2326,o.haru_2025-02-04,wlfkfehwjtekdgl,와 나 진짜 못참겟다진짜,2025-03-04,o.haru
2327,o.haru_2025-02-04,iwillbeyoursforsureee,와..,2025-04-14,o.haru
2328,o.haru_2025-02-04,7x.oal,다이어트 할 때만 이런거 나와😡😡,2025-04-17,o.haru
2329,o.haru_2025-02-04,gmxnjaee,방금 냉면먹었는데,2025-04-24,o.haru
2330,o.haru_2025-02-04,m.r0jh,맛있겠다아ㅏㅏ,2025-05-02,o.haru
2331,o.haru_2025-02-04,oexuwo__,너무 기여운 소녀…,2025-05-07,o.haru
2332,o.haru_2025-02-04,jtod_2222,와 냉면 진짜 좋아하는데 너무 배고프다😍,2025-06-10,o.haru
2333,o.haru_2025-02-04,jenniferlaweee,오진다👏👏👏👏,2025-06-19,o.haru
2334,o.haru_2025-02-04,fckig2saeng,하,2025-06-23,o.haru
2335,o.haru_2025-02-04,ousousos,와나지금너무먹고싶다,2025-07-13,o.haru
2336,o.haru_2025-02-04,octopus_lucky777,ㅁㅊ 이 세상에 만두 튀김이라는게 있어???????? 어떤 쩝쩝박사가 개발한그야,2025-07-28,o.haru
2337,o.haru_2025-02-02,ownper_3,브금이 이광수를 연상하게 되넼ㅋㅋㅋㅋㅋㅋㅋ이 브금만 들어도 웃김,2025-02-04,o.haru
2338,o.haru_2025-02-02,naeach_,진짜마싯게다..👏👏,2025-02-03,o.haru
2339,o.haru_2025-02-02,bpourraple,미친 것 같아요....... 🤤,2025-02-02,o.haru
2340,o.haru_2025-02-02,hihio3o_,ㅁㅊ맛있겠다ㅠㅠㅠ,2025-02-02,o.haru
2341,o.haru_2025-02-02,jan.e1120,맛있겠다ㅠㅠ 소스 두개 정보 궁금해용😍,2025-02-02,o.haru
2342,o.haru_2025-02-02,lalajdkl,아 맛있겠다😱🤍,2025-02-02,o.haru
2343,o.haru_2025-02-02,neul_kko,아 개마싯겟다,2025-02-02,o.haru
2344,o.haru_2025-02-02,yulasg1004,내 배: 꼬르륵꼬르륵꼬르륵😢😢😢❤️❤️❤️,2025-02-02,o.haru
2345,o.haru_2025-02-02,dongbori1,부리또를 깔끔하게먹다니.. 넘조아❤️❤️❤️,2025-02-02,o.haru
2346,o.haru_2025-02-02,wlrksh,레시피 알랴주세요ㅠㅠ,2025-02-11,o.haru
2347,o.haru_2025-02-02,seoyoungk315,나도한입만요,2025-02-06,o.haru
2348,o.haru_2025-02-02,neo.intp,이정도 먹었으면 살이 찔법도 한데 갈수록 이뻐지시는 흠,2025-02-02,o.haru
2349,o.haru_2025-02-02,sum.etc,맛있게 와구와구 드시고 마지막에 엄지척 넘 귀여워요 ㅎㅎㅎ☺️💕💕💕 까르보불닭브리또😋🤎👍👍,2025-02-02,o.haru
2350,o.haru_2025-02-02,_chorong5,와 이렇게 만들어서 먹을 생각을 하시다니..!!!! 저도 따라해봐야겠어요 ㅎ,2025-02-03,o.haru
2351,o.haru_2025-02-02,mile0vee,브금이 너무 귀여워요ㅠㅠ,2025-02-04,o.haru
2352,o.haru_2025-02-02,ko_a213,요리도 잘하네…,2025-02-06,o.haru
2353,o.haru_2025-02-02,iwishloveagain,힘들다,2025-02-10,o.haru
2354,o.haru_2025-02-02,cicak5170,얼마나 맛있어요!😮,2025-02-13,o.haru
2355,o.haru_2025-02-02,_wonbbin,불닭 좋아하지도 않는데 맛있어보임,2025-02-18,o.haru
2356,o.haru_2025-02-02,a.zlhxq,와 이건진짜 맛없없인데....,2025-02-20,o.haru
2357,o.haru_2025-02-02,joong.saeroy,이사람 너무예쁘게 드신다 ㅜㅜ,2025-02-26,o.haru
2358,o.haru_2025-02-02,ivin2323,언니는 천재야 이렇게 만들어 먹을 생각을 하다니👏,2025-02-26,o.haru
2359,o.haru_2025-02-02,tlqkf0107,아 맛있겠다,2025-03-03,o.haru
2360,o.haru_2025-02-02,jungexx_19,천재인가,2025-04-26,o.haru
2361,o.haru_2025-02-02,_219605,천재,2025-06-15,o.haru
2362,o.haru_2025-01-31,naeach_,이렇게 많이 두사는데 왜 살이 안쪄용..?ㅠㅠ,2025-01-31,o.haru
2363,o.haru_2025-01-31,2w.ai2,와 개맛있겠다,2025-01-31,o.haru
2364,o.haru_2025-01-31,zhwxae,저도 한입만 주세요🔥🔥,2025-01-31,o.haru
2365,o.haru_2025-01-31,sum.etc,잘먹고 귀엽고 예쁘고 피부도 좋고 다 하는 하루님🥰💕💕💕,2025-02-01,o.haru
2366,o.haru_2025-01-31,_suminy__,혹시 마라탕집 체인인가여..?,2025-01-31,o.haru
2367,o.haru_2025-01-31,_dailyvihh_.7,너무 아름다워요,2025-01-31,o.haru
2368,o.haru_2025-01-31,chu.berup_jmt,알고리즘 미띤🥹❤️,2025-07-05,o.haru
2369,o.haru_2025-01-31,ssibalww,두통 마라탕!!,2025-01-31,o.haru
2370,o.haru_2025-01-31,kzmxne,와,2025-02-01,o.haru
2371,o.haru_2025-01-31,dongbori1,몇단계인가용?,2025-01-31,o.haru
2372,o.haru_2025-01-31,010_x5xx_3x03,음식밖에안떠,2025-02-02,o.haru
2373,o.haru_2025-01-31,y_ya0306,한국인가요?🔥,2025-02-02,o.haru
2374,o.haru_2025-01-31,m2nnz2,아진짜유부존니맛잇겐네진짜,2025-02-03,o.haru
2375,o.haru_2025-01-31,oh__love1208,왜 꼭 음식영상은 새벽애 뜨는거야 배고프게…,2025-02-03,o.haru
2376,o.haru_2025-01-31,xen.992,유튜브 하시나요ㅠㅜ,2025-02-03,o.haru
2377,o.haru_2025-01-31,dzxokn,어떻게 이렇게 올망졸망하게 생겻지..😍,2025-02-03,o.haru
2378,o.haru_2025-01-31,_chorong5,침이 뚝뚝 너무 맛있게 드세요 !,2025-02-03,o.haru
2379,o.haru_2025-01-31,s60h66,하...왤케 맛있게 드세여.....,2025-02-04,o.haru
2380,o.haru_2025-01-31,wujin_kim,마라탕 어디 껀가요,2025-02-14,o.haru
2381,o.haru_2025-01-31,2sy728,가게 정보좀요ㅠㅠ,2025-02-17,o.haru
2382,o.haru_2025-01-31,relaxmore_,설마 뉴진면으로 하트 만드신건가여,2025-03-02,o.haru
2383,o.haru_2025-01-31,3a.xun_,씨발존나맛있겠다,2025-03-14,o.haru
2384,o.haru_2025-01-31,_eu0n,개짜증나게 새뱍에 이딴거 뜨고ㅈㄹ이노,2025-04-08,o.haru
2385,o.haru_2025-01-31,eu_n34x,카메라 구도가 신박하네,2025-04-13,o.haru
2386,o.haru_2025-01-31,8_dlebbp,왜 여기 다 뉴진면 하트인거 언급안하냐..ㅋㅋ,2025-07-01,o.haru
2387,o.haru_2025-01-31,_yourmysong,한님맛주세요,2025-07-08,o.haru
2388,o.haru_2025-01-31,bwjei0w,"카메라에 시선을 안주셨으먄 좋겠어용,,",2025-07-14,o.haru
2389,o.haru_2025-01-31,da_in12101,혹시 집게 어디건지 알수있을까요?...,2025-07-16,o.haru
2390,o.haru_2025-01-30,azeuxo,다이어트중인데요…..,2025-05-19,o.haru
2391,o.haru_2025-01-30,a.dmas1120,와,2025-02-06,o.haru
2392,o.haru_2025-01-30,sb.1no,너ㅓ무 맛있게 드시네여ㅜㅜㅜㅜㅡㅠ,2025-01-30,o.haru
2393,o.haru_2025-01-30,l_h_yo,이렇니?,2025-02-19,o.haru
2394,o.haru_2025-01-30,hxy1_en,와 맛잇겠다,2025-02-14,o.haru
2395,o.haru_2025-01-30,handaeunow,혹시 무슨 라면 이에여?,2025-02-01,o.haru
2396,o.haru_2025-01-30,kyunokey,새벽에 그걸 다 먹고 어쩌자는 거예요?,2025-04-09,o.haru
2397,o.haru_2025-01-30,o_0stay,pov:이거보고라면끓이는 내자신,2025-02-12,o.haru
2398,o.haru_2025-01-30,im_your_jh,@naisnazzz 나한테 왜이래..,2025-02-10,o.haru
2399,o.haru_2025-01-26,chrrytalkk,온니 떡볶이 맛있었나요?! 궁금해요..😍,2025-01-27,o.haru
2400,o.haru_2025-01-26,ohmygirl_ggang,스토리 너무 웃겼어요ㅋㅎㅋㅎ 진짜 친절하신 사장님 이네요..😍,2025-01-26,o.haru
2401,o.haru_2025-01-26,bbaeetavo,명량핫도그 떡볶이 진짜 맛잇오요,2025-01-27,o.haru
2402,o.haru_2025-01-26,s1znco,언니렌즈정보뭔가여?ㅠㅠ,2025-01-27,o.haru
2403,o.haru_2025-01-26,outdoeewe.io,일본인인줄,2025-01-29,o.haru
2404,o.haru_2025-01-26,sldja_tprtm,잘먹네..,2025-02-10,o.haru
2405,o.haru_2025-01-26,eirasarina94,"맛있는 음식, 배고프게 만들어요 😭😋✨",2025-02-12,o.haru
2406,o.haru_2025-01-26,maulidafatimah40,정말 좋아보이고 정말 늘어지네요,2025-03-02,o.haru
2407,o.haru_2025-01-26,e_via02,와 미쳤다,2025-03-04,o.haru
2408,o.haru_2025-01-26,ry.ywn,아,2025-03-16,o.haru
2409,o.haru_2025-01-26,belle_oficial203,"질문이 너무 까다로운가요? 제가 12살인데, 해보고 싶은데 추천하시나요? 정말 만족스러운 영상이었어요 ✨🌷",2025-04-06,o.haru
2410,o.haru_2025-01-26,zi._wo0o,치즈추가 한건가요?,2025-04-23,o.haru
2411,o.haru_2025-01-24,8ozizo,정말맛잇어보이네요...,2025-01-24,o.haru
2412,o.haru_2025-01-24,phoenix_land3,26주좋아요 1개답글 달기,2025-01-24,o.haru
2413,o.haru_2025-01-24,say_lov.e,@_hk.woo 우리굥이출발~,2025-01-24,o.haru
2414,o.haru_2025-01-22,mukccobang_,비주얼 미쳤네요 🤤,2025-01-27,o.haru
2415,o.haru_2025-01-22,jieuniyaaa,짱맛있겠다….,2025-01-22,o.haru
2416,o.haru_2025-01-22,yeonspp,하………………….😢😢🤤🤤,2025-01-22,o.haru
2417,o.haru_2025-01-22,t____7___7__7____t,이거 낫다,2025-01-22,o.haru
2418,o.haru_2025-01-22,zuzzulltv,하 개맛잇겟다,2025-01-22,o.haru
2419,o.haru_2025-01-22,abracasanobaro,애기가 잘먹네요.. 울지도않고..,2025-01-23,o.haru
2420,o.haru_2025-01-22,roosee__berry__,25주좋아요 2개답글 달기,2025-02-01,o.haru
2421,o.haru_2025-01-22,82_kr_top,소스 뿌린게 예술이네요,2025-01-22,o.haru
2422,o.haru_2025-01-21,sneakintoyourheart,엽닭은 떡이존맛,2025-01-23,o.haru
2423,o.haru_2025-01-21,_chorong5,국물을 머금은 당면은 사랑입니다❣️,2025-02-03,o.haru
2424,o.haru_2025-01-21,kapalagm.grr,27주좋아요 31개답글 달기,2025-01-24,o.haru
2425,o.haru_2025-01-21,iam.danburger,@twelvenines 너무억울해서눈물흘리면서보는중,2025-01-25,o.haru
2426,o.haru_2025-01-21,4ky12094,25주답글 달기,2025-02-03,o.haru
2427,o.haru_2025-01-21,_oarsly,dk 아 헐,2025-01-27,o.haru
2428,o.haru_2025-01-20,8ozizo,입에 초코묻은거 너무귀여워요 언니가맨날 초코도넛먹었으면좋겟어요...,2025-01-20,o.haru
2429,o.haru_2025-01-20,lyuboff_s2,나도 먹고 싶다!😮🤤,2025-01-20,o.haru
2430,o.haru_2025-01-20,iamnottisaaa,"와, 정말 멋지네요! 너무 귀여워요!",2025-01-20,o.haru
2431,o.haru_2025-01-20,zo_yj,뉴진스 혜인이 닮았써요 넘 귀엽고 예뿌십니다🥹🤍,2025-01-20,o.haru
2432,o.haru_2025-01-20,good.luck.304,머가 가장 맛있어용??,2025-01-20,o.haru
2433,o.haru_2025-01-20,s1idk0,렌즈 정보 좀여,2025-03-31,o.haru
2434,o.haru_2025-01-17,8ozizo,언니정말너무너무귀여워요마싯는거만이먹어요..,2025-01-17,o.haru
2435,o.haru_2025-01-17,pumpyy_umpkin,맛있게 보인다,2025-01-17,o.haru
2436,o.haru_2025-01-17,iran_teb_hany,"순간, 오징어 게임에서 임신한 그 여자애가 생각났는데, 당신도 저렇게 생겼다는 게, 정말 아름다웠단 말이에요 error당신이 그랬어요😂❤️",2025-01-24,o.haru
2437,o.haru_2025-01-17,iran_teb_hany,아주 귀여운 표정 ❤️,2025-01-24,o.haru
2438,o.haru_2025-01-17,ye_ioi,너무 이쁘게 맛있게 깔끔하게 잘드신다,2025-01-18,o.haru
2439,o.haru_2025-01-17,2myehin,@dawonkeem 아 치즈 추가 진짜 배운 여성이다 진짜 겨울엔 불닭볶음탕면이지 진짜 위장 난났네,2025-02-15,o.haru
2440,o.haru_2025-01-17,ny__a__a,무슨 치즈 뿌리는거에요?,2025-02-06,o.haru
2441,o.haru_2025-01-17,z.oa_9,@s_ou.y 이렇게 먹어보고 싶다,2025-04-13,o.haru
2442,o.haru_2025-01-17,gy__uri,사랑해요,2025-01-25,o.haru
2443,o.haru_2025-01-17,yeham8805,조금씩만 먹기 오래 보고싶으니까 ~ ❤️,2025-02-03,o.haru
2444,o.haru_2025-01-17,k_jeong_cheol,난 매운거 못먹는데..!,2025-02-16,o.haru
2445,o.haru_2025-01-17,m1nzi.2,으아어엉ㅇㅇ,2025-02-17,o.haru
2446,o.haru_2025-01-17,sara_aglan2012,너의 영상 너무 좋아해,2025-03-10,o.haru
2447,o.haru_2025-01-17,az_estefany17,17주답글 달기,2025-03-30,o.haru
2448,o.haru_2025-01-17,nepo.savannah,16주답글 달기,2025-04-07,o.haru
2449,o.haru_2025-01-17,luuvsv,@s0___0vely ..... 하 내서탈,2025-05-03,o.haru
2450,o.haru_2025-01-17,kindbirdhouse,언니 너무 귀여워요 ❤️,2025-05-17,o.haru
2451,o.haru_2025-01-17,agataha82,좋아요,2025-06-18,o.haru
2452,o.haru_2025-01-16,dx_mmn,우째 이리 귀엽너….마쉬멜로우도..먹는 사람도…,2025-01-16,o.haru
2453,o.haru_2025-01-16,_jiyuuni,맛잇겟다,2025-01-19,o.haru
2454,o.haru_2025-01-16,x0eun1._,"초코먹을때 오리 장난감 소리나요,,ㅠㅠ 큐ㅠ",2025-01-21,o.haru
2455,o.haru_2025-01-16,che.r.ry11,마싰갯다,2025-01-21,o.haru
2456,o.haru_2025-01-16,young_eun1210,맛있겟다,2025-01-18,o.haru
2457,o.haru_2025-01-16,hee.ttoo3693,언니 오늘도 맛있게 잘드셔여❤️잘보구가여😍😍😍😍,2025-06-24,o.haru
2458,o.haru_2025-01-16,fularuit,마잇겟노,2025-03-23,o.haru
2459,o.haru_2025-01-16,_dounou143_,27주좋아요 5개답글 달기,2025-01-19,o.haru
2460,o.haru_2025-01-16,_jiyuuni,아미친,2025-01-19,o.haru
2461,o.haru_2025-01-16,joing_3,와 미친 개맛있어보임,2025-01-23,o.haru
2462,o.haru_2025-01-16,dongbori1,안느끼해요??,2025-01-16,o.haru
2463,o.haru_2025-01-16,ha._.yul1113,맛있겠는데 너무 질릴듯,2025-03-13,o.haru
2464,o.haru_2025-01-16,za_u_zip,소리 대박 ..🤍,2025-01-17,o.haru
2465,o.haru_2025-01-16,pxchxnchxn,초코 미챳ㄷㅏ 꼭 먹어야지,2025-07-14,o.haru
2466,o.haru_2025-01-16,owo12131415,@jeon_unni_ 다들 빨리 젼언니 태그해ㅐ,2025-04-21,o.haru
2467,o.haru_2025-01-16,zm___.313,그것은 이라크 ASU와 비슷합니다,2025-06-23,o.haru
2468,o.haru_2025-01-14,noahganarada,혹시 진짜 위험하신건가요,2025-01-19,o.haru
2469,o.haru_2025-01-14,moohyse0k,아 맛있겠다,2025-02-22,o.haru
2470,o.haru_2025-01-14,ssibalww,프랭크버거인가여?!!!,2025-01-14,o.haru
2471,o.haru_2025-01-14,bx.eun_,? 빨간옷?? 저저번영상에서 위험하시면 빨간옷 입어달라는 댓글있었는디,2025-02-12,o.haru
2472,o.haru_2025-01-14,7rogt,아니 어디 버건데요 ㅈㅂ,2025-01-16,o.haru
2473,o.haru_2025-01-14,woy_aditya,28주좋아요 1개답글 달기,2025-01-14,o.haru
2474,o.haru_2025-01-09,o.haru___,"버터에 김치,스팸,밥 넣고 가운데에 생크림,치즈,시중에 파는 크림파스타 넣고 만들었어요!! 진짜 너무 맛있으니까 제발 꼭 드셔보세요!!!!ㅠㅠ❤️‍🔥❤️‍🔥❤️‍🔥 다진마늘 있으면 다진마늘도 넣고 만드세여!",2025-01-09,o.haru
2475,o.haru_2025-01-09,sky.k613,김치 볶음밥 파스타 만드느라 오래 볶아서 바닥에 누룽지 생긴거 맛있겠다…😭,2025-02-11,o.haru
2476,o.haru_2025-01-09,kkaaggee1,언니 오늘 넘 귀여워요 😭🥹🥹🥹🥹,2025-01-09,o.haru
2477,o.haru_2025-01-09,your.indira.0005,하루 왜 이렇게 은채랑 닮았나요?😍,2025-01-10,o.haru
2478,o.haru_2025-01-09,97_farmer,앵커버터 넉넉하게 두른것부터 극락이네요!!,2025-01-09,o.haru
2479,o.haru_2025-01-09,chaejjisim,오 너무 맛있겠다용,2025-01-10,o.haru
2480,o.haru_2025-01-09,bpourraple,김치 때깔부터가 벌써 맛있어요 🥺👍🏻👍🏻👍🏻,2025-01-09,o.haru
2481,o.haru_2025-01-09,l.ast.ly,유튭에 먹방들 풀영상 올려주세요!!!!!🙏🏻🙏🏻🙏🏻,2025-01-25,o.haru
2482,o.haru_2025-01-09,dokomnn,아 살려주세요,2025-06-17,o.haru
2483,o.haru_2025-01-09,ella300567,갑자기 엄마 김치볶음밥 먹고싶당,2025-01-14,o.haru
2484,o.haru_2025-01-09,dlvksoenz,하루님 qwer시연님 닮았어요 ㅎㅎ,2025-01-09,o.haru
2485,o.haru_2025-01-09,__lutcifer_._,26주좋아요 2개답글 달기,2025-01-28,o.haru
2486,o.haru_2025-01-09,oilb0y,28주좋아요 65개답글 달기,2025-01-10,o.haru
2487,o.haru_2025-01-09,dnitromethane,올해의 다짐,2025-01-13,o.haru
2488,o.haru_2025-01-09,_fiorella_oo1,27주답글 달기,2025-01-22,o.haru
2489,o.haru_2025-01-09,not_daseong,설거지 우짜노..,2025-02-03,o.haru
2490,o.haru_2025-01-09,tnllll8788,귀여워눈썹,2025-02-10,o.haru
2491,o.haru_2025-01-09,omgursohandsome,침나옴......츄릅,2025-02-13,o.haru
2492,o.haru_2025-01-09,d.museum_,천재다,2025-04-13,o.haru
2493,o.haru_2025-01-09,eruoaua,제 친구가 침흘렸대요,2025-05-10,o.haru
2494,o.haru_2025-01-09,danjicong,진심 천재인가,2025-05-15,o.haru
2495,o.haru_2025-01-09,31w_ec,언니 파스타 제품이름좀 ㅠㅠㅠ,2025-05-16,o.haru
2496,o.haru_2025-01-09,caaionq,아씹진짜격하게개맛있겠다...,2025-06-05,o.haru
2497,o.haru_2025-01-09,chipgur,너무 고능해서 말문이 막힘,2025-06-09,o.haru
2498,o.haru_2025-01-09,2008_1212_,아니진짜 개귀여움이 ㅠㅠ😍❤️❤️,2025-06-29,o.haru
2499,o.haru_2025-01-07,o.haru___,"생크림이랑 불닭소스 더 추가해서 만들었어요,,, 먹었던 까르보불닭 중 젤 맛있었어요ㅠㅠㅠ❤️‍🔥❤️‍🔥",2025-01-07,o.haru
2500,o.haru_2025-01-07,hzxern_,와 미챳다🔥🔥,2025-01-07,o.haru
2501,o.haru_2025-01-07,kim.chun.young,😍👏👏👏👏냠냠 ~~♡*,2025-01-07,o.haru
2502,o.haru_2025-01-07,kkaaggee1,생크림 넣어먹으면 맛있을 것 같아여 😍😍😍😍🥹,2025-01-07,o.haru
2503,o.haru_2025-01-07,doppelxanxer,지린다,2025-01-16,o.haru
2504,o.haru_2025-01-07,rho_hynm,내가 불닭을 못 끊는 이유.,2025-02-21,o.haru
2505,o.haru_2025-01-07,azjhxx,29주좋아요 92개답글 달기,2025-01-09,o.haru
2506,o.haru_2025-01-07,eunxxenn,아배고파,2025-01-13,o.haru
2507,o.haru_2025-01-07,b8ndsk1m,렌즈 정보좀요!!! 🥹🙏,2025-01-07,o.haru
2508,o.haru_2025-01-07,chaemuri,와,2025-01-08,o.haru
2509,o.haru_2025-01-07,aybibiabdrimova,27주답글 달기,2025-01-20,o.haru
2510,o.haru_2025-01-07,pj_jokkkk,"@wbiinns 이 섹시한 음식 , 뭐예요 ?",2025-01-20,o.haru
2511,o.haru_2025-01-07,__itzz__sneha___blink,27주답글 달기,2025-01-22,o.haru
2512,o.haru_2025-01-07,ssxxzzyy,@hnn_woo 해줘..😍,2025-01-23,o.haru
2513,o.haru_2025-01-07,tsoy.sofi,와 ㅁㅊ......🔥,2025-01-26,o.haru
2514,o.haru_2025-01-07,ava.bear.2015,26주답글 달기,2025-01-26,o.haru
2515,o.haru_2025-01-07,axrorovva,식욕이 돋았네요.😋😋😋😋,2025-03-22,o.haru
2516,o.haru_2025-01-07,salma_kity_56,나는 인도미를 사랑해요나는 그를 사랑한다😍😍😍🔥🔥,2025-03-23,o.haru
2517,o.haru_2025-01-02,mikyeisfantasy,오늘 구도 너무 귀여워요❤️❤️,2025-01-02,o.haru
2518,o.haru_2025-01-02,dam.ae_e,"오,너무 맛있어 보인다.😂😢😢",2025-01-02,o.haru
2519,o.haru_2025-01-02,kkaaggee1,닭강정 넘 맛있겠다 😭😭😭😭😭 오늘 닭강정 먹고싶었는데 언니 먹방 봐서 넘 좋아여 😄,2025-01-02,o.haru
2520,o.haru_2025-01-02,12535bb,닭강정 어디거에요..,2025-07-27,o.haru
2521,o.haru_2025-01-02,sora_f202,@_min0e__ 아 언니 얼큰한 라면에 달달한 닭강정…,2025-01-02,o.haru
2522,o.haru_2025-01-02,heeuoz,저요,2025-02-27,o.haru
2523,o.haru_2025-01-02,glxh75791,오늘도 야무지게 먹어야쥐~~,2025-01-02,o.haru
2524,o.haru_2025-01-02,stop_hye,@with_minsu 황소 먹방 시작한줄 아럿다,2025-02-06,o.haru
2525,o.haru_2025-01-02,jhy7jin,다 10점이어서 기분 좋당,2025-01-02,o.haru
2526,o.haru_2025-01-02,sujjindda,"29주좋아요 1,509개답글 달기",2025-01-03,o.haru
2527,o.haru_2025-01-02,kkaaggee1,디저트 먹방 넘 좋아요...😄🥹,2025-01-02,o.haru
2528,o.haru_2025-01-02,da3m8cm,헉 옙뷰다,2025-01-02,o.haru
2529,o.haru_2025-01-02,hatelcalifornia,귀요오ㅠ,2025-02-07,o.haru
2530,o.haru_2025-01-02,2.asje,되게 르세라핌 막내 은채 느낌 있는데?,2025-01-15,o.haru
2531,o.haru_2025-01-02,lsfmpau,29주좋아요 20개답글 달기,2025-01-07,o.haru
2532,o.haru_2025-01-02,slappypappy_505,28주좋아요 8개답글 달기,2025-01-12,o.haru
2533,o.haru_2025-01-02,adrrkh_,28주좋아요 28개답글 달기,2025-01-16,o.haru
2534,o.haru_2025-01-02,ex.s25,내가 민초는 좋아하는데 딸기는 별로일것같다..,2025-01-04,o.haru
2535,o.haru_2025-01-02,minbointhepool,아앜내눈,2025-04-01,o.haru
2536,o.haru_2025-01-02,d_zeb__p,하...라면 갖고 와,2025-01-15,o.haru
2537,o.haru_2025-01-02,seun.qw_,저도 한입만요…,2025-01-02,o.haru
2538,o.haru_2025-01-02,lil_ylup,29주좋아요 22개답글 달기,2025-01-09,o.haru
2539,o.haru_2025-01-02,lil_ylup,28주좋아요 41개답글 달기,2025-01-16,o.haru
2540,o.haru_2025-01-02,_oarsly,헐,2025-01-04,o.haru
2541,o.haru_2025-01-02,bagjihyeon0925,어떨게 초콜릿이 굳지않고 유지가돼지 ㅁㅊ 개부러움,2025-01-05,o.haru
2542,o.haru_2025-01-02,shinyorit,초코파이 아니고 몽쉘 같은데,2025-01-05,o.haru
2543,o.haru_2025-01-02,shimni______,저 딸기 맛있어 보여요 😋,2025-01-07,o.haru
2544,o.haru_2025-01-02,97_farmer,민초퐁듀 색감이 넘 이뻐서 더 맛있어 보입니다 !!,2025-01-08,o.haru
2545,o.haru_2025-01-02,mil_mdjh43,넘 귀엽게 드셔…,2025-01-10,o.haru
2546,o.haru_2025-01-02,mmaecx,넘 예쁘시당..그리구 디저트도 맛있겠당..,2025-01-11,o.haru
2547,o.haru_2025-01-02,inhye59,몽쉘,2025-01-12,o.haru
2548,o.haru_2025-01-02,anita_ko_6688,파란색 음식에 대한 영상을 하나 더 만들어 주실 수 있나요?,2025-01-13,o.haru
2549,o.haru_2025-01-02,lllll950298,헐 저 민초 싫어하는데 왜 맛있어 보이지여?😍,2025-01-20,o.haru
2550,o.haru_2025-01-02,thdthgus,아가가 잘도먹네요…,2025-01-22,o.haru
2551,o.haru_2025-01-02,ssakssakkimchii06,녹차는 없나요??,2025-01-23,o.haru
2552,o.haru_2025-01-02,e.unj_01,홍은채 느낌,2025-01-23,o.haru
2553,o.haru_2025-01-02,stefanie10000,26주답글 달기,2025-01-26,o.haru
2554,o.haru_2025-01-02,772ss9,르세라핌 은채 닮으셨어요,2025-01-26,o.haru
2555,o.haru_2025-01-02,snoops_girl_martha,26주답글 달기,2025-01-30,o.haru
2556,o.haru_2025-01-02,yeham8805,민초 ~ 나두 ❤️,2025-02-03,o.haru
2557,o.haru_2025-01-02,twix.067,24주답글 달기,2025-02-08,o.haru
2558,o.haru_2025-01-02,cvcbnkj,홍은채 닮으셨어여,2025-02-09,o.haru
2559,o.haru_2025-01-02,wlsdudj,홍은채인줄,2025-02-12,o.haru
2560,o.haru_2025-01-02,bagjea722,반민초인데도 맛있어보이냐..,2025-02-20,o.haru
2561,o.haru_2025-01-02,qwaiebr,아니 딸기 진짜 개 맛나게 생겼다,2025-02-22,o.haru
2562,o.haru_2025-01-02,gorani762,진짜 너무 힐링되요❤️❤️내 최애먹방러,2025-02-22,o.haru
2563,o.haru_2025-01-02,ga0xn_,걍 다 맛있는거 잖아요 ㅋㅋㅋㅋ,2025-02-26,o.haru
2564,o.haru_2025-01-02,_uxzin1,초코파이 아니고 몽쉘 아닌가요? 아니면 죄송합니다,2025-02-28,o.haru
2565,o.haru_2025-01-02,bin8.8,은채 닯으셨어요!!,2025-02-28,o.haru
2566,o.haru_2025-01-02,_a_he0n0,민초 싫어하지만 색깔 이쁘네요...근데 왜 이렇게 맛있게 드시나요...,2025-03-12,o.haru
2567,o.haru_2025-01-02,mendel_sity.fc,마카롱 구매처 좀여ㅠㅠㅠㅠ,2025-03-15,o.haru
2568,o.haru_2025-01-02,_hy1.ejin,와 민초 충전 필요해짐,2025-03-15,o.haru
2569,o.haru_2025-01-02,zziminfoodiee,순대 먹어주세요,2025-03-30,o.haru
2570,o.haru_2025-01-02,aronge1220,민트초코.. 색은 진짜 이쁜데 맛은 그렇지 않단 말이에요..ㅠㅜㅜ,2025-04-10,o.haru
2571,o.haru_2024-12-31,kim.chun.young,헉 닭발 먹고 싶었는데~~😍👏👏👏👏🔥❤️,2025-01-01,o.haru
2572,o.haru_2024-12-31,kkaaggee1,넘 맛있겠다 🥹🥹🥹🥹 언니 새해복 많이받구 2025년도 행복해용 😄,2025-01-01,o.haru
2573,o.haru_2024-12-31,myw1shl1st1s,내일은닭발먹어야겠다츄베릅,2024-12-31,o.haru
2574,o.haru_2024-12-30,seunghowonii,와 엽기분모자!!!!!💕💕,2024-12-31,o.haru
2575,o.haru_2024-12-30,kkaaggee1,넘 맛있어 보인다...🥹 언니 오늘도 넘 이뻐요,2024-12-30,o.haru
2576,o.haru_2024-12-30,mukstar_md,꺄앙ㅠㅠ❤️❤️,2024-12-30,o.haru
2577,o.haru_2024-12-30,o.o0sy,홍은채에오?,2025-01-04,o.haru
2578,o.haru_2024-12-30,kim.chun.young,꿀떡 오~~~와~~~ ㅇ0ㅇ~*,2024-12-30,o.haru
2579,o.haru_2024-12-30,s_dinskd___,꿀덕이랑 왜….,2025-03-12,o.haru
2580,o.haru_2024-12-30,nicolenimy,렌즈 어디꺼야요..?,2024-12-30,o.haru
2581,o.haru_2024-12-30,terryserozoe,@kimyelimit 진짜너무맛잇을거같은데다음에먹으실분,2025-04-20,o.haru
2582,o.haru_2024-12-30,j.046880,귀엽지도 않으면서 존나 귀척히면서 쳐먹노.먹방은 그냥 와구와구해야지.,2024-12-31,o.haru
2583,o.haru_2024-12-29,j.unic_,옴뇸뇸 먹는거 너무 귀여워요❤️🥹💕,2025-01-03,o.haru
2584,o.haru_2024-12-29,kkaaggee1,언니 오늘 넘 이뻐요😄😄😄😄,2024-12-29,o.haru
2585,o.haru_2024-12-29,sh._.930921,김가루 어디갔나요? 불닭의 완성은 김가루인데 ㅠ,2025-01-03,o.haru
2586,o.haru_2024-12-29,ziwonarchive,맛있겠다,2025-03-03,o.haru
2587,o.haru_2024-12-29,baxod1rv_,ㅎㄹ서ㅗㅎ요ㅘㅕㄹㅊ여ㅛ로ㅓㅍㅊㅌ쵸햐❤️,2025-01-08,o.haru
2588,o.haru_2024-12-29,gimgeonu1116,맛있겠다,2025-03-03,o.haru
2589,o.haru_2024-12-29,za_u_zip,소리 미쳤당..❣️,2024-12-30,o.haru
2590,o.haru_2024-12-29,se.0.ye,어떻게 많이 먹어도 안찌시는거지,2025-03-22,o.haru
2591,o.haru_2024-12-28,imrannurgulderen,29주좋아요 33개답글 달기,2025-01-10,o.haru
2592,o.haru_2024-12-28,itsjust.ind,30주좋아요 2개답글 달기,2024-12-28,o.haru
2593,o.haru_2024-12-28,luneclairee,렌즈정보좀요🔥,2025-01-27,o.haru
2594,o.haru_2024-12-26,zeze55830,31주좋아요 4개답글 달기,2024-12-26,o.haru
2595,o.haru_2024-12-26,uoasuna,31주좋아요 3개답글 달기,2024-12-26,o.haru
2596,o.haru_2024-12-26,parkdami562,언니 쭈꾸미 찍어먹었던 가루(?)같은거 머야??,2024-12-27,o.haru
2597,o.haru_2024-12-26,o.haru___,"짜장라면이랑 쭈꾸미랑 먹으니까 맛난 해물쟁반짜장느낌,,🐙 새벽 1시라 더 맛있어요,,❤️‍🔥 쭈꾸미공구는 내일마감이요! 프로필에 링크 있습니당❕다음 야식 추천해주세요🤤🤤❕",2024-12-26,o.haru
2598,o.haru_2024-12-26,yumie_50,30주좋아요 9개답글 달기,2024-12-27,o.haru
2599,o.haru_2024-12-26,itsjust.ind,31주좋아요 2개답글 달기,2024-12-26,o.haru
2600,o.haru_2024-12-25,parkdami562,언니 진짜 좋아서 팔로우 했오..❤️🔥,2024-12-26,o.haru
2601,o.haru_2024-12-25,kim.chun.young,메리크리스마쓰~~*😍👏👏👏👏👏해삐유이어~~=.=~*,2024-12-25,o.haru
2602,o.haru_2024-12-25,kkaaggee1,언니 오늘도 넘 귀여워요 🥹,2024-12-25,o.haru
2603,o.haru_2024-12-25,lalajdkl,하루님 메리크리스마스!🎄🎄❤️😍,2024-12-25,o.haru
2604,o.haru_2024-12-25,hx.in_0,하얀색에 파란색은 모징,2024-12-28,o.haru
2605,o.haru_2024-12-25,yumie_50,30주답글 달기,2024-12-27,o.haru
2606,o.haru_2024-12-25,s_eo1220,아이스크림 밑에있는판 초콜렛이예요,2025-05-10,o.haru
2607,o.haru_2024-12-25,yumifoodiee,오!! 이거 맛있을 것 같아요!!,2025-01-04,o.haru
2608,o.haru_2024-12-25,noahganarada,와 오밀조밀(?) 진짜 개맛있게 드시넹..,2025-01-17,o.haru
2609,o.haru_2024-12-25,2shyxun_,이분은 진짜 복스럽게 잘 드셔서 좋음,2025-02-11,o.haru
2610,o.haru_2024-12-25,yumifoodiee,"비주얼 도라버려..진짜 맛있겎다.......,⭐️",2025-01-04,o.haru
2611,o.haru_2024-12-25,d0neruby,배 안 불러요...??,2025-01-06,o.haru
2612,o.haru_2024-12-25,sc__cat,29주답글 달기,2025-01-06,o.haru
2613,o.haru_2024-12-25,la_nh620,31주좋아요 1개답글 달기,2024-12-25,o.haru
2614,o.haru_2024-12-24,bn_db,넘 맛있어 보여서 구매했어용🔥,2024-12-24,o.haru
2615,o.haru_2024-12-24,mightcatxhacold,너무 귀여워요😍😍😍,2024-12-23,o.haru
2616,o.haru_2024-12-24,zeze55830,31주좋아요 66개답글 달기,2024-12-23,o.haru
2617,o.haru_2024-12-24,baetakuuu,너무 맛있어보여요 바로 구매했습니다😋,2024-12-24,o.haru
2618,o.haru_2024-12-24,_majinsangg,바로 구매했습니당 🤤,2024-12-23,o.haru
2619,o.haru_2024-12-24,eeeeiieiii,넘 맛있어보여요😋😋😋❤️,2024-12-23,o.haru
2620,o.haru_2024-12-24,ddongmato,바로 구매했어요!!!!!침주륵,2024-12-28,o.haru
2621,o.haru_2024-12-24,yumie_50,30주답글 달기,2024-12-27,o.haru
2622,o.haru_2024-12-24,o.haru___,프로필 하단 최저가 구매링크 있어요🐙❤️‍🔥 @o.haru___ @o.haru___,2024-12-24,o.haru
2623,o.haru_2024-12-21,o.haru___,"오랜만에 구슬 아이스크림 먹었는데 넘 맛있었어용 바나나스플릿 최고,,🤤💛❕",2024-12-21,o.haru
2624,o.haru_2024-12-21,s2vnzx,한국 자막 있으니깐 더 재미있어요!!😍,2024-12-22,o.haru
2625,o.haru_2024-12-21,y.oon__seo,저는 어렸을때 레인보우 맛 많이 먹었어요ㅋㅋ,2025-01-14,o.haru
2626,o.haru_2024-12-21,yumifoodiee,"ㅋㅋㅋ 저두 바나나스플릿최애,,,💛",2025-01-04,o.haru
2627,o.haru_2024-12-20,bpourraple,우와 저도 어제 아구찜 먹었어요 🥺 또 먹고 싶어지는 영상,2024-12-20,o.haru
2628,o.haru_2024-12-20,o.haru___,다음메뉴 추천해주세요❕🤤❤️‍🔥❤️‍🔥,2024-12-20,o.haru
2629,o.haru_2024-12-20,kim.chun.young,😍👏👏👏👏넘 좋아여~~*,2024-12-20,o.haru
2630,o.haru_2024-12-20,rdv0810,주문완료❤️,2024-12-26,o.haru
2631,o.haru_2024-12-20,pari__67s,13주답글 달기,2025-04-30,o.haru
2632,o.haru_2024-12-20,patryrestrepo.gonzalezrestrepo,31주좋아요 1개답글 달기,2024-12-20,o.haru
2633,o.haru_2024-12-18,ivin2323,오늘 학교 급식에 나온것보다 맛있을것 같다ㅠㅠ♡♡,2024-12-18,o.haru
2634,o.haru_2024-12-18,parkdami562,나는 오래오 좋아해!,2024-12-26,o.haru
2635,o.haru_2024-12-18,419_.sg,헐 저거 아이스크림 진짜 맛있는데,2025-03-28,o.haru
2636,o.haru_2024-12-18,noti0n.0,저 조합 그대로 먹고싶다..,2025-03-20,o.haru
2637,o.haru_2024-12-18,soong3399,내가 다 좋아하는음식들❤️❤️,2024-12-19,o.haru
2638,o.haru_2024-12-18,mmaecx,맛있겠당,2025-01-11,o.haru
2639,o.haru_2024-12-16,tell_me_the_sincere,진짜 오물오물 맛있게 잘 드세요 😍😍 새벽에 보는데 떡볶이 넘 땡기네요ㅠ,2024-12-16,o.haru
2640,o.haru_2024-12-16,bodouz_,마싯겠다,2025-04-17,o.haru
2641,o.haru_2024-12-16,u.rmys_pring1015815,기여워,2024-12-16,o.haru
2642,o.haru_2024-12-16,lalajdkl,오늘 점심은 떡볶이다!!,2024-12-16,o.haru
2643,o.haru_2024-12-16,areumvvvv,"@eunju_779 이사람 언니닮앗움,,",2024-12-27,o.haru
2644,o.haru_2024-12-16,xolivxl,@yeeeahhhhhheee 또치가 하트 누름,2025-03-24,o.haru
2645,o.haru_2024-12-16,ijvngwon,??이영상 레전드 먹방여신이세욕🙈🩷,2024-12-16,o.haru
2646,o.haru_2024-12-16,bearr.rea,우동사리 넘 마시겠다,2024-12-16,o.haru
2647,o.haru_2024-12-16,_2s0.bin,어디 떡볶이 인가요?,2024-12-18,o.haru
2648,o.haru_2024-12-16,xnwls1,왤캐 기욤미지,2024-12-19,o.haru
2649,o.haru_2024-12-16,ai.shat7983,너무 잘 먹어서 보는 게 즐겁다 😍,2024-12-19,o.haru
2650,o.haru_2024-12-16,ji2xh_,그 어떤 중국인 분이랑 느낌 비슷하네요,2024-12-22,o.haru
2651,o.haru_2024-12-16,subterraneanh0mesickalien,너 너무 귀여워!☺️🫶🏼,2025-01-16,o.haru
2652,o.haru_2024-12-15,___lilathonger,모든 걸 다 먹어보세요. 당신이 모든 걸 다 먹는 모습을 보는 건 훨씬 더 만족스러울 거예요!,2024-12-26,o.haru
2653,o.haru_2024-12-15,parkdami562,언니 진짜 한국인이지..?????진짜 계속 햇갈려..ㅜㅜ,2024-12-26,o.haru
2654,o.haru_2024-12-15,sz_th_dy,아.. 이건 고문이야.ㅜㅜ,2024-12-18,o.haru
2655,o.haru_2024-12-15,o.haru___,구도 바꿔봤는데 다시 예전으로ㅎ..ㅎ바꿔야겠어요🥹,2024-12-15,o.haru
2656,o.haru_2024-12-15,___suzxn,한입만 주세료 (꿀꺽),2024-12-15,o.haru
2657,o.haru_2024-12-13,o.haru___,오랜만에 먹은 신전 떡볶이❕중간맛이에요❤️‍🔥 튀김은 따로 포장했는데 완전 바삭하고 맛있었어요🥹🤍,2024-12-13,o.haru
2658,o.haru_2024-12-13,kim.chun.young,분식~👏👏👏👏😍❤️,2024-12-13,o.haru
2659,o.haru_2024-12-13,unznins,25주좋아요 18개답글 달기,2025-02-04,o.haru
2660,o.haru_2024-12-11,tell_me_the_sincere,와 미친 조합이다..👏👏🔥,2024-12-11,o.haru
2661,o.haru_2024-12-11,ssibalww,맛있겠다…ㅠㅠ,2024-12-11,o.haru
2662,o.haru_2024-12-11,1qodirov_lvl,밥을 도 먹었요,2025-03-28,o.haru
2663,o.haru_2024-12-11,fbbest_luv,총몇명에 퇴근 후 먹방? 주인공같이 먹네,2024-12-28,o.haru
2664,o.haru_2024-12-11,eldos_konarbay,28주답글 달기,2025-01-12,o.haru
2665,o.haru_2024-12-11,_mitraaa07,맛있는 ❤️❤️,2025-01-20,o.haru
2666,o.haru_2024-12-11,nayu.xn0.0,처음에 아이유 닮았어요,2025-02-04,o.haru
2667,o.haru_2024-12-11,mix._a12,겁나 맛있겠다 먹고싶노오ㅗ...,2025-02-05,o.haru
2668,o.haru_2024-12-11,sakhaei25,24주답글 달기,2025-02-11,o.haru
2669,o.haru_2024-12-09,tell_me_the_sincere,항상 궁금했던게 유학생이세요? 영어를 잘하시길래 👍🏻👍🏻,2024-12-10,o.haru
2670,o.haru_2024-12-09,yu0.rim,귀여워!!!,2024-12-11,o.haru
2671,o.haru_2024-12-09,tell_me_the_sincere,급 마라탕 땡기게 하는 영상 1위 🔥😋,2024-12-10,o.haru
2672,o.haru_2024-12-09,sx0.nxu_,언니 야금야금 먹는모습이 너무 귀여워..😍😍,2025-06-21,o.haru
2673,o.haru_2024-12-09,hikigazer,마라탕은 정말 사랑스러운 음식입니다,2025-01-06,o.haru
2674,o.haru_2024-12-09,balencieomeoniii,맨처음 드신 거 뭐예요...,2025-02-14,o.haru
2675,o.haru_2024-12-09,a_angdo,@93_pjh 마라탕 먹구싶따앙 ㅠ,2025-01-03,o.haru
2676,o.haru_2024-12-09,enalkx_,ㅓㄹ 소리개미쳣다,2024-12-11,o.haru
2677,o.haru_2024-12-09,dx.xm1,소리 미쳤다 ㅜ 킹받게 안드시고 맛있게 드셔서 조아요…,2024-12-17,o.haru
2678,o.haru_2024-12-09,_oarsly,t새벽에 뜨는거 반칙이다진짜ㅏ,2024-12-29,o.haru
2679,o.haru_2024-12-09,jui_hih.i,하.......... 맛있겠다,2024-12-31,o.haru
2680,o.haru_2024-12-09,skidfjwos,팔 한명 늘으셧어용 ❤️,2024-12-31,o.haru
2681,o.haru_2024-12-09,cutie_noru,마라탕은 제취향이 정말 아니거든요 근데 먹방만 보면 너무 먹고싶어져서 어쩔 수 없이 시켜요 또 마라탕 시키게 하시네용😂,2025-01-01,o.haru
2682,o.haru_2024-12-09,iamsini_,@h_seon_90 온니 마라탕에 소주 부시고싶어요 동탄 놀러와요 온니,2025-01-03,o.haru
2683,o.haru_2024-12-09,ro_hui__,혹시 3.5단계이면 맵기어느정도인가요?,2025-01-07,o.haru
2684,o.haru_2024-12-09,ksilkh52,눈깜박이는거만 봄ㅎㅎ,2025-01-09,o.haru
2685,o.haru_2024-12-09,jin.kk_,@hong__92 나 마라탕 먹고싶오..,2025-01-15,o.haru
2686,o.haru_2024-12-09,xtrawberrrry,진짜 개맛있겠다 와,2025-01-15,o.haru
2687,o.haru_2024-12-09,ch_0on,새벽에 뜨면 어떡해 미친,2025-02-07,o.haru
2688,o.haru_2024-12-09,mj_sin80,인형이 먹는거 같아요~ ㅋ,2025-02-11,o.haru
2689,o.haru_2024-12-09,nene.thth,첫번째재료뭐에요제발,2025-02-18,o.haru
2690,o.haru_2024-12-09,garlic_da_,맛있갰다,2025-02-23,o.haru
2691,o.haru_2024-12-09,dhcodnjs10,진짜 개맛있겠다…,2025-03-27,o.haru
2692,o.haru_2024-12-09,0ut0fhb,어디서 시키셨나요ㅠㅠ 진짜 맛있게 생겼다,2025-04-07,o.haru
2693,o.haru_2024-12-09,hwangminji08,진짜맛있겠다,2025-05-14,o.haru
2694,o.haru_2024-12-09,_ch.rixm,하.. 내일 마라탕 먹는데 지금 먹고싶노..,2025-05-23,o.haru
2695,o.haru_2024-12-09,yye_.won_,개맛있겠다,2025-05-27,o.haru
2696,o.haru_2024-12-09,hahaharlqma,와우..,2025-07-15,o.haru
2697,o.haru_2024-12-06,deanfluenza0,.....아니야난못본거야,2025-07-27,o.haru
2698,o.haru_2024-12-06,tell_me_the_sincere,예전부터 맥앤치즈 먹어보고 싶었는데… 하루님 영상으로대리만족 하구 가요 🧀☺️😋,2024-12-07,o.haru
2699,o.haru_2024-12-06,hahaharlqma,개맛있어보인다,2025-07-15,o.haru
2700,o.haru_2024-12-06,gimliy4852,레시피 좀 알려주세요 😂😂😂😂😂,2025-02-26,o.haru
2701,o.haru_2024-12-04,tell_me_the_sincere,내가 먹고 싶은거 퍼먹는 순간은 너무나 행복한 것 같아요 😭,2024-12-07,o.haru
2702,o.haru_2024-12-04,xu1.ro,맨 첨에 나온 아이스크림 안에 초코 같은거 있는데 그거 엄청 꾸덕하고 쫀득하고 맛있음료 ㅠㅠ,2025-06-02,o.haru
2703,o.haru_2024-12-04,soyeo.n24,배 안부르세ㅔㅔ욤ㅁ??,2024-12-09,o.haru
2704,o.haru_2024-12-04,x.x.x.5r,33주좋아요 9개답글 달기,2024-12-06,o.haru
2705,o.haru_2024-12-04,soraa._mee,34주좋아요 2개답글 달기,2024-12-05,o.haru
2706,o.haru_2024-12-02,yh__1s,맛있겠다,2024-12-02,o.haru
2707,o.haru_2024-12-02,yulasg1004,르세라핌에 홍은채 닮았어요 ㅎㅎ❤️❤️❤️,2024-12-08,o.haru
2708,o.haru_2024-11-30,tell_me_the_sincere,와 저도 어제 돼지김치찜 먹었는데 저랑 통하셨다 😆,2024-12-01,o.haru
2709,o.haru_2024-11-30,umlns_,와..너무 맛있게드시네요..오늘 저녁은 이거다,2024-12-14,o.haru
2710,o.haru_2024-11-30,khanke1dievass_,31주좋아요 3개답글 달기,2024-12-21,o.haru
2711,o.haru_2024-11-30,gokkusum_3.4,30주좋아요 9개답글 달기,2025-01-01,o.haru
2712,o.haru_2024-11-30,mlisaaa_64,32주좋아요 1개답글 달기,2024-12-19,o.haru
2713,o.haru_2024-11-30,fourpilearjung,김치찜 레시피 좀 알여주세요..🥹,2024-12-01,o.haru
2714,o.haru_2024-11-30,lalajdkl,맛있겠드아,2024-12-05,o.haru
2715,o.haru_2024-11-30,min__1001.www,아 개맛잇겟다,2024-12-16,o.haru
2716,o.haru_2024-11-30,pyj4157,김치~찜~😍역시~김치가 진리~,2024-12-31,o.haru
2717,o.haru_2024-11-30,sejal.blurrrrrr,23주답글 달기,2025-02-18,o.haru
2718,o.haru_2024-11-30,thdtjrrlda,눈을 왜 자꾸 질끈 뜨시는 거에요? 영상 볼 때마다 궁금해서 여쭤봅니다..!,2025-04-11,o.haru
2719,o.haru_2024-11-29,heeungang,27주좋아요 1개답글 달기,2025-01-18,o.haru
2720,o.haru_2024-11-29,winzton_rhine,28주좋아요 9개답글 달기,2025-01-11,o.haru
2721,o.haru_2024-11-28,icebootybooty,34주좋아요 75개답글 달기,2024-12-04,o.haru
2722,o.haru_2024-11-28,mlisaaa_64,34주좋아요 66개답글 달기,2024-11-30,o.haru
2723,o.haru_2024-11-28,y.uxz_12,야식먹고 싶어져요😢,2024-11-28,o.haru
2724,o.haru_2024-11-28,jungjeongp,이야,2024-12-01,o.haru
2725,o.haru_2024-11-28,_oarsly,헐 대박맛있겠,2025-01-02,o.haru
2726,o.haru_2024-11-28,iseul92,연예인인가요? 귀욥당,2025-01-07,o.haru
2727,o.haru_2024-11-28,iseul92,또봐도 지렸당,2025-02-06,o.haru
2728,o.haru_2024-11-28,roosee__berry__,24주답글 달기,2025-02-11,o.haru
2729,o.haru_2024-11-28,man0101012,22주답글 달기,2025-02-23,o.haru
2730,o.haru_2024-11-26,j_hani82,"르세라핌 은채님 닮으셧어용,,!!",2025-01-29,o.haru
2731,o.haru_2024-11-26,malafrenchkiss_,34주좋아요 60개답글 달기,2024-11-29,o.haru
2732,o.haru_2024-11-26,mini_8679,화면밖에서 냄새가🔥,2025-01-25,o.haru
2733,o.haru_2024-11-24,deanfluenza0,쑥가래떡ㅠㅠㅠㅠㅠ에다가꿀이라니ㅠㅠㅠㅠㅠㅠㅠ,2025-07-27,o.haru
2734,o.haru_2024-11-22,paffjhi,개맛잇겟다ㅜㅜ더ㅓㅜ,2024-11-25,o.haru
2735,o.haru_2024-11-22,najwa_asht31,으으으으아아 이거 정말 좋아 보이는데🔥,2024-12-07,o.haru
2736,o.haru_2024-11-22,heontorl,렌즈 정보 알려주실수잇나요!!,2024-11-27,o.haru
2737,o.haru_2024-11-22,ruth_lldnp,나에게 조금 남겨줄 수 있나요?😂,2024-11-24,o.haru
2738,o.haru_2024-11-22,010_x5xx_3x03,와씨만있갰다,2025-02-02,o.haru
2739,o.haru_2024-11-22,rxjugg__,영상으로 길게는 안찍으시나효...?😢,2024-11-23,o.haru
2740,o.haru_2024-11-22,belunabae,아 다 좋은데ㅠ 쩝쩝거리지 말아주세요ㅠ,2024-11-27,o.haru
2741,o.haru_2024-11-22,kukurubbbingbbbong,와,2024-11-27,o.haru
2742,o.haru_2024-11-22,yio_1408,소리 미쳤당,2024-11-28,o.haru
2743,o.haru_2024-11-22,kgw_.0522,홍은채 닮았다,2024-12-01,o.haru
2744,o.haru_2024-11-22,skrrrrrriiiiim,오늘 먹는다,2024-12-23,o.haru
2745,o.haru_2024-11-22,yse_2513,난 내일 먹기로함 ㅋㅋㅋ,2025-01-04,o.haru
2746,o.haru_2024-11-22,s.yerin10,존맛잉,2025-01-05,o.haru
2747,o.haru_2024-11-22,yeaweni,첨에 아이유인줄,2025-01-17,o.haru
2748,o.haru_2024-11-22,kmk9390,나는 마라엽떡 시켜서 한입먹고 다버렸는데,2025-01-24,o.haru
2749,o.haru_2024-11-22,solkongee,어떻ㅎ게그렇게맛있게먹는거죠?,2025-02-07,o.haru
2750,o.haru_2024-11-22,solkongee,그리고너무이쁜것ㄱ타아요,2025-02-07,o.haru
2751,o.haru_2024-11-22,ch.5en13,새벽이에요 ^^^^^,2025-02-20,o.haru
2752,o.haru_2024-11-22,annn_be.e,오하루님 영상 정주행하는 맛이 있네요 .. 😍,2025-05-15,o.haru
2753,o.haru_2024-11-22,3hsmby,마라엽떡에 원래 분모자 들엇나여?!?,2025-05-22,o.haru
2754,o.haru_2024-11-14,h7hxho,레전드다..겁나맛있겠다…..,2024-11-14,o.haru
2755,o.haru_2024-11-14,kim.chun.young,"😍👏👏👏👏만듀,라면넘좋아여🔥🔥❤️",2024-11-14,o.haru
2756,o.haru_2024-11-14,jung_sia13,오늘 저녁 라면 먹어야지,2024-11-17,o.haru
2757,o.haru_2024-11-14,za_u_zip,37주답글 달기,2024-11-14,o.haru
2758,o.haru_2024-11-14,rxjugg__,너무 귀여우시고 잘 먹어욥....😫,2024-11-15,o.haru
2759,o.haru_2024-11-14,shopy7x,렌즈 정보가 궁금해용👏❤️❤️,2024-11-17,o.haru
2760,o.haru_2024-11-14,hayeoni836,진짜 겁나 맛있게먹네,2024-11-21,o.haru
2761,o.haru_2024-11-14,_garnet6ill_,하....진짜맛있갠규,2024-12-05,o.haru
2762,o.haru_2024-11-14,mignon___kim,아이메이컵 이쁜데 혹시 언더에 (애교) 어떤제품 쓰셨는지요,2025-02-23,o.haru
2763,o.haru_2024-11-14,wnwn8592,이분 천재임?,2025-04-22,o.haru
2764,o.haru_2024-11-12,rai_quia_,모찌라고 안하는거 넘 좋다 ㅎㅎ,2024-11-13,o.haru
2765,o.haru_2024-11-12,imstrongerthanyou__,홍은채 닮으셨어요!,2024-11-22,o.haru
2766,o.haru_2024-11-12,lyuboff_s2,🤤🤤🤤나도 먹고 싶어~,2024-11-12,o.haru
2767,o.haru_2024-11-12,kim.chun.young,😍👏👏👏❤️넘좋아여~~*,2024-11-12,o.haru
2768,o.haru_2024-11-12,rissohus,복스❤️럽게 잘드신다 귀엽당,2025-02-09,o.haru
2769,o.haru_2024-11-12,parkdami562,저 이거 먹어보고 싶었는데..😢대리만족 할께여..ㅜ,2024-12-27,o.haru
2770,o.haru_2024-11-12,so_ossssss,@eunsoo_119 내놔,2025-02-28,o.haru
2771,o.haru_2024-11-11,__111129,이거지예…. 너무너무 맛나게 잘 드심,2024-11-12,o.haru
2772,o.haru_2024-11-11,ivin2323,배고파요ㅠㅠ,2024-12-09,o.haru
2773,o.haru_2024-11-09,dochoicoolmysungjoonsoo,ㅠㅠ 넘 귀여우시다,2024-11-10,o.haru
2774,o.haru_2024-11-07,abracasanobaro,혹시 곱도리탕 어디서 시키셨는지 알려주실 수 있으실까요 🥹😭,2024-12-25,o.haru
2775,o.haru_2024-11-04,_potattong,개부럽다진짜 🤤,2024-11-06,o.haru
2776,o.haru_2024-11-04,jusiyeon1_0,와..저치즈 저렇해많이먹는사람 처음봐요..,2024-11-06,o.haru
2777,o.haru_2024-11-04,reyhanisnotbasil,와... 르세라핌 은채 같아요. 너무 예뻐요 ♡,2024-11-08,o.haru
2778,o.haru_2024-11-04,ra.il690,왜 다 집에 있는거지,2024-11-06,o.haru
2779,o.haru_2024-11-04,s.x03i,이름 다 알려주실수있으신가요?,2024-11-07,o.haru
2780,o.haru_2024-11-04,ssssss_____eeeejjccc,저거뭐임?ㅋㅋ,2024-11-08,o.haru
2781,o.haru_2024-11-04,ssssss_____eeeejjccc,왜그렇게먹는건데 ㅋㅋ조용히먹으면안돼나,2024-11-08,o.haru
2782,o.haru_2024-11-04,farahzaf,37주답글 달기,2024-11-08,o.haru
2783,o.haru_2024-11-04,ngoc_tran4784,베트남나라해줘요,2024-11-23,o.haru
2784,o.haru_2024-11-04,a.s.i_qwerty,28주답글 달기,2025-01-12,o.haru
2785,o.haru_2024-11-04,nothing_57u,23주답글 달기,2025-02-15,o.haru
2786,o.haru_2024-11-03,rue_lin_._,38주좋아요 276개답글 달기,2024-11-04,o.haru
2787,o.haru_2024-11-03,yours_hs,@sooljin_ 야 이거야??? 이렇게 되야했던서야??,2024-11-11,o.haru
2788,o.haru_2024-11-03,riwoo_789,27주답글 달기,2025-01-20,o.haru
2789,o.haru_2024-11-03,eirasarina94,나는 젤리를 좋아한다 ❤️❤️,2025-03-27,o.haru
2790,o.haru_2024-11-03,yooyui786,소리 좋내요,2025-04-15,o.haru
2791,o.haru_2024-10-31,somuchsomuch9,아니 하………개맛있게먹네진짜왓ㅅ뷰,2024-12-29,o.haru
2792,o.haru_2024-10-31,fannntasticmrsfox,감자탕이랑 감자탕볶음밥먹어주세여,2025-03-28,o.haru
2793,o.haru_2024-10-31,se_.min1211,저게 다 들어가..?,2025-01-04,o.haru
2794,o.haru_2024-10-31,dpsktizm,르세라핌 홍은체 닮았다,2024-12-02,o.haru
2795,o.haru_2024-10-31,00aaaaa7,햄스터같아,2024-12-14,o.haru
2796,o.haru_2024-10-31,askiyakhalifah,"야, 네 테이블은 높니?",2024-12-09,o.haru
2797,o.haru_2024-10-27,alyatinatina.99,책 읽는 걸 좋아하시죠?,2024-10-28,o.haru
2798,o.haru_2024-10-27,_viihtrajano,그녀는 너무 귀여워 😍,2024-12-29,o.haru
2799,o.haru_2024-10-27,chxewxxnnn,너무 맛있어 보여요 😍😍😍😍😍❤️❤️❤️❤️❤️❤️❤️❤️❤️❤️❤️ 매우 군침이 흐른다!! 🙌,2024-12-01,o.haru
2800,o.haru_2024-10-27,kim.chun.young,떡볶잉~와아~~~* 😍👏👏👏👏,2024-10-27,o.haru
2801,o.haru_2024-10-27,xe3.y7n,맛있겠뜨,2025-02-25,o.haru
2802,o.haru_2024-10-27,so3.ni,오워우 맛있다,2024-11-05,o.haru
2803,o.haru_2024-10-27,j1_.s00,어느점이에여??,2025-04-12,o.haru
2804,o.haru_2024-10-27,alyatinatina.99,뒷편에서 책을 많이 봤어요,2024-10-28,o.haru
2805,o.haru_2024-10-27,aveannii,렌즈 좀 알려주세요ㅠ,2024-10-30,o.haru
2806,o.haru_2024-10-27,gimhyoseon569,큰칼,2024-11-07,o.haru
2807,o.haru_2024-10-26,hhhhh_yym,짜장면 어디껀지 궁금해용,2024-11-12,o.haru
2808,o.haru_2024-10-26,__111129,진짜 잘 드신다 💕💕,2024-11-02,o.haru
2809,o.haru_2024-10-22,hye3__,떡데이,2024-12-15,o.haru
2810,o.haru_2024-10-22,eeeeiieiii,맛있겠다요🤤🤤🤤🤤🤤,2024-10-22,o.haru
2811,o.haru_2024-10-22,__111129,너무 대단해요 ….. 떡을 이렇게 많이 드시다니 존경 😭😭,2024-11-02,o.haru
2812,o.haru_2024-10-21,nthecowsaidmooolong,40주좋아요 957개답글 달기,2024-10-23,o.haru
2813,o.haru_2024-10-21,mariam.bk07,29주좋아요 3개답글 달기,2025-01-04,o.haru
2814,o.haru_2024-10-21,himekajiangel,39주좋아요 183개답글 달기,2024-10-31,o.haru
2815,o.haru_2024-10-21,jeongseoyun1216,이거 했는데 샤머 겁나 많이 먹어서 진짜 배불렀는데 …나만 그랬나,2024-11-08,o.haru
2816,o.haru_2024-10-21,s10.9_k,40주좋아요 22개답글 달기,2024-10-24,o.haru
2817,o.haru_2024-10-21,suhyeon3449,저건 걍 과즙윤식 따라한거 아님?,2024-10-26,o.haru
2818,o.haru_2024-10-21,bak.hr_10,과즙윤식.....,2024-10-24,o.haru
2819,o.haru_2024-10-21,asman_gad,24주좋아요 2개답글 달기,2025-02-10,o.haru
2820,o.haru_2024-10-21,2w.ai2,@jwwo173 정말 맛있게 먹는 지우🩷🩷복스러워,2024-12-28,o.haru
2821,o.haru_2024-10-21,m_eceem2010,29주좋아요 1개답글 달기,2025-01-06,o.haru
2822,o.haru_2024-10-21,kys_4777,와….,2024-10-24,o.haru
2823,o.haru_2024-10-21,sy_i0i,알맹이가 왤케 커요 어디서 구매 하셨나용???????❤️❤️❤️❤️❤️❤️,2025-01-01,o.haru
2824,o.haru_2024-10-21,sx.syn_,@sol_zip.o8 언니랑 닮앗쏘,2024-10-23,o.haru
2825,o.haru_2024-10-21,ty._sy08,살짝 아이유+뽀구미,2024-10-23,o.haru
2826,o.haru_2024-10-21,comet118_1,이언니 개예쁘네,2024-10-24,o.haru
2827,o.haru_2024-10-21,jusluktu,드러워..,2024-10-24,o.haru
2828,o.haru_2024-10-21,jeong_767,왕 소리 들으러 왔는데 이뿌시네여😍,2024-10-24,o.haru
2829,o.haru_2024-10-21,ux.vin_,1초 아이유 닮음 ㅁㅊ,2024-10-25,o.haru
2830,o.haru_2024-10-16,rxrni0z,여기어디마라탕집인가요? 알려주세요제발,2024-10-22,o.haru
2831,o.haru_2024-10-16,li2yby,개맛있어보임..,2024-10-19,o.haru
2832,o.haru_2024-10-16,ththdms,마라탕 맛ㅣㅇ게ㅑㄱ땅,2024-11-11,o.haru
2833,o.haru_2024-10-16,shuu73l,어디 마라탕인가요?,2024-10-21,o.haru
2834,o.haru_2024-10-16,xy_with.r,배고파 ㅜㅜ 오나까수이다,2024-10-28,o.haru
2835,o.haru_2024-10-16,1278ddean,ㅁㅊ다,2024-10-18,o.haru
2836,o.haru_2024-10-16,re_xon724,햄스터 밥 먹는 모습 훔쳐보는거 같다..,2024-11-02,o.haru
2837,o.haru_2024-10-16,tsxshch,와 ㅈㄴ지리네,2024-11-10,o.haru
2838,o.haru_2024-10-16,coeseongho5309,요즘 내 인스타 마라탕에 점령당함 친구들도 스토리로 마라탕올림,2024-10-22,o.haru
2839,o.haru_2024-10-16,cycar_06,김밍,2024-10-26,o.haru
2840,o.haru_2024-10-16,kesshhi_,마이크가 별로같아요ㅠ소리가 잘 안들림,2024-10-16,o.haru
2841,o.haru_2024-10-16,n0.zin,@5928ne 마라탕 먹을때 나(?),2024-11-10,o.haru
2842,o.haru_2024-10-16,982i004,얼굴밖에 안 보여요,2024-10-21,o.haru
2843,o.haru_2024-10-16,za_u_zip,미툐땅,2024-10-18,o.haru
2844,o.haru_2024-10-16,baaeee.__.ssun,유튜브도 하시나요?😢,2024-10-28,o.haru
2845,o.haru_2024-10-16,what_zxn,배경음악 없는게 훨씬 나아요!,2024-10-31,o.haru
2846,o.haru_2024-10-16,j1_orl,띠미랑 뽀구미 섞은느낌이에용,2024-10-31,o.haru
2847,o.haru_2024-10-16,xu.na_l,띠미 인줄,2024-11-03,o.haru
2848,o.haru_2024-10-16,orewa_sae,38주답글 달기,2024-11-04,o.haru
2849,o.haru_2024-10-16,parkdami562,이분 한국인이에요?,2024-11-04,o.haru
2850,o.haru_2024-10-16,ouosdll,으헝헝유ㅠㅠ유ㅠ융유유유 마싯겠다ㅠㅠㅠㅠㅠㅠㅠㅠㅠ,2024-11-08,o.haru
2851,o.haru_2024-10-16,han_xm.1,아니 왜 밤에 이런게 뜨는겨,2024-11-08,o.haru
2852,o.haru_2024-10-16,o3o_hongbe,@beeeeni__ 담주각이다...,2024-11-09,o.haru
2853,o.haru_2024-10-16,juju._.0310,우와! 맛있겠다아🛻🛻,2024-11-13,o.haru
2854,o.haru_2024-10-16,1_onov,존예..❤️,2024-11-20,o.haru
2855,o.haru_2024-10-16,yul1_658,꽃분모자 아니에요??😂,2024-11-24,o.haru
2856,o.haru_2024-10-16,usxeuxi,귀여우세요ㅜㅜㅜㅜㅜ,2024-12-16,o.haru
2857,o.haru_2024-10-16,skidfjwos,너무이쁘세용..,2024-12-31,o.haru
2858,o.haru_2024-10-16,72.68km,ㅈㄴ맛잇게쌎,2025-01-08,o.haru
2859,o.haru_2024-10-16,s2.y8n,억지로 먹는것같음,2025-01-12,o.haru
2860,o.haru_2024-10-16,k_chae.y11,먹고싶다 🤤,2025-01-15,o.haru
2861,o.haru_2024-10-16,y2_ciw,배고파,2025-01-18,o.haru
2862,o.haru_2024-10-16,xoasill_,딸 기모찌먹어주세여,2025-02-27,o.haru
2863,o.haru_2024-10-16,ksw_sun05,언니는 살이 왜 안쪄요?? 운동한다고 해도 조금이라도 살이질탠데,2025-03-10,o.haru
2864,o.haru_2024-10-13,1005_crystal,나 떡순이 ❤️❤️❤️,2024-10-25,o.haru
2865,o.haru_2024-10-13,ijvngwon,이쁘고귀엽고증말미쳐따언니ㅜ,2024-10-13,o.haru
2866,o.haru_2024-10-13,jayay9197,너무 달콤해 💜🤤,2024-10-13,o.haru
2867,o.haru_2024-10-13,coolannmari3,32주좋아요 42개답글 달기,2024-12-17,o.haru
2868,o.haru_2024-10-13,yeeun_2000,무지개찹쌀떡 =경단,2025-02-23,o.haru
2869,o.haru_2024-10-13,gmlrudqkrr,혹시 무지개떡 구매처가 어딜까요?,2025-04-02,o.haru
2870,o.haru_2024-10-13,su_a_030,라이스케이크 말고 Tteok입니다ㅠㅠ😢,2025-02-07,o.haru
2871,o.haru_2024-10-07,kim.chun.young,단발소녀의 아이스크림먹방~~*😍👏👏👏,2024-10-07,o.haru
2872,o.haru_2024-10-07,jayay9197,와 맛있다 😍🤤🤤🤤,2024-10-08,o.haru
2873,o.haru_2024-10-07,mukvyn,42주좋아요 5개답글 달기,2024-10-11,o.haru
2874,o.haru_2024-10-03,azad_r.o.y,42주좋아요 21개답글 달기,2024-10-04,o.haru
2875,o.haru_2024-10-02,dukjillgay,스웨디시 제리!! 최근에 유행했었는데 부럽다 저도 먹어보고 싶어요😮,2025-06-15,o.haru
2876,o.haru_2024-10-02,elan_2222,30주좋아요 1개답글 달기,2024-12-30,o.haru
2877,o.haru_2024-10-02,yejun._.1379,내 친구 닮음,2024-11-13,o.haru
2878,o.haru_2024-10-01,dukjillgay,명량 핫도그!! 추억이다ㅎㅎ,2025-06-15,o.haru
2879,o.haru_2024-10-01,arrrzzaaaa,은스 리세라핌 과 유사함,2024-12-04,o.haru
2880,o.haru_2024-10-01,nurbol.kr_77,36주좋아요 11개답글 달기,2024-11-18,o.haru
2881,o.haru_2024-10-01,xhz.a_g,렌즈 정보좀요 ㅜ,2024-10-02,o.haru
2882,o.haru_2024-09-27,dukjillgay,민트초코 좋아하시는군요!! 저도인데 짱 맛있겠다 부러워요!,2025-06-15,o.haru
2883,o.haru_2024-09-27,_moni_ca_2_4,40주좋아요 1개답글 달기,2024-10-18,o.haru
2884,o.haru_2024-09-25,dukjillgay,와 맛있겠다 저 아이스 모찌 진짜 사랑하는데에❤️,2025-06-15,o.haru
2885,o.haru_2024-09-25,dlvksoenz,딸기 초코 소금우유!!,2025-01-22,o.haru
2886,o.haru_2024-09-24,dukjillgay,웅냠냠 햄스터같아요! 짱 귀염😍,2025-06-15,o.haru
2887,o.haru_2024-09-24,itsmeandina,콩쑥 찹쌀 떡~~♡♡,2025-03-12,o.haru
2888,o.haru_2024-09-24,pangdaengii,떡먹방 너무좋아여,2025-02-26,o.haru
2889,o.haru_2024-09-24,baekrojae,눈 너무 이쁨 😍 귀엽게 먹는다 😍,2025-01-13,o.haru
2890,o.haru_2024-09-24,jusiyeon1_0,절편 굴에직어먹으면 존맛인데,2024-12-17,o.haru
2891,o.haru_2024-09-24,1111_dud,다음에 김이랑도 같이 먹어주세요❤️❤️,2024-11-20,o.haru
2892,o.haru_2024-09-20,dukjillgay,와 진짜 맛있게 먹으신다..,2025-06-15,o.haru
2893,o.haru_2024-09-20,kuyser07777,오뎅...?,2024-11-12,o.haru
2894,o.haru_2024-09-20,__111129,깔끔하게 잘 드시고 메뉴 선정도 좋고 ㅜㅜ 팬 됐어요 🫶🫶,2024-11-02,o.haru
2895,o.haru_2024-09-20,1005_crystal,분식 최고 ❤️❤️,2024-10-29,o.haru
2896,o.haru_2024-09-15,dukjillgay,오하루님 떡 먹방 진짜 사룽해요오😍,2025-06-15,o.haru
2897,o.haru_2024-09-15,jxywnn,44주답글 달기,2024-09-23,o.haru
2898,o.haru_2024-09-15,alyatinatina.99,형 내일 생일인데 생일케이크 주고 축하해주실 수 있나요😁🙏,2024-09-16,o.haru
2899,o.haru_2024-09-15,azad_r.o.y,45주답글 달기,2024-09-16,o.haru
2900,o.haru_2024-09-15,jayay9197,🤤🤤🤤 캐시 험 비 테스트 크르 파테,2024-09-16,o.haru
2901,o.haru_2024-09-15,bpourraple,오하루님 떡 먹방이 세계 최고예요···,2024-09-16,o.haru
2902,o.haru_2024-09-13,dukjillgay,저 초코러버인데!! 부러워용..😢,2025-06-15,o.haru
2903,o.haru_2024-09-13,dukjillgay,갈릭난 진짜 맛있는데..!! 아 배고파요오..❤️,2025-06-15,o.haru
2904,o.haru_2024-09-13,ll___n_i_h_a_l___ll,46주좋아요 2개답글 달기,2024-09-13,o.haru
2905,o.haru_2024-09-13,faiznetwork,46주답글 달기,2024-09-13,o.haru
2906,o.haru_2024-09-10,dukjillgay,포도 설기 딸기 설기 이런 떡이 있었군요! 나중에 먹어봐야겠어요❤️,2025-06-15,o.haru
2907,o.haru_2024-09-10,y_bunny11,이런건어디팔아요??,2024-09-29,o.haru
2908,o.haru_2024-09-10,dukjillgay,편의점 먹방!! 부럽어요🔥,2025-06-15,o.haru
2909,o.haru_2024-09-10,jayay9197,너무 달콤해 🥰👌,2024-09-10,o.haru
2910,o.haru_2024-09-05,dukjillgay,초코초코🍫 다 맛있죠...😍,2025-06-15,o.haru
2911,o.haru_2024-09-01,dukjillgay,팥 앙금 가래떡!! 진짜 맛있는데.. 어디서 사시나요?,2025-06-15,o.haru
2912,o.haru_2024-09-01,i___infinite,47주좋아요 5개답글 달기,2024-09-01,o.haru
2913,o.haru_2024-08-23,dukjillgay,불닭 모음집!! 저 불닭 사랑하잔나요😍😍,2025-06-15,o.haru
2914,o.haru_2024-08-23,missugara._,배를 식히면 그만큼 버틸 수 있어👏🏻❤️‍🔥,2024-08-23,o.haru
2915,o.haru_2024-08-16,dukjillgay,어디서 사드시는지 정보 공유 가능하신가요오..😢,2025-06-15,o.haru
2916,o.haru_2024-08-16,sm_ky00,49주좋아요 2개답글 달기,2024-08-18,o.haru
2917,o.haru_2024-08-14,dukjillgay,와풀도 잘 만드시는 하루님..😍,2025-06-15,o.haru
2918,o.haru_2024-08-14,dukjillgay,뷔페!! 맛있겠다 음식 짱 많아요!,2025-06-15,o.haru
2919,o.haru_2024-08-12,dukjillgay,불닭 먹고싶다.. 항상 부러워요 하루님..😍,2025-06-15,o.haru
2920,o.haru_2024-08-10,dukjillgay,ㅋㅎㅋㅎㅋㅎㅋㅎ 아 하루님 너무 귀여워요😍,2025-06-15,o.haru
2921,o.haru_2024-08-10,devrani995,12주좋아요 1개답글 달기,2025-05-06,o.haru
2922,o.haru_2024-08-10,parkdami562,언니 진짜 너무 귀여어...ㅜㅜ,2024-12-27,o.haru
2923,o.haru_2024-08-10,jefersondossantos245,50주좋아요 1개답글 달기,2024-08-12,o.haru
2924,o.haru_2024-08-10,woy_aditya,50주좋아요 4개답글 달기,2024-08-10,o.haru
2925,o.haru_2024-08-10,thebiswajitojha,당신은 정말 재미있어요 😂😂😂 ( 인도에서 온 사랑 🇮🇳 ),2024-08-10,o.haru
2926,o.haru_2024-08-10,dukjillgay,인테리어 진짜 이뿌다 그리고 하루님 짱 커여워요,2025-06-15,o.haru
2927,o.haru_2024-08-10,ye._.hi,집 인테리어 짱 이뿌시당!,2025-02-04,o.haru
2928,o.haru_2024-08-10,fckig2saeng,아배고파 ㅁㅍ,2025-01-30,o.haru
2929,o.haru_2024-08-10,hrvx4_,저도 하루에요! 너무 이쁘게 드셔서 보기 좋아요 팬입니다!!ㅎㅎ,2025-01-02,o.haru
2930,o.haru_2024-08-10,yy_nynyn,저 만두 떡볶이 국물에 찍은 순간 한국음식 된거다,2024-12-03,o.haru
2931,o.haru_2024-08-10,hayeoni836,근대 저 국자 그릇은 어디서 샀어요? 저 이름뭐애요??,2024-11-27,o.haru
2932,o.haru_2024-08-10,jin_.jjj,진짜 야무지게 잘먹으신다,2024-11-15,o.haru
2933,o.haru_2024-08-10,ahram.s,"@lo.olhjhj 메뉴구성봐,,👏",2024-11-08,o.haru
2934,o.haru_2024-08-10,j_haeju.7,딤섬 떡볶이 국물에 찍어먹는 거 왤케 웃기지ㅋㅋ😂,2024-10-31,o.haru
2935,o.haru_2024-08-10,1005_crystal,❤️❤️ 떡볶이 🔥,2024-10-25,o.haru
2936,o.haru_2024-08-10,ai.shuaa,40주답글 달기,2024-10-21,o.haru
2937,o.haru_2024-08-10,un.yak10,ㅋㅋ만두 떡볶이 국물에 찍어먹눈거 맛있지..ㅎㅎ,2024-10-18,o.haru
2938,o.haru_2024-08-10,zjugaaaaaar,텍밖키,2024-09-22,o.haru
2939,o.haru_2024-08-10,yoo.claire,딤섬을 떡볶이 국물에 찍어먹었다면 그건 한식임 ㅋㅋㅋㅋ😂😂😂😂,2024-09-15,o.haru
2940,o.haru_2024-08-10,n0hay._0,아니..그 김치만두는 우리꺼..,2024-09-12,o.haru
2941,o.haru_2024-08-10,yuseoyeong_,엉망진창이네..떡볶이에 감자만두 느닷없이 크루아상,2024-09-10,o.haru
2942,o.haru_2024-07-26,dukjillgay,와 짜장면을 직접 만드신거에요?? 금손...짱,2025-06-15,o.haru
2943,o.haru_2024-07-26,sagishishugosho,커엽,2024-12-21,o.haru
2944,o.haru_2024-07-26,r3mpuia._.fanai,52주좋아요 2개답글 달기,2024-07-28,o.haru
2945,o.haru_2024-07-18,dukjillgay,설탕국수 짱 좋아하는데!! 먹고싶다..,2025-06-15,o.haru
2946,o.haru_2024-07-18,cabelosdagy,53주좋아요 5개답글 달기,2024-07-19,o.haru
2947,o.haru_2024-07-08,dukjillgay,아아 김치전 땡겨요..ㅠㅠ 맛있겠다..,2025-06-15,o.haru
2948,o.haru_2024-07-08,kim.chun.young,😢 김치전 못참~❤️,2024-09-06,o.haru
2949,o.haru_2024-07-08,turgunov_abubakr_,자기야,2024-08-12,o.haru
2950,o.haru_2024-05-25,dukjillgay,와 비빔밥 짱 맛있어보인다...ㅎㄷㄷ 최근에 소금빵 먹방보고 입덕해서 영상 정주행하는데 진짜 오하루님 요리 천재이신듯..,2025-06-15,o.haru
2951,o.haru_2024-05-25,thepiyushpandey13,"무슨 일이야, 기다리고 있어 친구야, 어디야? 글이 하나도 없어 걱정돼, 괜찮아?🥺🥺",2024-06-02,o.haru
2952,o.haru_2024-05-25,tangrine_cat,61주좋아요 1개답글 달기,2024-05-25,o.haru
2953,o.haru_2024-05-25,rose_mr_7,냠 냠..😋좀 줘!;),2024-05-25,o.haru
