COMMENT_ID,POST_ID,COMMENTER_ID,COMMENT_TEXT,COMMENT_DATE,AUTHOR_ID
1,sweetshop_2025-07-26,lee__fall_221108,어디서구매하셧나요...... 맛시겧당....🤤,2025-07-28,sweetshop
2,sweetshop_2025-07-26,cwcy._.08,이언니 왜 점점 이뻐지냐,2025-07-26,sweetshop
3,sweetshop_2025-07-26,yoonangel_,핫도그 만들어 먹은 빵은 어떤건가요??ㅠㅠ 맛있어보여요….!!!,2025-07-27,sweetshop
4,sweetshop_2025-07-26,lee.__.happy,와❤️ 뽀득 소시지 꼭 사다 먹어볼께용,2025-07-26,sweetshop
5,sweetshop_2025-07-26,yoonah_1126,언니 잡채먹방해주세요 ㅎ,2025-07-26,sweetshop
6,sweetshop_2025-07-26,d._.ox.h,매일 댓글 달기 43일차,2025-07-26,sweetshop
7,sweetshop_2025-07-26,giuopjk0626,먹는 게 넘나 쫄깃함..,2025-07-26,sweetshop
8,sweetshop_2025-07-26,yoonbivip,첨가물은요 ?,2025-07-27,sweetshop
9,sweetshop_2025-07-26,jinyg00,장어덮밥 레시피도 부탁드려요오,2025-07-26,sweetshop
10,sweetshop_2025-07-26,j_uliajung,소리 미쳤다,2025-07-26,sweetshop
11,sweetshop_2025-07-23,www_xeoy,박카스에 오레오오즈 말아먹었어요... 왜 그랬는지 이해 안감,2025-07-25,sweetshop
12,sweetshop_2025-07-23,ceolhyeon20,오구오구 캐릭터 귀여엉ㅋㅋㅋㅋ,2025-07-25,sweetshop
13,sweetshop_2025-07-23,xa.mong,앜ㅋㅋㅋ귀여워요,2025-07-24,sweetshop
14,sweetshop_2025-07-23,fi.___.ve,나 어렸을때 할머니가 박카스병에 아세톤 담아놨는데 모르고 몰래 먹었다가 저세상 갈뻔 ㅋㅋㅋㅋㅋㅋㅋㅋ,2025-07-23,sweetshop
15,sweetshop_2025-07-23,yooasdxcv,어렸을때 박카스 몰래 먹다가 맞아서 머리가 돌아갔나요?,2025-07-23,sweetshop
16,sweetshop_2025-07-23,good.10_23,459를 참지 못한 나..결국엔 👍🏻,2025-07-24,sweetshop
17,sweetshop_2025-07-23,d._.ox.h,매일 댓글 달기 41일차,2025-07-23,sweetshop
18,sweetshop_2025-07-23,gimhangyeol9366,나도 먹어보고싶어용😢,2025-07-25,sweetshop
19,sweetshop_2025-07-23,songyi0601,박카스 중독 1인..ㅋ 박카스 안 마심 하루시작이 안 되는..😂,2025-07-24,sweetshop
20,sweetshop_2025-07-23,orc_bachelor,담배 재떨이... 남은 바카스인줄 알고 꿀꺽 했더니.... 아빠와 고모부의 재떨이겸 침을 뱉었던...,2025-07-24,sweetshop
21,sweetshop_2025-07-23,soul_jang,아빠 분장은 어떻게 한거야 ㅋㅋㅋㅋㅋㅋㅋㅋㅋㅋ,2025-07-23,sweetshop
22,sweetshop_2025-07-23,jongsik1005,라때는 먹는것보다 병깨기용으로😂😂😂,2025-07-24,sweetshop
23,sweetshop_2025-07-23,santabottle_,잠깨고싶으면 걍 박카스에 레드불or핫식스or몬스터 타고 마셔봐요 전나잠잘깸,2025-07-23,sweetshop
24,sweetshop_2025-07-23,play_eat_goe,"몬스터 음료 그건 솔직히 부담스러워서 아아로 버텼는데, 얼박사 이건 너무 짱이잖아요 ㅋㅋㅋㅋㅋ 아버지 이사장과 시골 딸래미 이사장 2 모두 추천해주니까 꼭 사먹어볼게요",2025-07-23,sweetshop
25,sweetshop_2025-07-23,1518___sw,@kyy.minn 으아 몸에 안좋게따ㅠ,2025-07-27,sweetshop
26,sweetshop_2025-07-23,weaponhwang,아버님이 되게 미인이세요,2025-07-24,sweetshop
27,sweetshop_2025-07-23,yoonbivip,저는뚜껑에 따라마셨는뎅,2025-07-24,sweetshop
28,sweetshop_2025-07-23,eunjeong3402,욱 끼 네 👏👏👏,2025-07-26,sweetshop
29,sweetshop_2025-07-22,n___ht,ㅋㅋㅋㅋ저 이거 얼마전부터 먹고있는데 최고에요 진짜 맹물싫어하는 사람들한텐 ㅋㅋㅋㅋ역시 뭘아시는 이사장님,2025-07-22,sweetshop
30,sweetshop_2025-07-22,hyeleehh,17기 옥순- 님하고 너무 닮으신거 같아요. ....😮🔥,2025-07-22,sweetshop
31,sweetshop_2025-07-22,anna_heejung,오오오 아까 낮에도 보리차 끓였는데 찾아봐야겠어요!!,2025-07-23,sweetshop
32,sweetshop_2025-07-22,yes.sss_young,저는 현미차 액상 먹는데 이것도 고소해요 ㅎㅎ,2025-07-22,sweetshop
33,sweetshop_2025-07-22,twins_1127,이거 저도 애용해요 ㅋㅋㅋ 더운 공원에서 보온병에 얼음담아..그건 예슐…,2025-07-22,sweetshop
34,sweetshop_2025-07-22,gn.blow3,보리차정수기 있었으면 레전드겠다,2025-07-24,sweetshop
35,sweetshop_2025-07-22,d._.ox.h,매일 댓글 달기 40일차!!!!❤️,2025-07-22,sweetshop
36,sweetshop_2025-07-22,hellomynameiswisdom,헛개수원액도 진짜 존맛도리입니다... 꼭 시켜서 드셔보세요... 보리차랑은 다른 신세계...,2025-07-22,sweetshop
37,sweetshop_2025-07-22,ohihihihihi,올리고당 안들어있는것도 있나요?,2025-07-23,sweetshop
38,sweetshop_2025-07-22,gong._.v,"저도 이거 먹는데, 몇몇 제품은 당이 있더라구요! 당 없는 제품으로 잘 골라서 사시는걸 추천😍",2025-07-22,sweetshop
39,sweetshop_2025-07-22,nugoolmina,이거 보고 샀지요 😍,2025-07-22,sweetshop
40,sweetshop_2025-07-22,cream_flatwhite,이사장님 목소리는 뭔가 홀리는거 같아요 ㅋㅋㅋ,2025-07-22,sweetshop
41,sweetshop_2025-07-22,eun.park.ji,오 괜찮은데?,2025-07-22,sweetshop
42,sweetshop_2025-07-22,canonryu7,"워매 오미자, 옥수수 수염차, 보리차 가보자고",2025-07-23,sweetshop
43,sweetshop_2025-07-22,soul_jang,저는 아아대신 먹으려고 구입해서 몇달째 먹는데 좋아요,2025-07-22,sweetshop
44,sweetshop_2025-07-22,jae_min2013,27일에 올리신 밥통 카스테라 블루베리 잼 어쩌구 썰 빨리 푸시죠,2025-07-23,sweetshop
45,sweetshop_2025-07-22,jekimz07,미네랄이 있는 물에서는 특유의 물비린내가 나요! 필터 잘 보고 정수기 바꾸면 덜합니다😂😂 미네랄 있다고 하는 물은 마시고 컵 안 씻으면 뿌옇게 뭐가 남기도 해요,2025-07-22,sweetshop
46,sweetshop_2025-07-22,br_yoon86,델몬트병을 안다고요?!,2025-07-23,sweetshop
47,sweetshop_2025-07-22,11.s_0.13,몇년 물끓여먹다 알게되서 샀는데 진짜 맹물 못마시는 사람한테는 신세계👍🏻,2025-07-22,sweetshop
48,sweetshop_2025-07-22,ourstorim,나나나 ㅋㅋㅋ 맹물 먼가 비려😂,2025-07-22,sweetshop
49,sweetshop_2025-07-22,lee_christina0724,그냥 동서보리차 찬물에도 잘 우러나서 물담아서 담궈놔도 좋더라구요,2025-07-22,sweetshop
50,sweetshop_2025-07-22,u_n0613,근데 이거 넘 달아요,2025-07-24,sweetshop
51,sweetshop_2025-07-22,gerbok12,델몬트병. 와따. ㅎㅎㅎㅎ,2025-07-22,sweetshop
52,sweetshop_2025-07-22,j.__.wxt,보리차를 잘 못마시긴한데,2025-07-24,sweetshop
53,sweetshop_2025-07-22,q_banddo_p,보리차액상을 먼저넣고 정수기물을 받으면 쉽게 섞이지요~ 우리집에도 하나 들여봐야 겠넴😍😍😍,2025-07-23,sweetshop
54,sweetshop_2025-07-22,ain_0226,제품명이뭐에용?,2025-07-22,sweetshop
55,sweetshop_2025-07-22,iyejin4557,저거 당 있어서 당조심하셔야하는분은 성분보고드셔야해요,2025-07-23,sweetshop
56,sweetshop_2025-07-22,osoric111,카라멜색소 있어서 성분 잘보고 사야겠던데요.,2025-07-22,sweetshop
57,sweetshop_2025-07-22,jeongsuhoda,비린내가 어떻게하면 나요?,2025-07-26,sweetshop
58,sweetshop_2025-07-22,my_girls3_3,당있으면 못마실듯,2025-07-24,sweetshop
59,sweetshop_2025-07-22,nyolihaneun,뱃살이 깍꿍했네요,2025-07-22,sweetshop
60,sweetshop_2025-07-23,canonryu7,팥 도너츠에다가 호두나 견과루 넣으면 찹쌀호두과자 되겠네유😍 이사장님이 만든 것도 먹고싶어유,2025-07-20,sweetshop
61,sweetshop_2025-07-23,vimiliey,와우 너무 맛있어 보여용😮 전 못 고르겠어요.. 둘 다 짱이에요 ㅋㅋㅋ,2025-07-20,sweetshop
62,sweetshop_2025-07-23,dessert_enterance_,와 소리 미쳤어요 ㅠㅠㅠ 바삿바삭,2025-07-20,sweetshop
63,sweetshop_2025-07-23,seo_danme,와.. 맛있을것 같아요,2025-07-21,sweetshop
64,sweetshop_2025-07-23,eunbin.anne_,찹쌀도넛 맛있다요!!ㅎㅎㅎ,2025-07-20,sweetshop
65,sweetshop_2025-07-23,lovelyey_j,오👍 원하는 맛이 되는거군요!!!,2025-07-20,sweetshop
66,sweetshop_2025-07-23,liuujki,언니는 먹천재야😍,2025-07-20,sweetshop
67,sweetshop_2025-07-23,hyeon_seo0117,소리 미쳤다,2025-07-24,sweetshop
68,sweetshop_2025-07-23,hullangtoon,설탕에 굴려야쥬...? 😳,2025-07-21,sweetshop
69,sweetshop_2025-07-23,only__soi,안들어간거...기본.....찹쌀만 있는거여. 그럼 냉동 찹쌀 도너츠 사서 그냥 꾸버머거야게따 ㅎㅎㅎ,2025-07-21,sweetshop
70,sweetshop_2025-07-23,ramyumma,진촤 이마를 탁치고갑니닷~~!!!!! 단과자빵으로 소세지빵도 엄청 잘만들어먹었어요 감사합니닷ㅋㅋㄱㄲ😍😍😍,2025-07-20,sweetshop
71,sweetshop_2025-07-23,choisinyoung86,어디서 팔아요????,2025-07-20,sweetshop
72,sweetshop_2025-07-23,gimhangyeol9366,바삭바삭 미쳤다,2025-07-25,sweetshop
73,sweetshop_2025-07-23,sehee_623,@gimseonggeun974 이거해모쨔!!!,2025-07-22,sweetshop
74,sweetshop_2025-07-23,d._.ox.h,매일 댓글 달기 38일차,2025-07-20,sweetshop
75,sweetshop_2025-07-23,qwjfip,오 한번 사봐야겟다ㅏ😮,2025-07-20,sweetshop
76,sweetshop_2025-07-23,moonjooyoon,와 이건 그냥 못지나치겠다,2025-07-20,sweetshop
77,sweetshop_2025-07-23,hjchoi_0726,제가 휴게소 깨찰빵 진짜좋아하는데 그거 한번 구해서 드셔주심 안될까용😢,2025-07-20,sweetshop
78,sweetshop_2025-07-23,ptb0905,"와,,, 저건 흰앙금이 진리인뎁,,,,",2025-07-20,sweetshop
79,sweetshop_2025-07-23,nyolihaneun,치즈 먹어보고 싶네요,2025-07-21,sweetshop
80,sweetshop_2025-07-23,seung_min0713,저는 던킨도넛 ㅋ,2025-07-21,sweetshop
81,sweetshop_2025-07-23,hansh_730,언니나집에에어프라이기없담말이얌ㅜㅜ,2025-07-21,sweetshop
82,sweetshop_2025-07-23,ceolhyeon20,천재다 천재,2025-07-21,sweetshop
83,sweetshop_2025-07-23,xnxx.kr_,왜 이렇게 많이 먹는데 살이 안 쪄? ㅋㅋ,2025-07-21,sweetshop
84,sweetshop_2025-07-23,jinye16,저는 이거. . 연두색앙금 들어간거 좋아해유~ㄱㅋ❤️,2025-07-21,sweetshop
85,sweetshop_2025-07-23,lmssorry_,진짜마싷겟다,2025-07-21,sweetshop
86,sweetshop_2025-07-23,mincream_0718,저 너무 좋아해여 ㅎㅎ,2025-07-21,sweetshop
87,sweetshop_2025-07-23,ririri_family,이런건 어디서 사요...?,2025-07-21,sweetshop
88,sweetshop_2025-07-23,mlf220,어디서 사나용??,2025-07-21,sweetshop
89,sweetshop_2025-07-23,mlf220,정보주세요,2025-07-21,sweetshop
90,sweetshop_2025-07-23,lovelyaralla,맛있겠다아아. . . 😂,2025-07-22,sweetshop
91,sweetshop_2025-07-23,pyj052732,어디서사야해요?,2025-07-22,sweetshop
92,sweetshop_2025-07-23,jeehye.777,아무것도 안들어간 찹쌀도넛은 설탕에 굴려서 먹어야 하는데!!!,2025-07-22,sweetshop
93,sweetshop_2025-07-23,irene.shin84,팥 들어간게 좋아요,2025-07-22,sweetshop
94,sweetshop_2025-07-23,s3.oxn6,걍 다 좋음 ㅠㅠ❤️,2025-07-22,sweetshop
95,sweetshop_2025-07-23,jeonnhyeonjeong,어디서 사나요? 생지밖에 안파는데 ㅜㅜ,2025-07-23,sweetshop
96,sweetshop_2025-07-23,hyeonyunmin28,와 도나스 오랜만이다,2025-07-23,sweetshop
97,sweetshop_2025-07-23,andihopeyouso,아으배고파,2025-07-24,sweetshop
98,sweetshop_2025-07-23,kimal_arararara,@rokey_ryryryry ㅋㅋㅋ와오,2025-07-24,sweetshop
99,sweetshop_2025-07-23,_after_like_,ㅜㅜ 셋 다 맛있겠다는!!! 근데 치즈도넛에 찍어먹는건 뭔가용,2025-07-25,sweetshop
100,sweetshop_2025-07-23,ww442ww,대박,2025-07-25,sweetshop
101,sweetshop_2025-07-23,eunjeong3402,귀엽 이쁜척 안하네 👏👏👏👏,2025-07-26,sweetshop
102,sweetshop_2025-07-23,2dongh_yen,찹쌀도너츠 오늘 시장가서 사와야지,2025-07-27,sweetshop
103,sweetshop_2025-07-17,n___ht,ㅋㅋㅋ매우 갤럭시 지플립 광고가 아니네요?ㅋㅋㅋㅋㅋㅋ,2025-07-17,sweetshop
104,sweetshop_2025-07-17,gmlehrh,보기에만 용암인 음쓰가 아니라 맛도있는게 대박,2025-07-17,sweetshop
105,sweetshop_2025-07-17,cjd20138,와 내가 알려준 거다!!!,2025-07-17,sweetshop
106,sweetshop_2025-07-17,le.jwxdns,ㅋㅋㅋㅋ 사고싶긴하네 돈이없을뿐😢😍,2025-07-18,sweetshop
107,sweetshop_2025-07-17,carat_sj0627,언니 갤럭시폰에서 카메라 키고 정보를 알고싶은 제품을 화면에 담고 홈버튼 꾹 누르면 검색창? 같은게 뜨는데 화면의 그 제품을 담은 동그라미를 그리면 제품 정보가 나와요 그리고 비슷한 방법으로 번역할 거 화면에 담고 홈버튼 꾹 누르고 검색창 옆 언어 버튼 누르면 번역도 돼여,2025-07-18,sweetshop
108,sweetshop_2025-07-17,z._.xin1661,😮🔥🔥🔥맛있겠다ㅏ!,2025-07-17,sweetshop
109,sweetshop_2025-07-17,sense1127,사전예약하고 기다리고있어요 ㅋ 😍,2025-07-17,sweetshop
110,sweetshop_2025-07-17,chee.ry543,진짜 가식(?) 적인듯ㅋㅋㅋㅋ,2025-07-17,sweetshop
111,sweetshop_2025-07-17,d._.ox.h,매일 댓글 달기 36일차 기억이..,2025-07-17,sweetshop
112,sweetshop_2025-07-17,dessert_enterance_,야 라니요 ㅋㅋㅋㅋㅋㅋㅋㅋㅋㅋ,2025-07-18,sweetshop
113,sweetshop_2025-07-17,1132lls,파파야시럽으로 바다먹방해주세여!!,2025-07-19,sweetshop
114,sweetshop_2025-07-17,yun_a_o_ha_j,@gangha_i 이 폰 괜찮네,2025-07-18,sweetshop
115,sweetshop_2025-07-17,jhisuncle,@chuljin_jejejay 너가 원하는 색 ㅋㅋㅋ,2025-07-17,sweetshop
116,sweetshop_2025-07-17,y_kko.9_m,@92_0102c 이렇게보면 플립이 또 끌린단말이지…,2025-07-17,sweetshop
117,sweetshop_2025-07-15,canonryu7,"챗 gpt는 수행평가랑 숙제, 반성문용으로 소질있는 거 같아유.. 요리에 소질은 읎서",2025-07-15,sweetshop
118,sweetshop_2025-07-15,heis_alicia,지피티가 등골이랑 본메로우를 헷갈린거 아닐까요?🤔,2025-07-16,sweetshop
119,sweetshop_2025-07-15,caeyun_823,너무재밌어요 ㅠㅠㅠㅋㅋㅋㅋㅋ,2025-07-17,sweetshop
120,sweetshop_2025-07-15,hana.9548,글게~ 요즘 저도 쳇지피티랑 연예를 하는데 가끔 잘못된 정보도 알려줘서~겁나 뭐라 했어욥 ㅋㅋㅌㅌㅋㅋ,2025-07-15,sweetshop
121,sweetshop_2025-07-15,choeunsaim,소등골 어디서사요...?,2025-07-26,sweetshop
122,sweetshop_2025-07-15,nox_0314,ㅇㄴ진짜웃기다ㅜㅠㅠ은근히 기대하면서 봤는데 역시. ai는 믿을 게 못 되는구먼😂,2025-07-15,sweetshop
123,sweetshop_2025-07-15,z._.xin1661,오 무슨 맛일지 너무 궁금하다ㅏ🔥,2025-07-15,sweetshop
124,sweetshop_2025-07-15,hey_young_gu,구울 수는 있어염?이쁜 언니??,2025-07-15,sweetshop
125,sweetshop_2025-07-15,sky_skyholic,곱창전골이나 갈비탕에 조금 넣어보래요,2025-07-16,sweetshop
126,sweetshop_2025-07-15,vivi___dailypolee,이래서 맛도 먹어본놈이 안다고…! 지가 뭘먹어봤겠냐규요 ㅋㅋㅋㅋ😂😂,2025-07-15,sweetshop
127,sweetshop_2025-07-15,yalan12418,언니 머리에 나무젓가락 포장 종이 끼고 있는줄 알았어요... ㅋㅋㅋ,2025-07-15,sweetshop
128,sweetshop_2025-07-15,mukorang,ㅋㅎㅋㅎㅋㅎㅎㅋㅎㅋ챗지피티 웃기네,2025-07-15,sweetshop
129,sweetshop_2025-07-15,pinkbaby4747,소전골구매어디서?,2025-07-24,sweetshop
130,sweetshop_2025-07-15,d._.ox.h,매일 댓글 달기 34일차,2025-07-15,sweetshop
131,sweetshop_2025-07-15,www_xuni_com,지피티 자기가 모르는거 있으면 대충 얼렁뚱땅 그럴사하게 말해서 재검증 꼭 해야해여......,2025-07-15,sweetshop
132,sweetshop_2025-07-12,_1hundredmillion,"와우! 이거 저희 해각포잖아요??????? 아무생각없이 릴스보다가 깜짝놀랬어요‼️감사합니다😍👏 요즘 갑자기 해각포 대란에 말릴새도없이 다나가서 ㅜㅜ 열심히 계속 자르고, 말리고있습니다🔥 싹~ 껍질까서 순살로도 판매하니 많관부🙌❤️",2025-07-12,sweetshop
133,sweetshop_2025-07-12,lovelyey_j,아시는분이 2년전에 한가득 주셔서 맛보았어요!! 정말 맛있더라고요!!!,2025-07-12,sweetshop
134,sweetshop_2025-07-12,yoonah_1126,언니 너무 이뻐요 ㅎㅎ 팬이에요 ㅎㅎㅎ,2025-07-12,sweetshop
135,sweetshop_2025-07-12,haena1031,감탄수산 해각포는 다 빼서보내줌 맛잇더라구여 비싸긴한데 ㅋㅋㅋ 고급안주 ㅋㅋㅋㅋ,2025-07-16,sweetshop
136,sweetshop_2025-07-12,min.daeng.e,새우깡만큼 손이가는 해각포ㅎㅎㅎ맥쥬안쥬로 딱이죵♡,2025-07-12,sweetshop
137,sweetshop_2025-07-12,new._.ny,"먹어봤는데 완전 술안주,,😍",2025-07-13,sweetshop
138,sweetshop_2025-07-12,daengnyangbutlersmall,마요네즈 찍어먹어도 맛있었어여!!,2025-07-12,sweetshop
139,sweetshop_2025-07-12,luckysuperpower_mama,껍질깐것도팔아요❤️,2025-07-18,sweetshop
140,sweetshop_2025-07-12,seung_eun_91,엄청 짜던데ㅜㅜ여기껀 안짠가요,2025-07-22,sweetshop
141,sweetshop_2025-07-12,everyday_3016,혹시 게 🦀 다리를 건조시킨건가요?,2025-07-12,sweetshop
142,sweetshop_2025-07-12,gjm._.11,엄마가 아니니까요 ㅎ,2025-07-13,sweetshop
143,sweetshop_2025-07-12,minvly_bns,까서 말려서 파는것도 있어요!,2025-07-15,sweetshop
144,sweetshop_2025-07-12,seyoon0904,차에 가루,2025-07-22,sweetshop
145,sweetshop_2025-07-12,703_jh,이거 냄새 안나나요???,2025-07-16,sweetshop
146,sweetshop_2025-07-12,han__95ul,@z1_______z1 사줘 ?,2025-07-19,sweetshop
147,sweetshop_2025-07-12,sh._.is_09,"진짜 이게 뭐야,,",2025-07-12,sweetshop
148,sweetshop_2025-07-12,lllleeer,어디서 시키셨어요...?,2025-07-12,sweetshop
149,sweetshop_2025-07-12,imhyiseob38,(껍질은 육수로 쓰시겟지??),2025-07-12,sweetshop
150,sweetshop_2025-07-12,d._.ox.h,매일 댓글 달기 33일차,2025-07-12,sweetshop
151,sweetshop_2025-07-12,pain_killer246,윽. 차 안에서ㅜㅡㅜ,2025-07-16,sweetshop
152,sweetshop_2025-07-10,08_da.na,육회바른연어 진짜 단골손님으로써 모든매뉴 다 맛있어요 진짜.,2025-07-10,sweetshop
153,sweetshop_2025-07-10,canonryu7,우와.. 저도 한번 먹어보고 싶네유..,2025-07-10,sweetshop
154,sweetshop_2025-07-10,0l.r_lee,나도 먹어보고싶다..ㅠㅠ,2025-07-25,sweetshop
155,sweetshop_2025-07-10,everyday_3016,우와아악 맛있겠따❤️ 언니 저는 알레르기 있어서 못 먹지만 언니 보면서 대리 만족 할게여😍😍😍 고마워여❤️,2025-07-10,sweetshop
156,sweetshop_2025-07-10,soope_rnova,오늘 너무 예쁘시당,2025-07-23,sweetshop
157,sweetshop_2025-07-10,hyeran_06,육회바른연어 육회 엄청 싱싱해서 추천해요!!,2025-07-11,sweetshop
158,sweetshop_2025-07-10,didi_seungdi_,이사장님 오늘 왜케이쁜거야.......,2025-07-11,sweetshop
159,sweetshop_2025-07-10,yeojin7598,🤤🤤🤤🤤🤤저도 연어킬러인데 함 먹으러가야겠네용😍😍,2025-07-15,sweetshop
160,sweetshop_2025-07-10,canonryu7,1빠!,2025-07-10,sweetshop
161,sweetshop_2025-07-10,d._.ox.h,매일 댓글 달기 32일차,2025-07-10,sweetshop
162,sweetshop_2025-07-10,poop.jxhhx,약간 0.01초 윈터 같음,2025-07-14,sweetshop
163,sweetshop_2025-07-10,yong43400,😍😍😍대박,2025-07-11,sweetshop
164,sweetshop_2025-07-10,hwa_yeon_0225,@u_28_h 너 연어 조아하니,2025-07-12,sweetshop
165,sweetshop_2025-07-10,_duding.ouo,@yxon._.jx 가자.,2025-07-10,sweetshop
166,sweetshop_2025-07-10,aebebeee,목소리 들을수록 김태리랑 똑같아,2025-07-12,sweetshop
167,sweetshop_2025-07-10,www_xuni_com,연어는모르겠고 언니 뽀용하게 생겼네요 ㄹㅇ로 베이비 ❤,2025-07-10,sweetshop
168,sweetshop_2025-07-08,hwicook,현재까지 요리유튜버분중에 간장치킨과 탕수육소스로 용암먹방하신 그분이 현명했네요,2025-07-08,sweetshop
169,sweetshop_2025-07-08,cjd20138,치킨으로해야지 맛있어요 검은치킨이요 소스는탕수육소스에빨간 식용색소넣어서요,2025-07-08,sweetshop
170,sweetshop_2025-07-08,minn_xiz,이사장님 맛난 것만 드세요❤️,2025-07-08,sweetshop
171,sweetshop_2025-07-08,hyorin0111,다음에 검은 치킨에 양념치킨 소스 넣어서 용암처럼 해주세요,2025-07-08,sweetshop
172,sweetshop_2025-07-08,n___ht,ㅋㅋㅋㅋㅋ이사장님 맛잇는것만 드세요 이사장님 행복하게 먹는게 최고에요,2025-07-09,sweetshop
173,sweetshop_2025-07-08,everyday_3016,따라하려다가 당 폭발 할 거 같아서 보기만 할게요 ㅠㅠ❤️❤️ 언니 넘넘 대단쓰😍,2025-07-08,sweetshop
174,sweetshop_2025-07-08,z._.xin1661,으~~ 칼로리가 진짜 지구 5바뀌는 돌아야 될거같을것 같다ㅏ,2025-07-08,sweetshop
175,sweetshop_2025-07-08,yhiammmm,사장님도 이렇게 열심히 사는데..내가 뭐라고.. 😂,2025-07-08,sweetshop
176,sweetshop_2025-07-08,hee208500,암걸려요 뭘발전이요ㅠㅠ하지마세요 조회수올리라고하는것같 이느껴져요,2025-07-08,sweetshop
177,sweetshop_2025-07-08,rkthwl80,와 물엿일꺼란 생각을 못했네요 보기만해도 당이 폭발해요 와,2025-07-08,sweetshop
178,sweetshop_2025-07-08,hyoring2,저게 왜 유행인지 모르겠지만 남들처럼 다 안태우고 ㅋㅋㅋ 위에 바르는거 굿 ㅋㅋㅋㅋㅋ 너무 그냥 화면에서 당이 확 느껴짐 ㅋㅋ,2025-07-08,sweetshop
179,sweetshop_2025-07-08,yuzinamza,보기만 해도 혈관이 살려달라고 하네요..😂,2025-07-08,sweetshop
180,sweetshop_2025-07-08,park_gnwwww,탄거먹으면 암걸림,2025-07-08,sweetshop
181,sweetshop_2025-07-08,d._.ox.h,매일 댓글 달기 31일차,2025-07-08,sweetshop
182,sweetshop_2025-07-08,hzz._.zzjin,이분한테는 초딩인지 유딩인지 훈수를두네..신기해라,2025-07-09,sweetshop
183,sweetshop_2025-07-08,_m0o0nx,30초!,2025-07-08,sweetshop
184,sweetshop_2025-07-08,g_heun95,으앜 !!!!😱,2025-07-08,sweetshop
185,sweetshop_2025-07-08,joondell417428,전분 넣으니 투명에서 불투명이 되네요. 색감을 더 리얼하게 바꾸려고 그런건가,2025-07-08,sweetshop
186,sweetshop_2025-07-08,ofo.lixx,이사장님 라면 건더기(후레이크)로 볶음밥 만들기 해주세요 너무 궁금합니더 ㅜㅜ,2025-07-08,sweetshop
187,sweetshop_2025-07-08,sohae0824,혈당 지붕 뚫은 용암먹방.!,2025-07-08,sweetshop
188,sweetshop_2025-07-08,sophia_hyun_park,그냥 흑임자 가루랑 브라우니가루같응거... 뿌리면 안되나 ㅠㅠ 탄거 너무너무몸에 안좋은데....,2025-07-08,sweetshop
189,sweetshop_2025-07-08,mbti_cexy,이건 먹뱉해도 인정...,2025-07-09,sweetshop
190,sweetshop_2025-07-08,jeunghwa8316,먹지마요 이런건ㅠㅠ,2025-07-09,sweetshop
191,sweetshop_2025-07-08,djdjqoqo28,혈당 스파이크 올거같다...,2025-07-09,sweetshop
192,sweetshop_2025-07-08,im_yeongs_mom,목숨아깝죠 ㅜㅜ오징어먹물 좋으네요ㅎ,2025-07-09,sweetshop
193,sweetshop_2025-07-08,hongbee_88,물에다 물엿 조금이랑 이랑 전분으로 끈적하게가 아닐까요..?,2025-07-09,sweetshop
194,sweetshop_2025-07-08,myeo.ngseong,이사장님 그 약 1년전쯤에 올린 옥수수 마카롱 계량 어떻게하나요??,2025-07-09,sweetshop
195,sweetshop_2025-07-08,jeongdoyunpig,곧죽을거같아요😢😢,2025-07-09,sweetshop
196,sweetshop_2025-07-08,kiki862402,건강챙겨가세요~~전 눈으로 보고만 갈께요.,2025-07-09,sweetshop
197,sweetshop_2025-07-08,imyounbin,따라하셔도 맛있게 먹을수있게 따라하시지 ...,2025-07-09,sweetshop
198,sweetshop_2025-07-08,domooga,보기만 해도 토할거같다...,2025-07-09,sweetshop
199,sweetshop_2025-07-08,official_solo__kit,안녕하세요~ 피드에 딱 알맞는 공구 제품 제안으로 DM 드렸습니다!💌 확인 가능하실까요~?🤩,2025-07-09,sweetshop
200,sweetshop_2025-07-08,mixejun__11,이제 이거 만드는 영상도 AI같아;;;;,2025-07-10,sweetshop
201,sweetshop_2025-07-08,yoonbivip,건강해치는 먹방은하지마세요 쌤ㅜ,2025-07-10,sweetshop
202,sweetshop_2025-07-08,annyong461,유튜버는 극한직업이 맞다,2025-07-10,sweetshop
203,sweetshop_2025-07-08,sadramzo,그냥 탕수육 소스 빨간식용색소 넣고 먹물넣고 고기 튀기는게 건강에 좋을거같다...,2025-07-10,sweetshop
204,sweetshop_2025-07-08,e.s_yoon,마시멜로우로 하면 탄걸 먹게되니까 차라리 먹물 식빵으로 하는게 낫지 않을까여?,2025-07-10,sweetshop
205,sweetshop_2025-07-08,ggumi_moa,검은색 치킨에다가 밑에는 약간 탕수육 소스 느낌으로 하면 괜찮을거 같네요😂,2025-07-10,sweetshop
206,sweetshop_2025-07-08,minimanimo95,검은색치킨치킨ㄱㄱ,2025-07-10,sweetshop
207,sweetshop_2025-07-08,anj.aehyeon,김붙이는거고 물엿에 마시멜로 녹여서 섞어서 먹으세요,2025-07-10,sweetshop
208,sweetshop_2025-07-08,_5x.ra,다른분이 탕수육소스같은거에 검은치킨넣으셔서 한거있는데 그거로하세요 ㅜㅜ 건강 안좋아지실것같아요 ㅜㅜ,2025-07-11,sweetshop
209,sweetshop_2025-07-08,jihun_1428,당뇨...걸리시겠어요 ㅠ,2025-07-11,sweetshop
210,sweetshop_2025-07-08,jenna_j.1113,ㅠㅠㅠ 위에는 굳이 불로 안해도 대여~ 그 마시멜로우 위에 오레오가루 뿌리고 조금 녹이면 됩니다 ㅠㅠ,2025-07-12,sweetshop
211,sweetshop_2025-07-08,lcm08_12,진짜 당 그자체,2025-07-12,sweetshop
212,sweetshop_2025-07-08,4r6224,먹물로 검게 만든 거 잘한 거 같아요~!! 태운 거 먹으면 몸에 해로워요 ~!!😢,2025-07-12,sweetshop
213,sweetshop_2025-07-08,chaehaneul04,마시 멜로우 보단 오래오가 더 좋아요^^,2025-07-12,sweetshop
214,sweetshop_2025-07-08,penalty_rick,먹방 유튜버들 날로 먹는다고 항상 욕했는데 반성하고 감…,2025-07-12,sweetshop
215,sweetshop_2025-07-08,pangpanglove2296,Ai 승 .. 먹방보러 가야겠네,2025-07-13,sweetshop
216,sweetshop_2025-07-08,mxn_cxxn12,노무현,2025-07-13,sweetshop
217,sweetshop_2025-07-08,moues121,다음엔 원전 먹방 가능한가요???,2025-07-14,sweetshop
218,sweetshop_2025-07-08,gosssssena,먹물치킨만들어서 탄부분 표현하면 되겠당ㅎㅎ,2025-07-15,sweetshop
219,sweetshop_2025-07-08,u_yeon_0,하얀 거 늘어나길래 치즈인줄 알았어요,2025-07-19,sweetshop
220,sweetshop_2025-07-08,kkksys_kys,설탕³,2025-07-23,sweetshop
221,sweetshop_2025-07-07,rrrxx18.931,와 미친 옥수수랑 똑같아.. 첨에 소리 끄고 봤는데 한 입 베어물기 전엔 진짜 옥수수인 줄 알았어요.. 그 아이스크림 중에 옥수수 아이스크림 있는데 그거 같다,2025-07-07,sweetshop
222,sweetshop_2025-07-07,jiyeon28634,순간 이분이 이렇게 이가 딴딴했나..?하고 잇었넼ㅋㅋㅋ,2025-07-07,sweetshop
223,sweetshop_2025-07-07,lee.__.happy,우와 대박 입니당ㅠㅠㅜ❤️,2025-07-07,sweetshop
224,sweetshop_2025-07-07,chu.berup_jmt,"팔아주세요,,🥹🌽💛",2025-07-07,sweetshop
225,sweetshop_2025-07-07,zzyxoxo,저렇게 옥수수 아이스크림 만들면 좋을거같아용ㅋㅋㅋㅋ맛있겟당,2025-07-07,sweetshop
226,sweetshop_2025-07-07,pleasure_by_won,요고요고 잘만드셨네~~~ 🌽,2025-07-07,sweetshop
227,sweetshop_2025-07-07,liuujki,천재..🔥,2025-07-09,sweetshop
228,sweetshop_2025-07-07,sep.l8,와 군침이싹돈다,2025-07-07,sweetshop
229,sweetshop_2025-07-07,hyoeun_719,대박 진짜 옥수수같아요🌽🤩 옥수수 완죤 러버로서 진짜 아무데나 파는 곳이 있다면 바로 달려가서 살 자신 있을 정두...,2025-07-07,sweetshop
230,sweetshop_2025-07-07,dlaeheh7,이거 팔아도 줄슬듯ㅋㅋㄱㅋ,2025-07-12,sweetshop
231,sweetshop_2025-07-07,ch._.w1,우오.. 옥수수 싫어하는사람 지나갈게요..,2025-07-12,sweetshop
232,sweetshop_2025-07-07,everyday_3016,팔아주시면 제가 당장 구매 하겠습니다❤️,2025-07-07,sweetshop
233,sweetshop_2025-07-07,d._.ox.h,매일 댓글 달기 30일차,2025-07-07,sweetshop
234,sweetshop_2025-07-07,duddl0607,그냥 옥수수 아스크림 하나 사먹고 말지...,2025-07-14,sweetshop
235,sweetshop_2025-07-07,winfur45,연근 해주세요!,2025-07-07,sweetshop
236,sweetshop_2025-07-07,rkthwl80,초당옥수수인가 했는데 아니네요 와👏👏,2025-07-07,sweetshop
237,sweetshop_2025-07-07,seochanyu723,7빠,2025-07-07,sweetshop
238,sweetshop_2025-07-07,vimiliey,천재다,2025-07-07,sweetshop
239,sweetshop_2025-07-07,usn0oey,"맛잘알.,🦭",2025-07-07,sweetshop
240,sweetshop_2025-07-07,kies536,제품으로 출시해주세요🔥👏 너무먹고싶어요😢,2025-07-07,sweetshop
241,sweetshop_2025-07-07,mukorang,와 진짜 천재,2025-07-07,sweetshop
242,sweetshop_2025-07-07,nox_0314,우와........ 진짜 먹고 싶다ㅠ,2025-07-07,sweetshop
243,sweetshop_2025-07-07,mino_sminwoo_scent,잘~만들었어요 맛있어 보여요👏👏👏😮😍,2025-07-07,sweetshop
244,sweetshop_2025-07-07,minarami1204,마싯겠다대박,2025-07-07,sweetshop
245,sweetshop_2025-07-07,ofo.lixx,언니 라면 건더기(후레이크)로 볶음밥 만들기 해주세요 제발 ㅜㅜ 너무 궁금해요,2025-07-07,sweetshop
246,sweetshop_2025-07-07,hyuni_99_,와ㅠㅠ 너무 맛있어보여요ㅠ 저는 복숭아요ㅠ,2025-07-07,sweetshop
247,sweetshop_2025-07-07,jiyoonkim53,고구마 디저트 제발제발제발요👏🍠🍠🍠🍠🍠🍠🍠,2025-07-07,sweetshop
248,sweetshop_2025-07-07,atugarisan,우와 천재시다 👏👏👏 이거 팔면 대박날거같은데욬ㅋㅋㅋㅋ,2025-07-07,sweetshop
249,sweetshop_2025-07-07,minaa_woo,우와.....천재다!!!,2025-07-07,sweetshop
250,sweetshop_2025-07-07,seo_dooin,와...대박👍,2025-07-08,sweetshop
251,sweetshop_2025-07-07,orc_bachelor,찐옥수수인줄 알았네유,2025-07-08,sweetshop
252,sweetshop_2025-07-07,minser37,제발 고구마 플리즈 1트,2025-07-08,sweetshop
253,sweetshop_2025-07-07,2kduri,이사람 천재임?,2025-07-08,sweetshop
254,sweetshop_2025-07-07,todayiseo,와  임산부..군침나와요 먹고싶어요..🥺,2025-07-08,sweetshop
255,sweetshop_2025-07-07,myeo.ngseong,이사장님 옥수수 마카롱 계량어떻게하나요??,2025-07-08,sweetshop
256,sweetshop_2025-07-07,baki0810,진짜 잘한다,2025-07-08,sweetshop
257,sweetshop_2025-07-07,polaris206,혹시...조카가 ㄱㅇㅈ 맞아용? 딸이 친구 이모시라고 해서요~ 궁금궁금🤩,2025-07-08,sweetshop
258,sweetshop_2025-07-07,muuunori,순간 눈을 의심함 ㅇ...어..언니?! 푸핫 초콜렛이였군😮,2025-07-08,sweetshop
259,sweetshop_2025-07-07,tiny.days121,찐 옥수수 같아요!!!👏👏👏,2025-07-09,sweetshop
260,sweetshop_2025-07-07,jihye830329,음소거로 들어도 음성이 들리는거 저만 그런가요?ㅋㅋ,2025-07-09,sweetshop
261,sweetshop_2025-07-07,thgml._.hee_16,맛난거 왜 자꾸 혼자만 먹어요,2025-07-09,sweetshop
262,sweetshop_2025-07-07,ys._.0605,걍 찰옥수수아님?!,2025-07-09,sweetshop
263,sweetshop_2025-07-07,laurus.jui,544번째 댓글이요?? 아.. 언제 다시 와야되지;;,2025-07-10,sweetshop
264,sweetshop_2025-07-07,5_ddongddi,@kko_k_kko 완전 옥수수같어!,2025-07-10,sweetshop
265,sweetshop_2025-07-07,bliss.m_wony,와,2025-07-11,sweetshop
266,sweetshop_2025-07-07,taerin_0703,@p___seowoo 이거만드러줘라,2025-07-11,sweetshop
267,sweetshop_2025-07-07,umjungmi,와 미쳤👏👏👏👏,2025-07-11,sweetshop
268,sweetshop_2025-07-07,aroundtheworld_16,544 = 옥수수...,2025-07-11,sweetshop
269,sweetshop_2025-07-07,jwjdhc,천재다,2025-07-12,sweetshop
270,sweetshop_2025-07-07,sotyme,너무 금손 아니에요?? 👏,2025-07-12,sweetshop
271,sweetshop_2025-07-07,jeonju.delish,오아 이 퀄리티 무슨일입니꽈😍❤️,2025-07-13,sweetshop
272,sweetshop_2025-07-07,yoha_camping,황우슬혜 배우님이 더빙 했나요?,2025-07-13,sweetshop
273,sweetshop_2025-07-07,su_geng_e,즨짜마시께따요🔥,2025-07-13,sweetshop
274,sweetshop_2025-07-07,yu_____joo,옥수수틀이 대박이네 ㅈㄴ 리얼해,2025-07-13,sweetshop
275,sweetshop_2025-07-07,dopameat_cha,예쁘고 요리 잘하고 혼자 다 하시네요❤️,2025-07-13,sweetshop
276,sweetshop_2025-07-07,ssu_110711,우와~~~,2025-07-13,sweetshop
277,sweetshop_2025-07-07,jinsunny90,오랜만에 천재적 모먼트!!,2025-07-13,sweetshop
278,sweetshop_2025-07-07,www_xuni_com,언니 나는 언니가 너무 예뻐서 비슷한 옥수수 만난 줄 ; 진짜 요즘 넘 예뻐요 0,2025-07-14,sweetshop
279,sweetshop_2025-07-07,97_so._.v,@justh_dk 먹거싶어,2025-07-15,sweetshop
280,sweetshop_2025-07-07,saint.jeongjoo,진짜 옥수수인줄😂😂😂 님 짱이에요👍👍👍👍👍,2025-07-16,sweetshop
281,sweetshop_2025-07-07,son_7sea,진짜 잘만듬,2025-07-16,sweetshop
282,sweetshop_2025-07-07,artist_yeina,오….,2025-07-16,sweetshop
283,sweetshop_2025-07-07,mango15043,진짜 금손..,2025-07-17,sweetshop
284,sweetshop_2025-07-07,m.in_x13,여기 안에 콘치즈 넣어서 먹어주세요,2025-07-17,sweetshop
285,sweetshop_2025-07-07,grim_b,와 츄루룹...,2025-07-17,sweetshop
286,sweetshop_2025-07-07,wish_mom_,용과모양 만들어주세용😍,2025-07-18,sweetshop
287,sweetshop_2025-07-07,00_021_0,팔아주세요,2025-07-19,sweetshop
288,sweetshop_2025-07-07,hajun5313,이유 없이 고정해 주세요 팔 할 거예요,2025-07-24,sweetshop
289,sweetshop_2025-07-07,dpt_1d,제발 귤 해주세요🐨🐨,2025-07-26,sweetshop
290,sweetshop_2025-07-04,y_1_daily,대창 잘라서 네모나게 펴서 다 구운 버전도요...존버...🔥,2025-07-04,sweetshop
291,sweetshop_2025-07-04,everyday_3016,아니 사장님의 아이디어는 어디까지 인가요?? 진짜 넘넘 천재구❤️ 넘넘 이쁘구😍,2025-07-04,sweetshop
292,sweetshop_2025-07-04,hyoeun_719,대창 못먹는데 보다보니까 먹어보구 싶어요😍 그나저나 대창 장난감 머야... 너무 귀여버요❤️,2025-07-04,sweetshop
293,sweetshop_2025-07-04,jii4370,어쩜 5:5가르마도 잘 어울리는 내 연예인!!😍,2025-07-04,sweetshop
294,sweetshop_2025-07-04,happy_mind84,김치안먹는 애들 대창 먹여바여????ㅋㅋ,2025-07-04,sweetshop
295,sweetshop_2025-07-04,v.bacon.v,에프 180도에 6분 6분 두번 구워도 맛있더라구요👍🏻,2025-07-05,sweetshop
296,sweetshop_2025-07-04,ssoo_87,대창정보부탁드려도되나여..❤️,2025-07-05,sweetshop
297,sweetshop_2025-07-04,jwis_happy,ㅋㅋ김치먹으려고 대창 먹네👏,2025-07-04,sweetshop
298,sweetshop_2025-07-04,d._.ox.h,매일 댓글 달기 28일차,2025-07-04,sweetshop
299,sweetshop_2025-07-04,tailoredbody_ys,대창인형 정보궁금해요,2025-07-21,sweetshop
300,sweetshop_2025-07-04,id_skim,낙곱새도 만들어주세요😍😍,2025-07-04,sweetshop
301,sweetshop_2025-07-04,jjeonga8020,한번 기름에 튀긴다음에 후라이팬에 구워보세요 식당에서 초벌로 튀긴다음에 주더라구요,2025-07-04,sweetshop
302,sweetshop_2025-07-04,dal_chamsae,@grxzero 약불에 한시간 이래여….,2025-07-09,sweetshop
303,sweetshop_2025-07-04,adorable_eunseon,@jsm00928 오 한시간동안 구멍송송,2025-07-11,sweetshop
304,sweetshop_2025-07-04,sldja_tprtm,디엠 한번만 봐주세요..,2025-07-05,sweetshop
305,sweetshop_2025-07-04,kkm_______7,호~,2025-07-05,sweetshop
306,sweetshop_2025-07-04,yundaeduck,기름을 잘라서 걷어 내야지 안그럼 맛도 없고 건강에도 인좋고.. 뭐든지 적당히,2025-07-05,sweetshop
307,sweetshop_2025-07-04,nada_yo22,통으로 먹어봤는데 바로 실패한거 먹다가 기름때문에 기침하다 골로갈뻔했는데,2025-07-22,sweetshop
308,sweetshop_2025-07-04,viridian_chamber,배고프다..,2025-07-10,sweetshop
309,sweetshop_2025-07-04,sonheedoo,뒤집어서 기름 좀 잘라내고 구워봐요.원래 대창은 저 모양이 아님ㅎㅎ,2025-07-04,sweetshop
310,sweetshop_2025-07-02,ai898989,전 안 먹었는데 제 동생들은 진짜 자주 먹었어요 ㅋㅋㅋㅋ 저희 딸도 초딩되니 학교 앞 분식점에서 자주 먹어요 ㅋㅋㅋㅋ,2025-07-02,sweetshop
311,sweetshop_2025-07-02,canonryu7,물라면 무슨 맛일지 궁금해유 그리고 이사장님! 불닭볶음면을 팔도 비빔면처럼 차갑게 먹으면 진짜 맛있어요! 삶은 계란 반숙이랑 같이 먹으면 더 맛있어유😻,2025-07-02,sweetshop
312,sweetshop_2025-07-02,bambi_pom.daily,진짜 맛있둠,2025-07-03,sweetshop
313,sweetshop_2025-07-02,ukinang,울산살았지만 물라면은 처음봐요,2025-07-02,sweetshop
314,sweetshop_2025-07-02,kellyfornia_c,ㅋㅋㅋㅋ찐 행복한 표정,2025-07-02,sweetshop
315,sweetshop_2025-07-02,ghkdtnsal_,은근 중독이쥬ㅎㅎㅎ,2025-07-02,sweetshop
316,sweetshop_2025-07-02,ulsan_jsister,초등학교때 학교마치고 맨날 사 먹었는데 요즘에는 잘 안보이더라고요!!! 그게 벌써  전이니……..😂 씻어먹는 맛 보다는 스프를 조금 연하게? 끓여주는맛?이랄까? 저렇게 여러가지 맛은 없었어요!!!!!,2025-07-07,sweetshop
317,sweetshop_2025-07-02,lovelyey_j,얼마전에 울산 다녀왔는데요~ 쫀드기는 못샀어요ㅠㅠ 시나몬롤빵 맛집 다녀오느라 글쎄 까먹었지 뭐에요😂 다음에 가면 사러 가야겠어요~ 저도 뿔은 라면 좋아해요! 맵찔이고요 물라면도 먹어봐야겠네요,2025-07-02,sweetshop
318,sweetshop_2025-07-02,hi_ruuru,온니 라면에 우유 말아 먹는 것도 조아하세요?,2025-07-02,sweetshop
319,sweetshop_2025-07-02,jieux29,마싯겟다,2025-07-02,sweetshop
320,sweetshop_2025-07-02,giridietmemory3377,그나저나... 이사장님 미모포텐 터져요..😮,2025-07-02,sweetshop
321,sweetshop_2025-07-02,nicky_xiaojin,어릴때의 물라면 추억 잊혀지지 않죠 언제나 찾게 되고 라볶이도 최고입니다 꼭 드셔보세요 ❤️,2025-07-02,sweetshop
322,sweetshop_2025-07-02,with_s_snow,울산사람. 먹어본적 없어요.,2025-07-02,sweetshop
323,sweetshop_2025-07-02,taetaehi20,울산 토백이인데 물라면 초딩때 진짜 너무 자주 먹었어요. 라면땅이랑😍,2025-07-07,sweetshop
324,sweetshop_2025-07-02,adultdle,맛있겠다...❤️,2025-07-02,sweetshop
325,sweetshop_2025-07-02,nf_giung11,초등학교때 진짜 많이먹었는데 딱 맵지고 않고 엄청 짜지도 싱겁지도 않아서 맛있었던 기억이 있네요! 가격과 양도 딱 좋았구요,2025-07-02,sweetshop
326,sweetshop_2025-07-02,z._.xin1661,우리 학교앞에 팔면 좋겠다ㅏ,2025-07-02,sweetshop
327,sweetshop_2025-07-02,d._.ox.h,매일 댓글 달기 26일차.. 조회수 0 58초잔 귀하다,2025-07-02,sweetshop
328,sweetshop_2025-07-02,12._.0120,아니 진짜로 온남초 앞에있는 물라면이 ㄹㅇ로 진리인데,2025-07-10,sweetshop
329,sweetshop_2025-07-02,ghkdtnsal_,치즈물라면도 있답니다 👍🏻,2025-07-02,sweetshop
330,sweetshop_2025-07-02,kyoung__95,@minggoo03.11 우리 어릴때 맨날 사먹었는데 큰컵 500원 존맛ㅠ,2025-07-02,sweetshop
331,sweetshop_2025-07-02,luna_y_eun,@__js__hhh 이거 울집앞에 있는고야,2025-07-07,sweetshop
332,sweetshop_2025-07-02,www_view,31살 울산 사람인데...물라면 진짜 자주 먹었는데 왜 모른다는 사람이 많은지 모르겠네요 ㅠㅠㅠ,2025-07-04,sweetshop
333,sweetshop_2025-07-02,j_a_n_e94,@min9wook4024 울산아조띠 물라면 먹어봤는가?,2025-07-02,sweetshop
334,sweetshop_2025-07-02,u_on__,@i_snnn 소환,2025-07-12,sweetshop
335,sweetshop_2025-07-02,kr.hhh,@_0.0_e @__lyonnaise__ 울산 사람들이 이걸 왜 모르지? 퉁퉁 뿔어터진 뽀글이! 존맛탱이었는뎅,2025-07-22,sweetshop
336,sweetshop_2025-07-02,imseunghun59,나 초등학교 쪽이다,2025-07-22,sweetshop
337,sweetshop_2025-07-02,hcw_0326,이게 울산거 였구나,2025-07-03,sweetshop
338,sweetshop_2025-07-02,eunsu4415,안녕하새요^^😊,2025-07-03,sweetshop
339,sweetshop_2025-07-02,briella_one,앗 여기 울산인데 반가워요,2025-07-03,sweetshop
340,sweetshop_2025-07-02,glorioumm,"울동네 물라면은 미리끓여놓은 국물에 계란풀어서 주어주는데 ,,,? @junhyi1025",2025-07-03,sweetshop
341,sweetshop_2025-07-02,tytty0321,쫀드기랑 물라면 다 먹었어용,2025-07-03,sweetshop
342,sweetshop_2025-07-02,matzip_wipe,우왁.... 특이하당 ㅎㅎ😍,2025-07-03,sweetshop
343,sweetshop_2025-07-02,yjh_myinstargram,저 먹어봤는데 진짜 맛있어요!!,2025-07-03,sweetshop
344,sweetshop_2025-07-02,yesol_e_da,진라면으로 해야됨,2025-07-03,sweetshop
345,sweetshop_2025-07-02,11ove._.cake,냉라면도 맛있어요,2025-07-03,sweetshop
346,sweetshop_2025-07-02,t_leum,@abigail.h.jo 이고 맛잇어?,2025-07-04,sweetshop
347,sweetshop_2025-07-02,ryuseonghun524,저걸 1000원에 먹어??,2025-07-04,sweetshop
348,sweetshop_2025-07-02,young.rim0930,울산초딩들이좋아하는거죠 ㅋㅋ,2025-07-04,sweetshop
349,sweetshop_2025-07-02,young.rim0930,나이있으신분들은 몰라요 요즘 초 중 애들이 많이 먹던 간식이죠,2025-07-04,sweetshop
350,sweetshop_2025-07-02,hi__hj__99,@ezi._o 궁그묘ㅐ!!,2025-07-04,sweetshop
351,sweetshop_2025-07-02,jia10036,대왕 빙수 만들어 주세요❤️,2025-07-04,sweetshop
352,sweetshop_2025-07-02,schoyun,저희 동네는 뽀글이라고 한던데여?,2025-07-04,sweetshop
353,sweetshop_2025-07-02,bagjuyeong484,우리 애 추억의 물라면입니다,2025-07-04,sweetshop
354,sweetshop_2025-07-02,dustjqkr,옥동초 앞에 물라면 팔았는뎅 ㅠ 남부도서관 앞 쫀드기❤️❤️,2025-07-04,sweetshop
355,sweetshop_2025-07-02,wonjin_jung_,물라면은 약간 동네마다 없는곳도 있었고 쫀디기는 울산 공통으로 튀겨서 라면스프 뿌려먹는게 존맛이었는데,2025-07-05,sweetshop
356,sweetshop_2025-07-02,nahyun2_2,@o_vzl 아니 물라면을 안 먹어본 사람이 있다고?,2025-07-05,sweetshop
357,sweetshop_2025-07-02,happyeuny,초등학교 근처 살았었는데 90~00년대생들 초딩때 쯤 생겨 난것 같아요.,2025-07-05,sweetshop
358,sweetshop_2025-07-02,ilove_akaza._,저희 학교앞 분식집에 있긴한데 거기 위생이 안좋다고 소문나서 안가게되는…,2025-07-06,sweetshop
359,sweetshop_2025-07-02,____fall___ing,성인되서도 가끔 생각나서 사먹고 싶은데 요즘은 잘 안팔아요 울산 쫀듸기는 성남동이 제일 맛있어요 다음에 꼭 드셔보세요,2025-07-06,sweetshop
360,sweetshop_2025-07-02,str0n9star,9n년생 울산인인데 물라면 첨보는데예,2025-07-06,sweetshop
361,sweetshop_2025-07-02,mimiroom_nail,@k_________ny 물라면 티비에나와서 처음 들어봄..,2025-07-06,sweetshop
362,sweetshop_2025-07-02,s_jeen,울산사람.  초등학교 다닐때 라볶이 라는 명칭으로 200원 300원에 팔던 건데 진짜 좋아했어요..💚,2025-07-06,sweetshop
363,sweetshop_2025-07-02,hen2o_o,물라면 가게마다 맛 달라서 내 입에 맞는 집 찾아서 정착했는데 키키,2025-07-06,sweetshop
364,sweetshop_2025-07-02,pskfro,@sj_5572 짱궁금해용!,2025-07-06,sweetshop
365,sweetshop_2025-07-02,xxfree_domxx,아...코뚜러펑으로 뚫어주고싶다..,2025-07-07,sweetshop
366,sweetshop_2025-07-02,kimddolddol2,야무지게먹네진짜이쁘다잘먹어서,2025-07-07,sweetshop
367,sweetshop_2025-07-02,hyye_jiny,@k.daeil.92 라면 쫀드기 학교마치고 맨날 먹었는데…,2025-07-07,sweetshop
368,sweetshop_2025-07-02,yang1004man,리어카에서 할머니가 말아주시던 김치국수 면도 팅팅 불고 육수도 미지근했지만 묘하게 중독적인 맛이 있었음,2025-07-08,sweetshop
369,sweetshop_2025-07-02,ahyul5654,이고 금산에도 있어요!!!!,2025-07-08,sweetshop
370,sweetshop_2025-07-02,food_haribo,차가운 면 완전 좋아한다면서 왜 순서는,2025-07-08,sweetshop
371,sweetshop_2025-07-02,gommene,요즘도 울산 초등학교 앞에 뽀글이라고 팔아요 애기들 잘 사먹더라구요,2025-07-09,sweetshop
372,sweetshop_2025-07-02,sm07341,울산에서 태어나고 자랐지만 물라면 안먹어본 1인,2025-07-09,sweetshop
373,sweetshop_2025-07-02,xiu___yan,저 울산사람인데 초딩때 진짜 많이먹었어요 ㅋㅋㅋㅋㅋㅋ,2025-07-09,sweetshop
374,sweetshop_2025-07-02,s1yoen_,"@s1xagz_, @sx1un__ 근데 이거 팬시에 잇는거 아님",2025-07-10,sweetshop
375,sweetshop_2025-07-02,do_jeain,서울인데 물라면 먹고자랐어요. 넘나맛났는디 레시피알고파여,2025-07-10,sweetshop
376,sweetshop_2025-07-02,seora884,언니저 울산 살아요!,2025-07-10,sweetshop
377,sweetshop_2025-07-02,minrahui,@sion.vox 헐 아니 이거 초등학교 때 진짜 많이 먹었는뎈ㅋㅋㅋㅋ 컵볶이랑 쫀드기랑 만두랑 피카츄 추억이댜…,2025-07-10,sweetshop
378,sweetshop_2025-07-02,jiwoon_mj60209,역시 울산😋😋😋,2025-07-11,sweetshop
379,sweetshop_2025-07-02,d508643s,안동 ㅡ저희 아이학원 밑 분식집에서도 파는데~ 여긴 많이 주네요.,2025-07-13,sweetshop
380,sweetshop_2025-07-02,ulsanpaen,너기 강남초등학교 앞에있죠?,2025-07-13,sweetshop
381,sweetshop_2025-07-02,b____liss,특유의 슴슴한맛이 있는데 한번씩 생각나는맛❤️학교다닐때 비오는날이면 한손에 물라면들고 한손에 우산들고 먹으면서 갔던 기억이..ㅎㅎ,2025-07-13,sweetshop
382,sweetshop_2025-07-02,eunjin8608,울산사는데 먹어본적이 없어요.. 있는지고 몰랐어요,2025-07-13,sweetshop
383,sweetshop_2025-07-02,minbyeongu1058,이거 존맛,2025-07-15,sweetshop
384,sweetshop_2025-07-02,ulsan_yamdol,아니 불닭도 생겼다니...,2025-07-17,sweetshop
385,sweetshop_2025-07-02,so_y.__.n,@sw.___.n 이거야,2025-07-17,sweetshop
386,sweetshop_2025-07-02,ssonyppp,저 울산사는데 울산 오시면 남창에 나이스 분식꼭가보세요 온양 초등학교앞이 거든요 진짜 꼭한번 가보세요!!,2025-07-17,sweetshop
387,sweetshop_2025-07-02,boeenee,여긴 양 많이 주네욤,2025-07-17,sweetshop
388,sweetshop_2025-07-02,nnk1230,@soooojin_b 이게 뭐야!!! 당장 진행시켜,2025-07-19,sweetshop
389,sweetshop_2025-07-02,h.1bxn,저희는 문구점에서 뽀글이라는 이름으로 팔았는데 지금 사라졌어요ㅠㅜ,2025-07-19,sweetshop
390,sweetshop_2025-07-02,gz__jh,"@ji_yb.99, @kimjihyeon9186, @h_yejin_0 먹어본 사람? 일단 난 안먹어본 울산 ㅅ1",2025-07-22,sweetshop
391,sweetshop_2025-07-02,sz.xon_,물라면은 분식집마다 편차차이가 심해요 ㅠㅠ 맛은 없는데 많이 주는곳과 맛있는데 적당한양 그럭저럭한데 적은양 등등 많이 다릅니다 ㅠㅠ 전 꼬지로 먹는것도 처음보고 그 동네는 어딘지 모르겠지만 혹시나 중구에 오신다면 복산동 통통분식도 한번 가주시길…,2025-07-23,sweetshop
392,sweetshop_2025-07-02,pqusohqo15,우리도잇는데,2025-07-23,sweetshop
393,sweetshop_2025-07-02,gimjian1834,2평 분식 근처에 아빠가 하는 식당 있는데,2025-07-24,sweetshop
394,sweetshop_2025-07-02,fixed_yejun,사장님 그냥 다 좋아한다고 하세욧🔥,2025-07-25,sweetshop
395,sweetshop_2025-07-02,yangseojin709,와 나도 울산시민인데 나도 초딩때 많이 먹었던기억이 나는데 가격이 1000₩짜리가 1500₩올라 갔으니 ….,2025-07-25,sweetshop
396,sweetshop_2025-07-02,here_now_and_,물라면 먹으면서 자랐어요 ㅎㅎ 그땐 초딩이라 모든 분식점에 다 있는줄 알았는데 타지에 가보니 아니더라구요 ㅎㅎ 아주머니의 친절함으로 자주 갔었어요(남부초앞) 지금두 있는지는 모르겠어요 ^^,2025-07-26,sweetshop
397,sweetshop_2025-07-02,yu_riara1004,꼬지나 나무젓가락하나로먹어요! 저는 90년대생이고 초등학생이전부터 먹었어요 물라면 최근 간식은아니에요!!쫀드기도 말랑하게 튀긴거나 마가린에 구운건 쫄쫄이라고 딱딱하게 튀긴건 딱쫄이 딱딱이라고 불렀어요 물라면 원조는 ㅈ라면 스프를 끓여서 간만맞춘거였어요 집집마다다르긴한데 우동스프를 섞거나 다싯물내서 섞으시는분도계셨고 쇠고기스프를 섞어서 끓이시는분도계셨어요ㅎㅎ,2025-07-26,sweetshop
398,sweetshop_2025-06-30,watermelon_9898,와우 이사장님이 그냥 금손이신거 같은데요…? 😮 그나저나 빵 맛있으니까 단골집 사장님 가져다드리는거 왤케 귀여우시져 ㅋㅋㅋㅋㅋ ❤️,2025-06-30,sweetshop
399,sweetshop_2025-06-30,everyday_3016,뭔가 언니는 빵 만드실때 그 어어엄청 행복한 표정이 있는거 아시나요?❤️ 진짜 넘 귀여우시구 이쁘시구😍😍 이러다 반해버리겠어여 😂,2025-06-30,sweetshop
400,sweetshop_2025-06-30,190916s2,맛있다고 친한사람생각나서 갖다주는 사장님 너무스윗하고따뜻해요🙌❤️,2025-06-30,sweetshop
401,sweetshop_2025-06-30,lovely_and_,우왓♡ 최애빵을 직접 만들어 볼 수 있겠어요!! 꿀정보 감사합니다😍,2025-06-30,sweetshop
402,sweetshop_2025-06-30,2nacook,빵집하셔도 되겠어요😍,2025-07-01,sweetshop
403,sweetshop_2025-06-30,_yang____________,오오……!!,2025-06-30,sweetshop
404,sweetshop_2025-06-30,canonryu7,이사장님이 만든 옛날 빵 맛있겄다..🤤,2025-06-30,sweetshop
405,sweetshop_2025-06-30,sx.minm_,저 만들어서 주세용 ㅎㅎ,2025-06-30,sweetshop
406,sweetshop_2025-06-30,mukorang,이사장님 팔아주떼요❤️❤️❤️,2025-06-30,sweetshop
407,sweetshop_2025-06-30,imhyiseob38,소라빨 까먹고 호일 안빼면 전자렌지 댑혀먹을때 큰일 나겠네요 ㅎㅎ,2025-06-30,sweetshop
408,sweetshop_2025-06-30,d._.ox.h,매일 댓글 달기 24일차,2025-06-30,sweetshop
409,sweetshop_2025-06-30,z._.xin1661,초코잼은 어떡해. 만들어요??,2025-06-30,sweetshop
410,sweetshop_2025-06-30,x._.1013sua,우와,2025-06-30,sweetshop
411,sweetshop_2025-06-30,jjieun8686,와.. 대박ㅋ,2025-06-30,sweetshop
412,sweetshop_2025-06-30,only.joohyun,굿 👍🏻 👍🏻,2025-06-30,sweetshop
413,sweetshop_2025-06-30,jjajjaloni_cat,잊고있었던 냉동 생지....빵돌이가 되어 볼께요,2025-07-01,sweetshop
414,sweetshop_2025-06-30,dddffffggggggggggggggggggggg,이거 보고 바로 만들고 있습니다..,2025-07-01,sweetshop
415,sweetshop_2025-06-30,0young_min_son0,이사장님 금손 아니에요??,2025-07-01,sweetshop
416,sweetshop_2025-06-30,hxe._0ji,헐 피자빵 핫도그로도 할 수 있나요?,2025-07-01,sweetshop
417,sweetshop_2025-06-30,1h_y14,난 빵집 추천하는줄;,2025-07-01,sweetshop
418,sweetshop_2025-06-30,tjdwkgns1005,뚝딱뚝딱 만드는 폼이 멋있어요.,2025-07-01,sweetshop
419,sweetshop_2025-06-30,yeonhyihateu,저희집은 근처는 동네 빵 집뿐 ㅠㅜ 특별한거 먹을려면 좀 나가야 ㅠㅠ̑̈ㅠ̑̈,2025-07-02,sweetshop
420,sweetshop_2025-06-30,p91__a,오븐은 안되나요?,2025-07-02,sweetshop
421,sweetshop_2025-06-30,leeseul6249,@ayeon2379 같이 만들어 볼까?,2025-07-02,sweetshop
422,sweetshop_2025-06-30,loblsystem678,오늘의 결론 걍 사먹자,2025-07-02,sweetshop
423,sweetshop_2025-06-30,wooooonna,이제 빵집하실때가....!,2025-07-02,sweetshop
424,sweetshop_2025-06-30,weaponhwang,대단하십니다... 오ㅏ~,2025-07-02,sweetshop
425,sweetshop_2025-06-30,taedung2,오늘바로 해먹었는데 너무맛있어요 꿀팁감사해요,2025-07-05,sweetshop
426,sweetshop_2025-06-30,n___ht,피자빵이 1등!!!!,2025-07-05,sweetshop
427,sweetshop_2025-06-30,osallak_,제주 삼복당 가주세요,2025-07-07,sweetshop
428,sweetshop_2025-06-30,gvt1389,금손,2025-07-07,sweetshop
429,sweetshop_2025-06-30,namyk5556,오븐에는 어땋게 구워요?,2025-07-08,sweetshop
430,sweetshop_2025-06-30,lucky__ssun,@__ookay 빵슈니 울 언니 단과자빵 고? ㅋㅋㅋㅋㅋㅋ,2025-07-09,sweetshop
431,sweetshop_2025-06-30,official_kimchan12,저희 외할머니 가게 바로앞에 다 팝니다 ㅋㅋ 먹고 싶으면 가서 먹어요,2025-07-10,sweetshop
432,sweetshop_2025-06-30,hee.jae_14,저희는 모든빵이랑 음료수 아이스크림다1000원인곳있는데 엄청맜있어요,2025-07-16,sweetshop
433,sweetshop_2025-06-30,pius_go,20%쯤 화나있는거 같은 말투 귀엽다..ㅋㅋ,2025-07-16,sweetshop
434,sweetshop_2025-06-30,seunghyeon1226,집에 오븐이 없어유..ㅠㅠ,2025-07-19,sweetshop
435,sweetshop_2025-06-28,everyday_3016,믖찌다 울 언니❤️❤️❤️,2025-06-28,sweetshop
436,sweetshop_2025-06-28,d._.ox.h,이상한과자가게언니한테 매일 댓글 달기 23일차,2025-06-28,sweetshop
437,sweetshop_2025-06-28,i.intrinsic_motivation,멋있어요 😍😍😍,2025-06-28,sweetshop
438,sweetshop_2025-06-28,everyday_3016,우와!!! 너무 멋있어!! 마이크 잡고 있는 언니 모습이 넘넘 멋있어서 반할거 같아요❤️,2025-06-28,sweetshop
439,sweetshop_2025-06-28,purplersjv7,멋있다 울 언니 ~~ ❤️❤️❤️,2025-06-28,sweetshop
440,sweetshop_2025-06-28,chill_haza,오!!멋있다 이사장,2025-06-28,sweetshop
441,sweetshop_2025-06-28,jii4370,예쁘다 진짜..내 연예인!!😍😍😍😍😍,2025-06-28,sweetshop
442,sweetshop_2025-06-28,now.om_,너무 멋있어요!~ 업로드하기!!🔥,2025-06-28,sweetshop
443,sweetshop_2025-06-28,z._.xin1661,이쁟ㅏ,2025-06-28,sweetshop
444,sweetshop_2025-06-28,1_h0on,누나 왜케 이뻐,2025-06-28,sweetshop
445,sweetshop_2025-06-28,kellyfornia_c,이사장님 화이팅❤️❤️,2025-06-28,sweetshop
446,sweetshop_2025-06-28,anunu.kr,머싯당,2025-06-28,sweetshop
447,sweetshop_2025-06-28,ourstorim,늘 밝고 씩씩한 이사장❤️ 1000만 가자🔥,2025-06-28,sweetshop
448,sweetshop_2025-06-28,d._.ox.h,이상한과자가게언니 매일 댓글 달기 22일차,2025-06-28,sweetshop
449,sweetshop_2025-06-28,happy_love_nayun,너무귀여워,2025-07-15,sweetshop
450,sweetshop_2025-06-28,ss_owner201211r,앜ㅋㅋ 이사장님 ㅋㅋ 멋있어용,2025-07-18,sweetshop
451,sweetshop_2025-06-28,pizasazou,이사장님이다!!,2025-07-28,sweetshop
452,sweetshop_2025-06-28,johnminjoon,개나 소나 유투버 인플루언서,2025-07-24,sweetshop
453,sweetshop_2025-06-28,dxnoun,이사장님이아!!,2025-07-23,sweetshop
454,sweetshop_2025-06-28,jeehyun__95,@baby.duckbong 님아,2025-07-19,sweetshop
455,sweetshop_2025-06-28,dokja24,잼민이들아 이런것도 재능이 있어냐 한다,2025-07-27,sweetshop
456,sweetshop_2025-06-28,774.695,브이로그는 원래도 조횟수 나기 힘든데   꾸준히 업로드하는데 잘안돼요..큰 재미는 없어도 소소하게웃긴뎅ㅜㅜ,2025-07-11,sweetshop
457,sweetshop_2025-06-28,pingpang2015,진짜?,2025-07-02,sweetshop
458,sweetshop_2025-06-28,llliiilliiillill,내거는 왜 조회수가 8일까 ㅠㅠ,2025-07-02,sweetshop
459,sweetshop_2025-06-28,lovejh0117,이상한과자가게님 이셨네 와 누구신가 했네,2025-07-03,sweetshop
460,sweetshop_2025-06-28,hello_hhww,팩트: 유튜브 쇼츠가 아니라 릴스에 올라온 영상이다,2025-07-04,sweetshop
461,sweetshop_2025-06-28,pm4m1,@sweetshop_s2 귀야워요!!!!!!!!!!!!!!!,2025-07-05,sweetshop
462,sweetshop_2025-06-28,kim_jung_a01318,나더 하고 싶다~~~,2025-07-05,sweetshop
463,sweetshop_2025-06-28,seongmi1356,내꺼는 조회수가 하나만 붕뜨고 다 25 12 이렇던데...😭 그래서 포기함 ><,2025-07-06,sweetshop
464,sweetshop_2025-06-28,seongmi1356,저 유튜브 쇼츠 알고리즘 초기화 어캐해요,2025-07-06,sweetshop
465,sweetshop_2025-06-28,eunyul_rume,구독자 1000인데 왜 9000원밖에 안줘요ㅜㅜ,2025-07-08,sweetshop
466,sweetshop_2025-06-28,0s.yexon_,정보쌤 아니교,2025-07-09,sweetshop
467,sweetshop_2025-06-28,palepink1987,어색하고 귀여워ㅋㅋㅋㅋㅋㅋ,2025-07-09,sweetshop
468,sweetshop_2025-06-28,nnn.nnn9664,이뻐서 된거같아요,2025-07-09,sweetshop
469,sweetshop_2025-06-28,uouv330,너무 이쁘다,2025-07-10,sweetshop
470,sweetshop_2025-06-28,mnbvcxzgtyqp,잘,2025-07-10,sweetshop
471,sweetshop_2025-06-28,youjinseon3,업로드 해서 성공할 꺼였음 개나소나 다 올리지,2025-07-10,sweetshop
472,sweetshop_2025-06-28,seunghyeon1226,매력적인 여인 였어 가능한듯,2025-07-12,sweetshop
473,sweetshop_2025-06-27,ourstorim,ㅋㅋㅋㅋ아앀ㅋㅋ 이 세계관 뭔데 귀여워 ㅋㅋㅋㅋㅋㅋ,2025-06-27,sweetshop
474,sweetshop_2025-06-27,jinjugunmom,연희동 쑥떡만 파는집 있어요 진짜 맛있음,2025-06-28,sweetshop
475,sweetshop_2025-06-27,rhythmizm,진짜 잘 만드시네요 떡쟁이들은 자기집 떡이 가장 맛있다고들해요.(자부심이 강해서),2025-06-28,sweetshop
476,sweetshop_2025-06-27,jongmiyoung,인천강화에 다운떡방앗간이요~❤️,2025-06-28,sweetshop
477,sweetshop_2025-06-27,ukinang,즤 친정엄니 쑥떡을 추천드리고싶군요!!,2025-06-27,sweetshop
478,sweetshop_2025-06-27,canonryu7,쑥떡 맛있겠다..🤤,2025-06-27,sweetshop
479,sweetshop_2025-06-27,hongseola,"쑥떡은 남해 중현떡집,,, 추천요!!!!!!!",2025-06-29,sweetshop
480,sweetshop_2025-06-27,chaha0,"떡함지,,, 쑥떡이 최고에요",2025-07-01,sweetshop
481,sweetshop_2025-06-27,guumin539,"한라산 미당 쑥떡 진짜 강추요,,,",2025-06-29,sweetshop
482,sweetshop_2025-06-27,may_mom2,"삼산떡방앗간 ,, 추천요",2025-06-27,sweetshop
483,sweetshop_2025-06-27,jii4370,못하는게 뭔데요~~~😍,2025-06-27,sweetshop
484,sweetshop_2025-06-27,watermelon_9898,와잌ㅋㅋㅋㅋㅋㅋㅋㅋㅋㅋㅋㅋㅋㅋ 어캐 저걸 직접 만드셨어요….,2025-06-27,sweetshop
485,sweetshop_2025-06-27,hahn0127,울산 도깨비떡방 해풍쑥인절미도 맛있어요 저쇼핑몰cs일했을때 엄청나게팔렸어요,2025-06-29,sweetshop
486,sweetshop_2025-06-27,ddoong_leg,마지막이 킬포 ㅋㅋㅋㅋ,2025-06-27,sweetshop
487,sweetshop_2025-06-27,luminous.1968,"쑥덕은,,, @dduckhamji 👏🏼👏🏼👏🏼",2025-06-27,sweetshop
488,sweetshop_2025-06-27,ssung2____,김재규쑥떡맛잇어용..,2025-06-27,sweetshop
489,sweetshop_2025-06-27,hyojeong0812,원래 쑥떡 만들때 억센 쑥으로해야 향이 강하다고 하더라고요~ 맛나겠어요😋,2025-06-27,sweetshop
490,sweetshop_2025-06-27,shaneeeee_hk,언나는공구언제하는데여?김덕매할머니이직함??,2025-06-27,sweetshop
491,sweetshop_2025-06-27,kimmmmaeri,남해중현떡집👍👍👍👍,2025-06-28,sweetshop
492,sweetshop_2025-06-27,i_jeee,우앙💓,2025-06-27,sweetshop
493,sweetshop_2025-06-27,_mmlleook_,우와.. 진짜 못 만드시는게 없는... 미래의 남편님 찐 행복하시겠다아👏👏👏,2025-06-27,sweetshop
494,sweetshop_2025-06-27,d._.ox.h,매일 댓글 달기 21일차,2025-06-27,sweetshop
495,sweetshop_2025-06-27,pop50610,ㅠㅠㅠㅠㅠㅠ 달고나 쿠키 16트?.... 몇 트지?......,2025-06-27,sweetshop
496,sweetshop_2025-06-27,chanjae_ss0308,"전생에 나라를 구했을 것만 같은 요리 실력이시네요 여윽시 이사장님 짱, 언능 제 뱃속으로 욱여넣고 싶은 마음 2025627%네요 후후",2025-06-27,sweetshop
497,sweetshop_2025-06-27,thddl32,그냥 사먹을게요 ㅋㅋㅋ,2025-06-27,sweetshop
498,sweetshop_2025-06-27,yeonwon3,주주그레이스 떡 후기 엄청 좋아여 대표님이 떡순이라 매일 직접 만드시더라구요 짱 추천해여,2025-06-28,sweetshop
499,sweetshop_2025-06-27,eyygvhnbbj,아람님이 드신 김재규쑥떡 사먹어봤는데 진짜 맛있었어요!,2025-06-28,sweetshop
500,sweetshop_2025-06-27,bunengsin,인천 가좌시장 풍년떡집,2025-06-28,sweetshop
501,sweetshop_2025-06-27,parkyeon369,우왕,2025-06-28,sweetshop
502,sweetshop_2025-06-27,leeyuran5437,전주 용진떡집이요 쑥떡 미치게맛있습니다,2025-06-28,sweetshop
503,sweetshop_2025-06-27,sjy.sng,삼부점 만드세요?,2025-06-28,sweetshop
504,sweetshop_2025-06-27,tmcmzk,쑥떡은 할머니손은혜를 쓰는게 젤 안전함 😍저렇게해서 후라이팬....ㅠbye,2025-06-29,sweetshop
505,sweetshop_2025-06-27,luv.da_eun,남해 중현떡집...❤️,2025-06-29,sweetshop
506,sweetshop_2025-06-27,pearl_da0,@pear1_hyun 나진짜ㅏ쑥떡이 너무먹고싶은가봐…,2025-06-29,sweetshop
507,sweetshop_2025-06-27,b_ritt____________,언니 혹시 믹서기 정보 알 수 있을까유…?❤️,2025-06-30,sweetshop
508,sweetshop_2025-06-27,suhyang85,중현떡집!!!,2025-07-03,sweetshop
509,sweetshop_2025-06-27,rohhyunseo,와~! 이걸 집에서 만드시다니👍,2025-07-10,sweetshop
510,sweetshop_2025-06-27,iloveyou.1418,대박,2025-07-11,sweetshop
511,sweetshop_2025-06-27,yj_zx8,27차 ㅋㅋㅋㅋㅋㅋㅋㅋㅋ,2025-07-12,sweetshop
512,sweetshop_2025-06-27,noiae4803,쑥떡 맛나 먹는법 와플기게에 넣어서 구우면 빠싱하고 쩐득 해서 계속 먹음,2025-07-14,sweetshop
513,sweetshop_2025-06-27,_charming_rin,쑥떡은 👉🏻👉🏻👉🏻👉🏻 @sillabyeongga_official 여기 진짜 맛있음 !! 🍡✨,2025-07-26,sweetshop
514,sweetshop_2025-06-26,holymoly_lash,성남동에 쫀드기 눌러주는기계로 해주는곳 있는데 거기서 먹어애해여… 존맛….,2025-06-27,sweetshop
515,sweetshop_2025-06-26,gimhyeonju271,울산살아서 울산 쫀드기만 먹어봐서.. ㅎㅎ 여튼 울산 쫀드기가 맛있는걸로...,2025-06-26,sweetshop
516,sweetshop_2025-06-26,minn_xiz,저는 촉촉한 식감을 좋아해서 목포쫀드기 !,2025-06-26,sweetshop
517,sweetshop_2025-06-26,seyeong7899,맨날 친구들이랑 분식점가면 양념더 뿌려달라고 했눈뎅 ㅋㅋ,2025-07-02,sweetshop
518,sweetshop_2025-06-26,_s.4ri_n,언니 경주 쫀드기 맛있아!,2025-06-27,sweetshop
519,sweetshop_2025-06-26,bo_yon12,울산사람은 울산에 저런게 있는지도 몰랐네요,2025-06-26,sweetshop
520,sweetshop_2025-06-26,everyday_3016,아니 쫀드기가 이렇게 바삭하다뇨❤️❤️❤️ 아이디어 완전 굿 인데여😍 글구,2025-06-26,sweetshop
521,sweetshop_2025-06-26,nicky_xiaojin,당연 울산쫀듸기죠 딱쫄은 더욱 맛있습니다😍😍,2025-06-26,sweetshop
522,sweetshop_2025-06-26,luvly_ian,목포는 폭신폭신 울산은 바삭바삭ㅋㅋ 울산사람이라서가아니고 울산쫀디기가 더 맛나요,2025-06-26,sweetshop
523,sweetshop_2025-06-26,songjiwon6142,저도 울산살아요!! 저는 초등학교때 문방구에서 안찢은 생 연필쫀드기위에 라면스프만 뿌려주셨어요 꼬들꼬들하고 한줄씩 찢어먹는맛이 좋았어요 추억이에요!!,2025-07-01,sweetshop
524,sweetshop_2025-06-26,hayun0512,저는 울산 쫀드기!! 고향이 울산이기도하고 목포쫀드기는 안 먹어봤어요,2025-07-08,sweetshop
525,sweetshop_2025-06-26,jing_zz6,아 이거 성남동에 버터로 구워주는 쫀드기가 진짜 마싯는뎅....,2025-06-26,sweetshop
526,sweetshop_2025-06-26,choi.bobae,@mimssso 내사랑딱쫀😍,2025-06-28,sweetshop
527,sweetshop_2025-06-26,um.22_,@ji000.2 @__binii.j @doogi__ 울산 !!,2025-06-28,sweetshop
528,sweetshop_2025-06-26,dajung_ee,쿠팡에서 연필심쫀드기랑 스프 사서 해먹어보세요!🫶🏻,2025-06-26,sweetshop
529,sweetshop_2025-06-26,daaa._.dong,"@ooopticalll 울산 쫀디기였네,, 유명한거 있었네!!!",2025-07-23,sweetshop
530,sweetshop_2025-06-26,dvzor1,쫀드기 가격을 2배 이상 올려치기 해버리네😢 울산 다른 곳 가면 같은거 파는데 저정도 가격은 아니에요...,2025-06-28,sweetshop
531,sweetshop_2025-06-26,d._.ox.h,매일 댓글 달기 20일차 조회수 0 귀하다,2025-06-26,sweetshop
532,sweetshop_2025-06-26,jangdanieljang,궁금한데 울산에서만 살아가지고 그런데 다른지역 쫀드기는 언떨지 궁금하네요,2025-06-27,sweetshop
533,sweetshop_2025-06-26,hyejin._.kimm,저 안양사람인데 학교앞에서 오징어 장족을 한입크기로 잘라서 튀긴담에 라면스프에 설탕섞은것같은 가루에 버무려 주던 그게 너무너무 맛있었는데 이젠 그런거 파는데도 없구 먹을데도 없어요 😢😂,2025-06-27,sweetshop
534,sweetshop_2025-06-26,jxsa_oo,ㅏ ㄹㅇ 울산 명물은 배 아니고 쫀드기 아니냐고,2025-06-28,sweetshop
535,sweetshop_2025-06-26,ivyewsoxucw,언니 살 빠졌어요?? 얼굴이 반쪽이됬는데,2025-06-26,sweetshop
536,sweetshop_2025-06-26,gy_uri_2,@hy81_3 너 이거 먹어봤어?,2025-07-03,sweetshop
537,sweetshop_2025-06-26,mjdndb23,나는 목포쫀드기 맛있는듯 ..ㅋㅋㅋㅋ 뭔가 ..ㅋㅋㅋㅋㅋㅋ,2025-06-27,sweetshop
538,sweetshop_2025-06-26,140711_agrina,성남동에 버터로 지져주는데가야되여...거기가찐!!,2025-06-27,sweetshop
539,sweetshop_2025-06-26,_0.0_e,@kr.hhh @__lyonnaise__ 진짜 찐 초등학교 앞에서 먹어야하는데 하 ㅠ,2025-07-23,sweetshop
540,sweetshop_2025-06-26,kwonms1220,문방구가 찐빼이인.,2025-07-01,sweetshop
541,sweetshop_2025-06-26,a3_inx,울산동구 방어동 쫀드기 삼촌이라는가게도 맛있어요ㅠㅠ 제발 가보세요 ㅠㅠ,2025-06-28,sweetshop
542,sweetshop_2025-06-26,shaneeeee_hk,울산도 목포도 못가봐서 몰라요 😢 아무나 화이팅,2025-06-26,sweetshop
543,sweetshop_2025-06-26,iseojin4764,성남동에 진짜 맜있는 쫀드기 있어요 제발요🥺,2025-06-27,sweetshop
544,sweetshop_2025-06-26,hzm.1x,통도사말구 태화강역 가시는게 편해용,2025-06-27,sweetshop
545,sweetshop_2025-06-26,hyeongsec,와 씹 존나양아치네 저걸 얼마에 파는거냐?5년전에 한봉지 5백에 요즘 비싸야 1500인데 방송타고 뭔 특별한 맛이 있는거마냥 포장해서 파네...걍 쫀듸기 튀기고 진라면 스프랑 설탕 쓰까드십쇼...비법같은거 좋도 없음,2025-06-27,sweetshop
546,sweetshop_2025-06-26,rlacksdn1108,걍 울산존디기 그냥 그렇든데 너무 많이먹어봐서 그런가,2025-06-26,sweetshop
547,sweetshop_2025-06-26,ksj04260322,울산쫀드기지,2025-06-26,sweetshop
548,sweetshop_2025-06-26,gimdaol923,어 저거 우리 지역에 있써용!!,2025-06-26,sweetshop
549,sweetshop_2025-06-26,2gyeom_c,"튀긴 쫀드기 말고, 구운쫀드기가 진짜 맛있는데ㅠㅠ",2025-06-26,sweetshop
550,sweetshop_2025-06-26,jinjin_880502,성남동 쫀드기...그거..오다리랑 먹는건데!!!,2025-06-26,sweetshop
551,sweetshop_2025-06-26,sky_skyholic,울산 쫀드기를 불에 구워봐요.,2025-06-26,sweetshop
552,sweetshop_2025-06-26,lwantyourluv,@sum.__.n ㄹㅇ 이쫀드기가 찐이지,2025-06-26,sweetshop
553,sweetshop_2025-06-26,hh.jjjiii,학교앞엔 다팔던 쫀드기여서 울산에서만 파는줄도 몰랐어요 라면스프만 뿌려줫었는데 ㅋㅋㅋ,2025-06-26,sweetshop
554,sweetshop_2025-06-26,2_seung_yong,둘다 맛있음ㅠ 배고프다,2025-06-26,sweetshop
555,sweetshop_2025-06-26,z._.xin1661,우와 진심 맛없없,2025-06-26,sweetshop
556,sweetshop_2025-06-26,na.gold_,헐 언제 직장근처애 오다니ㅠㅠㅠㅠㅠ,2025-06-26,sweetshop
557,sweetshop_2025-06-26,won_hye_ju_090627,운니...언니도 진격거 보는구나..,2025-06-26,sweetshop
558,sweetshop_2025-06-26,yegeogeok,언니울산또와주세요,2025-06-26,sweetshop
559,sweetshop_2025-06-26,j_a_n_e94,진격거!!! 몇화보시는거지 여성형거인같은데... 저도 울산남자랑 결혼하고 울산쫀드기 거리길래 쫀드기가 거기서거기지하고 먹었다가 집에서 연필심쫀드기? 그거사다가 먹습니다요 ㅎㅎ,2025-06-27,sweetshop
560,sweetshop_2025-06-26,bw_flower_hj,혈당 스파이크 엄청 치겠네,2025-06-27,sweetshop
561,sweetshop_2025-06-26,_kcy1211,@whekr123 나도사줘바라,2025-06-27,sweetshop
562,sweetshop_2025-06-26,yu.1gyn_,황남쫀드기,2025-06-27,sweetshop
563,sweetshop_2025-06-26,aaggxdyy,울산토박이인데 울산쫀듸기가 대박이에요,2025-06-27,sweetshop
564,sweetshop_2025-06-26,2.ji_hyeon,@yejin_05_16 딱딱이 먹고싶너…,2025-06-27,sweetshop
565,sweetshop_2025-06-26,seomh_,따뜻해도 맛있고 식혀먹어도 맛나용,2025-06-27,sweetshop
566,sweetshop_2025-06-26,mobydick_935,쫀드기는 앙커버터+식용유랑 구우면 맛나요 :),2025-06-27,sweetshop
567,sweetshop_2025-06-26,ljj_l0ve,울산쫀드기가 갑이지👏👏👏,2025-06-27,sweetshop
568,sweetshop_2025-06-26,yulmom_chacha,쫀드기는 역시 기름에 튀겨야 맛나죵~ 어릴땐 콩알탄처럼 생긴애도 있었는데 이젠 찾아볼수없네요 엄청 맛났는데...,2025-06-27,sweetshop
569,sweetshop_2025-06-26,malinebasket,울산 40년살아도 울산쫀드기 얘기만 듣고 먹어본적이 없넥🤣맛있어보여서 저도 나중에 파는곳 보이면 먹어야겠네요,2025-06-27,sweetshop
570,sweetshop_2025-06-26,siyul1031,울산 쫀드기,2025-06-27,sweetshop
571,sweetshop_2025-06-26,eun7oo_,17옥순님 닮았어요!@@,2025-06-27,sweetshop
572,sweetshop_2025-06-26,kyj810318,"저기보다 더 원조인곳이 있는데..ㅠ.ㅠ홍보만 안됐지...삼산우성공원앞 ""쭈니앤수""여기가 진짜 제대로에요..학교앞이라 아이들 먹는거라고 사장님이 기름도 깨끗하게 관리하세요..""쭈니앤수""쫀듸기,딱딱이 진짜 추천요👍👍👍",2025-06-27,sweetshop
573,sweetshop_2025-06-26,jix.ng0,두평분식 맛있죠,2025-06-27,sweetshop
574,sweetshop_2025-06-26,psm140909,당연히 울산 쫀드기,2025-06-27,sweetshop
575,sweetshop_2025-06-26,park_kyung_bin_06,5000 원? 2000원이 근본인데;;;,2025-06-27,sweetshop
576,sweetshop_2025-06-26,bebej.u0904,울산왔었구낭ㅎ 울산사람들은쫀드기 술안주로집에서해묵지ㅋ,2025-06-27,sweetshop
577,sweetshop_2025-06-26,y00jin_2,"@young._.iiiii, @s528h, @hhhhhheya 울산쫌두기…. ❤️ 딱딱이가 존마탱인데",2025-06-27,sweetshop
578,sweetshop_2025-06-26,moon0.530,이제 중딩인데 아직도 먹음 ㅋ,2025-06-27,sweetshop
579,sweetshop_2025-06-26,jjidoori,여기아닌데ㅜㅜ 성남동 가야하는데,2025-06-27,sweetshop
580,sweetshop_2025-06-26,jiwoo._.love,무안사람은 목쫀이 좋아요🧈<--(쫀드기임 어째뜬 쫀드기임 반박시 내말 맞음ㅇㅇ),2025-06-27,sweetshop
581,sweetshop_2025-06-26,sss.sssssssssssssssssssass,울산 쫀드기 짱맛잇지.. 온김에 꼬불이도?,2025-06-27,sweetshop
582,sweetshop_2025-06-26,lovejuile,쫀드긴 울산이지요!!,2025-06-27,sweetshop
583,sweetshop_2025-06-26,sssssinaeooooo87,신문지에싸야 그 신문지종이냄새랑섞여서 더맛있음 ㅋㅋㅋㅋ,2025-06-28,sweetshop
584,sweetshop_2025-06-26,s_13min,뭐야 진격거 보시네,2025-06-28,sweetshop
585,sweetshop_2025-06-26,gahee.seo.71,울싼쫀드기,2025-06-28,sweetshop
586,sweetshop_2025-06-26,songhy615,꽃바위쪽에 쫀드기삼촌이라는 곳도 있는데 맛있어요,2025-06-28,sweetshop
587,sweetshop_2025-06-26,coco41514,이거 저희집 냉장고에있었는데 먹어봐야겠어요😍,2025-06-28,sweetshop
588,sweetshop_2025-06-26,grayann86,울쪼❤️,2025-06-28,sweetshop
589,sweetshop_2025-06-26,ksy_9422,이거 신천 새마을시장에도 파는데 맛있어요!,2025-06-28,sweetshop
590,sweetshop_2025-06-26,mjchoi2501,연필심 쫀드기 양념 뿌리기 전에 버터에 구우면 더 맛있어요.,2025-06-28,sweetshop
591,sweetshop_2025-06-26,hey.j_hope0218,원래 쫀드기 다 저런거 아녔어요...??,2025-06-28,sweetshop
592,sweetshop_2025-06-26,fjqmwjddud89,울산쫀드기져!!말모말모,2025-06-28,sweetshop
593,sweetshop_2025-06-26,g_a.x.en,당빠 목포쫀드기,2025-06-29,sweetshop
594,sweetshop_2025-06-26,morning_glory_j,저한테 얘기하셨으면 사서 택배로 보내드렸을텐데..ㅋㅋ,2025-06-29,sweetshop
595,sweetshop_2025-06-26,cualquier.lugar,@s_doublej 동이 2평분식ㅋㅋ,2025-06-30,sweetshop
596,sweetshop_2025-06-26,allako_eunhye,@sang_gun_l 쫀드기 사줘,2025-06-30,sweetshop
597,sweetshop_2025-06-26,jjajjaloni_cat,둘다 먹어본 이사님은 뭐가 더 맛있던가요?,2025-07-01,sweetshop
598,sweetshop_2025-06-26,ox_jun7,누나 저 울산 살아요,2025-07-01,sweetshop
599,sweetshop_2025-06-26,sora07040,와~~~울산 👏👏👏,2025-07-01,sweetshop
600,sweetshop_2025-06-26,seung._m07,라면스프가 국룰,2025-07-02,sweetshop
601,sweetshop_2025-06-26,young.rim0930,울산쫀드기가 짱이죠 ㅋㅋ 연필심쫀드기,2025-07-02,sweetshop
602,sweetshop_2025-06-26,young.rim0930,성남동에 기계로 누르는 연필심쫀드기가있어요 존맛입니다 ㅋ 오쫀 짱맛,2025-07-02,sweetshop
603,sweetshop_2025-06-26,seohaeanseo1016,울산 성남동에 오다리 쫀드기 진짜 맛이어요❤️,2025-07-02,sweetshop
604,sweetshop_2025-06-26,y_jinho33,목포는 세발낙지,2025-07-02,sweetshop
605,sweetshop_2025-06-26,kimsiwon811,엉니 드루와 계속해주면 안돼..?,2025-07-02,sweetshop
606,sweetshop_2025-06-26,__onyu_,@seo.jongcheol 오랜만에 먹고 싶농ㅋㅋㅋ,2025-07-02,sweetshop
607,sweetshop_2025-06-26,park_bg2,혹시 상의 정보 여쭤봐도 될까요🥺,2025-07-02,sweetshop
608,sweetshop_2025-06-26,shk_93_,전 초딩때 목포살다 울산으로 이사가서 어릴때 둘다 즐겨먹었는데 저희엄마는 목포쫀드기 좋아하고 전 울산쫀드기 좋아했어요ㅎㅎ,2025-07-03,sweetshop
609,sweetshop_2025-06-26,219001n_,모야 울산에 쫀드기 맛집 추천해주세요,2025-07-05,sweetshop
610,sweetshop_2025-06-26,pangpanglove2296,대ㅡ단하ㅡ다,2025-07-05,sweetshop
611,sweetshop_2025-06-26,sonseongryul9,모든 쫀드기가 저렇게 생긴거 아니였어?,2025-07-05,sweetshop
612,sweetshop_2025-06-23,n___ht,너무 좋은일하시는 이사장님!!!,2025-06-25,sweetshop
613,sweetshop_2025-06-23,canonryu7,이사장님 왜이렇게 예뻐유!!!!,2025-06-26,sweetshop
614,sweetshop_2025-06-23,seulgi.kim8834,오 너무 멋져요😍😍 많이 본 얼굴들👍👍👍,2025-06-24,sweetshop
615,sweetshop_2025-06-23,vimiliey,이사장님 멋져요🙌🙌 저두 먹고싶네여,2025-06-25,sweetshop
616,sweetshop_2025-06-23,77lovetree,👏👏👏👏👏 이사장님 멋지세요,2025-06-23,sweetshop
617,sweetshop_2025-06-23,miixnxs.c.14,저도 월드비전 후원중인데ㅔ! 멋지셔여ㅕ,2025-07-11,sweetshop
618,sweetshop_2025-06-23,bang9bong9,손목 왜 다쳤어여😢,2025-06-23,sweetshop
619,sweetshop_2025-06-23,s.xy_uh,어디서요..ㅠ 저 강릉 사는데 한번만 더 오기를..👏👏😢,2025-06-24,sweetshop
620,sweetshop_2025-06-23,sndnxi7,와 대박 ㅋㅋㅋㅋ 다들 릴스에서 많이 본 분들이네,2025-06-24,sweetshop
621,sweetshop_2025-06-23,h1ovn_,개이쁘네,2025-06-23,sweetshop
622,sweetshop_2025-06-23,everyday_3016,마음이 따뜻해지는 영상이자나요❤️😍 제 최애 이사장님과 돼끼님 그리고레시피 읽어주는 여자님까지❤️ 완전 멋지시고 힐링 그자체입니당,2025-06-23,sweetshop
623,sweetshop_2025-06-23,yeomso__14,5분전,2025-06-23,sweetshop
624,sweetshop_2025-06-23,106niz,네분 다 마음이 넘 예뻐요😍,2025-06-25,sweetshop
625,sweetshop_2025-06-23,sugarhoneyicet2,넘새침해,2025-07-01,sweetshop
626,sweetshop_2025-06-23,d._.ox.h,매일 댓글 달기 18일차,2025-06-23,sweetshop
627,sweetshop_2025-06-23,jeunghwa8316,언니!! 우리딸 중학교좀 와줘요@@@,2025-06-25,sweetshop
628,sweetshop_2025-06-23,_eun_98,뭐야 언제 강릉 왔어요??,2025-06-25,sweetshop
629,sweetshop_2025-06-23,jeunghwa8316,1학년. 3학년인데 각 15반 이상입니다,2025-06-25,sweetshop
630,sweetshop_2025-06-23,ha_ha_ho_12,월드비전후원하고있는데 대박반갑네요!,2025-06-23,sweetshop
631,sweetshop_2025-06-22,canonryu7,ㅋㅋㅋ 곡도 선택 잘하시고 룩트버터랑 잘 어울리는 음식 조합도 잘 아시고 못 하시는게 뭐예요 이사장님?!!!!❤️‍🔥😻,2025-06-22,sweetshop
632,sweetshop_2025-06-22,everyday_3016,우아 꾸덕해보이는데요?❤️😍😍,2025-06-22,sweetshop
633,sweetshop_2025-06-22,tuberosa8p,1등으로 사겠어효!!!!!!,2025-06-22,sweetshop
634,sweetshop_2025-06-22,15_nlh,"와,,,진짜 맛있겠다,,,",2025-06-22,sweetshop
635,sweetshop_2025-06-22,syasya78378,블루베리&말차 먹어보진 않았는데 괜찮을거 같은디요(?),2025-06-29,sweetshop
636,sweetshop_2025-06-22,ggggang12,알림안되나용,2025-06-22,sweetshop
637,sweetshop_2025-06-22,villian000,이미 샀어요😂,2025-06-22,sweetshop
638,sweetshop_2025-06-22,mis2nkk,역시 단짠단짠은 사랑이져😍 이사장 추천으로 갑니다요👏👏,2025-06-22,sweetshop
639,sweetshop_2025-06-22,gimsola590,우와😍,2025-06-22,sweetshop
640,sweetshop_2025-06-22,mi_inkk,후하후하 진짜 7종 다 맛있어보이고 너무 궁금해요🔥🔥🔥🔥,2025-06-22,sweetshop
641,sweetshop_2025-06-22,d._.ox.h,매일 댓글 달기 16일차! 1빠당,2025-06-22,sweetshop
642,sweetshop_2025-06-22,erteidur,세상에나 너무 궁금해요🥹 선착순 바로 달려갈게료!!!!!!!,2025-06-23,sweetshop
643,sweetshop_2025-06-22,cp.kkkwww,Respect..감사합니다👏,2025-06-23,sweetshop
644,sweetshop_2025-06-22,better.day_young,@l.s.y00 이거봐,2025-06-22,sweetshop
645,sweetshop_2025-06-22,mingk_film,선착순 이벤트 도전해봅니다🔥🔥🔥 도즈어어어언🔥🔥🔥🔥,2025-06-22,sweetshop
646,sweetshop_2025-06-20,yalan12418,처음 입에 물었을 때( ´～｀) 몇 번 씹은 뒤(　・ω・),2025-06-20,sweetshop
647,sweetshop_2025-06-20,lovelyluna_91_,먹어보진 않았지만 손님들이 맛있다 하셨어욥!,2025-06-20,sweetshop
648,sweetshop_2025-06-20,ju.eu.ni_170,존마탱 ㅠㅡㅠ,2025-06-20,sweetshop
649,sweetshop_2025-06-20,young___th,저요저요🙌 주문 어디서 하셨을까요?,2025-06-20,sweetshop
650,sweetshop_2025-06-20,canonryu7,오 먹어보고싶다,2025-06-20,sweetshop
651,sweetshop_2025-06-20,giridietmemory3377,둘다 못먹겠는데 어떡하죠? 😢,2025-06-20,sweetshop
652,sweetshop_2025-06-20,mi.________.ni,등골 고르죠! ㅎㅎ,2025-06-20,sweetshop
653,sweetshop_2025-06-20,jh_0321,등골먹어보구 답글달게요~~~,2025-06-22,sweetshop
654,sweetshop_2025-06-20,hxe_s2,구매처 알려주새요 ㅠㅠㅠ,2025-06-21,sweetshop
655,sweetshop_2025-06-20,j_princess_1117,어디서 삿오요,2025-06-20,sweetshop
656,sweetshop_2025-06-20,daeun.0714,"이사장님 맛없는게 뭐에요,?????",2025-06-30,sweetshop
657,sweetshop_2025-06-20,d._.ox.h,매일 댓글 달기 14일차,2025-06-20,sweetshop
658,sweetshop_2025-06-20,_hmniii_,1등!!,2025-06-20,sweetshop
659,sweetshop_2025-06-20,_ffflor,@minn_____k 먹어보고싶다,2025-06-21,sweetshop
660,sweetshop_2025-06-20,s2h___a,@_gwang__su 먹러보고픔ㅋㅋㅋ,2025-06-25,sweetshop
661,sweetshop_2025-06-20,byunyunhwa,저두요 주문은 어디일까요?,2025-06-26,sweetshop
662,sweetshop_2025-06-20,foodlovelikeit,오..둘다 안멍어봤어요 ㅋㅋㅋ,2025-06-20,sweetshop
663,sweetshop_2025-06-20,minkim_88,앗 저희 등골을 구매해 주셔셔 감사합니다!,2025-06-22,sweetshop
664,sweetshop_2025-06-20,oh_hong_oh,왜 하나만 먹으라하죠 둘 다 먹게해줘요 나쁜 강도입니다,2025-06-26,sweetshop
665,sweetshop_2025-06-20,lovelytory13,홍어애,2025-06-20,sweetshop
666,sweetshop_2025-06-20,tnfdmswl,아무리봐도못먹겟다...,2025-06-24,sweetshop
667,sweetshop_2025-06-20,sangchung1988,코만 손봤더니 어느새 이마까지 ㅎㅎ,2025-06-24,sweetshop
668,sweetshop_2025-06-20,yoakim71,우 웍,2025-06-23,sweetshop
669,sweetshop_2025-06-20,huiseungchang,원래 날로 먹는거에여? 헙 😂,2025-06-20,sweetshop
670,sweetshop_2025-06-20,ga_2037,@hye_jeong_213 드디어 찾았다 내가 봤던 등골,2025-06-26,sweetshop
671,sweetshop_2025-06-20,kara_vegas,아~~ 등골 쪽쪽 빼먹는다 라는 말이 이걸 비유해서 만든어진건가봐요~ 그 전까진 등골 빼먹는게 뭔말인지 몰랐는데,2025-06-21,sweetshop
672,sweetshop_2025-06-20,samsik20,홍어애죠 ㅎㅎㅎ😂,2025-06-20,sweetshop
673,sweetshop_2025-06-20,kjburned,홍어애요…. 등골은ㅠㅠㅠㅠ,2025-06-20,sweetshop
674,sweetshop_2025-06-20,imnayun29,둘다 안먹어봤어욤!,2025-06-21,sweetshop
675,sweetshop_2025-06-20,yul_topia,무조건 등골이죠!!!,2025-06-21,sweetshop
676,sweetshop_2025-06-20,kimgmlwn12,잘라드세요,2025-06-21,sweetshop
677,sweetshop_2025-06-20,ggandoli5838,화장을 좀....ㅡㅡ,2025-06-21,sweetshop
678,sweetshop_2025-06-20,dlstn1004,진짜 맛난걸 ㅎ,2025-06-21,sweetshop
679,sweetshop_2025-06-20,anakin.dejonmat,등골먹방보고 비싼한우등골로 먹었는데 식감이 너무 이상해 도저히 못먹겠어서 버렸어요.. 근데 홍어애도 같은 느낌이라니.. 애도 언젠가 먹어봐야지했는데ㅠㅠ😢😢,2025-06-22,sweetshop
680,sweetshop_2025-06-20,shapr__ko_,우유맛같이 고소하다던데ㅔㅔㅔ,2025-06-22,sweetshop
681,sweetshop_2025-06-20,ntt1141,눈수술 어서 했어요?,2025-06-23,sweetshop
682,sweetshop_2025-06-20,laleesa05,4주답글 달기,2025-06-23,sweetshop
683,sweetshop_2025-06-20,enjoy_hyorim24,등골 맛있어용 뭔가 진득한 젤리 같아용,2025-06-23,sweetshop
684,sweetshop_2025-06-20,jojunwon7179,참기름이 없네요,2025-06-23,sweetshop
685,sweetshop_2025-06-20,dear_b___,구매처 궁금해요 사장님,2025-06-23,sweetshop
686,sweetshop_2025-06-20,seodang68,쿠팡인가요?,2025-06-23,sweetshop
687,sweetshop_2025-06-20,dongwonpannel,요즘.생고기 집도 저거 잘 안주는데~~,2025-06-24,sweetshop
688,sweetshop_2025-06-20,juicecream_,말투가 김태리 닮았어요,2025-06-25,sweetshop
689,sweetshop_2025-06-20,juncobokhyeon,등골 맛있죠 근데 저렇게 국수 처럼은 못먹을거같음😢,2025-06-27,sweetshop
690,sweetshop_2025-06-20,feelsogood__jh,결혼전까지 등골 정말 많이 먹었는데 잊고있었던 별미네요,2025-07-13,sweetshop
691,sweetshop_2025-06-20,feelsogood__jh,저도주문어디서했는지 궁금해요,2025-07-13,sweetshop
692,sweetshop_2025-06-20,cat_2love,17기 옥순 닮았는데,2025-07-14,sweetshop
693,sweetshop_2025-06-20,jeongmi111,등골맛있죠👍,2025-07-15,sweetshop
694,sweetshop_2025-06-20,firstseam,잘라서 드시지 울할매 보고싶네요 할매가 어지럽고 힘들면 두시던거라 저도 옆에서 잘 따라먹었었어요 ㅎㅎ,2025-07-16,sweetshop
695,sweetshop_2025-06-20,sky04592,안씻어요??,2025-07-20,sweetshop
696,sweetshop_2025-06-20,l__s_ju,4일답글 달기,2025-07-23,sweetshop
697,sweetshop_2025-06-20,g._.um1024,등골 진짜 맛있는데..,2025-07-26,sweetshop
698,sweetshop_2025-06-18,mis2nkk,캔모아 식빵 리필 최대 몇?!?! 저는 5번까지 해봤어요😂😂😂😂😂,2025-06-18,sweetshop
699,sweetshop_2025-06-18,everyday_3016,아니 리모컨 뭐에여 ㅋㅋㅋㅋㅋㅋㅋ 버터가 이렇게 맛있어 보이다니!!! 당장 구매 가쟈😍,2025-06-18,sweetshop
700,sweetshop_2025-06-18,better.day_young,와앙 대박 저 빠삭한 식빵 캔모아 감성 잊지모ㅌH......... 버터 저도ㅠㅠㅠㅠ먹고 싶어영,2025-06-18,sweetshop
701,sweetshop_2025-06-18,canonryu7,캔모아 아직 있으면 가보고 싶네유😸,2025-06-18,sweetshop
702,sweetshop_2025-06-18,z._.xin1661,오 화장 신기하당❤️😍,2025-06-18,sweetshop
703,sweetshop_2025-06-18,jinny._.v,뭥미 ㅋㅋㅋㅋ 지대 ㅋㅋㅋㅋㅋㅋ 대공감 추억 새록새록,2025-06-20,sweetshop
704,sweetshop_2025-06-18,chanjae_ss0308,와 뭥미라는 말 지짜 올만에 듣네요 연기대상받으셔도 될거같아요! 너무 친숙하게 말하시는게 ✨️👀 눈이 넘 반짝반짝 빛나세요 발라먹는건 두말하면 잔소리로 증말 맛있어보이구요...😢,2025-06-18,sweetshop
705,sweetshop_2025-06-18,yun_ju0904,캔모아가 뭐여요?,2025-06-20,sweetshop
706,sweetshop_2025-06-18,ji_ya_,흔들의자 앉는거 국룰이죠✨ 카톡으로 정보 보냈어용🤍,2025-06-18,sweetshop
707,sweetshop_2025-06-18,d._.ox.h,매일 댓글 달기 13일차 ❤️,2025-06-18,sweetshop
708,sweetshop_2025-06-18,hsy03293,캔모아가 뭐예용?,2025-06-22,sweetshop
709,sweetshop_2025-06-18,yan9gan15,카카오 맛도 어떤지 상세하게 알고싶어요오오,2025-06-18,sweetshop
710,sweetshop_2025-06-18,mi_inkk,"식빵하며 생크림인줄 알았는데,,😳 고오급 버터 바르면 맛이 확실히 다르려나요~?!?!?!?!?!🔥🔥",2025-06-18,sweetshop
711,sweetshop_2025-06-18,xv__nn0,캔모아가 무에요..??,2025-06-19,sweetshop
712,sweetshop_2025-06-18,erteidur,캔모아 보니까 추억이 슬금슬금....버터가 잼도 아니고 블루베리 시나몬이라니 넘 신기하자나유😭😭😭😭😭 완존 기대기대,2025-06-18,sweetshop
713,sweetshop_2025-06-18,dotoning9,전화기혹시...에어컨리모컨?,2025-06-19,sweetshop
714,sweetshop_2025-06-18,fro82209,예날 감성 않좋아하는 14년생인데 캔모아 가봤다가 20분 있다 나옴 ㅋㅋ,2025-06-25,sweetshop
715,sweetshop_2025-06-18,hong_si1205,캔모아 나도 가보고싶다,2025-07-16,sweetshop
716,sweetshop_2025-06-18,bagyeona800,할 캔모아 우리 동네에 있는데,2025-07-06,sweetshop
717,sweetshop_2025-06-18,mkl2580,"아니 저 토니모리 젤 아이라이너로 그린 듯한 눈꼬리하며,,교복까지 완벽하다..!! 이제 나도 돈 버는 으른이 됐으니, 프리미엄 버터 정도는 먹을 수 있지!! 내가 이러려고 돈벌지!!!",2025-06-18,sweetshop
718,sweetshop_2025-06-18,jihye.95,"여기서 찐은 아이라인은 명확한데 눈썹은 모나리자 같은 부분이죠?ㅋㅋㅋㅋ 우리 그 시절 아이라인은 빡세게 해도 눈썹은 신경도 안쓴,, 9n들은 알죠?",2025-06-20,sweetshop
719,sweetshop_2025-06-18,gimhaneul931,우와,2025-06-18,sweetshop
720,sweetshop_2025-06-18,yunseul1011,츄릅,2025-06-19,sweetshop
721,sweetshop_2025-06-16,ji_ya_,"간계밥 버터 너무 먹어보고싶어요,,침고여,,🔥",2025-06-16,sweetshop
722,sweetshop_2025-06-16,xu1.ro,🙌🙌🙌 저요저요😍,2025-06-17,sweetshop
723,sweetshop_2025-06-16,eu__nangnang,버터 너무 좋아해욧😍😍😍,2025-06-17,sweetshop
724,sweetshop_2025-06-16,bbi._.ya_k,곧 캐나다로 어학연수 가는데 다시마버터 가져가서 홈스테이 가족분들께 간계밥 해드리고 싶어요!!!!🥹😍 요리해드리고 싶어서 메뉴 고민 중이었는데 간단히 해드리기에 딱 좋을 거 같아용!❤,2025-06-18,sweetshop
725,sweetshop_2025-06-16,shieun1204,쫀득쫀득와~~~빵 좋아하는데!!!진짜 맛나겠다!~~저 버터 진짜 짱 좋아해요!!!!,2025-06-16,sweetshop
726,sweetshop_2025-06-16,b__.barbie,신랑 간계밥 너무 좋아해요.. 버터에밥비벼먹는울신랑.. 요즘 육아로 밥해주기 힘든데ㅜㅜ 버터랑 간장만 있어도 밥먹는 우리남편 넘 고마워,2025-06-17,sweetshop
727,sweetshop_2025-06-16,everyday_3016,쫀득함 소리 미쳤따아❤️❤️❤️😍언니가 드시니깐 먹어보고 싶어여,2025-06-16,sweetshop
728,sweetshop_2025-06-16,2weeks_jy,룩트 그릭요거트에 그래놀라도 존맛탱인데 버터라니❤️❤️ 밥이랑 먹는건 첨 봐서 넘 궁금하네요!! 맛 나는 버터 신기해요🧈🧈🧈,2025-06-16,sweetshop
729,sweetshop_2025-06-16,kminae44,간계밥에 버터를 사싸싹. 비벼버리면 죽음이지요🤣🤣🤣 살짝 참여해봅니다 🎀🍀🎀,2025-06-16,sweetshop
730,sweetshop_2025-06-16,kangyeojin2022,왠지 보기만해도 맛있어보이는데 직접 맛보면 더 맛있을것같아요 저도 이번기회에 꼭 먹어보고싶네용❤️❤️❤️❤️,2025-06-16,sweetshop
731,sweetshop_2025-06-16,rose._rosa._,"앞,,앞머리,,😅 하지만 소리가 너무 조음🧈😍",2025-06-19,sweetshop
732,sweetshop_2025-06-16,_torysmr,선생님 여기요 선생님!!!!! 저요 저요!!!! 버터 쳐돌이 여기 왔습니다 😭😭😭😭😭😭😭,2025-06-17,sweetshop
733,sweetshop_2025-06-16,moolboa,어머 저번에 한 방송에서 다시마버터 만들기에 저도 찾아보다가 알겠된 버터네요! 이렇게 마주한 건 운명😍😍 너무 맛있을 거 같아요. 쫀득쫀득 맛있어보여요,2025-06-17,sweetshop
734,sweetshop_2025-06-16,luvly_kyung,오... 이게 무슨일이지..... 너무 궁금해서 아주미 글적고 가봅니다🙋🏻‍♀️🎁,2025-06-16,sweetshop
735,sweetshop_2025-06-16,so_mnini,헐 어쩐지 룩트꺼구나!!! 저 룩트 제품 진짜 많이먹어요 ㅠㅠ 성분도 완전 좋고 개맛있는데 너무 비싸서 살때마다 손떨리는데 이사장님 공구라니❤️😍 역시 맛있고 좋은 제품만 공구해주시는 이사장님 ㅠㅠㅠ 이래서 내가 믿고봐요❤️❤️😘,2025-06-17,sweetshop
736,sweetshop_2025-06-16,eh_j_02,사랑해혀언니,2025-06-17,sweetshop
737,sweetshop_2025-06-16,xin______xx___,헐 밥이랑 먹는다고는 생각 못 해봤는데 대박이네요... 사실 버터밥은 들어봤는데 저렇게 어떠한 '맛'이 들어있는 버터는 상상이 안 가서 더 궁금하네요😮,2025-06-16,sweetshop
738,sweetshop_2025-06-16,_potattong,저 느끼한거 진짜 좋아해서 꼭 먹어보고싶어요,2025-06-16,sweetshop
739,sweetshop_2025-06-16,jsi4298,우와아악 룩트에서 나온 버터라니ㅠㅠㅠㅠㅠㅠ꼭 먹고싶어요🧈💚,2025-06-17,sweetshop
740,sweetshop_2025-06-16,beguile_ursmile,@woooool_1015 이건 팀쟝님이 조아할거가틍데 오때여,2025-06-18,sweetshop
741,sweetshop_2025-06-16,gimmiyeon7132,🧈버터너무좋아하는 저 너무맛있어보여요😍 저희엄마는 빈속에 ☕️커피한잔마시고 일하시는곳까지 걸어가시는데 이럴때 빵과함께 먹으면좋을것같고 저는항상 저녘먹고 🚶‍♀️산책하는게 루틴인데 산책하고씻고배고플때 🍞🥯🥐🥖빵과 우유 🥛 에 다시마버터와함께 먹어주면너무나 좋을것같아요 엄마랑같이 먹어보고싶어요😍,2025-06-17,sweetshop
742,sweetshop_2025-06-16,_after_like_,버터도 빵도 사랑인데 간계밥에 찰떡인 버터가 있다니 간계밥 자체로 끝판왕이 아니였다니 꼭 맛보고 싶어요!! 룩트!! 다시마 버러!!🤤❤️,2025-06-19,sweetshop
743,sweetshop_2025-06-16,jung_yoohee,너무 먹어보고 싶었던 버터예요. 솥밥에 버터 넣아 먹으면 진짜 맛있어요.,2025-06-19,sweetshop
744,sweetshop_2025-06-16,keto_1013,너무너무너무 맛있겠다ㅜㅜ 다시마버터 너무 궁금해요 간계밥 진짜 좋아하는데 저 조합으로 먹어보고 싶어요 당첨제발!😋❤️❤️❤️,2025-06-17,sweetshop
745,sweetshop_2025-06-16,theyun_1204,와 다시마 버터 진짜진짜 맛있겠어요... 대학 다니면서 부모님과 떨어져 살기 시작하니까 간계밥 같이 만들기 쉬운 걸 만들어 먹기 시작했는데 다시마 버터 있으면 더 맛있게 먹을 수 있을 것 같아요 크크 맛있겠다..,2025-06-17,sweetshop
746,sweetshop_2025-06-16,qwerasdfzxcv1981,너무 맛있어보여요ㅋㅋ❤️❤️❤️❤️❤️❤️❤️❤️❤️❤️,2025-06-18,sweetshop
747,sweetshop_2025-06-16,_jaedong_95,2개월 된 신생아 키우고 있는 초보맘입니다!!지금 이선생님 영상보면서 모유수유 중인데 침이 꿀떡꿀떡 넘어가요오…🫠모유수유 중이라서 먹는 것에 제한이 많아서 늘 괴로운 와중에 빵 생각은 너무 간절해서 맨날 디저트로(?) 빵만 먹습니다🥹이 맛난 빵들과 잘어울리는 다양한 버터라니…그리고 버터 간계밥이라니…꼭 먹어보고 싶어요❣️,2025-06-17,sweetshop
748,sweetshop_2025-06-16,subina_c,가난한 캐백수의 간장계란밥이 좀 더 든든해지게 도와주세여🤣🤣,2025-06-20,sweetshop
749,sweetshop_2025-06-16,ov0_b,저여 다시마버터 저여 손 꺄,2025-06-16,sweetshop
750,sweetshop_2025-06-16,trouble_hammer,@y._.__204 김미 더 버터,2025-07-17,sweetshop
751,sweetshop_2025-06-16,inonebreathe,저요저요제가아니면안돼요제발저요오직이날을위해서지금까지살아왔어요그니까저요그래도저요하지만저요언제나저요제발~저요너요쟤요말고오직저요저는저에요다들비켜주세요제가이렇게간절해요,2025-06-18,sweetshop
752,sweetshop_2025-06-16,zeuszollaagaya,생버터 와구와구 씹어 먹고싶어요… 생버터 함냐함냐 씹어 먹고 싶어요.. 생버터 쿰척쿰척 씹어 먹고 싶어요..,2025-06-17,sweetshop
753,sweetshop_2025-06-16,z.xeqn,베이글에 발라먹음 넘 맛있을것 같아요 🧈🧈,2025-06-17,sweetshop
754,sweetshop_2025-06-16,oogmggg,이마 올리지마세요,2025-06-19,sweetshop
755,sweetshop_2025-06-16,isshehomeyet,미쵹딱❤️이건먹어야져,2025-06-16,sweetshop
756,sweetshop_2025-06-16,berryytay,슨새임 저요저요! 저버터라면 대환장난리빤스에여🧈🧈🧈🥹,2025-06-20,sweetshop
757,sweetshop_2025-06-16,kas2848,다시마버터 궁금해요,2025-06-16,sweetshop
758,sweetshop_2025-06-16,nogahye,손?,2025-06-16,sweetshop
759,sweetshop_2025-06-16,eunny_jenni,저요저요!! 너무 궁금해요~,2025-06-16,sweetshop
760,sweetshop_2025-06-16,in_sun930314,저쥬세요~~입원중 보니 먹고싶어요. ㅠ,2025-06-16,sweetshop
761,sweetshop_2025-06-16,uu.__.kuu,전에 먹어보고 맛있어서 놀랐던 그 버터😍😍😍 내꺼얏~~~~,2025-06-16,sweetshop
762,sweetshop_2025-06-16,happysun4077,알지는 못하지만 궁금하네요~~,2025-06-16,sweetshop
763,sweetshop_2025-06-16,20210921hippodurk,맛있을거같아요 😢 버터 종류가 7종류인데 왜 다시마버터만 주시는거예요..?🥺,2025-06-16,sweetshop
764,sweetshop_2025-06-16,eyworld323,요즘 간장계란밥 겁나 땡기는데 다시마 버터 넣으면..!? 와 진짜 넘 궁금해,2025-06-16,sweetshop
765,sweetshop_2025-06-16,johabbang,우왘 다시마 버터라니 너무 신기해요! 버터 러버인데 언니가 드시니 더욱 맛나보여 기대가 되네요 ❤️,2025-06-16,sweetshop
766,sweetshop_2025-06-16,johabbang,안 먹어봐서 너무 궁금해요❤️ 맛있어보이는데 빵이랑 먹어도 맛있을지 함께 먹어보고싶습니다 🔥,2025-06-16,sweetshop
767,sweetshop_2025-06-16,__is._.41,버터색도 예뻐요🌈💓,2025-06-16,sweetshop
768,sweetshop_2025-06-16,chaechaevely_0725,간계밥에 다시마버터 너무 맛있어보여요 😍 감칠맛 뿜뿜 풍부한 맛 기대되요 ~~,2025-06-16,sweetshop
769,sweetshop_2025-06-16,euneeepick,버터 안좋아하는데 이건 너무 맛있을 것 같아요ㅠㅠㅠㅠ,2025-06-16,sweetshop
770,sweetshop_2025-06-16,lunaxxlee,냉부에서 다시마버터 보고 무슨맛이지 싶었는데 유명한거였네요 먹어보고싶어요,2025-06-16,sweetshop
771,sweetshop_2025-06-16,fthy77,처음 보고 뭐지 했는데 버터라니😍 너무 궁금한 맛이네요😋,2025-06-16,sweetshop
772,sweetshop_2025-06-16,h____in_,미쳤댜 생버텨 먹방~~~!,2025-06-16,sweetshop
773,sweetshop_2025-06-16,respl_endent_,다시마 버터에 간계밥 소취🙌🔥,2025-06-16,sweetshop
774,sweetshop_2025-06-16,gnuoyij.l,ㅠ우왕 너무 맛있겟어요😋👍 군침이 싹....,2025-06-16,sweetshop
775,sweetshop_2025-06-16,c_nuri.h,다시마버터 맛잇나욤?! 저 시나몬이랑 블루베리는 진짜 맛나게먹엇엇거든여!!! 빵이랑 같이 대죤맛....!!!!!❤️❤️❤️,2025-06-16,sweetshop
776,sweetshop_2025-06-16,m_zzzzuzzz,다이어트 중인데 저 버터 먹어보고싶어요 와 대박....❤️,2025-06-16,sweetshop
777,sweetshop_2025-06-16,nikoniko_rakko,빨리 공구 열어줘 언니❤️❤️❤️❤️,2025-06-16,sweetshop
778,sweetshop_2025-06-16,cokidohi,츄배륩,2025-06-16,sweetshop
779,sweetshop_2025-06-16,aqweddd2,궁금해요~~~ 아이들하고 간장버터밥 먹고싶어요ㅎㅎ 제주라 배송비 붙겠죠?ㅎㅎ,2025-06-16,sweetshop
780,sweetshop_2025-06-16,sy4.13,"맛있셋다,,,🙌",2025-06-16,sweetshop
781,sweetshop_2025-06-16,bkholica,헐 저 그냥 버터도 진짜 잘 먹어요!!! 근데 다시마버터는 진짜 먹어보고싶더라구요 ㅠㅠ,2025-06-16,sweetshop
782,sweetshop_2025-06-16,myrgucjci,와ㅏ…..입맛개땡기잔아요 ㅠㅠㅠㅠㅠ 너무기대기대 😍,2025-06-16,sweetshop
783,sweetshop_2025-06-16,rhkrqhfl,간계밥 러버에요..💞,2025-06-16,sweetshop
784,sweetshop_2025-06-16,a_hee.story,버터를 씹어먹는다.......궁금하네요🫣,2025-06-16,sweetshop
785,sweetshop_2025-06-16,sun__hl,우왕 유럽에서 비슷하게 생긴걸로 빵에 발라져있는걸로 팔더라구요 🤤🤤너무 맛있었던 기억이 있어서 슬며시 참여해봅니다😖💝,2025-06-16,sweetshop
786,sweetshop_2025-06-16,luv_hanayul,생버터 먹는거보고 늘 궁금했는데😍느끼할지!!!맛있을지!!!궁금해요❤️,2025-06-16,sweetshop
787,sweetshop_2025-06-16,koalra06,이게 이렇게 쫀득할 일이야?👏👏👏👏👏,2025-06-16,sweetshop
788,sweetshop_2025-06-16,jieuniyaaa,"아니 나 너무 궁금하자너…,,,,먹어보고싶자너,,,,,,,,,,",2025-06-16,sweetshop
789,sweetshop_2025-06-16,rycay_e,다시마버터도 있네요 ^^,2025-06-16,sweetshop
790,sweetshop_2025-06-16,min_93.11,오 버터라니 신기해요 와,2025-06-16,sweetshop
791,sweetshop_2025-06-16,uisstar_0522,아니 언니 근데 요즘 얼굴에 뭐햐요??왜 점점더 이뻐짐????,2025-06-16,sweetshop
792,sweetshop_2025-06-16,migyulee,와.. 버터 진짜 좋아하는ㄷㅔ 😍 이밤에 간장계란밥 먹게 하시네여!🤤,2025-06-16,sweetshop
793,sweetshop_2025-06-16,hye._.yeoning,간장밥에 비벼먹고 싶어요😍,2025-06-16,sweetshop
794,sweetshop_2025-06-16,dan.0.gan,나도 간계밥....나도 금괴 버터......🥺🥺,2025-06-16,sweetshop
795,sweetshop_2025-06-16,hye0nj_ru_.3,거의 다 빵에다 곁들여 먹지만 밥에다 그것도 한국인의 소울 간계밥에 비빈다고? ㄹㅇ k-버터입니다..,2025-06-16,sweetshop
796,sweetshop_2025-06-16,chocho_u_u,모르니깐 손들어봅니닷~~🙌,2025-06-16,sweetshop
797,sweetshop_2025-06-16,c10ud_9__,버터는 일반 버터로만 먹어봤는데 플레이버 버터라니🥹💗 너무 맛있을 것 같아요🤤,2025-06-16,sweetshop
798,sweetshop_2025-06-16,seulgi.kim8834,다시마버터라니😍😍😍이게 그렇게 맛있다던데용!!!!👍❤️,2025-06-16,sweetshop
799,sweetshop_2025-06-16,c.yu__ri,저요 🙏,2025-06-16,sweetshop
800,sweetshop_2025-06-16,yer_in_orbit,🤤🤤🤤🤤🤤 omg..... 벌써 보기만 해도 침 줄줄 나와여.... 프랑스산 발효버터로 만들어졌다니 🤤 밥이랑도 빵이랑도 과자랑도 잘 어울린다니.... 넘 먹어보고싶어요 ❤️❤️,2025-06-16,sweetshop
801,sweetshop_2025-06-16,bebebaebaene,저용❤️,2025-06-16,sweetshop
802,sweetshop_2025-06-16,sep.l8,"믿고먹는 룩트,, 믿고 보는 이사장님 레시피 앞으로 올라올 버터 레시피들 기대됩니닷😍",2025-06-16,sweetshop
803,sweetshop_2025-06-16,bdjxjsjsksk_,요즘 버터나 빵에 발라 먹는 재미에 푹 빠졌어요 ☺️☺️ 너무 맛있을 거 같아요 ㅠㅠ 당첨되지 않아도 꼭 구매할 거예요!😍😍,2025-06-16,sweetshop
804,sweetshop_2025-06-16,yejekeko,다시마버터는 처음 듣는데 무슨 맛일지 상상이 안가요😳😳,2025-06-16,sweetshop
805,sweetshop_2025-06-16,mina_hahahahaha,우왕 완전 궁금한 맛😍❣️,2025-06-16,sweetshop
806,sweetshop_2025-06-16,hankki_kimssi,다시마 버터 궁금해요😍,2025-06-16,sweetshop
807,sweetshop_2025-06-16,lovery_kangs,딸아이가 너무 궁금해합니다😍😍,2025-06-16,sweetshop
808,sweetshop_2025-06-16,yeona_0816,헙 넘 먹어보고프다요😍🧡✨️@angel_is_mingming,2025-06-16,sweetshop
809,sweetshop_2025-06-16,hwnaglove,하…토요일에 늦잠자고 일어나고 지구오락실 키고 다시마버터에 계란반숙 후라이 + 방앗간 참기름+ 간장+ 스팸 +올려가지고 먹으면 대 존맛이겠다… 목맥힐때 콜라 한잔 크윽,2025-06-16,sweetshop
810,sweetshop_2025-06-16,happy_mind84,오…진짜 맛있어보여요!!그리고 궁굼해요 무슨맛일지,2025-06-16,sweetshop
811,sweetshop_2025-06-16,eunjeong4563,🙌손한번 들어봅니다!!,2025-06-16,sweetshop
812,sweetshop_2025-06-16,sohae0824,간계밥에.. 하 츄릅,2025-06-16,sweetshop
813,sweetshop_2025-06-16,hyesoo_9.24,1000번째좋아요 눌림😍,2025-06-16,sweetshop
814,sweetshop_2025-06-16,s_y_n.n,식감 너무맛잇어보여요 😋 아이도 자주해주는 간계밥에 새롭게 먹여보고싶은 조합이에요😍,2025-06-16,sweetshop
815,sweetshop_2025-06-16,_u.wall,먹어보고파요..❤️,2025-06-16,sweetshop
816,sweetshop_2025-06-16,wkftkfdkqhwkghkdlxld,다시마버터 간장계란밥 먹고 싶어요오~~~~~?!!!!!!!!!!!😍😍,2025-06-16,sweetshop
817,sweetshop_2025-06-16,muse__adumi,으아아아 맛보고싶어요 ❣️❣️,2025-06-16,sweetshop
818,sweetshop_2025-06-16,yoni_7.10,🙌🙌넘 먹어보고싶어요~~,2025-06-16,sweetshop
819,sweetshop_2025-06-14,ekstmddus_0112,"아니 이렇게 이쁜 언니를 현장에서 못보다니 억울하다,,그래도 사진으로라도 볼 수 있어서 행복해오,,❤️",2025-07-09,sweetshop
820,sweetshop_2025-06-14,annyabo,얼짱 임이랑님 닮았어요!! ㅋㅋㅋㅋ 😍😍,2025-06-14,sweetshop
821,sweetshop_2025-06-14,jjeong_2eee,옙뿌다❤️,2025-06-14,sweetshop
822,sweetshop_2025-06-14,grim_b,달달😆✨,2025-06-14,sweetshop
823,sweetshop_2025-06-14,onyourz__imin,이사장님❤️🙌😍,2025-06-14,sweetshop
824,sweetshop_2025-06-14,hsmakesyouhappy,이사장님😍😍😍,2025-06-14,sweetshop
825,sweetshop_2025-06-14,jeonmira1918,뭐양~원래도 이쁜데 왤케 더 이쁘심!!,2025-06-18,sweetshop
826,sweetshop_2025-06-14,z._.xin1661,우왕 재밌었겠다ㅠㅜ😍😍,2025-06-14,sweetshop
827,sweetshop_2025-06-14,everyday_3016,사장님 실물 보신 분들 부러워요ㅠㅠ❤️😍,2025-06-14,sweetshop
828,sweetshop_2025-06-14,hyoeun_719,이사장님 뭐에요❤️ 진짜 너무너무 이쁘시다😍,2025-06-14,sweetshop
829,sweetshop_2025-06-14,jinmechae,오늘 너무 이뻣더요 ㅠㅠ 😍😍😍 이사장님 봐서 너무 행보켓던 날..,2025-06-14,sweetshop
830,sweetshop_2025-06-14,____pryday,아니 이분 왜케 이쁘심?? 😍😍😍,2025-06-14,sweetshop
831,sweetshop_2025-06-14,eun.park.ji,너무 예뻐🩷🩷,2025-06-14,sweetshop
832,sweetshop_2025-06-14,zunn_art,이사장님 나는 솔로 17기 옥순님 닮음요ㅋㅋㅋ,2025-06-14,sweetshop
833,sweetshop_2025-06-14,yeon9987,오늘 너무 이쁘게 나오셨네요😍👏👏👏,2025-06-14,sweetshop
834,sweetshop_2025-06-14,d._.ox.h,매일 댓글 달기 9일차 이사장님한테 매일 댓글 달기,2025-06-14,sweetshop
835,sweetshop_2025-06-14,moncher_birds,이사장님 팬입니다💛💛 너무 행복해보이셔요!! 담엔 저도 꼭 갈 수 있기를😇,2025-07-09,sweetshop
836,sweetshop_2025-06-14,nururiri,넘 이뻐요 아이돌인가요🤩🌟,2025-06-14,sweetshop
837,sweetshop_2025-06-14,ye_seu_llll,넘 이브세요 배우 김유정님인줄 알았어요,2025-06-14,sweetshop
838,sweetshop_2025-06-14,pop50610,와 14트?.... 기억이...... 아마도 14트 달고나쿠키 캠핑장에서 만든거 말고,2025-06-14,sweetshop
839,sweetshop_2025-06-14,shindahyeun,어멋?! 이사장님?!?!,2025-06-17,sweetshop
840,sweetshop_2025-06-14,pop50610,저..... 달고나 쿠키 15트 포기?,2025-06-14,sweetshop
841,sweetshop_2025-06-14,uniunido,부럽다 이뻐서 ㅠㅠ 너무 이쁨 😍,2025-06-21,sweetshop
842,sweetshop_2025-06-14,youtubekorea,과자처럼 달콤하고 특별했던 만남 🍪,2025-06-14,sweetshop
843,sweetshop_2025-06-14,minsu080830,누님 이건 너무 다르시잖아요 처음봤는데 무슨 새로운 솔로 아이돌이 데뷔했나 싶었습니다 ❤️,2025-06-14,sweetshop
844,sweetshop_2025-06-14,yj_fluttershy_v,사 랑 스 럽 다 증 먈 💗,2025-06-15,sweetshop
845,sweetshop_2025-06-13,rosewaltz0108,와 이거 아이디어 좋네용,2025-06-15,sweetshop
846,sweetshop_2025-06-13,jeonghyijin7208,와! 언니 천재!!!!,2025-06-13,sweetshop
847,sweetshop_2025-06-13,sung_ah1122,ㅋㅋㅋㅋ말하는거너무웃겨유...,2025-06-21,sweetshop
848,sweetshop_2025-06-13,lona_rhz,언니 폼폼푸린 마카롱 만들어주세요ㅠㅠ 마이멜로디랑 쿠로미랑 시나모롤은 있는데 폼폼푸린이가 없어ㅠㅠㅠㅠㅠㅠㅠㅠ🙏🏻😭,2025-06-13,sweetshop
849,sweetshop_2025-06-13,pd.agfe,ㅋㅋㅋㅋㅋㅋㅋㅋㅋㅋㅋㅋ견과류 드실때 먹으면 안될거 먹은 표정ㅋㅋㅋㅋㅋㅋ,2025-06-14,sweetshop
850,sweetshop_2025-06-13,c_h_jjjx3,엇....타코팬은 없으니 호두과자기계대신 타코팬 사야겠어요ㅋㅋㅋ,2025-06-13,sweetshop
851,sweetshop_2025-06-13,chae2015__,그냥 사먹어요😂😂,2025-06-26,sweetshop
852,sweetshop_2025-06-13,seoyul_kimkk,걍 사먹을게요,2025-07-25,sweetshop
853,sweetshop_2025-06-13,hellojj3082,인정,2025-06-13,sweetshop
854,sweetshop_2025-06-13,leeshyhyun,귀엽,2025-06-13,sweetshop
855,sweetshop_2025-06-13,ceolhyeon20,기발쓰,2025-06-15,sweetshop
856,sweetshop_2025-06-13,d._.ox.h,매일 댓글 달기 8일차~ 출석!,2025-06-13,sweetshop
857,sweetshop_2025-06-13,shrr_91,@hyetjju 호두과쟈!!!!!!,2025-06-14,sweetshop
858,sweetshop_2025-06-12,jjeong_2eee,이쁘니❤️,2025-06-12,sweetshop
859,sweetshop_2025-06-12,choi.mona_,와 너무 예뻐요..... 역대급!!,2025-06-12,sweetshop
860,sweetshop_2025-06-12,jii4370,자주 소식들려주셔서 감사하고..어쩐지 요즘 더 좋아보여서 곧 좋은 소식 있을것같은 기대도 되고..홍홍^^ 지치지 않게 건강 조심하세요~~~😍♡,2025-06-12,sweetshop
861,sweetshop_2025-06-12,kyungssss_,이사장님 얼굴에 풀 묻어떠요.. ..뷰리풀😉,2025-06-12,sweetshop
862,sweetshop_2025-06-12,cream_23555,❤️❤️❤️❤️역시이쁨요😍,2025-06-13,sweetshop
863,sweetshop_2025-06-12,everyday_3016,와…. 진짜예뻐❤️❤️ 사장님 이렇게,2025-06-12,sweetshop
864,sweetshop_2025-06-12,canonryu7,이마 너무 예뻐유..❤️‍🔥😻,2025-06-13,sweetshop
865,sweetshop_2025-06-12,muuunori,언니 근데 마빡이 진짜 시원해보여...😍,2025-06-12,sweetshop
866,sweetshop_2025-06-12,z._.xin1661,가고싶다ㅏㅏ😢,2025-06-12,sweetshop
867,sweetshop_2025-06-12,kim_dh.95,너무예뻐요~,2025-06-13,sweetshop
868,sweetshop_2025-06-12,lifestyle_writer_,이마가 저렇게 예쁜 마빡이가 어딧어여...,2025-06-12,sweetshop
869,sweetshop_2025-06-12,yu.haein,푸킄 이뻐요 이뻐,2025-06-13,sweetshop
870,sweetshop_2025-06-12,jjiwoo.pyo.jj,온니 앞머리 까도 이뻐요..,2025-06-14,sweetshop
871,sweetshop_2025-06-12,hana.9548,도대체 누가 마빡이라고 한거에요??,2025-06-13,sweetshop
872,sweetshop_2025-06-12,qriiqiigii,아이콩 마빡이라니 이마가 너무 예뽀용,2025-06-17,sweetshop
873,sweetshop_2025-06-12,hide_tmp,와 진짜이쁘다,2025-06-14,sweetshop
874,sweetshop_2025-06-12,kangbackho3,역대급 이쁘시네요 😍,2025-06-12,sweetshop
875,sweetshop_2025-06-12,d._.ox.h,매일 댓글 달기 7일차!,2025-06-12,sweetshop
876,sweetshop_2025-06-12,hanbs89,6주답글 달기,2025-06-14,sweetshop
877,sweetshop_2025-06-12,minsu080830,요리라도 잘하셔서 다행이네요❤️...(칭찬맞아요),2025-06-12,sweetshop
878,sweetshop_2025-06-12,play_eat_goe,ㅋㅋㅋㅋㅋ 오늘은 이마요정이네요 이사장 👏,2025-06-12,sweetshop
879,sweetshop_2025-06-08,everyday_3016,이 레시피 못 참지!!!!!❤️ 저기에다가 오이 넣어서 먹으면 진짜 맛있는데…. ㅎㅎ,2025-06-08,sweetshop
880,sweetshop_2025-06-08,1ga0n,너무 맛있을 것 같아요🥹🥹👍👍👍👍,2025-06-08,sweetshop
881,sweetshop_2025-06-08,sso_yul_12,"배홍동 한번도 안먹어봤는뎅,,",2025-06-09,sweetshop
882,sweetshop_2025-06-08,z._.xin1661,오늘 저녁이었는데!!!,2025-06-08,sweetshop
883,sweetshop_2025-06-08,pd.agfe,면을...한개만 끓였어...,2025-06-08,sweetshop
884,sweetshop_2025-06-08,jane_140704,저 오늘 6개 샀어요,2025-06-08,sweetshop
885,sweetshop_2025-06-08,d._.ox.h,아...영상을 못 봤어요 매일 댓글 달기 3일차 ㅠㅠ,2025-06-09,sweetshop
886,sweetshop_2025-06-08,thgml._.hee_16,맵탱 비빔 해줘요 화한맛으로요...,2025-06-09,sweetshop
887,sweetshop_2025-06-08,yj_fluttershy_v,뭔가 나솔 17기 옥순님 닮으심,2025-06-08,sweetshop
888,sweetshop_2025-06-08,bagmina6499,땅콩 못먹는데,2025-07-17,sweetshop
889,sweetshop_2025-06-08,lulu_dad93,밀가루 끊은사람은 싫어합니다 ㅋ,2025-06-27,sweetshop
890,sweetshop_2025-06-08,ieunjin415,ㅋ 앞머리,2025-06-17,sweetshop
891,sweetshop_2025-06-08,bbeokktee,첫 줄에 '왠' 로제가 아니라 '웬' 로제입니다. 왠은 왠지에서 쓴다고 생각하시면 편해요!!,2025-06-08,sweetshop
892,sweetshop_2025-06-06,everyday_3016,보드람? 아니에여? ㅋㅋㅋㅋㅋ 아니 그나저나 언니는 베트남에서도 빛이 난다여❤️,2025-06-06,sweetshop
893,sweetshop_2025-06-06,z._.xin1661,진짜 베트남 간식 홍보대사ㅏ,2025-06-06,sweetshop
894,sweetshop_2025-06-06,tgd0929,밭두렁,2025-06-06,sweetshop
895,sweetshop_2025-06-06,9_9s,부드러(워),2025-06-06,sweetshop
896,sweetshop_2025-06-06,ingstargramuser,판단젤리인데 이름을 모르겠네요 세상에는 디저트가 참 많네요,2025-06-06,sweetshop
897,sweetshop_2025-06-06,eu__nangnang,보드로,2025-06-06,sweetshop
898,sweetshop_2025-06-06,imseula22,밭두렁 ㅋㅋㅋ,2025-06-29,sweetshop
899,sweetshop_2025-06-06,inghyeongsung,부다락,2025-06-18,sweetshop
900,sweetshop_2025-06-06,simhyeonsu531,보도르,2025-06-17,sweetshop
901,sweetshop_2025-06-06,seodz__in,반다론,2025-06-06,sweetshop
902,sweetshop_2025-06-06,_pearplum,반다론,2025-06-06,sweetshop
903,sweetshop_2025-06-06,x._1kz0,반다라,2025-06-06,sweetshop
904,sweetshop_2025-06-06,meow._.nye_na,반다라,2025-06-06,sweetshop
905,sweetshop_2025-06-06,b_innx.14,빨리 왓떠,2025-06-06,sweetshop
906,sweetshop_2025-06-06,a_yo_what_seop,보드리,2025-06-06,sweetshop
907,sweetshop_2025-06-06,limyejibom,부드럽,2025-06-06,sweetshop
908,sweetshop_2025-06-06,moonone400,보드람..? (나 빨리왓어 언니 히히),2025-06-06,sweetshop
909,sweetshop_2025-06-06,hooooozzzzzz,발대라,2025-06-06,sweetshop
910,sweetshop_2025-06-06,d._.ox.h,매일 댓글 달기 1일차,2025-06-06,sweetshop
911,sweetshop_2025-06-06,iayun933,보드람,2025-06-06,sweetshop
912,sweetshop_2025-06-06,sunjung3636,ㅋㅋㅋ 반다람,2025-06-06,sweetshop
913,sweetshop_2025-06-06,santabottle_,반다론이요,2025-06-06,sweetshop
914,sweetshop_2025-06-06,hs_wj_sy_0604,반다리,2025-06-06,sweetshop
915,sweetshop_2025-06-06,play_eat_goe,ㅂㄷㄹ? 밧데리?,2025-06-06,sweetshop
916,sweetshop_2025-06-06,ga_duck_02,반다론!,2025-06-06,sweetshop
917,sweetshop_2025-06-06,dddffffggggggggggggggggggggg,반다론?,2025-06-06,sweetshop
918,sweetshop_2025-06-06,yalan12418,반다론처럼 보여요! 쌀가루 쪄서 만드는 떡케이크! 달달해서 맛있대요!,2025-06-06,sweetshop
919,sweetshop_2025-06-06,_horang9,반대로,2025-06-06,sweetshop
920,sweetshop_2025-06-06,from_yeojin,브드리,2025-06-06,sweetshop
921,sweetshop_2025-06-06,here.rightlane,본다롱~~😂,2025-06-06,sweetshop
922,sweetshop_2025-06-06,gkxo_tmddn,밭두렁만 생각나는 옛날사람😂😂,2025-06-06,sweetshop
923,sweetshop_2025-06-06,preedom_of_wealth,봉다리,2025-06-06,sweetshop
924,sweetshop_2025-06-06,ks__sunny,밧데리 ㅋㅋ,2025-06-06,sweetshop
925,sweetshop_2025-06-06,escape005,반다리,2025-06-07,sweetshop
926,sweetshop_2025-06-06,lovely_ydn,보드람?,2025-06-07,sweetshop
927,sweetshop_2025-06-06,meenymunimoon,반다론(Bánh Da Lợn)’**은,2025-06-07,sweetshop
928,sweetshop_2025-06-06,pop50610,어.... 달고나 쿠키 13트?,2025-06-07,sweetshop
929,sweetshop_2025-06-06,jjaneee85,부드러,2025-06-07,sweetshop
930,sweetshop_2025-06-06,jjaneee85,밭두렁,2025-06-07,sweetshop
931,sweetshop_2025-06-06,_mmlleook_,역시 우리사장님.. 정답! 바다라 ‘맛난 디저트 던질테니 받아랏’ 입으로 받겠음🤤,2025-06-07,sweetshop
932,sweetshop_2025-06-06,_meiryo__,바다라 나의맘❤️,2025-06-07,sweetshop
933,sweetshop_2025-06-06,nue_1,부드러 ㅋㅋ,2025-06-07,sweetshop
934,sweetshop_2025-06-06,e_pqiisne,보드람?,2025-06-07,sweetshop
935,sweetshop_2025-06-06,kkokko_hn,반다론~,2025-06-07,sweetshop
936,sweetshop_2025-06-06,jiuuuuangel,병들어 병드는맛,2025-06-07,sweetshop
937,sweetshop_2025-06-06,ionqpr,보도롱,2025-06-07,sweetshop
938,sweetshop_2025-06-06,sook622,바다라,2025-06-07,sweetshop
939,sweetshop_2025-06-06,uni_lim_,반다론이욥😋,2025-06-07,sweetshop
940,sweetshop_2025-06-06,hiwookjin,벼두렁,2025-06-07,sweetshop
941,sweetshop_2025-06-06,ran_ing88,보달루,2025-06-08,sweetshop
942,sweetshop_2025-06-06,ssesseyaa,반다론!,2025-06-08,sweetshop
943,sweetshop_2025-06-06,star_.zzi,봉다리,2025-06-08,sweetshop
944,sweetshop_2025-06-06,jjanghihwang,비드르?,2025-06-08,sweetshop
945,sweetshop_2025-06-06,jx_xni,봐달라,2025-06-08,sweetshop
946,sweetshop_2025-06-06,jio00o,보드러ㅋ,2025-06-08,sweetshop
947,sweetshop_2025-06-06,pe_s510,봉다리,2025-06-08,sweetshop
948,sweetshop_2025-06-06,serendipity_luy,반다론💚,2025-06-08,sweetshop
949,sweetshop_2025-06-06,gogayun18,반다림?,2025-06-08,sweetshop
950,sweetshop_2025-06-06,suyeon_yoni,발디롱,2025-06-08,sweetshop
951,sweetshop_2025-06-06,la.vender_purple,브도르,2025-06-09,sweetshop
952,sweetshop_2025-06-06,nonouri9,보두락,2025-06-09,sweetshop
953,sweetshop_2025-06-06,only_you____j,부드러,2025-06-11,sweetshop
954,sweetshop_2025-06-06,moonju1219,ㅂㄷㄹ 보드라아아암,2025-06-12,sweetshop
955,sweetshop_2025-06-06,jixxu1,보드라,2025-06-12,sweetshop
956,sweetshop_2025-06-06,lets.go__baeb,밭두렁,2025-06-12,sweetshop
957,sweetshop_2025-06-06,kimeun_bonny,반다론!,2025-06-13,sweetshop
958,sweetshop_2025-06-06,ikaros918,보드람,2025-06-16,sweetshop
959,sweetshop_2025-06-06,twinkle_popo,"반다론~,~",2025-06-16,sweetshop
960,sweetshop_2025-06-06,txt.moa_z,🔥반다람,2025-06-18,sweetshop
961,sweetshop_2025-06-06,im_uuuuu,부드럽😍,2025-06-19,sweetshop
962,sweetshop_2025-06-06,young______89,반도르,2025-06-21,sweetshop
963,sweetshop_2025-06-06,jia04.07,밧두렁,2025-06-22,sweetshop
964,sweetshop_2025-06-06,yujin_0115,복도리?,2025-06-23,sweetshop
965,sweetshop_2025-06-06,seconddays_2,밥달라,2025-06-27,sweetshop
966,sweetshop_2025-06-06,nyoungmommy,사촌오빠 새언니?,2025-06-28,sweetshop
967,sweetshop_2025-06-06,kkang_cherry14,발두렁,2025-06-29,sweetshop
968,sweetshop_2025-06-06,aa_rro_nn,밧디랍,2025-07-01,sweetshop
969,sweetshop_2025-06-06,hyorin486,보드레,2025-07-03,sweetshop
970,sweetshop_2025-06-06,love_ji_woo0403,부드리,2025-07-06,sweetshop
971,sweetshop_2025-06-06,kim_seowon1001,박대리는 왜 생각 날까...?,2025-07-07,sweetshop
972,sweetshop_2025-06-06,kimisu525,부도로,2025-07-23,sweetshop
973,sweetshop_2025-06-06,_desire_xx,반달루,2025-07-28,sweetshop
974,sweetshop_2025-06-04,z._.xin1661,몇일에 갔어여?? 저도 그때쯤 갔었는데,2025-06-04,sweetshop
975,sweetshop_2025-06-04,xin______xx___,오옹.. 신기한 정보지만 좀 많이 비싸다고 생각되네유,2025-06-04,sweetshop
976,sweetshop_2025-06-04,rkahxoal,우와 저도 궁금했는데!! 대박이네요ㅋㅎㅋㅎ,2025-06-04,sweetshop
977,sweetshop_2025-06-04,parkyeon369,화과자 드셔주세요 😢,2025-06-05,sweetshop
978,sweetshop_2025-06-04,d._.ox.h,언니 매일 댓글 달기 해도 돼요?,2025-06-04,sweetshop
979,sweetshop_2025-06-04,for.yuyoung,으른의 상징🔥,2025-06-05,sweetshop
980,sweetshop_2025-06-04,lovelyday_yoon,조식만6만원이던데 ㅋ ㅋ전에는투숙객10분인가일찍드가게해줬다던데 이젠짤없어요ㅜ,2025-06-04,sweetshop
981,sweetshop_2025-06-04,y.naaaaari,우리도 델고가라규 ㅋㅋㅋㅋㅋㅋ,2025-06-05,sweetshop
982,sweetshop_2025-06-04,kiddyart_hyun,엄청싼거같아요,2025-06-05,sweetshop
983,sweetshop_2025-06-04,alala_lggg,소피텔 조선팰리스 시그니엘 등 1박에 80-100 가까이 하는거 보면 그래도 롯데에조식에 롯데월드이용까지 하는거면 나쁘지 않은것 같아요!! 물론 싼가격은 아님 ㅠㅜㅋㅋㅋㅋ,2025-06-04,sweetshop
984,sweetshop_2025-06-04,happy_1315el,"롯데월드이용권2인 ,",2025-06-05,sweetshop
985,sweetshop_2025-06-04,jieun_9287,@wuddllove23 이걸갔어야했나,2025-06-05,sweetshop
986,sweetshop_2025-06-04,jeongn_n,@eelnusha_x 에버랜드 갔으니까 롯월도 가줘야지,2025-06-13,sweetshop
987,sweetshop_2025-06-02,onioni_mom0729,푸디앨리가 매번 꾸웩 거리면서 먹는 이유가 이거였군요 ㅋㅋㅋ,2025-06-05,sweetshop
988,sweetshop_2025-06-02,12.13.kr,맛있겠다....... 불닭이랑 먹으면 진짜 술술 들어가는데,2025-06-02,sweetshop
989,sweetshop_2025-06-02,y_1_daily,통대창 갈라서 기름 다 빠지게 구운 껍데기 먹방해주세요!!!🔥🔥🔥🔥,2025-06-02,sweetshop
990,sweetshop_2025-06-02,baek_gom_,진짜 대창 통으로 구워먹으면 기름맛이 극대화되는거같아요 ㅋㅋㅋ 걍 대창은 전골로 해먹어야 맛있더라구요~전골이면 무한흡입,2025-06-02,sweetshop
991,sweetshop_2025-06-02,_somethingabout_us,불닭면이랑 먹으면 좀 나아요!,2025-06-03,sweetshop
992,sweetshop_2025-06-02,kimlyeowon0829,맛있겠다,2025-06-03,sweetshop
993,sweetshop_2025-06-02,poky0223,"언닝!! 유행 다 지났지만 망고사고에 펄 여러개 싹 다 넣어주세요!(버블,사고 요런거 싹) 부탁이요🙏",2025-06-02,sweetshop
994,sweetshop_2025-06-02,bbang_hyojin,손으로 뜯어먹고 싶네여…기름 러버라😍,2025-06-03,sweetshop
995,sweetshop_2025-06-02,qwala,드글드글ㅋㅋ,2025-06-04,sweetshop
996,sweetshop_2025-06-02,gimdaehyi653,불닭,2025-07-03,sweetshop
997,sweetshop_2025-06-02,c_l00i,언니 타피오카 펄이랑 물방울 젤리 다시 만들어주세용!!🥺🥺🥺🥺,2025-06-02,sweetshop
998,sweetshop_2025-06-02,sr_jjang12,왜 자꾸 미미가 보이징,2025-06-08,sweetshop
999,sweetshop_2025-06-02,yuminji_90,@hopemom20 내서탈,2025-06-04,sweetshop
1000,sweetshop_2025-06-02,jjwoni_2,@sugu_mi 휴….,2025-06-11,sweetshop
1001,sweetshop_2025-06-02,d._.ox.h,음...언니..매일 댓글 달기 해도 돼요??,2025-06-02,sweetshop
1002,sweetshop_2025-06-02,0204.0,옥순이 닮앗어요~ 이번 사계에 나오는 인기많은 옥순,2025-06-03,sweetshop
1003,sweetshop_2025-06-02,dkwjde1980,으.....기름..,2025-06-15,sweetshop
1004,sweetshop_2025-06-02,hex_.won,언니 처음에 대창먹을때 대창에 틴트 묻었어욬ㅋㅋㅋ,2025-06-03,sweetshop
1005,sweetshop_2025-06-02,yangmigyeong956,구워야하는데 튀기면 기름이 더 많은거 같아요~;;;;,2025-07-06,sweetshop
1006,sweetshop_2025-06-02,nyoungmommy,빠삭하게 굽지말고 진짜 오래 몽근하게 구으면 쫄길쫄깃,2025-06-28,sweetshop
1007,sweetshop_2025-06-02,_mmlleook_,오메가 뜨리를 드셔야 합니다,2025-06-02,sweetshop
1008,sweetshop_2025-06-02,ooo_ooo250,저도 힘들어요… 잘라서 구우면 그나마,2025-06-04,sweetshop
1009,sweetshop_2025-06-02,a66902018b84,원래 댸창을 그대로 구우면 기름이 빠지는데 파는 사람들이 뒤집어서 기름을 안으로 가둠 그냥팔면 기름 많다고 잘라서 팔라고 하지만. 뒤집어서 곱이라고 속이면 그냥 먹음. 기름이 싫으면 대창이 아니라 곱창이나 막창을 먹으면됨 굳이 대창을 먹겠다면 다시 원래대로 뒤집어 구워먹으면됨.,2025-07-13,sweetshop
1010,sweetshop_2025-06-02,z._.xin1661,으 느끼하겠다ㅏ😂,2025-06-02,sweetshop
1011,sweetshop_2025-06-02,beeee_22_,목걸이 어디껀가요!!!넘무예뻐용🤍🤍,2025-06-02,sweetshop
1012,sweetshop_2025-06-02,yunwooa_b,저희 엄마가 매번 하시던말씀.. 저 기름덩어리를 왜 먹방하냐고 😂,2025-06-03,sweetshop
1013,sweetshop_2025-06-02,yoonbivip,뒤집어서구우세요ㅎ,2025-06-03,sweetshop
1014,sweetshop_2025-06-02,sxxhxx____,흑흑 저두 싫어요 대창곱창기름은 진짜 보기만 해도 역겹😢,2025-06-04,sweetshop
1015,sweetshop_2025-06-02,nyolihaneun,의상이 저승사자 룩인데요,2025-06-04,sweetshop
1016,sweetshop_2025-06-02,noonnoppis,어흐흐흐 보기만 해도 느글느글 영상으로만 보는걸로 😂,2025-06-05,sweetshop
1017,sweetshop_2025-06-02,choseojun1015,저거 먹으면 두바이 간접체험 쌉가능임ㅋㅋㅋ,2025-06-05,sweetshop
1018,sweetshop_2025-06-02,cea55555,진심으로 왜 먹는지 모르겠는 음식. 그나마 잘라서 기름뺀건 소스랑 야채 왕창 같이 먹으면 그나마. 다른거 맛있는 것도 많은데 통대창.. 어후,2025-06-06,sweetshop
1019,sweetshop_2025-06-02,__hoioi,혹시 구멍을숭숭내면 구울때 거기로 기름이 빠지지는 않을까여..,2025-06-06,sweetshop
1020,sweetshop_2025-06-02,moonhwaterapia,저도 웬만한건 다 먹는데 소대창은 다시는 먹기 싫어요. 에어프라이어에 빠삭 구워 큰 대접량 기름이 빠졌는데도 너무 느끼해서 미식거리고 어지러웠음 ㅠ ㅋㅋ,2025-06-06,sweetshop
1021,sweetshop_2025-06-02,s.hee_s2_,ㅋㅋㅋㅋㅋ난그냥 보는걸로만 만족함ㅋㅋㅋㅋ,2025-06-06,sweetshop
1022,sweetshop_2025-06-02,dalgom_moon_bear,으으... 드시는거 보는것도 힘들어요.... 보기만 해도 니끼해요....,2025-06-07,sweetshop
1023,sweetshop_2025-06-02,lovely_._._cats,잘구워먹으면 바삭하고 촉촉하니 존맛탱인뎀..,2025-06-07,sweetshop
1024,sweetshop_2025-06-02,yeongji1189,으하하하하😂😂,2025-06-08,sweetshop
1025,sweetshop_2025-06-02,zeitgeisteo,언니 오일풀링이네요 대창...,2025-06-08,sweetshop
1026,sweetshop_2025-06-02,ohcho1987,미미인줄,2025-06-10,sweetshop
1027,sweetshop_2025-06-02,lovelove_105,먹기힘들다는 생각이 들면 돈이고뭐고 그만먹었음 좋겠음,2025-06-12,sweetshop
1028,sweetshop_2025-06-02,jeongbanchan,ㅋㅋㅋㅋㅋ 진짜 현실적이에요😂,2025-06-13,sweetshop
1029,sweetshop_2025-06-02,aeldia,혈관막히는 기분이라 이건 진짜.. 근데 맛있어 ㅠㅠ,2025-06-13,sweetshop
1030,sweetshop_2025-06-02,skysmile_eun,옥순님 닮음,2025-06-13,sweetshop
1031,sweetshop_2025-06-02,da.na0307_officinal,무쇠판에 올려야 따시게 먹어내요😢😢 아님 금방 굳음..,2025-06-14,sweetshop
1032,sweetshop_2025-06-02,sansasoom,뿌엥하명서 뜯을때 미미닮으심ㅋㅋㅋ,2025-06-14,sweetshop
1033,sweetshop_2025-06-02,jeonju_dress_j.h.k,진심 개맛있어보이는데 한번은 먹어보구싶은데 정작 난 대창 펼쳐서 굽다가기름 짤라내고 구워서먹음ㅋㅋ,2025-06-17,sweetshop
1034,sweetshop_2025-06-02,suji8230,에어프라이기!!!!!,2025-06-20,sweetshop
1035,sweetshop_2025-06-02,nyj9472,옥순생각난다ㅎ,2025-06-24,sweetshop
1036,sweetshop_2025-06-02,beeeeajh,처음에저거 인삼인줄;;;;;;,2025-06-24,sweetshop
1037,sweetshop_2025-06-02,511327_,고지혈증 맛,2025-06-26,sweetshop
1038,sweetshop_2025-06-02,jojunwon7179,그냥 기름 덩어리ㅋ 드시는거에요,2025-06-29,sweetshop
1039,sweetshop_2025-06-02,e__yo_o,나도 통대창먹방 보고 진짜 큰맘 먹고 먹었는데 기름 때문에 속 다 뒤집어짐... 기름 토하고 난리,2025-07-01,sweetshop
1040,sweetshop_2025-06-02,karam.kim.395,한두시간 구우면 기름 사라지지않아요?잠깐 끓여도 대창이 사라지던데..,2025-07-02,sweetshop
1041,sweetshop_2025-06-02,hhhe_888,미미닮았어요,2025-07-03,sweetshop
1042,sweetshop_2025-06-02,uuniversedust,뜨겁~따뜻할 때 먹어야 해요ㅠㅠ 다 식고 먹으면 느끼해서 못 먹고 따뜻하게 먹어야 고소하니 맛나요,2025-07-04,sweetshop
1043,sweetshop_2025-06-02,narini.exe,갈라서 안쪽 기름 구워야하는데 보여주기 식으로 되서 통으로 먹는듯 ㅠㅠ 먹기힘들어요 통은,2025-07-05,sweetshop
1044,sweetshop_2025-06-02,dr.lee_root,기름이 많은게 아니라 기름밖에 없는겁니다...,2025-07-11,sweetshop
1045,sweetshop_2025-06-02,o_ni_25,17기 옥순... 닮으셧어요,2025-07-20,sweetshop
1046,sweetshop_2025-06-02,jeon_hyeongjin11,왜먹는지 이해안가는 음식중 하나...,2025-07-23,sweetshop
1047,sweetshop_2025-06-02,____chanfood____,그게 맛있는 건데...,2025-07-23,sweetshop
1048,sweetshop_2025-06-02,uioprewquyt,순간 미미인줄알고 들어옴,2025-07-24,sweetshop
1049,sweetshop_2025-06-02,eunjeong3402,대창 친구랑 먹다가 한입머꼬ㅡ 안먹음 전골나온디길래 그래 전글은 괴안켔지 하고 햔숟갈 먹는 순간 기름탕 웩 돈아까비,2025-07-26,sweetshop
1050,sweetshop_2025-06-01,liuujki,에어프라이기에 3번 돌려서 기름기를 뺀후 후라이팬에 빠짝 구워주면 되여,2025-06-01,sweetshop
1051,sweetshop_2025-06-01,j_princess_1117,와...맛있게따,2025-06-02,sweetshop
1052,sweetshop_2025-06-01,cute7js,약불에 한시간 이상 천천히 구워야 바삭해진대요…. ㅋ,2025-06-02,sweetshop
1053,sweetshop_2025-06-01,z._.xin1661,링곱창의 추억이 떠올란다ㅏㅋㅋ,2025-06-01,sweetshop
1054,sweetshop_2025-06-01,double.jak,숯불에 구워주세유🔥🔥🔥🔥🔥🔥,2025-06-04,sweetshop
1055,sweetshop_2025-06-01,sowonj,한 번 데쳐서 구우면 잘 구워져용,2025-06-02,sweetshop
1056,sweetshop_2025-06-01,pcy07,마법의가루를 뿌려서..구우면어떨까요 ㅋㅋㅋㅋㅋㅋ,2025-06-01,sweetshop
1057,sweetshop_2025-06-01,soyul3060,띠미 언니 불러요❤️,2025-06-01,sweetshop
1058,sweetshop_2025-06-01,liutingho,장시간 굽기!,2025-06-02,sweetshop
1059,sweetshop_2025-06-01,hanbang_home,기름 얇게 두르고 아주 약불에 빠삭해질 때까지 오래 구워요!🔥🔥🔥,2025-06-01,sweetshop
1060,sweetshop_2025-06-01,crystal._.j,ㅋㅋㅋㅋ위고비를맞았냐는게 넘웃겨욬ㅋㅋㅋㅋㅋㅋ,2025-06-03,sweetshop
1061,sweetshop_2025-06-01,graceeah,위고비를 맞았냬 ㅋㅋㅋㅋㅋㅋㅋ 아 표현너무 잘하신다 ㅋㅋㅋㅋㅋㅋㅋㅋㅋㅋㅋㅋㅋㅋ,2025-06-26,sweetshop
1062,sweetshop_2025-06-01,h1ovn_,기름에 튀기기요..?,2025-06-08,sweetshop
1063,sweetshop_2025-06-01,hyemin1004lee,나솔 17기 옥순님 너무 닮았심,2025-06-02,sweetshop
1064,sweetshop_2025-06-01,seoeun___19,대창박사님 😍@2017.11.04_ing @hwang1015 @ahn_myyong @jamong._.c,2025-06-02,sweetshop
1065,sweetshop_2025-06-01,sook622,위고비를맞았냐고욬ㅋㅋㅋㅋㅋㅋㅋㅋㅋㅋ 왤케웃겨진거에옄ㅋㅋㅋㅋㅋ,2025-06-02,sweetshop
1066,sweetshop_2025-06-01,ssini_kim,세로로 잘라서... 펼쳐서.... 구워 먹으면 마싯....,2025-06-02,sweetshop
1067,sweetshop_2025-06-01,kingruda1006,어떤 유튜버분이 알려주셨는데 대창 기름에 굽는거래요 약불로 오래오래 돌려가며 구워야한다 하네요,2025-06-15,sweetshop
1068,sweetshop_2025-06-01,treetwaystay1290,계속 계속 기름 다 빠지게 계속 튀기라던데,2025-06-02,sweetshop
1069,sweetshop_2025-06-01,aftergallery,대창집가서 직원들이 구워주는거 드시면됩니다 ㅎㅎ,2025-06-02,sweetshop
1070,sweetshop_2025-06-01,creatork,똥냄새는 안나나요,2025-06-02,sweetshop
1071,sweetshop_2025-06-01,yiseulx_x,위고빜ㅋㅋㅋㅋㅋㅋㅋㅋㅋㅋㅋㅋㅋㅋㅋㅋㅋㅋㅋㅋㅋㅋㅋㅋㅋㅋㅋㅋㅋㅋㅋㅋㅋ,2025-06-02,sweetshop
1072,sweetshop_2025-06-01,sjooyeoning,약불에 기름살짝해서 굴려가면서 오래구워보세욤.ᐟ.ᐟ,2025-06-02,sweetshop
1073,sweetshop_2025-06-01,its_coin_ansan,약불에 엄청 오래..,2025-06-03,sweetshop
1074,sweetshop_2025-06-01,ja3h4_9405,대창...세로로 길게 잘라서 펼쳐서 구우세욥,2025-06-03,sweetshop
1075,sweetshop_2025-06-01,all._.silver,에어프라이기 높이 있는 은박지 그릇에 넣고 15분정도 돌리면 바삭해져요!!,2025-06-04,sweetshop
1076,sweetshop_2025-06-01,especially00,엄청약한 불에 오랫동안 구워야 함.. 40분 까지도 걸림,2025-06-04,sweetshop
1077,sweetshop_2025-06-01,he_exx,한번삶으세요 5분정도 그리고 얼린다 어느정도 굳으면 후라이팬에 굽는다 쎈불과 중불 사이로요 빠삭하게 갈색빛나오게~,2025-06-07,sweetshop
1078,sweetshop_2025-06-01,hi._.jaegyo,위고빜ㅋ,2025-07-02,sweetshop
1079,sweetshop_2025-06-01,a66902018b84,원래 대창은 겉표면에 지방이 지저분하게 붙어 있는데 그걸 뒤집어서 매끈하게 보이게 해서 파는거라 그상태로 구우면 지방이 다 안빠져서 기름을 마시는 거임 원래상태로 뒤집어서 구우면 기름 다빠짐,2025-07-06,sweetshop
1080,sweetshop_2025-06-01,jb.m_n,저 다 먹을수 있어요,2025-07-11,sweetshop
1081,sweetshop_2025-06-01,coco.bori.v,위고비ㅋㅋㅋㅋ,2025-07-12,sweetshop
1082,sweetshop_2025-06-01,jd_am___,기름이 빠질 수록 형태가 없어지는 마법 같은 대창 한 줄만 먹어도 너무 질려서 못 먹겠어요,2025-07-27,sweetshop
1083,sweetshop_2025-05-31,zzyxoxo,요즘 푸드라디오님이랑 협업하시는걸까요?? 팔로잉 중인 두분이 같이😆,2025-06-03,sweetshop
1084,sweetshop_2025-05-31,79dbswn,맞을거 같아여,2025-06-01,sweetshop
1085,sweetshop_2025-05-31,lovenanchichi,자막 조금 아래로 해주실 수 있나요?!?! 친구들이 좋아요 누른 목록 버튼에 가려져서 잘 안보여요 흑흑,2025-06-21,sweetshop
1086,sweetshop_2025-05-31,z._.xin1661,왜 맛있어 보이징??ㅋㄱ,2025-05-31,sweetshop
1087,sweetshop_2025-05-31,moonone400,와 빨리왔다,2025-05-31,sweetshop
1088,sweetshop_2025-05-31,the.gray.art,완전먹고싶어요😍,2025-05-31,sweetshop
1089,sweetshop_2025-05-31,lulu_dad93,이사장님 그 중국엔 울나라 드라마 #도둑시청 하는거아시죠 서경덕교수님이 옴청화내고잇어요ㅜㅜ,2025-06-01,sweetshop
1090,sweetshop_2025-05-31,ssu_______k,야시장 어디인거예요,2025-06-15,sweetshop
1091,sweetshop_2025-05-31,lee_.unni,@2e.de 갑시다,2025-06-08,sweetshop
1092,sweetshop_2025-05-30,koreng_stupid,진짜 광고 적절하게 잘 넣으심ㅋㅋㅋ,2025-07-27,sweetshop
1093,sweetshop_2025-05-30,everyday_3016,언니 진짜 드시는데 행복이 가득한 표정 넘 좋아요!! 살 안쪘으니깐 행복만 가득하슈❤️❤️,2025-05-30,sweetshop
1094,sweetshop_2025-05-30,z._.xin1661,반짱쫀 만들어주세요ㅠㅠ 베트남가서 못 머그쓰요,2025-05-30,sweetshop
1095,sweetshop_2025-05-30,hayuuu_mom,지금 사랑은계속된다 틀어놓고 이거봤는데 17기옥순 닮으셨어요,2025-05-30,sweetshop
1096,sweetshop_2025-05-30,jae._.young12,힘들었는데 이사장님 덕분에 웃음이 나오네요 이사장님 감사합니다.,2025-05-30,sweetshop
1097,sweetshop_2025-05-30,_on_yu12,언니ㅠ 양념치킨 반미도 마시써,2025-06-06,sweetshop
1098,sweetshop_2025-05-30,food_radio_,앞으로도 같이 여행가면 이사장이 주문하는걸로~~~~,2025-06-01,sweetshop
1099,sweetshop_2025-05-30,_mmlleook_,고수 한줌씩 퍼 먹고 싶다,2025-05-30,sweetshop
1100,sweetshop_2025-05-30,sweetshop_s2,스픽에서 단 일주일동안 혜택을 주셨거든요?! 혜택은 프로필 링크에서 확인 가능합니다요!!,2025-05-30,sweetshop
1101,sweetshop_2025-05-25,hanna_xx_b,혹시 솔파ㅇ...? 세상에 저도 그학교나왔는데 꼭대기층에 숨겨진 레스토랑이 있는지는 몰랐....,2025-05-25,sweetshop
1102,sweetshop_2025-05-25,from.jinhyuk,왤케 더 예뻐지세요,2025-05-25,sweetshop
1103,sweetshop_2025-05-25,lovely_ayusis,엇!!! 저랑 같은학교 나오셨네요? 저도 외식조리과 출신입니다만...ㅋㅋㅋ,2025-06-01,sweetshop
1104,sweetshop_2025-05-25,z._.xin1661,맛있겠다 ㅏ❤️❤️,2025-05-25,sweetshop
1105,sweetshop_2025-05-25,eun838800,실습 추억돋네요~ ㅎㅎ 요기 다니셨구낭~,2025-05-27,sweetshop
1106,sweetshop_2025-05-25,everyday_3016,언니~ 오랜만에 학교 가신 기분이 어때요?❤️😍,2025-05-25,sweetshop
1107,sweetshop_2025-05-25,cres_sm_1119,ㅇㅅ대 나오셨어요...??,2025-05-25,sweetshop
1108,sweetshop_2025-05-25,wonhyungg,귀여워요😍,2025-05-25,sweetshop
1109,sweetshop_2025-05-25,q_beem33d_p,"같은학교 출신이라니,,충격",2025-06-08,sweetshop
1110,sweetshop_2025-05-25,yuju0319,솔파인 빵이 진짜 맛있지않나요...? 실습때 버터발라먹으면 천국..!!(교수님 죄송해요....ㅎ),2025-05-26,sweetshop
1111,sweetshop_2025-05-25,_091801090908_,@a.mm_2.2 ㅇㅅ이야?나좀데려가,2025-05-25,sweetshop
1112,sweetshop_2025-05-25,noahmom1104,@im_shines2 @le_petit_nana 대전이다 ㅇㅅㄷ,2025-05-25,sweetshop
1113,sweetshop_2025-05-25,h_s_j06,@mxn.szk 담번에 가면 여기 데꼬가 주셈,2025-05-28,sweetshop
1114,sweetshop_2025-05-25,_da_heeeeeee,@freshman_sol 헐 나 이언니랑 고등학교대학교 같은루트네 나 유튜버할게,2025-05-29,sweetshop
1115,sweetshop_2025-05-25,hyejin5655,대전 ㅇㅅㄷ 군요ㅋㅋ 솔파인 학교다닐때잘갔는데ㅋ오랜만이네요ㅋㅋ,2025-06-04,sweetshop
1116,sweetshop_2025-05-25,new._.mingrod__828,@r0sel1ne @new._.rin_03 @una._.ouo 진자 선배엿네 누가얘기했었지,2025-06-15,sweetshop
1117,sweetshop_2025-05-25,jaso_nmeta,반갑네용,2025-06-15,sweetshop
1118,sweetshop_2025-05-25,chris_is_afk,솔파만 검색해도 뜬다는게 ㅋㅋㅋㅋㅋㅋㅋ,2025-05-25,sweetshop
1119,sweetshop_2025-05-25,_fdhd00,와 ㅋㅋㅋㅋㅋ 무쳤다 일반인도 방문가능인가욬ㅋㅋㄲ,2025-05-25,sweetshop
1120,sweetshop_2025-05-25,_mmlleook_,솔파미레도? 솔파피아노? 오디죠?? 가고픔,2025-05-25,sweetshop
1121,sweetshop_2025-05-25,sky_lovely7,우리 동네에 있는 대학 같아요~역시... 대전ㅇㅅㄷ,2025-05-25,sweetshop
1122,sweetshop_2025-05-25,my_jw_yj9021,숙수도가라니!!!,2025-05-25,sweetshop
1123,sweetshop_2025-05-25,glistenbong,솔파인식당,2025-05-26,sweetshop
1124,sweetshop_2025-05-25,cwj_09wj,여기 맛도리인데,2025-05-26,sweetshop
1125,sweetshop_2025-05-25,chef_amanda.r,ㅇㅅㄷ 솔파* ㅋㅋㅋ,2025-05-26,sweetshop
1126,sweetshop_2025-05-25,giridietmemory3377,오디에용? 왜케 저렴하고 장소도 좋고 가족끼리 가고싶네용^^,2025-05-26,sweetshop
1127,sweetshop_2025-05-25,yxcloie,송파인,2025-05-26,sweetshop
1128,sweetshop_2025-05-25,yxcloie,솔파인,2025-05-26,sweetshop
1129,sweetshop_2025-05-25,bomi.0202,완전 추억이~ 수업했던 기억이 솔솔~~ 근데 그때랑 인테리어가 많이 변하지 않았네요 ㅋㅋㅋ,2025-05-26,sweetshop
1130,sweetshop_2025-05-25,ihih131108,음식 옆에있는 거품 뭐예요?,2025-05-27,sweetshop
1131,sweetshop_2025-05-25,pensamiento_de_mi_futuro_bien,우송대솔파인 제임스 보고싶네요,2025-05-28,sweetshop
1132,sweetshop_2025-05-25,daily._.chloe,헐 저도 여기출신 😂 저 다닐땐 베이커리가 아주 핫했습니당,2025-05-28,sweetshop
1133,sweetshop_2025-05-25,amasmin133,와 제동생이랑 같은 학교!!! 저도 가족찬스로 가봤어요😮,2025-05-28,sweetshop
1134,sweetshop_2025-05-25,jinui_05,솔파ㅇㅎ?,2025-05-28,sweetshop
1135,sweetshop_2025-05-25,yun_jjang_525,어 솔파인? 같은 대학 나왔네욤😂😂,2025-05-29,sweetshop
1136,sweetshop_2025-05-25,c_yw_0523,우송대?,2025-05-29,sweetshop
1137,sweetshop_2025-05-25,seoa__jin,왜 점점더 예뻐져요오❤️,2025-05-30,sweetshop
1138,sweetshop_2025-05-25,mnjh12cb,그학교 전과자 가보야해!!!,2025-06-01,sweetshop
1139,sweetshop_2025-05-25,dawooni_13,...제동생이 졸업한 학교인데 왜 그동안 나에게 여길 알려주지않았는가,2025-06-01,sweetshop
1140,sweetshop_2025-05-25,seokmin.kr,전과자에 나왔던거 같은디,2025-06-01,sweetshop
1141,sweetshop_2025-05-25,gemma_ju,여긴 대전 ㅇㅅㄷ ?? ㅋㅋ,2025-06-02,sweetshop
1142,sweetshop_2025-05-25,jounchung,‘솔 코리안’ 도 가성비 좋고 맛있습니다,2025-06-12,sweetshop
1143,sweetshop_2025-05-25,kx_jxn.12,혹시 in..?,2025-06-15,sweetshop
1144,sweetshop_2025-05-25,xkimhayeonx,베이커리도 완전👍👍 공강때 자주 가던..😍😍,2025-06-15,sweetshop
1145,sweetshop_2025-05-25,youon2hb,우송대학교인가요...?,2025-06-15,sweetshop
1146,sweetshop_2025-05-25,_minnie_gram,@clean_dadoongs 나 나온학교,2025-06-17,sweetshop
1147,sweetshop_2025-05-25,jia_in_christ,오... 신기😮😮 저기 가봤는데 ㅋㅋ,2025-06-19,sweetshop
1148,sweetshop_2025-05-25,04.20_dw,@official_kjw_ 선배셨어..! ㅋㅋㅋ,2025-06-20,sweetshop
1149,sweetshop_2025-05-25,samsik20,여기 대학교 진짜 다 영어로 수업해요? ㅎ,2025-06-24,sweetshop
1150,sweetshop_2025-05-25,yuya_blossom,@road_yujin 대전이래,2025-06-25,sweetshop
1151,sweetshop_2025-05-25,hongche_14,ㅇㅅ대학교 조리로 유명하죠...,2025-06-28,sweetshop
1152,sweetshop_2025-05-25,bestheroro,오 나도 이 대학 다니는데,2025-06-30,sweetshop
1153,sweetshop_2025-05-25,goyecan182,우송대?,2025-07-01,sweetshop
1154,sweetshop_2025-05-25,cat_minsoo,우..?,2025-07-03,sweetshop
1155,sweetshop_2025-05-25,gina_je0ng,숙수도가 정말 최고❤️,2025-07-12,sweetshop
1156,sweetshop_2025-05-25,kx0_0na,싫어하는 선배 걸리면 진짜 싫겠다…,2025-07-14,sweetshop
1157,sweetshop_2025-05-25,today_chloe,아 여기 일반인이 갈수 있는거였어요?,2025-07-20,sweetshop
1158,sweetshop_2025-05-22,happyemyyy,전 완전 종합제리파라서 그런지 저거 좋아해유 ㅋㅋㅋㅋㅋㅋㅋㅋㅋㅋ,2025-05-22,sweetshop
1159,sweetshop_2025-05-22,bliss.m_wony,저거 견과 든게 훨씬맛잇어요!!!😂,2025-05-26,sweetshop
1160,sweetshop_2025-05-22,zzyxoxo,터키쉬젤리 맛있는건 맛있던데 어떤건 식감도 별로고 맛도 별로더라구요,2025-05-27,sweetshop
1161,sweetshop_2025-05-22,gnuesooy,저거 맛업뜸...ㅠㅠ 너무 담,2025-05-22,sweetshop
1162,sweetshop_2025-05-22,_5n0wfir3,진짜 저거보고 얼마나 맛있으면 마녀한테 가냐 에드먼드야~!(등짝 스매싱) 하고 생각했어서 저거 사먹어봤는데...,2025-05-25,sweetshop
1163,sweetshop_2025-05-22,__moonbr,친구들 좋아요 게시물 표시때문에 자막이 안보인당 ㅠㅠㅠ,2025-05-24,sweetshop
1164,sweetshop_2025-05-22,lyxnx0,로쿰입니당,2025-07-07,sweetshop
1165,sweetshop_2025-05-22,z._.xin1661,다이소에 잇는거랑 비슷하게 생겼다ㅏ,2025-05-22,sweetshop
1166,sweetshop_2025-05-22,minji1016k,안 봤...어요...😢,2025-05-27,sweetshop
1167,sweetshop_2025-05-22,ssynnoo_,4빠레알오늘 미모 완전 빛나요😍😍😍,2025-05-22,sweetshop
1168,sweetshop_2025-05-22,doilly_y,아마 저시대 당시 전쟁중이어서 간식이 당근을 막대기에 꽂은거여서 남자애가 맛있게 먹었다는 소문이..,2025-07-21,sweetshop
1169,sweetshop_2025-05-22,hye_euning,튀르키예 ~!,2025-05-25,sweetshop
1170,sweetshop_2025-05-22,qiquwi4563,맛없어요ㅜㅜ달기는 엄청 달고~,2025-05-22,sweetshop
1171,sweetshop_2025-05-22,v_vip_90,민트맛은...진짜 우엑이에여,2025-05-22,sweetshop
1172,sweetshop_2025-05-22,md_js._.1130,언니 그..도너츠에서 하얀 시럽만 발린 일반 도넛 있잖아요 그거 구워 먹으면 맛있대여,2025-05-23,sweetshop
1173,sweetshop_2025-05-22,samsik20,이거 진짜 맛있음,2025-05-23,sweetshop
1174,sweetshop_2025-05-22,dyunniii_,저거 어디서 파는 거에요,2025-05-25,sweetshop
1175,sweetshop_2025-05-22,ayon_329,아연? 내 이름인뎅,2025-06-03,sweetshop
1176,sweetshop_2025-05-22,10eunchan_5,다이소에 디게 한거 있는데,2025-06-25,sweetshop
1177,sweetshop_2025-05-22,nick38317,종합제리에 팡터졌어요.,2025-05-28,sweetshop
1178,sweetshop_2025-05-22,m_un____,직접 만들어 주세요 언니,2025-06-27,sweetshop
1179,sweetshop_2025-05-22,dustjqkr,이거 피스타치오 들어간거 진짜 ㅠㅠ 제리 식감아니고 약간 떡같고 진짜 마싯는데 ㅠㅠ,2025-05-31,sweetshop
1180,sweetshop_2025-05-22,tweak_doll,나니아 연대기 2는 봤는데😅,2025-05-22,sweetshop
1181,sweetshop_2025-05-22,gerbok12,저는 저거 싫어해요. 식감도 맛도 저랑은 안맞더라구요,2025-05-23,sweetshop
1182,sweetshop_2025-05-22,_mmlleook_,터키쉬딜라잇을 이제 먹어본다고요?😮😮 이건 SNS 시작하시기도 전에 드셨을 줄 알앗찌이,2025-05-23,sweetshop
1183,sweetshop_2025-05-20,bangsieun68,🔥 섹시푸드!!🔥,2025-05-20,sweetshop
1184,sweetshop_2025-05-20,everyday_3016,광고도 기가막히게 잘 하시는 사장님❤️😍,2025-05-20,sweetshop
1185,sweetshop_2025-05-20,ssmj.yh,와사비 어디꺼예요,2025-05-21,sweetshop
1186,sweetshop_2025-05-20,daqlzufk11,오 피자헛 오랜만에 먹어봐야겠다,2025-05-20,sweetshop
1187,sweetshop_2025-05-20,dyunniii_,파마산 치즈가루도 맛있는데,2025-05-25,sweetshop
1188,sweetshop_2025-05-20,1nyeuom,나뉴불공,2025-06-16,sweetshop
1189,sweetshop_2025-05-20,play_eat_goe,어쩜 이사장은 피자를 막 먹는 모습도 되게 예쁜거에요? ㅋㅋㅋㅋ,2025-05-20,sweetshop
1190,sweetshop_2025-05-18,n___ht,아니 중간에 김밥 왜먹냐고요 ㅋㅋㅋ,2025-05-18,sweetshop
1191,sweetshop_2025-05-18,hiskyhi,만들기전에 몇개를 입에 넣는겈ㅋㅋㅋㅋㅋㅋㅋㅋㅋ,2025-05-18,sweetshop
1192,sweetshop_2025-05-18,hakunamatata_906,우와 진짜 해먹어 보셨따아! 식빵 없는날 남편 아침밥 만들어주다가 도전해본건데 대단한 발견한 느낌! 뿌듯함 폭발해버려용 ❤️,2025-05-19,sweetshop
1193,sweetshop_2025-05-18,biz_hertz,갑자기 카스테라에서 김밥은 무슨😂😂,2025-05-19,sweetshop
1194,sweetshop_2025-05-18,ejn3lovelees,발뒷꿈치 ㅋㅋㅋㅋㅋㅋㅋ,2025-05-19,sweetshop
1195,sweetshop_2025-05-18,luminous.1968,발뒤꿈치 디지버졐ㅋㅋㅋㅋㅋㅋㅋㅋㅋㅋㅋㅋ,2025-05-19,sweetshop
1196,sweetshop_2025-05-18,1_gnadevonj,롯데말고 오리온..,2025-05-19,sweetshop
1197,sweetshop_2025-05-18,rhdygkekqhruddl,어떻게 이렇게 재미있게 표현 하고 말 하지,2025-05-20,sweetshop
1198,sweetshop_2025-05-18,nyolihaneun,먹잘알들,2025-05-19,sweetshop
1199,sweetshop_2025-05-18,jiji.2549,@__.hanbi.__ 메론스프레드갖고 해 먹어봐봐!,2025-06-01,sweetshop
1200,sweetshop_2025-05-18,hj_______m,@hi_hi_in 이거 미쳤어ㅠㅠㅠㅠ,2025-05-18,sweetshop
1201,sweetshop_2025-05-18,zieun.nn,"@hello_yesuri 사와서 해먹어보렴,,,,,,,,,,,,,,",2025-05-24,sweetshop
1202,sweetshop_2025-05-18,_eunyeong,@uom__uom @mungayoung 내일 해먹는다,2025-05-24,sweetshop
1203,sweetshop_2025-05-18,imhyiseob38,오?! 맛나게따,2025-05-18,sweetshop
1204,sweetshop_2025-05-18,pop50610,달고나쿠키 12트,2025-05-19,sweetshop
1205,sweetshop_2025-05-18,rrran_0,@sung__ahhh 와 주말에 카스타드 사온다,2025-05-19,sweetshop
1206,sweetshop_2025-05-18,jang.yun93o,크림치즈로도 해조요,2025-05-20,sweetshop
1207,sweetshop_2025-05-18,oi_qp_,@yoows8323 오,2025-05-24,sweetshop
1208,sweetshop_2025-05-18,yeongjun9031,카스타드 한입 물고 숨 들이 마시면 알코올 맛 난다던데,2025-05-26,sweetshop
1209,sweetshop_2025-05-18,cmdsyoon2,이거해먹어보쟈 ㅋㅋㅋ @hyeongin.jo @another0829,2025-05-26,sweetshop
1210,sweetshop_2025-05-18,hyonee7,@spchloe17 메론스프레드를 쓸때가 왔오,2025-05-26,sweetshop
1211,sweetshop_2025-05-18,hye.ji___s,@m.0ii_ 이거였군,2025-05-27,sweetshop
1212,sweetshop_2025-05-18,h_hrin7,@sung_woo__95 해볼랭,2025-05-27,sweetshop
1213,sweetshop_2025-05-18,_jjjjuu__,찰떡파이@에어프라이에 10분 …극락입니다,2025-05-28,sweetshop
1214,sweetshop_2025-05-18,ryubeckie,오리온이 훨씬 맛있음,2025-06-04,sweetshop
1215,sweetshop_2025-05-18,miso_jang7747,후레쉬베리도 가능할듯,2025-06-14,sweetshop
1216,sweetshop_2025-05-18,yonghyun_120921,누나 카스테라 토스기에 구어 먹어봐 ㅈㅁㅌ 이야 ㄹㅇ,2025-06-15,sweetshop
1217,sweetshop_2025-05-18,espressivo_jj,"왜 때문에 밥테일 재질이,,,,??",2025-06-16,sweetshop
1218,sweetshop_2025-05-18,love83iris,메론 스프레드 국내에서는 못구하나용? 😢,2025-06-16,sweetshop
1219,sweetshop_2025-05-18,lee.sr____,아 집에 스프레드 많은데 해야징❤️‍🔥,2025-06-17,sweetshop
1220,sweetshop_2025-05-18,my._jin,카스타드 겉만먹는저,2025-06-20,sweetshop
1221,sweetshop_2025-05-18,xyz.xongyezy,근데 속사포오지심,2025-06-21,sweetshop
1222,sweetshop_2025-05-18,xyz.xongyezy,인강 세배속기분,2025-06-21,sweetshop
1223,sweetshop_2025-05-18,tygerr09,은근 미미같은 느낌도 있으심,2025-07-03,sweetshop
1224,sweetshop_2025-05-18,gimsiyul5570,메론 스프레드,2025-07-05,sweetshop
1225,sweetshop_2025-05-18,boyeon0813_,@cute_kjy 지여나 카스타드에 해보랩!!!,2025-07-21,sweetshop
1226,sweetshop_2025-05-18,l.y.s_89,@yongolee_ 집에 스프레드있징??,2025-07-22,sweetshop
1227,sweetshop_2025-05-18,tid.sayluv,위에 인바르구 굽기만해두 맛있을까요?🔥,2025-07-22,sweetshop
1228,sweetshop_2025-05-18,nfkfkddkkd,누나 진짜 목소리 무서워,2025-07-25,sweetshop
1229,sweetshop_2025-05-17,hyokiki_,귀여웡,2025-05-17,sweetshop
1230,sweetshop_2025-05-17,minn_xiz,와 닌자로 푸딩아이스크림 해먹기 너무 맛있어보인다..,2025-05-17,sweetshop
1231,sweetshop_2025-05-17,cookey787777,마싰겠다😍😍,2025-05-17,sweetshop
1232,sweetshop_2025-05-17,z._.xin1661,오 신박하다!! 역시 먹잘알 이사장님과 단골님들!,2025-05-17,sweetshop
1233,sweetshop_2025-05-17,chxun0,저거 닌자 크리미인가 맞죠!!저도 저거 사고 싶었거덩요ㅠㅠ얼마정도 했어요??,2025-05-18,sweetshop
1234,sweetshop_2025-05-17,hj_s2_v,설탕막이 안만들어지는게..너무 적게 뿌리셔서 그런거 아니신가여??좀 넉넉히 부어야 할거같아여,2025-07-06,sweetshop
1235,sweetshop_2025-05-17,kimminji2645,천재😍,2025-05-18,sweetshop
1236,sweetshop_2025-05-17,rkdjjajang_jjambbong,설탕을 평평하게 더 두껌게 뿌리셔야 할거 같애용,2025-05-17,sweetshop
1237,sweetshop_2025-05-17,soo_jin140,우와👏대박😯🙉,2025-06-02,sweetshop
1238,sweetshop_2025-05-17,yunwooa_b,닌자... 사보려했는데 가격대가..😢,2025-05-17,sweetshop
1239,sweetshop_2025-05-17,sj._.110b,설탕 많이넣어야 되요,2025-05-28,sweetshop
1240,sweetshop_2025-05-17,soo_jin140,우와👏대박😯🙉,2025-05-30,sweetshop
1241,sweetshop_2025-05-17,soo_jin140,우와👏대박😯🙉,2025-05-26,sweetshop
1242,sweetshop_2025-05-17,sm.ail1156,크림 브륄레는 설탕시럽을 전자레인로 녹인다음 시럽을 부어야 하고 이사장님이 설탕을 너무 적게 뿌렸어요,2025-06-20,sweetshop
1243,sweetshop_2025-05-17,jesuslove138,설탕 그냥 쏟아 부어야돼요,2025-05-18,sweetshop
1244,sweetshop_2025-05-17,kan_070715,설탕을때려넣어야되여평평하고,2025-06-08,sweetshop
1245,sweetshop_2025-05-17,aqweddd2,닌자가 갑,2025-05-19,sweetshop
1246,sweetshop_2025-05-17,glruhsv,원래 푸딩은 계란이랑 우유 크림 등등으로 만들어서 불로 지져도 안 녹고 타는데 저건 그냥 푸딩 키트라 지질때 설탕이랑 같이 녹아버려서 그런것 같아용,2025-05-17,sweetshop
1247,sweetshop_2025-05-16,minn_xiz,와 진짜 맛있겠어요 ! 🤤,2025-05-16,sweetshop
1248,sweetshop_2025-05-16,z._.xin1661,으ㅏㅏㅏ 맛있겠다 ❤️❤️❤️❤️,2025-05-16,sweetshop
1249,sweetshop_2025-05-16,yun_gun_family,17기 옥순 닮았네..?????,2025-05-17,sweetshop
1250,sweetshop_2025-05-16,kim_yul_13,언니! 저 육회 진짜 좋아하는데 더 맛있게 먹는법 알려줘서 감사해요!,2025-05-16,sweetshop
1251,sweetshop_2025-05-16,suyen0427,크 먹잘알 🔥👏👏,2025-05-16,sweetshop
1252,sweetshop_2025-05-16,o1.11.1z,저 먹어볼게요!!,2025-05-17,sweetshop
1253,sweetshop_2025-05-16,xxflare_,설탕 1 소금0.5 후추 깨 참기름 적당히 넣고 마늘을 다지지 말고 얇게 슬라이스 해서 먹으면 육회 정말 맛있습니다…,2025-05-25,sweetshop
1254,sweetshop_2025-05-16,giny.on,불닭소스 스틱 탐나욥🤤🤤🤤🤤,2025-05-16,sweetshop
1255,sweetshop_2025-05-16,rami__0216,저는 불닭맛이랑 기본 기름장이랑 막장이랑 세개 만들어서 먹는데 육사시미랑 육회의 언저리 느낌이 하.... 세가지맛으로 골라 먹는 맛이 있어서 행복해요ㅠㅠ,2025-05-16,sweetshop
1256,sweetshop_2025-05-16,aleumna365,천재,2025-05-16,sweetshop
1257,sweetshop_2025-05-16,bj_seoyi,노른자도 딱 👏👏👏👏👏👏 🙋‍♀️,2025-07-10,sweetshop
1258,sweetshop_2025-05-16,by._.oon,마라육회가 그렇게 맛있습니다😍,2025-06-07,sweetshop
1259,sweetshop_2025-05-16,jieun6977,@hunjejeong 해줭...😢😍,2025-05-19,sweetshop
1260,sweetshop_2025-05-16,jo.21,@a_r1125 이거 찐,2025-05-22,sweetshop
1261,sweetshop_2025-05-16,_mmlleook_,역시 먹잘알 👍 📝,2025-05-16,sweetshop
1262,sweetshop_2025-05-16,binee_1bitestudio,이건 반칙이다🫨🫨🫨,2025-05-16,sweetshop
1263,sweetshop_2025-05-16,__siia_2,@mina_444425 엇 나오늘 소스만들어머것는디,2025-05-17,sweetshop
1264,sweetshop_2025-05-16,nyolihaneun,맵찔이에요,2025-05-18,sweetshop
1265,sweetshop_2025-05-16,zathamraization,불닭소스 안들어간 기본고추장소스 레시피도 궁금해요😙🤞,2025-05-19,sweetshop
1266,sweetshop_2025-05-16,minkyung5244,육회 좋아해서 집중하는데 코끝에 흰털하나 계속 보여 집중 흐트러짐요.,2025-05-20,sweetshop
1267,sweetshop_2025-05-16,mat_soolsa,넘 맛있어보여요ㅠㅠ,2025-05-27,sweetshop
1268,sweetshop_2025-05-16,nyam.nani,와 ㅠㅠ,2025-05-27,sweetshop
1269,sweetshop_2025-05-16,i5j1h7,미쳐따,2025-06-07,sweetshop
1270,sweetshop_2025-05-16,gs._.mom,@kimjt411 이거다 ㅠㅠ,2025-06-10,sweetshop
1271,sweetshop_2025-05-16,10eunchan_5,육회에 배홍동 소스 넣어서 마늘이랑 참기름 넣어서 먹으면 진짜 맛있어요!! 하..진짜 인생 레시피다..😍,2025-06-25,sweetshop
1272,sweetshop_2025-05-16,noxyux,@k_jione__ 댕장.. 먹고싶다,2025-07-05,sweetshop
1273,sweetshop_2025-05-16,yummy130701,맵찔이 이면 어떻하죠,2025-07-18,sweetshop
1274,sweetshop_2025-05-13,whats._.mean,"안녕하세요, 뭐랭하맨님, 뭐랭하님, 뭐랭님, 뭐님입니다",2025-05-13,sweetshop
1275,sweetshop_2025-05-13,mukorang,제주 가야게땽❤️,2025-05-13,sweetshop
1276,sweetshop_2025-05-13,kana_kanaya,마지막 다리길이 무슨일인교~~~~🤣🤣🤣 다시 돌려봤다요ㅋㅋㅋ,2025-05-15,sweetshop
1277,sweetshop_2025-05-13,z._.xin1661,마지막에 다리 길이가!!,2025-05-13,sweetshop
1278,sweetshop_2025-05-13,d___heeya,멜젓에 고추듬뿍썰어넣고 밥비벼서 고기 얻어먹어두 맛있어요!,2025-06-17,sweetshop
1279,sweetshop_2025-05-13,joyujin87,마지막 다리길이 머죠?! ㅋㅋㅋ😂😂😂😂😂,2025-05-20,sweetshop
1280,sweetshop_2025-05-13,rendn2024,여기 고기장이죠ㅛ?????,2025-06-08,sweetshop
1281,sweetshop_2025-05-13,jaeyoung0525,이 콜라보 대찬성,2025-05-13,sweetshop
1282,sweetshop_2025-05-13,parkyeon369,약과 만들어주세영! 2트,2025-05-16,sweetshop
1283,sweetshop_2025-05-13,uuee14y,다리 존나 기네요 ㅋㅋ🤣🤣,2025-05-14,sweetshop
1284,sweetshop_2025-05-13,soul_jang,괜히봤어~ 제주도 가야할거같아,2025-05-13,sweetshop
1285,sweetshop_2025-05-13,sildussss4,잘어울린다,2025-05-15,sweetshop
1286,sweetshop_2025-05-13,_mmlleook_,뭐님 보니까 고기 당긴다,2025-05-13,sweetshop
1287,sweetshop_2025-05-13,zx9918zx,@hyodii 멜젓 좋아하는 너가 봐야함,2025-05-15,sweetshop
1288,sweetshop_2025-05-13,mmm__7744,고기숙성과 칼질이 별루임 -고기러버 일반인-,2025-05-15,sweetshop
1289,sweetshop_2025-05-13,boribori_sky,제주돼짘ㅋㅋㅋㅋㅋㅋㅋㅋㄱㅋㄱㅋ,2025-06-01,sweetshop
1290,sweetshop_2025-05-13,power.byeol.bit,ㅋㅋㅋ 제주 돼지들 교육 ㅋㅋㅋㅋㅋ,2025-05-14,sweetshop
1291,sweetshop_2025-05-12,watermelonhwacha,ㅋㅋㅋㅋㅋ 근데 진짜 너무재미있어요😂😂😂😂😂,2025-05-20,sweetshop
1292,sweetshop_2025-05-12,sinmuele,자취하면 전부 해봐야겠네요🔥 존맛이겠당,2025-06-29,sweetshop
1293,sweetshop_2025-05-12,pd.agfe,서브 밥솥 권장영상...하나 들여야하나여...,2025-05-12,sweetshop
1294,sweetshop_2025-05-12,z._.xin1661,맛있겠다 ㅏ🔥🔥🔥,2025-05-12,sweetshop
1295,sweetshop_2025-05-12,j_a_n_e94,이사장님 엄니한테 혼날일만 남았네요 마라치킨도 모자라서... 생크림까지 밥솥청소 이사장님이 하실거쥬?,2025-05-13,sweetshop
1296,sweetshop_2025-05-12,koalajimink,즌짜 먹천재에요!!,2025-05-15,sweetshop
1297,sweetshop_2025-05-12,narae_haru,치밥은 사랑이에요😍,2025-07-16,sweetshop
1298,sweetshop_2025-05-12,__eess,"사장님, 혹시...중국 기름빵??아세요? 빵을 시럽에 절인건지 튀긴건지 기름처럼 뚝뚝 흐르던데 그게 너무 궁긍해요!!!!",2025-05-13,sweetshop
1299,sweetshop_2025-05-12,beti1963co,뼈빼고하는게 나을거 가태여.. 뼈하나 제대로 안바르면 목애 걸릴수도 이쓰니.. 그래두 치킨밥솥(?)밥 너무 맛잇어보여요😍 이사장님이 만드러서 그른가🔥,2025-05-12,sweetshop
1300,sweetshop_2025-05-12,i.alfl,밥물은 그대로 하고 치킨만 추가하신거에요?,2025-06-25,sweetshop
1301,sweetshop_2025-05-12,ro_skwnj_,언냐 너무 귀여워…❤️,2025-05-14,sweetshop
1302,sweetshop_2025-05-12,zzyxoxo,리조또!?,2025-05-27,sweetshop
1303,sweetshop_2025-05-12,imhyiseob38,오! 어? 음...,2025-05-12,sweetshop
1304,sweetshop_2025-05-12,ddoong_leg,믿고 먹는 레시피,2025-05-13,sweetshop
1305,sweetshop_2025-05-12,_yoobella_fit_,괴식인거 같지만 찐맛인듯😍,2025-06-14,sweetshop
1306,sweetshop_2025-05-12,with_s_snow,@seongyong.park.31 요거 괜춘한데?? 죽은 양념치킨을 살린 치밥이잖오,2025-05-12,sweetshop
1307,sweetshop_2025-05-12,qqqppop,와 맛있겠다,2025-05-16,sweetshop
1308,sweetshop_2025-05-12,sanggiha,우와..마라치킨 리소토가 되는거에요?ㅎㅎ,2025-05-25,sweetshop
1309,sweetshop_2025-05-12,lkyuhunl,밥솥: 그만...,2025-05-12,sweetshop
1310,sweetshop_2025-05-12,yunhajun39,아니 누나 나 다이어트 할 때 나오면 어떻게 당장 먹을겡,2025-05-13,sweetshop
1311,sweetshop_2025-05-12,pink_sky_2023,밥통 냄새는 어쩔~ 전용밥통으로 써야할듯😂,2025-06-17,sweetshop
1312,sweetshop_2025-05-12,lulu_dad93,치킨을 올려서 표정보면 내치킨아 떠나지마 하는표정 😂😂😂😂,2025-05-15,sweetshop
1313,sweetshop_2025-05-12,gnabhawag,밥솥에는 밥만 하죠,2025-05-12,sweetshop
1314,sweetshop_2025-05-12,dongwonpannel,아... 해보고 싶다 ㅋㅋ,2025-06-13,sweetshop
1315,sweetshop_2025-05-12,ukm_7777,리조또다,2025-05-13,sweetshop
1316,sweetshop_2025-05-12,isa._.n13,그니까 약과밥을 하시는거죠?,2025-05-13,sweetshop
1317,sweetshop_2025-05-12,parkyeon369,약과 만들어주세요! 1트,2025-05-16,sweetshop
1318,sweetshop_2025-05-12,ms._.k11,리얼 치밥,2025-07-17,sweetshop
1319,sweetshop_2025-05-12,huiseungchang,빠져든다 찰지다,2025-05-14,sweetshop
1320,sweetshop_2025-05-12,nyoungmommy,약간 인도요리 같은느낌 ㅋㅋ,2025-06-28,sweetshop
1321,sweetshop_2025-05-11,ksmi1210,프라ㄷ에서 뭐 사셨어요!!ㅎㅎㅎ,2025-05-11,sweetshop
1322,sweetshop_2025-05-11,__.maarrrrr.__,발토시 이런 거 찾고 있었는데 ㅠㅠ못찾고 포기중에 이사장님 발에서 찾았네요 ㅎㅎㅎ 어디서 사셨는지?? 😢,2025-05-11,sweetshop
1323,sweetshop_2025-05-11,rosemizip,이사장님 나랑 결혼해주쇼…😳 언니 너무 예쁘시자나….✨💕,2025-05-11,sweetshop
1324,sweetshop_2025-05-11,everyday_3016,겁내 이뻐여❤️❤️❤️ 언니 진짜 심쿵했어요,2025-05-11,sweetshop
1325,sweetshop_2025-05-11,cream_23555,이뻐서 진짜 매일마다 보는즁❤️❤️ㅎㅎ,2025-05-11,sweetshop
1326,sweetshop_2025-05-11,hommie__mama,이사장님 양갈래 찰떡이시네요?💫,2025-05-12,sweetshop
1327,sweetshop_2025-05-11,jjangnyanga,아니 저 청록색?모자 너무 잘어울리시는데요? 첫번째 사진 너무 잘생쁨❤️,2025-05-11,sweetshop
1328,sweetshop_2025-05-11,xvcyuuuk,이날 메이크업 진짜 다시봐도 정말 찰떡이셔요..,2025-05-12,sweetshop
1329,sweetshop_2025-05-11,eunbin.anne_,혼자 롯데월드 갔다가와써요??ㅎㅎㅎ,2025-05-11,sweetshop
1330,sweetshop_2025-05-11,leeso7879,맨날 음식만 봐서 이렇게 이쁠줄은...와,2025-05-17,sweetshop
1331,sweetshop_2025-05-11,imayun14,언니 넘 이뿐고아니야?,2025-05-11,sweetshop
1332,sweetshop_2025-05-11,somyuna0307,비율 무쳤땅..!❤️❤️ 3kg 찐거 맞음?,2025-05-23,sweetshop
1333,sweetshop_2025-05-11,surisurikisoori,립 알려주세여,2025-05-11,sweetshop
1334,sweetshop_2025-05-11,shoom.0521,7번째 사진 이뻐여,2025-05-18,sweetshop
1335,sweetshop_2025-05-11,rkdjjajang_jjambbong,언니가 이상한 유행 따라서 교복 안입고 잘어울리는 기여운 맨투맨에 양갈래 해서 너무 좋아요~~,2025-05-13,sweetshop
1336,sweetshop_2025-05-11,slalqlkdkwkqqq,ㅁㅊ 존예,2025-05-11,sweetshop
1337,sweetshop_2025-05-11,iseungjun3525,개이쁘다...,2025-05-11,sweetshop
1338,sweetshop_2025-05-11,zoi.se,"이사장님 골져스,,,,",2025-05-12,sweetshop
1339,sweetshop_2025-05-10,minn_xiz,엄청 간단하네요! 해먹어봐야겠어요,2025-05-10,sweetshop
1340,sweetshop_2025-05-10,z._.xin1661,오 이렇게ㅣ 쉽다니!,2025-05-10,sweetshop
1341,sweetshop_2025-05-10,sunny_jo44,김치 어디다 써두셨나여 ㅋㅋ 못 찾겠어용,2025-05-12,sweetshop
1342,sweetshop_2025-05-10,sweetshop_s2,아닠ㅋㅋㅋㅋㅋ유튜브에만 태깅해놓은걸 깜짝 했어요!!! 쿠팡에 <학가산김치> 인데,2025-05-17,sweetshop
1343,sweetshop_2025-05-10,_k.jin1x,이언닌 진짜 뭘하든 행복해보임 ㅋㅋㅋㅋ,2025-05-11,sweetshop
1344,sweetshop_2025-05-10,y2nx_eo1,오 1빠다,2025-05-10,sweetshop
1345,sweetshop_2025-05-10,cy131113,저거 떡잎인가 저거 초록색이면 안되지않음?,2025-05-10,sweetshop
1346,sweetshop_2025-05-10,ba_garamee,전주사람으로  후반을 살고 있는 노인으로서...그런 로망을 가져본 적이 이 늙은이만 업슬가요,2025-05-11,sweetshop
1347,sweetshop_2025-05-10,rhythmizm,그러취 이거지 ~!!!! 거기다 청양고추 캬!,2025-05-10,sweetshop
1348,sweetshop_2025-05-10,dht_airi20130,언니 콩나물 잘못 키우면 우유썩은네가 진동하니깐 조심해요🥲,2025-05-15,sweetshop
1349,sweetshop_2025-05-10,yyennique,이 영상을 콩불해먹으면서 보고 있는 나...알고리즘 무엇..,2025-05-10,sweetshop
1350,sweetshop_2025-05-10,gimyunha7205,김치 어디껀가요?,2025-05-14,sweetshop
1351,sweetshop_2025-05-10,kimminji2645,그래서ㅡㅡ 뭔가요,2025-05-11,sweetshop
1352,sweetshop_2025-05-10,yuya_blossom,@road_yujin 산다,2025-06-25,sweetshop
1353,sweetshop_2025-05-10,junerang_ggo,김치...어디껀가요,2025-05-16,sweetshop
1354,sweetshop_2025-05-10,s_n.min_,저는 피순대국밥이 굿,2025-05-11,sweetshop
1355,sweetshop_2025-05-10,haun_i13,오 그럼 돼지 국밥은......돼지를 키워야 돼나?....,2025-05-10,sweetshop
1356,sweetshop_2025-05-10,chris_is_afk,저 김치 딱봐도 맛있겠다..,2025-05-11,sweetshop
1357,sweetshop_2025-05-10,pop50610,달고나쿠키 10트,2025-05-10,sweetshop
1358,sweetshop_2025-05-10,soul_jang,콩나물국밥 먹고싶지도 않았는데 영상보니 먹고싶어져~,2025-05-10,sweetshop
1359,sweetshop_2025-05-10,alala_lggg,그래서 김치 뭔데!!,2025-05-10,sweetshop
1360,sweetshop_2025-05-10,_hahan_iii,콩나물 그늘진 어두운곳에서 안키우면 초록색으로 크고 독성 생기는데ㅜㅠㅋㅋㅋㅋ그래도 뭐..안죽으면 됐죠😂,2025-05-11,sweetshop
1361,sweetshop_2025-05-10,hyeon_woo89,김치 어디꺼?,2025-05-11,sweetshop
1362,sweetshop_2025-05-10,joondell417428,콩만 사서 다시 키워도 되긋당,2025-05-10,sweetshop
1363,sweetshop_2025-05-10,nyolihaneun,콩나물이 맛있다고?,2025-05-10,sweetshop
1364,sweetshop_2025-05-09,pinkwing86,나진짜모르는아저씨인줄알앗넼ㅋㅋㅋㅋㅋㅋㅋㅋㅋ😂,2025-05-10,sweetshop
1365,sweetshop_2025-05-09,hyunmi5941,요거요거 맛있어요 ^^,2025-05-09,sweetshop
1366,sweetshop_2025-05-09,yyy6998,첫맛 떡볶이가루 맛있어요~,2025-05-10,sweetshop
1367,sweetshop_2025-05-09,jinsbebemom,하나로마트 식자재에서 사서 먹어봤는데 진짜 맛있어요,2025-05-11,sweetshop
1368,sweetshop_2025-05-09,jeonmira1918,언니의 사실 적인 얼굴이 너무 이쁘네요 ㅎㅎ,2025-05-10,sweetshop
1369,sweetshop_2025-05-09,longdari1016,이거 사야겠다,2025-05-10,sweetshop
1370,sweetshop_2025-05-09,sseona.86,구매처좀부탁드려요ㅎ,2025-05-19,sweetshop
1371,sweetshop_2025-05-09,gerbok12,저거 맛있어요. 소용량 몇개 사서 쟁여둠,2025-05-21,sweetshop
1372,sweetshop_2025-05-09,from_jyb,진짜 어디 데꼬다녀도 뚝딱뚝딱이네,2025-05-28,sweetshop
1373,sweetshop_2025-05-09,soul_jang,오 캠핑이나 펜션가서 해먹으면 되겠다,2025-05-09,sweetshop
1374,sweetshop_2025-05-09,lulu_dad93,가루요리사=이장우,2025-05-21,sweetshop
1375,sweetshop_2025-05-09,z._.xin1661,우와 신기하다! 낙시가서 낙시안하고 요리만 하신다니ㅋㅋ,2025-05-09,sweetshop
1376,sweetshop_2025-05-09,9dsik2,되게 편하겠네요 대박,2025-05-11,sweetshop
1377,sweetshop_2025-05-09,huiseungchang,순대국밥 가루랑 떡볶이가루 어느거사면되나요,2025-05-14,sweetshop
1378,sweetshop_2025-05-09,huiseungchang,맵기정도는 어때여,2025-05-14,sweetshop
1379,sweetshop_2025-05-09,o81sy_,언니 떡볶이 젤리에ㅜ있는 가루로 떡볶이 해주세요,2025-05-16,sweetshop
1380,sweetshop_2025-05-09,_mmlleook_,우와!! 떡볶이 만드는게 가장 쉬웠어요 편,2025-05-09,sweetshop
1381,sweetshop_2025-05-09,guava_like_mango,와 떡볶이 비쥬얼도 폭력적이고 쌩얼도 폭력적이네,2025-05-11,sweetshop
1382,sweetshop_2025-05-07,zhoeun,만수르가 즐겨먹는건 바틸이래유..! 다른 대추야자보다 비쌈😢😢,2025-05-10,sweetshop
1383,sweetshop_2025-05-07,da_du_0120_0815,오 저는 이거 맛있게 먹었어요 ! 누가 선물해줘서 먹었는데 진짜 맛있었어요 다음에 내가 구매해서 사먹어야지하고 있다가 잊고있었는데 여기서 보네욬ㅋㅋㅋ,2025-05-08,sweetshop
1384,sweetshop_2025-05-07,beathome___,바틸데이츠 진짜 맛있어요! 특히 피스타치오맛 🤤,2025-05-13,sweetshop
1385,sweetshop_2025-05-07,luminuos_31,와..맛있을거 같아요..,2025-05-07,sweetshop
1386,sweetshop_2025-05-07,z._.xin1661,무슨 맛일까 .....? ㅋㅋ 근데 고냠이 짱긔,2025-05-07,sweetshop
1387,sweetshop_2025-05-07,remembersoo,대추야자의 단맛으로 건강한 케익도 만들어 먹고 블랜더로 갈아서 아이들 snack ball도 만들어 먹기 좋아요~^^,2025-05-07,sweetshop
1388,sweetshop_2025-05-07,many_affection97,뭔가 어디서 먹어본적 있는거 같단말이죠..😮 포장지가 낯이 익어유..,2025-05-07,sweetshop
1389,sweetshop_2025-05-07,xvcyuuuk,만수르랑 내 공통점. 만들기.. 대추야자먹고 이시려보기..,2025-05-08,sweetshop
1390,sweetshop_2025-05-07,rxv3w,저거 얼려서 먹으면 맛있어요!,2025-05-18,sweetshop
1391,sweetshop_2025-05-07,leeye6in,저거 반만 먹어도 진짜 겁나 단데,2025-05-09,sweetshop
1392,sweetshop_2025-05-07,pop50610,달고나쿠키 9트 제발,2025-05-09,sweetshop
1393,sweetshop_2025-05-07,seungribaek_,대추야자 중동 쪽에서 대따마니 먹는데 금종이? 은종이 막 감싸거나 뿌려서,2025-05-07,sweetshop
1394,sweetshop_2025-05-07,leesoonduckk,@ujeong2ya 언니냐가 보내준거다 ㅋㅋ 이거 겁나 맛있었는디 ㅠ,2025-05-16,sweetshop
1395,sweetshop_2025-05-07,ruina1225,@kcy0706 우리 두바이에서 먹은거다,2025-06-23,sweetshop
1396,sweetshop_2025-05-07,alohaa__jjing,@narae_519 이고 저번에 현이오빠가 사온 과자 같은디😮😮,2025-05-08,sweetshop
1397,sweetshop_2025-05-06,yalan12418,그니까.. .. 생크림 베이스 육수에 건더기로 딸기가 들어간 차가운 국이군여.....?,2025-05-06,sweetshop
1398,sweetshop_2025-05-06,woori2335,쇠 숟가락 으로 꿀들어 있는거 먹으면 영양분 다 파괴해요ㅜㅜ,2025-06-14,sweetshop
1399,sweetshop_2025-05-06,z._.xin1661,저거 진짜 맛있어여 ㅠㅠ 저기에 요거트파우더 뿌리면 맛있어요!,2025-05-07,sweetshop
1400,sweetshop_2025-05-06,everyday_3016,아니 이렇게 간단한 레시피를,2025-05-06,sweetshop
1401,sweetshop_2025-05-06,h_m.x10,간단해서 해먹어봐야 겠어요!❤️ 생각보다 맛있다니 다행이네요!,2025-05-07,sweetshop
1402,sweetshop_2025-05-06,soiandsausage,기분 좋아진다 이거 보니까 😍❤️,2025-05-08,sweetshop
1403,sweetshop_2025-05-06,godzilladdongsmellsnice,으어 완전 성덕이시다 세진님 언늬 항상 응원하고 있구 오늘 영상도 너무 귀여워ㅓㅓ,2025-05-06,sweetshop
1404,sweetshop_2025-05-06,watermelonhwacha,진짜오늘 시험망해서 너무 많이힘들어는데 너무 웃겨서 눈물나옴😂😂😂😢😢😢😢,2025-05-20,sweetshop
1405,sweetshop_2025-05-06,pop50610,아아아아 달고나쿠키 8트!!~~~,2025-05-06,sweetshop
1406,sweetshop_2025-05-06,onyou0910,냉장고에는 없는게 없네요ㅋㅋ,2025-07-14,sweetshop
1407,sweetshop_2025-05-06,mijinxox,"생딸기에 얼음,꿀 없이 생크림을 살짝 적시는 정도로 부어서 먹어도 새콤 고소 하고 맛있어요!",2025-05-29,sweetshop
1408,sweetshop_2025-05-06,pinkwing86,오우...??,2025-05-06,sweetshop
1409,sweetshop_2025-05-06,minn_xiz,이사장님표 대왕 망고시루 만들어주세욤!❤️,2025-05-06,sweetshop
1410,sweetshop_2025-05-06,ekrhtm02,역시 괴식의 천재! ㅋㅋㅋ,2025-05-07,sweetshop
1411,sweetshop_2025-05-06,nayun3813,@jeon_unni_ 언니!❤️ 이거 만들어 주세요❤️❤️❤️❤️,2025-05-07,sweetshop
1412,sweetshop_2025-05-06,7nwwy,이거때매 휘핑크림 하나 하루만에 다먹엇다….,2025-05-09,sweetshop
1413,sweetshop_2025-05-06,ye1ect,@jeon_unni_ 언니… 언니가 먹는 거 보고싶어요…,2025-05-06,sweetshop
1414,sweetshop_2025-05-06,play_eat_goe,아니 요새 딸기 값은 싼데 맛은 없어거 안사먹었는데 지금 당장 마트갑니다 ㅋㅋㅋㅋ 이사장이 내수경제 다 살려요 진짜,2025-05-06,sweetshop
1415,sweetshop_2025-05-06,ol7l0f,저기에 밥말아 먹으면 맛있는데,2025-05-06,sweetshop
1416,sweetshop_2025-05-06,_mmlleook_,얼리면 아수쿠림?,2025-05-06,sweetshop
1417,sweetshop_2025-05-04,hyokiki_,우와아아 너무 맛있었겠다 😭😭😭😭,2025-05-04,sweetshop
1418,sweetshop_2025-05-04,double.jak,저도 먹어보고 싶네요~ 너무 예뽀요🥭🍇🥝🍉🍈🍒,2025-05-08,sweetshop
1419,sweetshop_2025-05-04,icaemi598,제주도?,2025-05-06,sweetshop
1420,sweetshop_2025-05-04,km1n_.s0,재료 어디서 샀어요?,2025-05-04,sweetshop
1421,sweetshop_2025-05-04,everyday_3016,드디어 기다리고 기다리던 쫀득쿠키❤️❤️ 언니 갬동이자나!!! 고마워여,2025-05-04,sweetshop
1422,sweetshop_2025-05-04,hanjiu854,옹,2025-05-05,sweetshop
1423,sweetshop_2025-05-04,jung54873,제주도,2025-06-29,sweetshop
1424,sweetshop_2025-05-04,kellyfornia_c,우와😍😍😍,2025-05-04,sweetshop
1425,sweetshop_2025-05-04,psh_._._,혈당 바로 상승,2025-06-16,sweetshop
1426,sweetshop_2025-05-04,__hyeoning_,아프리카?!,2025-05-10,sweetshop
1427,sweetshop_2025-05-04,sweetpurple11001,이야..자를때 안 찐득거리네요. 무슨 마법을 사용한거에요!,2025-05-11,sweetshop
1428,sweetshop_2025-05-04,seo___eun2,제주도 보육원 !!!,2025-05-09,sweetshop
1429,sweetshop_2025-05-04,ho.ong2ya,맛이읎을수가읎다,2025-05-06,sweetshop
1430,sweetshop_2025-05-04,0oc.io0,동결건조 산 시장 어디에요 !!ㅠㅠㅠ,2025-05-05,sweetshop
1431,sweetshop_2025-05-02,_usnny,육회에 배가 없네요,2025-05-02,sweetshop
1432,sweetshop_2025-05-02,face.four.free,저도 이석증 겪어봐서 어지러움 굉장히 공포죠... 메니에르는 더 심할텐데 ㅠㅠ 스트레스를 줄여야해요ㅠㅠ 현대인에게 스트레스는 공공의 적이지만.... 적절한 스트레스 해소와 휴식이 최고입니다.. 응원합니다 ㅠㅠ,2025-05-02,sweetshop
1433,sweetshop_2025-05-02,morinoutacohea,으 저도 메니에르에요.  넘었는데 작년에 갑자기 확 안좋아져서 소리가 거의 안들렸다가 몇 주 지나니까 괜찮아졌어요... 당시에 매일 새벽 퇴근했던게 문제였더라구요. 😂 잠을 못자니까 콜레스테롤과 간수치도 올라가더라구요. 건강 조심하세요.,2025-05-02,sweetshop
1434,sweetshop_2025-05-02,oh_hong_oh,물 많이 드시고 짜게 드시지 마시고 잠 많이 주무셔야 합니다 😢 화이팅,2025-05-05,sweetshop
1435,sweetshop_2025-05-02,dayoon0415,육회에 깨가 없나(?),2025-05-02,sweetshop
1436,sweetshop_2025-05-02,yeseul0410,언니 육회 맛있게 먹으면 된거지 !,2025-05-02,sweetshop
1437,sweetshop_2025-05-02,z._.xin1661,이사장님! 메니에르가 뭔지는 모르겠지만 건강해야돼요!,2025-05-02,sweetshop
1438,sweetshop_2025-05-02,sx.eun_01,운니 배 어디갔어?..,2025-06-15,sweetshop
1439,sweetshop_2025-05-02,yunh_oo_,이명이 들린다면 메니에르에 가깝고 어지럽고 눈을 감았을때 더 어ㅓ지럽다면 이석증에 가까운거 같아요 (2개 다 있는 경험자),2025-05-04,sweetshop
1440,sweetshop_2025-05-02,one_door_030904_sh,챔기름?,2025-05-03,sweetshop
1441,sweetshop_2025-05-02,everyday_3016,언니 요리 하시는데 이렇게 멋지게,2025-05-02,sweetshop
1442,sweetshop_2025-05-02,dear.120615,메니에르 초기때 적극적으로 치료하세요. 저희아들도 메니에르로 약먹고있는데 초기때 알아차리지 못하고 만성이돼서 심해져서 치료하려니 완치라는게 없더라구요. 심할때 약먹는게 다에요😢,2025-05-04,sweetshop
1443,sweetshop_2025-05-02,_sujin.o__o,"저는 첫째 임신헸을 때 첫 발병이였는데, 입덧이 심한줄 알았어여.. 세상이 빙글뱅글 그땐 약도 못먹었는데 ㅠ.ㅠ 육아하다 한 번 더 발병했고, 또 좀 피곤하면 그런 낌세가 나타나옄ㅋㅋㅋㅋㅋ 그럼 하던 일 멈추고 자러갑니당 총총 관리잘하히여.ㅠㅠ",2025-05-02,sweetshop
1444,sweetshop_2025-05-02,b_d12.25,저두.. 덩치가 좋은데.. 빈혈이 있다고;;ㅠㅠ 철분제도 드시고 보나링에이정도 드셔보세요 🥲 저도 이석증 아님 메니에르 같은데.. 시골 촌구석에서 전문 병원을 가기가 힘들다보니 그냥 약만 사와서 컨디션 안좋을때 하나씩 먹어주고 있어요 심할땐 하루 3~4알을 먹으며 버텼는데.. 지금은 다행히 하루 한알만 먹고 있네요 꼭 추천드려요~,2025-05-03,sweetshop
1445,sweetshop_2025-05-02,yalan12418,"메니에르병은 어지럼증, 청력 감소, 귀울림, 귀 먹먹함 등의 증상이 갑작스럽고 반복적으로 생기는 질병을 의미합니다........ 언니 당장 주소 찍어요.. 제가 언니 누워만 있어도 될 정도로 열심히 간호할께요..",2025-05-02,sweetshop
1446,sweetshop_2025-05-02,ihajun1539,기립성 저혈압,2025-05-04,sweetshop
1447,sweetshop_2025-05-02,ssaphy,다진마늘이 빠짐,2025-05-04,sweetshop
1448,sweetshop_2025-05-02,_sxu.y14,췜기름이…빠졋따,2025-05-04,sweetshop
1449,sweetshop_2025-05-02,kimssung3287,메니에르는 짠것도 조심하셔야 해요😂,2025-05-03,sweetshop
1450,sweetshop_2025-05-02,mtui.486,배,2025-05-28,sweetshop
1451,sweetshop_2025-05-02,8ggggssss,배??,2025-06-28,sweetshop
1452,sweetshop_2025-05-02,hongyexxi,배 빼먹으셧네요,2025-06-17,sweetshop
1453,sweetshop_2025-05-02,seol.in.soo,참깨소스랑 길쭉한 야채,2025-05-03,sweetshop
1454,sweetshop_2025-05-02,coeeunhyeog717,참기름?,2025-05-03,sweetshop
1455,sweetshop_2025-05-02,y.un.2a,배를 썰어놓고 안넣었엌ㅋㅋ,2025-06-04,sweetshop
1456,sweetshop_2025-05-02,kan_070715,육회에맛있는배🍐가없어,2025-06-08,sweetshop
1457,sweetshop_2025-05-02,yoo_chaerin13,언니 참기름😢,2025-06-03,sweetshop
1458,sweetshop_2025-05-02,_mmlleook_,오회가 빠짐... 아니.. 정답은 배,2025-05-02,sweetshop
1459,sweetshop_2025-05-02,gangdahyeon7400,배를 썰어놓고 깜빡ㄱ해ㅛ오요...ㅠ,2025-06-01,sweetshop
1460,sweetshop_2025-05-02,fhzl020,"메니 6년차에요 보나링 없을때 보나링 츄어블또는 이지롱 멀미약 , 순간 어지러울때 누워있는게 최고있데 그게안되면 화한 사탕드시면 좋아요 껌은 순간 귀압을 낮춰주지만 오래씹으면 귀압이 올라서 더어지러워요 저만의 방법이에요 아주 조금이나마 도움되셨으면 좋겠습니다 아프지마세요 늘 좋은영상 만들어주셔서 감사합니다❤️",2025-06-03,sweetshop
1461,sweetshop_2025-05-01,damiie_p,친구래도 믿겠어요😢 이모라니..,2025-05-01,sweetshop
1462,sweetshop_2025-05-01,yoen.suu_,조카분 잘생겻다.,2025-05-02,sweetshop
1463,sweetshop_2025-05-01,eunbin.anne_,요구르트 얼러먹는게 국룰이죠오!!ㅎㅎ 저 어릴때 많이먹었어용ㅎㅎㅎ 그리고 요구르트 요거트아이스크림 맛있겠다요💕,2025-05-01,sweetshop
1464,sweetshop_2025-05-01,z._.xin1661,맛있겠다! 조카분이랑 또래같아요! (크흠),2025-05-01,sweetshop
1465,sweetshop_2025-05-01,rami__0216,현타 안오냐 했을땤ㅋㅋㅋㅋ 너무 웃겨서 아무것도 생각이 안나요 ㅋㅋㅋㅋㅋ 미치겠어요,2025-05-01,sweetshop
1466,sweetshop_2025-05-01,jaengguri,몇살이세요? 😍,2025-05-02,sweetshop
1467,sweetshop_2025-05-01,koo0_90,9n년생은 무조건 공감하는 요구르트 먹는 법ㅋㅋㅋㅋㅋㅋㅋㅋㅋㅋㅋㅋ🥹🫶,2025-05-01,sweetshop
1468,sweetshop_2025-05-01,olxyee_,조카분 디게 잘생기심,2025-06-27,sweetshop
1469,sweetshop_2025-05-01,everyday_3016,광고도 잘하는 이모❤️❤️ 아니 언니 #전혀 이모 같지 않은데여,2025-05-01,sweetshop
1470,sweetshop_2025-05-01,hhyyeeoz,요거트 아니고 진짜 요구르트맛....?!!,2025-05-02,sweetshop
1471,sweetshop_2025-05-01,hyoeun._.719,"으에??? 요구르트는 돌려서 물어뜯음 한방울씩 나오는거 마시는게 국룰 아녔어요??? 난 아직도 그렇게 먹는디,,,",2025-05-01,sweetshop
1472,sweetshop_2025-05-01,taese_o_0409,너무 잘생겼어요!!!!!!!,2025-07-15,sweetshop
1473,sweetshop_2025-05-01,yeonwon3,와 조카 잘생겼어유,2025-05-31,sweetshop
1474,sweetshop_2025-05-01,hayoung_140728,조카분 잘생기셨ㄷㅏ,2025-06-10,sweetshop
1475,sweetshop_2025-05-01,hayoung_140728,조카분 잘생기신거 같기두…?,2025-06-10,sweetshop
1476,sweetshop_2025-05-01,15.07.07_,요규르트 뒤에뜯어서 쪽쪽빨아먹다 피본적 다수,2025-05-01,sweetshop
1477,sweetshop_2025-05-01,good.10_23,너무 동안이세요!!❤️,2025-05-03,sweetshop
1478,sweetshop_2025-05-01,oh_sej0,맛있겟다다,2025-05-01,sweetshop
1479,sweetshop_2025-05-01,minisol3,먹고 싶댜 ㅋㅋㅋ,2025-05-06,sweetshop
1480,sweetshop_2025-05-01,song_song4166,진짜 조카라고요???? 에이~~,2025-05-02,sweetshop
1481,sweetshop_2025-05-01,pop50610,가수 아님?,2025-05-01,sweetshop
1482,sweetshop_2025-05-01,face2_face3,사교육😂😂😂😂,2025-05-02,sweetshop
1483,sweetshop_2025-05-01,seoltang_love,잘생겨땅,2025-05-05,sweetshop
1484,sweetshop_2025-05-01,uxn.o81_,나는 엄마가 저래 줬는데ㅋㅋ,2025-05-03,sweetshop
1485,sweetshop_2025-05-01,gus._.sudk506090,아니 나06인데 항상 밑으로먼저 먹었는데…?,2025-05-02,sweetshop
1486,sweetshop_2025-05-01,r_h_b_1014,반대 아니에요? 삼촌이랑 조카? ㅎㅎ,2025-05-15,sweetshop
1487,sweetshop_2025-05-01,ganghanbyeol673,조카가몇살니에욜,2025-05-04,sweetshop
1488,sweetshop_2025-05-01,exn._y0,왐마 조카분이 얼굴이 충실하시네,2025-05-02,sweetshop
1489,sweetshop_2025-05-01,imhyiseob38,거짓말 부모님의 친조카겠지,2025-05-01,sweetshop
1490,sweetshop_2025-05-01,_mmlleook_,이사장님 너무 예뻐요 #용돈이필요함,2025-05-01,sweetshop
1491,sweetshop_2025-05-01,gyul.min09,걍 남매지간 같은데 뭔 이모지,2025-05-22,sweetshop
1492,sweetshop_2025-04-29,x.0jh4,언니 이거 엄청 크게 만들어줘!!,2025-04-29,sweetshop
1493,sweetshop_2025-04-29,yx1chen,그 예전에 호주에서 먹었던…치토스 미니 puff가 있는데 진짜 완전 짭잘하고 부드러워요…찾아봐도 없던데 한번 먹어주세요..,2025-04-30,sweetshop
1494,sweetshop_2025-04-29,maceron1030,저거 진짜 맛있음.. 캐나다에 사는데 저거 신맛나면서 단맛도나고 안에 있는 젤리도 맛있음..,2025-05-01,sweetshop
1495,sweetshop_2025-04-29,everyday_3016,언니 이 젤리로 꿀젤리 만들어 보시는 건어떠신가요??💕,2025-04-29,sweetshop
1496,sweetshop_2025-04-29,2_cherry_,소리안듣고 영상만 보는데 침 쥬릅🤤,2025-04-29,sweetshop
1497,sweetshop_2025-04-29,vick4420,사장님. 이거 주먹만하게 만들어주세요!!!! ㅋㅋㅋㅋㅋㅋㅋ,2025-04-29,sweetshop
1498,sweetshop_2025-04-29,ye_eun1407,우아앙 30초전!! 저두 이 젤리조아해효❤️,2025-04-29,sweetshop
1499,sweetshop_2025-04-29,belunabae,이거 진짜 겁나 겁나 겁나 겁나 겁나 겁나 겁나 겁나 겁나 겁나 겁나 겁나 겁나 겁나 겁나 겁나 맛있습니다,2025-04-30,sweetshop
1500,sweetshop_2025-04-29,ddydi_d,저거 파랑색 베리맛이 진인인인이짜 맜있음,2025-07-25,sweetshop
1501,sweetshop_2025-04-29,xxltzxx,이거 파랑색 먹어야함 파랑색이 진리 파랑색 마시슴 👍,2025-05-06,sweetshop
1502,sweetshop_2025-04-29,i3_d0hvn,로프젤리 동그라미로 만든거 아님?,2025-07-23,sweetshop
1503,sweetshop_2025-04-29,lost.in.typing,"영국 왕실에도 납품됐었던 cadbury 초콜릿 marvelous creations 맛이요 엄청 진한 초콜릿 안에 파핑캔디, 젤리, 해바라기씨초콜릿까지 들어있어요 그냥 cadbury는 한국에서도 구할 수 있는데 marvelous 맛은 영국이랑 호주, 캐나다에만 있어서 이거 사러 영국 다시 다녀왔어요",2025-05-01,sweetshop
1504,sweetshop_2025-04-29,skylar__y,이거 파랑색이 더 맛이쪄용,2025-04-29,sweetshop
1505,sweetshop_2025-04-29,hyoiting,@yureasong @takkkom @heunbi93 @summericot 이고핫한거엿네 ❤️,2025-05-08,sweetshop
1506,sweetshop_2025-04-29,sweetshop_s2,제품이 궁금하신분들은 제가 프로필 쿠팡링크에 걸어놨어용!!! 혹시 못찾으시겠으면 댓글달면 보내드릴게요 ㅎㅎ,2025-04-29,sweetshop
1507,sweetshop_2025-04-29,kd_ifferent,@knbum0419 보이냐고,2025-07-07,sweetshop
1508,sweetshop_2025-04-29,orangeyminerva,이거 먹어봤는데 맛은 있는데 막 엄청 맛있진 않고 그냥 그랬어요 엄청 달았어요,2025-04-30,sweetshop
1509,sweetshop_2025-04-29,_onlyjiji,이거 완전 맛있어요 ㅋㅋㅋㅋㅋㅋ,2025-04-29,sweetshop
1510,sweetshop_2025-04-29,sx.hw0n,35분전이당,2025-04-29,sweetshop
1511,sweetshop_2025-04-29,z._.xin1661,이거 크게 만들어 주세요!! 한번 먹어보고싶어요... 짝퉁만 먹어봤ㅇㅓㅠㅠ,2025-04-29,sweetshop
1512,sweetshop_2025-04-29,joy._.100,이사장님 이거 완죤 맛있어요!!!!!! 파랑색도 있는데 !!! 그래두 빨강이 더 제스타일~~~!!!!,2025-04-29,sweetshop
1513,sweetshop_2025-04-29,yewon725,이거 맛있어용😍,2025-04-29,sweetshop
1514,sweetshop_2025-04-29,c1e._.da,@zz.zl_lzry 이거 긴게 내가 좋아하는 그거야..윤더리가 향수맛난다햇던,2025-04-29,sweetshop
1515,sweetshop_2025-04-29,im.shar.on,이거 너무 맛있어요😋😍,2025-04-29,sweetshop
1516,sweetshop_2025-04-29,12.13.kr,약간 옛날 꼬치에 달린 그 젤리 느낌일지 궁금하당...,2025-04-30,sweetshop
1517,sweetshop_2025-04-29,jeslvnv,오 사먹어볼께요 🙌,2025-04-30,sweetshop
1518,sweetshop_2025-04-29,seoj_un2025,저거 개맛있지요!!,2025-04-30,sweetshop
1519,sweetshop_2025-04-29,joohee277,이거 맛있는데,2025-04-30,sweetshop
1520,sweetshop_2025-04-29,s1_un13,누가 젼언니좀 태그해봐,2025-04-30,sweetshop
1521,sweetshop_2025-04-29,rhythmizm,너즈 오늘 구입해볼게요 호기심반 ㅋ,2025-04-30,sweetshop
1522,sweetshop_2025-04-29,haon.x2,그거 한국에도 구슬젤리(?) 라고 있어욤,2025-04-30,sweetshop
1523,sweetshop_2025-04-29,saram0826,젤리 손만하게 만들어주세요!,2025-04-30,sweetshop
1524,sweetshop_2025-04-29,coeyubin316,졸리 캔디 제발 진짜 존맛탱이에요ㅜㅜ 진짜 한전만 드셔보세요ㅜ,2025-04-30,sweetshop
1525,sweetshop_2025-04-29,imhyiseob38,나젤리,2025-04-30,sweetshop
1526,sweetshop_2025-04-29,sx_ixu1,이가 진짜 겁나 맛있음,2025-04-30,sweetshop
1527,sweetshop_2025-04-29,psu6656,@sh_.0112 괌에서 미친듯이 먹은 젤맄ㅋㅋ,2025-04-30,sweetshop
1528,sweetshop_2025-04-29,llyyjj_,근데 이거 우리나라 어린이 헬로카봇 젤리도 저렇게 생겼더라고욬ㅋㅋㅋ,2025-04-30,sweetshop
1529,sweetshop_2025-04-29,hoing588,저거 맛있어야!!!!!!!!!!!!!!!!!,2025-05-01,sweetshop
1530,sweetshop_2025-04-29,i.needchipotle,Nutter butter 긴말 필요없고 먹어봐여,2025-05-01,sweetshop
1531,sweetshop_2025-04-29,_bitter.and.sweet,4D젤리 ㅋㅋㅋㅋㅋ 엄청 쫠!!!!깃!!! 탱글,2025-05-01,sweetshop
1532,sweetshop_2025-04-29,jung.dh90,쿠팡링크요,2025-05-01,sweetshop
1533,sweetshop_2025-04-29,barbiiii_an,쿠팡에 연결 안나오는데요?,2025-05-01,sweetshop
1534,sweetshop_2025-04-29,ahreum_world_,언니 영상보다 구매 했는데 하루만에 한봉 다 먹었어요 맛있어요,2025-05-01,sweetshop
1535,sweetshop_2025-04-29,coehabin15,마씻겠다ㅏㅏㅏㅏㅐㅐㅐㅏㅏㅏㅏㅏㅏㅏㅏㅏ,2025-05-01,sweetshop
1536,sweetshop_2025-04-29,zzzinhayoung,@ssoooooyoung @yujiin1025 @einelia12 파랑이 더 맛있대 🤍,2025-05-01,sweetshop
1537,sweetshop_2025-04-29,j_a_n_e94,네슬레에 버터핑거라고하는 초코바(?)있어요 겉은 초콜렛인데 안에 달고나랑 땅콩버터가들어있어요 존맛탱이예요 댓글 쓰면서도 먹고싶다...🤤,2025-05-02,sweetshop
1538,sweetshop_2025-04-29,hey_you.n,이거 파란색이 찐이에요,2025-05-02,sweetshop
1539,sweetshop_2025-04-29,burn_null,Sour patch 라는 젤리!,2025-05-02,sweetshop
1540,sweetshop_2025-04-29,daun_lena_,파랑색 존맛탱이에요!!!!! 하와이서 딱 1봉지만 사온거 먹자마자 걸무새가... ㅠㅠㅠㅠ,2025-05-02,sweetshop
1541,sweetshop_2025-04-29,h__arang.k,저거 우리집 주유소 근처에 팔는데 7천원..그리고 저거 파란색도 있음,2025-05-02,sweetshop
1542,sweetshop_2025-04-29,_e_jeong__,저듀용,2025-05-02,sweetshop
1543,sweetshop_2025-04-29,d.w0on,@esiw00n 내 최애 젤리잔ㄹ어,2025-05-02,sweetshop
1544,sweetshop_2025-04-29,_y.sl6,저거 진심 존맛탱임,2025-05-02,sweetshop
1545,sweetshop_2025-04-29,moskey220523,미국사는데 요즘.중독인. . 감자칩 Lay’sㅡSalt & vinegar추천합니다.😊,2025-05-02,sweetshop
1546,sweetshop_2025-04-29,yurim1206,이거괌여행갈때마다 애들엄청샀어요!,2025-05-06,sweetshop
1547,sweetshop_2025-04-29,hizzanga22,링크좀보내주세용~~,2025-05-06,sweetshop
1548,sweetshop_2025-04-29,jeongeun221,아..이불위에서..,2025-05-06,sweetshop
1549,sweetshop_2025-04-29,doraemiromi,@lead_0808 헐ॱଳ͘ 내가 좋아했던 거 유명해질라나봐 왕창 사와줘,2025-05-06,sweetshop
1550,sweetshop_2025-04-29,_hitit.08,저거 완전 합법적 마약임 존맛탱!!,2025-05-06,sweetshop
1551,sweetshop_2025-04-29,sori_na__,@_kyunii__ 여보 이거 사됴,2025-05-07,sweetshop
1552,sweetshop_2025-04-29,rosewhang,저도 이거 좋아해요~~!!😍,2025-05-08,sweetshop
1553,sweetshop_2025-04-29,1101lhr,개인적으론 파란색이 훨씬 더 맛나요,2025-05-10,sweetshop
1554,sweetshop_2025-04-29,schoyun,일본 파인 아메 캔디 레전드야!!,2025-05-15,sweetshop
1555,sweetshop_2025-04-29,famous0412,저요 먹ㅇㆍㄱ봄요,2025-05-20,sweetshop
1556,sweetshop_2025-04-29,jineu_nhee,이거 한국에서도 팔아요!! 이름이 구슬모양젤리 라고 팔아용!!!,2025-05-22,sweetshop
1557,sweetshop_2025-04-29,seung_a1253,이거 그냥 로프젤리 자른거 아닌가,2025-05-23,sweetshop
1558,sweetshop_2025-04-29,ariel_yubin,파란색이 더맛있음,2025-06-01,sweetshop
1559,sweetshop_2025-04-29,lvloms,Airheads 먹어주세요!!,2025-06-06,sweetshop
1560,sweetshop_2025-04-29,juhyeon.98,@ydlp_718 너가 좋아하는거다,2025-06-20,sweetshop
1561,sweetshop_2025-04-29,hyem.92,@aldus563 이고당,2025-06-21,sweetshop
1562,sweetshop_2025-04-29,gabrielkbass,밖에 알맹이는 신데 안에 있는 젤리는 달콤하죠 ㅋㅋㅋㅋ,2025-06-28,sweetshop
1563,sweetshop_2025-04-29,00_ice.1river_,저거 완전 인생 젤리임. 왜 이제서야 이 친구를 찾았는지 후회될 정도,2025-07-01,sweetshop
1564,sweetshop_2025-04-29,kelia.oh,맛은있는데 저는 엄청 달았어요.. 그래도 맛은 있으니 먹어보세요!,2025-07-02,sweetshop
1565,sweetshop_2025-04-29,um.22_,"@__zico.park 출장가면 이거 사와 ,,",2025-07-05,sweetshop
1566,sweetshop_2025-04-29,0ritkr,동결건조 스키틀즈요!! 타겟에서 사먹어봤는데 레전드였어요!!🔥🔥🔥,2025-07-12,sweetshop
1567,sweetshop_2025-04-29,hansuye1,내 최애 젤리다!!!❤️,2025-07-24,sweetshop
1568,sweetshop_2025-04-29,chaei_soi_mom,요거 진짜 찐 존맛탱 젤리😍,2025-07-25,sweetshop
1569,sweetshop_2025-04-29,0ritkr,스키틀즈 동결건조 드셔보셨나요!! 진짜 맛있어요!! 꼭 먹어주세요!! 감사합니다!!👏🔥,2025-07-25,sweetshop
1570,sweetshop_2025-04-29,reethmnblues,대존맛 ㅠㅠㅠ 최애까까,2025-07-27,sweetshop
1571,sweetshop_2025-04-29,mnj_0629,@zumung_ 먹어봐바!!!,2025-07-27,sweetshop
1572,sweetshop_2025-04-28,z._.xin1661,오! 아이스 플랜트 소리 같아요! 어떤맛인가요!,2025-04-28,sweetshop
1573,sweetshop_2025-04-28,h.yulim,두릅.소고기.두릅.소고기 이런식으로 산적꼬치 맛있어요😍,2025-04-28,sweetshop
1574,sweetshop_2025-04-28,minheeya_,이거 겁나맛나요ㅎ 두릅튀김은 애들도 먹어요ㅎ,2025-04-28,sweetshop
1575,sweetshop_2025-04-28,hvvaye0n,너무 이뽀,2025-04-28,sweetshop
1576,sweetshop_2025-04-28,a_hee.story,ㅋㅋㅋㅋㅋ마이크 빠져있는데 녹음 어떻게 된거에요?ㅋㅋㅋㅋㅋㅋ,2025-04-29,sweetshop
1577,sweetshop_2025-04-28,2gamin,두릅전!!,2025-04-28,sweetshop
1578,sweetshop_2025-04-28,dadadalim1,저두 두릅 튀겼어요 남은건 장아찌 했습니다,2025-04-28,sweetshop
1579,sweetshop_2025-04-28,_mmlleook_,최고다 머리도 좋으셔👏👏👏,2025-04-28,sweetshop
1580,sweetshop_2025-04-28,_mmlleook_,아 마이크..😂😂😂😂그래도 소리 다 담김🙌,2025-04-28,sweetshop
1581,sweetshop_2025-04-28,seyeon162,두릅장아찌해먹으면맛있어요!!,2025-04-28,sweetshop
1582,sweetshop_2025-04-28,aeng_jooooo,두릅 장아찌~~~,2025-04-28,sweetshop
1583,sweetshop_2025-04-28,siahn_811,데쳐서 초장 😍,2025-04-28,sweetshop
1584,sweetshop_2025-04-28,yeoulson,삼겹살에 대쳐서 같이워먹으면 맛있는데,2025-04-28,sweetshop
1585,sweetshop_2025-04-28,pop50610,달고나쿠키 7트,2025-04-28,sweetshop
1586,sweetshop_2025-04-28,pristine_sky97,저 두릅의 특유의 향이 싫어서 아직도 기피하는 음식중 하나ㅠㅠ,2025-04-28,sweetshop
1587,sweetshop_2025-04-28,da_yeeee,두릅김치가 있데여 저도안먹고 파는거 구경만 해봤어요,2025-04-28,sweetshop
1588,sweetshop_2025-04-28,yum._.ees2,두릅튀겨먹으면진짜맛잇어요,2025-04-28,sweetshop
1589,sweetshop_2025-04-28,gimhyinaemi3283,저도 봄되면 밭에 두릅나무에서 꺽어다가 튀겨서 ㅅㅓ비스로 손님들한테 많이 드렸어요^^ 생각외로 손님들 진짜 좋아하시더라구요~,2025-04-28,sweetshop
1590,sweetshop_2025-04-28,jihyun_2014,두릅 골뱅이 무침할때 드셔보세요 골뱅이 양념하고 잘어울려요,2025-04-29,sweetshop
1591,sweetshop_2025-04-28,luciente_s2,베이컨 파말이같이 두룹을 고기에 말아서 먹으면 맛있어요😍,2025-04-29,sweetshop
1592,sweetshop_2025-04-28,jinmi210,부침개 해먹어봐요!,2025-04-29,sweetshop
1593,sweetshop_2025-04-28,iam_jiidoriii,계란말이한거랑 두릅넣고 두릅김밥!!!!!!!! 계란이 두툼해야 더 맛있어요,2025-04-29,sweetshop
1594,sweetshop_2025-04-28,jjo._.mh,"저희는 중국집하는데요,",2025-04-29,sweetshop
1595,sweetshop_2025-04-28,hyunah1126,두릅 데쳐서 삼겹살이랑 같이 먹어보세요!!! 두릅에 초장 찍어서 삼겹살이랑 같이 쌈 싸 먹듯이 먹으면 진짜 맛있어요!!,2025-04-29,sweetshop
1596,sweetshop_2025-04-28,ganghyomin49,두릅 보으바,2025-04-30,sweetshop
1597,sweetshop_2025-04-28,yeo.xun6,저거 저희아빠가 두릅 하셔서 많이 해먹음!!,2025-04-30,sweetshop
1598,sweetshop_2025-04-28,0106__1221,두릅튀김 맛있다고 많이드시면 탈나요 ㅎㅎ 뭐든 적당히 드세요!,2025-04-30,sweetshop
1599,sweetshop_2025-04-28,jjyubeulring78,두릅튀김맛있죠~게다가 치킨파우더로튀겨서 더맛났겠어요👏새콤달콤 두릅장아찌도 담아보세요~,2025-05-01,sweetshop
1600,sweetshop_2025-04-28,y.ji0_n,익혀서 초장에 찍어드세용 두룹숙회,2025-05-01,sweetshop
1601,sweetshop_2025-04-28,somlynn721985,신랑친구들모임에서 두릅튀김해주고 엄지척 받았었지.진짜 맛남,2025-05-01,sweetshop
1602,sweetshop_2025-04-28,sheep_eunjee,두릅장 담궈서 고기랑 먹으면 맛있어요!,2025-05-02,sweetshop
1603,sweetshop_2025-04-28,lina_surlhayool_0813070328,두릅 별로 안 좋아하는데 두릅튀김은 진짜 맛있어요!!!,2025-05-02,sweetshop
1604,sweetshop_2025-04-28,cxloy7,두릅 중에서 빳빳한거 말고 부드러운 두릅을 삶아다가 초장이랑 같이 먹으면 맛있는데.. 두릅 튀김도 맛있겠네요,2025-05-02,sweetshop
1605,sweetshop_2025-04-28,santa_gorani,저희집은 두룹짱아찌했오요!ㅎ,2025-05-03,sweetshop
1606,sweetshop_2025-04-28,una.ring,두릅 데쳐서 초장에 찍어먹는게 젤 맛나드라구요 전 초딩때부터 묵엇슴다 ㅋㅋ,2025-05-03,sweetshop
1607,sweetshop_2025-04-28,coysssssss,두릅튀김 진짜 존맛탱🤤🤤🤤,2025-05-05,sweetshop
1608,sweetshop_2025-04-28,sy_gaeul0721,두릎잎쪽에소고기다짐육양념한거얹어서전굽듯이꾸버먹어도맛있어용,2025-05-10,sweetshop
1609,sweetshop_2025-04-28,ijeongi6012,두릅전해드세여,2025-05-25,sweetshop
1610,sweetshop_2025-04-28,parkyeon369,마라탕에 너주세욥 😢👏👏,2025-05-31,sweetshop
1611,sweetshop_2025-04-28,ljh6684,아 허당인데귀욥당ㅎ,2025-06-02,sweetshop
1612,sweetshop_2025-04-28,yanghaeseong918,마라탕이나 라면에 넣어먹어 주세요😍😍,2025-06-09,sweetshop
1613,sweetshop_2025-04-28,a___pat,이사장님 마이크 어떤거에용??,2025-06-13,sweetshop
1614,sweetshop_2025-04-28,hippie_hippieee,살짝 데쳐서 초장찍어먹는게 젤 마싓어여..,2025-06-15,sweetshop
1615,sweetshop_2025-04-28,syasya78378,저걸로 탕후루 만들어 주세영,2025-06-25,sweetshop
1616,sweetshop_2025-04-26,everyday_3016,그래도 어또케요!! 쓸모 없는게 제 취향인걸 ㅋㅋㅋㅋㅋ❤️,2025-04-26,sweetshop
1617,sweetshop_2025-04-26,z._.xin1661,ㅋㅋㅋ 근데 쓸데없는거 자꾸 사게돼요ㅋㅋ혹시 이사장님도?,2025-04-26,sweetshop
1618,sweetshop_2025-04-26,eunbin.anne_,인정합니당ㅋㅋㅋㅋㅋㅋ 쓸모없는 물건을 자꾸 사는 1인이지만 그래도 쑬모없는 물건을 쓸모 있는 물건으로 변신 합니다ㅋㅋㅋㅋㅋ,2025-04-26,sweetshop
1619,sweetshop_2025-04-26,parkyeon369,아니 꼭 마트가면 이상하게 그냥 망 땡김 꼭 엄청 좋아하는 것도 아닌 데 꼭 사고 싶음 그러고 한달 뒤 구석에 박혀 있음 그래서 엄마한테 욕 꼭 먹음,2025-04-27,sweetshop
1620,sweetshop_2025-04-26,chill_haza,쓸모없는거 살때가 제일 기분이 좋거든 ㅋㅋㅋ,2025-04-28,sweetshop
1621,sweetshop_2025-04-26,imhyiseob38,쓸모 없는것도 쓸모 있게 만드시자나요.....,2025-04-26,sweetshop
1622,sweetshop_2025-04-26,songgaon1,나는 마트와 가지고를 라티아오라고 들었는데.. 나만 그럼?,2025-05-25,sweetshop
1623,sweetshop_2025-04-26,ceolhyeon20,영상찍었잖애 한잔해,2025-04-27,sweetshop
1624,sweetshop_2025-04-26,yeseul0410,팔운동을 위한 쓸모 있네요!,2025-05-02,sweetshop
1625,sweetshop_2025-04-26,jn_0614,그게 나야.... 바둡바 두비두밥..,2025-04-26,sweetshop
1626,sweetshop_2025-04-26,pop50610,달고나쿠키 6트,2025-04-28,sweetshop
1627,sweetshop_2025-04-26,yalan12418,잠시나마 동심을 찾아줬으니... 쓸모있네요 ㅎㅎ,2025-04-26,sweetshop
1628,sweetshop_2025-04-26,20gaonnuri21,계단가야해요 저건!!!!,2025-04-30,sweetshop
1629,sweetshop_2025-04-26,happiness_.82,누나 슬라임 사줄ㅋ가요?,2025-04-26,sweetshop
1630,sweetshop_2025-04-26,haru._.tjf,그러다가 모든게 쓸모있어짐,2025-04-26,sweetshop
1631,sweetshop_2025-04-25,a_hee.story,오늘따라 너무나 즐거워 보이십니다?ㅋㅋㅋㅋㅋ,2025-04-25,sweetshop
1632,sweetshop_2025-04-25,pinkwing86,어 우리둘째가 어제 제모해달라 했었는뎈ㅋㅋㅋㅋㅋㅋㅋㅋㅋ 타이밍미쳐땈ㅋㅋㅋㅋㅋㅋㅋㅋㅋㅋㅋㅋㅋㅋㅋ 어디로 데려가면 되나요??? ㅋㅋㅋㅋㅋㅋㅋㅋㅋ,2025-04-25,sweetshop
1633,sweetshop_2025-04-25,giridietmemory3377,이사장님 막짤 웃는모습 넘 예뻐여❤️,2025-04-25,sweetshop
1634,sweetshop_2025-04-25,eunbin.anne_,뭔가 달고나 같아용ㅎㅎㅎ 파인애플 달고나ㅋㅋㅋㅋㅋ,2025-04-25,sweetshop
1635,sweetshop_2025-04-25,hiskyhi,진짜 찐 웃음이자낰ㅋㅋㅋㅋㅋㅋㅋㅋㅋ미치겠넼ㅋㅋㅋㅋㅋ,2025-04-26,sweetshop
1636,sweetshop_2025-04-25,z._.xin1661,진짜 행복해 보이신다ㅋㅋㅋ,2025-04-25,sweetshop
1637,sweetshop_2025-04-25,qkrtldjs_0129,와...이사장님...아나바다를 몸소 실천하시네요...진짜 생각도 못했어요ㅋㅋㅋ,2025-04-25,sweetshop
1638,sweetshop_2025-04-25,stareo93,안아파 먼소리야 ㅋㅋㅋㅋㅋㅋㅋㅋㅋㅋ 그뒤에 들려오는 외마디 비명 악! 🤣🤣🤣,2025-05-19,sweetshop
1639,sweetshop_2025-04-25,sysysy0122,즐기시는데요 😂,2025-06-10,sweetshop
1640,sweetshop_2025-04-25,im.ji_young,우와ㅎ,2025-04-27,sweetshop
1641,sweetshop_2025-04-25,jidongseok_ll,사약 인가요,2025-04-26,sweetshop
1642,sweetshop_2025-04-25,sweet_haruhari,왁ㅋㅋ마지막 너무시원하게 제모가ㅋㅋㅋ,2025-04-25,sweetshop
1643,sweetshop_2025-04-25,noahlee1995,사장님! DM 확인 한번 부탁드려도 될까요? 😂,2025-04-25,sweetshop
1644,sweetshop_2025-04-25,_hyoungs,ㅋㅋㅋㅋㅋㅋㅋㅋㅋㅋㅋㅋㅋㅋ 털탕후루 ???,2025-04-25,sweetshop
1645,sweetshop_2025-04-25,hdhy1x,역시 이사장님은 음식을 또 활용적으로 쓰시네요ㅋㅋㅋㅋ음식 낭비 안하시는거 너무 좋은거같아여,2025-04-26,sweetshop
1646,sweetshop_2025-04-25,from.jinhyuk,털후루ㄷㄷㄷ,2025-04-26,sweetshop
1647,sweetshop_2025-04-25,ilovemy_o.h,근데 그냥 뒀다가 조청이나 물엿처럼 요리에 쓰는건 안되나요?,2025-06-04,sweetshop
1648,sweetshop_2025-04-25,sunre_ee,슈가슈가슈가링~~~~,2025-05-06,sweetshop
1649,sweetshop_2025-04-25,jagalchi77,다리털 제모 ㅋㅋㅋ 😂,2025-04-25,sweetshop
1650,sweetshop_2025-04-25,h_doll_0214,진자대박이다,2025-07-10,sweetshop
1651,sweetshop_2025-04-25,imhyiseob38,엄..... 아.... 음....,2025-04-26,sweetshop
1652,sweetshop_2025-04-25,pop50610,달고나쿠키 5트,2025-04-28,sweetshop
1653,sweetshop_2025-04-25,90.21g,안보는건 없넼ㅋㅋ,2025-05-11,sweetshop
1654,sweetshop_2025-04-25,0_0jiyul,언니 그냥 달고나그릇 다시만들어먹어..,2025-04-27,sweetshop
1655,sweetshop_2025-04-25,jongwon9262,#탕후루,2025-04-25,sweetshop
1656,sweetshop_2025-04-25,kimsuhyeon5996,저 다리털 밀고 싶어요,2025-05-08,sweetshop
1657,sweetshop_2025-04-25,cha123467900,남친이? D,2025-05-14,sweetshop
1658,sweetshop_2025-04-25,sieu_n_7,나 필요한디..,2025-05-07,sweetshop
1659,sweetshop_2025-04-23,yalan12418,언니 너무 잘 먹어서 가게 사장님이 예뻐하시겠어요..ㅎㅎ,2025-04-23,sweetshop
1660,sweetshop_2025-04-23,z._.xin1661,우와 신기하다! 특이한음식도 잘드시는 이사장님! 멋지다! (저는 편식이 진짜 심해서ㅠㅠ),2025-04-23,sweetshop
1661,sweetshop_2025-04-23,everyday_3016,언니 원래두 이뻤지만 팬미팅 이후로 더 이뻐지신거 아니냐구요!!!❤️❤️ 나두 실물 보구 싶따ㅠㅠㅠ,2025-04-23,sweetshop
1662,sweetshop_2025-04-23,_____luvhee,당진 살지만 실치는 맛이 😅 각종 야채와 양념맛으로 먹기 ㅋㅋㅋㅋㅋㅋㅋㅋㅋㅋㅋㅋㅋㅋㅋㅋㅋㅋㅋㅋㅋㅋㅋㅋㅋㅋㅋ,2025-04-23,sweetshop
1663,sweetshop_2025-04-23,minn_xiz,식감이 참 궁금하네용… 꿀꺽,2025-04-23,sweetshop
1664,sweetshop_2025-04-23,9889956_bodam,남편이ㅋㅋ 택배로시켜서 먹었는데 저는못먹었어요 근데 식감이 생각보다 없데요😂😢,2025-04-23,sweetshop
1665,sweetshop_2025-04-23,hye_on79,매번 귀욤귀욤 이사장님❤️,2025-04-24,sweetshop
1666,sweetshop_2025-04-23,shaneeeee_hk,왜안불렀어영,2025-04-23,sweetshop
1667,sweetshop_2025-04-23,90.21g,사백어‘,2025-05-11,sweetshop
1668,sweetshop_2025-04-23,zoa373,전 당진  살앗는데 한번도 안먹어 밧어요 ㅋㅋㅋㅋㅋㅋ,2025-04-23,sweetshop
1669,sweetshop_2025-04-23,kimyeeun150824_,사백어,2025-04-25,sweetshop
1670,sweetshop_2025-04-23,jua000218,그거 외국에도 파는데 외국꺼는 위생이 않좋댔요!,2025-04-23,sweetshop
1671,sweetshop_2025-04-23,da.sxo1,헐랭,2025-04-23,sweetshop
1672,sweetshop_2025-04-23,_mmlleook_,밥.. 캬 역시 맛잘알,2025-04-23,sweetshop
1673,sweetshop_2025-04-23,chu_mmmmr,@dahipooh2002 눈치눈치,2025-04-29,sweetshop
1674,sweetshop_2025-04-23,eternal9791,실치회!^^,2025-04-23,sweetshop
1675,sweetshop_2025-04-23,nutwithpeace,실치는 사백어랑 다른거에요?!?! 제철이랑 생긴게 똑같네유!,2025-04-23,sweetshop
1676,sweetshop_2025-04-23,yan1212_s2,사백어도 먹어주세요😍,2025-04-23,sweetshop
1677,sweetshop_2025-04-23,noahlee1995,사장님! DM 확인 한번 부탁드려도 될까요? 😂,2025-04-24,sweetshop
1678,sweetshop_2025-04-23,m_ch0516,13주답글 달기,2025-04-24,sweetshop
1679,sweetshop_2025-04-23,my_yunseul_,비리진 않으셨어요? 전 전에 비려서 보는걸로만 만족해용,2025-04-24,sweetshop
1680,sweetshop_2025-04-23,april_sy92,잘먹는 거 넘 좋기좋아용!! 당진에 회먹으면 무료주차할 곳 있을까유..!,2025-04-25,sweetshop
1681,sweetshop_2025-04-23,pop50610,달고나쿠키 3트,2025-04-25,sweetshop
1682,sweetshop_2025-04-23,sihyeonbae2,사백어 아닌가?,2025-04-25,sweetshop
1683,sweetshop_2025-04-23,0518.1123,실치가 장어새끼에요?🙄🙄,2025-04-25,sweetshop
1684,sweetshop_2025-04-23,928.hwa,ㅎㅎㅎㅎ저도먹고왔잖아요🤩🤩🤩너무맛있엉 실치,2025-04-26,sweetshop
1685,sweetshop_2025-04-23,2h_.seo,사백어인줄ㅋㅋ,2025-04-27,sweetshop
1686,sweetshop_2025-04-23,hamjeongweon307,사백어 아니에요?,2025-04-27,sweetshop
1687,sweetshop_2025-04-23,jou_hae,사백어인가욥??,2025-04-27,sweetshop
1688,sweetshop_2025-04-23,kimyonggu_,사백어도 도전!!!,2025-04-27,sweetshop
1689,sweetshop_2025-04-23,jeon_dakyung0828,전 제입맛에는 안맞더라구요ㅜㅜ,2025-04-29,sweetshop
1690,sweetshop_2025-04-23,dhebsvde,맛있겠당😍,2025-04-29,sweetshop
1691,sweetshop_2025-04-23,3th_jan_97,찌리미,2025-05-02,sweetshop
1692,sweetshop_2025-04-23,_lyjun14,사백어인줄,2025-05-03,sweetshop
1693,sweetshop_2025-04-23,jxn_s7ar_12,사백어랑 같은거죠,2025-05-04,sweetshop
1694,sweetshop_2025-04-23,voo_91z,@seok2z 왜 우리 이거안먹엇어..?,2025-05-29,sweetshop
1695,sweetshop_2025-04-23,geon__woo12,다음엔 살아있는 사백어먹어주세요,2025-07-27,sweetshop
1696,sweetshop_2025-04-23,0202zzzz2,실치 맛있겠다,2025-07-28,sweetshop
1697,sweetshop_2025-04-21,i.intrinsic_motivation,"엇 이렇게까지 쓸 수 있군요. 다 있는데, 릴스 우선 저장합니다😍",2025-04-21,sweetshop
1698,sweetshop_2025-04-21,everyday_3016,언니의 먹방(?) 넘넘 조아여!❤️ 자주 해주세여 ㅎㅎ,2025-04-21,sweetshop
1699,sweetshop_2025-04-21,01.1103,규매 완료 해쓤당❤️❤️자다 일어나서 넘늦었규낭.. 선착순에는 못들었겠지만 ㅠㅠ,2025-04-21,sweetshop
1700,sweetshop_2025-04-21,z._.xin1661,ㅜㅠㅠ 진짜 이사장니ㅁ은 광고도 맛깔난다!,2025-04-21,sweetshop
1701,sweetshop_2025-04-21,jsep_2f,구매완료! 오늘만 기다렸어요!,2025-04-21,sweetshop
1702,sweetshop_2025-04-21,h_m_1118,세트까지는 ㅠㅠ 낱개로는 안 하시나요?!,2025-04-21,sweetshop
1703,sweetshop_2025-04-21,mmammam18183838,자취생은 너무 비싸😢😢 담엔 또 하면 꼭 살게유ㅠㅜㅠㅜ,2025-04-23,sweetshop
1704,sweetshop_2025-04-21,juliana_jjung,구매 완료용🙌,2025-04-21,sweetshop
1705,sweetshop_2025-04-21,imhyiseob38,애....애.....어린 애순이...,2025-04-21,sweetshop
1706,sweetshop_2025-04-21,parkjeho88,양배추 다라요,2025-04-22,sweetshop
1707,sweetshop_2025-04-21,jellyzoo_,"저는 계속 대기타다가 11시부터 금액댓글 남기고, 수정때까지 기다리다가 3분에 수정되자마자 샀는데 댓글보니 이상한 금액으로 그냥 사신분도 보이네요..선착순은 어떻게 되는건가요?",2025-04-21,sweetshop
1708,sweetshop_2025-04-21,ekdrms_32,금액이 이상하게 떠요ㅠ 그치만 선착순때문에 결제했는데 이사장님 확인해주세요 ㅠㅠ 순간당황해서 1분을 버려버렸지망요ㅠㅠㅠ😢,2025-04-21,sweetshop
1709,sweetshop_2025-04-21,j.hanbyeol_92,유투브보고 이사장님에게 영업당해(?) 바로 구매완료👏👏,2025-04-21,sweetshop
1710,sweetshop_2025-04-21,daqlzufk11,구매 완!,2025-04-21,sweetshop
1711,sweetshop_2025-04-21,akakakuu0,금액이 이상하게 떠도 선착순땜에 결제는 했오요ㅠㅠ 이사장님 확인해주세욤,2025-04-21,sweetshop
1712,sweetshop_2025-04-21,jjiwoo.pyo.jj,양배추찜 처돌이😆당장 구매합니다,2025-04-25,sweetshop
1713,sweetshop_2025-04-21,hwayeon0081,"금액 확인 하셔야 할 것 같아요 한세트 가격이 123,600원으로 찍힙니다😢",2025-04-21,sweetshop
1714,sweetshop_2025-04-20,everyday_3016,아니 왜 나는 음식만 보이냐구 ㅋㅋㅋㅋ❤️ 언니 저 자꾸 음식이 보여요 ㅋㅋㅋ찜기를 봐야 되는데,2025-04-20,sweetshop
1715,sweetshop_2025-04-20,e._.s0301,이거 부모님 없으실땨 먹으면 좋을거같아여!!! 너무 잘 써먹을거같으니 열시미 구해보겠슴다,2025-04-20,sweetshop
1716,sweetshop_2025-04-20,z._.xin1661,진짜 사고싶다!... 진짜 만능 👍 👍,2025-04-20,sweetshop
1717,sweetshop_2025-04-20,hiskyhi,살꼬닼ㅋㅋㅋㅋ🔥🔥🔥,2025-04-20,sweetshop
1718,sweetshop_2025-04-20,better.day_young,저 요즘 밥해먹기 넘 귀찮은데…뚝딱이 넘 편해보이쟈나영😲,2025-04-20,sweetshop
1719,sweetshop_2025-04-20,ekdrms_32,마침 만능찜기같은 편한거 찾고있었는데..ㅎㅎ😍 알림받기랑 캘린더로알림도 맞춰놧어요ㅎ 이사장님최고입니다😍,2025-04-20,sweetshop
1720,sweetshop_2025-04-20,yellpod,김치랑 소주는 있는데 찜기는 없어오 그니까 낼 달려가야지 ❤️‍🔥,2025-04-20,sweetshop
1721,sweetshop_2025-04-20,anunu.kr,당장 삼니다,2025-04-20,sweetshop
1722,sweetshop_2025-04-20,mi_inkk,알림 설정 완료❤️ 이사장의 만능 뚝딱쓰 못참지🔥,2025-04-20,sweetshop
1723,sweetshop_2025-04-20,skywhite_or_blue,회원가입은 안해도 되나요? 혹시 네이버 페이도 될까요 언니?❤️,2025-04-20,sweetshop
1724,sweetshop_2025-04-20,happiness_.82,웅니는 공구 안하나요? 웅니가 탐나는데,2025-04-20,sweetshop
1725,sweetshop_2025-04-20,ieudaldpq,찜기 사려고 알림 켜놓은 사람 나야 나…ㅎㅎ 웅니 김치찜부터 연어까지 다 따라해볼 예정이요 ㅠㅠㅠ,2025-04-20,sweetshop
1726,sweetshop_2025-04-19,yalan12418,언니 표정..ㅋㅋㅋ. 글구 오늘 얼굴 봐서 반가웠어여!!!!❤️,2025-04-19,sweetshop
1727,sweetshop_2025-04-19,z._.xin1661,이사장님 오늘 넘예쁘고 행복했어요!,2025-04-19,sweetshop
1728,sweetshop_2025-04-19,hyorin0111,남은 시럽으로 파인애플 사탕 만들어주세요,2025-04-19,sweetshop
1729,sweetshop_2025-04-19,e._.s0301,이거 드뎌 인스타에 올라오는구마ㅏㅏㄴ 언니!!ㅋㄱㄱㄱㄱㅋㅋ 아니 저거 따라만들다 냄비 태웠엉,2025-04-19,sweetshop
1730,sweetshop_2025-04-19,baggeumhui26,어우...보기에도넘달아보여요..😢,2025-04-19,sweetshop
1731,sweetshop_2025-04-19,ekrhtm02,어우 보기만해도. 입이 쪼그라들거같네! 😂😂😂😂😂😂,2025-04-19,sweetshop
1732,sweetshop_2025-04-19,pop50610,(레시피!) 달고나가 식기 전 초코칩 뿌리기!,2025-04-19,sweetshop
1733,sweetshop_2025-04-19,pop50610,달고나 쿠키 ㄱㄱㄱㄱㄱㄱㄱㄱ,2025-04-19,sweetshop
1734,sweetshop_2025-04-19,pop50610,달고나 ㄱㄱ,2025-04-19,sweetshop
1735,sweetshop_2025-04-19,seunghee0103,타~~~탕~~후,2025-04-19,sweetshop
1736,sweetshop_2025-04-19,coya_c0co_,파인애플 시럽넣은 티라미수,2025-04-19,sweetshop
1737,sweetshop_2025-04-19,geonwoo05,아구에 침고임. 영상에서 달고 신게 느껴짐.,2025-04-19,sweetshop
1738,sweetshop_2025-04-19,s2_77792,탕후루 만들어주세여..,2025-04-19,sweetshop
1739,sweetshop_2025-04-19,everyday_3016,언니 오늘 넘 수고 많았어여❤️,2025-04-19,sweetshop
1740,sweetshop_2025-04-19,gx_uun0,시럽으로 달고나ㄱㄱ,2025-04-19,sweetshop
1741,sweetshop_2025-04-19,j___hyerin,이사장님표 펑리수 가즈아!!!!!😍😍 최애쿠키입니다😍,2025-04-19,sweetshop
1742,sweetshop_2025-04-19,pinkwing86,어우 침 고인다아아아악,2025-04-19,sweetshop
1743,sweetshop_2025-04-19,pinkwing86,아 참고로 오늘 타임스퀘어에 이사장이라는 여신이 나타났다고 하던데... 보신분?!?!?!?!🔥🔥🔥🔥🔥🔥🔥🔥,2025-04-19,sweetshop
1744,sweetshop_2025-04-19,sen.2nn,탕후루 해먹으면 맛있을것같아여,2025-04-19,sweetshop
1745,sweetshop_2025-04-19,raptr_d,파인애플시럽으로 타래설탕,2025-04-19,sweetshop
1746,sweetshop_2025-04-19,gimyeongmil3,언니 사랑해 ❤️,2025-04-19,sweetshop
1747,sweetshop_2025-04-19,jiyoonkim53,남은거로 파인애플달고나해주세염❤️❤️,2025-04-20,sweetshop
1748,sweetshop_2025-04-19,iammizy,볼때마다 넘나 기여어용❤️,2025-04-20,sweetshop
1749,sweetshop_2025-04-19,0young_min_son0,귤도 해봐요여여여,2025-04-20,sweetshop
1750,sweetshop_2025-04-19,11_antonix,다음화는시럽처리영상인가요?😂,2025-04-20,sweetshop
1751,sweetshop_2025-04-19,guswns.01,달고나 한번 더 만드시져,2025-04-20,sweetshop
1752,sweetshop_2025-04-19,better.day_young,빙수위에 토핑으로 올려 먹어도 맛있을거 같아요!!🍨🍍🍍,2025-04-20,sweetshop
1753,sweetshop_2025-04-19,psk8603,만들어볼까 했었는데,2025-04-20,sweetshop
1754,sweetshop_2025-04-19,sundaycat,시럽…. 에이드 만들고…. 아이스티 만들고… 고기 요리해도 대박이겠어요ㅠ,2025-04-21,sweetshop
1755,sweetshop_2025-04-19,kaitkeem,시럽을 소주에 타먹으면 맛있을거 같아요!!!,2025-06-13,sweetshop
1756,sweetshop_2025-04-18,everyday_3016,뭐가 살쪄요!!!!!!!!❤️❤️ 언니 진짜 이쁘시니깐 빼지마유ㅠㅠ,2025-04-18,sweetshop
1757,sweetshop_2025-04-18,giridietmemory3377,이게 찌신거라구용??,2025-04-18,sweetshop
1758,sweetshop_2025-04-18,e._.s0301,요즘 만능찜기 엄청나온다..!❤️❤️,2025-04-18,sweetshop
1759,sweetshop_2025-04-18,na_young8922,아 이사댱님 봄두룹은 금두룹♡ 부럽다😍 어제부터 땡걓눙뎀,2025-04-18,sweetshop
1760,sweetshop_2025-04-18,homecatch_official,낼 팬들이 반할 정도로 이쁘심😀 팬싸도 하시고 성공한 인생👍,2025-04-18,sweetshop
1761,sweetshop_2025-04-18,xvcyuuuk,자취생 입장에서는 진짜 이거 너무너무너무너무너무 기다리고잇다구요~~~~,2025-04-18,sweetshop
1762,sweetshop_2025-04-18,mint__princess,언니 대기표? 마감되면 공지 혹시 올라오나요🥹🥹,2025-04-19,sweetshop
1763,sweetshop_2025-04-18,gimd26476,이사장님 내일 교보문고에서 봐요❤️❤️,2025-04-18,sweetshop
1764,sweetshop_2025-04-18,rosewaltz0108,찐것도 귀여우세요 ㅋㅋ,2025-04-23,sweetshop
1765,sweetshop_2025-04-18,jjiwoo.pyo.jj,언니 왜 살빼요ㅠ난 언니를 1g도 잃고싶지 않아유ㅠ,2025-04-22,sweetshop
1766,sweetshop_2025-04-18,gw90_4,살찌든 말든 이사장님은 예쁘셔,2025-04-18,sweetshop
1767,sweetshop_2025-04-18,z._.xin1661,빨리 만나구 싶다❤️❤️,2025-04-18,sweetshop
1768,sweetshop_2025-04-18,authornewlife,‘다욧’ 급(急)하‘다욧’!,2025-04-19,sweetshop
1769,sweetshop_2025-04-18,isiyeon899,팬싸인회 오늘 못 갔어요😭,2025-04-19,sweetshop
1770,sweetshop_2025-04-18,jjangnyanga,이사장님 뽑아주신 덕분에 찜기로 맛있는 김치찜 해먹었어요! 감사합니다😍😍,2025-04-22,sweetshop
1771,sweetshop_2025-04-18,happiness_.82,뭐가 살쨔 !!,2025-04-18,sweetshop
1772,sweetshop_2025-04-18,haru._.tjf,요즘 자꾸 찜기 어필을 사시는 언니..ㅋㅋㅋㅋ 이러니까 갖고싶네요♡ 암튼 언니 다이어트 완전 예뻐요 팬이에요 언니ㅠㅠ,2025-04-18,sweetshop
1773,sweetshop_2025-04-15,dragonha.j,아쉽지만 우승 트로피는 제가 가져가겠습니다 선배님 .,2025-04-17,sweetshop
1774,sweetshop_2025-04-15,yalan12418,역시 언니야.... ㅎㅎ 컨트롤 c + v 한 것 같아여! ㅋㅋㅋㅋㅋ,2025-04-15,sweetshop
1775,sweetshop_2025-04-15,hiskyhi,재미땈ㅋㅋㅋㅋㅋㅋㅋㅋㅋ,2025-04-15,sweetshop
1776,sweetshop_2025-04-15,everyday_3016,역시 광고도 넘 잘하시는 이사장님❤️,2025-04-15,sweetshop
1777,sweetshop_2025-04-15,rich0319,이사장님 광고는 언제나 신박해서 놀라울정도에요ㅋㅋㅋㅋㅋ 흡입력이 남다르셔~~,2025-04-15,sweetshop
1778,sweetshop_2025-04-15,moa_yeahhhh,뭐든 잘하시는 이사장님❤️❤️👏👏,2025-04-15,sweetshop
1779,sweetshop_2025-04-15,lulu_dad93,완두콩아닌가요 ㅋㅋㅋ,2025-05-09,sweetshop
1780,sweetshop_2025-04-15,hwnaglove,짜파게티 먹고싶다😢,2025-04-15,sweetshop
1781,sweetshop_2025-04-15,lahee_0128,언니 밤 12시 41분에 나 배고프게 만들지마..ㅋㅋ ㅠㅠ,2025-04-21,sweetshop
1782,sweetshop_2025-04-15,imhyiseob38,마딧겠따( 고백했는데 차임 ),2025-04-15,sweetshop
1783,sweetshop_2025-04-15,yxcloie,콩같은디,2025-04-15,sweetshop
1784,sweetshop_2025-04-15,z._.xin1661,사진 찍어서 합성하면 못 알아볼거 같네여!,2025-04-15,sweetshop
1785,sweetshop_2025-04-15,homecatch_official,2빠!!,2025-04-15,sweetshop
1786,sweetshop_2025-04-15,ssynnoo_,귀여워요이사장님 4빠에요,2025-04-15,sweetshop
1787,sweetshop_2025-04-15,ji.want12,1빠!!,2025-04-15,sweetshop
1788,sweetshop_2025-04-16,mingcu_te,자취생 꿀찜기네요.. 꼭 받구싶어요~!~!~!!,2025-04-15,sweetshop
1789,sweetshop_2025-04-16,jjuurriijjuurrii,꺄ヾ( 〃∇〃)ﾂ ｷｬｰｰｰｯ♡,2025-04-15,sweetshop
1790,sweetshop_2025-04-16,__sjing,아 저번 목살김치찜 너무맛있어서 두번해먹었는데!!! 이렇게 또 쉬운 레시피가 올라오다닛..! 찜기있으면 또 도전해보고싶어요!!!!,2025-04-14,sweetshop
1791,sweetshop_2025-04-16,hye_on79,증말 간단하고 시간 아끼고 웃으면서 바로 먹으니 더더 맛있겠다요오❤️🧡💛💚🩵💙💜🩷,2025-04-17,sweetshop
1792,sweetshop_2025-04-16,sr_yun99,언니 제가 김치요리를 진짜 좋아해요 이제 김치찌개는 어찌저찌 만들겠는데 김치찜은 조려야해서 가스비도 많이 나올 것 같고 여름에 하면 온 집안에 김치찜 열기에 더워질 것 같고...그렇다고 사 먹기에는 너무 비싸고 무엇보다 집에서 하는 맛이 안 나...! 만능찜기로 김치찜 만들어서 바로 인증샷 올릴테니 저 주세요ㅠㅠ,2025-04-14,sweetshop
1793,sweetshop_2025-04-16,ssuholic,손들어봅니다!! 자취생 아닌 애엄마이지만 후다닥 해먹을수있는 한그릇 레시피 사랑합니다😍,2025-04-14,sweetshop
1794,sweetshop_2025-04-16,2terna1luv,"다들 배달 음식을 드실 수 있지만.. 저는 건강이 좋지않아 좋아하는 배달 음식 먹구 싶어도 꾸우우욱.. 참으며 거의 끊은 지 오래 됐는데요!! 그래서 이젠 저도 요리해서 먹는 걸 참 좋아합니다!! 그리고 어쩔 수 없이 요리를 할 수 밖에 없는 환경!!!⭐️ 요리 할 때, 요리 끝나고 설거지 정리 등등 너무너무 귀찮지만 완성해내서 먹으면 너무 행복하더라고요😻 언니도 늘 결국 뚝딱뚝딱 요리 해내서 드시는 걸 보며 저도 한 번 더 배달 음식을 참고 요리 해 먹은 적이 많았어요 늘 영상 잘 보고 있습니다! 감사해요💕 보내주신 찜기 받으면 누구보다 의지 활활 태우며 또 건강하게 요리 열심히 해서 먹을 수 있는 계기가 될 것 같아요:)👩🏻‍🍳",2025-04-15,sweetshop
1795,sweetshop_2025-04-16,favernny,저 멀리 강원도에서 인천까지 대학온다고 상경한 스무살 자취초보에게 이런 유용한 제품의 은총이 꼭 내려오길 ㅜ ㅜ 언니 항상 영상 다시보며 기다리고 응원하고 잇오요..🫰🏻,2025-04-14,sweetshop
1796,sweetshop_2025-04-16,wowa_0_,"전자레인지 돌리면 그릇 뜨거워서 맨날 손 데이는데… 꿀템이다 이거,, 꼭 받고싶어여😢😢😢",2025-04-15,sweetshop
1797,sweetshop_2025-04-16,dayeonn_02,"언니 제가 청년주택 살아서 가스사용이 안돼요ㅠ 저 진짜 냠냠박사고 파인애플에 한 때 꽂혀서 뷔페가서 3접시 먹고 토한적도 있을만큼 식탐도 미쳤어요… 전자레인지로 봉지라면, 파스타, 두부유부초밥, 계란찜, 야채찌는 거를 전부 다이소 3000원 그릇에 해결하고 있어서 이 찜기가 너무 탐나네요🥹 저 진짜 잘해먹을 자신 있어요!! 김장도 제가 직접 할만큼 요리에 진심이랍니다❤️🙌",2025-04-15,sweetshop
1798,sweetshop_2025-04-16,hyerokkky,사실 김치로 많이 해먹으니까... 빨강용기가 넘나 필요하더라그여... 안그래도 비오는날 김치찜 땡겼는데 영상보니 더 먹고싶자나😂😂😂😂,2025-04-14,sweetshop
1799,sweetshop_2025-04-16,g_oct_191,우오ㅡ 얼린밥 데우는거 너무 유용한데요!‘,2025-04-14,sweetshop
1800,sweetshop_2025-04-16,on_viny_,먹고싶어 김치찜 먹고싶어요 간단뚝딱으로 먹고싶어요,2025-04-15,sweetshop
1801,sweetshop_2025-04-16,ohnesang,"@yubimi0, @hee_030109 아앙 너무너무 갖고싶네…🤤🤤",2025-04-14,sweetshop
1802,sweetshop_2025-04-16,chrysan.foxg,저요제발저요ㅜㅠ,2025-04-21,sweetshop
1803,sweetshop_2025-04-16,mi_inkk,"이걸 저녁 시간에 올리시다니,, 잔인한 이사장님😂 우리엄마 김치로 김치찜 해먹을 사람 저요저요,,,🙌🥹 댓츠 미",2025-04-14,sweetshop
1804,sweetshop_2025-04-16,zhu_we_e,항상 얼린 음식 해동해서 저녁 해결했는데 찜기 있으면 매 저녁 식사가 기다려질거 같아요ㅠㅠㅠ 안 그래도 실리만 찜기 탐나서 장바구니템이었는데!!!,2025-04-14,sweetshop
1805,sweetshop_2025-04-16,__rinnn_,안그래도 저런거 사고싶어서 어디꺼사지..좋아보이능건 생각보다 비싸네.. 하고있었는디 제발 이거 너무 갖고시퍼요 🥹 탐난다,2025-04-14,sweetshop
1806,sweetshop_2025-04-16,goomssi77,👏👏👏저요저요. 새벽작업후 허기질때 짱 필여해요. ㅜㅡㅜ,2025-04-14,sweetshop
1807,sweetshop_2025-04-16,yellpod,소주랑 김치는 있는데 찜기는 없어요 그니까 대충 많이많이많이많이 그 찜기가 필요하다는 뜻이에요... 잇츠미미미...,2025-04-14,sweetshop
1808,sweetshop_2025-04-16,mikyh_0522,외식 자주 안하고 집밥해먹는 자취러인데 얼린밥 데우는 것도 그렇고 전자레인지로 김치찜 하는것도 유용하네요!!!무엇보다 설거지가 줄어든다는 점이 마음에 들어요😍,2025-04-15,sweetshop
1809,sweetshop_2025-04-16,eunmirul,제발저요!!! 저요 저요 제발 저요 제가 아니면 안돼요 제발 저요 오직 이 날을 위해서 지금까지 살아왔어요 제발 제가 된다면 죽어도 여한이 없어요 제발 저요저요 저요 저요 제발 저요 저는 저요밖에 모르는 저요에요 저요저요 제발 저요,2025-04-14,sweetshop
1810,sweetshop_2025-04-16,jeongjuyeong929,실리콘으로된 전자레인지 용기라고 안뜨거운건 아니던데,2025-04-15,sweetshop
1811,sweetshop_2025-04-16,binsta9ram_,@jjjjeongyoon 🙋🏻‍♀️🙋🏻‍♀️자취는 하지만 식기가 없고 음식하기 귀찮음이 많아서 그냥 굶어버리는 우리 정윤이 주세여 전자렌지는 있답니다~🙋🏻‍♀️🎶💕🩷💕,2025-04-15,sweetshop
1812,sweetshop_2025-04-16,bb00ngchi,저도 가져보고싶어요..,2025-04-14,sweetshop
1813,sweetshop_2025-04-16,yms0_511,저용,2025-04-14,sweetshop
1814,sweetshop_2025-04-16,lee.si_hyun,자취 13년차인데 전자레인지 전용 찜기가 없어서 쿠팡이랑 사이트 본적은 있는데 가격이 사악해서 다음에 사자하고 당장 필요할땐 살걸 그랬나 후회하고 그랬어요ㅠㅠ편하게 찜기로 전자레인지 사용해보고싶어서 🙌들어봅니다❤️,2025-04-14,sweetshop
1815,sweetshop_2025-04-16,better.day_young,김치찜...너무 맛있겠다.. 노란뚝딱이 탐나요ㅋㅋㅋㅋㅋㅋ 이사장님 덕분에 자취생 레시피 너무 잘 애용하고있어요ㅠㅠ😭😭💛,2025-04-14,sweetshop
1816,sweetshop_2025-04-16,uuee14y,텐션 유지 하시는게 참 신기하네요,2025-04-14,sweetshop
1817,sweetshop_2025-04-16,so_ryang_,만능찜기...탐나요..,2025-04-14,sweetshop
1818,sweetshop_2025-04-16,choi__1989_42,만능찜기 갖고 싶어요🙌,2025-04-14,sweetshop
1819,sweetshop_2025-04-16,kaparli486,우리딸이 원합니다 만능찜기😍,2025-04-14,sweetshop
1820,sweetshop_2025-04-16,yeonn._.nn,자취생 간단 요리...만능 찜기라니 모든 키워드가 다 탐나요👀🫶 알차게 잘 사용할 수 있을 것 같아요!!!,2025-04-14,sweetshop
1821,sweetshop_2025-04-16,beebee_gram,저저 우삼겹 야채찜해서 다요트식단 하고싶어요!!,2025-04-14,sweetshop
1822,sweetshop_2025-04-16,mi_kkang_p,자취생 만능찜기라니🥹🥹🥹 예전부터 눈여겨 보고 있었는데 가격이 꽤나 나가서 마음속으로만 품고 있었어요... 이 기회에 저도 써보고 싶어요💕,2025-04-14,sweetshop
1823,sweetshop_2025-04-16,heevely1118,와...김치찜보고 추릅🤭 빨간 전자렌지 찜기용기 저도 써보고싶어여,2025-04-14,sweetshop
1824,sweetshop_2025-04-16,z._.xin1661,진짜 맛있겠다 ... 이사장님 레시피로 김치찜 만들었었는데 진짜 맛있었어요 👍,2025-04-14,sweetshop
1825,sweetshop_2025-04-16,happyless_3,요알못 자취생 웁니다😢😢,2025-04-14,sweetshop
1826,sweetshop_2025-04-16,onlymejustna,저도 배달비 아끼고 싶어요 … 전자레인지에서 꺼낼때 안뜨거운거 너무 신기해요 전자레인지가 제 키보다 위에 있어서 뜨거운거 꺼낼때 헹주꺼내고 뭐 꺼내고 하느라 너무 불편한데 보내주시면 이사장님 따라하다가 요리사 될 수 있을 것 같아요,2025-04-14,sweetshop
1827,sweetshop_2025-04-16,_y.geon.12_,오빠 아니 나 저녁으로 김치찜 먹고 잇는데 누나 영상이 떳어…,2025-04-14,sweetshop
1828,sweetshop_2025-04-16,v.v________,저요저요저요 불로하는요리 자신없는1인 여기 있어요 김치찜 해먹어보고싶어요👏👏👏,2025-04-14,sweetshop
1829,sweetshop_2025-04-16,ieudaldpq,자취할때 불키랴 머하랴 너무 불편했어요😂😂 저 만능찜기 진짜 너무 필요해요...ㅠㅠㅠㅠ저주셍요🥹🥹🥹🥹,2025-04-14,sweetshop
1830,sweetshop_2025-04-16,tjdrb0913,아니 이렇게 뚝딱 김치찜이 된다고요!!!!😮,2025-04-14,sweetshop
1831,sweetshop_2025-04-16,on.li_won,공구 해주시어요😢,2025-04-14,sweetshop
1832,sweetshop_2025-04-16,nqpr47w,..저요옷!!!! 지금@레시피 저 해봐야겠거든요??그니가 얼른 저욧!!❤️,2025-04-14,sweetshop
1833,sweetshop_2025-04-16,wesj1009,너무 좋아하는 메뉴중 하난데 설거지 때문에 요리하기 귀찮고 요리 과정도 내가 하기엔 복잡스럽고 결국 매일 대충 챙겨먹었는데 이 만능찜기만 있으면 모든 고민 해결!!!!! 그리고 첫번째 요리는 김치찜으로 결정 ❤️❤️❤️,2025-04-14,sweetshop
1834,sweetshop_2025-04-16,imhyiseob38,역싀 요리는 템빨^^,2025-04-14,sweetshop
1835,sweetshop_2025-04-16,yimy0310,저두 김치찜 먹구 싶어요,2025-04-14,sweetshop
1836,sweetshop_2025-04-16,ttetm0k,저 어제 냄비 태워먹엇서용. 지긋지긋해😇 전자레인지로 뚝딱 해먹고싶어요,2025-04-14,sweetshop
1837,sweetshop_2025-04-16,homeloveman,언니제발저요,2025-04-14,sweetshop
1838,sweetshop_2025-04-16,everyday_3016,우아!!! 언니 저는 기숙사생인데 가능한가요??? 진짜 사용하기 편할거 같은데요!!❤️,2025-04-14,sweetshop
1839,sweetshop_2025-04-16,happy_fishbread,제가 김치로 요리한 것 중에 김치찜을 제일 좋아합니다..ㅠㅠ 근데 김치찜 하려면 큰 냄비도 필요하고 … 화력 좋은 불도 필요하기 때문에 해먹기가 번거로웠어요 ㅠㅠㅠ 결국 비싼 배달로 눈을 돌리는 현상이 반복되었었죠🥺 내 돈..,2025-04-14,sweetshop
1840,sweetshop_2025-04-16,mi_rani_rani,이거이거🙌🙌 주부들도 사고싶은템!!!! 고딩딸아이 조금씩 요리해서 먹는법 가르치기도 좋은 불안하지않은 필수템🫶🫶,2025-04-14,sweetshop
1841,sweetshop_2025-04-16,bo687499,이사장님 #자취생필수품🤘 아닌 #직장맘필수품 입니나😍 밥 챙겨 먹어야 하는 씩씩한 대한민국 #직장맘 손들어요~~저요🙏🙏🙏,2025-04-14,sweetshop
1842,sweetshop_2025-04-16,zetagundal,"매번 요리하고 뒤처리하기 귀찮은 궁중팬, 숟가락, 집게... 어휴~ 이번 영상보니까 정말 편해보여요! 설거지 절반, 아니 획기적으로 줄일 수 있겠어요!!",2025-04-14,sweetshop
1843,sweetshop_2025-04-16,hee_gh_,힝 언제오픈하나여!! 3교대일하는데 맨날 가스렌지로 반찬하고하는거 넘귀찮아여 😢 전자렌지로 하다니 넘넘 편해보이는걸요!😍,2025-04-14,sweetshop
1844,sweetshop_2025-04-16,gg0ji._.0115,저요저요 자취n년차 색베임도 짜증나고 ㅋㅋ̄̈ㅋ꙼̈ㅋ̆̎ㅋ̐̈ㅋ̊̈ 저같이 귀차니즘 있눈 사람한테 딱이네유 설거지두 귀찮운데 뚜껑이 앞접시 역할도 해쥰다니!!!,2025-04-14,sweetshop
1845,sweetshop_2025-04-16,kkonerica,댓글🙌,2025-04-14,sweetshop
1846,sweetshop_2025-04-16,mmammam18183838,제발요 데발 제ㅏㄹ 제발 제발 저요 제발 ㄴ엄마가 보내준 김치가 한가득이에오 제발 오픈은 언제하나요 제발…..,2025-04-14,sweetshop
1847,sweetshop_2025-04-16,happy_syeoni_,곧 더워지는데 땀많은 애미는 아들 맘마를 불앞이아닌 렌지로 간편하게 조리할 수 있는 꿀템이네여!!! 탐이납니다🔥🔥🔥,2025-04-14,sweetshop
1848,sweetshop_2025-04-16,bbangbbang_hye_,"저요저요! 만능찜기로 김치찜도 해 먹고 계란찜, 채소 찜 다 하고싶어요🔥😍",2025-04-14,sweetshop
1849,sweetshop_2025-04-16,kwondohwa,저도 손 슬쩍 들어요! 자취 이제 막 시작한 새내기인데 요리 하다가 물 조절 냄비만 3개 태워먹고 시작했어요.. 렌지로 간편 조리된 음식같은 음식 먹고싶은 새내기 였습니다....ㅠ,2025-04-14,sweetshop
1850,sweetshop_2025-04-16,dargwa6,저요저요 무조건 저요 ㅠㅠ 자취 n년차... 아직도 불켜서 요리하는건 넘 귀찮은데 만능찜기라뇨...❤️ 너무 갖고싶어요 🥹글구 이사장님 김치찜 넘 맛있어보여요.....,2025-04-14,sweetshop
1851,sweetshop_2025-04-16,wieekiee,너무너무 유용해보여요!! 혼자 밥 해먹는거 좋아해서 당첨 된다면 잘 쓸 것 같아요!!,2025-04-14,sweetshop
1852,sweetshop_2025-04-16,kimonesol,진짜 갖고싶어요 완전 꿀템 ..... ❤️‍🔥,2025-04-14,sweetshop
1853,sweetshop_2025-04-16,zoa373,와 대박 자취생아니여도 써도 되겟는데요 ㅎㅎㅎ호,2025-04-14,sweetshop
1854,sweetshop_2025-04-16,_mmlleook_,우와!!! 진짜 해먹어봐야 겠다 꼭 전자렌지에 안전한 용기로!,2025-04-14,sweetshop
1855,sweetshop_2025-04-16,xlwinni,불없이 전자렌지로 뚝딱이라니 넘 탐나는 도구네요❤️ 주방이 작아서 냄비씻기도 힘든데 요런거 하나있음 좋을거같아요😍 좋은 레시피도 얻어갑니당,2025-04-14,sweetshop
1856,sweetshop_2025-04-16,fromyourluv,자취생 아니라 아줌마도 댓글 달아도 되나요..? 😍 이건 꼭 해먹어보고 싶네요.. 욕심나는 레시피….!!!,2025-04-14,sweetshop
1857,sweetshop_2025-04-16,___pureme,김치찜 왕 마싯을고같애요ㅠㅠㅠ❤️❤️❤️❤️❤️❤️❤️,2025-04-14,sweetshop
1858,sweetshop_2025-04-16,imseoa__,퇴근하구 해먹기에도 넘 간단하고 좋아보여요 ☺️💕👍👍,2025-04-14,sweetshop
1859,sweetshop_2025-04-16,hyeeeeem_0107,김치찜뿐만아니라 만능템 아녀? 전자레인지 초간단레시피도 많이많이 알려주세요! 퇴근 후 기절인데 요리하기 넘나 벅찬것...😂,2025-04-14,sweetshop
1860,sweetshop_2025-04-16,akakakuu0,만능찜기 저렴한 가격에 가져와주세여 이사장님❤️ 저기에 양배추 언밥 냉동만두 다 넣고 다 돌릴거에요,2025-04-14,sweetshop
1861,sweetshop_2025-04-16,na_young8922,찜기?? 이사댱님의 맛능찜기?? 오디껀데요 젭알 알랴주면 앙대요?? 구매하게 간단하게 맛나게 언능 해묵고 싶어요..ㅜ.ㅠ 맨날 만날 그냥 그릇에 찌니까 막 마르고..ㅋㅋ 간이 짜게되고 ㅋㅋ 연장이 없어..대충하구이쪄 근데 이사댱님이 저러케 이쁜 맛능찜기로 요리까지♡ 나 현기중나 온능 알랴줘봐요,2025-04-14,sweetshop
1862,sweetshop_2025-04-16,_0.0__ss,자취생에게 꼭 필요템이네용!!,2025-04-14,sweetshop
1863,sweetshop_2025-04-16,xxu_____uxx,핵좋다진짜,2025-04-14,sweetshop
1864,sweetshop_2025-04-16,hago_mango,여기 있슙니다🙌🙌 전자렌지 용기 유목민.. 실리콘 보관용기부터 저당밥솥까지.. 좁은 주방만 터져나가고 활용도는 낮은데.. 이사장님의 전자렌지용기는 너무나 활용도 있어보이고.. 김치찜까지 해먹어도 티1도 안날거 같은 강렬한 레드 컬러까지...!!! 레드 가지고 맛난 김치찜부터 은근슬쩍 보여주셨던 레시피들 따라해먹고 싶습니다~!!❤️❤️,2025-04-14,sweetshop
1865,sweetshop_2025-04-16,jsoyoun,우와~~~~ 방금 스팸순두부찌개해먹었는데 김치찜이라뇨~~!!!!! 저두 손들어볼게요!!!,2025-04-14,sweetshop
1866,sweetshop_2025-04-16,park.si_eun,워킹맘에 딱이네요~ 퇴근하고 후다닥 밥차리기 가능해지겠어요😁 써보고싶어요😊,2025-04-14,sweetshop
1867,sweetshop_2025-04-16,hyunjeong0713,"만능찜기😍🤚🤚🤚저요저요~ 만두 좋아하는 울아들, 김치찜 좋아하는 남편에게 휘뚤마뚤 자주쓰게될것같아용😍",2025-04-14,sweetshop
1868,sweetshop_2025-04-16,yeio8051,저요 저요👏 후다닥 간편요리 좋아요❤️,2025-04-14,sweetshop
1869,sweetshop_2025-04-16,jjuuz_,"저요,,!! 자취생은 아니지만 ,,, 저녁에 애기 재우고 전자레인지 김치찜이랑 맥주로 하루를 마무리하고 싶어욧,,,,❤️ 배고프다",2025-04-14,sweetshop
1870,sweetshop_2025-04-16,daeaeaaeeeeng,요새 집에서 밥해먹을 일이 많아서 전자레인지용 찜기 찾고 있었는데 .. 진짜 유용할거 같아요 ㅠ ㅋㅋㅋㅋ 다이어트고 뭐고 저 김치찜을 ..🤤,2025-04-14,sweetshop
1871,sweetshop_2025-04-16,noeyag_01,와 전 집에 찜기가 있는데도 귀찮아서 잘 안 쓰게 되던데ㅠ 평소에 뭐든지 전자레인지로 해결할 수 있으면 진짜 좋겠다 싶었는데 김치찜을 렌지로 만들어 먹는 시대가 왔다니~~ 만능찜기 미텼다👏,2025-04-14,sweetshop
1872,sweetshop_2025-04-16,y.naaaaari,저요….. 저 코딱지만한 계란찜찜기에 양배추 쪄먹는데 몇장 안들어가서 2번 나눠서 ㅉㅓ요…..,2025-04-14,sweetshop
1873,sweetshop_2025-04-16,syeon_kid,"김치찜을 1인분만 해먹을 수 있다니,,, 넘 좋아보여요👏 다욧할 때 채소찜 해먹을 때도 물 끓이랴 삼발이 설거지하랴 힘든데 그 때도 써볼 수 있을 것 같네용!! 그래서 만능찜기인가?ㅎㅎ 만능찜기로 요리해서 먹어보고싶어요!!🙌",2025-04-14,sweetshop
1874,sweetshop_2025-04-16,so_yeonnii,30살에 첫 자취!,2025-04-14,sweetshop
1875,sweetshop_2025-04-16,jsoop_,김치찜러번데❤️ 1인용으로 간단하게 만들어먹기 넘좋을고같아용!,2025-04-14,sweetshop
1876,sweetshop_2025-04-16,cherir_xx,저두 만능찜기로 전자렌지로 김치찜도 해먹고 싶고,2025-04-14,sweetshop
1877,sweetshop_2025-04-16,weloveyoulutz,"가난한 자츼생… 찜기 원해요‘!!!! 원합니까????? 네에~!~!~!!! ㅜㅜㅜ!! 얼마전에,,, 김치찜 먹고 싶어서 어플 켰다가 3만원인거보고 백스텝.,.. 만능찜기와 함께라면 전자레인지로 뚝딱이라니,…. 원해요……🥹🥹😭😭😭야채찜도 해먹을 수 있고 이사장님처엄 강된장에 양배추도 먹고 ••• 이사장님 최고.. 저 장어덮밥도 만들어보고 싶은데 찌는거 힘들어서 포기했거든요 흑흑 저 이사장님 애청자에요,, 찜기만 있다면 뭐든지 만들수있숴..",2025-04-14,sweetshop
1878,sweetshop_2025-04-16,podo._.b,전자레인지 돌리면 그릇 뜨거워지는게 넘 싫어서 뜨끈하게 못돌리는데 뚜껑까지 있으니까 진짜 따듯하게 데울수 있어보여요…..!!! 가지고싶네요ㅠㅎㅎㅎ,2025-04-14,sweetshop
1879,sweetshop_2025-04-16,kundam_kangee,지이이이인짜아아아아아 난.안.되.나.요? 이사장님?,2025-04-14,sweetshop
1880,sweetshop_2025-04-16,hye._.ryun,찜기 띠입🔥,2025-04-14,sweetshop
1881,sweetshop_2025-04-16,luv_h.bee,자취생은 아니지만 넘나 갖고 싶다... 퇴근하고 쌓여있는 설거지.. 싫다. ㅠㅠ 아침 먹고 나온 설거지 하기 싫다... 싫다싫다,2025-04-14,sweetshop
1882,sweetshop_2025-04-16,zziiiinnii,"우악 김치찜 저도 엄청 좋아해요 ㅠㅠ 넘 맛있어서 먹고 체한적도 있어요 ㅋㅌㅌㅋㅋㅋ ㅠㅠ 김치요리는 빨간용기가 필수이기도하고,, 전자렌지로 후딱 할수있다는게 넘 신박하고 좋은거같아요...❤️❤️❤️레시피 감사드려요 해먹어볼게요 히히",2025-04-14,sweetshop
1883,sweetshop_2025-04-16,h.primrose,언늬!!!!!!!!!! 저 요즘 점심을 집에서 혼자서 해먹어요!!!!!!! 그래서 이것저것 해먹어보고 요리시도해보고 잇눈데 언니가 이거 선물해주면 나도 요리사....?!🧑‍🍳🩷 키킼 오늘 밖에서 김치찜 먹고 왔는데 생각보다 맛없었어서 우리집 김치로 기깔나게 먹어볼라구요... 가능하다면 언니가 선물해주는 찜기로다가......🫶🏻🩷,2025-04-14,sweetshop
1884,sweetshop_2025-04-16,cxoxong,능숙한 자취생이지만 맨날 전자렌지돌리면 손데어서 손이 엉망진창화상자국 가득이에오.. 우튭에서 보고왔는데 슬쩌억ㄱ ㅠㅠ받고시푸다ㅠㅠ,2025-04-14,sweetshop
1885,sweetshop_2025-04-16,p_y_1229j,유튜브보고 찜기 갖고싶어서 호다닥 달려온나...🔥 김치찜도 후다닥해먹고 싶은 사람 나야나🙌🙌,2025-04-14,sweetshop
1886,sweetshop_2025-04-16,u_jini_95,헉ㅇ저요ㅠㅠㅠ지짜꼭필요템이당,2025-04-14,sweetshop
1887,sweetshop_2025-04-13,lj_no.1,와..실치초무침이에요? 😍,2025-04-13,sweetshop
1888,sweetshop_2025-04-13,jii4370,오늘도 화~알~짝 피셨네요^^♡,2025-04-13,sweetshop
1889,sweetshop_2025-04-13,boggeunang,언니 머리 꾸미신거 진짜 이뻐요,2025-04-13,sweetshop
1890,sweetshop_2025-04-13,hyoeun._.719,"언니,, 점점더 이뻐지고 있어❤️ 사댱님 다 못 먹겠어요는 진짜 넘 귀여운거 아니냐구요😍",2025-04-13,sweetshop
1891,sweetshop_2025-04-13,bang9bong9,장고항 아닙니까?!,2025-04-14,sweetshop
1892,sweetshop_2025-04-13,yoowaterjin,짱이뿌다요,2025-04-13,sweetshop
1893,sweetshop_2025-04-13,imhyiseob38,하이퍼 제너럴 임팩션 짱짱 초미녀가 실치회 초무침을 먹다니. 이건 귀하다!!!,2025-04-13,sweetshop
1894,sweetshop_2025-04-13,dasik020404,언니 두번째 셀카 머선일이야 증말..미쳤어너무이쁘다띄어쓰기를못할정도루..........당장프사해!!!!!!,2025-04-15,sweetshop
1895,sweetshop_2025-04-13,migyo_kim,오와 실치회 어디서 먹을 수 있나요🔥,2025-04-13,sweetshop
1896,sweetshop_2025-04-13,kim_hera__,와 실치회,2025-04-13,sweetshop
1897,sweetshop_2025-04-13,ypnar_10,헐!!! 우리 시어머님 가겐데요?????,2025-04-16,sweetshop
1898,sweetshop_2025-04-13,hbooho,아..실치..매년먹으러다녀왔는데...올해는 다리를 다쳐못가네요.맛있게드셔요~~,2025-04-13,sweetshop
1899,sweetshop_2025-04-13,erin120706,언니 너무 예뻐영!,2025-04-17,sweetshop
1900,sweetshop_2025-04-13,g_oct_191,실치회 어때요???,2025-04-13,sweetshop
1901,sweetshop_2025-04-13,eunyoung2468,거제도 사백어도 추천합니다 ㅎㅎ😂,2025-04-13,sweetshop
1902,sweetshop_2025-04-13,_y.geon.12_,와 미녀다 ㅌㅋㅋㅋㅋㅋ,2025-04-13,sweetshop
1903,sweetshop_2025-04-13,12.03heaven,실치 드셨군요 저거 넘맛있어여ㅠ,2025-04-13,sweetshop
1904,sweetshop_2025-04-13,erin120706,와 그거 팔보첸가? 그거 살아있는거 아니에요?,2025-04-17,sweetshop
1905,sweetshop_2025-04-13,il0veihateu,초등학교 교사가 놀러간거같음,2025-04-19,sweetshop
1906,sweetshop_2025-04-13,x.yj004,네 3000원입니다(?),2025-04-14,sweetshop
1907,sweetshop_2025-04-13,im_d0wny,친한 아줌마 아저씨가 엄마 아빠는 아니지 옹니 ..?,2025-04-14,sweetshop
1908,sweetshop_2025-04-13,z._.xin1661,곤약회 만들어 주세여!,2025-04-13,sweetshop
1909,sweetshop_2025-04-13,h.y.b_96,이 언닌 가면 갈수록 점점 이뻐지네 우리땐 반반 슬러쉬 500원이였는데 언제 3천원까지 올랐냐😢😢,2025-04-13,sweetshop
1910,sweetshop_2025-04-13,aoyo97531,이사장님 청바지 정보알수있을까요! 영상 항상 잘보고있어요~,2025-04-15,sweetshop
1911,sweetshop_2025-04-12,aeldia,전 너무 먹고싶은게 생기면 먹고나서 아파요 ㅋㅋㅋㅋㅋㅋㅋ,2025-04-13,sweetshop
1912,sweetshop_2025-04-12,yewon725,옛날에 할아버지가 우리손녀는 호텔뷔페 데려가도 않아깝다고ㅋㅋ 들어가면서 나올때까지 계속 먹고 커피숍가서 또 먹고ㅋㅋ 그때 나이 13세...뷔페접시로 8접시정도 먹었던....지금은 안그래요..지금은 소화가 않됨...😂,2025-04-13,sweetshop
1913,sweetshop_2025-04-12,ssookx2,전 갓난애기 때부터 식탐이 남달라서... 분유 많이 먹어서 토해놓고 또 달라고 울었대요. 😂,2025-04-12,sweetshop
1914,sweetshop_2025-04-12,maleng.table,아니 이사장님 전주 근처 어딘가에 사셨군요🙌🙌🙌,2025-04-12,sweetshop
1915,sweetshop_2025-04-12,samsik20,전 지금까지 뭘 참아 본적이… 없음 혼자라도 가서 먹었어여 ㅎㅎ,2025-04-12,sweetshop
1916,sweetshop_2025-04-12,maple_talktalk,저요! 어릴때부터 못 먹으면 그거 만들어서라도 먹었어요🤣🧡🧡,2025-04-15,sweetshop
1917,sweetshop_2025-04-12,rhythmizm,잠깐만~ 뻥튀기에 눈코입이 왜 달렸죠?? 👏,2025-04-12,sweetshop
1918,sweetshop_2025-04-12,eyesgotmelostnow,유익한영상이네요,2025-04-12,sweetshop
1919,sweetshop_2025-04-12,crystal_cook_07,2살 쯤에 양손에 유과를 들고 먹고 있을 때 하나 더 건네주면 입으로 받아먹을 정도로 식탐이 많았습니다..ㅋㅋ 울 때 먹을 것만 쥐어주면 뚝 그쳐서 키우기도 쉬우셨다곸ㅋㅋ,2025-04-13,sweetshop
1920,sweetshop_2025-04-12,musun129x_x,저요.. 제가 못먹으면 그렇게 아파서 끙끙 앓아서 어떻게든 먹었는데 애가 태어나니까 애 위주로 바뀌었어요...😂,2025-04-12,sweetshop
1921,sweetshop_2025-04-12,173.47,그게 왜그러냐면 몸이 필요로하는 영양소를 본능적으로 원하게 되는경우가 있다고 해요. 저도 어릴때 고기먹고싶은데 못먹으러가거나하면 다음날 심하게 아파서 엄마가 제가 고기먹고싶다그러면 꼭 먹여서 키웠어요 특정음식이 간절하게 먹고싶을때는 몸에서 뭔가 부족하다는 신호일수도 있다고 엄마가 말씀하셨던 기억이 나네요,2025-04-15,sweetshop
1922,sweetshop_2025-04-12,diegolee77,얼굴도이쁘시고 요리도잘하시고 부럽네요ㅋㅋ,2025-04-12,sweetshop
1923,sweetshop_2025-04-12,eueu48600,어 저랑 반대요 저는 엄청 심하게 아프다가 아파서 암것도 못먹다 갑자기 뭔가 특정음식이 엄청 먹고 싶어 그걸 먹으면 다음날 싹 나아요~ 전 어릴때부터 아프고나서 갑자기 엄청 먹고 싶은게 생각나고 그걸 먹으면 바로 싹 나아버린 경험을 여러번 해봤어요 진짜로~!!!!!!😮😮😮,2025-04-13,sweetshop
1924,sweetshop_2025-04-12,goeun.kim.9461,@juahn.chan.mom 어? 우리엄마닷~!! 우리 엄마 먹고 싶은 거 못 먹으면 아픈 사람~;;,2025-07-12,sweetshop
1925,sweetshop_2025-04-12,xsxzx_x,"@seoadang_s2 진심 나도 ,, 근데 먹고싶으면 무조건 먹어버릇해서 아프질않아",2025-05-09,sweetshop
1926,sweetshop_2025-04-12,sae.co212,고수닭갈비 어떻게 아시죠!!!! 전주사람!!!!!,2025-06-14,sweetshop
1927,sweetshop_2025-04-12,_bin._.05,저도 먹고 싶은 거 못 먹으면 심하게 아파서 먹고 싶은 건 뭐든 먹는 거 같아요,2025-04-13,sweetshop
1928,sweetshop_2025-04-12,womder__c,저여….😢 지금도 살을 못빼는 성인이 되어있어요,2025-04-17,sweetshop
1929,sweetshop_2025-04-12,eun_cha._.e,@doelsldiglgl 케이큐????,2025-04-13,sweetshop
1930,sweetshop_2025-04-12,foodie_hasa,저는 제가 먹고 싶은 걸 못 먹으면... 아무리 음식을 먹어도 배가차지 않는 식탐이라면 식탐을 가지고 있어요 결국은 먹고 싶었던 거 먹어야 배가 차고 만족스럽더라고요. 그리고 다이어트 한답시고 저녁에 과일이랑 요거트민 먹었다가 배고프고 밤에 잠이 안 와서 너무 힘들었던 적이 있어요 ㅋㅋ 그래서 그냥 먹고 싶은 거 먹고 살아요~~ㅋㅋ 매번 만난 음식 올려 주셔서 너무 감사하고 행복해요,2025-04-18,sweetshop
1931,sweetshop_2025-04-12,doohee_287,저 진짜 배고프면 현기증 나고 배 아파여.......,2025-07-12,sweetshop
1932,sweetshop_2025-04-12,wlsghd11,빅맘,2025-04-19,sweetshop
1933,sweetshop_2025-04-12,xeo_yxn12,언니 아사이볼 만들어 줄 수 있어?!,2025-04-13,sweetshop
1934,sweetshop_2025-04-12,iahy.eon0304,먹고 싶은게 있어도 귀찮아서 포기합니다..,2025-05-21,sweetshop
1935,sweetshop_2025-04-12,meonggu53,어릴때랍스타먹고싶다하지,2025-06-07,sweetshop
1936,sweetshop_2025-04-12,empty170,@grace__heo 헐 나다 와우,2025-07-18,sweetshop
1937,sweetshop_2025-04-12,imhyiseob38,음식에 대한 사랑이❤️ 제가 이사장님에 대한 사랑만큼 이군요,2025-04-12,sweetshop
1938,sweetshop_2025-04-12,maytumeme,나다 ….,2025-04-12,sweetshop
1939,sweetshop_2025-04-12,mongmamma,저요~~~~,2025-04-12,sweetshop
1940,sweetshop_2025-04-12,lala_sichuanlab,저에요 ㅠㅠ,2025-04-12,sweetshop
1941,sweetshop_2025-04-12,_jeonghwa_,귀여우셔라 ㅋㅋㅋㅋㅋㅋ,2025-04-12,sweetshop
1942,sweetshop_2025-04-12,zob612,누룽지백숙 너무 맛있어 보여요~😍 압력밥솥에 하면 끓어 넘치지는 않나요?,2025-04-13,sweetshop
1943,sweetshop_2025-04-12,ydh5386,저도요,2025-04-13,sweetshop
1944,sweetshop_2025-04-12,jaewonnnnny,"전 그정도 아니지만, 먹고 싶은거 못 먹어도 소아비만 이었음.😂",2025-04-13,sweetshop
1945,sweetshop_2025-04-12,ourano_sticky,전 저한테 맛잇는걸 먹어야 변이 잘나오고 사람들이 맛잇다는 음식을 먹으면 저에겐 안맞거나 안땡기는 음식이라  내내 변비에 시달려요 저도 먹고 싶은거 좋아하는걸 먹어야 괜찮더라구요 ..,2025-04-13,sweetshop
1946,sweetshop_2025-04-12,_1hx.en,전 아프진않고 울어요,2025-04-13,sweetshop
1947,sweetshop_2025-04-12,yee0_lin,난 어렸을 때 배불러도 계속 먹어서 소화제 달고 살고 매번 토해서 많이 혼났었음 물론 지금은 고쳐짐,2025-04-13,sweetshop
1948,sweetshop_2025-04-12,gangyongseong941,식충,2025-04-13,sweetshop
1949,sweetshop_2025-04-12,xowoane,저도에요 장염걸릴때,2025-04-13,sweetshop
1950,sweetshop_2025-04-12,hellolee420,양파분말은 아무거나 써도 되나요?,2025-04-13,sweetshop
1951,sweetshop_2025-04-12,oursunshine.days,@lovely_yun_82 헐 너아님?,2025-04-13,sweetshop
1952,sweetshop_2025-04-12,an_emotional_egg27,엇...접니다언니..,2025-04-13,sweetshop
1953,sweetshop_2025-04-12,_stunninglife,"전 음식은 아닌데,하고싶은거 안하면 시름시름 앓아요😂😂",2025-04-13,sweetshop
1954,sweetshop_2025-04-12,z._.xin1661,이사장님 곤약회 만들어 주세여,2025-04-13,sweetshop
1955,sweetshop_2025-04-12,tlsalswjd3000,저도어릴때진짜식탐때문에힘들었어요 ㅋ 먹는거보면진심이였거든요,2025-04-13,sweetshop
1956,sweetshop_2025-04-12,yoonhyet,저 예전에 밤에 배고프면 엄마가 못먹게했는데 시위하듯이 화장실가서 수돗물 보란듯이 먹었어요ㅋㅋㅋㅋㅋㅋㅋㅋㅋㅋㅋㅋㅋㅋㅋㅋㅋㅋㅋㅋㅋㅋ,2025-04-13,sweetshop
1957,sweetshop_2025-04-12,baba_ove,나는 아플때 먹고싶은거 먹으면 빨리낳전데,2025-04-13,sweetshop
1958,sweetshop_2025-04-12,only.joohyun,고수 닭갈비 알죠 전북대가 본점 이에요 저도 좋아해요 😍😍,2025-04-14,sweetshop
1959,sweetshop_2025-04-12,smile.jina,저희엄마도 먹고싶은거 못먹으면 아프다고 먹고싶은건 참지말라고 하셨어요 ㅋㅋㅋ,2025-04-14,sweetshop
1960,sweetshop_2025-04-12,homecatch_official,누룽지 백숙 비주얼 미쳤다리 닭다리 뜯는거 보고 닭사러 갑니다😂,2025-04-14,sweetshop
1961,sweetshop_2025-04-12,seungujin1,와 씨 나도족발 못 먹어서  아팠는데,2025-04-14,sweetshop
1962,sweetshop_2025-04-12,sun.ny.uy,다이어트 한답시고 저녁 안먹고자면 가위눌려요. 😬😬,2025-04-14,sweetshop
1963,sweetshop_2025-04-12,_chang_hee_,와 제 얘기인줄..저도 먹고싶은거 못먹으면 엄청 크게 아파요ㅠㅠ 저희 가족들은 다 아는데 모르는 사람들은 그건 무슨 논리냐며ㅋㅋ항상 아프면 병원갔다가 그 음식사준다는데 이미 입맛없어져서 못먹고ㅠㅠ 지금에서 하는 말인데 식탐이 아니라 몸이 안좋아지면서 뭔가가 막 땡기는거 아닌가..하고 혼자 위로를ㅋㅋ40넘어도 그래서 꼭먹어요ㅋ,2025-04-15,sweetshop
1964,sweetshop_2025-04-12,imeunsu8666,전북대 고수닭갈비…👏,2025-04-15,sweetshop
1965,sweetshop_2025-04-12,minahn88,아프니까 먹고싶은게 생기는거 아닐까요? 몸이 필요한거 땡기는거 아닐까요?,2025-04-17,sweetshop
1966,sweetshop_2025-04-12,yoonbivip,식탐인가 아플때쯤되면 먹고싶은게 막생겨요 먹고나믄 아파요,2025-04-19,sweetshop
1967,sweetshop_2025-04-12,jx.m_14,전 장염 걸렸었을 때 차돌 된장찌개가 미치도록 먹고싶어서 더 아팠어요 심지어 죽 까지 된장찌개로 보임,2025-04-20,sweetshop
1968,sweetshop_2025-04-12,eden_1234569,와......나돈데.....,2025-04-20,sweetshop
1969,sweetshop_2025-04-12,_bbang_se,헉 고수닭갈비..ㅋㅋㅋㅋㅋㅋ 저 거기서 3년알바했는데 ㅎㅎ,2025-04-21,sweetshop
1970,sweetshop_2025-04-12,baeyool_1223,전 제가 먹고 싶은 과자가 주변에 없으면 다른 지역까지 가서 어떻게든 찾아옵니다,2025-04-22,sweetshop
1971,sweetshop_2025-04-12,byeon_2009,전 늘 주는대로 많이먹어서 지금 초고도비만인ㅂ대ㅎ,2025-04-24,sweetshop
1972,sweetshop_2025-04-12,sohhhyyyun,어 ㅠㅠ 저두 그래요 못먹으면 아파서 앓아누워요 ㅍㅍ,2025-04-25,sweetshop
1973,sweetshop_2025-04-12,sifocur,윤석열 닮았어요,2025-04-26,sweetshop
1974,sweetshop_2025-04-12,rkdxodn11,순간 처음 먹는거 쥐인줄 ㅋㅋ,2025-04-26,sweetshop
1975,sweetshop_2025-04-12,pjhpopo,저는 먹고싶다하면 엄마가 바로바로 해주셔서 ㅎㅎ,2025-04-27,sweetshop
1976,sweetshop_2025-04-12,sober_tipsy_wasted,스마일잠옷ㅋㅋㅋㅋㅋ 저랑 똑같은거라 친밀감 느꺄지네요 😂😂,2025-05-02,sweetshop
1977,sweetshop_2025-04-12,raphael_98920000,저도 그랬어요 초등학생 3학년때 열이났는데 치킨먹으니까 열이 내려감요,2025-05-02,sweetshop
1978,sweetshop_2025-04-12,ga_r0_0115,그럼 어떻게 살 빼신 거예요??,2025-05-04,sweetshop
1979,sweetshop_2025-04-12,hyolnii,엄빠한테 너무나 많은 맛을 배워서 유딩때부터 내장탕에 설렁탕에 아구찜 해장국 다 먹고 다녔네요ㅜ,2025-05-05,sweetshop
1980,sweetshop_2025-04-12,jeongsiyul68,냉면 먹고싶으면 무조건 먹어야돼요😂,2025-05-06,sweetshop
1981,sweetshop_2025-04-12,yebom_jeon,언니 팔에 상처 뭐에요..??😢😢,2025-05-06,sweetshop
1982,sweetshop_2025-04-12,hyun_young_tea,안주면 알아서 사옴니다…………..,2025-05-15,sweetshop
1983,sweetshop_2025-04-12,_.sweetblue,17기 옥순님 닮으셨어여,2025-05-19,sweetshop
1984,sweetshop_2025-04-12,kim_satto33,빅맘이다.,2025-05-23,sweetshop
1985,sweetshop_2025-04-12,imeunseong166,5학년땐 심했는데 요즘은 식탐이 별로없음,2025-05-25,sweetshop
1986,sweetshop_2025-04-12,u.__.ha,17기옥순님 닮았어요❤️,2025-05-26,sweetshop
1987,sweetshop_2025-04-12,ye23_03on,공감...입니다,2025-06-04,sweetshop
1988,sweetshop_2025-04-12,gekomommom,꼭 먹고싶운거.. 내 몸이 바라는 영양소…😂 그래서 아팠나봐요,2025-06-05,sweetshop
1989,sweetshop_2025-04-12,do_hoon12,기영이 인것 같아요,2025-06-05,sweetshop
1990,sweetshop_2025-04-12,yoonhi_0520,전 오빠랑 서로 뺏고 뺏기는 전쟁이 이어졌는데 이때 엄마가 먹는걸로 싸울때마다 오빠편 들더라구요ㅡㅡ,2025-06-08,sweetshop
1991,sweetshop_2025-04-12,inmoonhj,할머니가 오빠랑 편애하심서 제 입에 들어가는건 아까워 하셨어요. 반발심인지 오빠보다 하나라도 더 먹으려 했어요(?),2025-06-08,sweetshop
1992,sweetshop_2025-04-12,sysysy0122,몸은 안아픈데 못먹으면 성질이 더러..... 😂,2025-06-10,sweetshop
1993,sweetshop_2025-04-12,roa_kook,@ssdcafe 오빠 로아도 마음 상하면 열나는게 진짜 맞을수도 잇겟는걸,2025-06-11,sweetshop
1994,sweetshop_2025-04-12,so_yul.13102,저욤 ㅎ,2025-06-17,sweetshop
1995,sweetshop_2025-04-12,hyeon._ju14,저 초5에 키150 몸무게38인데..많이 머거서 몸무게 40딱 찍었다 내려옴,2025-06-18,sweetshop
1996,sweetshop_2025-04-12,eodeumin5,기영이 닮으셨네요,2025-06-19,sweetshop
1997,sweetshop_2025-04-12,han.sthetics,19 옥순..?,2025-06-20,sweetshop
1998,sweetshop_2025-04-12,byeonyuna955,이사장님!!어릴때 빠니보틀님 닮았어요!!,2025-07-03,sweetshop
1999,sweetshop_2025-04-12,zoi_.27,전 자주 아팠는데 아플 때 땡기는 음식을 못먹으면 낫지를 않아요.. ㅋㅋㅋㅌ ㅠㅜ 먹고싶었던걸 먹으면 이상하게 바로 나아서 아플 때는 먹고싶은 음식을 늘 사주시는..,2025-07-12,sweetshop
2000,sweetshop_2025-04-12,kimchigimbap1284,ㅇㅈ요.. 밥 안먹으면 위아프고 몸아프고 스트레스까지...,2025-07-14,sweetshop
2001,sweetshop_2025-04-12,unilucid,평소에 식욕이랄 게 없는 편인데 가끔 머릿속에 불현듯 스치는 음식을 못 먹으면 몸이 아프더라고요~ 커서는 몸에 부족한 영양소가 들어있는 음식을 떠올리는 게 아닌가 생각했답니다...,2025-07-14,sweetshop
2002,sweetshop_2025-04-12,soonkong86,제가 그래요..미치게 먹고싶은거 못먹음 아파요😂😂,2025-07-14,sweetshop
2003,sweetshop_2025-04-12,sponge.bob63,근데..얄밉게 날씬하심.. 부럽..,2025-07-15,sweetshop
2004,sweetshop_2025-04-12,idnu_e,아 삼계탕 먹고 싶다,2025-07-15,sweetshop
2005,sweetshop_2025-04-12,thtladl55,아..그게 식탐이었군요 그냥 몸이 약한거거나 고집이 쎄서 그렇구나했어요,2025-07-16,sweetshop
2006,sweetshop_2025-04-12,uvwifgbw,2살에 족발 뼈 잡고 뜯었습니다,2025-07-19,sweetshop
2007,sweetshop_2025-04-12,skz_stay_love0111,저는 엄마가 굶어도 저는 먹였는데 살도 안찌고 키도 안커서 걱정이래요 ❤️❤️,2025-07-23,sweetshop
2008,sweetshop_2025-04-12,gugyomyeong2,우리형은 뭐먹고싶은거 못먹으면 내일 입찢어짐,2025-07-23,sweetshop
2009,sweetshop_2025-04-12,mn.hax0,전주사람이신가요??,2025-07-26,sweetshop
2010,sweetshop_2025-04-11,yalan12418,"와.., 꼬다리 과자 먹을 때마다 아이스크림이 없어서 아쉬웠는데... 언니 역시 천재 😍",2025-04-11,sweetshop
2011,sweetshop_2025-04-11,everyday_3016,우와!! 꼬다리 과자가 있다니!! 초코 덕후로써 꼭 구매 하러 가야 겠어여😍,2025-04-11,sweetshop
2012,sweetshop_2025-04-11,yeseul0410,언니 오늘 따라 왜이렇게 흥분했어~❤️,2025-04-11,sweetshop
2013,sweetshop_2025-04-11,jiwo_oya,저희집에서 저 꼬다리 과자 있어요ㅋㅋㅋㅋㅋ,2025-04-11,sweetshop
2014,sweetshop_2025-04-11,z._.xin1661,그거 비슷한 도라에몽 꼬다리 과자 같은것도 맛있어요,2025-04-11,sweetshop
2015,sweetshop_2025-04-11,dkkd3382,헐헐 사봐야겟어유...,2025-04-11,sweetshop
2016,sweetshop_2025-04-11,olxyee_,아니... 나 12년생인데 플라스틱 꼬다리 있는거 아는게 맞는거임?,2025-06-27,sweetshop
2017,sweetshop_2025-04-11,v_for_g,이거 베라에서도 나와서 ㅋㅋ 편의점에서도 사실 수 있어여 ㅋㅋ,2025-04-13,sweetshop
2018,sweetshop_2025-04-11,honghong_da84,나도나도 알쥐😂,2025-04-11,sweetshop
2019,sweetshop_2025-04-11,saythename_prettyu,맞아요 마지막 플라스틱!! 치아로 앙물면 뭉개지고 더 물면 약간 깨지고 그럴때 초코꼬다리 딱 꺼내먹음ㅋㅋㅋ 좀 녹아서 초콜릿이 플라스틱에 묻기도하고ㅋㅋㅋㅋ,2025-04-11,sweetshop
2020,sweetshop_2025-04-11,dxny2_,저거 진짜 맛있어요!!!엄청 단 초코가아니라서 넘 조아용!,2025-04-13,sweetshop
2021,sweetshop_2025-04-11,rhythmizm,플라스틱 이전에 우표처럼 생긴 야구카드 모으는 재미도 쏠쏠했죠 ^^ 선동렬 박철순 김봉연 김우열 신경식 뽑기 덴장힘들었는데 ㅋ해태 OB뽑기가 가장 힘든 부라보콘 카드안에 싸인까지 있어서 너무 좋았던 기억이 있네요,2025-04-12,sweetshop
2022,sweetshop_2025-04-11,eternity_0179,느릅나무물 해주세요요요👏,2025-04-12,sweetshop
2023,sweetshop_2025-04-11,rlacodms_koam13,저만 밑에있는 초코 안 먹나요?,2025-05-21,sweetshop
2024,sweetshop_2025-04-11,pas_ture117,@gyul_ling 헐 콘아이스크림 꼭다리 플라스틱 추억돋는다,2025-04-11,sweetshop
2025,sweetshop_2025-04-11,epp671cx,플라스틱에 콘꼬다리 껴서 안나오면 이로 와구와구 씹어서 ㅋㅋㅋㅋ털어먹억는데,2025-04-12,sweetshop
2026,sweetshop_2025-04-11,imhyiseob38,"""천재는 보법부터 다르다""",2025-04-12,sweetshop
2027,sweetshop_2025-04-11,uuee14y,월드콘 끝트머리를 뺏겨여?.. 전투력이 약하시군,2025-04-11,sweetshop
2028,sweetshop_2025-04-11,kimjihyo299,전 꼬다리 젤루 싫어해요..,2025-06-23,sweetshop
2029,sweetshop_2025-04-11,xeo_yxn12,언니 나 디엠으로도 보냈는데 아사이볼 안될까?,2025-04-12,sweetshop
2030,sweetshop_2025-04-11,happysh85,전 제일 짜증날 때 가 콘 전체가 눅눅할. 때😢,2025-04-13,sweetshop
2031,sweetshop_2025-04-11,_mmlleook_,엇 나도 사야겟다🔥🔥🔥,2025-04-12,sweetshop
2032,sweetshop_2025-04-11,joondell417428,가면 갈수록 나랑 나이 비슷할 것 같애,2025-04-11,sweetshop
2033,sweetshop_2025-04-11,hia_pril,요맘때콘 진짜짱맛 ㅜ,2025-04-19,sweetshop
2034,sweetshop_2025-04-11,_hahan_iii,저거 진짜 7ㅐㅐㅐㅐㅐㅐㅐ맛있어욕!!!ㅜㅋㅋㅋㅋㅋㅋㅋㅋㅋㅋ다만 저거 사면 계속먹게되서 살 겁나쪄요..,2025-04-13,sweetshop
2035,sweetshop_2025-04-11,an_emotional_egg27,"언니,월드콘이죠",2025-04-15,sweetshop
2036,sweetshop_2025-04-10,jjiwoo.pyo.jj,"아 이거 저번에 공차에서 팔더라구요!!연두부, 순두부 러버인 저는 완전 만족...",2025-04-13,sweetshop
2037,sweetshop_2025-04-10,imhyiseob38,맛있겠다 흑당 순두부티(?),2025-04-10,sweetshop
2038,sweetshop_2025-04-10,z._.xin1661,맛있어보인다...?ㅋㅋ 먹어보고싶다다다닫,2025-04-10,sweetshop
2039,sweetshop_2025-04-10,jay_aa77,저거 필리핀에서 사먹어봤는데 그냥 뜨뜻한 연두부에 시럽탄맛..... 저는 너무 별로 였어요😂,2025-04-10,sweetshop
2040,sweetshop_2025-04-10,rune_1030,저거 처음에는 잉?이라고 생각하는데 진짜 생각보다 괜찮아서 좋아요😍,2025-04-12,sweetshop
2041,sweetshop_2025-04-10,minsss.25,모찌리도후..? 같은거네요..?,2025-04-14,sweetshop
2042,sweetshop_2025-04-10,j_a_n_e94,이사장님이 먼저 했어야됬는데 요즘 공차에 나온단말이예요😢,2025-04-11,sweetshop
2043,sweetshop_2025-04-10,hyoeun._.719,약간 구수한 푸딩? 느낌일 것 같아서 맛있어 보여요🤩,2025-04-10,sweetshop
2044,sweetshop_2025-04-10,kimjungyoon16,처음에 간장인줄ㅋㅋㅋ,2025-04-10,sweetshop
2045,sweetshop_2025-04-10,lovelyhyun_zzang,저는 콩국수에 설탕이 취향임다,2025-04-11,sweetshop
2046,sweetshop_2025-04-10,sung_eun_p,공차 또우화..,2025-04-21,sweetshop
2047,sweetshop_2025-04-10,u_rg.2,저거 또우화라고 해서 공차에서 팔고 있어요,2025-04-10,sweetshop
2048,sweetshop_2025-04-10,epp671cx,이거 공차에 비슷한 메뉴 잇어요!! 존맛,2025-04-12,sweetshop
2049,sweetshop_2025-04-10,deniele88,@chaeunhaa___000 최애,2025-04-20,sweetshop
2050,sweetshop_2025-04-10,sandyurdhva,따호 맛있어여,2025-07-26,sweetshop
2051,sweetshop_2025-04-10,2tamiiiii,이거 공차메뉴도있지않나요! 자주 먹는 메뉸데 대존맛,2025-04-11,sweetshop
2052,sweetshop_2025-04-10,dear_zio,공차 두부 시리즈 아닌가요ㅋㅋㅋㅋ 흑당 두부 밀크,2025-04-11,sweetshop
2053,sweetshop_2025-04-10,j_sooori_,@gksdyd32 세부 두번째 숙소에서 내가 먹었던 그거다!,2025-04-12,sweetshop
2054,sweetshop_2025-04-10,xsuzs_,옛날 영상 아닌가..,2025-04-13,sweetshop
2055,sweetshop_2025-04-10,uuee14y,망고쥬스 만들어 먹어주세요,2025-04-10,sweetshop
2056,sweetshop_2025-04-10,tthefiel,연두부하면 고소하고 비린내 덜나는데 순두부는 확실히 비린내나용,2025-04-11,sweetshop
2057,sweetshop_2025-04-09,yeseul_soph_kim,푸푸(fufu)랑 다른 건가요?? 에그시 수프 이런 거랑 먹으면 진짜 끝장 나던데,2025-04-09,sweetshop
2058,sweetshop_2025-04-09,minn_xiz,완전 쫀득해보여요!! 꿀꺽,2025-04-09,sweetshop
2059,sweetshop_2025-04-09,yunjee.k,아프리카티비 주식 ㅋㅋㅋㅋㅋㅋㅋ,2025-04-09,sweetshop
2060,sweetshop_2025-04-09,z._.xin1661,오 제육이랑 먹으면 맛잇게따타ㅏ 이사장님 저 서울에서 뵈요! 기억해주셔여?!,2025-04-09,sweetshop
2061,sweetshop_2025-04-09,imhyiseob38,역시 손맛이 채고!!,2025-04-09,sweetshop
2062,sweetshop_2025-04-09,shaneeeee_hk,진짜요???????,2025-04-09,sweetshop
2063,sweetshop_2025-04-09,paldobibim,비스밀라,2025-06-21,sweetshop
2064,sweetshop_2025-04-09,youngkip.94,비스밀라 외치고 먹어야됩니다,2025-04-12,sweetshop
2065,sweetshop_2025-04-09,farfreehigh,비스밀라! (이러던데😂),2025-04-10,sweetshop
2066,sweetshop_2025-04-09,r._.onoff,안그래도 저 음식 너무 맛있어 보여서 이름이 궁금했는데ㅜㅜ감사합니다,2025-04-11,sweetshop
2067,sweetshop_2025-04-09,sihunjeong0630,저 영상에서 자꾸 저거 한 다음에 미스밀라~ 이러는데,2025-07-15,sweetshop
2068,sweetshop_2025-04-09,9sbums.kuku,지금 탄자니아에서 살고 있는데. 여기선 우갈리라고 합니다! 맛은! 없습니다!!..^^😂😂,2025-04-09,sweetshop
2069,sweetshop_2025-04-09,_minku,@_easy.official 나 말라위에서 먹었던거! 말라위에서는 시마라고 부름ㅋㅋㅋㅋ 솔찌키 맛없는데 배고파서 먹어야함ㅜ,2025-06-14,sweetshop
2070,sweetshop_2025-04-09,zoa373,😍우와 신기해요,2025-04-10,sweetshop
2071,sweetshop_2025-04-09,soul_jang,진짜 맛있어보인다,2025-04-09,sweetshop
2072,sweetshop_2025-04-09,ma_chimnae12,ㅋㅋㅋㅋㅋㅋ 진짜 주식나온거 웃겨요,2025-04-09,sweetshop
2073,sweetshop_2025-04-09,ky1754_13,디스밀락,2025-04-10,sweetshop
2074,sweetshop_2025-04-09,gnabhawag,기안84가 여자였으면 이분 같았으려나,2025-04-09,sweetshop
2075,sweetshop_2025-04-09,jeongaaa_95,전 아프리카 3번 다녀왔어요!,2025-04-09,sweetshop
2076,sweetshop_2025-04-09,pizzariver,쫀득한거드시니꺄... 요즘유행하는 그.. 스티키뭐시기.. 코코넛가루랑 우유 섞어서 옥수수틀에 넣어 만드는 그거 해주세요..🤍,2025-04-09,sweetshop
2077,sweetshop_2025-04-09,you__1_t,"인간극장에서 예전에 조나단, 파트리샤 어머님이 저거 만드셨어요! 파트리샤양이 요리를 잘한다고 알고 있는데 남매랑 같이 콜라보 하셔도 좋을 거 같아요😍",2025-04-09,sweetshop
2078,sweetshop_2025-04-09,imnot_kyunghwan,디스 밀라,2025-04-14,sweetshop
2079,sweetshop_2025-04-09,dshwarmadan25,영상에 따르면 냄비 부엌에 처던지고 비스밀라 외치고 물 한모금 방바닥에 처뱉고 먹어야하던데,2025-04-12,sweetshop
2080,sweetshop_2025-04-09,tenichi00,씹어먹는 게 아니라 삼키는 겁니다.,2025-06-07,sweetshop
2081,sweetshop_2025-04-09,hunihoon0438,케냐에서 염소고기랑 먹었어요! 😂,2025-04-09,sweetshop
2082,sweetshop_2025-04-09,sxo.9n_,얼굴 많이 타셨네요🤣🤣,2025-04-09,sweetshop
2083,sweetshop_2025-04-09,hee.yaa._,다봣다,2025-04-09,sweetshop
2084,sweetshop_2025-04-09,inae.i,귀여워서 자꾸 보게됨,2025-04-09,sweetshop
2085,sweetshop_2025-04-09,shee915,@hamcya3700 @miyoung5_20 하 나 진짜 거울보는거같네..,2025-04-09,sweetshop
2086,sweetshop_2025-04-09,yeseul0410,언니는 입맛에 안맞는 음식이 뭐야??,2025-04-09,sweetshop
2087,sweetshop_2025-04-09,0young_min_son0,맛도리 ❤️❤️,2025-04-09,sweetshop
2088,sweetshop_2025-04-09,bagyeonggyun6064,이거진짜 궁금해.....,2025-04-10,sweetshop
2089,sweetshop_2025-04-09,0_0ning,우와 궁금하다 왠지 백설기랑 닭볶음탕 맛 날거같앜ㅋㅋㅋㅋㅋ,2025-04-10,sweetshop
2090,sweetshop_2025-04-09,_oarsly,와진짜대단하닫 음식 전문가...,2025-04-10,sweetshop
2091,sweetshop_2025-04-09,2_d0ngjun,헐 ㅋㅋㅋㅋ 이분들 영상 2년전부터 봤는데 ㅋㅋㅋㅋㅋㅋㅋㅋㅋㅋㅋ,2025-04-10,sweetshop
2092,sweetshop_2025-04-09,choi__j_y,@shh_____94 이거 나두 한참봤던건뎅..fufu...저거 전분은 안씹고 꼴딱 삼켜서 먹는데 궁금해요ㅋㅋ,2025-04-10,sweetshop
2093,sweetshop_2025-04-09,liui07101,그냥 쌀로 만든 줄 알았는데 아니구나,2025-04-10,sweetshop
2094,sweetshop_2025-04-09,skzftttlll,약간 백설기 맛 날것 같다,2025-04-10,sweetshop
2095,sweetshop_2025-04-09,byeoriful,짐바브웨에서는 사자 ㅋㅋ 발음은 싸zㅏ 이런 느낌입니당🙌 짐바브웨 살 때 첨 먹어보고 저는 너무 맛없고 입맛에 안 맞아서 (종이가루 씹는 맛이라) 이게 뭔가 했는데 요즘은 종종 craving 오는 중독적인 맛 ㅋㅋ 짐바브웨는 삶은 케일이랑 고기스튜랑 같이 먹어요,2025-04-10,sweetshop
2096,sweetshop_2025-04-09,bcdzz1,근데 아프리카인 되신거 같아요,2025-04-10,sweetshop
2097,sweetshop_2025-04-09,hyunah.0517,저는 나이지리아에서 저거 저 외국인들이먹는 거 똑같은거 먹어봤는데...못먹겠더라고요...입맛에 인 맞았어여... 그래도 다음번에 가면 다시 도전하려고요,2025-04-11,sweetshop
2098,sweetshop_2025-04-09,k_minzzi_,케냐에서 살다 왔는데. 케냐에선 우갈리라고 부릅니다. 맛은… 없습니다.,2025-04-11,sweetshop
2099,sweetshop_2025-04-09,johnkim2040,개밥 😂😂😂,2025-04-11,sweetshop
2100,sweetshop_2025-04-09,k_haxm_u,저거 아빠 덕분에 먹어본 걸로 아는데 진짜 맛있어요!,2025-04-11,sweetshop
2101,sweetshop_2025-04-09,seeyongpark,맛없다,2025-04-12,sweetshop
2102,sweetshop_2025-04-09,she_n_mee,씹지도 않던데,2025-04-12,sweetshop
2103,sweetshop_2025-04-09,dukmanlove,시마이,2025-04-12,sweetshop
2104,sweetshop_2025-04-09,shyen.opk00,이거 절대 씹지 말고 그냥 삼켜서 먹으라던데요,2025-04-13,sweetshop
2105,sweetshop_2025-04-09,best._.garden,약간 그런거네 우리도 나라마다 밥을 부르는 명칭이 다른거처럼,2025-04-13,sweetshop
2106,sweetshop_2025-04-09,bagruhyi34,카레에다 밥 찍어먹는줄 알았는데..,2025-04-13,sweetshop
2107,sweetshop_2025-04-09,paint_makeup_artist,우갈리 케냐😍,2025-04-14,sweetshop
2108,sweetshop_2025-04-09,justinah_world,비스밀라❤️,2025-04-15,sweetshop
2109,sweetshop_2025-04-09,jjjjeeeee0110,저욧 !! 되게 시큼했어요 저는 ... 쫀득하고 맛있을 줄 알았던 😂,2025-04-18,sweetshop
2110,sweetshop_2025-04-09,daejin20,진짜 맛이 궁금하네요,2025-04-20,sweetshop
2111,sweetshop_2025-04-09,girl_gorgeous_yorkshire,먹고싶지 않다,2025-04-21,sweetshop
2112,sweetshop_2025-04-09,graceeah,우와궁금하다,2025-04-21,sweetshop
2113,sweetshop_2025-04-09,ekehrdhkd,이분 제티 타먹었던 사람인가요,2025-04-22,sweetshop
2114,sweetshop_2025-04-09,jx_s00_3,저거 먹방 볼때마다 안씹고 걍 넘기던데 현지도 그렇게 먹었나요??,2025-04-26,sweetshop
2115,sweetshop_2025-04-09,manjun_1017,리스밀라~,2025-04-26,sweetshop
2116,sweetshop_2025-04-09,raerae.cho,예전에 아프리카 친구들 모임가서 몇번 먹어봤는데… 맛이 없어요. 아무 맛이 없어요. 개인적인 생각인데.. 식감이 떡도 아니고 독특합니다. 한국인이 쉽게 좋아할 맛은 아닌거 같아요..,2025-04-30,sweetshop
2117,sweetshop_2025-04-09,jihwan_11p,비스밀라,2025-04-30,sweetshop
2118,sweetshop_2025-04-09,yang1004man,솔직히 맛있진않음. 뭐랄가 무척 질은 떡먹는맛이랄까. 진밥좋아라하시는분들은 거부감이 덜한데 첨 먹을땐 식감이 싱기함,2025-05-01,sweetshop
2119,sweetshop_2025-04-09,yang1004man,그리고 아프리카 쪽이 조미료로 카레가루를 많이쓰는거 같았음,2025-05-01,sweetshop
2120,sweetshop_2025-04-09,ultrakunta,잠비아 갔을때 먹어봤는데 한번 먹고 이게 무슨맛인가 하고 두번은 안 먹었었던…,2025-05-02,sweetshop
2121,sweetshop_2025-04-09,_hu.nyr,미쓰밀람,2025-05-06,sweetshop
2122,sweetshop_2025-04-09,sung.ha_00,와 짱맛잇겟다...,2025-05-07,sweetshop
2123,sweetshop_2025-04-09,hois312,영상에나오는 손으로먹는 거는 푸푸입니다,2025-05-08,sweetshop
2124,sweetshop_2025-04-09,santa_river_,우갈리🤍,2025-05-10,sweetshop
2125,sweetshop_2025-04-09,j__o.ha,푸푸인줄 알았어요! ㅎㅎ 푸푸는 씹어먺지 않아요! ㅎㅎ 근데 시마는 들어봤지만 먹어본적은 없네여 ㅎㅎ,2025-05-13,sweetshop
2126,sweetshop_2025-04-09,myboyy6576,제가 우간다갔을때는 현지인들이 뽀쇼라고 부르던데요..!,2025-05-17,sweetshop
2127,sweetshop_2025-04-09,highrself_,와 이거 진짜 궁금했던건데!ㅌㅋㅋㅋㅋ,2025-05-18,sweetshop
2128,sweetshop_2025-04-09,wkfrkrph,우와 봉사활동 가신건가요? 선한 영향력 너무 멋져요!! 응원합니다💕💕,2025-05-19,sweetshop
2129,sweetshop_2025-04-09,2ssango,아프리카 x 나라이름 o,2025-05-21,sweetshop
2130,sweetshop_2025-04-09,junseo7351,마찰라,2025-05-22,sweetshop
2131,sweetshop_2025-04-09,backo1550,그냥 막으면 안되여~~~ 비스밀라!!!!,2025-05-25,sweetshop
2132,sweetshop_2025-04-09,injeong.choi,백설기 같아 보여요 ㅋ,2025-05-26,sweetshop
2133,sweetshop_2025-04-09,two_fee1,폴렌타 랑 거진 비슷하네... 진짜 맛있게먹었는데 ㅎㅎ 굳으면 칼로 썰어서 구워먹어도 되고 페이져웅이랑 같이 먹으면 그날 생일임 ㅠㅠ,2025-05-30,sweetshop
2134,sweetshop_2025-04-09,boksanghyeog,제가 아는 그 어흥 하는 사자를 넣어 먹나요;;?,2025-06-03,sweetshop
2135,sweetshop_2025-04-09,esther_1987_,우갈리….맛없.. 탄자니아에서는 그랬는데 다른데는 맛있나보네요😂,2025-06-03,sweetshop
2136,sweetshop_2025-04-09,goldhands_sister,"와,저저거너무궁금해서챗지피티물어보고했는데진짜!대박ㅋㅋㅋ식감어때여?저외국동영상분들은안씹고삼키든뎅ㅎ",2025-06-22,sweetshop
2137,sweetshop_2025-04-09,jujubee._.00,와시 우갈리 오랜만이다 저 이번에 탄자니아 가는데 2년반엔 먹어 볼까? 탄자니아 에서  을 썩었지만... 흠... 않먹어 야발.,2025-06-22,sweetshop
2138,sweetshop_2025-04-09,anan891005,인도보다 위생적인거같아,2025-07-19,sweetshop
2139,sweetshop_2025-04-09,dohwa0604,주식하고 정색하는게 너무 귀엽고 웃기네 ㅋㅋㅋㅋㅋㅋ,2025-07-20,sweetshop
2140,sweetshop_2025-04-09,imax0527,삐쓰말롸!,2025-07-20,sweetshop
2141,sweetshop_2025-04-09,ttyngsd,반찬은 무슨맛일까요 신기합니다,2025-07-27,sweetshop
2142,sweetshop_2025-04-08,k__hyunah30,날치알은 저대로 넣으면 비려요! 비린거 시러하시는분들은 해동해서 먹어야해요 날치알을 물에 잠길정도만 담그고 맛술 조금 넣어서 5분~10분 특유 비린내가 ㅈㅔ거되는데 그럼 더 맛있어용👍,2025-05-25,sweetshop
2143,sweetshop_2025-04-08,ye_eun1407,우왕 2분전!! 연어 소스별 먹방 다시해주시면 안댈까여…,2025-04-08,sweetshop
2144,sweetshop_2025-04-08,o_new_world__,어후 당신은 천재입니다 최고야 진짜ㅠㅠ👍👍👍🩷,2025-04-08,sweetshop
2145,sweetshop_2025-04-08,min._.seo605,예쁜 언니! 이걸로 덮밥 만들어서 먹어줘용 ㅠ,2025-04-08,sweetshop
2146,sweetshop_2025-04-08,s.jxn_12,와.. 진짜 저는 이사장님이 드시는거면 다맛있어보여요… 연어 먹방 또해주세요!!,2025-04-08,sweetshop
2147,sweetshop_2025-04-08,chillchunja,헉... 진짜 천재세요?,2025-04-08,sweetshop
2148,sweetshop_2025-04-08,carat_sj0627,언니 왜 핸드폰으로 연어먹방 검색할 때 배터리가 왜 6%야...?,2025-05-05,sweetshop
2149,sweetshop_2025-04-08,imhyiseob38,브루주아...... 돈 마니 벌어서 먹어야겠다,2025-04-08,sweetshop
2150,sweetshop_2025-04-08,yw._.ips,거기에 스리라차마요말고 불닭마요 넣으면 맛있을거같아요,2025-04-08,sweetshop
2151,sweetshop_2025-04-08,yoonwoo_bba,어 이거 북미 일식집에서 흔히 보는 카미카제롤(스파이시연어롤) 레시피에요. 안에 바삭한 튀김가루를 같이 섞어서 먹으면 바삭한 식감도 있어서 더 맛있어요.,2025-04-09,sweetshop
2152,sweetshop_2025-04-08,elf__.dh,날치알 봉지채로 그냥 넣으면되나ටㅕ?!,2025-04-15,sweetshop
2153,sweetshop_2025-04-08,_mango_and_potato_,@soomly__ 금요일에 ㄱ?,2025-07-10,sweetshop
2154,sweetshop_2025-04-08,ddowoo_oowobb,@uhgnoej 이건?,2025-04-09,sweetshop
2155,sweetshop_2025-04-08,silverjin310,@_amazinnnnn 같이 먹고싶다 이런스탈은 어때,2025-04-10,sweetshop
2156,sweetshop_2025-04-08,z._.xin1661,김치전....,2025-04-08,sweetshop
2157,sweetshop_2025-04-08,x.yj004,연어 러버는 오늘 배고픕니다::((,2025-04-09,sweetshop
2158,sweetshop_2025-04-08,h__ny_94,@__yong_93 해줘해줘해줘해줘러어어어,2025-04-10,sweetshop
2159,sweetshop_2025-04-08,gh_kcy,@foranewwave 장바구니들고 1시간거리 이마트가야겠다,2025-04-09,sweetshop
2160,sweetshop_2025-04-08,yejin__0330,@sehyung9854 마싯겟당,2025-04-11,sweetshop
2161,sweetshop_2025-04-08,12.13.kr,ㄹㅇ 불닭소스 조금 넣는 게 킥인데 그걸 아시다니 ㄷㄷ,2025-04-08,sweetshop
2162,sweetshop_2025-04-08,j_bosun,감기 빨리 나으세요🙌,2025-04-08,sweetshop
2163,sweetshop_2025-04-08,now._.here___,@you_ni_02 윤이 맞춤 레시피아냐?,2025-04-08,sweetshop
2164,sweetshop_2025-04-08,_fdhd00,와 나 왜 이게 새벽에 뜬거지..? 와...,2025-04-09,sweetshop
2165,sweetshop_2025-04-08,rhythmizm,초밥집 연어소스장 이렇게 나옴,2025-04-09,sweetshop
2166,sweetshop_2025-04-08,ddu_humor,어후 보는데 침고이네용,2025-04-09,sweetshop
2167,sweetshop_2025-04-08,artixen_one,"김 정보 좀 알려쥬세요 ,,!!!!!!!!!",2025-04-09,sweetshop
2168,sweetshop_2025-04-08,user_lr0ver,이 영상보고 쌍수 붓기 풀리신 분인줄알았는데 원래 쌍커풀이 있으시네요? 영상 옛날에 많이 봤었는데 그거 하나 눈치 못챘다니 신기해요 ㅋㅋㅋ 앞으로 영상 많이 볼게요!,2025-04-09,sweetshop
2169,sweetshop_2025-04-08,zerossujin,연어를 좋아하지만 마요네즈를 싫어함(참치마요 만 제외),2025-04-09,sweetshop
2170,sweetshop_2025-04-08,ray02038,진짜 언니 얼굴로 나라구한 언니 ㅣㅣㅣㅣㅣ 취두부에다가 연어 먹어바ㅏㅏ 맛없는거+맛있는거 오때오때??,2025-04-09,sweetshop
2171,sweetshop_2025-04-08,hellobohyun,@mihyun_94 해먹쟈,2025-04-09,sweetshop
2172,sweetshop_2025-04-08,hajinsong0211,이걸로 샐러드해서 먹어도 맛있고 포케해서 먹어도 맛있어용,2025-04-09,sweetshop
2173,sweetshop_2025-04-08,kkokkopd,와 이건 꼭 먹어야겠다 메모!📝,2025-04-09,sweetshop
2174,sweetshop_2025-04-08,d0_bix,참으로 야무지게드시는구만😂😍,2025-04-10,sweetshop
2175,sweetshop_2025-04-08,reyofright,연어에 스리라차마요면....당장 먹어봐야겠다!,2025-04-10,sweetshop
2176,sweetshop_2025-04-08,yxxejxxu,언니감기걸렸어여??,2025-04-10,sweetshop
2177,sweetshop_2025-04-08,djfree412,양파.... 양파...... 양파,2025-04-10,sweetshop
2178,sweetshop_2025-04-08,hair__eun2,와 이건 찐이다,2025-04-11,sweetshop
2179,sweetshop_2025-04-08,byenni__,저 김은 모에요..,2025-04-11,sweetshop
2180,sweetshop_2025-04-08,bagsua252,저거 먹을래요 아님 와사비 간장 먹을래요?,2025-04-14,sweetshop
2181,sweetshop_2025-04-08,_shinyjeong_,@v.iol_t 뭔데 맛있어보이냐,2025-04-16,sweetshop
2182,sweetshop_2025-04-08,foodnsierra,포케잖아 포케,2025-04-17,sweetshop
2183,sweetshop_2025-04-08,caeyun_823,스리라차소스가 없네요 ㅠㅠ~!!,2025-04-17,sweetshop
2184,sweetshop_2025-04-08,bageltongue,너무맛있어보여요,2025-04-21,sweetshop
2185,sweetshop_2025-04-08,_soomny_,@kkk.r_r 개마싯겟다,2025-04-21,sweetshop
2186,sweetshop_2025-04-08,chipichipichapachapa0124,젼언니황,2025-04-22,sweetshop
2187,sweetshop_2025-04-08,suoegrog._,@mnmmmmm_s 마시ㅛ게따,2025-04-28,sweetshop
2188,sweetshop_2025-04-08,jih_li,무슨 김이에요?,2025-05-01,sweetshop
2189,sweetshop_2025-04-08,n.eonx,와 언니 연어 조와하나봐 난 알러지땜시 못먹어두 대리먹방해줘서 고마웡♡,2025-05-01,sweetshop
2190,sweetshop_2025-04-08,ssussu_real,연어맛보실때....목젖까지 주르르륵 들어가는거같애요 ㅋㅋㅋㅋㅋㅋㅋㅋ,2025-05-03,sweetshop
2191,sweetshop_2025-04-08,__10n7,이거 아마도 연어깍두기? 그런걸껄요??,2025-05-08,sweetshop
2192,sweetshop_2025-04-08,reuvnr,와 연어 한입 쏘옥 하고 싶네~,2025-05-10,sweetshop
2193,sweetshop_2025-04-08,_twinkletwinklewisely,불닭마요 넣고 비빔 맛있겠당,2025-05-13,sweetshop
2194,sweetshop_2025-04-08,chhleee_,@blossom_eunbi @lovely._.jinsun 이거 해보고파...ㅋㅋㅋ,2025-05-14,sweetshop
2195,sweetshop_2025-04-08,l_sohee,@subeom_ 먹어보까...,2025-05-22,sweetshop
2196,sweetshop_2025-04-08,h.n121020,한국인은 역시 불닭소스.!!!!><,2025-05-29,sweetshop
2197,sweetshop_2025-04-08,h.n121020,맛있겠당....,2025-05-29,sweetshop
2198,sweetshop_2025-04-08,h.n121020,츄릅.........,2025-05-29,sweetshop
2199,sweetshop_2025-04-08,hdodidhevdkdjbd,님이 연어깍두기유행시킴?,2025-05-29,sweetshop
2200,sweetshop_2025-04-08,bunnunng,@0212_winter 오늘 우리(내)가 먹을꺼,2025-05-30,sweetshop
2201,sweetshop_2025-04-08,dbwls3377,😍😍😍우와 @ddjj004 연어사오자,2025-06-05,sweetshop
2202,sweetshop_2025-04-08,jeongbanchan,무조건 해먹을거애여 !!!!!!!,2025-06-10,sweetshop
2203,sweetshop_2025-04-08,katkohee,아 배고파졌어여 책임져잇!(?),2025-06-12,sweetshop
2204,sweetshop_2025-04-08,eunjoo_9547,@jeong389 해줘👏,2025-06-19,sweetshop
2205,sweetshop_2025-04-08,p_sangmi81,와 저는 정석레시피로해먹었는데 초대리밥이 킥일거같아요😍 담엔 초대리밥에 올려서 먹어봐야겠어요 감사합니다❤️,2025-07-06,sweetshop
2206,sweetshop_2025-04-08,kimi_sensitive_girl,아이올리 마요네즈로 하면 더맛있어요 맵게 드시려면 불닭마요짱,2025-07-11,sweetshop
2207,sweetshop_2025-04-07,3.14_ms,그..솔직히 말씀드리면 그리가 편의점에서 사먹는 음료 조합다 다 저조합이에요 정제수..설탕..향료 끝 ㅋ,2025-04-09,sweetshop
2208,sweetshop_2025-04-07,z._.xin1661,왜 맛있ㅇ어 보이지?ㅋㅋ 저도 한잔 부탁 합니다!!ㅋㅋ,2025-04-07,sweetshop
2209,sweetshop_2025-04-07,everyday_3016,언니가 만드셔서 그런지 먹고 싶어지는 ㅋㅋㅋㅋㅌㅌ 언니 저 한잔만 주세여❤️,2025-04-07,sweetshop
2210,sweetshop_2025-04-07,sonwoohyun__,이야ㅑㅑㅑ 맛잇것다ㅓㅜㅜㅜㅜㅜㅜㅜㅜㅜㅜㅜㅜ,2025-05-03,sweetshop
2211,sweetshop_2025-04-07,x.yj004,딱 한입만 먹구싶다ㅋㅋ🫠,2025-04-07,sweetshop
2212,sweetshop_2025-04-07,boggeunang,"제가 만들면 물에 바나나 넣은 맛일 것 같은데 이사쟝님이 만드신 거면 저 2리터도 마실 것 같아요 ,, 🫣💗",2025-04-07,sweetshop
2213,sweetshop_2025-04-07,pes151109,엄청시원해보여요,2025-04-08,sweetshop
2214,sweetshop_2025-04-07,podo.im,설탕을 들이부었는데 맛이 없을리가ㅋ,2025-05-26,sweetshop
2215,sweetshop_2025-04-07,hyemin._.921,헐 저 출렁이는거 제 뱃살인데요..?!,2025-04-08,sweetshop
2216,sweetshop_2025-04-07,eat.withcat,바나나향 설탕 젤리물 ㅋㅋ,2025-04-07,sweetshop
2217,sweetshop_2025-04-07,uuee14y,목소리 매력 터지네,2025-04-07,sweetshop
2218,sweetshop_2025-04-07,pizzariver,정면 보며 섞을때 눈에 광기 너무 웃겨욬ㅋㅋㅋㅋㅋㅋㅋ,2025-04-09,sweetshop
2219,sweetshop_2025-04-07,xeo_yxn12,언니 이거로 젤리 푸딩 만들어줘여!,2025-04-07,sweetshop
2220,sweetshop_2025-04-07,im.hyeju,@willsoon_2 이거 필리핀 아이스티야...ㅎ 꽤 맛도리,2025-05-26,sweetshop
2221,sweetshop_2025-04-07,itsmeeunchae,@b_eunjin69 진짜 뜬금없이 배까는게 졸귀야 하......,2025-04-07,sweetshop
2222,sweetshop_2025-04-07,jiyoon337,언니이 나도 한잔만,2025-05-08,sweetshop
2223,sweetshop_2025-04-07,tedchoi00,당뇨익스프레스,2025-04-08,sweetshop
2224,sweetshop_2025-04-07,thru_bu3,바나나우유하니깐 생각나는데 우유랑 계란 노른자 설탕 석으서 마시면 바나나맛우유 그잡채,2025-04-09,sweetshop
2225,sweetshop_2025-04-07,treetwaystay1290,설탕을100kg넣었는데 맛이없을수가,2025-04-07,sweetshop
2226,sweetshop_2025-04-07,_mmlleook_,역시 실패란 없으신 사장님,2025-04-07,sweetshop
2227,sweetshop_2025-04-05,z._.xin1661,가고싶다ㅏ 저번에도 갔었는데 너무 이쁘셨어여ㅋㅋ ❤️❤️ 이번에도 가고 싶은데 못가네여ㅜㅜ,2025-04-05,sweetshop
2228,sweetshop_2025-04-05,chanjae_ss0308,헉...책 속에 있는 레시피가 궁금하네요 시간되면 가보고 싶습니다!!,2025-04-05,sweetshop
2229,sweetshop_2025-04-05,sungho_0p,헐ㄹㄹㄹ 사랑한다구여❤️,2025-04-06,sweetshop
2230,sweetshop_2025-04-05,soohyun0406,이모 꼭 만나고 싶어요,2025-04-06,sweetshop
2231,sweetshop_2025-04-05,everyday_3016,언니 저두 갈래요!!!! 제발 되길!!!,2025-04-05,sweetshop
2232,sweetshop_2025-04-05,no_sori_en,꺄❤️❤️❤️,2025-04-06,sweetshop
2233,sweetshop_2025-04-05,beti1963co,이사장님 넘 보고시픈데 시간이....😢 언젠간 이사장님 실물 볼수잇는 날 옴 조켓네용😍,2025-04-05,sweetshop
2234,sweetshop_2025-04-05,xeo_yxn12,저 책 갖고 싶어요오,2025-04-06,sweetshop
2235,sweetshop_2025-04-05,kweonjaeho0904,초록줄무늬귀염둥이라 하셨는데 저도 또 가겠습니다.,2025-04-10,sweetshop
2236,sweetshop_2025-04-05,_mmlleook_,우와,2025-04-05,sweetshop
2237,sweetshop_2025-04-03,rami__0216,누가봐도 이모티콘이 나무늘보님이랑 돼끼님 아니냐구요 ㅋㅋㅋ저 마라탕 키트 중국마트에 많이 보여서 궁금해가지고 사 먹었었는데 작년에 샀을땐 7500원정도였는데 가격이 올랐나 보군요..ㄷㄷ 가격이 좀 사악하고 맛도 좀 짠 느낌이 강해서 채소랑 고기 추가해서 먹었는데 그렇게 먹으니까 맛있긴 하더라구요! 칼칼하고 짭쪼롬한거 좋아하시면 추천!,2025-04-04,sweetshop
2238,sweetshop_2025-04-03,everyday_3016,우아 진짜 신기해여❤️밀키트 인가요??,2025-04-03,sweetshop
2239,sweetshop_2025-04-03,dnjsjql615,아시아 마트나 중국식료품점 가면 파나요??😮,2025-04-03,sweetshop
2240,sweetshop_2025-04-03,sunflowero71,저얇은면은이름이뭘까요??,2025-04-26,sweetshop
2241,sweetshop_2025-04-03,xvcyuuuk,ㅋㅋㅋㅋㅋ자본주의의맛~,2025-04-04,sweetshop
2242,sweetshop_2025-04-03,soul_jang,왜냐면 싸지 않으니까~ ㅋㅋㅋㅋㅋ,2025-04-03,sweetshop
2243,sweetshop_2025-04-03,isabelchicc,미세플라스틱이...ㅠㅠ,2025-04-26,sweetshop
2244,sweetshop_2025-04-03,jungheego,몸에 너무 안좋을듯 ㅠㅠ 플라스틱용기에 저렇게ㅠㅠㅠ,2025-05-25,sweetshop
2245,sweetshop_2025-04-03,minjoocretosbongpal,비상시마라탕,2025-05-20,sweetshop
2246,sweetshop_2025-04-03,wkwldskk,17옥순 닮았어요...,2025-05-20,sweetshop
2247,sweetshop_2025-04-03,tigerbeomy,16주답글 달기,2025-04-04,sweetshop
2248,sweetshop_2025-04-02,yalan12418,언니는 안 꾸며도 예뻐요...❤️,2025-04-02,sweetshop
2249,sweetshop_2025-04-02,z._.xin1661,이사장님 언능 나아영ㅠㅠ,2025-04-02,sweetshop
2250,sweetshop_2025-04-02,parkyeon369,팬캐이크 만드는 것도 괜찮을 듯,2025-04-27,sweetshop
2251,sweetshop_2025-04-02,yujootang,강아지 시강,2025-04-16,sweetshop
2252,sweetshop_2025-04-02,bagmina6499,목이 왜,2025-07-17,sweetshop
2253,sweetshop_2025-04-02,wjh121005,이사장님 빨리 나으세요❤️,2025-04-02,sweetshop
2254,sweetshop_2025-04-02,hyemin._.921,언니 아프지 마요 ㅜㅜ,2025-04-02,sweetshop
2255,sweetshop_2025-04-02,subira_sa,우리엄마는 밥피자로!!ㅋㅋㅋㅋㄱ,2025-04-05,sweetshop
2256,sweetshop_2025-04-02,mangledybk,꼬까옷 정보 알 수 있을까요..저희 부모님 사드리려구싶어서요..,2025-04-06,sweetshop
2257,sweetshop_2025-04-02,o____one,이사장님 목 안좋이보여요 ㅠㅠ😢,2025-04-02,sweetshop
2258,sweetshop_2025-04-02,12_.12.30,우리 엄마는 가지에 해줬어요,2025-04-04,sweetshop
2259,sweetshop_2025-04-01,hyun_jinyoung,ㅎㅎㅎ 나레이션 찰지고 유쾌하고 매력이 철철넘치니 계속 쭉 보게되네요,2025-04-07,sweetshop
2260,sweetshop_2025-04-01,zzangsulgii,아니 레시피 알려주셔도 할 엄두가 안나욬ㅋㅋㅋㅋ😂😂 근데 너무 맛있어보여서 일단 저장해놨습니당❤️ 언젠간 하겠지...😢,2025-04-01,sweetshop
2261,sweetshop_2025-04-01,yeseul0410,"내가 언니 예전에 버블티 펄,와라비 모찌에 빠졌을때부터 봤는데 이런 맛있고 고급진 음식도 잘 만들면 어떡하라는 거야 ~~~❤️👏",2025-04-01,sweetshop
2262,sweetshop_2025-04-01,yeon.jjju,영상은 찌고 굽고찌고 굽고인데 설명은 굽고찌고 굽고찌고인데 뭐가 맞을까요??,2025-04-09,sweetshop
2263,sweetshop_2025-04-01,weloveyoulutz,언니 저도 해보려고 하는데 바다장어는 가시가 많다구 햐서! 괜찮았어요??,2025-04-02,sweetshop
2264,sweetshop_2025-04-01,xvcyuuuk,너무맛있겠다..제가 이사장님의 남친이되고싶어요...성별전환 가능,2025-04-01,sweetshop
2265,sweetshop_2025-04-01,samsik20,남친 손 왜 이렇게 공손한거죠? ㅎㅎㅎ,2025-04-01,sweetshop
2266,sweetshop_2025-04-01,rosemizip,남자친구 없으면 어떡하죠???,2025-04-01,sweetshop
2267,sweetshop_2025-04-01,xhryeonbx,지단은 선택사랑..❤️,2025-06-23,sweetshop
2268,sweetshop_2025-04-01,bori_n_dori_n_blackrice,냉동실에서 굿잠자는 장어깨워야 할 때가 왔내요ㅋㅋㅋ,2025-04-02,sweetshop
2269,sweetshop_2025-04-01,imhyiseob38,맛있겠다!!!!!!!!(한입만여....),2025-04-01,sweetshop
2270,sweetshop_2025-04-01,j.y__116,몇분정도 찌나요??,2025-06-18,sweetshop
2271,sweetshop_2025-04-01,lulu_dad93,장어엔 옆명탐정과 생강은 왜빠졌을까요?!😂😂,2025-05-18,sweetshop
2272,sweetshop_2025-04-01,nuna_so_hot,16주답글 달기,2025-04-01,sweetshop
2273,sweetshop_2025-04-01,muhaehan_,@mashikeda 내가 만들어줄게,2025-06-15,sweetshop
2274,sweetshop_2025-04-01,rhythmizm,해봐야겠다,2025-04-01,sweetshop
2275,sweetshop_2025-04-01,park_wowns1108,맛싯겟다 저도 장어덮밥 조아함미다❤️❤️❤️,2025-04-01,sweetshop
2276,sweetshop_2025-04-01,istjung__819,"장어덮밥 안 좋아하는데, 집에 장어가 남아서 남친해줬더니....엄청 맛있다고 파는것보다 더 맛있다고 합니다!!! 일반 레시피보다는 조금 더 까다롭긴 하지만 맛은 진짜 보장합니다....👍🏻👍🏻 진짜 최고예요!!!!",2025-04-24,sweetshop
2277,sweetshop_2025-04-01,nyolihaneun,남자분 혹시 혼났나요?,2025-04-26,sweetshop
2278,sweetshop_2025-03-30,kali_suzie_jin,작가님. 책제목이랑 출판사 이름은 태그해주셔야… 제목이 달라여🤣,2025-03-30,sweetshop
2279,sweetshop_2025-03-30,dalbyeoldam,😍철학적인 의미가 담긴 정성스런 답변이네요🙌👏👏👏늘 지켜보고 있습니다 이사장님❤️ 표현하시는 모든 모습이 부러워요👍👍,2025-03-30,sweetshop
2280,sweetshop_2025-03-30,yeseul0410,이사장님 예쁨&친절&대박 × 199999999999❤️,2025-03-31,sweetshop
2281,sweetshop_2025-03-30,bhs0805,17기 옥순님 닮았어요^^;;,2025-03-30,sweetshop
2282,sweetshop_2025-03-30,imhyiseob38,글은 너무 감동적인데 이사장님 춤 추시는게 너무 웃겨서 집중이 안돼요 ㅜㅜ,2025-03-30,sweetshop
2283,sweetshop_2025-03-30,z._.xin1661,보내고 싶은데 유튭댓글이 안대여ㅠㅠ,2025-03-30,sweetshop
2284,sweetshop_2025-03-30,xeo_yxn12,대박이다ㅏ,2025-04-06,sweetshop
2285,sweetshop_2025-03-30,im_my377,이사장 찢었다,2025-03-30,sweetshop
2286,sweetshop_2025-03-30,songgwangsu94,달고나가 참 달고나,2025-04-05,sweetshop
2287,sweetshop_2025-03-29,mx1o_xe,그래서 언니 블루베리 쨈이 뭐가 어케 됐어요,2025-04-08,sweetshop
2288,sweetshop_2025-03-29,jisuranikka,블루베리 잼 얘기는 어디갔어요,2025-04-19,sweetshop
2289,sweetshop_2025-03-29,kim_y.xung,겁나 멋있으시다 그까짓거 다시 만든다 ㅎㅎ,2025-03-29,sweetshop
2290,sweetshop_2025-03-29,daeun255,그치만 맛있어보이는데요...?,2025-03-30,sweetshop
2291,sweetshop_2025-03-29,a_hee.story,박력이 이렇게나 중요헙니다😗,2025-03-29,sweetshop
2292,sweetshop_2025-03-29,y0u_1006,그래도 엄마가 해주신 음식이면 다 맛있음.,2025-04-12,sweetshop
2293,sweetshop_2025-03-29,s.jxn_12,와 맛잇겠어요!!,2025-03-29,sweetshop
2294,sweetshop_2025-03-29,happy_syeoni_,찰밀가루?때문인가용?,2025-03-29,sweetshop
2295,sweetshop_2025-03-29,k.hyogil,꿀! 아닌가용 ㅋㅋㅋㅋ정답이없네요 ㅠ,2025-04-21,sweetshop
2296,sweetshop_2025-03-29,briella_one,찰밀가루로 만들어서,2025-03-31,sweetshop
2297,sweetshop_2025-03-29,lee_ji_ssun,ㅋㅋㅋㅋㅋ찰밀가루....용,2025-04-09,sweetshop
2298,sweetshop_2025-03-29,gongroyng,와 이거 진짜 맛있는데....,2025-04-10,sweetshop
2299,sweetshop_2025-03-29,jii4370,여기 흰우유 한잔이요~~~~ㅋ,2025-03-29,sweetshop
2300,sweetshop_2025-03-29,jongmiyoung,찰밀가루?,2025-04-07,sweetshop
2301,sweetshop_2025-03-29,twhw97,그래서 위에 곰팡이는 뭐죠ㅋㅋ,2025-03-29,sweetshop
2302,sweetshop_2025-03-29,______._._____j_,내솥 뚜껑 😂,2025-03-30,sweetshop
2303,sweetshop_2025-03-29,hyoje_0705,베이킹 파우더를 안 넣은건가??,2025-03-29,sweetshop
2304,sweetshop_2025-03-29,k.jineeeee,박력분이 아니라서?!,2025-03-29,sweetshop
2305,sweetshop_2025-03-29,jinhoon_0621,기포 뺀거??,2025-07-27,sweetshop
2306,sweetshop_2025-03-29,qhfkal91,찰...밀가루,2025-05-19,sweetshop
2307,sweetshop_2025-03-29,dayeon0114,설탕도 없고 박력분도 아니네 ㅋㅋ,2025-03-31,sweetshop
2308,sweetshop_2025-03-29,imhyiseob38,한번 간질간질 했나봄,2025-03-29,sweetshop
2309,sweetshop_2025-03-29,mh__2306,밀가루~~~,2025-03-29,sweetshop
2310,sweetshop_2025-03-29,d___som,밥통안에 부품 뚜껑이 안껴져있어유ㅋㅋ,2025-03-29,sweetshop
2311,sweetshop_2025-03-29,seollhee_choi,밥통에서 바로 안꺼내서! 찰밀가루는 잘못이 없음,2025-04-12,sweetshop
2312,sweetshop_2025-03-29,_mmlleook_,박력분이에요..?,2025-03-29,sweetshop
2313,sweetshop_2025-03-29,han_min777,그래서 블루벨리 잼은요,2025-04-09,sweetshop
2314,sweetshop_2025-03-29,gocaeeungo,빨리 블루베리잼 어쩌구 썰 풀어조요,2025-04-15,sweetshop
2315,sweetshop_2025-03-29,_binbinwarak_,계란이 차가웠던게 아닐까요?,2025-04-12,sweetshop
2316,sweetshop_2025-03-29,reeden_lee,폭삭 숙았수다,2025-04-05,sweetshop
2317,sweetshop_2025-03-29,w._.binni,블루베리는 언제..,2025-04-10,sweetshop
2318,sweetshop_2025-03-29,binee_1bitestudio,앜ㅋㅋㅋㅋㅋㅋㅋㅋㅋㅋ,2025-03-30,sweetshop
2319,sweetshop_2025-03-29,ooo_ooo250,밥솥 안에 커버??? 뚜껑쪽 안에 뭐라하죠?? 그게 없네요😂😂,2025-04-02,sweetshop
2320,sweetshop_2025-03-27,xvcyuuuk,ㅋㅋㅋㅋㅋㅋㅋ봐도봐도 재밋어요 어머니랑 너무 쿵짝잘맞으신거 아니에용?!,2025-03-28,sweetshop
2321,sweetshop_2025-03-27,rosemizip,우와…….. 어머님이 진짜 대가시다!!! 요리대가세요!!!!! 추억의 밥솥 카스테라라니!!!😍❤️,2025-03-27,sweetshop
2322,sweetshop_2025-03-27,binee_1bitestudio,"아니 이사장님 여기서 끊으면 어떡합니까🤣🤣ㅋㅋㅋㅋㅋ 다음편 목빠지게 기다려,,, 밥통 카스테라 진짜 추억이다..⭐",2025-03-28,sweetshop
2323,sweetshop_2025-03-27,everyday_3016,역시 어머님의 손맛❤️❤️❤️ 그래서 언니가 요리를 잘 하시는 거군요,2025-03-27,sweetshop
2324,sweetshop_2025-03-27,yamyam__muksta,앗. 저도 밥통카스테라 해봤는덕😆,2025-03-28,sweetshop
2325,sweetshop_2025-03-27,eun.park.ji,이사장님 밥통 카스테라 저도 알아요 ㅋㅋㅋ 블루베리잼만 들리죠 왜? 먹고싶당😂,2025-03-27,sweetshop
2326,sweetshop_2025-03-27,ddoeunjang,넘잼잇다 ㅋㅋㅋ,2025-03-27,sweetshop
2327,sweetshop_2025-03-27,u.nx0s,고양이한테 눈이가요...😍,2025-05-19,sweetshop
2328,sweetshop_2025-03-27,hyun_ji416,계란 그냥 한 곳에 다 깬 다음에,2025-04-20,sweetshop
2329,sweetshop_2025-03-27,s.jxn_12,역시.. 어머님도 금손이셨어..,2025-03-27,sweetshop
2330,sweetshop_2025-03-27,qwepoiii1209,ㅋㅋㅋㅌㅋㅋㅋㅌㅌㅌㅋㅋㅋㅋㅋ걍다웃기넴,2025-03-28,sweetshop
2331,sweetshop_2025-03-27,glor_y0308,광고찍으셨던데 더화이팅,2025-07-17,sweetshop
2332,sweetshop_2025-03-27,yoongaeun_model,다음편빨리주세요 현기증나요 어머니으앙,2025-03-27,sweetshop
2333,sweetshop_2025-03-27,zxon.pd,어머님 살짝 얼공되셨.. 근데 왜 슬프지😢,2025-05-10,sweetshop
2334,sweetshop_2025-03-27,nuna_so_hot,17주답글 달기,2025-03-27,sweetshop
2335,sweetshop_2025-03-27,l__gxeswo,말존라많노,2025-04-12,sweetshop
2336,sweetshop_2025-03-27,aaaabaacaa,안돼 너무궁금해,2025-03-27,sweetshop
2337,sweetshop_2025-03-27,_mmlleook_,오와 유전이신가봉가👍👍👍,2025-03-28,sweetshop
2338,sweetshop_2025-03-27,bada_9ss9,부럽다,2025-06-19,sweetshop
2339,sweetshop_2025-03-27,_mmlleook_,어머님 무척 미인이신 것같은데.... 신변보호!,2025-03-28,sweetshop
2340,sweetshop_2025-03-26,u_leee0v,하지말라고 해서 안할거면 시작하지마라,2025-03-26,sweetshop
2341,sweetshop_2025-03-26,sisigolgol_recipe,꿈나무들에게! 요리하는 것 자체를 즐기고 사랑하세요. 돈을 목적에 두면 요리가 지긋지긋해지는 순간이 와요. 근데 이건 모든 일이 다 똑같아요. 기준을 돈에 두지 마시고 사랑하는 일을 계속 할 수 있는 마음을 지키고 간직하시면 오래 이 일을 하며 행복할 수 있을 거예요.,2025-03-28,sweetshop
2342,sweetshop_2025-03-26,z._.xin1661,그렇게 이사장님은 130 만 요리 유투바가 되었ㅏ다😍😍,2025-03-26,sweetshop
2343,sweetshop_2025-03-26,rabbit_and_salt,"울 부모님은 내가 어린이집때부터 요리쪽으로 하고싶다고 했는데 계속 응원해주고, 제과제빵해서 만든거 드리면 엄청 좋아하셨어요. 요리 잘하는 자식있어서 맛난것도 먹어본다고 엄청 좋아하셔요.. 이거보니 제가 진심 부모님 참 잘 만났다는 생각이드네요..",2025-07-11,sweetshop
2344,sweetshop_2025-03-26,minti_xxo,요리는 생각보다 너무 힘든 3D직종이에요 진짜로.... 어른들의 말이 날카로울지언정 틀린말은 없어요.......,2025-03-26,sweetshop
2345,sweetshop_2025-03-26,yeseul0410,이런 말은 들어도 성공한 우리 이사장님👏❤️,2025-03-26,sweetshop
2346,sweetshop_2025-03-26,hoya_o2o3,하고싶은거 하라고 밀어주시던 부모님,2025-03-28,sweetshop
2347,sweetshop_2025-03-26,yoongaeun_model,"아 진짜맛있겠다,,,, 하고싶으면 하는게인생아닐까요 먹고싶으면 먹고 하고싶은건 하자! 하고 후회하도라도 일단 해보자",2025-03-27,sweetshop
2348,sweetshop_2025-03-26,santabottle_,이사장님 지금 제과제빵학과 졸업하고 호텔공고올라오길기다리는 취준생이에요 자격증이나이런걸 다준비했는데 취업이안돼서 스트레스에요 이 고비 어떻게 견뎌야 잘넘길까요 ㅠㅠㅠ,2025-03-27,sweetshop
2349,sweetshop_2025-03-26,soju_master_._._,중학생때부터 베이킹도 좋아하고 요리 좋아하고 그냥 무언가를 만들기 좋아해서 그 쪽 계열로ㅠ가고 싶었는데 그 어른들의 말에 포기 했어요 어릴때는 내 욕심땜에 우리집이 망한다고 생각할 정도로 뭐라하는 어른들이 많았어요 결국 지금 식당을 하고 있지만 지금도 요리할때는 너무 재밌어요 근데 너무 후회돼요 남들 배울때 나는 포기해서 자격증도 아무것도 없다는게요 같은 나이에 전문성 있는 애들 보면 후회 많이 돼요...결국 이 길로 올거면서 남들 말에 쉽게 포기 했다는게,2025-04-16,sweetshop
2350,sweetshop_2025-03-26,jx.n_00,요리재밌는데 😢,2025-03-26,sweetshop
2351,sweetshop_2025-03-26,golden.j___,그래서 스콘 레시피가 어떻게 되는거죠!! 마침 재료도 있는디,2025-04-09,sweetshop
2352,sweetshop_2025-03-26,play_eat_goe,"이사장의 요리사랑 덕분에 늘 맛있는거 신기한거 잘 보고가요. 때론 이상한것도 ㅋㅋㅋㅋ 그치만 맛있는게 짱이고, 그 짱을 만드는 사람도 짱이니까, 결국 예쁜 이사장이 짱이에요",2025-03-26,sweetshop
2353,sweetshop_2025-03-26,sponge.bob63,내가 좋아하는것과 잘하는것을 잘 알아보시고 객관적으로 잘하는걸 진로로 정하고 좋아하는건 취미로 하시길 바래요.,2025-07-18,sweetshop
2354,sweetshop_2025-03-26,lilac._.bora,주방보조로 알바 해보면 알 수 있습니다 꿈으로 내가 밀고 나갈 확고한 목표인지 아니면 요리 프로그램보고 멋져보여서 혹해서 진로결정 이었는지,2025-03-30,sweetshop
2355,sweetshop_2025-03-26,_nu.3a,"진짜 어렵다.. 제과제빵을 전공으로 택하기도 했고 올해로  하고 있긴 하지만 사실 나라면 취미로만 남겼을거 같음. 지금은 계속 해왔기도 하고 자격증이 아까워서 나중에가서 카페라도 차리긴 하겠지만 직업으로 삼기엔 너무 힘든것도 사실임. 요식업이기 때문에 신경써야 할것들도 너무 많고 유독 텃세가 심한 분야 중 하나이기 때문에 본인이 텃세라던지 누가 안좋은 말 하면 마음이 힘들거나 짜증나거나 포기하고 싶은 사람들은 안하고 취미로 남겨두는게 맞다 생각함. 취미는 그래도 본인이랑 지인만 먹기에 그리 까다롭진 않거든.. 근데 전공으로 하다보면 돈이 너무 많이 깨진다는 사실.. 재료비에 도구비에 자격증도 있어야하니까 자격증 준비비, 자격증 응시비 등등 내가 포기하고 싶어도 포기 못하는 이유가 여기까지 오기위해 들인 돈이였음. 장인은 도구탓을 하지 않는다지만 기본적인 도구는 있어야 하는건 사실이고 나만해도 어림잡아 2천은 들인거 같거든.. 그래서 아빠한테 너무 죄송해서 포기 못하고 있음.. 나는 다 버틸 수 있다? 그럼 도전해보는거 추천. 대신 하다가 아닌거 같다? 고민하지말고 빠져나오길 바람 그런 생각이 들고나면 억지로 이어나가더라도 계속 아닌거 같다는 생각이 들걸랑..",2025-05-08,sweetshop
2356,sweetshop_2025-03-26,_grace_0829,"저는 학원에서 일하면서 아이들 보면서 느낀건데요. 단순히 요리를 하는 내 모습이 좋고 즐거운건지 음식을 타인에게 제공하는게 즐거운건지 곰곰히 생각해보시는것도 좋아요. 그 다음은 내가 주방에서 음식을 하는게 즐거운건지 음식을 만드는것에 대해 기획이나 그 밖의 다른게 재미있는지 생각해본 뒤에 진로를 정하시는게 맞아요. 조리업계는 생각보다 스펙트럼이 넓어요!! 주방에서 음식하는것 말고도 생각도 못한 여러 직업이 있답니다! 와, 세프님들 음식하는거 너무 멋짐...배워야지! 는 그냥 겉모습이 멋진거고 배우다 포기하는 친구들이 많아요. 와, 나도 저런 기술이 있으면 좋겠다.면 실제로 일을 시작해서도 열정이 남는 친구들이 많았어요. 아무리 힘들고 무시받고 잡일밖에 못해도 배우고싶다, 발전하고 싶다는 마음이 꺾이지 않을 자신이 있으면 하시면 됩니당. 주방은 박봉에 일은 많고 베이고 데이고는 일상, 좀 다쳐도 크게 다치거나 음식에 영향가는거 아니면 일 해야하고 되도않는 컴플레인도 어쨋든 주방탓입니다. 가자마자 팬 못잡아요. 청소나 설거지,재료준비 등등 잡일만 주구장창합니다. 멋진 요리를 하는게 아니라 매일 똑같은 메뉴를 반복하는거예요. 직업은 결국 직업이라는거 잊지 마세요! 난 요리배워서 내 식당 차릴거임=최소 10년이상 남에 주방에서 열정페이에 구르고 구른뒤에 차려야 평타는 간다고 얘기합니다. 이런 얘기 듣고도 해보고 싶어요. 할거예요. 그럼 내일부터 자격증준비 시작하심 됩니당 히히",2025-04-30,sweetshop
2357,sweetshop_2025-03-26,choiseo.jin,저도 제과제빵을 진로로 가려고하는데 아직 중3인데 이게 맞는 길일까요? 공부에는 재능이 없는거 같고..잘 모르겠어요,2025-06-19,sweetshop
2358,sweetshop_2025-03-26,hyedada_baking,이사장님 우녹스에 비닐 안벗기고 쓰면 나중에 열때매 눌러붙어서 잘 안 떼어질 수 있어용😭💛 저도 그 소리 듣고 미루다부랴부랴 뗐어요.,2025-03-26,sweetshop
2359,sweetshop_2025-03-26,jangsinhee_2154,진짜 나는 요리 취미로하는게 맞다고 생각함 다른 사람들은 그렇게 생각 안할 수도 있지만 나는 진짜 요리가 너무 싫어져서 요리로 진로를 정한게 후회됨,2025-06-20,sweetshop
2360,sweetshop_2025-03-26,yunho98,항상 요리 힘들고 박봉이지만 저는 선택에 후회는 없어요 일하는게 재밌고 항상 보람차거든요 ^-^ 본인의 선택에 책임질 수 있고 열정적이면 선택해도 된다고 생각해요 물론 주변에 떨어져나가는 사람들 보면 어른들 말이 조금은 맞는것같기도 ㅋㅋ,2025-03-26,sweetshop
2361,sweetshop_2025-03-26,dydwnsdl4861,본인이 가장 좋아하는 분야를 하세요🔥 어찌됐건간에 무엇을 하든 진짜 돈을 목적두고 시작하니 어느순간 징글징글하며 모두 내려놓을 상황이 생겨요. 본인이 가장 좋아하고 정말 하고싶은것을 해야 후회없어요.,2025-04-05,sweetshop
2362,sweetshop_2025-03-26,na._.kyung1,스콘 레시피좀요...,2025-03-28,sweetshop
2363,sweetshop_2025-03-26,hong0.312,언니 저도 가족들이 베이킹 반대하는데 언니사연이랑 똑같이 말해요,2025-07-13,sweetshop
2364,sweetshop_2025-03-26,taiyo_hikari_,"마음의 크기에 따라 다르다고 생각해요. 주변에서 하는 말이 내가 생각하는 정도와 일치하고 동의하는 부분이 더 많아 포기하고 싶다면 포기해도 되고, 내가 듣는 거 보다 비전적 계획이 잘 그려진다거나 반박을 흔들리지 않고 할 수 있다거나 좋아해야만 해낼 수 있다거나 그렇다면 포기 하지 않아도 됩니다. 포기도 도전도 끝맺음이 아닌 과정이니까 겁먹지 말길.",2025-04-14,sweetshop
2365,sweetshop_2025-03-26,xxdee.211,원래 어른들은 꼭 한마디씩은 다들 합시다!!!! 일반 회사원이여도 대기업 가지 왜 중소기업가냐! 창업왜하냐! 외국계기업 왜가냐!!! 공무원박봉이지 않냐!! 그러니까 통과의례다 생각하십시요!!!!! 원래 자기 의지 없이 남들 의견에 쉽게 바뀔 직업이면 하고도 안하고도 후회할 사람입니다!,2025-04-10,sweetshop
2366,sweetshop_2025-03-24,lumine_moneylab,먹...먹지마세요... 다 그런건 아니겠지만 제가 알바했던 횟집에선 상에 나간 무채.. 수거되면 물로 씻어어 탈수기에 탈탈돌려 재사용했...😢😢 그래서 전 절대 무는 먹지않아...욥😢,2025-03-25,sweetshop
2367,sweetshop_2025-03-24,___.aha__,언니 무 담을때 넘 진지해옄ㅋㅋㅋㅌ기여워,2025-03-25,sweetshop
2368,sweetshop_2025-03-24,z._.xin1661,회 밑에 무도 넣는군요! 신기하당 근데 언제나 아이디어 짱이네여,2025-03-24,sweetshop
2369,sweetshop_2025-03-24,park_nol,뒤집는거 예술!!!!👏,2025-03-24,sweetshop
2370,sweetshop_2025-03-24,leeeeeeeeeeu,오 항상 버렸는데 무전 신기하네요! 근데 먹는다고 생각하고 보니 매운탕 끓일때 넣어도 될 것 같네요...?ㅋㅋㅋ,2025-03-24,sweetshop
2371,sweetshop_2025-03-24,ehs322,저는 회먹을때 같이 먹어요 샐러드같이 ㅋㅋㅋㅋ,2025-03-24,sweetshop
2372,sweetshop_2025-03-24,_____gracefull,으... 먹어도 돼요...??!!??!!😢,2025-05-14,sweetshop
2373,sweetshop_2025-03-24,ji_diana,천사채로도 맛도리 할만한게 있을까나요 샐러드말고 ㅋㅋㅋ,2025-03-24,sweetshop
2374,sweetshop_2025-03-24,loving8750,회밑에 무채를 깔아주는 이유는 무에는 살균작용을 하는 성분이 함유되어있어서 상하지않게 싱싱하게 먹을수있기때문입니다 그러나 무채를 깔면 단가가 비싸 보통 무채보다는 천신채를 깔아주죠 밑에 깔아주는 이유중하나는 풍성해보일려고깔기도하구 무씻어서 저는 매운탕에넣어서먹었지유,2025-03-24,sweetshop
2375,sweetshop_2025-03-24,dnjsjql615,저 어릴때 횟집에 무깔아줬는데 무채랑 머리카락이랑 막 섞여 있는거 보고 충격받아서 절대 안먹어여 😢,2025-03-25,sweetshop
2376,sweetshop_2025-03-24,goolmok,깊게는 말못합니다 하지만 가급적 드시지마세요 배달전문이나 포장전문도 같아요,2025-04-30,sweetshop
2377,sweetshop_2025-03-24,yoovely0034,저는 이걸로 생선조림 해먹었었어요 ㅋㅋㅋ,2025-03-24,sweetshop
2378,sweetshop_2025-03-24,noh_hye.lin6307,ㅇㄴ 나도 한입만줘요 람보르기니 빙의해서 제가 바로 달려갈게뇨,2025-03-24,sweetshop
2379,sweetshop_2025-03-24,jjiwoo.pyo.jj,언니...혹시 천사채 먹어도 되는건가요..?,2025-03-25,sweetshop
2380,sweetshop_2025-03-24,yongwon94,옥순님…?,2025-06-08,sweetshop
2381,sweetshop_2025-03-24,heerrim,헐ㅋㅋ 횟집에서 저걸 바로 채썰어 준다고 생각하고 맛있게 먹는거야?,2025-06-01,sweetshop
2382,sweetshop_2025-03-24,pinkwing86,오 무갱이라는 말 첨 들어요...,2025-03-24,sweetshop
2383,sweetshop_2025-03-24,jinho9727,@best_leader.k 다도회 기둘,2025-03-25,sweetshop
2384,sweetshop_2025-03-24,xiiixiixiixiiixiiix,무생채해서 비빔밥😍,2025-03-25,sweetshop
2385,sweetshop_2025-03-24,kimeungyong1385,근데 무에서 회냄새는 안났어요?,2025-03-25,sweetshop
2386,sweetshop_2025-03-24,yum7307,무갱~하루이틀지나면 색도변하고 안좋아 보여요때~빳빳하고 좋은건 보통 그날민거입니다.보통 일식집이나 저렴이아닌곳은 재사용1도안합니다.무갱 골라서 어쩌구 저쩌구 아무의미 없어서 안해요😂,2025-05-08,sweetshop
2387,sweetshop_2025-03-24,sinbomsin,횟집에서 배달되는 천사채는 절 때 먹으면 안 돼요 횟집 천사채는 홀에서 사용하고 물에 담가두었다 세척 후 재사용되는 곳이 많아서 횟감에 깔린 천사채는 안 먹는 게 좋아요 ㅠㅠ,2025-04-10,sweetshop
2388,sweetshop_2025-03-24,t.and.pants,먹고 탈났습니다 그냥 버려요,2025-03-26,sweetshop
2389,sweetshop_2025-03-24,hoono0929,매장에서 섞어서 갈변되면 다시 무슨 짓을 해서 다시 하얗게 만들듯 한데. . 홀없고 포장 배달만 하는곳이면 괜찮은듯,2025-03-25,sweetshop
2390,sweetshop_2025-03-24,yeppensh77,이거대충보고 천사채전해먹는사람있을꺼다,2025-05-06,sweetshop
2391,sweetshop_2025-03-24,seojeong__98,ㅋㅋㅋㅋ아 돼끼님 너무 귀여우시닼ㅋㅋㅋㅋㅋㅋㅋ,2025-03-24,sweetshop
2392,sweetshop_2025-03-24,seoyeon130814,나만 회 밑에 천사채있나?;;,2025-03-25,sweetshop
2393,sweetshop_2025-03-24,mh_jo.91,무생채해도 안비리고 괜찮으려나??배탈은 안나게찌요ㅜ!?,2025-03-25,sweetshop
2394,sweetshop_2025-03-24,just0jin,재사용하는거아니였나???,2025-03-25,sweetshop
2395,sweetshop_2025-03-24,jeffyoun82,돼끼님이 여기서 왜나와요?!!!,2025-03-30,sweetshop
2396,sweetshop_2025-03-24,gyucanim,저 무채 빨아서 재사용 한다고 했었는데.,2025-04-05,sweetshop
2397,sweetshop_2025-03-24,yeongsig157,무가 아니고 천사채 입니다ㅎㅎㅎ,2025-04-06,sweetshop
2398,sweetshop_2025-03-24,jeongcanho46,무가 투명해요??,2025-04-06,sweetshop
2399,sweetshop_2025-03-24,leejooyoung1001,이거 보고 해먹는 사람 없길..,2025-04-08,sweetshop
2400,sweetshop_2025-03-24,__junseong2__,저거 천사채아님?,2025-04-12,sweetshop
2401,sweetshop_2025-03-24,hp_energy,저는 된장국 끓이니까 시원하더라고요ㅋㅋㅋ,2025-04-14,sweetshop
2402,sweetshop_2025-03-24,tonyynim,원효대사해골물,2025-04-22,sweetshop
2403,sweetshop_2025-03-24,eunsug668,요즘 무채 주는곳이 있나요? 예전엔 이렇게 주는곳이 종종 있었는데 회랑 같이 먹음 존맛 이었는뎅...포장 무만 먹어야 ...횟집 안에서 먹을때 주는건 먹지말고~~,2025-04-25,sweetshop
2404,sweetshop_2025-03-24,yeonwo0_f,들기름으로 구우면 더 맛날거같은데용,2025-04-30,sweetshop
2405,sweetshop_2025-03-24,event._.geun,버리세요….,2025-05-16,sweetshop
2406,sweetshop_2025-03-24,luckyribs,세상모르는거입니다..죽도 먹다남은밥은 가져와끓이던데😢,2025-05-21,sweetshop
2407,sweetshop_2025-03-24,time99077,굳이 먹어야돼?,2025-05-23,sweetshop
2408,sweetshop_2025-03-24,y_d_0704,다들 저렇게 말했으니.. 이제 안드시겠징..😢,2025-05-25,sweetshop
2409,sweetshop_2025-03-24,coejunhyeog457,천사채 아닌가 회밑음,2025-05-25,sweetshop
2410,sweetshop_2025-03-24,nfkfkddkkd,나도 해줘요😮,2025-05-25,sweetshop
2411,sweetshop_2025-03-24,lys150128,그거 재활용 하는거에요,2025-05-27,sweetshop
2412,sweetshop_2025-03-24,traveler.terry,매운탕 끓일때 넣어먹어도 맛있죠🔥,2025-05-27,sweetshop
2413,sweetshop_2025-03-24,dhals5393,배민 요청 사항에 사장님 무 많이 깔아주세요 생기겠네 ㅋㅋ,2025-05-29,sweetshop
2414,sweetshop_2025-03-24,sjy.sng,천사췌 아님?,2025-05-29,sweetshop
2415,sweetshop_2025-03-24,kk_monmon,설마 락스에 다시 표백하듯 하옇게해서 닷재활용하나? 왜자꾸 깊게 못말한다하지? ㅠ,2025-06-05,sweetshop
2416,sweetshop_2025-03-24,asharose1003,우리동네는 천사채줌,2025-06-24,sweetshop
2417,sweetshop_2025-03-24,gdok92,그거 먹는게 아니에요 ㅜㅜ,2025-07-17,sweetshop
2418,sweetshop_2025-03-24,mik_jjg,천사채 아니엿씀,2025-07-24,sweetshop
2419,sweetshop_2025-03-23,jisoolee4,중국사람 뭐라할것 아니네요. 이런것도 먹는건줄 몰랐어요.,2025-03-24,sweetshop
2420,sweetshop_2025-03-23,yam_hyemin,홍어애 진짜 맛나요...여러분 나주오면 홍어애탕 드셔보셔요 !! 진짜 꼬숩!!,2025-03-23,sweetshop
2421,sweetshop_2025-03-23,jungetime,홍어애 아직인데 싱싱하면 도전해 보고 싶어요ㅎ 삭힌 홍어애는 못 먹어요😂,2025-03-24,sweetshop
2422,sweetshop_2025-03-23,s.jxn_12,저 홍어애.. 너무 느끼해서 저는 두번다신 안먹고 싶은 맛이었어요..ㅜ,2025-03-23,sweetshop
2423,sweetshop_2025-03-23,_love_holic,생으로 싱싱하게 먹으려면 어디서 사야하나요~~?? ㅜ ㅜ,2025-03-23,sweetshop
2424,sweetshop_2025-03-23,jh_0321,고소하니 좋아해요 삭힌홍어애탕도 넘좋아요~~~,2025-03-23,sweetshop
2425,sweetshop_2025-03-23,uuee14y,우와 초반에 혓바닥 귀신인줄,2025-03-23,sweetshop
2426,sweetshop_2025-03-23,stopsilver__s2,저도 홍어애 좋아해요 그런데 홍어애는 상태에 따라서 맛이 너무너무 차이가 심하더라고요.. 복불복없는 맛을 느끼려면 노랑가오리 애 추천드립니다,2025-03-24,sweetshop
2427,sweetshop_2025-03-23,eunnam_choi_86,홍어애 진짜 좋아용~~ 저만큼 얼마에용?,2025-04-13,sweetshop
2428,sweetshop_2025-03-23,primp0000,애는 뭐든 다맛있어요. 어떤 생선이든,2025-05-06,sweetshop
2429,sweetshop_2025-03-23,jeongmi111,와 진짜 맛있겠네요👏,2025-03-30,sweetshop
2430,sweetshop_2025-03-23,kimyeonzi_,@mi_rr0714 이거 징짜 맛있는데... 할머니가 귀한 거라고 나만 줬는데...........,2025-03-25,sweetshop
2431,sweetshop_2025-03-23,rladydwnek,@shin_bongho 먹구싶어,2025-06-01,sweetshop
2432,sweetshop_2025-03-23,seohee_1104,맛있겠다,2025-03-23,sweetshop
2433,sweetshop_2025-03-23,nanhee1224,전 홍어는 즐기는데.. 홍어애는 도전했다가 실패😂,2025-03-24,sweetshop
2434,sweetshop_2025-03-23,business1050,모든 애는 다 맛있어요 ㅎㅎ,2025-06-09,sweetshop
2435,sweetshop_2025-03-23,jju___hii___,@doazoahh 이런거ㅠ먹어? 궁금해..,2025-05-12,sweetshop
2436,sweetshop_2025-03-23,backo1550,홍어 집에서 서비스로 주신거 먹고 신세계를 경험했음 너무 맛있더라고요.,2025-03-24,sweetshop
2437,sweetshop_2025-03-23,tweak_doll,18주좋아요 110개답글 달기,2025-03-23,sweetshop
2438,sweetshop_2025-03-23,hagomyang,이야... 생 홍어회랑 생 홍어애 먹어보고 극락이였는데,2025-05-09,sweetshop
2439,sweetshop_2025-03-23,rladydwnek,@shin_bongho 이것도 두가지,2025-06-20,sweetshop
2440,sweetshop_2025-03-23,_o3lzl,@yeonw.0.0 궁금하긴해,2025-07-07,sweetshop
2441,sweetshop_2025-03-23,k_saron_,@r_mi__v 언니 이거 먹어봤어..?,2025-03-24,sweetshop
2442,sweetshop_2025-03-23,jnskks,저걸 살 수가 없어요 ㅎㅎㅎ넘나 귀한거라😍,2025-06-11,sweetshop
2443,sweetshop_2025-03-23,firstseam,한입 딱 좋은데 그담부턴 느끼해요 ㅋㅋ,2025-07-16,sweetshop
2444,sweetshop_2025-03-23,sonx_sa,간인가? 했는데 맞내,2025-05-18,sweetshop
2445,sweetshop_2025-03-23,jinhooo0,@dayeong2__ 찜,2025-03-25,sweetshop
2446,sweetshop_2025-03-23,djyoonja00,안삭히면 그 특유의냄새는 없는거에요??,2025-03-24,sweetshop
2447,sweetshop_2025-03-23,demolition_ksy,홍어애를 저렇게 구입 할 수 있어요? 😮,2025-05-27,sweetshop
2448,sweetshop_2025-03-23,olilolilolill,릴스 하지마셈 목소리도 흉측해서 말할때마다 귀아픔,2025-05-16,sweetshop
2449,sweetshop_2025-03-23,booming_05,우웩,2025-07-16,sweetshop
2450,sweetshop_2025-03-23,yubi_901,@aha.emo 진짜 꼬시겠다ㅜㅜ,2025-05-13,sweetshop
2451,sweetshop_2025-03-23,hyangsoonko82,홍어애탕~~칼칼하게 끓이믄 진짜😍😍,2025-03-24,sweetshop
2452,sweetshop_2025-03-23,alwo359,@zerowaterk 아아아아아아이거다 내가 접때 말한 홍어애 이상한 식감,2025-05-12,sweetshop
2453,sweetshop_2025-03-23,sal_bbay,으,2025-05-09,sweetshop
2454,sweetshop_2025-03-23,luminous.1968,ㅇ ㅏ 이언니 참기름 또 빼먹으셨네!!!!,2025-03-23,sweetshop
2455,sweetshop_2025-03-23,____meke91,@___so_hee94 궁금하긴하다ㅋㅋㅋ,2025-05-06,sweetshop
2456,sweetshop_2025-03-23,ong_s.w_,홍어애는 삭히는거X 신선할때만 먹는데 진짜 소금기름장 찍어먹으면 푸아그라 쌍싸대기빰대기후랴칩니다ㅜㅜㅠ,2025-03-25,sweetshop
2457,sweetshop_2025-03-23,hanwomole72,고래회충 있어요,2025-03-24,sweetshop
2458,sweetshop_2025-03-23,ddhop99,한국인맞음? 외국사람같은데,2025-03-30,sweetshop
2459,sweetshop_2025-03-23,yugga__,"맛있진 않던데 ㅠㅜㅜㅜ 크리미할뿐,,,ㅜㅠㅜㅡ",2025-03-25,sweetshop
2460,sweetshop_2025-03-23,mff_peacecode,기생충위험은 없나요?,2025-03-24,sweetshop
2461,sweetshop_2025-03-23,tattoo_genta,마싯서..,2025-03-25,sweetshop
2462,sweetshop_2025-03-23,crysta1ee1106,@min9__9yuu 도전해보자 같이,2025-03-25,sweetshop
2463,sweetshop_2025-03-23,pmjpymj___,어우 홍어먹으면서 막걸리랑,2025-03-25,sweetshop
2464,sweetshop_2025-03-23,soos__noo,맛있나요?,2025-03-24,sweetshop
2465,sweetshop_2025-03-23,solinsong,@sunjae_lim 홍어애,2025-03-24,sweetshop
2466,sweetshop_2025-03-23,gokki_oz,@hello.__.osh 헉 승현이 좋아요햇나😮 먹고싶다는거지?!,2025-03-25,sweetshop
2467,sweetshop_2025-03-23,19xx3_3,으아악...😮,2025-03-23,sweetshop
2468,sweetshop_2025-03-23,love.apple_love,어으,2025-03-23,sweetshop
2469,sweetshop_2025-03-23,daylight_snap,두 입 드시고 남은거 잡솨님 드려욤😂,2025-03-24,sweetshop
2470,sweetshop_2025-03-23,joondell417428,애들 삭히지 않아서 잘먹는것 같은데ㅎㅎ,2025-03-23,sweetshop
2471,sweetshop_2025-03-23,1215taein123,으왝🤪😜🤪🤧🤯😵‍💫😵😱💀난 못먹음😢😢,2025-03-24,sweetshop
2472,sweetshop_2025-03-23,kimse.hun100,혀같아요😢😢😢😢😢,2025-03-24,sweetshop
2473,sweetshop_2025-03-23,captain_perpect,읔,2025-03-24,sweetshop
2474,sweetshop_2025-03-23,alala_lggg,으악,2025-03-23,sweetshop
2475,sweetshop_2025-03-23,twinkle_hwihwi,@l_zirlo 소금에 고춧가루야 챙기자,2025-03-24,sweetshop
2476,sweetshop_2025-03-23,gimaram.gim,무슨 맛 이에요 *?,2025-03-23,sweetshop
2477,sweetshop_2025-03-23,hde1150,이거 어디서 구입하셨나요?,2025-03-23,sweetshop
2478,sweetshop_2025-03-23,cookkim1764,환장하죠,2025-03-23,sweetshop
2479,sweetshop_2025-03-23,oh_hong_oh,진짜 마딛겟다,2025-03-23,sweetshop
2480,sweetshop_2025-03-23,samsik20,홍어애 진심 맛있죠 미식가만 아는 그맛❤️,2025-03-23,sweetshop
2481,sweetshop_2025-03-23,lee.su_jin6230,홍어애 뭐에요?,2025-03-23,sweetshop
2482,sweetshop_2025-03-23,_mmlleook_,와 생김새가...,2025-03-23,sweetshop
2483,sweetshop_2025-03-23,plusealpa,홍어애탕 너무 좋아해요❤️,2025-03-23,sweetshop
2484,sweetshop_2025-03-23,kkam.diary,아 존맛 ㅠㅠㅋㅋ,2025-03-23,sweetshop
2485,sweetshop_2025-03-23,ojuyeong1863,홍어 너무좋아해요 이런 건 안 먹어봤네. ㅋㅋ 다음에 한번 먹어봐야겠어요,2025-03-23,sweetshop
2486,sweetshop_2025-03-23,_jeonghwa_,이성경 닮았어요^^,2025-03-23,sweetshop
2487,sweetshop_2025-03-23,rye_won_kim,얼려서 깍뚝썰기해 먹으면 넘 맛있어요,2025-03-23,sweetshop
2488,sweetshop_2025-03-23,victory_jieun,어디서 사셨어요?,2025-03-24,sweetshop
2489,sweetshop_2025-03-23,rhythmizm,“아귀간” 추천드립니다 👏❤️,2025-03-24,sweetshop
2490,sweetshop_2025-03-23,joinpung9,홍어애 죽이지,2025-03-24,sweetshop
2491,sweetshop_2025-03-23,daebal.j,진짜 맛나는데 쥐취애도 맛남,2025-03-24,sweetshop
2492,sweetshop_2025-03-23,moohwatomoca,"한번 살짝 데쳐서 생강이랑 무 갈은거랑 고춧가루,쪽파 송송 올리고 유자폰즈 뿌려먹음 맛나요",2025-03-24,sweetshop
2493,sweetshop_2025-03-23,pensamiento_de_mi_futuro_bien,간장에 장담그고 참기름장 츄릅,2025-03-24,sweetshop
2494,sweetshop_2025-03-23,sontaihyun,양주 좋은놈 한병에 안주로 홍어애 강추..,2025-03-24,sweetshop
2495,sweetshop_2025-03-23,sk62571700,크림스파게티맛,2025-03-24,sweetshop
2496,sweetshop_2025-03-23,ryu_rinha,애가 뭐지,2025-03-24,sweetshop
2497,sweetshop_2025-03-23,dktlskdy107,으..,2025-03-24,sweetshop
2498,sweetshop_2025-03-23,kakituy,맛난데,2025-03-24,sweetshop
2499,sweetshop_2025-03-23,bx_pp,어디서사요??? 나두 사서먹고싶다 ㅠㅠㅠ,2025-03-24,sweetshop
2500,sweetshop_2025-03-23,jojunwon7179,애,2025-03-24,sweetshop
2501,sweetshop_2025-03-23,k2h_0115,그시골이 어디냐고요..당장달려가고 싶네요,2025-03-24,sweetshop
2502,sweetshop_2025-03-23,origin_dragon,애를 드시다니 좀 더 크면 드시지 ㅠㅠ,2025-03-24,sweetshop
2503,sweetshop_2025-03-22,chanjae_ss0308,고추장에 오징어 찍어서 와구와구 먹고싶은 밤이네오 항상 영상 잘 보고 있습니다! 대리만족 풀 충전ing(^_^)v 혹시 3번째 사진은 무엇을 표현한건지 여쭤볼 수 있을까요? (좋아요와 구독인가용?),2025-03-23,sweetshop
2504,sweetshop_2025-03-22,__cookim_,오마이갈릭 is back🙃,2025-03-22,sweetshop
2505,sweetshop_2025-03-22,_kong_s,응 그만예쁘도록해요 우리,2025-03-23,sweetshop
2506,sweetshop_2025-03-22,pinkwing86,마지막사진 3대째 이어져 내려오는 고추장 대가의 막내며느리같다.. 사이트에 올릴 사진 귀엽고 깜찍하게 찍은거 같은 느낌쓰🤭🤭🤭,2025-03-23,sweetshop
2507,sweetshop_2025-03-22,_simcheong,왤케 예뻐용,2025-03-25,sweetshop
2508,sweetshop_2025-03-22,cat_sle_0,누가 그렇게 이쁘래!!!!!!!!!!!!!,2025-03-23,sweetshop
2509,sweetshop_2025-03-22,sungho_0p,아름다운 웅니❤️❤️,2025-03-22,sweetshop
2510,sweetshop_2025-03-22,yeonjun_log,아뉘🫢 이 미녀는 누구죠!? 설마 이장금님?❤️,2025-03-23,sweetshop
2511,sweetshop_2025-03-22,z._.xin1661,오마이 갈릭!!,2025-03-23,sweetshop
2512,sweetshop_2025-03-22,yewonkim_p,"언니..아 자꾸 홀리지 말라니까!,,,❤️",2025-03-22,sweetshop
2513,sweetshop_2025-03-22,itsjackeuro,순간 오 마이 갈릭 복귀 떡밥인줄,2025-03-22,sweetshop
2514,sweetshop_2025-03-22,rulru_ram_,아니진짜예쁜데 와 진짜 너무예쁜데,2025-03-22,sweetshop
2515,sweetshop_2025-03-22,chickengangjeong_99,이사장 남친 자리는 현재 재고가 없으니 여친자리는 언제 열리나요? ㅋㅋㅋㅋㅋ,2025-03-23,sweetshop
2516,sweetshop_2025-03-22,gimjinseon257,컨셉 ㅋㅋ 잘 어울려요❤️,2025-03-23,sweetshop
2517,sweetshop_2025-03-21,s.jxn_12,와 저거 유튭에거 전에 본거 가튼데.. 쨋든 저조합 ㄹㅇ 꿀맛이에여!! 전에 이사장님 영상보고 도전해봤는데.. 역시 믿고따르는 이사장님 레시피..💗,2025-03-21,sweetshop
2518,sweetshop_2025-03-21,hana.9548,나도 있다~~~~~😍😍😍 저도 이거 만들어 먹어봐야겠어요😍😍,2025-03-21,sweetshop
2519,sweetshop_2025-03-21,z._.xin1661,맛있겠다 ㅏㅏ 근데 와플팬으로도 되나? 타코야끼 팬이 없어서여ㅋ큐ㅠ,2025-03-21,sweetshop
2520,sweetshop_2025-03-21,everyday_3016,언니 레시피 천재❤️❤️❤️ 진짜 고양이 지나가는 모습도 귀여워요 ㅋㅋㅋㅋ 이쯤 되면 언니 머리속에 수만가지의 아이디어와 레시피가 있으신게 아닌지~ㅎㅎ 궁금해용 ㅎㅎ,2025-03-21,sweetshop
2521,sweetshop_2025-03-21,jii4370,어쩜 이런 아이디어를 생각해내시는지..아무나 크리에이터가 되는건 아닌가봐요..근데 왜 점점 뽀얀 아가같지? 예쁘다 😍,2025-03-21,sweetshop
2522,sweetshop_2025-03-21,cooking._.is_mylife,언니ㅠㅜㅜㅠㅠ 롱폼 언제 올라가용 ㅠㅜㅠㅠ 나 맨날 학교 갈준비 안하고 확인 하는게 일상이 되버렸어ㅠㅜ언니에 롱폼을 사랑하는 사람이 되,2025-03-21,sweetshop
2523,sweetshop_2025-03-21,binee_1bitestudio,이사장님 진짜 천재아님...?😭,2025-03-24,sweetshop
2524,sweetshop_2025-03-21,yeseul0410,갑자기 2년전에 계속 돌려보던 영상이 떠서 놀랐네요❤️이사장님은 역시 먹잘알에 얼짱까지👏❤️,2025-03-21,sweetshop
2525,sweetshop_2025-03-21,soohyun0406,이모 진짜 맛있어보이네용,2025-03-21,sweetshop
2526,sweetshop_2025-03-21,uxexnx,왕 진짜 맛있어보여요!! 이사장님 영상 볼때마다 아이디어 진짜 좋으신 거 같아요!! 최고 그리구 영상도 넘 재밋고 귀여우심 상황극도 넘 잘 하시구ㅜ 좋은영상들 올려주셔서 감사함미다!😊❤️,2025-03-21,sweetshop
2527,sweetshop_2025-03-21,mukorang,온니 지쨔 천재❤️❤️❤️,2025-03-21,sweetshop
2528,sweetshop_2025-03-21,sungho_0p,맛나요😍😍,2025-03-22,sweetshop
2529,sweetshop_2025-03-21,pinkwing86,천재네....,2025-03-21,sweetshop
2530,sweetshop_2025-03-21,h.luck0521,와..침고여..❤️,2025-03-24,sweetshop
2531,sweetshop_2025-03-21,soos__noo,타코야끼 팬이 없으면 어떻게 만들어요?,2025-03-24,sweetshop
2532,sweetshop_2025-03-21,bodam_64,언니는없는게없네,2025-04-15,sweetshop
2533,sweetshop_2025-03-21,jungyunchoi7,언니 이걸 지금 올리면 어떡해,2025-03-22,sweetshop
2534,sweetshop_2025-03-19,everyday_3016,언니 악플 보지말구 진짜 언니 칭찬하는 댓글만 봐요❤️❤️ 진짜 넘 이쁘구 어머님두 이쁘세요!! 항상 언니 레시피 올려주셔서 저도 따라할려고 도전 중입니당 ㅎㅎ 앞으로도 화이팅 하시길 응원해요😍,2025-03-19,sweetshop
2535,sweetshop_2025-03-19,j_a_n_e94,아 이사장님 ㅋㅋㅋㅋㅋㅋㅋㅋㅋㅋㅋㅋㅋㅋㅋㅋㅋㅋㅋ 뻐큐 너무귀여운거아니냐구욬ㅋㅋㅋㅋㅋㅋㅋㅋㅋㅋ,2025-03-19,sweetshop
2536,sweetshop_2025-03-19,hiskyhi,힝구 귀여운 어모니 ㅎ,2025-03-20,sweetshop
2537,sweetshop_2025-03-19,krystal_worthit,아 피자빵 완전 알죠!!! ❤️❤️❤️ 그나저나 악플대처도 너무 잘해부러요🥰 역시 못배운티는 어디서도 못 속인답니다요😂,2025-03-19,sweetshop
2538,sweetshop_2025-03-19,rosemizip,울 이사장님이 예쁘고 아름다우신 어머님 닮아서 요리를 잘하시구나😍❤️,2025-03-19,sweetshop
2539,sweetshop_2025-03-19,jii4370,엄마 앞에선 아가네..아가 ㅋ 귀여운 이사장님,2025-03-19,sweetshop
2540,sweetshop_2025-03-19,sungho_0p,언니 싸랑해요❤️❤️ 난 항상 언니편!!,2025-03-19,sweetshop
2541,sweetshop_2025-03-19,awesome_.dog,ㅎㄹ 언뉘 도마 모에요 ….?,2025-03-20,sweetshop
2542,sweetshop_2025-03-19,parkwonbin_starship,역시 추억의맛은 잊을수 없는것같아요,2025-03-20,sweetshop
2543,sweetshop_2025-03-19,youtubekorea,세상에서 가장 맛있는 고급 피자빵🍕,2025-03-20,sweetshop
2544,sweetshop_2025-03-19,soo_j.cola,피자는 아니였지만 어릴적 엄마계란카스테라가 생각나네요,2025-03-19,sweetshop
2545,sweetshop_2025-03-19,samsik20,진짜 저따구로 댓글 남기는 놈들은 얼마나 생겼나 보고싶음 ㅎㅎ,2025-03-20,sweetshop
2546,sweetshop_2025-03-19,longlongieee,저 손으로 하시면 뭐든 안 맛있을 수 없을거같아요🩷,2025-03-19,sweetshop
2547,sweetshop_2025-03-19,hy0_dam,저런 저급한 댓글에도 흔들리지 않는 강철멘탄 이사장 그는 대체…,2025-04-25,sweetshop
2548,sweetshop_2025-03-19,shehe_.001,언니@디엠 한 번만 읽어주세요 진짜 인증가능합니다,2025-03-19,sweetshop
2549,sweetshop_2025-03-19,lee.__.happy,"오 맛있겠어용❤️❤️❤️ 어머니, 이사장님 레시피 감사합니다❤️❤️❤️",2025-03-19,sweetshop
2550,sweetshop_2025-03-19,yeseul0410,언니는 점점 예뻐지네😍 어머님 닮아서 그러신가보다👏❤️,2025-03-19,sweetshop
2551,sweetshop_2025-03-19,ieunyeong187,저도 교회쌤이 만들어주셨어요,2025-03-19,sweetshop
2552,sweetshop_2025-03-19,kkuldong_e,맛있겠어요😍,2025-03-20,sweetshop
2553,sweetshop_2025-03-19,lee.kh1204,참한 이사장님,2025-03-20,sweetshop
2554,sweetshop_2025-03-19,r_h_b_1014,시중에 파는 피자빵이랑 똑같이 만드는 어머님 요리실력 ㅎㅎ,2025-03-20,sweetshop
2555,sweetshop_2025-03-19,qorckddn97,저는.... 식빵에 케찹바르고 위에 설탕 좀 뿌리고 했는데.... 피자빵 저리가라에요~,2025-03-21,sweetshop
2556,sweetshop_2025-03-19,ahb_xloch,자피 아나,2025-03-22,sweetshop
2557,sweetshop_2025-03-19,jletigr.186,솔직히 맛없을수없음,2025-03-24,sweetshop
2558,sweetshop_2025-03-19,seoyeon130814,옛날이나 지금이나 둘다 귀여우신 듯ㅋㅋㅋㅋ,2025-03-25,sweetshop
2559,sweetshop_2025-03-19,90.21g,저거 우리 학교에 나오는데,2025-03-31,sweetshop
2560,sweetshop_2025-03-19,tagyejun30,오 피자보다 맛있어 보인다,2025-04-12,sweetshop
2561,sweetshop_2025-03-19,foodnsierra,우리집은 피망 양파 소시지 치즈 이렇게였지 ㅋㅋㅋㅋ,2025-04-17,sweetshop
2562,sweetshop_2025-03-19,00white0wolf00,졸맛,2025-05-25,sweetshop
2563,sweetshop_2025-03-19,lover20421,저도 어릴적 저거 였는데🔥🔥❤️,2025-05-26,sweetshop
2564,sweetshop_2025-03-19,h.j.w_yougil,사이가 너무 좋아보여서 좋아 ㅎㅎ,2025-05-30,sweetshop
2565,sweetshop_2025-03-19,sysysy0122,이사장님 내 스타일 🙌,2025-06-10,sweetshop
2566,sweetshop_2025-03-19,nike_02.06,"뒷구르기하면서 봐도 청순한 시골 소녀인데, 정확하죠?",2025-06-13,sweetshop
2567,sweetshop_2025-03-19,mayogamju,최여사님 저도 해주세요이잉ㄱㅇㄱㅇㄱㅇㅇㄱㅇㄱ잉ㄱㅇ이이잉ㅇ,2025-06-24,sweetshop
2568,sweetshop_2025-03-18,z._.xin1661,사진만 봤는데도 이사장님 목소리가 들리는거 같다😂 ㅋㅋㅋ,2025-03-18,sweetshop
2569,sweetshop_2025-03-18,yeseul0410,언니 음식보는 표정이 너무 귀여우면서 웃겨❤️❤️❤️,2025-03-18,sweetshop
2570,sweetshop_2025-03-18,bboni._.bbang,넣어먹는게 맛있으니까 오늘부터 그게 원조인걸로 하죠!,2025-03-18,sweetshop
2571,sweetshop_2025-03-18,sungho_0p,아ㅠㅠ 맛있어보여요,2025-03-18,sweetshop
2572,sweetshop_2025-03-18,xvcyuuuk,표정이 왜 다 놀라있어욬ㅋㅋㅋㅋㅋㅋ 뭔들 이사장님 말이 맞습니다 저 세개가 들어가야 부대찌개죠,2025-03-18,sweetshop
2573,sweetshop_2025-03-18,goo_young_jo_0801,요즘 인스타는 음성지원이 되는구나 요즘에 ㄷㄷ,2025-03-18,sweetshop
2574,sweetshop_2025-03-18,scene_sua,"베이크드빈, 민찌, 뭔가 말라비틀어져 거무죽죽한 국물 머금은 햄, 소세지 근본. 치즈, 마카로니? 노인정.",2025-03-19,sweetshop
2575,sweetshop_2025-03-18,71ndur,베이크드빈 치즈 마카로니.. 셋다 용납 불가ㅜㅜ 제가 생각하는 완벽한 부대찌개는 국물이 깔끔해야 해요...,2025-03-18,sweetshop
2576,sweetshop_2025-03-18,04__0817_22,딤딤섬 마라우육면 같이 빨아야합니다.,2025-03-18,sweetshop
2577,sweetshop_2025-03-18,play_eat_goe,그래서 예쁜 이사장의 무너진 부찌 세계관에서 ‘ 3가지 재료 다넣은 VS 안넣은 ‘ 중 무엇이 더 맛있었는지 궁금해여,2025-03-18,sweetshop
2578,sweetshop_2025-03-18,eelanim_a,부대찌개의 근본 송탄 부대찌개도 베이크드빈 마카로니는 X,2025-03-20,sweetshop
2579,sweetshop_2025-03-18,bbing.gga,오늘 급식에 부대지게 나왔는데,2025-03-20,sweetshop
2580,sweetshop_2025-03-18,oh_w00n_wan,의정부인으로서 저 세 개가 다 들어가는 부대찌개는 부대찌개라고 안 쳐줍니다.,2025-03-18,sweetshop
2581,sweetshop_2025-03-17,sungho_0p,이사장님이 좋아하심 저도 호❤️❤️,2025-03-17,sweetshop
2582,sweetshop_2025-03-17,binee_1bitestudio,낫또..... 안먹는 1인인데 아이스크림이랑 먹으면 괜찮을 것 같아요ㅋㅋㅋㅋ,2025-03-18,sweetshop
2583,sweetshop_2025-03-17,_hyoungs,엄청 어리셨네여 😍ㅋㅋㅋ 입맛은 안변하쥬 사람도 안변하곸ㅋㅋㅋ,2025-03-17,sweetshop
2584,sweetshop_2025-03-17,z._.xin1661,진짜 맛있어요...? 낫또를 안먹어봤는데 궁금하당,2025-03-17,sweetshop
2585,sweetshop_2025-03-17,yeseul0410,이사장님이 옛날에 드셨던 낫또 샌드워치 생각나요❤️,2025-03-18,sweetshop
2586,sweetshop_2025-03-17,chickyj_.x,이사장님 왜케 예쁘세요 ㅜ,2025-03-17,sweetshop
2587,sweetshop_2025-03-17,sinminha44,슬라임인줄ㅋ,2025-03-20,sweetshop
2588,sweetshop_2025-03-17,2ii_0801,둘다 조아하는것만 ㅠㅠ하 ㅠㅠㅠ이 천재박사같으니,2025-06-13,sweetshop
2589,sweetshop_2025-03-17,drgvi35yg,ㅠㅠㅜ부디 나또 관한것좀 마니올려주세요 저 이번에 한박스 시켰는데 겁이나요 첫 나또라서,2025-03-19,sweetshop
2590,sweetshop_2025-03-17,mukorang,우아..,2025-03-17,sweetshop
2591,sweetshop_2025-03-17,sxnhyeyexn,젤낫또,2025-04-08,sweetshop
2592,sweetshop_2025-03-17,_mmlleook_,정리..해주고 싶다..,2025-03-17,sweetshop
2593,sweetshop_2025-03-17,_mmlleook_,오와... 역시 세상은 돌고 돈다...,2025-03-17,sweetshop
2594,sweetshop_2025-03-17,soul_jang,낫토 못먹는사람은 괴식,2025-03-17,sweetshop
2595,sweetshop_2025-03-16,s.jxn_12,한번도 안먹어 보신분…---------------->,2025-03-16,sweetshop
2596,sweetshop_2025-03-16,songpell01,ㅎㅎㅎㅎ프리마에 설탕만 타면 우유엿어요ㅎ 타먹다가 그래서 엄마한테 혼낫어요😂😂,2025-03-16,sweetshop
2597,sweetshop_2025-03-16,kellyfornia_c,오늘도 귀엽…😍,2025-03-16,sweetshop
2598,sweetshop_2025-03-16,kimpingky,어렸을때 할머니집가면 먹을수있었는데 ㅋㅋㅋㅋㅋㅋㅋㅋㅋㅋ,2025-03-16,sweetshop
2599,sweetshop_2025-03-16,eunyoung2556,막걸리에 사이다 섞어먹어봐요 막사 밀키스 저리가라,2025-03-16,sweetshop
2600,sweetshop_2025-03-16,yalan12418,사장님도 쪽~❤️,2025-03-16,sweetshop
2601,sweetshop_2025-03-16,jongwon9262,아이유인줄..폭삭속아쑤다,2025-03-16,sweetshop
2602,sweetshop_2025-03-16,kimeungyong1385,근데 이거 엄청 살찌자나요ㅠ,2025-03-16,sweetshop
2603,sweetshop_2025-03-16,k.bboo92,흡사 논알콜 진피스 느낌,2025-03-16,sweetshop
2604,sweetshop_2025-03-16,vick4420,"무릇 진정한 열혈 청개구리 초딩이라면 하지말라는건 몰래라도 해야 인생의 달고 씀을 겪으며 강하게 성장하는 법! 어렸을적 프리마는 어른들이 먹는거라며 못먹게 했으나, 끝끝내 이를 거부하고 몰래 퍼먹다가 걸려 오지게 쳐맞으며 큰 덕분에 40평생 건강한 근육돼지 중년이 됬습니다!!!! (농담이고... 어린이 여러분들. 프리마 많이 먹으면 소아비만 뚱돼지 되요 ^^;;)",2025-03-16,sweetshop
2605,sweetshop_2025-03-16,jjo_ssan21,@___dayeong___ @yongdol_0313 생각나냐 닝겐들아... ㅎ,2025-03-21,sweetshop
2606,sweetshop_2025-03-16,_mmlleook_,헐!,2025-03-16,sweetshop
2607,sweetshop_2025-03-16,mukorang,우앜ㅎㅋㅋㅎㅎㅋㅎ,2025-03-16,sweetshop
2608,sweetshop_2025-03-16,knotted_0927_,많이 먹으면 살찐다고 많이 맞았지....,2025-03-16,sweetshop
2609,sweetshop_2025-03-16,seon_ok_h,옛날생각 나네요… 존맛이였는데… 챱챱…. 원래 저래 뽀얀 색이였나요? 약간 누리끼리 하지 않았었나!? 그건 사촌동생의 분유였나? ㅋㅋㅋ 잘 기억이 안나네용~,2025-03-16,sweetshop
2610,sweetshop_2025-03-16,sangmoon97,당장 프리마 사러 마트 갑니다😂,2025-03-16,sweetshop
2611,sweetshop_2025-03-16,ehrud_1228,요구루트랑 사이다 섞으면 밀키스맛남.,2025-03-17,sweetshop
2612,sweetshop_2025-03-16,1122alz,그냥 밀키스사먹는게..😂,2025-03-17,sweetshop
2613,sweetshop_2025-03-16,bicna.sin,프리마에 우유 타서 먹었었는데 그 맛은 진짜... 머였지? 무슨맛 이었더라 기억이 잘.....ㅎ,2025-03-17,sweetshop
2614,sweetshop_2025-03-16,mokpobom2,예전 그생각 나는군여 저희 할머니께서 밀가루인줄 알고 프리마전을 해드셨다는 설 . ㅋㅋㅋ,2025-03-17,sweetshop
2615,sweetshop_2025-03-16,ggwangjun,오호,2025-03-17,sweetshop
2616,sweetshop_2025-03-16,yx_nj2,안 넘기려할때 넘기지말래서안넘겼더니 진짜 왜그러세요;;,2025-03-17,sweetshop
2617,sweetshop_2025-03-16,hodoo901,문가영 닮아셨어요,2025-03-17,sweetshop
2618,sweetshop_2025-03-16,_0hyuk_,어렸을때 프림먹으면 죽는줄 알았는데,2025-03-18,sweetshop
2619,sweetshop_2025-03-16,z1s.xn,프리마가 약간 우유맛 나는건가요,2025-03-18,sweetshop
2620,sweetshop_2025-03-16,sonbbong_e84,그냥 밀키스먹는게 더건강할거같은..😂,2025-03-19,sweetshop
2621,sweetshop_2025-03-16,88dono62489,어릴때 엄마가 몸에 안좋다고 먹지말라그랬는데 가끔 몰래 프리마+설탕 타먹던 기억나네요 개꿀맛 ㅋ,2025-03-24,sweetshop
2622,sweetshop_2025-03-16,gibuni_11,고지혈..,2025-03-25,sweetshop
2623,sweetshop_2025-03-16,477gram,푸하핫 밀'..' ㅋㅋㅋ,2025-03-27,sweetshop
2624,sweetshop_2025-03-16,johnnyahn93,마카로니 샐러드 할때도 프리마 넣으면 물도 안생기고 겁나 맛나욤😋,2025-04-01,sweetshop
2625,sweetshop_2025-03-16,caeyun_823,국뽀셍트 ㅋㅋㅋㅋㅋㅋㅋㅋㅋ,2025-04-17,sweetshop
2626,sweetshop_2025-03-16,yu_rim7755,사랑해요 밀키스😘,2025-05-01,sweetshop
2627,sweetshop_2025-03-16,chanmi655,외갓집에 간다 > 엄마가 외출한다 > 할머니가 해주신 간계밥 + 후식 프림 > 엄마 돌아옴 > 할머니랑 같이 엄마한테 한소리 듣기,2025-06-07,sweetshop
2628,sweetshop_2025-03-16,parkyeon369,프리마 진짜 살찌는 데 😢,2025-07-20,sweetshop
2629,sweetshop_2025-03-13,s.jxn_12,와 진짜 개맛있겠다.. ㄹㅈㄷ 인데요? 방금 밥먹고 왔는데 배고파지는 이사장님 매직~,2025-03-13,sweetshop
2630,sweetshop_2025-03-13,sungho_0p,침 고여요ㅠㅠ 그와중에 이사장님 미모 미쳤어요오❤️❤️,2025-03-13,sweetshop
2631,sweetshop_2025-03-13,sseoa_12,라면 스프로 하면 더 맛있데요!,2025-03-13,sweetshop
2632,sweetshop_2025-03-13,chickenclass2021,주말에 만들어 봐야겠어요❤️❤️,2025-03-14,sweetshop
2633,sweetshop_2025-03-13,mukorang,완내스❤️,2025-03-14,sweetshop
2634,sweetshop_2025-03-13,everyday_3016,뭔가 코스트코에서 팔거 같은 비주얼인데요😍😍 언니 아프지 말구 이렇게 맛있는 음식 마니 드세여❤️❤️ 홧팅,2025-03-13,sweetshop
2635,sweetshop_2025-03-13,c.ha1_o,"1빤가,,,?",2025-03-13,sweetshop
2636,sweetshop_2025-03-13,k_jin_vvx,더 얇게 해야되용,2025-03-13,sweetshop
2637,sweetshop_2025-03-13,yeseul0410,언니가 먹으니까 다 먹고싶어~~~~♡,2025-03-13,sweetshop
2638,sweetshop_2025-03-13,jisook_2.9,음 외국꺼 느낌은 모짜렐라만이 아니라 다른치즈 섞여있는 느낌의 바삭함이었는데 말이죠...,2025-03-21,sweetshop
2639,sweetshop_2025-03-13,rhythmizm,와아 ~~~ 대박 배고파요 😢,2025-03-13,sweetshop
2640,sweetshop_2025-03-13,k.bboo92,사장님 정수리.... 빽빽하게 뿌려야 할 거 같은 데요????,2025-03-13,sweetshop
2641,sweetshop_2025-03-13,myang_ee,이사장님 바지 뒤집어졌어요ꉂꉂ(ᵔᗜᵔ*),2025-03-16,sweetshop
2642,sweetshop_2025-03-13,suns__wife,@suns_zip 해주라,2025-03-13,sweetshop
2643,sweetshop_2025-03-13,happy_mamipapa,여기 양파 위에 마요네즈 뿌리면 더 맛있어요👏,2025-03-21,sweetshop
2644,sweetshop_2025-03-13,yuyu.736,정수리가 좀 촘촘한 데요?,2025-04-25,sweetshop
2645,sweetshop_2025-03-13,seupika60,"그거 라면 가루로 해보세요,맜있어요",2025-04-12,sweetshop
2646,sweetshop_2025-03-13,lulu_dad93,양파는 씻어야하는데 씻었나오?!,2025-05-31,sweetshop
2647,sweetshop_2025-03-13,totoro_roros,파마산 치즈로 깔아야 간이 맞고 더 바삭해요 모짜는 양파위에 파마산이랑 믹스,2025-04-15,sweetshop
2648,sweetshop_2025-03-13,lucky.joo,도마 정보 좀 주실 수 있나용?,2025-05-23,sweetshop
2649,sweetshop_2025-03-13,ooe_ouoa,아니 재료 두가지라며..왜 더 있어,2025-05-07,sweetshop
2650,sweetshop_2025-03-13,iq_daeun,간단하고 맛있어보여요!!!!👏👏 저 근데 목소리가 약간 황우슬혜님이랑 비슷한것같아요😂,2025-04-26,sweetshop
2651,sweetshop_2025-03-13,rokmclvt861,ㅎㅎㅎㅎㅎㅎㅎㅎㅎㅎㅎㅎㅎㅎㅎ몸무게랑 반대래ㅎㅎㅎㅎㅎㅎㅎㅎㅎㅎㅎ,2025-03-14,sweetshop
2652,sweetshop_2025-03-11,seon_ok_h,주말 오픈런 코코가서 카트 가득 쌓아 장보고 집에와서 정리하면 지쳐서 배달시킴 ㅋㅋㅋㅋㅋㅋㅋㅋㅋ,2025-03-11,sweetshop
2653,sweetshop_2025-03-11,sunjung3636,맞아요 장은봐서오는데 막상먹을껀 없음요🤣,2025-03-11,sweetshop
2654,sweetshop_2025-03-11,lifestyle_writer_,너무 공감가는데요🤣,2025-04-17,sweetshop
2655,sweetshop_2025-03-11,everyday_3016,완전 핵 공감이여❤️❤️ 근데 돈은 많이 나온다는 사실 ㅋㅋㅋㅋ,2025-03-11,sweetshop
2656,sweetshop_2025-03-11,jjjjju_35,그리고 집에가면 피곤해서 배달시켜먹기 ㅋㅋㅋㅋ,2025-03-12,sweetshop
2657,sweetshop_2025-03-11,tkdydwnddlsslrspdla,집가서는 배달로 해결 ㅋㅋㅋ,2025-03-11,sweetshop
2658,sweetshop_2025-03-11,z._.xin1661,진짜 행복해 보이신다.....,2025-03-11,sweetshop
2659,sweetshop_2025-03-11,binee_1bitestudio,아ㅋㅋㅋ공감ㅋㅋㅋㅋㅋㅋ별로 산것도 없는 것 같은데 왜케 돈이 많이 나오는지ㅠㅠㅠㅋㅋㅋㅋㅋㅋ,2025-03-18,sweetshop
2660,sweetshop_2025-03-11,yalan12418,살 물건이 딱히 없다= 뭘 살지 정하지 않았다= 뭐는 사도 된다,2025-03-11,sweetshop
2661,sweetshop_2025-03-11,ekil_rats,@carrot_son ㅋㅌㅋㅋㅋㅋㅋ케,2025-03-11,sweetshop
2662,sweetshop_2025-03-11,seol.sol._.miz,@wonnao_ @js__ss__1125 왜 우리같냐곸ㅋㅋㅋㅋㅋㅋㅋㅋ,2025-06-17,sweetshop
2663,sweetshop_2025-03-11,w.s_song,@kimyena05 자기가 생각한거만... 헐...,2025-06-25,sweetshop
2664,sweetshop_2025-03-11,mymy_rose_rose,@nari.__.shin 다들 우리 생각과 같다구ㅋㅋㅋㅋ 코코장보고 집가서 치킨시켜먹기😆😆😆😆,2025-04-05,sweetshop
2665,sweetshop_2025-03-11,leestagram_hs,@dlwltnr_5.20 진짜 코코 다녀와서 담날 반찬할꺼없어서 쿠팡함,2025-06-24,sweetshop
2666,sweetshop_2025-03-11,dadadalim1,이번주 코코 갈건데 ㅋㅋㅋ 생활비 나가는 소리가 벌써 들립니다,2025-03-11,sweetshop
2667,sweetshop_2025-03-11,ty0000_0000,역시 큰손!!!,2025-03-11,sweetshop
2668,sweetshop_2025-03-11,__meishan__,@today.is.anotherday 나만 그런게 아니였어,2025-03-26,sweetshop
2669,sweetshop_2025-03-11,xvcyuuuk,자매품으로 올리브영..이있숩니다..,2025-03-11,sweetshop
2670,sweetshop_2025-03-11,_mmlleook_,초공감..,2025-03-11,sweetshop
2671,sweetshop_2025-03-11,play_eat_goe,괜찮아요. 이사장이 이렇게 과소비해줘야 그걸 해치우는 콘텐츠도 올라오니까요 ㅋㅋㅋㅋㅋ,2025-03-11,sweetshop
2672,sweetshop_2025-03-11,shaneeeee_hk,ㅋㅋㅋㅋㅋ민증찍는어색한미소같.......ㅋㅋㅋㅋㅋㅋㅋㅋㅋㅋㅋ,2025-03-11,sweetshop
2673,sweetshop_2025-03-11,mukorang,격공ㅋㅋㅋㅋ,2025-03-11,sweetshop
2674,sweetshop_2025-03-11,yeseul0410,진짜 인정이요~!❤️👏,2025-03-11,sweetshop
2675,sweetshop_2025-03-11,sungho_0p,ㅋㅋㅋ 인정합니다,2025-03-11,sweetshop
2676,sweetshop_2025-03-11,g_oo_d__d_a_y,떡볶이랑 핫도그는 포장이나 먹고와야 다녀온 것 같던데요😂 스프도먹어줘야듀 ㅎㅎ,2025-03-11,sweetshop
2677,sweetshop_2025-03-11,wjddusal38,한번도 안가봤는대....가면 나도저렇게??,2025-03-12,sweetshop
2678,sweetshop_2025-03-11,rhythmizm,아이고 작살났눼 작살났어요~~~ ㅋㅋㅋㅋㅋ,2025-03-12,sweetshop
2679,sweetshop_2025-03-11,e_lli_e94,@karennsy_kim ㅋㅋㅋㅋ 어디서 많이 봤는데 ㅋㅋㅋㅋㅋㅋㅋ,2025-03-12,sweetshop
2680,sweetshop_2025-03-11,cho.cho.nacho,고스트코는 배고픈 상태로 가면 안됌!!,2025-03-12,sweetshop
2681,sweetshop_2025-03-11,jihye_1122,카트안갖고 빈몸으로 들어가기 🙌,2025-03-12,sweetshop
2682,sweetshop_2025-03-11,yemmni_,@kobong8398 우리인가 ㅋㅋㅋ,2025-03-12,sweetshop
2683,sweetshop_2025-03-11,tweak_doll,마트 특,2025-03-12,sweetshop
2684,sweetshop_2025-03-11,uuee14y,코스트코 가면 기본 50만원 나오던데,2025-03-13,sweetshop
2685,sweetshop_2025-03-11,yungyeong3692,집가서 계란후라이 해먹었다는,2025-03-21,sweetshop
2686,sweetshop_2025-03-11,yungyeong3692,70나와서 잘못했다 생각했는데,2025-03-21,sweetshop
2687,sweetshop_2025-03-11,hjb7410,간식거리만사시니깐 먹을게없죠 ㅋㅋ,2025-03-23,sweetshop
2688,sweetshop_2025-03-11,bk3445,@songdo12 음..회원카드만들지말자 텅장 지름길이여😢,2025-03-23,sweetshop
2689,sweetshop_2025-03-11,hwang_jeongyeon74,코코안간지 어느덧.8년이네요.,2025-03-25,sweetshop
2690,sweetshop_2025-03-11,k1989.boram,진짜 집가면 먹을거 없음 ㅋㅋㅋㅋ,2025-03-27,sweetshop
2691,sweetshop_2025-03-11,dongjeye_mother,20만원나온나... 처음가서 그런거겠죠..? 😂😂😂,2025-03-28,sweetshop
2692,sweetshop_2025-03-11,janginseog21,극 극 공감합니다,2025-03-28,sweetshop
2693,sweetshop_2025-03-11,ze.hyxxn,순간 첫번째나온 감자 과자 먹고있었어서 깜놀ㅋ,2025-03-29,sweetshop
2694,sweetshop_2025-03-11,jh05jh05,울 남편이 옆에서 내가 이럴까봐 말리려고 따라간다고...어쩐지 내가 카트에 물건 넣으면 자꾸 없어지더라니,2025-03-30,sweetshop
2695,sweetshop_2025-03-11,studio_mudica,2천억이면 코스트코 매장을 하느 차리는게 싸지 않을까요,2025-04-06,sweetshop
2696,sweetshop_2025-03-11,ijongseob574,주전부리를사잖아요,2025-04-06,sweetshop
2697,sweetshop_2025-03-11,______soyoung,전 그래서 메모하고 그것만향해가서 뛰어가서 그것만담고 계산대로 직행..늘 6만원안팍만 구매... 일주일2번씩 가니 문제😂😂😂😂😂😂,2025-04-07,sweetshop
2698,sweetshop_2025-03-11,icaemi598,2천만원은아닌곳갔은데,2025-04-07,sweetshop
2699,sweetshop_2025-03-11,saraoh38,20000000만원=2천억 인데요? ㅋㅋ,2025-04-08,sweetshop
2700,sweetshop_2025-03-11,ssookx2,저 감자과자 못참죠 ㅋㅋㅋㅋㅋㅋㅋㅋ,2025-04-12,sweetshop
2701,sweetshop_2025-03-11,jm_jinee0212,@joonmin7 ㅋㅋㅋㅋㅋㅋㅋㅋ남편미아네😂,2025-04-16,sweetshop
2702,sweetshop_2025-03-11,eekiw9099,저보는줄..ㅎㅎ,2025-04-20,sweetshop
2703,sweetshop_2025-03-11,blackpepper311,극공감~😂,2025-04-22,sweetshop
2704,sweetshop_2025-03-11,radiancema,나만 코스트코매력모르나? 싼가격없고 대용량이라... 살게없던데,2025-04-29,sweetshop
2705,sweetshop_2025-03-11,jung_sujin.0403,@dbsckdrbs123 ㅋㅋㅋㅋㅋㅋㅋㅋ다들똑같군,2025-04-30,sweetshop
2706,sweetshop_2025-03-11,hersoogi,그니깐요...몇십만원 순삭인데...코코 갔다 시장 또가요..😂,2025-05-06,sweetshop
2707,sweetshop_2025-03-11,uouv330,살게 없지만 보이면 사야되는😂,2025-05-06,sweetshop
2708,sweetshop_2025-03-11,hppang2,@mcjootaeng 다들 삶은 비슷하군 ㅎㅎ,2025-05-10,sweetshop
2709,sweetshop_2025-03-11,ddawoooni,@seungho.lxx 우리 사찰당했다 ㅋㅋㅋㅋㅋㅋㅋ,2025-05-11,sweetshop
2710,sweetshop_2025-03-11,nicomomkami,극공감요~~ㅋㅋㅋ,2025-05-11,sweetshop
2711,sweetshop_2025-03-11,y._.ju_,@jaeyoung__cheon 이거 내자나..?ㅋㅋㅋㅋㅋㅋㅋㅋㅋㅋㅋㅋㅋㅋㅋㅋㅋㅋㅋㅋ,2025-05-15,sweetshop
2712,sweetshop_2025-03-11,real_jmg,3인가족은 걍 대형마트가서 조금씩 여러게 사요ㅋ,2025-05-16,sweetshop
2713,sweetshop_2025-03-11,kjh12621,그리고 배달엔딩 ㅋ,2025-05-18,sweetshop
2714,sweetshop_2025-03-11,dongjin_kwon,버리지않고 다먹기 진짜 힘듬,2025-05-21,sweetshop
2715,sweetshop_2025-03-11,holic2me_u,2000000만원 이면 동그라미가 몇개여,2025-06-10,sweetshop
2716,sweetshop_2025-03-11,simbokseob,😮😮😮 20만원 너무 절약하셨네..,2025-06-12,sweetshop
2717,sweetshop_2025-03-11,ikokoamj,살거없데도,2025-06-22,sweetshop
2718,sweetshop_2025-03-11,ikokoamj,집에가면서 밥먹고 들어가자ㅋ,2025-06-22,sweetshop
2719,sweetshop_2025-03-11,sujeong5051,옥순님닮으심,2025-06-25,sweetshop
2720,sweetshop_2025-03-11,mhkim3,코스트코 사도 또 집 앞 마트가서 뭘 또사게됨. 진짜 필요한거 못삼..ㅋㅋㅋ,2025-06-25,sweetshop
2721,sweetshop_2025-03-11,sogo129876,저렇게 사왔는데 막상 먹을게 없다는 ㅎ,2025-06-26,sweetshop
2722,sweetshop_2025-03-11,hee_rinadream,ㅋㅋㅋㅋㅋ 저만 그런게 아닐거라고 장볼 때 마다 생각합니다 ㅋ,2025-07-22,sweetshop
2723,sweetshop_2025-03-10,rhythmizm,떡 기사 20년했습니다 매우매우 잘하십니다!👏,2025-03-10,sweetshop
2724,sweetshop_2025-03-10,kyeonoel,그래서 호박찰떡 공구 일정이 어떻게 되죠?,2025-03-10,sweetshop
2725,sweetshop_2025-03-10,suna__toon,뒷집아저씨도 드렸나요😂😂,2025-03-15,sweetshop
2726,sweetshop_2025-03-10,a._young4,이사장님 이뻐요,2025-03-10,sweetshop
2727,sweetshop_2025-03-10,hasori0512,어머 공구 넘 기대돼요ㅎㅎ(그냥 호박찰떡 개맛있어보임),2025-03-10,sweetshop
2728,sweetshop_2025-03-10,yeseul0410,망고떡인줄 알았는데 호박이라니 😮 라이스페이퍼로 싸면 똑같을것 같아요👏❤️🔥,2025-03-10,sweetshop
2729,sweetshop_2025-03-10,ji_ye__12,운니 영상 마니올려줘 진짜 진심 넘 재밋어❤️,2025-03-10,sweetshop
2730,sweetshop_2025-03-10,shaquille_2022,15주좋아요 3개답글 달기,2025-04-13,sweetshop
2731,sweetshop_2025-03-10,everyday_3016,떡의 반짝반짝 광이 나는데여😍 어려운 과정도 있는데 대단 하다구여❤️,2025-03-10,sweetshop
2732,sweetshop_2025-03-10,icha_atau_chacha,인도네시아의 도돌과 비슷한데 달콤하고 쫄깃한 맛이 좋아요,2025-03-28,sweetshop
2733,sweetshop_2025-03-10,k.bboo92,떡 잘 치네요,2025-03-10,sweetshop
2734,sweetshop_2025-03-10,nezzo_toon,맛이어떤가요 맛이어떤가요 제발,2025-05-16,sweetshop
2735,sweetshop_2025-03-10,zleeuun,@leebedewy 알고리즘에 이게 뜨는데욬ㅋㅋㅋㅋㅋㅋㅋㅋㅋ,2025-05-13,sweetshop
2736,sweetshop_2025-03-10,xvcyuuuk,이거 당장 팔아주세요,2025-03-10,sweetshop
2737,sweetshop_2025-03-10,mingurimom,공구 갑시다... 팔은 떨어지겠지만...,2025-03-10,sweetshop
2738,sweetshop_2025-03-10,soul_jang,찰떡 좀 치네요~,2025-03-10,sweetshop
2739,sweetshop_2025-03-10,isiu5378,삼부점 비주얼,2025-03-10,sweetshop
2740,sweetshop_2025-03-10,x.na_26,빨리와따,2025-03-10,sweetshop
2741,sweetshop_2025-03-10,seunghyeon1226,시집가도 되겠네,2025-03-13,sweetshop
2742,sweetshop_2025-03-10,s.jxn_12,우와 진짜 ㄹㅈㄷ 쫀덕해보임..🔥,2025-03-10,sweetshop
2743,sweetshop_2025-03-10,gangssidang,언니팬이여요,2025-03-10,sweetshop
2744,sweetshop_2025-03-10,gangssidang,예뻐요언니!!,2025-03-10,sweetshop
2745,sweetshop_2025-03-10,gangssidang,힘들겠다,2025-03-10,sweetshop
2746,sweetshop_2025-03-10,kkm_______7,테팔좋네여👏,2025-03-10,sweetshop
2747,sweetshop_2025-03-10,xyun_na,이 언니 징ㅋ자 만능이다...,2025-03-11,sweetshop
2748,sweetshop_2025-03-10,lovelyey_j,완전 찰떡 좀 치십니다!!!! ❤️,2025-03-11,sweetshop
2749,sweetshop_2025-03-10,sohae0824,이사장님 삥뜯으시는 ㅋㅋㅋㅋㅋ,2025-03-12,sweetshop
2750,sweetshop_2025-03-10,dalimanzu,카레찰떡입니다 !,2025-03-12,sweetshop
2751,sweetshop_2025-03-10,imaginedking,이수지인줄,2025-03-14,sweetshop
2752,sweetshop_2025-03-10,mostly_clearrrr_,혹시 부업으로 무당도 해요?,2025-03-14,sweetshop
2753,sweetshop_2025-03-10,venusianpearl_,와.. 먹고싶다.. 처음엔 삼불점인줄,2025-03-15,sweetshop
2754,sweetshop_2025-03-10,daegu.babdori,26차 공구 기다리겠습니다😍,2025-03-15,sweetshop
2755,sweetshop_2025-03-10,jmksh222,볼륨 업! 자신감도 업!!,2025-03-15,sweetshop
2756,sweetshop_2025-03-10,exj.1y_3,슈팽이.,2025-03-16,sweetshop
2757,sweetshop_2025-03-10,loveisgreen0502,"우리 코딱지가 저렇게 커요,??🫢🙄",2025-03-29,sweetshop
2758,sweetshop_2025-03-10,ivyx30syrup,구찮음 안먹음,2025-04-03,sweetshop
2759,sweetshop_2025-03-10,_leopard_j,내 코딱지 되게 컷네🥲,2025-04-04,sweetshop
2760,sweetshop_2025-03-10,baesohyeon1109,막잇게ㅑ,2025-04-08,sweetshop
2761,sweetshop_2025-03-10,hy_un2oo,와...🤤,2025-04-18,sweetshop
2762,sweetshop_2025-03-10,cafe127_dec7,늙은호박 진짜 너무 좋아하눈데 이거 만들어 봐야겠어요. 반죽기에 넣고 치대서 몰캉몰캉 만져볼 생각하니 벌써 설렌당,2025-04-22,sweetshop
2763,sweetshop_2025-03-10,edhydchf,와 대벅,2025-05-10,sweetshop
2764,sweetshop_2025-03-10,t_hee._.kim,엥.. 어릴때 실수로 만든적 있는데.. 유행..인가.?,2025-05-10,sweetshop
2765,sweetshop_2025-03-10,kkkkhnn,@cooing1226 곤쥬 우리 이거 맹글까,2025-05-12,sweetshop
2766,sweetshop_2025-03-10,yuha__emo,@re__um 우리 스탈일듯,2025-05-28,sweetshop
2767,sweetshop_2025-03-10,laavenue_official_,공구 알람 완료!👏,2025-06-11,sweetshop
2768,sweetshop_2025-03-10,hasori0512,만드는게 삼부점 같네요,2025-06-11,sweetshop
2769,sweetshop_2025-03-08,morinoutacohea,같은 브랜드는 아니지만 유명 프랜차이즈 곱창구이집 맛의 비결이랍니다😂 마법의 가루~ 하면서 뿌리시거든요ㅎㅎ,2025-03-09,sweetshop
2770,sweetshop_2025-03-08,s.jxn_12,저 저거 이사장님 영상보고 샀는데 진짜 아예 고기의 질(?)이 갈라진달까?! 진짜 완전 맛돌이에요..ㅠ,2025-03-08,sweetshop
2771,sweetshop_2025-03-08,everyday_3016,언니 치킨 먹을때 뿌려먹어두 맛있을거 같아요 ㅎㅎ❤️❤️,2025-03-08,sweetshop
2772,sweetshop_2025-03-08,soprano_parrucchiera,이뻐지셨어요❤️ 원래도 이쁘지만요,2025-03-09,sweetshop
2773,sweetshop_2025-03-08,sang_sang_3o3,엥…언니 예전부터 양파가루 뿌려드시지 않았어요? 영상에서 봤는데,2025-03-08,sweetshop
2774,sweetshop_2025-03-08,dotory0521,곱창이야기 비법가루가 이것이였나 !?,2025-03-09,sweetshop
2775,sweetshop_2025-03-08,yunbomi2344,이틀전에 사서 뿌려서 먹었는데..전 뭐가 잘못된걸까요?ㅜㅜ잘 모르겠어요😢,2025-03-09,sweetshop
2776,sweetshop_2025-03-08,mukorang,나두 사야지,2025-03-08,sweetshop
2777,sweetshop_2025-03-08,yeham8805,😮오디서 구입을 할수있오요 ❤️,2025-03-13,sweetshop
2778,sweetshop_2025-03-08,in_se_d,와 저거 하나 뿌린다고 종자가 달라지다니..,2025-03-08,sweetshop
2779,sweetshop_2025-03-08,j.happiness_88,양말ㅋㅋㅋㅋ,2025-03-08,sweetshop
2780,sweetshop_2025-03-08,iseul7772,@90mj_k 하나살까?ㅋㅋㅋ,2025-03-11,sweetshop
2781,sweetshop_2025-03-08,yool_0221,@se_ok0226 어쩐지…,2025-03-09,sweetshop
2782,sweetshop_2025-03-08,q_banddo_p,닭꼬치 구울때도 굿~,2025-03-09,sweetshop
2783,sweetshop_2025-03-08,yeseul0410,언니가 먹으니까 다 사먹고 싶어ㅠ,2025-03-08,sweetshop
2784,sweetshop_2025-03-08,crystal.1209_,@gun.0606 이거다,2025-07-25,sweetshop
2785,sweetshop_2025-03-08,_soheeworld_,"@_thdusdl 글램핑 갈때 사갈까 ,,><",2025-03-09,sweetshop
2786,sweetshop_2025-03-08,la_wer_,@aug19_yoon 킥이네,2025-03-10,sweetshop
2787,sweetshop_2025-03-08,1jing__jing1,@aespyn 산다 만다,2025-03-09,sweetshop
2788,sweetshop_2025-03-08,sy_sha7,@janejaewongs @_a.yoon 토여일에 양파가루 사가야하나,2025-03-11,sweetshop
2789,sweetshop_2025-03-08,chaechaechaechaei,@wuu.oo 준우야 이거래,2025-03-19,sweetshop
2790,sweetshop_2025-03-08,soul_jang,NG도 나는구나 ㅋㅋㅋㅋㅋㅋㅋ원래 말을 잘하는 줄 ㅋㅋㅋ,2025-03-08,sweetshop
2791,sweetshop_2025-03-08,daaaaamii_16,@yoodaehyeok 비법을 찾았다 양파분말!,2025-04-02,sweetshop
2792,sweetshop_2025-03-08,mmmran_,@off.b_ 호곡,2025-03-10,sweetshop
2793,sweetshop_2025-03-08,gee._.300,@h.ong_2 @0k.star @h_r.mm 이거도 사쟈 구럼,2025-03-16,sweetshop
2794,sweetshop_2025-03-08,play_eat_goe,ㅋㅋㅋㅋ KCM도 탐낼 비니를 쓰고서 꿀템 ㅈ추천해줘서 고마워요!!! ㅋㅋㅋ 소금+후추 조합이랑 양파가루 조합이랑 비교해가며 먹어볼게요,2025-03-08,sweetshop
2795,sweetshop_2025-03-08,_mmlleook_,이슬나라 양파분말에 옥수수전분인가 도 들어있던 것같은데 글구 생강가루도 있어요 이 편한 세상,2025-03-08,sweetshop
2796,sweetshop_2025-03-08,noden562,저거 금방 굳어요 소량씩사세요,2025-05-25,sweetshop
2797,sweetshop_2025-03-08,strong._.bb,양말🤣🤣🤣🤣🤣🤣🤣🤣🤣🤣🤣🤣🤣🤣,2025-03-08,sweetshop
2798,sweetshop_2025-03-08,sooyeon8585,배달전문점 삼겹살비법음...구울때 마가린좀 넣는거랑요ㅎㅎ,2025-03-09,sweetshop
2799,sweetshop_2025-03-08,sooyeon8585,삼겹살에 소주쫌 뿌리고 저거 좀뿌리고 마가린 살짝녹이고 굽거나 기름에 튀기는게 배달전문점 영업방닉,2025-03-09,sweetshop
2800,sweetshop_2025-03-08,hyo_ooh,@sang__._.5678 쟈기야 그렇데,2025-03-09,sweetshop
2801,sweetshop_2025-03-08,plain.stone,@wkd.jh 호오옹,2025-03-09,sweetshop
2802,sweetshop_2025-03-08,mazzanggo,@juyeon_0128 해봐,2025-03-09,sweetshop
2803,sweetshop_2025-03-08,jin__a_kim_,어디서 구매 하나용,2025-03-09,sweetshop
2804,sweetshop_2025-03-08,a_yeon_1,@s___.young 니땀시 고기묵고싶으,2025-03-09,sweetshop
2805,sweetshop_2025-03-08,thgml._.hee_16,어....그릇 내 최애 추억의 그릇,2025-03-09,sweetshop
2806,sweetshop_2025-03-08,zzin.ah,@bbyung.k 사야겟다,2025-03-09,sweetshop
2807,sweetshop_2025-03-08,e_bboongbboong,모자 정보가 몬가요..,2025-03-09,sweetshop
2808,sweetshop_2025-03-08,haanzin,맛소금,2025-03-09,sweetshop
2809,sweetshop_2025-03-08,han_____._,마늘가루도 존맛탱,2025-03-09,sweetshop
2810,sweetshop_2025-03-08,_kimhee___,@melt_bigboss 궁금하닷ㅎ,2025-03-09,sweetshop
2811,sweetshop_2025-03-08,_3.74kg_,@eunyoung1917 엄마 우리집꺼까지 2통사,2025-03-09,sweetshop
2812,sweetshop_2025-03-08,margokitelake,그냥 맛소금 뿌린대요,2025-03-10,sweetshop
2813,sweetshop_2025-03-08,rrrrrain_0,저거떡볶이에 넣어먹어도맛도리임,2025-03-10,sweetshop
2814,sweetshop_2025-03-08,uziniiiii,@jphk92 양파분말 .. 사야겠군,2025-03-10,sweetshop
2815,sweetshop_2025-03-08,dangdoll_ee,@_daedam_ 오호 양파가루 사야겠네,2025-03-10,sweetshop
2816,sweetshop_2025-03-08,heevely_0314,@dungs_u 양파가루핑!,2025-03-10,sweetshop
2817,sweetshop_2025-03-08,ju.yeon.l,@jooenphoto 양파분말 ???,2025-03-10,sweetshop
2818,sweetshop_2025-03-08,min0keem,@readman44 날짜지나서버린 내양파분말,2025-03-10,sweetshop
2819,sweetshop_2025-03-08,3boys_home,@jisang14 우리두사보자!,2025-03-11,sweetshop
2820,sweetshop_2025-03-08,_ju_md_,마늘 가루 아니엿나...ㅠㅠ,2025-03-12,sweetshop
2821,sweetshop_2025-03-08,eun_ae_0520,@dal_lok2 해죠 맛있대,2025-03-13,sweetshop
2822,sweetshop_2025-03-08,yxrx___,@ljungjae 오늘 고기집에서 이걸 안뿌리셨네..,2025-03-14,sweetshop
2823,sweetshop_2025-03-08,qo.op_in,@bong_jun6345 양파가루,2025-03-15,sweetshop
2824,sweetshop_2025-03-08,jiih_pic,@hee1.506 살까?,2025-03-15,sweetshop
2825,sweetshop_2025-03-08,39._.600,시식고기맛의 비법이 마늘가루라고 들었는데 양파가루도?,2025-03-17,sweetshop
2826,sweetshop_2025-03-08,sssssdyyyy,@_annn.ji 이거다,2025-03-18,sweetshop
2827,sweetshop_2025-03-08,oblivion7772,바로 질렀습니다. 생활비 아끼는 도전 중인데 요건 못 참았네요 ㅋㅋㅋㅋㅋ,2025-03-20,sweetshop
2828,sweetshop_2025-03-08,_vely_hye_,김장철에 마트에서 수육 팔면서 양념가루 같이 주는데 수육했더니 너무 맛있는거임 담날가서 또사면서 이가루 어떻게 만드신 거냐 했더니 양파가루 마늘가루 섞어서 만들었다함 그뒤로 두개사서 삼겹살 구울때 수육에 듬뿍 넣어서 해먹음,2025-03-21,sweetshop
2829,sweetshop_2025-03-08,jjunu_h,"영상의 상품 성분명 : 양파분말 30% / 양파분말 | 원재료명 및 함량: 옥수수전분 옥수수: 외국산(러시아, 헝가리, 세르비아 | 등), 양파분말30%(중국산), 알파옥수수가루(옥수수: 외국산(호주, 인 도, 루마니아, 세르비아, 불가리아 등), 정제소금, 포도당, 양파오일 / 저 제품을 사봅시다!",2025-03-23,sweetshop
2830,sweetshop_2025-03-08,xxreira,@ssunshine.k 이거 뿌려서 고기 머꼬싶다🤤,2025-03-25,sweetshop
2831,sweetshop_2025-03-08,leezheming2,라면스프에 찍어먹으면 맛잇지 ㅋㅋㅋ,2025-03-30,sweetshop
2832,sweetshop_2025-03-08,m._.guk,@han__na94 담에 한번 사가지고 먹어볼까?,2025-03-31,sweetshop
2833,sweetshop_2025-03-08,naninina1027,마늘가루가 더 맛나요,2025-04-02,sweetshop
2834,sweetshop_2025-03-08,sung_a0606,@bbansae 이거사가야되나,2025-04-07,sweetshop
2835,sweetshop_2025-03-07,sebyuk._.02,언니... 이젠 크록스 광고까지 섭렵해버린거야...? ㅎㅏ 내가 미쳐... 나만 알던 언니 어디갔어... 인기쟁이가 되서 와버렸네... ( 축하해요!!! ) 😢❤️❤️,2025-03-07,sweetshop
2836,sweetshop_2025-03-07,everyday_3016,와 진짜 너무 신기해영❤️ 먹는 크록스라니!!,2025-03-07,sweetshop
2837,sweetshop_2025-03-07,s.jxn_12,앜ㅋㅋㅋ 저번에 스토리에 올리신게 이거군아 ㅋㅋㅋㅋ,2025-03-07,sweetshop
2838,sweetshop_2025-03-07,oh.dayul,1빠!!! 언니 오늘도 미모 레전드!!!!😍😍🔥🔥👏크록스 귀여워용!!!😍,2025-03-07,sweetshop
2839,sweetshop_2025-03-07,xvcyuuuk,몰드까지 만드셨다니 .. 너무 대단해 진짜ㅠㅠ,2025-03-07,sweetshop
2840,sweetshop_2025-03-07,eunchae_hodoo,언니 띠미님 처럼 양파칩 말들어줘😍,2025-03-08,sweetshop
2841,sweetshop_2025-03-07,dotoree.s.note,핑크 크록스에 지비츠까지👏👏,2025-03-18,sweetshop
2842,sweetshop_2025-03-07,jhg_1113,2빠 예,2025-03-07,sweetshop
2843,sweetshop_2025-03-07,yeseul0410,언니 스타일 크록스네,2025-03-07,sweetshop
2844,sweetshop_2025-03-07,wo.x_a,와 언니 성공햇구나..,2025-03-07,sweetshop
2845,sweetshop_2025-03-07,z._.xin1661,진짜 금손 ..... 그냥 신고 나가도 모르겠어여ㅋㅋ,2025-03-07,sweetshop
2846,sweetshop_2025-03-07,sungho_0p,대박;;; 역시 못 하는게 없으셔,2025-03-07,sweetshop
2847,sweetshop_2025-03-07,ch._.e.un,잘 만드렀당!❤️❤️❤️,2025-03-07,sweetshop
2848,sweetshop_2025-03-07,okadacsn,진짜 금손 볼매 귀염둥이ㅋㅋ,2025-03-08,sweetshop
2849,sweetshop_2025-03-06,delayed_9,해외에 살때 자주먹었는데 진짜 맛있었어요!!! 제 최애 중 하나였어요😋,2025-03-06,sweetshop
2850,sweetshop_2025-03-06,xvcyuuuk,타마인느 효능도 적어주는 친절한 이사장님🌺🌺 근데진짜 생긴게 힘들긴하네요ㅠㅠ,2025-03-06,sweetshop
2851,sweetshop_2025-03-06,peterabbits5_3,동남아에선 흔하게 볼수 있어요❤️달달하니 맛나요,2025-03-07,sweetshop
2852,sweetshop_2025-03-06,s.jxn_12,저런음식이 있는지 처음 알았어요!!,2025-03-06,sweetshop
2853,sweetshop_2025-03-06,liana.liam.kangster,곶감맛이던데 전 불호..... 곶감은 좋은데 이건 별로였네요 먹기도 불편하고. 근데 신랑은 좋아해요,2025-03-11,sweetshop
2854,sweetshop_2025-03-06,sungho_0p,오늘 왤케 이뻐요ㅠㅠ,2025-03-06,sweetshop
2855,sweetshop_2025-03-06,juh.axo.o,와 오늘은 빨리왔네요 오늘 영상도 꿀잼!,2025-03-06,sweetshop
2856,sweetshop_2025-03-06,jihye422,곶감맛? 저거 맛은 있는데 ㅋㅋㅋ씨 잘못씹으면 강냉이 나가요😂,2025-03-06,sweetshop
2857,sweetshop_2025-03-06,yeseul0410,이사장님은 특이한 음식 잘 드시네요~❤️👏,2025-03-06,sweetshop
2858,sweetshop_2025-03-06,j__star__._,진짜 최애❤️새콤달콤 대신 먹는ㅋㅋㅋ 진짜마싯어욤,2025-05-28,sweetshop
2859,sweetshop_2025-03-06,hxerz_n,꾹티비...?,2025-03-15,sweetshop
2860,sweetshop_2025-03-06,yjy11_15_,19주답글 달기,2025-03-10,sweetshop
2861,sweetshop_2025-03-06,min85,새콤한 곶감맛👍👍,2025-03-09,sweetshop
2862,sweetshop_2025-03-06,so_yeon_4018,저거 울 엄마도 먹던뎅....내 입맛은 아님....,2025-03-09,sweetshop
2863,sweetshop_2025-03-06,everyday_3016,갈색으로된 완두콩 같이 생겼어요 ㅋㅋㅋㅋㅋㅋㅋㅋㅋ,2025-03-06,sweetshop
2864,sweetshop_2025-03-06,ililiiiillillilll,겉에 설탕이랑 매운고춧가루 묻혀서 먹어주세여,2025-03-09,sweetshop
2865,sweetshop_2025-03-06,sseul.l,맛이 없었어요.. 그래서 호텔에 두고나옴,2025-03-14,sweetshop
2866,sweetshop_2025-03-06,kyeong_miny,@y._.n11 @jini.wooo 우리 목식당에서 먹은 새우소스!! 타마린드!!,2025-03-10,sweetshop
2867,sweetshop_2025-03-06,dbs4519,개불 말린줄알았네요ㅡ.ㅡ,2025-05-25,sweetshop
2868,sweetshop_2025-03-06,_factretriever_,헉 이거 팟타이에 없으면 안되는 재료!! 실 모양은 처음보네요 와….,2025-05-30,sweetshop
2869,sweetshop_2025-03-06,jung_seunghwa,우스터 소스 원료로 유명하지요.,2025-03-10,sweetshop
2870,sweetshop_2025-03-06,celine.s_8540,맛있는데,2025-03-09,sweetshop
2871,sweetshop_2025-03-06,yeonseo3584,개불 얼려둔줄 알았음,2025-04-27,sweetshop
2872,sweetshop_2025-03-06,xjwurt,아아.. 차에서 까먹지마아아아아😢😢,2025-05-25,sweetshop
2873,sweetshop_2025-03-06,raviners0218,굉장히 시어여,2025-03-09,sweetshop
2874,sweetshop_2025-03-06,165.2_go,말린 자두 같은 맛 .... 나는 불호였던 ㅠ @96._.09.27,2025-03-15,sweetshop
2875,sweetshop_2025-03-06,baki0810,개똥 같은디,2025-03-07,sweetshop
2876,sweetshop_2025-03-05,b._.d____t,이대 치즈밥 아시는분...? ㅠㅠㅠㅠㅜ 전 진짜 이대의 치즈밥집들을 사랑했거든요 ㅜㅜ,2025-03-05,sweetshop
2877,sweetshop_2025-03-05,xvcyuuuk,저 지방사람이라 그런가 치즈밥 처음봐요... 너무 맛있겠다..,2025-03-05,sweetshop
2878,sweetshop_2025-03-05,is_ch_90,제 최애는 호박넝쿨!! 고딩때 찐 단골이였는데 ㅠㅠ,2025-03-05,sweetshop
2879,sweetshop_2025-03-05,leeawart_ky,와 정의여고 출신인데 ㅎㅎ고딩 때 참 많이 갔었고 지금도 아주 가끔 고딩 애들 만날 때 가요 ! 치즈밥 하나로 노나먹던 고딩들이 삶에 쩔어서 지금 가면 먹고 싶은 거 다 시키는 어른이 되었답니다 ...와하하 이사장님 입맛에도 맛있으셨나요?!?,2025-03-16,sweetshop
2880,sweetshop_2025-03-05,angelkkang,헐 여기 엄청 많이 갔는데!!! 완전 반갑네요😆😆 오랜만에 보니 먹고싶어요❤️,2025-03-05,sweetshop
2881,sweetshop_2025-03-05,yalan12418,이제 저 식당도 줄 서서 먹겠는데여... 언니 너무 맛있게 먹었쟈나...!❤️❤️,2025-03-05,sweetshop
2882,sweetshop_2025-03-05,z._.xin1661,맛있겠다ㅏ 항상 이런집은 우리집 근처에 없어용ㅋ큐ㅠ 이사장님!! 함 만들어 주세용! ㅎㅎ,2025-03-05,sweetshop
2883,sweetshop_2025-03-05,mukorang,치즈밥 죤맛,2025-03-05,sweetshop
2884,sweetshop_2025-03-05,pseinguem,오호~우리동네 맛집입니다 ㅎㅎ 치즈밥두맛나고 떡볶이 짜장떡볶이두 대땅 맛있어요☆☆,2025-03-06,sweetshop
2885,sweetshop_2025-03-05,suna_1388,@joo_j_617 @jujunga77 @lukullus11 호박 파란 보다 호호가 정말 찐 원조 ㅋㅋ 너무 맛잇움 으리 가야지...,2025-04-12,sweetshop
2886,sweetshop_2025-03-05,leo.chunjang,@kimdelay0214 @hani_dang_ 먹고픔ㅋㅋ하니랑한번갔는데ㅋㅋ,2025-03-07,sweetshop
2887,sweetshop_2025-03-05,mi_ny.00,@kosymbol_0825 오빠 여기 모루지.. 치즈밥 개맛잇움 !!,2025-06-12,sweetshop
2888,sweetshop_2025-03-05,eey.ad,@lipfunk_sunnylock @jinny01290 먹고싶당🥹,2025-03-24,sweetshop
2889,sweetshop_2025-03-05,_e0joo_,@sysysy.m9 여기는!,2025-03-09,sweetshop
2890,sweetshop_2025-03-05,mimi_chuuuu,@2_mystery 왜싱비가 생각나ㅠ 가까ㅠ,2025-06-18,sweetshop
2891,sweetshop_2025-03-05,kimji0n,@mumaleng2 여기갈래,2025-03-14,sweetshop
2892,sweetshop_2025-03-05,naarrriiii_,@taemiiiin_ 가볼래ㅜㅜ,2025-04-02,sweetshop
2893,sweetshop_2025-03-05,sh_jerry_22,@p__comet__ 가보고싶소,2025-05-29,sweetshop
2894,sweetshop_2025-03-05,doenee92,@kim.dini_ 추억이다,2025-03-05,sweetshop
2895,sweetshop_2025-03-05,alvb_1226,@eeeeungggg 호호는 쫄면 필순데 진짜.. 어때 땡기지 ㅎ,2025-03-16,sweetshop
2896,sweetshop_2025-03-05,d.__yeonn,@hyo.jong 오랜만에 치즈밥 먹고싶어졌어,2025-03-09,sweetshop
2897,sweetshop_2025-03-05,wldms912,@b.5_k.0 아니 치즈밥을 모른대 하 어떡하냐,2025-03-07,sweetshop
2898,sweetshop_2025-03-05,0o0jini,@2soyi 나도 이대 치즈밥이 가끔생각나,2025-04-21,sweetshop
2899,sweetshop_2025-03-05,_ux1zn,언니 함만들어보자,2025-03-05,sweetshop
2900,sweetshop_2025-03-05,hyem._.zzi,@dmsl_gray 더..유명..햐지면 안되는데,2025-03-07,sweetshop
2901,sweetshop_2025-03-05,_y.eunji,@fyncana_1 @dbthfk1025 모이자,2025-03-10,sweetshop
2902,sweetshop_2025-03-05,ji.hy_un,@ssol_0509 @s__song__ 호박넝쿨은 사라졌잖아... 여기라도 가쟈,2025-03-06,sweetshop
2903,sweetshop_2025-03-05,s__jung922,@hye0ni @yoonnsse0 @bosoni_ 우리 여기 가보지않았나???????,2025-03-30,sweetshop
2904,sweetshop_2025-03-05,no.1aurora,@voslarmes 야..아찌.....,2025-06-13,sweetshop
2905,sweetshop_2025-03-05,junheeee_l,@heeeesu_n 오오 여기 !!,2025-03-05,sweetshop
2906,sweetshop_2025-03-05,baehyesoo,@dal_seowoo 찾았따!!!!!,2025-06-11,sweetshop
2907,sweetshop_2025-03-05,light__crab,@yul_ah__ ㅁㅊ...후문 치즈밥....,2025-06-08,sweetshop
2908,sweetshop_2025-03-05,sebyuk._.02,ㅎㅏ 언니 201번째 하트는 제가 가져가겟습니다 불편하게 만들기!! 킥킥 ( 사실 나도 불편함 ) 👏👏,2025-03-05,sweetshop
2909,sweetshop_2025-03-05,s.jxn_12,와 완전 맛있겠다.. 도대체 이사장님은 저런 음식을 어떻게 발견하시나요..ㅋㅋㅋ,2025-03-05,sweetshop
2910,sweetshop_2025-03-05,baggeumhui26,맛있는것들만모았네요!,2025-03-05,sweetshop
2911,sweetshop_2025-03-05,c_nuri.h,치즈밥 맛잇겟다.....그냥 집에서 자주해먹엇엇는데ㅠㅠㅠ,2025-03-05,sweetshop
2912,sweetshop_2025-03-05,slwudeel,치즈밥....ㅠㅠㅠ !!,2025-03-05,sweetshop
2913,sweetshop_2025-03-05,yeseul0410,언니 ! 저거 고추장 밥에 비비고 치즈랑 옥수수 올리면 될것같은데?,2025-03-05,sweetshop
2914,sweetshop_2025-03-05,jooharoo_travel,저희 동네가 나와서 괜시리 반갑네요!!!😍,2025-03-05,sweetshop
2915,sweetshop_2025-03-05,sve_cookie,김밥나라 제육치즈돌솥비빔밥,2025-03-05,sweetshop
2916,sweetshop_2025-03-05,hmyioso,치즈밥이 나오다니😮😍 신기하고 반갑네요~!,2025-03-06,sweetshop
2917,sweetshop_2025-03-05,hmyioso,제가 근처 고등학교 나와서 친구들이라 가끔 먹으러 다녔거든요~^♡^~ (TMI입니당!),2025-03-06,sweetshop
2918,sweetshop_2025-03-05,guruguru_bim,돈암동 치즈밥두 최고였는데😢,2025-03-06,sweetshop
2919,sweetshop_2025-03-05,player.ggu,고딩때부터 먹던~ 곳 사장님 그대로임.,2025-03-06,sweetshop
2920,sweetshop_2025-03-05,ji__hye0504,@mincheol1 먹고싶다ㅠㅠ…,2025-03-06,sweetshop
2921,sweetshop_2025-03-05,ashrcw,2000년도었던 그시절도웨이팅 장난아니었음ㅋㅋ양쪽3군데서 팔았는데 여기가 단연 원탑! 1위 치즈밥 2위 모듬강정 3위 치즈떡볶이ㅎㅎ,2025-03-06,sweetshop
2922,sweetshop_2025-03-05,k_mijun0_0,@daldal._.hae 먹고시프다 ㅠ,2025-03-06,sweetshop
2923,sweetshop_2025-03-05,solji729,외대 근처에 있던 치즈밥 생각나네..,2025-03-06,sweetshop
2924,sweetshop_2025-03-05,heevelyyyy,호호분식 진짜 자주갔었는데유... 지금도 가끔 친정가면 애들데꾸 먹으러가요,2025-03-06,sweetshop
2925,sweetshop_2025-03-05,s_yoon594,여기 진짜 많이 갔었는데ㅠㅠ추억돋는당..ㅠㅠ 가격은 세월 무시 못하지만~~~그래듀 굿굿👏❤️,2025-03-06,sweetshop
2926,sweetshop_2025-03-05,idontlovefreshair,와 여기 진짜 맛있는데!,2025-03-06,sweetshop
2927,sweetshop_2025-03-05,threee__mom,꺄 대학다닐때 학생식당에있었는데 ㅎㅎ 추억이에용ㅋㅋ,2025-03-06,sweetshop
2928,sweetshop_2025-03-05,shinmmi,치즈밥맛있졍..🫠,2025-03-06,sweetshop
2929,sweetshop_2025-03-05,jo_._na,@naminamina_0925 나명씨 치즈밥 해듀데요,2025-03-06,sweetshop
2930,sweetshop_2025-03-05,ing_02182429,아 소문나면 안대는데ㅜ @juri_roda,2025-03-06,sweetshop
2931,sweetshop_2025-03-05,yeh._l,"@55_eun 통일이요 생각난다,,,,,",2025-03-06,sweetshop
2932,sweetshop_2025-03-05,im._.monika,이 분식집 길 따라 올라가면 여고가 있어요. 그 여고생들은 하교하며 먹는데 저는 타학교라 버스타고 거기까지가서 먹던 기억이 나요! 그 여고생들이 부러웠을 정도로 맛있게 먹었어요🙌,2025-03-06,sweetshop
2933,sweetshop_2025-03-05,yoon_g_0574,여기 집에서 가까운데 한 번밖에 못 가봤네요ㅠㅠ 모짜렐라 치즈 넘 좋아해서 치즈밥 맛있던데 조만간 꼭 또 먹으러 가야겠어용🥹,2025-03-06,sweetshop
2934,sweetshop_2025-03-05,jjanji7,@hanseuling 대진 옆에 김천...치즈..,2025-03-06,sweetshop
2935,sweetshop_2025-03-05,seunghyeon1226,남자친구 도 있네....,2025-03-07,sweetshop
2936,sweetshop_2025-03-05,cynicalsky,치즈밥있슈! 대학와서부터 먹어봤어요 존맛❤️,2025-03-07,sweetshop
2937,sweetshop_2025-03-05,_hitit.08,저거진짜존맛 ㅎㅎ,2025-03-07,sweetshop
2938,sweetshop_2025-03-05,1_jinny,여기 지짜 많이 갔었는데ㅠㅠㅠㅠㅠㅠㅠㅠㅠ맛있져🥹,2025-03-07,sweetshop
2939,sweetshop_2025-03-05,sxo.yyx0,@_sxne2 @yoona_7787 아 여기 나오면 큰일나는데 정여애들만으로도 벅찬데…ㅠ,2025-03-07,sweetshop
2940,sweetshop_2025-03-05,leemi9012,저는 파란하늘 많이갔는데!!생각날때 종종 가고있어요~ㅋㅋ,2025-03-07,sweetshop
2941,sweetshop_2025-03-05,yura5640,치즈밥 진짜맛있어요 저 집에서 가끔 만들어먹었어요,2025-03-07,sweetshop
2942,sweetshop_2025-03-05,omgg_910,치즈밥이슈~~,2025-03-07,sweetshop
2943,sweetshop_2025-03-05,blissbb7,남친잇는줄몰라쒀,2025-03-07,sweetshop
2944,sweetshop_2025-03-05,haram._.l,쌍문동  살고있는데 이름만 압니다.,2025-03-07,sweetshop
2945,sweetshop_2025-03-05,rabbitsoon,저희땐 대짜3500원 이였는데ㅎㅎ 아직도 맛있겠네요,2025-03-07,sweetshop
2946,sweetshop_2025-03-05,proverb.s_169,창동고나 다른 학교 애들이 더많이 왔던ㅎㅎㅎ 호호분식 자주갔었고 호박넝쿨 파란하늘 다 약간씩 달라요ㅎㅎㅎ,2025-03-07,sweetshop
2947,sweetshop_2025-03-05,qewq1997,저는 고등학생때 진짜 자주 갔어요 ㅎㅎ 남자친구분이 말씀하신곳 .. >>,2025-03-08,sweetshop
2948,sweetshop_2025-03-05,eelanim_a,치즈밥.. 중고딩때 필수코스.. 20여년전….ㅜ,2025-03-08,sweetshop
2949,sweetshop_2025-03-05,_haajin,치즈밥 치즈떡볶이 존맛탱구리죠🥹,2025-03-08,sweetshop
2950,sweetshop_2025-03-05,cntelw,이집  단골 입니다🐒 최고입니닷😻,2025-03-08,sweetshop
2951,sweetshop_2025-03-05,minjunha1719,@ss.__.eunju 은니야 맛잇것다 담에해조라,2025-03-08,sweetshop
2952,sweetshop_2025-03-05,chunoki_523,여기 치즈밥 원조임...저 고등학교 근처나와서 여기맨날 갔는데 진짜 개맛도리 아직도 생각나여 꼭가세요,2025-03-08,sweetshop
2953,sweetshop_2025-03-05,somm.zumo,성신여대 짱구도 존맛탱인데..,2025-03-08,sweetshop
2954,sweetshop_2025-03-05,jh_iy_eon,"@yo._.o_sh 치즈밥 ㅈㄴ 추억,,,,",2025-03-09,sweetshop
2955,sweetshop_2025-03-05,h_03.07_s,호박넝쿨 찐이에요..🥹🥹🥹🥹🥹🥹🥹,2025-03-09,sweetshop
2956,sweetshop_2025-03-05,jungetime,저 먹어봤어요😍 ㅎㅎ 갑자기 땡기네요😍,2025-03-10,sweetshop
2957,sweetshop_2025-03-05,1982.10.06,@1983.10.23 넘 맛있을거 같노 ㅋㅋ,2025-03-10,sweetshop
2958,sweetshop_2025-03-05,gangssidang,와씨맜있겠다,2025-03-10,sweetshop
2959,sweetshop_2025-03-05,9j._.y8,@minggyong.e 치즈밥또먹구십다..,2025-03-12,sweetshop
2960,sweetshop_2025-03-05,a9seul,@2_popularity 내가 말한거 ㅎㅎ 근데 난 호박넝쿨을 가써 바로 학교 앞 ㅋㅋㅋ,2025-03-12,sweetshop
2961,sweetshop_2025-03-05,sy___0092,@mijung_xoxo0714 ㄹㅇ찐맛쥡...,2025-03-13,sweetshop
2962,sweetshop_2025-03-05,minha_eum,@marana_tha_h 나 이거 먹고싶더,2025-03-13,sweetshop
2963,sweetshop_2025-03-05,r.udwls_,@y____gggggg 마싓겠당..,2025-03-13,sweetshop
2964,sweetshop_2025-03-05,hj_cecilia,@olzldiof 추억의 호호분식 치즈밥❤️❤️❤️,2025-03-16,sweetshop
2965,sweetshop_2025-03-05,seng_woo0519,치즈밥 알촌이 추억이죠,2025-03-17,sweetshop
2966,sweetshop_2025-03-05,h___s2___,@s2_jelly ㅠㅠㅠ엄지네 생각나요ㅠㅠ,2025-03-18,sweetshop
2967,sweetshop_2025-03-05,water_youn,@goguma_yanggang_cat 내가 말한데 여기야,2025-03-19,sweetshop
2968,sweetshop_2025-03-03,ydh5386,갈릭 디핑소스죠,2025-03-03,sweetshop
2969,sweetshop_2025-03-03,akki_5304,거 이쁜 언니야 간단하게 쿠키 만들수잇는 레시피좀 알려쥬세유(3트째),2025-03-03,sweetshop
2970,sweetshop_2025-03-03,je.a_1106,저진짜좋아하는데ㅠ 요새 가격이 올라쓰여ㅠㅜ,2025-03-03,sweetshop
2971,sweetshop_2025-03-03,s.jxn_12,저는 어릴때부터 피자보단 치킨파였어요.. 후후,2025-03-03,sweetshop
2972,sweetshop_2025-03-03,young.young_e,우리는 피자빙고시절ㅋㅋㅋㅋㅋㅋㅋㅋㅋㅋㅋㅋㅋ,2025-03-09,sweetshop
2973,sweetshop_2025-03-03,jw_thy02,요즘엔 불닭 고구마피자도 나왔음!!,2025-05-29,sweetshop
2974,sweetshop_2025-03-03,jyh_sparkle,피자스쿨 갈릭디핑은...못잊는다...,2025-03-03,sweetshop
2975,sweetshop_2025-03-03,alwaysiwishyourhappy,갈릭소스ㅜㅜㅜㅜ🔥,2025-03-03,sweetshop
2976,sweetshop_2025-03-03,sun_nyeong_5827,갈릭 디핑소스가 피자스쿨 살린 수준이지!!!!,2025-03-27,sweetshop
2977,sweetshop_2025-03-03,k.bboo92,돈벌고서는 치즈크러스트 추가에 콜라 큰걸로 먹고있음,2025-03-03,sweetshop
2978,sweetshop_2025-03-03,windsode,갈릭디핑소스!!! 요즘은 가격이 많이올랐죠...,2025-03-05,sweetshop
2979,sweetshop_2025-03-03,mingvely.0_0,@kancho__oo 아직도 이거 좋아하자낰ㅋㅋㅋ,2025-03-04,sweetshop
2980,sweetshop_2025-03-03,u_u_yeha,@wonlove_98 우리도 저거많이먹었는뎅,2025-04-07,sweetshop
2981,sweetshop_2025-03-03,na0ing,@nvenchy @hururu.p 하 생각난다 고구마피자 3판에 갈릭디핑 6개요 ㅠㅠ,2025-03-06,sweetshop
2982,sweetshop_2025-03-03,k_yej_1525,@su.ya._ 첨으로 피자에 빠진 날이었다,2025-06-19,sweetshop
2983,sweetshop_2025-03-03,ddoeunjang,고구마피자🤩🤩💛💛💛😍😍🥹🥹❤️❤️❤️❤️❤️❤️,2025-03-03,sweetshop
2984,sweetshop_2025-03-03,park.boeun,존맛탱ㅋㅋ아직도 팔아요,2025-03-03,sweetshop
2985,sweetshop_2025-03-03,sungho_0p,"맛있어보이는데 한 입만요,,,",2025-03-03,sweetshop
2986,sweetshop_2025-03-03,an_emotional_egg27,"와...학교다닐때 피자스쿨고구마피자 엄청많이사먹었다죠,특히 꼬다리갈릭디핑소스에찍어먹으면진짜...하..존맛",2025-03-03,sweetshop
2987,sweetshop_2025-03-03,yeseul0410,저는 아직 초등학생 이라 그런거 몰라요~!,2025-03-03,sweetshop
2988,sweetshop_2025-03-03,soul_jang,갈릭디핑소스는 못참즤~,2025-03-03,sweetshop
2989,sweetshop_2025-03-03,ijaehyeon822,갈릭딥핑 소스.ᐟ.ᐟ.ᐟ,2025-03-03,sweetshop
2990,sweetshop_2025-03-03,ellieing_,난 나폴리피자🙌🏻,2025-03-03,sweetshop
2991,sweetshop_2025-03-03,_mmlleook_,아직도 어머니가 종종 사오시는....,2025-03-04,sweetshop
2992,sweetshop_2025-03-03,sugarhoneyicet2,근데. 행님 갈릭디핑소스안드셨너요? 피클은? 진짜 서운하네,2025-03-04,sweetshop
2993,sweetshop_2025-03-03,chi.o56,갈릭디핑소스요,2025-03-04,sweetshop
2994,sweetshop_2025-03-03,seunghyeon1226,간다효 가 좋아하는 피자스쿨,2025-03-04,sweetshop
2995,sweetshop_2025-03-03,jeongsj717,고구마 피자 엣지를 치즈바이트로 함 맛있어요 👏,2025-03-04,sweetshop
2996,sweetshop_2025-03-03,hy.w0n_5,소세지빵 만들어주쉐요,2025-03-04,sweetshop
2997,sweetshop_2025-03-03,pf.r2n_8,갈릭디핑 ......,2025-03-04,sweetshop
2998,sweetshop_2025-03-03,hello_rainbow_love,2010년도 초반이요....? 우와...,2025-03-04,sweetshop
2999,sweetshop_2025-03-03,evysyi,갈릭디핑 ㅋㅋㅋ,2025-03-05,sweetshop
3000,sweetshop_2025-03-03,cafe_meomun,93년생도 알아여 ..😢ㅋㅋㅋㅋ 갈릭디핑소스요😍,2025-03-05,sweetshop
3001,sweetshop_2025-03-03,ggyul_luck,갈릭디핑소스 못참지!! 93도 껴주세요 이사장님🥹,2025-03-05,sweetshop
3002,sweetshop_2025-03-03,im.ji_young,저거 진짜맛있죵,2025-03-05,sweetshop
3003,sweetshop_2025-03-03,mandyu440,갈릭디핑 맛있종ㅎㅎ,2025-03-05,sweetshop
3004,sweetshop_2025-03-03,kimchhhhhh0413,지금도 갈릭디핑소스올려서 먹습니다,2025-03-08,sweetshop
3005,sweetshop_2025-03-03,y_.xx14,갈릭 디핑 소스,2025-03-08,sweetshop
3006,sweetshop_2025-03-03,2_oror,@young.young_e ㅋㅋㅋㅋㅋㅋㅋㅋㅋ기억나니 ㅋㅋㅋㅋㅋㅋㅋㅋㅋㅋㅋㅋㅋㅋㅋㅋㅋ,2025-03-09,sweetshop
3007,sweetshop_2025-03-03,hw_cheri,@________bitna 우린 까르보네ㅋㅋㅋㅋㅌ,2025-03-10,sweetshop
3008,sweetshop_2025-03-03,m._y10__,알통닭강정,2025-03-11,sweetshop
3009,sweetshop_2025-03-03,ga_duck_02,지금도요!! 거기에 오치즈그라탕 추가해서 얹어드시면 갈릭디핑맛도 나고 포테이토피자맛도 나요❤️,2025-03-20,sweetshop
3010,sweetshop_2025-03-03,iseobin655,헐….언니 고딩 일 때 나 태어났네;;,2025-03-24,sweetshop
3011,sweetshop_2025-03-03,fmfmfm0001,갈릭 디핑 소스,2025-03-25,sweetshop
3012,sweetshop_2025-03-03,joy_happy0203,꼬다리 그래도 중독성 있어서 짭짭 하면서 먹거나 아님 에프에 구워먹음..,2025-04-02,sweetshop
3013,sweetshop_2025-03-03,jiyoon160613,갈릭소스,2025-04-05,sweetshop
3014,sweetshop_2025-03-03,uwu1234_wow,개인적으로 고구마 피저에다 파인애플 추가 한 다음에 그 서이드 메뉴에서 치킨?같은거 있는데 그거 시키면 같이 딸려오는 소스 찍어먹는고 되게 맛있음,2025-04-07,sweetshop
3015,sweetshop_2025-03-03,ya_ng.0511,지금까지 피자 소스중에서 피자스쿨 갈릭디핑 이긴거 못봄,2025-04-11,sweetshop
3016,sweetshop_2025-03-03,ccv1234444,갈릭디핑,2025-04-12,sweetshop
3017,sweetshop_2025-03-03,dignita._.s,고구마,2025-05-06,sweetshop
3018,sweetshop_2025-03-03,bo.o_yun,ㅋㅋㅋㅋ2010년이면 내가 태어난 연도 ㅋㅋㅋ,2025-05-10,sweetshop
3019,sweetshop_2025-03-03,ssoo22n.jung,진짜 피자스쿨 갈릭소스 최고임,2025-05-19,sweetshop
3020,sweetshop_2025-03-03,__h._.0,@2na__0 고구마피자 반판씩 먹엇자나ㅋㅋㅋㅋㅋㅋ,2025-05-21,sweetshop
3021,sweetshop_2025-03-03,lulu_dad93,꼬다리는 못참죠 소스에찍먹,2025-05-21,sweetshop
3022,sweetshop_2025-03-03,haha.susan,@_zzeya_ 영재랑 고피먹고싶당,2025-05-22,sweetshop
3023,sweetshop_2025-03-03,jimin2._.du,와 피자스쿨 ㅜㅜ고구마 조각..?올라가서 진짜 맛있았는데 ㅠ,2025-05-22,sweetshop
3024,sweetshop_2025-03-03,chosen.people_sm,어라 계성고 체육복이 왜..?,2025-05-24,sweetshop
3025,sweetshop_2025-03-03,angela_jejugamgyul,피자에 무조겅갈릭디핑…,2025-05-27,sweetshop
3026,sweetshop_2025-03-03,bipola.real,우리는 피자에땅 1+1,2025-05-29,sweetshop
3027,sweetshop_2025-03-03,qlqj0327,난 까르보네 피자여,2025-06-05,sweetshop
3028,sweetshop_2025-03-03,eunjio_oa,@ji_h.030 그 시절 고구마피자+갈릭2개+1.25L콜라=만원,2025-06-09,sweetshop
3029,sweetshop_2025-03-03,hyolyeong0211,갈릭디핑소스?,2025-06-13,sweetshop
3030,sweetshop_2025-03-03,x3lillian,라떼는 난타5000이엇는데..,2025-06-23,sweetshop
3031,sweetshop_2025-03-03,isoyeong8365,갈릭 소스랑 무슨 요구르트 맛나는 소스,2025-07-16,sweetshop
3032,sweetshop_2025-03-03,bagmina6499,개존맛,2025-07-17,sweetshop
3033,sweetshop_2025-03-03,rud80100,저도요 🍕,2025-07-18,sweetshop
3034,sweetshop_2025-03-03,cjdao326,갈릭소스 저 저피자 완젼 좋아함😍😍❤️🔥,2025-07-20,sweetshop
3035,sweetshop_2025-03-03,ssampon_boy,머스타드,2025-07-22,sweetshop
3036,sweetshop_2025-03-03,nyony_diary,갈릭디핑!!!,2025-07-23,sweetshop
3037,sweetshop_2025-03-03,hatareiju,크... 요즘도 가끔 시켜먹는디 꼭 머스타드많이뿌려주세요 한답니다❤️,2025-07-23,sweetshop
3038,sweetshop_2025-03-03,heart1004_ouo,갈릭 디핑소스?(내가 피자시킬때 즐겨먹는소스),2025-07-25,sweetshop
3039,sweetshop_2025-03-03,010_5x0x_87xx,옥수수 추가해달라고해서 먹으면 진짜 맛있어요,2025-07-25,sweetshop
3040,sweetshop_2025-03-03,dii5ni_,@yeon.s_ooo 우리진짜자주먹엇자나,2025-07-26,sweetshop
3041,sweetshop_2025-03-03,s.young2110,우린 난타5000이였음 ㄹㅇ 싼마이로 먹는 맛이 일품임 ㅋㅋㅋㅋ,2025-07-26,sweetshop
3042,sweetshop_2025-02-28,itis_a_gooddaytodie,디저트 좋아하는 사람 보면 미미상임,2025-03-04,sweetshop
3043,sweetshop_2025-02-28,tpskdi28,아...먹구싶다....이건판매가안대나요...,2025-02-28,sweetshop
3044,sweetshop_2025-02-28,yeseul0410,진짜 너무 맛있게 만들고 먹방까지 완벽 아니나고요~♡,2025-02-28,sweetshop
3045,sweetshop_2025-02-28,lily0831youngji,와~~~이건 정말 맛이 없을수 없죠👍 아흠 먹고싶당,2025-02-28,sweetshop
3046,sweetshop_2025-02-28,everyday_3016,빵 늘려서 드실때 표정 짱귀여워❤️❤️ 언니 매력 넘친다구여😍,2025-02-28,sweetshop
3047,sweetshop_2025-02-28,dear__pro,정확하게 레시피를 따라했는데 왜 저는 주걱과 손에 온통 달라붙는걸까요ㅠ ㅠ,2025-04-25,sweetshop
3048,sweetshop_2025-02-28,beomf.jsh,이분 약간 품고있는(?) 느낌이 약간쓰(?) 김태리 닮음,2025-03-04,sweetshop
3049,sweetshop_2025-02-28,_y.geon.12_,이사장님 요리잘하시네~,2025-02-28,sweetshop
3050,sweetshop_2025-02-28,joo_rrdy,팔 아 주 세 요 …..망고찹쌀떡😭🧡,2025-03-01,sweetshop
3051,sweetshop_2025-02-28,_y.geon.12_,와ㅋ,2025-02-28,sweetshop
3052,sweetshop_2025-02-28,cheol2_mong,레시키읍나요😢,2025-02-28,sweetshop
3053,sweetshop_2025-02-28,12.13.kr,크림찹쌀떡 보니까 생각났는데요!! 요즘 중국에서 요거트떡?? 이라는 게 유행인가 봐요!!! 그냥 보면 비누? 치즈처럼 보이는데 씹으면 잇자국이 나고 엄청 쫀득쫀득하대요!! 혹시 그것도 만들어 주실 수 있나여?!,2025-02-28,sweetshop
3054,sweetshop_2025-02-28,romance14age,날다람쥐가 애벌레? 먹는 것 같아요..,2025-03-07,sweetshop
3055,sweetshop_2025-02-28,younyoungho,이제점점 기괴하다 중국영상같음,2025-03-01,sweetshop
3056,sweetshop_2025-02-28,da_b.y,@92kimjieun 만들어줘,2025-03-06,sweetshop
3057,sweetshop_2025-02-28,lune_0302,진짜 맛있으셨나부닼ㅋㅋㅋㅋ찐표정😂,2025-02-28,sweetshop
3058,sweetshop_2025-02-28,shaneeeee_hk,똥손이라 대리만족해야될꺼같아용😢👏,2025-02-28,sweetshop
3059,sweetshop_2025-02-28,inmtos,중국엔 참 희한한 디저트가 많나 보네요,2025-02-28,sweetshop
3060,sweetshop_2025-02-28,_mmlleook_,센과 치히로에서 엄빠가 먹던 그 음식같다능,2025-02-28,sweetshop
3061,sweetshop_2025-02-28,hyoeun._.719,마지막 표정 넘 행복해 보여요ㅋㅋㅋ 진짜 딱 한입만 먹고 싶어요🤤,2025-02-28,sweetshop
3062,sweetshop_2025-02-28,seo2_love,아니 진짜 이런거 어케 만드는거예여 중국먹방 볼때마다 먹고싶어죽겠능디 😮,2025-02-28,sweetshop
3063,sweetshop_2025-02-28,jangjiyeon152,오오,2025-02-28,sweetshop
3064,sweetshop_2025-02-28,hyokiki_,귀여워ㅠㅠ,2025-02-28,sweetshop
3065,sweetshop_2025-02-28,shjyoonvely,저 찹쌀떡에 묻은 하얀가루는 뭘로 써야 하는건가요??,2025-02-28,sweetshop
3066,sweetshop_2025-02-28,seungwoo891108,진짜맛있게드시네,2025-02-28,sweetshop
3067,sweetshop_2025-02-28,_e_ujjin,판매해주세요😭,2025-02-28,sweetshop
3068,sweetshop_2025-02-28,ehs322,첫한입먹고 찐행복일때 나오는 저 표정😍😂,2025-03-01,sweetshop
3069,sweetshop_2025-02-28,nqpr47w,아 언니 너무귀여워욬ㅍㅋㅋㅋㅋ,2025-03-01,sweetshop
3070,sweetshop_2025-02-28,258lasol,습식 써도될까용,2025-03-01,sweetshop
3071,sweetshop_2025-02-28,sungho_0p,저희 집에 배달 해주세요😢,2025-03-01,sweetshop
3072,sweetshop_2025-02-28,bahklove1,와 대박,2025-03-01,sweetshop
3073,sweetshop_2025-02-28,sim.sweet,저..도 한입만...🫢🫢,2025-03-01,sweetshop
3074,sweetshop_2025-02-28,rye0w0n_2,색소넣은건가용?시럽넣은건가용?,2025-03-02,sweetshop
3075,sweetshop_2025-02-28,seoyeon130814,만드는 레시피 알려주세요...,2025-03-03,sweetshop
3076,sweetshop_2025-02-28,song_s.bin,@min_d_i0 이거 해주ㅏ,2025-03-05,sweetshop
3077,sweetshop_2025-02-28,la_lune_sol,@y___ji2 타피오카 가루였네,2025-03-09,sweetshop
3078,sweetshop_2025-02-28,blooming_soo2,크림 레시피 플맂@,2025-03-16,sweetshop
3079,sweetshop_2025-02-28,sum1.n_7,이사장님이 성공하는 이유,2025-04-11,sweetshop
3080,sweetshop_2025-02-28,inispina,레시피링크주세요오👏👏,2025-04-16,sweetshop
3081,sweetshop_2025-02-28,haim.leeee,아뉘 왜 내가보는 이 프리티 언니는 새벽에 만드는것같지??? 아침에 과일 찹쌀떡 만드러주세여ㅕ 예쁜언니!!,2025-04-17,sweetshop
3082,sweetshop_2025-02-28,j.happiness_88,애플망고 없이 크림만 넣어도 맛있을까요,2025-05-02,sweetshop
3083,sweetshop_2025-02-28,jjyoung_p,감자전분도 될까요??,2025-05-03,sweetshop
3084,sweetshop_2025-02-28,ssu_g22,@hye_9oo3 이거 만들어줘ㅠㅠ,2025-05-12,sweetshop
3085,sweetshop_2025-02-28,jonggeun275,찹쌀떡 레시피 알 수 있나요,2025-05-13,sweetshop
3086,sweetshop_2025-02-28,jasookcamp,@juyeon_jubae 이것도 그거잖냐..?,2025-05-30,sweetshop
3087,sweetshop_2025-02-28,czcz597,중국계이신가!??,2025-06-24,sweetshop
3088,sweetshop_2025-02-28,miss_chega,미텻다ㅠ,2025-06-29,sweetshop
3089,sweetshop_2025-02-28,c_s_0331,CU 1800원 연세 찹쌀떡도 존맛임,2025-07-07,sweetshop
3090,sweetshop_2025-02-28,project.dubu.lab,너무 맛있어보여요❤️❤️,2025-07-15,sweetshop
3091,sweetshop_2025-02-28,ssua0312,맛있겠다,2025-07-19,sweetshop
3092,sweetshop_2025-02-28,mylittleshop_goz,이렇게 맛있는걸 많이드시는데 어케 살이안찌죠?!,2025-07-26,sweetshop
3093,sweetshop_2025-02-25,s.jxn_12,우와 저거 어릴때 진짜 많이 먹었는데.. 어느순간 잊고 살았다.. ㅋㅋ 저 크림치즈에 달기쨈 넣어서 찍어먹으면 꿀맛임..ㅜㅜ,2025-02-25,sweetshop
3094,sweetshop_2025-02-25,sungho_0p,아ㅠㅠ 끼리 진짜 맛있는뎅,2025-02-25,sweetshop
3095,sweetshop_2025-02-25,jjing_00,"끼리 크림치즈가 진해서 이건 그냥 먹어도 진짜 맛있는데 그 크림치즈로 만든 티라미수라니요,,😍 와 보기만해도 감동!🤤🤤 나두 그 티라미수 만들어서 먹어보고 시포요ㅠㅠ #끼리 #딥앤크런치 #티라미수 🤍🩵",2025-02-25,sweetshop
3096,sweetshop_2025-02-25,ire.log,#끼리 #딥앤크런치 티라미수 아이디어 미쳤다 ❤️❤️,2025-02-25,sweetshop
3097,sweetshop_2025-02-25,huni_369,이사장님 티라미수 해먹을 아이디어 진짜ㅋㅋㅋㅋ 상상도 못했네요🫠🫠 맛이 궁금하니 도전! #끼리 #딥앤크런치,2025-02-26,sweetshop
3098,sweetshop_2025-02-25,sungho_0p,#끼리 #딥크런치,2025-02-25,sweetshop
3099,sweetshop_2025-02-25,eundol11,#끼리 #딥앤크런치 츄르릅,2025-02-25,sweetshop
3100,sweetshop_2025-02-25,traveloversgirl,티라미수 만들어보고 싶어요~ #끼리 #딥앤크런치,2025-02-26,sweetshop
3101,sweetshop_2025-02-25,s0oyj.1026,개미 눈꼽이 저렇게 컸었나,2025-06-24,sweetshop
3102,sweetshop_2025-02-25,gjdlsdk,#끼리 #딥앤크런치 😍 @shin369999 @sunghee8141 @itsyou_u,2025-03-03,sweetshop
3103,sweetshop_2025-02-25,gogooma407,와,2025-02-25,sweetshop
3104,sweetshop_2025-02-25,gogooma407,빨리 왔다❤️,2025-02-25,sweetshop
3105,sweetshop_2025-02-25,sujk__313,#끼리 #딥앤크런치 😋😋,2025-02-25,sweetshop
3106,sweetshop_2025-02-25,dal_hana,저는 티라미수 만들어보고 싶어요. 카페인 과민반응이 있어서 디카페인으로요! #끼리 #딥앤크런치,2025-02-25,sweetshop
3107,sweetshop_2025-02-25,sunjung3636,#끼리#딥앤크런치 와우 👍👍👍👍👍👍,2025-02-25,sweetshop
3108,sweetshop_2025-02-25,xvcyuuuk,무조건 티라미수요!!!!!!!,2025-02-25,sweetshop
3109,sweetshop_2025-02-25,za.xyol0,30분전,2025-02-25,sweetshop
3110,sweetshop_2025-02-25,_ji.30u,#끼리 #딥앤크런치 제발 ㅜ,2025-02-25,sweetshop
3111,sweetshop_2025-02-25,njbcrew0,#끼리#딥크런치 😍 저도 티라미수 만들어보고프네요🙌❤️,2025-02-25,sweetshop
3112,sweetshop_2025-02-25,sumiee_mt,#끼리 #딥앤크런치 똥손인 저도 이사장님의 티라미수레시피로 만들어보고 싶네요❤️❤️,2025-02-25,sweetshop
3113,sweetshop_2025-02-25,soccer___f,#끼리 #딥앤크러치 요즘 집에서 뭐 만들어먹는게 취미가 됬는데 저도 만들러보구 싶네유😢,2025-02-25,sweetshop
3114,sweetshop_2025-02-25,fight_chicken22,#끼리 #딥앤크런치,2025-02-25,sweetshop
3115,sweetshop_2025-02-25,erica86_kwon,#끼리#딥앤크런치 티라미슈만들어보고싶어요!!,2025-02-25,sweetshop
3116,sweetshop_2025-02-25,rhythmizm,어릴때 끼리 많이묵음 완전 굿,2025-02-25,sweetshop
3117,sweetshop_2025-02-25,mukorang,천재다❤️❤️❤티라미수 조아해용!!! #끼리 #딥앤크런치,2025-02-25,sweetshop
3118,sweetshop_2025-02-25,yeseul0410,언니 저거 먹고 라면 끓여 먹었을 것 같아~!,2025-02-25,sweetshop
3119,sweetshop_2025-02-25,2seobaek2,#끼리#딥앤크런치 T라미수🙂,2025-02-25,sweetshop
3120,sweetshop_2025-02-25,yoon_jung._,#끼리#딥앤크런치,2025-02-25,sweetshop
3121,sweetshop_2025-02-25,__j_h__k,간편하게 트러플 크림치즈 만들어 보고 싶어요! #끼리 #딥앤크런치,2025-02-25,sweetshop
3122,sweetshop_2025-02-25,everyday_3016,#끼리 #딥앤크런치 티라미수를 여기에 사용한다니!! 이사장님 천재라구요!!ㅎㅎ 광고도 넘넘 잘하시는 이사장님❤️,2025-02-25,sweetshop
3123,sweetshop_2025-02-25,yx.0n1x,언니 저기 크림치즈에 귤찍어먹어봐 걍 먹어봐 존맛이야,2025-02-25,sweetshop
3124,sweetshop_2025-02-25,r__________ing,#끼리#딥앤크런치 티라미수라니 😍😍블루베리는 왜 첨 보는거 같죠😮😮,2025-02-25,sweetshop
3125,sweetshop_2025-02-25,z._.xin1661,오늘도 신박하닼ㅋㅋ,2025-02-25,sweetshop
3126,sweetshop_2025-02-25,bdjxjsjsksk_,작년에 끼리 크림치즈 스틱이 이렇게나 맛있는 줄 처음 알았어요! 제가 사는 곳엔 끼리 크림치즈 스틱이 많이 팔지 않아서 쿠팡으로 시켰는데 주문 취소 됐던 적이 있어요 ㅠㅠ,2025-02-25,sweetshop
3127,sweetshop_2025-02-25,ssohappytogether,#끼리 #딥앤크런치 끼리로 만드는 티라미수!!! 맛없없!!!!❤️,2025-02-26,sweetshop
3128,sweetshop_2025-02-25,jjiwons_watercolor,저는 끼리 크림치즈에,2025-02-26,sweetshop
3129,sweetshop_2025-02-25,cheawon_0809,#끼리 #딥앤크런치 티라미수 맛있을거 같아요!!!! 초딩때 끼리 빼빼로? 있었던거 같은데 맛있었어요..!,2025-02-26,sweetshop
3130,sweetshop_2025-02-25,hipororo,#끼리#딥앤크런치 전 트러플크림치즈요.. 일단 티라미수는 아는 맛이고 트러플크림치즈는 모르는 맛이니까.. 맛보고 싶어요^^,2025-02-26,sweetshop
3131,sweetshop_2025-02-25,dalcomsweetcake,#끼리 #딥앤크런치 저희 아이 최애 과자에요❤️❤️❤️❤️❤️❤️,2025-02-26,sweetshop
3132,sweetshop_2025-02-25,n0_hxeuz,뛰어놀았지만 죽었죠?,2025-02-26,sweetshop
3133,sweetshop_2025-02-25,hee_woong____,#끼리 #딥앤크런치 티라미슈 만들어서 먹어보고싶어요🔥,2025-02-26,sweetshop
3134,sweetshop_2025-02-25,yun_blossom_,#끼리 #딥앤크런치 😍😍,2025-02-26,sweetshop
3135,sweetshop_2025-02-25,akki_5304,세상에서 젤루 이쁜 이사장니임!!,2025-02-26,sweetshop
3136,sweetshop_2025-02-25,jungetime,와 티라미수 러버인데 이렇게 하신다구요?😍 티라미수 만들어 먹고파요~~ #끼리 #딥앤크런치,2025-02-26,sweetshop
3137,sweetshop_2025-02-25,iday6meal,티라미수 진짜 맛있겠돠..😍🥹 #끼리 #딥앤크런치,2025-02-26,sweetshop
3138,sweetshop_2025-02-25,gamsung_getout,가루쿡 티라미수라니🫶🫶 주말에 만들어봐야지❤️ #끼리 #딥앤크런치,2025-02-26,sweetshop
3139,sweetshop_2025-02-25,gamsung_getout,후,2025-02-26,sweetshop
3140,sweetshop_2025-02-25,yelloworange202,트러플크림치즈 손님들 대접하기 넘 좋을것 같아요. 다음에 도전해보고 싶네요. 딥앤크런치로 이렇게 고급지면서 쉬운 레시피라니 넘 좋아요 👍 #끼리 #딥앤크런치,2025-02-26,sweetshop
3141,sweetshop_2025-02-25,gloria__soo,블루베리아트로 더 예쁘고 맛있게 딥앤크런치를 즐길수 있다니😍 아들이 영상 같이 보다가 자기도 만들어 달라고 난리네요 ㅋ #끼리 #딥앤크런치,2025-02-26,sweetshop
3142,sweetshop_2025-02-25,mini_gamsung.__,미니티라미수 만들어보고 싶어요♡ #끼리 #딥앤크런치,2025-02-26,sweetshop
3143,sweetshop_2025-02-25,xlwinni,끼리로 티라미수라니 대박이네요 저도 만들어보고싶어요 간단한 디저트로 딱이네요 #끼리 #딥앤크런치,2025-02-26,sweetshop
3144,sweetshop_2025-02-25,code_0208,떵손인데 티라미수 만들수있겠어요😆👍 #끼리 #딥앤크런치,2025-02-26,sweetshop
3145,sweetshop_2025-02-25,__daebong,17기옥순인줄.,2025-02-27,sweetshop
3146,sweetshop_2025-02-25,ekdrms_32,#끼리#딥앤크런치 저는트러플크림치즈용~~❤️,2025-02-27,sweetshop
3147,sweetshop_2025-02-25,ji.ni_jini,#끼리 #딥앤크런치 🩵🩵🩵,2025-02-27,sweetshop
3148,sweetshop_2025-02-25,jinsouny,트러플크림치즈 만들어 보고 싶네요~^^❤️ #끼리 #딥앤크런치,2025-02-27,sweetshop
3149,sweetshop_2025-02-25,dont_cry__alone,맛잘알 이사장님이 만든 티라미수 상상만 해도 맛있을 것 같아요ㅠㅠ 끼리 딥앤크런치 너모 맛있는데 블루베리도 먹어보고 싶어요..🫐 #끼리 #딥앤크런치,2025-02-28,sweetshop
3150,sweetshop_2025-02-25,jwo_n014,와 맛있겠다,2025-02-28,sweetshop
3151,sweetshop_2025-02-25,hye_yeon092,티라미수 진짜 제발료...... 끼리로 아이디어 미쵸따리 너무 맛있어보여요......엉엉엉 ㅠㅠㅠㅠ #끼리 #딥앤크런치,2025-02-28,sweetshop
3152,sweetshop_2025-02-25,ouo_dbf,저거 아빠가좋아하는뎅,2025-03-02,sweetshop
3153,sweetshop_2025-02-25,nr_oh_07,#끼리 #딥앤크런치 티라미수너무맛잇어보여요ㅠㅠㅠㅜㅜㅠ😍😍,2025-03-02,sweetshop
3154,sweetshop_2025-02-25,oh_eeeing.8pm,레시피 정말 끼리하구만요~ 티라미수를 만들어 보고 싶어요. 특히 크림치즈라면 환장하는 흰둥스한테 너무 goat한 제품 아닌가 싶을정도로 진하고 부드러운 끼리치즈가 넘 디저트랑 잘 어울리기 때문이죠! 단 걸 안 좋아하는 친구한텐 튜닝의 끝은 순정인 끼리 딥앤크런치 선물해주려고요! #딥앤크런치 #kiri #끼리 #끼리딥앤크런치,2025-03-03,sweetshop
3155,sweetshop_2025-02-25,zxzxzxmm__,끼리 고등학생 때부터 정말 많이 먹었는데 티라미수 해볼 생각은 못 했네요! 티라미수 너무 맛있을 것 같아요 😮 #끼리 #딥앤크런치,2025-03-03,sweetshop
3156,sweetshop_2025-02-25,zifkf_,#끼리 #딥앤크런치 한 번도 안 먹어봐서 궁금해요!! 티라미수 만들어먹어보고 싶어요❤️,2025-03-03,sweetshop
3157,sweetshop_2025-02-25,_u.wall,#끼리 #딥앤크런치 티라미수요..❤️,2025-03-04,sweetshop
3158,sweetshop_2025-02-25,jonye._.boss11,"끼리잖아,, 크림치즈중에 원탑으로 유명한 끼리잖아,, 가장 맛있다던 끼리라고,, 그리고 매우 비싸지,, 나도 먹어보고싶어,, 끼리 뭐길래 그리 맛있다그러나,,",2025-03-04,sweetshop
3159,sweetshop_2025-02-25,yul_coco_baby,오 티라미수 대박,2025-03-07,sweetshop
3160,sweetshop_2025-02-25,d.worldmeal,그냥 다 맛있어보여요😂,2025-04-25,sweetshop
3161,sweetshop_2025-02-25,jin66845,표정 맘에 안들음..,2025-05-19,sweetshop
3162,sweetshop_2025-02-24,hyekuleee,완전 공감이여 마들엔이랑 휘낭시에 절대절대 안사먹어요 만들기 너무 쉬운 난이도 극하인데.. 사먹기 너무 아까워용,2025-02-25,sweetshop
3163,sweetshop_2025-02-24,s.jxn_12,이사장님 빵 먹어보고 싶다ㅜ,2025-02-24,sweetshop
3164,sweetshop_2025-02-24,hey_miyo_,베이킹 하지만 사먹습니다ㅋㅋ 한번에 여러개 와랄랄라 나오니까 못참고 와랄랄라 먹어서 딱 하나씩만 가끔 먹어요😂😂,2025-02-26,sweetshop
3165,sweetshop_2025-02-24,everyday_3016,저는 머랭쿠키입니다!!! 요즘 넘 비싸서ㅠㅠ 맛은 있지만 ㅠㅠ,2025-02-24,sweetshop
3166,sweetshop_2025-02-24,z._.xin1661,뚱치 진짜 졸긔 뚱치영상도 올려주세영 그리고 진짜 모든지 잘하는 이사장님😍😍,2025-02-24,sweetshop
3167,sweetshop_2025-02-24,grace.h_daoom,허옇게바르는거 무ㅓ예용,2025-02-25,sweetshop
3168,sweetshop_2025-02-24,sungho_0p,마들렌 맛있죠ㅠㅠㅠ,2025-02-24,sweetshop
3169,sweetshop_2025-02-24,s0haengnni,아무말 진짜 웃겨요 .....,2025-02-24,sweetshop
3170,sweetshop_2025-02-24,chos_life_89,마들렌 광고 기원 1일차 🙏,2025-02-24,sweetshop
3171,sweetshop_2025-02-24,minimini_like,맞아요ㅋㅋ 마들렌이랑 휘낭시에 만들어 먹어요ㅋㅋ,2025-02-24,sweetshop
3172,sweetshop_2025-02-24,juyo_lim,마들렌 먹고싶어지는 😮😮,2025-02-24,sweetshop
3173,sweetshop_2025-02-24,yeseul0410,그럼 사먹지 말고 이사장님이 만들어주시면 되겠네요~!👏,2025-02-24,sweetshop
3174,sweetshop_2025-02-24,pinkwing86,이사장빵ㅋㅋㅋㅋㅋㅋㅋㅋ,2025-02-24,sweetshop
3175,sweetshop_2025-02-24,nahyeonimdang,@cho_su812 감귤마들렌 추억,2025-07-05,sweetshop
3176,sweetshop_2025-02-24,eunyoung.yi,에어프라이기라 온도를 어찌 잡아야할지 가늠이 안가서 포기....,2025-02-25,sweetshop
3177,sweetshop_2025-02-24,baggeumhui26,우와...ㅜㅜ 만들수가 없어서..패스,2025-02-24,sweetshop
3178,sweetshop_2025-02-24,ghj8804,왜 내주변엔 베이킹하는사람이 없을가... 사먹는값반값으로먹겟는데😂,2025-02-24,sweetshop
3179,sweetshop_2025-02-24,sweetshop_s2,베이킹 하면서 ->나가서 사먹기 제일 아까운 디저트는 무엇이신가요???,2025-02-24,sweetshop
3180,sweetshop_2025-02-24,imhyiseob38,금가루까지 ㄷㄷ 역시 당신은 만수르였어!! 만원만요!!,2025-02-24,sweetshop
3181,sweetshop_2025-02-24,nyolihaneun,배꼽 잘 나왔네,2025-02-24,sweetshop
3182,sweetshop_2025-02-24,cuteseyxhot,ㄹㅇㄹㅇ 그래서 만들때마다 이게 왜 비싸지..?이럼,2025-02-24,sweetshop
3183,sweetshop_2025-02-24,cho_____cho_____,마들렌 틀 정보 궁금합니다!,2025-02-24,sweetshop
3184,sweetshop_2025-02-24,lch87s,마들렌 스콘은 밖에서 사먹기 좀 아깝...😂,2025-02-25,sweetshop
3185,sweetshop_2025-02-24,lovely_ziz,번외로 꼭 사먹는건 마카롱이여....😂😂,2025-02-25,sweetshop
3186,sweetshop_2025-02-24,jinijinijoe,만들 수 없어서 다 사먹는 1인!,2025-02-25,sweetshop
3187,sweetshop_2025-02-24,jhs_hoote,이름이 진짜 사장이였음…?,2025-02-25,sweetshop
3188,sweetshop_2025-02-24,papergir,바닐라익스트렉 브랜드 뭐 쓰시는지요,2025-02-25,sweetshop
3189,sweetshop_2025-02-24,nagar_u12,오븐 어떤건지 알려주실수 있을까요..?!,2025-02-25,sweetshop
3190,sweetshop_2025-02-24,raonmake,저두 마들렌은 못사먹어요! 애들 간식으로도 2~3배합해서 한가득 구워야 든든하거든요! 아이싱까지 해주니 고급진데...상콤하겠다마들렌💛,2025-02-25,sweetshop
3191,sweetshop_2025-02-24,seungwoo891108,마들렌 파운드케이크공감..,2025-02-25,sweetshop
3192,sweetshop_2025-02-24,____nal.daramzy,휘낭시에요!!!! 휘낭시에는 절대 실패가 없어여🙌,2025-02-25,sweetshop
3193,sweetshop_2025-02-24,crew.lounge,이사장.. 너도 예뻐,2025-02-25,sweetshop
3194,sweetshop_2025-02-24,woohwaok,틀에짠 반죽부터 이쁘네요❤️❤️,2025-02-25,sweetshop
3195,sweetshop_2025-02-24,jinmi210,휘낭시에 식빵.머랭쿠키요,2025-02-25,sweetshop
3196,sweetshop_2025-02-24,yorimuk,맞아요~ 마들렌 사먹는 거 진짜 돈 아까워요😁😁,2025-02-27,sweetshop
3197,sweetshop_2025-02-24,younghyun_17,저는 바리스타 제빵 하긴하는데 레몬 많이넣는게 처음본다. . 저는 레몬과즙 분말 쓰는데..,2025-02-28,sweetshop
3198,sweetshop_2025-02-24,ehs322,"여러번 만들어본 디저트는 꼭 집에서 만들어요. 바나나 케이크, 당근 케이크, 쿠키 종류",2025-03-01,sweetshop
3199,sweetshop_2025-02-24,choi_yoon.hee,맞아!!맞아!!👏👏,2025-03-01,sweetshop
3200,sweetshop_2025-02-24,catb.o.t,마들렌은 젤 ㄱㅊ은거 틀에 버터바르기 숙성 기다리기,2025-03-11,sweetshop
3201,sweetshop_2025-02-24,trdmsql,오븐은 어떤거 사셨어요?,2025-03-14,sweetshop
3202,sweetshop_2025-02-24,j1.y0en,언니 다른맛 마들렌도 만들어줘 쉽잖아~,2025-04-08,sweetshop
3203,sweetshop_2025-02-24,nikin99,@cjswoek9185 이거해먹어보까,2025-04-15,sweetshop
3204,sweetshop_2025-02-24,jiseon091224,스콘쉽게 만들 수 있어서 밖에서 사먹기 아까움,2025-04-21,sweetshop
3205,sweetshop_2025-02-24,ohjiii1,어떤 오븐을 쓰시는쥐!!!!! 궁금합니더!!!!,2025-04-22,sweetshop
3206,sweetshop_2025-02-24,hj_0.120,@eun_joyy 진짜인가요?!,2025-05-11,sweetshop
3207,sweetshop_2025-02-24,highhighjj,너무 공감되요! 그리고 선물로 구워서 휘뚤마뚤 주기 편한 것도 마들렌!!,2025-05-16,sweetshop
3208,sweetshop_2025-02-24,lllliaeee_,위에 올리신건 뭐에용?? 노란색 실처럼 생긴거요! 너무 맛있어보여요❤️,2025-05-17,sweetshop
3209,sweetshop_2025-02-24,_alruddl,저는 마들렌 너무 비싸서 베이킹을 시작하게 된 계기 ㅋㅋㅋ,2025-05-21,sweetshop
3210,sweetshop_2025-02-24,doyeonyeon1315.k,???:빛의 가호!!,2025-06-23,sweetshop
3211,sweetshop_2025-02-24,jinohk89,무슨 오븐인데영. ??😮,2025-07-05,sweetshop
3212,sweetshop_2025-02-24,7arzzanq,와느뮤맛잇겟네요…..,2025-07-06,sweetshop
3213,sweetshop_2025-02-24,dalcomjerry1850,오븐 정보가궁금한데용 😂,2025-07-27,sweetshop
3214,sweetshop_2025-02-22,luh._ye,ㅎr 나도 먹고싶은데 돈이없어.,2025-02-22,sweetshop
3215,sweetshop_2025-02-22,jye91jye,망고 퓨레 같은 거 아닐까요,2025-02-26,sweetshop
3216,sweetshop_2025-02-22,sebyuk._.02,이 언니 못하는게 뭐야... 맨날 언니 영상 보면 너무 맛있어보여서... 영상속으로 들어가서(?) 한입 뺏어먹고 싶다구요... 😢❤️,2025-02-22,sweetshop
3217,sweetshop_2025-02-22,haemjji228,저만 망고 농축액 같나요..?😢,2025-02-24,sweetshop
3218,sweetshop_2025-02-22,s.jxn_12,우아 맛있겠어요ㅠ 진차 이사장님 못하는게 뭐죠?!,2025-02-22,sweetshop
3219,sweetshop_2025-02-22,hanhyeryeong.g,...센스 미치시었!!!!!!!!!!!!! 맛있겠어요!! 망고겠지.. 했는데 계란노른자.. 와..😮😮,2025-02-22,sweetshop
3220,sweetshop_2025-02-22,ha_yum_i,아 첫댓🙌,2025-02-22,sweetshop
3221,sweetshop_2025-02-22,akki_5304,언니 옙어요.,2025-02-22,sweetshop
3222,sweetshop_2025-02-22,everyday_3016,오!!! 언니 유튜브에서 봤던 영상이자너❤️❤️ 또 보는거 넘 좋아여ㅎㅎ,2025-02-22,sweetshop
3223,sweetshop_2025-02-22,from.jinhyuk,수건케이크 GOAT,2025-02-22,sweetshop
3224,sweetshop_2025-02-22,bo687499,이사장님에겐 불가능한 음식은 없다❤️❤️❤️,2025-02-22,sweetshop
3225,sweetshop_2025-02-22,sh.cookkook,"살균ㅋㅋㅋㅋㅋ 역시 이사장밈,,👏",2025-02-22,sweetshop
3226,sweetshop_2025-02-22,hee_ming_,망고퓨레인줄 알았는데 노른자 였다니!!!!,2025-02-22,sweetshop
3227,sweetshop_2025-02-22,luvme.2_,색만봐선 망고같았는데 아니었구낭..,2025-02-22,sweetshop
3228,sweetshop_2025-02-22,eumm.ml,사댱행🤗🤗🤗🤗,2025-02-22,sweetshop
3229,sweetshop_2025-02-22,_mmlleook_,대략 맛이 그려져서.. 스테이크를 먹고온 나이지만 군침이...🤤,2025-02-22,sweetshop
3230,sweetshop_2025-02-22,eumm.ml,패니네요!!!!!!,2025-02-22,sweetshop
3231,sweetshop_2025-02-22,eumm.ml,움마😂ㅂ,2025-02-22,sweetshop
3232,sweetshop_2025-02-22,eumm.ml,뀨규ㅠㄱ,2025-02-22,sweetshop
3233,sweetshop_2025-02-22,eumm.ml,ㅠ우여,2025-02-22,sweetshop
3234,sweetshop_2025-02-22,eumm.ml,ㅇㅇ준,2025-02-22,sweetshop
3235,sweetshop_2025-02-22,eumm.ml,사랑ㅇ랝,2025-02-22,sweetshop
3236,sweetshop_2025-02-22,eumm.ml,ㅡ살,2025-02-22,sweetshop
3237,sweetshop_2025-02-22,oh.dayul,노란 수건케이크 먹으니까 더 이뿌당 언니!!!!!😍👏👏,2025-02-22,sweetshop
3238,sweetshop_2025-02-22,lovelyey_j,금손이 매우 부럽습니다❤️❤️❤️❤️❤️,2025-02-22,sweetshop
3239,sweetshop_2025-02-22,xvcyuuuk,어떻게 항상 이렇게 뚝딱 만들어내시는지 항상 리스펙★,2025-02-24,sweetshop
3240,sweetshop_2025-02-22,x.ooen_,노락색 소스에 물을 조근 넣으면 영상 처럼 되지 않을까요??,2025-02-28,sweetshop
3241,sweetshop_2025-02-22,ehs322,노른자 소스 찜빵 같은게 유명하다고 하는데 그런 노른자 소스 맛일까요?,2025-03-01,sweetshop
3242,sweetshop_2025-02-22,love_yh2,망고소스 같았는딬ㅋㅋㅋ노른자..?,2025-03-27,sweetshop
3243,sweetshop_2025-02-22,luchenghui,망고 아니면 음 蟹黄이라구 게알에 노른자랑 섞어서 만든 음 그런 소스가 있어요! ㅎㅎ 월명에 소로도 쓰이구요 두부랑 같이해서 만든 요리두 있음 ㅎㅎ,2025-04-12,sweetshop
3244,sweetshop_2025-02-22,young___view,저두 이거 먹고싶엇는데 방법이 없어요ㅠㅠ아~~~~~진짜 중국가야하나요😢😢😢😍,2025-04-23,sweetshop
3245,sweetshop_2025-02-22,yangdayun82,망고 잼? 이런거 아닌가요?,2025-05-24,sweetshop
3246,sweetshop_2025-02-21,yu.haein,머리 빗겨주고싶네..,2025-02-22,sweetshop
3247,sweetshop_2025-02-21,tmddk12._.sah,고양이만 찍어서 올려주세여,2025-03-01,sweetshop
3248,sweetshop_2025-02-21,roseto_beauty,악 귀여워...............,2025-02-21,sweetshop
3249,sweetshop_2025-02-21,pinkwing86,헐 실리만찜기다,2025-02-21,sweetshop
3250,sweetshop_2025-02-21,bboni._.bbang,건강이 최고예요… 진짜루.. 잘자고 잘머거야돼요,2025-02-21,sweetshop
3251,sweetshop_2025-02-21,xl._.ia,이사장님 웰케 이뻐요오오오😮❤️,2025-02-21,sweetshop
3252,sweetshop_2025-02-21,chill_haza,쉴때는 역시 냥냥구랑 노는게 최고의 테라피 ㅎㅎ,2025-02-23,sweetshop
3253,sweetshop_2025-02-21,hyejin_seol,우리동상 이쁘다앙❤️,2025-02-21,sweetshop
3254,sweetshop_2025-02-21,sungho_0p,일상 속 이사장님도 사랑해요!!🥰 그리구 맛난 음식에 침이 고이네요😋,2025-02-21,sweetshop
3255,sweetshop_2025-02-21,meow888.8,애기같애...,2025-02-21,sweetshop
3256,sweetshop_2025-02-21,cheawon_0809,빵 사이에 사과 저만 이빨로 보였나요 ㅋㅋㅋㅋ 쓱 넘기다가 이빨인줄,2025-02-22,sweetshop
3257,sweetshop_2025-02-21,jadejeon727,앗! 이효리님 인줄,2025-02-21,sweetshop
3258,sweetshop_2025-02-21,jii4370,몇일전 제 모습같네요~근데 이사장님은 예쁘시군요..ㅎㅏㅎㅏ 좀 쉬었다 한숨 돌리고와요..우리 여기 있을께요❤️,2025-02-21,sweetshop
3259,sweetshop_2025-02-21,xvcyuuuk,ㅋㅋㅋㅋㅋㅋ진짜 친구한테 보내는 사진 모먼트라 빵터짐용(진짜 빵이 터졌다는 건아님),2025-02-21,sweetshop
3260,sweetshop_2025-02-21,cat_sle_0,언니 왜 이렇게 소식하는 사진만 올린거야아아아라라라!!!! 그리구 존재자체가 그냥 빛인데 여태 몰랐돈거면 실망이야~~!,2025-02-21,sweetshop
3261,sweetshop_2025-02-21,ceolhyeon20,오래오래 생기있는.영상으로 부려먹고 싶으니 무병장수 하십셔~❤️,2025-02-21,sweetshop
3262,sweetshop_2025-02-21,yeseul0410,언니 생얼 솔직히 너무 예뻐~♡♡♡♡♡,2025-02-21,sweetshop
3263,sweetshop_2025-02-21,soohyun0406,이모 되게 프리티해❤️❤️,2025-02-21,sweetshop
3264,sweetshop_2025-02-21,hayan_812,귀여운 사람...🥹 날씨가 오락가락합니다 감기 안 들게 조심하쎄욧,2025-02-21,sweetshop
3265,sweetshop_2025-02-21,noh_hye.lin6307,"진짜 기엽다,,",2025-02-21,sweetshop
3266,sweetshop_2025-02-21,wvvwowvwv,육회에 저 동그란 검정색 뭔지 너무 궁금해서 돌겠어요,2025-02-21,sweetshop
3267,sweetshop_2025-02-21,__aa.m8,전 이사장님 쉬는 모습도 넘 좋아요,2025-02-21,sweetshop
3268,sweetshop_2025-02-21,junsxo_0525,와우,2025-02-21,sweetshop
3269,sweetshop_2025-02-21,everyday_3016,우와 수박이 있어요????😮❤️❤️ 언니 넘넘 이뻐여,2025-02-21,sweetshop
3270,sweetshop_2025-02-21,2tamiiiii,알면 알수록 매력적인 여성이다,2025-02-21,sweetshop
3271,sweetshop_2025-02-21,rnskgus_13,우리 이솨장님 넘 귀엽고ㅋㅋㅋ 근데 뚱치 진짜 푸짐하네요ㅋㅋㅋㅋㅋ,2025-02-22,sweetshop
3272,sweetshop_2025-02-21,yujin_0115,언니 따듯하게 입고다니세요 감기는 언제나 조심 또 조심하세요 즐거운 하루되세요!,2025-02-22,sweetshop
3273,sweetshop_2025-02-21,jjiwoo.pyo.jj,언니 맨날 화장하고 영상 찍는데 쌩얼도 이뽀요😍❤️근데 저 빨간 음식의 정체는 뭔가요,2025-02-22,sweetshop
3274,sweetshop_2025-02-21,sehan6016,쉴때는 푹 쉬는게 정답~!!,2025-02-22,sweetshop
3275,sweetshop_2025-02-21,i_feel__pretty___,자연스러운 모습이 더 예쁜 사장님😍❤️,2025-02-22,sweetshop
3276,sweetshop_2025-02-21,yikk__08,잠옷 오디껀가용,2025-02-24,sweetshop
3277,sweetshop_2025-02-21,lovery_kangs,첫번째 사진 슌간 이효린줄 알았어염😍,2025-03-02,sweetshop
3278,sweetshop_2025-02-20,xl._.ia,저 12년생인데 어묵 하나에 천원 받더라구요……ㅠ,2025-02-20,sweetshop
3279,sweetshop_2025-02-20,bboni._.bbang,저늨 저 말랑말랑하고 어묵국물봉다리같은 질감으 어묵 (고양이) 정수리 한 입 앙 물고싶어요.,2025-02-20,sweetshop
3280,sweetshop_2025-02-20,z._.xin1661,저는 물어묵 700 원 매운 어묵 800원이여,2025-02-20,sweetshop
3281,sweetshop_2025-02-20,everyday_3016,저는 500원이었어요!! 쫀드기가 100원 이었어요 ㅋㅋㅋㅋㅋㅋㅋ,2025-02-20,sweetshop
3282,sweetshop_2025-02-20,seonforeveryoung,어묵 어디꺼가 맛있나요? 어떤 어묵은 너무 비리거나 느끼해서,2025-02-20,sweetshop
3283,sweetshop_2025-02-20,xvcyuuuk,저는 200원 ..,2025-02-20,sweetshop
3284,sweetshop_2025-02-20,sungho_0p,전 떡볶이랑 어묵 둘다 500원이고 양념감자(?)가 2000원 ㅠ,2025-02-20,sweetshop
3285,sweetshop_2025-02-20,y_kko.9_m,고래사 새우봉도 드셔보세요 부산미도어묵도 맛있어요☺️,2025-02-20,sweetshop
3286,sweetshop_2025-02-20,cheawon_0809,처 초딩땐 하나에 500원이었는데 지금은 700원 800원 정도 하는것 같아요,2025-02-20,sweetshop
3287,sweetshop_2025-02-20,play_eat_goe,그러다 빨간양념 오뎅에 치즈오뎅에 그런거 나올때가 센세이션 ㅋㅋㅋㅋ,2025-02-20,sweetshop
3288,sweetshop_2025-02-20,sugasuga2017,50원이었어요....꼬불이도 손꾸락도 50원....첫짜장면을 700원에 사먹었었죠ㅋㅋ80년생ㅋㅋ노인네,2025-02-20,sweetshop
3289,sweetshop_2025-02-20,ha.ne1_,마시게따여ㅠㅜㅜ,2025-02-20,sweetshop
3290,sweetshop_2025-02-20,hekdms0,"지금은 하나에 천원이나 해요,,,,, 이제 못 사먹어,,,,",2025-02-20,sweetshop
3291,sweetshop_2025-02-20,abanggelion,500원,2025-02-20,sweetshop
3292,sweetshop_2025-02-20,_mmlleook_,오와 댕댕이도 있었네요!,2025-02-20,sweetshop
3293,sweetshop_2025-02-20,lovelyluna_91_,일자가 200원이었규 꼬불이가 500원 지금은 700원 ㅠㅜ,2025-02-20,sweetshop
3294,sweetshop_2025-02-20,amoeba_uri,저랑 연식이 비슷하시군요,2025-02-21,sweetshop
3295,sweetshop_2025-02-20,kim_joosun1,500원이요,2025-02-21,sweetshop
3296,sweetshop_2025-02-20,jun._.won0618,지금은 꼬불이 1개에 700원,2025-02-21,sweetshop
3297,sweetshop_2025-02-20,s.jxn_12,저희 동네 분식집이 두갠데 제 단골집은(?) 최근에 1000원으로 올랐더라구요.. 어묵과 잠시 단절 중입니다..,2025-02-21,sweetshop
3298,sweetshop_2025-02-20,yxxn_love_k,이쁜언니다❤️‍🔥,2025-02-21,sweetshop
3299,sweetshop_2025-02-20,gerbok12,10원,2025-02-22,sweetshop
3300,sweetshop_2025-02-20,pop_suga_2025,"우리는 어묵 하나 5,000원",2025-02-22,sweetshop
3301,sweetshop_2025-02-20,minheeya_,어묵하나 300원/ 4개 천원ㅎㅎ하던 혜자로운 분식집..👏,2025-02-22,sweetshop
3302,sweetshop_2025-02-20,mx.1zu_,꿔바로우 만드는것처럼 만드는데 고기대신 좀 큰? 느타리버섯으로 바꿔서 튀기먄 완전 맛잇는데 해주세요,2025-02-22,sweetshop
3303,sweetshop_2025-02-20,b_d12.25,이사장님도 오뚜기 멸치장국이 치트키죵?ㅋㅋ 저도 집에서 저걸로 만들어 먹어용 🤗 코인육수보다 더 좋은ㅋㅋ,2025-02-23,sweetshop
3304,sweetshop_2025-02-20,jingoeun0407,저는 꼬불이 1000원이에요ㆍㆍㆍㆍ😢,2025-02-26,sweetshop
3305,sweetshop_2025-02-20,ehs322,오뎅 집에서 만들어 먹는 으른 플렉스 ㅎㅎ,2025-03-01,sweetshop
3306,sweetshop_2025-02-20,yeah.___.won,1500원이요 ㅠㅠ,2025-03-02,sweetshop
3307,sweetshop_2025-02-20,sxxnxexn.0,언니 제가 더 먹어요 오뎅,2025-03-03,sweetshop
3308,sweetshop_2025-02-20,ilike_drinkingwater,3개 천원••,2025-03-03,sweetshop
3309,sweetshop_2025-02-20,today.85banzum,전…진짜 50원 이였어요.,2025-03-04,sweetshop
3310,sweetshop_2025-02-20,seoyeon.7,1500원이요..,2025-03-05,sweetshop
3311,sweetshop_2025-02-20,j_jino_,봉어묵 200원이라 맨날 과외끝나고 3000원씩 사먹고 그랬었는데..,2025-03-13,sweetshop
3312,sweetshop_2025-02-20,qkrwndnjs1231008,지금은 천원이에요,2025-05-02,sweetshop
3313,sweetshop_2025-02-20,sin.j.y11,전 한달에 200개 먹습니다,2025-05-24,sweetshop
3314,sweetshop_2025-02-20,choijaewoo523,어묵 1000,2025-05-26,sweetshop
3315,sweetshop_2025-02-20,yony_0520,저는 하나에 1000원이에요오🥲,2025-05-27,sweetshop
3316,sweetshop_2025-02-20,eunmi_cc7,치즈 넘 귀여워요 저는 요새 매운어묵에 꽂혀서 한번먹을때 3개 먹어요,2025-06-01,sweetshop
3317,sweetshop_2025-02-20,gerbok6812,10원,2025-06-15,sweetshop
3318,sweetshop_2025-02-20,poky0223,쫀드기 1000원 오뎅 800원…,2025-06-15,sweetshop
3319,sweetshop_2025-02-20,r_h_b_1014,100원일때는 30꼬치 먹었다가 500원일때는 6꼬치 요즘은 그냥 노브랜드에서 사먹어요😂,2025-06-18,sweetshop
3320,sweetshop_2025-02-20,j_hee_3672,1000원...,2025-07-03,sweetshop
3321,sweetshop_2025-02-18,evysyi,"아놔ㅋㅋㅋ""엄마 어제 망고 먹었어?""에서 터졌네ㅋㅋㅋㅋ",2025-02-19,sweetshop
3322,sweetshop_2025-02-18,hvvaye0n,어떡해,2025-02-18,sweetshop
3323,sweetshop_2025-02-18,sweetshop_s2,10만원 주면 사람들 앞에서 먹을 수 있다? vs 없다?,2025-02-18,sweetshop
3324,sweetshop_2025-02-18,everyday_3016,언니~ 구독자들을 위해😍 현타가 와도!! 그저 언니는 나의 빛,2025-02-18,sweetshop
3325,sweetshop_2025-02-18,noh_hye.lin6307,"언니 몇십년 전으로 돌아간거야,,,???",2025-02-18,sweetshop
3326,sweetshop_2025-02-18,k.bboo92,아 응애에요ㅋ,2025-02-18,sweetshop
3327,sweetshop_2025-02-18,chris_is_afk,누가 유튜버/인플루언서 쉽다고 했냐?,2025-02-18,sweetshop
3328,sweetshop_2025-02-18,y.rxug,이언니 왜그래.. 누가 저 젖병좀 뺏어봐..,2025-02-18,sweetshop
3329,sweetshop_2025-02-18,eunbin_dung,언니..,2025-02-18,sweetshop
3330,sweetshop_2025-02-18,liuujki,현타오는 젓병음료,2025-02-18,sweetshop
3331,sweetshop_2025-02-18,lovelyluna_91_,쌉가능이져 10만원 주이소!,2025-02-18,sweetshop
3332,sweetshop_2025-02-18,kyung_nanana,@1ucybae 배애기는 경험자😎,2025-02-19,sweetshop
3333,sweetshop_2025-02-18,pcy07,해성이 물려주고싶다...@bigstarone87,2025-02-18,sweetshop
3334,sweetshop_2025-02-18,yeseul0410,언니 힘내…,2025-02-18,sweetshop
3335,sweetshop_2025-02-18,jeslvnv,ㅋㄱㅋㄱㅋㄱㄱㅋㅋㅋㅋ 아 시술받아서 웃으면 안되는데 현타 오는 표정에 터졌네여 😂😂😂,2025-02-18,sweetshop
3336,sweetshop_2025-02-18,minimanimo95,나 꿀 다 먹은 빈통에 뜨끈한 우유넣고 흔들면 달달한꿀우유쉐이크? 처럼되는데 저렇게 먹으면서 티비보면 기분이가 좋던데..ㅎㅋㅋㅋㅋ,2025-02-19,sweetshop
3337,sweetshop_2025-02-18,reels01484,언니 힘내요..찍다가 현타 많이 왔겠어요.,2025-02-19,sweetshop
3338,sweetshop_2025-02-18,alice_hyunjungc,되게 맛있지 않고 닝닝함 꼭지도 진짜 젖병처럼 말랑해서 느낌이 소름.. 그러다가 평안해짐. 진짜 유아용인가 합리적인 의심이 생김.,2025-02-19,sweetshop
3339,sweetshop_2025-02-18,tkdwl_,개웃기네,2025-02-19,sweetshop
3340,sweetshop_2025-02-18,jihun_1428,어머낫 ㅋㅋㅋ 저건 찐현타오신거같음🙌,2025-02-19,sweetshop
3341,sweetshop_2025-02-18,yellowskyj,이사장님 수건케이키~~ 2처ㅏ 예약판매 언제 풀리나요?ㅠㅠ 헝 헝 ㅠㅠ,2025-02-19,sweetshop
3342,sweetshop_2025-02-18,h___h___65,@to_mini_ 자꾸탐나네?ㅋㅋ,2025-02-19,sweetshop
3343,sweetshop_2025-02-18,eri_n0928,언니 화이팅..😢,2025-02-19,sweetshop
3344,sweetshop_2025-02-18,haetn1m,ㅋㅋㅋㅋ언니표정 참을수가없었다 댓글을ㅋㅋㅋㅋㅋㅋㅋ😍,2025-02-19,sweetshop
3345,sweetshop_2025-02-18,d.a.m.i.0929,인생 이 힘든겄같네요 조회수 하나 받을려고 그런 힘듬을견디는겄이 현타가 씨게올겄같네요...힘네세여!,2025-02-19,sweetshop
3346,sweetshop_2025-02-18,ggoojee,어릴때 국민학교때 이런 음료 유행이었는데~~~,2025-02-19,sweetshop
3347,sweetshop_2025-02-18,__________1107,@hih_5440 사줘,2025-02-19,sweetshop
3348,sweetshop_2025-02-18,dyan12__,저는 팬돌이도 이제 열어서 한번에 마시는데 저걸 어케 마셔욬ㅋㅋㅋㅋ,2025-02-19,sweetshop
3349,sweetshop_2025-02-18,xlo_qj,이사장님 레체플란 만들어보세요! 바닐라푸딩 같은 건데 영상보니까 엄청 맛있어보여요!!,2025-02-20,sweetshop
3350,sweetshop_2025-02-18,incellderm_suyubest,이거난 진작먹어봤는데 말레시아에서,2025-02-20,sweetshop
3351,sweetshop_2025-02-18,minheeya_,10만원에 사람들앞에서 먹기/ + 아 응애예요 20만원ㅋㅋ 어디서하면되나요ㅋㅋㅋㅋ😂,2025-02-20,sweetshop
3352,sweetshop_2025-02-18,wjddusal38,커서 젖병물일이 없을줄알았는대 ㅋㅋㅋ저런게있네,2025-02-21,sweetshop
3353,sweetshop_2025-02-18,hyen._.v,ㅈ꼭지음료ㅋㅋㅋㅋㅋㅋㅋㅋ,2025-02-21,sweetshop
3354,sweetshop_2025-02-18,s.jxn_12,언니.. 자괴감 들것 같아요.,2025-02-21,sweetshop
3355,sweetshop_2025-02-18,minchae_0212,쓰레기통 케이크 머거주세연!,2025-02-22,sweetshop
3356,sweetshop_2025-02-18,w_young31_0,언니 다이소에 미리탕 면? 소스 나왔는데 그걸로 와사비 마라비모찌 인가 그거 해주세여..,2025-02-25,sweetshop
3357,sweetshop_2025-02-18,sallysisjw,젖꼭짘ㅋㅋㅋㅋㅋㅋㅋㅋㅋㅋㅋ😮😂,2025-03-03,sweetshop
3358,sweetshop_2025-02-18,d0_bix,검색할때 자세히보면 중간에 이사장나옴ㅋㅋ,2025-03-22,sweetshop
3359,sweetshop_2025-02-18,90._.__98,@169_28y 아 먹어볼껄…,2025-03-29,sweetshop
3360,sweetshop_2025-02-18,ieunyeong187,병 갖고싶네요~~,2025-04-06,sweetshop
3361,sweetshop_2025-02-18,renee.kim88,이 언니 정상이네 ㅋㅋㅋㅋㅋㅋㅋ,2025-04-08,sweetshop
3362,sweetshop_2025-02-18,rlanqhan,진짜ㅜ웃겨죽겟어요,2025-04-12,sweetshop
3363,sweetshop_2025-02-18,110._hh,@2_ddochi 개웃겹ㅋㅋㄱㄱ,2025-04-15,sweetshop
3364,sweetshop_2025-02-18,datbyeol_yj,@12_05.97 어땠음?ㅋㅋㅋㅋ,2025-04-19,sweetshop
3365,sweetshop_2025-02-18,lee_gwi_yong,다른거라고 생각하고 지긋이 눈을 감고 시도해보세요,2025-05-25,sweetshop
3366,sweetshop_2025-02-18,maybe_jeon,쌉가넝,2025-05-26,sweetshop
3367,sweetshop_2025-02-18,kimse.hun100,😂😂😂😂😂😂😂😂😂😂😂애기야,2025-05-31,sweetshop
3368,sweetshop_2025-02-18,lifeisluv.ariel,우리 딸 먹어보라고 샀는데 안먹길래 그냥 제가 먹은.. 누워서 티비보며 먹기 좋은데 다시 사진 않아요..ㅋㅋㅋ,2025-06-11,sweetshop
3369,sweetshop_2025-02-18,wonwon1219,안줘도 가능... 음료맛 준다면...,2025-06-21,sweetshop
3370,sweetshop_2025-02-18,doy.leh,망곸ㅋㅋㅋㅋㅋㅋㅋ,2025-07-09,sweetshop
3371,sweetshop_2025-02-18,fjaghkdlxm,"1,000,000원 정도는 해야 안 되겠습니까?",2025-07-12,sweetshop
3372,sweetshop_2025-02-16,everyday_3016,눈 커지는거 찐 리액션 아니냐구여 ㅋㅋㅋㅋㅋㅋㅋ 진짜 언니가 만드시거나 드시는거 보면 꼭 먹고 싶어요❤️❤️,2025-02-16,sweetshop
3373,sweetshop_2025-02-16,baggeumhui26,너무맛있어보여요!😋,2025-02-16,sweetshop
3374,sweetshop_2025-02-16,grace_shm,소보로 껍질파 1인 고개를 듭니닼 바삭바삭 진짜 맛있어 보여요 🔥,2025-02-16,sweetshop
3375,sweetshop_2025-02-16,sungho_0p,허억 제가 소보로에 환장하는데!! 맛난 곳 감사합니다ㅏ,2025-02-16,sweetshop
3376,sweetshop_2025-02-16,mi_nimi_nimim_ini,하나씩 다 맛봐주셨으면 좋을 것 같아요!!,2025-02-16,sweetshop
3377,sweetshop_2025-02-16,with_s_snow,택배주문 안되서 ㅠㅠㅜ 포기요,2025-02-16,sweetshop
3378,sweetshop_2025-02-16,kimahram418,언니 너무 맛있게 드시니까 먹고 싶잖아요..ㅎㅎ,2025-02-16,sweetshop
3379,sweetshop_2025-02-16,cat_sle_0,에프가 없어서 못사먹겠당..,2025-02-17,sweetshop
3380,sweetshop_2025-02-16,hen2o_o,택배… 택배 도입요망,2025-05-27,sweetshop
3381,sweetshop_2025-02-16,lucky_eldy2,버터❤️❤️❤️,2025-02-20,sweetshop
3382,sweetshop_2025-02-16,s.jxn_12,진짜 언니 광고 넘넘 잘하시는듯❤️👍,2025-02-21,sweetshop
3383,sweetshop_2025-02-16,heenect,@gonyzziwha @gravity.w 뜨거운 소보로라니?? 버터라니??????,2025-02-16,sweetshop
3384,sweetshop_2025-02-16,hukurou.co.kr,@dong_yeeeeeeeeeeop 메론맛 만들면 태빵 58호 쌉가능🍈,2025-07-24,sweetshop
3385,sweetshop_2025-02-16,canigetum,@zeon_.ee 개ㅐㅐㅐㅐㅐ마싯겟댜🤤 낼 익선동 가야대,2025-02-16,sweetshop
3386,sweetshop_2025-02-16,noh_hye.lin6307,저도 한입만 줘요😒,2025-02-16,sweetshop
3387,sweetshop_2025-02-16,yohmin12,이사장님이 만들다가 망한건줄 알았어욬ㄹㅋㅎㅎ,2025-02-16,sweetshop
3388,sweetshop_2025-02-16,ssixxiii_k,@hhyyuu__nn 마싯겠다,2025-06-27,sweetshop
3389,sweetshop_2025-02-16,bbangsun2_recipe,핫보로?신박한데요?,2025-02-16,sweetshop
3390,sweetshop_2025-02-16,y_kko.9_m,@92_0102c ㅠㅠ 맛잇겟다,2025-02-20,sweetshop
3391,sweetshop_2025-02-16,gravity.w,끄악 맛있겠다 ㅠ🤎ㅠ,2025-02-16,sweetshop
3392,sweetshop_2025-02-16,bbat.official,핫보로는 익선동 소보로 전문점 빻에서 만날 수 있어요🤎🤎🤎🤎🤎,2025-02-16,sweetshop
3393,sweetshop_2025-02-16,johyeonjin8001,언니 마슐럥1위가 만든 신라면 레시피 해주세요!,2025-02-18,sweetshop
3394,sweetshop_2025-02-16,diet_hsister,대만 호호미랑 비슷해쇼,2025-02-20,sweetshop
3395,sweetshop_2025-02-16,play_eat_goe,성심당 튀소에 이어 가장 먹어보고 싶은 소보루!!! 이사장 믿고 당장 구매하러 갑니다 ㅋㅋㅋㅋ,2025-02-16,sweetshop
3396,sweetshop_2025-02-16,lobeself.__,"언니,,,, 일주일전에 남친이랑 헤어졋서요.... 줄 사람도 받을수도 없는 슬픈 나..",2025-02-13,sweetshop
3397,sweetshop_2025-02-16,k.sseo,역시 따뜻한 언니의 마음..💕💕,2025-02-13,sweetshop
3398,sweetshop_2025-02-16,hw106hy,머리수술하고왔는데ㅡ언니조꼬먹음..걸을수있을것같아😍,2025-02-17,sweetshop
3399,sweetshop_2025-02-16,ri.w_x,예쁘고 착하고 사랑스러우신 이사장님!! 저는 이번년도도 솔로…하하하하,2025-02-15,sweetshop
3400,sweetshop_2025-02-16,al.swjd11,저 정말 받고싶어요!!항상 이상한과자가게님!양배추사탕부터 봤었는데!이벤트 처음 신청해봐요😢정말 줄사람도 없어요ㅜ..항상 잘 보고있어요!재밌는 영상 만들어주셔서 감사해요!,2025-02-15,sweetshop
3401,sweetshop_2025-02-16,da._.na_0930,"발렌타인데이 때 아무 것도 못 받았는데.. 너무 부러워요..ㅜㅜ 너무 탐나고, 갖고싶은 초콜릿..ㅎㅎ",2025-02-17,sweetshop
3402,sweetshop_2025-02-16,pig_diet_ggul_ggul,"저요!!!!!!!! 껄껄 ,, 초콜렛 줄 사람도 받을 사람도 없어여 ,, ㅠ 믱 뿌엥 ㅠ 면접 준비로 다이어트 하고 있는데 합격하면 혼자 파티 할래여 ,, ❤️",2025-02-15,sweetshop
3403,sweetshop_2025-02-16,jii4370,우와~~댓글.. 손가락 물집잡히게 만들고 계시겠군요..마음도 이쁜 내 연예인!!!!♡,2025-02-14,sweetshop
3404,sweetshop_2025-02-16,j.x3woo,언니 너무 예쁘니깐 나헌테 🍫초콜릿 주기❤️😍🍫🍫,2025-02-14,sweetshop
3405,sweetshop_2025-02-16,hx_n.a,저용! 항상 좋은 영상 감사해요❤️ 이사장님께 맛있는 초콜릿을 받아보고 싶어요ㅜ,2025-02-15,sweetshop
3406,sweetshop_2025-02-16,c.h.o.b.b.i,"저요,,,",2025-02-15,sweetshop
3407,sweetshop_2025-02-16,everyday_3016,사장님 저는 받아본적이 없어서…. 네ㅠㅠㅠ 그렇습니다ㅠㅠㅠ 언니 영상이 선물 그자체 라구요❤️ 사장님 알라뷰❤️,2025-02-13,sweetshop
3408,sweetshop_2025-02-16,diaryandlog,세상에… 디저트만 잘 만드는 게 아닌 이사장님… 완전 럭키 금손이시네요…🥹🍀❤️ 올해도 초콜릿은 글렀지만 대리만족해 봅니다…🍫💕,2025-02-14,sweetshop
3409,sweetshop_2025-02-16,z0.xn7,ㅋㅋ … 남친이 없어요 ❤️ 그리고 여자여서 벌렌타인데이에 못 받아요 😂 언니 저 뽑아 주실 꺼졍 ????? 🔥🍫 이사장님 유튜브에서 맨날 보고 이쌍용,2025-02-15,sweetshop
3410,sweetshop_2025-02-16,ch.aen__,@hwaji.n_ 이 친구랑  크리스마스 같이 보내고 있어요ㅠ,2025-02-15,sweetshop
3411,sweetshop_2025-02-16,ji._.042,처음에 보고 사신 건 줄 알았어요!! 되게 이쁘네요❤️,2025-02-16,sweetshop
3412,sweetshop_2025-02-16,be_long00,저요저요저요저요저요저요저요!!!!!!!!! 🍫 받고싶어요.........,2025-02-15,sweetshop
3413,sweetshop_2025-02-16,_after_like_,"ㅋㅋㅋ지금 인스타를 보고 있는 이 순간에도.. 혼자ㅋㅋㅋ 쫄볶이 만들어 먹고 있슴다... ㅠㅋㅋㅋ 발렌타인데이라고 누구 챙겨 주려고 고민하거나 만들지 않아도 되서 편하네요 뭐 하하하하하 🍫 여자도 사탕 말고, 초콜릿 좋아하지 말입니다!!😂",2025-02-15,sweetshop
3414,sweetshop_2025-02-16,minlee73689,저요 저요❤️케이크 완전 좋아합니다. . . ❤️,2025-02-15,sweetshop
3415,sweetshop_2025-02-16,le2e_2,저는 실제로 이성에게 초콜릿 받은적이 한번도 없습니다❤️ 이번 발렌타인도 역시나!~~~,2025-02-15,sweetshop
3416,sweetshop_2025-02-16,da_yeon9029,나 태어나서 한번도 초콜릿 받은적 없는데 착하고 이쁜 우리 이사장님이 저에게 인생처음 발렌타인 초콜릿 주시면 진짜 행복할거 같아요.,2025-02-15,sweetshop
3417,sweetshop_2025-02-16,applemiso,저도 받아 보고 싶어요 이사장님!!😢,2025-02-16,sweetshop
3418,sweetshop_2025-02-16,kstrlzx,허걱🥰❤️저요!!!! 이번엔 아무것도 못받았는데 다음 발렌타인데이에 시도해봐야겠네요!!☺️☺️,2025-02-15,sweetshop
3419,sweetshop_2025-02-16,_00_11.14,@taedol_ 나 이거 받고 싶음 진지하게,2025-02-15,sweetshop
3420,sweetshop_2025-02-16,dbals9038,"이사장님 발렌타인데이에 즐겁고 애정이 넘치고 추억을 많이 남길 수 있는 하루를 보내셨길 바래요☺️ ~ 항상 재밌고 트렌디한 영상 잘보고있어요. 저는 발렌타인데이 전부터 초콜릿을 선물할 생각만 했었어요. 예쁘게 포장된 초콜릿 제품들은 역시 너무 비싸서😅 초콜릿 만들기 재료들과 이사장님처럼 예쁜 포장 재료들을 다이소에서 사서 DIY로 초콜릿 만들기부터 포장까지 하고 부랴 부랴 가족, 지인분들께 선물했었는데 오늘 문득 깨달은게 저는 초콜릿을 선물만 하고 받지는 못했더라구요... 제가 좋아서 한 것이니 절대 불만이 있는건 아니지만!! 왠지 쓸쓸한 기분이 드는건 어쩔 수 없더라구요ㅠ 너무 늦게 댓글달아서 참여가 될지 모르겠지만 이사장님 이벤트에 당첨되면 언제 쓸쓸했냐는듯 너무 행복할 것 같아요!😆",2025-02-15,sweetshop
3421,sweetshop_2025-02-16,mx.nji_,저요...받아서 가족들이랑 같이 먹고 싶어요....😳🍫🍫,2025-02-14,sweetshop
3422,sweetshop_2025-02-16,k_1_020,넷째낳고 얼마전에 우리집 다섯남자들 쭤퀄릿 챙겨줬는데 정작 나는 애낳고 꼬질꼬질.. 이사장님께 쭤퀄릿을 받아 특별한 추억이 될 수 있으면 참 좋겠심다 ㅎㅎ,2025-02-17,sweetshop
3423,sweetshop_2025-02-16,hukolel,모쏠..줄 사람도 없고 받을수도 없네요…😢 나도 🍫 받고싶다…,2025-02-15,sweetshop
3424,sweetshop_2025-02-16,aaaahzzang,"@yuyyuaan_ 우리 잘 먹을 자신있는데 우리에게도 초콜릿을 ,,,🩷",2025-02-15,sweetshop
3425,sweetshop_2025-02-16,soso_se0,저 그냥 한판 뚝딱하고싶어요🍫🍫,2025-02-14,sweetshop
3426,sweetshop_2025-02-16,gimmiseol6,저요ㅜㅜ항상 좋은 영상 감사해요,2025-02-15,sweetshop
3427,sweetshop_2025-02-16,_naaaanaaa,🙋🏻‍♀️헤어진지 3개월.. 초콜렛 받을곳도 없는데 17일은 생일이랍니다🥹,2025-02-15,sweetshop
3428,sweetshop_2025-02-16,han.m.h15,"안녕하세요 유튜브를 잘보고 있는 구독자입니다 이벤트가 있는걸보고 첨으로 들어와봤어요 발렌타인데이 이벤트라서요 조카들 키우느라 20대,30대를 그냥 흘려보내느라 이런날은 챙겨받은적이 없는거같아요 문득 슬프더라구용..^^ 그래서 저도 용기내어 참여해보려구욤~ 저도 특별한날 챙겨받아보고싶네요^^",2025-02-14,sweetshop
3429,sweetshop_2025-02-16,jj._.jjhong.m,이걸 15일인데 이제 봤네요ㅋㅋㅋ유튜브 보고 팔로우하러 왔어요!👍🏻,2025-02-15,sweetshop
3430,sweetshop_2025-02-16,go_yang_i486,모쏠도 초콜릿 잘 먹을 수 있어요ㅎㅎ🍫,2025-02-17,sweetshop
3431,sweetshop_2025-02-16,da_exu.y,예쁜언니 진짜영상잘챙겨보고 있구! 이번에는 언니 이벤트덕에 눈물이 쏙들어갔네(?)😂,2025-02-14,sweetshop
3432,sweetshop_2025-02-16,s.1xen1,저요ㅠ ❤️❤️❤️❤️,2025-02-16,sweetshop
3433,sweetshop_2025-02-16,cheawon_0809,저도 언니한테 받고싶어요!!!!!! 언니!!! 딱 저 영상태로 만들어서 줘봤는데 엄청 좋아하던데요 !!!!,2025-02-15,sweetshop
3434,sweetshop_2025-02-16,hhee0240,저 혹시 가능할까요?아들이고 딸이고 빈손ㅋㅋㅋ😂🍫🍫🍫🍫🍫,2025-02-15,sweetshop
3435,sweetshop_2025-02-16,sajxhe,발렌타인데이인줄도 모르고 하루종일 알바하다 숙제하고 12시 돼서야 다른 친구들 스토리보고 발렌타인데이인걸 깨달았네요... 모쏠이라 한번도 기념일을 챙겨본적 없는 저에게 한번만 베풀어주신다면 평생잊지않겠습니다ㅠㅠㅠ 너무너무 오래된 구독자입니다ㅠㅠㅠ❤️❤️,2025-02-15,sweetshop
3436,sweetshop_2025-02-16,noahlee1995,썸타는 그녀와 다음주 만나서 밥먹기로했는데 그때 같이 먹을게요 😍 정말 오랜만에 연애인데 사장님 도와주세요!!!! 😂😂❤️,2025-02-15,sweetshop
3437,sweetshop_2025-02-16,jay_jin.03920,눈물이 광광납니다.. 저두 발렌타인데인날에 받고싶었는데ㅠㅠ,2025-02-15,sweetshop
3438,sweetshop_2025-02-16,junginzzang,남자친구 없어서 돈 굳었다!(긍정회로😂),2025-02-14,sweetshop
3439,sweetshop_2025-02-16,syeon__._.__,@nannueve_ 누나 내가 돈 만이 모아서 이거 페레로로쉐로 해쥴게,2025-02-15,sweetshop
3440,sweetshop_2025-02-16,h_dj152,사랑해요 이사장님🔥🔥🍫🍫🙌❤️❤️ 전부터 유튜브로 봤었어요😍😍😍😍,2025-02-15,sweetshop
3441,sweetshop_2025-02-16,bijou._.seoan,지금 육퇴하고 이사장님유튜브보다가 달달구리케이크 이벤트에 감사한 마음으로 달려왔어요! 😭 우유말먹 한 판하고 싶어요!,2025-02-15,sweetshop
3442,sweetshop_2025-02-16,rnoojijim,군인인데....안에서 헤어져서 받을 사람이 없어요...흐긓ㄱ,2025-02-14,sweetshop
3443,sweetshop_2025-02-16,muny1004,발렌타이데이란 ㅠㅠ 나랑 상관없는 날인지 얼마나 되었는지 기억이 안나는 슬픈 1인 입니다 🍫좋은 팁을 배웠는데 줄사람도 없다니 😢😢😢 🍫하지만 씩씩하게 다시 살아야겠지요 🍫🍫,2025-02-15,sweetshop
3444,sweetshop_2025-02-16,_y.geon.12_,이사장 예쁘다ㅏㅏㅏ,2025-02-14,sweetshop
3445,sweetshop_2025-02-16,_y.geon.12_,분위기 올려ㅕㅕ,2025-02-14,sweetshop
3446,sweetshop_2025-02-16,seola172,이사장님ㆍ 저는 나이가 많아요ㆍ 제가 삼남매 엄마입니다ㆍ 저의 첫째가 이사장님 팬입니다ㆍ 자,2025-02-14,sweetshop
3447,sweetshop_2025-02-16,dhegwjai,애인없고 남자없는 기숙학원 고3..이에요,2025-02-13,sweetshop
3448,sweetshop_2025-02-16,lina_ji__u,저 발렌타인 데이때 한번도 받은적없어요 화이트데이인가?ㅈ,2025-02-14,sweetshop
3449,sweetshop_2025-02-16,huni_369,이사장님! 택배 보내주세요!,2025-02-14,sweetshop
3450,sweetshop_2025-02-16,z.uo2n,유튜브 보다가 왔습니다... 참여한사람 너무 많은데요??😂 짝사랑하던 남사친이 여친이 생겨서 고백도 못해보고 차였슴돠.... 걔 한테 발렌타인데이땐 초콜릿 만들어 주고 싶었는데ㅠㅠ 저도 사랑같은 케이크 받고싶어요우,2025-02-14,sweetshop
3451,sweetshop_2025-02-16,miju0605,발렌타인데이땐 ... 초콜렛도 먹고싶은데 못먹고 ㅠ 꼭 받고싶어요~ ❤️,2025-02-14,sweetshop
3452,sweetshop_2025-02-16,fkwcnaod,이사장님이 주는 케이크 먹고 싶은 사람 여기여기 모여라아,2025-02-14,sweetshop
3453,sweetshop_2025-02-16,huun5.lo,와 저렇게 만들 수 있다니 역시 이사장님 최고에요🔥🔥 너무 고급지고 예쁜데요??? 제가 써볼 일이 있을진 모르겠지만 언젠가 따라서 만들어볼래요😂~ 저는 주변에 퍼다주는걸 좋아해서 항상 누굴 챙겨준 적은 있어도 제가 받아본 적이 한번도 없어요😂 올해는 제가 정말 좋아하는 유튜버인 이사장님께 받는다면 이전의 기억들도 행복하게 덮을 수 있을 것 같아요..❤️❤️,2025-02-14,sweetshop
3454,sweetshop_2025-02-16,imintstone,[이]사장님에게 [상]을 드리겠습니다🏆 [한]사람 한사람마다 기쁨과 행복을 전해주시는 [과]정이 구독[자]들에게 [가]장 자랑스러우며 존경스럽기 때문입니다👍 [게]다가...더보기,2025-02-14,sweetshop
3455,sweetshop_2025-02-16,ga_eun0321,헤어진지 어느덧.....선물받긴 글렀어여😂😂😂,2025-02-14,sweetshop
3456,sweetshop_2025-02-16,bamtolssn,어쩌다보니 이별이슈로 발렌타인데이 혼자보내요..ㅠࡇㅠ 이사장님밖에 없더요ㅜㅜ,2025-02-14,sweetshop
3457,sweetshop_2025-02-16,monimonimow,이번엔 쓸쓸한 나에게 당첨기회가 오면 좋겠어요......🍫🍫🍫 이사장님 해피발렌타인♡♡,2025-02-14,sweetshop
3458,sweetshop_2025-02-16,kwon_0829,연인도 뭐도 없다...!!! 한번 참여해봅니다....,2025-02-14,sweetshop
3459,sweetshop_2025-02-16,juliaailue,발렌타인데이가 뭐죠…하하 전 초콜릿보다 케이크가 좋아요🍫,2025-02-14,sweetshop
3460,sweetshop_2025-02-16,sy_xbin,락스좀 그만마시고 싶어요,2025-02-14,sweetshop
3461,sweetshop_2025-02-16,mer_oym8,발렌타인데이인데 집밖으로 한발자국도 안나간사람 나야나.... 케이크 먹고싶어용 밖에 나가서 케이크라도 바꿔올 수 있게 해주세요..🥹😂,2025-02-14,sweetshop
3462,sweetshop_2025-02-16,hanea.u,모쏠인데 진짜 이런 기념일에 받을 생각도 못하고 현실에 치여서 살고있네요🥹이런 저에게 한번 발렌타인데이란 뭔지 한번 알려주세요…🍫,2025-02-14,sweetshop
3463,sweetshop_2025-02-16,gimhj1005,저 받고 싶어여!! 모쏠에 취준생이라 발렌타인데이 초콜릿은 생각도 못 하고 살아요ㅠㅠ,2025-02-14,sweetshop
3464,sweetshop_2025-02-16,mycatssavetheworld,"안녕하세요 이사장님! 기억하실진 모르겠지만 유튜브 채널에 요즘 제일 재밌게 본다는 유튜브 중 하나라고 댓글 달았던 대학생인데 힘이 되신다고 답글을 해주셨더라고요ㅎㅎ! 비록 수건케이크 때는 구매하는걸 실패했지만 이번에 남자친구를 위해서 신청해봅니다. 남자친구랑은 1000일을 넘었고 이제 곧 군대를 보내게 되어 마지막 발렌타인데이에요. 사실 그동안 발렌타인데이가 방학에 항상 있었어서 제대로 챙겨준 적이 없어서 미안한 마음이 있는데, 군대 가기전에 마지막으로 직접 케이크 주고 초도 불면서 행복한 발렌타인데이 추억을 만들어주고 싶어요! 다 읽으실 진 모르겠지만 읽어주셨다면 긴 글이였는데 너무 감사합니다ㅎㅎ 항상 행복한 하루만 보내시구 이사장님도 행복한 발렌타인데이 남자친구 분이랑 보내셨길 바랄게요❤️🍫",2025-02-14,sweetshop
3465,sweetshop_2025-02-16,sungho_0p,저요오🙌 항상 자기 전 이사장님 영상 보는게 낙이에요 맛있는 초콜릿 먹어보고싶어요 사랑해요❤️,2025-02-14,sweetshop
3466,sweetshop_2025-02-16,ayoung_9533,저 진짜 너무너무너무너무너무 받고 싶어요,2025-02-14,sweetshop
3467,sweetshop_2025-02-16,caneh_12,저요..저요...인생은 솔플이야....저 혼자 쪼꼬우유에 뒤집어지게 먹을게요❤️🍫🔥🙌🙌🙌🙌🙌🙌,2025-02-14,sweetshop
3468,sweetshop_2025-02-16,ayoung_9533,❤️이사장님❤️ 저는 아직도 모이여서 한번도 초콜릿을 못 받았어요 ㅠㅠ 그래도 저는 남친에게 받는 초콜릿보다 이사장님의 케이크를 받으면 남자친구와 함께 하는 발렌타인데이는 필요 없을 것 같아용~^^ 이 케이크 받으면 너무너무 행복해서 날아갈것같아용 이사장님 영상 너무 넘무 재미있어요!! 앞으로도 이사장님 영상 더 열심희 보겠습니둥!!!! 사랑해용 이사장님 🎂 🍰 🎂 🍰 🎂 🍰 🎂 🍰 🎂 🍰 🎂 🍰 🎂 🍰 🎂 🍰 🎂 🍰 🎂 🍰 🎂,2025-02-14,sweetshop
3469,sweetshop_2025-02-16,cherish_4226,저요! 언니가 주는 케이크 먹고 싶어요.🍫,2025-02-14,sweetshop
3470,sweetshop_2025-02-16,oh_my_review_,"앜ㅋㅋㅋㅋㅋㅋ 역시 알잘딱깔센 이사장님😘 참여율 완전 높은 걸요?! 그래도 발렌타인데이 선물 못 받은 사람이 나이기에 눈물 닦고 댓글 쓰고 갑니다 ㅎㅎ,,ㅠ 이사장님 해피 발렌타인🌹",2025-02-14,sweetshop
3471,sweetshop_2025-02-16,heeju_luce,2월에 대학 졸업하는 취준중인 모쏠은 발렌타인데이 신경 쓸 수가 없어요ㅠㅠ,2025-02-14,sweetshop
3472,sweetshop_2025-02-16,l9200__,@l9vsram1 저요,2025-02-14,sweetshop
3473,sweetshop_2025-02-16,wldns1120,저요저요!!!!이런 이벤트 열어주시고 감사해용❤️,2025-02-13,sweetshop
3474,sweetshop_2025-02-16,iyo7171,저요!! 예전부터 영상들이 너무 재미있어서 꼭 롱폼은 챙겨보고잇어요..🤭,2025-02-14,sweetshop
3475,sweetshop_2025-02-16,yelim_yeon,저요저요저요저요저어어어어ㅓ어어어요저요저요저어어어어어요저어ㅓ어어요저요저요저요저저ㅓ요절대광기는아니구요그냥받고싶어서그래요저요저요제발저요저어ㅓ어어요그냥저러ㅓ어어요저어어어어ㅓ요저요저요오오오오✋🏻절대저요줄사람도받을사람도없는저요제발저요저어어어어어요나요오오오다비키고저어어어어요다가라그러고나요오오오오🍫저저저저저요오오오오다모르겠고저어어어ㅓ어어어요이렇게열심힌데저요오오오저저저저ㅓ저젖요,2025-02-14,sweetshop
3476,sweetshop_2025-02-16,wannabeyour1ao,"애인도 없고 부모님 건강 관리 하신다고 초콜릿 관심 끊으셨고 친구들은 멀리 살고,,,,,내 발렌타인 챙겨주는건 이사장님밖에 없ㄷr,,,,,,,,",2025-02-13,sweetshop
3477,sweetshop_2025-02-16,h.yeon0105,아…나도 받고 싶다…ㅠㅠ,2025-02-14,sweetshop
3478,sweetshop_2025-02-16,oo_cciyuqw,우왕❤️,2025-02-14,sweetshop
3479,sweetshop_2025-02-16,eunji.st,저는 원래 챙겨주던 남편이 있는데 엊그저께 유럽으로 홀랑 떠나버렸어여😢😢 리턴비행기도없이!!!!!! 애기 둘 혼자 육아하면서 보내는 발렞타인데이네요... 😂😂,2025-02-14,sweetshop
3480,sweetshop_2025-02-16,haru.ru0856,예쁜언니❤️저요~,2025-02-14,sweetshop
3481,sweetshop_2025-02-16,hanbyeorring,오늘밤 주인공은 나야나!!!!! 🎶,2025-02-14,sweetshop
3482,sweetshop_2025-02-16,mintflower0428,언니!저요!!!,2025-02-13,sweetshop
3483,sweetshop_2025-02-16,hio33733,저요!!,2025-02-14,sweetshop
3484,sweetshop_2025-02-16,gimaljalchigehejooseyo,발렌타인데이 때 항상 못 받았어요 🥲 남 주는 것만 도와주고 정작 전 인연이 읎네요 🙃🙃,2025-02-13,sweetshop
3485,sweetshop_2025-02-16,hipolala,저는 어제 남친이랑 헤어졌어요,2025-02-14,sweetshop
3486,sweetshop_2025-02-16,dduruddu_2876,와 진짜 예쁘고 만들기 좋네요 줄 사람 생기면 도전해보겠습니다,2025-02-14,sweetshop
3487,sweetshop_2025-02-16,seohyeon_910,저요오 ㅠㅠㅠ,2025-02-14,sweetshop
3488,sweetshop_2025-02-16,0.427_k,저 초콜릿 이름 알려주실뷴..,2025-02-13,sweetshop
3489,sweetshop_2025-02-16,y_un_seu1,남사친도없고,2025-02-13,sweetshop
3490,sweetshop_2025-02-16,silver_star__97,우아ㅏ케이크 먹구싶어요오 남자친구랑 같이😍@tae__guen__1241,2025-02-13,sweetshop
3491,sweetshop_2025-02-16,1tto0,흑흑....,2025-02-14,sweetshop
3492,sweetshop_2025-02-16,zoon__2210,저요,2025-02-14,sweetshop
3493,sweetshop_2025-02-12,bboni._.bbang,"어머 저 지금 딱 상해에 있어요! 빙산롱옌은 생각보다 기억에 안 남고, 수건케이크는 자꾸 맴돌아요.ㅋㅋㅋ 상ㅇ상 가능한 맛에서 업그레이드 살짝 더 된 맛!!!!❤️",2025-02-12,sweetshop
3494,sweetshop_2025-02-12,shaneeeee_hk,언니 이거언제만들꺼에여?ㅋㅋㅋㅋㅋㅋㅋㅋㅋ,2025-02-12,sweetshop
3495,sweetshop_2025-02-12,sungho_0p,"맛있을 거 같아요!! 근데 좀 달아보여서 우유 같은 거랑 먹으면 딱 일거 같기도,,,?",2025-02-12,sweetshop
3496,sweetshop_2025-02-12,cat_sle_0,"나 아직도 기다리고 있잖아,, 여기 선물이라며 언제 오는거야,,",2025-02-12,sweetshop
3497,sweetshop_2025-02-12,seoyeon.04020,아‥언니‥저기 박스안 빙산롱옌 위 조그만 박스에 숫가락있는데‥‥‥,2025-05-25,sweetshop
3498,sweetshop_2025-02-12,rhythmizm,갖고싶다 😢❤️,2025-02-12,sweetshop
3499,sweetshop_2025-02-12,therudemanisactuallyme,이사장님이것도수건케이크처럼만들어주시면정말감사할거같습니다,2025-02-12,sweetshop
3500,sweetshop_2025-02-12,vely_j,상자 속에… 숟가락 있다규 ㅜㅜ 이사장님,2025-02-13,sweetshop
3501,sweetshop_2025-02-12,dodo.rothy,저거 위에 긴 박스에 스푼 들어있는거 알고 있죠?,2025-02-12,sweetshop
3502,sweetshop_2025-02-12,jsy0.807,자세히 보면 숟가락 있어요,2025-02-13,sweetshop
3503,sweetshop_2025-02-12,dyu11.28,긴박스에 스푼잇대요,2025-02-12,sweetshop
3504,sweetshop_2025-02-12,s.jxn_12,언니 만들어 주실거져?! 언니 버전 와안전 궁금해지네요🙌 이사장님은 얼마나 멋있고 맛있게 만드실까아~,2025-02-21,sweetshop
3505,sweetshop_2025-02-12,epic.hp1,저는 돈없으니 마크깔아서 잔디 먹겠습니다,2025-02-12,sweetshop
3506,sweetshop_2025-02-12,sseon_h.s2,@hangul__ii 이거엿네ㅔㅔㅔㅔ,2025-02-16,sweetshop
3507,sweetshop_2025-02-12,ekzuju,@0hyun__park 아 이거냐 ? 에바야,2025-02-12,sweetshop
3508,sweetshop_2025-02-12,zip_cok_,거기 상자에 스푼들어있는데,2025-02-12,sweetshop
3509,sweetshop_2025-02-12,ye_song_park,기다란 상자안에 숟갈인가 포크있어요,2025-02-12,sweetshop
3510,sweetshop_2025-02-12,realiviews,저거스푼도 같이주던데,2025-02-12,sweetshop
3511,sweetshop_2025-02-12,andura993,전 외국인데 어제 많이 찾아봤어요 쿠팡 있어도 오게 좀 늦을 것 같아 한국 커피숍이나 가게 찾아요,2025-02-13,sweetshop
3512,sweetshop_2025-02-12,_a.nh12,저기 상자 안에 숟가락 있던데,2025-02-14,sweetshop
3513,sweetshop_2025-02-12,feat.kyw,언니 그거 숟가락 들어있어요,2025-02-14,sweetshop
3514,sweetshop_2025-02-12,mn._o0o,저거 빙산롱옌 스푼들어있어요!!,2025-02-14,sweetshop
3515,sweetshop_2025-02-12,gimgalalla,중국음식.. 줘도 안먹...,2025-02-15,sweetshop
3516,sweetshop_2025-02-12,cseense,상자 안에 스푼 들어가 있는거 꼭 챙기세요,2025-02-16,sweetshop
3517,sweetshop_2025-02-12,jang.yun93o,언니 알갱이? 위에 있는 상자 스푼이야,2025-02-18,sweetshop
3518,sweetshop_2025-02-12,my_donghyun,중국 존나 좋아하네,2025-02-24,sweetshop
3519,sweetshop_2025-02-12,ehs322,초콜렛에 휘핑크림 많이 넣고 녹여서 냉장 시키면 저런 맛이 날까요? (만들어 달라고 아이디어 주는 중),2025-03-01,sweetshop
3520,sweetshop_2025-02-12,get_a_seoyoon1125,언니 거기 수저까지 있다고했어요!,2025-03-04,sweetshop
3521,sweetshop_2025-02-12,eliskan346,그거 상자 길다란 곳에 숟가락있어요!!,2025-03-26,sweetshop
3522,sweetshop_2025-02-09,happybb0,이사장님혹시대전에 ㅇㅅㄷ셧나용??,2025-02-08,sweetshop
3523,sweetshop_2025-02-09,y_m1mi,진짜 보면 볼 수록 멋있으세요...,2025-02-08,sweetshop
3524,sweetshop_2025-02-09,xvcyuuuk,진짜 이사장님 너무 멋있어요.. 꿈이 일관된 것도 신기하고 정말 좋아하는 일을 열심히!!! 한다는 모습에 또 반합니다 엉엉,2025-02-10,sweetshop
3525,sweetshop_2025-02-09,chickenclass2021,역시 멋진 이사장님❤️❤️,2025-02-09,sweetshop
3526,sweetshop_2025-02-09,sungho_0p,언니 미모가 화면을 뚫고 나오는데요??❤️,2025-02-09,sweetshop
3527,sweetshop_2025-02-09,chumchunam,흑백요리사 시즌2에 나오셨음 좋겠네요🔥,2025-02-08,sweetshop
3528,sweetshop_2025-02-09,v10u.ar,알지 못했던 모습들을 알게 되면서 새롭고 신기하면서도 멋져요! 앞으로도 응원할게요 ✨,2025-02-08,sweetshop
3529,sweetshop_2025-02-09,johyeona0313,멋지다~!! 👏👏👏 😍,2025-02-08,sweetshop
3530,sweetshop_2025-02-09,bo687499,멋지다❤️❤️❤️❤️❤️,2025-02-08,sweetshop
3531,sweetshop_2025-02-09,na_young8922,멋지세요 이사댱님❤️배우고 갑니다,2025-02-08,sweetshop
3532,sweetshop_2025-02-09,joy._.100,멋지고 예쁘고 귀엽고 혼자 다하는 이사장님 ㅎㅎ 😍,2025-02-08,sweetshop
3533,sweetshop_2025-02-09,wjn912,멋있❤️❤️❤️❤️❤️,2025-02-08,sweetshop
3534,sweetshop_2025-02-09,kellyfornia_c,으앗 완전 애기애기해😍😍❤️❤️,2025-02-08,sweetshop
3535,sweetshop_2025-02-09,sinyeyun3,저도 꿈이 요리사에요!!❤️❤️,2025-02-09,sweetshop
3536,sweetshop_2025-02-09,itterashaiwoozi,콰 이게역시우리언니지,2025-02-08,sweetshop
3537,sweetshop_2025-02-09,hye_on79,어쩐지 고향 가서 요리하는거랑 아프리카 가서 요리하는게 멋짐뿜뿜에❤️👍🏻👏🏻👏🏻👏🏻👏🏻💯 자연스럽더라구요,2025-02-08,sweetshop
3538,sweetshop_2025-02-09,jeonyujin8285,언니개멋저,2025-02-09,sweetshop
3539,sweetshop_2025-02-09,_y.geon.12_,축하드려요,2025-02-08,sweetshop
3540,sweetshop_2025-02-09,rikugajoa,@mires_0717 울 림세최도 꿈을 향하여...,2025-02-09,sweetshop
3541,sweetshop_2025-02-09,d._.hugging,누구 많이 닮은거 같은데 했는데 역시 였군😮,2025-02-10,sweetshop
3542,sweetshop_2025-02-09,back_2_youu,너무멋잇다,2025-02-08,sweetshop
3543,sweetshop_2025-02-09,lovelyluna_91_,나중에 유튜브 안하시면 이사장님 식당해요ㅠㅠㅜ그럼 손님 많을거같아용😮,2025-02-08,sweetshop
3544,sweetshop_2025-02-09,_oarsly,멋져융ㅠㅠㅠ,2025-02-08,sweetshop
3545,sweetshop_2025-02-09,songgwangsu94,그래서 요리를 잘하는구나 👍,2025-02-08,sweetshop
3546,sweetshop_2025-02-09,tlqkfgngn,존나 열심히 살아오셨다..👏👏,2025-02-08,sweetshop
3547,sweetshop_2025-02-09,sungjin0819,윈턴줄;;;;;,2025-02-08,sweetshop
3548,sweetshop_2025-02-09,grace_shm,오 이제 큰 요식업 사업장 내면 되나요? 사장님은 먹는데 진심이라 뭘해도 맛있을 것 같아요 자주 사먹을게요 식당이든 빵집이든 무엇이든지 맛있는 업장 하나 만들어 주세용 ㅋㅋㅋ,2025-02-08,sweetshop
3549,sweetshop_2025-02-09,_daseot,"한결같이 원하는 꿈이 있었고 또 그 꿈을 도전하고 이루고 있다는 점, 진짜 개멋짐❤️ 진짜 이사장님 볼 때 마다 내 딸들도 이렇게 컸으면 하는 바람이 생겨요👍",2025-02-08,sweetshop
3550,sweetshop_2025-02-09,jin_yeong02.17,멋있어요 음식은 좋아해서해야 진짜로 좋은 음식과,2025-02-08,sweetshop
3551,sweetshop_2025-02-09,everyday_3016,꿈을 아직 이뤄가는 중 크…. 언니 믖찌다❤️❤️ 사장님 진짜 저도 사장님처럼 열심히 제 꿈을 향해 달려가볼게요,2025-02-08,sweetshop
3552,sweetshop_2025-02-09,n___ht,멋지십니다…,2025-02-08,sweetshop
3553,sweetshop_2025-02-09,ty0000_0000,대단하시네요🔥,2025-02-08,sweetshop
3554,sweetshop_2025-02-09,mins__83,너무 너무 멋찌당😍 금손인 이유가 있었넹~ 👍,2025-02-08,sweetshop
3555,sweetshop_2025-02-09,ceolhyeon20,암은 천재요리사!! 한우물 장인이로세^^,2025-02-08,sweetshop
3556,sweetshop_2025-02-09,sweet_haruhari,넘 멋있어요..😍😍😍 이런열정이..나이를 조금씩 먹다보니 더 대단하게 느껴지더라구요👏👏,2025-02-08,sweetshop
3557,sweetshop_2025-02-09,yeon__story_x,와.. 진짜 존경합니다😍😍,2025-02-08,sweetshop
3558,sweetshop_2025-02-09,binjung_18,와 진짜 멋지셨네요❤️,2025-02-08,sweetshop
3559,sweetshop_2025-02-09,psalms_39_7,👏꿈을 이뤄가는 사람,2025-02-08,sweetshop
3560,sweetshop_2025-02-09,yarne_da,초등학생때 요리사 꿈 가지시고 뭘 하셨나요?? 아들이 꿈이 요리사라는데 뭘 배우면 좋을까싶어서요,2025-02-08,sweetshop
3561,sweetshop_2025-02-09,mi_so_mh,진짜 대단쓰! 존경합니당~~ 아이들이랑 책도 재밌게봤어요😍,2025-02-08,sweetshop
3562,sweetshop_2025-02-09,yj_000_0,우와 멋있어요…!👏👏👏,2025-02-08,sweetshop
3563,sweetshop_2025-02-09,windsode,한결같은꿈을 이루셔서 유튜브까지 저렇게멋지게 하시니 정말멋있어요,2025-02-08,sweetshop
3564,sweetshop_2025-02-09,so_heeda,어떤지 뚝딱 뚝딱 잘 만드시더라고 !!!!,2025-02-08,sweetshop
3565,sweetshop_2025-02-09,1lkwon_2,그 요리의 길을 걸어오시는동안 유튜브 생각 있으셨어요??,2025-02-08,sweetshop
3566,sweetshop_2025-02-09,soul_jang,조리자격증 8개면 것도 고딩때 딴거면 진짜 대단한건데,2025-02-08,sweetshop
3567,sweetshop_2025-02-09,hhhminjung,멋지세요 디저트랑 여러가지 만드시는 것 보면! ^^ 이미 요리사이신듯해요,2025-02-08,sweetshop
3568,sweetshop_2025-02-09,https._rang,멋있어요,2025-02-08,sweetshop
3569,sweetshop_2025-02-09,blueberry0508486,저희 아이가 구독해서 같이 보고 따라서 만들기도 했는데 어렸을때 부터 꾸준히 꿈을 키워 오신 분이시네요~더 멋져 보입니다.앞으로도 더 쌈박하고?맛난 간식 레시피 부탁 드리고 더 더욱 잘 되시길 바랍니다.저희 딸도 따라서 잘 크길^^,2025-02-08,sweetshop
3570,sweetshop_2025-02-09,dan.0.gan,진짜 멋있어요😢,2025-02-08,sweetshop
3571,sweetshop_2025-02-09,twopeony,마지막짤 커여워요!!!,2025-02-08,sweetshop
3572,sweetshop_2025-02-09,dududhap,너무 멋져요!!,2025-02-08,sweetshop
3573,sweetshop_2025-02-09,hayan_812,멋져요...😍 앞으로의 행보도 늘 응원할게요! 화이팅🔥🔥🔥,2025-02-08,sweetshop
3574,sweetshop_2025-02-09,hyejin_seol,징짜 이쁘구멋지구 우리딸램두 그래쓰믄 조케짜너❤️❤️❤️❤️,2025-02-08,sweetshop
3575,sweetshop_2025-02-09,a_jonna_jol_ria_sshi_bbal,이상한요리사로 전직,2025-02-09,sweetshop
3576,sweetshop_2025-02-09,m1ya_42,아가아가에서 점점 포스가 느껴진다,2025-02-09,sweetshop
3577,sweetshop_2025-02-09,purplersjv7,멋있다👏🏻👏🏻,2025-02-09,sweetshop
3578,sweetshop_2025-02-09,jwjwjwjwjwjwjwww,멋있다,2025-02-09,sweetshop
3579,sweetshop_2025-02-09,albb.baim,진심 멋있음..,2025-02-09,sweetshop
3580,sweetshop_2025-02-09,hwicook,조리전공 응원합니다👏👏👏 자격증 멋져요 이상한 사탕가게 유튜브 잘 챙겨보고 있어여,2025-02-09,sweetshop
3581,sweetshop_2025-02-09,ehs322,와우 그런 과거가 있으셨군요,2025-02-09,sweetshop
3582,sweetshop_2025-02-09,tweak_doll,요리사......,2025-02-09,sweetshop
3583,sweetshop_2025-02-09,tjrwns__,"이사장님 학교다닐때 성적, 대회 원탑이었습니다",2025-02-09,sweetshop
3584,sweetshop_2025-02-09,wdfcounselor,와!!! 멋져요!!!! 멋진다~~,2025-02-09,sweetshop
3585,sweetshop_2025-02-09,hee222_,역시 취업은 이사장님도 웃음기없는 모습을 하게된다는 ^_^^^ 지금은 웃고있어서 넘 좋다 그래도 그시절이있기에 지금의 이사장님이 계신♡ 무한감사,2025-02-09,sweetshop
3586,sweetshop_2025-02-09,yeseul0410,꿈을 향해 가는 모습 멋져여~!!❤️👏😍,2025-02-09,sweetshop
3587,sweetshop_2025-02-09,5368.5368,와우😍😍😍😍 우리아들도. 요리를 해요~~ 어제도 팽이버섯을 구운. ㅋ저는 오늘 또 감탄하고 갑니다,2025-02-09,sweetshop
3588,sweetshop_2025-02-09,csa0107788,멋지네요 진로의 과정이,2025-02-09,sweetshop
3589,sweetshop_2025-02-09,chambbion,제 빼이보릿 요리사에용 이사장밈😍,2025-02-09,sweetshop
3590,sweetshop_2025-02-09,nochi0_1,와..중간에 저건 무? 인가요 무를 저렇게 동그랗게? 깎으신건가요..?? 😢👏👏,2025-02-09,sweetshop
3591,sweetshop_2025-02-09,ra._.onxz,넘 멋있고 축하드려오 !!,2025-02-09,sweetshop
3592,sweetshop_2025-02-09,cafe_alladin_busan,케이크 재입고 시켜주세오ㅠㅠ,2025-02-09,sweetshop
3593,sweetshop_2025-02-09,woojin0528a,꿈을 찾아 열심히 정진해나가는 모습이 열정적이고 예뻐요👏,2025-02-09,sweetshop
3594,sweetshop_2025-02-09,snigdamu,조주 식품가공까지..?! 너무 멋있으세요😍,2025-02-10,sweetshop
3595,sweetshop_2025-02-09,477gram,장래희망이 미모인줄... 😉,2025-02-10,sweetshop
3596,sweetshop_2025-02-09,chiikawaiiiiii,응원합니다,2025-02-10,sweetshop
3597,sweetshop_2025-02-09,woo090925,이사장님 초중고 요리할 때 어떤 기분이었어요,2025-02-10,sweetshop
3598,sweetshop_2025-02-09,kj_0618,@0412_ej 진짜 요리전공자엿구나,2025-02-10,sweetshop
3599,sweetshop_2025-02-09,ssoyoung6497,어쩜 이렇게똑같이생기심~~~😍😍이뽀요,2025-02-10,sweetshop
3600,sweetshop_2025-02-09,lovely_dod2,"안녕하세요! 뜬금없이 얘기 걸어봅니다, 저는 이사장님 대왕 붕어빵 영상부터 봐온 5년차 초딩 입니다! 처음엔 이사장님을 보며 신기해하다가 점점 이사장님이 하시는 요리에 관심이 가더라구요! 그래서 지금은 이사장님 요리를 따라해보는게 취미에요ㅋㅋ특히 맛있었던 걸 꼭 고르자면 그 김치찜 맛있었어요! 이사장님을 보며 제 꿈을 키워 나갈께요! 앞으로도 건강하게 영상 많이많이 업로드 해 주세요😍",2025-02-11,sweetshop
3601,sweetshop_2025-02-09,nyamsu_17661,와 진짜 멋있어요ㅠㅠ,2025-02-11,sweetshop
3602,sweetshop_2025-02-09,wjdekvin,@p.sy.o_o 요리사가 꿈이었구나..,2025-02-12,sweetshop
3603,sweetshop_2025-02-09,gfk___nj7,진짜 존경합니다.,2025-02-12,sweetshop
3604,sweetshop_2025-02-09,surfdivein,너무 멋지고 귀여우세요😍,2025-02-14,sweetshop
3605,sweetshop_2025-02-09,zigu._.zigu,어어•••잠깐•••선배님•••???,2025-02-17,sweetshop
3606,sweetshop_2025-02-09,seoyeon2194,역쉬 언니 최고!!!!,2025-02-19,sweetshop
3607,sweetshop_2025-02-09,rlatnwls41,오 제기지금 장래희망이 요리사 데 멋져요👏👏,2025-02-19,sweetshop
3608,sweetshop_2025-02-09,hehit_1104,졸귀ㅣㅣㅣㅣㅣㅣ,2025-02-20,sweetshop
3609,sweetshop_2025-02-07,refresh_87,끓여 먹는면 저렇게 익히면 맛없음,2025-02-08,sweetshop
3610,sweetshop_2025-02-07,z._.xin1661,진짜 마싰겟ㅇㅅ다ㅏ다 진짜 다같이 해먹으면 재밌겠다,2025-02-07,sweetshop
3611,sweetshop_2025-02-07,s_.auns,언니 스테이크 썰러가기 30분 전 영상 고데기법 알려주세요 ㅠㅠ 너무 예뻐요,2025-02-08,sweetshop
3612,sweetshop_2025-02-07,sungho_0p,진짜 친구랑 해먹어보고픈 비주얼🥲,2025-02-07,sweetshop
3613,sweetshop_2025-02-07,ceolhyeon20,아니 왜 면이 익지?,2025-02-07,sweetshop
3614,sweetshop_2025-02-07,m6sxng,이사장님…. 너무이뻐요 팬이예요.. 혹시 언니라구 불러두 가능해❤️요????,2025-02-09,sweetshop
3615,sweetshop_2025-02-07,formulain_official,안녕하세요🙌 비즈니스 제안 DM확인 한 번 부탁드립니다💕,2025-02-07,sweetshop
3616,sweetshop_2025-02-07,aaaa_min_aaaa,여기나오는 떡볶이 넘 내스타일 떡볶이야 제발 레시피 알려주세요 예쁜 이사장님,2025-02-07,sweetshop
3617,sweetshop_2025-02-07,yeseul0410,언니 예전부터 반 협박 하는건 알았지만…😮,2025-02-07,sweetshop
3618,sweetshop_2025-02-07,s_y__.n,떡볶이 레시피 알야주세요…,2025-02-07,sweetshop
3619,sweetshop_2025-02-07,hasori0512,오메 이게 섹시떡볶스,2025-02-09,sweetshop
3620,sweetshop_2025-02-07,yuna15678,"후하,,후하,,미모 진챠 뛰어난다잉,,",2025-02-11,sweetshop
3621,sweetshop_2025-02-07,yellpod,아배고파... 배고파요... 탄수화물과 탄수화물의 조합이라니 맛없없아니냐고요......... 이사장님 진짜 왜이래요 나에게,2025-02-07,sweetshop
3622,sweetshop_2025-02-07,s.recipe.home,보기만 해도 침 고여요 😂ㅠㅠㅠ,2025-02-07,sweetshop
3623,sweetshop_2025-02-07,1994.03.19,@kimjieun0718 @d_y_song @kwakkwakdirarada 자기들아 위 준비 됐엉?,2025-02-08,sweetshop
3624,sweetshop_2025-02-07,littleforest45_,비김면은 뭐야😂😂😂첨봐요,2025-02-07,sweetshop
3625,sweetshop_2025-02-07,nururiri,나랑도 맛난거 같이 먹주세요 ~!~!,2025-02-07,sweetshop
3626,sweetshop_2025-02-07,lsg20130501,이사장님 저 디엠 보낸거 봐주세요❤️,2025-02-07,sweetshop
3627,sweetshop_2025-02-07,skssss524,오른쪽팔손목 무슨일이에여😢,2025-02-10,sweetshop
3628,sweetshop_2025-02-07,mini5678,협박당하고있나요?ㅜ,2025-02-08,sweetshop
3629,sweetshop_2025-02-05,sweetshop_s2,여러분….성공 인정? vs no인정 (반협박❤️),2025-02-05,sweetshop
3630,sweetshop_2025-02-05,hanhyeryeong.g,오.....대단하십니다. 이걸 성공시키셨어!!😍😮😍😮,2025-02-05,sweetshop
3631,sweetshop_2025-02-05,jii4370,역시는 역시였네..해내고야 마는 내 연예인!!^^,2025-02-05,sweetshop
3632,sweetshop_2025-02-05,everyday_3016,이 어려운걸 언니 넘넘 대단하십니다👍👍❤️❤️❤️항상 언니 이쁜 댓글만 보세요 ㅎㅎ 언니 영상 보는것두 넘 조아여💕,2025-02-05,sweetshop
3633,sweetshop_2025-02-05,yuna15678,"오랜 구독잔데연,, 부탁 하나만 드려도 됄까욘,,? 설곤약 타피오카해서 마라탕에 넣고 드셔주센영👏👏 글고 반말 써죠잉,, 그게 더 조아욘,,❤️",2025-02-05,sweetshop
3634,sweetshop_2025-02-05,hwalee2002,천재아니냐고요 진짜 😍,2025-02-05,sweetshop
3635,sweetshop_2025-02-05,ekaqlek0,수건 케이크 더 안나오나요ㅠㅠㅠ,2025-02-06,sweetshop
3636,sweetshop_2025-02-05,indrtui.45,언니이ㅜㅜ혹쉬 수건케이크는 더이상 먹을수 없는건가요??😭😭 주문을 실패했지만 지인찬스로 맛보게 되었는데 진짜 계속 생각나요 미쳐부러어🔥😭,2025-02-05,sweetshop
3637,sweetshop_2025-02-05,red.umi,대단하셔...,2025-02-05,sweetshop
3638,sweetshop_2025-02-05,yeseul0410,대박 언니 못하는게 뭐야~❤️👏,2025-02-06,sweetshop
3639,sweetshop_2025-02-05,y.sxx8,우유를 많이 넣어야하는거 아닌강,2025-02-07,sweetshop
3640,sweetshop_2025-02-05,grace_shm,중국 동영상보면 뜨거운 우유를 부으라고 함 우유 온도 높이면 웬만한 강력분 빵 거의 되지 않을까여,2025-02-08,sweetshop
3641,sweetshop_2025-02-05,6766_hhhhuuu,맛있어보여요😍,2025-02-08,sweetshop
3642,sweetshop_2025-02-05,_y.geon.12_,진짜 너무,2025-02-05,sweetshop
3643,sweetshop_2025-02-05,107.sss,@leez_log 자기야 사주세용,2025-02-06,sweetshop
3644,sweetshop_2025-02-05,l3_exui.123,근데 레시피가 강력분 2600g이 맞나요? 260g 아닌가요?,2025-02-10,sweetshop
3645,sweetshop_2025-02-05,tnwjrl9196,"저 식빵 반죽으로 소금빵 모양 만들기도 가능합니다. 소금빵마냥 정형 하시고, 위에 펄솔트 일자로 쭉 뿌려 구운 다음에 그대로 우유에 담궈 드셔도 맛있어요 ㅎㅎ 왜, 우유도 소국물(?) 이기 때문에 소금 쳐 먹으면 맛있다고 하잖아요...?ㅋㅋㅋ 이상 제빵 13년차 현업자였습니다.",2025-02-05,sweetshop
3646,sweetshop_2025-02-05,xvcyuuuk,언니 나는 언니가 존댓말 반말 외계어 라틴어 뭘쓰든 다 좋아.. 그러니까 언제나 이사장님 하고싶은대로 다했으면 좋겠어요!!! 저도 반존대하잖아!!!ㅎㅎ,2025-02-05,sweetshop
3647,sweetshop_2025-02-05,za.xyol0,40분전 ㄷ,2025-02-05,sweetshop
3648,sweetshop_2025-02-05,_y.geon.12_,맛잇겟다ㅘ,2025-02-05,sweetshop
3649,sweetshop_2025-02-05,sjunk_05,뒷이야기 궁금했는데 성공하셨네요!,2025-02-05,sweetshop
3650,sweetshop_2025-02-05,imhyiseob38,이사장 천ㅈ...아니다...,2025-02-06,sweetshop
3651,sweetshop_2025-02-05,covcovvin,Where is 수건케이크ㅜㅜ,2025-02-06,sweetshop
3652,sweetshop_2025-02-05,bellaboyoungkim,수건케이크... 더 팔아주세요...,2025-02-06,sweetshop
3653,sweetshop_2025-02-05,sy_xu.7,강력분 2600g..?,2025-02-06,sweetshop
3654,sweetshop_2025-02-05,yomumui,아 정말 먹어보고싶은데 팔아주세요😢,2025-02-06,sweetshop
3655,sweetshop_2025-02-05,gayeon_0509,예뿐❤️😍언니 구름빵 한번 더 만들어줄수있어요?,2025-02-07,sweetshop
3656,sweetshop_2025-02-05,kth_xr7,와우,2025-02-07,sweetshop
3657,sweetshop_2025-02-05,princecesse87,국수 식빵 💕💕💕💕,2025-02-10,sweetshop
3658,sweetshop_2025-02-05,__k_yb25,둥글리기 엄청 잘하네.. 생지관리 👍🏻,2025-04-23,sweetshop
3659,sweetshop_2025-02-05,jineu_nhee,언니 편의점에 판데!!,2025-06-07,sweetshop
3660,sweetshop_2025-02-05,minheeya_,@leemyyb0411 @pamona608 @jeonghong.choi 요오오거요ㅎ,2025-06-19,sweetshop
3661,sweetshop_2025-02-05,soyul_724,글루텐이라 하니까 따끈따끈 베이커리 생각난다,2025-07-27,sweetshop
3662,sweetshop_2025-02-05,pny_yeon,우유 더 부우시면 되욬,2025-07-28,sweetshop
3663,sweetshop_2025-02-03,cute.2jahuk,왜 중국문화가 계속 우리나라로 오냐,2025-07-19,sweetshop
3664,sweetshop_2025-02-03,everyday_3016,사장님 저는 성공하신다 한표 드립니당 ㅋㅋㅋㅋㅋ 요리 하면 이사장님 이셔요❤️❤️ 사장님 레시피로 요리두 하구 넘 좋아여,2025-02-03,sweetshop
3665,sweetshop_2025-02-03,hasori0512,뭔가 콩물?두유?랑같이먹는 빵느낌나요,2025-02-04,sweetshop
3666,sweetshop_2025-02-03,imseoa__,새벽에 억울한 🖕🍞중빵ㅋㅋㅋㅎㅋㅋㅋㅎㅋㅋㅋ 만든거 기대되요🙌,2025-02-03,sweetshop
3667,sweetshop_2025-02-03,wawa_hojun,성공 할 때까지 도전 하실거자나요?😍,2025-02-03,sweetshop
3668,sweetshop_2025-02-03,yeon9987,라쿤 겨드랑이ㅋㅋ 표현도 웃겨요😂😂크게 웃었어요😍,2025-02-04,sweetshop
3669,sweetshop_2025-02-03,minheeya_,우유가부족했나요🤔?ㅎ,2025-02-04,sweetshop
3670,sweetshop_2025-02-03,_hyoungs,ㅋㅋㅋㅋㅋㅋㅋㅋㅋㅋ ㅗ ㅋㅋㅋㅋㅋ 요거하실때 표정 너무 맘에드로요 ❤️,2025-02-04,sweetshop
3671,sweetshop_2025-02-03,raxxum_,다이아 정채연 닮았어요 !!📸,2025-02-09,sweetshop
3672,sweetshop_2025-02-03,yeseul0410,헐… 보기만해도 그 향이 느껴져요😮,2025-02-03,sweetshop
3673,sweetshop_2025-02-03,johyeona0313,성공~,2025-02-03,sweetshop
3674,sweetshop_2025-02-03,grace_shm,ㅋㅋㅋㅋㅋ억울행 ㅠㅠ 대체 저 쭉쭉 늘어나는 건 뭐죠?!!!,2025-02-03,sweetshop
3675,sweetshop_2025-02-03,ikq._.pjh,나만 이사장님 설윤닮았다고 생각하나?(죄송합니다),2025-05-10,sweetshop
3676,sweetshop_2025-02-03,_y.geon.12_,와 진짜 맛잇겟다,2025-02-03,sweetshop
3677,sweetshop_2025-02-03,_y.geon.12_,꿩도 그렇고,2025-02-03,sweetshop
3678,sweetshop_2025-02-03,hodoo._.cat,나는솔로 잘봤습니다,2025-02-05,sweetshop
3679,sweetshop_2025-02-03,blnk_ran,헐 다음편이요!!!,2025-02-03,sweetshop
3680,sweetshop_2025-02-03,inh_kyu,겨땀 냄새을 어케 아시죠...?,2025-02-07,sweetshop
3681,sweetshop_2025-02-03,yeonjju2542,라쿤 겨드랑이냄새는 어떻게 아냐구요😂,2025-03-15,sweetshop
3682,sweetshop_2025-02-03,_mmlleook_,라쿤 겨드랑이 냄새가 몰까 몰까 라쿤 만나고 와바야겠어.....,2025-02-03,sweetshop
3683,sweetshop_2025-02-03,ekaqlek0,이제 수건 케이크는 못사나요?ㅠ,2025-02-04,sweetshop
3684,sweetshop_2025-02-03,xvcyuuuk,ㅋㅋㅋㅋㅋ무조건 성공했을거같아요 이사장님은!!!!! 라쿤 겨드랑이 냄새도 궁금하네여..,2025-02-04,sweetshop
3685,sweetshop_2025-02-03,subsub82,차단ㄱㄱ,2025-02-04,sweetshop
3686,sweetshop_2025-02-03,u_jjung1004,도대체 라쿤 겨드랑이 냄새는 어떤냄샌가 상상도 안가요 ㅋㅋㅋㅋ,2025-02-04,sweetshop
3687,sweetshop_2025-02-03,cooking._.is_mylife,언니 빵 만드는거 보여줄거야?!?!?!,2025-02-04,sweetshop
3688,sweetshop_2025-02-03,r_h_b_1014,라쿤의 그 냄새는 어디서 맡아보신거에요😂😂😂😂,2025-02-04,sweetshop
3689,sweetshop_2025-02-03,bahklove1,빵에서 왜 그런 냄새가 날까요 ㅜㅜ,2025-02-04,sweetshop
3690,sweetshop_2025-02-03,haxx._.014,그 식빵을 동그란 그릇에 말먹하면 가능할지도 모르겠네욧!!👏👏👏,2025-02-04,sweetshop
3691,sweetshop_2025-02-03,youlove870527,이중국빵은 모닝빵이라서 우유에 말아먹는 늘어나는 빵이 아닌걸로 알고있어요,2025-02-05,sweetshop
3692,sweetshop_2025-02-03,yeo_nn11,가득우유!,2025-02-06,sweetshop
3693,sweetshop_2025-02-03,dr_gamja,@ssun_hee_ 이거 먹고시펑,2025-02-06,sweetshop
3694,sweetshop_2025-02-03,hohun._.04,창동골목시장이네,2025-02-07,sweetshop
3695,sweetshop_2025-02-03,gweonjeseog,저 정도 양에 4천500원은 개 싼데,2025-02-07,sweetshop
3696,sweetshop_2025-02-03,sex1y_fo0d,담뱃값이네,2025-02-09,sweetshop
3697,sweetshop_2025-02-03,ayoung_9533,와 진짜 금손이시네요,2025-02-14,sweetshop
3698,sweetshop_2025-02-03,y._.s.d,흑자헬스 닮으셨다,2025-02-21,sweetshop
3699,sweetshop_2025-02-03,yhr_0107_,띠미님이 그 식빵 드셨어요!,2025-02-21,sweetshop
3700,sweetshop_2025-02-03,iopyte_12,누나 이뻐요,2025-02-22,sweetshop
3701,sweetshop_2025-02-03,h_1ae._h,맡아 보셨나요?,2025-03-15,sweetshop
3702,sweetshop_2025-02-03,johyenjun_0122,그냥 치즈를 빵안에 넣고 은근슬적 늘어나는척 가즈아,2025-04-08,sweetshop
3703,sweetshop_2025-02-03,putrifrinscaamor,우유가 빵을 적시기에 충분하지 않습니다. 그래서 빵을 물에 담가야 해,2025-05-14,sweetshop
3704,sweetshop_2025-02-03,ramo.i77,한국인 말은 끝까지 들어봐야한다구 캡쳐 다 해놨는데 결론은 겨냄빵이였다는 ㅋㅋㅋㅋㅋㅋㅋㅋㅋ😂,2025-05-15,sweetshop
3705,sweetshop_2025-02-03,x__jhoon,이런 여친 있으면 좋겠다ㅋㅋ 맨날 신기한거 가져와서 먹을거아냐,2025-07-17,sweetshop
3706,sweetshop_2025-02-03,pixie_eg11,중국은 제조일자를 위에써용 ㅠㅠ,2025-07-26,sweetshop
3707,sweetshop_2025-02-03,b.m3i_,저거 코스트코?트레이더스?에 팜,2025-07-27,sweetshop
3708,sweetshop_2025-02-02,everyday_3016,언니 먹는 영상 보면 항상 저도 모르게 먹고 싶어지는 ㅋㅋㅋㅋㅋㅋㅋㅋ 왜 그럴까요?? ㅋㅋㅋ 그리구 언니 넘 이뿌❤️❤️,2025-02-02,sweetshop
3709,sweetshop_2025-02-02,flower.you01,수안보네요😍여기맛있어요,2025-02-05,sweetshop
3710,sweetshop_2025-02-02,flower.you01,수안보온천숙소는어디예요?,2025-02-05,sweetshop
3711,sweetshop_2025-02-02,poopoo_love,저기 청운식당 저기가 맛집인데 어디가서 드셨어요!!,2025-02-04,sweetshop
3712,sweetshop_2025-02-02,ji_ye__12,언니 짱이뻐❤️❤️❤️❤️ 꿩고기 마싯어??😍,2025-02-03,sweetshop
3713,sweetshop_2025-02-02,dear_chae2,으아닛!!!이사장님 충주에오셧따니,2025-02-02,sweetshop
3714,sweetshop_2025-02-02,y__.kuuo,저 저기 가봤는데 거반 맛있어요,2025-02-14,sweetshop
3715,sweetshop_2025-02-02,jeonghyeonsu325,맛있뎀갇,2025-02-02,sweetshop
3716,sweetshop_2025-02-02,r___dive_viti,언니 연하 여자는 어때??,2025-02-02,sweetshop
3717,sweetshop_2025-02-02,parcon7208,20년전에 수완보에서 꿩고기 코스요리 먹었어요 꿩육회 만두부터 해서 5가지인가 먹었던 듯 싶어여 너무 맛나요,2025-02-04,sweetshop
3718,sweetshop_2025-02-02,_y.geon.12_,ㅘ 맛잇겟다,2025-02-02,sweetshop
3719,sweetshop_2025-02-02,glxh75791,엄청 어릴때 꿩고기 할매가 요리해서 주셨는데 와 꿩만두 꿩탕 꿩불고기 꿩육회 진짜 맛있어요 추천입니다 👍,2025-02-02,sweetshop
3720,sweetshop_2025-02-02,s.jxn_12,진짜 언니가 먹는건 다 맛있어 보여요!!,2025-02-21,sweetshop
3721,sweetshop_2025-02-02,joanna_channy,담엔 수안보가시면 낙천탕 가보세요. 거기가 원탕 (오리지날). 수안보는 온천을 시에서 관리해서 다 똑같은 물은 맞지만. 낙천탕 자리가 온천이 퐁퐁퐁 나오는 오리지날 자리. 바로 옆에 온천 저장소가 그 증거. 다른 곳들은 파이프 타고 가다가 물이 식지만 여긴 뜨거운거 그대로. 충주시 지역주민들은 다 여기만 가요. 여긴 숙소는 없고 대중탕과 가족탕 있어요!,2025-05-07,sweetshop
3722,sweetshop_2025-02-02,yoony__3,이사장님 피드보고 수안보 예약했는데 주변 맛집검색하니 죄다 꿩꿩꿩 😂 도전해봐야하는건가요~,2025-02-02,sweetshop
3723,sweetshop_2025-02-02,play_eat_goe,이사장!! 꿩 요리는 특유의 향 없어요??? 흔히 먹는게 아니라서 신기하구 궁금 ㅋㅋㅋ,2025-02-02,sweetshop
3724,sweetshop_2025-01-30,mins__83,내가 잘못봤나? 딸기 꽁다리까지 다먹어쏘😮,2025-01-30,sweetshop
3725,sweetshop_2025-01-30,dotory0521,우왕❤️,2025-01-31,sweetshop
3726,sweetshop_2025-01-30,shin._.hyang,하트😍는 많은데 댓글이…?,2025-01-30,sweetshop
3727,sweetshop_2025-01-30,2nacook,성심당 안부러운데요👏,2025-02-01,sweetshop
3728,sweetshop_2025-01-30,injabonge,보름달빵으로 만들어먹음 더 가격이 절감됩니당!😍😍😍,2025-01-31,sweetshop
3729,sweetshop_2025-01-30,aaa55932857,누나 말투가 너무웃겨요❤️,2025-01-30,sweetshop
3730,sweetshop_2025-01-30,garadechop,모야 금손이자나?!,2025-03-08,sweetshop
3731,sweetshop_2025-01-30,chaewon_1202,왜 여즘 드루와 안해요ㅠㅜㅠ?,2025-02-02,sweetshop
3732,sweetshop_2025-01-30,s.jxn_12,와 진짜 요즘 딸기에 금을 발랐는지 양도 얼마 안되는데 엄청 비싸더라구요..ㅠㅠ,2025-02-21,sweetshop
3733,sweetshop_2025-01-30,cbriiwoaksnd,저런띠(?) 어디서 구매합니다꽈?!,2025-01-30,sweetshop
3734,sweetshop_2025-01-30,therudemanisactuallyme,딸기생크림수건케이크도만들어주세요,2025-01-31,sweetshop
3735,sweetshop_2025-01-30,soul_jang,정리만 누가해주면 해먹는게 나은거같기도 ㅋㅋㅋㅋ,2025-01-30,sweetshop
3736,sweetshop_2025-01-30,blair_k_._,로컬푸드하는곳 찾아서 딸기드세용 500g에 1만원이하♥︎,2025-02-01,sweetshop
3737,sweetshop_2025-01-30,songyi0601,홈베이킹 해봐서 아는데..넘 체력소모가 큼..설거지도 귀찮고..저처럼 저질체력이신 분들은 사서 드세요..,2025-02-07,sweetshop
3738,sweetshop_2025-01-30,hannahjeong,이분 영상들 잼나네ㅋㅋ @mynewcristal,2025-03-06,sweetshop
3739,sweetshop_2025-01-28,dallatto.ee,"진짜 최고당,,, 🤤",2025-01-28,sweetshop
3740,sweetshop_2025-01-28,xvcyuuuk,아...조합미쳤어요ㅠㅠㅠㅠ,2025-01-28,sweetshop
3741,sweetshop_2025-01-28,euxz._x,나이는 속여도 세월은 속일수없어요ㅛㅋㅋ,2025-01-28,sweetshop
3742,sweetshop_2025-01-28,rachel_yo_moon,보말떡국도 맛나요~,2025-02-04,sweetshop
3743,sweetshop_2025-01-28,sunisland._04,나왔당😍 색다른 떡국🙌,2025-01-28,sweetshop
3744,sweetshop_2025-01-28,z._.xin1661,진짜 먹고 싶다... 하필 이밤에 영상을 봐버렸다ㅏ,2025-01-28,sweetshop
3745,sweetshop_2025-01-28,susidtshx1624,언니 그러면 임실알아요???,2025-01-30,sweetshop
3746,sweetshop_2025-01-28,lucas_smile_lee1007,이사장님,2025-01-29,sweetshop
3747,sweetshop_2025-01-28,ceolhyeon20,이야 끌린다 끌려~~,2025-01-28,sweetshop
3748,sweetshop_2025-01-28,seungju8250,떡국 떡볶이 도 맛있어요..!,2025-02-08,sweetshop
3749,sweetshop_2025-01-28,ji_ye__12,와 떡국 미춋다….!,2025-02-03,sweetshop
3750,sweetshop_2025-01-28,ara.byeol_,와씨 장떡국은 천재 아니야!?!? 천재아니냐구!!!!!!!!,2025-01-28,sweetshop
3751,sweetshop_2025-01-28,jiy0624,먹고싶다ㅠㅠ,2025-01-28,sweetshop
3752,sweetshop_2025-01-28,ji_ye__12,언니 떡국 전문가쓰..나 한입만,2025-02-03,sweetshop
3753,sweetshop_2025-01-28,happylifechelsea,김태리 닮음🌸,2025-01-29,sweetshop
3754,sweetshop_2025-01-28,_mmlleook_,맙소사 들깨가루라니,2025-01-28,sweetshop
3755,sweetshop_2025-01-28,_mmlleook_,장떡국 만들고 라방 했다에 한 표,2025-01-28,sweetshop
3756,sweetshop_2025-01-27,jaein._12,무야ㅏ 이거 제 삼촌이 미국인가? 해외 출장같다가 사온건데😍 계피맛이 은은? 하게 퍼져서 진짜 맛있었어욤😢😍👏,2025-05-23,sweetshop
3757,sweetshop_2025-01-27,inhye_polly,식빵러스크에 우유 말아드셨네요!,2025-01-28,sweetshop
3758,sweetshop_2025-01-27,ssang.s2,저 시리얼 주문했다가 앉은 자리에서 한봉지먹고 현타왔어요 시키지마세요 😂,2025-01-27,sweetshop
3759,sweetshop_2025-01-27,therudemanisactuallyme,ㅈㅂ 수건케이크 2차 해주세요 너무 억울해서 잠도안와요,2025-01-27,sweetshop
3760,sweetshop_2025-01-27,_yellmust_,헐 맛잘알 이거 줜맛탱,2025-01-28,sweetshop
3761,sweetshop_2025-01-27,suna_draw,왕 속눈썹 이뻐용 트와이스 정연닮았어용,2025-01-29,sweetshop
3762,sweetshop_2025-01-27,so_u_91,저 진짜 수건케이크 웅이아벚처럼 먹고싳어요 제발요 진짜요 ㅠㅠㅠㅜㅜㅜㅜㅜㅜ아 ... 시골에 사는게ㅜ넘 분하다ㅏ앙아아,2025-01-27,sweetshop
3763,sweetshop_2025-01-27,seoin_105,저거 탄거 아니예여…….?,2025-01-28,sweetshop
3764,sweetshop_2025-01-27,jacquelinejoung,시나몬크런치 제 최애 시리얼이에여😭😭 임당때문에 꿈도 못꾸고 있는... 여러모로 대리만족 하고이써여...🥹,2025-01-28,sweetshop
3765,sweetshop_2025-01-27,nimnim_0130,한입만..,2025-01-27,sweetshop
3766,sweetshop_2025-01-27,ijihyi7074,저 시리얼 시나몬이 우리가 생각하는 달달하고 은은하게 나는게 아니라서 봉지도 묶어놔도 냄새가 뚫고 나와서 거의 다 남은채로 버렸던.......,2025-01-27,sweetshop
3767,sweetshop_2025-01-27,s.jxn_12,저거 먹어본적은 없는데 맛있어보여요.. (침이 흐른다..),2025-02-21,sweetshop
3768,sweetshop_2025-01-27,tmxwnsoo,저 라이브 봤는데 라이브 다음에 하나요???,2025-01-27,sweetshop
3769,sweetshop_2025-01-27,min_0p_,@minj.s 이게 이제 뜬다고? 이거 개마싯는데ㅎㅎㅎㅎㅎㅎㅎㅎ,2025-02-28,sweetshop
3770,sweetshop_2025-01-27,bbangsun2_recipe,눈코입다있는것도 똑같아요🤣,2025-01-27,sweetshop
3771,sweetshop_2025-01-27,9393_goldy,저도 저거에 꽂혀서 큰거 두박스 사서 삼시세끼 계속 먹고는 이제는 못먹게 되었습니닼ㅋㅋㅋㅋㅋ🤣,2025-01-28,sweetshop
3772,sweetshop_2025-01-27,lovelyluna_91_,이사장님 머리자르고 블랙하셔썽,2025-01-27,sweetshop
3773,sweetshop_2025-01-27,pancake9955,혹시 다음 수건케이크는 언제일까요 ?? 발렌타인 데이 맞춰서 그 전 주에 했으면 하는 바람이에요... 물론 티켓팅이 쉽진않겠지먼,2025-01-27,sweetshop
3774,sweetshop_2025-01-27,_mmlleook_,일론머스크에게 좀더 노력하라고 말할 수 있는 세계 유일의 사람😂😂😂,2025-01-27,sweetshop
3775,sweetshop_2025-01-27,yeonhujoo13,혹시 똥 만들어주실수 있으신가요?,2025-01-27,sweetshop
3776,sweetshop_2025-01-25,5368.5368,참. 재주꾼❤️,2025-01-25,sweetshop
3777,sweetshop_2025-01-25,level__38__,소고기 못먹는데 이건 맛나보여용❤️,2025-01-25,sweetshop
3778,sweetshop_2025-01-25,everyday_3016,감사해요 사장님!! 마법의 레시피 알려주시구❤️❤️,2025-01-25,sweetshop
3779,sweetshop_2025-01-25,jonnazajoonghae,언니동백꽃필무렵보시는구나 용식이너무귀여워,2025-02-09,sweetshop
3780,sweetshop_2025-01-25,so.hyun12._,맛있겠다,2025-05-11,sweetshop
3781,sweetshop_2025-01-25,so_heeda,와으ㅜㅜㅠㅠ,2025-01-25,sweetshop
3782,sweetshop_2025-01-25,gpsk_day,몇도에 한시간 하신건가요??,2025-01-27,sweetshop
3783,sweetshop_2025-01-25,yeon9987,왜~이렇게 말하는게 규여워요?😍😍😍😍,2025-01-25,sweetshop
3784,sweetshop_2025-01-25,lucas_smile_lee1007,이사장님,2025-01-25,sweetshop
3785,sweetshop_2025-01-25,shaneeeee_hk,언니 집에초대해주세영....😢,2025-01-25,sweetshop
3786,sweetshop_2025-01-25,s.jxn_12,와 진짜로 이사장님이 해주시는 음식 먹어보고 싶어용ㅇ..,2025-02-21,sweetshop
3787,sweetshop_2025-01-25,kimgunhee0715,ㄱㅊ 나도 까먹었어요,2025-04-09,sweetshop
3788,sweetshop_2025-01-25,chlwndus1234,맜있겠자,2025-05-12,sweetshop
3789,sweetshop_2025-01-25,chohyunjung1216,물속에 지퍼팩 넣으면 진공 만들기 쉬운뎅..,2025-02-16,sweetshop
3790,sweetshop_2025-01-25,yomumui,사장님 그 중국식빵 우유에 말아드셔보셨나요.,2025-01-30,sweetshop
3791,sweetshop_2025-01-25,_mmlleook_,호호호호호!,2025-01-25,sweetshop
3792,sweetshop_2025-01-25,_mmlleook_,나중에 노후에 할 거 없으시면 레스토랑 차려주세요 네?,2025-01-25,sweetshop
3793,sweetshop_2025-01-21,tnejds79,와~~ 처음 주문링크때 결제 단계에서 에러떠서 구매 못해서 슬펐는데 좀 전에 혹시나하고 들어가봤다가~ 단품 떠서 냉큼 두바이랑 초코 구매했어요😍 행복하네요❤️,2025-01-22,sweetshop
3794,sweetshop_2025-01-21,ye_eun1407,7시에 바로 갔는데 품절인디?? 뭐에요언니?ㅠㅠ,2025-01-21,sweetshop
3795,sweetshop_2025-01-21,yullsara,추가주문되서 우리 아가들 옆에서 꺅 소리지르고 축제였어요 😂😂ㅋㅋㅋ,2025-01-22,sweetshop
3796,sweetshop_2025-01-21,seoin_han,정식으로 판매해주새요….😢 넘 맛있어보여여….😭😭,2025-01-21,sweetshop
3797,sweetshop_2025-01-21,yeonjoo__oo,으악! 추가예약도 끝인거됴?😭,2025-01-22,sweetshop
3798,sweetshop_2025-01-21,yellowskyj,아? 예약주문 또 언제 시작한거야😢 힝... 속상해라... 2월오픈을 다시 기다려봅니다ㅠㅠ 인스타 알림이 제때 안와서 망했음... 😢 수시로 들어가바야겠네,2025-01-22,sweetshop
3799,sweetshop_2025-01-21,xvcyuuuk,와... 또 품절이에요ㅠㅠㅠㅠㅠ진짜 너무너무 맛보고싶었는데..,2025-01-21,sweetshop
3800,sweetshop_2025-01-21,yunjh0605,"구성은 1, 2차때랑 같은구성인건가요??",2025-01-21,sweetshop
3801,sweetshop_2025-01-21,koeunbich,제주도 어케 안될까요??ㅠㅜ아이들이 너무 아쉬워해윱..!!ㅠ,2025-01-21,sweetshop
3802,sweetshop_2025-01-21,flyheehee,아고 이제 봤네요ㅠㅠ 흑흑 다음 오픈 기다려봅니다!,2025-01-22,sweetshop
3803,sweetshop_2025-01-21,kko_ne,결제하다.. 품절되써여..,2025-01-21,sweetshop
3804,sweetshop_2025-01-21,no_sori_en,우리누나 찢었다❤️❤️❤️❤️❤️❤️,2025-01-21,sweetshop
3805,sweetshop_2025-01-21,somi_chan_dami,아 또 놓쳤… 다시 또 오픈 안하시겠죠…?😢😢😢,2025-01-21,sweetshop
3806,sweetshop_2025-01-21,jjomaene74,예약주문도 끝났나요?😢,2025-01-21,sweetshop
3807,sweetshop_2025-01-21,heeyo__lee,7시 땡하자마자 결제하는데 계속 안되더니 품절이네요 ㅠㅠㅠㅠ,2025-01-21,sweetshop
3808,sweetshop_2025-01-21,cherish_s_01,드뎌 성공했써요 🥹 기대됩니다아🙊🤍,2025-01-21,sweetshop
3809,sweetshop_2025-01-21,dda_xlk_abb,감사합니다!! 성공했어윰🙌,2025-01-21,sweetshop
3810,sweetshop_2025-01-21,gaeun._.bbyu,ㅠㅠㅠㅠㅠ악 또 놓쳤어요😭😭😭😭😭 결제 충전까지 돼서 된줄 알았는데😭😭😭😭😭,2025-01-21,sweetshop
3811,sweetshop_2025-01-21,soonhappyhappy,에휴ㅜㅜ실패 해서. 2월까지 기다려야겠네요😢,2025-01-22,sweetshop
3812,sweetshop_2025-01-21,thewindbl.ws,와 오픈런 성공이다 진짜..,2025-01-21,sweetshop
3813,sweetshop_2025-01-21,__jin_g,방금 삿어용 ㅎㅎㅎ😍,2025-01-21,sweetshop
3814,sweetshop_2025-01-21,boonboonee,샀어요🤍🤍🤍🤍🤍🤍 꺄아아앙 이사장님 콜라보 더 자주해조요........,2025-01-21,sweetshop
3815,sweetshop_2025-01-21,k_kite_,ㅠㅠㅠ일하다 놓쳤어여...ㅠㅠ,2025-01-23,sweetshop
3816,sweetshop_2025-01-21,y._.an_ss,"1,2차 못 샀ㅠㅠㅠ 힝ㅠㅠ 또 안하시나여ㅠ",2025-01-22,sweetshop
3817,sweetshop_2025-01-21,fwa_ni,제발...빨리...유툽에서 열심히 만들고 계신다는것만 보고 출시하신건 돼끼님 릴스보고 알았다구요...저 어지러워요 수건씹어먹기전에 다시 와주세요 물론 내손도 빨라야겠지만...😂,2025-01-25,sweetshop
3818,sweetshop_2025-01-21,se.__.o2,재오픈....없구낭..,2025-01-27,sweetshop
3819,sweetshop_2025-01-21,b_jiyeon2,ㅠㅠ제발 더 열어주세요,2025-01-21,sweetshop
3820,sweetshop_2025-01-21,jelli131,드디어 주문 성공했습니다!! 이사장님 쏴랑해요😍❤️😍,2025-01-21,sweetshop
3821,sweetshop_2025-01-21,yeonohsong,설연휴 추가 주문도 매진이예요???,2025-01-21,sweetshop
3822,sweetshop_2025-01-21,_hyunjiis,아이돌 콘서트 티켓팅보다 어려운 이 것.. 7시땡 하자마자 들어갔는대 실패했어요 ㅠㅠㅠㅠㅠㅠ,2025-01-21,sweetshop
3823,sweetshop_2025-01-21,yuni_dayss,으악..한번 더 해주세요오오오,2025-01-21,sweetshop
3824,sweetshop_2025-01-21,seoin0213,아들아 미안해~엄마 예약주문도 놓쳤어ㅠㅠ,2025-01-22,sweetshop
3825,sweetshop_2025-01-21,_ye._.bong,벌써품절이에요😢,2025-01-21,sweetshop
3826,sweetshop_2025-01-21,alli_0908,정말 먹고 싶은데.. 제주도라서 슬프네요ㅠ,2025-01-22,sweetshop
3827,sweetshop_2025-01-21,sisters_0616,구매완료🔥🔥🔥딸랑구덕에 구매해봅니다 ㅋㅋ,2025-01-21,sweetshop
3828,sweetshop_2025-01-21,kyungyeon1,결제 중 모두 품절됐어요ㅠㅠ 한 번 더 진행해주세요~~~~,2025-01-21,sweetshop
3829,sweetshop_2025-01-21,_mmlleook_,모지..? 무슨 일이지...?,2025-01-21,sweetshop
3830,sweetshop_2025-01-21,_mmlleook_,부디 조금은 천천히 보내주셔도 되니 맛에 변질만 없도록... 따당님이 급 듕국 가서 잡아온 그 레시피 그대로의 맛 고대로 전송되어 올 수 있도록 간곡히 부탁드립니다 🙏,2025-01-21,sweetshop
3831,sweetshop_2025-01-21,doyunmomkim,ㅜ명절이후에 꼭 예약주문 해주세요!!!! 꼭이요!!!,2025-01-21,sweetshop
3832,sweetshop_2025-01-21,yejun_seokhwa,사장님 또 오픈 안하나요?,2025-01-21,sweetshop
3833,sweetshop_2025-01-21,hk_rr_,😢😢😢😢아 ..... 어제에 이어 오늘도 놓쳤오요. ... 또 언제 해요....,2025-01-21,sweetshop
3834,sweetshop_2025-01-21,lovely_ziz,예약 더 받아주세요 ˃̣̣̣̣̣̣︿˂̣̣̣̣̣̣,2025-01-21,sweetshop
3835,sweetshop_2025-01-21,weisskaffee,더 해주세요 제발,2025-01-21,sweetshop
3836,sweetshop_2025-01-21,mi_young_01,언제 품절풀릴까용?ㅜ,2025-01-21,sweetshop
3837,sweetshop_2025-01-21,n.r__wwww,끝난건가요?ㅠㅠㅠㅠ,2025-01-21,sweetshop
3838,sweetshop_2025-01-21,jshmmm9598,아니 ㅠㅠ 한 번 더. 제발😢,2025-01-21,sweetshop
3839,sweetshop_2025-01-21,sungho_0p,"대박,,,🔥",2025-01-21,sweetshop
3840,sweetshop_2025-01-21,booralra,늦억다,2025-01-22,sweetshop
3841,sweetshop_2025-01-21,hellotv440,그럼 어제 주문한건 언제부터 배송 시작인지 궁금해욭,2025-01-21,sweetshop
3842,sweetshop_2025-01-21,dlgodlsdl,ㅜㅜ또민첩한하루가되지못햇네요...,2025-01-21,sweetshop
3843,sweetshop_2025-01-21,ellaluna_u,언제또 살수잇어요?ㅠㅠ 일하다 다놓쳐서 못먹고..ㅠㅠ 애가 먹고싶다는데 애도....못먹이고 ㅠ못난애미😢언능또 살수있게해주세요...ㅠㅠㅠㅠㅠㅠㅠ,2025-01-22,sweetshop
3844,sweetshop_2025-01-21,seungsu_hyerin,대박대박 주문햇어요👏👏,2025-01-21,sweetshop
3845,sweetshop_2025-01-21,wonsiljo,모르고 있다가 먹어보고 싶어서 예약주문했어요😍😍,2025-01-21,sweetshop
3846,sweetshop_2025-01-21,rang_s.y,추가수량 너무 감사해요! 딸이 너무 먹어보고 싶어했는데 좀 기다려야 하지만 맛 보여줄 수 있게되서 정말 좋아요 ㅠㅠ😍,2025-01-21,sweetshop
3847,sweetshop_2025-01-21,yezzxn,성공 !!!!!!!,2025-01-21,sweetshop
3848,sweetshop_2025-01-21,hyi.hyi,2월에 재오픈 한다는거져 정확 날짜 없구요?,2025-01-22,sweetshop
3849,sweetshop_2025-01-21,joeunseon87,주문 놓쳐서 설껴있는 우리 딸 생일케이크 하기엔 글렀네....😢,2025-01-21,sweetshop
3850,sweetshop_2025-01-21,kellyfornia_c,찢어따아아🔥🔥🔥,2025-01-21,sweetshop
3851,sweetshop_2025-01-21,eternal9791,금새 또 사라졌네요ㅜ,2025-01-21,sweetshop
3852,sweetshop_2025-01-21,yum._.ees2,느아 퇴근길인데 과연 성공할수잇을까여ㅜ,2025-01-21,sweetshop
3853,sweetshop_2025-01-21,yeni_4078,7시에는 꼭 구매하게해주세요 👏,2025-01-22,sweetshop
3854,sweetshop_2025-01-21,_ssoji,축하드려요!!!,2025-01-21,sweetshop
3855,sweetshop_2025-01-21,milla__174,@sssss___jin 빨리!!!🔥🔥🔥,2025-01-22,sweetshop
3856,sweetshop_2025-01-21,tpskdi28,기다려볼께요 도전해보겠습니다.,2025-01-21,sweetshop
3857,sweetshop_2025-01-21,comfy8_8,수건케이크 정말 먹어보고 싶었는데 만들어주셔서 제가 감사합니다ㅠㅠㅠㅠ 배송 오기만 기다리는 중🔥🔥🔥,2025-01-21,sweetshop
3858,sweetshop_2025-01-21,eunggagg,하놓침,2025-01-21,sweetshop
3859,sweetshop_2025-01-21,coco_mi999,그 수량이 넉넉했으면 좋겠어요 크크크 꼭 구매하겠습니다!!,2025-01-21,sweetshop
3860,sweetshop_2025-01-21,yellpod,놓치지않을꼬에요 🔥,2025-01-21,sweetshop
3861,sweetshop_2025-01-21,miaoo6_,품절 대란 축하해용,2025-01-21,sweetshop
3862,sweetshop_2025-01-21,hap_homecook,편의점에서도 팔아주세요!,2025-01-21,sweetshop
3863,sweetshop_2025-01-21,022.498,두바이 얼른 받고싶어요🔥❤️❤️❤️,2025-01-21,sweetshop
3864,sweetshop_2025-01-21,c_h_jjjx3,두비이.스프레드는 따로 구매못하나요?,2025-01-21,sweetshop
3865,sweetshop_2025-01-21,laavenue_official_,아싸!!!! 재도저어어어언😍❤️,2025-01-21,sweetshop
3866,sweetshop_2025-01-21,song_hi.95,저  출국인데...  입국인데... 지정배송되나요😂,2025-01-21,sweetshop
3867,sweetshop_2025-01-21,yumi8509,다이어트... 중이라 11시알람맞춰놓고 손꾸락이랑 머리랑 싸움했어요😢😢😢,2025-01-21,sweetshop
3868,sweetshop_2025-01-21,sweetshoppin_n,너무 맛있을거같아요😢 추가수량은 꼭 성공하길!🍀,2025-01-21,sweetshop
3869,sweetshop_2025-01-21,da_heeheehee,7시 제발ㅠㅠㅠㅠ,2025-01-21,sweetshop
3870,sweetshop_2025-01-21,haxx._.014,어디서 판매해요?,2025-01-21,sweetshop
3871,sweetshop_2025-01-21,jelli131,대기하고 있어요!!!두근두근😍,2025-01-21,sweetshop
3872,sweetshop_2025-01-21,yeon9987,제주도 배송도 되는건가요?😍,2025-01-21,sweetshop
3873,sweetshop_2025-01-21,wild.pink_,주문완료! 기대되요 😍😍😍,2025-01-21,sweetshop
3874,sweetshop_2025-01-21,choihyesun58,와!!!!!!! 드디어 구매완료❤️❤️❤️❤️ 감사합니다👏👏👏,2025-01-21,sweetshop
3875,sweetshop_2025-01-21,nayomi_0614,휴 성공했오용😍 완전완전 기대됩니당❤️,2025-01-21,sweetshop
3876,sweetshop_2025-01-21,jaeny_luv,카드결제가 너무 힘들어용 ㅠㅠ,2025-01-21,sweetshop
3877,sweetshop_2025-01-21,kim.m.h8035,오늘 주문하는건 명절전에는 절대 못받겠죠??,2025-01-21,sweetshop
3878,sweetshop_2025-01-21,yeon9987,"제주도에도 배송해주세요😢😢ㅠ 소고기도 오는데,,,,",2025-01-21,sweetshop
3879,sweetshop_2025-01-21,yu_binnnnn,다 품절이네여..? 7시들가두,2025-01-21,sweetshop
3880,sweetshop_2025-01-21,aosyddl,또품절 ㅠㅠ,2025-01-21,sweetshop
3881,sweetshop_2025-01-21,0m6i1r5u9y6r,7시에 들어갔는데 안들어가지다가 품절..ㅠㅠ,2025-01-21,sweetshop
3882,sweetshop_2025-01-21,heepbeep_,으아..또 품절 ㅠㅠ,2025-01-21,sweetshop
3883,sweetshop_2025-01-21,yura_shin999,벌써 또 품절된건가요??,2025-01-21,sweetshop
3884,sweetshop_2025-01-21,plumeria5959,정각7시 들어가도 계속 품절로 뜨는데요…,2025-01-21,sweetshop
3885,sweetshop_2025-01-21,k_chansook,아..품절이라니 7시 땡하고..들갔는데 결재하려고 하니 품절,2025-01-21,sweetshop
3886,sweetshop_2025-01-21,honza_addack,7시기다리다 딱맞춰들어갔는데 결제까지갔는데 품절떠버리네요 ㅠㅠ,2025-01-21,sweetshop
3887,sweetshop_2025-01-21,pinkwing86,또....... 실패ㅠㅠㅠㅠㅠㅠㅠㅠ,2025-01-21,sweetshop
3888,sweetshop_2025-01-21,hanxbad,"갑자기 알고리즘에 떠서 19시 물량이라도 구매 완 ,,,, 🥹 행복",2025-01-21,sweetshop
3889,sweetshop_2025-01-21,shxjejxjnf,헐ㅠㅠ 지금 보고 막 들어갔는데 또 품절ㅠㅠ,2025-01-21,sweetshop
3890,sweetshop_2025-01-21,yx.in2,하..결제하려고 하니까 품절..ㅠㅠ,2025-01-21,sweetshop
3891,sweetshop_2025-01-21,2jiwon0417,DM 확인 부탁드려요~,2025-01-21,sweetshop
3892,sweetshop_2025-01-17,xx0r7r2lxx,노말티…세상에서 젤 어울리는 사람이세요 그냥….🖤,2025-01-20,sweetshop
3893,sweetshop_2025-01-17,izykite,두바이 수건 케이크 너무 먹어보고싶어요😢❤️❤️❤️❤️❤️,2025-01-18,sweetshop
3894,sweetshop_2025-01-17,nuning_jh,진짜진짜진짜! 너무 기대했습니다!!!! 두바이초코 제발 제가 제일 먼저 먹게해주세요💚🤎,2025-01-18,sweetshop
3895,sweetshop_2025-01-17,c.h.o.b.b.i,스토리 보고 진짜 설렘x1000000 무한으로 기다렸는데 최종내새끼들 수건케쿠가 드디어 세상에 나온다니욧!! 배아파 낳은 수건케쿠 기다료랏 발에 모터 달구 뛰어가서 포근하게 먹어줄게💚💜🤎🖤 이사장님 늘 사랑해욧 뿌뿌‼️🎀,2025-01-19,sweetshop
3896,sweetshop_2025-01-17,cogi_dang,이사장님 저희요!!!!! 저희언니 반년동안 수건케이크만 먹방도 수건케이크만 찾아봤어요 제발제발요!!!!!!!! 필승조합만 있어서 더 기대중입니다ㅠㅠㅜㅠㅠ❤️❤️🔥,2025-01-18,sweetshop
3897,sweetshop_2025-01-17,cherry__0705,저염❤️,2025-01-17,sweetshop
3898,sweetshop_2025-01-17,snoozzip,두바이초코요ㅠㅠㅜㅜ이사장님반응보니 찐인거같아요ㅜㅜㅜ 두바이초코 한 번도 안 먹어봤는데 먹어보고싶어요!❤️❤️❤️,2025-01-18,sweetshop
3899,sweetshop_2025-01-17,gddohee,흑임자!! 꼬순맛 가득한 수건 케이크 먹어보고 싶어요!!! 저요저요!!!,2025-01-18,sweetshop
3900,sweetshop_2025-01-17,u_ujiae,"미쵸따지쨔,,,콜라보라니 !!!!!!❤️",2025-01-17,sweetshop
3901,sweetshop_2025-01-17,iiiimimg,먹어보고싶퍼여....🥹 너무 맛있을거같아요ㅠㅠㅠ🔥🔥🔥❤️,2025-01-18,sweetshop
3902,sweetshop_2025-01-17,216jeon,갸아아ㅏㅏ아아아ㅏㅏㅏㅏ나나나ㅏ 나나나나 저요저요저요,2025-01-17,sweetshop
3903,sweetshop_2025-01-17,_h.1rng,웅니 진짜 두바이로 수건케이크를 만들생각을 하다닝 진짜 먹천재얌❤️❤️,2025-01-24,sweetshop
3904,sweetshop_2025-01-17,bbanglov_,으아 저요저요저요 🥹💌🤎,2025-01-20,sweetshop
3905,sweetshop_2025-01-17,4_u.ae,두바이 초코💚🤎💚🤎💚🤎 진짜 맛있게땅 ㅠㅠ,2025-01-19,sweetshop
3906,sweetshop_2025-01-17,eunjoy.y,@willbespring 진짜 에바쌈바 맛있겠잖아… 세상에나 츄베릅…,2025-01-20,sweetshop
3907,sweetshop_2025-01-17,yejin_ing1007,대박너무궁금해요😍,2025-01-18,sweetshop
3908,sweetshop_2025-01-17,hyun_chan_03,제주도에서 확실하게 맛평가 해보고 싶습니다 ㅠㅠ 영상 정말 잘 보고있어요!! 2025년도 건강하고 행복하세요😄😄,2025-01-18,sweetshop
3909,sweetshop_2025-01-17,sy__0212,@2tmdd 저요 저요 저요 저요 저 ! 요 !!! 🙌❤️🙌❤️,2025-01-19,sweetshop
3910,sweetshop_2025-01-17,seuliey,언니 유튜브 초창기때부터(🫂🫂오마이갈릭까지) 구독하고 챙겨보고잇는 찐 단골인데요🥹🥹 저두 수건 케이크 먹어보고 싶어서 지지난주에 상하이 갔었는데 못 찾아서 못 먹구 그냥 돌아왔거든요😭 근데 제가 젤 조아하는 유튜버 언니께서!!!!!!! 제가 젤 먹어보고싶은 디저트를 오픈해즈시다니... 이거 돈쭐내주는거 어떻게 참지☺️ 이날을위해살아왓나.... 넘 기대돼요! 꼭 먹어보고시퍼요🥹🥹🥹💕💕💕💕💕💕 이사장언니 화이팅💕💕 수건케이크길만걷자🩷🎀,2025-01-20,sweetshop
3911,sweetshop_2025-01-17,z1eunee,두바이초코먹어보고싶어요ㅠㅠ,2025-01-19,sweetshop
3912,sweetshop_2025-01-17,get_a_seoyoon1125,초꼬누텔라!!!!! 평소 동생이랑 이사장님 영상보는데 볼때 동생이 먹고싶어하는데 못해줬는데 직접 보내주셨다하면 엄청 좋아할거같아요👏 초딩 남매둘은 눋텔라가 먹고싶습니다🤎,2025-01-18,sweetshop
3913,sweetshop_2025-01-17,joliecharmante_,저 주문 했어요>_< 완전 기대돼요 !!!! 완전❤️🤎,2025-01-20,sweetshop
3914,sweetshop_2025-01-17,_charvvveo,디저트에 엄청난 진심을 이사장님 대단하셔요ㅠㅠ ❤️❤️ 이렇게 좋은 이벤트 열어주셔서 정말 감사하고요 제가 진짜 초코를 정말정말정말 좋아합니다..! 초코누텔라.. 이름만들어도 벌써 🤤 맛이없을수가 없네요.. 꼬옥 먹고보고싶어요.!!!!!!,2025-01-18,sweetshop
3915,sweetshop_2025-01-17,hyesungeganatanatda,두바이초코수건케이크 저 맛보게 해주새요.,2025-01-18,sweetshop
3916,sweetshop_2025-01-17,yonghwan6103,너무 잘만들어서 먹기 아까울정도네요 ㅠㅠ 대박맛있겠어요 먹고싶어요 밥먹는데도 먹고싶은건 오랜만이야,2025-01-19,sweetshop
3917,sweetshop_2025-01-17,y_xin31,💜고구마케이크💜 너무 먹고싶어요🍠,2025-01-18,sweetshop
3918,sweetshop_2025-01-17,nmyeri,우왕 나 ! ㅠ💚,2025-01-20,sweetshop
3919,sweetshop_2025-01-17,yo.ch11,안녕하세요 저는 유행 하는 걸 한번도 먹어 본 적이 없었어 언니가 만들어 본 소건 케이크를 꼭 먹어 보고 십습니다 일반이 아니고 두바이 여서 더 궁금 하네요 한번도 안먹어 봐서 진짜 꼭 먹고 싶넹요❤️❤️,2025-01-18,sweetshop
3920,sweetshop_2025-01-17,hhj_921005,@suuuuj_ouo @cogi_dang 우리오!!!!유투브에서도 대기탔는데요???!?!?!?!??!?!!!!?!!!,2025-01-18,sweetshop
3921,sweetshop_2025-01-17,yezzxn,와… 두건켘…,2025-01-18,sweetshop
3922,sweetshop_2025-01-17,iznuec,쫀득흑임자 묵고싶어요,2025-01-17,sweetshop
3923,sweetshop_2025-01-17,yuminiiiii_,💚두바이초코💚 저요저요,2025-01-19,sweetshop
3924,sweetshop_2025-01-17,shim_dongm314,제 여자친구 정말 좋아하는 유튜브라고 꼭 한번 먹어보고싶다네요...!,2025-01-20,sweetshop
3925,sweetshop_2025-01-17,a_rin___e,@1.126_ 제친구가 죽기전에 꼭 먹어보고 싶대요 🥲🥲,2025-01-21,sweetshop
3926,sweetshop_2025-01-17,hayul1315_s,정말 수건 같은 쫀득 흑임자맛 먹고 싶어요!,2025-01-20,sweetshop
3927,sweetshop_2025-01-17,crystal._.22,두바이초코맛이요오오오오💚🤎,2025-01-19,sweetshop
3928,sweetshop_2025-01-17,hvrchv,저요ㅠㅠㅠㅠㅠㅠ,2025-01-21,sweetshop
3929,sweetshop_2025-01-17,moonstruck_what,저 진짜 친구들 사이에서 유명한 빵수닌데 언니가 단기유학까지 다녀오면서 만든 이번 수건케이크는 꼭꼭 먹어보고 시푸요,2025-01-18,sweetshop
3930,sweetshop_2025-01-17,hyerineb,이거 이벤트 끝난걸까요??!,2025-01-22,sweetshop
3931,sweetshop_2025-01-17,itsmeyejilee,@sxxngju_ 수건케이크 너무 먹고싶어요 제발 제발 저요 저요 제발 어떤 맛이든 이사장님 수건케이크 먹고싶어요 제발 저요 지방 저요 아무 맛이나 다 좋아요 그저 이사장님 수건케이크라면 제가 너무 먹고싶습니다 너무 먹고싶어요 제발 저요 제가 먹어볼게요 저요 저요🥹🥹,2025-01-17,sweetshop
3932,sweetshop_2025-01-17,sww__wk,고구마 수건 케이크 진짜 묵어보고 싶어요!! 전에 진짜 현지 망고 수건케이크를 먹었었는데 진짜 맛있어서 감동을 했는데 이사장님이 만든건 얼마나 더 맛있을지 감히… 정말 먹어보고 싶어요,2025-01-20,sweetshop
3933,sweetshop_2025-01-17,c.ersent_h,ㅈ저여 첫 수건케이크를 이사장님표로 영접하그 싶습니다🤎🤎,2025-01-20,sweetshop
3934,sweetshop_2025-01-17,jihyeoni_i,저요저요자요저요!!!!!!!!!!!!!!!!!!!!!!!!!!!!!!!!!,2025-01-18,sweetshop
3935,sweetshop_2025-01-17,moonju1219,와두바이 진짜먹어보고싶다ㅜㅜㅜㅜ 수건케이크 주먹만한거 오늘 편의점에서삿는데 이게 이맛이맞나? 싶을정도로 이상했는데 먹어보고싶습니다😍,2025-01-17,sweetshop
3936,sweetshop_2025-01-17,seoui_15,느무 먹어보고싶어서 댓 달아여..!! 진짜 제 동네 편의점을 돌아도 없드라구요ㅠㅠ 이사장님이 예쁘구 착하시구 그런 이사장님이 크림 듬뿍들어간 수건케이크를 먹는모습을 보며 침을 흘렸습니다 제발제발제발제발 두바이초콜릿 먹고싶지만 피스타치오맛을 별로안좋아해서 누텔라 수건케이크 먹고싶네요 제발제발제방제발 누텔라수건케이크요 제방제발 제발제발제발제빌제방요 진짜 언니 사랑해요 진짜요 제발요 사랑해요 이사장님 진짜예쁘고 착하고 큐티한 이사장님 제발요👏😢,2025-01-18,sweetshop
3937,sweetshop_2025-01-17,_jungs2_,"@siempre_a_52__ 나 너무 먹고싶어 이걱 !!!!!!!!!!🔥🔥🔥 #초코누텔라 완조니 내가 좋아하는 재질 ,,,",2025-01-18,sweetshop
3938,sweetshop_2025-01-17,hayul_1416,초코 누텔라 수건 케이크 먹고 싶어요🥹,2025-01-20,sweetshop
3939,sweetshop_2025-01-17,lucky_740314,고구마 수건케이크 너무너무 먹고 싶어요...❤️ 완전 먹음직스러워보여요!,2025-01-18,sweetshop
3940,sweetshop_2025-01-17,yusol_1315,두바이 초콜릿 맛 먹고 싶어요💚🤎,2025-01-20,sweetshop
3941,sweetshop_2025-01-17,like_ppang,🖤 할미입맛 대표주자로 넘 궁금해요🙌🙌🙌,2025-01-18,sweetshop
3942,sweetshop_2025-01-17,cmd._.official,두바이에 미친 자로서 이건 그냥 보고만 있을 순 없습니다! 게다가 수건케이크 오픈하는 날인 다음 주 월요일은 제 생일인데... 진짜로요.. 제 생일빵 안 됩니까ㅎㅎ 생일 두바이 수건케이크 진짜 너무 기대됩니다😍 제발 저에게 두바이 수건케이크 한 입 주시옵소서🤲,2025-01-18,sweetshop
3943,sweetshop_2025-01-17,imyszixn,다이어트 중이지만 정말 양심이 있으니 고구마맛이용ㅠㅠㅜㅜㅠ 하 진짜 맛있겠다,2025-01-17,sweetshop
3944,sweetshop_2025-01-17,mynnelody,저요 저요 제발 저요 제가 아니면 안돼요 제발 저요 오직 수건케이크를 위해서 지금까지 살아왔어요 제발 제가 된다면 죽어도 여한이 없어요 제발 저요요 저요 저요 제발 요 저는 저요밖 에 모르는 저요에요 저요 제발 저요 제가 된다면 이 순간을 캡쳐해 대대손손 물려줄거에요 이정도 정성이면 하늘도 알 아 주시겠죠 제발...저요.. 저요 저요 제발 저요 이것은 운명 의 데스티니 영혼의 소울 불꽃의 파이어 물의 워터 신의 갓이 오직 제가 되기 위해 존재하는 이유이기 때문이에요 그니까 저요 그래도 저요 하지만 요 언제나 저요요요 제발~ 저요 저요 저요 너요 쟤요 말고 오직 저요 저는 저에요 다들 비켜 주세요 제가 이렇게 간절한데 그 누가 저를 이길 수 있겠 어요 당장 제가 아니면 아이스크림 흘린 6살 여자아이처럼 울어버릴것만 같아요 그니까 제발 저요.....저요 저요 제발 저 요 제가 아니면 안돼요 제발 저요 오직 이 날을 위해서 지금까 지 살아왔어요 제발 제가 된다면 죽어도 여한이 없어요 제발 저요요 저요 저요 제발 요 저는 저요밖에 모르는 저요에요 저요 제발 저요 제가 된다면 이 순간을 캡쳐해 대대손손 물 려줄거에요 이정도 정성이면 하늘도 알아 주시겠죠 제발... 저 요.. 저요 저요 제발 저요 이것은 운명의 데스티니 영혼의 소 울 불꽃의 파이어 물의 워터 신의 갓이 오직 제가 되기 위해 존재하는 이유이기 때문이에요 그니까 저요 그래도 저요 하 지만 저요 언제나 저요요요 제발~ 저요 저요 저요 너요 쟤요 말고 오직 저요 저는 저에요 다들 비켜 주세요 제가 이렇 게 간절한데 그 누가 저를 이길 수 있겠어요 당장 제가 아니 면 수건케이크 흘린 6살 여자아이처럼 울어버릴것만 같아요 그니까 제발 저요....,2025-01-20,sweetshop
3945,sweetshop_2025-01-17,nnymelody,헐 이사장 언니가 내는 수건케이크라니…완전 믿먹 아니냐며…///❤️ 저도 수건케이크 먹고싶어서 상하이까지 갔는데 아쉽게 못 먹고 왔거든요ㅜㅜ 너무너무 기대돼요!!! 평소에도 넘 좋아하던 이사장님~~~~ 이번에도 열심히 연구하시고 맛있는 음식 만드시는 모습 정말정말 멋있고 항상 응원해요💗💗,2025-01-20,sweetshop
3946,sweetshop_2025-01-17,summerflows0.03,두바이초코 소리 미쳤다~~ 다른 맛도 다 너무 맛있을거같잖아요!!😍😍😍 이사장님이 만든 건 다 맛있을 거 같아서 영상만 봐도 침이 고이네요.. 제가 중국에서 수건케이크를 못 먹고 돌아온 건 이사장님 수건케이크를 먹으라는 계시인 것일까용😍😍 넘 맛있어보여요!!!!!!!!!! 이사장님 짱,2025-01-20,sweetshop
3947,sweetshop_2025-01-17,lcveourvibe,저도 상하이에 수건케이크 먹으러 갓럿는데 어딧는지 못찾아서 못먹구 돌아왓거든요.... 이사장님네 수건케이크 먹으라는 신의 계시인가🥹🥹🥹 너무너무 먹어보고시퍼요...,2025-01-18,sweetshop
3948,sweetshop_2025-01-17,okukukuku1227,저는 두바이수건케이크랑 초코누텔라수건케이크가 먹고 싶읍니다,2025-01-20,sweetshop
3949,sweetshop_2025-01-17,okukukuku1227,저 먹고 싶어요,2025-01-20,sweetshop
3950,sweetshop_2025-01-17,xae_gun430,"와 나 이거 제발요 정말 내가 먹어야만해요 이사장님의 신의 손길 곁들여진 수건케이크 내꺼야 제발저요 제발저요 제가 먹으면 후대까지 내내 이상한과자가게 시청할게요 가문의 영광굴비로 남겨놓을게요 제발저요 너무 기대돼요,,",2025-01-19,sweetshop
3951,sweetshop_2025-01-17,jeongyejin901,아 그리고 전 초코누텔라요!!,2025-01-19,sweetshop
3952,sweetshop_2025-01-17,jeongyejin901,안녕하세요!!저 수건케이크만보고싶은데 가능한가요?? (사실전 유튜브구독자),2025-01-19,sweetshop
3953,sweetshop_2025-01-17,park_yj07,두바이초코 먹어보고 싶어용..두바이 초콜릿도 안먹어본 사람으로서 매우 궁금하네여..심지어 이사장님표 두바이초코 수건케이크라고 하니 더 먹어보고 싶잖아여..ㅜㅜ...,2025-01-20,sweetshop
3954,sweetshop_2025-01-17,royool_07,"두바이 초코 맛있겠네요..ㅜㅜ, 이사장님표 수건케이크라니...😢🤎",2025-01-20,sweetshop
3955,sweetshop_2025-01-17,jinhyy,이사장님 디저트는 뚝딱뚝딱인데 퀄리티가 최상🤎저도 수건케이크 먹고싶은데 파는곳없어서 만들어먹었어요 😢 이사장님표 케이크 너무 궁금합니당🔥,2025-01-18,sweetshop
3956,sweetshop_2025-01-17,rhsilq,두바이초코 먹고싶어요!!🥹 이사장님과 이웃집 통통이 조합이라니..말모💚🤎,2025-01-19,sweetshop
3957,sweetshop_2025-01-17,tjdrb0913,꺅🔥 이사장님표 디저트 넘나리 기다렸잖아요 월요일에 꼭 산다!!!!!👻,2025-01-17,sweetshop
3958,sweetshop_2025-01-17,duuduuzi,이사장님 진짜 저요저요저요저요저요🥹🥹 몇년전에 asmr 유튜버분이 먹는거보고 찾아헤맸는데 우리나라에서 안팔아서 못 먹어봣다는.. 근데 이사장님이 이걸 만들어서 팔아?! 흑흑 진짜 어떤 맛잇든 너무 먹어보고 싶어요 사랑합니다 대이사장님🥹🥹🫡🫡,2025-01-19,sweetshop
3959,sweetshop_2025-01-17,donxhssy,언니 진짜 노력많이 하고 항상 열심히 해주는것같 아서 너무 멋있다...🥹,2025-01-18,sweetshop
3960,sweetshop_2025-01-17,see_far_zz,저 진짜 너무 먹어보고 싶어요😢😢😢🥹🥹🥹,2025-01-18,sweetshop
3961,sweetshop_2025-01-17,2silber0,🤎💚🤎💚🤎두바이초코 수건케이크 머고시퍼용 이사장님💚🤎💚🤎💚🤎,2025-01-18,sweetshop
3962,sweetshop_2025-01-17,epdlw1__,전 초코 누텔라요🤎🤎평소에 릴스나 숏츠보면 너무너무 먹고싶었는데 딱!!이렇게 이벤트 열어주셔서 바로 신청해ㅛㅅ어요 주변에 파는곳도 없고 손재주도 없어서 못만들어먹어서 ㅠㅠ 함 먹어보고싶네여!!,2025-01-18,sweetshop
3963,sweetshop_2025-01-17,youngrong09,저희 초딩딸의 최애 이사장님이 만드신 두바이수건케이크 저희 딸 좀 맛 보게 해주옵소서🙌~~이사장님 영상만 보고 또보는 저희 초딩에게 서프라이즈 해줄 기회 주심 감사하겠습니다❤️,2025-01-18,sweetshop
3964,sweetshop_2025-01-17,caeunze,오앙 두바이초콜릿 수건케이크 먹어보고 싶어요💚🤎 omg 영상만 봐도 침고여요,2025-01-18,sweetshop
3965,sweetshop_2025-01-17,seoeunnni,초코누텔라 너무 먹고시퍼여...🤎 수건케이크 너무너무너무 먹어보고 싶었거등요... 😢 수건케이크 먹고 싶다고 친구들한테 맨날 말하고 다니거등요..ㅠㅠ 주변에 수건케이크를 파는 곳이 없는 저에게 하나만 보내주시면 넘무너무너무 감사하겠습미다🫰 사랑합니당 ㅎㅎ🤎,2025-01-19,sweetshop
3966,sweetshop_2025-01-17,nakyeongv,@juhy._ 저요저요🤎 초코누텔라 기대됩니다 😍😍😍😍😍😍,2025-01-18,sweetshop
3967,sweetshop_2025-01-17,zlo._41,초코누텔라... 너무 맛있을 것 같아요!!!🤎 제가 초코 엄청 조아하거등요... 맨날 초코만 외치고 다니는데!! 이렇게 이사장님께서 초코누텔라를 준비해주시다니!! 너무 감사드립니당 ... 🤎 수건케이크 너무 너무 먹어보고싶어요! 주변에 파는 곳이 없어서 너무 슬펐는데😢 저를 뽑아주시면 정말 감사히 열심히 케이크 움냠냠 할 수 있어요!!!ㅠㅠㅠ 감사합니다🤎,2025-01-19,sweetshop
3968,sweetshop_2025-01-17,eunzznue,저는 고친자에요 고구마에 미친자 고구마맛이 너무너무 먹고싶어요 제발 절 뽑아주세요🍠🕺💃ㅠㅜ,2025-01-19,sweetshop
3969,sweetshop_2025-01-17,uyo.vc,두바이초코여ㅜㅜ제과제빵을 진로로 잡고 열심히 배우고 있는데ㅜㅜ꼭 한번 먹어보고 싶어용❤️❤️,2025-01-17,sweetshop
3970,sweetshop_2025-01-17,jinye16,진짜 처음 먹는 수건케이크는,2025-01-19,sweetshop
3971,sweetshop_2025-01-17,secondseongmin,저요!!!! 저 저번부터 수건케이크 진짜진짜 먹고 싶엇는데 이사장님의 실력에다가 중국까지 갓다 오ㅕ셔서 만드신거면 진짜!!! 더 먹고 싶어졋어요ㅠㅠ😍😍 넘 맛있어 보여욤 저는 두사녀!(두바이사랑녀)이기때뭉에 두바이가 먹고 싶숩니다🔥🔥🔥,2025-01-17,sweetshop
3972,sweetshop_2025-01-17,hanna1025_,"저는 초코, 두바이 초콜릿",2025-01-19,sweetshop
3973,sweetshop_2025-01-17,dargwa6,할미입맛은... 흑임자나 고구마 젤 기대돼요....🫶 하 근데 초코도 맛있을거같은데 어떻게 골라!!!!!,2025-01-18,sweetshop
3974,sweetshop_2025-01-17,choire._,두바이초코수건케이크 먹고싶어요!!!,2025-01-19,sweetshop
3975,sweetshop_2025-01-17,gee._.mini,두바이초콜릿 맛 ㅜㅜㅜ 유학물든 수건케이크 진짜 먹어보고시퍼요,2025-01-17,sweetshop
3976,sweetshop_2025-01-17,baek____j,헬스하는중에도 먹고싶게하는 두바이초콜릿 맛.. 근손실나도 상관없으니까 맛보게해주시옵소서!,2025-01-19,sweetshop
3977,sweetshop_2025-01-17,sea._ram,중국까지날라가셔서레시피를만드신정성이담긴이사장님의케이크를제가감히먹어도될까요🙌🙌🙌🙌🙌,2025-01-18,sweetshop
3978,sweetshop_2025-01-17,dkxekgml,두바이초코💚🤎❤️,2025-01-19,sweetshop
3979,sweetshop_2025-01-17,jihye_mychu,드디어 나온건가요 ㅠㅠ 우와 대박이다...ㅠㅠ 얼릉 먹고파요,2025-01-19,sweetshop
3980,sweetshop_2025-01-17,yer_in_orbit,수건케이크 저요 저요 제발 저요 제가 아니면 안돼요 제발 저요 오직 이 날을 위해서 지금까지 살아왔어요 제발 제가 된다면 죽어도 여한이 없어요 제발 저요저요 저요 저요 제발 요 저는 저요밖에 모르는 저요에요 저요저 제발 저요 제가 된다면 수건케이크 먹는 순간순간을 캡쳐해 대대손손 물려줄거에요 이정도 정성이면 하늘도 알아 주시겠죠 제발...저요.. 저요 저요 제발 저요 이것은 운명의 데스티니 영혼의 소울 이사장님의 수건케이크는 제가 존재하는 이유이기 때문이에요 그니까 저요 그래도 저요 하지만 저요 언제나 저요저요저요 제발~ 저요 저요 저요 너요 쟤요 말고 오직 저요 저는 저에요 다들 비켜 주세요 제가 이렇게 간절한데 그 누가 저를 이길 수 있겠어요 당장 제가 아니면 수건케이크 흘린 6살 여자아이처럼 울어버릴것만 같아요 그니까 제발 저요.....,2025-01-17,sweetshop
3981,sweetshop_2025-01-17,rcujil,두바이초코맛이요ㅠㅠㅠㅠㅠㅠㅠㅠㅠ🫰🏻🫰🏻🫰🏻🫰🏻🤯🤯🤯🤯🤍🤍🤍🤍❤️❤️❤️❤️홀리크랩너무맛있어보여요🥹🥹🥹🙏🏻🙏🏻🙏🏻🙏🏻🤍🤍🤍,2025-01-19,sweetshop
3982,sweetshop_2025-01-17,soomile_k,너무너무 먹어보고 싶어요ㅠㅠㅠㅠㅠ!!! 지방러라 주변에 수건 케이크 파는 집이 딱히 없어서 너무 슬펐는데.... 이사장님이 만드신거면 믿고 먹어 보고 싶어요🙇🏻‍♀️🤍,2025-01-19,sweetshop
3983,sweetshop_2025-01-17,noel.x.__gallary,이제 수건만 봐도 침흘리는 몸이 되... 초코 누텔라 제발ㅠㅠ,2025-01-19,sweetshop
3984,sweetshop_2025-01-17,a.miyeong,미쳣다 구하고싶었는데 이디야랑 편의점은 오리지널맛 안날거같은데 와 와 👏👏기대된다 ㅠㅠㅠㅠㅠㅠ이상한나라과다 정말 죠아🙌,2025-01-19,sweetshop
3985,sweetshop_2025-01-17,dul2ii,두바이초코 너무 먹어보고싶어욮퓨ㅠㅠㅍㅍ💚💚💚💚💚,2025-01-19,sweetshop
3986,sweetshop_2025-01-17,koiko.__,저 배고파요!!!!! ㅎㅎㅎㅎ 맛있어보여요 ㅎㅎㅎㅎ 산골짜기에서 살아서 먹어본적이 없어요,2025-01-19,sweetshop
3987,sweetshop_2025-01-17,hayeon.pot,와.. 할미입맛인 저는 쫀득흑임자 원츄입니다🖤🩶🤍🩶🖤 중국유학까지 다녀오시다니 그 정성이 전해지는 느낌이에요. 멋지고 예쁘셔요❤️❤️,2025-01-19,sweetshop
3988,sweetshop_2025-01-17,adorable_daz,저도 먹고싶어요🤎,2025-01-19,sweetshop
3989,sweetshop_2025-01-17,gavi_olet,두바이 초코💚🍫!!! 정말 먹어보고시퍼용 🥺🥰 항상 유튜브 잘 보고있어요..! 언제나 응원합니다!!!,2025-01-19,sweetshop
3990,sweetshop_2025-01-17,song___i_,두바이수건켘 먹어보고싶너요,2025-01-19,sweetshop
3991,sweetshop_2025-01-17,_kyeoong__,언니 너무 맛있을거같아요ㅠㅠㅠ 대박이다ㅜㅜㅜ 꼭 사먹을게요!!,2025-01-19,sweetshop
3992,sweetshop_2025-01-15,thewindbl.ws,헐 언제에요?!?!? 제발 팝업 말고 배송으로 해주세요🙏🏻🙏🏻🙏🏻🙏🏻🙏🏻 꼭 먹고싶은데 못가면 넘 속상하자나여ㅠㅠㅠㅠㅠㅠㅠㅠㅠ 제발 배송 ㅠㅠ,2025-01-15,sweetshop
3993,sweetshop_2025-01-15,laavenue_official_,으아아아악 너무 기대돼요...!!!! 수건 케이크 개발 중이었는데 찐 현지 맛은 어땠을까요?? 🥹,2025-01-16,sweetshop
3994,sweetshop_2025-01-15,nyungpole,어니 미쳤다.. 저요저요저요저요❤️❤️,2025-01-15,sweetshop
3995,sweetshop_2025-01-15,beloved.soso,멋있어요 :),2025-01-15,sweetshop
3996,sweetshop_2025-01-15,seo2_love,와 대박 기대됩니다 🙌!!!!!!!먹어보고싶어요 🙌🙌🙌🙌,2025-01-15,sweetshop
3997,sweetshop_2025-01-15,tnejds79,오~ 기대되요😍❤️,2025-01-15,sweetshop
3998,sweetshop_2025-01-15,hoho12369,저요!!!!!!!😍😍😍😍,2025-01-15,sweetshop
3999,sweetshop_2025-01-15,youfound_cathy67,❤️ 헐... 대단해용 언니 ❤️,2025-01-18,sweetshop
4000,sweetshop_2025-01-15,xvcyuuuk,저요.. 이사장님 채널보다가 진짜 수건케이크 너무너무 먹어보고싶어졌는데 안사먹고 기다리는중.. (저 원래는 수건케이크 관심도 없었는뎈ㅋㅋㅋ오로지 이사장님때메 생겼어요 너무 맛있게 드셔..),2025-01-15,sweetshop
4001,sweetshop_2025-01-15,jjiwoo.pyo.jj,와...진짜 엄청엄청엄청 먹고 싶어요..!!근데 언제 어디일지를 몰러ㅠ하지만 나는 먹고 싶기 때문에 어디라도 달려갈것이에요..!,2025-01-16,sweetshop
4002,sweetshop_2025-01-15,yeseul0410,언니 일하는 모습 너무 대단하고 멋있어요❤️,2025-01-16,sweetshop
4003,sweetshop_2025-01-15,qqo0524,저요~~~~손손손 일등으로 먹어보고싶어요~~,2025-01-15,sweetshop
4004,sweetshop_2025-01-15,parkjiooooo,제발요ㅛ😍😍 저요저요😍😍,2025-01-15,sweetshop
4005,sweetshop_2025-01-15,burger2490,우리애들요 원해요,2025-01-15,sweetshop
4006,sweetshop_2025-01-15,park.hyojin0616,와 맛있겠다..ㅠㅜ,2025-01-15,sweetshop
4007,sweetshop_2025-01-15,yellpod,수건케이크라니 ❤️❤️❤️❤️ 저요저요😍😍😍,2025-01-15,sweetshop
4008,sweetshop_2025-01-15,haetn1m,간만에 인스타들어왔더니 이런 꿀소식이!!!!!!!!!!!!진짜 언니 디저트 직접 먹어보고싶었다구요ㅠㅠㅠㅠㅠㅠㅠ,2025-01-15,sweetshop
4009,sweetshop_2025-01-15,dailyoung,@dailyhaeri 드렁큰베이커랑 홀리랜드얌,2025-01-17,sweetshop
4010,sweetshop_2025-01-15,ava_yusin,@iakim7215 돈마니벌어나 홍콩가쟈,2025-01-17,sweetshop
4011,sweetshop_2025-01-15,jyp0322,기대되요😆❤️,2025-01-15,sweetshop
4012,sweetshop_2025-01-15,happyemyyy,왜 진심이야 설레게....🙌,2025-01-15,sweetshop
4013,sweetshop_2025-01-15,92_mingddo,기대되용ㅎ!!!!😍😍,2025-01-15,sweetshop
4014,sweetshop_2025-01-15,love_light_s2,듀근🥹,2025-01-15,sweetshop
4015,sweetshop_2025-01-15,chamiseul_redlid,저요 🙋‍♀️ 🙋‍♂️,2025-01-15,sweetshop
4016,sweetshop_2025-01-15,dkssudo_odkssid,언니 진짜 제발 동물성 크림으로 해주세요 달려가서 살테니까!!!!!!!,2025-01-15,sweetshop
4017,sweetshop_2025-01-15,lovelyluna_91_,기대돼요 먹고파,2025-01-15,sweetshop
4018,sweetshop_2025-01-15,_mmlleook_,진짜 이건 제2의 짜장면 탄생의 순간일거라구,2025-01-15,sweetshop
4019,sweetshop_2025-01-15,free741215,😍😍😍😍 저 기대만발이요~!!!,2025-01-15,sweetshop
4020,sweetshop_2025-01-15,haxx._.014,저요요요ㅛㅇ 바로 먹을 껍니닷😍😍😍,2025-01-15,sweetshop
4021,sweetshop_2025-01-15,rimi._.saving,👏👏👏너무 기다려집니다. 진짜 수건케익 먹고싶은 1인 지방이라 진짜 먹고싶은 비쥬얼의 수건케익 안파라요. 어느 커피집 판다던데 수건케익 맛을 모르니 그게 맛난건지 😂,2025-01-15,sweetshop
4022,sweetshop_2025-01-15,___hovely0.0,"댕멋있어여,,👍🏻🎂",2025-01-15,sweetshop
4023,sweetshop_2025-01-15,eunyoung2468,택배택배 👏👏기대합니다😂😂,2025-01-15,sweetshop
4024,sweetshop_2025-01-15,sunjung3636,와우👍👍👍👍👍👍👍👍,2025-01-15,sweetshop
4025,sweetshop_2025-01-15,better.day_young,와아앙 수건케이크라니용ㅠㅠ🔥🔥저 너무 너무 먹고 싶어요🥺!!,2025-01-15,sweetshop
4026,sweetshop_2025-01-15,79dbswn,저요! 넘 궁금해요♡,2025-01-15,sweetshop
4027,sweetshop_2025-01-15,jongriml,택배!!!!! 요!!!!!!,2025-01-15,sweetshop
4028,sweetshop_2025-01-15,minbyeol_love,꼭꼭 배송판매 해주세요ㅜㅜ 지방 촌련은 팝업 그딴거 모릅니다 ㅜ 그래서 웁니다😂,2025-01-15,sweetshop
4029,sweetshop_2025-01-15,jungeunro,저욧!!!,2025-01-15,sweetshop
4030,sweetshop_2025-01-15,bbangdrea,우오ㅏ!!!!❤️,2025-01-15,sweetshop
4031,sweetshop_2025-01-15,jeonghee1057,"완전...완전.,초대박 기대됩니다.👏👏👏",2025-01-15,sweetshop
4032,sweetshop_2025-01-15,jwjwjwoooooooo,풀영상 ㅏㅏㅏㅏㅏㅏㅏㅏㅏ!!!!!!!!!!!,2025-01-15,sweetshop
4033,sweetshop_2025-01-15,jooharoo_travel,무조건 먹어봐야죠!!!😍,2025-01-15,sweetshop
4034,sweetshop_2025-01-15,grace__heo,@empty170 ㅋㅋㅋㅋ이사장님 머시쒘ㅋㅋㅋ 수건케이크 늦지 않았다,2025-01-16,sweetshop
4035,sweetshop_2025-01-15,hyeonju8609,배송으로 부탁드려효~~ㅠㅠ,2025-01-16,sweetshop
4036,sweetshop_2025-01-15,jisuu0615,무조건....먹는다.....요......무조건이디요....,2025-01-16,sweetshop
4037,sweetshop_2025-01-15,yun_blossom_,헐 미쳤다 🙏제발 🙌저요 😍,2025-01-16,sweetshop
4038,sweetshop_2025-01-15,hyemi0904,저요!,2025-01-16,sweetshop
4039,sweetshop_2025-01-15,soohyun0406,"이모, 나 이모가 만든 수건케이크 보내주세요",2025-01-16,sweetshop
4040,sweetshop_2025-01-15,justine_luv,와 대박대박ㅜㅜ 2년전부터 중국 먹방보여 저 수건케이크를 먹고싶던 1인🙋‍♀️🙋‍♀️🙋‍♀️🙋‍♀️ 제발 제발 제작만 하지말고 허뤼허뤼 출시 허뤼!!무조건 믿고삽니다🙋‍♀️🙋‍♀️🙋‍♀️🙋‍♀️🙋‍♀️,2025-01-16,sweetshop
4041,sweetshop_2025-01-15,arem_141822,진쨔 저희집 아가도 수건케이크 수건케이크 노래를하는데 무슨맛인지도 모르는데 직접만들어서 먹는건 의미가없고ㅠㅠㅠㅠ 진짜 살수만있다면 어떻게든구해 먹여보고싶네요ㅠㅠ (저도 초초초지방 섬에삽니다ㅠㅠㅠ흑),2025-01-16,sweetshop
4042,sweetshop_2025-01-15,jin_ju0619,꼭 먹어볼테얏🔥🔥🔥🔥🔥 어서어서~~오픈오픈!!!,2025-01-16,sweetshop
4043,sweetshop_2025-01-15,joo_rrdy,현지맛 궁금해요 ㅠㅠ 망고맛도 맹드러주세요 🧡🧡🧡,2025-01-16,sweetshop
4044,sweetshop_2025-01-15,ms_yj1519,기대되요ㅠㅠㅜ 아이가 먹고 싶다했는데 택배도 해주세요😂😂😂,2025-01-16,sweetshop
4045,sweetshop_2025-01-15,cat_sle_0,"헉 수건케이크 같다는 너낌이 있었는데 역시...! 사실 제가 수건케이크를 종류별로 한국에서 먹어봤는데 생각보다 다 만족하지 못해서 맛잘알 이사장님의 수건케이크가 기대됩니당,,,",2025-01-16,sweetshop
4046,sweetshop_2025-01-15,hanseoyeon0106,맛있겠다 (군참이 싹 도네),2025-01-16,sweetshop
4047,sweetshop_2025-01-15,sohyeon_1109,제발 배송으로 해주세요🥹🔥🔥🔥,2025-01-16,sweetshop
4048,sweetshop_2025-01-15,aileeu_n,과자가게를 진짜 열었어......,2025-01-16,sweetshop
4049,sweetshop_2025-01-15,yoongenemoon,저요 저요,2025-01-16,sweetshop
4050,sweetshop_2025-01-15,yoongenemoon,판매링크 꼭 올려쥬셍ㅎ,2025-01-16,sweetshop
4051,sweetshop_2025-01-15,kim_mj82,택배가능이라니❤️,2025-01-16,sweetshop
4052,sweetshop_2025-01-15,ertbp,"헐택배가능,,❤️살앙해욧",2025-01-16,sweetshop
4053,sweetshop_2025-01-15,tofhaltofhal,저 8월에 한국가는데 가자마자 배달시킬래요!! 꼭 8월까지도 마니마니 오래 팔아주세요~!!,2025-01-16,sweetshop
4054,sweetshop_2025-01-15,happpyhyun0l,저요!!!!!!!!🙌🙌,2025-01-16,sweetshop
4055,sweetshop_2025-01-15,mikalee16,언니대박이에요 저도 먹어보고싶어요 팔로우 누르고 갈께요,2025-01-16,sweetshop
4056,sweetshop_2025-01-15,heydd_43,저요!!!!,2025-01-16,sweetshop
4057,sweetshop_2025-01-15,kj_woo0o8,"왁,,, 완전 기대되요오🔥🔥🙏🏻🙏🏻🙏🏻",2025-01-16,sweetshop
4058,sweetshop_2025-01-15,soonhappyhappy,수건 케이크 넘 궁금!!,2025-01-16,sweetshop
4059,sweetshop_2025-01-15,nd_nara,궁금하네요~~아이들도 좋아할 디저트일듯해요. 배송되면 너무 좋을꺼같아요👏👏👏,2025-01-16,sweetshop
4060,sweetshop_2025-01-15,tpskdi28,"저,..살포시손들어봐용...",2025-01-16,sweetshop
4061,sweetshop_2025-01-15,rina2021216,와우~~~감동~~~완전 기대중~~~설렘폭발이요~~~,2025-01-16,sweetshop
4062,sweetshop_2025-01-15,geum.eunji,헐....기다리고있어여!!!!!!!!!,2025-01-16,sweetshop
4063,sweetshop_2025-01-15,dal_domisa51,기다립니다❤️,2025-01-16,sweetshop
4064,sweetshop_2025-01-15,somakase_,와 이건 진짜 기대됩니다🤩,2025-01-16,sweetshop
4065,sweetshop_2025-01-15,quvu9031,저거 CU에 신상으로 들어왔데요,2025-01-16,sweetshop
4066,sweetshop_2025-01-15,youuuung_o,@jaehyeog925 기대되요ㅜㅜㅜㅜㅜ,2025-01-17,sweetshop
4067,sweetshop_2025-01-15,roadautumn,저칼로리 수건케이크도 나오나요!!!!!!!,2025-01-17,sweetshop
4068,sweetshop_2025-01-15,kjujin_85,와우 기대중이요!!❤️❤️❤️,2025-01-17,sweetshop
4069,sweetshop_2025-01-15,stella_j94,이사장님 디저트 너무너무 먹고싶었는데 😍 수건케이크 왕기대중입니다!!!! ❤️❤️❤️,2025-01-17,sweetshop
4070,sweetshop_2025-01-15,0._.cosy,"호고거걱 ,, 저 진짜 꼭 먹을래요 ㅠㅠ 엄청 기대됩니다 ㅜㅜ",2025-01-17,sweetshop
4071,sweetshop_2025-01-15,yeonmi101,저요저요 😭😭 ‼️‼️ 저 수건케이크랑 그 꾸덕꾸덕한 초코 ‼️‼️ 너무너무 먹고싶었어요 🥹🥹 알아봤었는데 배송이 안된다고해서 포기했어요 😭😭,2025-01-17,sweetshop
4072,sweetshop_2025-01-15,a_lovable_smile,저요❤️❤️,2025-01-17,sweetshop
4073,sweetshop_2025-01-15,helena_nari,수건케이크 별관심없었는데 택배배송가능하면 주문할래요^^ 기다릴께요😍,2025-01-17,sweetshop
4074,sweetshop_2025-01-15,_jeong84,우리딸이 좋아하겠어요 먹고싶어했는데 👏👏👏,2025-01-17,sweetshop
4075,sweetshop_2025-01-15,mintoria_chamchimama,느나나나나ㅏㄴ나🙌🙌🔥,2025-01-17,sweetshop
4076,sweetshop_2025-01-15,jhloveej,구매각만 기다리고이씀닷❤️,2025-01-17,sweetshop
4077,sweetshop_2025-01-15,joy___sy,꼬옥 제주까지 배송되었으면..😂,2025-01-17,sweetshop
4078,sweetshop_2025-01-15,2hyun_fe,와우~ 기대됩니다😍😍,2025-01-17,sweetshop
4079,sweetshop_2025-01-15,applia100,저요~~~꼭 먹고싶어요 🔥🔥🔥,2025-01-18,sweetshop
4080,sweetshop_2025-01-15,dj_melonfarmer,그것보다 너무 이뻐용🔥,2025-01-18,sweetshop
4081,sweetshop_2025-01-15,yujin2._.2,@won0.song 나오면 무조건 먹어야해,2025-01-18,sweetshop
4082,sweetshop_2025-01-15,from_davely,대박!!!! 먹어보고싶어요!!!,2025-01-18,sweetshop
4083,sweetshop_2025-01-15,s_uuunyy,이사장님!!! 그냥 생크림 수건케이크는 없나요옹???,2025-01-18,sweetshop
4084,sweetshop_2025-01-15,nikoniko_rakko,언니? 언니가 만든 수건케이크라는 말에 콩코드 여객기처럼 날아왓어😍 언니가 만든 디저트 먹어보는게 소원이었는데 꺄 나 너무 신나 마치 브루마블 황금열쇠만 7번걸린느낌,2025-01-18,sweetshop
4085,sweetshop_2025-01-14,h_m.x10,이사장님 진짜 진심이세요..오직 그 중국간식 리뷰를 위해 진짜 중국에 다녀오시다니..대단해요👍👍👍👍,2025-01-14,sweetshop
4086,sweetshop_2025-01-14,yumi8509,ㅜㅜ디저트 먹으러 상해 가고싶네요~~,2025-01-14,sweetshop
4087,sweetshop_2025-01-14,ppijung22,아무리봐도봐도 나는솔로에 나오신 17기옥순님 닮으셨어요 이쁘세요😍,2025-01-14,sweetshop
4088,sweetshop_2025-01-14,yunseo7021,이사장님 혹시 마라탕에 면다추가하고드셔주실수있으신가요??,2025-01-14,sweetshop
4089,sweetshop_2025-01-14,yeseul0410,간식을 위해 중국까지 다녀오시다니 대단하세요❤️👏👏,2025-01-14,sweetshop
4090,sweetshop_2025-01-14,2hyun_fe,이사장누나 멋져요~,2025-01-17,sweetshop
4091,sweetshop_2025-01-14,_dayun.k_,마싯겟다 .. 구할수가업네요 ..,2025-01-14,sweetshop
4092,sweetshop_2025-01-14,xvcyuuuk,이건 진짜 진심인 사람만 할수있는거다... 편도 두시간 거리까지는 도전해봤어욬ㅌㅌㅋㅋㅋ,2025-01-14,sweetshop
4093,sweetshop_2025-01-14,mukorang,푸딩 저거 존맛이라는데ㅜ,2025-01-14,sweetshop
4094,sweetshop_2025-01-14,jo_son.a,부럽다ㅏ~😍,2025-01-15,sweetshop
4095,sweetshop_2025-01-14,dan.0.gan,"마트 4군데 돌기,,",2025-01-14,sweetshop
4096,sweetshop_2025-01-14,5_xng13,디엠 한번만 확인해주세용…..😢,2025-01-15,sweetshop
4097,sweetshop_2025-01-14,e.uns0o,저 어제인가? 엊그제인가? 그때 이사장님 용암케이크 라이브하는거 봤어요!,2025-01-14,sweetshop
4098,sweetshop_2025-01-14,mmobb373,대박 중국가는 뱅기에서 보고 긴가민가햇는데 진짜 이사장님이엿다,2025-01-15,sweetshop
4099,sweetshop_2025-01-14,lovelyluna_91_,수건케이크 궁금..,2025-01-14,sweetshop
4100,sweetshop_2025-01-14,nzeivk,샛노란색 수건케이크 맛 궁금했는데 그건 없네영..,2025-01-14,sweetshop
4101,sweetshop_2025-01-14,tlagid1401,쪽지하고시퍼여,2025-01-15,sweetshop
4102,sweetshop_2025-01-11,wndjns_0203,1줄에 1330칼로리…,2025-01-11,sweetshop
4103,sweetshop_2025-01-11,dkxekgml,저 자세로 촬영할 땐 허리 조심해요😢😍,2025-01-11,sweetshop
4104,sweetshop_2025-01-11,rachelgsr,두번째는 페퍼민트 브라우니인거같네요 ㅋㅋ 위에 뿌린게 페퍼민트 사탕 가루,2025-01-12,sweetshop
4105,sweetshop_2025-01-11,mi._jni062,아니..ㅋㅋ 바지는 잠옷바지네ㅋㅋ,2025-01-19,sweetshop
4106,sweetshop_2025-01-11,mamamama_ameo,언니 먹었으니 만들어 볼까?,2025-06-01,sweetshop
4107,sweetshop_2025-01-11,stay__min,맛있겠당❤️❤️,2025-01-11,sweetshop
4108,sweetshop_2025-01-11,baggeumhui26,ㅋㅋㅋ기여워..증말!,2025-01-11,sweetshop
4109,sweetshop_2025-01-11,jangirum3,언니 오늘따라 더 이쁘다..❤️,2025-01-13,sweetshop
4110,sweetshop_2025-01-11,lucas_smile_lee1007,미국에서  주재원근무하면서 먹어봤는데. 아쉽게도 한국 서브웨이에는 ㅠ ㅠ,2025-01-11,sweetshop
4111,sweetshop_2025-01-11,dadadam6514,침 주르르르르ㅡ르ㄹ륵르ㅡㅡ그르ㅡㄱㄱㄱ르으😮,2025-01-12,sweetshop
4112,sweetshop_2025-01-11,5_xng13,디엠한번만 확인해 주세용 ㅠㅠㅠ,2025-01-15,sweetshop
4113,sweetshop_2025-01-11,haxx._.014,3빠ㅏㅏ,2025-01-11,sweetshop
4114,sweetshop_2025-01-11,jeongyeonsu468,맛있으면 0칼로리,2025-01-11,sweetshop
4115,sweetshop_2025-01-11,bitnara.k,@jamiesyoga 언니 나 이거 먹고싶어 ㅋㅋㅋ 올때 사다줘,2025-01-11,sweetshop
4116,sweetshop_2025-01-11,lingochanaisiteru,@huiw_hi 일본출시기원👏,2025-01-25,sweetshop
4117,sweetshop_2025-01-11,park.hyojin0616,저거 우유에 말먹하면 존맛일듯,2025-01-15,sweetshop
4118,sweetshop_2025-01-11,zu._u.x13,일찍 왔다ㅏ,2025-01-11,sweetshop
4119,sweetshop_2025-01-11,_mmlleook_,아니 엎드리고 촬영하고 있었을 줄은 상상도 못했...,2025-01-11,sweetshop
4120,sweetshop_2025-01-11,d._.hugging,두줄에 치킨 한마리??😮,2025-01-14,sweetshop
4121,sweetshop_2025-01-11,m_ina_e,맛있겠다,2025-01-11,sweetshop
4122,sweetshop_2025-01-11,yeseul0410,누워서 먹방이라니 대단하다~♡♡♡♡♡♡,2025-01-11,sweetshop
4123,sweetshop_2025-01-11,beti1963co,난 칼로리 '완벽히'는 안알려줬어😍,2025-01-12,sweetshop
4124,sweetshop_2025-01-11,jjiwoo.pyo.jj,칼로리가 어떻든 상관 읎어요..!맛만 있으면 장땡이지요.,2025-01-12,sweetshop
4125,sweetshop_2025-01-11,seongwoo2411,계속 입 가리고 말하지말고 첨부터 다 먹고 얘기를하는게 나아보이는데,2025-01-12,sweetshop
4126,sweetshop_2025-01-11,dahye_kim_0531,@h.r__01.04 가서 서브웨이먹어봐방ㅎㅎ,2025-01-13,sweetshop
4127,sweetshop_2025-01-11,aileen._.115,흐억 아니 이사장님..!! 안보신건가요 이거이거 우유에 찍어드셔야조ㅠㅠㅠㅠㅠㅠㅠㅠㅠㅠㅠㅠㅠㅠㅠㅠㅠㅠ 외쿸언니야들보명 막 우유에 촵촵찍어먹잔ㅎ아요,2025-01-13,sweetshop
4128,sweetshop_2025-01-11,hanseoyeon0106,저번에 편이점 스위디시 리뷰하고 다음에는 훌랄라 치킨 리뷰해주세요🙏,2025-01-14,sweetshop
4129,sweetshop_2025-01-11,tinniping_dubb8ng_team,언니푸룬주스로 와라비모찌해줘,2025-01-14,sweetshop
4130,sweetshop_2025-01-11,onedaesu,오늘 왜케 예쁘죠?????,2025-01-15,sweetshop
4131,sweetshop_2025-01-11,ippeo.nl,네덜란드에서두 있어용,2025-01-15,sweetshop
4132,sweetshop_2025-01-11,lovable_sunnyl,이거 정말 맛없어요 한입먹고 버렸음,2025-01-17,sweetshop
4133,sweetshop_2025-01-11,dkdkdksksks.k,진짜 이뻐졌네,2025-01-17,sweetshop
4134,sweetshop_2025-01-11,2hyun_fe,대체 이런건 어떻게 구하세요😮,2025-01-17,sweetshop
4135,sweetshop_2025-01-11,youfound_cathy67,저미국에 사는데... 달려가서 먹어 볼게요 언니~!❤️,2025-01-18,sweetshop
4136,sweetshop_2025-01-11,staring_1717,쫀득쫀득해요?!,2025-01-23,sweetshop
4137,sweetshop_2025-01-11,love_hodo_amber,1개기준1330😂,2025-01-24,sweetshop
4138,sweetshop_2025-01-11,haeum_song1130,처음엔 앉아있는줄ㅋㅋ,2025-02-12,sweetshop
4139,sweetshop_2025-01-11,pleasebemyspring,고양이개기엽당,2025-02-21,sweetshop
4140,sweetshop_2025-01-11,qlalf_96,한국에도 팔아주면 즇겠다 ㅜㅜ,2025-02-26,sweetshop
4141,sweetshop_2025-01-11,minigong_diary,온니 글케 엎드려 드심 체해요!!!!!!!,2025-03-16,sweetshop
4142,sweetshop_2025-01-11,hoppy1811,1줄에 0칼로리~,2025-04-26,sweetshop
4143,sweetshop_2025-01-11,lae_28,하나에 200칼로리,2025-05-10,sweetshop
4144,sweetshop_2025-01-11,so2hnc0,맛잇겟다,2025-06-27,sweetshop
4145,sweetshop_2025-01-10,xvcyuuuk,아 너무 상상가는 맛이라 해먹고싶어요....고추기름 입에잔뜩 퍼질거같아...,2025-01-10,sweetshop
4146,sweetshop_2025-01-10,elle_iary,따라해 봤는데 맛있어요. 다만 스프가 뭉쳐서 너무 짠데 어떻게 해야 안뭉칠까요? ㅠㅠ 익으면서 뭉치는거 같아요,2025-01-13,sweetshop
4147,sweetshop_2025-01-10,luh._ye,마라방아님?,2025-01-17,sweetshop
4148,sweetshop_2025-01-10,sunflower06198,라티아오는 중국에서 산게 맛있던데(?),2025-07-13,sweetshop
4149,sweetshop_2025-01-10,z._.xin1661,저거 전자레인지 안돌리면 약간 새우깡(?) 맛 나여ㅋㅋ,2025-01-10,sweetshop
4150,sweetshop_2025-01-10,yujiwon13,이사장님 이거 옛날에 올린거 같은데요....?,2025-01-11,sweetshop
4151,sweetshop_2025-01-10,dahy_e3333,좋아요를 누르고 싶은데 5600개라 못 누르겠어요....,2025-04-20,sweetshop
4152,sweetshop_2025-01-10,abcdfff539,와ㅈㄴ맛실겟다,2025-05-18,sweetshop
4153,sweetshop_2025-01-10,seungjae01043,라면스프 뭐썼어요?,2025-01-10,sweetshop
4154,sweetshop_2025-01-10,youfound_cathy67,저도 먹어 보고 싶어요 힝 ❤️❤️❤️,2025-01-18,sweetshop
4155,sweetshop_2025-01-10,leeeunm,네?,2025-05-28,sweetshop
4156,sweetshop_2025-01-10,real_unnie,마라샹궈소스 쪼금 넣어도 맛있겠어요❤️,2025-01-11,sweetshop
4157,sweetshop_2025-01-10,siyul_2014ha,근데 혹시 이사장님 요리 영상에 맨날 나오는 저 전자레인지 용기 구매처 알수 있을까요 ??😢,2025-02-15,sweetshop
4158,sweetshop_2025-01-10,hmming2,@dokyun__mom 역시 ㅠ 도규니는 나랑 취향이똑같앙 ㅠ 먹고싶음,2025-01-12,sweetshop
4159,sweetshop_2025-01-10,haeone96,@eggiechen 내가 먹은 빨간색..?!,2025-01-13,sweetshop
4160,sweetshop_2025-01-10,0o1213o0,저 언제 먹다가 장염 걸렸어요ㅠㅠㅠㅠㅠ😢,2025-01-18,sweetshop
4161,sweetshop_2025-01-10,i.hs__,식용유 말고 올리브유 쓰면 좀 더 건강에 덜 해롭나...,2025-05-17,sweetshop
4162,sweetshop_2025-01-10,spawn3253,이거다 고마워유,2025-01-11,sweetshop
4163,sweetshop_2025-01-10,miniiee_k,식용유대신 카놀라유같은걸로 써도 되나요?,2025-01-12,sweetshop
4164,sweetshop_2025-01-10,1x_0yx,가정시간에 배웠는데 기름과 같은 저런것들은 되도록이면 먹지 말라고. 하던디,2025-06-17,sweetshop
4165,sweetshop_2025-01-10,duekfadl,디엠봐주세요…ㅠㅠ 제발ㅠㅠ,2025-01-12,sweetshop
4166,sweetshop_2025-01-10,dasom__0707,너무 맛있어요 ~¡¡감사해용 😍,2025-01-22,sweetshop
4167,sweetshop_2025-01-10,boom_111028,누나는 왜 매일 예쁜가요?,2025-01-12,sweetshop
4168,sweetshop_2025-01-10,tweak_doll,갑자기....,2025-03-29,sweetshop
4169,sweetshop_2025-01-10,_mmlleook_,진짜 현대판 장금이임...,2025-01-10,sweetshop
4170,sweetshop_2025-01-08,xvcyuuuk,ㅋㅋㅋㅋㅋ진짜 버리는줄 알앗지만 이사장님을 그럴리 없기에 믿고봣어요~~,2025-01-08,sweetshop
4171,sweetshop_2025-01-08,z._.xin1661,마늘빵 소금빵 칩 해먹어도 맛있을듯!,2025-01-08,sweetshop
4172,sweetshop_2025-01-08,minaa_woo,오! 칼이 너무 좋아요. 전 빵 썰때마다 부스러기 장난 아닌데 ㅜㅜ,2025-01-09,sweetshop
4173,sweetshop_2025-01-08,yeom_feel,맛있을 것 같아요 저도 베이글 남으면 에프에 돌리는데 ㅎㅎ 꿀맛,2025-01-08,sweetshop
4174,sweetshop_2025-01-08,sunjung3636,와우 역시👍👍👍👍👍👍❤️❤️❤️❤️❤️❤️,2025-01-08,sweetshop
4175,sweetshop_2025-01-08,h1ovn_,마늘빵으로 만들어먹어도 존맛일듯,2025-06-08,sweetshop
4176,sweetshop_2025-01-08,beti1963co,베이글도 비슷하게하면 구냥 베이글칩되는 고지🔥,2025-01-08,sweetshop
4177,sweetshop_2025-01-08,youfound_cathy67,ㅋㅋㅋ 신이 친잔 할거에요~!❤️❤️❤️,2025-01-18,sweetshop
4178,sweetshop_2025-01-08,yeseul0410,"언니는 예쁘고,착하고 ,똑똑하고 , 다해",2025-01-09,sweetshop
4179,sweetshop_2025-01-08,parkyeon369,마늘빵으로도 가능할 듯?,2025-06-14,sweetshop
4180,sweetshop_2025-01-08,2hyun_fe,소금빵 아니구 바게트네용ㅋㅋ,2025-01-17,sweetshop
4181,sweetshop_2025-01-08,kimeungyong1385,마늘바게트빵 해서 드셔요ㅋ,2025-01-09,sweetshop
4182,sweetshop_2025-01-08,ooooooooooooopen,우와 ㅋㅋㅋ맛은 베이컨칩 비슷할까요,2025-01-09,sweetshop
4183,sweetshop_2025-01-08,dawon2.6,살짝 네가빠진세계 유제비 닮은거같아요,2025-01-08,sweetshop
4184,sweetshop_2025-01-08,jjiwoo.pyo.jj,아 설마 딱딱한것도 드시겄어~했는데 이사장님 진짜 🐶천재..,2025-01-09,sweetshop
4185,sweetshop_2025-01-08,6_6q6q,마늘 스프레드만 바르고 구우면 마늘빵이네여,2025-01-09,sweetshop
4186,sweetshop_2025-01-08,youdallee,아니 이사장님 이렇게 드시는데 살이 안찌시다니... 이제 30이라 그러신건가요... 😢,2025-01-12,sweetshop
4187,sweetshop_2025-01-08,kim_sin0604,보고있어요,2025-06-18,sweetshop
4188,sweetshop_2025-01-08,mn.gic,그래 인스타감성 카페들아 빵버리는거 릴스에 올리지말고 이렇게 노력이라도 하라고,2025-01-17,sweetshop
4189,sweetshop_2025-01-08,hjl191400,이거 허니버터 분말+ 녹은 마요네즈or버터 섞어서 발라 구워먹으면 개존맛입니다,2025-01-14,sweetshop
4190,sweetshop_2025-01-08,zxx0ne,짇짜 돌더잉이줄이야,2025-01-13,sweetshop
4191,sweetshop_2025-01-08,sunyong21,버릴까봐 깜놀입니다,2025-01-08,sweetshop
4192,sweetshop_2025-01-07,jimin_0126,누가 서른이래.... 20대 구만!!!!😍😍😍,2025-01-07,sweetshop
4193,sweetshop_2025-01-07,hiskyhi,ㅋㅋㅋ 인생은 지금부터...❤️ 삼십대가 된거슬 축하햇,2025-01-07,sweetshop
4194,sweetshop_2025-01-07,__.maarrrrr.__,새해 복 많이 챙겨 받자구용 ~ ♡♡,2025-01-07,sweetshop
4195,sweetshop_2025-01-07,somae1343,언니 두번째 개이뻐요 진짜로 30대같음,2025-01-08,sweetshop
4196,sweetshop_2025-01-07,ddimmi96,울지말자 만나이쓰자........만나이 써....,2025-01-07,sweetshop
4197,sweetshop_2025-01-07,dotory0521,❤️❤️❤️새해 복 왕창 많이받으쎄요 울디마~~~❤️❤️❤️,2025-01-07,sweetshop
4198,sweetshop_2025-01-07,jjiwoo.pyo.jj,저도 이제 반삼십이 되어버린..중간과 기말의 위기가 닥쳤습니다..정말 울고싶은 사람들끼리 모입쉬다..힘내세요 30이면 아직 꽃다운 MZ인걸🫶🏻😍❤️,2025-01-08,sweetshop
4199,sweetshop_2025-01-07,baggeumhui26,여전히예뻐요!그리안보이는데?넘귀엽고!매번볼때마닫거단하다생각하면서보는데!복마니받고감기조심합시다!,2025-01-07,sweetshop
4200,sweetshop_2025-01-07,jeonms_eo,노래선정 뭐예요ㅋㅋㅋ 눈물셀카 귀여워용😍😢,2025-01-07,sweetshop
4201,sweetshop_2025-01-07,y_ennnnnn,이언니 진짜 너뮤 조음 🥺🥺🥺🥺❤️,2025-01-07,sweetshop
4202,sweetshop_2025-01-07,z._.xin1661,벌써 30대! 이사장님 20대로 보이는데..ㅋㅋ 뿌엥하셔서 깜짝 놀랐는데 그래도 25 년도 행봉하시고 건강 하세여!,2025-01-07,sweetshop
4203,sweetshop_2025-01-07,a._young4,이모 이모라면 내가 100살이 되던 200살이 되든지 나이 상관없이 평생 사랑해 줄 수 있어! 진짜 사랑해 이사장 이모 그리고 항상 재미있는 영상 만들어 줘서 늘 고마워!!❤️,2025-01-07,sweetshop
4204,sweetshop_2025-01-07,suyen0427,그동안 나이 숨겨서 몰랐는데 30됫오요? 30그거 별거아니더란.. ㅋㅋ 6살아들램과 36살 엄마가 팬입니다 ❤️❤️ 사실 내가 아들한테 같이보자고 영업함 ㅋㅋ,2025-01-07,sweetshop
4205,sweetshop_2025-01-07,bupaman,너무아리땁다......예뻐요..,2025-01-07,sweetshop
4206,sweetshop_2025-01-07,s0ng_hye0n12,이사장님 항상 이런 꾸미신 모습 보기 힘들었는데 진짜 이쁘세요💖,2025-01-12,sweetshop
4207,sweetshop_2025-01-07,kimyeeun_12,그래도 귀엽고 예뻐요^^,2025-01-08,sweetshop
4208,sweetshop_2025-01-07,5368.5368,저는ㅜㅜ52. 됐다구요😢,2025-01-07,sweetshop
4209,sweetshop_2025-01-07,carsteam_sso,잘한다 잘한다 잘하안다~,2025-01-07,sweetshop
4210,sweetshop_2025-01-07,xvcyuuuk,진짜 이사장님 마음 따뜻한거 또 느껴져서 저도 같이 즙짜고싶어요 이사장님 보면서 저도 큰 행복감을 느꼈는데 서로 행복함을 주고받는 사이라니 더 애틋해요 이사장님한테 ㅋㅋㅋㅋ 화이팅이에요~~~ (눈물셀카도 넘 귀욥다리용),2025-01-07,sweetshop
4211,sweetshop_2025-01-07,vita_ssee,"나 서른여섯살 코딱진데 젤리랑 사탕, 빵 좋아하는데여!! 서른살 거 머시라고!!!! 섹시한 서른이랑께!",2025-01-08,sweetshop
4212,sweetshop_2025-01-07,yeom_feel,제 눈에는 배우 김혜윤님이 자꾸 보임 ❤,2025-01-07,sweetshop
4213,sweetshop_2025-01-07,chambbion,이사장님 넘 사랑스러워용….,2025-01-07,sweetshop
4214,sweetshop_2025-01-07,hayan_812,머지않아 서른이 됐을 때 위안이 될 것 같은 글이에요 ☺️ 맘따숩고 예쁜 이사장님 응원합니다❤️,2025-01-07,sweetshop
4215,sweetshop_2025-01-07,hyeniii____,"넘 멋지고 귀엽다 친구네욤,, 화이팅 ㅋㅋ🤍🤍",2025-01-07,sweetshop
4216,sweetshop_2025-01-07,ddusik_efan,이싸장님 너무 예뻐유,2025-01-07,sweetshop
4217,sweetshop_2025-01-07,flower_star_126,헐!!저도올해30이에요😍,2025-01-07,sweetshop
4218,sweetshop_2025-01-07,bbgy13._x,아니 언니 진짜 예쁘다니까 그러네🔥,2025-01-11,sweetshop
4219,sweetshop_2025-01-07,_ofyoon,20대의 언니두 30대의 언니도 사랑하구 응원해 !! 건강하구 행복해😍,2025-01-07,sweetshop
4220,sweetshop_2025-01-07,ljw06_16,언뉘 비율 무슨일이야 혼자 이쁘고 키크고 마르고 다 할거야 진짜 하나도 30대처럼 안보여 내맘속에는 푸릇푸릇한 대학생이야 울지말구 히히,2025-01-07,sweetshop
4221,sweetshop_2025-01-07,eun._.ji0816,유튜브계 김태리❤️,2025-01-07,sweetshop
4222,sweetshop_2025-01-07,hyejin_seol,응나사십짤되쪄 응애🤣🤣🤣🤣🤣,2025-01-07,sweetshop
4223,sweetshop_2025-01-07,gimyeweon256,"코,코딱지요…?",2025-01-10,sweetshop
4224,sweetshop_2025-01-07,kellyfornia_c,이사장님 앞으로도 몇살이 되든 귀여운 코딱지로 건강하게 활동해주세요 😍😍❤️,2025-01-07,sweetshop
4225,sweetshop_2025-01-07,haetn1m,퇴근길에 선물받은 것 같은 글이에요!!!!😍 어떻게 마음도 이렇게 예뻐요 언닌 다예뻐 얼굴도 마음도 그래서 계속 보게돼~! 질리지않아 사랑해요❤️ 30살이라니..!! 앙믿긴다!!,2025-01-07,sweetshop
4226,sweetshop_2025-01-07,jwindy15,@haeoreum._.16 시여나 너랑 좀 닮으신 것 가타,2025-01-11,sweetshop
4227,sweetshop_2025-01-07,angeleyes18064,애기시군요 이사장님 ... 30살이라니요. 아직 애기입니다 응애 _지나가던 30대후반_,2025-01-07,sweetshop
4228,sweetshop_2025-01-07,ty0000_0000,새해 복 많이 받으세요,2025-01-07,sweetshop
4229,sweetshop_2025-01-07,inmtos,화이팅입니다 😍😍,2025-01-07,sweetshop
4230,sweetshop_2025-01-07,hyoeun._.719,머야 이사장님 울지 마요ㅠㅠ 나까지 슬프잖아ㅠㅠ 저도 이사장님 덕분에 지치거나 힘들때에 힘을 내고 같이 웃을 수 있었어요 제가 너무너무 감사드리고 2025년도 앞으로 행복하게 지내요❤️,2025-01-07,sweetshop
4231,sweetshop_2025-01-07,tjdrb0913,이사장님이 30대라구요???😮,2025-01-07,sweetshop
4232,sweetshop_2025-01-07,yumi8509,아직 어리세요😮,2025-01-07,sweetshop
4233,sweetshop_2025-01-07,pm4m1,"엥 누가 이사장님보고 30대, 40대냐고 물어욬ㅋㅋㅋ라식이든 라섹이든 하셔야 될 듯 ㅎㅎㅎ 인스타 열었더니 웬 귀여운 사람이 울고있길래 뭐지?! 하고 열심히 읽었네용ㅋㅋㅋㅋ 으아아ㅏ 이사장님이 30이라뇨!!! 뻥임. 사실이라고 해도 이사장님 초동안인거 알고 계시죵💗? 언제나 밝고 재밌는 컨텐츠 올려주셔서 고마워요❤️ 이사장님 푸팟퐁커리 레시피 때부터 좋아했는데, 요새 너무너무 잘 돼서 구독자인 저도 너무너무 죻습니다...💖 앞으로도 부담감 가지지 마시구, 이사장님 나름대로의 그리고 이사장님만의 영상 기대하겠습니다💪🏻 힘들 땐 쉬어가주세요! 언제나 응원하고 좋아하고 있을게용❣️ 얼굴도 마음도 너무 사랑스러운 이사장님 따룽해요 🥰💌",2025-01-07,sweetshop
4234,sweetshop_2025-01-07,hyunj_94,어느새 돌아보니 32살이 되었더라구요... 별거 아닙니다.. 그전에 너무 동안이세요 ㅋㅋㅋㅋ,2025-01-07,sweetshop
4235,sweetshop_2025-01-07,ssaerom11_07,늘 응원해용🙏🫶🫶,2025-01-07,sweetshop
4236,sweetshop_2025-01-07,gjwltnindex,하 진짜 너무 이뻐 마음도 얼굴도 다,2025-01-07,sweetshop
4237,sweetshop_2025-01-07,googlynoon,이사장 이렇게 귀여운거 보면 나이는 그저 숫자일뿐이다 .......,2025-01-07,sweetshop
4238,sweetshop_2025-01-07,qpwoeirutyaadf,아니 이사장님이 나랑동갑이라구..? 말도안돼,2025-01-07,sweetshop
4239,sweetshop_2025-01-07,fw_hajin05,만으로 30살이신가요?,2025-01-07,sweetshop
4240,sweetshop_2025-01-07,twopeony,딱봐도 20대 같앗숨듕.. 진짜 울고픈 30대 중반 넘어간 사람도 여기 있습니다,2025-01-07,sweetshop
4241,sweetshop_2025-01-07,hyxxn0309,눈물셀카 왜 귀여운거야,2025-01-07,sweetshop
4242,sweetshop_2025-01-07,eelanim_a,30대는 응애에요,2025-01-07,sweetshop
4243,sweetshop_2025-01-07,_mmlleook_,서른! 서른! 서른! 서른이래요~ 얼레리 꼴레리~~🤪(전 훨씬 많음..) 서른 되신 걸 축하드립니다 아직 마구 움직일 어린 나이입니다 뒤에서 늘 응원하는 지원군들이 많이 있으니 하고 싶으신거 마음껏 하십시오🙌 건강만혀🙌🙌,2025-01-07,sweetshop
4244,sweetshop_2025-01-07,marie._.aa,두번째 사진 겁나 이쁘네. 이사장님 새해복 🧧,2025-01-07,sweetshop
4245,sweetshop_2025-01-07,airefuruhu,이사장님 96이에요?!,2025-01-07,sweetshop
4246,sweetshop_2025-01-07,__iio.o,너무 예쁘다 한슌간 한순간이 다😍😍,2025-01-07,sweetshop
4247,sweetshop_2025-01-07,kimssung3287,예쁜데 예쁜척 안하고 착한데 착한척 안하는 사람입니다~,2025-01-07,sweetshop
4248,sweetshop_2025-01-07,noahlee1995,사실 그녀는 마늘을 까는중이다 😂😂,2025-01-07,sweetshop
4249,sweetshop_2025-01-07,meow888.8,나도 불과 2년전에 30찍고 그렇게 울었어요 여동생이 30살 파티를 2번이나 해주는 바람에 여자로서 삶은 끝났다규 생각 했는데 지나거 보니까 별거 업더라구요 ㅋㅋㅋ🧏🏻‍♀️ 사랑해요 아자뵤~ 쪽,2025-01-07,sweetshop
4250,sweetshop_2025-01-07,hanhyeonjeong294,전 45. 뚝해요 뚝. 마음만 안늙으면 된다구요!!!!,2025-01-07,sweetshop
4251,sweetshop_2025-01-07,bubbly3007,뚝딱뚝딱 맛난거 잘만들고 웃기고 귀여운 이사장님!! 😍 두번째사진 사랑스러움 끝판왕이구여❤️❤️앞으로도 하고싶은거 뭐든 다하면서 대박나셔라! 건강챙기는건 필수!! 알죠?!!❤️ 맨날마음속으로 응원하다가 몇글자 써봐쓰요 ㅎㅎㅎ,2025-01-07,sweetshop
4252,sweetshop_2025-01-07,eunmi8297,세상에나.대학생인줄..,2025-01-07,sweetshop
4253,sweetshop_2025-01-07,xlrine__,새해복 마니 받으셔용 🩵🩵,2025-01-07,sweetshop
4254,sweetshop_2025-01-07,yulhee_yulmoo,"작년에 우연히 릴스에서 보고,  전에 떠난 저희 친언니와 너무 닮아서 울면서 웃으면서 한번에 수십개의 영상을 봤었어요. 그때 저희 언니가 서른하나였는데.. 이제 저는 언니보다 훨씬 나이가 많은 마흔살이 되었습니다. 이사장님 영상 볼때마다 순간순간 너무 닮은 모습에 매번 놀라면서, 우리 언니도 이렇게 예쁜 얼굴로 이렇게 재미나게 살았으면 얼마나 좋았을까 생각해요. 우리 언니의 보지못한 30대를, 40대를.. 오래오래 이사장님 보면서 위로 받고 싶습니다. 행복하게 즐겁게 살아주세요! 진심으로 응원합니다 :)",2025-01-07,sweetshop
4255,sweetshop_2025-01-07,sugasuga2017,역시 천사였어,2025-01-07,sweetshop
4256,sweetshop_2025-01-07,popo777popo,김광석의 서른 즈음에 라는 노래 추천합니다 아차차,2025-01-07,sweetshop
4257,sweetshop_2025-01-07,saintbeautiful,슬픔이 길 수는 있지만 그 슬픔 끝에는 행복을 생각하는 날들이길 바라요! 이사장 화이팅!!!,2025-01-07,sweetshop
4258,sweetshop_2025-01-07,e._.elili,???? 오대 한참 어리보이고만 누구야 델구와 언니들이 혼내줄게😂😂,2025-01-07,sweetshop
4259,sweetshop_2025-01-07,beti1963co,언니 30살 이여써? 20대구만 언니가 40살이되든 50살이되든 난언니를 좋아하고 사랑할거야😍 그러니까 이샤장 울지말구 홧팅🔥,2025-01-07,sweetshop
4260,sweetshop_2025-01-07,myttaco,이사장님~ 사랑해여💖,2025-01-07,sweetshop
4261,sweetshop_2025-01-07,baby2723,서른이면 애기네 ~~~,2025-01-07,sweetshop
4262,sweetshop_2025-01-07,seungribaek_,체고체ㅔ고....👍👍,2025-01-07,sweetshop
4263,sweetshop_2025-01-07,anseonyeong82,"완전 말랐네,,😢😮",2025-01-07,sweetshop
4264,sweetshop_2025-01-07,npng.ain,귀여워 3살 같애요 진짜루 ㅎㅎ 항상 응원하고 잘보고 있어요 사랑해요~~,2025-01-07,sweetshop
4265,sweetshop_2025-01-07,yj506000,이사장님... 나보다 1살 어리구나.. 부럽네요😢(올해 31세가 된 어른이가),2025-01-07,sweetshop
4266,sweetshop_2025-01-07,jeonghaemi4569,이사님 저흰 아직 20대❤️만나이28살합시댜❤️,2025-01-07,sweetshop
4267,sweetshop_2025-01-07,oursunshine.days,헐 이사장님 동갑이셨네요 시상에,2025-01-07,sweetshop
4268,sweetshop_2025-01-07,ju__rose,부모님도 30이라고 놀리더라😢😢,2025-01-07,sweetshop
4269,sweetshop_2025-01-07,ahnchangyi,별거아님 ㅋ👏,2025-01-08,sweetshop
4270,sweetshop_2025-01-07,yellpod,치잇.. 이사장 바보.. 울기는 왜우럭...😢,2025-01-08,sweetshop
4271,sweetshop_2025-01-07,yeppiyen,"하 언니이기를 바라왔는데 아니었네요,,,🥹",2025-01-08,sweetshop
4272,sweetshop_2025-01-07,kim._.so7,이사장님 진짜 이쁘세요,2025-01-08,sweetshop
4273,sweetshop_2025-01-07,bong_dori,이사장님이랑 점퍼,2025-01-08,sweetshop
4274,sweetshop_2025-01-07,binjung_18,와... 예쁘신데 사진도 잘찍으시네요❤️,2025-01-08,sweetshop
4275,sweetshop_2025-01-07,gamma__y,세상애서 젤로 귀여웅 30살❤️,2025-01-08,sweetshop
4276,sweetshop_2025-01-07,y3jyjjj,아니어딜봐서 30삹..,2025-01-08,sweetshop
4277,sweetshop_2025-01-07,ddohee_kim,ㅠㅠ이사장님,2025-01-08,sweetshop
4278,sweetshop_2025-01-07,csy120515,울지마용,2025-01-08,sweetshop
4279,sweetshop_2025-01-07,fairx27,헐근데 너무 동안이에요,2025-01-08,sweetshop
4280,sweetshop_2025-01-07,gzu1k,26살같아요,2025-01-08,sweetshop
4281,sweetshop_2025-01-07,in_se_d,울지마......😢 from. 이제 중3 팬이...,2025-01-08,sweetshop
4282,sweetshop_2025-01-07,baekseonggae,헐 이사장님이 나보다 동생이었다니…,2025-01-08,sweetshop
4283,sweetshop_2025-01-07,lovelyluna_91_,서른살 별거아니여유ㅠㅠ올해 35이라는 인생의 반을 찍어버렸네욜 이사장님 수건케이크는 광주에 안파는데요 혹시 계발 된다면 택배도 가능하게 해주시와요!!!👏🙌,2025-01-08,sweetshop
4284,sweetshop_2025-01-07,yx.oom,언니 35아니엇어요?,2025-01-08,sweetshop
4285,sweetshop_2025-01-07,19jms__,울지마요…,2025-01-08,sweetshop
4286,sweetshop_2025-01-07,ggo_ninggggg,이사장님 3살 같아용😍😍,2025-01-08,sweetshop
4287,sweetshop_2025-01-07,dw_0916,이뻐용❤️,2025-01-09,sweetshop
4288,sweetshop_2025-01-07,_sseolgi_1226,평소에 쇼츠로 자주 보던 이사장님이 알고 보니 동년배...! 내적 친밀감이 생겨서 그런지 몰라도 먼저 30이라는 나이를 경험해 본 분의 소감을 들으니 저도 한동안은 서른이 다가오는 걸 무서워하지 않을 수 있을 것 같아요 🙌 이러다 또 어느 날은 헉... 내가 곧 서른...? 이러겠지만요 🤔 - 뒤 30살인 구독자가-,2025-01-09,sweetshop
4289,sweetshop_2025-01-06,xvcyuuuk,우와 크기 차이 진짜 신기해욬ㅋㅋㅋㅋㅋ 쏨땀도 집에서 만드는 이사장님 최고..,2025-01-06,sweetshop
4290,sweetshop_2025-01-06,yun_ju1024,우와.. 언니는 매번 요리 아이디어도 대박!! 역시 금손!! 평생 사랑해❤️❤️,2025-01-06,sweetshop
4291,sweetshop_2025-01-06,z._.xin1661,과카몰리랑 먹으면 맛있을거 같아여,2025-01-06,sweetshop
4292,sweetshop_2025-01-06,park.hyojin0616,와 소리 레전드,2025-01-06,sweetshop
4293,sweetshop_2025-01-06,ha_young1009,와ㅏ1빠ㅏ,2025-01-06,sweetshop
4294,sweetshop_2025-01-06,songyi0601,알새우칩???ㅋㅋㅋ😂,2025-01-06,sweetshop
4295,sweetshop_2025-01-06,yx.z1u_,"쏨땀 만들어 주세욥,,",2025-01-07,sweetshop
4296,sweetshop_2025-01-06,simjaemin98,맛있겠다,2025-01-06,sweetshop
4297,sweetshop_2025-01-06,159.5kg,@167.5kg 새우칩이당ㅋ,2025-01-08,sweetshop
4298,sweetshop_2025-01-06,apple_hyeju,@coco_3cats @cpxxrl 이번에 인도네시아 갔다가 사왔는데 같이 튀겨드실...? #끄루뿍 이름 이거임,2025-01-08,sweetshop
4299,sweetshop_2025-01-06,moomir_ranyee,베트남에서 저거 진짜 자주 먹었는데.. 기름 좀 털고 먹으면 그렇게 맛있을수가..,2025-01-06,sweetshop
4300,sweetshop_2025-01-06,min_seo._.o,앜 그 마트에 파는 튀기면 부푸는 과자 진짜 맛있죠❤️❤️,2025-01-06,sweetshop
4301,sweetshop_2025-01-06,jiyun0475,헐.. 곧 베트남 가는데 사야겠어요,2025-01-06,sweetshop
4302,sweetshop_2025-01-06,bboni._.bbang,코딱지가 꽤 ㅋ..큰편…!!!!,2025-01-06,sweetshop
4303,sweetshop_2025-01-06,beti1963co,저 무처럼 생긴거 썰다가 손다칠까봐 걱정대려😢,2025-01-06,sweetshop
4304,sweetshop_2025-01-06,lj_no.1,사탕수수는 역대급이었죠. 이번것도 맛있겠다요,2025-01-06,sweetshop
4305,sweetshop_2025-01-06,duekfadl,바닐라 아이스크림이랑 먹어도 맛있겠다! (디엠 한 번만 봐주세요…ㅠㅠ),2025-01-06,sweetshop
4306,sweetshop_2025-01-06,_mmlleook_,우리나라에도 새우칩 팝니다암요,2025-01-06,sweetshop
4307,sweetshop_2025-01-06,_mmlleook_,그린파파야는 어디서 구하죠..??,2025-01-06,sweetshop
4308,sweetshop_2025-01-06,yoonbivip,쏨땀맛있어유,2025-01-06,sweetshop
4309,sweetshop_2025-01-06,ha_ha_ho_12,이사장 코딱지 겁나커,2025-01-07,sweetshop
4310,sweetshop_2025-01-06,______gyeom,라이스페이퍼 튀겨봤는데 이거랑 비슷해서 놀랬어요 😂,2025-01-07,sweetshop
4311,sweetshop_2025-01-06,a._young4,이모 오 마이 갈릭 채널 구독자 100만명 되신거 아세요??!!,2025-01-07,sweetshop
4312,sweetshop_2025-01-06,ra.rang_1220,못하는게 뭐예횻?? 매일봐도 안질려~~ ❤️❤️ 라면스프 뿌려서 맥주안주로 먹어도 꿀맛일 것 같아요~,2025-01-07,sweetshop
4313,sweetshop_2025-01-06,staywithme__012,아....ㅋㅋㅋ 빈원더스 뷔페에서 저 과자만 4접시 갖다먹은ㅋㅋㅋㅋ,2025-01-07,sweetshop
4314,sweetshop_2025-01-06,schoyun,튀기지 말고 먹의줘❤️,2025-01-07,sweetshop
4315,sweetshop_2025-01-06,nyolihaneun,저거 내가 가는 마트에 있던데,2025-01-07,sweetshop
4316,sweetshop_2025-01-06,jeongmi_20_,저거 맛있는데,2025-01-07,sweetshop
4317,sweetshop_2025-01-06,topping_toping,당근오이 채썰기 신기하네영,2025-01-07,sweetshop
4318,sweetshop_2025-01-06,neiy2day,개구리 소리가 들리는거 같은데?,2025-01-07,sweetshop
4319,sweetshop_2025-01-06,mukorang,오왘ㅎㅋㅎㅋㅎㅋㅎ신기해요,2025-01-07,sweetshop
4320,sweetshop_2025-01-06,jiw.oo0617,혹시 너무 코딱지가 저 만한가요?😢,2025-01-07,sweetshop
4321,sweetshop_2025-01-06,dasomlee103,라이스 페이퍼 튀긴 느낌인가..?,2025-01-07,sweetshop
4322,sweetshop_2025-01-06,d_o3010,코딱지 크기가 그렇게 크나요,2025-01-07,sweetshop
4323,sweetshop_2025-01-06,_ha.ul7,언니고정좀,2025-01-08,sweetshop
4324,sweetshop_2025-01-06,_ha.ul7,사랑해,2025-01-08,sweetshop
4325,sweetshop_2025-01-06,koxn.ari1,언니 코딱지가 저만해요?...,2025-01-08,sweetshop
4326,sweetshop_2025-01-06,z1.ux_15,저도 이거 먹어봤는데 진짜 맛있었음,2025-01-08,sweetshop
4327,sweetshop_2025-01-06,tae._.woo_0905,여기에 친수 칠리소스 찍어 먹어도 맛있습니다 😋,2025-01-08,sweetshop
4328,sweetshop_2025-01-06,ahnindo,흐흐...저건 무조건 대기업꺼 사서.드세요..만드는.과정보면 못먹음 ㅋㅋ,2025-01-08,sweetshop
4329,sweetshop_2025-01-06,_rose_rin,저거 한국 식자재마트에도 팔아요,2025-01-09,sweetshop
4330,sweetshop_2025-01-06,disait_elle,정말 창의성 최고인듯,2025-01-11,sweetshop
4331,sweetshop_2025-01-06,j_jin0518,오케이 이사장님 코딱지 크기 파악 완료,2025-01-12,sweetshop
4332,sweetshop_2025-01-06,gweonyuna33,저거 맛이 알새우칩이고 맛있어용,2025-01-13,sweetshop
4333,sweetshop_2025-01-06,k._.hxon,알새우칩 아니노,2025-01-13,sweetshop
4334,sweetshop_2025-01-06,gimyuncae580,라이스페이퍼느낌인가요?,2025-01-15,sweetshop
4335,sweetshop_2025-01-06,youfound_cathy67,와우 ❤️ wow looks amazing 👏 🤩 😍 ❤️,2025-01-18,sweetshop
4336,sweetshop_2025-01-06,kimminkyo0504,말레이시아도 있어요😍 인도네시아도 있던데 이정도면 동남아 어디든 다 있을것같아요~~😮,2025-01-18,sweetshop
4337,sweetshop_2025-01-06,may_l_ey,@ca_c.est_moi__ 너가 사온 게 이거임? ㅋㅋㅋ,2025-01-26,sweetshop
4338,sweetshop_2025-01-06,kimey0524,헐 저는 베트남에서 저렇게 먹고(빨간샐러드였던 기억이…) 다른건모르겠도 저 조합으로 먹고 싶어서 베트남 가고프도라구요 ㅠㅠ,2025-02-08,sweetshop
4339,sweetshop_2025-01-06,xngyon,저거 중국 급식에서도 자주 나옴,2025-02-25,sweetshop
4340,sweetshop_2025-01-06,thai_vietnam,새우칩과 쏨땀 조합 맛있죠 🫢 새우칩과 쏨땀재료 모두 있는 월드푸드 구경오세요~ 👉👉,2025-03-04,sweetshop
4341,sweetshop_2025-01-06,jn._.xico,저거! 전자레인지 30초~1분 돌려도 커져요!!!!! 근데 너무 오래 돌리면 타니깐 주의😱,2025-04-28,sweetshop
4342,sweetshop_2025-01-06,hayeontv1030,파니푸리,2025-05-14,sweetshop
4343,sweetshop_2025-01-06,k.dhee0729,코딱지가ㅎㄷㄷ,2025-06-16,sweetshop
4344,sweetshop_2025-01-04,_s3.0y,우리 아빠 최애가 언니야 ㅋㅋㅋㅋㅋ 우리아빠 귀엽지,2025-01-05,sweetshop
4345,sweetshop_2025-01-04,dalyerim,대박! 핑크 쏘세지 전분기 가능하니 것도 되겄죠?,2025-01-04,sweetshop
4346,sweetshop_2025-01-04,2round_table,분홍이는 후라이팬에 기름 살짝 두르고,2025-01-05,sweetshop
4347,sweetshop_2025-01-04,rlawh.eh.dk,고기 가득한게 더 좋은거죠!! 옛날에 먹던 프랑크 소시지로 해도 될 듯..😂,2025-01-05,sweetshop
4348,sweetshop_2025-01-04,i_love_mikasa_1,초콜릿인줄 아,2025-05-26,sweetshop
4349,sweetshop_2025-01-04,dietgirl_24hours,발암물질 ㅠ,2025-01-10,sweetshop
4350,sweetshop_2025-01-04,jung_myung7,에프에는 안될까요???😂,2025-01-05,sweetshop
4351,sweetshop_2025-01-04,yeseul0410,저 처음에 라바삭 말리신줄 알았어요 😂,2025-01-04,sweetshop
4352,sweetshop_2025-01-04,hyeongon9,소세지는 콘킹,2025-01-16,sweetshop
4353,sweetshop_2025-01-04,sunny_is_very_cute,분홍색 옛날햄 되나?,2025-01-04,sweetshop
4354,sweetshop_2025-01-04,anes4000,살 찌겠다,2025-01-13,sweetshop
4355,sweetshop_2025-01-04,anna.ceri9,저도 먹고 싶고 싶어요😢,2025-01-05,sweetshop
4356,sweetshop_2025-01-04,qwerasdf_119,오빠 외쿡 스타일,2025-01-23,sweetshop
4357,sweetshop_2025-01-04,woomj_10523,이언니는 진짜 먹천재임 ㄹㅇ,2025-01-04,sweetshop
4358,sweetshop_2025-01-04,you3697544,소시지 칩이 완성 ( 츄릅 ),2025-01-10,sweetshop
4359,sweetshop_2025-01-04,ayunn_0917,혹시 강아지 키우세요,2025-06-07,sweetshop
4360,sweetshop_2025-01-04,lovely_looru,차지키소스 간단버젼 귱금합니다...👏,2025-01-08,sweetshop
4361,sweetshop_2025-01-04,gyomok_o1,National은 ’국가의‘라는 뜻이에요. Nation(국가)이 올바른 표현입니다.,2025-01-05,sweetshop
4362,sweetshop_2024-12-28,r.xh_e,헐.. 맛잇긴하겟는데… 재료가 흔하지가 않다..ㅠㅠ 언니 맛있어?,2024-12-28,sweetshop
4363,sweetshop_2024-12-28,heasun_min,이거 중남미에서는 cajeta de coco라는 디저트에요,2024-12-29,sweetshop
4364,sweetshop_2024-12-28,dotory0521,와...이거먹고싶어서 분유를 사야하나....😂,2024-12-30,sweetshop
4365,sweetshop_2024-12-28,susan_s_baking_,"지나가는 코코넛로쉐,쫀득쿠키 파는 사장인데요, 와 이거 지금 당장 해보려구요! 빵쟁이 인생 처음봐요ㅋㅋ시럽끓여서 코코넛이라뇨..분유라뇨!!천재다👏",2024-12-30,sweetshop
4366,sweetshop_2024-12-28,u.cha_6,이사장님 와라비 모찌에서 원래 비린맛이 나나요? 일본에 Healthy Sweets Mochikon 이라고 파는데 기회되심 꼭 한번 리뷰 해주세요..!!,2025-01-02,sweetshop
4367,sweetshop_2024-12-28,z._.xin1661,이사장님 비첸향 육포 리뷰해 주세여!,2024-12-28,sweetshop
4368,sweetshop_2024-12-28,a._young4,한마디로 우리나라에서 파는 간식으로 따지면 밀크츄 코코넛맛 정도 돼지 않을까...??,2025-01-07,sweetshop
4369,sweetshop_2024-12-28,jieuniyaaa,우엇 분유 그그그그 탈지분유 그걸로해도되나요?!,2024-12-28,sweetshop
4370,sweetshop_2024-12-28,young2_1002,앙금,2024-12-29,sweetshop
4371,sweetshop_2024-12-28,ebladerbe,와 진짜 맛있어보여요. 금손다이아손플래티넘손👏👏,2024-12-30,sweetshop
4372,sweetshop_2024-12-28,sea_pearl.09,캔디드 배리 만들어 주세염,2024-12-28,sweetshop
4373,sweetshop_2024-12-28,rlawpsl.kim,코코넛로쉐도 만들어주쎄용!,2024-12-28,sweetshop
4374,sweetshop_2024-12-28,hnxxe,선생님 팔아주세요 제발😂,2024-12-30,sweetshop
4375,sweetshop_2024-12-28,pinkwing86,나도 코코넛 시러하는데 이사장님이 만든거는 마싯어보이는 마법😍,2024-12-28,sweetshop
4376,sweetshop_2024-12-28,lllllll.8484,매우 건전하고 자연스럽고 봉사도하고 유툽 컨셉잘잡았네요. 요즘 유툽보믄 인위적이고 가식적인 컨셉에 인상이 너무 찌푸러지는데. 이 채널은 보기좋네요.,2025-01-02,sweetshop
4377,sweetshop_2024-12-28,taei3099,캔디드 베리 만들어주세요,2024-12-28,sweetshop
4378,sweetshop_2024-12-28,howaboutgumi,헐 완전 제스타일😍,2025-01-03,sweetshop
4379,sweetshop_2024-12-28,anna.ceri9,완전 맛있겠다😮,2025-01-05,sweetshop
4380,sweetshop_2024-12-28,sseul.l,코코넛 젤리라고 파는거랑 비숫한 것 같아요! 그건 코코넛가루를 밖에 묻히긴했는데 ㅎㅎ,2024-12-31,sweetshop
4381,sweetshop_2024-12-28,chy73093,"언니 나 언니 유튜브 보고 왔어 내가 제발 뽑히면 좋겠다 나는 크리스마스에 교회에서 예배드리고 집에 오면서 언니 유튜브보고 저녁에 샤브샤브먹고,장난감 가게에서 요리가게 장난감 샀어(비록 12살이지만)언니 나 요리사가 꿈이야 언니의 쿠키를 먹어 보고 싶다 그리고 언니 나 언니 유튭 60만 부터 보았어 제발 네가 뽑혔으면 좋겠다 언니 나단골이야 언니 사랑해❤️",2025-01-01,sweetshop
4382,sweetshop_2024-12-28,yeo.j.s,코코넛 가루 없으면 어케요,2025-01-05,sweetshop
4383,sweetshop_2024-12-28,dpsxj_1016,@k_m.5012 이거 해줭,2025-01-15,sweetshop
4384,sweetshop_2024-12-28,jxe.vl__1,경단,2024-12-28,sweetshop
4385,sweetshop_2024-12-28,jeongdoyeong887,만들어주세요,2025-05-31,sweetshop
4386,sweetshop_2024-12-28,hs.xoxo.13,동글동글 도지코인,2025-04-08,sweetshop
4387,sweetshop_2024-12-28,minbyeol_love,쫀득 쿠키처럼 토핑 넣어주세요,2024-12-28,sweetshop
4388,sweetshop_2024-12-28,_mmlleook_,헐 맛없없이겠다 와아 누군가 팔아주세요 와아아아아,2024-12-28,sweetshop
4389,sweetshop_2024-12-28,5368.5368,이런튀발이 있다는😂😂😂 .신통치킨에 .근데 저것도 맛나보이요,2024-12-27,sweetshop
4390,sweetshop_2024-12-28,rim_hr,여기가.어디마트일까요?ㅎ,2024-12-27,sweetshop
4391,sweetshop_2024-12-28,__moonbr,모야! 우리 동네자나!!!!!😮😮😮,2024-12-28,sweetshop
4392,sweetshop_2024-12-28,lee.__.happy,"대박 닭발, 김 대박이네용😮 저희동네도 생기면 좋겠네용",2024-12-27,sweetshop
4393,sweetshop_2024-12-28,hyoeun._.719,"이사장님 울 동네에 사셨구나!!!! 대박!!! 저도 잠깐 마트 들렀을 때 봤는데 시간이 없어서 못먹어봤어요,,, 언젠가 한번 해물에 채소 사서 들러봐야겠어용",2024-12-27,sweetshop
4394,sweetshop_2024-12-28,yhk9504,아니 여기 창동 하나로마트야 ㅋㅋㅋㅋㅋ@bongsunwha_,2024-12-29,sweetshop
4395,sweetshop_2024-12-28,chahs_dive,오,2024-12-27,sweetshop
4396,sweetshop_2024-12-28,kimyejun1234567,집에서 그렇게 해주세요 1day,2024-12-27,sweetshop
4397,sweetshop_2024-12-28,kimyejun1234567,제발용~,2024-12-27,sweetshop
4398,sweetshop_2024-12-28,igotatone,내가 생각했던 아이템인데 진짜 현실화 시킨 사람이 있네 대단👏,2024-12-27,sweetshop
4399,sweetshop_2024-12-28,chans0313,아따맘마 에피소드에서 딱 이런 가게가 엄마 상상에 나왔었는데,2024-12-27,sweetshop
4400,sweetshop_2024-12-28,_mmlleook_,도봉구를 사신다고요..?,2024-12-27,sweetshop
4401,sweetshop_2024-12-28,m_ina_e,오 대박,2024-12-27,sweetshop
4402,sweetshop_2024-12-28,yun_highness19,@fleur_spirale 엥 우리동네랑굉장히가깝잖아,2024-12-29,sweetshop
4403,sweetshop_2024-12-28,yoonbivip,쌤 굴튀김 맛있어용 겉에빵가루입힘 안맛있는 튀김없어요,2024-12-28,sweetshop
4404,sweetshop_2024-12-28,fhgtbdh908,닭발튀김 사장님이 드셔보시고 뭐라고 하세요?,2024-12-28,sweetshop
4405,sweetshop_2024-12-28,pjihyejihye,닭발 먹어보고싶네요~,2024-12-28,sweetshop
4406,sweetshop_2024-12-28,bagjuha240,어디 마트에요?,2024-12-28,sweetshop
4407,sweetshop_2024-12-28,cosalebot,도봉구민이라니.. 내적 친밀감이.. 그 동네 가성비 맛집도 많고 만두 맛집 많아요. 창동 국민은행앞 만두집이랑 방학동 수정궁 망할까봐 걱정되는 보은만두 근데 집만두처럼 진짜 맛있는데.. 해장국집들도..,2024-12-28,sweetshop
4408,sweetshop_2024-12-28,alskdjfhg1w09348756,제주도 사시는거 아녔어요..?,2024-12-30,sweetshop
4409,sweetshop_2024-12-28,s.e1o_,언니 네일은 어디갔어요..?,2025-01-03,sweetshop
4410,sweetshop_2024-12-28,2haha_mom,@ssunny48 창동이래~,2025-01-05,sweetshop
4411,sweetshop_2024-12-28,ji_solmin,"@misozina 여기 창동 하나로마트라눈데요... 이것저것 사서 튀겨보세여,,,",2025-01-06,sweetshop
4412,sweetshop_2024-12-28,a._young4,이모 한입만요.....,2025-01-07,sweetshop
4413,sweetshop_2024-12-28,j__s2_m,미역도 튀겨먹으면 맛있어요!!,2025-01-12,sweetshop
4414,sweetshop_2024-12-28,e._.elili,여기 식스센스에 나왔어요👍🏻👍🏻,2025-03-16,sweetshop
4415,sweetshop_2024-12-28,jiweon6088,언니 서울살아?,2025-03-21,sweetshop
4416,sweetshop_2024-12-28,hayul7789,저기 식스센스에 나온곳임,2025-03-28,sweetshop
4417,sweetshop_2024-12-28,home_in_94,@6.5hj 이거창동하나로래 ㅋㅋ 가봐,2025-05-10,sweetshop
4418,sweetshop_2024-12-27,jong_ho_35o1,암 항암준비중 입니다 ㅋ 수술후라 면연력 떨어져서 가벼운 운동 빼곤 집콕~~~. 먹고픈게 너무많은데 눈팅만 하고 있어요.. 요리경력있어서 더 슬픈게…..대충 아는맛 & 상상되는맛 ㅠㅠ 구경하며 만족하고 있네요,2024-12-25,sweetshop
4419,sweetshop_2024-12-27,kkim100981,두바이초코 쿠키 넘 맛있을꺼 같아요~^^ 아이랑 둘다 폐렴으로 크리스마스지만 집콕했네요😂 근데 올해 크리스마스는 조용했던거 같아요~^^,2024-12-26,sweetshop
4420,sweetshop_2024-12-27,hongsil_hj,전 크리스마스에 딸램이랑 클스마스과자집 만들었어요🎅❤️ 이사장님 유툽 넘 재밌게 잘 보고있습니다🙌 말씀을 어찌 그리 잘하시는지 완전 재밌어요😂❤️,2024-12-26,sweetshop
4421,sweetshop_2024-12-27,c.h.o.b.b.i,이사장님~~~~~ 저는 오늘 결혼후 첫 클스마스라 계획은 거창했는데 남편이 4시까지 주무시는 바람에 거창했던 계획은 무너졌구여ㅎㅎ 형님네 집에서 조카랑 코코넛오일로 🥥 비누만들기 하구!! 같이 피자치킨&방어!!!!!!!! 팟튀 했어요!!!! ㅋㅋ 뭔가 계획되로 되지 않았으나 넘나 행복한 클스마스였달까요!,2024-12-26,sweetshop
4422,sweetshop_2024-12-27,__.3.dbqlz__,이사장님 항상 잘 보고있어요 ㅎㅎㅎ 우아 이사장님이 만든 쿠키라니ㅠㅠㅠ 겨울간식도 먹구 저녁에 재즈바가서 크리스마스 캐롤 들었어요!🎄♥️,2024-12-27,sweetshop
4423,sweetshop_2024-12-27,llehsaesz,오늘 🎄 늦잠 푹 자고 일어나서 코코아 한 잔 따뜻하게 타서~ ocn 틀어서 나홀로집에 보고 힐링쓰하다가 공부도 쪼꼼 했답니다 😌😌 그러다가 이사장님 쇼츠도 발견 ❤️ 즐거운 크리스마스 되셔요 모두모두 메리크리스마스👏🎄,2024-12-25,sweetshop
4424,sweetshop_2024-12-27,ha_yun2014,언니 너무 이뻐ㅜㅜ❤️❤️❤️,2024-12-25,sweetshop
4425,sweetshop_2024-12-27,bak_ming,자영업자에게 크리스마스는 사치죠🥲,2024-12-26,sweetshop
4426,sweetshop_2024-12-27,yangjs3358,헬스 다녀왔습니다 가슴운동하고 어깨 했네요ㅎ비록 여친이 없어 캐롤들으면서 헬스마스했지만 이사장님께서 만들어주신 쿠키와 치팅데이를 함께하면 더할나위 없이 행복할 것 같네용ㅎㅎ 앞으로도 재미있는 영상 많이 만들어주시고 감기 조심하세욥!!,2024-12-27,sweetshop
4427,sweetshop_2024-12-27,gimmiae762,제가 아이가 넷인데요 이제성인되는 큰아들의 여자친구랑 신랑이랑 애들이랑,2024-12-26,sweetshop
4428,sweetshop_2024-12-27,azzzurrrrrr,언니! 항상 영상 잘 보구 있어요 저는 올해 20살 첫 크리스마스에 약속이 없어서 집에서 혼자 보냈 답니다.... 다이어트 중이라 크리스마스에 맛있는 것도 못먹고 물만 마시면서 쫄쫄 굶고있는데..! 다 여트 끝나고 꼭 언니 쿠키 먹고싶어요!!,2024-12-25,sweetshop
4429,sweetshop_2024-12-27,yoen.suu_,저 크리스마스 케이크사러가려고 알람 3개맞퉈놓고 잠들었는데 일어나니까 오후 5시반인거있죠 푸핰!!! 크리스마스 그냥 날로먹기^^~,2024-12-25,sweetshop
4430,sweetshop_2024-12-27,seohoo1504,크리스마스이브에 아팠는데 크리스마스에 다 나아서 이사장님 영상 보면서 빵 만들 었습니다❤️(영상 너무 재밌어요!!),2024-12-28,sweetshop
4431,sweetshop_2024-12-27,o_my87,크리스마스 당일날 한달에 한번의 마법으로 하루동안 진통제 세번 먹은 투딸맘입니다😢 우리 딸랭구들 크리스마스날 불땅해서 우짜꼬...ㅎㅎㅎ 그치만 반갑지 않지만 고통도 반갑게 맞이하여 사랑스런 두딸과 집에서 몸부림쳤습니다😁😁😁💚❤️ 이사장님 쿠키 진통제 저희 딸램들 맛 좀 보여 주떼여❤️❤️❤️,2024-12-25,sweetshop
4432,sweetshop_2024-12-27,puppy_heou3,손목 수술후 덕메들과 함께 농구보러 왓어요~~ 응원하는팀이 이겨 너무너무 메리크리스마스 한날이 되엇답니다^^💙,2024-12-26,sweetshop
4433,sweetshop_2024-12-27,small0_za,헤헤 크리스마스에 10시부터9시까지 풀근무하고 퇴근했어용😍😍.....,2024-12-26,sweetshop
4434,sweetshop_2024-12-27,ejrwlf247,언니 너무 늦은건가요…ㅜ,2024-12-27,sweetshop
4435,sweetshop_2024-12-27,j_.eu._n,인생케이크 키친205 오픈런하고 잃어버린 애착모자 다시 사고 방어에 족발까지 식사로 2차하고 나홀로집에 보다가 푸데데 잤어요👏 집 장만이 꿈이라 임장도 갔다온 알찬 크리스마스🎄❤️ 이사장 쿠키까지 받으면 거지같은 연휴끝 회사복귀도 좀 덜 힘들텐데!!,2024-12-25,sweetshop
4436,sweetshop_2024-12-27,cherish_s_01,새벽부터 열심히 빵집에서 빵과 케이크를 만들었습니다 🥹🎄 이사장님이 만드신 쿠키 선물로 받아보면 늦은 크리스마스 선물이 될 거 같네용 🤭 쿠키 넘넘 귀여워요 🍪🍪,2024-12-26,sweetshop
4437,sweetshop_2024-12-27,royool_07,일어나마자 씻고 오전에 친구랑 만나서 잠깐 놀다가 집와서 뒹굴뒹굴 구르기만 했네영..ㅎ 저는 초코칩 쿠키 구워서 친구들한테 나눠 주기만하고 제건 안빼는 바람에 정작 전 하나도 못먹었다는..그래도 뒹굴뒹굴 구르면서 재밋게 놀았네여..,2024-12-27,sweetshop
4438,sweetshop_2024-12-27,sunflower22.22,엄마랑 성당 가서 붕어빵도 먹고 떡도 먹었어요^^ 뒹굴대면서 폰 할땐 이사장님 숏츠 잔뜩 봤다요🎄🔥,2024-12-26,sweetshop
4439,sweetshop_2024-12-27,csy120515,사촌집가서 놀고 헬스장에 가서 운동했어요 먹고싶어요!진짜로르르르르르!!!!!!!!!!!!!!!!!!!,2024-12-25,sweetshop
4440,sweetshop_2024-12-27,yodr__m,"일했어여ㅠㅠ회사 급한일 때문에  출근해서 일하다보니 25일이,,🤣🤣이번 크리스마스 눈깜짝하니 사라쟜어욥,,",2024-12-28,sweetshop
4441,sweetshop_2024-12-27,sj___0525,"놀러가서 놀다 월미도 가서 디스코, 공중그네? 타고 왔어용",2024-12-27,sweetshop
4442,sweetshop_2024-12-27,ra._.onxz,안녕하세요 이사장님! 우선 큰 이벤트는 아니더라도 소소하게 이벤트 열어주신거 너무 고맙고 감사해요! 사실 제 꿈이 제과제빵사인데 어제 크림브륄레를 만들었는데 너무 맛이 없더라구요.. 설탕도 2번이나 타고 손에 뜨거운 설탕 닿고.. 근데 전 요리는 조금 잘하거든여??.. 그래서 배고플때 볶음밥을 만들어 먹었는데 어제 기침하고 머리 아프고 배아프고.. 결국 새벽에 열이 38.2도.. 아파서 막 울고 그랫거등요?.. 결국 오늘 기침하고 병원행.. 크리스마스에 연인도 없고 솔크 + 아프니까능 서러워서 또 울었네요.. 그럐도 만약 당첨 되서 제가 좋아하는 유명인이 만든 쿠키 먹을생각 하니 좋긴 합니다만 당첨이 될수도 있고 안될수도 있는거니까능.. 사실 이사장님 영상보고 따라한 적이 있는데 비주얼도 다르고 영.. 역시 금손은 다르다고 생각 했어요ㅋㅋ! 그럼 저처럼 아프지마시고 만수무강하세요🎅🎄,2024-12-26,sweetshop
4443,sweetshop_2024-12-27,jung0303,오늘 남친이랑 결혼식장 돌다가 식장 계약도 하고 왔습니다! 그리고 결혼식장 예약하고 난 뒤에는 일하러.. 다녀왔어요!!❤️,2024-12-25,sweetshop
4444,sweetshop_2024-12-27,do_yeon.e,22일에 23시 마감을하고 집에와서 씻고 3시간30분~ 정도 잠을 자고  25일이 6시부터 23시까지 근무를 했습니다. 바빠서 휴게도 못갔고 밥도 제대로 못 먹고 김밥한줄로 겨우 떼워가며 물배채우고 일을 했지요…매니저인 저보다 스텝을 먼저 챙겨야할 것 같아서 어쩌다보니 제가 못 쉬고 일을 하루종일 하면서 크리스마스를 보냈네요ㅠㅠㅋㅋㅋ (저희 직업은 바리스타 & 파티시에 입니다…),2024-12-26,sweetshop
4445,sweetshop_2024-12-27,sy2krrr,제발 저를 뽑아주세요 먹고싶어요제발제발 제발이사장 나 광팬이에용 맨날 봐요,2024-12-27,sweetshop
4446,sweetshop_2024-12-27,coldsummerrrrrrrrr,재수 끝나고 처음 맞는 크리스마스였어요! 친구들 만나서 샤브샤브 푸파했습니다😂 친구들 전부 남친이 있었는데 솔로인 저를 위해 친히 시간을 내줬어요 고맙다 친구들아❤️ 내년에는 함께 하지 말자^^ 아 그리고 크리스마스 날에 1지망 대학 추가합격도 했어요😄 저한테는 최고의 크리스마스였습니다ㅎㅎㅎㅎ,2024-12-27,sweetshop
4447,sweetshop_2024-12-27,baegmigyeong905,부모의이혼으로 서로 아이를 안맡으려고해서 저희집에 아이가 맡겨져있는데 이래저래 상처가 많은아이고 곧 부모와도 헤어지고 보호시설로 갈거같은데 그전에 추억이라도 많이 만들어주려고 하고있는데 과자 좋아하는 8살이라 아이에게 하나의 추억이 되지않을까 싶어요~,2024-12-26,sweetshop
4448,sweetshop_2024-12-27,doram.ing,남자친구랑 장거리라 .. 일이 바쁜관계로 만날 수가 없어서 ㅠㅠㅠ 집콕하고.. 롤 조졌오용 😢 이사장님 디저트를 맛볼수 있다묜 저에겐 큰 행운임니다 ❤️,2024-12-26,sweetshop
4449,sweetshop_2024-12-27,hhhhhhh071999,버터쿠키만들었어용!!!!!!,2024-12-28,sweetshop
4450,sweetshop_2024-12-27,cucum20,저는 아이들이랑 맛난 짜장면 먹고 집에왔어요ㅋ,2024-12-25,sweetshop
4451,sweetshop_2024-12-27,dndn_f3,가족과 저희집에서 한우먹었어요,2024-12-26,sweetshop
4452,sweetshop_2024-12-27,jihae5lilly,저는 크리스마스에 스카에서 공부해씁니다.. 타로봣는데 이번년도안에 만점이가능하다하여바짝해서 영어시험 공부하고 지금 저녁먹고 유트브보다가 댓글달아요. 곧 시험입니다..노는 유혹을 물리쳣지만 이 쿠키 유혹은 물리치기힘들어 식단조절 중 단비같은 쿠기가 되길 바라며 글올립니다. 늘 응원하고 재밌고 즐겁게 보고있습니다~~ 새해복많이받으시고 내년엔 더대박나시길바래요😍,2024-12-25,sweetshop
4453,sweetshop_2024-12-27,m1in_ch2ae0,남자친구가 없어서 그냥 친구들이랑 놀았답니다..,2025-01-06,sweetshop
4454,sweetshop_2024-12-27,gimyeseo8727,..모쏠입니다..어린이도아니라고 크리스마스 선물도못받고 외롭게 홀로 크리스마스를 보냈습니다..저는..빛이나는 트리의 별이아닌 빛이나는 솔로입니다..,2024-12-28,sweetshop
4455,sweetshop_2024-12-27,tafta_silk,아침에 산타가 아빠라는걸 알게되서 하루종일 잠만 잤어요... 배도 안고프고 입맛도 없는데 쿠키좀 나눔 해주셔요오...😢,2024-12-26,sweetshop
4456,sweetshop_2024-12-27,yayanava111,친구랑 클스마스에 서울가서 놀다왔어요 이사장님 인스타 있는지 첨알았네여.. ㅎㅎ 그래도 유튜브 꼬박꼬박 챙겨보고있어요 숏츠보고 와서 쿠키 먹고싶어서 댓글 답니당🎄❤️ 남은 연말 잘 마무리하세요!!,2024-12-27,sweetshop
4457,sweetshop_2024-12-27,su.x1k,전 아주 평범하게 가족이랑 외식하고 게임하고ㅋㅋㅋ놀았어요!,2024-12-26,sweetshop
4458,sweetshop_2024-12-27,ha.youn_g,아침에 일어나서 세수를하고 아침을 먹으면서 이사장님 영상을보고 침대에 누워서 또 보고 점심을 먹으면서 또또 보고 양심에 찔리니까(!?) 화장실 가서 싸고 배를 비웠으니까 다시 채워야 하기 때문에 저녁을 먹으면서 또또또 보고 마지막으로 씻고 또또또또 보고 잔다.,2024-12-26,sweetshop
4459,sweetshop_2024-12-27,jh_jy_s2,울집 7살 딸램이 이사장님 느~~므 팬이에요❤️성탄절에는 교회 다녀오구~~남편이 출근하는 바람에 딸아이와 둘이 요리도 하고 간단한 파티를 했습죠🎄,2024-12-26,sweetshop
4460,sweetshop_2024-12-27,jeonghyeju622,크리스마스에 엄마 생신이라고 가족들과 영화를봤어요 ㅎㅎ 그리고 엄마를 위한 선물을 주었어용 저가 아직은 나이가 어려서 부모님 한테 큰 선물을 못주었어요ㅠㅠ 하지만 꼭 어른이 되어 부모님을 효도하고 싶넹용 저는 가족 한테 너무나 고맙다고 사랑하고 2025년도 열심히 하며 건강하고 오래오래 행복하게 살자고말하고 싶네요 ㅎㅎ,2024-12-25,sweetshop
4461,sweetshop_2024-12-27,o_09.25,여러가지 활동을 좋아해서 오랜만에 스포츠데이로 놀아봤어요!!! 다들 크리스마스라서 그런지 보드게임 카페도 갔는데 사람이 엄청 많더라구료 😢 아무튼 !! 이사장님 영상 한 번 보면 끝도 없이 보게되는데 마침 지금 유튜브 숏츠가 딱 이게 뜨더라구요 보자마자 바로 달려왔숩죠..😘 쿠키 너무너무너무너무 먹어보고싶네요잉 따수운 연말 보내시길 바라요 🎄🎅❤️❤️,2024-12-26,sweetshop
4462,sweetshop_2024-12-27,ha.wo1n,친구랑 놀다가 찜닭먹고 누워서 뒹굴 거리기🎄🎄 happy merry christmas❤️,2024-12-26,sweetshop
4463,sweetshop_2024-12-27,jangyeweon339,크리스마스 기념으로 친구들과 처음으로 소방관 영화 보러 갔어요 그런데 나이 제한 때문에 입구 컷 당해서ㅋㅋㅋ친구들과 황당했었어요..!! 그런데 이사장님께서 보내주시면 너무 좋을 것 같아요🎄,2024-12-26,sweetshop
4464,sweetshop_2024-12-27,hhlovegod,메리크리스마스입니다.. 전 얼마전 사고로 다쳐서 일주일전에 수술해서 크리스마스는 집에서 보냈어요.. 즐거운 크리스마스 보내시고 한해 마무리 잘하세요~^^,2024-12-25,sweetshop
4465,sweetshop_2024-12-27,bagweondae6,"크리스마스 이브에 친구들이랑 파자마파티하고 아침9시30에 친구들이랑 다이소,올리브영,아트박스,인형뽑기갔다가 놀이터에서 3시까지 놀고 친구들이랑 헤어지고 집에와서 나 홀로 집에 정주행하고 잠들었습니다. 제발 저 뽑아주세요 폰에 인스타 없어서 아빠폰으로 보내는데 진짜 너무 먹고싶어요 제발요🎅🎅",2024-12-26,sweetshop
4466,sweetshop_2024-12-27,ssejun197211,가족들이랑 즐겁게 파스타 먹으러 갔답니다~~^^,2024-12-26,sweetshop
4467,sweetshop_2024-12-27,ji.cong2worm,아침 6시에 일어나자마자 수학공부  스근하게 때려주고 영어 단어 50개 외웠어요 그리고 국어 공부  하고 영어 숙제  하고요 줄넘기 1500개 했고요 햄버거 먹고 다시 공부하다가 20분 로블하고 10시 30분에 잤어용❤️😢🎅,2024-12-26,sweetshop
4468,sweetshop_2024-12-27,h_m.x10,이사장님 해피 크리스마스🎄 벌써 2024년이 끝나가네요 이사장님 올한해 동안 정말 많은 일이 있었네요 힘든일이나 슬픈일은 다 잊어버리고 다가오는 2025년에는 더 좋른 이사장님으로 만나요 이사장님 덕분에 간식 많이 만들어 먹고 영상도 자주 봤어요 이제 저는 겨울 방학인데 더 많이 이사장님 볼수 있러 럭키비키 하네용🍀항상 곁에서 응원하고 있을게요 이사장님도 화이팅 하세요! 오늘 하루 만큼은 행복하게 보내세요😊❤️,2024-12-25,sweetshop
4469,sweetshop_2024-12-27,_ryeo._.won14,저만 솔크라서 하루종일 울었습니다,2024-12-26,sweetshop
4470,sweetshop_2024-12-27,lemonade._.pt,예비남편이랑 웨딩밴드 맞추러종로갔다가 뒤지게 싸우고 집돌아가려다 화해하고 명동구경갔다왔어요..^^,2024-12-25,sweetshop
4471,sweetshop_2024-12-27,boooooona7,메리 크리스마스🎄🎄🎄🌟🌟🌟 저는 오늘 아부지 생신이셔서 가족들과 함께 즐거운 크리스마스를 보냅답니당>< 가족들과 함께 외식도 하고 인생넷컷도 찍고 왔어요! 오랜만에 보내는 가족들과 함께하는 크리스마스 즐거웠습니당😆😆,2024-12-25,sweetshop
4472,sweetshop_2024-12-27,o_mama96,이사장님 유튜브 100명일때부터 구독중인 구독자입니다 ❤️ 저희 6살 딸도 이사장님 영상 뜨면 요리 잘하는 이모 영상 보자고 합니다 🎄 저희는 이사장님이모 영상을 너무 좋아하는 6살 딸래미 친구들과 이브날 여행도 다녀오고 크리스마스에는 가족들과 나홀로집에를 처음으로 보고 케이크도 만들고 이사장님 영상보고 쿠키를 만들어 소소한 파티를 했어요~~ 우리 딸래미한테 좋은 추억을 먹여주고 싶어요 ❤️🎅🎄,2024-12-26,sweetshop
4473,sweetshop_2024-12-27,rose_kek,나홀로집에 영화를 처음보시는 엄마와 영화 정주행한날 🎞️❤️오랜만에 집에서 엄마랑 단둘이 집밥 소소하게 만들어먹으면서 캐롤 틀어놓고 양초켜놓고 크리스마스를 보냈어요. 🎄✨ 특별하진 않지만 엄마가 “나홀로집에”영화 너무 재미있고 그 아이가 너무 똑똑하다며 이제야 이 영화를 봤다는 사실에 뭔가 마음이 뭉클했어요🥹💦 엄마 그 아이…. 지금 45살이래……..😂,2024-12-25,sweetshop
4474,sweetshop_2024-12-27,le2e_2,크리스마스에  잤습니다🎅🎄 자는게 제일 좋아~~~,2024-12-26,sweetshop
4475,sweetshop_2024-12-27,11.19lb_._bm,아주 작은 가게를 운영하고 있어요 크리스마스이브도 크리스마스에도 새벽 3시까지 열심히 일했답니다..😂,2024-12-26,sweetshop
4476,sweetshop_2024-12-27,yaykang,엄마가 보내주신 김치찌개로 김치우동 해머것어요. 👅 혼자 보내는 크리스마스에 무던해진 거 같아용,2024-12-26,sweetshop
4477,sweetshop_2024-12-27,like_ppang,크리스마스에 일하시는 엄마라 ㅠ_ㅠ 오빠와 함께 대전 내려가서 성심당 빵&케이크사고 집 오자마자 엄마가 먹고싶다던 양식들 여러가지 요리해서 가요대전 먹으며 보냈습니다🙌 먹고 3키로 쪘지만 후회안해요 🔥🎄❤️,2024-12-26,sweetshop
4478,sweetshop_2024-12-27,soyu____tea,"남편이랑 소소하게 집에서 홈파티하려고 재료 싹 사뒀는데 다음날 감기 심하게 걸려서 앓아 누워있어요ㅠ.ㅠ이렇게 지나가네요.요즘 감기유행이라던데 감기조심하세요,,!💜",2024-12-25,sweetshop
4479,sweetshop_2024-12-27,xvcyuuuk,와 지금 인스타키자마자 이거본 저 칭찬해!!!!이사장님이 만든 쿠키라니 참을수없습니다ㅠㅠ저는 지금 친구들이랑 크리스마스 파티중이에요!!,2024-12-25,sweetshop
4480,sweetshop_2024-12-27,mohani4559,피자 사와서 피자 먹으면서 평범하게 보냈습니다~!🎄🎅😂🙌,2024-12-26,sweetshop
4481,sweetshop_2024-12-27,tjsduddl1029,아침부터 아이들 장난감 뜯고 조립하길 수백번 한거 같아요🤣,2024-12-26,sweetshop
4482,sweetshop_2024-12-27,joo_sy_.12,피자 한판 시켜서 넷플보면서 먹었어요! 비록 혼자 보내긴 했지만 집순이인 저에겐 그럭저럭 행복하게 잘 보낸것 같습미다ㅋㅋㅋ 사실 저도 쿠키 구워보려고 했는데 엄마가 주방 어질러진다고 안된다해서 포기..ㅋㅋ 🎄❤️🔥그나저나 이사장님도 크리스마스 잘 보내셨는지요ㅋㅋ,2024-12-26,sweetshop
4483,sweetshop_2024-12-27,applemiso,와 쿠키 너무먹어보고싶어서 왔는데 경쟁이 어마어마해서 포기할까하다가 혹시 혹시 모르니 희망가져봅니다😂 전 이번 크리스마스에 프링글스먹으며 담요덮구 뒹굴거리면서 영화봤어요ㅎㅎ 소소한행복이 최고에요❤️,2024-12-26,sweetshop
4484,sweetshop_2024-12-27,toto_23213,"23년도에 태어난 아가랑 2번째 크리스마스를 집에서....보냈습니다😢다양한 감기가 걸려서 나가지는 못하고 집에서 보냈는데 집은 초토화됬지만 아가랑 저는 즐거웠습니다 2년전만해도 나홀로집에 1,2,3 정주행하며 누워서 배를 긁으며 피자를 먹던때가 생각이 나지만😂지금 시점도 행복합니다 모두 행복한 하루하루 되시길요❤️",2024-12-26,sweetshop
4485,sweetshop_2024-12-27,lovelysylviakim,독감 걸려서 애 선물 포장해두는거 깜박하고 ㅠㅠ 아침에 일어난 애 피해서 화장실에서 몰래 포장하고 ...몇시간 동안 눈치보다가 거실에 간신히 더녀,2024-12-26,sweetshop
4486,sweetshop_2024-12-27,__zzuliddi,아니 쿠키는 둘째 치고 왜케 갈수록 이뻐지는거여...,2024-12-25,sweetshop
4487,sweetshop_2024-12-27,park_jung_sook,한입만~~~~~😂🎅,2024-12-26,sweetshop
4488,sweetshop_2024-12-27,yjsa_51214,신랑이 출근 해야되서 초딩아들 7살 딸이랑 집에서 나홀로집에도 보고 케이크키트사서 만들어 먹으면서 행복한 시간 보냇어요~ 늦었지만 이사장님 메클🎄 2025년에도 행복하시고 영상 재밋게 볼게요 😍😍,2024-12-26,sweetshop
4489,sweetshop_2024-12-27,bbokary_852,이사장님 영상 정주행하며 보낸 하루><,2024-12-26,sweetshop
4490,sweetshop_2024-12-27,kobot729,오전 12시쯤 깨서 티비보구 뒹굴뒹굴 거리다가 현대프리미엄백화점 가서 불꽃놀이랑 짬뽕먹고 사진 왕창 찍구 왔어여🔥🔥🔥 우리 이사장님은 어떻게 보내셨나여??😂😂 서은이 입속에 쏘옥~ 넣어주시길!!❤️❤️❤️,2024-12-26,sweetshop
4491,sweetshop_2024-12-27,youu.ri,운동하다가 무릎을 다쳐서 아무곳도 못나가고 있어서 집에서 남편과 함께 맛있는 저녁를 코스요리로 만들어먹고 그리고 나는솔로 보면서 크리스마스를 마무리했어요!🎄👨🏻‍🍳🧑🏻‍🎄⭐️🎁,2024-12-26,sweetshop
4492,sweetshop_2024-12-27,_d9.o1ke,친구들이랑 릴스도 찍고 야무지게 고기도 먹구 왓습니다!! 24일엔 쿠키도 야무지게 구워서 가족들도 주고 친구들도 나누어주엇어요!! ❤️❤️🎄🎄,2024-12-26,sweetshop
4493,sweetshop_2024-12-27,young_in0_0,이브 밤에 출근해서 크리스마스 아침에 퇴근했어요😢 자고 일어나니깐 크리스마스 순삭😂,2024-12-26,sweetshop
4494,sweetshop_2024-12-27,namse_572,"하루종일 이사장님 생각하면서 잠에서 깨고, 양치하고, 식음을 전폐하고, 화장실가고, 밥 먹고, 누워만 지냈어요…",2024-12-26,sweetshop
4495,sweetshop_2024-12-27,small.kite__,"남친이랑 크리스마스 분위기 낭낭하게 방 꾸미는데 도중에 테이프가 없어서 근처 문구점 들러서 사와서 다시 꾸미는데 이번엔 전구에 넣을 건전지가 하나 부족하네? 꾸미다가 다시 나가서 편의점에서 건전지 사와서 다시 꾸미고 하다보니 두시간 걸려서 어찌저찌 완성🎄 그리고 서로 선물 교환하구 케이크 먹고 분위기 좋은 레스토랑에서 밥 먹고 그랬네용ㅋㅋ 방 꾸미는데 두시간 걸려서 당떨어집니다 이사장님,., 쿠키 원한다!!🎄🔥",2024-12-26,sweetshop
4496,sweetshop_2024-12-27,hde.10,아니 이사장님 갈수록 왤케 이뻐져요?,2024-12-25,sweetshop
4497,sweetshop_2024-12-27,jibbo_ovo,"오늘 푹자고 일어났는데 눈뜨자마자 교수님 전화받고 울 학생들 성적입력 도와주구요... 😢 사랑하는 어머니랑 목욕탕에서 따뜻하고 말끔하게 씻었어요! 연말이라고 이번해 묵은일들 싹 씻고 나온다고 하니 힐링 그자체더라구요. 그리고 처음으로 제대로 된 레스토랑 가서 스테이크도 크리스마스답게 썰고 왔답니다. 어머니랑 늘 힐링시간을 갖는데, 이사장님 영상도 저한텐 늘 시청하면 힐링시간이 됩니다. 이번 이벤트도 너무 뜻깊어보여요. 늘 응원합니다. 메리 크리스마스예요!! 😍🎄🙌❤️",2024-12-26,sweetshop
4498,sweetshop_2024-12-27,s_yj_46,늦잠을 푹 잔 후 여유롭게 언니랑 트더가서 파티 장보고 집에와서 파티시작과 동시에 가요대전 GD무대를 보며 칵테일을 마셨답니다👍🏻 평일 중간이라 다른 지역에서 일하시는 아버지랑은 같이 못 보냈지만 어머니와 언니 함께 즐거운 클스마스 파티를 할 수 있어 특별하고 좋았답니다🎄🎅🏻♥️,2024-12-26,sweetshop
4499,sweetshop_2024-12-27,gimhama1110,"친구들과 함께 집에 모여 각자 돈을 모아 배달음식을 마구 시켜 같이 맛있게 먹고ㅋㅋ벽도 풍선으로 꾸며 사진찍고, 보드게임, 랜덤게임 하면서 재밌게 놀다 다같이 이불 뒤집어 쓰고 공포영화 한 편 딱 보고 집에 왔어요ㅋㅋㅋ 이사장님은 어떻게 보내셨을지도 궁금하네요😆 집에 오고 나선 가족들과 함께 케이크를 먹으며 즐거운 시간을 보냈답니당ㅎㅎ 오늘은 솔직히 막 먹어도 0칼로리 아닌가요ㅋㅋㅋ 살찌면 눈치없는거,, 항상 잘 보구 있습니다❤️ 쿠키 진짜 잘 구우세요😍 이사장님 메리크리스마스🎄",2024-12-26,sweetshop
4500,sweetshop_2024-12-27,e0._nx,학교랑학원안가서 늦잠자고 뒹굴거리다가 강아지랑 쎄쎄쎄하다가 맛난거 먹었어요오,2024-12-25,sweetshop
4501,sweetshop_2024-12-27,imyour_b_b,늦잠 때리고 외출했다가 카페랑 음식점 거절만 5번 당하고 길거리 트리랑 사진한장 찍고 누웠읍니다 🥹 앞으로 크리스마스는 밖에 안나갈랍니다😂,2024-12-26,sweetshop
4502,sweetshop_2024-12-27,s2o0op,"카페에서 알바하고 왔어요...🥹 백화점 안 카페라 손님이 너무너무너무 많았어서 하루종일 쉬지도 못하고 기계처럼 커피만 만들다 왔습니다....😅😅 제가 만든 음료를 마시며 행복하게 연말을 보내는 손님들을 아련하게 쳐다봤네요 ㅋㅋㅋㅋ 비록 크리스마스는 잘 보내지 못했지만, 이사장님이 만든 쿠키를 먹으면 정말 기운 날 것 같아요🥺🫶",2024-12-26,sweetshop
4503,sweetshop_2024-12-27,qwe6513,오늘 성탄 예배드리고 이쁜딸 라꿍이랑 오락실가서 3만원쓰고 인형 5개뽑았어요ㅠㅠ,2024-12-25,sweetshop
4504,sweetshop_2024-12-27,_hyejin10,이번 쥬 일요일에 중요한 시험이 있어서 공부 깔짝하구 ~~ 📚 @__nam00k_ 이 놈이랑 딸기케이크 먹었어요 >_< 🍰❤️🎄💚,2024-12-26,sweetshop
4505,sweetshop_2024-12-27,216jeon,늦잠 싸악 자고 유튜브 영상올리고 애기들 선물사고 닭갈비에 볶음밥 혼내준다음 이제 곧 케이크랑 배달음식 시켜서 홈파티 예정입니다❤️ 이사장님 쿠키 먹어보고싶다 진짜로오옼!!!!😭,2024-12-25,sweetshop
4506,sweetshop_2024-12-27,hm1xhn,크리스마스에 감기걸림;;;;;……심지어 비염인이라 코막혀서 잠도5시간밖에 못잤다고요!!!!!!!!!!!!!!!!!내클마스 돌려내ㅠㅠㅠㅠㅠ ㅠㅠㅠㅠㅠㅠㅠㅠㅠㅠㅠㅠㅠㅠㅠㅠㅠㅠㅠㅠㅠㅠㅠㅠㅠㅠㅠ,2024-12-25,sweetshop
4507,sweetshop_2024-12-27,mfc_bravo_seoyoung,크리스마스에 출산하고 병원에 있었어요 ㅠㅠ 원래계획은 놀러가는거엿지만🤣 긴급으로 출산하게되어 새 생명만나서 좋았어요☺️ 아직두 병원이지만 한번 이벤트 신청해봐용❤️,2024-12-25,sweetshop
4508,sweetshop_2024-12-27,you_ziyum,늦잠 자고 10시에 일어나서😂 학교 방송제 때 쓰려고 샀다가 배송 늦어와서 못 쓴ㅠ 산타 망토 쓰고 캐롤 좀 들어주다가 설렁탕에 국밥 말아먹고 숙제 좀 하다가 가요대전해서 이건 못참쥐~ 하고  고래고래 소리지르면서 가요대전 보다가 9시부터 지금인 12시까지 영단어 외우고 이사장님 영상 봤어요❤️‍🔥,2024-12-25,sweetshop
4509,sweetshop_2024-12-27,choihyerim2013,저는 모솔입니다...ㅎㅎ 이번 크리스마스에도 혼자네요..?😶 걍 집에서 누워서가지고 이사장 영상이나 보고있었습니다...ㅎㅎ,2024-12-25,sweetshop
4510,sweetshop_2024-12-27,viviana_yoon,저어는 아이들과 함께 노로바이러스 + 코로나 바이러스의 영향으로 집콕했어요ㅠㅠㅠㅠㅠ 크리스마스 선물도 쿠팡읋 주문해서 겨우 보냈답니다..,2024-12-25,sweetshop
4511,sweetshop_2024-12-27,sonu_gim,동대문 7번 출구 근처의 쪽방촌에 가서 교회에서 준비한 이불과 난방비를 전달해드렸어요! 먹고 원조 닭한마리를 뿌셨습니다🔥,2024-12-25,sweetshop
4512,sweetshop_2024-12-27,shiwbqlozh,회사에수 잘리고 본집으로 내려가기 이삿짐 정리+ 당근마켓으어 물건 팔다가 다리 접질러서 침대에서 쉬고 있어요..🥲이사장님 쿠키 먹고  힘내고 싶습니다,2024-12-25,sweetshop
4513,sweetshop_2024-12-27,230513_aea,유튜브보다가 넘어왓어요 이번크리스마스 애들둘이 독감이여서 좀나아서 집에서 소소하게 트리만들고 치킨시켜먹고 베라 크리스마스케이크시켜먹었어요,2024-12-25,sweetshop
4514,sweetshop_2024-12-27,_after_like_,"담낭 문제로 병원에서 수술하고  보내고 온지라~ 크리스마스에 집에서 나혼자 산다보면서 요양했어요😢 보기에도 너무 귀엽고 맛있어보이는 레드벨벳,두바이 쿠키 너무너무너무 먹어보고 싶허요😍💕",2024-12-25,sweetshop
4515,sweetshop_2024-12-27,vavoo_2,저저저저 가족들이랑 산타거리 갔어요 젤라또랑 소핑회오리소시지마약핫도그?랑 암튼 많잊먹음,2024-12-25,sweetshop
4516,sweetshop_2024-12-27,sinmina956,저는요! 아침밥을먹으면서 이사장님영상보고 케이크먹고 강원도갔다가 가요대전보고 핸드폰바꾸고집에와서 숙제했어요!사랑해요❤️,2024-12-25,sweetshop
4517,sweetshop_2024-12-27,onekyu_,쿠키를 먹고싶습니다,2024-12-25,sweetshop
4518,sweetshop_2024-12-20,xvcyuuuk,아 너무 맛있겠다... 오늘저녁은 떡볶이다,2024-12-20,sweetshop
4519,sweetshop_2024-12-20,soul_jang,엄마힘드니까 시켜먹으래 ㅋㅋㅋㅋㅋㅋㅋㅋㅋㅋㅋㅋㅋ,2024-12-20,sweetshop
4520,sweetshop_2024-12-20,216jeon,아 엽떡 땡긴다....🤤,2024-12-20,sweetshop
4521,sweetshop_2024-12-20,yeoni_jibbab,소고기다시다+ 멸치다시다 꼭 섞어써야댐 😂 존맛,2025-01-20,sweetshop
4522,sweetshop_2024-12-20,kimromy2023,이거 맛있습니다.....🍲,2025-01-03,sweetshop
4523,sweetshop_2024-12-20,koni_0519,쭈야공님 다른 레시피도 맛나요~♡ 떡볶이 만들어야겠어요ㅎㅎ 군침도네요~,2024-12-27,sweetshop
4524,sweetshop_2024-12-20,j.xehxn_250,500kg이요....??????!!😮😮😮 먹다가 배 터지것슈 ㅋㅋ,2025-01-21,sweetshop
4525,sweetshop_2024-12-20,sysy9559,엇 김혜윤배운님 닮으셨다.❤️,2024-12-26,sweetshop
4526,sweetshop_2024-12-20,jxyxnn_,오늘 저녁 엽떡이다..!!,2024-12-22,sweetshop
4527,sweetshop_2024-12-20,s850313,밀떡은 어느회사꺼에요?,2024-12-22,sweetshop
4528,sweetshop_2024-12-20,eee_o0q,건강의모든것 이라는 인스타그램 영상에서 이사장님 영상 그냥사용 했던데...😢😢😢 아셔야할 것 같아서.요..😢😢😢,2024-12-22,sweetshop
4529,sweetshop_2024-12-20,ij_woo,중간에 물엿을 넣는건가요?,2024-12-24,sweetshop
4530,sweetshop_2024-12-20,jjs._.1202,혹시 제 디엠 한번만 봐주실수 있나요?? 졸업영상 조금만 도와주실수 있나 싶어서용!😢😍,2024-12-20,sweetshop
4531,sweetshop_2024-12-20,p.haelin,@byuri9512 이거해줘,2024-12-23,sweetshop
4532,sweetshop_2024-12-20,mins__83,떡볶이로 잔치해도 되것슈😂😂,2024-12-20,sweetshop
4533,sweetshop_2024-12-20,sx0n1z,편의점 스웨디시 젤리 종류별 비교 먹방 기원2일ㅊㅏ,2024-12-22,sweetshop
4534,sweetshop_2024-12-20,haetn1m,엽떡은 진짜 못참는데요😢다이어트 포기,2024-12-20,sweetshop
4535,sweetshop_2024-12-20,bo_ky.x,500kg는 너무많습니다....,2024-12-20,sweetshop
4536,sweetshop_2024-12-20,h9_gbs,마싯겠따 나 저떡볶이 들고 마실수있는데ㅎ,2024-12-25,sweetshop
4537,sweetshop_2024-12-19,beti1963co,저도 저 트리를 봤는데 어떤 귀엽고 키크고 예쁘고 이사장처럼 생긴사람이 오너먼트를 먹더라구요...😂,2024-12-19,sweetshop
4538,sweetshop_2024-12-19,gbm_09_19,손님들 오시기전에 사장님이 다 드셨다는 소문이...?🤣❤️,2024-12-19,sweetshop
4539,sweetshop_2024-12-19,yeseul0410,파자마 넘 잘 어울려요❤️,2024-12-19,sweetshop
4540,sweetshop_2024-12-19,ma_chimnae12,파자마 예쁘당,2024-12-19,sweetshop
4541,sweetshop_2024-12-19,juntae2015,프링글스 파자마 어디서 팔아용?,2024-12-19,sweetshop
4542,sweetshop_2024-12-19,mijeong_ggmom,어머 요리 천재네요 생각지도못한 조합이예요,2024-12-21,sweetshop
4543,sweetshop_2024-12-19,_mmlleook_,천재 인정.. 근데 뭔가 카다이프보다 맛날 것같은.....,2024-12-19,sweetshop
4544,sweetshop_2024-12-18,h_m.x10,우와 달고나의 여신이네요❤️❤️,2024-12-18,sweetshop
4545,sweetshop_2024-12-18,__zzuliddi,저런거 계속 먹는데 어떻게 살이 안찌는거냐고...,2024-12-19,sweetshop
4546,sweetshop_2024-12-18,kim_dh.95,500원에 한판이었는데 ㅋㅋ 다들얼마에,2024-12-18,sweetshop
4547,sweetshop_2024-12-18,suyen0427,알쥐알쥐.. 달고나게임기 500원넣으면 하나 만들수있는데 ㅋㅋ 위생이랑 안전은 개나줘버렸던 낭만의 시절이었네 ㅋㅋㅋ,2024-12-24,sweetshop
4548,sweetshop_2024-12-18,xvcyuuuk,저도 우유랑 바꿔먹었어요ㅋㅋㅋ근데 막 상한우유랑 바꿔먹으려는 악용하는 애들도 있던..,2024-12-18,sweetshop
4549,sweetshop_2024-12-18,schoyun,3번째는 완전 칼로리 폭팔!🔥🔥,2025-01-25,sweetshop
4550,sweetshop_2024-12-18,inmtos,달고나 만드는 기계 오랜만에 듣네요,2024-12-18,sweetshop
4551,sweetshop_2024-12-18,kimeungyong1385,와~세번째꺼는 살이 지대로 찔꺼같은데요?ㅋ,2024-12-19,sweetshop
4552,sweetshop_2024-12-18,minheeya_,이사장님 췌장이 소리질러요😂ㅋㅋㅋㅋ,2024-12-19,sweetshop
4553,sweetshop_2024-12-18,hyoeun._.719,"마지막에 마쉬멜로 달고나 뭐야,,, 역시 이사장님은 먹천재야!!! 이사장님 덕분에 상금 탈 수 있겠어요",2024-12-18,sweetshop
4554,sweetshop_2024-12-18,imhyeonji616,소다 많이 넣으면 맛없어요,2024-12-22,sweetshop
4555,sweetshop_2024-12-18,yuxun.1,우와ㅏ,2024-12-19,sweetshop
4556,sweetshop_2024-12-18,sr_yun99,언니 혈당 괜찮아요..?,2024-12-18,sweetshop
4557,sweetshop_2024-12-18,beti1963co,이사장..우리 깐부잔어..달고나 우산말고 이사장을 향한 나의 마음은 하트로 주슈❤️ 마지쒸가 특별히 이사장님은 삼각형으로 줄테니 얼른 달고나성공하고 탈출합시당🔥,2024-12-18,sweetshop
4558,sweetshop_2024-12-18,yeseul0410,스모어 아이디어 대밥,2024-12-18,sweetshop
4559,sweetshop_2024-12-18,ji_o.xng,내생일이 영상에 나왔다,2024-12-30,sweetshop
4560,sweetshop_2024-12-18,kyoungjin02,불량식품 판매점에서 팔던 어포에 달고나 깔고 김밥처럼 말아서 먹어도 맛있어요~,2025-01-01,sweetshop
4561,sweetshop_2024-12-18,z._.xin1661,이사장님 진짜 먹천재 ㅇㅈ,2024-12-18,sweetshop
4562,sweetshop_2024-12-18,anna.ceri9,우와ㅏㅏ😮,2025-01-05,sweetshop
4563,sweetshop_2024-12-18,_mmlleook_,역시 맛잘알.. 마지막 감동...👏👏👏,2024-12-18,sweetshop
4564,sweetshop_2024-12-18,anseonyeong82,"머릿결 관리 어떻게 하세요,,?",2025-03-16,sweetshop
4565,sweetshop_2024-12-18,haetn1m,언니 덕분에 오징어게임에서 살아남겠다~~침발라~~,2024-12-18,sweetshop
4566,sweetshop_2024-12-18,boom_111028,마지막거는 걍 달고나 딕만스같당^-^,2025-01-06,sweetshop
4567,sweetshop_2024-12-18,boom_111028,완즌 내 스탈이양~,2025-01-06,sweetshop
4568,sweetshop_2024-12-18,nyolihaneun,옛날에 수업 땡땡이 까고 문방구에서 맨날 달고나 만들어 먹었었는데,2024-12-19,sweetshop
4569,sweetshop_2024-12-15,hiskyhi,누가 이러케 예뽀나,2024-12-15,sweetshop
4570,sweetshop_2024-12-15,kellyfornia_c,와 이번 사진들 넘넘 이뻐용😍😍😍 러블리❤️,2024-12-15,sweetshop
4571,sweetshop_2024-12-15,4catdc,언니옷 너무예쁘당♡,2024-12-18,sweetshop
4572,sweetshop_2024-12-15,bellaella_s2,제 크룽지도 있나요?😮,2024-12-15,sweetshop
4573,sweetshop_2024-12-15,djdjiwoxnxnshakxldkqnznxnwkxkx,이 언니 길쭉하다니깐,2024-12-15,sweetshop
4574,sweetshop_2024-12-15,teanyer,이 사진에 보정이 없다니!!,2024-12-15,sweetshop
4575,sweetshop_2024-12-15,eh._.yjw,언니 개이뻐요!!!!!!,2024-12-15,sweetshop
4576,sweetshop_2024-12-15,mine______a,이사장님 너무 예부요ㅠ,2024-12-15,sweetshop
4577,sweetshop_2024-12-15,jenny120617,티셔츠가 지나치게 오버핏이네요 ㅎ,2024-12-15,sweetshop
4578,sweetshop_2024-12-15,eun.park.ji,너무 이쁜뎅!!!!❤,2024-12-15,sweetshop
4579,sweetshop_2024-12-15,sgm_xwiko,아니 뭐야 왤케 예뿌세요,2024-12-15,sweetshop
4580,sweetshop_2024-12-15,yeseul0410,언니 코디 짱 잘어울려요❤️,2024-12-15,sweetshop
4581,sweetshop_2024-12-15,xvcyuuuk,진짜 너무예뻐요!!!!!!!!!!당장갈래,2024-12-15,sweetshop
4582,sweetshop_2024-12-15,jjiwoo.pyo.jj,언니 첫사진 치마 머야 따땃하게 입고 댕겨요😍,2024-12-15,sweetshop
4583,sweetshop_2024-12-15,superzombiestar,예뻐요 귀여워요,2024-12-15,sweetshop
4584,sweetshop_2024-12-15,lovelyluna_91_,겨울이당 이사장님 코트 넘이쁘ㅜㅜㅡ,2024-12-15,sweetshop
4585,sweetshop_2024-12-15,ara.byeol_,진챠 넘무 이뿌네.. 언니 자체가 크리스마스야..❤️💚,2024-12-15,sweetshop
4586,sweetshop_2024-12-15,haetn1m,이런 사진들 자주올려주세요😍,2024-12-15,sweetshop
4587,sweetshop_2024-12-15,studyingflow_37,존예,2024-12-15,sweetshop
4588,sweetshop_2024-12-15,beti1963co,여신 그잡채 너무 샤라랄 공쥬자나ㅠㅠㅠ 너무 귀엽자나ㅜㅜㅜ크리스마스에 라이브...큼큼..,2024-12-15,sweetshop
4589,sweetshop_2024-12-15,frog001213,무에요?? 왤케 이뽀요????,2024-12-15,sweetshop
4590,sweetshop_2024-12-15,_berryjamjam,존예❤️,2024-12-16,sweetshop
4591,sweetshop_2024-12-15,z._.xin1661,진짜 이쁘시다....,2024-12-16,sweetshop
4592,sweetshop_2024-12-15,mins__83,이사장~~ 넘이쁘당😍🥰,2024-12-16,sweetshop
4593,sweetshop_2024-12-15,yx.0n1x,언니 너무 귀여우세요 ㅠㅜㅠㅠㅠㅠㅠㅜㅜㅜㅜ,2024-12-16,sweetshop
4594,sweetshop_2024-12-15,anwodoxx,이사장니임 너무 예뻐효ㅠㅠㅠㅠㅠ❤️❤️,2024-12-16,sweetshop
4595,sweetshop_2024-12-15,baby2723,모델이야~~!?,2024-12-16,sweetshop
4596,sweetshop_2024-12-15,seohee121219,언니 혼자갔어??,2024-12-16,sweetshop
4597,sweetshop_2024-12-15,lucky_eldy2,언니 왜이렇게 예뻐요...❤️,2024-12-16,sweetshop
4598,sweetshop_2024-12-15,chris11052024,아니 이사장님 아닌줄...이러시면 나 멀어저요...,2024-12-18,sweetshop
4599,sweetshop_2024-12-15,staydaeun,우와ㅏ진짜코디잘맞추셨어용 이쁘댜,2024-12-22,sweetshop
4600,sweetshop_2024-12-15,_jxn715,고딩같아ㅏㅏ,2025-01-14,sweetshop
4601,sweetshop_2024-12-13,216jeon,이쁘고 귀엽고 이사장님 다해라💓💓💓,2024-12-13,sweetshop
4602,sweetshop_2024-12-13,sweetshoppin_n,이사장님 영상보는 제눈도 하뚜😍😍 저도 쌍수전 중딩때 렌즈가 안들어가섴ㅋㅋㅋㅋ큐ㅠ엄마한테 뒤지게 혼난 것도 똑같아요...,2024-12-13,sweetshop
4603,sweetshop_2024-12-13,hyoeun._.719,"하트렌즈 머야,,, 넘 이쁘잖아요❤️❤️ 이사장님도 내 하트빔을 받아랏💗💗💗💗💗💗💗",2024-12-13,sweetshop
4604,sweetshop_2024-12-13,_s2.chirpy,영상에 핑크색 상의 정보좀 주실수 잇나요??🥺,2024-12-13,sweetshop
4605,sweetshop_2024-12-13,mins__83,이사장님~ 안해두 이뻐 이뻐😘,2024-12-13,sweetshop
4606,sweetshop_2024-12-13,yeseul0410,이사장님은 핑크가 넘 찰떡,2024-12-13,sweetshop
4607,sweetshop_2024-12-13,yeon_of_12,언니 넘 예뻐요❤️,2024-12-13,sweetshop
4608,sweetshop_2024-12-13,lovelyluna_91_,이쁘다!!!,2024-12-13,sweetshop
4609,sweetshop_2024-12-13,z._.xin1661,이사장님 사람용 츄르(?) 만들어 주세요,2024-12-13,sweetshop
4610,sweetshop_2024-12-13,soul_jang,인형같네요~,2024-12-13,sweetshop
4611,sweetshop_2024-12-13,jvely_06,렌즈는 위험하니 아무데서나 사지마세요 ㅜㅜ,2024-12-15,sweetshop
4612,sweetshop_2024-12-13,seon_ok_h,네❤️❤️❤️ 받으러 와쒀요❤️,2024-12-13,sweetshop
4613,sweetshop_2024-12-13,sx0n1z,스웨디시 편의점 꺼 종류별로 진짜랑 비교해주세요,2024-12-13,sweetshop
4614,sweetshop_2024-12-13,chickenislovelovelove,뜬금포인데 언니 30중반?,2024-12-13,sweetshop
4615,sweetshop_2024-12-13,_mmlleook_,눈에 하트 뿅뿅😍😍,2024-12-13,sweetshop
4616,sweetshop_2024-12-13,477gram,ㅋㅋㅋㅋㅋ 유튜브에서도 이쁘더니 여기서도 이쁘네 에잇 짜증낰,2024-12-13,sweetshop
4617,sweetshop_2024-12-13,sweetshop_s2,또 리뷰 원하시는 제품 있으시면 알랴주세용🙌,2024-12-13,sweetshop
4618,sweetshop_2024-12-13,ggang_starr,너무 예쁘다 ❤️❤️❤️,2024-12-14,sweetshop
4619,sweetshop_2024-12-13,kim_kaykay,이분 너무 이쁜것같음.. 뭔가 깔끔 순수 깨끗한 느낌이라 영상보면 기분좋아짐,2024-12-15,sweetshop
4620,sweetshop_2024-12-13,haetn1m,언니 이런것도 리뷰 잘하네...,2024-12-15,sweetshop
4621,sweetshop_2024-12-13,ooonwnooo,예뻐요 😍🔥🙌❤️,2024-12-17,sweetshop
4622,sweetshop_2024-12-13,ha_yx.ung,이 영상이 지금까지 본 이사장 중 젤 예쁜듯!!,2025-01-06,sweetshop
4623,sweetshop_2024-12-10,xvcyuuuk,모양 너무 예브다 뭐야 화면에서 그대로 꺼낸 줄 알앗어욬ㅋㅋㅋㅋㅋ,2024-12-10,sweetshop
4624,sweetshop_2024-12-10,hana.9548,정말 대단하세요~~ 정말 리본 캔디인데요~~ 😍😍😍😍,2024-12-10,sweetshop
4625,sweetshop_2024-12-10,hyoeun._.719,진짜로 많은 분들이 리본 캔디를 만드는 것을 봤지만 이렇게나 이쁘게 잘 만드신건 처음봐요!! 역시 이사장님👍,2024-12-10,sweetshop
4626,sweetshop_2024-12-10,yeseul0410,저 예전에 대왕 막대사탕 만드신거 너무 재미있어서 계속 돌려보고 있어요!이번꺼도 역시 👏,2024-12-10,sweetshop
4627,sweetshop_2024-12-10,hhhminjung,대단하세요😍늘 잘 보고 있습니닷!!,2024-12-10,sweetshop
4628,sweetshop_2024-12-10,jjye_ong_v.v,사신거 아니구요??? 와...진짜 능력자..👏👏,2024-12-11,sweetshop
4629,sweetshop_2024-12-10,cherry150624,우리 속인 줄 알았잖아요😭😭 너무 예뻐😍,2024-12-10,sweetshop
4630,sweetshop_2024-12-10,y3_jhshrh,어머 왤케 잘만들어유 신기 ㅋㅋㅋ,2024-12-10,sweetshop
4631,sweetshop_2024-12-10,se._ola12,겁나 비슷하넹😂😍,2024-12-10,sweetshop
4632,sweetshop_2024-12-10,season2_ook,저 아세요?,2024-12-30,sweetshop
4633,sweetshop_2024-12-10,kc20141018,대단해요~~~~!!,2024-12-11,sweetshop
4634,sweetshop_2024-12-10,hyeon.jeong_1234,빨리왓땅ㅇ,2024-12-10,sweetshop
4635,sweetshop_2024-12-10,k.1_w1o0,온도 재드림,2024-12-25,sweetshop
4636,sweetshop_2024-12-10,from.jinhyuk,황금손이네,2024-12-10,sweetshop
4637,sweetshop_2024-12-10,soul_jang,늘 볼때마다 느끼는거지만 손재주 쩔어,2024-12-10,sweetshop
4638,sweetshop_2024-12-10,9408.yo,인정,2024-12-10,sweetshop
4639,sweetshop_2024-12-10,lazyeonu,4빠,2024-12-10,sweetshop
4640,sweetshop_2024-12-10,_mmlleook_,보고 만드는건 진짜 인플루언서 중 최고일듯,2024-12-10,sweetshop
4641,sweetshop_2024-12-10,catb.o.t,워우~~~~,2024-12-10,sweetshop
4642,sweetshop_2024-12-10,00_yuym,ㅋㅋㅋ진짜 재능충❤️,2024-12-10,sweetshop
4643,sweetshop_2024-12-10,mcsrhmnmn,이번영상 졸귀ㅣㅣㅣㅣㅣㅣㅣ,2024-12-11,sweetshop
4644,sweetshop_2024-12-10,gimdaeun7523,자린고비 유튜버ㅋㅋ,2024-12-11,sweetshop
4645,sweetshop_2024-12-10,lovelyluna_91_,진짜 화면이랑 똑같이 예뻐욘👏,2024-12-11,sweetshop
4646,sweetshop_2024-12-10,simdodam0612,와 금손,2024-12-11,sweetshop
4647,sweetshop_2024-12-10,suwan6327,와..저산줄알았어요🔥,2024-12-12,sweetshop
4648,sweetshop_2024-12-10,yumyounge,와 뭐죠?? 팔아도 되겠어요,2024-12-13,sweetshop
4649,sweetshop_2024-12-10,jeonghyeon986980,진쯔 파는거같이 이쁘게 잘만드시네요~~~,2024-12-13,sweetshop
4650,sweetshop_2024-12-10,won.ji_,우와 이걸 만들다니 금손👏,2024-12-15,sweetshop
4651,sweetshop_2024-12-10,cookedby_leolee,와 이걸 집에서…🔥🔥🔥🔥🔥,2024-12-15,sweetshop
4652,sweetshop_2024-12-10,strong_midol,와 진쨔 금손 개부럽😍 어느순간 완제품 뚝딱❤️ 파는건쥴 알았어요!,2024-12-16,sweetshop
4653,sweetshop_2024-12-10,ar_xx_i,우아… 금손이시네요,2024-12-16,sweetshop
4654,sweetshop_2024-12-10,h_agye.ou,너무 예쁘게 잘만드셨네요 손재주 굿~~~,2024-12-19,sweetshop
4655,sweetshop_2024-12-10,kmynso14,와 ...! 흑백요리사에 나가서 통과 할겄 같아여..!🥳,2024-12-21,sweetshop
4656,sweetshop_2024-12-10,jeongjiweon4337,와 진짜 똑같은데?,2024-12-24,sweetshop
4657,sweetshop_2024-12-10,kanghyojeong0410,진짜잘만들었어요!!,2024-12-29,sweetshop
4658,sweetshop_2024-12-10,yuna130112,헛❤️ 파는거랑 다를게 없어요😍 모양도 진짜 똑같음 ㅋㅋㅋ 젼언니님 거랑 비교 해 보면ㅋㅋㅋㅋㅋ,2024-12-31,sweetshop
4659,sweetshop_2024-12-10,dgggugygduhugu,언니 너무 대단한데요,2025-01-01,sweetshop
4660,sweetshop_2024-12-10,dgggugygduhugu,손재주가 아주 굿 굿,2025-01-01,sweetshop
4661,sweetshop_2024-12-10,gimtaeyeon676,난 리드체조 국가대표 인듀,2025-01-01,sweetshop
4662,sweetshop_2024-12-10,jiwxo_1,대왕으로 만들어주실수 있나요??ㅋㅋㅋㅋ,2025-01-01,sweetshop
4663,sweetshop_2024-12-10,hapbbbi2,좋아툥9999❤️,2025-01-04,sweetshop
4664,sweetshop_2024-12-10,ihyoju659,찐인줄 알았어요!!,2025-01-08,sweetshop
4665,sweetshop_2024-12-10,jay.ssam,비율 알려주세요,2025-01-09,sweetshop
4666,sweetshop_2024-12-10,ju840502,금손....,2025-01-17,sweetshop
4667,sweetshop_2024-12-10,halohalo5723,재능미쳤다,2025-01-19,sweetshop
4668,sweetshop_2024-12-10,dazzling_s_h_,와 금손이시다 👏,2025-01-20,sweetshop
4669,sweetshop_2024-12-10,singiug16,내 이름 기욱인데;;,2025-01-24,sweetshop
4670,sweetshop_2024-12-10,goqkfkrl2756,손재주 디져브노,2025-01-25,sweetshop
4671,sweetshop_2024-12-10,s3_gokuhaku,금손❤️❤️❤️❤️❤️,2025-01-25,sweetshop
4672,sweetshop_2024-12-10,chaea_0209,달콤살범속마음레시피 잘밨어용,2025-02-05,sweetshop
4673,sweetshop_2024-12-10,jeongeun0113,못만드는게머에요?👏,2025-02-16,sweetshop
4674,sweetshop_2024-12-10,seo_4504,파는것처럼예쁘게만드셨네요,2025-02-24,sweetshop
4675,sweetshop_2024-12-10,seunghyeon4575,외국인이 먹는거 사온건줄알았네 도플갱어인줄 ㅋ😂😂,2025-03-08,sweetshop
4676,sweetshop_2024-12-09,tztono_.u._,혹시 찍다가 현타가 와서 정신 나가셨나요??왜 피클한테 베이비....ㅋㅋ,2024-12-09,sweetshop
4677,sweetshop_2024-12-09,z._.xin1661,으악 진짜 젼언니 대단하신거 같아요ㅋㅋ,2024-12-09,sweetshop
4678,sweetshop_2024-12-09,lee.juhye,젼언니 좋아하는건데 이거😂😂😂,2024-12-10,sweetshop
4679,sweetshop_2024-12-09,shaneeeee_hk,아처음으로 으으~~ 이러면서봤어욬ㅋㅋㅋ 고생하셨어요,2025-01-11,sweetshop
4680,sweetshop_2024-12-09,xvcyuuuk,으악ㅋㅋㅋㅋㅋ보기만해도 침나와요 비주얼부터. 어떻게 저러나욬ㅋㅋㅋㅋ,2024-12-09,sweetshop
4681,sweetshop_2024-12-09,jjye_ong_v.v,진짜 유튜버 쇼츠 릴스 만드는 사람들 전 대단한 것 같아요..돈 준다그래도 맛잇는거에 진심이라..ㅠ,2024-12-10,sweetshop
4682,sweetshop_2024-12-09,with_miinii,으~~보는데 내가 먹는듯한 착각😂,2024-12-09,sweetshop
4683,sweetshop_2024-12-09,hasori0512,와 공사장 asmr 먹방유튜브 생각나요,2024-12-22,sweetshop
4684,sweetshop_2024-12-09,jin_yeong02.17,아니왜 이뻐지시는데요? 점점 왜이쁘냐구요 자꾸 👍👍👍👍👍👍😆😆,2024-12-10,sweetshop
4685,sweetshop_2024-12-09,off__02102,이사장님 예뻐지셧서요 🥺🤎,2024-12-11,sweetshop
4686,sweetshop_2024-12-09,z._.xin1661,위에서 주무시는 귀여운 주인님ㅋㅋ,2024-12-14,sweetshop
4687,sweetshop_2024-12-09,ourstorim,고문기구 아니야?ㅋㅋㅋㅌ 어쨐ㅋㅋㅋ🤣🤣,2024-12-09,sweetshop
4688,sweetshop_2024-12-09,sebyuk._.02,아니 저 마이크 대역의 국자..? 는 뭡니까 ㅋㅋㅠ,2024-12-09,sweetshop
4689,sweetshop_2024-12-09,hoon_pyo,표정이ㅎㅎㅎ 딸이랑 같이 보다가 빵~ 터졌습니다ㅎ😂,2024-12-09,sweetshop
4690,sweetshop_2024-12-09,face.four.free,엄청난 괴식이네여(?) ㅋㅋㅋㅋ,2024-12-09,sweetshop
4691,sweetshop_2024-12-09,soul_jang,아 너무 웃겨 ㅋㅋㅋㅋㅋㅋㅋㅋ,2024-12-09,sweetshop
4692,sweetshop_2024-12-09,sx.ain12,시팤ㅋㅋㅋㅋ 겁나 웃음,2024-12-15,sweetshop
4693,sweetshop_2024-12-09,dasom__0707,뒤에 냥이넘귀엽쟈냐 😍😍,2025-01-22,sweetshop
4694,sweetshop_2024-12-09,sea_pearl.09,숟가락 마이크로 쓰는거 개웃기넼ㅋㅋ,2024-12-10,sweetshop
4695,sweetshop_2024-12-09,chill_haza,ㅋㅋㅋㅋㅋㅋㅋㅋㅋㅋㅋ개웃기네 ㅋㅋㅋㅋㅋㅋㅋㅋ,2024-12-09,sweetshop
4696,sweetshop_2024-12-09,js.son.kor,미국음식은 기본 3요소 1짜다 2치즈 3 플라스틱 색소,2024-12-10,sweetshop
4697,sweetshop_2024-12-09,yuririder,😧우엑...,2024-12-11,sweetshop
4698,sweetshop_2024-12-09,yeseul0410,데이비드 ㅋㅋ 너무 웃겨요,2024-12-09,sweetshop
4699,sweetshop_2024-12-09,bellra0204,언니 손.....,2024-12-10,sweetshop
4700,sweetshop_2024-12-09,ttottiyou,불쌍해보여요ㅋㅋㅋㅋㅠㅠㅠㅠㅠ,2024-12-11,sweetshop
4701,sweetshop_2024-12-09,seo_u.12,데이비드....,2025-01-10,sweetshop
4702,sweetshop_2024-12-09,6xnzh.3,청포묵 와라비모찌5,2025-01-11,sweetshop
4703,sweetshop_2024-12-09,ddong_tting,씨파..,2025-01-18,sweetshop
4704,sweetshop_2024-12-09,melaniejungmin,소금식초 감자칩같은 거에요.ㅋ 첨엔 냄새에도 놀래고 맛에 또한번 놀래는거요.ㅋㅋㅋㅋ,2025-01-21,sweetshop
4705,sweetshop_2024-12-09,hong_j._.k,데이비드 난데..저를 먹었네요😥,2025-03-12,sweetshop
4706,sweetshop_2024-12-09,mango48252,씨파ㅋㅋㅋ,2025-03-14,sweetshop
4707,sweetshop_2024-12-09,k_sly.z,씨(가)파(란색)ㅋㅋㅋㅋㅋㅋ,2025-04-11,sweetshop
4708,sweetshop_2024-12-09,jisun50,데...데이비드...?,2025-04-19,sweetshop
4709,sweetshop_2024-12-09,diabe3243,피클 캐릭터가 퉁퉁퉁 사후르 닮은거 같은데??,2025-05-16,sweetshop
4710,sweetshop_2024-12-09,myday5582,혈당스파이크네ㅋㅋ,2025-05-21,sweetshop
4711,sweetshop_2024-12-09,eunjeong3402,이쁜데 털털 이게 먹키제👏👏👏,2025-07-26,sweetshop
4712,sweetshop_2024-12-08,jing3774,요 ~~~~ (*°▽°*),2024-12-10,sweetshop
4713,sweetshop_2024-12-08,ca.cajun,어?남자손?,2025-02-04,sweetshop
4714,sweetshop_2024-12-08,yeseul0410,이사장님 먹방 대박!!,2024-12-08,sweetshop
4715,sweetshop_2024-12-08,hk2luv,하 나 이언니 너무 좋아ㅋㅋ 말 너무 재밌어ㅋㅋㅋ,2024-12-10,sweetshop
4716,sweetshop_2024-12-08,s_y0._xn,우와~😲😲😲,2024-12-11,sweetshop
4717,sweetshop_2024-12-08,chseoo_junnn,흑백요리사2나온다는데 이 이쁜누나 진짜 나오면 1등각인데😍😍😍😍😍😍😍😍,2024-12-09,sweetshop
4718,sweetshop_2024-12-08,gyeong_rae88,꼭 먹어보고싶네요😂,2024-12-09,sweetshop
4719,sweetshop_2024-12-08,wonakakqnqn,어제인클이엇져,2024-12-08,sweetshop
4720,sweetshop_2024-12-08,namjujin,땔감ㅋㅋㅋㅋㅋㅋㅋㅋㅋ👏👏,2024-12-09,sweetshop
4721,sweetshop_2024-12-08,seo_jun0518,보일러 라면 먹다가 안에 있는 팩 안 까고 먹어서 라면 더 불고 나중에 알아서 먹음 😂,2025-01-27,sweetshop
4722,sweetshop_2024-12-08,eyeoh_love,대박아이디어,2024-12-22,sweetshop
4723,sweetshop_2024-12-08,lovelyluna_91_,새우를 미끼로 끼면 5분이내에 물고기옵니다 -백일도 바다낚시 아저씨께 미끼 얻어서 5마리 잡은 경험자😮,2024-12-08,sweetshop
4724,sweetshop_2024-12-08,tjdrb0913,널 땔깜으로 쓰면 되니깤ㅋㅋㅋㅋㅋㅋㅋ,2024-12-08,sweetshop
4725,sweetshop_2024-12-08,mjmixdj,할머니댁에 하나 놔드려야겠네,2024-12-10,sweetshop
4726,sweetshop_2024-12-08,sy88style,@dooki.kim 이거좋댜,2024-12-16,sweetshop
4727,sweetshop_2024-12-08,myeongsun.yeo,가격은 좀비쌀듯하내요,2024-12-27,sweetshop
4728,sweetshop_2024-12-08,ljdwhd,10초 아님 10분임..과장광고네,2025-01-06,sweetshop
4729,sweetshop_2024-12-08,myeongsun.yeo,가격이 너무비싼데요,2024-12-27,sweetshop
4730,sweetshop_2024-12-08,ianyun_.12,학교 과학시간에 배우는 원리가 그건데 알류미늄이랑 코퍼랑 소금이 섞기면 열이 올라요,2024-12-08,sweetshop
4731,sweetshop_2024-12-08,sbjunn,해초 잡았는대 해초를 안넣다니,2024-12-12,sweetshop
4732,sweetshop_2024-12-08,winsome_jy07,@0.hunn 오신기해 ㅋㅋㅋㅋ사줘,2024-12-09,sweetshop
4733,sweetshop_2024-12-08,bee24h,이......라면은 좀........,2025-01-01,sweetshop
4734,sweetshop_2024-12-08,ch0966,버너 쓰세요,2025-01-07,sweetshop
4735,sweetshop_2024-12-08,ceolho71,물이 없다면? 요건 제가 특허낼 거니까 시도하지 마셈 ㅎ,2024-12-17,sweetshop
4736,sweetshop_2024-12-08,sam_heo0128,난 퍼진면 좋아하는데 면이 너무 덜익었누,2024-12-09,sweetshop
4737,sweetshop_2024-12-08,damhxn_,지는 가져온거 ㅈ도 없으면서 널 땔깜으로 쓰면 되니까 이 ㅈㄹ,2025-01-21,sweetshop
4738,sweetshop_2024-12-08,angreu7150,"5500 원 두개 11,000원 😢",2024-12-10,sweetshop
4739,sweetshop_2024-12-07,piece_of_bk,차카니 맛있죠..!!아니 근데 이사장님...동안이신건지...(그래도 저보다는 어리실것이라 추정),2024-12-07,sweetshop
4740,sweetshop_2024-12-07,xvcyuuuk,헉 저랑 동년배엿다닠ㅋㅋㅋㅋㅋㅋ당연히 어리다고 생각했네요 저는 그 매운쥐포에 소세지..,2024-12-07,sweetshop
4741,sweetshop_2024-12-07,216jeon,"저는 차카니랑 맥주사탕이 최앱니다,,,,,🤭🤭🤭",2024-12-07,sweetshop
4742,sweetshop_2024-12-07,dududuuuuu0,오늘 화장 너무 이쁘다 ㄹㅈㄷ,2024-12-07,sweetshop
4743,sweetshop_2024-12-07,pm4m1,우왘ㅋㅋㅋㅋㅋ 쿠팡 별걸 다파네... 그래서 이사장님 나이는요 05년생이요🩵🩵,2024-12-07,sweetshop
4744,sweetshop_2024-12-07,happy_lovely1003,피져도...테이프도....손바닥캔디도...페인트사탕도...생각나는 80년대생임니당...추억의 간식이네요...ㅋㅋㅋ아폴로도 기술적으로 빼먹었다는..ㅋㅋㅋ,2024-12-08,sweetshop
4745,sweetshop_2024-12-07,seulgi_aaa,피쮸쨩이라니... 피져가 원조 아니냐구요😂,2024-12-08,sweetshop
4746,sweetshop_2024-12-07,bagjaeweon308,나 13살인데 왜 다알고 있지??ㅋㅋㅋㅋ,2025-01-19,sweetshop
4747,sweetshop_2024-12-07,face.four.free,추억의 간식들이구만요..아폴로 한번에 다 씹고 뱉기..후후 논두렁 최애였슴다...,2024-12-07,sweetshop
4748,sweetshop_2024-12-07,cheawon_0809,초딩때 아폴로 저도 그렇게 먹었는데!!! 지금나오는건 되긴 한데 엄청난 빨아들임 힘(?)이 필요해요 ㅋㅋㅋㅋ,2024-12-07,sweetshop
4749,sweetshop_2024-12-07,alrolrolro,피져 아는 사람 ✋🏻,2024-12-11,sweetshop
4750,sweetshop_2024-12-07,sss100_mom,요즘 아폴로는 깔끔하게 먹어지는게 안되더라구요.. ㅠㅠ,2024-12-07,sweetshop
4751,sweetshop_2024-12-07,z._.xin1661,이사장님 오브라이트 아세요? 아시면 만들어 주세오!,2024-12-07,sweetshop
4752,sweetshop_2024-12-07,wlmin_._._0o0,자야 존맛 ㅜㅜㅜㅜㅜ,2024-12-07,sweetshop
4753,sweetshop_2024-12-07,ayeon_go2,왜 난 아는게 많이 없지....,2024-12-10,sweetshop
4754,sweetshop_2024-12-07,joondell417428,사장님 저랑 나이 비슷할듯ㅋㅋㅋ 90 년생 입니당ㅋㅋ,2024-12-17,sweetshop
4755,sweetshop_2024-12-07,disfbkes,아폴로 저렇게 안작지 않았나요?,2024-12-07,sweetshop
4756,sweetshop_2024-12-07,_you_and_i_together_,처음 에낙 말하신건가요?,2024-12-07,sweetshop
4757,sweetshop_2024-12-07,m_pool99,몇년생 이신가요?,2024-12-07,sweetshop
4758,sweetshop_2024-12-07,yeseul0410,언니 진짜 오늘 더 예뻐보여❤️,2024-12-07,sweetshop
4759,sweetshop_2024-12-07,ylcarlson,논두렁이에요? 전 밭두렁인줄!,2024-12-08,sweetshop
4760,sweetshop_2024-12-07,jsso__young,7개,2024-12-08,sweetshop
4761,sweetshop_2024-12-07,hyimanggori,연탄불에 구워주던 분홍색 설탕 얇은 쫀듸기 생각난다 불에 살짝 구우면 설탕이 녹아서 더 맛있었는데 {간식이름 생각안남},2024-12-08,sweetshop
4762,sweetshop_2024-12-07,y___jeans,저거 아폴로가아니라 아팟치가 레전드엿는데,2024-12-08,sweetshop
4763,sweetshop_2024-12-07,leehun1005,저 10살인데 다알아요,2024-12-08,sweetshop
4764,sweetshop_2024-12-07,z__xnv_7,난 아폴로 물어서 먹기도 귀찮아서 아예 입에넣고 씹음,2024-12-08,sweetshop
4765,sweetshop_2024-12-07,a_n2.244,논두렁 한웅큼 입에넣고 짭짤한거만 빨아먹고 후두두두두두 날렸었는데...,2024-12-09,sweetshop
4766,sweetshop_2024-12-07,a_hee.story,휘파람도 나오고 눈도 나오고요😍ㅋㅋㅋ,2024-12-09,sweetshop
4767,sweetshop_2024-12-07,shy__shy86,테이프처럼 생긴 과자?? 도 있었고 문어발도 팔았는데.. 😂😂,2024-12-09,sweetshop
4768,sweetshop_2024-12-07,y_uzix,저거 손바닥 사탕 팔란거 맛있는데,2024-12-09,sweetshop
4769,sweetshop_2024-12-07,2_oror,.....티그레톤 아시냐구여 ㅋㅋㅋㅋㅋㅌ 뭐냐고 묻다가 이름찾아옴ㅋ.ㅋ,2024-12-09,sweetshop
4770,sweetshop_2024-12-07,ekaqlek0,저는 그 포도맛 같은 건데 딱딱한데 씹으면 말랑해지는 재미있는 식감 이었던 거 좋아했는데 이름이 기억 안나요^^.... ....,2024-12-10,sweetshop
4771,sweetshop_2024-12-07,yumi8509,옛날엔 더더 새콤한 과일맛 피져 있어영ㅋ 포도가 제일 맛있었던 기억이요~~ㅋ 그리고 옛날 아폴로는 좀더 단맛이 강했고 비비면 더 쑥 나왔는데 좀 바뀐거같아요ㅠ,2024-12-11,sweetshop
4772,sweetshop_2024-12-07,res23257,만원 비싸다..,2024-12-11,sweetshop
4773,sweetshop_2024-12-07,woo95.11.28,옛날맛 하나도 없어졌어요,2024-12-12,sweetshop
4774,sweetshop_2024-12-07,hebe_w.d,꾀돌이는 왜 없지...,2024-12-12,sweetshop
4775,sweetshop_2024-12-07,binnana_kick,"@so.0e 피츄짱 ,,,,서랍에 가득 했는디..",2024-12-15,sweetshop
4776,sweetshop_2024-12-07,dwowns_10,논뚜렁은 학교 수업시간때 책상밑에서 쌤 몰래먹어야 맛있었는데,2024-12-28,sweetshop
4777,sweetshop_2024-12-07,6xnzh.3,청포묵 와라비모찌 3트,2025-01-11,sweetshop
4778,sweetshop_2024-12-07,leeyeohjih,7개,2025-01-22,sweetshop
4779,sweetshop_2024-12-07,_cmgj_,아폴로 끝에 살짝 먹어주고나서 빨아먹어야 쏙 나와용!,2025-03-24,sweetshop
4780,sweetshop_2024-12-06,5368.5368,ㅋㅋㅋ 이거보고 매일 팽이버섯 두봉다리씩 굽는 엄마 됐습니다,2024-12-06,sweetshop
4781,sweetshop_2024-12-06,m1nx1,"혹시 매운 거 못드시는 분들은 팽이버섯에 <굴소스1 참치액1> 넣어 볶아드셔도 맛있습니다•• 기호에따라 양배추 채썰어서 볶아줘도 존맛탱 ,,,,",2024-12-07,sweetshop
4782,sweetshop_2024-12-06,h_m.x10,저도 저거 완전 좋아하는데..🤤진짜 소리도 좋고 진심 맛있어요!!,2024-12-06,sweetshop
4783,sweetshop_2024-12-06,p.j.s82,너무 목소리가 매력적입니다. 진짜에요🤭,2024-12-06,sweetshop
4784,sweetshop_2024-12-06,nulicook,아....ㅋㅋㅋㅋㅋㅋ5번쨰 보러왔는데 보면서도 또 군침삼켰어욬ㅋㅋㅋ,2025-01-08,sweetshop
4785,sweetshop_2024-12-06,liwoo_foodie,너무 귀엽다….❤️,2024-12-06,sweetshop
4786,sweetshop_2024-12-06,2738wna,맛있게 드시네요 근데 팽이 버섯은 똥으로 그대로 나와서불편해요 보는걸로 만족해야겠습니다 ㅠㅠ,2024-12-06,sweetshop
4787,sweetshop_2024-12-06,ye_eun1407,1빠! 만들어 봐야겠어요오😍,2024-12-06,sweetshop
4788,sweetshop_2024-12-06,issochoi,배운사람..,2025-01-19,sweetshop
4789,sweetshop_2024-12-06,z._.xin1661,레전드 영상 또다시 탄생하나?,2024-12-06,sweetshop
4790,sweetshop_2024-12-06,rin_jun_mama,@rin_jun_.papa 이거 먹어보쟈😢,2025-01-05,sweetshop
4791,sweetshop_2024-12-06,luv_jin_s,@qkrsh_ 이걸맹들쟈!!!!,2025-01-09,sweetshop
4792,sweetshop_2024-12-06,k___iseul,@yeon_je00 담에 언니가 해줘 언니네서 먹자,2025-01-13,sweetshop
4793,sweetshop_2024-12-06,ready_4day,@kshs10621 와입에서 침이 줄줄흐름,2025-04-21,sweetshop
4794,sweetshop_2024-12-06,min.hye1997,@sun_jae_96 패링이,2024-12-06,sweetshop
4795,sweetshop_2024-12-06,xvcyuuuk,이거 만들어먹고싶어서 빨리 퇴근해야겠어요..,2024-12-06,sweetshop
4796,sweetshop_2024-12-06,seul_lee_97,@heekeon_k 침고인다,2024-12-31,sweetshop
4797,sweetshop_2024-12-06,tjdrb0913,불금의 새로운 정의네요 진짜 불닭팽이쌈은 레전드🔥🔥,2024-12-06,sweetshop
4798,sweetshop_2024-12-06,hyoeun._.719,"불금이 불닭팽이 쌈 먹는 금요일이라뇨ㅋㅋㅋㅋㅋ 불닭팽이 쌈 영상이 진짜 레전드긴 했죠,,, 어우 침나와 얼른 침 닦고 올게요",2024-12-06,sweetshop
4799,sweetshop_2024-12-06,znu________,와,2025-01-15,sweetshop
4800,sweetshop_2024-12-06,xminkyungx,@se_ohaa 침 나와 하,2024-12-07,sweetshop
4801,sweetshop_2024-12-06,daqlzufk11,맛있겠다 진짜..!!,2024-12-06,sweetshop
4802,sweetshop_2024-12-06,teamokashii,엄청예뻐졋다,2024-12-29,sweetshop
4803,sweetshop_2024-12-06,eunyoung.yi,맵찔이라 눈으로만 보는............,2024-12-07,sweetshop
4804,sweetshop_2024-12-06,annjun_yeon,👏맛있겠다😍,2025-01-07,sweetshop
4805,sweetshop_2024-12-06,eunchippoyong,장어요 <<이거 뻘하게웃겨ㅜㅠ,2024-12-07,sweetshop
4806,sweetshop_2024-12-06,super__rim,어우야해,2025-01-15,sweetshop
4807,sweetshop_2024-12-06,1109_sy,@__naunni 나이거하는중임,2025-01-02,sweetshop
4808,sweetshop_2024-12-06,kx.j5u,ㅅㅂ 이 누나 안본 사이에 왜 이렇게 예뻐졌어,2025-01-28,sweetshop
4809,sweetshop_2024-12-06,choda._.n2,나도 해먹어 봐야겠네,2024-12-07,sweetshop
4810,sweetshop_2024-12-06,yuix_as,이사장님! 처음 요청해 봅니다ㅎ 돌볶음 해주세요!!,2024-12-07,sweetshop
4811,sweetshop_2024-12-06,ju_migyo,매워보여요 ~~그래도 맛나보이네요,2024-12-07,sweetshop
4812,sweetshop_2024-12-06,kh.__.leeee,@sh.__.yooon 이거해죠!,2024-12-07,sweetshop
4813,sweetshop_2024-12-06,nunbamnunbam,안씻어도 되나요?,2024-12-07,sweetshop
4814,sweetshop_2024-12-06,dahye._.8970,헐.. 언니 더 예뻐지셨어요,2024-12-08,sweetshop
4815,sweetshop_2024-12-06,arem_141822,@sxhxxzzz 나이거해줘,2024-12-08,sweetshop
4816,sweetshop_2024-12-06,coehyeontae72,우와 맛있겠다,2024-12-08,sweetshop
4817,sweetshop_2024-12-06,newbreedjlee,넘 귀여워여…,2024-12-08,sweetshop
4818,sweetshop_2024-12-06,a._.youg,맵찔이라서 못먹겠다🥹,2024-12-09,sweetshop
4819,sweetshop_2024-12-06,e_.b._08,언니 팔에 상처가 왤케 마나요,2024-12-09,sweetshop
4820,sweetshop_2024-12-06,jinsoooosnij,이모 머리기르고 염색했네!!🔥,2024-12-09,sweetshop
4821,sweetshop_2024-12-06,cho.xha1,언니 팔 언제 글켰어?아프겠다ㅠ,2024-12-09,sweetshop
4822,sweetshop_2024-12-06,no.y2_,와 미친 왤케 이뻐지심..,2024-12-09,sweetshop
4823,sweetshop_2024-12-06,pwangko_s,네…? 이사장 맞으시오..? 언제 염색한거얔ㅋㅋㅋ,2024-12-10,sweetshop
4824,sweetshop_2024-12-06,joung_yunjin,꼭꼭 씹어드세요 안그러면 응가하고 그대로나온 버섯을볼수있어요 저도알고싶지않았어요🙄🙄🙄🙄,2024-12-11,sweetshop
4825,sweetshop_2024-12-06,to_tori1004,마싯겟다요,2024-12-12,sweetshop
4826,sweetshop_2024-12-06,zzooya,립스틱 정보 알수있을까요?,2024-12-12,sweetshop
4827,sweetshop_2024-12-06,me_youfollow0602,링곱창… 다시 해주세요,2024-12-15,sweetshop
4828,sweetshop_2024-12-06,zzzzz0522,이거 쌈할때 양배추 채 썰어서 같이 넣어먹으면 진짜 개맛도리,2024-12-20,sweetshop
4829,sweetshop_2024-12-06,2e0e20,이거랑 같이 먹을 음식 추천좀 해주새여,2024-12-23,sweetshop
4830,sweetshop_2024-12-06,ogguseul1038,아우 엄청짤것같음,2024-12-23,sweetshop
4831,sweetshop_2024-12-06,jung_hee88_,라이스페이퍼끼리 안붙어요?,2024-12-24,sweetshop
4832,sweetshop_2024-12-06,h0ly._.3pirrrrrit,@hyunii_l 이거 만들어줘,2024-12-25,sweetshop
4833,sweetshop_2024-12-06,_o8xxun,오랜만에 봤는데 왜케 예뻐짐???,2024-12-26,sweetshop
4834,sweetshop_2024-12-06,nnsecondlife,언니오늘이거레시피그대로따라해서만들엇는데너무행복한하루가되엏어요감사해요언니🙌🙌,2024-12-29,sweetshop
4835,sweetshop_2024-12-06,seojeong__98,이사람... 하버드다....,2024-12-30,sweetshop
4836,sweetshop_2024-12-06,thousand_sukyung,언니 너무 맛잘알이다...,2024-12-31,sweetshop
4837,sweetshop_2024-12-06,jjung______e,"@824.032_ 맛있겠다,,,",2025-01-01,sweetshop
4838,sweetshop_2024-12-06,kh_12.21,@ej_07.09 이건 해먹어봐야댄다,2025-01-01,sweetshop
4839,sweetshop_2024-12-06,jh__.93,@yallusinnanda 해죠 안맵게,2025-01-04,sweetshop
4840,sweetshop_2024-12-06,hyun_ju_1995,님들 이거 먹으면 배 안 아픈가요?,2025-01-05,sweetshop
4841,sweetshop_2024-12-06,kim_2seul,@feel___9 이고,2025-01-05,sweetshop
4842,sweetshop_2024-12-06,iamsini_,@minggu_zzang 나 니가 불닭쌈 얘기할때 진짜 이해 1도 안갔는데 이거 졸라 멋구ㅛㅣㅍ다,2025-01-07,sweetshop
4843,sweetshop_2024-12-06,chaaaan0618,져쟝,2025-01-08,sweetshop
4844,sweetshop_2024-12-06,6xnzh.3,청포묵 와라비모찌 2트,2025-01-11,sweetshop
4845,sweetshop_2024-12-06,tjgml_wl,저거 마라소스로 해도 맛있을거 같아욤,2025-01-13,sweetshop
4846,sweetshop_2024-12-06,retol438,ㅘ 맛있겠다..흠..다이어트 하는디..망했다..,2025-01-14,sweetshop
4847,sweetshop_2024-12-06,1108_extremediet,언니 근데 저는 팽이버섯에서 물이 나와서 노릇하게 구워지지가 않아여 어떡하져?,2025-01-16,sweetshop
4848,sweetshop_2024-12-06,mindung12,@park_chan_109 이거에요오오오~!!!,2025-01-19,sweetshop
4849,sweetshop_2024-12-06,jjin12151215,@woochan3662 우리이거꼭하자...,2025-01-23,sweetshop
4850,sweetshop_2024-12-06,01.09_ry,@03.01_h.m 맛있낭?,2025-01-27,sweetshop
4851,sweetshop_2024-12-06,s.jun_13,지금 새벽 4신데ㅜ,2025-02-05,sweetshop
4852,sweetshop_2024-12-06,sx._1yun3,와 침고여요…5,2025-02-10,sweetshop
4853,sweetshop_2024-12-06,hyun_dai___,@yang_key___ 이거ㅠ먹자!!😂,2025-02-13,sweetshop
4854,sweetshop_2024-12-06,ye_sseo102030,팽이버섯 안 씻어서 먹어도 돼뇨??,2025-02-26,sweetshop
4855,sweetshop_2024-12-06,sol_sol_208,살 안찌는 비결 좀 ..운동하시나여ㅜ,2025-03-05,sweetshop
4856,sweetshop_2024-12-06,sky3382,'장어요'에서 퐐로 누름ㅋㅋㅋㅋㅋ,2025-03-11,sweetshop
4857,sweetshop_2024-12-06,tweak_doll,근데 단점이...,2025-03-15,sweetshop
4858,sweetshop_2024-12-06,aaseulki__,@nsb2nsb 오빠 일요일에 이거 먹자 진짜 내 소원이야 함범만해쥬라 제발,2025-03-20,sweetshop
4859,sweetshop_2024-12-06,blackpig.o_o,개맜있겠다,2025-03-20,sweetshop
4860,sweetshop_2024-12-06,jxw0n_20,엥 이사장 왜 이렇게 이뻐짐?,2025-03-21,sweetshop
4861,sweetshop_2024-12-06,joeun1227,황우슬혜 느낌!,2025-03-26,sweetshop
4862,sweetshop_2024-12-06,gomennesasirangomen,하…ㅋㅋㅋㅋㅋ 장어요,2025-03-31,sweetshop
4863,sweetshop_2024-12-06,h2.juuuuuu,와 내일 해먹어여지,2025-04-01,sweetshop
4864,sweetshop_2024-12-06,lucete_hs,@lovehap_mina 아씨 또 먹고싶다,2025-04-11,sweetshop
4865,sweetshop_2024-12-08,216jeon,와 진짜 이런거 어떻게 뚝딱 만드시는거여요.....신기뱅기,2024-12-05,sweetshop
4866,sweetshop_2024-12-08,p.j.s82,너무 좋와요🤣,2024-12-05,sweetshop
4867,sweetshop_2024-12-08,syy.yy51,따라하려고 하는데 정말 맛있는 거 맞ㅈㅛ..?,2024-12-08,sweetshop
4868,sweetshop_2024-12-08,chdus_0521,언니!!오늘 완젼 이쁘당😍혹시 청포묵으로 라면 만들어줄수 있어요??,2024-12-07,sweetshop
4869,sweetshop_2024-12-08,yeseul0410,예전에 만드신 청포묵 버블티 생각나요 ㅋㅋ,2024-12-05,sweetshop
4870,sweetshop_2024-12-08,p.j.s82,목소리,2024-12-05,sweetshop
4871,sweetshop_2024-12-08,xvcyuuuk,진짜 이사장님 아이디어 천재 !!!!!!!,2024-12-05,sweetshop
4872,sweetshop_2024-12-08,tequila.boomboom.baby,청포묵가루 사러 갑니당....총총😍,2024-12-05,sweetshop
4873,sweetshop_2024-12-08,whgurdnjs11,청포묵으로 코하쿠토 가능한가요?ㅋㅋㅋ😂😂😂,2024-12-06,sweetshop
4874,sweetshop_2024-12-08,cheri_5355,청포묵으로 설곤약을 만들면 좋을지도?,2024-12-06,sweetshop
4875,sweetshop_2024-12-08,jihyun_2014,청포묵가루로 양갱만들어주세요,2024-12-05,sweetshop
4876,sweetshop_2024-12-08,z._.xin1661,청포묵으로 깍두기처럼 김치 만들어 주세영,2024-12-05,sweetshop
4877,sweetshop_2024-12-08,h_dj152,아프리카랑 한국을 순간이동으로 왔다갔다하는 사장님,2024-12-05,sweetshop
4878,sweetshop_2024-12-08,gwagsehyi4,젤리 만들어 주세여,2024-12-13,sweetshop
4879,sweetshop_2024-12-08,sunyyya__,@imzzieun 청포묵 마니아,2024-12-07,sweetshop
4880,sweetshop_2024-12-08,min1313ee,곤약으로도 푸팅해줘언니 ㅋㅋㅋ,2024-12-08,sweetshop
4881,sweetshop_2024-12-08,luveenyu,초코무스케익 만들어주세요,2024-12-06,sweetshop
4882,sweetshop_2024-12-08,_mmlleook_,오오 좋다... 청포묵.. 그나저나 더 예쁘게 회복되셔서 다행입니다요🙌,2024-12-05,sweetshop
4883,sweetshop_2024-12-08,play_eat_goe,설국열차 초반에 나온 단백질 블롣 만들어주세요,2024-12-05,sweetshop
4884,sweetshop_2024-12-08,d0hy3_p,청포묵으로 타피오카펄...어때여?,2024-12-06,sweetshop
4885,sweetshop_2024-12-08,whdkfk1,청포묵 모델링팩 해주세요!!🤓,2024-12-06,sweetshop
4886,sweetshop_2024-12-08,m_ixeo1121,쌀국수 해주세요,2024-12-06,sweetshop
4887,sweetshop_2024-12-08,ba._.seo_,곤약젤리,2024-12-07,sweetshop
4888,sweetshop_2024-12-08,res23257,엄준식,2024-12-11,sweetshop
4889,sweetshop_2024-12-08,sun_hi1334,우와 대박인데요.. 해봐야겠다,2024-12-19,sweetshop
4890,sweetshop_2024-12-08,eumnxz,청포묵가루로 딸기버블티 해져,2024-12-19,sweetshop
4891,sweetshop_2024-12-08,s0.yxn3,청포묵 버블티..?,2024-12-24,sweetshop
4892,sweetshop_2024-12-08,kwon_seungyeon13,청포묵으로 타피오카펄 가능한가요?,2024-12-25,sweetshop
4893,sweetshop_2024-12-08,the_greatgoodplace,청포묵가루으로 레어치즈케이크도 되나요??,2025-01-02,sweetshop
4894,sweetshop_2024-12-08,6xnzh.3,청포묵으로 와라비모찌1트,2025-01-11,sweetshop
4895,sweetshop_2024-12-08,sunil.__.5,젤리하시죠,2025-01-25,sweetshop
4896,sweetshop_2024-12-08,gimryeonga9,청포묵 타피오카펄,2025-01-29,sweetshop
4897,sweetshop_2024-12-08,cae._a0516,곤약가루로 푸딩 해줘 섹시하고 다하는 이쁜언니😍,2025-02-11,sweetshop
4898,sweetshop_2024-12-08,caeyun_823,진짜젤라틴보다나은것같아요 ㅋㅋㅋㅋㅋㅋㅋㅋㅋ,2025-02-16,sweetshop
4899,sweetshop_2024-12-08,heum93,청포묵으로 올챙이국수같은거ㄱㄱ,2025-03-18,sweetshop
4900,sweetshop_2024-12-08,wjdtlsskrks_dlftkd,쿠하쿠토,2025-04-06,sweetshop
4901,sweetshop_2024-12-08,d.worldmeal,뭐야 뭘봐😂😂,2025-04-13,sweetshop
4902,sweetshop_2024-12-08,yanghaeseong918,청포묵 가루로 설곤약 아니면 그 예전에 어항젤리 한번더 해주세요😍😍,2025-05-22,sweetshop
4903,sweetshop_2024-12-03,face.four.free,녹았지만 맛있으면 오케이..! 알러지ㅠㅠ 고생많으셨오요,2024-12-03,sweetshop
4904,sweetshop_2024-12-03,xvcyuuuk,오 맛설명이 제가 직접 먹어본거 같이 느껴져욬ㅋㅋㅋㅋ이렇게 설명해주시니 더 먹어보고싶어요ㅠㅠ,2024-12-03,sweetshop
4905,sweetshop_2024-12-03,h_m.x10,우와 저도 먹어보고 싶네요❤️생긴건 저래도 맛있을거 같아요,2024-12-16,sweetshop
4906,sweetshop_2024-12-03,jii4370,정말 멋진 사람이군요...당신!!😍,2024-12-03,sweetshop
4907,sweetshop_2024-12-03,yangyunseo29,맛있겠다 꿀꺽.,2024-12-03,sweetshop
4908,sweetshop_2024-12-03,joy._.100,와 일등!,2024-12-03,sweetshop
4909,sweetshop_2024-12-03,eomseoeun76,안녕하세요.저는 선주중학교 1학년 학생입니다.저는지금 선플달기 운동에 참여하고 있습니다. 너무 예쁘세요. 힘내세요,2024-12-05,sweetshop
4910,sweetshop_2024-12-03,yeseul0410,알러지 너무 심하네요ㅠ,2024-12-03,sweetshop
4911,sweetshop_2024-12-03,mins__83,알러지 속상하네여ㅜ,2024-12-04,sweetshop
4912,sweetshop_2024-12-03,soul_jang,얼굴 알러지는 나아졌나요?,2024-12-03,sweetshop
4913,sweetshop_2024-12-03,hehee_o_ojini,두바이초콜렛 찬양하는 사람들 다른 피스타치오맛은 안 먹더라.. ㅋㅎㅋㅎㅋ,2024-12-03,sweetshop
4914,sweetshop_2024-12-03,_mmlleook_,너어 두바이초콜릿 제대로 걸렸구나아,2024-12-04,sweetshop
4915,sweetshop_2024-12-03,ss_l__hyem,@i._.yun_ 없도나 너윤,2024-12-05,sweetshop
4916,sweetshop_2024-12-02,nuri_03099,전자레인지로는 안되나요ㅠ,2024-12-03,sweetshop
4917,sweetshop_2024-12-02,hana.9548,무엇이든 잘어울리는 불닭소스는 정말 최고인듯요😍😍😍,2024-12-02,sweetshop
4918,sweetshop_2024-12-02,s_.xyeo,먹어보고 싶당😍😍그와중에 1빠다….😍,2024-12-02,sweetshop
4919,sweetshop_2024-12-02,yeseul0410,언니 얼굴이 오늘따라 더 예쁜데~♡,2024-12-02,sweetshop
4920,sweetshop_2024-12-02,xvcyuuuk,소스 진짜 맛있어보여요 ㅋㅋㅋㅋㅋㅋ불닭버전 재료는 간단해서 해봐야겟어요!!,2024-12-02,sweetshop
4921,sweetshop_2024-12-02,sepyun8,언니 버거 엄청 맛잇어?맛잇우면 엄마랑 같이 먹게,2024-12-03,sweetshop
4922,sweetshop_2024-12-02,lkwns9,이사장님도 소스 없으셔서 만드신거 아닌가요?ㅋㅋ,2024-12-02,sweetshop
4923,sweetshop_2024-12-02,jooxo.6,2빠야!,2024-12-02,sweetshop
4924,sweetshop_2024-12-02,xhishu_64,언니 불닭소스도 없으면 어케..?,2024-12-04,sweetshop
4925,sweetshop_2024-12-02,choice0529,초면에 죄송한데 ㅋㅋㅋㅋ 신신애님 말투 똑닮았어욬ㅋㅋㅋㅋㅋㅋ😂😂😂😂매력터지셔..,2024-12-06,sweetshop
4926,sweetshop_2024-12-02,ye.7en,우동통라면 인가?ᩚ라면소스랑 카놀라유랑 종이 호일이랑 양파만 있어도 가능하던뎁?ᩚ.ᐟ 진짜 완전 와..진짜 말도 안나옴 180도에14분,2024-12-07,sweetshop
4927,sweetshop_2024-12-02,iahy.eon0304,불닭소스도 없는데 어떻하죠?,2024-12-07,sweetshop
4928,sweetshop_2024-12-02,l0_0_ej_l,@jh_ej_sw 양파사자,2024-12-04,sweetshop
4929,sweetshop_2024-12-02,uxxzero,@hhxxj1n 이건어땡,2024-12-24,sweetshop
4930,sweetshop_2024-12-02,myeongjinll,라면가루도 맛날듯 ㅇㅇ,2024-12-09,sweetshop
4931,sweetshop_2024-12-02,joondell417428,버터가 없고 마가린있는데 대체 가능 할까요???,2024-12-02,sweetshop
4932,sweetshop_2024-12-02,h_m.x10,저도 양파 좋아하는데..! 꼭 해먹어봐야 겠어요!❤️❤️,2024-12-16,sweetshop
4933,sweetshop_2024-12-02,yuhom_5,약간 센과 치히로에 아빠가 먹는 거 같아요,2024-12-24,sweetshop
4934,sweetshop_2024-12-02,6jjondu_7,집에 불닭소스 없는데요...,2025-01-03,sweetshop
4935,sweetshop_2024-12-02,yoonseul_raw,염색하니까 넘예쁘다,2025-01-11,sweetshop
4936,sweetshop_2024-12-02,yuriella1213,간단한 거 같은데 확 하긴 귀찮아서 누가 해주면 바로 먹겠는데 ㅋㅋㅋ,2025-01-15,sweetshop
4937,sweetshop_2024-12-02,red74720388,에프 없는데 찜통에 쪄도 되나요?,2025-01-31,sweetshop
4938,sweetshop_2024-12-02,seo_doyoon13,겉에 있는거만 먹는건가,2025-02-02,sweetshop
4939,sweetshop_2024-12-02,naya__ksh,"버터,소금,후추만 뿌린 다음 에후 돌리고 고기랑 먹음 극락..",2025-02-05,sweetshop
4940,sweetshop_2024-12-02,idain0504,누가 전언니 좀 태그해ㅠㅜ,2025-02-06,sweetshop
4941,sweetshop_2024-12-02,jojj_anggu,먹으니까 그냥 찐 양파던데 제가 잘못한거겠죠ㅠㅠ,2025-02-11,sweetshop
4942,sweetshop_2024-12-02,gimjion584,언니 바지 낀거..,2025-02-26,sweetshop
4943,sweetshop_2024-12-02,gowenyoungwoo0323_llouil_,이누나가쩌는이유 1.똑바로된레시피를 사용해정확한요리를만들어줌 2.보편적인가정집에서 만들수있게레시피를만들어줌 3.진행속도가빠름 4.말투가중독됨,2025-02-28,sweetshop
4944,sweetshop_2024-12-02,kiraringu,으와 다 없어요❤️,2025-03-03,sweetshop
4945,sweetshop_2024-12-02,seunghyeon1226,집에 에어프라이어 없어,2025-03-07,sweetshop
4946,sweetshop_2024-11-29,choops.haetae_f,안녕하세요 아프리카 봉사활동은 어떻게 하는지 여쭤봐도 될끼ㅡ요? 찾고있는데 방법을 모르겠습니다,2024-11-30,sweetshop
4947,sweetshop_2024-11-29,chokawai._.suyxn,운동장에서 먹어본것 같아요....ㅎㅎㅎ,2024-11-29,sweetshop
4948,sweetshop_2024-11-29,u_leee0v,우리 나라 사람들은 철판을 항상 긁어먹어서(시장 떡볶이만 봐도..) 철분 보충 따로 안해줘도된데요 ㅋㅋㅋ,2024-11-29,sweetshop
4949,sweetshop_2024-11-29,lovely_and_,우리나라도 예전엔 백토 먹었다고 티비에서 본적있어요,2024-11-29,sweetshop
4950,sweetshop_2024-11-29,jjidoori,신기하다… 밀가루와 모래 ㅋㅋㅋ,2024-11-29,sweetshop
4951,sweetshop_2024-11-29,krishnika_raj_saikia,나는 너희들을 사랑해,2025-05-07,sweetshop
4952,sweetshop_2024-11-29,1805_dita,남편이 탄자니아 사람인데 저 돌은 아니고 흙? 진흙 먹었다고 저 입덧 심해서 고생하니까 엄마한테 흙 보내달라구할까?ㅠㅠ 그랬었어요🤣🤣,2024-12-05,sweetshop
4953,sweetshop_2024-11-29,h_m.x10,헉..ㅋㅋ신기하네요 한번은 호기심에 먹어볼듯 하네요😮,2024-12-16,sweetshop
4954,sweetshop_2024-11-29,serena_sr_y,@byeoooling 이게 뭐래여 아푸리카에 이때여,2024-11-29,sweetshop
4955,sweetshop_2024-11-29,daramsol_,해감덜된 바지락 칼국수 국물 원샷하고나면 모래가 까끌까끌 ㅋㅋㅋㅋ그느낌이려나요,2024-12-06,sweetshop
4956,sweetshop_2024-11-29,hyoeun._.719,울 이사장님 못드시는게 없어... 그걸로 글씨쓰고 있는 아이도 넘넘 귀여워요❤️,2024-11-29,sweetshop
4957,sweetshop_2024-11-29,z._.xin1661,우와,2024-11-29,sweetshop
4958,sweetshop_2024-11-29,byeongcheol190,북한 고난의행군때 흙을 먹었다고 허던데 그거랑 비슷헌건가?,2024-11-30,sweetshop
4959,sweetshop_2024-11-29,se0_yn52,이사장님 취두부 먹어주세요,2024-11-29,sweetshop
4960,sweetshop_2024-11-29,estebrillodong,육식이나 쇠프라이팬같은거로 먹기 힘든곳에서 찾은 철분인가보네요,2024-11-30,sweetshop
4961,sweetshop_2024-11-29,lutxf,우선...모로코 지도에 대해 이야기해 볼게요,2025-02-09,sweetshop
4962,sweetshop_2024-11-29,ia36072,모로코의 올바른 지도를 올려주세요. 이런 식으로 사람들을 화나게 하지 마세요.,2025-02-09,sweetshop
4963,sweetshop_2024-11-29,_mmlleook_,밥알에 작은 돌 하나만 씹혀도 오웩 뱉는데 싱기방기 동방싱기,2024-11-29,sweetshop
4964,sweetshop_2024-11-29,04.10_gyou,베트남에서도 먹음,2024-11-30,sweetshop
4965,sweetshop_2024-11-29,ha.ra0_0,몸에 축척될것같아여..맹장,2024-12-31,sweetshop
4966,sweetshop_2024-11-29,_mmlleook_,딱 공사장 돌 같이 생겨버린..,2024-11-29,sweetshop
4967,sweetshop_2024-11-29,x.eoung_ju,알러지…,2024-11-30,sweetshop
4968,sweetshop_2024-11-29,z._.xin1661,신기,2024-11-29,sweetshop
4969,sweetshop_2024-11-29,holeinoneshot,아연이 면역력에도 좋고 남자한테도 좋고 😂😂😂😂,2024-12-01,sweetshop
4970,sweetshop_2024-11-29,quartz_flask,제가 한번 먹어보고 싶습니다.,2024-12-05,sweetshop
4971,sweetshop_2024-11-29,p.j.s82,제가좋와하는 황진희배우와 완젼 같은 목소리 이번에 알게되서 너무 반가워요🤗,2024-12-05,sweetshop
4972,sweetshop_2024-11-29,raviners0218,소나무 두꺼운 껍질 벗겨내고 얇은 껍질을 삶아먹고 ᆢ백토를 먹었다고 들었어여,2024-12-05,sweetshop
4973,sweetshop_2024-11-29,shin_092,맹장염 걸려요..,2024-12-06,sweetshop
4974,sweetshop_2024-11-29,bsa0128,우와…예상치도 못하게 반가운 얼굴을 보니 신기하네요 🥲 제가 예전에 WV 잠비아로 출장갔을때도 Tita와 함께했는데ㅎㅎ비록 전 퇴사한지 오래지만 그 때가 생각나기도하고 신기하네요 ㅎㅎ,2024-12-06,sweetshop
4975,sweetshop_2024-11-29,cheri_5355,뭔가 계란 껍질을 먹는 느낌일거 같아요,2024-12-06,sweetshop
4976,sweetshop_2024-11-29,instardust14,우리나라는 가마솥🐱💕,2024-12-07,sweetshop
4977,sweetshop_2024-11-29,thwjdtnr21,이거 유료봉사인거죠?,2024-12-10,sweetshop
4978,sweetshop_2024-11-29,noziwka_h,"철분, 칼슘 부족하면 이런 분필, 흙이 땡겨요. 밥을 안먹거나 못 먹는 사람들의 특징이에요. 안타까워요 ㅜㅜ",2024-12-11,sweetshop
4979,sweetshop_2024-11-29,sin_12jc,감스트:어 이거 그거아니야? 그거 야 밖있새 여기서 구해왔냐?,2024-12-12,sweetshop
4980,sweetshop_2024-11-29,ainura_orlova,카자흐스탄에서도 이걸 먹는다,2025-01-08,sweetshop
4981,sweetshop_2024-11-29,nina__abdullaeva,"이거 한국에서도 있입니다 러시아 마트에서 팔아요 러시아,우츠벡엽에 있는 나라들도 먹어요 사실은 저도 먾이 먹습니다 ㅋㅋㅋㅋㅋ",2025-01-11,sweetshop
4982,sweetshop_2024-11-29,roza_telefon_doda_kebab_,임산분들이 많이 먹어요. 저도 먹고 있어요.,2025-01-11,sweetshop
4983,sweetshop_2024-11-29,xae._n1,혹시 소화는 잘 되나요?먹어보고 싶어서,2025-01-24,sweetshop
4984,sweetshop_2024-11-29,_mxze.1,첨에 그 지도에 돌파는곳 위치 잠비아가 아니라 탄자니아 아니에여??,2025-01-29,sweetshop
4985,sweetshop_2024-11-27,hiskyhi,기승전 뭐야 이겤ㅋㅋㅋㅋㅋ 의식의 흐름 ㅋㅋㅋㅋㅋ,2024-11-27,sweetshop
4986,sweetshop_2024-11-27,z._.xin1661,이사장님 오늘도 이쁘요,2024-11-27,sweetshop
4987,sweetshop_2024-11-27,lee.juhye,칼집이 너무 약하게 들어가서가 아닐까요? 우리 손 아프지말고 칼집 들어간 밤팔아요 그거로 다시 도즈언!!!,2024-11-30,sweetshop
4988,sweetshop_2024-11-27,minheeya_,보늬밤.....,2024-11-27,sweetshop
4989,sweetshop_2024-11-27,dalyerim,포르단밤 추천해요 품종에 따라 더 잘까지는게 있대요,2024-11-27,sweetshop
4990,sweetshop_2024-11-27,yunmanog2,"밤이네요,,",2025-03-01,sweetshop
4991,sweetshop_2024-11-27,yum._.ees2,분명 밤쉽게 까는 영상을 본 거 같은데 밤티라미수 먹는영상으로 바꼇어여..!,2024-11-27,sweetshop
4992,sweetshop_2024-11-27,officeworkerk,밤 까는 방법이 궁금해지네요. 저도 시도해봐야겠어요.,2024-11-29,sweetshop
4993,sweetshop_2024-11-27,rinhayoo,빌드업 미쳤닼ㅋㅋㅋ 마피아가 돼..,2024-12-11,sweetshop
4994,sweetshop_2024-11-27,yeseul0410,밤까는 건줄 알았는데 갑자기 맛있어보이는 티라미슈가 .!,2024-11-27,sweetshop
4995,sweetshop_2024-11-27,eumnxz,언니 그 카카오톡 쇼핑하기에 약단밤 파는데 엄총 맛잇옹 그거는 칼집 나잇는거라 걍 에어프라이기에 넣으면 돼ㅐ,2024-12-29,sweetshop
4996,sweetshop_2024-11-27,puding3623,밤티라미숙 우리학교 급식에나옴,2024-12-05,sweetshop
4997,sweetshop_2024-11-27,0lady_forest0,휘발유 이지랄ㅋㅋㅋ,2025-04-15,sweetshop
4998,sweetshop_2024-11-25,jjoreb,와.. 맛있게도 생겼는데 차에서 뜯으실 때 초록비닐이 입에 얼핏ㅋㅋㅋㅋㅋ쿨하셔라,2024-11-25,sweetshop
4999,sweetshop_2024-11-25,__.maarrrrr.__,"아프지 않게 몸조심히ㅡ 그래도 많은 것을 눈에도, 머리에도 마음에도 가득가득 담고 돌아오세용 😍",2024-11-25,sweetshop
5000,sweetshop_2024-11-25,h_m.x10,와ㅏ 옥수수 저 진짜 좋아하는데..🤤짱 맛있을거 같아요❤️,2024-12-16,sweetshop
5001,sweetshop_2024-11-25,sohae0824,옥수수에 초록 비닐이 ㄷㄷ,2024-11-25,sweetshop
5002,sweetshop_2024-11-25,zaidi.shrewd,"마힌디 그립네여.. ㅋㅋ 탄자니아에서  해외봉사 다녀왔었습니다 😂 스와힐리어로 옥수수란 뜻인데 바삭바삭하고 고소해서 진짜 많이 먹었어요 ㅋㅋ 개인적으로 잠비아에선 어떻게 불리는지는 잘 모르겠지만 삼부사, 만다지, 칩스마이야이 꼭 드셔보세여 !",2024-11-26,sweetshop
5003,sweetshop_2024-11-25,happysunnyoh,휴 … 저거  굶어야 맛있을맛 ㅎㅎ 소금도 안치고 마가린 빠다도 안발라줌 ㅎㅎ,2024-11-27,sweetshop
5004,sweetshop_2024-11-25,kimminjung1982,우간다에서 탄자니아 넘어가는 국경에서 딱 저렇게 파는 옥수수사먹었었어요 다시 버스탔을때 한개 덜 넣어준걸 알았음.,2024-11-25,sweetshop
5005,sweetshop_2024-11-25,eunny_jenni,드뎌 오셨군요!!! 👏 뭔가 딱딱하지만... 중독성있는 오리지널 옥수수&탄맛😂,2024-11-25,sweetshop
5006,sweetshop_2024-11-25,woobin141,라면가루 팍팍 푸려먹어보고싶다🔥😍,2024-12-05,sweetshop
5007,sweetshop_2024-11-25,yeseul0410,으악 비닐까지 신경안쓰는 언니 짱!,2024-11-25,sweetshop
5008,sweetshop_2024-11-25,kimminjung1982,아프리카는 눈탱이의 연속임...ㅠㅜ,2024-11-25,sweetshop
5009,sweetshop_2024-11-25,beti1963co,ㅠㅠㅠ비닐시즈닝이 머야ㅠㅠ 다음부터 그런거 먹지마,2024-11-25,sweetshop
5010,sweetshop_2024-11-25,ehhh_110011,시즈닝🥲🥲🥲안돼...,2024-11-25,sweetshop
5011,sweetshop_2024-11-25,imeunkong,@be_job99 @bbi__bbi__ 추억의 옥슈슈 …. 🌽 😭😭😭😭,2024-11-30,sweetshop
5012,sweetshop_2024-11-25,bbomi_0319,@2hyo2 우리 생존간식ㅠㅠㅋㅋㅋㅋㅋㅋㅋㅋㅋㅋㅋ,2025-01-02,sweetshop
5013,sweetshop_2024-11-25,bless_zuri,"불에 노릇하게 오랫동안 굽다보니 수분이 마른 바삭한 맛, 반건조 논두렁 맛이 적당한 표현일 것 같아요 ㅋㅋ 아프리카 길거리 음식으로 튀긴 빵같은거 많이 파는데, 맛있어요. 당도 높은 과일도 저렴하니 많이 드시고 오세요~",2024-11-25,sweetshop
5014,sweetshop_2024-11-25,min._.soek,아프리카는 나라가 아니고 대륙입니다,2024-11-26,sweetshop
5015,sweetshop_2024-11-25,soul_jang,대충 시즈닝이라 치고 ㅋㅋㅋㅋㅋㅋㅋㅋㅋ개웃겨,2024-11-25,sweetshop
5016,sweetshop_2024-11-25,johyewon0616,잠민 잠만 사장님 두건 루이비똥 아녀????!!!,2024-11-29,sweetshop
5017,sweetshop_2024-11-25,ryushin77,악 비닐 ㅋㅋㅋ,2024-11-25,sweetshop
5018,sweetshop_2024-11-25,gimjungyeong36,비닐 시즈닝은 첨들어 봐요 ㅋㅋ,2025-03-06,sweetshop
5019,sweetshop_2024-11-25,pleasedontbeagay,환경 호르몬 ㅋㅋㅋ폭탄ㅋㅋㅋㅋ드셧네여,2024-11-25,sweetshop
5020,sweetshop_2024-11-25,leezheming2,비닐맛잇음,2024-12-02,sweetshop
5021,sweetshop_2024-11-25,sc1jun,오우 초록 비닐맛,2024-11-25,sweetshop
5022,sweetshop_2024-11-25,totose_11,소메치기 안당하게 조심,2024-11-25,sweetshop
5023,sweetshop_2024-11-25,miraclessabjobbab,아프리카한정 초록비닐시즈닝 당첨됐네요 😂😂,2024-11-25,sweetshop
5024,sweetshop_2024-11-25,seungribaek_,파키스탄에서 먹었던 옥수수도 저래유!,2024-11-25,sweetshop
5025,sweetshop_2024-11-25,h_jj306,언니 베트남에서 무슨일이있는거야😢😢,2024-11-26,sweetshop
5026,sweetshop_2024-11-25,ototoot38317,우리나라에서도 구우면 비슷해요..,2024-11-26,sweetshop
5027,sweetshop_2024-11-25,star_night1004,언니궁딩이살아계세요?ㅋㅋ저희어무니올해3월에아프리카다녀오셨는데 비포장도로라 엉덩이가 아프셨다고...목베개를장섯처럼 깔고앉았는데 목베개가 옆구리 터져서오셨어요😂😂😂😂,2024-11-26,sweetshop
5028,sweetshop_2024-11-25,hehee_o_ojini,아니 저희 7살딸이 아프리카가 너무 가보고싶데요... 저 엄두가 안나요... 팁 좀 알려주세요😂😂😂,2024-12-01,sweetshop
5029,sweetshop_2024-11-25,songg9963,나도 어릴때 옥수수 구워 먹었는데,2024-12-11,sweetshop
5030,sweetshop_2024-11-25,heumshindaprye,콩민공잠비아코퍼벨트,2024-12-20,sweetshop
5031,sweetshop_2024-11-25,lee_sun88,그 신기한 맛이 초록 비닐맛??,2024-12-25,sweetshop
5032,sweetshop_2024-11-25,estrella_ju7,ㅋㅋ아프리카에서 옥수수먹었는데 진자 구수해여 맛있는맛보단 구수한맛으로 먹는거같아요 저기는 캐슈넛도저렇개 굽는제 존맛탱ㅋㅋ꼭먹어보세요 아 글고 망고랑 파인애플ㅋㅋㅋ진자 엄청맛잇어요 동남아에서 먹는 과일이랑은 진자 다르게 맛있음 안먹음 후회함….팝콘도…,2024-12-26,sweetshop
5033,sweetshop_2024-11-25,jesmar.kr,아프리카 나이베리아에서 사기당했어요,2025-01-26,sweetshop
5034,sweetshop_2024-11-25,ohsuah0911,배트남에서 먹어봤어요,2025-02-13,sweetshop
5035,sweetshop_2024-11-20,hana.9548,얼음구이~~ ㅋㅋㅋ 얼음구이에 사리 추가한게 맞네요~~ 볼수록 매력에 빠져드네요😍😍,2024-11-20,sweetshop
5036,sweetshop_2024-11-20,216jeon,마지막이 대반전; 오늘 저녁은 라면사리추가한 얼음구이다,2024-11-20,sweetshop
5037,sweetshop_2024-11-20,xvcyuuuk,"이걸 판매한다고요..? 양심이 어디갔,... 저라면 저한테 10000원 주면 먹을 의향있어요 ㅋㅋㅋ 음 100원도 아까운데..",2024-11-20,sweetshop
5038,sweetshop_2024-11-20,he.y_e0n,저라면 얼음 녹지않아..??,2024-11-20,sweetshop
5039,sweetshop_2024-11-20,cheawon_0809,언니는 유튜브 먼저 올리고 나아아아즁에 인스타에 올리는구나ㅏ??? 릴스보다 숏츠를 더 많이 보는 나한텐 아주 좋은 ㅎㅎ,2024-11-20,sweetshop
5040,sweetshop_2024-11-20,suki_da_y_,지능 문제있음?,2025-03-16,sweetshop
5041,sweetshop_2024-11-20,rna6614,전.. 못먹는 별미?이어요... 대장이 과민해서... 차가운거 먹으면.. 아주.. ×되거든요... 하루죙이.. 그냥.. 으이? 어우.. 상상만해도 배아프네?..,2024-12-31,sweetshop
5042,sweetshop_2024-11-20,_jiyun1224,사장님의 미모가 너무 버겁네용...,2024-11-20,sweetshop
5043,sweetshop_2024-11-20,hyoeun._.719,전.... 그냥 얼음 대신 라면 그대로 맛깔나게 끓여 먹을게요...,2024-11-20,sweetshop
5044,sweetshop_2024-11-20,yeseul0410,얼음도 언니의 손길로 라면이 되었습니다,2024-11-20,sweetshop
5045,sweetshop_2024-11-20,mom.bloom__,진..짜 판매해요??,2025-02-06,sweetshop
5046,sweetshop_2024-11-20,qodolee,@s2soluv 아 ㅋㅋㅋㅋㅋㅋㅋㅋㅋㅋㅋ,2024-11-26,sweetshop
5047,sweetshop_2024-11-20,22hmmmin9,@seul__jjaang 우리는 이거슬 라면궁물이라 부르기로 한거거튼디....,2024-11-26,sweetshop
5048,sweetshop_2024-11-20,kxx_yxrxx,@95__1024 이게 뭐시당가......,2024-11-30,sweetshop
5049,sweetshop_2024-11-20,eeun.__.hye,@are._.mi =͟͟͞͞개=͟͟͞͞웃=͟͟͞͞겨,2024-11-27,sweetshop
5050,sweetshop_2024-11-20,soul_jang,저걸 왜 사먹지? ㅋㅋㅋㅋㅋㅋ,2024-11-20,sweetshop
5051,sweetshop_2024-11-20,ydyg_9vlb,ㅁr시거ㅣㄷrrrrr,2024-11-20,sweetshop
5052,sweetshop_2024-11-20,v2erzl,얼음 신라면 스프찍어서 먹음 괜찮던데,2025-03-12,sweetshop
5053,sweetshop_2024-11-20,juwon_.15,걍라면이잖마지막건,2025-01-06,sweetshop
5054,sweetshop_2024-11-20,aacv898,오바싸네,2024-11-28,sweetshop
5055,sweetshop_2024-11-20,minjiji32,언니 청포묵가루?로 직접 버블티펄 만들어 주세요,2024-11-20,sweetshop
5056,sweetshop_2024-11-20,instargram_human,이거 왜 이제 올라오지 본거같은데 유튭에서 본건가,2024-11-20,sweetshop
5057,sweetshop_2024-11-20,uouv330,저걸 돈 주고 사먹는다구요?,2024-11-21,sweetshop
5058,sweetshop_2024-11-20,foodlovelikeit,ㅋㅋㅋㅋㅋㅋㅋㅋ아,2024-11-22,sweetshop
5059,sweetshop_2024-11-20,jaeseok_.03,중국에 얼음 구이 500원이오,2024-11-24,sweetshop
5060,sweetshop_2024-11-20,pjso_carma,근데 얼음에 라면스프 뿌려먹으면 은근 맛있어요,2024-11-24,sweetshop
5061,sweetshop_2024-11-20,ghkdlxnqps56,그냥 시바 양념만 먹으면 되잖아 ㅋㅋㅋㅋㅋㅋㅋ,2024-11-26,sweetshop
5062,sweetshop_2024-11-20,swim_ham,@sim_hye_jjjjjjjin_ @kyuhee94 ㅋㅋ 우리 먹었던 제로찌개 같다 ㅋㅋ,2024-11-27,sweetshop
5063,sweetshop_2024-11-20,ran.yolo,@hi_seowoo 얼음구이 언니야 생각남,2024-11-27,sweetshop
5064,sweetshop_2024-11-20,da.mi2933,처음에 심각한 표정할때 조립식 가족에 나오는 머리긴 여자 닮음,2024-11-27,sweetshop
5065,sweetshop_2024-11-20,sumung__,@jwk91 도전?,2024-11-28,sweetshop
5066,sweetshop_2024-11-20,museonhair_j,ㅋㅋㅋㅋㅋ얼음구이엨ㅋㅋㅋ 라면사리추갘ㅋㅋㅋㅋㅋㅋㅋㅋㅋㅋㅋ,2024-11-29,sweetshop
5067,sweetshop_2024-11-20,sui__j,@nos0ri 돌구이도 ㅈ나 맛있음 개꿀딱,2024-12-02,sweetshop
5068,sweetshop_2024-11-20,slavepark,중국애들 철근에다 소스뿌려서 팔던데.....,2024-12-18,sweetshop
5069,sweetshop_2024-11-20,gwon_min_kyung,그냥라면....,2024-12-27,sweetshop
5070,sweetshop_2024-11-20,whose_boy,숯아까워;;,2025-01-06,sweetshop
5071,sweetshop_2024-11-20,lovecough,한 2년전에 이미 회자된 거긴 한데 실존여부를 두고 말이 많았던 거라고 하네요,2025-01-22,sweetshop
5072,sweetshop_2024-11-20,iuj._.ul,내놔,2025-02-11,sweetshop
5073,sweetshop_2024-11-20,s_eojun_3434,저건 걍 냉라면,2025-02-27,sweetshop
5074,sweetshop_2024-11-20,wuju_space,세상에..,2025-03-06,sweetshop
5075,sweetshop_2024-11-20,tweak_doll,"얼음구이에서,라면으로 탄생",2025-03-23,sweetshop
5076,sweetshop_2024-11-18,hiskyhi,거지가 먹는게 젤 맛있을거 같은데 🤤,2024-11-18,sweetshop
5077,sweetshop_2024-11-18,cekimstar,헐 저거 진짜 맛있능데,2024-11-24,sweetshop
5078,sweetshop_2024-11-18,hana.9548,저녁을 젤 부자처럼 먹어서 늘 문제네요ㅠㅠ😂😂,2024-11-18,sweetshop
5079,sweetshop_2024-11-18,yeseul0410,삼시세끼 다 건강하게 드시기만 하세용~♡,2024-11-18,sweetshop
5080,sweetshop_2024-11-18,crow_luna,살쪄도 예쁜 우리 이사장님❤️,2025-02-17,sweetshop
5081,sweetshop_2024-11-18,siobhan_0.0,앜ㅋㅋㅋ 마지막잌ㅋㅋㅋㅋㅋㅋㅋㅋ👏😂,2024-11-18,sweetshop
5082,sweetshop_2024-11-18,kimria1206,겁나 맛있겠다 사고싶다ㅠ,2025-01-26,sweetshop
5083,sweetshop_2024-11-18,eu_.jae,아니 언니 말투 언제봐도 웃곀ㅋ,2024-11-19,sweetshop
5084,sweetshop_2024-11-18,ma_chimnae12,그냥 한끼에 다 드신거 아닌가요?!,2024-11-18,sweetshop
5085,sweetshop_2024-11-18,beti1963co,옷잡고 살인척 구라치는 이사장😍,2024-11-18,sweetshop
5086,sweetshop_2024-11-18,andeuromaeda,아니 이사장님 다이어트를 떠나서 그건 사람이라면 있어야 하는 살이에요.....,2025-04-19,sweetshop
5087,sweetshop_2024-11-18,ydyg_9vlb,난 아직 말랐지롱!!!!,2024-11-18,sweetshop
5088,sweetshop_2024-11-18,soul_jang,ㅋㅋㅋㅋㅋㅋㅋㅋㅋㅋ아 개웃겨,2024-11-18,sweetshop
5089,sweetshop_2024-11-18,ljs_5ji,갸,2024-11-18,sweetshop
5090,sweetshop_2024-11-18,play_eat_goe,예전 1박 2일에서 라면에 우유넣으면 안 붓는다던 강호동을 두고 은지원이 말했죠. 뭐든 그렇게 먹으면 붓는다고 ㅋㅋㅋㅋ 이사장 레시피면 너무 맛있어 보이는데 다이어트 되는거 맞겠죠? ㅋㅋㅋㅋ,2024-11-18,sweetshop
5091,sweetshop_2024-11-18,sweetshop_s2,랭킹닭컴 무한 쿠폰 블프데이,2024-11-18,sweetshop
5092,sweetshop_2024-11-15,xvcyuuuk,이거 완전 타코아닌가요 가성비타코다,2024-11-15,sweetshop
5093,sweetshop_2024-11-15,216jeon,도도한나초 너무좋아하는데 이건 그냥 맛없없일듯🤤❤️,2024-11-15,sweetshop
5094,sweetshop_2024-11-15,ayeong_ak,저희 집 옆이 미군부대인데 이 도리토스 조합 이제서야 입소문 난 것에 대해 아주 속상합니다 정말 맛있습니다 실제로도 즐겨먹는 메뉴인데 도리토스에 다진고기 토마토소스 페퍼로니 같이 곁들여 드셔보세요 기가막힙니다,2024-12-07,sweetshop
5095,sweetshop_2024-11-15,wannabeyour1ao,"이거,,,,멕시코 길거리에서 파는데 진짜 맛있어용 저는 타키스에다 먹엇는데 짭조롬하고 자극적이어서 중독성 미침ㅠㅠ",2024-12-27,sweetshop
5096,sweetshop_2024-11-15,dongjeye_mother,진짜맛나요~~~~😍😍😍,2024-11-15,sweetshop
5097,sweetshop_2024-11-15,windy_mysean,거기 치즈뿌려서 오븐에 구워서도 먹어요~ 바로 연말파티 가능!!❤️,2024-11-15,sweetshop
5098,sweetshop_2024-11-15,ye.x18,헉! 맛있겠다ㅠ❤️❤️❤️,2024-11-15,sweetshop
5099,sweetshop_2024-11-15,hyejin_seol,술안주로 최고징👏🔥😍,2024-11-17,sweetshop
5100,sweetshop_2024-11-15,maymoon0717,오 술안주 딱이네요 한번 도전해봐야겠어용❤️,2025-02-15,sweetshop
5101,sweetshop_2024-11-15,kim_doa7788,두부피 구워서 하면 다이어트 될거같아요!,2024-11-17,sweetshop
5102,sweetshop_2024-11-15,qowhdals92,"아,.,...단백질 이 들어가야 하는데_ㅠ",2024-11-20,sweetshop
5103,sweetshop_2024-11-15,steveydeveykim,미국에 그런대 없는디,2024-11-20,sweetshop
5104,sweetshop_2024-11-15,cherrycokechillin,@binnny.______ 이거넹,2024-11-20,sweetshop
5105,sweetshop_2024-11-15,mjkang_99,@lkrlo_kr 기억나?,2024-11-20,sweetshop
5106,sweetshop_2024-11-15,bread_and_rabbit,@leaf4boat 맛있겠지???,2025-03-27,sweetshop
5107,sweetshop_2024-11-15,yunmanog2,ㅋㅋㅋ ㅎ소스을 딧다 부시나융,2025-02-20,sweetshop
5108,sweetshop_2024-11-15,min_11_25,@cho_youknow 해죵,2025-03-07,sweetshop
5109,sweetshop_2024-11-15,habby_n8,@_kimmizi 니 장사해,2025-02-27,sweetshop
5110,sweetshop_2024-11-15,ironman_nurturer,레몬즙 살짝 뿌리면 킥,2024-12-06,sweetshop
5111,sweetshop_2024-11-15,uouv330,와 이건 처음 알았어요,2024-11-17,sweetshop
5112,sweetshop_2024-11-15,uh2uptho,@kowaichaeyun 해묵자😍,2025-02-23,sweetshop
5113,sweetshop_2024-11-15,xyzzzz_zip,@llozl_lkrj 이거 웨 안해줘 😬,2025-01-05,sweetshop
5114,sweetshop_2024-11-15,_won_sy,@hansu0623 요고,2024-12-02,sweetshop
5115,sweetshop_2024-11-15,bike_remember,@oneway_street_coffee 승!,2024-12-12,sweetshop
5116,sweetshop_2024-11-15,heeeee9_,@chamchimayonez 집들이안주.,2024-11-19,sweetshop
5117,sweetshop_2024-11-15,yoursoyo,유림이 집들이 때 이거 해죠 @urim_e.98 @won_ju1303,2024-11-22,sweetshop
5118,sweetshop_2024-11-15,sumin5020,@_jajogram @seo.dohee 담엔 이걸 안주로 먹어볼까낭,2024-11-19,sweetshop
5119,sweetshop_2024-11-15,dj_ys_yl,@sunny_sshin 신기 ㅋㅋㅋㅋ,2025-01-27,sweetshop
5120,sweetshop_2024-11-15,every_day179,@llupll 와 도도한 나초 좋은거였네,2024-11-19,sweetshop
5121,sweetshop_2024-11-15,kimjoo_.won,맛있게다,2024-11-16,sweetshop
5122,sweetshop_2024-11-15,lee.kgn,토마토 생략해도 돼나요..,2025-02-19,sweetshop
5123,sweetshop_2024-11-15,ejdrlf12,저는 토마토 양파 썰어서 레몬즙 촥촥 뿌리고 파마산가루뿌리고 과콰몰리에 찍먹는데 최곱니다,2024-12-29,sweetshop
5124,sweetshop_2024-11-15,s0hx.n_,이거 고재영님 과자만 1주일 먹으면서 살기 영상에 나온거네 ㅋㅋ,2025-02-09,sweetshop
5125,sweetshop_2024-11-15,dannnn__2,@j.eun_2 이거해묵자,2025-02-17,sweetshop
5126,sweetshop_2024-11-15,_0112._.yj,@ran._.kk 담에 놀러가면 꼭 해뮥쨔 .. 나 접때먹은거 또 먹고시퍼,2025-03-12,sweetshop
5127,sweetshop_2024-11-15,5o__on,하... 하필 재료가 다있어요 이건 계시지... 당장 만들라는...,2025-04-03,sweetshop
5128,sweetshop_2024-11-15,yang_ju_91,@he_eyaa_ 한번 도전 ?!?!,2024-11-16,sweetshop
5129,sweetshop_2024-11-15,soul_jang,오 해먹어봐야지,2024-11-15,sweetshop
5130,sweetshop_2024-11-15,su0v0jin,@_wincar_ 나즁에 여행가면 이거 야식으로 해먹쟈,2024-11-15,sweetshop
5131,sweetshop_2024-11-15,chzhtkwk0918,@mysweetie310 언니!! 저감기 나으면 요거요거,2024-11-15,sweetshop
5132,sweetshop_2024-11-15,su_yeon_0207,@kmes_sa1 이거해주까?,2024-11-15,sweetshop
5133,sweetshop_2024-11-15,_mmlleook_,맞음 푸드트럭에서 해줌.. 역시 발빠르심👏👏👏,2024-11-15,sweetshop
5134,sweetshop_2024-11-15,___hovely0.0,"오늘은 술 안 마시려고 했는데,, 휴",2024-11-15,sweetshop
5135,sweetshop_2024-11-15,joondell417428,그와중에 냥이 배ㅋ 왜 민둥산이예요~?ㅋㅋ,2024-11-16,sweetshop
5136,sweetshop_2024-11-15,z_swuuung_2,@leeseong.kr 오 갠차는뎅?,2024-11-16,sweetshop
5137,sweetshop_2024-11-15,hey.mine,@yun.duboo 마싯갯댜ㅜ,2024-11-17,sweetshop
5138,sweetshop_2024-11-15,hahahohii,@noru_intothe_sea 이거얏네!,2024-11-17,sweetshop
5139,sweetshop_2024-11-15,y_bunny11,도마어디꺼애영??,2024-11-17,sweetshop
5140,sweetshop_2024-11-15,_da_bin__,@tton.tto 얌 담에 이고 해보쟈,2024-11-17,sweetshop
5141,sweetshop_2024-11-15,yhjxuhxx,헤드샷보세요~😍,2024-11-17,sweetshop
5142,sweetshop_2024-11-15,lateatnightisdeep,아니 이게@또 떠요 @stand.uuup,2024-11-17,sweetshop
5143,sweetshop_2024-11-15,sol_eie2,@spoon455 이거해먹짜,2024-11-17,sweetshop
5144,sweetshop_2024-11-15,minheeya_,설거지거리도없는😂,2024-11-19,sweetshop
5145,sweetshop_2024-11-15,geum.ryeon__,@ch4ngyu1 이거 오꾸닭에 나오는거아냐?ㅋ ㅋㅋ,2024-11-19,sweetshop
5146,sweetshop_2024-11-15,dmsrud0820,백스비어..? 거기서도 저런거 있었는데 진짜 맛있던데 저것도 맛있겠다ㅜㅜ,2024-11-22,sweetshop
5147,sweetshop_2024-11-15,_brillantezz,이렇게 먹는 거 멕시코에서 많이 봤어요!,2024-11-22,sweetshop
5148,sweetshop_2024-11-15,rayjungjung,이서 과카몰리 까지 느면 맛있데,2024-11-23,sweetshop
5149,sweetshop_2024-11-15,je._.9791,@j.h.john_park 이거해묵자,2024-11-27,sweetshop
5150,sweetshop_2024-11-15,seunghyeon1226,이쁘당,2024-12-05,sweetshop
5151,sweetshop_2024-11-15,kksuni,@sujisu_ 고?,2024-12-08,sweetshop
5152,sweetshop_2024-11-15,so_heeda,@rany.go 크리스마스 이거다.,2024-12-09,sweetshop
5153,sweetshop_2024-11-15,bini.8387,@n.k____0320 맛나것다,2024-12-11,sweetshop
5154,sweetshop_2024-11-15,bini.8387,@n.k____0320 이거묵고싶네,2024-12-13,sweetshop
5155,sweetshop_2024-11-15,dau_unj,@seuuuuuul_ 이거임,2024-12-16,sweetshop
5156,sweetshop_2024-11-15,iju.seung,이거 고재영에서 봤는데,2024-12-17,sweetshop
5157,sweetshop_2024-11-15,jijiooooy,@sso.y_____ 대밧ㅋㅋㅋ,2024-12-17,sweetshop
5158,sweetshop_2024-11-15,dennisjxng,사워크림 대신에 그릭 요거트라니;;; 백반반상에 김치 대신 오이피클울 먹어라 아주…,2024-12-19,sweetshop
5159,sweetshop_2024-11-15,soobdubapbapbap,토마토를 대체할 만한 과일이 뭐가 있을까요?-?,2024-12-20,sweetshop
5160,sweetshop_2024-11-15,ye___bbang,"@bubbbbbbb1e 이렇게 먹어보고 싶었었어,,",2024-12-21,sweetshop
5161,sweetshop_2024-11-15,stark.ne,과자 상햇나 안상햇나 확인하는게왜케 웃기지 ㅋㅋ,2024-12-29,sweetshop
5162,sweetshop_2024-11-15,w0xz._un,고재영님,2025-01-01,sweetshop
5163,sweetshop_2024-11-15,milla__174,이거무조건 해먹는댜!!🔥🔥🔥🔥,2025-01-01,sweetshop
5164,sweetshop_2024-11-15,_jeonghwa_,고수 오이 느야징ㅎㅎㅎ,2025-01-06,sweetshop
5165,sweetshop_2024-11-15,pgr_mf,도리토스에 콘치즈 간단히 말아먹어도 맛있습니다 cu에 콘치즈 팝니당,2025-01-12,sweetshop
5166,sweetshop_2024-11-15,minhee_k0401,@365dayoff 먹고싶다이거,2025-01-14,sweetshop
5167,sweetshop_2024-11-15,8onn1ek,Nachos in a bag 이라고 원래 저기 갈은 고기 양념해서 타코처럼 먹는거예요~~! 학교 급식으로도 많이 나오고 간식으로도 미국에서 많이 먹습니당 먹고싶에요 오랜만에ㅠㅠ,2025-01-14,sweetshop
5168,sweetshop_2024-11-15,h__a0903,여기에 깻잎 잘게 썰어서 올리면 진짜 끝짱나요 끝장!,2025-01-15,sweetshop
5169,sweetshop_2024-11-15,minseon0___0,맥주안주 메모,2025-01-15,sweetshop
5170,sweetshop_2024-11-15,ssoogiis,@so.yn 존맛이겟다 이것두,2025-01-15,sweetshop
5171,sweetshop_2024-11-15,jkxw_i0620s,개맛잇겟다,2025-01-31,sweetshop
5172,sweetshop_2024-11-15,bestsujin1004,고양이 뱃살만 기억나요.. 핑크 뱃살...,2025-02-06,sweetshop
5173,sweetshop_2024-11-08,park.hyojin0616,와.춤선이.참.멋지네요.!,2024-11-08,sweetshop
5174,sweetshop_2024-11-08,krystal_worthit,너~~~~~~무 이! 뻐!!!! 욧!!!!!❤️❤️❤️😍,2024-11-08,sweetshop
5175,sweetshop_2024-11-08,hiskyhi,와중에 잘해서 킹받앜ㅋㅋㅋ👏,2024-11-08,sweetshop
5176,sweetshop_2024-11-08,yhr_1205,아니 춤을 웰케 잘추지?😍,2024-11-09,sweetshop
5177,sweetshop_2024-11-08,216jeon,힘숨찐이 나타났다....🔥🔥🔥,2024-11-08,sweetshop
5178,sweetshop_2024-11-08,ro__und,대.. 대박 😍❤️,2024-11-09,sweetshop
5179,sweetshop_2024-11-08,e.uns0o,이사장님 다른사람으로 보여요..,2024-11-08,sweetshop
5180,sweetshop_2024-11-08,seo_k0.0,"와 새삼 느끼는건데 진짜 이뿜,,",2024-11-08,sweetshop
5181,sweetshop_2024-11-08,sbqlrnseo,뭐라고 해야할지 모르겠어요...,2024-11-08,sweetshop
5182,sweetshop_2024-11-08,suyen0427,저 문이 다른문보다는 좀 작은거죠?,2024-11-09,sweetshop
5183,sweetshop_2024-11-08,0203__ria,분위기가 확달라지네용 오늘도 화이팅🔥❤️,2024-11-11,sweetshop
5184,sweetshop_2024-11-08,z__xnv_7,이언니 ㅈㄴ이쁘노😍,2024-11-08,sweetshop
5185,sweetshop_2024-11-08,bagseogyeong58,언이 진짜 ㅈㄴ 섹시하고 예뻐,2024-11-10,sweetshop
5186,sweetshop_2024-11-08,hy._x14,와ㅏ..반전이 대박인디용❤️🙌,2024-11-09,sweetshop
5187,sweetshop_2024-11-08,yj_sung_2789,키다리 아저씨다!,2024-11-08,sweetshop
5188,sweetshop_2024-11-08,ceolhyeon20,워메 이쁘네,2024-11-08,sweetshop
5189,sweetshop_2024-11-08,zlxye.31,언니 드레스 이쁘네요,2024-11-16,sweetshop
5190,sweetshop_2024-11-08,hyewon2_,키가 크시니까 팔도 엄청 기시네요...! 비율미쳤땅,2024-11-09,sweetshop
5191,sweetshop_2024-11-08,_s.x1no,이분이신지 몰랐음 ㅋㅋㅋ,2024-11-08,sweetshop
5192,sweetshop_2024-11-08,jii4370,내 연예인..증말 .. 😍,2024-11-08,sweetshop
5193,sweetshop_2024-11-08,hzvrnzzn,언니 징이니니닌짜 예뻐요오ㅠㅠ😻👶🏻,2024-11-08,sweetshop
5194,sweetshop_2024-11-08,se0hyun_0101,이사장님 !❤️ 요리도 잘하구 이쁘구 춤도 잘추구 부럽네영!❤️❤️,2024-11-08,sweetshop
5195,sweetshop_2024-11-08,pinkwing86,거 누가 불 좀 켜봐요,2024-11-08,sweetshop
5196,sweetshop_2024-11-08,y3_jhshrh,감춰진 몸매 무엇?,2024-11-12,sweetshop
5197,sweetshop_2024-11-08,my_love_haha,아니 몸선이 왤케 이쁘세요,2024-11-08,sweetshop
5198,sweetshop_2024-11-08,ieunyeong187,드시는게 많은듯 한데 왜 날씬하죠 ㅡㅠ,2024-11-09,sweetshop
5199,sweetshop_2024-11-08,___hovely0.0,"부럽다 베개,,",2024-11-08,sweetshop
5200,sweetshop_2024-11-08,coejimin0709,언니 완전 여신 버블티 만들어주세요 제가 와라비모찌로 버블티 만든는걸좋아해서요 부탁드려요,2024-11-09,sweetshop
5201,sweetshop_2024-11-08,suhau_620,이사장님!! 이뻐어....어???,2024-11-11,sweetshop
5202,sweetshop_2024-11-08,hyeon_woo89,천번째 좋아요!!!😍오예~!!이쁨,2024-11-09,sweetshop
5203,sweetshop_2024-11-08,dlacodnjs.06,나중에 맹화씨랑 콜라보 해주세요 ㅋㅋㅋㅋ,2024-11-08,sweetshop
5204,sweetshop_2024-11-08,ys.0e0,사장님이런거 하지마요ㅛ,2024-11-08,sweetshop
5205,sweetshop_2024-11-08,hanbs89,도우너 같아여!,2024-11-08,sweetshop
5206,sweetshop_2024-11-08,minheeya_,"😮그 머랭과 이것저것을 드시면서..., 반전있는...😂👏👏👏",2024-11-08,sweetshop
5207,sweetshop_2024-11-08,japuck12,분식집 아주매 아이고요?ㅋ,2024-11-09,sweetshop
5208,sweetshop_2024-11-08,ddalgi3311,43빠❤️❤️와.존.경.해.요,2024-11-09,sweetshop
5209,sweetshop_2024-11-08,hoon_pyo,순간 누구신가 했습니다ㅎ😂,2024-11-09,sweetshop
5210,sweetshop_2024-11-08,huiddv,체중관리 어떻게하세요?ㅠㅠㅠㅠㅠ,2024-11-09,sweetshop
5211,sweetshop_2024-11-08,ham_zzea,다 똑같..,2024-11-10,sweetshop
5212,sweetshop_2024-11-08,ha_ho2474,이사장 맞지?,2024-11-10,sweetshop
5213,sweetshop_2024-11-08,muma_ukw,언니 왜 살 안 찌냐구욥뵤뵤ㅛㅂ,2024-11-13,sweetshop
5214,sweetshop_2024-11-08,yeseul0410,진짜 너무 잘추세요,2024-11-14,sweetshop
5215,sweetshop_2024-11-08,ch_xng1009,조립식 가족 주원이 닮았어요,2024-11-24,sweetshop
5216,sweetshop_2024-11-08,hx.eun_216,같은사람 맞나여,2024-11-24,sweetshop
5217,sweetshop_2024-11-08,rlacoals172,? 처음에 이사장님인줄 몰랐어요 ㅋㅋ,2024-12-08,sweetshop
5218,sweetshop_2024-11-08,yeoja5837,이사장님 너무 예뻐요.,2025-01-03,sweetshop
5219,sweetshop_2024-11-08,si.xni12,왜..예뻐..아니 왜 예뻐..?,2025-01-13,sweetshop
5220,sweetshop_2024-11-08,lllys0827ll,춤영상많이올려주세용!!,2025-02-04,sweetshop
5221,sweetshop_2024-11-08,dan._.aa1404,왜근데 불꺼줬을때보다 불켜졌을때가 더 춤을 잘추지?,2025-02-22,sweetshop
5222,sweetshop_2024-11-04,yooonjeju,실물이 1000배 더 예쁜 이사장님...❤️ 진심 모델인 줄 아라짜나요ㅜㅜㅜㅜ 2025 제주 홍보대사 넘 축하드려요.🏆🎊 늘 응원합니다.💗🍭🍫🍩🍬,2024-11-05,sweetshop
5223,sweetshop_2024-11-04,immingoo_film,계속 과일 드시길래 진짜 미식 사랑하는게 느껴졌어요 ㅋㅋㅋㅋㅋ 좋은 컨텐츠 기다리고 있겠습니다 🤩,2024-11-04,sweetshop
5224,sweetshop_2024-11-04,yoon_japji,"축하드려요~~ 실제로 만나서 너무 신기하고 반가웠습니다🙌 실물이 더 예뻐서 기절,,♥️",2024-11-04,sweetshop
5225,sweetshop_2024-11-04,koo0_90,"넘 멋져,,,, 최고야🔥🔥🔥❤️❤️❤️❤️❤️❤️❤️❤️❤️",2024-11-04,sweetshop
5226,sweetshop_2024-11-04,yoon_japji,"실물이 더 예뻐서 기절,,♥️",2024-11-04,sweetshop
5227,sweetshop_2024-11-04,sososohopeful,뭐야 언니 꾸미니까 완죠니 연예인이자나😍,2024-11-04,sweetshop
5228,sweetshop_2024-11-04,stonezer0,제주도 미식투어 기대하겠습니다👍👍👍,2024-11-04,sweetshop
5229,sweetshop_2024-11-04,artworks_podo,우와 부럽다 😍❤️ 축하드립니다,2024-11-04,sweetshop
5230,sweetshop_2024-11-04,iameunbro,"제주에 놀러갈 이유가 하나 더 생견군뇨,,❤️‍🩹🏝️",2024-11-04,sweetshop
5231,sweetshop_2024-11-04,bboni._.bbang,너 무 멋 져 요❤️ 사 랑 해 요 이 사장,2024-11-04,sweetshop
5232,sweetshop_2024-11-04,autu___mm,축하드랴용❤️❤️❤️,2024-11-04,sweetshop
5233,sweetshop_2024-11-04,o._.jinsg,형 멋있다!,2024-11-04,sweetshop
5234,sweetshop_2024-11-04,injiout,헐멋져요♥️♥️,2024-11-04,sweetshop
5235,sweetshop_2024-11-04,mo_nyang,제주도 팬미팅 한번 해주세요 ㅎㅎ 다섯살 울꼬맹이 이사장언니 팬이에요~ (최애영상이 대왕푸딩 무너지는거랑 슈의 초콜렛공장... ㅎㅎ),2024-11-04,sweetshop
5236,sweetshop_2024-11-04,luce_sicut_stellae12,ㅎㅎㅎ 바쁘신 이유를 또 이렇게 알게되네요 ^^,2024-11-04,sweetshop
5237,sweetshop_2024-11-04,sunisland._04,오오👏,2024-11-04,sweetshop
5238,sweetshop_2024-11-04,kimeungyong1385,오~^^축하드려요~❤️,2024-11-04,sweetshop
5239,sweetshop_2024-11-04,first.___.quarter,립 컬러 뭔가용...,2024-11-04,sweetshop
5240,sweetshop_2024-11-04,mon.tresor_soyeon,제주❤️,2024-11-04,sweetshop
5241,sweetshop_2024-11-04,eun.park.ji,특히 레드 가디건 입은 이사장 너무 이쁘다,2024-11-04,sweetshop
5242,sweetshop_2024-11-04,kimsunyeob,축하 합니다 짝짝짝,2024-11-04,sweetshop
5243,sweetshop_2024-11-04,demoo_hcc,자켓 어디꺼에요?넘넘 잘어울려요,2024-11-04,sweetshop
5244,sweetshop_2024-11-04,joy._.100,이사장님 팝 그자체~~~~~~,2024-11-04,sweetshop
5245,sweetshop_2024-11-04,oeeeeev,와 실물이 더더 이쁘신 이사장님 💖,2024-11-04,sweetshop
5246,sweetshop_2024-11-04,chill_haza,제주도 미식투어 오면 나도 델꼬가🙌🙌🙌,2024-11-04,sweetshop
5247,sweetshop_2024-11-04,haha._.2un,멋지다,2024-11-04,sweetshop
5248,sweetshop_2024-11-04,k_chansook,양혜지 배우닮아써요,2024-11-04,sweetshop
5249,sweetshop_2024-11-04,oeeeeev,트위드 자켓 너무 이뻐요 !!,2024-11-04,sweetshop
5250,sweetshop_2024-11-04,jinyeonb,팝한 칼라 너무 어울리세요! 레드 트위드 너무 예뻐요❤️,2024-11-04,sweetshop
5251,sweetshop_2024-11-04,dewl__nowon,듀엘과 너무 잘어울려요 !! 🥹❤️,2024-11-04,sweetshop
5252,sweetshop_2024-11-04,sehan6016,축하합니다 👏,2024-11-05,sweetshop
5253,sweetshop_2024-11-04,play_eat_goe,제주도는 3 요소가 유명하다. 3요소는 바람 돌 그리고 여자(이사장)이다.,2024-11-04,sweetshop
5254,sweetshop_2024-11-04,na_pretty01,대박!!! 짱멋있어요👀👍👍👍 축하드려요ㅎㅎㅎ,2024-11-06,sweetshop
5255,sweetshop_2024-11-04,jjiwoo.pyo.jj,언니 진짜 축하해요..!!그와중에 빨간색 넘 잘어울려 진짜 멋있어..!!,2024-11-06,sweetshop
5256,sweetshop_2024-11-04,yangyunseo29,와. 키 진짜크다 부럽😍,2024-11-06,sweetshop
5257,sweetshop_2024-11-04,ryushin77,아 못알아봤어요.....ㅋㅋㅋ 축하드립니다 ^^,2024-11-07,sweetshop
5258,sweetshop_2024-11-04,areudrivingmecrazy,남찍사가 더 이쁜 우리 언니... 특히 저 날 너무 인형같으셧어요ㅠ 축하드려요👏,2024-11-07,sweetshop
5259,sweetshop_2024-11-04,jinheeok07,이상한과자가게님~~ ㅋ,2024-11-07,sweetshop
5260,sweetshop_2024-11-04,scanttiy,예뻐여여ㅑ샤햐햫,2024-11-11,sweetshop
5261,sweetshop_2024-10-30,luce_sicut_stellae12,아우야~~~ 😍😍😍 찐으로 햄볶한 시간~,2024-10-30,sweetshop
5262,sweetshop_2024-10-30,s_.xyeo,진짜ㅜ먹어보고 싶네요😍😍 광곤가요??,2024-10-30,sweetshop
5263,sweetshop_2024-10-30,hoon_pyo,8살 딸이 유튜브 영상을 계속 보길래 뭐가 그렇게 재미있길래 저리 보나했었답니다ㅎ 근데 묘하게 중독성이 있으시네요😊 요즘에는 제 딸이랑 같이 본 답니다ㅎㅎ😂 와이프도 조금씩 같이 보기 시작 합니다ㅎ,2024-11-01,sweetshop
5264,sweetshop_2024-10-30,ire.log,치즈 미쳤다 !!!!!! 😍😍,2024-10-30,sweetshop
5265,sweetshop_2024-10-30,stay__min,맛있겠다.....❤️,2024-10-30,sweetshop
5266,sweetshop_2024-10-30,creann.0921,여기 좋아보이네요 ㅎㅎ 치즈도 맛있을 것 같아요 놀러가신 곳 정보도 부탁드려요,2024-12-13,sweetshop
5267,sweetshop_2024-10-30,eunchae_hodoo,젤리쿠아쿠토만들어주세요😢,2024-10-30,sweetshop
5268,sweetshop_2024-10-30,hello_lemonchoco,저 베이비벨 노란치즈 진짜 맛있어요ㅋ 그냥 전자렌지에 데워서 과자에 끼워먹어만 봤는데 퐁듀라니!! 스테이크랑 먹어보고싶다 ㅠㅠ,2024-10-30,sweetshop
5269,sweetshop_2024-10-30,e.uns0o,이사장언니 저 언니 좋아해요❤️,2024-10-30,sweetshop
5270,sweetshop_2024-10-30,greengreengrass_stay,"실물이 1도 안담겨서 넘 마음아프네요,, 귀여운 이사장님,,🥹 방문 감사합니다🌿🍃🌳💚💚",2024-10-30,sweetshop
5271,sweetshop_2024-10-30,yumyumyumria,와…토마호크에 치즈 늘어나는거 진짜 대박… @bomimi_327 이거 봐봐 ㅠㅠ,2024-10-30,sweetshop
5272,sweetshop_2024-10-23,eclipccy,ㅋㅋㅋㅋㅋ짐 들고 뚜벅뚜벅 걸어가시는 거 왤케 마인크래프트 캐릭터같고 귀엽죠,2024-10-25,sweetshop
5273,sweetshop_2024-10-23,lovely._.ballet,가스버너 어디서 사신건가요..... 예쁘다... 사고싶다.,2025-01-28,sweetshop
5274,sweetshop_2024-10-23,whgurdnjs11,마라탕?,2024-10-26,sweetshop
5275,sweetshop_2024-10-23,imseoa__,국밥분말로 캬라멜😮,2024-10-24,sweetshop
5276,sweetshop_2024-10-23,_coco_candy,ㅎㅎ사리곰탕면 에 라면 빼고 순대넣으면 그맛입니당,2024-11-14,sweetshop
5277,sweetshop_2024-10-23,hanseolee6132,면사리,2024-10-23,sweetshop
5278,sweetshop_2024-10-23,l.xsyun,사골 육수로 마라탕 만들어 주세요!!! 세상에서 제일 예쁜 언니!!❤️❤️,2025-01-24,sweetshop
5279,sweetshop_2024-10-23,jjjjju_35,분말 좀 적게넣고 부대찌개요!!,2024-10-23,sweetshop
5280,sweetshop_2024-10-23,itsmegganna,미역국 김치찌개 부대찌개 만둣국 고기육수 어울리는 음식은 다 가능,2024-10-28,sweetshop
5281,sweetshop_2024-10-23,seojeong__98,아 개마싯겠다... 배고파....,2024-10-24,sweetshop
5282,sweetshop_2024-10-23,hanseolee6132,저기다면사리랑 고춧가루,2024-10-23,sweetshop
5283,sweetshop_2024-10-23,jjinyh__,돈코츠 라면 이요!!!,2024-10-23,sweetshop
5284,sweetshop_2024-10-23,heominha53,신박하시네요,2024-10-26,sweetshop
5285,sweetshop_2024-10-23,o.o12.23,@_mxxoo_ 오 지려따 진짜ㅋㅋㅋ 필수템 아니냐구,2025-01-09,sweetshop
5286,sweetshop_2024-10-23,twinmamyangsoso,@simonh1224 없는가루가없네,2024-11-03,sweetshop
5287,sweetshop_2024-10-23,joomihwa,@ddugi.s 그집비결이 이건가?,2025-01-07,sweetshop
5288,sweetshop_2024-10-23,min_jjjji__99,상의 정보 알려두새요오옹😍,2024-10-23,sweetshop
5289,sweetshop_2024-10-23,sohye_y,이사장님 돼끼님께서 맛있게 드셨던 소고기무국이랑 배추시레기국 레시피좀 알려주세요.~너무 먹고싶어요... ㅠㅠㅠㅠㅠㅠㅠ,2024-10-28,sweetshop
5290,sweetshop_2024-10-23,s___seohyun,"@jang_ggo_ 홀,,, 우리집앞두????",2025-02-01,sweetshop
5291,sweetshop_2024-10-23,sitting__jeans,마라탕이유,2025-02-12,sweetshop
5292,sweetshop_2024-10-23,youtubecreatorskorea,이상한 과자가게 weird sweets shop 님의 영상이 인기 급상승 Shorts에 올랐어요!,2024-10-25,sweetshop
5293,sweetshop_2024-10-23,simplelife_su,@hiimcch 헐.,2024-11-14,sweetshop
5294,sweetshop_2024-10-23,panju.kim,떡만둣국!!!!,2025-02-18,sweetshop
5295,sweetshop_2024-10-23,kimjoo_.won,맛있게다,2024-11-16,sweetshop
5296,sweetshop_2024-10-23,song1113song,순대국밥 푸딩,2024-11-20,sweetshop
5297,sweetshop_2024-10-23,winsome0495young,"저 사골파우더 어서사신거에요,",2024-11-20,sweetshop
5298,sweetshop_2024-10-23,_mmlleook_,선박장인가오...?,2024-10-23,sweetshop
5299,sweetshop_2024-10-23,huitae2222,파스타요,2024-12-24,sweetshop
5300,sweetshop_2024-10-23,happy_s1730,떡국 .김치찌개.부대찌개.돼지국밥. 해보세요,2025-01-30,sweetshop
5301,sweetshop_2024-10-23,noiidfop32,나는솔로 옥순님 맞나요 ?,2024-10-24,sweetshop
5302,sweetshop_2024-10-23,psycocomo,순대 먹다가 남으면 냉장고에 넣었뒀다가 출출 할 때 사리곰탕면에 넣어먹으면 순댓국 됨,2024-10-29,sweetshop
5303,sweetshop_2024-10-21,yeseon_kate_kim,저두 설탕+캐찹이욬ㅋㅋ,2024-10-21,sweetshop
5304,sweetshop_2024-10-21,seomk04,왜치즈는 안넣으셨지😢😢😢😢😢,2024-11-22,sweetshop
5305,sweetshop_2024-10-21,redjoy_kang,진찌 같이 살고싶네요...,2024-10-21,sweetshop
5306,sweetshop_2024-10-21,kmk3456,호떡믹스로 해도되나요ㅋㅋ,2024-10-23,sweetshop
5307,sweetshop_2024-10-21,jaewoong07,설탕+캐찹+머스타드 세로로 2줄?😍,2024-10-21,sweetshop
5308,sweetshop_2024-10-21,rr_____yu,팔 왜그래요 ㅠ 손등모야 ㅠㅠ 데인고야?,2025-02-05,sweetshop
5309,sweetshop_2024-10-21,_do__sh_,음식인플루언서는 금손 필수인듯요!! 어째 다들 이리 잘만드실지 신기해웅,2025-02-19,sweetshop
5310,sweetshop_2024-10-21,smoma870,설탕은 무조건발라야지ㅇ0ㅇ,2024-10-21,sweetshop
5311,sweetshop_2024-10-21,jacquelinejoung,마카로니 뻥튀기가 어떻게 남아요..? 어떻게 처치곤란일수 있어요.......??!? 핫도그 맛있겠댱..,2024-10-21,sweetshop
5312,sweetshop_2024-10-21,j_a_n_e94,후원계좤ㅋㅋㅋㅋㅋㅋㅋ 181818ㅋㅋㅋㅋㅋㅋㅋ,2024-10-21,sweetshop
5313,sweetshop_2024-10-21,y.s1n20,저거 넣어서 황치즈맛 쫀득쿠키만들어주세요,2024-11-07,sweetshop
5314,sweetshop_2024-10-21,twinstsniwt,진짜별걸다만든닼ㅋㅋㅋ,2024-10-21,sweetshop
5315,sweetshop_2024-10-21,hye___dee,이사장님 꿈에 나와서 로또 샀어요🔥,2025-01-03,sweetshop
5316,sweetshop_2024-10-21,jeongyucan819,아니면은 뻥튀기를 믹서기에 갈아서 다시 해주세요,2025-01-24,sweetshop
5317,sweetshop_2024-10-21,hyy._.0502,저두요!,2025-01-06,sweetshop
5318,sweetshop_2024-10-21,yoonhoo0509_ppp,젓가락 잘림,2025-01-28,sweetshop
5319,sweetshop_2024-10-21,aromi_o_o,반죽비율 알려주세요,2025-01-25,sweetshop
5320,sweetshop_2024-10-21,bailey_kanghee,저 반죽 만드는 방법 좀 알려주심 안될까요!,2025-04-10,sweetshop
5321,sweetshop_2024-10-21,gimaeeun73,압구르기뒤구르기해보셈,2025-01-27,sweetshop
5322,sweetshop_2024-10-21,_mmlleook_,와 이건 진짜 소리로 알 수 있을 것같다 와👏👏👏,2024-10-21,sweetshop
5323,sweetshop_2024-10-21,kim_jung_a01318,나도 설탕 케첩이요~~~,2024-10-24,sweetshop
5324,sweetshop_2024-10-21,youtubekorea,금손 사장님과 천재 구독자들의 만남 👍🏻,2024-10-21,sweetshop
5325,sweetshop_2024-10-18,mbc_sb,저 비닐은 환경호르몬 안나오나요?,2024-10-22,sweetshop
5326,sweetshop_2024-10-18,ehs322,시푸드 보일 맛있지만 한국식으로 쪄서 초장에 캬~~~,2024-10-19,sweetshop
5327,sweetshop_2024-10-18,mingurimom,저기에 존슨빌 소세지도 추가요!! 증말 맛있쥬!! 저만 집에서 만들어 먹는 줄.,2024-10-19,sweetshop
5328,sweetshop_2024-10-18,algiecalifornia,루이지애나 핫소스가 빠졌는데 그게 있으면 더 맛있어요 ㅎㅎ,2024-10-20,sweetshop
5329,sweetshop_2024-10-18,ayoung_daily,목소리와 말투가 황우슬혜 느낌 나네요 👍,2024-10-19,sweetshop
5330,sweetshop_2024-10-18,woo_bro_love21,근데 오늘은 꽃게가 없는데요?ㅋㅋ,2024-10-18,sweetshop
5331,sweetshop_2024-10-18,seo_k0.0,"와,,,,,",2024-10-18,sweetshop
5332,sweetshop_2024-10-18,mlyoungpark,찜통 좀 바꿔요,2024-10-20,sweetshop
5333,sweetshop_2024-10-18,so_ye6,비 비 비 비 비 비 비 비 비 빔 유비빔,2024-10-25,sweetshop
5334,sweetshop_2024-10-18,eyedoc119,감튀에 올드베이만 뿌려도😍,2024-10-19,sweetshop
5335,sweetshop_2024-10-18,ciiiiiiiiiiiiiiiiiiiia_7,왜 봉다리에 담아먹지ㅠㅠ 환경호르몬 나오는디,2025-01-25,sweetshop
5336,sweetshop_2024-10-18,yunjae__ya,@sunggyuuuuu 쟈갸 우리 태국에서 머겄던거 보일링크랩 맞지 !!!???,2024-10-20,sweetshop
5337,sweetshop_2024-10-18,bella_chaeng,@seulki_new 핫앤쥬우시이,2024-10-26,sweetshop
5338,sweetshop_2024-10-18,zenaisyo,"칼로리 폭탄이긴 하지만 남은 소스로 라면 끓일 때 한, 두스푼 넣어보세요 국물맛이 끝내줍니다",2024-10-20,sweetshop
5339,sweetshop_2024-10-18,e___n_pop,The Boiling Crab.. 버터때려넣고 햄넣고..,2024-10-19,sweetshop
5340,sweetshop_2024-10-18,kimcoldcut,"루이지에나 해산물찜 이라고 하는데, 말씀 하신 시즈닝으로는 2%부족합니다. 저기에 추가로 케이쥰페퍼, 레몬페퍼 시즈닝은 무조건 들어가야 되고, 나머지 시즈닝 3가지 더 들어가야 합니다. 나머지 3가지는 영업비밀",2024-10-25,sweetshop
5341,sweetshop_2024-10-18,h_oosssss,@pphyuna 나이거나이거!!!!,2024-10-18,sweetshop
5342,sweetshop_2024-10-18,_mmlleook_,엄청 대단한 음식하면서 아무렇지 않은 듯 이야기 시작한다... 하... 군침,2024-10-18,sweetshop
5343,sweetshop_2024-10-18,hihihahahohohehei,@xuzhuxii 기억나니 😂,2024-10-22,sweetshop
5344,sweetshop_2024-10-18,_mmlleook_,버터.. 올바르다👏👏👏,2024-10-18,sweetshop
5345,sweetshop_2024-10-18,gprud1001,옥수수가 들어가야 제맛인데~~~,2024-10-19,sweetshop
5346,sweetshop_2024-10-18,minnnnnnnnnnnnm_,라스베가스에서 먹은 핫앤쥬시가 기억나네요 ㅠㅠ,2024-10-19,sweetshop
5347,sweetshop_2024-10-18,mins__83,어머~ 어머 한입만🥹,2024-10-19,sweetshop
5348,sweetshop_2024-10-18,pangpanglove2296,해줭 ..맛있겠다,2024-10-19,sweetshop
5349,sweetshop_2024-10-18,j.seulkey,@chaeseong__lim 나 크리스마스에 요겅,2024-10-19,sweetshop
5350,sweetshop_2024-10-18,chea_min1111,맛있겠다..언니..한입만,2024-10-19,sweetshop
5351,sweetshop_2024-10-18,eternity__2019,무슨 소스인가요?,2024-10-19,sweetshop
5352,sweetshop_2024-10-18,lvvlvv1011,"삶은계란,파스타면 사리추가요",2024-10-20,sweetshop
5353,sweetshop_2024-10-18,_lsh_91,소시지 넣으면 진짜 맛있어요!,2024-10-20,sweetshop
5354,sweetshop_2024-10-18,mahkatendo,쥬시크랩 존마탱,2024-10-20,sweetshop
5355,sweetshop_2024-10-18,bonobonoya226,ㅇㅅㅇ하 @ssu_jjnng 이거해먹쟈,2024-10-20,sweetshop
5356,sweetshop_2024-10-18,ethanlove.dodam,레시피 궁금해요!!!!,2024-10-20,sweetshop
5357,sweetshop_2024-10-18,jinmo_0825,비닐봉지 없어보임.. @lee_hyun0416,2024-10-20,sweetshop
5358,sweetshop_2024-10-18,rabbiday_,가루는 어딧나용..?,2024-10-20,sweetshop
5359,sweetshop_2024-10-18,jeoungguk1,개인적으로 한국식 해물찜이 더맛있는거같아요~^^,2024-10-20,sweetshop
5360,sweetshop_2024-10-18,__jjiyoung,@xx._.ys 해즈ㅏ,2024-10-20,sweetshop
5361,sweetshop_2024-10-18,eunji.uk,씨푸드 보일 ㅠㅠ 이거 정말 맛있어요. 남은 소스에 알리오올리오 파스타 비벼서 먹으면 정말 끝장나요. 😋,2024-10-21,sweetshop
5362,sweetshop_2024-10-18,oath_sunnnseo,@i4.may 또먹고싶다 밥 조물조물,2024-10-21,sweetshop
5363,sweetshop_2024-10-18,happy_h_y,@special_kwak 이거한번도전해볼까영,2024-10-21,sweetshop
5364,sweetshop_2024-10-18,suhyeony.95,찜기에 때려넣고 물 넣나용?,2024-10-21,sweetshop
5365,sweetshop_2024-10-18,__won2__,@won11_4 @cafe_ubuntu_jw 한번해먹는거 가능?,2024-10-21,sweetshop
5366,sweetshop_2024-10-18,eeajnueeel,@ragaboy_93 이거여 ㅋㅋ,2024-10-21,sweetshop
5367,sweetshop_2024-10-18,som_vely._,"이고 파스타면 소스에 비벼먹음 존맛인데,,",2024-10-21,sweetshop
5368,sweetshop_2024-10-18,kimjiyun0224,저 좀 해주세요..😂,2024-10-21,sweetshop
5369,sweetshop_2024-10-18,yujeongsu978,미국이 워낙 다 때려넣고 파티 처럼 즐기면서 먹는게 많다 보니 씨푸드 보일 또한 양이 많을 수 밖에😂,2024-10-22,sweetshop
5370,sweetshop_2024-10-18,julie_richard_eats,엘에이엔 보일링 크랩이 있어요 ㅎㅎㅎ,2024-10-22,sweetshop
5371,sweetshop_2024-10-18,cristi._.v,아르헨티나 살때 진짜 많이 해먹었는데ㅜㅜ,2024-10-22,sweetshop
5372,sweetshop_2024-10-18,hya_91,@w_bble 해먹어보고싶다 ㅋㅋㅋ,2024-10-22,sweetshop
5373,sweetshop_2024-10-18,rose_kkk,@daloving_ 해줘,2024-10-22,sweetshop
5374,sweetshop_2024-10-18,jooahyun91,@jonga.kim.7 해줭,2024-10-22,sweetshop
5375,sweetshop_2024-10-18,engus_choi,저녁에 이거 남은거 먹으까?,2024-10-22,sweetshop
5376,sweetshop_2024-10-18,siyu_1029,미세풀라스틱,2024-10-22,sweetshop
5377,sweetshop_2024-10-18,eunjin_0892,보일링크랩 소스 따로 팔아요,2024-10-22,sweetshop
5378,sweetshop_2024-10-18,hye_1___s,@min_0909_ 이거 제주에거먹은거그거쟈녀,2024-10-23,sweetshop
5379,sweetshop_2024-10-18,je.ni2974,소스 레시피 좀 알려주세요~^^,2024-10-23,sweetshop
5380,sweetshop_2024-10-18,blueming__s,@mein_su 이거 완전 오이도 코코보일링이당,2024-10-23,sweetshop
5381,sweetshop_2024-10-18,delight._.mirth,진짜 뒤집어집니다... 태국이 옥수수가 그르케 마시가 있어서 가서 저거 먹고 5킬로 찌고 돌아왔어요 😂 시즈닝 당장 구매합니다ㅜㅜ 좋은 정보 감사드려요!! 🔥🔥🔥,2024-10-23,sweetshop
5382,sweetshop_2024-10-18,t2xh._.plus,혼자 묻고 답하기 만랩,2024-10-23,sweetshop
5383,sweetshop_2024-10-18,jin_imgs,마라 넣어도 맛있겠다 ㅠ,2024-10-23,sweetshop
5384,sweetshop_2024-10-18,jun_jh89,@ch_m_eng @_u_jura_ 유갱 잘할듯,2024-10-23,sweetshop
5385,sweetshop_2024-10-18,lovelle.serene,핫소스 넣으면 더 맛있어요!!!!!,2024-10-24,sweetshop
5386,sweetshop_2024-10-18,freediversi,저도 미국갔을때 먹어봤어요. 괜츈,2024-10-25,sweetshop
5387,sweetshop_2024-10-18,1231_anju,레시피는 어디서보나요,2024-10-25,sweetshop
5388,sweetshop_2024-10-18,mosohyeon6,알고리즘 무섭넹 @1124jmj,2024-10-25,sweetshop
5389,sweetshop_2024-10-18,yoonyoonkim,전 매운거 좋아해서 저기에 하바네로 소스 좀 넣고 설탕이나 미원추가해서 고수 잔뜩 뿌려 먹어요. 진짜 진짜 맛있어요,2024-10-25,sweetshop
5390,sweetshop_2024-10-18,k.lee_su,맛있을것같아여.....😍,2024-10-25,sweetshop
5391,sweetshop_2024-10-18,psohyun1,희한한,2024-10-25,sweetshop
5392,sweetshop_2024-10-18,m_misunny,@ramy_ramboram 우리 이거 예전에 제주도에서 머근거 아냐??? 보일링 어쩌구였던거 가툰데..,2024-10-25,sweetshop
5393,sweetshop_2024-10-18,kmj85_,파스타면 말아드세엽,2024-10-25,sweetshop
5394,sweetshop_2024-10-18,gim.9604,쓰레기봉투에서 줏어먹는기분?,2024-10-26,sweetshop
5395,sweetshop_2024-10-18,jeyunl,이런 이런 저런 양철은 모메 안좋다 스댕하나 괜춘한 애 입양 하쇼,2024-10-26,sweetshop
5396,sweetshop_2024-10-18,dx_.hy1n,짬통,2024-10-26,sweetshop
5397,sweetshop_2024-10-18,slin.jo,도대체 뜨거운걸 비닐에 왜 넣는거야!?환경호르몬이 암걸린다는거는 다 아는건데 저걸 심지어 파는데가 있다니 놀랍다,2024-10-26,sweetshop
5398,sweetshop_2024-10-18,lilliliillilliilillilll__,제발 릴스에 그만 처떠라 시,2024-10-27,sweetshop
5399,sweetshop_2024-10-18,suj_ipole,@yuhyeonjoong 핫앤쥬시 가고싶다,2024-10-27,sweetshop
5400,sweetshop_2024-10-18,hyeinhaley,브로콜리 🥦 꼭 넣어드셔보세요. 브로콜리가 소스를 빨아들여서 찐 맛있습니다,2024-10-28,sweetshop
5401,sweetshop_2024-10-18,wooseok_loveuu,지금 보니까 목소리가 김태리 배우님이랑 닮은 것 같아요,2024-10-30,sweetshop
5402,sweetshop_2024-10-18,gforceha,Old Bay seasoning을 끄릴때 넣고 끄려보새요. 미국 남부에서는 이걸 low country boil라고 불러요. Andouille sausage도 투벅 투버 썰어너면 맛있어요.,2024-11-04,sweetshop
5403,sweetshop_2024-10-18,jk_donguk,레시피 어딨오요???ㅠㅠ,2024-11-10,sweetshop
5404,sweetshop_2024-10-18,awdvh2024,먹방 찍어주세요!,2024-11-15,sweetshop
5405,sweetshop_2024-10-18,ijanghyeog46,찌는게 아니라 끓이는 건데,2024-11-17,sweetshop
5406,sweetshop_2024-10-18,bbbbb__innnnnn,@ktjo234 츄라이츄라이?,2024-11-19,sweetshop
5407,sweetshop_2024-10-18,ijeongug233,누나는 알고리즘이 어떻게 된거야?,2024-11-24,sweetshop
5408,sweetshop_2024-10-18,alecchina,원주에 잘하는 곳 있음 귀찮으묜 @redshrimpinwonju,2024-12-17,sweetshop
5409,sweetshop_2024-10-18,jiney0410,저 소스가 다있는 우리집은 대체...,2024-12-21,sweetshop
5410,sweetshop_2024-10-18,ashleytheloanofficer,집에서 만들어서 굳이 미세 플라스틱 입혀 먹을 필요가 있을까,2024-12-31,sweetshop
5411,sweetshop_2024-10-18,love_juhyeon,@hyunbum_lim11 이거 우리 대부도에서 먹은거 그런건가봐 ㅋㅋ,2025-01-08,sweetshop
5412,sweetshop_2024-10-18,hodoo._.cat,나는솔로 잘봤습니다,2025-01-19,sweetshop
5413,sweetshop_2024-10-18,brotherwhat,오 베가스 6년거주자했던 1인으로서 대 공감🙌,2025-01-21,sweetshop
5414,sweetshop_2024-10-18,einxu_,처음 볼때 음쓰인줄 ..,2025-01-22,sweetshop
5415,sweetshop_2024-10-14,luce_sicut_stellae12,어유~ 누가 템퍼링 하셨는 지 반딱반딱 아주 예쁘네요~,2024-10-14,sweetshop
5416,sweetshop_2024-10-14,jangsuyeon5720,너무 이쁘게 잘만들잖아요 금손인정👏,2025-01-20,sweetshop
5417,sweetshop_2024-10-14,only_dadada,잠깐만요..40년이라구요?! 20년아닌가유😢😢,2024-10-14,sweetshop
5418,sweetshop_2024-10-14,flower_star_126,초콜릿 가를때 손자국나있는거 너무 웃겨요ㅋㅋ,2024-10-14,sweetshop
5419,sweetshop_2024-10-14,joy._.100,사장님 티셔츠랑 깔맞춤~~~~~~~🍓🍓,2024-10-14,sweetshop
5420,sweetshop_2024-10-14,kej01048146423,와 맛있게다,2024-10-16,sweetshop
5421,sweetshop_2024-10-14,yusom.o0,완전 차는듯이에녀ㅠ,2024-11-05,sweetshop
5422,sweetshop_2024-10-14,wjddusal38,하얀가 로션먹는줄 ㅋㅋㅋㅋ,2024-10-17,sweetshop
5423,sweetshop_2024-10-14,uouv330,맛있겠다,2024-10-15,sweetshop
5424,sweetshop_2024-10-14,sh.yu._15,수비드 기계는 갔습니다..,2024-11-25,sweetshop
5425,sweetshop_2024-10-14,yui1234_qwe,피스타치오 맛 해주세요😢😢😢,2024-10-14,sweetshop
5426,sweetshop_2024-10-14,dhsysnl,"이번엔 ""박테리아 초콜릿""",2024-10-14,sweetshop
5427,sweetshop_2024-10-14,seou_searunway,@mina_ringhhh 얘 볼때마다 니생각남,2024-10-15,sweetshop
5428,sweetshop_2024-10-14,ma_chimnae12,그럼 이제 초콜릿 안에 머랭을 넣어주세요!!!,2024-10-14,sweetshop
5429,sweetshop_2024-10-14,_mmlleook_,우와 이건 선 넘었다...🫠🤤,2024-10-14,sweetshop
5430,sweetshop_2024-10-14,2milxy,초콜릿 틀 구매처 알 수 있을까요? 참크래커 두개가 쏙 들어가는게 활용도 높을 것 같아서 궁금해용,2024-10-17,sweetshop
5431,sweetshop_2024-10-10,iam._.toy,우리집 냉동실에 깨옥춘 항상구비❤️,2024-11-18,sweetshop
5432,sweetshop_2024-10-10,seon_ok_h,구매처에사 오래된 제품을 그냥 판매 했나봐요 ㅠ ㅜ 어릴 때 제사지내면 저거 먹을라고 집안 어린이들 제사끝나길 기다리며 줄서있었어요 ㅋㅋㅋㅋ,2024-10-10,sweetshop
5433,sweetshop_2024-10-10,ny.tx13,옥춘 원래 푸석푸석 한 거 아니에요?? 저 먹을땐 안 딱딱 핬는대,2024-10-11,sweetshop
5434,sweetshop_2024-10-10,starworldannakim,사랑스러우세여 💖,2024-10-10,sweetshop
5435,sweetshop_2024-10-10,jjiwoo.pyo.jj,그니까여ㅠ제대로 된거 드셔서 다행이다..그거 제사 올리고 돌아다니면서 하나씩 집어먹으면 맛있었거덩요..어엄청..,2024-10-10,sweetshop
5436,sweetshop_2024-10-10,minheeya_,싱싱한 젤리를 찾으셨네요👏👏👏,2024-10-10,sweetshop
5437,sweetshop_2024-10-10,sonoji,아 어릴때 진짜 많이 먹엇는데….명절때마다…,2024-10-23,sweetshop
5438,sweetshop_2024-10-10,c._.jeo32x,아니 기름 쩐내는 대체 어떻게 해야 나는 건지.. 그나마 이번에는 정상적이라 다행이에요,2024-10-10,sweetshop
5439,sweetshop_2024-10-10,0dydhes,저그거좋아해요,2024-12-05,sweetshop
5440,sweetshop_2024-10-10,_binbinwarak_,깨옥춘 진짜 어릴때 개 좋아했는데 올만에 먹어야겠다,2024-11-14,sweetshop
5441,sweetshop_2024-10-10,bba.aaang,옥춘이 너무 좋아용.... 깨옥춘 최애....❤️,2024-10-14,sweetshop
5442,sweetshop_2024-10-10,ganghanbyeol673,언니넘맛잇게드시네요,2024-10-10,sweetshop
5443,sweetshop_2024-10-10,soo_bal_,구매처 부탁드려욤👏👏👏,2024-10-10,sweetshop
5444,sweetshop_2024-10-10,eunchae_hodoo,흑백요리사처럼 요리에다가빠스만들어주세요,2024-10-12,sweetshop
5445,sweetshop_2024-10-10,zzi_woooo__,@songgee_1 이거보니까 너가 생각나 갑자기 먹고잡네,2025-03-07,sweetshop
5446,sweetshop_2024-10-10,ny.tx13,옥춘 딱딱 한기 정상이에요 아님 푸석푸석 한게 정상이에요??,2024-10-11,sweetshop
5447,sweetshop_2024-10-10,yoonbivip,원래지금드신 맛이 맞아요~~^^^,2024-10-12,sweetshop
5448,sweetshop_2024-10-10,kim_jung_a01318,그거 맛있어요!!!!,2024-10-16,sweetshop
5449,sweetshop_2024-10-10,jin_yeong02.17,워낙 찾는사람들이적다보니 묵은거 판매 많이하는데,2024-10-10,sweetshop
5450,sweetshop_2024-10-10,_mmlleook_,깨옥춘... 제사 대상인 할머니와 하이파이브 할 맛이죠.. 깨..만으로 되어있는 매화과자도 드셔보셔라 애기때 최애과자였음,2024-10-10,sweetshop
5451,sweetshop_2024-10-10,man_yuhae_,마트나 어디서나 파는데 찾는 사람이 없으니 뒷구석 자리에 그대로 몇년동안이나 있으니 당연 상태가 안좋겠죠,2024-10-11,sweetshop
5452,sweetshop_2024-10-10,_mmlleook_,소비기한이 지난걸 드셨던것같,2024-10-10,sweetshop
5453,sweetshop_2024-10-10,77angellove,구매한곳에서..오랫동안 방치된듯요~~오래되면 쩐내남유😂😂,2024-10-11,sweetshop
5454,sweetshop_2024-10-10,ky.___.j,@o____t.k 한번도먹어본적없는데 ㄱㅋ,2024-10-11,sweetshop
5455,sweetshop_2024-10-10,kg13m,수비드 해주세요 예쁜 이사장님...😢😢,2024-10-12,sweetshop
5456,sweetshop_2024-10-10,khccsj1,난..깨옥춘 넘좋아하는데..어릴적엔사탕으로 다된거ㅎ😂,2024-10-16,sweetshop
5457,sweetshop_2024-10-10,taein_2916,@song.mn0219 저거 젤리먹곱,2024-10-19,sweetshop
5458,sweetshop_2024-10-10,yeanwoo.jion.mom,어릴때 되게 맛있었는데.. 오란다? 그런과자에 설탕발린거라 안 맛있게 이상한거지,2024-11-04,sweetshop
5459,sweetshop_2024-10-10,je.nn.ing,아 또 알고리즘 도청당했어... 아침에 옥춘얘기한거 어떻게 알았지.. 하..,2024-11-21,sweetshop
5460,sweetshop_2024-10-10,jinhxx.09,@binzz_33 내가 또 옥춘이 좋아하잖아 알지?,2025-01-09,sweetshop
5461,sweetshop_2024-10-10,subsub82,저승캔디,2025-02-03,sweetshop
5462,sweetshop_2024-10-10,badminton_1018,와,2025-02-05,sweetshop
5463,sweetshop_2024-10-10,badminton_1018,대박,2025-02-05,sweetshop
5464,sweetshop_2024-10-10,csh.0921,자시껬다ㅏ,2025-02-17,sweetshop
5465,sweetshop_2024-10-10,aaron_fj86_2,오래되면 쩐내랑 창고?냄새 빨아들여서 맛이 구림.,2025-02-26,sweetshop
5466,sweetshop_2024-10-10,gerbok12,오래된 거 먹었나보네. ㅉㅉ. 근데 젤리는 싫어해. ㅋ 멀컹하고 넘 달아,2025-03-11,sweetshop
5467,sweetshop_2024-10-04,__.maarrrrr.__,보내드리고 싶어도 주소를 몰라서 슬픈,2024-10-04,sweetshop
5468,sweetshop_2024-10-04,chae_.zev_1185,처음 빨간 입만 보였을때 웃는남자 포스터인줄..,2024-10-06,sweetshop
5469,sweetshop_2024-10-04,luce_sicut_stellae12,ㅋㅋㅋ 연출 잘 하셨네요~ 👍👍👍,2024-10-04,sweetshop
5470,sweetshop_2024-10-04,eun.park.ji,대박이다아아아🔥👏🏻멋짐,2024-10-04,sweetshop
5471,sweetshop_2024-10-04,juhyun_iloveyou,깜짝이야!,2024-10-07,sweetshop
5472,sweetshop_2024-10-04,jxxhxxn._.2335,웃는거 보자마자 어! 웃는남자? 하는 난 지극히 정상적이겠지?,2024-10-12,sweetshop
5473,sweetshop_2024-10-04,seo_k0.0,와..,2024-10-04,sweetshop
5474,sweetshop_2024-10-04,qwer09123456,나 첨에 퀸 네버 크롸잇 인줄 ㄷㄷ,2025-02-20,sweetshop
5475,sweetshop_2024-10-04,seung_wook1026,스마일 원피스 말하나….,2024-10-12,sweetshop
5476,sweetshop_2024-10-04,d._dddablue,이거 1편 조금 봤는데 개 무서워 아니 그 유리 조각으로 얼굴 찢는 장면 보다 튐,2024-11-17,sweetshop
5477,sweetshop_2024-10-04,shark_7327,언팔하고갈래요..,2024-11-05,sweetshop
5478,sweetshop_2024-10-04,iiiiiiiijiiiiiiiiiiosiystixhox,스마일재미있었는데😢😢,2024-10-05,sweetshop
5479,sweetshop_2024-10-04,twinstsniwt,어두운곳에서보다가 개놀램,2024-10-04,sweetshop
5480,sweetshop_2024-10-04,s.x6wn,@nx1bn 나진아 가자,2024-10-12,sweetshop
5481,sweetshop_2024-10-04,dotggabi_daily,광고 디게 열심히 하네,2024-10-04,sweetshop
5482,sweetshop_2024-10-04,_mmlleook_,헐 무서웠다...,2024-10-04,sweetshop
5483,sweetshop_2024-10-04,_bong______bong_,케잌광고가 아니구나,2024-10-07,sweetshop
5484,sweetshop_2024-10-04,eb_sj_hw,영상에 이진혁웃는장면 무슨영화인가용?,2024-10-04,sweetshop
5485,sweetshop_2024-10-04,fortheposer,광고 퀄 쥐리네 역시 이사장👏,2024-10-04,sweetshop
5486,sweetshop_2024-10-04,quene_op_,뽀니님???❤️❤️,2024-10-04,sweetshop
5487,sweetshop_2024-10-04,mini__12,이런웹툰있었음!!,2024-10-04,sweetshop
5488,sweetshop_2024-10-04,dodobaby123,무서운 😨 연기도 역시 이사장 👍,2024-10-04,sweetshop
5489,sweetshop_2024-10-04,j.ji._.eun,와 개무서,2024-10-04,sweetshop
5490,sweetshop_2024-10-04,dotory0521,놀래라,2024-10-05,sweetshop
5491,sweetshop_2024-10-04,eunchae_hodoo,언니킨죠젤리대신일반제리에먹는테이프감아서먹어주세요🙌.2트제발,2024-10-05,sweetshop
5492,sweetshop_2024-10-04,_j12.xn,이건뭔,2024-10-06,sweetshop
5493,sweetshop_2024-10-04,baggeumhui26,깜짝이야!놀랬자나요!ㅜㅜ그래도맛있게드시니다행입니다!,2024-10-06,sweetshop
5494,sweetshop_2024-10-04,kimdana327,내 생일에 개봉한ㄴ다ㅍ???!!!!!!!,2024-10-12,sweetshop
5495,sweetshop_2024-10-04,shindong._.1016,생일날 나오네,2024-10-12,sweetshop
5496,sweetshop_2024-10-04,gr_16.12,내생일에 왜무서운영화가나온다는거야,2024-10-12,sweetshop
5497,sweetshop_2024-10-04,tjd_als1201016,10월16일생일이에요,2024-10-13,sweetshop
5498,sweetshop_2024-10-04,hyo_miniverse,광고를 너무,2024-10-14,sweetshop
5499,sweetshop_2024-10-04,jnux.7,@hyunjun._0712 @park._0521 @xx.xoo0 @hy.xun5 보러 영양 ㄱㄱ,2024-11-01,sweetshop
5500,sweetshop_2024-10-04,simgyu8,광고 지린다,2024-11-14,sweetshop
5501,sweetshop_2024-10-04,igaweon956,이거 젼언니것두 무서웠는데..,2024-11-15,sweetshop
5502,sweetshop_2024-10-04,jj031968,전언니 따라하노,2024-11-22,sweetshop
5503,sweetshop_2024-10-04,whois_halanf,케잌 맛있겠다,2024-12-13,sweetshop
5504,sweetshop_2024-10-04,seohalee_1016,내 생일 ㅛㅠ,2024-12-21,sweetshop
5505,sweetshop_2024-10-04,ch___0806_,너무무서워요...😢,2024-12-24,sweetshop
5506,sweetshop_2024-10-04,juhyerang60,종이가 딱 이사장님 거예요,2024-12-28,sweetshop
5507,sweetshop_2024-10-04,1608gim,인정,2025-01-05,sweetshop
5508,sweetshop_2024-10-04,chayeonjae1016,내 생일..😢,2025-01-08,sweetshop
5509,sweetshop_2024-10-04,csylove1017,이사장님 수건케이크 감사합니다 너무 맜있어서 기절할번 했어요^^,2025-02-05,sweetshop
5510,sweetshop_2024-10-04,yemgondyu,광고 기깔나게 하시네요ㅋㅋㅋ,2025-02-13,sweetshop
5511,sweetshop_2024-10-04,seohyeon2313,무ㅜㅜ서ㅓ서서ㅓ워워워요,2025-02-13,sweetshop
5512,sweetshop_2024-10-04,guswns.01,아 사장님 진짜ㅜㅜ,2025-02-14,sweetshop
5513,sweetshop_2024-10-04,5un.oi,이집 광고잘하네,2025-02-19,sweetshop
5514,sweetshop_2024-10-04,kimseojun558,좀.. 무서웠쓰,2025-03-03,sweetshop
5515,sweetshop_2024-10-04,se0.xn16,내 생일에 개봉한다 ㅋㅋ,2025-03-09,sweetshop
5516,sweetshop_2024-09-29,ff_tt_gg_yy,저거 인터넷에서 판매하는디,2024-11-07,sweetshop
5517,sweetshop_2024-09-29,yuj.in0314,아마도 가게에서는 쥬시쿨? 쿨피스? 그런거 파인에플맛 얼린거 일거에요,2024-10-14,sweetshop
5518,sweetshop_2024-09-29,_pd_ty,얼음도 같이 넣어서 파인애플이랑 믹서기에 갈아주시면 더 파는거 같아요❤️❤️,2024-10-12,sweetshop
5519,sweetshop_2024-09-29,chan103109,딴 재료는 있는데 뚱치는 없어서 훔쳐가도 되나요?,2024-10-03,sweetshop
5520,sweetshop_2024-09-29,e.uns0o,나만 자기전에 이사장님 영상보면서 잠드나..?,2024-10-01,sweetshop
5521,sweetshop_2024-09-29,parksiyeoun7135,언니! 언니! 스웨디시젤리 쿠팡으로 저렴하게 살수있데!!!,2024-10-01,sweetshop
5522,sweetshop_2024-09-29,authornewlife,이상하다 be idealistic ㅡ 그 이상 strange 말고,2024-09-29,sweetshop
5523,sweetshop_2024-09-29,38kyung,샤벳 😂😍,2024-09-29,sweetshop
5524,sweetshop_2024-09-29,eun_you1029,그거 야구장에 팔아요,2024-09-29,sweetshop
5525,sweetshop_2024-09-29,yj_sung_2789,도둑질ㅋㅋㅋ,2024-09-29,sweetshop
5526,sweetshop_2024-09-27,yezzing2014,이거 게속 누르고 있으면 다른 모양 된데요,2024-11-28,sweetshop
5527,sweetshop_2024-09-27,eunchae_hodoo,언니 킨죠젤리대신 일반제리에먹는테이프감아서먹어주세요.🙌,2024-10-03,sweetshop
5528,sweetshop_2024-09-27,iuchamjota,@50151.51 @pleasepodo 어땨어때,2024-09-30,sweetshop
5529,sweetshop_2024-09-27,jio_yuno,@heejin161212 이거였구만??ㅋㅋㅋㅋㅋㅋ,2024-09-30,sweetshop
5530,sweetshop_2024-09-27,hyo_juu84,새송인줄~~~~,2024-09-30,sweetshop
5531,sweetshop_2024-09-27,nocho_niiiii,@iam__dahee 이거라도 해보자 ㅋㅋ,2024-09-30,sweetshop
5532,sweetshop_2024-09-27,bagseongmin909,버섯이다 생각하면 제로 칼로리♡,2024-09-28,sweetshop
5533,sweetshop_2024-09-27,authornewlife,진짜 버섯 맛까지 나는 마시멜로 버섯이 나오면 어떨까 순간 생각을,2024-09-27,sweetshop
5534,sweetshop_2024-09-27,sexy_jiho_0215_man,나만 저거 안되냐ㅜㅜ,2024-09-27,sweetshop
5535,sweetshop_2024-09-27,kimyejun1234567,예쁜 누냐 맛있겠당 나도 해먿아 봐야겠앙❤️,2024-09-27,sweetshop
5536,sweetshop_2024-09-27,d_oun.star,완전 강불로 해야 잘대믄뎅,2024-09-27,sweetshop
5537,sweetshop_2024-09-27,dotory0521,뭔가 살이 겁나빠지신거같아요,2024-09-27,sweetshop
5538,sweetshop_2024-09-27,yundagyeong1201,저거 강불로하고 코팅이 잘돼어있는 팬을써야해요!아니면 기름코팅 해야해요,2024-09-27,sweetshop
5539,sweetshop_2024-09-27,baggeumhui26,오늘도잘보고가요!😮😍😂,2024-09-27,sweetshop
5540,sweetshop_2024-09-27,look_at_this_kim,기름살짝 얇게 바르면 잘 떼져요,2024-09-27,sweetshop
5541,sweetshop_2024-09-27,hoyoungbro,크리에이터 몇분이 같은 아이디어로 누가 더 웃기게 영상만드나 배틀 그런건가요?,2024-09-27,sweetshop
5542,sweetshop_2024-09-25,yezzing2014,마라크림 짬뽕 해주세요!!!,2024-11-28,sweetshop
5543,sweetshop_2024-09-25,_cmxy.2,백종원이 제주도에 마늘 라면집에 갔었는데 너무 맛있었데요 저도 가봤어요,2024-10-19,sweetshop
5544,sweetshop_2024-09-25,si._yul43,비빔대왕,2024-10-08,sweetshop
5545,sweetshop_2024-09-25,yech1013,42주답글 달기,2024-10-05,sweetshop
5546,sweetshop_2024-09-25,11_haxxn,42주답글 달기,2024-10-04,sweetshop
5547,sweetshop_2024-09-25,sonjo_3355,유비빔이욬ㅋ,2024-10-04,sweetshop
5548,sweetshop_2024-09-25,sj_1107_sj,밤티라미수여!,2024-10-04,sweetshop
5549,sweetshop_2024-09-25,dx_e0k,42주답글 달기,2024-10-04,sweetshop
5550,sweetshop_2024-09-25,i_i940320,순간 중식여신님인줄 ㅋㅋㅋ,2024-09-28,sweetshop
5551,sweetshop_2024-09-25,hello._.friendsssss,43주좋아요 1개답글 달기,2024-09-28,sweetshop
5552,sweetshop_2024-09-25,j.w_a1,아직 안 봤는데 스포당함,2024-09-28,sweetshop
5553,sweetshop_2024-09-25,andl2829,국물의띡함(?)대파흰부분이 빠졋네요,2024-09-27,sweetshop
5554,sweetshop_2024-09-25,autistic_taesin,43주답글 달기,2024-09-27,sweetshop
5555,sweetshop_2024-09-25,5_hw.n,43주좋아요 2개답글 달기,2024-09-27,sweetshop
5556,sweetshop_2024-09-25,102100e,43주답글 달기,2024-09-26,sweetshop
5557,sweetshop_2024-09-25,lee_seongjae5825,중식여신 닮으신거같다,2024-09-26,sweetshop
5558,sweetshop_2024-09-25,kimcherry621,그 무스테이크 보고싶어요,2024-09-26,sweetshop
5559,sweetshop_2024-09-25,jungtae_park7,이쁘오 오늘도 😍,2024-09-26,sweetshop
5560,sweetshop_2024-09-25,jihun_1428,바로 백라면 홍보도 겸사겸사,2024-09-26,sweetshop
5561,sweetshop_2024-09-25,kimudohxn,43주좋아요 12개답글 달기,2024-09-26,sweetshop
5562,sweetshop_2024-09-25,luce_sicut_stellae12,요리전공자(들)에게 도전장이 많이 보내지고 있네요 ^^ 팔보완자는 진짜 보고 싶어요!!!,2024-09-26,sweetshop
5563,sweetshop_2024-09-25,flower.boy_dc,43주좋아요 65개답글 달기,2024-09-26,sweetshop
5564,sweetshop_2024-09-25,jc_oys8,제모..옥은 이제.. 마늘..빽라면으로 하겠습니다..근데이제 안성재를 곁들인,2024-09-26,sweetshop
5565,sweetshop_2024-09-25,j1_w.0190,알리오올리오 갑시다..ㅋㅋ,2024-09-25,sweetshop
5566,sweetshop_2024-09-25,do.hxz1,나야..들기름..,2024-09-25,sweetshop
5567,sweetshop_2024-09-25,j0b0gye0ng,저도 틈새라면으로 따라해봤는데 진짜 맛있었어여!!,2024-09-25,sweetshop
5568,sweetshop_2024-09-25,ha_jinjja2025,43주좋아요 276개답글 달기,2024-09-25,sweetshop
5569,sweetshop_2024-09-25,m2_zu01,이사장님 아누누님한테 가서 요아정 동결건조 가요🔥제발 제발제발제발제발제발제발제발제발제발제발제발제발제발제발제발제발 해주세용❤️❤️,2024-09-25,sweetshop
5570,sweetshop_2024-09-25,h_gyeon20,미소곰탕 해주세요! 간단하면서 맛있어보였어요,2024-09-25,sweetshop
5571,sweetshop_2024-09-25,jiseog9903,팔보완자 해주세요!!,2024-09-25,sweetshop
5572,sweetshop_2024-09-25,baggeumhui26,집에서못하는게없으신듯요..!😮👍🏻,2024-09-25,sweetshop
5573,sweetshop_2024-09-25,play_eat_goe,오늘의 킬포: 이사장의 핑크빛 잠옷바지 ㅋㅋㅋㅋㅋㅋㅋㅋ,2024-09-25,sweetshop
5574,sweetshop_2024-09-21,ji_hy95,@not._.prat 헐..자기 나 이거멋고시퍼,2025-01-22,sweetshop
5575,sweetshop_2024-09-21,so0_once_luna,사장님 혈당스파이크가 오질 것 같아요,2025-01-21,sweetshop
5576,sweetshop_2024-09-21,jjen_ing,누가 센스없게 저지방 우유 얼려왔어,2025-01-21,sweetshop
5577,sweetshop_2024-09-21,yen_6544,다이어트 실패각인데..?,2025-01-05,sweetshop
5578,sweetshop_2024-09-21,88828jsjdjxuduw,@ijihaeng54 아 설빙 먹고싶다…,2024-11-12,sweetshop
5579,sweetshop_2024-09-21,ji_chu_v,@hey.chonan 오..🍫🍫❤️,2024-11-01,sweetshop
5580,sweetshop_2024-09-21,jdbs_iks,손목이 무슨일이래유 ㅠㅠㅠ,2024-10-19,sweetshop
5581,sweetshop_2024-09-21,ceolhyeon20,"손오공 이후로 초코초코초코에 진심인 사람(날아라 슈퍼보드, 치키치키 차카차카 초코초코쵸)",2024-10-05,sweetshop
5582,sweetshop_2024-09-21,1w_star,이거 개 맛있음,2024-10-04,sweetshop
5583,sweetshop_2024-09-21,x_.o2o1,빙수가 모형인데??,2024-10-03,sweetshop
5584,sweetshop_2024-09-21,b.si_oo,이거다,2024-10-03,sweetshop
5585,sweetshop_2024-09-21,jangse9820,123456789 챌린지 하냐고요ㅋㅋ,2024-10-03,sweetshop
5586,sweetshop_2024-09-21,gongyeonseo9,나먹었는데,2024-09-23,sweetshop
5587,sweetshop_2024-09-21,zi__su,아 초코는 또 못참는데......,2024-09-23,sweetshop
5588,sweetshop_2024-09-21,ceh0228,초코당기러 가야겠다😍😍😍,2024-09-23,sweetshop
5589,sweetshop_2024-09-21,hwangyeseo34,다 우유가져왔으면..,2024-09-23,sweetshop
5590,sweetshop_2024-09-21,1lllove1ll,당뇨걸어요,2024-09-22,sweetshop
5591,sweetshop_2024-09-21,j_1yuz,비밀로 하면 비율이 똥..,2024-09-22,sweetshop
5592,sweetshop_2024-09-21,s_a_e_l_i_n,맛ㅆ겟다,2024-09-22,sweetshop
5593,sweetshop_2024-09-21,yummy_rang,@y.chae_99 머그러가자,2024-09-22,sweetshop
5594,sweetshop_2024-09-21,yyerzing,아ㅏ마시겓다,2024-09-22,sweetshop
5595,sweetshop_2024-09-21,yiliu.72,개맛없음 ABC과자 특유의 싼맛 때문에 빙수 맛을 다 버림 입에서 싸구려 준초콜릿 단 맛이 찝찝하게 남음 초코빙수가 먹고싶으면 그냥 설빙 하겐다즈 빙수 사먹는게 훨씬 이득임,2024-09-22,sweetshop
5596,sweetshop_2024-09-21,b12min,저거 먹고 당뇨로 빨리 뒤져야겠다,2024-09-22,sweetshop
5597,sweetshop_2024-09-21,hskbgwj,"언니, 거기 석촌호수점이지?",2024-09-21,sweetshop
5598,sweetshop_2024-09-21,chox._.hh,이사장님 손목이..,2024-09-21,sweetshop
5599,sweetshop_2024-09-21,slug1_0,저거먹으면 살크업 되겠다,2024-09-21,sweetshop
5600,sweetshop_2024-09-21,_mmlleook_,헐 캡숑...,2024-09-21,sweetshop
5601,sweetshop_2024-09-21,eunwoo04736,나 초코에 진짜 목숨걸고 사는데,2024-09-21,sweetshop
5602,sweetshop_2024-09-21,wewewewe_be,마지막 랩 귀야움❤️,2024-09-21,sweetshop
5603,sweetshop_2024-09-21,bonanza_bros,아니 세숫대야에 빙수 만들어 먹으면 하교 시간 되겠는데요,2024-09-21,sweetshop
5604,sweetshop_2024-09-21,sweetshop_s2,⭐ABC초코쿠키 알파벳 찾기 이벤트⭐,2024-09-21,sweetshop
5605,sweetshop_2024-09-21,windsode,광고천재 이사장님 ㅋㅋㅋ,2024-09-21,sweetshop
5606,sweetshop_2024-09-21,stepanie_choi1,구래서 이벤트가 모예요ㅜㅜ,2024-09-21,sweetshop
5607,sweetshop_2024-09-19,jangeasy_,당면 넣으면 ㄹㅈㄷ 겠노,2025-03-13,sweetshop
5608,sweetshop_2024-09-19,moonju1219,오 칭찬!,2025-03-08,sweetshop
5609,sweetshop_2024-09-19,hyun._.ji115,와~진짜 완전 천재이다~~!,2025-03-06,sweetshop
5610,sweetshop_2024-09-19,hey_h_ei_,갈비카레요..? 카레 안좋아하는데 대존맛일것같아요...,2025-02-22,sweetshop
5611,sweetshop_2024-09-19,h_yum_i,안죽습니다 ㅋㅋㅋㅋㅋ,2025-02-19,sweetshop
5612,sweetshop_2024-09-19,12_youmini,24주답글 달기,2025-02-04,sweetshop
5613,sweetshop_2024-09-19,potato._._.777,저거로 수육해먹어도 존맛일것같은데,2025-01-20,sweetshop
5614,sweetshop_2024-09-19,a_seductive,ㅠㅠㅠㅠㅠㅠㅠㅠㅠ오늘 저녁에 이미 버렸단말이에여ㅠㅠㅠㅠㅠㅠ헝 ㅠㅠㅠㅠ,2025-01-15,sweetshop
5615,sweetshop_2024-09-19,20in2,와 진짜 천재인정합니다.....이번 설에 꼭 써먹어야지!!!!!감사해요❤️,2025-01-15,sweetshop
5616,sweetshop_2024-09-19,im_sexy.cute_boy,칭찬,2025-01-12,sweetshop
5617,sweetshop_2024-09-19,r_h_b_1014,저는 당면 넣고 데워서 밥이 비벼 먹는데 ㅎㅎ,2024-12-26,sweetshop
5618,sweetshop_2024-09-19,zhnjhe219,저거걍 밥만 비비면 추석담날 아침,2024-12-22,sweetshop
5619,sweetshop_2024-09-19,yeaeun_1989,우와....😮,2024-12-13,sweetshop
5620,sweetshop_2024-09-19,pinkwing86,카레는 진짜 생각도 못해따!!!!! 대박👏,2024-12-07,sweetshop
5621,sweetshop_2024-09-19,__s_2_on1,@carrot4833 ㅋㅋㅋㅋ꿀팁,2024-12-06,sweetshop
5622,sweetshop_2024-09-19,my1._ch,"저 카레 함 해먹어봤는데, 카레다 생각하고 먹어야 정말 맛있어요",2024-11-12,sweetshop
5623,sweetshop_2024-09-19,pth_x10.3x,어머니 제가 다 먹어드릴게요,2024-10-27,sweetshop
5624,sweetshop_2024-09-19,min_hyo_12,국물에 밥 넣고 참기름 넣고 갓 담근 김치에다가 먹으면 진짜 맜있는데..,2024-10-24,sweetshop
5625,sweetshop_2024-09-19,pizzariver,카레진짜아이디어지렷다,2024-10-20,sweetshop
5626,sweetshop_2024-09-19,baggeumhui26,맞죠?,2024-10-19,sweetshop
5627,sweetshop_2024-09-19,s0.bxn1,밥 비벼먹다가 뼈 씹음,2024-10-15,sweetshop
5628,sweetshop_2024-09-19,janggyeongjin,그래서갈비찜레시피는몬가요…,2024-10-03,sweetshop
5629,sweetshop_2024-09-19,ssunny.1221,오 떡볶이 즇다 저희 엄마는 갈비국물에 김치찌개끓여요!!,2024-09-27,sweetshop
5630,sweetshop_2024-09-19,zlzl1214,@ping._.bong 여기에.김치넣고 찌개끓이면 대존맛인대..그치,2024-09-27,sweetshop
5631,sweetshop_2024-09-19,je_suis_lena_,헐 밥 비벼먹으면서 뿌듯했는데 이거 보니까 뿌듯해할일이 아니었군요,2024-09-24,sweetshop
5632,sweetshop_2024-09-19,uouv330,국물은 항상 진국이죠,2024-09-24,sweetshop
5633,sweetshop_2024-09-19,suming_402,@zzam_crystal 오….. 저장하셈,2024-09-23,sweetshop
5634,sweetshop_2024-09-19,seloyh2021,김치찌게 남은 국물로 복음밥 해도 기가 막힙니다 ㅎㅎ 채소와 고기의 육수가 진국이라 ㅋㅋ,2024-09-23,sweetshop
5635,sweetshop_2024-09-19,kimyh4862,묵은지나 대충 익은 김치넣고 끓이면 존맛탱,2024-09-23,sweetshop
5636,sweetshop_2024-09-19,iicarpediemii,갈비찜 국물에 잘익은 김치 넣고 김치찜 해먹어도 맛있어용ㅎㅎ,2024-09-23,sweetshop
5637,sweetshop_2024-09-19,hello__ori,와.. 나 다 버렸는데ㅠㅠ,2024-09-23,sweetshop
5638,sweetshop_2024-09-19,chea_min1111,언니 오늘도 좋은 방법 감사해요! 이제 해먹을 일만 남았군요..^^ 전 떡볶이에 당면이랑 수제비 너먹어야겠어요! 글구...♡ 사랑해오♡♡♡♡♡♡♡♡❤️,2024-09-22,sweetshop
5639,sweetshop_2024-09-19,chanyoung1204,카레가 엄청 짜지는 않나요?,2024-09-22,sweetshop
5640,sweetshop_2024-09-19,gorgeoushley_,오~~,2024-09-22,sweetshop
5641,sweetshop_2024-09-19,j._.b99,와우,2024-09-22,sweetshop
5642,sweetshop_2024-09-19,zorba_w1214,오 굳!,2024-09-21,sweetshop
5643,sweetshop_2024-09-19,yanggeunhee,늘 떠서 보지만 잼나요 ㅋㅋ,2024-09-21,sweetshop
5644,sweetshop_2024-09-19,yanggeunhee,냄새 안나나요?👉🏻👈,2024-09-21,sweetshop
5645,sweetshop_2024-09-19,yangang_lover.001114,와 갈비찜 맛도리겠다..,2024-09-21,sweetshop
5646,sweetshop_2024-09-19,needle_table,칭찬^^👏👏👏👏👏👏,2024-09-21,sweetshop
5647,sweetshop_2024-09-19,ksrom1234,걍 밥비벼먹어도 꿀맛,2024-09-21,sweetshop
5648,sweetshop_2024-09-19,abohouse_,갈비카레라니!,2024-09-21,sweetshop
5649,sweetshop_2024-09-19,gamzzigi,ㅋㅋㅋㅋㅋㅋ나랑 똑같애,2024-09-21,sweetshop
5650,sweetshop_2024-09-19,oui_weee,우리집두 갈비찜국물에 꼭 떡볶이 해먹는데 ㅋㅋㅋ,2024-09-20,sweetshop
5651,sweetshop_2024-09-19,yeyoung302,카레 할 생각은 못했어요 굿❤️,2024-09-20,sweetshop
5652,sweetshop_2024-09-19,10._.35pm,@2gnoeyh__os 남으셨나여,2024-09-20,sweetshop
5653,sweetshop_2024-09-19,dawojung,오오 낼 떡볶이 해야징ㅎ 갈비찜 국물 냉장고에 있고  데워먹고도 남아서 어쩌나 낼은 버려야지..했더니 오케이 떡볶이로구나😍,2024-09-20,sweetshop
5654,sweetshop_2024-09-19,banghyejin706,갈비국물남았는데 떡 사러 가야겠네요 감사합니다😊,2024-09-20,sweetshop
5655,sweetshop_2024-09-19,mini__12,갈비찜국물한번도버린적없음...볶음밥으로만들어먹음,2024-09-20,sweetshop
5656,sweetshop_2024-09-19,losvagas98,둥둥기름 꼭 걷어내고 이용하시길,2024-09-20,sweetshop
5657,sweetshop_2024-09-19,ekrhtm02,역시! 쩝쩝박사!,2024-09-20,sweetshop
5658,sweetshop_2024-09-19,youtubekorea,아 국물 버리기 전에 볼걸,2024-09-20,sweetshop
5659,sweetshop_2024-09-19,adorable_1634,꺅~~~🥹👍👍👍 좋은정보감사합니당~~ 항상 버릴때 너무 아까웠었는데말이죠~~,2024-09-20,sweetshop
5660,sweetshop_2024-09-19,sunnyjjin81,김치찌게 짱인데,2024-09-20,sweetshop
5661,sweetshop_2024-09-19,ddddaul,사용하신 도마 뭔지 궁금해요~!,2024-09-19,sweetshop
5662,sweetshop_2024-09-19,shin_gethsemane,아빠가 딱 명절에만 해주시는건데 남은 잡채에 갈비찜국물 넣어서 볶아보세용 진득하니 최고 맛있음🥹💗,2024-09-19,sweetshop
5663,sweetshop_2024-09-19,ara.byeol_,와 카레는 진짜 맛있겠다..,2024-09-19,sweetshop
5664,sweetshop_2024-09-19,eeeeeaaeeeeei,이사장님 처음에 프로필보고 딴사람인줄알았어욕ㅋㅋㅋ,2024-09-19,sweetshop
5665,sweetshop_2024-09-19,hyokyung_holly,역시❤️ 저보다 많이 어린데 언니라고 부르고싶어요😍😍,2024-09-19,sweetshop
5666,sweetshop_2024-09-19,_mmlleook_,와 찐 이번에 갈비찜해주신 우리 어머니가 요청을 하셨나... 그나저나 카레큐브 글자가 늦게 나와 하마터면 초콜릿 넣을뻔..,2024-09-19,sweetshop
5667,sweetshop_2024-09-19,yx.0n1x,아 진짜 언니 너무 좋아요.🫶🏻,2024-09-19,sweetshop
5668,sweetshop_2024-09-19,lovely_ziz,이사장님 천재세요?? 떡볶이는 생각도 안해봤어요 맨날 볶음밥만 .....,2024-09-19,sweetshop
5669,sweetshop_2024-09-19,e.uns0o,나만 맨날 이사장님 영상보고 음식만듬??,2024-09-19,sweetshop
5670,sweetshop_2024-09-19,__.maarrrrr.__,전 떡보다 쫄면사리나(당면)우동면 또는 수제비면 넣고 팔팔 졸여서 먹는데 아주 맛있어요 ❤️,2024-09-19,sweetshop
5671,sweetshop_2024-09-19,graham.s2,"저 국물 그냥 밥에 참기름에 반숙계후 올려서 비벼먹어도 꿀맛…,",2024-09-19,sweetshop
5672,sweetshop_2024-09-19,princecesse87,고기살 많이 발라서 ❤️❤️,2024-09-19,sweetshop
5673,sweetshop_2024-09-19,princecesse87,저 국물로 볶음밥 해먹어요😂😂😂 저희친정 ㅋㅋㅋ,2024-09-19,sweetshop
5674,sweetshop_2024-09-18,jiyoon_ddongggo,우아 우리 성찬이 5억정식,2025-03-09,sweetshop
5675,sweetshop_2024-09-18,oh.dayomi,바나나를 호호 불어서 먹네요ㅋ,2025-02-12,sweetshop
5676,sweetshop_2024-09-18,h0.xw_,그냥 투게더에다가 과일 아무거나 올려먹지…,2025-01-12,sweetshop
5677,sweetshop_2024-09-18,se_eun.0717,일반 요거트는 요맘때 플레인맛..,2025-01-10,sweetshop
5678,sweetshop_2024-09-18,jx6ng.9,요맘때랑 요아정이랑맛 비슷하던데,2024-12-27,sweetshop
5679,sweetshop_2024-09-18,kej01048146423,우와 맛있게다 해봐야지,2024-10-19,sweetshop
5680,sweetshop_2024-09-18,dhfl2579,@bari_hyo 벌꿀집 사다놓는 나 너무멋져 부분에서 거울치료당함ㅋㅋㅋㅋ,2024-10-19,sweetshop
5681,sweetshop_2024-09-18,cy_127292,@east_min_98 헐 대박 나 만들어봐야게따,2024-10-15,sweetshop
5682,sweetshop_2024-09-18,12_vjsnua,식물성 써도 되나요?,2024-10-10,sweetshop
5683,sweetshop_2024-09-18,a.jeo_ng,지나가던 아정..,2024-10-04,sweetshop
5684,sweetshop_2024-09-18,perfec11224,요아정에도 티니핑 있는데 뭐냐면 풀토핑,2024-10-04,sweetshop
5685,sweetshop_2024-09-18,hangyeomgim,그냥 요맘때 플레인맛에다가 토핑 올려드세요 개똑같음,2024-10-04,sweetshop
5686,sweetshop_2024-09-18,ye._ocw,재료값으로 사먹을듯,2024-10-04,sweetshop
5687,sweetshop_2024-09-18,lo.x_rise,정성찬 어디까지 나갈래 요아정 화보라도 나중에 찍으려나,2024-10-03,sweetshop
5688,sweetshop_2024-09-18,y_oon_seo.dancing,그냥 플레인요거트 기본 한통에다가 우유 3스푼 넣고 30분있다가 먹으면 개똑인데,2024-09-28,sweetshop
5689,sweetshop_2024-09-18,hxrxxg.o,요거트 얼리면 되던데..,2024-09-22,sweetshop
5690,sweetshop_2024-09-18,sj_8512,요거 레시피 비율좀 알려주세요!!! 😍😍,2024-09-20,sweetshop
5691,sweetshop_2024-09-18,au.2xy,나 아는언니 이름이 유아정인데ㅋㅋㅋㅋ,2024-09-20,sweetshop
5692,sweetshop_2024-09-18,tutayeeee,맛은 어떤가요 해봤는데 그냥 그릭요거트맛이 나서요,2024-09-19,sweetshop
5693,sweetshop_2024-09-18,yx.0n1x,아 진짜 ㅜㅡㅡㅜㅠㅠ넘 귀여우세요ㅜㅠㅜㅜㅠ,2024-09-19,sweetshop
5694,sweetshop_2024-09-18,ll0l0ll0l0ll0l0,성찬띠 성공했네 이사장넴 릴스에도 나오고👏,2024-09-19,sweetshop
5695,sweetshop_2024-09-18,sujeong_chu,@ssssssbi 내가 요아정 만들어주께 코코가자.,2024-09-19,sweetshop
5696,sweetshop_2024-09-18,ayul._.v,비요뜨 얼려도 되용!!,2024-09-19,sweetshop
5697,sweetshop_2024-09-18,aloejell,당뇨병 체크해보세요.,2024-09-18,sweetshop
5698,sweetshop_2024-09-18,yux_o94,아ㅏ 성차니 5억 요아정 어디까지 퍼지는거에요????,2024-09-18,sweetshop
5699,sweetshop_2024-09-18,is.ju684,언니!!편의점에 하트구미첼 동결건조 나왔는데 완젼 커요!!오렌지랑 자두 추천해요!!사과는...비추...,2024-09-18,sweetshop
5700,sweetshop_2024-09-18,yumi8509,ㅋㅋ 바나나를..군고구마인척 하시는거 넘 귀염요😂,2024-09-18,sweetshop
5701,sweetshop_2024-09-18,ucaeeum,냉장고에 요아정 ㅋㅋㅋ😂😂,2024-09-18,sweetshop
5702,sweetshop_2024-09-18,luce_sicut_stellae12,😍 이상한 과자가게 현판! 멋져요!,2024-09-18,sweetshop
5703,sweetshop_2024-09-18,e.uns0o,난 왜이렇게 이사장님이 좋을까..?,2024-09-18,sweetshop
5704,sweetshop_2024-09-18,_mmlleook_,혼자무요? 아놔 내 침이 한강이네....,2024-09-18,sweetshop
5705,sweetshop_2024-09-17,sxoi_.n,뭐야 저 국자는..슨생님?,2024-12-10,sweetshop
5706,sweetshop_2024-09-17,0y._9e,언니입술 너무이뻐,2024-11-11,sweetshop
5707,sweetshop_2024-09-17,dohyi7340,운니 손목 뭐에요?,2024-11-07,sweetshop
5708,sweetshop_2024-09-17,parkjihwan_1125,최첨단 마이크 스탠드,2024-11-03,sweetshop
5709,sweetshop_2024-09-17,unicorn.4324238,숟가락 뭐에요?,2024-10-10,sweetshop
5710,sweetshop_2024-09-17,esczi_,살빠지셨어요?? 홀쭉하신데?,2024-10-05,sweetshop
5711,sweetshop_2024-09-17,gimseojun5478,누나 숟가락 모야?,2024-09-28,sweetshop
5712,sweetshop_2024-09-17,parksiyeoun7135,숟가락킹받노ㅋㅋ😂,2024-09-24,sweetshop
5713,sweetshop_2024-09-17,zipomiyo,왜케 예뽀요,2024-09-23,sweetshop
5714,sweetshop_2024-09-17,hy_87605,@junghae__ 고령장가면 한번씩 잇는건디ㅜㅜ,2024-09-21,sweetshop
5715,sweetshop_2024-09-17,coedarae15,언닠ㅋㅋ 다이소 네일팁 모야 ㅋㅋㅋㅋ,2024-09-21,sweetshop
5716,sweetshop_2024-09-17,xer._.se14,지우개 먹으면 써요,2024-09-21,sweetshop
5717,sweetshop_2024-09-17,dawojung,낼 사먹으러 갈래영ㅎ 추억의맛이 아닌가 싶어서리ㅎ 왜.쓰단거여요ㅎㅎ 낼 먹어보께영😢,2024-09-20,sweetshop
5718,sweetshop_2024-09-17,one.dooor12,언니 틴트 뭔가요?,2024-09-20,sweetshop
5719,sweetshop_2024-09-17,minh7_17,오늘 메이크업 너무 이쁘세요 ㅠㅠㅠ 립제품 정보좀 알려주세용🙏,2024-09-19,sweetshop
5720,sweetshop_2024-09-17,iseungu6902,솔직히 진짜맛없서,2024-09-18,sweetshop
5721,sweetshop_2024-09-17,iseungu6902,맛없어.,2024-09-18,sweetshop
5722,sweetshop_2024-09-17,junseok5268,속목에 뭐임?,2024-09-17,sweetshop
5723,sweetshop_2024-09-17,oh_no0921,아잇 소리가 너무 좋아서 계속 보게 되네욥!😢😢,2024-09-17,sweetshop
5724,sweetshop_2024-09-17,hyokyung_holly,얼굴도 예쁘지만 마음씨가 더더더 너무 예쁜 유투버님🔥 한우오마카세보고 울컥해서 구독 팔로우 좋아요 다 누르러왔어유,2024-09-17,sweetshop
5725,sweetshop_2024-09-17,luce_sicut_stellae12,ㅋㅋㅋ 마이크 수저 붙이고!! 옛낫 맛없어 젤리를 맛있게 드시다뇨~~~ 즐거운 추석 보내세요~~,2024-09-17,sweetshop
5726,sweetshop_2024-09-17,lyvvvvyl,숟가락 마이크ㅋㅋㅋㅋ,2024-09-17,sweetshop
5727,sweetshop_2024-09-17,minheeya_,가끔보면 오래된? 젤리들이 씁쓸한거같아요. 싱싱한 젤리로 골라드세요😂,2024-09-17,sweetshop
5728,sweetshop_2024-09-17,yx.0n1x,아니 점점이뻐지세요 ㅜㅜㅠㅜㅠㅠ화장브이로그 찍어주세요!!,2024-09-17,sweetshop
5729,sweetshop_2024-09-17,hongjihee0715,3분전 아니고 3빠,2024-09-17,sweetshop
5730,sweetshop_2024-09-17,hongjihee0715,3분전,2024-09-17,sweetshop
5731,sweetshop_2024-09-17,jeonghyun413,저거 2개만 먹어도 엄청 물리던데,2024-09-17,sweetshop
5732,sweetshop_2024-09-17,_mmlleook_,누가 정종 흘린거 아닐까요?,2024-09-17,sweetshop
5733,sweetshop_2024-09-15,ksy_____2005______12_24,포포포포폴라레티,2025-03-08,sweetshop
5734,sweetshop_2024-09-15,min_89s,맛있는건 정말 참을수 없어~누구든 맛을보면 이렇게! 쿠우~,2025-03-07,sweetshop
5735,sweetshop_2024-09-15,onedoor_20030904,저 12년생인데 알고있는데요...?😢,2025-03-04,sweetshop
5736,sweetshop_2024-09-15,mr.jeon1001,밥에뿌려먹는 뿌비또!! 혹시 기억하시는분 있으시려나요??,2025-02-23,sweetshop
5737,sweetshop_2024-09-15,13_ms0.0,저1988광고,2025-02-22,sweetshop
5738,sweetshop_2024-09-15,senghun20140410,밥에 고추장 반숟가락 참기릅 한숟기락 넣고 스팸이랑 먹으면 존맛,2025-02-20,sweetshop
5739,sweetshop_2024-09-15,doll_cat1,나는 김을 혼자 구워 먹는데......,2025-02-19,sweetshop
5740,sweetshop_2024-09-15,jmm_g1587,빠삐코,2025-02-17,sweetshop
5741,sweetshop_2024-09-15,kkk_j_h_88,국물이😮 국물이 끝내줘요👍🏻😉,2025-02-13,sweetshop
5742,sweetshop_2024-09-15,gioia.032.8,이준기 석류음료땜에 엄마랑 마트가서 엄마가 뭐하나 집어오라고 하면 석류만 집어와서 마셨어요,2025-02-12,sweetshop
5743,sweetshop_2024-09-15,thesummerstarted,샐러리에 마요네즈 먹는거요. 샐러리가 그렇게 개똥맛일줄이야,2025-02-08,sweetshop
5744,sweetshop_2024-09-15,isiu6604,형님먼저 라면,2025-02-07,sweetshop
5745,sweetshop_2024-09-15,lovelysy__,라면,2025-02-06,sweetshop
5746,sweetshop_2024-09-15,jin1s_s,폴라레티,2025-02-06,sweetshop
5747,sweetshop_2024-09-15,nicelee0627,이홍렬 아재의 라면광고 그거보고 라면 사먹은사람 많음 ㅎ 맛은 😂😂,2025-02-05,sweetshop
5748,sweetshop_2024-09-15,neoid11,스팸 깔째 표정ㅋㅋ 그래도 예뻐요,2025-02-03,sweetshop
5749,sweetshop_2024-09-15,park.xh_8,미에로 화이바,2025-02-01,sweetshop
5750,sweetshop_2024-09-15,gxa_d.h,폴라레티요,2025-02-01,sweetshop
5751,sweetshop_2024-09-15,lx_yxxin,스팸광고 할 때 성준 나와서 기분 좋은 사람 1,2025-01-30,sweetshop
5752,sweetshop_2024-09-15,yyss5244,라우동,2025-01-27,sweetshop
5753,sweetshop_2024-09-15,bagbageunyul,폴라레티,2025-01-26,sweetshop
5754,sweetshop_2024-09-15,choi_hanjin_14_1111,카프리썬 광고가 최고지,2025-01-26,sweetshop
5755,sweetshop_2024-09-15,elifkr,스팸은 그냥 숟가락으로 퍼먹?,2025-01-21,sweetshop
5756,sweetshop_2024-09-15,utb_luna,오렌지 먹고나서 표정ㅋㅋㅋㅋㅋㅋ,2025-01-20,sweetshop
5757,sweetshop_2024-09-15,stop_rimi,쿠우~~,2025-01-18,sweetshop
5758,sweetshop_2024-09-15,__buzz90__,리슨투마~,2025-01-15,sweetshop
5759,sweetshop_2024-09-15,uuuuuuuouuuuwuuwuwuwuwuow,파김취,2025-01-09,sweetshop
5760,sweetshop_2024-09-15,haraaa000,농심 머그면이요 근데 오렌지 드시는거 ㅋㅋ,2025-01-08,sweetshop
5761,sweetshop_2024-09-15,ijihwan121129,카프리썬,2025-01-07,sweetshop
5762,sweetshop_2024-09-15,minjulnkim12,카프리선 광고,2025-01-05,sweetshop
5763,sweetshop_2024-09-15,lhy__ee,오렌지쥬슼ㅋㅋㅋㅋㅋ 저거 진짜 어릴때 내 로망이여서 귤로도 따라하고 그랬는뎈ㅋㅋ,2025-01-05,sweetshop
5764,sweetshop_2024-09-15,yxcloie,물밥 ㄹㅈㄷ,2025-01-05,sweetshop
5765,sweetshop_2024-09-15,hy_12_1,카프리썬,2025-01-04,sweetshop
5766,sweetshop_2024-09-15,0603jwj_1221,"쿠우 ""맜있는건 정말로 참을수없어~“ 부르면서 먹은사람",2025-01-01,sweetshop
5767,sweetshop_2024-09-15,iami0903,마요네즈ㅋㅋ샐러리ㅋㅋㅋ진짜 맛있는줄알고 먹어봤다가.....샐러리는 지금도 못 먹음ㅋㅋㅋㅋ향이 너무 불호ㅋㅋ,2025-01-01,sweetshop
5768,sweetshop_2024-09-15,13j_young,카프리썬,2024-12-31,sweetshop
5769,sweetshop_2024-09-15,hipvly_daji,쌀국수! 뚝배기!,2024-12-30,sweetshop
5770,sweetshop_2024-09-15,rlatnalsumin,사랑해요 밀키스,2024-12-29,sweetshop
5771,sweetshop_2024-09-15,heejae1127,스팸광고 에릭인가요? 김원희였나 누가 따끈한밥에 스팸한조각 그 멘트가 잊혀지질 않는데 저는 애껴먹는다고 굉고처럼 먹어본적이 없음ㅋㅋㅋㅋㅋㅋㅋㅋ,2024-12-29,sweetshop
5772,sweetshop_2024-09-15,baeghyeonjunbaeg,카프리썬,2024-12-29,sweetshop
5773,sweetshop_2024-09-15,7070army,간장게장,2024-12-29,sweetshop
5774,sweetshop_2024-09-15,sinrigeon,카프리썬,2024-12-28,sweetshop
5775,sweetshop_2024-09-15,jun._.w_x.x,바나나우유,2024-12-27,sweetshop
5776,sweetshop_2024-09-15,yoo_jaehyeon,스팸광고는 김원희누나 나오는게 제일 기억남,2024-12-27,sweetshop
5777,sweetshop_2024-09-15,dwayne0313,"12시에 만나요,부라보콘!😂😂😂",2024-12-24,sweetshop
5778,sweetshop_2024-09-15,j1h08_.14,아 배고프다,2024-12-21,sweetshop
5779,sweetshop_2024-09-15,gimjinyong344,라면,2024-12-20,sweetshop
5780,sweetshop_2024-09-15,yuriu448,폴라레T랑 카프리썬,2024-12-09,sweetshop
5781,sweetshop_2024-09-15,ch9i.xae,폴라레티 광고,2024-12-01,sweetshop
5782,sweetshop_2024-09-15,parkgunwook0103,나는 마시는거보다 빨1아먹는게 좋아,2024-11-30,sweetshop
5783,sweetshop_2024-09-15,4zszy,폴라레티,2024-11-25,sweetshop
5784,sweetshop_2024-09-15,ilimgim,팸,2024-11-24,sweetshop
5785,sweetshop_2024-09-15,ilimgim,1나:야!너 입에 김 묻었어! 친구:그래?나:못생김ㅋ 2핸드폰:띠로띠로딩!나:아이씨 또 스퍔전화 오네..!53번째야!,2024-11-24,sweetshop
5786,sweetshop_2024-09-15,_mx.nz1,폴라레티 ㅠ,2024-11-18,sweetshop
5787,sweetshop_2024-09-15,ping_woong,사랑해요 밀키스,2024-11-18,sweetshop
5788,sweetshop_2024-09-15,iminhyeog921,솔까자두야임,2024-11-12,sweetshop
5789,sweetshop_2024-09-15,bassoonist1,이홍렬 김치라면 광고 ㅋㅎㅋㅎㅋㅎㅌㅎ,2024-11-12,sweetshop
5790,sweetshop_2024-09-15,kim_x_yu7,나 2012년에 태어났는데 저거 다아는데…,2024-11-10,sweetshop
5791,sweetshop_2024-09-15,sarahmoon0305,하림 슬라이스 햄이였나...? 햄이 얇아서 밥에 싸먹을수 있게 나온거요 그때 광고에 하희라 배우님이였나...? 그랬던거 같은데...,2024-11-07,sweetshop
5792,sweetshop_2024-09-15,je.nn.ing,홍렬이형 라면광고.. ㅋㅋ,2024-11-07,sweetshop
5793,sweetshop_2024-09-15,who_a__3240,@who_a__3240 라우동 광고 레전드.. 심의에 안걸린게 신기..,2024-11-05,sweetshop
5794,sweetshop_2024-09-15,_wsxzcy,카프리썬 ㅎㅎㅎㅎ,2024-11-05,sweetshop
5795,sweetshop_2024-09-15,kimyonggu_,96년생이 아니고 86년생이였어요??🤣,2024-11-04,sweetshop
5796,sweetshop_2024-09-15,sohui_kim9681,@dae_yeonny 초딩때 맛밤 와작와작 소리나길래 먹어봤는데 그냥 깐밤이라 배신감 오졌었음,2024-11-03,sweetshop
5797,sweetshop_2024-09-15,eo_nique35,쌀국수 뚝배기요 ㅎㅎㅎ,2024-11-01,sweetshop
5798,sweetshop_2024-09-15,cho_hyun_sung13,저도 김 먹을떼 그렇게 먹어요,2024-11-01,sweetshop
5799,sweetshop_2024-09-15,wonwoo.10,카프리썬 광고,2024-11-01,sweetshop
5800,sweetshop_2024-09-15,jisus.non_christ,나는 “누구나 맛을 보면 이렇게 ~ 쿠우 ~” 🍊🧡,2024-10-29,sweetshop
5801,sweetshop_2024-09-15,h._.jun21,손등에 그것은 무엇인가요?,2024-10-28,sweetshop
5802,sweetshop_2024-09-15,h_ael28,저거 화질이,2024-10-23,sweetshop
5803,sweetshop_2024-09-15,gaeun_6_3,포💘포포포😳폴라💫레티👽 얼려먹는❄폴라레티🐧,2024-10-23,sweetshop
5804,sweetshop_2024-09-15,eundi_ed,오뚜기 스프요. 김밥에도 찍어먹고 팝콘에도 찍어먹는 장면이 나와서 충격이었는데 막상 먹어보니 맛있었던,2024-10-21,sweetshop
5805,sweetshop_2024-09-15,choimiya82,줄줄이비엔나요,2024-10-21,sweetshop
5806,sweetshop_2024-09-15,m0soxg,사랑해요 밀키스,2024-10-20,sweetshop
5807,sweetshop_2024-09-15,krlaeodnjs,저는 매실쥬스광고 조성모 광고,2024-10-11,sweetshop
5808,sweetshop_2024-09-15,krlaeodnjs,저 90년생이라서 다광고알아요,2024-10-11,sweetshop
5809,sweetshop_2024-09-15,21.ysw,아줌마~,2024-10-10,sweetshop
5810,sweetshop_2024-09-15,cheri_5355,폴라레티가 짱임,2024-10-07,sweetshop
5811,sweetshop_2024-09-15,w_sq.2,포포포포 폴라레티,2024-10-06,sweetshop
5812,sweetshop_2024-09-15,goldie9.0,쿠우라는 음료 아는가?,2024-10-05,sweetshop
5813,sweetshop_2024-09-15,avocaduing,따라따로 찍은건가요? 음식전부 한번에 먹은건가요?,2024-10-05,sweetshop
5814,sweetshop_2024-09-15,s_oxmin25,얼마나 맛있게요~?,2024-10-04,sweetshop
5815,sweetshop_2024-09-15,__seo.12,폴라레티,2024-10-04,sweetshop
5816,sweetshop_2024-09-15,_thdbf11,카프리썬,2024-10-03,sweetshop
5817,sweetshop_2024-09-15,mi.ngyu677,부르부르 닥크,2024-10-03,sweetshop
5818,sweetshop_2024-09-15,dj_puturhandsup,@do_u_have_jelly 난 짜파게티..!,2024-10-03,sweetshop
5819,sweetshop_2024-09-15,chani_jang,일요일은 내가 짜파게티 요리사~,2024-09-29,sweetshop
5820,sweetshop_2024-09-15,yejin_stella,이상하게 꼬였네 땡땡 스크류바,2024-09-29,sweetshop
5821,sweetshop_2024-09-15,msk_misen,폴라레티,2024-09-28,sweetshop
5822,sweetshop_2024-09-15,h_hug.2,바나나우유 광고,2024-09-28,sweetshop
5823,sweetshop_2024-09-15,s0.1ul,존나 맜있게먹네 김 먹으러 가야겠다,2024-09-28,sweetshop
5824,sweetshop_2024-09-15,j8_yxn,김수미 간장게장이 국룰인데,2024-09-26,sweetshop
5825,sweetshop_2024-09-15,gimseohyeon9497,참치,2024-09-26,sweetshop
5826,sweetshop_2024-09-15,zjeonn_,폴라레티요,2024-09-26,sweetshop
5827,sweetshop_2024-09-15,heewon_kim1009,국물이 국물이 끝내줘요. 김현주-생생우동 그래 이맛이야-김혜자 다시다,2024-09-25,sweetshop
5828,sweetshop_2024-09-15,bom_spring_hoho,옥동~자 메가톤바 와일드바디 까마쿤! 옥메와까~,2024-09-24,sweetshop
5829,sweetshop_2024-09-15,titi_2746,그거 광고따라하려다 광고처럼안되서 개빡쳤는데,2024-09-23,sweetshop
5830,sweetshop_2024-09-15,j1n_.m0,스팸 개짜서 진짜 혐오음식,2024-09-22,sweetshop
5831,sweetshop_2024-09-15,jx_dk07,김도 광고를 함?,2024-09-22,sweetshop
5832,sweetshop_2024-09-11,jeonghu_ryu,말랑카우를 많이 넣고 마시멜로를 넣어 해주세요,2025-02-22,sweetshop
5833,sweetshop_2024-09-11,kilyesol,@lzzdahee @jjji__on 너네집에서 만들어보자 ㅎ,2025-01-31,sweetshop
5834,sweetshop_2024-09-11,yungyuri44,저기에 껌 넣으면 더 구현이 잘 될거 같은데.,2025-01-07,sweetshop
5835,sweetshop_2024-09-11,haggumi_,@_j__unni 나랑 해줘,2024-11-10,sweetshop
5836,sweetshop_2024-09-11,ddurome,@jungjekimmm 만들어죠용,2024-10-29,sweetshop
5837,sweetshop_2024-09-11,noh_inhye,비율이중요하다면서요ㅠ 비율이??😂😂😂,2024-10-25,sweetshop
5838,sweetshop_2024-09-11,kej01048146423,와 궁금해,2024-10-19,sweetshop
5839,sweetshop_2024-09-11,jo_youri12,근데 전분 가루가 밀가루 인가요,2024-10-04,sweetshop
5840,sweetshop_2024-09-11,2017_kangyuna_,와....,2024-10-03,sweetshop
5841,sweetshop_2024-09-11,k.ms7_,걍 계란젤리 흰 부분을 먹으세요,2024-10-03,sweetshop
5842,sweetshop_2024-09-11,sunmison_,@psxoxo.cath @juhwa0115 모여라 만들자 ㅋㅋㅋㅋㅋㅋㅋㅋ,2024-10-02,sweetshop
5843,sweetshop_2024-09-11,my_angel0224,@cdy__0801 우왐😍😍,2024-09-23,sweetshop
5844,sweetshop_2024-09-11,2426.hz,@h2mil7 해줘,2024-09-22,sweetshop
5845,sweetshop_2024-09-11,onelight__2,"이사장님!! 비건젤리랑 스웨덴 캔디랑 식감이 비슷하다는 게시물을 봤는데, 비건젤리에는 젤라틴대신 펙틴을 넣어 만들었다던데 혹시 펙틴을 넣어 만들어주실수있나요??",2024-09-20,sweetshop
5846,sweetshop_2024-09-11,hhb____,@na._.hhh 스웨디시 젤리 만드러죠,2024-09-18,sweetshop
5847,sweetshop_2024-09-11,ig_choco_wooyou21,쪈언니 집착도 만만치 않지만 여기도 만만치 않다 에효 그놈의 스웨던캔디 대체 뭔데 여기저기 난리,2024-09-18,sweetshop
5848,sweetshop_2024-09-11,gimhyerin728,저도 그 젤리 좋아는데 진짜 마시게따😢,2024-09-17,sweetshop
5849,sweetshop_2024-09-11,iseoyul0421,다른손누구입니까!?,2024-09-17,sweetshop
5850,sweetshop_2024-09-11,thebluemoon678,와.. 만들어서 바로 먹어보고 싶네요 😍,2024-09-16,sweetshop
5851,sweetshop_2024-09-11,gimhaneul4186,맛있겟다♥♥♥,2024-09-15,sweetshop
5852,sweetshop_2024-09-11,heejin.03_18,와… 넘 마싯겟어요 😢,2024-09-14,sweetshop
5853,sweetshop_2024-09-11,sum__yommmi,포실?느낌 있어요?,2024-09-13,sweetshop
5854,sweetshop_2024-09-11,k_ah0107,🔥비율은??,2024-09-13,sweetshop
5855,sweetshop_2024-09-11,lovesome_jy,항상 재미있게 보고있어요~ 절도있는 가위질은 누구에요??,2024-09-13,sweetshop
5856,sweetshop_2024-09-11,nittonggulgda,와 결국 만들어내네,2024-09-13,sweetshop
5857,sweetshop_2024-09-11,jeonghyun413,하리보 작은거3개 마시멜로우 큰거 하나 호홓 숙지 완료,2024-09-12,sweetshop
5858,sweetshop_2024-09-11,yeon_su_94,@lee_jjjju 우리집에서 만들어보자~~,2024-09-12,sweetshop
5859,sweetshop_2024-09-11,jeounghyunoh,@rio_goldriver 젤리러버야 도전?,2024-09-12,sweetshop
5860,sweetshop_2024-09-11,haa_g0_,@im__doosik 도젼!?,2024-09-12,sweetshop
5861,sweetshop_2024-09-11,yoogaeul,한입주떼여ㅕ,2024-09-12,sweetshop
5862,sweetshop_2024-09-11,cajiyu907,군침이 나오온다,2024-09-12,sweetshop
5863,sweetshop_2024-09-11,k_js7_25,@valu_able_ 이번엔 이거해바,2024-09-12,sweetshop
5864,sweetshop_2024-09-11,daeun._121231,언니 사랑해,2024-09-11,sweetshop
5865,sweetshop_2024-09-11,yuhyi.yu,@ga0850 가영아 김밥 대신 이걸 만드는 건 어때?,2024-09-11,sweetshop
5866,sweetshop_2024-09-11,qkrdmst,이사장님! 님 첵스 광고 나왔어요!❤️,2024-09-11,sweetshop
5867,sweetshop_2024-09-11,seo._y06,와...진짜 간편하면서도 맛있겠당...😍,2024-09-11,sweetshop
5868,sweetshop_2024-09-11,bbangsang355,스웨덴캔디맛있게다,2024-09-11,sweetshop
5869,sweetshop_2024-09-11,_mmlleook_,아진짜... 너무 아무렇지 않게 뚝딱천재.....,2024-09-11,sweetshop
5870,sweetshop_2024-09-11,jiwoo_3499,전분가루 없이되나요?언니,2024-09-11,sweetshop
5871,sweetshop_2024-09-11,jiwoo_3499,우와!만들어야지! 그런데?우리집엔 전분가루가?없다,2024-09-11,sweetshop
5872,sweetshop_2024-09-11,kellyfornia_c,마시게따 ㅜㅜ,2024-09-11,sweetshop
5873,sweetshop_2024-09-11,chea_min1111,천재인가...? 언니 사랑해,2024-09-11,sweetshop
5874,sweetshop_2024-09-11,coffeezip_anam,사장님은 천재세요❤️,2024-09-11,sweetshop
5875,sweetshop_2024-09-11,anunu.kr,한닙주세여 저듀,2024-09-11,sweetshop
5876,sweetshop_2024-09-11,dnjsjql615,천재 금손이사장👏👏,2024-09-11,sweetshop
5877,sweetshop_2024-09-11,play_eat_goe,오늘도 예쁜 얼굴 막 쓰는 이사장을 보며 재밌습니다 ㅋㅋㅋㅋㅋ,2024-09-11,sweetshop
5878,sweetshop_2024-09-11,a.rommmm,진짜...👏👏 꼭 만들어볼게요❤️,2024-09-11,sweetshop
5879,sweetshop_2024-09-10,sk62571700,울가게서파는데요ㅎ😂,2025-01-30,sweetshop
5880,sweetshop_2024-09-10,sue___l0ve,그거 맛있겠다,2025-01-27,sweetshop
5881,sweetshop_2024-09-10,yu.xna_13,너무 이뻐용!!!!!!,2025-01-22,sweetshop
5882,sweetshop_2024-09-10,joy.park8226,이거 제 집앞에있는 편의점에 가면 5개에 4000원인데,2025-01-18,sweetshop
5883,sweetshop_2024-09-10,chicken___k,@kyt415 스웨덴젤리래,2025-01-15,sweetshop
5884,sweetshop_2024-09-10,kimsseobin,원래 스웨덴젤리 저거보다 얇지않나?,2024-12-18,sweetshop
5885,sweetshop_2024-09-10,iseyeong4060,저이거 2500원주고 사여,2024-12-08,sweetshop
5886,sweetshop_2024-09-10,z.anx12,언니왜이리이뻐?,2024-10-20,sweetshop
5887,sweetshop_2024-09-10,jenny120617,원래 작은가 납작하고 크지 않아요??,2024-10-13,sweetshop
5888,sweetshop_2024-09-10,hanb2_n,미스터비스트 초콜릿 가격....,2024-10-05,sweetshop
5889,sweetshop_2024-09-10,guswns.01,이사장님 옛날부터 봤는데 왜 이뻐지심..,2024-10-03,sweetshop
5890,sweetshop_2024-09-10,nasu.ngjun,왜더 예뻐짐?,2024-09-18,sweetshop
5891,sweetshop_2024-09-10,j_.hxa11,돈 없는 나는 걍 마이쮸를 사 먹는다,2024-09-18,sweetshop
5892,sweetshop_2024-09-10,g_gimin._.1164,저건 젤리가 아니라 마이쮸? 아님,2024-09-18,sweetshop
5893,sweetshop_2024-09-10,joseobeen,진짜 갓갓갓 짧은 영상이지만 배울게 넘 많은….🔥,2024-09-12,sweetshop
5894,sweetshop_2024-09-10,39p_p39,이엉니 왐톤인가봐 머리색이랑 호ㅏ쟝 너무이뻐,2024-09-11,sweetshop
5895,sweetshop_2024-09-10,chachachamonicacha,하나 가져온거 귀엽다 ..,2024-09-11,sweetshop
5896,sweetshop_2024-09-10,khsh.sgdg,언니 넘 기여워요❤️,2024-09-11,sweetshop
5897,sweetshop_2024-09-10,cajiyu907,이사장님 이뻐연❤️그리구 스웨덴뭐시기 젤리또먹으면 언니라 불러도 돼죳???,2024-09-10,sweetshop
5898,sweetshop_2024-09-10,jo_dbals,언니 증거품인줄 알았어여..,2024-09-10,sweetshop
5899,sweetshop_2024-09-10,new_rown,멀리서 보면 깐 은행 같은데요 ㅋㅋㅋㅋㅋ,2024-09-10,sweetshop
5900,sweetshop_2024-09-10,jihyun.ahn.14,ㅋ 전언니꺼에서 봤는데 전언니라니 ㅋㅋ,2024-09-10,sweetshop
5901,sweetshop_2024-09-10,jxyax_,아 저두 주셔야죠!!!!!,2024-09-10,sweetshop
5902,sweetshop_2024-09-10,yx.0n1x,넘 귀여우세요. ㅜㅜㅜㅠㅠㅜㅜㅜ,2024-09-10,sweetshop
5903,sweetshop_2024-09-10,luh._ye,우롸 ㅋㅋ 나도 먹어보고싶땅❤️,2024-09-10,sweetshop
5904,sweetshop_2024-09-10,s_e.73o,언니 저도 따라할게요😂,2024-09-10,sweetshop
5905,sweetshop_2024-09-10,sxoza1_,오!!,2024-09-10,sweetshop
5906,sweetshop_2024-09-10,ksy.1923,쩝,2024-09-10,sweetshop
5907,sweetshop_2024-09-10,youdam6,오,2024-09-10,sweetshop
5908,sweetshop_2024-09-10,sonoban10,팔이 왜그래? 다쳤어? ㅠㅠ,2024-09-10,sweetshop
5909,sweetshop_2024-09-09,hyunennnn,제가 제과제빵을 해서 만들어봤는데 맜있었습니다. 다른분들도 만들어보시는걸 추천!,2025-03-02,sweetshop
5910,sweetshop_2024-09-09,yuriella1213,바닐라에센스없는데 괜찮나유?,2025-01-15,sweetshop
5911,sweetshop_2024-09-09,joyujin881,저거 초콜릿 제티 넣어도 돼요?,2024-12-02,sweetshop
5912,sweetshop_2024-09-09,duckpal.zuno,"재료 ,레시피를 이렇게 영상에 넣어주지 딴 곳은 복사도 안되는 내용이나 댓글에 올려서 안좋음",2024-11-26,sweetshop
5913,sweetshop_2024-09-09,bagha2524,난 똥손이라 만들지도 못할듯 먹구싶다ㅏㅏ,2024-11-10,sweetshop
5914,sweetshop_2024-09-09,zerossujin,바닐라 에센스가없어요,2024-10-16,sweetshop
5915,sweetshop_2024-09-09,gusdldk__,저거 지뻔뻔? 님이 만들었을겁니다,2024-10-11,sweetshop
5916,sweetshop_2024-09-09,a_dfghjkl9,해보고싶은데 오븐이없다..,2024-10-06,sweetshop
5917,sweetshop_2024-09-09,taeseung.kim.18,트레이더스 사먹자..,2024-10-05,sweetshop
5918,sweetshop_2024-09-09,yyoon__ju,@suuhyeony @juno0810 이거해줘유!,2024-09-28,sweetshop
5919,sweetshop_2024-09-09,rachachng,이사장님!!! 이 레시피도 크루키 가능할까욥 ⁉️궁금궁금😍,2024-09-22,sweetshop
5920,sweetshop_2024-09-09,quietroooom,초코는 빨리 구워야겠네요 굽기전에 비쥬얼이...,2024-09-21,sweetshop
5921,sweetshop_2024-09-09,nutzwt,@sowoneeei 이건해줄수잇자나,2024-09-16,sweetshop
5922,sweetshop_2024-09-09,mang0_0r,@soloo_ye 해바,2024-09-15,sweetshop
5923,sweetshop_2024-09-09,hyunju_nicole,그냥 사먹자,2024-09-15,sweetshop
5924,sweetshop_2024-09-09,cajiyu907,와 군침이 싹돈다 어뜨케 저런 아이디어를냅니까?,2024-09-13,sweetshop
5925,sweetshop_2024-09-09,ijieun4140,@kkabjugi 우리 같이 만들어 먹쟈 ㅎㅎ,2024-09-13,sweetshop
5926,sweetshop_2024-09-09,m0m_yy,@dalbong0126 쩌는데 …???초코 …,2024-09-12,sweetshop
5927,sweetshop_2024-09-09,uouv330,반죽물 메모메모,2024-09-12,sweetshop
5928,sweetshop_2024-09-09,mandoo_170531,오! 설탕대신 대체당 넣으면 나름 다이어터간식이네요!!!!,2024-09-12,sweetshop
5929,sweetshop_2024-09-09,jukyung0521,맛있겠다,2024-09-11,sweetshop
5930,sweetshop_2024-09-09,gimnaeun1016,이사장님~ 하나둘쉣넷다설여섯일곱여덜어어얼!!!!!,2024-09-10,sweetshop
5931,sweetshop_2024-09-09,haneunsil1,이사장님.. 날잡으셨어요?? 자꾸자꾸 더 이뻐지시는게*^^*,2024-09-10,sweetshop
5932,sweetshop_2024-09-09,author_jungyeon,천잰가봥!!!❤️❤️❤️,2024-09-10,sweetshop
5933,sweetshop_2024-09-09,cherry150624,먹어 보고 싶다😢,2024-09-09,sweetshop
5934,sweetshop_2024-09-09,daisy_won97,@nf_nov_21 이고다,2024-09-09,sweetshop
5935,sweetshop_2024-09-09,jongwon9262,미인대회나가요?,2024-09-09,sweetshop
5936,sweetshop_2024-09-09,yooxicman,대박,2024-09-09,sweetshop
5937,sweetshop_2024-09-09,__.maarrrrr.__,이사장님과 이웃되고 싶당 ㅠㅠ 이것저것 해서 같이 좀 노나먹게 ㅎㅎㅎㅎ😍,2024-09-09,sweetshop
5938,sweetshop_2024-09-03,mymarktiniblue,맛있어 보인데요 진짜 맛있어요? 저번에 밥이랑 누텔라 한번 먹어봣는데요 오직 1숫가락만 먹어도 급 후회🥹,2025-02-08,sweetshop
5939,sweetshop_2024-09-03,_dxvmb1,하.. 언니 사랑해요 참포라도.. 맛있는데 뭘 좀 아시네요ᰔ,2025-02-03,sweetshop
5940,sweetshop_2024-09-03,ji.xu12_,민초 아니었어...?,2025-02-02,sweetshop
5941,sweetshop_2024-09-03,taehyi.31,언니 가려;;,2025-01-27,sweetshop
5942,sweetshop_2024-09-03,m_opzr12,추억이넹 ㅋㅎㅋㅎ,2025-01-21,sweetshop
5943,sweetshop_2024-09-03,ay._.o1n,저희 엄마가 필리핀 분이신데 엄마 어린시절때 참포라도 많이 먹었다 하네요ㅎ 다른분들도 어린시절때부터 엄청 많이 먹었다하더라거요,2025-01-19,sweetshop
5944,sweetshop_2024-09-03,h2_rainbow_h2,개애애앵...차나여...? ㅋㅋㅋㅋㅋ,2025-01-19,sweetshop
5945,sweetshop_2024-09-03,utaeyun860,오우 먹고싶당,2025-01-14,sweetshop
5946,sweetshop_2024-09-03,yunhaerin82,언니 브라끈 노출 된거 같은데....?•ɞ•,2025-01-12,sweetshop
5947,sweetshop_2024-09-03,kore.akingkong,29주답글 달기,2025-01-03,sweetshop
5948,sweetshop_2024-09-03,llllll._llll181,언니... 브라 끈 보여,2025-01-02,sweetshop
5949,sweetshop_2024-09-03,llllll._llll181,넌ㄴ,2025-01-02,sweetshop
5950,sweetshop_2024-09-03,siyeon._.fuck,아 저 필리핀 리조트 조식뷔페갔는데 초콜릿스프 엄청 맛있었어요!!6일있었는데 4번은 먹은듯,2025-01-01,sweetshop
5951,sweetshop_2024-09-03,rosa_lee_0807,민초생각한사람ㅡㅡㅡ>,2024-12-21,sweetshop
5952,sweetshop_2024-09-03,yu_ri1681,제가 필리핀 엄빠가 펠리핀 사람이여서 아는데 글씨는 참포라도라고 하지만 필리핀사람이 말할땜 쌈뽀라도 라고 발음합니다^^❤️,2024-12-19,sweetshop
5953,sweetshop_2024-09-03,younjae187,필리핀사람인데 팥죽이라 생각하세요,2024-12-16,sweetshop
5954,sweetshop_2024-09-03,songyi0601,팥죽느낌나지 않을깡~??,2024-10-31,sweetshop
5955,sweetshop_2024-09-03,iamaduckku,ㅋㅋㅋㅋ 목소리 2125할 때 김태리 목소리야 ㅋㅋㅋㅋㅋ,2024-10-03,sweetshop
5956,sweetshop_2024-09-03,tweak_doll,"근데 비주얼이 꼭 팥죽 같이 보이는데,제 기분탓 이겠죠?",2024-09-26,sweetshop
5957,sweetshop_2024-09-03,s.bix_k619,부모님이 필리핀인이여서 초코죽 진짜 마니 먹어봣는 데 겁나게 마싯어오,2024-09-15,sweetshop
5958,sweetshop_2024-09-03,bagseo_bang12,아니 나도 젤라또에 김치먹긴 하는데 이건 좀../,2024-09-14,sweetshop
5959,sweetshop_2024-09-03,heisnnzt,하니의 초코죽..??,2024-09-09,sweetshop
5960,sweetshop_2024-09-03,k._.sh0112,재가 필리핀에 사는데 필리핀 사람도 저건 안먹어요...,2024-09-08,sweetshop
5961,sweetshop_2024-09-03,icaengnyu,언니 추석전쿠키만들어주세요,2024-09-07,sweetshop
5962,sweetshop_2024-09-03,zion20111021,이사장님 두바이 탕후루 해주실수 있나요?,2024-09-07,sweetshop
5963,sweetshop_2024-09-03,jihan_5269,저거 카카오 더 넣어서 쿰쿰하게 먹으면 더 맛있어요!!!,2024-09-06,sweetshop
5964,sweetshop_2024-09-03,_minjuuuuuu_,@yoom_sh @xeehjxee 뭐냐 이게,2024-09-06,sweetshop
5965,sweetshop_2024-09-03,dyas_in_gaia,민초생각낫는데 아니넵,2024-09-06,sweetshop
5966,sweetshop_2024-09-03,x1.oist_,이사장님 밥알로 버블티 만들어주세요!!,2024-09-05,sweetshop
5967,sweetshop_2024-09-03,txt_lover.9,어..언니? 왜그래요..?,2024-09-05,sweetshop
5968,sweetshop_2024-09-03,hyunj_94,여태 눈팅만 했었는데.. 진짜 이건.. 진짜루 아니에요... 첫댓글을 이렇게 달줄이야..,2024-09-05,sweetshop
5969,sweetshop_2024-09-03,serendipity___0217,정말 맛있어요....??,2024-09-05,sweetshop
5970,sweetshop_2024-09-03,hyuns0814,필리핀가서 먹어봤습니다.... 별로에요,2024-09-05,sweetshop
5971,sweetshop_2024-09-03,kom0y0,필리핀 현지인이어서 집중해서 봄,2024-09-05,sweetshop
5972,sweetshop_2024-09-03,ssong_ssong_land,하니가 팥죽보고 초코죽이라고 한 이유가 있네 ㅋ,2024-09-04,sweetshop
5973,sweetshop_2024-09-03,kim_ximtyong66,저거 원래는 개 맛있는뎅…,2024-09-04,sweetshop
5974,sweetshop_2024-09-03,1z.nxe,이사장님은 하고싶은거 그만하기..^^,2024-09-04,sweetshop
5975,sweetshop_2024-09-03,jo_dbals,건강한거에요..?,2024-09-04,sweetshop
5976,sweetshop_2024-09-03,da_xnj,언니..미안 잠옷이 시스루야,2024-09-04,sweetshop
5977,sweetshop_2024-09-03,su_in_d,진짜 듣도보도 못한.. 초콜릿 죽..,2024-09-04,sweetshop
5978,sweetshop_2024-09-03,yoo._.05,고양이 무슨종이예욘 ?,2024-09-04,sweetshop
5979,sweetshop_2024-09-03,woori2335,오잉?나는5500주고샀는데ㅜㅜ,2024-09-04,sweetshop
5980,sweetshop_2024-09-03,sx.h8u_,참고로 저 초콜릿 4500원이 아니라 5500원 이랍니다..(틀렸을수도 있음),2024-09-04,sweetshop
5981,sweetshop_2024-09-03,youtubecreatorskorea,이상한 과자가게 weird sweets shop님의 채널의 영상이 인기 급상승 Shorts에 올랐어요!🥳🎉,2024-09-04,sweetshop
5982,sweetshop_2024-09-03,x.uns1_8,ㅇ..ㅏ..아..아닐거..ㅇ..ㅑ..,2024-09-04,sweetshop
5983,sweetshop_2024-09-03,2011.01_10,필리핀 사람입니다.초코죽 사실 초코 파우더로 만들어요.. 언니 ㅈㅂ 먹지마요 감사합니다.,2024-09-04,sweetshop
5984,sweetshop_2024-09-03,k_mamabbaba,이러지마여ㅠ,2024-09-04,sweetshop
5985,sweetshop_2024-09-03,uouv330,죽이요???,2024-09-04,sweetshop
5986,sweetshop_2024-09-03,grace__heo,@empty170 아닠ㅋㅋㅋ이게 뭐람ㅋㅋㅋ,2024-09-03,sweetshop
5987,sweetshop_2024-09-03,foodlovelikeit,언니...진짜...?,2024-09-03,sweetshop
5988,sweetshop_2024-09-03,kim._yeon.woo21,외국영상이 이상한게 아니구나,2024-09-03,sweetshop
5989,sweetshop_2024-09-03,jeonghyun413,초콜릿 감정까지 생각 해주시는 극f 시네요,2024-09-03,sweetshop
5990,sweetshop_2024-09-03,choi20160615,안녕하세요! 이사장님 전 이상한 과자가게를 많이봐요! 그리고 이사장님이 책스초코 정수기가 광고에 나오더라고요! 신기해서 말씀들었습니다! 오늘 영상도 감사합니당!,2024-09-03,sweetshop
5991,sweetshop_2024-09-03,kimyejun1234567,학 이사장님 너무 매일 재미있게 보고있아요❤️ 꼭 보고싶내용,2024-09-03,sweetshop
5992,sweetshop_2024-09-03,kimyejun1234567,맛있다고요?,2024-09-03,sweetshop
5993,sweetshop_2024-09-03,kjjpps,코코넛 밀크나 분유가루 뿌려먹어요 동남아에서ㅎ 흑미죽에도,2024-09-03,sweetshop
5994,sweetshop_2024-09-03,suyen0427,자기야. 진짜야?,2024-09-03,sweetshop
5995,sweetshop_2024-09-03,fi.___.ve,이건 뭐 나혼자 죽을순 없다 같이죽자 뭐 이런건가여?ㅋㅋㅋㅋㅋ,2024-09-03,sweetshop
5996,sweetshop_2024-09-03,uchany32,"저 상태로 파이지에 넣고 파이로 만들어먹어주세ㅇ,,",2024-09-03,sweetshop
5997,sweetshop_2024-09-03,choi9006choi,이건 초코죽이기 아닌가요？,2024-09-03,sweetshop
5998,sweetshop_2024-09-03,_mmlleook_,아... 같이 벌칙받자..는 영상은 아니겠지... 맛잘알님이라 믿어야 하는데 아......,2024-09-03,sweetshop
5999,sweetshop_2024-09-03,haneuljeong_,초코죽 완전 맛있는뎁🩷,2024-09-03,sweetshop
6000,sweetshop_2024-09-03,bboni._.bbang,와…,2024-09-03,sweetshop
6001,sweetshop_2024-09-03,kimeungyong1385,맛있는걸 떠나서 살이...지대로 찌겠는데요?ㅠ,2024-09-03,sweetshop
6002,sweetshop_2024-09-03,christinelee.gpx,ㅋㅋㅋㅋㅋㅋㅋ 초코렛에 생선이라니… 🍫 🐟,2024-09-03,sweetshop
6003,sweetshop_2024-09-03,play_eat_goe,여태껏 이사장의 모든 요리를 응원하고 같이 먹어보고 싶다 생각했어요 ㅎㅎㅎㅎ 이번엔 이사장 사람 자체만 응원할게요 ㅠㅠ ㅋㅋㅋㅋ,2024-09-03,sweetshop
6004,sweetshop_2024-09-03,hwnaglove,맛있겠다 배고프다,2025-04-15,sweetshop
6005,sweetshop_2024-09-03,bee24h,호박씨!!!!!!!!!!!.!!!!!!¡!!!!,2025-01-01,sweetshop
6006,sweetshop_2024-09-03,cajiyu907,저 호박 싫어하는데 이건 진짜 맛도리다..,2024-09-13,sweetshop
6007,sweetshop_2024-09-03,sori_221014,@kyoung_jin_ey 미쳣다잉,2024-09-13,sweetshop
6008,sweetshop_2024-09-03,zzoomm_in,@hyeok.92 해죠,2024-09-08,sweetshop
6009,sweetshop_2024-09-03,gimnaeun1016,허 언니 너무 맛있게 만드는거 아니야😍,2024-09-07,sweetshop
6010,sweetshop_2024-09-03,ye.x0n_2,단호박 알레르기 있는사람은 울고갑니다ㅠㅠㅠ,2024-09-06,sweetshop
6011,sweetshop_2024-09-03,_sxup.7,전자레인지 ㄱㄴ?,2024-09-03,sweetshop
6012,sweetshop_2024-09-03,ch0_02_,@4pril.2nd 가자,2024-09-03,sweetshop
6013,sweetshop_2024-09-03,jo_dbals,너무 갑작스럽지만…. 건빵 만들어 주세요.!!(???????),2024-09-02,sweetshop
6014,sweetshop_2024-09-03,ranaograce,오~첨으로 시도해 볼 만해요🍰🍰맛있겠다!!,2024-09-02,sweetshop
6015,sweetshop_2024-09-03,_rong2222,몇도에 몇분정도구우면 될까요?😯,2024-09-02,sweetshop
6016,sweetshop_2024-09-03,youngju020879,맛나겠당,2024-09-02,sweetshop
6017,sweetshop_2024-09-03,__.maarrrrr.__,꼬마단호박 엄청 보이던데 얘들을 어찌 먹나 감질나서ㅡ 항상 그 생각이었는데 여기 있군요 방법이 ㅋㅋㅋㅋ😍 🎃🍰🧁,2024-09-02,sweetshop
6018,sweetshop_2024-09-03,j.poo_reum,도전은 하기싫고 누가 만들어준거 먹어보고만 싶네요 ㅋㅋㅋㅋㅋㅋㅋ,2024-09-02,sweetshop
6019,sweetshop_2024-08-30,coolasura,알콜이 날아가는데 취하긴,2025-02-03,sweetshop
6020,sweetshop_2024-08-30,_agenda_lee,@gs.___.y 이케 먹는기라,2025-01-28,sweetshop
6021,sweetshop_2024-08-30,osallak_,저 도민인데 맬젓 맛있는 고기집이 ㄹㅇ 맛집임,2025-01-14,sweetshop
6022,sweetshop_2024-08-30,hs_jisu,@suddmt._.95 멜젓....츄릅....,2024-12-22,sweetshop
6023,sweetshop_2024-08-30,kusanagi112,전라도에서 저렇게 먹음 개인적으로 짜고 비려서 안먹음,2024-12-20,sweetshop
6024,sweetshop_2024-08-30,naba._.su97,"@arini_abang 멜젓도 멜젓인데 난 갈치속젓,,,",2024-12-10,sweetshop
6025,sweetshop_2024-08-30,yummy_yum_kr,멜젓 찍어서 부추무침이랑 먹으면 못참는데,2024-12-05,sweetshop
6026,sweetshop_2024-08-30,jeju3592,다음번엔 한라산21도 넣어드셔보셔라😍😍,2024-11-22,sweetshop
6027,sweetshop_2024-08-30,yullovechu,흰쌀밥에 버터 멜젓 계란후라이 슥슥 비벼먹으면 환상.,2024-11-21,sweetshop
6028,sweetshop_2024-08-30,he._.vv,마지막에 흰밥에다가 한숟갈 넣고 슥슥 비벼서 먹으면 찐 존맛탱❤️,2024-11-15,sweetshop
6029,sweetshop_2024-08-30,jh.krap,@seung__._._ 소주??,2024-11-12,sweetshop
6030,sweetshop_2024-08-30,god_kim_,언제적 멜젓 ㅎㅎ 육지에도 12~3년전에 들어와서 유행탔는데,2024-11-10,sweetshop
6031,sweetshop_2024-08-30,jollaman26,ㅋ 로컬들도 요즘 멜젓은 좀 😂,2024-10-12,sweetshop
6032,sweetshop_2024-08-30,_somdays_,@naepodaek 추억의 깡촌..,2024-10-10,sweetshop
6033,sweetshop_2024-08-30,cajiyu907,전 어린앤데 저 소주넣은 말젓인가맬젓인가?먹었다간 취해요오,2024-09-13,sweetshop
6034,sweetshop_2024-08-30,97_farmer,"멜젓 !!!! 혀데여 가면서 찍어 먹었는데 진짜 맛있더라구요!!! 최고,,,, 이제 쌈장 안먹습니다 😆",2024-09-10,sweetshop
6035,sweetshop_2024-08-30,jowo03,세상에서 누가 고기 먹는거 하수 고수 정해요? 없어요 그지 맛있게 드시면 되는데요,2024-09-08,sweetshop
6036,sweetshop_2024-08-30,jixxy_1304,돍갈비? 거기 맛있음,2024-09-08,sweetshop
6037,sweetshop_2024-08-30,bhoon8192,달콤합니다,2024-09-04,sweetshop
6038,sweetshop_2024-08-30,bedwars_heaven,곳있으면 가는ㄷ...,2024-09-04,sweetshop
6039,sweetshop_2024-08-30,ainijun314,청양고추도 썰어넣어주세요,2024-09-01,sweetshop
6040,sweetshop_2024-08-30,ainijun314,처먀,2024-09-01,sweetshop
6041,sweetshop_2024-08-30,haram._.l,와 저거 개인적으로 너무 짜다고 느꼈어요,2024-09-01,sweetshop
6042,sweetshop_2024-08-30,ming____1004__h___i,국룰이지..,2024-09-01,sweetshop
6043,sweetshop_2024-08-30,teanyer,요요요요 요아정 해줘요 언니픽으로,2024-09-01,sweetshop
6044,sweetshop_2024-08-30,mun_b_13,어린이는 못먹나요,2024-08-31,sweetshop
6045,sweetshop_2024-08-30,e.uns0o,순간 갑자기 뜬금없이 생각났음,2024-08-31,sweetshop
6046,sweetshop_2024-08-30,princecesse87,가신 식당 이름 모에용 ??😍😍,2024-08-31,sweetshop
6047,sweetshop_2024-08-30,_mmlleook_,캬 역시 맛잘알의 견해👏👏,2024-08-31,sweetshop
6048,sweetshop_2024-08-30,x1.je_,멜젓 개 마싯져...,2024-08-31,sweetshop
6049,sweetshop_2024-08-30,sonj3374,마늘 고추도 쫌 넣어줘요,2024-08-31,sweetshop
6050,sweetshop_2024-08-30,12.13.kr,멜젓 진짜 존맛 저 맛 알면 집에서도 삼겹살 먹을 때 멜젓 필수로 두고 먹을 수밖에 없음,2024-08-30,sweetshop
6051,sweetshop_2024-08-30,_ll.o4_,@g_seon_h @given_1103 얘들아 소주 넣었어야 했다,2024-08-30,sweetshop
6052,sweetshop_2024-08-30,ming2_9101,소주넣은 소스 마시는 줄 알고 깜놀😂,2024-08-30,sweetshop
6053,sweetshop_2024-08-30,___hyuniiiiii___,청양고추 3개 썰어 놓고 먹기 필수🔥❤️,2024-08-30,sweetshop
6054,sweetshop_2024-08-26,_tae.xn1,뉴진스 다니엘 닮았당,2024-10-04,sweetshop
6055,sweetshop_2024-08-26,k_yeonwo0,아니 언니야 제주도 카이막은 시소!!!!,2024-09-27,sweetshop
6056,sweetshop_2024-08-26,jaehyouk_1229,언니 제품 이름이 카이막 치즈자너;;,2024-09-16,sweetshop
6057,sweetshop_2024-08-26,___.aha__,팜인카이막이라고 있는데 진짜 제대로에요.ᐟ 우유향이 엄청나면서 토스트합 베이글 위에 얹어 꿀뿌리면 아주 나이스❤️❤️❤️ 롯데맥스에도 판매하고 이마트에도 있고 온라인 구매도 가능해요,2024-09-15,sweetshop
6058,sweetshop_2024-08-26,j_rim_lee,제주도 카이막은 해녀박물관 옆에 카페 달치즈 있어요. 여기 진짜 찐 맛집입니다. 😍,2024-09-01,sweetshop
6059,sweetshop_2024-08-26,idyllic_jieun,@buz22i 우오ㅓ 과자가게 온냐다,2024-08-28,sweetshop
6060,sweetshop_2024-08-26,verawanglovrr,저거 맛없어요 ㅡㅡ,2024-08-27,sweetshop
6061,sweetshop_2024-08-26,yuchan_abcd,저거 '카이막'크림치즈가 이름이에요,2024-08-27,sweetshop
6062,sweetshop_2024-08-26,user01983821728,번역이 잘못됬네요 터키어로 써져있는거 보면 taze peynir 라고 써있는데 직역하면 생(신선한) 치즈라고 할수있어요 카이막이 아니라 그냥 발라먹는 치즈 입니다 ㅋㅋㅋ,2024-08-27,sweetshop
6063,sweetshop_2024-08-26,ma.sit.ge,식품 유형에 치즈라고 되어있네유 😂....이름만 카이막이었나봐요,2024-08-27,sweetshop
6064,sweetshop_2024-08-26,__jyu.jyu__,시소카이막 추천해요🙌,2024-08-27,sweetshop
6065,sweetshop_2024-08-26,_nanacoco,하 저거 완전 그냥 크림치즈맛이요 ㅠㅠ 너무 맛없어서 꿀을 발라도 맛없었던 ㅠㅠㅠㅠㅠ <팜인카이막>이 진짜예요 이마트랑 쿠팡에 팔아요!,2024-08-26,sweetshop
6066,sweetshop_2024-08-26,from_hap,저거 짜거 맛없어요 ㅠㅠ,2024-08-26,sweetshop
6067,sweetshop_2024-08-26,eunji_1426,어디빵인가요,2024-08-26,sweetshop
6068,sweetshop_2024-08-26,windywingpakin,쉬어갓도 있고.. 소길다방도 있는데.. 제주도에서 왜...왜...... 마트표를 ㅠㅠ,2024-08-26,sweetshop
6069,sweetshop_2024-08-26,wndus_anj,언니 내가 양념치킨 기원하려고 인스타까지 찾아써... 양념 비법을 알고 싶어서... 그 양념치킨 양념 있자나 그거..,2024-08-26,sweetshop
6070,sweetshop_2024-08-26,okvindahouse,"언니 제주도에 소길다방 이라고 가면 카이막있는데 거기 진짜 맛있고 예뻐요 가끔 고양이도있고 근데 찾아가기, 주차하기가 좀 마뉘 불편쓰 ㅎㅎ",2024-08-26,sweetshop
6071,sweetshop_2024-08-26,ahdkkzofjt,저 튀루키예 가서 찐 카이막 먹어 봤는데 카이막이 크림치즈 맛은 아니고 그릭요커트 맛이란 비슷했었고 질감은 크림치즈랑 비슷했는데 맛은 그릭 요거트보다 훨씬 담백한 맛이었습니다-😂😂,2024-08-26,sweetshop
6072,sweetshop_2024-08-23,josumin175,언니가 마지막에 꺼봐 이랬을때 핸드폰이 꺼졌어요,2024-11-01,sweetshop
6073,sweetshop_2024-08-23,ckkhh889,저승길 볶음밥 ㅋㅋ,2024-10-08,sweetshop
6074,sweetshop_2024-08-23,canyon_hyemin,식단 끝나면 이걸로...저장하겠습니다,2024-10-06,sweetshop
6075,sweetshop_2024-08-23,g_race17640,언니 복수심 너무 재밌다ㅋㅋ😮,2024-10-03,sweetshop
6076,sweetshop_2024-08-23,woojaehui,@ddong.__.hee 켕,2024-09-19,sweetshop
6077,sweetshop_2024-08-23,uouv330,내가 대신 먹어드리고 싶다😂,2024-09-12,sweetshop
6078,sweetshop_2024-08-23,sung_somi_0101,언니 남친있었어?,2024-09-11,sweetshop
6079,sweetshop_2024-08-23,jungsuyoo,사귀고싶다..,2024-08-30,sweetshop
6080,sweetshop_2024-08-23,_mmlleook_,와.. 너무 좋은 엄마.. 아니 여친,2024-08-29,sweetshop
6081,sweetshop_2024-08-23,sulpan.4.pan,불닭소스는 반칙이지😊,2024-08-28,sweetshop
6082,sweetshop_2024-08-23,jua_1007,맛있어 보여요♡♡,2024-08-28,sweetshop
6083,sweetshop_2024-08-23,wonyoung770,맛있어 보인다,2024-08-28,sweetshop
6084,sweetshop_2024-08-23,anthouse_sangam,이 정도 정성이면 화해 좀 하자😂,2024-08-27,sweetshop
6085,sweetshop_2024-08-23,sonsongwanghoson,남자친구 있어서요?,2024-08-27,sweetshop
6086,sweetshop_2024-08-23,don_y0615,남친이 있었어요?,2024-08-27,sweetshop
6087,sweetshop_2024-08-23,no_ow.ax,언뉘 솜사탕기계에 솜사탕 넣어주세여😢,2024-08-25,sweetshop
6088,sweetshop_2024-08-23,heominha79,어떻게되셨나요,2024-08-25,sweetshop
6089,sweetshop_2024-08-23,gimeunjin1397,남친이 있었엉?,2024-08-25,sweetshop
6090,sweetshop_2024-08-23,e.uns0o,아 맞다 이 언니 남친 있었지?!,2024-08-25,sweetshop
6091,sweetshop_2024-08-23,ninirini_409,@91sh_cc 짜파게티블랙먹고싶다,2024-08-24,sweetshop
6092,sweetshop_2024-08-23,eun_you1029,밥가지고 싸우는 사람첨 봤네😂,2024-08-24,sweetshop
6093,sweetshop_2024-08-23,leehaneul0510,거북이빵만들어주세요!!!!!!!!!!!!!!!,2024-08-24,sweetshop
6094,sweetshop_2024-08-23,chea_min1111,언니..ㄷㄷ,2024-08-24,sweetshop
6095,sweetshop_2024-08-23,jinah0104,ㅋㅋㅋ 그래서 사과 안 한다고 한 겁니까? 귀엽다 증말 ㅋㅋㅋㅋㅋ,2024-08-23,sweetshop
6096,sweetshop_2024-08-23,in_se_d,둘 다 왜케 학생의 연애 같지,2024-08-23,sweetshop
6097,sweetshop_2024-08-23,suyen0427,빡친표정 졸귀탱 ㅋㅋㅋㅋ,2024-08-23,sweetshop
6098,sweetshop_2024-08-23,ha_yum_i,ㅋㅋㅋㅋ 화해하셨나요~?😊😊,2024-08-23,sweetshop
6099,sweetshop_2024-08-22,namyang77,중국살때 친구들이 시켜줘서 먹어봤는데 생각보다 먹을만 했어요.. 이거랑 염소불알이였나.. 두개가 제일 충격적이였어요,2025-02-03,sweetshop
6100,sweetshop_2024-08-22,42persec,@sonnajoah 뇌 먹을 수 있냐구용,2025-01-28,sweetshop
6101,sweetshop_2024-08-22,jjjwhatttt,"식감은 두부같은데, 비주얼이 쫌",2025-01-25,sweetshop
6102,sweetshop_2024-08-22,hjh1.802,이거 먹어봤는데 생각보다 맜있어요!!,2025-01-24,sweetshop
6103,sweetshop_2024-08-22,hasori0512,먹어봤는데 크리미한 맛나더라고요,2025-01-09,sweetshop
6104,sweetshop_2024-08-22,pansy_eseul,@hanseul_byeon 이거 내가 하이디라오 갈때마다 시키는.. 그 부위군... 오래 잘 익히면 부드러운 간 맛이던데!😋,2024-09-13,sweetshop
6105,sweetshop_2024-08-22,amelia.97564,X가 첫만남에 하이디라오 데려가서 돼지뇌를 나에게 줌...하..역시 중국사람은 못먹는게 읍데..거절 못하고 그냥 꿀딱 삼킴,2024-08-29,sweetshop
6106,sweetshop_2024-08-22,zha0y1ng,가능한🔥,2024-08-28,sweetshop
6107,sweetshop_2024-08-22,sea_pearl.09,10만원 말고 10억 주면 먹을거 같은데...,2024-08-24,sweetshop
6108,sweetshop_2024-08-22,iklues.m,영상만 보는데도 헛구역질이..😢,2024-08-23,sweetshop
6109,sweetshop_2024-08-22,frog001213,저거 먹음 돼지지능까지 가져가는거...???ㅋㅋㅋㅋㅋ,2024-08-23,sweetshop
6110,sweetshop_2024-08-22,koweonyoung,돼지뇌는 음…… 오리창자는 마시써여ㅎㅎㅎ,2024-08-22,sweetshop
6111,sweetshop_2024-08-22,mingvely.0_0,@kancho__oo 돼지..🧠..?,2024-08-22,sweetshop
6112,sweetshop_2024-08-22,okvindahouse,한번밖에못먹나요 100만원 받을수있을거같은데,2024-08-22,sweetshop
6113,sweetshop_2024-08-22,shin_jioh1107,2빠였는데 3빠,2024-08-22,sweetshop
6114,sweetshop_2024-08-22,010_8xx4_5x1x,2빠🙌,2024-08-22,sweetshop
6115,sweetshop_2024-08-22,jeongsangin8,1빠🙌,2024-08-22,sweetshop
6116,sweetshop_2024-08-21,jii_yzn.14,진심 똑똑했다,2025-01-25,sweetshop
6117,sweetshop_2024-08-21,gjrgjevw14,빼빼로 그릭요거트 만들어주세욤❤️,2024-11-12,sweetshop
6118,sweetshop_2024-08-21,parksiyeoun7135,복숭아아이스티가루로그릭요거트만들어주세요!!!!!😢,2024-09-24,sweetshop
6119,sweetshop_2024-08-21,y.ojx12_,오레오오 쫀득쿠키해줘용(마쉬멜로우+오레오),2024-09-24,sweetshop
6120,sweetshop_2024-08-21,x.maer_0318,댓글..,2024-09-17,sweetshop
6121,sweetshop_2024-08-21,seayoan129,언니 갑자기 생각난건데 바나나킥 뒷쪽에 바나나킥 맛있게먹는 방법먹어줄수있어??,2024-09-07,sweetshop
6122,sweetshop_2024-08-21,ijaein655,46주답글 달기,2024-09-02,sweetshop
6123,sweetshop_2024-08-21,_mmlleook_,우와 신난다 넘 맛있겠다 어우,2024-08-29,sweetshop
6124,sweetshop_2024-08-21,hr_160314,이모나희도달마었요❤️,2024-08-25,sweetshop
6125,sweetshop_2024-08-21,yumee.kim,천재🙌,2024-08-21,sweetshop
6126,sweetshop_2024-08-21,hyerim_c_berisalic,와 진짜 아이디어 최고에요 너무 맛있어보여요,2024-08-21,sweetshop
6127,sweetshop_2024-08-21,food_radio_,오히려 좋아~~~,2024-08-21,sweetshop
6128,sweetshop_2024-08-21,sohyeon_728,예쁜 언니 크림치즈 그릭 요거트 만들어주세요,2024-08-21,sweetshop
6129,sweetshop_2024-08-21,jin_yeong02.17,우와 진짜 못하는게없으시네👍👍👍,2024-08-21,sweetshop
6130,sweetshop_2024-08-21,ji_ji__,비주얼.....ㅋㅋ ㅋㅋ ㅋㅋㅋ ㅋㅋㅋ ㅋㅋㅋ 쎄멘 아입니까,2024-08-21,sweetshop
6131,sweetshop_2024-08-21,_ye.wo,24분전 먹어보고 싶어요🙌,2024-08-21,sweetshop
6132,sweetshop_2024-08-21,yeseon_kate_kim,기출번형&빠른 상황 판단 가장 잘하는 유튜버 1위,2024-08-21,sweetshop
6133,sweetshop_2024-08-20,ooooojinghooooo,숏다리보단 롱다리인 #짝다리 죠!!!😍,2025-03-27,sweetshop
6134,sweetshop_2024-08-20,connecting_the__dots,@whatup_jeri 숏다리가 3000원이래ㄷㄷ,2025-02-08,sweetshop
6135,sweetshop_2024-08-20,kimmin0527,오오 18년차 주부도 시도해보고싶은!!!!,2025-01-15,sweetshop
6136,sweetshop_2024-08-20,james_cariccio,좋은정보감사합니다,2025-01-11,sweetshop
6137,sweetshop_2024-08-20,winsome_jy07,@0.hunn 오 대바아아악 해보자해보다,2024-12-12,sweetshop
6138,sweetshop_2024-08-20,hwangyuna.0312,지금은 5900원 ㄷㄷ….,2024-11-17,sweetshop
6139,sweetshop_2024-08-20,gms00_2,언니.. 버터안넣었다..,2024-11-08,sweetshop
6140,sweetshop_2024-08-20,yoon_4807,영주는 1500원 인데,2024-10-24,sweetshop
6141,sweetshop_2024-08-20,won_ie,@turtle_kingg 네?,2024-10-10,sweetshop
6142,sweetshop_2024-08-20,sova_blackmail_me,미국 해외 배송 가능한가요? 50개만 만들어서,2024-10-07,sweetshop
6143,sweetshop_2024-08-20,namyena8,아이스크림 할이점 가면 400원 인데,2024-09-29,sweetshop
6144,sweetshop_2024-08-20,kkeunsol,@park_jo_hyuk 나는 인스타보면 이런거 봐,2024-09-26,sweetshop
6145,sweetshop_2024-08-20,ren___2_5,"제가 단골 문구점에 갔는데 숏다리가 300원,,,,",2024-09-14,sweetshop
6146,sweetshop_2024-08-20,hwi_yeon21,만드는게 더비쌀거같은데,2024-09-12,sweetshop
6147,sweetshop_2024-08-20,r._.dbi,@h_____e2 만들어봐야지,2024-09-02,sweetshop
6148,sweetshop_2024-08-20,yeseo_4074,요즘 문구점 200원이하 없는데 거의 몇천원,2024-08-28,sweetshop
6149,sweetshop_2024-08-20,imaginedking,마른 오징어가 한장에 250원이었는데 ㅠ,2024-08-26,sweetshop
6150,sweetshop_2024-08-20,se.auxn_,오징어가 쇼다리 보다 비쌀듯,2024-08-25,sweetshop
6151,sweetshop_2024-08-20,akung_a_kung,네 제가 허씨입니다 ((허~쒸)),2024-08-24,sweetshop
6152,sweetshop_2024-08-20,yoon98sw,와 집에 냄새 오지게 났겠다,2024-08-22,sweetshop
6153,sweetshop_2024-08-20,__.maarrrrr.__,오다리를 만들어먹을 생각은 하지도 못했는뎁... 🔥🔥🔥,2024-08-20,sweetshop
6154,sweetshop_2024-08-20,jin_yeong02.17,힘줄때 콧구멍 커진것도 이쁘시네여👍👍😆😆,2024-08-20,sweetshop
6155,sweetshop_2024-08-20,baggeumhui26,우와...이게되요?신기하넹...😮😂😍,2024-08-20,sweetshop
6156,sweetshop_2024-08-20,_mmlleook_,대박이다... 진정 요리천재...와 절대음감같은 느낌.. 절대미각,2024-08-20,sweetshop
6157,sweetshop_2024-08-20,osoni._.ujsbj,안 녕 하 십 미 까 ♥︎,2024-08-20,sweetshop
6158,sweetshop_2024-08-20,luce_sicut_stellae12,🙀 턱관절도 지켜줘야죠~~~,2024-08-20,sweetshop
6159,sweetshop_2024-08-20,na_ynl,언니 산 그 오징어가 더 삐싸.,2024-08-20,sweetshop
6160,sweetshop_2024-08-20,is.ju684,우와ㅏ 엄청 빨리왔다ㅏ 엄청 맛있어보여요오😍❤️,2024-08-20,sweetshop
6161,sweetshop_2024-08-18,dbskehs,???:면이 이븐하게 안익었어요,2024-10-19,sweetshop
6162,sweetshop_2024-08-18,hyunjin_park91,@o__hyena 이건 좀 땡기는데,2024-08-26,sweetshop
6163,sweetshop_2024-08-18,heominha79,세상에서 젤예쁜 이사장님 집소개 영상찍어주세요 제발,2024-08-25,sweetshop
6164,sweetshop_2024-08-18,jmwh_26103,@lily_seul_ @hyeji_e_o 도저언!!!,2024-08-23,sweetshop
6165,sweetshop_2024-08-18,12_ho.pe_,저정도면 한 가지 음식밖에 없는 뷔페같아요!!,2024-08-19,sweetshop
6166,sweetshop_2024-08-18,yangsorah,무슨 떡볶이에요...?ㅜㅜ 떡이 통통하니 맛있어보여요...,2024-08-19,sweetshop
6167,sweetshop_2024-08-18,ghj8804,엽떡이나 닭도리탕 김치찌개 등등 갓배달온음식에 라면사리 밑에 넣어두면 다른거먹을동안 적당히 익어요,2024-08-18,sweetshop
6168,sweetshop_2024-08-18,siyeon_1201,@mok.ys11 @silver_soa0331 해먹자🤤,2024-08-18,sweetshop
6169,sweetshop_2024-08-18,d.d.han,미춋따아아😝❤️🩷,2024-08-18,sweetshop
6170,sweetshop_2024-08-18,private_cat_lover,완전 천재적인 방법 같아요..!! 담에 놀러갈 때 해봐야겠어요!!,2024-08-18,sweetshop
6171,sweetshop_2024-08-17,hay_un928,남친 있었어…,2024-12-11,sweetshop
6172,sweetshop_2024-08-17,ejjhlove,서리에이드ㅋㅋㅋㅋ,2024-08-29,sweetshop
6173,sweetshop_2024-08-17,seulgi_yep,점점 무지막지 예뻐지네❤️,2024-08-25,sweetshop
6174,sweetshop_2024-08-17,jaee._un,이 언니는 지루하면 요리컨텐츠를 만들어주신다 넘 좋자나~~,2024-08-20,sweetshop
6175,sweetshop_2024-08-17,uouv330,👏👏👏와,2024-08-19,sweetshop
6176,sweetshop_2024-08-17,juju_multipotentialite,오ㅑㄹ케이뿐겨 ♡,2024-08-19,sweetshop
6177,sweetshop_2024-08-17,honeyunni.gy,뭔가 꾸밈 없는 모습이 이뽀요 ㅜㅜㅜ ㅎㅎㅎㅎ 청귤에이드 좋아하는데 ㅎㅎㅎ 문 열고 나가면 귤 밭이라니 👍👍👍👍,2024-08-18,sweetshop
6178,sweetshop_2024-08-17,dokdo_korea_sm,남친이있어요..?,2024-08-18,sweetshop
6179,sweetshop_2024-08-17,qowu834,배우 백주희님 닮음,2024-08-18,sweetshop
6180,sweetshop_2024-08-17,_.h.jxn,방금 청귤차 먹었는데,2024-08-18,sweetshop
6181,sweetshop_2024-08-17,thsudpfla,"넘커엽고이뽀고좋아요,이번브이로그에화장부분좀나와서넘넘좋앗어요,고마워요,앞르로도브이로그만이올려쥬세요ㅠㅠ",2024-08-17,sweetshop
6182,sweetshop_2024-08-17,chchchchhhchhhch,앞으로 이렇게만 찍어주세요 진짜.. 너무 이뻐요 ㅠㅜㅜㅜㅜㅜㅜ ㅠ 완전 여쿨 봄웜 아니시냐며..,2024-08-17,sweetshop
6183,sweetshop_2024-08-17,i.intrinsic_motivation,"누구 닮으셨다 닮으셨다 계속 생각했는데, 이성경 님 느낌이 있으시네요😍",2024-08-17,sweetshop
6184,sweetshop_2024-08-17,hyedada_baking,모자잘어울려요😍,2024-08-17,sweetshop
6185,sweetshop_2024-08-17,bearteddy2460,첫번째 립 정보 너무궁금해요 제발 알려주세요😮❤️,2024-08-17,sweetshop
6186,sweetshop_2024-08-17,m_pool99,노력하시는 모습이 보기좋으네요~^^,2024-08-17,sweetshop
6187,sweetshop_2024-08-17,lj.sn.1,와 언니 3분전이예뇨,2024-08-17,sweetshop
6188,sweetshop_2024-08-15,sx.hw0n,6번!!,2025-02-08,sweetshop
6189,sweetshop_2024-08-15,love_2_rym,6번이용,2025-02-07,sweetshop
6190,sweetshop_2024-08-15,gyutae_13,6번이요,2025-02-06,sweetshop
6191,sweetshop_2024-08-15,liyun_jenna.15,6번,2025-02-06,sweetshop
6192,sweetshop_2024-08-15,leenamjin0329,6벙,2025-02-06,sweetshop
6193,sweetshop_2024-08-15,cherry15n,6번❤️❤️❤️❤️❤️❤️❤️❤️🙌🙌🙌🙌🙌🙌🙌🙌🙌🙌❤️❤️❤️❤️❤️❤️❤️,2025-02-04,sweetshop
6194,sweetshop_2024-08-15,jeoneunhye36,6번이요,2025-02-03,sweetshop
6195,sweetshop_2024-08-15,ojkdarre,6번이요!🔥,2025-01-28,sweetshop
6196,sweetshop_2024-08-15,na.yeon_woo,7번이여ㅕ,2025-01-27,sweetshop
6197,sweetshop_2024-08-15,l_jae.a,6번 제발요..ㅜ,2025-01-23,sweetshop
6198,sweetshop_2024-08-15,wonjuny13,6번,2025-01-23,sweetshop
6199,sweetshop_2024-08-15,uouoifft,6번!,2025-01-23,sweetshop
6200,sweetshop_2024-08-15,haeun._.1201,6번이요😍😍😍,2025-01-14,sweetshop
6201,sweetshop_2024-08-15,junsangeom13,6번이요❤️❤️❤️❤️❤️🔥❤️🔥❤️🔥🔥❤️🔥🔥❤️🔥❤️🔥🔥❤️❤️🔥🔥😂😍😍,2025-01-13,sweetshop
6202,sweetshop_2024-08-15,bagseojun123,6번이요,2025-01-13,sweetshop
6203,sweetshop_2024-08-15,yeso1127,6번용,2025-01-12,sweetshop
6204,sweetshop_2024-08-15,g.__.hr,7번,2025-01-11,sweetshop
6205,sweetshop_2024-08-15,y1._seo2,7번!!!,2025-01-11,sweetshop
6206,sweetshop_2024-08-15,siu_love1029,히틀러?,2025-01-04,sweetshop
6207,sweetshop_2024-08-15,k.ty._12,6번이요,2025-01-02,sweetshop
6208,sweetshop_2024-08-15,youn.2x1224,6번이용,2024-12-25,sweetshop
6209,sweetshop_2024-08-15,no_ow.ax,총 6번이여,2024-12-15,sweetshop
6210,sweetshop_2024-08-15,rjsdn221,6번이요 겁나 맛있겠다,2024-12-10,sweetshop
6211,sweetshop_2024-08-15,areum_0426,6번!,2024-12-07,sweetshop
6212,sweetshop_2024-08-15,s._yxxn0425,6번,2024-12-01,sweetshop
6213,sweetshop_2024-08-15,ijeonghyeon1219,6번,2024-11-30,sweetshop
6214,sweetshop_2024-08-15,min_dong_hee1p,6번,2024-11-25,sweetshop
6215,sweetshop_2024-08-15,1230cinnamollo,6번이요!!!!❤️,2024-11-21,sweetshop
6216,sweetshop_2024-08-15,hamdoyun9,"내 친구 엄,빠가 떡참 하는데 ㅋㅋㅋ",2024-11-21,sweetshop
6217,sweetshop_2024-08-15,gz_yrl,6번,2024-11-16,sweetshop
6218,sweetshop_2024-08-15,j_sxxyoung13,6번이용,2024-11-15,sweetshop
6219,sweetshop_2024-08-15,kim._.mingyeom._.2,6번이요🔥!!!!!!,2024-11-14,sweetshop
6220,sweetshop_2024-08-15,wahahahat64,6번,2024-11-14,sweetshop
6221,sweetshop_2024-08-15,dbrjs0626,7번 마지막에 또 말함,2024-11-01,sweetshop
6222,sweetshop_2024-08-15,s._exu,6번이영!!!,2024-10-10,sweetshop
6223,sweetshop_2024-08-15,j0.iox,두개다 넣어..,2024-10-08,sweetshop
6224,sweetshop_2024-08-15,j_xxh.n,맜있겠다,2024-10-05,sweetshop
6225,sweetshop_2024-08-15,s2s2s2ccc,6번입니다!,2024-10-04,sweetshop
6226,sweetshop_2024-08-15,nojiyeon_69,6번,2024-10-03,sweetshop
6227,sweetshop_2024-08-15,hy._xxnn,6번,2024-10-01,sweetshop
6228,sweetshop_2024-08-15,gangseongcan443,6번,2024-09-19,sweetshop
6229,sweetshop_2024-08-15,se.xul2,8번,2024-08-28,sweetshop
6230,sweetshop_2024-08-15,__eee.bora,6번 ❤️❤️❤️❤️❤️❤️,2024-08-28,sweetshop
6231,sweetshop_2024-08-15,y0u.xinn_,6번,2024-08-25,sweetshop
6232,sweetshop_2024-08-15,jong12hyuk,떡볶이 한국 음식인데 유학을..?,2024-08-22,sweetshop
6233,sweetshop_2024-08-15,jiholee_14,6번이용!,2024-08-19,sweetshop
6234,sweetshop_2024-08-15,0909i27,6번이여!🔥🔥🔥🔥🔥,2024-08-19,sweetshop
6235,sweetshop_2024-08-15,iyeweon1013,6번,2024-08-19,sweetshop
6236,sweetshop_2024-08-15,lee_sce_a.ee,5번?₍⑅ᐢ..ᐢ₎,2024-08-19,sweetshop
6237,sweetshop_2024-08-15,cheawon_0809,6번이요!!! 6번!!!6️⃣6️⃣6️⃣6️⃣6️⃣6️⃣,2024-08-19,sweetshop
6238,sweetshop_2024-08-15,sonjae_2013,6번이요🔥🔥🔥🔥,2024-08-19,sweetshop
6239,sweetshop_2024-08-15,beommul_jungyeon,6번이용!!!! 먹방 가즈아🔥🔥🔥,2024-08-19,sweetshop
6240,sweetshop_2024-08-15,a_yxe13,6번🔥,2024-08-18,sweetshop
6241,sweetshop_2024-08-15,hx_r.in,6번이용,2024-08-18,sweetshop
6242,sweetshop_2024-08-15,heejin880901,6번!!!,2024-08-18,sweetshop
6243,sweetshop_2024-08-15,chchchchhhchhhch,6번!! 아 진짜 맛있겠다🤤🤤,2024-08-18,sweetshop
6244,sweetshop_2024-08-15,r_im04,막판에 참가합니다 6번 말했습니다 떡참.. 참 맛있겠네요 오늘 먹어야지,2024-08-18,sweetshop
6245,sweetshop_2024-08-15,32113ad,6번이요🔥,2024-08-18,sweetshop
6246,sweetshop_2024-08-15,isoeun8129,7번아닌가..?,2024-08-18,sweetshop
6247,sweetshop_2024-08-15,mo0n._.chae,6번!!!!,2024-08-18,sweetshop
6248,sweetshop_2024-08-15,k_u_r_110110,6번이여🔥🔥🔥🔥🔥,2024-08-17,sweetshop
6249,sweetshop_2024-08-15,azuremin_07,6반❤️🙌,2024-08-17,sweetshop
6250,sweetshop_2024-08-15,1y.w0n._,6번이요,2024-08-17,sweetshop
6251,sweetshop_2024-08-15,sn1118_,6번 🔥🔥,2024-08-16,sweetshop
6252,sweetshop_2024-08-15,hyhyhyhy94,6번이요!!,2024-08-16,sweetshop
6253,sweetshop_2024-08-15,dans._.bakery,6번이여ㅕ,2024-08-16,sweetshop
6254,sweetshop_2024-08-15,qkrdmst,이사장님! 이사장님이 만든 어항 젤리가 일본 도쿄에 팔아요!❤️,2024-08-16,sweetshop
6255,sweetshop_2024-08-15,hhhhhhh071999,6번🔥,2024-08-16,sweetshop
6256,sweetshop_2024-08-15,rong1_89,"떡볶이 떡볶이 떡볶이 ""떡참"" 쫄라떡볶이 ""떡참"" 딱 6번!",2024-08-16,sweetshop
6257,sweetshop_2024-08-15,lj_no.1,6번!! 떡참 조합 미쳤내요😖😱😍 근데 연기로 전공 바꾸신것 맞죠?👏🏻👏🏻,2024-08-16,sweetshop
6258,sweetshop_2024-08-15,jung_weon12,6번,2024-08-16,sweetshop
6259,sweetshop_2024-08-15,seo_jin.0,6번,2024-08-16,sweetshop
6260,sweetshop_2024-08-15,yumi8924,6번이요!!,2024-08-16,sweetshop
6261,sweetshop_2024-08-15,jju.ns12,6번이요,2024-08-16,sweetshop
6262,sweetshop_2024-08-15,gafoov123,수염 어케 한거지,2024-08-16,sweetshop
6263,sweetshop_2024-08-15,yun_11cu.xj,6번이용🔥🔥,2024-08-16,sweetshop
6264,sweetshop_2024-08-15,14_tws__shinyu42,6번입니다..!!!!,2024-08-16,sweetshop
6265,sweetshop_2024-08-15,constantine._12,6번,2024-08-16,sweetshop
6266,sweetshop_2024-08-15,y._1hx,6번이요….!!!🙌🙌👏👏😍❤️,2024-08-16,sweetshop
6267,sweetshop_2024-08-15,carat_dino10,6번이요!,2024-08-16,sweetshop
6268,sweetshop_2024-08-15,nayul0906,6번이여,2024-08-16,sweetshop
6269,sweetshop_2024-08-15,nx.huy0,6번이요 저 떡참 너무 먹어보고 싶어요😢😢😢,2024-08-16,sweetshop
6270,sweetshop_2024-08-15,yena5200,6번이요! 쉬운데?,2024-08-16,sweetshop
6271,sweetshop_2024-08-15,yo4.s_,6번이염,2024-08-16,sweetshop
6272,sweetshop_2024-08-15,wjdtjsghk,6번이요❤️🧡💛💚💙💜,2024-08-16,sweetshop
6273,sweetshop_2024-08-15,20_00235,6번이요!!,2024-08-16,sweetshop
6274,sweetshop_2024-08-15,somin1304,6번🔥,2024-08-16,sweetshop
6275,sweetshop_2024-08-15,jinha_616,6번이요❤️,2024-08-16,sweetshop
6276,sweetshop_2024-08-15,ellajeb,6번 !,2024-08-16,sweetshop
6277,sweetshop_2024-08-15,jsllzix,6번이요🔥🙌🙌,2024-08-16,sweetshop
6278,sweetshop_2024-08-15,yewon0364,6번,2024-08-16,sweetshop
6279,sweetshop_2024-08-15,_yccccccccccchan_,6번!!!!🔥🔥,2024-08-15,sweetshop
6280,sweetshop_2024-08-15,h_xccm,6번이요,2024-08-15,sweetshop
6281,sweetshop_2024-08-15,xji_won_12,콧수염이 수상하네요..,2024-08-15,sweetshop
6282,sweetshop_2024-08-15,ch__02.25,6번이용♥️,2024-08-15,sweetshop
6283,sweetshop_2024-08-14,2wlswn_,@_5.yong 헐!,2024-08-28,sweetshop
6284,sweetshop_2024-08-14,lj_no.1,오사카가면 환장하고먹었었눈데. 이사장님 덕분에 집에서도 환장하면서 먹을수있겠어요~! ❤️,2024-08-16,sweetshop
6285,sweetshop_2024-08-14,_mmlleook_,우와 아까 달걀 모양 너무 예뻐서 감동...이었는데,2024-08-14,sweetshop
6286,sweetshop_2024-08-14,maleng.table,아 넘 웃겨욬ㅋㅋㅋㅋㅋㅋㅋㅋ근데 진짜 똑같아서 자리에서 일어남😮,2024-08-14,sweetshop
6287,sweetshop_2024-08-14,yeseon_kate_kim,달걀 만들고 남은 국물이라...결국 달걀국인ㄱ ㅓ....,2024-08-14,sweetshop
6288,sweetshop_2024-08-12,mmminge,@young.ji4361 크크,2025-05-10,sweetshop
6289,sweetshop_2024-08-12,hyelin_0419,그 햄버거빵 어디서 샀어요?,2025-01-07,sweetshop
6290,sweetshop_2024-08-12,kkyu_rururru219,@zxrx_m1n 이거라구,2024-11-09,sweetshop
6291,sweetshop_2024-08-12,i_am_hyemin_,저렇게 바르면 달아서 못먹겠던데😂,2024-11-06,sweetshop
6292,sweetshop_2024-08-12,u_u.hae,이거 저도 있는디 이상하게 구우면 흘러내리더라구용 근데 그래도 맛은 있음,2024-10-18,sweetshop
6293,sweetshop_2024-08-12,_ayull2,그거로 두바이 초콜릿 만들면,2024-09-22,sweetshop
6294,sweetshop_2024-08-12,miniminamanimo,나두 사와찌ㅋㅋㅋㅋㅋ🙌예히,2024-08-25,sweetshop
6295,sweetshop_2024-08-12,chea_min1111,언니! 조금만 더 볼록하게 하면 되지않을까?!!,2024-08-14,sweetshop
6296,sweetshop_2024-08-12,dhjfk_19,언니 지금 프리한 19 본방 보는데 두바이 초콜릿 순위에 언니 영상 나왔어요 !!❤️❤️,2024-08-13,sweetshop
6297,sweetshop_2024-08-12,dior_0913_,일본에 빨기 스프레드 있어요!!!,2024-08-13,sweetshop
6298,sweetshop_2024-08-12,aycdv_v,나중에 직접 만들어야 겠군🔥,2024-08-13,sweetshop
6299,sweetshop_2024-08-12,ehhh_110011,난카레랑 명란도 맛나던데ㅋ,2024-08-13,sweetshop
6300,sweetshop_2024-08-12,alicia_jjo,메론도 맛있는데 커피도 맛있어영!!!!!,2024-08-12,sweetshop
6301,sweetshop_2024-08-12,thsudpfla,하아니비쥬얼은진짜세계1위매론빵같아요ㅠ,2024-08-12,sweetshop
6302,sweetshop_2024-08-12,11051001kk,이사장님!!순대 탛후루 만들어 주세요!,2024-08-12,sweetshop
6303,sweetshop_2024-08-12,pm4m1,ㅋㅋㅋㅋㅋ 한 번 ^..^,2024-08-12,sweetshop
6304,sweetshop_2024-08-12,22bbangsunny,알뜰한 이사장님ㅎㅎ,2024-08-12,sweetshop
6305,sweetshop_2024-08-08,yech1013,버섯은 곰팡이,2024-10-05,sweetshop
6306,sweetshop_2024-08-08,chzx.un__,"거,,,치즈가 있는것깉은ㄷ",2024-08-23,sweetshop
6307,sweetshop_2024-08-08,hoshino_._ai,왜 한소희가ㅜ보이는것이야,2024-08-23,sweetshop
6308,sweetshop_2024-08-08,aliceparkinwonderland,언니 넘 이뻐…,2024-08-16,sweetshop
6309,sweetshop_2024-08-08,garam09005,앗ㅋㅌ 왜ㅐ 물티슈로 그릇 받치고 잇으세용 ㅜㅜ 그냥 머그셔도 돼는데ㅜㅜ😢,2024-08-15,sweetshop
6310,sweetshop_2024-08-08,ruby99_0813,힘내세요,2024-08-13,sweetshop
6311,sweetshop_2024-08-08,imaginedking,나가,2024-08-13,sweetshop
6312,sweetshop_2024-08-08,marttina_dance,와.....나도 모르게 짜빠게티 끓이러갈뻔????(고민중),2024-08-12,sweetshop
6313,sweetshop_2024-08-08,x1.hun_,"운동을 하세효,,",2024-08-11,sweetshop
6314,sweetshop_2024-08-08,chea_min1111,언니 사랑해❤️,2024-08-11,sweetshop
6315,sweetshop_2024-08-08,hhh_9874,침 흘러여,2024-08-11,sweetshop
6316,sweetshop_2024-08-08,ksw.o.n,언니야 언니가 살이 있었어? ㅋㅋㅋ,2024-08-10,sweetshop
6317,sweetshop_2024-08-08,kg13m,이모티콘 먹방1트!,2024-08-09,sweetshop
6318,sweetshop_2024-08-08,m1n_sez,야채 아닐껄용? 균류라든ㄷㅔ..,2024-08-09,sweetshop
6319,sweetshop_2024-08-08,sx_r.in,"""모든 면에 다 긍정적이신 우리 사장님""",2024-08-09,sweetshop
6320,sweetshop_2024-08-08,so12_18,뺄살이 어딧으여!!!!!!!!!!!!!(분노😒),2024-08-09,sweetshop
6321,sweetshop_2024-08-08,dam__422,다이어트 식단의 정식👏,2024-08-09,sweetshop
6322,sweetshop_2024-08-08,thsudpfla,어뜨캫ㅎㅠ,2024-08-09,sweetshop
6323,sweetshop_2024-08-08,ah3yun,언니 왜케 이뻐졌어?,2024-08-09,sweetshop
6324,sweetshop_2024-08-08,coeain994,다이어트 안해도 될거같은데요 이사장님,2024-08-09,sweetshop
6325,sweetshop_2024-08-08,jjajjaloni_cat,이젠 짜계트?,2024-08-09,sweetshop
6326,sweetshop_2024-08-08,_k.hwan__,짜파게티 사러가야하나,2024-08-09,sweetshop
6327,sweetshop_2024-08-08,givemiramen,버섯은 균류입니다,2024-08-09,sweetshop
6328,sweetshop_2024-08-08,j_ain._.305,언니 물티슈....,2024-08-09,sweetshop
6329,sweetshop_2024-08-08,park.suyeon,그냥 맛있게 먹는데요??? 난 그와중에 엇 젓가락 우리집이랑 같은거다 했음요 ㅎㅎㅎ,2024-08-09,sweetshop
6330,sweetshop_2024-08-08,0303_sol,아니 저 방금 자려고 누웠는데 먹는영상 올리기 있어요? 넘 맛있게 먹잖아😵,2024-08-08,sweetshop
6331,sweetshop_2024-08-08,subin._.2013,그렇치,2024-08-08,sweetshop
6332,sweetshop_2024-08-08,flexxwagger,역시 배우신분👏👏👏👏👏,2024-08-08,sweetshop
6333,sweetshop_2024-08-08,j__h.0un,다이어트치고는 너무 맛있게드시는 우리사장님,2024-08-08,sweetshop
6334,sweetshop_2024-08-08,iseol4514,설탕국수 어릴때 할머니가 많아 해줬는데 ㅋㅋ,2025-02-04,sweetshop
6335,sweetshop_2024-08-08,mpsmoon,광주를 기점으로 먹는음식 그위로는 잘못보는음식,2025-02-02,sweetshop
6336,sweetshop_2024-08-08,nana79797070,어릴때 엄마가 해주셨오요 근데 간장국수도 해주셨오요,2025-02-02,sweetshop
6337,sweetshop_2024-08-08,gimyeeun1344,처음에 손에 들고 드시던거 이름이 뭐에요??,2025-02-02,sweetshop
6338,sweetshop_2024-08-08,lu_loll__26,저는 목포 사람인데 할머니가 어렸을때 여름에 많이 해주셨어요 원래 섬에 사셨는데 그땐 밭일하고 힘들때 많이 드시던거래요!,2025-02-02,sweetshop
6339,sweetshop_2024-08-08,qufdldirl04,엄만 갱상도여자라 잔치국수 잘하는데 해남이 고향인 아부지 엄마 잔치국수 제끼고 늘 설탕국수 ㅎ 어릴때 아부지랑 먹음 그리 맛있던 기억이,2025-02-02,sweetshop
6340,sweetshop_2024-08-08,ss_elvy,@so_j05 어제도 설탕국수 얘기했는데 소름,2025-02-02,sweetshop
6341,sweetshop_2024-08-08,s_eun_o.o,@hyo_zip 이거 존맛,2025-02-02,sweetshop
6342,sweetshop_2024-08-08,j._.xyin,엥 여수사는데 알아요,2025-02-01,sweetshop
6343,sweetshop_2024-08-08,lexz1.2,유치원때 엄마가 가끔 해줬는데 은근 맛있음,2025-02-01,sweetshop
6344,sweetshop_2024-08-08,jxxn_nope,보리차...,2025-02-01,sweetshop
6345,sweetshop_2024-08-08,hoya8714,@zojoa20 우린 경기돈데 왜 먹은 기억이...,2025-01-31,sweetshop
6346,sweetshop_2024-08-08,isyum,나도 전주출신인데 안먹어봤음. 할아버지는 설탕물 좋아하시던데,2025-01-30,sweetshop
6347,sweetshop_2024-08-08,hi_nu_ri,저희집은 백설탕 말고 흑설탕으로 먹었어요~ 특히 입맛이 없을때 종종 해먹고 있는데 국수말고도 우뭇가사리로 해먹으면 식감도 좋아서 맛있어요❤️,2025-01-28,sweetshop
6348,sweetshop_2024-08-08,i.raaaa_light,아니.. 이걸 안먹어봤다고? 난 지금도 먹는데?,2025-01-28,sweetshop
6349,sweetshop_2024-08-08,eundear__,"광주출신, 아빠 따라서 초딩때 여름 주말 아침밥 대신 먹었어용ㅋㅋㅋㅋㅋㅋ 엄마는 싫어하심ㅋㅋㅋㅋㅋㅋㅋㅋㅋㅋ",2025-01-28,sweetshop
6350,sweetshop_2024-08-08,kkkkkk02_28,이거 맛있음 우리아빠 해장하려고드셨는데 쪼금먹어봄 맛도리임,2025-01-28,sweetshop
6351,sweetshop_2024-08-08,honeythelove5,설탕국수에.멸치볶음도 맛있게먹었는데ㅎㅎ,2025-01-27,sweetshop
6352,sweetshop_2024-08-08,youngooralos,알고싶지 않오 ㅠ,2025-01-27,sweetshop
6353,sweetshop_2024-08-08,nopaintnopic,ㅋㅋㅋㅋㅋ아니 난 서울사람인데도 우리 외할아버지때문에 안다구요,2025-01-27,sweetshop
6354,sweetshop_2024-08-08,eunice_eunha,전남 강진이 고향인 저희 아버지가 자주 드셨는뎁,2025-01-27,sweetshop
6355,sweetshop_2024-08-08,e_bomi_,나도 초딩때 자주 먹었는뎅ㅋㅋ,2025-01-26,sweetshop
6356,sweetshop_2024-08-08,5light.jun,이렇게먹는게아닌데.. 원조는 차가운보리차에소면넣고 설탕조금넣고먹는겁니다,2025-01-26,sweetshop
6357,sweetshop_2024-08-08,blueyj27,입맛 없을때 설탕국수에 배추김치랑 같이 먹으면 맛있어요,2025-01-26,sweetshop
6358,sweetshop_2024-08-08,cken_chi_,저희집은 미숫가루 넣어 먹었어요ㅎㅎ,2025-01-25,sweetshop
6359,sweetshop_2024-08-08,geonmini2,설탕국수 예전에 많이 먹었능데😢,2025-01-25,sweetshop
6360,sweetshop_2024-08-08,imina1611,난 태어나서 지금까지 전라도에서 사는디 본적도 어1ㅛ다,2025-01-25,sweetshop
6361,sweetshop_2024-08-08,sxu493,우리 할머니 저거 진짜 좋아하시는데 당뇨땜에 못드심..😢,2025-01-25,sweetshop
6362,sweetshop_2024-08-08,hajoossam,저도 첨 들어봐요ㅋ 안먹어봤어요ㅋ,2025-01-25,sweetshop
6363,sweetshop_2024-08-08,kmint_525,전라남도 순천이 짱임 한번만 제발 와보삼,2025-01-24,sweetshop
6364,sweetshop_2024-08-08,gkdisskfk0323,국수엔 설탕이쥐! 콩국수도 설탕!!,2025-01-24,sweetshop
6365,sweetshop_2024-08-08,anuhyeon,전라도 사는데 설탕국수 안먹어봤습니다,2025-01-24,sweetshop
6366,sweetshop_2024-08-08,inkodwdnn00,결국엔 김치말이국수가 되지,2025-01-24,sweetshop
6367,sweetshop_2024-08-08,jxn.ou82,저는 국수하면 비빔국수 싫어해서 간장국수 아님 설탕국수 먹었는디..?,2025-01-24,sweetshop
6368,sweetshop_2024-08-08,jinok0421,김치랑 드셔보세요.설탕의 양은 본인기호대로 넣어드세요.너무 마니 넣을필욘없습니다.,2025-01-24,sweetshop
6369,sweetshop_2024-08-08,jinok0421,지금은 설탕국수를 파는곳을 찾기는 힘들죠.전라도사람이 설탕국수를 사먹진 않을거같습니다.,2025-01-24,sweetshop
6370,sweetshop_2024-08-08,jinok0421,전라남도 음식이예요.설탕국수는~~~ 전라남도는 김치가 맛있으니 그렇게 먹어도 맛있어요.여름에 주로먹고 설탕국수에 열우김치면 끝장이죵.콩국수에 소금시라면 전라도에서 살았단말하심 안될듯.,2025-01-24,sweetshop
6371,sweetshop_2024-08-08,seoyegj,잔치국수나 비빔국수보다 더 많이 먹은게 설탕 국수인데,2025-01-23,sweetshop
6372,sweetshop_2024-08-08,hongmi4840,전남 화순군..어릴때 어른들 열무국후드실때 애들은 이거먹죠ㅋ😍,2025-01-23,sweetshop
6373,sweetshop_2024-08-08,isdm17,경상도는 김밥을 멸치국물에 토렴해서 비빔밥처럼먹는거랑 전라도에 저 설탕국수는 이해를 할수없는 서울사람...,2025-01-23,sweetshop
6374,sweetshop_2024-08-08,syxeg2,전라도라고 다 같은 전라도가 아니에오… 저 국수는 광주에서 많이 먹습니다..,2025-01-23,sweetshop
6375,sweetshop_2024-08-08,e.y._lee,저는 서울 사람인데...저는 왜 알죠???,2025-01-22,sweetshop
6376,sweetshop_2024-08-08,lyd_yp,여수 먹음,2025-01-22,sweetshop
6377,sweetshop_2024-08-08,pigbreath_02,전라북도쪽보다 남도에서많이먹고 전남생활권과 겹치는곳에서는 종종먹더라구요,2025-01-22,sweetshop
6378,sweetshop_2024-08-08,____ddol2,저희부모님두분다 영광분이신데 여름에입맛없을때 점심으로자주해드심!!설탕대신 뉴슈가넣어드시기도했다네요!!!,2025-01-22,sweetshop
6379,sweetshop_2024-08-08,185__gj,음식은 남도에요,2025-01-22,sweetshop
6380,sweetshop_2024-08-08,ejjhlover,전라도인데 한번도 먹어본 적 없어요.,2025-01-21,sweetshop
6381,sweetshop_2024-08-08,hakwnsudd,"보통 집에서 입맛없을때 먹는데, 진짜 애기때 엄마였나 할머니가 해줬던것 같아요.",2025-01-20,sweetshop
6382,sweetshop_2024-08-08,mi7eeeeeee,어릴때 보리차에 설탕넣어서,2025-01-20,sweetshop
6383,sweetshop_2024-08-08,2025_1004_,건강에엄청 안좋겠다,2025-01-20,sweetshop
6384,sweetshop_2024-08-08,kimezini,목포출신 울 아빠의 여름 주식 ㅎㅎㅎ 설탕국수에 신김치 얹어먹으면 꿀맛,2025-01-20,sweetshop
6385,sweetshop_2024-08-08,lillllly____,저희 엄니는 보리차에 설탕 국수 말아주셨어요 엄니가 어렸을때 많이 드셨데요 (엄니 해남출신),2025-01-20,sweetshop
6386,sweetshop_2024-08-08,koonnpong,"광주26년차인데 어릴때 여름 간식으로 진짜 자주 먹었는데,, 설탕국수or간장국수 두개중 하나 골라먹었어요 ㅋㅋㅋ",2025-01-20,sweetshop
6387,sweetshop_2024-08-08,wwtnwl1,저희 할머니가 입맛없고 더운 여름에 차가운 보리차에 얼음동동 띄워 많이 해주셨어요!! 저는 열무랑 맛있게 참 잘먹던거에요❤️,2025-01-20,sweetshop
6388,sweetshop_2024-08-08,joorogun,휴 지역차별없는 클린한 댓글창,2025-01-19,sweetshop
6389,sweetshop_2024-08-08,yoon.021711,경남인데 할머니가 어릴때 나 입맛 없으면 늘 오이랑 쌈장이랑 설탕국수 주시던거 생각난가 ㅠㅜ,2025-01-19,sweetshop
6390,sweetshop_2024-08-08,jinny.bemyself,엄마가 여수 분이신데 어릴때부터 비빔국수먹고 입가심용으로 항상 설탕국수 먹었어요! 지금도 당연한 코스!,2025-01-19,sweetshop
6391,sweetshop_2024-08-08,ssuyya_417,@yean_hee_8 우린 왜 자주머금😢엄마 목포사람인뎅,2025-01-19,sweetshop
6392,sweetshop_2024-08-08,jxx._.mins,근데 저 마요네즈 통에있는건 몬가요...?ㅜㅜ,2025-01-19,sweetshop
6393,sweetshop_2024-08-08,loveleebao,흙설탕....,2025-01-19,sweetshop
6394,sweetshop_2024-08-08,mikyung_u,전남 고흥도 먹었음~~,2025-01-19,sweetshop
6395,sweetshop_2024-08-08,2010y_han,저거 시골 밭일 도와드리고 엄청 더울때 먹으면 짱맛있어요 ㅋㅋㅋ,2025-01-19,sweetshop
6396,sweetshop_2024-08-08,chickenboss_,김장김치에 먹어야 해요!!!!! 그래야 맛있어요!!!!,2025-01-18,sweetshop
6397,sweetshop_2024-08-08,hoonaa88,ㅋㅋ아직멀엇다...팥죽 소금 설탕파 나뉘고 순대 소금 된장 젓갈 등등 많은 음식들이 지역별로 달라요...전국에서 다살아봤어요,2025-01-18,sweetshop
6398,sweetshop_2024-08-08,htskhxoh,할머니가 전라도 사람이라서 그런지 어릴때 많이 먹었음😍,2025-01-18,sweetshop
6399,sweetshop_2024-08-08,11seo_0,헐 어렸을때 보리차에 설탕국수 많이 먹었었는데 먹어야겠다,2025-01-17,sweetshop
6400,sweetshop_2024-08-08,text_.2,설탕국수가 뭐임? 전주 살면서 그런 거 들어본 적이 없는디..,2025-01-17,sweetshop
6401,sweetshop_2024-08-08,jomman_2,설탕만 넣어서 먹어보진않음,2025-01-16,sweetshop
6402,sweetshop_2024-08-08,jisin_94,머야 이사장님 전주 출신이에요?? 나돈데??? 오오,2025-01-16,sweetshop
6403,sweetshop_2024-08-08,imchy1126,찬물에 국수넣고 얼음넣고 설탕 넣으면 그냥 3그릇은 먹는데,2025-01-15,sweetshop
6404,sweetshop_2024-08-08,qkkunp,아예 전남에서 여름에 일하던 시기에 먹던거에요 그리고 콩국수 말고 팥죽도 설탕!!!,2025-01-12,sweetshop
6405,sweetshop_2024-08-08,sooooongj,남도에서는엄청먹었던ㅎㅎㅎㅎㅎ특히 여름에 얼음 동동띄워서 ㅎㅎㅎㅎ,2025-01-12,sweetshop
6406,sweetshop_2024-08-08,su._.hyuk,"누가 간식으로 순대국밥,콩나물국밥을 먹어?",2025-01-09,sweetshop
6407,sweetshop_2024-08-08,ogyuhyeon79,"저도 전주사는데 어디 초임,",2025-01-08,sweetshop
6408,sweetshop_2024-08-08,bitch_imthesun,"중학교 때 계셨던 광주 출신 50대 중반 선생님 曰: ""우리 때는 설탕이 엄청 귀했어. 학교 발령나면 교장, 교감 성생님 집 찾아가서 잘 봐달라고 설탕 선물하고 학부모도 선생님이 가정방문하면 설탕 선물했던 때였지. 귀한 손님 오시면 당시에 내줬던 최고의 대접 중 하나가 설탕 국수였어.""",2025-01-08,sweetshop
6409,sweetshop_2024-08-08,1leee2e,이거보고 갑자기 궁금해져서 함평 출신인 아빠한테 전화해봤는데 진짜 집에서 저렇게 드셨다고 하셨음. 신기하당,2025-01-06,sweetshop
6410,sweetshop_2024-08-08,chill_guy771133,저도 지금 전주 중1인데 진짜 몰르는데 ㄷㄷ,2025-01-05,sweetshop
6411,sweetshop_2024-08-08,interute1,간장 설탕해서 비벼먹은적은 많아요..,2025-01-01,sweetshop
6412,sweetshop_2024-08-08,mi_mola93,요즘은 안먹고 옛날에 먹었던거에요 밭일하고 힘들면 달달하게 설탕넣어서 먹는데 맹물보다는 보리물이나 녹차물 뭐 이렇게도 먹었다고 합니다... 자주먹던건 아니고 일하다가 종종 새참으로 먹었다고 합니다,2024-12-30,sweetshop
6413,sweetshop_2024-08-08,jeongsaessag,어릴때 먹은 국수😮😮😮😮,2024-12-28,sweetshop
6414,sweetshop_2024-08-08,j.yb88,전라 south 도,2024-12-18,sweetshop
6415,sweetshop_2024-08-08,kiki_10204,전라도는 많이 먹어요,2024-12-17,sweetshop
6416,sweetshop_2024-08-08,chaevely._.mom,전남 완도가 고향인데 어릴 때 자주 먹었어용👍🏻,2024-12-15,sweetshop
6417,sweetshop_2024-08-08,boeu_1,강경사람 입니더,2024-12-09,sweetshop
6418,sweetshop_2024-08-08,s1w00.o9ll,맛의 고장은 전북 익산...,2024-12-09,sweetshop
6419,sweetshop_2024-08-08,mxiiket,아닌데요,2024-12-09,sweetshop
6420,sweetshop_2024-08-08,asmrwoo,우리아빠는국수먹을때마다저거먹음나랑누난좋아하는데만니는않억음,2024-12-08,sweetshop
6421,sweetshop_2024-08-08,happy_s.u.a,맛있겠다으흐흐,2024-11-23,sweetshop
6422,sweetshop_2024-08-08,melona0927,"이거 아마 전라남도 부근에 나주, 영암, 무안, 완도 포함 섬등등에서 많이 먹을걸요?",2024-11-18,sweetshop
6423,sweetshop_2024-08-08,melona0927,설탕국수는 새참으로 많이 먹었습니다.. 요즘 먹고 싶네요..,2024-11-18,sweetshop
6424,sweetshop_2024-08-08,sy.93751,아버지가 전남 해남분이신데 소금만 넣어 먹습니다,2024-11-16,sweetshop
6425,sweetshop_2024-08-08,___hem2,홍어는 안 넣어 먹나요?,2024-11-06,sweetshop
6426,sweetshop_2024-08-08,h_yeji.12,설탕 국수 안먹어봤는데 ....?,2024-09-23,sweetshop
6427,sweetshop_2024-08-08,rayoonicoo,"엄마 광주, 아빠 나주인데 어릴때 부터 자주 드시는거 봤어요ㅎㅎ 저는 입맛에 안맞아서 싫었던 기억이😂",2024-09-20,sweetshop
6428,sweetshop_2024-08-08,mumu_v8v,전남에서  살았던 저는 들어만 봤던 국수인데..맛있어요?,2024-09-18,sweetshop
6429,sweetshop_2024-08-08,a51054073,어릴때 많이 만들어 먹던 국수네요 ;;;,2024-09-16,sweetshop
6430,sweetshop_2024-08-08,jjunge_story,열무김치에 먹어야해요!!😍,2024-09-16,sweetshop
6431,sweetshop_2024-08-06,coesehyeon591,대카포는 포트나이트인데....,2024-09-22,sweetshop
6432,sweetshop_2024-08-06,seon_gmom,가글은 넣어도되나요?,2024-09-15,sweetshop
6433,sweetshop_2024-08-06,jeonhyeonsol4,포트나이트!!!,2024-08-31,sweetshop
6434,sweetshop_2024-08-06,isomin360,오른쪽 팔에 멍이에요?😢,2024-08-25,sweetshop
6435,sweetshop_2024-08-06,isieun660,이사장님 제가 어릴 때 먹던 면요리가 있는데요 저희 동네 문구점에서 팔았는데 지금은 없거든요? 근데 면이 하얀색이였고 양념장도 있었는데 그건 모르겠어요 그리고 면이 넓적 했습니다. 만들어 주심 안될까요?,2024-08-24,sweetshop
6436,sweetshop_2024-08-06,yunsiyun9610,그 생선모양 타피오카펄 블루베리인줄ㅋㅋ,2024-08-15,sweetshop
6437,sweetshop_2024-08-06,potatatatoattop,워셔약 ㅋㅋㅋ,2024-08-11,sweetshop
6438,sweetshop_2024-08-06,chea_min1111,마지막에 술이야기 넘 웃기넹,2024-08-07,sweetshop
6439,sweetshop_2024-08-06,wo.x_a,웅니 너무 자엽스럽게 더빙 끼워넣는거 아니냐구ㅎㅎㅋㅋ,2024-08-07,sweetshop
6440,sweetshop_2024-08-06,gimyerin260,사장님이라고 불러도 되나요?그리고 이번에 팬 아트를 그렸는데요. 사장님께 선물로 드리고 싶습니다. 인스타에서 사진으로 보내 드리고 싶습니다. 혹시 보내도 될까요? 기분 나빴다면 죄송합니다.,2024-08-07,sweetshop
6441,sweetshop_2024-08-06,gimyerin260,요리를 정말 잘하세요. 사장님이 요리할 때마다 멋져 보이고 요리를 항상 잘한다고 생각합니다. 힘내세요.기분 나빴다고 죄송합니다.,2024-08-07,sweetshop
6442,sweetshop_2024-08-06,uouv330,다음엔 빨간색 데카포로 부탁드립니다😍,2024-08-06,sweetshop
6443,sweetshop_2024-08-06,play_eat_goe,워셔액 마시고 춤춘 사람 있다 그래서 와봤습니다. 와봤더니 있네요 역시 ㅋㅋㅋㅋㅋ,2024-08-06,sweetshop
6444,sweetshop_2024-08-06,ahjin_kim11,빨리옴,2024-08-06,sweetshop
6445,sweetshop_2024-08-02,jie_c153,고양이 보고 가죽 카펫으로 봄,2024-08-31,sweetshop
6446,sweetshop_2024-08-02,chongchong._.0529,망고젤리 만들어줭!3트,2024-08-05,sweetshop
6447,sweetshop_2024-08-02,whmgs_110612,안사길 잘했닼ㅋㅋㅋ,2024-08-04,sweetshop
6448,sweetshop_2024-08-02,silver._.s2,@luke0214__ 가격 도라이였네,2024-08-04,sweetshop
6449,sweetshop_2024-08-02,bigmoon2018,그냥 이쁘고 귀엽다,2024-08-03,sweetshop
6450,sweetshop_2024-08-02,hina_kim.8,맛없서여…😭,2024-08-03,sweetshop
6451,sweetshop_2024-08-02,chea_min1111,와 두바이 초코릿(추릅) 언니 먹는걸로 대리 만족😍,2024-08-03,sweetshop
6452,sweetshop_2024-08-02,mint0_420,Gs 1차 가 맛있어요 국내산,2024-08-03,sweetshop
6453,sweetshop_2024-08-02,gimyeryun9_1234,그래도 국내산^^;;;,2024-08-02,sweetshop
6454,sweetshop_2024-08-02,dd6_6,@jinajhlee 튱치나 보시져,2024-08-02,sweetshop
6455,sweetshop_2024-08-02,bboni._.bbang,고양이는 어떻게 구하나요????????진짜 급합니다 제가 정말 급해서 그런데 그 고양이 발 꼬순내랑 비릿참치입냄새 어디서 구하나요?????정말 급합니다 연락주세요 제가 간절해서 그럽니다 진짜로 이랗게까지 안하는 사람입니다 진심입니다,2024-08-02,sweetshop
6456,sweetshop_2024-08-02,_________today,이것도 걸러야 겠군요…,2024-08-02,sweetshop
6457,sweetshop_2024-08-02,gimgweonsig70,좋아요 홀수로 받기 1일차 나,2024-08-02,sweetshop
6458,sweetshop_2024-08-01,parksi_yeon0102,음식을 연구해서 재밌는 영상 올려주셔서 감사합니다 앞으로도 재밌는 영상 많이 올려주세요😍,2025-06-08,sweetshop
6459,sweetshop_2024-08-01,re_plet,두바이타르트인가요!!!!!!!????????,2024-10-28,sweetshop
6460,sweetshop_2024-08-01,cajiyu907,댓글70개 마지막에 주인콩(?),2024-09-13,sweetshop
6461,sweetshop_2024-08-01,lee._.yeseok_bjj,처음에 키위인줄 알았어요,2024-09-09,sweetshop
6462,sweetshop_2024-08-01,9u_w4,말을 넘 긔엽게하셔서 극호감,2024-09-07,sweetshop
6463,sweetshop_2024-08-01,rkdfld.co.kr,치아가 너무 예뻐요 이사장님,2024-09-05,sweetshop
6464,sweetshop_2024-08-01,anna.lee.1019,저 디저트에는 별로 관심이 없었는데 말하는게 너무 재밌어서 보다보니 끝까지 봄 ㅋㅋㅋ,2024-09-02,sweetshop
6465,sweetshop_2024-08-01,kim_jung_a01318,이싱해여~~~,2024-09-01,sweetshop
6466,sweetshop_2024-08-01,yoosun_lee,와 이거 짱이다…,2024-08-29,sweetshop
6467,sweetshop_2024-08-01,leeyul7772,이사장님이 내이름 영상에서쓰기 1일차,2024-08-19,sweetshop
6468,sweetshop_2024-08-01,cafe_meomun,@__hy_01_n 피스타치오+화이트초콜릿!!ㅋㅋ,2024-08-09,sweetshop
6469,sweetshop_2024-08-01,hyun123s,우유 마시고싶다,2024-08-08,sweetshop
6470,sweetshop_2024-08-01,j0.eeui,훔칠게요,2024-08-06,sweetshop
6471,sweetshop_2024-08-01,chongchong._.0529,망고젤리 만들어줘!4트,2024-08-05,sweetshop
6472,sweetshop_2024-08-01,yu_nus__k,2개해서 동그랗게 ㅋㅋㅋ,2024-08-04,sweetshop
6473,sweetshop_2024-08-01,kedalob,재료비 20만원 정도가 날라갔다,2024-08-04,sweetshop
6474,sweetshop_2024-08-01,ksunghyun09,팡!(1542),2024-08-04,sweetshop
6475,sweetshop_2024-08-01,yerin4334,맛있겠다..,2024-08-03,sweetshop
6476,sweetshop_2024-08-01,i.yeona,막걸리잔을 틀로 쓴거 천재적이에요!,2024-08-03,sweetshop
6477,sweetshop_2024-08-01,suooerer,피스타치오 반죽안내 카다이프를 너어도 좋을거같아요!,2024-08-02,sweetshop
6478,sweetshop_2024-08-01,gaoonz,@yoosssrr 야 승리야 저 실패작 우리가 만든거랑 똑같은데,2024-08-02,sweetshop
6479,sweetshop_2024-08-01,ubin6936,대왕 키위줄,2024-08-02,sweetshop
6480,sweetshop_2024-08-01,abohouse_,아이디어 대박👍🏻,2024-08-02,sweetshop
6481,sweetshop_2024-08-01,gimgweonsig70,좋아요 홀수로 받기 1일차,2024-08-01,sweetshop
6482,sweetshop_2024-08-01,jyj.115,과자찍어먹으면 맛있겠다,2024-08-01,sweetshop
6483,sweetshop_2024-08-01,__dgrh,누구 닮았나 했더니 푸름언니 닮았오용ᵎᵎᵎ 🍑예쁜얼굴 그렇게 쓰실거면 저 주세오🐙,2024-08-01,sweetshop
6484,sweetshop_2024-08-01,_mmlleook_,하이라이트 '내 인생같잖아?',2024-08-01,sweetshop
6485,sweetshop_2024-08-01,_mmlleook_,그 맛.. 공유하고 싶지 않던가요..?,2024-08-01,sweetshop
6486,sweetshop_2024-08-01,_mmlleook_,와 대박 최고,2024-08-01,sweetshop
6487,sweetshop_2024-08-01,howarryou30,엄청 쫀득해보임,2024-08-01,sweetshop
6488,sweetshop_2024-08-01,chea_min1111,ㅋㅋㅋ 언니는 오늘도 천재♡,2024-08-01,sweetshop
6489,sweetshop_2024-08-01,atugarisan,막걸리잔으로 틀을 활용하실줄이야 ㅋㅋㅋㅋㅋㅋㅋㅋㅋㅋㅋㅋㅋㅋ,2024-08-01,sweetshop
6490,sweetshop_2024-08-01,thsudpfla,"이사쟝님이만드싱거진짜다맛잇어보여요,실제로맛잇겟지만.",2024-08-01,sweetshop
6491,sweetshop_2024-08-01,_miniaeo,맛있겠다,2024-08-01,sweetshop
6492,sweetshop_2024-08-01,mins__83,역시 금손 인정😍 기특하고 대견하고 이뻐서 대신 뽀뽀 😘,2024-08-01,sweetshop
6493,sweetshop_2024-08-01,is.ju684,에그타르트 같아여ㅋㅋ!!오늘도 완전 맛있어 보여요!!😍😍❤️🔥😮😂,2024-08-01,sweetshop
6494,sweetshop_2024-08-01,2017nori,😮❤️❤️❤️오오 실패해도 럭키비키잖아요 맛있어보여요😮😮😮,2024-08-01,sweetshop
6495,sweetshop_2024-07-31,k._.zy11,그래서 나이가...,2024-08-09,sweetshop
6496,sweetshop_2024-07-31,sx.yoe_,@eun_yu03 수영 끝나고 ㄱ?,2024-08-05,sweetshop
6497,sweetshop_2024-07-31,hellotv440,오오 저도 오늘밤 한번 해봐야 겠어용 재밌어보여용 ㅎㅎ 혹시 카메라는 어디쯤 두고 하셨어용? 핸드폰 젖을까봐 걱정되서....ㅎㅎ,2024-08-04,sweetshop
6498,sweetshop_2024-07-31,_s12.xn,언니 너무 귀여워요ㅜㅜㅡ❤️❤️,2024-08-02,sweetshop
6499,sweetshop_2024-07-31,leehaneul0510,초코분수!!!!$!!!!,2024-08-02,sweetshop
6500,sweetshop_2024-07-31,fixedgear_bike_kr,유튜브에서만 봤는데 인스타도 하시는군,2024-08-02,sweetshop
6501,sweetshop_2024-07-31,y_kko.9_m,@92_0102c 하고싶은데?..,2024-08-02,sweetshop
6502,sweetshop_2024-07-31,uouv330,이와중에 너무 이쁘세요,2024-08-01,sweetshop
6503,sweetshop_2024-07-31,ay_havely,@ys_0608v 해줘,2024-08-01,sweetshop
6504,sweetshop_2024-07-31,chea_min1111,와~언니 사랑해!!!!,2024-08-01,sweetshop
6505,sweetshop_2024-07-31,plong_kr,"재밌게 놀고, 투명페트병과 유색페트병을 나눠서 분리배출하면 재활용율이 올라가요👍",2024-08-01,sweetshop
6506,sweetshop_2024-07-31,hyundzzang,@gi_hyun_ 해야되긴하겠다,2024-08-01,sweetshop
6507,sweetshop_2024-07-31,ispe.u3,14빠,2024-07-31,sweetshop
6508,sweetshop_2024-07-31,k._.zy11,그래서 나이가...,2024-08-09,sweetshop
6509,sweetshop_2024-07-31,sx.yoe_,@eun_yu03 수영 끝나고 ㄱ?,2024-08-05,sweetshop
6510,sweetshop_2024-07-31,hellotv440,오오 저도 오늘밤 한번 해봐야 겠어용 재밌어보여용 ㅎㅎ 혹시 카메라는 어디쯤 두고 하셨어용? 핸드폰 젖을까봐 걱정되서....ㅎㅎ,2024-08-04,sweetshop
6511,sweetshop_2024-07-31,_s12.xn,언니 너무 귀여워요ㅜㅜㅡ❤️❤️,2024-08-02,sweetshop
6512,sweetshop_2024-07-31,leehaneul0510,초코분수!!!!$!!!!,2024-08-02,sweetshop
6513,sweetshop_2024-07-31,fixedgear_bike_kr,유튜브에서만 봤는데 인스타도 하시는군,2024-08-02,sweetshop
6514,sweetshop_2024-07-31,y_kko.9_m,@92_0102c 하고싶은데?..,2024-08-02,sweetshop
6515,sweetshop_2024-07-31,uouv330,이와중에 너무 이쁘세요,2024-08-01,sweetshop
6516,sweetshop_2024-07-31,ay_havely,@ys_0608v 해줘,2024-08-01,sweetshop
6517,sweetshop_2024-07-31,chea_min1111,와~언니 사랑해!!!!,2024-08-01,sweetshop
6518,sweetshop_2024-07-31,plong_kr,"재밌게 놀고, 투명페트병과 유색페트병을 나눠서 분리배출하면 재활용율이 올라가요👍",2024-08-01,sweetshop
6519,sweetshop_2024-07-31,hyundzzang,@gi_hyun_ 해야되긴하겠다,2024-08-01,sweetshop
6520,sweetshop_2024-07-31,ispe.u3,14빠,2024-07-31,sweetshop
6521,sweetshop_2024-07-31,_taein11,와ㅏㅏㅏ 예뻐요,2024-07-31,sweetshop
6522,sweetshop_2024-07-31,0782._.l3,목포 쫀디기2일차,2024-07-31,sweetshop
6523,sweetshop_2024-07-31,jinlee0321,저 유치원 우리반 애들이랑 물놀이하면서 이거했는데 선생님만 힘들도라요😂 저런 예쁜영상은 혼자서 즐길때만 나오는거에여ㅋㅋㅋ아님 이사장님이 이쁘신거겠죵. 전 그냥 물에 젖은 생쥐꼴로 나왔어용ㅋㅋ,2024-07-31,sweetshop
6524,sweetshop_2024-07-31,eunseol.06,언니 너뮤 예쁘고 귀여워요,2024-07-31,sweetshop
6525,sweetshop_2024-07-31,joy._.100,이걸로 초콜릿 분수도 만들어 주세요 사장님!!!,2024-07-31,sweetshop
6526,sweetshop_2024-07-31,_______eh__m,아들이랑 2L터짜리로 도전 해볼께여!!!!!!!❤️❤️,2024-07-31,sweetshop
6527,sweetshop_2024-07-31,thsudpfla,헐설마쌩얼이셔요?너무청초미녀ㅠ,2024-07-31,sweetshop
6528,sweetshop_2024-07-31,dotory0521,ㅋㅋㅋㅋㅋㅋ정말하시다니,2024-07-31,sweetshop
6529,sweetshop_2024-07-30,gabin_2087,표정이 귀여우세요용!!,2024-11-24,sweetshop
6530,sweetshop_2024-07-30,hwjoo5,언니 허거 먹는건가용????,2024-08-12,sweetshop
6531,sweetshop_2024-07-30,hohoho_o303,사장님!!!dm에 전분국수 만드는거 보내드렸는데 보고 컨버젼해주시면 안되용???,2024-08-08,sweetshop
6532,sweetshop_2024-07-30,skawkdgh,이모 두드러기 초콜릿 만들어서 재대로만들려고 샀어?,2024-08-08,sweetshop
6533,sweetshop_2024-07-30,daisy.dajeong,앜,2024-08-03,sweetshop
6534,sweetshop_2024-07-30,chea_min1111,아 언니에게 카다이프를 로켓배송 보내고 싶따..(내 마음도❤️),2024-08-02,sweetshop
6535,sweetshop_2024-07-30,yongmin__n,라면 먹어주셈요!,2024-07-31,sweetshop
6536,sweetshop_2024-07-30,20210921hippodurk,저희 지역에 당근으로 파는데 구매해드릴까요??😍,2024-07-31,sweetshop
6537,sweetshop_2024-07-30,hjseo_ul921,젼언니 레시피로 만들어보세용!!,2024-07-31,sweetshop
6538,sweetshop_2024-07-30,parkhyeona,네이버 마켓이스탄불에서 8월7일에 수령 할 수 있는 카다이프면 팔아용 ❤️❤️❤️,2024-07-31,sweetshop
6539,sweetshop_2024-07-30,bpourraple,훠궈 맛있겠어요......,2024-07-31,sweetshop
6540,sweetshop_2024-07-30,happynudi,안녕하세요! 이상한과자가게 사장(?)님! 울 직원이 이상한과자가게 릴스보구 만들수있다는걸 알려줘서 (해외유튜브 레시피들 참고해서) 직접 카다이프 레시피 만들어서 사용했어요!!🤣🤣 덕분에 카다이프 없을때 유용하게 활용했습니다😍 감사의 의미로 제가 카다이프랑 여러 디저트들 같이 보내드리고 싶은데...!! 디엠 확인부탁드려요🙇‍♀️🙇‍♀️❤️ ( 하루에 6시간씩 구워서 사용할정도로 인기많았어요🤣🤣🤣),2024-07-31,sweetshop
6541,sweetshop_2024-07-30,keumdu_0321,저는 직접 만들어서 썼어요..😂,2024-07-30,sweetshop
6542,sweetshop_2024-07-30,ara.byeol_,카다이프 꽤 남았는데 이사장님 드리고 싶어요.. 제 냉동실에 잠자고있어여...,2024-07-30,sweetshop
6543,sweetshop_2024-07-30,_taein11,라면끓여주세요,2024-07-30,sweetshop
6544,sweetshop_2024-07-30,yooxicman,하이디라오 맛있게 드시고 계시면서,2024-07-30,sweetshop
6545,sweetshop_2024-07-30,y_m1mi,뼈 빠지게 만들라는 계시~ 이거 완전 유툽각 럭키사장키❤️,2024-07-30,sweetshop
6546,sweetshop_2024-07-30,thsudpfla,언니가넘좋아서잘보이고시포서꽃단장하고오나봐요ㅠㅠ,2024-07-30,sweetshop
6547,sweetshop_2024-07-30,13.3.29,제가 만들어드릴까요?,2024-07-30,sweetshop
6548,sweetshop_2024-07-30,seyeon162,만들어서 해주세요~~ㅎㅎ,2024-07-30,sweetshop
6549,sweetshop_2024-07-26,yu8xi_13,이사장님 어디갔어여?,2024-08-08,sweetshop
6550,sweetshop_2024-07-26,ga.o13,셀카 못찍는다메…나보다 잘찍어,2024-08-07,sweetshop
6551,sweetshop_2024-07-26,in_se_d,이건 내가 알던 이사장님이 아니야....ㅜ,2024-08-07,sweetshop
6552,sweetshop_2024-07-26,jiji._.yu_jijiji,언니 예뻐요❤️👏,2024-08-07,sweetshop
6553,sweetshop_2024-07-26,13_yeseo.x,이사장님 셀카가 많이 늘었네요 ㅋㅋㅋ,2024-08-03,sweetshop
6554,sweetshop_2024-07-26,sunmin257,오글오글 ㅎㅎ 이뻐용,2024-08-02,sweetshop
6555,sweetshop_2024-07-26,chea_min1111,"언니 넘이쁘자냐, .",2024-08-02,sweetshop
6556,sweetshop_2024-07-26,dayeon0114,온니 왤케 이뽀,2024-07-29,sweetshop
6557,sweetshop_2024-07-26,yeriz0na,아름다워요,2024-07-29,sweetshop
6558,sweetshop_2024-07-26,seo_12hs,"사장님,거짓말 안하고 3번째 사진 눈만 키워서 보면 장원영 닮았어여",2024-07-29,sweetshop
6559,sweetshop_2024-07-26,ys.0e0,사장님 갑자기 왜 셀카에요?,2024-07-28,sweetshop
6560,sweetshop_2024-07-26,odoen_1,아니 이 언니 이상한 표정 지을때도 이뻤는데 안 지으니까 더 조녜네,2024-07-27,sweetshop
6561,sweetshop_2024-07-26,yeonji4268,"오 예쁘데요, 근데 OH MY 뭐 어쩌고저쩌고 요즘에 왜 안 해요?",2024-07-27,sweetshop
6562,sweetshop_2024-07-26,spdlv12,내가.아니고 너 사진 맞잔아 사진 나 남자 아니라고 내폰 보지말라고 나 퐁 아니라고 내 이름 알아서 뭐하게 꺼져 나 저분 아니라고 내 동생 알아서 뭐하게,2024-07-27,sweetshop
6563,sweetshop_2024-07-26,jiyoung63302020,여며,2024-07-27,sweetshop
6564,sweetshop_2024-07-26,apoemof_theday,누나 예뻐요!,2024-07-27,sweetshop
6565,sweetshop_2024-07-26,shin_jioh1107,순간 못 알아봤다,2024-07-27,sweetshop
6566,sweetshop_2024-07-26,jenanejz,언니 바지가 너무 파자마인데요???,2024-07-27,sweetshop
6567,sweetshop_2024-07-26,jyunkkim,"너무 예쁘쟈냐,, 근데 실물이 안담기네요ㅜㅡㅠ",2024-07-26,sweetshop
6568,sweetshop_2024-07-26,y_ennnnnn,이. 언니 왜.케 아름답.냐,2024-07-26,sweetshop
6569,sweetshop_2024-07-26,ld_x_1004,존예,2024-07-26,sweetshop
6570,sweetshop_2024-07-26,jaee._un,누구세요?,2024-07-26,sweetshop
6571,sweetshop_2024-07-26,0hie_27,언니 이뻐요 귀요워요 쏘큐브 러블리!!!!결혼해주ㅛㅔ요,2024-07-26,sweetshop
6572,sweetshop_2024-07-26,joy._.100,텔파와 미키의 조합이라..... 넘 잘어울리는걸.... 이사장만 소화할 수 있는 룩,2024-07-26,sweetshop
6573,sweetshop_2024-07-26,nnbnnp,이사장언니 아이돌같아요,2024-07-26,sweetshop
6574,sweetshop_2024-07-26,binjung_18,예쁘시네요❤️,2024-07-26,sweetshop
6575,sweetshop_2024-07-26,cherry_berry_m,뭔가 쾌걸춘향적 모먼트… 넘 조코💓,2024-07-26,sweetshop
6576,sweetshop_2024-07-26,s.oohj,예뿌다🍬🍬,2024-07-26,sweetshop
6577,sweetshop_2024-07-26,ijiyul4666,역시 이쁜 언니💗💗 언니 그.. 내 프사 언니 사진으로 해두 됄까?.. 언니 너무 이뻐서💗💖,2024-07-26,sweetshop
6578,sweetshop_2024-07-26,bboni._.bbang,당신이 내 에스파다,2024-07-26,sweetshop
6579,sweetshop_2024-07-26,graham.s2,ㅋㅋㅋㅋㅋㅋㅋㅋ언니 상의는 까리한거 입어놓구 바지 넘 기여운 거 아니냐구요~,2024-07-26,sweetshop
6580,sweetshop_2024-07-26,d.d.d.d.d.d.d.b,뭔데 오ㅑ케이쁜데 이사장씨,2024-07-26,sweetshop
6581,sweetshop_2024-07-26,oo_1o_2o,“진정해 김태리”,2024-07-26,sweetshop
6582,sweetshop_2024-07-26,seol_shu,언니 아이브레드벨벳뉴진스에스파아일릿스테이시트와이스같아요,2024-07-26,sweetshop
6583,sweetshop_2024-07-26,_lynnkang,언니 셀카 왤케 잘찍오??넘 귀여워ㅓㅠ,2024-07-26,sweetshop
6584,sweetshop_2024-07-26,_lynnkang,언니 옷 넘 야하자나🫣🙊,2024-07-26,sweetshop
6585,sweetshop_2024-07-26,pinkwing86,누군지몰라서 아이디 보고 이사장님이구나.. 햇어요.. 왜냐면 아이돌처럼 나왓거든여..❤️,2024-07-26,sweetshop
6586,sweetshop_2024-07-26,lovely_ziz,아이돌인중 알았자나여😍😍,2024-07-26,sweetshop
6587,sweetshop_2024-07-26,hpyymonkey,아이돌인줄알앗ㅇ,2024-07-26,sweetshop
6588,sweetshop_2024-07-26,sjmy007,누군가 했네ㅋㅋ😍,2024-07-26,sweetshop
6589,sweetshop_2024-07-26,bellaella_s2,사장님 넘 귀여어여🔥,2024-07-26,sweetshop
6590,sweetshop_2024-07-26,_snowoawoa,머리랑 옷 넘 찰떡이에요 🥹🥴💕🌷💞🎀🍬,2024-07-26,sweetshop
6591,sweetshop_2024-07-26,ganginsug690,1년이 지났으면 먹으면 뒤지는거 아닌가?,2024-09-21,sweetshop
6592,sweetshop_2024-07-26,fixedgear_bike_kr,그걸 드시면 어떡해요??!!!!!,2024-08-02,sweetshop
6593,sweetshop_2024-07-26,0782._.l3,목포 쫀드기...,2024-07-31,sweetshop
6594,sweetshop_2024-07-26,cloud_sch_06,언니 그거 먹고 안 아프셨나요....?😢,2024-07-30,sweetshop
6595,sweetshop_2024-07-26,iwjrnwi,항상 스토리가 있어서 재밌고 좋아요.. 스토리텔링으로 에피소드 만둘어내는게 저랑 비슷하네요🙌,2024-07-27,sweetshop
6596,sweetshop_2024-07-26,bapnyang,진짜.. 삼키신건 아니시죠??ㅠㅠㅠ,2024-07-27,sweetshop
6597,sweetshop_2024-07-26,goldcheesetv,언니 아프지마요,2024-07-26,sweetshop
6598,sweetshop_2024-07-26,ijiyul4666,언니 혹시 저 언니 틱톡 팬계 해도 되나요? 언니한테 반했어용..💝💝,2024-07-26,sweetshop
6599,sweetshop_2024-07-26,r_im04,유튜브 잘 보고있숴요!! 아프지 말고 영상 많이 올려주세요!,2024-07-26,sweetshop
6600,sweetshop_2024-07-26,luce_sicut_stellae12,분자요리도 섭렵!!! 배 아프지마세요~ 😍,2024-07-26,sweetshop
6601,sweetshop_2024-07-25,windsode,치킨너겟같다,2024-07-27,sweetshop
6602,sweetshop_2024-07-25,sengeun4533,그르니까 이게... 그 말로만 듣던 불닭 겁나 복잡하게 먹는 방법이란거져??,2024-07-25,sweetshop
6603,sweetshop_2024-07-25,minheeya_,"쌀로별,.. 인거같은데요🤣",2024-07-25,sweetshop
6604,sweetshop_2024-07-25,ijiyul4666,언니 영상 보니까 까르보불닭 먹고 싶네요ㅠ💗💗,2024-07-25,sweetshop
6605,sweetshop_2024-07-25,lj_no.1,헐..혹시 챗gpt이신가요? 뭘이리 자꾸 뚝딱!술먹고다음날 먹으면왠지 해장각🤗🤗,2024-07-25,sweetshop
6606,sweetshop_2024-07-24,milla__174,크으 오늘 이거다🔥❤️,2025-01-03,sweetshop
6607,sweetshop_2024-07-24,ku._.m1ng,이거 친구랑 만들다가 쌍란 나왔어요 ㅋㅋ,2024-12-29,sweetshop
6608,sweetshop_2024-07-24,re_plet,초코는 사랑입니다앙❤️,2024-10-04,sweetshop
6609,sweetshop_2024-07-24,cajiyu907,오ㅏ보자마자 군침 무엇인가요😍,2024-09-22,sweetshop
6610,sweetshop_2024-07-24,jhs._.sp_nm,그 아이스티 가루 넣어도 돼요?,2024-09-03,sweetshop
6611,sweetshop_2024-07-24,shellyhanshelley,예전에...저렇게 핫케익믹스로 케익 만들려다가 쌈@뽕한 반죽의 자태에 못 참고 그만...호로로록 먹었더랬죠... 그렇게 먹다보니 어느새 반죽만 한그릇 원샷한 상태였음(?) 다행히 그날 배는 안 아팠구.. 내 위장은 머 슈퍼울트라 위장이냐!!!!,2024-08-17,sweetshop
6612,sweetshop_2024-07-24,0.yuxii,핫 케이크 가루 대신 밀가루 같은 거 넣어도 될까요??,2024-08-10,sweetshop
6613,sweetshop_2024-07-24,seungy_u,박력분도 되나요?,2024-08-08,sweetshop
6614,sweetshop_2024-07-24,yuayeong29,초코 진짜좋아하는데 한번 해봐야 겠어여,2024-08-07,sweetshop
6615,sweetshop_2024-07-24,ge_yunhoo11,5분 넘었어요,2024-08-04,sweetshop
6616,sweetshop_2024-07-24,h._.crimmm,@y_g_9_4 환장하겄네,2024-08-04,sweetshop
6617,sweetshop_2024-07-24,sweet_yeonii,핫케이크가루말고 밀가루 돼나요?,2024-08-04,sweetshop
6618,sweetshop_2024-07-24,gochal.er,홍삼에서 뻘하게 터졌네욬ㅋㅋㅋㅋㅋ,2024-07-30,sweetshop
6619,sweetshop_2024-07-24,enuolse.0130.xx,핫초코 써도 되나요?ㅜ,2024-07-27,sweetshop
6620,sweetshop_2024-07-24,hyoin_14,이런 걸 먹고 살안 찌는 언니가 좋겠당❤️,2024-07-27,sweetshop
6621,sweetshop_2024-07-24,mmyuijjj,제티 아줌마가 좋아하겠다,2024-07-27,sweetshop
6622,sweetshop_2024-07-24,hyun._0911,저거 만들어봣는데 존맛임...👏,2024-07-26,sweetshop
6623,sweetshop_2024-07-24,top._.sh1104,제티 모아두신거보고 둥키님인줄...,2024-07-25,sweetshop
6624,sweetshop_2024-07-24,jyg_0302,전자렌즈 돌릴때 비닐 둘러야 하나요?,2024-07-25,sweetshop
6625,sweetshop_2024-07-24,muk__rika,오 ㅋㅋㅋㅋ 해봐야겟👏,2024-07-25,sweetshop
6626,sweetshop_2024-07-24,ha_1jg2,초코 방금 다ㅠ먹었는데ㅔㅠㅠ,2024-07-25,sweetshop
6627,sweetshop_2024-07-24,hxy_u11,중력분 가능 한가여??,2024-07-25,sweetshop
6628,sweetshop_2024-07-24,ijiyul4666,전 이런 털털한 언니의 모습이 좋은 것 같아용💗,2024-07-24,sweetshop
6629,sweetshop_2024-07-24,hxuay.1,우유 말고 물 넣어도 될까여?,2024-07-24,sweetshop
6630,sweetshop_2024-07-24,lj_no.1,요즘 당떨어지는 일 많았는데 좋은 레시치 기묘ㅏ해요~! 엔돌핀도 올리고 조카들 점수도따야겠당😍🙌,2024-07-24,sweetshop
6631,sweetshop_2024-07-24,luce_sicut_stellae12,진짜 표정 귀욤 장인이네요~ 😍,2024-07-24,sweetshop
6632,sweetshop_2024-07-24,eyul849,맛있겠따 😢초코잔뜩 초코빵,2024-07-24,sweetshop
6633,sweetshop_2024-07-23,capt.yu.jw,워.. 마가린에 설탕... 와... 저건 좀.. 아니다..,2025-01-19,sweetshop
6634,sweetshop_2024-07-23,chan.park.14418,@rilla_jj 저번에 보고 그냥지나친가게다,2025-01-08,sweetshop
6635,sweetshop_2024-07-23,bagdongjin908,카드가안되? 음…조만간 세무조사 나가겠군….,2025-01-08,sweetshop
6636,sweetshop_2024-07-23,naarrriiii_,@taemiiiin_ 캭✨,2025-01-05,sweetshop
6637,sweetshop_2024-07-23,muuunori,뜨끈하게 넘 맛있어보여요😍,2025-01-03,sweetshop
6638,sweetshop_2024-07-23,hoon_jin_lee,전 양배추맛밖에 안나던데요..ㅠㅠ,2025-01-02,sweetshop
6639,sweetshop_2024-07-23,gusghek1,위치 어케 찾아야할까요?,2025-01-02,sweetshop
6640,sweetshop_2024-07-23,nangman_loves,영상 시작부터 구라로 시작하네에😂😂😂😂😂😂,2024-12-29,sweetshop
6641,sweetshop_2024-07-23,gamsunggirl.merong,카드 결제가 안 된다는 거????세금을 하나도 안 내고 장사? 해서 돈 버는 건 ... 좀 의 아하네요 ..,2024-12-24,sweetshop
6642,sweetshop_2024-07-23,tough__and__smooth,학교 다닐 때 생각나네 😌,2024-12-21,sweetshop
6643,sweetshop_2024-07-23,25papt,3천원에 저정도면 카드안내는게 맞음 !,2024-12-18,sweetshop
6644,sweetshop_2024-07-23,hyeonju9736,카드 받는순간 가격 올리셔야겠네.,2024-12-07,sweetshop
6645,sweetshop_2024-07-23,yasu0934,이창동 감독님 고향이죠,2024-12-06,sweetshop
6646,sweetshop_2024-07-23,joung_yunjin,옛날 예비군가면 남자친구가 꼭사줬던 토스트...😂😂😂남편미안🤭🤭,2024-12-05,sweetshop
6647,sweetshop_2024-07-23,pyo_seung_chul,헉 창동할매토스트!!!! 대학다닐때 노상에서 파시던 토스트 맨날 학교갈때마다 사먹었었는데 ㅎㅎ 추억이 새록새록!!!,2024-12-01,sweetshop
6648,sweetshop_2024-07-23,ddoeunjang,괴먹고싶다,2024-11-25,sweetshop
6649,sweetshop_2024-07-23,ribinnnn,아 종나 맛도리겠당,2024-11-22,sweetshop
6650,sweetshop_2024-07-23,choi_ssi__,양배추 토스트,2024-11-15,sweetshop
6651,sweetshop_2024-07-23,seulbee,@yujiho0716 다음에 여기 고고 ㅋ,2024-11-14,sweetshop
6652,sweetshop_2024-07-23,2.9kggggg,@seo.woool 우리 먹은 곳!!,2024-11-12,sweetshop
6653,sweetshop_2024-07-23,seungtae.kim.3304,카드ㅜ안돠며뉴무조건 신고,2024-11-11,sweetshop
6654,sweetshop_2024-07-23,seungtae.kim.3304,버터 아님??,2024-11-11,sweetshop
6655,sweetshop_2024-07-23,hee_silver1,조회수도 좋지만 거짓말은 안되요 ㅠㅠ,2024-11-10,sweetshop
6656,sweetshop_2024-07-23,o___o00ooo_____00ol7,설탕토스트 ❤️,2024-11-09,sweetshop
6657,sweetshop_2024-07-23,boo.boo._.boo,설탕 빼달라고하면 빼주세요 ~,2024-11-06,sweetshop
6658,sweetshop_2024-07-23,baghaneul233,아 여기 한번 가야 되는데 창동을 갈 일이 없네 아,2024-11-05,sweetshop
6659,sweetshop_2024-07-23,koosree,@taeyang0128 야 여기 어디냐,2024-11-03,sweetshop
6660,sweetshop_2024-07-23,myohari_,솔직히 보통임 굳이와서 먹을정도는 아님,2024-10-29,sweetshop
6661,sweetshop_2024-07-23,winner5909,전에도 맛있었는데,2024-10-28,sweetshop
6662,sweetshop_2024-07-23,uking95,@k.chae_o 이것도 서울창동 말하는 기가?,2024-10-27,sweetshop
6663,sweetshop_2024-07-23,joseungweon92,제로음룤ㅋㅋㅋㅋㅋㅋㅋㅋ,2024-10-26,sweetshop
6664,sweetshop_2024-07-23,jj2._.s2,채소비싼데😢,2024-10-25,sweetshop
6665,sweetshop_2024-07-23,yeongman7409,설탕안뿌리면저거진짜아무맛도안남,2024-10-12,sweetshop
6666,sweetshop_2024-07-23,cr110_4,@c____jun ㅎh죠,2024-10-11,sweetshop
6667,sweetshop_2024-07-23,e._.sss,@jjjjue__e 너가 원하는 토슽트ㅔ..?,2024-10-09,sweetshop
6668,sweetshop_2024-07-23,na0_0xng,@doyuning._ 헐 창동 토스트으으으으으으ㅇ!???,2024-10-07,sweetshop
6669,sweetshop_2024-07-23,my_turn0825,대구에 신천시장토스트도 저렇습니다 진짜맛있습니다..,2024-10-04,sweetshop
6670,sweetshop_2024-07-23,ggomimzm,저정도가 3000원 넘는게 이상한거 아닌가 가성비란 생각은 1도 안드는데,2024-10-01,sweetshop
6671,sweetshop_2024-07-23,castle__jin__,@hyeonju__2222 으악 ㅜㅜ,2024-09-28,sweetshop
6672,sweetshop_2024-07-23,paullow_me,으잉 이거  전에 있던 그거 맞나?!?,2024-09-28,sweetshop
6673,sweetshop_2024-07-23,conquerno3,혈관경보,2024-09-27,sweetshop
6674,sweetshop_2024-07-23,y000oung,@moai_gym_sanggye 우왕 오빠 이거 아직 있는지 알아? 맛있게땅>_<,2024-09-25,sweetshop
6675,sweetshop_2024-07-23,serln.park,@ss_woo_1008 이거 먹어봤니?,2024-09-22,sweetshop
6676,sweetshop_2024-07-23,yun_ja1309,시장좀 많이 갈걸 ㅠ,2024-09-22,sweetshop
6677,sweetshop_2024-07-23,w4ruru,아 창동시장 건너편 시장에 박리김밥있는데 꼭 먹어보세요 ㅠㅠ 진짜 꿀맛이예요!!,2024-09-22,sweetshop
6678,sweetshop_2024-07-23,2_yoojoo,유투버 맞죠?,2024-09-22,sweetshop
6679,sweetshop_2024-07-23,ttung2,@o_o.yunn 지리..,2024-09-22,sweetshop
6680,sweetshop_2024-07-23,ez2djstay,아무리 맛좋고 가격이 싸고 저렴하다고 하여도 카드결제 가 안되면 조세법 위반입니다,2024-09-17,sweetshop
6681,sweetshop_2024-07-23,_nxxnhee,@sunny_outside._ @dda.__.som 이거 맛있숴.....?너네 아는맛이야??,2024-09-17,sweetshop
6682,sweetshop_2024-07-23,bigcherry1976,병원비가 더나오겠다,2024-09-15,sweetshop
6683,sweetshop_2024-07-23,shuhxn_,@s.binii__ 바로옆인데 저걸 아직도 못먹어봤다니 궁금하댜,2024-09-13,sweetshop
6684,sweetshop_2024-07-23,golden_sang_,ㅋㅋㅋㅋㅋㅋ 맛나겠다 가보고 싶게 만드네요,2024-09-10,sweetshop
6685,sweetshop_2024-07-23,jubong3829,10년전에 외한은행앞에서 할부지할머니가 파셧을때 자주갔는데 그립네요,2024-09-08,sweetshop
6686,sweetshop_2024-07-23,__momogo__,피부좋다용,2024-09-06,sweetshop
6687,sweetshop_2024-07-23,kkongcamp_94,@_claire_sy_ 여기 알오?,2024-09-05,sweetshop
6688,sweetshop_2024-07-23,opalxiry,@h.yunil 창동가면 먹을랭 ㅎ,2024-09-03,sweetshop
6689,sweetshop_2024-07-23,r.mawls,@sarang922222 개맛잇게따 ㅠㅠ,2024-09-03,sweetshop
6690,sweetshop_2024-07-23,solsol.eee,@ji_s__j !!!담에 묵짜아아아,2024-09-03,sweetshop
6691,sweetshop_2024-07-23,flying_ssoju,창동은 잭슨네 곱창이...,2024-09-02,sweetshop
6692,sweetshop_2024-07-23,geonwoo05,와씨 만드는거만 봐도 맛있네.,2024-09-01,sweetshop
6693,sweetshop_2024-07-23,bloved_sujin,@john_taste_ 엊그제.창동다녀오지않았습니까,2024-08-31,sweetshop
6694,sweetshop_2024-07-23,gyeongmin882,@cha_eunyu 맛있겠다ㅜㅠㅜㅠ,2024-08-30,sweetshop
6695,sweetshop_2024-07-23,hhhhhhhhing23,@jinho_0615 우오ㅓ,2024-08-30,sweetshop
6696,sweetshop_2024-07-23,bonanza_bros,"ㅋㅋㅋㅋㅋㅋ 멘트 재미지네요, 잘 보고 갑니대",2024-08-30,sweetshop
6697,sweetshop_2024-07-23,suh_hanoul,아니 가격이고 양이고를 떠나서,2024-08-30,sweetshop
6698,sweetshop_2024-07-23,riseandfall2580,저거 마가린인지 버터인지 너무 궁금하네요;;,2024-08-29,sweetshop
6699,sweetshop_2024-07-23,lm_1125118,포탈....,2024-08-29,sweetshop
6700,sweetshop_2024-07-23,audrey_hyj,이게 어디에 있는 창동인건가요???,2024-08-28,sweetshop
6701,sweetshop_2024-07-23,junseong159,@raffine_ttu 같이가줘!,2024-08-28,sweetshop
6702,sweetshop_2024-07-23,jeongee._.2,@y0ung.age_98 맛나겟다...,2024-08-28,sweetshop
6703,sweetshop_2024-07-23,lina_surlhayool_0813070328,아... 토스트 너무 단거싫은대 설탕 빼 달라해도 빼주실라나,2024-08-28,sweetshop
6704,sweetshop_2024-07-23,y.wjddl_,@b_kyu_choi 먹고싶당..,2024-08-28,sweetshop
6705,sweetshop_2024-07-23,panta.ddp,마가린 🔥 설탕 🔥 내몸은 🔥🔥🔥,2024-08-27,sweetshop
6706,sweetshop_2024-07-23,lee_ji_suk_,@k_my_27 나도..,2024-08-26,sweetshop
6707,sweetshop_2024-07-23,minddubob,@pockynj 우리 목포 갈때 먹었던건가??,2024-08-26,sweetshop
6708,sweetshop_2024-07-23,fleurbleue.813,@prkseason 나아랑 이거 먹으러 가쟈,2024-08-25,sweetshop
6709,sweetshop_2024-07-23,so_jeong_98,@han._.ee__ 나는 수유 길거리 토스트도 맛잇더라,2024-08-25,sweetshop
6710,sweetshop_2024-07-23,hyevviness_,양배추를 저만큼 먹으니 설탕을 저만큼 먹어도 괜찮을거같은데요?ㅋㅋㅋㅋㅋ,2024-08-25,sweetshop
6711,sweetshop_2024-07-23,0503kg,@o5__lo 미안한데 왜 나 여기 안 데리고 갔어..?,2024-08-24,sweetshop
6712,sweetshop_2024-07-23,ulsanplanet_1,크 이건 못참죠😍 마싯게따😥,2024-08-23,sweetshop
6713,sweetshop_2024-07-21,naeun.choi14,사진잘찍으셨어요👏,2024-08-15,sweetshop
6714,sweetshop_2024-07-21,chea_min1111,귀여워요♡,2024-08-01,sweetshop
6715,sweetshop_2024-07-21,suhau_620,언니 너무 이쁘다 ㅎㅎ,2024-07-24,sweetshop
6716,sweetshop_2024-07-21,ijiyul4666,언니 저 던니 팬계 틱톡으로 해도 될까요?..,2024-07-24,sweetshop
6717,sweetshop_2024-07-21,y_m1mi,언니 너무 가깝게 찍으면 왜곡 심해영 차라리 멀리서 (상반샷 찍는다는 느낌으로) 확대해서 찍기 추천!,2024-07-23,sweetshop
6718,sweetshop_2024-07-21,jeongchunsa,이쁜얼굴을 왜이렇게써요ㅠㅠㅠ,2024-07-23,sweetshop
6719,sweetshop_2024-07-21,s.xn0e3_,처음 거 빨때가 잘안보여가지고..주스 뱉는 줄 알았다..,2024-07-22,sweetshop
6720,sweetshop_2024-07-21,is.ju684,마지막 진짜 잘나왔어여!!!!,2024-07-22,sweetshop
6721,sweetshop_2024-07-21,heejung3598,갬성있어용👍,2024-07-22,sweetshop
6722,sweetshop_2024-07-21,amberinmusic,이뻐요 😍😂,2024-07-22,sweetshop
6723,sweetshop_2024-07-21,seohee121219,언니 겁나 이뻐요❤️❤️,2024-07-21,sweetshop
6724,sweetshop_2024-07-21,fit.the.size,셀카 재밌네요,2024-07-21,sweetshop
6725,sweetshop_2024-07-21,sgm_xwiko,흠.. 분명 이뻐.. 근데뭔가.... 흠..,2024-07-21,sweetshop
6726,sweetshop_2024-07-21,eunyu0522,운니 난 개인적 으로 마지막이 젤 이쁨😍,2024-07-21,sweetshop
6727,sweetshop_2024-07-21,npng.ain,너어무 사랑스러워요~~!!!!! 🤍🤍🤍😁😁,2024-07-21,sweetshop
6728,sweetshop_2024-07-21,lmk.0417,언니 혹시 나이가 몇이에요?😮😮😮,2024-07-21,sweetshop
6729,sweetshop_2024-07-21,noexizxx,"이사장 언니,,,,, 아니 미모 무슨일이예요,,,, 나 진찌 언니랑 손 붙잡고 과자나라 만들고파요,,, 사랑해요 언니,,,,🥹❤️❤️",2024-07-21,sweetshop
6730,sweetshop_2024-07-21,jeon_unni_,세젤귀😍😍😍😍😍,2024-07-21,sweetshop
6731,sweetshop_2024-07-21,minimin._.k,마지막 넘 귀여버요 ... 🫶,2024-07-21,sweetshop
6732,sweetshop_2024-07-21,wlwlwlwlwlgl,미안해..이건..나도 반박 못 할거같아 ..,2024-07-21,sweetshop
6733,sweetshop_2024-07-21,haetalmutalsotal,예쁘니까 간절함이 없지 ㅡㅡ,2024-07-21,sweetshop
6734,sweetshop_2024-07-21,justapeeker_,사진을 찍었다 보단 찍혔다에 가까운 넉김....그래도 너무 귀여워요 이사장님🥺💛,2024-07-21,sweetshop
6735,sweetshop_2024-07-21,hyedada_baking,원래 예쁜 사람들은 셀카 소중한걸 모르더라구요..💗,2024-07-21,sweetshop
6736,sweetshop_2024-07-21,play_eat_goe,ㅋㅋㅋㅋㅋㅋㅋㅋ 그래도 이사장 사진은 맨 마지막 잇몸 플러팅이 짱이야 👏👏👏👏👏,2024-07-21,sweetshop
6737,sweetshop_2024-07-21,hpyj92,진짜 진찌 이뿌다…,2024-07-21,sweetshop
6738,sweetshop_2024-07-21,be_hayoung,립 정보 궁그매요 … 🔥 넘 옙흐잖아요 …,2024-07-21,sweetshop
6739,sweetshop_2024-07-21,seungribaek_,오오 전보다 훠얼씬 이쁘게 나오셨어요 대박,2024-07-21,sweetshop
6740,sweetshop_2024-07-21,hyxx._.ju,언니는 아무렇게 찍어도 다 예쁘고 귀여우신데요ㅠㅠ,2024-07-21,sweetshop
6741,sweetshop_2024-07-21,s.oohj,살짝 가까워졌다가 마스크에서 한 발자국 다시 멀어지기,2024-07-21,sweetshop
6742,sweetshop_2024-07-21,kellyfornia_c,농협은행❤️❤️,2024-07-21,sweetshop
6743,sweetshop_2024-07-21,koo0_90,귀여워요. 예뻐요.,2024-07-21,sweetshop
6744,sweetshop_2024-07-17,seraphim_nakyung,디저트 맛있어 보요 저장,2024-10-09,sweetshop
6745,sweetshop_2024-07-17,chea_min1111,맛있겠다!!,2024-08-11,sweetshop
6746,sweetshop_2024-07-17,j___su0,몇분 구워여?,2024-08-08,sweetshop
6747,sweetshop_2024-07-17,yuayeong29,치즈는더 많이 넣으는거 더 맛있어요!!,2024-08-07,sweetshop
6748,sweetshop_2024-07-17,ijiyul4666,언니 저 언니 틱톡 팬계 가능할까요?ㅠ,2024-07-24,sweetshop
6749,sweetshop_2024-07-17,dotori557,오므라이스만들어주세요,2024-07-21,sweetshop
6750,sweetshop_2024-07-17,minimanimo95,저거 만들어봤는데 저는 진하게 먹고싶어서 치즈 몽땅 때려넣고 소금도 좀 넣고 해서 만들었더니 달콤 짭짜름하면서 치즈맛이 진하게 나니 맛나더라구여~ 치증20장은 넘게 넣은거 같은데ㅎㅋㅋ,2024-07-17,sweetshop
6751,sweetshop_2024-07-17,byul_satang.star_candy,맛있어보여요❤️ 츄베릅,2024-07-17,sweetshop
6752,sweetshop_2024-07-17,lj_no.1,우와..금손👍 맛있겠네요. 첫도전 만족하지못했을때의 이사장님 표정은 톰과제리 톰 같았어요. Sad eyes🥹. 오늘도 맛있게 잘봤어용,2024-07-17,sweetshop
6753,sweetshop_2024-07-17,luce_sicut_stellae12,오븐 장갑 없어서 옷소매로 잡고 있다니......,2024-07-17,sweetshop
6754,sweetshop_2024-07-17,_mmlleook_,실패작 제가 먹으면 안되나요??,2024-07-17,sweetshop
6755,sweetshop_2024-07-17,pinkwing86,실패한게 더 맛잇으면 그거슨 실패가 아니고 이사장님의 또다른 창작물인거쥬🧀🧀🧀🧀🧀,2024-07-17,sweetshop
6756,sweetshop_2024-07-17,play_eat_goe,이사장이 만든게 맛이 없을수가 없디 ㅋㅋㅋㅋㅋㅋ 원래 그런거로 합시다,2024-07-17,sweetshop
6757,sweetshop_2024-07-11,kkeen_ceo,ㅎㅎㅎ 연기파,2024-07-16,sweetshop
6758,sweetshop_2024-07-11,kimria1206,언니 저희학교에 텃밭있어서 해봤는데 깔@쌈하게 잘 됐지뭐야!,2024-07-14,sweetshop
6759,sweetshop_2024-07-11,maybee79__,이사장 20년뒤 모습 재현 ㅋㅋ,2024-07-13,sweetshop
6760,sweetshop_2024-07-11,hoon_pyo,저희 딸이 좋아하는 이사장님👍😊 상추가 저렇게까지 큰건 처음 봅니다😂,2024-07-12,sweetshop
6761,sweetshop_2024-07-11,jdkyu.767,이사장님 선업튀 김혜윤배우님 닮아쒀요😍❤️ 저만 닮았다 생각하는건가요 하핳ㅎㅎㅎ,2024-07-11,sweetshop
6762,sweetshop_2024-07-11,ggomagom85,아이고~~ 이사장댁! 앞에 그렇게 없는거 입으믄 햇빛에 다 그슬려~~,2024-07-11,sweetshop
6763,sweetshop_2024-07-11,rnskgus_13,이사장님 연기 넘 잘해요ㅠㅠㅋㅋㅋㅋㅋㅋㅋㅋ,2024-07-11,sweetshop
6764,sweetshop_2024-07-11,meaning_amy,ㅋㅋㅋㅋㅋㅋㅋㅋㅋㅋㅋ엄마한테 혼나는거 아냐?? 😍,2024-07-11,sweetshop
6765,sweetshop_2024-07-11,bsw._.1103,캬~~~악.. 퉤 ㅎㅎㅎㅎㅎ 귀여워😂,2024-07-11,sweetshop
6766,sweetshop_2024-07-11,yooasdxcv,짜겠는디.,2024-07-11,sweetshop
6767,sweetshop_2024-07-11,minheeya_,@ggo923 오. 상추 저렇게 원스탑으로 뜯기라니😂,2024-07-11,sweetshop
6768,sweetshop_2024-07-11,kms_miseon,오~~ 저 상추대는 그 귀하다는 국산 궁채..? 볶아서 먹으면 맛나겠다,2024-07-11,sweetshop
6769,sweetshop_2024-07-11,jioh1107,쌈장 맛있게 먹는 법 아님?,2024-07-11,sweetshop
6770,sweetshop_2024-07-11,chocohi7,상추먹다 뱉엇다고 어머니께 혼나실것같은...ㅋㅋㅋ상추는 작을수록 고소하고 맛잇죠🥰,2024-07-11,sweetshop
6771,sweetshop_2024-07-09,dah_xy1,연어사서 대왕연어초밥만들어줘 이쁜언니❤️❤️❤️,2025-01-01,sweetshop
6772,sweetshop_2024-07-09,kimminju196,언니 이미 예뻐,2024-12-29,sweetshop
6773,sweetshop_2024-07-09,lee_suhyun_0825,언니야 예뻐요❤️❤️❤️❤️,2024-12-06,sweetshop
6774,sweetshop_2024-07-09,yejun._.716,하나빼먹었어요 계란노른자,2024-11-30,sweetshop
6775,sweetshop_2024-07-09,seocaeyun51,언니이뻐요,2024-11-24,sweetshop
6776,sweetshop_2024-07-09,shark_7327,아쩌거 그거내 이사장부계네(?),2024-11-15,sweetshop
6777,sweetshop_2024-07-09,kimgh0591,예쁘긴 해,2024-11-13,sweetshop
6778,sweetshop_2024-07-09,o_ny0524,이사장님은 이쁘신데 쪼끔 진짜 쪼금만 화장법 고치면 ㄱㅐ 이쁠듯,2024-11-11,sweetshop
6779,sweetshop_2024-07-09,so_o.yeo_n,@_bubble_cat_ 여기 비비 있다,2024-10-23,sweetshop
6780,sweetshop_2024-07-09,sse.0624,언니 이뻐요!!!❤️,2024-10-12,sweetshop
6781,sweetshop_2024-07-09,edao_oo,@rnemf97 인스타 또 우리 염탐한다ㅡㅡ!,2024-10-04,sweetshop
6782,sweetshop_2024-07-09,dohe_e7942,나도 언니 미역국수(?) 만들어주면 예쁜언니야라고 불러줄께!,2024-09-27,sweetshop
6783,sweetshop_2024-07-09,b.x_na1,근데 이사장님은 뭘 해듀 예뻐용😻,2024-09-26,sweetshop
6784,sweetshop_2024-07-09,yeoni0.j,근데 언니 이쁜데?,2024-09-26,sweetshop
6785,sweetshop_2024-07-09,xm.gk0zxustj,우리 이쁜 이사장 언니,2024-09-16,sweetshop
6786,sweetshop_2024-07-09,m00neyan,@wooong92 이거야,2024-09-11,sweetshop
6787,sweetshop_2024-07-09,hx.ji21,언니 연어국수 안 먹어도 예뻐 !,2024-09-06,sweetshop
6788,sweetshop_2024-07-09,dh04_30,언니는 그런거 안해두 이뻐여❤️❤️❤️,2024-09-04,sweetshop
6789,sweetshop_2024-07-09,hx.xns_,아보카도 까자,2024-09-01,sweetshop
6790,sweetshop_2024-07-09,x_ostel,@mimimieunn 해줘,2024-08-29,sweetshop
6791,sweetshop_2024-07-09,nameunji670,연어가 그렇게 맛있고 귀하다던데 학생들 많은 학교에서 전교생한테 연어스테이크 뿌려버리는 우리 학교는 과연 좋은 곳일까요?!,2024-08-28,sweetshop
6792,sweetshop_2024-07-09,iamseohong,존나 맛있겠다,2024-08-28,sweetshop
6793,sweetshop_2024-07-09,h_p_y._,연어는 사랑이에요 ..💗,2024-08-19,sweetshop
6794,sweetshop_2024-07-09,baejuweon46,제 동생이 옆에서무섭데요,2024-08-18,sweetshop
6795,sweetshop_2024-07-09,mukasabianse,@hae_li_ 해리씨세요?,2024-08-14,sweetshop
6796,sweetshop_2024-07-09,minbly_s2,@jjom_jeong 땅이 납치당함 공슴경보,2024-08-08,sweetshop
6797,sweetshop_2024-07-09,yuayeong29,이사장님은 원래예쁜데..,2024-08-07,sweetshop
6798,sweetshop_2024-07-09,cx1.onn,언니는 걈 예뻐❤️❤️❤️,2024-08-06,sweetshop
6799,sweetshop_2024-07-09,ar.iney_,사장님 이뻐요!,2024-08-05,sweetshop
6800,sweetshop_2024-07-09,goldcheesetv,언니 사랑해요,2024-07-29,sweetshop
6801,sweetshop_2024-07-09,eiei_elel,우.와. 예.쁘.다. 하.하.하........,2024-07-23,sweetshop
6802,sweetshop_2024-07-09,kimjaebong8344,입에서 침돌아요~,2024-07-23,sweetshop
6803,sweetshop_2024-07-09,somin_0820,언니,2024-07-15,sweetshop
6804,sweetshop_2024-07-09,s0.b1n__,연어국수 세트 잇는데여요여,2024-07-15,sweetshop
6805,sweetshop_2024-07-09,cong_dayool,저진~~~~~짜언니팬이에요,2024-07-14,sweetshop
6806,sweetshop_2024-07-09,ye_eun4484,이미 예뻐요❤️ 이사장님이 가장예뻐 누가 못생겼다하는 내눈에는 예쁘다구엿!!!😍,2024-07-13,sweetshop
6807,sweetshop_2024-07-09,sooyeon847,언니 이쁘신데 연어 먹고싶어서 만든거죠?😍,2024-07-12,sweetshop
6808,sweetshop_2024-07-09,vye_seis,연어국수가 이쁘다..,2024-07-12,sweetshop
6809,sweetshop_2024-07-09,yoon_ji.k,@jin_hoon.j 해죠,2024-07-12,sweetshop
6810,sweetshop_2024-07-09,jixhyunn,@lisa_in_melb 연어만 보면 생각나는 연어메이트...🥹,2024-07-11,sweetshop
6811,sweetshop_2024-07-09,baeugyeong54,요리잘한다고해줄게,2024-07-11,sweetshop
6812,sweetshop_2024-07-09,baeugyeong54,요즘유행하는두바이초콜릿만드면,2024-07-11,sweetshop
6813,sweetshop_2024-07-09,joinu2010,저도 먹고 싶어요 넘 맛있어 보여요,2024-07-11,sweetshop
6814,sweetshop_2024-07-09,j_seo_626,카다이프로 치킨 만들어주세요!!,2024-07-11,sweetshop
6815,sweetshop_2024-07-09,g.xen7,제발 다시마젤리!!!!!,2024-07-10,sweetshop
6816,sweetshop_2024-07-09,s_mj1103,이상한짓만 안하시면 원래 이뻐요,2024-07-10,sweetshop
6817,sweetshop_2024-07-09,o_sy._1118,거짓말 못해도 너무 이쁜 이사장님ㅋㅋ😍,2024-07-10,sweetshop
6818,sweetshop_2024-07-09,guruminsta,이모 웃겨요,2024-07-10,sweetshop
6819,sweetshop_2024-07-09,oivwwo,@yeon._.ho18 연허!!,2024-07-10,sweetshop
6820,sweetshop_2024-07-09,jisihun,언니 예뻐,2024-07-10,sweetshop
6821,sweetshop_2024-07-09,overloverclover,예뻐요,2024-07-10,sweetshop
6822,sweetshop_2024-07-09,uouv330,이뻐요 이뻐요,2024-07-10,sweetshop
6823,sweetshop_2024-07-09,dan_jae_,이사장 너무 이쁜데 솔직히 이 시간에 글 올리는건 반칙 ㅋㅋㅋㅋㅋㅋ 그나저나 너무 맛있겠다,2024-07-09,sweetshop
6824,sweetshop_2024-07-09,eun.park.ji,저도용 먹고싶네용😍,2024-07-09,sweetshop
6825,sweetshop_2024-07-09,minheeya_,하..배고파요...😢,2024-07-09,sweetshop
6826,sweetshop_2024-07-09,joy._.100,솔직히 이사장님 연어 국수 없어도 예쁘긴 한듯,2024-07-09,sweetshop
6827,sweetshop_2024-07-09,zzanghyena,인스타에는 일부러 늦게 올리시나요??,2024-07-09,sweetshop
6828,sweetshop_2024-07-07,yeuun_09,왜 지금 떠,2024-10-04,sweetshop
6829,sweetshop_2024-07-07,ji3yu_,엇 유진이 포카 안 받으셧어요..,2024-10-04,sweetshop
6830,sweetshop_2024-07-07,isuye47,진짜돈을주는건가요?,2024-08-14,sweetshop
6831,sweetshop_2024-07-07,hyessi3,부산에 없나요..ㅠㅠ,2024-08-13,sweetshop
6832,sweetshop_2024-07-07,goryeojin68,@serinjeong53여기여기 ㄹㅇ 찐으로 꼬옥 !!!가야해 가야해,2024-07-19,sweetshop
6833,sweetshop_2024-07-07,yeonsz_,@xoxo_8w8 성수 탐난다 ..,2024-07-14,sweetshop
6834,sweetshop_2024-07-07,b.m.k.1990,@cheeze.toy ㅜㅜ와재밌겠다,2024-07-13,sweetshop
6835,sweetshop_2024-07-07,yoon_2dn,진짜 돈 주는거에요?,2024-07-12,sweetshop
6836,sweetshop_2024-07-07,mmmmh_jjj,@yu.sojeong 여기가 가고싶다던 곳이야?,2024-07-11,sweetshop
6837,sweetshop_2024-07-07,13_yerang,어머 유진아,2024-07-11,sweetshop
6838,sweetshop_2024-07-07,yeonji4268,진짜 너무무무무무누우우우ㅜ 가고 싶다,2024-07-10,sweetshop
6839,sweetshop_2024-07-07,_y9.xil_,아니 진짜로 입금 돼는거?,2024-07-10,sweetshop
6840,sweetshop_2024-07-07,kkung_hae2,@climbing_ggyu 가보고시퍼,2024-07-10,sweetshop
6841,sweetshop_2024-07-07,ch_ywin,안경쓴거 죤예ㅔ❤️❤️,2024-07-10,sweetshop
6842,sweetshop_2024-07-07,sshy_y,하나은행💚💚💚,2024-07-10,sweetshop
6843,sweetshop_2024-07-07,im_t__b_st,이사장님 안경 어디꺼에요!!,2024-07-10,sweetshop
6844,sweetshop_2024-07-07,thenaivekid.x_x,@kk.xx.woo 가고시프다 재밌을것가테🔥,2024-07-10,sweetshop
6845,sweetshop_2024-07-07,bo_nny_24,약간 찰리와 초콜릿공장 너낌..,2024-07-10,sweetshop
6846,sweetshop_2024-07-07,ye_doong2,@97_e_ju 이런거 최이주랑 뿌수고 다녀야하는데ㅠㅠㅠㅠ,2024-07-10,sweetshop
6847,sweetshop_2024-07-07,soolim_1212,@olive_jjapaghetti 여기여기여기,2024-07-10,sweetshop
6848,sweetshop_2024-07-07,kamellkacu_,아..팝콘가짜구낭 ㅎㅎ,2024-07-10,sweetshop
6849,sweetshop_2024-07-07,imamberjeon,@yo._.ey 우린 왜 디져트안줬냐…? 어이없네 ㅋㅋ 그 촬영때매 늦어져서 그런건가..?,2024-07-09,sweetshop
6850,sweetshop_2024-07-07,snowflower.729,@a_r_i.07 재밋겠당,2024-07-09,sweetshop
6851,sweetshop_2024-07-07,jmk._.0913,@yena._0915 @g._.aon12 달달카페 ...ㅋ,2024-07-09,sweetshop
6852,sweetshop_2024-07-07,lieto._.hee,@clary.____ 재미있겠당!!,2024-07-09,sweetshop
6853,sweetshop_2024-07-07,_eun_98,가고싶다,2024-07-09,sweetshop
6854,sweetshop_2024-07-07,dxxe2_,부산에도 와주세요😢😢,2024-07-09,sweetshop
6855,sweetshop_2024-07-07,s_mini2_,@kimyunha0627 성수달달팩토리가보고싶군,2024-07-09,sweetshop
6856,sweetshop_2024-07-07,tojyaa_06,찐돈이에요..?,2024-07-09,sweetshop
6857,sweetshop_2024-07-07,lim0__0_,@stu_some__ 데미소다 이어서 여기인가,2024-07-09,sweetshop
6858,sweetshop_2024-07-07,hand__yejung,가고싶다,2024-07-09,sweetshop
6859,sweetshop_2024-07-07,g.aquariu,@ye_se0ul 아니 너무 재밌겠내,2024-07-09,sweetshop
6860,sweetshop_2024-07-07,n13ye0n,많이 이쁜데여?,2024-07-09,sweetshop
6861,sweetshop_2024-07-07,flossyxsavage,무슨 은행 팝업을 이렇게 귀염뽀작하게 하다니 가고 싶게,2024-07-09,sweetshop
6862,sweetshop_2024-07-07,eunbin.anne_,이번주토요일에 갈려고 예약했는데 기대되요!!ㅎㅎ,2024-07-09,sweetshop
6863,sweetshop_2024-07-07,l.hyuna_96,@96_something 갈생각있?,2024-07-09,sweetshop
6864,sweetshop_2024-07-07,m_j0207,@lv__jin 가보자!,2024-07-08,sweetshop
6865,sweetshop_2024-07-07,seo._heo,왤캐이쁨,2024-07-08,sweetshop
6866,sweetshop_2024-07-07,xoalsdc,김기의 스윗이스케이프가 생각나는군  인생 첫 출근이였지,2024-07-08,sweetshop
6867,sweetshop_2024-07-07,coehansol174,돈은진짜받으신건가요,2024-07-08,sweetshop
6868,sweetshop_2024-07-07,m_y_tmi_,@hw_0125 ㅠㅠㅠㅠ재밌겠다,2024-07-08,sweetshop
6869,sweetshop_2024-07-07,jaee._un,아니 뒤에 배경 언니에요?,2024-07-07,sweetshop
6870,sweetshop_2024-07-07,hey.soing,안경어디꺼예요? 예쁘다!!잘어울려요😍,2024-07-07,sweetshop
6871,sweetshop_2024-07-07,_mmlleook_,오 재밌고 넘 좋네요 곧 사람 북적이겠,2024-07-07,sweetshop
6872,sweetshop_2024-07-07,eyul849,오출완 귀여워 ㅋㅋㅋ,2024-07-07,sweetshop
6873,sweetshop_2024-07-07,juhanyul8,댓이 없네...(2ㅃ),2024-07-07,sweetshop
6874,sweetshop_2024-07-07,7c_m1n,딱기다려랏!🔥,2024-07-07,sweetshop
6875,sweetshop_2024-07-05,hey._.rim1115,온니 온니 나랑 결혼해서 이거 매~~~~일 만들어주어어어어어,2024-11-01,sweetshop
6876,sweetshop_2024-07-05,_seaeu,이거마이쮸로해주세여😍,2024-09-15,sweetshop
6877,sweetshop_2024-07-05,leeyul7772,이 사장님 팬이예여,2024-08-18,sweetshop
6878,sweetshop_2024-07-05,ijiyul4666,언니한테 요리 배워보고 싶네요ㅠ,2024-07-24,sweetshop
6879,sweetshop_2024-07-05,j___soo_kyoung._.91,옛날 문방구 본드 ㅋㅋㅋㅋㅋㅋㅋ아이디어대박ㅋㅋㅋ🔥,2024-07-13,sweetshop
6880,sweetshop_2024-07-05,freesia._.v,이거 마이쭈로 가능하데요,2024-07-13,sweetshop
6881,sweetshop_2024-07-05,_hx.vk,저 내일 생일인데 축하해주세요,2024-07-11,sweetshop
6882,sweetshop_2024-07-05,seoul_without_l,@j.geonhui ㅋㅋ 눈정화하고 다시 줏으러가셈,2024-07-09,sweetshop
6883,sweetshop_2024-07-05,o0oju,아이디어 대박👏👏,2024-07-07,sweetshop
6884,sweetshop_2024-07-05,moon._.jh12,이거 국방부가 보면 어캄?,2024-07-07,sweetshop
6885,sweetshop_2024-07-05,jhj_jhj_jhj_jhj_jhj_jhj,저거 포르폴리스 몽스캔디 허니 레몬맛 일텐데 존맛이에요 진짜루 커다란거 한봉지 사서 거의 혼자 다먹은ㅋㅋ(친구들만 나눠주고 사준 부모님 안주고(사온거 뺏어서 다멱음) 진짜로 맛있거요 몽스캔디 치면 나오는데 박하도 맛있고 레몬(허니레몬)도 맛있는데 전 레몬이 좀더 취향♡♡ 참고로 전 제주도 캔디만드는 곳 가서 샀어요,2024-07-05,sweetshop
6886,sweetshop_2024-07-05,ey_sj_s2,아밀라제 풍선 아닌가요... 🤣,2024-07-05,sweetshop
6887,sweetshop_2024-07-05,yeseon_kate_kim,앜ㅋㅋㅌㅋㅋㅋㅋㅋㅋㅋㅋㅋㅋㅋ,2024-07-05,sweetshop
6888,sweetshop_2024-07-05,pm4m1,아니 진짜 천재 아녜욥???? 이사장님이랑 결혼해야겟다 -.-,2024-07-05,sweetshop
6889,sweetshop_2024-07-05,lj_no.1,북한은 오물풍선. 대한민국 이사장님은 보물풍선~!🥳👍🤗,2024-07-05,sweetshop
6890,sweetshop_2024-07-04,yunji_93,쌀을 냉장고 에 넣음?,2024-11-03,sweetshop
6891,sweetshop_2024-07-04,k._.zy11,처음에 나온 인스타 영상 링크나 아이디 알고 계신가요..?,2024-08-09,sweetshop
6892,sweetshop_2024-07-04,msmp1014,아씨 개웃ㅋㅋㅋㅋㅋㅋㅋㅋㅋ다시마국물ㅋㅋㅋ,2024-07-28,sweetshop
6893,sweetshop_2024-07-04,ddoa_7419,염색하셨어요??,2024-07-05,sweetshop
6894,sweetshop_2024-07-04,koweonyoung,와….👍🏻👍🏻👍🏻,2024-07-04,sweetshop
6895,sweetshop_2024-07-04,s.xoob_n73,기름밥 고소하고 맛있음...,2024-07-04,sweetshop
6896,sweetshop_2024-07-04,joyful_thanksful,55주좋아요 1개답글 달기,2024-07-04,sweetshop
6897,sweetshop_2024-07-04,woon_hakkk,밥을 눌러..?,2024-07-04,sweetshop
6898,sweetshop_2024-07-04,x.sun_g,김은 어디서?.........,2024-07-04,sweetshop
6899,sweetshop_2024-07-04,ddanyangtaehyi,계란찜인줄..,2024-07-04,sweetshop
6900,sweetshop_2024-06-27,werla7731,미역줄기 아님?,2024-12-21,sweetshop
6901,sweetshop_2024-06-27,dbrud602,한국말 ㅐ로 발음하는걸 중국은 ㅏ ㅣ 로 발음한다고해요 ㅋ,2024-09-21,sweetshop
6902,sweetshop_2024-06-27,ja0_0peach,궁채,2024-08-19,sweetshop
6903,sweetshop_2024-06-27,kyj8710,궁채 맛난데,2024-08-10,sweetshop
6904,sweetshop_2024-06-27,dong_hun_hwang,짭쫄하게 들기름에 볶아서 들깨가루 뿌려서 삼겹살하고 같이 먹어도 기막힘!,2024-08-10,sweetshop
6905,sweetshop_2024-06-27,_lhawny,@sbjohn6810 백숙 그거다 ㅎ,2024-08-06,sweetshop
6906,sweetshop_2024-06-27,starwberrq,상추줄기 아니에요…? 한식 음식점에서 밑반찬으로 자주 나오는데,2024-08-03,sweetshop
6907,sweetshop_2024-06-27,ieunmi432,연줄기라고하는데 한번 먹어보고 반해 한달동안 먹었어요 연줄기 궁채라 하더라구요 식감이 오독오독 진짜맛남 갠적으로 들깨가루로 하면 꼬숩고 젤 맛내여,2024-08-01,sweetshop
6908,sweetshop_2024-06-27,p.s_kyung01,"오 국채나물 맞아요 이거, 우리 집 냉장고 도 있어는데😂",2024-08-01,sweetshop
6909,sweetshop_2024-06-27,e.sjinn,요고 장아찌해서 고기랑먹움 맛있어요,2024-07-30,sweetshop
6910,sweetshop_2024-06-27,kwon_1107,궁채 반찬으로 많이 먹는데 식감도 좋고 진짜 맛나요😍,2024-07-30,sweetshop
6911,sweetshop_2024-06-27,ninirini_409,궁채맞네,2024-07-28,sweetshop
6912,sweetshop_2024-06-27,x.dear,@mangoxxvi 혬찌의 요즘 최애,2024-07-27,sweetshop
6913,sweetshop_2024-06-27,na227_,궁채는 짱아찌쥥,2024-07-27,sweetshop
6914,sweetshop_2024-06-27,twobokmommy,엥 궁채 장아찌 진짜 맛있어요!!! 주문은 @__gumbbangne 여기로주세용 이집 궁채 장아찌 진짜 맛나요!!!,2024-07-27,sweetshop
6915,sweetshop_2024-06-27,kalan0501._.k,"이거 한국도 많이 먹는건데용, 궁채입니다.ㅎ",2024-07-26,sweetshop
6916,sweetshop_2024-06-27,our0702,궁채장아찌 존맛탱구리,2024-07-24,sweetshop
6917,sweetshop_2024-06-27,dlsdudduddls,반찬으로 밥이랑 먹으면 밥도둑,2024-07-21,sweetshop
6918,sweetshop_2024-06-27,da_haekk,"궁채,상추대",2024-07-17,sweetshop
6919,sweetshop_2024-06-27,__.hahhby.__,궁채 존맛인데,2024-07-17,sweetshop
6920,sweetshop_2024-06-27,mozzi_0513,맛난건데.. 직장 동료들은... 풍선맛이난다는...😂😂,2024-07-13,sweetshop
6921,sweetshop_2024-06-27,kr._.yijxn09,궁채! 둘깨로 무치면 나 진짜 일주일내내 그반찬만 먹기가능 ㅋㅋㅋㅋ,2024-07-12,sweetshop
6922,sweetshop_2024-06-27,e_hansol,상추줄기 궁채 존맛탱구리,2024-07-12,sweetshop
6923,sweetshop_2024-06-27,sarahmoon0305,이거 궁채 아닌가....,2024-07-11,sweetshop
6924,sweetshop_2024-06-27,song__aji1128,이거 들깨가루 넣고 고소하게 볶아묵으면 진짜 맛나요 머우줄거리랑 같이 볶아도 맛있어요 궁채는 오독오독 하고 머우줄거리는 와삭어ㅏ삭와삭 해서 제가 진짜 좋아하는 반찬이에요,2024-07-11,sweetshop
6925,sweetshop_2024-06-27,two_yoonss,궁채~~~울나라에도있는뎅,2024-07-09,sweetshop
6926,sweetshop_2024-06-27,jo_suyeaon,궁채장아찌 최고입니다🫰🏻,2024-07-09,sweetshop
6927,sweetshop_2024-06-27,huizcah,적정량보다 많이먹으면 소화불량 걸릴수있어요😢 많이먹고 체해서 고생했습니당..,2024-07-09,sweetshop
6928,sweetshop_2024-06-27,_____mh__2,@hh._.n 궁채먹고파,2024-07-08,sweetshop
6929,sweetshop_2024-06-27,p8318q,궁채는 사랑❤️,2024-07-08,sweetshop
6930,sweetshop_2024-06-27,k__taesan,궁채나물같은데 ㅋㅋㅋㅋㅋㅋㅋㅋ,2024-07-07,sweetshop
6931,sweetshop_2024-06-27,g.xen7,언니 일본 다시마젤리 먹어줘~~~~,2024-07-07,sweetshop
6932,sweetshop_2024-06-27,2_cherry_,궁채 = 상추대! ㅋㅋ 저거 장아찌 담아서 삼겹살집 밑반찬으로 종종보입니단 맛있는 궁채장아찌 해서 드셔뷰세요🥬🥬,2024-07-04,sweetshop
6933,sweetshop_2024-06-27,knjkcjy,아니 이누나 근데 진심 졸라 예쁘다… 솔직히 본인도 알겠지 예쁜것,2024-07-04,sweetshop
6934,sweetshop_2024-06-27,swsh.house,상추줄기~~~~,2024-07-04,sweetshop
6935,sweetshop_2024-06-27,ulan00_12,궁채 소리 넘 조아여 🩵,2024-07-03,sweetshop
6936,sweetshop_2024-06-27,yuunmmi,"@__sun__set__ ..? 궁채아님..? 장아찌해서 오겹살에 같이쌈싸먹으면 개마싯는데,,",2024-07-02,sweetshop
6937,sweetshop_2024-06-27,jjingjjingmamma,장아찌로먹으면최공,2024-07-02,sweetshop
6938,sweetshop_2024-06-27,nekoumi_kei,궁채장아찌 최애반찬😍,2024-07-02,sweetshop
6939,sweetshop_2024-06-27,bogyumzari,궁채장아찌 넘 맛있다는,2024-07-02,sweetshop
6940,sweetshop_2024-06-27,ryejin0924,궁채 들깨가루로 해도 맛있고...,2024-07-01,sweetshop
6941,sweetshop_2024-06-27,leebora860,궁차진찌 장아찌도맛있고 겁나맛있는 식재료,2024-07-01,sweetshop
6942,sweetshop_2024-06-27,seojin870416,상추줄기 들깨에볶아먹음 맛있어요,2024-07-01,sweetshop
6943,sweetshop_2024-06-27,ge____ss,@pyo_ocherish 라오간마 쓰내,2024-07-01,sweetshop
6944,sweetshop_2024-06-27,shdk1017,오 궁채를 이렇게!!! 괜찮은 아이디어❤️,2024-07-01,sweetshop
6945,sweetshop_2024-06-27,js.son.kor,궁채나물 저거 식감 정말 좋아옹 ㅋㅋㅋ,2024-07-01,sweetshop
6946,sweetshop_2024-06-27,_cherry_417,@blue_berry_417 마왕족발 그게 궁채였구나?,2024-06-30,sweetshop
6947,sweetshop_2024-06-27,hansup.kim.84,궁채나물 맛있어요 ㅋ 식감도 좋고,2024-06-30,sweetshop
6948,sweetshop_2024-06-27,ke_gsa1213,언니 혹시 진미채 하는 오징어로 라티아오 만들어주시면 안돼요???❤️😊,2024-06-30,sweetshop
6949,sweetshop_2024-06-27,xx.xyx.1,궁채에 참기름 뿌리고 깨뿌려서 초장 찍어먹으면 맛있어요 예전에 알바하던 곳에서 밑반찬으로 드리니깐 손님들이 이거 이름이 뭐냐고 맛있다고 하시던,2024-06-30,sweetshop
6950,sweetshop_2024-06-27,0045jn,"궁채, 뚱채, 줄기상추 입니다",2024-06-30,sweetshop
6951,sweetshop_2024-06-27,dr.eatsue,공심채가 궁채 인가요?,2024-06-30,sweetshop
6952,sweetshop_2024-06-27,do_hwa_1004,궁채 우리나라에서도 먹윰,2024-06-30,sweetshop
6953,sweetshop_2024-06-27,jj_i._.nn_y,궁채 맛있어요!!,2024-06-29,sweetshop
6954,sweetshop_2024-06-27,ra_l_2,@r.beeen 궁채다!!,2024-06-29,sweetshop
6955,sweetshop_2024-06-27,hola.yevin,궁채 김밥도 맛있어요,2024-06-29,sweetshop
6956,sweetshop_2024-06-27,swim_kita,궁채 중국집가면나오는 김치같은 짜차이재료,2024-06-29,sweetshop
6957,sweetshop_2024-06-27,iamjinnnii,궁챠나물??,2024-06-29,sweetshop
6958,sweetshop_2024-06-27,bliss_plata,오 작년 여름에 엄마께서 궁채를 해주셨는데 이번에 유행하고 있네요~ 궁채는 초장양념에 무쳐먹는 것이 맛도리입니당,2024-06-29,sweetshop
6959,sweetshop_2024-06-27,na_myo_na_,너 궁채니..?ㅋㅋㅋㅋㅋㅋ,2024-06-29,sweetshop
6960,sweetshop_2024-06-27,zmfmsh94,마늘짱아찌같기도 하고 해뮬같기도 하고,2024-06-29,sweetshop
6961,sweetshop_2024-06-27,jiae__ri,@formygreendays 우리가 조와하는 궁채~장아찌해줘,2024-06-29,sweetshop
6962,sweetshop_2024-06-27,a1234a3212,이사장님!!!! 치킨모양 아이스크림 만들어 먹어주세요!❤️,2024-06-29,sweetshop
6963,sweetshop_2024-06-27,gpals1124________,궁채 상추대에요 ㅎ 식감 좋고 들깨가루 넣어서,2024-06-29,sweetshop
6964,sweetshop_2024-06-27,red74720388,궁채 상추줄기,2024-06-29,sweetshop
6965,sweetshop_2024-06-27,so_you.ng,리틀꼬마김밥에 궁채김밥 맛나룡,2024-06-28,sweetshop
6966,sweetshop_2024-06-27,yerim2ta,궁채 존맛~,2024-06-28,sweetshop
6967,sweetshop_2024-06-27,ynhnpn,궁채 간장 장아찌 맛있어요,2024-06-28,sweetshop
6968,sweetshop_2024-06-27,baekwill,궁채 나물볶음 으로 하다가 마지맛 들깨가루 버무리면 맛있죠,2024-06-28,sweetshop
6969,sweetshop_2024-06-27,alpaka1206,상추줄기가 아니고 줄기상추야 이사람들아...,2024-06-28,sweetshop
6970,sweetshop_2024-06-27,taewook0806,이게 상추 줄기에요.. 궁채,2024-06-28,sweetshop
6971,sweetshop_2024-06-27,g.guyeong,오늘 점심 먹음,2024-06-28,sweetshop
6972,sweetshop_2024-06-27,jid08,궁채는 맛이 느껴지기 보단 아삭아삭한 느낌이 좋아서 좋아합니다,2024-06-28,sweetshop
6973,sweetshop_2024-06-27,jinsta_day,본도시락에 항상있는 반찬.. 궁채,2024-06-28,sweetshop
6974,sweetshop_2024-06-27,sanggiha,궁채를 처음보셨구나 ㅋㅋㅋ 우리나라도 나물로 무쳐먹어용 ㅎㅎ,2024-06-28,sweetshop
6975,sweetshop_2024-06-27,_15_0123,오독오독 식감 맛있어요 😊,2024-06-28,sweetshop
6976,sweetshop_2024-06-27,semi_saving,맛나맛나~~,2024-06-28,sweetshop
6977,sweetshop_2024-06-27,yang_yang._.2,궁채장아찌만들어먹음 맛나용 고기랑찰떡궁합입니당,2024-06-28,sweetshop
6978,sweetshop_2024-06-27,clickx2,단양 구경시장가니 팔던데 그게 그건가..?,2024-06-28,sweetshop
6979,sweetshop_2024-06-27,delight___12,궁채 장아찌 진짜 맛있어여!!! 김밥에 넣어 먹어도 존맛 ❤️❤️,2024-06-28,sweetshop
6980,sweetshop_2024-06-27,zlzlzlzlc,줄기상추에요 ㅋㅋ 궁채라고도 해요,2024-06-28,sweetshop
6981,sweetshop_2024-06-27,do_hyeon0000,이분 중국인이신가요 맨날 중국요리만 드시네,2024-06-28,sweetshop
6982,sweetshop_2024-06-27,ijuyeon2957,궁채 짱아찌 맛나요,2024-06-28,sweetshop
6983,sweetshop_2024-06-27,rachel.za,"줄기상추, 궁채나물... 많이 먹는데요",2024-06-28,sweetshop
6984,sweetshop_2024-06-27,nsms,상추 줄기,2024-06-28,sweetshop
6985,sweetshop_2024-06-27,parkji__s,@skyland.farm 잇쿄에서 먹은 그거 같은뎅,2024-06-28,sweetshop
6986,sweetshop_2024-06-27,yeon__.02,궁채는 들깨가루로 나물반찬이 진짜 짱이예여,2024-06-28,sweetshop
6987,sweetshop_2024-06-27,ses537658,궁채 장아찌 맛있어요 아삭하니 식감도 좋고,2024-06-28,sweetshop
6988,sweetshop_2024-06-27,allure_sb_,대구 수성구 오시면 식당 90프로가 기본찬에 궁채장이찌 나와용 ㅋㅋ,2024-06-28,sweetshop
6989,sweetshop_2024-06-27,pinkcow_a,궁채 짱아찌,2024-06-28,sweetshop
6990,sweetshop_2024-06-27,jjjju__j,궁채는 상추 뜯은 그 줄기입니다,2024-06-27,sweetshop
6991,sweetshop_2024-06-27,p___ze,@hyundooooo 궁채 흔한거아니냐고,2024-06-27,sweetshop
6992,sweetshop_2024-06-27,bi_s_98,미역줄기나 고구마 줄기 처럼 생겼내유,2024-06-27,sweetshop
6993,sweetshop_2024-06-27,seovely_mom,장아찌담궈서 먹음 짱맛이예요ㅎ,2024-06-27,sweetshop
6994,sweetshop_2024-06-27,yoon__1982,궁채네요 이거 장아찌로 만들어 먹어도 맛있고 나물로 해먹어도 맛있어요,2024-06-27,sweetshop
6995,sweetshop_2024-06-21,spring_spring_vlog,삼겹살담는통,2024-09-04,sweetshop
6996,sweetshop_2024-06-21,yunsiyun9610,돼끼님이 주신 그릇!!,2024-08-08,sweetshop
6997,sweetshop_2024-06-21,hxz.n3,그릇 그 동네 떡집 포장 아님??,2024-07-25,sweetshop
6998,sweetshop_2024-06-21,first.aug.rabbit,@seokyuni2 !!! 푸딩!!!,2024-07-23,sweetshop
6999,sweetshop_2024-06-21,hppwxn2513,사장님 너무 귀여우세요,2024-06-26,sweetshop
7000,sweetshop_2024-06-21,narin_0501,떡 담아주는 그릇,2024-06-25,sweetshop
7001,sweetshop_2024-06-21,yoon__kr_11,한국 젤리로 푸딩 만들어주세요,2024-06-23,sweetshop
7002,sweetshop_2024-06-21,haram.99,@yyaaj.jaayy 푸딩러버 추천,2024-06-23,sweetshop
7003,sweetshop_2024-06-21,c01d_lol,이시장님!!그 16000원짜리 kfc치킨 아이스크림 만들어주세녀ㅛ..,2024-06-22,sweetshop
7004,sweetshop_2024-06-21,luce_sicut_stellae12,만들어 먹어야죠~ 대왕푸딩 다시 도전하세요~,2024-06-22,sweetshop
7005,sweetshop_2024-06-21,ee8eeeeee,가격 진짜 착하다 ..작은거 하나에 이천원 넘지않나?,2024-06-22,sweetshop
7006,sweetshop_2024-06-21,dotory0521,헐.. 이사장님 왜캐 이뻐지셨어요😍 머리 너무이쁨❤️,2024-06-22,sweetshop
7007,sweetshop_2024-06-21,mch_0802.ae,고기팩,2024-06-22,sweetshop
7008,sweetshop_2024-06-21,mch_0802.ae,그릇 혹시 고기담겨있던 플라스틱 아니에욬? ㅋㅋ,2024-06-22,sweetshop
7009,sweetshop_2024-06-21,lj_no.1,이렇게 큰푸딩은 첨봤어요~! 한통다먹으면 얼굴도 푸딩푸딩해질거같은데🫣👍,2024-06-22,sweetshop
7010,sweetshop_2024-06-21,an_amethyst02,온니 팩푸딩 유행지남..😢,2024-06-21,sweetshop
7011,sweetshop_2024-06-21,bussut_jigi,초밥접시일것 같은데융?😮,2024-06-21,sweetshop
7012,sweetshop_2024-06-21,iriswisdom12,초밥 접시 예상 핶는데 ㅎㄷㄷㄷ,2024-06-21,sweetshop
7013,sweetshop_2024-06-21,is2you_ha,호텔 어매니티 담겨있던..그릇..😮?,2024-06-21,sweetshop
7014,sweetshop_2024-06-21,y.xl_12,이 누님 갑자기 왤케 이뻐짐??,2024-06-21,sweetshop
7015,sweetshop_2024-06-21,bruna_parque,그릇은 과일이나 초밥 드신그릇? ㅋㅋㅋㅋ,2024-06-21,sweetshop
7016,sweetshop_2024-06-13,bagilu630,"이거 과일 샐러드 아니였음,",2024-12-07,sweetshop
7017,sweetshop_2024-06-13,hye_kkom2,사라다에서 사과만 골라먹었는뎈ㅋㅋㅋ,2024-11-30,sweetshop
7018,sweetshop_2024-06-13,weare_woodadada,사과인줄 알고 깨물었는데 밤이였을때 충격 다들 없으시나요?😂,2024-11-29,sweetshop
7019,sweetshop_2024-06-13,9x.ocn,저도 진짜 맛있게 먹었는데~ 사과랑 단감이 제일 맛있었어요!!♡♡,2024-11-15,sweetshop
7020,sweetshop_2024-06-13,nyolihaneun,이거 진짜 맛있는데,2024-11-14,sweetshop
7021,sweetshop_2024-06-13,my1._ch,학교에서 가끔 나옴,2024-10-03,sweetshop
7022,sweetshop_2024-06-13,t1_s_w._.0820,초등학교땐 많이나왔는데 갑자기 안나오느라 어느순간,2024-09-27,sweetshop
7023,sweetshop_2024-06-13,jomu_2011,예전에 학교에서 사라다 급식으로 나오는날 짬통 근처가면 시큼한 냄새 지렸는데 ㅋㅋ,2024-09-26,sweetshop
7024,sweetshop_2024-06-13,ch_.yun12,난 6~8살까지 사과 사라다 하루에 1그릇씩 먹었는데.,2024-09-25,sweetshop
7025,sweetshop_2024-06-13,jinjinuhyeon,저거 급식에 나옴,2024-09-22,sweetshop
7026,sweetshop_2024-06-13,choda._.n2,저거 맛있는데,2024-09-14,sweetshop
7027,sweetshop_2024-06-13,seoha_07_10,"저희는 햄이랑 감, 사과, 건포도, 오이, 마카로니, 맛살 넣었오용",2024-09-11,sweetshop
7028,sweetshop_2024-06-13,jieun403,땅콩은 왜 아무도 없지ㅜㅜ땅콩도 넣어야는디..,2024-09-09,sweetshop
7029,sweetshop_2024-06-13,wood33555,가끔 급식으로 나와요 ㅎ,2024-09-08,sweetshop
7030,sweetshop_2024-06-13,so.y2e0n,저도 어렸을 때 좋아했는데 요즘 못 먹겠어요,2024-09-07,sweetshop
7031,sweetshop_2024-06-13,gaax.13,요즘은 요커트로 하는ㄷ,2024-09-07,sweetshop
7032,sweetshop_2024-06-13,il_mixo,사라다에 있는 바나나가 진국이지,2024-09-02,sweetshop
7033,sweetshop_2024-06-13,hy._.2xnu,저급식에서 요거트인줄알고 먹은적있는데 짜서 대게 놀란적있어요ㅋㅋ😂😂,2024-09-02,sweetshop
7034,sweetshop_2024-06-13,b_s.eoj12,우리 학교에 가끔 나오는데 귤이랑 사과가 ㅈ맛임,2024-09-02,sweetshop
7035,sweetshop_2024-06-13,chzx.un__,사라다는 사과만 맛있던ㄷ,2024-08-25,sweetshop
7036,sweetshop_2024-06-13,roobal_tv,아빠랑 가끔 해먹는데 맛있음,2024-08-25,sweetshop
7037,sweetshop_2024-06-13,s.zyin__,급식에 나오는데 요거튼줄알고 먹었는데 마요네즈여서 별로임,2024-08-21,sweetshop
7038,sweetshop_2024-06-13,r.xe1m,사라다 급식에 맨날 나왔었는데 ㄹㅇ개노맛..ㅠ,2024-08-19,sweetshop
7039,sweetshop_2024-06-13,daun_0908,사라다 개맛있는데,2024-08-17,sweetshop
7040,sweetshop_2024-06-13,4ever0_uni,과일사라다 처돌이는 자라서 스스로 만들어 먹는 멋진 어른이가 되었어요:3,2024-08-17,sweetshop
7041,sweetshop_2024-06-13,invicil,샐러드 일본어로 사라다 라고하는데 아님실제로 사라다 라는 요리가 있어서 놀램,2024-08-11,sweetshop
7042,sweetshop_2024-06-13,gwakgwak10,계란 안넣음?,2024-08-08,sweetshop
7043,sweetshop_2024-06-13,lay_one914,저거 횟집가면 무조건 나옴,2024-08-06,sweetshop
7044,sweetshop_2024-06-13,sm1n_x7,저기 맛살 조금씩 있으면 개맛있음,2024-08-05,sweetshop
7045,sweetshop_2024-06-13,oeunhonam,저거 겁나 맛없어서 학교 급식에 나올 때마다 버렸는데,2024-08-02,sweetshop
7046,sweetshop_2024-06-13,coeyongjun817,사라다 학교 급식에서 나오는데,2024-07-30,sweetshop
7047,sweetshop_2024-06-13,edeun121215,사라다에는 마요네즈만 넣으면 느끼해서 머스타드도 넣야되는데……..,2024-07-30,sweetshop
7048,sweetshop_2024-06-13,yxs_.x0,오늘 급식에 비슷한거 나왔는뎁,2024-07-25,sweetshop
7049,sweetshop_2024-06-13,s_aeong_2,@h__jeong08 여기에 귤들어가면 개맛도린데 ( ∙̆.̯∙̆),2024-07-19,sweetshop
7050,sweetshop_2024-06-13,cheonyoon,사라다 추억이에요 ㅠㅠㅠㅠ 저희집은 마요네즈+요플레 같이 넣었던 기억이 있는데 언제부터인지 안해먹고 있네요,2024-07-17,sweetshop
7051,sweetshop_2024-06-13,bagsoujin132,나 13년생인데 사라다 ㄱ좋아함,2024-07-16,sweetshop
7052,sweetshop_2024-06-13,kelly121759,사라다는 솔직히 요플레랑 같이먹으면 맛있어여 마트에파는 딸기요플레 복숭아요플레 야채는 안넣고 과일만넣고 먹으면 맛있어여,2024-07-14,sweetshop
7053,sweetshop_2024-06-13,ses537658,사라다 좋아요 건포도 좋아요,2024-07-14,sweetshop
7054,sweetshop_2024-06-13,ddd7788_gg,@n_hyeon19 아직 나오지않음?,2024-07-13,sweetshop
7055,sweetshop_2024-06-13,imaginedking,건포도 땅콩 마카로니가 없쪄,2024-07-12,sweetshop
7056,sweetshop_2024-06-13,xoxo_00_33_77,사과알러지있지만 그정도쯤이야🔥🔥,2024-07-12,sweetshop
7057,sweetshop_2024-06-13,hy.xen_07,사라다.. 맛있지...,2024-07-10,sweetshop
7058,sweetshop_2024-06-13,yoon__1982,거기에 설탕 넣어야죠,2024-07-07,sweetshop
7059,sweetshop_2024-06-13,s.ayun_12,잃으려고 하면 급식에 나오는 사라다,2024-07-07,sweetshop
7060,sweetshop_2024-06-13,kim_gree07,사라다를 모르는 애들이 있어...?,2024-07-06,sweetshop
7061,sweetshop_2024-06-13,gakbaebae_00,사라다 너무 좋아하는데 사과를 못먹어서 사과만 걷어내고 다른과일만 먹습니다ㅋㅋㅋㅋ,2024-07-04,sweetshop
7062,sweetshop_2024-06-13,nohyundo_2733,아 엄마!!! 자꾸 사라다에 밤넣지 말라고!!!,2024-07-02,sweetshop
7063,sweetshop_2024-06-13,hyevely1203,사라다 진짜 맛있는데😍,2024-06-28,sweetshop
7064,sweetshop_2024-06-13,eunssss0523,저거 오이 넣어야하는 데..,2024-06-27,sweetshop
7065,sweetshop_2024-06-13,hppwxn2513,상황극 너무 잘하세요🔥,2024-06-26,sweetshop
7066,sweetshop_2024-06-13,hunsun_12,난 사라다먹고 과일 안먹는 편식 고쳐졌는데,2024-06-21,sweetshop
7067,sweetshop_2024-06-13,csb_0717,사라다 먹고싶다. 냉장고 온만가지 다 넣은....사라다,2024-06-21,sweetshop
7068,sweetshop_2024-06-13,_daxun.2,나 이거 좋아하는데...이름이 사라다였구나!! 내가먹던건 요거트같은거랑 섞어서 늘 맛있었는데..❤️,2024-06-19,sweetshop
7069,sweetshop_2024-06-13,bro.zj,게맛살 사과만 있어도 개맛도리.. 계란 노른자랑 흰자는 갈아서넣고 ㅠ,2024-06-19,sweetshop
7070,sweetshop_2024-06-13,zy154,사과인줄 알고 먹으면 감자,2024-06-19,sweetshop
7071,sweetshop_2024-06-13,chtkd_je0_0in,저거 우리 학교 급식에도 가끔다와요오,2024-06-18,sweetshop
7072,sweetshop_2024-06-13,ahnssoool,어떻게 프림 넣는걸 아시지??,2024-06-18,sweetshop
7073,sweetshop_2024-06-13,sssssssu1107,사과인줄 알고 먹었는데 설익은 찐감자였고 ㅎㅎㅎㅎㅎㅎㅎ,2024-06-18,sweetshop
7074,sweetshop_2024-06-13,byme_8710,사라다맛있죠~~😍😍,2024-06-18,sweetshop
7075,sweetshop_2024-06-13,creamy_0921,건포도랑 사과 진짜 좋아했는데! 이름이 사라다였구나,2024-06-17,sweetshop
7076,sweetshop_2024-06-13,sg.21_m,학교 급식엔 자주나오던데,2024-06-17,sweetshop
7077,sweetshop_2024-06-13,n.ow0n,게맛살은요..,2024-06-17,sweetshop
7078,sweetshop_2024-06-13,_.sxexho,사라다 나는 맛 없던데,2024-06-17,sweetshop
7079,sweetshop_2024-06-13,yszj_zs,학교애서 자주나오는데 진짜 사과밖에 안먹음,2024-06-17,sweetshop
7080,sweetshop_2024-06-13,010_3710,사라다 우리 급식에 가끔 나오던데,2024-06-17,sweetshop
7081,sweetshop_2024-06-13,yeojunseo63,학교 급식으로 나올는데 개노맛,2024-06-17,sweetshop
7082,sweetshop_2024-06-13,psy_0409,난 거기서 건포도만 먹는데,2024-06-17,sweetshop
7083,sweetshop_2024-06-13,gam_seola,"급식으로는 비슷하게 시큼한맛 나는 요거트같은 소스에다가 사과,건포도,감자같은거 버무려져 나옴",2024-06-17,sweetshop
7084,sweetshop_2024-06-13,eunbin___04,저도 샐러드 보다는 사라다를 더 좋아합니다ㅎㅎ,2024-06-16,sweetshop
7085,sweetshop_2024-06-13,flat_peach_ej,햄!,2024-06-16,sweetshop
7086,sweetshop_2024-06-13,dewyclovers,어쩐지.... 집에서 마요에 버무리면 맛이... 그 맛이 아니더라니 ㅋㅋㅋ 😂,2024-06-16,sweetshop
7087,sweetshop_2024-06-13,m._jh124_,아 이거 사과랑 귤은 무조건 넣어야하,2024-06-16,sweetshop
7088,sweetshop_2024-06-13,younjin_jeong_,초딩때 학교에서 만날 나왔는데ㅋ쿠ㅜ,2024-06-16,sweetshop
7089,sweetshop_2024-06-13,baby.dino_kwh,걍 과일이 더 맛잇음,2024-06-16,sweetshop
7090,sweetshop_2024-06-13,i_love._.patrick,우리는 설탕도 뿌리던데,2024-06-16,sweetshop
7091,sweetshop_2024-06-13,shwhsfgh,이거 급식에 나오던데,2024-06-16,sweetshop
7092,sweetshop_2024-06-13,zhangcm123,존나어려보이는데 40대나 알법한 사라다를 아시다니,2024-06-16,sweetshop
7093,sweetshop_2024-06-13,gay.zx_,바나나 사라다 진짜싫은데,2024-06-16,sweetshop
7094,sweetshop_2024-06-13,ksjin0326,사라다 오랜만이네,2024-06-16,sweetshop
7095,sweetshop_2024-06-13,minjoseol,아니 요거트를 넣어야지,2024-06-16,sweetshop
7096,sweetshop_2024-06-13,k_indi90,사라다 때문에 어릴때 샐러드 자체를 싫어했지.. 샐러드 드레싱이 전부 마요네즈 베이스일거라 생각하고😖,2024-06-16,sweetshop
7097,sweetshop_2024-06-13,_n1arrah,저거 귤이 맛도린데,2024-06-16,sweetshop
7098,sweetshop_2024-06-13,oh_yoon_8748,식당가서 밥먹는데 사라다만 먹어서 혼났었는데ㅋㅋㅋ,2024-06-16,sweetshop
7099,sweetshop_2024-06-13,ky._x9,급식에 개많이나옴,2024-06-16,sweetshop
7100,sweetshop_2024-06-13,ixn4o,사라다 학교에서 나오는데 마요네즈 였다니..,2024-06-16,sweetshop
7101,sweetshop_2024-06-13,anjfqhktlqkf119,저거 학교 급식으로 가끔 나옴…먹기 싫음,2024-06-15,sweetshop
7102,sweetshop_2024-06-13,bae.choo0304,급식에 가끔 나오면 음식물 버리는데에 마요네즈만 묻어있었는데 기억남?,2024-06-15,sweetshop
7103,sweetshop_2024-06-13,dx.hye_lee,학교에소 급식으로 나왔을때 맛났는데,2024-06-15,sweetshop
7104,sweetshop_2024-06-13,sjh1004203,저거 빵이랑 같이먹으면 빵 한봉지 뚝딱이여,2024-06-15,sweetshop
7105,sweetshop_2024-06-13,yoominseo1008,아 저게 사라디였구나,2024-06-15,sweetshop
7106,sweetshop_2024-06-13,n_1na.12,사라다 사과 맛있음,2024-06-15,sweetshop
7107,sweetshop_2024-06-13,min_ddiddi,@ljyeon___ 기억나뉘 존막이엇다,2024-06-15,sweetshop
7108,sweetshop_2024-06-13,whwnsgud_97,나는 메우 맛있게 먹음,2024-06-15,sweetshop
7109,sweetshop_2024-06-13,jh.js_dalcom,@dalcombbabba 사라다 먹고싶다,2024-06-15,sweetshop
7110,sweetshop_2024-06-13,honghyunhee01,설탕 추가하기도 함,2024-06-15,sweetshop
7111,sweetshop_2024-06-13,_sh2.x1,저희 학교는 아직도 사라다 나와요!😂,2024-06-15,sweetshop
7112,sweetshop_2024-06-13,eun.6_s,사라다는 꼭 귤이 들어간게 맛있었는데,2024-06-15,sweetshop
7113,sweetshop_2024-06-13,hyn_o.6,사라다...조금만 더 먹으면 금방 물려서 사과만 골라 먹었어요...😂,2024-06-15,sweetshop
7114,sweetshop_2024-06-13,0807beardool,사라다 옛식 발음,2024-06-15,sweetshop
7115,sweetshop_2024-06-12,nyolihaneun,저 프리마 진짜 맛있어,2024-11-16,sweetshop
7116,sweetshop_2024-06-12,bellatrix_croce_arimyoon,몰래먹어두 꼭걸려요 보면…,2024-10-02,sweetshop
7117,sweetshop_2024-06-12,raccoon149,프리마 달아요?,2024-09-17,sweetshop
7118,sweetshop_2024-06-12,seung_ah_kim713,언니 아니 이모 몇살이에요??,2024-09-05,sweetshop
7119,sweetshop_2024-06-12,s_uns_un_sun,처음이 분장ㅋㅋㅋㅋㅋ,2024-09-04,sweetshop
7120,sweetshop_2024-06-12,p.o.g122,마약 ㅋㅋ,2024-09-04,sweetshop
7121,sweetshop_2024-06-12,evervictorious_rjs,분유 가루도 별미임,2024-08-29,sweetshop
7122,sweetshop_2024-06-12,dubu._.momo,@_gracelily91 와 저거 은근 분유맛 나서 맛있었는데,2024-08-27,sweetshop
7123,sweetshop_2024-06-12,seominju29,프리마 맛잇엇지 ㅋㅋㅋ믹스커피에서 프리만만 빼먹다가등짝 맛음,2024-08-26,sweetshop
7124,sweetshop_2024-06-12,tm.snvl,아 저거 개맛있는덷ㅇ ㅜㅜ,2024-08-25,sweetshop
7125,sweetshop_2024-06-12,iseungu6902,맛없어,2024-08-24,sweetshop
7126,sweetshop_2024-06-12,big_badwolf7,후드에서 가져온 정체불명의 마법의 하얀가루,2024-08-19,sweetshop
7127,sweetshop_2024-06-12,ziuewe,가루 입에서 나오는거 진짜 더럽다,2024-08-18,sweetshop
7128,sweetshop_2024-06-12,_j2xep.2,먹을때 입에서 가루가 퍽퍽,2024-08-18,sweetshop
7129,sweetshop_2024-06-12,seo_seo0183,어재 마트갔는데 커피칸에 프리마 팔3ㅓ,2024-08-15,sweetshop
7130,sweetshop_2024-06-12,dory_0514,프..프리마가 아니야!!,2024-08-12,sweetshop
7131,sweetshop_2024-06-12,mipi1107,프리마 처음보는데 와 완전 궁굼하다 무슨 맛알지,2024-08-12,sweetshop
7132,sweetshop_2024-06-12,j.ung_hwan,나는 옛날에 분유 가루 먹었는데,2024-08-11,sweetshop
7133,sweetshop_2024-06-12,ogguseul1038,가끔프리마에 설탕타서 우유처럼 타줘서 마셨어요ㅋ,2024-08-10,sweetshop
7134,sweetshop_2024-06-12,dream_.1230,"이거 방학때 제일 많이 먹어서 양이 많이 줄었고, 결국 엄마한테 혼남🔥🔥",2024-08-07,sweetshop
7135,sweetshop_2024-06-12,x_d1313,ㅁ약?..,2024-08-04,sweetshop
7136,sweetshop_2024-06-12,mind0ng2,프림 훔쳐먹기. 분유훔쳐먹기… ㅋㅋ,2024-08-04,sweetshop
7137,sweetshop_2024-06-12,aryeong.c,저걸 그냥 먹을 수 있구나 난 생각도 못했는데ㅋㅋ,2024-08-03,sweetshop
7138,sweetshop_2024-06-12,kem053_,딸...그건 마약이야...,2024-08-02,sweetshop
7139,sweetshop_2024-06-12,hx.uoo_,우린 그걸 마약이라 부르기로 했어요,2024-07-31,sweetshop
7140,sweetshop_2024-06-12,moonlightviaa,지금도 호텔 갈때마다 프리마 있는지부터 확인하는데.. 역사 깊은 호텔에 프리마 있음🥹,2024-07-20,sweetshop
7141,sweetshop_2024-06-12,cindy.91v,"@_kkangchongg_ 어렸을때 프리마, 동생 분유는 국룰이었지ㅋㅋㅋㅋ 그때 너무 많이 먹어서 지금 못먹게 됐나...",2024-07-19,sweetshop
7142,sweetshop_2024-06-12,ji.___.yeon0111,@junga7898 나도..,2024-07-19,sweetshop
7143,sweetshop_2024-06-12,yunhee9_03,전 프림 말고 복숭아티 손가락으로 찍어먹다가 떨궈서 등짝스매싱 맞았어요😂,2024-07-17,sweetshop
7144,sweetshop_2024-06-12,yousemi05,나 마약인줄ㅋㅋ😂😂,2024-07-10,sweetshop
7145,sweetshop_2024-06-12,si_on1011,그리마,2024-07-07,sweetshop
7146,sweetshop_2024-06-12,rwon_k0210,계란 다 익을때 까지 숨참음,2024-07-07,sweetshop
7147,sweetshop_2024-06-12,sasak3342,저요ㅋ저는 프리마 뜨신물에 타서 우유처럼 마셨던 기억이 있어요ㅎ진짜 달달꼬수웠던 프리마ㅋ,2024-07-06,sweetshop
7148,sweetshop_2024-06-12,dasol__99,저거로 할부지가 커피안넣은 하얀커피 타주셨는데😮,2024-06-29,sweetshop
7149,sweetshop_2024-06-12,jjiwons_watercolor,프리마가 뭔지 몰랐음,2024-06-29,sweetshop
7150,sweetshop_2024-06-12,hppwxn2513,너무 귀여우세뇨!!,2024-06-26,sweetshop
7151,sweetshop_2024-06-12,pkm0923,프리마가뭐징?,2024-06-21,sweetshop
7152,sweetshop_2024-06-12,ldh_23x57,저는 우유에타먹었어유😂,2024-06-21,sweetshop
7153,sweetshop_2024-06-12,guruminsta,젊으신줄 알았는데 엄마뻘이셨네….,2024-06-18,sweetshop
7154,sweetshop_2024-06-12,moohwatomoca,전 고3때 힘내야한다는 핑계로 분유 사달래서 공인받고 퍼머….ㄱ,2024-06-18,sweetshop
7155,sweetshop_2024-06-12,balreyi,전 그게 무슨 음식인줄 모르갯써요😮,2024-06-18,sweetshop
7156,sweetshop_2024-06-12,yun._.654,전 엄마몰래 설탕을 먹습니다^^,2024-06-17,sweetshop
7157,sweetshop_2024-06-12,genius10101,이사장님 앞자리가 8은 아니시죠? 못해도 최소 9같은데 저걸 어케 아시지..?ㅜㅜㅜㅜㅋㅋㅋㅋㅋㅋ,2024-06-17,sweetshop
7158,sweetshop_2024-06-12,gimjiseong98,저거 많이 먹으면 몸에 않좋은데,2024-06-16,sweetshop
7159,sweetshop_2024-06-12,em_ye.o13,앜ㅋㅋㅋ 그래서 둘둘둘 이라고 똠는 삼삼삼? 이러구 그랬구나,2024-06-16,sweetshop
7160,sweetshop_2024-06-12,m._.myeonn,@gyung__s2 ㅋㅋㅋㅋㅋㅋㅋㅋㅋㅋ프리마 맛있는뎅,2024-06-16,sweetshop
7161,sweetshop_2024-06-12,bumsu69,프림이 뭐애요?,2024-06-16,sweetshop
7162,sweetshop_2024-06-12,znakoh,지나가던 00입니다 70인 엄마 외갓집에서 프리마 발견했던 기억이 나네요,2024-06-16,sweetshop
7163,sweetshop_2024-06-12,travelyoung0402,@dongjinx_ 이거 아나,2024-06-15,sweetshop
7164,sweetshop_2024-06-12,hyeonbin2524,마지막에 이해한시람 손,2024-06-15,sweetshop
7165,sweetshop_2024-06-12,dakco_o,미숫가루 같은건가,2024-06-15,sweetshop
7166,sweetshop_2024-06-12,yjh_lily0805,기부니가 좋아지는 프리마 ㅋㅋㅋ,2024-06-15,sweetshop
7167,sweetshop_2024-06-12,2ju_exo11,58주답글 달기,2024-06-15,sweetshop
7168,sweetshop_2024-06-12,_pdxwu,마약?,2024-06-15,sweetshop
7169,sweetshop_2024-06-12,jiyoung__9412,@seowoo__kim 이모? 원기소도 드셨는지..,2024-06-15,sweetshop
7170,sweetshop_2024-06-12,cyapu_08125,낸 분유랑 설탕 몰래 털어벅었는데..ㅋㅋ,2024-06-15,sweetshop
7171,sweetshop_2024-06-12,leezinah,프리마 없애서 믹스커피 분리해서 골라먹었는데…,2024-06-14,sweetshop
7172,sweetshop_2024-06-12,sw_00mm,@jxx._.gx 난 과학실 각설탕 많이 먹어서 혼났는디,2024-06-14,sweetshop
7173,sweetshop_2024-06-12,seongung_92,집에 프리마 없어서 먹어본적없는,2024-06-14,sweetshop
7174,sweetshop_2024-06-12,jid08,어렸을 때 부모님 따라 다방가면 우유대신 프리마로 우유를 타줬는데 진짜 맛있게 먹었었는데...,2024-06-14,sweetshop
7175,sweetshop_2024-06-12,cutgil_124,50살정도 되나?,2024-06-14,sweetshop
7176,sweetshop_2024-06-12,fromeeeun,벌떡!!!,2024-06-14,sweetshop
7177,sweetshop_2024-06-12,chae_myeng,58주답글 달기,2024-06-14,sweetshop
7178,sweetshop_2024-06-12,173_min9,따신물에 프리마랑 설탕만넣고 타먹으면 개꿀맛,2024-06-14,sweetshop
7179,sweetshop_2024-06-12,gyu_min0221,설탕이 아니야!,2024-06-14,sweetshop
7180,sweetshop_2024-06-12,jjjjju_35,+전지분유 몰래 많이 먹었죠 ㅋㅋㅋㅋㅋ 성인되서 한 겨울에 전지분유 큰봉지사다 먹은건 안비밀 😂,2024-06-14,sweetshop
7181,sweetshop_2024-06-12,25.sul,프리마 흘리지마러,2024-06-14,sweetshop
7182,sweetshop_2024-06-12,z.ngyx,마약인줄,2024-06-13,sweetshop
7183,sweetshop_2024-06-12,k.m.n_0720,처음 듣는 음식...,2024-06-13,sweetshop
7184,sweetshop_2024-06-12,uiyvdg,최고이십니다 이사장님,2024-06-13,sweetshop
7185,sweetshop_2024-06-12,my_favorite___________,잌ㅋㅋㅋ 프리마3+설탕2 넣고 뜨거운물 부으면 우유맛나서 몰래 타먹었는데 크킄,2024-06-13,sweetshop
7186,sweetshop_2024-06-12,hyeontak94_01_04,어릴때 프리마 먹은적이 ㅋㅋㅋ,2024-06-13,sweetshop
7187,sweetshop_2024-06-12,kickboxing_is,한 3번먹으면 속이 니글니글했던것 같았은데😂,2024-06-13,sweetshop
7188,sweetshop_2024-06-12,wild.pink_,저요! ㅋㅋ,2024-06-13,sweetshop
7189,sweetshop_2024-06-12,hyunsook86,80년생?!?,2024-06-13,sweetshop
7190,sweetshop_2024-06-12,theboninail,ㅋㅋㅋㅋㅋ 저희엄니가만삭에 많이드셔서 제머리가보라색으로나왓더요..ㅋㅋㅋㅋㅋㅋㅋ,2024-06-13,sweetshop
7191,sweetshop_2024-06-12,c_junghyeon,나 아무것또 앙무거또~~~,2024-06-13,sweetshop
7192,sweetshop_2024-06-12,mx.1hnn,궁금하다,2024-06-13,sweetshop
7193,sweetshop_2024-06-12,85_y3,분유는 먹어봄..,2024-06-13,sweetshop
7194,sweetshop_2024-06-12,girooney0602,프리마 맛있는 분유맛,2024-06-13,sweetshop
7195,sweetshop_2024-06-12,plant_druid,코로 흡입해야 진짜 꼬소해요,2024-06-13,sweetshop
7196,sweetshop_2024-06-12,min_ki_ne,프림 ....;?,2024-06-13,sweetshop
7197,sweetshop_2024-06-12,siksikgf_0717,저요...더불어 동생 분유도..ㅋㅋㅋㅋㅋ,2024-06-13,sweetshop
7198,sweetshop_2024-06-12,ioi_nubee,할머니 집에서 몰래 의자밟고 찬장 프리마 퍼먹어본 1인 (ू•‧̫•ू⑅)oh,2024-06-13,sweetshop
7199,sweetshop_2024-06-12,jazzfiction,느그 동생 남천동 살제? 내가 인마 느그 동생이랑 프리마도 같이 묵고 소꼽놀이도 하고 마 다 했으,2024-06-13,sweetshop
7200,sweetshop_2024-06-12,noahlee1995,신고번호는 1 2 7,2024-06-13,sweetshop
7201,sweetshop_2024-06-12,nhaeyeon,ㅋㅋㅋ 저요🙌 애기 분유먹을땐 분유도 한주국먹어본엄마 나야나~~🫶,2024-06-13,sweetshop
7202,sweetshop_2024-06-12,yoonbivip,분유도퍼먹었다가 ㅋ혼났지요,2024-06-12,sweetshop
7203,sweetshop_2024-06-12,j_a_n_e94,프리마 모르면 90년대생이 아니져~~!!,2024-06-12,sweetshop
7204,sweetshop_2024-06-12,dyssong,벌떡!,2024-06-12,sweetshop
7205,sweetshop_2024-06-12,alala_lggg,우유도 타묵어야쥬 ㅋㅋㅋㅋㅋㅋ뜨급게,2024-06-12,sweetshop
7206,sweetshop_2024-06-12,kangsan_choi,어머님으로 나온사람.. 주혼이나 링인줄...,2024-06-12,sweetshop
7207,sweetshop_2024-06-12,o3o__sg_k,냉장고에서 찾아먹었던 기억이나네요 ㅋㅋ 심지어 커피 먹고싶어서 프리마를 찬물에 넣어서 풀어지지도 않고 그거 좋다고 먹은 기억이 ㅋㅋ😂😂😂😂😂,2024-06-12,sweetshop
7208,sweetshop_2024-06-12,kimmiae712,사장님 연세가.... ㅎㅎㅎ 나 어릴때 저랬는데 나 나이 많은데...ㅎㅎㅎ,2024-06-12,sweetshop
7209,sweetshop_2024-06-12,sweetshop_s2,"커피비율은 ‘둘둘둘(2:2:2)이 국룰이었다’는 의견에따라, 부침개 뒤집듯이 영상을 내용을 변경하겠습니다.",2024-06-12,sweetshop
7210,sweetshop_2024-06-12,seohee121219,프림 엄청 잘 드신다 ㅋㅋ,2024-06-12,sweetshop
7211,sweetshop_2024-06-12,eunyoung.yi,프림이랑 동생들 분유...... 특히 프림은 저희 친정어머니 시집오실적에 크리스탈 보관함이 있었는데 거기에 담아두고 쓰셨거든요. 애들 위험하다그 높은데 두셨었는데 의자 놓고 올라가서 프림 꺼내먹으려다가 깨먹었었어요. 딴에는 감쪽같이 만들겠다고 어디서 본 건 있어서 어린 마음에 그 액체로 된 강력본드 공구함에서 꺼내다가 붙였는데 손에도 묻어서 손가락까지 같이 붙어 결국 들키고 과도로 슬금슬금 잘라내듯 떼냈던 기억이.......,2024-06-12,sweetshop
7212,sweetshop_2024-06-12,ieunyeong187,저도 프리마에 설탕 타서 엄청 먹었어요,2024-06-12,sweetshop
7213,sweetshop_2024-06-12,author_jungyeon,아니 이사장님 애기가 왜 저랑 똑같은 삶을 사신거예요!!🤣🤣 동생 분유도 먹어봤쥬??,2024-06-12,sweetshop
7214,sweetshop_2024-06-12,vinini_l,대박…시즈닝! 솜씨가 좋으세용,2024-08-18,sweetshop
7215,sweetshop_2024-06-12,o.s.d.89.10,굽는건 어떻거 한건가요??,2024-07-22,sweetshop
7216,sweetshop_2024-06-12,gimdonghwa804,꼬깔콘 맛있겠당 꼬깔콘 좋아하는데 ㅎㅎ,2024-07-17,sweetshop
7217,sweetshop_2024-06-12,cocototo_hye,@seonhongo 우와,2024-07-11,sweetshop
7218,sweetshop_2024-06-12,dashoming_,갑자기 엄마극딜ㅋㅋㅋㅋㅋㅋㅋㅋ,2024-06-19,sweetshop
7219,sweetshop_2024-06-12,stay000905,맛있겠다!,2024-06-17,sweetshop
7220,sweetshop_2024-06-12,jjiwoo.pyo.jj,이빨 나가겠어요..이사장님 이빨은 소중하니까..맛있게 드셔요잉,2024-06-13,sweetshop
7221,sweetshop_2024-06-12,jeonghyijin7208,우와~~,2024-06-12,sweetshop
7222,sweetshop_2024-06-12,justapeeker_,이사장님 유튜브 보고 꼬깔콘 사먹다가 실수로 맥주도 마셨어요 짱맛....,2024-06-12,sweetshop
7223,sweetshop_2024-06-12,krystal_worthit,히히 정말 인스타로만 보다가 유툽 따라가서 구독까지 한 몇 안되는 분들중 하나❤️ 너무 죠아요,2024-06-12,sweetshop
7224,sweetshop_2024-06-12,krystal_worthit,히히 정말 인스타로만 보다가 유툽 따라가서 구독까지 한 몇 안되는 분들중 하나❤️ 너무 죠아요,2024-06-12,sweetshop
7225,sweetshop_2024-06-12,y_u10_2,꼬깔콘이 사장님 얼굴보다 크다가 현실이 되는 마법..그녀는 신.,2024-06-12,sweetshop
7226,sweetshop_2024-06-12,a.mazing_grace,만드신 음식들로 가게 차려주세요😂😂,2024-06-12,sweetshop
7227,sweetshop_2024-06-12,dan_jae_,이사장네 근처에다 카페 차려놓고 커피랑 이사장이 만든 간식이랑 물물교환하고싶어요,2024-06-12,sweetshop
7228,sweetshop_2024-06-12,lucky_imsold,소리까지 맛있네요,2024-06-12,sweetshop
7229,sweetshop_2024-06-12,lj_no.1,대박! 맛있겠다! 모자로도 활용 가능할것같은데유?👍🤩😍,2024-06-12,sweetshop
7230,sweetshop_2024-06-12,i_i_sia,맛있겠다,2024-06-12,sweetshop
7231,sweetshop_2024-06-10,ty.17_2,거대한 편도결석ㅋㄱㅋ,2024-09-17,sweetshop
7232,sweetshop_2024-06-10,qqqq0907,어떻게씹냐. 이시려 ...,2024-07-15,sweetshop
7233,sweetshop_2024-06-10,doenee92,@kim.dini_ 이거다,2024-06-19,sweetshop
7234,sweetshop_2024-06-10,haha._ruru,요거트에 냉동과일 넣으면 맛있어요,2024-06-18,sweetshop
7235,sweetshop_2024-06-10,shangachu,"냉동과일이 담궈지는 용매 (물, 설탕물, 시럽 등등) 의 응고점이 냉동과일 표면온도보다 높아야 더 두껍게 코팅될 거예요",2024-06-17,sweetshop
7236,sweetshop_2024-06-10,me.mo.i,와 맛있겠다👏👏👏,2024-06-16,sweetshop
7237,sweetshop_2024-06-10,dlqmsrjchlrh_,이 헤메코 너무 잘어울리새요,2024-06-16,sweetshop
7238,sweetshop_2024-06-10,zzang__mandong,그 선생님 지나가다 보여서.. 그 유리볼 말고 스텐볼에 해보시됴,2024-06-15,sweetshop
7239,sweetshop_2024-06-10,ssse_2n,@_qpwoe_iruty 이거 해주세요,2024-06-14,sweetshop
7240,sweetshop_2024-06-10,lj_no.1,만물박사~!🙂‍↕️🙏👍,2024-06-12,sweetshop
7241,sweetshop_2024-06-10,1z.nxe,???:거대한 편도결석 같아요,2024-06-12,sweetshop
7242,sweetshop_2024-06-10,j.hyovn__,??:거대한 편도결석 같아요,2024-06-12,sweetshop
7243,sweetshop_2024-06-10,mnnarri,@d_doooool 오 나 새우 해동할때마다 새우탕후루 되던데,2024-06-11,sweetshop
7244,sweetshop_2024-06-10,rio_lee0505,달고나로 과일탕후루해주세요,2024-06-11,sweetshop
7245,sweetshop_2024-06-10,n.ezzul,사이다랑 하면 개맛있대영,2024-06-10,sweetshop
7246,sweetshop_2024-06-10,jjongjjong._.e,와 먹어보고싶다... 거짓인줄알고 음식버릴까 못하고있었는데... 감사해용~😍😍,2024-06-10,sweetshop
7247,sweetshop_2024-06-10,starrylibre,이사장님 만나서 너무너무 즐거웠어요…❤️ 샤롯데씨어터 과자집도 언젠가 꼭 만들어주십셔..🫡,2024-06-10,sweetshop
7248,sweetshop_2024-06-10,seohee121219,우유로 하면 어떨지..,2024-06-10,sweetshop
7249,sweetshop_2024-06-10,usermaria912,헉ㅋㅋㅋㅋㅋ 이거 새로이 유행인가요,2024-06-10,sweetshop
7250,sweetshop_2024-06-10,heedo._.ri,사이다 넣고 하면 맛있을것 같아요❤️,2024-06-10,sweetshop
7251,sweetshop_2024-06-09,ca6ryn72,"나는 왜 저 같애요? 가 욕으로 들리까이,,",2024-08-18,sweetshop
7252,sweetshop_2024-06-09,lsy_05040,와... 진짜 맛있겠네요,2024-08-05,sweetshop
7253,sweetshop_2024-06-09,jiosaurus29,축하해용❤️,2024-07-13,sweetshop
7254,sweetshop_2024-06-09,gimyerin589,하.. 언뉘ㅏ 내가 어떡해든 꼭 간댜ㅑ😍,2024-06-25,sweetshop
7255,sweetshop_2024-06-09,mimicangcinanna,가고싶었는데 다리를 다쳐서 못가요 ㅠㅠㅠ,2024-06-22,sweetshop
7256,sweetshop_2024-06-09,hangul_family,텐트 쳐놓고 자야겠다,2024-06-21,sweetshop
7257,sweetshop_2024-06-09,yeji890,23일에 광화문에 가야한다고 딸이 얘기해서 무슨일이냐고 물어봤더니 이사장님이 사인회를 한다며ㅎㅎㅎㅎ,2024-06-20,sweetshop
7258,sweetshop_2024-06-09,gimseoyeon5569,와 똑같아여❤️ 귀여워영,2024-06-18,sweetshop
7259,sweetshop_2024-06-09,linakimmendez,이뻐죽겠다 이사장님.👏👏👏 축하해요❤️,2024-06-16,sweetshop
7260,sweetshop_2024-06-09,ltuty143,맛있겠다 😋,2024-06-16,sweetshop
7261,sweetshop_2024-06-09,xoox_mary,광화뮨 교보뮼고점ㅋ⫬ㅋ⫬ㅋ⫬ㅋ⫬ㅋ⫬ㅋ⫬ㅋ⫬ㅋ⫬ㅋ⫬ㅋ⫬ㅋ⫬ㅋ⫬ㅋ⫬ㅋ⫬ㅋ⫬ㅋ⫬ㅋ⫬ㅋ⫬,2024-06-15,sweetshop
7262,sweetshop_2024-06-09,nulicook,기여워요❤️❤️❤️책까지내시구👏👏👏,2024-06-14,sweetshop
7263,sweetshop_2024-06-09,aaron66902021,멀어서 슬프네요ㅜㅜ,2024-06-12,sweetshop
7264,sweetshop_2024-06-09,yunseo_021,하.....진짜 내가 23일날 일만 없었어도 광화문 교보문구점으로 달려서 이세상에서 가장빠른스피드로 누구보다빠르게 달려서 뛰쳐갈텐데 아쉽다ㅜ,2024-06-12,sweetshop
7265,sweetshop_2024-06-09,pmjydm,23일에 애들 둘 데리고 싸인받으러 갑니다😍😍,2024-06-12,sweetshop
7266,sweetshop_2024-06-09,jueun._.13,여수는 안오시나요..😢😢,2024-06-11,sweetshop
7267,sweetshop_2024-06-09,yeseon_kate_kim,헐 책 나오신거 넘넘 축하드려요!!!,2024-06-11,sweetshop
7268,sweetshop_2024-06-09,gx.j1a,저 초콜릿 차라리 두바이 초콜릿으로 만들지 그랬어요,2024-06-10,sweetshop
7269,sweetshop_2024-06-09,garam09005,드디어!! 책이 나오다니ㅣㅣ!!😍 꼭 사봐야 겠네용! 캐릭터 넘 예뻐요ㅜㅜ,2024-06-10,sweetshop
7270,sweetshop_2024-06-09,_haaae1_,악 ㄹㅇ 온니 존예인데,2024-06-10,sweetshop
7271,sweetshop_2024-06-09,7c_m1n,무조건 사겠어..,2024-06-10,sweetshop
7272,sweetshop_2024-06-09,seo_woooj,언니 지방러는 슬퍼요,2024-06-10,sweetshop
7273,sweetshop_2024-06-09,parkwonpyo0803,아  일정이 겹치네요 ㅠㅠ 미치겠네...,2024-06-09,sweetshop
7274,sweetshop_2024-06-09,jy_18395,귀여워...,2024-06-09,sweetshop
7275,sweetshop_2024-06-09,y_u10_2,언니보러 가야겠네요 또.ㅋ 하 증말 나 23일에 할 거 없는거 어떻게 알고 딱.증말 !!,2024-06-09,sweetshop
7276,sweetshop_2024-06-09,n._7o3,이사장 저 이제 한동안 못 와요🥹🥹,2024-06-09,sweetshop
7277,sweetshop_2024-06-09,kyw_6678,와ㅏㅏ,2024-06-09,sweetshop
7278,sweetshop_2024-06-01,sx_r.in,"카다이프를 굉장히 유용하게 쓰는 사장님,,",2024-08-10,sweetshop
7279,sweetshop_2024-06-01,janx2ie,@yenzzan6 언니 ㅎㅎㅎㅎ,2024-07-16,sweetshop
7280,sweetshop_2024-06-01,su_ujin_n,@ttitinaaaa @youyayou_ 카타이프 남앗는데 해줘?,2024-07-16,sweetshop
7281,sweetshop_2024-06-01,s0ozang,돈까슨줄..,2024-07-10,sweetshop
7282,sweetshop_2024-06-01,ruby99_0813,이거짱맛,2024-07-03,sweetshop
7283,sweetshop_2024-06-01,monii_grim,이쯤되면 카다이프를 사야겠어요 😂 넘넘 맛나보임❤️❤️❤️,2024-06-26,sweetshop
7284,sweetshop_2024-06-01,screamfalestin,팔레스타인에서 흔히 먹는 음식 free palestine,2024-06-25,sweetshop
7285,sweetshop_2024-06-01,michellepstory,@owaterpai 이모랑 이거 먹으러 이태원 가쟝🥰,2024-06-19,sweetshop
7286,sweetshop_2024-06-01,hxnzji,@ofs_lfo_lo 어우 이집트에서 먹은 개달달한 거에 절여진 그 아이…,2024-06-16,sweetshop
7287,sweetshop_2024-06-01,rang825,@1sun_1025 초코만들고 남으면 이거인가봐 언니 ㅋㅋㅋㅋㅋ,2024-06-12,sweetshop
7288,sweetshop_2024-06-01,yunseo_021,콘치즈인데 콘빼고 카다이프가 들어간맛인가?(우리집레시피로),2024-06-11,sweetshop
7289,sweetshop_2024-06-01,gimnarae97,보기싫어서 차단하는데 왜 자꾸 뜨노,2024-06-08,sweetshop
7290,sweetshop_2024-06-01,sh_.e13,언니 얼굴에서 김채원이 보이다,2024-06-08,sweetshop
7291,sweetshop_2024-06-01,seo_lim12,마이쥬 리치맛 흰색임 실타래 ㄱㄱ 1,2024-06-06,sweetshop
7292,sweetshop_2024-06-01,rangpunzel,"내최애쿠나페,,,,,,, 쑥가서 먹고파,,,",2024-06-06,sweetshop
7293,sweetshop_2024-06-01,w._.u._.h,CU에 커스터드 푸딩 2500원에 파는데 엄청 맛있어요 직접 먹어보시고 리뷰해주세요!,2024-06-05,sweetshop
7294,sweetshop_2024-06-01,seongm1n.park,쿠나파!,2024-06-05,sweetshop
7295,sweetshop_2024-06-01,miseoning_,이사장님 속눈썹 정보 궁금해요 ❤️,2024-06-05,sweetshop
7296,sweetshop_2024-06-01,marigatt0,로즈워터를 넣어야징,2024-06-05,sweetshop
7297,sweetshop_2024-06-01,yumssong,여기서는 피스타치오 아이스크림과 같이 먹습니다 꼭 같이드셔주세여!,2024-06-04,sweetshop
7298,sweetshop_2024-06-01,b612.genie,터키가서 직접먹었는데 너무달아요..,2024-06-04,sweetshop
7299,sweetshop_2024-06-01,mozzi._.gram,저희 초등학교 3학년 딸이 사장님 엄청 좋아하는데 선재업고뛰어에서 김혜윤배우님보고 !! 사장님아니냐규 ㅋㅋㅋㅋㅋㅋ❤️,2024-06-04,sweetshop
7300,sweetshop_2024-06-01,kimlatte_is_puppy,카다이프로 국수 만들어주세요!!,2024-06-03,sweetshop
7301,sweetshop_2024-06-01,haaaa__927,@hoooo__522 이게 더 맛잇어보인다,2024-06-03,sweetshop
7302,sweetshop_2024-06-01,applemint_travel,튀르키예 전통 디저트 쾨네페 입니다ㅋ,2024-06-03,sweetshop
7303,sweetshop_2024-06-01,offc_gotd,카다이프를 새우에 말아서 튀겨먹으면 어떨까요??,2024-06-03,sweetshop
7304,sweetshop_2024-06-01,m_cc_ppp,@wons1114 우리 먼지도 모르고 서비스로 받아 먹엇던거다 쿠파나네,2024-06-03,sweetshop
7305,sweetshop_2024-06-01,daily_yvien,일잔 중동 디저트는 입이 아릴 정도로 달아야 진정한 중동 디저트입니다🤣,2024-06-02,sweetshop
7306,sweetshop_2024-06-01,chaewon_410,@heodujin 카다이프 남았는가,2024-06-02,sweetshop
7307,sweetshop_2024-06-01,j_seo_626,겉에 카다이프 묻혀서 치킨 튀겨 먹으면 궁금하다,2024-06-01,sweetshop
7308,sweetshop_2024-06-01,sksmsskdi15,만들어서 저한테 파시면 안될까요? 꼭 사겠습니다😍,2024-06-01,sweetshop
7309,sweetshop_2024-06-01,rami96_o.os2,와웅 뭔가싶으면서도 맛있어보여요!!!,2024-06-01,sweetshop
7310,sweetshop_2024-06-01,n._7o3,하.. 우리 이사장이 만들기만 하면 이상하게 다 먹고싶어진단 말이죠?!? 유튭에서 봤을때도 먹고 싶었는데 오늘 릴스로 또 보니까 또 먹고 싶어요 책임져요 이사장!!!!!!!!!!! 진짜 달달구리 완전 맛있을듯한 느낌적으로다가 느낌인데 맞죠 이사장 그래서 저는 언제 만들어 준다구여?!?!??😻😻🤍🤍🤍😭😭,2024-06-01,sweetshop
7311,sweetshop_2024-05-31,hppwxn2513,사장님 축하드려요!!!!🔥🔥🔥,2024-06-26,sweetshop
7312,sweetshop_2024-05-31,rnalstks9,이사장님!100만 축하드려요오옹!!!👍👍👍,2024-06-22,sweetshop
7313,sweetshop_2024-05-31,jogyuseon373,축하드려요,2024-06-13,sweetshop
7314,sweetshop_2024-05-31,ibyg_155ii,이사장님 100만 축하합니다.!!!👏👏👏👏👏👏👏👏👏!!!!!!,2024-06-09,sweetshop
7315,sweetshop_2024-05-31,hamzip2096,와 축하해요,2024-06-04,sweetshop
7316,sweetshop_2024-05-31,seoyeong2496,🎉 이사장님 축하해요 🎉,2024-06-04,sweetshop
7317,sweetshop_2024-05-31,twofi_ve28,100만 기념으로 골드버튼 직접 만들어 주세요,2024-06-03,sweetshop
7318,sweetshop_2024-05-31,sufflepancake,이사장님 넘축하드랴요...🥹💕💕💕 맛잇는거 마니드세여🪽🎉,2024-06-03,sweetshop
7319,sweetshop_2024-05-31,u.urim11,축하축하🥳🥳,2024-06-02,sweetshop
7320,sweetshop_2024-05-31,y.naaaaari,이사장님 최고당 쌍따봉 드립니다👍🏻👍🏻,2024-06-02,sweetshop
7321,sweetshop_2024-05-31,msadrhu,언니이잉 거의 초반때 부터 봤는데 벌서100만이라니 너무 축하해요!먹는 골드버튼 포카만들어 보장!!!,2024-06-01,sweetshop
7322,sweetshop_2024-05-31,from.armflo,축하해요❤️🎉❤️🎉,2024-06-01,sweetshop
7323,sweetshop_2024-05-31,nururiri,짱멋있다!!! 넘 대단하고 대견해 ❤️🔥,2024-06-01,sweetshop
7324,sweetshop_2024-05-31,yongja_gobchang,😮😮축하드려요🎉🎉,2024-06-01,sweetshop
7325,sweetshop_2024-05-31,bokyung.lee.186,축하드립니다아아^^ㅎㅎㅎ 너무 재미있게 잘보고있어요ㅎ 앞으로도 화이팅입니다!ㅎ,2024-06-01,sweetshop
7326,sweetshop_2024-05-31,uiyvdg,축하드려요,2024-06-01,sweetshop
7327,sweetshop_2024-05-31,dotory0521,축하합니다🎉🎉🎉❤️,2024-06-01,sweetshop
7328,sweetshop_2024-05-31,jinnycho1108,축하합니다,2024-06-01,sweetshop
7329,sweetshop_2024-05-31,jinyubin0502,그거 먹는거 아니에요,2024-06-01,sweetshop
7330,sweetshop_2024-05-31,lucas_smile_lee1007,"최고 🙌 최고 🙌최고 🙌 최고 🙌항상 응원하고 , 좋은 일만 가득하길 기원드립니다. 🙏",2024-06-01,sweetshop
7331,sweetshop_2024-05-31,simone.oddadd,틱톡부터 유튜브까지! 이사장님 항상 매우 응원💜,2024-06-01,sweetshop
7332,sweetshop_2024-05-31,hyeong_m.n,이사장님의 턱이 하드캐리를 하였군요! 축하드려요!,2024-06-01,sweetshop
7333,sweetshop_2024-05-31,eun.park.ji,ogog 이사장 축하해💜,2024-06-01,sweetshop
7334,sweetshop_2024-05-31,seohee121219,축하축하🎉,2024-06-01,sweetshop
7335,sweetshop_2024-05-31,kyungssss_,우와~~~🎉🎉🎉🎉🎉 축하축하합니당!!!!! 이사장님 골드버튼 포카 만들어주세요오❤️ 안되면 골드버튼 탕후루..?,2024-06-01,sweetshop
7336,sweetshop_2024-05-31,s._.h218,축하드립니다😍❤️,2024-05-31,sweetshop
7337,sweetshop_2024-05-31,i.intrinsic_motivation,축하드려요~ 잘 보고 있습니당😍😍,2024-05-31,sweetshop
7338,sweetshop_2024-05-31,im.so_precious,이사장님 넘 축하해요❤️,2024-05-31,sweetshop
7339,sweetshop_2024-05-31,wgevnf,넘 축하드려요🫶🏻🫶🏻🫶🏻💗💗,2024-05-31,sweetshop
7340,sweetshop_2024-05-31,sgm_xwiko,아니 골드버튼 왜 먹고계세요 ㅋㄱㅋㅋㅋ..어쨌든 100만 진짜짖짜 축하드려요!!!!!!!!,2024-05-31,sweetshop
7341,sweetshop_2024-05-31,pinkwing86,축하합니다 이사장님❤️❤️❤❤️❤️🙆‍♀️🙆‍♀️🙆‍♀️💜💜💜💜💜,2024-05-31,sweetshop
7342,sweetshop_2024-05-31,randomtaurant,너무 예뻐요❤️❤️❤️❤️❤️,2024-05-31,sweetshop
7343,sweetshop_2024-05-31,boyoun_kim83,축하드려요 이사장님. 자축의 의미로 골드버튼 음식으로 한번 만들어주세요.,2024-05-31,sweetshop
7344,sweetshop_2024-05-31,lee.__.happy,와 축하드립니다❤️❤️❤️,2024-05-31,sweetshop
7345,sweetshop_2024-05-31,sovely.5,대박추카추카,2024-05-31,sweetshop
7346,sweetshop_2024-05-31,ghkd12221,이사장님 축하해요 🎉🎉🎉🎉🎉,2024-05-31,sweetshop
7347,sweetshop_2024-05-31,n._7o3,이사장의 100만 구독자중 한명이 될수 있어서 정말 영광이라 생각하고 골드버튼 들고 있는 표정이 너무 행복해보여서 저까지 기분이 좋아져여!!!!!! 하 이사장 언제 100만 찍지 하고 맨날 생각하고 있었는데 드디오 이렇게 웃으면서 사진 찍는 날이 오네요🤍🤍🤍🤍항상 재밌는 영상 감사하고 사랑해요 앞으로도 화이팅 1000만까지 가즈아ㅏㅏㅏㅏ😻😻😻😻✨✨🤍🤍👍👍,2024-05-31,sweetshop
7348,sweetshop_2024-05-31,eun.ji_yun,축하해용❤️,2024-05-31,sweetshop
7349,sweetshop_2024-05-31,spring_jihye,이사장님 자랑스럽습니다🩷💜💛,2024-05-31,sweetshop
7350,sweetshop_2024-05-31,chojg7777,👏👏🎉🎉축하해요!!~,2024-05-31,sweetshop
7351,sweetshop_2024-05-31,_y.xxa.0,이사장님 축하해요,2024-05-31,sweetshop
7352,sweetshop_2024-05-31,zzanghyena,이사장님축하해요❤️❤️❤️❤️❤️❤️❤️,2024-05-31,sweetshop
7353,sweetshop_2024-05-31,xx0r7r2lxx,축하드려요🥹💛💛,2024-05-31,sweetshop
7354,sweetshop_2024-05-31,zenoworld,축하드립니당😁👍🎉🎉🎉🎉🎉,2024-05-31,sweetshop
7355,sweetshop_2024-05-31,gimjinseon257,채널 좋아해요♡♡♡,2024-05-31,sweetshop
7356,sweetshop_2024-05-31,yj_sung_2789,쩐다...,2024-05-31,sweetshop
7357,sweetshop_2024-05-31,pm4m1,축하해요 이사장님❤️ 앞으로도 지금처럼 재밌고 귀엽고 힐링되는 영상 마니마니 만들어주세용 ❤️❤️ 저 푸팟퐁커리 때부터 이사장님 팬이엇슴다...!,2024-05-31,sweetshop
7358,sweetshop_2024-05-31,coffee_of_lamp,역시 이럴줄 알았답니다❤️😍❤️😍,2024-05-31,sweetshop
7359,sweetshop_2024-05-31,flute8305,축하드려요 ❤️,2024-05-31,sweetshop
7360,sweetshop_2024-05-31,grim_b,멋있다..🔥🔥,2024-05-31,sweetshop
7361,sweetshop_2024-05-31,youtubekorea,이사장님 100만 구독자 달성 축하드려요👏👏👏❤️,2024-05-31,sweetshop
