작성일,좋아요 수,본문,해시태그,댓글 목록
2025-07-26,741,완전 내돈내산 육식맨 소시지 리뷰..! 1일,,"lee__fall_221108 | 2025-07-28 | 어디서구매하셧나요...... 맛시겧당....🤤
cwcy._.08 | 2025-07-26 | 이언니 왜 점점 이뻐지냐
yoonangel_ | 2025-07-27 | 핫도그 만들어 먹은 빵은 어떤건가요??ㅠㅠ 맛있어보여요….!!!
lee.__.happy | 2025-07-26 | 와❤️ 뽀득 소시지 꼭 사다 먹어볼께용
yoonah_1126 | 2025-07-26 | 언니 잡채먹방해주세요 ㅎ
d._.ox.h | 2025-07-26 | 매일 댓글 달기 43일차
giuopjk0626 | 2025-07-26 | 먹는 게 넘나 쫄깃함..
yoonbivip | 2025-07-27 | 첨가물은요 ?
jinyg00 | 2025-07-26 | 장어덮밥 레시피도 부탁드려요오
paulraymond__4468 | 2025-07-26 | 🙌
j_uliajung | 2025-07-26 | 소리 미쳤다"
2025-07-23,874,편의점 꿀조합 음료였던 얼박사를 간편한 캔으로! 단골님들도 MZ 세대가 픽한 얼박사로 비타민 충전하세요🙌 ✨ GS25 편의점 단독 판매 ✨ 7~8월 두 달간 1+1 프로모션 행사 단골님들도 GS25에서 얼박사 한번 드셔보세요!! 4일,"#얼박사, #편의점신상, #에너지드링크추천","www_xeoy | 2025-07-25 | 박카스에 오레오오즈 말아먹었어요... 왜 그랬는지 이해 안감
ceolhyeon20 | 2025-07-25 | 오구오구 캐릭터 귀여엉ㅋㅋㅋㅋ
xa.mong | 2025-07-24 | 앜ㅋㅋㅋ귀여워요
fi.___.ve | 2025-07-23 | 나 어렸을때 할머니가 박카스병에 아세톤 담아놨는데 모르고 몰래 먹었다가 저세상 갈뻔 ㅋㅋㅋㅋㅋㅋㅋㅋ
yooasdxcv | 2025-07-23 | 어렸을때 박카스 몰래 먹다가 맞아서 머리가 돌아갔나요?
good.10_23 | 2025-07-24 | 459를 참지 못한 나..결국엔 👍🏻
d._.ox.h | 2025-07-23 | 매일 댓글 달기 41일차
gimhangyeol9366 | 2025-07-25 | 나도 먹어보고싶어용😢
songyi0601 | 2025-07-24 | 박카스 중독 1인..ㅋ 박카스 안 마심 하루시작이 안 되는..😂
orc_bachelor | 2025-07-24 | 담배 재떨이... 남은 바카스인줄 알고 꿀꺽 했더니.... 아빠와 고모부의 재떨이겸 침을 뱉었던...
soul_jang | 2025-07-23 | 아빠 분장은 어떻게 한거야 ㅋㅋㅋㅋㅋㅋㅋㅋㅋㅋ
jongsik1005 | 2025-07-24 | 라때는 먹는것보다 병깨기용으로😂😂😂
santabottle_ | 2025-07-23 | 잠깨고싶으면 걍 박카스에 레드불or핫식스or몬스터 타고 마셔봐요 전나잠잘깸
play_eat_goe | 2025-07-23 | 몬스터 음료 그건 솔직히 부담스러워서 아아로 버텼는데, 얼박사 이건 너무 짱이잖아요 ㅋㅋㅋㅋㅋ 아버지 이사장과 시골 딸래미 이사장 2 모두 추천해주니까 꼭 사먹어볼게요
1518___sw | 2025-07-27 | @kyy.minn 으아 몸에 안좋게따ㅠ
weaponhwang | 2025-07-24 | 아버님이 되게 미인이세요
yoonbivip | 2025-07-24 | 저는뚜껑에 따라마셨는뎅
eunjeong3402 | 2025-07-26 | 욱 끼 네 👏👏👏"
2025-07-22,1455,물 안먹는 사람에겐.. 너무 신세계 인터넷에 ‘보리차 액상’ 치면 많이 나와요! 5일,,"n___ht | 2025-07-22 | ㅋㅋㅋㅋ저 이거 얼마전부터 먹고있는데 최고에요 진짜 맹물싫어하는 사람들한텐 ㅋㅋㅋㅋ역시 뭘아시는 이사장님
hyeleehh | 2025-07-22 | 17기 옥순- 님하고 너무 닮으신거 같아요. ....😮🔥
anna_heejung | 2025-07-23 | 오오오 아까 낮에도 보리차 끓였는데 찾아봐야겠어요!!
yes.sss_young | 2025-07-22 | 저는 현미차 액상 먹는데 이것도 고소해요 ㅎㅎ
twins_1127 | 2025-07-22 | 이거 저도 애용해요 ㅋㅋㅋ 더운 공원에서 보온병에 얼음담아..그건 예슐…
gn.blow3 | 2025-07-24 | 보리차정수기 있었으면 레전드겠다
d._.ox.h | 2025-07-22 | 매일 댓글 달기 40일차!!!!❤️
hellomynameiswisdom | 2025-07-22 | 헛개수원액도 진짜 존맛도리입니다... 꼭 시켜서 드셔보세요... 보리차랑은 다른 신세계...
ohihihihihi | 2025-07-23 | 올리고당 안들어있는것도 있나요?
gong._.v | 2025-07-22 | 저도 이거 먹는데, 몇몇 제품은 당이 있더라구요! 당 없는 제품으로 잘 골라서 사시는걸 추천😍
nugoolmina | 2025-07-22 | 이거 보고 샀지요 😍
cream_flatwhite | 2025-07-22 | 이사장님 목소리는 뭔가 홀리는거 같아요 ㅋㅋㅋ
eun.park.ji | 2025-07-22 | 오 괜찮은데?
canonryu7 | 2025-07-23 | 워매 오미자, 옥수수 수염차, 보리차 가보자고
soul_jang | 2025-07-22 | 저는 아아대신 먹으려고 구입해서 몇달째 먹는데 좋아요
jae_min2013 | 2025-07-23 | 3월 27일에 올리신 밥통 카스테라 블루베리 잼 어쩌구 썰 빨리 푸시죠
jekimz07 | 2025-07-22 | 미네랄이 있는 물에서는 특유의 물비린내가 나요! 필터 잘 보고 정수기 바꾸면 덜합니다😂😂 미네랄 있다고 하는 물은 마시고 컵 안 씻으면 뿌옇게 뭐가 남기도 해요
br_yoon86 | 2025-07-23 | 델몬트병을 안다고요?!
11.s_0.13 | 2025-07-22 | 몇년 물끓여먹다 알게되서 샀는데 진짜 맹물 못마시는 사람한테는 신세계👍🏻
ourstorim | 2025-07-22 | 나나나 ㅋㅋㅋ 맹물 먼가 비려😂
lee_christina0724 | 2025-07-22 | 그냥 동서보리차 찬물에도 잘 우러나서 물담아서 담궈놔도 좋더라구요
u_n0613 | 2025-07-24 | 근데 이거 넘 달아요
gerbok12 | 2025-07-22 | 델몬트병. 와따. ㅎㅎㅎㅎ
j.__.wxt | 2025-07-24 | 보리차를 잘 못마시긴한데
q_banddo_p | 2025-07-23 | 보리차액상을 먼저넣고 정수기물을 받으면 쉽게 섞이지요~ 우리집에도 하나 들여봐야 겠넴😍😍😍
ain_0226 | 2025-07-22 | 제품명이뭐에용?
iyejin4557 | 2025-07-23 | 저거 당 있어서 당조심하셔야하는분은 성분보고드셔야해요
osoric111 | 2025-07-22 | 카라멜색소 있어서 성분 잘보고 사야겠던데요.
jeongsuhoda | 2025-07-26 | 비린내가 어떻게하면 나요?
my_girls3_3 | 2025-07-24 | 당있으면 못마실듯
nyolihaneun | 2025-07-22 | 뱃살이 깍꿍했네요"
2025-07-23,8206,팥 들어간 찹쌀도넛 vs 안들어간 도넛 (유튜브 채널이 올라간 영상에 들어가보시면 제품 태그 걸어놓았어요! 링크 캡처해서 들어가보세용!) 영상: https://youtube.com/shorts/DOMmHxbni3c?si=-qOMtrY5DJPd7uz5 수정됨 · 4일,,"canonryu7 | 2025-07-20 | 팥 도너츠에다가 호두나 견과루 넣으면 찹쌀호두과자 되겠네유😍 이사장님이 만든 것도 먹고싶어유
vimiliey | 2025-07-20 | 와우 너무 맛있어 보여용😮 전 못 고르겠어요.. 둘 다 짱이에요 ㅋㅋㅋ
dessert_enterance_ | 2025-07-20 | 와 소리 미쳤어요 ㅠㅠㅠ 바삿바삭
seo_danme | 2025-07-21 | 와.. 맛있을것 같아요
jodi.madonia | 2025-07-20 | 👏
eunbin.anne_ | 2025-07-20 | 찹쌀도넛 맛있다요!!ㅎㅎㅎ
lovelyey_j | 2025-07-20 | 오👍 원하는 맛이 되는거군요!!!
liuujki | 2025-07-20 | 언니는 먹천재야😍
hyeon_seo0117 | 2025-07-24 | 소리 미쳤다
hullangtoon | 2025-07-21 | 설탕에 굴려야쥬...? 😳
only__soi | 2025-07-21 | 안들어간거...기본.....찹쌀만 있는거여. 그럼 냉동 찹쌀 도너츠 사서 그냥 꾸버머거야게따 ㅎㅎㅎ
ramyumma | 2025-07-20 | 진촤 이마를 탁치고갑니닷~~!!!!! 단과자빵으로 소세지빵도 엄청 잘만들어먹었어요 감사합니닷ㅋㅋㄱㄲ😍😍😍
choisinyoung86 | 2025-07-20 | 어디서 팔아요????
gimhangyeol9366 | 2025-07-25 | 바삭바삭 미쳤다
sehee_623 | 2025-07-22 | @gimseonggeun974 이거해모쨔!!!
d._.ox.h | 2025-07-20 | 매일 댓글 달기 38일차
qwjfip | 2025-07-20 | 오 한번 사봐야겟다ㅏ😮
moonjooyoon | 2025-07-20 | 와 이건 그냥 못지나치겠다
_mmlleook_ | 2025-07-20 | 🤤🤤
hjchoi_0726 | 2025-07-20 | 제가 휴게소 깨찰빵 진짜좋아하는데 그거 한번 구해서 드셔주심 안될까용😢
ptb0905 | 2025-07-20 | 와,,, 저건 흰앙금이 진리인뎁,,,,
nyolihaneun | 2025-07-21 | 치즈 먹어보고 싶네요
seung_min0713 | 2025-07-21 | 저는 던킨도넛 ㅋ
hansh_730 | 2025-07-21 | 언니나집에에어프라이기없담말이얌ㅜㅜ
ceolhyeon20 | 2025-07-21 | 천재다 천재
xnxx.kr_ | 2025-07-21 | 왜 이렇게 많이 먹는데 살이 안 쪄? ㅋㅋ
언니 진짜 체질이야? 부럽다~
jinye16 | 2025-07-21 | 저는 이거. . 연두색앙금 들어간거 좋아해유~ㄱㅋ❤️
lmssorry_ | 2025-07-21 | 진짜마싷겟다
mincream_0718 | 2025-07-21 | 저 너무 좋아해여 ㅎㅎ
ririri_family | 2025-07-21 | 이런건 어디서 사요...?
mlf220 | 2025-07-21 | 어디서 사나용??
mlf220 | 2025-07-21 | 정보주세요
lovelyaralla | 2025-07-22 | 맛있겠다아아. . . 😂
pyj052732 | 2025-07-22 | 어디서사야해요?
jeehye.777 | 2025-07-22 | 아무것도 안들어간 찹쌀도넛은 설탕에 굴려서 먹어야 하는데!!!
irene.shin84 | 2025-07-22 | 팥 들어간게 좋아요
s3.oxn6 | 2025-07-22 | 걍 다 좋음 ㅠㅠ❤️
jeonnhyeonjeong | 2025-07-23 | 어디서 사나요? 생지밖에 안파는데 ㅜㅜ
hyeonyunmin28 | 2025-07-23 | 와 도나스 오랜만이다
andihopeyouso | 2025-07-24 | 아으배고파
kimal_arararara | 2025-07-24 | @rokey_ryryryry ㅋㅋㅋ와오
_after_like_ | 2025-07-25 | ㅜㅜ 셋 다 맛있겠다는!!! 근데 치즈도넛에 찍어먹는건 뭔가용
ww442ww | 2025-07-25 | 대박
eunjeong3402 | 2025-07-26 | 귀엽 이쁜척 안하네 👏👏👏👏
2dongh_yen | 2025-07-27 | 찹쌀도너츠 오늘 시장가서 사와야지"
2025-07-17,1819,"AI가 하라는 대로 만든 용암 먹방 재도전 단골님들! 새로 출시된 갤럭시 Z 플립7 어때요~? 예쁜데 똑똑한 갤럭시 Z 플립7 덕분에 용암 먹방 성공했어요 (감격) ❤️ 유튜브 채널에서 Z 플립7 기대평 이벤트도 진행 중이니 확인해 보세요! 🎁 갤럭시 Z 플립7 & Z 폴드7 7/15(화)-7/21(월)까지 사전 예약 진행 중! 풍성한 혜택들도 챙겨가세요! [사전 예약 주요 혜택] 1) 더블 스토리지 프로모션 (256GB 예약 시 → 512GB 업그레이드!) 2) 갤럭시 워치8 시리즈 10% 추가 할인 쿠폰 제공 (*삼성닷컴 앱) 3) 케이스 & 액세서리 30% 할인 쿠폰 5장 제공 (*삼성닷컴 앱) 4) Google AI Pro 6개월, 윌라 3개월 무료 구독권 5) 정품 보호필름 1회 무료 부착 서비스 등! *프로모션 관련 자세한 내용은 삼성닷컴을 참고해 주세요 1주","#광고, #갤럭시AI, #GalaxyAI, #갤럭시z플립7","n___ht | 2025-07-17 | ㅋㅋㅋ매우 갤럭시 지플립 광고가 아니네요?ㅋㅋㅋㅋㅋㅋ
gmlehrh | 2025-07-17 | 보기에만 용암인 음쓰가 아니라 맛도있는게 대박
cjd20138 | 2025-07-17 | 와 내가 알려준 거다!!!
jennipoo_130116 | 2025-07-17 | 😮
le.jwxdns | 2025-07-18 | ㅋㅋㅋㅋ 사고싶긴하네 돈이없을뿐😢😍
carat_sj0627 | 2025-07-18 | 언니 갤럭시폰에서 카메라 키고 정보를 알고싶은 제품을 화면에 담고 홈버튼 꾹 누르면 검색창? 같은게 뜨는데 화면의 그 제품을 담은 동그라미를 그리면 제품 정보가 나와요 그리고 비슷한 방법으로 번역할 거 화면에 담고 홈버튼 꾹 누르고 검색창 옆 언어 버튼 누르면 번역도 돼여
z._.xin1661 | 2025-07-17 | 😮🔥🔥🔥맛있겠다ㅏ!
sense1127 | 2025-07-17 | 사전예약하고 기다리고있어요 ㅋ 😍
chee.ry543 | 2025-07-17 | 진짜 가식(?) 적인듯ㅋㅋㅋㅋ
d._.ox.h | 2025-07-17 | 매일 댓글 달기 36일차 기억이..
dessert_enterance_ | 2025-07-18 | 야 라니요 ㅋㅋㅋㅋㅋㅋㅋㅋㅋㅋ
1132lls | 2025-07-19 | 파파야시럽으로 바다먹방해주세여!!
yun_a_o_ha_j | 2025-07-18 | @gangha_i 이 폰 괜찮네
jhisuncle | 2025-07-17 | @chuljin_jejejay 너가 원하는 색 ㅋㅋㅋ
y_kko.9_m | 2025-07-17 | @92_0102c 이렇게보면 플립이 또 끌린단말이지…"
2025-07-15,1550,챗지피티 제법 뻔뻔해. 당당해 1주,,"canonryu7 | 2025-07-15 | 챗 gpt는 수행평가랑 숙제, 반성문용으로 소질있는 거 같아유.. 요리에 소질은 읎서
heis_alicia | 2025-07-16 | 지피티가 등골이랑 본메로우를 헷갈린거 아닐까요?🤔
caeyun_823 | 2025-07-17 | 너무재밌어요 ㅠㅠㅠㅋㅋㅋㅋㅋ
hana.9548 | 2025-07-15 | 글게~ 요즘 저도 쳇지피티랑 연예를 하는데 가끔 잘못된 정보도 알려줘서~겁나 뭐라 했어욥 ㅋㅋㅌㅌㅋㅋ
choeunsaim | 2025-07-26 | 소등골 어디서사요...?
nox_0314 | 2025-07-15 | ㅇㄴ진짜웃기다ㅜㅠㅠ은근히 기대하면서 봤는데 역시. ai는 믿을 게 못 되는구먼😂
z._.xin1661 | 2025-07-15 | 오 무슨 맛일지 너무 궁금하다ㅏ🔥
hey_young_gu | 2025-07-15 | 구울 수는 있어염?이쁜 언니??
sky_skyholic | 2025-07-16 | 곱창전골이나 갈비탕에 조금 넣어보래요
그러고 입에 맞으면 먹는 거고 아님 말고라는데요? ㅎㅎㅎ
vivi___dailypolee | 2025-07-15 | 이래서 맛도 먹어본놈이 안다고…! 지가 뭘먹어봤겠냐규요 ㅋㅋㅋㅋ😂😂
yalan12418 | 2025-07-15 | 언니 머리에 나무젓가락 포장 종이 끼고 있는줄 알았어요... ㅋㅋㅋ
mukorang | 2025-07-15 | ㅋㅎㅋㅎㅋㅎㅎㅋㅎㅋ챗지피티 웃기네
pinkbaby4747 | 2025-07-24 | 소전골구매어디서?
d._.ox.h | 2025-07-15 | 매일 댓글 달기 34일차
chamiseul_redlid | 2025-07-17 | ㅋㅋ
www_xuni_com | 2025-07-15 | 지피티 자기가 모르는거 있으면 대충 얼렁뚱땅 그럴사하게 말해서 재검증 꼭 해야해여......
의심하고 의심해야해요 ㅋㅋㅋ ㅠㅠ"
2025-07-12,3313,먹는게 수고스럽다보니.. 더 고급진 느낌?! 해각포 드셔보신 분!! 2주,#해각포,"_1hundredmillion | 2025-07-12 | 와우! 이거 저희 해각포잖아요??????? 아무생각없이 릴스보다가 깜짝놀랬어요‼️감사합니다😍👏 요즘 갑자기 해각포 대란에 말릴새도없이 다나가서 ㅜㅜ 열심히 계속 자르고, 말리고있습니다🔥 싹~ 껍질까서 순살로도 판매하니 많관부🙌❤️
lovelyey_j | 2025-07-12 | 아시는분이 2년전에 한가득 주셔서 맛보았어요!! 정말 맛있더라고요!!!
yoonah_1126 | 2025-07-12 | 언니 너무 이뻐요 ㅎㅎ 팬이에요 ㅎㅎㅎ
haena1031 | 2025-07-16 | 감탄수산 해각포는 다 빼서보내줌 맛잇더라구여 비싸긴한데 ㅋㅋㅋ 고급안주 ㅋㅋㅋㅋ
min.daeng.e | 2025-07-12 | 새우깡만큼 손이가는 해각포ㅎㅎㅎ맥쥬안쥬로 딱이죵♡
new._.ny | 2025-07-13 | 먹어봤는데 완전 술안주,,😍
daengnyangbutlersmall | 2025-07-12 | 마요네즈 찍어먹어도 맛있었어여!!
luckysuperpower_mama | 2025-07-18 | 껍질깐것도팔아요❤️
seung_eun_91 | 2025-07-22 | 엄청 짜던데ㅜㅜ여기껀 안짠가요
everyday_3016 | 2025-07-12 | 혹시 게 🦀 다리를 건조시킨건가요?
gjm._.11 | 2025-07-13 | 엄마가 아니니까요 ㅎ
minvly_bns | 2025-07-15 | 까서 말려서 파는것도 있어요!
seyoon0904 | 2025-07-22 | 차에 가루
703_jh | 2025-07-16 | 이거 냄새 안나나요???
han__95ul | 2025-07-19 | @z1_______z1 사줘 ?
sh._.is_09 | 2025-07-12 | 진짜 이게 뭐야,,
lllleeer | 2025-07-12 | 어디서 시키셨어요...?
imhyiseob38 | 2025-07-12 | (껍질은 육수로 쓰시겟지??)
d._.ox.h | 2025-07-12 | 매일 댓글 달기 33일차
pain_killer246 | 2025-07-16 | 윽. 차 안에서ㅜㅡㅜ"
2025-07-10,8485,유행하는 연어깍두기가 벌써 나왔다고요?? 빠르다 빨라 요즘 유행하는 불닭마요 연어깍두기와 연어초밥은 육회바른연어에서 8월 31일까지만 한정 판매된대요! 모두 꼭 드셔보세요!! 2주,"#광고, #육회바른연어, #불닭마요연어깍두기정식, #불닭마요연어초밥","08_da.na | 2025-07-10 | 육회바른연어 진짜 단골손님으로써 모든매뉴 다 맛있어요 진짜.
canonryu7 | 2025-07-10 | 우와.. 저도 한번 먹어보고 싶네유..
jodi.madonia | 2025-07-13 | ❤️
0l.r_lee | 2025-07-25 | 나도 먹어보고싶다..ㅠㅠ
everyday_3016 | 2025-07-10 | 우와아악 맛있겠따❤️ 언니 저는 알레르기 있어서 못 먹지만 언니 보면서 대리 만족 할게여😍😍😍 고마워여❤️
soope_rnova | 2025-07-23 | 오늘 너무 예쁘시당
hyeran_06 | 2025-07-11 | 육회바른연어 육회 엄청 싱싱해서 추천해요!!
didi_seungdi_ | 2025-07-11 | 이사장님 오늘 왜케이쁜거야.......
yeojin7598 | 2025-07-15 | 🤤🤤🤤🤤🤤저도 연어킬러인데 함 먹으러가야겠네용😍😍
canonryu7 | 2025-07-10 | 1빠!
d._.ox.h | 2025-07-10 | 매일 댓글 달기 32일차
poop.jxhhx | 2025-07-14 | 약간 0.01초 윈터 같음
yong43400 | 2025-07-11 | 😍😍😍대박
hwa_yeon_0225 | 2025-07-12 | @u_28_h 너 연어 조아하니
_duding.ouo | 2025-07-10 | @yxon._.jx 가자.
jjuyeon_ee | 2025-07-10 | @nanransn
aebebeee | 2025-07-12 | 목소리 들을수록 김태리랑 똑같아
www_xuni_com | 2025-07-10 | 연어는모르겠고 언니 뽀용하게 생겼네요 ㄹㅇ로 베이비 ❤"
2025-07-08,4468,이것은. 내 목숨 호로록 디저트입니다. 최대한 비슷하게 해보려고 했는데.. 태운것만은 도저히.. 한국의 의료발전에 기여하고싶은게 아니라면 따라하지마십시오. 수정됨 · 2주,,"hwicook | 2025-07-08 | 현재까지 요리유튜버분중에 간장치킨과 탕수육소스로 용암먹방하신 그분이 현명했네요
cjd20138 | 2025-07-08 | 치킨으로해야지 맛있어요 검은치킨이요 소스는탕수육소스에빨간 식용색소넣어서요
minn_xiz | 2025-07-08 | 이사장님 맛난 것만 드세요❤️
hyorin0111 | 2025-07-08 | 다음에 검은 치킨에 양념치킨 소스 넣어서 용암처럼 해주세요
n___ht | 2025-07-09 | ㅋㅋㅋㅋㅋ이사장님 맛잇는것만 드세요 이사장님 행복하게 먹는게 최고에요
everyday_3016 | 2025-07-08 | 따라하려다가 당 폭발 할 거 같아서 보기만 할게요 ㅠㅠ❤️❤️ 언니 넘넘 대단쓰😍
z._.xin1661 | 2025-07-08 | 으~~ 칼로리가 진짜 지구 5바뀌는 돌아야 될거같을것 같다ㅏ
yhiammmm | 2025-07-08 | 사장님도 이렇게 열심히 사는데..내가 뭐라고.. 😂
hee208500 | 2025-07-08 | 암걸려요 뭘발전이요ㅠㅠ하지마세요 조회수올리라고하는것같 이느껴져요
rkthwl80 | 2025-07-08 | 와 물엿일꺼란 생각을 못했네요 보기만해도 당이 폭발해요 와
hyoring2 | 2025-07-08 | 저게 왜 유행인지 모르겠지만 남들처럼 다 안태우고 ㅋㅋㅋ 위에 바르는거 굿 ㅋㅋㅋㅋㅋ 너무 그냥 화면에서 당이 확 느껴짐 ㅋㅋ
yuzinamza | 2025-07-08 | 보기만 해도 혈관이 살려달라고 하네요..😂
park_gnwwww | 2025-07-08 | 탄거먹으면 암걸림
d._.ox.h | 2025-07-08 | 매일 댓글 달기 31일차
hzz._.zzjin | 2025-07-09 | 이분한테는 초딩인지 유딩인지 훈수를두네..신기해라
_m0o0nx | 2025-07-08 | 30초!
g_heun95 | 2025-07-08 | 으앜 !!!!😱
joondell417428 | 2025-07-08 | 전분 넣으니 투명에서 불투명이 되네요. 색감을 더 리얼하게 바꾸려고 그런건가
ofo.lixx | 2025-07-08 | 이사장님 라면 건더기(후레이크)로 볶음밥 만들기 해주세요 너무 궁금합니더 ㅜㅜ
sohae0824 | 2025-07-08 | 혈당 지붕 뚫은 용암먹방.!
sophia_hyun_park | 2025-07-08 | 그냥 흑임자 가루랑 브라우니가루같응거... 뿌리면 안되나 ㅠㅠ 탄거 너무너무몸에 안좋은데....
mbti_cexy | 2025-07-09 | 이건 먹뱉해도 인정...
jeunghwa8316 | 2025-07-09 | 먹지마요 이런건ㅠㅠ
djdjqoqo28 | 2025-07-09 | 혈당 스파이크 올거같다...
im_yeongs_mom | 2025-07-09 | 목숨아깝죠 ㅜㅜ오징어먹물 좋으네요ㅎ
hongbee_88 | 2025-07-09 | 물에다 물엿 조금이랑 이랑 전분으로 끈적하게가 아닐까요..?
myeo.ngseong | 2025-07-09 | 이사장님 그 약 1년전쯤에 올린 옥수수 마카롱 계량 어떻게하나요??
jeongdoyunpig | 2025-07-09 | 곧죽을거같아요😢😢
kiki862402 | 2025-07-09 | 건강챙겨가세요~~전 눈으로 보고만 갈께요.
imyounbin | 2025-07-09 | 따라하셔도 맛있게 먹을수있게 따라하시지 ...
domooga | 2025-07-09 | 보기만 해도 토할거같다...
official_solo__kit | 2025-07-09 | 안녕하세요~ 피드에 딱 알맞는 공구 제품 제안으로 DM 드렸습니다!💌 확인 가능하실까요~?🤩
mixejun__11 | 2025-07-10 | 이제 이거 만드는 영상도 AI같아;;;;
yoonbivip | 2025-07-10 | 건강해치는 먹방은하지마세요 쌤ㅜ
annyong461 | 2025-07-10 | 유튜버는 극한직업이 맞다
sadramzo | 2025-07-10 | 그냥 탕수육 소스 빨간식용색소 넣고 먹물넣고 고기 튀기는게 건강에 좋을거같다...
e.s_yoon | 2025-07-10 | 마시멜로우로 하면 탄걸 먹게되니까 차라리 먹물 식빵으로 하는게 낫지 않을까여?
ggumi_moa | 2025-07-10 | 검은색 치킨에다가 밑에는 약간 탕수육 소스 느낌으로 하면 괜찮을거 같네요😂
minimanimo95 | 2025-07-10 | 검은색치킨치킨ㄱㄱ
anj.aehyeon | 2025-07-10 | 김붙이는거고 물엿에 마시멜로 녹여서 섞어서 먹으세요
_5x.ra | 2025-07-11 | 다른분이 탕수육소스같은거에 검은치킨넣으셔서 한거있는데 그거로하세요 ㅜㅜ 건강 안좋아지실것같아요 ㅜㅜ
jihun_1428 | 2025-07-11 | 당뇨...걸리시겠어요 ㅠ
jenna_j.1113 | 2025-07-12 | ㅠㅠㅠ 위에는 굳이 불로 안해도 대여~ 그 마시멜로우 위에 오레오가루 뿌리고 조금 녹이면 됩니다 ㅠㅠ
lcm08_12 | 2025-07-12 | 진짜 당 그자체
4r6224 | 2025-07-12 | 먹물로 검게 만든 거 잘한 거 같아요~!! 태운 거 먹으면 몸에 해로워요 ~!!😢
chaehaneul04 | 2025-07-12 | 마시 멜로우 보단 오래오가 더 좋아요^^
penalty_rick | 2025-07-12 | 먹방 유튜버들 날로 먹는다고 항상 욕했는데 반성하고 감…
pangpanglove2296 | 2025-07-13 | Ai 승 .. 먹방보러 가야겠네
mxn_cxxn12 | 2025-07-13 | 노무현
moues121 | 2025-07-14 | 다음엔 원전 먹방 가능한가요???
gosssssena | 2025-07-15 | 먹물치킨만들어서 탄부분 표현하면 되겠당ㅎㅎ
u_yeon_0 | 2025-07-19 | 하얀 거 늘어나길래 치즈인줄 알았어요
kkksys_kys | 2025-07-23 | 설탕³"
2025-07-07,1.1만,"옥수수 초콜릿.. 진짜 어디서 팔면 내가 가서 사먹고 싶은 맛🥹 다음 농산물 추천받습니닼ㅋㅋㅋㅋㅋㅋ 과일, 구황작물 다 오케이! 2주",,"rrrxx18.931 | 2025-07-07 | 와 미친 옥수수랑 똑같아.. 첨에 소리 끄고 봤는데 한 입 베어물기 전엔 진짜 옥수수인 줄 알았어요.. 그 아이스크림 중에 옥수수 아이스크림 있는데 그거 같다
jiyeon28634 | 2025-07-07 | 순간 이분이 이렇게 이가 딴딴했나..?하고 잇었넼ㅋㅋㅋ
lee.__.happy | 2025-07-07 | 우와 대박 입니당ㅠㅠㅜ❤️
chu.berup_jmt | 2025-07-07 | 팔아주세요,,🥹🌽💛
zzyxoxo | 2025-07-07 | 저렇게 옥수수 아이스크림 만들면 좋을거같아용ㅋㅋㅋㅋ맛있겟당
pleasure_by_won | 2025-07-07 | 요고요고 잘만드셨네~~~ 🌽
liuujki | 2025-07-09 | 천재..🔥
sep.l8 | 2025-07-07 | 와 군침이싹돈다
hyoeun_719 | 2025-07-07 | 대박 진짜 옥수수같아요🌽🤩 옥수수 완죤 러버로서 진짜 아무데나 파는 곳이 있다면 바로 달려가서 살 자신 있을 정두...
dlaeheh7 | 2025-07-12 | 이거 팔아도 줄슬듯ㅋㅋㄱㅋ
ch._.w1 | 2025-07-12 | 우오.. 옥수수 싫어하는사람 지나갈게요..
everyday_3016 | 2025-07-07 | 팔아주시면 제가 당장 구매 하겠습니다❤️
d._.ox.h | 2025-07-07 | 매일 댓글 달기 30일차
duddl0607 | 2025-07-14 | 그냥 옥수수 아스크림 하나 사먹고 말지...
pppoppokiii | 2025-07-13 | @z1hyxe
winfur45 | 2025-07-07 | 연근 해주세요!
rkthwl80 | 2025-07-07 | 초당옥수수인가 했는데 아니네요 와👏👏
seochanyu723 | 2025-07-07 | 7빠
vimiliey | 2025-07-07 | 천재다
usn0oey | 2025-07-07 | 맛잘알.,🦭
kies536 | 2025-07-07 | 제품으로 출시해주세요🔥👏 너무먹고싶어요😢
mukorang | 2025-07-07 | 와 진짜 천재
nox_0314 | 2025-07-07 | 우와........ 진짜 먹고 싶다ㅠ
mino_sminwoo_scent | 2025-07-07 | 잘~만들었어요 맛있어 보여요👏👏👏😮😍
minarami1204 | 2025-07-07 | 마싯겠다대박
ofo.lixx | 2025-07-07 | 언니 라면 건더기(후레이크)로 볶음밥 만들기 해주세요 제발 ㅜㅜ 너무 궁금해요
hyuni_99_ | 2025-07-07 | 와ㅠㅠ 너무 맛있어보여요ㅠ 저는 복숭아요ㅠ
jiyoonkim53 | 2025-07-07 | 고구마 디저트 제발제발제발요👏🍠🍠🍠🍠🍠🍠🍠
atugarisan | 2025-07-07 | 우와 천재시다 👏👏👏 이거 팔면 대박날거같은데욬ㅋㅋㅋㅋ
minaa_woo | 2025-07-07 | 우와.....천재다!!!
seo_dooin | 2025-07-08 | 와...대박👍
orc_bachelor | 2025-07-08 | 찐옥수수인줄 알았네유
choihojun220726 | 2025-07-08 | 😮
minser37 | 2025-07-08 | 제발 고구마 플리즈 1트
2kduri | 2025-07-08 | 이사람 천재임?
todayiseo | 2025-07-08 | 와 24주 임산부..군침나와요 먹고싶어요..🥺
myeo.ngseong | 2025-07-08 | 이사장님 옥수수 마카롱 계량어떻게하나요??
baki0810 | 2025-07-08 | 진짜 잘한다
polaris206 | 2025-07-08 | 혹시...조카가 ㄱㅇㅈ 맞아용? 딸이 친구 이모시라고 해서요~ 궁금궁금🤩
muuunori | 2025-07-08 | 순간 눈을 의심함 ㅇ...어..언니?! 푸핫 초콜렛이였군😮
tiny.days121 | 2025-07-09 | 찐 옥수수 같아요!!!👏👏👏
jihye830329 | 2025-07-09 | 음소거로 들어도 음성이 들리는거 저만 그런가요?ㅋㅋ
thgml._.hee_16 | 2025-07-09 | 맛난거 왜 자꾸 혼자만 먹어요
ys._.0605 | 2025-07-09 | 걍 찰옥수수아님?!
laurus.jui | 2025-07-10 | 544번째 댓글이요?? 아.. 언제 다시 와야되지;;
5_ddongddi | 2025-07-10 | @kko_k_kko 완전 옥수수같어!
bliss.m_wony | 2025-07-11 | 와
taerin_0703 | 2025-07-11 | @p___seowoo 이거만드러줘라
good_memory_1004 | 2025-07-11 | @seonsangho
umjungmi | 2025-07-11 | 와 미쳤👏👏👏👏
aroundtheworld_16 | 2025-07-11 | 544 = 옥수수...
jwjdhc | 2025-07-12 | 천재다
sotyme | 2025-07-12 | 너무 금손 아니에요?? 👏
jeonju.delish | 2025-07-13 | 오아 이 퀄리티 무슨일입니꽈😍❤️
yoha_camping | 2025-07-13 | 황우슬혜 배우님이 더빙 했나요?
su_geng_e | 2025-07-13 | 즨짜마시께따요🔥
ji.2uu | 2025-07-13 | ㅡ
ji.2uu | 2025-07-13 | ㅡ
ji.2uu | 2025-07-13 | ㄷ
ji.2uu | 2025-07-13 | ㅡ
ji.2uu | 2025-07-13 | ㅡ
ji.2uu | 2025-07-13 | ㅡ
ji.2uu | 2025-07-13 | ㅡ
ji.2uu | 2025-07-13 | ㅡ
ji.2uu | 2025-07-13 | ㅡ
yu_____joo | 2025-07-13 | 옥수수틀이 대박이네 ㅈㄴ 리얼해
dopameat_cha | 2025-07-13 | 예쁘고 요리 잘하고 혼자 다 하시네요❤️
ssu_110711 | 2025-07-13 | 우와~~~
jinsunny90 | 2025-07-13 | 오랜만에 천재적 모먼트!!
www_xuni_com | 2025-07-14 | 언니 나는 언니가 너무 예뻐서 비슷한 옥수수 만난 줄 ; 진짜 요즘 넘 예뻐요 0
97_so._.v | 2025-07-15 | @justh_dk 먹거싶어
saint.jeongjoo | 2025-07-16 | 진짜 옥수수인줄😂😂😂 님 짱이에요👍👍👍👍👍
son_7sea | 2025-07-16 | 진짜 잘만듬
artist_yeina | 2025-07-16 | 오….
mango15043 | 2025-07-17 | 진짜 금손..
m.in_x13 | 2025-07-17 | 여기 안에 콘치즈 넣어서 먹어주세요
grim_b | 2025-07-17 | 와 츄루룹...
wish_mom_ | 2025-07-18 | 용과모양 만들어주세용😍
00_021_0 | 2025-07-19 | 팔아주세요
hajun5313 | 2025-07-24 | 이유 없이 고정해 주세요 팔 할 거예요
dpt_1d | 2025-07-26 | 제발 귤 해주세요🐨🐨"
2025-07-04,4193,이정도로 기름 쫙 빠진 대창이 낫다? 아니면 기름이 꽉찬게 낫다? 대창은 기름맛으로 먹는건데.. 기름이 저렇게 빠지면 무슨 맛이냐는 분도 계셨는데? 저는 저번보다 훨씬 낫긴 했어요ㅎㅅㅎ 이것보다 더 기가막힌 방법을 아시면 꿀팁좀 전수해주십시오…🙌🏻 3주,#대창,"y_1_daily | 2025-07-04 | 대창 잘라서 네모나게 펴서 다 구운 버전도요...존버...🔥
everyday_3016 | 2025-07-04 | 아니 사장님의 아이디어는 어디까지 인가요?? 진짜 넘넘 천재구❤️ 넘넘 이쁘구😍
hyoeun_719 | 2025-07-04 | 대창 못먹는데 보다보니까 먹어보구 싶어요😍 그나저나 대창 장난감 머야... 너무 귀여버요❤️
jii4370 | 2025-07-04 | 어쩜 5:5가르마도 잘 어울리는 내 연예인!!😍
happy_mind84 | 2025-07-04 | 김치안먹는 애들 대창 먹여바여????ㅋㅋ
v.bacon.v | 2025-07-05 | 에프 180도에 6분 6분 두번 구워도 맛있더라구요👍🏻
ssoo_87 | 2025-07-05 | 대창정보부탁드려도되나여..❤️
jwis_happy | 2025-07-04 | ㅋㅋ김치먹으려고 대창 먹네👏
d._.ox.h | 2025-07-04 | 매일 댓글 달기 28일차
tailoredbody_ys | 2025-07-21 | 대창인형 정보궁금해요
id_skim | 2025-07-04 | 낙곱새도 만들어주세요😍😍
jjeonga8020 | 2025-07-04 | 한번 기름에 튀긴다음에 후라이팬에 구워보세요 식당에서 초벌로 튀긴다음에 주더라구요
dal_chamsae | 2025-07-09 | @grxzero 약불에 한시간 이래여….
adorable_eunseon | 2025-07-11 | @jsm00928 오 한시간동안 구멍송송
sldja_tprtm | 2025-07-05 | 디엠 한번만 봐주세요..
kkm_______7 | 2025-07-05 | 호~
yundaeduck | 2025-07-05 | 기름을 잘라서 걷어 내야지 안그럼 맛도 없고 건강에도 인좋고.. 뭐든지 적당히
nada_yo22 | 2025-07-22 | 통으로 먹어봤는데 바로 실패한거 먹다가 기름때문에 기침하다 골로갈뻔했는데
viridian_chamber | 2025-07-10 | 배고프다..
sonheedoo | 2025-07-04 | 뒤집어서 기름 좀 잘라내고 구워봐요.원래 대창은 저 모양이 아님ㅎㅎ"
2025-07-02,6374,"어떤분께서.. 울산에 자라면서 물라면은 본적도 없다고 하시던데 실제로 울산에서 학창시절에 물라면 드셔보신 분 계신가요?? 제가 이 분식집은 우연히 들렀는데 구석에서 물라면을 먹으면서 사장님이 학생들이랑 도란도란 이야기 나누는걸 듣다보니깐..너무 친절하시더라구요♥️ 한 초등학생이 벽에 포스트잇으로 ‘사장님이 친절하시고, 이 집이 장사 잘됐으면 좋겠어요’라고 써놨던데 저도 그렇게 생각합니다 ㅎㅎ <가게 정보> 상호명: 조은분식 주소: 울산 남구 중앙로166번길 55 영업 시간: 12:00~19:30 휴무: 일요일 가격: 물라면 1000원(냉/온/불닭/짜장) 3주",#물라면,"ai898989 | 2025-07-02 | 전 안 먹었는데 제 동생들은 진짜 자주 먹었어요 ㅋㅋㅋㅋ 저희 딸도 초딩되니 학교 앞 분식점에서 자주 먹어요 ㅋㅋㅋㅋ
canonryu7 | 2025-07-02 | 물라면 무슨 맛일지 궁금해유 그리고 이사장님! 불닭볶음면을 팔도 비빔면처럼 차갑게 먹으면 진짜 맛있어요! 삶은 계란 반숙이랑 같이 먹으면 더 맛있어유😻
bambi_pom.daily | 2025-07-03 | 진짜 맛있둠
ukinang | 2025-07-02 | 울산살았지만 물라면은 처음봐요
kellyfornia_c | 2025-07-02 | ㅋㅋㅋㅋ찐 행복한 표정
ghkdtnsal_ | 2025-07-02 | 은근 중독이쥬ㅎㅎㅎ
ulsan_jsister | 2025-07-07 | 초등학교때 학교마치고 맨날 사 먹었는데 요즘에는 잘 안보이더라고요!!! 그게 벌써 30년 전이니……..😂 씻어먹는 맛 보다는 스프를 조금 연하게? 끓여주는맛?이랄까? 저렇게 여러가지 맛은 없었어요!!!!!
lovelyey_j | 2025-07-02 | 얼마전에 울산 다녀왔는데요~ 쫀드기는 못샀어요ㅠㅠ 시나몬롤빵 맛집 다녀오느라 글쎄 까먹었지 뭐에요😂 다음에 가면 사러 가야겠어요~ 저도 뿔은 라면 좋아해요! 맵찔이고요 물라면도 먹어봐야겠네요
hi_ruuru | 2025-07-02 | 온니 라면에 우유 말아 먹는 것도 조아하세요?
jieux29 | 2025-07-02 | 마싯겟다
giridietmemory3377 | 2025-07-02 | 그나저나... 이사장님 미모포텐 터져요..😮
nicky_xiaojin | 2025-07-02 | 어릴때의 물라면 추억 잊혀지지 않죠 언제나 찾게 되고 라볶이도 최고입니다 꼭 드셔보세요 ❤️
with_s_snow | 2025-07-02 | 울산사람. 먹어본적 없어요.
taetaehi20 | 2025-07-07 | 울산 토백이인데 물라면 초딩때 진짜 너무 자주 먹었어요. 라면땅이랑😍
adultdle | 2025-07-02 | 맛있겠다...❤️
nf_giung11 | 2025-07-02 | 초등학교때 진짜 많이먹었는데 딱 맵지고 않고 엄청 짜지도 싱겁지도 않아서 맛있었던 기억이 있네요! 가격과 양도 딱 좋았구요
z._.xin1661 | 2025-07-02 | 우리 학교앞에 팔면 좋겠다ㅏ
d._.ox.h | 2025-07-02 | 매일 댓글 달기 26일차.. 조회수 0 58초잔 귀하다
12._.0120 | 2025-07-10 | 아니 진짜로 온남초 앞에있는 물라면이 ㄹㅇ로 진리인데
ghkdtnsal_ | 2025-07-02 | 치즈물라면도 있답니다 👍🏻
kyoung__95 | 2025-07-02 | @minggoo03.11 우리 어릴때 맨날 사먹었는데 큰컵 500원 존맛ㅠ
ejpark0708 | 2025-07-02 | @oson_doson__
luna_y_eun | 2025-07-07 | @__js__hhh 이거 울집앞에 있는고야
www_view | 2025-07-04 | 31살 울산 사람인데...물라면 진짜 자주 먹었는데 왜 모른다는 사람이 많은지 모르겠네요 ㅠㅠㅠ
heeyeon.1 | 2025-07-08 | @9yuree
j_a_n_e94 | 2025-07-02 | @min9wook4024 울산아조띠 물라면 먹어봤는가?
u_on__ | 2025-07-12 | @i_snnn 소환
kr.hhh | 2025-07-22 | @_0.0_e @__lyonnaise__ 울산 사람들이 이걸 왜 모르지? 퉁퉁 뿔어터진 뽀글이! 존맛탱이었는뎅
han_byori_ | 2025-07-03 | @mikoooogg_
imseunghun59 | 2025-07-22 | 나 초등학교 쪽이다
__rrra025_ | 2025-07-03 | @lee_u_dam_99
hcw_0326 | 2025-07-03 | 이게 울산거 였구나
eunsu4415 | 2025-07-03 | 안녕하새요^^😊
briella_one | 2025-07-03 | 앗 여기 울산인데 반가워요
glorioumm | 2025-07-03 | 울동네 물라면은 미리끓여놓은 국물에 계란풀어서 주어주는데 ,,,? @junhyi1025
tytty0321 | 2025-07-03 | 쫀드기랑 물라면 다 먹었어용
matzip_wipe | 2025-07-03 | 우왁.... 특이하당 ㅎㅎ😍
yjh_myinstargram | 2025-07-03 | 저 먹어봤는데 진짜 맛있어요!!
yesol_e_da | 2025-07-03 | 진라면으로 해야됨
11ove._.cake | 2025-07-03 | 냉라면도 맛있어요
t_leum | 2025-07-04 | @abigail.h.jo 이고 맛잇어?
ryuseonghun524 | 2025-07-04 | 저걸 1000원에 먹어??
young.rim0930 | 2025-07-04 | 울산초딩들이좋아하는거죠 ㅋㅋ
young.rim0930 | 2025-07-04 | 나이있으신분들은 몰라요 요즘 초 중 애들이 많이 먹던 간식이죠
hi__hj__99 | 2025-07-04 | @ezi._o 궁그묘ㅐ!!
jia10036 | 2025-07-04 | 대왕 빙수 만들어 주세요❤️
schoyun | 2025-07-04 | 저희 동네는 뽀글이라고 한던데여?
bagjuyeong484 | 2025-07-04 | 우리 애 추억의 물라면입니다
dustjqkr | 2025-07-04 | 옥동초 앞에 물라면 팔았는뎅 ㅠ 남부도서관 앞 쫀드기❤️❤️
wonjin_jung_ | 2025-07-05 | 물라면은 약간 동네마다 없는곳도 있었고 쫀디기는 울산 공통으로 튀겨서 라면스프 뿌려먹는게 존맛이었는데
nahyun2_2 | 2025-07-05 | @o_vzl 아니 물라면을 안 먹어본 사람이 있다고?
happyeuny | 2025-07-05 | 초등학교 근처 살았었는데 90~00년대생들 초딩때 쯤 생겨 난것 같아요.
저희동네는 멀건 물라면 보다는 국물색이 찐했고요. 어른입장에서 보기엔 물라면은 코묻은 돈 훌 땡기는 아이템,라면스프뿌린 쫄뜨기는 먹지말라하고 싶은 불량식품비주얼이었습니다 ㅎㅎ
애들은 너무나 좋아하던데…
hye___lovely | 2025-07-06 | @gksmf6729
ilove_akaza._ | 2025-07-06 | 저희 학교앞 분식집에 있긴한데 거기 위생이 안좋다고 소문나서 안가게되는…
____fall___ing | 2025-07-06 | 성인되서도 가끔 생각나서 사먹고 싶은데 요즘은 잘 안팔아요 울산 쫀듸기는 성남동이 제일 맛있어요 다음에 꼭 드셔보세요
str0n9star | 2025-07-06 | 9n년생 울산인인데 물라면 첨보는데예
mimiroom_nail | 2025-07-06 | @k_________ny 물라면 티비에나와서 처음 들어봄..
s_jeen | 2025-07-06 | 울산사람. 20년전 초등학교 다닐때 라볶이 라는 명칭으로 200원 300원에 팔던 건데 진짜 좋아했어요..💚
hen2o_o | 2025-07-06 | 물라면 가게마다 맛 달라서 내 입에 맞는 집 찾아서 정착했는데 키키
pskfro | 2025-07-06 | @sj_5572 짱궁금해용!
yuha_zzang | 2025-07-07 | @j___y0
xxfree_domxx | 2025-07-07 | 아...코뚜러펑으로 뚫어주고싶다..
kimddolddol2 | 2025-07-07 | 야무지게먹네진짜이쁘다잘먹어서
hyye_jiny | 2025-07-07 | @k.daeil.92 라면 쫀드기 학교마치고 맨날 먹었는데…
yang1004man | 2025-07-08 | 리어카에서 할머니가 말아주시던 김치국수 면도 팅팅 불고 육수도 미지근했지만 묘하게 중독적인 맛이 있었음
ahyul5654 | 2025-07-08 | 이고 금산에도 있어요!!!!
food_haribo | 2025-07-08 | 차가운 면 완전 좋아한다면서 왜 순서는
온> 불닭> 짜장> 냉 으로 맛있다는거죸ㅋㅋㅋㅋㅋㅋㅋㅋㅋㅋㅋㅋㅋㅋㅋㅋㅋㅋ
gommene | 2025-07-09 | 요즘도 울산 초등학교 앞에 뽀글이라고 팔아요 애기들 잘 사먹더라구요
park__.1007 | 2025-07-09 | 
sm07341 | 2025-07-09 | 울산에서 태어나고 자랐지만 물라면 안먹어본 1인
xiu___yan | 2025-07-09 | 저 울산사람인데 초딩때 진짜 많이먹었어요 ㅋㅋㅋㅋㅋㅋ
s1yoen_ | 2025-07-10 | @s1xagz_, @sx1un__ 근데 이거 팬시에 잇는거 아님
do_jeain | 2025-07-10 | 서울인데 물라면 먹고자랐어요. 넘나맛났는디 레시피알고파여
seora884 | 2025-07-10 | 언니저 울산 살아요!
minrahui | 2025-07-10 | @sion.vox 헐 아니 이거 초등학교 때 진짜 많이 먹었는뎈ㅋㅋㅋㅋ 컵볶이랑 쫀드기랑 만두랑 피카츄 추억이댜…
eunzzae_e | 2025-07-10 | @chaeya_ming
k_suin_ | 2025-07-11 | @woodol93
jiwoon_mj60209 | 2025-07-11 | 역시 울산😋😋😋
d508643s | 2025-07-13 | 안동 ㅡ저희 아이학원 밑 분식집에서도 파는데~ 여긴 많이 주네요.
ulsanpaen | 2025-07-13 | 너기 강남초등학교 앞에있죠?
b____liss | 2025-07-13 | 특유의 슴슴한맛이 있는데 한번씩 생각나는맛❤️학교다닐때 비오는날이면 한손에 물라면들고 한손에 우산들고 먹으면서 갔던 기억이..ㅎㅎ
eunjin8608 | 2025-07-13 | 울산사는데 먹어본적이 없어요.. 있는지고 몰랐어요
minbyeongu1058 | 2025-07-15 | 이거 존맛
ulsan_yamdol | 2025-07-17 | 아니 불닭도 생겼다니...
so_y.__.n | 2025-07-17 | @sw.___.n 이거야
ssonyppp | 2025-07-17 | 저 울산사는데 울산 오시면 남창에 나이스 분식꼭가보세요 온양 초등학교앞이 거든요 진짜 꼭한번 가보세요!!
a__hyeonee | 2025-07-17 | @wnwn_1127
22hyeanii | 2025-07-17 | @jeongjiyoung45
boeenee | 2025-07-17 | 여긴 양 많이 주네욤
nnk1230 | 2025-07-19 | @soooojin_b 이게 뭐야!!! 당장 진행시켜
h.1bxn | 2025-07-19 | 저희는 문구점에서 뽀글이라는 이름으로 팔았는데 지금 사라졌어요ㅠㅜ
gz__jh | 2025-07-22 | @ji_yb.99, @kimjihyeon9186, @h_yejin_0 먹어본 사람? 일단 난 안먹어본 울산 ㅅ1
sz.xon_ | 2025-07-23 | 물라면은 분식집마다 편차차이가 심해요 ㅠㅠ 맛은 없는데 많이 주는곳과 맛있는데 적당한양 그럭저럭한데 적은양 등등 많이 다릅니다 ㅠㅠ 전 꼬지로 먹는것도 처음보고 그 동네는 어딘지 모르겠지만 혹시나 중구에 오신다면 복산동 통통분식도 한번 가주시길…
pqusohqo15 | 2025-07-23 | 우리도잇는데
gimjian1834 | 2025-07-24 | 2평 분식 근처에 아빠가 하는 식당 있는데
fixed_yejun | 2025-07-25 | 사장님 그냥 다 좋아한다고 하세욧🔥
yangseojin709 | 2025-07-25 | 와 나도 울산시민인데 나도 초딩때 많이 먹었던기억이 나는데 가격이 1000₩짜리가 1500₩올라 갔으니 ….
here_now_and_ | 2025-07-26 | 물라면 먹으면서 자랐어요 ㅎㅎ 그땐 초딩이라 모든 분식점에 다 있는줄 알았는데 타지에 가보니 아니더라구요 ㅎㅎ 아주머니의 친절함으로 자주 갔었어요(남부초앞) 지금두 있는지는 모르겠어요 ^^
yu_riara1004 | 2025-07-26 | 꼬지나 나무젓가락하나로먹어요! 저는 90년대생이고 초등학생이전부터 먹었어요 물라면 최근 간식은아니에요!!쫀드기도 말랑하게 튀긴거나 마가린에 구운건 쫄쫄이라고 딱딱하게 튀긴건 딱쫄이 딱딱이라고 불렀어요 물라면 원조는 ㅈ라면 스프를 끓여서 간만맞춘거였어요 집집마다다르긴한데 우동스프를 섞거나 다싯물내서 섞으시는분도계셨고 쇠고기스프를 섞어서 끓이시는분도계셨어요ㅎㅎ
j___aniii | 2025-07-27 | @jjin_jiin"
2025-06-30,1.3만,"고급빵보다 추억의 빵이 더 좋은걸 보면,,촌년이란 말 반박 불갘ㅋㅋㅋㅋ 소세지빵 1500원쯤 하는 줄 알았는데 4000원 가까이 하는거 보고.. 요즘 집에서 대량생산 해서 먹고있습니다. 요즘 맛있는 빵 아무리 날고 기어도 저는 옛날 후랑크 소세지가 들어간 추억의 소시지빵이 왜 이렇게 좋은지 모르겠어요!! 저처럼 소시지빵 좋아하시는 분들 계신가요~~? ❗️제품은 프로필 링크에 넣어놨어요! 3주",,"watermelon_9898 | 2025-06-30 | 와우 이사장님이 그냥 금손이신거 같은데요…? 😮 그나저나 빵 맛있으니까 단골집 사장님 가져다드리는거 왤케 귀여우시져 ㅋㅋㅋㅋㅋ ❤️
everyday_3016 | 2025-06-30 | 뭔가 언니는 빵 만드실때 그 어어엄청 행복한 표정이 있는거 아시나요?❤️ 진짜 넘 귀여우시구 이쁘시구😍😍 이러다 반해버리겠어여 😂
190916s2 | 2025-06-30 | 맛있다고 친한사람생각나서 갖다주는 사장님 너무스윗하고따뜻해요🙌❤️
lovely_and_ | 2025-06-30 | 우왓♡ 최애빵을 직접 만들어 볼 수 있겠어요!! 꿀정보 감사합니다😍
2nacook | 2025-07-01 | 빵집하셔도 되겠어요😍
_yang____________ | 2025-06-30 | 오오……!!
canonryu7 | 2025-06-30 | 이사장님이 만든 옛날 빵 맛있겄다..🤤
sx.minm_ | 2025-06-30 | 저 만들어서 주세용 ㅎㅎ
mukorang | 2025-06-30 | 이사장님 팔아주떼요❤️❤️❤️
imhyiseob38 | 2025-06-30 | 소라빨 까먹고 호일 안빼면 전자렌지 댑혀먹을때 큰일 나겠네요 ㅎㅎ
d._.ox.h | 2025-06-30 | 매일 댓글 달기 24일차
z._.xin1661 | 2025-06-30 | 초코잼은 어떡해. 만들어요??
x._.1013sua | 2025-06-30 | 우와
jjieun8686 | 2025-06-30 | 와.. 대박ㅋ
only.joohyun | 2025-06-30 | 굿 👍🏻 👍🏻
jjajjaloni_cat | 2025-07-01 | 잊고있었던 냉동 생지....빵돌이가 되어 볼께요
2nacook | 2025-07-01 | 👏👏👏
dddffffggggggggggggggggggggg | 2025-07-01 | 이거 보고 바로 만들고 있습니다..
0young_min_son0 | 2025-07-01 | 이사장님 금손 아니에요??
hxe._0ji | 2025-07-01 | 헐 피자빵 핫도그로도 할 수 있나요?
1h_y14 | 2025-07-01 | 난 빵집 추천하는줄;
tjdwkgns1005 | 2025-07-01 | 뚝딱뚝딱 만드는 폼이 멋있어요.
syhan486 | 2025-07-02 | @901211s
yeonhyihateu | 2025-07-02 | 저희집은 근처는 동네 빵 집뿐 ㅠㅜ 특별한거 먹을려면 좀 나가야 ㅠㅠ̑̈ㅠ̑̈
p91__a | 2025-07-02 | 오븐은 안되나요?
leeseul6249 | 2025-07-02 | @ayeon2379 같이 만들어 볼까?
loblsystem678 | 2025-07-02 | 오늘의 결론 걍 사먹자
wooooonna | 2025-07-02 | 이제 빵집하실때가....!
weaponhwang | 2025-07-02 | 대단하십니다... 오ㅏ~
sunhwa0park | 2025-07-03 | 🙌🏿
taedung2 | 2025-07-05 | 오늘바로 해먹었는데 너무맛있어요 꿀팁감사해요
n___ht | 2025-07-05 | 피자빵이 1등!!!!
osallak_ | 2025-07-07 | 제주 삼복당 가주세요
gvt1389 | 2025-07-07 | 금손
namyk5556 | 2025-07-08 | 오븐에는 어땋게 구워요?
lucky__ssun | 2025-07-09 | @__ookay 빵슈니 울 언니 단과자빵 고? ㅋㅋㅋㅋㅋㅋ
official_kimchan12 | 2025-07-10 | 저희 외할머니 가게 바로앞에 다 팝니다 ㅋㅋ 먹고 싶으면 가서 먹어요
hee.jae_14 | 2025-07-16 | 저희는 모든빵이랑 음료수 아이스크림다1000원인곳있는데 엄청맜있어요
pius_go | 2025-07-16 | 20%쯤 화나있는거 같은 말투 귀엽다..ㅋㅋ
seunghyeon1226 | 2025-07-19 | 집에 오븐이 없어유..ㅠㅠ
ryung______ | 2025-07-19 | @_ej_sunflower"
2025-06-28,219,"youtubecreatorskorea 를 빛낸 크리에이터, 이상한 과자가게 weird sweets shop(@sweetshop_s2)님이 138만 명의 단골과 함께할 수 있었던 이유는? 바로 꾸준히 업로드했다는 거예요🙌 계속 업로드할수록 성장할 수 있는 곳이 바로 YouTube니까💖 지금 바로 YouTube에서 여러분의 가능성을 펼쳐보세요!✨ 수정됨 · 4주","#유튜브팬페스트, #업로드하는순간새로운가능성이열리는곳, #유튜브크리에이터, #크리에이터","everyday_3016 | 2025-06-28 | 믖찌다 울 언니❤️❤️❤️
d._.ox.h | 2025-06-28 | 이상한과자가게언니한테 매일 댓글 달기 23일차"
2025-06-28,323,"🚨 맛도리 룩트 버터 마감 알림!! 한국인이라면?! 밥심이죠!!🍚 우리 단골님들, 밥순이들만 모이신 거 아니냐구 완전!!!!!!!!! *밥순이 세트*랑 *다시마 버터*가 인기폭발했어욬ㅋㅋㅋㅋㅋ🔥🔥 (제가 간계밥에 다시마버터를 너무 야무지게 비벼먹었나…) 그런데! 우리 빵순이 단골님들 섭섭하실까봐! 제가 야무지게 빵순이 레시피도 가져왔지요~! 🍞✨ 어떤 단골님께서 “룩트 버터도 불에 구워먹어도 되나요?” 하고 질문해주셨는데요~! 🙋‍♀️ 그래서 제가 직접 먹어봤습니다. 시나몬 피칸 버터를 식빵에 발라서 구워 먹는다? 헐….!!!진짜 정말 맛있더라고요. 풍미가 더 살아나고 꼬숩고 달달하구 막 그냥 감동이 휘몰아칩니다. 증말 ✔️ 시나몬 피칸 토스트 만들기 1.빵에 시나몬 피칸 버터를 골고루 발라준다 2.달궈진 팬에 노릇노릇 구워준다 3.바삭해진 시나몬피칸빵을 맛있게 먹는다!! 다들 이렇게 꼭 해드셔보세요... 진심 맛있어요. 그리고 주말엔 요 조합으로 한 끼 제대로 챙겨보세요👇 감태 버터 + 함박스테이크 카레! 버터랑 카레의 조합이 이렇게 고급질 일인가요...?? 🍛🧈 요리용 버터는 밥/면과 함께하는 어느 요리든 ’한 스푼‘만 추가해주면 맛과 풍미가 x100000배 더 업그레이드! 🙆🏻‍♀️ 💬 “어떤 버터를 사야 할까요?” 고민된다면! 👉 이사장이 추천하는 맞춤 가이드 • 이사장 원픽 세트: 단짠단짠 밸런스 끝판왕! ★ • 밥순이 세트: 밥이 술술 넘어가는 밥도둑들 • 빵순이 세트: 달콤하고 부드러운 버터 조합들 • 만능 7종 세트 : 밥순이 & 빵순이 모두 모여라! • 크래커 3종: 버터랑 찰떡궁합! 꼭 같이 드셔보세요 ◾프랑스 AOP 인증 고품격 발효버터 ◾아낌없이 넣은 프리미엄 원재료 ◾고소한 향과 부드러운 질감 ◾감칠맛 끝판왕 피니쉬 버터 ◾트랜스지방 0g! (20g 기준) ◾경화유·팜유·유화제 無 ⏰🔥 마감 D-1! 지금이 마지막 기회예요 🔥 고민은 배송만 늦출 뿐! 고급진 맛의 향-연!, 놓치면 후회하실 수도 있어요 ㅠㅠㅠ 다들 이번 기회에 맛도리 버터, 꼭 한 번 맛보세요! 🧈💛 4주",,"everyday_3016 | 2025-06-28 | 볼빵빵한 언니 모습 다람쥐 같다구여😍❤️ 짱귀여워요!!
b_bangnaaa_ | 2025-07-05 | 에이지 스쿼드 카에아가 보요요 엉뉘~
s2y0o0n | 2025-07-01 | 언니 계란밥에다시마버터...
진짜최고🫠☁️
xu1.ro | 2025-06-28 | 1빠
tlsalswjd3000 | 2025-06-28 | 한국인은밥심!!
d._.ox.h | 2025-06-28 | 매일 댓글 달기 22일차 2빠~"
2025-06-28,3364,"youtubecreatorskorea YouTube에서는 실패가 없으니까! 일단 업로드할수록 더 큰 기회가 찾아와요!💖 꾸준한 업로드를 통해, 전업 크리에이터로서 까지 참여하게 된 이상한 과자가게 weird sweets shop(@sweetshop_s2)님의 이야기를 들어보세요!✨ 여러분도 YouTube에서 새로운 가능성을 찾아보세요!🙌 4주","#유튜브팬페스트, #업로드하는순간새로운가능성이열리는곳, #유튜브크리에이터, #크리에이터","i.intrinsic_motivation | 2025-06-28 | 멋있어요 😍😍😍
everyday_3016 | 2025-06-28 | 우와!!! 너무 멋있어!! 마이크 잡고 있는 언니 모습이 넘넘 멋있어서 반할거 같아요❤️
purplersjv7 | 2025-06-28 | 멋있다 울 언니 ~~ ❤️❤️❤️
chill_haza | 2025-06-28 | 오!!멋있다 이사장
jii4370 | 2025-06-28 | 예쁘다 진짜..내 연예인!!😍😍😍😍😍
ddoong_leg | 2025-06-29 | 👍
now.om_ | 2025-06-28 | 너무 멋있어요!~ 업로드하기!!🔥
z._.xin1661 | 2025-06-28 | 이쁟ㅏ
1_h0on | 2025-06-28 | 누나 왜케 이뻐
kellyfornia_c | 2025-06-28 | 이사장님 화이팅❤️❤️
watermelonhwacha | 2025-06-29 | ❤️❤️❤️❤️😍😍😍😍
anunu.kr | 2025-06-28 | 머싯당
dongcansong | 2025-06-28 | 👏👏👏👏👏
ourstorim | 2025-06-28 | 늘 밝고 씩씩한 이사장❤️ 1000만 가자🔥
d._.ox.h | 2025-06-28 | 이상한과자가게언니 매일 댓글 달기 22일차
happy_love_nayun | 2025-07-15 | 너무귀여워
ss_owner201211r | 2025-07-18 | 앜ㅋㅋ 이사장님 ㅋㅋ 멋있어용
pizasazou | 2025-07-28 | 이사장님이다!!
johnminjoon | 2025-07-24 | 개나 소나 유투버 인플루언서
dxnoun | 2025-07-23 | 이사장님이아!!
jeehyun__95 | 2025-07-19 | @baby.duckbong 님아
dokja24 | 2025-07-27 | 잼민이들아 이런것도 재능이 있어냐 한다
774.695 | 2025-07-11 | 브이로그는 원래도 조횟수 나기 힘든데 2년 3년 꾸준히 업로드하는데 잘안돼요..큰 재미는 없어도 소소하게웃긴뎅ㅜㅜ
pingpang2015 | 2025-07-02 | 진짜?
llliiilliiillill | 2025-07-02 | 내거는 왜 조회수가 8일까 ㅠㅠ
lovejh0117 | 2025-07-03 | 이상한과자가게님 이셨네 와 누구신가 했네
hello_hhww | 2025-07-04 | 팩트: 유튜브 쇼츠가 아니라 릴스에 올라온 영상이다
pm4m1 | 2025-07-05 | @sweetshop_s2 귀야워요!!!!!!!!!!!!!!!
kim_jung_a01318 | 2025-07-05 | 나더 하고 싶다~~~
seongmi1356 | 2025-07-06 | 내꺼는 조회수가 하나만 붕뜨고 다 25 12 이렇던데...😭 그래서 포기함 ><
seongmi1356 | 2025-07-06 | 저 유튜브 쇼츠 알고리즘 초기화 어캐해요
gorilla51_mars | 2025-07-07 | Haven’t you ever felt uncomfortable because of the label or tag on the back of your neck, or even cut it off with scissors?
eunyul_rume | 2025-07-08 | 구독자 1000인데 왜 9000원밖에 안줘요ㅜㅜ
0s.yexon_ | 2025-07-09 | 정보쌤 아니교
palepink1987 | 2025-07-09 | 어색하고 귀여워ㅋㅋㅋㅋㅋㅋ
nnn.nnn9664 | 2025-07-09 | 이뻐서 된거같아요
uouv330 | 2025-07-10 | 너무 이쁘다
mnbvcxzgtyqp | 2025-07-10 | 잘
youjinseon3 | 2025-07-10 | 업로드 해서 성공할 꺼였음 개나소나 다 올리지
seunghyeon1226 | 2025-07-12 | 매력적인 여인 였어 가능한듯"
2025-06-26,5972,울산쫀드기 vs 목포 쫀드기.. 당신의 선택은?! 저는 목포쫀드기도 되게 맛있긴 했는데 와… 울산 쫀드기가 너무 너무 맛있더라구욬ㅋㅋㅋㅋㅋㅋㅋ 라면스프가 이렇개꺼지 잘 어울릴 줄 몰랐습니다. 4주,"#울산, #울산쫀드기","holymoly_lash | 2025-06-27 | 성남동에 쫀드기 눌러주는기계로 해주는곳 있는데 거기서 먹어애해여… 존맛….
gimhyeonju271 | 2025-06-26 | 울산살아서 울산 쫀드기만 먹어봐서.. ㅎㅎ 여튼 울산 쫀드기가 맛있는걸로...
minn_xiz | 2025-06-26 | 저는 촉촉한 식감을 좋아해서 목포쫀드기 !
seyeong7899 | 2025-07-02 | 맨날 친구들이랑 분식점가면 양념더 뿌려달라고 했눈뎅 ㅋㅋ
_s.4ri_n | 2025-06-27 | 언니 경주 쫀드기 맛있아!
bo_yon12 | 2025-06-26 | 울산사람은 울산에 저런게 있는지도 몰랐네요
everyday_3016 | 2025-06-26 | 아니 쫀드기가 이렇게 바삭하다뇨❤️❤️❤️ 아이디어 완전 굿 인데여😍 글구
언니 얼굴이 반쪽이 되었어요ㅠㅠㅠㅠ 안그래도 살이 없는데😭 항상 비 조심 더위 조심하시길 바래여❤️
nicky_xiaojin | 2025-06-26 | 당연 울산쫀듸기죠 딱쫄은 더욱 맛있습니다😍😍
luvly_ian | 2025-06-26 | 목포는 폭신폭신 울산은 바삭바삭ㅋㅋ 울산사람이라서가아니고 울산쫀디기가 더 맛나요
songjiwon6142 | 2025-07-01 | 저도 울산살아요!! 저는 초등학교때 문방구에서 안찢은 생 연필쫀드기위에 라면스프만 뿌려주셨어요 꼬들꼬들하고 한줄씩 찢어먹는맛이 좋았어요 추억이에요!!
hayun0512 | 2025-07-08 | 저는 울산 쫀드기!! 고향이 울산이기도하고 목포쫀드기는 안 먹어봤어요
jing_zz6 | 2025-06-26 | 아 이거 성남동에 버터로 구워주는 쫀드기가 진짜 마싯는뎅....
choi.bobae | 2025-06-28 | @mimssso 내사랑딱쫀😍
um.22_ | 2025-06-28 | @ji000.2 @__binii.j @doogi__ 울산 !!
dajung_ee | 2025-06-26 | 쿠팡에서 연필심쫀드기랑 스프 사서 해먹어보세요!🫶🏻
daaa._.dong | 2025-07-23 | @ooopticalll 울산 쫀디기였네,, 유명한거 있었네!!!
dvzor1 | 2025-06-28 | 쫀드기 가격을 2배 이상 올려치기 해버리네😢 울산 다른 곳 가면 같은거 파는데 저정도 가격은 아니에요...
d._.ox.h | 2025-06-26 | 매일 댓글 달기 20일차 조회수 0 귀하다
jangdanieljang | 2025-06-27 | 궁금한데 울산에서만 살아가지고 그런데 다른지역 쫀드기는 언떨지 궁금하네요
hyejin._.kimm | 2025-06-27 | 저 안양사람인데 학교앞에서 오징어 장족을 한입크기로 잘라서 튀긴담에 라면스프에 설탕섞은것같은 가루에 버무려 주던 그게 너무너무 맛있었는데 이젠 그런거 파는데도 없구 먹을데도 없어요 😢😂
jxsa_oo | 2025-06-28 | ㅏ ㄹㅇ 울산 명물은 배 아니고 쫀드기 아니냐고
ivyewsoxucw | 2025-06-26 | 언니 살 빠졌어요?? 얼굴이 반쪽이됬는데
ddongssaza | 2025-07-12 | @chorong_kk
gy_uri_2 | 2025-07-03 | @hy81_3 너 이거 먹어봤어?
mjdndb23 | 2025-06-27 | 나는 목포쫀드기 맛있는듯 ..ㅋㅋㅋㅋ 뭔가 ..ㅋㅋㅋㅋㅋㅋ
140711_agrina | 2025-06-27 | 성남동에 버터로 지져주는데가야되여...거기가찐!!
_0.0_e | 2025-07-23 | @kr.hhh @__lyonnaise__ 진짜 찐 초등학교 앞에서 먹어야하는데 하 ㅠ
kwonms1220 | 2025-07-01 | 문방구가 찐빼이인.
a3_inx | 2025-06-28 | 울산동구 방어동 쫀드기 삼촌이라는가게도 맛있어요ㅠㅠ 제발 가보세요 ㅠㅠ
shaneeeee_hk | 2025-06-26 | 울산도 목포도 못가봐서 몰라요 😢 아무나 화이팅
iseojin4764 | 2025-06-27 | 성남동에 진짜 맜있는 쫀드기 있어요 제발요🥺
hzm.1x | 2025-06-27 | 통도사말구 태화강역 가시는게 편해용
hyeongsec | 2025-06-27 | 와 씹 존나양아치네 저걸 얼마에 파는거냐?5년전에 한봉지 5백에 요즘 비싸야 1500인데 방송타고 뭔 특별한 맛이 있는거마냥 포장해서 파네...걍 쫀듸기 튀기고 진라면 스프랑 설탕 쓰까드십쇼...비법같은거 좋도 없음
rlacksdn1108 | 2025-06-26 | 걍 울산존디기 그냥 그렇든데 너무 많이먹어봐서 그런가
ksj04260322 | 2025-06-26 | 울산쫀드기지
gimdaol923 | 2025-06-26 | 어 저거 우리 지역에 있써용!!
2gyeom_c | 2025-06-26 | 튀긴 쫀드기 말고, 구운쫀드기가 진짜 맛있는데ㅠㅠ
jinjin_880502 | 2025-06-26 | 성남동 쫀드기...그거..오다리랑 먹는건데!!!
sky_skyholic | 2025-06-26 | 울산 쫀드기를 불에 구워봐요.
그리고 먹으면 그냥 끝 😍
lwantyourluv | 2025-06-26 | @sum.__.n ㄹㅇ 이쫀드기가 찐이지
hh.jjjiii | 2025-06-26 | 학교앞엔 다팔던 쫀드기여서 울산에서만 파는줄도 몰랐어요 라면스프만 뿌려줫었는데 ㅋㅋㅋ
2_seung_yong | 2025-06-26 | 둘다 맛있음ㅠ 배고프다
z._.xin1661 | 2025-06-26 | 우와 진심 맛없없
na.gold_ | 2025-06-26 | 헐 언제 직장근처애 오다니ㅠㅠㅠㅠㅠ
won_hye_ju_090627 | 2025-06-26 | 운니...언니도 진격거 보는구나..
yegeogeok | 2025-06-26 | 언니울산또와주세요
j_a_n_e94 | 2025-06-27 | 진격거!!! 몇화보시는거지 여성형거인같은데... 저도 울산남자랑 결혼하고 울산쫀드기 거리길래 쫀드기가 거기서거기지하고 먹었다가 집에서 연필심쫀드기? 그거사다가 먹습니다요 ㅎㅎ
bw_flower_hj | 2025-06-27 | 혈당 스파이크 엄청 치겠네
_kcy1211 | 2025-06-27 | @whekr123 나도사줘바라
yu.1gyn_ | 2025-06-27 | 황남쫀드기
aaggxdyy | 2025-06-27 | 울산토박이인데 울산쫀듸기가 대박이에요
2.ji_hyeon | 2025-06-27 | @yejin_05_16 딱딱이 먹고싶너…
seomh_ | 2025-06-27 | 따뜻해도 맛있고 식혀먹어도 맛나용
mobydick_935 | 2025-06-27 | 쫀드기는 앙커버터+식용유랑 구우면 맛나요 :)
ljj_l0ve | 2025-06-27 | 울산쫀드기가 갑이지👏👏👏
yulmom_chacha | 2025-06-27 | 쫀드기는 역시 기름에 튀겨야 맛나죵~ 어릴땐 콩알탄처럼 생긴애도 있었는데 이젠 찾아볼수없네요 엄청 맛났는데...
malinebasket | 2025-06-27 | 울산 40년살아도 울산쫀드기 얘기만 듣고 먹어본적이 없넥🤣맛있어보여서 저도 나중에 파는곳 보이면 먹어야겠네요
siyul1031 | 2025-06-27 | 울산 쫀드기
eun7oo_ | 2025-06-27 | 17옥순님 닮았어요!@@
kyj810318 | 2025-06-27 | 저기보다 더 원조인곳이 있는데..ㅠ.ㅠ홍보만 안됐지...삼산우성공원앞 ""쭈니앤수""여기가 진짜 제대로에요..학교앞이라 아이들 먹는거라고 사장님이 기름도 깨끗하게 관리하세요..""쭈니앤수""쫀듸기,딱딱이 진짜 추천요👍👍👍
jix.ng0 | 2025-06-27 | 두평분식 맛있죠
psm140909 | 2025-06-27 | 당연히 울산 쫀드기
park_kyung_bin_06 | 2025-06-27 | 5000 원? 2000원이 근본인데;;;
bebej.u0904 | 2025-06-27 | 울산왔었구낭ㅎ 울산사람들은쫀드기 술안주로집에서해묵지ㅋ
y00jin_2 | 2025-06-27 | @young._.iiiii, @s528h, @hhhhhheya 울산쫌두기…. ❤️ 딱딱이가 존마탱인데
moon0.530 | 2025-06-27 | 이제 중딩인데 아직도 먹음 ㅋ
jjidoori | 2025-06-27 | 여기아닌데ㅜㅜ 성남동 가야하는데
jiwoo._.love | 2025-06-27 | 무안사람은 목쫀이 좋아요🧈<--(쫀드기임 어째뜬 쫀드기임 반박시 내말 맞음ㅇㅇ)
sss.sssssssssssssssssssass | 2025-06-27 | 울산 쫀드기 짱맛잇지.. 온김에 꼬불이도?
lovejuile | 2025-06-27 | 쫀드긴 울산이지요!!
sssssinaeooooo87 | 2025-06-28 | 신문지에싸야 그 신문지종이냄새랑섞여서 더맛있음 ㅋㅋㅋㅋ
s_13min | 2025-06-28 | 뭐야 진격거 보시네
gahee.seo.71 | 2025-06-28 | 울싼쫀드기
songhy615 | 2025-06-28 | 꽃바위쪽에 쫀드기삼촌이라는 곳도 있는데 맛있어요
coco41514 | 2025-06-28 | 이거 저희집 냉장고에있었는데 먹어봐야겠어요😍
grayann86 | 2025-06-28 | 울쪼❤️
ksy_9422 | 2025-06-28 | 이거 신천 새마을시장에도 파는데 맛있어요!
mjchoi2501 | 2025-06-28 | 연필심 쫀드기 양념 뿌리기 전에 버터에 구우면 더 맛있어요.
hey.j_hope0218 | 2025-06-28 | 원래 쫀드기 다 저런거 아녔어요...??
fjqmwjddud89 | 2025-06-28 | 울산쫀드기져!!말모말모
jianjiyul_mom | 2025-06-28 | @merry_ae.lee
g_a.x.en | 2025-06-29 | 당빠 목포쫀드기
morning_glory_j | 2025-06-29 | 저한테 얘기하셨으면 사서 택배로 보내드렸을텐데..ㅋㅋ
cualquier.lugar | 2025-06-30 | @s_doublej 동이 2평분식ㅋㅋ
allako_eunhye | 2025-06-30 | @sang_gun_l 쫀드기 사줘
jjajjaloni_cat | 2025-07-01 | 둘다 먹어본 이사님은 뭐가 더 맛있던가요?
ox_jun7 | 2025-07-01 | 누나 저 울산 살아요
sora07040 | 2025-07-01 | 와~~~울산 👏👏👏
seung._m07 | 2025-07-02 | 라면스프가 국룰
young.rim0930 | 2025-07-02 | 울산쫀드기가 짱이죠 ㅋㅋ 연필심쫀드기
young.rim0930 | 2025-07-02 | 성남동에 기계로 누르는 연필심쫀드기가있어요 존맛입니다 ㅋ 오쫀 짱맛
seohaeanseo1016 | 2025-07-02 | 울산 성남동에 오다리 쫀드기 진짜 맛이어요❤️
y_jinho33 | 2025-07-02 | 목포는 세발낙지
kimsiwon811 | 2025-07-02 | 엉니 드루와 계속해주면 안돼..?
__onyu_ | 2025-07-02 | @seo.jongcheol 오랜만에 먹고 싶농ㅋㅋㅋ
park_bg2 | 2025-07-02 | 혹시 상의 정보 여쭤봐도 될까요🥺
shk_93_ | 2025-07-03 | 전 초딩때 목포살다 울산으로 이사가서 어릴때 둘다 즐겨먹었는데 저희엄마는 목포쫀드기 좋아하고 전 울산쫀드기 좋아했어요ㅎㅎ
219001n_ | 2025-07-05 | 모야 울산에 쫀드기 맛집 추천해주세요
pangpanglove2296 | 2025-07-05 | 대ㅡ단하ㅡ다
sonseongryul9 | 2025-07-05 | 모든 쫀드기가 저렇게 생긴거 아니였어?"
2025-06-25,1.5만,그 뒷이야기+ 해파리 먹방을 유튜브에 올려놓긴 했거든요? 근데 진짜 뒤에가 말잇못…. 4주,"#해파리, #해파리먹방","minn_xiz | 2025-06-25 | 해파리… 우와 신기해요 😄 이사장님이 멍게회 드셔주면 너무 좋을거같아요!! 💖
4x4.chae | 2025-06-25 | 해파리는 삶으면 완전 작아져요!!! 질기고 냄새도 나요ㅠㅠㅠㅠ계속 물갈아주면서 짠기빼야겠어요ㅠㅠ
jjjjjjj._.j | 2025-06-28 | 😮😮
yerami_486 | 2025-06-25 | 비리기도 옴청 비릴거같은데......ㄷㄷ
canonryu7 | 2025-06-25 | 옥수수로 찍어먹으면 맛 어떨지 궁금하네잉
lee__fall_221108 | 2025-06-25 | 삶으면 짠기가 빠지지않을까용?
kim.m.j.0615 | 2025-07-08 | 다른영상에 4일동안 짠기를 빼야 완벽하게 빤진다고 하네용~2,3시간 빼서는 택도없는듯
love_dana87 | 2025-06-26 | 찬물에 헹궈내고 담궈놨다가 따뜻한 물(60~70도)에 30초정도만 데쳐내야해요ㅎㅎ
everyday_3016 | 2025-06-25 | 배터리 2% 남았는데 최고 선택!!❤️ 언니 영상보는 선택❤️❤️
d._.ox.h | 2025-06-25 | 매일 댓글 달기 19일차!!~
yeonggeun7389 | 2025-06-26 | 짜사이 만들때도 채반에 흐르는물 계속 틀어놓는대 비슷하지 않을까요???
imhyiseob38 | 2025-06-25 | 백모기버섯인줄
06__10 | 2025-06-26 | 어디서 사셨어요!!??!
piiss0816 | 2025-06-26 | 해파리를 흐르는 물로 잘 씻고 소금을 떨어 뜨립니다.
큰 그릇에 옮기고 충분한 물로 1 시간 정도 담그십시오.
소금 제거가 끝날 때까지 이 작업을 반복합니다.
소금 빼기 시간의 기준은 해파리의 종류나 염장의 정도에 따라 다릅니다.
2. 유통:
냄비에 물을 끓여 80℃ 정도가 되면 해파리를 넣습니다.
10~20초 정도, 살짝 빠져 나갑니다.
뜨거운 물에서 끌어 올리면 즉시 냉수에 넣고 식감을 되돌립니다.
3. 물기를 자른다:
거기에 올려 물기를 단단히 짜냅니다.
주방 종이 등으로 싸서 물을 더 섭취하면 좋을 것입니다.
4. 요리:
좋아하는 양념으로 요리합니다.
jeunghwa8316 | 2025-06-25 | 근데 사진상으로 짠기빼도 사진보다 딱딱해보이는데 계속 물에 담가둬야하는거 아녜여?
km.9xm1_15 | 2025-06-25 | 백모기로 해주세요!
lulu_dad93 | 2025-06-27 | 한국사람은 한국음식먹어야되는데 #중국음식 먹는...ㄷㄷ
damagochi_25 | 2025-06-26 | 언니 해파리 먹을때 이빨에 뭐 있눈뎅?
jeunghwa8316 | 2025-06-25 | 언니야!! 그 다음은?? 아오 숨넘어간다 국ㄱ
tripmanias | 2025-07-06 | 화교나 조선족이나 먹는 음식 ㅋㅋㅋ😮
chef_life_hoon | 2025-06-26 | 끓는 물에 삼십초 정도 끓이고 찬물에 반나절 정도 불려서 드세요
inhwa888 | 2025-06-25 | 🙌
jeunghwa8316 | 2025-06-25 | 궁금해서
yoonbivip | 2025-06-26 | 쌤 말미잘아닐까요?^^
chef_life_hoon | 2025-06-26 | 그냥 먹는거 아닌데ㅜㅜ
97_so._.v | 2025-06-26 | @justh_dk 다음은 해파리
mari_gold_mong | 2025-06-26 | 말미잘인줄
amyminju | 2025-06-26 | 짠 기운 뺄려면 하루 이상 담궈놔야돼요ㅠ
bagnagyeong130 | 2025-06-26 | 저거 대창이랑 먹으면ㄷㄷ
kms5351 | 2025-06-26 | 저는 귤인줄 알았어요.😂😂😂
mozzi222222 | 2025-06-26 | 하루죙일 담궈야할것같은데여ㅡㄴㆍㅡㄴ
dalgom_moon_bear | 2025-06-27 | 첨에 만두인줄 알았어요 ㅎㅎㅎ
kko8898 | 2025-06-27 | 해파리 염분 빼려며 물 환수하면서 2~3일은 뺏야 합니다.
e.uxzo_ | 2025-06-27 | 흰목이버섯인가 백목이버섯인가 그거랑 맛 비슷할꺼같은데
ji_.xwo._i | 2025-06-27 | 찜기로 찌는건 어떨까유 ,,
begopayo.0 | 2025-06-28 | 징그러..
s.un_mii | 2025-06-28 | 저거 중국식 고추기름 같은데요
kim.m.j.0615 | 2025-06-28 | 저거 짠기 2일에서 3일 정도 완전히 빼고 먹으라고 하던데요~😂
wjddusal38 | 2025-06-29 | 해파리를 어찌잡았대...
rla._.wngh | 2025-06-30 | 밥이랑 먹고싶다
0929white | 2025-07-02 | 저런거 드시지마요 ㅠㅜ 배탈날거같아요 ㅠㅜ 중국에서온건 다 의심스러와..😮😮😮😮
kpsun0086 | 2025-07-03 | 중국음식 크리스탈베이컨도 해주시면 않되용?👏😢
jeon.da | 2025-07-06 | 판매처 알수 있을까요?
qwer_choa | 2025-07-12 | 저 그거 많이 먹었어요
napyonn84 | 2025-07-14 | 물에 하루정도 담궈노면 좋아요
da_hye__2 | 2025-07-17 | 저 해파리 어디서 사나요??
yonxzn | 2025-07-19 | 약간 비빔면 소스 느낌으로 하면 마싯을거 같아요 새콤매콤하니..!!!
jieunseo16 | 2025-07-27 | 물에 하루 담궈놓고 30번은 씻어서 85도정도에 데치세요 1분"
2025-06-23,2583,강릉에서 콜팝 300개 튀기고 왔거든요?! 근데 콜라넣기가 아쉬워서 화채도 기가막히게 말고 왔습니다. 4주,,"n___ht | 2025-06-25 | 너무 좋은일하시는 이사장님!!!
canonryu7 | 2025-06-26 | 이사장님 왜이렇게 예뻐유!!!!
seulgi.kim8834 | 2025-06-24 | 오 너무 멋져요😍😍 많이 본 얼굴들👍👍👍
vimiliey | 2025-06-25 | 이사장님 멋져요🙌🙌 저두 먹고싶네여
77lovetree | 2025-06-23 | 👏👏👏👏👏 이사장님 멋지세요
miixnxs.c.14 | 2025-07-11 | 저도 월드비전 후원중인데ㅔ! 멋지셔여ㅕ
bang9bong9 | 2025-06-23 | 손목 왜 다쳤어여😢
s.xy_uh | 2025-06-24 | 어디서요..ㅠ 저 강릉 사는데 한번만 더 오기를..👏👏😢
sndnxi7 | 2025-06-24 | 와 대박 ㅋㅋㅋㅋ 다들 릴스에서 많이 본 분들이네
h1ovn_ | 2025-06-23 | 개이쁘네
everyday_3016 | 2025-06-23 | 마음이 따뜻해지는 영상이자나요❤️😍 제 최애 이사장님과 돼끼님 그리고레시피 읽어주는 여자님까지❤️ 완전 멋지시고 힐링 그자체입니당
yeomso__14 | 2025-06-23 | 5분전
106niz | 2025-06-25 | 네분 다 마음이 넘 예뻐요😍
empirestatteb.bldg | 2025-06-24 | diving into the magic of 300 cupcakes looks so joyful those colorful treats are bursting with happiness
sugarhoneyicet2 | 2025-07-01 | 넘새침해
d._.ox.h | 2025-06-23 | 매일 댓글 달기 18일차
jeunghwa8316 | 2025-06-25 | 언니!! 우리딸 중학교좀 와줘요@@@
_eun_98 | 2025-06-25 | 뭐야 언제 강릉 왔어요??
jeunghwa8316 | 2025-06-25 | 1학년. 3학년인데 각 15반 이상입니다
galaxy.bs3 | 2025-06-25 | 🙌❤️
ha_ha_ho_12 | 2025-06-23 | 월드비전후원하고있는데 대박반갑네요!"
2025-06-22,366,왔습니다!!!룩트 버터 드디어 내일 11시 OPEN! 후.하.후.하 단골님들의 뜨거운 관심 속에 드.디.어 룩트 버터가 내일 오픈합니다🔥 대망의 이사장 버터 셋뚜 대.공.개❗❗ ==================== 📌세트 구성 🥇 이사장 onePICK SET ◾다시마+트러플+시나몬피칸+블루베리 👉“그냥 믿고 드세요” 이사장 단짠단짠 인생 버터 모음! 🍚 밥순이 SET ◾다시마+감태+트러플 👉밥심으로 살아가시는 분! 🍞 빵순이 SET ◾시나몬피칸+블루베리+카카오로쉐+말차 👉달달이 러버&빵순이&디저트 덕후 손! ✨ 만능 SET (7종 풀구성) 맛 별 7종 세트 ◾다시마+감태+트러플 +시나몬피칸+블루베리+카카오로쉐+말차 👉요리부터 디저트까지 싹~! 가능!! 📌단품 구성 (*2개) 👩‍🍳 요리용 ◾다시마 - 감칠맛 치트키 ◾트러플 - 강력한 트러플 풍미로 미슐랭 감성 뿜뿜 ◾감태 - 향긋한 바다 내음 한 가득! 🍰 스프레드용 ◾시나몬피칸 - 달달&꼬소+바삭한 피칸 ◾블루베리 - 산뜻하고 부드러운 블루베리맛 ◾카카오로쉐 - 찐하고 고급진 초콜릿 ◾말차 - 은은한 씁쓸함과 단맛의 조화 📌추가 옵션 ◾ 통밀 크래커 (3종) 오리지널 / 무화과 / 그린올리브 ==================== 여러분들의 취향껏 고를 수 있는 세트 구성과 추가로 구매할 수 있는 단품 구성까지~!! 룩트 버터 만나는 그 순간 요알못이 요잘알이 되는 매직 기대 많이 많이 해주셔도 좋습니다 🎁 버터 세트 구매자 선착순 20분께 다시마 버터 본품 쓩-! 보내드리니 우리 내일 11시에 만나요! 5주,,"canonryu7 | 2025-06-22 | ㅋㅋㅋ 곡도 선택 잘하시고 룩트버터랑 잘 어울리는 음식 조합도 잘 아시고 못 하시는게 뭐예요 이사장님?!!!!❤️‍🔥😻
everyday_3016 | 2025-06-22 | 우아 꾸덕해보이는데요?❤️😍😍
tuberosa8p | 2025-06-22 | 1등으로 사겠어효!!!!!!
15_nlh | 2025-06-22 | 와,,,진짜 맛있겠다,,,
syasya78378 | 2025-06-29 | 블루베리&말차 먹어보진 않았는데 괜찮을거 같은디요(?)
ggggang12 | 2025-06-22 | 알림안되나용
villian000 | 2025-06-22 | 이미 샀어요😂
mis2nkk | 2025-06-22 | 역시 단짠단짠은 사랑이져😍 이사장 추천으로 갑니다요👏👏
gimsola590 | 2025-06-22 | 우와😍
mi_inkk | 2025-06-22 | 후하후하 진짜 7종 다 맛있어보이고 너무 궁금해요🔥🔥🔥🔥
d._.ox.h | 2025-06-22 | 매일 댓글 달기 16일차! 1빠당
erteidur | 2025-06-23 | 세상에나 너무 궁금해요🥹 선착순 바로 달려갈게료!!!!!!!
cp.kkkwww | 2025-06-23 | Respect..감사합니다👏
better.day_young | 2025-06-22 | @l.s.y00 이거봐
시나몬 피칸 맛있게뜨앙…🤤🤤
mingk_film | 2025-06-22 | 선착순 이벤트 도전해봅니다🔥🔥🔥 도즈어어어언🔥🔥🔥🔥"
2025-06-21,3368,"(저장 필수)한밤중에 해먹으면 더 기막히게 맛있는 버터요리! 특히 버터 넣고 바지락 술찜은… 앞구르기 뒷구르기 하고싶을 정도로 맛있습니다. 딱히 먹을 건 없는데.. 제대로 먹고 싶을 때 맛은 절대 포기할 수 없을때..! 이렇게 한 번 드셔보세요! 감칠맛 치트키⭐요리용 버터 3대장⭐ ✅ 다시마버터 + 간장계란밥 1.햇반에 살짝 구멍을 내준 후에 위에 날계란을 깨서 올립니다! 2. 노른자가 터질 수 있으니 충분히 찔러서 터뜨려주세요. 3. 전자레인지로 2분 익히면 달걀밥 완성! 4. 간장 한 바퀴~ 그리고 다시마버터 듬뿍 올려서 쓱쓱 무심하게 비벼줍니다! 5. 이제 김치 착착 걸쳐서 먹어보세요…다시마버터는 간계밥을 위해 태어난 버터입니다. ✅ 감태 버터 + 바지락 술찜 1.냄비에 마늘과 건고추를 볶아줍니다. 2.바지락을 넣을 후 정종은 바지락 양의 1/3정도 차도록 붓습니다. 3. 바지락이 입을 벌릴 때 까지 뚜껑 덮고 끓여줍니다. 4.마무리로 감태버터 듬뿍 넣어주면 감칠맛 + 바다내음 폭발! 5.여기에 파스타면이랑 치즈 넣으면 봉골레 파스타 저리가라!!! ✅ 트러플 버터 + 프렌치토스트 1. 통식빵을 두껍게 잘라줍니다. (일반 식빵도 가능!) 2.달걀물에 식빵을 푹 석진 후 (달걀 2개, 우유 150ml, 설탕 1큰술, 소금 1/3작은술) 3. 버터에 식빵을 앞뒤로 노릇하게 구워줍니다. 4. 굽는 동안 설탕을 앞뒤로 뿌려서 구워주면 설탕코팅이 돼서 더 맛있어요! 5.마지막에 트러플 버터 듬뿍 얹어주면? 6.단짠단짠의 미친 조합에 입 안이 미슐랭✨집에서 즐기는 고급 브런치 완성! 💡 이사장의 요리용 버터 3대장 소개! 💡 🧈 다시마버터 (BEST!) ◾’콤부버터‘로 이미 유명한 감칠맛 치트키! ◾특별양념된 다시마+고품질 발효버터의 만남 ⭐추천조합 : 간장계란밥, 볶음밥, 솥밥, 파스타, 연어스테이크, 해산물찜 등 🧈 감태버터 ◾고르게 구워낸 감태에 천일염을 더해 ◾감태 고유의 풍미와 감칠맛을 극대화 ⭐추천조합 : 따끈한 밥, 담백한 빵, 오일 파스타, 주먹밥, 각종 해산물요리 등 🧈 트러플버터 ◾집에서도 느낄수있는 미슐랭의 품격 ◾화이트트러플과 블랙트러플의 조화 ⭐추천조합 : 리조또, 파스타, 샌드위치, 스테이크, 카레라이스, 김치볶음밥 등 ✨집에서도 근사한 요리를 하고싶은 분 ✨요리는 귀찮지만, 맛은 포기못하는 분 ✨집밥도 색다르고 맛있게 챙겨먹고싶은 분 ✨간단하면서 감칠맛 터지는 한 끼를 찾는 분 ➡️ 이런 단골님들께!! 고급지게 휘몰아치는 감칠맛의 향-연! 요리용 버터 3종 강추합니다! 🍚🧈💛 💛그냥 일반적인 버터와는 전혀 달라요! 고퀄 발효 버터에 맛까지 더해져서 더더더 고급지고 맛있는 룩트 플레이버 버터는 다음주 (월) 오픈! 📆 6/23(월) ~ 6/29(일) 룩트 버터에 대해 궁금한 점이 있으시면 질문 해주세요!!! 5주",#공구예고,"hana.9548 | 2025-06-21 | 다시마 버터,감태 버터 맛이 엄청 궁금하네요😍😍
mis2nkk | 2025-06-21 | 와,,, 진짜 셋 다 비주얼 미쳤는데,,,감태 버터 맛이 진짜 너무 궁금해요🔥🔥
mi_inkk | 2025-06-21 | 바지락 술찜에 파스타+치즈라니,,, 역시 이사장 맛잘알이다👏👏👏👏
mingk_film | 2025-06-21 | 한 밤 중에 코스 요리 미쳤다,,,🔥🔥 아니 냉장고에 버터 몇개 쟁여두신거에요!!!!
canonryu7 | 2025-06-22 | 유사장님 천재..❤️‍🔥😻
im_____yeong | 2025-06-23 | 저걸 하루밤에 다 먹은게 맞나요?가능한가요?헉헉~~
shaneeeee_hk | 2025-06-21 | 파스타짱짱맨❤️🔥
d._.ox.h | 2025-06-21 | 매일 댓글 달기 15일차 조회수 0 귀하다
pizzab0ie | 2025-06-21 | 아.. 개맛있겠다..
jjeong_2eee | 2025-06-21 | 와..버터를 걍 발라먹으면..을마나 맛있게요..?
ang_mi_kim | 2025-06-21 | 으악❤️ 역시 이사장님😍😍😍 역시 토스트 맛있죠. 저도 이밤에 맨들어보려합니다❤️❤️❤️
h_yul.6 | 2025-06-21 | 아니 이게 왜 밤에 뜨냐고!!!!
zzorang2 | 2025-06-21 | 몇시에 드신거예요.... 밤에도 파티하시는거 왕부럽..🤤
watermelon_9898 | 2025-06-21 | 이사장님 이정도면 요리해먹다가 아침해가 떴겠는데요😂ㅋㅋㅋㅋㅋㅋㅋ
kkm_______7 | 2025-06-21 | 여기꺼 다시마만 먹고있는데 감태한번 사봐야겠어용
na_young8922 | 2025-06-22 | 뭘 물어바여~~뭐가 맛있어 보이냐구?? 1번2번3번이여😍
blair_k_._ | 2025-06-22 | 버터알림가능한가요?!
limjinhui3158 | 2025-06-22 | 다시마버터 사고싶어요
yoniyoniya | 2025-06-22 | 구매할 예정이었는데 공구하신다고해서 기둘리는중😍
siwoo._.v | 2025-06-22 | 어디서사요?
hwnaglove | 2025-06-22 | 기대된다❤️
so_1004_mi | 2025-06-22 | 어제 쿠팡주문했는데에~~좀만참을걸ㅜㅜ 그래도맛있으니까 쟁여놓을래요🙌
anna_1116sh | 2025-06-22 | 다시마버터로 후라이해사 먹어도 맛있든데....😢
e11evenie7 | 2025-06-23 | 와 이사장님이 먹으니까 더 먹고싶어요........나 이거 못참겟어..
chaesuj_a | 2025-06-23 | 이거보고구입.....!
paroomi6155 | 2025-06-23 | 언니는 왜 맨날 자기전에 저렇게 먹는데 예쁘고 말랏어요? 거짓말쟁이!!😭
gysy8011 | 2025-06-24 | 버터 살수있나욤?
lindapkpk | 2025-06-25 | 담날 똥 엄청 싸겠네 대짜로
whskaehd56 | 2025-06-26 | 쌀은 살찐다 안먹으면서 늦은시간에 먹는건 살안찌나봐?
hiro_somi | 2025-06-27 | 처음 영상보고 실패 했던 메이플버터 생각나서 이틀 고민 하다 구매 후 오늘 도착 했는데... 왠걸 넘 맛있어서 깜짝 놀랐어요^^ 바로 새우 오징어 녹여사 감태버터 넣고 파스타 해먹고 다시 더 주문하려고 들어왔다 ㅋㅋ 맛평 남겨 봅니다 ㅋㅋㅋ 역시 고민은 배송만 늦출뿐 ㅋㅋ😂😂😂
bagmyeongog131 | 2025-06-28 | 2번2번2벜~~~~술찜에 파스타 못 참지!!!
lee_seul0416 | 2025-07-03 | 공구 끝난거죠?!ㅠㅠ
eue_iwbc | 2025-07-07 | 버터잔치열렸네요
choihojun220726 | 2025-07-08 | 😮
littlefoxamj | 2025-07-22 | 저버터 진짜맛있쥬
aroundtheworld_16 | 2025-07-25 | 저분은 맨날 먹는데 왜 살이 안찔까"
2025-06-20,7843,곱창을 생으로 먹는 기분여서 뭔가 소름이 돋았거든요? 근데 막상 한입 먹으니깐 우와 이거 식감이 질기지도 않고 부드럽+서걱한 느낌이랄가요.. 소등골 좋아하시는 분!!?? 5주,,"yalan12418 | 2025-06-20 | 처음 입에 물었을 때( ´～｀) 몇 번 씹은 뒤(　・ω・)
lovelyluna_91_ | 2025-06-20 | 먹어보진 않았지만 손님들이 맛있다 하셨어욥!
ju.eu.ni_170 | 2025-06-20 | 존마탱 ㅠㅡㅠ
young___th | 2025-06-20 | 저요저요🙌 주문 어디서 하셨을까요?
canonryu7 | 2025-06-20 | 오 먹어보고싶다
giridietmemory3377 | 2025-06-20 | 둘다 못먹겠는데 어떡하죠? 😢
그래도 드시는거 보면서 대리만족
mi.________.ni | 2025-06-20 | 등골 고르죠! ㅎㅎ
jh_0321 | 2025-06-22 | 등골먹어보구 답글달게요~~~
hxe_s2 | 2025-06-21 | 구매처 알려주새요 ㅠㅠㅠ
j_princess_1117 | 2025-06-20 | 어디서 삿오요
daeun.0714 | 2025-06-30 | 이사장님 맛없는게 뭐에요,?????
d._.ox.h | 2025-06-20 | 매일 댓글 달기 14일차
_hmniii_ | 2025-06-20 | 1등!!
_ffflor | 2025-06-21 | @minn_____k 먹어보고싶다
s2h___a | 2025-06-25 | @_gwang__su 먹러보고픔ㅋㅋㅋ
byunyunhwa | 2025-06-26 | 저두요 주문은 어디일까요?
foodlovelikeit | 2025-06-20 | 오..둘다 안멍어봤어요 ㅋㅋㅋ
minkim_88 | 2025-06-22 | 앗 저희 등골을 구매해 주셔셔 감사합니다!
hallonuyy_ | 2025-06-22 | Meni sagala dihakan
oh_hong_oh | 2025-06-26 | 왜 하나만 먹으라하죠 둘 다 먹게해줘요 나쁜 강도입니다
van.gst | 2025-06-27 | Kaya tembiluknya nurlela😂
lovelytory13 | 2025-06-20 | 홍어애
tnfdmswl | 2025-06-24 | 아무리봐도못먹겟다...
sangchung1988 | 2025-06-24 | 코만 손봤더니 어느새 이마까지 ㅎㅎ
zha_firaa__ | 2025-06-22 | LAMBUNG LU KAGAK PANEN CACING?
ricecutee | 2025-07-26 | @tae_ung96
yoakim71 | 2025-06-23 | 우 웍
huiseungchang | 2025-06-20 | 원래 날로 먹는거에여? 헙 😂
ga_2037 | 2025-06-26 | @hye_jeong_213 드디어 찾았다 내가 봤던 등골
kara_vegas | 2025-06-21 | 아~~ 등골 쪽쪽 빼먹는다 라는 말이 이걸 비유해서 만든어진건가봐요~ 그 전까진 등골 빼먹는게 뭔말인지 몰랐는데
samsik20 | 2025-06-20 | 홍어애죠 ㅎㅎㅎ😂
kjburned | 2025-06-20 | 홍어애요…. 등골은ㅠㅠㅠㅠ
imnayun29 | 2025-06-21 | 둘다 안먹어봤어욤!
yul_topia | 2025-06-21 | 무조건 등골이죠!!!
kimgmlwn12 | 2025-06-21 | 잘라드세요
ggandoli5838 | 2025-06-21 | 화장을 좀....ㅡㅡ
dlstn1004 | 2025-06-21 | 진짜 맛난걸 ㅎ
anakin.dejonmat | 2025-06-22 | 등골먹방보고 비싼한우등골로 먹었는데 식감이 너무 이상해 도저히 못먹겠어서 버렸어요.. 근데 홍어애도 같은 느낌이라니.. 애도 언젠가 먹어봐야지했는데ㅠㅠ😢😢
shapr__ko_ | 2025-06-22 | 우유맛같이 고소하다던데ㅔㅔㅔ
ntt1141 | 2025-06-23 | 눈수술 어서 했어요?
ianda_777 | 2025-06-23 | What's this?
laleesa05 | 2025-06-23 | 4주답글 달기
enjoy_hyorim24 | 2025-06-23 | 등골 맛있어용 뭔가 진득한 젤리 같아용
jojunwon7179 | 2025-06-23 | 참기름이 없네요
fujiayprt_ | 2025-06-23 | Aneh
dear_b___ | 2025-06-23 | 구매처 궁금해요 사장님
seodang68 | 2025-06-23 | 쿠팡인가요?
dongwonpannel | 2025-06-24 | 요즘.생고기 집도 저거 잘 안주는데~~
sujata_k_masih | 2025-06-24 | 😮
juicecream_ | 2025-06-25 | 말투가 김태리 닮았어요
yig8406 | 2025-06-26 | İğrenç her şeyi mi çiğçiğ yiyorsunuz ?!🫢
juncobokhyeon | 2025-06-27 | 등골 맛있죠 근데 저렇게 국수 처럼은 못먹을거같음😢
choihojun220726 | 2025-07-08 | 😮
feelsogood__jh | 2025-07-13 | 결혼전까지 등골 정말 많이 먹었는데 잊고있었던 별미네요
feelsogood__jh | 2025-07-13 | 저도주문어디서했는지 궁금해요
cat_2love | 2025-07-14 | 17기 옥순 닮았는데
fswryjkod6 | 2025-07-14 | ㅔㄴ
jeongmi111 | 2025-07-15 | 등골맛있죠👍
firstseam | 2025-07-16 | 잘라서 드시지 울할매 보고싶네요 할매가 어지럽고 힘들면 두시던거라 저도 옆에서 잘 따라먹었었어요 ㅎㅎ
sky04592 | 2025-07-20 | 안씻어요??
_pun96 | 2025-07-22 | just eat dog😂😂
_pun96 | 2025-07-22 | do korean dog aswell😂😂
l__s_ju | 2025-07-23 | 4일답글 달기
g._.um1024 | 2025-07-26 | 등골 진짜 맛있는데.."
2025-06-18,3976,"캔모아 기억 하시는 분?ㅋㅋㅋㅋㅋㅋ ㄱ ㅣ억ㄴr니..? 그 시절 그 갬성 그 시절 감성 충만했던 캔모ㅇr..⭐ 리필 3번째부터는 슬슬 눈치가 보이기 시작했었는데,,! 그때 그 시절 제가 자라서 이젠 고오급 프리미엄 버터를 발라먹는 으른이 됐습니다 요즘 제가 푸욱 빠진 프리미엄 룩트 버터 프랑스 AOP인증받은 발효버터 사용하고 보존제 없이! 프리미엄 원재료만 담아 믿고 먹을 수 있는 고오급 버터에요! 그 중 요즘 달다구리 최애 버터는 요 둘!! 🥄 블루베리 버터 은은하고 부드럽게 퍼지는 과일향과 블루베리 알갱이가 씹히는 프루티한 맛! 🥄 시나몬 피칸 버터 메이플 + 시나몬의 깊은 단맛✨ 바삭하게 씹히는 피칸… 그냥 퍼먹어도 꿀맛! 시나몬 러버라면 무조건 취향저격 🥯 빵, 스콘, 쿠키, 베이글 뭐든 이 버터 하나만 올리면 맛이 급상승!!! ◾프랑스 AOP 인증 고품격 발효버터 ◾아낌없이 넣은 프리미엄 원재료 ◾고소한 향과 부드러운 질감 ◾감칠맛 끝판왕 피니쉬 버터 ◾트랜스지방 0g! (20g 기준) ◾경화유·팜유·유화제 無 맛도 놀랍지만 스펙도 놀라운! 제가 애정x846512하는 룩트 버터는 5일 뒤 📌6월 23일 (월) 오픈 예정! 단골님들 딱 기다려주세요🔥 ———————————————— 📢 맛도리 룩트 버터 이벤트 당첨자 발표! 많은 참여 감사드려요, 단골님들! 사... 사랑합니다 💓 👇👇 당첨자분들 꼭 확인해주세요! 👇👇 ✅ ”이상한 과자가게“ 카카오톡 채널로 ✅ 성함 / 연락처 / 주소를 보내주시면 ‘다시마버터’ 슝- 보내드릴게요! ✅ 수령 후엔 맛나게 즐겨주시고,사진과 함께 ✅ 간단한 맛 설명+레시피를 DM으로 남겨주쎄오 단골님들의 맛조합이 궁금하다 궁금해!!😎😎😎 @jihye6344 @_jaedong_95 @h___js_95 @yer_in_orbit @gimmiyeon7132 @ji_ya_ @kminae44 @annieways_its_chaos @johabbang @seulgi.kim8834 수정됨 · 5주",#공구예고,"mis2nkk | 2025-06-18 | 캔모아 식빵 리필 최대 몇?!?! 저는 5번까지 해봤어요😂😂😂😂😂
everyday_3016 | 2025-06-18 | 아니 리모컨 뭐에여 ㅋㅋㅋㅋㅋㅋㅋ 버터가 이렇게 맛있어 보이다니!!! 당장 구매 가쟈😍
better.day_young | 2025-06-18 | 와앙 대박 저 빠삭한 식빵 캔모아 감성 잊지모ㅌH......... 버터 저도ㅠㅠㅠㅠ먹고 싶어영
canonryu7 | 2025-06-18 | 캔모아 아직 있으면 가보고 싶네유😸
z._.xin1661 | 2025-06-18 | 오 화장 신기하당❤️😍
jinny._.v | 2025-06-20 | 뭥미 ㅋㅋㅋㅋ 지대 ㅋㅋㅋㅋㅋㅋ 대공감 추억 새록새록
choihojun220726 | 2025-07-08 | 😮
chanjae_ss0308 | 2025-06-18 | 와 뭥미라는 말 지짜 올만에 듣네요 연기대상받으셔도 될거같아요! 너무 친숙하게 말하시는게 ✨️👀 눈이 넘 반짝반짝 빛나세요 발라먹는건 두말하면 잔소리로 증말 맛있어보이구요...😢
yun_ju0904 | 2025-06-20 | 캔모아가 뭐여요?
ji_ya_ | 2025-06-18 | 흔들의자 앉는거 국룰이죠✨ 카톡으로 정보 보냈어용🤍
tjgml_07 | 2025-06-19 | 😍
d._.ox.h | 2025-06-18 | 매일 댓글 달기 13일차 ❤️
hsy03293 | 2025-06-22 | 캔모아가 뭐예용?
yan9gan15 | 2025-06-18 | 카카오 맛도 어떤지 상세하게 알고싶어요오오
mi_inkk | 2025-06-18 | 식빵하며 생크림인줄 알았는데,,😳 고오급 버터 바르면 맛이 확실히 다르려나요~?!?!?!?!?!🔥🔥
xv__nn0 | 2025-06-19 | 캔모아가 무에요..??
erteidur | 2025-06-18 | 캔모아 보니까 추억이 슬금슬금....버터가 잼도 아니고 블루베리 시나몬이라니 넘 신기하자나유😭😭😭😭😭 완존 기대기대
dotoning9 | 2025-06-19 | 전화기혹시...에어컨리모컨?
fro82209 | 2025-06-25 | 예날 감성 않좋아하는 14년생인데 캔모아 가봤다가 20분 있다 나옴 ㅋㅋ
hong_si1205 | 2025-07-16 | 캔모아 나도 가보고싶다
bagyeona800 | 2025-07-06 | 할 캔모아 우리 동네에 있는데
noyeeun311 | 2025-06-19 | ㄴㄷ ㅌ,ㅁ"" ㅅ5
mkl2580 | 2025-06-18 | 아니 저 토니모리 젤 아이라이너로 그린 듯한 눈꼬리하며,,교복까지 완벽하다..!! 이제 나도 돈 버는 으른이 됐으니, 프리미엄 버터 정도는 먹을 수 있지!! 내가 이러려고 돈벌지!!!
jihye.95 | 2025-06-20 | 여기서 찐은 아이라인은 명확한데 눈썹은 모나리자 같은 부분이죠?ㅋㅋㅋㅋ 우리 그 시절 아이라인은 빡세게 해도 눈썹은 신경도 안쓴,, 9n들은 알죠?
dust_n95 | 2025-06-18 | 😍😍
gimhaneul931 | 2025-06-18 | 우와
yunseul1011 | 2025-06-19 | 츄릅"
2025-06-17,5306,진짜 간만에 맘에 드는 잠봉뵈르를 먹긴했는데 이걸 만들면서 깨달은 사실 내가 잘 만들어서 맛있는게 아니라.. 많이 때려 넣으니깐 맛있구나^^ 저는 잠봉뵈르 극호 인데 이 특유의 담백한 맛 때문에 별로 안좋아하는 분들도 많더라구요? 저처럼 잠봉뵈르 사랑하시는 분??? 5주,#잠봉뵈르,"hyoeun_719 | 2025-06-17 | 을매나 사먹었던 잠봉뵈르가 맘에 안들었으면 150시간 넘게 새벽까지 만들어서 드시는 거냐구욬ㅋㅋㅋㅋㅋ 근데 비쥬얼은 진짜진짜 맛있어 보인댜😍
long4you | 2025-06-17 | 없어서 못먹어요! 짭짤 고소 느끼한데 바게뜨가 입천장을 까줘야 제맛!😍😍😍
ye_eun1407 | 2025-06-17 | 우와아ㅏ 3분전!!! 오늘도 힐링해유❤️
everyday_3016 | 2025-06-17 | 완전 이탈리아에서 파는 빵같아여❤️❤️
얼마에유?? 저는 구매할게유 ㅋㅋㅋㅋ
busan_chonnyeon | 2025-06-17 | 잠봉뵈르 러버입니다!!!!!!
sunjung3636 | 2025-06-17 | 와우 👍 👍 👍 👍 👍 👍 👍 👍
oon_0717 | 2025-06-17 | 대단하다ㅋ
hanjiyeon405 | 2025-07-03 | 맛있겠당ㅋㅋ
mingurimom | 2025-06-18 | 어머 배달 기능함까?
black_bean8542 | 2025-06-18 | 언니 잠봉 만드는법좀 자세히 올려주실수있어요?
parkyeon369 | 2025-06-28 | 한 3만원 될듯 😢
d._.ox.h | 2025-06-17 | 매일 댓글 달기 12일차...
ma_chimnae12 | 2025-06-18 | 엥 집에서 만드는데 아질산을 넣는다구요...?!!! 이럴 수가!!!!!!!
_mmlleook_ | 2025-06-17 | 우와 찐!!!!
shaneeeee_hk | 2025-06-17 | 언니는못하는게뭐에여
09_hyeonjin_90 | 2025-06-17 | 와...미쳐따😮
pink_sky_2023 | 2025-06-17 | 와 별걸 다 만들어🤪😉
_hyoungs | 2025-06-17 | 이사장님 잠깐뵈르요 잠봉뵈르 호호호!!!
baikj_in | 2025-06-17 | 오백만원이요
hxeon_j1h_13 | 2025-06-18 | 언니 카스타드에 에그타르트 속 내용물이랑 같이 먹어줘
better.day_young | 2025-06-18 | 헉헉....이사장님 저 잠봉뵈르 사랑하는거 어떻게 아시구💕
dryad17 | 2025-06-19 | 동네 잠봉뵈르 맛집있는데ㅠ 많이 안팔려서 판매중단이래요ㅠ왜 안좋아하냐고, 왜ㅠ
j_a_n_e94 | 2025-06-19 | 이사장님 아무리그래도 그렇지.... 아질산나트륨 발암물질을 넣다니여ㅠㅜㅠ 한끼를 먹더라도 건강하게 드시와요
april_sy92 | 2025-06-19 | 만들어먹으면 개당 14,600원정도요..!
a_somiiiii | 2025-06-19 | 와... 저 잠봉 맛집 아는데
my._jin | 2025-06-20 | 엉니 빵은오떤거에요
sim.sweet | 2025-06-29 | 👏👏👏👏👏😍
pepepelll02 | 2025-06-30 | 바게트 어디껀가요
jjajjaloni_cat | 2025-07-01 | 이거보고 재료+장비 다삼
_ohkkyu_ | 2025-07-02 | 장비 얼마 하나요?
imjihye0723 | 2025-07-05 | 빵에 버터에 잠봉 딱 3개면 되나여??
choihojun220726 | 2025-07-08 | 😮
seohyigram | 2025-07-12 | 송도 카페오를 바게트 맛있어요...
xdezmcdpeu | 2025-07-22 | 이사장님 옆집에 살고싶어요...... 제발 절 받아주세요"
2025-06-16,1.2만,요즘 생버터 먹방이 유행이라길래..(선물 있어요!!!!!) 버터 금괴를 직접 만들어왔습니다! 그냥 노란색 네모 버터 씹어먹으면 느끼한 게 당연하지만 이건 이미 맛으로 유명한 ➡️플레이버 버터⬅️랍니다!! 버터가 이렇게 꾸덕하고 쫀득할 일이야? 그냥 먹어도 맛있는데 빵이나 크래커에 올리면 말해 모해애액!!!!!!! 짭조롬한 맛은 음식에 곁들이면 끝내줍니다 진짜.(진지) ✔️ 프랑스산 프리미엄 발효버터 ✔️트랜스지방 20g 당 ZERO ✔️ 첨가물 ❌ 좋은 원재료만 ✔️ 빵이랑 크래커에도 OK! ✔️ 요리할 때에도 OK! 이렇게 맛있는 걸 나만 먹을 순 없잖아요? 우리 단골님들과 함께 나눠먹고 싶어서 이벤트 준비했습니다!! 🎁댓글 이벤트🎁 요즘 제가 사랑에 빠진 룩트 버터! 그 중 간장계란밥과 찰떡인 다시마버터 10분께 보내드릴테니 지금 바로 댓글 바로 달아주십셔🔥🔥 수정됨 · 5주,#공구예고,"ji_ya_ | 2025-06-16 | 간계밥 버터 너무 먹어보고싶어요,,침고여,,🔥
xu1.ro | 2025-06-17 | 🙌🙌🙌 저요저요😍
eu__nangnang | 2025-06-17 | 버터 너무 좋아해욧😍😍😍
bbi._.ya_k | 2025-06-18 | 곧 캐나다로 어학연수 가는데 다시마버터 가져가서 홈스테이 가족분들께 간계밥 해드리고 싶어요!!!!🥹😍 요리해드리고 싶어서 메뉴 고민 중이었는데 간단히 해드리기에 딱 좋을 거 같아용!❤
shieun1204 | 2025-06-16 | 쫀득쫀득와~~~빵 좋아하는데!!!진짜 맛나겠다!~~저 버터 진짜 짱 좋아해요!!!!
b__.barbie | 2025-06-17 | 신랑 간계밥 너무 좋아해요.. 버터에밥비벼먹는울신랑.. 요즘 육아로 밥해주기 힘든데ㅜㅜ 버터랑 간장만 있어도 밥먹는 우리남편 넘 고마워
everyday_3016 | 2025-06-16 | 쫀득함 소리 미쳤따아❤️❤️❤️😍언니가 드시니깐 먹어보고 싶어여
2weeks_jy | 2025-06-16 | 룩트 그릭요거트에 그래놀라도 존맛탱인데 버터라니❤️❤️ 밥이랑 먹는건 첨 봐서 넘 궁금하네요!! 맛 나는 버터 신기해요🧈🧈🧈
kminae44 | 2025-06-16 | 간계밥에 버터를 사싸싹. 비벼버리면 죽음이지요🤣🤣🤣 살짝 참여해봅니다 🎀🍀🎀
kangyeojin2022 | 2025-06-16 | 왠지 보기만해도 맛있어보이는데 직접 맛보면 더 맛있을것같아요 저도 이번기회에 꼭 먹어보고싶네용❤️❤️❤️❤️
rose._rosa._ | 2025-06-19 | 앞,,앞머리,,😅 하지만 소리가 너무 조음🧈😍
_torysmr | 2025-06-17 | 선생님 여기요 선생님!!!!! 저요 저요!!!! 버터 쳐돌이 여기 왔습니다 😭😭😭😭😭😭😭
moolboa | 2025-06-17 | 어머 저번에 한 방송에서 다시마버터 만들기에 저도 찾아보다가 알겠된 버터네요! 이렇게 마주한 건 운명😍😍 너무 맛있을 거 같아요. 쫀득쫀득 맛있어보여요
luvly_kyung | 2025-06-16 | 오... 이게 무슨일이지..... 너무 궁금해서 아주미 글적고 가봅니다🙋🏻‍♀️🎁
so_mnini | 2025-06-17 | 헐 어쩐지 룩트꺼구나!!! 저 룩트 제품 진짜 많이먹어요 ㅠㅠ 성분도 완전 좋고 개맛있는데 너무 비싸서 살때마다 손떨리는데 이사장님 공구라니❤️😍 역시 맛있고 좋은 제품만 공구해주시는 이사장님 ㅠㅠㅠ 이래서 내가 믿고봐요❤️❤️😘
eh_j_02 | 2025-06-17 | 사랑해혀언니
xin______xx___ | 2025-06-16 | 헐 밥이랑 먹는다고는 생각 못 해봤는데 대박이네요... 사실 버터밥은 들어봤는데 저렇게 어떠한 '맛'이 들어있는 버터는 상상이 안 가서 더 궁금하네요😮
_potattong | 2025-06-16 | 저 느끼한거 진짜 좋아해서 꼭 먹어보고싶어요
jsi4298 | 2025-06-17 | 우와아악 룩트에서 나온 버터라니ㅠㅠㅠㅠㅠㅠ꼭 먹고싶어요🧈💚
beguile_ursmile | 2025-06-18 | @woooool_1015 이건 팀쟝님이 조아할거가틍데 오때여
gimmiyeon7132 | 2025-06-17 | 🧈버터너무좋아하는 저 너무맛있어보여요😍 저희엄마는 빈속에 ☕️커피한잔마시고 일하시는곳까지 걸어가시는데 이럴때 빵과함께 먹으면좋을것같고 저는항상 저녘먹고 🚶‍♀️산책하는게 루틴인데 산책하고씻고배고플때 🍞🥯🥐🥖빵과 우유 🥛 에 다시마버터와함께 먹어주면너무나 좋을것같아요 엄마랑같이 먹어보고싶어요😍
_after_like_ | 2025-06-19 | 버터도 빵도 사랑인데 간계밥에 찰떡인 버터가 있다니 간계밥 자체로 끝판왕이 아니였다니 꼭 맛보고 싶어요!! 룩트!! 다시마 버러!!🤤❤️
jung_yoohee | 2025-06-19 | 너무 먹어보고 싶었던 버터예요. 솥밥에 버터 넣아 먹으면 진짜 맛있어요.
keto_1013 | 2025-06-17 | 너무너무너무 맛있겠다ㅜㅜ 다시마버터 너무 궁금해요 간계밥 진짜 좋아하는데 저 조합으로 먹어보고 싶어요 당첨제발!😋❤️❤️❤️
theyun_1204 | 2025-06-17 | 와 다시마 버터 진짜진짜 맛있겠어요... 대학 다니면서 부모님과 떨어져 살기 시작하니까 간계밥 같이 만들기 쉬운 걸 만들어 먹기 시작했는데 다시마 버터 있으면 더 맛있게 먹을 수 있을 것 같아요 크크 맛있겠다..
qwerasdfzxcv1981 | 2025-06-18 | 너무 맛있어보여요ㅋㅋ❤️❤️❤️❤️❤️❤️❤️❤️❤️❤️
_jaedong_95 | 2025-06-17 | 2개월 된 신생아 키우고 있는 초보맘입니다!!지금 이선생님 영상보면서 모유수유 중인데 침이 꿀떡꿀떡 넘어가요오…🫠모유수유 중이라서 먹는 것에 제한이 많아서 늘 괴로운 와중에 빵 생각은 너무 간절해서 맨날 디저트로(?) 빵만 먹습니다🥹이 맛난 빵들과 잘어울리는 다양한 버터라니…그리고 버터 간계밥이라니…꼭 먹어보고 싶어요❣️
subina_c | 2025-06-20 | 가난한 캐백수의 간장계란밥이 좀 더 든든해지게 도와주세여🤣🤣
ov0_b | 2025-06-16 | 저여 다시마버터 저여 손 꺄
trouble_hammer | 2025-07-17 | @y._.__204 김미 더 버터
inonebreathe | 2025-06-18 | 저요저요제가아니면안돼요제발저요오직이날을위해서지금까지살아왔어요그니까저요그래도저요하지만저요언제나저요제발~저요너요쟤요말고오직저요저는저에요다들비켜주세요제가이렇게간절해요
knyen6557 | 2025-06-16 | @juney_jun2
zeuszollaagaya | 2025-06-17 | 생버터 와구와구 씹어 먹고싶어요… 생버터 함냐함냐 씹어 먹고 싶어요.. 생버터 쿰척쿰척 씹어 먹고 싶어요..
z.xeqn | 2025-06-17 | 베이글에 발라먹음 넘 맛있을것 같아요 🧈🧈
oogmggg | 2025-06-19 | 이마 올리지마세요
isshehomeyet | 2025-06-16 | 미쵹딱❤️이건먹어야져
berryytay | 2025-06-20 | 슨새임 저요저요! 저버터라면 대환장난리빤스에여🧈🧈🧈🥹
kas2848 | 2025-06-16 | 다시마버터 궁금해요
nogahye | 2025-06-16 | 손?
eunny_jenni | 2025-06-16 | 저요저요!! 너무 궁금해요~
in_sun930314 | 2025-06-16 | 저쥬세요~~입원중 보니 먹고싶어요. ㅠ
uu.__.kuu | 2025-06-16 | 전에 먹어보고 맛있어서 놀랐던 그 버터😍😍😍 내꺼얏~~~~
happysun4077 | 2025-06-16 | 알지는 못하지만 궁금하네요~~
20210921hippodurk | 2025-06-16 | 맛있을거같아요 😢 버터 종류가 7종류인데 왜 다시마버터만 주시는거예요..?🥺
eyworld323 | 2025-06-16 | 요즘 간장계란밥 겁나 땡기는데 다시마 버터 넣으면..!? 와 진짜 넘 궁금해
johabbang | 2025-06-16 | 우왘 다시마 버터라니 너무 신기해요! 버터 러버인데 언니가 드시니 더욱 맛나보여 기대가 되네요 ❤️
johabbang | 2025-06-16 | 안 먹어봐서 너무 궁금해요❤️ 맛있어보이는데 빵이랑 먹어도 맛있을지 함께 먹어보고싶습니다 🔥
__is._.41 | 2025-06-16 | 버터색도 예뻐요🌈💓
chaechaevely_0725 | 2025-06-16 | 간계밥에 다시마버터 너무 맛있어보여요 😍 감칠맛 뿜뿜 풍부한 맛 기대되요 ~~
euneeepick | 2025-06-16 | 버터 안좋아하는데 이건 너무 맛있을 것 같아요ㅠㅠㅠㅠ
lunaxxlee | 2025-06-16 | 냉부에서 다시마버터 보고 무슨맛이지 싶었는데 유명한거였네요 먹어보고싶어요
fthy77 | 2025-06-16 | 처음 보고 뭐지 했는데 버터라니😍 너무 궁금한 맛이네요😋
h____in_ | 2025-06-16 | 미쳤댜 생버텨 먹방~~~!
respl_endent_ | 2025-06-16 | 다시마 버터에 간계밥 소취🙌🔥
gnuoyij.l | 2025-06-16 | ㅠ우왕 너무 맛있겟어요😋👍 군침이 싹....
c_nuri.h | 2025-06-16 | 다시마버터 맛잇나욤?! 저 시나몬이랑 블루베리는 진짜 맛나게먹엇엇거든여!!! 빵이랑 같이 대죤맛....!!!!!❤️❤️❤️
m_zzzzuzzz | 2025-06-16 | 다이어트 중인데 저 버터 먹어보고싶어요 와 대박....❤️
nikoniko_rakko | 2025-06-16 | 빨리 공구 열어줘 언니❤️❤️❤️❤️
cokidohi | 2025-06-16 | 츄배륩
aqweddd2 | 2025-06-16 | 궁금해요~~~ 아이들하고 간장버터밥 먹고싶어요ㅎㅎ 제주라 배송비 붙겠죠?ㅎㅎ
sy4.13 | 2025-06-16 | 맛있셋다,,,🙌
bkholica | 2025-06-16 | 헐 저 그냥 버터도 진짜 잘 먹어요!!! 근데 다시마버터는 진짜 먹어보고싶더라구요 ㅠㅠ
myrgucjci | 2025-06-16 | 와ㅏ…..입맛개땡기잔아요 ㅠㅠㅠㅠㅠ 너무기대기대 😍
rhkrqhfl | 2025-06-16 | 간계밥 러버에요..💞
a_hee.story | 2025-06-16 | 버터를 씹어먹는다.......궁금하네요🫣
sun__hl | 2025-06-16 | 우왕 유럽에서 비슷하게 생긴걸로 빵에 발라져있는걸로 팔더라구요 🤤🤤너무 맛있었던 기억이 있어서 슬며시 참여해봅니다😖💝
luv_hanayul | 2025-06-16 | 생버터 먹는거보고 늘 궁금했는데😍느끼할지!!!맛있을지!!!궁금해요❤️
koalra06 | 2025-06-16 | 이게 이렇게 쫀득할 일이야?👏👏👏👏👏
jieuniyaaa | 2025-06-16 | 아니 나 너무 궁금하자너…,,,,먹어보고싶자너,,,,,,,,,,
rycay_e | 2025-06-16 | 다시마버터도 있네요 ^^
min_93.11 | 2025-06-16 | 오 버터라니 신기해요 와
uisstar_0522 | 2025-06-16 | 아니 언니 근데 요즘 얼굴에 뭐햐요??왜 점점더 이뻐짐????
migyulee | 2025-06-16 | 와.. 버터 진짜 좋아하는ㄷㅔ 😍 이밤에 간장계란밥 먹게 하시네여!🤤
hye._.yeoning | 2025-06-16 | 간장밥에 비벼먹고 싶어요😍
dan.0.gan | 2025-06-16 | 나도 간계밥....나도 금괴 버터......🥺🥺
hye0nj_ru_.3 | 2025-06-16 | 거의 다 빵에다 곁들여 먹지만 밥에다 그것도 한국인의 소울 간계밥에 비빈다고? ㄹㅇ k-버터입니다..
chocho_u_u | 2025-06-16 | 모르니깐 손들어봅니닷~~🙌
c10ud_9__ | 2025-06-16 | 버터는 일반 버터로만 먹어봤는데 플레이버 버터라니🥹💗 너무 맛있을 것 같아요🤤
seulgi.kim8834 | 2025-06-16 | 다시마버터라니😍😍😍이게 그렇게 맛있다던데용!!!!👍❤️
_ah.r_ | 2025-06-16 | ❤️❤️❤️
c.yu__ri | 2025-06-16 | 저요 🙏
yer_in_orbit | 2025-06-16 | 🤤🤤🤤🤤🤤 omg..... 벌써 보기만 해도 침 줄줄 나와여.... 프랑스산 발효버터로 만들어졌다니 🤤 밥이랑도 빵이랑도 과자랑도 잘 어울린다니.... 넘 먹어보고싶어요 ❤️❤️
bebebaebaene | 2025-06-16 | 저용❤️
sep.l8 | 2025-06-16 | 믿고먹는 룩트,, 믿고 보는 이사장님 레시피 앞으로 올라올 버터 레시피들 기대됩니닷😍
bdjxjsjsksk_ | 2025-06-16 | 요즘 버터나 빵에 발라 먹는 재미에 푹 빠졌어요 ☺️☺️ 너무 맛있을 거 같아요 ㅠㅠ 당첨되지 않아도 꼭 구매할 거예요!😍😍
yejekeko | 2025-06-16 | 다시마버터는 처음 듣는데 무슨 맛일지 상상이 안가요😳😳
mina_hahahahaha | 2025-06-16 | 우왕 완전 궁금한 맛😍❣️
hankki_kimssi | 2025-06-16 | 다시마 버터 궁금해요😍
lovery_kangs | 2025-06-16 | 딸아이가 너무 궁금해합니다😍😍
yeona_0816 | 2025-06-16 | 헙 넘 먹어보고프다요😍🧡✨️@angel_is_mingming
hwnaglove | 2025-06-16 | 하…토요일에 늦잠자고 일어나고 지구오락실 키고 다시마버터에 계란반숙 후라이 + 방앗간 참기름+ 간장+ 스팸 +올려가지고 먹으면 대 존맛이겠다… 목맥힐때 콜라 한잔 크윽
happy_mind84 | 2025-06-16 | 오…진짜 맛있어보여요!!그리고 궁굼해요 무슨맛일지
eunjeong4563 | 2025-06-16 | 🙌손한번 들어봅니다!!
sohae0824 | 2025-06-16 | 간계밥에.. 하 츄릅
hyesoo_9.24 | 2025-06-16 | 1000번째좋아요 눌림😍
s_y_n.n | 2025-06-16 | 식감 너무맛잇어보여요 😋 아이도 자주해주는 간계밥에 새롭게 먹여보고싶은 조합이에요😍
_u.wall | 2025-06-16 | 먹어보고파요..❤️
wkftkfdkqhwkghkdlxld | 2025-06-16 | 다시마버터 간장계란밥 먹고 싶어요오~~~~~?!!!!!!!!!!!😍😍
muse__adumi | 2025-06-16 | 으아아아 맛보고싶어요 ❣️❣️
저 맛보여주세요🤲🤲🤲
yoni_7.10 | 2025-06-16 | 🙌🙌넘 먹어보고싶어요~~"
2025-06-14,1366,youtubekorea 이상한 과자가게(@sweetshop_s2) 님과의 고민 상담 시간🔮 이야기를 나누며 1:1로 사진도 찍었어요 👀 직접 만든 포춘쿠키 나눔으로 행운지수 up🍀 와 함께 6주,"#유튜브팬페스트, #LG유플러스","ekstmddus_0112 | 2025-07-09 | 아니 이렇게 이쁜 언니를 현장에서 못보다니 억울하다,,그래도 사진으로라도 볼 수 있어서 행복해오,,❤️
annyabo | 2025-06-14 | 얼짱 임이랑님 닮았어요!! ㅋㅋㅋㅋ 😍😍
jjeong_2eee | 2025-06-14 | 옙뿌다❤️
grim_b | 2025-06-14 | 달달😆✨
onyourz__imin | 2025-06-14 | 이사장님❤️🙌😍
hsmakesyouhappy | 2025-06-14 | 이사장님😍😍😍
yooxicman | 2025-06-14 | 🔥🔥🔥🔥🔥
jeonmira1918 | 2025-06-18 | 뭐양~원래도 이쁜데 왤케 더 이쁘심!!
z._.xin1661 | 2025-06-14 | 우왕 재밌었겠다ㅠㅜ😍😍
everyday_3016 | 2025-06-14 | 사장님 실물 보신 분들 부러워요ㅠㅠ❤️😍
hyoeun_719 | 2025-06-14 | 이사장님 뭐에요❤️ 진짜 너무너무 이쁘시다😍
jinmechae | 2025-06-14 | 오늘 너무 이뻣더요 ㅠㅠ 😍😍😍 이사장님 봐서 너무 행보켓던 날..
____pryday | 2025-06-14 | 아니 이분 왜케 이쁘심?? 😍😍😍
eun.park.ji | 2025-06-14 | 너무 예뻐🩷🩷
zunn_art | 2025-06-14 | 이사장님 나는 솔로 17기 옥순님 닮음요ㅋㅋㅋ
sorah_choi | 2025-06-14 | 💜💜💜
yeon9987 | 2025-06-14 | 오늘 너무 이쁘게 나오셨네요😍👏👏👏
d._.ox.h | 2025-06-14 | 매일 댓글 달기 9일차 이사장님한테 매일 댓글 달기
moncher_birds | 2025-07-09 | 이사장님 팬입니다💛💛 너무 행복해보이셔요!! 담엔 저도 꼭 갈 수 있기를😇
nururiri | 2025-06-14 | 넘 이뻐요 아이돌인가요🤩🌟
sandbox_network | 2025-06-14 | 💜🥠💜
ye_seu_llll | 2025-06-14 | 넘 이브세요 배우 김유정님인줄 알았어요
pop50610 | 2025-06-14 | 와 14트?.... 기억이...... 아마도 14트 달고나쿠키 캠핑장에서 만든거 말고
shindahyeun | 2025-06-17 | 어멋?! 이사장님?!?!
pop50610 | 2025-06-14 | 저..... 달고나 쿠키 15트 포기?
banjeesoo | 2025-06-14 | ❤️
uniunido | 2025-06-21 | 부럽다 이뻐서 ㅠㅠ 너무 이쁨 😍
youtubekorea | 2025-06-14 | 과자처럼 달콤하고 특별했던 만남 🍪
minsu080830 | 2025-06-14 | 누님 이건 너무 다르시잖아요 처음봤는데 무슨 새로운 솔로 아이돌이 데뷔했나 싶었습니다 ❤️
yj_fluttershy_v | 2025-06-15 | 사 랑 스 럽 다 증 먈 💗
pop50610 | 2025-06-14 | ...
pop50610 | 2025-06-14 | .
pop50610 | 2025-06-14 | .
pop50610 | 2025-06-14 | .
pop50610 | 2025-06-14 | ....
darknightemplar | 2025-06-16 | O"
2025-06-13,1606,호두과자게 호두를 빼고 드시는 분이 있더라구요? 저는 실제로 보고 너무 충격받았습니다. 호두과자게 들은 호두 싫어하시는 분 계신가요? 하지만 이건 누가봐도 완벽한 호두과자죠? (반박불가 일본에서는 이렇게 타코야끼 팬에다가 직접 굽는 팥앙금 넣은 과자가 있더라구요ㅎㅅㅎ 당장 해봤는데.. 어우 쉽지 않아 쉽지 않아 6주,,"rosewaltz0108 | 2025-06-15 | 와 이거 아이디어 좋네용
jeonghyijin7208 | 2025-06-13 | 와! 언니 천재!!!!
sung_ah1122 | 2025-06-21 | ㅋㅋㅋㅋ말하는거너무웃겨유...
lona_rhz | 2025-06-13 | 언니 폼폼푸린 마카롱 만들어주세요ㅠㅠ 마이멜로디랑 쿠로미랑 시나모롤은 있는데 폼폼푸린이가 없어ㅠㅠㅠㅠㅠㅠㅠㅠ🙏🏻😭
pd.agfe | 2025-06-14 | ㅋㅋㅋㅋㅋㅋㅋㅋㅋㅋㅋㅋ견과류 드실때 먹으면 안될거 먹은 표정ㅋㅋㅋㅋㅋㅋ
c_h_jjjx3 | 2025-06-13 | 엇....타코팬은 없으니 호두과자기계대신 타코팬 사야겠어요ㅋㅋㅋ
chae2015__ | 2025-06-26 | 그냥 사먹어요😂😂
seoyul_kimkk | 2025-07-25 | 걍 사먹을게요
hellojj3082 | 2025-06-13 | 인정
leeshyhyun | 2025-06-13 | 귀엽
ceolhyeon20 | 2025-06-15 | 기발쓰
d._.ox.h | 2025-06-13 | 매일 댓글 달기 8일차~ 출석!
shrr_91 | 2025-06-14 | @hyetjju 호두과쟈!!!!!!"
2025-06-12,805,(마빡이라고 한 사람 누구야) 우리 단골님들 드리라고.. 선물 가득 챙겨주셔서 너무너무 감사해요🥰🤩 - [루메나] @lumena__official 빅팬 휴대용 탁상용 폴더블 선풍기 FAN PRO MAX - [린트] @lindt 린도볼 밀크 - [닥터지] @dr.g_official 레드 블레미쉬 클리어 수딩 크림 - [식물나라] @shingmulnara 가벼운 수분 선 젤 - [메이크프렘] @makeprem 세이프 미 릴리프 모이스처 클렌징 밀크 - [잇더핏] @eatthefit_official 잇더핏 단백질 쉐이크 스타터패키지 + 비니거핏 애플 사이다 비니거 매실맛 - [삼양] @samyangfoods 탱글 머쉬룸크림파스타 6주,,"jjeong_2eee | 2025-06-12 | 이쁘니❤️
choi.mona_ | 2025-06-12 | 와 너무 예뻐요..... 역대급!!
jii4370 | 2025-06-12 | 자주 소식들려주셔서 감사하고..어쩐지 요즘 더 좋아보여서 곧 좋은 소식 있을것같은 기대도 되고..홍홍^^ 지치지 않게 건강 조심하세요~~~😍♡
kyungssss_ | 2025-06-12 | 이사장님 얼굴에 풀 묻어떠요.. ..뷰리풀😉
cream_23555 | 2025-06-13 | ❤️❤️❤️❤️역시이쁨요😍
everyday_3016 | 2025-06-12 | 와…. 진짜예뻐❤️❤️ 사장님 이렇게
이쁘셔도 되는 거에요?😍
canonryu7 | 2025-06-13 | 이마 너무 예뻐유..❤️‍🔥😻
muuunori | 2025-06-12 | 언니 근데 마빡이 진짜 시원해보여...😍
z._.xin1661 | 2025-06-12 | 가고싶다ㅏㅏ😢
kim_dh.95 | 2025-06-13 | 너무예뻐요~
lifestyle_writer_ | 2025-06-12 | 이마가 저렇게 예쁜 마빡이가 어딧어여...
yu.haein | 2025-06-13 | 푸킄 이뻐요 이뻐
its.pacify | 2025-06-12 | Well good cookes
jjiwoo.pyo.jj | 2025-06-14 | 온니 앞머리 까도 이뻐요..
hana.9548 | 2025-06-13 | 도대체 누가 마빡이라고 한거에요??
qriiqiigii | 2025-06-17 | 아이콩 마빡이라니 이마가 너무 예뽀용
hide_tmp | 2025-06-14 | 와 진짜이쁘다
kangbackho3 | 2025-06-12 | 역대급 이쁘시네요 😍
d._.ox.h | 2025-06-12 | 매일 댓글 달기 7일차!
hanbs89 | 2025-06-14 | 6주답글 달기
minsu080830 | 2025-06-12 | 요리라도 잘하셔서 다행이네요❤️...(칭찬맞아요)
play_eat_goe | 2025-06-12 | ㅋㅋㅋㅋㅋ 오늘은 이마요정이네요 이사장 👏"
2025-06-08,1626,"크림이 안들어갔는데 웬 로제?! 땅콩버터랑 배홍동소스가 만나니깐 로제크림처럼 뽀얗고 크리미한 배홍동 비빔면 완성✨ 🏠 배홍동 전입신고 인증 이벤트 🏠 전입신고 인증해주신 분들에게 추첨을 통해 푸짐한 경품을 드립니다! 자세한 이벤트 내용은 농심 홈페이지를 확인해 주세요!! ▶️ 응모기간 : ~2025년 7월 31일까지 ▶️ 당첨자 발표 : 2025년 8월 중 개별 연락 및 농심홈페이지 공개 ▶️ 경품 : 냉장고(1명), 에어컨(2명), UHD TV(2명), 백화점 상품권(5명), 스타벅스 기프티콘(100명) ▶️ 참여 방법 ① 원하는 배홍동 제품을 구매한다. (비빔면/쫄쫄면/칼빔면) ② 배홍동 전입신고 기념 인증샷을 재미있게 남긴다. ③ 필수 해시태그와 함께 인스타그램에 업로드하여 전입을 인증한다! (※ 필수 해시태그 : - - - - - - - - - - - - - - - - - - - - - - - - ➡️재료: 다진파 1큰술, 다진 마늘 1/2큰술, 식용유 1큰술, 땅콩버터 1.5큰술, 배홍동 1개, 토핑(다진땅콩, 다진 파) ➡️만드는 법 1. 다진 파, 다진 마늘, 식용유를 섞어서 전자레인지에 1분~1분 30초 돌리면 맛있는 파마늘 기름이 뿜뿜! 2. 배홍동소스, 땅콩버터를 넣고 섞어서 소스를 만든다. 3. 익혀서 차갑게 씻은 배홍동 면에 소스를 넣고 비빈다. 4. 위에 다진 땅콩, 다진 파를 듬뿍 얹으면 끝! 수정됨 · 7주","#광고, #농심, #배홍동, #배홍동전입신고, #배홍동으로이사가자), #배홍동","everyday_3016 | 2025-06-08 | 이 레시피 못 참지!!!!!❤️ 저기에다가 오이 넣어서 먹으면 진짜 맛있는데…. ㅎㅎ
1ga0n | 2025-06-08 | 너무 맛있을 것 같아요🥹🥹👍👍👍👍
sso_yul_12 | 2025-06-09 | 배홍동 한번도 안먹어봤는뎅,,
z._.xin1661 | 2025-06-08 | 오늘 저녁이었는데!!!
pd.agfe | 2025-06-08 | 면을...한개만 끓였어...
jane_140704 | 2025-06-08 | 저 오늘 6개 샀어요
d._.ox.h | 2025-06-09 | 아...영상을 못 봤어요 매일 댓글 달기 3일차 ㅠㅠ
thgml._.hee_16 | 2025-06-09 | 맵탱 비빔 해줘요 화한맛으로요...
yj_fluttershy_v | 2025-06-08 | 뭔가 나솔 17기 옥순님 닮으심
choihojun220726 | 2025-06-12 | 😮
bagmina6499 | 2025-07-17 | 땅콩 못먹는데
lulu_dad93 | 2025-06-27 | 밀가루 끊은사람은 싫어합니다 ㅋ
ieunjin415 | 2025-06-17 | ㅋ 앞머리
bbeokktee | 2025-06-08 | 첫 줄에 '왠' 로제가 아니라 '웬' 로제입니다. 왠은 왠지에서 쓴다고 생각하시면 편해요!!"
2025-06-07,3073,이거 다 20분만에 제가 만든거라면 믿으시겠습니까!!!!!! 7주,#타르트,"ddoeunjang | 2025-06-07 | 와….겁나맛있겠다😍😍
jeslvnv | 2025-06-07 | 아 옥수수 너무 먹어보고 싶어요 😭😭❤️
identityyun | 2025-06-08 | 와 옥수수 진짜 맛잇겟다ㅠㅠㅠㅠ
s.hee_s2_ | 2025-06-09 | 아ㅋ귀여워요 방송ㅋ
jjang_eun_mi | 2025-06-09 | 만드는 방법도 알려쥬세요~~~만들기 어려운가요?????
syasya78378 | 2025-06-25 | 마라탕 5단계 먹어주세용👀👀👀
제발요👀
sso_yul_12 | 2025-06-08 | 콘치즈도 맛있을 것 같아영
_on_yu12 | 2025-06-11 | 언니 파란커튼 어디갔써?
bo687499 | 2025-06-08 | 2분 안에 사라지는 믿기 가능한 사실도😂
hex.sso1 | 2025-06-07 | 유부초밥 인줄
inae.i | 2025-06-07 | 고급케익을 어떻게 20분 만에?
d._.ox.h | 2025-06-07 | 매일 댓글 달기 2일차 1빠!!
play_eat_goe | 2025-06-07 | 와 방금 얼큰한거 먹었는데 기가막히게 이 영상 떴어요 ㅋㅋㅋㅋ 진짜 이사장네 빵가게 같은거 잇으면 맨날가서 사먹고싶다
honeythelove5 | 2025-06-07 | 17옥순 닮은거같아요ㅋ"
2025-06-06,1763,(힌트:ㅂㄷㄹ)한국인99%는 모를 디저트만 골라서 베트남 디저트 투어를 다녀왔습니다!! 전체영상은 유튜브➡️ 이상한 과자가게 채널에 올려뒀어요😊 7주,,"everyday_3016 | 2025-06-06 | 보드람? 아니에여? ㅋㅋㅋㅋㅋ 아니 그나저나 언니는 베트남에서도 빛이 난다여❤️
z._.xin1661 | 2025-06-06 | 진짜 베트남 간식 홍보대사ㅏ
tgd0929 | 2025-06-06 | 밭두렁
9_9s | 2025-06-06 | 부드러(워)
ingstargramuser | 2025-06-06 | 판단젤리인데 이름을 모르겠네요 세상에는 디저트가 참 많네요
eu__nangnang | 2025-06-06 | 보드로
imseula22 | 2025-06-29 | 밭두렁 ㅋㅋㅋ
inghyeongsung | 2025-06-18 | 부다락
simhyeonsu531 | 2025-06-17 | 보도르
seodz__in | 2025-06-06 | 반다론
_pearplum | 2025-06-06 | 반다론
x._1kz0 | 2025-06-06 | 반다라
meow._.nye_na | 2025-06-06 | 반다라
b_innx.14 | 2025-06-06 | 빨리 왓떠
a_yo_what_seop | 2025-06-06 | 보드리
limyejibom | 2025-06-06 | 부드럽
moonone400 | 2025-06-06 | 보드람..? (나 빨리왓어 언니 히히)
hooooozzzzzz | 2025-06-06 | 발대라
d._.ox.h | 2025-06-06 | 매일 댓글 달기 1일차
iayun933 | 2025-06-06 | 보드람
sunjung3636 | 2025-06-06 | ㅋㅋㅋ 반다람
santabottle_ | 2025-06-06 | 반다론이요
hs_wj_sy_0604 | 2025-06-06 | 반다리
play_eat_goe | 2025-06-06 | ㅂㄷㄹ? 밧데리?
ga_duck_02 | 2025-06-06 | 반다론!
dddffffggggggggggggggggggggg | 2025-06-06 | 반다론?
yalan12418 | 2025-06-06 | 반다론처럼 보여요! 쌀가루 쪄서 만드는 떡케이크! 달달해서 맛있대요!
_horang9 | 2025-06-06 | 반대로
from_yeojin | 2025-06-06 | 브드리
here.rightlane | 2025-06-06 | 본다롱~~😂
gkxo_tmddn | 2025-06-06 | 밭두렁만 생각나는 옛날사람😂😂
preedom_of_wealth | 2025-06-06 | 봉다리
ks__sunny | 2025-06-06 | 밧데리 ㅋㅋ
escape005 | 2025-06-07 | 반다리
lovely_ydn | 2025-06-07 | 보드람?
meenymunimoon | 2025-06-07 | 반다론(Bánh Da Lợn)’**은
베트남의 전통 간식으로,
겹겹이 쌓인 쫀득한 떡이에요.

직역하면 **‘돼지 껍질 떡’**이지만,
돼지고기는 전혀 들어가지 않고,
겹겹이 쌓인 모양이 돼지껍질을 닮았다고 해서 붙은 이름이에요.
pop50610 | 2025-06-07 | 어.... 달고나 쿠키 13트?
jjaneee85 | 2025-06-07 | 부드러
jjaneee85 | 2025-06-07 | 밭두렁
_mmlleook_ | 2025-06-07 | 역시 우리사장님.. 정답! 바다라 ‘맛난 디저트 던질테니 받아랏’ 입으로 받겠음🤤
_meiryo__ | 2025-06-07 | 바다라 나의맘❤️
nue_1 | 2025-06-07 | 부드러 ㅋㅋ
e_pqiisne | 2025-06-07 | 보드람?
kkokko_hn | 2025-06-07 | 반다론~
jiuuuuangel | 2025-06-07 | 병들어 병드는맛
ionqpr | 2025-06-07 | 보도롱
sook622 | 2025-06-07 | 바다라
uni_lim_ | 2025-06-07 | 반다론이욥😋
hiwookjin | 2025-06-07 | 벼두렁
ran_ing88 | 2025-06-08 | 보달루
ssesseyaa | 2025-06-08 | 반다론!
star_.zzi | 2025-06-08 | 봉다리
jjanghihwang | 2025-06-08 | 비드르?
jx_xni | 2025-06-08 | 봐달라
jio00o | 2025-06-08 | 보드러ㅋ
pe_s510 | 2025-06-08 | 봉다리
serendipity_luy | 2025-06-08 | 반다론💚
gogayun18 | 2025-06-08 | 반다림?
suyeon_yoni | 2025-06-08 | 발디롱
la.vender_purple | 2025-06-09 | 브도르
nonouri9 | 2025-06-09 | 보두락
only_you____j | 2025-06-11 | 부드러
moonju1219 | 2025-06-12 | ㅂㄷㄹ 보드라아아암
jixxu1 | 2025-06-12 | 보드라
choihojun220726 | 2025-06-12 | 😮
lets.go__baeb | 2025-06-12 | 밭두렁
kimeun_bonny | 2025-06-13 | 반다론!
ikaros918 | 2025-06-16 | 보드람
twinkle_popo | 2025-06-16 | 반다론~,~
txt.moa_z | 2025-06-18 | 🔥반다람
im_uuuuu | 2025-06-19 | 부드럽😍
young______89 | 2025-06-21 | 반도르
jia04.07 | 2025-06-22 | 밧두렁
yujin_0115 | 2025-06-23 | 복도리?
seconddays_2 | 2025-06-27 | 밥달라
nyoungmommy | 2025-06-28 | 사촌오빠 새언니?
kkang_cherry14 | 2025-06-29 | 발두렁
aa_rro_nn | 2025-07-01 | 밧디랍
hyorin486 | 2025-07-03 | 보드레
love_ji_woo0403 | 2025-07-06 | 부드리
kim_seowon1001 | 2025-07-07 | 박대리는 왜 생각 날까...?
kimisu525 | 2025-07-23 | 부도로
_desire_xx | 2025-07-28 | 반달루"
2025-06-04,1898,여러분이 보시기에 가격이 합리적이다 vs 비싸다 어떠신가요?! 저는 애기가 있으면 최고의 패키지일 것 같다는 생각을 했습니다..! 제 친구들은 벌써 결혼해서 아기까지 있는 친구들도 있는데 전 없으니깐.. 스스로 어린이가 되어봤어요🥰 날짜마다 가격이 변동되는 것 같은데 저는 여기어때에서 [롯데월드 이용권+조식 패키지] 디럭스 더블=448000원에 예약했습니다! 7주,"#롯데월드, #롯데호텔월드","z._.xin1661 | 2025-06-04 | 몇일에 갔어여?? 저도 그때쯤 갔었는데
xin______xx___ | 2025-06-04 | 오옹.. 신기한 정보지만 좀 많이 비싸다고 생각되네유
rkahxoal | 2025-06-04 | 우와 저도 궁금했는데!! 대박이네요ㅋㅎㅋㅎ
parkyeon369 | 2025-06-05 | 화과자 드셔주세요 😢
d._.ox.h | 2025-06-04 | 언니 매일 댓글 달기 해도 돼요?
for.yuyoung | 2025-06-05 | 으른의 상징🔥
lovelyday_yoon | 2025-06-04 | 조식만6만원이던데 ㅋ ㅋ전에는투숙객10분인가일찍드가게해줬다던데 이젠짤없어요ㅜ
y.naaaaari | 2025-06-05 | 우리도 델고가라규 ㅋㅋㅋㅋㅋㅋ
kiddyart_hyun | 2025-06-05 | 엄청싼거같아요
alala_lggg | 2025-06-04 | 소피텔 조선팰리스 시그니엘 등 1박에 80-100 가까이 하는거 보면 그래도 롯데에조식에 롯데월드이용까지 하는거면 나쁘지 않은것 같아요!! 물론 싼가격은 아님 ㅠㅜㅋㅋㅋㅋ
happy_1315el | 2025-06-05 | 롯데월드이용권2인 ,
조식2인 다 주는거면 싼데용
jieun_9287 | 2025-06-05 | @wuddllove23 이걸갔어야했나
arosamong | 2025-06-09 | @0.lae.cho
bkholica | 2025-06-05 | @ilmd4u
jeongn_n | 2025-06-13 | @eelnusha_x 에버랜드 갔으니까 롯월도 가줘야지"
2025-06-02,9828,통대창 먹방 솔직히 저만 찾아본거 아니잖아요?! 통대창의 참맛을 느끼고 왔습니다🥰😍❤️😘🥰 7주,#통대창,"onioni_mom0729 | 2025-06-05 | 푸디앨리가 매번 꾸웩 거리면서 먹는 이유가 이거였군요 ㅋㅋㅋ
12.13.kr | 2025-06-02 | 맛있겠다....... 불닭이랑 먹으면 진짜 술술 들어가는데
y_1_daily | 2025-06-02 | 통대창 갈라서 기름 다 빠지게 구운 껍데기 먹방해주세요!!!🔥🔥🔥🔥
baek_gom_ | 2025-06-02 | 진짜 대창 통으로 구워먹으면 기름맛이 극대화되는거같아요 ㅋㅋㅋ 걍 대창은 전골로 해먹어야 맛있더라구요~전골이면 무한흡입
_somethingabout_us | 2025-06-03 | 불닭면이랑 먹으면 좀 나아요!
kimlyeowon0829 | 2025-06-03 | 맛있겠다
poky0223 | 2025-06-02 | 언닝!! 유행 다 지났지만 망고사고에 펄 여러개 싹 다 넣어주세요!(버블,사고 요런거 싹) 부탁이요🙏
bbang_hyojin | 2025-06-03 | 손으로 뜯어먹고 싶네여…기름 러버라😍
qwala | 2025-06-04 | 드글드글ㅋㅋ
ddoong_leg | 2025-06-02 | 😮😮😮😮
gimdaehyi653 | 2025-07-03 | 불닭
c_l00i | 2025-06-02 | 언니 타피오카 펄이랑 물방울 젤리 다시 만들어주세용!!🥺🥺🥺🥺
sr_jjang12 | 2025-06-08 | 왜 자꾸 미미가 보이징
yuminji_90 | 2025-06-04 | @hopemom20 내서탈
jjwoni_2 | 2025-06-11 | @sugu_mi 휴….
d._.ox.h | 2025-06-02 | 음...언니..매일 댓글 달기 해도 돼요??
0204.0 | 2025-06-03 | 옥순이 닮앗어요~ 이번 사계에 나오는 인기많은 옥순
dkwjde1980 | 2025-06-15 | 으.....기름..
hex_.won | 2025-06-03 | 언니 처음에 대창먹을때 대창에 틴트 묻었어욬ㅋㅋㅋ
yangmigyeong956 | 2025-07-06 | 구워야하는데 튀기면 기름이 더 많은거 같아요~;;;;
nyoungmommy | 2025-06-28 | 빠삭하게 굽지말고 진짜 오래 몽근하게 구으면 쫄길쫄깃
_mmlleook_ | 2025-06-02 | 오메가 뜨리를 드셔야 합니다
ooo_ooo250 | 2025-06-04 | 저도 힘들어요… 잘라서 구우면 그나마
기름이 빠져서 조금 먹어요ㅜㅜ
a66902018b84 | 2025-07-13 | 원래 댸창을 그대로 구우면 기름이 빠지는데 파는 사람들이 뒤집어서 기름을 안으로 가둠 그냥팔면 기름 많다고 잘라서 팔라고 하지만. 뒤집어서 곱이라고 속이면 그냥 먹음. 기름이 싫으면 대창이 아니라 곱창이나 막창을 먹으면됨 굳이 대창을 먹겠다면 다시 원래대로 뒤집어 구워먹으면됨.
z._.xin1661 | 2025-06-02 | 으 느끼하겠다ㅏ😂
beeee_22_ | 2025-06-02 | 목걸이 어디껀가요!!!넘무예뻐용🤍🤍
yunwooa_b | 2025-06-03 | 저희 엄마가 매번 하시던말씀.. 저 기름덩어리를 왜 먹방하냐고 😂
yoonbivip | 2025-06-03 | 뒤집어서구우세요ㅎ
sxxhxx____ | 2025-06-04 | 흑흑 저두 싫어요 대창곱창기름은 진짜 보기만 해도 역겹😢
nyolihaneun | 2025-06-04 | 의상이 저승사자 룩인데요
noonnoppis | 2025-06-05 | 어흐흐흐 보기만 해도 느글느글 영상으로만 보는걸로 😂
xiao_baee | 2025-06-05 | Itu apa si??
choseojun1015 | 2025-06-05 | 저거 먹으면 두바이 간접체험 쌉가능임ㅋㅋㅋ
cea55555 | 2025-06-06 | 진심으로 왜 먹는지 모르겠는 음식. 그나마 잘라서 기름뺀건 소스랑 야채 왕창 같이 먹으면 그나마. 다른거 맛있는 것도 많은데 통대창.. 어후
__hoioi | 2025-06-06 | 혹시 구멍을숭숭내면 구울때 거기로 기름이 빠지지는 않을까여..
moonhwaterapia | 2025-06-06 | 저도 웬만한건 다 먹는데 소대창은 다시는 먹기 싫어요. 에어프라이어에 빠삭 구워 큰 대접량 기름이 빠졌는데도 너무 느끼해서 미식거리고 어지러웠음 ㅠ ㅋㅋ
s.hee_s2_ | 2025-06-06 | ㅋㅋㅋㅋㅋ난그냥 보는걸로만 만족함ㅋㅋㅋㅋ
dalgom_moon_bear | 2025-06-07 | 으으... 드시는거 보는것도 힘들어요.... 보기만 해도 니끼해요....
lovely_._._cats | 2025-06-07 | 잘구워먹으면 바삭하고 촉촉하니 존맛탱인뎀..
yeongji1189 | 2025-06-08 | 으하하하하😂😂
zeitgeisteo | 2025-06-08 | 언니 오일풀링이네요 대창...
ohcho1987 | 2025-06-10 | 미미인줄
lovelove_105 | 2025-06-12 | 먹기힘들다는 생각이 들면 돈이고뭐고 그만먹었음 좋겠음
jeongbanchan | 2025-06-13 | ㅋㅋㅋㅋㅋ 진짜 현실적이에요😂
aeldia | 2025-06-13 | 혈관막히는 기분이라 이건 진짜.. 근데 맛있어 ㅠㅠ
skysmile_eun | 2025-06-13 | 옥순님 닮음
da.na0307_officinal | 2025-06-14 | 무쇠판에 올려야 따시게 먹어내요😢😢 아님 금방 굳음..
sansasoom | 2025-06-14 | 뿌엥하명서 뜯을때 미미닮으심ㅋㅋㅋ
jeonju_dress_j.h.k | 2025-06-17 | 진심 개맛있어보이는데 한번은 먹어보구싶은데 정작 난 대창 펼쳐서 굽다가기름 짤라내고 구워서먹음ㅋㅋ
suji8230 | 2025-06-20 | 에어프라이기!!!!!
nyj9472 | 2025-06-24 | 옥순생각난다ㅎ
beeeeajh | 2025-06-24 | 처음에저거 인삼인줄;;;;;;
511327_ | 2025-06-26 | 고지혈증 맛
jojunwon7179 | 2025-06-29 | 그냥 기름 덩어리ㅋ 드시는거에요
cest.la.vie__j | 2025-06-30 | 😢😢😢
e__yo_o | 2025-07-01 | 나도 통대창먹방 보고 진짜 큰맘 먹고 먹었는데 기름 때문에 속 다 뒤집어짐... 기름 토하고 난리
karam.kim.395 | 2025-07-02 | 한두시간 구우면 기름 사라지지않아요?잠깐 끓여도 대창이 사라지던데..
hhhe_888 | 2025-07-03 | 미미닮았어요
uuniversedust | 2025-07-04 | 뜨겁~따뜻할 때 먹어야 해요ㅠㅠ 다 식고 먹으면 느끼해서 못 먹고 따뜻하게 먹어야 고소하니 맛나요
narini.exe | 2025-07-05 | 갈라서 안쪽 기름 구워야하는데 보여주기 식으로 되서 통으로 먹는듯 ㅠㅠ 먹기힘들어요 통은
dr.lee_root | 2025-07-11 | 기름이 많은게 아니라 기름밖에 없는겁니다...
le.jwxdns | 2025-07-14 | 😂😂
o_ni_25 | 2025-07-20 | 17기 옥순... 닮으셧어요
jeon_hyeongjin11 | 2025-07-23 | 왜먹는지 이해안가는 음식중 하나...
____chanfood____ | 2025-07-23 | 그게 맛있는 건데...
uioprewquyt | 2025-07-24 | 순간 미미인줄알고 들어옴
eunjeong3402 | 2025-07-26 | 대창 친구랑 먹다가 한입머꼬ㅡ 안먹음 전골나온디길래 그래 전글은 괴안켔지 하고 햔숟갈 먹는 순간 기름탕 웩 돈아까비"
2025-06-01,4134,저 통대창 제대로 구운 것 같나요?ㅋㅋㅋㅋㅋㅋㅋ 아 너무 아쉬운데…!!! 8주,#통대창,"liuujki | 2025-06-01 | 에어프라이기에 3번 돌려서 기름기를 뺀후 후라이팬에 빠짝 구워주면 되여
j_princess_1117 | 2025-06-02 | 와...맛있게따
cute7js | 2025-06-02 | 약불에 한시간 이상 천천히 구워야 바삭해진대요…. ㅋ
z._.xin1661 | 2025-06-01 | 링곱창의 추억이 떠올란다ㅏㅋㅋ
double.jak | 2025-06-04 | 숯불에 구워주세유🔥🔥🔥🔥🔥🔥
sowonj | 2025-06-02 | 한 번 데쳐서 구우면 잘 구워져용
pcy07 | 2025-06-01 | 마법의가루를 뿌려서..구우면어떨까요 ㅋㅋㅋㅋㅋㅋ
soyul3060 | 2025-06-01 | 띠미 언니 불러요❤️
liutingho | 2025-06-02 | 장시간 굽기!
hanbang_home | 2025-06-01 | 기름 얇게 두르고 아주 약불에 빠삭해질 때까지 오래 구워요!🔥🔥🔥
crystal._.j | 2025-06-03 | ㅋㅋㅋㅋ위고비를맞았냐는게 넘웃겨욬ㅋㅋㅋㅋㅋㅋ
graceeah | 2025-06-26 | 위고비를 맞았냬 ㅋㅋㅋㅋㅋㅋㅋ 아 표현너무 잘하신다 ㅋㅋㅋㅋㅋㅋㅋㅋㅋㅋㅋㅋㅋㅋ
h1ovn_ | 2025-06-08 | 기름에 튀기기요..?
hyemin1004lee | 2025-06-02 | 나솔 17기 옥순님 너무 닮았심
seoeun___19 | 2025-06-02 | 대창박사님 😍@2017.11.04_ing @hwang1015 @ahn_myyong @jamong._.c
sook622 | 2025-06-02 | 위고비를맞았냐고욬ㅋㅋㅋㅋㅋㅋㅋㅋㅋㅋ 왤케웃겨진거에옄ㅋㅋㅋㅋㅋ
ssini_kim | 2025-06-02 | 세로로 잘라서... 펼쳐서.... 구워 먹으면 마싯....
kingruda1006 | 2025-06-15 | 어떤 유튜버분이 알려주셨는데 대창 기름에 굽는거래요 약불로 오래오래 돌려가며 구워야한다 하네요
treetwaystay1290 | 2025-06-02 | 계속 계속 기름 다 빠지게 계속 튀기라던데
aftergallery | 2025-06-02 | 대창집가서 직원들이 구워주는거 드시면됩니다 ㅎㅎ
creatork | 2025-06-02 | 똥냄새는 안나나요
yiseulx_x | 2025-06-02 | 위고빜ㅋㅋㅋㅋㅋㅋㅋㅋㅋㅋㅋㅋㅋㅋㅋㅋㅋㅋㅋㅋㅋㅋㅋㅋㅋㅋㅋㅋㅋㅋㅋㅋㅋ
sjooyeoning | 2025-06-02 | 약불에 기름살짝해서 굴려가면서 오래구워보세욤.ᐟ.ᐟ
its_coin_ansan | 2025-06-03 | 약불에 엄청 오래..
ja3h4_9405 | 2025-06-03 | 대창...세로로 길게 잘라서 펼쳐서 구우세욥
all._.silver | 2025-06-04 | 에어프라이기 높이 있는 은박지 그릇에 넣고 15분정도 돌리면 바삭해져요!!
especially00 | 2025-06-04 | 엄청약한 불에 오랫동안 구워야 함.. 40분 까지도 걸림
he_exx | 2025-06-07 | 한번삶으세요 5분정도 그리고 얼린다 어느정도 굳으면 후라이팬에 굽는다 쎈불과 중불 사이로요 빠삭하게 갈색빛나오게~
ambatukam_tukan | 2025-06-23 | Ne dion bayan
ambatukam_tukan | 2025-06-23 | Bayan ne dion amk
hi._.jaegyo | 2025-07-02 | 위고빜ㅋ
seojin04236 | 2025-07-05 | 🔥🔥🔥
a66902018b84 | 2025-07-06 | 원래 대창은 겉표면에 지방이 지저분하게 붙어 있는데 그걸 뒤집어서 매끈하게 보이게 해서 파는거라 그상태로 구우면 지방이 다 안빠져서 기름을 마시는 거임 원래상태로 뒤집어서 구우면 기름 다빠짐
jb.m_n | 2025-07-11 | 저 다 먹을수 있어요
coco.bori.v | 2025-07-12 | 위고비ㅋㅋㅋㅋ
jd_am___ | 2025-07-27 | 기름이 빠질 수록 형태가 없어지는 마법 같은 대창 한 줄만 먹어도 너무 질려서 못 먹겠어요"
2025-05-31,2109,"닭발을 차갑고, 시큼새콤하게 먹는거 이상해보이나요?! 왘ㅋㅋㅋㅋㅋㅋㅋㅋ 입에 너무 잘맞아서 민망할 정도로 맛있었습니다. 8주","#베트남여행, #호치민","zzyxoxo | 2025-06-03 | 요즘 푸드라디오님이랑 협업하시는걸까요?? 팔로잉 중인 두분이 같이😆
79dbswn | 2025-06-01 | 맞을거 같아여
lovenanchichi | 2025-06-21 | 자막 조금 아래로 해주실 수 있나요?!?! 친구들이 좋아요 누른 목록 버튼에 가려져서 잘 안보여요 흑흑
z._.xin1661 | 2025-05-31 | 왜 맛있어 보이징??ㅋㄱ
moonone400 | 2025-05-31 | 와 빨리왔다
the.gray.art | 2025-05-31 | 완전먹고싶어요😍
lulu_dad93 | 2025-06-01 | 이사장님 그 중국엔 울나라 드라마 #도둑시청 하는거아시죠 서경덕교수님이 옴청화내고잇어요ㅜㅜ
ssu_______k | 2025-06-15 | 야시장 어디인거예요
lee_.unni | 2025-06-08 | @2e.de 갑시다"
2025-05-25,9760,후배들이 서빙해줘서 그른가 더 맛있네?! 저랑 같이간 오빠 둘 다 같은 조리과 졸업생들인뎈ㅋㅋㅋㅋㅋ 아유.. 밥 다먹고 후배들한테 조언 한마디씩 해주는 것 보니깐 진쯔아 꼰 ㄷ ㅐㅋㅋㅋㅋㅋㅋㅋㅋㅋㅋㅋㅋㅋㅋㅋㅋㅋ 숙수도가 대표님?! 저 열심히 홍보했으니깐 육회 서비스로 줘라….^^꼭…..^^ 9주,,"hanna_xx_b | 2025-05-25 | 혹시 솔파ㅇ...? 세상에 저도 그학교나왔는데 꼭대기층에 숨겨진 레스토랑이 있는지는 몰랐....
from.jinhyuk | 2025-05-25 | 왤케 더 예뻐지세요
lovely_ayusis | 2025-06-01 | 엇!!! 저랑 같은학교 나오셨네요? 저도 외식조리과 출신입니다만...ㅋㅋㅋ
z._.xin1661 | 2025-05-25 | 맛있겠다 ㅏ❤️❤️
eun838800 | 2025-05-27 | 실습 추억돋네요~ ㅎㅎ 요기 다니셨구낭~
everyday_3016 | 2025-05-25 | 언니~ 오랜만에 학교 가신 기분이 어때요?❤️😍
cres_sm_1119 | 2025-05-25 | ㅇㅅ대 나오셨어요...??
wonhyungg | 2025-05-25 | 귀여워요😍
zoa373 | 2025-05-25 | 😍
q_beem33d_p | 2025-06-08 | 같은학교 출신이라니,,충격
yuju0319 | 2025-05-26 | 솔파인 빵이 진짜 맛있지않나요...? 실습때 버터발라먹으면 천국..!!(교수님 죄송해요....ㅎ)
_091801090908_ | 2025-05-25 | @a.mm_2.2 ㅇㅅ이야?나좀데려가
noahmom1104 | 2025-05-25 | @im_shines2 @le_petit_nana 대전이다 ㅇㅅㄷ
h_s_j06 | 2025-05-28 | @mxn.szk 담번에 가면 여기 데꼬가 주셈
_da_heeeeeee | 2025-05-29 | @freshman_sol 헐 나 이언니랑 고등학교대학교 같은루트네 나 유튜버할게
hyejin5655 | 2025-06-04 | 대전 ㅇㅅㄷ 군요ㅋㅋ 솔파인 학교다닐때잘갔는데ㅋ오랜만이네요ㅋㅋ
new._.mingrod__828 | 2025-06-15 | @r0sel1ne @new._.rin_03 @una._.ouo 진자 선배엿네 누가얘기했었지
jaso_nmeta | 2025-06-15 | 반갑네용
chris_is_afk | 2025-05-25 | 솔파만 검색해도 뜬다는게 ㅋㅋㅋㅋㅋㅋㅋ
_fdhd00 | 2025-05-25 | 와 ㅋㅋㅋㅋㅋ 무쳤다 일반인도 방문가능인가욬ㅋㅋㄲ
_mmlleook_ | 2025-05-25 | 솔파미레도? 솔파피아노? 오디죠?? 가고픔
sky_lovely7 | 2025-05-25 | 우리 동네에 있는 대학 같아요~역시... 대전ㅇㅅㄷ
my_jw_yj9021 | 2025-05-25 | 숙수도가라니!!!
glistenbong | 2025-05-26 | 솔파인식당
cwj_09wj | 2025-05-26 | 여기 맛도리인데
chef_amanda.r | 2025-05-26 | ㅇㅅㄷ 솔파* ㅋㅋㅋ
giridietmemory3377 | 2025-05-26 | 오디에용? 왜케 저렴하고 장소도 좋고 가족끼리 가고싶네용^^
yxcloie | 2025-05-26 | 송파인
yxcloie | 2025-05-26 | 솔파인
bomi.0202 | 2025-05-26 | 완전 추억이~ 수업했던 기억이 솔솔~~ 근데 그때랑 인테리어가 많이 변하지 않았네요 ㅋㅋㅋ
misunny2 | 2025-05-27 | @su.chef
ihih131108 | 2025-05-27 | 음식 옆에있는 거품 뭐예요?
pensamiento_de_mi_futuro_bien | 2025-05-28 | 우송대솔파인 제임스 보고싶네요
daily._.chloe | 2025-05-28 | 헐 저도 여기출신 😂 저 다닐땐 베이커리가 아주 핫했습니당
amasmin133 | 2025-05-28 | 와 제동생이랑 같은 학교!!! 저도 가족찬스로 가봤어요😮
jinui_05 | 2025-05-28 | 솔파ㅇㅎ?
yun_jjang_525 | 2025-05-29 | 어 솔파인? 같은 대학 나왔네욤😂😂
c_yw_0523 | 2025-05-29 | 우송대?
seoa__jin | 2025-05-30 | 왜 점점더 예뻐져요오❤️
mnjh12cb | 2025-06-01 | 그학교 전과자 가보야해!!!
dawooni_13 | 2025-06-01 | ...제동생이 졸업한 학교인데 왜 그동안 나에게 여길 알려주지않았는가
seokmin.kr | 2025-06-01 | 전과자에 나왔던거 같은디
gemma_ju | 2025-06-02 | 여긴 대전 ㅇㅅㄷ ?? ㅋㅋ
jounchung | 2025-06-12 | ‘솔 코리안’ 도 가성비 좋고 맛있습니다
kx_jxn.12 | 2025-06-15 | 혹시 in..?
xkimhayeonx | 2025-06-15 | 베이커리도 완전👍👍 공강때 자주 가던..😍😍
youon2hb | 2025-06-15 | 우송대학교인가요...?
_minnie_gram | 2025-06-17 | @clean_dadoongs 나 나온학교
jia_in_christ | 2025-06-19 | 오... 신기😮😮 저기 가봤는데 ㅋㅋ
04.20_dw | 2025-06-20 | @official_kjw_ 선배셨어..! ㅋㅋㅋ
samsik20 | 2025-06-24 | 여기 대학교 진짜 다 영어로 수업해요? ㅎ
yuya_blossom | 2025-06-25 | @road_yujin 대전이래
hongche_14 | 2025-06-28 | ㅇㅅ대학교 조리로 유명하죠...
bestheroro | 2025-06-30 | 오 나도 이 대학 다니는데
goyecan182 | 2025-07-01 | 우송대?
cat_minsoo | 2025-07-03 | 우..?
gina_je0ng | 2025-07-12 | 숙수도가 정말 최고❤️
kx0_0na | 2025-07-14 | 싫어하는 선배 걸리면 진짜 싫겠다…
today_chloe | 2025-07-20 | 아 여기 일반인이 갈수 있는거였어요?"
2025-05-22,1608,나니아 연대기에서 저 젤리 기억 나시는 분? 9주,"#터키쉬딜라이트, #간식","happyemyyy | 2025-05-22 | 전 완전 종합제리파라서 그런지 저거 좋아해유 ㅋㅋㅋㅋㅋㅋㅋㅋㅋㅋ
bliss.m_wony | 2025-05-26 | 저거 견과 든게 훨씬맛잇어요!!!😂
zzyxoxo | 2025-05-27 | 터키쉬젤리 맛있는건 맛있던데 어떤건 식감도 별로고 맛도 별로더라구요
gnuesooy | 2025-05-22 | 저거 맛업뜸...ㅠㅠ 너무 담
_5n0wfir3 | 2025-05-25 | 진짜 저거보고 얼마나 맛있으면 마녀한테 가냐 에드먼드야~!(등짝 스매싱) 하고 생각했어서 저거 사먹어봤는데...
굳이.. 저걸 위해서..? 에드먼드 진심이야..? 됨
__moonbr | 2025-05-24 | 친구들 좋아요 게시물 표시때문에 자막이 안보인당 ㅠㅠㅠ
lyxnx0 | 2025-07-07 | 로쿰입니당
z._.xin1661 | 2025-05-22 | 다이소에 잇는거랑 비슷하게 생겼다ㅏ
minji1016k | 2025-05-27 | 안 봤...어요...😢
ssynnoo_ | 2025-05-22 | 4빠레알오늘 미모 완전 빛나요😍😍😍
doilly_y | 2025-07-21 | 아마 저시대 당시 전쟁중이어서 간식이 당근을 막대기에 꽂은거여서 남자애가 맛있게 먹었다는 소문이..
hye_euning | 2025-05-25 | 튀르키예 ~!
qiquwi4563 | 2025-05-22 | 맛없어요ㅜㅜ달기는 엄청 달고~
v_vip_90 | 2025-05-22 | 민트맛은...진짜 우엑이에여
md_js._.1130 | 2025-05-23 | 언니 그..도너츠에서 하얀 시럽만 발린 일반 도넛 있잖아요 그거 구워 먹으면 맛있대여
samsik20 | 2025-05-23 | 이거 진짜 맛있음
dyunniii_ | 2025-05-25 | 저거 어디서 파는 거에요
ayon_329 | 2025-06-03 | 아연? 내 이름인뎅
10eunchan_5 | 2025-06-25 | 다이소에 디게 한거 있는데
nick38317 | 2025-05-28 | 종합제리에 팡터졌어요.
m_un____ | 2025-06-27 | 직접 만들어 주세요 언니
dustjqkr | 2025-05-31 | 이거 피스타치오 들어간거 진짜 ㅠㅠ 제리 식감아니고 약간 떡같고 진짜 마싯는데 ㅠㅠ
tweak_doll | 2025-05-22 | 나니아 연대기 2는 봤는데😅
gerbok12 | 2025-05-23 | 저는 저거 싫어해요. 식감도 맛도 저랑은 안맞더라구요
_mmlleook_ | 2025-05-23 | 터키쉬딜라잇을 이제 먹어본다고요?😮😮 이건 SNS 시작하시기도 전에 드셨을 줄 알앗찌이"
2025-05-20,1645,"평일엔 반값, 주말엔 1+1 반값다 피자헛 아직도 몰랐다구요?! 🫢 전국 어디서나! 일주일 내내! 릴레이로 쏟아지는 혜택🎉 ✨ 평일엔 반값 ✨ 주말엔 1+1 5월 반값다 피자헛 메뉴는 직화불고기래.. 매월 피자가 바뀌어서 진행되니까 놓치면 진짜 후회각…🔥 9주","#광고, #피자헛, #반값다피자헛, #반값할인","bangsieun68 | 2025-05-20 | 🔥 섹시푸드!!🔥
everyday_3016 | 2025-05-20 | 광고도 기가막히게 잘 하시는 사장님❤️😍
ssmj.yh | 2025-05-21 | 와사비 어디꺼예요
daqlzufk11 | 2025-05-20 | 오 피자헛 오랜만에 먹어봐야겠다
dyunniii_ | 2025-05-25 | 파마산 치즈가루도 맛있는데
1nyeuom | 2025-06-16 | 나뉴불공
play_eat_goe | 2025-05-20 | 어쩜 이사장은 피자를 막 먹는 모습도 되게 예쁜거에요? ㅋㅋㅋㅋ
jae_deokkk | 2025-05-21 | @moon_sso0388"
2025-05-18,9057,카스타드 저만 처음 구워먹어봤나요?! 아니 여기다 메론스프레드를 바르는건 어떻게 떠올리신거예욬ㅋㅋㅋㅋ 진짜… 먹세계에는 대단한 고수들이 숨어있다 10주,"#카스타드, #롯데카스타드, #칼디, #메론스프레드, #디저트","n___ht | 2025-05-18 | 아니 중간에 김밥 왜먹냐고요 ㅋㅋㅋ
hiskyhi | 2025-05-18 | 만들기전에 몇개를 입에 넣는겈ㅋㅋㅋㅋㅋㅋㅋㅋㅋ
hakunamatata_906 | 2025-05-19 | 우와 진짜 해먹어 보셨따아! 식빵 없는날 남편 아침밥 만들어주다가 도전해본건데 대단한 발견한 느낌! 뿌듯함 폭발해버려용 ❤️
biz_hertz | 2025-05-19 | 갑자기 카스테라에서 김밥은 무슨😂😂
ejn3lovelees | 2025-05-19 | 발뒷꿈치 ㅋㅋㅋㅋㅋㅋㅋ
luminous.1968 | 2025-05-19 | 발뒤꿈치 디지버졐ㅋㅋㅋㅋㅋㅋㅋㅋㅋㅋㅋㅋ
1_gnadevonj | 2025-05-19 | 롯데말고 오리온..
rhdygkekqhruddl | 2025-05-20 | 어떻게 이렇게 재미있게 표현 하고 말 하지
nyolihaneun | 2025-05-19 | 먹잘알들
jiji.2549 | 2025-06-01 | @__.hanbi.__ 메론스프레드갖고 해 먹어봐봐!
hj_______m | 2025-05-18 | @hi_hi_in 이거 미쳤어ㅠㅠㅠㅠ
zieun.nn | 2025-05-24 | @hello_yesuri 사와서 해먹어보렴,,,,,,,,,,,,,,
_eunyeong | 2025-05-24 | @uom__uom @mungayoung 내일 해먹는다
ha_yoooung2 | 2025-05-26 | @hyoooo_9999
imhyiseob38 | 2025-05-18 | 오?! 맛나게따
pop50610 | 2025-05-19 | 달고나쿠키 12트
rrran_0 | 2025-05-19 | @sung__ahhh 와 주말에 카스타드 사온다
yamyam0315 | 2025-05-19 | @i_alv2709
jang.yun93o | 2025-05-20 | 크림치즈로도 해조요
oi_qp_ | 2025-05-24 | @yoows8323 오
yeongjun9031 | 2025-05-26 | 카스타드 한입 물고 숨 들이 마시면 알코올 맛 난다던데
cmdsyoon2 | 2025-05-26 | 이거해먹어보쟈 ㅋㅋㅋ @hyeongin.jo @another0829
hyonee7 | 2025-05-26 | @spchloe17 메론스프레드를 쓸때가 왔오
p__cbeen | 2025-05-27 | @bini_0305
hye.ji___s | 2025-05-27 | @m.0ii_ 이거였군
h_hrin7 | 2025-05-27 | @sung_woo__95 해볼랭
_jjjjuu__ | 2025-05-28 | 찰떡파이@에어프라이에 10분 …극락입니다
ryubeckie | 2025-06-04 | 오리온이 훨씬 맛있음
so_obin_02 | 2025-06-12 | @_soo._.yom
miso_jang7747 | 2025-06-14 | 후레쉬베리도 가능할듯
yonghyun_120921 | 2025-06-15 | 누나 카스테라 토스기에 구어 먹어봐 ㅈㅁㅌ 이야 ㄹㅇ
espressivo_jj | 2025-06-16 | 왜 때문에 밥테일 재질이,,,,??
love83iris | 2025-06-16 | 메론 스프레드 국내에서는 못구하나용? 😢
lee.sr____ | 2025-06-17 | 아 집에 스프레드 많은데 해야징❤️‍🔥
my._jin | 2025-06-20 | 카스타드 겉만먹는저
xyz.xongyezy | 2025-06-21 | 근데 속사포오지심
xyz.xongyezy | 2025-06-21 | 인강 세배속기분
tygerr09 | 2025-07-03 | 은근 미미같은 느낌도 있으심
gimsiyul5570 | 2025-07-05 | 메론 스프레드
boyeon0813_ | 2025-07-21 | @cute_kjy 지여나 카스타드에 해보랩!!!
l.y.s_89 | 2025-07-22 | @yongolee_ 집에 스프레드있징??
tid.sayluv | 2025-07-22 | 위에 인바르구 굽기만해두 맛있을까요?🔥
nfkfkddkkd | 2025-07-25 | 누나 진짜 목소리 무서워"
2025-05-17,3197,"대왕푸딩 만들 때 부터, 저거 어떻게 다먹낰ㅋㅋㅋㅋㅋㅋ 고민했는데 와 이정도로 재활용이 가능하다면 얼마든지 가능이죠✨ (사실 저거 푸딩아이스크림 아직도 냉동실에 가득임) 10주","#대왕푸딩, #베이킹, #레시피","hyokiki_ | 2025-05-17 | 귀여웡
minn_xiz | 2025-05-17 | 와 닌자로 푸딩아이스크림 해먹기 너무 맛있어보인다..
cookey787777 | 2025-05-17 | 마싰겠다😍😍
z._.xin1661 | 2025-05-17 | 오 신박하다!! 역시 먹잘알 이사장님과 단골님들!
chxun0 | 2025-05-18 | 저거 닌자 크리미인가 맞죠!!저도 저거 사고 싶었거덩요ㅠㅠ얼마정도 했어요??
hj_s2_v | 2025-07-06 | 설탕막이 안만들어지는게..너무 적게 뿌리셔서 그런거 아니신가여??좀 넉넉히 부어야 할거같아여
kimminji2645 | 2025-05-18 | 천재😍
rkdjjajang_jjambbong | 2025-05-17 | 설탕을 평평하게 더 두껌게 뿌리셔야 할거 같애용
soo_jin140 | 2025-06-02 | 우와👏대박😯🙉
yunwooa_b | 2025-05-17 | 닌자... 사보려했는데 가격대가..😢
sj._.110b | 2025-05-28 | 설탕 많이넣어야 되요
soo_jin140 | 2025-05-30 | 우와👏대박😯🙉
soo_jin140 | 2025-05-26 | 우와👏대박😯🙉
sm.ail1156 | 2025-06-20 | 크림 브륄레는 설탕시럽을 전자레인로 녹인다음 시럽을 부어야 하고 이사장님이 설탕을 너무 적게 뿌렸어요
jesuslove138 | 2025-05-18 | 설탕 그냥 쏟아 부어야돼요
kan_070715 | 2025-06-08 | 설탕을때려넣어야되여평평하고
aqweddd2 | 2025-05-19 | 닌자가 갑
glruhsv | 2025-05-17 | 원래 푸딩은 계란이랑 우유 크림 등등으로 만들어서 불로 지져도 안 녹고 타는데 저건 그냥 푸딩 키트라 지질때 설탕이랑 같이 녹아버려서 그런것 같아용"
2025-05-16,1.1만,"불금에 먹기 딱좋은➡️ mz식 육회 낉여왔습니다. 너무 맛있음 주의. 근데 저는 진짜 성인 될 때 까지 육회라고 하면 당연히 고추장 육회를 떠올렸거든요?! 단골님들은 육회라고 하면 어떤 양념을 한게 떠오르세요? <불닭 육회 소스> :불닭소스 4큰술, 설탕 1/2큰술, 다진 마늘 1/2큰술, 참깨 1/2큰술, 참기름 1큰술 (매운거 못드시면= 간장2큰술, 설탕1큰술 추가 ) ❗️ 제가 자주가는 정육점 사장님이 알려주신 꿀팁 소스를 섞지말고 꼭 찍어서 드셔보십시오! 10주","#육회, #육회칼빔면, #칼빔면, #불닭소스, #레시피","minn_xiz | 2025-05-16 | 와 진짜 맛있겠어요 ! 🤤
z._.xin1661 | 2025-05-16 | 으ㅏㅏㅏ 맛있겠다 ❤️❤️❤️❤️
yun_gun_family | 2025-05-17 | 17기 옥순 닮았네..?????
kim_yul_13 | 2025-05-16 | 언니! 저 육회 진짜 좋아하는데 더 맛있게 먹는법 알려줘서 감사해요!
suyen0427 | 2025-05-16 | 크 먹잘알 🔥👏👏
o1.11.1z | 2025-05-17 | 저 먹어볼게요!!
xxflare_ | 2025-05-25 | 설탕 1 소금0.5 후추 깨 참기름 적당히 넣고 마늘을 다지지 말고 얇게 슬라이스 해서 먹으면 육회 정말 맛있습니다…
giny.on | 2025-05-16 | 불닭소스 스틱 탐나욥🤤🤤🤤🤤
rami__0216 | 2025-05-16 | 저는 불닭맛이랑 기본 기름장이랑 막장이랑 세개 만들어서 먹는데 육사시미랑 육회의 언저리 느낌이 하.... 세가지맛으로 골라 먹는 맛이 있어서 행복해요ㅠㅠ
aleumna365 | 2025-05-16 | 천재
bj_seoyi | 2025-07-10 | 노른자도 딱 👏👏👏👏👏👏 🙋‍♀️
by._.oon | 2025-06-07 | 마라육회가 그렇게 맛있습니다😍
jieun6977 | 2025-05-19 | @hunjejeong 해줭...😢😍
jo.21 | 2025-05-22 | @a_r1125 이거 찐
dabnic_ | 2025-06-12 | @jinini93
cr.heeee | 2025-07-25 | @_jioni__ @1._.chill4
_mmlleook_ | 2025-05-16 | 역시 먹잘알 👍 📝
binee_1bitestudio | 2025-05-16 | 이건 반칙이다🫨🫨🫨
__siia_2 | 2025-05-17 | @mina_444425 엇 나오늘 소스만들어머것는디
hyoniiiiiiiiii | 2025-05-17 | @seung_things
nyolihaneun | 2025-05-18 | 맵찔이에요
zathamraization | 2025-05-19 | 불닭소스 안들어간 기본고추장소스 레시피도 궁금해요😙🤞
minkyung5244 | 2025-05-20 | 육회 좋아해서 집중하는데 코끝에 흰털하나 계속 보여 집중 흐트러짐요.
219001n_ | 2025-05-22 | @ddd_sssoll_
sol.ppinale | 2025-05-24 | @jjang_sunny_
mat_soolsa | 2025-05-27 | 넘 맛있어보여요ㅠㅠ
nyam.nani | 2025-05-27 | 와 ㅠㅠ
wpdusdn10 | 2025-06-03 | 😮
177.1 | 2025-06-03 | @pww___w
i5j1h7 | 2025-06-07 | 미쳐따
eunkk08 | 2025-06-07 | @peonyblossom_93
gs._.mom | 2025-06-10 | @kimjt411 이거다 ㅠㅠ
h_eern | 2025-06-20 | @o_minsik
10eunchan_5 | 2025-06-25 | 육회에 배홍동 소스 넣어서 마늘이랑 참기름 넣어서 먹으면 진짜 맛있어요!! 하..진짜 인생 레시피다..😍
lphsdb | 2025-06-27 | 👏👏👏👏
stellar7436 | 2025-06-27 | @jjuunn7436
noxyux | 2025-07-05 | @k_jione__ 댕장.. 먹고싶다
yummy130701 | 2025-07-18 | 맵찔이 이면 어떻하죠"
2025-05-15,9173,"일반 푸딩사이즈x20배 정도 되는 크기인데, 여러분들음 한 저리에서 몇인분까지 가능?! 저는 7개정도 까지요🕺 (제품정보는 프로필->링크트리에서 보실 수 있습니다!) 10주","#대왕푸딩, #베이킹","z._.xin1661 | 2025-05-15 | 녹여서 전부넣어서 커스타스크림 만들어서 붕어빵?어뗘요
2_cherry_ | 2025-05-15 | 아 영상보다가 우유 끓어넘칠때 깜짝 놀라 후후 불었네🫠🤣🤣🤣
shaneeeee_hk | 2025-05-15 | 동네잔치해야져 뭐.... 저도가고싶다규요...😏
hyorin0111 | 2025-05-15 | 아이스크림 만들어주세여ㅕ
dltmdwn310 | 2025-05-15 | 위에 칼집을 만들면 위에서 공기가 들어올 통로가 생겨서 잘빠집니다, 그러한 이유로 편의점 푸딩의 똑딱이(?) 를 만드는 것이고 스팸도 칼집을 내면 같은 이유로 잘빠집니다
lce_0312 | 2025-05-16 | 커스터드 찰떡 아이스나 크림브륄레..❤️
_oxjihoon | 2025-05-16 | 공기가 빠저서
jan_et1309 | 2025-05-16 | 그거 짤라서 크림브렐레(?)인가?그거 해주세요
p.star11 | 2025-05-17 | 우유 넘칠때 고양이가 들어간줄 알았어욬ㅋ
meme_chin_nom | 2025-05-16 | 통 바닥에 칼을 꽂게되면 푸딩이 화들짝 놀라서 아래로 슬금슬금 내려오는겁니자
ha.cp_cp | 2025-05-15 | 과학적으로 공기가빠져서.
k.xsy12 | 2025-05-15 | 위쪽에 공기 들어가서요
rla0eun | 2025-05-15 | 푸딩 빙수 만들어주세요!!
nonono123where | 2025-06-23 | 위에 공기층이 있는데 나갈수 없어서 푸딩을 잡고있다가 위에 구멍이 뚤리면 공기층이 파괴되고 공기나 나감으로서 푸딩이 쉽게 나오는것입니다
nyolihaneun | 2025-05-15 | 케이크
min8s21 | 2025-05-15 | 간단하게 말하면 공기가 들어가서지만 안쪽과 바깥쪽의 압력이 같아질수있도록 구멍이 생겨서에요!
qwepoiii1209 | 2025-05-16 | 칼집을 내서 푸딩이 잘 빠지는 이유는 냉장고에서 잠자던 푸딩이 갑자기 벽을 뚫고 들어온 칼끝에 화들짝 놀라기 때문입니다 감사합니다
hanseolee6132 | 2025-05-16 | 공기가 들어가서 잘 빠져요
dkanrp0 | 2025-05-16 | 크림브륄레 랑 파이생지안에 넣어도 될듯요
pop50610 | 2025-05-16 | 달고나쿠키 11트
is_it_pretty1122 | 2025-05-16 | 그것은 바로 통이 푸딩이 굳어서 꽉 막혀서 그런데 보시다시피 칼집을 살짝내면 안에 공기가 생겨서 빠져나가게 되는거에요
daeyong.saekki | 2025-05-16 | 와 진짜 맛있겠다ㅠㅠㅠㅠ
biseong90 | 2025-05-16 | @k_0713__ 맛있겠다
nabi_mytaes | 2025-05-16 | 고양이 진짜 귀여워요😍
e._.elili | 2025-05-16 | 푸딩 탕후루 어때용 헿😍
010_5xx7_5x5x | 2025-05-16 | 식빵 발라먹으면 맛있음
kang_yougim | 2025-05-17 | 아이스크림 형태로 먹어도 괜찮을거 같은데에..
duwns2011 | 2025-05-17 | 고양이 이름이 뭐예요
jane_140704 | 2025-05-18 | 언니 너무 예뻐요
giseul_0516 | 2025-05-18 | 푸딩 티라미수 같은 것도 맛있겠다
hatareiju | 2025-05-18 | 저걸 남긴다고?
cat.cat.top | 2025-05-21 | 지나가는 이과아닌문과아닌사과입니다
lulu_dad93 | 2025-05-21 | 다드신거에요?!
lee1tes | 2025-05-31 | 푸딩보니깐 짱구에 나오는 푸딩이랑..똑같은건...나만 그런가?
oy_.jun | 2025-06-01 | 돼끼부르자
voice_umesakura | 2025-06-07 | 푸딩빙수?
anj.aehyeon | 2025-06-21 | 기부
jxn_s7ar_12 | 2025-07-05 | 먹고싶노 저거 😛😛
ibom5677 | 2025-07-12 | 얼려 주거나 동결건조 해주안뎌?
inshdl123 | 2025-07-15 | 공기가 들어가서 잘빼져요"
2025-05-13,4826,뭐님 @whats._.mean 덕분에.. 제주도 가서 영상 알차게 뽑음(감동의 도가니탕) 10주,,"whats._.mean | 2025-05-13 | 안녕하세요, 뭐랭하맨님, 뭐랭하님, 뭐랭님, 뭐님입니다
everyofme | 2025-05-27 | 👏👏👏
mukorang | 2025-05-13 | 제주 가야게땽❤️
kana_kanaya | 2025-05-15 | 마지막 다리길이 무슨일인교~~~~🤣🤣🤣 다시 돌려봤다요ㅋㅋㅋ
z._.xin1661 | 2025-05-13 | 마지막에 다리 길이가!!
d___heeya | 2025-06-17 | 멜젓에 고추듬뿍썰어넣고 밥비벼서 고기 얻어먹어두 맛있어요!
joyujin87 | 2025-05-20 | 마지막 다리길이 머죠?! ㅋㅋㅋ😂😂😂😂😂
rendn2024 | 2025-06-08 | 여기 고기장이죠ㅛ?????
jaeyoung0525 | 2025-05-13 | 이 콜라보 대찬성
parkyeon369 | 2025-05-16 | 약과 만들어주세영! 2트
uuee14y | 2025-05-14 | 다리 존나 기네요 ㅋㅋ🤣🤣
soul_jang | 2025-05-13 | 괜히봤어~ 제주도 가야할거같아
sildussss4 | 2025-05-15 | 잘어울린다
_mmlleook_ | 2025-05-13 | 뭐님 보니까 고기 당긴다
zx9918zx | 2025-05-15 | @hyodii 멜젓 좋아하는 너가 봐야함
llllll__ll_lllllllllllll | 2025-07-24 | ⠀⠀⠀⣀⡀⠀⠀⠀⠀⠀⠀⠀⠀⠀⠀⠀⠀⠀⡠⡄⠀⠀
⢰⠒⠒⢻⣿⣶⡒⠒⠒⠒⠒⠒⠒⠒⠒⠒⡶⠊⣰⣓⡒⡆
⢸⢸⢻⣭⡙⢿⣿⣍⡉⠉⡇⣯⠉⠉⣩⠋⢀⣔⠕⢫⡇⡇
⢸⢸⣈⡻⣿⣶⣽⡸⣿⣦⡇⣧⠠⠊⣸⢶⠋⢁⡤⠧⡧⡇
⢸⢸⠻⣿⣶⣝⠛⣿⣮⢻⠟⣏⣠⠞⠁⣼⡶⠋⢀⣴⡇⡇
⢸⢸⣿⣶⣍⠻⠼⣮⡕⢁⡤⢿⢁⡴⠊⣸⣵⠞⠋⢠⡇⡇
⢸⢘⣛⡻⣿⣧⢳⣿⣧⠎⢀⣾⠋⡠⠞⢱⢇⣠⡴⠟⡇⡇
⢸⢸⠹⣿⣷⣎⣉⣻⢁⡔⢁⢿⡏⢀⣤⢾⡟⠁⣀⣎⡇⡇
⢸⢸⠲⣶⣭⡛⠚⢿⢋⡔⢁⣼⠟⢋⣠⣼⠖⠋⢁⠎⡇⡇
⢸⢸⢤⣬⣛⠿⠞⣿⢋⠔⣉⣾⠖⠋⢁⣯⡴⠞⢃⠂⡇⡇
⢸⢸⠀⢙⣻⢿⣧⣾⡵⠚⣉⣯⠶⠛⣹⣧⠤⢮⠁⠀⡇⡇
⠸⣘⠢⣄⠙⠿⢷⡡⠖⣋⣽⠥⠒⣩⣟⣤⣔⣁⡤⠖⣃⠇
⠀⠀⠙⠢⢍⣻⡿⠒⢉⣴⣗⣚⣽⣋⣀⣤⣊⠥⠒⠉⠀⠀
⠀⠀⠀⢀⣔⠥⠒⢮⣙⠾⠀⠷⣚⡭⠞⠉⠛⠦⣀⠀⠀⠀
⠀⠀⠀⠉⠀⠀⠀⠀⠈⠑⠒⠋⠁⠀⠀⠀⠀⠀⠀⠀⠀⠀
mmm__7744 | 2025-05-15 | 고기숙성과 칼질이 별루임 -고기러버 일반인-
boribori_sky | 2025-06-01 | 제주돼짘ㅋㅋㅋㅋㅋㅋㅋㅋㄱㅋㄱㅋ
power.byeol.bit | 2025-05-14 | ㅋㅋㅋ 제주 돼지들 교육 ㅋㅋㅋㅋㅋ"
2025-05-12,8434,내가 각잡고 만든 음식보다 맛있어서 좀 뚁땅함 단골님들은 밥솥에 뭐까지 해서 드셔보셨어요?! 10주,"#밥솥요리, #레시피, #베이킹","watermelonhwacha | 2025-05-20 | ㅋㅋㅋㅋㅋ 근데 진짜 너무재미있어요😂😂😂😂😂
sinmuele | 2025-06-29 | 자취하면 전부 해봐야겠네요🔥 존맛이겠당
pd.agfe | 2025-05-12 | 서브 밥솥 권장영상...하나 들여야하나여...
z._.xin1661 | 2025-05-12 | 맛있겠다 ㅏ🔥🔥🔥
j_a_n_e94 | 2025-05-13 | 이사장님 엄니한테 혼날일만 남았네요 마라치킨도 모자라서... 생크림까지 밥솥청소 이사장님이 하실거쥬?
koalajimink | 2025-05-15 | 즌짜 먹천재에요!!
narae_haru | 2025-07-16 | 치밥은 사랑이에요😍
__eess | 2025-05-13 | 사장님, 혹시...중국 기름빵??아세요? 빵을 시럽에 절인건지 튀긴건지 기름처럼 뚝뚝 흐르던데 그게 너무 궁긍해요!!!!
beti1963co | 2025-05-12 | 뼈빼고하는게 나을거 가태여.. 뼈하나 제대로 안바르면 목애 걸릴수도 이쓰니.. 그래두 치킨밥솥(?)밥 너무 맛잇어보여요😍 이사장님이 만드러서 그른가🔥
i.alfl | 2025-06-25 | 밥물은 그대로 하고 치킨만 추가하신거에요?
ro_skwnj_ | 2025-05-14 | 언냐 너무 귀여워…❤️
zzyxoxo | 2025-05-27 | 리조또!?
imhyiseob38 | 2025-05-12 | 오! 어? 음...
ddoong_leg | 2025-05-13 | 믿고 먹는 레시피
_yoobella_fit_ | 2025-06-14 | 괴식인거 같지만 찐맛인듯😍
with_s_snow | 2025-05-12 | @seongyong.park.31 요거 괜춘한데?? 죽은 양념치킨을 살린 치밥이잖오
qqqppop | 2025-05-16 | 와 맛있겠다
sanggiha | 2025-05-25 | 우와..마라치킨 리소토가 되는거에요?ㅎㅎ
lkyuhunl | 2025-05-12 | 밥솥: 그만...
oojuy_ | 2025-05-14 | @yxxns_oo
yunhajun39 | 2025-05-13 | 아니 누나 나 다이어트 할 때 나오면 어떻게 당장 먹을겡
pink_sky_2023 | 2025-06-17 | 밥통 냄새는 어쩔~ 전용밥통으로 써야할듯😂
lulu_dad93 | 2025-05-15 | 치킨을 올려서 표정보면 내치킨아 떠나지마 하는표정 😂😂😂😂
gnabhawag | 2025-05-12 | 밥솥에는 밥만 하죠
dongwonpannel | 2025-06-13 | 아... 해보고 싶다 ㅋㅋ
ukm_7777 | 2025-05-13 | 리조또다
isa._.n13 | 2025-05-13 | 그니까 약과밥을 하시는거죠?
parkyeon369 | 2025-05-16 | 약과 만들어주세요! 1트
ms._.k11 | 2025-07-17 | 리얼 치밥
huiseungchang | 2025-05-14 | 빠져든다 찰지다
daeyong.saekki | 2025-05-16 | ㅋㅋㅋㅋ
nyoungmommy | 2025-06-28 | 약간 인도요리 같은느낌 ㅋㅋ
177.1 | 2025-06-03 | @pww___w"
2025-05-11,1208,롯데월드가서 놀이기구 두개 타고 멀미약 먹은 나@ 수정됨 · 11주,,"ksmi1210 | 2025-05-11 | 프라ㄷ에서 뭐 사셨어요!!ㅎㅎㅎ
__.maarrrrr.__ | 2025-05-11 | 발토시 이런 거 찾고 있었는데 ㅠㅠ못찾고 포기중에 이사장님 발에서 찾았네요 ㅎㅎㅎ 어디서 사셨는지?? 😢
rosemizip | 2025-05-11 | 이사장님 나랑 결혼해주쇼…😳 언니 너무 예쁘시자나….✨💕
everyday_3016 | 2025-05-11 | 겁내 이뻐여❤️❤️❤️ 언니 진짜 심쿵했어요
cream_23555 | 2025-05-11 | 이뻐서 진짜 매일마다 보는즁❤️❤️ㅎㅎ
hommie__mama | 2025-05-12 | 이사장님 양갈래 찰떡이시네요?💫
jjangnyanga | 2025-05-11 | 아니 저 청록색?모자 너무 잘어울리시는데요? 첫번째 사진 너무 잘생쁨❤️
xvcyuuuk | 2025-05-12 | 이날 메이크업 진짜 다시봐도 정말 찰떡이셔요..
eunbin.anne_ | 2025-05-11 | 혼자 롯데월드 갔다가와써요??ㅎㅎㅎ
leeso7879 | 2025-05-17 | 맨날 음식만 봐서 이렇게 이쁠줄은...와
imayun14 | 2025-05-11 | 언니 넘 이뿐고아니야?
somyuna0307 | 2025-05-23 | 비율 무쳤땅..!❤️❤️ 3kg 찐거 맞음?
surisurikisoori | 2025-05-11 | 립 알려주세여
shoom.0521 | 2025-05-18 | 7번째 사진 이뻐여
rkdjjajang_jjambbong | 2025-05-13 | 언니가 이상한 유행 따라서 교복 안입고 잘어울리는 기여운 맨투맨에 양갈래 해서 너무 좋아요~~
slalqlkdkwkqqq | 2025-05-11 | ㅁㅊ 존예
iseungjun3525 | 2025-05-11 | 개이쁘다...
zoi.se | 2025-05-12 | 이사장님 골져스,,,,"
2025-05-10,2062,콩나물 이거 진짜 키울만한데?ㅋㅋㅋㅋㅋㅋ 11주,,"pplpppp2002 | 2025-05-16 | 😍
minn_xiz | 2025-05-10 | 엄청 간단하네요! 해먹어봐야겠어요
z._.xin1661 | 2025-05-10 | 오 이렇게ㅣ 쉽다니!
sunny_jo44 | 2025-05-12 | 김치 어디다 써두셨나여 ㅋㅋ 못 찾겠어용
sweetshop_s2 | 2025-05-17 | 아닠ㅋㅋㅋㅋㅋ유튜브에만 태깅해놓은걸 깜짝 했어요!!! 쿠팡에 <학가산김치> 인데
이게 국내산, 중국산이 따로 있더라구요?? 꼭 국내산으로 드셔보세용!!
_k.jin1x | 2025-05-11 | 이언닌 진짜 뭘하든 행복해보임 ㅋㅋㅋㅋ
y2nx_eo1 | 2025-05-10 | 오 1빠다
cy131113 | 2025-05-10 | 저거 떡잎인가 저거 초록색이면 안되지않음?
ba_garamee | 2025-05-11 | 전주사람으로 30년 후반을 살고 있는 노인으로서...그런 로망을 가져본 적이 이 늙은이만 업슬가요
rhythmizm | 2025-05-10 | 그러취 이거지 ~!!!! 거기다 청양고추 캬!
dht_airi20130 | 2025-05-15 | 언니 콩나물 잘못 키우면 우유썩은네가 진동하니깐 조심해요🥲

(실제로 학교에서 단체로 콩나물 키웟다가 썩어가지고 교실에서 우유썩은네 나가꼬 밖에서 수업햇어요ㅠㅠ🥲🥲
yyennique | 2025-05-10 | 이 영상을 콩불해먹으면서 보고 있는 나...알고리즘 무엇..
gimyunha7205 | 2025-05-14 | 김치 어디껀가요?
kimminji2645 | 2025-05-11 | 그래서ㅡㅡ 뭔가요
yuya_blossom | 2025-06-25 | @road_yujin 산다
junerang_ggo | 2025-05-16 | 김치...어디껀가요
s_n.min_ | 2025-05-11 | 저는 피순대국밥이 굿
haun_i13 | 2025-05-10 | 오 그럼 돼지 국밥은......돼지를 키워야 돼나?....
chris_is_afk | 2025-05-11 | 저 김치 딱봐도 맛있겠다..
pop50610 | 2025-05-10 | 달고나쿠키 10트
soul_jang | 2025-05-10 | 콩나물국밥 먹고싶지도 않았는데 영상보니 먹고싶어져~
alala_lggg | 2025-05-10 | 그래서 김치 뭔데!!
_hahan_iii | 2025-05-11 | 콩나물 그늘진 어두운곳에서 안키우면 초록색으로 크고 독성 생기는데ㅜㅠㅋㅋㅋㅋ그래도 뭐..안죽으면 됐죠😂
hyeon_woo89 | 2025-05-11 | 김치 어디꺼?
joondell417428 | 2025-05-10 | 콩만 사서 다시 키워도 되긋당
nyolihaneun | 2025-05-10 | 콩나물이 맛있다고?"
2025-05-09,2305,가루만 넣었는데 30초 만에 떡볶이로 변한다고?! 헐 진짜 변해요 변해 11주,,"pinkwing86 | 2025-05-10 | 나진짜모르는아저씨인줄알앗넼ㅋㅋㅋㅋㅋㅋㅋㅋㅋ😂
hyunmi5941 | 2025-05-09 | 요거요거 맛있어요 ^^
pplpppp2002 | 2025-05-16 | 😍
yyy6998 | 2025-05-10 | 첫맛 떡볶이가루 맛있어요~
jinsbebemom | 2025-05-11 | 하나로마트 식자재에서 사서 먹어봤는데 진짜 맛있어요
jeonmira1918 | 2025-05-10 | 언니의 사실 적인 얼굴이 너무 이쁘네요 ㅎㅎ
longdari1016 | 2025-05-10 | 이거 사야겠다
sseona.86 | 2025-05-19 | 구매처좀부탁드려요ㅎ
gerbok12 | 2025-05-21 | 저거 맛있어요. 소용량 몇개 사서 쟁여둠
from_jyb | 2025-05-28 | 진짜 어디 데꼬다녀도 뚝딱뚝딱이네
soul_jang | 2025-05-09 | 오 캠핑이나 펜션가서 해먹으면 되겠다
lulu_dad93 | 2025-05-21 | 가루요리사=이장우
z._.xin1661 | 2025-05-09 | 우와 신기하다! 낙시가서 낙시안하고 요리만 하신다니ㅋㅋ
9dsik2 | 2025-05-11 | 되게 편하겠네요 대박
huiseungchang | 2025-05-14 | 순대국밥 가루랑 떡볶이가루 어느거사면되나요
huiseungchang | 2025-05-14 | 맵기정도는 어때여
o81sy_ | 2025-05-16 | 언니 떡볶이 젤리에ㅜ있는 가루로 떡볶이 해주세요
_mmlleook_ | 2025-05-09 | 우와!! 떡볶이 만드는게 가장 쉬웠어요 편
guava_like_mango | 2025-05-11 | 와 떡볶이 비쥬얼도 폭력적이고 쌩얼도 폭력적이네"
2025-05-07,1208,처음엔 이렇게 단걸 왜 먹나 싶을만큼 단뎈ㅋㅋㅋㅋㅋㅋㅋ 아니 이게 자꾸 끌려!!!!! 11주,"#대추야자, #간식추천","zhoeun | 2025-05-10 | 만수르가 즐겨먹는건 바틸이래유..! 다른 대추야자보다 비쌈😢😢
da_du_0120_0815 | 2025-05-08 | 오 저는 이거 맛있게 먹었어요 ! 누가 선물해줘서 먹었는데 진짜 맛있었어요 다음에 내가 구매해서 사먹어야지하고 있다가 잊고있었는데 여기서 보네욬ㅋㅋㅋ
beathome___ | 2025-05-13 | 바틸데이츠 진짜 맛있어요! 특히 피스타치오맛 🤤
luminuos_31 | 2025-05-07 | 와..맛있을거 같아요..
z._.xin1661 | 2025-05-07 | 무슨 맛일까 .....? ㅋㅋ 근데 고냠이 짱긔
remembersoo | 2025-05-07 | 대추야자의 단맛으로 건강한 케익도 만들어 먹고 블랜더로 갈아서 아이들 snack ball도 만들어 먹기 좋아요~^^
many_affection97 | 2025-05-07 | 뭔가 어디서 먹어본적 있는거 같단말이죠..😮 포장지가 낯이 익어유..
xvcyuuuk | 2025-05-08 | 만수르랑 내 공통점. 만들기.. 대추야자먹고 이시려보기..
rxv3w | 2025-05-18 | 저거 얼려서 먹으면 맛있어요!
leeye6in | 2025-05-09 | 저거 반만 먹어도 진짜 겁나 단데
pop50610 | 2025-05-09 | 달고나쿠키 9트 제발
seungribaek_ | 2025-05-07 | 대추야자 중동 쪽에서 대따마니 먹는데 금종이? 은종이 막 감싸거나 뿌려서
leesoonduckk | 2025-05-16 | @ujeong2ya 언니냐가 보내준거다 ㅋㅋ 이거 겁나 맛있었는디 ㅠ
ruina1225 | 2025-06-23 | @kcy0706 우리 두바이에서 먹은거다
alohaa__jjing | 2025-05-08 | @narae_519 이고 저번에 현이오빠가 사온 과자 같은디😮😮
yoon_yoon_mam | 2025-05-17 | 😂😍"
2025-05-06,7852,딸기를 생크림에 말아먹으면 느끼한게 당연한거 아냐….? 오우 전혀… 좋은 생크림 써서 먹었더니 너무 맛있잖아? 11주,,"yalan12418 | 2025-05-06 | 그니까.. .. 생크림 베이스 육수에 건더기로 딸기가 들어간 차가운 국이군여.....?
woori2335 | 2025-06-14 | 쇠 숟가락 으로 꿀들어 있는거 먹으면 영양분 다 파괴해요ㅜㅜ
z._.xin1661 | 2025-05-07 | 저거 진짜 맛있어여 ㅠㅠ 저기에 요거트파우더 뿌리면 맛있어요!
everyday_3016 | 2025-05-06 | 아니 이렇게 간단한 레시피를
누가 만든거지?? 진짜 천재 아니냐구요❤️
h_m.x10 | 2025-05-07 | 간단해서 해먹어봐야 겠어요!❤️ 생각보다 맛있다니 다행이네요!
soiandsausage | 2025-05-08 | 기분 좋아진다 이거 보니까 😍❤️
godzilladdongsmellsnice | 2025-05-06 | 으어 완전 성덕이시다 세진님 언늬 항상 응원하고 있구 오늘 영상도 너무 귀여워ㅓㅓ
watermelonhwacha | 2025-05-20 | 진짜오늘 시험망해서 너무 많이힘들어는데 너무 웃겨서 눈물나옴😂😂😂😢😢😢😢
pop50610 | 2025-05-06 | 아아아아 달고나쿠키 8트!!~~~
onyou0910 | 2025-07-14 | 냉장고에는 없는게 없네요ㅋㅋ
mijinxox | 2025-05-29 | 생딸기에 얼음,꿀 없이 생크림을 살짝 적시는 정도로 부어서 먹어도 새콤 고소 하고 맛있어요!
pinkwing86 | 2025-05-06 | 오우...??
minn_xiz | 2025-05-06 | 이사장님표 대왕 망고시루 만들어주세욤!❤️
ekrhtm02 | 2025-05-07 | 역시 괴식의 천재! ㅋㅋㅋ
nayun3813 | 2025-05-07 | @jeon_unni_ 언니!❤️ 이거 만들어 주세요❤️❤️❤️❤️
7nwwy | 2025-05-09 | 이거때매 휘핑크림 하나 하루만에 다먹엇다….
ye1ect | 2025-05-06 | @jeon_unni_ 언니… 언니가 먹는 거 보고싶어요…
hong__ah | 2025-05-07 | 😮
play_eat_goe | 2025-05-06 | 아니 요새 딸기 값은 싼데 맛은 없어거 안사먹었는데 지금 당장 마트갑니다 ㅋㅋㅋㅋ 이사장이 내수경제 다 살려요 진짜
ol7l0f | 2025-05-06 | 저기에 밥말아 먹으면 맛있는데
_mmlleook_ | 2025-05-06 | 얼리면 아수쿠림?"
2025-05-04,6373,일 다 마치고 밤에 쫀득쿠키를 만들었는데 이것도 평소랑 똑같이 촬영을 하긴 했지만 어쩜 이건 힘들지도않어🥹😉 12주,"#베이킹, #레시피, #쫀득쿠키","hyokiki_ | 2025-05-04 | 우와아아 너무 맛있었겠다 😭😭😭😭
double.jak | 2025-05-08 | 저도 먹어보고 싶네요~ 너무 예뽀요🥭🍇🥝🍉🍈🍒
ta.er_in3 | 2025-07-12 | 😍
icaemi598 | 2025-05-06 | 제주도?
km1n_.s0 | 2025-05-04 | 재료 어디서 샀어요?
everyday_3016 | 2025-05-04 | 드디어 기다리고 기다리던 쫀득쿠키❤️❤️ 언니 갬동이자나!!! 고마워여
hanjiu854 | 2025-05-05 | 옹
jung54873 | 2025-06-29 | 제주도
kellyfornia_c | 2025-05-04 | 우와😍😍😍
psh_._._ | 2025-06-16 | 혈당 바로 상승
__hyeoning_ | 2025-05-10 | 아프리카?!
sweetpurple11001 | 2025-05-11 | 이야..자를때 안 찐득거리네요. 무슨 마법을 사용한거에요!
seo___eun2 | 2025-05-09 | 제주도 보육원 !!!
ho.ong2ya | 2025-05-06 | 맛이읎을수가읎다
0oc.io0 | 2025-05-05 | 동결건조 산 시장 어디에요 !!ㅠㅠㅠ"
2025-05-02,5263,"빈혈은 무슨.. 그냥 육회 맛있게 해먹는 사람이 되었다😎 여러분.. 메니에르 앓아보신 분 있으신가요? 진짜 침대에 누웠는데도 너무 어지러워서 이석증 검사를 하러갔는데.. 메..메니에르라니요 선생님 어쨌든 트러플 육회는 너므 맛있었으니 레시피를 알려드리자면? <트러플 육회> -재료: 육회용 고기 200g, 배 1/2개, 트러플페이스트 1큰술, 달걀 노른자1개, 간장양념 -간장양념: 진간장 1큰술, 설탕 1큰술, 소금 1/2 작은술, 다진마늘 1작은술, 통깨 1.2큰술, 후추 1꼬집, 참기름 1큰술 <만드는 법> 1. 정육점 또는 인터넷, 마트에서 싱싱한 육회용 고기 준비! 2. 간장양념에 필요한 재료를 섞는다. 3. 양념에 필요한 재료를 섞어서 육회에 섞는다. 4. 기호에 맞게 노른자, 배, 트러플 페이스트를 곁들이면 끝>< 12주","#육회, #요리, #베이킹","_usnny | 2025-05-02 | 육회에 배가 없네요
face.four.free | 2025-05-02 | 저도 이석증 겪어봐서 어지러움 굉장히 공포죠... 메니에르는 더 심할텐데 ㅠㅠ 스트레스를 줄여야해요ㅠㅠ 현대인에게 스트레스는 공공의 적이지만.... 적절한 스트레스 해소와 휴식이 최고입니다.. 응원합니다 ㅠㅠ
morinoutacohea | 2025-05-02 | 으 저도 메니에르에요. 10년 넘었는데 작년에 갑자기 확 안좋아져서 소리가 거의 안들렸다가 몇 주 지나니까 괜찮아졌어요... 당시에 매일 새벽 퇴근했던게 문제였더라구요. 😂 잠을 못자니까 콜레스테롤과 간수치도 올라가더라구요. 건강 조심하세요.
oh_hong_oh | 2025-05-05 | 물 많이 드시고 짜게 드시지 마시고 잠 많이 주무셔야 합니다 😢 화이팅
dayoon0415 | 2025-05-02 | 육회에 깨가 없나(?)
yeseul0410 | 2025-05-02 | 언니 육회 맛있게 먹으면 된거지 !
z._.xin1661 | 2025-05-02 | 이사장님! 메니에르가 뭔지는 모르겠지만 건강해야돼요!
sx.eun_01 | 2025-06-15 | 운니 배 어디갔어?..
yunh_oo_ | 2025-05-04 | 이명이 들린다면 메니에르에 가깝고 어지럽고 눈을 감았을때 더 어ㅓ지럽다면 이석증에 가까운거 같아요 (2개 다 있는 경험자)
one_door_030904_sh | 2025-05-03 | 챔기름?
everyday_3016 | 2025-05-02 | 언니 요리 하시는데 이렇게 멋지게
보이다니요❤️❤️ 저 언니 덕질 중 인가봐여😍
dear.120615 | 2025-05-04 | 메니에르 초기때 적극적으로 치료하세요. 저희아들도 메니에르로 약먹고있는데 초기때 알아차리지 못하고 만성이돼서 심해져서 치료하려니 완치라는게 없더라구요. 심할때 약먹는게 다에요😢
_sujin.o__o | 2025-05-02 | 저는 첫째 임신헸을 때 첫 발병이였는데, 입덧이 심한줄 알았어여.. 세상이 빙글뱅글 그땐 약도 못먹었는데 ㅠ.ㅠ 육아하다 한 번 더 발병했고, 또 좀 피곤하면 그런 낌세가 나타나옄ㅋㅋㅋㅋㅋ 그럼 하던 일 멈추고 자러갑니당 총총 관리잘하히여.ㅠㅠ
b_d12.25 | 2025-05-03 | 저두.. 덩치가 좋은데.. 빈혈이 있다고;;ㅠㅠ 철분제도 드시고 보나링에이정도 드셔보세요 🥲 저도 이석증 아님 메니에르 같은데.. 시골 촌구석에서 전문 병원을 가기가 힘들다보니 그냥 약만 사와서 컨디션 안좋을때 하나씩 먹어주고 있어요 심할땐 하루 3~4알을 먹으며 버텼는데.. 지금은 다행히 하루 한알만 먹고 있네요 꼭 추천드려요~
yalan12418 | 2025-05-02 | 메니에르병은 어지럼증, 청력 감소, 귀울림, 귀 먹먹함 등의 증상이 갑작스럽고 반복적으로 생기는 질병을 의미합니다........ 언니 당장 주소 찍어요.. 제가 언니 누워만 있어도 될 정도로 열심히 간호할께요..
ihajun1539 | 2025-05-04 | 기립성 저혈압
ssaphy | 2025-05-04 | 다진마늘이 빠짐
_sxu.y14 | 2025-05-04 | 췜기름이…빠졋따
kimssung3287 | 2025-05-03 | 메니에르는 짠것도 조심하셔야 해요😂
mtui.486 | 2025-05-28 | 배
onlyou_215 | 2025-05-03 | 🍐
8ggggssss | 2025-06-28 | 배??
hongyexxi | 2025-06-17 | 배 빼먹으셧네요
seol.in.soo | 2025-05-03 | 참깨소스랑 길쭉한 야채
coeeunhyeog717 | 2025-05-03 | 참기름?
y.un.2a | 2025-06-04 | 배를 썰어놓고 안넣었엌ㅋㅋ
kan_070715 | 2025-06-08 | 육회에맛있는배🍐가없어
yoo_chaerin13 | 2025-06-03 | 언니 참기름😢
_mmlleook_ | 2025-05-02 | 오회가 빠짐... 아니.. 정답은 배
gangdahyeon7400 | 2025-06-01 | 배를 썰어놓고 깜빡ㄱ해ㅛ오요...ㅠ
fhzl020 | 2025-06-03 | 메니 6년차에요 보나링 없을때 보나링 츄어블또는 이지롱 멀미약 , 순간 어지러울때 누워있는게 최고있데 그게안되면 화한 사탕드시면 좋아요 껌은 순간 귀압을 낮춰주지만 오래씹으면 귀압이 올라서 더어지러워요 저만의 방법이에요 아주 조금이나마 도움되셨으면 좋겠습니다 아프지마세요 늘 좋은영상 만들어주셔서 감사합니다❤️"
2025-05-01,1486,"요구르트 먹는 조카를 보고.. 세대차이 느낌🥹 🎉 배민/쿠팡이츠 브랜드관 입점 기념 🎉 💸 3,000원 할인 쿠폰 뿌리고 있어요! 🔍 배민/쿠팡이츠에서 ’달롱도르‘ 검색하고 받아가세요! ✨ 달롱도르 요거트 아이스크림 ✨ 새콤달콤 요구르트맛 아이스크림과 꾸덕한 그릭요거트까지! 요구르트맛 아이스크림 & 그릭 요거트 신메뉴 출시! 수정됨 · 12주",#광고,"damiie_p | 2025-05-01 | 친구래도 믿겠어요😢 이모라니..
yoen.suu_ | 2025-05-02 | 조카분 잘생겻다.
eunbin.anne_ | 2025-05-01 | 요구르트 얼러먹는게 국룰이죠오!!ㅎㅎ 저 어릴때 많이먹었어용ㅎㅎㅎ 그리고 요구르트 요거트아이스크림 맛있겠다요💕
z._.xin1661 | 2025-05-01 | 맛있겠다! 조카분이랑 또래같아요! (크흠)
rami__0216 | 2025-05-01 | 현타 안오냐 했을땤ㅋㅋㅋㅋ 너무 웃겨서 아무것도 생각이 안나요 ㅋㅋㅋㅋㅋ 미치겠어요
jaengguri | 2025-05-02 | 몇살이세요? 😍
koo0_90 | 2025-05-01 | 9n년생은 무조건 공감하는 요구르트 먹는 법ㅋㅋㅋㅋㅋㅋㅋㅋㅋㅋㅋㅋ🥹🫶
olxyee_ | 2025-06-27 | 조카분 디게 잘생기심
everyday_3016 | 2025-05-01 | 광고도 잘하는 이모❤️❤️ 아니 언니 #전혀 이모 같지 않은데여
hhyyeeoz | 2025-05-02 | 요거트 아니고 진짜 요구르트맛....?!!
hyoeun._.719 | 2025-05-01 | 으에??? 요구르트는 돌려서 물어뜯음 한방울씩 나오는거 마시는게 국룰 아녔어요??? 난 아직도 그렇게 먹는디,,,
taese_o_0409 | 2025-07-15 | 너무 잘생겼어요!!!!!!!
yeonwon3 | 2025-05-31 | 와 조카 잘생겼어유
hayoung_140728 | 2025-06-10 | 조카분 잘생기셨ㄷㅏ
hayoung_140728 | 2025-06-10 | 조카분 잘생기신거 같기두…?
15.07.07_ | 2025-05-01 | 요규르트 뒤에뜯어서 쪽쪽빨아먹다 피본적 다수
good.10_23 | 2025-05-03 | 너무 동안이세요!!❤️
oh_sej0 | 2025-05-01 | 맛있겟다다
minisol3 | 2025-05-06 | 먹고 싶댜 ㅋㅋㅋ
song_song4166 | 2025-05-02 | 진짜 조카라고요???? 에이~~
pop50610 | 2025-05-01 | 가수 아님?
face2_face3 | 2025-05-02 | 사교육😂😂😂😂
seoltang_love | 2025-05-05 | 잘생겨땅
uxn.o81_ | 2025-05-03 | 나는 엄마가 저래 줬는데ㅋㅋ
gus._.sudk506090 | 2025-05-02 | 아니 나06인데 항상 밑으로먼저 먹었는데…?
r_h_b_1014 | 2025-05-15 | 반대 아니에요? 삼촌이랑 조카? ㅎㅎ
ganghanbyeol673 | 2025-05-04 | 조카가몇살니에욜
exn._y0 | 2025-05-02 | 왐마 조카분이 얼굴이 충실하시네
imhyiseob38 | 2025-05-01 | 거짓말 부모님의 친조카겠지
guw0.1m | 2025-05-01 | ㅋㅎㅋㅎㅎㅋㅎㅋㅋ
_mmlleook_ | 2025-05-01 | 이사장님 너무 예뻐요 #용돈이필요함
gyul.min09 | 2025-05-22 | 걍 남매지간 같은데 뭔 이모지"
2025-04-29,6140,외국드라마 보면 이 nerd가 엄청 나오던데 드디어 먹어봤다! 아니 이렇게 유명한걸 왜 이제야 먹어본거냐구ㅠㅠㅠ 여러분 이거 드셔보신 분?? 12주,"#nerd, #너드젤리, #간식추천","x.0jh4 | 2025-04-29 | 언니 이거 엄청 크게 만들어줘!!
yx1chen | 2025-04-30 | 그 예전에 호주에서 먹었던…치토스 미니 puff가 있는데 진짜 완전 짭잘하고 부드러워요…찾아봐도 없던데 한번 먹어주세요..
maceron1030 | 2025-05-01 | 저거 진짜 맛있음.. 캐나다에 사는데 저거 신맛나면서 단맛도나고 안에 있는 젤리도 맛있음..
everyday_3016 | 2025-04-29 | 언니 이 젤리로 꿀젤리 만들어 보시는 건어떠신가요??💕
2_cherry_ | 2025-04-29 | 소리안듣고 영상만 보는데 침 쥬릅🤤
vick4420 | 2025-04-29 | 사장님. 이거 주먹만하게 만들어주세요!!!! ㅋㅋㅋㅋㅋㅋㅋ
ye_eun1407 | 2025-04-29 | 우아앙 30초전!! 저두 이 젤리조아해효❤️
belunabae | 2025-04-30 | 이거 진짜 겁나 겁나 겁나 겁나 겁나 겁나 겁나 겁나 겁나 겁나 겁나 겁나 겁나 겁나 겁나 겁나 맛있습니다
ddydi_d | 2025-07-25 | 저거 파랑색 베리맛이 진인인인이짜 맜있음
xxltzxx | 2025-05-06 | 이거 파랑색 먹어야함 파랑색이 진리 파랑색 마시슴 👍
i3_d0hvn | 2025-07-23 | 로프젤리 동그라미로 만든거 아님?
lost.in.typing | 2025-05-01 | 영국 왕실에도 납품됐었던 cadbury 초콜릿 marvelous creations 맛이요 엄청 진한 초콜릿 안에 파핑캔디, 젤리, 해바라기씨초콜릿까지 들어있어요 그냥 cadbury는 한국에서도 구할 수 있는데 marvelous 맛은 영국이랑 호주, 캐나다에만 있어서 이거 사러 영국 다시 다녀왔어요
skylar__y | 2025-04-29 | 이거 파랑색이 더 맛이쪄용
hyoiting | 2025-05-08 | @yureasong @takkkom @heunbi93 @summericot 이고핫한거엿네 ❤️
sweetshop_s2 | 2025-04-29 | 제품이 궁금하신분들은 제가 프로필 쿠팡링크에 걸어놨어용!!! 혹시 못찾으시겠으면 댓글달면 보내드릴게요 ㅎㅎ
kd_ifferent | 2025-07-07 | @knbum0419 보이냐고
orangeyminerva | 2025-04-30 | 이거 먹어봤는데 맛은 있는데 막 엄청 맛있진 않고 그냥 그랬어요 엄청 달았어요
_onlyjiji | 2025-04-29 | 이거 완전 맛있어요 ㅋㅋㅋㅋㅋㅋ
sx.hw0n | 2025-04-29 | 35분전이당
z._.xin1661 | 2025-04-29 | 이거 크게 만들어 주세요!! 한번 먹어보고싶어요... 짝퉁만 먹어봤ㅇㅓㅠㅠ
joy._.100 | 2025-04-29 | 이사장님 이거 완죤 맛있어요!!!!!! 파랑색도 있는데 !!! 그래두 빨강이 더 제스타일~~~!!!!
yewon725 | 2025-04-29 | 이거 맛있어용😍
c1e._.da | 2025-04-29 | @zz.zl_lzry 이거 긴게 내가 좋아하는 그거야..윤더리가 향수맛난다햇던
im.shar.on | 2025-04-29 | 이거 너무 맛있어요😋😍
12.13.kr | 2025-04-30 | 약간 옛날 꼬치에 달린 그 젤리 느낌일지 궁금하당...
jeslvnv | 2025-04-30 | 오 사먹어볼께요 🙌
seoj_un2025 | 2025-04-30 | 저거 개맛있지요!!
joohee277 | 2025-04-30 | 이거 맛있는데
emerald_s_e_o_n | 2025-04-30 | @st.hong89
s1_un13 | 2025-04-30 | 누가 젼언니좀 태그해봐
rhythmizm | 2025-04-30 | 너즈 오늘 구입해볼게요 호기심반 ㅋ
haon.x2 | 2025-04-30 | 그거 한국에도 구슬젤리(?) 라고 있어욤
saram0826 | 2025-04-30 | 젤리 손만하게 만들어주세요!
coeyubin316 | 2025-04-30 | 졸리 캔디 제발 진짜 존맛탱이에요ㅜㅜ 진짜 한전만 드셔보세요ㅜ
imhyiseob38 | 2025-04-30 | 나젤리
sx_ixu1 | 2025-04-30 | 이가 진짜 겁나 맛있음
psu6656 | 2025-04-30 | @sh_.0112 괌에서 미친듯이 먹은 젤맄ㅋㅋ
llyyjj_ | 2025-04-30 | 근데 이거 우리나라 어린이 헬로카봇 젤리도 저렇게 생겼더라고욬ㅋㅋㅋ
hoing588 | 2025-05-01 | 저거 맛있어야!!!!!!!!!!!!!!!!!
i.needchipotle | 2025-05-01 | Nutter butter 긴말 필요없고 먹어봐여
_bitter.and.sweet | 2025-05-01 | 4D젤리 ㅋㅋㅋㅋㅋ 엄청 쫠!!!!깃!!! 탱글
jung.dh90 | 2025-05-01 | 쿠팡링크요
barbiiii_an | 2025-05-01 | 쿠팡에 연결 안나오는데요?
ahreum_world_ | 2025-05-01 | 언니 영상보다 구매 했는데 하루만에 한봉 다 먹었어요 맛있어요
coehabin15 | 2025-05-01 | 마씻겠다ㅏㅏㅏㅏㅐㅐㅐㅏㅏㅏㅏㅏㅏㅏㅏㅏ
zzzinhayoung | 2025-05-01 | @ssoooooyoung @yujiin1025 @einelia12 파랑이 더 맛있대 🤍
j_a_n_e94 | 2025-05-02 | 네슬레에 버터핑거라고하는 초코바(?)있어요 겉은 초콜렛인데 안에 달고나랑 땅콩버터가들어있어요 존맛탱이예요 댓글 쓰면서도 먹고싶다...🤤
hey_you.n | 2025-05-02 | 이거 파란색이 찐이에요
burn_null | 2025-05-02 | Sour patch 라는 젤리!
daun_lena_ | 2025-05-02 | 파랑색 존맛탱이에요!!!!! 하와이서 딱 1봉지만 사온거 먹자마자 걸무새가... ㅠㅠㅠㅠ
h__arang.k | 2025-05-02 | 저거 우리집 주유소 근처에 팔는데 7천원..그리고 저거 파란색도 있음
_e_jeong__ | 2025-05-02 | 저듀용
d.w0on | 2025-05-02 | @esiw00n 내 최애 젤리잔ㄹ어
_y.sl6 | 2025-05-02 | 저거 진심 존맛탱임
moskey220523 | 2025-05-02 | 미국사는데 요즘.중독인. . 감자칩 Lay’sㅡSalt & vinegar추천합니다.😊
yurim1206 | 2025-05-06 | 이거괌여행갈때마다 애들엄청샀어요!
hizzanga22 | 2025-05-06 | 링크좀보내주세용~~
jeongeun221 | 2025-05-06 | 아..이불위에서..
doraemiromi | 2025-05-06 | @lead_0808 헐ॱଳ͘ 내가 좋아했던 거 유명해질라나봐 왕창 사와줘
_hitit.08 | 2025-05-06 | 저거 완전 합법적 마약임 존맛탱!!
sori_na__ | 2025-05-07 | @_kyunii__ 여보 이거 사됴
rosewhang | 2025-05-08 | 저도 이거 좋아해요~~!!😍
1101lhr | 2025-05-10 | 개인적으론 파란색이 훨씬 더 맛나요
schoyun | 2025-05-15 | 일본 파인 아메 캔디 레전드야!!
famous0412 | 2025-05-20 | 저요 먹ㅇㆍㄱ봄요
jineu_nhee | 2025-05-22 | 이거 한국에서도 팔아요!! 이름이 구슬모양젤리 라고 팔아용!!!
seung_a1253 | 2025-05-23 | 이거 그냥 로프젤리 자른거 아닌가
ariel_yubin | 2025-06-01 | 파란색이 더맛있음
lvloms | 2025-06-06 | Airheads 먹어주세요!!
juhyeon.98 | 2025-06-20 | @ydlp_718 너가 좋아하는거다
hyem.92 | 2025-06-21 | @aldus563 이고당
gabrielkbass | 2025-06-28 | 밖에 알맹이는 신데 안에 있는 젤리는 달콤하죠 ㅋㅋㅋㅋ
00_ice.1river_ | 2025-07-01 | 저거 완전 인생 젤리임. 왜 이제서야 이 친구를 찾았는지 후회될 정도
kelia.oh | 2025-07-02 | 맛은있는데 저는 엄청 달았어요.. 그래도 맛은 있으니 먹어보세요!
um.22_ | 2025-07-05 | @__zico.park 출장가면 이거 사와 ,,
0ritkr | 2025-07-12 | 동결건조 스키틀즈요!! 타겟에서 사먹어봤는데 레전드였어요!!🔥🔥🔥
hansuye1 | 2025-07-24 | 내 최애 젤리다!!!❤️
chaei_soi_mom | 2025-07-25 | 요거 진짜 찐 존맛탱 젤리😍
0ritkr | 2025-07-25 | 스키틀즈 동결건조 드셔보셨나요!! 진짜 맛있어요!! 꼭 먹어주세요!! 감사합니다!!👏🔥
reethmnblues | 2025-07-27 | 대존맛 ㅠㅠㅠ 최애까까
mnj_0629 | 2025-07-27 | @zumung_ 먹어봐바!!!"
2025-04-28,2663,내가 이 날을 위해 치킨집 사장님과 친하게 지냈다(?) 와 두릅 튀겨먹으니깐 너무너무 맛있잖아 남은 두릅은 어떻게 먹으면 좋을까요? 12주,"#두릅, #레시피, #베이킹","z._.xin1661 | 2025-04-28 | 오! 아이스 플랜트 소리 같아요! 어떤맛인가요!
h.yulim | 2025-04-28 | 두릅.소고기.두릅.소고기 이런식으로 산적꼬치 맛있어요😍
minheeya_ | 2025-04-28 | 이거 겁나맛나요ㅎ 두릅튀김은 애들도 먹어요ㅎ
hvvaye0n | 2025-04-28 | 너무 이뽀
a_hee.story | 2025-04-29 | ㅋㅋㅋㅋㅋ마이크 빠져있는데 녹음 어떻게 된거에요?ㅋㅋㅋㅋㅋㅋ
2gamin | 2025-04-28 | 두릅전!!
dadadalim1 | 2025-04-28 | 저두 두릅 튀겼어요 남은건 장아찌 했습니다
_mmlleook_ | 2025-04-28 | 최고다 머리도 좋으셔👏👏👏
_mmlleook_ | 2025-04-28 | 아 마이크..😂😂😂😂그래도 소리 다 담김🙌
seyeon162 | 2025-04-28 | 두릅장아찌해먹으면맛있어요!!
aeng_jooooo | 2025-04-28 | 두릅 장아찌~~~
siahn_811 | 2025-04-28 | 데쳐서 초장 😍
yeoulson | 2025-04-28 | 삼겹살에 대쳐서 같이워먹으면 맛있는데
pop50610 | 2025-04-28 | 달고나쿠키 7트
pristine_sky97 | 2025-04-28 | 저 두릅의 특유의 향이 싫어서 아직도 기피하는 음식중 하나ㅠㅠ
da_yeeee | 2025-04-28 | 두릅김치가 있데여 저도안먹고 파는거 구경만 해봤어요
yum._.ees2 | 2025-04-28 | 두릅튀겨먹으면진짜맛잇어요
gimhyinaemi3283 | 2025-04-28 | 저도 봄되면 밭에 두릅나무에서 꺽어다가 튀겨서 ㅅㅓ비스로 손님들한테 많이 드렸어요^^ 생각외로 손님들 진짜 좋아하시더라구요~
jihyun_2014 | 2025-04-29 | 두릅 골뱅이 무침할때 드셔보세요 골뱅이 양념하고 잘어울려요
luciente_s2 | 2025-04-29 | 베이컨 파말이같이 두룹을 고기에 말아서 먹으면 맛있어요😍
jinmi210 | 2025-04-29 | 부침개 해먹어봐요!
iam_jiidoriii | 2025-04-29 | 계란말이한거랑 두릅넣고 두릅김밥!!!!!!!! 계란이 두툼해야 더 맛있어요
jjo._.mh | 2025-04-29 | 저희는 중국집하는데요,
이사장님처럼 튀김기에 튀겨먹었을때 인생최대치의 두릅을 먹었습니동
hyunah1126 | 2025-04-29 | 두릅 데쳐서 삼겹살이랑 같이 먹어보세요!!! 두릅에 초장 찍어서 삼겹살이랑 같이 쌈 싸 먹듯이 먹으면 진짜 맛있어요!!
ganghyomin49 | 2025-04-30 | 두릅 보으바
yeo.xun6 | 2025-04-30 | 저거 저희아빠가 두릅 하셔서 많이 해먹음!!
0106__1221 | 2025-04-30 | 두릅튀김 맛있다고 많이드시면 탈나요 ㅎㅎ 뭐든 적당히 드세요!
jjyubeulring78 | 2025-05-01 | 두릅튀김맛있죠~게다가 치킨파우더로튀겨서 더맛났겠어요👏새콤달콤 두릅장아찌도 담아보세요~
y.ji0_n | 2025-05-01 | 익혀서 초장에 찍어드세용 두룹숙회
somlynn721985 | 2025-05-01 | 신랑친구들모임에서 두릅튀김해주고 엄지척 받았었지.진짜 맛남
sheep_eunjee | 2025-05-02 | 두릅장 담궈서 고기랑 먹으면 맛있어요!
lina_surlhayool_0813070328 | 2025-05-02 | 두릅 별로 안 좋아하는데 두릅튀김은 진짜 맛있어요!!!
cxloy7 | 2025-05-02 | 두릅 중에서 빳빳한거 말고 부드러운 두릅을 삶아다가 초장이랑 같이 먹으면 맛있는데.. 두릅 튀김도 맛있겠네요
santa_gorani | 2025-05-03 | 저희집은 두룹짱아찌했오요!ㅎ
una.ring | 2025-05-03 | 두릅 데쳐서 초장에 찍어먹는게 젤 맛나드라구요 전 초딩때부터 묵엇슴다 ㅋㅋ
coysssssss | 2025-05-05 | 두릅튀김 진짜 존맛탱🤤🤤🤤
sy_gaeul0721 | 2025-05-10 | 두릎잎쪽에소고기다짐육양념한거얹어서전굽듯이꾸버먹어도맛있어용
ijeongi6012 | 2025-05-25 | 두릅전해드세여
parkyeon369 | 2025-05-31 | 마라탕에 너주세욥 😢👏👏
ljh6684 | 2025-06-02 | 아 허당인데귀욥당ㅎ
yanghaeseong918 | 2025-06-09 | 마라탕이나 라면에 넣어먹어 주세요😍😍
a___pat | 2025-06-13 | 이사장님 마이크 어떤거에용??
hippie_hippieee | 2025-06-15 | 살짝 데쳐서 초장찍어먹는게 젤 마싓어여..
syasya78378 | 2025-06-25 | 저걸로 탕후루 만들어 주세영"
2025-04-26,674,이렇게 쓸모 있는 걸 사면 인정. 13주,,"everyday_3016 | 2025-04-26 | 그래도 어또케요!! 쓸모 없는게 제 취향인걸 ㅋㅋㅋㅋㅋ❤️
z._.xin1661 | 2025-04-26 | ㅋㅋㅋ 근데 쓸데없는거 자꾸 사게돼요ㅋㅋ혹시 이사장님도?
eunbin.anne_ | 2025-04-26 | 인정합니당ㅋㅋㅋㅋㅋㅋ 쓸모없는 물건을 자꾸 사는 1인이지만 그래도 쑬모없는 물건을 쓸모 있는 물건으로 변신 합니다ㅋㅋㅋㅋㅋ
parkyeon369 | 2025-04-27 | 아니 꼭 마트가면 이상하게 그냥 망 땡김 꼭 엄청 좋아하는 것도 아닌 데 꼭 사고 싶음 그러고 한달 뒤 구석에 박혀 있음 그래서 엄마한테 욕 꼭 먹음
chill_haza | 2025-04-28 | 쓸모없는거 살때가 제일 기분이 좋거든 ㅋㅋㅋ
imhyiseob38 | 2025-04-26 | 쓸모 없는것도 쓸모 있게 만드시자나요.....
songgaon1 | 2025-05-25 | 나는 마트와 가지고를 라티아오라고 들었는데.. 나만 그럼?
ceolhyeon20 | 2025-04-27 | 영상찍었잖애 한잔해
yeseul0410 | 2025-05-02 | 팔운동을 위한 쓸모 있네요!
jn_0614 | 2025-04-26 | 그게 나야.... 바둡바 두비두밥..
pop50610 | 2025-04-28 | 달고나쿠키 6트
yalan12418 | 2025-04-26 | 잠시나마 동심을 찾아줬으니... 쓸모있네요 ㅎㅎ
20gaonnuri21 | 2025-04-30 | 계단가야해요 저건!!!!
happiness_.82 | 2025-04-26 | 누나 슬라임 사줄ㅋ가요?
haru._.tjf | 2025-04-26 | 그러다가 모든게 쓸모있어짐"
2025-04-25,5089,파인애플캔디 만들고 남은 시럽… 그 행방을 알려드립니다😎 공짜 왁싱샵 오픈✨ 13주,,"a_hee.story | 2025-04-25 | 오늘따라 너무나 즐거워 보이십니다?ㅋㅋㅋㅋㅋ
pinkwing86 | 2025-04-25 | 어 우리둘째가 어제 제모해달라 했었는뎈ㅋㅋㅋㅋㅋㅋㅋㅋㅋ 타이밍미쳐땈ㅋㅋㅋㅋㅋㅋㅋㅋㅋㅋㅋㅋㅋㅋㅋ 어디로 데려가면 되나요??? ㅋㅋㅋㅋㅋㅋㅋㅋㅋ
giridietmemory3377 | 2025-04-25 | 이사장님 막짤 웃는모습 넘 예뻐여❤️
이사장님 미모에 늘 감탄하는 1인..
eunbin.anne_ | 2025-04-25 | 뭔가 달고나 같아용ㅎㅎㅎ 파인애플 달고나ㅋㅋㅋㅋㅋ
hiskyhi | 2025-04-26 | 진짜 찐 웃음이자낰ㅋㅋㅋㅋㅋㅋㅋㅋㅋ미치겠넼ㅋㅋㅋㅋㅋ
z._.xin1661 | 2025-04-25 | 진짜 행복해 보이신다ㅋㅋㅋ
qkrtldjs_0129 | 2025-04-25 | 와...이사장님...아나바다를 몸소 실천하시네요...진짜 생각도 못했어요ㅋㅋㅋ
stareo93 | 2025-05-19 | 안아파 먼소리야 ㅋㅋㅋㅋㅋㅋㅋㅋㅋㅋ 그뒤에 들려오는 외마디 비명 악! 🤣🤣🤣
sysysy0122 | 2025-06-10 | 즐기시는데요 😂
im.ji_young | 2025-04-27 | 우와ㅎ
jidongseok_ll | 2025-04-26 | 사약 인가요
sweet_haruhari | 2025-04-25 | 왁ㅋㅋ마지막 너무시원하게 제모가ㅋㅋㅋ
noahlee1995 | 2025-04-25 | 사장님! DM 확인 한번 부탁드려도 될까요? 😂
_hyoungs | 2025-04-25 | ㅋㅋㅋㅋㅋㅋㅋㅋㅋㅋㅋㅋㅋㅋ 털탕후루 ???
hdhy1x | 2025-04-26 | 역시 이사장님은 음식을 또 활용적으로 쓰시네요ㅋㅋㅋㅋ음식 낭비 안하시는거 너무 좋은거같아여
from.jinhyuk | 2025-04-26 | 털후루ㄷㄷㄷ
ilovemy_o.h | 2025-06-04 | 근데 그냥 뒀다가 조청이나 물엿처럼 요리에 쓰는건 안되나요?
sunre_ee | 2025-05-06 | 슈가슈가슈가링~~~~
jagalchi77 | 2025-04-25 | 다리털 제모 ㅋㅋㅋ 😂
h_doll_0214 | 2025-07-10 | 진자대박이다
imhyiseob38 | 2025-04-26 | 엄..... 아.... 음....
pop50610 | 2025-04-28 | 달고나쿠키 5트
90.21g | 2025-05-11 | 안보는건 없넼ㅋㅋ
x.guxe2 | 2025-05-09 | @duwjnekdk @je.xc_6
0_0jiyul | 2025-04-27 | 언니 그냥 달고나그릇 다시만들어먹어..
jongwon9262 | 2025-04-25 | #탕후루
kimsuhyeon5996 | 2025-05-08 | 저 다리털 밀고 싶어요
cha123467900 | 2025-05-14 | 남친이? D
sieu_n_7 | 2025-05-07 | 나 필요한디.."
2025-04-24,749,처음 간 메이크업샵 쌤은…옆의 인턴을 무슨 쥐잡듯 잡고ㅠ 내가 혼나는 것 처럼 엄청 긴장하면서 받었던 기억이 나고 두번째는 분명 샵에 있는 거울을 볼 땐 괜찮았는데 밖에 나와서 손거울로 얼굴 봤더닠ㅋㅋㅋㅋㅋㅋ 진짜 눈에 거미 올라가있는 것 처럼 속눈썹은 다 두툼하게 더덕더덕 들러붙어있고 심지어 가닥 속눈썹이 다 옆으로 뒤틀려있고… 이런 실패담이 약 5개 정도 쌓였더닠ㅋㅋㅋㅋㅋㅋ 이젠 그냥 얼굴이 죽이 되어도 제가 혼자 하는 지경이 이르렀습니다 <사용 제품> 힌스 톤업베이스 루나 컨실 블렌더 팔레트 랑콤 뗑이돌 글로우 파운데이션 롬앤 베러댄 팔레트 08 태그 슬림 핏 아이라이너 시세이도 뷰러 톡톡하라 속눈썹 뮤드 인스파이어 롱컬링 마스카라 투쿨포스쿨 프로타주펜슬 09 웨이크메이크 아이브로우 페리페라 스키니 스피디 아이브로우 투쿨포스쿨 아트클래스 바이로댕 쉐딩 페리페라 맑게 물든 선샤인 치크 23 다이슨 에어랩 보다나 글램웨이브 봉고데기 36mm 달리프 글램 헤어픽서 페리페라 잉크 무드 글로이 019 디올 백스테이지 글로우04 수정됨 · 13주,"#메이크업, #makeup","z._.xin1661 | 2025-04-24 | 오! 이사장님 샵에 하신줄! 이사장님 역시 다 잘하는 금손!!
eunbin.anne_ | 2025-04-25 | 그날 팬싸인회때 이사장님이 셀프 메이크업했어요??? 정말 샵에 갔다가 오신줄알았어요ㅎㅎ 그때 너무 이뻤어용ㅎㅎㅎ❤️
hoho12369 | 2025-04-24 | 아이고 이쁘다 이뻥😍😍😍
xmd._.eli | 2025-04-24 | 꺅 이사장님의 비하인드 기대하겠습니다!!!!👍🏻🫶🏻🥹❤️❤️
everyday_3016 | 2025-04-24 | 메이크업도 잘하는 언니❤️❤️ 아니 언니 진짜루 팬미팅 준비 브이로그? 올려주실 수 있어용?
hye_on79 | 2025-04-24 | 깐머가 훨씬 예쁘지만 구래도 분홍분홍빛 이사님 뷰리풀👍🏻🩷💕
pungsonghyeon | 2025-04-27 | 언니 금손이다 화장 진짜 굿!
kangdaldal | 2025-04-24 | 공감…. 저도 샵 메이크업 처음 받아봤을 때 기억이 너무 안 좋아서 그뒤로는 무조건 셀프메이크업해요🥲속눈썹 짝짝이로 붙어있고 아이라인 눈매에 안 맞게 그려주시고 ㅜ.. 사진촬영이었는데 결국 메이크업이 마음에 안들어서 셀프메이크업하고 재촬영함
alohaa__jjing | 2025-04-25 | 이석증 아니면 메니에르...? 그 어지러운거 오래가요 조심하셔야해요😢
ourstorim | 2025-04-24 | 와중에 메이크업 잘햌ㅋㅋㅋㅋㅋㅋㅋㅋㅋㅋㅋ진짜루 ㅋㅋㅋㅋㅋ 샵에서 손님있는데 인턴한테 막하시는거 너무 별루😂
imhyiseob38 | 2025-04-24 | -1=>99999
soul_jang | 2025-04-24 | 금손은 금손인가봐 손으로 하는거 다 잘해~"
2025-04-23,4244,한 젓가락에 200마리는 족히 들어있을 실치회를 먹고왔습니다! 저 이번에 진짜 머릿털나고 처음으로 먹었는데 제가 평소에 온갖 회를 다 질 먹었지만 실치회는 좀 하드하다고 느꼈는데 오히려 회를 평소에 잘 안즐기는 제 남자친구는 너무 괜찮다고 엄청 맛있게 먹더라구요?? 이번에 들어간 집은 제가 알아보고 간건 아니였곸ㅋㅋㅋㅋㅋ 그냥 느낌대로 들어갔는데 아니 야채무침이 너~~~무 맛있어서 기절 실치는 1년 중에 3~4월만 먹을 수 있다는데 드셔보고 싶으신 분들은 얼른 당진 장고항에 가보셔요!!!!! (제가 보니깐 다른 매장들도 실치회 한 판에 4만원이더라구요) <제가 간 매장정보> 매장 정보: 재영수산 주소: 충남 당진시 석문면 장고항로 334-48 가격: 4만원 (실치회 한 판) 13주,,"yalan12418 | 2025-04-23 | 언니 너무 잘 먹어서 가게 사장님이 예뻐하시겠어요..ㅎㅎ
z._.xin1661 | 2025-04-23 | 우와 신기하다! 특이한음식도 잘드시는 이사장님! 멋지다! (저는 편식이 진짜 심해서ㅠㅠ)
everyday_3016 | 2025-04-23 | 언니 원래두 이뻤지만 팬미팅 이후로 더 이뻐지신거 아니냐구요!!!❤️❤️ 나두 실물 보구 싶따ㅠㅠㅠ
_____luvhee | 2025-04-23 | 당진 살지만 실치는 맛이 😅 각종 야채와 양념맛으로 먹기 ㅋㅋㅋㅋㅋㅋㅋㅋㅋㅋㅋㅋㅋㅋㅋㅋㅋㅋㅋㅋㅋㅋㅋㅋㅋㅋㅋ
minn_xiz | 2025-04-23 | 식감이 참 궁금하네용… 꿀꺽
9889956_bodam | 2025-04-23 | 남편이ㅋㅋ 택배로시켜서 먹었는데 저는못먹었어요 근데 식감이 생각보다 없데요😂😢
hye_on79 | 2025-04-24 | 매번 귀욤귀욤 이사장님❤️
shaneeeee_hk | 2025-04-23 | 왜안불렀어영
90.21g | 2025-05-11 | 사백어‘
zoa373 | 2025-04-23 | 전 당진 20년동안 살앗는데 한번도 안먹어 밧어요 ㅋㅋㅋㅋㅋㅋ
kimyeeun150824_ | 2025-04-25 | 사백어
jua000218 | 2025-04-23 | 그거 외국에도 파는데 외국꺼는 위생이 않좋댔요!
da.sxo1 | 2025-04-23 | 헐랭
_mmlleook_ | 2025-04-23 | 밥.. 캬 역시 맛잘알
chu_mmmmr | 2025-04-29 | @dahipooh2002 눈치눈치
eternal9791 | 2025-04-23 | 실치회!^^
nutwithpeace | 2025-04-23 | 실치는 사백어랑 다른거에요?!?! 제철이랑 생긴게 똑같네유!
_eunkyung2_ | 2025-04-23 | @hongmanei
yan1212_s2 | 2025-04-23 | 사백어도 먹어주세요😍
noahlee1995 | 2025-04-24 | 사장님! DM 확인 한번 부탁드려도 될까요? 😂
m_ch0516 | 2025-04-24 | 13주답글 달기
번역 보기
my_yunseul_ | 2025-04-24 | 비리진 않으셨어요? 전 전에 비려서 보는걸로만 만족해용
april_sy92 | 2025-04-25 | 잘먹는 거 넘 좋기좋아용!! 당진에 회먹으면 무료주차할 곳 있을까유..!
pop50610 | 2025-04-25 | 달고나쿠키 3트
sihyeonbae2 | 2025-04-25 | 사백어 아닌가?
0518.1123 | 2025-04-25 | 실치가 장어새끼에요?🙄🙄
928.hwa | 2025-04-26 | ㅎㅎㅎㅎ저도먹고왔잖아요🤩🤩🤩너무맛있엉 실치
2h_.seo | 2025-04-27 | 사백어인줄ㅋㅋ
hamjeongweon307 | 2025-04-27 | 사백어 아니에요?
jou_hae | 2025-04-27 | 사백어인가욥??
kimyonggu_ | 2025-04-27 | 사백어도 도전!!!
s.e.u.l.b.i | 2025-04-28 | @_sjheeeee_
jeon_dakyung0828 | 2025-04-29 | 전 제입맛에는 안맞더라구요ㅜㅜ
dhebsvde | 2025-04-29 | 맛있겠당😍
3th_jan_97 | 2025-05-02 | 찌리미
_lyjun14 | 2025-05-03 | 사백어인줄
jxn_s7ar_12 | 2025-05-04 | 사백어랑 같은거죠
voo_91z | 2025-05-29 | @seok2z 왜 우리 이거안먹엇어..?
geon__woo12 | 2025-07-27 | 다음엔 살아있는 사백어먹어주세요
0202zzzz2 | 2025-07-28 | 실치 맛있겠다"
2025-04-21,439,"삶의 질을 높여준 만능 뚝딱이 3종 오픈했수다! 🌸 제철 음식이 보약보다 낫다카민~🌸 이사장이 가만 있을 수 없지 않겠수과~? 그래서 준비한 뚝딱이로 만드는 제.철.밥.상. 🙋🏻‍♀️애순이네 아니고 이사장네 제철밥상 메뉴는? 🔹 보리콩 산~ 보리콩 완~ 완두콩솥밥 (팟) 🔹 오징어 뭇국 (팟) 🔹 양배추찜 (멀티) 🔹 새끼 조구구이까지✨(기름 쪽~ 디쉬 찜기로♥️) 👉 만능 뚝딱이 찜기 3종으로만! 전자렌지 하나로! 끝낸 이 밥상 거짓말 아닙니다요 💁🏻‍♀️💁‍♀️ 뚝딱이 3형제들은 각자 기능+역할 확실하기에 용도에 맞춰 쓰기가 아주 좋아요 ! 💛 팟 - 900ml / 냄비형 깊이 - 솥밥부터 국물요리까지 한식에 딱 좋수다 - 뚜껑은 접시로도 쓸 수 있는 센스템 👉🏻 보리콩밥, 오징어 뭇국까지 뚝딱 만들어주는 냄비형 찜기! ❤️ 멀티 - 1100ml 용량 / 다양한 찜 요리 대강추 - 실리콘 받침대로 물기/기름 쏙 빠져 담백한 요리 구현 가능! -받침대가 있어 음식과 물이 닿지 않기에 눅눅 걱정없어요! -뚜껑은 앞접시로 소스칸까지 있으니 일석이조! 👉🏻 물기/기름 쏙 빠져 담백한 요리에 제격! (기름 NO, 영양 YES!) 🤎 디쉬 - 넓은 플랫형으로 - 돈가스 / 피자 / 생선 등등 넉넉하게 쏙 들어가주고 - 바닥 웨이브 구조로 기름 고임이 없어요! - 물 넣는 워터로드 기법으로 겉바속촉 요리에 제격! 👉🏻 기름기 잘 빠져 비린내 덜고~ 생선굽기 이보다 쉬울 수 없다! 냉동피자·튀김·만두 데울 때도 겉바속촉 장인! 💡 이사장표 뚝딱이의 최대 매력 포인트? → 불 없이 어떤 요리든 구현이 가능하다는 점! → 음식과 용도에 따라 다양한 활용도는 물론 → 전자레인지 뿐 아니라 오븐, 에프 모두 OK → 요리 준비 / 설거지 시간까지도 초 단축 → 세척 & 관리도 정말 초초초 간단! 🧪 믿고 쓰는 뚝~딱이 다 이유가 있지요! ✔️ 전 공정 국내 생산 ✔️ 유해물질 ZERO ✔️ 원재료 성적서 인증 ✔️ 고주파 적정성 시험 통과 ✔️ 영하 40도 ~ 250도 견디는 플래티넘 실리콘 ✔️ 전자렌지, 오븐, 에프, 열탕소독 올클리어!! 👀 이런 분들에게 뚝딱뚝딱 강력 추천! 🙋🏻‍♀️ 귀차니즘 끝판왕 자취러 🙋🏻‍♀️ 불 조심 걱정되는 아이들 육아맘 🙋🏻‍♀️ 먹는것 포기 못하는 맛잘알 다이어터 🙋🏻‍♀️ 도시락 싸야 하는 직장인 → 회사에 하나 두고 싹- 돌려 먹기 요 뚝딱이라면 삶의 질 & 퀄리티 수직 상승! ⤴️ 💡뚝딱이 3종 찜기 구성 📌 1세트 : 3종 [팟1 + 멀티1 + 디쉬1] 📌 2세트 : 6종 [팟2 + 멀티2 + 디쉬2] ★혼합 / 레드 / 브라운 / 옐로우 中 택! 👉 최대 40% 할인의 뚝딱이 찜기 지금 바로 챙겨가주세요💚 📆 4월 21일(월) 오전 11시 - 23일 마감! 14주",,"i.intrinsic_motivation | 2025-04-21 | 엇 이렇게까지 쓸 수 있군요. 다 있는데, 릴스 우선 저장합니다😍
everyday_3016 | 2025-04-21 | 언니의 먹방(?) 넘넘 조아여!❤️ 자주 해주세여 ㅎㅎ
01.1103 | 2025-04-21 | 규매 완료 해쓤당❤️❤️자다 일어나서 넘늦었규낭.. 선착순에는 못들었겠지만 ㅠㅠ
z._.xin1661 | 2025-04-21 | ㅜㅠㅠ 진짜 이사장니ㅁ은 광고도 맛깔난다!
jsep_2f | 2025-04-21 | 구매완료! 오늘만 기다렸어요!
h_m_1118 | 2025-04-21 | 세트까지는 ㅠㅠ 낱개로는 안 하시나요?!
mmammam18183838 | 2025-04-23 | 자취생은 너무 비싸😢😢 담엔 또 하면 꼭 살게유ㅠㅜㅠㅜ
juliana_jjung | 2025-04-21 | 구매 완료용🙌
imhyiseob38 | 2025-04-21 | 애....애.....어린 애순이...
parkjeho88 | 2025-04-22 | 양배추 다라요
jellyzoo_ | 2025-04-21 | 저는 계속 대기타다가 11시부터 금액댓글 남기고, 수정때까지 기다리다가 3분에 수정되자마자 샀는데 댓글보니 이상한 금액으로 그냥 사신분도 보이네요..선착순은 어떻게 되는건가요?
ekdrms_32 | 2025-04-21 | 금액이 이상하게 떠요ㅠ 그치만 선착순때문에 결제했는데 이사장님 확인해주세요 ㅠㅠ 순간당황해서 1분을 버려버렸지망요ㅠㅠㅠ😢
j.hanbyeol_92 | 2025-04-21 | 유투브보고 이사장님에게 영업당해(?) 바로 구매완료👏👏
daqlzufk11 | 2025-04-21 | 구매 완!
akakakuu0 | 2025-04-21 | 금액이 이상하게 떠도 선착순땜에 결제는 했오요ㅠㅠ 이사장님 확인해주세욤
jjiwoo.pyo.jj | 2025-04-25 | 양배추찜 처돌이😆당장 구매합니다
hwayeon0081 | 2025-04-21 | 금액 확인 하셔야 할 것 같아요 한세트 가격이 123,600원으로 찍힙니다😢"
2025-04-20,380,"✨ 만능 뚝딱이 드디어 내일 11시 오픈! 📣 이걸 전자레인지로 다 만들었다고요? 믿기 힘드시죠 여러분?!?!?! 요즘 이사장네 밥상은 전! 부! 다! 요 만능 찜기로 뚝딱-뚝딱! 😏 써보자마자 진짜 너무 좋아서... 진행 안 할 이유??? 하나도 없었다구요 >< 🍽️ 요리에 진심인 저지만 현실 밥상엔 뭐다? 👉 바로 간편함!!! 💥 이사장표 뚝딱이의 최대 매력 포인트? 전자레인지 뿐 아니라 오븐, 에프 모두 OK 어디든 넣고 돌리기만 하면 끝이니 얼마나 간편해요? 🙋‍♀️ 이걸로 안 되는 요리요? → 진심... 잘 모르겠어요 거의 다 됩니다 😳 ✨ 음식과 용도에 따라 다양한 활용도는 물론 ✨ 팟과 멀티는 1L 용량으로 넉넉한 사이즈 ✨ 뚜껑은 앞접시로도 뚝딱 변신 가능 ✨ 예쁜 컬러감과 감각적인 비주얼은 물론 ✨ 영하 40도~ 영상 250도까지 견디는 높은 내열성 ✨ 전 공정 국내 생산 + 최고급 플래티넘 실리콘 사용! (아기 젖병에도 쓰이는 안전한 소재에요💗) 특히 3종 각 기능들이 섬세하게 설계되어 용도에 맞춰 쓰기가 아주 좋아요😎 💡 각자 기능+역할 확실한 만능 뚝딱이 3형제들 소개!!! 💛 팟 - 900ml / 냄비형 깊이 - 찜, 밥, 찌개, 라면 등 국물 요리에 최고! - 뚜껑은 접시로 당연히 활용 가능해요 👉국물요리 등에 제격이고 라면과 짜파게티까지 불없이 뚝딱 만들어주니 손이 자꾸만 가더라구요! ❤️ 멀티 - 1100ml 용량 / 다양한 찜 요리 대강추 - 실리콘 받침대로 물기/기름 쏙 빠져 담백한 요리 구현 가능! -받침대가 있어 음식과 물이 닿지 않기에 눅눅 걱정없어요! -뚜껑은 앞접시로 소스칸까지 있으니 일석이조! 👉 기름기와 물기가 빠지게 되니 어떤 건강한 식단에 제격! 다이어터 분들이라면 요고 정말 강력추천! (기름 NO, 영양 YES!) 🤎 디쉬 - 넓은 플랫형으로 - 돈가스 / 피자 / 생선 등등 넉넉하게 쏙 들어가주고 - 바닥 웨이브 구조로 기름 고임이 없어요! - 물 넣는 워터로드 기법으로 겉바속촉 요리에 제격! 👉 요 디쉬가 진짜 뭐 데울 때 활용도 만점인데 🌟어떤 음식이든 겉바속촉- 너무 좋더라구요 물만 살짝 넣어주면 냉동음식도 갓 만든 퀄리티 쌉가능! 💡최대 40% 할인 구성! 📌 1세트 3종 [팟1 + 멀티1 + 디쉬1] 📌 2세트 6종 [팟2 + 멀티2 + 디쉬2] ★혼합 / 레드 / 브라운 / 옐로우 中 택! 육아맘 / 자취생 / 직장인 / 프로 다이어터! 너나 할 거 없이 하나쯤 댁에 두면 활용도 만점으로 후회없이 사용 가능 하실거에요! 💯 🎁 이사장 만능 뚝딱이 구매자 선착순 30분께 🎁 직접 준비한 텀블러 쓩-! 보내드리니 우리 내일 11시에 만나요! 14주",,"everyday_3016 | 2025-04-20 | 아니 왜 나는 음식만 보이냐구 ㅋㅋㅋㅋ❤️ 언니 저 자꾸 음식이 보여요 ㅋㅋㅋ찜기를 봐야 되는데
e._.s0301 | 2025-04-20 | 이거 부모님 없으실땨 먹으면 좋을거같아여!!! 너무 잘 써먹을거같으니 열시미 구해보겠슴다
z._.xin1661 | 2025-04-20 | 진짜 사고싶다!... 진짜 만능 👍 👍
hiskyhi | 2025-04-20 | 살꼬닼ㅋㅋㅋㅋ🔥🔥🔥
better.day_young | 2025-04-20 | 저 요즘 밥해먹기 넘 귀찮은데…뚝딱이 넘 편해보이쟈나영😲
ekdrms_32 | 2025-04-20 | 마침 만능찜기같은 편한거 찾고있었는데..ㅎㅎ😍 알림받기랑 캘린더로알림도 맞춰놧어요ㅎ 이사장님최고입니다😍
yellpod | 2025-04-20 | 김치랑 소주는 있는데 찜기는 없어오 그니까 낼 달려가야지 ❤️‍🔥
anunu.kr | 2025-04-20 | 당장 삼니다
mi_inkk | 2025-04-20 | 알림 설정 완료❤️ 이사장의 만능 뚝딱쓰 못참지🔥
skywhite_or_blue | 2025-04-20 | 회원가입은 안해도 되나요? 혹시 네이버 페이도 될까요 언니?❤️
happiness_.82 | 2025-04-20 | 웅니는 공구 안하나요? 웅니가 탐나는데
ieudaldpq | 2025-04-20 | 찜기 사려고 알림 켜놓은 사람 나야 나…ㅎㅎ 웅니 김치찜부터 연어까지 다 따라해볼 예정이요 ㅠㅠㅠ"
2025-04-19,3600,아 우리 젼언니보고 @jeon_unni_ 뽐뿌 와버린 파인애플 통조림?!! 캔디!? 정과?!! 14주,"#베이킹, #디저트","yalan12418 | 2025-04-19 | 언니 표정..ㅋㅋㅋ. 글구 오늘 얼굴 봐서 반가웠어여!!!!❤️
z._.xin1661 | 2025-04-19 | 이사장님 오늘 넘예쁘고 행복했어요!
hyorin0111 | 2025-04-19 | 남은 시럽으로 파인애플 사탕 만들어주세요
e._.s0301 | 2025-04-19 | 이거 드뎌 인스타에 올라오는구마ㅏㅏㄴ 언니!!ㅋㄱㄱㄱㄱㅋㅋ 아니 저거 따라만들다 냄비 태웠엉
baggeumhui26 | 2025-04-19 | 어우...보기에도넘달아보여요..😢
ekrhtm02 | 2025-04-19 | 어우 보기만해도. 입이 쪼그라들거같네! 😂😂😂😂😂😂
pop50610 | 2025-04-19 | (레시피!) 달고나가 식기 전 초코칩 뿌리기!
pop50610 | 2025-04-19 | 달고나 쿠키 ㄱㄱㄱㄱㄱㄱㄱㄱ
pop50610 | 2025-04-19 | 달고나 ㄱㄱ
seunghee0103 | 2025-04-19 | 타~~~탕~~후
coya_c0co_ | 2025-04-19 | 파인애플 시럽넣은 티라미수
아니면 파인애플 양갱만들기 어때용
geonwoo05 | 2025-04-19 | 아구에 침고임. 영상에서 달고 신게 느껴짐.
s2_77792 | 2025-04-19 | 탕후루 만들어주세여..
everyday_3016 | 2025-04-19 | 언니 오늘 넘 수고 많았어여❤️
gx_uun0 | 2025-04-19 | 시럽으로 달고나ㄱㄱ
j___hyerin | 2025-04-19 | 이사장님표 펑리수 가즈아!!!!!😍😍 최애쿠키입니다😍
pinkwing86 | 2025-04-19 | 어우 침 고인다아아아악
pinkwing86 | 2025-04-19 | 아 참고로 오늘 타임스퀘어에 이사장이라는 여신이 나타났다고 하던데... 보신분?!?!?!?!🔥🔥🔥🔥🔥🔥🔥🔥
sen.2nn | 2025-04-19 | 탕후루 해먹으면 맛있을것같아여
raptr_d | 2025-04-19 | 파인애플시럽으로 타래설탕
gimyeongmil3 | 2025-04-19 | 언니 사랑해 ❤️
jiyoonkim53 | 2025-04-20 | 남은거로 파인애플달고나해주세염❤️❤️
iammizy | 2025-04-20 | 볼때마다 넘나 기여어용❤️
0young_min_son0 | 2025-04-20 | 귤도 해봐요여여여
11_antonix | 2025-04-20 | 다음화는시럽처리영상인가요?😂
guswns.01 | 2025-04-20 | 달고나 한번 더 만드시져
better.day_young | 2025-04-20 | 빙수위에 토핑으로 올려 먹어도 맛있을거 같아요!!🍨🍍🍍
psk8603 | 2025-04-20 | 만들어볼까 했었는데
sundaycat | 2025-04-21 | 시럽…. 에이드 만들고…. 아이스티 만들고… 고기 요리해도 대박이겠어요ㅠ
lilikrepker | 2025-04-21 | Onde o abacaxi da @mazedocesoficial veio parar😂 👏👏👏👏
kaitkeem | 2025-06-13 | 시럽을 소주에 타먹으면 맛있을거 같아요!!!"
2025-04-18,804,저도 합니다..! 그건 바로 클린식 내일 팬 싸인회 대망의 날인데.. 불과 두달 사이에 6KG 살크업을 하였지 뭡니까… 그래서 이사장이 준비해봤습니다 특급 처방 🔥초초초 간단 다이어트 식단🔥 ✅이런 분들 무조건 주목해주세요 - 식단 준비 갖춰 먹기 귀찮으신 분들 - 맛없는 다이어트 음식 질리신 분들 - 건강하고 담백한 요리 찾으신 분들 👉 오늘의 메뉴는? ✨ 바로 무수분 연어 파피요트 찜✨ ”파피요트“는 원래 종이호일에 싸서 오븐에 찌듯이 굽는 고급 요리! 💡 오늘의 주인공 요 뚝딱이 하나로 전자렌지에 뚝-딱 해보실건데요? 뭐 꺼내고 복잡시럽지않고~ 재료 손질 → 찜기에 착착 넣고 → 렌지에 쪄주기만 하믄 바~로 끝! 진짜 SO EASY 하게 갑니다~! ⭐ 왜 이 찜기가 뚝딱인지 알려줄게요 🔥 렌지 돌리는 동안 여유롭게 집안일 가능! 🔥 불 안 써도 되니 타거나 넘칠 걱정 없음 🔥 아이 있는 집도 안심 사용 가능 👶 🔥 논슬립 손잡이로 막 들다가 미끄러지는 불상사? 없슴다 🔥 앞접시도 필요 노노❌ 뚜껑이 바로 플레이팅 판✨ 이 찜기 아래 받침대로 기름기 & 수분 쫙 빼줘서 진짜 다이어터 분들께도 감동템 이랄까요…….?(감동) 레몬 간장소스 콕 찍어서 먹으면? 👉 담백 & 촉촉 환상의 콤비 👉 10분만에 만든 요리 맞다고? 하실겁니다요 ^_^ 👀 이런 분들에게 뚝딱뚝딱 강력 추천! ✔️ 귀차니즘 끝판왕 자취러 ✔️ 불 조심 걱정되는 아이들 육아맘 ✔️ 먹는것 포기 못하는 맛잘알 다이어터 ✔️ 도시락 싸야 하는 직장인 → 회사에 하나 두고 싹- 돌려 먹기 📌 이사장표 만능 뚝딱찜기 📆 4월 21일(월) 오전 11시 오픈! 14주,,"everyday_3016 | 2025-04-18 | 뭐가 살쪄요!!!!!!!!❤️❤️ 언니 진짜 이쁘시니깐 빼지마유ㅠㅠ
giridietmemory3377 | 2025-04-18 | 이게 찌신거라구용??
지금이 더 예뻐요 ㅠㅜ😍
워낙 예뻐서 빠지든 찌든 이뻐요
e._.s0301 | 2025-04-18 | 요즘 만능찜기 엄청나온다..!❤️❤️
na_young8922 | 2025-04-18 | 아 이사댱님 봄두룹은 금두룹♡ 부럽다😍 어제부터 땡걓눙뎀
homecatch_official | 2025-04-18 | 낼 팬들이 반할 정도로 이쁘심😀 팬싸도 하시고 성공한 인생👍
xvcyuuuk | 2025-04-18 | 자취생 입장에서는 진짜 이거 너무너무너무너무너무 기다리고잇다구요~~~~
mint__princess | 2025-04-19 | 언니 대기표? 마감되면 공지 혹시 올라오나요🥹🥹
gimd26476 | 2025-04-18 | 이사장님 내일 교보문고에서 봐요❤️❤️
rosewaltz0108 | 2025-04-23 | 찐것도 귀여우세요 ㅋㅋ
jjiwoo.pyo.jj | 2025-04-22 | 언니 왜 살빼요ㅠ난 언니를 1g도 잃고싶지 않아유ㅠ
gw90_4 | 2025-04-18 | 살찌든 말든 이사장님은 예쁘셔
z._.xin1661 | 2025-04-18 | 빨리 만나구 싶다❤️❤️
authornewlife | 2025-04-19 | ‘다욧’ 급(急)하‘다욧’!
isiyeon899 | 2025-04-19 | 팬싸인회 오늘 못 갔어요😭
gimdaegyu656 | 2025-04-19 | ❤️❤️❤️
jjangnyanga | 2025-04-22 | 이사장님 뽑아주신 덕분에 찜기로 맛있는 김치찜 해먹었어요! 감사합니다😍😍
happiness_.82 | 2025-04-18 | 뭐가 살쨔 !!
haru._.tjf | 2025-04-18 | 요즘 자꾸 찜기 어필을 사시는 언니..ㅋㅋㅋㅋ 이러니까 갖고싶네요♡ 암튼 언니 다이어트 완전 예뻐요 팬이에요 언니ㅠㅠ"
2025-04-16,1101,"찜기계의 새로운 왕좌 등장?😲✨ 이제 우리 딱딱한 만두 시대는 끝내자고요 요 만능 뚝딱이를 알기 전에는 저도 대왕냄비+삼발이 -> 찜기를 썼거든요?! 근데 - 쓰임새는 오로지 ‘찜 요리 한정’에 - 면포 & 삼발이 바닥에 눌어붙는 건 기본 - 수고스러운 뒷정리와 설거지까지💦 (실제로 면포에 불붙어 만두 대신 집 태워먹을뻔한 적도..) 찜기 준비부터 약,중,강 불 조절 -> 시간 맞추는 번거로움까지 만능 뚝딱이랑 비교해보니 확실히 ’그 불편함‘이 확실히 체감되더라고요? 물론 무엇으로 조리하나 맛이 없을 수가 없는 만두지만 요리도 결국 장비빨인 거 다들 아시죠? 🔥 요 만능 뚝딱이 찜기를 만나고 나서요… 제 삶의 질이 바뀌었어요(진심) ✨ 모든게 SO EASY~한! 만능 뚝딱이의 매력✨ 찬장에서 스윽 꺼내는 순간 게임 끝! 갖가지 요리 도구 & 불 없이도 초초초 간편하게 사용할 수 있어요! 🔥 찜기 안 눈금선으로 물 조절 쉽고 🔥 귀찮은 타이머 맞추고 불 조절? 필.요.없.음 🔥 밥/찜/구이/찌개 다양한 활용도로 사용 가능하고 🔥 전자레인지/오븐/에프 어디든 OK! 🔥 준비시간과 조리 시간마저 확 단축 🔥 꺼낼때 아뜨뜨~ 할 필요 없음 >< 🔥 뚜껑으로 소스통까지 원큐에 해결! 설거지 대왕 간편! 🔥 작은 부피로 공간 차지가 없어 간편하게 보관 가능🙌🏻 왜 제가 뚝딱이라하는지... 알겠죠..?👌 요리가 그냥 뚝딱뚝딱 됩니다요!! 💥 이사장 결론 : 요리는 장비빨이다 여러모로 비교해봐도 만능 뚝딱 찜기 압승! 제가 요즘 지독하게 패고있는! 삶의 질을 대~~폭 상승시켜 준! 이 만능 뚝딱이는 📅 5일 뒤에 오픈할게요🫢 하나씩 야무지게 소개해 드릴테니 많이 기대해주십숑!🙌 14주",,"graham.s2 | 2025-04-16 | 언니 초반에 0.5초 정도 옷 안입은줄 알고 식겁햇어요 미안해요 그나저나 찜기 너무 좋아보이내요..
z._.xin1661 | 2025-04-16 | 오 찜기 좋아보인다! 가지구싶다
seungwoo891108 | 2025-04-17 | 와이사장님댁도 저희집주방이랑 구조가같아 신기하네요🤣
ttae.rim | 2025-04-16 | 언니;; 이러면 찜기 더 궁금해질수 밖에 없어.........어케 이러지ㅐ
present_of_yana | 2025-04-16 | 헉 너무나 탐나요...😍
homecatch_official | 2025-04-16 | 비비고 찐만두는 국룰이지😍
everyday_3016 | 2025-04-16 | 만두❤️ 찐 만두도 좋지만 군만두도 맛있어여😍😍
parkyeon369 | 2025-04-27 | 전 한국인 이라서 그런가 김치 만두 밖에 안 좋아함 ㅋㅋ
imhyiseob38 | 2025-04-16 | ㅏㅏㅏ만두 저녁으로 먹어여겄다
20gaonnuri21 | 2025-04-17 | 만두의 근본은 찐만두라고 생각합니다.ㅎㅎㅎ
mi_inkk | 2025-04-16 | 이사장의 최애 만두 브랜드도 궁금혀~😍
mmammam18183838 | 2025-04-16 | 가격은요!!!!!!!
huuuyya | 2025-04-17 | 아니 이 찜기탐난다..
lovely_dod2 | 2025-04-30 | 만두 찔때 찜기 사용하는거 번거로웠는데 좋은데요? 소장욕구 상승하네요ㅋㅋㅋ
sohyeon2543 | 2025-04-16 | @cugiyun 사줘..
yeon9987 | 2025-04-17 | 마능뚝딱~찜기통 언제 구매할수 있나용?
pungsonghyeon | 2025-04-27 | 찜기 어디 건가요..?
shakswl | 2025-04-18 | 이걸로 만두해먹었는데 위에 딱딱해지던데요?
jiminiyaho | 2025-06-07 | $ㅂ
suhau_620 | 2025-04-16 | 만두는 역시 찐만두지~!
ieudaldpq | 2025-04-16 | 언니.........이러면 찜기 못참잖아 ㅠㅠㅠ 무조건 사야지.... 기대할게료!!!!
ung772 | 2025-04-18 | 알림주세요🙌
jsep_2f | 2025-04-18 | 14주답글 달기
jjiwoo.pyo.jj | 2025-04-22 | 언니 그 왕만두요 식용유 쪼오오금 바르고 에어프라이어 200도 3분 돌려드시면 맛있어요 드셔보셔요(왕만두 사랑녀 올림)
sunyong21 | 2025-04-16 | 가격 비싸서 눈팅만 하고 있었어요
play_eat_goe | 2025-04-16 | 와 만두찜기 너무 탐나는데, 그보다 냉장고 위 냄비 슥 꺼내는 키 2메다에 반했어욬ㅋㅋㅋㅋㅋㅋ 역시 못하는거 없는 이사장
foodnsierra | 2025-04-17 | 만두최애인 나한테 딱이잖아….?
wwwuziae | 2025-04-27 | 대식좌는 .. 찜기용이 너무 작아요 .."
2025-04-15,1689,"크으으.최고의 짜파게티 플레이팅은 역시 이게 아니겠습니까?!! 여러분, 농심에서 짜파게티 요리사 대회를 열었다고 하는데요! 레시피, 조리, 애정 각 부문 별로 경품이 준비되어 있다고 해요 자세한 내용은 농심 인스타그램(@nongshim), 공식 홈페이지를 확인해주세요! 👉 https://www.nongshim.com/promotion/event/view/2025/04_chapagetti/chapagetti_event 우리 모두 요리사!가 아니겠어요? 여러분들만의 짜파게티 실력을 뽐내주세요😋 🍴레시피 전쟁 : 짜파게티 요리사 대회🍴 -진행 기간 : 4월 14일~4월 30일 -진행 플랫폼 : 인스타그램, X -당첨자 발표 : 5월 19일 *농심 인스타그램, X에서 발표 예정 -경품 : 백화점 상품권 100만원(부문별 1등), 짜파게티 럭키박스(30명) 14주","#광고, #짜파게티, #농심, #짜파게티콘테스트, #짜파게티레시피, #요리, #chapagetti","dragonha.j | 2025-04-17 | 아쉽지만 우승 트로피는 제가 가져가겠습니다 선배님 .
yalan12418 | 2025-04-15 | 역시 언니야.... ㅎㅎ 컨트롤 c + v 한 것 같아여! ㅋㅋㅋㅋㅋ
hiskyhi | 2025-04-15 | 재미땈ㅋㅋㅋㅋㅋㅋㅋㅋㅋ
everyday_3016 | 2025-04-15 | 역시 광고도 넘 잘하시는 이사장님❤️
rich0319 | 2025-04-15 | 이사장님 광고는 언제나 신박해서 놀라울정도에요ㅋㅋㅋㅋㅋ 흡입력이 남다르셔~~
moa_yeahhhh | 2025-04-15 | 뭐든 잘하시는 이사장님❤️❤️👏👏
lulu_dad93 | 2025-05-09 | 완두콩아닌가요 ㅋㅋㅋ
hwnaglove | 2025-04-15 | 짜파게티 먹고싶다😢
lahee_0128 | 2025-04-21 | 언니 밤 12시 41분에 나 배고프게 만들지마..ㅋㅋ ㅠㅠ
imhyiseob38 | 2025-04-15 | 마딧겠따( 고백했는데 차임 )
yxcloie | 2025-04-15 | 콩같은디
z._.xin1661 | 2025-04-15 | 사진 찍어서 합성하면 못 알아볼거 같네여!
homecatch_official | 2025-04-15 | 2빠!!
ssynnoo_ | 2025-04-15 | 귀여워요이사장님 4빠에요
ji.want12 | 2025-04-15 | 1빠!!"
2025-04-16,2955,"자취생인데..김치찜을 해먹을 엄두가 안난다구요?! 그래서 준비한 ➡ 자취생표 김치찜 레시피! ✔일단 무조건 저장부터 하고 가실게요 (🙋🏻‍♀️이벤트도 있지요) 전에 올린 김치찜 영상, 조회수 무려 250만회🔥 자취생들은 김치찜 만들 엄두도 안나고 시켜먹자니 돈이 만만치 않죠..(저도 자취 10년 경력) 그래서 준비해왔습니다! 이름하여 [자취생 뚝딱 김치찜] 근데? 불 ❌ 대왕냄비 ❌ 조리도구❌ 전자레인지 하나면 완.전.끝. 물론 맛까지 완전 끝.장. 김치? 엄마가 보내주신거 꺼내세요 스팸? 어딘가에 분명히 있을거에요 또는 참치캔, 두부, 팽이버섯 등등 원하는 재료 가능~! 🔥오늘의 핵심 이사장표 뚝딱템 등장 요 만능찜기만 있다면 김치찜이든 밥이든 반찬이든 싹- 다 해결됩니다! 그냥 찜기에 재료, 양념 때려넣고 전자렌지 10분만 보내주시면 -> 어라 벌써 끝났는데요??? + 그 시간동안 냉동밥 돌려주고 + 스팸 구워주면 자취생 1등 밥상 준비 완. 🙋🏻‍♀️맛 생색 타임 갑니다… 진짜 이렇게 대충 만들었는데 이 맛 실화인가 이정도 맛이면 배달 안시켜먹어 이제!!! ❗️❗️❗️댓글 이벤트! ❗️❗️❗️ 맛도 맛인데 우리 자취생들은 뭐다? 재료 ✔ 도구 ✔ 설거지 ✔ 등 최소화가 생명이잖아요?! 진짜 최소 장비, 최소 노력으로 모든 요리를 초초초 간단 버전으로 만들어보고 싶다면? 요 만능 뚝딱템 집에 꼬~옥 하나쯤 두고 싶다면? 댓글 당장 냄겨줘여.. 이사장이 바로 보내줄라니깐!!! 🔥 =================== 📌자취생 김치찜 레시피 <재료> -주재료: 김치 1/4 포기, 통조림햄(또는 참치, 두부,버섯 등등), 순두부 한 봉 -양념: 김칫국물 1/3컵, 물1/3컵, 다진마늘 1큰술, 고춧가루1큰술, 간장 1작은술 식용유 1작은술, 설탕1/2작은술,(다시다 1큰술, 들기름 1큰술은 선택) <만드는법> 1. 만능찜기에 김치를 큼직하게 썰어 넣고 채썬 양파를 위에 깔아준다. 2. 양념을 잘 섞은 국물을 김치에 붓는다. 3. 스팸과 두부를 큼직하게 썰어서 위에 얹는다. 4. 전자레인지에 10분~13분 돌린다. (푹 익은 김치찜을 원하시면 13분!) —————————————————— 📢 이사장표 만능 뚝딱찜기 이벤트 당첨자 발표! 📢 꺄아아아 드디어 ><💗 당첨되신 분들 진심으로 축하드려요!!!!! 🎉🎉 댓글 하나하나 너무 정성 가득이라… 진짜 고르기 너무 힘들었습니다....ㅠㅠ 많은 참여 감사드리고 사랑합니다 여러분💘 👇 당첨자분들 꼭 확인해주세요! 👇 ✅ ""이상한 과자가게"" 카카오톡 채널로 '만능 뚝딱찜기' 체험단 당첨됐어요! 라는 메시지와 함께 ✅ 성함 / 연락처 / 주소 남겨주시면 '멀티찜기' 빠르게 쓱- 보내드릴게요~💨 🎨 색상은 랜덤 발송됩니다! 맛나게 즐겨주시고 후기도 기대할게요 😎 @2terna1luv @dayeonn_02 @chaechae_p_love @ijihyuniii @ggam.jaa @jjangnyanga @jung_yoon @small____forest @bbin_89 @hago_mango 수정됨 · 14주","#김치찜, #레시피","mingcu_te | 2025-04-15 | 자취생 꿀찜기네요.. 꼭 받구싶어요~!~!~!!
집에서두 김치찜, 따뜻한 밥 해먹을래요!!!!!!!!
jjuurriijjuurrii | 2025-04-15 | 꺄ヾ( 〃∇〃)ﾂ ｷｬｰｰｰｯ♡
이 레시피도 넘나 취저에욤❤️
언제나 똥손인 저에게도 ""야!너듀? 할 슈 이따""
용기쥬시능 이사장님 라뷰라뷰⸜❤︎⸝‍ε♡з

그나저나. . 만능찜기 넘 탐나요🤤👉👈❣️
특히 김치찜해먹어도 색베임걱정없는❣️
조오기 빠알간 사각사각 만능찜기 원츄합니다👍😍🫶🏻❤️❤️❤️

실리콘도시락통도 사서 써봤눈데 결국. .
색베임 이슈로 펜트리구석신세가 되버렸다능😂😂

샛빨강 사각 찜기와 함께라면🍜
뭐든 휘리릭뚝딱𝕞𝕚𝕔𝕣𝕠𝕨𝕒𝕧𝕖 간편레시피들
푸파할 슈 있을것같아요🔥🔥🔥🔥
__sjing | 2025-04-14 | 아 저번 목살김치찜 너무맛있어서 두번해먹었는데!!! 이렇게 또 쉬운 레시피가 올라오다닛..! 찜기있으면 또 도전해보고싶어요!!!!
hye_on79 | 2025-04-17 | 증말 간단하고 시간 아끼고 웃으면서 바로 먹으니 더더 맛있겠다요오❤️🧡💛💚🩵💙💜🩷
sr_yun99 | 2025-04-14 | 언니 제가 김치요리를 진짜 좋아해요 이제 김치찌개는 어찌저찌 만들겠는데 김치찜은 조려야해서 가스비도 많이 나올 것 같고 여름에 하면 온 집안에 김치찜 열기에 더워질 것 같고...그렇다고 사 먹기에는 너무 비싸고 무엇보다 집에서 하는 맛이 안 나...! 만능찜기로 김치찜 만들어서 바로 인증샷 올릴테니 저 주세요ㅠㅠ
ssuholic | 2025-04-14 | 손들어봅니다!! 자취생 아닌 애엄마이지만 후다닥 해먹을수있는 한그릇 레시피 사랑합니다😍
2terna1luv | 2025-04-15 | 다들 배달 음식을 드실 수 있지만.. 저는 건강이 좋지않아 좋아하는 배달 음식 먹구 싶어도 꾸우우욱.. 참으며 거의 끊은 지 오래 됐는데요!! 그래서 이젠 저도 요리해서 먹는 걸 참 좋아합니다!! 그리고 어쩔 수 없이 요리를 할 수 밖에 없는 환경!!!⭐️ 요리 할 때, 요리 끝나고 설거지 정리 등등 너무너무 귀찮지만 완성해내서 먹으면 너무 행복하더라고요😻 언니도 늘 결국 뚝딱뚝딱 요리 해내서 드시는 걸 보며 저도 한 번 더 배달 음식을 참고 요리 해 먹은 적이 많았어요 늘 영상 잘 보고 있습니다! 감사해요💕 보내주신 찜기 받으면 누구보다 의지 활활 태우며 또 건강하게 요리 열심히 해서 먹을 수 있는 계기가 될 것 같아요:)👩🏻‍🍳
favernny | 2025-04-14 | 저 멀리 강원도에서 인천까지 대학온다고 상경한 스무살 자취초보에게 이런 유용한 제품의 은총이 꼭 내려오길 ㅜ ㅜ 언니 항상 영상 다시보며 기다리고 응원하고 잇오요..🫰🏻
wowa_0_ | 2025-04-15 | 전자레인지 돌리면 그릇 뜨거워서 맨날 손 데이는데… 꿀템이다 이거,, 꼭 받고싶어여😢😢😢
dayeonn_02 | 2025-04-15 | 언니 제가 청년주택 살아서 가스사용이 안돼요ㅠ 저 진짜 냠냠박사고 파인애플에 한 때 꽂혀서 뷔페가서 3접시 먹고 토한적도 있을만큼 식탐도 미쳤어요… 전자레인지로 봉지라면, 파스타, 두부유부초밥, 계란찜, 야채찌는 거를 전부 다이소 3000원 그릇에 해결하고 있어서 이 찜기가 너무 탐나네요🥹 저 진짜 잘해먹을 자신 있어요!! 김장도 제가 직접 할만큼 요리에 진심이랍니다❤️🙌
hyerokkky | 2025-04-14 | 사실 김치로 많이 해먹으니까... 빨강용기가 넘나 필요하더라그여... 안그래도 비오는날 김치찜 땡겼는데 영상보니 더 먹고싶자나😂😂😂😂
g_oct_191 | 2025-04-14 | 우오ㅡ 얼린밥 데우는거 너무 유용한데요!‘
on_viny_ | 2025-04-15 | 먹고싶어 김치찜 먹고싶어요 간단뚝딱으로 먹고싶어요
ohnesang | 2025-04-14 | @yubimi0, @hee_030109 아앙 너무너무 갖고싶네…🤤🤤
chrysan.foxg | 2025-04-21 | 저요제발저요ㅜㅠ
자취생 살려주세여!!!!!!!
mi_inkk | 2025-04-14 | 이걸 저녁 시간에 올리시다니,, 잔인한 이사장님😂 우리엄마 김치로 김치찜 해먹을 사람 저요저요,,,🙌🥹 댓츠 미
zhu_we_e | 2025-04-14 | 항상 얼린 음식 해동해서 저녁 해결했는데 찜기 있으면 매 저녁 식사가 기다려질거 같아요ㅠㅠㅠ 안 그래도 실리만 찜기 탐나서 장바구니템이었는데!!!
__rinnn_ | 2025-04-14 | 안그래도 저런거 사고싶어서 어디꺼사지..좋아보이능건 생각보다 비싸네.. 하고있었는디 제발 이거 너무 갖고시퍼요 🥹 탐난다
goomssi77 | 2025-04-14 | 👏👏👏저요저요. 새벽작업후 허기질때 짱 필여해요. ㅜㅡㅜ
yellpod | 2025-04-14 | 소주랑 김치는 있는데 찜기는 없어요 그니까 대충 많이많이많이많이 그 찜기가 필요하다는 뜻이에요... 잇츠미미미...
mikyh_0522 | 2025-04-15 | 외식 자주 안하고 집밥해먹는 자취러인데 얼린밥 데우는 것도 그렇고 전자레인지로 김치찜 하는것도 유용하네요!!!무엇보다 설거지가 줄어든다는 점이 마음에 들어요😍
eunmirul | 2025-04-14 | 제발저요!!! 저요 저요 제발 저요 제가 아니면 안돼요 제발 저요 오직 이 날을 위해서 지금까지 살아왔어요 제발 제가 된다면 죽어도 여한이 없어요 제발 저요저요 저요 저요 제발 저요 저는 저요밖에 모르는 저요에요 저요저요 제발 저요
jeongjuyeong929 | 2025-04-15 | 실리콘으로된 전자레인지 용기라고 안뜨거운건 아니던데
binsta9ram_ | 2025-04-15 | @jjjjeongyoon 🙋🏻‍♀️🙋🏻‍♀️자취는 하지만 식기가 없고 음식하기 귀찮음이 많아서 그냥 굶어버리는 우리 정윤이 주세여 전자렌지는 있답니다~🙋🏻‍♀️🎶💕🩷💕
bb00ngchi | 2025-04-14 | 저도 가져보고싶어요..
yms0_511 | 2025-04-14 | 저용
lee.si_hyun | 2025-04-14 | 자취 13년차인데 전자레인지 전용 찜기가 없어서 쿠팡이랑 사이트 본적은 있는데 가격이 사악해서 다음에 사자하고 당장 필요할땐 살걸 그랬나 후회하고 그랬어요ㅠㅠ편하게 찜기로 전자레인지 사용해보고싶어서 🙌들어봅니다❤️
better.day_young | 2025-04-14 | 김치찜...너무 맛있겠다.. 노란뚝딱이 탐나요ㅋㅋㅋㅋㅋㅋ 이사장님 덕분에 자취생 레시피 너무 잘 애용하고있어요ㅠㅠ😭😭💛
uuee14y | 2025-04-14 | 텐션 유지 하시는게 참 신기하네요
so_ryang_ | 2025-04-14 | 만능찜기...탐나요..
choi__1989_42 | 2025-04-14 | 만능찜기 갖고 싶어요🙌
kaparli486 | 2025-04-14 | 우리딸이 원합니다 만능찜기😍
yeonn._.nn | 2025-04-14 | 자취생 간단 요리...만능 찜기라니 모든 키워드가 다 탐나요👀🫶 알차게 잘 사용할 수 있을 것 같아요!!!
beebee_gram | 2025-04-14 | 저저 우삼겹 야채찜해서 다요트식단 하고싶어요!!
mi_kkang_p | 2025-04-14 | 자취생 만능찜기라니🥹🥹🥹 예전부터 눈여겨 보고 있었는데 가격이 꽤나 나가서 마음속으로만 품고 있었어요... 이 기회에 저도 써보고 싶어요💕
heevely1118 | 2025-04-14 | 와...김치찜보고 추릅🤭 빨간 전자렌지 찜기용기 저도 써보고싶어여
z._.xin1661 | 2025-04-14 | 진짜 맛있겠다 ... 이사장님 레시피로 김치찜 만들었었는데 진짜 맛있었어요 👍
happyless_3 | 2025-04-14 | 요알못 자취생 웁니다😢😢
onlymejustna | 2025-04-14 | 저도 배달비 아끼고 싶어요 … 전자레인지에서 꺼낼때 안뜨거운거 너무 신기해요 전자레인지가 제 키보다 위에 있어서 뜨거운거 꺼낼때 헹주꺼내고 뭐 꺼내고 하느라 너무 불편한데 보내주시면 이사장님 따라하다가 요리사 될 수 있을 것 같아요
_y.geon.12_ | 2025-04-14 | 오빠 아니 나 저녁으로 김치찜 먹고 잇는데 누나 영상이 떳어…
v.v________ | 2025-04-14 | 저요저요저요 불로하는요리 자신없는1인 여기 있어요 김치찜 해먹어보고싶어요👏👏👏
ieudaldpq | 2025-04-14 | 자취할때 불키랴 머하랴 너무 불편했어요😂😂 저 만능찜기 진짜 너무 필요해요...ㅠㅠㅠㅠ저주셍요🥹🥹🥹🥹
tjdrb0913 | 2025-04-14 | 아니 이렇게 뚝딱 김치찜이 된다고요!!!!😮
on.li_won | 2025-04-14 | 공구 해주시어요😢
nqpr47w | 2025-04-14 | ..저요옷!!!! 지금@레시피 저 해봐야겠거든요??그니가 얼른 저욧!!❤️
wesj1009 | 2025-04-14 | 너무 좋아하는 메뉴중 하난데 설거지 때문에 요리하기 귀찮고 요리 과정도 내가 하기엔 복잡스럽고 결국 매일 대충 챙겨먹었는데 이 만능찜기만 있으면 모든 고민 해결!!!!! 그리고 첫번째 요리는 김치찜으로 결정 ❤️❤️❤️
imhyiseob38 | 2025-04-14 | 역싀 요리는 템빨^^
yimy0310 | 2025-04-14 | 저두 김치찜 먹구 싶어요
ttetm0k | 2025-04-14 | 저 어제 냄비 태워먹엇서용. 지긋지긋해😇 전자레인지로 뚝딱 해먹고싶어요
homeloveman | 2025-04-14 | 언니제발저요
찜요리면 저환장하는데 맨날 귀찮고 힘들어서 포기했는데 찜기로는 잘 해먹을것같아요!!!
everyday_3016 | 2025-04-14 | 우아!!! 언니 저는 기숙사생인데 가능한가요??? 진짜 사용하기 편할거 같은데요!!❤️
happy_fishbread | 2025-04-14 | 제가 김치로 요리한 것 중에 김치찜을 제일 좋아합니다..ㅠㅠ 근데 김치찜 하려면 큰 냄비도 필요하고 … 화력 좋은 불도 필요하기 때문에 해먹기가 번거로웠어요 ㅠㅠㅠ 결국 비싼 배달로 눈을 돌리는 현상이 반복되었었죠🥺 내 돈..
저 유용하고 기깔난 만능찜기가 너무 탐납니다. 넘 갖고 싶어요 ㅠㅠ 진짜 실용적인 도구 같아요. 특히 손잡이가 안 뜨거운 건 혁신적입니다.. 제발 당첨되길,,
mi_rani_rani | 2025-04-14 | 이거이거🙌🙌 주부들도 사고싶은템!!!! 고딩딸아이 조금씩 요리해서 먹는법 가르치기도 좋은 불안하지않은 필수템🫶🫶
bo687499 | 2025-04-14 | 이사장님 #자취생필수품🤘 아닌 #직장맘필수품 입니나😍 밥 챙겨 먹어야 하는 씩씩한 대한민국 #직장맘 손들어요~~저요🙏🙏🙏
zetagundal | 2025-04-14 | 매번 요리하고 뒤처리하기 귀찮은 궁중팬, 숟가락, 집게... 어휴~ 이번 영상보니까 정말 편해보여요! 설거지 절반, 아니 획기적으로 줄일 수 있겠어요!!
hee_gh_ | 2025-04-14 | 힝 언제오픈하나여!! 3교대일하는데 맨날 가스렌지로 반찬하고하는거 넘귀찮아여 😢 전자렌지로 하다니 넘넘 편해보이는걸요!😍
gg0ji._.0115 | 2025-04-14 | 저요저요 자취n년차 색베임도 짜증나고 ㅋㅋ̄̈ㅋ꙼̈ㅋ̆̎ㅋ̐̈ㅋ̊̈ 저같이 귀차니즘 있눈 사람한테 딱이네유 설거지두 귀찮운데 뚜껑이 앞접시 역할도 해쥰다니!!!
kkonerica | 2025-04-14 | 댓글🙌
mmammam18183838 | 2025-04-14 | 제발요 데발 제ㅏㄹ 제발 제발 저요 제발 ㄴ엄마가 보내준 김치가 한가득이에오 제발 오픈은 언제하나요 제발…..
happy_syeoni_ | 2025-04-14 | 곧 더워지는데 땀많은 애미는 아들 맘마를 불앞이아닌 렌지로 간편하게 조리할 수 있는 꿀템이네여!!! 탐이납니다🔥🔥🔥
bbangbbang_hye_ | 2025-04-14 | 저요저요! 만능찜기로 김치찜도 해 먹고 계란찜, 채소 찜 다 하고싶어요🔥😍
kwondohwa | 2025-04-14 | 저도 손 슬쩍 들어요! 자취 이제 막 시작한 새내기인데 요리 하다가 물 조절 냄비만 3개 태워먹고 시작했어요.. 렌지로 간편 조리된 음식같은 음식 먹고싶은 새내기 였습니다....ㅠ
dargwa6 | 2025-04-14 | 저요저요 무조건 저요 ㅠㅠ 자취 n년차... 아직도 불켜서 요리하는건 넘 귀찮은데 만능찜기라뇨...❤️ 너무 갖고싶어요 🥹글구 이사장님 김치찜 넘 맛있어보여요.....
wieekiee | 2025-04-14 | 너무너무 유용해보여요!! 혼자 밥 해먹는거 좋아해서 당첨 된다면 잘 쓸 것 같아요!!
kimonesol | 2025-04-14 | 진짜 갖고싶어요 완전 꿀템 ..... ❤️‍🔥
zoa373 | 2025-04-14 | 와 대박 자취생아니여도 써도 되겟는데요 ㅎㅎㅎ호
_mmlleook_ | 2025-04-14 | 우와!!! 진짜 해먹어봐야 겠다 꼭 전자렌지에 안전한 용기로!
xlwinni | 2025-04-14 | 불없이 전자렌지로 뚝딱이라니 넘 탐나는 도구네요❤️ 주방이 작아서 냄비씻기도 힘든데 요런거 하나있음 좋을거같아요😍 좋은 레시피도 얻어갑니당
fromyourluv | 2025-04-14 | 자취생 아니라 아줌마도 댓글 달아도 되나요..? 😍 이건 꼭 해먹어보고 싶네요.. 욕심나는 레시피….!!!
___pureme | 2025-04-14 | 김치찜 왕 마싯을고같애요ㅠㅠㅠ❤️❤️❤️❤️❤️❤️❤️
진짜 잘 애용할거같아요 !!!!😍😍😍😍😍😍
imseoa__ | 2025-04-14 | 퇴근하구 해먹기에도 넘 간단하고 좋아보여요 ☺️💕👍👍
hyeeeeem_0107 | 2025-04-14 | 김치찜뿐만아니라 만능템 아녀? 전자레인지 초간단레시피도 많이많이 알려주세요! 퇴근 후 기절인데 요리하기 넘나 벅찬것...😂
akakakuu0 | 2025-04-14 | 만능찜기 저렴한 가격에 가져와주세여 이사장님❤️ 저기에 양배추 언밥 냉동만두 다 넣고 다 돌릴거에요
na_young8922 | 2025-04-14 | 찜기?? 이사댱님의 맛능찜기?? 오디껀데요 젭알 알랴주면 앙대요?? 구매하게 간단하게 맛나게 언능 해묵고 싶어요..ㅜ.ㅠ 맨날 만날 그냥 그릇에 찌니까 막 마르고..ㅋㅋ 간이 짜게되고 ㅋㅋ 연장이 없어..대충하구이쪄 근데 이사댱님이 저러케 이쁜 맛능찜기로 요리까지♡ 나 현기중나 온능 알랴줘봐요
_0.0__ss | 2025-04-14 | 자취생에게 꼭 필요템이네용!!
육류, 생선 전자레인지에 데워 먹고 싶어도 작은 원룸이라 집 안과 옷에 냄새 베이면 잘 안 빠져서 먹기 망설이고 있어요ㅠㅠ
퇴근 후 2시간 걸려서 집 오면 배고파서 허겁지겁 차려먹고 나서 집안일 하고 나면 씻고 바로 잠들어용..ㅎㅎㅎ
만능찜기로 편하고 간편하고 빠르게 냄새 없이 밥 먹을 수 있을 것 같아용🥹🥹
지금까지 번거로운 요리들!!
이름처럼 만능찜기로 만들어 먹어보면 어떨까요~~??🤤🤤🤤
벌써부터 만들어 먹을 요리들이 막 생각나요히히히
xxu_____uxx | 2025-04-14 | 핵좋다진짜
hago_mango | 2025-04-14 | 여기 있슙니다🙌🙌 전자렌지 용기 유목민.. 실리콘 보관용기부터 저당밥솥까지.. 좁은 주방만 터져나가고 활용도는 낮은데.. 이사장님의 전자렌지용기는 너무나 활용도 있어보이고.. 김치찜까지 해먹어도 티1도 안날거 같은 강렬한 레드 컬러까지...!!! 레드 가지고 맛난 김치찜부터 은근슬쩍 보여주셨던 레시피들 따라해먹고 싶습니다~!!❤️❤️
jsoyoun | 2025-04-14 | 우와~~~~ 방금 스팸순두부찌개해먹었는데 김치찜이라뇨~~!!!!! 저두 손들어볼게요!!!
park.si_eun | 2025-04-14 | 워킹맘에 딱이네요~ 퇴근하고 후다닥 밥차리기 가능해지겠어요😁 써보고싶어요😊
hyunjeong0713 | 2025-04-14 | 만능찜기😍🤚🤚🤚저요저요~ 만두 좋아하는 울아들, 김치찜 좋아하는 남편에게 휘뚤마뚤 자주쓰게될것같아용😍
yeio8051 | 2025-04-14 | 저요 저요👏 후다닥 간편요리 좋아요❤️
jjuuz_ | 2025-04-14 | 저요,,!! 자취생은 아니지만 ,,, 저녁에 애기 재우고 전자레인지 김치찜이랑 맥주로 하루를 마무리하고 싶어욧,,,,❤️ 배고프다
daeaeaaeeeeng | 2025-04-14 | 요새 집에서 밥해먹을 일이 많아서 전자레인지용 찜기 찾고 있었는데 .. 진짜 유용할거 같아요 ㅠ ㅋㅋㅋㅋ 다이어트고 뭐고 저 김치찜을 ..🤤
noeyag_01 | 2025-04-14 | 와 전 집에 찜기가 있는데도 귀찮아서 잘 안 쓰게 되던데ㅠ 평소에 뭐든지 전자레인지로 해결할 수 있으면 진짜 좋겠다 싶었는데 김치찜을 렌지로 만들어 먹는 시대가 왔다니~~ 만능찜기 미텼다👏
y.naaaaari | 2025-04-14 | 저요….. 저 코딱지만한 계란찜찜기에 양배추 쪄먹는데 몇장 안들어가서 2번 나눠서 ㅉㅓ요…..
syeon_kid | 2025-04-14 | 김치찜을 1인분만 해먹을 수 있다니,,, 넘 좋아보여요👏 다욧할 때 채소찜 해먹을 때도 물 끓이랴 삼발이 설거지하랴 힘든데 그 때도 써볼 수 있을 것 같네용!! 그래서 만능찜기인가?ㅎㅎ 만능찜기로 요리해서 먹어보고싶어요!!🙌
so_yeonnii | 2025-04-14 | 30살에 첫 자취!
엄마가 준 김치로 혼자서도 야무지게 김치찜 해먹어서 엄마 걱정 안시키고 싶어요!!
jsoop_ | 2025-04-14 | 김치찜러번데❤️ 1인용으로 간단하게 만들어먹기 넘좋을고같아용!
cherir_xx | 2025-04-14 | 저두 만능찜기로 전자렌지로 김치찜도 해먹고 싶고
계란찜 갈비찜 떡볶이 우삼겹야채찜(존맛) 쫀득쿠키 피자뎁히기 김치볶음밥 치즈케이크 배추찜 보쌈 라따뚜이 파스타 에그인헬 두부그라탕 초코케이크 라면땅 다 해먹고 싶어용..
weloveyoulutz | 2025-04-14 | 가난한 자츼생… 찜기 원해요‘!!!! 원합니까????? 네에~!~!~!!! ㅜㅜㅜ!! 얼마전에,,, 김치찜 먹고 싶어서 어플 켰다가 3만원인거보고 백스텝.,.. 만능찜기와 함께라면 전자레인지로 뚝딱이라니,…. 원해요……🥹🥹😭😭😭야채찜도 해먹을 수 있고 이사장님처엄 강된장에 양배추도 먹고 ••• 이사장님 최고.. 저 장어덮밥도 만들어보고 싶은데 찌는거 힘들어서 포기했거든요 흑흑 저 이사장님 애청자에요,, 찜기만 있다면 뭐든지 만들수있숴..
door_jjjj | 2025-04-14 | 🙌🙌🙌
podo._.b | 2025-04-14 | 전자레인지 돌리면 그릇 뜨거워지는게 넘 싫어서 뜨끈하게 못돌리는데 뚜껑까지 있으니까 진짜 따듯하게 데울수 있어보여요…..!!! 가지고싶네요ㅠㅎㅎㅎ
kundam_kangee | 2025-04-14 | 지이이이인짜아아아아아 난.안.되.나.요? 이사장님?
hye._.ryun | 2025-04-14 | 찜기 띠입🔥
luv_h.bee | 2025-04-14 | 자취생은 아니지만 넘나 갖고 싶다... 퇴근하고 쌓여있는 설거지.. 싫다. ㅠㅠ 아침 먹고 나온 설거지 하기 싫다... 싫다싫다
zziiiinnii | 2025-04-14 | 우악 김치찜 저도 엄청 좋아해요 ㅠㅠ 넘 맛있어서 먹고 체한적도 있어요 ㅋㅌㅌㅋㅋㅋ ㅠㅠ 김치요리는 빨간용기가 필수이기도하고,, 전자렌지로 후딱 할수있다는게 넘 신박하고 좋은거같아요...❤️❤️❤️레시피 감사드려요 해먹어볼게요 히히
h.primrose | 2025-04-14 | 언늬!!!!!!!!!! 저 요즘 점심을 집에서 혼자서 해먹어요!!!!!!! 그래서 이것저것 해먹어보고 요리시도해보고 잇눈데 언니가 이거 선물해주면 나도 요리사....?!🧑‍🍳🩷 키킼 오늘 밖에서 김치찜 먹고 왔는데 생각보다 맛없었어서 우리집 김치로 기깔나게 먹어볼라구요... 가능하다면 언니가 선물해주는 찜기로다가......🫶🏻🩷
cxoxong | 2025-04-14 | 능숙한 자취생이지만 맨날 전자렌지돌리면 손데어서 손이 엉망진창화상자국 가득이에오.. 우튭에서 보고왔는데 슬쩌억ㄱ ㅠㅠ받고시푸다ㅠㅠ
p_y_1229j | 2025-04-14 | 유튜브보고 찜기 갖고싶어서 호다닥 달려온나...🔥 김치찜도 후다닥해먹고 싶은 사람 나야나🙌🙌
u_jini_95 | 2025-04-14 | 헉ㅇ저요ㅠㅠㅠ지짜꼭필요템이당"
2025-04-13,1337,아니 슬러쉬가 300원이 아니라 3000원이라구여?! 태어나서 첨으로 실치회 먹어본 날. 실치 요거 귀한거라면서요! 15주,,"lj_no.1 | 2025-04-13 | 와..실치초무침이에요? 😍
jii4370 | 2025-04-13 | 오늘도 화~알~짝 피셨네요^^♡
boggeunang | 2025-04-13 | 언니 머리 꾸미신거 진짜 이뻐요
hyoeun._.719 | 2025-04-13 | 언니,, 점점더 이뻐지고 있어❤️ 사댱님 다 못 먹겠어요는 진짜 넘 귀여운거 아니냐구요😍
bang9bong9 | 2025-04-14 | 장고항 아닙니까?!
yoowaterjin | 2025-04-13 | 짱이뿌다요
imhyiseob38 | 2025-04-13 | 하이퍼 제너럴 임팩션 짱짱 초미녀가 실치회 초무침을 먹다니. 이건 귀하다!!!
dasik020404 | 2025-04-15 | 언니 두번째 셀카 머선일이야 증말..미쳤어너무이쁘다띄어쓰기를못할정도루..........당장프사해!!!!!!
migyo_kim | 2025-04-13 | 오와 실치회 어디서 먹을 수 있나요🔥
kim_hera__ | 2025-04-13 | 와 실치회
ypnar_10 | 2025-04-16 | 헐!!! 우리 시어머님 가겐데요?????
hbooho | 2025-04-13 | 아..실치..매년먹으러다녀왔는데...올해는 다리를 다쳐못가네요.맛있게드셔요~~
erin120706 | 2025-04-17 | 언니 너무 예뻐영!
g_oct_191 | 2025-04-13 | 실치회 어때요???
eunyoung2468 | 2025-04-13 | 거제도 사백어도 추천합니다 ㅎㅎ😂
_y.geon.12_ | 2025-04-13 | 와 미녀다 ㅌㅋㅋㅋㅋㅋ
12.03heaven | 2025-04-13 | 실치 드셨군요 저거 넘맛있어여ㅠ
erin120706 | 2025-04-17 | 와 그거 팔보첸가? 그거 살아있는거 아니에요?
il0veihateu | 2025-04-19 | 초등학교 교사가 놀러간거같음
x.yj004 | 2025-04-14 | 네 3000원입니다(?)
im_d0wny | 2025-04-14 | 친한 아줌마 아저씨가 엄마 아빠는 아니지 옹니 ..?
banjeesoo | 2025-04-13 | ❤️
z._.xin1661 | 2025-04-13 | 곤약회 만들어 주세여!
h.y.b_96 | 2025-04-13 | 이 언닌 가면 갈수록 점점 이뻐지네 우리땐 반반 슬러쉬 500원이였는데 언제 3천원까지 올랐냐😢😢
aoyo97531 | 2025-04-15 | 이사장님 청바지 정보알수있을까요! 영상 항상 잘보고있어요~"
2025-04-12,1.2만,어렸을 때 유독 음식에 대한 집착이 강해서 항상 어른들에게 걱정의 대상이었던 나는 지금은.. 그 음식에 대한 집착으로 밥벌어먹고 살고 있다는 이야기 저같이 음식에 대한 집착이 심하셨던 분 있으신가요? 15주,,"aeldia | 2025-04-13 | 전 너무 먹고싶은게 생기면 먹고나서 아파요 ㅋㅋㅋㅋㅋㅋㅋ
yewon725 | 2025-04-13 | 옛날에 할아버지가 우리손녀는 호텔뷔페 데려가도 않아깝다고ㅋㅋ 들어가면서 나올때까지 계속 먹고 커피숍가서 또 먹고ㅋㅋ 그때 나이 13세...뷔페접시로 8접시정도 먹었던....지금은 안그래요..지금은 소화가 않됨...😂
ssookx2 | 2025-04-12 | 전 갓난애기 때부터 식탐이 남달라서... 분유 많이 먹어서 토해놓고 또 달라고 울었대요. 😂
maleng.table | 2025-04-12 | 아니 이사장님 전주 근처 어딘가에 사셨군요🙌🙌🙌
samsik20 | 2025-04-12 | 전 지금까지 뭘 참아 본적이… 없음 혼자라도 가서 먹었어여 ㅎㅎ
maple_talktalk | 2025-04-15 | 저요! 어릴때부터 못 먹으면 그거 만들어서라도 먹었어요🤣🧡🧡
rhythmizm | 2025-04-12 | 잠깐만~ 뻥튀기에 눈코입이 왜 달렸죠?? 👏
eyesgotmelostnow | 2025-04-12 | 유익한영상이네요
crystal_cook_07 | 2025-04-13 | 2살 쯤에 양손에 유과를 들고 먹고 있을 때 하나 더 건네주면 입으로 받아먹을 정도로 식탐이 많았습니다..ㅋㅋ 울 때 먹을 것만 쥐어주면 뚝 그쳐서 키우기도 쉬우셨다곸ㅋㅋ
musun129x_x | 2025-04-12 | 저요.. 제가 못먹으면 그렇게 아파서 끙끙 앓아서 어떻게든 먹었는데 애가 태어나니까 애 위주로 바뀌었어요...😂
173.47 | 2025-04-15 | 그게 왜그러냐면 몸이 필요로하는 영양소를 본능적으로 원하게 되는경우가 있다고 해요. 저도 어릴때 고기먹고싶은데 못먹으러가거나하면 다음날 심하게 아파서 엄마가 제가 고기먹고싶다그러면 꼭 먹여서 키웠어요 특정음식이 간절하게 먹고싶을때는 몸에서 뭔가 부족하다는 신호일수도 있다고 엄마가 말씀하셨던 기억이 나네요
diegolee77 | 2025-04-12 | 얼굴도이쁘시고 요리도잘하시고 부럽네요ㅋㅋ
eueu48600 | 2025-04-13 | 어 저랑 반대요 저는 엄청 심하게 아프다가 아파서 암것도 못먹다 갑자기 뭔가 특정음식이 엄청 먹고 싶어 그걸 먹으면 다음날 싹 나아요~ 전 어릴때부터 아프고나서 갑자기 엄청 먹고 싶은게 생각나고 그걸 먹으면 바로 싹 나아버린 경험을 여러번 해봤어요 진짜로~!!!!!!😮😮😮
goeun.kim.9461 | 2025-07-12 | @juahn.chan.mom 어? 우리엄마닷~!! 우리 엄마 먹고 싶은 거 못 먹으면 아픈 사람~;;
xsxzx_x | 2025-05-09 | @seoadang_s2 진심 나도 ,, 근데 먹고싶으면 무조건 먹어버릇해서 아프질않아
sae.co212 | 2025-06-14 | 고수닭갈비 어떻게 아시죠!!!! 전주사람!!!!!
_bin._.05 | 2025-04-13 | 저도 먹고 싶은 거 못 먹으면 심하게 아파서 먹고 싶은 건 뭐든 먹는 거 같아요
womder__c | 2025-04-17 | 저여….😢 지금도 살을 못빼는 성인이 되어있어요
eun_cha._.e | 2025-04-13 | @doelsldiglgl 케이큐????
foodie_hasa | 2025-04-18 | 저는 제가 먹고 싶은 걸 못 먹으면... 아무리 음식을 먹어도 배가차지 않는 식탐이라면 식탐을 가지고 있어요 결국은 먹고 싶었던 거 먹어야 배가 차고 만족스럽더라고요. 그리고 다이어트 한답시고 저녁에 과일이랑 요거트민 먹었다가 배고프고 밤에 잠이 안 와서 너무 힘들었던 적이 있어요 ㅋㅋ 그래서 그냥 먹고 싶은 거 먹고 살아요~~ㅋㅋ 매번 만난 음식 올려 주셔서 너무 감사하고 행복해요
doohee_287 | 2025-07-12 | 저 진짜 배고프면 현기증 나고 배 아파여.......
wlsghd11 | 2025-04-19 | 빅맘
xeo_yxn12 | 2025-04-13 | 언니 아사이볼 만들어 줄 수 있어?!
iahy.eon0304 | 2025-05-21 | 먹고 싶은게 있어도 귀찮아서 포기합니다..
meonggu53 | 2025-06-07 | 어릴때랍스타먹고싶다하지
empty170 | 2025-07-18 | @grace__heo 헐 나다 와우
imhyiseob38 | 2025-04-12 | 음식에 대한 사랑이❤️ 제가 이사장님에 대한 사랑만큼 이군요
maytumeme | 2025-04-12 | 나다 ….
mongmamma | 2025-04-12 | 저요~~~~
lala_sichuanlab | 2025-04-12 | 저에요 ㅠㅠ
_jeonghwa_ | 2025-04-12 | 귀여우셔라 ㅋㅋㅋㅋㅋㅋ
zob612 | 2025-04-13 | 누룽지백숙 너무 맛있어 보여요~😍 압력밥솥에 하면 끓어 넘치지는 않나요?
ydh5386 | 2025-04-13 | 저도요
jaewonnnnny | 2025-04-13 | 전 그정도 아니지만, 먹고 싶은거 못 먹어도 소아비만 이었음.😂
ourano_sticky | 2025-04-13 | 전 저한테 맛잇는걸 먹어야 변이 잘나오고 사람들이 맛잇다는 음식을 먹으면 저에겐 안맞거나 안땡기는 음식이라 3일 내내 변비에 시달려요 저도 먹고 싶은거 좋아하는걸 먹어야 괜찮더라구요 ..
_1hx.en | 2025-04-13 | 전 아프진않고 울어요
yee0_lin | 2025-04-13 | 난 어렸을 때 배불러도 계속 먹어서 소화제 달고 살고 매번 토해서 많이 혼났었음 물론 지금은 고쳐짐
gangyongseong941 | 2025-04-13 | 식충
kkokkopd | 2025-04-13 | 👏❤️
xowoane | 2025-04-13 | 저도에요 장염걸릴때
hellolee420 | 2025-04-13 | 양파분말은 아무거나 써도 되나요?
oursunshine.days | 2025-04-13 | @lovely_yun_82 헐 너아님?
an_emotional_egg27 | 2025-04-13 | 엇...접니다언니..
_stunninglife | 2025-04-13 | 전 음식은 아닌데,하고싶은거 안하면 시름시름 앓아요😂😂
z._.xin1661 | 2025-04-13 | 이사장님 곤약회 만들어 주세여
tlsalswjd3000 | 2025-04-13 | 저도어릴때진짜식탐때문에힘들었어요 ㅋ 먹는거보면진심이였거든요
yoonhyet | 2025-04-13 | 저 예전에 밤에 배고프면 엄마가 못먹게했는데 시위하듯이 화장실가서 수돗물 보란듯이 먹었어요ㅋㅋㅋㅋㅋㅋㅋㅋㅋㅋㅋㅋㅋㅋㅋㅋㅋㅋㅋㅋㅋㅋ
baba_ove | 2025-04-13 | 나는 아플때 먹고싶은거 먹으면 빨리낳전데
only.joohyun | 2025-04-14 | 고수 닭갈비 알죠 전북대가 본점 이에요 저도 좋아해요 😍😍
smile.jina | 2025-04-14 | 저희엄마도 먹고싶은거 못먹으면 아프다고 먹고싶은건 참지말라고 하셨어요 ㅋㅋㅋ
homecatch_official | 2025-04-14 | 누룽지 백숙 비주얼 미쳤다리 닭다리 뜯는거 보고 닭사러 갑니다😂
seungujin1 | 2025-04-14 | 와 씨 나도족발 못 먹어서 1일동안 아팠는데
sun.ny.uy | 2025-04-14 | 다이어트 한답시고 저녁 안먹고자면 가위눌려요. 😬😬
_chang_hee_ | 2025-04-15 | 와 제 얘기인줄..저도 먹고싶은거 못먹으면 엄청 크게 아파요ㅠㅠ 저희 가족들은 다 아는데 모르는 사람들은 그건 무슨 논리냐며ㅋㅋ항상 아프면 병원갔다가 그 음식사준다는데 이미 입맛없어져서 못먹고ㅠㅠ 지금에서 하는 말인데 식탐이 아니라 몸이 안좋아지면서 뭔가가 막 땡기는거 아닌가..하고 혼자 위로를ㅋㅋ40넘어도 그래서 꼭먹어요ㅋ
imeunsu8666 | 2025-04-15 | 전북대 고수닭갈비…👏
minahn88 | 2025-04-17 | 아프니까 먹고싶은게 생기는거 아닐까요? 몸이 필요한거 땡기는거 아닐까요?
yoonbivip | 2025-04-19 | 식탐인가 아플때쯤되면 먹고싶은게 막생겨요 먹고나믄 아파요
jx.m_14 | 2025-04-20 | 전 장염 걸렸었을 때 차돌 된장찌개가 미치도록 먹고싶어서 더 아팠어요 심지어 죽 까지 된장찌개로 보임
eden_1234569 | 2025-04-20 | 와......나돈데.....
_bbang_se | 2025-04-21 | 헉 고수닭갈비..ㅋㅋㅋㅋㅋㅋ 저 거기서 3년알바했는데 ㅎㅎ
baeyool_1223 | 2025-04-22 | 전 제가 먹고 싶은 과자가 주변에 없으면 다른 지역까지 가서 어떻게든 찾아옵니다
byeon_2009 | 2025-04-24 | 전 늘 주는대로 많이먹어서 지금 초고도비만인ㅂ대ㅎ
sohhhyyyun | 2025-04-25 | 어 ㅠㅠ 저두 그래요 못먹으면 아파서 앓아누워요 ㅍㅍ
sifocur | 2025-04-26 | 윤석열 닮았어요
rkdxodn11 | 2025-04-26 | 순간 처음 먹는거 쥐인줄 ㅋㅋ
pjhpopo | 2025-04-27 | 저는 먹고싶다하면 엄마가 바로바로 해주셔서 ㅎㅎ
sober_tipsy_wasted | 2025-05-02 | 스마일잠옷ㅋㅋㅋㅋㅋ 저랑 똑같은거라 친밀감 느꺄지네요 😂😂
raphael_98920000 | 2025-05-02 | 저도 그랬어요 초등학생 3학년때 열이났는데 치킨먹으니까 열이 내려감요
ga_r0_0115 | 2025-05-04 | 그럼 어떻게 살 빼신 거예요??
hyolnii | 2025-05-05 | 엄빠한테 너무나 많은 맛을 배워서 유딩때부터 내장탕에 설렁탕에 아구찜 해장국 다 먹고 다녔네요ㅜ
jeongsiyul68 | 2025-05-06 | 냉면 먹고싶으면 무조건 먹어야돼요😂
yebom_jeon | 2025-05-06 | 언니 팔에 상처 뭐에요..??😢😢
hyun_young_tea | 2025-05-15 | 안주면 알아서 사옴니다…………..
_.sweetblue | 2025-05-19 | 17기 옥순님 닮으셨어여
kim_satto33 | 2025-05-23 | 빅맘이다.
imeunseong166 | 2025-05-25 | 5학년땐 심했는데 요즘은 식탐이 별로없음
u.__.ha | 2025-05-26 | 17기옥순님 닮았어요❤️
맛나겠어용 ㅠㅠ
ye23_03on | 2025-06-04 | 공감...입니다
gekomommom | 2025-06-05 | 꼭 먹고싶운거.. 내 몸이 바라는 영양소…😂 그래서 아팠나봐요
do_hoon12 | 2025-06-05 | 기영이 인것 같아요
yoonhi_0520 | 2025-06-08 | 전 오빠랑 서로 뺏고 뺏기는 전쟁이 이어졌는데 이때 엄마가 먹는걸로 싸울때마다 오빠편 들더라구요ㅡㅡ
inmoonhj | 2025-06-08 | 할머니가 오빠랑 편애하심서 제 입에 들어가는건 아까워 하셨어요. 반발심인지 오빠보다 하나라도 더 먹으려 했어요(?)
sysysy0122 | 2025-06-10 | 몸은 안아픈데 못먹으면 성질이 더러..... 😂
roa_kook | 2025-06-11 | @ssdcafe 오빠 로아도 마음 상하면 열나는게 진짜 맞을수도 잇겟는걸
so_yul.13102 | 2025-06-17 | 저욤 ㅎ
hyeon._ju14 | 2025-06-18 | 저 초5에 키150 몸무게38인데..많이 머거서 몸무게 40딱 찍었다 내려옴
eodeumin5 | 2025-06-19 | 기영이 닮으셨네요
han.sthetics | 2025-06-20 | 19 옥순..?
byeonyuna955 | 2025-07-03 | 이사장님!!어릴때 빠니보틀님 닮았어요!!
zoi_.27 | 2025-07-12 | 전 자주 아팠는데 아플 때 땡기는 음식을 못먹으면 낫지를 않아요.. ㅋㅋㅋㅌ ㅠㅜ 먹고싶었던걸 먹으면 이상하게 바로 나아서 아플 때는 먹고싶은 음식을 늘 사주시는..
kimchigimbap1284 | 2025-07-14 | ㅇㅈ요.. 밥 안먹으면 위아프고 몸아프고 스트레스까지...
unilucid | 2025-07-14 | 평소에 식욕이랄 게 없는 편인데 가끔 머릿속에 불현듯 스치는 음식을 못 먹으면 몸이 아프더라고요~ 커서는 몸에 부족한 영양소가 들어있는 음식을 떠올리는 게 아닌가 생각했답니다...
soonkong86 | 2025-07-14 | 제가 그래요..미치게 먹고싶은거 못먹음 아파요😂😂
sponge.bob63 | 2025-07-15 | 근데..얄밉게 날씬하심.. 부럽..
idnu_e | 2025-07-15 | 아 삼계탕 먹고 싶다
thtladl55 | 2025-07-16 | 아..그게 식탐이었군요 그냥 몸이 약한거거나 고집이 쎄서 그렇구나했어요
uvwifgbw | 2025-07-19 | 2살에 족발 뼈 잡고 뜯었습니다
skz_stay_love0111 | 2025-07-23 | 저는 엄마가 굶어도 저는 먹였는데 살도 안찌고 키도 안커서 걱정이래요 ❤️❤️
gugyomyeong2 | 2025-07-23 | 우리형은 뭐먹고싶은거 못먹으면 내일 입찢어짐
mn.hax0 | 2025-07-26 | 전주사람이신가요??"
2025-04-11,1420,아이스크림 꼬다리에 플라스틱 고깔 씌워져있던거 혹시 한번도 본 적 없으신 분..? 저 진짜 그 이야기 듣고 충격먹었잖아욬ㅋㅋㅋㅋㅋㅋ 과자는 코스트코에서 산 제품인데 쿠팡이나 인터넷에도 팔더라구요! 오 근데 초콜릿이 입에서 겉도는 맛이 아니라 꽤나 맛있어서 보니깐 커버춰초콜릿이 쓰였구나..! 좋아하는 아이스크림 위에 얹어서 한 입씩 쏙쏙 넣으면 극락……….. 제품명: chocconi (초코니) 중량: 397g 가격: 16180원 (쿠팡 최상단 기준) 15주,"#간식추천, #코스트코","yalan12418 | 2025-04-11 | 와.., 꼬다리 과자 먹을 때마다 아이스크림이 없어서 아쉬웠는데... 언니 역시 천재 😍
everyday_3016 | 2025-04-11 | 우와!! 꼬다리 과자가 있다니!! 초코 덕후로써 꼭 구매 하러 가야 겠어여😍
yeseul0410 | 2025-04-11 | 언니 오늘 따라 왜이렇게 흥분했어~❤️
jiwo_oya | 2025-04-11 | 저희집에서 저 꼬다리 과자 있어요ㅋㅋㅋㅋㅋ
z._.xin1661 | 2025-04-11 | 그거 비슷한 도라에몽 꼬다리 과자 같은것도 맛있어요
dkkd3382 | 2025-04-11 | 헐헐 사봐야겟어유...
olxyee_ | 2025-06-27 | 아니... 나 12년생인데 플라스틱 꼬다리 있는거 아는게 맞는거임?
v_for_g | 2025-04-13 | 이거 베라에서도 나와서 ㅋㅋ 편의점에서도 사실 수 있어여 ㅋㅋ
honghong_da84 | 2025-04-11 | 나도나도 알쥐😂
saythename_prettyu | 2025-04-11 | 맞아요 마지막 플라스틱!! 치아로 앙물면 뭉개지고 더 물면 약간 깨지고 그럴때 초코꼬다리 딱 꺼내먹음ㅋㅋㅋ 좀 녹아서 초콜릿이 플라스틱에 묻기도하고ㅋㅋㅋㅋ
dxny2_ | 2025-04-13 | 저거 진짜 맛있어요!!!엄청 단 초코가아니라서 넘 조아용!
rhythmizm | 2025-04-12 | 플라스틱 이전에 우표처럼 생긴 야구카드 모으는 재미도 쏠쏠했죠 ^^ 선동렬 박철순 김봉연 김우열 신경식 뽑기 덴장힘들었는데 ㅋ해태 OB뽑기가 가장 힘든 부라보콘 카드안에 싸인까지 있어서 너무 좋았던 기억이 있네요
eternity_0179 | 2025-04-12 | 느릅나무물 해주세요요요👏
rlacodms_koam13 | 2025-05-21 | 저만 밑에있는 초코 안 먹나요?
pas_ture117 | 2025-04-11 | @gyul_ling 헐 콘아이스크림 꼭다리 플라스틱 추억돋는다
epp671cx | 2025-04-12 | 플라스틱에 콘꼬다리 껴서 안나오면 이로 와구와구 씹어서 ㅋㅋㅋㅋ털어먹억는데
imhyiseob38 | 2025-04-12 | ""천재는 보법부터 다르다""
uuee14y | 2025-04-11 | 월드콘 끝트머리를 뺏겨여?.. 전투력이 약하시군
kimjihyo299 | 2025-06-23 | 전 꼬다리 젤루 싫어해요..
xeo_yxn12 | 2025-04-12 | 언니 나 디엠으로도 보냈는데 아사이볼 안될까?
happysh85 | 2025-04-13 | 전 제일 짜증날 때 가 콘 전체가 눅눅할. 때😢
un.ji__ | 2025-04-29 | @ji.jn__
_mmlleook_ | 2025-04-12 | 엇 나도 사야겟다🔥🔥🔥
joondell417428 | 2025-04-11 | 가면 갈수록 나랑 나이 비슷할 것 같애
hia_pril | 2025-04-19 | 요맘때콘 진짜짱맛 ㅜ
_hahan_iii | 2025-04-13 | 저거 진짜 7ㅐㅐㅐㅐㅐㅐㅐ맛있어욕!!!ㅜㅋㅋㅋㅋㅋㅋㅋㅋㅋㅋ다만 저거 사면 계속먹게되서 살 겁나쪄요..
an_emotional_egg27 | 2025-04-15 | 언니,월드콘이죠"
2025-04-10,1540,‘달콤한 순두부= 호 vs 불호‘ 어떤 취향이십니까?! 어느 지역에선 콩국수에 설탕을 넣어 먹는 곳도 있다는데 저는 콩국수엔 무조건 소금파거든요?! 근데 오우 이거는.. 달콤한 두부인데 꽤나 괜찮아ㄷㄷ 필리핀가서 실제로 드셔보신 분 계신가요? 15주,"#필리핀, #베이킹, #간식","jjiwoo.pyo.jj | 2025-04-13 | 아 이거 저번에 공차에서 팔더라구요!!연두부, 순두부 러버인 저는 완전 만족...
imhyiseob38 | 2025-04-10 | 맛있겠다 흑당 순두부티(?)
z._.xin1661 | 2025-04-10 | 맛있어보인다...?ㅋㅋ 먹어보고싶다다다닫
jay_aa77 | 2025-04-10 | 저거 필리핀에서 사먹어봤는데 그냥 뜨뜻한 연두부에 시럽탄맛..... 저는 너무 별로 였어요😂
rune_1030 | 2025-04-12 | 저거 처음에는 잉?이라고 생각하는데 진짜 생각보다 괜찮아서 좋아요😍
minsss.25 | 2025-04-14 | 모찌리도후..? 같은거네요..?
j_a_n_e94 | 2025-04-11 | 이사장님이 먼저 했어야됬는데 요즘 공차에 나온단말이예요😢
hyoeun._.719 | 2025-04-10 | 약간 구수한 푸딩? 느낌일 것 같아서 맛있어 보여요🤩
kimjungyoon16 | 2025-04-10 | 처음에 간장인줄ㅋㅋㅋ
lovelyhyun_zzang | 2025-04-11 | 저는 콩국수에 설탕이 취향임다
sung_eun_p | 2025-04-21 | 공차 또우화..
u_rg.2 | 2025-04-10 | 저거 또우화라고 해서 공차에서 팔고 있어요
epp671cx | 2025-04-12 | 이거 공차에 비슷한 메뉴 잇어요!! 존맛
deniele88 | 2025-04-20 | @chaeunhaa___000 최애
sandyurdhva | 2025-07-26 | 따호 맛있어여
2tamiiiii | 2025-04-11 | 이거 공차메뉴도있지않나요! 자주 먹는 메뉸데 대존맛
dear_zio | 2025-04-11 | 공차 두부 시리즈 아닌가요ㅋㅋㅋㅋ 흑당 두부 밀크
j_sooori_ | 2025-04-12 | @gksdyd32 세부 두번째 숙소에서 내가 먹었던 그거다!
xsuzs_ | 2025-04-13 | 옛날 영상 아닌가..
uuee14y | 2025-04-10 | 망고쥬스 만들어 먹어주세요
goldsuq_ | 2025-04-27 | @jeon_unni_ ...🫰🏻
tthefiel | 2025-04-11 | 연두부하면 고소하고 비린내 덜나는데 순두부는 확실히 비린내나용"
2025-04-09,2.2만,아프리카에서 직접 먹고왔습니다!! 흰색의 전분 덩어리를 나라마다 부르는 이름과 재료가 다르더라구요?! 알고보니깐 제가 봤던 먹방 영상에서 나왔던건 푸푸였던 것 같아요! 하지만 아프리카에 직접 가서 먹었다는 것 자체가 너무 좋었어요🥹 실제로 푸푸나 시마 드셔보신 분~?! 15주,,"yeseul_soph_kim | 2025-04-09 | 푸푸(fufu)랑 다른 건가요?? 에그시 수프 이런 거랑 먹으면 진짜 끝장 나던데
minn_xiz | 2025-04-09 | 완전 쫀득해보여요!! 꿀꺽
yunjee.k | 2025-04-09 | 아프리카티비 주식 ㅋㅋㅋㅋㅋㅋㅋ
z._.xin1661 | 2025-04-09 | 오 제육이랑 먹으면 맛잇게따타ㅏ 이사장님 저 서울에서 뵈요! 기억해주셔여?!
yoowaterjin | 2025-04-09 | ❤️
imhyiseob38 | 2025-04-09 | 역시 손맛이 채고!!
shaneeeee_hk | 2025-04-09 | 진짜요???????
soohyun0406 | 2025-04-09 | ❤️
paldobibim | 2025-06-21 | 비스밀라
youngkip.94 | 2025-04-12 | 비스밀라 외치고 먹어야됩니다
farfreehigh | 2025-04-10 | 비스밀라! (이러던데😂)
r._.onoff | 2025-04-11 | 안그래도 저 음식 너무 맛있어 보여서 이름이 궁금했는데ㅜㅜ감사합니다
sihunjeong0630 | 2025-07-15 | 저 영상에서 자꾸 저거 한 다음에 미스밀라~ 이러는데
9sbums.kuku | 2025-04-09 | 지금 탄자니아에서 살고 있는데. 여기선 우갈리라고 합니다! 맛은! 없습니다!!..^^😂😂
_minku | 2025-06-14 | @_easy.official 나 말라위에서 먹었던거! 말라위에서는 시마라고 부름ㅋㅋㅋㅋ 솔찌키 맛없는데 배고파서 먹어야함ㅜ
zoa373 | 2025-04-10 | 😍우와 신기해요
soul_jang | 2025-04-09 | 진짜 맛있어보인다
ma_chimnae12 | 2025-04-09 | ㅋㅋㅋㅋㅋㅋ 진짜 주식나온거 웃겨요
ky1754_13 | 2025-04-10 | 디스밀락
gnabhawag | 2025-04-09 | 기안84가 여자였으면 이분 같았으려나
jeongaaa_95 | 2025-04-09 | 전 아프리카 3번 다녀왔어요!
pizzariver | 2025-04-09 | 쫀득한거드시니꺄... 요즘유행하는 그.. 스티키뭐시기.. 코코넛가루랑 우유 섞어서 옥수수틀에 넣어 만드는 그거 해주세요..🤍
you__1_t | 2025-04-09 | 인간극장에서 예전에 조나단, 파트리샤 어머님이 저거 만드셨어요! 파트리샤양이 요리를 잘한다고 알고 있는데 남매랑 같이 콜라보 하셔도 좋을 거 같아요😍
imnot_kyunghwan | 2025-04-14 | 디스 밀라
dshwarmadan25 | 2025-04-12 | 영상에 따르면 냄비 부엌에 처던지고 비스밀라 외치고 물 한모금 방바닥에 처뱉고 먹어야하던데
tenichi00 | 2025-06-07 | 씹어먹는 게 아니라 삼키는 겁니다.
hunihoon0438 | 2025-04-09 | 케냐에서 염소고기랑 먹었어요! 😂
sxo.9n_ | 2025-04-09 | 얼굴 많이 타셨네요🤣🤣
hee.yaa._ | 2025-04-09 | 다봣다
inae.i | 2025-04-09 | 귀여워서 자꾸 보게됨
shee915 | 2025-04-09 | @hamcya3700 @miyoung5_20 하 나 진짜 거울보는거같네..
yeseul0410 | 2025-04-09 | 언니는 입맛에 안맞는 음식이 뭐야??
0young_min_son0 | 2025-04-09 | 맛도리 ❤️❤️
bagyeonggyun6064 | 2025-04-10 | 이거진짜 궁금해.....
0_0ning | 2025-04-10 | 우와 궁금하다 왠지 백설기랑 닭볶음탕 맛 날거같앜ㅋㅋㅋㅋㅋ
_oarsly | 2025-04-10 | 와진짜대단하닫 음식 전문가...
2_d0ngjun | 2025-04-10 | 헐 ㅋㅋㅋㅋ 이분들 영상 2년전부터 봤는데 ㅋㅋㅋㅋㅋㅋㅋㅋㅋㅋㅋ
choi__j_y | 2025-04-10 | @shh_____94 이거 나두 한참봤던건뎅..fufu...저거 전분은 안씹고 꼴딱 삼켜서 먹는데 궁금해요ㅋㅋ
jiu0122kim | 2025-04-10 | 😮
liui07101 | 2025-04-10 | 그냥 쌀로 만든 줄 알았는데 아니구나
skzftttlll | 2025-04-10 | 약간 백설기 맛 날것 같다
byeoriful | 2025-04-10 | 짐바브웨에서는 사자 ㅋㅋ 발음은 싸zㅏ 이런 느낌입니당🙌 짐바브웨 살 때 첨 먹어보고 저는 너무 맛없고 입맛에 안 맞아서 (종이가루 씹는 맛이라) 이게 뭔가 했는데 요즘은 종종 craving 오는 중독적인 맛 ㅋㅋ 짐바브웨는 삶은 케일이랑 고기스튜랑 같이 먹어요
bcdzz1 | 2025-04-10 | 근데 아프리카인 되신거 같아요
hyunah.0517 | 2025-04-11 | 저는 나이지리아에서 저거 저 외국인들이먹는 거 똑같은거 먹어봤는데...못먹겠더라고요...입맛에 인 맞았어여... 그래도 다음번에 가면 다시 도전하려고요
k_minzzi_ | 2025-04-11 | 케냐에서 살다 왔는데. 케냐에선 우갈리라고 부릅니다. 맛은… 없습니다.
johnkim2040 | 2025-04-11 | 개밥 😂😂😂
k_haxm_u | 2025-04-11 | 저거 아빠 덕분에 먹어본 걸로 아는데 진짜 맛있어요!
seeyongpark | 2025-04-12 | 맛없다
she_n_mee | 2025-04-12 | 씹지도 않던데
dukmanlove | 2025-04-12 | 시마이
shyen.opk00 | 2025-04-13 | 이거 절대 씹지 말고 그냥 삼켜서 먹으라던데요
best._.garden | 2025-04-13 | 약간 그런거네 우리도 나라마다 밥을 부르는 명칭이 다른거처럼
한국 밥 일본 고항 중국 미판 베트남 콤
bagruhyi34 | 2025-04-13 | 카레에다 밥 찍어먹는줄 알았는데..
paint_makeup_artist | 2025-04-14 | 우갈리 케냐😍
justinah_world | 2025-04-15 | 비스밀라❤️
jjjjeeeee0110 | 2025-04-18 | 저욧 !! 되게 시큼했어요 저는 ... 쫀득하고 맛있을 줄 알았던 😂
daejin20 | 2025-04-20 | 진짜 맛이 궁금하네요
girl_gorgeous_yorkshire | 2025-04-21 | 먹고싶지 않다
graceeah | 2025-04-21 | 우와궁금하다
ekehrdhkd | 2025-04-22 | 이분 제티 타먹었던 사람인가요
choihojun220726 | 2025-04-23 | 😮
jx_s00_3 | 2025-04-26 | 저거 먹방 볼때마다 안씹고 걍 넘기던데 현지도 그렇게 먹었나요??
manjun_1017 | 2025-04-26 | 리스밀라~
raerae.cho | 2025-04-30 | 예전에 아프리카 친구들 모임가서 몇번 먹어봤는데… 맛이 없어요. 아무 맛이 없어요. 개인적인 생각인데.. 식감이 떡도 아니고 독특합니다. 한국인이 쉽게 좋아할 맛은 아닌거 같아요..
jihwan_11p | 2025-04-30 | 비스밀라
yang1004man | 2025-05-01 | 솔직히 맛있진않음. 뭐랄가 무척 질은 떡먹는맛이랄까. 진밥좋아라하시는분들은 거부감이 덜한데 첨 먹을땐 식감이 싱기함
그리고 마니 주물러야 수분이 날아가서 손에 덜묻고 되게 뜨거움.
영상속에 김올라오는게 갠히 그런게 아님
yang1004man | 2025-05-01 | 그리고 아프리카 쪽이 조미료로 카레가루를 많이쓰는거 같았음
잠비아쪽만 그런지는 몰라도 대체로 굽거나 기름에 볶는식의 조리가 많고 소금 후추 아니면 카레가루임.
ultrakunta | 2025-05-02 | 20년전 잠비아 갔을때 먹어봤는데 한번 먹고 이게 무슨맛인가 하고 두번은 안 먹었었던…
_hu.nyr | 2025-05-06 | 미쓰밀람
sung.ha_00 | 2025-05-07 | 와 짱맛잇겟다...
hois312 | 2025-05-08 | 영상에나오는 손으로먹는 거는 푸푸입니다
santa_river_ | 2025-05-10 | 우갈리🤍
j__o.ha | 2025-05-13 | 푸푸인줄 알았어요! ㅎㅎ 푸푸는 씹어먺지 않아요! ㅎㅎ 근데 시마는 들어봤지만 먹어본적은 없네여 ㅎㅎ
myboyy6576 | 2025-05-17 | 제가 우간다갔을때는 현지인들이 뽀쇼라고 부르던데요..!
highrself_ | 2025-05-18 | 와 이거 진짜 궁금했던건데!ㅌㅋㅋㅋㅋ
wkfrkrph | 2025-05-19 | 우와 봉사활동 가신건가요? 선한 영향력 너무 멋져요!! 응원합니다💕💕
2ssango | 2025-05-21 | 아프리카 x 나라이름 o
junseo7351 | 2025-05-22 | 마찰라
backo1550 | 2025-05-25 | 그냥 막으면 안되여~~~ 비스밀라!!!!
안 그러면 동영상 남자가 화냄 ㅎㅎㅎㅎ
injeong.choi | 2025-05-26 | 백설기 같아 보여요 ㅋ
two_fee1 | 2025-05-30 | 폴렌타 랑 거진 비슷하네... 진짜 맛있게먹었는데 ㅎㅎ 굳으면 칼로 썰어서 구워먹어도 되고 페이져웅이랑 같이 먹으면 그날 생일임 ㅠㅠ
boksanghyeog | 2025-06-03 | 제가 아는 그 어흥 하는 사자를 넣어 먹나요;;?
esther_1987_ | 2025-06-03 | 우갈리….맛없.. 탄자니아에서는 그랬는데 다른데는 맛있나보네요😂
goldhands_sister | 2025-06-22 | 와,저저거너무궁금해서챗지피티물어보고했는데진짜!대박ㅋㅋㅋ식감어때여?저외국동영상분들은안씹고삼키든뎅ㅎ
jujubee._.00 | 2025-06-22 | 와시 우갈리 오랜만이다 저 이번에 탄자니아 가는데 2년반엔 먹어 볼까? 탄자니아 에서 14년 을 썩었지만... 흠... 않먹어 야발.
patrick_jdi | 2025-07-15 | Fufu
anan891005 | 2025-07-19 | 인도보다 위생적인거같아
dohwa0604 | 2025-07-20 | 주식하고 정색하는게 너무 귀엽고 웃기네 ㅋㅋㅋㅋㅋㅋ
imax0527 | 2025-07-20 | 삐쓰말롸!
ttyngsd | 2025-07-27 | 반찬은 무슨맛일까요 신기합니다"
2025-04-08,4.7만,"(레시피 저장 필수) 연어 미친자들이 먹으면.. 눈 돌아가는 맛이랄까요? 연어 좋아하시는 분들?!! 진짜 꼭꼭 만들어 드셔보세요! 연어+스리라차+불닭 소스가 연어랑 너무 잘 어울리는데 불닭소스는 빠져도 맛있어요! 근데 마요+스리라차는 꼭 넣으시라는거🥹 <레시피> -재료:연어 400g, 마요네즈 3큰술, 스리라차 2큰술 (+불닭 1큰술은 선택), 날치알 3큰술 <만드는 법> 1. 연어를 한 입 크기로 큼직하게 썬다. (입이 꽉 찰정도로 큼직하게 써는 것 추천) 2. 마요, 스리라차(불닭은 선택), 날치알, 연어를 버무리면 완성! 3. 단촛물 섞은 밥이랑 같이 김에 싸서 먹으면 기절해요..기절 수정됨 · 15주",,"k__hyunah30 | 2025-05-25 | 날치알은 저대로 넣으면 비려요! 비린거 시러하시는분들은 해동해서 먹어야해요 날치알을 물에 잠길정도만 담그고 맛술 조금 넣어서 5분~10분 특유 비린내가 ㅈㅔ거되는데 그럼 더 맛있어용👍
ye_eun1407 | 2025-04-08 | 우왕 2분전!! 연어 소스별 먹방 다시해주시면 안댈까여…
o_new_world__ | 2025-04-08 | 어후 당신은 천재입니다 최고야 진짜ㅠㅠ👍👍👍🩷
min._.seo605 | 2025-04-08 | 예쁜 언니! 이걸로 덮밥 만들어서 먹어줘용 ㅠ
s.jxn_12 | 2025-04-08 | 와.. 진짜 저는 이사장님이 드시는거면 다맛있어보여요… 연어 먹방 또해주세요!!
chillchunja | 2025-04-08 | 헉... 진짜 천재세요?
carat_sj0627 | 2025-05-05 | 언니 왜 핸드폰으로 연어먹방 검색할 때 배터리가 왜 6%야...?
imhyiseob38 | 2025-04-08 | 브루주아...... 돈 마니 벌어서 먹어야겠다
yw._.ips | 2025-04-08 | 거기에 스리라차마요말고 불닭마요 넣으면 맛있을거같아요
yoonwoo_bba | 2025-04-09 | 어 이거 북미 일식집에서 흔히 보는 카미카제롤(스파이시연어롤) 레시피에요. 안에 바삭한 튀김가루를 같이 섞어서 먹으면 바삭한 식감도 있어서 더 맛있어요.
elf__.dh | 2025-04-15 | 날치알 봉지채로 그냥 넣으면되나ටㅕ?!
_mango_and_potato_ | 2025-07-10 | @soomly__ 금요일에 ㄱ?
ddowoo_oowobb | 2025-04-09 | @uhgnoej 이건?
silverjin310 | 2025-04-10 | @_amazinnnnn 같이 먹고싶다 이런스탈은 어때
z._.xin1661 | 2025-04-08 | 김치전....
x.yj004 | 2025-04-09 | 연어 러버는 오늘 배고픕니다::((
y0.0ung__ | 2025-04-11 | @g__x.juuuu.b
h__ny_94 | 2025-04-10 | @__yong_93 해줘해줘해줘해줘러어어어
gh_kcy | 2025-04-09 | @foranewwave 장바구니들고 1시간거리 이마트가야겠다
dejenny_ | 2025-05-04 | @areum_ann_lee
iesnoy_song | 2025-04-25 | @davidk1147
yejin__0330 | 2025-04-11 | @sehyung9854 마싯겟당
k.bojjang | 2025-04-08 | @seongtaemoon
sso_jm | 2025-04-09 | @bh45609
miinghwa | 2025-07-26 | @bedoc_timeline
seol2seoa_papa | 2025-04-10 | @yeong__mii
12.13.kr | 2025-04-08 | ㄹㅇ 불닭소스 조금 넣는 게 킥인데 그걸 아시다니 ㄷㄷ
j_bosun | 2025-04-08 | 감기 빨리 나으세요🙌
now._.here___ | 2025-04-08 | @you_ni_02 윤이 맞춤 레시피아냐?
_fdhd00 | 2025-04-09 | 와 나 왜 이게 새벽에 뜬거지..? 와...
rhythmizm | 2025-04-09 | 초밥집 연어소스장 이렇게 나옴
ddu_humor | 2025-04-09 | 어후 보는데 침고이네용
artixen_one | 2025-04-09 | 김 정보 좀 알려쥬세요 ,,!!!!!!!!!
user_lr0ver | 2025-04-09 | 이 영상보고 쌍수 붓기 풀리신 분인줄알았는데 원래 쌍커풀이 있으시네요? 영상 옛날에 많이 봤었는데 그거 하나 눈치 못챘다니 신기해요 ㅋㅋㅋ 앞으로 영상 많이 볼게요!
zerossujin | 2025-04-09 | 연어를 좋아하지만 마요네즈를 싫어함(참치마요 만 제외)
ray02038 | 2025-04-09 | 진짜 언니 얼굴로 나라구한 언니 ㅣㅣㅣㅣㅣ 취두부에다가 연어 먹어바ㅏㅏ 맛없는거+맛있는거 오때오때??
hellobohyun | 2025-04-09 | @mihyun_94 해먹쟈
hajinsong0211 | 2025-04-09 | 이걸로 샐러드해서 먹어도 맛있고 포케해서 먹어도 맛있어용
kkokkopd | 2025-04-09 | 와 이건 꼭 먹어야겠다 메모!📝
d0_bix | 2025-04-10 | 참으로 야무지게드시는구만😂😍
hyunnn2y_vv | 2025-04-10 | @fyd_fyd_
reyofright | 2025-04-10 | 연어에 스리라차마요면....당장 먹어봐야겠다!
yxxejxxu | 2025-04-10 | 언니감기걸렸어여??
djfree412 | 2025-04-10 | 양파.... 양파...... 양파
hair__eun2 | 2025-04-11 | 와 이건 찐이다
byenni__ | 2025-04-11 | 저 김은 모에요..
ahjung711 | 2025-04-12 | @jieu_n.n
_________1215 | 2025-04-13 | @beome89
bagsua252 | 2025-04-14 | 저거 먹을래요 아님 와사비 간장 먹을래요?
_shinyjeong_ | 2025-04-16 | @v.iol_t 뭔데 맛있어보이냐
foodnsierra | 2025-04-17 | 포케잖아 포케
caeyun_823 | 2025-04-17 | 스리라차소스가 없네요 ㅠㅠ~!!
bageltongue | 2025-04-21 | 너무맛있어보여요
_soomny_ | 2025-04-21 | @kkk.r_r 개마싯겟다
chipichipichapachapa0124 | 2025-04-22 | 젼언니황
jiyesori | 2025-04-28 | @yeechanmaeng
jiyesori | 2025-04-28 | @choco._.16_
suoegrog._ | 2025-04-28 | @mnmmmmm_s 마시ㅛ게따
__siia_2 | 2025-04-29 | @mina_444425
jih_li | 2025-05-01 | 무슨 김이에요?
n.eonx | 2025-05-01 | 와 언니 연어 조와하나봐 난 알러지땜시 못먹어두 대리먹방해줘서 고마웡♡
haniizzu | 2025-05-02 | @zzu.o3o
ssussu_real | 2025-05-03 | 연어맛보실때....목젖까지 주르르륵 들어가는거같애요 ㅋㅋㅋㅋㅋㅋㅋㅋ
todayz_yourm | 2025-05-04 | @jinyeoon
h_y_e_o_n_2_ | 2025-05-05 | @_endearim ㄱ?
kkkkkkk_yeonjun | 2025-05-07 | @suuum_kiki
__10n7 | 2025-05-08 | 이거 아마도 연어깍두기? 그런걸껄요??
reuvnr | 2025-05-10 | 와 연어 한입 쏘옥 하고 싶네~
su._m94 | 2025-05-11 | @ssosso_vely
hj.131517 | 2025-05-11 | @mm_970111
son._.juhee | 2025-05-12 | @seong__ha_
_twinkletwinklewisely | 2025-05-13 | 불닭마요 넣고 비빔 맛있겠당
chhleee_ | 2025-05-14 | @blossom_eunbi @lovely._.jinsun 이거 해보고파...ㅋㅋㅋ
jh___h__0 | 2025-05-16 | @jjihyeonuu
hanjinhwa_ | 2025-05-17 | @jaemin.bag
y_b_9608 | 2025-05-18 | @j_chee96
nn0nn0nnn | 2025-05-21 | @hmp.miiin
l_sohee | 2025-05-22 | @subeom_ 먹어보까...
h.n121020 | 2025-05-29 | 한국인은 역시 불닭소스.!!!!><
h.n121020 | 2025-05-29 | 맛있겠당....
h.n121020 | 2025-05-29 | 츄릅.........
hdodidhevdkdjbd | 2025-05-29 | 님이 연어깍두기유행시킴?
bunnunng | 2025-05-30 | @0212_winter 오늘 우리(내)가 먹을꺼
nabii_.h | 2025-06-02 | 7주 전
dbwls3377 | 2025-06-05 | 😍😍😍우와 @ddjj004 연어사오자
pakyo_hyekyo | 2025-06-08 | @kyj1101
jeongbanchan | 2025-06-10 | 무조건 해먹을거애여 !!!!!!!
syhan486 | 2025-06-12 | @901211s
katkohee | 2025-06-12 | 아 배고파졌어여 책임져잇!(?)
bom_yi_m | 2025-06-15 | @kwak.47
yem__j | 2025-06-17 | @ssiayeah
eunjoo_9547 | 2025-06-19 | @jeong389 해줘👏
p_sangmi81 | 2025-07-06 | 와 저는 정석레시피로해먹었는데 초대리밥이 킥일거같아요😍 담엔 초대리밥에 올려서 먹어봐야겠어요 감사합니다❤️
kimi_sensitive_girl | 2025-07-11 | 아이올리 마요네즈로 하면 더맛있어요 맵게 드시려면 불닭마요짱"
2025-04-07,8237,"실제로 필리핀에 가서 드셔보신 적 있으신 분?!(레시피⬇️) 이름이 너무 수상하길래 이상한게(?) 아닐까 의심했는데 오우우 살짝 달달한것이.. 식혜 같기도 하고 약간 고급스러운 맛도 나곸ㅋㅋㅋㅋㅋㅋ 의외로 쭉쭉 들어가요!! 젤리는 크게 써는 것 보다 아주 잘게 조사서 마실 때 술술 넘어가게 하는게 맛있더라구여ㅎㅎ <재료> -젤리:한천가루 or젤라틴 24g, 설탕 1컵, 물 4컵 -액체:설탕 500g, 물 4L, 바나나에센스 <만드는 법> 1. 젤리에 들어가는 재료를 잘 섞은 후 약불에 끓인다. (만약 한천 대신 젤라틴을 사용할 경우엔 불리는 과정이 필요하다.) 2. 젤리가 약하게 끓어오르면 불을 끄고, 용기에 넣어 식힌다. 3. 젤리가 식으로 칼로 작게 썰어준다. 4. 액체에 들어가는 모든 재료를 섞은 후 얼음과 젤리를 넣어 시원하게 마시면 끝! 수정됨 · 15주","#매직워터, #magicwater, #레시피","3.14_ms | 2025-04-09 | 그..솔직히 말씀드리면 그리가 편의점에서 사먹는 음료 조합다 다 저조합이에요 정제수..설탕..향료 끝 ㅋ
z._.xin1661 | 2025-04-07 | 왜 맛있ㅇ어 보이지?ㅋㅋ 저도 한잔 부탁 합니다!!ㅋㅋ
everyday_3016 | 2025-04-07 | 언니가 만드셔서 그런지 먹고 싶어지는 ㅋㅋㅋㅋㅌㅌ 언니 저 한잔만 주세여❤️
sonwoohyun__ | 2025-05-03 | 이야ㅑㅑㅑ 맛잇것다ㅓㅜㅜㅜㅜㅜㅜㅜㅜㅜㅜㅜㅜ
x.yj004 | 2025-04-07 | 딱 한입만 먹구싶다ㅋㅋ🫠
boggeunang | 2025-04-07 | 제가 만들면 물에 바나나 넣은 맛일 것 같은데 이사쟝님이 만드신 거면 저 2리터도 마실 것 같아요 ,, 🫣💗
pes151109 | 2025-04-08 | 엄청시원해보여요
podo.im | 2025-05-26 | 설탕을 들이부었는데 맛이 없을리가ㅋ
hyemin._.921 | 2025-04-08 | 헐 저 출렁이는거 제 뱃살인데요..?!
eat.withcat | 2025-04-07 | 바나나향 설탕 젤리물 ㅋㅋ
uuee14y | 2025-04-07 | 목소리 매력 터지네
pizzariver | 2025-04-09 | 정면 보며 섞을때 눈에 광기 너무 웃겨욬ㅋㅋㅋㅋㅋㅋㅋ
xeo_yxn12 | 2025-04-07 | 언니 이거로 젤리 푸딩 만들어줘여!
im.hyeju | 2025-05-26 | @willsoon_2 이거 필리핀 아이스티야...ㅎ 꽤 맛도리
itsmeeunchae | 2025-04-07 | @b_eunjin69 진짜 뜬금없이 배까는게 졸귀야 하......
jiyoon337 | 2025-05-08 | 언니이 나도 한잔만
tedchoi00 | 2025-04-08 | 당뇨익스프레스
thru_bu3 | 2025-04-09 | 바나나우유하니깐 생각나는데 우유랑 계란 노른자 설탕 석으서 마시면 바나나맛우유 그잡채
khanisrael134 | 2025-04-07 | ❤️❤️❤️
treetwaystay1290 | 2025-04-07 | 설탕을100kg넣었는데 맛이없을수가
_mmlleook_ | 2025-04-07 | 역시 실패란 없으신 사장님"
2025-04-05,384,"우리 얼굴 볼 날이 왔어요 왔어❤️‍🔥 단골님들이랑 만날 수 있는 날이 왔어요 ‘달콤살벌 속마음 레시피‘가 드디어 3권이 출판 된 기념으로 출판 사인회에 하게 되었습니다 ㅎㅎ 1권이 나왔을 때도 사인회를 했었잖아요? 저는 그땐 어린이 단골님들만 오실 수 알았는데 우리 어른 단골님들도 많이많이 오셔서 진짜 감동했었습니다 ㅠㅠㅠ 우리 이번에도 얼굴보고 인사해요❤️ - - - - - - - - - - - - - - - - - - 『이상한과자가게의 달콤 살벌 속마음 레시피 3』 출간 기념 오프라인 사인회에 초대합니다! 서점 오픈 시간은 오전 10시 30분 입니다. 매장 오픈과 함께 줄 서신 분들부터 차례로 입장해 주세요! 🥰 ⭐사인회 정보⭐ 🍡 장소 : 교보문고 영등포점 (타임스퀘어 멀티플렉스 2층) 🍡일시 : 4월 19일 (토) 오후 2시 🍡인원 : 선착순 100명 완벽하지 않아도 그대로 괜찮은 특별한 고민 레시피! 이상한과자가게, 마법 세계에서도 정상 영업합니다! 수정됨 · 16주","#사인회, #달콤살벌속마음레시피, #위즈덤하우스","z._.xin1661 | 2025-04-05 | 가고싶다ㅏ 저번에도 갔었는데 너무 이쁘셨어여ㅋㅋ ❤️❤️ 이번에도 가고 싶은데 못가네여ㅜㅜ
chanjae_ss0308 | 2025-04-05 | 헉...책 속에 있는 레시피가 궁금하네요 시간되면 가보고 싶습니다!!
sungho_0p | 2025-04-06 | 헐ㄹㄹㄹ 사랑한다구여❤️
soohyun0406 | 2025-04-06 | 이모 꼭 만나고 싶어요
everyday_3016 | 2025-04-05 | 언니 저두 갈래요!!!! 제발 되길!!!
soohyun0406 | 2025-04-06 | 😍😍😍😍😍😍
no_sori_en | 2025-04-06 | 꺄❤️❤️❤️
beti1963co | 2025-04-05 | 이사장님 넘 보고시픈데 시간이....😢 언젠간 이사장님 실물 볼수잇는 날 옴 조켓네용😍
xeo_yxn12 | 2025-04-06 | 저 책 갖고 싶어요오
kweonjaeho0904 | 2025-04-10 | 초록줄무늬귀염둥이라 하셨는데 저도 또 가겠습니다.
_mmlleook_ | 2025-04-05 | 우와"
2025-04-03,4143,무인도에 떨어졌을 때 마라탕 먹고 싶으면 어떻게하나 걱정 많이들 하셨죠??? 그런 걱정은 이제 끝입니다^^ 16주,#마라탕,"rami__0216 | 2025-04-04 | 누가봐도 이모티콘이 나무늘보님이랑 돼끼님 아니냐구요 ㅋㅋㅋ저 마라탕 키트 중국마트에 많이 보여서 궁금해가지고 사 먹었었는데 작년에 샀을땐 7500원정도였는데 가격이 올랐나 보군요..ㄷㄷ 가격이 좀 사악하고 맛도 좀 짠 느낌이 강해서 채소랑 고기 추가해서 먹었는데 그렇게 먹으니까 맛있긴 하더라구요! 칼칼하고 짭쪼롬한거 좋아하시면 추천!
everyday_3016 | 2025-04-03 | 우아 진짜 신기해여❤️밀키트 인가요??
dnjsjql615 | 2025-04-03 | 아시아 마트나 중국식료품점 가면 파나요??😮
sunflowero71 | 2025-04-26 | 저얇은면은이름이뭘까요??
xvcyuuuk | 2025-04-04 | ㅋㅋㅋㅋㅋ자본주의의맛~
soul_jang | 2025-04-03 | 왜냐면 싸지 않으니까~ ㅋㅋㅋㅋㅋ
isabelchicc | 2025-04-26 | 미세플라스틱이...ㅠㅠ
jungheego | 2025-05-25 | 몸에 너무 안좋을듯 ㅠㅠ 플라스틱용기에 저렇게ㅠㅠㅠ
minjoocretosbongpal | 2025-05-20 | 비상시마라탕
wkwldskk | 2025-05-20 | 17옥순 닮았어요...
tigerbeomy | 2025-04-04 | 16주답글 달기
번역 보기
wing.jii | 2025-05-16 | @is_usvx.f"
2025-04-02,2426,저는 맛있었어요 단골님. 하하하하하❤️ 심한 감기이슈로 목소리에 대기근이 와서 오늘따라 더빙이 참 거시기헙니다 하하하 여러분들은 집에서 만들어먹던 피자 비슷한 음식이 있으셨나요?? 16주,"#베이킹, #피자","yalan12418 | 2025-04-02 | 언니는 안 꾸며도 예뻐요...❤️
z._.xin1661 | 2025-04-02 | 이사장님 언능 나아영ㅠㅠ
parkyeon369 | 2025-04-27 | 팬캐이크 만드는 것도 괜찮을 듯
yujootang | 2025-04-16 | 강아지 시강
bagmina6499 | 2025-07-17 | 목이 왜
wjh121005 | 2025-04-02 | 이사장님 빨리 나으세요❤️
hyemin._.921 | 2025-04-02 | 언니 아프지 마요 ㅜㅜ
subira_sa | 2025-04-05 | 우리엄마는 밥피자로!!ㅋㅋㅋㅋㄱ
x.eyeo | 2025-04-02 | -3-
mangledybk | 2025-04-06 | 꼬까옷 정보 알 수 있을까요..저희 부모님 사드리려구싶어서요..
o____one | 2025-04-02 | 이사장님 목 안좋이보여요 ㅠㅠ😢
12_.12.30 | 2025-04-04 | 우리 엄마는 가지에 해줬어요"
2025-04-01,2665,"와 이거 밖에 나가서 사먹은 것 보다 맛있어서 기절할 뻔 함(레시피⬇️) 남친 몸보신 시켜주기를 빙자한, 나 몸보신하기 남친은 장어 별로 안좋아해서 한 입 먹고는 제가 나머지 다 먹었습니다^____^ 나이가 들었다고 그렇지만 몇년 전만 해도 장어를 별로 안좋아했었거든요? 근데 요즘따라 몸이 허하면 장어가 땡겨요ㅋㅋㅋㅋㅋ 여러분들도 그런 음식이 있으신가요? 아 그리고 저기 중간에 나오는건 전자레인지용 찜기에요! 왜 찐다고 해놓고서 안찌냐는 분들이 계실까봐요>< <장어덮밥 재료> - 장어 500g, 소금, 미림 - 덮밥소스 : 대파 1개, 양파 1/2개, 마늘 10알, 간장 1/2컵, 맛술 1/4컵, 흑설탕(또는 백설탕) 1/3컵, 가쓰오부시 1줌, 물 1/2컵 <만드는 법> 1. 팬에 양파, 마늘, 대파를 태우듯이 구운 다음 덮밥소스에 필요한 나머지 재료를 넣고 2/3부피가 되도록 졸인다. 2. 장어의 점액을 긁어낸 다음 칼집을 낸다. 3. 팬에 장어를 구워준 후 찜기에 장어를 넣고 한번 찐다. 4. 한번 더 팬에서 소스를 발라 구운 후 찜기에 찐다. 5. 밥에 소스를 넉넉하게 뿌린 후 위에 장어를 얹는다. 6. 맛있게 먹으면 끝! ❗️팁 - 덮밥소스를 만들 때 들어간 구운마늘도 함께 토핑해서 드셔보세요! 정말 잘어울립니다. - 달걀 지단은 선택사랑인데, 맛이 강하지 않으면서 색깔도 예쁘고 조화롭더라구요! 16주",,"hyun_jinyoung | 2025-04-07 | ㅎㅎㅎ 나레이션 찰지고 유쾌하고 매력이 철철넘치니 계속 쭉 보게되네요
zzangsulgii | 2025-04-01 | 아니 레시피 알려주셔도 할 엄두가 안나욬ㅋㅋㅋㅋ😂😂 근데 너무 맛있어보여서 일단 저장해놨습니당❤️ 언젠간 하겠지...😢
yeseul0410 | 2025-04-01 | 내가 언니 예전에 버블티 펄,와라비 모찌에 빠졌을때부터 봤는데 이런 맛있고 고급진 음식도 잘 만들면 어떡하라는 거야 ~~~❤️👏
yeon.jjju | 2025-04-09 | 영상은 찌고 굽고찌고 굽고인데 설명은 굽고찌고 굽고찌고인데 뭐가 맞을까요??
weloveyoulutz | 2025-04-02 | 언니 저도 해보려고 하는데 바다장어는 가시가 많다구 햐서! 괜찮았어요??
xvcyuuuk | 2025-04-01 | 너무맛있겠다..제가 이사장님의 남친이되고싶어요...성별전환 가능
samsik20 | 2025-04-01 | 남친 손 왜 이렇게 공손한거죠? ㅎㅎㅎ
rosemizip | 2025-04-01 | 남자친구 없으면 어떡하죠???
xhryeonbx | 2025-06-23 | 지단은 선택사랑..❤️
bori_n_dori_n_blackrice | 2025-04-02 | 냉동실에서 굿잠자는 장어깨워야 할 때가 왔내요ㅋㅋㅋ
imhyiseob38 | 2025-04-01 | 맛있겠다!!!!!!!!(한입만여....)
j.y__116 | 2025-06-18 | 몇분정도 찌나요??
lulu_dad93 | 2025-05-18 | 장어엔 옆명탐정과 생강은 왜빠졌을까요?!😂😂
nuna_so_hot | 2025-04-01 | 16주답글 달기
번역 보기
muhaehan_ | 2025-06-15 | @mashikeda 내가 만들어줄게
rhythmizm | 2025-04-01 | 해봐야겠다
park_wowns1108 | 2025-04-01 | 맛싯겟다 저도 장어덮밥 조아함미다❤️❤️❤️
istjung__819 | 2025-04-24 | 장어덮밥 안 좋아하는데, 집에 장어가 남아서 남친해줬더니....엄청 맛있다고 파는것보다 더 맛있다고 합니다!!! 일반 레시피보다는 조금 더 까다롭긴 하지만 맛은 진짜 보장합니다....👍🏻👍🏻 진짜 최고예요!!!!
nyolihaneun | 2025-04-26 | 남자분 혹시 혼났나요?"
2025-03-30,801,"나도 진로 고민을 처음 했던 시기가 딱 중2였던 것 같은데ㅠㅠ 이 친구의 마음을 매우 공감한다.. 달콤한 달고나가 될 단골님의 미래를 응원하며❤️ ‘달콤살벌 속마음 레시피 3권’은 교보문고, 알라딘, yes 24에서 구매 가능하십니다! 수정됨 · 17주","#위즈덤하우스, #달콤살벌속마음레시피, #달고나, #베이킹","kali_suzie_jin | 2025-03-30 | 작가님. 책제목이랑 출판사 이름은 태그해주셔야… 제목이 달라여🤣
dalbyeoldam | 2025-03-30 | 😍철학적인 의미가 담긴 정성스런 답변이네요🙌👏👏👏늘 지켜보고 있습니다 이사장님❤️ 표현하시는 모든 모습이 부러워요👍👍
yeseul0410 | 2025-03-31 | 이사장님 예쁨&친절&대박 × 199999999999❤️
bhs0805 | 2025-03-30 | 17기 옥순님 닮았어요^^;;
imhyiseob38 | 2025-03-30 | 글은 너무 감동적인데 이사장님 춤 추시는게 너무 웃겨서 집중이 안돼요 ㅜㅜ
z._.xin1661 | 2025-03-30 | 보내고 싶은데 유튭댓글이 안대여ㅠㅠ
xeo_yxn12 | 2025-04-06 | 대박이다ㅏ
im_my377 | 2025-03-30 | 이사장 찢었다
songgwangsu94 | 2025-04-05 | 달고나가 참 달고나"
2025-03-29,4427,밥솥카스테라 망한이유 맞추실 수 있는 분?ㅋㅋㅋㅋㅋㅋㅋ 17주,"#베이킹, #밥솥카스테라","mx1o_xe | 2025-04-08 | 그래서 언니 블루베리 쨈이 뭐가 어케 됐어요
jisuranikka | 2025-04-19 | 블루베리 잼 얘기는 어디갔어요
poky0223 | 2025-03-29 | ❤️
kim_y.xung | 2025-03-29 | 겁나 멋있으시다 그까짓거 다시 만든다 ㅎㅎ
daeun255 | 2025-03-30 | 그치만 맛있어보이는데요...?
a_hee.story | 2025-03-29 | 박력이 이렇게나 중요헙니다😗
y0u_1006 | 2025-04-12 | 그래도 엄마가 해주신 음식이면 다 맛있음.
s.jxn_12 | 2025-03-29 | 와 맛잇겠어요!!
happy_syeoni_ | 2025-03-29 | 찰밀가루?때문인가용?
k.hyogil | 2025-04-21 | 꿀! 아닌가용 ㅋㅋㅋㅋ정답이없네요 ㅠ
briella_one | 2025-03-31 | 찰밀가루로 만들어서
lee_ji_ssun | 2025-04-09 | ㅋㅋㅋㅋㅋ찰밀가루....용
gongroyng | 2025-04-10 | 와 이거 진짜 맛있는데....
jii4370 | 2025-03-29 | 여기 흰우유 한잔이요~~~~ㅋ
jongmiyoung | 2025-04-07 | 찰밀가루?
twhw97 | 2025-03-29 | 그래서 위에 곰팡이는 뭐죠ㅋㅋ
______._._____j_ | 2025-03-30 | 내솥 뚜껑 😂
hyoje_0705 | 2025-03-29 | 베이킹 파우더를 안 넣은건가??
k.jineeeee | 2025-03-29 | 박력분이 아니라서?!
jinhoon_0621 | 2025-07-27 | 기포 뺀거??
qhfkal91 | 2025-05-19 | 찰...밀가루
dayeon0114 | 2025-03-31 | 설탕도 없고 박력분도 아니네 ㅋㅋ
imhyiseob38 | 2025-03-29 | 한번 간질간질 했나봄
mh__2306 | 2025-03-29 | 밀가루~~~
d___som | 2025-03-29 | 밥통안에 부품 뚜껑이 안껴져있어유ㅋㅋ
seollhee_choi | 2025-04-12 | 밥통에서 바로 안꺼내서! 찰밀가루는 잘못이 없음
_mmlleook_ | 2025-03-29 | 박력분이에요..?
han_min777 | 2025-04-09 | 그래서 블루벨리 잼은요
gocaeeungo | 2025-04-15 | 빨리 블루베리잼 어쩌구 썰 풀어조요
_binbinwarak_ | 2025-04-12 | 계란이 차가웠던게 아닐까요?
reeden_lee | 2025-04-05 | 폭삭 숙았수다
w._.binni | 2025-04-10 | 블루베리는 언제..
binee_1bitestudio | 2025-03-30 | 앜ㅋㅋㅋㅋㅋㅋㅋㅋㅋㅋ
ooo_ooo250 | 2025-04-02 | 밥솥 안에 커버??? 뚜껑쪽 안에 뭐라하죠?? 그게 없네요😂😂
저도 가끔 그래요ㅋㅋㅋㅋㅋㅋ
그래도 밥은 잘 되던데….😂"
2025-03-27,2.6만,"‘밥솥 요리 전문가‘ 최여사님을 모셔왔습니다. 제가 한번씩 밥솥으로 카레, 마라탕밥 같은걸 하잖아요? 그것도 다 유전적인 이유가 있어서 그런거였습니다. 참고로 저희 어머니는 블루베리잼 폭ㅂ 17주","#밥솥, #카스테라","xvcyuuuk | 2025-03-28 | ㅋㅋㅋㅋㅋㅋㅋ봐도봐도 재밋어요 어머니랑 너무 쿵짝잘맞으신거 아니에용?!
rosemizip | 2025-03-27 | 우와…….. 어머님이 진짜 대가시다!!! 요리대가세요!!!!! 추억의 밥솥 카스테라라니!!!😍❤️
binee_1bitestudio | 2025-03-28 | 아니 이사장님 여기서 끊으면 어떡합니까🤣🤣ㅋㅋㅋㅋㅋ 다음편 목빠지게 기다려,,, 밥통 카스테라 진짜 추억이다..⭐
everyday_3016 | 2025-03-27 | 역시 어머님의 손맛❤️❤️❤️ 그래서 언니가 요리를 잘 하시는 거군요
mukorang | 2025-03-27 | ❤️❤️❤️
yamyam__muksta | 2025-03-28 | 앗. 저도 밥통카스테라 해봤는덕😆
eun.park.ji | 2025-03-27 | 이사장님 밥통 카스테라 저도 알아요 ㅋㅋㅋ 블루베리잼만 들리죠 왜? 먹고싶당😂
ddoeunjang | 2025-03-27 | 넘잼잇다 ㅋㅋㅋ
u.nx0s | 2025-05-19 | 고양이한테 눈이가요...😍
hyun_ji416 | 2025-04-20 | 계란 그냥 한 곳에 다 깬 다음에
손이나 숟가락으로 노른자 꺼내는게 더 쉬워영!
s.jxn_12 | 2025-03-27 | 역시.. 어머님도 금손이셨어..
qwepoiii1209 | 2025-03-28 | ㅋㅋㅋㅌㅋㅋㅋㅌㅌㅌㅋㅋㅋㅋㅋ걍다웃기넴
glor_y0308 | 2025-07-17 | 광고찍으셨던데 더화이팅
yoongaeun_model | 2025-03-27 | 다음편빨리주세요 현기증나요 어머니으앙
zxon.pd | 2025-05-10 | 어머님 살짝 얼공되셨.. 근데 왜 슬프지😢
nuna_so_hot | 2025-03-27 | 17주답글 달기
번역 보기
l__gxeswo | 2025-04-12 | 말존라많노
aaaabaacaa | 2025-03-27 | 안돼 너무궁금해
_mmlleook_ | 2025-03-28 | 오와 유전이신가봉가👍👍👍
bada_9ss9 | 2025-06-19 | 부럽다
_mmlleook_ | 2025-03-28 | 어머님 무척 미인이신 것같은데.... 신변보호!"
2025-03-26,4514,근데 사실 이 진로 문제는 어린 학생들 뿐만 아니라 제 주변에서 조리공부를 했던 또래 친구들도 아직까지 겪는 고민인 것 같아요ㅠㅠㅠ 많은 고민들을 하고있을 학생들은 위해 비슷한 문제를 겪었던 분들이 계신다면 등판해주십시오!!! 17주,"#요리사, #베이킹","u_leee0v | 2025-03-26 | 하지말라고 해서 안할거면 시작하지마라
sisigolgol_recipe | 2025-03-28 | 꿈나무들에게! 요리하는 것 자체를 즐기고 사랑하세요. 돈을 목적에 두면 요리가 지긋지긋해지는 순간이 와요. 근데 이건 모든 일이 다 똑같아요. 기준을 돈에 두지 마시고 사랑하는 일을 계속 할 수 있는 마음을 지키고 간직하시면 오래 이 일을 하며 행복할 수 있을 거예요.

그나저나 입담도 솜씨도 너무 좋으신데욬ㅋㅋㅋㅋ 멋져요. 숏츠 릴스 잘 안 보는데 정주행함,,,
z._.xin1661 | 2025-03-26 | 그렇게 이사장님은 130 만 요리 유투바가 되었ㅏ다😍😍
rabbit_and_salt | 2025-07-11 | 울 부모님은 내가 어린이집때부터 요리쪽으로 하고싶다고 했는데 계속 응원해주고, 제과제빵해서 만든거 드리면 엄청 좋아하셨어요. 요리 잘하는 자식있어서 맛난것도 먹어본다고 엄청 좋아하셔요.. 이거보니 제가 진심 부모님 참 잘 만났다는 생각이드네요..
minti_xxo | 2025-03-26 | 요리는 생각보다 너무 힘든 3D직종이에요 진짜로.... 어른들의 말이 날카로울지언정 틀린말은 없어요.......
yeseul0410 | 2025-03-26 | 이런 말은 들어도 성공한 우리 이사장님👏❤️
hoya_o2o3 | 2025-03-28 | 하고싶은거 하라고 밀어주시던 부모님
그래서 그렇게 어느세 14년차 파티셰가되고
부모님이 자식 자랑할때 부끄럼없는 아들로 태어나 행복합니다 ㅎㅎ
yoongaeun_model | 2025-03-27 | 아 진짜맛있겠다,,,, 하고싶으면 하는게인생아닐까요 먹고싶으면 먹고 하고싶은건 하자! 하고 후회하도라도 일단 해보자
santabottle_ | 2025-03-27 | 이사장님 지금 제과제빵학과 졸업하고 호텔공고올라오길기다리는 취준생이에요 자격증이나이런걸 다준비했는데 취업이안돼서 스트레스에요 이 고비 어떻게 견뎌야 잘넘길까요 ㅠㅠㅠ
soju_master_._._ | 2025-04-16 | 중학생때부터 베이킹도 좋아하고 요리 좋아하고 그냥 무언가를 만들기 좋아해서 그 쪽 계열로ㅠ가고 싶었는데 그 어른들의 말에 포기 했어요 어릴때는 내 욕심땜에 우리집이 망한다고 생각할 정도로 뭐라하는 어른들이 많았어요 결국 지금 식당을 하고 있지만 지금도 요리할때는 너무 재밌어요 근데 너무 후회돼요 남들 배울때 나는 포기해서 자격증도 아무것도 없다는게요 같은 나이에 전문성 있는 애들 보면 후회 많이 돼요...결국 이 길로 올거면서 남들 말에 쉽게 포기 했다는게
jx.n_00 | 2025-03-26 | 요리재밌는데 😢
golden.j___ | 2025-04-09 | 그래서 스콘 레시피가 어떻게 되는거죠!! 마침 재료도 있는디
play_eat_goe | 2025-03-26 | 이사장의 요리사랑 덕분에 늘 맛있는거 신기한거 잘 보고가요. 때론 이상한것도 ㅋㅋㅋㅋ 그치만 맛있는게 짱이고, 그 짱을 만드는 사람도 짱이니까, 결국 예쁜 이사장이 짱이에요
sponge.bob63 | 2025-07-18 | 내가 좋아하는것과 잘하는것을 잘 알아보시고 객관적으로 잘하는걸 진로로 정하고 좋아하는건 취미로 하시길 바래요.
lilac._.bora | 2025-03-30 | 주방보조로 알바 해보면 알 수 있습니다 꿈으로 내가 밀고 나갈 확고한 목표인지 아니면 요리 프로그램보고 멋져보여서 혹해서 진로결정 이었는지
_nu.3a | 2025-05-08 | 진짜 어렵다.. 제과제빵을 전공으로 택하기도 했고 올해로 7년째 하고 있긴 하지만 사실 나라면 취미로만 남겼을거 같음. 지금은 계속 해왔기도 하고 자격증이 아까워서 나중에가서 카페라도 차리긴 하겠지만 직업으로 삼기엔 너무 힘든것도 사실임. 요식업이기 때문에 신경써야 할것들도 너무 많고 유독 텃세가 심한 분야 중 하나이기 때문에 본인이 텃세라던지 누가 안좋은 말 하면 마음이 힘들거나 짜증나거나 포기하고 싶은 사람들은 안하고 취미로 남겨두는게 맞다 생각함. 취미는 그래도 본인이랑 지인만 먹기에 그리 까다롭진 않거든.. 근데 전공으로 하다보면 돈이 너무 많이 깨진다는 사실.. 재료비에 도구비에 자격증도 있어야하니까 자격증 준비비, 자격증 응시비 등등 내가 포기하고 싶어도 포기 못하는 이유가 여기까지 오기위해 들인 돈이였음. 장인은 도구탓을 하지 않는다지만 기본적인 도구는 있어야 하는건 사실이고 나만해도 어림잡아 2천은 들인거 같거든.. 그래서 아빠한테 너무 죄송해서 포기 못하고 있음.. 나는 다 버틸 수 있다? 그럼 도전해보는거 추천. 대신 하다가 아닌거 같다? 고민하지말고 빠져나오길 바람 그런 생각이 들고나면 억지로 이어나가더라도 계속 아닌거 같다는 생각이 들걸랑..
_grace_0829 | 2025-04-30 | 저는 학원에서 일하면서 아이들 보면서 느낀건데요. 단순히 요리를 하는 내 모습이 좋고 즐거운건지 음식을 타인에게 제공하는게 즐거운건지 곰곰히 생각해보시는것도 좋아요. 그 다음은 내가 주방에서 음식을 하는게 즐거운건지 음식을 만드는것에 대해 기획이나 그 밖의 다른게 재미있는지 생각해본 뒤에 진로를 정하시는게 맞아요. 조리업계는 생각보다 스펙트럼이 넓어요!! 주방에서 음식하는것 말고도 생각도 못한 여러 직업이 있답니다! 와, 세프님들 음식하는거 너무 멋짐...배워야지! 는 그냥 겉모습이 멋진거고 배우다 포기하는 친구들이 많아요. 와, 나도 저런 기술이 있으면 좋겠다.면 실제로 일을 시작해서도 열정이 남는 친구들이 많았어요. 아무리 힘들고 무시받고 잡일밖에 못해도 배우고싶다, 발전하고 싶다는 마음이 꺾이지 않을 자신이 있으면 하시면 됩니당. 주방은 박봉에 일은 많고 베이고 데이고는 일상, 좀 다쳐도 크게 다치거나 음식에 영향가는거 아니면 일 해야하고 되도않는 컴플레인도 어쨋든 주방탓입니다. 가자마자 팬 못잡아요. 청소나 설거지,재료준비 등등 잡일만 주구장창합니다. 멋진 요리를 하는게 아니라 매일 똑같은 메뉴를 반복하는거예요. 직업은 결국 직업이라는거 잊지 마세요! 난 요리배워서 내 식당 차릴거임=최소 10년이상 남에 주방에서 열정페이에 구르고 구른뒤에 차려야 평타는 간다고 얘기합니다. 이런 얘기 듣고도 해보고 싶어요. 할거예요. 그럼 내일부터 자격증준비 시작하심 됩니당 히히
choiseo.jin | 2025-06-19 | 저도 제과제빵을 진로로 가려고하는데 아직 중3인데 이게 맞는 길일까요? 공부에는 재능이 없는거 같고..잘 모르겠어요
hyedada_baking | 2025-03-26 | 이사장님 우녹스에 비닐 안벗기고 쓰면 나중에 열때매 눌러붙어서 잘 안 떼어질 수 있어용😭💛 저도 그 소리 듣고 미루다부랴부랴 뗐어요.
jangsinhee_2154 | 2025-06-20 | 진짜 나는 요리 취미로하는게 맞다고 생각함 다른 사람들은 그렇게 생각 안할 수도 있지만 나는 진짜 요리가 너무 싫어져서 요리로 진로를 정한게 후회됨
yunho98 | 2025-03-26 | 항상 요리 힘들고 박봉이지만 저는 선택에 후회는 없어요 일하는게 재밌고 항상 보람차거든요 ^-^ 본인의 선택에 책임질 수 있고 열정적이면 선택해도 된다고 생각해요 물론 주변에 떨어져나가는 사람들 보면 어른들 말이 조금은 맞는것같기도 ㅋㅋ
dydwnsdl4861 | 2025-04-05 | 본인이 가장 좋아하는 분야를 하세요🔥 어찌됐건간에 무엇을 하든 진짜 돈을 목적두고 시작하니 어느순간 징글징글하며 모두 내려놓을 상황이 생겨요. 본인이 가장 좋아하고 정말 하고싶은것을 해야 후회없어요.
na._.kyung1 | 2025-03-28 | 스콘 레시피좀요...
hong0.312 | 2025-07-13 | 언니 저도 가족들이 베이킹 반대하는데 언니사연이랑 똑같이 말해요
taiyo_hikari_ | 2025-04-14 | 마음의 크기에 따라 다르다고 생각해요. 주변에서 하는 말이 내가 생각하는 정도와 일치하고 동의하는 부분이 더 많아 포기하고 싶다면 포기해도 되고, 내가 듣는 거 보다 비전적 계획이 잘 그려진다거나 반박을 흔들리지 않고 할 수 있다거나 좋아해야만 해낼 수 있다거나 그렇다면 포기 하지 않아도 됩니다. 포기도 도전도 끝맺음이 아닌 과정이니까 겁먹지 말길.
xxdee.211 | 2025-04-10 | 원래 어른들은 꼭 한마디씩은 다들 합시다!!!! 일반 회사원이여도 대기업 가지 왜 중소기업가냐! 창업왜하냐! 외국계기업 왜가냐!!! 공무원박봉이지 않냐!! 그러니까 통과의례다 생각하십시요!!!!! 원래 자기 의지 없이 남들 의견에 쉽게 바뀔 직업이면 하고도 안하고도 후회할 사람입니다!"
2025-03-24,5155,"(포장전문 횟집에서 시킨 회 한정)저는 무갱도 먹습니다ㅋㅋㅋㅋㅋ 저것도 먹는거였어..? 하고 놀라시는 분들 계시죠!? 저게 무갱 이라고 해서 무를 얇게 채썰어서 물을 먹이면 저렇게 빳빳해지는데 포장전문 횟집 무갱만 드시는걸 추천!! 또는 집에서 무채썰어서 전부쳐서 드셔보세요 ㅎㅎ 진짜.. 이렇게 맛있다고….? 라는 말이 나올정도로 맛있습니닼ㅋㅋㅋㅋㅋㅋㅋ 레시피: 무갱 한 줌가득, 부침가루 한컵 반, 소고기다시다 1/2 작은술, 물 한컵 반 수정됨 · 17주",,"lumine_moneylab | 2025-03-25 | 먹...먹지마세요... 다 그런건 아니겠지만 제가 알바했던 횟집에선 상에 나간 무채.. 수거되면 물로 씻어어 탈수기에 탈탈돌려 재사용했...😢😢 그래서 전 절대 무는 먹지않아...욥😢
___.aha__ | 2025-03-25 | 언니 무 담을때 넘 진지해옄ㅋㅋㅋㅌ기여워
z._.xin1661 | 2025-03-24 | 회 밑에 무도 넣는군요! 신기하당 근데 언제나 아이디어 짱이네여
park_nol | 2025-03-24 | 뒤집는거 예술!!!!👏
leeeeeeeeeeu | 2025-03-24 | 오 항상 버렸는데 무전 신기하네요! 근데 먹는다고 생각하고 보니 매운탕 끓일때 넣어도 될 것 같네요...?ㅋㅋㅋ
ehs322 | 2025-03-24 | 저는 회먹을때 같이 먹어요 샐러드같이 ㅋㅋㅋㅋ
_____gracefull | 2025-05-14 | 으... 먹어도 돼요...??!!??!!😢
ji_diana | 2025-03-24 | 천사채로도 맛도리 할만한게 있을까나요 샐러드말고 ㅋㅋㅋ
loving8750 | 2025-03-24 | 회밑에 무채를 깔아주는 이유는 무에는 살균작용을 하는 성분이 함유되어있어서 상하지않게 싱싱하게 먹을수있기때문입니다 그러나 무채를 깔면 단가가 비싸 보통 무채보다는 천신채를 깔아주죠 밑에 깔아주는 이유중하나는 풍성해보일려고깔기도하구 무씻어서 저는 매운탕에넣어서먹었지유
dnjsjql615 | 2025-03-25 | 저 어릴때 횟집에 무깔아줬는데 무채랑 머리카락이랑 막 섞여 있는거 보고 충격받아서 절대 안먹어여 😢
goolmok | 2025-04-30 | 깊게는 말못합니다 하지만 가급적 드시지마세요 배달전문이나 포장전문도 같아요
yoovely0034 | 2025-03-24 | 저는 이걸로 생선조림 해먹었었어요 ㅋㅋㅋ
noh_hye.lin6307 | 2025-03-24 | ㅇㄴ 나도 한입만줘요 람보르기니 빙의해서 제가 바로 달려갈게뇨
jjiwoo.pyo.jj | 2025-03-25 | 언니...혹시 천사채 먹어도 되는건가요..?
yongwon94 | 2025-06-08 | 옥순님…?
heerrim | 2025-06-01 | 헐ㅋㅋ 횟집에서 저걸 바로 채썰어 준다고 생각하고 맛있게 먹는거야?
pinkwing86 | 2025-03-24 | 오 무갱이라는 말 첨 들어요...
jinho9727 | 2025-03-25 | @best_leader.k 다도회 기둘
xiiixiixiixiiixiiix | 2025-03-25 | 무생채해서 비빔밥😍
kimeungyong1385 | 2025-03-25 | 근데 무에서 회냄새는 안났어요?
yum7307 | 2025-05-08 | 무갱~하루이틀지나면 색도변하고 안좋아 보여요때~빳빳하고 좋은건 보통 그날민거입니다.보통 일식집이나 저렴이아닌곳은 재사용1도안합니다.무갱 골라서 어쩌구 저쩌구 아무의미 없어서 안해요😂
sinbomsin | 2025-04-10 | 횟집에서 배달되는 천사채는 절 때 먹으면 안 돼요 횟집 천사채는 홀에서 사용하고 물에 담가두었다 세척 후 재사용되는 곳이 많아서 횟감에 깔린 천사채는 안 먹는 게 좋아요 ㅠㅠ
t.and.pants | 2025-03-26 | 먹고 탈났습니다 그냥 버려요
hoono0929 | 2025-03-25 | 매장에서 섞어서 갈변되면 다시 무슨 짓을 해서 다시 하얗게 만들듯 한데. . 홀없고 포장 배달만 하는곳이면 괜찮은듯
yeppensh77 | 2025-05-06 | 이거대충보고 천사채전해먹는사람있을꺼다
seojeong__98 | 2025-03-24 | ㅋㅋㅋㅋ아 돼끼님 너무 귀여우시닼ㅋㅋㅋㅋㅋㅋㅋ
seoyeon130814 | 2025-03-25 | 나만 회 밑에 천사채있나?;;
mh_jo.91 | 2025-03-25 | 무생채해도 안비리고 괜찮으려나??배탈은 안나게찌요ㅜ!?
just0jin | 2025-03-25 | 재사용하는거아니였나???
hankoook_saram_ | 2025-03-30 | @najeonchilgi
jeffyoun82 | 2025-03-30 | 돼끼님이 여기서 왜나와요?!!!
gyucanim | 2025-04-05 | 저 무채 빨아서 재사용 한다고 했었는데.
yeongsig157 | 2025-04-06 | 무가 아니고 천사채 입니다ㅎㅎㅎ
jeongcanho46 | 2025-04-06 | 무가 투명해요??
leejooyoung1001 | 2025-04-08 | 이거 보고 해먹는 사람 없길..
__junseong2__ | 2025-04-12 | 저거 천사채아님?
hp_energy | 2025-04-14 | 저는 된장국 끓이니까 시원하더라고요ㅋㅋㅋ
tonyynim | 2025-04-22 | 원효대사해골물
eunsug668 | 2025-04-25 | 요즘 무채 주는곳이 있나요? 예전엔 이렇게 주는곳이 종종 있었는데 회랑 같이 먹음 존맛 이었는뎅...포장 무만 먹어야 ...횟집 안에서 먹을때 주는건 먹지말고~~
yeonwo0_f | 2025-04-30 | 들기름으로 구우면 더 맛날거같은데용
event._.geun | 2025-05-16 | 버리세요….
pplpppp2002 | 2025-05-16 | 😍
luckyribs | 2025-05-21 | 세상모르는거입니다..죽도 먹다남은밥은 가져와끓이던데😢
time99077 | 2025-05-23 | 굳이 먹어야돼?
y_d_0704 | 2025-05-25 | 다들 저렇게 말했으니.. 이제 안드시겠징..😢
coejunhyeog457 | 2025-05-25 | 천사채 아닌가 회밑음
nfkfkddkkd | 2025-05-25 | 나도 해줘요😮
lys150128 | 2025-05-27 | 그거 재활용 하는거에요
횟집에서 쓰고 담궈서 계속
쓰는 거에요 먹지마요 ㅠ
traveler.terry | 2025-05-27 | 매운탕 끓일때 넣어먹어도 맛있죠🔥
dhals5393 | 2025-05-29 | 배민 요청 사항에 사장님 무 많이 깔아주세요 생기겠네 ㅋㅋ
sjy.sng | 2025-05-29 | 천사췌 아님?
kk_monmon | 2025-06-05 | 설마 락스에 다시 표백하듯 하옇게해서 닷재활용하나? 왜자꾸 깊게 못말한다하지? ㅠ
_hxess._s.6 | 2025-06-16 | f
asharose1003 | 2025-06-24 | 우리동네는 천사채줌
gdok92 | 2025-07-17 | 그거 먹는게 아니에요 ㅜㅜ
mik_jjg | 2025-07-24 | 천사채 아니엿씀"
2025-03-23,5.6만,생김새가 역하긴 한데.. 진짜 2초만 참으면 황홀한 맛 홍어애 드셔보신 분 계신가요? ✋🏻 18주,"#간식, #홍어애","jisoolee4 | 2025-03-24 | 중국사람 뭐라할것 아니네요. 이런것도 먹는건줄 몰랐어요.
yam_hyemin | 2025-03-23 | 홍어애 진짜 맛나요...여러분 나주오면 홍어애탕 드셔보셔요 !! 진짜 꼬숩!!
jungetime | 2025-03-24 | 홍어애 아직인데 싱싱하면 도전해 보고 싶어요ㅎ 삭힌 홍어애는 못 먹어요😂
bobo.joonjan | 2025-04-12 | What it that somebody tell me? Please👏
s.jxn_12 | 2025-03-23 | 저 홍어애.. 너무 느끼해서 저는 두번다신 안먹고 싶은 맛이었어요..ㅜ
_love_holic | 2025-03-23 | 생으로 싱싱하게 먹으려면 어디서 사야하나요~~?? ㅜ ㅜ
yayu.apriliani | 2025-04-19 | serius nanya apa yg dia makan 😮
jh_0321 | 2025-03-23 | 고소하니 좋아해요 삭힌홍어애탕도 넘좋아요~~~
uuee14y | 2025-03-23 | 우와 초반에 혓바닥 귀신인줄
stopsilver__s2 | 2025-03-24 | 저도 홍어애 좋아해요 그런데 홍어애는 상태에 따라서 맛이 너무너무 차이가 심하더라고요.. 복불복없는 맛을 느끼려면 노랑가오리 애 추천드립니다
eunnam_choi_86 | 2025-04-13 | 홍어애 진짜 좋아용~~ 저만큼 얼마에용?
primp0000 | 2025-05-06 | 애는 뭐든 다맛있어요. 어떤 생선이든
jeongmi111 | 2025-03-30 | 와 진짜 맛있겠네요👏
kimyeonzi_ | 2025-03-25 | @mi_rr0714 이거 징짜 맛있는데... 할머니가 귀한 거라고 나만 줬는데...........
rladydwnek | 2025-06-01 | @shin_bongho 먹구싶어
seohee_1104 | 2025-03-23 | 맛있겠다
nanhee1224 | 2025-03-24 | 전 홍어는 즐기는데.. 홍어애는 도전했다가 실패😂
gbrllafthnn | 2025-04-03 | nyasar kesini sndrian😭
business1050 | 2025-06-09 | 모든 애는 다 맛있어요 ㅎㅎ
jju___hii___ | 2025-05-12 | @doazoahh 이런거ㅠ먹어? 궁금해..
backo1550 | 2025-03-24 | 홍어 집에서 서비스로 주신거 먹고 신세계를 경험했음 너무 맛있더라고요.
근데 어디서 파는지는 모름 ㅜㅜ
tweak_doll | 2025-03-23 | 18주좋아요 110개답글 달기
번역 보기
hagomyang | 2025-05-09 | 이야... 생 홍어회랑 생 홍어애 먹어보고 극락이였는데
rladydwnek | 2025-06-20 | @shin_bongho 이것도 두가지
_o3lzl | 2025-07-07 | @yeonw.0.0 궁금하긴해
k_saron_ | 2025-03-24 | @r_mi__v 언니 이거 먹어봤어..?
muuhi4586 | 2025-05-02 | 豚肉って書いてあるけど生大丈夫なの？
nizamakmaal | 2025-04-16 | Ayolaahhh dimasak dulu ngapaa, masa segala makanan dimakan mentah
shuu4na | 2025-05-27 | ?
jnskks | 2025-06-11 | 저걸 살 수가 없어요 ㅎㅎㅎ넘나 귀한거라😍
firstseam | 2025-07-16 | 한입 딱 좋은데 그담부턴 느끼해요 ㅋㅋ
nurhidayatwikantyasa | 2025-05-13 | Mentah ya 😮😮😮
sonx_sa | 2025-05-18 | 간인가? 했는데 맞내
jinhooo0 | 2025-03-25 | @dayeong2__ 찜
djyoonja00 | 2025-03-24 | 안삭히면 그 특유의냄새는 없는거에요??
demolition_ksy | 2025-05-27 | 홍어애를 저렇게 구입 할 수 있어요? 😮
seecchaaa_1 | 2025-04-24 | itu apaan pliss kasih tau w🤧
olilolilolill | 2025-05-16 | 릴스 하지마셈 목소리도 흉측해서 말할때마다 귀아픔
bacon_triste13 | 2025-04-07 | 🤮🤮🤮
booming_05 | 2025-07-16 | 우웩
yubi_901 | 2025-05-13 | @aha.emo 진짜 꼬시겠다ㅜㅜ
hyangsoonko82 | 2025-03-24 | 홍어애탕~~칼칼하게 끓이믄 진짜😍😍
alwo359 | 2025-05-12 | @zerowaterk 아아아아아아이거다 내가 접때 말한 홍어애 이상한 식감
sal_bbay | 2025-05-09 | 으
luminous.1968 | 2025-03-23 | ㅇ ㅏ 이언니 참기름 또 빼먹으셨네!!!!
____meke91 | 2025-05-06 | @___so_hee94 궁금하긴하다ㅋㅋㅋ
ong_s.w_ | 2025-03-25 | 홍어애는 삭히는거X 신선할때만 먹는데 진짜 소금기름장 찍어먹으면 푸아그라 쌍싸대기빰대기후랴칩니다ㅜㅜㅠ
hanwomole72 | 2025-03-24 | 고래회충 있어요
ddhop99 | 2025-03-30 | 한국인맞음? 외국사람같은데
yugga__ | 2025-03-25 | 맛있진 않던데 ㅠㅜㅜㅜ 크리미할뿐,,,ㅜㅠㅜㅡ
mff_peacecode | 2025-03-24 | 기생충위험은 없나요?
rukmandaw | 2025-04-26 | Itu apa we
tattoo_genta | 2025-03-25 | 마싯서..
with__seoa | 2025-04-16 | @bbo._.ple
crysta1ee1106 | 2025-03-25 | @min9__9yuu 도전해보자 같이
sori_125 | 2025-04-09 | @92_yu.ri
pmjpymj___ | 2025-03-25 | 어우 홍어먹으면서 막걸리랑
같이먹는것도 아니고
저렇게 단품으로 꺼내서
저것만 어떻게먹냐 ㅋㅋ
soos__noo | 2025-03-24 | 맛있나요?
solinsong | 2025-03-24 | @sunjae_lim 홍어애
gokki_oz | 2025-03-25 | @hello.__.osh 헉 승현이 좋아요햇나😮 먹고싶다는거지?!
19xx3_3 | 2025-03-23 | 으아악...😮
love.apple_love | 2025-03-23 | 어으
daylight_snap | 2025-03-24 | 두 입 드시고 남은거 잡솨님 드려욤😂
joondell417428 | 2025-03-23 | 애들 삭히지 않아서 잘먹는것 같은데ㅎㅎ
1215taein123 | 2025-03-24 | 으왝🤪😜🤪🤧🤯😵‍💫😵😱💀난 못먹음😢😢
kimse.hun100 | 2025-03-24 | 혀같아요😢😢😢😢😢
captain_perpect | 2025-03-24 | 읔
alala_lggg | 2025-03-23 | 으악
yjy0404_ | 2025-03-24 | 
bobvely_ | 2025-03-25 | @___hyjin___
twinkle_hwihwi | 2025-03-24 | @l_zirlo 소금에 고춧가루야 챙기자
starlight1103 | 2025-03-23 | @yo__appa
gimaram.gim | 2025-03-23 | 무슨 맛 이에요 *?
hde1150 | 2025-03-23 | 이거 어디서 구입하셨나요?
cookkim1764 | 2025-03-23 | 환장하죠
oh_hong_oh | 2025-03-23 | 진짜 마딛겟다
samsik20 | 2025-03-23 | 홍어애 진심 맛있죠 미식가만 아는 그맛❤️
lee.su_jin6230 | 2025-03-23 | 홍어애 뭐에요?
gyuls58 | 2025-03-23 | 😍😍
_mmlleook_ | 2025-03-23 | 와 생김새가...
plusealpa | 2025-03-23 | 홍어애탕 너무 좋아해요❤️
kkam.diary | 2025-03-23 | 아 존맛 ㅠㅠㅋㅋ
ojuyeong1863 | 2025-03-23 | 홍어 너무좋아해요 이런 건 안 먹어봤네. ㅋㅋ 다음에 한번 먹어봐야겠어요
_jeonghwa_ | 2025-03-23 | 이성경 닮았어요^^
rye_won_kim | 2025-03-23 | 얼려서 깍뚝썰기해 먹으면 넘 맛있어요
victory_jieun | 2025-03-24 | 어디서 사셨어요?
rhythmizm | 2025-03-24 | “아귀간” 추천드립니다 👏❤️
joinpung9 | 2025-03-24 | 홍어애 죽이지
daebal.j | 2025-03-24 | 진짜 맛나는데 쥐취애도 맛남
moohwatomoca | 2025-03-24 | 한번 살짝 데쳐서 생강이랑 무 갈은거랑 고춧가루,쪽파 송송 올리고 유자폰즈 뿌려먹음 맛나요
텐뿌라 해먹어도 굿굿
그라탕도 굿굿
pensamiento_de_mi_futuro_bien | 2025-03-24 | 간장에 장담그고 참기름장 츄릅
sontaihyun | 2025-03-24 | 양주 좋은놈 한병에 안주로 홍어애 강추..
sk62571700 | 2025-03-24 | 크림스파게티맛
ryu_rinha | 2025-03-24 | 애가 뭐지
dktlskdy107 | 2025-03-24 | 으..
kakituy | 2025-03-24 | 맛난데
bx_pp | 2025-03-24 | 어디서사요??? 나두 사서먹고싶다 ㅠㅠㅠ
jojunwon7179 | 2025-03-24 | 애
k2h_0115 | 2025-03-24 | 그시골이 어디냐고요..당장달려가고 싶네요
origin_dragon | 2025-03-24 | 애를 드시다니 좀 더 크면 드시지 ㅠㅠ"
2025-03-22,980,잠깐 장금이한테 몸 해킹당해서 고추장 만든 날✌🏻 (사실 오늘 아님) 18주,,"chanjae_ss0308 | 2025-03-23 | 고추장에 오징어 찍어서 와구와구 먹고싶은 밤이네오 항상 영상 잘 보고 있습니다! 대리만족 풀 충전ing(^_^)v 혹시 3번째 사진은 무엇을 표현한건지 여쭤볼 수 있을까요? (좋아요와 구독인가용?)
__cookim_ | 2025-03-22 | 오마이갈릭 is back🙃
_kong_s | 2025-03-23 | 응 그만예쁘도록해요 우리
pinkwing86 | 2025-03-23 | 마지막사진 3대째 이어져 내려오는 고추장 대가의 막내며느리같다.. 사이트에 올릴 사진 귀엽고 깜찍하게 찍은거 같은 느낌쓰🤭🤭🤭
_simcheong | 2025-03-25 | 왤케 예뻐용
cat_sle_0 | 2025-03-23 | 누가 그렇게 이쁘래!!!!!!!!!!!!!
sungho_0p | 2025-03-22 | 아름다운 웅니❤️❤️
yeonjun_log | 2025-03-23 | 아뉘🫢 이 미녀는 누구죠!? 설마 이장금님?❤️
z._.xin1661 | 2025-03-23 | 오마이 갈릭!!
yewonkim_p | 2025-03-22 | 언니..아 자꾸 홀리지 말라니까!,,,❤️
itsjackeuro | 2025-03-22 | 순간 오 마이 갈릭 복귀 떡밥인줄
rulru_ram_ | 2025-03-22 | 아니진짜예쁜데 와 진짜 너무예쁜데
chickengangjeong_99 | 2025-03-23 | 이사장 남친 자리는 현재 재고가 없으니 여친자리는 언제 열리나요? ㅋㅋㅋㅋㅋ
angel_chihyoung | 2025-03-23 | 😍
gimjinseon257 | 2025-03-23 | 컨셉 ㅋㅋ 잘 어울려요❤️"
2025-03-21,2536,"(불금 레시피 저장!)하도 불닭볶음면 + 타코야끼 조합을 많이해먹다가 무려 2년 전에 만들었던 영상 ㅋㅋㅋㅋㅋㅋㅋ 그것은. 불탉코야끼. 저는 아주 기본적인 재료로만 만들었는데 옥수수콘, 햄, 문어등을 추가해서 만들면 더 다채롭고 맛있을겁니돠! <재료> : 불닭볶음면 1봉, 달걀1개, 튀김가루 1큰술, 피자치즈, 옥수수콘, 햄, 문어, 마요네즈, 타코야끼소스, 가쓰오부시 등 <만드는 법> 1. 불닭볶음면을 부숴서 물 1컵과 스프를 섞은 후 전자레인지에 3분 돌린다. (70%이상 익을 만큼) 2. 달걀, 튀김가루를 넣고 섞어서 반죽을 만든다. (옥수수콘, 햄, 치즈, 문어 등 토핑 추천) 3. 식용유를 넉넉히 뿌린 타코야끼팬에 반죽을 노릇하게 굽는다. 4. 위에 마요네즈, 타코야끼 소스, 가쓰오부시등을 얹어서 먹으면 끝! 수정됨 · 18주","#불닭, #타코야끼, #불탉코야끼","s.jxn_12 | 2025-03-21 | 와 저거 유튭에거 전에 본거 가튼데.. 쨋든 저조합 ㄹㅇ 꿀맛이에여!! 전에 이사장님 영상보고 도전해봤는데.. 역시 믿고따르는 이사장님 레시피..💗
hana.9548 | 2025-03-21 | 나도 있다~~~~~😍😍😍 저도 이거 만들어 먹어봐야겠어요😍😍
z._.xin1661 | 2025-03-21 | 맛있겠다 ㅏㅏ 근데 와플팬으로도 되나? 타코야끼 팬이 없어서여ㅋ큐ㅠ
everyday_3016 | 2025-03-21 | 언니 레시피 천재❤️❤️❤️ 진짜 고양이 지나가는 모습도 귀여워요 ㅋㅋㅋㅋ 이쯤 되면 언니 머리속에 수만가지의 아이디어와 레시피가 있으신게 아닌지~ㅎㅎ 궁금해용 ㅎㅎ
jii4370 | 2025-03-21 | 어쩜 이런 아이디어를 생각해내시는지..아무나 크리에이터가 되는건 아닌가봐요..근데 왜 점점 뽀얀 아가같지? 예쁘다 😍
cooking._.is_mylife | 2025-03-21 | 언니ㅠㅜㅜㅠㅠ 롱폼 언제 올라가용 ㅠㅜㅠㅠ 나 맨날 학교 갈준비 안하고 확인 하는게 일상이 되버렸어ㅠㅜ언니에 롱폼을 사랑하는 사람이 되
binee_1bitestudio | 2025-03-24 | 이사장님 진짜 천재아님...?😭
yeseul0410 | 2025-03-21 | 갑자기 2년전에 계속 돌려보던 영상이 떠서 놀랐네요❤️이사장님은 역시 먹잘알에 얼짱까지👏❤️
soohyun0406 | 2025-03-21 | 이모 진짜 맛있어보이네용
uxexnx | 2025-03-21 | 왕 진짜 맛있어보여요!! 이사장님 영상 볼때마다 아이디어 진짜 좋으신 거 같아요!! 최고 그리구 영상도 넘 재밋고 귀여우심 상황극도 넘 잘 하시구ㅜ 좋은영상들 올려주셔서 감사함미다!😊❤️
mukorang | 2025-03-21 | 온니 지쨔 천재❤️❤️❤️
pplpppp2002 | 2025-05-16 | 😍
sungho_0p | 2025-03-22 | 맛나요😍😍
pinkwing86 | 2025-03-21 | 천재네....
h.luck0521 | 2025-03-24 | 와..침고여..❤️
soos__noo | 2025-03-24 | 타코야끼 팬이 없으면 어떻게 만들어요?
bodam_64 | 2025-04-15 | 언니는없는게없네
jungyunchoi7 | 2025-03-22 | 언니 이걸 지금 올리면 어떡해"
2025-03-19,1.2만,"아무리 고오급 나폴리 화덕피자를 먹어도..한번씩 이게 너무 땡기던데 요 추억의 피자빵은 저희집만 해먹은게 아니죠?? 그때는 치즈도 비쌌던 것 같은데 시골에서 이것저것 다양한 간식을 만들어준 엄마의 애정어린 간식입니다 ㅠㅠㅠ 뭉클 -재료: 식빵 4쪽, 양파 1/2개, 당근 1/4개, 옥수수콘 반컵, 햄 50g, 케찹 2큰술, 마요네즈 1큰술 ,치즈 1컵, 버터(마가린) -만드는법: 1. 양파, 당근, 햄을 다져서 옥수수콘과 케찹1큰술, 마요네즈 1큰술을 넣고 섞는다. 2. 식빵 한 쪽에 케찹을 골고루 묻힌 후 재료를 올리고 치즈를 뿌린다. 3. 버터를 바른 팬에 약불로 굽거나, 에어프라이어 180도에서 7분 굽는다. 18주","#피자빵, #레시피, #간식","everyday_3016 | 2025-03-19 | 언니 악플 보지말구 진짜 언니 칭찬하는 댓글만 봐요❤️❤️ 진짜 넘 이쁘구 어머님두 이쁘세요!! 항상 언니 레시피 올려주셔서 저도 따라할려고 도전 중입니당 ㅎㅎ 앞으로도 화이팅 하시길 응원해요😍
j_a_n_e94 | 2025-03-19 | 아 이사장님 ㅋㅋㅋㅋㅋㅋㅋㅋㅋㅋㅋㅋㅋㅋㅋㅋㅋㅋㅋ 뻐큐 너무귀여운거아니냐구욬ㅋㅋㅋㅋㅋㅋㅋㅋㅋㅋ
hiskyhi | 2025-03-20 | 힝구 귀여운 어모니 ㅎ
krystal_worthit | 2025-03-19 | 아 피자빵 완전 알죠!!! ❤️❤️❤️ 그나저나 악플대처도 너무 잘해부러요🥰 역시 못배운티는 어디서도 못 속인답니다요😂
rosemizip | 2025-03-19 | 울 이사장님이 예쁘고 아름다우신 어머님 닮아서 요리를 잘하시구나😍❤️
jii4370 | 2025-03-19 | 엄마 앞에선 아가네..아가 ㅋ 귀여운 이사장님
sungho_0p | 2025-03-19 | 언니 싸랑해요❤️❤️ 난 항상 언니편!!
awesome_.dog | 2025-03-20 | ㅎㄹ 언뉘 도마 모에요 ….?
parkwonbin_starship | 2025-03-20 | 역시 추억의맛은 잊을수 없는것같아요
youtubekorea | 2025-03-20 | 세상에서 가장 맛있는 고급 피자빵🍕
soo_j.cola | 2025-03-19 | 피자는 아니였지만 어릴적 엄마계란카스테라가 생각나네요
samsik20 | 2025-03-20 | 진짜 저따구로 댓글 남기는 놈들은 얼마나 생겼나 보고싶음 ㅎㅎ
longlongieee | 2025-03-19 | 저 손으로 하시면 뭐든 안 맛있을 수 없을거같아요🩷
hy0_dam | 2025-04-25 | 저런 저급한 댓글에도 흔들리지 않는 강철멘탄 이사장 그는 대체…
really.lily__ | 2025-03-20 | @byeong___un
shehe_.001 | 2025-03-19 | 언니@디엠 한 번만 읽어주세요 진짜 인증가능합니다
lee.__.happy | 2025-03-19 | 오 맛있겠어용❤️❤️❤️ 어머니, 이사장님 레시피 감사합니다❤️❤️❤️
yeseul0410 | 2025-03-19 | 언니는 점점 예뻐지네😍 어머님 닮아서 그러신가보다👏❤️
ieunyeong187 | 2025-03-19 | 저도 교회쌤이 만들어주셨어요
kkuldong_e | 2025-03-20 | 맛있겠어요😍
lee.kh1204 | 2025-03-20 | 참한 이사장님
r_h_b_1014 | 2025-03-20 | 시중에 파는 피자빵이랑 똑같이 만드는 어머님 요리실력 ㅎㅎ
qorckddn97 | 2025-03-21 | 저는.... 식빵에 케찹바르고 위에 설탕 좀 뿌리고 했는데.... 피자빵 저리가라에요~
ahb_xloch | 2025-03-22 | 자피 아나
jletigr.186 | 2025-03-24 | 솔직히 맛없을수없음
seoyeon130814 | 2025-03-25 | 옛날이나 지금이나 둘다 귀여우신 듯ㅋㅋㅋㅋ
90.21g | 2025-03-31 | 저거 우리 학교에 나오는데
tagyejun30 | 2025-04-12 | 오 피자보다 맛있어 보인다
foodnsierra | 2025-04-17 | 우리집은 피망 양파 소시지 치즈 이렇게였지 ㅋㅋㅋㅋ
00white0wolf00 | 2025-05-25 | 졸맛
lover20421 | 2025-05-26 | 저도 어릴적 저거 였는데🔥🔥❤️
h.j.w_yougil | 2025-05-30 | 사이가 너무 좋아보여서 좋아 ㅎㅎ
sysysy0122 | 2025-06-10 | 이사장님 내 스타일 🙌
nike_02.06 | 2025-06-13 | 뒷구르기하면서 봐도 청순한 시골 소녀인데, 정확하죠?
mayogamju | 2025-06-24 | 최여사님 저도 해주세요이잉ㄱㅇㄱㅇㄱㅇㅇㄱㅇㄱ잉ㄱㅇ이이잉ㅇ"
2025-03-18,1419,"요즘 먹은 식당 모음zip + 최근에 들은 가장 충격적 이야기는 원래 원조 부대찌개에는 베이크드빈, 치즈, 마카로니가 안들어가는게 맞다는 이야기…. 이거 정말인가요?? 내가 생각하는 가장 완벽한 부대찌개는 저 3가지 재료가 다 들어가는 부대찌개였는데… 그날 이후로 내 부찌 세계가 무너져버렸어…. 18주",,"z._.xin1661 | 2025-03-18 | 사진만 봤는데도 이사장님 목소리가 들리는거 같다😂 ㅋㅋㅋ
yeseul0410 | 2025-03-18 | 언니 음식보는 표정이 너무 귀여우면서 웃겨❤️❤️❤️
bboni._.bbang | 2025-03-18 | 넣어먹는게 맛있으니까 오늘부터 그게 원조인걸로 하죠!
sungho_0p | 2025-03-18 | 아ㅠㅠ 맛있어보여요
soohyun0406 | 2025-03-18 | ❤️❤️❤️❤️❤️
xvcyuuuk | 2025-03-18 | 표정이 왜 다 놀라있어욬ㅋㅋㅋㅋㅋㅋ 뭔들 이사장님 말이 맞습니다 저 세개가 들어가야 부대찌개죠
goo_young_jo_0801 | 2025-03-18 | 요즘 인스타는 음성지원이 되는구나 요즘에 ㄷㄷ
scene_sua | 2025-03-19 | 베이크드빈, 민찌, 뭔가 말라비틀어져 거무죽죽한 국물 머금은 햄, 소세지 근본. 치즈, 마카로니? 노인정.
71ndur | 2025-03-18 | 베이크드빈 치즈 마카로니.. 셋다 용납 불가ㅜㅜ 제가 생각하는 완벽한 부대찌개는 국물이 깔끔해야 해요...
04__0817_22 | 2025-03-18 | 딤딤섬 마라우육면 같이 빨아야합니다.
play_eat_goe | 2025-03-18 | 그래서 예쁜 이사장의 무너진 부찌 세계관에서 ‘ 3가지 재료 다넣은 VS 안넣은 ‘ 중 무엇이 더 맛있었는지 궁금해여
songgwangsu94 | 2025-03-18 | ㅋㅋㅋㅋ
eelanim_a | 2025-03-20 | 부대찌개의 근본 송탄 부대찌개도 베이크드빈 마카로니는 X
bbing.gga | 2025-03-20 | 오늘 급식에 부대지게 나왔는데
oh_w00n_wan | 2025-03-18 | 의정부인으로서 저 세 개가 다 들어가는 부대찌개는 부대찌개라고 안 쳐줍니다."
2025-03-17,1652,여러분들은 호 vs 불호 ? 재료는 두가지! 낫또와 아이스크림 제 평은: 낫또의 식감이 미끄덩하게 느껴질 수 있는데 그 낫또 특유의 역한(?) 냄새가 아이스크림에 가려져서 둘이 상승작용을 하는것 같아요! 새벽에 저 영상을 보고ㅋㅋㅋㅋㅋㅋ너무 천재적이라는 생각이 들어서 빠르게 찍었는데 제가 낫또를 원래도 좋아해서 그런가 거부감 없이 입맛에 잘 맞는거에요? 근데 소름인건 제가 2년전에 저걸 해먹었는데 전혀 기억이 안났다는거죠 ㄷㄷ 그리고 2년전에도 똑같은 리뷰를 했다는거!!! 역시 사람입맛… 달라지질 않아 18주,"#젤라또, #아이스크림, #낫또아이스크림","sungho_0p | 2025-03-17 | 이사장님이 좋아하심 저도 호❤️❤️
binee_1bitestudio | 2025-03-18 | 낫또..... 안먹는 1인인데 아이스크림이랑 먹으면 괜찮을 것 같아요ㅋㅋㅋㅋ
_hyoungs | 2025-03-17 | 엄청 어리셨네여 😍ㅋㅋㅋ 입맛은 안변하쥬 사람도 안변하곸ㅋㅋㅋ
z._.xin1661 | 2025-03-17 | 진짜 맛있어요...? 낫또를 안먹어봤는데 궁금하당
yeseul0410 | 2025-03-18 | 이사장님이 옛날에 드셨던 낫또 샌드워치 생각나요❤️
chickyj_.x | 2025-03-17 | 이사장님 왜케 예쁘세요 ㅜ
sinminha44 | 2025-03-20 | 슬라임인줄ㅋ
2ii_0801 | 2025-06-13 | 둘다 조아하는것만 ㅠㅠ하 ㅠㅠㅠ이 천재박사같으니
drgvi35yg | 2025-03-19 | ㅠㅠㅜ부디 나또 관한것좀 마니올려주세요 저 이번에 한박스 시켰는데 겁이나요 첫 나또라서
mukorang | 2025-03-17 | 우아..
sxnhyeyexn | 2025-04-08 | 젤낫또
_mmlleook_ | 2025-03-17 | 정리..해주고 싶다..
_mmlleook_ | 2025-03-17 | 오와... 역시 세상은 돌고 돈다...
soul_jang | 2025-03-17 | 낫토 못먹는사람은 괴식"
2025-03-16,8645,프리마 입에 털어넣고 먹던 분들 나오세요. 우선 저요… 사촌동생 분유 훔쳐먹다가 들켜서 혼나자 프리마로 갈아탔는데 요즘엔 왜 옛날 그맛이 안나는 것 같지? 19주,"#프림, #프리마","s.jxn_12 | 2025-03-16 | 한번도 안먹어 보신분…---------------->
songpell01 | 2025-03-16 | ㅎㅎㅎㅎ프리마에 설탕만 타면 우유엿어요ㅎ 타먹다가 그래서 엄마한테 혼낫어요😂😂
kellyfornia_c | 2025-03-16 | 오늘도 귀엽…😍
kimpingky | 2025-03-16 | 어렸을때 할머니집가면 먹을수있었는데 ㅋㅋㅋㅋㅋㅋㅋㅋㅋㅋ
eunyoung2556 | 2025-03-16 | 막걸리에 사이다 섞어먹어봐요 막사 밀키스 저리가라
yalan12418 | 2025-03-16 | 사장님도 쪽~❤️
jongwon9262 | 2025-03-16 | 아이유인줄..폭삭속아쑤다
kimeungyong1385 | 2025-03-16 | 근데 이거 엄청 살찌자나요ㅠ
k.bboo92 | 2025-03-16 | 흡사 논알콜 진피스 느낌
vick4420 | 2025-03-16 | 무릇 진정한 열혈 청개구리 초딩이라면 하지말라는건 몰래라도 해야 인생의 달고 씀을 겪으며 강하게 성장하는 법! 어렸을적 프리마는 어른들이 먹는거라며 못먹게 했으나, 끝끝내 이를 거부하고 몰래 퍼먹다가 걸려 오지게 쳐맞으며 큰 덕분에 40평생 건강한 근육돼지 중년이 됬습니다!!!! (농담이고... 어린이 여러분들. 프리마 많이 먹으면 소아비만 뚱돼지 되요 ^^;;)
jjo_ssan21 | 2025-03-21 | @___dayeong___ @yongdol_0313 생각나냐 닝겐들아... ㅎ
seoui_15 | 2025-03-16 | 🔥🔥
_mmlleook_ | 2025-03-16 | 헐!
mukorang | 2025-03-16 | 우앜ㅎㅋㅋㅎㅎㅋㅎ
knotted_0927_ | 2025-03-16 | 많이 먹으면 살찐다고 많이 맞았지....
seon_ok_h | 2025-03-16 | 옛날생각 나네요… 존맛이였는데… 챱챱…. 원래 저래 뽀얀 색이였나요? 약간 누리끼리 하지 않았었나!? 그건 사촌동생의 분유였나? ㅋㅋㅋ 잘 기억이 안나네용~
sangmoon97 | 2025-03-16 | 당장 프리마 사러 마트 갑니다😂
ehrud_1228 | 2025-03-17 | 요구루트랑 사이다 섞으면 밀키스맛남.
1122alz | 2025-03-17 | 그냥 밀키스사먹는게..😂
bicna.sin | 2025-03-17 | 프리마에 우유 타서 먹었었는데 그 맛은 진짜... 머였지? 무슨맛 이었더라 기억이 잘.....ㅎ
mokpobom2 | 2025-03-17 | 예전 그생각 나는군여 저희 할머니께서 밀가루인줄 알고 프리마전을 해드셨다는 설 . ㅋㅋㅋ
ggwangjun | 2025-03-17 | 오호
yx_nj2 | 2025-03-17 | 안 넘기려할때 넘기지말래서안넘겼더니 진짜 왜그러세요;;
hodoo901 | 2025-03-17 | 문가영 닮아셨어요
_0hyuk_ | 2025-03-18 | 어렸을때 프림먹으면 죽는줄 알았는데
z1s.xn | 2025-03-18 | 프리마가 약간 우유맛 나는건가요
sonbbong_e84 | 2025-03-19 | 그냥 밀키스먹는게 더건강할거같은..😂
88dono62489 | 2025-03-24 | 어릴때 엄마가 몸에 안좋다고 먹지말라그랬는데 가끔 몰래 프리마+설탕 타먹던 기억나네요 개꿀맛 ㅋ
gibuni_11 | 2025-03-25 | 고지혈..
477gram | 2025-03-27 | 푸하핫 밀'..' ㅋㅋㅋ
johnnyahn93 | 2025-04-01 | 마카로니 샐러드 할때도 프리마 넣으면 물도 안생기고 겁나 맛나욤😋
annamaria75__ | 2025-04-04 | Lo.puoi tradurre in italiano🙏❤️😍
caeyun_823 | 2025-04-17 | 국뽀셍트 ㅋㅋㅋㅋㅋㅋㅋㅋㅋ
yu_rim7755 | 2025-05-01 | 사랑해요 밀키스😘
chanmi655 | 2025-06-07 | 외갓집에 간다 > 엄마가 외출한다 > 할머니가 해주신 간계밥 + 후식 프림 > 엄마 돌아옴 > 할머니랑 같이 엄마한테 한소리 듣기
parkyeon369 | 2025-07-20 | 프리마 진짜 살찌는 데 😢"
2025-03-13,2722,"우선 제 주변사람들은 다 맛있다고 했거든요? 해서 드셔보시고 후기 알려주실 분! 저는 턱이 약해서 질기다고 느꼈는데 여기서 만드는 팁은 치즈는 엄청 듬성듬성 뿌리기! 재료: 양파 1개, 치즈 1/2컵 (피자치즈, 파르메지아노,콜비잭치즈 등), 시즈닝은 선택 (소금, 후추, 파프리카가루, 올리브유 등) 1. 팬에 종이호일을 깐 후 치즈를 듬성듬성 뿌린다. 2. 슬라이스한 양파를 올린다. 3. 에어프라이기 190도에 10분 굽는다. 4. 칩이 완전히 식으면 잘라서 먹는다. 냠냠굿 19주","#양파칩, #베이킹, #레시피","s.jxn_12 | 2025-03-13 | 와 진짜 개맛있겠다.. ㄹㅈㄷ 인데요? 방금 밥먹고 왔는데 배고파지는 이사장님 매직~
sungho_0p | 2025-03-13 | 침 고여요ㅠㅠ 그와중에 이사장님 미모 미쳤어요오❤️❤️
sseoa_12 | 2025-03-13 | 라면 스프로 하면 더 맛있데요!
chickenclass2021 | 2025-03-14 | 주말에 만들어 봐야겠어요❤️❤️
mukorang | 2025-03-14 | 완내스❤️
everyday_3016 | 2025-03-13 | 뭔가 코스트코에서 팔거 같은 비주얼인데요😍😍 언니 아프지 말구 이렇게 맛있는 음식 마니 드세여❤️❤️ 홧팅
c.ha1_o | 2025-03-13 | 1빤가,,,?
k_jin_vvx | 2025-03-13 | 더 얇게 해야되용
yeseul0410 | 2025-03-13 | 언니가 먹으니까 다 먹고싶어~~~~♡
watermelonhwacha | 2025-03-15 | Wow 🔥🔥🔥
jisook_2.9 | 2025-03-21 | 음 외국꺼 느낌은 모짜렐라만이 아니라 다른치즈 섞여있는 느낌의 바삭함이었는데 말이죠...
rhythmizm | 2025-03-13 | 와아 ~~~ 대박 배고파요 😢
k.bboo92 | 2025-03-13 | 사장님 정수리.... 빽빽하게 뿌려야 할 거 같은 데요????
myang_ee | 2025-03-16 | 이사장님 바지 뒤집어졌어요ꉂꉂ(ᵔᗜᵔ*)
suns__wife | 2025-03-13 | @suns_zip 해주라
happy_mamipapa | 2025-03-21 | 여기 양파 위에 마요네즈 뿌리면 더 맛있어요👏
yuyu.736 | 2025-04-25 | 정수리가 좀 촘촘한 데요?
seupika60 | 2025-04-12 | 그거 라면 가루로 해보세요,맜있어요
lulu_dad93 | 2025-05-31 | 양파는 씻어야하는데 씻었나오?!
totoro_roros | 2025-04-15 | 파마산 치즈로 깔아야 간이 맞고 더 바삭해요 모짜는 양파위에 파마산이랑 믹스
lucky.joo | 2025-05-23 | 도마 정보 좀 주실 수 있나용?
ooe_ouoa | 2025-05-07 | 아니 재료 두가지라며..왜 더 있어
iq_daeun | 2025-04-26 | 간단하고 맛있어보여요!!!!👏👏 저 근데 목소리가 약간 황우슬혜님이랑 비슷한것같아요😂
rokmclvt861 | 2025-03-14 | ㅎㅎㅎㅎㅎㅎㅎㅎㅎㅎㅎㅎㅎㅎㅎ몸무게랑 반대래ㅎㅎㅎㅎㅎㅎㅎㅎㅎㅎㅎ"
2025-03-11,2514,막상 이렇게 사고 집가면 먹을거 없음 19주,"#코스트코, #이마트트레이더스","seon_ok_h | 2025-03-11 | 주말 오픈런 코코가서 카트 가득 쌓아 장보고 집에와서 정리하면 지쳐서 배달시킴 ㅋㅋㅋㅋㅋㅋㅋㅋㅋ
sunjung3636 | 2025-03-11 | 맞아요 장은봐서오는데 막상먹을껀 없음요🤣
lifestyle_writer_ | 2025-04-17 | 너무 공감가는데요🤣
everyday_3016 | 2025-03-11 | 완전 핵 공감이여❤️❤️ 근데 돈은 많이 나온다는 사실 ㅋㅋㅋㅋ
jjjjju_35 | 2025-03-12 | 그리고 집에가면 피곤해서 배달시켜먹기 ㅋㅋㅋㅋ
tkdydwnddlsslrspdla | 2025-03-11 | 집가서는 배달로 해결 ㅋㅋㅋ
z._.xin1661 | 2025-03-11 | 진짜 행복해 보이신다.....
binee_1bitestudio | 2025-03-18 | 아ㅋㅋㅋ공감ㅋㅋㅋㅋㅋㅋ별로 산것도 없는 것 같은데 왜케 돈이 많이 나오는지ㅠㅠㅠㅋㅋㅋㅋㅋㅋ
yalan12418 | 2025-03-11 | 살 물건이 딱히 없다= 뭘 살지 정하지 않았다= 뭐는 사도 된다
ekil_rats | 2025-03-11 | @carrot_son ㅋㅌㅋㅋㅋㅋㅋ케
seol.sol._.miz | 2025-06-17 | @wonnao_ @js__ss__1125 왜 우리같냐곸ㅋㅋㅋㅋㅋㅋㅋㅋ
w.s_song | 2025-06-25 | @kimyena05 자기가 생각한거만... 헐...
mymy_rose_rose | 2025-04-05 | @nari.__.shin 다들 우리 생각과 같다구ㅋㅋㅋㅋ 코코장보고 집가서 치킨시켜먹기😆😆😆😆
leestagram_hs | 2025-06-24 | @dlwltnr_5.20 진짜 코코 다녀와서 담날 반찬할꺼없어서 쿠팡함
dadadalim1 | 2025-03-11 | 이번주 코코 갈건데 ㅋㅋㅋ 생활비 나가는 소리가 벌써 들립니다
ty0000_0000 | 2025-03-11 | 역시 큰손!!!
코스트코에서 2000억원을
플렉스하는 그는!!!!!
대단합니다👏👏👏
__meishan__ | 2025-03-26 | @today.is.anotherday 나만 그런게 아니였어
hyodong____ | 2025-05-19 | @na_0.1023
ej__ym | 2025-06-11 | @u_gun_66 ㅋㅋㅋㅋㅋㅋ
xvcyuuuk | 2025-03-11 | 자매품으로 올리브영..이있숩니다..
_mmlleook_ | 2025-03-11 | 초공감..
play_eat_goe | 2025-03-11 | 괜찮아요. 이사장이 이렇게 과소비해줘야 그걸 해치우는 콘텐츠도 올라오니까요 ㅋㅋㅋㅋㅋ
shaneeeee_hk | 2025-03-11 | ㅋㅋㅋㅋㅋ민증찍는어색한미소같.......ㅋㅋㅋㅋㅋㅋㅋㅋㅋㅋㅋ
mukorang | 2025-03-11 | 격공ㅋㅋㅋㅋ
yeseul0410 | 2025-03-11 | 진짜 인정이요~!❤️👏
sungho_0p | 2025-03-11 | ㅋㅋㅋ 인정합니다
g_oo_d__d_a_y | 2025-03-11 | 떡볶이랑 핫도그는 포장이나 먹고와야 다녀온 것 같던데요😂 스프도먹어줘야듀 ㅎㅎ
wjddusal38 | 2025-03-12 | 한번도 안가봤는대....가면 나도저렇게??
rhythmizm | 2025-03-12 | 아이고 작살났눼 작살났어요~~~ ㅋㅋㅋㅋㅋ
e_lli_e94 | 2025-03-12 | @karennsy_kim ㅋㅋㅋㅋ 어디서 많이 봤는데 ㅋㅋㅋㅋㅋㅋㅋ
cho.cho.nacho | 2025-03-12 | 고스트코는 배고픈 상태로 가면 안됌!!
jihye_1122 | 2025-03-12 | 카트안갖고 빈몸으로 들어가기 🙌
yemmni_ | 2025-03-12 | @kobong8398 우리인가 ㅋㅋㅋ
tweak_doll | 2025-03-12 | 마트 특
uuee14y | 2025-03-13 | 코스트코 가면 기본 50만원 나오던데
yungyeong3692 | 2025-03-21 | 집가서 계란후라이 해먹었다는
yungyeong3692 | 2025-03-21 | 70나와서 잘못했다 생각했는데
hjb7410 | 2025-03-23 | 간식거리만사시니깐 먹을게없죠 ㅋㅋ
bk3445 | 2025-03-23 | @songdo12 음..회원카드만들지말자 텅장 지름길이여😢
hwang_jeongyeon74 | 2025-03-25 | 코코안간지 어느덧.8년이네요.
k1989.boram | 2025-03-27 | 진짜 집가면 먹을거 없음 ㅋㅋㅋㅋ
dongjeye_mother | 2025-03-28 | 20만원나온나... 처음가서 그런거겠죠..? 😂😂😂
janginseog21 | 2025-03-28 | 극 극 공감합니다
ze.hyxxn | 2025-03-29 | 순간 첫번째나온 감자 과자 먹고있었어서 깜놀ㅋ
jh05jh05 | 2025-03-30 | 울 남편이 옆에서 내가 이럴까봐 말리려고 따라간다고...어쩐지 내가 카트에 물건 넣으면 자꾸 없어지더라니
studio_mudica | 2025-04-06 | 2천억이면 코스트코 매장을 하느 차리는게 싸지 않을까요
ijongseob574 | 2025-04-06 | 주전부리를사잖아요
______soyoung | 2025-04-07 | 전 그래서 메모하고 그것만향해가서 뛰어가서 그것만담고 계산대로 직행..늘 6만원안팍만 구매... 일주일2번씩 가니 문제😂😂😂😂😂😂
icaemi598 | 2025-04-07 | 2천만원은아닌곳갔은데
saraoh38 | 2025-04-08 | 20000000만원=2천억 인데요? ㅋㅋ
ssookx2 | 2025-04-12 | 저 감자과자 못참죠 ㅋㅋㅋㅋㅋㅋㅋㅋ
jm_jinee0212 | 2025-04-16 | @joonmin7 ㅋㅋㅋㅋㅋㅋㅋㅋ남편미아네😂
eekiw9099 | 2025-04-20 | 저보는줄..ㅎㅎ
blackpepper311 | 2025-04-22 | 극공감~😂
arc_light_space__him | 2025-04-25 | 😂😂
radiancema | 2025-04-29 | 나만 코스트코매력모르나? 싼가격없고 대용량이라... 살게없던데
jung_sujin.0403 | 2025-04-30 | @dbsckdrbs123 ㅋㅋㅋㅋㅋㅋㅋㅋ다들똑같군
__ming_qi | 2025-05-05 | @niffum_muffin
hersoogi | 2025-05-06 | 그니깐요...몇십만원 순삭인데...코코 갔다 시장 또가요..😂
uouv330 | 2025-05-06 | 살게 없지만 보이면 사야되는😂
hppang2 | 2025-05-10 | @mcjootaeng 다들 삶은 비슷하군 ㅎㅎ
ddawoooni | 2025-05-11 | @seungho.lxx 우리 사찰당했다 ㅋㅋㅋㅋㅋㅋㅋ
nicomomkami | 2025-05-11 | 극공감요~~ㅋㅋㅋ
y._.ju_ | 2025-05-15 | @jaeyoung__cheon 이거 내자나..?ㅋㅋㅋㅋㅋㅋㅋㅋㅋㅋㅋㅋㅋㅋㅋㅋㅋㅋㅋㅋ
real_jmg | 2025-05-16 | 3인가족은 걍 대형마트가서 조금씩 여러게 사요ㅋ
kjh12621 | 2025-05-18 | 그리고 배달엔딩 ㅋ
dongjin_kwon | 2025-05-21 | 버리지않고 다먹기 진짜 힘듬
hahahaha_eunha | 2025-06-04 | @jinnayeong0214
holic2me_u | 2025-06-10 | 2000000만원 이면 동그라미가 몇개여
simbokseob | 2025-06-12 | 😮😮😮 20만원 너무 절약하셨네..
ikokoamj | 2025-06-22 | 살거없데도
ikokoamj | 2025-06-22 | 집에가면서 밥먹고 들어가자ㅋ
sujeong5051 | 2025-06-25 | 옥순님닮으심
mhkim3 | 2025-06-25 | 코스트코 사도 또 집 앞 마트가서 뭘 또사게됨. 진짜 필요한거 못삼..ㅋㅋㅋ
sogo129876 | 2025-06-26 | 저렇게 사왔는데 막상 먹을게 없다는 ㅎ
hee_rinadream | 2025-07-22 | ㅋㅋㅋㅋㅋ 저만 그런게 아닐거라고 장볼 때 마다 생각합니다 ㅋ"
2025-03-10,5.1만,"이 찰떡 저만 먹고 싶었던건가욬ㅋㅋㅋㅋㅋ 어찌나 맨들맨들 탱글탱글 해보이는지 저번에 제가 인스타 스토리에 올렸던거 기억하세요? 진짜 누워서 슈블리 영상보다가 불현듯 냉장고에 들어있는 늙은호박이 떠올라서 뭐에 홀린듯이 만들었습니다ㅋㅋㅋㅋ 근데 오우 너무 쫀득거리고 맛있어서 정말 정말 만들어보실 만 할거예요! <레시피> -재료: 건조 찹쌀가루 380g, 늙은호박 (단호박) 300g, 우유 280g, 설탕 40g, 토핑용 카스테라 , 식용유 약간 -만드는 법: 1. 호박의 씨, 껍질을 제거한 후 작은 토막으로 썬다. 2. 찹쌀가루, 호박, 우유, 설탕을 넣고 믹서기로 간다. 3. 팬 위에서 불을 켜고 쫀득해질 만큼 익히며 치대준다. 4. 식용유를 묻힌 지퍼백에 떡반죽을 넣고 말아서 모양을 잡는다. 5. 떡이 식으면 썰어서 랩이 감싼다. 19주",,"rhythmizm | 2025-03-10 | 떡 기사 20년했습니다 매우매우 잘하십니다!👏
kyeonoel | 2025-03-10 | 그래서 호박찰떡 공구 일정이 어떻게 되죠?
suna__toon | 2025-03-15 | 뒷집아저씨도 드렸나요😂😂
a._young4 | 2025-03-10 | 이사장님 이뻐요
hasori0512 | 2025-03-10 | 어머 공구 넘 기대돼요ㅎㅎ(그냥 호박찰떡 개맛있어보임)
yeseul0410 | 2025-03-10 | 망고떡인줄 알았는데 호박이라니 😮 라이스페이퍼로 싸면 똑같을것 같아요👏❤️🔥
ji_ye__12 | 2025-03-10 | 운니 영상 마니올려줘 진짜 진심 넘 재밋어❤️
shaquille_2022 | 2025-04-13 | 15주좋아요 3개답글 달기
번역 보기
everyday_3016 | 2025-03-10 | 떡의 반짝반짝 광이 나는데여😍 어려운 과정도 있는데 대단 하다구여❤️
nzz.nfla | 2025-03-29 | Jenang
icha_atau_chacha | 2025-03-28 | 인도네시아의 도돌과 비슷한데 달콤하고 쫄깃한 맛이 좋아요
k.bboo92 | 2025-03-10 | 떡 잘 치네요
qonimsalsa | 2025-03-15 | dodol?
nezzo_toon | 2025-05-16 | 맛이어떤가요 맛이어떤가요 제발
zleeuun | 2025-05-13 | @leebedewy 알고리즘에 이게 뜨는데욬ㅋㅋㅋㅋㅋㅋㅋㅋㅋ
wazi_ssa | 2025-03-22 | teok? jenang labu 😃 @riva_sw
xvcyuuuk | 2025-03-10 | 이거 당장 팔아주세요
mingurimom | 2025-03-10 | 공구 갑시다... 팔은 떨어지겠지만...
soul_jang | 2025-03-10 | 찰떡 좀 치네요~
isiu5378 | 2025-03-10 | 삼부점 비주얼
soshxsha | 2025-05-20 | ngasih resep buat bkin makanannya kak bukan ngerap🙏🏻
x.na_26 | 2025-03-10 | 빨리와따
seunghyeon1226 | 2025-03-13 | 시집가도 되겠네
novia_anggunias9 | 2025-03-18 | Indonesia name dodol labu
s.jxn_12 | 2025-03-10 | 우와 진짜 ㄹㅈㄷ 쫀덕해보임..🔥
gangssidang | 2025-03-10 | 언니팬이여요
gangssidang | 2025-03-10 | 예뻐요언니!!
gangssidang | 2025-03-10 | 힘들겠다
kkm_______7 | 2025-03-10 | 테팔좋네여👏
xyun_na | 2025-03-11 | 이 언니 징ㅋ자 만능이다...
lovelyey_j | 2025-03-11 | 완전 찰떡 좀 치십니다!!!! ❤️
sohae0824 | 2025-03-12 | 이사장님 삥뜯으시는 ㅋㅋㅋㅋㅋ
dalimanzu | 2025-03-12 | 카레찰떡입니다 !
imaginedking | 2025-03-14 | 이수지인줄
mostly_clearrrr_ | 2025-03-14 | 혹시 부업으로 무당도 해요?
venusianpearl_ | 2025-03-15 | 와.. 먹고싶다.. 처음엔 삼불점인줄
daegu.babdori | 2025-03-15 | 26차 공구 기다리겠습니다😍
jmksh222 | 2025-03-15 | 볼륨 업! 자신감도 업!!
exj.1y_3 | 2025-03-16 | 슈팽이.
sofiaabeleen | 2025-03-24 | En español porfavor 😢
loveisgreen0502 | 2025-03-29 | 우리 코딱지가 저렇게 커요,??🫢🙄
michelle_hu_s_l | 2025-03-29 | @sophiepotatoqueen
ni.lff | 2025-03-31 | jenang?...
_alina_chupik | 2025-04-01 | Єбійого
achanathasya | 2025-04-01 | Oalah bikin dodol tah
juli_pastry | 2025-04-01 | di indonesia namanya dodol😁
aynanfurqon | 2025-04-02 | Mereka baru mengenal dodol
madawiyahayus | 2025-04-03 | Dodol
ilputrona_ | 2025-04-03 | dodol itu
jr.kkkm | 2025-04-03 | Gak ada berhenti kalo ngomong
ivyx30syrup | 2025-04-03 | 구찮음 안먹음
alifa.here_ | 2025-04-03 | Wajit eta mah
lotuznha | 2025-04-04 | jenang
1kiaaaww_ | 2025-04-04 | dodol jepang ya?
_leopard_j | 2025-04-04 | 내 코딱지 되게 컷네🥲
ochielobbloo93 | 2025-04-04 | PR baru bang @bahayasihhh
keyca______ | 2025-04-04 | dodol itu cik
sytinalee | 2025-04-07 | Uyuuuuuyyuuuuuuuuuuuuuu my
asriealf | 2025-04-07 | Ini mah dodol wkwk
baesohyeon1109 | 2025-04-08 | 막잇게ㅑ
aznrisk4aa | 2025-04-10 | itu dari pepaya?
anjani_009 | 2025-04-11 | Di indonesia mah dodol itu namanya 😂
karinasofia603 | 2025-04-15 | 🙌😢😍
hy_un2oo | 2025-04-18 | 와...🤤
nabilalaww3 | 2025-04-19 | kek dodol gitu yaa
cafe127_dec7 | 2025-04-22 | 늙은호박 진짜 너무 좋아하눈데 이거 만들어 봐야겠어요. 반죽기에 넣고 치대서 몰캉몰캉 만져볼 생각하니 벌써 설렌당
mrycrlna | 2025-04-24 | Dodol labu ini mah mbaa
guacabich | 2025-04-28 | Nyum
m10__0k1 | 2025-04-30 | @bluesyces pais waluh?
rhm.egal | 2025-05-05 | Pengen coba😍
nswaslza | 2025-05-06 | Ke dodol
edhydchf | 2025-05-10 | 와 대벅
t_hee._.kim | 2025-05-10 | 엥.. 어릴때 실수로 만든적 있는데.. 유행..인가.?
kkkkhnn | 2025-05-12 | @cooing1226 곤쥬 우리 이거 맹글까
_.lighthunter | 2025-05-18 | slowly bro
hungy.o | 2025-05-19 | Bro why does korean ppl yap so much
ririn_dama_yanti_yudiman | 2025-05-19 | Dodol
e_caaaa77 | 2025-05-22 | Seperti dodol
wiesin81 | 2025-05-23 | Dodol labu kuning/ jenang labu kuning ..beda nya santan di ganti susu uht ( klo di video pake susu )
gettinmyjamsright | 2025-05-26 | Only I reached on Korean side of Instagram 😭😭😭😭😭😭
putrizzz.here | 2025-05-27 | jenang
yuha__emo | 2025-05-28 | @re__um 우리 스탈일듯
25hourluvv_ | 2025-05-30 | น่ากินนนน
rennnnnn_e | 2025-06-05 | @yakey_chiu 麻糬？
natibeensexy | 2025-06-07 | @brysondangelo
byeeeeeeyyyyye | 2025-06-08 | Jiga dodol;(
laavenue_official_ | 2025-06-11 | 공구 알람 완료!👏
hasori0512 | 2025-06-11 | 만드는게 삼부점 같네요
_ayihzema | 2025-06-16 | Itu gemblong rasa labu ya
filistin_muslumann_davasidir | 2025-06-19 | Bu tatlının adı ne?
dlgofl99 | 2025-06-25 | wendy😮
theestarrb | 2025-07-01 | In Indonesia, we called ""dodol""
lover20421 | 2025-07-27 | 🔥🔥🔥"
2025-03-08,2.4만,"양파분말 진짜 도른자입니다.. 저는 고기먹을 때 시즈닝으로도 쓰고, 다른 요리할 때도 많이 쓰는데! 특히나 삼겹살 구울 땐 이 비율을 꼭 기억하십시오.. 소금과 양파분말은= 1:3 20주","#양파분말, #양파가루, #레시피","morinoutacohea | 2025-03-09 | 같은 브랜드는 아니지만 유명 프랜차이즈 곱창구이집 맛의 비결이랍니다😂 마법의 가루~ 하면서 뿌리시거든요ㅎㅎ
s.jxn_12 | 2025-03-08 | 저 저거 이사장님 영상보고 샀는데 진짜 아예 고기의 질(?)이 갈라진달까?! 진짜 완전 맛돌이에요..ㅠ
everyday_3016 | 2025-03-08 | 언니 치킨 먹을때 뿌려먹어두 맛있을거 같아요 ㅎㅎ❤️❤️
soprano_parrucchiera | 2025-03-09 | 이뻐지셨어요❤️ 원래도 이쁘지만요
sang_sang_3o3 | 2025-03-08 | 엥…언니 예전부터 양파가루 뿌려드시지 않았어요? 영상에서 봤는데
dotory0521 | 2025-03-09 | 곱창이야기 비법가루가 이것이였나 !?
yunbomi2344 | 2025-03-09 | 이틀전에 사서 뿌려서 먹었는데..전 뭐가 잘못된걸까요?ㅜㅜ잘 모르겠어요😢
mukorang | 2025-03-08 | 나두 사야지
yeham8805 | 2025-03-13 | 😮오디서 구입을 할수있오요 ❤️
in_se_d | 2025-03-08 | 와 저거 하나 뿌린다고 종자가 달라지다니..
j.happiness_88 | 2025-03-08 | 양말ㅋㅋㅋㅋ
iseul7772 | 2025-03-11 | @90mj_k 하나살까?ㅋㅋㅋ
yool_0221 | 2025-03-09 | @se_ok0226 어쩐지…
hye._.choi | 2025-07-25 | @2._.get
q_banddo_p | 2025-03-09 | 닭꼬치 구울때도 굿~
yeseul0410 | 2025-03-08 | 언니가 먹으니까 다 사먹고 싶어ㅠ
crystal.1209_ | 2025-07-25 | @gun.0606 이거다
_soheeworld_ | 2025-03-09 | @_thdusdl 글램핑 갈때 사갈까 ,,><
a0_0218 | 2025-03-21 | @moo._.gi
la_wer_ | 2025-03-10 | @aug19_yoon 킥이네
1jing__jing1 | 2025-03-09 | @aespyn 산다 만다
sy_sha7 | 2025-03-11 | @janejaewongs @_a.yoon 토여일에 양파가루 사가야하나
chaechaechaechaei | 2025-03-19 | @wuu.oo 준우야 이거래
borabo123 | 2025-03-10 | @huyunmo
soul_jang | 2025-03-08 | NG도 나는구나 ㅋㅋㅋㅋㅋㅋㅋ원래 말을 잘하는 줄 ㅋㅋㅋ
daaaaamii_16 | 2025-04-02 | @yoodaehyeok 비법을 찾았다 양파분말!
mmmran_ | 2025-03-10 | @off.b_ 호곡
kimji_2 | 2025-03-09 | @koo_zza
gee._.300 | 2025-03-16 | @h.ong_2 @0k.star @h_r.mm 이거도 사쟈 구럼
xx1hyun | 2025-03-15 | @_zeongm
nij_nooy_ | 2025-03-10 | @ik_nuyh_
gogogomina | 2025-03-13 | @yeumks
play_eat_goe | 2025-03-08 | ㅋㅋㅋㅋ KCM도 탐낼 비니를 쓰고서 꿀템 ㅈ추천해줘서 고마워요!!! ㅋㅋㅋ 소금+후추 조합이랑 양파가루 조합이랑 비교해가며 먹어볼게요
tlttle08 | 2025-03-09 | @ots__95
_mmlleook_ | 2025-03-08 | 이슬나라 양파분말에 옥수수전분인가 도 들어있던 것같은데 글구 생강가루도 있어요 이 편한 세상
dmsseoya | 2025-03-11 | @hong_seop
noden562 | 2025-05-25 | 저거 금방 굳어요 소량씩사세요
jinaoo6222 | 2025-03-08 | @lim3763412
strong._.bb | 2025-03-08 | 양말🤣🤣🤣🤣🤣🤣🤣🤣🤣🤣🤣🤣🤣🤣
sooyeon8585 | 2025-03-09 | 배달전문점 삼겹살비법음...구울때 마가린좀 넣는거랑요ㅎㅎ
sooyeon8585 | 2025-03-09 | 삼겹살에 소주쫌 뿌리고 저거 좀뿌리고 마가린 살짝녹이고 굽거나 기름에 튀기는게 배달전문점 영업방닉
msl101515 | 2025-03-09 | @_____ahahahaha_____ 🧅
hyo_ooh | 2025-03-09 | @sang__._.5678 쟈기야 그렇데
plain.stone | 2025-03-09 | @wkd.jh 호오옹
jungxjem | 2025-03-09 | @jemmo.jo
mazzanggo | 2025-03-09 | @juyeon_0128 해봐
tori.zip____ | 2025-03-09 | @luna.zn92
yul__1111 | 2025-03-09 | @siso_yulpapa
mong._.9 | 2025-03-09 | @xwoongxx
ho_ya_92_ | 2025-03-09 | @nss422
wisdom164 | 2025-03-09 | @hyvahyva95
y_kko.9_m | 2025-03-09 | @92_0102c
jin__a_kim_ | 2025-03-09 | 어디서 구매 하나용
a_yeon_1 | 2025-03-09 | @s___.young 니땀시 고기묵고싶으
thgml._.hee_16 | 2025-03-09 | 어....그릇 내 최애 추억의 그릇
2_silver._.j | 2025-03-09 | @m1n_0116
zzin.ah | 2025-03-09 | @bbyung.k 사야겟다
e_bboongbboong | 2025-03-09 | 모자 정보가 몬가요..
haanzin | 2025-03-09 | 맛소금
han_____._ | 2025-03-09 | 마늘가루도 존맛탱
_kimhee___ | 2025-03-09 | @melt_bigboss 궁금하닷ㅎ
zi._____.ni | 2025-03-09 | @move.__.uk
_wittyyy._.0zzz0 | 2025-03-09 | @zero_server
_3.74kg_ | 2025-03-09 | @eunyoung1917 엄마 우리집꺼까지 2통사
margokitelake | 2025-03-10 | 그냥 맛소금 뿌린대요
rrrrrain_0 | 2025-03-10 | 저거떡볶이에 넣어먹어도맛도리임
malja_amee | 2025-03-10 | @bongpal_avee
yosicoe | 2025-03-10 | @bbingcall
uziniiiii | 2025-03-10 | @jphk92 양파분말 .. 사야겠군
dangdoll_ee | 2025-03-10 | @_daedam_ 오호 양파가루 사야겠네
choisum_95 | 2025-03-10 | @ssong_bari
puedo__ | 2025-03-10 | @on_cloud02
heevely_0314 | 2025-03-10 | @dungs_u 양파가루핑!
ju.yeon.l | 2025-03-10 | @jooenphoto 양파분말 ???
min0keem | 2025-03-10 | @readman44 날짜지나서버린 내양파분말
jsda_k | 2025-03-11 | @j_huni__0
jina.myeong | 2025-03-11 | @hanmongni
3boys_home | 2025-03-11 | @jisang14 우리두사보자!
min0z_z | 2025-03-11 | @d_0gyu
_ju_md_ | 2025-03-12 | 마늘 가루 아니엿나...ㅠㅠ
eun_ae_0520 | 2025-03-13 | @dal_lok2 해죠 맛있대
rimmmerim | 2025-03-13 | @heylsc
salehalsawat | 2025-03-13 | 👏
yxrx___ | 2025-03-14 | @ljungjae 오늘 고기집에서 이걸 안뿌리셨네..
qo.op_in | 2025-03-15 | @bong_jun6345 양파가루
jiih_pic | 2025-03-15 | @hee1.506 살까?
h._.min96 | 2025-03-17 | @yy._.w96
39._.600 | 2025-03-17 | 시식고기맛의 비법이 마늘가루라고 들었는데 양파가루도?
som.______.2 | 2025-03-18 | @2_______no
sssssdyyyy | 2025-03-18 | @_annn.ji 이거다
5yul2 | 2025-03-18 | @maenggul2
oblivion7772 | 2025-03-20 | 바로 질렀습니다. 생활비 아끼는 도전 중인데 요건 못 참았네요 ㅋㅋㅋㅋㅋ
_vely_hye_ | 2025-03-21 | 김장철에 마트에서 수육 팔면서 양념가루 같이 주는데 수육했더니 너무 맛있는거임 담날가서 또사면서 이가루 어떻게 만드신 거냐 했더니 양파가루 마늘가루 섞어서 만들었다함 그뒤로 두개사서 삼겹살 구울때 수육에 듬뿍 넣어서 해먹음
jjunu_h | 2025-03-23 | 영상의 상품 성분명 : 양파분말 30% / 양파분말 | 원재료명 및 함량: 옥수수전분 옥수수: 외국산(러시아, 헝가리, 세르비아 | 등), 양파분말30%(중국산), 알파옥수수가루(옥수수: 외국산(호주, 인 도, 루마니아, 세르비아, 불가리아 등), 정제소금, 포도당, 양파오일 / 저 제품을 사봅시다!
xxreira | 2025-03-25 | @ssunshine.k 이거 뿌려서 고기 머꼬싶다🤤
u__binn | 2025-03-29 | @g.h_jang
leezheming2 | 2025-03-30 | 라면스프에 찍어먹으면 맛잇지 ㅋㅋㅋ
m._.guk | 2025-03-31 | @han__na94 담에 한번 사가지고 먹어볼까?
naninina1027 | 2025-04-02 | 마늘가루가 더 맛나요
sung_a0606 | 2025-04-07 | @bbansae 이거사가야되나"
2025-03-07,1061,crocskorea 크록스를 진짜 먹을 수 있다면? 한 번쯤 상상해 보셨죠? (아니면… 나만?😆) 화이트데이가 코앞! 이번 주말엔 크록스 모양 간식을 만들고 이벤트 참여해 보세요! 일단 참여만 하면 우기기 가능! 🤫 💗‘크록스 간식 만들기 대회’ 참여 방법💗 1. 크록스 슈즈 or 지비츠™ 참 모양의 간식을 만든다 2. 필수 해시태그와 @crocskorea 태그하고 피드 or 스토리에 업로드하면 끝! 📸 3. 필수 해시태그: 📌 참여 기간: 3/7 - 3/16 📌 이벤트 경품: 크록스 슈즈 1족 + 지비츠™ 참 + 크록스 슈즈 모양 버터 (총 5명) 20주,"#광고, #크록스, #크록스간식","sebyuk._.02 | 2025-03-07 | 언니... 이젠 크록스 광고까지 섭렵해버린거야...? ㅎㅏ 내가 미쳐... 나만 알던 언니 어디갔어... 인기쟁이가 되서 와버렸네... ( 축하해요!!! ) 😢❤️❤️
everyday_3016 | 2025-03-07 | 와 진짜 너무 신기해영❤️ 먹는 크록스라니!!
s.jxn_12 | 2025-03-07 | 앜ㅋㅋㅋ 저번에 스토리에 올리신게 이거군아 ㅋㅋㅋㅋ
oh.dayul | 2025-03-07 | 1빠!!! 언니 오늘도 미모 레전드!!!!😍😍🔥🔥👏크록스 귀여워용!!!😍
xvcyuuuk | 2025-03-07 | 몰드까지 만드셨다니 .. 너무 대단해 진짜ㅠㅠ
eunchae_hodoo | 2025-03-08 | 언니 띠미님 처럼 양파칩 말들어줘😍
dotoree.s.note | 2025-03-18 | 핑크 크록스에 지비츠까지👏👏
퀄리티 짱이에요😍
jhg_1113 | 2025-03-07 | 2빠 예
yeseul0410 | 2025-03-07 | 언니 스타일 크록스네
wo.x_a | 2025-03-07 | 와 언니 성공햇구나..
z._.xin1661 | 2025-03-07 | 진짜 금손 ..... 그냥 신고 나가도 모르겠어여ㅋㅋ
sungho_0p | 2025-03-07 | 대박;;; 역시 못 하는게 없으셔
ch._.e.un | 2025-03-07 | 잘 만드렀당!❤️❤️❤️
okadacsn | 2025-03-08 | 진짜 금손 볼매 귀염둥이ㅋㅋ"
2025-03-06,1580,"이상하게 생겼지만, 알고보면 엄청 많이쓰는 식재료였다니! 와.. 그동안 음식 재료인줄만 알았지 타마린드를 그냥 씹어먹을 수 있다는건 상상도 못했네?? 한번씩 집에서 팟타이, 쏨땀 만들 때 타마린드 페이스트를 썼었는데 알고보니깐 전세계적으로 말린 타마린드를 간식처럼 즐겨먹는다고 하더라구요? 이게 맛이..되게 맛있다기 보단ㅋㅋㅋ 뭔가 몸에 좋을 것 같은 멋이 나길래 분명 즐겨먹는 이유가 있을 것 같아서 찾아보니깐 효능이 있더라구여 정보 공유⬇️ <타마인드 효능> -타마린드는 괴혈병 치료와 같은 전통적인 약재로도 사용되며, 동남아시아의 민간요법에서 다양한 질병의 치료제로 활용됩니다. -항산화 및 항염증 효과: 폴리페놀과 타르타르산 같은 성분이 염증을 줄이고 심장병, 암, 당뇨병 등의 만성 질환 예방에 도움을 줍니다. -소화 개선: 식이섬유가 풍부하여 소화를 촉진하고 변비를 예방하는 데 효과적입니다. -영양소 공급: 철, 비타민 C, 칼슘, 비타민 B, 칼륨 등의 영양소가 면역력 강화, 뼈 건강, 혈압 조절에 긍정적인 영향을 미칩니다. 20주","#타마인드, #tamarind, #간식, #레시피","delayed_9 | 2025-03-06 | 해외에 살때 자주먹었는데 진짜 맛있었어요!!! 제 최애 중 하나였어요😋
xvcyuuuk | 2025-03-06 | 타마인느 효능도 적어주는 친절한 이사장님🌺🌺 근데진짜 생긴게 힘들긴하네요ㅠㅠ
peterabbits5_3 | 2025-03-07 | 동남아에선 흔하게 볼수 있어요❤️달달하니 맛나요
s.jxn_12 | 2025-03-06 | 저런음식이 있는지 처음 알았어요!!
liana.liam.kangster | 2025-03-11 | 곶감맛이던데 전 불호..... 곶감은 좋은데 이건 별로였네요 먹기도 불편하고. 근데 신랑은 좋아해요
sungho_0p | 2025-03-06 | 오늘 왤케 이뻐요ㅠㅠ
juh.axo.o | 2025-03-06 | 와 오늘은 빨리왔네요 오늘 영상도 꿀잼!
jihye422 | 2025-03-06 | 곶감맛? 저거 맛은 있는데 ㅋㅋㅋ씨 잘못씹으면 강냉이 나가요😂
yeseul0410 | 2025-03-06 | 이사장님은 특이한 음식 잘 드시네요~❤️👏
j__star__._ | 2025-05-28 | 진짜 최애❤️새콤달콤 대신 먹는ㅋㅋㅋ 진짜마싯어욤
hxerz_n | 2025-03-15 | 꾹티비...?
yjy11_15_ | 2025-03-10 | 19주답글 달기
min85 | 2025-03-09 | 새콤한 곶감맛👍👍
so_yeon_4018 | 2025-03-09 | 저거 울 엄마도 먹던뎅....내 입맛은 아님....
everyday_3016 | 2025-03-06 | 갈색으로된 완두콩 같이 생겼어요 ㅋㅋㅋㅋㅋㅋㅋㅋㅋ
ililiiiillillilll | 2025-03-09 | 겉에 설탕이랑 매운고춧가루 묻혀서 먹어주세여
sseul.l | 2025-03-14 | 맛이 없었어요.. 그래서 호텔에 두고나옴
kyeong_miny | 2025-03-10 | @y._.n11 @jini.wooo 우리 목식당에서 먹은 새우소스!! 타마린드!!
dbs4519 | 2025-05-25 | 개불 말린줄알았네요ㅡ.ㅡ
_factretriever_ | 2025-05-30 | 헉 이거 팟타이에 없으면 안되는 재료!! 실 모양은 처음보네요 와….
jung_seunghwa | 2025-03-10 | 우스터 소스 원료로 유명하지요.
celine.s_8540 | 2025-03-09 | 맛있는데
yeonseo3584 | 2025-04-27 | 개불 얼려둔줄 알았음
xjwurt | 2025-05-25 | 아아.. 차에서 까먹지마아아아아😢😢
pseoy_ | 2025-03-06 | @a_man_after_midnight_
ddong.go_yang | 2025-03-06 | ㅋㅋㅋ
raviners0218 | 2025-03-09 | 굉장히 시어여
165.2_go | 2025-03-15 | 말린 자두 같은 맛 .... 나는 불호였던 ㅠ @96._.09.27
baki0810 | 2025-03-07 | 개똥 같은디"
2025-03-05,2만,쌍문동에 사시는 분들!! 여기 기억하시나요? 아니 근데 댓글중엨ㅋㅋㅋㅋㅋㅋ 남친이 학창시절에 분명 여자친구랑 갔을거라는 댓글이^^ 하하하 이거 확인이 안되니 참놔 <가게 정보> -가게 명: 호호분식 -주소: 서울 도봉구 도봉로121길 32 -가격:치즈밥 대(5000) 우동 (4000) 쫄면 (4000) 카레떡볶이 (3000) 모듬강정 (3000) 20주,"#서울맛집, #쌍문동, #쌍문맛집","b._.d____t | 2025-03-05 | 이대 치즈밥 아시는분...? ㅠㅠㅠㅠㅜ 전 진짜 이대의 치즈밥집들을 사랑했거든요 ㅜㅜ
xvcyuuuk | 2025-03-05 | 저 지방사람이라 그런가 치즈밥 처음봐요... 너무 맛있겠다..
is_ch_90 | 2025-03-05 | 제 최애는 호박넝쿨!! 고딩때 찐 단골이였는데 ㅠㅠ
leeawart_ky | 2025-03-16 | 와 정의여고 출신인데 ㅎㅎ고딩 때 참 많이 갔었고 지금도 아주 가끔 고딩 애들 만날 때 가요 ! 치즈밥 하나로 노나먹던 고딩들이 삶에 쩔어서 지금 가면 먹고 싶은 거 다 시키는 어른이 되었답니다 ...와하하 이사장님 입맛에도 맛있으셨나요?!?
angelkkang | 2025-03-05 | 헐 여기 엄청 많이 갔는데!!! 완전 반갑네요😆😆 오랜만에 보니 먹고싶어요❤️
yalan12418 | 2025-03-05 | 이제 저 식당도 줄 서서 먹겠는데여... 언니 너무 맛있게 먹었쟈나...!❤️❤️
z._.xin1661 | 2025-03-05 | 맛있겠다ㅏ 항상 이런집은 우리집 근처에 없어용ㅋ큐ㅠ 이사장님!! 함 만들어 주세용! ㅎㅎ
mukorang | 2025-03-05 | 치즈밥 죤맛
pseinguem | 2025-03-06 | 오호~우리동네 맛집입니다 ㅎㅎ 치즈밥두맛나고 떡볶이 짜장떡볶이두 대땅 맛있어요☆☆
suna_1388 | 2025-04-12 | @joo_j_617 @jujunga77 @lukullus11 호박 파란 보다 호호가 정말 찐 원조 ㅋㅋ 너무 맛잇움 으리 가야지...
leo.chunjang | 2025-03-07 | @kimdelay0214 @hani_dang_ 먹고픔ㅋㅋ하니랑한번갔는데ㅋㅋ
mi_ny.00 | 2025-06-12 | @kosymbol_0825 오빠 여기 모루지.. 치즈밥 개맛잇움 !!
eey.ad | 2025-03-24 | @lipfunk_sunnylock @jinny01290 먹고싶당🥹
_e0joo_ | 2025-03-09 | @sysysy.m9 여기는!
mimi_chuuuu | 2025-06-18 | @2_mystery 왜싱비가 생각나ㅠ 가까ㅠ
kimji0n | 2025-03-14 | @mumaleng2 여기갈래
naarrriiii_ | 2025-04-02 | @taemiiiin_ 가볼래ㅜㅜ
sh_jerry_22 | 2025-05-29 | @p__comet__ 가보고싶소
doenee92 | 2025-03-05 | @kim.dini_ 추억이다
alvb_1226 | 2025-03-16 | @eeeeungggg 호호는 쫄면 필순데 진짜.. 어때 땡기지 ㅎ
oej2027 | 2025-03-21 | @lseul.89 @woon_08.31
y_m1mi | 2025-03-09 | @pure_pearls_
d.__yeonn | 2025-03-09 | @hyo.jong 오랜만에 치즈밥 먹고싶어졌어
wldms912 | 2025-03-07 | @b.5_k.0 아니 치즈밥을 모른대 하 어떡하냐
0o0jini | 2025-04-21 | @2soyi 나도 이대 치즈밥이 가끔생각나
_ux1zn | 2025-03-05 | 언니 함만들어보자
hyem._.zzi | 2025-03-07 | @dmsl_gray 더..유명..햐지면 안되는데
_y.eunji | 2025-03-10 | @fyncana_1 @dbthfk1025 모이자
jaekkong | 2025-03-08 | @breath_on2 @luv____han @u_zip_u @juhye_1024
ji.hy_un | 2025-03-06 | @ssol_0509 @s__song__ 호박넝쿨은 사라졌잖아... 여기라도 가쟈
s__jung922 | 2025-03-30 | @hye0ni @yoonnsse0 @bosoni_ 우리 여기 가보지않았나???????
no.1aurora | 2025-06-13 | @voslarmes 야..아찌.....
junheeee_l | 2025-03-05 | @heeeesu_n 오오 여기 !!
baehyesoo | 2025-06-11 | @dal_seowoo 찾았따!!!!!
light__crab | 2025-06-08 | @yul_ah__ ㅁㅊ...후문 치즈밥....
sebyuk._.02 | 2025-03-05 | ㅎㅏ 언니 201번째 하트는 제가 가져가겟습니다 불편하게 만들기!! 킥킥 ( 사실 나도 불편함 ) 👏👏
s.jxn_12 | 2025-03-05 | 와 완전 맛있겠다.. 도대체 이사장님은 저런 음식을 어떻게 발견하시나요..ㅋㅋㅋ
baggeumhui26 | 2025-03-05 | 맛있는것들만모았네요!
c_nuri.h | 2025-03-05 | 치즈밥 맛잇겟다.....그냥 집에서 자주해먹엇엇는데ㅠㅠㅠ
slwudeel | 2025-03-05 | 치즈밥....ㅠㅠㅠ !!
yeseul0410 | 2025-03-05 | 언니 ! 저거 고추장 밥에 비비고 치즈랑 옥수수 올리면 될것같은데?
jooharoo_travel | 2025-03-05 | 저희 동네가 나와서 괜시리 반갑네요!!!😍
sve_cookie | 2025-03-05 | 김밥나라 제육치즈돌솥비빔밥
hmyioso | 2025-03-06 | 치즈밥이 나오다니😮😍 신기하고 반갑네요~!
hmyioso | 2025-03-06 | 제가 근처 고등학교 나와서 친구들이라 가끔 먹으러 다녔거든요~^♡^~ (TMI입니당!)
all1wannadoluv | 2025-03-06 | @178.00gb_rem
guruguru_bim | 2025-03-06 | 돈암동 치즈밥두 최고였는데😢
player.ggu | 2025-03-06 | 고딩때부터 먹던~ 곳 사장님 그대로임.
ji__hye0504 | 2025-03-06 | @mincheol1 먹고싶다ㅠㅠ…
ashrcw | 2025-03-06 | 2000년도었던 그시절도웨이팅 장난아니었음ㅋㅋ양쪽3군데서 팔았는데 여기가 단연 원탑! 1위 치즈밥 2위 모듬강정 3위 치즈떡볶이ㅎㅎ
k_mijun0_0 | 2025-03-06 | @daldal._.hae 먹고시프다 ㅠ
solji729 | 2025-03-06 | 외대 근처에 있던 치즈밥 생각나네..
heevelyyyy | 2025-03-06 | 호호분식 진짜 자주갔었는데유... 지금도 가끔 친정가면 애들데꾸 먹으러가요
s_yoon594 | 2025-03-06 | 여기 진짜 많이 갔었는데ㅠㅠ추억돋는당..ㅠㅠ 가격은 세월 무시 못하지만~~~그래듀 굿굿👏❤️
ttf_qp | 2025-03-06 | @tuisossong
idontlovefreshair | 2025-03-06 | 와 여기 진짜 맛있는데!
threee__mom | 2025-03-06 | 꺄 대학다닐때 학생식당에있었는데 ㅎㅎ 추억이에용ㅋㅋ
shinmmi | 2025-03-06 | 치즈밥맛있졍..🫠
jo_._na | 2025-03-06 | @naminamina_0925 나명씨 치즈밥 해듀데요
ing_02182429 | 2025-03-06 | 아 소문나면 안대는데ㅜ @juri_roda
yeh._l | 2025-03-06 | @55_eun 통일이요 생각난다,,,,,
im._.monika | 2025-03-06 | 이 분식집 길 따라 올라가면 여고가 있어요. 그 여고생들은 하교하며 먹는데 저는 타학교라 버스타고 거기까지가서 먹던 기억이 나요! 그 여고생들이 부러웠을 정도로 맛있게 먹었어요🙌
yoon_g_0574 | 2025-03-06 | 여기 집에서 가까운데 한 번밖에 못 가봤네요ㅠㅠ 모짜렐라 치즈 넘 좋아해서 치즈밥 맛있던데 조만간 꼭 또 먹으러 가야겠어용🥹
jjanji7 | 2025-03-06 | @hanseuling 대진 옆에 김천...치즈..
seunghyeon1226 | 2025-03-07 | 남자친구 도 있네....
cynicalsky | 2025-03-07 | 치즈밥있슈! 대학와서부터 먹어봤어요 존맛❤️
_hitit.08 | 2025-03-07 | 저거진짜존맛 ㅎㅎ
1_jinny | 2025-03-07 | 여기 지짜 많이 갔었는데ㅠㅠㅠㅠㅠㅠㅠㅠㅠ맛있져🥹
hyeonju__2222 | 2025-03-07 | @h0302r, @yul.1214, @jj___luv33
sxo.yyx0 | 2025-03-07 | @_sxne2 @yoona_7787 아 여기 나오면 큰일나는데 정여애들만으로도 벅찬데…ㅠ
leemi9012 | 2025-03-07 | 저는 파란하늘 많이갔는데!!생각날때 종종 가고있어요~ㅋㅋ
yura5640 | 2025-03-07 | 치즈밥 진짜맛있어요 저 집에서 가끔 만들어먹었어요
omgg_910 | 2025-03-07 | 치즈밥이슈~~
blissbb7 | 2025-03-07 | 남친잇는줄몰라쒀
haram._.l | 2025-03-07 | 쌍문동 18년 살고있는데 이름만 압니다.
rabbitsoon | 2025-03-07 | 저희땐 대짜3500원 이였는데ㅎㅎ 아직도 맛있겠네요
proverb.s_169 | 2025-03-07 | 창동고나 다른 학교 애들이 더많이 왔던ㅎㅎㅎ 호호분식 자주갔었고 호박넝쿨 파란하늘 다 약간씩 달라요ㅎㅎㅎ
qewq1997 | 2025-03-08 | 저는 고등학생때 진짜 자주 갔어요 ㅎㅎ 남자친구분이 말씀하신곳 .. >>
eelanim_a | 2025-03-08 | 치즈밥.. 중고딩때 필수코스.. 20여년전….ㅜ
_haajin | 2025-03-08 | 치즈밥 치즈떡볶이 존맛탱구리죠🥹
cntelw | 2025-03-08 | 이집 25년째 단골 입니다🐒 최고입니닷😻
minjunha1719 | 2025-03-08 | @ss.__.eunju 은니야 맛잇것다 담에해조라
chunoki_523 | 2025-03-08 | 여기 치즈밥 원조임...저 고등학교 근처나와서 여기맨날 갔는데 진짜 개맛도리 아직도 생각나여 꼭가세요
somm.zumo | 2025-03-08 | 성신여대 짱구도 존맛탱인데..
som_yi_2 | 2025-03-08 | @joo__hyeonn
jh_iy_eon | 2025-03-09 | @yo._.o_sh 치즈밥 ㅈㄴ 추억,,,,
h_03.07_s | 2025-03-09 | 호박넝쿨 찐이에요..🥹🥹🥹🥹🥹🥹🥹
jungetime | 2025-03-10 | 저 먹어봤어요😍 ㅎㅎ 갑자기 땡기네요😍
1982.10.06 | 2025-03-10 | @1983.10.23 넘 맛있을거 같노 ㅋㅋ
gangssidang | 2025-03-10 | 와씨맜있겠다
9j._.y8 | 2025-03-12 | @minggyong.e 치즈밥또먹구십다..
a9seul | 2025-03-12 | @2_popularity 내가 말한거 ㅎㅎ 근데 난 호박넝쿨을 가써 바로 학교 앞 ㅋㅋㅋ
sy___0092 | 2025-03-13 | @mijung_xoxo0714 ㄹㅇ찐맛쥡...
minha_eum | 2025-03-13 | @marana_tha_h 나 이거 먹고싶더
r.udwls_ | 2025-03-13 | @y____gggggg 마싓겠당..
q.lizzy | 2025-03-15 | @parkdasomie ㅠㅠ
hj_cecilia | 2025-03-16 | @olzldiof 추억의 호호분식 치즈밥❤️❤️❤️
seng_woo0519 | 2025-03-17 | 치즈밥 알촌이 추억이죠
h___s2___ | 2025-03-18 | @s2_jelly ㅠㅠㅠ엄지네 생각나요ㅠㅠ
water_youn | 2025-03-19 | @goguma_yanggang_cat 내가 말한데 여기야"
2025-03-04,3637,"오늘 입학식 하신분들?😀저도 어렸을 때 입학식 사진을 풀어보려고 했는뎈ㅋㅋㅋㅋㅋ 아무리 찾아도 사진이 없어서 ㅠㅠㅠ 결국 누가봐도 시골 촌뜨기 사진 open 어쩔 수 없어……………. 남들은 다 눈코입 인형같이 생긴 어린시절 사진을 풀지만 나는 진짜 어린이집 끝나면 논밭에서 개구리, 올챙이 잡고 놀던 시골 아이였는걸!!! 늘어난 내복입고 사진 찍던 저 아이는 약 20년 후.. 똑같이 늘어난 잠옷을 입고 영상을 찍는 어른이 되었습니다. 이번에 입학한 초등학생, 중학생, 고등학생, 대학생…..(대학원생분들도 껴드릴게) 얼마나 콩닥콩닥 뛰는 맘을 안고 입학식을 하셨을지 새로운 시작을 응원하며, 모두모두 축하드려요!!! 우리 단골님들이 저한테 맨날 가득 사랑과 응원을 보내주시니 저도 똑같이 사랑과 응원을 보내는게 인지상정❤️ 오늘 입학식 잘 하고 와서 다들 맛있는거 드셨어요? 저는 마지막 입학식이 한..10년전 쯤 됐는데 우리때만 해도 입학식, 졸업식때 짜장면 먹는게 국룰이였거든요! 요즘은 뭐먹어요???? 20주",,"dotory0521 | 2025-03-04 | 이뻐랑 😍 이사장님 ❤️ 미소에 절로웃음이❤️
yeongdda0709 | 2025-03-04 | 아니..애기 때랑 진짜 똑같네요! 귀엽당...약간 말썽 부리고 부모님께 웃는 그런 모습 같아요
qwepoiii1209 | 2025-03-04 | 눈웃음 ㅠㅠ 뭐지 ㅠㅠ 계속 생각날 귀여움이에요
roseto_beauty | 2025-03-04 | 지금이랑 똑닮 ❤️ 귀여웅 ㅜㅜ
everyday_3016 | 2025-03-04 | 어릴때 웃는 모습이랑 현재 웃는 모습이랑 정말 넘 귀엽구 사랑스럽쟈나요❤️저도 오늘 입학식 했어여 ㅎㅎ
jin_yeong02.17 | 2025-03-04 | 이쁜사람은 어릴때나 성인이나 똑같이 이쁘군요 😆😆👍👍
hyokiki_ | 2025-03-04 | 진짜 귀엽다 ㅜㅜㅜㅜㅜ
a_neeezi89 | 2025-03-04 | 유치원 입학도 껴주시나요??? 입학식이라 밥을 못먹었어요.....🤣 (어느 유치원교사)
jin_ju0619 | 2025-03-04 | 세상에 어릴적부터 미인이셨구나😍
pm4m1 | 2025-03-04 | 저도 미치겠어요(positive) 이사장님.
lovesome._.ju | 2025-03-04 | 진짜 너무 깜찍하다❤️❤️
lj_no.1 | 2025-03-04 | 모태미녀🙌👍🏻
xi.eun5 | 2025-03-04 | 저 오늘 입학했어용😢 이사장님 어렸을때 귀엽네용
sungho_0p | 2025-03-04 | 아니 솔직히 방금 찍으셨잖아요
journey921108 | 2025-03-04 | 귀여운 이사장❤️
xvcyuuuk | 2025-03-04 | 뭐지.. 이사장님 어린시절을 볼수있다니 이건 진짜 가문의 은총입니다
chae_1ant | 2025-03-04 | 저 오늘 고등학교 입학식했어요!! 전 3년뒤면 으른이 됩니다.. 슬퍼요ㅠㅠ
hyejin_seol | 2025-03-04 | 아진짜 너무귀여엉❤️❤️❤️
soohyun0406 | 2025-03-04 | 왁ㅋㅋ 이모 어릴때 엄청 귀엽네용
haetn1m | 2025-03-04 | 어머니랑 언니 카톡 넘나 스윗😍😍언니 애기때 왤케 사랑스러워요???!
jueun.hanwha | 2025-03-04 | 언니 귀여운건 똑같은뎅
lilili_ililil_ii | 2025-03-04 | 눈웃음잌ㅋㅋㅋ 넘귀여워유ㅠㅠ💖💖💖
do_ye__0n | 2025-03-04 | 이사장님이랑 장윤정님 딸 하영이랑 느낌이 많이 비슷하네요 ㅎㅎ 둘 다 넘 귀여워요
chickenislovelovelove | 2025-03-04 | 와 진짜 기엽다 ㅋ
mukorang | 2025-03-04 | 꺅 ㅜㅜㅜ사랑스럽쟈냥용
juh.axo.o | 2025-03-04 | 이사장님 귀여워서 죽어요 ㅜㅜㅜ❤️❤️
yeppiyen | 2025-03-04 | 우와 지금이랑 똑같으세욬ㅋㅋㅋㅋㅋㅋㅋㅋㅋㅋㅋㅋㅋㅋㅋㅋ
ddong.go_yang | 2025-03-04 | 완전 닮았다
soxe.v | 2025-03-04 | 이분 둘리 또치님 아니신가요?😮
ty0000_0000 | 2025-03-04 | 성형논란 전혀 없는!!!!
mini._.sweety | 2025-03-04 | 학교가 9시 40분에 끝나서 마라탕집 오픈런했어욥…
yeseul0410 | 2025-03-04 | 너무 귀염 뽀짝 한거 아니냐구요~♡❤️😍
littleforest45_ | 2025-03-04 | 예나지금이나 선한눈매는 여전하구요😍😍😍
meow888.8 | 2025-03-04 | ㅋㅋㅋㅋㅋㅋㅋ우오ㅓ아아아아아아아아아 언니 웃는 눈이 지금이랑 똑같아요...💛💛💛💛ㅋㅋㅋㅋㅋ아주 사랑스럽다요
seoyeon._0410 | 2025-03-04 | 죄송한데 어렸을때 둘리닮았어요…ㅋㅌ
sugasuga2017 | 2025-03-04 | 눈이 쬐끔 다른거 빼곤 그때부터 여신❤️
nyamsu_17661 | 2025-03-04 | 어머니 애기라고 부르시는거 뭔가 뭉클....따땃하니 이사장님 어머니 닮으셨나봐용❤️
e.uns0o | 2025-03-04 | 아 뭐야 이사장님 왤케 존⃫나⃫ 이쁜건데요;;
hyeoncaehyi2 | 2025-03-04 | 귀엽고 사랑스럽습니다.
ljw06_16 | 2025-03-04 | 눈마주치니까 계속 입고리가 귀에 걸려요 ㅎㅎ
heeyo__lee | 2025-03-05 | ㅎㅎㅎ엄마한테는 커서도 애기인거죠 눈물버튼을 누르시다니 훌쩍 🥲 나이들수록 엄마의 마음을 더 이해할 수 있는 거 같아요
cherish_s00 | 2025-03-05 | 귀요미~♡♡😍
purplersjv7 | 2025-03-05 | 귀여워 귀여워 ㅠㅠㅠㅠ
rlatnwls41 | 2025-03-05 | 와 짱귀
ejn3lovelees | 2025-03-05 | 엄마말이 딱이시다 보기만해도 미소가 지어지네요❤️
cheawon_0809 | 2025-03-05 | 표정이 너무 귀엽잖아 ><!
s.yxn3 | 2025-03-05 | ㅋㅋㅋ두번째는 그냥 똑같은데요
luce_sicut_stellae12 | 2025-03-05 | ㅋㅋㅋ 귀여워~ 동네 골목대장 재질!! ㅋㅋㅋ
tkdekbox | 2025-03-05 | 어머님 카톡에 눈물날 거 같아용
alexkim1234 | 2025-03-05 | 귀여워요 😍
l.h.j1411 | 2025-03-05 | 요즘은 대부분 뷔페가거나 샤브샤브집,아니면 고기집을가요
pakuks | 2025-03-05 | 미소가 원래 밝으셨군요❤️
mun7.17 | 2025-03-05 | 너무 똑같자낰ㅋㅋ
zoa373 | 2025-03-05 | 귀여워라 😍
hyeeun_love_95 | 2025-03-05 | ㅇㄱㅅㄱ
hyeeun_love_95 | 2025-03-05 | 이사장님 애기때 귀엽네요 저는 애기때 얼굴 그대로 있어요
lucas_smile_lee1007 | 2025-03-07 | 최고 🙌 최고 🙌
👏👏👏👏👏항상 응원하고 , 👏👏👏
좋은 일만 가득하길 기원드립니다. 🙏
jo_dbals | 2025-03-08 | 웃을데 그 개죽이가 아직도 남아잇네여
wjddlems_1116 | 2025-03-08 | 이사장님 저보다 이뻐용 ㅎㅎ
_kong_s | 2025-03-09 | 웃는게 그대로라 더 예쁘다
anjf.qhk42 | 2025-03-09 | 아름다우십니다ㅜㅜㅜㅠㅠ
ganghanbyeol673 | 2025-03-12 | 어렷을땡귀여우셧네요
hy.yux_14 | 2025-03-12 | 너무 예쁘시다❤️"
2025-03-03,1.1만,솔직히 피자스쿨 고구마피자 좋아하셨던 분 계시죠? (좋아했던 친구들 얼른 태그해보세요!!!!!!) 94년생~98년생분들은 모를 수가 없는 피자 아니겠습니까ㅋㅋㅋㅋ (광고 아님.. 이건 모를수가 없는 피자임 진짜) 저는 중고딩때 혼자 1인 1판도 하구 막 이럴정도로 좋아했습니다 약간 저렴한 피자도우의 맛과 고구마조각+ 머스타드소스의 맛이 매력적이였는데 저 요즘도 생각나서 가끔한번씩 사먹거든요?? 역시 다른 피자에서는 느낄 수가 없는 맛이어 이건.. 근데 간만에 먹었더니 도우가 더 폭신폭신 해졌어!!!!!! 20주,"#피자스쿨, #상황극, #베이킹, #고구마피자","ydh5386 | 2025-03-03 | 갈릭 디핑소스죠
akki_5304 | 2025-03-03 | 거 이쁜 언니야 간단하게 쿠키 만들수잇는 레시피좀 알려쥬세유(3트째)
je.a_1106 | 2025-03-03 | 저진짜좋아하는데ㅠ 요새 가격이 올라쓰여ㅠㅜ
s.jxn_12 | 2025-03-03 | 저는 어릴때부터 피자보단 치킨파였어요.. 후후
young.young_e | 2025-03-09 | 우리는 피자빙고시절ㅋㅋㅋㅋㅋㅋㅋㅋㅋㅋㅋㅋㅋ
jw_thy02 | 2025-05-29 | 요즘엔 불닭 고구마피자도 나왔음!!
jyh_sparkle | 2025-03-03 | 피자스쿨 갈릭디핑은...못잊는다...
alwaysiwishyourhappy | 2025-03-03 | 갈릭소스ㅜㅜㅜㅜ🔥
sun_nyeong_5827 | 2025-03-27 | 갈릭 디핑소스가 피자스쿨 살린 수준이지!!!!
k.bboo92 | 2025-03-03 | 돈벌고서는 치즈크러스트 추가에 콜라 큰걸로 먹고있음
windsode | 2025-03-05 | 갈릭디핑소스!!! 요즘은 가격이 많이올랐죠...
mingvely.0_0 | 2025-03-04 | @kancho__oo 아직도 이거 좋아하자낰ㅋㅋㅋ
u_u_yeha | 2025-04-07 | @wonlove_98 우리도 저거많이먹었는뎅
na0ing | 2025-03-06 | @nvenchy @hururu.p 하 생각난다 고구마피자 3판에 갈릭디핑 6개요 ㅠㅠ
k_yej_1525 | 2025-06-19 | @su.ya._ 첨으로 피자에 빠진 날이었다
ddoeunjang | 2025-03-03 | 고구마피자🤩🤩💛💛💛😍😍🥹🥹❤️❤️❤️❤️❤️❤️
park.boeun | 2025-03-03 | 존맛탱ㅋㅋ아직도 팔아요
sungho_0p | 2025-03-03 | 맛있어보이는데 한 입만요,,,
an_emotional_egg27 | 2025-03-03 | 와...학교다닐때 피자스쿨고구마피자 엄청많이사먹었다죠,특히 꼬다리갈릭디핑소스에찍어먹으면진짜...하..존맛
yeseul0410 | 2025-03-03 | 저는 아직 초등학생 이라 그런거 몰라요~!
soul_jang | 2025-03-03 | 갈릭디핑소스는 못참즤~
ijaehyeon822 | 2025-03-03 | 갈릭딥핑 소스.ᐟ.ᐟ.ᐟ
ellieing_ | 2025-03-03 | 난 나폴리피자🙌🏻
_mmlleook_ | 2025-03-04 | 아직도 어머니가 종종 사오시는....
sugarhoneyicet2 | 2025-03-04 | 근데. 행님 갈릭디핑소스안드셨너요? 피클은? 진짜 서운하네
chi.o56 | 2025-03-04 | 갈릭디핑소스요
seunghyeon1226 | 2025-03-04 | 간다효 가 좋아하는 피자스쿨
jeongsj717 | 2025-03-04 | 고구마 피자 엣지를 치즈바이트로 함 맛있어요 👏
hy.w0n_5 | 2025-03-04 | 소세지빵 만들어주쉐요
pf.r2n_8 | 2025-03-04 | 갈릭디핑 ......
hello_rainbow_love | 2025-03-04 | 2010년도 초반이요....? 우와...
symnngee | 2025-03-04 | @henchu_95
evysyi | 2025-03-05 | 갈릭디핑 ㅋㅋㅋ
cafe_meomun | 2025-03-05 | 93년생도 알아여 ..😢ㅋㅋㅋㅋ 갈릭디핑소스요😍
ggyul_luck | 2025-03-05 | 갈릭디핑소스 못참지!! 93도 껴주세요 이사장님🥹
im.ji_young | 2025-03-05 | 저거 진짜맛있죵
mandyu440 | 2025-03-05 | 갈릭디핑 맛있종ㅎㅎ
kimchhhhhh0413 | 2025-03-08 | 지금도 갈릭디핑소스올려서 먹습니다
y_.xx14 | 2025-03-08 | 갈릭 디핑 소스
2_oror | 2025-03-09 | @young.young_e ㅋㅋㅋㅋㅋㅋㅋㅋㅋ기억나니 ㅋㅋㅋㅋㅋㅋㅋㅋㅋㅋㅋㅋㅋㅋㅋㅋㅋ
hw_cheri | 2025-03-10 | @________bitna 우린 까르보네ㅋㅋㅋㅋㅌ
m._y10__ | 2025-03-11 | 알통닭강정
ga_duck_02 | 2025-03-20 | 지금도요!! 거기에 오치즈그라탕 추가해서 얹어드시면 갈릭디핑맛도 나고 포테이토피자맛도 나요❤️
iseobin655 | 2025-03-24 | 헐….언니 고딩 일 때 나 태어났네;;
fmfmfm0001 | 2025-03-25 | 갈릭 디핑 소스
joy_happy0203 | 2025-04-02 | 꼬다리 그래도 중독성 있어서 짭짭 하면서 먹거나 아님 에프에 구워먹음..
jiyoon160613 | 2025-04-05 | 갈릭소스
uwu1234_wow | 2025-04-07 | 개인적으로 고구마 피저에다 파인애플 추가 한 다음에 그 서이드 메뉴에서 치킨?같은거 있는데 그거 시키면 같이 딸려오는 소스 찍어먹는고 되게 맛있음
ya_ng.0511 | 2025-04-11 | 지금까지 피자 소스중에서 피자스쿨 갈릭디핑 이긴거 못봄
ccv1234444 | 2025-04-12 | 갈릭디핑
dignita._.s | 2025-05-06 | 고구마
bo.o_yun | 2025-05-10 | ㅋㅋㅋㅋ2010년이면 내가 태어난 연도 ㅋㅋㅋ
ssoo22n.jung | 2025-05-19 | 진짜 피자스쿨 갈릭소스 최고임
__h._.0 | 2025-05-21 | @2na__0 고구마피자 반판씩 먹엇자나ㅋㅋㅋㅋㅋㅋ
lulu_dad93 | 2025-05-21 | 꼬다리는 못참죠 소스에찍먹
haha.susan | 2025-05-22 | @_zzeya_ 영재랑 고피먹고싶당
jimin2._.du | 2025-05-22 | 와 피자스쿨 ㅜㅜ고구마 조각..?올라가서 진짜 맛있았는데 ㅠ
chosen.people_sm | 2025-05-24 | 어라 계성고 체육복이 왜..?
angela_jejugamgyul | 2025-05-27 | 피자에 무조겅갈릭디핑…
bipola.real | 2025-05-29 | 우리는 피자에땅 1+1
qlqj0327 | 2025-06-05 | 난 까르보네 피자여
eunjio_oa | 2025-06-09 | @ji_h.030 그 시절 고구마피자+갈릭2개+1.25L콜라=만원
국룰아닌가😢
hyolyeong0211 | 2025-06-13 | 갈릭디핑소스?
min_star_ | 2025-06-14 | @0116_j.bro ㅋㅋㅋ
x3lillian | 2025-06-23 | 라떼는 난타5000이엇는데..
isoyeong8365 | 2025-07-16 | 갈릭 소스랑 무슨 요구르트 맛나는 소스
bagmina6499 | 2025-07-17 | 개존맛
rud80100 | 2025-07-18 | 저도요 🍕
cjdao326 | 2025-07-20 | 갈릭소스 저 저피자 완젼 좋아함😍😍❤️🔥
ssampon_boy | 2025-07-22 | 머스타드
foil_kim | 2025-07-22 | @yeeoonnii__0 you and me
nyony_diary | 2025-07-23 | 갈릭디핑!!!
hatareiju | 2025-07-23 | 크... 요즘도 가끔 시켜먹는디 꼭 머스타드많이뿌려주세요 한답니다❤️
heart1004_ouo | 2025-07-25 | 갈릭 디핑소스?(내가 피자시킬때 즐겨먹는소스)
010_5x0x_87xx | 2025-07-25 | 옥수수 추가해달라고해서 먹으면 진짜 맛있어요
dii5ni_ | 2025-07-26 | @yeon.s_ooo 우리진짜자주먹엇자나
s.young2110 | 2025-07-26 | 우린 난타5000이였음 ㄹㅇ 싼마이로 먹는 맛이 일품임 ㅋㅋㅋㅋ"
2025-03-02,4279,"우리 다들 마음속에 나만의 ‘계란볶음밥’레시피 갖고 다니지 않아요? 저는 물론..달걀밈 따라하다가 실패해서 급하게 노선틀어서 볶음밥을 만들긴 했지만^^(머쓱) 이왕 이렇게 제 영상에서 만난것도 인연인데 우리 서로서로 하나씩 풀어봅시다!!! 우선 제 볶음밥의 비법은->맛소금인데 그 재료 하나 바뀌었다고 맛이 화아악 살아나거든요? 우선 제 레시피먼저 알려드리자면 <계란볶음밥 레시피> -재료(1인분 기준): 식용유 1큰술,마늘 1개, 달걀 2개, 밥 1공기, 들기름(또는 참기름), 참깨, 맛소금 -만드는 법: 1. 식용유를 넣고 팬이 달궈지면 다진 마늘(또는 대파도 아주 좋음) 응 넣고 볶다가 달걀을 넣고 휘젓는다. 2.밥, 맛소금, 들기름 , 참깨를 넣고 살짝 더 비벼주면 끝! 3. 위에 총각김치 촥! 걸쳐서 드셔보시면 크으으>< 21주","#달걀볶음밥, #계란볶음밥, #레시피, #간식, #베이킹","s.jxn_12 | 2025-03-02 | 저 저거 해봤는데 될때도 있고 안될때도 있더라구요!! ㅋㅋㅋ🔥
soohyun0406 | 2025-03-02 | 우홧!이모 옷 너무 이쁜데요? 옷어디서 샀어요?
hoho12369 | 2025-03-02 | 우와 후라이팬 어디꺼에요?ㅎ
chokawai._.suyxn | 2025-03-02 | 언니 반숙 웰케 잘구워요?부러워😢❤️😍
lovely_and_ | 2025-03-02 | 우핫... 저도 맛소금 사보려고요♡
mukorang | 2025-03-02 | 오오
hyojin_taro | 2025-05-22 | 언니 진짜 요리 잘한다👏❤️
z._.xin1661 | 2025-03-02 | 계란이 진짜 잘구워졌다
akki_5304 | 2025-03-03 | 예쁜언니 간단하게 만들수있는 쿠키 레시피좀요오..(2트)
sungho_0p | 2025-03-02 | 와 야식 땡겨요ㅠㅠ
tmddk0215 | 2025-05-04 | 어떻게 기름을 안해도 안 달라 붙어요??후라이팬 뭐써요??
seoyeon130814 | 2025-03-03 | 언니! 이사장에도 영상 얼른 올려줘요!!
idaehwan496 | 2025-03-09 | 간단하게 뚝딱따라해봤는데 넘맛있었어요ㅎㅎ
g.ayg7 | 2025-03-03 | 김치 장난아니자나요😍
yujin_0115 | 2025-03-17 | 마늘 덕분에 식용유 없이 할 수 있어요 화이팅!!
ji_ye__12 | 2025-03-03 | ❤️❤️❤️
tmxmfk23 | 2025-03-03 | 결개가 너무 작아요.
juyo_lim | 2025-03-02 | 왘ㅋㅋㅋ
njz.bnis0722 | 2025-03-03 | 원크기 크면 ㄱㄴ일것같은디...
ibbeunihyoju | 2025-03-03 | 이제 23살 되시는거져??
o_k_o_m_1230 | 2025-03-08 | 소리
pitapat231 | 2025-06-06 | 이런거 따라하는 이상한 사람도 있지ㅋㅋㅋㅋ
play_eat_goe | 2025-03-02 | 이런거 따라하는 이상한 사람 ‘덕분에‘ 늘 좋은거 재밌는거 배워가요 ㅋㅋㅋㅋㅋ
myeon_seok | 2025-03-04 | 표정이 참 매력적이여 ㅋㅋ
_mmlleook_ | 2025-03-02 | 한 잎에 후라이... 힙해요👏
mini5678 | 2025-03-03 | 아지매다되뿟노"
2025-02-28,2.9만,"자. 주말에 만들어먹을만한 기가막힌 디저트를 들고왔습니다.(레시피 저장ㄱㄱ) 제가 상하이에 수건케이크를 찾으러 다녀왔잖아요? 근데 제가 가서 먹은 디저트중에 가장 충격적으로 맛있었던 디저트가 있었는데! 그건 바로 ->망고가 들어간 크림찹쌀떡!!! 크림찹쌀떡도 들어간 재료이 따라 맛이 각양각색인데 진짜 망고는 넘사벽이였어요.. 그런의미로 레시피 남겨놓을테니깐 꼭 꼭 꼭 만들어보세요!! <레시피> -반죽: 건식 찹쌀가루 120g, 타피오카 전분 40g(다른 전분도 가능), 설탕 25g, 우유 200g, 버터 10g -크림: 동물성 생크림 200g, 설탕 24g <만드는 법> 1. 버터를 제외한 반죽 재료를 부드럽게 개서 뜨거운 팬 위에서 치대준다. 2. 치대다보면 반죽이 살짝 불투명하고 쫄깃하게 익으며 뭉치게 되는데 이때 불을 끈다. 3. 버터를 넣고 손으로 치내준다. 4. 떡반죽이 마르지 않게 비닐에 넣어둔다. 5. 생크림은 맛있는 동물성생크림을 사용해서 설탕을 넣고 단단하게 휘핑한다. 6. 떡반죽을 얇게 펴서 - 안에 생크림을 짜넣고- 과일을 넣고 끝을 오므려주면 끝 수정됨 · 21주","#레시피, #디저트, #베이킹","itis_a_gooddaytodie | 2025-03-04 | 디저트 좋아하는 사람 보면 미미상임
tpskdi28 | 2025-02-28 | 아...먹구싶다....이건판매가안대나요...
yeseul0410 | 2025-02-28 | 진짜 너무 맛있게 만들고 먹방까지 완벽 아니나고요~♡
lily0831youngji | 2025-02-28 | 와~~~이건 정말 맛이 없을수 없죠👍 아흠 먹고싶당
everyday_3016 | 2025-02-28 | 빵 늘려서 드실때 표정 짱귀여워❤️❤️ 언니 매력 넘친다구여😍
dear__pro | 2025-04-25 | 정확하게 레시피를 따라했는데 왜 저는 주걱과 손에 온통 달라붙는걸까요ㅠ ㅠ
beomf.jsh | 2025-03-04 | 이분 약간 품고있는(?) 느낌이 약간쓰(?) 김태리 닮음
_y.geon.12_ | 2025-02-28 | 이사장님 요리잘하시네~
joo_rrdy | 2025-03-01 | 팔 아 주 세 요 …..망고찹쌀떡😭🧡
_y.geon.12_ | 2025-02-28 | 와ㅋ
cheol2_mong | 2025-02-28 | 레시키읍나요😢
12.13.kr | 2025-02-28 | 크림찹쌀떡 보니까 생각났는데요!! 요즘 중국에서 요거트떡?? 이라는 게 유행인가 봐요!!! 그냥 보면 비누? 치즈처럼 보이는데 씹으면 잇자국이 나고 엄청 쫀득쫀득하대요!! 혹시 그것도 만들어 주실 수 있나여?!
romance14age | 2025-03-07 | 날다람쥐가 애벌레? 먹는 것 같아요..
younyoungho | 2025-03-01 | 이제점점 기괴하다 중국영상같음
da_b.y | 2025-03-06 | @92kimjieun 만들어줘
empty170 | 2025-03-02 | @grace__heo
lune_0302 | 2025-02-28 | 진짜 맛있으셨나부닼ㅋㅋㅋㅋ찐표정😂
shaneeeee_hk | 2025-02-28 | 똥손이라 대리만족해야될꺼같아용😢👏
inmtos | 2025-02-28 | 중국엔 참 희한한 디저트가 많나 보네요
_mmlleook_ | 2025-02-28 | 센과 치히로에서 엄빠가 먹던 그 음식같다능
hyoeun._.719 | 2025-02-28 | 마지막 표정 넘 행복해 보여요ㅋㅋㅋ 진짜 딱 한입만 먹고 싶어요🤤
seo2_love | 2025-02-28 | 아니 진짜 이런거 어케 만드는거예여 중국먹방 볼때마다 먹고싶어죽겠능디 😮
jangjiyeon152 | 2025-02-28 | 오오
hyokiki_ | 2025-02-28 | 귀여워ㅠㅠ
shjyoonvely | 2025-02-28 | 저 찹쌀떡에 묻은 하얀가루는 뭘로 써야 하는건가요??
suujeongryu | 2025-02-28 | 😍😍
seungwoo891108 | 2025-02-28 | 진짜맛있게드시네
_e_ujjin | 2025-02-28 | 판매해주세요😭
ehs322 | 2025-03-01 | 첫한입먹고 찐행복일때 나오는 저 표정😍😂
nqpr47w | 2025-03-01 | 아 언니 너무귀여워욬ㅍㅋㅋㅋㅋ
258lasol | 2025-03-01 | 습식 써도될까용
sungho_0p | 2025-03-01 | 저희 집에 배달 해주세요😢
bahklove1 | 2025-03-01 | 와 대박
sim.sweet | 2025-03-01 | 저..도 한입만...🫢🫢
rye0w0n_2 | 2025-03-02 | 색소넣은건가용?시럽넣은건가용?
seoyeon130814 | 2025-03-03 | 만드는 레시피 알려주세요...
song_s.bin | 2025-03-05 | @min_d_i0 이거 해주ㅏ
la_lune_sol | 2025-03-09 | @y___ji2 타피오카 가루였네
min.i.i.i | 2025-03-09 | @chan.e94
blooming_soo2 | 2025-03-16 | 크림 레시피 플맂@
sum1.n_7 | 2025-04-11 | 이사장님이 성공하는 이유
mahsa._.asmr | 2025-04-12 | @sweetshop_s2 ❤️
inispina | 2025-04-16 | 레시피링크주세요오👏👏
haim.leeee | 2025-04-17 | 아뉘 왜 내가보는 이 프리티 언니는 새벽에 만드는것같지??? 아침에 과일 찹쌀떡 만드러주세여ㅕ 예쁜언니!!
j.happiness_88 | 2025-05-02 | 애플망고 없이 크림만 넣어도 맛있을까요
jjyoung_p | 2025-05-03 | 감자전분도 될까요??
ssu_g22 | 2025-05-12 | @hye_9oo3 이거 만들어줘ㅠㅠ
jonggeun275 | 2025-05-13 | 찹쌀떡 레시피 알 수 있나요
jasookcamp | 2025-05-30 | @juyeon_jubae 이것도 그거잖냐..?
czcz597 | 2025-06-24 | 중국계이신가!??
miss_chega | 2025-06-29 | 미텻다ㅠ
c_s_0331 | 2025-07-07 | CU 1800원 연세 찹쌀떡도 존맛임
project.dubu.lab | 2025-07-15 | 너무 맛있어보여요❤️❤️
ssua0312 | 2025-07-19 | 맛있겠다
ssua0312 | 2025-07-19 | ㅠㅠ
ssua0312 | 2025-07-19 | 🤤
mylittleshop_goz | 2025-07-26 | 이렇게 맛있는걸 많이드시는데 어케 살이안찌죠?!"
2025-02-27,2938,"10만원짜리 봉구스밥버거.. 이거 팔면 재벌은 금방이야!! (레시피⬇️) 봉구스밥버거에서 어떤 메뉴 제일 좋아하세요? 저는 무조건 제일 기본인 ‘봉구스‘맛을 먹는데 요 밥+볶음김치+참치마요 조합을 제가 상당히 좋아해서 집에서 밥버거도 자주 해먹거든요. 저는 ㅋㅋㅋㅋㅋ집에 먹고남은 생참치가 있어서 도전정신으로 해보긴했는데 그냥… 참치 통조림으로 만들어보십쇼!! <밥버거 레시피>-3개 분량 -조미밥 재료: 밥3공기, 김가루 2줌, 소금 2꼬집, 참기름1작은술 , 통깨(+멸치볶음은 선택) -참치마요: 참치캔 1개, 마요네즈2큰술 , 후추 한꼬집, 양파가루 2꼬집 (대신 다진 양파 가능) -김치볶음: 김치100g, 식용유 1큰술 , 설탕 1작은술 , 참기름 1작은술 <만드는 법> 1. 식용유를 넣고 달군 팬에 썰은 김치와 설탕을 넣고 볶다가 마지막에 참기름을 넣는다. 2. 참치통조림의 기름을 쏙 뺀 후에 마요네즈, 후추, 양파가루를 넣고 섞는다. 3. 밥에 김과 나머지 재료들을 넣고 섞는다. 4.밥-볶음김치-참치마요-달걀후라이-밥을 차례대로 쌓는다. 5. 쿠킹호일에 잘 감싸서 맛있게 먹으면 끝!!!!! 21주","#레시피, #밥버거, #봉구스밥버거","everyday_3016 | 2025-02-27 | 언니~ 이거 어디서 팔아요?? 당장 구매 하러 갑니다 ❤️❤️
kimseojun558 | 2025-02-28 | 결론:이사장님이 만든음식은 전부다 맛있다.
cat_sle_0 | 2025-02-28 | 이사장님 저 이거사면 파산할 것 같은데
혹시 밥풀 한알은 얼마에 책정되어
있을까요🙏
s.jxn_12 | 2025-02-27 | 와 밥버거.. 이사장님 못하시는게 뭐죠?!
beti1963co | 2025-02-27 | 이사장님 저거 너무 마싯어 보여서 배민 뒤졋는데 안나와요 흑😢
z._.xin1661 | 2025-02-27 | 이사장님이 만든거면 용돈 털어서라도 사고 싶다ㅏ
kimahram418 | 2025-02-27 | 사장님 힘내세요❤️
12.13.kr | 2025-02-27 | 맛있겠다...... 참마에 간장 살짝 넣어도 존맛!!!!!
rhythmizm | 2025-02-27 | 마시께따 👏👏
baekharang | 2025-02-27 | 10만원 밥버거 구매
xvcyuuuk | 2025-02-27 | 100만원이라도 언니가 만든거면 살래요!!!!
hyoeun._.719 | 2025-02-27 | [10만원 밥버거 구매]
noh_hye.lin6307 | 2025-02-27 | 로켓배송으로 보내주센뇨🤤🤩
yeonseo2055 | 2025-02-27 | 너무 맛있겠닿 한입만~
sujeong9730 | 2025-02-27 | 10먀원 밥버거 구매
yeseul0410 | 2025-02-27 | 저는 밥버거 별로 안좋아하는데 이사장님이 만드신건 맛있은것 같아요
sungho_0p | 2025-02-27 | 제가 또 밥버거 좋아하는건 어떻게 아시고,,,☺️ 갑자기 없던 식욕이 생기는 기분🫶🏻
niafornoah | 2025-02-28 | 와 진짜 몇년만에 봉구스밥버거 먹고싶어졋어요
e.uns0o | 2025-02-28 | 저도 한입주세요🙏🏻🙏🏻
joyuseomeepp123 | 2025-02-28 | ✅사장님 힘내세요❤️
lee__leana_ | 2025-03-02 | 잘묵는데 어떻게 이렇게말랏나용😢😢
rrg5tbdb | 2025-03-02 | 참치익힘빜-ㅋㅋㅋ
x5uza | 2025-03-27 | 사장님 힘내세요 🔥❤️
yeop_47 | 2025-06-02 | 천원밥버거 구매
park_joo_won12 | 2025-06-02 | 와 이거 보고 봉구스 밥버거 바로 간다..🙌"
2025-02-25,4320,"이거 용기가 딱! 미니어처 요리 각 아니냐구 📌이사장의 가루쿡 레시피중 만들어 보고 싶은 메뉴와 함께 해시태그를 댓글로 남겨주세요. 3월 3일까지 댓글을 남겨주시는 분중 5명을 추첨해 딥엔크런치 플레인 + 블루베리를 보내드립니다 🧀🫐 (@kiri_korea 계정 팔로우 필수, 3/7 당첨자 개별 DM 발표) 21주","#광고, #끼리, #딥앤크런치, #레시피, #간식, #끼리, #끼리크림치즈, #마이끼리타임, #크림치즈, #딥앤크런치","s.jxn_12 | 2025-02-25 | 우와 저거 어릴때 진짜 많이 먹었는데.. 어느순간 잊고 살았다.. ㅋㅋ 저 크림치즈에 달기쨈 넣어서 찍어먹으면 꿀맛임..ㅜㅜ
sungho_0p | 2025-02-25 | 아ㅠㅠ 끼리 진짜 맛있는뎅
jjing_00 | 2025-02-25 | 끼리 크림치즈가 진해서 이건 그냥 먹어도 진짜 맛있는데 그 크림치즈로 만든 티라미수라니요,,😍 와 보기만해도 감동!🤤🤤 나두 그 티라미수 만들어서 먹어보고 시포요ㅠㅠ #끼리 #딥앤크런치 #티라미수 🤍🩵
ire.log | 2025-02-25 | #끼리 #딥앤크런치 티라미수 아이디어 미쳤다 ❤️❤️
huni_369 | 2025-02-26 | 이사장님 티라미수 해먹을 아이디어 진짜ㅋㅋㅋㅋ 상상도 못했네요🫠🫠 맛이 궁금하니 도전! #끼리 #딥앤크런치
sungho_0p | 2025-02-25 | #끼리 #딥크런치
eundol11 | 2025-02-25 | #끼리 #딥앤크런치 츄르릅
traveloversgirl | 2025-02-26 | 티라미수 만들어보고 싶어요~ #끼리 #딥앤크런치
s0oyj.1026 | 2025-06-24 | 개미 눈꼽이 저렇게 컸었나
gjdlsdk | 2025-03-03 | #끼리 #딥앤크런치 😍 @shin369999 @sunghee8141 @itsyou_u
gogooma407 | 2025-02-25 | 와
gogooma407 | 2025-02-25 | 빨리 왔다❤️
sujk__313 | 2025-02-25 | #끼리 #딥앤크런치 😋😋
dal_hana | 2025-02-25 | 저는 티라미수 만들어보고 싶어요. 카페인 과민반응이 있어서 디카페인으로요! #끼리 #딥앤크런치
sunjung3636 | 2025-02-25 | #끼리#딥앤크런치 와우 👍👍👍👍👍👍
xvcyuuuk | 2025-02-25 | 무조건 티라미수요!!!!!!!
za.xyol0 | 2025-02-25 | 30분전
_ji.30u | 2025-02-25 | #끼리 #딥앤크런치 제발 ㅜ
njbcrew0 | 2025-02-25 | #끼리#딥크런치 😍 저도 티라미수 만들어보고프네요🙌❤️
sumiee_mt | 2025-02-25 | #끼리 #딥앤크런치 똥손인 저도 이사장님의 티라미수레시피로 만들어보고 싶네요❤️❤️
soccer___f | 2025-02-25 | #끼리 #딥앤크러치 요즘 집에서 뭐 만들어먹는게 취미가 됬는데 저도 만들러보구 싶네유😢
fight_chicken22 | 2025-02-25 | #끼리 #딥앤크런치
erica86_kwon | 2025-02-25 | #끼리#딥앤크런치 티라미슈만들어보고싶어요!!
rhythmizm | 2025-02-25 | 어릴때 끼리 많이묵음 완전 굿
mukorang | 2025-02-25 | 천재다❤️❤️❤티라미수 조아해용!!! #끼리 #딥앤크런치
yeseul0410 | 2025-02-25 | 언니 저거 먹고 라면 끓여 먹었을 것 같아~!
2seobaek2 | 2025-02-25 | #끼리#딥앤크런치 T라미수🙂
yoon_jung._ | 2025-02-25 | #끼리#딥앤크런치
__j_h__k | 2025-02-25 | 간편하게 트러플 크림치즈 만들어 보고 싶어요! #끼리 #딥앤크런치
everyday_3016 | 2025-02-25 | #끼리 #딥앤크런치 티라미수를 여기에 사용한다니!! 이사장님 천재라구요!!ㅎㅎ 광고도 넘넘 잘하시는 이사장님❤️
yx.0n1x | 2025-02-25 | 언니 저기 크림치즈에 귤찍어먹어봐 걍 먹어봐 존맛이야
r__________ing | 2025-02-25 | #끼리#딥앤크런치 티라미수라니 😍😍블루베리는 왜 첨 보는거 같죠😮😮
z._.xin1661 | 2025-02-25 | 오늘도 신박하닼ㅋㅋ
bdjxjsjsksk_ | 2025-02-25 | 작년에 끼리 크림치즈 스틱이 이렇게나 맛있는 줄 처음 알았어요! 제가 사는 곳엔 끼리 크림치즈 스틱이 많이 팔지 않아서 쿠팡으로 시켰는데 주문 취소 됐던 적이 있어요 ㅠㅠ
이번에 꼭 친구랑 같이 먹고 싶어요!! #끼리 #딥앤크런치 🩵🩵
ssohappytogether | 2025-02-26 | #끼리 #딥앤크런치 끼리로 만드는 티라미수!!! 맛없없!!!!❤️
jjiwons_watercolor | 2025-02-26 | 저는 끼리 크림치즈에
제티 딸기맛 가루 섞어서
과자에 찍어먹을래요
#끼리 #딥앤크런치
cheawon_0809 | 2025-02-26 | #끼리 #딥앤크런치 티라미수 맛있을거 같아요!!!! 초딩때 끼리 빼빼로? 있었던거 같은데 맛있었어요..!
hipororo | 2025-02-26 | #끼리#딥앤크런치 전 트러플크림치즈요.. 일단 티라미수는 아는 맛이고 트러플크림치즈는 모르는 맛이니까.. 맛보고 싶어요^^
dalcomsweetcake | 2025-02-26 | #끼리 #딥앤크런치 저희 아이 최애 과자에요❤️❤️❤️❤️❤️❤️
n0_hxeuz | 2025-02-26 | 뛰어놀았지만 죽었죠?
hee_woong____ | 2025-02-26 | #끼리 #딥앤크런치 티라미슈 만들어서 먹어보고싶어요🔥
yun_blossom_ | 2025-02-26 | #끼리 #딥앤크런치 😍😍
akki_5304 | 2025-02-26 | 세상에서 젤루 이쁜 이사장니임!!
초간단 쿠키 레시피좀 알려주세요오..ㅠ
jungetime | 2025-02-26 | 와 티라미수 러버인데 이렇게 하신다구요?😍 티라미수 만들어 먹고파요~~ #끼리 #딥앤크런치
iday6meal | 2025-02-26 | 티라미수 진짜 맛있겠돠..😍🥹 #끼리 #딥앤크런치
gamsung_getout | 2025-02-26 | 가루쿡 티라미수라니🫶🫶 주말에 만들어봐야지❤️ #끼리 #딥앤크런치
gamsung_getout | 2025-02-26 | 후
yelloworange202 | 2025-02-26 | 트러플크림치즈 손님들 대접하기 넘 좋을것 같아요. 다음에 도전해보고 싶네요. 딥앤크런치로 이렇게 고급지면서 쉬운 레시피라니 넘 좋아요 👍 #끼리 #딥앤크런치
gloria__soo | 2025-02-26 | 블루베리아트로 더 예쁘고 맛있게 딥앤크런치를 즐길수 있다니😍 아들이 영상 같이 보다가 자기도 만들어 달라고 난리네요 ㅋ #끼리 #딥앤크런치
mini_gamsung.__ | 2025-02-26 | 미니티라미수 만들어보고 싶어요♡ #끼리 #딥앤크런치
xlwinni | 2025-02-26 | 끼리로 티라미수라니 대박이네요 저도 만들어보고싶어요 간단한 디저트로 딱이네요 #끼리 #딥앤크런치
code_0208 | 2025-02-26 | 떵손인데 티라미수 만들수있겠어요😆👍 #끼리 #딥앤크런치
__daebong | 2025-02-27 | 17기옥순인줄.
ekdrms_32 | 2025-02-27 | #끼리#딥앤크런치 저는트러플크림치즈용~~❤️
ji.ni_jini | 2025-02-27 | #끼리 #딥앤크런치 🩵🩵🩵
jinsouny | 2025-02-27 | 트러플크림치즈 만들어 보고 싶네요~^^❤️ #끼리 #딥앤크런치
dont_cry__alone | 2025-02-28 | 맛잘알 이사장님이 만든 티라미수 상상만 해도 맛있을 것 같아요ㅠㅠ 끼리 딥앤크런치 너모 맛있는데 블루베리도 먹어보고 싶어요..🫐 #끼리 #딥앤크런치
jwo_n014 | 2025-02-28 | 와 맛있겠다
hye_yeon092 | 2025-02-28 | 티라미수 진짜 제발료...... 끼리로 아이디어 미쵸따리 너무 맛있어보여요......엉엉엉 ㅠㅠㅠㅠ #끼리 #딥앤크런치
ouo_dbf | 2025-03-02 | 저거 아빠가좋아하는뎅
nr_oh_07 | 2025-03-02 | #끼리 #딥앤크런치 티라미수너무맛잇어보여요ㅠㅠㅠㅜㅜㅠ😍😍
oh_eeeing.8pm | 2025-03-03 | 레시피 정말 끼리하구만요~ 티라미수를 만들어 보고 싶어요. 특히 크림치즈라면 환장하는 흰둥스한테 너무 goat한 제품 아닌가 싶을정도로 진하고 부드러운 끼리치즈가 넘 디저트랑 잘 어울리기 때문이죠! 단 걸 안 좋아하는 친구한텐 튜닝의 끝은 순정인 끼리 딥앤크런치 선물해주려고요! #딥앤크런치 #kiri #끼리 #끼리딥앤크런치
zxzxzxmm__ | 2025-03-03 | 끼리 고등학생 때부터 정말 많이 먹었는데 티라미수 해볼 생각은 못 했네요! 티라미수 너무 맛있을 것 같아요 😮 #끼리 #딥앤크런치
zifkf_ | 2025-03-03 | #끼리 #딥앤크런치 한 번도 안 먹어봐서 궁금해요!! 티라미수 만들어먹어보고 싶어요❤️
_u.wall | 2025-03-04 | #끼리 #딥앤크런치 티라미수요..❤️
jonye._.boss11 | 2025-03-04 | 끼리잖아,, 크림치즈중에 원탑으로 유명한 끼리잖아,, 가장 맛있다던 끼리라고,, 그리고 매우 비싸지,, 나도 먹어보고싶어,, 끼리 뭐길래 그리 맛있다그러나,,
yul_coco_baby | 2025-03-07 | 오 티라미수 대박
d.worldmeal | 2025-04-25 | 그냥 다 맛있어보여요😂
jin66845 | 2025-05-19 | 표정 맘에 안들음.."
2025-02-24,9745,"님들께..나가서 사먹기 제일 아까운 디저트 무엇인가요..? 저는 마들렌!! 왜냐면 한번 반죽하면 수십개씩 나오거든욬ㅋㅋㅋㅋㅋㅋㅋㅋㅋ 이것 말고 또 나가서 사먹긴 아깝다 싶은 디저트가 있으신가요? <마들렌 레시피> 재료: 달걀 100g, 꿀 25g, 설탕 90g, 박력분 90g, 아몬드파우더 30g, 베이킹파우더 3.5g, 버터(무염) 120g, 레몬제스트(레몬 1개), 레몬즙 10g, 바닐라 익스트랙 28, <만드는 법> 1. 달걀에 설탕, 꿀을 넣고 휘젓는다. 2. 박력분, 아몬드파우더,베이킹파우더는 꼭 체를 쳐서 넣기. (안그러면 나중에 후회함) 3. 레몬즙, 레몬제스트, 바닐라 익스트랙을 넣고 섞은 후 녹인 버터를 넣고 섞는다. 4. 1시간 이상 숙성 후(하룻밤까지 괜찮음) 마들렌 팬에 70% 반죽을 팬닝해서 175도에서 13~15분 굽는다. 21주",,"hyekuleee | 2025-02-25 | 완전 공감이여 마들엔이랑 휘낭시에 절대절대 안사먹어요 만들기 너무 쉬운 난이도 극하인데.. 사먹기 너무 아까워용
s.jxn_12 | 2025-02-24 | 이사장님 빵 먹어보고 싶다ㅜ
저도 만들어보고 싶은데 똥손이슈로..ㅋㅋ
hey_miyo_ | 2025-02-26 | 베이킹 하지만 사먹습니다ㅋㅋ 한번에 여러개 와랄랄라 나오니까 못참고 와랄랄라 먹어서 딱 하나씩만 가끔 먹어요😂😂
everyday_3016 | 2025-02-24 | 저는 머랭쿠키입니다!!! 요즘 넘 비싸서ㅠㅠ 맛은 있지만 ㅠㅠ
z._.xin1661 | 2025-02-24 | 뚱치 진짜 졸긔 뚱치영상도 올려주세영 그리고 진짜 모든지 잘하는 이사장님😍😍
grace.h_daoom | 2025-02-25 | 허옇게바르는거 무ㅓ예용
sungho_0p | 2025-02-24 | 마들렌 맛있죠ㅠㅠㅠ
s0haengnni | 2025-02-24 | 아무말 진짜 웃겨요 .....
chos_life_89 | 2025-02-24 | 마들렌 광고 기원 1일차 🙏
minimini_like | 2025-02-24 | 맞아요ㅋㅋ 마들렌이랑 휘낭시에 만들어 먹어요ㅋㅋ
juyo_lim | 2025-02-24 | 마들렌 먹고싶어지는 😮😮
yeseul0410 | 2025-02-24 | 그럼 사먹지 말고 이사장님이 만들어주시면 되겠네요~!👏
pinkwing86 | 2025-02-24 | 이사장빵ㅋㅋㅋㅋㅋㅋㅋㅋ
nahyeonimdang | 2025-07-05 | @cho_su812 감귤마들렌 추억
eunyoung.yi | 2025-02-25 | 에어프라이기라 온도를 어찌 잡아야할지 가늠이 안가서 포기....
baggeumhui26 | 2025-02-24 | 우와...ㅜㅜ 만들수가 없어서..패스
ghj8804 | 2025-02-24 | 왜 내주변엔 베이킹하는사람이 없을가... 사먹는값반값으로먹겟는데😂
sweetshop_s2 | 2025-02-24 | 베이킹 하면서 ->나가서 사먹기 제일 아까운 디저트는 무엇이신가요???
imhyiseob38 | 2025-02-24 | 금가루까지 ㄷㄷ 역시 당신은 만수르였어!! 만원만요!!
nyolihaneun | 2025-02-24 | 배꼽 잘 나왔네
cuteseyxhot | 2025-02-24 | ㄹㅇㄹㅇ 그래서 만들때마다 이게 왜 비싸지..?이럼
cho_____cho_____ | 2025-02-24 | 마들렌 틀 정보 궁금합니다!
lch87s | 2025-02-25 | 마들렌 스콘은 밖에서 사먹기 좀 아깝...😂
lovely_ziz | 2025-02-25 | 번외로 꼭 사먹는건 마카롱이여....😂😂
jinijinijoe | 2025-02-25 | 만들 수 없어서 다 사먹는 1인!
jhs_hoote | 2025-02-25 | 이름이 진짜 사장이였음…?
papergir | 2025-02-25 | 바닐라익스트렉 브랜드 뭐 쓰시는지요
nagar_u12 | 2025-02-25 | 오븐 어떤건지 알려주실수 있을까요..?!
raonmake | 2025-02-25 | 저두 마들렌은 못사먹어요! 애들 간식으로도 2~3배합해서 한가득 구워야 든든하거든요! 아이싱까지 해주니 고급진데...상콤하겠다마들렌💛
seungwoo891108 | 2025-02-25 | 마들렌 파운드케이크공감..
____nal.daramzy | 2025-02-25 | 휘낭시에요!!!! 휘낭시에는 절대 실패가 없어여🙌
crew.lounge | 2025-02-25 | 이사장.. 너도 예뻐
woohwaok | 2025-02-25 | 틀에짠 반죽부터 이쁘네요❤️❤️
jinmi210 | 2025-02-25 | 휘낭시에 식빵.머랭쿠키요
yorimuk | 2025-02-27 | 맞아요~ 마들렌 사먹는 거 진짜 돈 아까워요😁😁
younghyun_17 | 2025-02-28 | 저는 바리스타 제빵 하긴하는데 레몬 많이넣는게 처음본다. . 저는 레몬과즙 분말 쓰는데..
ehs322 | 2025-03-01 | 여러번 만들어본 디저트는 꼭 집에서 만들어요. 바나나 케이크, 당근 케이크, 쿠키 종류
choi_yoon.hee | 2025-03-01 | 맞아!!맞아!!👏👏
catb.o.t | 2025-03-11 | 마들렌은 젤 ㄱㅊ은거 틀에 버터바르기 숙성 기다리기
trdmsql | 2025-03-14 | 오븐은 어떤거 사셨어요?
j1.y0en | 2025-04-08 | 언니 다른맛 마들렌도 만들어줘 쉽잖아~
nikin99 | 2025-04-15 | @cjswoek9185 이거해먹어보까
___enjoyeat___ | 2025-04-18 | 🔥
jiseon091224 | 2025-04-21 | 스콘쉽게 만들 수 있어서 밖에서 사먹기 아까움
ohjiii1 | 2025-04-22 | 어떤 오븐을 쓰시는쥐!!!!! 궁금합니더!!!!
hj_0.120 | 2025-05-11 | @eun_joyy 진짜인가요?!
highhighjj | 2025-05-16 | 너무 공감되요! 그리고 선물로 구워서 휘뚤마뚤 주기 편한 것도 마들렌!!
lllliaeee_ | 2025-05-17 | 위에 올리신건 뭐에용?? 노란색 실처럼 생긴거요! 너무 맛있어보여요❤️
_alruddl | 2025-05-21 | 저는 마들렌 너무 비싸서 베이킹을 시작하게 된 계기 ㅋㅋㅋ
doyeonyeon1315.k | 2025-06-23 | ???:빛의 가호!!
jinohk89 | 2025-07-05 | 무슨 오븐인데영. ??😮
7arzzanq | 2025-07-06 | 와느뮤맛잇겟네요…..
dalcomjerry1850 | 2025-07-27 | 오븐 정보가궁금한데용 😂"
2025-02-23,1415,치즈만큼 쭨~득하게 늘어나는 크림?.? 정답: 메디테라피 슈마지 골드실 리프팅 크림 저도 저런 크림을 처음 써봤는데 확실히 얼굴에 쫀쫀하게 착-달라붙어서 흡수되는게 마음에 들어서 요즘 밤 자기 전에 쓰고있습죠! 22주,"#광고, #메디테라피, #meditherapy","okvindahouse | 2025-02-23 | 피자영상 올려주새여
akki_5304 | 2025-02-23 | 언니 사랑해요오!!!!!❤️❤️
food_play88 | 2025-03-06 | 오 완전신기방기
s.jxn_12 | 2025-02-23 | 광고달인이셔유..❤️ 먹는건줄 알았어요ㅋㅋ 좋은 영상 감사합니다~~
z._.xin1661 | 2025-02-23 | 저기에 치즈 넣도 모르겠다 ❤️❤️
noh_hye.lin6307 | 2025-02-23 | 왜 맛있어 보이지,,, (츄릅🤤)
j_princess_1117 | 2025-02-23 | 구매는 어디서?
yeseul0410 | 2025-02-23 | 헐 누가보면 먹을것 같아요~!
everyday_3016 | 2025-02-23 | 어디까지 늘어나는 거에요!!!❤️❤️쫀쫀함이 장난아닌군요!!ㅋㅋㅋㅋ
soohyun0406 | 2025-02-23 | ❤️❤️
imhyiseob38 | 2025-02-23 | 그거로 시카고피자 만들어주세용❤️❤️❤️❤️
hyoeun._.719 | 2025-02-23 | 어↗️디↗️까↗️지↗️늘↗️어↗️나↗️는↗️거↗️예↗️요↘️ ㅋㅋㅋㅋㅋㅋㅋㅋㅋ 진짜 치즈처럼 생겼어요!!
caearim | 2025-02-24 | 치…즈…말고 취두부 만들어 주세요
pos3843_ | 2025-02-24 | 이제품 효과 하나도 없었어요 ㅠㅠ
_mmlleook_ | 2025-02-23 | 아니 어떻게 일체형으로 만드실 생각을 하신거지???? 수출하셔도 대박 나실 듯??"
2025-02-22,3954,"한 DM으로부터 시작된 ‘노란수건케이크 만들기 대작전’ 제가 상항이로 출발하기 바로 직전에..! ‘중국에 가서 어떤걸 먹고 올까요?‘라는 무물을 올렸었는데 꼭 이 노란 크림이 들어있는 수건케이크를 먹고와달라고 하시길래 최대한 비슷하게 생긴걸 먹고 오긴 했는데 알고보니깐 조금 다르더라구요 ㅠㅠ 그래서 만들었습니다😎 혹시 수건케이크 만들기에 도전해보실 분들을 위해 레시피를 알려드리자면! <반죽 레시피> :달걀 150g(3개), 밀가루(중력분 또는 박력분)150g,설탕 30g, 소금 한 꼬집, 우유 380g, 녹인버터 40g, 바닐라 익스트랙 <파타봄브 노른자 소스> : 노른자 60g, 시럽(설탕 80g, 물 30g) 22주",,"luh._ye | 2025-02-22 | ㅎr 나도 먹고싶은데 돈이없어.
jye91jye | 2025-02-26 | 망고 퓨레 같은 거 아닐까요
sebyuk._.02 | 2025-02-22 | 이 언니 못하는게 뭐야... 맨날 언니 영상 보면 너무 맛있어보여서... 영상속으로 들어가서(?) 한입 뺏어먹고 싶다구요... 😢❤️
haemjji228 | 2025-02-24 | 저만 망고 농축액 같나요..?😢
s.jxn_12 | 2025-02-22 | 우아 맛있겠어요ㅠ 진차 이사장님 못하는게 뭐죠?!
hanhyeryeong.g | 2025-02-22 | ...센스 미치시었!!!!!!!!!!!!! 맛있겠어요!! 망고겠지.. 했는데 계란노른자.. 와..😮😮
ha_yum_i | 2025-02-22 | 아 첫댓🙌
akki_5304 | 2025-02-22 | 언니 옙어요.
everyday_3016 | 2025-02-22 | 오!!! 언니 유튜브에서 봤던 영상이자너❤️❤️ 또 보는거 넘 좋아여ㅎㅎ
from.jinhyuk | 2025-02-22 | 수건케이크 GOAT
bo687499 | 2025-02-22 | 이사장님에겐 불가능한 음식은 없다❤️❤️❤️
sh.cookkook | 2025-02-22 | 살균ㅋㅋㅋㅋㅋ 역시 이사장밈,,👏
hee_ming_ | 2025-02-22 | 망고퓨레인줄 알았는데 노른자 였다니!!!!
luvme.2_ | 2025-02-22 | 색만봐선 망고같았는데 아니었구낭..
eumm.ml | 2025-02-22 | 사댱행🤗🤗🤗🤗
_mmlleook_ | 2025-02-22 | 대략 맛이 그려져서.. 스테이크를 먹고온 나이지만 군침이...🤤
eumm.ml | 2025-02-22 | 패니네요!!!!!!
eumm.ml | 2025-02-22 | 움마😂ㅂ
eumm.ml | 2025-02-22 | 뀨규ㅠㄱ
eumm.ml | 2025-02-22 | ㅠ우여
eumm.ml | 2025-02-22 | ㅇㅇ준
eumm.ml | 2025-02-22 | 사랑ㅇ랝
eumm.ml | 2025-02-22 | ㅈ
eumm.ml | 2025-02-22 | ㅡ살
oh.dayul | 2025-02-22 | 노란 수건케이크 먹으니까 더 이뿌당 언니!!!!!😍👏👏
lovelyey_j | 2025-02-22 | 금손이 매우 부럽습니다❤️❤️❤️❤️❤️
xvcyuuuk | 2025-02-24 | 어떻게 항상 이렇게 뚝딱 만들어내시는지 항상 리스펙★
x.ooen_ | 2025-02-28 | 노락색 소스에 물을 조근 넣으면 영상 처럼 되지 않을까요??
ehs322 | 2025-03-01 | 노른자 소스 찜빵 같은게 유명하다고 하는데 그런 노른자 소스 맛일까요?
love_yh2 | 2025-03-27 | 망고소스 같았는딬ㅋㅋㅋ노른자..?
luchenghui | 2025-04-12 | 망고 아니면 음 蟹黄이라구 게알에 노른자랑 섞어서 만든 음 그런 소스가 있어요! ㅎㅎ 월명에 소로도 쓰이구요 두부랑 같이해서 만든 요리두 있음 ㅎㅎ
young___view | 2025-04-23 | 저두 이거 먹고싶엇는데 방법이 없어요ㅠㅠ아~~~~~진짜 중국가야하나요😢😢😢😍
yangdayun82 | 2025-05-24 | 망고 잼? 이런거 아닌가요?"
2025-02-21,1231,어잌후. 친구한테 사진 보낸다는걸 잘못 그만..(ㅎ) 너무 적나라한 일상 사진이 놀라셨다구요? 아잉 이거 왜이래~~ 님들이랑 저랑 친구 먹기로 한거 아니냐구여!! 최근에 몸에 과부하가 와서 진짜 쉬어야할 것 같아서 진짜 chilling을 즐겨보았습니다. 먹는 사진 밖에 없는 것 같은건 느낌탓인가 22주,,"yu.haein | 2025-02-22 | 머리 빗겨주고싶네..
tmddk12._.sah | 2025-03-01 | 고양이만 찍어서 올려주세여
roseto_beauty | 2025-02-21 | 악 귀여워...............
pinkwing86 | 2025-02-21 | 헐 실리만찜기다
bboni._.bbang | 2025-02-21 | 건강이 최고예요… 진짜루.. 잘자고 잘머거야돼요
xl._.ia | 2025-02-21 | 이사장님 웰케 이뻐요오오오😮❤️
chill_haza | 2025-02-23 | 쉴때는 역시 냥냥구랑 노는게 최고의 테라피 ㅎㅎ
hyejin_seol | 2025-02-21 | 우리동상 이쁘다앙❤️
sungho_0p | 2025-02-21 | 일상 속 이사장님도 사랑해요!!🥰 그리구 맛난 음식에 침이 고이네요😋
meow888.8 | 2025-02-21 | 애기같애...
cheawon_0809 | 2025-02-22 | 빵 사이에 사과 저만 이빨로 보였나요 ㅋㅋㅋㅋ 쓱 넘기다가 이빨인줄
jadejeon727 | 2025-02-21 | 앗! 이효리님 인줄
jii4370 | 2025-02-21 | 몇일전 제 모습같네요~근데 이사장님은 예쁘시군요..ㅎㅏㅎㅏ 좀 쉬었다 한숨 돌리고와요..우리 여기 있을께요❤️
xvcyuuuk | 2025-02-21 | ㅋㅋㅋㅋㅋㅋ진짜 친구한테 보내는 사진 모먼트라 빵터짐용(진짜 빵이 터졌다는 건아님)
cat_sle_0 | 2025-02-21 | 언니 왜 이렇게 소식하는 사진만 올린거야아아아라라라!!!! 그리구 존재자체가 그냥 빛인데 여태 몰랐돈거면 실망이야~~!
ceolhyeon20 | 2025-02-21 | 오래오래 생기있는.영상으로 부려먹고 싶으니 무병장수 하십셔~❤️
yeseul0410 | 2025-02-21 | 언니 생얼 솔직히 너무 예뻐~♡♡♡♡♡
soohyun0406 | 2025-02-21 | 이모 되게 프리티해❤️❤️
hayan_812 | 2025-02-21 | 귀여운 사람...🥹 날씨가 오락가락합니다 감기 안 들게 조심하쎄욧
noh_hye.lin6307 | 2025-02-21 | 진짜 기엽다,,

(고먐미가😏)
wvvwowvwv | 2025-02-21 | 육회에 저 동그란 검정색 뭔지 너무 궁금해서 돌겠어요
__aa.m8 | 2025-02-21 | 전 이사장님 쉬는 모습도 넘 좋아요
junsxo_0525 | 2025-02-21 | 와우
everyday_3016 | 2025-02-21 | 우와 수박이 있어요????😮❤️❤️ 언니 넘넘 이뻐여
2tamiiiii | 2025-02-21 | 알면 알수록 매력적인 여성이다
rnskgus_13 | 2025-02-22 | 우리 이솨장님 넘 귀엽고ㅋㅋㅋ 근데 뚱치 진짜 푸짐하네요ㅋㅋㅋㅋㅋ
yujin_0115 | 2025-02-22 | 언니 따듯하게 입고다니세요 감기는 언제나 조심 또 조심하세요 즐거운 하루되세요!
jjiwoo.pyo.jj | 2025-02-22 | 언니 맨날 화장하고 영상 찍는데 쌩얼도 이뽀요😍❤️근데 저 빨간 음식의 정체는 뭔가요
sehan6016 | 2025-02-22 | 쉴때는 푹 쉬는게 정답~!!
i_feel__pretty___ | 2025-02-22 | 자연스러운 모습이 더 예쁜 사장님😍❤️
yikk__08 | 2025-02-24 | 잠옷 오디껀가용
lovery_kangs | 2025-03-02 | 첫번째 사진 슌간 이효린줄 알았어염😍"
2025-02-20,2242,"여러분 어렸을 땐, 어묵꼬치가 얼마였나요?! 저는 100원이였습니다. 100원만 내도 어묵꼬치 한개와 뜨끈한 국물까지 먹을 수 있었어요 근데 그거 아시죠.. 어묵국물 떠먹을 때 빨간 바가지에 먹는겈ㅋㅋㅋㅋㅋ <어묵 육수 재료> : 물 1L, 멸치 다시다 1큰술, 무 50g, 대파 20g, 청양고추, 소금 22주","#어묵, #레시피","xl._.ia | 2025-02-20 | 저 12년생인데 어묵 하나에 천원 받더라구요……ㅠ
bboni._.bbang | 2025-02-20 | 저늨 저 말랑말랑하고 어묵국물봉다리같은 질감으 어묵 (고양이) 정수리 한 입 앙 물고싶어요.
z._.xin1661 | 2025-02-20 | 저는 물어묵 700 원 매운 어묵 800원이여
everyday_3016 | 2025-02-20 | 저는 500원이었어요!! 쫀드기가 100원 이었어요 ㅋㅋㅋㅋㅋㅋㅋ
seonforeveryoung | 2025-02-20 | 어묵 어디꺼가 맛있나요? 어떤 어묵은 너무 비리거나 느끼해서
xvcyuuuk | 2025-02-20 | 저는 200원 ..
sungho_0p | 2025-02-20 | 전 떡볶이랑 어묵 둘다 500원이고 양념감자(?)가 2000원 ㅠ
y_kko.9_m | 2025-02-20 | 고래사 새우봉도 드셔보세요 부산미도어묵도 맛있어요☺️
cheawon_0809 | 2025-02-20 | 처 초딩땐 하나에 500원이었는데 지금은 700원 800원 정도 하는것 같아요
play_eat_goe | 2025-02-20 | 그러다 빨간양념 오뎅에 치즈오뎅에 그런거 나올때가 센세이션 ㅋㅋㅋㅋ
sugasuga2017 | 2025-02-20 | 50원이었어요....꼬불이도 손꾸락도 50원....첫짜장면을 700원에 사먹었었죠ㅋㅋ80년생ㅋㅋ노인네
ha.ne1_ | 2025-02-20 | 마시게따여ㅠㅜㅜ
hekdms0 | 2025-02-20 | 지금은 하나에 천원이나 해요,,,,, 이제 못 사먹어,,,,
abanggelion | 2025-02-20 | 500원
_mmlleook_ | 2025-02-20 | 오와 댕댕이도 있었네요!
lovelyluna_91_ | 2025-02-20 | 일자가 200원이었규 꼬불이가 500원 지금은 700원 ㅠㅜ
amoeba_uri | 2025-02-21 | 저랑 연식이 비슷하시군요
kim_joosun1 | 2025-02-21 | 500원이요
jun._.won0618 | 2025-02-21 | 지금은 꼬불이 1개에 700원
s.jxn_12 | 2025-02-21 | 저희 동네 분식집이 두갠데 제 단골집은(?) 최근에 1000원으로 올랐더라구요.. 어묵과 잠시 단절 중입니다..
yxxn_love_k | 2025-02-21 | 이쁜언니다❤️‍🔥
gerbok12 | 2025-02-22 | 10원
pop_suga_2025 | 2025-02-22 | 우리는 어묵 하나 5,000원
minheeya_ | 2025-02-22 | 어묵하나 300원/ 4개 천원ㅎㅎ하던 혜자로운 분식집..👏
mx.1zu_ | 2025-02-22 | 꿔바로우 만드는것처럼 만드는데 고기대신 좀 큰? 느타리버섯으로 바꿔서 튀기먄 완전 맛잇는데 해주세요
b_d12.25 | 2025-02-23 | 이사장님도 오뚜기 멸치장국이 치트키죵?ㅋㅋ 저도 집에서 저걸로 만들어 먹어용 🤗 코인육수보다 더 좋은ㅋㅋ
jingoeun0407 | 2025-02-26 | 저는 꼬불이 1000원이에요ㆍㆍㆍㆍ😢
ehs322 | 2025-03-01 | 오뎅 집에서 만들어 먹는 으른 플렉스 ㅎㅎ
yeah.___.won | 2025-03-02 | 1500원이요 ㅠㅠ
sxxnxexn.0 | 2025-03-03 | 언니 제가 더 먹어요 오뎅
ilike_drinkingwater | 2025-03-03 | 3개 천원••
today.85banzum | 2025-03-04 | 전…진짜 50원 이였어요.
seoyeon.7 | 2025-03-05 | 1500원이요..
j_jino_ | 2025-03-13 | 봉어묵 200원이라 맨날 과외끝나고 3000원씩 사먹고 그랬었는데..
qkrwndnjs1231008 | 2025-05-02 | 지금은 천원이에요
sin.j.y11 | 2025-05-24 | 전 한달에 200개 먹습니다
choijaewoo523 | 2025-05-26 | 어묵 1000
yony_0520 | 2025-05-27 | 저는 하나에 1000원이에요오🥲
eunmi_cc7 | 2025-06-01 | 치즈 넘 귀여워요 저는 요새 매운어묵에 꽂혀서 한번먹을때 3개 먹어요
gerbok6812 | 2025-06-15 | 10원
poky0223 | 2025-06-15 | 쫀드기 1000원 오뎅 800원…
r_h_b_1014 | 2025-06-18 | 100원일때는 30꼬치 먹었다가 500원일때는 6꼬치 요즘은 그냥 노브랜드에서 사먹어요😂
j_hee_3672 | 2025-07-03 | 1000원..."
2025-02-19,776,"📢 [수건 케이크 관련 공지] 여러분, 수건 케이크를 기다려주신 분들이 많으실 텐데요. 이 소식을 전하게 되어 저도 너무 아쉽고 속상한 마음입니다. 2차 판매는 이웃집통통이 측과 협의하에 진행하기로 해서, 지난주까지만 해도 공장에서 샘플링을 진행하며 열심히 준비하고 있었습니다! 하지만 최근 제작을 담당했던 ’이웃집통통이‘ 측에서 내부 사정으로 인해 더 이상 생산이 어렵다는 결정을 내렸다는 통보를 받았습니다. 저 또한 갑작스러운 소식에 많이 당황스럽고 아쉬운 마음이 큽니다. 최대한 조율해보려 했지만, ✅ 예상보다 훨씬 많은 주문량으로 인한 생산 부담 ✅ 배송 및 작업 공간의 한계 ✅ 인건비와 원재료비 상승으로 인한 현실적인 어려움 이러한 이유로 인해 더 이상 진행이 어렵다는 결론을 받게 되었습니다. 2차 판매를 기다려주신 분들께 실망을 안겨드리게 되어 정말 죄송합니다. 그동안 보내주신 관심과 응원을 헛되이 하지 않도록, 더 맛있고 신박한 제품으로 돌아오겠습니다❤️‍🔥 💡 추가 안내 저와 콜라보했던 4가지 맛(고구마 케이크, 두바이 초코, 쫀득 흑임자, 초코 누텔라)은 ‘이웃집통통이’ 매장에서 판매되지 않으며, 앞으로도 판매 계획이 없습니다. 22주",,"better.day_young | 2025-02-19 | 고구마케이크 아껴먹을정도로 너무 맛있었어요!!!🔥또 사먹고 싶었지만…이사장님 다른 신박한 제품도 기다려볼게영🤍🤍
_yellmust_ | 2025-02-19 | 구래 이사장자기야.
다른걸루 신박한걸루 돌아와두 나는 자기라서 좋아🥸🤍
riin_j | 2025-02-19 | 슬프네요…고생하셨어요…😭😭😭😭😭😭😭
sungho_0p | 2025-02-19 | 아쉽지만 나중에 다른 것들을 기다려볼게요!! 이사장님도 당황스럽고 속상하셨을 것 같네요ㅠ
kkm_______7 | 2025-02-19 | 후엥😢
shaneeeee_hk | 2025-02-19 | ㅜㅜ웅이아버지되는 초코누텔라 먹어보고싶었는데 속상하시겠어요ㅜㅜ
tjdrb0913 | 2025-02-19 | 기다리고 있었는데 아쉬워요 이사장님😢 다른거 가져오실 때까지 기다려 볼게요
simsim.eeeeeeeeeee | 2025-02-20 | 😢😢😢😢😢😢😢정말 맛있엇는데ㅜㅜ 아쉬워요ㅜㅜㅜㅜ
_mmlleook_ | 2025-02-19 | 이사장님! 사장님이시잖아요! 공장을 세우셔서...! 생산하는데 도움도 드리고 싶고 막... 아니면 누군가 레시피를 거액으로 사셔서.... 슬픈 소식이네요............
yellpod | 2025-02-19 | 허거덩.. 속상하신 마음이 저까지도 느껴지고... 막..막..🥺 이사장님 괜찮아요 🤍 이사장님 수건케이크 덕에 행복을 맛봤던 저라서..! 잘 참고 다음 제품 기다리고 있을게용 화이팅 화이팅 🙌🏻🙌🏻
dbqlsrh | 2025-02-19 | 😢😢😢😢
aube_0214 | 2025-02-19 | 아이고ㅠ 이사장님 많이 속상하시겠어요ㅠㅠ
eunyoung2468 | 2025-02-19 | 흑임자 맛있있는데 아쉽네요😂😂
xvcyuuuk | 2025-02-19 | 저도 아쉽지만 누구보다 언니가 제일 아쉽고 속상할 것 같고,, ㅠㅠ 다른 제품도 꼭 기다리고 있을게요!!! 슬퍼하지마요 사장님.. ㅠㅠ
hee._.1104 | 2025-02-19 | 에공 ㅜㅜ 기다리고 있었지만 괜찮습니다! 너무 속상해하지마세요😢😢
erteidur | 2025-02-19 | 이사장님 ㅠㅠ 너무 아쉽지만 언니가 힘들었을까 걱정이 되네요... 다른 제품도 꼭 기다릴게요!! ❤️❤️
need._.metime | 2025-02-19 | 다른데랑 해서 내주시면 안될까요😢 먹어보고싶어요
eunjin6560 | 2025-02-19 | 😢
enjoymylife18 | 2025-02-19 | 헐😢😢 그것만 기다렸는데 가격 올리더라도 팔면 안되나요? ㅠㅠㅠ 흑
dailyrecord_2487 | 2025-02-19 | ㅠㅠ 2차 열리면 주문하려고 용돈 모아뒀는데 너무 아쉽네요 ㅠㅠ 언젠가 꼭 만날 수 있기를,,,
365wq__ | 2025-02-19 | 아쉬워요ㅠㅠ
sohae0824 | 2025-02-19 | 개인구매 수량제한 하셔서 한정수량판매로 하시면 부담 없으실텐데ㅠㅠ
garam_yeom | 2025-02-19 | 헉 안돼요ㅠㅠㅠㅠㅠㅠㅠㅠㅠㅠㅠㅠ 아쉬워요ㅠㅠㅠ
sugasuga2017 | 2025-02-19 | 이제 영원히 못먹는거예요?
yubinz343 | 2025-02-19 | 😢
daqlzufk11 | 2025-02-19 | 거기 말고 다른 곳이랑 해주세요!!
lovelyluna_91_ | 2025-02-19 | 아유ㅠㅠ그때 살라고하면 다 품절되서
soohyun0406 | 2025-02-19 | 😭😭😭
j_luuud | 2025-02-19 | 우에엥.. 그래도 존버해볼게요😢🫶
psychokorea | 2025-02-19 | 목욕탕에 가져가도 되나요
kimoogoorasha | 2025-02-19 | 이럴수가 ㅠㅠ 아쉬워잉
yexrim_9 | 2025-02-19 | 😢😢
oow_an | 2025-02-19 | 아아… 안돼유 ㅠㅠㅠ 2차판매만 기다렸는디 ㅜㅜㅜㅜㅜㅜㅜㅜㅜ
epp671cx | 2025-02-20 | 헐 이럴수가ㅠㅠㅠㅠㅠㅠㅠ
bubbly3007 | 2025-02-20 | 으아아아 😭아직 한입도 못먹어봤는데 중단이라니요ㅠㅠㅠ뭔가...다른방법이...있을거에요 !ㅠㅠ전 희망을 놓지않고 존버할거에요
yunjh0605 | 2025-02-20 | 고구마 흑임자 쫀맛이었는데😢 그래도 먹어봐서 다행이다....
heimish_hjk | 2025-02-20 | 고구마랑 두바이초코 넘 먹어보고싶어서 2차 판매 기다리고 있었는데 아쉬워요😢
cat_sle_0 | 2025-02-20 | 두바이 정말 기다렸는데..... 1차가 처음이자 마지막이 되어버리다니.. 실망스럽고 속상하지만 어쩔 수 없죠...
yeji____sz | 2025-02-20 | 이번에 벼루고있었눙데에 너무 아쉽네옴😢
yeji____sz | 2025-02-20 | 덕분에 행복했숩니다🥹🩵🤍
kjjudykwon | 2025-02-20 | 아 이런 내 세상이 무너졌어ㅠㅠ
inhyi.na | 2025-02-20 | 너무 기다렸기에 아쉽지만ㅜㅠ다음에 더맛난걸로 가져오실거니까? ㅜㅜㅠ
volume3jk | 2025-02-21 | 계속된 구매실패로 기다리는 1인입당. 꼭 먹고팠는디ᆢ힘내세용
tladndud_ | 2025-02-21 | ㅇㅔ...........
eunggagg | 2025-02-21 | 헐..ㅠ
jwpark90500 | 2025-02-22 | 그렇게 레전드로 남는거져..🫶 앞으로 나오지 못하는 걸 먹어봤다는 게 영광스러울 정도🥹🥹 고생하셨어요 만들어줘서 고마워요.
boggeunang | 2025-04-07 | 두바이 초코,초코 누텔라 꼭 먹어보고 싶었는디 아쉽네요 ,,ㅜㅜ 다른 간식도 기대할게요 ♡♥︎"
2025-02-18,4472,미친 것 같은 젖병음료 후기ㅋㅋㅋㅋㅋㅋㅋㅋㅋㅋㅋ 이렇게 생긴 젖병음료가 일본 돈키호테에서도 유명하다면서요? 저는 선물받아서 먹어봤는데 아 진짜 현타의 맛이 짜릿하더라구요>< 10만원주면 저거 사람들 앞에서 먹을 수 있다 vs 없다 저는 없다 (근데 먹었죠?????) 22주,#젖병음료,"evysyi | 2025-02-19 | 아놔ㅋㅋㅋ""엄마 어제 망고 먹었어?""에서 터졌네ㅋㅋㅋㅋ
hvvaye0n | 2025-02-18 | 어떡해
sweetshop_s2 | 2025-02-18 | 10만원 주면 사람들 앞에서 먹을 수 있다? vs 없다?
everyday_3016 | 2025-02-18 | 언니~ 구독자들을 위해😍 현타가 와도!! 그저 언니는 나의 빛
noh_hye.lin6307 | 2025-02-18 | 언니 몇십년 전으로 돌아간거야,,,???
k.bboo92 | 2025-02-18 | 아 응애에요ㅋ
chris_is_afk | 2025-02-18 | 누가 유튜버/인플루언서 쉽다고 했냐?
y.rxug | 2025-02-18 | 이언니 왜그래.. 누가 저 젖병좀 뺏어봐..
akki_5304 | 2025-02-18 | ㅋㅋㅋㅋ
eunbin_dung | 2025-02-18 | 언니..
liuujki | 2025-02-18 | 현타오는 젓병음료
an_k.eun.86 | 2025-06-16 | ㅋㅋㅋㅋ
lovelyluna_91_ | 2025-02-18 | 쌉가능이져 10만원 주이소!
kyung_nanana | 2025-02-19 | @1ucybae 배애기는 경험자😎
pcy07 | 2025-02-18 | 해성이 물려주고싶다...@bigstarone87
yeseul0410 | 2025-02-18 | 언니 힘내…
jeslvnv | 2025-02-18 | ㅋㄱㅋㄱㅋㄱㄱㅋㅋㅋㅋ 아 시술받아서 웃으면 안되는데 현타 오는 표정에 터졌네여 😂😂😂
sanggeon.lee | 2025-02-18 | ㅋㅋㅋ😂😂😂😂
minimanimo95 | 2025-02-19 | 나 꿀 다 먹은 빈통에 뜨끈한 우유넣고 흔들면 달달한꿀우유쉐이크? 처럼되는데 저렇게 먹으면서 티비보면 기분이가 좋던데..ㅎㅋㅋㅋㅋ
reels01484 | 2025-02-19 | 언니 힘내요..찍다가 현타 많이 왔겠어요.
alice_hyunjungc | 2025-02-19 | 되게 맛있지 않고 닝닝함 꼭지도 진짜 젖병처럼 말랑해서 느낌이 소름.. 그러다가 평안해짐. 진짜 유아용인가 합리적인 의심이 생김.
tkdwl_ | 2025-02-19 | 개웃기네
jihun_1428 | 2025-02-19 | 어머낫 ㅋㅋㅋ 저건 찐현타오신거같음🙌
yellowskyj | 2025-02-19 | 이사장님 수건케이키~~ 2처ㅏ 예약판매 언제 풀리나요?ㅠㅠ 헝 헝 ㅠㅠ
h___h___65 | 2025-02-19 | @to_mini_ 자꾸탐나네?ㅋㅋ
eri_n0928 | 2025-02-19 | 언니 화이팅..😢
haetn1m | 2025-02-19 | ㅋㅋㅋㅋ언니표정 참을수가없었다 댓글을ㅋㅋㅋㅋㅋㅋㅋ😍
d.a.m.i.0929 | 2025-02-19 | 인생 이 힘든겄같네요 조회수 하나 받을려고 그런 힘듬을견디는겄이 현타가 씨게올겄같네요...힘네세여!
ggoojee | 2025-02-19 | 어릴때 국민학교때 이런 음료 유행이었는데~~~
__________1107 | 2025-02-19 | @hih_5440 사줘
dyan12__ | 2025-02-19 | 저는 팬돌이도 이제 열어서 한번에 마시는데 저걸 어케 마셔욬ㅋㅋㅋㅋ
xlo_qj | 2025-02-20 | 이사장님 레체플란 만들어보세요! 바닐라푸딩 같은 건데 영상보니까 엄청 맛있어보여요!!
incellderm_suyubest | 2025-02-20 | 이거난 진작먹어봤는데 말레시아에서
minheeya_ | 2025-02-20 | 10만원에 사람들앞에서 먹기/ + 아 응애예요 20만원ㅋㅋ 어디서하면되나요ㅋㅋㅋㅋ😂
wjddusal38 | 2025-02-21 | 커서 젖병물일이 없을줄알았는대 ㅋㅋㅋ저런게있네
hyen._.v | 2025-02-21 | ㅈ꼭지음료ㅋㅋㅋㅋㅋㅋㅋㅋ
s.jxn_12 | 2025-02-21 | 언니.. 자괴감 들것 같아요.
minchae_0212 | 2025-02-22 | 쓰레기통 케이크 머거주세연!
w_young31_0 | 2025-02-25 | 언니 다이소에 미리탕 면? 소스 나왔는데 그걸로 와사비 마라비모찌 인가 그거 해주세여..
sallysisjw | 2025-03-03 | 젖꼭짘ㅋㅋㅋㅋㅋㅋㅋㅋㅋㅋㅋ😮😂
d0_bix | 2025-03-22 | 검색할때 자세히보면 중간에 이사장나옴ㅋㅋ
90._.__98 | 2025-03-29 | @169_28y 아 먹어볼껄…
ieunyeong187 | 2025-04-06 | 병 갖고싶네요~~
renee.kim88 | 2025-04-08 | 이 언니 정상이네 ㅋㅋㅋㅋㅋㅋㅋ
rlanqhan | 2025-04-12 | 진짜ㅜ웃겨죽겟어요
110._hh | 2025-04-15 | @2_ddochi 개웃겹ㅋㅋㄱㄱ
datbyeol_yj | 2025-04-19 | @12_05.97 어땠음?ㅋㅋㅋㅋ
lee_gwi_yong | 2025-05-25 | 다른거라고 생각하고 지긋이 눈을 감고 시도해보세요
maybe_jeon | 2025-05-26 | 쌉가넝
kimse.hun100 | 2025-05-31 | 😂😂😂😂😂😂😂😂😂😂😂애기야
lifeisluv.ariel | 2025-06-11 | 우리 딸 먹어보라고 샀는데 안먹길래 그냥 제가 먹은.. 누워서 티비보며 먹기 좋은데 다시 사진 않아요..ㅋㅋㅋ
caeyun_823 | 2025-06-14 | ㅋㅋㅋㅋㅋㅌㅌㅌㅌㅌㅌ
wonwon1219 | 2025-06-21 | 안줘도 가능... 음료맛 준다면...
doy.leh | 2025-07-09 | 망곸ㅋㅋㅋㅋㅋㅋㅋ
fjaghkdlxm | 2025-07-12 | 1,000,000원 정도는 해야 안 되겠습니까?"
2025-02-16,4852,"소보로 속이 밍숭맹숭해서, 겉만 뜯어드시던 분들 계시죠? 그렇다면 이런 신박한 소보로는 어떠신가요😎 핫보로를 어디서 살 수 있나요?➡️ 익선동 ‘빻’카페 수정됨 · 23주","#광고, #베이킹, #디저트, #핫보로","everyday_3016 | 2025-02-16 | 눈 커지는거 찐 리액션 아니냐구여 ㅋㅋㅋㅋㅋㅋㅋ 진짜 언니가 만드시거나 드시는거 보면 꼭 먹고 싶어요❤️❤️
baggeumhui26 | 2025-02-16 | 너무맛있어보여요!😋
grace_shm | 2025-02-16 | 소보로 껍질파 1인 고개를 듭니닼 바삭바삭 진짜 맛있어 보여요 🔥
sungho_0p | 2025-02-16 | 허억 제가 소보로에 환장하는데!! 맛난 곳 감사합니다ㅏ
mi_nimi_nimim_ini | 2025-02-16 | 하나씩 다 맛봐주셨으면 좋을 것 같아요!!
with_s_snow | 2025-02-16 | 택배주문 안되서 ㅠㅠㅜ 포기요
kimahram418 | 2025-02-16 | 언니 너무 맛있게 드시니까 먹고 싶잖아요..ㅎㅎ
cat_sle_0 | 2025-02-17 | 에프가 없어서 못사먹겠당..
hen2o_o | 2025-05-27 | 택배… 택배 도입요망
lucky_eldy2 | 2025-02-20 | 버터❤️❤️❤️
s.jxn_12 | 2025-02-21 | 진짜 언니 광고 넘넘 잘하시는듯❤️👍
heenect | 2025-02-16 | @gonyzziwha @gravity.w 뜨거운 소보로라니?? 버터라니??????
hukurou.co.kr | 2025-07-24 | @dong_yeeeeeeeeeeop 메론맛 만들면 태빵 58호 쌉가능🍈
canigetum | 2025-02-16 | @zeon_.ee 개ㅐㅐㅐㅐㅐ마싯겟댜🤤 낼 익선동 가야대
noh_hye.lin6307 | 2025-02-16 | 저도 한입만 줘요😒
yohmin12 | 2025-02-16 | 이사장님이 만들다가 망한건줄 알았어욬ㄹㅋㅎㅎ
ssixxiii_k | 2025-06-27 | @hhyyuu__nn 마싯겠다
bbangsun2_recipe | 2025-02-16 | 핫보로?신박한데요?
y_kko.9_m | 2025-02-20 | @92_0102c ㅠㅠ 맛잇겟다
gravity.w | 2025-02-16 | 끄악 맛있겠다 ㅠ🤎ㅠ
bbat.official | 2025-02-16 | 핫보로는 익선동 소보로 전문점 빻에서 만날 수 있어요🤎🤎🤎🤎🤎
johyeonjin8001 | 2025-02-18 | 언니 마슐럥1위가 만든 신라면 레시피 해주세요!
congdack_travel | 2025-02-17 | @you.__.ag
mama_jy | 2025-02-16 | @im_7027 @anjiwoo220420
give.me__some | 2025-02-16 | @gaheee_115
diet_hsister | 2025-02-20 | 대만 호호미랑 비슷해쇼
rahee_rayul_mom_ | 2025-04-13 | @rahee_papa_
play_eat_goe | 2025-02-16 | 성심당 튀소에 이어 가장 먹어보고 싶은 소보루!!! 이사장 믿고 당장 구매하러 갑니다 ㅋㅋㅋㅋ"
2025-02-16,2321,"저 어렸을 때만 해도 발렌타인데이에 초콜릿 선물을 주고받으면서 되게 행복했던 기억이 있는데요! 그래서 우리 같이 행복을 느껴보자구 준비했습니다.. 댓글을 달아주시는 분들을 추첨해서 케이크 기프티콘 10분 드릴게요!! (+나는 이번 발렌타인데이에 누군가에게 선물받기는 글렀다!!! 하시는 분들 많이 많이 참여해주십시오.) 상품: 케이크 기프티콘 (10명) 추첨 기간: 2025년 2월 13일~2월 15일 오후 11시59분 ㅡ ㅡ ㅡ ㅡ ㅡ ㅡ ㅡ ㅡ ㅡ ㅡ ㅡ ㅡ ㅡ ㅡ ㅡ ㅡ ㅡ ㅡ ㅡ ㅡ ㅡ 실제로 이렇게 만들어서, 되게 비싼 가격에 판매되고 있던데 우리에게는 다이소가 있지 않겠습니까? 꽃은 꽃시장에서 따로 구매하고, 나머지는 다이소에서 전부 다 구입 가능하니깐 도전해보세요! 생각보다 쉽고 재밌거든요ㅎㅎ 재료: 모양박스 (종이박스, 틴케이스 등), 종이 스타핑,비닐봉지, 오아시스, 생화 한다발, 초 만드는 법: 1. 종이박스는 10cm정도 되는걸 골라서 산다. (하트 모양도 추천) 2. 박스가 반절이 찰 정도로 오아시스를 재단한다. 3. 오아시스에 물을 먹여서 비닐로 감싼다. 4. 장미꽃을 약 10cm길이로, 끝을 사선으로 자른다. 5. 오아시스에 장미를 빽빽히 꽂는다. 6. 남은 반절의 공간을 간식으로 채운 후 리본을 묶으면 끝! 7. 사랑하는 사람에게 선물한다❤️ ------------------------------------- 🎁발렌타인데이 이벤트 당첨자 발표🎁 모두 축하드려요💖 당첨자 분들은 상단 프로필 링크에서 CS채널로 '발렌타인데이 이벤트 당첨됐습니다' 라는 말과 [계정 아이디, 성함, 연락처] 보내주시면 월요일에 기프티콘 발송해 드릴게요♡ @huun5.lo @mycatssavetheworld @nyoung._.0227 @_irid3sc3nt @skishxhxs @al.swjd @vviiin2 @judy._.juju @shinah_00 @hansol0630 수정됨 · 23주","#발렌타인데이, #레시피, #초콜릿, #이벤트","lobeself.__ | 2025-02-13 | 언니,,,, 일주일전에 남친이랑 헤어졋서요.... 줄 사람도 받을수도 없는 슬픈 나..
k.sseo | 2025-02-13 | 역시 따뜻한 언니의 마음..💕💕
hw106hy | 2025-02-17 | 머리수술하고왔는데ㅡ언니조꼬먹음..걸을수있을것같아😍
ri.w_x | 2025-02-15 | 예쁘고 착하고 사랑스러우신 이사장님!! 저는 이번년도도 솔로…하하하하
al.swjd11 | 2025-02-15 | 저 정말 받고싶어요!!항상 이상한과자가게님!양배추사탕부터 봤었는데!이벤트 처음 신청해봐요😢정말 줄사람도 없어요ㅜ..항상 잘 보고있어요!재밌는 영상 만들어주셔서 감사해요!
da._.na_0930 | 2025-02-17 | 발렌타인데이 때 아무 것도 못 받았는데.. 너무 부러워요..ㅜㅜ 너무 탐나고, 갖고싶은 초콜릿..ㅎㅎ
pig_diet_ggul_ggul | 2025-02-15 | 저요!!!!!!!! 껄껄 ,, 초콜렛 줄 사람도 받을 사람도 없어여 ,, ㅠ 믱 뿌엥 ㅠ 면접 준비로 다이어트 하고 있는데 합격하면 혼자 파티 할래여 ,, ❤️
jii4370 | 2025-02-14 | 우와~~댓글.. 손가락 물집잡히게 만들고 계시겠군요..마음도 이쁜 내 연예인!!!!♡
j.x3woo | 2025-02-14 | 언니 너무 예쁘니깐 나헌테 🍫초콜릿 주기❤️😍🍫🍫
hx_n.a | 2025-02-15 | 저용! 항상 좋은 영상 감사해요❤️ 이사장님께 맛있는 초콜릿을 받아보고 싶어요ㅜ
c.h.o.b.b.i | 2025-02-15 | 저요,,,
신혼인데 남편이 늘 발렌타인데이, 화이트데이,빼빼로데이 이런거 안챙겨서 절대 안주고 절대 안받아요.. ㅠㅠ 연애 초반에는 엄청 울고 불고 서러워했는데 결혼하고 나니까 더 서러워유ㅠㅠㅠㅠㅠㅠㅠㅠㅠ🍫🍫🍫 저두 받고 싶어요.. 케이크.. 초코렛..사탕..빼빼로ㅠㅠㅠㅠㅠ 빼빼로도 이사장님이 준게 끝이었단마례요ㅠㅠ 흑 ㅠㅠ
everyday_3016 | 2025-02-13 | 사장님 저는 받아본적이 없어서…. 네ㅠㅠㅠ 그렇습니다ㅠㅠㅠ 언니 영상이 선물 그자체 라구요❤️ 사장님 알라뷰❤️
diaryandlog | 2025-02-14 | 세상에… 디저트만 잘 만드는 게 아닌 이사장님… 완전 럭키 금손이시네요…🥹🍀❤️ 올해도 초콜릿은 글렀지만 대리만족해 봅니다…🍫💕
z0.xn7 | 2025-02-15 | ㅋㅋ … 남친이 없어요 ❤️ 그리고 여자여서 벌렌타인데이에 못 받아요 😂 언니 저 뽑아 주실 꺼졍 ????? 🔥🍫 이사장님 유튜브에서 맨날 보고 이쌍용
ch.aen__ | 2025-02-15 | @hwaji.n_ 이 친구랑 5년째 크리스마스 같이 보내고 있어요ㅠ
ji._.042 | 2025-02-16 | 처음에 보고 사신 건 줄 알았어요!! 되게 이쁘네요❤️
be_long00 | 2025-02-15 | 저요저요저요저요저요저요저요!!!!!!!!! 🍫 받고싶어요.........
_after_like_ | 2025-02-15 | ㅋㅋㅋ지금 인스타를 보고 있는 이 순간에도.. 혼자ㅋㅋㅋ 쫄볶이 만들어 먹고 있슴다... ㅠㅋㅋㅋ 발렌타인데이라고 누구 챙겨 주려고 고민하거나 만들지 않아도 되서 편하네요 뭐 하하하하하 🍫 여자도 사탕 말고, 초콜릿 좋아하지 말입니다!!😂
minlee73689 | 2025-02-15 | 저요 저요❤️케이크 완전 좋아합니다. . . ❤️
le2e_2 | 2025-02-15 | 저는 실제로 이성에게 초콜릿 받은적이 한번도 없습니다❤️ 이번 발렌타인도 역시나!~~~
da_yeon9029 | 2025-02-15 | 나 태어나서 한번도 초콜릿 받은적 없는데 착하고 이쁜 우리 이사장님이 저에게 인생처음 발렌타인 초콜릿 주시면 진짜 행복할거 같아요.
applemiso | 2025-02-16 | 저도 받아 보고 싶어요 이사장님!!😢
kstrlzx | 2025-02-15 | 허걱🥰❤️저요!!!! 이번엔 아무것도 못받았는데 다음 발렌타인데이에 시도해봐야겠네요!!☺️☺️
_00_11.14 | 2025-02-15 | @taedol_ 나 이거 받고 싶음 진지하게
dbals9038 | 2025-02-15 | 이사장님 발렌타인데이에 즐겁고 애정이 넘치고 추억을 많이 남길 수 있는 하루를 보내셨길 바래요☺️ ~ 항상 재밌고 트렌디한 영상 잘보고있어요. 저는 발렌타인데이 전부터 초콜릿을 선물할 생각만 했었어요. 예쁘게 포장된 초콜릿 제품들은 역시 너무 비싸서😅 초콜릿 만들기 재료들과 이사장님처럼 예쁜 포장 재료들을 다이소에서 사서 DIY로 초콜릿 만들기부터 포장까지 하고 부랴 부랴 가족, 지인분들께 선물했었는데 오늘 문득 깨달은게 저는 초콜릿을 선물만 하고 받지는 못했더라구요... 제가 좋아서 한 것이니 절대 불만이 있는건 아니지만!! 왠지 쓸쓸한 기분이 드는건 어쩔 수 없더라구요ㅠ 너무 늦게 댓글달아서 참여가 될지 모르겠지만 이사장님 이벤트에 당첨되면 언제 쓸쓸했냐는듯 너무 행복할 것 같아요!😆
mx.nji_ | 2025-02-14 | 저요...받아서 가족들이랑 같이 먹고 싶어요....😳🍫🍫
k_1_020 | 2025-02-17 | 넷째낳고 얼마전에 우리집 다섯남자들 쭤퀄릿 챙겨줬는데 정작 나는 애낳고 꼬질꼬질.. 이사장님께 쭤퀄릿을 받아 특별한 추억이 될 수 있으면 참 좋겠심다 ㅎㅎ
hukolel | 2025-02-15 | 21년째 모쏠..줄 사람도 없고 받을수도 없네요…😢 나도 🍫 받고싶다…
aaaahzzang | 2025-02-15 | @yuyyuaan_ 우리 잘 먹을 자신있는데 우리에게도 초콜릿을 ,,,🩷
xeoni_an | 2025-02-14 | 🙌🍫❤️
soso_se0 | 2025-02-14 | 저 그냥 한판 뚝딱하고싶어요🍫🍫
gimmiseol6 | 2025-02-15 | 저요ㅜㅜ항상 좋은 영상 감사해요
_naaaanaaa | 2025-02-15 | 🙋🏻‍♀️헤어진지 3개월.. 초콜렛 받을곳도 없는데 17일은 생일이랍니다🥹
han.m.h15 | 2025-02-14 | 안녕하세요 유튜브를 잘보고 있는 구독자입니다 이벤트가 있는걸보고 첨으로 들어와봤어요 발렌타인데이 이벤트라서요 조카들 키우느라 20대,30대를 그냥 흘려보내느라 이런날은 챙겨받은적이 없는거같아요 문득 슬프더라구용..^^ 그래서 저도 용기내어 참여해보려구욤~ 저도 특별한날 챙겨받아보고싶네요^^
jj._.jjhong.m | 2025-02-15 | 이걸 15일인데 이제 봤네요ㅋㅋㅋ유튜브 보고 팔로우하러 왔어요!👍🏻
go_yang_i486 | 2025-02-17 | 모쏠도 초콜릿 잘 먹을 수 있어요ㅎㅎ🍫
da_exu.y | 2025-02-14 | 예쁜언니 진짜영상잘챙겨보고 있구! 이번에는 언니 이벤트덕에 눈물이 쏙들어갔네(?)😂
s.1xen1 | 2025-02-16 | 저요ㅠ ❤️❤️❤️❤️
cheawon_0809 | 2025-02-15 | 저도 언니한테 받고싶어요!!!!!! 언니!!! 딱 저 영상태로 만들어서 줘봤는데 엄청 좋아하던데요 !!!!
hhee0240 | 2025-02-15 | 저 혹시 가능할까요?아들이고 딸이고 빈손ㅋㅋㅋ😂🍫🍫🍫🍫🍫
sajxhe | 2025-02-15 | 발렌타인데이인줄도 모르고 하루종일 알바하다 숙제하고 12시 돼서야 다른 친구들 스토리보고 발렌타인데이인걸 깨달았네요... 모쏠이라 한번도 기념일을 챙겨본적 없는 저에게 한번만 베풀어주신다면 평생잊지않겠습니다ㅠㅠㅠ 너무너무 오래된 구독자입니다ㅠㅠㅠ❤️❤️
noahlee1995 | 2025-02-15 | 썸타는 그녀와 다음주 만나서 밥먹기로했는데 그때 같이 먹을게요 😍 정말 오랜만에 연애인데 사장님 도와주세요!!!! 😂😂❤️
jay_jin.03920 | 2025-02-15 | 눈물이 광광납니다.. 저두 발렌타인데인날에 받고싶었는데ㅠㅠ
junginzzang | 2025-02-14 | 남자친구 없어서 돈 굳었다!(긍정회로😂)
syeon__._.__ | 2025-02-15 | @nannueve_ 누나 내가 돈 만이 모아서 이거 페레로로쉐로 해쥴게
h_dj152 | 2025-02-15 | 사랑해요 이사장님🔥🔥🍫🍫🙌❤️❤️ 전부터 유튜브로 봤었어요😍😍😍😍
bijou._.seoan | 2025-02-15 | 지금 육퇴하고 이사장님유튜브보다가 달달구리케이크 이벤트에 감사한 마음으로 달려왔어요! 😭 우유말먹 한 판하고 싶어요!
rnoojijim | 2025-02-14 | 군인인데....안에서 헤어져서 받을 사람이 없어요...흐긓ㄱ
muny1004 | 2025-02-15 | 발렌타이데이란 ㅠㅠ 나랑 상관없는 날인지 얼마나 되었는지 기억이 안나는 슬픈 1인 입니다 🍫좋은 팁을 배웠는데 줄사람도 없다니 😢😢😢 🍫하지만 씩씩하게 다시 살아야겠지요 🍫🍫
_y.geon.12_ | 2025-02-14 | 이사장 예쁘다ㅏㅏㅏ
_y.geon.12_ | 2025-02-14 | 분위기 올려ㅕㅕ
seola172 | 2025-02-14 | 이사장님ㆍ 저는 나이가 많아요ㆍ 제가 삼남매 엄마입니다ㆍ 저의 첫째가 이사장님 팬입니다ㆍ 자
dhegwjai | 2025-02-13 | 애인없고 남자없는 기숙학원 고3..이에요
lina_ji__u | 2025-02-14 | 저 발렌타인 데이때 한번도 받은적없어요 화이트데이인가?ㅈ
huni_369 | 2025-02-14 | 이사장님! 택배 보내주세요!
영상 보자마자 바로 팔로우했슴돠🥹
z.uo2n | 2025-02-14 | 유튜브 보다가 왔습니다... 참여한사람 너무 많은데요??😂 짝사랑하던 남사친이 여친이 생겨서 고백도 못해보고 차였슴돠.... 걔 한테 발렌타인데이땐 초콜릿 만들어 주고 싶었는데ㅠㅠ 저도 사랑같은 케이크 받고싶어요우
miju0605 | 2025-02-14 | 발렌타인데이땐 ... 초콜렛도 먹고싶은데 못먹고 ㅠ 꼭 받고싶어요~ ❤️
fkwcnaod | 2025-02-14 | 이사장님이 주는 케이크 먹고 싶은 사람 여기여기 모여라아
huun5.lo | 2025-02-14 | 와 저렇게 만들 수 있다니 역시 이사장님 최고에요🔥🔥 너무 고급지고 예쁜데요??? 제가 써볼 일이 있을진 모르겠지만 언젠가 따라서 만들어볼래요😂~ 저는 주변에 퍼다주는걸 좋아해서 항상 누굴 챙겨준 적은 있어도 제가 받아본 적이 한번도 없어요😂 올해는 제가 정말 좋아하는 유튜버인 이사장님께 받는다면 이전의 기억들도 행복하게 덮을 수 있을 것 같아요..❤️❤️
imintstone | 2025-02-14 | [이]사장님에게 [상]을 드리겠습니다🏆 [한]사람 한사람마다 기쁨과 행복을 전해주시는 [과]정이 구독[자]들에게 [가]장 자랑스러우며 존경스럽기 때문입니다👍 [게]다가...더보기
ga_eun0321 | 2025-02-14 | 헤어진지 어느덧..1년...선물받긴 글렀어여😂😂😂
bamtolssn | 2025-02-14 | 어쩌다보니 이별이슈로 발렌타인데이 혼자보내요..ㅠࡇㅠ 이사장님밖에 없더요ㅜㅜ
monimonimow | 2025-02-14 | 이번엔 쓸쓸한 나에게 당첨기회가 오면 좋겠어요......🍫🍫🍫 이사장님 해피발렌타인♡♡
kwon_0829 | 2025-02-14 | 연인도 뭐도 없다...!!! 한번 참여해봅니다....
juliaailue | 2025-02-14 | 발렌타인데이가 뭐죠…하하 전 초콜릿보다 케이크가 좋아요🍫
sy_xbin | 2025-02-14 | 락스좀 그만마시고 싶어요
mer_oym8 | 2025-02-14 | 발렌타인데이인데 집밖으로 한발자국도 안나간사람 나야나.... 케이크 먹고싶어용 밖에 나가서 케이크라도 바꿔올 수 있게 해주세요..🥹😂
hanea.u | 2025-02-14 | 모쏠인데 진짜 이런 기념일에 받을 생각도 못하고 현실에 치여서 살고있네요🥹이런 저에게 한번 발렌타인데이란 뭔지 한번 알려주세요…🍫
gimhj1005 | 2025-02-14 | 저 받고 싶어여!! 모쏠에 취준생이라 발렌타인데이 초콜릿은 생각도 못 하고 살아요ㅠㅠ
mycatssavetheworld | 2025-02-14 | 안녕하세요 이사장님! 기억하실진 모르겠지만 유튜브 채널에 요즘 제일 재밌게 본다는 유튜브 중 하나라고 댓글 달았던 대학생인데 힘이 되신다고 답글을 해주셨더라고요ㅎㅎ! 비록 수건케이크 때는 구매하는걸 실패했지만 이번에 남자친구를 위해서 신청해봅니다. 남자친구랑은 1000일을 넘었고 이제 곧 군대를 보내게 되어 마지막 발렌타인데이에요. 사실 그동안 발렌타인데이가 방학에 항상 있었어서 제대로 챙겨준 적이 없어서 미안한 마음이 있는데, 군대 가기전에 마지막으로 직접 케이크 주고 초도 불면서 행복한 발렌타인데이 추억을 만들어주고 싶어요! 다 읽으실 진 모르겠지만 읽어주셨다면 긴 글이였는데 너무 감사합니다ㅎㅎ 항상 행복한 하루만 보내시구 이사장님도 행복한 발렌타인데이 남자친구 분이랑 보내셨길 바랄게요❤️🍫
sungho_0p | 2025-02-14 | 저요오🙌 항상 자기 전 이사장님 영상 보는게 낙이에요 맛있는 초콜릿 먹어보고싶어요 사랑해요❤️
ayoung_9533 | 2025-02-14 | 🎂 🍰 🎂 🍰 🎂 🍰 🎂 🍰 🎂 🍰 🎂 🍰
ayoung_9533 | 2025-02-14 | 저 진짜 너무너무너무너무너무 받고 싶어요
caneh_12 | 2025-02-14 | 저요..저요...인생은 솔플이야....저 혼자 쪼꼬우유에 뒤집어지게 먹을게요❤️🍫🔥🙌🙌🙌🙌🙌🙌
ayoung_9533 | 2025-02-14 | ❤️이사장님❤️ 저는 아직도 모이여서 한번도 초콜릿을 못 받았어요 ㅠㅠ 그래도 저는 남친에게 받는 초콜릿보다 이사장님의 케이크를 받으면 남자친구와 함께 하는 발렌타인데이는 필요 없을 것 같아용~^^ 이 케이크 받으면 너무너무 행복해서 날아갈것같아용 이사장님 영상 너무 넘무 재미있어요!! 앞으로도 이사장님 영상 더 열심희 보겠습니둥!!!! 사랑해용 이사장님 🎂 🍰 🎂 🍰 🎂 🍰 🎂 🍰 🎂 🍰 🎂 🍰 🎂 🍰 🎂 🍰 🎂 🍰 🎂 🍰 🎂
cherish_4226 | 2025-02-14 | 저요! 언니가 주는 케이크 먹고 싶어요.🍫
oh_my_review_ | 2025-02-14 | 앜ㅋㅋㅋㅋㅋㅋ 역시 알잘딱깔센 이사장님😘 참여율 완전 높은 걸요?! 그래도 발렌타인데이 선물 못 받은 사람이 나이기에 눈물 닦고 댓글 쓰고 갑니다 ㅎㅎ,,ㅠ 이사장님 해피 발렌타인🌹
heeju_luce | 2025-02-14 | 2월에 대학 졸업하는 취준중인 모쏠은 발렌타인데이 신경 쓸 수가 없어요ㅠㅠ
l9200__ | 2025-02-14 | @l9vsram1 저요
wldns1120 | 2025-02-13 | 저요저요!!!!이런 이벤트 열어주시고 감사해용❤️
iyo7171 | 2025-02-14 | 저요!! 예전부터 영상들이 너무 재미있어서 꼭 롱폼은 챙겨보고잇어요..🤭
yelim_yeon | 2025-02-14 | 저요저요저요저요저어어어어ㅓ어어어요저요저요저어어어어어요저어ㅓ어어요저요저요저요저저ㅓ요절대광기는아니구요그냥받고싶어서그래요저요저요제발저요저어ㅓ어어요그냥저러ㅓ어어요저어어어어ㅓ요저요저요오오오오✋🏻절대저요줄사람도받을사람도없는저요제발저요저어어어어어요나요오오오다비키고저어어어어요다가라그러고나요오오오오🍫저저저저저요오오오오다모르겠고저어어어ㅓ어어어요이렇게열심힌데저요오오오저저저저ㅓ저젖요
wannabeyour1ao | 2025-02-13 | 애인도 없고 부모님 건강 관리 하신다고 초콜릿 관심 끊으셨고 친구들은 멀리 살고,,,,,내 발렌타인 챙겨주는건 이사장님밖에 없ㄷr,,,,,,,,
h.yeon0105 | 2025-02-14 | 아…나도 받고 싶다…ㅠㅠ
이번에도 못 받는건가…🍫🍫
저도 케이크 받을래여~~~~~❤️❤️
oo_cciyuqw | 2025-02-14 | 우왕❤️
eunji.st | 2025-02-14 | 저는 원래 챙겨주던 남편이 있는데 엊그저께 유럽으로 홀랑 떠나버렸어여😢😢 리턴비행기도없이!!!!!! 애기 둘 혼자 육아하면서 보내는 발렞타인데이네요... 😂😂
haru.ru0856 | 2025-02-14 | 예쁜언니❤️저요~
hanbyeorring | 2025-02-14 | 오늘밤 주인공은 나야나!!!!! 🎶
mintflower0428 | 2025-02-13 | 언니!저요!!!
choi_ji_won221 | 2025-02-14 | @wangmandue 🦕
hio33733 | 2025-02-14 | 저요!!
gimaljalchigehejooseyo | 2025-02-13 | 발렌타인데이 때 항상 못 받았어요 🥲 남 주는 것만 도와주고 정작 전 인연이 읎네요 🙃🙃
hipolala | 2025-02-14 | 저는 어제 남친이랑 헤어졌어요
dduruddu_2876 | 2025-02-14 | 와 진짜 예쁘고 만들기 좋네요 줄 사람 생기면 도전해보겠습니다
seohyeon_910 | 2025-02-14 | 저요오 ㅠㅠㅠ
0.427_k | 2025-02-13 | 저 초콜릿 이름 알려주실뷴..
y_un_seu1 | 2025-02-13 | 남사친도없고
이사와서 친구도 없고
내 선물 챙겨주는건 이사장님밖에..
silver_star__97 | 2025-02-13 | 우아ㅏ케이크 먹구싶어요오 남자친구랑 같이😍@tae__guen__1241
1tto0 | 2025-02-14 | 흑흑....
zoon__2210 | 2025-02-14 | 저요"
2025-02-12,4211,"요즘 유행하는 중국의 벽돌초콜릿 빙산롱옌🧱 이번에 중국가서 다른 디저트는 다 먹고왔는데 이걸 또 빼먹을 수 없죠..! 되게 꾸~덕할 줄 알았는데 묵직할만큼 꾸덕한 식감은 아니고, 초코 무스와 생초콜릿 어딘가 중간에 있는 식감이였어요. 개인적으로 좀 더 꾸덕했으면 하긴했는데 이거 드셔보신분들은 어떠셨어요? 23주","#벽돌초콜릿, #빙산롱옌, #빙상롱옌","bboni._.bbang | 2025-02-12 | 어머 저 지금 딱 상해에 있어요! 빙산롱옌은 생각보다 기억에 안 남고, 수건케이크는 자꾸 맴돌아요.ㅋㅋㅋ 상ㅇ상 가능한 맛에서 업그레이드 살짝 더 된 맛!!!!❤️
shaneeeee_hk | 2025-02-12 | 언니 이거언제만들꺼에여?ㅋㅋㅋㅋㅋㅋㅋㅋㅋ
sungho_0p | 2025-02-12 | 맛있을 거 같아요!! 근데 좀 달아보여서 우유 같은 거랑 먹으면 딱 일거 같기도,,,?
cat_sle_0 | 2025-02-12 | 나 아직도 기다리고 있잖아,, 여기 선물이라며 언제 오는거야,,
seoyeon.04020 | 2025-05-25 | 아‥언니‥저기 박스안 빙산롱옌 위 조그만 박스에 숫가락있는데‥‥‥
rhythmizm | 2025-02-12 | 갖고싶다 😢❤️
therudemanisactuallyme | 2025-02-12 | 이사장님이것도수건케이크처럼만들어주시면정말감사할거같습니다
vely_j | 2025-02-13 | 상자 속에… 숟가락 있다규 ㅜㅜ 이사장님
dodo.rothy | 2025-02-12 | 저거 위에 긴 박스에 스푼 들어있는거 알고 있죠?
jsy0.807 | 2025-02-13 | 자세히 보면 숟가락 있어요
dyu11.28 | 2025-02-12 | 긴박스에 스푼잇대요
s.jxn_12 | 2025-02-21 | 언니 만들어 주실거져?! 언니 버전 와안전 궁금해지네요🙌 이사장님은 얼마나 멋있고 맛있게 만드실까아~
epic.hp1 | 2025-02-12 | 저는 돈없으니 마크깔아서 잔디 먹겠습니다
sseon_h.s2 | 2025-02-16 | @hangul__ii 이거엿네ㅔㅔㅔㅔ
ekzuju | 2025-02-12 | @0hyun__park 아 이거냐 ? 에바야
zip_cok_ | 2025-02-12 | 거기 상자에 스푼들어있는데
ye_song_park | 2025-02-12 | 기다란 상자안에 숟갈인가 포크있어요
realiviews | 2025-02-12 | 저거스푼도 같이주던데
andura993 | 2025-02-13 | 전 외국인데 어제 많이 찾아봤어요 쿠팡 있어도 오게 좀 늦을 것 같아 한국 커피숍이나 가게 찾아요
_a.nh12 | 2025-02-14 | 저기 상자 안에 숟가락 있던데
feat.kyw | 2025-02-14 | 언니 그거 숟가락 들어있어요
mn._o0o | 2025-02-14 | 저거 빙산롱옌 스푼들어있어요!!
gimgalalla | 2025-02-15 | 중국음식.. 줘도 안먹...
doghoney1 | 2025-02-15 | 😮😮
cseense | 2025-02-16 | 상자 안에 스푼 들어가 있는거 꼭 챙기세요
b.young_529 | 2025-02-17 | @jeonhyeyun88 ㅋ ㅋ
jang.yun93o | 2025-02-18 | 언니 알갱이? 위에 있는 상자 스푼이야
my_donghyun | 2025-02-24 | 중국 존나 좋아하네
ehs322 | 2025-03-01 | 초콜렛에 휘핑크림 많이 넣고 녹여서 냉장 시키면 저런 맛이 날까요? (만들어 달라고 아이디어 주는 중)
get_a_seoyoon1125 | 2025-03-04 | 언니 거기 수저까지 있다고했어요!
eliskan346 | 2025-03-26 | 그거 상자 길다란 곳에 숟가락있어요!!"
2025-02-11,6716,편의점에서 마이쮸 풍선 만드는게 유행이라길래 도전해봤는데 뭐야 왜 이렇게 잘됔ㅋㅋㅋㅋㅋㅋㅋ 솔직히 우리 동년배분들.. 옛날에 칼라풍선 부는 느낌 알죠 들숨날숨의 강약을 섬세하게 조절하면서 불어야되는거 근데 그거보다 잘 불어짐!!! 이거 근데.. 편의점에서 만드는게 유행이라길래 하긴했는데 집에서 맘껏 편하게 불고.. 맘껏 청소하는게 낫겠어요 ㅎㅅㅎ 자. 마지막으로 마이쮸 무슨맛이 본인의 원픽이다? 하나 둘 셋 하면 말하는 거에요? 하나 둘 셋!!!!!!!! 23주,"#마이쮸, #편의점, #간식","xvcyuuuk | 2025-02-11 | 마이쮸 풍선 맛있겠다 ..왜 언니가 하면 다 따라해보고싶고 다 맛있어보이는짙ㅋㅋㅋㅋ
eun.szn | 2025-02-11 | 완전 맛있겠다ㅋㅎㅋㅎㅋ
redjoy_kang | 2025-02-11 | 오모 이거 너무 재밌겠다 🤩
miny__eong | 2025-02-16 | 새콤달콤 키위맛 존맛이에용
tacochibasco | 2025-02-11 | 아…너무 귀엽따.. 마이쮸 저장
저희 타코 한번만 드시러 오시면 안되요???
징쨔.. ☝️☝️
hye_on79 | 2025-02-11 | 오늘도 넘 귀여운ㅋㅋㅋ👍🏻💋💯
hasori0512 | 2025-02-11 | 이야 달고나커피 이을 마이쮸풍선이네요bb
chu______ny | 2025-05-21 | 이거 하다가 울 딸램 화상 입었어요... 제가 옆에서 봐줬는데오 갑자기 녹으면서.. 꼭 어른이 옆에서 봐주세요.. 아님 하지마요..
eunsol5477 | 2025-02-16 | 집에 있는 전자레인지에 종이컵 넣어도 되나요?
legocity7708 | 2025-07-11 | 화상입을수있대요
seon123 | 2025-07-07 | @ooo0617 보나랑해도되나?
2d_jjjin | 2025-03-17 | @jinsikaaaa @sung_h55n 이영상을 편의점 점주님들이 싫어합니다ㅋㅋㅋㅋㅋㅋㅋㅋㅋㅋㅋㅋㅋ
pesca_arng | 2025-05-09 | @kyeongkeun.pak 내일하까?
n.wookho | 2025-07-18 | @kwon__danbi 이거 무엇ㅋㅋ
ssa____juo | 2025-07-05 | @b_o93
psj_0820 | 2025-05-27 | 800원? 마이쭈부터 1000원인뎅...?
syhan486 | 2025-06-10 | @901211s
official_muskansoni14 | 2025-02-28 | Hy guys, where are you from??
sonye_rim | 2025-02-12 | 이사장님! 디엠좀 봐주세요!!
chris_is_afk | 2025-02-11 | 집에서 마이쮸 꿀타래 하고 놀면 엄마한테 등짝 안맞나요? ㅋㅋㅋㅋㅋ
s.jxn_12 | 2025-02-21 | 저는 많이 묻혀도 안되더라구여ㅜㅜ
특별한 고오급 기술이 필요한걸까요..?!
haetn1m | 2025-02-11 | 저도 왕년엔 한 본드 했었죠 후우 😮‍💨
jjjhhjj | 2025-07-19 | 마이쮸 마이쭈??
mint_choco29 | 2025-02-11 | 마이쮸는 포도맛이죠 👏 저도 해보고싶네욬
duqdjs_10 | 2025-06-20 | 재미나긴 한데 일반 종이컵 전자랜지에 돌리면 코팅된거 다 녹여드시는게 되어 건강에 헤로우니 참고하세요.
aalsp119274nnaa | 2025-07-08 | ...?
elly_billy_rilly | 2025-07-05 | 이건 누가 생각햇냐 대박ㅋㅋㅋㅋㅋㅋㅋ
ihaeun2868 | 2025-03-01 | 근데 저거 빨리굳는게 단점..
u_u__hj505 | 2025-05-22 | @jeong__w00
kamy88jp | 2025-05-25 | 15주 전영상인데 댓글도 바보밖에 없네 😂😂"
2025-02-09,9845,"초중고 내내 장래희망이 요리사였던 나의, 판도라의 상자 open 제가 원래 요리를 하던 사람이라는 점에 놀라시는 분들이 있더라구요? (이해허요 그 맴ㅋㅋㅋㅋㅋㅋㅋㅋ) 요즘 요리사를 꿈꾸는 친구들한테 연락이 많이 오기도 하고 또 제가 최근에 졸업 증명서를 열어봤는데 와… 나 초,중,고때 장래희망이 항상 요리사였더라구요..? (그래서 그냥 생각난김에ㅎㅅㅎ) 저는 고등학생, 대학생 때 모두 조리전공을 했어요 자격증 공부 + 조리경연대회 준비+ 학업까지 하느라 맨날 눈물콧물 빼면서.. 자격증이랑 메달, 상장을 아득바득 모았던 것 같은데 (다 보여드리고 싶은데.. 아니 뭔 다 포토샵을 떡칠을 해놔서 보여드릴만한 사진이 앖네ㅠ) 학교에서 하루종일 수업듣고 와서 집에서 맨날 무 돌려깎기 연습하고, 숫돌에 물먹여서 칼 갈고.. 무를 한 1000개는 돌려깎기 했던 것 같은데 덕분에 지금도 할 줄 알아요..근데 대체 이거 어디에 쓰는뎈ㅋㅋㅋㅋㅋㅋㅋㅋㅋㅋㅋㅋㅋㅋㅋㅋㅋㅋㅋ 아 맞아!조리자격증 몇개 있으시냐고 질문을 많이 하시는데? -> 8개 임돠 (한식, 양식, 중식, 일식, 제과, 제빵, 조주, 식품가공) 근데 전부다 고등학교 졸업하기 전까지 취득했었고.. 그 후로는 휴업상태^^ 졸업 하고난 후에도.. 계속 요리에 관련된 직종을 했구요! 요리라는 큰 틀 안에서 일의 형태가 바뀌긴 했지만 결론= 꿈을 아직도 이뤄가고 있는 중 수정됨 · 24주",,"happybb0 | 2025-02-08 | 이사장님혹시대전에 ㅇㅅㄷ셧나용??
y_m1mi | 2025-02-08 | 진짜 보면 볼 수록 멋있으세요...
xvcyuuuk | 2025-02-10 | 진짜 이사장님 너무 멋있어요.. 꿈이 일관된 것도 신기하고 정말 좋아하는 일을 열심히!!! 한다는 모습에 또 반합니다 엉엉
chickenclass2021 | 2025-02-09 | 역시 멋진 이사장님❤️❤️
sungho_0p | 2025-02-09 | 언니 미모가 화면을 뚫고 나오는데요??❤️
chumchunam | 2025-02-08 | 흑백요리사 시즌2에 나오셨음 좋겠네요🔥
v10u.ar | 2025-02-08 | 알지 못했던 모습들을 알게 되면서 새롭고 신기하면서도 멋져요! 앞으로도 응원할게요 ✨
johyeona0313 | 2025-02-08 | 멋지다~!! 👏👏👏 😍
bo687499 | 2025-02-08 | 멋지다❤️❤️❤️❤️❤️
na_young8922 | 2025-02-08 | 멋지세요 이사댱님❤️배우고 갑니다
joy._.100 | 2025-02-08 | 멋지고 예쁘고 귀엽고 혼자 다하는 이사장님 ㅎㅎ 😍
wjn912 | 2025-02-08 | 멋있❤️❤️❤️❤️❤️
kellyfornia_c | 2025-02-08 | 으앗 완전 애기애기해😍😍❤️❤️
sinyeyun3 | 2025-02-09 | 저도 꿈이 요리사에요!!❤️❤️
itterashaiwoozi | 2025-02-08 | 콰 이게역시우리언니지
hye_on79 | 2025-02-08 | 어쩐지 고향 가서 요리하는거랑 아프리카 가서 요리하는게 멋짐뿜뿜에❤️👍🏻👏🏻👏🏻👏🏻👏🏻💯 자연스럽더라구요
jeonyujin8285 | 2025-02-09 | 언니개멋저
_y.geon.12_ | 2025-02-08 | 축하드려요
rikugajoa | 2025-02-09 | @mires_0717 울 림세최도 꿈을 향하여...
d._.hugging | 2025-02-10 | 누구 많이 닮은거 같은데 했는데 역시 였군😮
back_2_youu | 2025-02-08 | 너무멋잇다
lovelyluna_91_ | 2025-02-08 | 나중에 유튜브 안하시면 이사장님 식당해요ㅠㅠㅜ그럼 손님 많을거같아용😮
_oarsly | 2025-02-08 | 멋져융ㅠㅠㅠ
songgwangsu94 | 2025-02-08 | 그래서 요리를 잘하는구나 👍
tlqkfgngn | 2025-02-08 | 존나 열심히 살아오셨다..👏👏
sungjin0819 | 2025-02-08 | 윈턴줄;;;;;
grace_shm | 2025-02-08 | 오 이제 큰 요식업 사업장 내면 되나요? 사장님은 먹는데 진심이라 뭘해도 맛있을 것 같아요 자주 사먹을게요 식당이든 빵집이든 무엇이든지 맛있는 업장 하나 만들어 주세용 ㅋㅋㅋ
_daseot | 2025-02-08 | 한결같이 원하는 꿈이 있었고 또 그 꿈을 도전하고 이루고 있다는 점, 진짜 개멋짐❤️ 진짜 이사장님 볼 때 마다 내 딸들도 이렇게 컸으면 하는 바람이 생겨요👍
jin_yeong02.17 | 2025-02-08 | 멋있어요 음식은 좋아해서해야 진짜로 좋은 음식과
좋은맛이 나더라구요 😆😆👍👍👍
everyday_3016 | 2025-02-08 | 꿈을 아직 이뤄가는 중 크…. 언니 믖찌다❤️❤️ 사장님 진짜 저도 사장님처럼 열심히 제 꿈을 향해 달려가볼게요
n___ht | 2025-02-08 | 멋지십니다…
ty0000_0000 | 2025-02-08 | 대단하시네요🔥
mins__83 | 2025-02-08 | 너무 너무 멋찌당😍 금손인 이유가 있었넹~ 👍
ceolhyeon20 | 2025-02-08 | 암은 천재요리사!! 한우물 장인이로세^^
sweet_haruhari | 2025-02-08 | 넘 멋있어요..😍😍😍 이런열정이..나이를 조금씩 먹다보니 더 대단하게 느껴지더라구요👏👏
yeon__story_x | 2025-02-08 | 와.. 진짜 존경합니다😍😍
binjung_18 | 2025-02-08 | 와 진짜 멋지셨네요❤️
psalms_39_7 | 2025-02-08 | 👏꿈을 이뤄가는 사람
yarne_da | 2025-02-08 | 초등학생때 요리사 꿈 가지시고 뭘 하셨나요?? 아들이 꿈이 요리사라는데 뭘 배우면 좋을까싶어서요
mi_so_mh | 2025-02-08 | 진짜 대단쓰! 존경합니당~~ 아이들이랑 책도 재밌게봤어요😍
yj_000_0 | 2025-02-08 | 우와 멋있어요…!👏👏👏
windsode | 2025-02-08 | 한결같은꿈을 이루셔서 유튜브까지 저렇게멋지게 하시니 정말멋있어요
so_heeda | 2025-02-08 | 어떤지 뚝딱 뚝딱 잘 만드시더라고 !!!!
1lkwon_2 | 2025-02-08 | 그 요리의 길을 걸어오시는동안 유튜브 생각 있으셨어요??
soul_jang | 2025-02-08 | 조리자격증 8개면 것도 고딩때 딴거면 진짜 대단한건데
hhhminjung | 2025-02-08 | 멋지세요 디저트랑 여러가지 만드시는 것 보면! ^^ 이미 요리사이신듯해요
https._rang | 2025-02-08 | 멋있어요
blueberry0508486 | 2025-02-08 | 저희 아이가 구독해서 같이 보고 따라서 만들기도 했는데 어렸을때 부터 꾸준히 꿈을 키워 오신 분이시네요~더 멋져 보입니다.앞으로도 더 쌈박하고?맛난 간식 레시피 부탁 드리고 더 더욱 잘 되시길 바랍니다.저희 딸도 따라서 잘 크길^^
dan.0.gan | 2025-02-08 | 진짜 멋있어요😢
twopeony | 2025-02-08 | 마지막짤 커여워요!!!
dududhap | 2025-02-08 | 너무 멋져요!!
hayan_812 | 2025-02-08 | 멋져요...😍 앞으로의 행보도 늘 응원할게요! 화이팅🔥🔥🔥
hyejin_seol | 2025-02-08 | 징짜 이쁘구멋지구 우리딸램두 그래쓰믄 조케짜너❤️❤️❤️❤️
a_jonna_jol_ria_sshi_bbal | 2025-02-09 | 이상한요리사로 전직
m1ya_42 | 2025-02-09 | 아가아가에서 점점 포스가 느껴진다
purplersjv7 | 2025-02-09 | 멋있다👏🏻👏🏻
jwjwjwjwjwjwjwww | 2025-02-09 | 멋있다
albb.baim | 2025-02-09 | 진심 멋있음..
hwicook | 2025-02-09 | 조리전공 응원합니다👏👏👏 자격증 멋져요 이상한 사탕가게 유튜브 잘 챙겨보고 있어여
ehs322 | 2025-02-09 | 와우 그런 과거가 있으셨군요
tweak_doll | 2025-02-09 | 요리사......
대박 멋져요
tjrwns__ | 2025-02-09 | 이사장님 학교다닐때 성적, 대회 원탑이었습니다
wdfcounselor | 2025-02-09 | 와!!! 멋져요!!!! 멋진다~~
hee222_ | 2025-02-09 | 역시 취업은 이사장님도 웃음기없는 모습을 하게된다는 ^_^^^ 지금은 웃고있어서 넘 좋다 그래도 그시절이있기에 지금의 이사장님이 계신♡ 무한감사
yeseul0410 | 2025-02-09 | 꿈을 향해 가는 모습 멋져여~!!❤️👏😍
5368.5368 | 2025-02-09 | 와우😍😍😍😍 우리아들도. 요리를 해요~~ 어제도 팽이버섯을 구운. ㅋ저는 오늘 또 감탄하고 갑니다
csa0107788 | 2025-02-09 | 멋지네요 진로의 과정이
chambbion | 2025-02-09 | 제 빼이보릿 요리사에용 이사장밈😍
nochi0_1 | 2025-02-09 | 와..중간에 저건 무? 인가요 무를 저렇게 동그랗게? 깎으신건가요..?? 😢👏👏
ra._.onxz | 2025-02-09 | 넘 멋있고 축하드려오 !!
cafe_alladin_busan | 2025-02-09 | 케이크 재입고 시켜주세오ㅠㅠ
woojin0528a | 2025-02-09 | 꿈을 찾아 열심히 정진해나가는 모습이 열정적이고 예뻐요👏
snigdamu | 2025-02-10 | 조주 식품가공까지..?! 너무 멋있으세요😍
477gram | 2025-02-10 | 장래희망이 미모인줄... 😉
chiikawaiiiiii | 2025-02-10 | 응원합니다
woo090925 | 2025-02-10 | 이사장님 초중고 요리할 때 어떤 기분이었어요
kj_0618 | 2025-02-10 | @0412_ej 진짜 요리전공자엿구나
ssoyoung6497 | 2025-02-10 | 어쩜 이렇게똑같이생기심~~~😍😍이뽀요
lovely_dod2 | 2025-02-11 | 안녕하세요! 뜬금없이 얘기 걸어봅니다, 저는 이사장님 대왕 붕어빵 영상부터 봐온 5년차 초딩 입니다! 처음엔 이사장님을 보며 신기해하다가 점점 이사장님이 하시는 요리에 관심이 가더라구요! 그래서 지금은 이사장님 요리를 따라해보는게 취미에요ㅋㅋ특히 맛있었던 걸 꼭 고르자면 그 김치찜 맛있었어요! 이사장님을 보며 제 꿈을 키워 나갈께요! 앞으로도 건강하게 영상 많이많이 업로드 해 주세요😍
nyamsu_17661 | 2025-02-11 | 와 진짜 멋있어요ㅠㅠ
wjdekvin | 2025-02-12 | @p.sy.o_o 요리사가 꿈이었구나..
gfk___nj7 | 2025-02-12 | 진짜 존경합니다.
surfdivein | 2025-02-14 | 너무 멋지고 귀여우세요😍
zigu._.zigu | 2025-02-17 | 어어•••잠깐•••선배님•••???
seoyeon2194 | 2025-02-19 | 역쉬 언니 최고!!!!
rlatnwls41 | 2025-02-19 | 오 제기지금 장래희망이 요리사 데 멋져요👏👏
hehit_1104 | 2025-02-20 | 졸귀ㅣㅣㅣㅣㅣㅣ"
2025-02-07,2420,"혼자는 절대 못먹고, 친구 셋 이상 모이면 해먹어야하는 점보라볶이!!! 편의점에 파는 점보라면이랑, 국물 많은 떡볶이만 준비하면 끝- 근데 저같은 먹보들은 또 그냥은 안먹거든요? 삶은 달걀, 군만두, 차돌구이 등등등 얹어서 점보라볶이 정식으로 먹는 것 추천 여러분들은 어떤 토핑 올라간걸 좋아하세요? 저는 치즈, 삶은 달걀은 무조건!! 같이 해먹고 싶은 친구들 있으신가요? 그럼 얼른 공유하기ㄱㄱ 24주","#점보라면, #간식, #레시피","refresh_87 | 2025-02-08 | 끓여 먹는면 저렇게 익히면 맛없음
z._.xin1661 | 2025-02-07 | 진짜 마싰겟ㅇㅅ다ㅏ다 진짜 다같이 해먹으면 재밌겠다
s_.auns | 2025-02-08 | 언니 스테이크 썰러가기 30분 전 영상 고데기법 알려주세요 ㅠㅠ 너무 예뻐요
sungho_0p | 2025-02-07 | 진짜 친구랑 해먹어보고픈 비주얼🥲
ceolhyeon20 | 2025-02-07 | 아니 왜 면이 익지?
m6sxng | 2025-02-09 | 이사장님…. 너무이뻐요 팬이예요.. 혹시 언니라구 불러두 가능해❤️요????
formulain_official | 2025-02-07 | 안녕하세요🙌 비즈니스 제안 DM확인 한 번 부탁드립니다💕
aaaa_min_aaaa | 2025-02-07 | 여기나오는 떡볶이 넘 내스타일 떡볶이야 제발 레시피 알려주세요 예쁜 이사장님
yeseul0410 | 2025-02-07 | 언니 예전부터 반 협박 하는건 알았지만…😮
s_y__.n | 2025-02-07 | 떡볶이 레시피 알야주세요…
hasori0512 | 2025-02-09 | 오메 이게 섹시떡볶스
yuna15678 | 2025-02-11 | 후하,,후하,,미모 진챠 뛰어난다잉,,
yellpod | 2025-02-07 | 아배고파... 배고파요... 탄수화물과 탄수화물의 조합이라니 맛없없아니냐고요......... 이사장님 진짜 왜이래요 나에게
s.recipe.home | 2025-02-07 | 보기만 해도 침 고여요 😂ㅠㅠㅠ
1994.03.19 | 2025-02-08 | @kimjieun0718 @d_y_song @kwakkwakdirarada 자기들아 위 준비 됐엉?
littleforest45_ | 2025-02-07 | 비김면은 뭐야😂😂😂첨봐요
nururiri | 2025-02-07 | 나랑도 맛난거 같이 먹주세요 ~!~!
bono__o | 2025-04-09 | @love_ej11
_y.geon.12_ | 2025-02-07 | ㅘ ㄹㅇ
lsg20130501 | 2025-02-07 | 이사장님 저 디엠 보낸거 봐주세요❤️
skssss524 | 2025-02-10 | 오른쪽팔손목 무슨일이에여😢
mini5678 | 2025-02-08 | 협박당하고있나요?ㅜ"
2025-02-05,9067,"중국식빵에 대체 어떤 재료가 들어갔길래 저렇게 쭉쭉 늘어나는거야?? 라고 걱정하시는 분들이 많으셔서 제가 도전하고 왔습니다. 이정도면 인정 가능하다?! 가능하지 않다?? (협박) 혹시 도전해보실 분들? 글루텐만 제대로 잡으실 수 있으면 글루텐 파우더 안넣어도 가능하실 듯 합니다 <레시피> 강력분260g, 탈지분유 20g, 우유 100g, 계란 50g, 설탕 40g, 소금 3g, 이스트 4g, 무염버터 35g, 글루텐파우더 4g 수정됨 · 24주","#중국식빵, #베이킹, #디저트","sweetshop_s2 | 2025-02-05 | 여러분….성공 인정? vs no인정 (반협박❤️)
hanhyeryeong.g | 2025-02-05 | 오.....대단하십니다. 이걸 성공시키셨어!!😍😮😍😮
jii4370 | 2025-02-05 | 역시는 역시였네..해내고야 마는 내 연예인!!^^
everyday_3016 | 2025-02-05 | 이 어려운걸 언니 넘넘 대단하십니다👍👍❤️❤️❤️항상 언니 이쁜 댓글만 보세요 ㅎㅎ 언니 영상 보는것두 넘 조아여💕
yuna15678 | 2025-02-05 | 오랜 구독잔데연,, 부탁 하나만 드려도 됄까욘,,? 설곤약 타피오카해서 마라탕에 넣고 드셔주센영👏👏 글고 반말 써죠잉,, 그게 더 조아욘,,❤️
hwalee2002 | 2025-02-05 | 천재아니냐고요 진짜 😍
ekaqlek0 | 2025-02-06 | 수건 케이크 더 안나오나요ㅠㅠㅠ
indrtui.45 | 2025-02-05 | 언니이ㅜㅜ혹쉬 수건케이크는 더이상 먹을수 없는건가요??😭😭 주문을 실패했지만 지인찬스로 맛보게 되었는데 진짜 계속 생각나요 미쳐부러어🔥😭
red.umi | 2025-02-05 | 대단하셔...
yeseul0410 | 2025-02-06 | 대박 언니 못하는게 뭐야~❤️👏
y.sxx8 | 2025-02-07 | 우유를 많이 넣어야하는거 아닌강
grace_shm | 2025-02-08 | 중국 동영상보면 뜨거운 우유를 부으라고 함 우유 온도 높이면 웬만한 강력분 빵 거의 되지 않을까여
6766_hhhhuuu | 2025-02-08 | 맛있어보여요😍
_y.geon.12_ | 2025-02-05 | 진짜 너무
107.sss | 2025-02-06 | @leez_log 자기야 사주세용
l3_exui.123 | 2025-02-10 | 근데 레시피가 강력분 2600g이 맞나요? 260g 아닌가요?
zyxwvut_rqponmlkj_hgfedcb_ | 2025-02-20 | Mukbanger ❌ Rapper ✅
tnwjrl9196 | 2025-02-05 | 저 식빵 반죽으로 소금빵 모양 만들기도 가능합니다. 소금빵마냥 정형 하시고, 위에 펄솔트 일자로 쭉 뿌려 구운 다음에 그대로 우유에 담궈 드셔도 맛있어요 ㅎㅎ 왜, 우유도 소국물(?) 이기 때문에 소금 쳐 먹으면 맛있다고 하잖아요...?ㅋㅋㅋ 이상 제빵 13년차 현업자였습니다.
xvcyuuuk | 2025-02-05 | 언니 나는 언니가 존댓말 반말 외계어 라틴어 뭘쓰든 다 좋아.. 그러니까 언제나 이사장님 하고싶은대로 다했으면 좋겠어요!!! 저도 반존대하잖아!!!ㅎㅎ
za.xyol0 | 2025-02-05 | 40분전 ㄷ
_y.geon.12_ | 2025-02-05 | ㅘ
_y.geon.12_ | 2025-02-05 | 맛잇겟다ㅘ
sjunk_05 | 2025-02-05 | 뒷이야기 궁금했는데 성공하셨네요!
imhyiseob38 | 2025-02-06 | 이사장 천ㅈ...아니다...
covcovvin | 2025-02-06 | Where is 수건케이크ㅜㅜ
bellaboyoungkim | 2025-02-06 | 수건케이크... 더 팔아주세요...
sy_xu.7 | 2025-02-06 | 강력분 2600g..?
yomumui | 2025-02-06 | 아 정말 먹어보고싶은데 팔아주세요😢
gayeon_0509 | 2025-02-07 | 예뿐❤️😍언니 구름빵 한번 더 만들어줄수있어요?
kth_xr7 | 2025-02-07 | 와우
princecesse87 | 2025-02-10 | 국수 식빵 💕💕💕💕
milyki2 | 2025-03-09 | No superó de donde vienen los bubas negras😂😂😂😂
__k_yb25 | 2025-04-23 | 둥글리기 엄청 잘하네.. 생지관리 👍🏻
jaxxwjoew | 2025-04-27 | 👍🏻👍🏻👍🏻👍🏻👍🏻👍🏻👍🏻👍🏻
jineu_nhee | 2025-06-07 | 언니 편의점에 판데!!
minheeya_ | 2025-06-19 | @leemyyb0411 @pamona608 @jeonghong.choi 요오오거요ㅎ
soyul_724 | 2025-07-27 | 글루텐이라 하니까 따끈따끈 베이커리 생각난다
pny_yeon | 2025-07-28 | 우유 더 부우시면 되욬"
2025-02-03,2.2만,중국은 식빵 먹는법도 특이허다…! 대체 저 식빵에는 뭐가 들어갔길래 저렇게 쭉쭉 늘어날까?? 자 과연 제가 성공할 수 있을까요 없을까요!!!!!!!!!!!!! 24주,"#중국식빵, #베이킹, #dessert","cute.2jahuk | 2025-07-19 | 왜 중국문화가 계속 우리나라로 오냐
everyday_3016 | 2025-02-03 | 사장님 저는 성공하신다 한표 드립니당 ㅋㅋㅋㅋㅋ 요리 하면 이사장님 이셔요❤️❤️ 사장님 레시피로 요리두 하구 넘 좋아여
hasori0512 | 2025-02-04 | 뭔가 콩물?두유?랑같이먹는 빵느낌나요
imseoa__ | 2025-02-03 | 새벽에 억울한 🖕🍞중빵ㅋㅋㅋㅎㅋㅋㅋㅎㅋㅋㅋ 만든거 기대되요🙌
wawa_hojun | 2025-02-03 | 성공 할 때까지 도전 하실거자나요?😍
yeon9987 | 2025-02-04 | 라쿤 겨드랑이ㅋㅋ 표현도 웃겨요😂😂크게 웃었어요😍
minheeya_ | 2025-02-04 | 우유가부족했나요🤔?ㅎ
_hyoungs | 2025-02-04 | ㅋㅋㅋㅋㅋㅋㅋㅋㅋㅋ ㅗ ㅋㅋㅋㅋㅋ 요거하실때 표정 너무 맘에드로요 ❤️
raxxum_ | 2025-02-09 | 다이아 정채연 닮았어요 !!📸
yeseul0410 | 2025-02-03 | 헐… 보기만해도 그 향이 느껴져요😮
johyeona0313 | 2025-02-03 | 성공~
grace_shm | 2025-02-03 | ㅋㅋㅋㅋㅋ억울행 ㅠㅠ 대체 저 쭉쭉 늘어나는 건 뭐죠?!!!
ikq._.pjh | 2025-05-10 | 나만 이사장님 설윤닮았다고 생각하나?(죄송합니다)
_y.geon.12_ | 2025-02-03 | 와 진짜 맛잇겟다
_y.geon.12_ | 2025-02-03 | 꿩도 그렇고
hodoo._.cat | 2025-02-05 | 나는솔로 잘봤습니다
blnk_ran | 2025-02-03 | 헐 다음편이요!!!
inh_kyu | 2025-02-07 | 겨땀 냄새을 어케 아시죠...?
yeonjju2542 | 2025-03-15 | 라쿤 겨드랑이냄새는 어떻게 아냐구요😂
_mmlleook_ | 2025-02-03 | 라쿤 겨드랑이 냄새가 몰까 몰까 라쿤 만나고 와바야겠어.....
ekaqlek0 | 2025-02-04 | 이제 수건 케이크는 못사나요?ㅠ
xvcyuuuk | 2025-02-04 | ㅋㅋㅋㅋㅋ무조건 성공했을거같아요 이사장님은!!!!! 라쿤 겨드랑이 냄새도 궁금하네여..
subsub82 | 2025-02-04 | 차단ㄱㄱ
u_jjung1004 | 2025-02-04 | 도대체 라쿤 겨드랑이 냄새는 어떤냄샌가 상상도 안가요 ㅋㅋㅋㅋ
cooking._.is_mylife | 2025-02-04 | 언니 빵 만드는거 보여줄거야?!?!?!
r_h_b_1014 | 2025-02-04 | 라쿤의 그 냄새는 어디서 맡아보신거에요😂😂😂😂
bahklove1 | 2025-02-04 | 빵에서 왜 그런 냄새가 날까요 ㅜㅜ
haxx._.014 | 2025-02-04 | 그 식빵을 동그란 그릇에 말먹하면 가능할지도 모르겠네욧!!👏👏👏
youlove870527 | 2025-02-05 | 이중국빵은 모닝빵이라서 우유에 말아먹는 늘어나는 빵이 아닌걸로 알고있어요
yeo_nn11 | 2025-02-06 | 가득우유!
dr_gamja | 2025-02-06 | @ssun_hee_ 이거 먹고시펑
hohun._.04 | 2025-02-07 | 창동골목시장이네
gweonjeseog | 2025-02-07 | 저 정도 양에 4천500원은 개 싼데
sex1y_fo0d | 2025-02-09 | 담뱃값이네
nkb_0217 | 2025-02-12 | 🤤🤤
ayoung_9533 | 2025-02-14 | 와 진짜 금손이시네요
ayoung_9533 | 2025-02-14 | 👏👏
y._.s.d | 2025-02-21 | 흑자헬스 닮으셨다
yhr_0107_ | 2025-02-21 | 띠미님이 그 식빵 드셨어요!
iopyte_12 | 2025-02-22 | 누나 이뻐요
h_1ae._h | 2025-03-15 | 맡아 보셨나요?
johyenjun_0122 | 2025-04-08 | 그냥 치즈를 빵안에 넣고 은근슬적 늘어나는척 가즈아
putrifrinscaamor | 2025-05-14 | 우유가 빵을 적시기에 충분하지 않습니다. 그래서 빵을 물에 담가야 해
ramo.i77 | 2025-05-15 | 한국인 말은 끝까지 들어봐야한다구 캡쳐 다 해놨는데 결론은 겨냄빵이였다는 ㅋㅋㅋㅋㅋㅋㅋㅋㅋ😂
x__jhoon | 2025-07-17 | 이런 여친 있으면 좋겠다ㅋㅋ 맨날 신기한거 가져와서 먹을거아냐
pixie_eg11 | 2025-07-26 | 중국은 제조일자를 위에써용 ㅠㅠ
b.m3i_ | 2025-07-27 | 저거 코스트코?트레이더스?에 팜"
2025-02-02,1141,"나 분명 온천 별로 안좋아하는데..수안보는 진짜 정기적으로 가줘야해 그리고 꿀팁: 꼭 눈 펑펑오는 추운날 가서 추운데서 몸 차갑게 식혔다->탕에서 데웠다 무한반복 제가 공중목욕탕 가는걸 안좋아해서..(왜냐면 빨개벗고 눈마주치기 민망해서리~~) 온천도 그다기 즐기는 편이 아니였는데 수안보에 있는 숙소들은 방마다 개인온천이 있는곳이 많더라구요? 보통은 편백나무 욕조가 있는 숙소로 가는데 이번엔 급하게 예약하느라 미니 목욕탕처럼 되어있는 숙소로 갔는데 이것도 좋아! 가격도 저렴 제가 가본 숙소랑 맛집 정보 알려드릴게요! <숙소>-개인욕탕 있는 곳 : 수호텔, 호텔스크린, 수안보 스파호텔 <맛집> -새나라치킨: 추천메뉴는 반반치킨! 요즘 같은 치킨 크러스트 말고, 옛날 통닭 좋아하시는 분들 꼭 가보셔 -주막 민속촌: 아..여기는 저녁 드시고, 온천에서 몸 데우고 다시 나와서 야식드시러 가세요. 감자전은 우선 기가막히고, 두부김치,장떡도 추천!!! 참고로 여기는 제가 수안보를 10번 가면 10번 다 방문하는 곳이에요 25주","#수안보, #여행, #온천, #국내여행","everyday_3016 | 2025-02-02 | 언니 먹는 영상 보면 항상 저도 모르게 먹고 싶어지는 ㅋㅋㅋㅋㅋㅋㅋㅋ 왜 그럴까요?? ㅋㅋㅋ 그리구 언니 넘 이뿌❤️❤️
flower.you01 | 2025-02-05 | 수안보네요😍여기맛있어요
flower.you01 | 2025-02-05 | 수안보온천숙소는어디예요?
poopoo_love | 2025-02-04 | 저기 청운식당 저기가 맛집인데 어디가서 드셨어요!!
ji_ye__12 | 2025-02-03 | 언니 짱이뻐❤️❤️❤️❤️ 꿩고기 마싯어??😍
dear_chae2 | 2025-02-02 | 으아닛!!!이사장님 충주에오셧따니
y__.kuuo | 2025-02-14 | 저 저기 가봤는데 거반 맛있어요
jeonghyeonsu325 | 2025-02-02 | 맛있뎀갇
r___dive_viti | 2025-02-02 | 언니 연하 여자는 어때??
parcon7208 | 2025-02-04 | 20년전에 수완보에서 꿩고기 코스요리 먹었어요 꿩육회 만두부터 해서 5가지인가 먹었던 듯 싶어여 너무 맛나요
_y.geon.12_ | 2025-02-02 | ㅘ 맛잇겟다
glxh75791 | 2025-02-02 | 엄청 어릴때 꿩고기 할매가 요리해서 주셨는데 와 꿩만두 꿩탕 꿩불고기 꿩육회 진짜 맛있어요 추천입니다 👍
s.jxn_12 | 2025-02-21 | 진짜 언니가 먹는건 다 맛있어 보여요!!
혹시 롯데월드에서 파는 소금빵 젤라또 만들어주실수 있나요?!
joanna_channy | 2025-05-07 | 담엔 수안보가시면 낙천탕 가보세요. 거기가 원탕 (오리지날). 수안보는 온천을 시에서 관리해서 다 똑같은 물은 맞지만. 낙천탕 자리가 온천이 퐁퐁퐁 나오는 오리지날 자리. 바로 옆에 온천 저장소가 그 증거. 다른 곳들은 파이프 타고 가다가 물이 식지만 여긴 뜨거운거 그대로. 충주시 지역주민들은 다 여기만 가요. 여긴 숙소는 없고 대중탕과 가족탕 있어요!
yoony__3 | 2025-02-02 | 이사장님 피드보고 수안보 예약했는데 주변 맛집검색하니 죄다 꿩꿩꿩 😂 도전해봐야하는건가요~
play_eat_goe | 2025-02-02 | 이사장!! 꿩 요리는 특유의 향 없어요??? 흔히 먹는게 아니라서 신기하구 궁금 ㅋㅋㅋ"
2025-01-30,1947,"6만원내고 딸기케이크 사먹는다 vs 4만원으로 딸기 듬뿍넣고 만들어먹는다?! 딸기케이크 너무 비싸길래 직접 만들어봤거든요?ㅋㅋㅋㅋㅋㅋㅋ 솔직히 싸진 않아. 대신 딸기를 원하는 만큼 올릴 수 있어(완전 딸기 재벌 된 느낌) <딸기케이크 만들기>-2호 기준 -재료: 딸기 1kg, 케익시트 2호, 동물성크림 700ml, 설탕 100g, 설탕시럽(물100g, 설탕 70g) 1.딸기를 잘 씻어서 꼭지를 떼고 반을 자른다. 2. 무시띠 안에 시트 한장을 깔고, 위에 설탕시럽을 뿌린다. 3. 크림을 한층 깔아준 후 위에 딸기를 올리고, 다시 크림으로 덮는다. 4. 다시 시트를 덮은 후 3번의 순서를 반복한다. 5. 토핑으로 원하는만큼 딸기를 올린다!!!!!!!!!!(여기서 비주얼 잘 살려야함) 25주","#딸기케이크, #베이킹, #레시피","mins__83 | 2025-01-30 | 내가 잘못봤나? 딸기 꽁다리까지 다먹어쏘😮
dotory0521 | 2025-01-31 | 우왕❤️
shin._.hyang | 2025-01-30 | 하트😍는 많은데 댓글이…?
2nacook | 2025-02-01 | 성심당 안부러운데요👏
injabonge | 2025-01-31 | 보름달빵으로 만들어먹음 더 가격이 절감됩니당!😍😍😍
aaa55932857 | 2025-01-30 | 누나 말투가 너무웃겨요❤️
garadechop | 2025-03-08 | 모야 금손이자나?!
chaewon_1202 | 2025-02-02 | 왜 여즘 드루와 안해요ㅠㅜㅠ?
s.jxn_12 | 2025-02-21 | 와 진짜 요즘 딸기에 금을 발랐는지 양도 얼마 안되는데 엄청 비싸더라구요..ㅠㅠ
cbriiwoaksnd | 2025-01-30 | 저런띠(?) 어디서 구매합니다꽈?!
therudemanisactuallyme | 2025-01-31 | 딸기생크림수건케이크도만들어주세요
soul_jang | 2025-01-30 | 정리만 누가해주면 해먹는게 나은거같기도 ㅋㅋㅋㅋ
blair_k_._ | 2025-02-01 | 로컬푸드하는곳 찾아서 딸기드세용 500g에 1만원이하♥︎
songyi0601 | 2025-02-07 | 홈베이킹 해봐서 아는데..넘 체력소모가 큼..설거지도 귀찮고..저처럼 저질체력이신 분들은 사서 드세요..
hannahjeong | 2025-03-06 | 이분 영상들 잼나네ㅋㅋ @mynewcristal"
2025-01-28,1449,"혹시 떡국 안먹으면, 나이도 안먹을 수 있나요????? 그게 안된다면 어차피 먹을거 맛있게 먹어보자 이거야 이젠 세배 100번해도 용돈받긴 글렀고 제가 용돈을 드려야 하는 나이인뎈ㅋㅋㅋㅋㅋ 다들 용돈으로 얼마씩 나가셨나요..? 우선 저는 이리저리 챙길 곳이 있어서 200+@ 하하하하하하하하 ⬇️레시피 <전주 베테랑칼국수st 떡국>- 1인분 기준 -재료: 물 500ml, 다시다(소고기 or, 멸치) 1/2큰술, 떡국떡 1공기, 다진마늘 1작은술, 소금 1/2작은술, 후추, 달걀2개, 대파, 토핑(들깨가루, 통깨, 김,고춧가루) -만드는 법: 1. 물에 다시다를 넣고 끓어오르면 불린 떡국떡을 넣고 끓인다. 2. 국물이 끓어오르면 마늘, 소금, 후추, 대파를 넣고 달걀을 풀어 넣는다. 3. 다시한번 끓어오르면 떡국을 그릇에 담은 후 들깨가루, 통깨, 김, 고춧가루를 올린다. 4. 이제 맛있게 먹으면 끝! 대신 나이도 한살 더 먹음..(엣쿵><) <얼큰 장떡국>- 1인분 기준 -재료: 물 500ml, 다시다(소고기 or, 멸치) 1/2큰술, 고추장 1큰술, 된장 1/3큰술,떡국떡 1공기, 다진마늘 1작은술, 후추, 고춧가루 1큰술, 달걀1개, 대파, 토핑(통깨, 김) -만드는 법: 1. 물에 다시다를 넣고 된장 고추장을 풀어 넣은 후 떡국떡을 넣고 끓인다. 2. 국물이 끓어오르면 마늘, 후추, 대파,고춧가루를 넣고 달걀을 풀어 넣는다. 3. 다시한번 끓어오르면 떡국을 그릇에 담은 후 통깨, 김을를 올린다. 4. 이제 맛있게 먹으면 끝! 대신 나이도 한살 더 먹음..(엣쿵><) 수정됨 · 25주","#떡국, #레시피","dallatto.ee | 2025-01-28 | 진짜 최고당,,, 🤤
xvcyuuuk | 2025-01-28 | 아...조합미쳤어요ㅠㅠㅠㅠ
euxz._x | 2025-01-28 | 나이는 속여도 세월은 속일수없어요ㅛㅋㅋ
rachel_yo_moon | 2025-02-04 | 보말떡국도 맛나요~
sunisland._04 | 2025-01-28 | 나왔당😍 색다른 떡국🙌
z._.xin1661 | 2025-01-28 | 진짜 먹고 싶다... 하필 이밤에 영상을 봐버렸다ㅏ
susidtshx1624 | 2025-01-30 | 언니 그러면 임실알아요???
lucas_smile_lee1007 | 2025-01-29 | 이사장님
2025 年 乙巳年 🐍_새해 복 🧧많이 받으시고요.
즐거운 구정 설연휴 보내세요 🙏
항상 응원하고 , 좋은 일만 가득하길 기원드립니다. 🙏
ceolhyeon20 | 2025-01-28 | 이야 끌린다 끌려~~
seungju8250 | 2025-02-08 | 떡국 떡볶이 도 맛있어요..!
ji_ye__12 | 2025-02-03 | 와 떡국 미춋다….!
ara.byeol_ | 2025-01-28 | 와씨 장떡국은 천재 아니야!?!? 천재아니냐구!!!!!!!!
jiy0624 | 2025-01-28 | 먹고싶다ㅠㅠ
ji_ye__12 | 2025-02-03 | 언니 떡국 전문가쓰..나 한입만
happylifechelsea | 2025-01-29 | 김태리 닮음🌸
_mmlleook_ | 2025-01-28 | 맙소사 들깨가루라니
_mmlleook_ | 2025-01-28 | 장떡국 만들고 라방 했다에 한 표"
2025-01-27,2573,일론머스크씨와 나의 공통점? 계피맛 시리얼을 좋아한다는 것…? (그것 빼곤 공통점 없음..) 테슬라 주주들은 꼭 해먹어보기!>< 근데 저거 안드셔도 배부르실 것 같긴해 (나는 저땐 갖고있었는데..지금은 아님..하아❤️‍🔥) 25주,"#디저트, #베이킹","jaein._12 | 2025-05-23 | 무야ㅏ 이거 제 삼촌이 미국인가? 해외 출장같다가 사온건데😍 계피맛이 은은? 하게 퍼져서 진짜 맛있었어욤😢😍👏
inhye_polly | 2025-01-28 | 식빵러스크에 우유 말아드셨네요!
저도 만들어서 먹어봐야겠어요💕
맛있어 보여요😆❣️
ssang.s2 | 2025-01-27 | 저 시리얼 주문했다가 앉은 자리에서 한봉지먹고 현타왔어요 시키지마세요 😂
therudemanisactuallyme | 2025-01-27 | ㅈㅂ 수건케이크 2차 해주세요 너무 억울해서 잠도안와요
_yellmust_ | 2025-01-28 | 헐 맛잘알 이거 줜맛탱
suna_draw | 2025-01-29 | 왕 속눈썹 이뻐용 트와이스 정연닮았어용
so_u_91 | 2025-01-27 | 저 진짜 수건케이크 웅이아벚처럼 먹고싳어요 제발요 진짜요 ㅠㅠㅠㅜㅜㅜㅜㅜㅜ아 ... 시골에 사는게ㅜ넘 분하다ㅏ앙아아
seoin_105 | 2025-01-28 | 저거 탄거 아니예여…….?
jacquelinejoung | 2025-01-28 | 시나몬크런치 제 최애 시리얼이에여😭😭 임당때문에 꿈도 못꾸고 있는... 여러모로 대리만족 하고이써여...🥹
nimnim_0130 | 2025-01-27 | 한입만..
ijihyi7074 | 2025-01-27 | 저 시리얼 시나몬이 우리가 생각하는 달달하고 은은하게 나는게 아니라서 봉지도 묶어놔도 냄새가 뚫고 나와서 거의 다 남은채로 버렸던.......
s.jxn_12 | 2025-02-21 | 저거 먹어본적은 없는데 맛있어보여요.. (침이 흐른다..)
tmxwnsoo | 2025-01-27 | 저 라이브 봤는데 라이브 다음에 하나요???
min_0p_ | 2025-02-28 | @minj.s 이게 이제 뜬다고? 이거 개마싯는데ㅎㅎㅎㅎㅎㅎㅎㅎ
bbangsun2_recipe | 2025-01-27 | 눈코입다있는것도 똑같아요🤣
9393_goldy | 2025-01-28 | 저도 저거에 꽂혀서 큰거 두박스 사서 삼시세끼 계속 먹고는 이제는 못먹게 되었습니닼ㅋㅋㅋㅋㅋ🤣
lovelyluna_91_ | 2025-01-27 | 이사장님 머리자르고 블랙하셔썽
pancake9955 | 2025-01-27 | 혹시 다음 수건케이크는 언제일까요 ?? 발렌타인 데이 맞춰서 그 전 주에 했으면 하는 바람이에요... 물론 티켓팅이 쉽진않겠지먼
_mmlleook_ | 2025-01-27 | 일론머스크에게 좀더 노력하라고 말할 수 있는 세계 유일의 사람😂😂😂
yeonhujoo13 | 2025-01-27 | 혹시 똥 만들어주실수 있으신가요?"
2025-01-26,1318,제가 자주 하고다니는 월계수머리를 물어보시길래 가지고는 왔는데 너무 쉬워서 약간 알려드렸다고 하기도 민망하지만.. 저거 머리 안감은날 필승헤어법 이랄까요? ㅋㅋㅋㅋㅋㅋㅋㅋ 아 그렇다구 막..내가 저 머리를 한 날에 머리를 안감았다는건 아니구😎 저 헤어를 하는 순간 약간 알프스 소녀 느낌도 나면서 막.. 단아한 한국느낌도 나구 막..(혼자 상상임 그냥) 그리고 이거 한복 입고 해도 이쁠 것 같아요 여러분도 월계수 머리 도전 ??? 26주,"#헤어, #메이크업","noh_hye.lin6307 | 2025-01-27 | 이 엉니 예쁘네,,??😍
hyeppy_care | 2025-01-26 | ㅋㅋㅋㅋㅋ 귀여우셔 😂😂😂
chizpoto | 2025-02-08 | 너무예쁘셔요😳😻
s1.ixn_ | 2025-01-27 | 운니 손목 혹시 그거야?😢
xvcyuuuk | 2025-01-26 | 이 머리 너무 찰쩍..😘
everyday_3016 | 2025-01-26 | 언니 설날에 한복입고 이머리 스타일로 사진 찍어주세요❤️❤️ 진짜 겁나 이쁠거 같아요!!!
ayoung_9533 | 2025-02-14 | 왕 머리랑 화장 너무 잘하세용 으이사장님 넘 이쁘세용
srxnng_ | 2025-01-27 | 사각이마...머리묶을때마다 비어서 서터레스죠🥲
starworldannakim | 2025-01-27 | 역시 금손이세여!!!!!
z._.xin1661 | 2025-01-26 | 이사장님 머리도 잘묵으신다ㅏ.완전 금손 ..!
s.jxn_12 | 2025-02-21 | 엉니 양갈래 해주세요~~ 아니면 뿌까 머리..? 너무 이쁘셔유
chickenislovelovelove | 2025-01-26 | 엠자가 아니라 엎어놓은 '디귿'자??
nyi_120712 | 2025-01-27 | 누나 드라이 아이스 탄산 과일해줘
_mmlleook_ | 2025-01-26 | 급 새해인사 당했다"
2025-01-25,1만,"여러분은 트러플 호? 불호? 솔직히.. 진짜 레스토랑에서 먹는 것 보다 맛있음!!! 후하후하.. 이거 먹고 심장이.. 아직도 뛰는 중 (당연) <버섯 크림소스> 재료: 느타리버섯 100g, 표고버섯 100g, 올리브유 2큰술, 치킨스톡 1큰술, 우유 600ml, 생크림 200ml, 소금, 후추, (+ 트러플페이스트, 트러플 파우더 등) 1. 올리브유에 채썬 버섯을 넣고, 노릇해질 때 까지 볶는다. 2. 볶아진 버섯에 우유, 생크림을 붓고 끓이다가 핸드믹스로 소스를 곱게 갈아준다. 3. 치킨스톡, 소금, 후추로 간을 해서 너무 걸쭉해지지않을만큼 처음 용량의 70%만큼 소스를 끓여준다. 4. 마지막에 트러플 페이스트, 트러플 파우더를 넣어주면 레스토랑 뺨치는 버섯 크림소스 완성!!! <매쉬드포테이토> 재료: 감자 5알, 버터 50g, 생크림 150ml, 소금, 후추 1. 감자를 삶아서 체에 곱게 내린다. (두번이상 체에 내리면 더 부드러워짐) 2. 감자가 뜨거울 때 버터, 생크림, 소금, 후추를 넣고 섞는다. 26주",,"5368.5368 | 2025-01-25 | 참. 재주꾼❤️
level__38__ | 2025-01-25 | 소고기 못먹는데 이건 맛나보여용❤️
everyday_3016 | 2025-01-25 | 감사해요 사장님!! 마법의 레시피 알려주시구❤️❤️
jonnazajoonghae | 2025-02-09 | 언니동백꽃필무렵보시는구나 용식이너무귀여워
so.hyun12._ | 2025-05-11 | 맛있겠다
so_heeda | 2025-01-25 | 와으ㅜㅜㅠㅠ
gpsk_day | 2025-01-27 | 몇도에 한시간 하신건가요??
yeon9987 | 2025-01-25 | 왜~이렇게 말하는게 규여워요?😍😍😍😍
lucas_smile_lee1007 | 2025-01-25 | 이사장님

2025 年 乙巳年 🐍_새해 복 🧧많이 받으시고요.
항상 응원하고 , 좋은 일만 가득하길 기원드립니다. 🙏
즐거운 구정 설연휴 보내세요 🙏
shaneeeee_hk | 2025-01-25 | 언니 집에초대해주세영....😢
s.jxn_12 | 2025-02-21 | 와 진짜로 이사장님이 해주시는 음식 먹어보고 싶어용ㅇ..
kimgunhee0715 | 2025-04-09 | ㄱㅊ 나도 까먹었어요
chlwndus1234 | 2025-05-12 | 맜있겠자
chohyunjung1216 | 2025-02-16 | 물속에 지퍼팩 넣으면 진공 만들기 쉬운뎅..
yomumui | 2025-01-30 | 사장님 그 중국식빵 우유에 말아드셔보셨나요.
_mmlleook_ | 2025-01-25 | 호호호호호!
_mmlleook_ | 2025-01-25 | 나중에 노후에 할 거 없으시면 레스토랑 차려주세요 네?"
2025-01-21,5270,"🔥🔥예약주문도 3분만에 전량 품절입니다 ㅠㅠ 예약주문 배송까지 모두 끝내고 2월에 최대한 빨리 2차진행 가져올게요 여러분!!! 📣 수건케이크 예약주문 잠시 후 7시 오픈합니다!🙌🏻 이게... 이게 무슨일이야!!! 😳 아직도 얼떨떨 오래 준비한 수건케이크 이렇게 많은 사랑주셔서 너무너무 감사해요 여러분😩 빠른 품절로 구매 못하신 분들도 너무 많으신 것 같아 죄송해서 예약주문이라도 후다닥 가져왔는데요!!! 담주가 연휴라 재료수급이나 배송이 쉽지 않아요😢 예약주문도 영혼까지 끌어모아 최대한 많은 수량으로 준비했지만 수작업으로 생산하는 제품이라 예약주문도 한정수량이에요🥺 이번 수량이 마감되면 재오픈은 없습니다ㅠㅠ 📌 배송안내 (필독필독!!) ① 예약주문은 설 명절 연휴가 지나고 안전하게 ★2월3일부터 순차출고★될 예정이에요! ② 31일부터 재료준비에 들어가기 때문에 ★주문변경/취소는 CS채널로 30일(목) 자정까지★ 접수 부탁드리며 이후에는 주문변경/취소가 불가해요🙏🏻 📌 교환/반품 기준 ① 100% 수제 디저트로 모양과 중량에 조금씩 차이가 있으며 배송중 형태 변형이 생길 수 있는 점 꼬옥! 확인 부탁드려요 이로 인한 교환/반품은 불가합니다🙏🏻 ② 신선식품이므로 재판매가 어렵기 때문에 배송중 또는 상품수령 후 ’단순변심‘으로 인한 교환/반품이 불가하니 신중하게 주문부탁드릴게요ㅠㅠ!! *변질우려가 있어 제주/도서산간 배송은 어렵습니다..! ㅠㅠ 📌 섭취/보관 방법 ✔냉장 보관시 : 2-3일 이내 ✔냉동 보관시 : 2주 이내 섭취를 권장 받으신 직후 냉장 & 냉동 보관해주시고 크림의 특성상 해동 시 식감이 조금 달라질 수는 있어서 냉장 상태로 최대한 빨리 드시는게 가장 맛있어요!!😙 근데 살짝 얼린상태로 먹으니 아이스크림케익같고,.. 또 그만의 매력이 있어요! 이건 취향대로♡ 명절 연휴가 길어서 받아보시기까지 시간이 조금 걸리겠지만 그만큼 후회없이 맛있게 드실거라 보장해요!!🙌🏻 그럼 이따 7시 정각! 알람 맞추고 달려와주시기!!🏃🏻‍♀️🏃🏻‍♀️ 마지막 예약주문 놓치지 말아주세요!!🚀 수정됨 · 26주",#수건케이크,"tnejds79 | 2025-01-22 | 와~~ 처음 주문링크때 결제 단계에서 에러떠서 구매 못해서 슬펐는데 좀 전에 혹시나하고 들어가봤다가~ 단품 떠서 냉큼 두바이랑 초코 구매했어요😍 행복하네요❤️
ye_eun1407 | 2025-01-21 | 7시에 바로 갔는데 품절인디?? 뭐에요언니?ㅠㅠ
yullsara | 2025-01-22 | 추가주문되서 우리 아가들 옆에서 꺅 소리지르고 축제였어요 😂😂ㅋㅋㅋ
기대되용❤️
seoin_han | 2025-01-21 | 정식으로 판매해주새요….😢 넘 맛있어보여여….😭😭
yeonjoo__oo | 2025-01-22 | 으악! 추가예약도 끝인거됴?😭
yellowskyj | 2025-01-22 | 아? 예약주문 또 언제 시작한거야😢 힝... 속상해라... 2월오픈을 다시 기다려봅니다ㅠㅠ 인스타 알림이 제때 안와서 망했음... 😢 수시로 들어가바야겠네
xvcyuuuk | 2025-01-21 | 와... 또 품절이에요ㅠㅠㅠㅠㅠ진짜 너무너무 맛보고싶었는데..
yunjh0605 | 2025-01-21 | 구성은 1, 2차때랑 같은구성인건가요??
koeunbich | 2025-01-21 | 제주도 어케 안될까요??ㅠㅜ아이들이 너무 아쉬워해윱..!!ㅠ
flyheehee | 2025-01-22 | 아고 이제 봤네요ㅠㅠ 흑흑 다음 오픈 기다려봅니다!
kko_ne | 2025-01-21 | 결제하다.. 품절되써여..
no_sori_en | 2025-01-21 | 우리누나 찢었다❤️❤️❤️❤️❤️❤️
somi_chan_dami | 2025-01-21 | 아 또 놓쳤… 다시 또 오픈 안하시겠죠…?😢😢😢
jjomaene74 | 2025-01-21 | 예약주문도 끝났나요?😢
heeyo__lee | 2025-01-21 | 7시 땡하자마자 결제하는데 계속 안되더니 품절이네요 ㅠㅠㅠㅠ
cherish_s_01 | 2025-01-21 | 드뎌 성공했써요 🥹 기대됩니다아🙊🤍
dda_xlk_abb | 2025-01-21 | 감사합니다!! 성공했어윰🙌
gaeun._.bbyu | 2025-01-21 | ㅠㅠㅠㅠㅠ악 또 놓쳤어요😭😭😭😭😭 결제 충전까지 돼서 된줄 알았는데😭😭😭😭😭
soonhappyhappy | 2025-01-22 | 에휴ㅜㅜ실패 해서. 2월까지 기다려야겠네요😢
thewindbl.ws | 2025-01-21 | 와 오픈런 성공이다 진짜..
__jin_g | 2025-01-21 | 방금 삿어용 ㅎㅎㅎ😍
늦게 햇으면 못살뻔...
boonboonee | 2025-01-21 | 샀어요🤍🤍🤍🤍🤍🤍 꺄아아앙 이사장님 콜라보 더 자주해조요........
k_kite_ | 2025-01-23 | ㅠㅠㅠ일하다 놓쳤어여...ㅠㅠ
y._.an_ss | 2025-01-22 | 1,2차 못 샀ㅠㅠㅠ 힝ㅠㅠ 또 안하시나여ㅠ
fwa_ni | 2025-01-25 | 제발...빨리...유툽에서 열심히 만들고 계신다는것만 보고 출시하신건 돼끼님 릴스보고 알았다구요...저 어지러워요 수건씹어먹기전에 다시 와주세요 물론 내손도 빨라야겠지만...😂
se.__.o2 | 2025-01-27 | 재오픈....없구낭..
b_jiyeon2 | 2025-01-21 | ㅠㅠ제발 더 열어주세요
jelli131 | 2025-01-21 | 드디어 주문 성공했습니다!! 이사장님 쏴랑해요😍❤️😍
yeonohsong | 2025-01-21 | 설연휴 추가 주문도 매진이예요???
_hyunjiis | 2025-01-21 | 아이돌 콘서트 티켓팅보다 어려운 이 것.. 7시땡 하자마자 들어갔는대 실패했어요 ㅠㅠㅠㅠㅠㅠ
yuni_dayss | 2025-01-21 | 으악..한번 더 해주세요오오오
seoin0213 | 2025-01-22 | 아들아 미안해~엄마 예약주문도 놓쳤어ㅠㅠ
_ye._.bong | 2025-01-21 | 벌써품절이에요😢
buri_i_i | 2025-01-24 | ༼;´༎ຶ ۝ ༎ຶ༽
alli_0908 | 2025-01-22 | 정말 먹고 싶은데.. 제주도라서 슬프네요ㅠ
sisters_0616 | 2025-01-21 | 구매완료🔥🔥🔥딸랑구덕에 구매해봅니다 ㅋㅋ
kyungyeon1 | 2025-01-21 | 결제 중 모두 품절됐어요ㅠㅠ 한 번 더 진행해주세요~~~~
_mmlleook_ | 2025-01-21 | 모지..? 무슨 일이지...?
_mmlleook_ | 2025-01-21 | 부디 조금은 천천히 보내주셔도 되니 맛에 변질만 없도록... 따당님이 급 듕국 가서 잡아온 그 레시피 그대로의 맛 고대로 전송되어 올 수 있도록 간곡히 부탁드립니다 🙏
doyunmomkim | 2025-01-21 | ㅜ명절이후에 꼭 예약주문 해주세요!!!! 꼭이요!!!
yejun_seokhwa | 2025-01-21 | 사장님 또 오픈 안하나요?
hk_rr_ | 2025-01-21 | 😢😢😢😢아 ..... 어제에 이어 오늘도 놓쳤오요. ... 또 언제 해요....
lovely_ziz | 2025-01-21 | 예약 더 받아주세요 ˃̣̣̣̣̣̣︿˂̣̣̣̣̣̣
weisskaffee | 2025-01-21 | 더 해주세요 제발
mi_young_01 | 2025-01-21 | 언제 품절풀릴까용?ㅜ
n.r__wwww | 2025-01-21 | 끝난건가요?ㅠㅠㅠㅠ
jshmmm9598 | 2025-01-21 | 아니 ㅠㅠ 한 번 더. 제발😢
sungho_0p | 2025-01-21 | 대박,,,🔥
booralra | 2025-01-22 | 늦억다
hellotv440 | 2025-01-21 | 그럼 어제 주문한건 언제부터 배송 시작인지 궁금해욭
dlgodlsdl | 2025-01-21 | ㅜㅜ또민첩한하루가되지못햇네요...
ellaluna_u | 2025-01-22 | 언제또 살수잇어요?ㅠㅠ 일하다 다놓쳐서 못먹고..ㅠㅠ 애가 먹고싶다는데 애도....못먹이고 ㅠ못난애미😢언능또 살수있게해주세요...ㅠㅠㅠㅠㅠㅠㅠ
seungsu_hyerin | 2025-01-21 | 대박대박 주문햇어요👏👏
wonsiljo | 2025-01-21 | 모르고 있다가 먹어보고 싶어서 예약주문했어요😍😍
rang_s.y | 2025-01-21 | 추가수량 너무 감사해요! 딸이 너무 먹어보고 싶어했는데 좀 기다려야 하지만 맛 보여줄 수 있게되서 정말 좋아요 ㅠㅠ😍
yezzxn | 2025-01-21 | 성공 !!!!!!!
hyi.hyi | 2025-01-22 | 2월에 재오픈 한다는거져 정확 날짜 없구요?
joeunseon87 | 2025-01-21 | 주문 놓쳐서 설껴있는 우리 딸 생일케이크 하기엔 글렀네....😢
kellyfornia_c | 2025-01-21 | 찢어따아아🔥🔥🔥
eternal9791 | 2025-01-21 | 금새 또 사라졌네요ㅜ
yum._.ees2 | 2025-01-21 | 느아 퇴근길인데 과연 성공할수잇을까여ㅜ
yeni_4078 | 2025-01-22 | 7시에는 꼭 구매하게해주세요 👏
_ssoji | 2025-01-21 | 축하드려요!!!
milla__174 | 2025-01-22 | @sssss___jin 빨리!!!🔥🔥🔥
tpskdi28 | 2025-01-21 | 기다려볼께요 도전해보겠습니다.
comfy8_8 | 2025-01-21 | 수건케이크 정말 먹어보고 싶었는데 만들어주셔서 제가 감사합니다ㅠㅠㅠㅠ 배송 오기만 기다리는 중🔥🔥🔥
eunggagg | 2025-01-21 | 하놓침
coco_mi999 | 2025-01-21 | 그 수량이 넉넉했으면 좋겠어요 크크크 꼭 구매하겠습니다!!
yellpod | 2025-01-21 | 놓치지않을꼬에요 🔥
miaoo6_ | 2025-01-21 | 품절 대란 축하해용
hap_homecook | 2025-01-21 | 편의점에서도 팔아주세요!
022.498 | 2025-01-21 | 두바이 얼른 받고싶어요🔥❤️❤️❤️
c_h_jjjx3 | 2025-01-21 | 두비이.스프레드는 따로 구매못하나요?
laavenue_official_ | 2025-01-21 | 아싸!!!! 재도저어어어언😍❤️
song_hi.95 | 2025-01-21 | 저 2월4일 출국인데... 8일 입국인데... 지정배송되나요😂
yumi8509 | 2025-01-21 | 다이어트... 중이라 11시알람맞춰놓고 손꾸락이랑 머리랑 싸움했어요😢😢😢
sweetshoppin_n | 2025-01-21 | 너무 맛있을거같아요😢 추가수량은 꼭 성공하길!🍀
da_heeheehee | 2025-01-21 | 7시 제발ㅠㅠㅠㅠ
haxx._.014 | 2025-01-21 | 어디서 판매해요?
jelli131 | 2025-01-21 | 대기하고 있어요!!!두근두근😍
yeon9987 | 2025-01-21 | 제주도 배송도 되는건가요?😍
wild.pink_ | 2025-01-21 | 주문완료! 기대되요 😍😍😍
choihyesun58 | 2025-01-21 | 와!!!!!!! 드디어 구매완료❤️❤️❤️❤️ 감사합니다👏👏👏
nayomi_0614 | 2025-01-21 | 휴 성공했오용😍 완전완전 기대됩니당❤️
jaeny_luv | 2025-01-21 | 카드결제가 너무 힘들어용 ㅠㅠ
kim.m.h8035 | 2025-01-21 | 오늘 주문하는건 명절전에는 절대 못받겠죠??
yeon9987 | 2025-01-21 | 제주도에도 배송해주세요😢😢ㅠ 소고기도 오는데,,,,
yu_binnnnn | 2025-01-21 | 다 품절이네여..? 7시들가두
aosyddl | 2025-01-21 | 또품절 ㅠㅠ
0m6i1r5u9y6r | 2025-01-21 | 7시에 들어갔는데 안들어가지다가 품절..ㅠㅠ
heepbeep_ | 2025-01-21 | 으아..또 품절 ㅠㅠ
yura_shin999 | 2025-01-21 | 벌써 또 품절된건가요??
plumeria5959 | 2025-01-21 | 정각7시 들어가도 계속 품절로 뜨는데요…
k_chansook | 2025-01-21 | 아..품절이라니 7시 땡하고..들갔는데 결재하려고 하니 품절
honza_addack | 2025-01-21 | 7시기다리다 딱맞춰들어갔는데 결제까지갔는데 품절떠버리네요 ㅠㅠ
pinkwing86 | 2025-01-21 | 또....... 실패ㅠㅠㅠㅠㅠㅠㅠㅠ
hanxbad | 2025-01-21 | 갑자기 알고리즘에 떠서 19시 물량이라도 구매 완 ,,,, 🥹 행복
shxjejxjnf | 2025-01-21 | 헐ㅠㅠ 지금 보고 막 들어갔는데 또 품절ㅠㅠ
yx.in2 | 2025-01-21 | 하..결제하려고 하니까 품절..ㅠㅠ
2jiwon0417 | 2025-01-21 | DM 확인 부탁드려요~"
2025-01-17,6344,😎이사장이 만든 수건케이크 맛보실분!!🙌🏻 댓글 남겨주시면 10분께 다음주 오픈하는 수건케이크 보내드릴게요🍰 제가 2박3일 디저트 유학까지 다녀온 (자칭) 수건케이크 석박사인데욬ㅋㅋㅋㅋㅋ 수건케이크 먹으러 중국까지 안가도 될만큼 정말 맛있게 가져왔습니다^_____^ 일단 맛은 4가지! 💚두바이초코 💜고구마케이크 🤎초코누텔라 🖤쫀득흑임자 그 중 두바이초코는 피스타치오가 숭덩숭덩 들어간 크림안에 카다이프를 듬뿍 넣었고 겉면은 피스타치오 가루로 덮어 한입 와앙- 하면 입안에서 풍미 대향연….(흐아) 이건 진짜 꼭 먹어봐야해 이웃집 통통이와 함께 한국에선 수건케이크 우리가 짱먹자는 마음으로 진짜 열심히 준비했거든요 🙌🏻🔥 이렇게 완성된 최최최최최최종.jpg 내새끼들! 우리 빵순이들은 기대 정-말 많이x4894169196154 해주셔도 좋다… ! (자신감 가득) 🍰수건케이크 오픈은 다음주 월요일 오전11시! 이 피드 댓글에 먹고싶은 맛 남겨주시면 오픈 후 택배로 슝~ 보내드릴게요🚀🚀 커밍쑤우우운!✨ 수정됨 · 27주,"#수건케이크, #디저트","xx0r7r2lxx | 2025-01-20 | 노말티…세상에서 젤 어울리는 사람이세요 그냥….🖤
izykite | 2025-01-18 | 두바이 수건 케이크 너무 먹어보고싶어요😢❤️❤️❤️❤️❤️
nuning_jh | 2025-01-18 | 진짜진짜진짜! 너무 기대했습니다!!!! 두바이초코 제발 제가 제일 먼저 먹게해주세요💚🤎
c.h.o.b.b.i | 2025-01-19 | 스토리 보고 진짜 설렘x1000000 무한으로 기다렸는데 최종내새끼들 수건케쿠가 드디어 세상에 나온다니욧!! 배아파 낳은 수건케쿠 기다료랏 발에 모터 달구 뛰어가서 포근하게 먹어줄게💚💜🤎🖤 이사장님 늘 사랑해욧 뿌뿌‼️🎀
cogi_dang | 2025-01-18 | 이사장님 저희요!!!!! 저희언니 반년동안 수건케이크만 먹방도 수건케이크만 찾아봤어요 제발제발요!!!!!!!! 필승조합만 있어서 더 기대중입니다ㅠㅠㅜㅠㅠ❤️❤️🔥
cherry__0705 | 2025-01-17 | 저염❤️
snoozzip | 2025-01-18 | 두바이초코요ㅠㅠㅜㅜ이사장님반응보니 찐인거같아요ㅜㅜㅜ 두바이초코 한 번도 안 먹어봤는데 먹어보고싶어요!❤️❤️❤️
gddohee | 2025-01-18 | 흑임자!! 꼬순맛 가득한 수건 케이크 먹어보고 싶어요!!! 저요저요!!!
u_ujiae | 2025-01-17 | 미쵸따지쨔,,,콜라보라니 !!!!!!❤️
iiiimimg | 2025-01-18 | 먹어보고싶퍼여....🥹 너무 맛있을거같아요ㅠㅠㅠ🔥🔥🔥❤️
216jeon | 2025-01-17 | 갸아아ㅏㅏ아아아ㅏㅏㅏㅏ나나나ㅏ 나나나나 저요저요저요
_h.1rng | 2025-01-24 | 웅니 진짜 두바이로 수건케이크를 만들생각을 하다닝 진짜 먹천재얌❤️❤️
bbanglov_ | 2025-01-20 | 으아 저요저요저요 🥹💌🤎
4_u.ae | 2025-01-19 | 두바이 초코💚🤎💚🤎💚🤎 진짜 맛있게땅 ㅠㅠ
eunjoy.y | 2025-01-20 | @willbespring 진짜 에바쌈바 맛있겠잖아… 세상에나 츄베릅…
yejin_ing1007 | 2025-01-18 | 대박너무궁금해요😍
hyun_chan_03 | 2025-01-18 | 제주도에서 확실하게 맛평가 해보고 싶습니다 ㅠㅠ 영상 정말 잘 보고있어요!! 2025년도 건강하고 행복하세요😄😄
sy__0212 | 2025-01-19 | @2tmdd 저요 저요 저요 저요 저 ! 요 !!! 🙌❤️🙌❤️
seuliey | 2025-01-20 | 언니 유튜브 초창기때부터(🫂🫂오마이갈릭까지) 구독하고 챙겨보고잇는 찐 단골인데요🥹🥹 저두 수건 케이크 먹어보고 싶어서 지지난주에 상하이 갔었는데 못 찾아서 못 먹구 그냥 돌아왔거든요😭 근데 제가 젤 조아하는 유튜버 언니께서!!!!!!! 제가 젤 먹어보고싶은 디저트를 오픈해즈시다니... 이거 돈쭐내주는거 어떻게 참지☺️ 이날을위해살아왓나.... 넘 기대돼요! 꼭 먹어보고시퍼요🥹🥹🥹💕💕💕💕💕💕 이사장언니 화이팅💕💕 수건케이크길만걷자🩷🎀
z1eunee | 2025-01-19 | 두바이초코먹어보고싶어요ㅠㅠ
get_a_seoyoon1125 | 2025-01-18 | 초꼬누텔라!!!!! 평소 동생이랑 이사장님 영상보는데 볼때 동생이 먹고싶어하는데 못해줬는데 직접 보내주셨다하면 엄청 좋아할거같아요👏 초딩 남매둘은 눋텔라가 먹고싶습니다🤎
joliecharmante_ | 2025-01-20 | 저 주문 했어요>_< 완전 기대돼요 !!!! 완전❤️🤎
_charvvveo | 2025-01-18 | 디저트에 엄청난 진심을 이사장님 대단하셔요ㅠㅠ ❤️❤️ 이렇게 좋은 이벤트 열어주셔서 정말 감사하고요 제가 진짜 초코를 정말정말정말 좋아합니다..! 초코누텔라.. 이름만들어도 벌써 🤤 맛이없을수가 없네요.. 꼬옥 먹고보고싶어요.!!!!!!
hyesungeganatanatda | 2025-01-18 | 두바이초코수건케이크 저 맛보게 해주새요.
yonghwan6103 | 2025-01-19 | 너무 잘만들어서 먹기 아까울정도네요 ㅠㅠ 대박맛있겠어요 먹고싶어요 밥먹는데도 먹고싶은건 오랜만이야
y_xin31 | 2025-01-18 | 💜고구마케이크💜 너무 먹고싶어요🍠
nmyeri | 2025-01-20 | 우왕 나 ! ㅠ💚
yo.ch11 | 2025-01-18 | 안녕하세요 저는 유행 하는 걸 한번도 먹어 본 적이 없었어 언니가 만들어 본 소건 케이크를 꼭 먹어 보고 십습니다 일반이 아니고 두바이 여서 더 궁금 하네요 한번도 안먹어 봐서 진짜 꼭 먹고 싶넹요❤️❤️
hhj_921005 | 2025-01-18 | @suuuuj_ouo @cogi_dang 우리오!!!!유투브에서도 대기탔는데요???!?!?!?!??!?!!!!?!!!
yezzxn | 2025-01-18 | 와… 두건켘…
iznuec | 2025-01-17 | 쫀득흑임자 묵고싶어요
yuminiiiii_ | 2025-01-19 | 💚두바이초코💚 저요저요
shim_dongm314 | 2025-01-20 | 제 여자친구 정말 좋아하는 유튜브라고 꼭 한번 먹어보고싶다네요...!
a_rin___e | 2025-01-21 | @1.126_ 제친구가 죽기전에 꼭 먹어보고 싶대요 🥲🥲
hayul1315_s | 2025-01-20 | 정말 수건 같은 쫀득 흑임자맛 먹고 싶어요!
crystal._.22 | 2025-01-19 | 두바이초코맛이요오오오오💚🤎
hvrchv | 2025-01-21 | 저요ㅠㅠㅠㅠㅠㅠ
moonstruck_what | 2025-01-18 | 저 진짜 친구들 사이에서 유명한 빵수닌데 언니가 단기유학까지 다녀오면서 만든 이번 수건케이크는 꼭꼭 먹어보고 시푸요
hyerineb | 2025-01-22 | 이거 이벤트 끝난걸까요??!
itsmeyejilee | 2025-01-17 | @sxxngju_ 수건케이크 너무 먹고싶어요 제발 제발 저요 저요 제발 어떤 맛이든 이사장님 수건케이크 먹고싶어요 제발 저요 지방 저요 아무 맛이나 다 좋아요 그저 이사장님 수건케이크라면 제가 너무 먹고싶습니다 너무 먹고싶어요 제발 저요 제가 먹어볼게요 저요 저요🥹🥹
sww__wk | 2025-01-20 | 고구마 수건 케이크 진짜 묵어보고 싶어요!! 전에 진짜 현지 망고 수건케이크를 먹었었는데 진짜 맛있어서 감동을 했는데 이사장님이 만든건 얼마나 더 맛있을지 감히… 정말 먹어보고 싶어요
c.ersent_h | 2025-01-20 | ㅈ저여 첫 수건케이크를 이사장님표로 영접하그 싶습니다🤎🤎
jihyeoni_i | 2025-01-18 | 저요저요자요저요!!!!!!!!!!!!!!!!!!!!!!!!!!!!!!!!!
moonju1219 | 2025-01-17 | 와두바이 진짜먹어보고싶다ㅜㅜㅜㅜ 수건케이크 주먹만한거 오늘 편의점에서삿는데 이게 이맛이맞나? 싶을정도로 이상했는데 먹어보고싶습니다😍
seoui_15 | 2025-01-18 | 느무 먹어보고싶어서 댓 달아여..!! 진짜 제 동네 편의점을 돌아도 없드라구요ㅠㅠ 이사장님이 예쁘구 착하시구 그런 이사장님이 크림 듬뿍들어간 수건케이크를 먹는모습을 보며 침을 흘렸습니다 제발제발제발제발 두바이초콜릿 먹고싶지만 피스타치오맛을 별로안좋아해서 누텔라 수건케이크 먹고싶네요 제발제발제방제발 누텔라수건케이크요 제방제발 제발제발제발제빌제방요 진짜 언니 사랑해요 진짜요 제발요 사랑해요 이사장님 진짜예쁘고 착하고 큐티한 이사장님 제발요👏😢
_jungs2_ | 2025-01-18 | @siempre_a_52__ 나 너무 먹고싶어 이걱 !!!!!!!!!!🔥🔥🔥 #초코누텔라 완조니 내가 좋아하는 재질 ,,,
hayul_1416 | 2025-01-20 | 초코 누텔라 수건 케이크 먹고 싶어요🥹
lucky_740314 | 2025-01-18 | 고구마 수건케이크 너무너무 먹고 싶어요...❤️ 완전 먹음직스러워보여요!
yusol_1315 | 2025-01-20 | 두바이 초콜릿 맛 먹고 싶어요💚🤎
이벤트 해주셔서 감사드립니당!
like_ppang | 2025-01-18 | 🖤 할미입맛 대표주자로 넘 궁금해요🙌🙌🙌
cmd._.official | 2025-01-18 | 두바이에 미친 자로서 이건 그냥 보고만 있을 순 없습니다! 게다가 수건케이크 오픈하는 날인 다음 주 월요일은 제 생일인데... 진짜로요.. 제 생일빵 안 됩니까ㅎㅎ 생일 두바이 수건케이크 진짜 너무 기대됩니다😍 제발 저에게 두바이 수건케이크 한 입 주시옵소서🤲
imyszixn | 2025-01-17 | 다이어트 중이지만 정말 양심이 있으니 고구마맛이용ㅠㅠㅜㅜㅠ 하 진짜 맛있겠다
mynnelody | 2025-01-20 | 저요 저요 제발 저요 제가 아니면 안돼요 제발 저요 오직 수건케이크를 위해서 지금까지 살아왔어요 제발 제가 된다면 죽어도 여한이 없어요 제발 저요요 저요 저요 제발 요 저는 저요밖 에 모르는 저요에요 저요 제발 저요 제가 된다면 이 순간을 캡쳐해 대대손손 물려줄거에요 이정도 정성이면 하늘도 알 아 주시겠죠 제발...저요.. 저요 저요 제발 저요 이것은 운명 의 데스티니 영혼의 소울 불꽃의 파이어 물의 워터 신의 갓이 오직 제가 되기 위해 존재하는 이유이기 때문이에요 그니까 저요 그래도 저요 하지만 요 언제나 저요요요 제발~ 저요 저요 저요 너요 쟤요 말고 오직 저요 저는 저에요 다들 비켜 주세요 제가 이렇게 간절한데 그 누가 저를 이길 수 있겠 어요 당장 제가 아니면 아이스크림 흘린 6살 여자아이처럼 울어버릴것만 같아요 그니까 제발 저요.....저요 저요 제발 저 요 제가 아니면 안돼요 제발 저요 오직 이 날을 위해서 지금까 지 살아왔어요 제발 제가 된다면 죽어도 여한이 없어요 제발 저요요 저요 저요 제발 요 저는 저요밖에 모르는 저요에요 저요 제발 저요 제가 된다면 이 순간을 캡쳐해 대대손손 물 려줄거에요 이정도 정성이면 하늘도 알아 주시겠죠 제발... 저 요.. 저요 저요 제발 저요 이것은 운명의 데스티니 영혼의 소 울 불꽃의 파이어 물의 워터 신의 갓이 오직 제가 되기 위해 존재하는 이유이기 때문이에요 그니까 저요 그래도 저요 하 지만 저요 언제나 저요요요 제발~ 저요 저요 저요 너요 쟤요 말고 오직 저요 저는 저에요 다들 비켜 주세요 제가 이렇 게 간절한데 그 누가 저를 이길 수 있겠어요 당장 제가 아니 면 수건케이크 흘린 6살 여자아이처럼 울어버릴것만 같아요 그니까 제발 저요....
nnymelody | 2025-01-20 | 헐 이사장 언니가 내는 수건케이크라니…완전 믿먹 아니냐며…///❤️ 저도 수건케이크 먹고싶어서 상하이까지 갔는데 아쉽게 못 먹고 왔거든요ㅜㅜ 너무너무 기대돼요!!! 평소에도 넘 좋아하던 이사장님~~~~ 이번에도 열심히 연구하시고 맛있는 음식 만드시는 모습 정말정말 멋있고 항상 응원해요💗💗
summerflows0.03 | 2025-01-20 | 두바이초코 소리 미쳤다~~ 다른 맛도 다 너무 맛있을거같잖아요!!😍😍😍 이사장님이 만든 건 다 맛있을 거 같아서 영상만 봐도 침이 고이네요.. 제가 중국에서 수건케이크를 못 먹고 돌아온 건 이사장님 수건케이크를 먹으라는 계시인 것일까용😍😍 넘 맛있어보여요!!!!!!!!!! 이사장님 짱
lcveourvibe | 2025-01-18 | 저도 상하이에 수건케이크 먹으러 갓럿는데 어딧는지 못찾아서 못먹구 돌아왓거든요.... 이사장님네 수건케이크 먹으라는 신의 계시인가🥹🥹🥹 너무너무 먹어보고시퍼요...
okukukuku1227 | 2025-01-20 | 저는 두바이수건케이크랑 초코누텔라수건케이크가 먹고 싶읍니다
okukukuku1227 | 2025-01-20 | 저 먹고 싶어요
xae_gun430 | 2025-01-19 | 와 나 이거 제발요 정말 내가 먹어야만해요 이사장님의 신의 손길 곁들여진 수건케이크 내꺼야 제발저요 제발저요 제가 먹으면 후대까지 내내 이상한과자가게 시청할게요 가문의 영광굴비로 남겨놓을게요 제발저요 너무 기대돼요,,
이: 렇게 기똥차게
사: 장님이 리뉴얼한 수건케이크 먹으면
장:님도 개안하실텐데
님(임):상실험 저한테 하는거 어떠세요?
흑임자 고구마 할매입맛인 고딩이에요 먹고 공부 열심히 하라고 보내주시는거 어떠세효,,,? 예쁜 이사장언니야…🤭💓 항상 응원하규 사랑하고 최고에요,,👏👏👏👏👏👏👏
jeongyejin901 | 2025-01-19 | 아 그리고 전 초코누텔라요!!
jeongyejin901 | 2025-01-19 | 안녕하세요!!저 수건케이크만보고싶은데 가능한가요?? (사실전 유튜브구독자)
park_yj07 | 2025-01-20 | 두바이초코 먹어보고 싶어용..두바이 초콜릿도 안먹어본 사람으로서 매우 궁금하네여..심지어 이사장님표 두바이초코 수건케이크라고 하니 더 먹어보고 싶잖아여..ㅜㅜ...
royool_07 | 2025-01-20 | 두바이 초코 맛있겠네요..ㅜㅜ, 이사장님표 수건케이크라니...😢🤎
jinhyy | 2025-01-18 | 이사장님 디저트는 뚝딱뚝딱인데 퀄리티가 최상🤎저도 수건케이크 먹고싶은데 파는곳없어서 만들어먹었어요 😢 이사장님표 케이크 너무 궁금합니당🔥
rhsilq | 2025-01-19 | 두바이초코 먹고싶어요!!🥹 이사장님과 이웃집 통통이 조합이라니..말모💚🤎
tjdrb0913 | 2025-01-17 | 꺅🔥 이사장님표 디저트 넘나리 기다렸잖아요 월요일에 꼭 산다!!!!!👻
duuduuzi | 2025-01-19 | 이사장님 진짜 저요저요저요저요저요🥹🥹 몇년전에 asmr 유튜버분이 먹는거보고 찾아헤맸는데 우리나라에서 안팔아서 못 먹어봣다는.. 근데 이사장님이 이걸 만들어서 팔아?! 흑흑 진짜 어떤 맛잇든 너무 먹어보고 싶어요 사랑합니다 대이사장님🥹🥹🫡🫡
donxhssy | 2025-01-18 | 언니 진짜 노력많이 하고 항상 열심히 해주는것같 아서 너무 멋있다...🥹
열심히 연구까지 한거니까 어떻게 안사?!?!??
꼭꼭기대할게!!❤️‍🔥
see_far_zz | 2025-01-18 | 저 진짜 너무 먹어보고 싶어요😢😢😢🥹🥹🥹
2silber0 | 2025-01-18 | 🤎💚🤎💚🤎두바이초코 수건케이크 머고시퍼용 이사장님💚🤎💚🤎💚🤎
epdlw1__ | 2025-01-18 | 전 초코 누텔라요🤎🤎평소에 릴스나 숏츠보면 너무너무 먹고싶었는데 딱!!이렇게 이벤트 열어주셔서 바로 신청해ㅛㅅ어요 주변에 파는곳도 없고 손재주도 없어서 못만들어먹어서 ㅠㅠ 함 먹어보고싶네여!!
youngrong09 | 2025-01-18 | 저희 초딩딸의 최애 이사장님이 만드신 두바이수건케이크 저희 딸 좀 맛 보게 해주옵소서🙌~~이사장님 영상만 보고 또보는 저희 초딩에게 서프라이즈 해줄 기회 주심 감사하겠습니다❤️
caeunze | 2025-01-18 | 오앙 두바이초콜릿 수건케이크 먹어보고 싶어요💚🤎 omg 영상만 봐도 침고여요
seoeunnni | 2025-01-19 | 초코누텔라 너무 먹고시퍼여...🤎 수건케이크 너무너무너무 먹어보고 싶었거등요... 😢 수건케이크 먹고 싶다고 친구들한테 맨날 말하고 다니거등요..ㅠㅠ 주변에 수건케이크를 파는 곳이 없는 저에게 하나만 보내주시면 넘무너무너무 감사하겠습미다🫰 사랑합니당 ㅎㅎ🤎
nakyeongv | 2025-01-18 | @juhy._ 저요저요🤎 초코누텔라 기대됩니다 😍😍😍😍😍😍
zlo._41 | 2025-01-19 | 초코누텔라... 너무 맛있을 것 같아요!!!🤎 제가 초코 엄청 조아하거등요... 맨날 초코만 외치고 다니는데!! 이렇게 이사장님께서 초코누텔라를 준비해주시다니!! 너무 감사드립니당 ... 🤎 수건케이크 너무 너무 먹어보고싶어요! 주변에 파는 곳이 없어서 너무 슬펐는데😢 저를 뽑아주시면 정말 감사히 열심히 케이크 움냠냠 할 수 있어요!!!ㅠㅠㅠ 감사합니다🤎
eunzznue | 2025-01-19 | 저는 고친자에요 고구마에 미친자 고구마맛이 너무너무 먹고싶어요 제발 절 뽑아주세요🍠🕺💃ㅠㅜ
uyo.vc | 2025-01-17 | 두바이초코여ㅜㅜ제과제빵을 진로로 잡고 열심히 배우고 있는데ㅜㅜ꼭 한번 먹어보고 싶어용❤️❤️
jinye16 | 2025-01-19 | 진짜 처음 먹는 수건케이크는
이사장님표 먹고싶어요!😍
맛보여주실거져~~💚❤️
secondseongmin | 2025-01-17 | 저요!!!! 저 저번부터 수건케이크 진짜진짜 먹고 싶엇는데 이사장님의 실력에다가 중국까지 갓다 오ㅕ셔서 만드신거면 진짜!!! 더 먹고 싶어졋어요ㅠㅠ😍😍 넘 맛있어 보여욤 저는 두사녀!(두바이사랑녀)이기때뭉에 두바이가 먹고 싶숩니다🔥🔥🔥
hanna1025_ | 2025-01-19 | 저는 초코, 두바이 초콜릿
dargwa6 | 2025-01-18 | 할미입맛은... 흑임자나 고구마 젤 기대돼요....🫶 하 근데 초코도 맛있을거같은데 어떻게 골라!!!!!
choire._ | 2025-01-19 | 두바이초코수건케이크 먹고싶어요!!!
이사장님이 만든 두바이 수건 케이크 맛있겠다ㅏㅏㅏㅏㅏ💚💚💚
gee._.mini | 2025-01-17 | 두바이초콜릿 맛 ㅜㅜㅜ 유학물든 수건케이크 진짜 먹어보고시퍼요
baek____j | 2025-01-19 | 헬스하는중에도 먹고싶게하는 두바이초콜릿 맛.. 근손실나도 상관없으니까 맛보게해주시옵소서!
sea._ram | 2025-01-18 | 중국까지날라가셔서레시피를만드신정성이담긴이사장님의케이크를제가감히먹어도될까요🙌🙌🙌🙌🙌
dkxekgml | 2025-01-19 | 두바이초코💚🤎❤️
jihye_mychu | 2025-01-19 | 드디어 나온건가요 ㅠㅠ 우와 대박이다...ㅠㅠ 얼릉 먹고파요
yer_in_orbit | 2025-01-17 | 수건케이크 저요 저요 제발 저요 제가 아니면 안돼요 제발 저요 오직 이 날을 위해서 지금까지 살아왔어요 제발 제가 된다면 죽어도 여한이 없어요 제발 저요저요 저요 저요 제발 요 저는 저요밖에 모르는 저요에요 저요저 제발 저요 제가 된다면 수건케이크 먹는 순간순간을 캡쳐해 대대손손 물려줄거에요 이정도 정성이면 하늘도 알아 주시겠죠 제발...저요.. 저요 저요 제발 저요 이것은 운명의 데스티니 영혼의 소울 이사장님의 수건케이크는 제가 존재하는 이유이기 때문이에요 그니까 저요 그래도 저요 하지만 저요 언제나 저요저요저요 제발~ 저요 저요 저요 너요 쟤요 말고 오직 저요 저는 저에요 다들 비켜 주세요 제가 이렇게 간절한데 그 누가 저를 이길 수 있겠어요 당장 제가 아니면 수건케이크 흘린 6살 여자아이처럼 울어버릴것만 같아요 그니까 제발 저요.....
rcujil | 2025-01-19 | 두바이초코맛이요ㅠㅠㅠㅠㅠㅠㅠㅠㅠ🫰🏻🫰🏻🫰🏻🫰🏻🤯🤯🤯🤯🤍🤍🤍🤍❤️❤️❤️❤️홀리크랩너무맛있어보여요🥹🥹🥹🙏🏻🙏🏻🙏🏻🙏🏻🤍🤍🤍
soomile_k | 2025-01-19 | 너무너무 먹어보고 싶어요ㅠㅠㅠㅠㅠ!!! 지방러라 주변에 수건 케이크 파는 집이 딱히 없어서 너무 슬펐는데.... 이사장님이 만드신거면 믿고 먹어 보고 싶어요🙇🏻‍♀️🤍
noel.x.__gallary | 2025-01-19 | 이제 수건만 봐도 침흘리는 몸이 되... 초코 누텔라 제발ㅠㅠ
a.miyeong | 2025-01-19 | 미쳣다 구하고싶었는데 이디야랑 편의점은 오리지널맛 안날거같은데 와 와 👏👏기대된다 ㅠㅠㅠㅠㅠㅠ이상한나라과다 정말 죠아🙌
dul2ii | 2025-01-19 | 두바이초코 너무 먹어보고싶어욮퓨ㅠㅠㅍㅍ💚💚💚💚💚
koiko.__ | 2025-01-19 | 저 배고파요!!!!! ㅎㅎㅎㅎ 맛있어보여요 ㅎㅎㅎㅎ 산골짜기에서 살아서 먹어본적이 없어요
hayeon.pot | 2025-01-19 | 와.. 할미입맛인 저는 쫀득흑임자 원츄입니다🖤🩶🤍🩶🖤 중국유학까지 다녀오시다니 그 정성이 전해지는 느낌이에요. 멋지고 예쁘셔요❤️❤️
adorable_daz | 2025-01-19 | 저도 먹고싶어요🤎
gavi_olet | 2025-01-19 | 두바이 초코💚🍫!!! 정말 먹어보고시퍼용 🥺🥰 항상 유튜브 잘 보고있어요..! 언제나 응원합니다!!!
song___i_ | 2025-01-19 | 두바이수건켘 먹어보고싶너요
_kyeoong__ | 2025-01-19 | 언니 너무 맛있을거같아요ㅠㅠㅠ 대박이다ㅜㅜㅜ 꼭 사먹을게요!!"
2025-01-15,6025,"1차, 2차, 3차 …. 등등 수많은 테스트를 진행면서 레시피를 잡으며 회의하던 중 아 이거.. 진짜 완벽하게 해보고싶은데? 라는 생각으로 중국 현지에 있는 수건케이크 맛집들도 투어하고 왔습니다✌ 최최최최최최최최최최최종.jpg 수건케이크!!!!!!!!!! 커밍쑨🚀 혹시 기대되시는 분 계신가요~~~? 😆😆 27주","#수건케이크, #디저트, #베이킹","thewindbl.ws | 2025-01-15 | 헐 언제에요?!?!? 제발 팝업 말고 배송으로 해주세요🙏🏻🙏🏻🙏🏻🙏🏻🙏🏻 꼭 먹고싶은데 못가면 넘 속상하자나여ㅠㅠㅠㅠㅠㅠㅠㅠㅠ 제발 배송 ㅠㅠ
laavenue_official_ | 2025-01-16 | 으아아아악 너무 기대돼요...!!!! 수건 케이크 개발 중이었는데 찐 현지 맛은 어땠을까요?? 🥹
nyungpole | 2025-01-15 | 어니 미쳤다.. 저요저요저요저요❤️❤️
beloved.soso | 2025-01-15 | 멋있어요 :)
seo2_love | 2025-01-15 | 와 대박 기대됩니다 🙌!!!!!!!먹어보고싶어요 🙌🙌🙌🙌
tnejds79 | 2025-01-15 | 오~ 기대되요😍❤️
hoho12369 | 2025-01-15 | 저요!!!!!!!😍😍😍😍
youfound_cathy67 | 2025-01-18 | ❤️ 헐... 대단해용 언니 ❤️
star_heeya | 2025-01-15 | 🙌🙌🙌🙌🙌🙌
xvcyuuuk | 2025-01-15 | 저요.. 이사장님 채널보다가 진짜 수건케이크 너무너무 먹어보고싶어졌는데 안사먹고 기다리는중.. (저 원래는 수건케이크 관심도 없었는뎈ㅋㅋㅋ오로지 이사장님때메 생겼어요 너무 맛있게 드셔..)
jjiwoo.pyo.jj | 2025-01-16 | 와...진짜 엄청엄청엄청 먹고 싶어요..!!근데 언제 어디일지를 몰러ㅠ하지만 나는 먹고 싶기 때문에 어디라도 달려갈것이에요..!
yeseul0410 | 2025-01-16 | 언니 일하는 모습 너무 대단하고 멋있어요❤️
qqo0524 | 2025-01-15 | 저요~~~~손손손 일등으로 먹어보고싶어요~~
parkjiooooo | 2025-01-15 | 제발요ㅛ😍😍 저요저요😍😍
burger2490 | 2025-01-15 | 우리애들요 원해요
park.hyojin0616 | 2025-01-15 | 와 맛있겠다..ㅠㅜ
yellpod | 2025-01-15 | 수건케이크라니 ❤️❤️❤️❤️ 저요저요😍😍😍
haetn1m | 2025-01-15 | 간만에 인스타들어왔더니 이런 꿀소식이!!!!!!!!!!!!진짜 언니 디저트 직접 먹어보고싶었다구요ㅠㅠㅠㅠㅠㅠㅠ
dailyoung | 2025-01-17 | @dailyhaeri 드렁큰베이커랑 홀리랜드얌
ava_yusin | 2025-01-17 | @iakim7215 돈마니벌어나 홍콩가쟈
jyp0322 | 2025-01-15 | 기대되요😆❤️
happyemyyy | 2025-01-15 | 왜 진심이야 설레게....🙌
92_mingddo | 2025-01-15 | 기대되용ㅎ!!!!😍😍
love_light_s2 | 2025-01-15 | 듀근🥹
chamiseul_redlid | 2025-01-15 | 저요 🙋‍♀️ 🙋‍♂️
dkssudo_odkssid | 2025-01-15 | 언니 진짜 제발 동물성 크림으로 해주세요 달려가서 살테니까!!!!!!!
lovelyluna_91_ | 2025-01-15 | 기대돼요 먹고파
_mmlleook_ | 2025-01-15 | 진짜 이건 제2의 짜장면 탄생의 순간일거라구
free741215 | 2025-01-15 | 😍😍😍😍 저 기대만발이요~!!!
haxx._.014 | 2025-01-15 | 저요요요ㅛㅇ 바로 먹을 껍니닷😍😍😍
rimi._.saving | 2025-01-15 | 👏👏👏너무 기다려집니다. 진짜 수건케익 먹고싶은 1인 지방이라 진짜 먹고싶은 비쥬얼의 수건케익 안파라요. 어느 커피집 판다던데 수건케익 맛을 모르니 그게 맛난건지 😂
___hovely0.0 | 2025-01-15 | 댕멋있어여,,👍🏻🎂
eunyoung2468 | 2025-01-15 | 택배택배 👏👏기대합니다😂😂
sunjung3636 | 2025-01-15 | 와우👍👍👍👍👍👍👍👍
better.day_young | 2025-01-15 | 와아앙 수건케이크라니용ㅠㅠ🔥🔥저 너무 너무 먹고 싶어요🥺!!
79dbswn | 2025-01-15 | 저요! 넘 궁금해요♡
jongriml | 2025-01-15 | 택배!!!!! 요!!!!!!
minbyeol_love | 2025-01-15 | 꼭꼭 배송판매 해주세요ㅜㅜ 지방 촌련은 팝업 그딴거 모릅니다 ㅜ 그래서 웁니다😂
jungeunro | 2025-01-15 | 저욧!!!
bbangdrea | 2025-01-15 | 우오ㅏ!!!!❤️
jeonghee1057 | 2025-01-15 | 완전...완전.,초대박 기대됩니다.👏👏👏
jwjwjwoooooooo | 2025-01-15 | 풀영상 ㅏㅏㅏㅏㅏㅏㅏㅏㅏ!!!!!!!!!!!
jooharoo_travel | 2025-01-15 | 무조건 먹어봐야죠!!!😍
grace__heo | 2025-01-16 | @empty170 ㅋㅋㅋㅋ이사장님 머시쒘ㅋㅋㅋ 수건케이크 늦지 않았다
o_pqr | 2025-01-16 | ❤️❤️❤️
hyeonju8609 | 2025-01-16 | 배송으로 부탁드려효~~ㅠㅠ
oh____bboooy | 2025-01-16 | 🙌🙌🙌🙌🙌🙌.
mcsrhmnmn | 2025-01-16 | ❤️❤️❤️❤️❤️❤️🔥🔥🔥🔥🔥👏👏👏👏👏👏👏🙌🙌🙌🙌🙌
jisuu0615 | 2025-01-16 | 무조건....먹는다.....요......무조건이디요....
yun_blossom_ | 2025-01-16 | 헐 미쳤다 🙏제발 🙌저요 😍
hyemi0904 | 2025-01-16 | 저요!
soohyun0406 | 2025-01-16 | 이모, 나 이모가 만든 수건케이크 보내주세요
soohyun0406 | 2025-01-16 | 😍
da_heeheehee | 2025-01-16 | 😣👍👍👍👍👍👍👍
justine_luv | 2025-01-16 | 와 대박대박ㅜㅜ 2년전부터 중국 먹방보여 저 수건케이크를 먹고싶던 1인🙋‍♀️🙋‍♀️🙋‍♀️🙋‍♀️ 제발 제발 제작만 하지말고 허뤼허뤼 출시 허뤼!!무조건 믿고삽니다🙋‍♀️🙋‍♀️🙋‍♀️🙋‍♀️🙋‍♀️
arem_141822 | 2025-01-16 | 진쨔 저희집 아가도 수건케이크 수건케이크 노래를하는데 무슨맛인지도 모르는데 직접만들어서 먹는건 의미가없고ㅠㅠㅠㅠ 진짜 살수만있다면 어떻게든구해 먹여보고싶네요ㅠㅠ (저도 초초초지방 섬에삽니다ㅠㅠㅠ흑)
jin_ju0619 | 2025-01-16 | 꼭 먹어볼테얏🔥🔥🔥🔥🔥 어서어서~~오픈오픈!!!
joo_rrdy | 2025-01-16 | 현지맛 궁금해요 ㅠㅠ 망고맛도 맹드러주세요 🧡🧡🧡
ms_yj1519 | 2025-01-16 | 기대되요ㅠㅠㅜ 아이가 먹고 싶다했는데 택배도 해주세요😂😂😂
cat_sle_0 | 2025-01-16 | 헉 수건케이크 같다는 너낌이 있었는데 역시...! 사실 제가 수건케이크를 종류별로 한국에서 먹어봤는데 생각보다 다 만족하지 못해서 맛잘알 이사장님의 수건케이크가 기대됩니당,,,
hanseoyeon0106 | 2025-01-16 | 맛있겠다 (군참이 싹 도네)
sohyeon_1109 | 2025-01-16 | 제발 배송으로 해주세요🥹🔥🔥🔥
aileeu_n | 2025-01-16 | 과자가게를 진짜 열었어......
yoongenemoon | 2025-01-16 | 저요 저요
yoongenemoon | 2025-01-16 | 판매링크 꼭 올려쥬셍ㅎ
kim_mj82 | 2025-01-16 | 택배가능이라니❤️
ertbp | 2025-01-16 | 헐택배가능,,❤️살앙해욧
tofhaltofhal | 2025-01-16 | 저 8월에 한국가는데 가자마자 배달시킬래요!! 꼭 8월까지도 마니마니 오래 팔아주세요~!!
happpyhyun0l | 2025-01-16 | 저요!!!!!!!!🙌🙌
mikalee16 | 2025-01-16 | 언니대박이에요 저도 먹어보고싶어요 팔로우 누르고 갈께요
heydd_43 | 2025-01-16 | 저요!!!!
kj_woo0o8 | 2025-01-16 | 왁,,, 완전 기대되요오🔥🔥🙏🏻🙏🏻🙏🏻
soonhappyhappy | 2025-01-16 | 수건 케이크 넘 궁금!!
nd_nara | 2025-01-16 | 궁금하네요~~아이들도 좋아할 디저트일듯해요. 배송되면 너무 좋을꺼같아요👏👏👏
tpskdi28 | 2025-01-16 | 저,..살포시손들어봐용...
rina2021216 | 2025-01-16 | 와우~~~감동~~~완전 기대중~~~설렘폭발이요~~~
geum.eunji | 2025-01-16 | 헐....기다리고있어여!!!!!!!!!
dal_domisa51 | 2025-01-16 | 기다립니다❤️
somakase_ | 2025-01-16 | 와 이건 진짜 기대됩니다🤩
quvu9031 | 2025-01-16 | 저거 CU에 신상으로 들어왔데요
youuuung_o | 2025-01-17 | @jaehyeog925 기대되요ㅜㅜㅜㅜㅜ
seulki_9202 | 2025-01-17 | 😍😍😍😍👏👏👏👏
roadautumn | 2025-01-17 | 저칼로리 수건케이크도 나오나요!!!!!!!
kjujin_85 | 2025-01-17 | 와우 기대중이요!!❤️❤️❤️
stella_j94 | 2025-01-17 | 이사장님 디저트 너무너무 먹고싶었는데 😍 수건케이크 왕기대중입니다!!!! ❤️❤️❤️
0._.cosy | 2025-01-17 | 호고거걱 ,, 저 진짜 꼭 먹을래요 ㅠㅠ 엄청 기대됩니다 ㅜㅜ
yeonmi101 | 2025-01-17 | 저요저요 😭😭 ‼️‼️ 저 수건케이크랑 그 꾸덕꾸덕한 초코 ‼️‼️ 너무너무 먹고싶었어요 🥹🥹 알아봤었는데 배송이 안된다고해서 포기했어요 😭😭
a_lovable_smile | 2025-01-17 | 저요❤️❤️
helena_nari | 2025-01-17 | 수건케이크 별관심없었는데 택배배송가능하면 주문할래요^^ 기다릴께요😍
_jeong84 | 2025-01-17 | 우리딸이 좋아하겠어요 먹고싶어했는데 👏👏👏
mintoria_chamchimama | 2025-01-17 | 느나나나나ㅏㄴ나🙌🙌🔥
jhloveej | 2025-01-17 | 구매각만 기다리고이씀닷❤️
joy___sy | 2025-01-17 | 꼬옥 제주까지 배송되었으면..😂
2hyun_fe | 2025-01-17 | 와우~ 기대됩니다😍😍
applia100 | 2025-01-18 | 저요~~~꼭 먹고싶어요 🔥🔥🔥
dj_melonfarmer | 2025-01-18 | 그것보다 너무 이뻐용🔥
yujin2._.2 | 2025-01-18 | @won0.song 나오면 무조건 먹어야해
from_davely | 2025-01-18 | 대박!!!! 먹어보고싶어요!!!
s_uuunyy | 2025-01-18 | 이사장님!!! 그냥 생크림 수건케이크는 없나요옹???
nikoniko_rakko | 2025-01-18 | 언니? 언니가 만든 수건케이크라는 말에 콩코드 여객기처럼 날아왓어😍 언니가 만든 디저트 먹어보는게 소원이었는데 꺄 나 너무 신나 마치 브루마블 황금열쇠만 7번걸린느낌"
2025-01-14,2158,"제가 디저트에 얼마나 진심이냐면요? 한국에서 밥먹고, 후식먹으러 상하이에 갔습니다. 아니 제대로된 수건케이크가 먹고싶은데 어떡해 증말~ 나는 디저트를 위해 이것까지 해봤다? 하나씩 적고가기ㄱㄱ 27주","#중국디저트, #상하이, #수건케이크, #베이킹, #디저트","h_m.x10 | 2025-01-14 | 이사장님 진짜 진심이세요..오직 그 중국간식 리뷰를 위해 진짜 중국에 다녀오시다니..대단해요👍👍👍👍
yumi8509 | 2025-01-14 | ㅜㅜ디저트 먹으러 상해 가고싶네요~~
ppijung22 | 2025-01-14 | 아무리봐도봐도 나는솔로에 나오신 17기옥순님 닮으셨어요 이쁘세요😍
yunseo7021 | 2025-01-14 | 이사장님 혹시 마라탕에 면다추가하고드셔주실수있으신가요??
yeseul0410 | 2025-01-14 | 간식을 위해 중국까지 다녀오시다니 대단하세요❤️👏👏
2hyun_fe | 2025-01-17 | 이사장누나 멋져요~
_dayun.k_ | 2025-01-14 | 마싯겟다 .. 구할수가업네요 ..
xvcyuuuk | 2025-01-14 | 이건 진짜 진심인 사람만 할수있는거다... 편도 두시간 거리까지는 도전해봤어욬ㅌㅌㅋㅋㅋ
mukorang | 2025-01-14 | 푸딩 저거 존맛이라는데ㅜ
jo_son.a | 2025-01-15 | 부럽다ㅏ~😍
dan.0.gan | 2025-01-14 | 마트 4군데 돌기,,
5_xng13 | 2025-01-15 | 디엠 한번만 확인해주세용…..😢
e.uns0o | 2025-01-14 | 저 어제인가? 엊그제인가? 그때 이사장님 용암케이크 라이브하는거 봤어요!
mmobb373 | 2025-01-15 | 대박 중국가는 뱅기에서 보고 긴가민가햇는데 진짜 이사장님이엿다
lovelyluna_91_ | 2025-01-14 | 수건케이크 궁금..
nzeivk | 2025-01-14 | 샛노란색 수건케이크 맛 궁금했는데 그건 없네영..
tlagid1401 | 2025-01-15 | 쪽지하고시퍼여"
2025-01-11,1.5만,칼로리 진짜 알고싶지 않았어.. 근데 친철하게 댓글에서 알려주시더라구요? 하나에 1330kal래욬ㅋㅋㅋㅋㅋㅋㅋ와 두개면 2660kcal인거아니야!!!!!!!!!!!! 근데 전부터 느낀거지만 서브웨이가 쿠키를 진짜 잘해. 증말 인정이야 이건 풋롱쿠키 한국에서도 팔아주세요… 근데 단골님들이 댓글에서 알려주셨는데 저기 위에 민트캔디 뿌려진거래요.. 난 내가 양치하다 치약이 안닦인 줄 알았어 자.. 여러분은 반민초단이십까? 28주,"#서브웨이, #풋롱쿠키, #간식","wndjns_0203 | 2025-01-11 | 1줄에 1330칼로리…
dkxekgml | 2025-01-11 | 저 자세로 촬영할 땐 허리 조심해요😢😍
rachelgsr | 2025-01-12 | 두번째는 페퍼민트 브라우니인거같네요 ㅋㅋ 위에 뿌린게 페퍼민트 사탕 가루
mi._jni062 | 2025-01-19 | 아니..ㅋㅋ 바지는 잠옷바지네ㅋㅋ
mamamama_ameo | 2025-06-01 | 언니 먹었으니 만들어 볼까?
stay__min | 2025-01-11 | 맛있겠당❤️❤️
baggeumhui26 | 2025-01-11 | ㅋㅋㅋ기여워..증말!
jangirum3 | 2025-01-13 | 언니 오늘따라 더 이쁘다..❤️
lucas_smile_lee1007 | 2025-01-11 | 미국에서 5년 주재원근무하면서 먹어봤는데. 아쉽게도 한국 서브웨이에는 ㅠ ㅠ
dadadam6514 | 2025-01-12 | 침 주르르르르ㅡ르ㄹ륵르ㅡㅡ그르ㅡㄱㄱㄱ르으😮
5_xng13 | 2025-01-15 | 디엠한번만 확인해 주세용 ㅠㅠㅠ
haxx._.014 | 2025-01-11 | 3빠ㅏㅏ
jeongyeonsu468 | 2025-01-11 | 맛있으면 0칼로리
bitnara.k | 2025-01-11 | @jamiesyoga 언니 나 이거 먹고싶어 ㅋㅋㅋ 올때 사다줘
lingochanaisiteru | 2025-01-25 | @huiw_hi 일본출시기원👏
park.hyojin0616 | 2025-01-15 | 저거 우유에 말먹하면 존맛일듯
zu._u.x13 | 2025-01-11 | 일찍 왔다ㅏ
_mmlleook_ | 2025-01-11 | 아니 엎드리고 촬영하고 있었을 줄은 상상도 못했...
d._.hugging | 2025-01-14 | 두줄에 치킨 한마리??😮
m_ina_e | 2025-01-11 | 맛있겠다
yeseul0410 | 2025-01-11 | 누워서 먹방이라니 대단하다~♡♡♡♡♡♡
beti1963co | 2025-01-12 | 난 칼로리 '완벽히'는 안알려줬어😍
jjiwoo.pyo.jj | 2025-01-12 | 칼로리가 어떻든 상관 읎어요..!맛만 있으면 장땡이지요.
seongwoo2411 | 2025-01-12 | 계속 입 가리고 말하지말고 첨부터 다 먹고 얘기를하는게 나아보이는데
dahye_kim_0531 | 2025-01-13 | @h.r__01.04 가서 서브웨이먹어봐방ㅎㅎ
aileen._.115 | 2025-01-13 | 흐억 아니 이사장님..!! 안보신건가요 이거이거 우유에 찍어드셔야조ㅠㅠㅠㅠㅠㅠㅠㅠㅠㅠㅠㅠㅠㅠㅠㅠㅠㅠ 외쿸언니야들보명 막 우유에 촵촵찍어먹잔ㅎ아요
hanseoyeon0106 | 2025-01-14 | 저번에 편이점 스위디시 리뷰하고 다음에는 훌랄라 치킨 리뷰해주세요🙏
tinniping_dubb8ng_team | 2025-01-14 | 언니푸룬주스로 와라비모찌해줘
onedaesu | 2025-01-15 | 오늘 왜케 예쁘죠?????
ippeo.nl | 2025-01-15 | 네덜란드에서두 있어용
lovable_sunnyl | 2025-01-17 | 이거 정말 맛없어요 한입먹고 버렸음
dkdkdksksks.k | 2025-01-17 | 진짜 이뻐졌네
2hyun_fe | 2025-01-17 | 대체 이런건 어떻게 구하세요😮
youfound_cathy67 | 2025-01-18 | 저미국에 사는데... 달려가서 먹어 볼게요 언니~!❤️
staring_1717 | 2025-01-23 | 쫀득쫀득해요?!
love_hodo_amber | 2025-01-24 | 1개기준1330😂
haeum_song1130 | 2025-02-12 | 처음엔 앉아있는줄ㅋㅋ
_mjiny__ | 2025-02-19 | @jae.won.kr
pleasebemyspring | 2025-02-21 | 고양이개기엽당
qlalf_96 | 2025-02-26 | 한국에도 팔아주면 즇겠다 ㅜㅜ
minigong_diary | 2025-03-16 | 온니 글케 엎드려 드심 체해요!!!!!!!
hoppy1811 | 2025-04-26 | 1줄에 0칼로리~
lae_28 | 2025-05-10 | 하나에 200칼로리
so2hnc0 | 2025-06-27 | 맛잇겟다"
2025-01-10,9875,"라티아오 먹고 실망한 분들? 아 진짜 이거 드셔보셔야돼(레시피⬇️) 왜..sns에서 꼭 중국분들이 라티아오 입 주변에 묻혀가면서 진짜 맛있게 드시는 영상 보신 적 있으세요?? 나 그거 보고 홀딱 빠져가지고 사먹었다가 몇 입 먹었더니 그 이상은 먹기 힘들었는데, 저같은 분들 있으시죸ㅋㅋㅋㅋㅋ 근데 이건 분명 입맛에 맞을갑니다. 진짜 한 입 씹잖아요? 그 우리가 아는 달큰하고 매콤한 고추기름맛이 입안에 싹-퍼지면서 순간 느껴지는 고소함이랄까??? 아 이건 먹어봐야돼. 대신!! 양념에 기름이 들어가서 전자레인지에 데웠을 때, 엄청 뜨겁거든요? 이건 애들은 혼자 하면 안돼. 그리고 어른이들도 조심해야돼. <레시피> 재료: 쫀드기, 양념(식용유 5스푼, 라면스프 1/2큰술, 고춧가루 1/2큰술, 다진마늘 1/3큰술, 참깨 1큰술, 설탕 1큰술) 1. 전자레인지에 넣어도 되는 그릇에 양념에 필요한 재료를 넣은 후 , 전자레인지에 1분 돌린다. 2. 양념을 식힌 후 쫀드기에 붓고 주물러준다. 3. 먹으면 끝! 28주","#라티아오, #레시피, #간식","xvcyuuuk | 2025-01-10 | 아 너무 상상가는 맛이라 해먹고싶어요....고추기름 입에잔뜩 퍼질거같아...
elle_iary | 2025-01-13 | 따라해 봤는데 맛있어요. 다만 스프가 뭉쳐서 너무 짠데 어떻게 해야 안뭉칠까요? ㅠㅠ 익으면서 뭉치는거 같아요
luh._ye | 2025-01-17 | 마라방아님?
sunflower06198 | 2025-07-13 | 라티아오는 중국에서 산게 맛있던데(?)
z._.xin1661 | 2025-01-10 | 저거 전자레인지 안돌리면 약간 새우깡(?) 맛 나여ㅋㅋ
yujiwon13 | 2025-01-11 | 이사장님 이거 옛날에 올린거 같은데요....?
dahy_e3333 | 2025-04-20 | 좋아요를 누르고 싶은데 5600개라 못 누르겠어요....
abcdfff539 | 2025-05-18 | 와ㅈㄴ맛실겟다
seungjae01043 | 2025-01-10 | 라면스프 뭐썼어요?
youfound_cathy67 | 2025-01-18 | 저도 먹어 보고 싶어요 힝 ❤️❤️❤️
leeeunm | 2025-05-28 | 네?
real_unnie | 2025-01-11 | 마라샹궈소스 쪼금 넣어도 맛있겠어요❤️
siyul_2014ha | 2025-02-15 | 근데 혹시 이사장님 요리 영상에 맨날 나오는 저 전자레인지 용기 구매처 알수 있을까요 ??😢
hmming2 | 2025-01-12 | @dokyun__mom 역시 ㅠ 도규니는 나랑 취향이똑같앙 ㅠ 먹고싶음
haeone96 | 2025-01-13 | @eggiechen 내가 먹은 빨간색..?!
0o1213o0 | 2025-01-18 | 저 언제 먹다가 장염 걸렸어요ㅠㅠㅠㅠㅠ😢
i.hs__ | 2025-05-17 | 식용유 말고 올리브유 쓰면 좀 더 건강에 덜 해롭나...
dhsysnl | 2025-01-11 | 👏
spawn3253 | 2025-01-11 | 이거다 고마워유
miniiee_k | 2025-01-12 | 식용유대신 카놀라유같은걸로 써도 되나요?
1x_0yx | 2025-06-17 | 가정시간에 배웠는데 기름과 같은 저런것들은 되도록이면 먹지 말라고. 하던디
duekfadl | 2025-01-12 | 디엠봐주세요…ㅠㅠ 제발ㅠㅠ
dasom__0707 | 2025-01-22 | 너무 맛있어요 ~¡¡감사해용 😍
boom_111028 | 2025-01-12 | 누나는 왜 매일 예쁜가요?
tweak_doll | 2025-03-29 | 갑자기....
_mmlleook_ | 2025-01-10 | 진짜 현대판 장금이임..."
2025-01-08,7691,솔직히 도저히 못먹겠는 음식은 버립니다. 제 뱃속으로요. 죽어가는 빵도 심폐소생해서 살려낼 수 있는 레시피 방치돼서 딱딱해진 빵 있잖아요? 슬라이스 해서 오븐 또는 에어프라이어에 구워보셔~ 그냥 구워서 너무 빠삭하게 맛있고 올리브유+소금 휘리릭 해서 구우면 손이 계속 갑니다 가요 28주,"#레시피, #간식, #베이킹","xvcyuuuk | 2025-01-08 | ㅋㅋㅋㅋㅋ진짜 버리는줄 알앗지만 이사장님을 그럴리 없기에 믿고봣어요~~
z._.xin1661 | 2025-01-08 | 마늘빵 소금빵 칩 해먹어도 맛있을듯!
minaa_woo | 2025-01-09 | 오! 칼이 너무 좋아요. 전 빵 썰때마다 부스러기 장난 아닌데 ㅜㅜ
yeom_feel | 2025-01-08 | 맛있을 것 같아요 저도 베이글 남으면 에프에 돌리는데 ㅎㅎ 꿀맛
sunjung3636 | 2025-01-08 | 와우 역시👍👍👍👍👍👍❤️❤️❤️❤️❤️❤️
h1ovn_ | 2025-06-08 | 마늘빵으로 만들어먹어도 존맛일듯
beti1963co | 2025-01-08 | 베이글도 비슷하게하면 구냥 베이글칩되는 고지🔥
youfound_cathy67 | 2025-01-18 | ㅋㅋㅋ 신이 친잔 할거에요~!❤️❤️❤️
yeseul0410 | 2025-01-09 | 언니는 예쁘고,착하고 ,똑똑하고 , 다해
parkyeon369 | 2025-06-14 | 마늘빵으로도 가능할 듯?
2hyun_fe | 2025-01-17 | 소금빵 아니구 바게트네용ㅋㅋ
kimeungyong1385 | 2025-01-09 | 마늘바게트빵 해서 드셔요ㅋ
ooooooooooooopen | 2025-01-09 | 우와 ㅋㅋㅋ맛은 베이컨칩 비슷할까요
dawon2.6 | 2025-01-08 | 살짝 네가빠진세계 유제비 닮은거같아요
jjiwoo.pyo.jj | 2025-01-09 | 아 설마 딱딱한것도 드시겄어~했는데 이사장님 진짜 🐶천재..
airen0114_2 | 2025-01-10 | @2sh_mom
6_6q6q | 2025-01-09 | 마늘 스프레드만 바르고 구우면 마늘빵이네여
youdallee | 2025-01-12 | 아니 이사장님 이렇게 드시는데 살이 안찌시다니... 이제 30이라 그러신건가요... 😢
kim_sin0604 | 2025-06-18 | 보고있어요
mn.gic | 2025-01-17 | 그래 인스타감성 카페들아 빵버리는거 릴스에 올리지말고 이렇게 노력이라도 하라고
hjl191400 | 2025-01-14 | 이거 허니버터 분말+ 녹은 마요네즈or버터 섞어서 발라 구워먹으면 개존맛입니다
zxx0ne | 2025-01-13 | 짇짜 돌더잉이줄이야
sunyong21 | 2025-01-08 | 버릴까봐 깜놀입니다"
2025-01-07,1.4만,"제가 30살 찍어서 우는 사람으로 보이십니까??? (밑에 있는 글쓰다가 혼자 울컥해서 즙짬, 근데 눈물셀카 못참지) 제가 드디어 앞자리가 바뀌어 30살이 되었는데요! 어렸을 땐 30살이 되면 무슨 큰일이라도 날 것 같은 막연한 불안함이 있었는데 지금 생각해 보니, 인생에서 30살이면 아직 코딱지 시절이라고 생각합니다. 정말 코딱지같이 참 별거 없고 부족함 많은 지금 이 시절을 함께해 주시는 우리 단골님들.. 제가 뭘 하던 참 예쁘게 봐주시고, 항상 하는 거에 비해 너무 큰 사랑을 주셔서 가끔은 제 스스로가 부끄러울 때도 많아요. 저는 어렸을 때부터 부끄러움이 많아 누구 앞에 나서는 걸 잘하지 못했는데 단골님들이 계속 잘한다 잘한다 해주시니깐 막 자신감이 생겨서 지금껏 열심히 해왔던 것 같아요 사랑으로 저를 성장시켜 주신 여러분.. 너무 사랑하고 감사해요. 나 진짜 너무 감사해서 이거 쓰는데 막 눈물 나고 난리도 아니다 진짜.. 근데 잠깐만.. 눈물 쫄쫄 흘리면서 이런 말하긴 갑작스럽지만 그동안 제 나이에 대해 궁금해하신 분들이 많았거든요? 근데 어떤 분이 30대인지, 40대 인지를 물으시더라고요?? 아니 왜ㅋㅋㅋㅋㅋ 예시에 20대는 없냐곸ㅋㅋㅋㅋㅋㅠㅜ 저의 30대를 함께해주실 사랑하는 단골님들… 앞으로도 잘 부탁드리겠습니다❤️ 2025년 새해 복 많이 받으세요🙇‍♀️ -여러분 덕에 너무 든든하고 행복해서 앞으로가 기대되는 이사장 올림- 28주",,"jimin_0126 | 2025-01-07 | 누가 서른이래.... 20대 구만!!!!😍😍😍
진짜 울고픈(?) 30대 중반도 있습니다아....🥹힘내라 힘 예쁜 그대여🫶🏻
hiskyhi | 2025-01-07 | ㅋㅋㅋ 인생은 지금부터...❤️ 삼십대가 된거슬 축하햇
__.maarrrrr.__ | 2025-01-07 | 새해 복 많이 챙겨 받자구용 ~ ♡♡
행복합시다 + 건강까지 😍
somae1343 | 2025-01-08 | 언니 두번째 개이뻐요 진짜로 30대같음
ddimmi96 | 2025-01-07 | 울지말자 만나이쓰자........만나이 써....
dotory0521 | 2025-01-07 | ❤️❤️❤️새해 복 왕창 많이받으쎄요 울디마~~~❤️❤️❤️
jjiwoo.pyo.jj | 2025-01-08 | 저도 이제 반삼십이 되어버린..중간과 기말의 위기가 닥쳤습니다..정말 울고싶은 사람들끼리 모입쉬다..힘내세요 30이면 아직 꽃다운 MZ인걸🫶🏻😍❤️
baggeumhui26 | 2025-01-07 | 여전히예뻐요!그리안보이는데?넘귀엽고!매번볼때마닫거단하다생각하면서보는데!복마니받고감기조심합시다!
jeonms_eo | 2025-01-07 | 노래선정 뭐예요ㅋㅋㅋ 눈물셀카 귀여워용😍😢
y_ennnnnn | 2025-01-07 | 이언니 진짜 너뮤 조음 🥺🥺🥺🥺❤️
z._.xin1661 | 2025-01-07 | 벌써 30대! 이사장님 20대로 보이는데..ㅋㅋ 뿌엥하셔서 깜짝 놀랐는데 그래도 25 년도 행봉하시고 건강 하세여!
a._young4 | 2025-01-07 | 이모 이모라면 내가 100살이 되던 200살이 되든지 나이 상관없이 평생 사랑해 줄 수 있어! 진짜 사랑해 이사장 이모 그리고 항상 재미있는 영상 만들어 줘서 늘 고마워!!❤️
suyen0427 | 2025-01-07 | 그동안 나이 숨겨서 몰랐는데 30됫오요? 30그거 별거아니더란.. ㅋㅋ 6살아들램과 36살 엄마가 팬입니다 ❤️❤️ 사실 내가 아들한테 같이보자고 영업함 ㅋㅋ
bupaman | 2025-01-07 | 너무아리땁다......예뻐요..
s0ng_hye0n12 | 2025-01-12 | 이사장님 항상 이런 꾸미신 모습 보기 힘들었는데 진짜 이쁘세요💖
kimyeeun_12 | 2025-01-08 | 그래도 귀엽고 예뻐요^^
5368.5368 | 2025-01-07 | 저는ㅜㅜ52. 됐다구요😢
carsteam_sso | 2025-01-07 | 잘한다 잘한다 잘하안다~
xvcyuuuk | 2025-01-07 | 진짜 이사장님 마음 따뜻한거 또 느껴져서 저도 같이 즙짜고싶어요 이사장님 보면서 저도 큰 행복감을 느꼈는데 서로 행복함을 주고받는 사이라니 더 애틋해요 이사장님한테 ㅋㅋㅋㅋ25년 화이팅이에요~~~ (눈물셀카도 넘 귀욥다리용)
vita_ssee | 2025-01-08 | 나 서른여섯살 코딱진데 젤리랑 사탕, 빵 좋아하는데여!! 서른살 거 머시라고!!!! 섹시한 서른이랑께!
yeom_feel | 2025-01-07 | 제 눈에는 배우 김혜윤님이 자꾸 보임 ❤
chambbion | 2025-01-07 | 이사장님 넘 사랑스러워용….
hayan_812 | 2025-01-07 | 머지않아 서른이 됐을 때 위안이 될 것 같은 글이에요 ☺️ 맘따숩고 예쁜 이사장님 응원합니다❤️
hyeniii____ | 2025-01-07 | 넘 멋지고 귀엽다 친구네욤,, 화이팅 ㅋㅋ🤍🤍
ddusik_efan | 2025-01-07 | 이싸장님 너무 예뻐유
flower_star_126 | 2025-01-07 | 헐!!저도올해30이에요😍
bbgy13._x | 2025-01-11 | 아니 언니 진짜 예쁘다니까 그러네🔥
_ofyoon | 2025-01-07 | 20대의 언니두 30대의 언니도 사랑하구 응원해 !! 건강하구 행복해😍
ljw06_16 | 2025-01-07 | 언뉘 비율 무슨일이야 혼자 이쁘고 키크고 마르고 다 할거야 진짜 하나도 30대처럼 안보여 내맘속에는 푸릇푸릇한 대학생이야 울지말구 히히
eun._.ji0816 | 2025-01-07 | 유튜브계 김태리❤️
hyejin_seol | 2025-01-07 | 응나사십짤되쪄 응애🤣🤣🤣🤣🤣
gimyeweon256 | 2025-01-10 | 코,코딱지요…?
kellyfornia_c | 2025-01-07 | 이사장님 앞으로도 몇살이 되든 귀여운 코딱지로 건강하게 활동해주세요 😍😍❤️
haetn1m | 2025-01-07 | 퇴근길에 선물받은 것 같은 글이에요!!!!😍 어떻게 마음도 이렇게 예뻐요 언닌 다예뻐 얼굴도 마음도 그래서 계속 보게돼~! 질리지않아 사랑해요❤️ 30살이라니..!! 앙믿긴다!!
jwindy15 | 2025-01-11 | @haeoreum._.16 시여나 너랑 좀 닮으신 것 가타
youfound_cathy67 | 2025-01-18 | ❤️
angeleyes18064 | 2025-01-07 | 애기시군요 이사장님 ... 30살이라니요. 아직 애기입니다 응애 _지나가던 30대후반_
ty0000_0000 | 2025-01-07 | 새해 복 많이 받으세요
2025에도 많은 먹거리 부탁해용
inmtos | 2025-01-07 | 화이팅입니다 😍😍
hyoeun._.719 | 2025-01-07 | 머야 이사장님 울지 마요ㅠㅠ 나까지 슬프잖아ㅠㅠ 저도 이사장님 덕분에 지치거나 힘들때에 힘을 내고 같이 웃을 수 있었어요 제가 너무너무 감사드리고 2025년도 앞으로 행복하게 지내요❤️
tjdrb0913 | 2025-01-07 | 이사장님이 30대라구요???😮
yumi8509 | 2025-01-07 | 아직 어리세요😮
pm4m1 | 2025-01-07 | 엥 누가 이사장님보고 30대, 40대냐고 물어욬ㅋㅋㅋ라식이든 라섹이든 하셔야 될 듯 ㅎㅎㅎ 인스타 열었더니 웬 귀여운 사람이 울고있길래 뭐지?! 하고 열심히 읽었네용ㅋㅋㅋㅋ 으아아ㅏ 이사장님이 30이라뇨!!! 뻥임. 사실이라고 해도 이사장님 초동안인거 알고 계시죵💗? 언제나 밝고 재밌는 컨텐츠 올려주셔서 고마워요❤️ 이사장님 푸팟퐁커리 레시피 때부터 좋아했는데, 요새 너무너무 잘 돼서 구독자인 저도 너무너무 죻습니다...💖 앞으로도 부담감 가지지 마시구, 이사장님 나름대로의 그리고 이사장님만의 영상 기대하겠습니다💪🏻 힘들 땐 쉬어가주세요! 언제나 응원하고 좋아하고 있을게용❣️ 얼굴도 마음도 너무 사랑스러운 이사장님 따룽해요 🥰💌
hyunj_94 | 2025-01-07 | 어느새 돌아보니 32살이 되었더라구요... 별거 아닙니다.. 그전에 너무 동안이세요 ㅋㅋㅋㅋ
ssaerom11_07 | 2025-01-07 | 늘 응원해용🙏🫶🫶
gjwltnindex | 2025-01-07 | 하 진짜 너무 이뻐 마음도 얼굴도 다
googlynoon | 2025-01-07 | 이사장 이렇게 귀여운거 보면 나이는 그저 숫자일뿐이다 .......
qpwoeirutyaadf | 2025-01-07 | 아니 이사장님이 나랑동갑이라구..? 말도안돼
fw_hajin05 | 2025-01-07 | 만으로 30살이신가요?
twopeony | 2025-01-07 | 딱봐도 20대 같앗숨듕.. 진짜 울고픈 30대 중반 넘어간 사람도 여기 있습니다
hyxxn0309 | 2025-01-07 | 눈물셀카 왜 귀여운거야
eelanim_a | 2025-01-07 | 30대는 응애에요
_mmlleook_ | 2025-01-07 | 서른! 서른! 서른! 서른이래요~ 얼레리 꼴레리~~🤪(전 훨씬 많음..) 서른 되신 걸 축하드립니다 아직 마구 움직일 어린 나이입니다 뒤에서 늘 응원하는 지원군들이 많이 있으니 하고 싶으신거 마음껏 하십시오🙌 건강만혀🙌🙌
marie._.aa | 2025-01-07 | 두번째 사진 겁나 이쁘네. 이사장님 새해복 🧧
airefuruhu | 2025-01-07 | 이사장님 96이에요?!
__iio.o | 2025-01-07 | 너무 예쁘다 한슌간 한순간이 다😍😍
kimssung3287 | 2025-01-07 | 예쁜데 예쁜척 안하고 착한데 착한척 안하는 사람입니다~
noahlee1995 | 2025-01-07 | 사실 그녀는 마늘을 까는중이다 😂😂
meow888.8 | 2025-01-07 | 나도 불과 2년전에 30찍고 그렇게 울었어요 여동생이 30살 파티를 2번이나 해주는 바람에 여자로서 삶은 끝났다규 생각 했는데 지나거 보니까 별거 업더라구요 ㅋㅋㅋ🧏🏻‍♀️ 사랑해요 아자뵤~ 쪽
hanhyeonjeong294 | 2025-01-07 | 전 45. 뚝해요 뚝. 마음만 안늙으면 된다구요!!!!
bubbly3007 | 2025-01-07 | 뚝딱뚝딱 맛난거 잘만들고 웃기고 귀여운 이사장님!! 😍 두번째사진 사랑스러움 끝판왕이구여❤️❤️앞으로도 하고싶은거 뭐든 다하면서 대박나셔라! 건강챙기는건 필수!! 알죠?!!❤️ 맨날마음속으로 응원하다가 몇글자 써봐쓰요 ㅎㅎㅎ
eunmi8297 | 2025-01-07 | 세상에나.대학생인줄..
xlrine__ | 2025-01-07 | 새해복 마니 받으셔용 🩵🩵
yulhee_yulmoo | 2025-01-07 | 작년에 우연히 릴스에서 보고, 13년 전에 떠난 저희 친언니와 너무 닮아서 울면서 웃으면서 한번에 수십개의 영상을 봤었어요. 그때 저희 언니가 서른하나였는데.. 이제 저는 언니보다 훨씬 나이가 많은 마흔살이 되었습니다. 이사장님 영상 볼때마다 순간순간 너무 닮은 모습에 매번 놀라면서, 우리 언니도 이렇게 예쁜 얼굴로 이렇게 재미나게 살았으면 얼마나 좋았을까 생각해요. 우리 언니의 보지못한 30대를, 40대를.. 오래오래 이사장님 보면서 위로 받고 싶습니다. 행복하게 즐겁게 살아주세요! 진심으로 응원합니다 :)
sugasuga2017 | 2025-01-07 | 역시 천사였어
popo777popo | 2025-01-07 | 김광석의 서른 즈음에 라는 노래 추천합니다 아차차
saintbeautiful | 2025-01-07 | 슬픔이 길 수는 있지만 그 슬픔 끝에는 행복을 생각하는 날들이길 바라요! 이사장 화이팅!!!
e._.elili | 2025-01-07 | ???? 오대 한참 어리보이고만 누구야 델구와 언니들이 혼내줄게😂😂
beti1963co | 2025-01-07 | 언니 30살 이여써? 20대구만 언니가 40살이되든 50살이되든 난언니를 좋아하고 사랑할거야😍 그러니까 이샤장 울지말구 홧팅🔥
myttaco | 2025-01-07 | 이사장님~ 사랑해여💖
baby2723 | 2025-01-07 | 서른이면 애기네 ~~~
seungribaek_ | 2025-01-07 | 체고체ㅔ고....👍👍
anseonyeong82 | 2025-01-07 | 완전 말랐네,,😢😮
npng.ain | 2025-01-07 | 귀여워 3살 같애요 진짜루 ㅎㅎ 항상 응원하고 잘보고 있어요 사랑해요~~
yj506000 | 2025-01-07 | 이사장님... 나보다 1살 어리구나.. 부럽네요😢(올해 31세가 된 어른이가)
jeonghyeonsu325 | 2025-01-07 | ⛄️
m1nhyi | 2025-01-07 | 🍒🩵
jeonghaemi4569 | 2025-01-07 | 이사님 저흰 아직 20대❤️만나이28살합시댜❤️
oursunshine.days | 2025-01-07 | 헐 이사장님 동갑이셨네요 시상에
ju__rose | 2025-01-07 | 부모님도 30이라고 놀리더라😢😢
ahnchangyi | 2025-01-08 | 별거아님 ㅋ👏
yellpod | 2025-01-08 | 치잇.. 이사장 바보.. 울기는 왜우럭...😢
yeppiyen | 2025-01-08 | 하 언니이기를 바라왔는데 아니었네요,,,🥹
kim._.so7 | 2025-01-08 | 이사장님 진짜 이쁘세요
bong_dori | 2025-01-08 | 이사장님이랑 점퍼
똑같은 사람 🙋🏻‍♀️
binjung_18 | 2025-01-08 | 와... 예쁘신데 사진도 잘찍으시네요❤️
gamma__y | 2025-01-08 | 세상애서 젤로 귀여웅 30살❤️
y3jyjjj | 2025-01-08 | 아니어딜봐서 30삹..
ddohee_kim | 2025-01-08 | ㅠㅠ이사장님
csy120515 | 2025-01-08 | 울지마용
fairx27 | 2025-01-08 | 헐근데 너무 동안이에요
gzu1k | 2025-01-08 | 26살같아요
in_se_d | 2025-01-08 | 울지마......😢 from. 이제 중3 팬이...
baekseonggae | 2025-01-08 | 헐 이사장님이 나보다 동생이었다니…
더 귀여워 할 수 있겠다
lovelyluna_91_ | 2025-01-08 | 서른살 별거아니여유ㅠㅠ올해 35이라는 인생의 반을 찍어버렸네욜 이사장님 수건케이크는 광주에 안파는데요 혹시 계발 된다면 택배도 가능하게 해주시와요!!!👏🙌
yx.oom | 2025-01-08 | 언니 35아니엇어요?
19jms__ | 2025-01-08 | 울지마요…
ggo_ninggggg | 2025-01-08 | 이사장님 3살 같아용😍😍
dw_0916 | 2025-01-09 | 이뻐용❤️
_sseolgi_1226 | 2025-01-09 | 평소에 쇼츠로 자주 보던 이사장님이 알고 보니 동년배...! 내적 친밀감이 생겨서 그런지 몰라도 먼저 30이라는 나이를 경험해 본 분의 소감을 들으니 저도 한동안은 서른이 다가오는 걸 무서워하지 않을 수 있을 것 같아요 🙌 이러다 또 어느 날은 헉... 내가 곧 서른...? 이러겠지만요 🤔 -2년 뒤 30살인 구독자가-"
2025-01-06,9726,"내 코인은 10초만에 1/10 되던데~ 이거라도 무럭무럭 잘 커줘서 고맙네요😊 여러분! 이거 저장해뒀다가 베트남 놀러가실 일 있으면 마트들려서 이거 사와보셔!!!! 부피도 안커서 자리 차지하지도 않구 튀기면 새우맛이 뿜뿜 나는게 아주그냥 좋더라구요 그리고 이 과자 베트남 음식점 가서 샐러드종류를 시켰더니 이게 같이 곁들여져서 나오더라구요? (어우 쏨땀같은 종류랑 너무 잘 어울려~~~~~~~) 혹시 쏨땀 만들고 싶은 분들을 위해 <쏨땀 레시피> 재료: 그린파파야 1개, 당근 1/2개, 소스(마늘 1큰술, 피쉬소스 2큰술, 레몬즙 2T, 건고추 4개, 설탕 2T),땅콩 한 줌, 건새우 1큰술 28주",,"xvcyuuuk | 2025-01-06 | 우와 크기 차이 진짜 신기해욬ㅋㅋㅋㅋㅋ 쏨땀도 집에서 만드는 이사장님 최고..
yun_ju1024 | 2025-01-06 | 우와.. 언니는 매번 요리 아이디어도 대박!! 역시 금손!! 평생 사랑해❤️❤️
z._.xin1661 | 2025-01-06 | 과카몰리랑 먹으면 맛있을거 같아여
park.hyojin0616 | 2025-01-06 | 와 소리 레전드
ha_young1009 | 2025-01-06 | 와ㅏ1빠ㅏ
songyi0601 | 2025-01-06 | 알새우칩???ㅋㅋㅋ😂
yx.z1u_ | 2025-01-07 | 쏨땀 만들어 주세욥,,
simjaemin98 | 2025-01-06 | 맛있겠다
159.5kg | 2025-01-08 | @167.5kg 새우칩이당ㅋ
apple_hyeju | 2025-01-08 | @coco_3cats @cpxxrl 이번에 인도네시아 갔다가 사왔는데 같이 튀겨드실...? #끄루뿍 이름 이거임
moomir_ranyee | 2025-01-06 | 베트남에서 저거 진짜 자주 먹었는데.. 기름 좀 털고 먹으면 그렇게 맛있을수가..
min_seo._.o | 2025-01-06 | 앜 그 마트에 파는 튀기면 부푸는 과자 진짜 맛있죠❤️❤️
jiyun0475 | 2025-01-06 | 헐.. 곧 베트남 가는데 사야겠어요
bboni._.bbang | 2025-01-06 | 코딱지가 꽤 ㅋ..큰편…!!!!
beti1963co | 2025-01-06 | 저 무처럼 생긴거 썰다가 손다칠까봐 걱정대려😢
lj_no.1 | 2025-01-06 | 사탕수수는 역대급이었죠. 이번것도 맛있겠다요
duekfadl | 2025-01-06 | 바닐라 아이스크림이랑 먹어도 맛있겠다! (디엠 한 번만 봐주세요…ㅠㅠ)
_mmlleook_ | 2025-01-06 | 우리나라에도 새우칩 팝니다암요
_mmlleook_ | 2025-01-06 | 그린파파야는 어디서 구하죠..??
yoonbivip | 2025-01-06 | 쏨땀맛있어유
ha_ha_ho_12 | 2025-01-07 | 이사장 코딱지 겁나커
______gyeom | 2025-01-07 | 라이스페이퍼 튀겨봤는데 이거랑 비슷해서 놀랬어요 😂
봉지에 소금넣구 흔들어먹으면 존맛탱
a._young4 | 2025-01-07 | 이모 오 마이 갈릭 채널 구독자 100만명 되신거 아세요??!!
ra.rang_1220 | 2025-01-07 | 못하는게 뭐예횻?? 매일봐도 안질려~~ ❤️❤️ 라면스프 뿌려서 맥주안주로 먹어도 꿀맛일 것 같아요~
staywithme__012 | 2025-01-07 | 아....ㅋㅋㅋ 빈원더스 뷔페에서 저 과자만 4접시 갖다먹은ㅋㅋㅋㅋ
schoyun | 2025-01-07 | 튀기지 말고 먹의줘❤️
nyolihaneun | 2025-01-07 | 저거 내가 가는 마트에 있던데
jeongmi_20_ | 2025-01-07 | 저거 맛있는데
topping_toping | 2025-01-07 | 당근오이 채썰기 신기하네영
neiy2day | 2025-01-07 | 개구리 소리가 들리는거 같은데?
mukorang | 2025-01-07 | 오왘ㅎㅋㅎㅋㅎㅋㅎ신기해요
jiw.oo0617 | 2025-01-07 | 혹시 너무 코딱지가 저 만한가요?😢
dasomlee103 | 2025-01-07 | 라이스 페이퍼 튀긴 느낌인가..?
d_o3010 | 2025-01-07 | 코딱지 크기가 그렇게 크나요
_ha.ul7 | 2025-01-08 | 언니고정좀
_ha.ul7 | 2025-01-08 | 사랑해
koxn.ari1 | 2025-01-08 | 언니 코딱지가 저만해요?...
z1.ux_15 | 2025-01-08 | 저도 이거 먹어봤는데 진짜 맛있었음
itshannaya | 2025-01-08 | @kociks09 krupuk❤️
tae._.woo_0905 | 2025-01-08 | 여기에 친수 칠리소스 찍어 먹어도 맛있습니다 😋
ahnindo | 2025-01-08 | 흐흐...저건 무조건 대기업꺼 사서.드세요..만드는.과정보면 못먹음 ㅋㅋ
_rose_rin | 2025-01-09 | 저거 한국 식자재마트에도 팔아요
disait_elle | 2025-01-11 | 정말 창의성 최고인듯
j_jin0518 | 2025-01-12 | 오케이 이사장님 코딱지 크기 파악 완료
gweonyuna33 | 2025-01-13 | 저거 맛이 알새우칩이고 맛있어용
k._.hxon | 2025-01-13 | 알새우칩 아니노
jju_wony119 | 2025-01-15 | 😳
gimyuncae580 | 2025-01-15 | 라이스페이퍼느낌인가요?
youfound_cathy67 | 2025-01-18 | 와우 ❤️ wow looks amazing 👏 🤩 😍 ❤️
kimminkyo0504 | 2025-01-18 | 말레이시아도 있어요😍 인도네시아도 있던데 이정도면 동남아 어디든 다 있을것같아요~~😮
may_l_ey | 2025-01-26 | @ca_c.est_moi__ 너가 사온 게 이거임? ㅋㅋㅋ
kimey0524 | 2025-02-08 | 헐 저는 베트남에서 저렇게 먹고(빨간샐러드였던 기억이…) 다른건모르겠도 저 조합으로 먹고 싶어서 베트남 가고프도라구요 ㅠㅠ
xngyon | 2025-02-25 | 저거 중국 급식에서도 자주 나옴
thai_vietnam | 2025-03-04 | 새우칩과 쏨땀 조합 맛있죠 🫢 새우칩과 쏨땀재료 모두 있는 월드푸드 구경오세요~ 👉👉
jn._.xico | 2025-04-28 | 저거! 전자레인지 30초~1분 돌려도 커져요!!!!! 근데 너무 오래 돌리면 타니깐 주의😱
hayeontv1030 | 2025-05-14 | 파니푸리
k.dhee0729 | 2025-06-16 | 코딱지가ㅎㄷㄷ"
2025-01-05,2235,"자 무엇이든 요청하면, 다 시도해보겠습니닼ㅋㅋㅋㅋ(음식 아니여도 됨) 스웨디시젤리 리뷰를 요청하셔서 제가 편의점마다 돌면서 사왔습니다! 이 제품들이 없는 편의점도 많아서 편의점 가실 때 어플로 꼭 재고 확인 해보고 가세요! (어플 이름: 포켓cu, 우리동네 gs, 세븐일레븐 ) 제가 영상마다 달아주신 댓글을 항상 다 읽어 보는데 와 근데.. 생각도 못했던 재미있는 아이디어를 진짜 많이 내주십니다 다들!! 증말 신박한 것들이 한가득이에요 (단골님들 진짜 천재들임) 저번에는 하트렌즈 리뷰했고, 이번에는 스웨디시 젤리를 리뷰했는데 다음에는 뭘 시도해볼까요??? 29주",#스웨디시젤리,"beti1963co | 2025-01-06 | 오늘 화장 머야...❤️🔥 미춋쟈냐😍 첫번째거 먹었는디 전 괜찮았으여😮
bbooson | 2025-01-07 | 첫번째 드셨던 젤리 콜라맛이요 고무맛 나던데요 ㅋㅋㅋㅋ
a._young4 | 2025-01-05 | 이쁜 아줌마 그냥 편의점 삼각김밥 리뷰해죠...😝🍙
yeseul0410 | 2025-01-05 | 언니 왜 점점 예뻐져~♡❤️👏
hyoeun._.719 | 2025-01-05 | CU에 초코 마쉬멜로 빵을 팔던데 리뷰해 주세용🙌❤️ 먹어봤는데 살짝 얼려 먹음 더 맛있더라구요
z._.xin1661 | 2025-01-05 | 비첸향 육포여!진짜 맛있어여 현대백화점에 팔거에여
min_seo._.o | 2025-01-05 | 풍선껌맛 났 ㅋㅋㅋㅋ
youfound_cathy67 | 2025-01-18 | 하트눈 넘 이뻐용 ❤️❤️❤️
12.13.kr | 2025-01-05 | 스윗믹스젤리 콜라 맛이 뭔가 쑥떡 맛이 났음........
duekfadl | 2025-01-05 | CU수건케이크 먹어주세요!(디엠도 한번만 봐주세요)
xvcyuuuk | 2025-01-06 | 이사장님 왤케 예뻐요?!!! 머리랑 화장 옷 그냥 삼박자 아니 모든 박자가 완벽하다💝
da.sxo1 | 2025-01-06 | 처음에 홈쇼핑인줄 알았어요
jeon__yeji13 | 2025-01-06 | 그 스윗믹스는 콜라맛이 본드맛 났고 흰색은 먹을만 했음요
kimyeeun_12 | 2025-01-06 | 두바이 보단 남
seaoyomi70 | 2025-01-06 | 한국식 스웟믹스 젤리요
my_angel0224 | 2025-01-06 | 개인적으로 CU스웨덴젤리가맛있었어요~~~!!
snflho | 2025-01-07 | 뭐가 제일 찐 스웨디시 젤리랑 비슷한가요?!
kim_hyeyoung90 | 2025-01-07 | 스윗젤리 맛있던데요?ㅎ
purple_ktwiz | 2025-01-08 | 요즘엔 치즈젤리 먹던데
jjiwoo.pyo.jj | 2025-01-08 | 헐 언니 점점 이뻐지는거 같어요ㅋㅋㅋ저는 버블껌 맛이 제일 맛있었어욬
hanseoyeon0106 | 2025-01-14 | 훌랄라 치킨 리뷰 해주세요
hongmi4840 | 2025-01-21 | 이거 먹당 임플란트 빠졌어요😢
nmixx_2022.2.22_o.o | 2025-01-22 | GS 스웨덴젤리는 맛있긴한데 이빨에 너무 달라붙어여
pdh_10_04 | 2025-01-23 | 마지막꺼 먹어봤는데 너무 맛없었는데
ang_g_ree318 | 2025-02-12 | 그냥 호기심에 한 번은 먹을만함. 개인적으로 젤리 중에 존맛은 스트로우젤리임. 백개도 먹을 수 있음. 그냥도 먹고 얼려서도 먹고
s_cw.1009 | 2025-02-15 | 편의점에 젼언니 스웨디시젤리 드셔주세용"
2025-01-04,1만,"밀가루맛 잔뜩 나는 소세지를.. 대체 어떻게 처리해야 되는지 고민되신다면?! (이건 뭐. 언버블리버블 인거지~) 대신, 육즙팡팡 터지는 육함량 높은 소세지로 하면 저맛 안납니다. 저건 꼭 밀가루등의 전분함량 높은걸로 하셔야 빠삭 빠작 해져요! <차지키 마요소스> 재료: 오이 약간, 요거트 3큰술, 마요네즈 1큰술, 소금, 후추 29주","#소세지, #요리, #레시피","_s3.0y | 2025-01-05 | 우리 아빠 최애가 언니야 ㅋㅋㅋㅋㅋ 우리아빠 귀엽지
dalyerim | 2025-01-04 | 대박! 핑크 쏘세지 전분기 가능하니 것도 되겄죠?
2round_table | 2025-01-05 | 분홍이는 후라이팬에 기름 살짝 두르고
얇게썰어서 구워보세요!! 바삭바삭
맛있습니다!!참고로 구운 후에 쟁반에다가
안겹치게 널려서 살짝 식혀야 더
잘굳어집니다. 계란부친것보다 더
고소합니다!! 진짜 잘구으면 샌드과자 마냥
반으로딱 벌릴수 있어요~ㅋ맥주안주로
좋네요~~아직도 분홍이 좋아하는
어른이가~(호불호는 날껍니다)
분홍쏘세지가 근본입니다!!!!😍
rlawh.eh.dk | 2025-01-05 | 고기 가득한게 더 좋은거죠!! 옛날에 먹던 프랑크 소시지로 해도 될 듯..😂
i_love_mikasa_1 | 2025-05-26 | 초콜릿인줄 아
dietgirl_24hours | 2025-01-10 | 발암물질 ㅠ
jung_myung7 | 2025-01-05 | 에프에는 안될까요???😂
yeseul0410 | 2025-01-04 | 저 처음에 라바삭 말리신줄 알았어요 😂
hyeongon9 | 2025-01-16 | 소세지는 콘킹
sunny_is_very_cute | 2025-01-04 | 분홍색 옛날햄 되나?
anes4000 | 2025-01-13 | 살 찌겠다
anna.ceri9 | 2025-01-05 | 저도 먹고 싶고 싶어요😢
qwerasdf_119 | 2025-01-23 | 오빠 외쿡 스타일
woomj_10523 | 2025-01-04 | 이언니는 진짜 먹천재임 ㄹㅇ
you3697544 | 2025-01-10 | 소시지 칩이 완성 ( 츄릅 )
ayunn_0917 | 2025-06-07 | 혹시 강아지 키우세요
youfound_cathy67 | 2025-01-18 | ❤️
lovely_looru | 2025-01-08 | 차지키소스 간단버젼 귱금합니다...👏
wd5j_tt | 2025-01-06 | @sibungbung
gyomok_o1 | 2025-01-05 | National은 ’국가의‘라는 뜻이에요. Nation(국가)이 올바른 표현입니다."
2024-12-28,7655,"진짜 진짜 맛있는 ’코코넛 쫀득이‘를 들어 보셨는지요? (당연히 들어본 적 없으실겁니다. 왜냐면 제가 제멋대로 이름을 붙였기 때문이지요.ㅎ) 생각보다 코코넛이라는 재료가 호불호가 많이 갈리는 재료더라구요? 근데 이거.. 코코넛 별로 안좋아 하는 사람한테 먹여봐는데 맛있대요!!(임상시험 완) <레시피> 물 1/3컵, 설탕 1/2컵, 코코넛가루 1컵, 분유 1컵 30주","#간식, #레시피, #베이킹","r.xh_e | 2024-12-28 | 헐.. 맛잇긴하겟는데… 재료가 흔하지가 않다..ㅠㅠ 언니 맛있어?
heasun_min | 2024-12-29 | 이거 중남미에서는 cajeta de coco라는 디저트에요
dotory0521 | 2024-12-30 | 와...이거먹고싶어서 분유를 사야하나....😂
susan_s_baking_ | 2024-12-30 | 지나가는 코코넛로쉐,쫀득쿠키 파는 사장인데요, 와 이거 지금 당장 해보려구요!15년 빵쟁이 인생 처음봐요ㅋㅋ시럽끓여서 코코넛이라뇨..분유라뇨!!천재다👏
u.cha_6 | 2025-01-02 | 이사장님 와라비 모찌에서 원래 비린맛이 나나요? 일본에 Healthy Sweets Mochikon 이라고 파는데 기회되심 꼭 한번 리뷰 해주세요..!!
z._.xin1661 | 2024-12-28 | 이사장님 비첸향 육포 리뷰해 주세여!
a._young4 | 2025-01-07 | 한마디로 우리나라에서 파는 간식으로 따지면 밀크츄 코코넛맛 정도 돼지 않을까...??
jieuniyaaa | 2024-12-28 | 우엇 분유 그그그그 탈지분유 그걸로해도되나요?!
young2_1002 | 2024-12-29 | 앙금
ebladerbe | 2024-12-30 | 와 진짜 맛있어보여요. 금손다이아손플래티넘손👏👏
sea_pearl.09 | 2024-12-28 | 캔디드 배리 만들어 주세염
rlawpsl.kim | 2024-12-28 | 코코넛로쉐도 만들어주쎄용!
hnxxe | 2024-12-30 | 선생님 팔아주세요 제발😂
pinkwing86 | 2024-12-28 | 나도 코코넛 시러하는데 이사장님이 만든거는 마싯어보이는 마법😍
lllllll.8484 | 2025-01-02 | 매우 건전하고 자연스럽고 봉사도하고 유툽 컨셉잘잡았네요. 요즘 유툽보믄 인위적이고 가식적인 컨셉에 인상이 너무 찌푸러지는데. 이 채널은 보기좋네요.
taei3099 | 2024-12-28 | 캔디드 베리 만들어주세요
howaboutgumi | 2025-01-03 | 헐 완전 제스타일😍
anna.ceri9 | 2025-01-05 | 완전 맛있겠다😮
sseul.l | 2024-12-31 | 코코넛 젤리라고 파는거랑 비숫한 것 같아요! 그건 코코넛가루를 밖에 묻히긴했는데 ㅎㅎ
jeongdoyeong887 | 2025-05-31 | ❤️❤️❤️❤️❤️😢😍😍
chy73093 | 2025-01-01 | 언니 나 언니 유튜브 보고 왔어 내가 제발 뽑히면 좋겠다 나는 크리스마스에 교회에서 예배드리고 집에 오면서 언니 유튜브보고 저녁에 샤브샤브먹고,장난감 가게에서 요리가게 장난감 샀어(비록 12살이지만)언니 나 요리사가 꿈이야 언니의 쿠키를 먹어 보고 싶다 그리고 언니 나 언니 유튭 60만 부터 보았어 제발 네가 뽑혔으면 좋겠다 언니 나단골이야 언니 사랑해❤️
yeo.j.s | 2025-01-05 | 코코넛 가루 없으면 어케요
dpsxj_1016 | 2025-01-15 | @k_m.5012 이거 해줭
jxe.vl__1 | 2024-12-28 | 경단
jeongdoyeong887 | 2025-05-31 | 만들어주세요
yoolimiii | 2025-01-06 | @hundredkue
hs.xoxo.13 | 2025-04-08 | 동글동글 도지코인
minbyeol_love | 2024-12-28 | 쫀득 쿠키처럼 토핑 넣어주세요
yunjeong5415 | 2025-01-18 | @gengfanmin
_mmlleook_ | 2024-12-28 | 헐 맛없없이겠다 와아 누군가 팔아주세요 와아아아아
shinka2675 | 2025-01-16 | Slow² ler Cakp😔"
2024-12-28,9063,"무엇이든 튀겨주는 튀김집이 있다!? 가다보니깐 길이 너무 익숙해서 봤더니.. 제가 엄청 자주 가는 마트 안에 있는거죠. 하하하하 이걸 이제 봤다고?(즨촤 어이없숴~) 여기가 튀김 가루, 튀김 반죽 맛이 다양해서 재료에 따라 원하는 맛으로 정할 수 있거든요? (튀김옷마다 가격이 다름) 제가 튀긴 가격은 고구마 (4000원) + 닭발 (4000원) + 새우 (4000원)+ 김(서비스)= 총 12000원 이였는데, 고구마, 새우 맛은 평범했지만 닭발, 김은 어디서 먹어보기 힘든 맛이고 또 제 취향에 너무 잘 맞아서 대추천 [가게 정보] 가게면: 음파 튀김방앗간 주소: 서울 도봉구 마들로11길 20 (하나로마트 1층) 영업시간: 10시~22시 수정됨 · 30주",#맛집,"5368.5368 | 2024-12-27 | 이런튀발이 있다는😂😂😂 .신통치킨에 .근데 저것도 맛나보이요
rim_hr | 2024-12-27 | 여기가.어디마트일까요?ㅎ
__moonbr | 2024-12-28 | 모야! 우리 동네자나!!!!!😮😮😮
lee.__.happy | 2024-12-27 | 대박 닭발, 김 대박이네용😮 저희동네도 생기면 좋겠네용
hyoeun._.719 | 2024-12-27 | 이사장님 울 동네에 사셨구나!!!! 대박!!! 저도 잠깐 마트 들렀을 때 봤는데 시간이 없어서 못먹어봤어요,,, 언젠가 한번 해물에 채소 사서 들러봐야겠어용
yhk9504 | 2024-12-29 | 아니 여기 창동 하나로마트야 ㅋㅋㅋㅋㅋ@bongsunwha_
chahs_dive | 2024-12-27 | 오
kimyejun1234567 | 2024-12-27 | 집에서 그렇게 해주세요 1day
kimyejun1234567 | 2024-12-27 | 제발용~
igotatone | 2024-12-27 | 내가 생각했던 아이템인데 진짜 현실화 시킨 사람이 있네 대단👏
chans0313 | 2024-12-27 | 아따맘마 에피소드에서 딱 이런 가게가 엄마 상상에 나왔었는데
_mmlleook_ | 2024-12-27 | 도봉구를 사신다고요..?
m_ina_e | 2024-12-27 | 오 대박
yun_highness19 | 2024-12-29 | @fleur_spirale 엥 우리동네랑굉장히가깝잖아
01sh_ms19 | 2024-12-28 | @___hyeminn_ 🫢
yoonbivip | 2024-12-28 | 쌤 굴튀김 맛있어용 겉에빵가루입힘 안맛있는 튀김없어요
fhgtbdh908 | 2024-12-28 | 닭발튀김 사장님이 드셔보시고 뭐라고 하세요?
pjihyejihye | 2024-12-28 | 닭발 먹어보고싶네요~
bagjuha240 | 2024-12-28 | 어디 마트에요?
cosalebot | 2024-12-28 | 도봉구민이라니.. 내적 친밀감이.. 그 동네 가성비 맛집도 많고 만두 맛집 많아요. 창동 국민은행앞 만두집이랑 방학동 수정궁 망할까봐 걱정되는 보은만두 근데 집만두처럼 진짜 맛있는데.. 해장국집들도..
lilysmith67m87 | 2024-12-29 | It looks delicious😍
banghyejin706 | 2024-12-30 | 😍😍
alskdjfhg1w09348756 | 2024-12-30 | 제주도 사시는거 아녔어요..?
s.e1o_ | 2025-01-03 | 언니 네일은 어디갔어요..?
anna.ceri9 | 2025-01-05 | 😍😍
2haha_mom | 2025-01-05 | @ssunny48 창동이래~
ji_solmin | 2025-01-06 | @misozina 여기 창동 하나로마트라눈데요... 이것저것 사서 튀겨보세여,,,
a._young4 | 2025-01-07 | 이모 한입만요.....
j__s2_m | 2025-01-12 | 미역도 튀겨먹으면 맛있어요!!
e._.elili | 2025-03-16 | 여기 식스센스에 나왔어요👍🏻👍🏻
jiweon6088 | 2025-03-21 | 언니 서울살아?
hayul7789 | 2025-03-28 | 저기 식스센스에 나온곳임
home_in_94 | 2025-05-10 | @6.5hj 이거창동하나로래 ㅋㅋ 가봐"
2024-12-27,3240,"이사장이 만든 디저트를 드셔보고 싶으셨던 분 있으신가요?(과연.) 크리스마스에 뭐하고 보내셨는지를 댓글에 남겨주시면 10명 추첨해서 레드벨벳 쿠키, 두바이초콜릿 쿠키 보내드릴게요 ❤️ ex) 치킨 시켜먹고 하루종일 뒹굴거렸습니다 +이벤트 당첨자는 27일 오전에 발표하겠습니다! + 쿠키에는 밀가루, 달걀, 버터, 설탕, 견과류, 코코이파우더, 크림치즈, 초콜릿 등이 들어가니 알러지가 있으신 분들은 유의해주세요! ————————————————— <당첨자> @_se2luv @o_mama96 @jibbo_ovo @bak_ming @h__nyanya @yes_162804 @seo_ye_won @pinkwing86 @alstmngg mie_4869 (당첨자 분들께는 개별적으로 dm을 보낼테니 잠시만 기다려주세용 ㅎㅎ) 수정됨 · 30주","#크리스마스, #간식, #베이킹, #이벤트","jong_ho_35o1 | 2024-12-25 | 암 항암준비중 입니다 ㅋ 수술후라 면연력 떨어져서 가벼운 운동 빼곤 집콕~~~. 먹고픈게 너무많은데 눈팅만 하고 있어요.. 요리경력있어서 더 슬픈게…..대충 아는맛 & 상상되는맛 ㅠㅠ 구경하며 만족하고 있네요
kkim100981 | 2024-12-26 | 두바이초코 쿠키 넘 맛있을꺼 같아요~^^ 아이랑 둘다 폐렴으로 크리스마스지만 집콕했네요😂 근데 올해 크리스마스는 조용했던거 같아요~^^
hongsil_hj | 2024-12-26 | 전 크리스마스에 딸램이랑 클스마스과자집 만들었어요🎅❤️ 이사장님 유툽 넘 재밌게 잘 보고있습니다🙌 말씀을 어찌 그리 잘하시는지 완전 재밌어요😂❤️
c.h.o.b.b.i | 2024-12-26 | 이사장님~~~~~ 저는 오늘 결혼후 첫 클스마스라 계획은 거창했는데 남편이 4시까지 주무시는 바람에 거창했던 계획은 무너졌구여ㅎㅎ 형님네 집에서 조카랑 코코넛오일로 🥥 비누만들기 하구!! 같이 피자치킨&방어!!!!!!!! 팟튀 했어요!!!! ㅋㅋ 뭔가 계획되로 되지 않았으나 넘나 행복한 클스마스였달까요!
마지막으로 이사장님 쇼츠보구 쇼츠 정주행 다시하면서 잠들려구요! 낼 첫 출근이걸랑요 히히 😍
이사장님도 행복한 크리스마스였길 바라며~ 늘 사랑하구 감사합니다앙♥️
__.3.dbqlz__ | 2024-12-27 | 이사장님 항상 잘 보고있어요 ㅎㅎㅎ 우아 이사장님이 만든 쿠키라니ㅠㅠㅠ 겨울간식도 먹구 저녁에 재즈바가서 크리스마스 캐롤 들었어요!🎄♥️
llehsaesz | 2024-12-25 | 오늘 🎄 늦잠 푹 자고 일어나서 코코아 한 잔 따뜻하게 타서~ ocn 틀어서 나홀로집에 보고 힐링쓰하다가 공부도 쪼꼼 했답니다 😌😌 그러다가 이사장님 쇼츠도 발견 ❤️ 즐거운 크리스마스 되셔요 모두모두 메리크리스마스👏🎄
ha_yun2014 | 2024-12-25 | 언니 너무 이뻐ㅜㅜ❤️❤️❤️
bak_ming | 2024-12-26 | 자영업자에게 크리스마스는 사치죠🥲
평소와 똑같이 일하고 집와서 똥강아지들 목욕시키고 쉬었어요. 별로 특별한게 없는 하루였네요😌
늦었지만 메리크리스마스입니다🎄
yangjs3358 | 2024-12-27 | 헬스 다녀왔습니다 가슴운동하고 어깨 했네요ㅎ비록 여친이 없어 캐롤들으면서 헬스마스했지만 이사장님께서 만들어주신 쿠키와 치팅데이를 함께하면 더할나위 없이 행복할 것 같네용ㅎㅎ 앞으로도 재미있는 영상 많이 만들어주시고 감기 조심하세욥!!
gimmiae762 | 2024-12-26 | 제가 아이가 넷인데요 이제성인되는 큰아들의 여자친구랑 신랑이랑 애들이랑
azzzurrrrrr | 2024-12-25 | 언니! 항상 영상 잘 보구 있어요 저는 올해 20살 첫 크리스마스에 약속이 없어서 집에서 혼자 보냈 답니다.... 다이어트 중이라 크리스마스에 맛있는 것도 못먹고 물만 마시면서 쫄쫄 굶고있는데..! 다 여트 끝나고 꼭 언니 쿠키 먹고싶어요!!
행복한 연말 보내세요 항상 응원할게요❤️❤️
yoen.suu_ | 2024-12-25 | 저 크리스마스 케이크사러가려고 알람 3개맞퉈놓고 잠들었는데 일어나니까 오후 5시반인거있죠 푸핰!!! 크리스마스 그냥 날로먹기^^~
seohoo1504 | 2024-12-28 | 크리스마스이브에 아팠는데 크리스마스에 다 나아서 이사장님 영상 보면서 빵 만들 었습니다❤️(영상 너무 재밌어요!!)
o_my87 | 2024-12-25 | 크리스마스 당일날 한달에 한번의 마법으로 하루동안 진통제 세번 먹은 투딸맘입니다😢 우리 딸랭구들 크리스마스날 불땅해서 우짜꼬...ㅎㅎㅎ 그치만 반갑지 않지만 고통도 반갑게 맞이하여 사랑스런 두딸과 집에서 몸부림쳤습니다😁😁😁💚❤️ 이사장님 쿠키 진통제 저희 딸램들 맛 좀 보여 주떼여❤️❤️❤️
puppy_heou3 | 2024-12-26 | 손목 수술후 덕메들과 함께 농구보러 왓어요~~ 응원하는팀이 이겨 너무너무 메리크리스마스 한날이 되엇답니다^^💙
small0_za | 2024-12-26 | 헤헤 크리스마스에 10시부터9시까지 풀근무하고 퇴근했어용😍😍.....
남자친구도 새벽출근이라 크리스마스는 랜선으로 즐겼어요📞
새해에은 제대러 된 데이트를 할 수 있을 것 같아요💦..
솔로일땐 커플이 부러웠지만, 커플이여도 별다를게 없렀던 크리스마스 일상🎄✨..~
ejrwlf247 | 2024-12-27 | 언니 너무 늦은건가요…ㅜ
암튼 2시에 일어나서 라면 먹고 휴대폰으로 이사장님 유튜브 영상보고 저녁에 엽떡 먹고 잤어여엉.진짜 언니가 만든 쿠키 진짜 진심으로 ㄹㅇ로 먹어보고 시퍼요🥺🥺🥺🥺🥺🥺🥺🥺🥺🥺🥺🥺🥺🥺🥺🥺🥺🥺🥺🥺🥺🥺🥺그리고 이사장님 짱짱 이쁨💕🫶🏻
j_.eu._n | 2024-12-25 | 인생케이크 키친205 오픈런하고 잃어버린 애착모자 다시 사고 방어에 족발까지 식사로 2차하고 나홀로집에 보다가 푸데데 잤어요👏 집 장만이 꿈이라 임장도 갔다온 알찬 크리스마스🎄❤️ 이사장 쿠키까지 받으면 거지같은 연휴끝 회사복귀도 좀 덜 힘들텐데!!
cherish_s_01 | 2024-12-26 | 새벽부터 열심히 빵집에서 빵과 케이크를 만들었습니다 🥹🎄 이사장님이 만드신 쿠키 선물로 받아보면 늦은 크리스마스 선물이 될 거 같네용 🤭 쿠키 넘넘 귀여워요 🍪🍪
royool_07 | 2024-12-27 | 일어나마자 씻고 오전에 친구랑 만나서 잠깐 놀다가 집와서 뒹굴뒹굴 구르기만 했네영..ㅎ 저는 초코칩 쿠키 구워서 친구들한테 나눠 주기만하고 제건 안빼는 바람에 정작 전 하나도 못먹었다는..그래도 뒹굴뒹굴 구르면서 재밋게 놀았네여..
sunflower22.22 | 2024-12-26 | 엄마랑 성당 가서 붕어빵도 먹고 떡도 먹었어요^^ 뒹굴대면서 폰 할땐 이사장님 숏츠 잔뜩 봤다요🎄🔥
csy120515 | 2024-12-25 | 사촌집가서 놀고 헬스장에 가서 운동했어요 먹고싶어요!진짜로르르르르르!!!!!!!!!!!!!!!!!!!
yodr__m | 2024-12-28 | 일했어여ㅠㅠ회사 급한일 때문에 23일 출근해서 일하다보니 25일이,,🤣🤣이번 크리스마스 눈깜짝하니 사라쟜어욥,,
sj___0525 | 2024-12-27 | 놀러가서 놀다 월미도 가서 디스코, 공중그네? 타고 왔어용
ra._.onxz | 2024-12-26 | 안녕하세요 이사장님! 우선 큰 이벤트는 아니더라도 소소하게 이벤트 열어주신거 너무 고맙고 감사해요! 사실 제 꿈이 제과제빵사인데 어제 크림브륄레를 만들었는데 너무 맛이 없더라구요.. 설탕도 2번이나 타고 손에 뜨거운 설탕 닿고.. 근데 전 요리는 조금 잘하거든여??.. 그래서 배고플때 볶음밥을 만들어 먹었는데 어제 기침하고 머리 아프고 배아프고.. 결국 새벽에 열이 38.2도.. 아파서 막 울고 그랫거등요?.. 결국 오늘 기침하고 병원행.. 크리스마스에 연인도 없고 솔크 + 아프니까능 서러워서 또 울었네요.. 그럐도 만약 당첨 되서 제가 좋아하는 유명인이 만든 쿠키 먹을생각 하니 좋긴 합니다만 당첨이 될수도 있고 안될수도 있는거니까능.. 사실 이사장님 영상보고 따라한 적이 있는데 비주얼도 다르고 영.. 역시 금손은 다르다고 생각 했어요ㅋㅋ! 그럼 저처럼 아프지마시고 만수무강하세요🎅🎄
jung0303 | 2024-12-25 | 오늘 남친이랑 결혼식장 돌다가 식장 계약도 하고 왔습니다! 그리고 결혼식장 예약하고 난 뒤에는 일하러.. 다녀왔어요!!❤️
do_yeon.e | 2024-12-26 | 22일에 23시 마감을하고 집에와서 씻고 3시간30분~4시간 정도 잠을 자고 24일 25일이 6시부터 23시까지 근무를 했습니다. 바빠서 휴게도 못갔고 밥도 제대로 못 먹고 김밥한줄로 겨우 떼워가며 물배채우고 일을 했지요…매니저인 저보다 스텝을 먼저 챙겨야할 것 같아서 어쩌다보니 제가 못 쉬고 일을 하루종일 하면서 크리스마스를 보냈네요ㅠㅠㅋㅋㅋ (저희 직업은 바리스타 & 파티시에 입니다…)
sy2krrr | 2024-12-27 | 제발 저를 뽑아주세요 먹고싶어요제발제발 제발이사장 나 광팬이에용 맨날 봐요
coldsummerrrrrrrrr | 2024-12-27 | 재수 끝나고 처음 맞는 크리스마스였어요! 친구들 만나서 샤브샤브 푸파했습니다😂 친구들 전부 남친이 있었는데 솔로인 저를 위해 친히 시간을 내줬어요 고맙다 친구들아❤️ 내년에는 함께 하지 말자^^ 아 그리고 크리스마스 날에 1지망 대학 추가합격도 했어요😄 저한테는 최고의 크리스마스였습니다ㅎㅎㅎㅎ
baegmigyeong905 | 2024-12-26 | 부모의이혼으로 서로 아이를 안맡으려고해서 저희집에 아이가 맡겨져있는데 이래저래 상처가 많은아이고 곧 부모와도 헤어지고 보호시설로 갈거같은데 그전에 추억이라도 많이 만들어주려고 하고있는데 과자 좋아하는 8살이라 아이에게 하나의 추억이 되지않을까 싶어요~
doram.ing | 2024-12-26 | 남자친구랑 장거리라 .. 일이 바쁜관계로 만날 수가 없어서 ㅠㅠㅠ 집콕하고.. 롤 조졌오용 😢 이사장님 디저트를 맛볼수 있다묜 저에겐 큰 행운임니다 ❤️
hhhhhhh071999 | 2024-12-28 | 버터쿠키만들었어용!!!!!!
cucum20 | 2024-12-25 | 저는 아이들이랑 맛난 짜장면 먹고 집에왔어요ㅋ
dndn_f3 | 2024-12-26 | 가족과 저희집에서 한우먹었어요
jihae5lilly | 2024-12-25 | 저는 크리스마스에 스카에서 공부해씁니다.. 타로봣는데 이번년도안에 만점이가능하다하여바짝해서 영어시험 공부하고 지금 저녁먹고 유트브보다가 댓글달아요. 곧 시험입니다..노는 유혹을 물리쳣지만 이 쿠키 유혹은 물리치기힘들어 식단조절 중 단비같은 쿠기가 되길 바라며 글올립니다. 늘 응원하고 재밌고 즐겁게 보고있습니다~~ 새해복많이받으시고 내년엔 더대박나시길바래요😍
m1in_ch2ae0 | 2025-01-06 | 남자친구가 없어서 그냥 친구들이랑 놀았답니다..
gimyeseo8727 | 2024-12-28 | 15년째..모쏠입니다..어린이도아니라고 크리스마스 선물도못받고 외롭게 홀로 크리스마스를 보냈습니다..저는..빛이나는 트리의 별이아닌 빛이나는 솔로입니다..
tafta_silk | 2024-12-26 | 아침에 산타가 아빠라는걸 알게되서 하루종일 잠만 잤어요... 배도 안고프고 입맛도 없는데 쿠키좀 나눔 해주셔요오...😢
yayanava111 | 2024-12-27 | 친구랑 클스마스에 서울가서 놀다왔어요 이사장님 인스타 있는지 첨알았네여.. ㅎㅎ 그래도 유튜브 꼬박꼬박 챙겨보고있어요 숏츠보고 와서 쿠키 먹고싶어서 댓글 답니당🎄❤️ 남은 연말 잘 마무리하세요!!
su.x1k | 2024-12-26 | 전 아주 평범하게 가족이랑 외식하고 게임하고ㅋㅋㅋ놀았어요!
ha.youn_g | 2024-12-26 | 아침에 일어나서 세수를하고 아침을 먹으면서 이사장님 영상을보고 침대에 누워서 또 보고 점심을 먹으면서 또또 보고 양심에 찔리니까(!?) 화장실 가서 싸고 배를 비웠으니까 다시 채워야 하기 때문에 저녁을 먹으면서 또또또 보고 마지막으로 씻고 또또또또 보고 잔다.
jh_jy_s2 | 2024-12-26 | 울집 7살 딸램이 이사장님 느~~므 팬이에요❤️성탄절에는 교회 다녀오구~~남편이 출근하는 바람에 딸아이와 둘이 요리도 하고 간단한 파티를 했습죠🎄
jeonghyeju622 | 2024-12-25 | 크리스마스에 엄마 생신이라고 가족들과 영화를봤어요 ㅎㅎ 그리고 엄마를 위한 선물을 주었어용 저가 아직은 나이가 어려서 부모님 한테 큰 선물을 못주었어요ㅠㅠ 하지만 꼭 어른이 되어 부모님을 효도하고 싶넹용 저는 가족 한테 너무나 고맙다고 사랑하고 2025년도 열심히 하며 건강하고 오래오래 행복하게 살자고말하고 싶네요 ㅎㅎ
o_09.25 | 2024-12-26 | 여러가지 활동을 좋아해서 오랜만에 스포츠데이로 놀아봤어요!!! 다들 크리스마스라서 그런지 보드게임 카페도 갔는데 사람이 엄청 많더라구료 😢 아무튼 !! 이사장님 영상 한 번 보면 끝도 없이 보게되는데 마침 지금 유튜브 숏츠가 딱 이게 뜨더라구요 보자마자 바로 달려왔숩죠..😘 쿠키 너무너무너무너무 먹어보고싶네요잉 따수운 연말 보내시길 바라요 🎄🎅❤️❤️
ha.wo1n | 2024-12-26 | 친구랑 놀다가 찜닭먹고 누워서 뒹굴 거리기🎄🎄 happy merry christmas❤️
jangyeweon339 | 2024-12-26 | 크리스마스 기념으로 친구들과 처음으로 소방관 영화 보러 갔어요 그런데 나이 제한 때문에 입구 컷 당해서ㅋㅋㅋ친구들과 황당했었어요..!! 그런데 이사장님께서 보내주시면 너무 좋을 것 같아요🎄
hhlovegod | 2024-12-25 | 메리크리스마스입니다.. 전 얼마전 사고로 다쳐서 일주일전에 수술해서 크리스마스는 집에서 보냈어요.. 즐거운 크리스마스 보내시고 한해 마무리 잘하세요~^^
bagweondae6 | 2024-12-26 | 크리스마스 이브에 친구들이랑 파자마파티하고 아침9시30에 친구들이랑 다이소,올리브영,아트박스,인형뽑기갔다가 놀이터에서 3시까지 놀고 친구들이랑 헤어지고 집에와서 나 홀로 집에 정주행하고 잠들었습니다. 제발 저 뽑아주세요 폰에 인스타 없어서 아빠폰으로 보내는데 진짜 너무 먹고싶어요 제발요🎅🎅
ssejun197211 | 2024-12-26 | 가족들이랑 즐겁게 파스타 먹으러 갔답니다~~^^
ji.cong2worm | 2024-12-26 | 아침 6시에 일어나자마자 수학공부 3시간 스근하게 때려주고 영어 단어 50개 외웠어요 그리고 국어 공부 3시간 하고 영어 숙제 3시간 하고요 줄넘기 1500개 했고요 햄버거 먹고 다시 공부하다가 20분 로블하고 10시 30분에 잤어용❤️😢🎅
h_m.x10 | 2024-12-25 | 이사장님 해피 크리스마스🎄 벌써 2024년이 끝나가네요 이사장님 올한해 동안 정말 많은 일이 있었네요 힘든일이나 슬픈일은 다 잊어버리고 다가오는 2025년에는 더 좋른 이사장님으로 만나요 이사장님 덕분에 간식 많이 만들어 먹고 영상도 자주 봤어요 이제 저는 겨울 방학인데 더 많이 이사장님 볼수 있러 럭키비키 하네용🍀항상 곁에서 응원하고 있을게요 이사장님도 화이팅 하세요! 오늘 하루 만큼은 행복하게 보내세요😊❤️
_ryeo._.won14 | 2024-12-26 | 저만 솔크라서 하루종일 울었습니다
lemonade._.pt | 2024-12-25 | 예비남편이랑 웨딩밴드 맞추러종로갔다가 뒤지게 싸우고 집돌아가려다 화해하고 명동구경갔다왔어요..^^
boooooona7 | 2024-12-25 | 메리 크리스마스🎄🎄🎄🌟🌟🌟 저는 오늘 아부지 생신이셔서 가족들과 함께 즐거운 크리스마스를 보냅답니당>< 가족들과 함께 외식도 하고 인생넷컷도 찍고 왔어요! 오랜만에 보내는 가족들과 함께하는 크리스마스 즐거웠습니당😆😆
o_mama96 | 2024-12-26 | 이사장님 유튜브 100명일때부터 구독중인 구독자입니다 ❤️ 저희 6살 딸도 이사장님 영상 뜨면 요리 잘하는 이모 영상 보자고 합니다 🎄 저희는 이사장님이모 영상을 너무 좋아하는 6살 딸래미 친구들과 이브날 여행도 다녀오고 크리스마스에는 가족들과 나홀로집에를 처음으로 보고 케이크도 만들고 이사장님 영상보고 쿠키를 만들어 소소한 파티를 했어요~~ 우리 딸래미한테 좋은 추억을 먹여주고 싶어요 ❤️🎅🎄
rose_kek | 2024-12-25 | 나홀로집에 영화를 처음보시는 엄마와 영화 정주행한날 🎞️❤️오랜만에 집에서 엄마랑 단둘이 집밥 소소하게 만들어먹으면서 캐롤 틀어놓고 양초켜놓고 크리스마스를 보냈어요. 🎄✨ 특별하진 않지만 엄마가 “나홀로집에”영화 너무 재미있고 그 아이가 너무 똑똑하다며 이제야 이 영화를 봤다는 사실에 뭔가 마음이 뭉클했어요🥹💦 엄마 그 아이…. 지금 45살이래……..😂
le2e_2 | 2024-12-26 | 크리스마스에 15시간 잤습니다🎅🎄 자는게 제일 좋아~~~
11.19lb_._bm | 2024-12-26 | 아주 작은 가게를 운영하고 있어요 크리스마스이브도 크리스마스에도 새벽 3시까지 열심히 일했답니다..😂
yaykang | 2024-12-26 | 엄마가 보내주신 김치찌개로 김치우동 해머것어요. 👅 혼자 보내는 크리스마스에 무던해진 거 같아용
like_ppang | 2024-12-26 | 크리스마스에 일하시는 엄마라 ㅠ_ㅠ 오빠와 함께 대전 내려가서 성심당 빵&케이크사고 집 오자마자 엄마가 먹고싶다던 양식들 여러가지 요리해서 가요대전 먹으며 보냈습니다🙌 먹고 3키로 쪘지만 후회안해요 🔥🎄❤️
soyu____tea | 2024-12-25 | 남편이랑 소소하게 집에서 홈파티하려고 재료 싹 사뒀는데 다음날 감기 심하게 걸려서 앓아 누워있어요ㅠ.ㅠ이렇게 지나가네요.요즘 감기유행이라던데 감기조심하세요,,!💜
xvcyuuuk | 2024-12-25 | 와 지금 인스타키자마자 이거본 저 칭찬해!!!!이사장님이 만든 쿠키라니 참을수없습니다ㅠㅠ저는 지금 친구들이랑 크리스마스 파티중이에요!!
mohani4559 | 2024-12-26 | 피자 사와서 피자 먹으면서 평범하게 보냈습니다~!🎄🎅😂🙌
tjsduddl1029 | 2024-12-26 | 아침부터 아이들 장난감 뜯고 조립하길 수백번 한거 같아요🤣
집안 청소한다고 뒤집고 난리도 아니였어엉😂
joo_sy_.12 | 2024-12-26 | 피자 한판 시켜서 넷플보면서 먹었어요! 비록 혼자 보내긴 했지만 집순이인 저에겐 그럭저럭 행복하게 잘 보낸것 같습미다ㅋㅋㅋ 사실 저도 쿠키 구워보려고 했는데 엄마가 주방 어질러진다고 안된다해서 포기..ㅋㅋ 🎄❤️🔥그나저나 이사장님도 크리스마스 잘 보내셨는지요ㅋㅋ
applemiso | 2024-12-26 | 와 쿠키 너무먹어보고싶어서 왔는데 경쟁이 어마어마해서 포기할까하다가 혹시 혹시 모르니 희망가져봅니다😂 전 이번 크리스마스에 프링글스먹으며 담요덮구 뒹굴거리면서 영화봤어요ㅎㅎ 소소한행복이 최고에요❤️
toto_23213 | 2024-12-26 | 23년도에 태어난 아가랑 2번째 크리스마스를 집에서....보냈습니다😢다양한 감기가 걸려서 나가지는 못하고 집에서 보냈는데 집은 초토화됬지만 아가랑 저는 즐거웠습니다 2년전만해도 나홀로집에 1,2,3 정주행하며 누워서 배를 긁으며 피자를 먹던때가 생각이 나지만😂지금 시점도 행복합니다 모두 행복한 하루하루 되시길요❤️
lovelysylviakim | 2024-12-26 | 독감 걸려서 애 선물 포장해두는거 깜박하고 ㅠㅠ 아침에 일어난 애 피해서 화장실에서 몰래 포장하고 ...몇시간 동안 눈치보다가 거실에 간신히 더녀
__zzuliddi | 2024-12-25 | 아니 쿠키는 둘째 치고 왜케 갈수록 이뻐지는거여...
park_jung_sook | 2024-12-26 | 한입만~~~~~😂🎅
yjsa_51214 | 2024-12-26 | 신랑이 출근 해야되서 초딩아들 7살 딸이랑 집에서 나홀로집에도 보고 케이크키트사서 만들어 먹으면서 행복한 시간 보냇어요~ 늦었지만 이사장님 메클🎄 2025년에도 행복하시고 영상 재밋게 볼게요 😍😍
bbokary_852 | 2024-12-26 | 이사장님 영상 정주행하며 보낸 하루><
kobot729 | 2024-12-26 | 오전 12시쯤 깨서 티비보구 뒹굴뒹굴 거리다가 현대프리미엄백화점 가서 불꽃놀이랑 짬뽕먹고 사진 왕창 찍구 왔어여🔥🔥🔥 우리 이사장님은 어떻게 보내셨나여??😂😂 서은이 입속에 쏘옥~ 넣어주시길!!❤️❤️❤️
youu.ri | 2024-12-26 | 운동하다가 무릎을 다쳐서 아무곳도 못나가고 있어서 집에서 남편과 함께 맛있는 저녁를 코스요리로 만들어먹고 그리고 나는솔로 보면서 크리스마스를 마무리했어요!🎄👨🏻‍🍳🧑🏻‍🎄⭐️🎁
_d9.o1ke | 2024-12-26 | 친구들이랑 릴스도 찍고 야무지게 고기도 먹구 왓습니다!! 24일엔 쿠키도 야무지게 구워서 가족들도 주고 친구들도 나누어주엇어요!! ❤️❤️🎄🎄
young_in0_0 | 2024-12-26 | 이브 밤에 출근해서 크리스마스 아침에 퇴근했어요😢 자고 일어나니깐 크리스마스 순삭😂
namse_572 | 2024-12-26 | 하루종일 이사장님 생각하면서 잠에서 깨고, 양치하고, 식음을 전폐하고, 화장실가고, 밥 먹고, 누워만 지냈어요…
농담이에요 예수님 생카 다녀왔어요(교회 다녀왔다는 뜻^.^)
small.kite__ | 2024-12-26 | 남친이랑 크리스마스 분위기 낭낭하게 방 꾸미는데 도중에 테이프가 없어서 근처 문구점 들러서 사와서 다시 꾸미는데 이번엔 전구에 넣을 건전지가 하나 부족하네? 꾸미다가 다시 나가서 편의점에서 건전지 사와서 다시 꾸미고 하다보니 두시간 걸려서 어찌저찌 완성🎄 그리고 서로 선물 교환하구 케이크 먹고 분위기 좋은 레스토랑에서 밥 먹고 그랬네용ㅋㅋ 방 꾸미는데 두시간 걸려서 당떨어집니다 이사장님,., 쿠키 원한다!!🎄🔥
hde.10 | 2024-12-25 | 아니 이사장님 갈수록 왤케 이뻐져요?
진짜 릴스 넘기다가 첨에 아이돌인줄..❤️
jibbo_ovo | 2024-12-26 | 오늘 푹자고 일어났는데 눈뜨자마자 교수님 전화받고 울 학생들 성적입력 도와주구요... 😢 사랑하는 어머니랑 목욕탕에서 따뜻하고 말끔하게 씻었어요! 연말이라고 이번해 묵은일들 싹 씻고 나온다고 하니 힐링 그자체더라구요. 그리고 처음으로 제대로 된 레스토랑 가서 스테이크도 크리스마스답게 썰고 왔답니다. 어머니랑 늘 힐링시간을 갖는데, 이사장님 영상도 저한텐 늘 시청하면 힐링시간이 됩니다. 이번 이벤트도 너무 뜻깊어보여요. 늘 응원합니다. 메리 크리스마스예요!! 😍🎄🙌❤️
s_yj_46 | 2024-12-26 | 늦잠을 푹 잔 후 여유롭게 언니랑 트더가서 파티 장보고 집에와서 파티시작과 동시에 가요대전 GD무대를 보며 칵테일을 마셨답니다👍🏻 평일 중간이라 다른 지역에서 일하시는 아버지랑은 같이 못 보냈지만 어머니와 언니 함께 즐거운 클스마스 파티를 할 수 있어 특별하고 좋았답니다🎄🎅🏻♥️
gimhama1110 | 2024-12-26 | 친구들과 함께 집에 모여 각자 돈을 모아 배달음식을 마구 시켜 같이 맛있게 먹고ㅋㅋ벽도 풍선으로 꾸며 사진찍고, 보드게임, 랜덤게임 하면서 재밌게 놀다 다같이 이불 뒤집어 쓰고 공포영화 한 편 딱 보고 집에 왔어요ㅋㅋㅋ 이사장님은 어떻게 보내셨을지도 궁금하네요😆 집에 오고 나선 가족들과 함께 케이크를 먹으며 즐거운 시간을 보냈답니당ㅎㅎ 오늘은 솔직히 막 먹어도 0칼로리 아닌가요ㅋㅋㅋ 살찌면 눈치없는거,, 항상 잘 보구 있습니다❤️ 쿠키 진짜 잘 구우세요😍 이사장님 메리크리스마스🎄
e0._nx | 2024-12-25 | 학교랑학원안가서 늦잠자고 뒹굴거리다가 강아지랑 쎄쎄쎄하다가 맛난거 먹었어요오
imyour_b_b | 2024-12-26 | 늦잠 때리고 외출했다가 카페랑 음식점 거절만 5번 당하고 길거리 트리랑 사진한장 찍고 누웠읍니다 🥹 앞으로 크리스마스는 밖에 안나갈랍니다😂
s2o0op | 2024-12-26 | 카페에서 알바하고 왔어요...🥹 백화점 안 카페라 손님이 너무너무너무 많았어서 하루종일 쉬지도 못하고 기계처럼 커피만 만들다 왔습니다....😅😅 제가 만든 음료를 마시며 행복하게 연말을 보내는 손님들을 아련하게 쳐다봤네요 ㅋㅋㅋㅋ 비록 크리스마스는 잘 보내지 못했지만, 이사장님이 만든 쿠키를 먹으면 정말 기운 날 것 같아요🥺🫶
qwe6513 | 2024-12-25 | 오늘 성탄 예배드리고 이쁜딸 라꿍이랑 오락실가서 3만원쓰고 인형 5개뽑았어요ㅠㅠ
그리고 딸이볼링 짱 잘쳐요ㅎㅎ 9000점ㅎ 그리규 저녁먹고 배탈이났는데 참고 밤까지 데이트 했어요 아팟지만 정말 재밋었어요❤️
_hyejin10 | 2024-12-26 | 이번 쥬 일요일에 중요한 시험이 있어서 공부 깔짝하구 ~~ 📚 @__nam00k_ 이 놈이랑 딸기케이크 먹었어요 >_< 🍰❤️🎄💚
216jeon | 2024-12-25 | 늦잠 싸악 자고 유튜브 영상올리고 애기들 선물사고 닭갈비에 볶음밥 혼내준다음 이제 곧 케이크랑 배달음식 시켜서 홈파티 예정입니다❤️ 이사장님 쿠키 먹어보고싶다 진짜로오옼!!!!😭
hm1xhn | 2024-12-25 | 크리스마스에 감기걸림;;;;;……심지어 비염인이라 코막혀서 잠도5시간밖에 못잤다고요!!!!!!!!!!!!!!!!!내클마스 돌려내ㅠㅠㅠㅠㅠ ㅠㅠㅠㅠㅠㅠㅠㅠㅠㅠㅠㅠㅠㅠㅠㅠㅠㅠㅠㅠㅠㅠㅠㅠㅠㅠㅠ
mfc_bravo_seoyoung | 2024-12-25 | 크리스마스에 출산하고 병원에 있었어요 ㅠㅠ 원래계획은 놀러가는거엿지만🤣 긴급으로 출산하게되어 새 생명만나서 좋았어요☺️ 아직두 병원이지만 한번 이벤트 신청해봐용❤️
you_ziyum | 2024-12-25 | 늦잠 자고 10시에 일어나서😂 학교 방송제 때 쓰려고 샀다가 배송 늦어와서 못 쓴ㅠ 산타 망토 쓰고 캐롤 좀 들어주다가 설렁탕에 국밥 말아먹고 숙제 좀 하다가 가요대전해서 이건 못참쥐~ 하고 4시간동안 고래고래 소리지르면서 가요대전 보다가 9시부터 지금인 12시까지 영단어 외우고 이사장님 영상 봤어요❤️‍🔥
choihyerim2013 | 2024-12-25 | 저는 모솔입니다...ㅎㅎ 이번 크리스마스에도 혼자네요..?😶 걍 집에서 누워서가지고 이사장 영상이나 보고있었습니다...ㅎㅎ
viviana_yoon | 2024-12-25 | 저어는 아이들과 함께 노로바이러스 + 코로나 바이러스의 영향으로 집콕했어요ㅠㅠㅠㅠㅠ 크리스마스 선물도 쿠팡읋 주문해서 겨우 보냈답니다..
sonu_gim | 2024-12-25 | 동대문 7번 출구 근처의 쪽방촌에 가서 교회에서 준비한 이불과 난방비를 전달해드렸어요! 먹고 원조 닭한마리를 뿌셨습니다🔥
shiwbqlozh | 2024-12-25 | 회사에수 잘리고 본집으로 내려가기 이삿짐 정리+ 당근마켓으어 물건 팔다가 다리 접질러서 침대에서 쉬고 있어요..🥲이사장님 쿠키 먹고 2025년 힘내고 싶습니다
230513_aea | 2024-12-25 | 유튜브보다가 넘어왓어요 이번크리스마스 애들둘이 독감이여서 좀나아서 집에서 소소하게 트리만들고 치킨시켜먹고 베라 크리스마스케이크시켜먹었어요
_after_like_ | 2024-12-25 | 담낭 문제로 병원에서 수술하고 2주 보내고 온지라~ 크리스마스에 집에서 나혼자 산다보면서 요양했어요😢 보기에도 너무 귀엽고 맛있어보이는 레드벨벳,두바이 쿠키 너무너무너무 먹어보고 싶허요😍💕
vavoo_2 | 2024-12-25 | 저저저저 가족들이랑 산타거리 갔어요 젤라또랑 소핑회오리소시지마약핫도그?랑 암튼 많잊먹음
sinmina956 | 2024-12-25 | 저는요! 아침밥을먹으면서 이사장님영상보고 케이크먹고 강원도갔다가 가요대전보고 핸드폰바꾸고집에와서 숙제했어요!사랑해요❤️
onekyu_ | 2024-12-25 | 쿠키를 먹고싶습니다"
2024-12-24,6363,"넷플 볼 때 그냥 팝콘 말구, 감자팝콘도 잡솨봐~ (레시피⬇️) 딘골님들은 밤마다 감자튀김 떙기지 않아요? 저는 꼭 밤에 감튀가 땡겨가지고 어쩔 수 없이 햄버거까지 같이 먹잖아(ㅠ진짜 어쩔 수 없었다.) 근데 이렇게 만들면 훨씬 덜 헤비하고 버터가 들어가서 풍미+바삭해서 넷플릭스 볼 때 추천 추천 아니 근데 오징어게임2 언제해 증말 나만 이렇게 진심으로 기다리고 있는거 아니죠??? [레시피] 재료: 감자, 소금, 후추, 버터 1. 전자레인지: 감자의 껍질을 벗긴 후 4등분 해서 랩으로 감싼 후 전자레인지에 2분씩 익을 때 까지 돌린다./ 냄비: 감자의 껍질을 벗긴 후 4등 분 하여 끓는 물에 약 15분 삶는다.(감자 3알 기준) 2. 감자가 뜨거울 때 으깨며 소금, 후추, 버터를 넣고 섞는다. 3. 짤주머니에 반죽을 넣고 팬에 짠 후 오븐이나 에어프라이어에서 180도 15분 굽는다. 4. 치즈가루를 입혀도 좋고 케첩에 찍어 먹어도 좋다! 30주","#감자튀김, #팝콘감자, #간식, #레시피, #베이킹","snnsonee | 2024-12-24 | 감튀 아닌가여
216jeon | 2024-12-25 | 처음에 감자도리 눈코입에 놀랬잖아욬ㅋㅋㅋㅋㅋㅋ 개그포인트 너무좋아...배고팡...이사장넴 멜크입니다❤️🎄
dotory0521 | 2024-12-24 | 사장님왜캐 귀여워지심??멜크~
hyoeun._.719 | 2024-12-24 | 먹어보지 않아도 뭔가 맛을 알 것만 같아서 진짜 미치겠다,, 방금 밥 다 먹고 왔는데 다시 배고파 졌어요 진짜 너무 맛있겠다😋
yeseul0410 | 2024-12-24 | 감자 좋아하는데 팝콘도 좋아하면 허~♡❤️
yunmanog2 | 2025-03-01 | ✨️✨️✨️
oh.dayul | 2024-12-24 | 감자 팝콘 맜있겠다!!
xvcyuuuk | 2024-12-24 | 감자팝콘 레시피 이렇게 쉬울줄이야... 우선 저장..
aneunseo_0803 | 2024-12-25 | 압력 14.7....
oh.dayul | 2024-12-24 | 1빠!!!!
haetn1m | 2024-12-24 | 오징어게임2빨리 보고싳은 사람..저요
_mmlleook_ | 2024-12-25 | 액땜을 하시니 우연의 일치로 치즈맛 시즈닝이 있을 수가 있구나... 사장님 멜크!
seyung_k | 2024-12-25 | 그냥 감튀 아닌가요? ㅋㅋ
_ch.x3xn | 2024-12-30 | 언니 시즈닝 솔직히 롯데리아 양념감자 치즈랑 어니언 둘다 먹고싶어서 둘다 샀는데 어니언만 먹고 배불러서 수납해둔 치즈 시즈닝이지…
rpxk_edit | 2025-01-03 | 감자팝콘에 옥수수가 들어가야한다면....치킨팝콘은...?
baggang72 | 2025-01-04 | 맛있겠다 근디 처음에는 왜 상투과자를 케찹에 찍어먹디 생각한사람손
iseul7032 | 2025-01-05 | 지금 만들고 있쒀요!!
anna.ceri9 | 2025-01-05 | 메랭쿠기같다😍
ayun_0013 | 2025-01-27 | 스콘만들어주셍영ㅇ
xun.2ung._.13 | 2025-02-07 | 팔왜그래요?
oh_hyunhee16 | 2025-04-04 | 이건 팝콘일수가 없음 왜냐물어보면 팝콘의 pop은 튀어오르다라는 뜻인데 저것을 만들때 튀어오르지않았고 콘은 옥수수이고 저건 감자이니 팝콘일수 없음
kudada0219 | 2025-04-09 | 팔 왜그래요?? ㅡㅋㅋㅋㅋ
h.gyeol_11 | 2025-04-13 | 팔에 뭔 상처에요오😢
iseoyul2647 | 2025-05-23 | 이사장님 오른쪽 팔 왜그래여ㅠㅠ😢
dx._.yng13 | 2025-06-01 | 반죽 짤때 오른쪽팔상처뭔가요??
joganghyeon188 | 2025-06-02 | 콘팝콘
seo__jm252525 | 2025-06-10 | 그럼 팝포테이토 어떠십니까
jce_0117 | 2025-06-16 | 저는 긔엽고 깜찍하지 않아요. 끔찍하죠...
bagsehyi435 | 2025-06-19 | 우리는 이걸 감자튀김이라고 부르기로 해써여
lsa0831 | 2025-06-22 | 저거 감자 말고 밤이면 바로 상투과자 아닌가ㅋㅋ"
2024-12-20,1.3만,"엽떡 한그릇 가격으로 엽떡 시킬 때 마다 눈치보였던 나 하지만 이제는 자취해서..불금마다 눈치 안보이고 시켜먹을 수 있죠?ㅋㅋㅋㅋㅋㅋㅋ 근데, 엽떡 가격으로 직접 떡볶이를 만들면 과연 양이 얼마나 될까? 결론=식당에서 쓰는 대용량 재료로 사다가 하면 양이 더 많이 나오겠지만 집에서 만들면 ,,그래도 4통은 나온다! + 요즘 강민경님 레시피 처럼 엽떡에 양배추 팍팍 넣어도 맛있는거 아시죠(진지) [엽떡 레시피] ->’쭈야공키친’님 레시피임! -엽떡 스프(8인분 분량): 미원 20g, 멸치다시다 16g, 소고기다시다 35g, 설탕 50g, 후추 2g, 베트남 고춧가루 40g, 고운 고춧가루40g -떡볶이 (4인분 분량):스프 100g, 떡 450g, 비엔나 150g, 사각어묵 3장, 봉어묵 2개, 다진마늘 15g, 물엿 30g, 물 1000ml 31주","#엽떡, #엽떡레시피, #간식, #레시피","xvcyuuuk | 2024-12-20 | 아 너무 맛있겠다... 오늘저녁은 떡볶이다
soul_jang | 2024-12-20 | 엄마힘드니까 시켜먹으래 ㅋㅋㅋㅋㅋㅋㅋㅋㅋㅋㅋㅋㅋ
216jeon | 2024-12-20 | 아 엽떡 땡긴다....🤤
yeoni_jibbab | 2025-01-20 | 소고기다시다+ 멸치다시다 꼭 섞어써야댐 😂 존맛
kimromy2023 | 2025-01-03 | 이거 맛있습니다.....🍲
koni_0519 | 2024-12-27 | 쭈야공님 다른 레시피도 맛나요~♡ 떡볶이 만들어야겠어요ㅎㅎ 군침도네요~
j.xehxn_250 | 2025-01-21 | 500kg이요....??????!!😮😮😮 먹다가 배 터지것슈 ㅋㅋ
sysy9559 | 2024-12-26 | 엇 김혜윤배운님 닮으셨다.❤️
jxyxnn_ | 2024-12-22 | 오늘 저녁 엽떡이다..!!
s850313 | 2024-12-22 | 밀떡은 어느회사꺼에요?
eee_o0q | 2024-12-22 | 건강의모든것 이라는 인스타그램 영상에서 이사장님 영상 그냥사용 했던데...😢😢😢 아셔야할 것 같아서.요..😢😢😢
ij_woo | 2024-12-24 | 중간에 물엿을 넣는건가요?
jjs._.1202 | 2024-12-20 | 혹시 제 디엠 한번만 봐주실수 있나요?? 졸업영상 조금만 도와주실수 있나 싶어서용!😢😍
yeon_of_12 | 2024-12-21 | ❤️
p.haelin | 2024-12-23 | @byuri9512 이거해줘
mins__83 | 2024-12-20 | 떡볶이로 잔치해도 되것슈😂😂
sx0n1z | 2024-12-22 | 편의점 스웨디시 젤리 종류별 비교 먹방 기원2일ㅊㅏ
choihojun220726 | 2025-01-17 | 😮
better_bread_gotgan | 2025-01-14 | 👏👏👏
haetn1m | 2024-12-20 | 엽떡은 진짜 못참는데요😢다이어트 포기
bo_ky.x | 2024-12-20 | 500kg는 너무많습니다....
h9_gbs | 2024-12-25 | 마싯겠따 나 저떡볶이 들고 마실수있는데ㅎ"
2024-12-19,1257,"프링글스 넣고 바크초콜릿은 상상도 안해봤는데 허거덕 완전 잘 어울려서 놀람😳 재료: 초콜릿100g (다크, 밀크, 화이트 등등) , 프링글스 오리지날 50g, 견과류 30g, 건조과일 30g 1. 초콜릿을 전자레인지에 1분씩 2번 돌린다 2. 프링글스 오리지날 맛을 부셔서 섞는다. 3. 틀에 초콜릿을 넣은 후 토핑을 올린다. 4. 장식으로 써도 좋고, 맛있게 먹어도 좋다!! 31주","#광고, #프링글스, #뚜껑을열면시작되는바삭한파티, #프링글스크리스마스파티","beti1963co | 2024-12-19 | 저도 저 트리를 봤는데 어떤 귀엽고 키크고 예쁘고 이사장처럼 생긴사람이 오너먼트를 먹더라구요...😂
gbm_09_19 | 2024-12-19 | 손님들 오시기전에 사장님이 다 드셨다는 소문이...?🤣❤️
yeseul0410 | 2024-12-19 | 파자마 넘 잘 어울려요❤️
ma_chimnae12 | 2024-12-19 | 파자마 예쁘당
yeon_of_12 | 2024-12-19 | ❤️❤️
juntae2015 | 2024-12-19 | 프링글스 파자마 어디서 팔아용?
mijeong_ggmom | 2024-12-21 | 어머 요리 천재네요 생각지도못한 조합이예요
_mmlleook_ | 2024-12-19 | 천재 인정.. 근데 뭔가 카다이프보다 맛날 것같은....."
2024-12-18,1999,저번에 금쪽이가 달고나랑 우유를 바꿔먹었잖아요 그거 실화인데 저랑 비슷한 경험 해보신 분 없어요??? (또 나만 석기시대 사람이지) 90년대 생분들은 다 알고 있죠?? 학교 앞에 달고나 아줌마 계시는건 국룰인데😱 달고나 이야기 나온 김에 오징어게임 시즌2 방영하기 전에 달고나 응용버전까지 한번 배워보자구요 특히 마시멜로우 달고나 이건 진짜 보장하니까 꼭 만들어 먹어보세요!! 31주,"#오징어게임, #달고나, #베이킹, #간식, #레시피","h_m.x10 | 2024-12-18 | 우와 달고나의 여신이네요❤️❤️
__zzuliddi | 2024-12-19 | 저런거 계속 먹는데 어떻게 살이 안찌는거냐고...
kim_dh.95 | 2024-12-18 | 500원에 한판이었는데 ㅋㅋ 다들얼마에
자판기한지 궁금😂
suyen0427 | 2024-12-24 | 알쥐알쥐.. 달고나게임기 500원넣으면 하나 만들수있는데 ㅋㅋ 위생이랑 안전은 개나줘버렸던 낭만의 시절이었네 ㅋㅋㅋ
xvcyuuuk | 2024-12-18 | 저도 우유랑 바꿔먹었어요ㅋㅋㅋ근데 막 상한우유랑 바꿔먹으려는 악용하는 애들도 있던..
schoyun | 2025-01-25 | 3번째는 완전 칼로리 폭팔!🔥🔥
inmtos | 2024-12-18 | 달고나 만드는 기계 오랜만에 듣네요
kimeungyong1385 | 2024-12-19 | 와~세번째꺼는 살이 지대로 찔꺼같은데요?ㅋ
minheeya_ | 2024-12-19 | 이사장님 췌장이 소리질러요😂ㅋㅋㅋㅋ
hyoeun._.719 | 2024-12-18 | 마지막에 마쉬멜로 달고나 뭐야,,, 역시 이사장님은 먹천재야!!! 이사장님 덕분에 상금 탈 수 있겠어요
imhyeonji616 | 2024-12-22 | 소다 많이 넣으면 맛없어요
yuxun.1 | 2024-12-19 | 우와ㅏ
sr_yun99 | 2024-12-18 | 언니 혈당 괜찮아요..?
beti1963co | 2024-12-18 | 이사장..우리 깐부잔어..달고나 우산말고 이사장을 향한 나의 마음은 하트로 주슈❤️ 마지쒸가 특별히 이사장님은 삼각형으로 줄테니 얼른 달고나성공하고 탈출합시당🔥
yeseul0410 | 2024-12-18 | 스모어 아이디어 대밥
ji_o.xng | 2024-12-30 | 내생일이 영상에 나왔다
kyoungjin02 | 2025-01-01 | 불량식품 판매점에서 팔던 어포에 달고나 깔고 김밥처럼 말아서 먹어도 맛있어요~
z._.xin1661 | 2024-12-18 | 이사장님 진짜 먹천재 ㅇㅈ
anna.ceri9 | 2025-01-05 | 우와ㅏㅏ😮
_mmlleook_ | 2024-12-18 | 역시 맛잘알.. 마지막 감동...👏👏👏
anseonyeong82 | 2025-03-16 | 머릿결 관리 어떻게 하세요,,?
haetn1m | 2024-12-18 | 언니 덕분에 오징어게임에서 살아남겠다~~침발라~~
boom_111028 | 2025-01-06 | 마지막거는 걍 달고나 딕만스같당^-^
boom_111028 | 2025-01-06 | 완즌 내 스탈이양~
nyolihaneun | 2024-12-19 | 옛날에 수업 땡땡이 까고 문방구에서 맨날 달고나 만들어 먹었었는데"
2024-12-16,2942,제주 여행 홍보대사인 나…또 제주 귤 신박하게 쓰는방법 지나칠 수 없지 그래도 여러분 이거 핑계 삼아서 제주도 귤 233740개 드세용🍊 (14세 미만은 어른이랑 함께! 주변에 불붙을 만한 건 치우고!) 근데 충격적인 사실..귤 권장량이 하루 2~3개래요 말도 안됔ㅋㅋㅋㅋㅋㅋㅋㅋㅋㅋㅋㅋㅋ 저는 앉으면 기본으로 10개는 까먹거든요? 여러분은 귤최몇? 수정됨 · 31주,"#귤, #베이킹, #간식, #꿀팁","y.h_87902022 | 2024-12-16 | 귤 원래 박스채로 옆에놓고 누워서 계속 까먹는거 아니에요....? 중2 겨울방학때 그렇게먹다가 방학동안 20키로가쪘....
__zzuliddi | 2024-12-16 | 머리색 무슨 일이야; 넘 잘 어울리는데요
inmtos | 2024-12-16 | 귤에서 빛이 나니 예쁘네요 😍🔥🔥
sgm_xwiko | 2024-12-16 | 헐 저 지금 탈색중인데 이사장님 보고 '오 이사장님도 탈색 하셨구나!' 하고 내적 친밀감 들었는데 분정이셨구나 ㅋㅋㅋㅋ..
xeroxxe__ | 2024-12-16 | 우와ㅋㅋㅋㅋ 귤에서 빛이 나다니 신선하네용
sweetshop_s2 | 2024-12-16 | 제 분장 보고 많이 놀라셨죠??
저도 상황극분장 한번씩 할 때 마다 많이 놀라욬ㅋㅋㅋㅋㅋㅋㅋㅋㅋㅋㅋㅋㅋㅋ
lapin.__.mignon | 2024-12-16 | 진짜 언니 탈색머리까지 잘어울리면 우째요?!!! 오늘도 반해버려따...😍🩷
xvcyuuuk | 2024-12-16 | 뭘까 뭘 찍고 온걸까 너무 궁금하다 근데 언니 낯설지 않고 그냥 이쁜데요? 난 이미 이사장님께 스며들엇어...이며들다.. 와중에 귤트리도 예쁘다..
yeon_of_12 | 2024-12-16 | 언니 오늘도이뻐여🔥❤️
uyni_92.15.18 | 2024-12-16 | 바닥은 겐찮은가요오 ㅋㅋㅋㅋㅋㅋ🔥🔥🔥
areudrivingmecrazy | 2024-12-16 | 금발 진짜 너어ㅓ무 이쁘다..
sooooooooolhui | 2024-12-16 | 언니 뭐야! 너무 이쁘자나
x0eun1._ | 2024-12-16 | 와 엉니 도대체 뭘 찍고 온거ටㅑ? 금발 개잘어울려,,ㄷㄷ 이 기세로 금발 ㄱㄱ?
beti1963co | 2024-12-16 | 금발 너무 예쁘잔앙😍
jisuhyeon365 | 2024-12-17 | 누..누구세요?
_so_hyang | 2024-12-19 | @0.yeom__ @gw26_0 누가 귤 가져올래
yoen.suu_ | 2024-12-16 | 탈색해두 잘 어울리겠써용
no.name.5020537 | 2024-12-16 | 왜 유튜브에 못올려요?
ye_ioi | 2024-12-16 | 다른사람인줄 알았어요 ㅜㅜ
m1ya_42 | 2024-12-16 | 머리 모에요 왜 잘 어울려
haetn1m | 2024-12-16 | 저 귤 한박스 처리 가능한사람이니까 이거 꼭 만들어볼게요😍
sovely.5 | 2024-12-16 | 금발 ㄱㅇㅃ
_mmlleook_ | 2024-12-16 | 거시기 알러지 앓으시고는 변신하셨
_mmlleook_ | 2024-12-16 | 타오르는 태양과도 같...
h_m.x10 | 2024-12-16 | 우와..🤭진짜 귤에서 빛나요..❤️예쁜데요? 히히 그나저나 머리색 이사장님한테 특이하니 잘어울리네요 ㅡㅋㅋ👏
jjiwoo.pyo.jj | 2024-12-16 | 제 플라스틱 쪼꼬미 식탁..저거 하다가 빵꾸 뚫렸어요ㅠ
z._.xin1661 | 2024-12-16 | 신기하다!
ruru_645 | 2024-12-16 | 우와! 머리 너무 잘 어울려요 이사장님!!😍😍
choiyena013 | 2024-12-16 | 염색한줄알았어요 그레도 이뻐서다행이네욤
gogizooa | 2024-12-16 | 금발하셔도 되겠어요 이사장 is 뭔들~(이라고 말하면 틀인가요..)
hong_subin1442 | 2024-12-17 | 운니 젼언니 레시피로 오징어,토마토슬러쉬 만들어주세요 아그러면 구취는 못하겠다
shin_jioh1107 | 2024-12-17 | 책상 괜찮나?
oh_hong_oh | 2024-12-17 | 뭐야 또 미모로 팔로워 늘리는 계정인가보다 하고 지나칠랬는데 다시 보니 얼굴이 익숙했다
uouv330 | 2024-12-17 | 바닥 괜찮나요😮😮
lovelyluna_91_ | 2024-12-17 | 말리지 않으면!!! 한박스 먹어옹😢
study_chosil | 2024-12-17 | 진짜예뻐요
se.oyeon7301 | 2024-12-17 | 어우 눈이아프다
yunseo_021 | 2024-12-17 | 우와 가발
woo_seok1010 | 2024-12-19 | 탈색머리 엄청 잘어울리심
477gram | 2024-12-20 | ㅋㅋㅋㅋㅋ 뭐여? 끝난겨? 귤먹고 머리까지 노란데도 이쁘네 에이씨~
gerbok12 | 2024-12-21 | 테이블 다 망가졌을 듯
_be_virtuous | 2024-12-26 | 귀엽다 ㅎㅎ❤️
boggeunang | 2024-12-30 | 탈색머리 진짜 예쁘세요 ,, 😻
x2_.0n | 2025-01-02 | 근데 진자 이뿌다...
j_hyks._.13 | 2025-01-03 | 음 이사장님 어디있어요?
anna.ceri9 | 2025-01-05 | 지짜예쁘당"
2024-12-15,1508,"크리스마스 마켓 다녀옴-❤️‍🔥 (근데 이제 트리 앞에서 사진 찍으려면 30분 줄 서야 하는) 여기 진짜 사람들 미어 터지거든요? 물론 그 사람속에 나도 포함 근데 사진찍기 좋음..왜냐면 이곳저곳 트리에 소품에 크리스마스 분위기로 눈 돌아감🫢(광고 아님) 경험자의 tip: 그냥 가시면 현장대기줄 있을 수 있으니깐 미리 예약 하시고 가세여! 2인 예약금이 만원인데, 입장하면 들어가서 쓸 수 있는 쿠폰 줘서 간식 사먹고 왔어요 ㅎㅅㅎ 수정됨 · 32주","#롯데타워, #샤롯데빌리지, #크리스마스마켓","hiskyhi | 2024-12-15 | 누가 이러케 예뽀나
kellyfornia_c | 2024-12-15 | 와 이번 사진들 넘넘 이뻐용😍😍😍 러블리❤️
4catdc | 2024-12-18 | 언니옷 너무예쁘당♡
bellaella_s2 | 2024-12-15 | 제 크룽지도 있나요?😮
djdjiwoxnxnshakxldkqnznxnwkxkx | 2024-12-15 | 이 언니 길쭉하다니깐
teanyer | 2024-12-15 | 이 사진에 보정이 없다니!!
eh._.yjw | 2024-12-15 | 언니 개이뻐요!!!!!!
mine______a | 2024-12-15 | 이사장님 너무 예부요ㅠ
jenny120617 | 2024-12-15 | 티셔츠가 지나치게 오버핏이네요 ㅎ
eun.park.ji | 2024-12-15 | 너무 이쁜뎅!!!!❤
sgm_xwiko | 2024-12-15 | 아니 뭐야 왤케 예뿌세요
yeseul0410 | 2024-12-15 | 언니 코디 짱 잘어울려요❤️
xvcyuuuk | 2024-12-15 | 진짜 너무예뻐요!!!!!!!!!!당장갈래
jjiwoo.pyo.jj | 2024-12-15 | 언니 첫사진 치마 머야 따땃하게 입고 댕겨요😍
superzombiestar | 2024-12-15 | 예뻐요 귀여워요
lovelyluna_91_ | 2024-12-15 | 겨울이당 이사장님 코트 넘이쁘ㅜㅜㅡ
ara.byeol_ | 2024-12-15 | 진챠 넘무 이뿌네.. 언니 자체가 크리스마스야..❤️💚
haetn1m | 2024-12-15 | 이런 사진들 자주올려주세요😍
studyingflow_37 | 2024-12-15 | 존예
beti1963co | 2024-12-15 | 여신 그잡채 너무 샤라랄 공쥬자나ㅠㅠㅠ 너무 귀엽자나ㅜㅜㅜ크리스마스에 라이브...큼큼..
frog001213 | 2024-12-15 | 무에요?? 왤케 이뽀요????
_berryjamjam | 2024-12-16 | 존예❤️
0782._.l3 | 2024-12-16 | ❤️❤️
z._.xin1661 | 2024-12-16 | 진짜 이쁘시다....
mins__83 | 2024-12-16 | 이사장~~ 넘이쁘당😍🥰
yx.0n1x | 2024-12-16 | 언니 너무 귀여우세요 ㅠㅜㅠㅠㅠㅠㅠㅜㅜㅜㅜ
anwodoxx | 2024-12-16 | 이사장니임 너무 예뻐효ㅠㅠㅠㅠㅠ❤️❤️
baby2723 | 2024-12-16 | 모델이야~~!?
seohee121219 | 2024-12-16 | 언니 혼자갔어??
lucky_eldy2 | 2024-12-16 | 언니 왜이렇게 예뻐요...❤️
chris11052024 | 2024-12-18 | 아니 이사장님 아닌줄...이러시면 나 멀어저요...
staydaeun | 2024-12-22 | 우와ㅏ진짜코디잘맞추셨어용 이쁘댜
_jxn715 | 2025-01-14 | 고딩같아ㅏㅏ"
2024-12-10,1.6만,식품개발직 경력을…여기에 쓴다☺️ 하하하하하하하 근데 리본캔디 꽤나 잘만든 것 같아서 만족 이거 크리스마스 색감이랑 너무 찰떡이죠 이제 곧 크리스마스인데 다들 계획이 있으신가요? 32주,"#리본캔디, #베이킹","xvcyuuuk | 2024-12-10 | 모양 너무 예브다 뭐야 화면에서 그대로 꺼낸 줄 알앗어욬ㅋㅋㅋㅋㅋ
hana.9548 | 2024-12-10 | 정말 대단하세요~~ 정말 리본 캔디인데요~~ 😍😍😍😍
hyoeun._.719 | 2024-12-10 | 진짜로 많은 분들이 리본 캔디를 만드는 것을 봤지만 이렇게나 이쁘게 잘 만드신건 처음봐요!! 역시 이사장님👍
yeseul0410 | 2024-12-10 | 저 예전에 대왕 막대사탕 만드신거 너무 재미있어서 계속 돌려보고 있어요!이번꺼도 역시 👏
hhhminjung | 2024-12-10 | 대단하세요😍늘 잘 보고 있습니닷!!
jjye_ong_v.v | 2024-12-11 | 사신거 아니구요??? 와...진짜 능력자..👏👏
cherry150624 | 2024-12-10 | 우리 속인 줄 알았잖아요😭😭 너무 예뻐😍
y3_jhshrh | 2024-12-10 | 어머 왤케 잘만들어유 신기 ㅋㅋㅋ
se._ola12 | 2024-12-10 | 겁나 비슷하넹😂😍
season2_ook | 2024-12-30 | 저 아세요?
kc20141018 | 2024-12-11 | 대단해요~~~~!!
hyeon.jeong_1234 | 2024-12-10 | 빨리왓땅ㅇ
k.1_w1o0 | 2024-12-25 | 온도 재드림
from.jinhyuk | 2024-12-10 | 황금손이네
soul_jang | 2024-12-10 | 늘 볼때마다 느끼는거지만 손재주 쩔어
gi_uk.s | 2024-12-14 | ㄷㄷ
9408.yo | 2024-12-10 | 인정
lazyeonu | 2024-12-10 | 4빠
mingttogi | 2025-01-10 | @kkugi_
_mmlleook_ | 2024-12-10 | 보고 만드는건 진짜 인플루언서 중 최고일듯
catb.o.t | 2024-12-10 | 워우~~~~
00_yuym | 2024-12-10 | ㅋㅋㅋ진짜 재능충❤️
mcsrhmnmn | 2024-12-11 | 이번영상 졸귀ㅣㅣㅣㅣㅣㅣㅣ
gimdaeun7523 | 2024-12-11 | 자린고비 유튜버ㅋㅋ
lovelyluna_91_ | 2024-12-11 | 진짜 화면이랑 똑같이 예뻐욘👏
simdodam0612 | 2024-12-11 | 와 금손
suwan6327 | 2024-12-12 | 와..저산줄알았어요🔥
yumyounge | 2024-12-13 | 와 뭐죠?? 팔아도 되겠어요
jeonghyeon986980 | 2024-12-13 | 진쯔 파는거같이 이쁘게 잘만드시네요~~~
won.ji_ | 2024-12-15 | 우와 이걸 만들다니 금손👏
cookedby_leolee | 2024-12-15 | 와 이걸 집에서…🔥🔥🔥🔥🔥
strong_midol | 2024-12-16 | 와 진쨔 금손 개부럽😍 어느순간 완제품 뚝딱❤️ 파는건쥴 알았어요!
baby_______y | 2024-12-16 | @angryhwang
ar_xx_i | 2024-12-16 | 우아… 금손이시네요
madhuripawar_15 | 2024-12-18 | 😍
tyas_thea_ | 2024-12-19 | Keren 🔥
h_agye.ou | 2024-12-19 | 너무 예쁘게 잘만드셨네요 손재주 굿~~~
kami__lahh | 2024-12-20 | @mursyidzon
kmynso14 | 2024-12-21 | 와 ...! 흑백요리사에 나가서 통과 할겄 같아여..!🥳
jeongjiweon4337 | 2024-12-24 | 와 진짜 똑같은데?
kanghyojeong0410 | 2024-12-29 | 진짜잘만들었어요!!
yuna130112 | 2024-12-31 | 헛❤️ 파는거랑 다를게 없어요😍 모양도 진짜 똑같음 ㅋㅋㅋ 젼언니님 거랑 비교 해 보면ㅋㅋㅋㅋㅋ
dgggugygduhugu | 2025-01-01 | 언니 너무 대단한데요
dgggugygduhugu | 2025-01-01 | 손재주가 아주 굿 굿
gimtaeyeon676 | 2025-01-01 | 난 리드체조 국가대표 인듀
jiwxo_1 | 2025-01-01 | 대왕으로 만들어주실수 있나요??ㅋㅋㅋㅋ
lv89_s | 2025-01-02 | @jm_hs_hr
hapbbbi2 | 2025-01-04 | 좋아툥9999❤️
ihyoju659 | 2025-01-08 | 찐인줄 알았어요!!
jay.ssam | 2025-01-09 | 비율 알려주세요
ju840502 | 2025-01-17 | 금손....
halohalo5723 | 2025-01-19 | 재능미쳤다
dazzling_s_h_ | 2025-01-20 | 와 금손이시다 👏
singiug16 | 2025-01-24 | 내 이름 기욱인데;;
goqkfkrl2756 | 2025-01-25 | 손재주 디져브노
s3_gokuhaku | 2025-01-25 | 금손❤️❤️❤️❤️❤️
chaea_0209 | 2025-02-05 | 달콤살범속마음레시피 잘밨어용
eoeo.22222 | 2025-02-05 | 😮
jeongeun0113 | 2025-02-16 | 못만드는게머에요?👏
seo_4504 | 2025-02-24 | 파는것처럼예쁘게만드셨네요
seunghyeon4575 | 2025-03-08 | 외국인이 먹는거 사온건줄알았네 도플갱어인줄 ㅋ😂😂"
2024-12-09,4786,아니 진짜 해외에서 피클을 이렇게 먹더라니깐요??? 이정도면 해외에서 나 몰카하는거 아니냐구 32주,"#피클, #라즈베리피클","tztono_.u._ | 2024-12-09 | 혹시 찍다가 현타가 와서 정신 나가셨나요??왜 피클한테 베이비....ㅋㅋ
z._.xin1661 | 2024-12-09 | 으악 진짜 젼언니 대단하신거 같아요ㅋㅋ
lee.juhye | 2024-12-10 | 젼언니 좋아하는건데 이거😂😂😂
shaneeeee_hk | 2025-01-11 | 아처음으로 으으~~ 이러면서봤어욬ㅋㅋㅋ 고생하셨어요
xvcyuuuk | 2024-12-09 | 으악ㅋㅋㅋㅋㅋ보기만해도 침나와요 비주얼부터. 어떻게 저러나욬ㅋㅋㅋㅋ
jjye_ong_v.v | 2024-12-10 | 진짜 유튜버 쇼츠 릴스 만드는 사람들 전 대단한 것 같아요..돈 준다그래도 맛잇는거에 진심이라..ㅠ
with_miinii | 2024-12-09 | 으~~보는데 내가 먹는듯한 착각😂
hasori0512 | 2024-12-22 | 와 공사장 asmr 먹방유튜브 생각나요
jin_yeong02.17 | 2024-12-10 | 아니왜 이뻐지시는데요? 점점 왜이쁘냐구요 자꾸 👍👍👍👍👍👍😆😆
off__02102 | 2024-12-11 | 이사장님 예뻐지셧서요 🥺🤎
z._.xin1661 | 2024-12-14 | 위에서 주무시는 귀여운 주인님ㅋㅋ
ourstorim | 2024-12-09 | 고문기구 아니야?ㅋㅋㅋㅌ 어쨐ㅋㅋㅋ🤣🤣
sebyuk._.02 | 2024-12-09 | 아니 저 마이크 대역의 국자..? 는 뭡니까 ㅋㅋㅠ
hoon_pyo | 2024-12-09 | 표정이ㅎㅎㅎ 딸이랑 같이 보다가 빵~ 터졌습니다ㅎ😂
face.four.free | 2024-12-09 | 엄청난 괴식이네여(?) ㅋㅋㅋㅋ
soul_jang | 2024-12-09 | 아 너무 웃겨 ㅋㅋㅋㅋㅋㅋㅋㅋ
sx.ain12 | 2024-12-15 | 시팤ㅋㅋㅋㅋ 겁나 웃음
dasom__0707 | 2025-01-22 | 뒤에 냥이넘귀엽쟈냐 😍😍
sea_pearl.09 | 2024-12-10 | 숟가락 마이크로 쓰는거 개웃기넼ㅋㅋ
chill_haza | 2024-12-09 | ㅋㅋㅋㅋㅋㅋㅋㅋㅋㅋㅋ개웃기네 ㅋㅋㅋㅋㅋㅋㅋㅋ
js.son.kor | 2024-12-10 | 미국음식은 기본 3요소 1짜다 2치즈 3 플라스틱 색소
yuririder | 2024-12-11 | 😧우엑...
yeseul0410 | 2024-12-09 | 데이비드 ㅋㅋ 너무 웃겨요
bellra0204 | 2024-12-10 | 언니 손.....
ttottiyou | 2024-12-11 | 불쌍해보여요ㅋㅋㅋㅋㅠㅠㅠㅠㅠ
helgamayang | 2025-01-01 | the music...
va_yzz | 2025-01-03 | Pen nyoba ih
seo_u.12 | 2025-01-10 | 데이비드....
6xnzh.3 | 2025-01-11 | 청포묵 와라비모찌5
ddong_tting | 2025-01-18 | 씨파..
melaniejungmin | 2025-01-21 | 소금식초 감자칩같은 거에요.ㅋ 첨엔 냄새에도 놀래고 맛에 또한번 놀래는거요.ㅋㅋㅋㅋ
hong_j._.k | 2025-03-12 | 데이비드 난데..저를 먹었네요😥
mango48252 | 2025-03-14 | 씨파ㅋㅋㅋ
credi_nei_tuoi.sogni | 2025-04-02 | I'm genuinely sad she found the absolute worst foods from the US and ate them. Babe, only some teens eat that. It's so salty and unhealthy for you, I genuinely don't know why my country continues to make those items. Take a probiotic and forget that ""snack"" ever happened 😂❤️
k_sly.z | 2025-04-11 | 씨(가)파(란색)ㅋㅋㅋㅋㅋㅋ
jisun50 | 2025-04-19 | 데...데이비드...?
diabe3243 | 2025-05-16 | 피클 캐릭터가 퉁퉁퉁 사후르 닮은거 같은데??
myday5582 | 2025-05-21 | 혈당스파이크네ㅋㅋ
eunjeong3402 | 2025-07-26 | 이쁜데 털털 이게 먹키제👏👏👏"
2024-12-08,4827,"바닷가에서 불 없이 라면 먹는 방법? ❓문제: ’CU‘와 ’나비엔‘이 콜라보해서 만든 라면이며 불도, 심지어는 뜨거운 물도 필요없이 먹을 수 있는 라면의 이름은? ❗️정답: 나비엔 ’보일라면‘ (보일라면은 CU 매장에서 구매 가능합니다!) 33주","#광고, #경동나비엔, #나비엔보일라면, #보일라면","jing3774 | 2024-12-10 | 요 ~~~~ (*°▽°*)
ca.cajun | 2025-02-04 | 어?남자손?
yeseul0410 | 2024-12-08 | 이사장님 먹방 대박!!
hk2luv | 2024-12-10 | 하 나 이언니 너무 좋아ㅋㅋ 말 너무 재밌어ㅋㅋㅋ
s_y0._xn | 2024-12-11 | 우와~😲😲😲
chseoo_junnn | 2024-12-09 | 흑백요리사2나온다는데 이 이쁜누나 진짜 나오면 1등각인데😍😍😍😍😍😍😍😍
gyeong_rae88 | 2024-12-09 | 꼭 먹어보고싶네요😂
wonakakqnqn | 2024-12-08 | 어제인클이엇져
namjujin | 2024-12-09 | 땔감ㅋㅋㅋㅋㅋㅋㅋㅋㅋ👏👏
seo_jun0518 | 2025-01-27 | 보일러 라면 먹다가 안에 있는 팩 안 까고 먹어서 라면 더 불고 나중에 알아서 먹음 😂
eyeoh_love | 2024-12-22 | 대박아이디어
lovelyluna_91_ | 2024-12-08 | 새우를 미끼로 끼면 5분이내에 물고기옵니다 -백일도 바다낚시 아저씨께 미끼 얻어서 5마리 잡은 경험자😮
tjdrb0913 | 2024-12-08 | 널 땔깜으로 쓰면 되니깤ㅋㅋㅋㅋㅋㅋㅋ
mjmixdj | 2024-12-10 | 할머니댁에 하나 놔드려야겠네
sy88style | 2024-12-16 | @dooki.kim 이거좋댜
syhan486 | 2024-12-11 | @901211s
ssh.cji | 2024-12-09 | @seongsunyoung93
myeongsun.yeo | 2024-12-27 | 가격은 좀비쌀듯하내요
놀러갈때 좋겠내요 ㅎㅎ
ljdwhd | 2025-01-06 | 10초 아님 10분임..과장광고네
myeongsun.yeo | 2024-12-27 | 가격이 너무비싼데요
ianyun_.12 | 2024-12-08 | 학교 과학시간에 배우는 원리가 그건데 알류미늄이랑 코퍼랑 소금이 섞기면 열이 올라요
sbjunn | 2024-12-12 | 해초 잡았는대 해초를 안넣다니
winsome_jy07 | 2024-12-09 | @0.hunn 오신기해 ㅋㅋㅋㅋ사줘
bee24h | 2025-01-01 | 이......라면은 좀........
ch0966 | 2025-01-07 | 버너 쓰세요
ceolho71 | 2024-12-17 | 물이 없다면? 요건 제가 특허낼 거니까 시도하지 마셈 ㅎ
gjcndsud11 | 2024-12-09 | @_ggyu_b
sam_heo0128 | 2024-12-09 | 난 퍼진면 좋아하는데 면이 너무 덜익었누
yeun1_7 | 2024-12-10 | @dh_yulpapa
damhxn_ | 2025-01-21 | 지는 가져온거 ㅈ도 없으면서 널 땔깜으로 쓰면 되니까 이 ㅈㄹ
angreu7150 | 2024-12-10 | 5500 원 두개 11,000원 😢"
2024-12-07,5174,"제 나이가 짐작 가시나욬ㅋㅋㅋㅋㅋㅋ 제가 동네 문방구 사장님들 사이에서 유명한 아이였습니다 문방구 간식 vvip였거든요. 아니 나 숏다리 2500원에 파는거 보고 뒤집어질 뻔 했잖아 라떼는 말야 500원 들고 나가면 그날 파티인거야~ 제 최애간식은, 사실 여기엔 없지만 ‘차카니’였습니다✨ 여러분들의 최애 간식은 무엇인가요? 33주","#문방구간식, #간식, #간식추천","piece_of_bk | 2024-12-07 | 차카니 맛있죠..!!아니 근데 이사장님...동안이신건지...(그래도 저보다는 어리실것이라 추정)
xvcyuuuk | 2024-12-07 | 헉 저랑 동년배엿다닠ㅋㅋㅋㅋㅋㅋ당연히 어리다고 생각했네요 저는 그 매운쥐포에 소세지..
216jeon | 2024-12-07 | 저는 차카니랑 맥주사탕이 최앱니다,,,,,🤭🤭🤭
dududuuuuu0 | 2024-12-07 | 오늘 화장 너무 이쁘다 ㄹㅈㄷ
pm4m1 | 2024-12-07 | 우왘ㅋㅋㅋㅋㅋ 쿠팡 별걸 다파네... 그래서 이사장님 나이는요 05년생이요🩵🩵
happy_lovely1003 | 2024-12-08 | 피져도...테이프도....손바닥캔디도...페인트사탕도...생각나는 80년대생임니당...추억의 간식이네요...ㅋㅋㅋ아폴로도 기술적으로 빼먹었다는..ㅋㅋㅋ
seulgi_aaa | 2024-12-08 | 피쮸쨩이라니... 피져가 원조 아니냐구요😂
bagjaeweon308 | 2025-01-19 | 나 13살인데 왜 다알고 있지??ㅋㅋㅋㅋ
face.four.free | 2024-12-07 | 추억의 간식들이구만요..아폴로 한번에 다 씹고 뱉기..후후 논두렁 최애였슴다...
cheawon_0809 | 2024-12-07 | 초딩때 아폴로 저도 그렇게 먹었는데!!! 지금나오는건 되긴 한데 엄청난 빨아들임 힘(?)이 필요해요 ㅋㅋㅋㅋ
alrolrolro | 2024-12-11 | 피져 아는 사람 ✋🏻
sss100_mom | 2024-12-07 | 요즘 아폴로는 깔끔하게 먹어지는게 안되더라구요.. ㅠㅠ
z._.xin1661 | 2024-12-07 | 이사장님 오브라이트 아세요? 아시면 만들어 주세오!
wlmin_._._0o0 | 2024-12-07 | 자야 존맛 ㅜㅜㅜㅜㅜ
ayeon_go2 | 2024-12-10 | 왜 난 아는게 많이 없지....
joondell417428 | 2024-12-17 | 사장님 저랑 나이 비슷할듯ㅋㅋㅋ 90 년생 입니당ㅋㅋ
disfbkes | 2024-12-07 | 아폴로 저렇게 안작지 않았나요?
_you_and_i_together_ | 2024-12-07 | 처음 에낙 말하신건가요?
m_pool99 | 2024-12-07 | 몇년생 이신가요?
yeseul0410 | 2024-12-07 | 언니 진짜 오늘 더 예뻐보여❤️
ylcarlson | 2024-12-08 | 논두렁이에요? 전 밭두렁인줄!
jsso__young | 2024-12-08 | 7개
hyimanggori | 2024-12-08 | 연탄불에 구워주던 분홍색 설탕 얇은 쫀듸기 생각난다 불에 살짝 구우면 설탕이 녹아서 더 맛있었는데 {간식이름 생각안남}
y___jeans | 2024-12-08 | 저거 아폴로가아니라 아팟치가 레전드엿는데
leehun1005 | 2024-12-08 | 저 10살인데 다알아요
z__xnv_7 | 2024-12-08 | 난 아폴로 물어서 먹기도 귀찮아서 아예 입에넣고 씹음
a_n2.244 | 2024-12-09 | 논두렁 한웅큼 입에넣고 짭짤한거만 빨아먹고 후두두두두두 날렸었는데...
a_hee.story | 2024-12-09 | 휘파람도 나오고 눈도 나오고요😍ㅋㅋㅋ
shy__shy86 | 2024-12-09 | 테이프처럼 생긴 과자?? 도 있었고 문어발도 팔았는데.. 😂😂
y_uzix | 2024-12-09 | 저거 손바닥 사탕 팔란거 맛있는데
2_oror | 2024-12-09 | .....티그레톤 아시냐구여 ㅋㅋㅋㅋㅋㅌ 뭐냐고 묻다가 이름찾아옴ㅋ.ㅋ
ekaqlek0 | 2024-12-10 | 저는 그 포도맛 같은 건데 딱딱한데 씹으면 말랑해지는 재미있는 식감 이었던 거 좋아했는데 이름이 기억 안나요^^.... 30년 전....
yumi8509 | 2024-12-11 | 옛날엔 더더 새콤한 과일맛 피져 있어영ㅋ 포도가 제일 맛있었던 기억이요~~ㅋ 그리고 옛날 아폴로는 좀더 단맛이 강했고 비비면 더 쑥 나왔는데 좀 바뀐거같아요ㅠ
res23257 | 2024-12-11 | 만원 비싸다..
woo95.11.28 | 2024-12-12 | 옛날맛 하나도 없어졌어요
hebe_w.d | 2024-12-12 | 꾀돌이는 왜 없지...
binnana_kick | 2024-12-15 | @so.0e 피츄짱 ,,,,서랍에 가득 했는디..
dwowns_10 | 2024-12-28 | 논뚜렁은 학교 수업시간때 책상밑에서 쌤 몰래먹어야 맛있었는데
6xnzh.3 | 2025-01-11 | 청포묵 와라비모찌 3트
leeyeohjih | 2025-01-22 | 7개
_cmgj_ | 2025-03-24 | 아폴로 끝에 살짝 먹어주고나서 빨아먹어야 쏙 나와용!"
2024-12-06,9만,"‘불금’ 뜻=’불닭팽이쌈 먹는 금요일’인거 아시죠??? (얼른 레시피 저장하십쇼.) 금요일 저녁에 이거 만들어서 맥주 한 잔이랑 걸치잖아요? 금요일을 2배로 더 행복하게 즐기실 수 있습니다. (확신) [재료] -1인분 : 라이스 페이퍼 5~10장, 팽이버섯 2개, 양념장(다진마늘 1큰술, 불닭소스 3큰술, 고추장 1큰술, 물엿 3큰술, 깨 1/2큰술 ) [만드는 법] 1. 팽이버섯의 밑둥을 자른 후 기름에 굽는다. (여기서 버섯이 완전히 익어야 해요. 덜익었을 때 양념장을 넣으면 버섯이 쪼그라들어요.) 2. 버섯이 노릇해졌을 때 양념장을 발라서 살짝 더 굽는다. 3. 라이스페이퍼를 찬물에 적신 후 불닭팽이를 넣고 말아준다. 4. (이렇게만 먹어도 정말 맛있다. 여기서 부터는 취향껏!) 불닭팽이쌈을 기름에 살짝 구운 후 남은 양념장을 발라서 살짝 더 굽는다. 5. 이 상태로 맥주랑 같이 먹으면 불금(불닭팽이쌈을 먹는 금요일) 완성 ❤️집에서 만들어 주신 분들은.. 글에 저를 태그해 주시면 놀러갈게용❤️ 33주","#불금, #불닭팽이쌈, #간식, #야식, #레시피, #요리","5368.5368 | 2024-12-06 | ㅋㅋㅋ 이거보고 매일 팽이버섯 두봉다리씩 굽는 엄마 됐습니다
m1nx1 | 2024-12-07 | 혹시 매운 거 못드시는 분들은 팽이버섯에 <굴소스1 참치액1> 넣어 볶아드셔도 맛있습니다•• 기호에따라 양배추 채썰어서 볶아줘도 존맛탱 ,,,,
h_m.x10 | 2024-12-06 | 저도 저거 완전 좋아하는데..🤤진짜 소리도 좋고 진심 맛있어요!!
p.j.s82 | 2024-12-06 | 너무 목소리가 매력적입니다. 진짜에요🤭
nulicook | 2025-01-08 | 아....ㅋㅋㅋㅋㅋㅋ5번쨰 보러왔는데 보면서도 또 군침삼켰어욬ㅋㅋㅋ
liwoo_foodie | 2024-12-06 | 너무 귀엽다….❤️
2738wna | 2024-12-06 | 맛있게 드시네요 근데 팽이 버섯은 똥으로 그대로 나와서불편해요 보는걸로 만족해야겠습니다 ㅠㅠ
ye_eun1407 | 2024-12-06 | 1빠! 만들어 봐야겠어요오😍
issochoi | 2025-01-19 | 배운사람..
z._.xin1661 | 2024-12-06 | 레전드 영상 또다시 탄생하나?
rin_jun_mama | 2025-01-05 | @rin_jun_.papa 이거 먹어보쟈😢
luv_jin_s | 2025-01-09 | @qkrsh_ 이걸맹들쟈!!!!
k___iseul | 2025-01-13 | @yeon_je00 담에 언니가 해줘 언니네서 먹자
emily_lee_94 | 2024-12-08 | @seung_gyu.j
ready_4day | 2025-04-21 | @kshs10621 와입에서 침이 줄줄흐름
min.hye1997 | 2024-12-06 | @sun_jae_96 패링이
xvcyuuuk | 2024-12-06 | 이거 만들어먹고싶어서 빨리 퇴근해야겠어요..
seul_lee_97 | 2024-12-31 | @heekeon_k 침고인다
tjdrb0913 | 2024-12-06 | 불금의 새로운 정의네요 진짜 불닭팽이쌈은 레전드🔥🔥
hyoeun._.719 | 2024-12-06 | 불금이 불닭팽이 쌈 먹는 금요일이라뇨ㅋㅋㅋㅋㅋ 불닭팽이 쌈 영상이 진짜 레전드긴 했죠,,, 어우 침나와 얼른 침 닦고 올게요
znu________ | 2025-01-15 | 와
xminkyungx | 2024-12-07 | @se_ohaa 침 나와 하
daqlzufk11 | 2024-12-06 | 맛있겠다 진짜..!!
tmf__rl | 2025-04-29 | @i.hangwi
teamokashii | 2024-12-29 | 엄청예뻐졋다
eunyoung.yi | 2024-12-07 | 맵찔이라 눈으로만 보는............
annjun_yeon | 2025-01-07 | 👏맛있겠다😍
annjun_yeon | 2025-01-07 | ㄹㅈㄷ 👏😍
eunchippoyong | 2024-12-07 | 장어요 <<이거 뻘하게웃겨ㅜㅠ
super__rim | 2025-01-15 | 어우야해
1109_sy | 2025-01-02 | @__naunni 나이거하는중임
kx.j5u | 2025-01-28 | ㅅㅂ 이 누나 안본 사이에 왜 이렇게 예뻐졌어
choda._.n2 | 2024-12-07 | 나도 해먹어 봐야겠네
yuix_as | 2024-12-07 | 이사장님! 처음 요청해 봅니다ㅎ 돌볶음 해주세요!!
ju_migyo | 2024-12-07 | 매워보여요 ~~그래도 맛나보이네요
kh.__.leeee | 2024-12-07 | @sh.__.yooon 이거해죠!
nunbamnunbam | 2024-12-07 | 안씻어도 되나요?
dahye._.8970 | 2024-12-08 | 헐.. 언니 더 예뻐지셨어요
arem_141822 | 2024-12-08 | @sxhxxzzz 나이거해줘
coehyeontae72 | 2024-12-08 | 우와 맛있겠다
newbreedjlee | 2024-12-08 | 넘 귀여워여…
a._.youg | 2024-12-09 | 맵찔이라서 못먹겠다🥹
e_.b._08 | 2024-12-09 | 언니 팔에 상처가 왤케 마나요
jinsoooosnij | 2024-12-09 | 이모 머리기르고 염색했네!!🔥
i.__.an | 2024-12-09 | @tkddus1557
cho.xha1 | 2024-12-09 | 언니 팔 언제 글켰어?아프겠다ㅠ
no.y2_ | 2024-12-09 | 와 미친 왤케 이뻐지심..
pwangko_s | 2024-12-10 | 네…? 이사장 맞으시오..? 언제 염색한거얔ㅋㅋㅋ
joung_yunjin | 2024-12-11 | 꼭꼭 씹어드세요 안그러면 응가하고 그대로나온 버섯을볼수있어요 저도알고싶지않았어요🙄🙄🙄🙄
to_tori1004 | 2024-12-12 | 마싯겟다요
zzooya | 2024-12-12 | 립스틱 정보 알수있을까요?
me_youfollow0602 | 2024-12-15 | 링곱창… 다시 해주세요
zzzzz0522 | 2024-12-20 | 이거 쌈할때 양배추 채 썰어서 같이 넣어먹으면 진짜 개맛도리
ysysys.ys | 2024-12-20 | @di280448
2e0e20 | 2024-12-23 | 이거랑 같이 먹을 음식 추천좀 해주새여
ogguseul1038 | 2024-12-23 | 아우 엄청짤것같음
jung_hee88_ | 2024-12-24 | 라이스페이퍼끼리 안붙어요?
h0ly._.3pirrrrrit | 2024-12-25 | @hyunii_l 이거 만들어줘
_o8xxun | 2024-12-26 | 오랜만에 봤는데 왜케 예뻐짐???
yong_0624 | 2024-12-29 | @6i5._.gggg
nnsecondlife | 2024-12-29 | 언니오늘이거레시피그대로따라해서만들엇는데너무행복한하루가되엏어요감사해요언니🙌🙌
seojeong__98 | 2024-12-30 | 이사람... 하버드다....
thousand_sukyung | 2024-12-31 | 언니 너무 맛잘알이다...
jjung______e | 2025-01-01 | @824.032_ 맛있겠다,,,
kh_12.21 | 2025-01-01 | @ej_07.09 이건 해먹어봐야댄다
jh__.93 | 2025-01-04 | @yallusinnanda 해죠 안맵게
hyun_ju_1995 | 2025-01-05 | 님들 이거 먹으면 배 안 아픈가요?
duho__.k | 2025-01-05 | @boreeumma
kim_2seul | 2025-01-05 | @feel___9 이고
thddmswl0821 | 2025-01-07 | @dlgmlcjf0821
iamsini_ | 2025-01-07 | @minggu_zzang 나 니가 불닭쌈 얘기할때 진짜 이해 1도 안갔는데 이거 졸라 멋구ㅛㅣㅍ다
chaaaan0618 | 2025-01-08 | 져쟝
6xnzh.3 | 2025-01-11 | 청포묵 와라비모찌 2트
tjgml_wl | 2025-01-13 | 저거 마라소스로 해도 맛있을거 같아욤
retol438 | 2025-01-14 | ㅘ 맛있겠다..흠..다이어트 하는디..망했다..
1077minju | 2025-01-15 | 👏👏
1108_extremediet | 2025-01-16 | 언니 근데 저는 팽이버섯에서 물이 나와서 노릇하게 구워지지가 않아여 어떡하져?
mindung12 | 2025-01-19 | @park_chan_109 이거에요오오오~!!!
1004._.ddiyong | 2025-01-20 | @twins__95__
jjin12151215 | 2025-01-23 | @woochan3662 우리이거꼭하자...
01.09_ry | 2025-01-27 | @03.01_h.m 맛있낭?
min.i.i.i | 2025-01-27 | @chan.e94
s.jun_13 | 2025-02-05 | 지금 새벽 4신데ㅜ
sx._1yun3 | 2025-02-10 | 와 침고여요…5
hyun_dai___ | 2025-02-13 | @yang_key___ 이거ㅠ먹자!!😂
bbang__bbi | 2025-02-19 | @nnnnnichia_
surf_laugh | 2025-02-20 | @x.eo_lo_s2
ye_sseo102030 | 2025-02-26 | 팽이버섯 안 씻어서 먹어도 돼뇨??
yoonh_95 | 2025-03-05 | @jinuuuuu4125
sol_sol_208 | 2025-03-05 | 살 안찌는 비결 좀 ..운동하시나여ㅜ
sky3382 | 2025-03-11 | '장어요'에서 퐐로 누름ㅋㅋㅋㅋㅋ
tweak_doll | 2025-03-15 | 근데 단점이...
팽이버섯 먹고 나면은 이빨사이에 다 껴서 빼기가 힘들어여..
특히 안쪽에 꼈을 때
__jjih | 2025-03-20 | @paksa200
aaseulki__ | 2025-03-20 | @nsb2nsb 오빠 일요일에 이거 먹자 진짜 내 소원이야 함범만해쥬라 제발
blackpig.o_o | 2025-03-20 | 개맜있겠다
jxw0n_20 | 2025-03-21 | 엥 이사장 왜 이렇게 이뻐짐?
joeun1227 | 2025-03-26 | 황우슬혜 느낌!
gomennesasirangomen | 2025-03-31 | 하…ㅋㅋㅋㅋㅋ 장어요
h2.juuuuuu | 2025-04-01 | 와 내일 해먹어여지
lucete_hs | 2025-04-11 | @lovehap_mina 아씨 또 먹고싶다"
2024-12-08,5464,"청포묵 가루로 만든 푸딩 보신 분?! 와 이거 젤라틴 넣은 것 보다 더 맛있어요. 나 완전 이거 만들려고 조리전공 했자나 <푸딩 반죽> 재료: 청포묵 가루 1/2컵, 우유 4컵, 계란 4개,생크림 1/2컵,설탕 140g 1.달걀을 통째로 풀어준 후 설탕, 청포묵가루를 넣고 휘핑기로 섞어준다. 2.우유, 생크림을 넣고 섞은 후 약불에서 끓인다. 3.달걀찜처럼 몽글몽글해져도 당황하지 않고, 설탕시럽을 먼저 부어놓은 컵안에 반죽을 붓는다. 4.냉장고에서 차갑게 굳힌다. <설탕시럽> 설탕 80g 물 20g 따뜻한 물 20g 1. 설탕시럽, 물을 넣고 전자레인지에 30초씩 돌린다.(진한 갈색이 될 때 까지) 2. 설탕이 진한 갈색이 되면 꺼내서 뜨거운 물을 넣고 섞는다. 3. 컵에 설탕시럽을 붓는다. 수정됨 · 33주","#푸딩, #베이킹, #디저트",
2024-12-08,5464,"청포묵 가루로 만든 푸딩 보신 분?! 와 이거 젤라틴 넣은 것 보다 더 맛있어요. 나 완전 이거 만들려고 조리전공 했자나 <푸딩 반죽> 재료: 청포묵 가루 1/2컵, 우유 4컵, 계란 4개,생크림 1/2컵,설탕 140g 1.달걀을 통째로 풀어준 후 설탕, 청포묵가루를 넣고 휘핑기로 섞어준다. 2.우유, 생크림을 넣고 섞은 후 약불에서 끓인다. 3.달걀찜처럼 몽글몽글해져도 당황하지 않고, 설탕시럽을 먼저 부어놓은 컵안에 반죽을 붓는다. 4.냉장고에서 차갑게 굳힌다. <설탕시럽> 설탕 80g 물 20g 따뜻한 물 20g 1. 설탕시럽, 물을 넣고 전자레인지에 30초씩 돌린다.(진한 갈색이 될 때 까지) 2. 설탕이 진한 갈색이 되면 꺼내서 뜨거운 물을 넣고 섞는다. 3. 컵에 설탕시럽을 붓는다. 수정됨 · 33주","#푸딩, #베이킹, #디저트","216jeon | 2024-12-05 | 와 진짜 이런거 어떻게 뚝딱 만드시는거여요.....신기뱅기
p.j.s82 | 2024-12-05 | 너무 좋와요🤣
syy.yy51 | 2024-12-08 | 따라하려고 하는데 정말 맛있는 거 맞ㅈㅛ..?
chdus_0521 | 2024-12-07 | 언니!!오늘 완젼 이쁘당😍혹시 청포묵으로 라면 만들어줄수 있어요??
yeseul0410 | 2024-12-05 | 예전에 만드신 청포묵 버블티 생각나요 ㅋㅋ
p.j.s82 | 2024-12-05 | 목소리
xvcyuuuk | 2024-12-05 | 진짜 이사장님 아이디어 천재 !!!!!!!
tequila.boomboom.baby | 2024-12-05 | 청포묵가루 사러 갑니당....총총😍
whgurdnjs11 | 2024-12-06 | 청포묵으로 코하쿠토 가능한가요?ㅋㅋㅋ😂😂😂
cheri_5355 | 2024-12-06 | 청포묵으로 설곤약을 만들면 좋을지도?
jihyun_2014 | 2024-12-05 | 청포묵가루로 양갱만들어주세요
z._.xin1661 | 2024-12-05 | 청포묵으로 깍두기처럼 김치 만들어 주세영
h_dj152 | 2024-12-05 | 아프리카랑 한국을 순간이동으로 왔다갔다하는 사장님
gwagsehyi4 | 2024-12-13 | 젤리 만들어 주세여
sunyyya__ | 2024-12-07 | @imzzieun 청포묵 마니아
min1313ee | 2024-12-08 | 곤약으로도 푸팅해줘언니 ㅋㅋㅋ
luveenyu | 2024-12-06 | 초코무스케익 만들어주세요
_mmlleook_ | 2024-12-05 | 오오 좋다... 청포묵.. 그나저나 더 예쁘게 회복되셔서 다행입니다요🙌
play_eat_goe | 2024-12-05 | 설국열차 초반에 나온 단백질 블롣 만들어주세요
d0hy3_p | 2024-12-06 | 청포묵으로 타피오카펄...어때여?
whdkfk1 | 2024-12-06 | 청포묵 모델링팩 해주세요!!🤓
m_ixeo1121 | 2024-12-06 | 쌀국수 해주세요
ba._.seo_ | 2024-12-07 | 곤약젤리
res23257 | 2024-12-11 | 엄준식
sun_hi1334 | 2024-12-19 | 우와 대박인데요.. 해봐야겠다
eumnxz | 2024-12-19 | 청포묵가루로 딸기버블티 해져
s0.yxn3 | 2024-12-24 | 청포묵 버블티..?
kwon_seungyeon13 | 2024-12-25 | 청포묵으로 타피오카펄 가능한가요?
the_greatgoodplace | 2025-01-02 | 청포묵가루으로 레어치즈케이크도 되나요??
6xnzh.3 | 2025-01-11 | 청포묵으로 와라비모찌1트
sunil.__.5 | 2025-01-25 | 젤리하시죠
gimryeonga9 | 2025-01-29 | 청포묵 타피오카펄
cae._a0516 | 2025-02-11 | 곤약가루로 푸딩 해줘 섹시하고 다하는 이쁜언니😍
caeyun_823 | 2025-02-16 | 진짜젤라틴보다나은것같아요 ㅋㅋㅋㅋㅋㅋㅋㅋㅋ
heum93 | 2025-03-18 | 청포묵으로 올챙이국수같은거ㄱㄱ
wjdtlsskrks_dlftkd | 2025-04-06 | 쿠하쿠토
d.worldmeal | 2025-04-13 | 뭐야 뭘봐😂😂
yanghaeseong918 | 2025-05-22 | 청포묵 가루로 설곤약 아니면 그 예전에 어항젤리 한번더 해주세요😍😍"
2024-12-03,5995,"잠비아 가는 길에 두바이를 경유하더라구요?! 두바이 공항에서 나가지는 못하고,, 하염없이 구경하고 있었는데 눈에 딱 띈 두바이초콜릿 초콜릿이 많이 녹아서 기대를 안했는데 우선 한국의 편의점에서 파는 두바이초콜릿과 비교불가 -스프레드: 피스타치오 향이 참가된 화이트초콜릿이 아니라, 찐 피스타치오를 갈아서 만든 스프레드 맛! 인위적이지 않고 녹진한 견과류 맛이 뿜뿜 - 카다이프: 가끔 소면 튀긴 것 같은 딱딱한 무언가를 넣고 두바이 초콜릿이라고 하는 제품이 있는데, 이건 완전 카다이프 그 자체! 찐으로 알려진 제품은 아니지만, 충분히 괜찮은 맛이여서 두바이 공항에 경유하시는 분들께 추천! 33주","#두바이초콜릿, #간식추천, #간식","face.four.free | 2024-12-03 | 녹았지만 맛있으면 오케이..! 알러지ㅠㅠ 고생많으셨오요
xvcyuuuk | 2024-12-03 | 오 맛설명이 제가 직접 먹어본거 같이 느껴져욬ㅋㅋㅋㅋ이렇게 설명해주시니 더 먹어보고싶어요ㅠㅠ
h_m.x10 | 2024-12-16 | 우와 저도 먹어보고 싶네요❤️생긴건 저래도 맛있을거 같아요
jii4370 | 2024-12-03 | 정말 멋진 사람이군요...당신!!😍
yangyunseo29 | 2024-12-03 | 맛있겠다 꿀꺽.
joy._.100 | 2024-12-03 | 와 일등!
eomseoeun76 | 2024-12-05 | 안녕하세요.저는 선주중학교 1학년 학생입니다.저는지금 선플달기 운동에 참여하고 있습니다. 너무 예쁘세요. 힘내세요
yeseul0410 | 2024-12-03 | 알러지 너무 심하네요ㅠ
mins__83 | 2024-12-04 | 알러지 속상하네여ㅜ
soul_jang | 2024-12-03 | 얼굴 알러지는 나아졌나요?
hehee_o_ojini | 2024-12-03 | 두바이초콜렛 찬양하는 사람들 다른 피스타치오맛은 안 먹더라.. ㅋㅎㅋㅎㅋ
_mmlleook_ | 2024-12-04 | 너어 두바이초콜릿 제대로 걸렸구나아
ss_l__hyem | 2024-12-05 | @i._.yun_ 없도나 너윤"
2024-12-02,1.7만,"솔직히 이 소스면 보일링크랩, 보일링어니언 등등 다 해먹을 수 있다구! (레시피⬇︎) <보일링 어니언> 재료: 양파1개, 버터 1큰술, 소스(무염버터 20g, 올리브유 40g, 다진마늘 1큰술, 다진양파 1큰술, 올드베이 시즈닝 1작은술, 파프리카 가루 1/2큰술, 카이옌페퍼 1작은술, 레몬즙 1/2작은술, 설탕 1/2작은술, 후추 약간) <보일링 불닭 어니언> 재료:재료: 양파1개, 버터 1큰술, 소스(무염버터 20g, 올리브유 40g, 다진마늘 1큰술, 다진 양파 1큰술, 불닭소스 1~2큰술, 고춧가루 2작은술, 소금1/2작은술) -만드는 법- 1. 양파의 구덩이를 파낸 후 버터를 한큰술 채운다. 2. 쿠킹포일에 양파를 올린 후 소스를 듬뿍 뿌린 후 호일로 감싼다. 3. 오븐 또는 에어프라이어에서 200도에 45분 굽는다. 33주","#보일링어니언, #어니언보일, #보일링크랩, #레시피, #간식, #베이킹","nuri_03099 | 2024-12-03 | 전자레인지로는 안되나요ㅠ
hana.9548 | 2024-12-02 | 무엇이든 잘어울리는 불닭소스는 정말 최고인듯요😍😍😍
s_.xyeo | 2024-12-02 | 먹어보고 싶당😍😍그와중에 1빠다….😍
yeseul0410 | 2024-12-02 | 언니 얼굴이 오늘따라 더 예쁜데~♡
xvcyuuuk | 2024-12-02 | 소스 진짜 맛있어보여요 ㅋㅋㅋㅋㅋㅋ불닭버전 재료는 간단해서 해봐야겟어요!!
sepyun8 | 2024-12-03 | 언니 버거 엄청 맛잇어?맛잇우면 엄마랑 같이 먹게
lkwns9 | 2024-12-02 | 이사장님도 소스 없으셔서 만드신거 아닌가요?ㅋㅋ
jooxo.6 | 2024-12-02 | 2빠야!
xhishu_64 | 2024-12-04 | 언니 불닭소스도 없으면 어케..?
choice0529 | 2024-12-06 | 초면에 죄송한데 ㅋㅋㅋㅋ 신신애님 말투 똑닮았어욬ㅋㅋㅋㅋㅋㅋ😂😂😂😂매력터지셔..
ye.7en | 2024-12-07 | 우동통라면 인가?ᩚ라면소스랑 카놀라유랑 종이 호일이랑 양파만 있어도 가능하던뎁?ᩚ.ᐟ 진짜 완전 와..진짜 말도 안나옴 180도에14분
iahy.eon0304 | 2024-12-07 | 불닭소스도 없는데 어떻하죠?
l0_0_ej_l | 2024-12-04 | @jh_ej_sw 양파사자
vegetable._.2 | 2024-12-02 | @28.5_jh
uxxzero | 2024-12-24 | @hhxxj1n 이건어땡
myeongjinll | 2024-12-09 | 라면가루도 맛날듯 ㅇㅇ
nimgnas_eel | 2024-12-02 | @mincco__
joondell417428 | 2024-12-02 | 버터가 없고 마가린있는데 대체 가능 할까요???
h_m.x10 | 2024-12-16 | 저도 양파 좋아하는데..! 꼭 해먹어봐야 겠어요!❤️❤️
yuhom_5 | 2024-12-24 | 약간 센과 치히로에 아빠가 먹는 거 같아요
6jjondu_7 | 2025-01-03 | 집에 불닭소스 없는데요...
yoonseul_raw | 2025-01-11 | 염색하니까 넘예쁘다
yuriella1213 | 2025-01-15 | 간단한 거 같은데 확 하긴 귀찮아서 누가 해주면 바로 먹겠는데 ㅋㅋㅋ
ldhsrh__ | 2025-01-19 | @_ha._.eun
red74720388 | 2025-01-31 | 에프 없는데 찜통에 쪄도 되나요?
seo_doyoon13 | 2025-02-02 | 겉에 있는거만 먹는건가
naya__ksh | 2025-02-05 | 버터,소금,후추만 뿌린 다음 에후 돌리고 고기랑 먹음 극락..
idain0504 | 2025-02-06 | 누가 전언니 좀 태그해ㅠㅜ
jojj_anggu | 2025-02-11 | 먹으니까 그냥 찐 양파던데 제가 잘못한거겠죠ㅠㅠ
gimjion584 | 2025-02-26 | 언니 바지 낀거..
gowenyoungwoo0323_llouil_ | 2025-02-28 | 이누나가쩌는이유 1.똑바로된레시피를 사용해정확한요리를만들어줌 2.보편적인가정집에서 만들수있게레시피를만들어줌 3.진행속도가빠름 4.말투가중독됨
kiraringu | 2025-03-03 | 으와 다 없어요❤️
seunghyeon1226 | 2025-03-07 | 집에 에어프라이어 없어
e.u.n.m.i.n | 2025-04-02 | @wlffjs
__dmswn__ | 2025-05-12 | @__tnqls___"
2024-11-29,3.8만,어렸을 때 놀이터에서 흙 먹어보신 분 있어요? (저요) 근데 그것보다는 맛있어요ㅎ 좀 더 밀가루같이 부드럽달까?! 이 맛이 궁금하신 분들은 밀가루와 모래를 1:3비율로 입에 털어넣고 씹어보시길 추천 34주,"#아프리카, #월드비전, #레시피, #간식, #베이킹","choops.haetae_f | 2024-11-30 | 안녕하세요 아프리카 봉사활동은 어떻게 하는지 여쭤봐도 될끼ㅡ요? 찾고있는데 방법을 모르겠습니다
ishanovi_ | 2025-01-09 | Oh clay! I love it. Used to eat a lot lol
chokawai._.suyxn | 2024-11-29 | 운동장에서 먹어본것 같아요....ㅎㅎㅎ
jongwon9262 | 2024-11-29 | 👏👏
u_leee0v | 2024-11-29 | 우리 나라 사람들은 철판을 항상 긁어먹어서(시장 떡볶이만 봐도..) 철분 보충 따로 안해줘도된데요 ㅋㅋㅋ
marysi8890 | 2025-01-08 | 😍😍😍😍🤤🤤🤤🤤🤤🤤🤤🤤🤤😋😋😋😋😋😋😋
lovely_and_ | 2024-11-29 | 우리나라도 예전엔 백토 먹었다고 티비에서 본적있어요
singhpratima005 | 2025-01-11 | Samjh nhi aaya par acha laga 😅
jjidoori | 2024-11-29 | 신기하다… 밀가루와 모래 ㅋㅋㅋ
krishnika_raj_saikia | 2025-05-07 | 나는 너희들을 사랑해
puzatik.osh | 2025-04-19 | Жегим келип кетти😢
1805_dita | 2024-12-05 | 남편이 탄자니아 사람인데 저 돌은 아니고 흙? 진흙 먹었다고 저 입덧 심해서 고생하니까 엄마한테 흙 보내달라구할까?ㅠㅠ 그랬었어요🤣🤣
fitness_frist | 2025-03-14 | I love to eat clay it tastes good 😊 😍
h_m.x10 | 2024-12-16 | 헉..ㅋㅋ신기하네요 한번은 호기심에 먹어볼듯 하네요😮
serena_sr_y | 2024-11-29 | @byeoooling 이게 뭐래여 아푸리카에 이때여
aijana.karabaeva | 2025-03-20 | Это гулбото🔥
daramsol_ | 2024-12-06 | 해감덜된 바지락 칼국수 국물 원샷하고나면 모래가 까끌까끌 ㅋㅋㅋㅋ그느낌이려나요
hyoeun._.719 | 2024-11-29 | 울 이사장님 못드시는게 없어... 그걸로 글씨쓰고 있는 아이도 넘넘 귀여워요❤️
namburinagajyothi | 2025-01-09 | 😍😍😍😍
z._.xin1661 | 2024-11-29 | 우와
byeongcheol190 | 2024-11-30 | 북한 고난의행군때 흙을 먹었다고 허던데 그거랑 비슷헌건가?
sweetie.7m7 | 2025-01-12 | اين العرب😂
se0_yn52 | 2024-11-29 | 이사장님 취두부 먹어주세요
estebrillodong | 2024-11-30 | 육식이나 쇠프라이팬같은거로 먹기 힘든곳에서 찾은 철분인가보네요
deekuju | 2025-01-15 | Мяяя корея қыздары глина жейді екен ғой
ishika__bharadvaj | 2025-01-08 | 🙂smjh nai aya
lutxf | 2025-02-09 | 우선...모로코 지도에 대해 이야기해 볼게요
ia36072 | 2025-02-09 | 모로코의 올바른 지도를 올려주세요. 이런 식으로 사람들을 화나게 하지 마세요.
roma_beauty_queen | 2025-02-05 | Ok ha samj gyi 😂😂😂
amanda.seytnazarova | 2025-04-02 | Кесеккой🙂
_mmlleook_ | 2024-11-29 | 밥알에 작은 돌 하나만 씹혀도 오웩 뱉는데 싱기방기 동방싱기
nedaqueen.dz1 | 2025-01-06 | 😮😢
askar5ekovna_n | 2025-01-24 | Взгляд 😂😂😂
lamagni_bang | 2025-01-10 | Stupide votre vidéo et raciste
zi.nab2736 | 2025-04-22 | این که دارید می خورید چی هست لطفاً بگوید 😍
04.10_gyou | 2024-11-30 | 베트남에서도 먹음
ha.ra0_0 | 2024-12-31 | 몸에 축척될것같아여..맹장
the_best_crystal_boy | 2025-02-09 | B?!ch Morocco???
_mmlleook_ | 2024-11-29 | 딱 공사장 돌 같이 생겨버린..
x.eoung_ju | 2024-11-30 | 알러지…
z._.xin1661 | 2024-11-29 | 신기
fldanielmom | 2024-11-30 | @sportsman1982
holeinoneshot | 2024-12-01 | 아연이 면역력에도 좋고 남자한테도 좋고 😂😂😂😂
quartz_flask | 2024-12-05 | 제가 한번 먹어보고 싶습니다.
p.j.s82 | 2024-12-05 | 제가좋와하는 황진희배우와 완젼 같은 목소리 이번에 알게되서 너무 반가워요🤗
raviners0218 | 2024-12-05 | 소나무 두꺼운 껍질 벗겨내고 얇은 껍질을 삶아먹고 ᆢ백토를 먹었다고 들었어여
shin_092 | 2024-12-06 | 맹장염 걸려요..
bsa0128 | 2024-12-06 | 우와…예상치도 못하게 반가운 얼굴을 보니 신기하네요 🥲 제가 예전에 WV 잠비아로 출장갔을때도 Tita와 함께했는데ㅎㅎ비록 전 퇴사한지 오래지만 그 때가 생각나기도하고 신기하네요 ㅎㅎ
cheri_5355 | 2024-12-06 | 뭔가 계란 껍질을 먹는 느낌일거 같아요
instardust14 | 2024-12-07 | 우리나라는 가마솥🐱💕
thwjdtnr21 | 2024-12-10 | 이거 유료봉사인거죠?
noziwka_h | 2024-12-11 | 철분, 칼슘 부족하면 이런 분필, 흙이 땡겨요. 밥을 안먹거나 못 먹는 사람들의 특징이에요. 안타까워요 ㅜㅜ
sin_12jc | 2024-12-12 | 감스트:어 이거 그거아니야? 그거 야 밖있새 여기서 구해왔냐?
havva.eroglu.58 | 2025-01-06 | Vücudunuz için ileride sorun çıkarmasın 🤔 sağlık her şeyden önce gelmeli
masasya2114 | 2025-01-07 | 𝐈𝐧𝐝𝐨𝐧𝐞𝐬𝐢𝐚 𝐣𝐮𝐠𝐚 𝐩𝐧𝐲𝐚 𝐦𝐚𝐤𝐚𝐧𝐚𝐧 𝐤𝐡𝐚𝐬 𝐝𝐫𝐢 𝐭𝐚𝐧𝐚𝐡 𝐣𝐮𝐠𝐚
nourit7 | 2025-01-07 | 😍
vetja__ | 2025-01-08 | The comment you are looking for
ayh.chaima | 2025-01-08 | Come to Algeria ❤️❤️❤️
imanetabti.1 | 2025-01-08 | 😍
harkirtsira | 2025-01-08 | Just be careful because it's clay.... and not cleaned so parasites
neruk0_0 | 2025-01-08 | Kaolin
ainura_orlova | 2025-01-08 | 카자흐스탄에서도 이걸 먹는다
luminous_1067 | 2025-01-09 | Woah....she's from World Vision....my dad worked in World Vision few years ago....now the world vision is closed here😢😢
raenalor | 2025-01-09 | Глинаааа!!! Мел!!!! Обожаю!!! Организм требует когда не хватка витаминов!! У меня низкий витамин D и поэтому я жру килограммы мела и глины 🤤
aqbota__rakhymbek | 2025-01-10 | Кесек қой
simply.chella | 2025-01-10 | Don't eat it could cause you kidney stone 🪨
kavoo2393 | 2025-01-10 | 😍😍😍😂😂😂😂😂
nina__abdullaeva | 2025-01-11 | 이거 한국에서도 있입니다 러시아 마트에서 팔아요 러시아,우츠벡엽에 있는 나라들도 먹어요 사실은 저도 먾이 먹습니다 ㅋㅋㅋㅋㅋ
roza_telefon_doda_kebab_ | 2025-01-11 | 임산분들이 많이 먹어요. 저도 먹고 있어요.
yanks3176 | 2025-01-12 | Kali miti kaya jata hain
yanks3176 | 2025-01-12 | Multni miti Kah rhi hain
nurgulakbaralieva | 2025-01-12 | 😂😂😂 Глина
pritisha_bxr3 | 2025-01-13 | I love it 🙌
uzumashi.production | 2025-01-13 | Delicious delicioso 😋😋😋😋😋😋😋
noufotaif | 2025-01-14 | طين خاوه
araikam_____ | 2025-01-15 | 😍😍
ovvvvvaaa__ | 2025-01-16 | А я с детства ем глину 😍🔥
lamis_monim | 2025-01-16 | ايشفيك تاكلين حجر😱
jiddi_queen0987654 | 2025-01-16 | 🤔 kya bol rhi thi ye
zryyl6561 | 2025-01-17 | عود متعجبه ام العكاريك
__meduza_777 | 2025-01-17 | õzbeklar yõq joyni topdim 😂
muizza000 | 2025-01-19 | Глина❤️
qaiyrgaliqyzy | 2025-01-19 | Біздің Уральская, Туркестанская деген кесектерімізді жеп көрмедіңдер ғой сендер!😁
vayolet_clay | 2025-01-22 | 😍😍😍
laurabaiturinova | 2025-01-23 | Как будто в Китае не едят, зайди куда нибудь и посмотри, еще как едят
vgathiya7898 | 2025-01-23 | चु ची चा ची😂
dauanabrain2 | 2025-01-23 | Дайте его мне. 😢
seziliw | 2025-01-24 | I love it SO BAD
itzz_me_elunegi_2000 | 2025-01-24 | Takchi chida chida 🥲 please hindi 😢
deepa_jerry23 | 2025-01-24 | What it this
xae._n1 | 2025-01-24 | 혹시 소화는 잘 되나요?먹어보고 싶어서
rana_in5801 | 2025-01-25 | نوش جونت❤️❤️
hobbyundfav | 2025-01-25 | Edible claaayy❤️❤️
love_s_ixah | 2025-01-25 | ㅟ
shahnoza_azizibek | 2025-01-26 | Bular ham yerkanna gulvatan
rajabboyevna_93 | 2025-01-26 | Bu Karislar kesak yemas ekan evrika 😂😂😂
gulsumumay5381 | 2025-01-27 | @uzun__canan abla senin Japon versiyonun bu 😂😂😂😂
pooja_paliwal_97 | 2025-01-29 | 😂😂😂😂😂😂
_mxze.1 | 2025-01-29 | 첨에 그 지도에 돌파는곳 위치 잠비아가 아니라 탄자니아 아니에여??
i_am_bhumihar_1811_ | 2025-02-01 | 🤤😋😋😋🤤🤤🤤"
2024-11-27,1710,"밤에 꿀, 기름을 넣고 끓이면 저절로 까진다고?! 왜 저는 안되는걸까요🧐 이유가 대체 뭐니!!!!!!!! 34주","#밤, #레시피, #요리, #간식","hiskyhi | 2024-11-27 | 기승전 뭐야 이겤ㅋㅋㅋㅋㅋ 의식의 흐름 ㅋㅋㅋㅋㅋ
z._.xin1661 | 2024-11-27 | 이사장님 오늘도 이쁘요
p.j.s82 | 2024-12-05 | 👏👏👏🤣
lee.juhye | 2024-11-30 | 칼집이 너무 약하게 들어가서가 아닐까요? 우리 손 아프지말고 칼집 들어간 밤팔아요 그거로 다시 도즈언!!!
minheeya_ | 2024-11-27 | 보늬밤.....
dalyerim | 2024-11-27 | 포르단밤 추천해요 품종에 따라 더 잘까지는게 있대요
yunmanog2 | 2025-03-01 | 밤이네요,,
yum._.ees2 | 2024-11-27 | 분명 밤쉽게 까는 영상을 본 거 같은데 밤티라미수 먹는영상으로 바꼇어여..!
officeworkerk | 2024-11-29 | 밤 까는 방법이 궁금해지네요. 저도 시도해봐야겠어요.
rinhayoo | 2024-12-11 | 빌드업 미쳤닼ㅋㅋㅋ 마피아가 돼..
yeseul0410 | 2024-11-27 | 밤까는 건줄 알았는데 갑자기 맛있어보이는 티라미슈가 .!
eumnxz | 2024-12-29 | 언니 그 카카오톡 쇼핑하기에 약단밤 파는데 엄총 맛잇옹 그거는 칼집 나잇는거라 걍 에어프라이기에 넣으면 돼ㅐ
puding3623 | 2024-12-05 | 밤티라미숙 우리학교 급식에나옴
ce._.s | 2024-12-01 | @happy._.jiyul
0lady_forest0 | 2025-04-15 | 휘발유 이지랄ㅋㅋㅋ"
2024-11-25,6688,아프리카 잠비아에 도착해서 먹은 첫 음식은?! 바로 길거리에서 파는 옥수수 구이!! 혹시 아프리카 여행 하면서 옥수수 드셔보신 분 계신가요?? 35주,"#아프리카, #잠비아, #간식","jjoreb | 2024-11-25 | 와.. 맛있게도 생겼는데 차에서 뜯으실 때 초록비닐이 입에 얼핏ㅋㅋㅋㅋㅋ쿨하셔라
__.maarrrrr.__ | 2024-11-25 | 아프지 않게 몸조심히ㅡ 그래도 많은 것을 눈에도, 머리에도 마음에도 가득가득 담고 돌아오세용 😍
h_m.x10 | 2024-12-16 | 와ㅏ 옥수수 저 진짜 좋아하는데..🤤짱 맛있을거 같아요❤️
sohae0824 | 2024-11-25 | 옥수수에 초록 비닐이 ㄷㄷ
zaidi.shrewd | 2024-11-26 | 마힌디 그립네여.. ㅋㅋ 탄자니아에서 1년동안 해외봉사 다녀왔었습니다 😂 스와힐리어로 옥수수란 뜻인데 바삭바삭하고 고소해서 진짜 많이 먹었어요 ㅋㅋ 개인적으로 잠비아에선 어떻게 불리는지는 잘 모르겠지만 삼부사, 만다지, 칩스마이야이 꼭 드셔보세여 !
happysunnyoh | 2024-11-27 | 휴 … 저거 3일 굶어야 맛있을맛 ㅎㅎ 소금도 안치고 마가린 빠다도 안발라줌 ㅎㅎ
kimminjung1982 | 2024-11-25 | 우간다에서 탄자니아 넘어가는 국경에서 딱 저렇게 파는 옥수수사먹었었어요 다시 버스탔을때 한개 덜 넣어준걸 알았음.
eunny_jenni | 2024-11-25 | 드뎌 오셨군요!!! 👏 뭔가 딱딱하지만... 중독성있는 오리지널 옥수수&탄맛😂
woobin141 | 2024-12-05 | 라면가루 팍팍 푸려먹어보고싶다🔥😍
yeseul0410 | 2024-11-25 | 으악 비닐까지 신경안쓰는 언니 짱!
kimminjung1982 | 2024-11-25 | 아프리카는 눈탱이의 연속임...ㅠㅜ
beti1963co | 2024-11-25 | ㅠㅠㅠ비닐시즈닝이 머야ㅠㅠ 다음부터 그런거 먹지마
ehhh_110011 | 2024-11-25 | 시즈닝🥲🥲🥲안돼...
imeunkong | 2024-11-30 | @be_job99 @bbi__bbi__ 추억의 옥슈슈 …. 🌽 😭😭😭😭
bbomi_0319 | 2025-01-02 | @2hyo2 우리 생존간식ㅠㅠㅋㅋㅋㅋㅋㅋㅋㅋㅋㅋㅋ
wawa_hojun | 2024-11-25 | ❤
bless_zuri | 2024-11-25 | 불에 노릇하게 오랫동안 굽다보니 수분이 마른 바삭한 맛, 반건조 논두렁 맛이 적당한 표현일 것 같아요 ㅋㅋ 아프리카 길거리 음식으로 튀긴 빵같은거 많이 파는데, 맛있어요. 당도 높은 과일도 저렴하니 많이 드시고 오세요~
min._.soek | 2024-11-26 | 아프리카는 나라가 아니고 대륙입니다
soul_jang | 2024-11-25 | 대충 시즈닝이라 치고 ㅋㅋㅋㅋㅋㅋㅋㅋㅋ개웃겨
johyewon0616 | 2024-11-29 | 잠민 잠만 사장님 두건 루이비똥 아녀????!!!
ryushin77 | 2024-11-25 | 악 비닐 ㅋㅋㅋ
gimjungyeong36 | 2025-03-06 | 비닐 시즈닝은 첨들어 봐요 ㅋㅋ
pleasedontbeagay | 2024-11-25 | 환경 호르몬 ㅋㅋㅋ폭탄ㅋㅋㅋㅋ드셧네여
leezheming2 | 2024-12-02 | 비닐맛잇음
sc1jun | 2024-11-25 | 오우 초록 비닐맛
totose_11 | 2024-11-25 | 소메치기 안당하게 조심
miraclessabjobbab | 2024-11-25 | 아프리카한정 초록비닐시즈닝 당첨됐네요 😂😂
seungribaek_ | 2024-11-25 | 파키스탄에서 먹었던 옥수수도 저래유!
h_jj306 | 2024-11-26 | 언니 베트남에서 무슨일이있는거야😢😢
ototoot38317 | 2024-11-26 | 우리나라에서도 구우면 비슷해요..
star_night1004 | 2024-11-26 | 언니궁딩이살아계세요?ㅋㅋ저희어무니올해3월에아프리카다녀오셨는데 비포장도로라 엉덩이가 아프셨다고...목베개를장섯처럼 깔고앉았는데 목베개가 옆구리 터져서오셨어요😂😂😂😂
hehee_o_ojini | 2024-12-01 | 아니 저희 7살딸이 아프리카가 너무 가보고싶데요... 저 엄두가 안나요... 팁 좀 알려주세요😂😂😂
songg9963 | 2024-12-11 | 나도 어릴때 옥수수 구워 먹었는데
heumshindaprye | 2024-12-20 | 콩민공잠비아코퍼벨트
lee_sun88 | 2024-12-25 | 그 신기한 맛이 초록 비닐맛??
estrella_ju7 | 2024-12-26 | ㅋㅋ아프리카에서 옥수수먹었는데 진자 구수해여 맛있는맛보단 구수한맛으로 먹는거같아요 저기는 캐슈넛도저렇개 굽는제 존맛탱ㅋㅋ꼭먹어보세요 아 글고 망고랑 파인애플ㅋㅋㅋ진자 엄청맛잇어요 동남아에서 먹는 과일이랑은 진자 다르게 맛있음 안먹음 후회함….팝콘도…
jesmar.kr | 2025-01-26 | 아프리카 나이베리아에서 사기당했어요
ohsuah0911 | 2025-02-13 | 배트남에서 먹어봤어요"
2024-11-20,1.2만,얼음구이…그니깐 이게 바로 ->따뜻한 아이스 아메리카노<- 약간 이런 느낌적인 느낌 인거잖아요? 얼음구이 저거 얼마에 판매하는지 아는 분 계세요??? 35주,"#중국음식, #얼음구이","hana.9548 | 2024-11-20 | 얼음구이~~ ㅋㅋㅋ 얼음구이에 사리 추가한게 맞네요~~ 볼수록 매력에 빠져드네요😍😍
216jeon | 2024-11-20 | 마지막이 대반전; 오늘 저녁은 라면사리추가한 얼음구이다
xvcyuuuk | 2024-11-20 | 이걸 판매한다고요..? 양심이 어디갔,... 저라면 저한테 10000원 주면 먹을 의향있어요 ㅋㅋㅋ 음 100원도 아까운데..
he.y_e0n | 2024-11-20 | 저라면 얼음 녹지않아..??
cheawon_0809 | 2024-11-20 | 언니는 유튜브 먼저 올리고 나아아아즁에 인스타에 올리는구나ㅏ??? 릴스보다 숏츠를 더 많이 보는 나한텐 아주 좋은 ㅎㅎ
suki_da_y_ | 2025-03-16 | 지능 문제있음?
rna6614 | 2024-12-31 | 전.. 못먹는 별미?이어요... 대장이 과민해서... 차가운거 먹으면.. 아주.. ×되거든요... 하루죙이.. 그냥.. 으이? 어우.. 상상만해도 배아프네?..
_jiyun1224 | 2024-11-20 | 사장님의 미모가 너무 버겁네용...
hyoeun._.719 | 2024-11-20 | 전.... 그냥 얼음 대신 라면 그대로 맛깔나게 끓여 먹을게요...
yeseul0410 | 2024-11-20 | 얼음도 언니의 손길로 라면이 되었습니다
mom.bloom__ | 2025-02-06 | 진..짜 판매해요??
qodolee | 2024-11-26 | @s2soluv 아 ㅋㅋㅋㅋㅋㅋㅋㅋㅋㅋㅋ
22hmmmin9 | 2024-11-26 | @seul__jjaang 우리는 이거슬 라면궁물이라 부르기로 한거거튼디....
kxx_yxrxx | 2024-11-30 | @95__1024 이게 뭐시당가......
eeun.__.hye | 2024-11-27 | @are._.mi =͟͟͞͞개=͟͟͞͞웃=͟͟͞͞겨
soul_jang | 2024-11-20 | 저걸 왜 사먹지? ㅋㅋㅋㅋㅋㅋ
ydyg_9vlb | 2024-11-20 | ㅁr시거ㅣㄷrrrrr
v2erzl | 2025-03-12 | 얼음 신라면 스프찍어서 먹음 괜찮던데
juwon_.15 | 2025-01-06 | 걍라면이잖마지막건
aacv898 | 2024-11-28 | 오바싸네
minjiji32 | 2024-11-20 | 언니 청포묵가루?로 직접 버블티펄 만들어 주세요
instargram_human | 2024-11-20 | 이거 왜 이제 올라오지 본거같은데 유튭에서 본건가
uouv330 | 2024-11-21 | 저걸 돈 주고 사먹는다구요?
foodlovelikeit | 2024-11-22 | ㅋㅋㅋㅋㅋㅋㅋㅋ아
jaeseok_.03 | 2024-11-24 | 중국에 얼음 구이 500원이오
pjso_carma | 2024-11-24 | 근데 얼음에 라면스프 뿌려먹으면 은근 맛있어요
ghkdlxnqps56 | 2024-11-26 | 그냥 시바 양념만 먹으면 되잖아 ㅋㅋㅋㅋㅋㅋㅋ
swim_ham | 2024-11-27 | @sim_hye_jjjjjjjin_ @kyuhee94 ㅋㅋ 우리 먹었던 제로찌개 같다 ㅋㅋ
ran.yolo | 2024-11-27 | @hi_seowoo 얼음구이 언니야 생각남
da.mi2933 | 2024-11-27 | 처음에 심각한 표정할때 조립식 가족에 나오는 머리긴 여자 닮음
sy_sy2424 | 2024-11-27 | @mi_na_ri_farm
sumung__ | 2024-11-28 | @jwk91 도전?
museonhair_j | 2024-11-29 | ㅋㅋㅋㅋㅋ얼음구이엨ㅋㅋㅋ 라면사리추갘ㅋㅋㅋㅋㅋㅋㅋㅋㅋㅋㅋ
sui__j | 2024-12-02 | @nos0ri 돌구이도 ㅈ나 맛있음 개꿀딱
natural.boam | 2024-12-03 | ㅋㅋㅋㅋㅋㅋㅋㅋㅋ
bumgu11 | 2024-12-10 | @dms__d.k
_yukashi | 2024-12-14 | ㅋㅋㅋㅋㅋㅋㅋㅋㅋㅋㅋㅋㅋ
eunji5205 | 2024-12-15 | @yh.12.3 @sso_ny_0116
inhwan.j | 2024-12-15 | @sungmins___
slavepark | 2024-12-18 | 중국애들 철근에다 소스뿌려서 팔던데.....
gwon_min_kyung | 2024-12-27 | 그냥라면....
ji_e05 | 2024-12-29 | ?!?
whose_boy | 2025-01-06 | 숯아까워;;
lovecough | 2025-01-22 | 한 2년전에 이미 회자된 거긴 한데 실존여부를 두고 말이 많았던 거라고 하네요
iuj._.ul | 2025-02-11 | 내놔
s_eojun_3434 | 2025-02-27 | 저건 걍 냉라면
wuju_space | 2025-03-06 | 세상에..
tweak_doll | 2025-03-23 | 얼음구이에서,라면으로 탄생"
2024-11-18,2573,"살 빼려면 아침은 귀족, 점심은 평민, 저녁은 거지처럼 먹으라고? 35주","#랭킹닭컴, #블프데이, #잇메이트, #크리스피닭가슴살","hiskyhi | 2024-11-18 | 거지가 먹는게 젤 맛있을거 같은데 🤤
cekimstar | 2024-11-24 | 헐 저거 진짜 맛있능데
hana.9548 | 2024-11-18 | 저녁을 젤 부자처럼 먹어서 늘 문제네요ㅠㅠ😂😂
yeseul0410 | 2024-11-18 | 삼시세끼 다 건강하게 드시기만 하세용~♡
crow_luna | 2025-02-17 | 살쪄도 예쁜 우리 이사장님❤️
siobhan_0.0 | 2024-11-18 | 앜ㅋㅋㅋ 마지막잌ㅋㅋㅋㅋㅋㅋㅋㅋ👏😂
kimria1206 | 2025-01-26 | 겁나 맛있겠다 사고싶다ㅠ
eu_.jae | 2024-11-19 | 아니 언니 말투 언제봐도 웃곀ㅋ
ma_chimnae12 | 2024-11-18 | 그냥 한끼에 다 드신거 아닌가요?!
se0_yn52 | 2024-11-18 | 👏👏
beti1963co | 2024-11-18 | 옷잡고 살인척 구라치는 이사장😍
andeuromaeda | 2025-04-19 | 아니 이사장님 다이어트를 떠나서 그건 사람이라면 있어야 하는 살이에요.....
ydyg_9vlb | 2024-11-18 | 난 아직 말랐지롱!!!!
soul_jang | 2024-11-18 | ㅋㅋㅋㅋㅋㅋㅋㅋㅋㅋ아 개웃겨
ljs_5ji | 2024-11-18 | 갸
play_eat_goe | 2024-11-18 | 예전 1박 2일에서 라면에 우유넣으면 안 붓는다던 강호동을 두고 은지원이 말했죠. 뭐든 그렇게 먹으면 붓는다고 ㅋㅋㅋㅋ 이사장 레시피면 너무 맛있어 보이는데 다이어트 되는거 맞겠죠? ㅋㅋㅋㅋ
sweetshop_s2 | 2024-11-18 | 랭킹닭컴 무한 쿠폰 블프데이
- 11/11(월) ~ 11/30(토)
- 최대 85% 할인 + 무한 중복 쿠폰까지!

잇메이트 크리스피 닭가슴살 뿐 아니라 다양한 식단 할인하니까 지금 바로 득템해보세요!!"
2024-11-17,1165,"1년에 한번 합법적 공주되는 방법 🌟강제 주입식 교육🌟 생일메이크업..아무도 궁금하신 분들 없어도 이미 찍어놔서 여러분들 강제 시청하셔야 합니다…^^ 속눈썹을 제일 많이 궁금해 하시는데 이날 속눈썹 알리꺼 썼습니다! (밑에 화장품 정보 남겨둘게요!) 근데 저는 다른 부분 화장은 다 잘 먹어도 턱은 항상 화장이 뜨더라구요ㅠ 저처럼 턱쪽이 많이 뜨시는 분들 있으신가요?? [화장품 정보] 속눈썹- 알리 익스프레스(한국 V자형 플레어 속눈썹) 치크- 어뮤즈 (립 앤 치크 헬시 ,복숭아 밤) 입술 - 릴리바이레드(쥬시 라이어 워터틴트, 핑크 커런트 펀치인 척) 페리페라(잉크 글래스팅 립글로스, 컴피코지) 파운데이션_랑콤(뗑 이돌 울트라 웨어 케어 & 글로우, P0-01) 아이셰도우_ 롬앤 (베러 댄 팔레트.08 피치 달리아 가든) 아이라이너-다이소(본셉 워터프루프 아이라이너.01 블랙) 셰딩-투쿨포스쿨(아트클래스 바이러댕 쉐이딩. 뉴트럴) 36주",#메이크업,"216jeon | 2024-11-17 | 역시 속눈썹이 신의한수😘
hiskyhi | 2024-11-18 | 와중에 은근 메이크업 잘햌ㅋㅋㅋㅋ
dx.exn1111 | 2024-11-17 | 이뿌당
aycdv_v | 2024-11-17 | 지챠 너무 다재다능이야오ㅛ😍
artworks_podo | 2024-11-18 | 와 화장 전후가 완전 다르네요....
전에는 섹시하고 후는 귀엽고
hyemin131120 | 2024-11-19 | 생일이신가요오?ᩚ....
5368.5368 | 2024-11-17 | 바이오더마 립밤 좋더라구요
chzhtkwk0918 | 2024-11-17 | 오늘하신 메컵에 쓰신 화장품이 뭔지 궁금해용
hyoeun._.719 | 2024-11-17 | 이사장님 화장하시니까 넘 샤방샤방하구 예뻐요❤️❤️ 진짜 공주같아요😍
yeseul0410 | 2024-11-17 | 이사장님은 화장안해도 예쁘세요
h_hri7 | 2024-11-19 | 진짜 공주 같아요❤️🔥
seowoo161104 | 2025-01-03 | 쌩얼도 예쁘신데 그런댓글 신경쓰지마세요. 언니 마음이지
hong._.x14 | 2024-11-17 | 헤이지니 닮았어요ㅋㅋ
m1ya_42 | 2024-11-20 | 공주 이사장❤️
ydyg_9vlb | 2024-11-18 | 언니 외모두 요리두 다잘하쟈냐
soul_jang | 2024-11-17 | 미술을 잘해야하네~
play_eat_goe | 2024-11-17 | ㅋㅋㅋㅋ 예뻐지는 와중에 이사장의 튼 입술 시강 ㅋㅋㅋ 우린 이사장의 요리•외모•능력 다방면을 좋아합니다
heeseo1101 | 2024-11-22 | 언니 이렇게 할수 잇엇으면서,,
tjdrb0913 | 2024-11-17 | 언니 메이크업 할 때 뭐쓰는지 진챠 궁금했어요
_mmlleook_ | 2024-11-17 | 생일 축하드려요 행복한 날 되셨기를🙌
yejingeo8 | 2024-11-17 | 언니화장하면원영이달맛습"
2024-11-15,3.7만,"마트에서 파는 나쵸과자 이렇게 드셔보신 분?(허어) 제가 이 영상을 금요일에 올린 이유가 있습니다. 그건 꼭! 집 들어가는 길에 나쵸&맥주를 사서 이렇게 드셔보시라는 거죠😎 혹시 이것 말고도 추천하는 토핑이 있으신가여!! 저 다음에 먹을 때 추가해서 먹어보게요🤩 <레시피> 재료: 나쵸과자(도리토스, 도도한 나초), 양파, 캔옥수수, 토마토, 사워크림(무가당 플레인요거트 가능) , 핫소스, 슈레드 치즈 +@재료( 볶은 소고기, 과카몰리, 할라피뇨 등) 1. 나쵸의 봉투를 연다. (저는 개인적으로 치즈맛보다, 어니언크림 맛에 해먹는걸 좋아해요.) 2. 다진 양파, 토마토, 캔옥수수의 물기를 최대한 제거한 후 올린다. 3. 위에 요거트(또는 사워크림), 핫소스, 슈레드 치즈를 뿌려서 맥주와 먹으면 완성! 36주","#나쵸, #도도한나쵸, #레시피, #간식, #베이킹","xvcyuuuk | 2024-11-15 | 이거 완전 타코아닌가요 가성비타코다
216jeon | 2024-11-15 | 도도한나초 너무좋아하는데 이건 그냥 맛없없일듯🤤❤️
ayeong_ak | 2024-12-07 | 저희 집 옆이 미군부대인데 이 도리토스 조합 이제서야 입소문 난 것에 대해 아주 속상합니다 정말 맛있습니다 실제로도 즐겨먹는 메뉴인데 도리토스에 다진고기 토마토소스 페퍼로니 같이 곁들여 드셔보세요 기가막힙니다
wannabeyour1ao | 2024-12-27 | 이거,,,,멕시코 길거리에서 파는데 진짜 맛있어용 저는 타키스에다 먹엇는데 짭조롬하고 자극적이어서 중독성 미침ㅠㅠ
dongjeye_mother | 2024-11-15 | 진짜맛나요~~~~😍😍😍
windy_mysean | 2024-11-15 | 거기 치즈뿌려서 오븐에 구워서도 먹어요~ 바로 연말파티 가능!!❤️
ye.x18 | 2024-11-15 | 헉! 맛있겠다ㅠ❤️❤️❤️
hyejin_seol | 2024-11-17 | 술안주로 최고징👏🔥😍
maymoon0717 | 2025-02-15 | 오 술안주 딱이네요 한번 도전해봐야겠어용❤️
kim_doa7788 | 2024-11-17 | 두부피 구워서 하면 다이어트 될거같아요!
qowhdals92 | 2024-11-20 | 아,.,...단백질 이 들어가야 하는데_ㅠ
steveydeveykim | 2024-11-20 | 미국에 그런대 없는디
l1_i1 | 2025-03-19 | @j_seawon ㅇㅅㅇ
cherrycokechillin | 2024-11-20 | @binnny.______ 이거넹
mjkang_99 | 2024-11-20 | @lkrlo_kr 기억나?
bread_and_rabbit | 2025-03-27 | @leaf4boat 맛있겠지???
yunmanog2 | 2025-02-20 | ㅋㅋㅋ ㅎ소스을 딧다 부시나융
min_11_25 | 2025-03-07 | @cho_youknow 해죵
habby_n8 | 2025-02-27 | @_kimmizi 니 장사해
ironman_nurturer | 2024-12-06 | 레몬즙 살짝 뿌리면 킥
uouv330 | 2024-11-17 | 와 이건 처음 알았어요
uh2uptho | 2025-02-23 | @kowaichaeyun 해묵자😍
xyzzzz_zip | 2025-01-05 | @llozl_lkrj 이거 웨 안해줘 😬
_won_sy | 2024-12-02 | @hansu0623 요고
bike_remember | 2024-12-12 | @oneway_street_coffee 승!
heeeee9_ | 2024-11-19 | @chamchimayonez 집들이안주.
yoursoyo | 2024-11-22 | 유림이 집들이 때 이거 해죠 @urim_e.98 @won_ju1303
sumin5020 | 2024-11-19 | @_jajogram @seo.dohee 담엔 이걸 안주로 먹어볼까낭
dj_ys_yl | 2025-01-27 | @sunny_sshin 신기 ㅋㅋㅋㅋ
every_day179 | 2024-11-19 | @llupll 와 도도한 나초 좋은거였네
kimjoo_.won | 2024-11-16 | 맛있게다
lee.kgn | 2025-02-19 | 토마토 생략해도 돼나요..
jjxspring | 2025-03-17 | @seol.heee
nooheaj2_ | 2024-12-08 | @seulvely_2
ejdrlf12 | 2024-12-29 | 저는 토마토 양파 썰어서 레몬즙 촥촥 뿌리고 파마산가루뿌리고 과콰몰리에 찍먹는데 최곱니다
s0hx.n_ | 2025-02-09 | 이거 고재영님 과자만 1주일 먹으면서 살기 영상에 나온거네 ㅋㅋ
dannnn__2 | 2025-02-17 | @j.eun_2 이거해묵자
_0112._.yj | 2025-03-12 | @ran._.kk 담에 놀러가면 꼭 해뮥쨔 .. 나 접때먹은거 또 먹고시퍼
5o__on | 2025-04-03 | 하... 하필 재료가 다있어요 이건 계시지... 당장 만들라는...
dayeonn5 | 2024-11-18 | @heungmook
yang_ju_91 | 2024-11-16 | @he_eyaa_ 한번 도전 ?!?!
soul_jang | 2024-11-15 | 오 해먹어봐야지
su0v0jin | 2024-11-15 | @_wincar_ 나즁에 여행가면 이거 야식으로 해먹쟈
chzhtkwk0918 | 2024-11-15 | @mysweetie310 언니!! 저감기 나으면 요거요거
su_yeon_0207 | 2024-11-15 | @kmes_sa1 이거해주까?
_mmlleook_ | 2024-11-15 | 맞음 푸드트럭에서 해줌.. 역시 발빠르심👏👏👏
___hovely0.0 | 2024-11-15 | 오늘은 술 안 마시려고 했는데,, 휴
joondell417428 | 2024-11-16 | 그와중에 냥이 배ㅋ 왜 민둥산이예요~?ㅋㅋ
z_swuuung_2 | 2024-11-16 | @leeseong.kr 오 갠차는뎅?
imyem_ | 2024-11-16 | @jh_kim4024
hey.mine | 2024-11-17 | @yun.duboo 마싯갯댜ㅜ
songg._.a | 2024-11-17 | @h___joung
hahahohii | 2024-11-17 | @noru_intothe_sea 이거얏네!
y_bunny11 | 2024-11-17 | 도마어디꺼애영??
_da_bin__ | 2024-11-17 | @tton.tto 얌 담에 이고 해보쟈
yhjxuhxx | 2024-11-17 | 헤드샷보세요~😍
lateatnightisdeep | 2024-11-17 | 아니 이게@또 떠요 @stand.uuup
sol_eie2 | 2024-11-17 | @spoon455 이거해먹짜
hye_jiiii | 2024-11-17 | @sonseung_hun
seung.a.mama | 2024-11-18 | @2a_friendy
minheeya_ | 2024-11-19 | 설거지거리도없는😂
geum.ryeon__ | 2024-11-19 | @ch4ngyu1 이거 오꾸닭에 나오는거아냐?ㅋ ㅋㅋ
dmsrud0820 | 2024-11-22 | 백스비어..? 거기서도 저런거 있었는데 진짜 맛있던데 저것도 맛있겠다ㅜㅜ
_brillantezz | 2024-11-22 | 이렇게 먹는 거 멕시코에서 많이 봤어요!
eunnnhye.lee | 2024-11-22 | @sia_geonwoo_mom @sisi_nammae @soeun9646
rayjungjung | 2024-11-23 | 이서 과카몰리 까지 느면 맛있데
0c1s2h7 | 2024-11-24 | @ming_.ji
daluv_p | 2024-11-26 | @hyunu_papa
je._.9791 | 2024-11-27 | @j.h.john_park 이거해묵자
chicken___k | 2024-12-02 | @kyt415
seunghyeon1226 | 2024-12-05 | 이쁘당
anjigang | 2024-12-07 | @dpwl26
kksuni | 2024-12-08 | @sujisu_ 고?
so_heeda | 2024-12-09 | @rany.go 크리스마스 이거다.
bini.8387 | 2024-12-11 | @n.k____0320 맛나것다
bom.yee | 2024-12-12 | @lee.jyn
bini.8387 | 2024-12-13 | @n.k____0320 이거묵고싶네
y.yy_._ | 2024-12-15 | @min.seop_91
dau_unj | 2024-12-16 | @seuuuuuul_ 이거임
iju.seung | 2024-12-17 | 이거 고재영에서 봤는데
jijiooooy | 2024-12-17 | @sso.y_____ 대밧ㅋㅋㅋ
dennisjxng | 2024-12-19 | 사워크림 대신에 그릭 요거트라니;;; 백반반상에 김치 대신 오이피클울 먹어라 아주…
soobdubapbapbap | 2024-12-20 | 토마토를 대체할 만한 과일이 뭐가 있을까요?-?
ye___bbang | 2024-12-21 | @bubbbbbbb1e 이렇게 먹어보고 싶었었어,,
stark.ne | 2024-12-29 | 과자 상햇나 안상햇나 확인하는게왜케 웃기지 ㅋㅋ
w0xz._un | 2025-01-01 | 고재영님
milla__174 | 2025-01-01 | 이거무조건 해먹는댜!!🔥🔥🔥🔥
_jeonghwa_ | 2025-01-06 | 고수 오이 느야징ㅎㅎㅎ
pgr_mf | 2025-01-12 | 도리토스에 콘치즈 간단히 말아먹어도 맛있습니다 cu에 콘치즈 팝니당
minhee_k0401 | 2025-01-14 | @365dayoff 먹고싶다이거
8onn1ek | 2025-01-14 | Nachos in a bag 이라고 원래 저기 갈은 고기 양념해서 타코처럼 먹는거예요~~! 학교 급식으로도 많이 나오고 간식으로도 미국에서 많이 먹습니당 먹고싶에요 오랜만에ㅠㅠ
h__a0903 | 2025-01-15 | 여기에 깻잎 잘게 썰어서 올리면 진짜 끝짱나요 끝장!
orstn_sr | 2025-01-15 | @onidami_mom
minseon0___0 | 2025-01-15 | 맥주안주 메모
ssoogiis | 2025-01-15 | @so.yn 존맛이겟다 이것두
kimmoonkyu | 2025-01-17 | @say_ho._.o
djrrrk30 | 2025-01-22 | @jjuggumi.94
jkxw_i0620s | 2025-01-31 | 개맛잇겟다
kjun0155 | 2025-02-03 | 😍😍😍
bestsujin1004 | 2025-02-06 | 고양이 뱃살만 기억나요.. 핑크 뱃살..."
2024-11-14,7450,실제로 내가 알바했던 피씨방에서 사장님이 내게 했던 말 36주,"#60계, #60계치킨, #짜장계란치킨, #신메뉴","lomo05891 | 2024-11-14 | 팔 왜그래요??😢
yeseon_kate_kim | 2024-11-14 | 맛있겠다...
ceolhyeon20 | 2024-11-14 | 내 입도 난리랰ㅋㅋㅋㅋㅋ
beti1963co | 2024-11-14 | 넘후 마싯겠당..😍
kimt.aewan14 | 2024-11-25 | 더 먹어 봤는데 겁나 맛있음.
ang_jihoon_ddi | 2025-01-08 | 이거 옛날에 있던 짜파치킨 아님?
soul_jang | 2024-11-14 | ㅋㅋㅋㅋㅋㅋㅋㅋㅋ남자역할 개 잘어울려
ijiseong330 | 2025-03-30 | PC방이메리트가없구먼
gangsangweon33 | 2025-05-06 | 계란이랑 치킨(?)—>(자식),(부모)
i_love_kwang_ | 2024-11-16 | 옛날에 짜장치킨에 계란 추가한거아닌가
gangminyeong72 | 2025-05-10 | 이러내
jinug_5959 | 2024-11-19 | 저건 자식과 부모가 결국 한곳에 모인건가
hee_w1n0317lee | 2024-11-23 | 저거 원래 있었는데 드디어 다시 떴다😭😭😭😭😭
twinkle_hwihwi | 2025-01-07 | @l_zirlo
_mmlleook_ | 2024-11-14 | 주인님 작작 좀 긁어대주세요.. 팔이 남아나질 않것수😢
you_gun_o.o | 2025-05-12 | 개발 백종원 따라하는건가...?
skaghgh | 2024-11-14 | 제법........"
2024-11-12,2.5만,"여러분의 집에 있는 밥솥에서는 밥만 나온다구요?! 저희 집에 있는 밥솥은, 마법의 밥솥이여서 막 꾸덕한 치즈케이크도 나오거든요? 부러우시다면, 한번 따라 만들어보세요ㅎㅎ 필수로 들어가야 하는 재료도 딱 3가지 이고 만드는 방법도 쉽거든요( 추가 재료는 취향 따라!) 저는 꾸덕한 치즈케이크를 좋아하는데 어떤 타입의 치즈케이크를 좋아하세요? (꾸덕 or 퐁신@or 크리미) <재료> 치즈케이크: 크림치즈 400g, 설탕 100g, 달걀 3개 (+부가재료: 레몬즙 2큰술, 바닐라에센스 1작은술) 밑바닥 쿠키: 쿠키 100g (로투스, 델로스, 다이제 등)+ 녹인버터 30g 1. 쿠키를 지퍼백에 넣고 부순 후 녹인 버터를 섞어서 밥솥에 깔아준다. 2. 크림치즈는 실온에 뒀다가 써야 말랑말랑 하며, 볼에 크림치즈를 잘 풀어준다. (만약 크림치즈가 너무 차가워서 덩어리가 지는 상태라면, 전자레인지에 15초씩 돌려가며 말랑한 상태로 풀어준다.) 3. 크림치즈에 설탕을 넣고 섞은 후 달걀을 1개씩 깨 넣어가며 섞어서 반죽을 만든다. 4. 밥솥에 반죽을 붓는다. (더 부드러운 질감을 원한다면 체에 걸러 넣는다.) 5. 두번 연속으로 백미취사를 누른 후, 냉장고에서 하룻밤 식힌다. 6. 이제 맛있게 먹으면?? 크으으으 <꿀팁> -설탕을 넣기 부담스러우시면 스테비아 또는 알룰로오스로 대체해도 좋아요! -제일 중요한 과정은, 크림치즈를 덩어리 없이 먼저 잘 풀어주는 것. 36주","#밥솥요리, #밥솥베이킹, #밥솥레시피, #간식, #베이킹, #레시피, #요리","sky_skyholic | 2024-11-12 | 두번 연속으로 백미 취사를 누른다는 건
취사를 두 번 하라는 거죠?
맛있겠당
hi_nabiya | 2024-11-17 | 밥솥에서 치즈케이크를 어떻게 분리해야하죵? 냉장고에 밥솥채 넣고 하루를 두면 잘 분리되나요??
216jeon | 2024-11-12 | 와 ㅠㅠㅠㅠ 저는 꾸덕이랑 촉촉 둘 다 좋아하는데 미쳤네요🤤🤤
lee.juhye | 2024-11-12 | 말해뭐해 맛있는 치케인데요❤️❤️❤️❤️❤️ 최고입니다 이사장님👍👍👍
jii4370 | 2024-11-12 | 오늘도 컨텐츠보다 이사장님이 더 예쁘네요^^
lee.__.happy | 2024-11-12 | 우왕 꼭 해보고 싶네용😮
hw106hy | 2024-11-14 | 티비에서뵙곤 진짜 놀라서 눈똥그래짐요.넘 중독성있어요 인스타ㅎ❤️
c.h.o.b.b.i | 2024-11-13 | 왠지 뭐든 해먹고 싶게 하는 이사장님 파워🔥
haxx._.014 | 2024-11-13 | 맛있게땨ㅑ😢
isujin2844 | 2024-11-12 | 😍😍😍
2nacook | 2024-11-12 | 꾸덕이 좋아하는데 속 만들어야겠음
jihun_1428 | 2024-11-13 | ㅋㅋㅋㅋㅋ너무 맛있어보임요
garden_0910 | 2024-11-17 | 쿠쿠밥솥 열일ㅋㅋ
eun.park.ji | 2024-11-12 | 와아아ㅏ😍ㅜ내가 좋아하는 거다
hwahwikim | 2024-11-18 | 이거 저 어제밤에 해먹었는데ㅋㅋㅋ 그거 믹서기에다가 다 섞어서 돌리면 편해요
idontlikecookie | 2024-11-18 | @1plus1iswindow 쟈밋겠다..
d.x__x.y | 2024-11-19 | @_222_js 해조래조!
yunmanog2 | 2025-02-20 | 촉촉 한가 촉촉 할까욧
kcri_12 | 2024-11-12 | 빨리왔당 첫댓글
sujin293 | 2024-11-13 | 오! 해줘야지
yx.xn_1002 | 2024-11-27 | 편집방법이 좀 달라졌네요?
thgml._.hee_16 | 2024-11-24 | 그 그냥밥솥 말고 버튼이.하나있는거는.어떻게하나요?
k.y.j_93n | 2024-11-13 | 치즈랑 빵이랑 쿠키 같이 먹는 방법을 터득 했다
fire_s_o | 2024-12-11 | @daheeth
vick4420 | 2024-11-13 | 역시 치케는 스폰지 시트보다 쿠키 시트가 짱이예요~❤️
h_a2qo | 2025-01-12 | 설탕 덩어리 있어도 달걀 넣으면 대부분 다 녹아용
ji.cong2worm | 2024-11-12 | 꾸덕이가 꾸덕이~❤️ 저 치즈케이크 지이인짜 좋아하는데 그제가 제 생일이었거든용 만드러봐야게써용 생일케이크로!🔥
kimmmmaeri | 2024-11-16 | @sodami6248 와 언니…..😍
_mmlleook_ | 2024-11-13 | 우와 캡숑
kyhyhkhky | 2024-12-07 | @seirotciv
skaghgh | 2024-11-12 | 형님 마이크 뭐 쓰시나요 넘 궁금합니다.
isujin2844 | 2024-11-12 | ㅎㅎ
leeyujun | 2024-11-13 | @yoonha_lucky 이거 언니가 해줬던거다 그치
eiei_xxb | 2024-11-17 | 입안에 꽉차게 먹고 아아 먹고 싶어요 ㅋㅋㅋ
piyou523 | 2024-11-17 | 백미취사 두번 했는데 크림치즈가 아직 물처럼 흐르면 취사 한번 더 하는게 나을까요? 그냥 냉장고에 넣는게 나을까요?
yu___jeong915__ | 2024-11-22 | @ji___woon99__
1z.nxe | 2024-11-24 | 엄마가 해줬는ㄴ데 진짜 맛있어요ㅜㅜ
hee_yoon.mom | 2024-11-24 | @yun830830
seohee_122 | 2024-11-25 | 언니 마이크샀어?
mija486 | 2024-11-25 | @hyerim226
hhrm_6 | 2024-11-25 | 이언니 진짜 머든지 밥솥으로 뚝딱 만든다..
angelica_p_o_p | 2024-11-26 | 쿠키 믹서기에 갈지 😂
oxxbnd0 | 2024-12-01 | 와 ㄱㅅ합니다근데밥솥이없으면 다른걸로해도돠나요
hx.iye46 | 2024-12-01 | 저거 하면 밥솥에서 치즈냄새 나나요???
dagyeom_105 | 2024-12-03 | 나~~~두들겨 맞은거예요🤣🤣🤣🤣🤣🤣근데 카스테라 넣고 구우면 어떨까요?😍
dagyeom_105 | 2024-12-03 | 활기찬 목소리와 무한도전 굿👍 꿀티부짱!👍🏻🥰
yes_yunju | 2024-12-05 | @jn_____i 이건 어뗘
91_hming | 2024-12-08 | @lje4113
heejin_py | 2024-12-09 | 밥솥이 3인용인데 될까용?😮
bobae_sj1111 | 2024-12-11 | 에어프라기에 해도 되나요?
je.hxn_ | 2024-12-22 | 이제 이 언니 나중에 ‘다음에는 무엇을 밥솥으로 만들어 볼까요?’ 해가지고 신청 받는 거 아니야? ㅋㅎㅋㅎ
heeee_ju_1216 | 2024-12-30 | @o_uvr @imseoyeon_04
in_ok_99.02.12 | 2025-01-10 | @jwlsgur 만들어주까?
uwuwy_1103 | 2025-01-10 | @kjhun121
qkwnshsjqhwh | 2025-01-17 | 이거 개존맛이에요 오레오 부셔서 넣어서도 꼭 해보세요 그것도 존맛이에요 하아💖
s.sjy_focusoff_voiceton_9916 | 2025-01-19 | 고혈압 광. 설탕 존나싫어 썅
idk_idk4680 | 2025-01-23 | 이거 망하면 엄마한테 혼나겠지만…시도해보겠슴다
juhyell | 2025-02-14 | 마스카포네 치즈 크림으로도 가능하나요???
h_wjs.24 | 2025-03-03 | .😂
hee_rani65 | 2025-03-16 | 백미취사를 2번하니깐...제 밥솥은 18분에 맞춰지고 단 5분만에 끝나더라구요.. 😂 그래서 그냥 모험을 해보려고 .... 백미취사를 1번만 누르고 지금 취사중입니다 ㅋㅋㅋ 40분뒤에 댓글 달아볼께용^^ ㅋㅋ
hee_rani65 | 2025-03-16 | 밥솥마다 달라서 제껀 백미취사 한번 해도 잘 안되서 다시 백미 취사 가동 중입니다 🤣🤣
ondam_food7 | 2025-03-22 | 간편 레시피! 집에서도 쉽게 할수 있겠어요
ryugayun80 | 2025-03-26 | 설탕이랑 달걀 밖에.....없는......데요?
___enjoyeat___ | 2025-04-20 | 🙌"
2024-11-11,1881,나 어쩜 생일도 빼빼로데이야 증말 제가 초딩때 빼빼로데이만 되면 빼빼로 100개씩 받았었거든요>? 인기 진짜 장난없죠…? (왜냐면 빼빼로데이가 내 생일이였어. 애들이 선물대신 빼빼로 줬어.) ❗️그래서 빼빼로데이 겸 이사장 생일이벤트❗️ 아 제가 여러분들 빼빼로 받은 척 할 수 있게 해드릴게요 ㅎㅅㅎ 댓글로 생일축하한다고 해주시면 랜덤으로 50분 뽑아서 소소하게 빼빼로 기프티콘 보내드리겠습니다! <상품> 빼빼로 6입 선물박스 기프티콘(20명) 빼빼로 오리지널 기프티콘 (30명) <참여 기간> 2024년 11월 12일 자정까지 <당첨자 발표> 11월 13일 (수요일) 36주,"#빼빼로데이, #빼빼로, #생일, #생일이벤트","nxuxun_ | 2024-11-11 | 언니 생일 축하해요❤️😍
언니 남친이 생일선물 빼빼로줬죠? 다알아요 ㅎ
0.xh_in1 | 2024-11-11 | 이사장님 생일축하해요!! 영상 항상 잘챙겨보고있어요 저도 생일이 11월이라 빼빼로만 받은적있거든요ㅋㅋㅋ 언니 사랑해요!!
sn_muk | 2024-11-12 | 오!!! 늦었지만 생일축하해요 🎂😁
gaeunii_s2 | 2024-11-11 | 👸🏻이사쟝 공듀님👸🏻
생일츄카드려요오🎊 생일에 받는 것 뿐만 아니라 나눔까지 하시다니,, 천사임에 틀림 없습니다ㅠㅠ🩷🩷
byxn_a | 2024-11-11 | 이사장님!! 생일 축하드려요 어릴땐 마냥 빼빼로데이에 생일인게 안 좋게 느껴질수도 있었지만 현재로썬 빼빼로데이에 생일이라서 더욱 뜻깊게 기억에 남는것 같아 요 이사장님 항상 재밌는 컨텐츠 올려주셔서 감사해용 행복하세요!🩷🩷
zxuun._ | 2024-11-12 | 오 늦었지만 생일 추키하고🎉🎂 운니 넘이뽀여엉 그리구 어쩜 요리도 잘해❤️💗🥳
everyday_3016 | 2024-11-11 | 이사장님 생일 넘넘 추카드려요~🎉🎉 진짜 공주님 그자체! 앞으로도 재미나고 신기한 요리들 마니마니 보여주세요💖💖 건강하시구 빼빼로데이 때 생일이라니... 완전 신기😍 항상 좋은 영상으로 행복을 주셔서 감사합니다~ 진짜 언니는 나에게 비타민 그자체입니다아🥰❤️❤️❤️ 화이팅 아쟈아쟈
mano_chae0 | 2024-11-11 | 생일축하해요 이사장님💝
jin_yeong02.17 | 2024-11-11 | 드디어 본인이 공주라는걸아시네 어울려요👍👍😆😆
hanlin_kwilini_goeun | 2024-11-12 | 이사장님 생일 축하드려요!!
sol_mikaella | 2024-11-13 | 늦었지만 생일축하드려요!!🎉🎉🎂💕😍
_baging_ | 2024-11-11 | 이사장님..생신 축하드립니다💖
artworks_podo | 2024-11-11 | 생일축하한다
ineogongjung | 2024-11-11 | 언니 요즘 나날이 예뻐지시는것 같고 그만큼 새로운 간식만들기에 도전도 많이 해주셔서 항상 재밌게 동영상을 보고 있어요 언니 생일축하해요😍💕❣️🎂🎊
seohyeon2313 | 2025-02-13 | ❤️🎉생일 축하드려요🎉❤️
yang_yang282 | 2024-11-12 | 생일 추카포카해용 🥳🎂🎉
daon_0227 | 2024-11-12 | 이사장님 사랑하고 조금 늦었지만 생일축하해요🎉🥳🎂
chae.__.niee | 2024-11-11 | 생일 축하 드려용 🎉🎉💗 항상 좋은일만 있으세용 🍀
woo81_8 | 2024-11-12 | 이사장 하! 생일 축하드려요 하!🎂👏👏🥳💕이사장님 너무 pretty 해용 하!
inyoung_0819 | 2024-11-12 | 생일축하해요요요요
soyu____tea | 2024-11-11 | 이사장님 매번 영상 잘 보고있어유🙃 생일축하해유💙💙
ggum_jobless | 2024-11-12 | 생일 추카드려요🎂🎉🥳🥳
ruru_645 | 2024-11-11 | 생일축하드려요!🥳 항상 재미있고 즐거운 영상 올려 주셔서 감사해요!🎉
_who25_ | 2024-11-12 | 생일 너무 축하드려요! 🎂🎂🎉🎉🎉 올해도 얼마 안남았네요 감기 조심하세요❤️❤️영상 보는 모두가 행복하게 한 해를 끝내길!🍀🍀🍀
riwon990 | 2024-11-11 | 이사장님 언제든 힘내고 화이팅 해요 언제든 재가 응원하고있으니까 항상사랑해요!제가. 항상 사랑해요 언제든 힘내고 좋은날 보내새요
jiwoo_3499 | 2024-11-13 | 생일 진심으로 축하드려요!🎉🎉🎉🎉💕💕💕💕💕💕💕💕💕
다음엔 빼빼로 케이크 가능해요?!
ye.x18 | 2024-11-11 | 이사장님 생일 진심으로 축하드려욤..앞으로도 좋은거 많이 드시고 행복하세요!❤️(참고로 저ㅎ이사장님 완~전 옛날부터 봤었어요! 헤헤)❤️❤️❤️
sb06_30 | 2024-11-12 | 생일 축하드리옵니다 곤듀 마마.. 🎉👏
두드러기 초콜릿 같은거 말고 맛있는거 많이 드세요!!❤️❤️
when__ua | 2024-11-11 | 이사장님 생일 축하드려요🥰❤️
oigiok_ | 2024-11-11 | 이사장님 생일 축하드려요!!!💕🎉🎂
진짜진짜 진심으로👍👍👍👍
pixie_soon | 2024-11-13 | 이사장님 생일 축하해용~ 맛난 거 많이 드셨을까요? 예쁜 날 행복하게 잘 마무리 하셨을 거 같네요 오늘도 고생하셨고 아침에도 화이팅이에요 (❁´▽`❁)
_jeongmin0804 | 2024-11-12 | 이사장님 생일 축하드려요!🎉🎉 증말 빼빼로 못 받은지 어떻게 아시고ㅋㅋ
ieunmi7869 | 2024-11-12 | 생일축하드려요 🎂 저는 13일에 생일인데 빼빼로 남는거겁나받았었어요 진짜 ㅠ공감간다ㅠㅠ 이 사장님 늘 행복하세요.
luna_hayoon0210 | 2024-11-12 | 생일 축하드려요
wwwwwzxvv | 2024-11-11 | 이사장언니 생일 추카해여 저는 오리지널 음식보다 남긴 음식을 언니가 재활용해서 요리하는 걸 먹고 싶어여 나중에 커서 언니같은 남자랑 결혼해야지 사랑해요 쪽
alswkd0204 | 2024-11-11 | 생일축하드려요! 태어나주셔서 저희한테 와 주셔서 정말 감사합니다! 아프지 마시고 건강하실길 빌며 오늘 하루 좋은 날 이였기를 빌며 남은 시간도 좋은하루 행복한 하루 되세요! 다시한번 생일축하드립니다
ayeon_go2 | 2024-11-11 | 이사장님happybirthday🎉 생일축하합니다🥳🥳
blank_empty__gone | 2024-11-11 | 생신 축하드리고요 선물은 빼빼로대신…(더보기란)
wlgnswhejs3 | 2024-11-12 | 생일축하해요🎂🎂🎂 오히려 선물받아서 미안합니다👏👏
y.__.uu12 | 2024-11-12 | 생일 축하 합니다🎉🎉🎂🔥🥳
kommybutter | 2024-11-12 | 생일 축하드려요 🎂🎉🥳💕❤️
eiei11976 | 2024-11-12 | 사랑해용!!!이상장님!!!❤️❤️❤️🥳💕
beti1963co | 2024-11-11 | 언니 생일축하해!
k_j_s._ | 2024-11-12 | 언니 늦었지만 생일 진심으로 너무너무 축하해요🎉 늘 유튜브로 잘 보고 있어요 저 원래 구독 잘 안하는데 언니는 예전부터 구독하고 있었어요ㅋㅋ 늘 웃음을 주는 언니가 오늘은 행복했으면 좋겠어요 😍 항상 웃으면서 좋은 일 듬뿍 생길 수 있도록 기도할께요 늘 남에게 베푸는 언니가 더욱 더 풍성할 수 있도록🥳🥳 이 좋은 날 태어나신 언니를 축하합니다💕💕
skycat_stella | 2024-11-12 | 와우!!!! 제가 최근 들은 이야기 중 가장 웃픈 이야기인듯요~~😂 빼빼로데이가 생일이라 빼빼로로 선물을 받았다뉫!!! 그래도100개씩이나 받았다면 인싸중에 인싸이신거 아닌가요~😍 두개씩만 받아도 50명인데 말이죵 😆 올 해는 생일축하를 더 많은 사람들에게 받으니🎉 더욱 행복가득한 날이었을듯요🥳 이번주 생일주간으로 축하받고 또받고 또받고 행복터지는 날들 되시길요🎂😍💕❤️ 2000번째로 생일 축하 메세지 또 드립니당~~🎂🎉🥳👏❤️💕
_mmlleook_ | 2024-11-11 | 그때 받은 질린 빼빼로 주는거 아임까 생일축하드리옵니다 #뭐면어뗘
sowoozoostar | 2024-11-12 | 🥳🥳🎂🎂 생일축하해요~~~💕 🎂🎂🥳🥳
imyour_b_b | 2024-11-12 | 언니 생일축하해요💕💕
빼뺘로 말구 선물 많이 받아용♥️♥️
hanna_13.1 | 2024-11-12 | 생일축하해요!!! 언니의 태어난 날을 정말 축하해요
you__jj124 | 2024-11-12 | 와 생일이 빼빼로데이면 진짜 빼패로 엄청 많이 받았겠다
eou_1038 | 2024-11-12 | 언니 생일 축하행!!항상 예뿐 언니
ririnrim5 | 2024-11-12 | 생일🎂축하해요~~이사장님🎉저도 빼빼로주실꺼죠💕
aa_mini85 | 2024-11-12 | 빼빼로 데이❤️생일 어렸을땐 속땅할때도 있었겠당 그래도 이제는 추카추카
그래도 나보다 다행이야 신랑생일 이랑 아이생일이랑 겹쳐서 내생일은 이제ㅜ없다규 ㅠㅠ 🥳 생일츅하해요🎂
k_chansook | 2024-11-11 | 생일축하 합니다.
c.h.o.b.b.i | 2024-11-12 | 생일축하합니다❤️ 생일축하합니다🔥
사랑하는 이사장니므~ㅣ 생일축하합니다❤️
noahlee1995 | 2024-11-11 | 이사장님 😍😍 생일 축하드려요! 🥳🥳 저도 생일선물로 빼빼로 드릴게...(퍽) 아 예... 선물로 좋아요와 함께 매번 영상 너무 재밌게 잘보고 있단 말씀드리고 싶어서 댓글 달았습니다. 늘 잘보고있어요~~ 😂😂
eilly_goddey | 2024-11-12 | 아우 이자식아 생일축하해애 ~~~~ 💗💗 만수무강 무병장수 평생 영상올려조 ~~~~~ ✨
lkma13427 | 2024-11-12 | 이사장 👸 공주님 생신 🎂축하드립니다🎉 항상 유튜브 엄청 잘보고 있어요 언니~
seohan._.b | 2024-11-12 | 생신축하드립니다 곤듀님🎉🎂🔥🔥
xvcyuuuk | 2024-11-11 | 너무 생일 축하드려요오!!!!❤️
chuchu._.9 | 2024-11-12 | 저도 같은날 생일이라 빼빼로 싫어하는거 격공이에요..👀 그치만 이사장언니가 주는 빼빼로는 좀 받고 싶네요❤ 생일 너무 축하하고 사랑해용🥺🥳
__wkxdl | 2024-11-11 | 우리 이사장님ㅁ!!! 생일 축하드려요!! 저희 팬싸인회 했던 때가 6월 후반이였던 것 같은데 또 보고싶네요.. 제가 딱 100번째에 커피 들고갔던 친구인데 한 7~80번째 때 사가지고 얼음이 다 녹았었는데 맛있게 드셨는지.. 암튼, 저번처럼 팬싸인회 여러번 내주세요. 너무 보고싶으니까!! 생일이신데 맛있는 거 많이 드시고 좋은 하루 보내세요! 11월 11일이 이사장님 생일인 것도 머리에 박아둘게요. 이사장님! 재밌고 좋은 영상 많이 내주세요!!! 사랑합니다 ❤️❤️😻😻
s.xon._.1015 | 2024-11-12 | 이사장님 영상 항상 챙겨보고 있어요! 생일 축하 드려요 🥳

🎂
kimchoyeon0924 | 2024-11-11 | 이사장님 생일 축하 드려요
hogeun53 | 2024-11-11 | 이사장 생일 축하축하 왕축하 만수부강🎉🎉
_chx32rs | 2024-11-11 | 생~일추카~합니다~아🎉
gangsujeong8264 | 2024-11-11 | 언니 생일진심으로 축하해요 이사장 사랑하고 영원이 가자!!!!
seun99yeon9 | 2024-11-11 | 이사장님🩷🩷🩷
생일축하드려용!!!
영상으로 많은힐링하고있어여><
koi___nami | 2024-11-11 | 이사장님 생일 축하드려요❤️ 기념일이 생일이면 잊어먹기도 힘들겠어여ㅋㅋ영상 너무 잘 보고 있고 날이 많이 추워졌는데 감기 조심하구 앞으로도 좋은 영상 많이 부탁해유 화이팅🥳
u.i_luv | 2024-11-11 | 생일 축하드려요🎂🎂 어렸을때는 생일이랑 기념일 겹치면 속상했다는 ㅎㅎ🥹
kimseag_717 | 2024-11-11 | 어이구 이사장이 생일이구만 난 빼빼로 못받았는데ㅔㅔ......나한번만 주면 안되나???쨋든 이사장 생일 축하해 이사장 사랑한다🎉🎉🎉🎉🎉 나 받은척이라두 하고시퍼🎉
tmfrl9778 | 2024-11-11 | 이사장님 생신 축하드립니다~~!!
s_.xyeo | 2024-11-11 | 생일축하해요👏👏😍
ji.cong2worm | 2024-11-11 | 아이고오 Ssa자앙 Lee!! 베리Vvery 축하해요! 이번엔 대왕 빼빼로도 만들어보고 빼빼로 Hhot🔥도그도 만들어보고 마아아아아안Ssuuu무우우강 하세요💕 마니 사랑합니데이 언니 200만되고 톱스타될때까지 초등 6학년인 나, 기다릴게요❤️ 나 정말 언니 유투브 초창기 때부터 애청하던 그저 평범한 어린이지만 예쁜 이사장님만 보면 참 존경스럽고 나도 커서 언니처럼 멋지고 행복한 삶을 사고싶다고 매일 생각하고 또 다짐해 언니 아프지말고 평생 가서 레드카펫도 밟고,꽃길만 걸으세요!👏 전 언니 남바완 경호원을 할테니까요🥳🎂 생일 진심으로 추카드립니다. 예쁜 내 워너비 이사장언닝🎉
johyeonjin729 | 2024-11-11 | 언닝 생일축하해 그리고 언니 정말 예뻐(진심이야) 언니 정말 생일 축하해요 그리고 예쁘고 사랑해요(저도언니에게 빼빼로 받고싶어요..)🥳🎉🎂
codms_090119 | 2024-11-11 | 생일 축하드려요~🥳 즐거운 하루가 되셨길바래요><
jwoo_o.o | 2024-11-11 | 🎉🎂🎂
jwoo_o.o | 2024-11-11 | 이젠 현금 빼빼로 받을 때 입니다 .
bom.0777 | 2024-11-11 | 이사장님!!생일축하드려요❤️❤️🎉
예전부터 열심히 재밌게 챙겨보구있어연!
다시한번 생일축하드려요 이사장님!!
금쪽이 올림🥳
yu_ri.12o4 | 2024-11-11 | 언니 생일🎂축하해용🥳🥳🎉
s.0u_n1 | 2024-11-11 | 공주언니 생일축하드려요‼️🎁🎉🎊🎂🥳👏👏
slanx64 | 2024-11-11 | 생일 축하드려요🎂🎂🎉 이사장님은 생일때 빼빼로 많이 받으셨다는데 저는 어릴때 빼빼로를 부모님한테만 받아봐서 친구한테 거의 받아보질 못해서 꼭 1나라도 먹고싶어요 마지막으로 다시 생일 축하드려요!!❤️❤️🎉🎂
rosemizip | 2024-11-11 | 내사랑 이사장님😍 태어나주셔서 감사합니다🎉🥳❤️ 저희랑 평생 할모니가 되어서도 요로코롬 소통하며 지내주세요☘️ 제가 많이 사랑합니데이🧚🏻🌷🌸
kang20140403 | 2024-11-11 | 언니~~ 생축 해용
hedera0088 | 2024-11-11 | 🥳🥳🥳🥳생일 축하합니다.🎂🎂🎂
itterashaiwoozi | 2024-11-11 | 예전엔 생일선물도 빼빼로로 받으셨다는 썰의 이사장님..ㅋㅋ 웃퍼요
cheawon_0809 | 2024-11-11 | ㅋㅋㅋ 옛날 영상에 어린이 연기? 금쪽이? 암튼 그 영상 내용도 빼빼로데이에 생일이라서 빼빼로만 받고 울었다 이런 내용이었는데 언니 실화였구나,,ㅋㅋㅋㅋ 늦었지만 아직 생일이니까! 언니 생일 축하해요 ❤️
hui._.v | 2024-11-11 | @1004inae 이 언니도 오늘 생일이예요 👋🏻 두사람 생일 추카포카츄~~~ 😘
hee_won6_3 | 2024-11-11 | 생신 축하드려요 ㅎ❤️🎁
0203__ria | 2024-11-11 | 이사장님 생일 너무축하드림니다 이 댓글이 도움이 될지는 뭐르겠지만 힘이 됬으면 좋겠습니다 이사장님 영상을보고 힐링이 돼요~🎉매일 빠쁜신데도 재밌는 영상 올려주셔서 감사합니다 그리고 마지막으로 생신축하드림니다🎉🎉🎉🎉🎉🩷💗
he._ju | 2024-11-11 | 언니 생일 축하해요🎂🥳🎉 빼뺘로 받고 싶네요!
cooking._.is_mylife | 2024-11-11 | 온니 정말로 이쁘네요 ㅗㅗ올로홍호호홓
sweet_like_butter_ | 2024-11-11 | 와 빼빼로 데이에 생일이라니!!! 넘넘축하드려요~~예~
goodthingb | 2024-11-11 | 빼빼로데이 생일이라니 이사장님스러운 생일이네요😍 제가 절대 빼빼로 받고싶어서 이러는건 맞구 이사장님 생일도 정말 축하드려요!! 최근 영상보면서 단순히 음식과 디저트를 만드는것말고도 우리 구독자들과 주위 사람들을 챙겨주고 아껴주고 사랑해주는 멋진 사람이라는 걸, 그 멋진 마음이 나눔을 통해 더 빛난다는걸 이사장님을 보며 느껴요😍 앞으로도 잘 부탁드리고 매년 11월 11일은 이사장님 생각이나겠어요❤️
park_jung_sook | 2024-11-11 | 생일추카드려옹♡♡
umini_1 | 2024-11-11 | 이사장님 생일축하드려요!!🎉저도 오늘 생일🎂이라서 생일에 빼빼로 많이 받았는데 20살이 되고 나니깐 빼빼로를 받지 못해 댓글을 슬쩍 남겨봅니다,, 생일축하드려요!!💕
yxhy.z1 | 2024-11-11 | 이사장뉨ㅁ 우리 11월11일에 태어나서 억울햇던 우리 이사쟝니임ㅁ 저 저번년도에 이솨장넴ㅁ이 올리셨던 그 귀요미 아기 이사장님 시절 빼빼로만 가득받고 속상해서 갑쟈기 어떤 다른 이사쟝님이 빼빼로로 새로운 음식만들어쥬는 그런거 올리셧자나영!!🫶🏻저는 옛날에 그 영상보고 왜 빼빼로가 싫지이?이랬는데 쓰읍 제가 지금 생각해보면 속상하실만 했을 것 같네요 ㅋㅋㅋ 어쨋둔!! 우리 이사장넴 생일 추카드려요❤️ 저는 아직 10대 여서ㅓ 이사장님은 언니로 봐야할 것 가타용😍😍 헿헿 진심으로 생일 추카드려욘❤️❤️ 이런 제 마음을 보고서라두 저를 뽑아주셔야져ㅠㅠ 저는 이런 이뱅에 당첨 되어본적이 한번도 업어서ㅠㅠ 아ㅏ참 이렇게 빌빌대면 안대징! 암튼 생일추카해 언니❤️
happy__ssul | 2024-11-11 | 이사장님 11월 11일 생일축하해용 🎂 🎂 1111이 생일인 만큼 인생에서 무조건 1번! 1등이 되시길 바래요! 유튜브에도 영상 1등! 조회수 1등! 언제나 1등만 하시길 바랍니다! 생일 너무너무 축하드려요! ❤️❤️ 😍😍
duaxka780 | 2024-11-11 | 이사장님 생일축하해요💕
이사장님은 남친한테 빼빼로 받았으니까 나눔하쟈ㅋㄱㅋㄱㅋㄱ
yu._.jin52 | 2024-11-11 | 언니 생일축하해용 잘 보구 있어요🥳 좋은 하루 보내세용💕"
2024-11-08,2227,인사드립니다.^^ 분식집 아줌마 막내딸입니다. 춤으로 이태리에@유학갔다가 이제 막 돌아왔으요.^^ 37주,,"park.hyojin0616 | 2024-11-08 | 와.춤선이.참.멋지네요.!
krystal_worthit | 2024-11-08 | 너~~~~~~무 이! 뻐!!!! 욧!!!!!❤️❤️❤️😍
hiskyhi | 2024-11-08 | 와중에 잘해서 킹받앜ㅋㅋㅋ👏
yhr_1205 | 2024-11-09 | 아니 춤을 웰케 잘추지?😍
216jeon | 2024-11-08 | 힘숨찐이 나타났다....🔥🔥🔥
ro__und | 2024-11-09 | 대.. 대박 😍❤️
e.uns0o | 2024-11-08 | 이사장님 다른사람으로 보여요..
근데 전 음식만들고 빵만들고 이런거 만드는 원래 모습의 이사장님이 더 좋아요❤️
seo_k0.0 | 2024-11-08 | 와 새삼 느끼는건데 진짜 이뿜,,
sbqlrnseo | 2024-11-08 | 뭐라고 해야할지 모르겠어요...
suyen0427 | 2024-11-09 | 저 문이 다른문보다는 좀 작은거죠?
0203__ria | 2024-11-11 | 분위기가 확달라지네용 오늘도 화이팅🔥❤️
z__xnv_7 | 2024-11-08 | 이언니 ㅈㄴ이쁘노😍
bagseogyeong58 | 2024-11-10 | 언이 진짜 ㅈㄴ 섹시하고 예뻐
hy._x14 | 2024-11-09 | 와ㅏ..반전이 대박인디용❤️🙌
yj_sung_2789 | 2024-11-08 | 키다리 아저씨다!
ceolhyeon20 | 2024-11-08 | 워메 이쁘네
zlxye.31 | 2024-11-16 | 언니 드레스 이쁘네요
hyewon2_ | 2024-11-09 | 키가 크시니까 팔도 엄청 기시네요...! 비율미쳤땅
_s.x1no | 2024-11-08 | 이분이신지 몰랐음 ㅋㅋㅋ
jii4370 | 2024-11-08 | 내 연예인..증말 .. 😍
hzvrnzzn | 2024-11-08 | 언니 징이니니닌짜 예뻐요오ㅠㅠ😻👶🏻
se0hyun_0101 | 2024-11-08 | 이사장님 !❤️ 요리도 잘하구 이쁘구 춤도 잘추구 부럽네영!❤️❤️
pinkwing86 | 2024-11-08 | 거 누가 불 좀 켜봐요
y3_jhshrh | 2024-11-12 | 감춰진 몸매 무엇?
my_love_haha | 2024-11-08 | 아니 몸선이 왤케 이쁘세요
syadeuseulreibeu | 2024-11-09 | 👏👏👏👏👏❤️
ieunyeong187 | 2024-11-09 | 드시는게 많은듯 한데 왜 날씬하죠 ㅡㅠ
___hovely0.0 | 2024-11-08 | 부럽다 베개,,
coejimin0709 | 2024-11-09 | 언니 완전 여신 버블티 만들어주세요 제가 와라비모찌로 버블티 만든는걸좋아해서요 부탁드려요
jua_1007 | 2024-11-08 | ❤️❤️❤️❤️❤️❤️
suhau_620 | 2024-11-11 | 이사장님!! 이뻐어....어???
hyeon_woo89 | 2024-11-09 | 천번째 좋아요!!!😍오예~!!이쁨
dlacodnjs.06 | 2024-11-08 | 나중에 맹화씨랑 콜라보 해주세요 ㅋㅋㅋㅋ
ys.0e0 | 2024-11-08 | 사장님이런거 하지마요ㅛ
hanbs89 | 2024-11-08 | 도우너 같아여!
minheeya_ | 2024-11-08 | 😮그 머랭과 이것저것을 드시면서..., 반전있는...😂👏👏👏
japuck12 | 2024-11-09 | 분식집 아주매 아이고요?ㅋ
ddalgi3311 | 2024-11-09 | 43빠❤️❤️와.존.경.해.요
hoon_pyo | 2024-11-09 | 순간 누구신가 했습니다ㅎ😂
huiddv | 2024-11-09 | 체중관리 어떻게하세요?ㅠㅠㅠㅠㅠ
ham_zzea | 2024-11-10 | 다 똑같..
ha_ho2474 | 2024-11-10 | 이사장 맞지?
muma_ukw | 2024-11-13 | 언니 왜 살 안 찌냐구욥뵤뵤ㅛㅂ
yeseul0410 | 2024-11-14 | 진짜 너무 잘추세요
ch_xng1009 | 2024-11-24 | 조립식 가족 주원이 닮았어요
hx.eun_216 | 2024-11-24 | 같은사람 맞나여
0dydhes | 2024-12-08 | ❤️❤️❤️
rlacoals172 | 2024-12-08 | ? 처음에 이사장님인줄 몰랐어요 ㅋㅋ
yeoja5837 | 2025-01-03 | 이사장님 너무 예뻐요.
si.xni12 | 2025-01-13 | 왜..예뻐..아니 왜 예뻐..?
lllys0827ll | 2025-02-04 | 춤영상많이올려주세용!!
dan._.aa1404 | 2025-02-22 | 왜근데 불꺼줬을때보다 불켜졌을때가 더 춤을 잘추지?"
2024-11-04,1496,"내..내가! 제주여행 홍보대사로 임명되다니 제주도를 뻔질나게 드나들더니 결국. 제주관광협회에서 홍보대사로 뽑아주셨습니다. 저는 제주도가 참 맛있게 보입니다 (?) 제가 미식을 사랑하는 사람이잖아요? 그래서 앞으로도 제주도의 미식에 대해 여러분들께 많이 소개를 해드리고 싶어요. 제주도는 관광명소로서, 관광지에 있는 많은 식당들도 유명하지만 곳곳에 정말 맛있는 지역음식들이 많다는거 아시나요! 최근에는 제주여행 내내 제주도에서 ‘착한가격업소’로 지정된 음식점들을 투어했는데 너~무 만족스러운 여행을 했기 때문에 여러분도 꼭 방문해보셨으면 좋겠다는 마음으로 유튜브 영상에서 소개를 해드렸었습니다! 2025년 한해 동안 제주도의 맛있는 부분을 많이 소개해드릴테니, 많이 많이 관심 가져주시면 감사하겠습니다😀 ( 아 그리고..이날 드레스 코드가 ‘pop한 컬러’ 여서 제일 시뻘건거 입고갔는데…나만 너무 튀었음 ㅠㅅㅠ) 수정됨 · 38주","#2024제주안트레, #여기바로제주, #안트레페스티벌, #selfie, #ootd","yooonjeju | 2024-11-05 | 실물이 1000배 더 예쁜 이사장님...❤️ 진심 모델인 줄 아라짜나요ㅜㅜㅜㅜ 2025 제주 홍보대사 넘 축하드려요.🏆🎊 늘 응원합니다.💗🍭🍫🍩🍬
immingoo_film | 2024-11-04 | 계속 과일 드시길래 진짜 미식 사랑하는게 느껴졌어요 ㅋㅋㅋㅋㅋ 좋은 컨텐츠 기다리고 있겠습니다 🤩
yoon_japji | 2024-11-04 | 축하드려요~~ 실제로 만나서 너무 신기하고 반가웠습니다🙌 실물이 더 예뻐서 기절,,♥️
koo0_90 | 2024-11-04 | 넘 멋져,,,, 최고야🔥🔥🔥❤️❤️❤️❤️❤️❤️❤️❤️❤️
yoon_japji | 2024-11-04 | 실물이 더 예뻐서 기절,,♥️
sososohopeful | 2024-11-04 | 뭐야 언니 꾸미니까 완죠니 연예인이자나😍
stonezer0 | 2024-11-04 | 제주도 미식투어 기대하겠습니다👍👍👍
artworks_podo | 2024-11-04 | 우와 부럽다 😍❤️ 축하드립니다
iameunbro | 2024-11-04 | 제주에 놀러갈 이유가 하나 더 생견군뇨,,❤️‍🩹🏝️
bboni._.bbang | 2024-11-04 | 너 무 멋 져 요❤️ 사 랑 해 요 이 사장
autu___mm | 2024-11-04 | 축하드랴용❤️❤️❤️
o._.jinsg | 2024-11-04 | 형 멋있다!
injiout | 2024-11-04 | 헐멋져요♥️♥️
mo_nyang | 2024-11-04 | 제주도 팬미팅 한번 해주세요 ㅎㅎ 다섯살 울꼬맹이 이사장언니 팬이에요~ (최애영상이 대왕푸딩 무너지는거랑 슈의 초콜렛공장... ㅎㅎ)
luce_sicut_stellae12 | 2024-11-04 | ㅎㅎㅎ 바쁘신 이유를 또 이렇게 알게되네요 ^^
dewlstory | 2024-11-04 | ❤️❤️❤️❤️
sunisland._04 | 2024-11-04 | 오오👏
kimeungyong1385 | 2024-11-04 | 오~^^축하드려요~❤️
first.___.quarter | 2024-11-04 | 립 컬러 뭔가용...
mon.tresor_soyeon | 2024-11-04 | 제주❤️
eun.park.ji | 2024-11-04 | 특히 레드 가디건 입은 이사장 너무 이쁘다
kimsunyeob | 2024-11-04 | 축하 합니다 짝짝짝
demoo_hcc | 2024-11-04 | 자켓 어디꺼에요?넘넘 잘어울려요
joy._.100 | 2024-11-04 | 이사장님 팝 그자체~~~~~~
oeeeeev | 2024-11-04 | 와 실물이 더더 이쁘신 이사장님 💖
매장에서 너무 반가웠습니다 ! 💖
chill_haza | 2024-11-04 | 제주도 미식투어 오면 나도 델꼬가🙌🙌🙌
haha._.2un | 2024-11-04 | 멋지다
k_chansook | 2024-11-04 | 양혜지 배우닮아써요
oeeeeev | 2024-11-04 | 트위드 자켓 너무 이뻐요 !!
찰떡 콩떡 🥰🥰🥰💖
jinyeonb | 2024-11-04 | 팝한 칼라 너무 어울리세요! 레드 트위드 너무 예뻐요❤️
dewl__nowon | 2024-11-04 | 듀엘과 너무 잘어울려요 !! 🥹❤️
이사장님 팬은 감격스러워서 광광 울어..
(듀엘 본사 보고있나.. 당장 이사장님 섭외해라.. @dewlstory )
sehan6016 | 2024-11-05 | 축하합니다 👏
play_eat_goe | 2024-11-04 | 제주도는 3 요소가 유명하다. 3요소는 바람 돌 그리고 여자(이사장)이다.
na_pretty01 | 2024-11-06 | 대박!!! 짱멋있어요👀👍👍👍 축하드려요ㅎㅎㅎ
jjiwoo.pyo.jj | 2024-11-06 | 언니 진짜 축하해요..!!그와중에 빨간색 넘 잘어울려 진짜 멋있어..!!
yangyunseo29 | 2024-11-06 | 와. 키 진짜크다 부럽😍
ryushin77 | 2024-11-07 | 아 못알아봤어요.....ㅋㅋㅋ 축하드립니다 ^^
areudrivingmecrazy | 2024-11-07 | 남찍사가 더 이쁜 우리 언니... 특히 저 날 너무 인형같으셧어요ㅠ 축하드려요👏
jinheeok07 | 2024-11-07 | 이상한과자가게님~~ ㅋ
scanttiy | 2024-11-11 | 예뻐여여ㅑ샤햐햫"
2024-11-01,1242,"마시멜로 잼 구하느라 해외직구 안해도 되는 이유(레시피⬇️) 마시멜로를 먹으면, 지구 12바퀴를 돌아도 살이 안빠진다는데 무려 !마시멜로 잼!을 만들어왔습니다😎 근데 마시멜로를 먹으면 살이 안빠진다는 이야기는 대체 어디서 시작된걸까.. 한동안 이걸 굳게 믿으면서 살다갘ㅋㅋㅋㅋㅋㅋ 이게 거짓말이라는걸 알고 충격적이었는데 여러분들은요………? (근데 사실 별 신경 안쓰고 먹긴 했음ㅎ) —————————————————— ➡️마시멜로 잼 레시피 재료: 달걀흰자 3개, 소금 한 꼬집, 시럽( 물 1/3컵, 설탕 3/4컵, 물엿 3/4컵), 바닐라에센스 1작은술 만드는 법: 1.시럽재료를 넣고 중약불에서 끓인다. (시럽온도 120도 까지! 온도계가 없으면, 시럽을 젓가락으로 콕 찍어봤을 때 시럽 마지막 방울이 3cm 길이로 늘어날 정도로 끓이기) 2. 달걀 흰자에 소금을 넣고 흘러내리지 않을 정도로 휘핑하다가, 시럽을 벽면으로 흘려넣으면서 단단하게 휘핑한다 (❗️시럽이 엄청 뜨거우니 조심조심. 한번에 다 쏟아넣으면 흰자 익어요!) 3.머랭이 충분히 단단해지면 바닐라 에센스를 넣고 섞는다. 38주","#마시멜로잼, #마시멜로플러프, #마시멜로스프레드, #베이킹, #디저트","2_cherry_ | 2024-11-01 | 머랭에 젤라틴 넣은게 마시멜로 아닌가용?😮 어렸을땐 지옥의 지방임줄 알았는데 커서 사실을 알게되곤 맘놓고 먹믄즁❤️❤️
__.maarrrrr.__ | 2024-11-01 | 나도 제주(대정)라 제주온다는 글보면 그렇게 반가울수가 없음. ㅎㅎㅎ 얼마나 다녀야 이사장님 용안을 마주칠 수 있을까융 ㅎㅎㅎㅎ 😂
xvcyuuuk | 2024-11-01 | 우선 저장..마시멜로디저트 요즘 많아서 궁금했어욬ㅋㅋㅋㅋ
soave_rim | 2024-11-02 | 저는 왜 안되는지 😢 두번이나 실패했네요 ㅜ ㅜ
eunchae_hodoo | 2024-11-02 | 오늘 젤리 쿠하쿠토해준다매ㅔ요ㅠㅠ😢
minheeya_ | 2024-11-01 | 마시멜로우는..굽지않은 머랭인가요😮?
pizzahut_official | 2025-02-19 | 그런데 마쉬멜로 플러피잼은 노브랜드에서도 파는걸요
none_hope_me | 2024-11-04 | 이거 뉴질랜드가면 개당 3-4000원인데...
vick4420 | 2024-11-01 | 음... 그건 지구 12바퀴를 돌아도 끊을 수 없을만큼 중독성 있는 맛이라서 그래요ㅋ
ma_chimnae12 | 2024-11-02 | 구운머랭 초콜릿 코팅 해주세요!!
hoon_pyo | 2024-11-02 | 가족들과 만들어 보겠습니다😃
hram_14 | 2025-02-23 | 이탈리아머랭아닌가요?
jeo_ung9 | 2024-11-06 | @eh._.biiiiin"
2024-10-30,2703,"이렇게.. 나 데려다가 맛있는거 해먹이는 친구 (나도 갖고싶다😎) 이런 친구 있으신 분?~? 베이비벨 이게.. 파티 요리 해먹을 때 활용하기 진짜 좋더라구요 핑거 푸드 만들어 먹을 수도 있고, 녹여서 먹을 수도 있고! 38주","#베이비벨, #베이비벨에멘탈, #베이비벨에멘탈치즈, #요리, #베이킹, #레시피","luce_sicut_stellae12 | 2024-10-30 | 아우야~~~ 😍😍😍 찐으로 햄볶한 시간~
s_.xyeo | 2024-10-30 | 진짜ㅜ먹어보고 싶네요😍😍 광곤가요??
hoon_pyo | 2024-11-01 | 8살 딸이 유튜브 영상을 계속 보길래 뭐가 그렇게 재미있길래 저리 보나했었답니다ㅎ 근데 묘하게 중독성이 있으시네요😊 요즘에는 제 딸이랑 같이 본 답니다ㅎㅎ😂 와이프도 조금씩 같이 보기 시작 합니다ㅎ
ire.log | 2024-10-30 | 치즈 미쳤다 !!!!!! 😍😍
stay__min | 2024-10-30 | 맛있겠다.....❤️
creann.0921 | 2024-12-13 | 여기 좋아보이네요 ㅎㅎ 치즈도 맛있을 것 같아요 놀러가신 곳 정보도 부탁드려요
eunchae_hodoo | 2024-10-30 | 젤리쿠아쿠토만들어주세요😢
hello_lemonchoco | 2024-10-30 | 저 베이비벨 노란치즈 진짜 맛있어요ㅋ 그냥 전자렌지에 데워서 과자에 끼워먹어만 봤는데 퐁듀라니!! 스테이크랑 먹어보고싶다 ㅠㅠ
e.uns0o | 2024-10-30 | 이사장언니 저 언니 좋아해요❤️
greengreengrass_stay | 2024-10-30 | 실물이 1도 안담겨서 넘 마음아프네요,, 귀여운 이사장님,,🥹 방문 감사합니다🌿🍃🌳💚💚
yumyumyumria | 2024-10-30 | 와…토마호크에 치즈 늘어나는거 진짜 대박… @bomimi_327 이거 봐봐 ㅠㅠ"
2024-10-30,2005,"발열 라면 용기 4000원,, 과연 이정도면 살만 한가?? 저는 ㅋㅋㅋㅋㅋ설명도 제대로 안읽어보고서,, 라면이 안에 들어있는 제품인 줄 알고 샀는데..? 용기만 여러개가 들어있더라구요😎 근데 막상 써보니깐 물을 못끓이는 상황에서 나름 유용할 것 같은데 여러분들은 4000원이면 어떠신 것 같나요???🙈 38주","#라면, #발열용기, #발열라면, #요리, #베이킹","dao_ni2 | 2024-12-11 | 이사장님을 처음부터 본 사람으로써 볼때마다 예뻐지시는게 제눈이 행복하고 입에서 물이 나와요😂
noahlee1995 | 2024-10-30 | 도라에몽이신가? 😂
hanmmmbin | 2024-10-30 | 언냐 사이다에다가 하리보 넣어 먹는 거 해주세여✨🫶🏻
kimeungyong1385 | 2024-10-30 | 아니!왜 순두부가 거기서 나와요?ㅋㅋㅋ😂
oz_xxo | 2024-10-30 | 오 없으니까 순두부를 넣고 다녀야겠군
hoon_pyo | 2024-11-01 | 순부두 나오고 나서ㅎ 다음꺼 빼실때는 계란이다~ 라고 생각했는데 아니네요😅
_destinyyyyy__mm | 2025-01-23 | 요제품 비행기탈때 가져갈수있을까여?
lifesky6120 | 2025-06-10 | 😂😂😂😂😂😂
_mmlleook_ | 2024-10-30 | 어딘지 모르겠으나 차창 밖으로 잠시 비쳐진 하늘 넘나 예뻤음..
parkhyeonjun0705 | 2025-01-26 | 그냥 편의점을 가세요"
2024-10-29,좋아요 없음,"마라탕 먹고 남은 국물에..다들 밥 안말아드시나요?!!? (혹시 나만…….?) 난 진촤..마라탕 먹고 마지막에 밥 안먹으면 허전하던데 마라탕 국물이 몸에 나쁘다, 더럽다 별별 이야기가 많더라구요 ㅎㄷㄷ 그리고 제일 걱정 많이 하셨던ㅋㅋㅋㅋㅋㅋㅋ밥솥!!!! 다음 밥을 할 때,, 마라향기가 좀 나긴했으요😎 38주","#마라탕, #밥솥, #밥솥요리, #레시피, #요리, #베이킹","poiu4866 | 2024-10-31 | 꼭 다먹고 남은걸로 실험 하셔야 했나요...먹기전에 국물좀 따라내시고 하시지 내가 먹던거긴하지만 먹던거라 먹기가ㅜㅜ
unistella86 | 2024-10-29 | 밥통은 괜찮나요?
philosophy.b0 | 2024-10-29 | 국물이 왜 남죠…국물까지 다 먹어서 없는뎅….😂
su.2m1n.q2 | 2024-10-29 | 밥을먹고 위장은 괜찮았는지 .. ..
kimhs392712 | 2024-10-30 | 밥맛이 뚝떨어진다 아진짜 뭐하는거야
oz_xxo | 2024-10-29 | 언니는 참 해도 저런 생각을 하니.. 대단하다 이사장
yezzing2014 | 2024-11-28 | 마리탕 국물이 소기름 이에요!!!😮😮
im_daa.__ | 2024-11-05 | 소기름이 엄~청! 많이 들어가서 먹으면 소 기름이 우리 몸속에서 굳어서 소화도 잘 안되고..그런다고 하네요 근데 저도 마라탕 먹고 나면 소화 안되고..화장실도 엄청나게 가요..😂 근데 맛있으니까 그만임
si1ver.g_03 | 2024-10-29 | 소 기름으로만 만들어서 그럴걸용
y_eon.rosx | 2024-10-31 | 한국은 한국인 입맛 맞춰서 사골베이스로 만들어서 먹을 수 있지만 중국은 아니에용
hhui52 | 2024-10-31 | 중국 길거리 마라탕은 폐유 같은 걸 쓰고 사람들 설사하지 말라고 변비약 넣어서 재탕하고 또 재탕하고 무한 반복이라 그래여~~~~
wq_dboq | 2024-11-04 | 한국은 마라탕 국물 베이스가 사골 육수지만 중국은 소 기름이 베이스여서 안먹는다고는 하지만 박쥐도 먹는것들이 소 기름이 더럽다..?
melissa.yoo | 2024-10-29 | 보통 중국에서는 마라 탕이 아니라 마라 꼬치이고 길거리에서 닭꼬치마냥 이것저것 골라서 백만개를 먼지투성이 길가에서 끓여서 건져주더라고요…
song._.mj1235 | 2024-12-08 | 중국에 마라팅은 거의 마라샹궈차럼 국물이 적어서 마라탕에 국물을 먹는다느건 먹을게 없어서 엄청적은 마라탕국물까지 먹는 즉 거지라는 뜻입니다
gede_._e | 2024-12-12 | 아 드러 먹고 남은걸로 재탕하고 싶냐???
아무리 지가 먹던거라지만 우웩
0.o_lia12 | 2025-01-14 | 소기름 덩어리니깐 건강에도 안좋고 지방만 싸이죠... 하지만 저눈 일주일에 한번씩은 먹어줘야하는....🔥
jy_4547 | 2024-10-29 | 숨은쉬고말하고있는거죠?
hyunseo999999999 | 2024-11-15 | 저거 그냥 소기름인데...
htaejun_0 | 2024-10-29 | 중국에서는 마라탕 국물을 재탕 한다고 하더라고요
here_n_happy | 2024-10-31 | 어.. 손목 왜 그래용
pineapple.gay | 2025-04-23 | 중국 마라탕 국물은 완전 기름이 산더미로 들어간다는데 한국의 마라탕은 중국보단 기름이 덜 들어간다고 하네요 그래서 중국인들이 마라탕 국물이 더럽다고 한다하네요
x_x.do | 2024-10-29 | 중국 물 석회질 들어가있어 보통 버려요
gugjungwon | 2025-01-10 | 그럴 거면 말아먹으면 되잖아
ooh_0311 | 2024-10-30 | 마라탕 원료가되는 화자오는 상상 그이상으로매워 위장을자극하기때문에 화자오 가 녹아 있는국물은 위장염의 원인될수있어서 먹지말라는겁니다
pledis55 | 2025-03-04 | 국물 싱크대말고 제 입에 부어주시면 안되나요
spawn3253 | 2024-10-29 | 볶음밥에 마라탕 국물 말아서 먹으면 천국임
hyeunjooungkim83 | 2024-10-30 | 몸을 버리는 음식인듯ㅋㅋ
iseobin655 | 2024-11-07 | 중국 마라탕은 우리나라 길거리 떡볶이같은거라서 그런 거예요
ttotto_dan_a | 2025-03-06 | 앗..마라탕 국물증기..밥솥 내부 사이사이 빨갛게 물들었을거 같은데..밥솥 괜찮으신가요?😢
jae_hyun.p | 2024-11-26 | 중국은 물 자체가 더러워서 그런걸로 알고있어요
우리나라랑 일본 물은 세계적으로도 깨끗한 편이죵
ehk_0702 | 2025-01-15 | @hochang96 자기야 중국가서는 마라탕 먹지말자ㅠ
_yelim__infp | 2025-01-24 | 버리기 왜 아까운지 알 수 없따,, 내용물은 이미 다 먹었는디 놔둿다가 뭐하실려궁
wq_0514 | 2024-10-29 | 더러워서 보다 매워서 안먹는 사람도 많은데
man_yuhae_ | 2024-10-31 | 더러운게 아니라 들어보니 기름이 많고 향신료가 많으며 나트륨이 과다하기 때문에 천민들만 국물을 먹는것이라고 중국 음식문화라 하더군요 되도록이면 볶거나 찜요리들 기름진것을 먹기에 차문화가 발달되었고 국물요리는 지향한다는 말이 있다네요
heo_9sh | 2025-01-17 | 마라탕 국물이 소기름으로 만들어서 그렀습니당
o8.o2.26 | 2025-01-02 | 마라탕 국물이 왜 더럽냐고 하시는데 제조 과정을 찾아보시면 알수 잇습니다. 일단 우리나라에 수입되는 마라소스는 100% 중국에서 오는거고 중국에서는... 엄....직접 찾아보시길 바랍니다
liillililiiliililililillliili | 2025-04-04 | 아우드러워
gongbok_119 | 2024-12-12 | 몸에안좋은 온갖건 다쳐먹네
acox705 | 2025-03-28 | 드르라
gggjkpicdreams125 | 2024-10-29 | 옘병이다 진짜 저거 뚜껑 다분해해서 청소해야하는짓을
sys_mandu_ | 2024-12-21 | 난 텀블러에 넣어서 마시는디
y.xwonl_ | 2024-11-18 | 쓰레기 기름 으로 만들었으니까
g.binch | 2024-10-31 | 냄비밥을 했어야지
l._.09jh | 2024-11-06 | 정보 마라 소스는 중국거다
11chan_ung11 | 2024-11-02 | 음쓰
korean.dk | 2024-10-30 | 마라탕 역겨움.. 홍어보다 맛없음
johnkim2040 | 2024-10-30 | 디음엔 그냥 버려라 저게뭐냐 밥통에서쩐네난다
fxdb_g | 2024-10-30 | 중국은 ... 아 아닙니다😢
yople9318 | 2024-10-30 | 마라탕 국물은 먹고 이와 비슷한 훠궈가 원래는 다같이 같은 국물로 샤브샤브를 하는 요리라 국물을 안먹었죠
freedom2317 | 2024-10-30 | 중국도 안먹는걸...
bbppbb__ | 2024-10-29 | 걔네는 마라탕을 샤브샤브처럼써서 큰통에 건더기를 넣고 건진다음 계속 재사용해요
zweiyidian4444 | 2024-10-29 | 재업아닌가
a_jonna_jol_ria_sshi_bbal | 2024-10-29 | 중국과 한국의 식문화 차이때문에 더럽다네요 한국꺼는 안심하고 드셔도 됩니다
minseo3607 | 2024-10-29 | 중국에선 마라 국물 재사용 한다던데요 ㅎㅎ
lee.juhye | 2024-10-29 | 더러운거보다 너무 매워서 안 먹는다는걸 본거같은데, 리뉴얼시킨 밥 맛있어보여요!!!🤤🤤🤤
zhucanu_2012 | 2024-10-29 | 엄마아빠 중국인이신데 마라탕궁물 맛있다면 오히려 마시라고 하시는썰이
yousemi05 | 2024-10-29 | 소 기름이 엄청 더러워요 불순물이 많고 손도 안 씼고 재료들 만지면서 만들어서 국물이 더러워요🙌
d.ong_woo | 2024-10-29 | 군침이 싹 도노
wnsn0210 | 2024-10-30 | ? 증기 오를때 천장 지랄 안나나요?
awkwardly83 | 2024-10-30 | 밥솥 씹창엔딩?
captain_perpect | 2024-10-30 | 읔
rornf44 | 2024-10-30 | 백퍼 소기름이니까? 소기름 몸에 안조아효~
danielma26 | 2024-10-30 | 예전에 중국 식당에서 마라 훠궈 국물 떠서 먹으니간 중국인 서버가 날 데개 그윽하게 쳐다 보던데 ㅋㅋ
kyounghyekim2024 | 2024-10-30 | 나트륨땜에?
im_jiyoone | 2024-10-30 | 도마 어디거에요???
backo1550 | 2024-10-30 | 티브에서 봤는데 이글루 만드는 얼음인지 눈덩이 괴짝같은걸 넣는데 그게 소기름 굳힌거라는거 보고 뜨악~~~
llkwonhee | 2024-10-30 | 밥통망가짐 ㅋㅋㅋ
l__b_y | 2024-10-30 | 왜 더럽긴요 중국이니까 그라지요😂
hwangdoyeon38 | 2024-10-30 | 기름밥임
justwatchnvm | 2024-10-30 | 이런거조아 생각도못햇는데 신기하네여
jjim_yun | 2024-10-30 | 중국속담에 마라탕국물에 빠져죽을놈? 이런비슷한 속담이 있을정도로 국물이 몸에 안좋다고 중국사람한테 들었…😂
rbalsdl12 | 2024-10-30 | 나트륨...
titan446208 | 2024-10-30 | 긴급소생술 성공하셨넹 ㅎ👏👏👏
j1667621 | 2024-10-30 | 너나쳐먹어
l_k_o1212 | 2024-10-30 | 혈압 초고속으로 올리기 딱좋은....
eh._.damia | 2024-10-30 | 중국거는 더러운거 맞지않나요 우리나라에 들어오면서 우리나라사람들 국물좋아해서 사골베이스로 만드는거 아닌가
ehjfe | 2024-10-30 | 저도 국물 다먹어서 남기질 않네요😂😂😂
chun_youngwoong | 2024-10-30 | 소기름때문, 마시면 혈관막힘
jung_gisoo | 2024-10-30 | 원래 중국마라탕은 국물을 먹을려고 한 요리두 아니구 제가 중국에서 먹었을때 화한맛에 한국이랑 다른 음식이였습니다ㅎㅎ한국에선 그냥 드셔두 됩니다ㅎㅎㅎ
euneee._.a | 2024-10-30 | 립 정보가 매우매우 궁금합니다 ..!!!!!!🥺🥺
hyevviness_ | 2024-10-30 | 아닠ㅋㅋㅋㅋㅋ솥으로 밥을 지으시면되짘ㅋㅋㅋㅋㅋㅋㅋ 밥솥 닦기도 힘드실텐데ㅠㅠ
k_haru__s2 | 2024-10-30 | 국물 500ml정도씩 소분해서 냉동고에 남겨뒀다가 라면끓일때 국물언거+물한컵 해서 라면 끓이면 진짜 굳굳 다해봤지만 오징어짬뽕이 젤 잘어울려요 너구리도 괜츈
skw4571 | 2024-10-30 | 중국 사람들이 마라탕 국물이 더러워서 안 먹는게 아니라 기름 덩어리라 먹지 안는거 아닌가요?
ultras_pjw | 2024-10-31 | 엄....
lee_ms_97 | 2024-10-31 | ?
ksh35797 | 2024-10-31 | 국물은만먹는거야^^ 왜안먹을까?
1yurisora | 2024-10-31 | 국물이 왜 남는지 이해가 안가는 1인
j_princess_1117 | 2024-10-31 | 난 국물땜에 마라탕 먹는뎅....ㅋㅋ
hyosung.kim.98871 | 2024-10-31 | ㅋ 마라탕국물 기름덩어리일텐데 .. 거기가 맛도강해서 전그냥버립니다 살찌는지름길이여라~ 현지인제와이프도 국물은절대 드링키안합니다ㅋㅋ
rudthf202274417_ai4xa9saazee | 2024-10-31 | 중국에서 마라탕팔때 재탕하는경우 있어서 드럽다고 할껄요
vividjihyun | 2024-10-31 | 으엑 마라탕 기름떠서 역할텐데 김치국물도 아니고 ㅡㅡ
chajuyeon77 | 2024-10-31 | ㅈㅈ
dean7138 | 2024-10-31 | 마라탕이 중국에서는 대표적인 길거리 음식입니다. 우리나라 오뎅삶아 주는거 같은건데 국물을 절대 안바꾸고 계속 끓고있는데다 물만 보충하면서 건더기만 삶아내사 팝니다. 길거리다보니 별거 다 들어가는데 계속 새로 안하고 재탕만 죽어라 하니 더럽다고 느낍니다. 근데 더러운 물에 삶은 고기는 먹어...
j._a_chu_ | 2024-10-31 | 아... 밥통 마라탕에 취하겠네.. 한 일주일 갈 것 같은데
j.__.h_lee | 2024-10-31 | 제발....그냥 버려.....
uth.1112 | 2024-10-31 | 기름만 아니면 먹는건데,,
cxixoon | 2024-10-31 | 소기름 땜에 더럽다고? 느껴지는거임 ㅇㅇ
hana1335 | 2024-10-31 | 중국재료가 깨끗할리가
hxowu_ | 2024-11-01 | 한국꺼랑 중국꺼랑 달라용!
merrizzang | 2024-11-01 | @juninim89"
2024-10-28,좋아요 없음,"오렌지껍질을 먹을 수 있는 방법🤔 ( 씁쓸한 맛을 싫어하시면, 껍질 흰부분 제거 필수!) 39주","#오렌지, #디저트, #간식, #베이킹, #food","artworks_podo | 2024-10-28 | 주소 알려주시면 애기들하고 알맹이 다 먹고 껍질 보내드릴게요
quentabelog | 2024-10-29 | 설탕 얇게 올리시고 그 위에 다크초코코팅도 맛있습니다.
lxxn.ow | 2025-01-13 | 오렌지 껍데기로 마들렌 만드는 내용이 있는 영어본문이 생각난다
parkjeho88 | 2024-10-29 | 오렌지를 사랑합니다, 🔥최강한화🔥(?)
sea_pearl.09 | 2024-10-28 | 다음 영상 달고나 쌍쌍바 해주세요
delight._.mirth | 2024-11-11 | 쿠엥트로에 오렌지 껍질로 만든 초콜릿을 함께 곁들인 라떼를 마신 적 있는데... 정말 훌륭한 맛이었어요 😢 오렌지 껍질로 디저트까지 만드시다니 곁들이면 최고의 조합일 거 같아요 🔥
jaeh.wan_12 | 2024-12-01 | 껍질 먹으면 못 만드나요?
nxu.a1n__ | 2024-10-28 | 쫀듸기 같은 비쥬얼
eeeeeaaeeeeei | 2024-10-29 | 괜찮아요 전 다먹어요.
ka.xnho_ | 2024-11-03 | 껍질 맜있는데?
xxoil_0414 | 2024-10-28 | 식빵 갈색부분인줄
heoy_oon | 2024-11-02 | 귤껍질로 해주세용!
0205.a__a | 2024-10-28 | 환경 생각하면 괜찮네
seyi_ko | 2024-11-14 | @noomos_sowoon 오 궁금하다
taengni_sz | 2024-10-29 | 동경 제과학교 출신 사장님이 계시는 디저트 전문점에서 알바 오래했는데 오렌지껍질 설탕 졸임에 초콜렛 코팅한거 판매했었어요❗️ 되게 비싸고 자주 안나오던 초콜렛 종류였은뎅 달콤 쌉싸름하고 맛있어요❗️
_mmlleook_ | 2024-10-28 | 끝까지 알맹이 고수😂😂😂😂😂
s_.ayull | 2024-10-29 | .
ldoggo.zm | 2024-10-29 | 귤껍질도되나용??
kim_jung_a01318 | 2024-10-30 | 결국은 본인도 알맹이를 선택했네요~~~ㅎㅎ
sr.mariamanda | 2024-10-30 | 농약이 너무 많은걸로 알고있는데요
동영상처럼 세척하면 농약이 다 없어지는 건가요?
it.the.cookie | 2024-10-31 | 신가하다
c_h.0n | 2024-11-02 | 귤껍질 그냥 먹는 사람 저요 .. 🙋‍♀️🤦‍♀️ (얘들이 특이취향이라고 많이 놀립미더 핳
actinghan_glee | 2024-11-03 | 여기에 다크초콜릿 존맛
dozing__3 | 2024-11-03 | 그냥 먹어도 맛있든디....
unfo6s_ | 2024-11-04 | 사장넴 한입만요...
3ichil | 2024-11-07 | 정과에 설탕을 볶볶..
choiminjoo9 | 2024-11-10 | 어떻게말려요?기계?
baggeumhui26 | 2024-11-12 | ㅋㅋㅋ😆
baggeumhui26 | 2024-11-12 | 오렌지청을담그는?😂
da.mi2933 | 2024-11-27 | 귤껍질도 되나욥?!
h_jj306 | 2024-12-02 | 우린저걸 돼지라 하기했어요 ㅎㅎ
sy.lee1003 | 2024-12-03 | @dlska258
1sy1n_ | 2024-12-12 | 귤도 되나욜..?
0e_yu_0 | 2024-12-14 | 알맹이요!!
hanakim5179 | 2024-12-22 | 귤은안되용😮
jxnho0_11 | 2024-12-30 | 자몽
aalsp119274nnaa | 2025-01-09 | 솔직히 귀찮아서 그렇지 맛있겠당
1swaspj1407473945426 | 2025-02-14 | 그..빵껍질 튀긴건줄 알았네요
kimhyojoo2015 | 2025-03-18 | 감튀아님?ㅋㅋ
chkkyu_ | 2025-03-23 | 제아는 아까워서 다먹던데 @_z1.xa3"
2024-10-23,좋아요 없음,"순대국밥을 만들 수 있는 마법의 가루 🧚‍♀️(근데 상당히 익숙하고 + 심지어 맛있다고 느껴짐….!) 제가 새우젓, 마늘, 들깨가루 이것 저것 넣어서 맛있다고 느껴졌던 것 같기도 합니다. 그냥 가루 자체는 사리곰탕 맛이에요! 39주","#순대국밥, #요리, #레시피, #베이킹, #food","eclipccy | 2024-10-25 | ㅋㅋㅋㅋㅋ짐 들고 뚜벅뚜벅 걸어가시는 거 왤케 마인크래프트 캐릭터같고 귀엽죠
lovely._.ballet | 2025-01-28 | 가스버너 어디서 사신건가요..... 예쁘다... 사고싶다.
whgurdnjs11 | 2024-10-26 | 마라탕?
imseoa__ | 2024-10-24 | 국밥분말로 캬라멜😮
_coco_candy | 2024-11-14 | ㅎㅎ사리곰탕면 에 라면 빼고 순대넣으면 그맛입니당
hanseolee6132 | 2024-10-23 | 면사리
l.xsyun | 2025-01-24 | 사골 육수로 마라탕 만들어 주세요!!! 세상에서 제일 예쁜 언니!!❤️❤️
jjjjju_35 | 2024-10-23 | 분말 좀 적게넣고 부대찌개요!!
itsmegganna | 2024-10-28 | 미역국 김치찌개 부대찌개 만둣국 고기육수 어울리는 음식은 다 가능
seojeong__98 | 2024-10-24 | 아 개마싯겠다... 배고파....
hanseolee6132 | 2024-10-23 | 저기다면사리랑 고춧가루
jjinyh__ | 2024-10-23 | 돈코츠 라면 이요!!!
heominha53 | 2024-10-26 | 신박하시네요
o.o12.23 | 2025-01-09 | @_mxxoo_ 오 지려따 진짜ㅋㅋㅋ 필수템 아니냐구
twinmamyangsoso | 2024-11-03 | @simonh1224 없는가루가없네
joomihwa | 2025-01-07 | @ddugi.s 그집비결이 이건가?
min_jjjji__99 | 2024-10-23 | 상의 정보 알려두새요오옹😍
sohye_y | 2024-10-28 | 이사장님 돼끼님께서 맛있게 드셨던 소고기무국이랑 배추시레기국 레시피좀 알려주세요.~너무 먹고싶어요... ㅠㅠㅠㅠㅠㅠㅠ
s___seohyun | 2025-02-01 | @jang_ggo_ 홀,,, 우리집앞두????
sitting__jeans | 2025-02-12 | 마라탕이유
youtubecreatorskorea | 2024-10-25 | 이상한 과자가게 weird sweets shop 님의 영상이 인기 급상승 Shorts에 올랐어요!
이렇게 추운 날씨에 이사장님표 뜨끈한 순대국밥이라니...🔥🔥
YouTube도 한 뚝배기 하고 싶은 걸요?
simplelife_su | 2024-11-14 | @hiimcch 헐.
panju.kim | 2025-02-18 | 떡만둣국!!!!
kimjoo_.won | 2024-11-16 | 맛있게다
song1113song | 2024-11-20 | 순대국밥 푸딩
winsome0495young | 2024-11-20 | 저 사골파우더 어서사신거에요,
_mmlleook_ | 2024-10-23 | 선박장인가오...?
huitae2222 | 2024-12-24 | 파스타요
happy_s1730 | 2025-01-30 | 떡국 .김치찌개.부대찌개.돼지국밥. 해보세요
noiidfop32 | 2024-10-24 | 나는솔로 옥순님 맞나요 ?
psycocomo | 2024-10-29 | 순대 먹다가 남으면 냉장고에 넣었뒀다가 출출 할 때 사리곰탕면에 넣어먹으면 순댓국 됨"
2024-10-22,4475,"만들면서 현타 한번 옴. 근데 정들어서 또 현타 옴. (❗️주의사항⬇️ 망고 알러지 있는 분들은,, 망고씨 만지면 안돼요…!!!) 39주","#망고인형, #망고, #베이킹, #디저트, #간식","lim_eo | 2024-10-22 | 참 착실하고 성실해 보이는 모습이 너무 좋아서 팔로우 했어요! 잘 부탁드립니당🤗
onon1229_ | 2024-10-22 | 너무 재미있어요❤️
rael___sz | 2024-10-22 | 아..ㅋㅋㅋ무슨동물인가하고봣어요😂
ehs322 | 2024-11-09 | 안에 있는 망고 씨앗 여름에 심으면 아보카도 처럼 잘 자라요!
yeojyeong1117 | 2024-10-24 | 아 언니 귀엽다..
non_pigeon | 2024-11-03 | 망고 씨 조심하세요!! 😢 옻 올라요
real_fc_no.17 | 2025-03-08 | 저 드라이기 우리집에 있는데
eri_n0928 | 2024-10-22 | 우리 아부지께선 망고씨를 드시다..(?) 망고알러지가 생기셨어요..😂여전히 망고를 드시면 발진이 올라오셔서 손도 못대십니다.😢 그저 눈빛으로만 드시는것같아요..ㅎㅎ혹시 망고디저트 만들어주실수있나요?🔥
ye_jin0112 | 2024-10-24 | 아 처음에 햄스터 찌부 된건줄..
dakyung0706 | 2024-10-26 | 약간 마루는강쥐에 나오는 햄찌닯았어용..ㅎ
muncaeweon560 | 2025-01-26 | 드라이기그거우리도있는데............
kimjoo_.won | 2024-11-16 | 귀여다❤️
lee1chanyul | 2025-03-23 | 이름운 조지로 ㄱㄱ
d0h_ynx | 2024-10-30 | 경고! 망고는 보지 말것
e.uns0o | 2024-10-22 | 애완망고씨
w.xhull | 2024-12-10 | 저거 세탁기에 눌려서 죽은 쥐 같아
hottest978 | 2025-01-14 | 썩기직전의 냄새가 나는거보니 내망고가 확실해"
2024-10-21,5747,누가 뻥튀기로 핫도그 만들 생각을 했겠냐구!!! (님들 진짜 천재) 40주,"#뻥튀기, #간식, #레시피, #맛스타그램, #핫도그","yeseon_kate_kim | 2024-10-21 | 저두 설탕+캐찹이욬ㅋㅋ
seomk04 | 2024-11-22 | 왜치즈는 안넣으셨지😢😢😢😢😢
redjoy_kang | 2024-10-21 | 진찌 같이 살고싶네요...
kmk3456 | 2024-10-23 | 호떡믹스로 해도되나요ㅋㅋ
jaewoong07 | 2024-10-21 | 설탕+캐찹+머스타드 세로로 2줄?😍
rr_____yu | 2025-02-05 | 팔 왜그래요 ㅠ 손등모야 ㅠㅠ 데인고야?
_do__sh_ | 2025-02-19 | 음식인플루언서는 금손 필수인듯요!! 어째 다들 이리 잘만드실지 신기해웅
smoma870 | 2024-10-21 | 설탕은 무조건발라야지ㅇ0ㅇ
jacquelinejoung | 2024-10-21 | 마카로니 뻥튀기가 어떻게 남아요..? 어떻게 처치곤란일수 있어요.......??!? 핫도그 맛있겠댱..
j_a_n_e94 | 2024-10-21 | 후원계좤ㅋㅋㅋㅋㅋㅋㅋ 181818ㅋㅋㅋㅋㅋㅋㅋ
y.s1n20 | 2024-11-07 | 저거 넣어서 황치즈맛 쫀득쿠키만들어주세요
twinstsniwt | 2024-10-21 | 진짜별걸다만든닼ㅋㅋㅋ
hye___dee | 2025-01-03 | 이사장님 꿈에 나와서 로또 샀어요🔥
uouv330 | 2024-10-21 | 👏👏👏👏
jeongyucan819 | 2025-01-24 | 아니면은 뻥튀기를 믹서기에 갈아서 다시 해주세요
hyy._.0502 | 2025-01-06 | 저두요!
yoonhoo0509_ppp | 2025-01-28 | 젓가락 잘림
aromi_o_o | 2025-01-25 | 반죽비율 알려주세요
bailey_kanghee | 2025-04-10 | 저 반죽 만드는 방법 좀 알려주심 안될까요!
gimaeeun73 | 2025-01-27 | 압구르기뒤구르기해보셈
_mmlleook_ | 2024-10-21 | 와 이건 진짜 소리로 알 수 있을 것같다 와👏👏👏
kim_jung_a01318 | 2024-10-24 | 나도 설탕 케첩이요~~~
youtubekorea | 2024-10-21 | 금손 사장님과 천재 구독자들의 만남 👍🏻"
2024-10-18,2.4만,"비닐봉지에 막 넣고 비벼먹는, 미국의 유명 음식?! 난 진짜 남들이 이거 꼭 해드셔봤으면 좋겠어… 재료가 쬐끔 독특하긴 해도!!! 한번 사놓으면 계속 해먹을 수 있어요!!!! 수정됨 · 40주","#보일링크랩, #boilingcrab, #푸드스타그램, #레시피","mbc_sb | 2024-10-22 | 저 비닐은 환경호르몬 안나오나요?
ehs322 | 2024-10-19 | 시푸드 보일 맛있지만 한국식으로 쪄서 초장에 캬~~~
mingurimom | 2024-10-19 | 저기에 존슨빌 소세지도 추가요!! 증말 맛있쥬!! 저만 집에서 만들어 먹는 줄.
minheeya_ | 2024-10-18 | 😮❤️
algiecalifornia | 2024-10-20 | 루이지애나 핫소스가 빠졌는데 그게 있으면 더 맛있어요 ㅎㅎ
ayoung_daily | 2024-10-19 | 목소리와 말투가 황우슬혜 느낌 나네요 👍
woo_bro_love21 | 2024-10-18 | 근데 오늘은 꽃게가 없는데요?ㅋㅋ
seo_k0.0 | 2024-10-18 | 와,,,,,
mlyoungpark | 2024-10-20 | 찜통 좀 바꿔요
건강에 안좋아요
찜통보고 깜짝놀랐어요
so_ye6 | 2024-10-25 | 비 비 비 비 비 비 비 비 비 빔 유비빔
eyedoc119 | 2024-10-19 | 감튀에 올드베이만 뿌려도😍
ciiiiiiiiiiiiiiiiiiiia_7 | 2025-01-25 | 왜 봉다리에 담아먹지ㅠㅠ 환경호르몬 나오는디
yunjae__ya | 2024-10-20 | @sunggyuuuuu 쟈갸 우리 태국에서 머겄던거 보일링크랩 맞지 !!!???
bella_chaeng | 2024-10-26 | @seulki_new 핫앤쥬우시이
zenaisyo | 2024-10-20 | 칼로리 폭탄이긴 하지만 남은 소스로 라면 끓일 때 한, 두스푼 넣어보세요 국물맛이 끝내줍니다
e___n_pop | 2024-10-19 | The Boiling Crab.. 버터때려넣고 햄넣고..
kimcoldcut | 2024-10-25 | 루이지에나 해산물찜 이라고 하는데, 말씀 하신 시즈닝으로는 2%부족합니다. 저기에 추가로 케이쥰페퍼, 레몬페퍼 시즈닝은 무조건 들어가야 되고, 나머지 시즈닝 3가지 더 들어가야 합니다. 나머지 3가지는 영업비밀
h_oosssss | 2024-10-18 | @pphyuna 나이거나이거!!!!
_mmlleook_ | 2024-10-18 | 엄청 대단한 음식하면서 아무렇지 않은 듯 이야기 시작한다... 하... 군침
hihihahahohohehei | 2024-10-22 | @xuzhuxii 기억나니 😂
_mmlleook_ | 2024-10-18 | 버터.. 올바르다👏👏👏
go__mj23 | 2024-10-23 | @leesz___ @zzero.ee
gprud1001 | 2024-10-19 | 옥수수가 들어가야 제맛인데~~~
minnnnnnnnnnnnm_ | 2024-10-19 | 라스베가스에서 먹은 핫앤쥬시가 기억나네요 ㅠㅠ
rivermountain_0330 | 2024-10-18 | @photo_pigbro
swww.__.0n | 2024-10-19 | @holdings11
153153a | 2024-10-19 | @yong.__.c
mins__83 | 2024-10-19 | 어머~ 어머 한입만🥹
pangpanglove2296 | 2024-10-19 | 해줭 ..맛있겠다
j.seulkey | 2024-10-19 | @chaeseong__lim 나 크리스마스에 요겅
chea_min1111 | 2024-10-19 | 맛있겠다..언니..한입만
eternity__2019 | 2024-10-19 | 무슨 소스인가요?
lvvlvv1011 | 2024-10-20 | 삶은계란,파스타면 사리추가요
_lsh_91 | 2024-10-20 | 소시지 넣으면 진짜 맛있어요!
mahkatendo | 2024-10-20 | 쥬시크랩 존마탱
bonobonoya226 | 2024-10-20 | ㅇㅅㅇ하 @ssu_jjnng 이거해먹쟈
ethanlove.dodam | 2024-10-20 | 레시피 궁금해요!!!!
jinmo_0825 | 2024-10-20 | 비닐봉지 없어보임.. @lee_hyun0416
rabbiday_ | 2024-10-20 | 가루는 어딧나용..?
jeoungguk1 | 2024-10-20 | 개인적으로 한국식 해물찜이 더맛있는거같아요~^^
__jjiyoung | 2024-10-20 | @xx._.ys 해즈ㅏ
eunji.uk | 2024-10-21 | 씨푸드 보일 ㅠㅠ 이거 정말 맛있어요. 남은 소스에 알리오올리오 파스타 비벼서 먹으면 정말 끝장나요. 😋
oath_sunnnseo | 2024-10-21 | @i4.may 또먹고싶다 밥 조물조물
happy_h_y | 2024-10-21 | @special_kwak 이거한번도전해볼까영
suhyeony.95 | 2024-10-21 | 찜기에 때려넣고 물 넣나용?
__won2__ | 2024-10-21 | @won11_4 @cafe_ubuntu_jw 한번해먹는거 가능?
eeajnueeel | 2024-10-21 | @ragaboy_93 이거여 ㅋㅋ
som_vely._ | 2024-10-21 | 이고 파스타면 소스에 비벼먹음 존맛인데,,
kimjiyun0224 | 2024-10-21 | 저 좀 해주세요..😂
yujeongsu978 | 2024-10-22 | 미국이 워낙 다 때려넣고 파티 처럼 즐기면서 먹는게 많다 보니 씨푸드 보일 또한 양이 많을 수 밖에😂
julie_richard_eats | 2024-10-22 | 엘에이엔 보일링 크랩이 있어요 ㅎㅎㅎ
cristi._.v | 2024-10-22 | 아르헨티나 살때 진짜 많이 해먹었는데ㅜㅜ
hya_91 | 2024-10-22 | @w_bble 해먹어보고싶다 ㅋㅋㅋ
rose_kkk | 2024-10-22 | @daloving_ 해줘
debjso | 2024-10-22 | Seafood boil baby ㅈㅁㅌ
jooahyun91 | 2024-10-22 | @jonga.kim.7 해줭
engus_choi | 2024-10-22 | 저녁에 이거 남은거 먹으까?
siyu_1029 | 2024-10-22 | 미세풀라스틱
eunjin_0892 | 2024-10-22 | 보일링크랩 소스 따로 팔아요
hye_1___s | 2024-10-23 | @min_0909_ 이거 제주에거먹은거그거쟈녀
je.ni2974 | 2024-10-23 | 소스 레시피 좀 알려주세요~^^
blueming__s | 2024-10-23 | @mein_su 이거 완전 오이도 코코보일링이당
delight._.mirth | 2024-10-23 | 진짜 뒤집어집니다... 태국이 옥수수가 그르케 마시가 있어서 가서 저거 먹고 5킬로 찌고 돌아왔어요 😂 시즈닝 당장 구매합니다ㅜㅜ 좋은 정보 감사드려요!! 🔥🔥🔥
t2xh._.plus | 2024-10-23 | 혼자 묻고 답하기 만랩
jin_imgs | 2024-10-23 | 마라 넣어도 맛있겠다 ㅠ
jun_jh89 | 2024-10-23 | @ch_m_eng @_u_jura_ 유갱 잘할듯
lovelle.serene | 2024-10-24 | 핫소스 넣으면 더 맛있어요!!!!!
그리고!!! 소면!!!!! 제발 소면이랑 비벼먹아 보세요 진짜 너무 너무 맛있어요…. 보일링크랩 일부러 한봉지만 사서 집가서 소면이랑 먹기도 하는데 원래 미국애들은 파스타랑 같이 먹거든요. 근데 소면최고 🙌
freediversi | 2024-10-25 | 저도 미국갔을때 먹어봤어요. 괜츈
1231_anju | 2024-10-25 | 레시피는 어디서보나요
mosohyeon6 | 2024-10-25 | 알고리즘 무섭넹 @1124jmj
3three_e | 2024-10-25 | @mijjini0 ....
yoonyoonkim | 2024-10-25 | 전 매운거 좋아해서 저기에 하바네로 소스 좀 넣고 설탕이나 미원추가해서 고수 잔뜩 뿌려 먹어요. 진짜 진짜 맛있어요
k.lee_su | 2024-10-25 | 맛있을것같아여.....😍
psohyun1 | 2024-10-25 | 희한한
m_misunny | 2024-10-25 | @ramy_ramboram 우리 이거 예전에 제주도에서 머근거 아냐??? 보일링 어쩌구였던거 가툰데..
kmj85_ | 2024-10-25 | 파스타면 말아드세엽
gim.9604 | 2024-10-26 | 쓰레기봉투에서 줏어먹는기분?
jeyunl | 2024-10-26 | 이런 이런 저런 양철은 모메 안좋다 스댕하나 괜춘한 애 입양 하쇼
dx_.hy1n | 2024-10-26 | 짬통
slin.jo | 2024-10-26 | 도대체 뜨거운걸 비닐에 왜 넣는거야!?환경호르몬이 암걸린다는거는 다 아는건데 저걸 심지어 파는데가 있다니 놀랍다
lilliliillilliilillilll__ | 2024-10-27 | 제발 릴스에 그만 처떠라 시
suj_ipole | 2024-10-27 | @yuhyeonjoong 핫앤쥬시 가고싶다
hyeinhaley | 2024-10-28 | 브로콜리 🥦 꼭 넣어드셔보세요. 브로콜리가 소스를 빨아들여서 찐 맛있습니다
wooseok_loveuu | 2024-10-30 | 지금 보니까 목소리가 김태리 배우님이랑 닮은 것 같아요
kmth1004 | 2024-11-03 | @gksk3219
gforceha | 2024-11-04 | Old Bay seasoning을 끄릴때 넣고 끄려보새요. 미국 남부에서는 이걸 low country boil라고 불러요. Andouille sausage도 투벅 투버 썰어너면 맛있어요.
jk_donguk | 2024-11-10 | 레시피 어딨오요???ㅠㅠ
seolyehwan5 | 2024-11-13 | @yoonjin_won09
awdvh2024 | 2024-11-15 | 먹방 찍어주세요!
ijanghyeog46 | 2024-11-17 | 찌는게 아니라 끓이는 건데
bbbbb__innnnnn | 2024-11-19 | @ktjo234 츄라이츄라이?
ijeongug233 | 2024-11-24 | 누나는 알고리즘이 어떻게 된거야?
alecchina | 2024-12-17 | 원주에 잘하는 곳 있음 귀찮으묜 @redshrimpinwonju
hoppi0_0 | 2024-12-18 | @0o_smiley_o0 @sunmoon_farm @choin.jin
jiney0410 | 2024-12-21 | 저 소스가 다있는 우리집은 대체...
ashleytheloanofficer | 2024-12-31 | 집에서 만들어서 굳이 미세 플라스틱 입혀 먹을 필요가 있을까
love_juhyeon | 2025-01-08 | @hyunbum_lim11 이거 우리 대부도에서 먹은거 그런건가봐 ㅋㅋ
hodoo._.cat | 2025-01-19 | 나는솔로 잘봤습니다
brotherwhat | 2025-01-21 | 오 베가스 6년거주자했던 1인으로서 대 공감🙌
einxu_ | 2025-01-22 | 처음 볼때 음쓰인줄 .."
2024-10-14,8863,"근데, 하루에 두 입 이상 먹으면 안됨 (혈당 스파이크ㅋㅋㅋㅋㅋㅋㅋ) 41주","#마시멜로초콜릿, #베이킹, #디저트, #간식","luce_sicut_stellae12 | 2024-10-14 | 어유~ 누가 템퍼링 하셨는 지 반딱반딱 아주 예쁘네요~
jangsuyeon5720 | 2025-01-20 | 너무 이쁘게 잘만들잖아요 금손인정👏
only_dadada | 2024-10-14 | 잠깐만요..40년이라구요?! 20년아닌가유😢😢
flower_star_126 | 2024-10-14 | 초콜릿 가를때 손자국나있는거 너무 웃겨요ㅋㅋ
joy._.100 | 2024-10-14 | 사장님 티셔츠랑 깔맞춤~~~~~~~🍓🍓
kej01048146423 | 2024-10-16 | 와 맛있게다
yusom.o0 | 2024-11-05 | 완전 차는듯이에녀ㅠ
wjddusal38 | 2024-10-17 | 하얀가 로션먹는줄 ㅋㅋㅋㅋ
uouv330 | 2024-10-15 | 맛있겠다
sh.yu._15 | 2024-11-25 | 수비드 기계는 갔습니다..
yui1234_qwe | 2024-10-14 | 피스타치오 맛 해주세요😢😢😢
dhsysnl | 2024-10-14 | 이번엔 ""박테리아 초콜릿""
seou_searunway | 2024-10-15 | @mina_ringhhh 얘 볼때마다 니생각남
ma_chimnae12 | 2024-10-14 | 그럼 이제 초콜릿 안에 머랭을 넣어주세요!!!
_mmlleook_ | 2024-10-14 | 우와 이건 선 넘었다...🫠🤤
2milxy | 2024-10-17 | 초콜릿 틀 구매처 알 수 있을까요? 참크래커 두개가 쏙 들어가는게 활용도 높을 것 같아서 궁금해용
yoonji_eee | 2024-10-15 | @wooo._.r"
2024-10-10,1.2만,"제가 먹었던 제품이 잘못 된게 맞았습니다..!🤔 저번에 제사상 간식 리뷰를 했었는데, 종합제리는 쓴맛이 너무 심하고 (근데 이건 약간 색소 문제일 듯 해요) 옥춘은 깨물어지지도 않고, 기름쩐내가 너무 심하고!! 깨옥춘은 너무 눅눅하고 냄새가 역해서 먹기가 힘들 정도였거든요!! 41주","#간식, #디저트, #desserts, #옥춘, #종합제리","iam._.toy | 2024-11-18 | 우리집 냉동실에 깨옥춘 항상구비❤️
seon_ok_h | 2024-10-10 | 구매처에사 오래된 제품을 그냥 판매 했나봐요 ㅠ ㅜ 어릴 때 제사지내면 저거 먹을라고 집안 어린이들 제사끝나길 기다리며 줄서있었어요 ㅋㅋㅋㅋ
ny.tx13 | 2024-10-11 | 옥춘 원래 푸석푸석 한 거 아니에요?? 저 먹을땐 안 딱딱 핬는대
starworldannakim | 2024-10-10 | 사랑스러우세여 💖
jjiwoo.pyo.jj | 2024-10-10 | 그니까여ㅠ제대로 된거 드셔서 다행이다..그거 제사 올리고 돌아다니면서 하나씩 집어먹으면 맛있었거덩요..어엄청..
minheeya_ | 2024-10-10 | 싱싱한 젤리를 찾으셨네요👏👏👏
sonoji | 2024-10-23 | 아 어릴때 진짜 많이 먹엇는데….명절때마다…
c._.jeo32x | 2024-10-10 | 아니 기름 쩐내는 대체 어떻게 해야 나는 건지.. 그나마 이번에는 정상적이라 다행이에요
0dydhes | 2024-12-05 | 저그거좋아해요
_binbinwarak_ | 2024-11-14 | 깨옥춘 진짜 어릴때 개 좋아했는데 올만에 먹어야겠다
bba.aaang | 2024-10-14 | 옥춘이 너무 좋아용.... 깨옥춘 최애....❤️
ganghanbyeol673 | 2024-10-10 | 언니넘맛잇게드시네요
soo_bal_ | 2024-10-10 | 구매처 부탁드려욤👏👏👏
eunchae_hodoo | 2024-10-12 | 흑백요리사처럼 요리에다가빠스만들어주세요
zzi_woooo__ | 2025-03-07 | @songgee_1 이거보니까 너가 생각나 갑자기 먹고잡네
ny.tx13 | 2024-10-11 | 옥춘 딱딱 한기 정상이에요 아님 푸석푸석 한게 정상이에요??
yoonbivip | 2024-10-12 | 원래지금드신 맛이 맞아요~~^^^
kim_jung_a01318 | 2024-10-16 | 그거 맛있어요!!!!
jin_yeong02.17 | 2024-10-10 | 워낙 찾는사람들이적다보니 묵은거 판매 많이하는데
할머니 할아버지 집에가면 항상 저것들중 하나는 무조건있어서 그맛이어떤지 기억이납니다 안드셔보셔서 본연의 맛을 모르고계신것같았는데 구독자님이나 인친님들이 알려주신거 드셔서 다행입니다 ~
_mmlleook_ | 2024-10-10 | 깨옥춘... 제사 대상인 할머니와 하이파이브 할 맛이죠.. 깨..만으로 되어있는 매화과자도 드셔보셔라 애기때 최애과자였음
man_yuhae_ | 2024-10-11 | 마트나 어디서나 파는데 찾는 사람이 없으니 뒷구석 자리에 그대로 몇년동안이나 있으니 당연 상태가 안좋겠죠
_mmlleook_ | 2024-10-10 | 소비기한이 지난걸 드셨던것같
77angellove | 2024-10-11 | 구매한곳에서..오랫동안 방치된듯요~~오래되면 쩐내남유😂😂
ky.___.j | 2024-10-11 | @o____t.k 한번도먹어본적없는데 ㄱㅋ
kg13m | 2024-10-12 | 수비드 해주세요 예쁜 이사장님...😢😢
khccsj1 | 2024-10-16 | 난..깨옥춘 넘좋아하는데..어릴적엔사탕으로 다된거ㅎ😂
taein_2916 | 2024-10-19 | @song.mn0219 저거 젤리먹곱
yeanwoo.jion.mom | 2024-11-04 | 어릴때 되게 맛있었는데.. 오란다? 그런과자에 설탕발린거라 안 맛있게 이상한거지
je.nn.ing | 2024-11-21 | 아 또 알고리즘 도청당했어... 아침에 옥춘얘기한거 어떻게 알았지.. 하..
jinhxx.09 | 2025-01-09 | @binzz_33 내가 또 옥춘이 좋아하잖아 알지?
subsub82 | 2025-02-03 | 저승캔디
badminton_1018 | 2025-02-05 | 와
badminton_1018 | 2025-02-05 | 대박
badminton_1018 | 2025-02-05 | ㅎㅎㅎ
csh.0921 | 2025-02-17 | 자시껬다ㅏ
aaron_fj86_2 | 2025-02-26 | 오래되면 쩐내랑 창고?냄새 빨아들여서 맛이 구림.
gerbok12 | 2025-03-11 | 오래된 거 먹었나보네. ㅉㅉ. 근데 젤리는 싫어해. ㅋ 멀컹하고 넘 달아"
2024-10-04,좋아요 없음,익명의 팬이 집으로 케익을 보냈다. 42주,#스마일2,"__.maarrrrr.__ | 2024-10-04 | 보내드리고 싶어도 주소를 몰라서 슬픈
chae_.zev_1185 | 2024-10-06 | 처음 빨간 입만 보였을때 웃는남자 포스터인줄..
luce_sicut_stellae12 | 2024-10-04 | ㅋㅋㅋ 연출 잘 하셨네요~ 👍👍👍
eun.park.ji | 2024-10-04 | 대박이다아아아🔥👏🏻멋짐
juhyun_iloveyou | 2024-10-07 | 깜짝이야!
jxxhxxn._.2335 | 2024-10-12 | 웃는거 보자마자 어! 웃는남자? 하는 난 지극히 정상적이겠지?
seo_k0.0 | 2024-10-04 | 와..
qwer09123456 | 2025-02-20 | 나 첨에 퀸 네버 크롸잇 인줄 ㄷㄷ
seung_wook1026 | 2024-10-12 | 스마일 원피스 말하나….
d._dddablue | 2024-11-17 | 이거 1편 조금 봤는데 개 무서워 아니 그 유리 조각으로 얼굴 찢는 장면 보다 튐
shark_7327 | 2024-11-05 | 언팔하고갈래요..
iiiiiiiijiiiiiiiiiiosiystixhox | 2024-10-05 | 스마일재미있었는데😢😢
twinstsniwt | 2024-10-04 | 어두운곳에서보다가 개놀램
s.x6wn | 2024-10-12 | @nx1bn 나진아 가자
lglover_120619 | 2024-10-05 | ㄴㅈ
dotggabi_daily | 2024-10-04 | 광고 디게 열심히 하네
_mmlleook_ | 2024-10-04 | 헐 무서웠다...
_bong______bong_ | 2024-10-07 | 케잌광고가 아니구나
eb_sj_hw | 2024-10-04 | 영상에 이진혁웃는장면 무슨영화인가용?
fortheposer | 2024-10-04 | 광고 퀄 쥐리네 역시 이사장👏
quene_op_ | 2024-10-04 | 뽀니님???❤️❤️
mini__12 | 2024-10-04 | 이런웹툰있었음!!
dodobaby123 | 2024-10-04 | 무서운 😨 연기도 역시 이사장 👍
j.ji._.eun | 2024-10-04 | 와 개무서
dotory0521 | 2024-10-05 | 놀래라
eunchae_hodoo | 2024-10-05 | 언니킨죠젤리대신일반제리에먹는테이프감아서먹어주세요🙌.2트제발
yim_1222 | 2024-10-05 | 😂
_j12.xn | 2024-10-06 | 이건뭔
baggeumhui26 | 2024-10-06 | 깜짝이야!놀랬자나요!ㅜㅜ그래도맛있게드시니다행입니다!
genho0601 | 2024-10-06 | ‍‍‍‍‍‍‍‍‍‍‍‍
h__yexxn | 2024-10-06 | @lee.nk__95
kimdana327 | 2024-10-12 | 내 생일에 개봉한ㄴ다ㅍ???!!!!!!!
shindong._.1016 | 2024-10-12 | 생일날 나오네
gr_16.12 | 2024-10-12 | 내생일에 왜무서운영화가나온다는거야
tjd_als1201016 | 2024-10-13 | 10월16일생일이에요
hyo_miniverse | 2024-10-14 | 광고를 너무
jnux.7 | 2024-11-01 | @hyunjun._0712 @park._0521 @xx.xoo0 @hy.xun5 보러 영양 ㄱㄱ
simgyu8 | 2024-11-14 | 광고 지린다
igaweon956 | 2024-11-15 | 이거 젼언니것두 무서웠는데..
jj031968 | 2024-11-22 | 전언니 따라하노
yeon._sx5 | 2024-12-13 | 😮
whois_halanf | 2024-12-13 | 케잌 맛있겠다
seohalee_1016 | 2024-12-21 | 내 생일 ㅛㅠ
ch___0806_ | 2024-12-24 | 너무무서워요...😢
juhyerang60 | 2024-12-28 | 종이가 딱 이사장님 거예요
1608gim | 2025-01-05 | 인정
chayeonjae1016 | 2025-01-08 | 내 생일..😢
csylove1017 | 2025-02-05 | 이사장님 수건케이크 감사합니다 너무 맜있어서 기절할번 했어요^^
yemgondyu | 2025-02-13 | 광고 기깔나게 하시네요ㅋㅋㅋ
seohyeon2313 | 2025-02-13 | 무ㅜㅜ서ㅓ서서ㅓ워워워요
guswns.01 | 2025-02-14 | 아 사장님 진짜ㅜㅜ
5un.oi | 2025-02-19 | 이집 광고잘하네
kimseojun558 | 2025-03-03 | 좀.. 무서웠쓰
se0.xn16 | 2025-03-09 | 내 생일에 개봉한다 ㅋㅋ"
2024-09-29,좋아요 없음,술집가서 ‘파인애플 샤베트’시키는 사람??? 아 진짜 이해 안돼 (근데 사실 시키면 내가 다 먹음) 43주,"#파인애플, #간식, #레시피, #desserts, #baking","ff_tt_gg_yy | 2024-11-07 | 저거 인터넷에서 판매하는디
yuj.in0314 | 2024-10-14 | 아마도 가게에서는 쥬시쿨? 쿨피스? 그런거 파인에플맛 얼린거 일거에요
_pd_ty | 2024-10-12 | 얼음도 같이 넣어서 파인애플이랑 믹서기에 갈아주시면 더 파는거 같아요❤️❤️
chan103109 | 2024-10-03 | 딴 재료는 있는데 뚱치는 없어서 훔쳐가도 되나요?
e.uns0o | 2024-10-01 | 나만 자기전에 이사장님 영상보면서 잠드나..?
parksiyeoun7135 | 2024-10-01 | 언니! 언니! 스웨디시젤리 쿠팡으로 저렴하게 살수있데!!!
authornewlife | 2024-09-29 | 이상하다 be idealistic ㅡ 그 이상 strange 말고
38kyung | 2024-09-29 | 샤벳 😂😍
eun_you1029 | 2024-09-29 | 그거 야구장에 팔아요
yj_sung_2789 | 2024-09-29 | 도둑질ㅋㅋㅋ"
2024-09-27,좋아요 없음,버섯 만드는 방법: 마시멜로를 준비한다. 43주,"#마시멜로버섯, #디저트, #베이킹, #dessert","yezzing2014 | 2024-11-28 | 이거 게속 누르고 있으면 다른 모양 된데요
heiii_z | 2024-10-05 | @hoho_9_2_
eunchae_hodoo | 2024-10-03 | 언니 킨죠젤리대신 일반제리에먹는테이프감아서먹어주세요.🙌
good_memory_1004 | 2024-10-02 | @seonsangho
iuchamjota | 2024-09-30 | @50151.51 @pleasepodo 어땨어때
jio_yuno | 2024-09-30 | @heejin161212 이거였구만??ㅋㅋㅋㅋㅋㅋ
hyo_juu84 | 2024-09-30 | 새송인줄~~~~
iamhennna | 2024-09-30 | @_sei2etheday 🤤
nocho_niiiii | 2024-09-30 | @iam__dahee 이거라도 해보자 ㅋㅋ
euuuuuunakim | 2024-09-30 | @dda._.young0
bagseongmin909 | 2024-09-28 | 버섯이다 생각하면 제로 칼로리♡
authornewlife | 2024-09-27 | 진짜 버섯 맛까지 나는 마시멜로 버섯이 나오면 어떨까 순간 생각을
sexy_jiho_0215_man | 2024-09-27 | 나만 저거 안되냐ㅜㅜ
kimyejun1234567 | 2024-09-27 | 예쁜 누냐 맛있겠당 나도 해먿아 봐야겠앙❤️
d_oun.star | 2024-09-27 | 완전 강불로 해야 잘대믄뎅
dotory0521 | 2024-09-27 | 뭔가 살이 겁나빠지신거같아요
yundagyeong1201 | 2024-09-27 | 저거 강불로하고 코팅이 잘돼어있는 팬을써야해요!아니면 기름코팅 해야해요
baggeumhui26 | 2024-09-27 | 오늘도잘보고가요!😮😍😂
look_at_this_kim | 2024-09-27 | 기름살짝 얇게 바르면 잘 떼져요
hoyoungbro | 2024-09-27 | 크리에이터 몇분이 같은 아이디어로 누가 더 웃기게 영상만드나 배틀 그런건가요?"
2024-09-25,7655,"흑백요리사에 나온 안성재 셰프의, 기상천외한 라면 레시피 ( 레시피는 백종원의 요리비책에나왔습니다.) 수정됨 · 43주","#흑백요리사, #레시피","yezzing2014 | 2024-11-28 | 마라크림 짬뽕 해주세요!!!
_cmxy.2 | 2024-10-19 | 백종원이 제주도에 마늘 라면집에 갔었는데 너무 맛있었데요 저도 가봤어요
si._yul43 | 2024-10-08 | 비빔대왕
yech1013 | 2024-10-05 | 42주답글 달기
11_haxxn | 2024-10-04 | 42주답글 달기
sonjo_3355 | 2024-10-04 | 유비빔이욬ㅋ
sj_1107_sj | 2024-10-04 | 밤티라미수여!
dx_e0k | 2024-10-04 | 42주답글 달기
i_i940320 | 2024-09-28 | 순간 중식여신님인줄 ㅋㅋㅋ
hello._.friendsssss | 2024-09-28 | 43주좋아요 1개답글 달기
j.w_a1 | 2024-09-28 | 아직 안 봤는데 스포당함
andl2829 | 2024-09-27 | 국물의띡함(?)대파흰부분이 빠졋네요
autistic_taesin | 2024-09-27 | 43주답글 달기
5_hw.n | 2024-09-27 | 43주좋아요 2개답글 달기
102100e | 2024-09-26 | 43주답글 달기
lee_seongjae5825 | 2024-09-26 | 중식여신 닮으신거같다
kimcherry621 | 2024-09-26 | 그 무스테이크 보고싶어요
jungtae_park7 | 2024-09-26 | 이쁘오 오늘도 😍
jihun_1428 | 2024-09-26 | 바로 백라면 홍보도 겸사겸사
kimudohxn | 2024-09-26 | 43주좋아요 12개답글 달기
luce_sicut_stellae12 | 2024-09-26 | 요리전공자(들)에게 도전장이 많이 보내지고 있네요 ^^ 팔보완자는 진짜 보고 싶어요!!!
flower.boy_dc | 2024-09-26 | 43주좋아요 65개답글 달기
jc_oys8 | 2024-09-26 | 제모..옥은 이제.. 마늘..빽라면으로 하겠습니다..근데이제 안성재를 곁들인
j1_w.0190 | 2024-09-25 | 알리오올리오 갑시다..ㅋㅋ
do.hxz1 | 2024-09-25 | 나야..들기름..
j0b0gye0ng | 2024-09-25 | 저도 틈새라면으로 따라해봤는데 진짜 맛있었어여!!
ha_jinjja2025 | 2024-09-25 | 43주좋아요 276개답글 달기
m2_zu01 | 2024-09-25 | 이사장님 아누누님한테 가서 요아정 동결건조 가요🔥제발 제발제발제발제발제발제발제발제발제발제발제발제발제발제발제발제발 해주세용❤️❤️
h_gyeon20 | 2024-09-25 | 미소곰탕 해주세요! 간단하면서 맛있어보였어요
myj5573 | 2024-09-25 | 👏👏👏
jiseog9903 | 2024-09-25 | 팔보완자 해주세요!!
baggeumhui26 | 2024-09-25 | 집에서못하는게없으신듯요..!😮👍🏻
play_eat_goe | 2024-09-25 | 오늘의 킬포: 이사장의 핑크빛 잠옷바지 ㅋㅋㅋㅋㅋㅋㅋㅋ"
2024-09-21,3.2만,"초코에 미친 학생들이, 교실에서 빙수 만들어 먹는 방법🫠 44주","#설빙, #abc초코쿠키빙수","ji_hy95 | 2025-01-22 | @not._.prat 헐..자기 나 이거멋고시퍼
so0_once_luna | 2025-01-21 | 사장님 혈당스파이크가 오질 것 같아요
jjen_ing | 2025-01-21 | 누가 센스없게 저지방 우유 얼려왔어
yen_6544 | 2025-01-05 | 다이어트 실패각인데..?
88828jsjdjxuduw | 2024-11-12 | @ijihaeng54 아 설빙 먹고싶다…
ji_chu_v | 2024-11-01 | @hey.chonan 오..🍫🍫❤️
jdbs_iks | 2024-10-19 | 손목이 무슨일이래유 ㅠㅠㅠ
ceolhyeon20 | 2024-10-05 | 손오공 이후로 초코초코초코에 진심인 사람(날아라 슈퍼보드, 치키치키 차카차카 초코초코쵸)
1w_star | 2024-10-04 | 이거 개 맛있음
x_.o2o1 | 2024-10-03 | 빙수가 모형인데??
b.si_oo | 2024-10-03 | 이거다
jangse9820 | 2024-10-03 | 123456789 챌린지 하냐고요ㅋㅋ
gongyeonseo9 | 2024-09-23 | 나먹었는데
zi__su | 2024-09-23 | 아 초코는 또 못참는데......
@quiz_33 가보자...
ceh0228 | 2024-09-23 | 초코당기러 가야겠다😍😍😍
apfhdggg1 | 2024-09-23 | https://www.instagram.com/reel/DALEuG5yWw3/?igsh=MXhieDkxdng5Z3JkMA==
hwangyeseo34 | 2024-09-23 | 다 우유가져왔으면..
9xyezn | 2024-09-22 | @10ve1yy @rx11ou @s.1nym ㄱ?
1lllove1ll | 2024-09-22 | 당뇨걸어요
j_1yuz | 2024-09-22 | 비밀로 하면 비율이 똥..
s_a_e_l_i_n | 2024-09-22 | 맛ㅆ겟다
lee_dg1220 | 2024-09-22 | ㅈㅁㅌ
yummy_rang | 2024-09-22 | @y.chae_99 머그러가자
yyerzing | 2024-09-22 | 아ㅏ마시겓다
yiliu.72 | 2024-09-22 | 개맛없음 ABC과자 특유의 싼맛 때문에 빙수 맛을 다 버림 입에서 싸구려 준초콜릿 단 맛이 찝찝하게 남음 초코빙수가 먹고싶으면 그냥 설빙 하겐다즈 빙수 사먹는게 훨씬 이득임
b12min | 2024-09-22 | 저거 먹고 당뇨로 빨리 뒤져야겠다
hskbgwj | 2024-09-21 | 언니, 거기 석촌호수점이지?
chox._.hh | 2024-09-21 | 이사장님 손목이..
all1wannadoluv | 2024-09-21 | @178.00gb_rem
slug1_0 | 2024-09-21 | 저거먹으면 살크업 되겠다
_mmlleook_ | 2024-09-21 | 헐 캡숑...
eunwoo04736 | 2024-09-21 | 나 초코에 진짜 목숨걸고 사는데
wewewewe_be | 2024-09-21 | 마지막 랩 귀야움❤️
bonanza_bros | 2024-09-21 | 아니 세숫대야에 빙수 만들어 먹으면 하교 시간 되겠는데요
sweetshop_s2 | 2024-09-21 | ⭐ABC초코쿠키 알파벳 찾기 이벤트⭐
📌이벤트 참여 방법
ABC초코쿠키설빙 or ABC초코쿠키녹차설빙을 주문해 빙수에 있는 A/B/C가 새겨진 초코쿠키 찾아서
개인 인스타그램에 게시물 또는 스토리로 인증하면 참여 완료!
(+A/B/C 중 하나만 찾아도 응모 가능!)
(+설빙 공식 인스타그램 계정 태그 필수!)

📌이벤트 참여 : 2024년 9월 20일(금)~10월 11일(금)
📌당첨자 발표 : 2024년 10월 18일(금)
📌경품 : A – AirPods Pro2(에어팟 프로2) (1명) / B - Bluetooth Speaker(마샬 액톤3) (1명) / C - Coffee Machine(일리 커피머신) (1명)
(※ 당첨자는 설빙 공식 인스타그램 스토리를 통해 별도 발표 예정)
windsode | 2024-09-21 | 광고천재 이사장님 ㅋㅋㅋ
stepanie_choi1 | 2024-09-21 | 구래서 이벤트가 모예요ㅜㅜ"
2024-09-19,2.2만,갈비찜 국물을 절대 버리면 안되는 이유 (우리집은 갈비찜을 솥에다 엄청 많이 해서.. 진짜 국물만 3리터는 남는데 다들 안남으시나요???) 44주,"#추석음식, #갈비찜, #레시피","lifesky6120 | 2025-06-10 | 😍😍😍😍😂😂😂😂😂😂
jangeasy_ | 2025-03-13 | 당면 넣으면 ㄹㅈㄷ 겠노
moonju1219 | 2025-03-08 | 오 칭찬!
hyun._.ji115 | 2025-03-06 | 와~진짜 완전 천재이다~~!
hey_h_ei_ | 2025-02-22 | 갈비카레요..? 카레 안좋아하는데 대존맛일것같아요...
h_yum_i | 2025-02-19 | 안죽습니다 ㅋㅋㅋㅋㅋ
12_youmini | 2025-02-04 | 24주답글 달기
potato._._.777 | 2025-01-20 | 저거로 수육해먹어도 존맛일것같은데
a_seductive | 2025-01-15 | ㅠㅠㅠㅠㅠㅠㅠㅠㅠ오늘 저녁에 이미 버렸단말이에여ㅠㅠㅠㅠㅠㅠ헝 ㅠㅠㅠㅠ
20in2 | 2025-01-15 | 와 진짜 천재인정합니다.....이번 설에 꼭 써먹어야지!!!!!감사해요❤️
im_sexy.cute_boy | 2025-01-12 | 칭찬
r_h_b_1014 | 2024-12-26 | 저는 당면 넣고 데워서 밥이 비벼 먹는데 ㅎㅎ
zhnjhe219 | 2024-12-22 | 저거걍 밥만 비비면 추석담날 아침
yeaeun_1989 | 2024-12-13 | 우와....😮
pinkwing86 | 2024-12-07 | 카레는 진짜 생각도 못해따!!!!! 대박👏
__s_2_on1 | 2024-12-06 | @carrot4833 ㅋㅋㅋㅋ꿀팁
my1._ch | 2024-11-12 | 저 카레 함 해먹어봤는데, 카레다 생각하고 먹어야 정말 맛있어요
pth_x10.3x | 2024-10-27 | 어머니 제가 다 먹어드릴게요
min_hyo_12 | 2024-10-24 | 국물에 밥 넣고 참기름 넣고 갓 담근 김치에다가 먹으면 진짜 맜있는데..
pizzariver | 2024-10-20 | 카레진짜아이디어지렷다
baggeumhui26 | 2024-10-19 | 맞죠?
s0.bxn1 | 2024-10-15 | 밥 비벼먹다가 뼈 씹음
janggyeongjin | 2024-10-03 | 그래서갈비찜레시피는몬가요…
ssunny.1221 | 2024-09-27 | 오 떡볶이 즇다 저희 엄마는 갈비국물에 김치찌개끓여요!!
zlzl1214 | 2024-09-27 | @ping._.bong 여기에.김치넣고 찌개끓이면 대존맛인대..그치
je_suis_lena_ | 2024-09-24 | 헐 밥 비벼먹으면서 뿌듯했는데 이거 보니까 뿌듯해할일이 아니었군요
uouv330 | 2024-09-24 | 국물은 항상 진국이죠
suming_402 | 2024-09-23 | @zzam_crystal 오….. 저장하셈
seloyh2021 | 2024-09-23 | 김치찌게 남은 국물로 복음밥 해도 기가 막힙니다 ㅎㅎ 채소와 고기의 육수가 진국이라 ㅋㅋ
kimyh4862 | 2024-09-23 | 묵은지나 대충 익은 김치넣고 끓이면 존맛탱
iicarpediemii | 2024-09-23 | 갈비찜 국물에 잘익은 김치 넣고 김치찜 해먹어도 맛있어용ㅎㅎ
hello__ori | 2024-09-23 | 와.. 나 다 버렸는데ㅠㅠ
hyuna_amy | 2024-09-23 | @byungjoo.l
banpouyoflol | 2024-09-23 | 🧡💕💕❤
chea_min1111 | 2024-09-22 | 언니 오늘도 좋은 방법 감사해요! 이제 해먹을 일만 남았군요..^^ 전 떡볶이에 당면이랑 수제비 너먹어야겠어요! 글구...♡ 사랑해오♡♡♡♡♡♡♡♡❤️
chanyoung1204 | 2024-09-22 | 카레가 엄청 짜지는 않나요?
gorgeoushley_ | 2024-09-22 | 오~~
아이디어 대박👍👍
j._.b99 | 2024-09-22 | 와우
zorba_w1214 | 2024-09-21 | 오 굳!
yanggeunhee | 2024-09-21 | 늘 떠서 보지만 잼나요 ㅋㅋ
yanggeunhee | 2024-09-21 | 냄새 안나나요?👉🏻👈
s_sin_123 | 2024-09-21 | @so_y_vely
yangang_lover.001114 | 2024-09-21 | 와 갈비찜 맛도리겠다..
needle_table | 2024-09-21 | 칭찬^^👏👏👏👏👏👏
ksrom1234 | 2024-09-21 | 걍 밥비벼먹어도 꿀맛
abohouse_ | 2024-09-21 | 갈비카레라니!
gamzzigi | 2024-09-21 | ㅋㅋㅋㅋㅋㅋ나랑 똑같애
oui_weee | 2024-09-20 | 우리집두 갈비찜국물에 꼭 떡볶이 해먹는데 ㅋㅋㅋ
yeyoung302 | 2024-09-20 | 카레 할 생각은 못했어요 굿❤️
10._.35pm | 2024-09-20 | @2gnoeyh__os 남으셨나여
dawojung | 2024-09-20 | 오오 낼 떡볶이 해야징ㅎ 갈비찜 국물 냉장고에 있고 2일 데워먹고도 남아서 어쩌나 낼은 버려야지..했더니 오케이 떡볶이로구나😍
ae_ri__0 | 2024-09-20 | @j_yong__0
banghyejin706 | 2024-09-20 | 갈비국물남았는데 떡 사러 가야겠네요 감사합니다😊
mini__12 | 2024-09-20 | 갈비찜국물한번도버린적없음...볶음밥으로만들어먹음
losvagas98 | 2024-09-20 | 둥둥기름 꼭 걷어내고 이용하시길
ekrhtm02 | 2024-09-20 | 역시! 쩝쩝박사!
youtubekorea | 2024-09-20 | 아 국물 버리기 전에 볼걸
adorable_1634 | 2024-09-20 | 꺅~~~🥹👍👍👍 좋은정보감사합니당~~ 항상 버릴때 너무 아까웠었는데말이죠~~
sunnyjjin81 | 2024-09-20 | 김치찌게 짱인데
ddddaul | 2024-09-19 | 사용하신 도마 뭔지 궁금해요~!
알려주실 수 있나요??
shin_gethsemane | 2024-09-19 | 아빠가 딱 명절에만 해주시는건데 남은 잡채에 갈비찜국물 넣어서 볶아보세용 진득하니 최고 맛있음🥹💗
ara.byeol_ | 2024-09-19 | 와 카레는 진짜 맛있겠다..
eeeeeaaeeeeei | 2024-09-19 | 이사장님 처음에 프로필보고 딴사람인줄알았어욕ㅋㅋㅋ
hyokyung_holly | 2024-09-19 | 역시❤️ 저보다 많이 어린데 언니라고 부르고싶어요😍😍
_mmlleook_ | 2024-09-19 | 와 찐 이번에 갈비찜해주신 우리 어머니가 요청을 하셨나... 그나저나 카레큐브 글자가 늦게 나와 하마터면 초콜릿 넣을뻔..
yx.0n1x | 2024-09-19 | 아 진짜 언니 너무 좋아요.🫶🏻
lovely_ziz | 2024-09-19 | 이사장님 천재세요?? 떡볶이는 생각도 안해봤어요 맨날 볶음밥만 .....
e.uns0o | 2024-09-19 | 나만 맨날 이사장님 영상보고 음식만듬??
__.maarrrrr.__ | 2024-09-19 | 전 떡보다 쫄면사리나(당면)우동면 또는 수제비면 넣고 팔팔 졸여서 먹는데 아주 맛있어요 ❤️
graham.s2 | 2024-09-19 | 저 국물 그냥 밥에 참기름에 반숙계후 올려서 비벼먹어도 꿀맛…,
princecesse87 | 2024-09-19 | 고기살 많이 발라서 ❤️❤️
princecesse87 | 2024-09-19 | 저 국물로 볶음밥 해먹어요😂😂😂 저희친정 ㅋㅋㅋ"
2024-09-18,1.4만,"요아정, 직접 만들어 먹어도 후회 없을겁니다. (대신, 비싼 재료 쓰면 비쌈. 당연한 소리) 44주","#요아정, #요거트아이스크림, #간식, #레시피","jiyoon_ddongggo | 2025-03-09 | 우아 우리 성찬이 5억정식
oh.dayomi | 2025-02-12 | 바나나를 호호 불어서 먹네요ㅋ
h0.xw_ | 2025-01-12 | 그냥 투게더에다가 과일 아무거나 올려먹지…
se_eun.0717 | 2025-01-10 | 일반 요거트는 요맘때 플레인맛..
jx6ng.9 | 2024-12-27 | 요맘때랑 요아정이랑맛 비슷하던데
kej01048146423 | 2024-10-19 | 우와 맛있게다 해봐야지
dhfl2579 | 2024-10-19 | @bari_hyo 벌꿀집 사다놓는 나 너무멋져 부분에서 거울치료당함ㅋㅋㅋㅋ
cy_127292 | 2024-10-15 | @east_min_98 헐 대박 나 만들어봐야게따
12_vjsnua | 2024-10-10 | 식물성 써도 되나요?
a.jeo_ng | 2024-10-04 | 지나가던 아정..
perfec11224 | 2024-10-04 | 요아정에도 티니핑 있는데 뭐냐면 풀토핑
hangyeomgim | 2024-10-04 | 그냥 요맘때 플레인맛에다가 토핑 올려드세요 개똑같음
ye._ocw | 2024-10-04 | 재료값으로 사먹을듯
lo.x_rise | 2024-10-03 | 정성찬 어디까지 나갈래 요아정 화보라도 나중에 찍으려나
__tom_n__jerry | 2024-09-30 | @c___m__j_yo
y_oon_seo.dancing | 2024-09-28 | 그냥 플레인요거트 기본 한통에다가 우유 3스푼 넣고 30분있다가 먹으면 개똑인데
hxrxxg.o | 2024-09-22 | 요거트 얼리면 되던데..
sj_8512 | 2024-09-20 | 요거 레시피 비율좀 알려주세요!!! 😍😍
au.2xy | 2024-09-20 | 나 아는언니 이름이 유아정인데ㅋㅋㅋㅋ
tutayeeee | 2024-09-19 | 맛은 어떤가요 해봤는데 그냥 그릭요거트맛이 나서요
yx.0n1x | 2024-09-19 | 아 진짜 ㅜㅡㅡㅜㅠㅠ넘 귀여우세요ㅜㅠㅜㅜㅠ
ll0l0ll0l0ll0l0 | 2024-09-19 | 성찬띠 성공했네 이사장넴 릴스에도 나오고👏
sujeong_chu | 2024-09-19 | @ssssssbi 내가 요아정 만들어주께 코코가자.
ayul._.v | 2024-09-19 | 비요뜨 얼려도 되용!!
aloejell | 2024-09-18 | 당뇨병 체크해보세요.
yux_o94 | 2024-09-18 | 아ㅏ 성차니 5억 요아정 어디까지 퍼지는거에요????
is.ju684 | 2024-09-18 | 언니!!편의점에 하트구미첼 동결건조 나왔는데 완젼 커요!!오렌지랑 자두 추천해요!!사과는...비추...
yumi8509 | 2024-09-18 | ㅋㅋ 바나나를..군고구마인척 하시는거 넘 귀염요😂
ucaeeum | 2024-09-18 | 냉장고에 요아정 ㅋㅋㅋ😂😂
luce_sicut_stellae12 | 2024-09-18 | 😍 이상한 과자가게 현판! 멋져요!
e.uns0o | 2024-09-18 | 난 왜이렇게 이사장님이 좋을까..?
_mmlleook_ | 2024-09-18 | 혼자무요? 아놔 내 침이 한강이네...."
2024-09-17,4040,스웨디시 젤리는 저리 비켜라. 이것이 바로 조상님들 최애 젤리 (근데 가족들이 다 쓰다고 하는걸 보니.. 진짜 쓴맛 나는게 맞는 듯) 44주,"#종합제리, #디저트, #desserts, #jelly","sxoi_.n | 2024-12-10 | 뭐야 저 국자는..슨생님?
0y._9e | 2024-11-11 | 언니입술 너무이뻐
dohyi7340 | 2024-11-07 | 운니 손목 뭐에요?
parkjihwan_1125 | 2024-11-03 | 최첨단 마이크 스탠드
unicorn.4324238 | 2024-10-10 | 숟가락 뭐에요?
esczi_ | 2024-10-05 | 살빠지셨어요?? 홀쭉하신데?
gimseojun5478 | 2024-09-28 | 누나 숟가락 모야?
parksiyeoun7135 | 2024-09-24 | 숟가락킹받노ㅋㅋ😂
zipomiyo | 2024-09-23 | 왜케 예뽀요
hy_87605 | 2024-09-21 | @junghae__ 고령장가면 한번씩 잇는건디ㅜㅜ
coedarae15 | 2024-09-21 | 언닠ㅋㅋ 다이소 네일팁 모야 ㅋㅋㅋㅋ
xer._.se14 | 2024-09-21 | 지우개 먹으면 써요
dawojung | 2024-09-20 | 낼 사먹으러 갈래영ㅎ 추억의맛이 아닌가 싶어서리ㅎ 왜.쓰단거여요ㅎㅎ 낼 먹어보께영😢
one.dooor12 | 2024-09-20 | 언니 틴트 뭔가요?
minh7_17 | 2024-09-19 | 오늘 메이크업 너무 이쁘세요 ㅠㅠㅠ 립제품 정보좀 알려주세용🙏
iseungu6902 | 2024-09-18 | 솔직히 진짜맛없서
iseungu6902 | 2024-09-18 | 맛없어.
junseok5268 | 2024-09-17 | 속목에 뭐임?
oh_no0921 | 2024-09-17 | 아잇 소리가 너무 좋아서 계속 보게 되네욥!😢😢
hyokyung_holly | 2024-09-17 | 얼굴도 예쁘지만 마음씨가 더더더 너무 예쁜 유투버님🔥 한우오마카세보고 울컥해서 구독 팔로우 좋아요 다 누르러왔어유
luce_sicut_stellae12 | 2024-09-17 | ㅋㅋㅋ 마이크 수저 붙이고!! 옛낫 맛없어 젤리를 맛있게 드시다뇨~~~ 즐거운 추석 보내세요~~
lyvvvvyl | 2024-09-17 | 숟가락 마이크ㅋㅋㅋㅋ
minheeya_ | 2024-09-17 | 가끔보면 오래된? 젤리들이 씁쓸한거같아요. 싱싱한 젤리로 골라드세요😂
yx.0n1x | 2024-09-17 | 아니 점점이뻐지세요 ㅜㅜㅠㅜㅠㅠ화장브이로그 찍어주세요!!
hongjihee0715 | 2024-09-17 | 3분전 아니고 3빠
hongjihee0715 | 2024-09-17 | 3분전
jeonghyun413 | 2024-09-17 | 저거 2개만 먹어도 엄청 물리던데
_mmlleook_ | 2024-09-17 | 누가 정종 흘린거 아닐까요?"
2024-09-15,1.1만,"TV에서 음식 광고만 나오면, 정신 못차렸던 그 시절 님들은 옛날 음식광고 기억하시는거 있으세요?? 45주",#상황극,"ksy_____2005______12_24 | 2025-03-08 | 포포포포폴라레티
min_89s | 2025-03-07 | 맛있는건 정말 참을수 없어~누구든 맛을보면 이렇게! 쿠우~
onedoor_20030904 | 2025-03-04 | 저 12년생인데 알고있는데요...?😢
mr.jeon1001 | 2025-02-23 | 밥에뿌려먹는 뿌비또!! 혹시 기억하시는분 있으시려나요??
13_ms0.0 | 2025-02-22 | 저1988광고
1988삼만구천원부터
배칠수에 나나나나
꽃배달 이거
senghun20140410 | 2025-02-20 | 밥에 고추장 반숟가락 참기릅 한숟기락 넣고 스팸이랑 먹으면 존맛
doll_cat1 | 2025-02-19 | 나는 김을 혼자 구워 먹는데......
jmm_g1587 | 2025-02-17 | 빠삐코
kkk_j_h_88 | 2025-02-13 | 국물이😮 국물이 끝내줘요👍🏻😉
gioia.032.8 | 2025-02-12 | 이준기 석류음료땜에 엄마랑 마트가서 엄마가 뭐하나 집어오라고 하면 석류만 집어와서 마셨어요
thesummerstarted | 2025-02-08 | 샐러리에 마요네즈 먹는거요. 샐러리가 그렇게 개똥맛일줄이야
isiu6604 | 2025-02-07 | 형님먼저 라면
lovelysy__ | 2025-02-06 | 라면
jin1s_s | 2025-02-06 | 폴라레티
nicelee0627 | 2025-02-05 | 이홍렬 아재의 라면광고 그거보고 라면 사먹은사람 많음 ㅎ 맛은 😂😂
neoid11 | 2025-02-03 | 스팸 깔째 표정ㅋㅋ 그래도 예뻐요
park.xh_8 | 2025-02-01 | 미에로 화이바
gxa_d.h | 2025-02-01 | 폴라레티요
lx_yxxin | 2025-01-30 | 스팸광고 할 때 성준 나와서 기분 좋은 사람 1
yyss5244 | 2025-01-27 | 라우동
bagbageunyul | 2025-01-26 | 폴라레티
choi_hanjin_14_1111 | 2025-01-26 | 카프리썬 광고가 최고지
elifkr | 2025-01-21 | 스팸은 그냥 숟가락으로 퍼먹?
utb_luna | 2025-01-20 | 오렌지 먹고나서 표정ㅋㅋㅋㅋㅋㅋ
stop_rimi | 2025-01-18 | 쿠우~~
__buzz90__ | 2025-01-15 | 리슨투마~
uuuuuuuouuuuwuuwuwuwuwuow | 2025-01-09 | 파김취
haraaa000 | 2025-01-08 | 농심 머그면이요 근데 오렌지 드시는거 ㅋㅋ
ijihwan121129 | 2025-01-07 | 카프리썬
minjulnkim12 | 2025-01-05 | 카프리선 광고
lhy__ee | 2025-01-05 | 오렌지쥬슼ㅋㅋㅋㅋㅋ 저거 진짜 어릴때 내 로망이여서 귤로도 따라하고 그랬는뎈ㅋㅋ
yxcloie | 2025-01-05 | 물밥 ㄹㅈㄷ
hy_12_1 | 2025-01-04 | 카프리썬
0603jwj_1221 | 2025-01-01 | 쿠우 ""맜있는건 정말로 참을수없어~“ 부르면서 먹은사람
iami0903 | 2025-01-01 | 마요네즈ㅋㅋ샐러리ㅋㅋㅋ진짜 맛있는줄알고 먹어봤다가.....샐러리는 지금도 못 먹음ㅋㅋㅋㅋ향이 너무 불호ㅋㅋ
13j_young | 2024-12-31 | 카프리썬
hipvly_daji | 2024-12-30 | 쌀국수! 뚝배기!
rlatnalsumin | 2024-12-29 | 사랑해요 밀키스
heejae1127 | 2024-12-29 | 스팸광고 에릭인가요? 김원희였나 누가 따끈한밥에 스팸한조각 그 멘트가 잊혀지질 않는데 저는 애껴먹는다고 굉고처럼 먹어본적이 없음ㅋㅋㅋㅋㅋㅋㅋㅋ
baeghyeonjunbaeg | 2024-12-29 | 카프리썬
7070army | 2024-12-29 | 간장게장
sinrigeon | 2024-12-28 | 카프리썬
jun._.w_x.x | 2024-12-27 | 바나나우유
yoo_jaehyeon | 2024-12-27 | 스팸광고는 김원희누나 나오는게 제일 기억남
dwayne0313 | 2024-12-24 | 12시에 만나요,부라보콘!😂😂😂
j1h08_.14 | 2024-12-21 | 아 배고프다
gimjinyong344 | 2024-12-20 | 라면
yuriu448 | 2024-12-09 | 폴라레T랑 카프리썬
ch9i.xae | 2024-12-01 | 폴라레티 광고
parkgunwook0103 | 2024-11-30 | 나는 마시는거보다 빨1아먹는게 좋아
4zszy | 2024-11-25 | 폴라레티
ilimgim | 2024-11-24 | 팸
ilimgim | 2024-11-24 | 1나:야!너 입에 김 묻었어! 친구:그래?나:못생김ㅋ 2핸드폰:띠로띠로딩!나:아이씨 또 스퍔전화 오네..!53번째야!
_mx.nz1 | 2024-11-18 | 폴라레티 ㅠ
ping_woong | 2024-11-18 | 사랑해요 밀키스
iminhyeog921 | 2024-11-12 | 솔까자두야임
bassoonist1 | 2024-11-12 | 이홍렬 김치라면 광고 ㅋㅎㅋㅎㅋㅎㅌㅎ
kim_x_yu7 | 2024-11-10 | 나 2012년에 태어났는데 저거 다아는데…
sarahmoon0305 | 2024-11-07 | 하림 슬라이스 햄이였나...? 햄이 얇아서 밥에 싸먹을수 있게 나온거요 그때 광고에 하희라 배우님이였나...? 그랬던거 같은데...
je.nn.ing | 2024-11-07 | 홍렬이형 라면광고.. ㅋㅋ
who_a__3240 | 2024-11-05 | @who_a__3240 라우동 광고 레전드.. 심의에 안걸린게 신기..
_wsxzcy | 2024-11-05 | 카프리썬 ㅎㅎㅎㅎ
kimyonggu_ | 2024-11-04 | 96년생이 아니고 86년생이였어요??🤣
sohui_kim9681 | 2024-11-03 | @dae_yeonny 초딩때 맛밤 와작와작 소리나길래 먹어봤는데 그냥 깐밤이라 배신감 오졌었음
eo_nique35 | 2024-11-01 | 쌀국수 뚝배기요 ㅎㅎㅎ
cho_hyun_sung13 | 2024-11-01 | 저도 김 먹을떼 그렇게 먹어요
wonwoo.10 | 2024-11-01 | 카프리썬 광고
jisus.non_christ | 2024-10-29 | 나는 “누구나 맛을 보면 이렇게 ~ 쿠우 ~” 🍊🧡
h._.jun21 | 2024-10-28 | 손등에 그것은 무엇인가요?
h_ael28 | 2024-10-23 | 저거 화질이
gaeun_6_3 | 2024-10-23 | 포💘포포포😳폴라💫레티👽 얼려먹는❄폴라레티🐧
진짜💅시원하고🌌상큼하죠🦋달콤한🍒과일맛🍋천연과즙😝 그대로🤑더울때는🥵온가족이👨‍👩‍👧‍👦시원하게🥳폴라레티💝네가지맛🎁폴라레티🎉마음대로🐒골라!🦄
포😆포포포✌폴라레티💕포💘포포포😳폴라💫레티👽 얼려먹는❄폴라레티🐧
진짜💅시원하고🌌상큼하죠🦋달콤한🍒과일맛🍋천연과즙😝 그대로🤑더울때는🥵온가족이👨‍👩‍👧‍👦시원하게🥳폴라레티💝네가지맛🎁폴라레티🎉마음대로🐒골라!🦄
포😆포포포✌폴라레티💕포💘포포포😳폴라💫레티👽 얼려먹는❄폴라레티🐧
진짜💅시원하고🌌상큼하죠🦋달콤한🍒과일맛🍋천연과즙😝 그대로🤑더울때는🥵온가족이👨‍👩‍👧‍👦시원하게🥳폴라레티💝네가지맛🎁폴라레티🎉마음대로🐒골라!🦄
포😆포포포✌폴라레티💕포💘포포포😳폴라💫레티👽 얼려먹는❄폴라레티🐧
진짜💅시원하고🌌상큼하죠🦋달콤한🍒과일맛🍋천연과즙😝 그대로🤑더울때는🥵온가족이👨‍👩‍👧‍👦시원하게🥳폴라레티💝네가지맛🎁폴라레티🎉마음대로🐒골라!🦄
eundi_ed | 2024-10-21 | 오뚜기 스프요. 김밥에도 찍어먹고 팝콘에도 찍어먹는 장면이 나와서 충격이었는데 막상 먹어보니 맛있었던
choimiya82 | 2024-10-21 | 줄줄이비엔나요
m0soxg | 2024-10-20 | 사랑해요 밀키스
krlaeodnjs | 2024-10-11 | 저는 매실쥬스광고 조성모 광고
krlaeodnjs | 2024-10-11 | 저 90년생이라서 다광고알아요
21.ysw | 2024-10-10 | 아줌마~
cheri_5355 | 2024-10-07 | 폴라레티가 짱임
w_sq.2 | 2024-10-06 | 포포포포 폴라레티
goldie9.0 | 2024-10-05 | 쿠우라는 음료 아는가?
avocaduing | 2024-10-05 | 따라따로 찍은건가요? 음식전부 한번에 먹은건가요?
s_oxmin25 | 2024-10-04 | 얼마나 맛있게요~?
__seo.12 | 2024-10-04 | 폴라레티
_thdbf11 | 2024-10-03 | 카프리썬
mi.ngyu677 | 2024-10-03 | 부르부르 닥크
dj_puturhandsup | 2024-10-03 | @do_u_have_jelly 난 짜파게티..!
nana0707zz | 2024-10-03 | ㅎㅎㅎㅎㅎ
chani_jang | 2024-09-29 | 일요일은 내가 짜파게티 요리사~
짜라짜라짜 짜파게티~~~~
이러고 노래부르고 다니다 거의 일요일마다 짜파게티 먹은듯..
yejin_stella | 2024-09-29 | 이상하게 꼬였네 땡땡 스크류바
msk_misen | 2024-09-28 | 폴라레티
h_hug.2 | 2024-09-28 | 바나나우유 광고
s0.1ul | 2024-09-28 | 존나 맜있게먹네 김 먹으러 가야겠다
j8_yxn | 2024-09-26 | 김수미 간장게장이 국룰인데
gimseohyeon9497 | 2024-09-26 | 참치
zjeonn_ | 2024-09-26 | 폴라레티요
heewon_kim1009 | 2024-09-25 | 국물이 국물이 끝내줘요. 김현주-생생우동 그래 이맛이야-김혜자 다시다
bom_spring_hoho | 2024-09-24 | 옥동~자 메가톤바 와일드바디 까마쿤! 옥메와까~
titi_2746 | 2024-09-23 | 그거 광고따라하려다 광고처럼안되서 개빡쳤는데
j1n_.m0 | 2024-09-22 | 스팸 개짜서 진짜 혐오음식
jx_dk07 | 2024-09-22 | 김도 광고를 함?"
2024-09-11,1.2만,스웨디시젤리 뺨 때리게 맛있음.(확신) 45주,"#스웨디시젤리, #스웨덴캔디, #베이킹, #디저트","jeonghu_ryu | 2025-02-22 | 말랑카우를 많이 넣고 마시멜로를 넣어 해주세요
kilyesol | 2025-01-31 | @lzzdahee @jjji__on 너네집에서 만들어보자 ㅎ
yungyuri44 | 2025-01-07 | 저기에 껌 넣으면 더 구현이 잘 될거 같은데.
nana02u | 2024-12-08 | @moonseokjin
goara1 | 2024-11-19 | @2h_naa
haggumi_ | 2024-11-10 | @_j__unni 나랑 해줘
ddurome | 2024-10-29 | @jungjekimmm 만들어죠용
noh_inhye | 2024-10-25 | 비율이중요하다면서요ㅠ 비율이??😂😂😂
seohyuneel | 2024-10-22 | @jiye0n__c
kej01048146423 | 2024-10-19 | 와 궁금해
yoo.minyoung_ | 2024-10-11 | @kim.jinyoung_
jo_youri12 | 2024-10-04 | 근데 전분 가루가 밀가루 인가요
2017_kangyuna_ | 2024-10-03 | 와....
k.ms7_ | 2024-10-03 | 걍 계란젤리 흰 부분을 먹으세요
sunmison_ | 2024-10-02 | @psxoxo.cath @juhwa0115 모여라 만들자 ㅋㅋㅋㅋㅋㅋㅋㅋ
my_angel0224 | 2024-09-23 | @cdy__0801 우왐😍😍
2426.hz | 2024-09-22 | @h2mil7 해줘
onelight__2 | 2024-09-20 | 이사장님!! 비건젤리랑 스웨덴 캔디랑 식감이 비슷하다는 게시물을 봤는데, 비건젤리에는 젤라틴대신 펙틴을 넣어 만들었다던데 혹시 펙틴을 넣어 만들어주실수있나요??
hhb____ | 2024-09-18 | @na._.hhh 스웨디시 젤리 만드러죠
ig_choco_wooyou21 | 2024-09-18 | 쪈언니 집착도 만만치 않지만 여기도 만만치 않다 에효 그놈의 스웨던캔디 대체 뭔데 여기저기 난리
gimhyerin728 | 2024-09-17 | 저도 그 젤리 좋아는데 진짜 마시게따😢
iseoyul0421 | 2024-09-17 | 다른손누구입니까!?
thebluemoon678 | 2024-09-16 | 와.. 만들어서 바로 먹어보고 싶네요 😍
gimhaneul4186 | 2024-09-15 | 맛있겟다♥♥♥
from_yim | 2024-09-14 | 👏👏👏
heejin.03_18 | 2024-09-14 | 와… 넘 마싯겟어요 😢
sum__yommmi | 2024-09-13 | 포실?느낌 있어요?
k_ah0107 | 2024-09-13 | 🔥비율은??
lovesome_jy | 2024-09-13 | 항상 재미있게 보고있어요~ 절도있는 가위질은 누구에요??
nittonggulgda | 2024-09-13 | 와 결국 만들어내네
2_jjeong_woo | 2024-09-12 | @youjungkim512
jeonghyun413 | 2024-09-12 | 하리보 작은거3개 마시멜로우 큰거 하나 호홓 숙지 완료
yeon_su_94 | 2024-09-12 | @lee_jjjju 우리집에서 만들어보자~~
jeounghyunoh | 2024-09-12 | @rio_goldriver 젤리러버야 도전?
haa_g0_ | 2024-09-12 | @im__doosik 도젼!?
yoogaeul | 2024-09-12 | 한입주떼여ㅕ
cajiyu907 | 2024-09-12 | 군침이 나오온다
k_js7_25 | 2024-09-12 | @valu_able_ 이번엔 이거해바
daeun._121231 | 2024-09-11 | 언니 사랑해
yuhyi.yu | 2024-09-11 | @ga0850 가영아 김밥 대신 이걸 만드는 건 어때?
qkrdmst | 2024-09-11 | 이사장님! 님 첵스 광고 나왔어요!❤️
seo._y06 | 2024-09-11 | 와...진짜 간편하면서도 맛있겠당...😍
bbangsang355 | 2024-09-11 | 스웨덴캔디맛있게다
_mmlleook_ | 2024-09-11 | 아진짜... 너무 아무렇지 않게 뚝딱천재.....
jiwoo_3499 | 2024-09-11 | 전분가루 없이되나요?언니
jiwoo_3499 | 2024-09-11 | 우와!만들어야지! 그런데?우리집엔 전분가루가?없다
kellyfornia_c | 2024-09-11 | 마시게따 ㅜㅜ
o_.mi_ | 2024-09-11 | @kki._.bbo
chea_min1111 | 2024-09-11 | 천재인가...? 언니 사랑해
coffeezip_anam | 2024-09-11 | 사장님은 천재세요❤️
anunu.kr | 2024-09-11 | 한닙주세여 저듀
dnjsjql615 | 2024-09-11 | 천재 금손이사장👏👏
play_eat_goe | 2024-09-11 | 오늘도 예쁜 얼굴 막 쓰는 이사장을 보며 재밌습니다 ㅋㅋㅋㅋㅋ
a.rommmm | 2024-09-11 | 진짜...👏👏 꼭 만들어볼게요❤️"
2024-09-10,9800,내가 스웨디시젤리를 딱 하나!! 구한 방법. 45주,"#스웨디시젤리, #스웨덴캔디, #베이킹, #desserts","sk62571700 | 2025-01-30 | 울가게서파는데요ㅎ😂
sue___l0ve | 2025-01-27 | 그거 맛있겠다
yu.xna_13 | 2025-01-22 | 너무 이뻐용!!!!!!
joy.park8226 | 2025-01-18 | 이거 제 집앞에있는 편의점에 가면 5개에 4000원인데
chicken___k | 2025-01-15 | @kyt415 스웨덴젤리래
ggxx0707 | 2024-12-30 | 🔥🔥🔥
kimsseobin | 2024-12-18 | 원래 스웨덴젤리 저거보다 얇지않나?
iseyeong4060 | 2024-12-08 | 저이거 2500원주고 사여
z.anx12 | 2024-10-20 | 언니왜이리이뻐?
jenny120617 | 2024-10-13 | 원래 작은가 납작하고 크지 않아요??
hanb2_n | 2024-10-05 | 미스터비스트 초콜릿 가격....
guswns.01 | 2024-10-03 | 이사장님 옛날부터 봤는데 왜 이뻐지심..
nasu.ngjun | 2024-09-18 | 왜더 예뻐짐?
j_.hxa11 | 2024-09-18 | 돈 없는 나는 걍 마이쮸를 사 먹는다
g_gimin._.1164 | 2024-09-18 | 저건 젤리가 아니라 마이쮸? 아님
카라멜 정도?? 보이는뎅.... 딱봐도
joseobeen | 2024-09-12 | 진짜 갓갓갓 짧은 영상이지만 배울게 넘 많은….🔥
39p_p39 | 2024-09-11 | 이엉니 왐톤인가봐 머리색이랑 호ㅏ쟝 너무이뻐
chachachamonicacha | 2024-09-11 | 하나 가져온거 귀엽다 ..
khsh.sgdg | 2024-09-11 | 언니 넘 기여워요❤️
cajiyu907 | 2024-09-10 | 이사장님 이뻐연❤️그리구 스웨덴뭐시기 젤리또먹으면 언니라 불러도 돼죳???
jo_dbals | 2024-09-10 | 언니 증거품인줄 알았어여..
new_rown | 2024-09-10 | 멀리서 보면 깐 은행 같은데요 ㅋㅋㅋㅋㅋ
jihyun.ahn.14 | 2024-09-10 | ㅋ 전언니꺼에서 봤는데 전언니라니 ㅋㅋ
jxyax_ | 2024-09-10 | 아 저두 주셔야죠!!!!!
yx.0n1x | 2024-09-10 | 넘 귀여우세요. ㅜㅜㅜㅠㅠㅜㅜㅜ
luh._ye | 2024-09-10 | 우롸 ㅋㅋ 나도 먹어보고싶땅❤️
s_e.73o | 2024-09-10 | 언니 저도 따라할게요😂
sxoza1_ | 2024-09-10 | 오!!
ksy.1923 | 2024-09-10 | 쩝
youdam6 | 2024-09-10 | 오
sonoban10 | 2024-09-10 | 팔이 왜그래? 다쳤어? ㅠㅠ"
2024-09-09,1.8만,"라이스페이퍼로 크로와상을 만든다구?🥐 *달걀물 안에 있는 덩어리는 버터가 굳은 겁니다! *레시피▶️ -달걀물 레시피:달걀 5개, 설탕 4큰술,우유 8큰술, 베이킹파우더 1/2큰술, 바닐라에센스 1/2큰술, 녹은버터 4큰술 + 라이스페이퍼 -초코 크로와상: 위의 달걀물에 + 카카오파우더 2큰술+ 라이스페이퍼 수정됨 · 46주","#크로와상, #라이스페이퍼, #라이스페이퍼크로와상, #베이킹, #baking, #dessert","hyunennnn | 2025-03-02 | 제가 제과제빵을 해서 만들어봤는데 맜있었습니다. 다른분들도 만들어보시는걸 추천!
yuriella1213 | 2025-01-15 | 바닐라에센스없는데 괜찮나유?
joyujin881 | 2024-12-02 | 저거 초콜릿 제티 넣어도 돼요?
duckpal.zuno | 2024-11-26 | 재료 ,레시피를 이렇게 영상에 넣어주지 딴 곳은 복사도 안되는 내용이나 댓글에 올려서 안좋음
bagha2524 | 2024-11-10 | 난 똥손이라 만들지도 못할듯 먹구싶다ㅏㅏ
zerossujin | 2024-10-16 | 바닐라 에센스가없어요
gusdldk__ | 2024-10-11 | 저거 지뻔뻔? 님이 만들었을겁니다
a_dfghjkl9 | 2024-10-06 | 해보고싶은데 오븐이없다..
taeseung.kim.18 | 2024-10-05 | 트레이더스 사먹자..
yyoon__ju | 2024-09-28 | @suuhyeony @juno0810 이거해줘유!
rachachng | 2024-09-22 | 이사장님!!! 이 레시피도 크루키 가능할까욥 ⁉️궁금궁금😍
jiiiiieun731 | 2024-09-22 | @sil_0214 @yooou_jiing
quietroooom | 2024-09-21 | 초코는 빨리 구워야겠네요 굽기전에 비쥬얼이...
nutzwt | 2024-09-16 | @sowoneeei 이건해줄수잇자나
mang0_0r | 2024-09-15 | @soloo_ye 해바
hyunju_nicole | 2024-09-15 | 그냥 사먹자
cajiyu907 | 2024-09-13 | 와 군침이 싹돈다 어뜨케 저런 아이디어를냅니까?
ijieun4140 | 2024-09-13 | @kkabjugi 우리 같이 만들어 먹쟈 ㅎㅎ
m0m_yy | 2024-09-12 | @dalbong0126 쩌는데 …???초코 …
uouv330 | 2024-09-12 | 반죽물 메모메모
mandoo_170531 | 2024-09-12 | 오! 설탕대신 대체당 넣으면 나름 다이어터간식이네요!!!!
jukyung0521 | 2024-09-11 | 맛있겠다
gimnaeun1016 | 2024-09-10 | 이사장님~ 하나둘쉣넷다설여섯일곱여덜어어얼!!!!!
haneunsil1 | 2024-09-10 | 이사장님.. 날잡으셨어요?? 자꾸자꾸 더 이뻐지시는게*^^*
author_jungyeon | 2024-09-10 | 천잰가봥!!!❤️❤️❤️
cherry150624 | 2024-09-09 | 먹어 보고 싶다😢
daisy_won97 | 2024-09-09 | @nf_nov_21 이고다
jongwon9262 | 2024-09-09 | 미인대회나가요?
yooxicman | 2024-09-09 | 대박
__.maarrrrr.__ | 2024-09-09 | 이사장님과 이웃되고 싶당 ㅠㅠ 이것저것 해서 같이 좀 노나먹게 ㅎㅎㅎㅎ😍"
2024-09-03,6523,"음식을 잘 버리지 못하는 내게, 누군가 말했다. 차라리 버리라고 46주","#두바이초콜릿, #참포라도, #desserts, #food","mymarktiniblue | 2025-02-08 | 맛있어 보인데요 진짜 맛있어요? 저번에 밥이랑 누텔라 한번 먹어봣는데요 오직 1숫가락만 먹어도 급 후회🥹
_dxvmb1 | 2025-02-03 | 하.. 언니 사랑해요 참포라도.. 맛있는데 뭘 좀 아시네요ᰔ
ji.xu12_ | 2025-02-02 | 민초 아니었어...?
taehyi.31 | 2025-01-27 | 언니 가려;;
m_opzr12 | 2025-01-21 | 추억이넹 ㅋㅎㅋㅎ
ay._.o1n | 2025-01-19 | 저희 엄마가 필리핀 분이신데 엄마 어린시절때 참포라도 많이 먹었다 하네요ㅎ 다른분들도 어린시절때부터 엄청 많이 먹었다하더라거요
h2_rainbow_h2 | 2025-01-19 | 개애애앵...차나여...? ㅋㅋㅋㅋㅋ
utaeyun860 | 2025-01-14 | 오우 먹고싶당
yunhaerin82 | 2025-01-12 | 언니 브라끈 노출 된거 같은데....?•ɞ•
kore.akingkong | 2025-01-03 | 29주답글 달기
번역 보기
llllll._llll181 | 2025-01-02 | 언니... 브라 끈 보여
llllll._llll181 | 2025-01-02 | 넌ㄴ
siyeon._.fuck | 2025-01-01 | 아 저 필리핀 리조트 조식뷔페갔는데 초콜릿스프 엄청 맛있었어요!!6일있었는데 4번은 먹은듯
rosa_lee_0807 | 2024-12-21 | 민초생각한사람ㅡㅡㅡ>
yu_ri1681 | 2024-12-19 | 제가 필리핀 엄빠가 펠리핀 사람이여서 아는데 글씨는 참포라도라고 하지만 필리핀사람이 말할땜 쌈뽀라도 라고 발음합니다^^❤️
younjae187 | 2024-12-16 | 필리핀사람인데 팥죽이라 생각하세요
songyi0601 | 2024-10-31 | 팥죽느낌나지 않을깡~??
iamaduckku | 2024-10-03 | ㅋㅋㅋㅋ 목소리 2125할 때 김태리 목소리야 ㅋㅋㅋㅋㅋ
tweak_doll | 2024-09-26 | 근데 비주얼이 꼭 팥죽 같이 보이는데,제 기분탓 이겠죠?
s.bix_k619 | 2024-09-15 | 부모님이 필리핀인이여서 초코죽 진짜 마니 먹어봣는 데 겁나게 마싯어오
bagseo_bang12 | 2024-09-14 | 아니 나도 젤라또에 김치먹긴 하는데 이건 좀../
heisnnzt | 2024-09-09 | 하니의 초코죽..??
k._.sh0112 | 2024-09-08 | 재가 필리핀에 사는데 필리핀 사람도 저건 안먹어요...
icaengnyu | 2024-09-07 | 언니 추석전쿠키만들어주세요
zion20111021 | 2024-09-07 | 이사장님 두바이 탕후루 해주실수 있나요?
jihan_5269 | 2024-09-06 | 저거 카카오 더 넣어서 쿰쿰하게 먹으면 더 맛있어요!!!
_minjuuuuuu_ | 2024-09-06 | @yoom_sh @xeehjxee 뭐냐 이게
dyas_in_gaia | 2024-09-06 | 민초생각낫는데 아니넵
x1.oist_ | 2024-09-05 | 이사장님 밥알로 버블티 만들어주세요!!
txt_lover.9 | 2024-09-05 | 어..언니? 왜그래요..?
아. 늘 그러셨죠 뭐 ㅎ
hyunj_94 | 2024-09-05 | 여태 눈팅만 했었는데.. 진짜 이건.. 진짜루 아니에요... 첫댓글을 이렇게 달줄이야..
serendipity___0217 | 2024-09-05 | 정말 맛있어요....??
hyuns0814 | 2024-09-05 | 필리핀가서 먹어봤습니다.... 별로에요
kom0y0 | 2024-09-05 | 필리핀 현지인이어서 집중해서 봄
ssong_ssong_land | 2024-09-04 | 하니가 팥죽보고 초코죽이라고 한 이유가 있네 ㅋ
kim_ximtyong66 | 2024-09-04 | 저거 원래는 개 맛있는뎅…
1z.nxe | 2024-09-04 | 이사장님은 하고싶은거 그만하기..^^
jo_dbals | 2024-09-04 | 건강한거에요..?
da_xnj | 2024-09-04 | 언니..미안 잠옷이 시스루야
su_in_d | 2024-09-04 | 진짜 듣도보도 못한.. 초콜릿 죽..
yoo._.05 | 2024-09-04 | 고양이 무슨종이예욘 ?
woori2335 | 2024-09-04 | 오잉?나는5500주고샀는데ㅜㅜ
sx.h8u_ | 2024-09-04 | 참고로 저 초콜릿 4500원이 아니라 5500원 이랍니다..(틀렸을수도 있음)
youtubecreatorskorea | 2024-09-04 | 이상한 과자가게 weird sweets shop님의 채널의 영상이 인기 급상승 Shorts에 올랐어요!🥳🎉
이사장님의 레시피라면 초콜릿 죽도 삼시 세끼 먹을 수 있다고...💗
x.uns1_8 | 2024-09-04 | ㅇ..ㅏ..아..아닐거..ㅇ..ㅑ..
2011.01_10 | 2024-09-04 | 필리핀 사람입니다.초코죽 사실 초코 파우더로 만들어요.. 언니 ㅈㅂ 먹지마요 감사합니다.
k_mamabbaba | 2024-09-04 | 이러지마여ㅠ
uouv330 | 2024-09-04 | 죽이요???
secret_euci | 2024-09-03 | Omg
grace__heo | 2024-09-03 | @empty170 아닠ㅋㅋㅋ이게 뭐람ㅋㅋㅋ
foodlovelikeit | 2024-09-03 | 언니...진짜...?
kim._yeon.woo21 | 2024-09-03 | 외국영상이 이상한게 아니구나
jeonghyun413 | 2024-09-03 | 초콜릿 감정까지 생각 해주시는 극f 시네요
choi20160615 | 2024-09-03 | 안녕하세요! 이사장님 전 이상한 과자가게를 많이봐요! 그리고 이사장님이 책스초코 정수기가 광고에 나오더라고요! 신기해서 말씀들었습니다! 오늘 영상도 감사합니당!
kimyejun1234567 | 2024-09-03 | 학 이사장님 너무 매일 재미있게 보고있아요❤️ 꼭 보고싶내용
kimyejun1234567 | 2024-09-03 | 맛있다고요?
kjjpps | 2024-09-03 | 코코넛 밀크나 분유가루 뿌려먹어요 동남아에서ㅎ 흑미죽에도
dhsysnl | 2024-09-03 | ㅋㅋ
suyen0427 | 2024-09-03 | 자기야. 진짜야?
a_reum1125 | 2024-09-03 | @jayeorae
fi.___.ve | 2024-09-03 | 이건 뭐 나혼자 죽을순 없다 같이죽자 뭐 이런건가여?ㅋㅋㅋㅋㅋ
uchany32 | 2024-09-03 | 저 상태로 파이지에 넣고 파이로 만들어먹어주세ㅇ,,
choi9006choi | 2024-09-03 | 이건 초코죽이기 아닌가요？
jaee._un | 2024-09-03 | ??
_mmlleook_ | 2024-09-03 | 아... 같이 벌칙받자..는 영상은 아니겠지... 맛잘알님이라 믿어야 하는데 아......
haneuljeong_ | 2024-09-03 | 초코죽 완전 맛있는뎁🩷
bboni._.bbang | 2024-09-03 | 와…
kimeungyong1385 | 2024-09-03 | 맛있는걸 떠나서 살이...지대로 찌겠는데요?ㅠ
christinelee.gpx | 2024-09-03 | ㅋㅋㅋㅋㅋㅋㅋ 초코렛에 생선이라니… 🍫 🐟
play_eat_goe | 2024-09-03 | 여태껏 이사장의 모든 요리를 응원하고 같이 먹어보고 싶다 생각했어요 ㅎㅎㅎㅎ 이번엔 이사장 사람 자체만 응원할게요 ㅠㅠ ㅋㅋㅋㅋ
you_seron | 2024-09-03 | 🔥"
2024-09-03,4842,"통 단호박 치즈케이크, 이거 얼려먹어도 꿀맛..(진심) 혹시 도전하신 분들은 저한테도 보여주시면 매우 감사하겠습니다..!(저도 궁금해서욬ㅋㅋㅋㅋㅋㅋ) <만드는 법> 재료: 단호박 1개, 반죽[크림치즈 250g, 계란 2개,우유 30g, 단호박 4큰술, 전분 1큰술, 설탕 50g] 🠖 설탕은 대체당으로 변경 가능! 🠖 전분은 옥수수,감자,타피오카 전분 등등 사용 가능! 1. 단호박을 전자레인지에 5~6분 돌린다. 2. 단호박 뚜껑을 열어서 속의 씨앗을 파낸다. 3. 단호박을 4큰술 파낸다.(치즈케익 반죽에 단호박을 더 넣고싶으면 더 파내도 돼요!) 4. 나머지 반죽재료를 믹서기에 넣고 갈아서 단호박 안에 붓는다. 5. 에어프라이기 또는 오븐에 넣고 굽는다. (170도 20분~25분) 6. 냉장고에 하룻밤 보관, 또는 얼려먹어도 너무 맛있음. 수정됨 · 46주","#베이킹, #단호박요리, #간식, #다이어트레시피, #desserts","hwnaglove | 2025-04-15 | 맛있겠다 배고프다
bee24h | 2025-01-01 | 호박씨!!!!!!!!!!!.!!!!!!¡!!!!
young_929292 | 2024-11-09 | @dennis_j_yim89
_._.__hyun | 2024-09-26 | @d.zz_e
p.zi_rlo | 2024-09-25 | @pppp.ww84
cajiyu907 | 2024-09-13 | 저 호박 싫어하는데 이건 진짜 맛도리다..
sori_221014 | 2024-09-13 | @kyoung_jin_ey 미쳣다잉
lobeyle | 2024-09-08 | 😍😍😍
zzoomm_in | 2024-09-08 | @hyeok.92 해죠
gimnaeun1016 | 2024-09-07 | 허 언니 너무 맛있게 만드는거 아니야😍
ye.x0n_2 | 2024-09-06 | 단호박 알레르기 있는사람은 울고갑니다ㅠㅠㅠ
_sxup.7 | 2024-09-03 | 전자레인지 ㄱㄴ?
ch0_02_ | 2024-09-03 | @4pril.2nd 가자
_2_yujin_ | 2024-09-03 | @hanamizzuki
jo_dbals | 2024-09-02 | 너무 갑작스럽지만…. 건빵 만들어 주세요.!!(???????)
ranaograce | 2024-09-02 | 오~첨으로 시도해 볼 만해요🍰🍰맛있겠다!!
_rong2222 | 2024-09-02 | 몇도에 몇분정도구우면 될까요?😯
youngju020879 | 2024-09-02 | 맛나겠당
__.maarrrrr.__ | 2024-09-02 | 꼬마단호박 엄청 보이던데 얘들을 어찌 먹나 감질나서ㅡ 항상 그 생각이었는데 여기 있군요 방법이 ㅋㅋㅋㅋ😍 🎃🍰🧁
j.poo_reum | 2024-09-02 | 도전은 하기싫고 누가 만들어준거 먹어보고만 싶네요 ㅋㅋㅋㅋㅋㅋㅋ"
2024-08-30,8491,"제주도에서 고기먹을 때, 멜젓 찍어먹기 메모 사실 쌈장도 사랑함.. 47주","#제주도, #먹스타그램, #베이킹, #레시피, #food, #jejudo","coolasura | 2025-02-03 | 알콜이 날아가는데 취하긴
_agenda_lee | 2025-01-28 | @gs.___.y 이케 먹는기라
osallak_ | 2025-01-14 | 저 도민인데 맬젓 맛있는 고기집이 ㄹㅇ 맛집임
hs_jisu | 2024-12-22 | @suddmt._.95 멜젓....츄릅....
kusanagi112 | 2024-12-20 | 전라도에서 저렇게 먹음 개인적으로 짜고 비려서 안먹음
naba._.su97 | 2024-12-10 | @arini_abang 멜젓도 멜젓인데 난 갈치속젓,,,
yummy_yum_kr | 2024-12-05 | 멜젓 찍어서 부추무침이랑 먹으면 못참는데
jeju3592 | 2024-11-22 | 다음번엔 한라산21도 넣어드셔보셔라😍😍
yullovechu | 2024-11-21 | 흰쌀밥에 버터 멜젓 계란후라이 슥슥 비벼먹으면 환상.
he._.vv | 2024-11-15 | 마지막에 흰밥에다가 한숟갈 넣고 슥슥 비벼서 먹으면 찐 존맛탱❤️
jh.krap | 2024-11-12 | @seung__._._ 소주??
god_kim_ | 2024-11-10 | 언제적 멜젓 ㅎㅎ 육지에도 12~3년전에 들어와서 유행탔는데
jollaman26 | 2024-10-12 | ㅋ 로컬들도 요즘 멜젓은 좀 😂
zuuri_park | 2024-10-11 | @ggeum_vely @yangseungju03
_somdays_ | 2024-10-10 | @naepodaek 추억의 깡촌..
cajiyu907 | 2024-09-13 | 전 어린앤데 저 소주넣은 말젓인가맬젓인가?먹었다간 취해요오
97_farmer | 2024-09-10 | 멜젓 !!!! 혀데여 가면서 찍어 먹었는데 진짜 맛있더라구요!!! 최고,,,, 이제 쌈장 안먹습니다 😆
jowo03 | 2024-09-08 | 세상에서 누가 고기 먹는거 하수 고수 정해요? 없어요 그지 맛있게 드시면 되는데요
jixxy_1304 | 2024-09-08 | 돍갈비? 거기 맛있음
bhoon8192 | 2024-09-04 | 달콤합니다
bedwars_heaven | 2024-09-04 | 곳있으면 가는ㄷ...
ainijun314 | 2024-09-01 | 청양고추도 썰어넣어주세요
ainijun314 | 2024-09-01 | 처먀
haram._.l | 2024-09-01 | 와 저거 개인적으로 너무 짜다고 느꼈어요
ming____1004__h___i | 2024-09-01 | 국룰이지..
teanyer | 2024-09-01 | 요요요요 요아정 해줘요 언니픽으로
mun_b_13 | 2024-08-31 | 어린이는 못먹나요
e.uns0o | 2024-08-31 | 순간 갑자기 뜬금없이 생각났음
“아..이 언니 남친 있었네..?”
won_yee | 2024-08-31 | @yeon._.v
princecesse87 | 2024-08-31 | 가신 식당 이름 모에용 ??😍😍
_mmlleook_ | 2024-08-31 | 캬 역시 맛잘알의 견해👏👏
x1.je_ | 2024-08-31 | 멜젓 개 마싯져...
sonj3374 | 2024-08-31 | 마늘 고추도 쫌 넣어줘요
12.13.kr | 2024-08-30 | 멜젓 진짜 존맛 저 맛 알면 집에서도 삼겹살 먹을 때 멜젓 필수로 두고 먹을 수밖에 없음
_ll.o4_ | 2024-08-30 | @g_seon_h @given_1103 얘들아 소주 넣었어야 했다
soo_bal_ | 2024-08-30 | @ruruajh
ming2_9101 | 2024-08-30 | 소주넣은 소스 마시는 줄 알고 깜놀😂
___hyuniiiiii___ | 2024-08-30 | 청양고추 3개 썰어 놓고 먹기 필수🔥❤️"
2024-08-26,2130,"마트에서 파는 카이막을 조심해야하는 이유..! 카이막이 원래 치즈의 한 종류이긴 한데,, 카이막 뒤에 치즈 붙은건 안사먹어야겠다. 여러분 마트에서 파는 카이막 중에 제대로 된 것 추천해주세요!! 47주","#카이막, #먹스타그램, #베이킹, #디저트","_tae.xn1 | 2024-10-04 | 뉴진스 다니엘 닮았당
k_yeonwo0 | 2024-09-27 | 아니 언니야 제주도 카이막은 시소!!!!
@siso.kaymak
jaehyouk_1229 | 2024-09-16 | 언니 제품 이름이 카이막 치즈자너;;
___.aha__ | 2024-09-15 | 팜인카이막이라고 있는데 진짜 제대로에요.ᐟ 우유향이 엄청나면서 토스트합 베이글 위에 얹어 꿀뿌리면 아주 나이스❤️❤️❤️ 롯데맥스에도 판매하고 이마트에도 있고 온라인 구매도 가능해요
j_rim_lee | 2024-09-01 | 제주도 카이막은 해녀박물관 옆에 카페 달치즈 있어요. 여기 진짜 찐 맛집입니다. 😍
idyllic_jieun | 2024-08-28 | @buz22i 우오ㅓ 과자가게 온냐다
verawanglovrr | 2024-08-27 | 저거 맛없어요 ㅡㅡ
전 한번 먹고 다 버렸어요 ㅜㅜ
yuchan_abcd | 2024-08-27 | 저거 '카이막'크림치즈가 이름이에요
user01983821728 | 2024-08-27 | 번역이 잘못됬네요 터키어로 써져있는거 보면 taze peynir 라고 써있는데 직역하면 생(신선한) 치즈라고 할수있어요 카이막이 아니라 그냥 발라먹는 치즈 입니다 ㅋㅋㅋ
ma.sit.ge | 2024-08-27 | 식품 유형에 치즈라고 되어있네유 😂....이름만 카이막이었나봐요
__jyu.jyu__ | 2024-08-27 | 시소카이막 추천해요🙌
_nanacoco | 2024-08-26 | 하 저거 완전 그냥 크림치즈맛이요 ㅠㅠ 너무 맛없어서 꿀을 발라도 맛없었던 ㅠㅠㅠㅠㅠ <팜인카이막>이 진짜예요 이마트랑 쿠팡에 팔아요!
from_hap | 2024-08-26 | 저거 짜거 맛없어요 ㅠㅠ
eunji_1426 | 2024-08-26 | 어디빵인가요
windywingpakin | 2024-08-26 | 쉬어갓도 있고.. 소길다방도 있는데.. 제주도에서 왜...왜...... 마트표를 ㅠㅠ
wndus_anj | 2024-08-26 | 언니 내가 양념치킨 기원하려고 인스타까지 찾아써... 양념 비법을 알고 싶어서... 그 양념치킨 양념 있자나 그거..
okvindahouse | 2024-08-26 | 언니 제주도에 소길다방 이라고 가면 카이막있는데 거기 진짜 맛있고 예뻐요 가끔 고양이도있고 근데 찾아가기, 주차하기가 좀 마뉘 불편쓰 ㅎㅎ
ahdkkzofjt | 2024-08-26 | 저 튀루키예 가서 찐 카이막 먹어 봤는데 카이막이 크림치즈 맛은 아니고 그릭요커트 맛이란 비슷했었고 질감은 크림치즈랑 비슷했는데 맛은 그릭 요거트보다 훨씬 담백한 맛이었습니다-😂😂"
2024-08-25,4240,"이장네 막내딸은.. 할무니 할아부지가 많다❤️‍🔥 (프로필에 전체영상 링크 올려놓을게요!) 나 이사가서 어르신들이 아쉽다고 하시는데, 진짜 눈물 왈칵ㅠㅠㅠㅠ 어르신들 맛있는거 해드리러 자주 갈게요 ㅎㅎㅎ 이번 영상 진짜 힐링+재미 전체영상 보러 유튜브 놀러오세용 48주","#시골, #말복, #삼계탕, #먹스타그램","t.xyu_ | 2025-01-30 | 25주답글 달기
번역 보기
x2_.0n | 2025-01-24 | 우리 학교에 저렇게 이쁜 누나 있으면 조케따
p1052q | 2025-01-09 | 완전 귀엽게 생긴 빵이네...
cajiyu907 | 2024-09-13 | 역시 금쪽이 이장네 막내딸 이사장님(?)
ds26sk | 2024-09-03 | 😍😍
_mmlleook_ | 2024-08-29 | 세상 예쁘다👏👏👏👏👏👏
tmddyd2361 | 2024-08-29 | 정말 효녀..❤️ 천사..😢👏👏
kkum1024 | 2024-08-27 | 진짜최고😍😍울딸때문에 유투브 쇼츠 자주보는데~마음도이쁘고 요리솜씨도좋고 진짜최고에요😍
zinxin__n | 2024-08-26 | 진짜 멋진 사람이다👍💛
b_d12.25 | 2024-08-26 | 와~ 이사장님 날 더운데 고생많으셨어요 👏👏👏
zion20111021 | 2024-08-26 | 언니는 진짜 착한것 같아요
00_yuym | 2024-08-25 | 얼마나 이쁠까❤️
bo687499 | 2024-08-25 | 진짜 고생 많았어요 👏👏👏 영상 내내 감동의 물결이~~어르신들과 가족이나 다름없는 정 듬뿍 받아 보았어요 넘 이쁜 맘 고맙습니다❤️❤️❤️
kaeun_11 | 2024-08-25 | 어유 진짜고생하셨네요ㅋㅋㅋㅋ
burrito1204 | 2024-08-25 | 아이궁 마음도 예쁘셔라 ✨❤️
aviv1109 | 2024-08-25 | 너무 멋있쟈나..❤️‍🔥
yejin_stella | 2024-08-25 | ❤️❤️❤️❤️
zhanghayeon | 2024-08-25 | 매번 영상 볼 때마다 감동이에요☺️ 이렇게 긍정적인 영향력을 선사해주셔서 감사합니다✨❤️"
2024-08-23,7375,(나중에 들어보니) 오빠는 내가.. 싸웠다고 치사하게 혼자 먹는다고 생각했다고 한다..ㅎ 내가 음식 오빠 앞으로 밀어놔줬잖아!!!!!!❤️‍🔥❤️‍🔥❤️‍🔥 48주,"#짜슐랭, #레시피, #간식, #먹스타그램, #푸드스타그램, #desserts, #food","josumin175 | 2024-11-01 | 언니가 마지막에 꺼봐 이랬을때 핸드폰이 꺼졌어요
ckkhh889 | 2024-10-08 | 저승길 볶음밥 ㅋㅋ
canyon_hyemin | 2024-10-06 | 식단 끝나면 이걸로...저장하겠습니다
jjju_young___ | 2024-10-03 | @kwanghyeon2z @my.ian_s2
g_race17640 | 2024-10-03 | 언니 복수심 너무 재밌다ㅋㅋ😮
woojaehui | 2024-09-19 | @ddong.__.hee 켕
uouv330 | 2024-09-12 | 내가 대신 먹어드리고 싶다😂
sung_somi_0101 | 2024-09-11 | 언니 남친있었어?
jungsuyoo | 2024-08-30 | 사귀고싶다..
_mmlleook_ | 2024-08-29 | 와.. 너무 좋은 엄마.. 아니 여친
sulpan.4.pan | 2024-08-28 | 불닭소스는 반칙이지😊
jua_1007 | 2024-08-28 | 맛있어 보여요♡♡
wonyoung770 | 2024-08-28 | 맛있어 보인다
anthouse_sangam | 2024-08-27 | 이 정도 정성이면 화해 좀 하자😂
sonsongwanghoson | 2024-08-27 | 남자친구 있어서요?
don_y0615 | 2024-08-27 | 남친이 있었어요?
no_ow.ax | 2024-08-25 | 언뉘 솜사탕기계에 솜사탕 넣어주세여😢
heominha79 | 2024-08-25 | 어떻게되셨나요
gimeunjin1397 | 2024-08-25 | 남친이 있었엉?
e.uns0o | 2024-08-25 | 아 맞다 이 언니 남친 있었지?!
ninirini_409 | 2024-08-24 | @91sh_cc 짜파게티블랙먹고싶다
eun_you1029 | 2024-08-24 | 밥가지고 싸우는 사람첨 봤네😂
leehaneul0510 | 2024-08-24 | 거북이빵만들어주세요!!!!!!!!!!!!!!!
chea_min1111 | 2024-08-24 | 언니..ㄷㄷ
jinah0104 | 2024-08-23 | ㅋㅋㅋ 그래서 사과 안 한다고 한 겁니까? 귀엽다 증말 ㅋㅋㅋㅋㅋ
in_se_d | 2024-08-23 | 둘 다 왜케 학생의 연애 같지
suyen0427 | 2024-08-23 | 빡친표정 졸귀탱 ㅋㅋㅋㅋ
ha_yum_i | 2024-08-23 | ㅋㅋㅋㅋ 화해하셨나요~?😊😊"
2024-08-22,1161,"하이디라오에서 이거 먹어보신 분..?🧠 제가 혓바닥에 편견이 참 없는 편인데,, 편견이 좀 생겼습니다. 48주","#먹스타그램, #하이디라오, #food, #desserts","namyang77 | 2025-02-03 | 중국살때 친구들이 시켜줘서 먹어봤는데 생각보다 먹을만 했어요.. 이거랑 염소불알이였나.. 두개가 제일 충격적이였어요
42persec | 2025-01-28 | @sonnajoah 뇌 먹을 수 있냐구용
jjjwhatttt | 2025-01-25 | 식감은 두부같은데, 비주얼이 쫌
hjh1.802 | 2025-01-24 | 이거 먹어봤는데 생각보다 맜있어요!!
hasori0512 | 2025-01-09 | 먹어봤는데 크리미한 맛나더라고요
pansy_eseul | 2024-09-13 | @hanseul_byeon 이거 내가 하이디라오 갈때마다 시키는.. 그 부위군... 오래 잘 익히면 부드러운 간 맛이던데!😋
amelia.97564 | 2024-08-29 | 4년전 X가 첫만남에 하이디라오 데려가서 돼지뇌를 나에게 줌...하..역시 중국사람은 못먹는게 읍데..거절 못하고 그냥 꿀딱 삼킴
zha0y1ng | 2024-08-28 | 가능한🔥
su_miiiiiiin_i | 2024-08-24 | @hyemin_kkk
sea_pearl.09 | 2024-08-24 | 10만원 말고 10억 주면 먹을거 같은데...
iklues.m | 2024-08-23 | 영상만 보는데도 헛구역질이..😢
frog001213 | 2024-08-23 | 저거 먹음 돼지지능까지 가져가는거...???ㅋㅋㅋㅋㅋ
koweonyoung | 2024-08-22 | 돼지뇌는 음…… 오리창자는 마시써여ㅎㅎㅎ
mingvely.0_0 | 2024-08-22 | @kancho__oo 돼지..🧠..?
okvindahouse | 2024-08-22 | 한번밖에못먹나요 100만원 받을수있을거같은데
shin_jioh1107 | 2024-08-22 | 2빠였는데 3빠
010_8xx4_5x1x | 2024-08-22 | 2빠🙌
jeongsangin8 | 2024-08-22 | 1빠🙌"
2024-08-21,3066,오레오 사장님이 보면 기절할 디저트 48주,"#오레오, #디저트, #간식, #레시피, #그릭요거트, #베이킹, #food, #dessert","jii_yzn.14 | 2025-01-25 | 진심 똑똑했다
gjrgjevw14 | 2024-11-12 | 빼빼로 그릭요거트 만들어주세욤❤️
yogureuteu5 | 2024-10-26 | 👏
parksiyeoun7135 | 2024-09-24 | 복숭아아이스티가루로그릭요거트만들어주세요!!!!!😢
y.ojx12_ | 2024-09-24 | 오레오오 쫀득쿠키해줘용(마쉬멜로우+오레오)
x.maer_0318 | 2024-09-17 | 1년전 댓글..
seayoan129 | 2024-09-07 | 언니 갑자기 생각난건데 바나나킥 뒷쪽에 바나나킥 맛있게먹는 방법먹어줄수있어??
ijaein655 | 2024-09-02 | 46주답글 달기
_mmlleook_ | 2024-08-29 | 우와 신난다 넘 맛있겠다 어우
hr_160314 | 2024-08-25 | 이모나희도달마었요❤️
yumee.kim | 2024-08-21 | 천재🙌
hyerim_c_berisalic | 2024-08-21 | 와 진짜 아이디어 최고에요 너무 맛있어보여요
food_radio_ | 2024-08-21 | 오히려 좋아~~~
sohyeon_728 | 2024-08-21 | 예쁜 언니 크림치즈 그릭 요거트 만들어주세요
jin_yeong02.17 | 2024-08-21 | 우와 진짜 못하는게없으시네👍👍👍
ji_ji__ | 2024-08-21 | 비주얼.....ㅋㅋ ㅋㅋ ㅋㅋㅋ ㅋㅋㅋ ㅋㅋㅋ 쎄멘 아입니까
_ye.wo | 2024-08-21 | 24분전 먹어보고 싶어요🙌
yeseon_kate_kim | 2024-08-21 | 기출번형&빠른 상황 판단 가장 잘하는 유튜버 1위"
2024-08-20,4607,옛날 사람들 들으면 기절할 숏다리 가격 (나도 기절) 만들어먹자 48주,"#숏다리, #레시피, #간식, #food","ooooojinghooooo | 2025-03-27 | 숏다리보단 롱다리인 #짝다리 죠!!!😍
connecting_the__dots | 2025-02-08 | @whatup_jeri 숏다리가 3000원이래ㄷㄷ
u__nae | 2025-01-27 | @jj02.19yy
kimmin0527 | 2025-01-15 | 오오 18년차 주부도 시도해보고싶은!!!!
james_cariccio | 2025-01-11 | 좋은정보감사합니다
winsome_jy07 | 2024-12-12 | @0.hunn 오 대바아아악 해보자해보다
hwangyuna.0312 | 2024-11-17 | 지금은 5900원 ㄷㄷ….
gms00_2 | 2024-11-08 | 언니.. 버터안넣었다..
euyl_13 | 2024-10-26 | 👏👏👏👏👏👏👏
yoon_4807 | 2024-10-24 | 영주는 1500원 인데
won_ie | 2024-10-10 | @turtle_kingg 네?
sova_blackmail_me | 2024-10-07 | 미국 해외 배송 가능한가요? 50개만 만들어서
보내주세요 택배비 별도 괜찮아요
kang__lovely | 2024-10-04 | @5chunun
namyena8 | 2024-09-29 | 아이스크림 할이점 가면 400원 인데
kkeunsol | 2024-09-26 | @park_jo_hyuk 나는 인스타보면 이런거 봐
ren___2_5 | 2024-09-14 | 제가 단골 문구점에 갔는데 숏다리가 300원,,,,
hwi_yeon21 | 2024-09-12 | 만드는게 더비쌀거같은데
silozu_ | 2024-09-04 | @daming_9
r._.dbi | 2024-09-02 | @h_____e2 만들어봐야지
yeseo_4074 | 2024-08-28 | 요즘 문구점 200원이하 없는데 거의 몇천원
imaginedking | 2024-08-26 | 마른 오징어가 한장에 250원이었는데 ㅠ
se.auxn_ | 2024-08-25 | 오징어가 쇼다리 보다 비쌀듯
akung_a_kung | 2024-08-24 | 네 제가 허씨입니다 ((허~쒸))
yoon98sw | 2024-08-22 | 와 집에 냄새 오지게 났겠다
__.maarrrrr.__ | 2024-08-20 | 오다리를 만들어먹을 생각은 하지도 못했는뎁... 🔥🔥🔥
jin_yeong02.17 | 2024-08-20 | 힘줄때 콧구멍 커진것도 이쁘시네여👍👍😆😆
baggeumhui26 | 2024-08-20 | 우와...이게되요?신기하넹...😮😂😍
_mmlleook_ | 2024-08-20 | 대박이다... 진정 요리천재...와 절대음감같은 느낌.. 절대미각
osoni._.ujsbj | 2024-08-20 | 안 녕 하 십 미 까 ♥︎
luce_sicut_stellae12 | 2024-08-20 | 🙀 턱관절도 지켜줘야죠~~~
na_ynl | 2024-08-20 | 언니 산 그 오징어가 더 삐싸.
is.ju684 | 2024-08-20 | 우와ㅏ 엄청 빨리왔다ㅏ 엄청 맛있어보여요오😍❤️"
2024-08-18,1206,점보라면을 사용하는 상상도 못한 방법 49주,"#점보라면, #편의점음식, #레시피","dbskehs | 2024-10-19 | ???:면이 이븐하게 안익었어요
hyunjin_park91 | 2024-08-26 | @o__hyena 이건 좀 땡기는데
heominha79 | 2024-08-25 | 세상에서 젤예쁜 이사장님 집소개 영상찍어주세요 제발
jmwh_26103 | 2024-08-23 | @lily_seul_ @hyeji_e_o 도저언!!!
hyeyoung.lee95 | 2024-08-19 | @wan.sssss
12_ho.pe_ | 2024-08-19 | 저정도면 한 가지 음식밖에 없는 뷔페같아요!!
yangsorah | 2024-08-19 | 무슨 떡볶이에요...?ㅜㅜ 떡이 통통하니 맛있어보여요...
ghj8804 | 2024-08-18 | 엽떡이나 닭도리탕 김치찌개 등등 갓배달온음식에 라면사리 밑에 넣어두면 다른거먹을동안 적당히 익어요
siyeon_1201 | 2024-08-18 | @mok.ys11 @silver_soa0331 해먹자🤤
d.d.han | 2024-08-18 | 미춋따아아😝❤️🩷
private_cat_lover | 2024-08-18 | 완전 천재적인 방법 같아요..!! 담에 놀러갈 때 해봐야겠어요!!"
2024-08-17,5768,남친 부모님 텃밭 털어서..에이드 만들기🍹 . . 49주,"#디저트, #베이킹, #레시피, #food, #desserts","hay_un928 | 2024-12-11 | 남친 있었어…
ejjhlove | 2024-08-29 | 서리에이드ㅋㅋㅋㅋ
seulgi_yep | 2024-08-25 | 점점 무지막지 예뻐지네❤️
jaee._un | 2024-08-20 | 이 언니는 지루하면 요리컨텐츠를 만들어주신다 넘 좋자나~~
hy._.hy | 2024-08-19 | 🍀
uouv330 | 2024-08-19 | 👏👏👏와
juju_multipotentialite | 2024-08-19 | 오ㅑㄹ케이뿐겨 ♡
honeyunni.gy | 2024-08-18 | 뭔가 꾸밈 없는 모습이 이뽀요 ㅜㅜㅜ ㅎㅎㅎㅎ 청귤에이드 좋아하는데 ㅎㅎㅎ 문 열고 나가면 귤 밭이라니 👍👍👍👍
dokdo_korea_sm | 2024-08-18 | 남친이있어요..?
qowu834 | 2024-08-18 | 배우 백주희님 닮음
_.h.jxn | 2024-08-18 | 방금 청귤차 먹었는데
thsudpfla | 2024-08-17 | 넘커엽고이뽀고좋아요,이번브이로그에화장부분좀나와서넘넘좋앗어요,고마워요,앞르로도브이로그만이올려쥬세요ㅠㅠ
chchchchhhchhhch | 2024-08-17 | 앞으로 이렇게만 찍어주세요 진짜.. 너무 이뻐요 ㅠㅜㅜㅜㅜㅜㅜ ㅠ 완전 여쿨 봄웜 아니시냐며..
i.intrinsic_motivation | 2024-08-17 | 누구 닮으셨다 닮으셨다 계속 생각했는데, 이성경 님 느낌이 있으시네요😍
hyedada_baking | 2024-08-17 | 모자잘어울려요😍
bearteddy2460 | 2024-08-17 | 첫번째 립 정보 너무궁금해요 제발 알려주세요😮❤️
m_pool99 | 2024-08-17 | 노력하시는 모습이 보기좋으네요~^^
songgiha | 2024-08-17 | 😍
lj.sn.1 | 2024-08-17 | 와 언니 3분전이예뇨"
2024-08-15,2535,'떡‘ 이라는 말을 몇 번 말했는지 맞추는 분들께 떡볶이 드림!!!!! --------------------- 정답을 맞추신 분들 중 총 다섯 분께 떡참 2만원 상품권을 드립니다. 댓글 이벤트 진행 : ~8월 18일 당첨자 발표: 8월 23일 당첨되신 분들께는 떡참에서 메세지가 가게 됩니다. 꼭 확인해주세요! 수정됨 · 49주,"#광고, #떡참, #떡볶이참잘하는집","sx.hw0n | 2025-02-08 | 6번!!
love_2_rym | 2025-02-07 | 6번이용
gyutae_13 | 2025-02-06 | 6번이요
liyun_jenna.15 | 2025-02-06 | 6번
leenamjin0329 | 2025-02-06 | 6벙
cherry15n | 2025-02-04 | 6번❤️❤️❤️❤️❤️❤️❤️❤️🙌🙌🙌🙌🙌🙌🙌🙌🙌🙌❤️❤️❤️❤️❤️❤️❤️
jeoneunhye36 | 2025-02-03 | 6번이요
ojkdarre | 2025-01-28 | 6번이요!🔥
na.yeon_woo | 2025-01-27 | 7번이여ㅕ
l_jae.a | 2025-01-23 | 6번 제발요..ㅜ
wonjuny13 | 2025-01-23 | 6번
uouoifft | 2025-01-23 | 6번!
chill__gay123 | 2025-01-22 | !
haeun._.1201 | 2025-01-14 | 6번이요😍😍😍
junsangeom13 | 2025-01-13 | 6번이요❤️❤️❤️❤️❤️🔥❤️🔥❤️🔥🔥❤️🔥🔥❤️🔥❤️🔥🔥❤️❤️🔥🔥😂😍😍
bagseojun123 | 2025-01-13 | 6번이요
yeso1127 | 2025-01-12 | 6번용
g.__.hr | 2025-01-11 | 7번
y1._seo2 | 2025-01-11 | 7번!!!
siu_love1029 | 2025-01-04 | 히틀러?
k.ty._12 | 2025-01-02 | 6번이요
kimhaedam5915 | 2025-01-02 | 6
youn.2x1224 | 2024-12-25 | 6번이용
no_ow.ax | 2024-12-15 | 총 6번이여
rjsdn221 | 2024-12-10 | 6번이요 겁나 맛있겠다
areum_0426 | 2024-12-07 | 6번!
s._yxxn0425 | 2024-12-01 | 6번
ijeonghyeon1219 | 2024-11-30 | 6번
min_dong_hee1p | 2024-11-25 | 6번
1230cinnamollo | 2024-11-21 | 6번이요!!!!❤️
hamdoyun9 | 2024-11-21 | 내 친구 엄,빠가 떡참 하는데 ㅋㅋㅋ
gz_yrl | 2024-11-16 | 6번
j_sxxyoung13 | 2024-11-15 | 6번이용
kim._.mingyeom._.2 | 2024-11-14 | 6번이요🔥!!!!!!
wahahahat64 | 2024-11-14 | 6번
dbrjs0626 | 2024-11-01 | 7번 마지막에 또 말함
s._exu | 2024-10-10 | 6번이영!!!
j0.iox | 2024-10-08 | 두개다 넣어..
j_xxh.n | 2024-10-05 | 맜있겠다
s2s2s2ccc | 2024-10-04 | 6번입니다!
nojiyeon_69 | 2024-10-03 | 6번
hy._xxnn | 2024-10-01 | 6번
gangseongcan443 | 2024-09-19 | 6번
se.xul2 | 2024-08-28 | 8번
__eee.bora | 2024-08-28 | 6번 ❤️❤️❤️❤️❤️❤️
y0u.xinn_ | 2024-08-25 | 6번
jong12hyuk | 2024-08-22 | 떡볶이 한국 음식인데 유학을..?
gangminseung123 | 2024-08-19 | 6
jiholee_14 | 2024-08-19 | 6번이용!
0909i27 | 2024-08-19 | 6번이여!🔥🔥🔥🔥🔥
iyeweon1013 | 2024-08-19 | 6번
lee_sce_a.ee | 2024-08-19 | 5번?₍⑅ᐢ..ᐢ₎
cheawon_0809 | 2024-08-19 | 6번이요!!! 6번!!!6️⃣6️⃣6️⃣6️⃣6️⃣6️⃣
sonjae_2013 | 2024-08-19 | 6번이요🔥🔥🔥🔥
beommul_jungyeon | 2024-08-19 | 6번이용!!!! 먹방 가즈아🔥🔥🔥
a_yxe13 | 2024-08-18 | 6번🔥
hx_r.in | 2024-08-18 | 6번이용
heejin880901 | 2024-08-18 | 6번!!!
chchchchhhchhhch | 2024-08-18 | 6번!! 아 진짜 맛있겠다🤤🤤
r_im04 | 2024-08-18 | 막판에 참가합니다 6번 말했습니다 떡참.. 참 맛있겠네요 오늘 먹어야지
32113ad | 2024-08-18 | 6번이요🔥
isoeun8129 | 2024-08-18 | 7번아닌가..?
mo0n._.chae | 2024-08-18 | 6번!!!!
k_u_r_110110 | 2024-08-17 | 6번이여🔥🔥🔥🔥🔥
azuremin_07 | 2024-08-17 | 6반❤️🙌
1y.w0n._ | 2024-08-17 | 6번이요
sn1118_ | 2024-08-16 | 6번 🔥🔥
hyhyhyhy94 | 2024-08-16 | 6번이요!!
dans._.bakery | 2024-08-16 | 6번이여ㅕ
qkrdmst | 2024-08-16 | 이사장님! 이사장님이 만든 어항 젤리가 일본 도쿄에 팔아요!❤️
hhhhhhh071999 | 2024-08-16 | 6번🔥
rong1_89 | 2024-08-16 | 떡볶이 떡볶이 떡볶이 ""떡참"" 쫄라떡볶이 ""떡참"" 딱 6번!
lj_no.1 | 2024-08-16 | 6번!! 떡참 조합 미쳤내요😖😱😍 근데 연기로 전공 바꾸신것 맞죠?👏🏻👏🏻
jung_weon12 | 2024-08-16 | 6번
seo_jin.0 | 2024-08-16 | 6번
yumi8924 | 2024-08-16 | 6번이요!!
jju.ns12 | 2024-08-16 | 6번이요
hwhsng.y7 | 2024-08-16 | 6
gafoov123 | 2024-08-16 | 수염 어케 한거지
yun_11cu.xj | 2024-08-16 | 6번이용🔥🔥
14_tws__shinyu42 | 2024-08-16 | 6번입니다..!!!!
constantine._12 | 2024-08-16 | 6번
y._1hx | 2024-08-16 | 6번이요….!!!🙌🙌👏👏😍❤️
carat_dino10 | 2024-08-16 | 6번이요!
nayul0906 | 2024-08-16 | 6번이여
nx.huy0 | 2024-08-16 | 6번이요 저 떡참 너무 먹어보고 싶어요😢😢😢
yena5200 | 2024-08-16 | 6번이요! 쉬운데?
yo4.s_ | 2024-08-16 | 6번이염
wjdtjsghk | 2024-08-16 | 6번이요❤️🧡💛💚💙💜
20_00235 | 2024-08-16 | 6번이요!!
somin1304 | 2024-08-16 | 6번🔥
jinha_616 | 2024-08-16 | 6번이요❤️
ellajeb | 2024-08-16 | 6번 !
jsllzix | 2024-08-16 | 6번이요🔥🙌🙌
yewon0364 | 2024-08-16 | 6번
_yccccccccccchan_ | 2024-08-15 | 6번!!!!🔥🔥
h_xccm | 2024-08-15 | 6번이요
xji_won_12 | 2024-08-15 | 콧수염이 수상하네요..
ch__02.25 | 2024-08-15 | 6번이용♥️
su_an0301 | 2024-08-15 | 6"
2024-08-14,2006,달걀찜 샌드위치? 49주,"#레시피, #샌드위치","2wlswn_ | 2024-08-28 | @_5.yong 헐!
lj_no.1 | 2024-08-16 | 오사카가면 환장하고먹었었눈데. 이사장님 덕분에 집에서도 환장하면서 먹을수있겠어요~! ❤️
_mmlleook_ | 2024-08-14 | 우와 아까 달걀 모양 너무 예뻐서 감동...이었는데
maleng.table | 2024-08-14 | 아 넘 웃겨욬ㅋㅋㅋㅋㅋㅋㅋㅋ근데 진짜 똑같아서 자리에서 일어남😮
yeseon_kate_kim | 2024-08-14 | 달걀 만들고 남은 국물이라...결국 달걀국인ㄱ ㅓ...."
2024-08-12,5580,일본가면 기념품으로 엄청 사온다는 ‘메론스프레드’? 50주,"#메론스프레드, #베이킹, #디저트","mmminge | 2025-05-10 | @young.ji4361 크크
hyelin_0419 | 2025-01-07 | 그 햄버거빵 어디서 샀어요?
kkyu_rururru219 | 2024-11-09 | @zxrx_m1n 이거라구
i_am_hyemin_ | 2024-11-06 | 저렇게 바르면 달아서 못먹겠던데😂
ryung_zz | 2024-11-05 | @donghahaha_
u_u.hae | 2024-10-18 | 이거 저도 있는디 이상하게 구우면 흘러내리더라구용 근데 그래도 맛은 있음
ekdud1025_ | 2024-10-10 | @juwon96th
_ayull2 | 2024-09-22 | 그거로 두바이 초콜릿 만들면
sachico86 | 2024-09-01 | カレーパンもあるけど、メロンパンの方が美味しそう😋
miniminamanimo | 2024-08-25 | 나두 사와찌ㅋㅋㅋㅋㅋ🙌예히
hmfsxa | 2024-08-16 | @kxmtxxrxn
chea_min1111 | 2024-08-14 | 언니! 조금만 더 볼록하게 하면 되지않을까?!!
dhjfk_19 | 2024-08-13 | 언니 지금 프리한 19 본방 보는데 두바이 초콜릿 순위에 언니 영상 나왔어요 !!❤️❤️
dior_0913_ | 2024-08-13 | 일본에 빨기 스프레드 있어요!!!
개추!!
aycdv_v | 2024-08-13 | 나중에 직접 만들어야 겠군🔥
ehhh_110011 | 2024-08-13 | 난카레랑 명란도 맛나던데ㅋ
alicia_jjo | 2024-08-12 | 메론도 맛있는데 커피도 맛있어영!!!!!
thsudpfla | 2024-08-12 | 하아니비쥬얼은진짜세계1위매론빵같아요ㅠ
나중에직접만들어쥬심안되요?!!!!메론넣러서…//
11051001kk | 2024-08-12 | 이사장님!!순대 탛후루 만들어 주세요!
pm4m1 | 2024-08-12 | ㅋㅋㅋㅋㅋ 한 번 ^..^
22bbangsunny | 2024-08-12 | 알뜰한 이사장님ㅎㅎ"
2024-08-08,1736,버섯은 야채 아니라고요? 나가주세요 (5분 전에 먹은 영상임) 50주,#짜슐랭,"yech1013 | 2024-10-05 | 버섯은 곰팡이
magdushya | 2024-08-26 | 🤤
chzx.un__ | 2024-08-23 | 거,,,치즈가 있는것깉은ㄷ
hoshino_._ai | 2024-08-23 | 왜 한소희가ㅜ보이는것이야
aliceparkinwonderland | 2024-08-16 | 언니 넘 이뻐…
garam09005 | 2024-08-15 | 앗ㅋㅌ 왜ㅐ 물티슈로 그릇 받치고 잇으세용 ㅜㅜ 그냥 머그셔도 돼는데ㅜㅜ😢
ruby99_0813 | 2024-08-13 | 힘내세요
imaginedking | 2024-08-13 | 나가
marttina_dance | 2024-08-12 | 와.....나도 모르게 짜빠게티 끓이러갈뻔????(고민중)
x1.hun_ | 2024-08-11 | 운동을 하세효,,
udyfifyshh | 2024-08-11 | ㅋㅋㅋㅋ
chea_min1111 | 2024-08-11 | 언니 사랑해❤️
hhh_9874 | 2024-08-11 | 침 흘러여
ksw.o.n | 2024-08-10 | 언니야 언니가 살이 있었어? ㅋㅋㅋ
kg13m | 2024-08-09 | 이모티콘 먹방1트!
m1n_sez | 2024-08-09 | 야채 아닐껄용? 균류라든ㄷㅔ..
sx_r.in | 2024-08-09 | ""모든 면에 다 긍정적이신 우리 사장님""
so12_18 | 2024-08-09 | 뺄살이 어딧으여!!!!!!!!!!!!!(분노😒)
dam__422 | 2024-08-09 | 다이어트 식단의 정식👏
thsudpfla | 2024-08-09 | 어뜨캫ㅎㅠ
맛업겟지만,힘들겟지만,그만두고싶갯지만,
야채인버섯만이드시고건강해져요!!!!!!
ah3yun | 2024-08-09 | 언니 왜케 이뻐졌어?
coeain994 | 2024-08-09 | 다이어트 안해도 될거같은데요 이사장님
jjajjaloni_cat | 2024-08-09 | 이젠 짜계트?
_k.hwan__ | 2024-08-09 | 짜파게티 사러가야하나
givemiramen | 2024-08-09 | 버섯은 균류입니다
j_ain._.305 | 2024-08-09 | 언니 물티슈....
park.suyeon | 2024-08-09 | 그냥 맛있게 먹는데요??? 난 그와중에 엇 젓가락 우리집이랑 같은거다 했음요 ㅎㅎㅎ
0303_sol | 2024-08-08 | 아니 저 방금 자려고 누웠는데 먹는영상 올리기 있어요? 넘 맛있게 먹잖아😵
subin._.2013 | 2024-08-08 | 그렇치
flexxwagger | 2024-08-08 | 역시 배우신분👏👏👏👏👏
the._.and.y7 | 2024-08-08 | ❤️❤️
j__h.0un | 2024-08-08 | 다이어트치고는 너무 맛있게드시는 우리사장님"
2024-08-08,2.2만,전라도에서만 먹는다는 설탕국수? 50주,#설탕국수,"iseol4514 | 2025-02-04 | 설탕국수 어릴때 할머니가 많아 해줬는데 ㅋㅋ
mpsmoon | 2025-02-02 | 광주를 기점으로 먹는음식 그위로는 잘못보는음식
nana79797070 | 2025-02-02 | 어릴때 엄마가 해주셨오요 근데 간장국수도 해주셨오요
gimyeeun1344 | 2025-02-02 | 처음에 손에 들고 드시던거 이름이 뭐에요??
sblee_ | 2025-02-02 | @smchoi___
lu_loll__26 | 2025-02-02 | 저는 목포 사람인데 할머니가 어렸을때 여름에 많이 해주셨어요 원래 섬에 사셨는데 그땐 밭일하고 힘들때 많이 드시던거래요!
qufdldirl04 | 2025-02-02 | 엄만 갱상도여자라 잔치국수 잘하는데 해남이 고향인 아부지 엄마 잔치국수 제끼고 늘 설탕국수 ㅎ 어릴때 아부지랑 먹음 그리 맛있던 기억이
ss_elvy | 2025-02-02 | @so_j05 어제도 설탕국수 얘기했는데 소름
s_eun_o.o | 2025-02-02 | @hyo_zip 이거 존맛
j._.xyin | 2025-02-01 | 엥 여수사는데 알아요
lexz1.2 | 2025-02-01 | 유치원때 엄마가 가끔 해줬는데 은근 맛있음
jxxn_nope | 2025-02-01 | 보리차...
hoya8714 | 2025-01-31 | @zojoa20 우린 경기돈데 왜 먹은 기억이...
isyum | 2025-01-30 | 나도 전주출신인데 안먹어봤음. 할아버지는 설탕물 좋아하시던데
hi_nu_ri | 2025-01-28 | 저희집은 백설탕 말고 흑설탕으로 먹었어요~ 특히 입맛이 없을때 종종 해먹고 있는데 국수말고도 우뭇가사리로 해먹으면 식감도 좋아서 맛있어요❤️
i.raaaa_light | 2025-01-28 | 아니.. 이걸 안먹어봤다고? 난 지금도 먹는데?
eundear__ | 2025-01-28 | 광주출신, 아빠 따라서 초딩때 여름 주말 아침밥 대신 먹었어용ㅋㅋㅋㅋㅋㅋ 엄마는 싫어하심ㅋㅋㅋㅋㅋㅋㅋㅋㅋㅋ
kkkkkk02_28 | 2025-01-28 | 이거 맛있음 우리아빠 해장하려고드셨는데 쪼금먹어봄 맛도리임
honeythelove5 | 2025-01-27 | 설탕국수에.멸치볶음도 맛있게먹었는데ㅎㅎ
youngooralos | 2025-01-27 | 알고싶지 않오 ㅠ
nopaintnopic | 2025-01-27 | ㅋㅋㅋㅋㅋ아니 난 서울사람인데도 우리 외할아버지때문에 안다구요
eunice_eunha | 2025-01-27 | 전남 강진이 고향인 저희 아버지가 자주 드셨는뎁
e_bomi_ | 2025-01-26 | 나도 초딩때 자주 먹었는뎅ㅋㅋ
5light.jun | 2025-01-26 | 이렇게먹는게아닌데.. 원조는 차가운보리차에소면넣고 설탕조금넣고먹는겁니다
blueyj27 | 2025-01-26 | 입맛 없을때 설탕국수에 배추김치랑 같이 먹으면 맛있어요
cken_chi_ | 2025-01-25 | 저희집은 미숫가루 넣어 먹었어요ㅎㅎ
geonmini2 | 2025-01-25 | 설탕국수 예전에 많이 먹었능데😢
dindun_p | 2025-01-25 | @jeju.cjhdam
imina1611 | 2025-01-25 | 난 태어나서 지금까지 전라도에서 사는디 본적도 어1ㅛ다
sxu493 | 2025-01-25 | 우리 할머니 저거 진짜 좋아하시는데 당뇨땜에 못드심..😢
hajoossam | 2025-01-25 | 저도 첨 들어봐요ㅋ 안먹어봤어요ㅋ
kmint_525 | 2025-01-24 | 전라남도 순천이 짱임 한번만 제발 와보삼
gkdisskfk0323 | 2025-01-24 | 국수엔 설탕이쥐! 콩국수도 설탕!!
anuhyeon | 2025-01-24 | 전라도 사는데 설탕국수 안먹어봤습니다
inkodwdnn00 | 2025-01-24 | 결국엔 김치말이국수가 되지
jxn.ou82 | 2025-01-24 | 저는 국수하면 비빔국수 싫어해서 간장국수 아님 설탕국수 먹었는디..?
jinok0421 | 2025-01-24 | 김치랑 드셔보세요.설탕의 양은 본인기호대로 넣어드세요.너무 마니 넣을필욘없습니다.
jinok0421 | 2025-01-24 | 지금은 설탕국수를 파는곳을 찾기는 힘들죠.전라도사람이 설탕국수를 사먹진 않을거같습니다.
jinok0421 | 2025-01-24 | 전라남도 음식이예요.설탕국수는~~~ 전라남도는 김치가 맛있으니 그렇게 먹어도 맛있어요.여름에 주로먹고 설탕국수에 열우김치면 끝장이죵.콩국수에 소금시라면 전라도에서 살았단말하심 안될듯.
seoyegj | 2025-01-23 | 잔치국수나 비빔국수보다 더 많이 먹은게 설탕 국수인데
hongmi4840 | 2025-01-23 | 전남 화순군..어릴때 어른들 열무국후드실때 애들은 이거먹죠ㅋ😍
isdm17 | 2025-01-23 | 경상도는 김밥을 멸치국물에 토렴해서 비빔밥처럼먹는거랑 전라도에 저 설탕국수는 이해를 할수없는 서울사람...
syxeg2 | 2025-01-23 | 전라도라고 다 같은 전라도가 아니에오… 저 국수는 광주에서 많이 먹습니다..
e.y._lee | 2025-01-22 | 저는 서울 사람인데...저는 왜 알죠???
lyd_yp | 2025-01-22 | 여수 먹음
pigbreath_02 | 2025-01-22 | 전라북도쪽보다 남도에서많이먹고 전남생활권과 겹치는곳에서는 종종먹더라구요
____ddol2 | 2025-01-22 | 저희부모님두분다 영광분이신데 여름에입맛없을때 점심으로자주해드심!!설탕대신 뉴슈가넣어드시기도했다네요!!!
185__gj | 2025-01-22 | 음식은 남도에요
ejjhlover | 2025-01-21 | 전라도인데 한번도 먹어본 적 없어요.
hakwnsudd | 2025-01-20 | 보통 집에서 입맛없을때 먹는데, 진짜 애기때 엄마였나 할머니가 해줬던것 같아요.
mi7eeeeeee | 2025-01-20 | 어릴때 보리차에 설탕넣어서
국수말아주셨어욤 👏
2025_1004_ | 2025-01-20 | 건강에엄청 안좋겠다
kimezini | 2025-01-20 | 목포출신 울 아빠의 여름 주식 ㅎㅎㅎ 설탕국수에 신김치 얹어먹으면 꿀맛
lillllly____ | 2025-01-20 | 저희 엄니는 보리차에 설탕 국수 말아주셨어요 엄니가 어렸을때 많이 드셨데요 (엄니 해남출신)
koonnpong | 2025-01-20 | 광주26년차인데 어릴때 여름 간식으로 진짜 자주 먹었는데,, 설탕국수or간장국수 두개중 하나 골라먹었어요 ㅋㅋㅋ
wwtnwl1 | 2025-01-20 | 저희 할머니가 입맛없고 더운 여름에 차가운 보리차에 얼음동동 띄워 많이 해주셨어요!! 저는 열무랑 맛있게 참 잘먹던거에요❤️
joorogun | 2025-01-19 | 휴 지역차별없는 클린한 댓글창
yoon.021711 | 2025-01-19 | 경남인데 할머니가 어릴때 나 입맛 없으면 늘 오이랑 쌈장이랑 설탕국수 주시던거 생각난가 ㅠㅜ
jinny.bemyself | 2025-01-19 | 엄마가 여수 분이신데 어릴때부터 비빔국수먹고 입가심용으로 항상 설탕국수 먹었어요! 지금도 당연한 코스!
ssuyya_417 | 2025-01-19 | @yean_hee_8 우린 왜 자주머금😢엄마 목포사람인뎅
jxx._.mins | 2025-01-19 | 근데 저 마요네즈 통에있는건 몬가요...?ㅜㅜ
loveleebao | 2025-01-19 | 흙설탕....
mikyung_u | 2025-01-19 | 전남 고흥도 먹었음~~
2010y_han | 2025-01-19 | 저거 시골 밭일 도와드리고 엄청 더울때 먹으면 짱맛있어요 ㅋㅋㅋ
chickenboss_ | 2025-01-18 | 김장김치에 먹어야 해요!!!!! 그래야 맛있어요!!!!
hoonaa88 | 2025-01-18 | ㅋㅋ아직멀엇다...팥죽 소금 설탕파 나뉘고 순대 소금 된장 젓갈 등등 많은 음식들이 지역별로 달라요...전국에서 다살아봤어요
htskhxoh | 2025-01-18 | 할머니가 전라도 사람이라서 그런지 어릴때 많이 먹었음😍
11seo_0 | 2025-01-17 | 헐 어렸을때 보리차에 설탕국수 많이 먹었었는데 먹어야겠다
text_.2 | 2025-01-17 | 설탕국수가 뭐임? 전주 살면서 그런 거 들어본 적이 없는디..
jomman_2 | 2025-01-16 | 설탕만 넣어서 먹어보진않음
jisin_94 | 2025-01-16 | 머야 이사장님 전주 출신이에요?? 나돈데??? 오오
imchy1126 | 2025-01-15 | 찬물에 국수넣고 얼음넣고 설탕 넣으면 그냥 3그릇은 먹는데
qkkunp | 2025-01-12 | 아예 전남에서 여름에 일하던 시기에 먹던거에요 그리고 콩국수 말고 팥죽도 설탕!!!
sooooongj | 2025-01-12 | 남도에서는엄청먹었던ㅎㅎㅎㅎㅎ특히 여름에 얼음 동동띄워서 ㅎㅎㅎㅎ
su._.hyuk | 2025-01-09 | 누가 간식으로 순대국밥,콩나물국밥을 먹어?
ogyuhyeon79 | 2025-01-08 | 저도 전주사는데 어디 초임,
bitch_imthesun | 2025-01-08 | 중학교 때 계셨던 광주 출신 50대 중반 선생님 曰: ""우리 때는 설탕이 엄청 귀했어. 학교 발령나면 교장, 교감 성생님 집 찾아가서 잘 봐달라고 설탕 선물하고 학부모도 선생님이 가정방문하면 설탕 선물했던 때였지. 귀한 손님 오시면 당시에 내줬던 최고의 대접 중 하나가 설탕 국수였어.""
1leee2e | 2025-01-06 | 이거보고 갑자기 궁금해져서 함평 출신인 아빠한테 전화해봤는데 진짜 집에서 저렇게 드셨다고 하셨음. 신기하당
chill_guy771133 | 2025-01-05 | 저도 지금 전주 중1인데 진짜 몰르는데 ㄷㄷ
interute1 | 2025-01-01 | 간장 설탕해서 비벼먹은적은 많아요..
mi_mola93 | 2024-12-30 | 요즘은 안먹고 옛날에 먹었던거에요 밭일하고 힘들면 달달하게 설탕넣어서 먹는데 맹물보다는 보리물이나 녹차물 뭐 이렇게도 먹었다고 합니다... 자주먹던건 아니고 일하다가 종종 새참으로 먹었다고 합니다
jeongsaessag | 2024-12-28 | 어릴때 먹은 국수😮😮😮😮
j.yb88 | 2024-12-18 | 전라 south 도
kiki_10204 | 2024-12-17 | 전라도는 많이 먹어요
chaevely._.mom | 2024-12-15 | 전남 완도가 고향인데 어릴 때 자주 먹었어용👍🏻
boeu_1 | 2024-12-09 | 강경사람 입니더
s1w00.o9ll | 2024-12-09 | 맛의 고장은 전북 익산...
mxiiket | 2024-12-09 | 아닌데요
asmrwoo | 2024-12-08 | 우리아빠는국수먹을때마다저거먹음나랑누난좋아하는데만니는않억음
happy_s.u.a | 2024-11-23 | 맛있겠다으흐흐
melona0927 | 2024-11-18 | 이거 아마 전라남도 부근에 나주, 영암, 무안, 완도 포함 섬등등에서 많이 먹을걸요?
melona0927 | 2024-11-18 | 설탕국수는 새참으로 많이 먹었습니다.. 요즘 먹고 싶네요..
sy.93751 | 2024-11-16 | 아버지가 전남 해남분이신데 소금만 넣어 먹습니다
___hem2 | 2024-11-06 | 홍어는 안 넣어 먹나요?
h_yeji.12 | 2024-09-23 | 설탕 국수 안먹어봤는데 ....?
i_luv_yul____ | 2024-09-23 | @o__yul__papa
rayoonicoo | 2024-09-20 | 엄마 광주, 아빠 나주인데 어릴때 부터 자주 드시는거 봤어요ㅎㅎ 저는 입맛에 안맞아서 싫었던 기억이😂
mumu_v8v | 2024-09-18 | 전남에서 30년 살았던 저는 들어만 봤던 국수인데..맛있어요?
a51054073 | 2024-09-16 | 어릴때 많이 만들어 먹던 국수네요 ;;;
jjunge_story | 2024-09-16 | 열무김치에 먹어야해요!!😍"
2024-08-06,2418,"일본에서 유행이 시작된 파란음료수 데카포,,과연 정체가 뭘까?! (데카포 들고 춤추는 영상은 유튜브에만 올렸어요..^^쪼ㅓㄱ팔려서 50주","#데카포, #베이킹, #디저트","coesehyeon591 | 2024-09-22 | 대카포는 포트나이트인데....
seon_gmom | 2024-09-15 | 가글은 넣어도되나요?
jeonhyeonsol4 | 2024-08-31 | 포트나이트!!!
isomin360 | 2024-08-25 | 오른쪽 팔에 멍이에요?😢
isieun660 | 2024-08-24 | 이사장님 제가 어릴 때 먹던 면요리가 있는데요 저희 동네 문구점에서 팔았는데 지금은 없거든요? 근데 면이 하얀색이였고 양념장도 있었는데 그건 모르겠어요 그리고 면이 넓적 했습니다. 만들어 주심 안될까요?
yunsiyun9610 | 2024-08-15 | 그 생선모양 타피오카펄 블루베리인줄ㅋㅋ
potatatatoattop | 2024-08-11 | 워셔약 ㅋㅋㅋ
chea_min1111 | 2024-08-07 | 마지막에 술이야기 넘 웃기넹
wo.x_a | 2024-08-07 | 웅니 너무 자엽스럽게 더빙 끼워넣는거 아니냐구ㅎㅎㅋㅋ
gimyerin260 | 2024-08-07 | 사장님이라고 불러도 되나요?그리고 이번에 팬 아트를 그렸는데요. 사장님께 선물로 드리고 싶습니다. 인스타에서 사진으로 보내 드리고 싶습니다. 혹시 보내도 될까요? 기분 나빴다면 죄송합니다.
gimyerin260 | 2024-08-07 | 요리를 정말 잘하세요. 사장님이 요리할 때마다 멋져 보이고 요리를 항상 잘한다고 생각합니다. 힘내세요.기분 나빴다고 죄송합니다.
uouv330 | 2024-08-06 | 다음엔 빨간색 데카포로 부탁드립니다😍
play_eat_goe | 2024-08-06 | 워셔액 마시고 춤춘 사람 있다 그래서 와봤습니다. 와봤더니 있네요 역시 ㅋㅋㅋㅋㅋ
ruru_645 | 2024-08-06 | ❤️❤️
ahjin_kim11 | 2024-08-06 | 빨리옴"
2024-08-02,2894,곧 편의점 두바이초콜릿한테 손절 당할 듯 (이건 gs25 두바이초콜릿 2차 제품입니다) 수정됨 · 51주,"#두바이초콜릿, #gs25","dhsysnl | 2024-10-25 | ㅋㅋㅋ
jie_c153 | 2024-08-31 | 고양이 보고 가죽 카펫으로 봄
nathan18gt | 2024-08-08 | Is it bad?
special.ej | 2024-08-05 | @suny.ru
chongchong._.0529 | 2024-08-05 | 망고젤리 만들어줭!3트
whmgs_110612 | 2024-08-04 | 안사길 잘했닼ㅋㅋㅋ
the__hyuna | 2024-08-04 | @the__minnn
silver._.s2 | 2024-08-04 | @luke0214__ 가격 도라이였네
bigmoon2018 | 2024-08-03 | 그냥 이쁘고 귀엽다
hina_kim.8 | 2024-08-03 | 맛없서여…😭
chea_min1111 | 2024-08-03 | 와 두바이 초코릿(추릅) 언니 먹는걸로 대리 만족😍
mint0_420 | 2024-08-03 | Gs 1차 가 맛있어요 국내산
gimyeryun9_1234 | 2024-08-02 | 그래도 국내산^^;;;
dd6_6 | 2024-08-02 | @jinajhlee 튱치나 보시져
bboni._.bbang | 2024-08-02 | 고양이는 어떻게 구하나요????????진짜 급합니다 제가 정말 급해서 그런데 그 고양이 발 꼬순내랑 비릿참치입냄새 어디서 구하나요?????정말 급합니다 연락주세요 제가 간절해서 그럽니다 진짜로 이랗게까지 안하는 사람입니다 진심입니다
_________today | 2024-08-02 | 이것도 걸러야 겠군요…
gimgweonsig70 | 2024-08-02 | 좋아요 홀수로 받기 1일차 나"
2024-08-01,1.8만,두바이초콜릿 만든다고 설치다가 이상한 덩어리가 한가득 나왔다 51주,"#두바이초콜릿, #베이킹, #디저트, #dessert","parksi_yeon0102 | 2025-06-08 | 음식을 연구해서 재밌는 영상 올려주셔서 감사합니다 앞으로도 재밌는 영상 많이 올려주세요😍
re_plet | 2024-10-28 | 두바이타르트인가요!!!!!!!????????
cajiyu907 | 2024-09-13 | 댓글70개 마지막에 주인콩(?)
lee._.yeseok_bjj | 2024-09-09 | 처음에 키위인줄 알았어요
9u_w4 | 2024-09-07 | 말을 넘 긔엽게하셔서 극호감
rkdfld.co.kr | 2024-09-05 | 치아가 너무 예뻐요 이사장님
anna.lee.1019 | 2024-09-02 | 저 디저트에는 별로 관심이 없었는데 말하는게 너무 재밌어서 보다보니 끝까지 봄 ㅋㅋㅋ
kim_jung_a01318 | 2024-09-01 | 이싱해여~~~
yoosun_lee | 2024-08-29 | 와 이거 짱이다…
leeyul7772 | 2024-08-19 | 이사장님이 내이름 영상에서쓰기 1일차
taliatalia7257 | 2024-08-16 | الكوريين وجربوا ترند شكلاطة دبي الا انا 💔😭😭❤️
u_a.rrr | 2024-08-14 | @4ra_han ㅋㅋㅋㅋㅋㅋㅋㅋㅋ
cafe_meomun | 2024-08-09 | @__hy_01_n 피스타치오+화이트초콜릿!!ㅋㅋ
hyun123s | 2024-08-08 | 우유 마시고싶다
j0.eeui | 2024-08-06 | 훔칠게요
chongchong._.0529 | 2024-08-05 | 망고젤리 만들어줘!4트
yu_nus__k | 2024-08-04 | 2개해서 동그랗게 ㅋㅋㅋ
kedalob | 2024-08-04 | 재료비 20만원 정도가 날라갔다
ksunghyun09 | 2024-08-04 | 팡!(1542)
yerin4334 | 2024-08-03 | ❤️
yerin4334 | 2024-08-03 | 맛있겠다..
i.yeona | 2024-08-03 | 막걸리잔을 틀로 쓴거 천재적이에요!
suooerer | 2024-08-02 | 피스타치오 반죽안내 카다이프를 너어도 좋을거같아요!
gaoonz | 2024-08-02 | @yoosssrr 야 승리야 저 실패작 우리가 만든거랑 똑같은데
ubin6936 | 2024-08-02 | 대왕 키위줄
abohouse_ | 2024-08-02 | 아이디어 대박👍🏻
gimgweonsig70 | 2024-08-01 | 좋아요 홀수로 받기 1일차
jyj.115 | 2024-08-01 | 과자찍어먹으면 맛있겠다
__dgrh | 2024-08-01 | 누구 닮았나 했더니 푸름언니 닮았오용ᵎᵎᵎ 🍑예쁜얼굴 그렇게 쓰실거면 저 주세오🐙
_mmlleook_ | 2024-08-01 | 하이라이트 '내 인생같잖아?'
_mmlleook_ | 2024-08-01 | 그 맛.. 공유하고 싶지 않던가요..?
_mmlleook_ | 2024-08-01 | 와 대박 최고
howarryou30 | 2024-08-01 | 엄청 쫀득해보임
chea_min1111 | 2024-08-01 | ㅋㅋㅋ 언니는 오늘도 천재♡
atugarisan | 2024-08-01 | 막걸리잔으로 틀을 활용하실줄이야 ㅋㅋㅋㅋㅋㅋㅋㅋㅋㅋㅋㅋㅋㅋ
thsudpfla | 2024-08-01 | 이사쟝님이만드싱거진짜다맛잇어보여요,실제로맛잇겟지만.
_miniaeo | 2024-08-01 | 맛있겠다
mins__83 | 2024-08-01 | 역시 금손 인정😍 기특하고 대견하고 이뻐서 대신 뽀뽀 😘
is.ju684 | 2024-08-01 | 에그타르트 같아여ㅋㅋ!!오늘도 완전 맛있어 보여요!!😍😍❤️🔥😮😂
2017nori | 2024-08-01 | 😮❤️❤️❤️오오 실패해도 럭키비키잖아요 맛있어보여요😮😮😮"
2024-07-31,2434,저녁에 페트병들고 집밖으로 나가야 하는 이유 51주,#viral,"k._.zy11 | 2024-08-09 | 그래서 나이가...
sx.yoe_ | 2024-08-05 | @eun_yu03 수영 끝나고 ㄱ?
hellotv440 | 2024-08-04 | 오오 저도 오늘밤 한번 해봐야 겠어용 재밌어보여용 ㅎㅎ 혹시 카메라는 어디쯤 두고 하셨어용? 핸드폰 젖을까봐 걱정되서....ㅎㅎ
sune_e_e | 2024-08-03 | @sojin_0901
_s12.xn | 2024-08-02 | 언니 너무 귀여워요ㅜㅜㅡ❤️❤️
leehaneul0510 | 2024-08-02 | 초코분수!!!!$!!!!
fixedgear_bike_kr | 2024-08-02 | 유튜브에서만 봤는데 인스타도 하시는군
y_kko.9_m | 2024-08-02 | @92_0102c 하고싶은데?..
uouv330 | 2024-08-01 | 이와중에 너무 이쁘세요
ay_havely | 2024-08-01 | @ys_0608v 해줘
chea_min1111 | 2024-08-01 | 와~언니 사랑해!!!!
plong_kr | 2024-08-01 | 재밌게 놀고, 투명페트병과 유색페트병을 나눠서 분리배출하면 재활용율이 올라가요👍
hyundzzang | 2024-08-01 | @gi_hyun_ 해야되긴하겠다
ispe.u3 | 2024-07-31 | 14빠
k._.zy11 | 2024-08-09 | 그래서 나이가...
sx.yoe_ | 2024-08-05 | @eun_yu03 수영 끝나고 ㄱ?
hellotv440 | 2024-08-04 | 오오 저도 오늘밤 한번 해봐야 겠어용 재밌어보여용 ㅎㅎ 혹시 카메라는 어디쯤 두고 하셨어용? 핸드폰 젖을까봐 걱정되서....ㅎㅎ
sune_e_e | 2024-08-03 | @sojin_0901
_s12.xn | 2024-08-02 | 언니 너무 귀여워요ㅜㅜㅡ❤️❤️
leehaneul0510 | 2024-08-02 | 초코분수!!!!$!!!!
fixedgear_bike_kr | 2024-08-02 | 유튜브에서만 봤는데 인스타도 하시는군
y_kko.9_m | 2024-08-02 | @92_0102c 하고싶은데?..
uouv330 | 2024-08-01 | 이와중에 너무 이쁘세요
ay_havely | 2024-08-01 | @ys_0608v 해줘
chea_min1111 | 2024-08-01 | 와~언니 사랑해!!!!
plong_kr | 2024-08-01 | 재밌게 놀고, 투명페트병과 유색페트병을 나눠서 분리배출하면 재활용율이 올라가요👍
hyundzzang | 2024-08-01 | @gi_hyun_ 해야되긴하겠다
ispe.u3 | 2024-07-31 | 14빠
_taein11 | 2024-07-31 | 와ㅏㅏㅏ 예뻐요
0782._.l3 | 2024-07-31 | 목포 쫀디기2일차
jinlee0321 | 2024-07-31 | 저 유치원 우리반 애들이랑 물놀이하면서 이거했는데 선생님만 힘들도라요😂 저런 예쁜영상은 혼자서 즐길때만 나오는거에여ㅋㅋㅋ아님 이사장님이 이쁘신거겠죵. 전 그냥 물에 젖은 생쥐꼴로 나왔어용ㅋㅋ
eunseol.06 | 2024-07-31 | 언니 너뮤 예쁘고 귀여워요
joy._.100 | 2024-07-31 | 이걸로 초콜릿 분수도 만들어 주세요 사장님!!!
_______eh__m | 2024-07-31 | 아들이랑 2L터짜리로 도전 해볼께여!!!!!!!❤️❤️
thsudpfla | 2024-07-31 | 헐설마쌩얼이셔요?너무청초미녀ㅠ
dotory0521 | 2024-07-31 | ㅋㅋㅋㅋㅋㅋ정말하시다니"
2024-07-30,1629,한 달째 내 손에 들어오지 않는 카다이프🌀 허허헣 두바이초콜릿 만들어드리기로 약속한 분이 몇 분 계시는데.. 나 지금 땀 삐질삐질... 두번 취소되고 세번째는 올 줄 알았는데 또 취소됐어>< 와..카다이프 대체 어떻게 구하시나요 다들 51주,"#두바이초콜릿, #카다이프","gabin_2087 | 2024-11-24 | 표정이 귀여우세요용!!
hwjoo5 | 2024-08-12 | 언니 허거 먹는건가용????
hohoho_o303 | 2024-08-08 | 사장님!!!dm에 전분국수 만드는거 보내드렸는데 보고 컨버젼해주시면 안되용???
skawkdgh | 2024-08-08 | 이모 두드러기 초콜릿 만들어서 재대로만들려고 샀어?
daisy.dajeong | 2024-08-03 | 앜
chea_min1111 | 2024-08-02 | 아 언니에게 카다이프를 로켓배송 보내고 싶따..(내 마음도❤️)
yongmin__n | 2024-07-31 | 라면 먹어주셈요!
20210921hippodurk | 2024-07-31 | 저희 지역에 당근으로 파는데 구매해드릴까요??😍
hjseo_ul921 | 2024-07-31 | 젼언니 레시피로 만들어보세용!!
parkhyeona | 2024-07-31 | 네이버 마켓이스탄불에서 8월7일에 수령 할 수 있는 카다이프면 팔아용 ❤️❤️❤️
bpourraple | 2024-07-31 | 훠궈 맛있겠어요......
happynudi | 2024-07-31 | 안녕하세요! 이상한과자가게 사장(?)님! 울 직원이 이상한과자가게 릴스보구 만들수있다는걸 알려줘서 (해외유튜브 레시피들 참고해서) 직접 카다이프 레시피 만들어서 사용했어요!!🤣🤣 덕분에 카다이프 없을때 유용하게 활용했습니다😍 감사의 의미로 제가 카다이프랑 여러 디저트들 같이 보내드리고 싶은데...!! 디엠 확인부탁드려요🙇‍♀️🙇‍♀️❤️ ( 하루에 6시간씩 구워서 사용할정도로 인기많았어요🤣🤣🤣)
keumdu_0321 | 2024-07-30 | 저는 직접 만들어서 썼어요..😂
ara.byeol_ | 2024-07-30 | 카다이프 꽤 남았는데 이사장님 드리고 싶어요.. 제 냉동실에 잠자고있어여...
_taein11 | 2024-07-30 | 라면끓여주세요
yooxicman | 2024-07-30 | 하이디라오 맛있게 드시고 계시면서
y_m1mi | 2024-07-30 | 뼈 빠지게 만들라는 계시~ 이거 완전 유툽각 럭키사장키❤️
thsudpfla | 2024-07-30 | 언니가넘좋아서잘보이고시포서꽃단장하고오나봐요ㅠㅠ
13.3.29 | 2024-07-30 | 제가 만들어드릴까요?
seyeon162 | 2024-07-30 | 만들어서 해주세요~~ㅎㅎ"
2024-07-26,3979,유통기한 1년 반 지난 젤리만들기 키트로 만든 개구리알🫧 내 몸에 실험 드루와 52주,"#베이킹, #디저트, #개구리알, #젤리키트","ganginsug690 | 2024-09-21 | 1년이 지났으면 먹으면 뒤지는거 아닌가?
jjjjjjeeejeeejjjj | 2024-08-03 | What's happening in Gaza it's not war, it's genocide! Israel doesn't attack an army, they attacking anunarmed civilians, women, children, old people.. Blow up homes with their residents inside the homes, they don't care if the homes have children, women, even people with special needs ...
599
ما يحدث في غزة ليس حربًا، إنها إبادة جماعية إسرائيل لا تهاجم جيشا بل تهاجم مدنيين عزلاً، نساء وأطفالاً وشيوخا. تفجير المنازل وسكانها داخل المنازل، لا يهمهم إذا كانت المنازل بها أطفال ونساء وحتى أشخاص ذوي احتياجات خاصة -
fixedgear_bike_kr | 2024-08-02 | 그걸 드시면 어떡해요??!!!!!
0782._.l3 | 2024-07-31 | 목포 쫀드기...
cloud_sch_06 | 2024-07-30 | 언니 그거 먹고 안 아프셨나요....?😢
iwjrnwi | 2024-07-27 | 항상 스토리가 있어서 재밌고 좋아요.. 스토리텔링으로 에피소드 만둘어내는게 저랑 비슷하네요🙌
bapnyang | 2024-07-27 | 진짜.. 삼키신건 아니시죠??ㅠㅠㅠ
goldcheesetv | 2024-07-26 | 언니 아프지마요
ijiyul4666 | 2024-07-26 | 언니 혹시 저 언니 틱톡 팬계 해도 되나요? 언니한테 반했어용..💝💝
r_im04 | 2024-07-26 | 유튜브 잘 보고있숴요!! 아프지 말고 영상 많이 올려주세요!
luce_sicut_stellae12 | 2024-07-26 | 분자요리도 섭렵!!! 배 아프지마세요~ 😍"
2024-07-25,1965,라면 때려부숴서 뇨끼 만들기 (뾰로롱) 52주,"#불닭볶음면, #까르보불닭, #라면, #배이킹, #요리","windsode | 2024-07-27 | 치킨너겟같다
sengeun4533 | 2024-07-25 | 그르니까 이게... 그 말로만 듣던 불닭 겁나 복잡하게 먹는 방법이란거져??
minheeya_ | 2024-07-25 | 쌀로별,.. 인거같은데요🤣
ijiyul4666 | 2024-07-25 | 언니 영상 보니까 까르보불닭 먹고 싶네요ㅠ💗💗
lj_no.1 | 2024-07-25 | 헐..혹시 챗gpt이신가요? 뭘이리 자꾸 뚝딱!술먹고다음날 먹으면왠지 해장각🤗🤗"
2024-07-24,1.4만,초콜릿이 통째로 올라간 초초쵸간단 초코케이크 52주,"#초코케이크, #전자레인지요리, #전자레인지간식, #베이킹, #디저트","milla__174 | 2025-01-03 | 크으 오늘 이거다🔥❤️
ku._.m1ng | 2024-12-29 | 이거 친구랑 만들다가 쌍란 나왔어요 ㅋㅋ
re_plet | 2024-10-04 | 초코는 사랑입니다앙❤️
cajiyu907 | 2024-09-22 | 오ㅏ보자마자 군침 무엇인가요😍
jhs._.sp_nm | 2024-09-03 | 그 아이스티 가루 넣어도 돼요?
shellyhanshelley | 2024-08-17 | 예전에...저렇게 핫케익믹스로 케익 만들려다가 쌈@뽕한 반죽의 자태에 못 참고 그만...호로로록 먹었더랬죠... 그렇게 먹다보니 어느새 반죽만 한그릇 원샷한 상태였음(?) 다행히 그날 배는 안 아팠구.. 내 위장은 머 슈퍼울트라 위장이냐!!!!
0.yuxii | 2024-08-10 | 핫 케이크 가루 대신 밀가루 같은 거 넣어도 될까요??
seungy_u | 2024-08-08 | 박력분도 되나요?
yuayeong29 | 2024-08-07 | 초코 진짜좋아하는데 한번 해봐야 겠어여
ge_yunhoo11 | 2024-08-04 | 5분 넘었어요
h._.crimmm | 2024-08-04 | @y_g_9_4 환장하겄네
sweet_yeonii | 2024-08-04 | 핫케이크가루말고 밀가루 돼나요?
gochal.er | 2024-07-30 | 홍삼에서 뻘하게 터졌네욬ㅋㅋㅋㅋㅋ
enuolse.0130.xx | 2024-07-27 | 핫초코 써도 되나요?ㅜ
hyoin_14 | 2024-07-27 | 이런 걸 먹고 살안 찌는 언니가 좋겠당❤️
mmyuijjj | 2024-07-27 | 제티 아줌마가 좋아하겠다
hyun._0911 | 2024-07-26 | 저거 만들어봣는데 존맛임...👏
top._.sh1104 | 2024-07-25 | 제티 모아두신거보고 둥키님인줄...
jyg_0302 | 2024-07-25 | 전자렌즈 돌릴때 비닐 둘러야 하나요?
muk__rika | 2024-07-25 | 오 ㅋㅋㅋㅋ 해봐야겟👏
ha_1jg2 | 2024-07-25 | 초코 방금 다ㅠ먹었는데ㅔㅠㅠ
hxy_u11 | 2024-07-25 | 중력분 가능 한가여??
ijiyul4666 | 2024-07-24 | 전 이런 털털한 언니의 모습이 좋은 것 같아용💗
hxuay.1 | 2024-07-24 | 우유 말고 물 넣어도 될까여?
lj_no.1 | 2024-07-24 | 요즘 당떨어지는 일 많았는데 좋은 레시치 기묘ㅏ해요~! 엔돌핀도 올리고 조카들 점수도따야겠당😍🙌
luce_sicut_stellae12 | 2024-07-24 | 진짜 표정 귀욤 장인이네요~ 😍
eyul849 | 2024-07-24 | 맛있겠따 😢초코잔뜩 초코빵"
2024-07-23,1.9만,"역시 창동 토스트. 다시 갈 이유 너무나 충분.. (6개 사왔어요.. 행복...) 카드 결제 안된단 거에 놀란 이유: 그냥 카드결제 안되는 집 몇년 만에 가봐서 (혹시 오해하실까봐.. 카드결제 안되는건 문제 되지 않아요!!! 그저 유명한 집이라길래 카드결제 되는 줄 알고,, 카드만 딸랑딸랑 챙겨간건지..가격이 저렇게 싼 줄도 모르고 감 ) 수정됨 · 52주",,"capt.yu.jw | 2025-01-19 | 워.. 마가린에 설탕... 와... 저건 좀.. 아니다..
seonkxx2y | 2025-01-13 | @moooooooo_h
khj__jjj | 2025-01-11 | @leesangheunlee
chan.park.14418 | 2025-01-08 | @rilla_jj 저번에 보고 그냥지나친가게다
bagdongjin908 | 2025-01-08 | 카드가안되? 음…조만간 세무조사 나가겠군….
naarrriiii_ | 2025-01-05 | @taemiiiin_ 캭✨
muuunori | 2025-01-03 | 뜨끈하게 넘 맛있어보여요😍
hoon_jin_lee | 2025-01-02 | 전 양배추맛밖에 안나던데요..ㅠㅠ
uni.jjajangmyeon | 2025-01-02 | @arouse_cancer
gusghek1 | 2025-01-02 | 위치 어케 찾아야할까요?
nangman_loves | 2024-12-29 | 영상 시작부터 구라로 시작하네에😂😂😂😂😂😂
o_12.4 | 2024-12-26 | @ji_hun._
gamsunggirl.merong | 2024-12-24 | 카드 결제가 안 된다는 거????세금을 하나도 안 내고 장사? 해서 돈 버는 건 ... 좀 의 아하네요 ..
tough__and__smooth | 2024-12-21 | 학교 다닐 때 생각나네 😌
25papt | 2024-12-18 | 3천원에 저정도면 카드안내는게 맞음 !
hyeonju9736 | 2024-12-07 | 카드 받는순간 가격 올리셔야겠네.
yasu0934 | 2024-12-06 | 이창동 감독님 고향이죠
joung_yunjin | 2024-12-05 | 옛날 예비군가면 남자친구가 꼭사줬던 토스트...😂😂😂남편미안🤭🤭
pyo_seung_chul | 2024-12-01 | 헉 창동할매토스트!!!! 대학다닐때 노상에서 파시던 토스트 맨날 학교갈때마다 사먹었었는데 ㅎㅎ 추억이 새록새록!!!
ddoeunjang | 2024-11-25 | 괴먹고싶다
hanna6857 | 2024-11-22 | @sso_meak
ribinnnn | 2024-11-22 | 아 종나 맛도리겠당
choi_ssi__ | 2024-11-15 | 양배추 토스트
seulbee | 2024-11-14 | @yujiho0716 다음에 여기 고고 ㅋ
100z0zz | 2024-11-12 | @jeong_factor
2.9kggggg | 2024-11-12 | @seo.woool 우리 먹은 곳!!
seungtae.kim.3304 | 2024-11-11 | 카드ㅜ안돠며뉴무조건 신고
seungtae.kim.3304 | 2024-11-11 | 버터 아님??
hee_silver1 | 2024-11-10 | 조회수도 좋지만 거짓말은 안되요 ㅠㅠ
o___o00ooo_____00ol7 | 2024-11-09 | 설탕토스트 ❤️
boo.boo._.boo | 2024-11-06 | 설탕 빼달라고하면 빼주세요 ~
baghaneul233 | 2024-11-05 | 아 여기 한번 가야 되는데 창동을 갈 일이 없네 아
koosree | 2024-11-03 | @taeyang0128 야 여기 어디냐
myohari_ | 2024-10-29 | 솔직히 보통임 굳이와서 먹을정도는 아님
winner5909 | 2024-10-28 | 20년 전에도 맛있었는데
uking95 | 2024-10-27 | @k.chae_o 이것도 서울창동 말하는 기가?
joseungweon92 | 2024-10-26 | 제로음룤ㅋㅋㅋㅋㅋㅋㅋㅋ
jj2._.s2 | 2024-10-25 | 채소비싼데😢
yeongman7409 | 2024-10-12 | 설탕안뿌리면저거진짜아무맛도안남
cr110_4 | 2024-10-11 | @c____jun ㅎh죠
e._.sss | 2024-10-09 | @jjjjue__e 너가 원하는 토슽트ㅔ..?
na0_0xng | 2024-10-07 | @doyuning._ 헐 창동 토스트으으으으으으ㅇ!???
seo.an__________zip | 2024-10-06 | @2_k._.a_29
seo.an__________zip | 2024-10-06 | @2_a._.k_29
my_turn0825 | 2024-10-04 | 대구에 신천시장토스트도 저렇습니다 진짜맛있습니다..
ggomimzm | 2024-10-01 | 저정도가 3000원 넘는게 이상한거 아닌가 가성비란 생각은 1도 안드는데
bohee.jung.58 | 2024-09-28 | @bkl.8322
castle__jin__ | 2024-09-28 | @hyeonju__2222 으악 ㅜㅜ
paullow_me | 2024-09-28 | 으잉 이거 20년 전에 있던 그거 맞나?!?
conquerno3 | 2024-09-27 | 혈관경보
y000oung | 2024-09-25 | @moai_gym_sanggye 우왕 오빠 이거 아직 있는지 알아? 맛있게땅>_<
serln.park | 2024-09-22 | @ss_woo_1008 이거 먹어봤니?
yun_ja1309 | 2024-09-22 | 시장좀 많이 갈걸 ㅠ
w4ruru | 2024-09-22 | 아 창동시장 건너편 시장에 박리김밥있는데 꼭 먹어보세요 ㅠㅠ 진짜 꿀맛이예요!!
2_yoojoo | 2024-09-22 | 유투버 맞죠?
ttung2 | 2024-09-22 | @o_o.yunn 지리..
lllllllllllilllx | 2024-09-21 | @eeesssooo_o
marilyn_monroe_marilynmmmm | 2024-09-19 | 😍😍😍😍😍😍😍
ez2djstay | 2024-09-17 | 아무리 맛좋고 가격이 싸고 저렴하다고 하여도 카드결제 가 안되면 조세법 위반입니다
_nxxnhee | 2024-09-17 | @sunny_outside._ @dda.__.som 이거 맛있숴.....?너네 아는맛이야??
_.hwaya | 2024-09-15 | @t_re2x
bigcherry1976 | 2024-09-15 | 병원비가 더나오겠다
shuhxn_ | 2024-09-13 | @s.binii__ 바로옆인데 저걸 아직도 못먹어봤다니 궁금하댜
golden_sang_ | 2024-09-10 | ㅋㅋㅋㅋㅋㅋ 맛나겠다 가보고 싶게 만드네요
22_12___ | 2024-09-08 | @_h0mebody
jubong3829 | 2024-09-08 | 10년전에 외한은행앞에서 할부지할머니가 파셧을때 자주갔는데 그립네요
ga.0_10 | 2024-09-06 | @seungtrong_
__momogo__ | 2024-09-06 | 피부좋다용
kkongcamp_94 | 2024-09-05 | @_claire_sy_ 여기 알오?
opalxiry | 2024-09-03 | @h.yunil 창동가면 먹을랭 ㅎ
r.mawls | 2024-09-03 | @sarang922222 개맛잇게따 ㅠㅠ
solsol.eee | 2024-09-03 | @ji_s__j !!!담에 묵짜아아아
flying_ssoju | 2024-09-02 | 창동은 잭슨네 곱창이...
dooboo______ej | 2024-09-02 | @dooboo___kms
h.yye.e | 2024-09-01 | …
190.31.9 | 2024-09-01 | Sugar? 😱
geonwoo05 | 2024-09-01 | 와씨 만드는거만 봐도 맛있네.
bloved_sujin | 2024-08-31 | @john_taste_ 엊그제.창동다녀오지않았습니까
gyeongmin882 | 2024-08-30 | @cha_eunyu 맛있겠다ㅜㅠㅜㅠ
hhhhhhhhing23 | 2024-08-30 | @jinho_0615 우오ㅓ
bonanza_bros | 2024-08-30 | ㅋㅋㅋㅋㅋㅋ 멘트 재미지네요, 잘 보고 갑니대
suh_hanoul | 2024-08-30 | 아니 가격이고 양이고를 떠나서
설탕량 충격적인데
riseandfall2580 | 2024-08-29 | 저거 마가린인지 버터인지 너무 궁금하네요;;
lm_1125118 | 2024-08-29 | 포탈....
audrey_hyj | 2024-08-28 | 이게 어디에 있는 창동인건가요???
junseong159 | 2024-08-28 | @raffine_ttu 같이가줘!
jeongee._.2 | 2024-08-28 | @y0ung.age_98 맛나겟다...
lina_surlhayool_0813070328 | 2024-08-28 | 아... 토스트 너무 단거싫은대 설탕 빼 달라해도 빼주실라나
y.wjddl_ | 2024-08-28 | @b_kyu_choi 먹고싶당..
panta.ddp | 2024-08-27 | 마가린 🔥 설탕 🔥 내몸은 🔥🔥🔥
lee_ji_suk_ | 2024-08-26 | @k_my_27 나도..
minddubob | 2024-08-26 | @pockynj 우리 목포 갈때 먹었던건가??
_suji_e | 2024-08-25 | @eunmi6014
fleurbleue.813 | 2024-08-25 | @prkseason 나아랑 이거 먹으러 가쟈
so_jeong_98 | 2024-08-25 | @han._.ee__ 나는 수유 길거리 토스트도 맛잇더라
heesos2 | 2024-08-25 | @mi__bbone ㅜㅜ
seo_o202 | 2024-08-25 | @ko__gayoung
hyevviness_ | 2024-08-25 | 양배추를 저만큼 먹으니 설탕을 저만큼 먹어도 괜찮을거같은데요?ㅋㅋㅋㅋㅋ
0503kg | 2024-08-24 | @o5__lo 미안한데 왜 나 여기 안 데리고 갔어..?
ulsanplanet_1 | 2024-08-23 | 크 이건 못참죠😍 마싯게따😥"
2024-07-21,1635,l_leesajang “언니.. 누가 셀카를 그렇게 요상스럽게 찍어”라고 많이 혼난 나 숨고에..셀카선생님도 계시는지 검색해본 나 그저 맛있는거 먹고 기분 좋은 나. 근데 원래 인스타에 이런사진 올리는거 맞나요???? 행복했잖아? 한잔해~ 53주,#selfie,"naeun.choi14 | 2024-08-15 | 사진잘찍으셨어요👏
chea_min1111 | 2024-08-01 | 귀여워요♡
suhau_620 | 2024-07-24 | 언니 너무 이쁘다 ㅎㅎ
ijiyul4666 | 2024-07-24 | 언니 저 던니 팬계 틱톡으로 해도 될까요?..
y_m1mi | 2024-07-23 | 언니 너무 가깝게 찍으면 왜곡 심해영 차라리 멀리서 (상반샷 찍는다는 느낌으로) 확대해서 찍기 추천!
jeongchunsa | 2024-07-23 | 이쁜얼굴을 왜이렇게써요ㅠㅠㅠ
s.xn0e3_ | 2024-07-22 | 처음 거 빨때가 잘안보여가지고..주스 뱉는 줄 알았다..
is.ju684 | 2024-07-22 | 마지막 진짜 잘나왔어여!!!!
heejung3598 | 2024-07-22 | 갬성있어용👍
uiii0i_ | 2024-07-22 | ❤️
cloud_je_258 | 2024-07-22 | ❤️
amberinmusic | 2024-07-22 | 이뻐요 😍😂
seohee121219 | 2024-07-21 | 언니 겁나 이뻐요❤️❤️
fit.the.size | 2024-07-21 | 셀카 재밌네요
sgm_xwiko | 2024-07-21 | 흠.. 분명 이뻐.. 근데뭔가.... 흠..
eunyu0522 | 2024-07-21 | 운니 난 개인적 으로 마지막이 젤 이쁨😍
npng.ain | 2024-07-21 | 너어무 사랑스러워요~~!!!!! 🤍🤍🤍😁😁
lmk.0417 | 2024-07-21 | 언니 혹시 나이가 몇이에요?😮😮😮
noexizxx | 2024-07-21 | 이사장 언니,,,,, 아니 미모 무슨일이예요,,,, 나 진찌 언니랑 손 붙잡고 과자나라 만들고파요,,, 사랑해요 언니,,,,🥹❤️❤️
jeon_unni_ | 2024-07-21 | 세젤귀😍😍😍😍😍
minimin._.k | 2024-07-21 | 마지막 넘 귀여버요 ... 🫶
wlwlwlwlwlgl | 2024-07-21 | 미안해..이건..나도 반박 못 할거같아 ..
haetalmutalsotal | 2024-07-21 | 예쁘니까 간절함이 없지 ㅡㅡ
justapeeker_ | 2024-07-21 | 사진을 찍었다 보단 찍혔다에 가까운 넉김....그래도 너무 귀여워요 이사장님🥺💛
hyedada_baking | 2024-07-21 | 원래 예쁜 사람들은 셀카 소중한걸 모르더라구요..💗
play_eat_goe | 2024-07-21 | ㅋㅋㅋㅋㅋㅋㅋㅋ 그래도 이사장 사진은 맨 마지막 잇몸 플러팅이 짱이야 👏👏👏👏👏
hpyj92 | 2024-07-21 | 진짜 진찌 이뿌다…
be_hayoung | 2024-07-21 | 립 정보 궁그매요 … 🔥 넘 옙흐잖아요 …
seungribaek_ | 2024-07-21 | 오오 전보다 훠얼씬 이쁘게 나오셨어요 대박
hyxx._.ju | 2024-07-21 | 언니는 아무렇게 찍어도 다 예쁘고 귀여우신데요ㅠㅠ
s.oohj | 2024-07-21 | 살짝 가까워졌다가 마스크에서 한 발자국 다시 멀어지기
kellyfornia_c | 2024-07-21 | 농협은행❤️❤️
koo0_90 | 2024-07-21 | 귀여워요. 예뻐요."
2024-07-17,2365,"이거 만들어 보신 분...? 맛이 별로 인데, 이거 원래 이렇나욬ㅋㅋㅋㅋㅋ(아님 혹시,, 내가 만들어서...?) 53주","#치즈케이크, #베이킹, #디저트","seraphim_nakyung | 2024-10-09 | 디저트 맛있어 보요 저장
chea_min1111 | 2024-08-11 | 맛있겠다!!
j___su0 | 2024-08-08 | 몇분 구워여?
yuayeong29 | 2024-08-07 | 치즈는더 많이 넣으는거 더 맛있어요!!
ijiyul4666 | 2024-07-24 | 언니 저 언니 틱톡 팬계 가능할까요?ㅠ
dotori557 | 2024-07-21 | 오므라이스만들어주세요
minimanimo95 | 2024-07-17 | 저거 만들어봤는데 저는 진하게 먹고싶어서 치즈 몽땅 때려넣고 소금도 좀 넣고 해서 만들었더니 달콤 짭짜름하면서 치즈맛이 진하게 나니 맛나더라구여~ 치증20장은 넘게 넣은거 같은데ㅎㅋㅋ
byul_satang.star_candy | 2024-07-17 | 맛있어보여요❤️ 츄베릅
lj_no.1 | 2024-07-17 | 우와..금손👍 맛있겠네요. 첫도전 만족하지못했을때의 이사장님 표정은 톰과제리 톰 같았어요. Sad eyes🥹. 오늘도 맛있게 잘봤어용
luce_sicut_stellae12 | 2024-07-17 | 오븐 장갑 없어서 옷소매로 잡고 있다니......
_mmlleook_ | 2024-07-17 | 실패작 제가 먹으면 안되나요??
pinkwing86 | 2024-07-17 | 실패한게 더 맛잇으면 그거슨 실패가 아니고 이사장님의 또다른 창작물인거쥬🧀🧀🧀🧀🧀
play_eat_goe | 2024-07-17 | 이사장이 만든게 맛이 없을수가 없디 ㅋㅋㅋㅋㅋㅋ 원래 그런거로 합시다"
2024-07-11,945,상추 짱 멋지게 뜯는 방법(뒤가 중요) 54주,"#상추일타강사, #상황극, #꿀팁, #릴스","china_dollstar | 2024-08-27 | 👀
kkeen_ceo | 2024-07-16 | ㅎㅎㅎ 연기파
kimria1206 | 2024-07-14 | 언니 저희학교에 텃밭있어서 해봤는데 깔@쌈하게 잘 됐지뭐야!
maybee79__ | 2024-07-13 | 이사장 20년뒤 모습 재현 ㅋㅋ
hoon_pyo | 2024-07-12 | 저희 딸이 좋아하는 이사장님👍😊 상추가 저렇게까지 큰건 처음 봅니다😂
jdkyu.767 | 2024-07-11 | 이사장님 선업튀 김혜윤배우님 닮아쒀요😍❤️ 저만 닮았다 생각하는건가요 하핳ㅎㅎㅎ
ggomagom85 | 2024-07-11 | 아이고~~ 이사장댁! 앞에 그렇게 없는거 입으믄 햇빛에 다 그슬려~~
jeong971118 | 2024-07-11 | @eunbi6877
rnskgus_13 | 2024-07-11 | 이사장님 연기 넘 잘해요ㅠㅠㅋㅋㅋㅋㅋㅋㅋㅋ
meaning_amy | 2024-07-11 | ㅋㅋㅋㅋㅋㅋㅋㅋㅋㅋㅋ엄마한테 혼나는거 아냐?? 😍
bsw._.1103 | 2024-07-11 | 캬~~~악.. 퉤 ㅎㅎㅎㅎㅎ 귀여워😂
yooasdxcv | 2024-07-11 | 짜겠는디.
minheeya_ | 2024-07-11 | @ggo923 오. 상추 저렇게 원스탑으로 뜯기라니😂
kms_miseon | 2024-07-11 | 오~~ 저 상추대는 그 귀하다는 국산 궁채..? 볶아서 먹으면 맛나겠다
jioh1107 | 2024-07-11 | 쌈장 맛있게 먹는 법 아님?
chocohi7 | 2024-07-11 | 상추먹다 뱉엇다고 어머니께 혼나실것같은...ㅋㅋㅋ상추는 작을수록 고소하고 맛잇죠🥰"
2024-07-09,3.6만,연어국수 만들면 예쁘다고 해줄게(?) 나 만들었다. 얼른 댓글 달아줘라 54주,"#연어국수, #레시피","dah_xy1 | 2025-01-01 | 연어사서 대왕연어초밥만들어줘 이쁜언니❤️❤️❤️
kimminju196 | 2024-12-29 | 언니 이미 예뻐
lee_suhyun_0825 | 2024-12-06 | 언니야 예뻐요❤️❤️❤️❤️
yejun._.716 | 2024-11-30 | 하나빼먹었어요 계란노른자
seocaeyun51 | 2024-11-24 | 언니이뻐요
shark_7327 | 2024-11-15 | 아쩌거 그거내 이사장부계네(?)
kimgh0591 | 2024-11-13 | 예쁘긴 해
o_ny0524 | 2024-11-11 | 이사장님은 이쁘신데 쪼끔 진짜 쪼금만 화장법 고치면 ㄱㅐ 이쁠듯
so_o.yeo_n | 2024-10-23 | @_bubble_cat_ 여기 비비 있다
sse.0624 | 2024-10-12 | 언니 이뻐요!!!❤️
edao_oo | 2024-10-04 | @rnemf97 인스타 또 우리 염탐한다ㅡㅡ!
dohe_e7942 | 2024-09-27 | 나도 언니 미역국수(?) 만들어주면 예쁜언니야라고 불러줄께!
b.x_na1 | 2024-09-26 | 근데 이사장님은 뭘 해듀 예뻐용😻
yeoni0.j | 2024-09-26 | 근데 언니 이쁜데?
kazuno_mm | 2024-09-22 | 昆布の白い粉取っちゃうの？？？
うま味成分が沢山あるからもったいないよ
xm.gk0zxustj | 2024-09-16 | 우리 이쁜 이사장 언니
m00neyan | 2024-09-11 | @wooong92 이거야
hx.ji21 | 2024-09-06 | 언니 연어국수 안 먹어도 예뻐 !
dh04_30 | 2024-09-04 | 언니는 그런거 안해두 이뻐여❤️❤️❤️
hx.xns_ | 2024-09-01 | 아보카도 까자
x_ostel | 2024-08-29 | @mimimieunn 해줘
nameunji670 | 2024-08-28 | 연어가 그렇게 맛있고 귀하다던데 학생들 많은 학교에서 전교생한테 연어스테이크 뿌려버리는 우리 학교는 과연 좋은 곳일까요?!
iamseohong | 2024-08-28 | 존나 맛있겠다
h_p_y._ | 2024-08-19 | 연어는 사랑이에요 ..💗
baejuweon46 | 2024-08-18 | 제 동생이 옆에서무섭데요
mukasabianse | 2024-08-14 | @hae_li_ 해리씨세요?
minbly_s2 | 2024-08-08 | @jjom_jeong 땅이 납치당함 공슴경보
yuayeong29 | 2024-08-07 | 이사장님은 원래예쁜데..
cx1.onn | 2024-08-06 | 언니는 걈 예뻐❤️❤️❤️
ar.iney_ | 2024-08-05 | 사장님 이뻐요!
jun_jh89 | 2024-07-30 | @jun_jh89
goldcheesetv | 2024-07-29 | 언니 사랑해요
eiei_elel | 2024-07-23 | 우.와. 예.쁘.다. 하.하.하........
kimjaebong8344 | 2024-07-23 | 입에서 침돌아요~
kaereoshyoieonnissambbong | 2024-07-19 | ㅎㅎ
ecorevi_lian | 2024-07-18 | @dear__aj_jw
somin_0820 | 2024-07-15 | 언니
s0.b1n__ | 2024-07-15 | 연어국수 세트 잇는데여요여
cong_dayool | 2024-07-14 | 저진~~~~~짜언니팬이에요
ye_eun4484 | 2024-07-13 | 이미 예뻐요❤️ 이사장님이 가장예뻐 누가 못생겼다하는 내눈에는 예쁘다구엿!!!😍
sooyeon847 | 2024-07-12 | 언니 이쁘신데 연어 먹고싶어서 만든거죠?😍
vye_seis | 2024-07-12 | 연어국수가 이쁘다..
yoon_ji.k | 2024-07-12 | @jin_hoon.j 해죠
jixhyunn | 2024-07-11 | @lisa_in_melb 연어만 보면 생각나는 연어메이트...🥹
baeugyeong54 | 2024-07-11 | 요리잘한다고해줄게
baeugyeong54 | 2024-07-11 | 요즘유행하는두바이초콜릿만드면
joinu2010 | 2024-07-11 | 저도 먹고 싶어요 넘 맛있어 보여요
j_seo_626 | 2024-07-11 | 카다이프로 치킨 만들어주세요!!
g.xen7 | 2024-07-10 | 제발 다시마젤리!!!!!
s_mj1103 | 2024-07-10 | 이상한짓만 안하시면 원래 이뻐요
o_sy._1118 | 2024-07-10 | 거짓말 못해도 너무 이쁜 이사장님ㅋㅋ😍
guruminsta | 2024-07-10 | 이모 웃겨요
oivwwo | 2024-07-10 | @yeon._.ho18 연허!!
jisihun | 2024-07-10 | 언니 예뻐
overloverclover | 2024-07-10 | 예뻐요
uouv330 | 2024-07-10 | 이뻐요 이뻐요
dan_jae_ | 2024-07-09 | 이사장 너무 이쁜데 솔직히 이 시간에 글 올리는건 반칙 ㅋㅋㅋㅋㅋㅋ 그나저나 너무 맛있겠다
eun.park.ji | 2024-07-09 | 저도용 먹고싶네용😍
minheeya_ | 2024-07-09 | 하..배고파요...😢
joy._.100 | 2024-07-09 | 솔직히 이사장님 연어 국수 없어도 예쁘긴 한듯
zzanghyena | 2024-07-09 | 인스타에는 일부러 늦게 올리시나요??"
2024-07-07,2.4만,"빵공장에서 일하던 경력을 살려봤다 제가 다녀온 곳은, 성수에서 열린 하나은행 팝업! 성수 달달팩토리 들어가자마자 제 이름으로 통장을 하나 만들어주더니 달달한 디저트 생산임무를 주더라구요! 아유 옛날에 빵공장에서 일하던 기억이 나서 도망갈 뻔(?) 사실 완전 재미있었어요. 세상에나! 미션1. 팝콘패킹 미션2. 마카롱 불량품 찾기 미션3. 상품 태그 제작 을 완수했더니 각 단계별로 짱 귀여운 키링을 주셔서 가방에 주렁주렁 달아봤어요. 임무를 완수했더니 바~로 통장에 찍힌 숫자들..! 그 통장은 바로 ’달마다 달콤한 혜택이 가득한 달달하나 통장‘ 여러분도 출근~퇴근까지의 달달팩토리의 하루를 경험해보는거 어떠십니까??! (재미보장) 장소: 서울 성동구 연무장길 95 기간: 7월5일 ~ 7월 14일 55주","#광고, #성수달달팩토리, #달달하나, #하나은행, #성수팝업, #성수핫플","yeuun_09 | 2024-10-04 | 왜 지금 떠
ji3yu_ | 2024-10-04 | 엇 유진이 포카 안 받으셧어요..
isuye47 | 2024-08-14 | 진짜돈을주는건가요?
hyessi3 | 2024-08-13 | 부산에 없나요..ㅠㅠ
goryeojin68 | 2024-07-19 | @serinjeong53여기여기 ㄹㅇ 찐으로 꼬옥 !!!가야해 가야해
yeonsz_ | 2024-07-14 | @xoxo_8w8 성수 탐난다 ..
b.m.k.1990 | 2024-07-13 | @cheeze.toy ㅜㅜ와재밌겠다
yoon_2dn | 2024-07-12 | 진짜 돈 주는거에요?
mmmmh_jjj | 2024-07-11 | @yu.sojeong 여기가 가고싶다던 곳이야?
13_yerang | 2024-07-11 | 어머 유진아
yeonji4268 | 2024-07-10 | 진짜 너무무무무무누우우우ㅜ 가고 싶다
_y9.xil_ | 2024-07-10 | 아니 진짜로 입금 돼는거?
kkung_hae2 | 2024-07-10 | @climbing_ggyu 가보고시퍼
ch_ywin | 2024-07-10 | 안경쓴거 죤예ㅔ❤️❤️
sshy_y | 2024-07-10 | 하나은행💚💚💚
im_t__b_st | 2024-07-10 | 이사장님 안경 어디꺼에요!!
thenaivekid.x_x | 2024-07-10 | @kk.xx.woo 가고시프다 재밌을것가테🔥
bo_nny_24 | 2024-07-10 | 약간 찰리와 초콜릿공장 너낌..
ye_doong2 | 2024-07-10 | @97_e_ju 이런거 최이주랑 뿌수고 다녀야하는데ㅠㅠㅠㅠ
soolim_1212 | 2024-07-10 | @olive_jjapaghetti 여기여기여기
kamellkacu_ | 2024-07-10 | 아..팝콘가짜구낭 ㅎㅎ
imamberjeon | 2024-07-09 | @yo._.ey 우린 왜 디져트안줬냐…? 어이없네 ㅋㅋ 그 촬영때매 늦어져서 그런건가..?
snowflower.729 | 2024-07-09 | @a_r_i.07 재밋겠당
jmk._.0913 | 2024-07-09 | @yena._0915 @g._.aon12 달달카페 ...ㅋ
lieto._.hee | 2024-07-09 | @clary.____ 재미있겠당!!
_eun_98 | 2024-07-09 | 가고싶다
dxxe2_ | 2024-07-09 | 부산에도 와주세요😢😢
s_mini2_ | 2024-07-09 | @kimyunha0627 성수달달팩토리가보고싶군
tojyaa_06 | 2024-07-09 | 찐돈이에요..?
lim0__0_ | 2024-07-09 | @stu_some__ 데미소다 이어서 여기인가
hand__yejung | 2024-07-09 | 가고싶다
g.aquariu | 2024-07-09 | @ye_se0ul 아니 너무 재밌겠내
n13ye0n | 2024-07-09 | 많이 이쁜데여?
flossyxsavage | 2024-07-09 | 무슨 은행 팝업을 이렇게 귀염뽀작하게 하다니 가고 싶게
eunbin.anne_ | 2024-07-09 | 이번주토요일에 갈려고 예약했는데 기대되요!!ㅎㅎ
l.hyuna_96 | 2024-07-09 | @96_something 갈생각있?
9595_yuniii | 2024-07-08 | @_sum_in_
m_j0207 | 2024-07-08 | @lv__jin 가보자!
seo._heo | 2024-07-08 | 왤캐이쁨
xoalsdc | 2024-07-08 | 김기의 스윗이스케이프가 생각나는군 15년 인생 첫 출근이였지
coehansol174 | 2024-07-08 | 돈은진짜받으신건가요
cheon_.hk | 2024-07-08 | @seeeeun0719
_sjzzz | 2024-07-08 | @jinhyuck_94
geniusnoyu | 2024-07-08 | @kimjaek_wang
m_y_tmi_ | 2024-07-08 | @hw_0125 ㅠㅠㅠㅠ재밌겠다
jaee._un | 2024-07-07 | 아니 뒤에 배경 언니에요?
moonlight_hw | 2024-07-07 | @bb_o.h
hey.soing | 2024-07-07 | 안경어디꺼예요? 예쁘다!!잘어울려요😍
le_ssom130 | 2024-07-07 | @thesunnydays_s
_mmlleook_ | 2024-07-07 | 오 재밌고 넘 좋네요 곧 사람 북적이겠
alswls2656 | 2024-07-07 | @gyulim00
eyul849 | 2024-07-07 | 오출완 귀여워 ㅋㅋㅋ
juhanyul8 | 2024-07-07 | 댓이 없네...(2ㅃ)
7c_m1n | 2024-07-07 | 딱기다려랏!🔥"
2024-07-05,2.5만,오물풍선 보고 떠오른 디저트🎈 (드러운거 그만 보내라) 55주,"#디저트, #베이킹, #food","hey._.rim1115 | 2024-11-01 | 온니 온니 나랑 결혼해서 이거 매~~~~일 만들어주어어어어어
_seaeu | 2024-09-15 | 이거마이쮸로해주세여😍
gwerrinch | 2024-08-25 | Kalo orang indo ini pasti BE LIKE
arkansas1212 | 2024-08-24 | Awas gusi robek gigi pecahhh
leeyul7772 | 2024-08-18 | 이 사장님 팬이예여
idogyeom401 | 2024-08-15 | oi oi oi
idogyeom401 | 2024-08-15 | oioioi
chi_ko0806 | 2024-08-02 | 美味しそう😍食べたい🔥❤️
shorty._.bbygrl17 | 2024-08-01 | Me in understand nuh 😂
ijiyul4666 | 2024-07-24 | 언니한테 요리 배워보고 싶네요ㅠ
rokhowati | 2024-07-21 | Di korea ada better juga😮
nail_01n | 2024-07-20 | カツオノエボシみたい
una_cssmre | 2024-07-20 | @carotrippar 🤯🤯🤯
bellamoonchild | 2024-07-19 | 😍😍😍
kim___ly | 2024-07-19 | ada better coi
zu____.08 | 2024-07-17 | 請問有什麼食材
j___soo_kyoung._.91 | 2024-07-13 | 옛날 문방구 본드 ㅋㅋㅋㅋㅋㅋㅋ아이디어대박ㅋㅋㅋ🔥
freesia._.v | 2024-07-13 | 이거 마이쭈로 가능하데요
erniarizkyernni | 2024-07-12 | 😂😂😂🍬🥳
_hx.vk | 2024-07-11 | 저 내일 생일인데 축하해주세요
seoul_without_l | 2024-07-09 | @j.geonhui ㅋㅋ 눈정화하고 다시 줏으러가셈
o0oju | 2024-07-07 | 아이디어 대박👏👏
moon._.jh12 | 2024-07-07 | 이거 국방부가 보면 어캄?
jhj_jhj_jhj_jhj_jhj_jhj | 2024-07-05 | 저거 포르폴리스 몽스캔디 허니 레몬맛 일텐데 존맛이에요 진짜루 커다란거 한봉지 사서 거의 혼자 다먹은ㅋㅋ(친구들만 나눠주고 사준 부모님 안주고(사온거 뺏어서 다멱음) 진짜로 맛있거요 몽스캔디 치면 나오는데 박하도 맛있고 레몬(허니레몬)도 맛있는데 전 레몬이 좀더 취향♡♡ 참고로 전 제주도 캔디만드는 곳 가서 샀어요
i.intrinsic_motivation | 2024-07-05 | 😍😍😍😍
ey_sj_s2 | 2024-07-05 | 아밀라제 풍선 아닌가요... 🤣
yeseon_kate_kim | 2024-07-05 | 앜ㅋㅋㅌㅋㅋㅋㅋㅋㅋㅋㅋㅋㅋㅋ
pm4m1 | 2024-07-05 | 아니 진짜 천재 아녜욥???? 이사장님이랑 결혼해야겟다 -.-
lj_no.1 | 2024-07-05 | 북한은 오물풍선. 대한민국 이사장님은 보물풍선~!🥳👍🤗"
2024-07-04,4698,집 냉장고가 텅텅비었다. 하지만 유행하는건 먹고싶다 55주,"#food, #달걀말이, #김밥","yunji_93 | 2024-11-03 | 쌀을 냉장고 에 넣음?
k._.zy11 | 2024-08-09 | 처음에 나온 인스타 영상 링크나 아이디 알고 계신가요..?
msmp1014 | 2024-07-28 | 아씨 개웃ㅋㅋㅋㅋㅋㅋㅋㅋㅋ다시마국물ㅋㅋㅋ
wlgp8444 | 2024-07-06 | @igyumin_i
ddoa_7419 | 2024-07-05 | 염색하셨어요??
koweonyoung | 2024-07-04 | 와….👍🏻👍🏻👍🏻
s.xoob_n73 | 2024-07-04 | 기름밥 고소하고 맛있음...
joyful_thanksful | 2024-07-04 | 55주좋아요 1개답글 달기
번역 보기
woon_hakkk | 2024-07-04 | 밥을 눌러..?
x.sun_g | 2024-07-04 | 김은 어디서?.........
ddanyangtaehyi | 2024-07-04 | 계란찜인줄.."
2024-06-27,좋아요 없음,소리가 엄청나게 자극적인 중국간식(?)을 발견했다. 근데 어째 많이 막어본 맛이군. 어억..이건 궁채?!!? 이런걸 간식으로도 만들어 먹는구나 56주,"#궁채, #중국간식","werla7731 | 2024-12-21 | 미역줄기 아님?
dbrud602 | 2024-09-21 | 한국말 ㅐ로 발음하는걸 중국은 ㅏ ㅣ 로 발음한다고해요 ㅋ
ja0_0peach | 2024-08-19 | 궁채
yuleeee12 | 2024-08-10 | 😢😍
kyj8710 | 2024-08-10 | 궁채 맛난데
dong_hun_hwang | 2024-08-10 | 짭쫄하게 들기름에 볶아서 들깨가루 뿌려서 삼겹살하고 같이 먹어도 기막힘!
chi_ko0806 | 2024-08-09 | 美味しそう😍🔥❤️
_lhawny | 2024-08-06 | @sbjohn6810 백숙 그거다 ㅎ
starwberrq | 2024-08-03 | 상추줄기 아니에요…? 한식 음식점에서 밑반찬으로 자주 나오는데
ieunmi432 | 2024-08-01 | 연줄기라고하는데 한번 먹어보고 반해 한달동안 먹었어요 연줄기 궁채라 하더라구요 식감이 오독오독 진짜맛남 갠적으로 들깨가루로 하면 꼬숩고 젤 맛내여
p.s_kyung01 | 2024-08-01 | 오 국채나물 맞아요 이거, 우리 집 냉장고 도 있어는데😂
e.sjinn | 2024-07-30 | 요고 장아찌해서 고기랑먹움 맛있어요
kwon_1107 | 2024-07-30 | 궁채 반찬으로 많이 먹는데 식감도 좋고 진짜 맛나요😍
ninirini_409 | 2024-07-28 | 궁채맞네
x.dear | 2024-07-27 | @mangoxxvi 혬찌의 요즘 최애
na227_ | 2024-07-27 | 궁채는 짱아찌쥥
twobokmommy | 2024-07-27 | 엥 궁채 장아찌 진짜 맛있어요!!! 주문은 @__gumbbangne 여기로주세용 이집 궁채 장아찌 진짜 맛나요!!!
kalan0501._.k | 2024-07-26 | 이거 한국도 많이 먹는건데용, 궁채입니다.ㅎ
our0702 | 2024-07-24 | 궁채장아찌 존맛탱구리
dlsdudduddls | 2024-07-21 | 반찬으로 밥이랑 먹으면 밥도둑
da_haekk | 2024-07-17 | 궁채,상추대
__.hahhby.__ | 2024-07-17 | 궁채 존맛인데
mozzi_0513 | 2024-07-13 | 맛난건데.. 직장 동료들은... 풍선맛이난다는...😂😂
kr._.yijxn09 | 2024-07-12 | 궁채! 둘깨로 무치면 나 진짜 일주일내내 그반찬만 먹기가능 ㅋㅋㅋㅋ
e_hansol | 2024-07-12 | 상추줄기 궁채 존맛탱구리
sarahmoon0305 | 2024-07-11 | 이거 궁채 아닌가....
song__aji1128 | 2024-07-11 | 이거 들깨가루 넣고 고소하게 볶아묵으면 진짜 맛나요 머우줄거리랑 같이 볶아도 맛있어요 궁채는 오독오독 하고 머우줄거리는 와삭어ㅏ삭와삭 해서 제가 진짜 좋아하는 반찬이에요
two_yoonss | 2024-07-09 | 궁채~~~울나라에도있는뎅
jo_suyeaon | 2024-07-09 | 궁채장아찌 최고입니다🫰🏻
huizcah | 2024-07-09 | 적정량보다 많이먹으면 소화불량 걸릴수있어요😢 많이먹고 체해서 고생했습니당..
_____mh__2 | 2024-07-08 | @hh._.n 궁채먹고파
p8318q | 2024-07-08 | 궁채는 사랑❤️
k__taesan | 2024-07-07 | 궁채나물같은데 ㅋㅋㅋㅋㅋㅋㅋㅋ
g.xen7 | 2024-07-07 | 언니 일본 다시마젤리 먹어줘~~~~
cherubriemon | 2024-07-05 | That looks good 👀👀
sshine.hello | 2024-07-05 | Apa itu ?
2_cherry_ | 2024-07-04 | 궁채 = 상추대! ㅋㅋ 저거 장아찌 담아서 삼겹살집 밑반찬으로 종종보입니단 맛있는 궁채장아찌 해서 드셔뷰세요🥬🥬
knjkcjy | 2024-07-04 | 아니 이누나 근데 진심 졸라 예쁘다… 솔직히 본인도 알겠지 예쁜것
swsh.house | 2024-07-04 | 상추줄기~~~~
ulan00_12 | 2024-07-03 | 궁채 소리 넘 조아여 🩵
yuunmmi | 2024-07-02 | @__sun__set__ ..? 궁채아님..? 장아찌해서 오겹살에 같이쌈싸먹으면 개마싯는데,,
jjingjjingmamma | 2024-07-02 | 장아찌로먹으면최공
nekoumi_kei | 2024-07-02 | 궁채장아찌 최애반찬😍
bogyumzari | 2024-07-02 | 궁채장아찌 넘 맛있다는
ryejin0924 | 2024-07-01 | 궁채 들깨가루로 해도 맛있고...
장아찌로 해도 진짜 맛있고..
그 장아찌로 김밥 만들어도 맛있음
leebora860 | 2024-07-01 | 궁차진찌 장아찌도맛있고 겁나맛있는 식재료
seojin870416 | 2024-07-01 | 상추줄기 들깨에볶아먹음 맛있어요
ge____ss | 2024-07-01 | @pyo_ocherish 라오간마 쓰내
shdk1017 | 2024-07-01 | 오 궁채를 이렇게!!! 괜찮은 아이디어❤️
js.son.kor | 2024-07-01 | 궁채나물 저거 식감 정말 좋아옹 ㅋㅋㅋ
choicindy7 | 2024-06-30 | @choiddu_1031
_cherry_417 | 2024-06-30 | @blue_berry_417 마왕족발 그게 궁채였구나?
hansup.kim.84 | 2024-06-30 | 궁채나물 맛있어요 ㅋ 식감도 좋고
ke_gsa1213 | 2024-06-30 | 언니 혹시 진미채 하는 오징어로 라티아오 만들어주시면 안돼요???❤️😊
xx.xyx.1 | 2024-06-30 | 궁채에 참기름 뿌리고 깨뿌려서 초장 찍어먹으면 맛있어요 예전에 알바하던 곳에서 밑반찬으로 드리니깐 손님들이 이거 이름이 뭐냐고 맛있다고 하시던
0045jn | 2024-06-30 | 궁채, 뚱채, 줄기상추 입니다
dr.eatsue | 2024-06-30 | 공심채가 궁채 인가요?
do_hwa_1004 | 2024-06-30 | 궁채 우리나라에서도 먹윰
jj_i._.nn_y | 2024-06-29 | 궁채 맛있어요!!
ra_l_2 | 2024-06-29 | @r.beeen 궁채다!!
hola.yevin | 2024-06-29 | 궁채 김밥도 맛있어요
swim_kita | 2024-06-29 | 궁채 중국집가면나오는 김치같은 짜차이재료
iamjinnnii | 2024-06-29 | 궁챠나물??
bliss_plata | 2024-06-29 | 오 작년 여름에 엄마께서 궁채를 해주셨는데 이번에 유행하고 있네요~ 궁채는 초장양념에 무쳐먹는 것이 맛도리입니당
na_myo_na_ | 2024-06-29 | 너 궁채니..?ㅋㅋㅋㅋㅋㅋ
zmfmsh94 | 2024-06-29 | 마늘짱아찌같기도 하고 해뮬같기도 하고
jiae__ri | 2024-06-29 | @formygreendays 우리가 조와하는 궁채~장아찌해줘
a1234a3212 | 2024-06-29 | 이사장님!!!! 치킨모양 아이스크림 만들어 먹어주세요!❤️
gpals1124________ | 2024-06-29 | 궁채 상추대에요 ㅎ 식감 좋고 들깨가루 넣어서
볶아먹거나 장아찌로 해먹으면 최고👍🏻
red74720388 | 2024-06-29 | 궁채 상추줄기
so_you.ng | 2024-06-28 | 리틀꼬마김밥에 궁채김밥 맛나룡
yerim2ta | 2024-06-28 | 궁채 존맛~
ynhnpn | 2024-06-28 | 궁채 간장 장아찌 맛있어요
baekwill | 2024-06-28 | 궁채 나물볶음 으로 하다가 마지맛 들깨가루 버무리면 맛있죠
alpaka1206 | 2024-06-28 | 상추줄기가 아니고 줄기상추야 이사람들아...
taewook0806 | 2024-06-28 | 이게 상추 줄기에요.. 궁채
g.guyeong | 2024-06-28 | 오늘 점심 먹음
jid08 | 2024-06-28 | 궁채는 맛이 느껴지기 보단 아삭아삭한 느낌이 좋아서 좋아합니다
jinsta_day | 2024-06-28 | 본도시락에 항상있는 반찬.. 궁채
sanggiha | 2024-06-28 | 궁채를 처음보셨구나 ㅋㅋㅋ 우리나라도 나물로 무쳐먹어용 ㅎㅎ
_15_0123 | 2024-06-28 | 오독오독 식감 맛있어요 😊
semi_saving | 2024-06-28 | 맛나맛나~~
yang_yang._.2 | 2024-06-28 | 궁채장아찌만들어먹음 맛나용 고기랑찰떡궁합입니당
clickx2 | 2024-06-28 | 단양 구경시장가니 팔던데 그게 그건가..?
delight___12 | 2024-06-28 | 궁채 장아찌 진짜 맛있어여!!! 김밥에 넣어 먹어도 존맛 ❤️❤️
zlzlzlzlc | 2024-06-28 | 줄기상추에요 ㅋㅋ 궁채라고도 해요
do_hyeon0000 | 2024-06-28 | 이분 중국인이신가요 맨날 중국요리만 드시네
ijuyeon2957 | 2024-06-28 | 궁채 짱아찌 맛나요
rachel.za | 2024-06-28 | 줄기상추, 궁채나물... 많이 먹는데요
nsms | 2024-06-28 | 상추 줄기
parkji__s | 2024-06-28 | @skyland.farm 잇쿄에서 먹은 그거 같은뎅
yeon__.02 | 2024-06-28 | 궁채는 들깨가루로 나물반찬이 진짜 짱이예여
ses537658 | 2024-06-28 | 궁채 장아찌 맛있어요 아삭하니 식감도 좋고
allure_sb_ | 2024-06-28 | 대구 수성구 오시면 식당 90프로가 기본찬에 궁채장이찌 나와용 ㅋㅋ
pinkcow_a | 2024-06-28 | 궁채 짱아찌
jjjju__j | 2024-06-27 | 궁채는 상추 뜯은 그 줄기입니다
p___ze | 2024-06-27 | @hyundooooo 궁채 흔한거아니냐고
bi_s_98 | 2024-06-27 | 미역줄기나 고구마 줄기 처럼 생겼내유
seovely_mom | 2024-06-27 | 장아찌담궈서 먹음 짱맛이예요ㅎ
yoon__1982 | 2024-06-27 | 궁채네요 이거 장아찌로 만들어 먹어도 맛있고 나물로 해먹어도 맛있어요"
2024-06-23,1540,"⠀ 📚<오늘 북사인회 후기> 어린이가 어른을 이렇게 울릴 수 있던가?! ⠀ 반짝거리는 눈으로 제 앞에 다가오는 어린이, 어른이 눈빛 진짜 잊지 못할 것 같습니다🥹 ⠀ 집에 와서 편지, 선물 하나씩 뜯어보는데 물밀듯이 밀려오는 이런 감정은 처음 느껴봐서.. 뭐라고 표현해야 할지 모르겠어요. 엉헝헝. ⠀ 편지에 이름을 써준 <나린, 윤서,수인,수빈,서진,지민,은서,준서,성영,가인, 예서,소은,파랭,해인,서윤,유나,현아,채은,시하,서율,유진,연서,하나,서아, 로운, 은빈,무아,지민>+ 그리고 이름을 쓰지 않고 편지를 보낸 귀염둥이들 까지 ⠀ ⠀ 황금같은 주말에 시간을 내서 발걸음 해주시고, 소중한 비용을 써주시고, 또 긴 시간 대기를 해주신 어린이, 어른이..진심으로 정말정말 감사하고 사랑합니다. ------------------------------------------------- ⠀ ❗️그리고 오늘 ! 사인회에서 드린 사탕꽃은!! 제가 어제 밤새 만든거에욯ㅎㅎㅎ ⠀ (150개쯤에서 약간 기절할 뻔 했지만, 다행히 밥을 많이 먹어서 튼튼하더라구요) ⠀ 내 이는 썩어도!! 여러분들의 이는 썩으면 안된다! 무설탕 사탕이랍니다✨ ⠀ 안에 들어있는 사진은 식용사진이고! 혹시 안에 결정이나 점박이가 보이는건 이소말트 결정, 식용사진의 일부랍니다😀 57주",,"seunyun0322 | 2024-06-28 | 누군가 했더니 이사장님이군요...
byul_satang.star_candy | 2024-06-26 | ❤️
hppwxn2513 | 2024-06-26 | 사장님 저 사인회 가고싶었는데 ㅠㅠㅠ 다음 사인회때 꼭! 침여할게요!!!!😢
jjiwoo.pyo.jj | 2024-06-26 | 언니,저 12번 지우에요 그날 제가 드린 (쓸데없는)미니 현미경이랑 편지랑 이것저것 잘 받으셨나요??다음에도 사인회 하시면 언제든지 꼭 갈게요, 다음에 뵈요!
mario_in_park | 2024-06-25 | 뭐지 왜 웃기지 ㅋㅋㅋ
mi_so_mh | 2024-06-24 | 언니 진심 좋아요♡담엔 저도 사인회 가고 싶어요😍😍
yeomgwirang | 2024-06-24 | 지방에도 꼭 내려와주세요. 아이가 너무 너무 좋아해요. 부산경남에서 팬사인회 열어주시면 새벽에 가서 기다릴게요!!!!!
h___h___65 | 2024-06-24 | @____yum_e 이런것도하는구나...ㅠㅠ풀미겁나좋아하는데......
from.armflo | 2024-06-24 | ❤️❤️❤️
n._7o3 | 2024-06-24 | 이사장 저 진짜 가고 싶었는데 나중에 또 열어줄거죠? 요즘 그림도 잘 안 잡히고 공부 하느라 진짜 너무너무 힘든데 가끔 폰 킬때마다 이사장 게시물,스토리 보고 다시 마음한번 다잡고 공부해요… 저희 나중엔 꼭 만날수 있겠죠?? 오랜만에 댓글 다니까뭔가… 어색하고 전처럼 막 써지질 않는거 같아요😭 저 이사장 진짜 좋아하고 보고 싶었는데 편지도 댓글 쓴거 몇백배 이상으로 길게 써줄수 있는데 너무 아쉬워요🥹 항상 화이팅이고 저희 나중에 꼭 봐요😻😻🤤
gimjinseon257 | 2024-06-23 | 응원합니다❤️ 좋아하는 유튜버중 한분
ysilove88 | 2024-06-23 | 마음이 너무 이쁘신거 아닙니까아❤️
아이랑 가고싶었는데ㅠㅠ 아쉬워요
책 대박 나시길 바랍니다!
오늘 하루도 고생하셨습니나❤️
kuro169.7 | 2024-06-23 | 안녕하세요 이사장님 들어오시는 방향에 서 있었던 사람 중 1명인데요 실제로 보니 얼굴도 작으시고 넘 이쁘시더라고요 영상 재밌게 올려주셔서 감사해요!
yeji890 | 2024-06-23 | 오늘 사인회에서 사인받고 선물도 받아왔다며 너무 행복해했어요~~ 선물로 주신 사탕도 엄청 맛있다고 엄지 척👍 이사장님 덕분에 행복한 추억 만들어주셔서 감사합니다
jh84_dolphin | 2024-06-23 | 오늘 사인회 다녀온 8살 지우 엄마 입니다~ 지우가 요즘 유투브를 조금씩 보는데 그중에 이사장님 영상을 제일 좋아하더라구요
아이에게 좋은 추억 만들어주고 싶어서 같이 갔었는데 너무너무 가길 잘한거 같아요
사탕도 맛있게 먹고 오늘 너무 행복하다며 자기전까지도 이사장님 이야기를 하다가 잠들었네요
따듯하게 맞아주시고 잊지 못할 하루 만들어주셔서 감사합니다^^
y_u10_2 | 2024-06-23 | 하 언니 ㅠㅜㅜ 진짜 가고 싶었는데 일어난게 오후 3시🤦‍♀️ 진짜 보고 싶었어요..🤦‍♀️🤦‍♀️ 다음에 또 기회가 온다면.. 꼭 시간도 비우고 일찍 일찍 잘게요..🥺
bboni._.bbang | 2024-06-23 | 정말 따뜩하다❤️❤️❤️
banchaeah | 2024-06-23 | 안녕하세요! 저 너무너무너무 가고 싶었는데!!! 못갔어요 ㅠㅠ 심지어 오늘 제 생일이여서 꼭 갈라그랬는뎅 ㅠㅠ 담에 또 이런 날 만드실거져??? 그때만을 기다릴게요💗💗💗"
2024-06-21,2936,우유팩푸딩 2500원주고 사먹는다 vs 안사먹는다 . 57주,"#디저트, #베이킹, #푸딩, #desserts, #baking","spring_spring_vlog | 2024-09-04 | 삼겹살담는통
yunsiyun9610 | 2024-08-08 | 돼끼님이 주신 그릇!!
hxz.n3 | 2024-07-25 | 그릇 그 동네 떡집 포장 아님??
first.aug.rabbit | 2024-07-23 | @seokyuni2 !!! 푸딩!!!
diksha_jaiz_ | 2024-07-22 | Ye hai kya chiz korean ise kaise kha rahe hai
diksha_jaiz_ | 2024-07-22 | Lajavab lag raha hai sayad ye yummy hoga
hppwxn2513 | 2024-06-26 | 사장님 너무 귀여우세요
narin_0501 | 2024-06-25 | 떡 담아주는 그릇
yoon__kr_11 | 2024-06-23 | 한국 젤리로 푸딩 만들어주세요
haram.99 | 2024-06-23 | @yyaaj.jaayy 푸딩러버 추천
an_amethyst02 | 2024-06-22 | ❤️
c01d_lol | 2024-06-22 | 이시장님!!그 16000원짜리 kfc치킨 아이스크림 만들어주세녀ㅛ..
luce_sicut_stellae12 | 2024-06-22 | 만들어 먹어야죠~ 대왕푸딩 다시 도전하세요~
ee8eeeeee | 2024-06-22 | 가격 진짜 착하다 ..작은거 하나에 이천원 넘지않나?
dotory0521 | 2024-06-22 | 헐.. 이사장님 왜캐 이뻐지셨어요😍 머리 너무이쁨❤️
mch_0802.ae | 2024-06-22 | 고기팩
mch_0802.ae | 2024-06-22 | 그릇 혹시 고기담겨있던 플라스틱 아니에욬? ㅋㅋ
lj_no.1 | 2024-06-22 | 이렇게 큰푸딩은 첨봤어요~! 한통다먹으면 얼굴도 푸딩푸딩해질거같은데🫣👍
an_amethyst02 | 2024-06-21 | 온니 팩푸딩 유행지남..😢
bussut_jigi | 2024-06-21 | 초밥접시일것 같은데융?😮
iriswisdom12 | 2024-06-21 | 초밥 접시 예상 핶는데 ㅎㄷㄷㄷ
is2you_ha | 2024-06-21 | 호텔 어매니티 담겨있던..그릇..😮?
y.xl_12 | 2024-06-21 | 이 누님 갑자기 왤케 이뻐짐??
bruna_parque | 2024-06-21 | 그릇은 과일이나 초밥 드신그릇? ㅋㅋㅋㅋ"
2024-06-13,9154,‘샐러드’와 ‘사라다’의 차이를 @아는 어르신들. 추억 소환 58주,"#사라다, #추억, #상황극, #코믹","bagilu630 | 2024-12-07 | 이거 과일 샐러드 아니였음,
hye_kkom2 | 2024-11-30 | 사라다에서 사과만 골라먹었는뎈ㅋㅋㅋ
weare_woodadada | 2024-11-29 | 사과인줄 알고 깨물었는데 밤이였을때 충격 다들 없으시나요?😂
9x.ocn | 2024-11-15 | 저도 진짜 맛있게 먹었는데~ 사과랑 단감이 제일 맛있었어요!!♡♡
nyolihaneun | 2024-11-14 | 이거 진짜 맛있는데
my1._ch | 2024-10-03 | 학교에서 가끔 나옴
t1_s_w._.0820 | 2024-09-27 | 초등학교땐 많이나왔는데 갑자기 안나오느라 어느순간
jomu_2011 | 2024-09-26 | 예전에 학교에서 사라다 급식으로 나오는날 짬통 근처가면 시큼한 냄새 지렸는데 ㅋㅋ
ch_.yun12 | 2024-09-25 | 난 6~8살까지 사과 사라다 하루에 1그릇씩 먹었는데.
jinjinuhyeon | 2024-09-22 | 저거 급식에 나옴
choda._.n2 | 2024-09-14 | 저거 맛있는데
seoha_07_10 | 2024-09-11 | 저희는 햄이랑 감, 사과, 건포도, 오이, 마카로니, 맛살 넣었오용
jieun403 | 2024-09-09 | 땅콩은 왜 아무도 없지ㅜㅜ땅콩도 넣어야는디..
wood33555 | 2024-09-08 | 가끔 급식으로 나와요 ㅎ
so.y2e0n | 2024-09-07 | 저도 어렸을 때 좋아했는데 요즘 못 먹겠어요
gaax.13 | 2024-09-07 | 요즘은 요커트로 하는ㄷ
il_mixo | 2024-09-02 | 사라다에 있는 바나나가 진국이지
hy._.2xnu | 2024-09-02 | 저급식에서 요거트인줄알고 먹은적있는데 짜서 대게 놀란적있어요ㅋㅋ😂😂
b_s.eoj12 | 2024-09-02 | 우리 학교에 가끔 나오는데 귤이랑 사과가 ㅈ맛임
chzx.un__ | 2024-08-25 | 사라다는 사과만 맛있던ㄷ
roobal_tv | 2024-08-25 | 아빠랑 가끔 해먹는데 맛있음
s.zyin__ | 2024-08-21 | 급식에 나오는데 요거튼줄알고 먹었는데 마요네즈여서 별로임
r.xe1m | 2024-08-19 | 사라다 급식에 맨날 나왔었는데 ㄹㅇ개노맛..ㅠ
daun_0908 | 2024-08-17 | 사라다 개맛있는데
4ever0_uni | 2024-08-17 | 과일사라다 처돌이는 자라서 스스로 만들어 먹는 멋진 어른이가 되었어요:3
invicil | 2024-08-11 | 샐러드 일본어로 사라다 라고하는데 아님실제로 사라다 라는 요리가 있어서 놀램
gwakgwak10 | 2024-08-08 | 계란 안넣음?
lay_one914 | 2024-08-06 | 저거 횟집가면 무조건 나옴
sm1n_x7 | 2024-08-05 | 저기 맛살 조금씩 있으면 개맛있음
oeunhonam | 2024-08-02 | 저거 겁나 맛없어서 학교 급식에 나올 때마다 버렸는데
coeyongjun817 | 2024-07-30 | 사라다 학교 급식에서 나오는데
edeun121215 | 2024-07-30 | 사라다에는 마요네즈만 넣으면 느끼해서 머스타드도 넣야되는데……..
yxs_.x0 | 2024-07-25 | 오늘 급식에 비슷한거 나왔는뎁
s_aeong_2 | 2024-07-19 | @h__jeong08 여기에 귤들어가면 개맛도린데 ( ∙̆.̯∙̆)
cheonyoon | 2024-07-17 | 사라다 추억이에요 ㅠㅠㅠㅠ 저희집은 마요네즈+요플레 같이 넣었던 기억이 있는데 언제부터인지 안해먹고 있네요
bagsoujin132 | 2024-07-16 | 나 13년생인데 사라다 ㄱ좋아함
golden_sang_ | 2024-07-16 | ㅋㅋㅋㅋㅋㅋ😂😂
kelly121759 | 2024-07-14 | 사라다는 솔직히 요플레랑 같이먹으면 맛있어여 마트에파는 딸기요플레 복숭아요플레 야채는 안넣고 과일만넣고 먹으면 맛있어여
ses537658 | 2024-07-14 | 사라다 좋아요 건포도 좋아요
ddd7788_gg | 2024-07-13 | @n_hyeon19 아직 나오지않음?
imaginedking | 2024-07-12 | 건포도 땅콩 마카로니가 없쪄
xoxo_00_33_77 | 2024-07-12 | 사과알러지있지만 그정도쯤이야🔥🔥
hy.xen_07 | 2024-07-10 | 사라다.. 맛있지...
yoon__1982 | 2024-07-07 | 거기에 설탕 넣어야죠
s.ayun_12 | 2024-07-07 | 잃으려고 하면 급식에 나오는 사라다
kim_gree07 | 2024-07-06 | 사라다를 모르는 애들이 있어...?
gakbaebae_00 | 2024-07-04 | 사라다 너무 좋아하는데 사과를 못먹어서 사과만 걷어내고 다른과일만 먹습니다ㅋㅋㅋㅋ
nohyundo_2733 | 2024-07-02 | 아 엄마!!! 자꾸 사라다에 밤넣지 말라고!!!
hyevely1203 | 2024-06-28 | 사라다 진짜 맛있는데😍
eunssss0523 | 2024-06-27 | 저거 오이 넣어야하는 데..
hppwxn2513 | 2024-06-26 | 상황극 너무 잘하세요🔥
hunsun_12 | 2024-06-21 | 난 사라다먹고 과일 안먹는 편식 고쳐졌는데
csb_0717 | 2024-06-21 | 사라다 먹고싶다. 냉장고 온만가지 다 넣은....사라다
_daxun.2 | 2024-06-19 | 나 이거 좋아하는데...이름이 사라다였구나!! 내가먹던건 요거트같은거랑 섞어서 늘 맛있었는데..❤️
bro.zj | 2024-06-19 | 게맛살 사과만 있어도 개맛도리.. 계란 노른자랑 흰자는 갈아서넣고 ㅠ
zy154 | 2024-06-19 | 사과인줄 알고 먹으면 감자
chtkd_je0_0in | 2024-06-18 | 저거 우리 학교 급식에도 가끔다와요오
ahnssoool | 2024-06-18 | 어떻게 프림 넣는걸 아시지??
sssssssu1107 | 2024-06-18 | 사과인줄 알고 먹었는데 설익은 찐감자였고 ㅎㅎㅎㅎㅎㅎㅎ
byme_8710 | 2024-06-18 | 사라다맛있죠~~😍😍
creamy_0921 | 2024-06-17 | 건포도랑 사과 진짜 좋아했는데! 이름이 사라다였구나
sg.21_m | 2024-06-17 | 학교 급식엔 자주나오던데
n.ow0n | 2024-06-17 | 게맛살은요..
_.sxexho | 2024-06-17 | 사라다 나는 맛 없던데
yszj_zs | 2024-06-17 | 학교애서 자주나오는데 진짜 사과밖에 안먹음
010_3710 | 2024-06-17 | 사라다 우리 급식에 가끔 나오던데
yeojunseo63 | 2024-06-17 | 학교 급식으로 나올는데 개노맛
psy_0409 | 2024-06-17 | 난 거기서 건포도만 먹는데
gam_seola | 2024-06-17 | 급식으로는 비슷하게 시큼한맛 나는 요거트같은 소스에다가 사과,건포도,감자같은거 버무려져 나옴
eunbin___04 | 2024-06-16 | 저도 샐러드 보다는 사라다를 더 좋아합니다ㅎㅎ
flat_peach_ej | 2024-06-16 | 햄!
dewyclovers | 2024-06-16 | 어쩐지.... 집에서 마요에 버무리면 맛이... 그 맛이 아니더라니 ㅋㅋㅋ 😂
m._jh124_ | 2024-06-16 | 아 이거 사과랑 귤은 무조건 넣어야하
younjin_jeong_ | 2024-06-16 | 초딩때 학교에서 만날 나왔는데ㅋ쿠ㅜ
baby.dino_kwh | 2024-06-16 | 걍 과일이 더 맛잇음
i_love._.patrick | 2024-06-16 | 우리는 설탕도 뿌리던데
shwhsfgh | 2024-06-16 | 이거 급식에 나오던데
zhangcm123 | 2024-06-16 | 존나어려보이는데 40대나 알법한 사라다를 아시다니
gay.zx_ | 2024-06-16 | 바나나 사라다 진짜싫은데
ksjin0326 | 2024-06-16 | 사라다 오랜만이네
minjoseol | 2024-06-16 | 아니 요거트를 넣어야지
k_indi90 | 2024-06-16 | 사라다 때문에 어릴때 샐러드 자체를 싫어했지.. 샐러드 드레싱이 전부 마요네즈 베이스일거라 생각하고😖
_n1arrah | 2024-06-16 | 저거 귤이 맛도린데
oh_yoon_8748 | 2024-06-16 | 식당가서 밥먹는데 사라다만 먹어서 혼났었는데ㅋㅋㅋ
ky._x9 | 2024-06-16 | 급식에 개많이나옴
ixn4o | 2024-06-16 | 사라다 학교에서 나오는데 마요네즈 였다니..
anjfqhktlqkf119 | 2024-06-15 | 저거 학교 급식으로 가끔 나옴…먹기 싫음
bae.choo0304 | 2024-06-15 | 급식에 가끔 나오면 음식물 버리는데에 마요네즈만 묻어있었는데 기억남?
dx.hye_lee | 2024-06-15 | 학교에소 급식으로 나왔을때 맛났는데
sjh1004203 | 2024-06-15 | 저거 빵이랑 같이먹으면 빵 한봉지 뚝딱이여
yoominseo1008 | 2024-06-15 | 아 저게 사라디였구나
n_1na.12 | 2024-06-15 | 사라다 사과 맛있음
min_ddiddi | 2024-06-15 | @ljyeon___ 기억나뉘 존막이엇다
whwnsgud_97 | 2024-06-15 | 나는 메우 맛있게 먹음
jh.js_dalcom | 2024-06-15 | @dalcombbabba 사라다 먹고싶다
honghyunhee01 | 2024-06-15 | 설탕 추가하기도 함
_sh2.x1 | 2024-06-15 | 저희 학교는 아직도 사라다 나와요!😂
eun.6_s | 2024-06-15 | 사라다는 꼭 귤이 들어간게 맛있었는데
hyn_o.6 | 2024-06-15 | 사라다...조금만 더 먹으면 금방 물려서 사과만 골라 먹었어요...😂
0807beardool | 2024-06-15 | 사라다 옛식 발음"
2024-06-12,1.7만,프림을 퍼드시던 분들은 자리에서 일어나주십시오. . . 58주,"#프림, #프리마, #상황극, #디저트","nyolihaneun | 2024-11-16 | 저 프리마 진짜 맛있어
bellatrix_croce_arimyoon | 2024-10-02 | 몰래먹어두 꼭걸려요 보면…
raccoon149 | 2024-09-17 | 프리마 달아요?
seung_ah_kim713 | 2024-09-05 | 언니 아니 이모 몇살이에요??
s_uns_un_sun | 2024-09-04 | 처음이 분장ㅋㅋㅋㅋㅋ
p.o.g122 | 2024-09-04 | 마약 ㅋㅋ
mbtl911 | 2024-09-02 | ㅈ
evervictorious_rjs | 2024-08-29 | 분유 가루도 별미임
dubu._.momo | 2024-08-27 | @_gracelily91 와 저거 은근 분유맛 나서 맛있었는데
seominju29 | 2024-08-26 | 프리마 맛잇엇지 ㅋㅋㅋ믹스커피에서 프리만만 빼먹다가등짝 맛음
tm.snvl | 2024-08-25 | 아 저거 개맛있는덷ㅇ ㅜㅜ
iseungu6902 | 2024-08-24 | 맛없어
big_badwolf7 | 2024-08-19 | 후드에서 가져온 정체불명의 마법의 하얀가루
ziuewe | 2024-08-18 | 가루 입에서 나오는거 진짜 더럽다
_j2xep.2 | 2024-08-18 | 먹을때 입에서 가루가 퍽퍽
seo_seo0183 | 2024-08-15 | 어재 마트갔는데 커피칸에 프리마 팔3ㅓ
dory_0514 | 2024-08-12 | 프..프리마가 아니야!!
mipi1107 | 2024-08-12 | 프리마 처음보는데 와 완전 궁굼하다 무슨 맛알지
j.ung_hwan | 2024-08-11 | 나는 옛날에 분유 가루 먹었는데
ogguseul1038 | 2024-08-10 | 가끔프리마에 설탕타서 우유처럼 타줘서 마셨어요ㅋ
dream_.1230 | 2024-08-07 | 이거 방학때 제일 많이 먹어서 양이 많이 줄었고, 결국 엄마한테 혼남🔥🔥
x_d1313 | 2024-08-04 | ㅁ약?..
mind0ng2 | 2024-08-04 | 프림 훔쳐먹기. 분유훔쳐먹기… ㅋㅋ
aryeong.c | 2024-08-03 | 저걸 그냥 먹을 수 있구나 난 생각도 못했는데ㅋㅋ
kem053_ | 2024-08-02 | 딸...그건 마약이야...
hx.uoo_ | 2024-07-31 | 우린 그걸 마약이라 부르기로 했어요
moonlightviaa | 2024-07-20 | 지금도 호텔 갈때마다 프리마 있는지부터 확인하는데.. 역사 깊은 호텔에 프리마 있음🥹
cindy.91v | 2024-07-19 | @_kkangchongg_ 어렸을때 프리마, 동생 분유는 국룰이었지ㅋㅋㅋㅋ 그때 너무 많이 먹어서 지금 못먹게 됐나...
ji.___.yeon0111 | 2024-07-19 | @junga7898 나도..
yunhee9_03 | 2024-07-17 | 전 프림 말고 복숭아티 손가락으로 찍어먹다가 떨궈서 등짝스매싱 맞았어요😂
yousemi05 | 2024-07-10 | 나 마약인줄ㅋㅋ😂😂
si_on1011 | 2024-07-07 | 그리마
rwon_k0210 | 2024-07-07 | 계란 다 익을때 까지 숨참음
sasak3342 | 2024-07-06 | 저요ㅋ저는 프리마 뜨신물에 타서 우유처럼 마셨던 기억이 있어요ㅎ진짜 달달꼬수웠던 프리마ㅋ
dasol__99 | 2024-06-29 | 저거로 할부지가 커피안넣은 하얀커피 타주셨는데😮
jjiwons_watercolor | 2024-06-29 | 프리마가 뭔지 몰랐음
hppwxn2513 | 2024-06-26 | 너무 귀여우세뇨!!
pkm0923 | 2024-06-21 | 프리마가뭐징?
ldh_23x57 | 2024-06-21 | 저는 우유에타먹었어유😂
guruminsta | 2024-06-18 | 젊으신줄 알았는데 엄마뻘이셨네….
moohwatomoca | 2024-06-18 | 전 고3때 힘내야한다는 핑계로 분유 사달래서 공인받고 퍼머….ㄱ
balreyi | 2024-06-18 | 전 그게 무슨 음식인줄 모르갯써요😮
yun._.654 | 2024-06-17 | 전 엄마몰래 설탕을 먹습니다^^
genius10101 | 2024-06-17 | 이사장님 앞자리가 8은 아니시죠? 못해도 최소 9같은데 저걸 어케 아시지..?ㅜㅜㅜㅜㅋㅋㅋㅋㅋㅋ
gimjiseong98 | 2024-06-16 | 저거 많이 먹으면 몸에 않좋은데
em_ye.o13 | 2024-06-16 | 앜ㅋㅋㅋ 그래서 둘둘둘 이라고 똠는 삼삼삼? 이러구 그랬구나
m._.myeonn | 2024-06-16 | @gyung__s2 ㅋㅋㅋㅋㅋㅋㅋㅋㅋㅋ프리마 맛있는뎅
bumsu69 | 2024-06-16 | 프림이 뭐애요?
znakoh | 2024-06-16 | 지나가던 00입니다 70인 엄마 외갓집에서 프리마 발견했던 기억이 나네요
travelyoung0402 | 2024-06-15 | @dongjinx_ 이거 아나
hyeonbin2524 | 2024-06-15 | 마지막에 이해한시람 손
dakco_o | 2024-06-15 | 미숫가루 같은건가
yjh_lily0805 | 2024-06-15 | 기부니가 좋아지는 프리마 ㅋㅋㅋ
2ju_exo11 | 2024-06-15 | 58주답글 달기
번역 보기
_pdxwu | 2024-06-15 | 마약?
jiyoung__9412 | 2024-06-15 | @seowoo__kim 이모? 원기소도 드셨는지..
cyapu_08125 | 2024-06-15 | 낸 분유랑 설탕 몰래 털어벅었는데..ㅋㅋ
leezinah | 2024-06-14 | 프리마 없애서 믹스커피 분리해서 골라먹었는데…
sw_00mm | 2024-06-14 | @jxx._.gx 난 과학실 각설탕 많이 먹어서 혼났는디
seongung_92 | 2024-06-14 | 집에 프리마 없어서 먹어본적없는
jid08 | 2024-06-14 | 어렸을 때 부모님 따라 다방가면 우유대신 프리마로 우유를 타줬는데 진짜 맛있게 먹었었는데...
cutgil_124 | 2024-06-14 | 50살정도 되나?
fromeeeun | 2024-06-14 | 벌떡!!!
chae_myeng | 2024-06-14 | 58주답글 달기
173_min9 | 2024-06-14 | 따신물에 프리마랑 설탕만넣고 타먹으면 개꿀맛
gyu_min0221 | 2024-06-14 | 설탕이 아니야!
jjjjju_35 | 2024-06-14 | +전지분유 몰래 많이 먹었죠 ㅋㅋㅋㅋㅋ 성인되서 한 겨울에 전지분유 큰봉지사다 먹은건 안비밀 😂
25.sul | 2024-06-14 | 프리마 흘리지마러
z.ngyx | 2024-06-13 | 마약인줄
k.m.n_0720 | 2024-06-13 | 처음 듣는 음식...
uiyvdg | 2024-06-13 | 최고이십니다 이사장님
my_favorite___________ | 2024-06-13 | 잌ㅋㅋㅋ 프리마3+설탕2 넣고 뜨거운물 부으면 우유맛나서 몰래 타먹었는데 크킄
hyeontak94_01_04 | 2024-06-13 | 어릴때 프리마 먹은적이 ㅋㅋㅋ
kickboxing_is | 2024-06-13 | 한 3번먹으면 속이 니글니글했던것 같았은데😂
wild.pink_ | 2024-06-13 | 저요! ㅋㅋ
hyunsook86 | 2024-06-13 | 80년생?!?
theboninail | 2024-06-13 | ㅋㅋㅋㅋㅋ 저희엄니가만삭에 많이드셔서 제머리가보라색으로나왓더요..ㅋㅋㅋㅋㅋㅋㅋ
c_junghyeon | 2024-06-13 | 나 아무것또 앙무거또~~~
mx.1hnn | 2024-06-13 | 궁금하다
85_y3 | 2024-06-13 | 분유는 먹어봄..
girooney0602 | 2024-06-13 | 프리마 맛있는 분유맛
plant_druid | 2024-06-13 | 코로 흡입해야 진짜 꼬소해요
min_ki_ne | 2024-06-13 | 프림 ....;?
siksikgf_0717 | 2024-06-13 | 저요...더불어 동생 분유도..ㅋㅋㅋㅋㅋ
ioi_nubee | 2024-06-13 | 할머니 집에서 몰래 의자밟고 찬장 프리마 퍼먹어본 1인 (ू•‧̫•ू⑅)oh
jazzfiction | 2024-06-13 | 느그 동생 남천동 살제? 내가 인마 느그 동생이랑 프리마도 같이 묵고 소꼽놀이도 하고 마 다 했으
noahlee1995 | 2024-06-13 | 신고번호는 1 2 7
nhaeyeon | 2024-06-13 | ㅋㅋㅋ 저요🙌 애기 분유먹을땐 분유도 한주국먹어본엄마 나야나~~🫶
yoonbivip | 2024-06-12 | 분유도퍼먹었다가 ㅋ혼났지요
j_a_n_e94 | 2024-06-12 | 프리마 모르면 90년대생이 아니져~~!!
dyssong | 2024-06-12 | 벌떡!
alala_lggg | 2024-06-12 | 우유도 타묵어야쥬 ㅋㅋㅋㅋㅋㅋ뜨급게
kangsan_choi | 2024-06-12 | 어머님으로 나온사람.. 주혼이나 링인줄...
o3o__sg_k | 2024-06-12 | 냉장고에서 찾아먹었던 기억이나네요 ㅋㅋ 심지어 커피 먹고싶어서 프리마를 찬물에 넣어서 풀어지지도 않고 그거 좋다고 먹은 기억이 ㅋㅋ😂😂😂😂😂
kimmiae712 | 2024-06-12 | 사장님 연세가.... ㅎㅎㅎ 나 어릴때 저랬는데 나 나이 많은데...ㅎㅎㅎ
sweetshop_s2 | 2024-06-12 | 커피비율은 ‘둘둘둘(2:2:2)이 국룰이었다’는 의견에따라, 부침개 뒤집듯이 영상을 내용을 변경하겠습니다.
▶️2:2:2 또는 3:2:1일 국룰이었다.
seohee121219 | 2024-06-12 | 프림 엄청 잘 드신다 ㅋㅋ
eunyoung.yi | 2024-06-12 | 프림이랑 동생들 분유...... 특히 프림은 저희 친정어머니 시집오실적에 크리스탈 보관함이 있었는데 거기에 담아두고 쓰셨거든요. 애들 위험하다그 높은데 두셨었는데 의자 놓고 올라가서 프림 꺼내먹으려다가 깨먹었었어요. 딴에는 감쪽같이 만들겠다고 어디서 본 건 있어서 어린 마음에 그 액체로 된 강력본드 공구함에서 꺼내다가 붙였는데 손에도 묻어서 손가락까지 같이 붙어 결국 들키고 과도로 슬금슬금 잘라내듯 떼냈던 기억이.......
ieunyeong187 | 2024-06-12 | 저도 프리마에 설탕 타서 엄청 먹었어요
author_jungyeon | 2024-06-12 | 아니 이사장님 애기가 왜 저랑 똑같은 삶을 사신거예요!!🤣🤣 동생 분유도 먹어봤쥬??"
2024-06-12,5152,원래보다 375배 큰 까까 만들기 58주,"#베이킹, #디저트","vinini_l | 2024-08-18 | 대박…시즈닝! 솜씨가 좋으세용
o.s.d.89.10 | 2024-07-22 | 굽는건 어떻거 한건가요??
gimdonghwa804 | 2024-07-17 | 꼬깔콘 맛있겠당 꼬깔콘 좋아하는데 ㅎㅎ
cocototo_hye | 2024-07-11 | @seonhongo 우와
dashoming_ | 2024-06-19 | 갑자기 엄마극딜ㅋㅋㅋㅋㅋㅋㅋㅋ
stay000905 | 2024-06-17 | 맛있겠다!
jjiwoo.pyo.jj | 2024-06-13 | 이빨 나가겠어요..이사장님 이빨은 소중하니까..맛있게 드셔요잉
jeonghyijin7208 | 2024-06-12 | 우와~~
justapeeker_ | 2024-06-12 | 이사장님 유튜브 보고 꼬깔콘 사먹다가 실수로 맥주도 마셨어요 짱맛....
krystal_worthit | 2024-06-12 | 히히 정말 인스타로만 보다가 유툽 따라가서 구독까지 한 몇 안되는 분들중 하나❤️ 너무 죠아요
krystal_worthit | 2024-06-12 | 히히 정말 인스타로만 보다가 유툽 따라가서 구독까지 한 몇 안되는 분들중 하나❤️ 너무 죠아요
y_u10_2 | 2024-06-12 | 꼬깔콘이 사장님 얼굴보다 크다가 현실이 되는 마법..그녀는 신.
a.mazing_grace | 2024-06-12 | 만드신 음식들로 가게 차려주세요😂😂
dan_jae_ | 2024-06-12 | 이사장네 근처에다 카페 차려놓고 커피랑 이사장이 만든 간식이랑 물물교환하고싶어요
lucky_imsold | 2024-06-12 | 소리까지 맛있네요
lj_no.1 | 2024-06-12 | 대박! 맛있겠다! 모자로도 활용 가능할것같은데유?👍🤩😍
i_i_sia | 2024-06-12 | 맛있겠다"
2024-06-10,5775,얼음물로 만든 제로제로제로 탕후루?! 맛은 당연히 예상한 맛이지만.. 식감 ㅇㅈ 58주,"#탕후루, #디저트, #desserts","ty.17_2 | 2024-09-17 | 거대한 편도결석ㅋㄱㅋ
qqqq0907 | 2024-07-15 | 어떻게씹냐. 이시려 ...
syaidatulhamidah | 2024-07-01 | Main ah biarin gak ngerti juga🍂
kiiiingmono | 2024-06-19 | U guys sure like to censors everything huh
doenee92 | 2024-06-19 | @kim.dini_ 이거다
haha._ruru | 2024-06-18 | 요거트에 냉동과일 넣으면 맛있어요
shangachu | 2024-06-17 | 냉동과일이 담궈지는 용매 (물, 설탕물, 시럽 등등) 의 응고점이 냉동과일 표면온도보다 높아야 더 두껍게 코팅될 거예요
me.mo.i | 2024-06-16 | 와 맛있겠다👏👏👏
dlqmsrjchlrh_ | 2024-06-16 | 이 헤메코 너무 잘어울리새요
zzang__mandong | 2024-06-15 | 그 선생님 지나가다 보여서.. 그 유리볼 말고 스텐볼에 해보시됴
ssse_2n | 2024-06-14 | @_qpwoe_iruty 이거 해주세요
lj_no.1 | 2024-06-12 | 만물박사~!🙂‍↕️🙏👍
1z.nxe | 2024-06-12 | ???:거대한 편도결석 같아요
j.hyovn__ | 2024-06-12 | ??:거대한 편도결석 같아요
mnnarri | 2024-06-11 | @d_doooool 오 나 새우 해동할때마다 새우탕후루 되던데
rio_lee0505 | 2024-06-11 | 달고나로 과일탕후루해주세요
n.ezzul | 2024-06-10 | 사이다랑 하면 개맛있대영
jjongjjong._.e | 2024-06-10 | 와 먹어보고싶다... 거짓인줄알고 음식버릴까 못하고있었는데... 감사해용~😍😍
starrylibre | 2024-06-10 | 이사장님 만나서 너무너무 즐거웠어요…❤️ 샤롯데씨어터 과자집도 언젠가 꼭 만들어주십셔..🫡
seohee121219 | 2024-06-10 | 우유로 하면 어떨지..
usermaria912 | 2024-06-10 | 헉ㅋㅋㅋㅋㅋ 이거 새로이 유행인가요
heedo._.ri | 2024-06-10 | 사이다 넣고 하면 맛있을것 같아요❤️
jjy_yyj_jyj | 2024-06-10 | ❤️❤️"
2024-06-09,2082,만화책 홍보방법 1번: 먹는다 (예스24🔎: 달콤살벌 속마음 레시피) . 수정됨 · 59주,"#이상한과자가게, #달콤살벌속마음레시피","ca6ryn72 | 2024-08-18 | 나는 왜 저 같애요? 가 욕으로 들리까이,,
lsy_05040 | 2024-08-05 | 와... 진짜 맛있겠네요
jiosaurus29 | 2024-07-13 | 축하해용❤️
gimyerin589 | 2024-06-25 | 하.. 언뉘ㅏ 내가 어떡해든 꼭 간댜ㅑ😍
mimicangcinanna | 2024-06-22 | 가고싶었는데 다리를 다쳐서 못가요 ㅠㅠㅠ
hangul_family | 2024-06-21 | 텐트 쳐놓고 자야겠다
yeji890 | 2024-06-20 | 23일에 광화문에 가야한다고 딸이 얘기해서 무슨일이냐고 물어봤더니 이사장님이 사인회를 한다며ㅎㅎㅎㅎ
gimseoyeon5569 | 2024-06-18 | 와 똑같아여❤️ 귀여워영
linakimmendez | 2024-06-16 | 이뻐죽겠다 이사장님.👏👏👏 축하해요❤️
ltuty143 | 2024-06-16 | 맛있겠다 😋
xoox_mary | 2024-06-15 | 광화뮨 교보뮼고점ㅋ⫬ㅋ⫬ㅋ⫬ㅋ⫬ㅋ⫬ㅋ⫬ㅋ⫬ㅋ⫬ㅋ⫬ㅋ⫬ㅋ⫬ㅋ⫬ㅋ⫬ㅋ⫬ㅋ⫬ㅋ⫬ㅋ⫬ㅋ⫬
nulicook | 2024-06-14 | 기여워요❤️❤️❤️책까지내시구👏👏👏
aaron66902021 | 2024-06-12 | 멀어서 슬프네요ㅜㅜ
yunseo_021 | 2024-06-12 | 하.....진짜 내가 23일날 일만 없었어도 광화문 교보문구점으로 달려서 이세상에서 가장빠른스피드로 누구보다빠르게 달려서 뛰쳐갈텐데 아쉽다ㅜ
pmjydm | 2024-06-12 | 23일에 애들 둘 데리고 싸인받으러 갑니다😍😍
jueun._.13 | 2024-06-11 | 여수는 안오시나요..😢😢
yeseon_kate_kim | 2024-06-11 | 헐 책 나오신거 넘넘 축하드려요!!!
gx.j1a | 2024-06-10 | 저 초콜릿 차라리 두바이 초콜릿으로 만들지 그랬어요
garam09005 | 2024-06-10 | 드디어!! 책이 나오다니ㅣㅣ!!😍 꼭 사봐야 겠네용! 캐릭터 넘 예뻐요ㅜㅜ
_haaae1_ | 2024-06-10 | 악 ㄹㅇ 온니 존예인데
7c_m1n | 2024-06-10 | 무조건 사겠어..
seo_woooj | 2024-06-10 | 언니 지방러는 슬퍼요
parkwonpyo0803 | 2024-06-09 | 아 23일 일정이 겹치네요 ㅠㅠ 미치겠네...
jy_18395 | 2024-06-09 | 귀여워...
y_u10_2 | 2024-06-09 | 언니보러 가야겠네요 또.ㅋ 하 증말 나 23일에 할 거 없는거 어떻게 알고 딱.증말 !!
n._7o3 | 2024-06-09 | 이사장 저 이제 한동안 못 와요🥹🥹
kyw_6678 | 2024-06-09 | 와ㅏㅏ"
2024-06-01,좋아요 없음,고딩 때부터 꿈꾸던.. 내 꿈의 디저트 근데 문제는.. 내가 만든거여서 믿을 수가 없다!☺️ . 60주,"#쿠나파, #디저트, #knafeh, #베이킹, #desserts","naviajje | 2024-09-06 | @empty0w1
sx_r.in | 2024-08-10 | 카다이프를 굉장히 유용하게 쓰는 사장님,,
janx2ie | 2024-07-16 | @yenzzan6 언니 ㅎㅎㅎㅎ
su_ujin_n | 2024-07-16 | @ttitinaaaa @youyayou_ 카타이프 남앗는데 해줘?
s0ozang | 2024-07-10 | 돈까슨줄..
ruby99_0813 | 2024-07-03 | 이거짱맛
ozlemsen_34 | 2024-06-30 | Turkey 🚨🚨🇹🇷🇹🇷🇹🇷🇹🇷 🔥
monii_grim | 2024-06-26 | 이쯤되면 카다이프를 사야겠어요 😂 넘넘 맛나보임❤️❤️❤️
screamfalestin | 2024-06-25 | 팔레스타인에서 흔히 먹는 음식 free palestine
michellepstory | 2024-06-19 | @owaterpai 이모랑 이거 먹으러 이태원 가쟝🥰
hxnzji | 2024-06-16 | @ofs_lfo_lo 어우 이집트에서 먹은 개달달한 거에 절여진 그 아이…
rang825 | 2024-06-12 | @1sun_1025 초코만들고 남으면 이거인가봐 언니 ㅋㅋㅋㅋㅋ
yunseo_021 | 2024-06-11 | 콘치즈인데 콘빼고 카다이프가 들어간맛인가?(우리집레시피로)
luv.aprly | 2024-06-09 | お姉さん、おばあちゃんの髪を食べてみてください
busranurdurduu | 2024-06-08 | Delicious TURKISH DESSERT 🇹🇷
gimnarae97 | 2024-06-08 | 보기싫어서 차단하는데 왜 자꾸 뜨노
sh_.e13 | 2024-06-08 | 언니 얼굴에서 김채원이 보이다
jin_qamarae | 2024-06-07 | @v_min_go ㅋㅋㅋ
soriyaaaaa_ | 2024-06-06 | @_wo_ori
seo_lim12 | 2024-06-06 | 마이쥬 리치맛 흰색임 실타래 ㄱㄱ 1
rangpunzel | 2024-06-06 | 내최애쿠나페,,,,,,, 쑥가서 먹고파,,,
@jasmine_dleee
kg13m | 2024-06-05 | Это выглядит очень вкусно
w._.u._.h | 2024-06-05 | CU에 커스터드 푸딩 2500원에 파는데 엄청 맛있어요 직접 먹어보시고 리뷰해주세요!
seongm1n.park | 2024-06-05 | 쿠나파!
miseoning_ | 2024-06-05 | 이사장님 속눈썹 정보 궁금해요 ❤️
marigatt0 | 2024-06-05 | 로즈워터를 넣어야징
yumssong | 2024-06-04 | 여기서는 피스타치오 아이스크림과 같이 먹습니다 꼭 같이드셔주세여!
b612.genie | 2024-06-04 | 터키가서 직접먹었는데 너무달아요..
mozzi._.gram | 2024-06-04 | 저희 초등학교 3학년 딸이 사장님 엄청 좋아하는데 선재업고뛰어에서 김혜윤배우님보고 !! 사장님아니냐규 ㅋㅋㅋㅋㅋㅋ❤️
kimlatte_is_puppy | 2024-06-03 | 카다이프로 국수 만들어주세요!!
haaaa__927 | 2024-06-03 | @hoooo__522 이게 더 맛잇어보인다
0mime | 2024-06-03 | @q.b.la ❤️❤️
applemint_travel | 2024-06-03 | 튀르키예 전통 디저트 쾨네페 입니다ㅋ
offc_gotd | 2024-06-03 | 카다이프를 새우에 말아서 튀겨먹으면 어떨까요??
m_cc_ppp | 2024-06-03 | @wons1114 우리 먼지도 모르고 서비스로 받아 먹엇던거다 쿠파나네
daily_yvien | 2024-06-02 | 일잔 중동 디저트는 입이 아릴 정도로 달아야 진정한 중동 디저트입니다🤣
chaewon_410 | 2024-06-02 | @heodujin 카다이프 남았는가
j_seo_626 | 2024-06-01 | 겉에 카다이프 묻혀서 치킨 튀겨 먹으면 궁금하다
sksmsskdi15 | 2024-06-01 | 만들어서 저한테 파시면 안될까요? 꼭 사겠습니다😍
rami96_o.os2 | 2024-06-01 | 와웅 뭔가싶으면서도 맛있어보여요!!!
n._7o3 | 2024-06-01 | 하.. 우리 이사장이 만들기만 하면 이상하게 다 먹고싶어진단 말이죠?!? 유튭에서 봤을때도 먹고 싶었는데 오늘 릴스로 또 보니까 또 먹고 싶어요 책임져요 이사장!!!!!!!!!!! 진짜 달달구리 완전 맛있을듯한 느낌적으로다가 느낌인데 맞죠 이사장 그래서 저는 언제 만들어 준다구여?!?!??😻😻🤍🤍🤍😭😭"
2024-05-31,2385,youtubekorea 유튜브 크리에이터 어워즈의 주인공🏆 어떤 디저트든 뚝딱뚝딱 만들어 내는 금손 크리에이터🧁 이상한 과자가게 weird sweets shop(@sweetshop_s2)님의 100만 구독자 달성을 함께 축하해 주세요🎉 60주,"#유튜브크리에이터어워즈, #YouTubeCreatorAwards, #이상한과자가게, #이사장, #먹방, #디저트, #Mukbang, #Beauty","hppwxn2513 | 2024-06-26 | 사장님 축하드려요!!!!🔥🔥🔥
rnalstks9 | 2024-06-22 | 이사장님!100만 축하드려요오옹!!!👍👍👍
jogyuseon373 | 2024-06-13 | 축하드려요
ibyg_155ii | 2024-06-09 | 이사장님 100만 축하합니다.!!!👏👏👏👏👏👏👏👏👏!!!!!!
hamzip2096 | 2024-06-04 | 와 축하해요
seoyeong2496 | 2024-06-04 | 🎉 이사장님 축하해요 🎉
twofi_ve28 | 2024-06-03 | 100만 기념으로 골드버튼 직접 만들어 주세요
sufflepancake | 2024-06-03 | 이사장님 넘축하드랴요...🥹💕💕💕 맛잇는거 마니드세여🪽🎉
u.urim11 | 2024-06-02 | 축하축하🥳🥳
luce_sicut_stellae12 | 2024-06-02 | 🎉🎉🎉🎉🎉
y.naaaaari | 2024-06-02 | 이사장님 최고당 쌍따봉 드립니다👍🏻👍🏻
msadrhu | 2024-06-01 | 언니이잉 거의 초반때 부터 봤는데 벌서100만이라니 너무 축하해요!먹는 골드버튼 포카만들어 보장!!!
from.armflo | 2024-06-01 | 축하해요❤️🎉❤️🎉
nururiri | 2024-06-01 | 짱멋있다!!! 넘 대단하고 대견해 ❤️🔥
yongja_gobchang | 2024-06-01 | 😮😮축하드려요🎉🎉
bokyung.lee.186 | 2024-06-01 | 축하드립니다아아^^ㅎㅎㅎ 너무 재미있게 잘보고있어요ㅎ 앞으로도 화이팅입니다!ㅎ
uiyvdg | 2024-06-01 | 축하드려요
yam.sachin | 2024-06-01 | 👏👏👏👏👏
dotory0521 | 2024-06-01 | 축하합니다🎉🎉🎉❤️
jinnycho1108 | 2024-06-01 | 축하합니다
jinyubin0502 | 2024-06-01 | 그거 먹는거 아니에요
lucas_smile_lee1007 | 2024-06-01 | 최고 🙌 최고 🙌최고 🙌 최고 🙌항상 응원하고 , 좋은 일만 가득하길 기원드립니다. 🙏
simone.oddadd | 2024-06-01 | 틱톡부터 유튜브까지! 이사장님 항상 매우 응원💜
yangseil9 | 2024-06-01 | ❤️❤️
hyeong_m.n | 2024-06-01 | 이사장님의 턱이 하드캐리를 하였군요! 축하드려요!
eun.park.ji | 2024-06-01 | ogog 이사장 축하해💜
seohee121219 | 2024-06-01 | 축하축하🎉
kyungssss_ | 2024-06-01 | 우와~~~🎉🎉🎉🎉🎉 축하축하합니당!!!!! 이사장님 골드버튼 포카 만들어주세요오❤️ 안되면 골드버튼 탕후루..?
onlylumiii__ | 2024-05-31 | If she can achieve this and is holding it in her arms. Then that just proves it’s possible. I’m gonna work so hard this year reach 100K subs then reach 1MILLION next year and so on 💯💯🔥🌃📊📈☝️💪🏻🙏
s._.h218 | 2024-05-31 | 축하드립니다😍❤️
minyu_0317 | 2024-05-31 | 🎉🎉🎉🎉
i.intrinsic_motivation | 2024-05-31 | 축하드려요~ 잘 보고 있습니당😍😍
im.so_precious | 2024-05-31 | 이사장님 넘 축하해요❤️
wgevnf | 2024-05-31 | 넘 축하드려요🫶🏻🫶🏻🫶🏻💗💗
sgm_xwiko | 2024-05-31 | 아니 골드버튼 왜 먹고계세요 ㅋㄱㅋㅋㅋ..어쨌든 100만 진짜짖짜 축하드려요!!!!!!!!
leo_0525_leo | 2024-05-31 | 👏👏
pinkwing86 | 2024-05-31 | 축하합니다 이사장님❤️❤️❤❤️❤️🙆‍♀️🙆‍♀️🙆‍♀️💜💜💜💜💜
randomtaurant | 2024-05-31 | 너무 예뻐요❤️❤️❤️❤️❤️
boyoun_kim83 | 2024-05-31 | 축하드려요 이사장님. 자축의 의미로 골드버튼 음식으로 한번 만들어주세요.
lee.__.happy | 2024-05-31 | 와 축하드립니다❤️❤️❤️
chyunchyun | 2024-05-31 | 🎉
sovely.5 | 2024-05-31 | 대박추카추카
ghkd12221 | 2024-05-31 | 이사장님 축하해요 🎉🎉🎉🎉🎉
n._7o3 | 2024-05-31 | 이사장의 100만 구독자중 한명이 될수 있어서 정말 영광이라 생각하고 골드버튼 들고 있는 표정이 너무 행복해보여서 저까지 기분이 좋아져여!!!!!! 하 이사장 언제 100만 찍지 하고 맨날 생각하고 있었는데 드디오 이렇게 웃으면서 사진 찍는 날이 오네요🤍🤍🤍🤍항상 재밌는 영상 감사하고 사랑해요 앞으로도 화이팅 1000만까지 가즈아ㅏㅏㅏㅏ😻😻😻😻✨✨🤍🤍👍👍
rajeev_fitness_co | 2024-05-31 | Congratulations 🎉
eun.ji_yun | 2024-05-31 | 축하해용❤️
spring_jihye | 2024-05-31 | 이사장님 자랑스럽습니다🩷💜💛
chojg7777 | 2024-05-31 | 👏👏🎉🎉축하해요!!~
_y.xxa.0 | 2024-05-31 | 이사장님 축하해요
song_sel19 | 2024-05-31 | 😍
zzanghyena | 2024-05-31 | 이사장님축하해요❤️❤️❤️❤️❤️❤️❤️
xx0r7r2lxx | 2024-05-31 | 축하드려요🥹💛💛
02_29ming | 2024-05-31 | ❤️
zenoworld | 2024-05-31 | 축하드립니당😁👍🎉🎉🎉🎉🎉
gimjinseon257 | 2024-05-31 | 채널 좋아해요♡♡♡
moonjunghyuns | 2024-05-31 | 👏👏👏👏
__dhruv__vasava__76w | 2024-05-31 | congretchulation🎉🎉
yj_sung_2789 | 2024-05-31 | 쩐다...
pm4m1 | 2024-05-31 | 축하해요 이사장님❤️ 앞으로도 지금처럼 재밌고 귀엽고 힐링되는 영상 마니마니 만들어주세용 ❤️❤️ 저 푸팟퐁커리 때부터 이사장님 팬이엇슴다...!
coffee_of_lamp | 2024-05-31 | 역시 이럴줄 알았답니다❤️😍❤️😍
flute8305 | 2024-05-31 | 축하드려요 ❤️
grim_b | 2024-05-31 | 멋있다..🔥🔥
chaeyoon.co.kr | 2024-05-31 | 👏👏👏
youtubekorea | 2024-05-31 | 이사장님 100만 구독자 달성 축하드려요👏👏👏❤️"
