작성일,좋아요 수,본문,해시태그,댓글 목록
2025-07-30,2198,(광고) 요즘 SNS에서 엄청 핫한 치킨!! (60계치킨 쯔란윙봉) 달달 짭짤 간장맛 베이스에 은은한 쯔란맛이 은근히 중독되는 치킨! 이국적인맛 좋아하시면 완전 추천👍 1일,"#60계치킨, #쯔란윙봉, #치킨추천","ye0n.x_1804 | 2025-07-30 | 와앙 두번째당 저거 마싯나여?
salma_moukrich | 2025-07-31 | 이 닭은 한국에서 유명해요.맛있어
gangseonhwa1943 | 2025-07-30 | 맛있겠어용👏👏
lrsmnywzkw | 2025-07-30 | إستمري حبيبتي يا أحلا وردة في العالم😭🌷💗💗💗
lrsmnywzkw | 2025-07-30 | إستمري حبيبتي يا أحلا وردة في العالم😭🌷💗💗💗
yulim225 | 2025-07-31 | 대박
erinleicsanchez | 2025-07-30 | wow 😮
na_y0ungj | 2025-07-30 | 우왕 첫댓글이당❤️
de.epthi1979 | 2025-07-30 | Wow look so good 😊
badgirl__2e | 2025-07-31 | ياخي كيوت
dkshdjdhshd | 2025-07-30 | 톡톡시아 무서운습간"
2025-07-29,7024,요아정 신상 그릭복숭아🍑 먹어보기! 2일,"#톡톡시아, #요아정, #그릭통통복숭아, #먹방, #mukbang","shutterchic_444 | 2025-07-29 | 😍
suska310 | 2025-07-30 | ❤️❤️❤️❤️
ttxorukii | 2025-07-29 | ❤️
suhye001 | 2025-07-30 | 저도 한입만 주세요
s.yuju__12 | 2025-07-29 | 8분전😮
skz_n_en.4life | 2025-07-29 | ❤️❤️
afnenhleyli | 2025-07-29 | 🥹🐳💗
eunsu4415 | 2025-07-31 | 시아야 언니 오늘 김밥먹어~~
siriteegenggie | 2025-07-29 | 🔥🔥
iskra1641 | 2025-07-29 | Why is everything you eat so crunchy
yulim225 | 2025-07-30 | Love ❤️
sol.7101 | 2025-07-29 | 맛있게 먹는 모습이 너무 예뻐용
gonghanbi77_kiki | 2025-07-30 | 안에 홀터넥 입은거에요?
army_77h | 2025-07-29 | Yummy 😋
joonghyuk_lim | 2025-07-30 | 딱복은 선넘었지.."
2025-07-25,9483,우유가 왕창 들어간 아이스크림!! 쫀득함이 진짜 젤라또 급ㄷㄷ(feat 이모지 먹방) 구매처 GS25 편의점 현재 2+1 행사 진행중 6일,"#광고, #서울우유, #서울우유아이스크림바, #편의점신상","woung_young01 | 2025-07-25 | 와, 저는 우지벡 사람이에요❤️🙌
yulim225 | 2025-07-25 | 서울우유 사랑❤️
j1svg.luv_ | 2025-07-25 | 너무 맛있어 보여요
seo_je_ra | 2025-07-25 | 언니가 원해요😢😢
hajar_55586 | 2025-07-25 | 🍓🥛🍫
alejandrad0202 | 2025-07-25 | ❤️❤️❤️
ttxorukii | 2025-07-25 | ❤️
nihao_sophie | 2025-07-25 | 조합이 더도 말고 덜도 말고 딱 좋아요
not_ur_2ban | 2025-07-25 | 헐마식겟뚜
haoxin_n | 2025-07-25 | Subtitles please 🥺
_zuubo_ | 2025-07-31 | She eats like they're not cold 😂 i thought it was just some dessert
ks._wok | 2025-07-26 | 아.. 저좀 자게 해주새요... 중독이 되..
toctocsia | 2025-07-25 | 서울우유 유료광고를 진행하며 무상으로 제공받은 제품을 활용하고 있습니다."
2025-07-24,8409,소금빵+티코 이게 유행이라구요??😭 1주,"#toctocsia, #톡톡시아, #소금빵, #소금빵티코, #먹스타그램","un._dn_x | 2025-07-24 | 언니 어떻게 항상 그렇기 좋응 아이디어로 촬영해요 정말 대단해요!
sia.kk0717 | 2025-07-25 | 언니 너무 잘 먹는다. 나도 먹고 싶어😢
8l8882025 | 2025-07-25 | ❤️❤️
muslima_0774 | 2025-07-24 | ❤️❤️
muslima_0774 | 2025-07-24 | 🔥🔥
suska310 | 2025-07-24 | ❤️❤️❤️❤️
win_kie129 | 2025-07-24 | ❤️❤️❤️
mah.di2025987 | 2025-07-25 | 😮
nandoong__ | 2025-07-24 | 톡톡시아님 영상에 저희 나와서 너무 놀라고 기쁘네욬ㅋㅋㅋㅋㅎㅎ🫶🥰💕
le.jwxdns | 2025-07-31 | 😍😍❤️😍❤️
giss.el958 | 2025-07-24 | ❤️❤️
eunsu4415 | 2025-07-25 | 시아야☺️ 언니는 좋은하루 보내고 있어^^
yulim225 | 2025-07-24 | 천재
lumiii_143 | 2025-07-24 | 제가 첫 번째예요!!
cbb_3313 | 2025-07-24 | 냠냠
lumiii_143 | 2025-07-24 | woaaaa ! 😮👏❤️
gim.yeah | 2025-07-24 | 맛있겠다...
dandelion4.3.7 | 2025-07-29 | ခေါင်းကဘာလို့စောင်းနေတာလဲမေးပေးဦး"
2025-07-23,7539,과일이 한가득 폭탄ㄷㄷ 레인보우 과일빙수!! 1주,"#toctocsia, #톡톡시아, #mukbang, #금커피별빙수, #레인보우과일빙수, #먹스타그램, #과일빙수","chaechae__89 | 2025-07-26 | ㅋㅋㅋㅋ맛있겠어욬ㅋㅋㅋㅋ 연유 뿌렸으니 팥도 넣으면...!!!
yulim225 | 2025-07-23 | 완전 내스타일이내요
un._dn_x | 2025-07-23 | 언니 오늘도 화이탕
ruyami98 | 2025-07-26 | 당신은 매우 아름답습니다❤️
songi5997 | 2025-07-23 | 맜있갰다 온니 존예 미춌엉 ❤️❤️❤️ 언니 화이팅팅팅
sa._nga9650 | 2025-07-23 | 맛있겟다 나두 먹고싶다 큐큐ㅠㅠ
win_kie129 | 2025-07-23 | 과일 스무디🍧
cvzipaq | 2025-07-23 | 😍❤️
cll_005 | 2025-07-23 | ♥️♥️
botchi_the_lock | 2025-07-24 | 이분 몇년만에 보는거지
seogaeun10 | 2025-07-24 | 언니 혹시 다음 영상에는 시원한 투게더에 약과 과자 먹방 올려주시면 안될까요 😍😍😍😍
soo.lee123 | 2025-07-23 | 어떻게 저렇게 먹는데 이렇게 말랐지 부럽다..
toprakelif172 | 2025-07-24 | This is called bici bici, a Turkish dessert.
cocoaa135 | 2025-07-23 | 3만원나가것네
hhhhhhyyyyyeee | 2025-07-24 | @ringg_0320
sa.rang8253 | 2025-07-24 | 맛있겠노❤️🔥😍
army_77h | 2025-07-23 | I think has crazy taste 👌❤️‍🔥💖
0wldb_ | 2025-07-24 | 사칭범이 있습니다ㅠ
__n_k_aa | 2025-07-23 | 頭キーーーンてならないの？"
2025-07-16,8826,요즘 편의점에서 파는 식감이 장난 아닌 아이스 파인애플...ㄷㄷ 2주,"#toctocsia, #톡톡시아, #mukbang, #먹방, #먹스타그램, #편의점신상, #gs25, #골든아이스파인애플","ttxorukii | 2025-07-19 | ❤️
a_nne0101 | 2025-07-24 | 日本人です！🇯🇵韓国大好き🇰🇷💕
win_kie129 | 2025-07-16 | Wow😮🔥
cll_005 | 2025-07-16 | ❤❤
seoeonanauhyeon | 2025-07-16 | 완전 맛있을거 같아요...ㅠ..
vv._.ely_do | 2025-07-23 | 이모는 이가 시려서 못먹는데😢 맛있게 먹는거 보니 너무 이쁘네요 ㅎㅎ
erinleicsanchez | 2025-07-16 | wow 😮
un._dn_x | 2025-07-16 | 언니 언재나 화이팅 포기하지 말아요!!!
kxull_mltyy | 2025-07-16 | 12 sec
doy00_n0107 | 2025-07-17 | 윤정윤이라고 하는사람이 불펌해요
mytjhg_89 | 2025-07-16 | Delicious food my love ❤️❤️❤️💘
unntye_021697 | 2025-07-16 | 일본인 여러분 이 아이스는 보통의 일본의 슈퍼라든지에도 팔고 있습니까?
dong._.ki | 2025-07-17 | @daaanny_kim
_memaselfni_ | 2025-07-17 | @toonz.1 ㅇㅠㅇ
kimhayoon711 | 2025-07-16 | 2빠 헤헤
celine_are_celina | 2025-07-27 | What is that?
varagudu33 | 2025-07-16 | 손가락 쫙핀거 귀요미 ㅋㅋ
zinebbensabri_20105 | 2025-07-22 | التلماط ياختي هاد الحس يدرب فالمخ 😑😓"
2025-07-11,7395,"(광고) 역대급 청량감!! 신메뉴 등장!! 텐퍼센트커피 신메뉴 이모지 먹방!! 텐퍼센트커피 수박주스 비치볼 세트 상품 안내! - 판매 기간 : 7월 7일 (월) ~ 소진 시까지 ※공식 앱 또는 매장에서 구매 가능! - 수박주스 3잔 + 버터밀크스콘 + 비치볼 - 수박주스 + 아이스 텀블러 + 비치볼 - 수박주스 + 장우산 + 비치볼 - 버터밀크스콘 : 기분 좋은 버터향이 입안 가득 퍼지는 디저트 - 아이스 텀블러 : 530ml 넉넉한 용량, 빨대가 포함돼 간편하고 이중 구조로 결로 현상이 없는 실용적인 아이스 텀블러! - 장우산 : 텐퍼센트커피만의 분위기를 담아 예쁘고 튼튼한 장우산 2주","#텐퍼센트커피, #수박주스, #포도퐁당에이드, #여름음료, #여름디저트, #이모지먹방","ttxorukii | 2025-07-11 | ❤️
un._dn_x | 2025-07-11 | 언니 학교 다니느라 힘드실텐대 참고 끝가지 하시는 모습이 너무멎져요
qorkdhs | 2025-07-11 | 🔥🔥
ynee.nii_211 | 2025-07-11 | Cute🔥❤️
qorkdhs | 2025-07-12 | 🔥🔥
gangseonhwa1943 | 2025-07-11 | ❤️❤️❤️나도 사먹어야징
win_kie129 | 2025-07-16 | 너무 마시고 싶어🧋
cll_005 | 2025-07-11 | شكد حلوه وحبابه ♥️🥹
alfiatudzahra04 | 2025-07-11 | Hallo 👋
blingcjh | 2025-07-12 | 비치볼~~
2ye.x_ | 2025-07-11 | 톡톡시아님! 저의 추억을 완성시켜주신 유튜버 셔서 너무 감사합니다! 오늘하루 화이팅하시고, 언제나 힘내시길 바랄게요!!
lalalama.49 | 2025-07-11 | لطيفة🥹💕
5aratovna_ | 2025-07-13 | Пикмии"
2025-07-10,2.8만,요아정 여름한정 수박화채 먹어보기!! hwachae mukbang!! 3주,"#toctocsia, #톡톡시아, #mukbang, #먹방, #먹스타그램, #요아정, #요아정수박화채, #수박화채, #화채, #요아정, #수박화채의정석, #여름디저트, #수박","un._dn_x | 2025-07-10 | 언니는 어떻게 먹으면 서 관리를 해요 ? 부러워요. 언니 앞으로도 화이팅!!!
atugarisan | 2025-07-10 | 깔끔하고 맛있게 먹는 톡톡시아님 ㅎㅎ 너무 귀여우심 ❤️
lyisntnjlana | 2025-07-17 | es buah
nnsaad_ | 2025-07-16 | Omg she's alr grown up girl. I know this acc since she was a child omg
omirzhankyz_ | 2025-07-10 | wow
qorkdhs | 2025-07-10 | 🔥🔥🔥🔥🔥
cll_005 | 2025-07-10 | ♥️♥️
dephy_tari | 2025-07-11 | Suka bnget lihat dia makan😍😍😂👏
ttxorukii | 2025-07-10 | ❤️
jeongisu15 | 2025-07-10 | 맛있겠다👏👏👏
krinssrrais | 2025-07-10 | Es campur ini mah
elis_guntari | 2025-07-10 | Es buah neng ini namanya
wangsi8782 | 2025-07-10 | 有點無助了主播我每次都看不懂你說什麼……我現在只是聽聲音，完全看不懂韓語……
yong43400 | 2025-07-11 | 잘보고갑니다😍😍😍😍
eunsu4415 | 2025-07-11 | 시아야~ 언니는 목요일에 언니 고등학교 지원실에서 동생들하고 친구들이랑 체험학습 다녀와서 방학은 7월17일이야^^☺️ 언니가 방학을 잘 못 알았네~~^^
gyul.min09 | 2025-07-10 | 오늘 야식 예약
rev2.100 | 2025-07-21 | سلطة فواكه الأغنياء
gigiay2 | 2025-07-10 | 총 3만원할듯
muknundana | 2025-07-10 | 오오 저도 먹고 오눌 영상 올렸는뎅❤️❤️❤️😍 멜론도 있었는데 같이 넣어 먹을걸ㅋㅋ 역시!
yongning.xu | 2025-07-10 | 8
gref8901 | 2025-07-10 | 톡톡시아님 저랑 1~2살 차이세요 !!!
opt0809 | 2025-07-11 | 언니 몇살아에요🔥🔥
saruul0902 | 2025-07-11 | 😍😍😍😍😍😍❤️❤️❤️
szsyxxn | 2025-07-11 | ❤️❤️
dasom.10.23 | 2025-07-12 | 총가격은?
k_an.y3 | 2025-07-13 | 원래 화채는 사이다만 들어가는데
ssjjsssjjssjjssjjssjsjssjsss | 2025-07-14 | 저거 얼마예요오
young__e.88 | 2025-07-15 | @qhfkssh 이거에요 이거
young__e.88 | 2025-07-15 | @l_ji_eun1031 이거요이거
mobinaa_f86 | 2025-07-17 | 맛있어 보여요😂
is.nnn_1 | 2025-07-17 | 😍
cellasayangtrejo | 2025-07-19 | anu itu ko yang wadah yogurt kok mirip yg di makan hyunsuk ya😭🙏
parkim2558 | 2025-07-20 | 내 남자친구😍
isomin343 | 2025-07-21 | 다른거 다 빼고 화채만 얼마에용??
match_latt23 | 2025-07-21 | your so pretty
gniaez | 2025-07-22 | Sop buah
saskia032 | 2025-07-22 | Ihhh es buah itu mahh😍"
2025-07-08,2.1만,이걸 이제야 먹어봅니다!! 초코퐁당 시리즈 먹방! 3주,"#toctocsia, #톡톡시아, #먹방, #mukbang, #초코퐁당요거꿀떡, #초코퐁당, #먹스타그램, #이모지먹방","babymonsterluvstar | 2025-07-09 | 언니 살 안쪄…? 운동 방법 좀 알려줘..
babyhippppo | 2025-07-08 | 저도한입만주세요
pm6.59 | 2025-07-09 | パリパリ音が最高に良い🩷美味しそう！
ynee.nii_211 | 2025-07-08 | 😍😍
i_so_cute._.8888 | 2025-07-08 | 😍😍😍
duck_23458 | 2025-07-09 | 어디에서 샀나요?
09.0930__ | 2025-07-11 | 3개중에뭐가제일맛잇나여ㅠㅠㅠ
k_minseo_0720 | 2025-07-08 | 언니 너무 소리 좋다ㅏㅏ💗
szsyxxn | 2025-07-10 | 우와 😍 😍
kau28144 | 2025-07-12 | 팔로우 해야지..
rahofa_r_r | 2025-07-10 | 먹는 모습까지 토끼랑 정말 닮았네요. 하하하. 콘텐츠 너무 좋아요. ❤️❤️
antoniodelucca79 | 2025-07-08 | 이 디저트가 너무 달지 않은가요? 아니면 제가 오해한 건가요?
seo_je_ra | 2025-07-08 | 조합이 매우 완벽합니다 👏🔥
adsyifafredelaraisa | 2025-07-08 | @nurulslsabla aku mauu😢😢
sokkomi | 2025-07-10 | @lee_play__ 나도 이거보고 알았징 !!!! 이 분소리 넘 좋지 않아?? ㅋㅋㅋㅋㅋㅋ 👏👏👏👏
_.xnaorr05 | 2025-07-16 | 어린아이인 것 같아요. 아주 어려 보이거든요.
tab.coooollll | 2025-07-08 | ❤️❤️❤️❤️❤️❤️
ryadkattaa | 2025-07-08 | The design is really great😮 specially the honey one 😋
eunsu4415 | 2025-07-08 | 시아야 언니는 수요일에 학교가고 목요일에는 고등학교 지원실에서 체험학습간 다을에 방학이야~~^^🤭🤭
1printprint1 | 2025-07-08 | Alexander 👸👸
ddggfnjhjkk | 2025-07-08 | ❤️❤️❤️❤️
seogaeun10 | 2025-07-09 | 언니 혹시 다음 영상에는 시원한 투게더에 약과 과자 먹방 올려주시면 안될까요 😍😍😍😍
seoeonanauhyeon | 2025-07-12 | 맛있겠다....
open_the_door_moon | 2025-07-13 | @moon__jjuu
yeseul_212 | 2025-07-17 | @nananasis_ 사줘
ssoyuni_love | 2025-07-22 | @kfc4330
ominji4517 | 2025-07-27 | 아 맛있겠누ㅜ
02__kkk | 2025-07-30 | @gyeong_ahh 요거
salma_moukrich | 2025-07-31 | 맛있어❤️
li_leegsu | 2025-07-31 | 와 소리가 좋네요"
2025-07-04,1.1만,(광고) 달콤왕가탕후루에서 이제 브륄레와 판나코타를 만날 수 있다고?? 왕가탕후루 홍대 1호점에서 먼저 리뉴얼 되어 브륄레와 판나코타를 만나보실 수 있습니다👍 신제품 브뤨레 15종 판나코타 15종과 함께 탕후루는 12종도 그대로 드실 수 있습니다😊 3주,"#왕가탕후루, #왕가브륄레, #크림브륄레, #브륄레, #신상디져트, #디저트, #판나코타","un._dn_x | 2025-07-04 | 언니 먹는모습을보면 제가 너무 행복해져요
_ja428.ne | 2025-07-10 | 진짜 개이뻐요
mahi._patell | 2025-07-04 | LOVE U QUEEN
cher1ne.7 | 2025-07-04 | ❤️
nhiy.en18 | 2025-07-06 | 👏👏🔥🔥
_nadichko_ | 2025-07-04 | Ymmm❤️
ash080200 | 2025-07-06 | 언니 오랜만에 댄스 챌린지 해줘!!ㅠ
yulim225 | 2025-07-04 | 정말요 시아언니은 뭐듣지 잘모어서 예쁘다
cxzue__ | 2025-07-04 | 얼마예욤?ㅇ
seo_je_ra | 2025-07-04 | 당신이 무엇을 먹는지 😢
parkim2558 | 2025-07-20 | 내 여자친구 너무 귀여워요.😂
so.ri4251 | 2025-07-07 | 想看泡面🍜测评
sieun4277 | 2025-07-04 | 아 마시겠다 소리 미쳤다❤️❤️
afnenhleyli | 2025-07-04 | كتكوته💗🥹
dan_zi_e | 2025-07-06 | @sohee.in_
ael.seong | 2025-07-04 | 저 브륄레 편의점 브륄레랑 닮았다
ndziraaa._ | 2025-07-05 | gihun daughter?
gangjueun38 | 2025-07-05 | 톡톡시아님 그 혹시 까르보에 모짜렐러치즈 뿌리고 꼬북칩 뿌셔서 먹어주시면 안됄까요? 꿀조합이에요😍
win_kie129 | 2025-07-16 | 아래에 있는 게 푸딩인가요?🍮
aussie._.gnab | 2025-07-06 | Lee know would love this😂"
2025-07-03,9.2만,잔망루피 아이스크림 케이크에 초코 뿌려 먹기!!😭baskinrobbins icecream cake! 4주,"#toctocsia, #톡톡시아, #mukbang, #먹방, #잔망루피케이크, #베스킨라빈스, #아이스크림케이크, #베라, #먹스타그램","un._dn_x | 2025-07-03 | 영상 하나하나가 다너무 좋아요!!!
kk1ng_kkaxg | 2025-07-09 | 이분은 뭘 먹든간에 쫀득해보임
ruxshona_artist | 2025-07-04 | So satisfying 😍❤️🔥
kimty1234567890 | 2025-07-03 | 우월한 사고
just.myaaaaaaa | 2025-07-03 | I'm the first
seueunga | 2025-07-04 | 소리 미쳤다! 저 매일 언니 영상 잘보고 있고 언니 팬이에용❤️❤️❤️
hermeskylent | 2025-07-03 | 맛있겠당ㅇ
2ye.x_ | 2025-07-11 | 와..톡톡시아 오랜만 내 추억 유튜버..❤️
nz_or1.i | 2025-07-04 | 저 두새요ㅠㅠㅠ
tyaraesmee77 | 2025-07-05 | 좋아 보인다 😍🫶🫶
baskinrobbins.jeungsan | 2025-07-05 | 완전 졸귀탱 존맛탱 캐이크 최고에요😍😍
liindaasong | 2025-07-28 | 맛있어요.😋
yugyung0504 | 2025-07-03 | 맛있겠당❤️
he.__.rin | 2025-07-13 | 이거 얼마에요?
6se.j0n | 2025-07-14 | 그냥 맛잏겄누
yerin2994 | 2025-07-03 | 음~할대 너무 귀여우심ㅋㅋ
born_siyoon4 | 2025-07-03 | 저도 먹고싶어유😢
just.myaaaaaaa | 2025-07-03 | Hiii
soyul_0317 | 2025-07-03 | 저거 혼자 다 먹는게 소원
rxl_0904 | 2025-07-03 | Firstt🔥🔥
_jinishka_shde_ | 2025-07-03 | choco shaay???
justaaumduhh | 2025-07-04 | i wanna try it so bad
itsdaizy_me0511 | 2025-07-03 | 5thh
rega_yeager | 2025-07-05 | hidung dan mulutnya😹
seohoo132 | 2025-07-03 | 아 마시겠따
nk_dini_2825 | 2025-07-03 | ❤️❤️❤️
cxzue__ | 2025-07-03 | 저 포크 주세욤ㅋㅋ..
isa_bellasilveira | 2025-07-04 | ❤️❤️❤️❤️
0wldb_ | 2025-07-04 | 시아님ㅁ!!
고등학교 3학년 마지막 시험을 끝내고 왔습니다..
제가 마라, 떡(쫄깃한것)들을 못 먹는데 혹시 로제마라샹궈 드셔줄 수 있으신가요??
평소에 영상 너무 잘 보고 있어요!!❤️❤️
qorkdhs | 2025-07-04 | 🔥🔥🔥🔥🔥
hly05_19 | 2025-07-04 | 나 포크 가지고 시펴여 !
gabrielle08p.arciaga | 2025-07-04 | Yunmy
rttydffr810 | 2025-07-04 | 3주답글 달기
번역 보기
kiwio_miso | 2025-07-04 | 나는 치아가 예민해서 아이스크림을 깨물 수 없어😔😔
ji_xyn09130 | 2025-07-04 | 저 포크라도 주세요 이쁜운니
kun.dakci.spike | 2025-07-05 | Düzgün yebaqq
maya_hesari | 2025-07-05 | how i can by it
icaeyul865 | 2025-07-05 | 대박
_mineok | 2025-07-05 | 얼마 인가요?
noa_privexe | 2025-07-06 | ❤️
avip2025 | 2025-07-06 | Is it America???
_.arixi | 2025-07-06 | Are your teeth okay girl?
n_ntrang | 2025-07-06 | Úng răng online luôn nè
ssoyul_2014ii | 2025-07-07 | 이시리겠다...
chira_rebeca_ | 2025-07-07 | 너무 맛있어 보여서 먹고 싶네요. 맛있게 드세요.😢
gweonhajun42 | 2025-07-07 | 어떡해 저걸한입에
enhypen_re_7 | 2025-07-08 | ⁨كولي بس لاتطلعين صوت تكفين⁩
t_ran_0891 | 2025-07-08 | I want a lesbian ice cream
heartylix_ | 2025-07-08 | 아 진짜, 좀 더 귀엽게 굴어!
mx.1n._ | 2025-07-08 | 제발 루피포크 저 주세욤ㅠㅜ 저 잃어버렸어용ㅠㅠ😢
olivia_0915_ | 2025-07-09 | I can feel the cold in my teeth
jaea_xiloc | 2025-07-09 | 얼굴도 너무 예뻐❤️❤️❤️
so_raq09i | 2025-07-09 | 너무 맛있고 예뻐서 먹고 싶어져요 😍💗
jih64493 | 2025-07-09 | 😍😍
eunice_0401 | 2025-07-10 | Does she even swallow...😂
aboutnoja | 2025-07-10 | @kl3p33_pe ngiler trus ana kalo nengo baskin robbins loopy nii
shiyi_ovoin | 2025-07-11 | 666
meguka_69 | 2025-07-11 | 이제 기분이 좋아 😭
gimsangyun986 | 2025-07-11 | 저 루피 포크 가지고 싶어요
shar_uum_4ever | 2025-07-11 | Omg hii I love ur videos since I was a kid
kohkai_qin | 2025-07-11 | @baskinrobbinskorea 😍
taichi_pkir | 2025-07-11 | 整形失敗顔やん
chaehyun_1144 | 2025-07-14 | 와 마시겠다
xw5303502 | 2025-07-14 | where to buy
yangyebin976 | 2025-07-15 | 저여저여 루피포크 가질레여
hougason0324 | 2025-07-16 | 팔 박았어요!
janghyobin639 | 2025-07-16 | 레인보우 샤베트 먹을때 입에 뭐 묻었는데 대게 귀여워요
had_queen14 | 2025-07-16 | Wow🔥🔥
shhd_694 | 2025-07-17 | اشتهيتتتتتت ابي
mobinaa_f86 | 2025-07-17 | 와, 훌륭하네요. 저도 한 번 시도해보고 싶어요.😢👏❤️
leehan0.428 | 2025-07-18 | 와우
leehan0.428 | 2025-07-18 | 맛있겠다 ㅠㅠㅠㅠ😢
liyou_zz | 2025-07-20 | 맛있다
_n.tthoung._ | 2025-07-23 | 🤤
annabelle__.444 | 2025-07-27 | Is this available is the US?
h3arts_4agn3s | 2025-07-27 | The chocolate frozed immediately after she drizzled itt❤️
misha._what | 2025-07-27 | I want it but it isn’t in India☹️
jugoceliajugo | 2025-07-28 | 좀 갖고 싶어
berryblastbinnie | 2025-07-30 | 🐹
yunseonghun1674 | 2025-07-30 | 포크가질래요"
2025-07-02,1.2만,"(광고) SNS 핫한 우유에 말아먹는 식빵 싸게 사는 방법!! 이마트 쿨 썸머 세일! 7월 고래잇 페스타 이벤트!! 행사 일정 : 7월 4일(금)~7월 6일(일) 우말빵 및 건강 요거트 hy대추 요거트,양배추 요거트 할인 및 다른 품목들도 화끈한 할인템들이 있다고 하니 꼭 방문해보자!! 🍞우말빵 4,980원 *행사카드 전액 결제 시 1천원 할인 🥛hy 대추/양배추 요거트(500ml) 4,980원(각) *2개 이상 구매 시 50% 할인 / 교차구매 가능 4주","#이마트, #고래잇페스타, #고래잇, #이마트세일, #이마트행사, #이마트전단지, #전단행사, #쿨썸머세일, #여름바캉스","se0yx_n.3 | 2025-07-02 | 헐 미쳤다 1분전!! 존맛탱이겠당😆
wisteria_flower_11 | 2025-07-02 | 美味しそう…🤤
そして、お肌綺麗すぎる…💓
shutterchic_444 | 2025-07-02 | 🔥
ynee.nii_211 | 2025-07-02 | 💗💗✨️🎁♥️
jumjumjunjun | 2025-07-02 | 아기한테 그렇게 먹여주는데
jeonsuyeon40 | 2025-07-11 | 목에 마이크 있는거 아니죠?
s_y.12007 | 2025-07-20 | 너무 맛있어보여요 🤤
joao.gabriel2953 | 2025-07-04 | ㅗ너ㅠㅠ튜뉴ㅓㅌㅍ너 😮나도 오늘만의
margari_789 | 2025-07-14 | That would look so good with almond milk
seo_je_ra | 2025-07-02 | 나는 원한다 😢
bagsihyeon3051 | 2025-07-17 | 가격이 얼마인가요?
_lyie.6 | 2025-07-04 | 나중에 OOTD 한번 찍어주세요ㅠㅠ
옷이 다 너무 이쁘네요 물론 시아님도 이쁘시지만🫣😛🫶
rxl_0904 | 2025-07-02 | Second 💗💗💗
sunny_noh | 2025-07-24 | @joseph__jang 나이 먹어보고시포
garam311 | 2025-07-03 | @choi__h.j
tab.coooollll | 2025-07-02 | ❤️❤️❤️❤️❤️
rk__sek | 2025-07-02 | Milk and tea are more delicious😋
veni_broo | 2025-07-02 | First❤️
hermeskylent | 2025-07-03 | 마사타ㅏㅏㅏㅏㅏ
eunsu4415 | 2025-07-03 | 시아야 우말빵 에 우유 맛있겠다😊 나도 좋아해^^🍞🥛 그리고 언니 선덕여고 지원실에서 오늘 마지막 시험쳤어^^
w0_zin8 | 2025-07-04 | 씨유에서 산빵은 역겹던데 저건 맛있나
ex.nz8_ | 2025-07-02 | 4
xenivn1 | 2025-07-02 | 저거 씨유에 파는데
b_bberi | 2025-07-02 | ㅜㅜ오느른 엄천 기여우세뇹😖🍞🍞🍞
kill238592 | 2025-07-10 | 어른인가?
always_quinza | 2025-07-03 | 초콜릿 우유를 사용해 보세요
always_nakyung1 | 2025-07-26 | 유행이 지나면 쉽게 구할 수 있는 법."
2025-06-30,2.6만,명랑핫도그 치즈폭탄 떡볶이 세트 먹방! 진짜 오랜만ㅠ 4주,"#toctocsia, #톡톡시아, #asmr, #먹스타그램, #먹방, #mukbang, #명랑핫도그, #럭키치즈떡볶이, #떡볶이","pv.vkhaohom | 2025-07-11 | 😍
juliafaradiba | 2025-07-18 | 매우 맛있어요
mariiam4632 | 2025-07-28 | 😍
muslima_0774 | 2025-06-30 | ❤️❤️
nguyenhaphuong2608 | 2025-07-12 | 😍😍😍
un._dn_x | 2025-06-30 | 언니 항상 언니 영상보고 제 인생이 살맛이나요 감사해요 앞으로도 화이팅!!!
muslima_0774 | 2025-06-30 | 🔥🔥
seo_je_ra | 2025-07-01 | 우와😍
nanehfarmahini9612 | 2025-07-02 | ❤️❤️👏👏
_lx.y6 | 2025-07-05 | 반팔티 어디껀가요??ㅠㅠㅠㅠ
영상 잘보고 있어요!!
wataame10965 | 2025-06-30 | 🙌
hermeskylent | 2025-06-30 | 진짜 마시타 🔥
skz_n_en.4life | 2025-07-28 | ❤️
atugarisan | 2025-07-04 | 소리 미쳤다...바삭바삭...
mali_m_b | 2025-07-20 | 언니 나도 먹고 싶어요 ㅋㅋㅋㅋ
muslima_0774 | 2025-06-30 | 😍😍
rafaela2016i | 2025-07-08 | ❤️❤️❤️👏👏
ms._.j09 | 2025-06-30 | 🤤
qorkdhs | 2025-06-30 | 🔥🔥🔥
gloomy.sunday.1 | 2025-07-22 | ❤️
juajua_rose | 2025-07-13 | 바샥바샥 미춌당.
ynee.nii_211 | 2025-06-30 | I love you❤️🔥
jungsungwoo248 | 2025-07-13 | 살 찌시나요?
dnz.md | 2025-07-01 | This is so gooddd 😍😍
hambori__ | 2025-07-09 | @nxsl.l4 명떡
leeyeseong_2013 | 2025-06-30 | 2빠다
hermeskylent | 2025-07-01 | 이 모든 것을 배달에서 주문하시나요?
eunsu4415 | 2025-07-03 | 시아야 나도 명랑핫도그랑 떡볶이 좋아해^^🥰
skz_n_en.4life | 2025-07-28 | I love your video so muchh
gfgfgfgfg555678 | 2025-06-30 | 겁나 예뻐요!!!!!!!
ryadkattaa | 2025-06-30 | The cheese 🔥🔥🤤😋
a_yesshhaa | 2025-06-30 | bagii gaa 🫴🫴
p0lllna | 2025-07-04 | oha amk aşırı büyümüş bu"
2025-06-27,6488,"(광고) 이것만 있으면 집에서 홈카페 탄산 음료 뚝딱!! (브레빌 인피즈 퓨전) *팝팝챌린지 참여 방법 ①브레빌 신제품 인피즈 퓨전으로 취향에 맞는 음료 제조! ②제조한 음료 시음과 함께 ""내 취향대로 더하는 톡 쏘는 즐거움! 브레빌 팝팝챌린지!"" 를 텍스트 OR 보이스로 언급 ③#브레빌 필수 해시태그와 함께 본인 SNS로 피드 혹은 릴스로 업로드하면 참여 완료! 참여 기간 : 7/1(화)~ 7/31(목), 추첨을 통해 브레빌 와플메이커 증정 4주","#인피즈, #팝팝챌린지, #브레빌, #인피즈, #팝팝챌린지","ttxorukii | 2025-07-10 | 👏😍😍
shutterchic_444 | 2025-06-27 | ❤️
viehereforyou | 2025-06-29 | Look a like lim seowon from unis 😍 so pretty
22_dsmber | 2025-06-27 | 확실히 좋아요😍😍
park_sieun12 | 2025-06-28 | 시험기간이라 바쁠탠데ㅠㅠ
soujuglass | 2025-07-02 | 😍 #소우주705 #솔잎스파클링 이랑 색깔이 비슷하네요. 😂
wanna_go_korea | 2025-07-27 | 매우 좋아요
banyasarang | 2025-06-27 | 써보고 싶다
gangdahyeon7400 | 2025-06-29 | 환타에 메론맛 있는데 그걸로 하면 더 간단할거 같아요ㅛ🙌
samir46290 | 2025-06-27 | Perfect 👌 😍
rm_vof | 2025-06-27 | 1빠!!!
kgr0328 | 2025-07-29 | 시원하겠다...
totoairi3700 | 2025-06-27 | 🫰🥰✨✨✨❣️❣️❣️
yulim225 | 2025-06-27 | 전 탄산 싫어해요
rm_vof | 2025-06-27 | 얼마에요?!?!
jyx120330 | 2025-07-31 | 매우 복원☺️
toctocsia | 2025-06-27 | 🍹🥤
hkdshgdi | 2025-07-31 | 그냥 마운틴듀하시지.."
2025-06-24,5.2만,오랜만에 공차 이모지 먹방!! Gong-cha emoji mukbang! 5주,"#먹방, #mukbang, #toctocsia, #톡톡시아, #공차, #공차신메뉴, #이모지먹방, #emojimukbang, #gongcha","nz_or1.i | 2025-06-29 | 이분 오랜만에 보는데 진짜 많이 크셧다..
ji_ye__12 | 2025-06-24 | 언니 진짜 넘 이쁘게 먹는거 진심 공듀 가타..❤️(고정 해줄수 있나욥..?)
llopss_a | 2025-06-24 | 나는 당신의 팬이에요 ❤️
ss90.10.29 | 2025-06-24 | 시아 근황이 궁금해요~ 학생이겠지만 주말엔 뭐하고 지내는지 아직 춤 연습도 하는지 ㅠㅠ❤️ 이따금씩 먹방만 올라오는거 같아서요 !🫶
un._dn_x | 2025-06-24 | 항상 좋은 영상 보여줘서 고마워요
_1yuya | 2025-06-30 | 台灣道地珍奶也很好喝哦🧋😋
afnenhleyli | 2025-06-24 | كيوتتتتييي 🥹💗🌷
qorkdhs | 2025-06-24 | 😢😢😢😢😢😢😍😍
alfiatudzahra04 | 2025-06-24 | 👋👋
tyaraesmee77 | 2025-07-05 | 망 고 🥭🫶
betty_tang1108 | 2025-06-24 | That is expensive in Korea but not in Taiwan
bbubin_mami | 2025-06-25 | 근데... 이모지먹방 뜻이 머에요....?!😅
_loovyl | 2025-06-26 | Y ur head is always so forward like ur stretching ur neck?
kkoharu.0112 | 2025-06-24 | 2コメ
sahiljan4181 | 2025-06-25 | ❤️❤️❤️❤️
zenab_zbn | 2025-06-25 | Your so cute😍
dora1_661 | 2025-06-25 | Büyümüş
amndrbby_ | 2025-06-25 | Gongchaaaaa❤️
life_with_selma._.skz143 | 2025-06-25 | ❤️❤️
rover_rovan | 2025-06-26 | 💐💐💐
sirifjriejdjj32 | 2025-06-26 | ❤️❤️❤️ 너무 예쁘세요
zahn.manu | 2025-06-26 | ❤️
ldu160418 | 2025-06-27 | 나 버블티 완전 좋아하는데…
thara_._0601 | 2025-06-27 | Do many video
imros.e01 | 2025-06-27 | She is a beer?😍🐻🐻🐻🐻
gangbbani | 2025-06-28 | 먹는소리 넘좋아서 미쳐버릴꺼같아용😍
rechalchettri_43 | 2025-06-28 | Her age
qwert234816 | 2025-06-29 | 맛있다
ghibli_milly | 2025-06-29 | Gnarly
mukbang_watching | 2025-07-01 | 와 맛잇겟당…
a7lini | 2025-07-04 | 어머!!😍😍
zuqw_me | 2025-07-08 | 🍓
vivi.sousa1728 | 2025-07-08 | ❤️
7fyyyyq | 2025-07-21 | 정말 귀엽고 우아하네요 😭💖💖💖💖
2942.zeynep | 2025-07-30 | Bu kızi sadece asa ve rukaya benzediğini düşünen tek ben miyim"
2025-06-20,4348,"(광고) 피자 한 조각에 새우가 두마리에ㄷㄷ 바삭한 포테이토 크런치 엣지는 덤!! (피자헛 신메뉴 더블쉬림프 크런치 피자) 피자헛 온라인 이벤트🎉 1. 6.10~6.30 핫딜 이벤트 : 신메뉴 피자 구매 시 콜라 무료 증정 2. 6.10~6.30 스탬프 이벤트 : 신메뉴 4종 (피자/ 사이드 3종) 모두 구매 시, 피자 무료 쿠폰 증정 5주","#피자헛, #피자헛신메뉴, #더블쉬림프크런치, #신메뉴추천, #피자맛집, #피자추천, #더블쉬림프크런치피자, #쉬림프피자, #피자헛, #pizzahut, #pizzahutkorea, #피자","he.__.rin | 2025-07-31 | 언니 입에 묻었어~ㅋㅋ😂
hyun_91_0104 | 2025-06-20 | 많이안짜고 맛있더라구요👏👏
qorkdhs | 2025-06-20 | 🔥🔥🔥
istora.oceaneyes | 2025-06-20 | Yummy 🤤😋
ocean.2509 | 2025-06-20 | 너무 맛있을 것 같아요!! 새우 안 좋아하는데 이간 너무 맛있을 것 같네요!!
eunsu4415 | 2025-07-01 | 시아야 나도 이 피자 먹어볼께~~^^🥰
neleyn_ | 2025-06-20 | your so pretty 🥹🥹🌸
jangjuyeon51 | 2025-06-21 | 진짜맛깔스럽게먹어 톡톡시아님 나완전팬됐어유😂
so.ri4251 | 2025-06-24 | 下次可以吃斑斓膏嘛☺️
wassila__a0 | 2025-06-20 | Italy noooo I'm suffering right noow😂😮😮😮
toctocsia | 2025-06-20 | 피자헛 온라인 이벤트🎉
1. 6.10~6.30 핫딜 이벤트 : 신메뉴 피자 구매 시 콜라 무료 증정
2. 6.10~6.30 스탬프 이벤트 : 신메뉴 4종 (피자/ 사이드 3종) 모두 구매 시, 피자 무료 쿠폰 증정
_9__4_ | 2025-06-30 | @__1993___a 이거"
2025-06-19,3.8만,한정선 과일 찹쌀떡! 과일 모찌! 이모지 먹방!! 6주,"#먹방, #toctocsia, #톡톡시아, #asmr, #먹스타그램, #이모지먹방, #한정선, #더현대","04._.heji | 2025-06-19 | 진짜 복스럽게 잘먹는다..이뿌다이뿌..ㅠㅠ
shutterchic_444 | 2025-06-19 | ❤️
hj_11_22 | 2025-06-19 | 우유 맛별로 먹어주세용❤️
eunjihu586 | 2025-06-19 | 너무 이쁘세요
bangjua419 | 2025-06-19 | 와! 언니 겁나 예쁜데 잘먹는거 보니까 귀여운거 나만 그런거 아니쥐?
sheeta1211 | 2025-06-20 | ❤️❤️❤️
vitelaruana0 | 2025-06-19 | I like you videosssssss 😍❤️
un._dn_x | 2025-06-19 | 항상 질보고 있어요 언제나 화이팅 하세요!!
_joyuni_ | 2025-06-19 | 다이소에서 구하기힘들다는 껍질째먹는 모찌도 먹어주세용😍
ji_ye__12 | 2025-06-19 | 허얼..언니 너무 마싯게 먹는답..
qorkdhs | 2025-06-19 | 😍😍😍😍😍
thisisamirxon | 2025-06-19 | So yummyy 😍
sieun4277 | 2025-06-19 | 너무 마싯겠다😍 언니 소리 미춌다❤️❤️❤️
hanjia927 | 2025-06-19 | 1빠??
dewwww_imuetss | 2025-06-19 | delicious👏
sbnazcial | 2025-06-23 | WE DON'T UNDERSTAND THE ENGLISH WRITE BELOW
0sxn_ux | 2025-06-20 | 🍰🍓
misheelbaasanbat08 | 2025-06-20 | ❤
ngc_7662_ | 2025-06-20 | 갈수록 예뻐지심... 🥹
_ahniehani | 2025-06-20 | In Indonesia is like Mochi
1_xjlim06 | 2025-06-21 | 그거 진심 맛있음..❤️
bajeqe_p | 2025-06-21 | 이상하게 이분버면 정이 감
botashkars | 2025-06-21 | Не включайте субтитры😂
bts_army_girl_9296 | 2025-06-23 | She's looking like kim saeron
hwanghyoyun8 | 2025-06-23 | 소리 겁나좋네
teletobies_family | 2025-06-23 | 한정선 곶감 모찌 맛있대요 곶감모찌도 해주세요
hx13_26 | 2025-06-23 | 나는 기여운@toctocsia모찌 먹어야겠다.
shh._.shh011 | 2025-06-25 | 피부가 정말 하얗네요
engn_be | 2025-06-25 | 마이크를 입에 넣는 거야?
marjona_pg_45 | 2025-06-30 | ❤️❤️
bor.rr | 2025-07-02 | M
bor.rr | 2025-07-02 | Nmj
bor.rr | 2025-07-02 | .
hswanyhnd | 2025-07-04 | 🔥🔥l love you❤️
eunsu4415 | 2025-07-10 | 시아야! 나는 오늘 언니 고등학교 지원실에서 친구들이랑 동생들하고 경주 보문에 체험학습 다녀온 다음에 나 학교 방학은 7월17일이야~~☺️☺️ 언니가 학교 방학 날짜를 잘 못 알았어 ㅎㅎ😅
bagseou967 | 2025-07-13 | 내가 본 사람이 어쩐지 익숙하더라...😍
nan._.piyathida | 2025-07-21 | 매우 맛있어 보이네요.😍
joowon0603 | 2025-07-24 | 귀신이세요? 얼굴이 개 하얀데
ariari130221 | 2025-07-26 | 맛있겠따,,(꿀꺽),,"
2025-06-15,2.8만,BHC 콰삭킹+뿌링 치즈볼+뿌링 치즈스틱+BHC 분모자 로제떡볶이 먹기! 6주,"#toctocsia, #톡톡시아, #BHC, #치즈볼, #뿌링치즈볼, #뿌링치즈스틱, #BHC로제분모자, #콰삭킹, #뿌링클, #mukbang, #먹방, #먹스타그램","yul_12177 | 2025-06-15 | 저거 진쫘 고소한데
ji_ye__12 | 2025-06-15 | 언니 먹는 모습 진시이임…여신 아닌가욥….😍
ya520515_1314 | 2025-06-15 | 今天頭髮很美🤩
mar_h_yan14 | 2025-06-15 | 😍😍
farnoush.nik8 | 2025-06-15 | 😍😍
sho_yuju | 2025-06-15 | 2빠다!! 너무 이뻐요🤍🤍
song3206661 | 2025-07-21 | 저거 나 맛있어서 두번 시켜먹음 ㅋㅋㅋㅋ
heh_tip | 2025-06-30 | 밥과 함께 드세요 🤩😮
___nextecaps | 2025-07-16 | 치킨은 손인데 ㅎ
misa82301 | 2025-06-16 | 美味しそう(´,,•﹃•,,｀)
rahee_0723 | 2025-06-21 | 와 맛있겠다 냄새가 난다
ive_eeeeeeee | 2025-06-15 | ❤️
lynna2_ | 2025-07-19 | @kughyun_
kimfyue | 2025-06-16 | 와...맛있어보여요!!
frmr03mdk27 | 2025-06-18 | この人の食べ方好き
1000_nc_dinos | 2025-06-15 | 23초전 ㄷㄷ
maybe.z0eyy._ | 2025-06-15 | 7😂
so__pre | 2025-06-15 | 뿌염하신건가요?아님 그냥 원래 머리색이 갈색이신가요??
stella_10273 | 2025-06-16 | 언니 먹방을 할때 언니가 시켜 먹는건가욥...????
rin_arina1410 | 2025-06-15 | Makan aja imut anjirr😍
icaeyul865 | 2025-06-18 | 배고파
s.yzox7 | 2025-06-16 | 치즈볼이 맛있어요 치즈스틱이 맛있어요?"
2025-06-12,1.7만,투썸 망고생!!!🥭와우!! Mango cake! 7주,"#toctocsia, #톡톡시아, #투썸, #망고생, #투썸케이크, #먹방, #mukbang, #fvp","guloss_61 | 2025-06-13 | 정말 맛있어요💗
seeun.uu | 2025-06-12 | 오아아ㅏㅇ 망고.. 맛있게어요..
1234.wontwothree | 2025-06-14 | 으아 어떡해 나 망고 못 먹는데 시아님이 먹으니까 머고 싶어졌어~!!!!!♡♡
jins_seoyeon0_0 | 2025-07-16 | 이언니 벌써 중3이라니ㅠㅠ😢
h_and_mh | 2025-06-12 | 요거요거 맛있습니다👏
jeongahyeon757 | 2025-06-14 | 맛있게드셔주셔서 잘보구 잇써여! 근데 항상 한쪽고개만 기울이고계셔서 걱뎡대용ㅜ
nurika.pg | 2025-06-12 | Ohhhh manguu❤️
ritaj_asmaa1 | 2025-06-12 | Wow your hair color is very beautiful and attractive😍
ji_ye__12 | 2025-06-12 | 우아…마싯껫다 언니 넘 예뿌용❤️❤️❤️❤️❤️❤️❤️
weonyongseon76 | 2025-06-28 | 망고 떨어졌다 ㅠㅠ 근데 맛있겠다 하
pink.zineb | 2025-06-21 | ❤️❤️
ohhana8050 | 2025-06-12 | 마시겠다...❤️
_jully._.s_ | 2025-06-12 | 1?!!?! 3!!
khadija.m.h.t | 2025-06-14 | Yummy ❤️
ryadkattaa | 2025-06-12 | The mango colour ❤️❤️
rahofa_r_r | 2025-06-20 | 너는 나를 배고프게 만든다 😭🫶
yein_.0809 | 2025-06-13 | 몇살이에요???
maybe.z0eyy._ | 2025-06-12 | 8
tyaraesmee77 | 2025-07-06 | 망 고 🫶🥭🥭🥭🥭
hatim_hajjami | 2025-07-16 | #^gjg huov"
2025-06-11,9326,(광고) CU 편의점에서 찾은 진짜 제대로 구현한 쫀득쿠키!! 7주,"#멜로누가, #쫀득쿠키, #편의점쫀득쿠키, #먹방, #먹방리뷰","shutterchic_444 | 2025-06-12 | 😍
kanae_korodihi | 2025-06-11 | 👏
a.yx_rin13 | 2025-06-23 | 이 맛있는걸...
mariano204 | 2025-06-11 | その少女は成長して、本当に美しいですね。👏❤️😍
linnnys_spam | 2025-06-11 | Omgg the crunch is givinggg❤️❤️❤️
173cm54kg265mm | 2025-06-13 | 와소리
04._.heji | 2025-06-14 | 사먹어볼까 고민했는데 이거보고 고민 안하고 샀어요ㅋㅌㅋ
s.hinhaeee | 2025-06-17 | 저거별론데..
ew_vinn | 2025-07-04 | 저거 먹지마세여ㅖ 걍 말랑카우임ㅠ
maybe.z0eyy._ | 2025-06-11 | Im fifth
ji_ye__12 | 2025-06-11 | 헐..13분전..!당장 사러 가야지!!!!언니 먹는모습 너뮤 이뻐요요용요용😍 😍😍❤️😍❤️😍❤️😍❤️😍😍❤️
sinhyeonju._.12 | 2025-06-11 | 넘 맛있겠댜ㅑ
chae_yang_ssi | 2025-06-11 | 오늘 당장 씨유갑니다
_bliss97_ | 2025-06-13 | @gotothehome_00
a.yx_rin13 | 2025-06-23 | 이걸 이제 알았다니
sinhyeonju._.12 | 2025-06-11 | 1
gyul.min09 | 2025-07-03 | 부자:오! 천원! 개싸다! 서민:와..천원... 개비싸네..
maybe.z0eyy._ | 2025-06-11 | 5"
2025-06-06,8428,다 먹어도 135칼로리!! 마라 제품!! 실화??(농심 누들핏 마라탄탄 출시!) 7주,"#광고, #농심, #인생을맛있게, #누들핏, #누들핏마라탄탄, #마라탄탄면, #nongshim, #신상, #비빔컵면, #noodlefitmalatantan","mimi__txt | 2025-07-08 | 😍😍
seo_je_ra | 2025-06-06 | 와아 😮❤️
parkyunji14 | 2025-06-07 | ❤️❤️❤️
kims.ewoo | 2025-06-10 | 먹고싶당❤️❤️
saud.acutie34 | 2025-06-06 | I also want to try unnie 😍
joyeji547 | 2025-06-07 | 넘 맛있을것 같아엽😍편의점으로 달려
skyva11ey | 2025-06-06 | ❤️❤️
tab.coooollll | 2025-06-06 | ❤️❤️❤️
kanae_korodihi | 2025-06-06 | Yummy 😍
eunsu4415 | 2025-06-08 | 시아야 마라탄탄 맛있겠네~~^^ 나도 누들핏 마라탄탄 샀어☺️
gurmi_house | 2025-06-07 | 맛있겠다..........
anyesol40 | 2025-06-08 | 저거 안맵고 달달하면서 맛있음 울편이점에 겁나 많더라..
nohyeonbin41 | 2025-06-07 | 헐 ㄷㄷ
chendaiqi9 | 2025-06-10 | I want to eat.😭😭😭
02_bunbun | 2025-06-07 | What’s the name of this ramen?"
2025-06-05,8.4만,까르보불닭! 치즈볼! 뿌링치즈볼ㅠ Cheeseball!! Carbobuldak!!! 8주,"#toctocsia, #톡톡시아, #먹방, #mukbang, #먹스타그램, #치즈볼, #뿌링치즈볼, #까르보불닭, #bhc","ihyeogjin55 | 2025-06-09 | 근데 톡톡시아 친구들도 톡톡시아 보면서 자란거아님?
04._.heji | 2025-06-05 | 진짜 이뿌게생겼는데 먹는것도 잘먹어서 진짜 엄마미소..
un._dn_x | 2025-06-05 | 머리 너무 잘어울려요!!!
h_m.x10 | 2025-06-05 | 저녁 뭐먹을지 고민중이였는데 시아님 영상보고 당장 사러갓어요ㅋㅋ진짜 보기만 해도 너무 맛있겠어요
bangseongran501 | 2025-06-08 | 진짜 이쁘게 크셨다..이분 어릴때 부터 팬이였긴했는데😢😢
c_hx.13 | 2025-06-06 | 저거 머리스타일 뭐로한거에요?ㅜㅜ너무 이뻐요🥹🥹😘😘
yx.l0es | 2025-06-05 | 언니 항상 맛있게 먹어줘서 고마워🩷
_.jjaejjae | 2025-06-05 | 맛있어 보여요
o9_ponsub | 2025-06-05 | 최고의 조합🥹🤤
8.___.kk | 2025-07-08 | 맛있겠다…..꿀꺽
shishawea2245 | 2025-06-05 | 😂💝
ha_eun_ann | 2025-07-01 | 언니너무예쁘고 진짜 맛있게잘먹네요
se0yx_n.3 | 2025-06-05 | 아니 진짜 미쳤는데!! 소리가 미쳤당
nopal_gok_gok | 2025-06-07 | Baru tau ig bisa lecepatan 2x
dolphin_rice_10123 | 2025-06-29 | 헐 너무 이쁘세여
rang9805 | 2025-06-06 | 귀여운 초딩 어디가구 이쁜 소녀가 되었네용 ♡
standsilver1 | 2025-06-12 | 머시셋ㄷㅅ더더더다ㅏ다다다닫
m1zoo_00 | 2025-07-28 | 아, 일본식 버릇이 너무 싫어요! 음식에 젓가락 꽂지 마세요!! 😭😭
positif._.aroua | 2025-06-07 | 그녀가 나와 함께 있다고 느끼는 건 나뿐인가, 아니면 모든 사람이 느끼는 것인가?
sanghun__07 | 2025-06-06 | 맛있게 먹어서 따라서 먹고 싶게 만드네 ㅠㅠ
max_kim0109 | 2025-07-13 | 아니 밤인데 야식 먹을까 말까 생각중이잖아요!
rosines_3 | 2025-06-05 | يلا خلص صايمه انا😭💔
at12.__ | 2025-07-03 | 톡톡시아인줄,,
nsh._.021 | 2025-06-07 | 몇살이세여?
jjeongyu4 | 2025-06-05 | 언니사랑해❤️
luvvwze_1 | 2025-06-05 | صايمه صايمه
_sxye0 | 2025-06-05 | 이 조합 만든사람 누구임??칭찬ㄴ
joyeji547 | 2025-06-05 | 저 까르보불닭 엄첨 조아하는데ㅜ 진짜 저보다 맛있게 드세여!
tl_dus3 | 2025-06-17 | @3dmdrk ㅈㅂ 13일에
im_king26184 | 2025-06-28 | 마이크가 입 안에 있나요.?
katienguyen1070 | 2025-06-05 | Watching her grow up is so cuttteeeee
taeseok.31 | 2025-07-22 | 벌써 시아를 언니라고 하는 시대가 왔다니...
_nantan._ | 2025-07-01 | 日本人横転コンプ
gyul.min09 | 2025-07-03 | 저기여.. 이거 보고 마시써보여서 사먹었는데 2kg 살쪘거등여??? 물어내세요^^!
nozhan_n06 | 2025-06-05 | How old are you girl?
if.parish | 2025-06-05 | @trdwc.th_ 😊
na_1xne | 2025-06-05 | 진짜 언니능 먹어도먹어도 살이안찌는이유가 머야..???나는 먹는데로 살찌는....ㅋㅋㅋ
kanae_korodihi | 2025-06-06 | Yummy 😋 😍
s.e.o.y.e.o.n.07 | 2025-06-06 | 송하예 닮음
jojobaby_love | 2025-06-06 | 와...점점 예뻐진다ㅠㅠ
park.seyoung12 | 2025-06-06 | 만
kimgeonwoo5 | 2025-06-07 | 더 예뻐지신것 같아요😍
angeonha61 | 2025-06-07 | 👏❤️❤️
sang09231 | 2025-06-09 | 👏👏👏
ahn_yujjn486 | 2025-06-09 | 옷 정보 좀여 ㅠㅠㅠ 언니 볼때마다 이뻐지냐구!!
innocentxdude | 2025-06-10 | she’s grownups
mr_myeong | 2025-06-10 | 톡톡시아님 톡톡시아님은 어떻게 그렇게 먹는데 살이 안찌나요 비법 알려주세요 흑흑
y.x_so12 | 2025-06-10 | 약간 한살차이 하루님 닮으심 ❤️
sj__hn | 2025-06-11 | 와 진짜 오랜만이다 옛날엔 그냥 완전 어렸는데
luv________8 | 2025-06-11 | 온닝 몇살이욤?
xyet.s13 | 2025-06-13 | 톡톡시아 이제 몇 살임?
hevx.dy | 2025-06-13 | 이게 10시에 뜨면 어쩌자는거지...?
77exsav | 2025-06-14 | 지금 몇살이세여?
jjw.682 | 2025-06-14 | 이건 인정이지~
h.o_wxm | 2025-06-15 | 머리 이뻐요
llamame_etin | 2025-06-15 | aku sndiri ya yg indo
se5_h.y | 2025-06-17 | 시아님이 이때 할때 어때라고 듣고
나 혼잣말로 맛있겠어.라고 말함ㅋㅋ
paniz.malek2693 | 2025-06-25 | 저는 이란에서 당신에게 메시지를 보냅니다. 정말 당신을 사랑합니다.❤️
jeongseoyun37 | 2025-06-27 | 진짜 맛있게 드신다 ㄷㄷ
jennfier_0897 | 2025-06-28 | 日本では食べ物に箸を刺してはいけないというのは本当ですか？
yuko.nagok | 2025-06-30 | 아 배고픈데 아 근데 12시 넘었는데 근데 배고픈데 근데 밤에 먹는건 에반데 어카지 배고픈데 에반데
gfgfgfgfg555678 | 2025-06-30 | 겁나 예뻐요!!!!!
ha_eun_ann | 2025-07-01 | ❤️
toshimuru | 2025-07-03 | 😋🤤
__9arye0n9_ | 2025-07-04 | 치즈볼만 어디에 파나요
yeon_15021 | 2025-07-05 | 이언니는 갈수록 이뻐져~><
jix.yul12 | 2025-07-07 | ❤️❤️
kongstar06 | 2025-07-08 | 진짜 이뿌노
jazzy_mochi | 2025-07-13 | The skin is so white!!!
lee_dong_gyu0920 | 2025-07-16 | 몇살이세요
5699.non | 2025-07-18 | 不細工
park_gnwwww | 2025-07-18 | 뭐지 전에 불펌 댓글많았는데.삭제됨?
dlvv.01 | 2025-07-21 | ㅇㅋ다이어트 낼부터
loehcnu2_ | 2025-07-23 | 😮😮😮
yyeo.njin | 2025-07-23 | 개이쁘다..이쁜데 먹방하니까 더 먹고싶잖아
reinnaswari | 2025-07-25 | You so cute😍
stellajiang1125 | 2025-07-29 | beautiful
kd75351863 | 2025-07-31 | 군침이 와.."
2025-06-02,1만,현재 틱톡에서 난리난 레몬무뼈닭발!! 8주,"#toctocsia, #톡톡시아, #먹방, #mukbang, #레몬무뼈닭발, #먹스타그램, #닭발","0_0seulbi | 2025-06-02 | 맛설명을 넘 잘해요
bagsihyeon3051 | 2025-07-17 | 넘 이뻐ㅇㅇㅇ
b_bberi | 2025-06-02 | 소리넘좋어요❤️
nyeeeeeeee | 2025-07-13 | ❤️
yezy1ka | 2025-07-09 | 량진희 레몬무뼈닭발 맛있어요!!!!
z3_qii | 2025-06-02 | 2 minutes
joyeji547 | 2025-06-02 | 3빠!!!!당 언니 너무 맛있게 드시는거 아니에염?😍
eowjd3019 | 2025-06-03 | 이건 어디 닭발인가요?
_lx.y6 | 2025-07-05 | 기본티 어디꺼예요??!!
caeyeon562 | 2025-06-02 | 2빠당 그나저나 넘 맜있게 드세요❤️
raming_kim | 2025-06-22 | @k_s_n_90_6 @santagoyo84 어떤데 도전해볼까 ㅋㅋㅋㅋ
eowjd3019 | 2025-06-03 | @jaeu207 이거 시켜 먹을까?
rladofks | 2025-07-04 | @bliss_somin_v ㅋㅋㅋㅋㅋㅋㅋㅋ하ㅋㅋㅋ언제오노ㅋㅋㅋ
1000_solmi | 2025-06-03 | @mywl123 이거먹어보고싶당
__jinajina_ | 2025-06-05 | @heobiii
m_s._.132 | 2025-06-04 | @charms_o3o
udaily_j | 2025-06-03 | @woojindl
0810.21gy | 2025-06-22 | 하..시아님점점이뻐지는거 나만 느끼노
nananadump4 | 2025-06-02 | Look so good ❤️🙌
raccooon3 | 2025-07-02 | 아니 어금니에 마이크 심으셨어요?씹는소리가 미쳤다
qkrwldbs.u | 2025-06-02 | 너무맛있게ㅅ어요
_lx.y6 | 2025-06-20 | 기본티 어디서 사셨어요오??ㅠ
huangruolan8 | 2025-06-05 | 중국의 음식.😍
hyo_miniverse | 2025-06-06 | 구매처 시급하다..❤️
_xjho7 | 2025-06-30 | 무뼈궁무닥빠"
2025-05-30,1.6만,구슬 아이스크림을 다 섞어 먹어보았더니..ㅠㅠ😭 8주,"#toctocsia, #톡톡시아, #먹방, #먹스타그램, #이모지먹방, #구슬아이스크림, #mukbang","doyoung4187 | 2025-05-31 | ❤❤❤️
karla_170136 | 2025-05-30 | 너 정말 예쁘네
nozimaa_2012 | 2025-05-31 | 👏
nozimaa_2012 | 2025-05-31 | 😍
nozimaa_2012 | 2025-05-31 | ❤️
nozimaa_2012 | 2025-05-31 | ❤️
nozimaa_2012 | 2025-05-31 | 😍😮
nozimaa_2012 | 2025-05-31 | ❤️
nozimaa_2012 | 2025-05-31 | 😍
nozimaa_2012 | 2025-05-31 | 👏
nozimaa_2012 | 2025-05-31 | 😮
donghyen1214 | 2025-05-31 | 저도 한입만 주..세여
nozimaa_2012 | 2025-05-31 | 🙌
tab.coooollll | 2025-05-30 | ❤️❤️❤️
nozimaa_2012 | 2025-05-31 | 👏
nozimaa_2012 | 2025-05-31 | 😮
nozimaa_2012 | 2025-05-31 | 🙌
kanae_korodihi | 2025-05-30 | Yummy 😋 😍
jsjdjjrkj | 2025-05-30 | ❤️
oeunseo367 | 2025-05-30 | 우와 맛있겠다
nozimaa_2012 | 2025-05-31 | 🔥
nozimaa_2012 | 2025-05-31 | 🔥
bekomothi1 | 2025-05-31 | 歯しみて死んじゃう
sabrina112011 | 2025-06-03 | 😍😍😍
somin_1016 | 2025-06-03 | 언니 배탈나
azadehg317 | 2025-06-04 | پشمام
azadehg317 | 2025-06-04 | فارسی نوشته
dasio0 | 2025-06-05 | 구슬은 그냥 먹어도..
hexnus15 | 2025-06-06 | 와 너무너무 예쁜다
calliesuijung | 2025-06-12 | 이렇게 해서 얇은 종이 를 깔고 초콜릿 만들 너 먹어 부세요
gimgeongug48 | 2025-06-19 | 시아님 몇살이세요? 넘 예쁘시고 먹는 소리도 좋고 목소리도 넘 좋아요!!❤️❤️
sua_official23 | 2025-06-21 | 이거 엄청 맛있어 보여요🥰💗
jangyunseo149 | 2025-06-22 | 어른이가 아닌데 그만큼 먹는 언니 클라스 사란하
mahliyo5542 | 2025-06-25 | 너무 예뻐요❤️
yeoja5078 | 2025-06-25 | 이분 중1인가? 중 2인가 그정도 에요? 너무 이쁘세욥..
vitelaruana0 | 2025-06-30 | 내 ㄴㅁ샨야ㅜㅎ❤️"
2025-05-28,1.3만,이제 한국에서도 이걸 사먹을 수 있다구요?? SNS에서 난리난 그 제품!! 아이스브륄레!! 이제 GS25에서 편하게 사먹을 수 있어 너무 좋아요!! 출시 하자마자 품절대란 난리ㅠ 이제 GS25에서 편하게 즐겨보자!! 수정됨 · 9주,"#광고, #로로멜로, #아이스브륄레, #크림브륄레, #GS25, #편의점신상, #편의점간식, #신상디저트, #편의점","natalialasernajordan | 2025-05-29 | Es España lo llamamos Crema Catala ❤️🇪🇸
jsjdjjrkj | 2025-05-28 | ❤️
haru__.0914 | 2025-05-28 | 音よすぎ❤️
z3_qii | 2025-05-28 | 6 minutes 😍
0923gim | 2025-07-14 | 언니 말차 맛도 나왔대에!!
yulim225 | 2025-05-29 | 짱맛이다
cx._.nny | 2025-05-28 | 하트 티라미수 시리즈 보고 싶어요!!😍
gon7354 | 2025-05-29 | 🔥🔥🔥🔥
tab.coooollll | 2025-05-28 | ❤️❤️❤️
a01097448933 | 2025-05-28 | 씨유에도있어요
yujin_0115 | 2025-05-30 | 너무 예뻐요! 언니
_yuiw2x | 2025-06-07 | 얼마인가요
thisisamirxon | 2025-06-20 | Yummy yummy 😍👏
jean________7 | 2025-05-28 | @95_jin_dye_yong 내가 말한거 이거야
yangdongjin | 2025-06-20 | @heesun_won 이거자낭??
yxn_1h21 | 2025-05-30 | 얼마에욘
zx.eun_s | 2025-06-13 | 헐..왼손 약지에 반지 모예영..
2014.yassi.a | 2025-05-29 | 안녕하세요 저는이란 인이고 한국에오고 싶습니다.이란이 선한 또는 한국이라고 생각하는 것은 무엇입니까? ❤️
wasabi_pp | 2025-06-04 | 저희 동네 많던데요
geunyangweondoeo | 2025-06-15 | 얼마임?
y.0xe13 | 2025-06-15 | 얼마에요?
ggyulin1001 | 2025-07-04 | 그거 일본에도 팔아요
h.o_wxm | 2025-06-15 | 요즘 편의점 미첬긴함
arifahdwi_06 | 2025-05-28 | 😍❤️❤️
subin__bini | 2025-06-05 | @tivmqls12
jumjumjunjun | 2025-05-28 | セブンイレブンにあったけど、韓国はGSにあるんですね！"
2025-05-26,1.1만,오랜만에 무뼈국물닭발ㅠ😭 9주,"#toctocsia, #톡톡시아, #mukbang, #먹방, #닭발, #무뼈국물닭발","sy_choe | 2025-05-26 | 어디 닭발일까요…?? ❤️❤️
owo_0147 | 2025-05-26 | ❤️
se0yx_n.3 | 2025-05-26 | 나도 오늘 닭발먹는데!! 진짜 맛있겠다😢
ijiu._.584 | 2025-06-24 | 와...닭발... 맛있겠돠...
haru__.0914 | 2025-05-26 | おいしそ！
iiiiiiiiiiiiiiing | 2025-05-26 | 허거덩넘배고프다
tab.coooollll | 2025-05-26 | ❤️❤️❤️❤️
f_________.imsa__ing | 2025-05-26 | 시아는 날이 갈수록 예뻐지네요~
seo.h_12y | 2025-05-27 | 와, 너무 맛있어보여요ㅠㅠ❤️꼭 먹어보고 싶따ㅠ
joyeji547 | 2025-05-30 | 와우 소리 너무 좋고👏
tjcw_4u | 2025-05-26 | 🤤❤️
arna7015 | 2025-06-14 | ❤️❤️
ricardooliverff | 2025-05-27 | Tteokbokki é bom também 😋
nzymoona_ | 2025-05-26 | Mbak apapun yang kamu makan keliatannya enak 😌💗
akdjdj15 | 2025-05-26 | 닭발❤️❤️❤️❤️❤️❤️
xhuj_391 | 2025-05-28 | 마이크 뭐에요?소리가 넘 좋다
jj.mmik | 2025-05-28 | 궁금한데 시아님 집인가여?아님 세트장 인가여
kanae_korodihi | 2025-05-26 | Tasty 😍
isoyul1373 | 2025-05-26 | 언니 몇살 이예요?
neko_yeeun | 2025-05-26 | 다음은 저당 요아정!!!
ramunja.namunja | 2025-05-27 | 이지민 뒷고기에서 이모가 3인분식키고 근수부족!미수건있씀.시내 생활동생하고 자리했다.사업자 간이과세자 지출증빙으로 끈었다.
h.x_zn | 2025-06-06 | 역시 먹방의 근본은 톡톡시아 언니!!!❤️
sua_12nnn | 2025-05-28 | 이....이 새벽에....나의 입맛을....
l_e_y_16 | 2025-06-01 | 딱보니 윤이불닭발 ❤️
kimhaaarin | 2025-05-26 | 17분전!!!!!"
2025-05-22,7797,"(광고) 와!! 스키틀즈가 젤리를 만들었다구요??😭 스키틀즈 젤리가 출시됐어요! 스키틀즈 젤리 후르츠 믹스, 스키틀즈 젤리 후르츠 요거트향! 부드럽고 말랑 쫀득한 식감이라 남녀노소 누구나 맛있게 먹을 수 있는 젤리!! 입 안 가득! 과즙이 톡톡 터지는 5가지 과일맛 골라먹는 재미 UP!! 언제 어디서나 스키틀즈 젤리로 배고플 때, 수다 떨 때도 간편하고 재미있게 냠! 쿠팡에서 할인 특가 진행중이니 지금 바로 쿠팡에서 만나보세요! 10주","#광고, #스키틀즈, #스키틀즈젤리, #레인보우스키틀즈, #말랑쫀득스키틀즈, #젤리신상, #편의점신상, #편의점간식, #스키틀즈신제품, #스키틀즈젤리후르츠믹스, #스키틀즈젤리후르츠요거트향, #먹방, #mukbang","doyoung4187 | 2025-05-22 | ❤️
jo_yuris_left_toe | 2025-05-24 | 나는 당신의 가장 큰 팬이에요
owo_0147 | 2025-05-22 | 雖然我聽不太懂，但還是聽的很開心
11_one_stop11 | 2025-06-01 | 점점 예뻐진다...❤️
qorkdhs | 2025-05-22 | 😍😮😍😍😍😍😍
vitelaruana0 | 2025-05-24 | You are so cute ❤️❤️🥹🥹 i love you
kanae_korodihi | 2025-05-22 | Yummy 😋 😍
xxoi_825 | 2025-05-22 | 외국에는 이미 있는데
tab.coooollll | 2025-05-22 | ❤️❤️❤️
ciaoen0406 | 2025-06-13 | 听不懂思密达
khaerunnisarosid_ | 2025-05-26 | Kenapa sih dia kalo ngomong kepala nya suka miring ke kiri😮😂
elena_130912 | 2025-05-29 | 당장 사러 가야지"
2025-05-20,14.2만,베라 아이스크림 케이크!! (골라먹는 27큐브) Baskin robbins icecream cake!! 10주,"#toctocsia, #톡톡시아, #먹스타그램, #mukbang, #먹방, #베스킨라빈스, #골라먹는27큐브, #아이스크림케이크, #반짝이는잔망루피케이크, #baskinrobins","amna.alisheikh1 | 2025-07-08 | 😍
hee013000 | 2025-05-24 | 진짜로 꾸덕거리는소리 미춋어❤️❤️❤️
doyoung4187 | 2025-05-20 | ❤️❤️❤️
owo_0147 | 2025-05-20 | 看起來有夠好吃的
yxzu0_14 | 2025-05-21 | 아 저도 먹고싶은데.. 엄마가 안먹는 맛 있다고 먹지 말래여ㅠㅠ 그대신 시아언니 영상보고 즐기기❤️
vvw.nd | 2025-05-20 | ❤️
guloss_61 | 2025-05-31 | 정말 아름다워요😻💗
gimgeongug48 | 2025-06-12 | 톡톡시아 님 몇살이세요? 진짜 넘 예쁘시고 먹는소리도 참 좋네요!
imluv_annie | 2025-05-20 | ❤️
viviango6287 | 2025-06-07 | 너무 맛있어 보여요!!!!🔥
go_ga_bin | 2025-05-20 | 빨리왔당!
jeonggyumin29 | 2025-05-20 | 이거 아이스크링월래 있었는데 질리지가 않음 계속 먹고 싶음 근데 비싸서 못먹어ㅠㅠ🙌
nozhan_n06 | 2025-05-20 | Its a ice cream?
t58m_1 | 2025-05-20 | I love your videos❤️
c_eun_c | 2025-05-27 | @o._.sung_ 진짜 혼자 다먹을수있는데😂
gmoyy31_ | 2025-05-20 | Nda ngilu kah itu gigi ? 😮
ptk_jazmin | 2025-07-10 | Omg you are So cutee😍😍🔥🔥❤️❤️
mango48252 | 2025-05-20 | 맛있겠다ㅜㅜ❤️
mayu0._.0s2 | 2025-05-20 | これってアイス🍨？
user1234sym | 2025-07-25 | Ts pmo
alghweilmira | 2025-07-29 | Hfh
ilkecks | 2025-05-27 | besar dah engko ye
sumppi_in_the_spotlight | 2025-07-30 | Is that ice cream cake
b_bberi | 2025-05-20 | 너무에뻐요
ilx_3_nae | 2025-05-20 | كيوت😭🤏🏻🎀
c.c.yat1 | 2025-06-20 | @genie.627 我要吃
togame_article17 | 2025-07-30 | Where I can buy it in uk?😮
one.zn | 2025-07-12 | سدي فمك وكولي فرعتي ليا راسي
noerhaeni6 | 2025-05-20 | Pasti mehong ini
r.chi.x_x | 2025-05-20 | もぉ好きって
mar_h_yan14 | 2025-05-20 | 🤍🤍🤍
seol_ji_ | 2025-05-20 | 점점 이뻐짐
azamovaa_0209 | 2025-05-21 | ❤️❤️
lessera_mile23 | 2025-05-21 | I love this Korean girl💗
i_i_jake.s | 2025-05-21 | kok ngga ngilu😭
ekfrlskdbf | 2025-05-21 | 언니 너무 예뻐졌어요!!
miang_dk | 2025-05-21 | この台も食べれるのがいい所🎶
kanae_korodihi | 2025-05-22 | Yummy 😋 😍
nelufar_2013 | 2025-05-22 | ❤️❤️
inn_fo | 2025-05-22 | @baskinrobbinsmalaysia takde macam ni ke ?
nn_tk.0714 | 2025-05-22 | どれが1番美味しかったですか(,,•﹏•,,)
kaneke.moooon | 2025-05-22 | すごいアイスだ笑
tab.coooollll | 2025-05-22 | ❤️❤️
cxll.me8465 | 2025-05-23 | tasty 🐙
nicole_nw_918 | 2025-05-24 | ❤️
naratam2009 | 2025-05-24 | ❤️❤️
gwonryeowon | 2025-05-24 | 배탈나지 않게 조심조심.🙌👏👏
julia_ribeiro3726 | 2025-05-25 | Ela cresceu tanto...
ku.ki8648 | 2025-05-25 | 맛있겠다
maple.2012k | 2025-05-25 | 日本でも買えるのかな
mlk_abrb | 2025-05-25 | تمهاااا😭😭😭
ademalxl | 2025-05-26 | 😍😍
lsh97459745 | 2025-05-28 | 저 4년 전에 먹어본것같은데
divaaa.mpp | 2025-05-30 | Ice or cake?
mio_3xj2 | 2025-05-30 | 😂😂
happy_soyang15 | 2025-06-01 | 이거 아이스크림 사면 루피 무료로 주는거에요??
karinebouclierdes | 2025-06-02 | Ce bruit est insupportable
winnlori | 2025-06-02 | Is this in America too? I hope because this is incredible
danielafernandavazquezmoren | 2025-06-02 | 정말 맛있는 디저트예요! 😍😍😍❤️
angph33 | 2025-06-02 | Bả này nhìn cách ăn điệu dữ vậy :))
michchey | 2025-06-03 | up until the eating sounds....
sugdajie.francis | 2025-06-03 | YUM yum yum.
gigi.gomez.104418 | 2025-06-03 | Wow that’s Basking Robbin’s? Is that available here in the US?
sabinaariunbold | 2025-06-04 | Hi it's ice cream kk❤👸
seogaeun10 | 2025-06-05 | 다음영상에는 투게더에 약과 과자 먹방 올려주세요 😢😢😢😢
asia_ecas.2018 | 2025-06-05 | 😍
yuna.9518 | 2025-06-06 | 美味しそう
hi_eung_ | 2025-06-07 | 배라인이지만.. 먹고싶넹... 근무하다가 결제하겠어요..
bbeuddiieon | 2025-06-07 | 이거우리엄마가사오다가 떠러트림
bbeuddiieon | 2025-06-07 | ㅋㅋㅋㅋ
zenggangfeiqiu | 2025-06-08 | なぜ太らない？
imounteverestt | 2025-06-08 | .
nafas_vx7 | 2025-06-09 | 😢😢😢
_pxmix08 | 2025-06-09 | รู้สึกเย็นฟันอัตโนมัติ
pye6548 | 2025-06-10 | 나 어제 이거 먹었는데.?
kaeyyle | 2025-06-10 | @sryywhyy ayo beli
michifan37 | 2025-06-11 | 口開けて食べないで
elsa31775 | 2025-06-12 | ❤️
333.miah_ | 2025-06-12 | Do they have it anywhere in USA
_e1i.na_12 | 2025-06-13 | 너 때문에 너무 화나고 짜증나.
cookiecookiejay | 2025-06-13 | 😋
sharshenovass_3 | 2025-06-13 | 멍청아, 그만 씹어.
shohjajoni77 | 2025-06-13 | 😍
newjeans_lvr | 2025-06-13 | 우와
cc_zmang | 2025-06-13 | เขากินยังไงก็ไม่อ้วนกูที่พยามหาทางลดน้ำหนัก
amberrr343 | 2025-06-13 | 新的耶
cthuong.65 | 2025-06-13 | Bn
kenny_fung3 | 2025-06-14 | This looks like chocolate.😍
zlx_xn16 | 2025-06-14 | 😮
tiencat691 | 2025-06-14 | Em à chị
soozukiimn | 2025-06-15 | So cuteeeee❤️💘
marcelagrazielly39 | 2025-06-15 | 다음엔 입 다물고 먹어! 너무 괴로웠어..
elisa.kml94 | 2025-06-16 | درد
cl0udsighs | 2025-06-17 | How they deliver so secure?
14sooyeon | 2025-06-18 | 난 저거 먹은지 오래
yuna.9518 | 2025-06-18 | 美味しい？
elifnisagulen | 2025-06-18 | ŞAPIRDATMA
oreo__xu | 2025-06-21 | Il y en a en France?😢
ha_ky.un9_ | 2025-06-22 | 시아언니능 쫀득좌얌
bellamoonchild | 2025-06-22 | I want it so much😂"
2025-05-17,1.3만,(광고) 저속노화 교수님께서도 드신다는 찐저당 아이스크림 이모지 먹방!! 저속노화로 유명하신 교수님께서 매일 먹어도 된다고 하신 라라스윗 아이스크림! 이번 편의점에서 1+1 이벤트 하고 있으니 꼭 사먹어보자! 제로바 / 요거트바/ 메론바 다 먹어봤는데 그중 깔끔하고 프레쉬한 제로바가 이번 여름에 가장 어울릴것 같은 내취향 10주,"#제로바, #요거트바, #딸기요거트바, #복숭아요거트바, #메론바, #라라스윗, #저속노화, #저당간식, #다이어트간식, #저당, #저칼로리, #편의점신상, #편의점디저트, #신상디저트, #CU신상, #GS25신상","muslima_0774 | 2025-05-17 | ❤️❤️
roeun__cayli._x.1 | 2025-05-17 | 😍😍
muslima_0774 | 2025-05-17 | 😍😍
tlh_0924 | 2025-05-17 | 😍😍😍
tsoydari_ | 2025-05-17 | 아주 맛있어 보여요ㅛㅛ!!😍😍
wwigan.12 | 2025-05-19 | ❤️
hx.y82n | 2025-07-10 | 딸기는 진짜 맛있음!!!!!!
mukbang_archiver | 2025-05-18 | 아디다스져지 완전 잘어울리는듯👏👏❤️
jo_yuris_left_toe | 2025-05-17 | 음식이 너무 맛있어 보여요
akowpq.sv | 2025-05-17 | ❤️❤️
viviango6287 | 2025-06-08 | 저당 인데 너무 맛있어보이고. 저도 먹고 싶네요🔥❤️
jsjdjjrkj | 2025-05-17 | ❤️
xu_angela618 | 2025-05-28 | ❤️
qorkdhs | 2025-05-18 | ❤️❤️❤️❤️❤️❤️
lovely___jyn | 2025-07-14 | 어디에 팔아요?
anchluhvs | 2025-05-27 | 너의 영상을 오랫동안 봤는데 네가 먹는 음식이 너무 맛있어서 입안에 침이 고인다. 너무 맛있어 보여. 제발
khodeparniyaaa | 2025-06-01 | ❤️
jo_yuris_left_toe | 2025-05-17 | 이거 어디서 사나요
tlh_0924 | 2025-05-17 | Waa
kanae_korodihi | 2025-05-17 | Pure food bliss 😋 😍
xc_b70 | 2025-06-21 | 저당 메로나 제가 입원 해있을때 매점에서 사먹었던건데 맛있더라구요..
caesar_intp | 2025-06-09 | My teeth hurt 😭😭😭❗
nimgnoejohc | 2025-06-22 | @wogi_nom 사줭
redlong_funny | 2025-05-17 | 👍🏻👍🏻👍🏻👍🏻👍🏻👍🏻👍🏻👍🏻👍🏻
momlingfa | 2025-05-26 | You look like kim saeron"
2025-05-15,1.2만,비싼 아이스크림 기계로 만들면 요아정 맛이 날까??🤔 의상 협찬 @vlvd_official 수정됨 · 11주,"#toctocsia, #톡톡시아, #요아정, #요아정레시피, #닌자크리미, #먹방, #mukbang","jsjdjjrkj | 2025-05-15 | ❤️
sinseoyul123 | 2025-05-30 | ❤️❤️❤️❤️❤️❤️❤️❤️😢먹고싶어 ㅠㅠ
seo_je_ra | 2025-05-16 | 매우 맛있어 보입니다
ahyeon.rhee | 2025-06-07 | 나도 줘~👏
se_yoxl | 2025-06-03 | 기계가 얼마죠?
market_pocket | 2025-06-12 | 😮
qorkdhs | 2025-05-15 | 와 👍
seo.h_12y | 2025-05-15 | 우와, 언니 진짜 신기해욤!
kanae_korodihi | 2025-05-15 | Yummy 😋 😍
gimgoeun5508 | 2025-05-16 | 언니 살좀쪄!!
syifa__liaa | 2025-06-11 | Aku nyasar
arifahdwi_06 | 2025-05-15 | ❤️😍
oni_yomi_ | 2025-06-04 | @rabbit_yudam 도전?!"
2025-05-12,23.8만,요즘 엄청 유행하는 루피 아이스크림!! 베라 반짝이는 잔망루피 케이크! baskinrobbins cake! 11주,"#toctocsia, #톡톡시아, #먹스타그램, #baskinrobbinscake, #먹방, #mukbang, #반짝이는잔망루피","sweetbella4u | 2025-05-12 | It's chewing before she even chews
djalilova_afruza_art | 2025-05-23 | 아이스크림 🍨😋
febytalithaa | 2025-05-13 | Gigi lu ga ngilu mba 😭
manusiasihygpastinya | 2025-05-12 | what is it? ice cream?
iixw__3 | 2025-05-13 | 😅😅م عندك اسنان؟
pjh891229 | 2025-05-26 | 젊어서 그러신가 이 시려워하지 않으시네용👏👏
mar_h_yan14 | 2025-05-12 | Cute!!!<3😍
en_kia.7 | 2025-05-18 | 우와😍😍
fuwafuwamoa | 2025-05-12 | 日本の食べ物を食べて欲しいです！💕
cami.la_0055 | 2025-07-09 | 너무나 아름다워요!!
ysvachx | 2025-05-12 | 2분전 완전 빨리 왓드
songina8840 | 2025-06-01 | 잔망루피 포크 넘 귀엽다❤️❤️
h_m.x10 | 2025-05-12 | 쫀득쫀득하니 너무 맛있을거 같아요❤️
k__n.0507 | 2025-05-17 | なんでそんなにもちゃもちゃ音が鳴るの？
ahyun9600 | 2025-07-14 | 언니 진짜 너무 예뻐요!!
aib_chishiyafan | 2025-07-21 | 어디서 났어?
oio4217 | 2025-05-12 | 日本にないと思うから食べてみたい
syhrhghina | 2025-05-19 | Makin cantik aja ni anak
_my_life_5775 | 2025-05-27 | Its ice cream?
venus.wang.737 | 2025-05-14 | @zoe09_06 喜歡Loopy嗎？
hhhhhhh071999 | 2025-05-13 | 이분은 얼마 버셨을까?
hyeonsiyun7 | 2025-05-13 | 저 별은 아이스크림이에여?
darcoong_stagram | 2025-07-13 | 이거 베라에 있는데
eunice_0401 | 2025-07-03 | Why is it chewy?
_masha_sobirova | 2025-07-06 | Mandu 🥟
tuba_7_7_7 | 2025-05-12 | Saçları çok güzel saç renginin numarası ne bilen varmı 🥲
heather_sadver | 2025-05-13 | Looks like Asa
y0le.e | 2025-06-03 | 저거 어캐 씹어먹어요 전 이시려워서 못 먹는디
misheel_0919 | 2025-06-10 | Where is the address?
owo49765 | 2025-05-12 | Is that yoghurts ？
frinka_uia | 2025-05-13 | Cake or ice cream?
za4aa.___ | 2025-07-19 | @qwerr.tyy2 jadii keinget yg sendoknya dimakan sejari'nya😭
ahyeon_drip | 2025-07-20 | Is like Asmr 😍
eisa0522 | 2025-05-13 | 얼음인가요?
zhraafqhx_ | 2025-07-27 | Where she put the microphone😭????
mariam_shaikh_4 | 2025-07-22 | Girl , are ur teeths made of steel? If I have bitten ice cream like that I would have died of brain freeze
l_8qoog | 2025-05-13 | اسناني 😬😬😬
_masha_sobirova | 2025-07-06 | She is look like a mandu 🥟
o0v0o_27 | 2025-05-13 | 부럽다....😢
owo_0147 | 2025-05-12 | Cute!!!!!!
flower_smlle | 2025-05-12 | 찐 맛있겠당
pandeyhulsi | 2025-05-18 | How can you bite its like normal eating food 🥶🥶
siriuska__ | 2025-05-18 | @marl_eess 😋
kanae_korodihi | 2025-05-13 | 😍
gmm9p00 | 2025-05-13 | 😋"
2025-05-09,7005,요즘 전세계 난리난 그 과자! 동생 메론킥 출시!!🍈 진하고 달콤한 메론향에 크리미하고 바삭한 식감이라 우유에도 너무나 잘 어울렸던 메론킥! 바나나킥 동생 완전 인정합니다!! 11주,"#광고, #농심, #인생을맛있게, #메론킥, #바나나킥, #스낵신상","khadija_2011_kha | 2025-05-09 | 🔥❤️❤️
eatswithmarisa | 2025-05-09 | Oooh I hope to find the melon one in Hawaii! I recently tried the banana and it's so good 😋
kanae_korodihi | 2025-05-10 | Yummy 😋 😍
5b_visits_whatttttt | 2025-05-11 | 옛날에 귀여우셨던 분이 이젠 완전 어른 다 됐네요😮
qorkdhs | 2025-05-09 | 🔥🔥🔥🔥
shiwly_islam_shanta | 2025-05-09 | Oaaaa👍🏻
gimgoeun5508 | 2025-05-10 | 너무이뻐요 언니 그리고 언닌 먹는데 살아안찌네요... ㅠㅠ 부러워요
ijiu._.584 | 2025-05-23 | 와 말먹 대박..
_1234je | 2025-05-12 | 메론킥 소리 미쳤당....
seng_infp | 2025-05-10 | 시아님 생일축하해요"
2025-05-08,1.5만,치밥의 왕!!! 👍 (feat 처갓집 순살 슈프림 양념치킨) 의상협찬 @vlvd_official 수정됨 · 12주,"#톡톡시아, #toctocsia, #먹방, #mukbang, #먹스타그램, #처갓집양념치킨","maybe.z0eyy._ | 2025-05-08 | ❤️
berryberrystrawstarberry | 2025-08-01 | 마싯겟가
_shamsiddinov_67_63 | 2025-05-09 | 😂😂😂
dayu_rara_prawira | 2025-05-24 | ❤️❤️❤️
iamstar_1ch1g0 | 2025-05-09 | 지금 보니까 예온느낌남
ijiu._.584 | 2025-05-23 | 맛있겠다...
mar_h_yan14 | 2025-05-12 | <3😍
jo_yuris_left_toe | 2025-05-09 | 나에게 좀 주세요 😭🙏👅
goose.548053 | 2025-06-28 | ❤️❤️❤️❤️❤️
elpiniki.kou | 2025-05-28 | 너무 맛있어요😍😍
karla_170136 | 2025-05-29 | 너무나 아름다워요
kanae_korodihi | 2025-05-11 | Yummy
qorkdhs | 2025-05-08 | 🔥🔥🔥🔥🔥
kjy0.m31 | 2025-06-11 | 몇살이세요 혼자생활하시나요?
hj.131517 | 2025-05-08 | @mm_970111 먹고싶다..
reum9703 | 2025-05-13 | 슈프림은 떡사리가 체곤데 ㅠㅠ 안보여유..@kwon_su_hwan
lee._.hoon18 | 2025-05-28 | 진짜 ㅈㄴ맛있겠다
mohadeseh.jhn | 2025-05-08 | این چیههههه من میخواممم
athayakeren | 2025-05-14 | 너는 너무 아름다워
icaeyul865 | 2025-06-18 | 수련회 갔는데 배달 음식 먹고싶어요 ㅠㅠㅠ
favoritffzz | 2025-05-13 | saya orang indonesia
sraltay | 2025-05-30 | Senelerdir bu kanalı ariyorum"
2025-05-07,7740,코스트코 물회 장난없네...😱 의상 협찬 @vlvd_official 수정됨 · 12주,"#toctocsia, #톡톡시아, #먹방, #mukbang, #물회, #먹스타그램, #회, #코스트코, #코스트코물회","se0yx_n.3 | 2025-05-07 | 꺅 너무 맛있겠잖아😢😢
qorkdhs | 2025-05-07 | ❤️❤️❤️❤️
telrarolre | 2025-05-14 | 밥말아먹으면 츠지기는데 🤤
qorkdhs | 2025-05-07 | 🔥🔥🔥🔥
gweonmomteo | 2025-05-10 | 물회맛잇읍니다
seo.h_12y | 2025-05-07 | 꺄~~>_<언니 너무 맛있겠어요ㅠㅠ
daeun.0714 | 2025-05-08 | 맛있겠다
kanae_korodihi | 2025-05-17 | Yummy 😋 😍
tyalasss | 2025-05-13 | rujak
parkjihooooo0 | 2025-05-08 | 톡톡시아님 회 조심히 드세요 요즘 날씨땜에 회 먹고 죽는사람들 많대요
marthaa_snz | 2025-05-09 | Parece pozole
juli.ettka | 2025-05-14 | Hwacha 🔥🔥
triratnadhewhie | 2025-07-26 | Kayak asinan sayur, cuma kuahnya kwenteell
nadyanrinadewi | 2025-05-21 | Rujak cuka wa odas ieu mah
psy8927 | 2025-05-07 | @moon_seon_woong"
2025-05-04,1.4만,요즘 편의점 훠궈 퀄리티..ㄷㄷ😱 12주,"#톡톡시아, #toctocsia, #mukbang, #먹방, #하이디라오, #먹스타그램, #훠궈, #편의점훠궈","seo.h_12y | 2025-05-04 | 와, 언니 맵기는 어느 정도에요?
gwonryeowon | 2025-05-04 | 와~소리 미쳤다.😍😍😍😍
nurkasihani_ | 2025-05-04 | ❤️
___sugaringcandy | 2025-05-07 | 아무편의점가서 구매가능하나용,,,?ㅠㅠㅠ
anna521030 | 2025-06-13 | 😍😍😍😍😍
camilcimil | 2025-05-04 | 😍😍😍
zhy.hailey | 2025-05-07 | 👍👍👍👍👍
tabo10h | 2025-05-04 | 👏😮👏😍
qorkdhs | 2025-05-04 | 🔥🔥🔥🔥
kanae_korodihi | 2025-05-06 | Yummy 😋
chaznyee_kim | 2025-06-12 | 😘
h.aru_ru | 2025-05-09 | 물 말고 사골베이스 넣으면 마라탕인가?
yul_3_yul | 2025-05-04 | @sy._.hm_hy__ 오이것도 맛나보임
hongeuneeee | 2025-05-08 | @gurunarumong 개맛도리일거같아
victory__one_ | 2025-05-09 | @sun7.16 이거 한국에 나왔엉😍
sldjcrnfroqkfddma | 2025-07-26 | 가서먹는 하이디라오 홍탕이랑 얼마나 비슷해용?
helena_jsy | 2025-05-30 | @onejgo_letsgo 너를위한
ha_j5n1 | 2025-05-26 | 눈섭 망해서 그리셨네요
duki__duk | 2025-06-07 | @_1990.07.03_ 사줘
yuantengguiyuzi | 2025-05-04 | かわいい❤️
sss__j__s | 2025-05-06 | @y__joo_1
mingzhuwu638 | 2025-05-12 | 뜨거운물 넣는게 아니라 찬물을 넣는게 맞는거예요😂
ga_youngxx | 2025-07-11 | @young_sunbae ㅁㅊ"
2025-05-01,2.1만,신라면툼바 큰사발면 100배 더 맛있게 먹는 방법!!😭 📌모짜렐라 치즈 신라면툼바 크리미한 소스랑 제일 잘 어울림! 📌킬바사쏘세지 짭조름한 쏘세지와 신라면툼바 매콤 고소한 크림이랑 말모 말모! 📌나초칩 신라면툼바 꾸덕한 소스덕에 촉촉 바삭ㅠ 13주,"#광고, #농심, #인생을맛있게, #nongshim, #신라면, #신라면툼바, #shintoomba, #toomba, #shinramyun","9nuey._ | 2025-05-04 | 아니 와 진짜 맛있겠다ㅜㅜㅜ
ya_bo_lo_mi | 2025-06-27 | 😍😍
isntitgoo | 2025-05-04 | 완전 이쁘세요 시아님🙉
gwonryeowon | 2025-05-01 | 😍😍😍😍😍😍
by_minseo_ | 2025-06-24 | 배고파요😭❤️
seoz.oo | 2025-05-01 | 야식먹고싶다 ㅠㅠ😢
icecreamabc123 | 2025-06-04 | 언니, 몇 살이세요? 영상 너무 좋아요 ❤️
fjskvsb_70 | 2025-05-01 | 😭😭💘💘
qorkdhs | 2025-05-02 | ❤️❤️❤️❤️❤️❤️
sinuju893 | 2025-06-14 | 와 진짜 맛있겠다!!!!!!
yuling_elyn647 | 2025-06-03 | 😮
a38002165 | 2025-05-01 | 혹시 몇살이에요
mar_h_yan14 | 2025-05-01 | Wowww😍🔥
arna7015 | 2025-06-12 | ❤️❤️
yu.la_14 | 2025-07-09 | 혹시 매운가요?.
kanae_korodihi | 2025-05-01 | Cheesy and yummy
jieun_01209 | 2025-07-12 | 다음에 간식먹방 드가자아아
_sassy.mood | 2025-05-02 | Ot looks so delicious❤️
gyul.min09 | 2025-07-15 | 외 넘 맛겟댜아앙ㅠㅠㅠ😢
zahn.manu | 2025-06-27 | 😍😍😍😍😍😍
luna160105 | 2025-05-15 | 시아님 몇살이에여?
e.uns0o | 2025-06-03 | 우와 나 지금 신라면 툼바 먹으면서 릴스보고 있는데 이거나옴
karla_170136 | 2025-05-29 | 당신은 건축업자여야 합니다
army_jenn1e | 2025-05-02 | You look like Asa of Babymonster"
2025-04-29,6407,미더덕회..오독 소리 미쳤..😱 13주,"#톡톡시아, #toctocsia, #mukbang, #먹방, #미더덕회","kanghope14 | 2025-04-29 | ❤️❤️🔥😍❤️
gimyurim427 | 2025-04-29 | ❤️❤️❤️❤️❤️
seojuna31 | 2025-05-06 | ❤️❤️❤️❤️🔥
hyo_june_cre_do | 2025-04-29 | 굿굿❤️❤️❤️❤️
71m_limlim | 2025-04-29 | What is that?????😮😮😮😮
shutterchic_444 | 2025-04-29 | What food is it
m_x1jy | 2025-04-29 | 💗
nar.ges6626 | 2025-04-29 | What is the name of this thing you're eating?
isoyul1373 | 2025-05-03 | 이빨 뿌러지는 소리가;;
nopal_gok_gok | 2025-05-05 | Kyk lagi makan batu
qorkdhs | 2025-04-29 | 🔥🔥🔥🔥
n.f2156 | 2025-04-29 | ただのクチャラー"
2025-04-25,1만,딱새우회 😭🦐 Shrimp sashimi 🍤 13주,"#toctocsia, #톡톡시아, #mukbang, #먹방, #새우회, #먹스타그램, #딱새우회, #sashimi","j_im.12 | 2025-04-28 | 딱새우 회 ㄹㅇ 맛있는데
ss90.10.29 | 2025-04-25 | 시아 넘 잘크고 있자나 ❤️❤️❤️
seojuna31 | 2025-05-06 | ❤️
maybe.z0eyy._ | 2025-04-25 | Look tasty
cxzue__ | 2025-05-03 | 맛있겠다
wyelim14 | 2025-04-27 | 저 입원해서 금식인데 스팸,밥,김치 소원이에요ㅠㅠ
nananadump4 | 2025-04-25 | Wowwww❤️🙌
qorkdhs | 2025-04-25 | Wow
heartzz.eve1 | 2025-04-25 | early
dosmwiwdododdo | 2025-04-29 | 무슨 맛이에요?
__toume__ | 2025-05-05 | Those shrimps are so petite 🥺👌💓
go._.eun72 | 2025-04-25 | 1빵"
2025-04-22,4.5만,(광고) 학교 끝나고 매주 마라탕 꽁짜로 먹는 방법! 07~12년생 중고등학생 주목! 배달의민족에서 배고픈 10대를 위한 혜택 맛집 <방과후배민> 오픈! 매주 '마라탕 100그릇' / '풀토핑 요아정' / '뿌링클 100마리' / '떡볶이 100그릇' 을 쏜다고 하니 많이 많이 참여해보세요!! (참여 방법) 방과후배민(@afterschool_baemin) 👈🏻 프로필 링크로 들어가서 응모하면 끗! 14주,"#방과후배민, #럭키푸드로우, #마라탕, #요아정, #뿌링클, #배민, #배달의민족","dahee138 | 2025-04-23 | 1년차이네 못한다 아니
yx.l0es | 2025-04-22 | 언니 항상 맛있게 먹어서 나모 먹고싶댜..ㅠ
h.x1ul_ | 2025-05-08 | 배고프다….😍😍😍😍
khalq_bek | 2025-04-22 | 😍
ji090_12 | 2025-05-06 | 링크어디로들어가요?
bae_eunah | 2025-05-11 | 와 나오늘 처음으로 11년생이라서 ㅈㄴ 행벅함
je_x14 | 2025-04-23 | ❤️❤️
yeon._.jun90 | 2025-04-22 | 아 13년이라서 못먹어ㅓㅓ
seo.hye.0916 | 2025-04-22 | 언니! 너무 예뻐😍😮
dx2.zn | 2025-06-12 | 흐헿 12댜
01star27 | 2025-04-24 | 저러면 가게가 남는게 있음?
johangyeol266 | 2025-04-25 | 예쁘당
yona________liya | 2025-06-24 | طريقة اكلك فريدة من نوعها
dxny2_ | 2025-04-23 | 아니 솔직히 초등학생이랑 대학생도 하게 해주지 아님 매년하던가
yulim225 | 2025-04-23 | 저도 중학생
hyoryeong0333 | 2025-04-23 | 히히힣.... 흐흐....나의 💕......
console_07 | 2025-07-30 | 와 저도 먹고싶어요
i_so_cute._.8888 | 2025-04-22 | ❤️
alive_kithly | 2025-04-22 | always love watching him mukbang
mini.lisa_27 | 2025-04-22 | I love you❤️❤️
johangyeol266 | 2025-04-25 | 얼굴이
yunyeseung98 | 2025-04-25 | 13년생은...😢
nayoon530 | 2025-04-24 | @_yx.j1n416 ㄱㄱ 담에 집에서 같이 놀수있음 바로 시키자
kanae_korodihi | 2025-04-22 | Yummy 🤤
yummy130701 | 2025-04-23 | 다음 해에도 하겠지?
13이라서 못하는 1인😢😢
dussdl_06 | 2025-04-23 | 06년생은 서러워요..
jooeunprincess1222 | 2025-07-30 | 내가 댓글 100으로 만들었다
_kh_495 | 2025-04-22 | ❤️❤️
_d_b_in | 2025-04-23 | @yebinnz_ 너신청해라
dhpz226 | 2025-04-23 | 영어 번역을 추가해야 합니다.
lalazeropopwithmeilikeitpop | 2025-04-23 | 04년생도 참가시켜줘요
kwano3190 | 2025-04-23 | 와 내 나이까지 된다ㅏㅏ😍
gimhajin696 | 2025-04-23 | @bamm_b_oo
o.exn_g | 2025-04-24 | 13년생은 울고갑니다ㅠㅠ
s__.1o6 | 2025-04-24 | 꽁짜에요??
k_jamnin1206 | 2025-04-24 | 저 13년생ㅠㅠ
vi_.n0125 | 2025-04-24 | 13년생은 울고 갑니다
xxspzdxlvxx | 2025-04-24 | 그러면서 안주잖아
minseokim0120 | 2025-04-24 | ㅋ
donghyen1214 | 2025-04-24 | 저게다 꽁자 ㄷㄷ
qpekdkm | 2025-04-25 | @u90girl 대학생은요
im_jh516 | 2025-04-25 | 뿌링클 먹다 마라탕에 들어가는간다(뿌링클: 나 들어갈게)
leeyeseong_2013 | 2025-04-25 | 13년생은 안주네ㅠ
sihyeon.1023 | 2025-04-26 | 아니 이거 막 나이 속여서 하는거 아냐…
0ys.13 | 2025-04-26 | 13년생은 안되나
knnsy_4 | 2025-04-26 | 나이돼는데 로그인 안돼
boeun_419 | 2025-04-27 | ㅁㅊ12년생이어서ㄷㅎ
jiyool1223 | 2025-04-28 | 13년생은 울어용...ㅠ
yunseoha919 | 2025-04-29 | 14년생이라서 못함..
tae_7210 | 2025-04-30 | 하..진짜
imyeona696 | 2025-05-01 | 이벤트 특:이런건 꼭 나만 당첨이 안됨
siax.13 | 2025-05-04 | ㅅㅂ 항상 13만 억까당해
anhyein12 | 2025-05-04 | 우리엄마는 못 먹게하는데 부럽다😢
igyeonghyi7760 | 2025-05-06 | 나는초6이라서못먹는데ㅠㅠㅠㅠㅠ
shengshengmaan | 2025-05-09 | 시아님.. 진짜 너무 감사해열... 저 12년 생인데.. 글고 언니 느무 이뽀요....😢
kounosuke258 | 2025-05-10 | 😍
gimgoeun5508 | 2025-05-16 | 초딩이라 슬프다 ㅠㅠ
g_chan0 | 2025-05-20 | 13년생 이라거..
tenz.1325 | 2025-05-24 | 13년생은 못하네..
jm.828282828 | 2025-05-26 | 마시께따😢
se8230_2013 | 2025-05-29 | 13년생들은 울고갑니다..————->
3_mx116n | 2025-06-01 | 13년생은 울며 10년생인 언니 따라다니며 먹습니다..ㅜ
0j1800 | 2025-06-11 | Girl
sy_iex | 2025-06-17 | 오빠한테 맡겨서 먹고 싶다...
jeonjunseo560 | 2025-07-02 | 꽁짜임??
sun_young040313 | 2025-07-11 | 와 1년차 ㅁㅊ것
ahyun9600 | 2025-07-14 | (13년생은 행복하심)
hauxyen | 2025-07-16 | 아니 13년생인데..
taekook8454 | 2025-07-17 | Cute 😍
486_rabbit | 2025-07-19 | 응모 했는데 당첨이 될까..?
tae.rin13 | 2025-07-28 | 13년생은 웁니다😢
im._.wh | 2025-07-29 | 꽁짜로? 아무것도 안하고?
sinjiyun141 | 2025-07-29 | 아 14년생인데😢😢
jo0038055 | 2025-07-29 | 19세 미만이래는대요
sc43013 | 2025-07-30 | 맛있겠다
mi.so8307 | 2025-07-30 | 아 13년생들도 배 고프다😩
sunny.12_06_05 | 2025-07-30 | 대박!!!!
jooeunprincess1222 | 2025-07-30 | 대박
jion_0226 | 2025-07-30 | 15년생인데 아쉽다"
2025-04-21,1.1만,와..치킨 아이스크림ㅋㅋ🤣 Chicken icecream🍗 14주,"#먹방, #mukbang, #toctocsia, #톡톡시아, #먹스타그램, #치킨척, #치킨아이스크림","alyssa_lim12 | 2025-04-21 | 이거 어디서 사요?😭
hanil_88 | 2025-04-23 | جالبه😃
neng.siti.75873 | 2025-05-22 | 🙌❤️🔥👏😢😍😮😂
neng.siti.75873 | 2025-05-22 | 🙌❤️🔥👏😢😍😮😂
nictteo19_ | 2025-04-21 | can uadd English subtitles next time? I can't understand Korean😭😭
seo.hye.0916 | 2025-04-21 | 언니! 아이스크림 어디서 샀어? 언니 그리고 너무 예뻐😍
scv_se0k | 2025-04-21 | Yummyy😋!
neng.siti.75873 | 2025-05-22 | ❤️
neng.siti.75873 | 2025-05-22 | ❤️
i_so_cute._.8888 | 2025-04-21 | 😍
cutttaankk07 | 2025-04-21 | Saya nyasar
2025_wisdom | 2025-05-23 | @5_jihye_29
__sihone | 2025-04-21 | @sihone__ 호형조아하게따리
kim_si_young_584 | 2025-06-18 | 이미 학교에서 나왔는디
alfa_dalin | 2025-04-21 | I don't understand what you're saying but I'm sure you're right.
94.jungbb | 2025-05-15 | @monsolter
catlove0915 | 2025-06-02 | 이제 CU편의점에 판매시작했으니 편의점으로 달려가시면 됍니다."
2025-04-18,5315,(광고) 35초만에 집에서 맛있는 숯불 닭꼬치 먹는 방법!! (프로필 내 구매링크 참조) 14주,"#동원, #그릴리직화닭꼬치, #어단백피쉬프로틴바, #숯불닭꼬치, #100%닭다리살, #원료육기준, #편의점간식, #먹방, #먹스타그램","se0yx_n.3 | 2025-04-18 | 와 진짜 미쳤다 이건 꼭 사먹어야겠다!!
motivation123n | 2025-05-05 | 😢❤️❤️❤️
batalonibeneee | 2025-04-18 | 😍
chaewon_lil | 2025-04-18 | 나 1빠다ㅏ 톡톡시아 사랑해용❤️
may_nri | 2025-04-23 | 소스존맛
emxlia_.34 | 2025-04-18 | 매우 풍부해 보입니다
toctocsia | 2025-04-18 | 판매처: 가까운 편의점에서 구매 가능!
luamoonhu | 2025-04-24 | Uaau, sua pele é branca como a neve
min.ju.00 | 2025-05-05 | 무조권 사먹 할께요용"
2025-04-17,2.4만,솜사탕 포도?? Cotton candy Grape??😱 @chanandmari_ 15주,"#toctocsia, #톡톡시아, #먹방, #mukbang, #먹스타그램, #솜사탕, #cottoncandy","jy.hxe | 2025-07-31 | 과일먹은마시멜로으로화채 만들어주세요 그럼파삭해진데요1트
_shamsiddinov_67_63 | 2025-04-17 | 😍😍😍
xqlah__ | 2025-04-17 | 😍😍
guloss_61 | 2025-04-17 | 너무 귀여워요 💖
muslima_0774 | 2025-04-17 | 🔥🔥
spxk_seo | 2025-04-17 | 이거 밖에서 파는 솜사탕기계로만든 솜사탕으로해야 뽀득거려요😍
78_diba | 2025-04-20 | ❤️
sabrina112011 | 2025-04-18 | 당신의 목소리가 참 귀엽네요.❤️❤️
muslima_0774 | 2025-04-17 | 😍❤️
nahiara.vlr | 2025-04-17 | First!❤️
sabrina112011 | 2025-04-18 | 😍😍😍😍
elakomala0124 | 2025-04-17 | Kebanyakan distrac😢 jd ga fokus dengerin asmr nya ‘emmm’ ‘ngikngok’
thqksgus_ | 2025-05-12 | 얼려야되는거 가타유
kkobongnam | 2025-07-26 | 근데 이게 뽀득 거리는게 아니라 그냥 포도에 솜사탕 묻혀서 맛있게 먹는거 같아용!!❤️
slvaahuang | 2025-04-26 | pretentious cute
_sassy.mood | 2025-04-18 | You are so cute ❤️
78_diba | 2025-04-20 | wow
yaaaaa0318 | 2025-04-22 | この子いっつも左に顔傾いてるし、美味しくなさそうに食べるねぇ
78_diba | 2025-04-20 | it's so good
yanghayan_ | 2025-07-29 | 얼려서해야 되는거 갔아요
sabrina112011 | 2025-04-18 | Very cool 😍😍🔥🔥"
2025-04-16,9.4만,아니 엽떡에 꿀떡을 넣어 먹는다구요??😭 인트로 영상 @o.haru___ 15주,"#toctocsia, #톡톡시아, #mukbang, #먹방, #엽떡, #꿀떡, #꿀떡볶이","ulyssesavic | 2025-04-16 | 그런데 꿀떡과 송편은 뭐가 달라요?
o.haru___ | 2025-04-16 | 헉 나당🫢🤍🤍
atugarisan | 2025-04-16 | 아 엽떡 매워서 못먹는데 도전해보고싶네요..꿀떡이라니 😍
sabrina112011 | 2025-04-16 | Wow😍😍🤤🤤😋😋
chk._bb | 2025-04-16 | Yum
se0yx_n.3 | 2025-04-16 | 이 조합은 생각 못 했는데 대박 맛있겠잔나
p.rae_mai | 2025-04-17 | กุแปลไม่ได้เลย😢😢
sabrina112011 | 2025-04-16 | ❤️❤️❤️
k_riko.k | 2025-04-16 | お湯で茹でるんじゃない？
_shamsiddinov_67_63 | 2025-04-16 | 😍😍🔥
mloikallr | 2025-04-16 | 안녕하세요 👏 저 팔로우 한 유나인데요! 아 영상 보니깐 너무 맛있게 드시네요 ㅎ ❤️
sabrina112011 | 2025-04-16 | 너무 귀엽게 먹어요 ☺️
cha_lalla | 2025-04-21 | @lovelyurii @sunnyho_ho 담은 이거다....
sallymood._ | 2025-04-19 | @jdasseul 자기야 나랑 이거안먹을랭?
wldms912 | 2025-04-27 | @b5.k0_ 지렸다
t._.ju912 | 2025-04-17 | 이와중에 꿀떡 핀ㅋ크색 한개..ㄷ
ivvu_222 | 2025-04-17 | I love how the way she choose
shiba_romiiiiiii | 2025-04-16 | 헐 엽떡오뎅볶이에다가 꿀떡 넣음되겟다
soooongdy_ | 2025-04-16 | 좀...제대로 비벼놓고 먹어쥬지...
kimseoyun0507 | 2025-05-12 | 아..진짜 먹어보고 싶다ㅠㅠ
hangrang_travel | 2025-04-25 | @_silra_ 해보자
10ng_yun | 2025-04-16 | 너므 규ㅣ여워뇨
rim.9o | 2025-04-17 | @ooqo_0o
hira_hayatimm | 2025-06-12 | Mideni si
narj_is.01 | 2025-04-16 | First
kissnaravitgf | 2025-04-20 | eating too noisy
hoony2725 | 2025-04-19 | 신전을 시키지.
nafisyapravitaazahra | 2025-05-16 | Bisa gk kalo makan itu biasa aja jangan di imut imutin
lostyiutae | 2025-06-03 | Koreliler biraz daha paketli ürün yemeye devam ederse kökten kanserden gidecekler
aiumy280 | 2025-04-16 | Второй
mokpobom2 | 2025-04-16 | 매운 떡볶이에 꿀떡 넣어서 먹으면 매운맛도 잡아주려나여?
j__pine__ | 2025-04-16 | @hj__xx !!!
sabrina112011 | 2025-04-16 | 😍😍
sxxhxx____ | 2025-04-17 | 우와 진짜 바로 살찌는 조합 넘맛있겠당😢 대신 먹어주셔서 감사해요
wida.diya1987 | 2025-04-17 | WOH
zxxc._.7 | 2025-04-17 | 그러다가 꿀떡 떡볶이 나오는거 아니야?
dystinct_fan1 | 2025-04-17 | Good
s_w1mm | 2025-04-17 | @hyorinp0p ..?
hyeri_papa_ | 2025-04-17 | @s__lv.96 먹어볼래??
strawberry_yeoni | 2025-04-17 | 아니,천재세요❤️❤️❤️❤️
isoyul1373 | 2025-04-17 | 먹는소리가 지짜ㅜ
u2bin2 | 2025-04-17 | @ma_.riposa_
bog.4394 | 2025-04-17 | 열분 저 하이브 방송 키는 데 많이 와주세요
bog.4394 | 2025-04-17 | 라이브
s2___v___ | 2025-04-18 | @mmmrrrv
seo.h_12y | 2025-04-18 | 언니, 꿀이 양념 맛을 잡아먹지는 않아요?
hani_6.99 | 2025-04-18 | Girl u anit wonhee
tmddl0425 | 2025-04-18 | @o.s.u55_
brm_rrrrr | 2025-04-18 | 엽떡몇단계인가요 알려줘요
chohee_world | 2025-04-19 | 꿀떡으로 떡볶이 햐먹우면 존맛탱입니도!!
han.kong_ | 2025-04-19 | @s___heee__
slvaahuang | 2025-04-20 | 나는 당신이 몇 살인지 궁금합니다
ceoofwkwk | 2025-04-20 | lahhh lama ga liat udah gede aja kamuuuu😍😍
isaiahsteves | 2025-04-20 | uh ok
ysalnv_ | 2025-04-20 | udh gede aja dia
sana.f_shk | 2025-04-21 | Looks yummy😋I want it too😭
lmlmbo | 2025-04-21 | 엽떡이 . . 하. .
ji.eonjenna | 2025-04-21 | @doongyi_ya 오잉
ae_ri__0 | 2025-04-21 | @mihyun90.yoo
ji_hyelove | 2025-04-22 | 엽떡에서 조만간 꿀떡도 팔겟네
na_hyeon_vely_kj | 2025-04-22 | @garim.bag 시장에서사와😢
hamjunu1 | 2025-04-24 | @jxra_w11
chaeny16522 | 2025-04-27 | ❤️
jeongjuweon0705 | 2025-05-04 | 맛있겠당
jo_yuris_left_toe | 2025-05-09 | 떡은 어디서 사는지 아세요 😍
le_seran | 2025-05-13 | @a_._ran429
nyoungmommy | 2025-05-20 | 진짜 먹천재들 너무 많아..
ayeshaaaqairinaaa | 2025-05-20 | 와우 지금 당장 주문할게
madeleine_456m | 2025-05-22 | 좋나요?
nafisyapravitaazahra | 2025-05-22 | @sea_10v
nafisyapravitaazahra | 2025-05-22 | @sea_10v kalo gitu terserah gue lah mau komen apa kan hak gue juga lo kok ngatur selain donatur di larang ngatur
syaqhi_29 | 2025-05-23 | Apakah kmu tau klo di indonesia itu namanya cilok 😂
jung_lee_soo | 2025-05-30 | 저만 불닭에 꿀떡 먹나요? 그리고 불닭에 꿀떡 1번만요오
eun__ju5 | 2025-06-02 | @2haha_neul
iari8504 | 2025-06-03 | 옛날 부터 찐 팬이였는뎅 진짜로 달라졌다
lehah.white.roses | 2025-06-04 | What is that? The green, pink and white one? What is the name?
emaan.abidi | 2025-06-12 | What are these ball things?
_m1nso_107 | 2025-06-14 | Pick me
zara_zoro.675 | 2025-06-17 | Is it possible to not talk too much when eating
gweondongeun9 | 2025-06-18 | 맛있겠다😢(부러워)
suvd8353 | 2025-07-03 | 😍
just_pia.7 | 2025-07-08 | 🙌🙌
0you.vvl | 2025-07-13 | 매운 걸 꿀이랑 같이 먹는데 맛있어요?..
dilan._.2391 | 2025-07-14 | 😂😂
myskymin | 2025-07-21 | @jonghooncha
iijin1875 | 2025-07-28 | 몇개
iijin1875 | 2025-07-28 | 몇살이예요
resetarbori | 2025-07-29 | 😍🤩😭
ay__nz0125 | 2025-07-29 | 🔥👏😍"
2025-04-10,3.7만,이렇게 먹으면 그렇게 맛있다구요??😱 영상 활용 @jasmineandtea 수정됨 · 16주,"#toctocsia, #톡톡시아, #mukbang, #먹방, #먹스타그램, #삼양, #로제불닭납작당면, #불닭볶음면, #samyang","hyx_rimii | 2025-04-25 | 먹어본 사람으로써 느끼해요 ,, 느끼한거 잘 못드시는 분은 저거 친구랑 나눠 먹으세요 저 혼자 원래 다 먹는데 치즈 해서 다 못먹엇으요 ㅠ
oducklover | 2025-04-10 | 맛있겠다❤️❤️
71m_limlim | 2025-04-11 | So yummy...❤️❤️❤️❤️
fab_k_14 | 2025-04-10 | يشهي 😫
gimsubin8190 | 2025-04-12 | 너모 맛있게따..ㅜ❤️
hxhm_.br | 2025-05-02 | 정말 맛있는 음식을 먹었어요👏❤️
13gy_01 | 2025-04-10 | 우왕!
hanjia927 | 2025-04-12 | 혹시 그거 스프랑 물 넣고,전자레인지에 몇분 돌려야해여ㅠ??제발 아무니 알려주세요ㅠ😢
_hxzvn | 2025-06-27 | 저거 꿀팁 있음. 일단 매운소스 개많이 넣은다음에 고소하고 느끼해서 싫을 정도의 치즈를 다른 용기에 마아아않이 넣고 30초씩 돌리셈. 그리고 너무 녹지는 않았지만 또 너무 굳지는 않을 그정도까지 돌리셈. 그리고 섞어드셈. 진짜 하나도 안느끼하고 개맜있음
0a.jai | 2025-04-10 | pls put translation
maviliofficial | 2025-04-10 | 첫 번째
ohzzang0531 | 2025-04-11 | @somthin._.n 향기야 이거.....
yx._nx0 | 2025-04-12 | 와.. 진짜 잘 드시는데 살이 안찌네요.. 전 조금먼 먹어도 찌는데ㅠㅜ
gimyeonseo3443 | 2025-04-13 | 언니!혹시 금귤(낑깡)먹어주면 안됑???😢😢😢
chohee_world | 2025-04-14 | 여기에 핫바 추가 제발 진짜 핫바랑 당면 치즈 한입 와앙하면 ㄹㅇ 극락임 제발
ssohee_00 | 2025-04-14 | 가면 갈수록ㄱ 예뻐지시넹@!!
sabrina112011 | 2025-04-15 | You are the best ❤️❤️
sabrina112011 | 2025-04-15 | 😍😍😍
soomin2015 | 2025-04-17 | 어차피 매워서 못먹
yulim225 | 2025-04-18 | 내거야
ludienu | 2025-04-19 | A tui hmel hle mai
hot.guys_20 | 2025-05-13 | 😋😋😋
xhe._s3 | 2025-06-16 | @__h.nnn
dottori1_moog2 | 2025-06-16 | 제꺼는여..?;;
jihyeon11_88 | 2025-06-20 | 아 오늘부터 다이어트 하려고 했는뎁ㅠ
zy.ch0x | 2025-06-24 | 12시1분에 봐버린 나
tyy_tsang_ | 2025-06-26 | Don't waste the food 😔
karmahishams3d | 2025-06-27 | :-//&.$:&,$&:$.$
gfgfgfgfg555678 | 2025-06-30 | 겁나 예뻐요!!!!!
su_jin._.02 | 2025-07-27 | 밤 12시 전 11시45분이니 당장 먹으러 갑니다
jixe_o9 | 2025-07-28 | 전부터 그렇게 먹엇던 1인..
su.bin_o1 | 2025-07-29 | 새벽3시인데
j_oxxn | 2025-07-29 | 아니 저기요. 지금 새벽 4시인데
loehcnu2_ | 2025-07-29 | 😮😮😮"
2025-04-06,9314,(협찬) 대왕 핵아이셔!!😱 대박..!! 16주,"#toctocsia, #톡톡시아, #mukbang, #먹방, #대왕핵아이셔, #핵아이셔, #오리온, #디저트","wwigan.12 | 2025-04-07 | ❤️❤️
yoon_yeji_1324 | 2025-04-06 | ❤️
ti_ti_dark | 2025-04-06 | ❤️
kore.amountan | 2025-04-07 | 아이셔 엄청 좋아하는데 부럽네요
owo_0147 | 2025-04-06 | 😍
sabrina112011 | 2025-04-15 | 😍😍😍
oiattmeal | 2025-05-20 | 오리온 사장님이 제가 아는 분의 아버지에요!!
erixns_ | 2025-04-06 | 와.. 박스에 시아님 얼굴 대박이당..
rwny6301 | 2025-04-06 | 😢😢😢
ikekaawaii | 2025-04-06 | 부럽다 ㅠ
rwny6301 | 2025-04-06 | 😍😍😍😍
rwny6301 | 2025-04-06 | ❤️❤️❤️
junaior_272509 | 2025-04-10 | 저는 한국에 가고 싶어요.❤️
rwny6301 | 2025-04-06 | 👏👏
nicollle_.lam | 2025-04-06 | 😋😋😋
rwny6301 | 2025-04-06 | 🔥🔥
pao_ttt15 | 2025-04-16 | คำแปล:คือกูแท้ๆ 5555
jacgfi17 | 2025-04-06 | 역시 톡톡시아 짱🖤
rwny6301 | 2025-04-06 | 😂😂
rwny6301 | 2025-04-06 | 🙌🙌
rwny6301 | 2025-04-06 | 😮😮😮
hanna605_ | 2025-04-08 | 아이셔 소다맛이 진리
koos_innovation | 2025-05-26 | 😂
sabrina112011 | 2025-04-15 | I will definitely try it ☺️☺️☺️
wyelim14 | 2025-04-17 | 😢
lovesome_hanajj | 2025-04-08 | 이거 안심.....
sexydevil88 | 2025-06-05 | 부럽다.. 아이셔.. 저만큼 받다니.. ㅋㅋㅋㅋ
saran_g2013 | 2025-04-10 | 역시 나와는 삶이 다르구나..
kyzapyza5 | 2025-04-17 | Заебала
sarangoo623 | 2025-06-25 | Woowww"
2025-04-03,1.6만,누구나 한번쯤 먹어봤을 레전드 캔디 후르트텔라! 17주,"#광고, #후르트텔라, #fruittella, #편의점간식, #먹방, #mukbang, #과즙함유, #간식, #간식추천, #젤라틴프리","guloss_61 | 2025-04-03 | 맛이 아주 좋아요
lovebaek.s.h | 2025-04-04 | 이거 지금도 먹어요 ㅋㅋ😂완전 맛있음👍
esmanur_ercek | 2025-04-03 | 🤤nami
se7_y0n | 2025-05-09 | 얼려 먹으면 맛있어요
honoka_104m | 2025-04-03 | ハイチュウ？！❤️
hongsungi23 | 2025-06-24 | 저거 뒤에 소원쓰고 먹었는데 ㅋㅋ
jio.xn | 2025-04-05 | 그거 얼리면 맛있어요 🙌👏
13gy_01 | 2025-04-03 | 혹시 몇년생이세요...?
xxoi_825 | 2025-04-03 | 옛날에는 편의점에 안팔았나..?
luna160105 | 2025-05-15 | 난 블루베리 하고 라즈베리만 먹었던 기억이
toctocsia | 2025-04-03 | 📍판매처: 전국 편의점 (CU, GS25, 이마트24, 세븐일레븐
kyzapyza5 | 2025-04-17 | Заебала
hypebeast9931 | 2025-04-03 | 옛날에...ㅎ.. 몇년 전이 옛날이죠ㅋㅋㅋ
perwinn6 | 2025-04-03 | Love ❤️
1000_nc_dinos | 2025-04-03 | 저거 겁나서 맛있었지…. 하지만 저게 다른 캐러멜 사탕보다 딱딱함...
ganghangyeol316 | 2025-04-03 | 진짜만있는데ㅠ
alissya145 | 2025-04-04 | I love you you are so cute 💗✨️
s.x30_n | 2025-04-05 | 블루베리맛💙🫐
121.kg | 2025-04-13 | @0hxxsl_ 블루베리맛이 진짜존맛인데
_0612127 | 2025-04-19 | 혹시 16살인가요?
minseoyeong474 | 2025-04-24 | 몇살 이세엽???
m.xii_0 | 2025-04-27 | 저거 맨날 미국 가서 먹었는데..
faradhyta_zayan.s_mom | 2025-05-13 | Fruit tella 😍😍😍😍 ingat masa kecil
yoon_tahee | 2025-05-22 | 저 망고 파입니다
g.xy._.o | 2025-05-28 | ㄴㅇㅅ!!
s3o.juk | 2025-06-05 | 김민정인줄ㄷㄷ
seomoonsujin | 2025-06-09 | 톡톡시아님 몇살이세요?
seomoonsujin | 2025-06-09 | 한 몇년전에만 해도 되게 어려보였는데 지금은 고등학생 같아요 ㅎㅎ
seomoonsujin | 2025-06-09 | 쭈리 마리 영상도 올려주세요
x._.hjun | 2025-06-10 | 혹시 몇년생이세요?(예쁘셔서)
stopph._ | 2025-06-11 | 이거 칼로리 되게 높은데...
yong43400 | 2025-06-11 | 우와추억이다
hyeonseojin876 | 2025-06-17 | 언니 저 남동생땜에 스트레스받아 죽겠는데 마라탕 3단계 먹어 주세요ㅠ"
2025-04-02,2.1만,이걸로 구슬아이스크림 진짜 쉽게 만들어진다고??😱 How to make dippin dots ice cream easy! 의상협찬: @vlvd_official 17주,"#먹방, #mukbang, #toctocsia, #톡톡시아, #먹스타그램, #구슬아이스크림","oakleyhtc | 2025-04-02 | 노래가너무정신사나워여
muslima_0774 | 2025-04-02 | 🔥🔥
muslima_0774 | 2025-04-02 | 😍😍
muslima_0774 | 2025-04-02 | ❤️
muslima_0774 | 2025-04-02 | ❤️❤️
nozo.miiru | 2025-04-02 | 👏👏👏
erixns_ | 2025-04-02 | 탄산제조기 출저 알려주실수있나요??
jjeongyu4 | 2025-06-04 | 너무예뻐요❤️
uyni_92.15.18 | 2025-04-04 | 안쉬워 보여요 😢
honoka_104m | 2025-04-04 | 美味しそう❤️❤️
muslima_0774 | 2025-04-02 | 😍😍
sabrina112011 | 2025-04-03 | 😍😍
sabrina112011 | 2025-04-03 | ❤️❤️
joyeji547 | 2025-04-03 | 잘하는것도 맞지만 언니가 손재주가 있어서 더 잘하는것 가태
uouv330 | 2025-07-30 | 👏👏
matinamiri2506 | 2025-04-02 | I love you 🇮🇷🇮🇷
sabrina112011 | 2025-04-03 | It looks very nice 😍❤️
minjee9602 | 2025-05-25 | <>
nozo.miiru | 2025-04-02 | 私日本人だからそれすぐ買える！
iijin1875 | 2025-07-30 | 몇살이예요
khrnzly | 2025-04-03 | Dah besar ajaa
nananadump4 | 2025-04-02 | Can you try Indonesian snack
hyiinaa_ | 2025-05-21 | p
hyiinaa_ | 2025-05-21 | p
hyiinaa_ | 2025-05-21 | p
hyiinaa_ | 2025-05-21 | pp
hyiinaa_ | 2025-05-21 | ppo"
2025-03-30,1.5만,요새 코스트코에서 파는 신기한 용의 알 젤리!!🐲 의상협찬: @vlvd_official 수정됨 · 17주,"#toctocsia, #톡톡시아, #mukbang, #먹방, #먹스타그램, #dreggons, #dreggonseggs, #젤리, #먹스타그램, #신제품","helexna__ | 2025-04-06 | why she is so cute🙏🏻😭
mokpobom2 | 2025-03-31 | 우아아아 보기엔 달아보이는데 먹음직스럽게 드시니.. 먹고 싶긴 하네여 궁금해~
muslima_0774 | 2025-04-02 | 😍😍
muslima_0774 | 2025-04-02 | ❤️❤️
muslima_0774 | 2025-04-02 | 🔥🔥
wey6lo | 2025-03-31 | Helloo cutiee
xqlah__ | 2025-03-30 | 😍😍😍
13gy_01 | 2025-03-30 | 맛있겠다....(츄릅)
sabrina112011 | 2025-04-03 | ❤️❤️😍😍
sabrina112011 | 2025-04-03 | ❤️❤️❤️❤️❤️❤️
7728teakook | 2025-03-30 | ❤️❤️❤️❤️
sabrina112011 | 2025-04-03 | 😍😍
rei_a_09i1 | 2025-03-30 | サイダーにつけたやつの音最高🫠
新発売のやつかな？((o(^∇^)o))
its.__.eunice | 2025-03-30 | Wow! Looks so good ❤️❤️
april_2mom | 2025-04-08 | @musun129x_x 오!
not_your_asterin | 2025-03-30 | Looks good ngl
nozo.miiru | 2025-03-30 | 1！！
nananadump4 | 2025-03-30 | 1
nananadump4 | 2025-03-30 | Can you try some Indonesian Snack ?
leticia_flor_123 | 2025-04-04 | https://www.instagram.com/reel/DHEtUDqyRTO/?igsh=aGt0NmZ3amN3YzZv"
2025-03-27,4894,"이 조합 실화? 과자로 진짜 요리가 되는데요?? 프링글스 일냈다 일냈어! 한국 단독 출시 프링글스 스윗 어니언! 흑백요리사 파브리 셰프님이 개발한 👩🏻‍🍳프링글스로 만든 크림 떡볶이🧅 도전! 한국 최초의 미슐랭 3스타 셰프님이 공동개발했다는데, 볶은 양파의 풍미가 아주 제대로 들어간 신제품! 가까운 편의점에서 만나보세요! 레시피 1. 과자 한통 으깨기 2. 물 150g 넣고 찰기가 생길 때까지 볶기 3. 냉장고에 넣고 식히고 반죽처럼 치대기 4. 반죽을 길게 밀어서 떡처럼 잘라준다 5. 생크림 100ml 넣고 약불에 끓인다 6. 파르미자노 치즈를 갈아서 넣어주고 떡과 함께 끓여준다 7. 베이컨 칩에 으깬 프링글스를 믹스해서 크림 떡볶이 위에 뿌려주면 완성 18주","#광고, #제품협찬, #프링글스, #프링글스새로운맛, #프링글스신제품, #프링글스보라색, #프링글스스윗어니언, #스윗어니언, #프링글스레시피, #프링글스요리, #감자칩, #신상과자, #신상과자추천, #신상리뷰, #편의점신상","janatsaaed | 2025-03-27 | I love your hair ❤️❤️
yur_2133 | 2025-04-06 | 저거 진짜 맛있음
xqlah__ | 2025-03-27 | 😍
h_m.x10 | 2025-03-27 | 와 진짜 맛있겠어요❤️저도 꼭 만들어 먹어야 겠어요 저두 프링글스 좋아해서요!❤️
ggocnyangi80 | 2025-03-28 | 너무 예뻐요
sabrina112011 | 2025-04-03 | 😍😍
sabrina112011 | 2025-04-03 | ❤️❤️
sunmidubu | 2025-03-28 | 점점이뻐지네요ㅎㅎ
chelsea._.0308 | 2025-03-27 | 😍😍
o_owg12 | 2025-05-05 | 이 사람 옛날에 먹방도중에 강아지때문에 화난 사람이잖아!!!
haein_06_ | 2025-04-03 | 뇨끼 같아요"
2025-03-26,2.7만,탄산 샤인머스캣???😱 Fizzy grapes??🍇 의상협찬: VIVA LA VIDA @vlvd_official 18주,"#toctocsia, #톡톡시아, #먹방, #mukbang, #먹스타그램, #샤인머스캣, #디저트","ain131024 | 2025-03-26 | 그거 탄산 5~6번 넣고 해보면 될거같은데
_2012._.0228 | 2025-04-25 | 점점 크시면서 더 예뻐지시네요!!❤️❤️
miabella.thonrnefield__ | 2025-03-26 | 탄산을 넣고 하루정도 냉장고에 넣어두면 되지 않을까요??
real_fc_no.17 | 2025-03-27 | 아예 마늘처럼 다져서 해주세요 그리고 냉동고에 넣어두고 기다려 주세요!
cjw6155 | 2025-03-28 | 믹서기로 갈아서?😂
nyannkor | 2025-03-27 | ドライアイスと同じ箱に入れて待つ、または皮を剥いて炭酸水に漬け込むとできるはずですよ！
u_seong13 | 2025-03-29 | 드라이 아이스에 넣두세요
louisew_09 | 2025-03-26 | I want to know what is this device ？can anyone explain in English or in Chinese?
sabrina112011 | 2025-04-03 | ❤️❤️❤️
biniiiii1228 | 2025-03-27 | 드라이 아이스에 깔고 과일깔아서 탄산과일 만들기 하면 확실히 될 것 같아요!
matinamiri2506 | 2025-03-26 | 🇮🇷🇮🇷🇮🇷🇮🇷🇮🇷I love you so much ❤️
sabrina112011 | 2025-04-03 | 😍😍😍
bin8.8 | 2025-04-05 | 잘라서 조금만 넣어도될꺼같아요 한 4개쯤 해보세요
min_se1214 | 2025-03-27 | 뚜껑 가스 안빼고 열면 터지겠죠??
verentcv | 2025-03-26 | sub english please 🙏🏼
kiyayayays | 2025-03-26 | ko dia tiba' jadi putih bgt
529.kim_sh_ | 2025-04-07 | 수박으로 가자
igeonyuli | 2025-04-05 | 다들 아는척 잘하네
g_hk_12 | 2025-03-26 | 아 먹고싶다
rai.el.an | 2025-03-26 | Где брови
w.alifah_ | 2025-03-27 | U have to let it rest for a while after putting carbonation
leegiba2 | 2025-03-27 | 물너어야 돼는대
sujin220022 | 2025-03-28 | 한번 넣을 때마다 15분씩 기다리고 3번 넣어야함
jan2t_12 | 2025-03-29 | 껍질 다 까보는건 어때요?
aysaljafarpur8 | 2025-04-03 | ¥£₹
bdbvcsjw | 2025-04-06 | Oi
j_hyuk.mun | 2025-04-06 | 더많이 넣어야함
nosarang.s2 | 2025-04-07 | 탄산수에 넣어면 될거 같아용
yunamam2016 | 2025-04-07 | 시아님 물 너어야 하는거 같아용 아님 탄산수나?
l_.cyun | 2025-04-07 | 그거 드라이아이스에 감싸보세요 그리고 다음날에 열어서 먹어보면 되요
_miss_x_piu__10k_x_ | 2025-04-09 | Me🇮🇳%🇰🇷🔥
qwertyj705 | 2025-04-12 | 껍질을배끼고 잘라서 해야해요
yu.0310.na | 2025-04-12 | 口を開けないで噛んでみて！
yu.jun13_6 | 2025-04-13 | 구멍 송송넣으면 됄거같은디..
mirelle4694 | 2025-04-14 | 🥭🥓🍕
eerrs_12 | 2025-04-22 | 과일 반 잘라서공기 않통하게하고
eerrs_12 | 2025-04-22 | 들라이 아이스 넣으면되요
vale.grana2 | 2025-04-23 | 弄恩踢恩东却饿死咯却怕撒😢
k_jammin123 | 2025-04-24 | 과일은 드라이아이스에 넣어두는게 잘됨
k_jammin123 | 2025-04-24 | 아마도
md_js._.1130 | 2025-04-24 | 박스에 드라이아이스 넣고 위에 젖은 수건 깔고 그 위에 탄산 넣고 싶은거 과일 놓고 얼리면 탄산 생겨요.참고는 지뻔뻔님 영상 보시죠!
la_camacho09 | 2025-04-29 | What is that for?
gimseonghyeon112 | 2025-05-03 | 물넣고해주세요
ijinhyeog8039 | 2025-05-05 | 드라이아이스에넣어서하면탄산이나와요
jun.jeon11 | 2025-05-05 | 이거 이쑤시개로 한번 찌는다음 하는게 어때요
haxx._.014 | 2025-05-07 | 얼려서 해보면 어떨까요옹
dpcksl1016 | 2025-05-07 | 물에 담궜다가 바로 빼서 하면 될걸요
ssi__silvers | 2025-05-11 | 드라이아이스로 뭐 탄산넣는 그런거 본적있는데 그걸로하면 존맛이라던데
jaedong113 | 2025-05-11 | 그냥 물이랑 같이하면 안됌?
myung_gyo0628 | 2025-05-12 | 지뻔뻔 처럼해바여
san.08.31 | 2025-05-13 | 구멍을 뚫어 보는 것은 어떨까요?
dddffffggggggggggggggggggggg | 2025-05-17 | 많이 해야해요
jjw140806 | 2025-05-20 | 껍질 까고 해야 돼요
gohyeonbeom17 | 2025-05-22 | 껍질까서해야돼요.
nonoha0107 | 2025-05-24 | 水も一緒に入れたら行けると思う！
cejogye | 2025-05-27 | 드라이아이스에하면잘되용❤️❤️❤️
baegsuyeol9 | 2025-05-31 | 드라이 아이스는 된다던데
tumama8233 | 2025-06-02 | ¿Qué está intentando hacer?
yunseol0325 | 2025-06-02 | 아니면 지뻔뻔님처럼 드라 아이스에 해 보세여!
neoid11 | 2025-06-05 | 몇살이예요? 고등학생 같은데....
_yzn1jsox | 2025-06-11 | 드라이 아이스로 해주세요
olifiakolinn7 | 2025-06-15 | 卡曼石头被日语看看
eunho3215 | 2025-06-16 | 프라임 넣어즈세요
naeun.0522 | 2025-06-17 | 그거 20번 눌러보세여?!!
fiola__olaa | 2025-06-24 | 나는 당신이 먹는 방식을 좋아합니다 😍
lee_hyojun15 | 2025-07-12 | 그거 드라이 아이스 대용량 사셔서 수건 위에 깔고 반갈라서 하루동안 묵어두면 돼요
dilna_za010 | 2025-07-15 | 보기만 해도 먹고 싶어🤤
sk45093559 | 2025-07-25 | 물넣으면 돼는뎅
seo_hyun0808 | 2025-07-26 | 탄산 여러번 넣어야 하지 않아요??
woorimkim13127 | 2025-07-28 | 와...벌써 이렇게 크다니...
kim.nnnay | 2025-07-29 | 그거 드라이아이스에 14시간 넣으면 탄산 생겨여!!
k.keonhyeong11 | 2025-07-29 | 물이랑해보세요
lotu.s0419 | 2025-07-29 | 탄산 더 많이 넣으면 될껄요?
h_jjoon2013 | 2025-07-30 | 드라이아이스로 하면 잘됨
yuneunsu91 | 2025-07-31 | 아이스 박스에 2~3시간 넣어야 완벽헤요
r_a6977 | 2025-07-31 | 水も入れてみたらどうですか？"
2025-03-25,1만,"소금빵, 초코빵도 맛있는데 마늘빵까지?! 농심 빵부장 마늘빵 역대급 신상입니다! 마늘빵 매니아 강.추 수정됨 · 18주","#광고, #농심, #인생을맛있게, #nongshim, #빵부장, #빵부장소금빵, #빵부장초코빵, #빵부장마늘빵","ax_h.00 | 2025-03-23 | 진짜 오랜만에 봤는데 너무 이뻐지신 거 아니에요? ㅜㅜㅜ
wwigan.12 | 2025-03-17 | ❤️❤️
tai_.0214 | 2025-03-18 | 저만 그녀의 영상에 중독된 걸까요?
jio.s_1104 | 2025-03-17 | 진짜 맛있게 드신다 😮
sabrina112011 | 2025-04-03 | 😍
haram109_ | 2025-03-19 | 딸기맛운????
bnag_chan_9362 | 2025-03-17 | ❤️❤️
vale.grana2 | 2025-04-23 | 却如此😮‍💨
_1234je | 2025-03-18 | 마늘빵 저거 진짜 맛있는데ㅠㅠㅠ
rahofa_r_r | 2025-03-20 | I want it 😭❤️
faycheryl7 | 2025-03-30 | Cantik banget❤️🔥
unicorn.6963059 | 2025-03-20 | ❤️❤️❤️❤️😍😍😍😍😍
tsewhong | 2025-03-17 | 1111pin❤️
sxx.__.yul | 2025-03-27 | 라즈베리..어디갔지..
yulim225 | 2025-03-17 | 딸기는
slehdrhxjfakdmaeofhrufwjdgo | 2025-03-19 | 라즈베리빵 어디갔어... 근데 맛이 별로긴 함
leong._.zzi | 2025-03-21 | 영상 보면서 느낀건데 나머지 남은 음식들은 어떻게 처리하나용?
laleymisizz | 2025-03-25 | Why do you remind me of Lee Chaeryeong from Itzy 😭😭 she’s my bias… btw love ur page❤️
avaaaaa0000a | 2025-03-17 | Age???
96woo0717 | 2025-03-25 | まゆげ、薄いの気になる...."
2025-03-16,5.6만,여러분들이 가장 좋아하는 마라탕 토핑은??🤔 19주,"#toctocsia, #톡톡시아, #mukbang, #먹방, #마라탕, #먹스타그램, #이모지먹방, #emojimukbang, #마라탕후루","dodam_427 | 2025-03-17 | ㅇ ㅓ 오랜만에 보는데 되게 이뻐지셨네
j_m182 | 2025-03-16 | 😍😍😍
km.y_seoi | 2025-03-17 | 어ㅓㅓ 맛있겠당 😢
tai_.0214 | 2025-03-17 | 그녀는 너무 귀엽다 😍
yebin_726 | 2025-03-16 | 진짜 맛있겠다..🤤😋
eezinx_ | 2025-03-19 | 와ㅏ맛있겠다ㅏ👏👏
khansahamnidda | 2025-03-23 | find me in every mukbang videos
sm._kzim | 2025-03-25 | 배에서 꼬르륵 소리 나는사람———->
saud.acutie34 | 2025-03-16 | I also want this unnie 😍😢
enffl20141111 | 2025-03-23 | 숙주!!
youha121900 | 2025-05-09 | 유부🔥
jaejudoyidanggol | 2025-05-11 | 입 괜찮아요. 입에서 소리가많이나요
_seyoon0507 | 2025-05-02 | 무럭무럭 성장하셨군요
71m_limlim | 2025-03-16 | the food you post always makes me hungry. i want some. can i have some of your food.
1uv_so | 2025-03-18 | @jinyojeong_ 하….진짜죽겠네
clznq3_ | 2025-05-01 | 새벽에 보는데 배고프다..
la916916 | 2025-03-16 | 아주 맛있는
5eoyool | 2025-03-17 | 은근 치즈떡이랑 고구마떡 👍🏻👍🏻 근데 마라탕 마시게따🤤
sn_muk | 2025-03-16 | 바로 마라탕 시켰어요…😂
yon_jx1 | 2025-04-12 | @jung_hyune7
ch1k4ay__ | 2025-03-16 | first
dnazifa_qvz | 2025-03-16 | jdi lapar...
xqlah__ | 2025-03-16 | ❤️❤️❤️
min_se.07k | 2025-03-17 | 청경채🥬랑 고구마떡🍠
a.hj110403 | 2025-03-17 | ❤️❤️
avaaaaa0000a | 2025-03-17 | Age???
se0_yn52 | 2025-03-17 | 아니 밤에 보는데 먹고 시퍼요..
ojiweon437 | 2025-03-18 | 전 유부
lhg_0722 | 2025-03-18 | 마라탕 맛있겠다
kim_sarang.2015 | 2025-03-18 | 꿀꿀이 달라짐
yulim225 | 2025-03-19 | 잘먹는다
slicky0486 | 2025-03-19 | 미치겟다 배ㅐ민이 어딧더라
j.j_1273 | 2025-03-19 | 유부 분모자
so_.yexny | 2025-03-19 | 몇단계?
jianppy | 2025-03-20 | @hh___ew
_moi_ag | 2025-03-20 | @lucete_.yw 아..마라탕땡겨
xcwzio | 2025-03-20 | 비타민 시윤님 느낌있엉ㅅ요!
seeni7_5 | 2025-03-20 | 한입만요❤️
9_sojeong209_9 | 2025-03-21 | 푸주.숙주
intanlaurafatrisia01 | 2025-03-22 | Mba kmu mirip kim saeron
da7ux_ | 2025-03-22 | 방금 마라탕 먹은 1인...👏
hana_k_0131 | 2025-03-29 | 계속 먹으시는데 엄청 말르셨어요 부럽
jiu._.0119 | 2025-04-05 | 손가락 넘호 예뻐요
_axlky1004 | 2025-04-09 | なんかこの動画見て明日の持ち物にエプロンあるの思い出したわ
02_bin2 | 2025-04-09 | 마싯겟다 ㅠㅠ
yoki_kimkong | 2025-04-13 | 옥수수면&푸주♡♡♡
andria.abdi__ | 2025-04-13 | Pennaes
zizonminjung | 2025-04-16 | 🤤💦👅
zhx.un_ | 2025-04-19 | 아 배고파
jung929154 | 2025-04-19 | 🙌🙌🙌🙌🙌🙌🙌🙌
jung929154 | 2025-04-19 | 마라탕먹고
ijisu4944 | 2025-04-19 | 두부피쉬볼을 줄여너 두피볼
2_ji.h0 | 2025-04-22 | 지금 마라탕시키면 되는거죠?
jihwan9694 | 2025-04-26 | 우와!!! 오늘 저녁은 마라탕이다!!!!!
athena.likes.food._ | 2025-04-28 | You look like rami 😍
ayoo_n1009 | 2025-04-29 | 전 유부여
seojuna31 | 2025-05-06 | 😍😍
mojji._.12 | 2025-05-06 | 맛있겠댜
hyo_miniverse | 2025-05-13 | 팽이버섯, 비엔나, 청경채, 고수 꼭 추가함
tyalasss | 2025-05-13 | seblak?😭
h1e1o | 2025-05-14 | 톡톡시아의 무서운 습관
gureumi6451 | 2025-05-19 | 마시겠땅😍
nahayoung11 | 2025-05-25 | 풀버전 찍어주세요❤️❤️
hx.y82n | 2025-05-26 | 진짜 맛있겠다
alika_love_you | 2025-05-30 | 👏❤️👏👏❤️👏👏❤️
happy_.anding | 2025-05-30 | 유부!!🙌
goawlsekdu | 2025-06-07 | 오랜만에 보니까 너무 이쁘네여!!!
g0n_z14 | 2025-06-08 | 와 겁나 맛잇겟다 배고파
l_yuoay | 2025-06-09 | 음..백목이버섯!
nuske.00 | 2025-06-23 | 개맛있겠다
13.425887 | 2025-06-24 | 이런 각도 너무좋아요👏👏
sumin.1316 | 2025-06-25 | 단발 하면 자라올릴거 같아여ㅕ>!<
yyeo.njin | 2025-07-06 | 개이쁘다하.........개사랑함
_ye0.r | 2025-07-15 | 마이크 입안에 넣고 하시나요?너무 좋아요
jungbom_815 | 2025-07-25 | 너무 예쁘다,,ㅠ
xb0star_ | 2025-07-27 | 우아 이뻐졌다
fsy20_13 | 2025-07-28 | 헐..너무 이뻐지셨어요..나도바 이뻐..그리고 먹을때 나도 마라탕 먹구싶어짐..ㅠ
fsy20_13 | 2025-07-28 | 아 잠시만요 오타가 았어요..호호
samm01_6 | 2025-07-29 | 바로마라탕시켰어용👏🔥
mi.njun512 | 2025-07-30 | 소고기"
2025-03-14,1.1만,(광고) 수제 젤라또처럼 쫀쫀한데 맛까지 똑같은 저당 파베크림콘!! 19주,"#파베크림콘, #라라스윗#CU신상, #편의점신상, #신상디저트, #편의점디저트, #라라스윗저당콘, #저당콘, #저당파베크림콘, #라라스윗콘","hlisa.caa | 2025-03-14 | mirip yeon hearts2hearts
its_racha_lzr | 2025-03-14 | 귀여운 ❤️😍
7728teakook | 2025-03-14 | Cute😍😍😍😍
by_quuuuartz | 2025-03-14 | 우왕 젤라또 챌린지?? 신기해요🙌🙌
anhthuutran23 | 2025-03-15 | Cặc😍
kim_youngmi567 | 2025-03-14 | 와..피부 엄청 하야세요 부러워요
jangsansc28 | 2025-03-23 | 16빠
toctocsia | 2025-03-14 | 저당 파베크림콘은
가까운 CU편의점에서 구매 가능!!
owchies.o6 | 2025-03-16 | Maraş dan calmislar
kaeilazhra | 2025-03-14 | ANYEONGGG
luvley_daga | 2025-03-25 | Why she looks like.. nevermind
avaaaaa0000a | 2025-03-17 | Age??"
2025-03-13,6.9만,겨울엔 화채😭 20주,"#toctocsia, #톡톡시아, #먹방, #mukbang, #화채, #과일화채, #hwachae","miss.kanroji_ | 2025-03-14 | 아이릿 원희 닮았다 ❤️ ^•^
yinai945 | 2025-03-13 | 맛있겠다🍓🤤
tai_.0214 | 2025-03-14 | 너무 귀여워요😍
jktthbfiy | 2025-03-14 | ちゃんとモザイクあって嬉しい笑
seunga381 | 2025-03-13 | 진짜 여신 같아여~^^
moka_7407 | 2025-03-13 | 🤤💕
likkssmta04 | 2025-03-13 | Es buah versi mewah😭😭
c.1xn0903 | 2025-03-14 | 수박이 지금 팔긴해요?
linaaawwwww | 2025-03-29 | Ini mah es buah ya'elahh😭
kizuha_art | 2025-03-14 | Makkk aku nonton ini di bulan puasaaa 😢
sabrina112011 | 2025-03-13 | ❤️
gahee_kims2 | 2025-03-13 | 오늘도 넘 이쁘신❤️
imyejin5123456 | 2025-03-14 | 필터인가?? 짱예쁘다
tania.ra259 | 2025-03-13 | Ini es buah gak sii?!! 😭
tabo10h | 2025-03-13 | 😮😢😛😋
krzn_flwr.xyaa | 2025-03-14 | Bukannya yang hijau kiwi?
geanggi_218 | 2025-03-15 | Apapun yang dia makan kok jadi kriuk😭
cssnaaa | 2025-03-14 | alis?
nurzenginn_ | 2025-04-07 | Like I said, it’s very good
imnottcryy | 2025-03-14 | Ngapain sih angka sebelas mulu
llrr_rr0 | 2025-03-13 | ❤️❤️
jaeh_yean12 | 2025-03-13 | 진짜로요
konaelectrickimminyeop | 2025-03-13 | 미안한데 맞팔좀 부탁해도될까?
khalq_bek | 2025-03-14 | 😍
mnisarahi | 2025-03-14 | 😢
xyz_ncaa1 | 2025-03-14 | @rismaaj25
soheekim1007 | 2025-03-14 | 전 수박
oswald.gabriel | 2025-03-14 | 👏😢
llyre_hc | 2025-03-15 | why do I feel like she's getting prettier each post 🥰
shecalledmechinkchong | 2025-03-16 | 맛있겠다…..
avaaaaa0000a | 2025-03-17 | Age???????
lalramparrr | 2025-03-17 | Bulubeli
manisha_fema | 2025-03-19 | 😂😂😂😂😂😂
my_name_is_kaycee | 2025-03-19 | @iamkkkan 下次吃呢
carmen.ortiz.545849 | 2025-03-22 | Qué le ha pasado a tu cara?
t_hee._.kim | 2025-03-26 | 10년생 이라니 🥲🥲
nicfda_draws | 2025-03-28 | Eu só lembrando do meme ""lets try the jellou""
anjani_joulie | 2025-03-30 | Es buah versi premium 😍
xyz_ti_ww | 2025-04-07 | Kok yang gw denger pas dia bilang stoberi malah jadi tai sih 😭😭
happy_soyang15 | 2025-04-10 | 와..수박 진짜 맛있던데요😍
sang_bwong | 2025-04-18 | @oh_seunggyun 나이거...
itstaeehyy | 2025-04-22 | Yediği şeyin adı ne?
flower_nuh | 2025-04-25 | ""How I said! Is really good!'
lapat_tech | 2025-04-29 | ดูเขากินเสร็จดูแคปชั่น
ite_me_boithem | 2025-05-02 | You are beautiful but you don't have eyebrows
minhofox.294 | 2025-05-02 | You are not cute
anggun_meylita27 | 2025-05-06 | ¥£€¢
zawa_n2013 | 2025-05-12 | ❤️
sheeta1211 | 2025-05-20 | 🤤🤤🤤
wxxieon | 2025-05-21 | Vậy là bạn chưa ăn trái cây dằm của Việt Nam rồi
marianaochoa611 | 2025-05-25 | @lilyxgarcia
trianakarin3 | 2025-05-31 | Kaya enak banget 🤤🤤🤤
alissonvianeymedina | 2025-06-04 | Por qué come así 😭
dana_abaeva5 | 2025-06-07 | Она когбуто лёд кушает
cml.bzcgl | 2025-06-17 | 너무 귀엽고 맛있어요🍓🍍
errtriaa202 | 2025-06-24 | makan di buat buat😭😭😭
zahraabdoll67 | 2025-07-19 | 😢😢😢
emmuuss_straykids_ | 2025-07-28 | Youre my fav muckbangerr💗💗💗
aho_od2014 | 2025-07-29 | 우와"
2025-03-11,8149,이 가격에 이 퀄리티? 💛✨ 상상의끝을 보여주는 신제품 3종을 모두 먹으면 얼마일까요?👛 친구를 소환@하고 정답을 댓글로 남겨주세요! 추첨을 통해 경품도 드려요~🎁 🍔기간: 3/11(화)~3/16(일) 🍔발표: 3/19(수) 🍔선물: 이마트24 모바일상품권 3천원권(5명) * 이마트24 인스타그램 팔로우 필수!✨ 20주,"#광고, #댓글이벤트","monster_heehee | 2025-03-12 | 6,200원이요🔥
sin_min_tang | 2025-03-12 | 6200원
h.rin_137 | 2025-03-15 | 6200원 ! 🙌🔥🍔
fall_210104 | 2025-03-12 | 6200원
lshfilm | 2025-03-12 | 6200원
hey._.kyong | 2025-03-11 | 6,200원 ! 요즘 햄버거 하나에 8000-10,000원하고, 커피한잔에 5,000원이 기본옵션인데, 지금 식사와 디저트를 만원안으로 끝내버리고이따구,,, 시뢰냐 ,,,? 🤦🏻‍♀️
080518soo | 2025-03-12 | 6200원 👏
_oong700_ | 2025-03-11 | 6200원
songiyo | 2025-03-12 | @born_eve 6200원🧡
kilhwa0611 | 2025-03-11 | 6200원👏👏@eunhwa781
polk.11111 | 2025-03-11 | 6200원❤️ @shkkiki
cindy_____914 | 2025-03-12 | 6200원!! 갓성비 최고…👍👍 @ga0_____
inzzuk_2 | 2025-03-12 | @billya_zi 6200👏👏
kangeunjin0209 | 2025-03-11 | 6200원!!!
miri.chol | 2025-03-12 | 6200우ㅏㄴ
hh_5189 | 2025-03-12 | @khr0090 6200원 입니다~!💕💕💕
cuteaico | 2025-03-12 | 6200원 @aritaum_jungma
kimda0806 | 2025-03-11 | @minseo.kim704
엄청싸다
skylove0301 | 2025-03-12 | 6200원 고고 @jdchung0132
down__j | 2025-03-11 | 6,200원 ❤️ @lastblade12
kangjin34 | 2025-03-11 | 6200원 @ryeonaheo
pshzz109 | 2025-03-14 | 6200원 !!
hmlyu | 2025-03-11 | 6200원😍 @lyu.hr
bora240 | 2025-03-12 | 6,200원
@pinkyoung0 @applerica1004
bboyami_taste | 2025-03-12 | #6200원 ❤️ @yanghyeok_kwon
young_eun.k | 2025-03-12 | 6,200원👏
@seoha859 @jihun_1u1
lmh820327 | 2025-03-11 | 6200원
toctocsia | 2025-03-11 | 🍔
gaminmam | 2025-03-12 | 6200원
tongsil2da | 2025-03-12 | 6,200원 ❤️ 🤣👍
hojae00a | 2025-03-12 | @eu._lnd
columbiank0 | 2025-03-11 | 6200원
swhx01 | 2025-03-12 | 6200원 @tonarinoju
parkhj8809 | 2025-03-12 | 6200원❤️❤️
itstooearlytogiveup | 2025-03-12 | 6200원! @icandoit_all
kiz0428 | 2025-03-11 | 6200원
loveitloveitoo | 2025-03-11 | 6200원 😍 @baribaristaa
131110_ | 2025-03-11 | #6200원 😍 @bboyami_taste ❤️
mikumany | 2025-03-11 | 6200원❤️
kokoa07186 | 2025-03-11 | 6200원
heajun11 | 2025-03-11 | 아니 언제 이렇게 크셨나요? ㅋㅋㅋ
yarne_da | 2025-03-11 | 6200원입니다
senigasun | 2025-03-11 | 6200원 @audslmaudslm
pppiinkk | 2025-03-11 | 6200원@gusgml_0822
ju_hee1019 | 2025-03-11 | @navy.noh 다해서 6200원
mumu02172020 | 2025-03-11 | 3빠
gjh000112 | 2025-03-11 | 6,200원 입니다 (／^^)／
sonhanji6 | 2025-03-11 | 우와 엄청 오랜만에 보는데 엄청 많이 컸네요
snrk_wkd9 | 2025-03-11 | 6200원이용!
l.o.n_s | 2025-03-11 | 6200원!! 2200 버거 나오고 바로 먹어봤는데 맛있어요!
m1ang_9 | 2025-03-11 | 6200원
ibin148 | 2025-03-12 | 아 ㅋㅋ 커피을 못드셔서 그냥 넘기는거 겁나 귀여워.ㅠ
heoseongjin153 | 2025-03-12 | 6200
suhyeonna | 2025-03-13 | 6200원
kanzi_bnd | 2025-03-13 | 6
kanzi_bnd | 2025-03-13 | 6200원!!💓
gksrhdwn | 2025-03-13 | 6,200원🔥❤️
catherine_0504 | 2025-03-13 | 6200원🩷 @minjija1367  @minim_ini7656 @lovely_ji_won2
heeyoungyooo | 2025-03-14 | 6200원❤️
chooselov2 | 2025-03-14 | 6200원 @doredore.247
doredore.247 | 2025-03-14 | 6200원
rookie127127 | 2025-03-14 | 6200원
babamba.labamba | 2025-03-14 | 6200원
rinyumyum | 2025-03-14 | 6200원❤️❤️ @rabi.daily
_.1halyn | 2025-03-14 | 6200원
305hyeon | 2025-03-14 | 6200원 @dlraud305
jgyeongnam | 2025-03-15 | 6200원
m.m.ss77 | 2025-03-16 | @es.l.01 6200원
qlrpdiq | 2025-03-16 | @alfirymu 6,200원😍
alfirymu | 2025-03-16 | @alfirymu 6,200원😍
mellow_mx_ | 2025-03-17 | 6200원
rabi.daily | 2025-03-17 | 6200원 @82929
e.sxxl | 2025-03-17 | 6200원
h_sin_min_tang | 2025-03-18 | 6200원
jayoun.yoo | 2025-03-20 | 6200원
p.manafli | 2025-04-03 | Saçına hangi bakım maskası yapiyorsun lütfen banada söyle 🥺🙏🏻"
2025-03-08,18.3만,맘스터치 핫치즈싸이순살+치밥..ㄷㄷ 이걸 이제야 먹어보다니..😭 20주,"#toctocsia, #톡톡시아, #mukbang, #먹방, #맘스터치, #맘스터치치킨, #핫치즈싸이순살, #핫치즈빅싸이순살","xxv.x.vv | 2025-03-12 | 와개이뻐지심
khalq_bek | 2025-03-08 | 😍
b.arran_ | 2025-03-09 | And stiiiillll skinny...what's your secret?
oi._14 | 2025-06-05 | 🥰💔طلعلي الريل واني صايمه حسبي الله
whoi.sxox.o | 2025-03-10 | ㅈㄴ맛있겟다 ㅆㅂ ㅁㅊ ㅠㅠ
timeyoushh | 2025-04-13 | Nasi sama kulit warnanya samaaa 😭😭🤏
duhwa.jeong | 2025-03-09 | 톡톡시아님 ㅋㅋ 언제이렇게 많이 성장하셧나요 ㅎㅎ
ratri.rs | 2025-03-09 | Sudah besar😍
rebeca._.alves | 2025-03-08 | This looks so good, I can't imagine what it tastes like
riccooo_m | 2025-03-08 | Third comment
thxxranyax.exee | 2025-03-08 | Hii
ddoa_7419 | 2025-03-08 | 1분 전 ㄴㅇㅅ~
nguyenhongnhung.13 | 2025-03-08 | So delicious🤤🤤🤤
esmanur_ercek | 2025-03-08 | Noooo noooo ramazan Kerim 😢😢😢
delviraameliaputri_ | 2025-03-08 | 나는 다시 단식을 하고 있는데, 대신 이것을 보았습니다.😢😂
hera_gulshan | 2025-03-08 | Heloooooo
charmnaries | 2025-03-09 | @pparkjjae_1039 요거양
2bari_ | 2025-03-13 | @hyejin2821004 이거 먹고싶다
user.0708_ | 2025-03-08 | i love mukbang😝
riopa082 | 2025-04-23 | おいしそー
l.j.s0419 | 2025-04-27 | 그래서 몇원임?
gim.gimujun | 2025-03-12 | 치킨무 가 빠졌다😮
hyukjoon12 | 2025-04-24 | 신예서다
thxxranyax.exee | 2025-03-08 | Earlyyy
he_5.17 | 2025-03-09 | @wkddlsghks
nyannkor | 2025-03-09 | 絶対美味しいやつ、、、、🤤
may_sae_2011 | 2025-03-10 | ❤️😍
zz_72882 | 2025-03-10 | 看了好餓
pes151109 | 2025-03-11 | 초등학샘?
0.smj.9 | 2025-03-12 | 저기 저 테이블에 있는 소스좀 닦아줘요
wooklkl | 2025-03-12 | 코봉
in__ing__ | 2025-03-12 | @g1xyzn_ 머리기른가연이?
_22.xn | 2025-03-12 | 팔뚝 무슨일.. ㄷㄷ
ripsun_9822 | 2025-03-12 | 엄
k.mirimi_030 | 2025-03-12 | @hong2_030 먹고싶다
asha1.234566 | 2025-03-12 | Jangan terlalu berisik makan nya
seul__8.30 | 2025-03-12 | @huni7044
gimyeongnan80 | 2025-03-12 | 배고파용ㅠㅠㅠㅎㅎ
_ieo1o | 2025-03-12 | 안매운버전으로도 나왓으면 ㅠㅠ
fckyo._.ug | 2025-03-13 | 분명 초딩이였는데..
lee_gyu14 | 2025-03-13 | 맛있겠다
imcaemin9416 | 2025-03-13 | 맛있겠누
m_iinji | 2025-03-14 | 🔥
ji._.yunp | 2025-03-14 | 그렇게 먹는데도 이쁘고 살이 안찐것같음
ccupcakenie | 2025-03-15 | 맛있어보이고 너 정말 귀여워
kiraxmtndew | 2025-03-19 | how to make plz hi
akilanta | 2025-03-19 | это вы много лет назад записывали видео, где считали до десяти на русском?
unicorn.6963059 | 2025-03-20 | ❤️❤️❤️❤️❤️❤️❤️❤️
alskatjwls | 2025-03-20 | 근데 궁금한데 먹방 s
alskatjwls | 2025-03-20 | 궁금한게 있는데 먹방 asmr하는 사람들운 목에 마이크 넣고 해요?
etoakimova | 2025-03-21 | Why is she so white😐
moonlight.shines.on.me | 2025-03-22 | saw her video right after scrolling your video 😂
lehh.carmesim | 2025-03-22 | Eu ia fazer bullying, mas seria mt maldade
luvssoin | 2025-03-22 | 예전에는 완전 아기 셨는데 지금은 넘 예뿌잔어 ㅜㅜ
safwani.as | 2025-03-24 | Besor dah kau 🔥
love20258jj | 2025-03-24 | 개맛있겠다
tamayonahomy2 | 2025-03-25 | love 😍🥰
sdqzahro | 2025-03-25 | Dibawah nya vidio yg di stich
f_raction | 2025-03-25 | 음...😭옛날의 무쌍의 매력도 사라지고 점점 대중의 기준에맞는 예뻐지려는것같아서...아쉽다...
yueunmyoung | 2025-03-27 | 먹방 볼려고 했는데 얼굴보게 돼네?🙌🙌🙌
jaylyy_ | 2025-03-28 | I literally just scroll past that video before coming to yours
h.xeong_7 | 2025-03-28 | 이거 매움요?
aylarrr_1w | 2025-03-29 | چقدر بزرگ شدی
ma_0_ht | 2025-03-29 | @ma_vialon
sson.da123 | 2025-03-29 | 넘 맛있겠다 ㅠㅠ
ichaaa3116 | 2025-03-30 | Agak mirip kim saeron
elifnaz_gokoglu | 2025-04-01 | Babymonster asa 😂
_santiago_1108 | 2025-04-02 | IT IS LITERALLY THE VIDEO I SAW ABOVE, THE ONE OF THE GIRL WHOSE VIDEO HE COPIED😂
ji_.soo0917 | 2025-04-02 | 언니아이브가을닯았어요
anab_eatriz00943 | 2025-04-03 | 🤤😋
_najwalaili | 2025-04-03 | she is sooo beautiful 😍
hamin_130323 | 2025-04-03 | 예쁘노
suixn.11 | 2025-04-03 | 아 진짜 ㅈㄴ 마싯겟드아..
amenene1171 | 2025-04-04 | ตอแหล
h_oxin0 | 2025-04-05 | 소리 진짜 미친거 아님? 저거 개맛있음 님들 저 소리를 맛으로 표현할정도로;
moonlight1__sunlight1 | 2025-04-06 | Можете сказать что она есть?
0dtiie | 2025-04-08 | You’re so beautiful
qinglin_zz | 2025-04-11 | 像蒙古人
sunwoo_8373_ | 2025-04-15 | 시아 개많이 크셨다;;;;;
skdbswn6814 | 2025-04-19 | 으악!! ㅠㅠ 부러버
h.yxnu1 | 2025-04-24 | 저거 맵기 어느정도에요?
hyuiannn | 2025-05-03 | U look like asa 😭😭so cute
zerossujin | 2025-05-04 | 이분은 그래서 얼마를 버신걸까
hueyniki0719 | 2025-05-05 | 😍😍😍
hael._.1_4 | 2025-05-11 | 아 ㅜㅜㅜ 진찌 맛있겠다 ㅠㅍㅍㅍㅍㅍㅍㅍㅊㅍㅍㅍㅍㅍ
mintiw3tbz | 2025-05-12 | @ar._.mi._
rezya_flower8 | 2025-05-12 | Ого 😮 она так выросла
__dmswn__ | 2025-05-12 | @__tnqls___ @man_ga_j97
meiiiiiiiii79 | 2025-05-14 | かわいいぶんめっちゃたべかたきれい
walboy0527 | 2025-05-19 | 내가 장담하는데 저건 무조건 치밥해야함.. 개맛도리ㅠㅠ
coeeunbyeol55 | 2025-05-20 | 맛있겠당
ohajeong516 | 2025-05-31 | 먹구시다..
5.02636 | 2025-05-31 | 😢
song3206661 | 2025-06-08 | 예쁘다
tanishkajoshis | 2025-06-20 | is this ai too
sa._.12in | 2025-06-23 | 언니 너무 예뻐여
fiola__olaa | 2025-06-24 | 정말 맛있어요, 꼭 먹어보고 싶은데 저는 인도네시아에 있어요😂😂
gwn_minthe | 2025-06-25 | Sybau
milk_ice_aaaa | 2025-06-27 | 언이라
x_danha13 | 2025-06-28 | 안 매워여?"
2025-03-02,8.9만,탄산 샤인머스켓??😱 Fizzy grapes?? 🍇 21주,"#toctocsia, #톡톡시아, #배네타, #먹방, #mukbang, #recipe","marvelebram | 2025-03-02 | Maybe try to poke the grapes so the fizz goes in the grapes?
shutterchic_444 | 2025-03-02 | ❤️
elis_guntari | 2025-03-02 | Ku membersarkan mu dari bayi dengan kuota ku , kamu sudah gadis ... cantik 🥰
sabrina112011 | 2025-03-03 | 😍😍❤️❤️❤️
ha._.hyeon11 | 2025-03-03 | 반으로 갈라서 하면 되쇼
gvnjee460 | 2025-03-03 | 👏👏@
inkedsun | 2025-03-02 | You are supposed to leave them in the fridge for 24h to make it work. Or to cut them in half and put them in the fridge for a few hours
_zwio.134 | 2025-03-03 | 사이다에 넣어놓으면 돼요!!
ijunu8470 | 2025-03-03 | 차가운 상태로 하세요
miya_himari_angel | 2025-03-23 | 陽光青提！！！
saud.acutie34 | 2025-03-02 | Cutie ❤️
marron.chips | 2025-03-04 | 탄산수에 담그면 어때요?
炭酸水に漬けてみたらどう？
_aunxxs | 2025-03-03 | 반으로 자른다음 하면 될것 같아요
0ye_wn | 2025-03-03 | 탄산을 바로 빼지 말고 조금 방치?시켜두면 어느정도 될 것 같아요!
vanellacourelrey | 2025-03-02 | yum
yulbin_1020 | 2025-03-14 | 드라이 아이스에 넣으면 탄산생겨요!!
nguyenhominha | 2025-03-02 | Yum
s_eo1220 | 2025-03-02 | 구멍 을 뚤어 보세요!
ligh_t1010 | 2025-03-03 | 가위로 조금 자르고 하면 되던데;;
laurenluvsgod | 2025-03-03 | You do it wait a few minutes and reapeat
ddttyy383 | 2025-03-03 | 몇살이시저? 제가볼때는 한중2?
love_hodo_amber | 2025-03-02 | 드라이아이스
a.ouy1 | 2025-03-02 | 왜케성숙해짐
yu_.so1 | 2025-03-03 | 오렌지 넣어봐요
s.2_xa | 2025-03-03 | 구멍 몇개 뚫어놓고 해봐용
joyunjae73 | 2025-03-03 | 반으로 쪼개서 먹어보세요!!!!!
yoon._1217 | 2025-03-08 | 드라이아이스로 하면 돼요!
mnm2_040 | 2025-03-08 | 규멍을 내봥7ㅕ
haeun7942 | 2025-03-08 | 반으로 갈리면 되겠는데여
_kr_hangyeom | 2025-03-09 | 잘라서 하시면 됄거같아요!
munkhzul.ae.912112 | 2025-03-11 | Little Asa
real_fc_no.17 | 2025-03-13 | 포도를 젓가락으로 뚤거나 반으로 잘라서 해보세요!
bin8.8 | 2025-04-05 | 잘라서 조금만 넣으는것도 될거같아요
ellasmella.a | 2025-04-07 | u have to keep it in the bottle for a while.
choi_bom0011 | 2025-04-07 | 구멍을 뚫어보세연
gi_m2w | 2025-04-16 | 탄산이 나오는 뾰족한거에 꽂아서 해보세요
gi_m2w | 2025-04-16 | 포도 하나만 꽂아서
coeeunhyeog717 | 2025-05-03 | 이거 탄산기계가 아니라 드라이 아이스 기계에요! 드라이 아이스에 1일 제우면 돼요
or7lyooeun13 | 2025-05-06 | 구멍을 뚤고 해보시면 어떨까요?
yejin1004cute | 2025-05-07 | 아니면 겉에를 살짝 칼로 잘르세여
dgan832 | 2025-05-19 | 🫵🏻🇹🇷 👉🏻. ♥️🇯🇵🇰🇷♥️🫶🏻
fro82209 | 2025-05-26 | 약간 구멍 뚫어서 해놔여
lyj_204 | 2025-06-07 | 물 살짝 넣고 ㄱㄱ
kaliyah8776 | 2025-07-11 | I want to try this pretty cool😍
ttxorukii | 2025-07-16 | ❤️"
2025-02-26,3만,양푼이 대왕 딸기빙수??🍓😱 22주,"#톡톡시아, #toctocsia, #먹방, #mukbang, #먹스타그램, #emojimukbang, #딸기빙수, #디저트","nliop_12 | 2025-02-27 | 이거 누가 다먹어요??
khalq_bek | 2025-02-26 | 😍
white__joan | 2025-02-26 | 진짜 넘 먹고싶다…😍
yoonah48o | 2025-02-27 | 와 진짜 크다 ㅋㅋ 숟가락도 엄청크다
khalq_bek | 2025-02-26 | 😍
se0yx_n.3 | 2025-02-26 | 헐 미쳤다 개 맛잇겟당 24분전!
hanseyeong096 | 2025-02-26 | 와 ..미쳤다 먹고 싶다😍
147____.5 | 2025-02-26 | 와..진짜 딸기 미쳤다아 ㅠㅠ 🥺
rae_alyssandra_santos | 2025-02-26 | ❤️
nx_jnyzt | 2025-02-26 | ..
y.xirzj14 | 2025-03-10 | 맛있겠다.... 나는 엄마가 먹지말라하는데ㅠㅠ
im__milaaa | 2025-02-26 | 🔥
se_ungwoo7 | 2025-02-27 | 누가 다 먹냐;;
jeon_9598 | 2025-03-01 | Me dió diabetes nomás de verlo
hlooorzii | 2025-03-01 | Speaker ny diletak dimana si nyaring bgt😭
its.xing99 | 2025-02-26 | yummy 🤌🏻😋
fleurlyiefl | 2025-02-26 | two
lea.l.b | 2025-02-26 | Omg so satisfying
sieun._.0530 | 2025-02-26 | 시아언니 몇살인가요?
im__milaaa | 2025-02-26 | ❤️
im__milaaa | 2025-02-26 | 🙌
rwny6301 | 2025-02-27 | 🙌🙌🙌
broke_2003 | 2025-02-28 | MY TEETH !!!
ur7sevda | 2025-03-01 | Where is jungwon??
sabrina112011 | 2025-03-03 | ❤️❤️❤️
soheekim1007 | 2025-03-06 | 마이크가 어디 있는 거에요..?
sunwoo13927 | 2025-03-07 | 근데 저걸 혼자서 다?
sh.j103 | 2025-03-08 | 유튜브에 보면 가족이랑 다같이 나눠 먹었다고 했습니당….
nail_fatemehkdori | 2025-03-10 | به به
its.crazyy_safaa | 2025-03-10 | Can u make homemade ramen / noodles?
mindao1216 | 2025-03-12 | 너무 이쁘다
katrielycostac | 2025-03-14 | ❤️❤️❤️❤️❤️
thee.rovir | 2025-03-15 | BINSUUUUUUUU 🤤
seoheoyeo | 2025-03-15 | ❤️
setayeshbabaie2007 | 2025-03-16 | So what do you do with extra?🙄
jjin5620 | 2025-03-17 | 아니 시아님 너무 미싯게 머거서 배고프잖아여
kathy._.kwan | 2025-03-18 | How are you going to eat it all of that ice cream, there is so much, let me eat some!
jx_ah2 | 2025-03-27 | 언니 이거 남은거 어껗게 했오?
ruxuannn | 2025-04-05 | 부자들은 다 이렇게 딸기를 먹는 걸까요?
happy_soyang15 | 2025-04-10 | 담에 수박도 해주세요!!!!
fatyienmyra | 2025-04-18 | 😍 @fiaamani
emma150706 | 2025-06-05 | 부러워😍
0930.audrey | 2025-07-10 | 너는 내가 너에게 말한 것을 낭비하지 않는 것이 좋겠다. 너는 다 먹을 수 있다. 그렇지 않으면 여기서 트래픽을 얻는 것이 무슨 의미가 있느냐
amin814812 | 2025-07-24 | 음식 남비하지마세요 지구반대편은 그걸 먹고싶어도 못먹는데 음식남비는 좀……..
_asanova_x | 2025-07-30 | 너 엄청 못 먹어, 아쉬쉬 소리 너무 짜증나"
2025-02-22,3.6만,여러분들이 젤 좋아하는 맛은?? 구슬아이스크림 이모지 먹방😭 22주,"#toctocsia, #톡톡시아, #mukbang, #먹방, #구슬아이스크림, #먹스타그램, #emojimukbang, #이모지먹방","yinai945 | 2025-03-13 | 나 이거 아이스크림 진짜좋아 하지만 나 대만에서 살아 있어😢🔥❤️
khg72920 | 2025-03-07 | 저도 초코맛을제일좋아해요ㅕㅕ
boring.1314 | 2025-02-22 | ❤️🔥🔥❤️❤️❤️❤️
coco_osksk | 2025-02-24 | 저도 초코맛! ❤️
khalq_bek | 2025-02-22 | 😍
zxop.13 | 2025-02-23 | ❤️
wisteria_flower_11 | 2025-02-23 | この子が幼い時から見てるけどいつも美味しそうに食べる🤤🩷
xqlah__ | 2025-02-22 | ❤️❤️❤️❤️❤️
young_e21 | 2025-02-22 | 언니 너무 입퍼요❤️
seventwicenhypen | 2025-02-22 | 😋😋
soeland.xi | 2025-02-23 | 저는 무지개맛
7728teakook | 2025-02-22 | ❤️❤️❤️
wisteria_flower_11 | 2025-02-23 | 可愛い🩷
lidaomeizao8 | 2025-02-22 | 美味しそうに食べてるね。いいなぁ。
yeoseum1 | 2025-02-23 | 🔥🔥🔥🔥
my_heart_forever77 | 2025-02-23 | 과일 맛
bekomothi1 | 2025-02-22 | 美味しいよね　札幌で似たやつ一回食べたことある
lqee18954 | 2025-02-23 | 🤤🤤🤤
ur_____dija | 2025-02-24 | @ichrakhafyane
s7.yeon | 2025-02-24 | 먹는 소리 좋댜..😋
bujkee_ | 2025-02-27 | ❤️
gimjian976 | 2025-02-28 | 저는 초코,오레오 사랑녀❤️❤️❤️
wuxuan678 | 2025-02-28 | 不错不错 看着就好吃
sabrina112011 | 2025-03-03 | ❤️❤️❤️
sabrina112011 | 2025-03-03 | 😍😍😍😍
blooopykid | 2025-03-07 | ❤️❤️❤️❤️❤️
mi_calzon_2005 | 2025-03-08 | Poke come así la wacha
hbm.alshafai | 2025-03-08 | 😋😋🤤🤤❤️👏
ihaein627 | 2025-03-09 | 저는 바나나스플릿맛❤️
allabt.meme | 2025-03-10 | Banana split is the bestt
raon._.0305 | 2025-03-16 | 저는 솜사탕이여
gimsongyeon34 | 2025-03-18 | 몇살 이세요?
yulim225 | 2025-03-19 | 나도주새여
yulim225 | 2025-03-19 | 오래오맛
cali_dally6 | 2025-03-24 | 너의 영상은 정말 대단
emo_stray_kiss | 2025-04-04 | These so expensive in Hk 30@1😢
septaanggraini9 | 2025-04-06 | 👏
yonne543 | 2025-04-17 | 레인보우!!🌈❤️❤️❤️🙌
kcz_140 | 2025-04-25 | 다 맛있음
jo_yuris_left_toe | 2025-05-13 | 나는 당신의 콘텐츠를 좋아한다
sinseoyul123 | 2025-05-30 | ❤️❤️❤️❤️❤️❤️너이뻐❤️❤️❤️❤️❤️❤️❤️
yuso_on | 2025-06-04 | 我也想吃
vania_deandra20 | 2025-06-12 | Sok imut
yenwu825 | 2025-07-14 | 我吃過
sa._.12in | 2025-07-15 | 저거 초딩때 학교에서 나오면 엄청 좋았는데 ㅠ 처음 학교에 저거 나왔을때 너무 좋아서 엄마가 여러맛으로 한 박스?시켰었는데
yumippe155 | 2025-07-27 | 日本にはない味があるね！"
2025-02-17,3.4만,이 영상을 밤에 보지 마시오..🤫 23주,"#toctocsia, #톡톡시아, #먹방, #mukbang, #먹스타그램, #비비큐, #BBQ, #자메이카통다리구이, #asmr","jiyox._.xn | 2025-02-17 | 톡톡시아님 진짜 너무 맛있게 드셔서 저 오늘 야식 치킨이요~~~~
se0yx_n.3 | 2025-02-17 | 너무 늦게 와써🥺 내 최애 음식이잖나😆 미쳤다 내일 먹어야겠다😽
yiqing_1001 | 2025-02-17 | Yum
ggocnyangi80 | 2025-03-03 | 와우 팬이 될것 같네요!!!!!!!!!! 팬이에요!!!!
parasite.photography | 2025-02-17 | 🤤🤤🤤 omg!!!
sinmincheol54 | 2025-03-02 | 밤에 봐버렸어ㅠㅠ2시23
zioziyaalmira | 2025-03-02 | Kenapa lewat nya pas puasa
erixns_ | 2025-02-19 | 밤에 봤어요..ㅠㅠㅠㅠㅠㅠㅠ
yujin_0115 | 2025-03-02 | 몇살이에요?
soxn9y | 2025-02-27 | 저도 주세요
chill_guy_man_gg | 2025-02-21 | 지금11신데😢
gimgimgweonsig | 2025-02-17 | 톡톡시아님이 고정함 써주세요
olzlyy | 2025-02-17 | 시아님 완전 어릴 때부터 봤는데 언제 이렇게 훌쩍 컸대요~? 이쁘게 잘 자라서 랜선이모는 굉장히 뿌듯합니다😊😊
xqlah__ | 2025-02-17 | 😍😍😍😍😍
_kristisha.sm | 2025-02-17 | Eat latiao
rai.el.an | 2025-02-17 | Смотрю и так и хочется хлебом закусить😂
heabinkwon13 | 2025-02-19 | 망했어 밤에 보고 말았어 ㅜㅜ
youdnfo | 2025-02-19 | ㅎ ㅏ
h.x1ul_ | 2025-02-20 | 겁나 이쁘다
pes151109 | 2025-02-27 | 혹시총등학생이에요?
_o3yue | 2025-02-28 | 누나 이뻐요
lushuoen | 2025-03-01 | 😍😍😍
sinwoo_1004 | 2025-03-02 | 12시2분에반데
sabrina112011 | 2025-03-03 | ❤️❤️
z_0215jae | 2025-03-03 | 맛있겠다
soheekim1007 | 2025-03-06 | 매워요?
x0zx1_ | 2025-03-07 | 
sara_aglan2012 | 2025-03-08 | 맛있다 맛있다
s7.yeon | 2025-03-14 | 먹는소리 진짜 뭔데...이렇게 좋아도 돼는거냐고요오옹오 😍😍😍😍😍
na.in0909 | 2025-04-26 | 언니 너무 귀여워요!!ㅠㅠ
jo_yuris_left_toe | 2025-05-13 | 너무 맛있어 보여요 ㅋㅋ 💯
Thdxoals1 | 2025-05-21 | 유튜브에서 보다 인스타에서 또보는..
gangyunseo425 | 2025-05-25 | 어머 할때 개 웃기다ㅜ
iyaangangang | 2025-05-26 | 주방 벽을 라듐으로 만드셨나요
hs_184_ | 2025-05-27 | 설마.. 바다 포도 먹던... 에이~ 아니겠지 ㅎㅎㅎ
moa.my.favorite_txt | 2025-05-27 | 오늘 먹었는데 또 먹고 싶네요..
j1h._.un | 2025-05-28 | 나 저녁인데 너무 베고파😢😢
gimyebin674 | 2025-06-05 | 12:16분 망했다
nuske.00 | 2025-06-14 | 현재시각 1시5분 아직늦지않았다
nasanbatenerel | 2025-06-15 | 🔥
fiola__olaa | 2025-06-24 | 음 내가 제일 좋아하는 치킨 😮😮
oec090803 | 2025-06-25 | 지금 보고있는 고1
yx.jux20 | 2025-06-28 | 검나 맛있겠다
jeonjunseo560 | 2025-06-28 | 11시반인ㄷ
gimmindi10 | 2025-06-29 | 어릴때 이거보다가 시끄럽다고 혼 났는데
sxneon_ | 2025-06-30 | 마시겠다
p._.mh0714 | 2025-07-04 | 하….
moon._.jh12 | 2025-07-17 | 오
seohyeon5606 | 2025-07-28 | 그니까…당신이? 저랑 동갑……!!!
chaeyuni__7 | 2025-07-30 | 입좀 닦고 먹어라
qlll_rpdla | 2025-08-01 | @wiiishhi"
2025-02-12,3만,불닭마요 연어국수 라구요??😭 24주,"#toctocsia, #톡톡시아, #먹방, #mukbang, #생연어, #연어국수, #불닭소스, #먹스타그램","ykxko.020 | 2025-02-12 | 당신은 실수로 그것을 날려버릴 때 너무 귀여워요.
shutterchic_444 | 2025-02-12 | ❤️
h_m.x10 | 2025-02-12 | 으아 불닭 연어 국수..진짜 넘 맛있겠어요..🤤저 연어 완전 좋아하는뎁..저도 해먹어 봐야 겠어요..츄릅❤️
xqlah__ | 2025-02-12 | 저는 명란젓을 곁들여 먹는 걸 좋아하는데 정말 맛있어 보이네요.
alba_gnv | 2025-02-21 | 더울 때 바람을 부는 습관 😅😭😭
akari_21858 | 2025-02-12 | 😍😍😍😍
jjeoyunjjeoyun | 2025-03-07 | 너무 맛있게따🤤🤤
love_ha_nul.0507 | 2025-02-13 | 연어구입어디서하셨나요?
tteokjinie_ | 2025-02-12 | the crunch is sooo satisfying to hear!!😫🤍
rayiana280714 | 2025-04-06 | 😂
kayynachchaabuymaa | 2025-04-03 | 🤤🤤🤤
salusha_dsp | 2025-04-14 | 😂
alisagojai | 2025-03-09 | จังหวัดสิงห์บุรี
imp.trio_ | 2025-03-17 | @__30tn 이거 맛엤을까?
sarinnamvan | 2025-03-13 | 🤭🤭🤭
yulim225 | 2025-03-19 | 불닭이면못참지
yena4867 | 2025-02-13 | 로제떡뽂기같당
lemon_cheese_cake_ | 2025-02-21 | 이뻐라❤️❤️너무 이쁘게 잘 컸네요😍
dy_on12 | 2025-03-30 | 습관이 무서운 이유
ryunahyeon3 | 2025-02-21 | 어… 전 연어 싫어해요ㅋㅋㅋㅋㅋ
ateenhanana | 2025-02-13 | That’s not hot😂but the sounds will give me so hungry now🤣😋
annajenkins50909 | 2025-02-22 | .
favoritffzz | 2025-02-12 | indonesia sendiri
lubna.qn | 2025-03-20 | Is ramadan time im puasa😭
hyo_miniverse | 2025-03-29 | 입김 부는거 한국인들의 국룰ㅋ"
2025-02-05,6382,(광고) 역대급 꾸덕함ㅠ 파베크림 잔뜩 넣어 만든 라라스윗 대박 신상!! 25주,"#라라스윗저당크림콘, #라라스윗크림콘, #라라스윗, #아이스크림, #편의점신상, #먹방, #mukbang","1in_amillion27 | 2025-02-06 | عوافييي❤️❤️
sorrriyy | 2025-02-05 | 완전 맛나겠다...
se0yx_n.3 | 2025-02-05 | 헐 2분전!! 미쳤다 바로 사러 가야지❗😆
khalq_bek | 2025-02-05 | 😍
ft.shrey_13 | 2025-02-05 | ❤️🤤🤤
h_m.x10 | 2025-02-05 | 보기만 해도 진짜 꾸덕꾸덕 맛있겠어요❤️
j_jy.y | 2025-02-06 | 와진짜맛있겠네요
xqlah__ | 2025-02-05 | 😍😍😍😍
yousupring_ | 2025-02-05 | 👏
qldqld_rf | 2025-02-05 | 파베크림 처음 들어보는데.. 맛있겠다
ms.u_gyo_girl | 2025-02-06 | 쥑이네요
15.cvrrillo_crumt | 2025-03-31 | 얼마나 맛있길 바라는지!!
evenso5ri | 2025-02-05 | 와 나 콘 진짜 좋아하는데……😢😢😢😢
s.ha_113 | 2025-02-05 | 미텼다!
lee_bo_mang | 2025-02-06 | @jungteak6711 저당콘 미쳤나
wuxuan678 | 2025-02-06 | 很好吃感觉到😍😍😍😍😍 我不知道toctocsia讨不讨厌中国人
quuuuartz | 2025-02-05 | 파베크림 ??? 댕맛있겠다
bower_place_ | 2025-02-06 | 비주얼 미쳤다
jyuni.p | 2025-02-05 | 딸기조합 맛없없...
meunier.alyssa | 2025-02-07 | 🫠🫠🤤🤤😍😍
hana970812 | 2025-02-05 | 헉쓰 콘도 저당으로 나오다니 ㄷㄷㄷㄷ3
wuxuan678 | 2025-02-06 | 有人盗取你的视频并且发在中国抖音里
neoid11 | 2025-02-08 | 안 추워요?
toctocsia | 2025-02-05 | 제품은 CU,GS25,라라스윗 자사몰에서
구매하실 수 있습니다!"
2025-01-30,10만,양푼이 케이크??😱 26주,"#톡톡시아, #toctocsia, #스초생, #투썸, #먹방, #mukbang, #먹스타그램, #케이크","se0yx_n.3 | 2025-01-30 | 헐 맛있겠다 근데 당이...😱
kaminari_0209 | 2025-02-11 | この子が食べてるところ大好き(*´³`*)
本当に美味しそうに食べている👍🏿
sinseoyun2013 | 2025-01-30 | 와 스초생 제가 완전 좋아하는건데 거기에 우유,샤머 등등 다 제가 좋아하는거여욬!!와 진짜 넘 먹어보고싶어요😢😍🔥🙌❤️
seunga381 | 2025-02-03 | 와..많이 먹음에도 불구하고 살이 안찌고 말랐다…(너무 예쁨.!!)
helma.t1 | 2025-01-31 | wow😍
fox_84s | 2025-03-12 | هذا عنب؟؟
jomin_jae0107 | 2025-03-04 | 저거 남은건 어떻게 되는거지..?
noor_zoya_ki_kitchen | 2025-01-30 | ❤️❤️❤️😍
ilgns_3rgun | 2025-01-30 | 💕💕💕💕
yunzheong10 | 2025-02-01 | 근데 이게 칼로리 엄청나겠는데영ㅋㅋㅋ
eri_comasan | 2025-01-30 | WAO😱
ykiki_0110 | 2025-01-31 | I love it, but can you finish it all?
j_ghk_319 | 2025-01-30 | 불닭 컴온
th.shannie | 2025-02-02 | sn m muốn ăn kiểu v k? @_tran.qrpe_
shinsuin | 2025-02-05 | @leejikong_ 어떤데
m_mkno | 2025-05-30 | عالی❤️
winniechui1019 | 2025-02-06 | 피부는 어떻게 관리하시나요? 아주 아주 하얗죠.
_201920192019 | 2025-07-19 | Ohh myshala 😢😢😢
triasky213 | 2025-01-30 | Tryyy khunafa
imstrongerthanyou__ | 2025-01-30 | 와 ㅠ 원래 과일은 추가 안한것만 봐서 잘 모르겠던데 과일 추가해서 진짜 먹고싳음
arifahdwi_06 | 2025-01-30 | 😍
adan.sapphire | 2025-01-30 | No… I’ve been deceived.
itzxx__j4ynna | 2025-01-31 | 맛 있 겠 다
halyshits | 2025-01-31 | too sweaty 😢
jiseon091224 | 2025-02-01 | 비싼케익인뎅..
spes9.5 | 2025-02-03 | @min_se0luv @kim_aar
jskaq117 | 2025-02-04 | 스초생
_dreamylithg | 2025-02-04 | 두바이 초콜릿을 맛보세요. 정말 맛있어요. 😍
fatma8699ahmed | 2025-02-12 | ❤️❤️❤️❤️❤️
jyc06_04 | 2025-02-13 | 당뇨 조심하십쇼..
ur7sevda | 2025-03-01 | Jungwonie😭
parkseohyeon318 | 2025-03-31 | 아기원숭이가치생김
m_47i33 | 2025-05-13 | صداع
hecoconutt | 2025-05-19 | 맛있어 보이네요😱
flowerknows_17 | 2025-06-21 | With grape i don't like it
ervanur_0719 | 2025-06-30 | Waste of food
mitsukiis4n | 2025-07-15 | Não amassava
_sakurei | 2025-07-28 | الكالوريز😭💔
kemillezs._ | 2025-07-28 | a uva do tamanho do mundo"
2025-01-24,1.5만,(단순선물) 대왕 짜파게티..ㄷㄷ😱 26주,"#제품제공, #먹방, #mukbang, #toctocsia, #톡톡시아, #농심, #짜파게티더블랙","nicolekolin1977 | 2025-01-24 | 😍😍
ksj73420810 | 2025-01-29 | 😍😍😍
se0yx_n.3 | 2025-01-24 | 4분전! 크기 미쳤다😲
xqlah__ | 2025-01-24 | 😍😍😍😍😍
sua_12n | 2025-01-28 | 시아님....도대체 몸관리는 어뜨케 하시는 건지요...😢
badaucatrina | 2025-01-24 | THAT LOOKS SO GOOD OMG
h_m.x10 | 2025-01-24 | 와..크기 미쳤어요!대박🤭짜파게티 더 블랙은 맛이 좀 더 찐해서 맛있더라구요! 저도 먹고 맛있어서 놀랬어요🤎🤎
badaucatrina | 2025-01-24 | can we share?😭😭😭😭
0415.ais | 2025-01-24 | I want too😢😢
yoxihxx | 2025-01-25 | 다음엔 파김치랑 같이 먹어주세요 🥹😋
jo_yuris_left_toe | 2025-05-13 | 그걸 어디서 살 수 있는지 아시나요 🙊
wafaa__messages | 2025-01-24 | 🔥🔥🔥
bybosyie77 | 2025-04-14 | 🤤🤤🤤
fatemeh.8472 | 2025-03-09 | ❤️❤️I love you🙌
ha_jun014 | 2025-01-24 | 혹시짜파게티보다짜파게티더블랙이더맛잏나요?
badaucatrina | 2025-01-24 | 10 sec ago is crazy
gangsumug4 | 2025-01-24 | 이거 어디서 받을 수 있나요?
itaeyun376 | 2025-01-25 | 나두 미쳤어"
2025-01-17,23.5만,무지개 요아정??🌈😱 27주,"#톡톡시아, #toctocsia, #mukbang, #먹방, #요아정, #먹스타그램, #이모지먹방, #겨울간식","guloss_61 | 2025-01-21 | 아이스크림은 내가 제일 좋아하는 거야😼😋
xua_n.n | 2025-01-18 | LOVE THE ASMR SOUND SO MUCHHHH
ozzl_koozl | 2025-01-18 | 치약이라뇨..
gamm.1234 | 2025-01-19 | 😍😍😍😍😍😍😍😍😍น่ากิน
pwmgadjm | 2025-01-17 | クレヨンしんちゃんのカップだ！可愛い""(∩>ω<∩)""女性も可愛い""(∩>ω<∩)""
chocomint8833mk | 2025-01-18 | どこのだろ？韓国限定？？
jeongsaim1 | 2025-01-18 | 😍🔥❤️
se0yx_n.3 | 2025-01-17 | 완죤 맛있겠다 소리가 미쳤어요😋😽
presaiin | 2025-06-14 | ดูตั้งแต่ตอนเล็กๆตอนนี้เป็นสาวละ👏
1in_amillion27 | 2025-01-17 | Ice cream in winter? 😮
oducklover | 2025-01-17 | 맛잇겠댜ㅑㅑ❤️
gozde.islim | 2025-01-17 | ❤️❤️❤️❤️😍😍
gozde.islim | 2025-01-17 | ❤️❤️❤️❤️
gozde.islim | 2025-01-17 | 😍❤️
xqlah__ | 2025-01-17 | 😍😍😍😍😍😍😍😍😍
ceci31338 | 2025-01-18 | 아주 맛있었습니다
pjh.jihoon1026 | 2025-01-17 | 🔥🔥🔥🔥🔥🔥🔥🔥
_.sarvinaz_qaysar_qiz_ | 2025-01-27 | 😢😍😮
chew_zip | 2025-01-18 | I dont understand but the food looks good 😍
nasty_gadunova | 2025-01-17 | 🔥🔥
ci3_ci2 | 2025-01-18 | クレヨンしんちゃんのカップ可愛い💕おいしそう🤤
700eeeeeeai | 2025-01-30 | 音、いいね👏👍
largeboobsforlife | 2025-01-17 | 너무 달콤하고 음식도 좋아해요. 저는 음식을 좋아해요 ㅎㅎ
jeongseohyi400 | 2025-01-17 | 나 오늘 요아정 먹었요!
yunarin46 | 2025-01-18 | 소리 진짜 좋아염
seoheoyeo | 2025-01-18 | 😍😍😍😍😍😍😍
yang_taevv | 2025-01-17 | 너무 맛있어
melody_jammin | 2025-01-18 | 소리가 그냥 깨먹는 티라미수 케이크 깨는 소리인데? 이걸로 깨먹는 요아정 케잌을 만들 수 있울지도?(?)
dhi__shana | 2025-01-17 | Your ASMR is so good and makes me hungry 😋
jihaedam | 2025-01-17 | 시아야 입에 마이크 달렸니??
j.x3woo | 2025-01-17 | 우왕 넘 맛있을 것 같아여ㅕㅕ
nnrllhcn | 2025-01-18 | Dia klau ngunyah selalu keliatan enak, makanya selalu ikutan ngiler🫠
_sassy.mood | 2025-01-17 | İt looks so good😍
sunflowersofhaechan | 2025-02-01 | Recalled That Haechan Eats
eme_ru0525 | 2025-01-17 | 美味しそう😺
jihoo__0219 | 2025-01-17 | 요아정 한번도 안먹어 봤는데 ㅜ
parkjuyeon142 | 2025-01-17 | 요아정 한번도못먹어봤어요 먹고싶당 ㅠㅠ근데 건강이 안좋아서못먹엉😭😭😭
hmwjd_ | 2025-01-17 | @euxn.oa
charrgeblt | 2025-01-18 | KYO KANEKO COLOURS.
onseha13 | 2025-01-18 | 머랭쿠키 같닼ㅋㅋ
ceci31338 | 2025-01-18 | 군침이 돌네요 🤤 🤤
mjk_xct | 2025-01-18 | 소리가 이상하네요 꼭 해보고 싶네요🥲
z.anx12 | 2025-01-18 | 입에마이크를 둔건가
babylionisnotcute | 2025-01-19 | 이뻐지셨네
lakeshiaevangeline | 2025-01-19 | 😍😍
seongjihu49 | 2025-01-19 | 저도 오늘 요아정 먹었는데 ㅎㅎ
edel_138 | 2025-01-20 | 돈이많으신가여 ㅋㅋ 요아정을 ㅋㅋ
8all1ri | 2025-01-21 | 美味しそ~💖
y4ssoi | 2025-01-22 | بحسك وحدة متنمرة اصلي
rayquestzz | 2025-01-22 | 정말 예뻐요!
minhooo8888 | 2025-01-23 | 저게 아직도 유행아냐
setaysh.moon | 2025-01-24 | Is it ice cream again????
yoon._1217 | 2025-01-27 | 언니 치약아니야아
hx.3yg | 2025-01-28 | 🙌
lll_lll958 | 2025-01-29 | 헐.. 소리 뭐에요? 대박 ㄷㄷ 넘 차거우면서두 마싯겠어여ㅜㅜ 나두 먹구싶당
o07_kkjj | 2025-01-30 | I’m hungry now 😢
eomji_0502 | 2025-01-31 | 맛있겠다 무슨맛 저는 안먹었어요 요아정
minas_kha | 2025-02-13 | Она только мороженое хавает у неё что летний сезон начался
jarupitchayananma | 2025-02-14 | คนไทยบอกทีคืออะไร
yull.y12345 | 2025-02-19 | 소리 미쳤다...모두 쒀리 질러!!!👏👏
oo9.m9 | 2025-02-23 | Ur chopped 💝
user1301152403 | 2025-03-10 | this girl look just like jeongseob
itz_me_nganbi_ | 2025-03-13 | ❤️❤️
bb3.ka._.darays | 2025-03-13 | Tem como fazer em casa?
rlaehgjs9023 | 2025-03-19 | 치약? 치약이 아니라 민트겠죠
orangehibicus | 2025-03-20 | 오 이거 꼭 먹어보고 싶어요 너무 맛있어 보여요 (⁠ ⁠◜⁠‿⁠◝⁠ ⁠)⁠♡
corrythehole.ho | 2025-03-22 | You're so pretty
__thevoicesinmyhead | 2025-03-24 | How you became so pale
nu.ran1388 | 2025-03-27 | 저리 먹는데 살이안찐다고?!부럽댜
lvcyyn.h4ze | 2025-04-03 | The “OOUǓGH” sound she makes when she dropped the kiwi is so real
nmuun_namuun | 2025-04-03 | ❤️
inanana90 | 2025-04-03 | 나는 당신이 볼륨을 싫어합니다🔥
sofi_aes0 | 2025-04-04 | 안녕하세요. 정말 예쁘시네요.
zahra_koyunisa_427 | 2025-04-04 | Apakah aku cuma indo
66mar_len | 2025-04-04 | حركاتها بالاكل تغث....
_rchazxt | 2025-04-05 | Por que eles força pra parecer fofo ?
lara.rstck128 | 2025-04-05 | Can you pleaseeee try some german food pleaaaaaase
kimuwuim | 2025-04-06 | 너무 맛있어 보여요😫😫
kkefanatic | 2025-04-06 | Minhas cores amo
bagjaeyeong802 | 2025-04-06 | 망고 ❤️
fromi_bbang | 2025-04-11 | 민초파 맘상.
yujeong_0224 | 2025-04-11 | 키위 떨어트릴 때 우우오 넘 웃겨요❤️
y_jx1n1 | 2025-04-12 | 치약…
nxsowndl_ | 2025-04-15 | 😍😍👏
arifahdwi_06 | 2025-04-16 | 🤎😍
lxl.xin_lok | 2025-04-17 | 너희 한국인들은 이렇게 꿀벌을 즐겨 먹니
marituna12 | 2025-04-17 | 😍😍😍
naila_woee | 2025-04-19 | 맛있어요?저도 이거 갖고 싶어요 ❤️
hisaki7748 | 2025-04-20 | 👏😢😢🔥
phaksudaaors | 2025-04-21 | 总结来说，没必要吃。😂
ardnassac_mm | 2025-04-23 | You look like asa from baby monster your so pretty and cute 😭🤌🏻
sanso0625 | 2025-05-04 | 맛있겠당…..❤️
enbi1205 | 2025-05-25 | 예전부터 궁금했었는데요 학생이에요 성인이에요???
karla_170136 | 2025-05-29 | 콘 같은 진미😍
4ilxcv0 | 2025-06-13 | وين المايكروفون؟؟؟؟
kui.6x | 2025-06-19 | يههه كيف تاكلم اسناني وجعني بدالها
khooikoh_1018 | 2025-06-22 | 看起来好好吃🥹
sxxz_fee._ | 2025-06-27 | ไมพี่อยุ่ไหนน
iniathayajuga | 2025-06-30 | SODAPPNYOOOO😰😰
sudin_09_ | 2025-07-07 | 치약...아....;..."
2025-01-11,16.1만,소리 미쳤다..😱아이스플랜트 @sn_muk 28주,"#mukbang, #먹방, #아이스플랜트, #toctocsia, #톡톡시아, #먹스타그램, #유행음식","ss90.10.29 | 2025-01-11 | 시아 너무 빨리 큰다! 앙대 ㅜㅜ❤️❤️❤️❤️
ksy.1923 | 2025-01-11 | 먹고싶댜
hiyomi_yuna | 2025-01-11 | これ、おいしいです🥺✨
your_lamya | 2025-01-11 | 💗💗
sn_muk | 2025-01-11 | 혹시 토끼세요.?? 🐰😂
moonmoon9720 | 2025-01-13 | 有资深粉丝知道，她的麦克风放在哪里吗😂 效果好好，什么牌子呀
ji._huuo | 2025-01-12 | 소리 너무 좋아요 ㅠㅠㅠ👏
tw._.kumo._.zoe | 2025-01-11 | 有人能翻譯翻譯他在說什麼嗎(◐‿◑)�
yangsj0210 | 2025-01-13 | 아이스플렌트 재배해봤는데 씨앗은 기포보다 작고..키우는데 넘 오래걸리구 모종 잘 키워도 거기서 30프로만 살고 키우긴 어려웠지만 신기하게 생겼고 사람마다 호불호가 갈렸어요 ㅋㅋㅋ 느끼하다는 사람도 많아서 더는 재배 안하고 있어요..ㅜ 저는 입맛에 맛던데 키우는게 오래걸려서 안키웁니다 ㅜ 먹는거보니 저도 먹고싶네용
kim_yeram1118 | 2025-01-11 | 시아 누나 예쁜거 같아
watermeylon_ | 2025-02-03 | Bunyinya Kayak Kerupuk Yak, Crunchy 😮
da_.a1ali | 2025-01-11 | 정말 맛있을 것 같아 🤤
nelsy_yulian | 2025-01-19 | Pake sambel mbak
gabrielagerdjikova11 | 2025-01-13 | 😮😮😮
rlawlgns11 | 2025-02-12 | ❤️😍
hys01_26 | 2025-01-12 | 시아 언니 토끼 닮았어요!
그리고 언제나 힘내세요!!
merveyilmaz4987 | 2025-04-11 | !?
annisafauzi_zizi | 2025-03-15 | Pake sambel trasi mba😭
5eoyool | 2025-01-12 | 아니 너무 토끼같이먹자나ㅠㅠ 토끼 머리띠하고 왔어야됐던거 아냐??🐰오늘도 시아 너무 귀여워💖
yitong_liao | 2025-01-18 | 這是澎湖的冰花…嗎😯有沒有看得懂韓文的華人來替我解答(◐‿◑)�
soogii__tsas | 2025-03-23 | Dubai chocolate 🙏🏻🙏🏻
sherl5505 | 2025-01-13 | 너무 맛있어 보여요
kim_yeram1118 | 2025-01-11 | 소리대박
bintangkejora7_ | 2025-01-14 | @waorissduwalr
seon__zip | 2025-01-12 | 시아님 아이스플랜트는 샐러드나 초장에찍어드시면 맛있답니다❤️
faroha143skzlixe | 2025-01-22 | You are so cuteee❤️
1pxarq._ | 2025-01-16 | @aesngburaanerwdii น่ากิน
chi.mi.na | 2025-01-11 | Maybe try eating the leaves first
lakeshiaevangeline | 2025-01-12 | 먼저 씻어야 하나요? 아니면 그냥 먹어도 되나요?
moonnight_cpm | 2025-01-14 | 초장마렵다
garmpark21 | 2025-01-13 | 다음엔 프라임 음료 부탁드려요.
j1z.se0 | 2025-01-11 | 무슨맛이에영
1in_amillion27 | 2025-01-11 | انت تكبرين بسرعة 😭
barrahasbi_ | 2025-01-12 | You're so funny😂
yilin_26 | 2025-01-15 | bīng Cài 冰菜😂 is a very famous vegetable in China and can be eaten raw.
ward_turki9 | 2025-02-18 | You are so cut
boom_eww | 2025-01-25 | 저런거 안 씻고 생으로 먹으면 기생충 감염되지 않나요
fbrriaa | 2025-04-08 | di gue ko bikin gatel mulut nya si😢
baba_ove | 2025-01-11 | 한번 먹어보고싶다
gunash349 | 2025-01-12 | 🔥
julia.wich.czarnuch | 2025-01-11 | Shes soo cuteee
ceci31338 | 2025-01-11 | 군침이 도는 🤤🤤
gimgimgweonsig | 2025-01-11 | 좋아요 짝수로 받기 1일차
h._.amy_6 | 2025-01-12 | 샐러드랑 먹으면 맛있겠당
jkxf97 | 2025-01-11 | 이것은 양 고추 냉이 잎입니까?
jungsy42 | 2025-01-11 | 그리ㅏ서 맛은요???😢😢
iamalexaaaa_ | 2025-01-11 | First!
se0yx_n.3 | 2025-01-11 | 12분전!!
h_m.x10 | 2025-01-11 | 시아님 오늘도 영상 잘봤어요❤️
_tabark_tweeti | 2025-01-11 | Such a sheep
elzrxx_ | 2025-01-11 | 짜다？
l.am.sleepy.everyday | 2025-01-11 | 져지정보좀요 제발ㅠㅠㅠㅠ
jamlove8017 | 2025-01-12 | 채소 먹방 쉽지않쥬~~?!^^
r__an_i | 2025-01-12 | @angbamom_ @dojiae_ 마싯겟댜
acornlav | 2025-01-12 | she kinda looks like badvillains hue
anzico_ | 2025-01-12 | dekkk, aku ikutin kamu dr kamu piyik. skrg udh gede mukbangnya konsisten bgt dek
loaded.ds | 2025-01-12 | 내가 톡톡시아 14살 부터 봤는데 이제 17인데 아직도 잘먹노
gyeo.m92 | 2025-01-12 | 10 조합은 없던가요?
e.nisa.ceyhann | 2025-01-13 | Böcek yerken bu kadar düşünmemiştir kesin 😂
ricekiller_dami | 2025-01-13 | 누나 사랑해요
n_ddn6 | 2025-01-13 | 점점 이뻐지세요
mycosmeaccount | 2025-01-13 | アイスプラント大好き！🥺塩気があるからマヨネーズと合う🥰🥰
y___x.z01 | 2025-01-13 | 연속해서 씹을때 걱걱걱걱 소리나요 ㄱㄱㄱㄱㄱㅎ
slxq001 | 2025-01-13 | ポン酢につけて食べたら革命❤︎
joon.kb0 | 2025-01-13 | 입속에 마이크 있나
_joy_glee | 2025-01-13 | 토끼 같애...💗
goyaung_e12 | 2025-01-13 | 손 넘 이쁘셔요!❤️
andird76 | 2025-01-13 | 🐑🐑🐑🐑
ihyun1210 | 2025-01-13 | 👏
dawojung | 2025-01-13 | 궁금한.. 어디서 사용.?ㅎ
erichmariebaraga | 2025-01-13 | 좋은 아스피린
happy_12725 | 2025-01-13 | 토끼같아😍😢
nuie_nuhiii | 2025-01-14 | looks different 🤔
akiro_shiruzaka | 2025-01-14 | Maybe try freezing it to add more crunch
canzz_cantikaa | 2025-01-14 | こんにちは
380hesam | 2025-01-14 | Cute
shon_pinero | 2025-01-14 | Make that into kimchi
youn89_jw | 2025-01-15 | 알고리즘에 나와서 봤는데 제가 알던 그 귀여운 시아 맞나여!!! 진짜 많이 컸네요ㅎㅎ😮😍
y.xrcxe | 2025-01-15 | 미친 이제 몇살이신가요?😢
_caxa.7 | 2025-01-16 | 톡톡시아님! 짜파게티 먹방 가능한가요??
_hana.k._ | 2025-01-16 | Sound 👍🏻 Taste 😵‍💫
nathan.swimgeek | 2025-01-17 | 야채 이름이 뭐예요?
chermine0121 | 2025-01-17 | That’s one way to get me to eat my vegetables
core_resan | 2025-01-18 | 葉っぱがメインだよ
5un.oi | 2025-01-19 | 이분 누구 닮았는데 누군지 모르겠다ㅠ
your_dayyy7 | 2025-01-20 | Cuci dulu sayang
anakintropet_1 | 2025-01-21 | ❤️❤️❤️
ho_jin_its | 2025-01-21 | 👏👏
rndofficialbrand | 2025-01-22 | Cobain pakek sambel pasti sedap 🤤
lujin.lmb | 2025-01-25 | That is the crunchies thing I have ever heard😂😂😂
mobe1232024 | 2025-01-27 | Rau đó là rau gì mà giòn vậy
ratu.p_putri___ | 2025-02-03 | 말 남 ㅔㅁ음 와
santianjanisan | 2025-02-14 | Ko bisa yah, mic nya secara otomatis pas makan baru nyaring bgt suaranya, pas dia ngmg kcil x
hey_wlz_nai | 2025-02-24 | 크면 한국에 가보고 싶어요. 꿈에 그리던 나라로 날아가는 게 꿈이에요. 인도네시아에서 인사드립니다 🇮🇩🇮🇩🇮🇩
cogaihayoverthink | 2025-02-26 | Việt Nam tôi gọi nó là rau rền
monkey_man633 | 2025-03-09 | I have these in my garden, it tastes way better when you boil it.
mi__ku_0823 | 2025-03-10 | 春菊みたいな感じだね？なんか見た目が
kim_sarang.2015 | 2025-03-18 | 꿀꿀이 달라짐
p338559 | 2025-03-22 | 好吃的冰花
naa_pinkan | 2025-03-23 | Nyaman x aku denger suara crunchy nya😌"
2025-01-06,7548,(광고) 한번 먹으면 무조건 한봉 순삭 한다는 그 감자칩!!! 29주,"#가루비감자칩, #야키니쿠맛, #감자칩, #calbee, #해태, #먹방, #mukbang, #편의점과자","se0yx_n.3 | 2025-01-06 | 맛있겠다 이건 꼭 먹어야징😍
yoonah48o | 2025-01-06 | 맛있겟다 😊😊
muslima_0774 | 2025-01-06 | 😍😍
muslima_0774 | 2025-01-06 | ❤️❤️
deer.493312 | 2025-01-06 | いち！美味しそう…🤤
sqe._loo8 | 2025-01-06 | 美味しそう食べたい
maybe.z0eyy._ | 2025-05-06 | (⁠◍⁠•⁠ᴗ⁠•⁠◍⁠)⁠❤
eundong12345 | 2025-01-08 | 언니는 날이 갈수록 예뻐져여❤️
itaeyun376 | 2025-01-07 | 나두
your_lamya | 2025-01-06 | I like you ❤️please reply me
yun.w_05 | 2025-01-06 | 分享😋
tuba_7_7_7 | 2025-01-06 | Saç rengi çok güzel
hnya_nya568 | 2025-01-08 | やきにくあじ！
toctocsia | 2025-01-06 | 가루비감자칩 먹고 일본 온천여행가자!!!
1등 여행상품권 부터 에어팟프로 그리고 가루비감자칩 제품까지
(자세한 이벤트 내용은 제품 포장지 뒷면 참조!)
hangyumin_1309 | 2025-01-11 | 한달 평균 수익이 얼마인가요?"
2024-12-21,2.4만,겨울간식 베스트 5😭 [Video Source Support] Youtube channel ”freeticon“ 31주,"#톡톡시아, #toctocsia, #먹스타그램, #이모지먹방, #mukbang, #먹방, #asmr, #겨울간식","h_m.x10 | 2024-12-21 | 우왕 겨울간식..👏진짜 다 맛있겠어요🤤저는 고구마도🍠진짜 좋아하고 꿀호떡도 정말 정말 좋아해요 겨울에는 맛있는 간식들이 많아서 정말 행복하죠..^__^겨울에는 맛있는게 참 많아서 살도 찌죠❤️하지만 맛있는걸 많이 먹고 내년에 빼면되니 완전 럭키비키네요🍀시아님 영상은 늘 잘 챙겨보고 있어요 곧 방학인데 더 많이 볼수 있으니 자주 올게요! 더더 예뻐디는 시아님 항상 응원합니다💜💛
xqlah__ | 2024-12-21 | 😍😍😍😍😍
se0yx_n.3 | 2024-12-22 | 진짜 맛있깄당😢😢
llrr_rr0 | 2024-12-21 | 당신은 정말 대단해요, 사랑해요 ❤️❤️❤️
7728teakook | 2024-12-21 | 😍😍😍😍
lola081188 | 2024-12-21 | 😍😍😍😍😍😍❤️❤️❤️❤️❤️❤️
daheeskii | 2024-12-22 | 호떡을 너무 마싯게 먹쟈남..👍👍😽😽
lola081188 | 2024-12-21 | 🇺🇿🇰🇷💋❤
noor_zoya_ki_kitchen | 2024-12-21 | ❤️😍
kkeess_xx | 2024-12-21 | 으앜 귀여워!!
hax.j1_ | 2025-01-05 | 귤..
gfff_choisan | 2024-12-27 | haa, opo ora mudeng aku?
dekaa.69 | 2024-12-22 | Masih penasaran naro mic nya dmn?
sinseoyun2013 | 2024-12-21 | 4빠!!!
5eoyool | 2024-12-21 | 역시 1위는 대망의 붕어빵 진짜 저거 하나때문에 계좌이체안될때에는 겨울에 천원짜리 품에 안고다녔어야했는데ㅠㅠ🤣🤣 시아 귀요워❣️
mirorororrrr | 2024-12-21 | @h4sh4s_ Kaka kata dia itu ubi cilembu yg pas kentut jadi bau ya❤️
sso.___.11 | 2024-12-21 | ㅎ...하...한 입만....
2sx.yr | 2024-12-21 | 귤이 없네
a_jin_0910 | 2024-12-22 | 입속에 혹시 마이크가 있나요……?😮
do_kyoung14 | 2024-12-22 | 맛있겠다….🤤
luznase | 2024-12-22 | 맛있겠다(츄베릅)
r_.r5s | 2024-12-22 | 당신은 너무 아름답고 귀엽습니다. 사랑해요🥹💗
jaein_kngf | 2024-12-23 | 호빵의 뜻은 오랑케족이 많이 먹었다 해서 오랑케 호를 써서 호빵이레여
sonali_hd_ | 2024-12-23 | 👏👏
cheesejo | 2024-12-23 | @bang._.angel
zagda__ | 2024-12-24 | Dubai chocolate pls
noa_chan26389 | 2024-12-25 | why you are so cute😍
eezh793 | 2024-12-26 | ㅎㅇ
y.i_u0 | 2024-12-27 | 난 어묵 1위
mi_lee_lee_ju | 2024-12-28 | 볼때마다 너무맛있게먹네요 먹방! 응원합니다 👏
thirionlou4 | 2024-12-29 | you are so cute ❤️❤️
j.unk_13 | 2024-12-29 | 저만 2위 귤 생각했나용?
s.a_lly29 | 2025-01-04 | 온니 진짜 이쁘게도 먹는댜아
_no._.jamminn | 2025-01-05 | 귤은요?
haim.leeee | 2025-01-06 | 어묵오늘먹었는데
mc_shin___ | 2025-01-07 | 타코야키는여 ,,,,
pjh.jihoon1026 | 2025-01-11 | 야채호빵 존맛임. ㄹㅇ🔥🔥
asmabayat41 | 2025-01-15 | ❤️
gimh.yeonmyeong5564 | 2025-01-20 | 군고구마랑 것절이랑 먹는 것도 맛있어요!!
afruzka.a | 2025-01-23 | iloyimshapilamiolpket
snowstar_0225 | 2025-01-28 | 저는 1위:어묵 2위:붕어빵 3위:호떡 4위:호빵 5위:고구마 입니당
llm_uri_0103 | 2025-02-13 | 밖에서 서서먹는 포장마차 어묵... 참을수없다
anyvely_ | 2025-02-24 | 근데 시아님 마이크 쓰세요??
ks._wok | 2025-03-02 | 귤이 앖ㄴ는대..?
hyuido | 2025-03-21 | 먹방도 잘하시네용❤️
mordjan_bkh | 2025-03-22 | 🔥🔥❤️❤️❤️
revqillaa | 2025-03-25 | Ngomong OPO sieh Iki
charvi_instastory | 2025-04-03 | 😍😍😍😍😍😍
ijiu._.584 | 2025-05-23 | 어묵..!
sindayun18 | 2025-06-30 | 귤도..귤은 이불 안해서 ㅎ❤️"
2024-12-17,5.7만,공차 크리스마스 이모지 먹방🎄🎅 32주,"#toctocsia, #톡톡시아, #mukbang, #먹방, #먹스타그램, #공차, #gongcha, #이모지먹방, #emoji","se0yx_n.3 | 2024-12-17 | 9분전! 맛있겠당!! 언니 점점 예뻐져요👏
siyeon.j0806_ | 2024-12-17 | 😍
silver_leex_x | 2024-12-17 | 따뜻한거면 진짜 개맛잇을거 같은데….
wvz.nndaa16 | 2024-12-21 | kok ditiup emang panas yaa😭
5eoyool | 2024-12-17 | 귀여워!!❣️
largeboobsforlife | 2024-12-17 | 톡토시아, 너는 정말 예쁘고 예뻐. 너무 사랑하고 좋은 하루 보내길 바라. 나도 음식을 좋아해. 이런 새로운 음식과 먹방에 대한 리뷰를 계속 써줘.
shahiahaahlah | 2024-12-17 | indonesia sendiri
odgerel0608 | 2025-01-05 | Harhaas oi gutna
mgzkrl | 2024-12-18 | Mano, ela tem um microfone na garganta?
jaccalhounart | 2024-12-17 | Why did she blow on boba as if it was hot?
kurt_ainnnttt | 2025-01-05 | the sound is faking😭😭
ziqin_lsmies._.1117 | 2024-12-18 | ASMR"
2024-12-09,9270,"(광고) 초콜릿 덕후라면 이번 몰티져스 신상, 레인디어 보이면 꼭 사세요ㅠ @maltesers_korea @dinotaeng [Video Source Support] Youtube channel ”freeticon“ 수정됨 · 33주","#몰티져스, #다이노탱, #메리크런치마스, #크리스마스, #디저트, #몰티져스레인디어, #초콜릿, #디저트, #X-MAS, #먹방, #mukbang","johashi | 2024-12-09 | Love Maltesers!!
twobok._.mom | 2024-12-16 | 머야 언제 이렇게 컸어요? 난 늙은동안 시아양은 아가씨가 됬네요😍
guloss_61 | 2024-12-26 | 새해가 다가온다💗
sinseoyun2013 | 2024-12-09 | 진짜 저렇게 먹어보고싶다ㅠ😍🔥❤️😢
do_kyoung14 | 2024-12-09 | 맛있는데 귀엽기 까지 하면 럭키비키자나?!
shino_6202 | 2024-12-09 | ❤️❤️❤️
ai_zaa_266 | 2024-12-18 | 😍😍😍😍
se0yx_n.3 | 2024-12-09 | 이건 꼭 사야지😍
___2279244 | 2024-12-09 | おいしそ！
honoka_104m | 2024-12-09 | フォロー失礼します❤️
yin_.0628 | 2024-12-14 | IG에서 만나서 너무 반가워요😭 중국 사이트에서 인기도 많고 정말 좋아해요💗
__.dreamfactory.__ | 2024-12-09 | 오🤤먹어보고싶어요❤️‍🔥
kaiiiii_66 | 2024-12-13 | 좋은 것 같습니다❤️
wey6lo | 2024-12-09 | cokolato?
hmhm.guchi313480 | 2024-12-09 | めっちゃ似合ってる！！！
anhthuutran23 | 2025-01-12 | 😍
barrahasbi_ | 2024-12-10 | Maaauuu satuuuu😍
anazew | 2024-12-09 | 옷 어디꺼에요
black_pink__7777 | 2024-12-09 | 😍😍😍
black_pink__7777 | 2024-12-09 | ❤️❤️❤️
toctocsia | 2024-12-09 | 몰티져스와 다이노탱이 만나 더 귀욤 달콤해졌습니다😭
이번 크리스마스 선물로🎁
몰티져스 레인디어 & 몰티져스|다이노탱 완전 딱!!

몰티져스 버켓 2개 또는 레인디어 구매 시 몰티져스|다이노탱 스티커 & 몰티져스|다이노탱 초코볼머그컵 증정 *한정수량!

12월 한정 몰티져스 버켓을 구매하는 모든 분들에게 몰티져스|다이노탱 스티커 증정은 덤!!
카카오톡 선물하기로 구매 가능!!"
2024-12-08,7.2만,설빙 이모지 먹방😭 sulbing emoji mukbang! 33주,"#먹방, #mukbang, #toctocsia, #먹스타그램, #이모지먹방, #설빙, #디저트, #겨울디저트","weyung1p_ | 2025-03-13 | اتفرج عليها وانا صايمه🌞
ix_rose33 | 2024-12-09 | 정말 맛있어보이네요🫨
se0yx_n.3 | 2024-12-08 | 너무 맛있겠다 먹고싶어요😢👏
la_thiffah_ | 2024-12-08 | Kayaknya enak🤤
sinseoyun2013 | 2024-12-08 | 와..미춌다ㅡㅡㅡ😍❤️
j_m182 | 2024-12-08 | 😍😍😍
zyachki_m | 2024-12-09 | ❤️
heoseonah | 2024-12-14 | 우아아 넘 맛있겟다 그리고 얼많아 맛있으명 미쳤가가 나오지 ㅠㅠ 먹고 싶엉
71m_limlim | 2024-12-08 | What is that???🔥🔥🔥🔥
saava.o4 | 2024-12-08 | 👏❤️
befriendsbyanu | 2024-12-26 | Wa Wa Wa 😋
hmhm.guchi313480 | 2024-12-08 | 😍😍😍
iyujin0513 | 2024-12-08 | WOW😢❤️❤️
kkeess_xx | 2024-12-08 | 귀얍다😍
barrahasbi_ | 2024-12-09 | Cantik banget pas gede ny😍
se_ng.0 | 2025-02-12 | @_cocaq 유진이의단짝친구
r___dive_viti | 2024-12-09 | 겨울에 빙수…ㅋㅋ
everyone_nesaa | 2024-12-08 | mau dong bagi
yang_taevv | 2024-12-09 | 정말 좋아요
i_y0.x | 2025-01-01 | 3개 다먹어서 배탈안나나? 건건 조심하세요
kuchukhidzetaso | 2024-12-10 | Yami 🍄
parkjuyeon142 | 2024-12-08 | 설빙 👍
michela_younes_ | 2024-12-08 | C’est quoi ?
ana_12_lop | 2024-12-09 | Yo aquí comiéndome las uñas 😓
s0u4f | 2025-01-05 | Ur cheeks are so cuteeee
jjjnjjjjjjjn | 2024-12-09 | ㅠㅠㅠ장애인ㅋ
gabylyyy_ | 2024-12-10 | Deme
__kim_pab__ | 2024-12-10 | How old are you? 🍙
hmtl_aulia | 2024-12-16 | Aku suka cara makanmuu 😍
aomsinz._znzn | 2024-12-21 | ❤️❤️❤️
staydaeun | 2024-12-21 | 안추우세요..?
illilililillilllllililill | 2025-01-05 | 이게다얼마야
illilililillilllllililill | 2025-01-05 | 진짜브럽가
qili._520 | 2025-01-12 | 不可以自己吃獨食（喔沒
mohi_30k | 2025-01-14 | 먹는 모습이 너무 귀여워요 ♡
prv_emmi_shit | 2025-01-31 | 😍
gladys.0310 | 2025-03-03 | I love to watch you eat food is so satisfying 😍
tpks1472 | 2025-03-05 | 🙄🙄😏
manisha_fema | 2025-03-19 | 😂😂😂😂😂😂😂😂😂
nxsowndl_ | 2025-04-15 | 🔥🔥
julieta_murguia_ | 2025-04-15 | I'm the hungriest 😋😋
ijiu._.584 | 2025-05-23 | 한입만 주세요"
2024-12-02,1.2만,(광고) 3억 유튜버 미스터 비스트 리뉴얼 초콜릿이 나왔다고??😭 34주,"#미스터비스트, #미스터비스트피스터블초콜릿, #mrbeast, #feastables","c.xhwn_ | 2024-12-02 | 맛있겠ㄷㅏ.....,,,.
71m_limlim | 2024-12-02 | Awesome creative way of eating.👏👏
do_kyoung14 | 2024-12-02 | 피넛버터맛이 맛있겠네요 😍
se0yx_n.3 | 2024-12-02 | 1빠 39초전!! 먹고싶당😢
azl_iin | 2024-12-02 | ❤️🙌
eomseoeun76 | 2024-12-06 | 안녕하세요 저는 선주중학교 1학년 학생입니다.저는지금 선플달기 운동에 참여하고 있습니다.너무 예쁘세요.힘내세요
nastaransarhaji | 2024-12-02 | ❤️❤️
iyujin0513 | 2024-12-03 | 看起来好好吃🙌🙌
ji._huuo | 2025-01-19 | 근데 넘 비싸서 당장 내려놓왔어요ㅋㅋ
yang_taevv | 2024-12-02 | 너무 맛있어 보여요
juhajjan | 2024-12-03 | 피스터블
xqlah__ | 2024-12-02 | 정말 좋은 거야 아니면 아니야?
ijiu._.584 | 2025-05-23 | 이거 피넛버터가 찐임..
j1.hx_o | 2025-01-05 | 맛있는데
wuxuan678 | 2025-02-04 | @mrbeast 她好可爱啊
j1.hx_o | 2025-01-05 | 가나 초콜릿이더 많있는데
ggplm2013 | 2024-12-02 | 😢
z.ahmadi.05 | 2024-12-06 | 두바이 초콜릿 꼭 드셔보세요 !!
j1.hx_o | 2025-01-05 | 가나가
gzv08 | 2025-01-25 | 그 피넛버터 약간만 녹여서 먹어바여
_dreamylithg | 2025-02-04 | Because it comes out when I'm hungry 😢
viianaa_12 | 2024-12-02 | Cheguei cedo
toctocsia | 2024-12-02 | 미스터 비스트 초콜릿 오프라인 팝업 일정

1. 더현대서울, B1F 중앙 E/C 옆 보이드 행사장
(운영 기간 : 2024.11.29(금) ~ 2024.12.8(일) / 운영 시간 : 10:30 ~ 20:00)

2. 스타필드 고양점, B1F 스파오매장 앞 행사장
(운영 기간 : 2024.12.12(목) ~ 2024.12.24(화) / 운영 시간 : 10:00 ~ 22:00)"
2024-12-01,7.1만,모듬 초밥 이모지 먹방😭 sushi emoji mukbang🍣 34주,"#톡톡시아, #toctocsia, #먹방, #초밥, #sushi, #이모지먹방, #emojimukbang","yoor.yoori | 2024-12-07 | mic nya dimana ya?
se0yx_n.3 | 2024-12-01 | 오늘 나도 초밥 먹었는데 이거 보니깐 또 먹고 싶다😂
do_kyoung14 | 2024-12-07 | 너무 맛있게 드시는😍😍
xqlah__ | 2024-12-01 | 😍😍😍😍😍😍😍
lyd1a_wonyoungism | 2025-03-30 | ❤️맛있어 보인다
yeona._.0313 | 2024-12-02 | 언니 진짜 너무 맛있게먹는다ㅠㅠ😢😂
iyujin0513 | 2024-12-01 | 😍😍
yang_taevv | 2024-12-01 | 항상 영상 기다려요 맙소사 음식이 너무 맛있네요😍
taetae_kyung513 | 2024-12-09 | 장어초밥에 계란이라고..
yeziaren_clarissa | 2024-12-02 | Love your video
asha1.234566 | 2024-12-09 | Makan tuh jangan berisik😒
kkeess_xx | 2024-12-01 | 왤케 귀엽지ㅣ
gimseojun311 | 2024-12-05 | 근데 맛있게 먹노...
_thv_asu_ | 2024-12-01 | 😍😍😍❤️
jiyul.615 | 2024-12-09 | 이 분 혼자 사셔요?
gimseojun311 | 2024-12-05 | 장어초밥에서 계란초밥이라고 나옴 ㅋㅋ
werla7731 | 2024-12-07 | 장어초밥을 계란초밥이라 ㅋㅋㅋ
_thv_asu_ | 2024-12-01 | ❤️
71m_limlim | 2024-12-01 | please..send to indonesia...😂😂😂😂
hungryoc | 2024-12-02 | Yummmmm 🙌
kim013112 | 2024-12-07 | 모둠젤리에서 모둠초밥까지???ㅋㅋ
hi_skeshin | 2024-12-08 | 마지막에자막계란초밥인데요
yeon_woo9804 | 2024-12-02 | 어디초밥이에요????
_2.3ko.9 | 2024-12-01 | 한입충이 출동할것 같아요..😢
da_eul12 | 2024-12-01 | 이분 몆살이세요?
gimgayeon3478 | 2024-12-07 | 장어초밥 할때 자막이 계란 초밥인데..
happy_yellow0707 | 2024-12-08 | 초밥을 싫어하지만 먹고싶게 만드는 톡톡시아님의 매직❤️
o._s.en | 2024-12-08 | 난 새우 꼬리까지 먹는데
mys44aa | 2024-12-09 | Ceplak
gyutae_13 | 2024-12-10 | 즌ㅇㄴ
gyutae_13 | 2024-12-10 | 중간에 오타 났어여
tlqlf._.k | 2024-12-15 | 장어초밥인데 계란 초밥으로 오타 잇넬
imisareuin | 2024-12-17 | cô ấy gắn mic ở đâu??
shutterchic_444 | 2024-12-26 | ❤️
sun090613 | 2025-01-04 | 헐...너무 맛있게 드시는데요? 저도 초밥 찐~짜 좋아하는데😍
mi.lk7447 | 2025-01-05 | 장어가 계란..?
xih.ee56 | 2025-01-11 | 언니야...와사비 매워할때 너무 귀엽자나 ㅋㅋㅋㅋ
heeyaya80 | 2025-01-11 | 초밥 와 미쳣다🤤🤤🤤
supawanee_2013 | 2025-01-14 | พี่แกติดไมไว้ในปากหรอว่ะ😂😮
kurt_ainnnttt | 2025-01-18 | Stop using background music 😭😭
inluv_withella_ | 2025-01-19 | 너무 맛있어 보여요 ✨
waasnaaeruuencchanthr | 2025-01-20 | 아주 귀여워
nia_girlyou | 2025-01-20 | sok imut mo eh 🤔
snowstar_0225 | 2025-01-28 | 와 처음부터 와사비 테러...
y.oon__seo | 2025-02-06 | 장어초밥인데..자막에 계란초밥이라고 써잇음..
ilija_a12312 | 2025-03-28 | Shes like hamster❤️
zhaksylykkovaa_nn | 2025-04-01 | Она в рот микрофон запихнула ?
sappuutraaa | 2025-04-03 | Pikmi
5311.uliana | 2025-04-30 | Очень аппетитно выглядит
z6ik3 | 2025-05-12 | 지금나랑똑같은티입고계신다
syakila_kila658 | 2025-05-19 | 😍😍😍😍😮
namyuno9 | 2025-05-23 | 입만에 마이크가 있나요?
yul_a_0222 | 2025-05-23 | 이거 무모한 초밥이라고 여기 맛있어요!!
jh_leaf | 2025-05-24 | 박신혜랑 비슷 ㅎㅎ
isomin343 | 2025-05-27 | 마지막에 계란초밥이라고 써져있는데요??ㅠㅠ"
2024-11-29,9389,"(광고) 칼로리 걱정 없는 크림 파스타! 겨울 다이어터 레시피 공개!! (11/29 딱 하루, 쿠팡에서 콩담백면 비빔국수 할인 중) 34주","#청정원, #콩담백면, #청정원콩담백면, #저당설계, #KETO인증면, #식단관리, #면요리레시피, #식단, #간편식, #오늘의메뉴, #레시피, #레서피, #recipe, #키토식단, #쿠팡, #크림파스타, #파스타, #간단레시피, #쉬운레시피","xqlah__ | 2024-11-29 | 😍😍😍😍😍😍
yu.0310.na | 2025-03-03 | 美味しそう
x.lazaro0 | 2024-11-29 | 나는 너의 비디오를 매우 좋아한다, 너는 매우 귀엽다
yang_taevv | 2024-11-29 | 아 크리미한 스파게티가 저 요리를 너무 먹고 싶게 만드네요!
seoheoyeo | 2024-11-30 | 😍😍😍😍😍😍😍
chaca____pendekk | 2024-12-20 | 🤬
toctocsia | 2024-11-29 | 11/29 딱 하루, 쿠팡에서 콩담백면 비빔국수 할인 중!! (제품 구매는 프로필 링크 참조!)
bogging_jeong | 2024-11-30 | @s_yeon__0.0 우리 콩국수 해먹은 면이당!! 이거 비빔면 해먹으면 찐맛!! 쫄면느낌이라고 생각하면 좋아융"
2024-11-27,8565,(광고) 올 겨울 대박 히트칠 라라스윗 꿀고구마 모나카 출시!!ㅠㅠ [Video Source Support] Youtube channel ”freeticon“ 35주,"#라라스윗, #꿀고구마모나카, #겨울디저트, #저당아이스크림, #CU","wey6lo | 2024-11-27 | Is that good?
h_m.x10 | 2024-11-27 | 진짱 맛있어 보여요..🤤 저 완젼 고구마 킬러인뎁..🍠🍠🍠겨울에 맛있는 고구마 간식 많이 먹겠어욥..후후..아주 연말에 살이 많이 찌겠구만..ㅋㅋ
xqlah__ | 2024-11-27 | 이거 괜찮아 보이는데, 버스신이네😍😍😍
en_kia.7 | 2024-11-27 | Cantik 😍👏
sujeong6233 | 2024-11-28 | 우왕 맛있겠어요 꼭먹어보고싶어요 @pwoawoaqs2
do_kyoung14 | 2024-11-28 | @jwn.x711 와 평소에도 고구마 좋아하는데 너무 맛있을꺼 같아요❤️
hermanita.r | 2024-11-27 | @byeol_niel 구황작물 너무 좋다구… 꿀고미~~~ 맛있겠당
mghgmm_hhhh | 2024-11-28 | @ejrjaiw 꼭 먹어보고시퍼요 아이스크림 좋아해용 ❤️❤️❤️❤️❤️❤️❤️❤️❤️❤️❤️❤️❤️❤️❤️
viola.son | 2024-11-28 | @dangjinyong 완젼 기대되는맛~~~고구마 그냥도 맛있는뎅~~저렇게 ~~대박이예요~^^♡
sinseoyun2013 | 2024-11-28 | @hongjimin428 같이 찾아다니자 담청됬으면ㅜ🙌❤️😢
seo__zero_ | 2024-11-29 | @dongdongdo_ 🙂‍↕️💦🤤맛있겠다….
zi._wo0o | 2024-11-28 | @s_euo.x 고구마맛 나왔데😮
s1_ynxx | 2024-11-28 | @whahiq98 하으나 나 이거 먹구싶다ㅏ
g._.ayul | 2024-11-27 | @mx_0my127 언니 넘 맛있겠다❤️
werdgp | 2024-11-28 | @xox.oocean 먹쟈먹쟈ㅠㅠㅠ마싯겟따!!!
lovem_easiam | 2024-11-28 | @x0x.__.x0x 구황작물 러버 특히 고구마 엄청 좋아하는데 라라스윗이면 무조건 믿먹이잖아!!! 먹어보고 싶다
zi._wo0o | 2024-11-28 | @ha.rx1m 마싯겠다
yerang1998 | 2024-11-29 | @free_sizeup 고구마맛이랴. . . . . 심지어 꿀고구마😮
qassword2098 | 2024-11-28 | @r_hxx.10 너도해 나 저거 먹고십음
xox.oocean | 2024-11-28 | @fresterpy 헉 이거다ㅏ진짜 먹자🫢🫢
hongjimin428 | 2024-11-28 | 제발 당첨됬으면 넘 맛있겠다ㅠㅠㅠ
ajh__5 | 2024-11-28 | @hwaaaaaan_07 저요저요!!ㅎㅎ
_lovely_death_26 | 2024-11-28 | 🤤🤤🤤🤤🤤🤤🤤🤤🤤🤤🤤🤤🤤
na_.gyung0 | 2024-11-28 | @rjylily 맛있게잘먹는댜ㅑ언니ෆෆ
useriphone_ | 2024-12-01 | 구황작물 덕후인디 관련 디저트들은 다 당이 높은데 라라스윗은 완전 믿먹이겟네요 😱 맛이 너무 궁금해요~!!
renatahernadesmejia | 2024-11-29 | ¢Π∆Π¶£ ¢€¶•€🧋🧆🧇🫔🍇🍈🍉🥯🧁🍎🍏🍒🍓🥝🥑🥛🍨🍩🍪🍰🍫🎂🍸🍷🍬🍭🍮☕🍫🥛🥛🥛🥛🥛🥛🥛🥛🥛🥛🥛🥛🥛🥛🥛🥛🥛🥛🥛🥛🥛🥛🥛🥛🥛🍫🥛🥛🥛🥛🥛🥛🍫🥩🥡🥨🥥🥫🥟🥠
young.gimi | 2024-11-27 | @hana970812 고구마~~~~~~~~
renatahernadesmejia | 2024-11-29 | Π∆¶Π•|÷×¶∆£¢¥€¥=\®™{]¶Π¢
yerang1998 | 2024-11-29 | @free_sizeup
carmen.ortiz.545849 | 2024-12-12 | Armiales
egoomaral15 | 2025-01-19 | Xgfchi
toctocsia | 2024-12-09 | 안녕하세요 현재 당첨자 중복 문제가 발생해
10번째 당첨자분 추가로 발표드립니다ㅠ

(모든 사람에게 디엠 받을 수 있게
꼭 디엠 설정 확인 부탁드릴게요!!!!)

@sinseoyun2013
@lovem_easiam
@hermanita.r
@useriphone_
@mghgmm_hhhh
@ajh__5
@na_.gyung0
@le.xd927
@cielo._.beau23
@yerang1998 (추가 당첨자분🎉)
_lovely_death_26 | 2024-11-28 | 😍😍😍😍😍😍😍😍😍😍😍😍😍🔥🔥🔥🔥🔥🔥🔥🔥🔥
mokpobom2 | 2024-11-28 | 우아아아 저거 맛있겠다리.. 나중에 사먹어야겠네여
cielo._.beau23 | 2024-11-28 | @healcheongeun 고구마 못참지🍠
toctocsia | 2024-12-06 | 🎈라라스윗 꿀고구마 모나카 당첨자 발표!

@sinseoyun2013
@lovem_easiam
@lovem_easiam
@hermanita.r
@useriphone_
@mghgmm_hhhh
@ajh__5
@na_.gyung0
@le.xd927
@cielo._.beau23

당첨된 10분 축하드리며
곧 라라스윗 컨택 전용 계정으로 개별 DM 발송 예정이므로
DM 설정 확인 부탁드리겠습니다(_ _)
yori_yori4 | 2025-03-17 | You not faster as eat
sinyeweon5151 | 2025-03-25 | 어디서 샀어요?"
2024-11-21,25.3만,한때 ㅌㅌ에서 난리났던 화채 이모지 먹방😭 Hwachae emoji mukbang!! 36주,"#톡톡시아, #toctocsia, #먹스타그램, #먹방, #mukbang, #hwachae, #이모지먹방, #hwachaerecipe","se0yx_n.3 | 2024-11-21 | 와.. 소리 미쳤다 너무 맛있겠다😢
wey6lo | 2024-11-22 | es buah!??🤭💟🫶
its.edaa__ | 2025-02-19 | Like ı said its very good🥲
sat_ay_mi | 2025-02-26 | 可愛い〜😄見てる人もいい気持ちになる😄とても上手です😄色んな音があって聴いててとても楽しいです😄✨
m_y_d29 | 2024-11-29 | この人顔まじで可愛いし食べた時のリアクションが良すぎる
pwmgadjm | 2024-12-16 | この人めっちゃ可愛いし食べ方キレイ‼️フルーツのやつ食べてみたい(*´﹃`*)けど家でも作れそう、
flawlessfemme.3 | 2024-11-22 | LIKE I SAID IT'S VERY GOOD😇
muslima_0774 | 2024-11-21 | 😍😍
nnadhila | 2024-11-21 | Ini namanya sop buah neng. Coba lagi deh namanya es teler, enak bener itu mah
xqlah__ | 2024-11-21 | 😍
cilliaruby | 2024-11-22 | Es buah🤤
xqlah__ | 2024-11-21 | 나는 당신의 콘텐츠를 너무 좋아해요 😍😍
vuthanhoang4 | 2024-11-24 | like I SAID ITS VERY GOOD
luvwonnii._ | 2024-12-06 | 소리가 너무 좋아요!!❤️
guloss_61 | 2024-12-26 | 두바이는 초콜릿을 먹어봐야 할까요?
a_i_j_u_u_m_a_l_101704 | 2024-11-27 | Пикмилау
r___dive_viti | 2024-11-21 | 소리 완전 대박!!
yudaeun373 | 2025-02-10 | 소리진짜좋아욤❤️
ohmyndahh__ | 2025-01-24 | sop buah versi mahal ini mahh
sso.___.11 | 2024-11-21 | 진짜 맛있겠다....😮😮😮
piaagstin | 2024-12-17 | ko suara asmr nya keras bgt itu mic nya di telan apa gmn? ko ga kelihatan mic nya
owissa_yzxz | 2025-01-29 | Plis mic nya manaaa???
_star._.2024 | 2024-12-13 | Æ
_star._.2024 | 2024-12-13 | 😍
pi.an_02 | 2024-11-28 | Sop buah nya lengkap, banyak buah nya
iluvley_adni90 | 2024-11-29 | Mirip @pita_herlianda
bsdgrewop | 2024-11-23 | Ytioo👏👏👏
zy_ctk | 2025-03-03 | Oruçluyken keşfetim
daria.d_.024 | 2025-01-27 | 이제 맛이 났다 😭
friskaadelya_12 | 2024-12-12 | Sop buah, dimakan/diminum yaa??
j.lvschannie | 2025-03-04 | Ke riko
ch.ae.x | 2025-02-04 | 시원하고 맛있겠다..
_vaa.mey | 2024-11-28 | Mic nya di dalam mulut
puppy_spam0.0 | 2024-11-22 | seperti SOP buah yang ada di Indonesia 😍🙌👏
diy_chalenge | 2024-12-02 | sop buah itu mah
kdrgrbz_ | 2025-01-13 | Bu şeyin adı New bende yicem birgun
verikoqipiani | 2024-11-23 | Æ
_kevser266_ | 2025-01-26 | Ben oradaki meyveleri seviyorum ama süt sevmiyorumm
omi032134 | 2024-12-27 | ☦️🇨🇳🇨🇳🇨🇳🇨🇳🇨🇳🇨🇳
bhsyvr_s | 2024-11-30 | 😍😍😍😍
thawpjdcu | 2024-11-27 | es teler datanggg
z_x.ik | 2024-11-22 | 군침이 싸악
miabella.thonrnefield__ | 2024-12-03 | 직접 만드신건가요??
iamnanakoo | 2024-12-22 | ❤️
turek_salma | 2024-11-21 | ❤️
zixo.on_33 | 2024-11-21 | 3분전
2025yuan | 2024-11-22 | 시아 왤케 귀욥...❤️😍🔥😮
_star._.2024 | 2024-12-13 | ¿
barrahasbi_ | 2024-12-02 | 😍😍
yeju._.3 | 2024-12-11 | 딸기 먹을 때 얼음인 줄
seohee_122 | 2024-11-22 | 어금니에 마이크다셨나..
its.memiliaa | 2024-11-22 | WHERE SI THE MIC?!
soooojin.choi_ | 2024-11-21 | 화채가 뭐예용???💕
mikosh.a.a.a | 2024-12-02 | 😋😋😋
aaiisyaaahh_ | 2024-12-07 | es buah enaknya pas buka puasa
m_wa4230 | 2024-11-21 | I WANT NOW
__kongphop__120 | 2024-12-01 | ไมค์อยู่บนเพดานปากหรอครับ
barbaraa_luiza858 | 2024-11-25 | 이거 아주 좋아 보이는데
inylptri02 | 2024-11-21 | sop buah neng Didie mah namina
sinseoyun2013 | 2024-11-29 | 아..딸기우유 화채...진짜 먹어보고싶어요😢
muslima_0774 | 2024-11-21 | ❤️❤️
happy_yellow0707 | 2024-12-08 | 저도 톡톡시아님처럼 되고싶어서 이계정팠어요😢😍❤️🙌😂
hararara.04 | 2024-11-22 | 화차는 새벽 3시에 정말 좋다 ㅋㅋㅋㅋ
milena.565609 | 2024-12-18 | Is so good😍😋
audryshaa9 | 2024-12-18 | IT IS SOP BUAH OR ES BUAH😍🔥
sunn_beee | 2024-11-28 | In jakarta we said SOP BUAH
tiff.azz | 2024-11-22 | Es buah
iam.gtxy_aa | 2024-11-30 | Ea buah kak
____szstar | 2024-11-21 | that's if in Indonesia es campur
_malifeisinanutshell._ | 2024-11-21 | LIKE I SAID ITS VERY GOOD
y_yui428 | 2024-11-21 | 美味しそう😍
bella_aywlndr | 2024-12-31 | Di sana buahnya gede gede, di sini se jentik😂
hanake554 | 2024-11-30 | Es buah 🔥
jungwon_xoxo_ | 2024-11-26 | ㅇ딛챠ㅕㄴ
sh.asadi13669 | 2024-12-10 | 😍
sydscaa | 2024-11-30 | Fruit SOP
jinnatjinue | 2024-11-23 | ❤️❤️
ensijsuh | 2024-11-21 | kalo di indonesia itu namanya sop buah 🥰
rey_0688 | 2024-12-31 | itu namanya es campur kalo di indonesia mbak 🙌
dhira_syaf | 2025-01-03 | Es buah import
pinkycso0_ | 2025-01-08 | Sop buah itumah 😂
may_nkiee | 2025-01-09 | Jadi keinget ramadhan😢
heluvspanni | 2025-01-13 | ossze ne szard magad
helalingjing | 2025-01-18 | It’s that hwache I loveee itt so muchhhhh and I watch this at night I wanna do tho 😂
yechapaw_ | 2025-01-18 | Sop buah itu
yellow_tfy01 | 2025-01-18 | Di Korea ada es buah
m.khadizha.m.1 | 2025-01-19 | Я тоже хочуу🔥
7asanya_orijinal | 2025-01-20 | 아, 너무 아름다워요💗😻👉🌷
sm050824 | 2025-01-20 | 와
koyumaviveyacikmavi | 2025-01-21 | Yavas ye be
cathieee_11 | 2025-01-22 | This is a common dessert in China. ❤️
nasibaxolujayeva | 2025-01-22 | 🥝🍒🥥🍍❤️😢
mariam.andronikashvili | 2025-01-23 | Thangulu and now this😍😍😍🔥🙌
pebi____09 | 2025-01-23 | 🍇🍉🍓🍈🍍🥝🍊🥑
raypart_2 | 2025-01-26 | sop buah jir
aavalobatista | 2025-01-29 | 저를 기억해 주세요 ❤️❤️
miraarat910 | 2025-01-30 | Can you eat properly?
777._.1219 | 2025-02-02 | コメ欄開いた瞬間上に日本人いて笑った
nadyraastt | 2025-02-02 | Es buah versi high budget
ydiana09_ | 2025-02-02 | Kak.. Bagii aku iuga mau 🏃🏻‍♀️💨"
2024-11-17,5.4만,투뿔 한우 육사시미 소스별 먹방😭 36주,"#톡톡시아, #toctocsia, #mukbang, #먹방, #투뿔한우, #육회","wony_180 | 2024-11-24 | 와 진짜 엄청 예뻐졌다
ganijanovna06 | 2024-11-17 | How can you eat raw meat?
hi_hi_hi_13_ | 2024-12-15 | 혹시 몇 살이에요??
_sassy.mood | 2024-11-17 | Your so cute ❤️🔥
juhajjan | 2024-11-17 | 몇살이였죠 까머금
kms._.owo | 2024-11-23 | WOW
tt_jj17 | 2024-11-20 | لحم نيي ؟
jeontaeyeon22 | 2024-12-29 | ❤️❤️
sabrina112011 | 2024-11-17 | 맛있어보이네요 🤤
ko.l79 | 2024-11-17 | 😍
filizyucel159 | 2024-11-21 | I love raw meat 😍
you__jj124 | 2024-11-21 | 언니 이런건 찍지 말고 가족들의랑 같아 먹어ㅠ
gsx._.2 | 2024-12-10 | 아니 참소스 찍어먹으면 맛있는데……
aida_66777 | 2024-11-17 | Raw food 😶
nyangi938 | 2024-11-18 | 너무 맛있겠다😋
lixuewong | 2024-11-17 | Con solo de verlo me dio salmonela
sabrina112011 | 2024-11-17 | 시도해 볼 가치가 있나요?
kim_do_hyun0910 | 2024-12-20 | 나이가 얼마나 되시나요?
_darkness_700 | 2024-11-17 | Delay, no. !More videos! I've seen them all! Kkkkkkk
2012_dltmswns | 2024-12-08 | 한입만요😢
engeltumayao | 2024-11-23 | 好吃
eun_in_seo | 2024-11-18 | 저거 어디서 샀어요?
park93031 | 2025-02-24 | 간장 찍고 위에서 부터 먹는거 아무도 언급 안하냌ㅎㅋㅎㅋㅎ
jillll_1016 | 2024-11-17 | 讚
duyuyen28 | 2024-11-17 | 이 여자 얼굴 진짜 통통한데 좀 보고 먹방 추가해😍
seowoo._.3458 | 2025-03-15 | 아아아ㅏ아ㅏㅏ. 빨간거 먹는데 하얀옷!!!
emm.dii_10 | 2024-11-18 | Coma con la boca cerrada señora😂😂😂😂😂
sso.___.11 | 2024-11-17 | 배고파졌어
kang0_326 | 2024-12-10 | 마이크 어딨어요
parz_ivan | 2024-12-29 | It's raw
6.19so | 2024-12-01 | 무슨맛임
_onlyhope____ | 2024-11-17 | No doubt there will be a lot of comments asking how anyone could even think of eating raw beef, so let me say this in advance: eating raw beef isn’t something exclusive to Korea. It’s also eaten in Europe and other Asian countries. It’s a cultural difference, so whether you understand it or not really doesn’t matter.
jinseong.0000 | 2024-12-09 | 그래서 마이크가 어딨는건데요
k_eo.gus | 2024-12-11 | 초장은 1대1비율인데...
zone7cil | 2025-03-12 | Wait wait, how can you eat raw meat without being afraid of getting tapeworm?
_lexjin | 2025-03-01 | 이제 몇살이시지
ardnassac_mm | 2024-11-18 | You look like asa from babymonster
e._un1seo | 2024-12-08 | 와 사춘기 오면 어케
jinwooyo30 | 2025-01-06 | 한국인특 이런거 아무런 생각없이 입에 넣음
jeonghyun413 | 2025-01-13 | 와 흰옷이라니
hxjin1210 | 2025-02-17 | 오 이분 달라지셨네
kangsomthing | 2025-02-18 | 누나 너무 예뻐졌다
janghangyeol_daebudo | 2025-02-19 | 이제 어른임?
ryunahyeon3 | 2025-02-21 | 톡톡시아 님때문에 매운거 땡긴다..
gangmingyun_0618 | 2025-02-21 | 마이크가 어디있음?
sunhoo_13 | 2025-02-28 | 뒤에 크로마키죠?
dammmnnx_ | 2025-02-28 | 맛있겠다
hxj00n_43 | 2025-03-26 | 육사시미는 육장에 찍어먹어야 되는데
y_rsu.lk | 2025-03-27 | ㅛ
_6kend | 2025-04-08 | 팝핑보바 먹어 주세요
nxel_kxm | 2025-04-09 | 너무 맛있겠다
yx._nx0 | 2025-04-12 | 이빨에 마이크 있는 것 같아요💗
page.saw_gyyyy | 2025-04-14 | 궁금한게 있는데 어금니에 마이크 다셨나요??
tzftz.n | 2025-04-15 | 차력거인
seungu0812 | 2025-05-07 | 꼬맹이 ㅇㄷ감?
kim_15haha | 2025-05-11 | 저 육사시미 엄청 좋아하는데 장염 걸려서 못먹어요 ㅠㅠ
nohyeonbin41 | 2025-05-12 | 소리가 미쳤다!"
2024-11-10,7.2만,요새 유행하는 꿀떡 씨리얼?😭 37주,"#톡톡시아, #toctocsia, #mukbang, #먹방, #꿀떡, #꿀떡씨리얼, #ggultteok, #ggultteokcereal","ranow_10 | 2024-11-10 | 맛있겠다😅🤤
h_30071 | 2024-11-10 | it looks so good❤️
badaucatrina | 2024-11-10 | I LOVE YOU😭
sabrina112011 | 2024-11-10 | 어느 것이 더 맛있나요?
__7qun | 2024-11-10 | 26分鐘！😿
su.asuas | 2024-11-10 | 맛있겠다🍡🥛
afiqahnafisaazmi | 2024-11-10 | 😍😍
_darkness_700 | 2024-11-11 | She's a child - I thought she was an adult 🤣 cute
siscamayas | 2024-11-26 | Kita udh punya dluan, biji salak 😂
stardustf4iry_ | 2024-11-12 | eng subtitle pls🥹❤️❤️
asha1.234566 | 2024-12-11 | Eat politely and don't make any noise
jjoongs_ | 2024-11-12 | 헐 완전 초딩이였던 그 분 아닌가
낯이 익다했는데
y_o_u_n_g_1112 | 2024-11-21 | @sj_sky_y 이거 맛있을거 같아 ㅋㅋ
nabilleov | 2024-11-13 | Mirip kamu ca @cansylia
_rakhmatilayevna | 2024-11-10 | Zõr
_rakhmatilayevna | 2024-11-10 | 💆‍♀️
teardrop.fm | 2024-11-10 | cutee
7ea._.7 | 2024-11-10 | I love you ❤️🫶🏻
taehnnie_kim_ | 2024-11-10 | I want tooooo😭
doye0923 | 2024-11-11 | 석류 먹어주세여ㅕㅕㅕㅕ
lovely_jungdohee9382917 | 2024-11-11 | 신박하네😮
cecilria8246 | 2024-11-12 | ㄷ
kimda1991 | 2024-11-12 | @_hana.won
jjuman72 | 2024-11-12 | 언니 화장하지마요 쌩얼이 더이뻐요.ㅠ
zydaaag | 2024-11-13 | Mii Jo
c_mon14_ | 2024-11-13 | 매우 맛있어 보입니다.
huiok0506 | 2024-11-13 | @thuu_mii 먹어보까?
06minkikiki.27 | 2024-11-14 | 와 개이쁘네
hi_eung_ | 2024-11-14 | 진짜 다컸다 미모 핫
oyul_gayageum_byeongchang | 2024-11-15 | 진짜 오래전 부터 궁금한건데 혼자사세요??
hyeon161 | 2024-11-16 | 넘 이뻥❤️
h_yj_10 | 2024-11-17 | 얼마전에 어디였지 생생정보인가 거기서 봤어요
arin_1.xa0908 | 2024-11-17 | 이분 몇살이에요
nyangi938 | 2024-11-18 | 소리 너무 좋아요👏
anachirila0207 | 2024-11-19 | 😭😭😭😭
ngoclethiyen3 | 2024-11-22 | Khó chịu vô cùng 😑
arpaokiki | 2024-11-27 | นี้มันบัวลอยชัดๆ
sinseoyun2013 | 2024-11-29 | 먹고싶은데 엄마한테 혼날것 같은ㅋㅋㅋ😂
040104mr | 2024-12-08 | 꿀떡같이 귀엽게 생기심😍
nyl_1123ve | 2024-12-11 | 今天的妆容很好看！
darealdeal____ | 2024-12-26 | Awww you grew up
pjh.jihoon1026 | 2025-01-11 | 누나 존나예뻐요🔥🔥🔥🔥🔥
lu_k00000 | 2025-01-18 | عيونييي فيها شي يمكن فيها لمحة من روزي 🥺🎀
snowstar_0225 | 2025-01-28 | 무슨맛인지 예상이 가요 ㅋㅋ
ecriin_diaryy | 2025-01-30 | 🍡
ecriin_diaryy | 2025-01-30 | 🍡🍡🍡🍡🍡🍠🍜🍱🍘🍙🍛🍚🫕🍢🍣🍤🍥🥮🥟🥠🥡🧋🧉
haie__anh | 2025-03-11 | I love seeing your videos!❤️🔥
itz_ariangingiela | 2025-03-12 | My lactose intolerance could NEVAH
bybosyie77 | 2025-04-14 | 🤤🤤🤤🤤🤤🤤🤤🤤
morethan.lex | 2025-04-15 | the writing covers
zooa__z | 2025-04-24 | 너무이뻐용
gawon430 | 2025-04-25 | 소리 래전드다!"
2024-11-06,4.2만,떡 먹방😭 sweet rice cake! 38주,"#toctocsia, #먹방, #mukbang, #ricecake, #디저트, #한국디저트","sinseoyun2013 | 2024-11-18 | 항상 영상재밌고 잘 챙겨보고있고 대리만족해요!❤️글
chosm1468 | 2024-11-10 | 가래떡은 구워먹으면 더 맛있어요🤭
jamolvna.m | 2024-11-06 | ❤️❤️
jenixxsil | 2024-11-06 | i like you asmr! and you very pretty 💘💘💘💘💘💘💘💘
sabrina112011 | 2024-11-06 | 맛있어 보이는데 가격은 얼마인가요?
ssumir | 2024-11-06 | 가래떡 조미김 싸먹으면 짱짱맛
lilw_h8 | 2024-11-06 | تحس اكو شيء غلط بس وينه مادري 😀🙌
onlycosy52 | 2024-11-06 | I'm not Korean but I'd love to try rice cakes💕
anorasseo | 2024-11-06 | Please can u eat spicy food
quynh_nga_bbdb | 2024-11-08 | 너무 맛있어, 나도 먹게 해줄게!
hy_140508 | 2024-11-06 | 떡은 인절미지!
ameliaramadhanikasri | 2024-11-06 | Indo sendiri
gem_26165 | 2024-11-07 | ไมค์อยุ่ในคอหรือคร๊ะะ
yoko123465._.0720 | 2024-11-06 | 맛있나요?
jsi7574 | 2024-11-06 | 우아 맛있어 보인ㄷr..❤️
defne.orl | 2024-11-07 | 🍡
phrnthiphysriihaabutr | 2024-11-09 | I'm so hungry
sso.___.11 | 2024-11-09 | 역시 가래떡은 꿀에 찍어먹어야 돼~!!
nazkaya.20 | 2024-11-10 | Kırgın çiçekler Büşra
breaddloaff_ | 2024-11-13 | it looks sooooooo chewyy😍
clara_natania_tanifan_ | 2024-11-14 | I want to try that😍
zydaaag | 2024-11-20 | Mii jmr gg Jo mes
heeyaya80 | 2025-01-21 | 오토바이는 뭐지?
snowstar_0225 | 2025-01-28 | 저 꿀떡 가래떡 인절미 진짜 좋아하는데
ayman9354ayman | 2025-02-01 | ❤️❤️❤️❤️😍😍😍
ryunahyeon3 | 2025-02-21 | 중간에 오토바이 뭔뎈ㅋㅋㅋㅋㅋㅋㅋㅋㅋ
manakan_1129 | 2025-03-14 | 見てて幸せな気持ちになる
bella050800 | 2025-04-11 | 언니 넘 예뻐영😍 넘 이뻐졌당
bella050800 | 2025-04-11 | 어릴때 기여운 모습 어디갔엉
gimeunhye7711 | 2025-06-16 | 혼자 사세요?
anyvely_ | 2025-07-08 | 시아님 마이크 뭐 쓰세요 ??"
2024-11-04,3.2만,(광고)오레오 치즈케익이 출시했다고??😱 38주,"#오레오미니치즈케익, #오레오치즈케익","so.xah_13 | 2024-11-04 | 어디서 사니요?
se0yx_n.3 | 2024-11-04 | 한 번 먹어보고 싶당😢
hi_eung_ | 2024-11-14 | 오 인스타에서 처음봐요 항상 유튭에서 봤는데
yume._s4___ | 2024-11-05 | 韓国語分からないけどこの人超可愛い
kiwi08_0 | 2024-11-04 | 맛있어 보인다 ❤️
dobby1362 | 2024-11-04 | 맛있겠네ㅔ
so128712 | 2024-11-21 | 와~ !! 너무 맛있겠다ㅏㅏㅏ ! 오래오 치즈 케이크 같은건가 ?
sso.___.11 | 2024-11-04 | 와아아악 맛있겠당
youyou0513 | 2024-11-05 | 아! 언나 진쪼ㅓ 사랑해😍😍
juhajjan | 2024-11-10 | 맛있게다ㅏㅏ....
gunjanggirl | 2024-12-24 | 진짜 맛있겠다..
il__b__ | 2024-11-18 | I love him so much
yemek.xanim | 2024-11-07 | 😍
juayeon4 | 2024-11-10 | 맛있겠다!!!
32._kh | 2024-11-10 | @11_17k_ 오레오과자좋아하는 너한테 딱인데🫶🏻
yapxixi | 2025-01-27 | The shirt colour matches the box😆
sumilemonade_in_japan | 2024-11-04 | 맛있겠다〜！
어디에서 살 수 있어요?
genduknora | 2025-02-02 | Lihatnya sepertinya enakDi indonesia belum ada😢
juhajjan | 2024-11-10 | 뭔맛인지 알거같은데..
wis_dom.06_28 | 2024-11-17 | 먹고싶다 근데 고작 4개 가격이 상상되기 때문에 넘볼수도없다
enn.hhee | 2024-11-06 | 우오ㅓㅇ
jaedeog0304 | 2024-11-10 | @y__seoooo
goyti_88 | 2024-11-06 | Creció!!!!! 😮
hi.hongda | 2024-11-10 | @ohlala.imdaisy
all1wannadoluv | 2024-11-18 | @178.00gb_rem
92._.ij | 2024-11-05 | @y0_g 네이버나 쿠팡이래~^^
unveil_35 | 2024-11-06 | 소리는 컨셉인가요?
toctocsia | 2024-11-04 | 네이버 스마트 스토어 또는 쿠팡에서 구매가능합니다!!😊"
2024-11-02,25.8만,요아정 이모지 먹방😭 38주,"#톡톡시아, #toctocsia, #먹방, #mukbang, #요아정, #요아정추천조합, #디저트, #이모지먹방","ha._.hyeon11 | 2024-11-02 | 혹시 마이크 입에 있어요?😂
7683chloe | 2024-11-12 | 맛있겠다😲
friedyogurtz | 2024-11-03 | We need English subtitles
hi_eung_ | 2024-11-14 | 정말 거진 10살쯤 ?ᩚ으로 보일때부터 본 거 같은뎅
00hahalove0love0 | 2024-11-02 | 달달달달 침이 츄르르룹~~😍😍😍😍👏👏
lin_aespa_ | 2024-11-04 | 아마 그걸 먹어볼 것 같아요!정말 맛있어 보여요!🌸
aersenalgooner | 2024-12-13 | 美味しそうで食べたくなちゃいますね😊💕︎💕︎
3ixie_5 | 2024-11-02 | firsttt..looks delicious 🙌
fernanda_k4mila_carden8s_ | 2024-11-16 | She is so pretty
its_me_asii_boss | 2024-11-04 | Y u always cut ur video?
na.yeon326 | 2024-11-30 | 흐앙ㅠㅠ 요아정 먹고싶어지자나ㅠㅠㅠ
yuchan_m.r | 2024-11-15 | 結婚してるの？
jj.inthayat | 2024-12-14 | พี่ติดไมไว้ที่คอหรอค่ะ
fatemeh_rashdy | 2024-11-21 | 넌 그 꿀을 아끼지 않았어😂
sojjin.y | 2024-11-04 | @yooonzsu 뜨알기??
h7my_.4 | 2025-03-01 | いちごのときなんかかけてるけどなにかけてるんだろう？
sso.___.11 | 2024-11-09 | 달달하구마이
hxnsp1_ | 2024-11-06 | 근데 이분 몇살이에여?
sungjao_15 | 2024-11-08 | firstttttttt..looks so delicious where buy this？
mariana.a81 | 2025-02-03 | She Soo cute
d0_bix | 2024-11-27 | 와… 이게다 얼마야..?😢
guponganniejade | 2024-11-04 | love yo
rahyi342 | 2024-11-14 | 꿀 먹는거에 감사하세요. 저는 알레르기라서 입에 대지도 못해요
loveyourself_kimnamjoon | 2025-03-01 | ㄷㄷ 난 이제
polozhiylilia | 2024-12-13 | Почему такой громкий,афигенний хруст у нее во рту микрофон?😍
books_.ru | 2025-01-12 | Abla boğazında Hopörlöl mü var?
aqish_14_2 | 2025-03-02 | Emang ini mau lewat time time puasa kah
seettyaisaah | 2024-12-14 | Bagi dong kak😢
d.dwitaw_ | 2024-11-05 | @sltowberi mirip kamu aslii
_prii_halaa | 2024-11-02 | الصوت مقرف🙂🎀
__eunjoy | 2025-01-21 | @gwag1212 요아정 먹고싶어요 사주세요ㅠㅠㅠㅠㅠㅠㅠㅠㅠ
pooo_han | 2024-11-07 | 109910
hmrv0615 | 2024-12-01 | La düzgün yesene şapur şupur
sungjao_15 | 2024-11-23 | @amanda_.0214 I want to eat it, too. It's delicious！！！！🙌
neslihan_krsln66 | 2024-11-07 | Sol köşede türkçe cevirimi var 😮
1_0anp | 2024-12-20 | どこで売ってるのか気になりすぎる
jeon.dongo | 2025-04-12 | 시아 부자구나
nuuriiya462 | 2024-11-07 | ？
booyaxiaq | 2024-11-02 | Honey 🍯 look so yummy
phingphingnngphingphing | 2024-11-04 | 우리 어머니 이름은 푸엥(Phueng)이에요.
in.na4_ | 2024-11-02 | تشبه روزي
isaeun76 | 2024-11-03 | 맛있겠다
shtwt370 | 2024-11-04 | 😢😢😢😢❤️❤️❤️❤️👏👏👏👏😂😮😍
olimvarobiya23 | 2024-11-02 | 훌륭해요
ssaidova._r | 2024-11-15 | Yam yam
filizyucel159 | 2024-11-21 | Sister asmr let's break 😍
usarova_o525 | 2024-11-16 | 🔥
suga.love.fp | 2024-12-31 | WHAT IS IT
mniawiya | 2024-11-02 | 😍😍
j_iyoo.n | 2024-11-20 | ❤️😮❤️
gzl_2009.musa | 2024-12-10 | اقسم بالله مستفزه
cracana123 | 2024-11-08 | 😍😍
setayesh_saeidi1389 | 2024-11-04 | I love you ❤️ you are so cute 😍
huvi_zya | 2024-11-09 | How to tie your hair??
prv_emmi_shit | 2024-12-23 | 😍
so128712 | 2024-11-13 | 너무 맛있겠다ㅏㅏ 요아정 안먹어봤는데ㅔㅔㅔ
_woneunji_ | 2024-11-21 | ㅋㅋㅋ왜케 맛있냐 하는거 왜케 귀여움 ㅋㅋㅋ
2_m_h.l | 2024-12-10 | بابة شبيج
x_sof_ach | 2024-11-09 | احس ان في مايك داخل فمها
meida_nur_dy | 2024-12-11 | 口の中にマイクが入っている疑いがあります 😭
isua7736 | 2024-11-02 | 무슨 맛이에요..??
seoheoyeo | 2024-11-09 | 혹시마이크입에있어요?😂
cjd20138 | 2024-11-02 | 감기에요? 코맹맹이소리가나서
_kkoppl | 2024-11-02 | 🍯❌ 🐝✅
90.21g | 2024-11-04 | 🐝보단🍯더 좋은거 같아요
lary.nix | 2024-12-13 | N sabe comer sem gemer, mds
tolemisaruzhan | 2024-11-27 | 🍯
yujxo_14 | 2024-11-02 | 비싸겠다..
namkaa_bn | 2024-11-02 | Nice
lee_sophie0986 | 2024-11-23 | Girl, you can’t eat wax
yej4926 | 2024-11-28 | 소리 대박이다❤️
65rg6jb | 2024-12-09 | اويلي يأبه 😂
727_pecan | 2024-11-06 | What in the world does some of these captions mean🤔
nomin.chuluunkhuu | 2024-11-02 | Хаанаас авсын
lakeshiaevangeline | 2024-12-30 | 벌이나 꿀을 먹나요?
integrity._.inwho | 2024-11-02 | 소리대박🔥
aje_eng | 2024-11-11 | Uda gedeh aja ni bocah 😍
iroha411229 | 2024-11-17 | 🐝
_opal_j_ | 2024-11-03 | 와 임산부라 딸기 엄청 먹고싶었는데ㅜ 집근처 요아정 보니 딸기가 없네요 .. 아쉽 ㅜㅜ
starzzimoonzzi | 2024-11-02 | @se0.000 선배 요아정 사주세여😍
sabrina112011 | 2024-11-03 | 너무 맛있어 보여요 😍😍
y0n.chxe | 2024-11-30 | 돈이 얼마나 있는거임?
icaeyeong193 | 2024-11-04 | 나무식기 안 좋아요...
dursbk1 | 2024-11-17 | Пикми
jeongyun.i | 2024-11-03 | 진짜귀엽다..... 먹는거 예뻐요!!🥺😆💕
3.jijei | 2024-12-15 | I used to watch her as a kid
riko_1.21_ | 2024-12-15 | 이 애니메이션 너무 좋아요!맛있겠다.♡♡
ro_coco2 | 2024-12-28 | 美味しそー😋
hveastcxx | 2024-12-29 | WHY EAT LİKE THİS.
kaliewong516 | 2024-12-29 | Nice 👍🏼🙂
siuha_0622 | 2024-12-31 | 너무 맛있겠다 저 요아정 파는곳 몰라서 한번도 못먹어봤어요ㅠㅠ
omi032134 | 2024-12-31 | 🍓🥭
omi032134 | 2024-12-31 | 🍓🥭I beat 🥰
chae.won.1014 | 2025-01-03 | 부자임요?
shapo6597 | 2025-01-07 | ❤️😢😍
balnurkosai | 2025-01-07 | Мажито
cecilianadovich | 2025-01-08 | 🍯🍓🥭🍊
🍫🍫🍫🍫
🍧🍨🍧🍨
❤️❤️❤️❤️
kaantimaacchnokhkkrwd | 2025-01-11 | ตอนที่พี่เขาโชว์กูได้ยินคำว่าเห็นบ่ๆ
iyebin057 | 2025-01-13 | 어쩜 점점 이뻐지냐
souk8103_chain | 2025-01-14 | Cuteee❤️"
2024-10-29,23.4만,요새 난리난 하리보 얼려먹기!!😱 39주,"#toctocsia, #톡톡시아, #asmr, #mukbang, #먹방, #하리보젤리, #얼려먹기","sarah._jiang | 2024-10-31 | i love see your videos
hararara.04 | 2024-11-02 | 질감이 시원해 보인다 (⁠☉⁠｡⁠☉⁠)⁠!
kim._.raghad92 | 2024-10-29 | love youuu you are the best ✨🌸
kp_than.a | 2024-11-06 | ไม่ว่าคุนพี่จะกินอะไรมันก็ดูน่ากินไปหมดด👏
hdylyi_ | 2024-11-04 | 🔥❤️
justt_aliaaa | 2024-11-03 | Omaga you are so cute😭💗
sibelelmanova | 2025-03-08 | 😍😍😍
asra_139510 | 2025-02-28 | 👏👏👏👏❤️❤️❤️
irelannsalerno | 2024-11-26 | that looks good 😭
genesislopezdianrte | 2024-11-27 | ❤️❤️
baunt1y_0 | 2024-10-31 | 👏👏👏
satreerat022100 | 2024-11-28 | 👏
rafitapoch | 2024-10-30 | 😍😍😍😍😍😍
sarielle01 | 2024-11-04 | Se puede con coca cola?
emotionxm6 | 2025-03-02 | 加的是什么❤️❤️
akaazxx | 2024-10-31 | Hahh lu udh gede perasaan gue lihat lu masih kecill😭😭🙏🙏
malobika317 | 2024-12-06 | 😂😂😂
minaaaa65255 | 2024-10-31 | چی اضافه کرد؟؟؟
_heuij | 2024-11-06 | 하리보 사이다로 불릴때 레몬즙 넣고 얼리기전에! 설탕을 골구루 묻히고 얼려먹으면 맛있어요!
songyehua9 | 2024-10-30 | 목소리가 너무 좋아요.
kuromimay | 2024-10-30 | The song satysfiyng 😇
kimlyeowon0829 | 2025-03-01 | 톡톡시아님 저 정말로 재미있게 보고있어염
gnoeyaghan | 2024-11-13 | @strong_bean_ 이거봐바
czj._.102113 | 2025-02-24 | look like so yummy❤️🤤
I want to try😍
maritmri | 2024-11-04 | سلام
affafaqiha | 2024-11-01 | @mursyidzon bikin ini bangg🙌🙌
gantogoogantsetseg | 2024-10-30 | :)
aslanaslinaz | 2024-11-02 | İ wane try it!
uswatun_3211 | 2024-11-04 | @mursyidzon
cherryhuenq | 2024-11-01 | Can you try water instead of sprite
3fs4n3v1 | 2024-11-01 | Abla mikrofon nerde
are_you_m3nt4l | 2025-03-28 | Does it have to be with Sprite, or can it be will 7up??
lanzz_superkls | 2024-11-06 | @mursyidzon
nhothi22 | 2025-01-01 | Gì
kim_jung_a01318 | 2024-10-31 | 설탕묻혀있는 젤리도 되요???
plant_druid | 2024-11-02 | 할아버지는 이가 시려서 못먹겠어요
nehirr_ada_celikk | 2025-03-11 | Adam gibi ye ya
s_s_aluka | 2024-11-14 | Пикми
its.zainakil | 2024-11-04 | Badi jari a
99.winnepooh | 2024-10-31 | @mursyidzon
18laika | 2024-10-29 | They’re bad don’t waste your time
cchhaann22 | 2024-10-31 | @ppingmom 지우랑 지헌이 해줘라
00hahalove0love0 | 2024-10-30 | 악 해먹어봐야겠당~~👏👏👏👏👏👏👏😍😍😍😍😍
tu.linn_ | 2024-11-10 | @llovhnpu
nisaflowin | 2024-11-04 | Dişlerim dondu şimdiden
haniy1073 | 2024-12-13 | 😮😮
spdmmdo | 2024-11-04 | 난 그냥 얼려진 딱딱한 하리보 돼는데
gonzalezlopezjennyfer | 2024-10-31 | A mi me gustan ver videos a si, pero lo que no soporto esque masquen con la boca abierta y truenen mucho la boca eso es incómodo y un poco asqueroso Eso no es satisfactorio. 💁🏼‍♀️😌
emiri_asmr_hairarrange | 2024-10-31 | Thank you🙌❤️
teardrop.fm | 2024-10-29 | cute
chaejia1110 | 2024-10-29 | 5빠❤️
yarali6731 | 2024-10-31 | Se me antojo 😆😆😆
noyy_id | 2024-11-02 | Tidak ngiluuu?
elle_da_queen | 2024-10-31 | You’re really pretty!!! ❤️
raeanneadelle | 2024-10-31 | My teeth hurt each cronch 😭
kylla.bb | 2024-10-30 | やり方は？
heony6584 | 2024-11-01 | @j.staywithme
27flores_ | 2024-11-01 | @fer_jalil
rytinvz_coquett | 2024-11-06 | Que tipo de papel es???
frozenmoon1119 | 2024-10-30 | Girl you are so slayyy
salma_88888vbvb | 2024-10-31 | میزارین تو فیریزر
divvvvvvvvvvvvvvaaaa | 2024-11-03 | @mursyidzon bikin bang
yunat11202 | 2024-12-02 | いい音🩷
samaneshamci | 2024-11-04 | دلم اب رفت😢😢
xp_0sz1 | 2024-11-03 | 美味しそう😍
_irinutza67_ | 2024-11-02 | Do gummy bears have to be left in juice for a day in the fridge?
guadalupe_oli1 | 2024-10-30 | You are beautiful, one question, can you make a Spanish channel?
soooojin.choi_ | 2024-10-29 | 맛있게안보이는데요?ㅋㅋㅋㅋㅋㅋㅋ
naouina | 2024-11-05 | @satohsuzu_07
kimumay | 2024-10-31 | @boynextdoor_official 이한아 이거 해봐
zeybepx_ | 2024-11-24 | Düzgünyesunuaq
fe_ri1498 | 2024-11-04 | برای تابستان حتما درست میکنم😍❤️
wuyuqi510 | 2024-10-29 | 😍😍😍
syn_pcy | 2024-10-30 | 손 그렇게 허시는거 나만이상함?
ganaa_imh | 2024-10-31 | How
nnhi35728 | 2024-11-02 | 너무 맛있어
mahdis.9310 | 2024-11-01 | 😢😢😢😢
enxin._0904 | 2024-10-29 | Can it be also 7up?
windydante20 | 2024-10-31 | dari suaranya enak bener😁
strawberry_munchkin122 | 2024-10-31 | 🤩와 대박 저도 이거 만들어 봐야겠는데요?!
nn51mahmod | 2024-11-01 | 😍
abciabc_ | 2024-11-02 | @mi.b_bae 이모는 보기만 해도 이가 시려
_natthania_ | 2024-12-04 | 꼭 하리보 사탕이어야 하나요?
hm_ok_barca._ | 2024-11-04 | 😍😍😍
sso.___.11 | 2024-11-09 | 이게 식감이 재밌고 맛있어서 더 먹고 싶어지는데...ㅋㅋ
arineuinun | 2024-10-31 | dengernya gigi kerasa ngilu 🥶
seapu.lse5 | 2024-10-31 | 나도 먹고싶다 나도 줘 콕톡시아
aslanaslinaz | 2024-11-02 | ❤️
ns_kotha_saha | 2024-10-30 | ভাবটা কি 😏
_sassy.mood | 2024-10-29 | You're so cute🔥❤️
bo_xzx | 2025-01-12 | พี่เเกไม่เสียวฟันหรอว่ะ
14__yena | 2025-01-03 | 이거 할때 사이다에서 젤리 꺼낼때 젤리에 설탕뿌려 보세요!!!
furkehd1n | 2024-10-29 | 1 빠
wey6lo | 2024-10-29 | u so pretty ❤️
ywonnies.3 | 2024-10-29 | I'm your fan for a long time and everytime you are pretty🎀🤭
sso.___.11 | 2024-10-29 | 우와아어앙어아아앙ㄱ
_minerva2808 | 2024-10-29 | I wanna try this 😋😋😋😋😋😋
kiaramelmakiato | 2024-10-30 | so many sugar in it😢
hlectra_kam_ | 2024-10-30 | Do i have to put it in the freezer to stay with the soda ?
answndnjsl | 2024-10-30 | @_heybinn"
2024-10-26,8.4만,편의점에서 파는 왁스병캔디!! 39주,"#톡톡시아, #toctocsia, #먹방, #mukbang, #asmr, #왁스병캔디, #편의점신상, #간식스타그램","m.laa31 | 2024-10-27 | where can we buying it plssss🙏🙏❤️
mina_ohya_chan | 2024-10-26 | 999th ❤️
h_m.x10 | 2024-10-29 | 우왕 시아님 반가워용🐹항상 영상 너무 잘 챙겨보고 있어요! 화이팅 입니다!
lee_seoyeon150708 | 2024-10-26 | 겉에있는 왁스는 먹으면 안돼는 건가여??
jamolvna.m | 2024-10-26 | 사랑해요 ❤️
zi._wo0o | 2024-11-03 | 냉동실에 몇시간 얼렸나여?
achy17739 | 2024-10-28 | 맛있겠다.ᐟ.ᐟ
ou5evbvfyukbruo | 2024-12-17 | 와 멋지다
chin_nn_ | 2024-10-26 | 언니, 누군가가 당신의 비디오를 훔쳤어요
_ye.x11 | 2024-10-26 | 어느 편의점에 팔아요?
nyangi938 | 2024-11-18 | 소리 너무 좋ㄷr
argh.avan4811 | 2024-10-30 | ❤️❤️❤️❤️😍😍😍😍😍
sonsuyeon3271 | 2024-10-30 | ㅇ
resawidianti_02 | 2025-03-29 | lilinnya kemanain😢
_yourbaddie_ | 2024-10-31 | 맛있지?
chavezramirezjudith | 2024-11-23 | Dónde puedo conseguir de esos dulces
soye_bin3526 | 2024-10-29 | 먹고 왁스는 뱉어욜???
taetae._.loveu | 2024-10-26 | 이거 다 먹을 수 있어요???
imyun892 | 2024-10-26 | 사랑해요
chzx.un__ | 2024-10-27 | 혹시 전자레인지에 돌려먹어주실수있나요?
sora._.8k | 2024-10-27 | 겉에 왁스가 하얀부분을 이야기하시는건가요?
k_min.14 | 2024-10-27 | 얼마에요?
gimryugyeong61 | 2024-10-29 | 편의점 어디꺼요,
yo._.0910 | 2024-12-02 | 전 씹어 먹었....
so.xah_13 | 2024-11-08 | 이거 그냥 먹으면 이빨 개아프던데
huylyminh077 | 2024-12-14 | T thèm quá bayy
hesenoffha_22 | 2024-11-10 | @marr.go33 на вашу дочь похожа
a.1xh_0z | 2024-10-27 | 6년전에 먹은 왁스병캔디맛은 아직도 충격을받고있는....
adabechean | 2024-10-29 | A luat la muie asta în gură 🤣🤣
17268_emma | 2024-11-29 | Junge mach den Mund beim Essen zu
gimryugyeong61 | 2024-10-29 | ??
toctocsia | 2024-10-26 | 겉에 왁스는 먹지 않았습니다!
I didn't eat the wax!
msakura.0416 | 2024-10-26 | 그것 먹은 후 피부 거칠거나 컨디션이라도 괜찮습니까? 그 바깥쪽은 왁스로 만들어져 먹으면 안되는 부분이에요!!
yuxxu__j | 2024-11-04 | 이거 아직도 안팔던데..
tn2pl | 2024-12-21 | الله يقلعك كلي بدون ما تصوري
drivesru._.mallru | 2024-11-11 | 먹고 겉에 왁스는 뱉나요?
shani_mbrsr | 2024-10-31 | Sdh gede aje lu
no_ow.ax | 2024-10-27 | 왁스 드셔도 되는데...
wooju154 | 2024-10-29 | 겉에왁스 먹어도는 되는데 먹지않는걸 권장합니다
leewootae01 | 2024-11-02 | 존니 맛있게 생겼네
gyz_0314 | 2024-10-26 | You can't eat on the outside layer！！😂
kims.uyn | 2024-11-05 | 왁스 먹으면 안돼요?
sanfelipegto26 | 2024-10-27 | She grew up 😂😢
maede.5758 | 2024-11-04 | ❤️
xind_control | 2024-10-26 | 소리는 좋은데 ㅠㅠ. 맛잇다는 분을 못보네요 ㅋㅋㅋ
ryu.w.j_1117 | 2024-10-27 | 왁스먹으면 어떻게 되여?
khg0127 | 2024-11-09 | 락스병 캔디요!?
weng2354 | 2024-12-03 | ❤️❤️❤️😍😍😍
gaegulgaegul91 | 2024-11-08 | 얼굴이 너무 귀여우신데???😍
jjangbira | 2024-10-26 | 먹으면 어떡해 돼요?
argh.avan4811 | 2024-10-30 | خیلی دوست دارم 💋❤️
noona.yxzv | 2024-10-26 | First
juhee_yyyy | 2024-10-26 | 오리지널은 모라고 검색하면 나오나요
fvelf1 | 2024-10-29 | I really like the sound
imnisaial_m | 2024-10-28 | Very beautiful, I like seeing her beauty
sso.___.11 | 2024-10-26 | 와 이게 편의점에서 파는거에요?!
doglike1 | 2024-10-27 | 어디 편의점 일까
vaya.sevenace | 2024-10-30 | 😍
kk_gimin._.1164 | 2024-10-29 | 혹시 얼린것도 못먹나요??
얼음캔디처럼 씹어서 그냥 삼킬 수 있을것
같아 보이는데"
2024-10-22,2.5만,(광고) 세상에 이런 젤리도 있네요..ㄷㄷ 40주,"#버블젤리, #밀크티맛젤리, #씨유신상, #CU신상, #쿠팡간식추천, #간식추천, #신상젤리","yeondu6614 | 2024-10-26 | 이거 먹어봤는데 나는 비추
bagjunseo412 | 2024-11-02 | 혹시 어른이신가요
atugarisan | 2024-10-22 | 역시 먹잘알 톡톡시아님 ㅎㅎㅎ 요거 눈에 띄면 바로 구매각인데요???!!!
nd44444__ | 2025-03-29 | 기분좋은 곳에서 사야지 😮
h_m.x10 | 2024-10-29 | 쫀득쫀득 진짜 맛있겠네요..❤️🤤
zi._wo0o | 2024-10-22 | 얼마예요?
kiwi08_0 | 2024-10-22 | 나는 당신의 비디오를 좋아합니다 ❤️
sabrina112011 | 2024-10-23 | 그리고 비밀이 아니라면 어느 매장에서 구매하셨나요?☺️
se.tia9347 | 2024-10-22 | کامنت ایرانی❤️🙌
this_khiaaaaaa | 2024-10-22 | Hello,i really like your vidoo❤️🙌
ewoing_ | 2024-10-23 | ??얼마에요
snowstar_0225 | 2025-01-28 | 저거 친구가 학교에서 줬는데 사라져서 못 먹었어요 ㅠㅠ
you__jj124 | 2024-10-22 | 2분 빨리 왔다
bbark__sj_ | 2024-11-03 | @bbark_chaeni 😮
skdmsdl_tkfkdgo | 2025-03-11 | 학교에서 먹다가 먹없어서 토함
l.s.c.11 | 2024-10-22 | 第一
_like_dao | 2024-10-22 | @10.000sik_ 이거사러 1층 가야겠닼ㅋㅋㅋ
c_oooov | 2024-10-23 | @s_oooov 궁금!!
wjdgns1210_ | 2024-10-23 | 어린애 가 이렇게 열심히 하니까 일단 좋아요!
wormley378 | 2024-10-26 | 이것은 중국에서 2018년에 매우 인기 있는 Bobo tea 젤리처럼 보입니다
yyee_xs | 2024-10-28 | 제 기준으로 엄청 맛없었서여
wjddusal38 | 2024-11-01 | 한번사서먹어봣더니...맛은나는대 그렇게 맛있진않아.... 우유랑같이먹는게 더낳을거같다
92.yeonlee | 2024-11-04 | @rladudqja1129 ㅇㅅㅇ..
yeji_0924 | 2024-11-04 | 속안에도 보여주세요ㅜ😢
aersenalgooner | 2024-11-23 | 美味しそう😋
aersenalgooner | 2024-11-23 | うちも食べたい😍
asha1.234566 | 2024-12-12 | 식사할 때 너무 큰 소리를 내지 마세요.😢
ji_ye__12 | 2025-01-13 | 그렇게 안맛있는뎅..
khairawilda.17 | 2025-01-26 | ᖽᐸᓍᖽᐸ ᗷᓰSᗩ Sᘿᖽᐸᘿᖇᓰᑘᖽᐸ /ᗩSᘻᖇ ᓰᖶᑘ?
zaskiakamila5 | 2025-03-15 | 비싼가요?
da.eun0722 | 2025-03-16 | 저거 맛있는데ㅔ
x.inji | 2025-05-19 | 저거 진짜 맛있능데 쓰래기가 마니 나옴ㅜㅜ"
2024-10-20,21.6만,미니 베이비벨 치즈 이모지 먹방!🤤 40주,"#먹방, #mukbang, #asmr, #베이비벨치즈, #babybel, #코스트코치즈, #치즈","mj.raineee | 2024-10-20 | Thats so yummy😍😍
ji_lee_hye629 | 2024-11-22 | 턱에 연유 흘리는거 공감되네
tteokjinie_ | 2024-10-20 | your skin is so perfect
tawiindorov | 2025-03-23 | Pick me
arrairish | 2024-11-20 | 너무 맛있어서 시도해 봤어요
eslemsomuncu | 2025-04-13 | Düzgün yesene la
michacys | 2024-12-22 | 엄청 예쁘게 크셨네요😮 전보다 훨 예뻐요
yaksha_4376 | 2024-10-31 | 저걸루 치즈볼 만들면 무슨맛일까
yeonwoo_110505 | 2024-11-03 | 진짜 쪽팔리는데 하는 말이에요 좀 많이 예뻐졌어요.
agvmpmgvgngvgmgvngg | 2025-04-08 | せっかくおいしそうだし可愛いのにくちゃくちゃ食べすぎてて音が気持ち悪い
chayma_tlm1 | 2024-10-22 | دقت هاداك الفرماج شتي هاداك الاصفر عجين والله
zeybepx_ | 2024-11-22 | Iy eat normal please ITS NOT HOT 😪
__jasminka_vitaminka_ | 2024-11-02 | Она меня бесит😂
kyzapyza5 | 2025-04-13 | Заебала
hdieuu2512 | 2024-10-22 | Bà này 2k mấy v
__jasminka_vitaminka_ | 2024-11-02 | Не нормально кушает 😂😂
ab_ir6552 | 2025-04-14 | الطريقة اللي تاكل بيها و الصوت مزعججج و مستفز 🙂
chetaniphatchanpathio | 2024-12-17 | หันข้างเพื่อ
yetzval_3tkd | 2025-01-05 | Don’t use this sound more please
punya_si_bungsu | 2025-02-03 | itu mik nyah di taro di mana sih😂😂
oykunuz_arss | 2024-10-31 | Agzini kapatabilirsin benden oneri
wrong.airi | 2024-10-21 | خالة المايك ببلعومك🤡؟
nelasaldova | 2025-03-12 | Don't caress anymore---------------->
nafisyapravitaazahra | 2025-04-08 | Bisa gaj kalo makan jangan di imut imutin kalo makan biasa aja normal
yetzval_3tkd | 2025-01-05 | It is so crinhe
im_is_stil_learning | 2024-11-18 | Parang tanga ang ingay Kumain pangit mo
lutfullayevic_712 | 2025-04-13 | Choplamasdan ye xaromi🔥
8c5rx | 2025-04-15 | ياخيِ انتِ حتى الحْره تاكلي
jeonwxttae_ | 2024-10-20 | AĞZINIŞAPIRDATMADAN YE
oykaracaa | 2025-04-08 | adam gibi yesene aq
frkncatt | 2025-04-15 | AĞZINI ŞAPIRDATMADAN YESENE œ
ilove_kpop888 | 2025-04-12 | Why do you eat so nasty
chaemin0812 | 2024-10-20 | 와~진짜 내 롤모델… 우리 맞팔하면 안돼요?…😢
omacha0405 | 2025-04-08 | 맛있어 보이네요.
b_h4zal | 2024-10-20 | abla azcık normal ye
kataleya_18_ | 2024-11-19 | 😵‍💫😵‍💫😵‍💫😵‍💫
n_.0829 | 2024-10-20 | なんじゃこれ
m.tamara_24 | 2024-10-27 | A rák húzza ősze a beledett amikor enyire meg tudol csamcsogni @letileti537 meg halt az a pasla feje 😂
fefergg | 2024-10-22 | Que es???
xyiaanaa4 | 2024-10-21 | Sok imuttt yeeee
mosquera_isis | 2024-11-18 | Porque tragan feoo
weonmingug9 | 2024-10-23 | 저거 배경을 편집한거임? 해깔려요
_mmwerr_ | 2024-11-02 | это типо сыр?
tpks1472 | 2024-11-18 | Như cc,mồm kh há dc à
duynongtien | 2024-11-16 | (\_/)
(• . •)
/>🐰
moogiimoogiy | 2024-11-19 | You cute 😊😁
elianajayra | 2024-10-21 | 나는 한국어를 쓸 수 없어
yusupovaa__aqxx | 2024-12-28 | Будто первый раз это есть сыр....
mariaalexandra5703_maria | 2024-11-10 | Nu ști să mănânci că tot omul ?
hoangchung1365 | 2024-10-21 | i love you
zaizaimaducdoc | 2024-10-22 | 솜ㅅ ㅑㄴ 해ㅐㅇ ㅛㅕㅡㅡㅛ
venzaa_zyaa2 | 2024-10-21 | Sok imuttt
ranim_ismail147800 | 2024-11-01 | 사람처럼 파서 먹어도 돼
zineb_ber | 2024-10-31 | Cute ilike you😍👏
mounana_400 | 2024-10-21 | 처음에 저거 어케먹는지 몰라서 왁스 안벗기고 한 5개정도먹고 왁스 벗기고 먹어야됀다는걸 알았음
zolla072 | 2024-10-23 | 애기 잘먹고 이뻐 ㅋ😍
h_m.x10 | 2024-10-29 | 맛이 진짜아..궁금해요..❤️시아님 영상은 늘 힐링됩니다..
sam_b_bong | 2024-10-31 | 겁나찰지노(소리)
jewellprincess | 2024-10-22 | フィーリング マガンダ ヒンディー語 ナマン アン インガイ パ ナマン クマイン パラン バボーイ イトン クマイン ナ アコ
camiiii_villa_ | 2024-10-30 | Porque mastica así 😐
mishka_cornelia | 2024-10-22 | ❤️
aryanaborces | 2024-10-23 | 吃饭的时候为什么不看你的相机🥴
nene_sky_ | 2024-10-30 | هي بلعت المايك ولا انا يتهيئ لي
f.s.350 | 2024-10-23 | ببلوينة
bk1234abcd | 2024-10-21 | 어디서 구매하셨어요?
12_bnm_12 | 2024-11-13 | 엄칭닌👍
kkhalisa_sopp | 2024-10-20 | 먹으면 꼭 먹어보고 싶네요
shyar_shamsadin | 2024-10-21 | ❤️
may_101302 | 2024-10-23 | 😍😍
aersenalgooner | 2024-12-13 | これ食べてる動画見た事ある
yolkiyukyuk | 2024-10-20 | plsss english translations 🙏🙏
rwrrnphimphmngkhl | 2024-10-28 | 家ならゆらゆたゆぬやゆなわやなやなきほへかあねやわなたに
rfdatthiya_ | 2024-12-31 | 마이크 목에 있어요?
mihaita532 | 2025-01-02 | 🧐🧐🧐🤨🤨🤨🤨🤨🤔
nsha268 | 2025-01-05 | воупырырвовлыоылРыылыыдыылы
cerenlrrs | 2025-01-23 | İnsangibiyeşunuamk
erixns_ | 2025-02-05 | 휘핑크림 흔드는거 넘 귀엽고 웃겨요 ㅠㅠㅋㅋㅋㅋ
uoon.__0 | 2025-02-12 | 저거 녹여서 꿀 뿌려 드시면 고르곤졸라 피자맛 나요 ! @toctocsia
so.xah_13 | 2025-02-16 | 어디서 사나요?
viviervinazamasi | 2025-02-18 | Ceplak tp lucu
manisa_beh | 2025-02-18 | Makanya pelan pelan aj
ahyeonn.7_yg | 2025-02-19 | omg she so cutie😍
ssdddll1 | 2025-02-23 | What is it is it cheese or what
_penguin_77 | 2025-02-26 | เธอยังเหมือนเด็กมัธยมปลายอยู่เลยนะ
am_yur_sugar_mummy | 2025-03-02 | How old is she?
nvffhjj2023 | 2025-03-03 | 😍나는 그것이 좋았다.
helyadebar | 2025-03-04 | 😒😒😒😒😒😒🙄🙄🙄🙄🙄🙄
sara012777 | 2025-03-10 | Guys chillax it'd just cheese
afz_lila | 2025-03-19 | 안녕하세요 저는 인도네시아에서 왔습니다. 여러분께 인사드립니다 🙌🙌🙌❤️❤️❤️
esmea_ozk | 2025-03-22 | Abla mikrofon mu yuttun
parkseohyeon318 | 2025-03-25 | 얼굴은아기인디몸뚱아리랑손이완존언니아네😍
tugceberiltrhn | 2025-04-05 | You are not cute
arz5kva_ | 2025-04-07 | ❤️😍
7013.elina | 2025-04-07 | 너무 예쁘시네요, 이거 정말 맛있겠네요 :)
assass5682478 | 2025-04-07 | 언니, 베이비비벨치즈 꼭 드셔보세요
zxx2iu | 2025-04-07 | ㅇㄴ ㄹㅇ 맛있게 드심;;
maira10santos10 | 2025-04-08 | Nossa vei esse barulho 👹👹👹
picassoalaz | 2025-04-08 | Please eat normal
dnmnd._ | 2025-04-08 | ko kalau ak dah sepak ko nnti terus ke neraka kang🔥🔥
sonya.skurtu | 2025-04-08 | not a scoundrel"
2024-10-16,4.4만,이 영상을 밤에 보지 마시오..🤫 41주,"#먹방, #mukbang, #asmr, #톡톡시아, #toctocsia, #뿌링클, #치즈볼, #치킨, #먹스타그램","_bxz1un | 2024-10-16 | 왕 맛잇어 보여요옹❤️
wey6lo | 2024-10-27 | ur so pretty ❤️
ochietrinanda | 2024-10-18 | Knp km ud gede lg dek? Kmren perasaan msh kcil😅❤️
j_m182 | 2024-10-16 | 😍😍😍
y2m_e | 2024-11-18 | 개이쁘네
spam_acc_l19 | 2024-11-05 | I love seeing your video❤️
gamzaguy | 2024-11-16 | 하배고프다
jennyy_hu | 2024-10-17 | So crispy 😍
xe0.13 | 2024-10-30 | 밤에 떴어ㅠㅠㅠㅠ
infp_loversrock | 2024-11-05 | 봐버렷다..
seoh.zun_05 | 2024-10-16 | 아 방금 밥 다 먹었는데
itzy_ryujin_1213 | 2024-12-01 | 얼음 치킨도 해줘.❤️❤️
ghjubfcfvvf233 | 2024-10-16 | THIS IS LOOK SO GOOD 🤤🤤🤤🤤🤤🤤😍
9mnmni | 2024-10-16 | 트레이더스 열칼제비 해주세요~~ 😍
dlvksoenz | 2024-10-17 | 시아님 너무 이뻐요요
eundong12345 | 2024-10-17 | 언니❤️❤️❤️
hhhjisal | 2024-10-17 | 밤에 봐버렸따
h_nwuu.phuoq | 2024-10-17 | 😍😍
z1uox_ | 2024-11-23 | 날개짓 할 때 너무 귀여우심
sojjin.y | 2024-11-18 | @yooonzsu ..
soxyu3 | 2024-11-01 | 어어 지금 이게 왜뜨뇨
alswl10_ | 2024-10-16 | 모든영상을 밤에보면 안될거같네요.
mecntp_ | 2024-10-16 | Knp dia mkn sllu keliatan enk bgtt???
x.44a_y | 2024-11-24 | 아직까지 하네요 3년전에 많이 봤는데 🙌🙌🙌
hy.enw1 | 2024-11-20 | 밤에 봐버렸는데....
soccer_3.4 | 2024-11-18 | 너무 예쁘시다!!
pelleowner2010_03_15 | 2024-10-16 | 맛있겠다
seo_1un13 | 2024-11-23 | 하필 12시에...(저녁)
nyangi938 | 2024-11-18 | 뿌링클 땡겨😢
gimjian123 | 2024-11-03 | 와
s_eoy.xn0 | 2024-11-23 | 나만 치킨 안 보이나
w3.thg8 | 2024-10-22 | 😢
eii___ii.11 | 2024-12-09 | 지가 딱 좋아하는 부위만 쳐먹네
시아:어맛! 날개랑 닭다리를 다 쳐먹었네?엄마랑아빠가 남아는거 쳐먹어
xun.s2ux | 2024-11-23 | 아니 다이어트중인데;; 유죄.
xx._jm1 | 2024-11-16 | 굿
a_i_j_u_u_m_a_l_101704 | 2024-10-30 | Ты ешь как пикми
khh29791 | 2024-10-17 | 당신은 얼마나 아름답고 나는 당신을 사랑합니까? ❤️
_d.won5 | 2024-10-28 | 언니두 참...내가 치킨 먹는 이유가 껍.데.기.먹을려고 먹는다구!!
zumrameyraozden | 2024-10-16 | Bu kızın ağzında mikrofon mu var niye ağzının içindeki her şeyi duyuyoz
ratuharyanto | 2024-10-19 | mic nya dimana si😭😭
mooncake_009 | 2024-10-16 | The noises are so fake 😭😭
po.cheeese1822 | 2024-10-17 | 二重整形したよね？
hl_12731 | 2024-10-16 | 진짜 존맛탱
aizere_a_2014 | 2024-10-30 | 🔥👏
aersenalgooner | 2024-12-13 | カリカリしてて美味しそう
aersenalgooner | 2024-12-13 | 😋
aersenalgooner | 2024-12-13 | 食べたくなる😋
mc_shin___ | 2025-01-01 | 밤에뜨눈걸 어쩌라는거지?
j1_.xuk | 2025-02-26 | 치즈볼은 뿌링소스에 찍어먹으니까 맛있던데
banji_daily_j | 2025-03-20 | 막있겠당
goareum649 | 2025-06-11 | 와...진짜 맛있게 먹는다....
sirifjriejdjj32 | 2025-07-07 | 너무 맛있겠네요... 와"
2024-10-13,6.8만,이 영상을 밤에 보지 마시오..🤫 41주,"#먹방, #mukbang, #asmr, #톡톡시아, #toctocsia, #마라샹궈, #마라탕, #마라탕후루","jj_and_hh | 2024-10-13 | 먹어보고싶은 영상이에요~ 이건 어디꺼에요?
71m_limlim | 2024-10-13 | looks delicious... what's the name of the food. They don't sell it in my area.😢
pzh0731 | 2024-10-13 | 소고기 처음 보고 맛살인줄
kejapchriss | 2024-10-14 | How can you grow so fast😭😭😭
yuchulhulhwajimp | 2024-10-17 | 직경큰거 안어울려여
passionfruit297 | 2024-10-14 | She is so cuteeeeeeee ❤️
_yuuri202 | 2024-10-18 | Bả ăn nhìn hai cái má bả cưng vaiiii😭💓
yh17a_r7 | 2024-10-13 | 可愛い🫶🏻
isa.kemily | 2024-10-15 | Ela é muito fofa caraaa😍
jangjorim79 | 2024-12-07 | 맛있겠다🤤❤️
f15.yannie | 2024-10-14 | Delicious
cartoxn_ | 2024-10-13 | ป้าดคือกินเป็นตาแซ่บแท้น้อ
sonjihu16 | 2024-10-13 | 맛있겠다🤤
ax.eum | 2024-11-22 | 밤에 봐버렸어..
douac_hee | 2024-10-16 | The food is a so good
yunamun5 | 2024-10-13 | 아니 밤에보지말라고 했으면서 밤에 이 영상이 나오면 나보고 어쩌라는건데 꼬 배고파지자나요!?
v_v.1229 | 2024-10-14 | @rkdgus2827 먹고싶다
mnetraez4 | 2024-11-10 | คำแปล....
eun3_2 | 2024-10-18 | 맛있겠다ㅜㅜ 밥도둑ㅜㅜ 그리고 머리묶은거너무예뻐요🔥🔥
rlacoals172 | 2024-11-24 | 안돼.... (이유=밤에 봤따.....^^)
bpquezada | 2024-10-13 | I love you
ch._nx.seo13 | 2024-10-16 | 와..시아님 진짜 예뽀졌..
lazemz126 | 2024-10-14 | I love the sound,... crunchy
rlacoals172 | 2024-11-24 | 고정ㅓㅓㅓㅓㅓㅓ
eundong12345 | 2024-10-14 | 언니 넘 맛있게 먹어용❤️
s.i3m_ | 2024-10-14 | 이분 개 오랜만
jeo3680 | 2024-10-13 | 오랜만에 마라탕땡기네
ddoo_d227 | 2024-11-12 | @imd_holy
_nurlan0vna_k | 2024-12-04 | 🐹
rlagodbf._ | 2024-10-14 | 배고파
gauday00 | 2024-11-10 | Mẹ t bảo ăn j mẹ nghe tiếng như lợn ăn thế-))
_miz___z | 2024-11-25 | @___yulling
jiee_at.archive | 2024-10-15 | seblak korea
lxxyezi | 2024-10-26 | @yelllley__ @ye__167 샹칼, 담엔 마라샹궈로 먹자
daveeecai | 2024-11-03 | I want a Korean girl
seanathania | 2024-10-13 | 이러면 배가 고프다...
cnonivu | 2024-10-15 | ياي
brown_sugar_tea_ | 2024-11-01 | ㅎㅂ
s3445712 | 2024-11-04 | ka.ko.enak
lv_____1128 | 2024-10-13 | 從小朋友吃看到現在變漂亮長大了😍
guloss_61 | 2024-10-13 | 너무 귀여워💗
sana.nazari66 | 2024-10-14 | 8
tanguanhao1218 | 2024-10-14 | i watch it at 3am at night😭😆
nyannkor | 2024-10-14 | 何食べてるのか基本わからないけど美味しそう
naraajaa_ | 2024-10-14 | kaya toping seblak versi sehat 😭😭😭😭
u.0o1oo | 2024-11-17 | 마라샹궈에 제발 고구마떡넣으세요 아제발진짜 고구마떡 마라탕에 절대안넣는데 마라샹궈에는 필수입니다 진짜 개단짠단짠와진짜 입에서 군침도네 아니제발 이렇게까지 부탁할게요 제발 드셔주세오 다듳 제발
jeongdayeon0717 | 2024-10-13 | 마라샹궈 낼 먹어야징 ㅠㅠ 이시간에 크 배고파영
y8.xn_ | 2024-10-13 | 와 맛있겠다,,
wldud.126 | 2024-10-13 | @juhye._.11
b_bberi | 2024-10-14 | 이쀼
chameleon.4709870 | 2024-11-21 | ❤️❤️❤️❤️
lovemenanisa | 2024-10-16 | Udh gede aja neng
rx.nh0 | 2024-11-21 | 영상 보다보니 핸드폰 지 맘대로 배민에 들어가있어서 어쩔수없이 시켜야하겠어유
hermanita.r | 2024-12-13 | 역시 먹방은 밤에 봐야 제 맛…
zeezo181 | 2025-01-29 | @ma_x997
szyo1 | 2025-02-04 | 밤에떳는데
suyeon13choi | 2025-02-13 | 밤에 봐버렸다
dsoxy_ | 2025-02-23 | 하 씨 밤에 봐버림
hyuido | 2025-03-18 | 맛있겠다❤️
fa_hmi4445 | 2025-03-30 | 姉さん、セブラック料理を試してみて
djhdhdhdiu889999 | 2025-04-04 | Seblak ala korea😭
firsyott05_ | 2025-04-05 | 안녕하세요.이름이 누구죠?
seeccc_raaaajaah | 2025-04-06 | 와, 언니 진짜 예쁘다
choso_6488 | 2025-04-08 | これらの食べ物をきちんと食べてください。あなたはもっとたくさん作っていますが、これは非常に迷惑な音です
hfizalim_ | 2025-04-10 | 😮 no mm up tu up
zumra_bozoglu | 2025-04-11 | 𝙰𝚋𝚕𝚊 𝚌̧𝚘𝚔 𝚐𝚞̈𝚣𝚎𝚕 𝚢𝚒𝚢𝚘𝚗 𝚌𝚊𝚗ı𝚖 🤤🤤
yulim225 | 2025-04-28 | ㅇ
simjuri3940 | 2025-06-14 | 👏
i1ov4eri_ | 2025-06-24 | 장염 걸림 ㅋㅎㅋㅎㅋㅎㅋㅎㅎㅋ😢"
2024-10-11,2.2만,(광고) 탕후루 식감이 나는 신박한 캔디!!😱 일본 유명 제과 업체 미카쿠토에서 만든 딸기맛 캔디 안에 젤리가 들어있는 신기한 탕후루 캔디! 현재 GS25에서만 구매할 수 있다고 합니다! 아..포도맛도 나왔으면.... 41주,"#GS25, #탕후루캔디, #탕후루, #딸기탕후루, #탕후루딸기사탕젤리, #과일캔디, #편의점신상, #젤리, #먹방, #mukbang, #유행디저트","y_tawdsy | 2024-10-12 | 이 젤리 어디서 팔아요?
ki.mxu_ju | 2024-10-11 | 와 진짜 신기해여!!
mimimi_25pi | 2024-10-17 | 日本でいうじゅるるっていうお菓子みたいな感じかな🇯🇵💚🍇
hhhyfag | 2024-10-11 | 잘라서 단면도 보여주면 좋을거 같아요
ijiyu288 | 2024-10-11 | 헐..ㅠㅠ맛있겠다....😢😢
guloss_61 | 2024-10-11 | 당신은 정말 달콤해요💗
gywls9503 | 2024-10-11 | 저캔디 예전에먹어봤는데 맛있어요
mina_ohya_chan | 2024-10-11 | These look so good
zxn1o_ | 2024-10-13 | 이거 어디팔아요?
wahahahat64 | 2024-10-11 | 언니 왜이렇게 예뻐
song_jell | 2024-10-13 | 요거트치즈는 어디 제품인가요~??
shirzadmoghadasi64 | 2024-11-01 | ❤️❤️
je.ongmin586 | 2024-10-11 | 톡톡시아❤️김민서
pje0129 | 2024-10-11 | @0.juuu95 헐 내가 말한거 ! 이거 맛있다니깐.ᐟ.ᐟ
misomisomisomisomiso | 2024-10-12 | @k.miseon_ 레스고우
suz_n11 | 2024-10-19 | 이거 나온지 많이됬어용 전에 저도 먹어봤는데 굿
eden774911 | 2024-11-17 | 얼마에요?
daryemonn | 2024-10-13 | @__daun_y 찾으면 구입 요망
_joyuni_ | 2024-10-11 | 요즘 다이소에서 품절땜에 구하기 힘든 껍질째먹는 모찌도 먹어주세요!🥹
imjiseong938 | 2024-11-27 | 맛있겠다
ulfat.alisa | 2024-10-11 | 🔥🙌❤️
joosungchi | 2024-10-11 | 이건 먹어야지 @zoeeeworld
__31.0h | 2024-10-15 | @j.0_k
i.s_yo | 2024-10-15 | 이거 엄청 맛있어용
hye_o_ni__ | 2024-10-14 | @chu1ida !!!!!
s_eunji0207 | 2024-10-12 | @daaaaaaaaaaaaaaaaaak 이거 보면 무조건 집어야해
kkahye_zz | 2024-10-13 | @90__jin 사줘!
luv._.zu | 2024-10-12 | @yck.pt 구해와..
deborahkim92 | 2024-10-15 | @luuuuuuuu._.ha
yunseo_021 | 2024-10-19 | 저거 잘못하면 혀 배여요ㅜ
1lllove1ll | 2024-10-30 | 당뇨걸어요
louisew_09 | 2024-10-11 | 중국어 자막을 원하세요🥲
_.starri__ | 2024-10-13 | Day 1 of asking for English subtitles
imsso.y | 2024-10-12 | @binnnnnnys
fox_yuki_fox | 2024-10-11 | 그 사람도 나와 같은 것 같다 그 사람은 달고 아삭한 음식을 좋아하고 나도 마찬가지다 나는 달고 아삭한 음식을 좋아한다
muy2827 | 2024-10-21 | %១០០០ហ។្់ងកើមនបដងឹផុំ
muy2827 | 2024-10-21 | ១៥៣៩៧០៥៧្់បលឋ្ិលខផងហផហលកចម្លដផនលហលលវរផ
_zo.arx | 2024-10-13 | ㅠ
fgsjsbbdjb_938 | 2024-10-13 | 아이라인 무슨일;;
j_iyoo.n | 2024-11-20 | 👏👏❤️
taebbeu8 | 2025-02-06 | 내이빨이 바사삭될듯😢
yeonji00100 | 2025-04-13 | 진짜 맛있던데…😢"
2024-10-09,18.4만,아니!! 이걸 먹는다구요?😱 (구매처는 프로필 링크 참조) 42주,"#toctocsia, #톡톡시아, #먹방, #mukbang, #베이비벨치즈, #babybel, #asmr, #먹스타그램","jhy_38 | 2024-10-11 | 옛날에 유틉으로 한번 봤었는데 예쁘게 컸네요😮 요즘 종종 보이는데 응원하겠습니다❤️
babybel.kr | 2024-10-11 | 베이비벨 레드왁스는 식용 왁스로 되어있어서 드셔도 무해하지만 되도록 치즈만 드시는 것을 추천합니다.

왁스까지 먹는 건 이븐 하지 않아요 😘
s_t__won | 2024-10-10 | 뭐야:;언제 저렇게 컸지? 저분 몇살임?
xiigxxt7_ss | 2024-10-12 | 오랜만에 봤는데 이제 완전 다컸젆아..!!!!!!😮
stella3.17 | 2024-10-13 | 와 진짜 많이 컸당
fatos.ertan.gercek | 2024-10-22 | 사랑해요
cc_pv._ | 2024-10-09 | 먹으면 안 돼! 그거 밀랍이야!😭
ballet_0810 | 2025-02-15 | 나 겉에 있는 왁스 먹었는뎅..........😂
seolaris._ | 2024-10-15 | 많이컷네.. 틱톡젤리 asmr 할땐 애기엿는대..
symphony_audi_ | 2024-10-10 | Don’t eat the wax pls…
msvigie | 2024-10-14 | Isnt it wax??
min_atikunn | 2024-10-11 | อยากกินนน
p_thunyathida | 2024-10-28 | อยากกินTT
5unwon | 2024-10-12 | ㅈㄴ이쁘네....
h_j___kim | 2024-10-10 | @lovelyk_hj
nyangi938 | 2024-11-18 | 베이비벨 먹어보고 싶다....😢
_bellabellss | 2024-10-10 | These things are my childhood! But seriously DONT EAT THE RED PART! Thats just wax I think.
lilipuu15 | 2024-12-05 | Pls try Dubai chocolate 🍫
faufillanalkailasalwa | 2025-01-12 | 언니 빨간색이나 다른색은 안먹고 안에서 먹는거에요!!
honeyd.o | 2024-10-09 | udah gede kamuuuu
andre.w_grae | 2024-11-01 | ㅜ뭉ㄷ!! ㅛㅑㅕ 애ㅜㅅ 듯 솓 ㄱㄷㅁㄴ ㅔㅁㄱㅅ ㅑㄴ ㅈㅁㅌ
jiyun161004 | 2025-01-21 | 삼켜두되요저삼켰어요
alrubaie_ruq | 2024-11-29 | تشبه ميرا بمسلسل البراعم الحمراء.
min_atikunn | 2024-10-11 | ้อย
grob_tanja | 2024-12-03 | Remove wax
rahunkk | 2025-02-05 | 어렸을 땐 귀여웠는디..
natadecocoyah | 2024-10-09 | Don't eat the red one, it's a candle.
omid____615 | 2024-10-26 | 다른 사람의 작품이 우리와 무슨 상관이 있나요? 마음에 들지 않으면 보지 마세요.
z1xxwn | 2024-11-01 | 왤케 이뻐졌지
toctocsia | 2024-10-26 | 겉에 왁스는 먹지 않았습니다!
I didn't eat the wax!
isfp_jjokja | 2024-10-10 | 근데 ㅋ 진짜 많이 컸네요 ㅎㅎ 잘 자라주었어요 ㅎㅎ
yagmurterim99 | 2024-10-27 | COK BUYUKSUN GALATASARAY
ayana.2989 | 2025-01-18 | This is a wax don't eat that please
geongdyung | 2024-11-16 | 과대포장
lalalung_ | 2024-11-27 | BLOON
han.kagg | 2024-12-13 | U can’t eat that red think
dana_giannelli | 2024-12-01 | Aguante argentina coñ.o
gemeas.alicesofia | 2025-01-02 | 😍😍❤️
anaiskim0101 | 2024-11-21 | 저도 그 치즈 먹어본 적 있는데 그거 겉에 있는 왁스 뭉치면 슬라임 처럼 느낌 좋아용
a_eyuo0 | 2024-11-10 | 귀엽다ㅜ
ly.nicolynl | 2024-12-19 | El plástico rojo se come?
kht_ruze | 2024-10-13 | No
laura4245nelson | 2024-10-31 | THERES WAX ON IT !
vedikas_happy_place | 2024-11-04 | It is wax. why would you eat it???
raatututu_o.o | 2024-10-10 | 누나 먹은게 빨갛고 빨갛고 촛불이었어
saebyeol._.10 | 2024-10-11 | 그래서 먹어돋히는거 안되능거
rishxzyy | 2024-11-24 | pabebe mo kumain😭
smart_jieun_ | 2024-10-13 | 마이크 뭐 쓰시는거에요? 소리 넘 좋아요
gmmyyyyyy | 2024-10-13 | Dah besar dh bdk ni😭
asha1.234566 | 2024-10-12 | 정중하게 식사하고 시끄럽지 않게
hayul_kwon__ | 2024-10-10 | 언니 진짜 먹방 너무 잘하고 소리도조타 글구 넘이뽀❤️❤️😍😍
sim_pingpong | 2024-10-12 | 우와 많이 컸네요 목소리가 좀 성숙해짐
babosyakeu | 2024-10-16 | 나 촌년시절ㅋㅋ 싱가폴 여행갔을때 저 치즈 뷔페에 있었지요~겉에 쌓여있던 빨간색까지 와구와구 먹고있었는데ㅋㅋ웨이터분께서 먹지말라고했음ㅋ근데 먹어도 별탈 없었습니당ㅎㅎ
2weeksss | 2024-10-10 | 그 개그우먼 지유 닮았쟈나..카더가든 단합회하던 지유님..
yclyclyclyclycl | 2024-11-02 | 많이 컸네.. @hyun.0_gram
fatos.ertan.gercek | 2024-10-22 | 이 치즈는 터키 치즈예요
ezhnnisa | 2024-10-10 | The red is wax😢😢
asyaqwxz | 2024-10-28 | Lan çok güzel yiyo
oydcbjjjj | 2024-10-11 | 식용왁스 먹어도 되는데
elsa.salin | 2024-10-10 | You cant eate the red ting
estefaniahashibira_ | 2024-10-11 | Deveriam avisar que essa parte vermelha e amarela é cera, tipo vela
laykaxkirry | 2024-11-16 | Hermana eso no se come 🧍🏽‍♀️
hvg.jvn | 2024-10-19 | 유럽에 있어요
metincan_celikcan | 2024-10-29 | Autistic?
kanakana._.chan | 2025-01-02 | 袋に食べないでって書いてありますよ！外側は食べ物じゃありません！お腹壊しちゃいますよ！
so.xah_13 | 2024-11-08 | 빨간색깔 치즈는 많아 짜나요?
hyo_miniverse | 2024-10-15 | 금방 물릴것 같은 느낌...?
sheksql1 | 2024-10-12 | 애기엿는데 갑자기 커브럿엉!
rahmadinayessica | 2024-10-19 | Ya Allah dia udh gadis dong skrg, gw berasa tua 😭
zixuon__ | 2024-11-23 | 오랜만에 봤는데 분위기가 좀 달라졌네 더 예뻐짐 뭔가..
choi_lizzy | 2024-10-09 | that red layer is wax dear
scrt_kacicek | 2024-12-20 | Nooooo
sunlix_chris | 2024-10-30 | هي كلت الشمع مو لازم يتاكل
e.lusss | 2024-10-12 | This is Candle oil😢
evangel2010424___ | 2024-10-27 | ❤️
luvlee.romyy | 2024-11-16 | You have to peel of the red covering its wax and it’s for the safe from bacterial
em.be.yeu | 2025-01-09 | Mukbang phomat
saa_xyzsaa | 2024-10-19 | It was peeled off the skin that was red because it was wax😮🔥
jiaiwiw9yw | 2024-10-11 | 입이 할매상임
dyux.9 | 2024-11-07 | 톡톡시아 왤케이쁘?.
gimsiyul705 | 2024-11-15 | 치즈 거내서 녹여 먹으면 ㅈㅁㅌㄱㄹ
mry_mutlu | 2024-11-10 | Please fast eat
aalisaasaaphrmmaa | 2024-11-07 | เรียบร้อย
idalie_010 | 2024-10-09 | Man ska ju inte äta de röda🤦‍♀️
gaon_kim13 | 2024-10-11 | 아자~
f_raction | 2024-11-28 | 무쌍이 매력이였는데😢
mdv_medvet | 2024-10-15 | Non si mangia la buccia 😂
yunu_bi | 2024-10-10 | 저거 비닐만 보고 옥춘당인 줄
s.0u_n1 | 2024-12-07 | 귀엽고 이뻐요
loveduck77 | 2025-01-12 | 락스면 먹을듯
ferryn_kan | 2024-10-10 | Looks yummy
mariana_garcia1985 | 2024-11-02 | Q barulho pra comer
ceryngerape | 2024-11-14 | Udah gede aja 🥲
eryery139 | 2024-10-09 | English subtitles?
meiihua15_ | 2024-10-09 | 😂😂😂😂
aambree__ | 2024-10-09 | Ah non mange pas ça 😨
71m_limlim | 2024-10-09 | What does yellow taste like?
e7v1.5 | 2024-10-09 | Do not eat the wax! If you want to resue the wax you can turn it into a candle!
_onlyhope____ | 2024-10-09 | She just wanted to feel the texture; she didn’t swallow it. The caption said not to eat it.
ini_inioo | 2024-10-09 | 아귀여워"
2024-10-06,13.4만,와..이거 기억 하시는 분??😭완전 추억ㅠ (구매처는 프로필 링크 참조) 42주,"#쿄호젤리, #일본간식, #유행디저트, #젤리, #먹방, #mukbang, #asmr","runa._.sasaki | 2024-10-06 | where does she have her mic? it’s amazing how it takes all of the eating sounds
nadeulyi0707 | 2024-10-07 | ❤️❤️❤️
coco_osksk | 2024-12-07 | 헐..ㅠ 완전 추억이야
nyannkor | 2024-10-06 | 美味しそうだし、すごいいい音😴
ppptt_25 | 2024-10-07 | แซ่บบบ
10._osh | 2025-03-02 | 예전엔 맛없어 보였는데 지금 맛있게 생겼네
m1n.seo_14 | 2024-11-18 | 어머 쌍커플 생기셨네영 예쁘세용
sxe.hu14 | 2024-10-12 | 맨날 마트에 3개만 있엇는데도 맛있었음
kwonmin_jae | 2025-01-18 | 근데 나만 얼려먹었나
doeun_0401_moa | 2024-10-18 | 와 이게 추억이됫어어ㅜㅡ
lx_xl.27 | 2024-10-31 | 많이 컸네..
k_rxddxr | 2024-10-27 | 쿄호젤리..
lo.ve__sat | 2025-02-27 | ㅈㄴ 노알라 닮음
ww.anid_a | 2024-10-07 | @wannaponbuasuwan ครูตู่กินองุ่นเคียวโฮ🍇
06minkikiki.27 | 2024-11-14 | 제일 처음에 제로크림인줄 ㅋㅋ
_ha_mkk | 2024-10-09 | @zero__zin 먹고픈디
seongmi1356 | 2025-03-07 | 혹시 입안에 마이크 달으셨나요 소리징짜큼 😮
bbaggangmin | 2024-10-09 | 시아님 혹시 몇살이세요?
hong_puding | 2024-10-07 | 이거 원조지 또 먹고싶당
rheilenesevilla | 2024-10-10 | Aww your so cute
sydscaa | 2024-11-21 | 먹는 속도가 듣기 불편해요!!
sang.yun13 | 2024-10-07 | 쌍수하셨어요?
anaisabelpzrz | 2024-11-16 | 更多类似的视频
jun_130123 | 2025-03-01 | 아니 고작 젤리하나 먹는데 소리가 웰케 꾸덕하냐
ax.eum | 2024-11-14 | 이거 찾으려고 진짜 마트 겁나게 돌아다녔는데 지금은 눈앞에 보이네
gazelle.111223 | 2025-01-07 | 하지만 5년째 한번도 안먹은 간식
nikomanglisnadewi | 2024-12-29 | Itu mic nya di Telen ya ?
anjuwan83 | 2024-10-07 | 저거 구하기 힘들어서 편의점에서 파는 큰거3개들은거 먹은사람ㅡㅡㅡㅡㅡㅡ>
thuyen2893 | 2024-11-10 | 엄마, 평소에 밥 안 먹어요?
ohyeonu30 | 2024-10-11 | 한입에 안먹는거 개킹받노
ihae_jn | 2025-02-28 | 화장한거 진짜 안어울림.. 애기때 사과머리한게 젤 기여운데
baltazartaliana | 2024-12-06 | Yunjsjshisqiyybc
aurora.kleine | 2024-10-09 | You look like Asa from babymonster 😍
chinli.xu6 | 2024-10-06 | 🫶
hh_21_50 | 2025-02-28 | 죄송한대 노무현 닮으셨어요...
syiramadhani_ | 2024-12-22 | sok imut
im_saa306 | 2025-01-05 | mirip kakak ehsan😭😭
ara12345678938 | 2024-10-22 | Yen mangan, aja rame
wornxjeifj16198 | 2024-11-15 | Come direito
khj___0102 | 2024-10-30 | 이걸로 쿠하쿠토 만들어주세요
_yrihs92 | 2024-10-08 | 凍らせると美味しいですよ😋
kangsejin_2013 | 2024-10-12 | 옛날에 저거 보다 싸이즈 큰데
nurlita.11799 | 2024-11-16 | BB
ye_.1xn | 2024-10-08 | 나 저거 유행할때 한번도 못먹었는데 내일 사먹어야겟다
coegayeong901 | 2025-01-06 | 저요 🙋‍♀️
kxm.y_j00n | 2024-11-23 | 코호젤리 언제적이고....
cologneee.213 | 2024-10-12 | Can't u eat normal
nadyayunika | 2024-10-06 | Udah gedeee ajaaap😢😢
vikachu_42 | 2024-11-23 | @ufa_iki
kws.xy12 | 2024-10-07 | 저렇게 많이 들어있었나??
thuyen2893 | 2024-11-10 | 그냥 그렇게 먹고 입술 오므려
zydaaag | 2024-10-08 | Mii jo
ihayeon3887 | 2024-10-07 | 교호젤리로 탕후루 해주실 수 있나여?
cute_kkr8212 | 2024-10-09 | 복숭아가 찐인데ㅠㅜ
memey_aja03 | 2024-10-10 | 오빠 놀려요
jx.oo0_ | 2025-01-07 | 나 어렸슬떼 검나 많이 먹었는데
m0nk3ym1cky | 2024-10-06 | İlk😎
enkhuchral.gdy | 2024-11-22 | Pick me
tearyn0603 | 2024-10-06 | 옹😢😍
hyojing03 | 2024-11-18 | 탕후루햐쥬세요!
seungki._.12 | 2024-10-07 | 반띵 할래요?
hxy_.2 | 2025-01-06 | 이거 복숭아 맛이 맛있어요😍
sun_scoop78 | 2024-10-12 | 🙌
nabilghaziaa | 2024-10-06 | cantik bgt udah gede woy @rlaxldk
skidfjwos | 2024-12-31 | 맛있어용
dd_hhh | 2024-11-09 | 😢
gyubin0328_ | 2024-10-09 | 아트박스에서 사먹었었는데...
ldw._.sss | 2024-10-10 | 이분 틱톡에서 봤었는데 안본새에 진짜 많이 바뀌셨네요
hyeon_gyu12 | 2024-10-08 | 옛날에 사람들이 저걸로 탕후루 만들었는데
nga20082023 | 2024-10-11 | Tiếng ăn giả trân vl-)
l_ci.h2 | 2024-10-09 | 너무 이뻐지셨는데
sksl0612 | 2024-10-13 | 약간 더 작아진 느낌
sso.___.11 | 2024-11-09 | 와 맛있겠다...한 입만...ㅎ
hasnanurfitria | 2024-10-08 | Kamu cepet bgt sih dek gedenya
jeonggyumin29 | 2024-12-11 | 요즘에 안보이는거 같던데
parkjuyeon142 | 2024-10-06 | 교호 젤리잖아❤️❤️
jaeeeebe0m_ | 2024-12-31 | 많이 늙으셨네요
kkangjjia0650 | 2024-11-06 | 소리🔥🔥
fdll.mldy_ | 2024-12-08 | ini sebenernya mic nya di mana sih?
khj___0102 | 2024-10-30 | 쿠하쿠토!!!!!!!!!!!!!
rawidovam08 | 2024-11-01 | 대박 나도 먹고 싶다 😍😍
kimhyorin2016 | 2024-10-12 | 마이크안해도소리가대박이다👏👏😍
songe.unu | 2024-11-03 | 몇살????
j__.726 | 2024-11-04 | 쌍수했나요
siha_ha | 2024-10-06 | @ylee548 나 이구 🤍
j._uxn10 | 2024-10-08 | 우와 추억이에요 🤤
oun___mean__mean__yi_ki | 2024-10-27 | ម

❤️❤️
seuniixo_ | 2024-10-13 | 시아님 개인계정은 없나요?
1.__.6youg | 2024-10-10 | 옛날에 저거 교과서에 숨기다가 난리 났는..
wo1to2__r7 | 2024-10-20 | 쿄호 젤리 이제 추억이라니…
b_h4zal | 2024-10-06 | you are so beautiful
sirin41_41 | 2024-10-07 | 내 님 지금
shushuon1234 | 2024-10-07 | 저 이거 생각도 안했는데 시아 언니 보니까 급 먹고 싶어짐 언니 짱❤️
console_07 | 2024-10-08 | 내가 애였으면
wldb1122 | 2024-10-09 | 소리 좋아요
brma_mshna | 2024-10-09 | Mongolia pls 🙏
choiv4nd | 2024-10-09 | Kok beda auranya beda ya sama. Dulu
shuk_7 | 2024-10-09 | wow
rxiii.07 | 2024-10-10 | الصوت!
aa.__ddd | 2024-10-10 | حاطه ميكروفون بحلكهه؟."
2024-10-03,1.9만,(광고) 5천원대 먹는 요아정?? (feat. 멜로팝 ) (구매처는 프로필 링크 참조) 43주,"#멜로팝, #요아정, #요아정파르페, #먹방, #유행디저트, #asmr, #아이스크림, #간식","hyuido | 2025-03-21 | 진짜 침이 주륵륵😂😂
criii__sti__na1 | 2025-03-09 | 👏
sm._kzim | 2025-02-04 | 시아님 너무 예쁘고 착하세요❤️❤️언제나 힘내세요!
ijia5624 | 2025-01-13 | 편의점에 블루베리요아정나왔던데
chill__gay123 | 2025-01-06 | 걍 비요뜨를사먹ㅇ
__________wisdom | 2024-12-06 | @cat_choding
alice1582011 | 2024-11-22 | You are so cute 🥰
nyangi938 | 2024-11-18 | 바삭바삭 소리 넘 좋아
kje3116 | 2024-10-18 | 너무 꿀향이 많이 나서 맛이없었어요
moojuckha | 2024-10-17 | 돈지랄
ya520515_1314 | 2024-10-06 | 為什麼嘴巴要打馬賽克？
yr060_8 | 2024-10-06 | 볼 때마다 소리 넘 좋아요 화이팅 하세여!
e_xtjy | 2024-10-05 | 뭘 광고하는거죠..?
rai.el.an | 2024-10-05 | Цензура на рот?
dew_juus | 2024-10-03 | Can you translate your videos to English pleaseeee
backggomi | 2024-10-03 | 😍
6e9.h | 2024-10-03 | 맛있어요 🥴🎀
fox_yuki_fox | 2024-10-03 | 그가 먹는 음식이 어떻게 항상 바삭할 수 있는 걸까요??
steyell3 | 2024-10-03 | The combination look’s phenomenal👏👏👏"
2024-10-02,7.6만,통전어 소리 장난 없다..ㄷㄷ😱 43주,"#통전어, #가을전어, #전어, #먹방, #mukbang, #asmr, #koreafood","mr.asphalt_2010 | 2025-04-30 | Did you just eat raw fish
maeng.sohee | 2025-03-24 | ❤️❤️❤️❤️❤️❤️
uhadmyheart | 2025-02-15 | 헉 언제이렇게 커서 전어를 .. 넘 이뿌게 자랐네요 😍😍
hangayul1 | 2025-02-12 | ❤️
juwon090412 | 2025-01-15 | 전어 불호 하트누르셈
funkybbq_ | 2025-01-13 | 소주는 없나요
s_j9292 | 2025-01-11 | 간만에보는데 많이컷네용😃
k0_5ung | 2025-01-06 | 막장어디갔어
jun_shaping | 2025-01-06 | 이분 성인임?
nacchmiinacchwaaluukehlm | 2024-12-30 | Utyituoo0iyw
nacchmiinacchwaaluukehlm | 2024-12-30 | Hgigjteu
nacchmiinacchwaaluukehlm | 2024-12-30 | Cffyyyrerftug
nacchmiinacchwaaluukehlm | 2024-12-30 | Sgagadgg cgfgdyfhkuhjf
syaa_leyaaa | 2024-12-07 | @4lyeyka_ ni
cenyingc | 2024-12-04 | 这是什么鱼
emesengphachan | 2024-11-22 | เสืยงเกีนจริง น่ารำคาญ
_tanish._.aaa_ | 2024-11-18 | Sister you can cook it🥹
tojyaa_06 | 2024-11-16 | 생선 찐으로 극혐해하고 싫어하는데..저건 먹고싶당.. 아...
022plus | 2024-11-12 | bahaya gak makan raw fish itu?😮
doga_k10 | 2024-11-11 | Bu kıza biriniz nasıl bir şey yemesi gerektiğini açıklasın
sena_svnc02 | 2024-11-05 | Fake botton
kawasaki.tetsu25 | 2024-11-04 | 日本語でも翻訳してほしい！
squirrel.1860107 | 2024-10-31 | تم اختراع هذه اللعبه سنه 1110000
ranirahmawati2997 | 2024-10-29 | Lu cepet banget gedenya😬
pt_js.h | 2024-10-23 | 언제이렇게커서 전어까지 먹을줄 알게된거야😢
yunji_2447 | 2024-10-20 | 전어는 막장🔥❤️
sunhwa__choi | 2024-10-18 | @wr_0820 맛있겟다
hopidn | 2024-10-15 | @poa.wngh mukbang cám
kang_6624 | 2024-10-14 | 하...이걸 이어폰 최대음량으로 들어버린 과거의 나를 증오한다
a._____.0i5 | 2024-10-13 | でかくなったな笑
mx.1yn_ | 2024-10-12 | 진짜 예뻐시셨다
hyo_miniverse | 2024-10-12 | 저건 쌈장이 최고더라..
unju.kang | 2024-10-10 | 삼키는 모습 풀영상 보여주면 좋은데
eundong12345 | 2024-10-10 | 웅니 넘 예뻐용❤️❤️ 먹방도 넘 예쁘고 맛있게 먹구
lillliilli_il | 2024-10-09 | 전어 먹을때 조심하세요. 전어 먹고 페혈증 걸려 하반신 절단하고 돌아가신 분 뵜어요.
전어는 고등어랑 마찬가지로 잡식성이라 바다의 모든 지져분한 건 다 먹도살아서. 정말 신선하거나 익혀 먹는 걸 추천합니다.
건강하고 젊으니 몸 속 면역력이 이겨내주는거지 몸상태 안좋으면 까딱하면 골로가요.
그렇게 가신 분 총 두분 뵜어요
haimiingjyy | 2024-10-08 | 🙏🏻🍰🍨🍤🍕🍣🥐🍉🍓🫐🫐🥞🍗🥖🥚🥗🦪🍮🍡🍙🍩🌰🍟🙏🏻🙏🏻🙏🏻🙏🏻🙏🏻🙏🏻🙏🏻
kimjaebong8344 | 2024-10-08 | 소리만 들어도 먹고 싶어지네요~
anisnze | 2024-10-08 | 🦖
s_b_k_1992 | 2024-10-07 | 사운드 진짜 미쳤다 ㅋㅋㅋㅋㅋ
ftmebzrgi__ | 2024-10-07 | اون موقع من ویدیوهاشو‌میدیدم چقد بچه بود
gim_765u | 2024-10-06 | ㅇㅁ
mskjdx_ | 2024-10-06 | พี่กินปลาหรือแตงกวาค่ะ😢😢
x_ngvj | 2024-10-06 | 
restrepojohananarvaez | 2024-10-06 | Dicen unas bobadas que uno ni les entiende
ej._.1015 | 2024-10-06 | 진짜 신선한 가게에서 먹으면 진심 꼬숩한대요..
y._.s.ra3.24 | 2024-10-05 | 이제는 외국인도 사랑하는 채널이 됐어
riwxn_01 | 2024-10-05 | 전어는 된장에 찍어먹으면 맛있어요!
kys10_01 | 2024-10-05 | 전어는 쌈장이 맛있지~
bobvely_ | 2024-10-04 | @___hyjin___ 전어 소리 ㅠ
ttttttttttttttttttttttezezez | 2024-10-04 | @kimchi__uk 전어소스는 술인데 먹잘알 ㅇㅈ?
airforceone_3 | 2024-10-04 | 진짜 비렸나 보다 ㅋㅋㅋㅋㅋ ㅠㅠ
soomini_mami | 2024-10-04 | 편집되서 그러나요? 삼키는건 없네^^ 전어무침 해먹음 맛있어요
2s_min29 | 2024-10-04 | 손이 어떻게 해서 이뻐지신거죠....
linda_arghargh | 2024-10-04 | Crunch queen🔥😍
2owzae | 2024-10-03 | 해산물 먹방 많이 해주세요😍😍❤️
dew_juus | 2024-10-03 | Please translate your videos to English 🥹
min______zzz | 2024-10-03 | 쌈장+다진땡초+다진마늘+참기름 해서 먹으면 맛있어요! 전어는 초장보단 양념한쌈장!!
0516_carat | 2024-10-03 | @taeeun389 아빠 나 이거 사죠
maleklabidi2137 | 2024-10-03 | It's a raw 😨
e.ho_19 | 2024-10-03 | 맛 표현을 보니 회 상태가 😢 더 신선하고 숙성된 걸로 먹으면 극락입니다
iggy_gangchu | 2024-10-03 | 된장막장+고추마늘다대기+참기름
hhhe_888 | 2024-10-02 | 애기가 못먹는게 업오 ㅠㅠ
71m_limlim | 2024-10-02 | is that raw fish????
_nazari1378 | 2024-10-02 | 🔥
_nazari1378 | 2024-10-02 | 안녕하세요, 저는 이란 사람입니다. 이란 음식을 먹어볼 수 있나요?
hhhh.yy04 | 2024-10-02 | 와/..소리미쳐
supatsorn_suk | 2024-10-02 | ปลาเคลือบอะไรค่ะกรอบจัง😂❤️
sashame_xoxo | 2024-10-02 | So loud 🔥🔥
waratjantanopsiri | 2024-10-02 | What fish
lx_yxxin | 2024-10-02 | 와 언니 크면 클수록 겁나 이뻐지시네요 저는 오랑우탄 닮아가는데…
iamnicholaschan | 2024-10-02 | we need english subtitles 😍😍
sb_b_98 | 2024-10-02 | 와 전어를 통으로,,,못먹는게 없나봐요 부럽당🥲
ss90.10.29 | 2024-10-02 | 시아 아가씨 다 됐어 ㅠㅠ❤️❤️❤️❤️
yolkiyukyuk | 2024-10-02 | 영상에 영어 자막을 넣어주세요 ❤️"
2024-10-01,1만,(광고) CU나 쿠팡에서 이거 보이면 꼭 사세요!! 43주,"#크런치치즈쿠키볼, #씨유간식추천, #쿠팡간식추천, #간식추천, #신상과자, #치즈과자","nyangi938 | 2024-11-18 | 소리 너무 좋은데
nyangi938 | 2024-11-18 | 입 안에 마이크 있는거 아님?
nyangi938 | 2024-11-18 | 시아님 너무 예뻐요ㅠㅠ
eun.ahy | 2024-10-12 | @gk.jy8_1
s3.28w | 2024-10-07 | @e2.one 볼때마다 너가생각나
juhajjan | 2024-10-06 | 먹어봤는데 달고 맛있고 2+1 800원이라 ㅁ쳤음
geumjeong8 | 2024-10-04 | 저희 동네 파라여ㅕ
sun_scoop78 | 2024-10-04 | 🙌
ch__02.25 | 2024-10-01 | @uu__nnaaa 궁금하다잇
xoxo_20403 | 2024-10-01 | I love your videos I hope you answer me 💋💗
ii_dyn13 | 2024-10-01 | CU에서 별게 다나오네
z.1xn_24 | 2024-10-01 | 오오 맛있겠다ㅏ
toctocsia | 2024-10-01 | 10월 한정! CU 편의점에서 크런치 치즈 쿠키볼 2+1 행사 진행중!
800원에 치즈볼이 3개라니...
치즈 덕후라면 빨리 가서 꼭 사먹자!!"
2024-09-26,9.9만,이 영상을 밤에 보지 마시오..🤫 44주,"#톡톡시아, #무뼈닭발, #엽기무뼈닭발, #먹방, #mukbang, #asmr, #동대문엽기떡볶이","jiu02._.x23 | 2025-07-12 | ㅗㅗ
gweongyubin2 | 2025-07-06 | 아니 저랑 3살차이 밖에안나고 옜날엔 엄청 조그만하셨는데 존경합니다
mint_62611 | 2025-04-10 | มันไม่หกหรอกคร่ะะะ
kim_dong_hyun_0407 | 2025-03-18 | 앙 가버렸><
k__hyoung_ | 2025-03-14 | @y__dkyu_1114 이거다
pjimin8131 | 2025-03-09 | 왤케 이뽀지셨나요!?!?!?!?!?
aurora_11.13 | 2025-03-09 | 어.. 언제 이르케 크셨..?
_o3yue | 2025-03-07 | 아니 누나 뭐야 뭔데 이뻐 오아ㅏ아러러
rnalstks9 | 2025-03-01 | 와 진짜 먹고싶게 만드신다...
lee__leana_ | 2025-02-27 | 와 진짜 애기때부터 봣는데 이제 엽떡목는구나..세월이 감개무량 ㅠㅠㅎㅎ
hgugjoha | 2025-02-23 | 밤에 보고있다.....
mimamomamimimi | 2025-02-19 | 와 왤케잘컸어
31ooball | 2025-02-16 | 부럽다
zizonangel | 2025-02-14 | 톡톡시아님 귀여워용
gimsaeu87 | 2025-02-08 | 싸장님 팁
kensotus | 2025-02-06 | 진짜 많이 컸다 ㄷㄷ
s.xhu_4 | 2025-02-06 | 뭔가 김인호에서 나올거 같음
mix._a12 | 2025-02-05 | 와... 먹고싶게 만드네?
ililililiiliiilllilililili | 2025-02-03 | 밤에 봐버렸다…ㄷㄷ 배고프다…😢
suoiz__ | 2025-02-02 | 배에서 꼬르륵 ㅇㅈㄹ 하고 있어요 ㅠ
s_ahx4 | 2025-01-30 | 입에 마이크 있으시나요..
lovemyselfeunhee | 2025-01-30 | 시아 애기때부터 봤는데 넘귀여움 아직듀 ㅜ 이언니가 항상 응원해요🩷🩷🩷
chanjoo63 | 2025-01-29 | 밤에 봐버렸다😢🔥🔥
xi1_yn | 2025-01-25 | 자기전에 봐버렸다...
aritc_fox096 | 2025-01-22 | 밤에 내 알고리즘에 떳는데 어떻게 안봐ㅠㅠㅠㅠ지나칠수가 없자나ㅠ
ricekiller_dami | 2025-01-20 | 누나 사랑해요
avalora_0000 | 2025-01-19 | 吃醋我
jkagjmguj0 | 2025-01-18 | 딱 밤에 봤네 타이밍ㄷㄷ 맛있겠다
hyi.hyi | 2025-01-15 | 오랜만에 영상떠서 봤는데 그사이 많이 컸네여ㅎ
mmvi.iii.xiii | 2025-01-14 | 진짜개맛있겟다
liillilililiiill | 2025-01-13 | 갈수록 이뻐지시네요
piano_dance0828 | 2025-01-09 | 처음에 계란찜보고 치즈인줄 알았던 나 반성해
isubin6604 | 2025-01-07 | 언니 서이브닯은더같아요 그리고영상항상힐링이에요.ㅎㅎ
n__njang | 2025-01-04 | @yeongyu__n 미쳤다
k_taegon12 | 2025-01-04 | 이분 왜케 컸어요 분명 어렸을때 봤던걸로 기억하는데..
ha_eun3521 | 2025-01-03 | 쩝........불닭이라도 먹을까.....
lee_dorai12 | 2025-01-02 | 먹고싶다
hkilb_s | 2025-01-02 | 나도먹을래요
e.j_0w0 | 2025-01-01 | 진짜 애기였는데ㅠㅠㅠ 언제 이렇게 숙녀가 됐찌 너무 이뻐용❤️
levoyagebreezy | 2024-12-27 | 어디서주문하셨어요
levoyagebreezy | 2024-12-27 | 👏😢😢😂😂😮😍😢👏👏🔥🙌
ahsenbusebasaran | 2024-12-15 | ❤️
ahsenbusebasaran | 2024-12-15 | ❤️
ahsenbusebasaran | 2024-12-15 | ❤️
ahsenbusebasaran | 2024-12-15 | ❤️
ssongza88 | 2024-12-12 | 마라탕...좀해줘여..
bagseonyeong3650 | 2024-11-26 | 이영상보고 닭발바로 시켰다
linaatoy15 | 2024-11-25 | 🔥
rlacoals172 | 2024-11-25 | ㅏ...먹고시퍼....
plax_mj_0603 | 2024-11-19 | @_.xeon_u 언냐 이거!
kim_m_j729 | 2024-11-13 | 신라면 정도 매운가요?
di.syo | 2024-10-28 | @a.__.ln
da1a_00 | 2024-10-14 | 살잘안질것같은 체질인것같아
yebon_x | 2024-10-13 | 저녁에 봐버렸다..,😢 그것도 배고플때..,😢
lxxyeonwoo | 2024-10-11 | @minddeep
l.s190512 | 2024-10-10 | 먹방중에 젤 이쁘게 먹네~~
juny_enog | 2024-10-09 | 아ㅏ 새벽1시 다 되가는데 이게 왜뜨는거야
_bdlbq_ | 2024-10-03 | 요 아기 왜케 예뻐졌나요.. 다 컸네,,🥹
3sm4.nurr | 2024-10-02 | ❤️
puchohenzaa_ | 2024-10-02 | 大人っぽくなってる!
dororoooooooooooooooooo | 2024-10-02 | 다 컸다
zi_ho__o | 2024-10-02 | @ch_94p 와 이거 먹어야겟오😮
z.lataa_ | 2024-10-01 | 🔥🔥🔥
eundong12345 | 2024-09-30 | ❤️
eundong12345 | 2024-09-30 | 넘 맛있겠어용!
yossieindany | 2024-09-30 | Udah gede aja dia 😢
lizpatriciayu | 2024-09-30 | she definitely grew up before our eyes
hhhjisal | 2024-09-29 | 안대 밤에 봐버렸어
nnsaad_ | 2024-09-29 | Wait is she a lil girl mukbanger back then?
thezaura28_ | 2024-09-29 | You grow up, u grow so fast😍
sonjihu16 | 2024-09-29 | 헐ㄹ 맛있겠다ㅏㅏ🤤
ciren_kim | 2024-09-29 | 10살밖에 안됐다고???더 되지 않았나?
garmonbozia87 | 2024-09-29 | She's been working since she was a little child
ab_defgiloveyou | 2024-09-28 | anjayyyy nih anak uda gede aj
a_eun_.0_ | 2024-09-28 | 😍
arua_0.0 | 2024-09-28 | @k_boms2
yujin__00 | 2024-09-28 | @solnim_e 하필이게...ㅋㅋㅋㅋ
po.cheeese1822 | 2024-09-28 | この子、二重整形した？
sn.oyen_0 | 2024-09-28 | 맨날봐도 재밋ㅇ어요 ㅠ
p._.hjko | 2024-09-28 | 마니컸당😢
kiraniiiba | 2024-09-28 | 그는 아이돌처럼 우아하게 먹는다😍😍
ninirini_409 | 2024-09-28 | @91sh_cc 와
fr4away | 2024-09-28 | 당신은 매우 아름답습니다
in__ing__ | 2024-09-28 | @g1xyzn_ 가연인줄
lass_n10 | 2024-09-28 | Mba udah imut tapi jangan diimut2in 😢
ghjubfcfvvf233 | 2024-09-28 | 내 사랑 식욕에😍
chohee_d | 2024-09-27 | @im._.monika 먹어야겟다
ggyungsss | 2024-09-27 | @y8_ung 괴롭됴?
ceonseungbin69 | 2024-09-27 | 아짜증나. 너무 맛잇게먹어
hala_._.mimi | 2024-09-27 | ياخي شو بحبها ✨🤏💋
_kj.w13 | 2024-09-27 | 네 먹으면서 보고 이써요
jj21621 | 2024-09-27 | 뭐야..예전에는 귀여운 아가 느낌이었는데 오랜만에 봤는데 되게 성숙해지고 뭔가 분위기 있게 이뻐졌어..😳🥺
x_uju07 | 2024-09-27 | 언니 쿠션 뭐써요..?ㅠㅠ
fatimefatime1996 | 2024-09-27 | Nəsildən nəsilə keçən ailə peşəsi
_ta.g10 | 2024-09-27 | ㅈㄴ이뻐졌네
imhyiyeong85 | 2024-09-27 | 지굼 몃 살이새요?
blinkstay.skz | 2024-09-27 | 직접 확인해보세요
ahmetmusa5291 | 2024-09-27 | ❤️❤️
tymzchmnchy | 2024-09-27 | 🇮🇷
somac_06 | 2024-09-27 | 애기때부터 봤었는데 여전히 이쁘시네요😍"
2024-09-23,3.9만,와..진짜 치킨보다 더 맛있다😭 44주,"#톡톡시아, #toctocsia, #asmr, #mukbang, #먹방, #생새우, #가을대하, #대하구이","ldu160418 | 2025-05-12 | 소리 넘 좋아욘❤️❤️❤️
mc_tursinoy_ | 2025-03-12 | Pls uzbek food iding🙏🙂
mari12245394 | 2025-02-11 | 꼬리를 안드시는건강...
yxxjexng | 2025-01-21 | 와 나는 새우를 싫어하는데 새우가 맛있어 보이는건 첨이야..😍
y.won065 | 2025-01-10 | 소리 진짜 레전드👏👏
seoyul_kimkk | 2025-01-05 | 생새우 너무 맛있던데
oseongeun19 | 2025-01-03 | 언니 입에 마이크 있어요??왤케 소리가 잘나요??
kimseryeong0374 | 2024-12-09 | 너무예뽀요온니
sheillachattly | 2024-11-23 | Udah gede bgt😍
nyangi938 | 2024-11-18 | 새우 러버들은 기절
htaeyul | 2024-11-14 | 원래 오독오독해요?
melody140391 | 2024-11-05 | 👏👏
tr.trinhh3105 | 2024-10-15 | Chắc minh toi người Việt Nam 😞
tonnam_234 | 2024-10-14 | ไม่ทราบว่าติดไมค์กี่จุด
l_e_y_16 | 2024-10-14 | 먹을줄아넹
muishima_ | 2024-10-10 | How does it taste?
ko13.daye | 2024-10-08 | 맛있겠다 난 생새우 못먹는데 ㅠㅠ
kemiga810 | 2024-10-05 | ทำไมไม่มองกล้องคะ
da__og0 | 2024-10-05 | @sx_.zero
acornlav | 2024-10-04 | she kinda look like badvillain hue
yh11_26 | 2024-10-03 | 처음에 껍질까지 먹는줄,,,,,,,ㅎ
_g.2xy | 2024-10-02 | 생새우는 사랑이야😍..
jung._.in15 | 2024-10-02 | 군침싹도누
gxmlio | 2024-10-02 | 생새우 맛있겠다....
juhajjan | 2024-10-01 | ❤️🔥👏😮
seung0_2o | 2024-10-01 | @leeji_photo 내가말한생새우 ㅋㅋ
minnnn_j02_ | 2024-09-30 | @_johangs 야야야야야야 생새우를 술 없이 먹는 사람이 있음 와 시바
hyo_miniverse | 2024-09-30 | 너 먹을줄 아는구나?? 대단한걸 ㄹㄹㄹ
shh_k11 | 2024-09-28 | 님아 나도주쇼
ji_o.xng | 2024-09-28 | 와 겁나 맛있겧다
_jiyun_04.11_yun | 2024-09-27 | 와~소리쥑인당🤤
ahmetmusa5291 | 2024-09-27 | ❤️❤️
kimty_0904 | 2024-09-26 | 너무ㅜ 예쁨🔥
leegaru_ | 2024-09-26 | 너무귀여워❤️
_ana_kaohu_eli_ | 2024-09-25 | YOU EAT UT RAW AND WITH THE SHELL WOW
su.asuas | 2024-09-24 | 정말 맛이 좋을 텐데
rfhhdbd | 2024-09-24 | 근데 그만큼 비싸....
fahad_mubtashim_shadin | 2024-09-24 | Pls ad English sub
wey6lo | 2024-09-23 | what is that????
biyaaaishere | 2024-09-23 | kirain mau buat udang balon juga kayak om mursyid well
amelia.wu | 2024-09-23 | So addicted with your chewing sounds 🙌
_2023.02.01 | 2024-09-23 | 보리새우인가요~? 새우알레르기있는 임산부인데 소리듣고 너무좋아서 기절하구가요..❤️
only_fani0 | 2024-09-23 | Buat udang balon mursyid gk🫵🏻
jun07_0723 | 2024-09-23 | 생새우가 아니라 새우회.. 이미 죽었잖음
sabrina112011 | 2024-09-23 | 얼마나 좋은지😌
nxm_thip11 | 2024-09-23 | น้ำจิ้มซีฟู๊ดไทย👍👍
on3m0iv3 | 2024-09-23 | 와 벌써 와사비 맛을 아시네요ㅋㅋ 전 아직 와사비는 좀;;; ㅎㅎ 항상 잘보고 있습니댜!!
rissa_jaygf | 2024-09-23 | loh?aku first?"
2024-09-20,2.2만,(광고) 이건 꼭 먹어봐야 해! 요즘 난리난 아이스크림 케이크! 44주,"#라라스윗, #시그니처골드아이스크림케이크, #케이크, #생일케이크, #생일선물","nyangi938 | 2024-11-18 | 시아님 넘 맛있게 드셔요...
amer.ica8271 | 2024-09-28 | ❤️❤️❤️
chloeyxxn | 2024-09-23 | @_171xm 초코마지께따아아
nhugdunn_ | 2024-09-22 | ❤️❤️
2ck_jake | 2024-09-21 | 애기가 언제 이렇게 컸대..
keyszzy0 | 2024-09-21 | 🔥🔥🔥🔥
maleklabidi2137 | 2024-09-21 | I love your videos ❤️
louv_430 | 2024-09-20 | 언닝 사랑해여 ❤️❤️
mehdimahvan7635 | 2024-09-20 | 🔥🔥🔥🔥🔥🔥🔥😍
toctocsia | 2024-09-20 | 카카오톡 선물하기에서 구매,선물 가능!
https://kko.to/lj_YZ8t5aj"
2024-09-24,2.4만,(협찬) 정말 스웨덴 젤리 느낌이 날까?🤔 (구매처는 프로필 링크 참조) 수정됨 · 44주,"#톡톡시아, #toctocsia, #스웨덴캔디, #스웨디시젤리, #먹방, #mukbang, #asmr","farah.lagi | 2025-06-23 | 焼かさない？
tatixoxo275 | 2025-01-19 | Where can I buy this?
j_iyoo.n | 2024-11-20 | ❤️❤️
nyangi938 | 2024-11-18 | 쫄깃쫄깃 소리 ㄷㄷ...
andyjeon_0602 | 2024-10-31 | 올리브영 칵예스 젤리라고 있거든요! 그걸 얼리면 진짜 스웨덴 캔디 식감이에요!!
darya_012814 | 2024-10-07 | Ты одна живёшь
yullovechu | 2024-10-01 | 이튼메스 완전 맛있음
m.kim1008 | 2024-10-01 | m&s 퍼기 피그 핑크젤리가 이튼 메스맛보다 더 맛난듯요. 살짝 포도맛나고 신맛은 없어요.
_eunji31_ | 2024-09-28 | @164.3kg
_eunji31_ | 2024-09-26 | @rae_ah95
kong__sz | 2024-09-23 | @soom_niiii 🥹
llove0906 | 2024-09-22 | 어디서 구매해요?! 재목은?!
the_rayhonakhann | 2024-09-20 | ❤️❤️
jinjoo0917 | 2024-09-20 | ❤️
_mxze.1 | 2024-09-20 | 젤리 3갠데 15,000원!?!?!??!
m1n_yx0 | 2024-09-20 | 이분 쌍수함??
m_chae31 | 2024-09-20 | 가격 ㄷㄷ..
suboyacii | 2024-09-20 | Şapırdama lan
kim___nini__bf | 2024-09-20 | أحبها بس مدري كيف تاكل
yl.yn1854 | 2024-09-19 | ❤️❤️❤️❤️❤️
minji_0823_ | 2024-09-19 | 쿠팡에 뭐라고치니?
sayung._.1024 | 2024-09-19 | ❤️❤️
jacquelyynnnnnnnn | 2024-09-19 | 3😘
syyyaww__ | 2024-09-19 | ommak
71m_limlim | 2024-09-19 | is that candy or biscuit? i see it is very crunchy.❤️"
2024-09-15,1만,(광고) 이건 진짜 먹어봐야 함!! 기가막힌 딸기크런치 탕후루 신상 출시!!😱 45주,"#달콤왕가탕후루, #탕후루, #왕가탕후루, #딸기크런치탕후루, #크런치탕후루, #달콤바삭, #딸기탕후루","nyangi938 | 2024-11-18 | 맛있겠다🤤
ninhtienkhang | 2024-11-06 | What is this
euni._.162 | 2024-09-22 | 아 우리동네 왕가 탕후룩 없어짐
__chloe612 | 2024-09-18 | 마싯겟다ㅏ
__chloe612 | 2024-09-18 | 우리동네 탕후루 가게 문 닫았능데ㅔ...
_mds_11 | 2024-09-18 | 돼지(바)탕후루
ww.anid_a | 2024-09-17 | @wannaponbuasuwan หน้าค่ตเหมือนลูกพี่ตาโล้
rhena.jpg | 2024-09-16 | 👏😮
shoman.layan | 2024-09-16 | كم عمرها هاي
yoonah48o | 2024-09-16 | 맛있겠다 ㅠㅠ
mereke_5758 | 2024-09-15 | 😍😍😍
gaeun_6_3 | 2024-09-15 | 와...
popoon1954 | 2024-09-15 | 맛있겠어요 탕후루 넘좋아요
isua7736 | 2024-09-15 | 탕후루는 몸에 안 좋아서 난 불호(?)"
2024-09-07,8만,아니 이게 된다고??😱 46주,"#톡톡시아, #toctocsia, #asmr, #mukbang, #먹방, #모구모구, #얼음탕후루, #탕후루, #먹스타그램","g_seol409 | 2024-12-14 | 얼음물로 해야 잘되요😍
aarink88 | 2024-11-29 | 👏
nyangi938 | 2024-11-18 | 아삭아삭 소리 진짜 대박
vaya.sevenace | 2024-10-30 | 😍
seanathania | 2024-09-28 | 세상에!당신은 너무 귀엽고, 너무 아름답고, 항상 건강해요 🤗
_nurrl.hdyh___ | 2024-09-27 | gak nyangka bahasa indonesia 👏👏👏👏👏😮😍😍😍😍
kth.laan | 2024-09-27 | @noonarosa
onjy.00 | 2024-09-19 | 이미 냉동돼있는 상태라서
wshavbxb | 2024-09-15 | ❤️❤️❤️❤️🔥🔥🔥😍😍😍
hrt._.mm.luv | 2024-09-15 | 3분 동안 좀 기다리고 그러면 탕후루 같이 됩니다🙌
song__rayeong | 2024-09-14 | 가만히 나둬야 하는뎁
jessskater_channel | 2024-09-13 | Reaction Indonesia 😱
alya_11058 | 2024-09-11 | Woiiii kak nya faham indo woiiiii😮
ineee_.02 | 2024-09-09 | use syrup
heeyoun45 | 2024-09-09 | 과일은 생과일 사용하세요 온도차로
irmabonvisa89 | 2024-09-09 | Lahh ni bociL udah gede ajaa😍
aperireting | 2024-09-09 | I think just use 1 botol and add more ice
0nnesaitjamais | 2024-09-08 | 이시려ㅠㅠ 부럽네요😂
p31xy990ny | 2024-09-08 | Ikau ngereti
alda_risma501 | 2024-09-08 | Fyp sampe korea😢
ix_rose33 | 2024-09-08 | Wow look so delicious❤️
hansol5271 | 2024-09-08 | 얼음더있어야함
_alo1no_ | 2024-09-08 | Do u have youtube channel???
zczcz_hjj | 2024-09-08 | 물양이 너무 많음
gimnaeun1016 | 2024-09-08 | 모구모구 최애맛 머에요?
seorin_0131 | 2024-09-08 | ❤️
na._3lz | 2024-09-08 | 사랑해요 내댓글에 하트로 답해주세요
_fav_abrar_ | 2024-09-07 | 비공개로 대화할 수 있습니까? ❤️
zhraaahs__ | 2024-09-07 | ❤️❤️❤️❤️
largeboobsforlife | 2024-09-07 | 🔥🔥🔥
100.200w_ | 2024-09-07 | ￶
renn_yass | 2024-09-07 | The person you're watching is an Indonesian 😁😁😁🤗🤗
htaejun_0 | 2024-09-07 | 모구모구가 엄청 차가우면 되지않을까요?
rhena.jpg | 2024-09-07 | Indonesia🇮🇩😮👏
71m_limlim | 2024-09-07 | Wow... so crunchy...❤️❤️❤️❤️ I Love It.🔥🔥🔥
armaghan.yussufpur | 2024-09-07 | 🥰🥰🥰
armaghan.yussufpur | 2024-09-07 | I love you ❤️❤️❤️❤️❤️
armaghan.yussufpur | 2024-09-07 | ❤️❤️❤️❤️❤️
armaghan.yussufpur | 2024-09-07 | 😍😍😍😍😍
dlvksoenz | 2024-09-07 | 냉동으로 하면 안되는거 같아욤"
2024-09-04,8.2만,이 영상을 밤에 보지 마시오..🫣 47주,"#톡톡시아, #toctocsia, #먹방, #mukbang, #asmr, #마라탕, #마라탕후루, #먹스타그램, #이모지먹방, #emojimukbang","you_m._.1 | 2025-06-06 | 맛있엤다...
fro82209 | 2025-05-25 | 아니 지금 12신데 어카지..
omos2499 | 2025-04-28 | 양고기vs소고기
slimrs.06 | 2025-04-20 | why didn't bro just told us that is all 10/10
bella050800 | 2025-04-18 | 말모 뜻이 뭐예요?
hono6324 | 2025-04-08 | 먹는 방법이 정말 아름답네요!
loveandyou97 | 2025-04-03 | 언냐 너무 이쁘당😍😍😍
eomji_0502 | 2025-03-21 | 죄송 합니다 연꽃 분모자도 맞아요 죄송합니다🩷🩷🩷🩷🩷
c.hxurn | 2025-02-16 | 다 10점 주실 거면 차라리 점수 안 넣으시는 게 더 좋을 거 같아요
cjw6155 | 2025-02-09 | 다 10점 ㅋㅋ 시아님 얼굴도 10점 ㅋㅋ
snowstar_0225 | 2025-01-28 | 와 요즘에 마라수혈 해줘야 하는데..😢
lol.h.i_ | 2025-01-26 | 이거 보면서 침 넘어갔@씀
yujaehyi161 | 2025-01-17 | 저 봐버렸엉ㆍ으ㅡㅠㅠ
dpsk0408 | 2024-12-31 | 와…..진짜 마싯겟당..ㅠㅠ
hxvne.14 | 2024-12-25 | 이영상을 밤에 본 나..반성해..😭😭
kmj_8073 | 2024-12-21 | 어느집이죠?
h0224b | 2024-12-15 | 아침에보면 안됄건같아
ssaturnexx | 2024-12-07 | seblak korean injii
claire.jade.98 | 2024-12-04 | Moin bruit c est désagréable
tselmvvn._b | 2024-11-30 | Rating 10/10 bowl
ghopretouw | 2024-11-29 | yongi mery my
eomji_0502 | 2024-11-26 | 꽃분모자에요
a._.je0ng | 2024-11-22 | 저녁에 봐버렸다
nyangi938 | 2024-11-18 | 마라탕 몇 일전에 먹었는데, 시아님 영상 보니 또 먹고 싶네여
sob2in__ | 2024-11-16 | 난 마라탕 못먹는뒈..
arifalusfi | 2024-11-10 | Kayak Pernah lihat di drakor tapi gak tau judulnya apa, lupa lagi🤣
xx9008654 | 2024-11-10 | 중국에서 온 음식，🇨🇳
gaegulgaegul91 | 2024-11-09 | 맛있겠당😍
yeoseongju8 | 2024-11-04 | 아 마라탕 시켜야겠다,,
giyt223 | 2024-11-04 | 😋
ijajafrzz | 2024-11-03 | Please try seblak indonesian food🇮🇩🇮🇩
adrinkfortwo_ | 2024-11-03 | malatang ni kek seblak gt kh
nurapriliana174 | 2024-11-01 | Pick me
bolry13 | 2024-10-29 | 알다시피, 나 배고파요 아하하😂❤️
ji_lee_hye12 | 2024-10-28 | 식탁에 국물 튀는거 넘우 친근해요
myeongjuyeong78 | 2024-10-27 | 양고기 보단 소고기
justtmagxy | 2024-10-23 | 너 베이비 몬스터의 아사랑 비슷해😍
graeatsu | 2024-10-22 | 밤에봤는데요..
ko_s2._.15 | 2024-10-17 | 10점 마라탕
praorn_123 | 2024-10-11 | แล้วคือเวลากินจะมองไปที่อื่นเพื่อ
ptricha__ynita | 2024-10-11 | @keysha_melody @trcy_srnv @rlin_claaa seblak yg ini mau??
zokra0999 | 2024-10-08 | 😍
bab_puli | 2024-10-07 | 다 10점 ㅋㅋㅋㅋ
jjwlo_ve | 2024-10-07 | 이건다 10점 아님?
s.ox0a | 2024-10-06 | 밑에 다흘리면서 ㅋㅋ 저도 그런뎈ㅋㅋ
2012.0719c | 2024-10-06 | 나만 흘린거 킹받냐..ㅌㅋ
songg._.a | 2024-10-05 | @h___joung
su.bin_o1 | 2024-10-04 | 새벽2시..
suj_in0531 | 2024-10-02 | 부럽네여 저는 0단계밖에 못먹어여ㅠㅠ ㅠㅠ
bahiowpsjxh24 | 2024-09-30 | 다 10/10인 사람 첨봄(뭐라고하는거아님)
dump.kyin | 2024-09-29 | seblak versi Korea ini mah
c._.mk_3 | 2024-09-29 | 건두부에 팽이버섯 싸서 먹어쥬세요ㅠㅠㅠ 대리만족하게욤...
_._otaakuu._ | 2024-09-28 | 병원이리 못 시켜먹는단 말이에요큐ㅠㅠ큐ㅠㅠ큐
gyeom.03 | 2024-09-28 | 진짜 맛있겠다!! 어쩌다 밤에 보게되었을까 ㅜㅜ
s1on.01 | 2024-09-26 | ㅓ 지금 새벽 1신데 이게 뜨면 나는 어떡하라고....
a.d0hyeon12 | 2024-09-26 | 침샘 쥬~... .륵
jix_pa | 2024-09-25 | 새벽에...봐버림...
y10__so_i | 2024-09-24 | ㅋㅋㅋㅋ 다 10점이야 ㅎㅎ
biiii._.u | 2024-09-23 | 지금 보고있어요ㅜㅜ 맛있게 잘 드시네요❤️
yuj13_.n | 2024-09-22 | 아 배고파
sy.oxn1 | 2024-09-21 | 어디 마라탕 인가요 ㅠㅠ
hayul__12 | 2024-09-19 | 소고기가 짱인데..개취 존중 합니다ㅏ
cxixoon | 2024-09-16 | 아ㅠ
seowoo._.3458 | 2024-09-13 | 앗 밤에 제목을 봐버렸어!
lo._.ra1 | 2024-09-13 | تشبه روكا من بيبي مونستر 🥀
hyj160919 | 2024-09-13 | 당근 소고기지
inas23_ | 2024-09-13 | Its look like seblak from indonesia
inas23_ | 2024-09-13 | Btw... where u put ur mic?
ily___hs | 2024-09-12 | @lu2___sia 마라창언제먹러듀냐고
shrlyaa_ | 2024-09-12 | jiga seblak
jh.js_dalcom | 2024-09-11 | @ssun_990910
fitrian2314 | 2024-09-11 | Seblak
_eunsoo_09 | 2024-09-11 | For a sec... I thought she is ASA from Babymonster!~
coeyeonju381 | 2024-09-09 | 나무숟가락같은거어디서사심?
coeyeonju381 | 2024-09-09 | 맛있겠당!👏
aziza_h2nd | 2024-09-09 | 👏
o.uy_ie23 | 2024-09-08 | 밤에 봐버렸어요..
yebin.4008 | 2024-09-08 | 나도연꽃분모자최곤뎅
y.n.n.n.n.n.n12 | 2024-09-08 | 언니 평가하러 온거 아니고 먹으러 온거지 ㅋㅋ
_khmlvas_ | 2024-09-08 | The sound is so high
_jelly700 | 2024-09-07 | 소리 넘 졷타
ramunja.namunja | 2024-09-07 | 딸래미 교복차림에 어디가나여.실용음악 먹방은 더 .,방에서 하실건가여!
quokks359 | 2024-09-07 | 맛있겠다
yobinicha | 2024-09-07 | I don't like mala 😭😭
ju2.y0ng | 2024-09-06 | 아니 어떻게 딱 밤에 뜨지???
isua7736 | 2024-09-06 | 저 부탁할게 있어요.!!! 먹방은 잘하시는데 계속 맛있다,너무 맛있다만 말하지 말아 주시고 좀 종확하게 맛을 표현 해주시면 좋겠어요..!!
thefuckupwithyou | 2024-09-06 | mukanya kaya asa perdebut
no_eyebrows_a | 2024-09-06 | Can someone tell me what those things are I know that's tokpoki but what are the rest of the things
kyungho_2011 | 2024-09-05 | 연꽃 분모자는 한입에 먹어야 제맛...
7c_m1n | 2024-09-05 | 지금 밤인데..😢
j1_woox0 | 2024-09-05 | 마라탕 먹고싶다..😢
zy.ch0x | 2024-09-05 | 아....밥먹고 4시간뒤에 잘시간됬을때 밨써...
_mxze.1 | 2024-09-05 | 봐버럿다
seoyj304 | 2024-09-05 | @mj05_02 마라탕..탕..
se0n.uu | 2024-09-05 | 그냥 다 맛있다는거 아님?ㅋㄱㅋㄱㅋㄱ
byeonuyeong1 | 2024-09-05 | 지금은 8:30분 야식 먹기 딱 좋은 시간
_itsjn_k_ | 2024-09-05 | 이거 진짜에요?
pzh0731 | 2024-09-05 | 처음에 양고기 보고 맛살인줄
ysng2013 | 2024-09-05 | 아 방금 저녁 먹었는데 ㅠ
yumisol8 | 2024-09-05 | 마라탕만 하면 서이브 생각남;;"
2024-08-29,3.6만,요즘 SNS에서 난리난 5만원짜리 젤리..ㄷㄷ 48주,"#스웨덴캔디, #swedishcandy, #jelly, #디저트, #해외간식, #톡톡시아, #toctocsia, #먹방, #mukbang, #asmr","kateyim | 2024-12-05 | 😍
nyangi938 | 2024-11-18 | 가격이 ㄷㄷ
katya_lyan2014 | 2024-11-04 | Щзг т
kristinas.dailylife | 2024-10-10 | 오만원 😵 이거는 스웨덴에서 오천원인 것 같아요 🫠
rlawlsgh0426 | 2024-10-05 | 귀여워여
felizmente_viva | 2024-10-02 | @dahee._.y 무한태그
seah091903 | 2024-09-15 | 2,3째거는 거꾸로 토끼입니당❤️👏
olo.percent | 2024-09-09 | @pork_pig_cutlet 이제 스웨덴캔디야 자갸.
pickmix.candy | 2024-09-08 | Yummy 😍
mickis_2007 | 2024-09-07 | She is trying the legendary Swedish candy❤️
to_is_to | 2024-09-02 | 그래두좀쌀때드셨네유ㅜ 지금은 8만원대던데..
premiumpipol | 2024-09-01 | @akiejack terer la bang
onceblink183 | 2024-09-01 | Como se llaman
_arisaaajr | 2024-09-01 | @akiejack
emzenregency | 2024-08-31 | BUBS. My favorite is the first one 😋😋
bidulgi794 | 2024-08-31 | 많있겠다
haz3iol__ | 2024-08-31 | 😢😢😢
dongy2507 | 2024-08-31 | Malaysia mentioned 🗣️🗣️🗣️🇲🇾🇲🇾
hayx._.13 | 2024-08-31 | 언니 비누 먹어봤어?
yanszhere | 2024-08-31 | @akiejack bang tengok nii
haninaszaliah | 2024-08-31 | @akiejack sesat sampai ke korea weh 😂 terbaikkk
cl3nrx__91 | 2024-08-30 | 저거 실제로 급나 맛남
inyourbunny | 2024-08-30 | 나더줘
syahira_kiraaaa | 2024-08-30 | Abg akie smpai korea oo
aysha_lahyeni | 2024-08-30 | 😍😍
na._3lz | 2024-08-30 | I saw it on TikTok first🤭
zafialeeya | 2024-08-30 | SAYA BANGGA JADI ANAK MALAYSIA
lwyeensa | 2024-08-30 | CEY BANG AKIEE
schazany | 2024-08-30 | @akiejack
mammatillbusar | 2024-08-29 | So funny, hello from sweden 😍
sagaehab29 | 2024-08-29 | ❤️❤️❤️❤️
mosh._7 | 2024-08-29 | Y’all don’t get it they are not the best
yolkiyukyuk | 2024-08-29 | could you put english subtitles on your videos?
n.emrynnbilh | 2024-08-29 | Blh x kn x blh
hoppy___salmon | 2024-08-29 | どんどんお姉さんになっていってて…可愛い🥲💖
ainasanura_ | 2024-08-29 | @akiejack
violetprcs | 2024-08-29 | bang akie smpai sini
riyhan9331 | 2024-08-29 | 😍😍😍
caramelscent_7 | 2024-08-29 | Wih bang akie jack sesat kat sosmed korea 😂😂😂😂
senacetinn16 | 2024-08-29 | Omggg😂
greentea.r39 | 2024-08-29 | @akiejack 🔥
qmrnmtlb | 2024-08-29 | @akiejack
sabrienasshza_ | 2024-08-29 | ❤️❤️❤️
rainiebaekjimin | 2024-08-29 | Owo
tjdcksdk.k | 2024-08-29 | 왕 일빠다"
2024-08-28,8239,"(광고) 뜨거운 물만 부으면 되는 컵밥이라고?? 뜨거운 물만 있으면 언제 어디서나 편하고 든든하게 즐길 수 있는 ‘CJ 부먹밥’! CJ 부먹밥 미역국밥, 사골곰탕밥, 짬뽕밥 3종을 가까운 편의점과 CJ더마켓 온라인몰에서 만나보세요. 48주","#CJ제일제당, #CJ부먹밥, #부먹밥, #컵밥, #국밥, #미역국밥, #짬뽕밥, #사골곰탕밥, #편의점신상, #미역국, #짬뽕, #사골곰탕, #편의점음식, #먹스타그램캠핑, #캠핑, #캠핑요리, #캠핑음식, #등산, #등산도시락, #아웃도어, #아웃도어라이프, #먹스타그램, #CU신상, #GS25신상, #이마트24신상","lee_harin_ee | 2024-11-22 | 와 대박🔥맛있겠ㄷ ㅏ😍
nyangi938 | 2024-11-18 | 짬뽕밥 맛있겠다
joenxz_ | 2024-09-05 | 와 흰옷..ㄷㄷ
tongzhaaa | 2024-08-28 | Look good
saddiki_khadija | 2024-08-28 | ❤️❤️
_iroda_r.m._ | 2024-08-28 | 😂
steyell3 | 2024-08-28 | 외국에서도 팔았으면…
_emm1tkova | 2024-08-28 | first!"
2024-08-26,8.8만,요아정 토핑 담다보니 5만원..ㄷㄷ😱(feat 이모지 먹방) 48주,"#톡톡시아, #toctocsia, #배네타, #요아정, #토핑, #요아정토핑, #먹방, #mukbang, #먹방","bagsihyeon3051 | 2025-07-05 | 배고파ㅏ
nn__noa3 | 2025-02-19 | 絶対美味しい❤️❤️❤️❤️
_anetka_bro_ | 2025-02-11 | You sooo cute❤️🥹
eva_ngelina.12 | 2025-01-28 | 🍯 or 🐝
se.yma5205 | 2025-01-22 | DÜZGÜN YE SUNU
excited_otter | 2025-01-20 | yummy
parkyunji14 | 2025-01-20 | 요아정에서 어떻게 그렇게 바삭한 소리가 나는지 진짜 궁금해요!!
emi_shrwoo | 2025-01-18 | pre-debut asa??
noakotler2012 | 2025-01-16 | Do you really eat a bee?
lovelyalice760 | 2025-01-08 | 별로던데…..비싸기만함
poius_2 | 2025-01-06 | 아기였는데...언제 이리 컸노?!
kitty_cat2534 | 2025-01-05 | I've been watching since you were a kid. Until she grows up to be a girl😍😍
aw.ely | 2025-01-03 | Pickme
arsiya_mehra_042 | 2024-12-19 | I don't know why but she looks like asa from baby monster 🙌
iillliililililil | 2024-12-17 | 너무 못생겼다
c.caltt | 2024-12-15 | komen ah
lingg_lingg2413 | 2024-12-14 | 만족스럽네요 언니
coeyunseo7196 | 2024-12-09 | 이분 몇살이었죠..?
nyangi938 | 2024-11-18 | 요아정 땡겨...
exz_214 | 2024-11-09 | Spanish subtitles plsss 😭 (I love you ☺️)
exz_214 | 2024-11-09 | 😒
kimdail1219 | 2024-11-06 | 입안에다가 마이크를 넣었나 소리 진짜 잘들리누
danbi_530 | 2024-11-01 | 망고도 엄청 맛있어여ㅕ
basaz_dnoogh.fo8rayb_yeomtamfk | 2024-10-15 | 가격 떨어질때까지 존버타야지
ooooooollllllllwwwww | 2024-10-11 | 놀라운건 요아정도 요거트 가루씀
leeharu_love | 2024-10-10 | @sunhee_1919 진짜 맛있냐구ㅋㅋ난 아직 안먹어봄
sinjieun191 | 2024-10-10 | 시아언니 넘 예뻐 😍
juhajjan | 2024-10-02 | 요아정을 왜먹어 과일들어있는 요맘때 잘있고 싸고 맛있는데 그게 가성비지
sysy._.7 | 2024-10-02 | @picker_choi 오만원어치랰ㅋㅋ
right_jin0311 | 2024-09-29 | 염색하니까 이쁘네여
6144.rin | 2024-09-27 | 손 이쁘시다
win6391 | 2024-09-24 | @wabisabi_hebi 배고프다 ㅋㅋ
chaechae0988 | 2024-09-23 | 와... 소리대박🔥🔥❤️
gimminha.9 | 2024-09-21 | 맛있겠다😮
1w_star | 2024-09-21 | 화장법이 궁금합니다.
ya_sa0812 | 2024-09-20 | 어른이 에요
maratangpapi | 2024-09-18 | @oss__kko
adam29308 | 2024-09-18 | 맛대가리 없던데 🔥🔥🔥
e_gv_hhh | 2024-09-17 | 저 벌집꿀은 뭐 먹어볼려고해도 맨날 품절이라 못준다더만
_saeyeon_ | 2024-09-17 | @iyromn 5만원
su____min._ | 2024-09-16 | @d.kyeom__12 저게 ㅅㅂ5마논이라고
sibawasibeoli | 2024-09-16 | 별루
hyeoni0703 | 2024-09-16 | @chuwoo615 @bomnoma 언니...난 요아정 못먹겟...저거면 떼르떼가 몇개야
dlaudgh1213 | 2024-09-15 | @4.03i
se.1oy | 2024-09-15 | 왤케 이뻐졌지
kibria.masum.7 | 2024-09-14 | I saw it yeonjun's wevers live 😮same same .even the paket
jiyepark1988 | 2024-09-12 | 언제 이렇게 컸죠?.... 와 세월😂 이쁘게 컷네요👏
1234567soez | 2024-09-09 | 가격 저게 맞나
songtian4735 | 2024-09-08 | 촣리얼하게되는‼️🔥
dx.hxo | 2024-09-07 | 이런요아정 안먹요아정
han10gyeol | 2024-09-07 | @hy.seungj
zzerry._.2ee | 2024-09-07 | @hlulukrekeww
soo_mim | 2024-09-07 | @kidk_kidk2 그냥 편의점 아이스크림 다 털래 난
song._0507 | 2024-09-07 | 5만원이면 베라가는게 낳을듯 ㅇㅇ
s1.o0n | 2024-09-06 | 진심 어릴때는 그냥 먹방으로 봤는데 이젠 이뻐서본다
daebag54 | 2024-09-05 | 요기요에서 사요?
daebag54 | 2024-09-05 | 호시요기오ㅡ엥
kimihikokana | 2024-09-05 | 冷たすぎましたね🤣♡- ̗̀ ヵヮィィ ̖́-♡
jiyoochoe | 2024-09-05 | @ellsecret12 is this yochi but Korea version with better toppings
hyo_miniverse | 2024-09-05 | 개인적으로 키위는 별로였어 나머지는 다 JMT
uouv330 | 2024-09-04 | 와 소리 너무좋아요🔥
lee.hxe_ | 2024-09-04 | 블루베리가 아이스인가? 바삭바삭~~~
jun_and_ruri | 2024-09-02 | 요맘떼나 먹어야겠다
rira_9061 | 2024-09-02 | @kdg_1209 나도 이런 토핑 !!!
nosenosenosenoselip | 2024-09-02 | 정말 궁금해서 그러는데요 저 아이스크림이 그정도로 맛있나요 ? 저런 토핑들은 대중에서 쉽게 구할수 있는 것들이고.. 아이스크림과 궁합이 엄청 좋은가요?
in.hyee_ | 2024-09-01 | @seha_0607
coeyuri0025 | 2024-09-01 | 👏👏👏 파핑 보바 넣어 먹으면 맜있어용 !!
j_i__wony | 2024-09-01 | @yeonssoy 여긴 오만원
dubuuu_s2 | 2024-09-01 | 점점이뻐지는거밖에안보이넹 이 할미는 그돈이면 흑수박 큰거하나랑 메론세통 사다 배터지게 먹을랴...
s2_seulgu | 2024-09-01 | @gosuer11 요아정 먹고시퍼 사줘😢
c.xhwn_ | 2024-08-31 | 이언니 금수전가ㄷㄷ
leroy_lab | 2024-08-31 | 😍😍😍
91heejin | 2024-08-31 | @tkd_jhc 5만원
oliviaella360 | 2024-08-31 | 정말 남의애는 빨리큰다.. 나 고2?고3때부터 알고리즘에서 본 기억이있는데 이모 이제 25살.... 꾸준히 좋아하는 일하고 있는ㄷ게 너무 대단해 응원할게
mr____chu | 2024-08-31 | 시켜먹는건가요?
jo.yejinnie | 2024-08-30 | @jo.0root 이고바 ㅋㅋㅋㅋ
s__jung22 | 2024-08-30 | @yu.8177 z헐 완
british_bboddo | 2024-08-30 | 얘오ㅑ이렇게잘컸어 귀여워ㅠㅠ
_9030y | 2024-08-30 | 저는 그냥 막대아이스크림 먹을게요
hsppy_pil | 2024-08-30 | 소리 미쳤다
cbalrama1 | 2024-08-30 | .
da_nnim | 2024-08-29 | 비싼데 맛있긴 하더군~_~
_dhye._awe489 | 2024-08-29 | @ys_twomom ㅋㅋㅋㅋㅋㅋ와 오만원어칰ㅋㅋㅋㅋㅋ
se_orinn | 2024-08-29 | @ddungkum_
xxv.x.vv | 2024-08-29 | 소리 ㄹㅈㄷ
gold_joooo | 2024-08-29 | 아니 진짜 요거프레소 아이스크림을 먹어봐주세여
xxsu_0_0 | 2024-08-29 | @taem_.g 우리 화
joyunhyi4017 | 2024-08-29 | 가격이너무 사악해 그렇게까지 엄청 맛있지도 않드만
_yoon_.2_ | 2024-08-29 | @park.ms128
kimlim1506 | 2024-08-28 | 와.... 몇년만에 보게 됐는데..쪼꼬미가 엄청 크고 엄청 이뻐졌당❤️❤️
adorabl_seul | 2024-08-28 | @kk_rrrrrr_
podongi__0403 | 2024-08-28 | 와....시아 누나 많이 컷네....
jwon._.e | 2024-08-28 | 코봉이가보인당..
uyeo_rang | 2024-08-27 | 애기였는데 안본사이 언니가 됐네😍
jamlove8017 | 2024-08-27 | 요아정 가격이 쬠 사악😂
hyeeun_iove | 2024-08-27 | 언니 왤케 예뻐졌오 ㅠㅠ
dxnn.xz | 2024-08-27 | Spanish subtitles plsss 😭 (I love you ☺️)
f_lee_98 | 2024-08-27 | 요빙빙도 한번 먹어주세요 ㅋㅋ
nazlican_3459 | 2024-08-27 | 🍯❌🐝✅
bianca.velea_12 | 2024-08-27 | Uh m’am do you have a mic shoved down your throat by any chance 😅"
2024-08-23,4.1만,(광고) 왕가 설탕무첨가 탕후루 이모지 먹방!!😭 CJ에서 개발한 제로슈가 달콤스위트리 설탕무첨가 제품을 사용하였습니다. 탕후루에는 과일에서 유래한 당이 함유되어있습니다. 48주,"#달콤왕가탕후루, #탕후루, #왕가탕후루, #달콤바삭, #설탕무첨가, #신선과일","meit_algi | 2024-12-22 | この人が食べているものがさぁ全て美味しそうに見える気がする
8all1ri | 2024-12-01 | yummy😋❤️
elhamgi_7 | 2024-11-26 | ❤️❤️❤️❤️❤️
nyangi938 | 2024-11-18 | 사운드 췤 ㅋㅋㅋㅋ
suphaaphr.chumchuuen | 2024-10-29 | เขาเอาไมค์ไว้ไนทำไมดัง
y_.2n1 | 2024-09-25 | 웅니 사운드 췤 ㅋㅋㅋㅋ
isen7124 | 2024-09-24 | 싸운드 첵 할때 놀람
toribio.anna | 2024-09-22 | 내ㅕㅜㅇ ㅊㅗㄷ차😂
ozoze123 | 2024-09-16 | 사운드~첵ㄱ!!웃기닷
shiz_uku5311 | 2024-08-30 | 韓国でもリンゴ飴って言うんだ
hlaa8062 | 2024-08-30 | Hãy tin tôi yêu chị tấm khả 🍔🥖🍇🍩🍫🥙🌰🍟🍳 khó thở
ohyekg6270 | 2024-08-27 | 갑자기 췌엨! 해서 놀랐잖아요..
phw.thaoor_ | 2024-08-27 | ""Wemo check""😭
chisa.kagawa | 2024-08-24 | おいしそ
upset_rainnn | 2024-08-24 | I love the “sounde CHECKK”it’s so funny and cute😂😍
anri_dance0202 | 2024-08-23 | チャーー！↑
gimtaehwan2384 | 2024-08-23 | 시아님 체리씨없어요?
anvu1128 | 2024-08-23 | I always wanted to try tangulu❤️🙌🔥👏😢😍
shirospring | 2024-08-23 | sound CHECK 💜
srvnsm | 2024-08-23 | So cute girl😘
yauuu3.__ | 2024-08-23 | 😍😍
sudeee_190777 | 2024-08-23 | ❤️❤️❤️❤️❤️
wala77085 | 2024-08-23 | 맛있어 보여요 ✨️
yuyuerer0043 | 2024-08-23 | 1빠ㅏㅏ시아님 먹방 체고❤️❤️
toctocsia | 2024-08-23 | CJ에서 개발한 제로슈가 달콤스위트리 설탕무첨가 제품을 사용하였습니다.
탕후루에는 과일에서 유래한 당이 함유되어있습니다."
2024-08-19,9.2만,(광고) 여러분들이 가장 궁금한 메뉴는!? 하트티라미수 전메뉴 맛평가 챌린지 ❤💔 harttiramisu challenge! 49주,"#하트티라미수, #깨먹는티라미수, #더현대디저트, #쿠키앤밀크티라미수, #더현대서울, #티라미수맛집, #harttiramisu, #tiramisu","qaws.ed2565 | 2025-01-12 | 그 혹시….그렇게 한입씩 먹은것들은 다 드시는거죠…??
crazyanna0620 | 2025-01-11 | 아니.....이렇게 맛있게 먹으면...제가 살찔수밖에없잖아요;;😢😢ㅋㅋㅋ❤️❤️감쟈합니댜 영상😍
moon_ye.0106 | 2025-01-09 | 피스타치오 마지막에 양판줄알았어요 그 걸린 초콜릿이 양파 닮았어욬ㅋㅋ
so128712 | 2024-12-31 | 이렇게 여러가지 맛이?!😮 🤎
wy_11_13 | 2024-12-24 | Jdbdbhb
wy_11_13 | 2024-12-24 | Hfgfdhd
wy_11_13 | 2024-12-24 | Bdnf DJ and
wy_11_13 | 2024-12-24 | Fjnfkjf
cookiee_kiuu | 2024-12-17 | @_dtpy209
chaewon_1202 | 2024-11-28 | 깨먹는 티라미수 기본맛에 커피가 포함이 되있나요?😢
nyangi938 | 2024-11-19 | 원래 먹고싶었는데, 시아님이 먹으니까 더 먹고싶다
arvai_taamii | 2024-11-17 | Teneg sda Mongolia
goosy_530 | 2024-10-18 | @klmyenaaa
doccocaubai383 | 2024-10-12 | Hay nha
inori4575 | 2024-10-03 | ❤️
gungdigungdi3 | 2024-10-01 | 언니!
eunseo_.8 | 2024-09-30 | 쿠키앤 ㄱ존맛
nidahanummuntazah | 2024-09-27 | 할랄인가요?
soyeon3419 | 2024-09-26 | 맛있겠당ㅜㅡㅜㅜ
0516_carat | 2024-09-19 | 이사람은 마이크를 먹은게 분명해..
jangeunyoung8 | 2024-09-15 | 우와 너무이쁘시다!!!!
reasonlim | 2024-09-06 | @kb__do 경보책임님 이게 그 지수선임님께서 말했던 하트 티라미수!!!!!!
jangyejinnnnn | 2024-08-31 | 저게 이쁜거구나
jangyejinnnnn | 2024-08-31 | 신상 아니고 좀 됨
2un___s2o | 2024-08-30 | 메이크업 하니까 사람이 달라지네 부럽다
ryuhann_na | 2024-08-29 | DIA UDAH GEDE???😭 DIA YG DULU MAKAN MIE MASI MALU² ITU KAN😭
prettiesuandme_ | 2024-08-28 | 😪
hyeeun_iove | 2024-08-27 | 언니 넘모 예뻐
_sarami0204 | 2024-08-27 | 本物のティラミスじゃない
wlals.__1 | 2024-08-25 | 와..
yejin__67 | 2024-08-23 | 다먹고싶다 이중에 솔티제일 먹고싶다
song.yr921 | 2024-08-22 | 와 군침 ㅠㅠ
hart_tiramisu | 2024-08-22 | 쿠키앤밀크는 우유랑 꼬옥🫶🏻❤️
xinwenews | 2024-08-21 | @chen_yue6778 买给我吃 我拜托你
j_picxo | 2024-08-21 | @2asy_1 이곤가
mycosmeaccount | 2024-08-21 | えー！！！！！！この子もうこんなに大きくなったの！？！！！懐かしい…お顔が変わってない！すごい
s.jy_3 | 2024-08-21 | 마싯겟당
johyein874 | 2024-08-21 | 저거 어디서 팔아요?
my__yooon | 2024-08-21 | @my__doooo 그때더현대에서이거먼데?이랬는데 샀어야했어ㅜㅜ
__9aiish0 | 2024-08-21 | 그들이 마지막으로 부르는 것 (그게 뭐야)✨
leegaru_ | 2024-08-20 | 먹는거넘귀여워 아니아니 얼굴이넘귀여워햄토리야❤️
meguru_808 | 2024-08-20 | 쿠앤크 ㅈㄴ 맛있겠다
kimjaebong8344 | 2024-08-19 | 입에서 살살 녹겠어요~😍😍😍
zqlvd | 2024-08-19 | beli dimana
garugyaru | 2024-08-19 | Looks good
axeong.211 | 2024-08-19 | 언니 너무 예쁜거 아니야..?😍
luna_m1s | 2024-08-19 | Zor ku
toctocsia | 2024-08-19 | 영상 시간 관계상 나오지 못한
레몬얼그레이맛이 궁금하신 분은
톡톡시아 틱톡 계정 깨먹는 티라미수 영상에서 풀버전을 보실 수 있습니다!
(틱톡->톡톡시아 검색->깨먹는 티라미수 영상 클릭!)
yu._.10.7 | 2024-08-19 | 😍"
2024-08-18,5.5만,생수를 음료수로 만들어 주는 신기한 물병..ㄷㄷ😱 49주,"#먹방, #mukbang, #톡톡시아, #asmr, #toctocsia, #먹스타그램, #cirkul, #써큘","ijiu._.584 | 2025-05-14 | 이거 학교에 들고가서 먹으면...? 물이니까 괜찮은거 아님?
jhy___hayoon | 2025-04-20 | 무슨맛이 있나요?
jx._.1n | 2025-01-18 | 원리가 뭐지
j__o.ha | 2024-12-19 | I live in America so I can buy that everyday without hesitation but I have to pay 20 to 30 dollars...
jrockms | 2024-11-30 | 얼마예요
boom_mindo | 2024-11-29 | 제품명좀 알려주세오ㆍ
_min2013min_ | 2024-11-26 | 한번쓰면 끝인가요?...
d0_bix | 2024-11-26 | 얼만가요?
nyangi938 | 2024-11-19 | 한번 마셔보고싶당
geongdyung | 2024-11-18 | 어디서 사나요ㅠㅠ 학교에 가져가고 싶은뎁ㅠㅠ
yu_jxa | 2024-11-17 | 얼마임
ch.oe_1 | 2024-11-10 | 이거 보관했다가 다시 사용해도 맛 나나요?
maynah2011 | 2024-11-06 | 이것은 암을 유발합니다 😳⚠️
5.j1_a | 2024-11-05 | 어디서 사요
z.en_6 | 2024-11-02 | 저거 어디꺼인가요??
0627l_eo | 2024-10-10 | 얼마임?
awnwgwewl | 2024-09-27 | 볼때마다 이뻐짐 싱기하다
n.xk_yzng | 2024-09-21 | 물 끝까지 넣으면 안돼나요??
sj.0924 | 2024-09-15 | @alwls2026
love_0612_1205 | 2024-09-01 | 더거 맛이 아니라 향으로 사람이 이런 맛이 난다고 착각하게 만드는거라 제로칼로리임
sui.m0331 | 2024-09-01 | 좋은 목소리❤️
ggh032403 | 2024-08-31 | 나도 미국 가서 샀는데
s1.qzl_ | 2024-08-30 | 맛있겠다
kimgunhee0715 | 2024-08-30 | 저거 그냥 물인데 저 물병이 사람의 뇌를 속이는거임
sunyul0518 | 2024-08-29 | 저거빨때는1회용인가요?
namebinxx_x | 2024-08-28 | 탄산제조기 어디껀가요 ??
uouv330 | 2024-08-22 | 어디서 살수 있나요
cx.rae3 | 2024-08-22 | 학교에서 몰래 주스먹기
yuseojeong33 | 2024-08-22 | 링크나 이름 말해 주세요
csk_.44 | 2024-08-22 | Bunu alırsam okulda kahvaltı yapmama gerek yokk
itzs_larii | 2024-08-21 | Name please
ch_ck0717 | 2024-08-21 | 저거 뇌를 속이는 거임
ke._.12 | 2024-08-21 | 일회용인가요?
egg.massa | 2024-08-20 | Can you try air up
s._.ihy_11 | 2024-08-20 | 언제든 무한으로 쓸수 있나요?
s._.ihy_11 | 2024-08-20 | 일회용인가요?
saj_os0 | 2024-08-20 | 이거 또 쓸수있어요?
shwai8 | 2024-08-19 | شنو هاي؟
yuyuerer0043 | 2024-08-19 | 학교에 몰래 들고가서 머그면 딱일듯
b_j.r0125 | 2024-08-18 | 뭐라고 치면 나오나요
71m_limlim | 2024-08-18 | Wow... Modern drink thermos and drinks mix themselves. How does it taste? It's amazing.🔥🔥🔥🔥
yangtaeyul2 | 2024-08-18 | 신규
alimanyisibabanale | 2024-08-18 | 🙌❤️
wey6lo | 2024-08-18 | canggih bjr
hyo_ff1 | 2024-08-18 | 계속 사용 가능 한지도 궁금하고,,계속 밋 변화는 없는 지도 궁금하네여
yunzheong10 | 2024-08-18 | 어떻게 맛이날까요..? 진짜 신기하네
yuyuerer0043 | 2024-08-18 | 1빠 예쁘다❤️❤️"
2024-08-16,2.5만,(광고) 와..우유빙수에 탕후루를 넣었더니..ㄷㄷ(feat 설탕무첨가 탕후루) CJ에서 개발한 제로슈가 달콤스위트리 설탕무첨가 제품을 사용하였습니다. 탕후루에는 과일에서 유래한 당이 함유되어있습니다. 49주,"#달콤왕가탕후루, #탕후루, #왕가탕후루, #달콤바삭, #설탕무첨가, #신선과일","j_h_bab | 2024-10-05 | @ioioi_1125 우냠 집에서 이렇게 해먹구싶당..
johyein874 | 2024-08-21 | 맛있겠뜨아!! 나두 먹고싶당
migxzu_ | 2024-08-21 | 나는 탕후루를 좋아한다!❤️
jiu._.0119 | 2024-08-17 | 겁나 맛있겠다아😢
y1.azn_ | 2024-08-17 | 요아정에 탕후루 나오면 좋갰다
hala.alfahel | 2024-08-17 | ❤️
lovelmoira | 2024-08-16 | idaman sunoo
_lxqy3 | 2024-08-16 | 모자이크 해 줘서 고마워‪🫶
ginevra4_ | 2024-08-16 | Stessa macchinetta
shathaabujaber | 2024-08-16 | ❤️❤️❤️❤️😍
siyun1552 | 2024-08-16 | 입에서 연기가 나오는데요??
nnafzaa | 2024-08-16 | Wow it so amazaing 🔥
ismailova0_05 | 2024-08-16 | You're eating so good. 😢❤️
moeru_hono15 | 2024-08-16 | 좋은 슬픔! 맛있어 보여요!
noona.yxzv | 2024-08-16 | 2🙌🙌
miu9.23 | 2024-08-16 | 사란해요🩷
miu9.23 | 2024-08-16 | 1！"
2024-08-11,3.2만,동결건조 이모지 먹방!!🤩 50주,"#toctocsia, #톡톡시아, #먹방, #mukbang, #asmr, #동결건조, #이모지먹방, #emojimukbang","bbangji2350 | 2025-04-26 | 언닝 딸기동결건조 엄청!! 맛있어요❤️
ryan_kim_3602 | 2024-12-15 | ❤️❤️❤️❤️❤️
nderek_pusat_ | 2024-10-22 | Selalu setisfaing saat makan
fumiyosan | 2024-10-07 | この子大きくなったなぁ〜綺麗です❤️
ky.m1n_ | 2024-10-05 | 맛있다라고만 하지말고 무슨 맛인지도 좀 알려주세요
sii_f_itttt | 2024-09-19 | Penonton nya dimana ngeliat nya kemana 😢
ol88.90 | 2024-08-28 | 소리가 넘후 좋아영
serl_i1711 | 2024-08-26 | とてもおいしい
lyyq.1022 | 2024-08-15 | 테스트 가능mixue？
senacetinn16 | 2024-08-13 | I respect u u are so kind when u eat somethink u turn back
ghjubfcfvvf233 | 2024-08-12 | 어디서 샀어? 이제 사고싶다😍
y.ena16 | 2024-08-12 | 너무 예뻐여!!!
chzx.un__ | 2024-08-12 | 지렁이는 약간 딸기감기약맛 나던데,,,
ijinlove | 2024-08-12 | 소리가 좋아요❤️
chaulylove | 2024-08-11 | 👏
loulwa506 | 2024-08-11 | لنتي كي شي عندك باشيتا
tongzhaaa | 2024-08-11 | Looks good
louv_430 | 2024-08-11 | ❤️
c_al139 | 2024-08-11 | The dried halva looks really delicious."
2024-08-09,28.9만,(광고) 설탕무첨가 탕후루 화채는 처음이지?? CJ에서 개발한 제로슈가 달콤스위트리 설탕무첨가 제품을 사용하였습니다. 탕후루에는 과일에서 유래한 당이 함유되어있습니다. 수정됨 · 50주,"#달콤왕가탕후루, #탕후루, #왕가탕후루, #달콤바삭, #설탕무첨가, #신선과일","orsh__a | 2025-04-12 | like I said...its very good
asa._nour | 2025-04-05 | 😍😍P
vidi__vivi | 2025-02-02 | فقط اونجا که فوت کرد😂
1zxn0_ | 2025-01-27 | 사이다에 설탕 잇음
dorraabdelhak7 | 2025-01-22 | ذكرتني بي سونو من انهايبن
ka.na_1765 | 2025-01-21 | ？？？｢出たァ！出たァ！｣
lilwoomijn | 2025-01-11 | kukira es doger jir
chill__gay123 | 2025-01-09 | 많이먹어서 살찌는것이아닙니다 쉬지않고먹어서살찌는것입니다
aarilynwong | 2024-12-27 | ❤️❤️❤️
zeyroo_o | 2024-12-12 | 나만 신경쇠약에 걸린 걸까, 아니면 나만 곤경에 처한 걸까?
dursbk1 | 2024-12-09 | Пикми
emanu_elly2800 | 2024-11-24 | 😮
wawa.foryouuu | 2024-11-23 | es buah versi korea
bvlind | 2024-11-19 | Delicious Delicious
sungjao_15 | 2024-11-18 | Is it really not ice? But personally, I think ice is actually quite delicious. I want to eat or drink fruit😍
santps_4 | 2024-11-18 | 나는 당신의 비디오를 좋아합니다 당신은 정말 디바입니다😍
itsmetis16_ | 2024-11-09 | Kaya gua makan ice cream ditiup😭😭
_frootiii_26 | 2024-11-03 | U look like asa from babymonster
andre.w_grae | 2024-11-01 | ㅜ뭉ㄷ! 좀 양 ㅛㅑㅕ ㅠㅣㅐㅈ 요 ㅏㅜㅐ쟈ㅜㅎ 요 전 태ㅣㅇ ㅗ모모모ㅗ모모
_bolatbekqyzy.y_ | 2024-11-01 | @marr.go33 чем то похожа на твою дочь кажется
ryanthememedude | 2024-10-31 | The blow
ghi_bliz45 | 2024-10-31 | خدودها: 🍬🍡🍥💕🍭
consalvi.ludovica | 2024-10-31 | @eleo_rinaldi
len7nh | 2024-10-30 | ابي اجربهه 😾
jkarenpro | 2024-10-28 | Le soplaba kajsjjajakaja
krrnikaarnaakhthat | 2024-10-19 | 맛있어 보이네요.
tlinh.2508 | 2024-10-19 | yummy
queen_081256 | 2024-10-14 | Lengah dikit di tiupp
cimannies | 2024-10-12 | Ditiup 😭
aliceqina | 2024-10-11 | 그것도 제 버릇이에요ㅠㅠ
viennatai | 2024-10-10 | ❤️😂
kenia_lizbeth_2.0 | 2024-10-09 | Yo le soplo cuando creo que no me va a gustar😢
ky.m1n_ | 2024-10-03 | 저딴걸 왜먹는거지
iamfinethankyouteacherr_ | 2024-09-30 | หนูเปาทำไมลูก
shira_4332 | 2024-09-30 | Woww😍😍😍😍
seol.x00 | 2024-09-15 | 후~ 으엉? ㅋㅋㅋㅋㅌㄱㅋㄱㅋㄱㅋ
servvs_mik | 2024-09-08 | THATS SO GOOD
huang.xiangci | 2024-09-07 | ⋯立體口罩的最大受益者
majiaqo520lyw1314 | 2024-09-04 | 这画质糊的
berenwsp_ | 2024-09-01 | Abla bana da yapsana
heartz_kalia | 2024-08-30 | Bro looks like babymonster’s asa
liaa_7.2 | 2024-08-30 | plizzz smaaa
mccloiee | 2024-08-28 | 너가 불어버린 방식 😭
lv3rsaturn_006 | 2024-08-24 | As I said it's very good
mnsabumi | 2024-08-21 | Indo sendiri
tram3484anh | 2024-08-20 | ❤️❤️
zen_1025_ | 2024-08-20 | She was taking a blow before eating haha
jang_yuna_12_ | 2024-08-19 | 차가우신데 후~ 하시는거ㅋㅋㅋ👏👏
manarmy9513 | 2024-08-18 | The blow😂
manarmy9513 | 2024-08-18 | Waw nice 😍❤️
siyecao17 | 2024-08-17 | 中国🇨🇳美食糖葫芦😍
4mayl.lll | 2024-08-17 | ❤️
ketellenkayona | 2024-08-16 | 👏lovelu
dyx08_1221 | 2024-08-15 | this is from China😂 do you know?
lywje | 2024-08-15 | 이건진짜맛잏겟다
fborihk | 2024-08-15 | 我真的覺得很像你姐😍❤️
korea_hyundai_alliance_2013 | 2024-08-14 | 톡톡시아 님 몇살이세요??
yewn.6 | 2024-08-14 | 탕후루 화체가 아니라 당뇨걸리는 화체아님?
hadassa_hanna_ | 2024-08-14 | ⚘️⚘️
hadassa_hanna_ | 2024-08-14 | 😮😮😮😮😮
zinnia.jou_v | 2024-08-13 | @lifeissowet 나 요거 먹구싶어😢
manamikakudo | 2024-08-12 | 탕후루건강에안좋아요 먹지마세요ㅠㅜ
honoka.k07.16 | 2024-08-12 | ふーってしちゃうの可愛い
inas23_ | 2024-08-12 | It seems like fruit soup in my nation. The name is.. sop buah
ran_12828 | 2024-08-12 | あるあるwたまに冷たい物フーフーしちゃうw
felix_andreana | 2024-08-12 | @yong.lixx
ayauxvvnn | 2024-08-12 | Хванче
chew_kub | 2024-08-11 | 😍😍😍
taerrrrrrin | 2024-08-11 | 사이다랑 멘토스는ㄷ요..
safiyyah_alrijal | 2024-08-11 | Is she that kid that do mukbang before this... I really getting old....
xoliqulov_sharif | 2024-08-11 | Uzbek Sila
nengacie | 2024-08-11 | Es di tiup 😭🤣
jyuna___2 | 2024-08-11 | 美味そー
shin._.kub | 2024-08-11 | คือนี่หิวไง😢
ham233454 | 2024-08-11 | دوست دارم امتحان کنم😍
mixxy07._ | 2024-08-11 | Es campur jir lebih enak
my_life111215 | 2024-08-11 | 무설탕이든 뭐든 그냥 달잖어..
sofi.lalik | 2024-08-11 | Tdocguvd
sofi.lalik | 2024-08-11 | ❤️❤️❤️
sofi.lalik | 2024-08-11 | Hola 👋🏻 chica
hyo_miniverse | 2024-08-11 | 입김 불고 먹는거 뭔뎅ㅋㅋㅋㅋㅋㅋ
adrina1hm | 2024-08-11 | ابدو خیار ❌ ابدو شیرینی ✅😂
sv._.2011 | 2024-08-10 | so cool😍😍
_shakhzoda___official | 2024-08-10 | 😂😂😍
taliatalia7257 | 2024-08-10 | ❤️❤️
xin_yan11.09 | 2024-08-10 | That's what I do somethime😂😂😂
6mai15 | 2024-08-10 | めっちゃ美味しそう！
turbos1ken | 2024-08-10 | Çok kiskandim bende yapicam
77bbibd | 2024-08-10 | tree tree哒
yuri_5190 | 2024-08-10 | @anjgkwl153 탕후루화채어때
aca_shalsa650688 | 2024-08-10 | 언니 매운거 먹어보세요 따라오세요
abdrahmanroza | 2024-08-10 | 크와체 😍
shhar1pova_a | 2024-08-10 | чем-то похожа на дочь марго
fish._.0340 | 2024-08-10 | 原來不是只有我吃冷的還是會下意識吹一下
_sayfullayevas_ | 2024-08-10 | 😍
harmonygga_69 | 2024-08-10 | Es campur
melody_102177 | 2024-08-10 | 這聲音感覺很美味😍
_gloriaheree | 2024-08-10 | Tang Hulu and Hwachae
newrice12 | 2024-08-10 | น่ากินอ้า
kthvrse.0 | 2024-08-10 | No me da risa q le haya soplado pk a mi tmb me pasa 😞"
2024-08-05,1.5만,(광고) 하나 먹으면 계속 먹게 되는 바로 그 과자ㅠ (feat 이모지 먹방) 51주,"#농심, #빵부장라즈베리빵, #크로와상, #라즈베리, #빵지순례, #빵덕후, #빵순이, #nongshim, #먹방, #mukbang, #빵부장","ooe_ouoa | 2025-04-20 | 첨에 치킨너겟인줄..
hajongseob2 | 2025-01-16 | 저거 초코맛 우유랑 섞어 먹으면 맛있는
diana_x2el | 2024-12-06 | Its so good
ham233454 | 2024-08-11 | خوشمزه بنظر میاد 🤤❤️
kimihikokana | 2024-08-10 | kawaii♥️( * ֦ơωơ֦)
phw.thaoor_ | 2024-08-10 | xinhhquaaa àaa ToT
wjddusal38 | 2024-08-09 | 첨에 용가이치킨같은건줄 ㅋㅋㅋㅋ
hson87264 | 2024-08-08 | 정말 맛있어 보여요 ☺️
_tbssw | 2024-08-07 | Saludos desde México ❤️
the_sinking_artist | 2024-08-07 | Toctocsia what kind of picture is that that is raspberry that is in a pink bag so isn’t it called a raspberry croissant bread chips or what but when I search for it it doesn’t show up on my phone can you please send me a picture of it what it looks like?
a.ouy1 | 2024-08-06 | 약간서이브느낌있음
jeonghyeon491 | 2024-08-06 | 처음에 치킨인줄 아랏는데 허허
bts.vui | 2024-08-06 | پرفکت
bts.vui | 2024-08-06 | 🔥🔥🔥🔥🔥🔥
bts.vui | 2024-08-06 | منم میخوامممممم
ll.soda | 2024-08-05 | 맛있겠돠....
jiwoong_nada | 2024-08-05 | 요거트 어디 거예요?
gyuran1203 | 2024-08-05 | 빵부장 겁나 좋아하는데 꼭 먹어야즤
wu._.1115 | 2024-08-05 | 😍😍😍"
2024-08-03,17.5만,이거 좋아하시는 분??😭 51주,"#toctocsia, #톡톡시아, #먹방, #mukbang, #asmr, #회, #산낙지","owo_0147 | 2025-05-09 | ❤️❤️
hyori_566 | 2025-05-01 | 어릴 때먹고 엄마가 안사줘서 못 먹었는데ㅠ
_soyu1409_ | 2025-03-29 | 와 맛있는디....
zhuying150920 | 2025-02-11 | @bk_fanss
erixns_ | 2025-02-05 | 저거 식당에서 봤는데 징그러워서 안 먹었는데 왠지 시아님이 드시는거 보니깐 먹고싶은.. ㅎㅎㅎㅎㅎ
yej_i0420 | 2025-01-28 | 소리...!
snowstar_0225 | 2025-01-28 | 왕 맛있겠당
koeunyul | 2025-01-27 | 언니 이뻐용
jana_almasri7 | 2025-01-26 | والله مو زعلانة إلى عالدودات فكربن حالن بمتاها
igayeon784 | 2025-01-24 | 아뉘 ㄹㅇ ㅈㄴ 맛있겠다다다다다
mandu78710 | 2025-01-22 | 이분은 사춘기가 않오나?
abuzuhearalali | 2025-01-22 | 😮
taeyeon7561 | 2025-01-22 | 저 엉청 좋아해요
joyeonji313 | 2025-01-22 | 한명 먹을때 2마리는 기본 입니다 그만큼 좋아해욯ㅎㅎㅎ
_nanis_corls | 2025-01-22 | Cada q la veo se me a figura ala niña del aro 😅🫶🏻
aleynoss27 | 2025-01-21 | Onlar canlı ya midendede glup glup yaparsa
24yu6won | 2025-01-20 | İ whant some
k1ssmeundead | 2025-01-19 | Yess it’s so good
muratbekovasayha | 2025-01-19 | 😢
yujaehyi161 | 2025-01-16 | 저요!!!저 진짜 좋아해요
geongdyung | 2025-01-15 | 한입만요ㅠ..
gimeungyeong426 | 2025-01-14 | 저!!!!!!!!!!!!!!!!!!!!!!!!!!!!!요!!!!!!!!!!!!!!!!!!!!!!!!!!!!!
1_uffy_ | 2025-01-14 | 한입만요
zhuying150920 | 2025-01-13 | 너의 모습은 어린아이 같아
tjfdbsdl | 2025-01-13 | 나요
dasel_officail | 2025-01-12 | 아...산낙지 먹고싶다
coewangyu527 | 2025-01-10 | 와 미쳤다
shinyunchan2 | 2025-01-07 | 아 맜있겠다
kimgun110807 | 2025-01-07 | 아 나 이거 완전 좋아하는데 맛있겠다~
giyeomi181 | 2025-01-05 | 언니는 너무 이뻐서 문제야...어떻게 산낙지를 먹으면서도 이렇게 이쁘지?!..
panther.119530 | 2025-01-04 | 나도 먹고싶다ㅠ
ex.uex | 2025-01-03 | 저여 저 육회랑도먹고그냥 낙지도먹어요 있으면 환장해요😂
ana.moto94 | 2025-01-02 | Come bien
iharang441 | 2025-01-01 | 저좋아해요
daeun_kim_0707 | 2024-12-31 | 어제먹은
13._.gaeun | 2024-12-31 | 주변에 횟집 하세요?❤️
duls.dlqslek_ | 2024-12-28 | 산낙지....나두 먹구싶다
iyujun7721 | 2024-12-19 | 와....맛있겠다......
bigmac34_ | 2024-12-10 | 마싯겠다
ga_s_anova | 2024-12-09 | 😮😮
cilxenzq._ | 2024-12-07 | น่ากินชิบหาย
caeri_zrrtieug | 2024-12-04 | Obviously the post was not swallowed 😁
seoyul_lee_9 | 2024-12-03 | 저 이거 겁나 좋아해요!
zuzia_phuong_linh | 2024-12-03 | I love this food 😍
zuzia_phuong_linh | 2024-12-03 | So good 😊
adzrfirfan | 2024-12-01 | 😂😮😍😢
wissal_15s | 2024-11-28 | i特大成u特恶❤也是偶然弄。
caca__yxz | 2024-11-27 | Mending ini daripada intan Lembata yang dia makan guritanya udah ga fresh
dohyojin1117 | 2024-11-26 | 나도 산낙지..😢
juzi5467 | 2024-11-25 | 看起来很好吃❤️
winyi4911 | 2024-11-23 | 😂😂😂
elowsss1 | 2024-11-21 | abla nasill yedin onuuu
kimhanadaa | 2024-11-20 | 와 겁나 맛있게다..
skin_body_dg | 2024-11-18 | Esta vivo😢😭
piqaaachan | 2024-11-17 | Kalo gw sih udah muntah duluan
ukjee7 | 2024-11-16 | 소리대박❤️
suhyun_0221 | 2024-11-15 | 먹고싶다😢
yuyeonseo779 | 2024-11-13 | 아맜있겠다❤️❤️❤️❤️
so128712 | 2024-11-13 | 살아있는거 그냥 먹는거예요 ?! 저는 먹기 무서울것 같은뎅 …
adiya.yes.prvt | 2024-11-13 | @marr.go33 d
retaniaaaa_ | 2024-11-12 | wes gede arek e😂
woo_bi_n1 | 2024-11-11 | 원희닮음
jeongjjinbbang | 2024-11-09 | 아니 먹방하는 사람들은 진짜로 마이크를 어따 대고 먹는건지 몰겠네요 ㅋㅋ
e_ecrinn16 | 2024-11-09 | Düzgün ye çarparım
soofi5850 | 2024-11-04 | 😋😋😋😋
j__o.ha | 2024-11-02 | 산낙지 삼킬때 절대 조심... 호록 할때도!
shenqing1005 | 2024-10-30 | 我想尝试活章鱼，但我害怕它们在我舌头上蠕动的感觉。
chinnakrit2555 | 2024-10-13 | 이건 정말 맛있어요.😍
0r7l14 | 2024-10-12 | 제가 샣어
mariam690064 | 2024-10-05 | وهي حيه ي بت الناااس؟
yercucesiecot | 2024-10-05 | Noodle yiyince kuzenim ne yedigimi dusunuyor
scorfzr | 2024-10-04 | É só eu que tava torcendo pra ela se engasgar?(Dscp)
guitra_09890 | 2024-10-03 | 유튜브에서 새콤달콤한 파란사탕을 먹던 영상이 아직도 기억나요.❤️🙌
xp_0sz1 | 2024-09-28 | 日本でも流行っていて僕前食べてとても美味しかったので皆様にも食べてみてください‼︎
ni._.0629 | 2024-09-28 | 生章魚真的很好吃😍🫰🏻
g.jjip | 2024-09-28 | Corona will come back because of the Koreans and China 🙂
gnxv._.15 | 2024-09-28 | 산낙지👏👏👏🙌
wytsennai | 2024-09-28 | no soju?
hoon._.0127 | 2024-09-27 | 먹고십다
ga_hune130 | 2024-09-24 | 원전 좋아하는데…
lim_eun_yul12 | 2024-09-18 | 아버님의 다급한 목소리
i_am_so_cute_vt8tti6tii6ti6tii | 2024-09-12 | That's raw 😨
hyunlee0930 | 2024-09-10 | 저요 저 진짜진짜 좋아해용👏👏😍😍❤️❤️
yongbok_love_stay09150 | 2024-09-08 | 아 너무 맛있겠다ㅠㅠㅠ퓨
yx.e0i | 2024-09-08 | 킹받는데 항상 맛있게먹어서 100점
hamiddizell123 | 2024-09-01 | 良かったです
wyn.ngn_ | 2024-08-24 | 맙소사 코피가 나는 것 같나요??
41_atmacaezgi | 2024-08-24 | Düzgünyeamk
gimgyubin686 | 2024-08-23 | 저요!저요 참기름이 예술이긴한데
heba_ramadan_14 | 2024-08-22 | هي حاطة المايك في البلعوم ولا ايه
irem.yldss | 2024-08-22 | LAN HAREKET EDİYOR O?
tw.hijn16_ | 2024-08-21 | So cute <3
chocokuppp | 2024-08-20 | แล้วคุณพรี่ใส่เสื้อขาวมากินไรแบบนี้
jazmin_mocsel | 2024-08-20 | Now i'm hungry
zanmang_loopy1007 | 2024-08-19 | 톡톡시아님 먹잘알 낙지는 사랑이쥐~~~
hyunnashh__ | 2024-08-19 | she like asa baemon
y__o__25 | 2024-08-16 | 🫶🏻😻👍
anvu1128 | 2024-08-16 | So satisfying and crunchy 😢👏🔥😭❤️😍😮
basketyagmur_1 | 2024-08-16 | Canlı ya ooo😱
bad___.girl._ | 2024-08-15 | 😱😱😱"
2024-08-01,3.6만,(광고) 설탕무첨가 탕후루 더 맛있게 먹는 방법!!😭 52주,"#달콤왕가탕후루, #탕후루, #왕가탕후루, #달콤바삭, #설탕무첨가, #설탕무첨가탕후루, #신선과일","erdnnne_e | 2025-02-02 | pzdagej hamariig cn harhaar bur pizdal gej helmeer sangdh ym pizda
wesio_2 | 2024-10-16 | 맛있겠다ㅣ ❤️
pt.hestysaraswati_ | 2024-10-07 | ❤️❤️❤️❤️
kje3116 | 2024-09-19 | 탕후루 땡긴다!
chipchipbell | 2024-08-23 | 정말 다 먹을 수 있나요? 🤯
snow_aejf | 2024-08-13 | I have seen so many foreigner eat Tang HuLu I've never seen They eat an authentic hawthorn Tang HuLu
ham233454 | 2024-08-11 | 😋😋
leesgifthouse | 2024-08-06 | 😍😍
chanko0609 | 2024-08-03 | 口と頬が可愛い👏👏
llxqvrs_ | 2024-08-03 | おいしそう！いちか食べよ〜
eun_you1029 | 2024-08-03 | 맛있겠다ㅠ
shafaslsabila26 | 2024-08-02 | Cute
icohyi744 | 2024-08-02 | ❤️맛있어보여요😍😍😍😍
nohab.oqami | 2024-08-02 | نبي روتينك بالعنايه
no.one05.28 | 2024-08-01 | Sooo cute😍
tanishkajoshis | 2024-08-01 | are you eating tomatoes with the pink drink? or is it strawberries ?
hxuay.1 | 2024-08-01 | 설탕 무첨가면 스테비아인가
wangga_mangpo | 2024-08-01 | 설탕 무첨가😍
ghjubfcfvvf233 | 2024-08-01 | 감동적이네요
지금 내 입에 넣고 싶어
그런데 과일은 어떻게 준비하셨나요?❤️😍
pooneh_paran_88 | 2024-08-01 | 🔥🔥
vv.frzx_ | 2024-08-01 | ❤️❤️❤️"
2024-07-29,2만,(광고) 여름 한정으로만 먹을 수 있는 신박한 떡볶이..ㄷㄷ 😱 52주,"#삼첩분식, #바닐라로제떡볶이, #로제떡볶이, #떡볶이, #여름신상, #먹방, #mukbang, #한정판","cyragiesbrecht04 | 2025-01-21 | 😳🤤🤤
yauyc121227 | 2024-12-23 | 저거 아이스크림이에요?
rladbsdn_0324 | 2024-09-18 | 추흡하고싶다
ham233454 | 2024-08-11 | پس من چی ؟؟😯
pwulse_ri | 2024-08-04 | 와, 이거 꼭 증명하고 싶었어😢
loulwa506 | 2024-08-02 | كم عمرك
atugarisan | 2024-08-01 | 박수칠정도로 맛있는거에요? 진짜 맛나게 드신당... 😢
tereso1224 | 2024-07-30 | 발명한사람 🙌
ss90.10.29 | 2024-07-30 | 시아 그만 이뻐져라아아아
kimihikokana | 2024-07-30 | 🌈✨🌈✨🌈✨🌈✨🌈✨🌈✨🌈
kimihikokana | 2024-07-30 | ❤🫶🏻🌈🧡🫶🏻🌈💖🫶🏻🌈💛🫶🏻🌈❤
ishdbfjeosn | 2024-07-29 | 😍😋🤤
nyannkor | 2024-07-29 | 韓国行きたいいいいい
seohan._.b | 2024-07-29 | 진짜 맛있겠다...😢
ghjubfcfvvf233 | 2024-07-29 | 지금 먹고 싶어요
입에 넣고싶다❤️
yoseob_iing | 2024-07-29 | 👍👍
lamborghiniurusbenz | 2024-07-29 | 😮
steyell3 | 2024-07-29 | 한국가고싶다ㅏㅏㅏㅏ😢
yuyuerer0043 | 2024-07-29 | 1빠당❤️❤️"
2024-07-25,6.4만,돌리면 바로 음료수가 만들어지는 신기한 일본 음료수..😱 53주,"#toctocsia, #톡톡시아, #먹방, #mukbang, #asmr, #matchalove, #먹스타그램, #일본음료수","ziyywehh | 2024-10-31 | Halalkah?
yoodist_ | 2024-10-28 | @sebastian__tedy beli bang
tatitutetot.9 | 2024-09-29 | @sebastian__tedy
anvu1128 | 2024-08-16 | I thought that was in a chilli bottle😂
ham233454 | 2024-08-11 | صدای نوشیدنت رو دوست دارم 😁
mizzsxc14 | 2024-08-10 | Kumain naka tagilid uminom naka tagilid utak moba te tagilid
leesgifthouse | 2024-08-06 | 👏👏
lll._.lee | 2024-08-01 | 어릴때 편의점에 과일맛나는 저런 음료수 있던거 기억나는사람...
atugarisan | 2024-08-01 | 말차는 쓰죠.. 어른의 쓴맛이랄까 막이래 😂😂😂
timatimss | 2024-07-29 | I dislike his way of drinking and eating.
mayssa_bacc | 2024-07-28 | انا الوحيدة الي ضغطي انرفع 😂
simonkhoo7007 | 2024-07-27 | @ziey_lz
phakha_walun12 | 2024-07-27 | とても美味しいです。
hibiki7428 | 2024-07-27 | おい美味そう
ellabullsan | 2024-07-26 | 😂😂😂😂😂😂😂😂😂
myaaaa_32 | 2024-07-26 | لماذا تبدين لطيفه عندما تشربين 😇
tgsfmy9295 | 2024-07-26 | これ飲んだことあるけど最近見ないな〜冬限定かな？
_olngtea | 2024-07-25 | As a matcha lover, i need that matcha drink
kimjaebong8344 | 2024-07-25 | 일본은 특이한 디저트가 다양하네요~
nyannkor | 2024-07-25 | パッケ？飲んでみたい！
ay_qh7 | 2024-07-25 | これ日本のなの!?
知らなかった(￣▽￣;)
飲んでみたい🥺
相変わらず可愛い
( * ֦ơωơ֦)
wldk0915 | 2024-07-25 | 2분전"
2024-07-23,3만,(광고) 헐!! 설탕 없는 탕후루가 나왔다고??ㄷㄷ 53주,"#달콤왕가탕후루, #탕후루, #왕가탕후루, #달콤바삭, #설탕무첨가, #신선과일, #제로슈가","hanzison1024 | 2024-11-28 | 毎回思うけど食べ方が綺麗
saminowpwtdbs | 2024-10-18 | 사운드 췤!!
ayeon898 | 2024-10-13 | 싸운드 쵘 너무 웃곀ㅋㅋㅋ
toribio.anna | 2024-09-22 | ㅑ ㅣㅐㅍㄷ ㅛㅐㅕㄱㄷ 퍄ㅇ대!!
salad.loves.eating | 2024-08-30 | TANGHULU check 🍓🍓🍓
ham233454 | 2024-08-11 | انگار شیشه ها دارن خورد میشن😐👍🏻
m._jxn2 | 2024-08-10 | 목소리가 바뀐것같음
starjh92 | 2024-08-06 | 하 나도 광고하고싶다 좋은것도갖고 먹고 쓰고 ㅚㅁ지어 돈도받고..ㅠㅠ
leesgifthouse | 2024-08-06 | 😋
loulwa506 | 2024-08-02 | How old are you
mingyeom0428 | 2024-07-31 | 이 누나는 거의 왕가탕후루 대표 광고인인줄
ma2oor | 2024-07-31 | كيف يزبط معهم لما اسويه اما يلصق بالاسنان او السكر ينشف ويصير ابيض
yeaa_jota | 2024-07-29 | 유행 다 처 지난거 살리려고 애쓴다
daixingn_729 | 2024-07-28 | 中国的糖葫芦
jiny._ | 2024-07-27 | @pupple_ni @heung_kh
xn.0ng | 2024-07-27 | 님들 저거 만약 스테비아로 커팅한거면 왠만해선 먹지 마셈..
eunreni | 2024-07-27 | @a_j0708 원업이먹을수잇어ㅜㅜ
yunsehe02 | 2024-07-26 | @leehojun_11 이제 먹는거 허락해 줄꺼지??
wyc_9_9 | 2024-07-25 | 그 설탕무첨가지 무당이 아니니깐요… 참고하셔야할거가타여,,
nitaa25_04 | 2024-07-24 | Asmr nya always good😍😍🫰🏻
be.ta7964 | 2024-07-24 | Udah besar sekarang dik
auremddy | 2024-07-24 | love you girl‼️‼️‼️💗
gangsumug4 | 2024-07-24 | 건강에는 좋지 않은거 아닌가요?
kimjaebong8344 | 2024-07-24 | 웰빙탕후루 탄생~
venuslee323 | 2024-07-23 | ❤️❤️❤️
t7kvx | 2024-07-23 | الميكرفون داخل فمها ؟
crskkkwi | 2024-07-23 | 혹시 입안에 마이크 다셨나요??.
ga._.bin12 | 2024-07-23 | 살 부담은 덜해졌지만 가격 부담이 심해요
chloeyooan | 2024-07-23 | 사운드 첵!! 뭔딬ㅋㅋㅋ
ghjubfcfvvf233 | 2024-07-23 | 지금 내 입에 넣고 싶어❤️❤️
rinaaaa.0215 | 2024-07-23 | 最初しなこわーるどかと思った😂😂
francis.jang_ | 2024-07-23 | Her sOuNd ChEcK 😂😂
gangsumug4 | 2024-07-23 | 설탕없는탕후루면 무슨재료를 사용했나요?
lockintwinski | 2024-07-23 | She look better than the food..
eunseo.ha1 | 2024-07-23 | 😍
yuyuyu78uuu | 2024-07-23 | 오혜원의 흉내? ㅋㅋㅋ.
se.y0z___ | 2024-07-23 | 헷"
2024-07-21,3.2만,BHC 치즈볼 소스별 먹방!! BHC Cheese ball mukbang! 53주,"#toctocsia, #톡톡시아, #mukbang, #먹방, #asmr, #치즈볼, #bhc치즈볼","lee_soyeon270411 | 2025-01-06 | You look like Asa from Babymonster 😮😮
isen7124 | 2024-09-24 | 아니 많이 먹어도 살이 안쪄 뼈만 있어😢
bapiqqq | 2024-08-26 | Curious about what's inside? 😂
se._oh9 | 2024-08-07 | 재미 ㅈ도없능데 뿌링뿌링 ㅇㅈㄹ
untilyoufound.me | 2024-08-05 | #savebangladesh #savebangladeshistudents #alleyesonbangladesh🇧🇩
loulwa506 | 2024-08-02 | How old are you?
suratiniharika | 2024-07-26 | Imagine the color of her
atugarisan | 2024-07-25 | 진짜 맛있게 먹네영.. 치즈볼 땡긴다 ㅠㅠ
tram3484anh | 2024-07-24 | ❤️❤️❤️❤️
3lixs4_ | 2024-07-22 | 당신의 콘텐츠는 너무 좋습니다 🔥🔥
reny.__.khrissy.100_105_101 | 2024-07-22 | Where do you buy?
jumjumjunjun | 2024-07-22 | 最後は何の味ですか？
lareylarey787 | 2024-07-22 | 😍😍😍😍❤️❤️❤️❤️❤️
nyannkor | 2024-07-21 | うっまそう、、、
プリンプリンって言ってたやつはなんだろ？
moonmoon9720 | 2024-07-21 | 韩国人吃到好吃的会发出奇怪的声音 哼哼唧唧😂 好夸张
m_.kasem54 | 2024-07-21 | 새 스크립트를 게시할 수 있습니다. 나는 당신이 먹는 것을 정말 좋아합니다. 그것은 내 생활 방식에 영향을 미칩니다.😍😂
south_korea567 | 2024-07-21 | ❤️
yuzuki._.1223 | 2024-07-21 | 너는 아주 귀엽고, 아주 맛있는 모양인데, 먹는 것을 좋아한다!힘내세요"
2024-07-19,1.2만,(광고) 🎉이벤트 있습니당!!🎉 -마슐랭 신제품에 대한 기대감을 댓글로 남겨주시면 이벤트 참여 끝!! 추첨을 통해 10명에게 (마슐랭 마라탕면 2입+마라샹궈2입+마라장 산초&고추 1입 증정) -댓글 이벤트 기간: 7/19~7/26 -당첨자 발표: 7/30 (고정 댓글&스토리에 발표) 마슐랭 마라탕면과 마라샹궈는 얼얼마라유로 마라의 강도를 조절할 수 있고 더 얼얼함을 원해!! 한다면 마라장 산초&고추를 추가해보세요!! 53주,"#오뚜기, #마슐랭, #마슐랭마라탕면, #마슐랭마라샹궈, #마라탕면, #마라샹궈, #마라탕, #탕후루, #마라탕후루, #먹방, #asmr","moonstar_0516 | 2024-12-19 | 저도 그거 매일 먹고 있는데! 어제도 먹고잤어요! 마라탕 못사먹을때 먹기 짱좋음👍👍
kongddok_0816 | 2024-11-24 | 마라탕 1단계 먹는 사람인데 먹을수 잇을까요?ㅜㅜ
xih.ee56 | 2024-10-26 | 혹시 각각 몇단계 정도인가요?😢
chloechenjiayi4 | 2024-09-03 | 😮😮😮😮😮😮😢😍🔥❤️❤️😍❤️
ham233454 | 2024-08-11 | گشنم شد🥺😋
toctocsia | 2024-07-30 | 오뚜기 신제품 마슐랭 이벤트 당첨 발표입니다 !!
@sujeong6233 @y.eve.79 @ihayun0928 @jiinshaaa @lnyenman @viola.son @hyeok0608_ @piggypiggyoo @atugarisan @yunchoo._.12

이상 10분 당첨을 축하드립니다 💗

당첨 결과 확인하시고 다이렉트 메세지Dm으로 물건 받으실 이름/주소/연락처 적어 보내주시면 오뚜기 본사에서 상품 보내주신다 합니다!
(8/5일 안으로 주소지 꼭 보내주셔야 하며 8/5일 넘어가면 당첨이 취소되오니 이 점 꼭 숙지하고 양해 부탁드립니다!!)
guuu_66z | 2024-07-26 | 평소에도 마라탕을 너무 좋아하는데....마슐랭이라니.....😆😆 시아님께서 하신 평소 좋아하는 재료를 더 추가하는 방법도 정말 꿀팁인듯한...!!! 신제품이라니 더더 기대가 되고 스트레스 다 날려버릴 그런 얼얼함~~~~더운날씨+맵고 자극적인 마라맛=😋🧡 맛있을 것 같아요!!좋은리뷰 감사합니다!
tram3484anh | 2024-07-26 | sogood🔥
atugarisan | 2024-07-25 | 거의 매주 마라탕에 빠져사는 사람인데, 집에서도 마라맛을 즐길수 있다니 😮 꼭 먹어봐야겠네요!!!
soyun3_luv | 2024-07-24 | 너무 맛있어보여요❤️
piggypiggyoo | 2024-07-24 | 마라 덕후🔥 집에서 간편하게 마라 즐길 수 있다니 너무 좋아요:)
lnyenman | 2024-07-23 | 마슐랭이라는 제품이 나왔다니 너무 먹어보고 싶어요ㅠㅠ 요즘 비가 많이 와서 마라탕 생각날 때가 많은데 그럴 때마다 간단하게 마슐랭으로 먹고 싶어요❤️
min._._h | 2024-07-22 | @yellme_34 마싰게따
kimjaebong8344 | 2024-07-21 | 편의점에 달려가봐야겠어요~숙주랑 햄이랑 추가하면 맛💣이 펑펑펑~🔥🔥🔥
south_korea567 | 2024-07-21 | ❤️
y.eve.79 | 2024-07-21 | 우리집 세모녀 마라 진짜 좋아하는데 맛보고 싶네요~^^
viola.son | 2024-07-21 | 마라의 맛이~~~~~잘 날까
궁금해요~^^
tamdayproject | 2024-07-21 | 마라샹궈 최애 음식인데 넘 궁금해요😍😍
ehehhehe134 | 2024-07-21 | I’m so hungry now 🤤😋
lareylarey787 | 2024-07-21 | 😍😍😍😍😍😍❤️❤️❤️❤️❤️❤️
heboza_19 | 2024-07-21 | 마라탕 진짜진짜 좋아하는데 시중에 파는 컵라면 중에 마음에 드는 마라탕을 아직 찾지 못해서 꼭 먹어보고 싶어요!!❤️❤️
tory.poodle | 2024-07-21 | 와 사먹고 싶어서 컬리 검색했는데 아직 팔지 않네요 ㅜㅠ 어디서 구할 수 있죠 ㅠㅠ 먹고 싶어서 현기증 나요😢
mangletsgo | 2024-07-20 | 마라하면 난데 진짜 맛있겠다 하.........
iseonyeong5403 | 2024-07-20 | 기대감!
sujeong6233 | 2024-07-20 | 마라라면 엄청 고소하고맛있을거같아요 마슐랭 먹어보고싶어요♡♡
mibinkong | 2024-07-20 | 맛있겠당 먹어보고싶어욥
starrubyhuleba | 2024-07-20 | 옿ㅎ 맨날 먹던 것만 먹는 나인데 이번 시리즈는 먹어보고싶다 마라탕컵라면이라니,,
hang._.092 | 2024-07-20 | 오뚜기 컵누들 마라탕면도 되게 좋아하는데 또 다른 버전 출시라니 너무 기대됩니다!🔥
hhyyyy_oo | 2024-07-20 | 집에서 간편하게 컵라면으로 즐기는 마라탕이라니 너무 맛있을 것 같아요 !! 집에서 원하는 재료 추가해서 먹을 수도 있으니 더 좋을 것 같아요 ~~♡
rokawael145 | 2024-07-20 | You very cute
sepinaz.safari | 2024-07-20 | 😍😍😍
kandy_elizabeth0 | 2024-07-20 | 문어라고 추가한 하얀 것 이름이 뭔가요? 아니면 뭔지 모르겠어요.
melekebdi11 | 2024-07-19 | ❤️❤️❤️❤️❤️
jiinshaaa | 2024-07-19 | 이때까지 입맛에맞는 마라라면을 만나지못했는데 마슐랭이라면..,🙌
ihayun0928 | 2024-07-19 | 마라탕 너무 좋아하는데 꼭 먹어보고 싶네요!!이제 집에서도 마라탕을 맛볼 수 있다니...얼른 사먹어야겠어요!!
hyeok0608_ | 2024-07-19 | 딸래미가 마라탕 엄청 좋아하는데 맛보여주고 싶네용ᆢ🙌🙌🙌🙌🙌❤️❤️❤️❤️
tszyau0118 | 2024-07-19 | It’s look so good
zh.i_.0 | 2024-07-19 | واووو❤️
ghjubfcfvvf233 | 2024-07-19 | 지금 내 입에 넣고 싶어❤️"
2024-07-17,1.2만,❤댓글 이벤트 진행 중! 고정 댓글 확인!!❤ 여러분들도 챌린지에 참여해보세요!! 맛있는 자몽 아이스티도 먹고 선물도 받고!! 톡톡시아의 <휘핑 자망추>는 요즘 핫한 <아망추>의 업그레이드 버전이라고?? 😱 ‘립’톤 아이스티로 기분까지 리’턴’!! <립턴자몽챌린지> - 참여 기간: 7/11~8/11 - 참여방법: 휘핑 자망추 레시피 따라서 만들기! (이미지/릴스 모두 OK) ㄴ 립톤 공식 채널(@lipton_kr) & 태그! & 인스타그램 계정에 올리면 끝! - 당첨자 발표: 8/16 (개별 DM) - 당첨자 경품: 참여상 '신세계 상품권 3만원권(5인)' & 최우수상 '에어팟 프로(2인)' 자세한 사항은 립톤 공식 채널에서 확인해 보세요!! 수정됨 · 54주,"#광고, #립턴자몽챌린지, #아이스티, #립톤, #립톤아이스티, #립톤아이스티자몽, #자몽아이스티, #자몽, #홈카페, #타임투립톤, #TimeToLipton","conguug | 2024-09-21 | LİPTON AUUUU🇹🇷🇹🇷🇹🇷🇹🇷🐺🐺🐺🐺🐺🐺
_txqx.27 | 2024-08-17 | مقاطعة!!
ham233454 | 2024-08-11 | یام یام⁦(⁠◍⁠•⁠ᴗ⁠•⁠◍⁠)⁠❤⁩
loulwa506 | 2024-08-02 | تعرفين انجليزي
sela.eslam86 | 2024-08-01 | مقاطعه❤️
toctocsia | 2024-07-26 | 톡톡시아가 준비한 이벤트 하나 더! 🤤
“립턴 자몽 챌린지” & “신제품 립톤 자몽아이스티”에 대한 기대감을 댓글로 마구마구 남겨주세요!!
추첨을 통해 5분께 립톤 스틱 1box와 770g 캔을 1ea 보내드려요 XD!!
댓글 이벤트에 당첨되면 챌린지 도전까지 딱?? 😱
-댓글 이벤트 기간: 7/16~7/23
-참여방법: 챌린지 참여 희망 & 립톤 자몽 기대감을 담은 댓글 작성!!
-당첨자 발표: 7/26(고정 댓글 당첨자 발표 / 개별 연락DM)

[톡톡시아 X 립톤 / 댓글 이벤트 당첨자]
1.@_rimm24
2.@miss_hong1
3. san_minis
4. so_yun0118
5.@givemethebarbell

🎉당첨 축하드립니다🎉
DM으로 개별 연락 갈 예정입니다😊
자! 그럼 립턴 자몽 챌린지도 참여하러 고고!!
givemethebarbell | 2024-07-24 | 마침 여름이라 엄청 시원하고 달달해보여요 본김에 구매해서 먹어봐야겠어요🤤❤️
sanminis_ | 2024-07-23 | @kamss1_23 맛있겠다! 자기 이런거 만드는거 잘하잖아 만들어줘😄😄😄
miss_hong1 | 2024-07-23 | 카페가도 자몽에이드 허니자몽블랙티 자몽맥주 등 자몽자몽 좋아하는 1인 립톤 자몽아이스티도 맛보고싶어요🥹🤤🧡
i_am_tinyegg | 2024-07-22 | 저 자몽 러버에요! 집에 자몽밖에 없어요!ㅋㅋㅋ
dkvlrhsgoo | 2024-07-22 | 회사 탕비실에 있는거 먹었는데 맛있더라구요!! ㅋㅋㅋ
귀한건지 수량이 몇개 없어서 하나밖에 못타먹었지만..
south_korea567 | 2024-07-21 | ❤️
melekebdi11 | 2024-07-19 | ❤️❤️❤️
starcloudsia | 2024-07-19 | 립톤 자몽에이드 너무 맛있을 것 같아요❤️ 립톤.. 아이스티계의 원조 아닌가요👏👏 새로운 자몽맛도 너무 맛있겠네용😍
_rimm24 | 2024-07-18 | 립톤 자몽아이스티라니 너무 맛있을 것 같아요🩷🩷🩷
igeumju3 | 2024-07-18 | 사랑해요 ❤️
luv._.jjuny | 2024-07-18 | 자몽처돌이.. 너무 기대되네요 진짜! 이건 내가 돈내고라도 사먹을듯:) 아이 어린이집 보내고 잠시 쉬는시간에 예쁜 잔에 담아 마시고싶네요
__sx.ny | 2024-07-18 | @imyu1ha 제로아이스티
lareylarey787 | 2024-07-18 | ❤️❤️❤️❤️❤️❤️❤️❤️😍
zaineb7021 | 2024-07-17 | 사랑해요🥹💗
sujeong6233 | 2024-07-17 | 립톤 좋아해요 자몽도 좋아해요 립톤자몽아이스티 상큼하고 달달할거같아요♡♡사먹어봐야겠어요❤️❤️
ghjubfcfvvf233 | 2024-07-17 | ❤️
어쩌면 나를 위해서도 만들어 줄 수도 있어요
나는 지금 그것을 원한다
so_yun0118 | 2024-07-17 | @te5948 만들자
joyeonji313 | 2024-07-17 | 자몽 진짜~ 좋아하눈데 립턴자몽맛 엄청 맛있을것 같다 내가 제일좋아하는 과일이 자몽!!! 엄청 맛있어요 진짜 먹어 보고싶다~ 립턴 자몽 제일 기대감이 엄 ~~~~~청 커요!!! 립턴 자몽챌린지 나도 해 보고 싶다!!! 호기심이 많아도 너~~~무많은 나!!ㅋㅋ 기대감이1000000000000000000000000이정도로 넘 많아서 못 기달리것 같아욬ㅋㅋㅋㅋ
lia__rv7 | 2024-07-17 | ❤❤❤❤❤❤
azii_5689 | 2024-07-17 | 정말 사랑해요. 당신의 게시물은 정말 멋지네요. 😍
d._.hugging | 2024-07-16 | 바닥에는 연어알인가요?😮
hongyeeun1778 | 2024-07-16 | 저희를위해돈도많이쓰고감사합니당
loke140825 | 2024-07-16 | 34분전!!
tsumugi_m0227 | 2024-07-16 | 美味しそー(*´﹃｀*)
食べてみたい！！🥰"
2024-07-14,14.4만,이거 기억 나시는분??😭 🍓PoppingBOBA!! 54주,"#먹방, #mukbang, #asmr, #팝핑보바, #poppingboba, #유행음식","gimeunhye7711 | 2025-06-16 | 그거 얼려서 먹어요
s7.yeon | 2025-03-14 | 그런거 어디서 사나요...볼때마다 넘 먹고 싶은뎀..
kitty_140106 | 2025-03-01 | 리치맛은 넘 달아...
erixns_ | 2025-02-05 | 시아님 피부 넘 좋으시다..
snowstar_0225 | 2025-01-28 | 예전에 잘 씹힌다고 했잖아용ㅎㅎ 이제는 잘 안씹히나보당
y.x1nsz | 2025-01-07 | 맛도리임
tax.kng_ | 2024-12-28 | 저거 먹으면 머리 아프던데
baggeonyul43 | 2024-12-11 | 몇살이야? 예?
jeontaeyeon22 | 2024-12-07 | 이고 요아정 에 너어 묵으면 막있겠다
abowsahwn | 2024-12-02 | 진지하게 먹어라😋
lee_m1nseok_ | 2024-11-27 | @prettyman_bro sizam yeb korin
songho487 | 2024-11-26 | 몇살임?
lh_oqlz | 2024-11-26 | 짜요짜요 젤리 커진버전같이 생김
jooani1027 | 2024-11-23 | 얼리면 어떡해 될까
alisachernykova | 2024-11-22 | Я сначало подумала что это красная икра
leesuhyun_12 | 2024-11-17 | 얼마전에 학교에서 어떤푸딩(?)안에 팝핑보바 들어가있었어요ㅋㅋ
ccm578 | 2024-11-16 | 뭐야.. 이분 옛날에 유튜브 쇼츠에서 본것같은데.. 진짜 이쁘시다..
j_xhvn | 2024-11-16 | 언니 너무 예뻐지셧어요ㅠ
parknarin13 | 2024-11-14 | 얼려먹으면 엄청 맛있어요
luv_me_ya_ | 2024-11-11 | 예뻐 예뻐 요즘 화떡 치장 분위기st 쩌는 인스타인들보다 얘가 훨 이쁨
seu_ngmu | 2024-11-09 | 이게 그그그그그그그
iseojun677 | 2024-11-05 | 이거 무슨 맛임?
xchang.s0ng | 2024-11-05 | 얘도 ㅈㄴ 컷네
un.xeo14 | 2024-11-03 | 먹고 싶었는데 못 구해서 못 먹었따.. 거의 5년 6년 전인가 먹어보고 싶긴하다
sora0423lee | 2024-10-27 | 와 나 옛날에 겁나 많이 먹었었는데ㅋㄹㅋㅎㄹㅋ
anchannilnon | 2024-10-22 | 아주 맛있어요😍😍😍
haru0810613 | 2024-10-07 | いつも思うけど下向きすぎじゃねっ
hongeunpyo72 | 2024-10-06 | 몇살이세요??
_yu_03.02 | 2024-10-04 | @mira.seo 먹고시퍼
ijiyu825 | 2024-10-04 | @ts.flx_ 저거 맛있었나?
elin._.ii | 2024-10-03 | 어렸을 때 저거 많이 먹었는데ㅔ✨️
forget_me_not_4419 | 2024-10-02 | Блин, я подумала, что это красная икра…
fearnot_cun | 2024-09-29 | 😍
y._ugg1 | 2024-09-27 | 이거 베라 신메뉴에 망고맛 들어있음
jeonsegang4 | 2024-09-27 | 이거 맛잇어여?
siswiahriza | 2024-09-25 | Ok dia mausia👏
nhi.m1405 | 2024-09-21 | @_.puongzy._
hye_eun0504 | 2024-09-21 | 유행지났는데 못먹어본 1인
g_ud.x5 | 2024-09-16 | 옛날에 엄청 유행반짝했었는데
pr0sody | 2024-09-16 | 저거 리치맛인가? 그게 제일맛있임
kimmango1234 | 2024-09-10 | 와..나 초3때 좀 많이 보고 4학년때 가끔 봤는데 지금이 중1인대 겁나 잘컷다...예뻐여 눈나...
aaoi04557 | 2024-09-10 | 저거 난 고무맛나던데
sominoo0 | 2024-09-08 | ㄹㅇ 연어알인가오?
onedoor_1120 | 2024-09-07 | 이거 링크 있어요?
def_yhana | 2024-09-03 | your so cutee
dx1v_c | 2024-09-01 | 저거 톡톡 터지면서 안에 텁텁한 국물 들어있는거 국룰
dammmnnx_ | 2024-08-31 | 요아정에@파핑 머ㅓ시기 츄가했었는데 즌나 달아서 버림
sintae732 | 2024-08-30 | 이거 진짜 어릴때 드시지 안았나요? 옛날에 유튜브에서 봤는데
sandraguerrero557 | 2024-08-30 | ,&&&_"":&""':;;;+'''
yuno_1202 | 2024-08-28 | うん、おいしっ♪って聞こえるんよ一口目
gtie_280 | 2024-08-28 | ❤️❤️❤️❤️
cchiiraphaabuuysn | 2024-08-26 | 🥱💰😗😚
lee_s.z | 2024-08-24 | 이거 어떤맛이 젤맛있음?
jang_sum0813 | 2024-08-23 | 옛날에 인기 겁나 많아서 유튜브에 겁나 떳었지ㅋㅋㅋ 2018년도 감성 못 잊음
svt_carat_yoon_josh | 2024-08-20 | 완전 애기일 때 부터 봤는데 점점 너무 예뻐진다..
yxzin_13 | 2024-08-19 | 아 저거 기억이 가물가물하네요ㅠ 먹어보고싶었는데😂
nguyentruc5320 | 2024-08-19 | T có hũ này là chục loại nc trong đầu
ivanelvismh | 2024-08-18 | No entiendo ni vrg
happy_luna__s2 | 2024-08-17 | 우리언니 진짜 많이 먹어서 엄청 부러웠는데
jup012600 | 2024-08-16 | 아니 왜케 성숙해졌어ㅠㅠ
andiya.apr | 2024-08-16 | 어디서 팔아요
1004xnyul_ | 2024-08-15 | 그때 그시절 슬라임통 같은 곳에 딸기,망고있었지 물론 3학년때
ha_xn0.s | 2024-08-15 | 망고맛 ㄹㅇ 맛있는뎅 ㅠㅠ
liliillillililliliil | 2024-08-15 | 어렸을땐 귀여움인데 이젠 예쁨이네
onlyon_aura | 2024-08-14 | я тоже хочу😍
kljm_1234 | 2024-08-13 | 저게…. 뭔지…. 모르는 분? >>>>>>>>>>
sanghyun2526 | 2024-08-13 | 짱 맜있겠닸
islam_nabouri | 2024-08-11 | ❤️❤️😍
qqqqqqqqqqqhdhdh | 2024-08-11 | 아는사람>>>----->>>
jangsua35 | 2024-08-08 | 이거보고 맛있어 보여서 바로 주문했는데 주문하면 안됐었나봐여
jang.hyojae | 2024-08-07 | 뭔맛임?
sen.xn0 | 2024-08-05 | 나 요거트,요플레 뚜껑 안핥아 먹는데 뚜껑에 붙어있는거 보다 요플레가 더 맛있어서..
_s0a6i | 2024-08-05 | 아 저거 겁나 맜있는데.. 구매처 알려주실수있나용..
loulwa506 | 2024-08-02 | كم عمرك؟؟؟
ev__q.6 | 2024-08-02 | 얼려먹는게존맛인데
dxhwk | 2024-08-02 | 나도먹고 싶당
j_seo_0616 | 2024-08-02 | @1ifhq 와 레전드
enfp_t1217 | 2024-07-30 | 食べ方が美味しそうで食べたくなる🤤
jwon._.e | 2024-07-29 | 코봉이가 자꾸보인다..
yerim._choi | 2024-07-28 | 저 그거 일본 디즈니랜드에 가서 먹었었는데 음청 맛있었어여
sim_.6412 | 2024-07-27 | 진짜 많이 컸다
kim.gyuri15 | 2024-07-26 | 전엄마가안된대요
ky.___.j | 2024-07-26 | @o____t.k
rola.1320 | 2024-07-25 | ポッピングボバやん
yzo.0n | 2024-07-23 | ???: 그거 연어알 아니고 팝핑보바인데요
wjdgks_hani | 2024-07-23 | 이제 안팔음?
kus__tv | 2024-07-22 | 궁금해서 그러는데 ,,
이게 뭐에요 ? 무슨맛이에요 ?
hy0.319_ | 2024-07-21 | 이거 보자마자 나만 헤이지니 생각나네
south_korea567 | 2024-07-21 | ❤️
v.k_w.v | 2024-07-20 | 에이드에 리치 팝핑보바 개맛잇음
hrk__mgr | 2024-07-20 | ポッピングボバでしたっけ？2,3年くらい前に日本でも流行りましたよね😄
nasomin2024 | 2024-07-20 | 저도 한번쯤은 먹고싶었던 디저트인데 지금보면 단연어알같아요
h_lyadyum | 2024-07-19 | @minyj07 @cherry_ji_yun._ 난 알파에 있길래 어릴 때 사먹어봣ㄱ는데 가격은 개비싸고 짝퉁이었는지 토도독보단 그냥 겁나 약해서 입에 넣자마자 쭈글쭈글한 막이 찢어져서 스르륵 새버리는 느낌이엇는데
yunnnn_baby12 | 2024-07-19 | 와 짱추억 😢❤️
j1.hxxn_j | 2024-07-19 | 2018?이엇나
junheehan20101 | 2024-07-19 | 저거 얼려 먹으면 맛있는뎅 그넫 요즘 안보여!!!!!!!!!!
jwiwy2024 | 2024-07-19 | 요즘에는 안파나
jjjjini__s | 2024-07-19 | 옛날인가여..얼마전같은데 ㅜ
x00x_zxx | 2024-07-18 | 쌍수하셨나요
eun._.yx1 | 2024-07-18 | 팝핑보"
2024-07-10,1.7만,"🎉#이벤트 있습니당🎉 맛있는 치킨 한팩에 9,900원!! 이마트24에서 가성비 넘치는 순살치킨파티팩을 만나보세요!! 📌7월 이마트 패밀리 위크에서만 만날 수 있다는 사실! 🎁이마트24 이벤트🎁 앉은 자리에서 4가지맛 닭강정을 한 번에 즐기니 반할만하닭!🍗 영상을 끝까지 보고 톡톡시아가 먹은 반할만 하닭! 4가지맛이 아닌 맛을 댓글로 남겨주세요!! ① 후라이드 ②양념 ③간장 ④깐풍기 ⑤청양 🍗기간 : 7/10(수)~7/15(수) 🍗발표 : 7/19(금) 🍗선물 : 이마트24 모바일 상품권 3천원권(10명) 55주",#광고,"chusi0405 | 2025-05-11 | 나고 먹고 싶당....
ham233454 | 2024-08-11 | ساعت ۴ صبح اینا رو از کجا بیارم بخورمممممم؟⁦^⁠_⁠^⁩
loulwa506 | 2024-08-02 | كم عمرك؟؟
strawberrylovee_8 | 2024-07-26 | 정말 맛있어보이네요🤤🍗🍗
south_korea567 | 2024-07-21 | ❤️🍗
south_korea567 | 2024-07-21 | ❤️
jayoun.yoo | 2024-07-21 | @emart24_official 발표요?
emart24_official | 2024-07-19 | ❤이마트24 <톡톡시아 반할만하닭> 이벤트 당첨자 발표❤

한 팩에 4가지 맛이 모~두 담긴
가성비 끝.판.왕👑

톡톡시아가 이모지로 소개한
반할만하닭 닭강정의 4가지 맛이
아닌 번호를 고르셨나요?

정답은 (두구..두구..) 4번 깐풍기!🎉✨

이마트24 반할만하닭 순살치킨 파티팩은
①후라이드 ②양념 ③간장 ⑤청양
4가지 맛으로 구성되어 있답니다~😊💖💨

정확하게 답을 맞춰준
당첨자 10인을 발표합니다!🙌

@e_chaewonsensation
@l.o.n_s
@eunkyung0501
@na__joooyu
@ josk_yg
@jinini0111
@ja._.xei
@eunseo.ha1
@corgi_daeng_gu
@qwer51179472

⭐당첨자 안내사항⭐
이마트24 인스타그램 프로필 링크 클릭 후 '톡톡시아 반할만하닭 이벤트 당첨자 정보 남기기' 탭을 눌러 7/21(일)까지 정보를 '반드시!' 작성해 주세요🫶
ysc._.23 | 2024-07-16 | 4번!
l.o.n_s | 2024-07-16 | 4번 깐풍기! 근데 수요일은 17일인데 15일(월)까진가 17일(수)까진가...
leesina0625 | 2024-07-15 | 4번. 깐풍기
hyeon_ssuk_ | 2024-07-15 | 깐풍기
_seonggyeongjang526 | 2024-07-14 | 5번❤️ 청양마요맛 먹을때 넘 행복해 보였음😍
hyojin_1221 | 2024-07-14 | 4번깐풍기!!
00hynam | 2024-07-14 | 4번 깐풍기 💚 @jy.4428 @wonsunran
cheee_____zeeee | 2024-07-14 | 4번 깐풍기
noir__chocolate | 2024-07-14 | 4번 깐풍기
sdrleader | 2024-07-13 | 4번 깐풍기 🍗🍗
mellow_mx_ | 2024-07-13 | 4번
0zoooo___oooz0 | 2024-07-13 | 4번 깐풍기
dydgks231 | 2024-07-13 | 4번 깐풍기
donguri_odumak | 2024-07-13 | 4번 깐풍기❤️
milky_way_0123 | 2024-07-13 | 4번 깐풍기
jinini0111 | 2024-07-13 | 4번 깐풍기 @likelike21212
love_joy9355 | 2024-07-12 | 4번
mukmuk179 | 2024-07-12 | 4번 깐풍기❤️
wall.e219 | 2024-07-12 | 정답 4번
miming_jeje | 2024-07-12 | 4번깐풍기
pja8273 | 2024-07-12 | 4번 깐풍기
11serendi | 2024-07-12 | 3번 간장!!
sunni_parkks2 | 2024-07-12 | 4번깐풍기
kitae___choi | 2024-07-12 | 4
corgi_daeng_gu | 2024-07-12 | 4번깐풍기입니당😍😍
su_jin04 | 2024-07-12 | 4번 깐풍기❤️❤️
minmin_minimy | 2024-07-12 | 4번 @gaminmam
minicho1123 | 2024-07-12 | 2번 ❤️❤️
gimhyojeong685 | 2024-07-12 | 4번 깐풍기
yusoyi9 | 2024-07-11 | 4번
jixtwpmd | 2024-07-11 | 4번 깐풍기요 너무 맛있겠다 보면 바로 사야지 🤤
k_cyun | 2024-07-11 | 4번 깐풍기👏👏
kim_kim4634 | 2024-07-11 | 좋다
no.one05.28 | 2024-07-11 | You 're sooo cute🫶🏻😘
twinkle95_._ | 2024-07-11 | 4번 깐풍기!
07130.9 | 2024-07-11 | 4번 깐풍기용💕💕
rinyumyum | 2024-07-11 | 2
yamyam_ggumi | 2024-07-11 | 4
woo_young_hoon | 2024-07-11 | 4
love__yoonha | 2024-07-11 | 4번 깐풍기❤️
sunok0304 | 2024-07-11 | 4번 @__.__eun
good_mins | 2024-07-11 | 깐풍기맛🔥 @means__hi
lieeemmu | 2024-07-11 | 4번깐풍기
amongdbbong | 2024-07-11 | 4번깐풍기
full_of_jjoy | 2024-07-11 | 4번깐풍기
wintertenday | 2024-07-11 | 4번
ellyxx0502 | 2024-07-11 | 4번 깐풍기
choococookiee | 2024-07-11 | 4번깐풍기
love_joy9355 | 2024-07-11 | 4번 깐풍기 ❤️
rookie127127 | 2024-07-11 | 4번
chooselov2 | 2024-07-11 | 4번
kimjaebong8344 | 2024-07-11 | 2번 청양마요~😍😍😍
hyunsuk.kwon | 2024-07-11 | 4.깐풍기 🔥🔥
chaehyeon_01 | 2024-07-11 | 4번~
kkokko_hn | 2024-07-11 | 4번 깐풍기!!!
bombomouo | 2024-07-11 | 4번 깐풍기
padmaadewy | 2024-07-11 | Ttp nonton meskipun kagak ngerti dia ngomong apa 😂
jayoun.yoo | 2024-07-10 | 4번 깐풍기👏
yuuuuul_5 | 2024-07-10 | 4 깐풍기 , 진짜 맛있더라구요!!!!😍 ❤️
yuhavebeen | 2024-07-10 | 4번 깐풍기❤️ @8.cherry
mell_lang_gu | 2024-07-10 | 청양마요오~
rupy3622 | 2024-07-10 | 4번.깐풍기입니다🙌😍
lshfilm | 2024-07-10 | ④깐풍기
dam_diep_ | 2024-07-10 | Yum yum
eunkyung0501 | 2024-07-10 | 4번 깐풍기!!😍😍 너무 귀엽게 맛있게먹는 톡톡시아 쵝오❤️
mulhanmogeum11 | 2024-07-10 | 4번 깐풍기⭐️⭐ @qogodusw @haeri_bae
jinny._.diet | 2024-07-10 | 4번 깐풍기 🔥🔥🔥
starrubyhuleba | 2024-07-10 | 4번 깐풍기!
ze_rose_0618 | 2024-07-10 | 4번이여
vv.onny | 2024-07-10 | 정답 4번!!!!!!!!!!!!!!!!
이마트24 편의점에서도 치킨이 파네요??? 톡톡시아님 덕에 알았습니다!! 이벤트도 참여하고, 톡톡시아님 영상도 보고 일석이조!!!! 참고로 전 청양마요 로 된 치킨을 먹어보고싶네용😍😍
bo687499 | 2024-07-10 | 4번 깐풍기 ㅎㅎ
minimi_8884 | 2024-07-10 | @bbkddu
bin.min.love | 2024-07-10 | 4번 깐풍기❤️ @jwswmy1004_shin @ybbongs @gy.nbin
dmswjd8312 | 2024-07-10 | 4번 깐풍기
sujeong6233 | 2024-07-10 | 4번 깐풍기
leocodio | 2024-07-10 | 4번 깐풍기 !!! 👏👏
love_loverymom | 2024-07-10 | 4번 깐풍기
ee8eeeeee | 2024-07-10 | 4번 깐풍기~~^^
o6.09_s2 | 2024-07-10 | 1번
sing_sang._song | 2024-07-10 | 4번 깐풍기
lmh820327 | 2024-07-10 | 4번 깐풍기
eri_ie13 | 2024-07-10 | 오 맛있겠다🔥
confusion1321 | 2024-07-10 | 4번 깐풍기
taesaja1211 | 2024-07-10 | 4번
cherrylip1210 | 2024-07-10 | 4번 깐풍기
rte73054120 | 2024-07-10 | 4번
jjeun219 | 2024-07-10 | 4번 깐풍기
noneenun | 2024-07-10 | 4번 깐풍기
kangp68s | 2024-07-10 | 4번 깐풍기 🙌🙌
131110_ | 2024-07-10 | 4️⃣번 깐풍기맛 @bboyami_taste
code_0208 | 2024-07-10 | 4번 깐풍기 ❤️
hh_5189 | 2024-07-10 | 4번 깐풍기요~!🔥🔥🔥 @khr0090"
2024-07-08,20.3만,얼음물 탕후루 아이스크림도 된다고??😱 55주,"#toctocsia, #톡톡시아, #얼음물탕후루, #탕후루, #먹방, #mukbang, #제로탕후루, #asmr, #먹스타그램","snowstar_0225 | 2025-01-28 | 아이디어 대박!
aarilynwong | 2024-12-27 | Give me some❤️❤️❤️👏👏
tselmuunerdenesaihan | 2024-12-01 | 감사합니다❤️‍🩹
nabilyanuar_s | 2024-11-27 | p
noemisantos02 | 2024-11-23 | Cadê a sensibilidade nos dentes 🦷
lovers_frlya | 2024-11-05 | 😢😍 juj.
lovers_frlya | 2024-11-05 | 😢😍 juj.
khuong_tu223 | 2024-10-19 | Nữa có ăn thì cột tóc lại 🍄🍁
noch_1e | 2024-10-08 | 아니 근데 애초에 얼음인데 굳이 또 얼음을 만들어서 먹어야되??
bolor8636 | 2024-10-02 | би идийл даа
haru0810613 | 2024-10-02 | 下向きすぎに見えるw
nami_in_action | 2024-09-29 | Girly looks like Asa 😭
mariavalentinablancotoledo | 2024-09-17 | Wow
leede9140 | 2024-09-12 | 나도해봤는데 짱 맜있음
noyonseo_13.04.15 | 2024-09-08 | asmr 해주세요
c_yaaap | 2024-09-07 | ngeliat es nya kek es yg dimakan si gun pas di series theory of love😭
xlugasasmr | 2024-09-05 | 🔥🔥
supimscarlett | 2024-09-03 | ARE YOU HYE-RIM IN THE ATYPICAL FAMILY?
13yenix | 2024-09-02 | 저거 콜라도 돼는데
mary_emanuel824 | 2024-08-20 | Bro WHAT! Did she swallowd the mic it’s so loud
slk_lana_15 | 2024-08-17 | Se eu for fazer o picolé derrete na água
dwarf.14 | 2024-08-12 | 哇嗚～～～看起來很好吃耶
yayah.nuryanti.33 | 2024-08-11 | ❤️❤️❤️❤️❤️❤️
peruanazotradicion | 2024-08-11 | 😂😂
ham233454 | 2024-08-11 | 😍👏
7542_candy | 2024-08-09 | ❤️
leesgifthouse | 2024-08-06 | 😋😋😋
me4zh_ibh | 2024-08-04 | それは何になったのかな？
loulwa506 | 2024-08-02 | كم عمرك؟؟؟
thwish_ | 2024-07-24 | @btdm_11 tưởng kem nó chảy ra chứ ???
south_korea567 | 2024-07-21 | ❤️
yourgf.taeyy | 2024-07-21 | My sensitive teeth crying in the corner
nasomin2024 | 2024-07-20 | 미니멜츠 먹을때 소리가 미쳤어요😍😍
ssaagrr_ | 2024-07-19 | @myonlypiaa
nrmla.af | 2024-07-19 | Itu dia apa gk ngerasa ngilu ya anjir gue liatnya aja ngilu
jesmaselp | 2024-07-18 | Setiap ini lewat gua cma salfok ama tangan dan kukunya dia, cantiiikkk banget masya allah❤️❤️❤️❤️
_.eveelyn8_ | 2024-07-18 | Porque censuran su boca al masticar?
james_85_783 | 2024-07-18 | سناني وجعتني
valsrr_10 | 2024-07-17 | Esta frío?
2011._.0228 | 2024-07-16 | @h_1xju 그만먹어
glxsyy.tubatuu | 2024-07-16 | SHE'S SO CUTE WHAT😭
rl_dbs_1_7_ | 2024-07-15 | 미니멜츠 초코맛 우유랑 해먹어도 맛있어욤
ebe_ngoc_anh_123 | 2024-07-13 | は
rorotitimumu | 2024-07-13 | 넌 형편없어
haeum3.3nism | 2024-07-13 | 저 물에다가 설탕 넣으면 탕후루 아닌가
aichakzadri | 2024-07-12 | The OK she so cute❤️
quwannnii_ | 2024-07-12 | @jiahao._.1004 我要吃
pvd.viviy_97 | 2024-07-11 | Ela mordendo isso...
ariunenerelt | 2024-07-11 | Why are u looking away and eating?
nvacrtr | 2024-07-11 | what was the blur for 😨
q.vaxin_02 | 2024-07-11 | มองไร
ibrokhimova_sevinch_ | 2024-07-11 | How old are u
cute_iris_felfel_ | 2024-07-10 | Why you always say hmm?? When it is crack in every video
hyunwook_gf_ | 2024-07-10 | Curiga dalemnya mulutnya udah di kasih es
wuegwvvwc | 2024-07-10 | ช้อนหรือตลับเมตรคะ
deliaa4359 | 2024-07-10 | Woww ❤️i likee❤️
madiajvsa | 2024-07-10 | 먹어봤는데 정말 맛있어요
faraa3800 | 2024-07-10 | Nyasar njit
oknofjeo | 2024-07-10 | 昔こーゆーのミルクティとかジュースでやるの好きでした( ¨̮ )
_.anni_4 | 2024-07-10 | Because he hides his teeth?
hoangxuanninh1989x | 2024-07-10 | Sao đĩ quá vậy
liuroyi1 | 2024-07-10 | Why was there such censorship?
villa.meerschweinchen | 2024-07-10 | ❤️❤️❤️
the_nehoss1905 | 2024-07-09 | Daha uzun kaşık bulamadın mı
layka_zull | 2024-07-09 | Ice with ice creamy🙃
itsarewhy20_ | 2024-07-09 | YOU NOT NILU YOUR HUNTU EONNI?
balkhy_khan | 2024-07-09 | You are so cute 😍😊
_natsu.kiss_ | 2024-07-08 | 언니 사랑해♡
iste_nehoss | 2024-07-08 | Bu her dondurmada oluyormu
rosi094578love | 2024-07-08 | Iy love yeu ❤️
yalldars | 2024-07-08 | This girl looks like rose for blackpink 😍
sop.4rcenio | 2024-07-08 | iced ice cream
______sorte______ | 2024-07-08 | Eu vendo isso no frio...
koi_tohhoon | 2024-07-08 | Wow yummyyyy
danielle.haerin_pose_daily | 2024-07-08 | Helloo🍥🎀
danielle.haerin_pose_daily | 2024-07-08 | Ke 159
nesselsa_ | 2024-07-08 | First"
2024-07-03,51.9만,얼음 탕후루 젤리도 된다고??😱 56주,"#toctocsia, #톡톡시아, #얼음탕후루, #탕후루, #asmr, #mukbang, #먹방","winxfa.e_.yuki_ | 2024-11-29 | For how many hours we have keep the candy
__sereneeeeeeee | 2024-10-01 | She looks like Asa babymonstar 😍❤️
chelsis_1235 | 2024-09-30 | 정말 아름다운 소녀였습니다. 그녀는 정말 아름다웠습니다. 그녀는 지금도 그렇고 앞으로도 그럴 것입니다.
omar_15520 | 2024-09-29 | Try it with ice cream and wrap it 😋 👌
chenmelii | 2024-09-29 | Es rico?
anton.io394 | 2024-09-29 | 😢😢😢 diente
queen._.yori | 2024-09-28 | She looks like Asa from Baby Monster.
nanaa.nikoo | 2024-09-28 | Hm?🤨
nakajimawaka2828 | 2024-09-28 | 驚いてるの可愛い♡
andreavalemtzb | 2024-09-28 | @fer_jalil
manahil_blahblah | 2024-09-28 | Im in love with her hairs😢😢
suvdaasuvd3 | 2024-09-21 | 😂
znpj_56 | 2024-09-19 | 얼음 마니마니!!!!
chaizkin | 2024-09-18 | new hwachae ingredient?? 😍
syif_snja | 2024-09-12 | @this_is_the_syifa_senja
sungie14092000_ | 2024-09-10 | Soy yo o Se parece a lilo
jana_dg2f | 2024-09-09 | 😍😍😍😍😍😍😢😢😢😢😢😮😮
matcha_lovely_ | 2024-09-08 | Kek ny enak tapi kek nya ga ad yg ngerti orang gua tersesat
thikanhteen_hacoi | 2024-09-01 | Bà này như người Việt
____pia__ | 2024-08-21 | @_heo_gh 이거 또해보까 ㅋㅋㅋ
iminseo4614 | 2024-08-20 | 센즈다
vipe__sarora_ | 2024-08-17 | اول عربية ولا ايش
ramy_u | 2024-08-16 | @leejina20 미국에서 온 그녀가 생각나네
llltt_t909 | 2024-08-14 | يا بنت اليهودي
_dairbekovnw | 2024-08-12 | В них ест кармины😢 ни ешьте
odeleya_pinchas | 2024-08-12 | @kuchi.kuchi7719
ham233454 | 2024-08-11 | حتما امتحانش میکنم 😚🤝
lovly_nurulll | 2024-08-10 | mukanya kayak @pita_herlianda
bethaniec428 | 2024-08-08 | 👍
hanguyen2111982thumthuyfduong | 2024-08-03 | What is chups in Vie😮
loulwa506 | 2024-08-02 | كم عمرك؟
a.nesliss | 2024-07-24 | @merveeben2
aruuke_yrysbekova | 2024-07-23 | 😍
south_korea567 | 2024-07-21 | ❤️👏
zaid2.016 | 2024-07-18 | She has to be at school,how old is she ? 🤨
xxs.ssm | 2024-07-16 | Mmm🤔mmm😳mmm 😋
egkid555 | 2024-07-15 | 제가 어릴때부터 봤어요ㅠ
__tuksitales__ | 2024-07-13 | her hair😍😍😍😍
tann_216 | 2024-07-12 | 그거 빨리 먹어야 해요
casey.grwm | 2024-07-12 | CRUNCH mm? CRUNCH mm? CRUNCH mm?
eli.anvari_ | 2024-07-11 | وای تو چقدر بزرگ شدی😮😍
lik4ll | 2024-07-10 | org korea asli tu buruak awokawok @hii.gurllllll
t.lljl | 2024-07-09 | Ur haiiirrrrrrr
sipaaiki | 2024-07-09 | You gigi no ngilu ngilu
_w.___.w_ | 2024-07-08 | @lyzuxin 冰給我吃
hoangxuanninh1989x | 2024-07-08 | Sao đĩ quá vậy nhìn như con thần kinh
jihan76224 | 2024-07-08 | 와, 갖고 싶은 것 같아요 🤤🤤
_.100dior | 2024-07-08 | I’m starving bro😢
__ro.a1_ | 2024-07-08 | ❤️
yiwen_05.17 | 2024-07-07 | 베이비몬스터ASA멤버같네요
rhino22862 | 2024-07-07 | 소금 안넣었나요?
usersyzwnii08 | 2024-07-07 | @pikahchuie
gemi4fottie | 2024-07-07 | Her little mhm 🥰
debolika_nayak | 2024-07-07 | @jiny.maeng you have to try this
9wo.n12 | 2024-07-07 | 넘 예뿌세염❤️❤️
3xotic.jxn | 2024-07-07 | 아주 맛있는
nzwaanggrni_ | 2024-07-07 | what kind of candy is that?😮😢
xx_ariel_adm | 2024-07-07 | Bomm
taso.elizbarashvili | 2024-07-07 | Bruh ur like um un mm
ikeuustar | 2024-07-07 | Woah, she looks like Chaeryoung!! So cute! ❤️
kamikkw | 2024-07-07 | Кто русский пробовал это? Оно вкусно?
rierie1021 | 2024-07-07 | 単純に髪が長くて不潔な感じする。
ummu_amwal | 2024-07-06 | Nontonin anak ini dari dulu pas masih kecil lagi mukbang eeh liat skrg udah gede😍😍
ysykhby80 | 2024-07-06 | 🔥
rise3418 | 2024-07-06 | Free Palestine 😢😢
an.nguyen_1311 | 2024-07-06 | Candy vietnam
reirei_ilove1020 | 2024-07-06 | 美味そう
食べたいなぁ
rayn_676tt | 2024-07-06 | I love youuu😍😍
ann_gelicak | 2024-07-06 | K
syhaacc | 2024-07-06 | @cookieriaa raisa deng de pu nutrisari nanas😢
_lanphuwgn15 | 2024-07-06 | @hannie_2707
itzameelii | 2024-07-06 | All the flavor is gone.
ilaydakutlu.7 | 2024-07-06 | @merveeben2 abla dener misin
ta.rlan464 | 2024-07-06 | How old are you??
malulima.18 | 2024-07-06 | pre debut winter?
_.andyyt | 2024-07-06 | 😮
helovess_tash19 | 2024-07-06 | Mm mm mm 😂🔥
yejinnaaaaa | 2024-07-06 | 물후루
sangmoon97 | 2024-07-06 | 넘넘 귀여움😂
yas_mmn3 | 2024-07-06 | Oh
leesuheon8644 | 2024-07-05 | 처음에 트름하는줄
baranrazi2 | 2024-07-05 | 😍
eliuza18 | 2024-07-05 | Linda ❤️
rasool_boskabadi | 2024-07-05 | ❤️❤️❤️❤️❤️
kerimkulovass.kk | 2024-07-05 | Это точно Наён в будущем
chocochip_flippy | 2024-07-05 | いろんなグミでやってほしい
_______varya__________ | 2024-07-05 | @marr.go33 это наён только взрослая
sucuklasmiskacakci | 2024-07-05 | Denicem
ceyiinnaa_ | 2024-07-05 | Hmm👏
lukiseq_ | 2024-07-05 | Why you’re sou aucustic😂
gkauzsune_uwuww | 2024-07-05 | Ok tatn hm hm 🤔
dedewwws | 2024-07-05 | Jadi pengen nyoba
ihvicit | 2024-07-05 | 나는 그것을 시도하고 싶다😭❤️
snnsyaf | 2024-07-05 | 와~ 한번 해볼게
ju_w08 | 2024-07-05 | 언니너무이뻐요
ngqule | 2024-07-05 | @_tm.vu_
seayoan129 | 2024-07-05 | 혹시 데카포만들어 주실수있나요??
sufiyan13130 | 2024-07-05 | 🔥
_4meliaaftr | 2024-07-05 | crack emhh crack emhh
oshinudayani | 2024-07-05 | Apa gk asem ya"
2024-06-30,7.4만,5분만에 연어국수 만들어 먹기!!😱 56주,"#toctocsia, #톡톡시아, #연어, #연어국수, #먹방, #mukbang, #asmr, #생연어","elena_130912 | 2025-06-09 | 맛도리
snowstar_0225 | 2025-01-28 | 연어 별로 안좋아하는대 왤케 맛있어 보이지..
gimyedam253 | 2025-01-12 | 그거1시간숙성해야해요
u_seojin1001 | 2024-11-22 | ㄹㅇ 맛있겠다ㅜㅜㅕ
ayaola449 | 2024-09-21 | ❤️❤️❤️👏👏👏❤️❤️
ashly19m | 2024-09-21 | Todo no es con hielo
y._.ears_ee | 2024-09-16 | 진짜 악플이 하나도 없는 사람은 이 사람 밖에 없다 ㅠㅠ 언제나 화이팅
fan_liverloop_0670_football | 2024-08-30 | I want to try
siw.xo_ | 2024-08-23 | 넘후 맛있어보여요!!
ho_yeon33 | 2024-08-23 | 누나 이뻐요🔥
yh_c.h.o.i | 2024-08-17 | 옛날에도 예뻤는대 더 예뻐졌네
ham233454 | 2024-08-11 | اوه
1077minju | 2024-08-09 | 😮😮😮
shin._1109 | 2024-08-08 | 세상 좋아졌네 이러고잇넼ㅋ
_511597_ | 2024-08-06 | She didn't cook salmon!?
s_.hyun222 | 2024-08-04 | 와 진짜 이쁘다..💞
kayla_k_y_12 | 2024-08-04 | .
oonlyyaprii_ | 2024-08-01 | 정말 맛있어 보여요😍
qw._.09_09 | 2024-07-28 | 好鹹
south_korea567 | 2024-07-21 | ❤️😍
m._y10__ | 2024-07-21 | 이거 이름 좀..
a_._cxan | 2024-07-20 | ㅈㄴ짜겠는데
kkinderjoy444_ | 2024-07-18 | cara makannya lucu deh😍😍
imzereshka1 | 2024-07-17 | 참 다정하게 말하네 ㅋㅋㅋ
miniogrils | 2024-07-16 | 제가님때문에연어국수를먹어보내요호호
miniogrils | 2024-07-16 | 저기
ywg0617 | 2024-07-16 | 저거 얼마임
jeongbom974 | 2024-07-15 | 연어 내가 제일 좋아하는데.. 맛있게 먹어주셔서 감사해요❤️
samsamiiieee | 2024-07-15 | 머리를 저렇게 하고 있으니까 되게 불편하게 먹네
eun_mi0528 | 2024-07-14 | @simoni_91
da_hee_14 | 2024-07-14 | 안째나요?
seultagram_ | 2024-07-12 | @ojoo.y 맛나겟다
filial_piety1209 | 2024-07-12 | 연어씻어야하는거아니에요?봉지뜯어바로? 전항상물에담궈키친타올로물기제거후먹었는데😂 😂
llikemandu | 2024-07-11 | 이거 어디서 파는 건가요?
meowowu | 2024-07-11 | @gi_ppeum_ 허어
donutping_so.cuttie | 2024-07-09 | 연어 킬러인데 ㅈㄴ 맛있겠다
jina9272 | 2024-07-09 | @bibi_yull
yael_miniso | 2024-07-09 | Siempre veo esto cuando tengo hambre
lamismiso443 | 2024-07-08 | How tall are you?
h._gyo | 2024-07-08 | 헐..맛있겠다ㅏㅜㅜ💗
xo.ounz | 2024-07-08 | @h_yomin_10
2023_02.14 | 2024-07-08 | 내가 알던 톡톡시아 맞음? 왤케 컸어?
kdh1_23 | 2024-07-07 | 짤것같은데..
se._aj72 | 2024-07-07 | 연어를 사려고 돈모으는건 2달
ji.1_2 | 2024-07-07 | 많이 컷네~♡
qkd_spwl | 2024-07-07 | 야아아앜ㅋㅋㅋ 세상 좋아졌넼ㅋㅋ
jinseong.0000 | 2024-07-07 | 짜겠다
kw_zxi | 2024-07-07 | 닥터후도🙌❤️❤️🙌🙌😍😍😍😍먹어쥬세요😂😮😮🔥😍
seohyeonmu92 | 2024-07-06 | 세상 좋아졌네 할때 지뻔뻔 따라하는거임?
xxno8zoxx | 2024-07-06 | どこにマイクつけてるんだろ?
lois._1101 | 2024-07-06 | 🤍
_ys.xx10 | 2024-07-06 | 나 해산물 안먹지만 ㅈㄴ 먹어보고싶다
seongjeonghyeon602 | 2024-07-06 | 연어비빔국수
luvvleeya0 | 2024-07-06 | @intannajuwa
lolo._.otla | 2024-07-05 | 彼女は何歳？
y.sujin13 | 2024-07-05 | 연어 러버로서 말하겠습니다 개 존맛 이겠ㄷ ㅏ
startisfall | 2024-07-05 | 쿠팡을 추천합니다!
동부수산 회로먹는 연어국수
https://link.coupang.com/a/bIo8TY 제품이에요~ 유튜브 들어가면 상품 소개 있네요~
js0.221 | 2024-07-05 | 저옷 나랑 똑같다!! 그리고 저분 아직 고등학생 이실걸요? 아님 중
__w0jin | 2024-07-04 | 이쁘다
his._.0423 | 2024-07-04 | 음 음음음음음음
alsdkdlstmxk8834 | 2024-07-04 | 혹시어린이세요 유트브랑 틱톡이랑 인스타 팔로우눌렀어요 너무예쁘세요 목소리도좋고요
gimyounghun8815 | 2024-07-04 | 맛있겠다.
hyo_miniverse | 2024-07-04 | 구매처 시급하다 시급해!!!
chang_minj | 2024-07-03 | 안짜여...? 너무 짤거같은뎅..ㅠ
n.h.r.141103 | 2024-07-03 | 맛있겠다ㅏ
spacereservoir | 2024-07-03 | @goebchang 와 시아 많이 컸네
shinyerin09140 | 2024-07-03 | 연어국수어디서팔지
0_5_ju | 2024-07-03 | @kyu_hyun_12e4 와 이런 건 어디서 파는 거야
xovlyha | 2024-07-03 | 어디서 파는건지 왜쳐안알려주는거임 물러보는사람도 없고 알아서ㅜ찾으라고? 세상좋아졌다마 알려줘야지
paty2016monte | 2024-07-02 | Hum, parece gostoso 😍
j1.hoax | 2024-07-02 | 몇살 쳐 먹었다고 세상달라졌다 이지랄 ㅋㅋㅌ
chanuiiii | 2024-07-01 | 연어장 인디
onyu_1209 | 2024-07-01 | @minzinx_ 한입만
smoma870 | 2024-07-01 | 애기가 세상좋아졌네하는거 왤케 귀엽ㅋㅋ
the_lapis_lazuli__ | 2024-07-01 | Isn't it too salty?
lxxyezi | 2024-07-01 | @ye__167 @yelllley__ 이거 파네 연어국쮸
l.ina_o515 | 2024-07-01 | 연어 덕후ㅠㅜ😢😍😍😍😍
life.with.stella17 | 2024-07-01 | 어디서팔아요?
hxuay.1 | 2024-07-01 | 머야 물 좀 넣는거 아닌가(대댓글 금지)
jessicaaaahhhhhhhh | 2024-07-01 | Try with eggs next time🙏
sinjua10 | 2024-07-01 | 먹어보고 싶다❤️❤️
chipmunksrosie | 2024-07-01 | cô ấy là ng hoàn hảo nhất?
kimihikokana | 2024-07-01 | KARAkunai？？？？syouyu
khogn | 2024-07-01 | やあ、この料理おいしいよ🤤
darling.y.o.u | 2024-07-01 | 안짜용?
hip_jieun | 2024-06-30 | @lee_jy0722 연어국수……
flo_.waq | 2024-06-30 | Omg salmon
sa_na__66k | 2024-06-30 | ❤️❤️❤️❤️❤️❤️
chenlinxuan85 | 2024-06-30 | 最喜欢的一个韩国主播👌🏻
r.nlxqv__ | 2024-06-30 | サーモン嫌いなのに美味しそう
8noh.8 | 2024-06-30 | 그리고 너 1빠 아냐
8noh.8 | 2024-06-30 | 빠놀이 좀 그만해라 나도 여잼인데 그정도는 아니다
minjune0930 | 2024-06-30 | 아니 뭔가 연어는 내가 먹을땐 맛없는데 먹방보면 맛있어보임
feifei.hii | 2024-06-30 | 🤤✨🍣
neekozila | 2024-06-30 | looks so gewd 😻
tieumumm | 2024-06-30 | 🤤🤤
_bxz1un | 2024-06-30 | 2빠 🩷
ziimmn_14 | 2024-06-30 | 맜있겠다
ziimmn_14 | 2024-06-30 | 1빠!!!"
2024-06-28,3.2만,(광고) 달콤왕가탕후루에서 드디어 탕빙수가 나왔다!😭 56주,"#달콤왕가탕후루, #달왕탕, #탕후루, #왕가탕후루, #왕가탕후루신림역점, #탕빙수, #빙수, #나나요거, #핑키요거, #블링요거","gimjuhyi1930 | 2024-09-16 | 머
gimmugyeong66 | 2024-09-14 | 탕후루빙수나왔데요먹어주세요
co__115 | 2024-09-02 | @dkokee__713 사주세요
ljw_1110 | 2024-08-29 | 얼마에용?
vida2064 | 2024-08-26 | ❤️
trannhuhuynh11 | 2024-08-21 | 😀❤❤
glitter_food1 | 2024-08-12 | 탕빙수하니 최고!!!😍
leesgifthouse | 2024-08-06 | ❤️❤️❤️
golden_sang_ | 2024-07-25 | 탕빙수 👏👏
south_korea567 | 2024-07-21 | ❤️😍
j.ly_3 | 2024-07-20 | 얼마예요 .?.??.
eunll_ll1 | 2024-07-17 | 맛있겠다..
minbly_s2 | 2024-07-15 | @b.with.uu
kuki04222 | 2024-07-09 | 와 소리 👏
dap_niii | 2024-07-09 | @happiness__collector 먹어야겟담
kazuha4_ | 2024-07-09 | 야, 진짜 맛있어 죽을래 맛있어😢❤️
kr._rlo | 2024-07-08 | @seongpil_h
monika_enggeliana_123 | 2024-07-08 | 그게 먼저 요리할 고기예요, 친구
y_940727 | 2024-07-08 | @keunzzang_30 먹고싶다ㅠㅠ
hyo_ooh | 2024-07-07 | @sang__._.5678
sal0413 | 2024-07-07 | 얼마에여?
moslemputeri | 2024-07-05 | Yumms
howawa_w | 2024-07-04 | @een2y 떠이나 이거닥
thehxk | 2024-07-04 | 우와 혈당 스파이크•••
heesuco | 2024-07-03 | @hyun__water @sarah_h0129
ds.bk__jm | 2024-07-03 | @audaud0321 @hongbrothers__world 이거다
ceciri_12 | 2024-07-03 | @gimsoi811 왘 먹고싶다
xneu.0 | 2024-07-03 | 개달겟다
oo__oz__ | 2024-07-02 | @uro_or_ 애기왤케많이컸대
9z1fk_ | 2024-07-01 | 하다하다 이제 빙수까지 나오넼
lia__rv7 | 2024-07-01 | 💗💗💗💗
lia__rv7 | 2024-07-01 | 🔥🔥🔥
vousallezme | 2024-06-30 | @chae_chae_128
j_beom_1514 | 2024-06-30 | 얼마지?
manamikakudo | 2024-06-30 | 8500원임ㅋㅋㅋ
y_zziri | 2024-06-30 | @_hy2_min
jungsy42 | 2024-06-29 | 탕후루집으로 출발!!
snn._.ee | 2024-06-29 | 일반 불닭에 콘치즈,마요네즈,치즈 섞은거 넣어서 먹어쥬세욤🔥
kakiku.12 | 2024-06-29 | 맛있는 아이스 크림😮
seng_infp | 2024-06-29 | 저도 먹고싶어요 근데 우리동네에 며칠전에 왕가탕후루가 없어졌어요ㅠㅠ
jordannn4l | 2024-06-29 | looks delicious😮
mkr_0609u._.u | 2024-06-28 | この人の食べ方ほんとに好き
elmas_906 | 2024-06-28 | Я тебя очень люблю, я рада, что ты у меня есть.
r.vely | 2024-06-28 | @jj.vvely 나랑 이거 꼭 먹쟈ㅠㅠㅠ뿌엥😍
tingting._.0111123 | 2024-06-28 | 보니 배가 고프네요😂😂😂
aa_chan0223 | 2024-06-28 | 美味しそう😍
風邪ひかないでね💦
ijueo_n22 | 2024-06-28 | 와
sakura_0927_0830 | 2024-06-28 | 美味しそう
ldliya | 2024-06-28 | Please translate in English for international fans❤
lv3rsaturn_3737 | 2024-06-28 | ❤️❤️🔥🔥🔥🔥"
2024-06-26,2.1만,(광고) 탕후루 더 맛있게 먹는 방법!!😭 수정됨 · 57주,"#톡톡시아, #일상카페, #탕후루, #왕가탕후루, #먹방, #기프티콘, #선물, #추천, #toctocsia, #mukbang, #asmr, #이모지먹방, #emojimukbang, #리뷰","tomi010915 | 2024-08-10 | ❤️
aliy.b.i.57 | 2024-07-25 | ❤️❤️❤️👏👏👏😍😍😍
south_korea567 | 2024-07-21 | ❤️
flowery_leanne_ | 2024-07-17 | Is she 20 years old??
dr.tangerina | 2024-07-17 | How old are you now?
heyy.vyara | 2024-07-14 | Try 🥒+sugar
t_ak03ah | 2024-07-06 | انا مش كوريه وانصدمت انه في اولف يونق
jaibacn | 2024-07-05 | 당뇨 걸리겠군 👏
dior.dede.__ | 2024-07-01 | ㅛㅕㅡㅡㅛ
chahd_souli | 2024-06-28 | Yes
min._exe0 | 2024-06-28 | ❤️❤️
jourijoullanar | 2024-06-27 | I love it❤️❤️❤️❤️
cubo.debinomio | 2024-06-27 | No entendí ninguna wea
gabilb24 | 2024-06-26 | Make video with enoki mushroom
ntxev | 2024-06-26 | ❤️❤️
_kanu6ek0vich_l7 | 2024-06-26 | 可可個月
fn_nvdhn | 2024-06-26 | 당장 할인받아서 먹으러 갑니다🍡
tia_brylopp_ | 2024-06-26 | @toctocsia
parkej0315 | 2024-06-26 | 소리 대박❤️❤️❤️ 탕후루 좋아하는데 한번 설치해볼게요!
hessebom | 2024-06-26 | 소리너무 듣기 좋아용 ㅋ😍😍😍
muslima_0774 | 2024-06-26 | ❤️❤️
_do.x13 | 2024-06-26 | 7분전❤️❤️
_farii_zaaa_ | 2024-06-26 | 👏
toctocsia | 2024-06-26 | 📌 국내 모바일쿠폰 브랜드 제휴 1위 ""즐거운""이 만든 공식앱 [일상카페]
- GS25, 이디야, 투썸, 굽네치킨 등 3천개 쿠폰 최저가 할인
- 할인받고 카카오톡으로 선물 가능
- 중고X, 기간연장/취소/환불 앱에서 가능

📌 파리바게뜨, 뚜레쥬르, 굽네치킨 18~21% 선착순 할인중

📌 일상카페 설치
- 구글플레이, 애플 앱스토어에서 ""일상카페"" 검색후 설치 가능"
2024-06-25,23.2만,누르면 바로 음료수로 만들어지는 신기한 뚜껑😱 57주,"#톡톡시아, #toctocsia, #팝캡, #mukbang, #먹방, #asmr, #popcap, #이모지먹방, #emojimukbang","snowstar_0225 | 2025-01-28 | 예전에 엄청 유행했던거다
ssuperso23 | 2024-12-20 | 진짜 너무 찐팬이에요♡♡
kokiza00 | 2024-12-03 | You look like Baretta from Baby Monster 😮
se0.z1n_0718 | 2024-12-01 | 포도맛은요
7l0xa7 | 2024-11-05 | what is the name of this flavoured water 😭or were can i get it
halima031314 | 2024-11-03 | 😂😂😂
sesbada1997f | 2024-11-02 | Mau ih
solomiya_1614 | 2024-11-01 | 😍😍
ms._.program_ | 2024-10-27 | Yo phone lining
enkhriilengantulga | 2024-10-12 | You are NOT KID
urlove_salsa07 | 2024-10-03 | PENGENNN 😭
m.3yzg_ | 2024-10-03 | 팝캡박스는 5개인데 과일 이모지랑 먹은건 4개네용요 포도는 실종인가요.?
e0._nx | 2024-10-02 | @tammy0818kim 자갸 나도 이거^^헤헤헤헤헤ㅔㅎㅎ
selciya.a12 | 2024-09-29 | 몇 살이에요 ??
_kj.w13 | 2024-09-27 | 얼마에요?
ddd__yjj | 2024-09-21 | @kisang_93
mohammadahmadii1387002024 | 2024-09-21 | ❤️
kimihikokana | 2024-09-18 | kawaii""(∩>ω<∩)""
jeeeng09 | 2024-09-14 | 중간 포도맛 어디감?ㅋㅋ
chenhuahua__stay0527 | 2024-09-13 | ❤️💛💚🧡
fernandeznury35 | 2024-09-12 | Q es eso?
x.oilv2 | 2024-09-06 | ✨امومو✨
gwen.eve_lyn | 2024-09-05 | There is no purple.
abdulelah.alsaleh | 2024-08-31 | Where i can find same?
ana_castro_slp | 2024-08-30 | Were can I buy??
anu_gdy0929 | 2024-08-23 | 😹😹🤣🤣🤣😂😂🤣😂
g2.r1n | 2024-08-22 | 와 근데 얼굴이 징짜 성숙하게 변햇다..😍
ngzie0911 | 2024-08-22 | Where to buy?
nazila._.hn | 2024-08-20 | 그 정수기는 어디서 샀어요?
radmehr8872 | 2024-08-16 | X aksen
yexo_0625 | 2024-08-15 | 인스타에서는 처음봤는데 프로필 너무 귀여워요😍
reii.only | 2024-08-15 | “ow”❤️🔥
_lili.az_ | 2024-08-13 | 이 제품 이름이 뭔가요?
asmer_food_22 | 2024-08-12 | به پیجم سر بزنی 😢
asmer_food_22 | 2024-08-12 | Good
eki.thousand | 2024-08-12 | Oh oh oh☺️
seasi1213 | 2024-08-11 | 맛있겠누...
20329_road.11dam | 2024-08-10 | 혹시 탄산수 제조기 이름이 뭔지 알수잇나요?
you._.0707 | 2024-08-10 | 想喝
1077minju | 2024-08-09 | 너호시면탕녁이야😂😂
llwxr1_ | 2024-08-08 | حسابها يفتح النفس i really like this type of videos 🎀
phantomgothgirl | 2024-08-02 | Where can I get this
liu._.08.10 | 2024-08-02 | 價格多少
m_uaniii1 | 2024-08-01 | Try to be cute 🔥
natalie_181016 | 2024-07-31 | 😍
vi_ta8172 | 2024-07-31 | 오플라스 얼굴도 자랑스러워 딴 나라들한테 인종차별 하라고 할 수 밖에 없지 😒
jaemin_20240720 | 2024-07-31 | 몇살이세요?
ken_g.816 | 2024-07-30 | 맛있어?😂😂
yas.eloah | 2024-07-30 | 😍😍😍😍😍
kano_bady | 2024-07-30 | Us American want those really really bad
justine__cosplay | 2024-07-29 | Where can we find this ?
rovanmarka | 2024-07-27 | 99+
rxng_muezng | 2024-07-26 | Please reply to comments. Where can I buy it?
jayandrade420 | 2024-07-25 | Where do we order these
eme_ru0525 | 2024-07-24 | どこで買える？
liililies | 2024-07-24 | 😍
_nada_1364 | 2024-07-24 | تشبه قارورت خل 😂
prettysoohyunjung | 2024-07-23 | 머리색이 찰떡임 개이뿜
tmar1_en | 2024-07-22 | Юпи
3lixs4_ | 2024-07-22 | 이걸 어디서 샀어? 구걸하는 것 같아서 가.이거 어디서 샀어? 너무 좋아 보인다고 구걸하고 있습니다.! 🔥
south_korea567 | 2024-07-21 | ❤️
reak1120012 | 2024-07-20 | 你在哪裡購買這个
doriii.zare | 2024-07-20 | @koreanfood.shop
میشه برامون از اینا بیاری؟🙏🙏🙏
2011._.0228 | 2024-07-20 | @h_1xju
baggayeon291 | 2024-07-20 | 🍇
cy323210 | 2024-07-19 | 我想買哪裡可以買到，叫啥
jensmueller2212 | 2024-07-19 | Wo kann man das kaufen oder bestellen?
lihearttrin | 2024-07-18 | I thought that red stuff was blood from her hand
norouzif623 | 2024-07-17 | 😍😍😍
serafina.listen | 2024-07-17 | I need that!!
mnisouad._ | 2024-07-16 | 맛있는 🔥
az_brother | 2024-07-16 | 그냥 음료수 사먹음 편한거 아닌가?
특별히 더 맛있는거 아님…
요즘 제로음료도 맛이 다양해서 ㅎ
readip._.nahye | 2024-07-15 | 1박스당 팝캡이 몇개가 들어있나요?
iyoneo | 2024-07-14 | 어떤게 젤 맛있나요?
temps_de_creativite_ | 2024-07-13 | Quero casar com você 😍
nuelly.diary | 2024-07-13 | @gabrielly88rocha
rahbarshaikh345 | 2024-07-12 | Is that a sprit or water
byeol_2787_kim | 2024-07-12 | 색깔들 섞어주세요
xyz_piw12 | 2024-07-10 | কিৰ
doike_ge | 2024-07-10 | 뭐야 석류도 탄산넣어줘요~~~~
ur_pookiem | 2024-07-09 | Heyyy I wanna try someee🤤
seito.79 | 2024-07-09 | どこで買ったの
musang_atas | 2024-07-09 | Hdjeodhxjidvdoshsbdhvudhdidgdkhv9gevjdhdvdivbdkdvsjdhdirhdjkhvfnkfhfd
yililuna21 | 2024-07-09 | 👏👏😍😍😍😍❤️❤️❤️
omerkaandn | 2024-07-09 | OOHĞHH😮
n.yau6 | 2024-07-08 | 혹시 어떤 맛이 가장 맛있었나요????😍
carajaiulita_ | 2024-07-08 | Why did the white stuff come out like that for the grape one🤨🤨🤨
s3_jm07._.crazy | 2024-07-08 | 전부 먹어봤는데 저 4개 맛중 1위 망고 2위 석류 3위 샤인머스켓 4위 오렌지입니다. 석류를 가장 많이 먹었는데 처음에는 맛 없을거같았지만 진짜 엄청 맛있습니다. 하지만 망고는 너무 앞도적이라;; 망고,석류 둘다 굉장히 잘 어울리고 맛있으니 꼭 드셔보시길 추천드립니다. 제 개인적인 의견이기에 차이가 있을수있습니다. 반박시 님들 말 다 맞아요. :)
eunsun_panda | 2024-07-07 | @bbinrh25 이거 먹어보고싶따
hanagappa.korokoro87 | 2024-07-07 | どこに売ってるんだろう？
257_rama | 2024-07-07 | ❤😢
chunyue_1218 | 2024-07-06 | @sc1020425 又來了家人們誰懂🤣🤣🤣
misuzu.b | 2024-07-06 | 이거 소주에도 넣을 수 있나요?
sanggeun5524 | 2024-07-06 | @yena_nayeyo
leejiwon_1106 | 2024-07-06 | 진짜 어릴때부터 많이 봤어요!
kpmolova | 2024-07-05 | ❤️
felixhyu_ | 2024-07-05 | 她吃起來好好吃
chisa.kagawa | 2024-07-05 | 美味しそ
k_u_r_110110 | 2024-07-04 | 맛있겠다...
kuro_1031n | 2024-07-04 | ラムネみたいな仕組み！😆"
2024-06-24,1.9만,(광고) 와..이 젤리 뭐죠?? 너무 이뿌잖아ㅠ 츄파춥스 오션믹스 젤리! 57주,"#츄파춥스, #젤리먹방, #젤리, #오션믹스젤리, #츄파춥스젤리, #먹방, #mukbang","ksg_3710 | 2024-12-01 | 이거 보니까 대왕젤리팝 생각난다ㅋㅋ
ycys1128 | 2024-11-22 | 변성기 왔네😢
eunsol.nr | 2024-11-02 | 맛있겠다
yeb0m_ | 2024-10-30 | 저거 존맛인데
kjy0.m31 | 2024-10-15 | 어디서사셨을까요
yewon678 | 2024-10-06 | 이거 얼마정도 하나요?
kj_s13 | 2024-10-05 | 어디서 팡ㄹ아요???
eomhyeonseong17 | 2024-09-14 | 나 이거 믝었는데 진짜 맜있고 슈퍼에서 1000원
__31.0h | 2024-09-10 | @j.0_k
chzx.un__ | 2024-08-12 | 처음에보고 비타민젤리인줄,,,씹으면 안에 액 나오는 그 역겨운젤리
leesgifthouse | 2024-08-06 | 😍😍😍😍
loulwa506 | 2024-08-02 | 몇 살이에요
south_korea567 | 2024-07-21 | ❤️
smkim0722 | 2024-07-20 | 시아 님처럼 예뻐요
gimdonghun440 | 2024-07-16 | 이거 거의옛날고래밥젤린디?
_dejelxm237 | 2024-07-10 | เข้าไทยเถอะะ😭😭😭
ccuuwf | 2024-07-04 | 아펜리베 젤리랑 비슷해요
kyratang_sweetbaby | 2024-07-02 | Cute 💖ྀིྀིྀིྀིྀི
ix_rose33 | 2024-06-28 | 나는 구를 좋아한다저도 좋아해요 ㅎㅎ 이거 맛있죠?
beomf.jsh | 2024-06-26 | 언니가 광고하면 최악인점... 그거 사먹고 다음날 1키로 쪄있음;;;
0706_bohyun | 2024-06-25 | 편의점에 파나요?
sy_choe | 2024-06-24 | 요아이 동결건조해도 엄청 맛나겠네요😍
bobbly_77 | 2024-06-24 | 이거 얼마에요
anhthuutran23 | 2024-06-24 | Tôi đã ăn rồi
denoa14 | 2024-06-24 | ❤️
sxuie_010 | 2024-06-24 | 2분전"
2024-06-23,24.5만,진짜 잘 뜯어지는 한국에서 파는 천겹 토스트!!😱 57주,"#toctocsia, #톡톡시아, #먹방, #mukbang, #asmr, #천겹토스트, #먹스타그램, #트레이더스","mmvelc | 2024-12-10 | Oh my gosh the girl appeared in the beginning of the video is my favourite blogger!
ellibellz8 | 2024-11-22 | strawberry and cream 👏!
ll9aiix | 2024-11-11 | صوت مضغها 😷😷😷
maryamainunghiffari | 2024-11-10 | 마이크는 어디 있지?
emolia2013 | 2024-11-05 | you are very pretty
nickk_.om | 2024-11-02 | Uau, pão
aisya_gojo | 2024-10-22 | 전자레인지에 먼저 돌려야 맛있어요☺️☺️
fatos.ertan.gercek | 2024-10-22 | 에스
aryanaborces | 2024-09-08 | I really don't like him, that's my opinion, don't mind me
lossenoa | 2024-09-06 | ابيي وين احصلههاا بناتت
suyeon5206 | 2024-09-05 | ❤️🙌😂
im_ayunigrum0713 | 2024-09-01 | 그거 무슨 빵이에요?
frisilianefty | 2024-08-31 | 전자레인지에 먼저 돌려야 더 맛있어요
nisa.rahayu.pratiwii | 2024-08-31 | Dobdkdoebd🙌😍
dursbk1 | 2024-08-24 | Пик ми😍😱
ryoba_aishi_711 | 2024-08-24 | تراه توست مفعوص وش الجديد مثلا؟؟
lvien_rse_ | 2024-08-23 | Astagfirullah bari aja tadi pas sholat ashar tiba² keinget roti ini mana ngiler banget ngebayangin nya eh malah lewat ya Allah😭😭🙏🏻
ang_ang2p | 2024-08-22 | 빵은 먼저 오븐에 넣은 다음 얇게 구워야 합니다.
zahnurhafi | 2024-08-20 | 😍
you._.0707 | 2024-08-17 | 來還
thaiszoeyoel | 2024-08-14 | ❤️anche esiste e
meli.____meli | 2024-08-11 | 🤤🤗❤️
puriindah99 | 2024-08-10 | 오븐에 먼저 구운 다음 먹습니다🙌👏
narangaraw0416 | 2024-08-09 | 몇 살입니까??
h.henry_hmrp | 2024-08-09 | I know you are pretty and look gorgeous but JUST BE EAT NORMALLY NOT ACTING CUTE
lamborghiniurusbenz | 2024-08-06 | 😮
loulwa506 | 2024-08-02 | 몇 살이에요
_xiaoyue1998 | 2024-08-02 | 😂😂
_xiaoyue1998 | 2024-08-02 | 😂😂
_xiaoyue1998 | 2024-08-02 | 😂
_xiaoyue1998 | 2024-08-02 | 😂
_xiaoyue1998 | 2024-08-02 | 😂😂
_xiaoyue1998 | 2024-08-02 | 😂
odell_amsalem3 | 2024-08-01 | 너무 맛있어 보여요 😋
hynm5912 | 2024-07-28 | 에~??? 언제 이렇게 성장한거예요~ 와.. 애기때 보고 오랜만에 봐서 그런가 너무 놀람;; 예뻬요~^^
shaam_1200 | 2024-07-27 | من وين اطلبه😢😢
lubiboo | 2024-07-24 | Que desagradable esos sonidos por favor!
_o_c__1 | 2024-07-23 | No that sounds definitely not bread!
Only me feeling this way?!
marmeladka357_ | 2024-07-22 | Мягкий хлеб, а хрустит как сухарик)
south_korea567 | 2024-07-21 | ❤️
s2gkader | 2024-07-19 | 非常好
yuhanting_ | 2024-07-18 | I like
dheilazidny | 2024-07-14 | Yang setelah susu apaan ya?
a_h__2__9 | 2024-07-12 | شنو حاطه المايك بحلكها ياخوفي تكون بلعته
gemdawang2 | 2024-07-08 | 这不抖音上的博主吗
l_vacio29 | 2024-07-08 | جميله ماشاء الله 😭😭🤌🏻🩷
vxx.ai_0un | 2024-07-07 | 公鸡
mmiryq4 | 2024-07-07 | Pão amassado
justme0kok | 2024-07-05 | ""oi mai GAA"" 🗣️🤣
secc_liaa_u | 2024-07-04 | @nadyaqv_ ikii pooo pengenn akkkkk lo
aishakozybayeva | 2024-07-04 | У меня у одной появляется это ночью когда я хочу кушать 😂
jeen_i_i | 2024-07-03 | My girl growing up so fast 🥹🤟🏻
itii_iti_imup | 2024-07-03 | It looks like it's good so I want it
naracan_21 | 2024-07-03 | ❤️
f3b3th3l1ght | 2024-07-03 | It look like pandoro
miioou3 | 2024-07-03 | Eu quero vey
gogojane123 | 2024-07-02 | 천겹 토스트가 아니라 18겹 토스트인데요
angelina_0v | 2024-07-01 | Omg 😮
angelclara_202211 | 2024-07-01 | 😂😂
dumanci_sayin_bayan_99 | 2024-06-30 | Are these bread or something sweet that resembles bread?
nurs32419 | 2024-06-30 | Вы не знаете вкус хлеба?
aurlieamndashalbila | 2024-06-28 | 언니 전자레인지에 먼저 돌려야 해
sude_cads | 2024-06-28 | Does anyone know the youtube of the girl he watched?
koray2k2 | 2024-06-28 | ❤️
yaminaaaa_33 | 2024-06-28 | I followed in your tiktok
mayyomiii | 2024-06-27 | 믹스커피에 찍어먹으면 진짜 맛있겠다 ㅠㅠ
mybe3200 | 2024-06-27 | Bánh này ngon cực
l2ove13 | 2024-06-26 | What is your hair routine? 😍❤️
naura_lestari1 | 2024-06-26 | 哇哈色胚剔牙嗯啊看
aida.jokari | 2024-06-26 | 당신은 매우 예쁘다❤️
yseo009 | 2024-06-25 | 엄청 이쁘다
kochanskawiki08 | 2024-06-25 | Wie ktoś ile ma lat
_martina.133 | 2024-06-24 | how delicious that looks ❤️😍
_elaraaaaaaaa | 2024-06-23 | 😍😍
s_eunji0207 | 2024-06-23 | @daaaaaaaaaaaaaaaaaak 먹자...
_kmkll_ | 2024-06-23 | 🇰🇬🤗
mustafa_abu_sharar77 | 2024-06-23 | あなたはパラスチンを支持しますか
71m_limlim | 2024-06-23 | is that bread? why is the bread layered like that? looks very delicious."
2024-06-19,12.4만,여러분들의 하겐다즈 최애맛은?What's your favorite Haagendazs flavor? 58주,"#toctocsia, #톡톡시아, #하겐다즈, #haagendazs, #asmr, #먹방, #mukbang, #이모지먹방, #emojimukbang","jiwoo151221 | 2025-03-23 | 😂
tumic_hiya | 2024-12-15 | 🇹🇷🇹🇷
tumic_hiya | 2024-12-15 | Türkiye yemeğide ye lütfenn
tumic_hiya | 2024-12-15 | 😍😍
tumic_hiya | 2024-12-15 | Çok tatlısınnn
kimseoyun0507 | 2024-12-02 | 저 녹차 싫어하는데 하겐다즈 녹차 먹고 입덕(?)함
12_suaaa | 2024-11-09 | 하겐다즈 커피 진짜 맛있는데...........
mishka_cornelia | 2024-10-02 | Orang korea kalo makan emng berisik yah??❤️
bomhee_0259 | 2024-09-25 | 언니 이뻐요. ❤️ ◝(*'◡'*)◜
147x_yr | 2024-09-19 | 녹차 내꺼임ㅋㅋ
naichiyanolu | 2024-09-16 | なんかみんなのコメント見て、世界って広いなぁって思った
frowniclowni | 2024-09-07 | Was the second one matcha?
vn_minhchaau | 2024-09-04 | It so cuteeee
lky58_58 | 2024-08-31 | 🐹
ghina_kosara | 2024-08-31 | 내가 제일 좋아하는 건 딸기야. 🍓
amber1231102 | 2024-08-25 | 好可愛
ns_moon14 | 2024-08-23 | تقهرررررر🔥
aibiykeshkow | 2024-08-21 | Она странна
ter1amsze | 2024-08-18 | macha🍵→
alarakodaverdi | 2024-08-16 | Can you stop like eating grill loud? I will appreciate that.
n_ttcogn29 | 2024-08-15 | @chou.iu chị ăn thử kem này đi ạ
hy87oh2011 | 2024-08-13 | The sound is fake
parkjuyeon142 | 2024-08-13 | 딸기
susuli.li | 2024-08-12 | Ahyeon asa mix
_tong.5367 | 2024-08-12 | ลองทายคะแนนตามรถชาติตามพี่สรุปทายถูกหมด
prapawarin_429 | 2024-08-12 | เคี้ยวไอติม
francesca_valenzano_ | 2024-08-11 | Asmr😍😍😍😍😍
andrew_bacani | 2024-08-11 | Ur so beautiful
shode_687 | 2024-08-10 | شكلها حاطه المايك في حنجرتها👁👄👁
yy_dr9.77 | 2024-08-10 | 中文評論ㄟ
tina_lia778 | 2024-08-10 | 但係都係俾左個like
tina_lia778 | 2024-08-10 | 完全睇不明
aqilazzalean | 2024-08-08 | Apakah mic nya ada di gigi nya
_m1n.sx0 | 2024-08-08 | 초코 ...
chachascandyy | 2024-08-06 | i love the matcha & the cookies and creamm🤤
cha_min_woo.10 | 2024-08-05 | 녹초가 찐인데 ㅋㅋ
clarawxng | 2024-07-31 | ASMRRR
latifa_g.111 | 2024-07-30 | 😢😢😢😢
joshchan721 | 2024-07-29 | 역시 딸기!!!!!!!팀 딸기!!!!!!!🍓
d3lulugirl | 2024-07-28 | why u eat like that
arianna_._123 | 2024-07-25 | Crunchy icecream?!
jaibacn | 2024-07-22 | 다ㅇ연히 쿠앤크지
south_korea567 | 2024-07-21 | ❤️
yu.i11218 | 2024-07-17 | マッカダミアが可愛すぎる😍
eun_mi0528 | 2024-07-14 | @simoni_91
rksyyt | 2024-07-10 | Makannya ngecap😢
ssaayyaa09 | 2024-07-10 | Baby monster asa’s sister ?😂❤️‍🔥
r_r_r_oii | 2024-07-08 | احلا نكه الفراوله💗
_n5lin.02 | 2024-07-07 | Strawberry and chocolate is my favorite 😍
who_.hannah | 2024-07-06 | قاشقم بخور
ru_5413_ja | 2024-07-06 | 우리 급식에서 하갠다즈 나왔는뎅
sohwi_0925 | 2024-07-06 | 결론, 하겐다즈는 다 맛있다
n.vorlickovaa | 2024-07-02 | next time please don't caress
eliene.dasilva.56 | 2024-07-01 | Alguém
eliene.dasilva.56 | 2024-07-01 | @e_a_isaa_233 olha a cara dessa menina e ver se vc lembra de alguma
sara_isabel05 | 2024-07-01 | ❤️❤️❤️❤️❤️❤️❤️❤️❤️❤️😂😂😂😂😂😂
psooji__ | 2024-06-30 | @anhkiet_152 thèm
straighttome15 | 2024-06-30 | So aggressive when it comes to getting it off the spoon
alm.aha7 | 2024-06-30 | Where do you put the mic?
lojinhaadasoso | 2024-06-30 | ta comendk bosta é?
hai_kamyu_ | 2024-06-29 | I love it macha
yeonanariguin | 2024-06-29 | 딸기맛이 개맛도리
felixhyu_ | 2024-06-28 | 為什麼要咬木棍那麼用力不會有木頭味嗎？
elmiraochainayah | 2024-06-28 | It's like there's a mic in his throat
lee.bona19 | 2024-06-28 | Pls.spek inglsh. I donʼt know japan
d0x.yul | 2024-06-28 | 하겐다즈 안먹어본 1인
wabi_kchi | 2024-06-26 | Luv the way u eat themmm
eda_qw4 | 2024-06-26 | 我把你送到babymonster的成员Asa那里。
eda_qw4 | 2024-06-26 | 我把你送到babymonster的成员Asa那里。
zhusupova082513 | 2024-06-25 | Она мне бесит купец вечно выделяется что пробовала все в мире говарит бла бла бла бла😂😂😂😂
jihyeontae32 | 2024-06-24 | 다해서얼마 입니까
mmis.arina | 2024-06-24 | Пошли на ул
dc_ttarius | 2024-06-23 | The way she eat cutely🥺♥️
hyari.covers | 2024-06-23 | my fav flavof is Strawberry
chisa.kagawa | 2024-06-23 | 食べすぎてお腹痛くなりそう
nnavyes | 2024-06-23 | she so pretty
nuradhasafiah | 2024-06-22 | 12345
nuradhasafiah | 2024-06-22 | 5
natsume_nyansta | 2024-06-21 | 失礼だけど…食べ方汚くない？
gong_wnsgml13 | 2024-06-20 | 하겐다즈 👍🏻👍🏻
hx_se.13 | 2024-06-20 | 부럽다
062.na123_1 | 2024-06-20 | 산수굴다리 공원에 동생생겼다 이지민!챙기세여.
xhxhf_ | 2024-06-20 | My wife 😍😍😍
fa.hime_1365 | 2024-06-20 | 😍❤️
they.luvsooahh_ | 2024-06-20 | 나는 녹차!
rubi_naa_0911 | 2024-06-20 | ❤️
_vvippz | 2024-06-20 | oh gawat!, aku jadi ingin es crean juga tapi disini sudah sangat malam untuk membelinya :(
llzesxl | 2024-06-19 | この人の食べ方めっちゃ好き
ihatealcohol | 2024-06-19 | 하겐다즈 녹차ㅠㅠㅠ🌱💚
ytuurho | 2024-06-19 | 폰 손으로 두드리는 asmr도 보구싶은데 되시나용?
jinnycho1108 | 2024-06-19 | 초코
mustafa_abu_sharar77 | 2024-06-19 | 🙂あなたはとてもきれいです
3x.nyb1 | 2024-06-19 | 진짜 맛있겠어요..😍
tin_an27 | 2024-06-19 | What is your fav ice cream flavour
ay_qh7 | 2024-06-19 | ハーゲンダッツ食べたくなってきた！🙌 お気に入りの味はクッキー＆クリーム!!😍😍
beber.x_o | 2024-06-19 | ke 1 rawrr"
2024-06-14,10.1만,구운 마시멜로우 이모지 먹방😋 marshmallow emoji mukbang!! 58주,"#toctocsia, #톡톡시아, #마시멜로우, #이모지먹방, #emojimukbang, #marshmallow, #mukbang, #asmr, #먹방, #먹스타그램, #자이언트마시멜로우","manda90989 | 2025-01-15 | Mukbang : 🧑‍🍼
ph._.ing13 | 2024-08-24 | สำเนียงไทยชัดมาก
nazila._.hn | 2024-08-23 | 엄청난 ❤️
ngocanhdo868 | 2024-08-23 | Giống rùa ở vn
aysan.alipour9 | 2024-08-13 | 😍😍 im iranian I saw your video before
justt_annu_1617 | 2024-08-11 | 😍
wendypan0129 | 2024-08-03 | I love you❤️❤️❤️❤️❤️❤️❤️❤️❤️❤️❤️
south_korea567 | 2024-07-21 | ❤️
sierrasandy_ | 2024-07-08 | 😢
sierrasandy_ | 2024-07-08 | Kalo Dari atas mirip ceceku
valarmathi_1819 | 2024-07-08 | ❤️❤️❤️
avavavavv26 | 2024-07-05 | pasti mahal ya icha😢
yumna.dinah | 2024-07-05 | ❤️
kapten123741 | 2024-07-04 | .
yeonseo_795 | 2024-07-03 | 딸기 마시맬로우 꼭지가 김치 단맛나던뎈ㅋ
4kx_x | 2024-07-03 | يلبيه
m1x.he2 | 2024-06-29 | 첨에 탕후루 벗기는줄 ㅋ
rrr_vibes7737 | 2024-06-29 | Fake sound,s👾✨
pupheadandfriends2025 | 2024-06-28 | Roasted marshmallows are way better than marshmallows itself
anhthuutran23 | 2024-06-24 | Trong đây có ai là người Việt Nam ko
trantukg123456 | 2024-06-23 | 🥰😂
_.zefan | 2024-06-22 | Craving marshmallow now, but I'm too lazy to get one🫠
akko.h_dragon | 2024-06-19 | You've become an adult woman.
apasi.ja | 2024-06-19 | You growing so fast!
xuehanhan1123 | 2024-06-18 | 为什么收声zhe me hao
rahamusavie | 2024-06-17 | ❤️❤️❤️😍
kyawnangphuepwint | 2024-06-17 | Your review is so fast that’s why l like you
fa1rydimpless | 2024-06-16 | I love your asmr❤️
om.aima4679 | 2024-06-16 | كم عمرك
zaid2.016 | 2024-06-16 | She has too be at school today?
carmenheart2heart | 2024-06-16 | 많이 먹으면 어떻게 날씬해질 수 있나요? 운동해서 그런가?
carmenheart2heart | 2024-06-16 | Do you exercise? How can you stay thin by eating a lot?
xx_seoeojin | 2024-06-16 | 🤨
71m_limlim | 2024-06-15 | I love lemon....❤️❤️❤️
idin8881 | 2024-06-14 | พี่มีแฟนหรือยังคะ❤️
vely_kangdan | 2024-06-14 | @gipogi_tv 나이거해져
cyapu_08125 | 2024-06-14 | 개잘굽네..ㄷㄷ
mziany68 | 2024-06-14 | 😍😍😍😍
oraxnsx | 2024-06-14 | ur so cute 😭
yourthworld | 2024-06-14 | Hii iam from Indonesia 🤗
ajtpjdwa | 2024-06-14 | このマシュマロマジ美味しい
_olngtea | 2024-06-14 | I love the strawberry one
niiiino_120 | 2024-06-14 | だいすきー！！！❤️"
2024-06-12,1.4만,(광고) 출시하자마자 난리 난 라라스윗 저당 멜론바!!😱 59주,"#저당멜론바, #라라스윗저당멜론바, #라라스윗멜론바, #메론아이스크림, #라라스윗, #라라스윗아이스크림, #다이어트간식","j0.8zsy | 2024-08-10 | 식감소리 미쳐뜨아
somiaeyo | 2024-08-07 | 나만 약맛나나
erkezhanakhmetbek | 2024-07-10 | 😍😍
dianaa.hf.1 | 2024-07-09 | ❤️❤️❤️❤️
hyari.covers | 2024-06-23 | my fav ice cream
ssantanyang1226geug | 2024-06-16 | 롤업젤리 쌌어 먹으면 맛있겠다😋😋
imustbeadorable | 2024-06-13 | 아 정면 많이 나와서 너무 좋다ㅠㅠ 너무 귀여움 짱예시아🩷🫶 눈썹도 예쁘고 맛나게 먹는 거도 이뿜!!!!
aa_chan0223 | 2024-06-12 | 美味しそう😍韓国のスイーツ系美味しそうな物ばっかり🤤❤️
日本の食べ物も評価して欲しい✨
marron.chips | 2024-06-12 | 지금 일본에서도 멜론 과자를 많이 팔고 있다😍😍
patrarakni | 2024-06-12 | Hopeful 🌟
_violla.7xvicza | 2024-06-12 | 💓🤏🏻
imynnn_ | 2024-06-12 | 😍😍"
2024-06-10,31.1만,요즘 유행하는 얼음물 탕후루!! 진짜 이게 되네..😱 59주,"#toctocsia, #톡톡시아, #얼음물탕후루, #탕후루, #먹방, #mukbang, #asmr, #아이스탕후루","lauresha_mara_ | 2024-11-24 | Mir
lauresha_mara_ | 2024-11-24 | Hej
laarkoviivi | 2024-11-15 | O% sugar thanghulu😅
31_08_55 | 2024-11-03 | อร่อยจิงสูตรนี้😍
sali_girl1907 | 2024-10-28 | Пикми 아ㅡㅜㅕ
cecy_gomes1 | 2024-09-17 | 啊是们人??
shams_love_eunwo | 2024-09-07 | اريد
z.kor0911 | 2024-09-04 | 😍
melody61383 | 2024-08-30 | 可愛
byzyuce | 2024-08-30 | @meeryemcan
sham_lover_sh | 2024-08-25 | وت 😂
autumnvai | 2024-08-19 | Она так похожа на дочь марго(saiho) только взрослая
jjarakrasniqii | 2024-08-19 | She looks like asa
cristianrodriguez7744 | 2024-08-15 | Anyueseyu
mitarhmwt12_ | 2024-08-13 | %. B
yyuyunanana | 2024-08-10 | 这顶多算是冰葫芦，糖葫芦是冰糖做的嘛！妹妹很漂亮
vip_wookyung | 2024-08-06 | 어우 이시려
givmethatbeat07 | 2024-08-03 | it seems to taste so light
yaulalalalala | 2024-07-29 | 是冰塊+水+水果嗎
2000_.411 | 2024-07-28 | 그거 얼음이야, 드라이아이스야?
01._.hop | 2024-07-26 | 加點糖變糖葫蘆(◐‿◑)�
aliy.b.i.57 | 2024-07-25 | ❤️❤️❤️❤️😍😍😍😍😍
darkixe_mafia2368 | 2024-07-24 | 😍
atom_.o_o | 2024-07-20 | ถ่าง ถ่าง ฮูรู ฮูรู😢
_prima_donnaa | 2024-07-19 | You are so cute ❤️❤️ and when you eating you look more cutest 😻🔥
xianovo77 | 2024-07-18 | 糖葫芦之所以教糖葫芦是因为它的制作原料有糖 而且糖是糖葫芦必不可少的材料 视频里的叫冰葫芦吧…？
xynnaila2 | 2024-07-15 | Sangat dingin itu🥶
e.l.l.i.e.p.e.l.l.i.e | 2024-07-13 | You piss me off idk why
gulseren4936 | 2024-07-13 | 🥶🥶
junisen_25 | 2024-07-11 | My sensitive teeth are crying rn
mar_em833 | 2024-07-11 | 퍼ㅛㄱㄹ ㅓ허펗ㄱ어ㅠㅔㅗㅎ❤️
sngxunn | 2024-07-07 | ?
sngxunn | 2024-07-07 | 몇살이세용
sngxunn | 2024-07-07 | 근데
shojaee.mani | 2024-07-07 | سرام من مانیا من شومارورا دوست دارم ❤️❤️❤️
www33541 | 2024-07-01 | 嘟嘟合格诶嗯哼
luv_sahano | 2024-06-30 | @dotolsister @luv__lsj91
yourmom1w3 | 2024-06-30 | ㅠㅕㅅㅅ 앱 ㅑㄴ 솜ㅅ 재갇
abdinabiewaa_m | 2024-06-26 | 이름이 뭐에요?
xxav.k | 2024-06-24 | She's so cute i can't!
a1b1ke_002 | 2024-06-24 | Пр ты милая девушка это
kiyocimoy90 | 2024-06-23 | Aku dulu Lihat channel youtube-nya masih sekecil bakpao sekarang udah sebesar ini aja
dew40364 | 2024-06-21 | 👏
enqi5678 | 2024-06-21 | @enxi0868 要不要吃
jzz081118 | 2024-06-21 | 北極熊吃一口都得捂腦袋
zain_aldauod | 2024-06-20 | عليم الله إنه في غايه للفيد ذا
je72jsei0o0 | 2024-06-19 | 😍
bai_bing11.1 | 2024-06-19 | 经期不会痛吗？😖😢
m.vxt_5253 | 2024-06-18 | 看起来超好吃🤤
star_sleeppppp | 2024-06-17 | @ziyit717 我想吃嘻嘻
beulru4365 | 2024-06-17 | 설탕물에다가 하면 탕후루가 잘 안돼던데 언니분은 잘 되네요
thi.anhthynguyen | 2024-06-16 | Andjdbdjjd
zopp_.00 | 2024-06-16 | อินี่แดหไรก็กรอบไปหมด
yju_1022 | 2024-06-15 | 이 언니는 볼때마다 예뻐지냐 부럽게🤤🤤❤️❤️❤️❤️❤️
cyh_10730 | 2024-06-15 | 水果是什麼都可以嗎
7yudw_ | 2024-06-15 | 나는 당신이 이 음식을 만들 수 있다는 것을 알았습니다
yong_kie_.9838 | 2024-06-15 | 언니, 욕심이 많아요
callystaadelia__ | 2024-06-15 | 아름다운
faezzahnur | 2024-06-15 | Lama tak tengok dia ni, dah besar panjang, cantik orangmya😍😍
a.loxz | 2024-06-15 | idk what’s she’s saying but yes
jjiwlluxamg | 2024-06-15 | You look like asa baby monster 😍😍 so cute
_aemiww | 2024-06-15 | 그 사람이 나를 화나게 하는 나 😌
min_phattt | 2024-06-14 | อยากกิน
zxsx_kimclx | 2024-06-14 | nice
hei_____dy | 2024-06-14 | Buenisimoo
pxbxd_oio3x | 2024-06-13 | ทำไมฉันทำแล้วมันเย็นเขว😢😢
w3077497168 | 2024-06-13 | 좋아요.
cookie_n_1 | 2024-06-13 | 나만 해도 안되나..?
chuchushu_33 | 2024-06-13 | 我必須說 我竟然看著這個女生 從小時候 到現在長大（？
cikodonat | 2024-06-13 | 나는 머고싶어
itss.joyyyz | 2024-06-12 | es batu nya ajaa sinii😭😭
k.kawinthip13 | 2024-06-12 | บ้านเราทำไม่ได้หรอก
nddodondnd | 2024-06-12 | ⚡️🦷⚡️😱💦
_zzahr0_ | 2024-06-12 | Dia kalo makan selalu angel kiri weh, gw jadi salfok, kek g bisa adep depan aja makannya, tapi gpp sih
yejinnaaaaa | 2024-06-12 | 물후루ㅋㅋㅋ水葫芦
aaaa___yul | 2024-06-12 | @taeha.rin.yi
nakhwan107 | 2024-06-12 | 😍😍
d.hanggggg | 2024-06-12 | So pretty
septiday11 | 2024-06-12 | Ngiluuuu
biiao.ngocc | 2024-06-12 | Ê tao muốn cắn cái má của bả quá à bây ơi
aira_syaheera | 2024-06-12 | 두마 ㅏ묘마ㅜㅛㅁ
jeonyunji40 | 2024-06-12 | 설탕물에 하면 진짜 맛남
sucuklasmiskacakci | 2024-06-12 | Dişim öldü dişim yok
tanoukittllf | 2024-06-12 | I don’t like pineapple
hwaydawg | 2024-06-12 | katurt kuturttt
am._.72km | 2024-06-12 | 메이크업 소개를 해드리고 싶어요.
belgin_serra_kilic | 2024-06-12 | Küfrettim
arya.m3409 | 2024-06-12 | ❤️❤️❤️❤️
sajeda_opedat | 2024-06-12 | 이거 엄청 맛있는 것 같아요🤤🤤
yourlittle_aissh | 2024-06-11 | She looks like Hye rim from atypical family
oseungjun7500 | 2024-06-11 | 설탕물. 에하면 탕후루랑 비슷 하게 되지않을까요?
sailormoonpanda97 | 2024-06-11 | My teeth are hurting 🥶😫
haneuli960 | 2024-06-11 | 근데 그거 설탕넣으면 진짜맛있는ㄷㆍㅋ
guagua_llfjxx | 2024-06-11 | 记得糖葫芦是中国美食哦～
btrfly_2917gegeenee | 2024-06-11 | Pick me girl
lix2hy | 2024-06-11 | 놀라운!!!! 🙌❤️❤️❤️
priscillafb01 | 2024-06-11 | Meus dentes não suporta 😢😂
juss.me.samm | 2024-06-10 | omg lub ur vids
amaliavputri | 2024-06-10 | please try indoesian fruit ice.. they use real fruit and the taste was good
niinoami | 2024-06-10 | ❤️나는 그것을 시도하고 싶다"
2024-06-09,1.5만,집에서 3분 만에 슬러시 만드는 방법!! 59주,"#폴라레티, #폴라레티후르츠, #대용량간식, #간식추천, #코스트코, #코스트코간식, #코스트코간식추천, #코스트코추천템, #아이스바, #아이스크림, #디저트, #간식, #여름간식","wittymonent827 | 2025-07-21 | Polaretti cream 😍
snowstar_0225 | 2025-01-28 | 폴라레티 저는 너무 셔서..
seong_mo12 | 2024-08-18 | 배송 오는데 3일 인데요
oonlyyaprii_ | 2024-08-01 | 괜찮아 멀리서도 보이잖아😢
ujn_1j | 2024-07-18 | 복숭아 맛도 있엇던거 같은데?
rxonvy | 2024-07-10 | 가사꙼̈ 써주세요 포포 폴라레티
o2xinu | 2024-07-06 | 포 포폴라레티
zeytinyagliyapraksarma321 | 2024-06-16 | Meybuz işte bu
yn_s317 | 2024-06-16 | 포 퐆포포폴라게티
bageeun9 | 2024-06-15 | 폴라레티 에어컨틀면서 티비볼때 광고로 진짜 많이 나왔는데.
ilknurkirnak | 2024-06-14 | Bizim hakiki meybuz
hongyeeun1778 | 2024-06-13 | 감사합니당 ❤️
sal_ma189t | 2024-06-11 | ❤️❤️
lia__rv7 | 2024-06-10 | 💗💗💗
zero_zero__bnd | 2024-06-10 | 와 진짜 추억이다 광고에서 진짜 많이 나왔는데…
n_anbr19 | 2024-06-09 | 🔥You moon
jeongdayeon0717 | 2024-06-09 | 코스트코 가서 이거 사야징
jaein.13 | 2024-06-09 | @jeong_0907
muslima_0774 | 2024-06-09 | 😍😍
_olngtea | 2024-06-09 | That looks so good
baby_txng | 2024-06-09 | ❤️
l.sharmili1 | 2024-06-09 | My childhood snack"
2024-06-03,2.3만,(협찬) 한번 먹으면 계속 먹게 돼요😭 목포 밥통 쫀득이! (제품 정보는 프로필 링크 참고!) 수정됨 · 60주,"#쌍둥이루지, #목포쫀득이, #쫀슐랭, #asmr, #먹방, #톡톡시아, #twinroozi, #쫀득이, #mukbang","yulim225 | 2025-03-19 | 그래
1luvyda | 2024-12-02 | 찐목포쫀드기 먹어봤는데 차원이 다름.. 완전 주황색이고 아주 갓나온 따뜻하고말랑해서 겁나 맛있음😍
south_korea567 | 2024-07-21 | ❤️
wz.yxsmim_ | 2024-07-07 | Olá eu sou do brasil, vc é muito linda e fofa 👏😍
d.xedn | 2024-06-27 | 톡톡시아님 너무 예뻐졌다
gimsoyun8394 | 2024-06-26 | 사랑해요❤️❤️완전 찐팬이예요 유트브도 그렇구요!!!
he.inx | 2024-06-20 | @y_xrim7
icaheka | 2024-06-19 | 와, 저 빵 정말 맛있나요?
mindxx_14 | 2024-06-16 | น่ากินอีห่าาาาา🥲🥲🥲
so_.2ny | 2024-06-12 | 맛있겠다 꼭사야지~~~
sung_euniiii | 2024-06-12 | @sso__li 나 옛날에 찐 문구사 밥통 쫀드기 먹었을 때랑 비교도 할 수 없는 맛,, 지금껀 걍 인위적이야
4u7ove | 2024-06-12 | Masih penasaran mic nya disimpen dmn
ii.4816 | 2024-06-10 | 쌍수한줄~ ㅋㅋㅋㅋ
sb38.27 | 2024-06-05 | 라면스프넣는것 울산쫀드기
xun.__.jin13 | 2024-06-04 | 나 처음에 띠미님 목소리인줄…
mokpobom2 | 2024-06-04 | 저거 밥통에 쪄 먹음 맛있어여.. 또는 찜기사용
eskrimrasaindomie | 2024-06-04 | DEK UDAH GEDE AJA
always_nzwaaa | 2024-06-03 | 내가 처음이야
ic.vmr | 2024-06-03 | ❤️
yoonch_0621 | 2024-06-03 | 군침싹도네 얼마고!!!
lovesome_hanajj | 2024-06-03 | 찐 목포쫀드긴가여??! 제가 목포쫀드기를 알아서..."
2024-05-31,4.1만,(광고) 오리지널 롤업젤리 드디어 한국 출시❤ 롤업빙수로 롤잘러 도전! 60주,"#롤업젤리, #님롤티몇, #롤업티어, #롤업티어챌린지, #미국오리지널롤업, #편의점젤리, #Rollups, #롤업스젤리, #롤업빙수, #망고빙수, #LOL, #롤게임","nancylairamhu | 2024-06-12 | Ifaac
_.pratikshaaaa.____ | 2024-06-07 | Lil sister of rosé [ Blackpink]😂
m0nk3ym1cky | 2024-06-06 | 그 소녀는 너무 귀여워❤️
privatescil | 2024-06-06 | kok bunyinya bisa senyaring itu, micnya dimana? ditenggorokan kah
riyhan9331 | 2024-06-02 | ایرانی هستم و عاشق ویدیو هات هستم🇮🇷🇮🇷
parastoododangeh | 2024-06-02 | ﷼#""^﷼&=""؛٪""&^#'❤️❤️❤️❤️❤️❤️❤️❤️
ribbon0520 | 2024-06-02 | めっちゃいい音ですね！
次は、日本のお菓子で！
jj_and_hh | 2024-06-01 | 와~ 오늘 소리가~ 소리가~~~😍 사러 편의점 달려봅니다~
kyliequinn_1212 | 2024-06-01 | 나는 당신의 손톱을 사랑 해요
tuce_arc16 | 2024-06-01 | DUZGUN YE SUNU AMK OZURLU MUSUN
haeun.co.kr | 2024-06-01 | @ju_kyung08
seojungpd | 2024-06-01 | 애기 진짜 컷당❤️❤️❤️
starrubyhuleba | 2024-05-31 | 점점 숙녀가되오가네 기엽다😍
not_your_asterin | 2024-05-31 | I want to eat
byeong._.seon | 2024-05-31 | 어디쯤에서 사셨나요?
h._.uda9 | 2024-05-31 | ❤️
h._.uda9 | 2024-05-31 | زاكي
aa_chan0223 | 2024-05-31 | 咀嚼音の天才✨"
2024-05-30,9.5만,이모지 동결건조 먹방!! freeze dried food mukbang!! 61주,"#toctocsia, #톡톡시아, #동결건조, #먹방, #asmr, #mukbang, #freezedried, #먹스타그램","duck_23458 | 2024-10-18 | 지렁이 동결건조 젤리 어디에서 샀어요?
_cjwei32 | 2024-08-27 | The way you eat so cute, your cheeks looks so good to play with☺️😨
soraajamess | 2024-08-17 | 🪱 rainbow 🌈
soppalmao | 2024-08-14 | JIHYO SIGUE ESTA CUENTA A
scarlettdeskater | 2024-08-10 | 😍😍😍😍
finollll_aa | 2024-08-07 | とてもかわいい
dzsen______ | 2024-08-06 | Hahahá
_bangbina_ | 2024-08-06 | Она похожа на дочь сайхо, только она взрослая
starjh92 | 2024-08-05 | 나만 동결 지렁이 젤리에서 딸기약맛 남?!!!?
loulwa506 | 2024-08-02 | 몇 살이에요.
haaaaar.l | 2024-07-18 | 우리 문규점에 파는거 많은데
gimjeongweon1225 | 2024-07-16 | 동결건조가 뭐에요??
qharissa_f | 2024-07-11 | 당신은 너무 귀여워요
alw4ys_rhmaa | 2024-07-10 | Best asmr
yeee_jing | 2024-07-09 | @wooooong_yes
___i_am_smile | 2024-07-05 | 저는 수박이랑 탠디만 먹어봤는데
chdnsthf | 2024-06-30 | 혹시 동결 마시멜로 어디서 사셨어요
aish_khan_3677 | 2024-06-28 | ❤️❤️❤️❤️❤️❤️❤️❤️❤️❤️❤️❤️❤️
nuko3_0 | 2024-06-27 | めっちゃ綺麗な子やな
ilieva767 | 2024-06-26 | ## @# О @ # @ в@
ilieva767 | 2024-06-26 | 😮@ @
uuuuuuupoop | 2024-06-18 | 손톱이 넘 예쁘댱
yyy.yong09 | 2024-06-16 | 바삭바삭한 스낵을 좋아해요 ❤️
anh.ngoc.526 | 2024-06-16 | 👏👏👏
na50.o | 2024-06-15 | المكرفون في حلقها تقهر وهي تمضغ الاكل كذا
pekh1ui | 2024-06-15 | School i kal lo mi 😂
ac5ll9 | 2024-06-14 | マシュマロ？？
_tanimi_ | 2024-06-10 | 😍😍😍😍😍🔥🔥🔥
maika5741 | 2024-06-07 | 可愛い""(∩>ω<∩)""
bangtan234bangtan | 2024-06-07 | 🍉🍉🍉
ss_umni | 2024-06-07 | 이모지가 모예요?
yu_hee____ | 2024-06-04 | @baesisi._ 이거!!!
whtuop | 2024-06-03 | ❤️❤️❤️
hui_jin__lee | 2024-06-02 | 동결 지렁이 젤리 어디서 파나용...??
tillxn.2 | 2024-06-02 | 🍉🍉🍉🍉🍉
tillxn.2 | 2024-06-02 | 🍉🍉🍉
riyhan9331 | 2024-06-02 | 💜💕
nvxp._ | 2024-06-02 | 🍑🍣🍣🍱🥃
princessredemption | 2024-06-01 | She’s all grown up, I started watching her when she was practically a baby ㅠㅠㅠㅠ
1pic_keiko | 2024-06-01 | めっちゃ癖になる綺麗な顔してるぅ
seyaa_aah | 2024-06-01 | bbg 손톱은 어때요 이렇게 하얗고 너무 예뻐요💗😭
_offc___adam_ | 2024-06-01 | You look like Asa from Baby Monster, with your movements, your pain, and everything 😭😭😭
tuyetnguyen3505 | 2024-05-31 | U
baegseoli23 | 2024-05-31 | 구멍에 잼 넣어서 먹으면 맞있을것같아요
bibill_qqiss | 2024-05-31 | Freeze dried food
sadece_sigma315272 | 2024-05-31 | Bacim o tirnaklar ne💅🏻
ye_ori_n | 2024-05-31 | 귀어워 먹방😍
anurii_101 | 2024-05-31 | Mongolian food
adri.anom60 | 2024-05-31 | 이건 스페인에 있는 동결건조 과자, 아르헨티나에서 인사드려요 ❤️
killx.ackerman | 2024-05-31 | Она так вкусно ест
gl27l | 2024-05-31 | سؤال يقول .. ليش صوتها خفيف و صوت الكل عالي لوعتبنا 😂
h._.wo.o6 | 2024-05-31 | 저거 다 gs25에서 파는건가요?
aml.tjvz | 2024-05-30 | Israel beheads children in Rafah💔
jsgdi1264 | 2024-05-30 | 시아언니 물어보고싶은게있는데 물어볼께욤 자연손톱인가여,네일한건가여?
qwer77772024 | 2024-05-30 | 😍😍😍와 정말 만족스럽네요
songtaehyueon2010.10.13 | 2024-05-30 | 어쩌라고 ㅅㅂㄴ아
rarara9867 | 2024-05-30 | めっちゃいい音
ingrid.yapp | 2024-05-30 | BEST ASMRRR
israa_sweety_ | 2024-05-30 | Ymmy!
hrt._.mm.luv | 2024-05-30 | 일본에서도 발라줘😢
_veestar_ | 2024-05-30 | 너 너무 귀여워, 대답해봐? ❤️❤️
13_jw.h | 2024-05-30 | 1빠"
2024-05-28,18.9만,🔥불닭볶음면 먹방🔥Buldak ramen mukbang!! 61주,"#toctocsia, #톡톡시아, #mukbang, #asmr, #먹방, #불닭볶음면, #까르보불닭, #samyang, #carbonara","riko_1.21_ | 2024-11-14 | 진짜 맛있겠다.🤤
_colombiq_ | 2024-11-02 | Mubarak ramen
hy.ox5_n | 2024-10-29 | 저걸..다?
taeuigim | 2024-10-11 | 남은건 어캄?
yusom.o0 | 2024-10-01 | 웅니야 그런 나무젓가락도 안쓰는게조아ㅠ 중국이 그런젓가락쓰다 얌증같은 먼지때문에 돌아가신분들많뎅😢
taata.na | 2024-09-28 | you look a little bit like asa from babymonster!
s3rah_0x0x | 2024-09-18 | I always eat that, it's so creamy and spicy
s3rah_0x0x | 2024-09-18 | I like the pink one the best
jinw_bbang | 2024-09-07 | 마이 컸네 ㅎㅎ 애기였는데
ns_moon14 | 2024-08-21 | تقهررر🙌
__sweetie_.__ | 2024-08-17 | If the first one eats 10, the others won't like it
mariaeuzenirdasilva | 2024-08-17 | Ok
delliaas_ | 2024-08-16 | laahhh dia udah gede anjay
masaba.khan | 2024-08-15 | Try indian food 😋
_tiya_6002 | 2024-08-13 | I accidentally read usernamd
_tiya_6002 | 2024-08-13 | I accidentally read username as lactose intolerant sorry 😂
goner_6689 | 2024-08-13 | The pink on is so good! I could eat like a whole 5 pack in a day I havent tried the others yet tho
eye.27p | 2024-08-13 | Siyah noddle>>>
pichijusu | 2024-08-13 | I couldnt eat 1 😭😭😭
nomuka337 | 2024-08-12 | Tsarai muutai nohoi
layanalkhodari201 | 2024-08-10 | يمييييي🤤🤤
ha._.hyeon11 | 2024-08-09 | 저 마이크 어디서 샀을까요? 소리가 장난이 아니여
rao721628 | 2024-08-09 | यह आपने कैसे खरीदा
onlyyrebekaa | 2024-08-07 | a rozsaszin is csipos?
leesgifthouse | 2024-08-06 | 😍😍😍
may_101302 | 2024-08-06 | 這個면很辣
hou_bj_.16 | 2024-08-06 | ❤️
abdllevaz_ | 2024-08-03 | 🔥
naylilkhusniyah | 2024-07-27 | 😍😍
5x.zin_ | 2024-07-25 | 야끼소바 개맛도린데
assil_dive._ | 2024-07-25 | جماعة ذول حلال او حرام
ethanjaydenku | 2024-07-23 | 😍
emilx_ly | 2024-07-16 | تقول اول مره اكلتهم 😂
onlyjongseong | 2024-07-15 | indo sendiri
1oo_o.1 | 2024-07-14 | داحسه سماعات بحلگج انتي صوت واضح بزياده
fenyeeee | 2024-07-12 | I love the carbonara too😋😋
reem_fadi_2014 | 2024-07-10 | ILove. this
bomasahkelis | 2024-07-09 | Abla bi. Beni yemedin AQ
dolla.bills_ | 2024-07-06 | The pink one will forever be my top 1
inungf12 | 2024-07-05 | 🔥🔥
ss_99_ad | 2024-07-05 | I want to buy Korean noodles, but I don't know which is better
uouv330 | 2024-07-05 | 넘 맛있게먹어요
mqriaa__ | 2024-07-04 | WHAAATT CHEESE BULDAK SHOULD BE A 10/10
dogaaltay4 | 2024-07-04 | Pembe olanı denedim çok acı Koreliler nasıl dayanıyor
jenwar1_34 | 2024-07-03 | 너무 맛있어서 배고파지네요
yeong_.eo | 2024-07-03 | ㅛㅁ ㅡㄷ ㅏㅑ 무새ㅗㅁㄴㅅㄷ 😍
r.aibike_ | 2024-07-01 | 넌 참 편해
r.aibike_ | 2024-07-01 | 나는 치즈라면을 좋아한다. 😍
aiss.ma12 | 2024-06-29 | Она очень похоже на дочку марго
yshlzryq | 2024-06-28 | كانها قالت عشرة ولا انا اتوهم
karina.trann | 2024-06-27 | Her chubby cheeks lolll aw
assil._.zakaria | 2024-06-27 | 오어 ㅋㅋㅋ
kausarr_yes | 2024-06-26 | ❤❤❤❤😘😘🍝🍝🍝🍝
winterpanterr_ | 2024-06-24 | Oww so yummy
ndiraef | 2024-06-24 | you look so cute
weyje0la | 2024-06-23 | Try indomieeee 🤤🤤
priv_xx_malak | 2024-06-21 | ❤️❤️
almiiraa_makreshi | 2024-06-20 | Shes so pretty🎀
tram3484anh | 2024-06-19 | hi❤️
xowoane | 2024-06-16 | 메가카페해줘
nguyenthingocmai8768 | 2024-06-15 | Thích côi bả ăn gê😍
bbungprincess | 2024-06-13 | 귀여운 아기가 벌써 예쁜게 다 컸네~ 이 상하지않게 조심해야해요!
asyiknan_001 | 2024-06-10 | 🔥
ayda__.79a | 2024-06-09 | 😍😍
fitri4541ana | 2024-06-06 | 🤤🤤🤤🤤🤤🤤
ryo._.0812 | 2024-06-06 | 最後のラーメンって辛いですか？
誰か教えてください🙏
_tien.qrqw | 2024-06-06 | Cái màu hồng đó có cay k mng
_defquim | 2024-06-05 | ❤️
larinkaaq_ | 2024-06-05 | Pink forever!💗
265bluesky | 2024-06-03 | 辛さは大丈夫なのですか？普通に食べているように見えます。私はこのシリーズ大好きですが、普通に食べるのは難しいので牛乳やチーズを使って辛さを和らげています😅
khelafchiraz | 2024-06-02 | She look likes a member of babymonter 🙌
malakmohamed3180 | 2024-06-02 | مستفزهههه
shuposhaiin | 2024-06-02 | what's the second flavor?
w3077497168 | 2024-06-01 | 바보 아이
benbeyzayimokm | 2024-05-31 | Babymonster Asa?
hdhdud74733 | 2024-05-30 | جعت
anas___lavezta | 2024-05-30 | ❤️❤️❤️❤️❤️
amirali.darizuka | 2024-05-30 | Хватит чавкать
kimihikokana | 2024-05-30 | konome-kaoisiidesuyone(´﹃｀)
xx_seoeojin | 2024-05-30 | 맵찔?
chisa.kagawa | 2024-05-30 | 美味しそ
chrisvita_chrissy | 2024-05-30 | she lost her signature cheeks 😢😢😢 oh and I am old 😭😭🤣🤣
riri12574 | 2024-05-29 | 매운 것 같습니다.
ramunja.namunja | 2024-05-29 | 추천 친구 잘가르키고 알여주고 잘키워.
seojibe_mom | 2024-05-29 | @juhyeoni15 올때 까르보불닭
pollinaiivanova_ | 2024-05-29 | Она такая взрослая стала
_zxeun | 2024-05-29 | 피부 짱짱하고 이쁘다❤️❤️
bunninayeon369 | 2024-05-29 | So yummy 😋 ❤️
pa.rm.iis | 2024-05-29 | من وقتی از جونم میگذرم
arielcheng_ | 2024-05-29 | I wish I could eat spice😢
jihoo._.kag | 2024-05-29 | 난 그냥 불닭이 마시쏘..
smoma870 | 2024-05-29 | 근데 점점 이뻐짐ㅋㅋ
d._.hugging | 2024-05-29 | 한번에 4개를 다먹는건가요? 그전에 먹었던걸 붙여넣기 하는건가요?😮😢
loolooyummy | 2024-05-28 | So yummy😍😍😍😍😍
kdg08612 | 2024-05-28 | @seo.j2n 맛있어?
jenny05185168 | 2024-05-28 | 언니 너무 사랑해
qwer77772024 | 2024-05-28 | 😍😍😍😍ASMR🔥🔥
muslima_0774 | 2024-05-28 | ❤️❤️
s3397999 | 2024-05-28 | ❤️😍🔥
_kmkll_ | 2024-05-28 | 🔥🔥🔥ням ням"
2024-05-27,1.4만,(광고) 집에서 10분만에 맛있는 양념치킨 먹는 방법!😱 61주,"#고메, #고메소바바치킨, #소바바치킨, #소바바, #치킨추천, #치킨맛집, #양념치킨, #저녁뭐먹지, #아이들간식, #소바바양념, #소바바신상","sssswyhe_story | 2024-09-04 | 제 취향~♡
danie1lchoi | 2024-08-05 | 코스ㅇ코에서 세일해서 샀어용
_sightunseen_33 | 2024-07-03 | 🔥
kausarr_yes | 2024-06-26 | 😍😍😍😍😍😍😍😍😍
munggegureum1 | 2024-06-20 | 우리집에있어용!!이마트에서샀어여😮❤️❤️❤️❤️
asgarovnur7 | 2024-06-18 | 너무 아름다워요 ❤️
asgarovnur7 | 2024-06-18 | 당신은 아주 잘 먹습니다 ❤️
nguyenthingocmai8768 | 2024-06-15 | 😍😍😍
kimzanzolindatooo | 2024-06-03 | Heyy girl Indian food try👍♥️
_961002 | 2024-05-28 | 이거 맛잇어욧!
harithzbadger | 2024-05-27 | So Delicious
suyoung___j | 2024-05-27 | ㅋㅋㅋ 방금 마트에서 사왔는 데😂
__tothlss | 2024-05-27 | May we know your age???
loolooyummy | 2024-05-27 | So crunchy 😍😍😍😍😍
se0yx_n.3 | 2024-05-27 | 10분전!! 너무 점점 이뻐져용!!
toctocsia | 2024-05-27 | 영상 속 고메 소바바 치킨을 맛보고 싶다면?
네이버 CJ제일제당 공식스토어에서
~5/31까지 특별한 가격으로 바로 구매 가능합니다!!
(구매는 프로필 링크 참조!)
_veestar_ | 2024-05-27 | 당신은 정말 귀여워요! ❤️"
2024-05-22,4.1만,(광고) 달콤왕가탕후루 사고 음료수에 탕후루를 넣었더니ㅠㅠ😱 62주,"#달콤왕가탕후루, #달왕탕, #탕후루, #왕가탕후루, #왕가탕후루신림역점, #사고, #사고펄, #망고사고, #딸기사고, #청포도사고, #mukbang, #먹방, #asmr, #이모지먹방","satymbaeva_8 | 2025-02-04 | Кыргызстандан 👋 ❤️
lee_ji___su | 2024-11-10 | 얘꺼 절대안봄
gaegulgaegul91 | 2024-11-09 | (얼굴도 귀여우심😍😍😍)
gaegulgaegul91 | 2024-11-09 | 진짜로 복스럽게 드셔서 무얼드시든지 맛있게 보여요😍
machawinaaaa | 2024-08-20 | I love asmr tanghulu by you😍
w_x12on | 2024-08-11 | 와..소리 미쳤다
2011._.0228 | 2024-07-20 | @h_1xju
asgarovnur7 | 2024-06-18 | 난 아주 많이 당신을 사랑합니다 ❤️❤️
cymm0504 | 2024-06-13 | 언니 예뻐요
sweetie42311 | 2024-06-12 | 완전 동영상 전부가 다 왼쪽으로만 씹으시는지?
anaaa01._ | 2024-06-11 | 맙소사 나도 똑같이 해보고 싶어💕😁
y0.chan2 | 2024-06-06 | 아니 국밥 먹는 것 같앜ㅋㅋ
dtate_528 | 2024-06-05 | 신림역점이요?? 저희 생각보다 가까웠네여...☺️
tomorbaatarsondor | 2024-05-31 | So тэнэг
10.jux8 | 2024-05-30 | 맛있겠다
ghddpfl7223 | 2024-05-28 | ❤️❤️❤️❤️❤️❤️❤️❤️
hye__s.2 | 2024-05-27 | @myungsoon_2 규빈이랑 이렇게 만들어 먹을까욤…?🔥
xp.u7v | 2024-05-27 | 입 안에 마이크 소유중이신가요?
_nev3sx | 2024-05-26 | ❤️
deepbluesurfer | 2024-05-26 | @tibfrlwjun 이거 먹고싶어
mi.jxo04 | 2024-05-25 | 언니 더 미인됐네욬
_ynx2eo | 2024-05-25 | 근데 마이크를 안끼는디 소리가 이렇게 날수있어요오...?
hxuk_1017 | 2024-05-25 | @namjuhan77
jeong_yula0 | 2024-05-24 | 어떤 사고가 제일 맛있나용??
xxnx9xxh | 2024-05-24 | @geon_h_o_ 내일 이거 머글래
062.na123_1 | 2024-05-23 | 지민아 이모 시내 노가다띠는중!
venus0727 | 2024-05-23 | 실제 나이가 어떻게 되세요..?
delviraameliaputri_ | 2024-05-22 | Mw buat es buah y kak😍
s.ozm1 | 2024-05-22 | 맛도리일듯~~ 오늘도 잘! 보고갑니다~!😍😍
phw.thaoor_ | 2024-05-22 | xinhhh vaii
hrt._.mm.luv | 2024-05-22 | 타피오카 느낌이...?
love__quen__arifa | 2024-05-22 | Hii
yeon_su_su | 2024-05-22 | 왕가탕후루에 나온 빙수는 없는데 탕후루카페 라고 영종도에 있는 카페에 탕후루 빙수 있어요!
ji13.k_0102 | 2024-05-22 | 1,900 만들었어욤🙌🙌❤️❤️
muslima_0774 | 2024-05-22 | 😍😍❤️❤️
_slm_117 | 2024-05-22 | I have seen many types of sago but never with tanghulu❤️❤️
se0yx_n.3 | 2024-05-22 | 13분전!! 언니 오랜만에 영상올리시네용!!
jenny05185168 | 2024-05-22 | 언니 사랑해❤️❤️
_do.x13 | 2024-05-22 | ❤️❤️
sujeong6233 | 2024-05-22 | 시아가 먹으면 다맛있게 보여요
_ar0a8 | 2024-05-22 | 2분전!"
2024-05-17,22.2만,진짜 이 맛이 난다고??😱 62주,"#toctocsia, #톡톡시아, #먹방, #mukbang, #emojimukbang, #이모지먹방, #asmr, #먹스타그램","kylieleung010101 | 2025-01-22 | Boil egg yellow+ soy sauce=🦀
109s083 | 2024-12-14 | 我在想西瓜是不是要微波？
khmldhqny65 | 2024-11-13 | 🍉+🍋= فالوده
_anx1n | 2024-11-04 | 🥒+🍫(누텔라)=🍉
romyannnovosadova | 2024-10-31 | 🥓+🍟+🥒+🔥=🍄‍🟫
romyannnovosadova | 2024-10-31 | 🥓+🍟+🥒=🍄‍🟫
mainitiga_everyday.1 | 2024-10-22 | 🍎➕🥛🟰🍓
_frootiii_26 | 2024-10-21 | U look like Asa of BABYMONSTER
nn1ne.ddy | 2024-10-20 | Semangka goreng khas ""INDOSIAR"" 😂😂😂😂
namsisi1114 | 2024-10-11 | 그거 오이를 설탕에 찍어 먹으면 안되고 설탕 물에 하루 졸려야 할걸요??
benkarpuzolmakistiyom | 2024-10-08 | Abla Boğazında mikrofon falan mı var?
be.becks | 2024-09-08 | 🥒+🍎=🍈
03._.022 | 2024-08-31 | 🍎➕🥒=🍈
lhz_ytszx | 2024-08-29 | 🍎+🥒=🍈
hanaakim9 | 2024-08-11 | Knapa kamu makan yono
_moon_l1ght_oo | 2024-08-07 | Hammasi jamlanib tualetga tansoqchi bolasz 😆
baohandoan.ngoc | 2024-08-04 | Hok bic có ngon ko mà thấy nhói nhói cái bụng rồi đó
wenqi._0913 | 2024-08-04 | is 🥑+soy sauce+wasabi
quintelamiri | 2024-08-03 | Comidas que eu fazia do toca boca:
fati__to90 | 2024-07-31 | 🍉+🍌=🥒
mouihamira50 | 2024-07-26 | مستفزة
kw0qsa | 2024-07-26 | вот такой еще помню 🤏🤏🤏
zavarkoz666 | 2024-07-22 | Почему она похожа на дочь Марго
leylahosseinzade92 | 2024-07-18 | اون دوغ بود؟؟؟!!😂
ariyana6243 | 2024-07-18 | 🍉+🔥
mjkl_0111 | 2024-07-16 | 🍊+김+간장=멜론
noorsalem_10 | 2024-07-15 | 🍡+🌸
julia_julia0822 | 2024-07-10 | 🥒+🍎=🍈
si.yeox_ | 2024-07-10 | 계란 삶아서 흰자랑 간장+와사비 섞은 거에 찍어 먹으면 진짜 광어맛 남 이거 ㄹㅇ
nouritaaa.77 | 2024-07-10 | That is a HIGH LEVEL of being a pick me
lhamnorjma1 | 2024-07-09 | 🍞+🥩+🧀+🍅+🥬=🍔
parkyoona448 | 2024-07-08 | This is poisoning
nyrkis_12 | 2024-07-06 | То самое тока жере
lx.4n_ | 2024-07-06 | 에이스 냉동실 1시간= 호두마루
phuongnhakim | 2024-07-05 | 🍈=🍉
hazeleafilesya | 2024-07-04 | The 🍉+🍌=🍅
rkynhell | 2024-07-03 | 🍌+🍑=🥭
yukkimaa_ | 2024-07-02 | 🥒+🥒=🥒
merveyusufkrbck | 2024-07-02 | 🍉+🍇=🥒
poprostuzosia_ | 2024-07-02 | 🍇+🥜=🍫
pazylove80 | 2024-07-01 | Мурдуна ка котогум
aisadehgan | 2024-07-01 | 🧀+🥦=🥔
ai._.627f | 2024-07-01 | 🥒+🍫＝🍈
kadylbekkyzy_0009 | 2024-06-30 | Бля блшылдай бермеш адамнын нервсна тип
they.luvsooahh_ | 2024-06-26 | 김+간장=맬론!
baatarkhuuazjargal | 2024-06-24 | Grinch
_exoticnoor_ | 2024-06-23 | 시간안비 🤦
rar12_48 | 2024-06-22 | 🍏+🥒=🍈
musik_saya_ | 2024-06-21 | 🍓+ 🧊=🍉
a.muxamedovv | 2024-06-21 | 🍎+🥒=🍉🍉🍉
morocoo_original | 2024-06-20 | 🍞+🍅+🧀=🍕//🧃+🧊=🍺//🍓+🧊=🍨
rose_girl__143_123 | 2024-06-18 | 🍑+🍦=🍳
asgarovnur7 | 2024-06-18 | ❤️❤️
alafel2 | 2024-06-18 | Rabarbar + cukier =słodkie jabłko🍏
star0.0pas | 2024-06-17 | 이분 성인이셔요?
ashmeowketchup | 2024-06-16 | Banana America ok!
jaxxlope | 2024-06-13 | plis kalo makan gsh bunyi
muslima.9569 | 2024-06-13 | ❤️❤️
hanifa.qd | 2024-06-13 | 🫒+🍯=🥝
safarzadeh857 | 2024-06-12 | 몇 살이에요 ????
anaaa01._ | 2024-06-11 | 노력하다 🥨+🍫=🍩😍
mayur_1351 | 2024-06-11 | 🥒+🍊=🍈
mala.kadl | 2024-06-10 | 🍫+🔥=🥒
iskandaruzbeksila | 2024-06-10 | 🥒+🍫
thy_prvt | 2024-06-09 | Banana????
eu_.w11 | 2024-06-06 | 수박을 너무 덜익혀서 그런거 아닌가요??
baltabekovvva_s | 2024-06-02 | 💧+🍈= 🍉
kholoudel156 | 2024-06-02 | Free Palestine 🍉
paxry_khji | 2024-06-01 | 🍹+🥛=🥤
iwcilqnismiyimmmm | 2024-06-01 | Cucumber+sugar=🍉
olimvarobiya23 | 2024-06-01 | 오샤마디
michelle._.lzj0329 | 2024-06-01 | 🍉+green🍇=🥒
delvin0.x | 2024-05-31 | 🥬+🥩=✨️
zhumakhanova_9 | 2024-05-31 | Вопще дәм сезесіңба😂
maimoonah._.asim | 2024-05-31 | 🍊+🍐=🥝
myhsilva____ | 2024-05-30 | You are very cute 😍
daziux | 2024-05-29 | She means smth else guys…
a_zholdaskali | 2024-05-28 | Колбаса нан сыр будет бутер брод
meme48267126 | 2024-05-27 | 이모추천친구 잘부탁해여..,김중석삼춘
dilare.eliyeva3 | 2024-05-27 | 🍯+🍗=🍙
byyyyyy_.1120 | 2024-05-27 | 🥒+🍎=🍈
_anyion_svx_ | 2024-05-27 | 🍉🍉🍉🍉🍉
golchin3844 | 2024-05-27 | 🥑 +🍯=🍫
malak_txx | 2024-05-27 | 🍯+🍞=🍫
sol__bi_ | 2024-05-26 | 맛밤 + 바나나 = 바밤바
nattanantkenda | 2024-05-25 | 🥒+🍯=🍫
gimcan4399 | 2024-05-25 | 🥩+🧂=🍖
paolar.gutierrz | 2024-05-25 | 🥒+🍎 = 🍉
__96__insafe | 2024-05-25 | 🥒🍯🧄🥗
__96__insafe | 2024-05-25 | 🍞🥑🧄🫒
__96__insafe | 2024-05-25 | 🥩🥬🥒
aru.ttz | 2024-05-25 | 🥒🍫🥩🥬
delete_eteled404 | 2024-05-25 | 💃+🐞=🍤
alisewine | 2024-05-25 | 🥒+🥬=🍫
roya.princesse | 2024-05-25 | 🥬+🥩+🍫
itwa1048 | 2024-05-24 | 🐬+🔥=🍕
gokten_grii_i | 2024-05-24 | Toca boca
s_a_n_t_o_s_9_ | 2024-05-24 | 🥒🥬🥩🍫
rwmynkhyry | 2024-05-24 | ؟
__noora.__.7 | 2024-05-24 | تقهر"
2024-05-13,3.4만,(광고) 와..달콤왕가탕후루 사고음료수 출시!!😭 63주,"#달콤왕가탕후루, #달왕탕, #탕후루, #왕가탕후루, #왕가탕후루신림역점, #사고, #사고펄, #망고사고, #딸기사고, #청포도사고","chaaellsy | 2024-12-01 | mauu tpi jauh bgt
jaibacn | 2024-07-22 | 사고가 뭐에요?
islam.allah66 | 2024-07-10 | 😍😍
ainaxx39 | 2024-06-28 | 😍
jang___carlcox | 2024-06-27 | @ggumddi 마시깨따
ye1.g | 2024-06-15 | 실제로 먹어봤는데 펄은 안익고 과일은 얼음이 반인 냉동 딸기랑 망고 1개 청포도1개 이렇게 주고 너무 달아서 진짜 맛없었어요 .. 환불 요청했는데 해주긴했는데
so.mi0402 | 2024-06-02 | 아 나만 맛 없는 사고를 먹은거였어??😂 딴 가계에서 먹어야 하나😂
aemduiwoohyeon | 2024-06-01 | 졸라비쌈ㅋㅋ걍공차가셈
ls1_30313 | 2024-05-31 | 실제로 망고 먹어봤는데..
갠적으로 노맛임
1번 먹고 버림;
wonwon1219 | 2024-05-29 | 청포도 비추. 딸기 추천 망고 모름 개인적 후기
yxj._0n | 2024-05-28 | @yew0_0n 우리지점만 존나게맛없었나버 하 다른지역애 가야되나
blessupilates | 2024-05-27 | @picturesque_6433 와
13chax.y | 2024-05-26 | 우리지점 왕가 없어짐😢
daon._.s2 | 2024-05-23 | @euuuuuuuu_n 이거 아러??
kim_hhiq | 2024-05-22 | 먹어보고 싶다..
120_vungvung_333_vangvang_222_ | 2024-05-21 | 🈺🉐㊙️㊗️🈴🈹🈵🈲🈂️🈳
hjwguiter | 2024-05-20 | 모든 왕가탕후루 지점에 있는건가요?!
se_y_min | 2024-05-20 | 종류 저 3개에요?
i.hat2_u | 2024-05-19 | 먹지마라-
kh1ys_ | 2024-05-19 | 소는 4500 , 대는 6000 이에요 .ᐟ
오늘 먹어봤는데 제 스탈은 아니였어유 🥺
sun.__.m1 | 2024-05-19 | 먹어봤는데 난 맛없던데 개취니까
dayz_som | 2024-05-19 | @qkrdbtjr 나 망고사고 ...
bin_0617 | 2024-05-19 | @si2mjkkk 요고요고ㅠ
o_0_stern | 2024-05-19 | 완전 애기였는데 시간 빠르다… 엄청 예뻐졌다
d._.he19 | 2024-05-18 | 내가 먹은 청포도는 완전 맹맹하고 맛없던데..
elvientomio94 | 2024-05-18 | @i_saac_saramal 먹고시포
xxeonazz | 2024-05-18 | @k_hw_96617 이거 먹으자
alikahntofiq | 2024-05-18 | 영상도 너무 좋고 너무 아름다워요♥️
gweonyeongju82 | 2024-05-18 | 맛이겠어요
jheeee0507 | 2024-05-18 | @zzuuu_uu
hwanisi8 | 2024-05-18 | @simyujeong866 사조
dodo_q0525 | 2024-05-18 | @baedaehyeonbae 구해오도록.
so0.xyun | 2024-05-17 | 마리 안묶은 모습 익숙하지 않는데 잘어울려야ㅑ
j_nini__26 | 2024-05-17 | @park_xx_xx
1.68kg_ | 2024-05-17 | 갈수록 예뻐지는 것 같아요🤭💕💕
hy2n__ | 2024-05-17 | @ax_byeol 먹어볼래?ㅎㅎ
mji__ya | 2024-05-17 | @the_mogwa 할매 사고 무봣나
yklove1010 | 2024-05-17 | 왤케 이뿌게 컸으요😍😍😍
ddu_humor | 2024-05-17 | 망고사고 먹고 실이 엄청나와서 플라스틱 사건생각나가지고 무서워서 급 왕가탕후루 사장님한테 전화했더니 망고섬유질이래요;; 진짜 계속나와서 놀랬네요 결국 다 못먹고 딸기사고는 맛있어요!!!
lxxyuri_ | 2024-05-17 | @msune_
kwl4k | 2024-05-17 | 왤케 많이 컷지 애기였는데…
_zwwo9 | 2024-05-16 | 이거 따로 숙성하면 더 맛있을듯
chaeyoon7034_418 | 2024-05-16 | 혹시 서울에만 파나요??
isihyeon_123 | 2024-05-16 | 어떤게 젤 맛있어요?
oreoreoreoreo_o | 2024-05-16 | 우와 목소리가
kukukaka130705 | 2024-05-16 | 청포도는 안머거봄 망고는 대대대대대대ㅐ대대ㅐ대대대대ㅐ대추천 딸기는 내 취향 아님
ziidori_ | 2024-05-16 | @_hyeziii_ @__97.222 졸라 마싯게 머거-3-
su_jin_9_5 | 2024-05-16 | @2a0_1201 @j_reina_e 내가 먹어보고 싶은거야!!!!!! 너무 좋아!!!!!!!!!
yugyeong0523 | 2024-05-16 | @sang.__.___.min 사줘
ss_ong2u_u | 2024-05-15 | @_seo____23 ㅇㅅㅇ!!!!!!
s2_br_s2 | 2024-05-15 | @hyj4795
eumeya | 2024-05-15 | @anrajeong2
tor.i._ | 2024-05-15 | @ssliyui 머거보자
jin_yu_ra | 2024-05-15 | @lx__bloom
_12.0129 | 2024-05-15 | 사고가뭐에요?
e_xnxi | 2024-05-15 | @8_7.xu @sum_ni_0127
w_jieuni | 2024-05-15 | @shinheeju 이거구나
kimddeul_ | 2024-05-15 | @horang2kiwoon
kimingo_ | 2024-05-15 | @alstj098 먹어봄?
sn13woo | 2024-05-15 | 여기는 왜이리 진도가 빨라
woe_neong_ | 2024-05-15 | @sb_bin2 이거목고프네
o_dong_2 | 2024-05-15 | @an_eomji
young.0326 | 2024-05-15 | @yun___cherry 이고사러 가자
hmn.rip | 2024-05-15 | 사고네
yong__jae_jin | 2024-05-15 | @hb_zzzzz
alsqh4_ | 2024-05-15 | @c_om1ng.soon
djrwl0823 | 2024-05-15 | @wani___suu 이거 먹어보고싶다아 ㅋㅋ
1ns.e0_ | 2024-05-15 | 예전에 이언니 봣었는데 왤케 이뻐졌어용..ㅠ
y_sr__ | 2024-05-15 | @da.n_bb
yumiko_nakamura_artist | 2024-05-15 | 可愛い🩷そして美味しそう🤤
rosy8aby | 2024-05-15 | @w00_hy3on 마싯게따
3.1.uni | 2024-05-15 | @yena__by.eun 사고펄안먹어보고시펏놔
jiu5828 | 2024-05-14 | @da__9407 에헤헤레ㅔㅇ
s0e._.w00 | 2024-05-14 | 망고가 젤 맛있음
jaeeeung | 2024-05-14 | @jonadan_99_
yeon.___.jj | 2024-05-14 | @hi._.jaedi 먹을래ㅠㅠ
hrt._.mm.luv | 2024-05-14 | 일본에 없나...?😢
j1sun_ | 2024-05-14 | @pppheon 먹고품
k__d_d_ | 2024-05-14 | @kkanghana
utiutt_8603 | 2024-05-14 | @go._.neji 어케생각함
nabang42 | 2024-05-14 | @f_studio_owl 나 진짜 먹어보고 싶었던건데 왕가 탕후루에서 나옴
so__miin | 2024-05-14 | @j.yoonee_
sj4865 | 2024-05-14 | @12w._.0522
_ur2oim | 2024-05-14 | @seo.j2n
isyrd0907 | 2024-05-14 | 맛있겠당ㅜㅜ
_min__o_o_ | 2024-05-14 | @eunseo._.park 이고알아,,?
baba_ove | 2024-05-14 | 탕후루 집에서 음료…혁명이긴한대 쫌 뇌절이다
wnghks29 | 2024-05-14 | ㅎㅇ
_luv._sj | 2024-05-14 | 으잉... 생딸기 안주시고.. 냉동딸기가 들어이썻는데..
zzzwhffu12 | 2024-05-14 | @ch_yumi 온닝...마싯대...
amumal0 | 2024-05-14 | 갈수록 이뻐지시네 ..😢
now_eyh_c | 2024-05-14 | 그래서 시아가 고른 Top1은 뭔가요😍
hy_un_j04 | 2024-05-14 | @seokhwany00n 이거 먹자
kk.aaa.ne | 2024-05-14 | @cha_mi_kim
rxo7n | 2024-05-14 | 아 이거 개마ㅛ도리
s.axin_ | 2024-05-13 | @y.wo12 @eunseo121210 우린 뭐냐
syu0nx | 2024-05-13 | 실제로 먹어봤는데 청포도 진짜 너무 달음..망고는 꾸덕의 정석이고 딸기는 적당히 달고 적당히 맛있음
kdg08612 | 2024-05-13 | @seo.j2n
6i.sxn | 2024-05-13 | @yeeun584 사죠
sun_9.7 | 2024-05-13 | @_hyunaaaaaa"
2024-05-12,19.3만,이모지 동결건조 과일 먹방😭freeze dried fruits mukbang!! 63주,"#toctocsia, #톡톡시아, #asmr, #먹방, #mukbang, #freezedriedcandy, #freezedriedfruit, #먹스타그램, #동결건조지구모양젤리, #동결건조수박모양젤리, #먹스타그램, #이모지먹방","atiyah_zara | 2024-11-05 | Aku juga mauuuu😭😭
fatimakaldybaeva959 | 2024-11-04 | Пикми
yuuu_12277 | 2024-11-03 | 🔥
marshmallow_on_chocolate | 2024-11-02 | 복숭아도 있어용!
yogibrsnikov | 2024-10-27 | איכככ יא מגעילהההה
7.xa_hex | 2024-10-10 | 근데 이분 나이가..
heartz_kalia | 2024-08-30 | She looks like Asa from babymonster
_tram88_ | 2024-08-22 | 😍
cuuuuti_eee | 2024-08-08 | You look so beautiful 🎀
untilyoufound.me | 2024-08-05 | #savebangladesh #savebangladeshistudents #alleyesonbangladesh🇧🇩
khulaka333 | 2024-08-04 | Wow
khongorzul608 | 2024-08-04 | Pickme girl
abdllevaz_ | 2024-08-03 | 😍🔥
_kr.ttk | 2024-07-26 | 😍😮아 맙소사 베이비몬스터 아사 닮았네
irmak_2023a | 2024-07-25 | Shes so cute
amalbarhuon4 | 2024-07-23 | ْ
nomio_boo | 2024-07-21 | Teneg
cacicu856 | 2024-07-19 | Plis yang semangka kayak bathbom
zainabhdalal | 2024-07-12 | 😍😍😍😍
zainabhdalal | 2024-07-12 | 😍
bao98706 | 2024-07-12 | OMG WHY SHE IS SOOO CUTE 😍
ohaeim25 | 2024-07-10 | 근데 옥수수는 과일이 아닌데ㅋㅋㅋ
x.x.x.yyuuu | 2024-07-09 | Она такая МИЛАЯЯЯЯ😍😍😍😍😍
justd_97 | 2024-07-08 | Eh udah gede ajaaa, dlu nonton msh kicik 😂👏
azalia.arraf | 2024-07-08 | Yummy😍
yunyena99 | 2024-07-07 | 옥수수가 과일인가요?
hijrah_jenii | 2024-07-04 | Lah kok muka nya mirip aku
firdaouss.__.prvx | 2024-07-04 | You 🫵🇨🇳
red_sihoon | 2024-07-03 | 옥수랑 귤이랑 메론이랑 블루베리랑 파인애플이있어?
j___soo_kyoung._.91 | 2024-07-02 | 옥수수눈 밭두렁맛나나
askatkyzy32 | 2024-07-01 | АСМО🔥
askatkyzy32 | 2024-07-01 | АСМР🔥🔥
velarahmatiani | 2024-06-30 | Itu bahasa cina ya
chenlinxuan85 | 2024-06-30 | 为什么不吃鲜水果
naura_lestari1 | 2024-06-26 | 阿帕卡号泥土不爱喝可伶
vivi.lhl.lkl_ | 2024-06-21 | 맛있다
bith_zel | 2024-06-20 | kayak oniel jkt48
fateme.00928 | 2024-06-18 | 15؟16
ersi_nayfila | 2024-06-14 | 또 과일 얼려, 웃기네🔥❤️🙌
hiilmaasofii | 2024-06-12 | ❤️❤️❤️❤️😍😍😍😍
_ko2mi | 2024-06-12 | なんだこれは！？
yhyzzziii966 | 2024-06-11 | 话筒的声音怎么能这么大
artqw.__ | 2024-06-11 | 😂
pecint4_an1me | 2024-06-09 | Bungkus mah gede isi nya dikit
h2.jxu | 2024-06-06 | 얃
matchadate_03 | 2024-06-04 | @nephdead kalo misalnya ini cilla gimana? 😂
sunoohearteu | 2024-06-04 | 나는 당신을 너무 사랑하고 왠지 너무 재미있어요 😂
sunoohearteu | 2024-06-04 | OMGGG ㅋㅋㅋ, 정말 해보고 싶어요!
ziiacristel | 2024-06-02 | Œ
hz_err7 | 2024-05-25 | Yang melon plingg enakk😍
juha0877 | 2024-05-25 | 사과도 부드러워서 맛있어용!먹어보세용
sarmilaa05_ | 2024-05-24 | Mungkin cuman dia yg belum oplas
nailyourmouthshutofc | 2024-05-23 | Dang she grew up lol I remember seeing her wen she was little doing these
caeyuni301 | 2024-05-19 | 옥수수 옥수수 젤리인줄 알았던 사람 >>>>>>
hom.18.01 | 2024-05-19 | Ytehihff🙌😂
_hrvzw | 2024-05-18 | @sarang_1319 @jian1312_
iuki_ai | 2024-05-18 | Jagung itu buah?? Baru tau😮
j.11_h | 2024-05-17 | 실례지만.. 어디서 팔나요...?
asma_moshfegh | 2024-05-17 | 나는 당신이 아름답다고 생각하지 않습니다 🙌
choiodi100 | 2024-05-16 | I really love you so cute💖
nueix_s | 2024-05-16 | 손이 넘 이쁘다
none_hope_me | 2024-05-15 | 어디서 팔아요?
suzye_14 | 2024-05-15 | 언니잉 담에는 마라탕 3단계 해주세요 ㅠ
sxohe_x | 2024-05-15 | ASMR겉아영!>:3
hrt._.mm.luv | 2024-05-14 | 빨리 물을 줘
ix_rose33 | 2024-05-14 | 너무 맛있어 보여요 하하
ede414 | 2024-05-14 | ❤️❤️
h_sun1010 | 2024-05-14 | 와 저 과일 동결건조 좋아하는데ㅔ...ㅠ
bgtnvva | 2024-05-13 | SHE LOOKS LIKE ASA
afifa_hss.family | 2024-05-13 | Gak ngerti saya kamu ngomong apa
freedom2317 | 2024-05-13 | 구입처알수있을까요?
jooha.oi | 2024-05-13 | Vienen las bolsas como muy vacias 😢
9_9i0huiiii | 2024-05-13 | 🧏🏻‍♀️🤏🏻
_d_h.11_ | 2024-05-13 | 동결건조된걸 한번 더 하면 어떻게 될까
coeyena775 | 2024-05-12 | 화장을 하다니... 언니는 쌩얼이 더 예뻐
yiso.kim | 2024-05-12 | 동결건조 칼로리가 어때용?
howarryou30 | 2024-05-12 | 와 군침 흐른다
h_ugs_1102 | 2024-05-12 | 변성기 오셨네 진짜 누나 같으
berydaon | 2024-05-12 | 이칩이야 애기한테 많이 먹였었는데 반갑네용❤️
neginelahi.73 | 2024-05-12 | 너무 맛있게 드시네요. 나는 그러고 싶었다.🤤
neginelahi.73 | 2024-05-12 | 넌 정말 대단해, 자기야. 행운을 빌며💜
happy_seon_you_v_ | 2024-05-12 | 디게맛있어보인다...1빠!
luvr_dona | 2024-05-12 | Nice 😍❤️
yxxn_seul | 2024-05-12 | 1"
2024-05-09,8.4만,얼린 왁스병 캔디🥶 frozen wax bottle candy!! 64주,"#toctocsia, #톡톡시아, #왁스병캔디, #얼린왁스병캔디, #asmr, #먹방, #mukbang, #먹스타그램, #이모지먹방","ha.yeong0102 | 2024-08-08 | 겉에 왁스 먹으면 안돼요!
da._hye12 | 2024-08-05 | 순간 프로필 보고 톡톡시아 아닌줄ㅋㅋ
shhhw139dt | 2024-08-03 | 원래같이먹는건데요?
ydoa._dkl | 2024-07-15 | Birdaha yapma
sonhayun74 | 2024-07-14 | 안먹었다 치기에는 너무 잘 먹는데
_ho_chul98 | 2024-07-11 | 마이컷다
nya.62424 | 2024-07-11 | Y’all those candy’s aren’t good there so sour n horrid
s._e_ie_ | 2024-07-09 | 온니...이뿌당...
pokeko123 | 2024-07-08 | これ買ったことあるけどオレンジ味が一番不味かった
milkeesm120831 | 2024-07-03 | 이 언니 왤케 많이 컸어😢
el_chino_cara_de_peo | 2024-06-30 | Mira para la caMara📸
ysr_248_b | 2024-06-14 | Emmm😘🥰😍😋😛😚😙😗 1/10🤨🤨🤨
muhammad_19_pkht | 2024-06-13 | bilu aranigi graini
jihyeontae32 | 2024-06-10 | 몇세입니까
sunoohearteu | 2024-06-04 | 정말 좋아 보이네요! 한번 해보고 싶어요 일반버전이랑 동결건조 버전이랑😍
kearneykevmel4 | 2024-05-31 | Umm i don’t think you eat the wax 😳
amaliavputri | 2024-05-22 | Your tooth was strong
mim4.648 | 2024-05-22 | 얼굴도 예뻐지고 더 성숙해 져쓰ㅓ
isthatbibiana | 2024-05-20 | Brand???
8sxva_ | 2024-05-19 | 저거 ㄹㅇ 맛없던데.. 어케먹누..
aei.heru_muh_ | 2024-05-19 | 존나예뻐지셨네
blossxm.so6 | 2024-05-19 | 어디서 살 수 있나요?
seo._cx3 | 2024-05-19 | ???:그거 맛 다 똑같은거에요~
seo._cx3 | 2024-05-19 | 😢
youngbin0331 | 2024-05-18 | 식감개쩐다ㄷㄷ
khomka81 | 2024-05-17 | Как это называется?
sh_qk_pk | 2024-05-15 | 왁스는 질겅질겅 씹다가 휴지에싸서 버리는데
s.ying_z | 2024-05-14 | 
ch.ex0 | 2024-05-14 | 와. . 이분은 점점이뻐지시는듯
kdg08612 | 2024-05-13 | @seo.j2n
qoehwoojsjakso23 | 2024-05-13 | 헐 진짜 많이 크셨다 ㅜㅜ 갈색머리 초딩때 종종 봤는데 넘 반갑구 예쁘당
demos_the_hellhound | 2024-05-13 | Girly did you freeze it?
rimyusaaaa | 2024-05-12 | ※外のワックスは食べませんでした
って書いてあります〜！
anas___lavezta | 2024-05-12 | 😍
anas___lavezta | 2024-05-12 | 😮
_xunchxx | 2024-05-12 | 저거 많이 비싸지 않나여?
nattha_mon2013 | 2024-05-12 | เสียงกัดคือแบบ🤤🤤
_dam411_ | 2024-05-12 | 손 예쁘시네욥
lotte_win.pls | 2024-05-12 | 왤케 많이 컸어..?
linazh4ng | 2024-05-12 | Its honeybee wax yall chill
s.ozm1 | 2024-05-12 | 안녕하세요~~~~
요즘 톡톡시아 정말 잘보고있습니다~~~😍😍😍😍
저런 따님 있으샤서 행복하시겟서요~~~~
앞으로 이런영상 많이 얼려주시고 건강하세요~~~😍😍👏😘😍❤️❤️❤️😘😍😍
2.jiy0_u | 2024-05-12 | 왁스말고 락스는...
ececoskunlar | 2024-05-12 | 86715
dayez_zz | 2024-05-11 | @chaeyeon_lee__ 너밖에 생각안난다죠
mimikkoharu | 2024-05-11 | あの小さな子がこんなに素敵なお姉さんになったの〜!
何だか感慨深い🥰
ladvxx | 2024-05-11 | 그리고 어디서 구매가능한지 알려주세요
srxndypity_ | 2024-05-11 | she said that she didnt eat the wax guys dont worry 😂
abanggelion | 2024-05-11 | 먹고싶다
koko._.0602 | 2024-05-11 | え、白いのって、、ワックスじゃなかったけ、？
yhn_ex | 2024-05-11 | 전 블루 최애용~~
_xxmii.10 | 2024-05-11 | こういうのって色で人の目が錯覚してるだけで全部味一緒ですよ
worakan_saelow | 2024-05-11 | 너무 귀엽고 아름답습니다.
jeonyugweon6 | 2024-05-11 | 이분 나이가 어떻게 되죠?
runa._.sasaki | 2024-05-11 | NOO! Don’t eat the wax😭 you’re supposed to bite off the top and drink it, but it’s frozen😭😭😭😭
petallong | 2024-05-11 | BLUE 6/10!??!!?
hand__yejung | 2024-05-11 | 왁스는 식용왁스 입니다 먹어도돼요ㅠㅠ 양초녹인거면 안팔겠죠?
rpaca_0706 | 2024-05-11 | 꼬꼬마일때부터봤는데 벌써 이렇게 컸네요ㅎㅎ그만큼 나도 늙음.....
haniefnxtdoor_ | 2024-05-11 | @itszahranur mirip
xlost_lambx_ | 2024-05-11 | Wax
m1nn_jjun | 2024-05-11 | 얼마나 크신거야 이제 렌즈끼시네
hamid_reza.m.z | 2024-05-10 | ❤️
jameelaelabraq | 2024-05-10 | Girl had brown hair now she has black hair
_ouo_ud_xoxo | 2024-05-10 | 뭐야? 언제이랗게 컸지????
cy__0110 | 2024-05-10 | 吵
umekodesu | 2024-05-10 | 外の白いヤツって食べれるんですか？
xlmon8_ | 2024-05-10 | ロウソク食べてる！
njq_6xi | 2024-05-10 | これって中身だけ食べるんじゃないんだ！初めて知った！
yu_han8160 | 2024-05-10 | 난 그거 먹는건줄 알고 걍 씹어먹었는데
_lilniusha | 2024-05-10 | نخوردم ولی فکر کنم قرمزه خوشمزه باشه ؟
minje179 | 2024-05-10 | 페이보리
diahh0251 | 2024-05-10 | Lilin nya jangan dimakan makan selai nya aja
unsolvedmysteries1 | 2024-05-10 | I don’t think you’re supposed to eat the wax
appocallyse | 2024-05-10 | i need try it 💔
keil_yjm | 2024-05-10 | 저는 멕시코에서 왔어요 🇲🇽🇲🇽 안부를 전해주세요
7u.xzeo_ | 2024-05-10 | 왁스병 특:겨울에 문구점 가면 얼어있어서 집가서 안 얼려도됨
cuculi_1907 | 2024-05-10 | eat normally
zereeemmm_ | 2024-05-10 | 이 사탕은 뭐라고 부르나요?
azurx_oa | 2024-05-10 | 저건 어뜨케 먹는거에요??
isiyun366 | 2024-05-10 | 왁스 뱉고 어케 처리하죠
abcdee717chill | 2024-05-09 | 선텁이쁘다 나같으면 맨날 asnr이나 하고 다니지😍👏👏
_w.xlo10 | 2024-05-09 | 이거 어디팜
egshiglngdishd | 2024-05-09 | How old are u?
ars_redman | 2024-05-09 | 大きくなったなー☺️
loolooyummy | 2024-05-09 | Crunch crunch 😍😍😍😍
bill.l___ | 2024-05-09 | Doesn't your tooth hurt?
71m_limlim | 2024-05-09 | is this a snack?😮😮😮😮
kim_seayoon | 2024-05-09 | 겉에왁스먹으면안되나요?
akshalalit | 2024-05-09 | Traverse 🌍"
2024-05-08,1.4만,여러분~이번 5월 가정의달 선물은 무조건 이겁니다!!! 바주카 스페셜 패키지 64주,"#바주카스페셜패키지, #어린이날선물추천, #조카선물, #바주카캔디, #틱톡캔디, #틱톡간식, #바주카, #간식추천, #Bazookacakepackage","park_sieun12 | 2025-05-18 | 언니 삐삐머리 현타안와?
jobircek_888 | 2024-08-11 | 29.900원? 아주 비싸요😳
shinsk1124 | 2024-08-05 | 우리아빠가1개라도먹었는데신데요
gamewook_1228 | 2024-06-01 | 혹시 몆살이에요?
osubeom1 | 2024-05-24 | 브랜드명 처음알았음
shreyad2316 | 2024-05-24 | Your voice is a little similar to jisoo ❤️❤️❤️
meongi28 | 2024-05-18 | 저거 한개에 3000원 하던데ㄷㄷ
nnddpt_ | 2024-05-18 | 😂
sh_qk_pk | 2024-05-15 | 단점: 사탕치곤 ㅈㄴ비싸다;;
s.huun1 | 2024-05-12 | @hr_.169 사줘
syj_ddong | 2024-05-12 | 저거 개맛있음
k_tt_00 | 2024-05-12 | 치과는열일하겠구만
o_chaewon | 2024-05-11 | @eun_jin_n.n 야 이거 미국에서 가장 사랑받는 사탕 브랜드래 우리가 환장했던 이유가 있었음
hx.ran2 | 2024-05-11 | ㅁ마싯겟다
lee_0290 | 2024-05-11 | @hw.ang626 ,@sunyoul13 영어마을 생존 품
sx._jji | 2024-05-10 | @aaaareum_kim 이거 사줘
wxeziuux__ | 2024-05-09 | 헐 혹시 넷플 베스트탐정단에서 성우 하셨나요 착한여자애 목소리랑 똑같은데
hayaung_12 | 2024-05-09 | 그거 한개씩 우리 집앞 편의점에 한개당 1천우ㅗㄴ ㅅㅂ호 ㅗㅗ
isua7736 | 2024-05-08 | 완전 핫할것 같은 제품..ㄷㄷ❤️❤️
allcircle_ | 2024-05-08 | @jiwoo_an_ 쥬쥬쥬.. 지우씨 실례가 안 된다면 사탕 하나만 사주십쇼..🍭
s3a.6h | 2024-05-08 | 시아언니! 이거 얼마에요??
lyaxv_2 | 2024-05-08 | 2빠
se0yx_n.3 | 2024-05-08 | 7분전!! 1빠!!
saj_os0 | 2024-05-11 | @jo_o13p_q
g4.hvvx_ | 2024-05-11 | @hy._.un.11 같이 먹을쉴
boramkim79230 | 2024-05-09 | @euncong_coe 와 수아 사탕이다
juhanyul8 | 2024-05-12 | @hwangseonggeum22 엄마 사주세요😢
subeeeen._.96 | 2024-05-11 | @subeeeen93 삼촌아 사줘라
sh_j120 | 2024-05-23 | @taegyeong_425 니 이거 말한거지
coegyubin565 | 2024-05-31 | 나 저거 샀는데 진짜 마씨어여
jjingjjingmamma | 2024-05-09 | 비싼건둘째치고 죄다먹기가 힘든캔디ㅠ"
2024-05-04,2.9만,엽떡 펄볶이??😱 64주,"#toctocsia, #톡톡시아, #먹방, #mukbang, #펄볶이, #엽떡, #asmr","w.sol14 | 2025-06-23 | 엽기 펄볶이 아닌가요오..
simjuri3940 | 2025-06-13 | 👏👏👏👏
ywionog | 2024-07-14 | 我不行欸 黑糖的味道加在裡面感覺好怪🤕
kdg08612 | 2024-05-28 | @seo.j2n 맛있냐?
chookoyay | 2024-05-20 | kirain tutut njir
kaerrjaq | 2024-05-18 | 저거 떡볶이에다가 초콜릿 넣은거 같은데
tahs_132 | 2024-05-18 | Nhỏ này khùng hả
sir.sweet12 | 2024-05-17 | ?/10
dlahzkt | 2024-05-14 | ？
mumu02172020 | 2024-05-09 | 저기요 죄송한데요 이빨로 좀 먹지말아주세요
jensoo__01 | 2024-05-09 | 怎麼可以把黑糖珍珠加進去辣炒年糕裡（哭哦🥹🥹🥹
fu_1104_ | 2024-05-07 | 看到這個影片，我終於懂義大利人的感受了
moh__med__bmw | 2024-05-07 | ❤️
da.mar1599 | 2024-05-07 | @sweartcht
2sh_ww | 2024-05-06 | @seo_wldnjs
je71409 | 2024-05-06 | 맛있😮겟다
bu__gm | 2024-05-06 | @jsm6_7 니애미
southside.shay69 | 2024-05-06 | She got so much older omg !! 💕
chni1.__ | 2024-05-06 | 蛤？
c0nxin_ | 2024-05-05 | 이렇게 많이 먹으면서 살이 안 찌녀요.. 부러워요
xinying.cheah.1 | 2024-05-05 | 🤤
school_die11 | 2024-05-05 | 저기.. 목에 소스 묻으셨는데 얼마나 맛있으면...
hip_jieun | 2024-05-05 | 공차에서 펄떡볶이 맹글어서 엽떡에서도 펄떡볶이를 만든건가용??
iminju536 | 2024-05-04 | 저게뭔
sshazuka | 2024-05-04 | Is that Boba? 🤨
gwksb621 | 2024-05-04 | 결론:엽떡은 맛있다
omar.khdr.akoy | 2024-05-04 | 맜있어요?
hx.sol_11 | 2024-05-04 | 그럼 떡볶이에서 흑당맛나는거에요?.
adonisxavier5 | 2024-05-04 | tteokpopkki eaten with grandmother's buffalo? Are you crazy?
artariaria | 2024-05-04 | Is that.....bobba & tteokpokki?
se0yx_n.3 | 2024-05-04 | 16분전!! 오늘 엽떡 먹엇어용!! 맛이 궁금하네용😢
cirrus_enthusiast | 2024-05-04 | Crime
luvr_dona | 2024-05-04 | Good 😍
ix_rose33 | 2024-05-04 | 어쩌면 맛있을 것 같지 않나요?"
2024-04-30,13.5만,셀러리 소스별 먹방!😱Celery emoji mukbang!! 65주,"#toctocsia, #톡톡시아, #셀러리, #celery, #asmr, #먹방, #mukbang, #먹스타그램","rokawael145 | 2024-08-01 | You have smile eye 😍
nastik1463 | 2024-07-27 | 🐰🐰
burbuja276 | 2024-07-23 | 안녕하세요
burbuja276 | 2024-07-23 | 안녕
erkezhanakhmetbek | 2024-07-10 | これはイチジクの木ですか？
lil.rose.06 | 2024-07-09 | یام یام یام
cc_on9_on99_ | 2024-07-08 | Stop eating like a kid
elabaydemir78 | 2024-07-07 | I LOVE YOU
anggiaalfianaa | 2024-07-04 | @putriabdin ini mirip brita versi sunlight cerahnyaa
joooooh_jo_ | 2024-07-03 | That sound was sooooo satisfying 😌👍🏻
afika__26 | 2024-06-28 | 𝐤𝐲𝐤𝐧𝐲𝐚 𝐚𝐤𝐮 𝐬𝐝𝐡𝐡 𝐭𝐞𝐫𝐥𝐚𝐥𝐮 𝐣𝐚𝐮𝐡𝐡
somiaeyo | 2024-06-26 | 샐러리 크림치즈 발라먹으면 맛있대요!!😮
chayrafayyolanafhifa | 2024-06-25 | Ka
chayrafayyolanafhifa | 2024-06-25 | Ka
chayrafayyolanafhifa | 2024-06-25 | Ka
chayrafayyolanafhifa | 2024-06-25 | Ka
chayrafayyolanafhifa | 2024-06-25 | Ka itu ap
delee_delee | 2024-06-22 | 나쁘지는 않지만 좋지도 않음
itz_uki_ | 2024-06-21 | Don't hear this with headphones on
ji_iyeon08 | 2024-06-17 | 맛있는 소스와 맛 없는 소스 표정이 다 드러나는게 너무 귀엽다
z.fuxcy.98 | 2024-06-16 | 볼이 너무 귀여워요!ᰔ
iblamehira | 2024-06-10 | Udah gedeee😢
tiaren.jmrr | 2024-06-08 | @laren_imsong_17 you look like her!!👹
mupp.flowerss | 2024-06-06 | 당신은 정말 아름다워요 ෆ
1its_me_jihane_0 | 2024-06-05 | بلاتي الخرشف أش كيدير تما😂😂😂😂😂😂
_jan_nat2011 | 2024-06-04 | Чүкөрү это по Кыргызский надо с солью кулатты
altynai_baymamurova | 2024-06-02 | Сенің қызың айша ма???
myktybaevaizere | 2024-05-30 | Пик ми
cemall.uyyyy | 2024-05-30 | 나는 그를 보는 것을 정말 좋아합니다. fyp Instragram에서 그를 처음 봤을 때부터 그의 콘텐츠가 더욱 마음에 들었습니다. 🙌
kdg08612 | 2024-05-28 | @seo.j2n 샐러리 나도 맛있더라
hassan.alizade.921 | 2024-05-26 | Those fruit is my fav fruit
yenhoang4246 | 2024-05-25 | môi k để tự nhiên đc hay s
_itskringkring | 2024-05-25 | I don't like it 🙄
handongan33 | 2024-05-22 | 성인다됐다
saskya.aura | 2024-05-21 | Krauk krauk krauk👏
rexy_yongcw | 2024-05-21 | Damn she's so grown up now!❤️ I'm feeling old
truong.do.94617 | 2024-05-19 | Xĩ 😂
h_aeu.n0 | 2024-05-19 | 셀러리가 한 몫하네요
11nichxmo_n | 2024-05-19 | @jatanptoy_.00 น่ากินว่ะ
aizhana_27.07.2012 | 2024-05-18 | Она не попробовала чукуру с солью
sysy0630 | 2024-05-14 | 소리 ㄴㅓ무좋아옹😍
wiphaakuul | 2024-05-13 | กุที่งงว่าผักกินกับช็อกโกแลตได้
m.mustafin07 | 2024-05-13 | Блять селдерй калай жит
cheung_boss | 2024-05-12 | ❤️❤️❤️❤️❤️❤️
lamoy314 | 2024-05-12 | tabasco is so good
otdort_blink | 2024-05-12 | Rabbit
nope_1m_g00d | 2024-05-11 | Why did i thought I was asa(from baby monster)
jangseoeun691 | 2024-05-09 | 팔로우했따
krhalyeedn_mmmk | 2024-05-08 | كلي زي الادميين
addi_is_chill | 2024-05-07 | What's that green ???
crescenthli | 2024-05-07 | Try peanut butter! I can only eat celery with peanut butter.
yejiskitchenstories | 2024-05-06 | 미국에서는 간식으로 땅콩버터랑 먹어요!
art_azull | 2024-05-06 | Celery?
wpdlal92 | 2024-05-05 | 다음에는 렌치 드레싱에 찍어 잡솨바 미침
s3uia | 2024-05-05 | الخرشف
parkd.oha1 | 2024-05-04 | 전 개인적으로 위에가 땅콩버터랑 건포도를 얹어서 먹어요 영어론 Ant on a log 라고 하는 유명한 간식입니다
j0_xun10 | 2024-05-04 | 확실히 마라탕후루년보단 낫다 ㅇㅇ
_eeheaj | 2024-05-02 | 소리 넘무 좋아여❤️❤️힐링돼용
hxpdx | 2024-05-02 | 맛있겠다ㅠㅠ
_fateme_sadat_98 | 2024-05-02 | ROSE blackpink
jinya938 | 2024-05-02 | wow❤️
aya_sokr_123 | 2024-05-01 | بس بدي افهم شوسر بياضك😭
kittyyauuu_ | 2024-05-01 | None of your videos are perfect marks🙄
sha.lliv | 2024-05-01 | Is it me.or i just didn't like celery
chaymaaelkadiri | 2024-05-01 | How old are you. 😍
namyumi88 | 2024-05-01 | 샐러리 마요네즈 조합❤️
daxiex._ | 2024-05-01 | 샐러리는 랜치지
mungjin230418 | 2024-05-01 | 오래만에 방문해는데 여전이 이쁘요~
bo_ut_ai_na_0 | 2024-05-01 | خرشف خرشف خرشف
luvr_dona | 2024-05-01 | Perfect 👌
xiaong_leo | 2024-05-01 | How old is she?
__luen_22__ | 2024-05-01 | 와 진짜..손 댄스 아가때?하는거 봤는데 진짜 잘컷다
nisaws_.1 | 2024-04-30 | ❤️
wxx._r1m.01 | 2024-04-30 | 쓰던데
moh__med__bmw | 2024-04-30 | ❤️❤️
_slm_117 | 2024-04-30 | ❤️
emy.hanbias | 2024-04-30 | ❤
baeggayun751 | 2024-04-30 | 초코시럽 애반데
hxwon_c | 2024-04-30 | 빨리 왔다
ijiae0614 | 2024-04-30 | 16 분전 3빠
2a._luy | 2024-04-30 | 1분전 ㄷㄷ 언니 사랑해유 닭발먹어쥬세용
se0yx_n.3 | 2024-04-30 | 1분전!! 1빠!!"
2024-04-28,4만,집에서 배라 아이스크림 만들기!😱 Making baskinrobbins ice cream!! (제품 정보는 프로필 링크 참조) 65주,"#toctocsia, #톡톡시아, #배라, #배라아이스크림, #asmr, #먹방, #mukbang, #아이스크림메이커","coetaeeun13 | 2025-01-19 | 베라아이스크림먹어주셔요
itaeun97_cat | 2024-08-08 | 반민초단 하트 ㄱㄱ
kdg08612 | 2024-05-28 | @seo.j2n 나 오늘 라면 먹음
munku3692 | 2024-05-11 | 져지 잘어울리시네요
as_sych | 2024-05-07 | 아이스크림 모드 2번 돌리면 베라처럼 꾸덕해진데요!!
si.e_13 | 2024-05-06 | 저 3번째로 제 댓에 저를 태그하신분은...베라 깊티 선물!
korean_dance_2013 | 2024-05-01 | 이거 우리집에도 있는뎅
miraeiei | 2024-05-01 | @mr_hurt.r6 อยากได้เครื่องนี้เลย
ol4a0o | 2024-05-01 | 꽁꽁얼어붙은한강
jung._.csl | 2024-04-30 | 아이고.... 옷에 다 흘리네ㅔ
bla00ne | 2024-04-30 | Kok beda ama yg di gambar😭
kim_cinna | 2024-04-30 | Can you put English subs too 😢 please
ramunja.namunja | 2024-04-30 | 혼자 찜질방 사우나 불한증막 불가마 습식사우나 건식사우나 반신욕도 하고 다녀!막들어가 땀빼고!
cyc_0316 | 2024-04-29 | 배라가아니라베라에요
jiiiiiiiiiiiii1n | 2024-04-29 | 저 저번에 시아님 쑥고개에서 봤어요~ 같은 버스를 탔는데 너무 이쁘더라구요~~😍❤️
j_min_h_908 | 2024-04-29 | 많이 싱거울듯...
amaliavputri | 2024-04-29 | Not soft?
williamwoo0204 | 2024-04-28 | Wow, this is amazing. 😍😃😋
0_lovelin_0 | 2024-04-28 | 대박
_slm_117 | 2024-04-28 | OMG the chocolate one looks so yummy😋❤
jojo_gotmojo_ | 2024-04-28 | You are supposed to add water and respin it…
akirrrr45 | 2024-04-28 | ❤️
nisaws_.1 | 2024-04-28 | ❤️❤️
sunyatong12 | 2024-04-28 | 一番！！！"
2024-04-26,2만,(광고) 달콤왕가탕후루 컵과일 이모지 먹방! 신제품 컵과일 출시😭 65주,"#달콤왕가탕후루, #달왕탕, #탕후루, #왕가탕후루, #왕가탕후루서울벤처타운역점, #과일, #과일도시락, #생과일","kdg08612 | 2024-05-28 | @seo.j2n 나 오늘 톡톡시아 팔로우함
_fateme_sadat_98 | 2024-05-07 | Love
_fateme_sadat_98 | 2024-05-07 | ❤️❤️❤️
mnmn_knog_kond | 2024-05-06 | ㅇㅃㅊ 금지
_side.ozer | 2024-05-04 | Türk kanı var
ykillei | 2024-05-04 | 프로필이 귀여워요.❤️
__tothlss | 2024-04-28 | May we know your age??? 😍
popoon1954 | 2024-04-28 | 과일 너무좋아요^^
_fateme_sadat_98 | 2024-04-28 | ROSE
nurz9045 | 2024-04-28 | 😍
oyujin2767 | 2024-04-27 | 너무 맛나고 사장님이 친절하고 깨끗해요
oyujin2767 | 2024-04-27 | 너무 맛나요
oyujin2767 | 2024-04-27 | 너무 친절하고 깨끗하고
wangga_mangpo | 2024-04-27 | ❤️❤️❤️❤️
williamwoo0204 | 2024-04-26 | Wow. I prefer with yogurt. 😍😃😋
se0yx_n.3 | 2024-04-26 | 저 언니가 왕가탕후루 광고를 너무 많이해 저도 왕가탕후루 완죤 팬됫어용😂
_.l2tz | 2024-04-26 | ❤️❤️❤️❤️
baeggayun751 | 2024-04-26 | 시아 언니는 이쁘게 먹으니깐 광고가 많이 들어오지😍
aoaran | 2024-04-26 | @bobsongi @ji_mmnin @kkknahee @son.eunyoung
landking0121 | 2024-04-26 | 😄
_slm_117 | 2024-04-26 | I Love this asmr ❤❤
vip_of_asmae03 | 2024-04-26 | 👏😍😋😋"
2024-04-23,13.1만,여러분들이 좋아하는 BHC 최애 메뉴는?? 66주,"#toctocsia, #톡톡시아, #뿌링클, #치즈볼, #치로스, #mukbang, #먹방, #asmr","kko217kko | 2025-03-17 | 美味しそう🤤〜
yeonji00100 | 2025-01-26 | 츄릅!!
cy.w0324 | 2024-10-02 | 👏
p._.hjko | 2024-10-02 | 언제이렇게 컸어?
23.56.py | 2024-09-03 | kenapa udah gede aja
naappleee | 2024-08-31 | tanggung jawab, gue jadi kepengen.
minjoo_z | 2024-08-24 | @m_inzz 첨에나온 치로스 너가 딱 좋아할맛 먹어봐
kjy0.m31 | 2024-08-19 | 뿌링클
yyy_8014_t | 2024-07-18 | 好饿啊😢
rinradakhamphon | 2024-07-10 | 🦪🍖🥐
crazy_meatbuns | 2024-07-06 | You look like BABYMONSTER ASA!😮
sonjungmin__ | 2024-07-06 | @heoujin203 나도 사줫
x4zi7 | 2024-07-03 | 그럼 평점이 10/10인 사람은 없지, 하하😮
ekineomukiyowo | 2024-07-03 | angle kiri harga mati
ss.ero0 | 2024-07-02 | 뿌링클이요
luvvynaaaaa | 2024-07-01 | WAHH geMOYYY BNGT PAS LG MAKAN.
rain_ahceah | 2024-06-25 | 啊啊啊啊啊看起来真的很好吃
yukinyin1105 | 2024-06-25 | Where is BHC or is it only for take away?
yeowtongen | 2024-06-12 | 看起来很像很好吃
ricaoverjoyed | 2024-06-10 | @def.not.bobbie ganito sinasabi ko
menuka7051 | 2024-06-04 | I wish I was her
hrt._.mm.luv | 2024-05-31 | 다이어트 중인데..ㅎ
ndaarez | 2024-05-31 | YNG mau masuk ritsuki galeri bisa masuk lewat lini ini
nnn.1628_ | 2024-05-30 | 最初のやつ美味しそうすぎる
gabriellearroyoborja | 2024-05-26 | 마 그리 생각하고
rina1ur_pvt | 2024-05-23 | @marr.go33 это инаен в будущем ?
tr_saki05100612 | 2024-05-22 | タッパリってなんの意味ですか？
jingyou2305 | 2024-05-18 | She is living her live😢😢😢😢😢
om_ibrahim_j | 2024-05-13 | ❤️
khnsabitaa | 2024-05-10 | nahh mukbang cantik gini emg bestt
linyipeng05 | 2024-05-08 | 好漂亮💗
sk05.16au | 2024-05-08 | この子何歳なんだろう‼️
j_min14535 | 2024-05-06 | @lju03_21 뭐야 누나랑 비슷한데?
jaehyeok_king | 2024-05-05 | 시아님 1년전에 틱톡에서 봤을때 어려보이는 어른인줄알았는데 아직 학생이어서 놀랐음
bangtannnnnnnns09 | 2024-05-05 | @claretteeez essa moça é a sua cara juro
ykillei | 2024-05-04 | 져 그거 언제 먹어 봤어염❤️
godmother.1771 | 2024-05-03 | Why don't you give 10 out of 10 to any food? 😐😐
_tursynbaeeva_ | 2024-04-30 | 🎀~ASMR~🎀
morochawak | 2024-04-30 | Ooooohh como ha crecido 😮 recuerdo sus videos cuando era una niña, ahora es casi una mujer😮
neialsh | 2024-04-28 | @nctwish_official CHEESE BALL
min._.ho_11 | 2024-04-27 | 촬영후 남은건 가족끼리나먹었답니다~
nnnnnnnn_.14444 | 2024-04-27 | It's very delicious to eat.
ramunja.namunja | 2024-04-27 | 그런줄알고 주변정리 잘해두고 행동하세여!
ramunja.namunja | 2024-04-27 | 시외 식당 소개소타고 일하러간다.
lee_deun12 | 2024-04-27 | 내가 모르는 메뉴가 막 나와!😍😢
hara__0092_ | 2024-04-27 | 뿌링 핫도그도 맛잇어여
ma_ghebriou | 2024-04-27 | البنت تجنن ❤️✨
kangharam32 | 2024-04-27 | 소리가 지린다.
dkgus712 | 2024-04-27 | 저거 뿌링감자가 ㄹㅈㄷ 인데
sherwin.pau12321 | 2024-04-26 | 私の好きな食べ物はあなたが最初に食べた食べ物です
zx.v0_12 | 2024-04-26 | 언니 진짜 더 이뻐졌어ㅜㅜ❤️
account_closed_follow_analisa_ | 2024-04-26 | You're so pretty
stillwi.thvko_ok | 2024-04-26 | NOM NOM GOOD
nano_pakizegi123 | 2024-04-26 | حالمعالی🙂
ha.md8745 | 2024-04-25 | .‌
md_js._.1130 | 2024-04-25 | 허니콤보 될까아 요오?..
stra.wbereye | 2024-04-25 | mbak aku lagi puasa lohhh.....
xx_seoyounghoon | 2024-04-25 | 먹방요정 중 제일 귀여우신듯..ㅎㅎ
hamster_family_house | 2024-04-25 | 당신은 어떤 것에도 10점 만점에 10점을 주지 않습니다 😂
kianmahamed | 2024-04-25 | سلام آقای مهندس بهروزی و بررسی اسپرسو ساز نوا و روما طولانی مدت و بلند ترین یاخته ی بدن را در این مورد نیاز به نصب نرم افزار های کاربردی
baghyeonjeong2875 | 2024-04-25 | 보내지마.나는많이먹는모습도싫어해.여자가
s._.j0o3 | 2024-04-25 | 아 소떡 뿌링클 기루 찍어먹어야 되는데
ji_.n1121 | 2024-04-24 | 아..배고프다
leegayul.79 | 2024-04-24 | 누가 뭐래도 전 뿌렝클
undaakoo | 2024-04-24 | 😍
jeongwanu14 | 2024-04-24 | 나는 진심으로 치즈볼 먹으러 bhc 감
_shakhzoda___official | 2024-04-24 | 😍😍😍😍
bz_749 | 2024-04-24 | UMM 😋😋 UMMMM UMMM 😋😋😋 UMMM😋👻 UMMM 🦍 UMMM 😋
kimido0128 | 2024-04-24 | 오돌뼈 안먹.....?
nas1ba_karabaeva | 2024-04-24 | ❤️❤️😍😍🔥🔥👏👏
hs._.xyin | 2024-04-24 | 나도 먹고 싶다 ㅠㅠ
chrisvita_chrissy | 2024-04-24 | chubby cheeks are gone. she's growing up 😮😮😮
guliistaann8 | 2024-04-24 | Acıktım 🫠
luvr_dona | 2024-04-24 | Very good ❤️🔥👏
micky_cala | 2024-04-24 | And the part where you swallow?
agxowgxo | 2024-04-24 | 매우 식용 가능합니다.😊
ix_malk_ | 2024-04-24 | she is beautiful
super_crush_____11 | 2024-04-24 | 혹시 몇살이세요?
txy1ce | 2024-04-24 | Oh my god these are I love eat
soninumba1 | 2024-04-23 | Drake?
williamwoo0204 | 2024-04-23 | Wow, these are my favorite fried foods. 😍😃😋
been_1131 | 2024-04-23 | 🥥+초장=🦑(오징어)회 맛
saida_08942 | 2024-04-23 | 😍😍😍
lisaxoonim | 2024-04-23 | Wow😋
ss90.10.29 | 2024-04-23 | 시아에게 10점은 아마 바다포도일꺼야
cakar8zeynep | 2024-04-23 | So cuteee
vip_of_asmae03 | 2024-04-23 | 👏😍😋
mobina20106 | 2024-04-23 | 私はイラン人ですが、あなたのビデオが好きです
shangangmako76 | 2024-04-23 | いつもいい音すぎるし､美味しそう🤤
d.rie_77 | 2024-04-23 | 진짜 초딩때부터 봤는데 진짜 이쁘게 잘크신듯.....🥹🥹🥹
saud.acutie34 | 2024-04-23 | ❤️❤️
ffiisshh_ | 2024-04-23 | Looks soooo great!!
yuzukinmam05 | 2024-04-23 | チーズチュロス(？)美味しそう🤤
71m_limlim | 2024-04-23 | 🔥🔥🔥🔥🔥
nisaws_.1 | 2024-04-23 | I Love youuuu❤️❤️
sujeong6233 | 2024-04-23 | 예쁘게도 먹네-
duati795_ralte_khawlhring | 2024-04-23 | Give me 🤤😋😍
_xqxzi_yy3 | 2024-04-23 | ❤️❤️"
2024-04-20,31.6만,진짜 이 맛이 난다고??😱 OMG... 66주,"#toctocsia, #톡톡시아, #이모지, #이모지먹방, #emoji, #emojimukbang, #asmr, #mukbang, #먹스타그램, #먹방","jjin5620 | 2024-11-22 | 🫐+🍎=🥝
y100000iq_my | 2024-10-06 | 물+멜론=수박
m5_.o2r_ | 2024-10-03 | 🥑＋폰즈=연어
__m.1se | 2024-08-31 | 當我月底時自己是直播可是又沒錢😢
jo._.o._.n | 2024-08-29 | 🥛+🍅=🥭
aiaru23456789 | 2024-07-19 | 🍉+🍉=🍉
lobos9369 | 2024-07-17 | Pepino con azúcar
_alp_48 | 2024-07-17 | NİGA
nope_15op | 2024-07-17 | Такое только беременные почувствуют а она нет,хотя я не беременная но всё поела и всё вкусно🔥
deniz.qqe | 2024-07-16 | Your cheeks are very sweet🙌🙌🙌
aktilek6066 | 2024-07-15 | 🍑+🍎+🍇+🥜+🥔+🍙=🚽🧻
marialaurabecheanu | 2024-07-10 | Ur pretty . Your voice too👏
juni.arrahmaa | 2024-07-10 | 🍍+🍈=🥝
lhamnorjma1 | 2024-07-09 | 🍞+🥩+🧀+🍅+🥬=🍔
coesuhyeon189 | 2024-07-06 | 🍊+김=🍈
cam_jku | 2024-07-03 | 🥒 sugar _🍉
zulfiyaaminova4 | 2024-07-03 | 🍅+🍎=🍈🔥
asila.o4 | 2024-07-01 | Hamma narsani ham aralashtirib yemang keyin.........😅😅😅
allahverdiyev2390 | 2024-07-01 | ENGLISH OR SPANISH
karamyiyenbozukpara | 2024-07-01 | Nutella ekmek ve domates xilejlu waffle gibi
ustuner725 | 2024-06-30 | 🍉+🍒=🫐
phambalnganbi | 2024-06-30 | ❤️
chasu_tamang_6097 | 2024-06-30 | 🍞+🍳🎂
samrskl | 2024-06-29 | Что с ее носом....
farah_sadini8 | 2024-06-27 | 🍩+🧉+. =🧋
sannazar_maksot | 2024-06-26 | 🍔+🍧=🥧
__rovsana_ | 2024-06-26 | 🥒 + sugar = 🍉😍😍
rasse.l | 2024-06-25 | الصوتتت وجععع
j2ee._m | 2024-06-23 | 🥕+🍄+🔥=🍫
tudy2_56 | 2024-06-21 | ٩٩+
iklimbayli26 | 2024-06-19 | 🍉+🥒=🫐
zuziag12 | 2024-06-19 | To pierwsze naprawdę smakuje ja melon ale musi być więcej ogórka ale mniej jabłka
bts.bighitsoffiicial | 2024-06-18 | 🍊+🍦=🍉
iggnhauyen.meww | 2024-06-18 | Mic để ở đâu mà nghe rõ zị =))
blu3chloe | 2024-06-17 | @blu3cayy will this make u eat vegetables
my_passyon | 2024-06-17 | 🥒+🌫️=🍉
its.me.lina456 | 2024-06-17 | 😍😍😍😍😍😍😍7
_chvczxk | 2024-06-16 | Ngm tá falando do tamanho enorme da uva
ania_ghorbanpour | 2024-06-16 | 🥑+🍨+🍤=🥯
adeliya072024 | 2024-06-14 | ❤😍❤😍❤😍❤😍❤
_vivalavida._kd | 2024-06-13 | 🍎+🍅=🍓
raraamelia | 2024-06-10 | Thanks for the review😅
_.givzxn._ | 2024-06-10 | 마지막 콤보가 너무 많았어요
andriana814520 | 2024-06-07 | 🥒+🍭=🍉
dhisteagram | 2024-06-04 | tp dari perbandingannya aja ga seimbang???
chitiphanthphaasukh | 2024-05-31 | 🥒+Sugar=🍉
aisyahirvana | 2024-05-29 | Njiiirr dia udh gede aja😭😭
s2o_is | 2024-05-26 | @hju.12s
denial_ly | 2024-05-25 | ,😑
nainaolivia5 | 2024-05-25 | 🍑+🥝+🍓 thank you
__05.glsk | 2024-05-24 | 🍎➕🥛🟰🍓
lubie_placki12024 | 2024-05-22 | 🥒+sugar=🍉
_meyhraa | 2024-05-22 | 🍞+🍖+🥬+🧀+🍞=🍔
m.d_g3nc | 2024-05-21 | X
bes_tlulu | 2024-05-18 | 🥜%1 🍇%99
eness_ozzerr | 2024-05-14 | 😂😂😂
y_kko.9_m | 2024-05-12 | 사과랑 땅콩 같이 먹어야 초코렛맛!
mudtang_013 | 2024-05-10 | 🥒+sugar=🍉
piepiepiepiepay | 2024-05-08 | chicken soup + hot sweet tea = corn
meo.1x | 2024-05-06 | 오이 진짜 앏게 자르고 쌈장 찍어먹음 ㄹㅇ 메론맛 나던디
oys2792 | 2024-05-06 | 손톱이...
seveninchgu__7 | 2024-05-06 | 🍈+🥭=🍋‍🟩
gene_13y | 2024-05-06 | 🍌+🍫=🍌🍫
nilca_milca | 2024-05-06 | 🍌+🥛=🤰
seenzeer2512 | 2024-05-06 | 🍊+soy sauce =🍣✅✅it real
m_klymchuk | 2024-05-06 | 🍏+🐟(Dried fish)=🍉
thisandthat1231 | 2024-05-06 | 🍈+🍓(jam)=🍉
felixe.27 | 2024-05-05 | My love name is
taesik_kim1972 | 2024-05-05 | 뭐야 내가 작년에 봤던 톡톡 시아는 잼민이 였는데
ho_ge14 | 2024-05-05 | 🍓+🍎=🍉
axshyie | 2024-05-05 | 👨🏿‍🦱+🫃🏿=🍜
humanrights__guardian | 2024-05-04 | 옛날에 어릴때 봤는데 진짜 이뻐지셨네요
dax1.n_ | 2024-05-04 | 🍚🍤먹으면 새우초밥맛남
virgin_11_11 | 2024-05-04 | Banana + Pomegranate = 🥝
tn_khaw24 | 2024-05-04 | キュウリ + 砂糖 = スイカ
sinn_momo | 2024-05-03 | 🍎＋🥛=🍓
azqianurafifah | 2024-05-03 | 🥒+sugar=🍉
xotambek_001 | 2024-05-03 | 🏃‍➡️🏃‍➡️🏃‍➡️🏃‍➡️🏃‍➡️🚪🧻🚽
hanifa.qd | 2024-05-03 | 🧄+🍞=🧇
_tom_boiss | 2024-05-03 | 🥒+sugar=🍉
shibnoia | 2024-05-03 | 🍬=🍬
_inci_srky | 2024-05-03 | 🍉+🍨=🧋
dgmz_ensar30 | 2024-05-03 | 🥒+🍆=🤨
ri11_777 | 2024-05-03 | 🍌+🍑=👶
shamnad_babu_pn_ | 2024-05-03 | 아무래도 프레첼과 포도를 동시에 먹으면 프라이드치킨 맛이 나는 것 같다
j.en_ciy | 2024-05-02 | 오이를 뉴텔라랑 먹으면 참외맛 남
x_x.rnk | 2024-05-02 | え？じゃがいもってそういうことだったの？
halima__mopasan | 2024-05-02 | 🍒+ 🥓=🍣
eun1xh | 2024-05-02 | ❤️+❤️=❤️‍🔥
shika.ramoos | 2024-05-02 | 🥒+🧂sugar =🍉
ytubuvr__cnnnyce_y | 2024-05-02 | 🥒+🧂(sugar)
luffy_1937_09 | 2024-05-02 | 🍌+🍑=🤰
abdunazarov_709 | 2024-05-02 | 🍏+🍉=🥭
aqilakhans2308 | 2024-05-02 | @jessicajane99
_lllll_lllllll_llllll_llllll_ | 2024-05-02 | the way she said chikin🤭🤭
whos._.anto29 | 2024-05-01 | 🍎+🍊=🥝
aggnn.12 | 2024-05-01 | 🤫 + 🧏🏻‍♀️ =
ratkao_kao | 2024-05-01 | 🍺+durian=🥭
_.s.simo.s._ | 2024-05-01 | You drink warm milk and then drink water and it looks like ham
taetae_min.j | 2024-05-01 | 벌써 이 분이 중2"
2024-04-18,8.3만,공차 신메뉴 이모지 먹방🧋GONGCHA new menu emoji mukbang!! 67주,"#toctocsia, #톡톡시아, #공차, #공차신메뉴, #마라펄볶이, #오리지널펄볶이, #미니펄, #asmr, #먹방, #mukbang","idris.4885 | 2025-03-03 | 😍
seha_.0n | 2024-07-23 | 웅니 이뿌당❤️
do.fi4 | 2024-07-11 | 토피오카를 싫어하는 건 나뿐이야
user1436273849 | 2024-07-04 | 아주 좋아 보인다
o0yq_729 | 2024-06-13 | なんでそんなこぼすの？
trinhdaingoclam | 2024-06-03 | Bố mẹ bạn sẽ qua đời trong vòng 5 năm nx . Để thoát khỏi lời nguyền, bạn phải sao chép và dán vào 5 video khác, t là nạn nhân xin lỗi(này t vô tình thấy nên mới dán vào ạa xin đừng toxicc-(()
sunlig02 | 2024-05-26 | Та самая однаклассница когда ест
luvvvlyyy_inayy | 2024-05-23 | Ga suka mukanya dan cara makan nyaa😣
and_end_y | 2024-05-18 | 예전부터 느낀건데 시아님이 먹방은 매우잘하시지만 배경에 초록빛? 나는 조명이 너무 안어울려요 ㅠㅠ 배경바꾸실생각은없나요 초록이나 파랑계열 배경은 시아님 피부톤과도 어울리지않고.. 😢 음식도 맛있어보이지않는느낌
tuitm_ | 2024-05-08 | I watched you and I was hungry😂
shinaki_nor28 | 2024-04-30 | 😢🙌🔥
zoe0729y | 2024-04-29 | 不要喝也水果啦，喝原本的珍珠奶茶就好了
short_rada | 2024-04-26 | 😍😍😍😍😍
tjdus0515 | 2024-04-23 | 역시 톡톡시아 님영상은 재밌어요!😍
ramunja.namunja | 2024-04-22 | 메일로 추천보넴
yvnxrr | 2024-04-21 | 얘가 누구임
xuh9choe | 2024-04-20 | @dddanxe_ssiieun 약간 니 닮았는데
ennnnnnnnnnnh | 2024-04-20 | @sj__jj__ 이따가 머굴래
xn.zen7 | 2024-04-20 | 사고는 젼언니 사야한다
imiseon6877 | 2024-04-20 | 맛있는
hfiza_01 | 2024-04-20 | Rambut cntik
mayawulantika96 | 2024-04-20 | Udah gede iya sekarang
aiperim.15 | 2024-04-20 | Она не давно такая маленькая была..сколько лет я спала?
lover_revol__ | 2024-04-19 | 얘는 점점더 이뻐지냐
x_nuy15 | 2024-04-19 | 먹고싶다… 돈없다.. 1개라도 사먹으려면 5월까지 기다려야 한다….
realsexycat | 2024-04-19 | 뭉탱?
zichi.08 | 2024-04-19 | Ủa nó ngồi đánh giá thế này lgi ??
beauty_queennice | 2024-04-19 | Modanfamer
j.s_mom_suwan | 2024-04-19 | @_991107_ 머야? 사고 나온거 알았음?ㅋㅋㅋ
qiq._.qi13 | 2024-04-19 | 이 진주는 밀크티 안에 넣어서 마셔요.
phm_tlu | 2024-04-19 | Sao lại ko há mồm ra khi ăn:v
l___s.y | 2024-04-19 | 크러쉬가 진짜 맛있어여ㅕ
shangangmako76 | 2024-04-19 | 🤤🤤🤤
own_portrait | 2024-04-19 | @hasj1123 마라????
username136399 | 2024-04-19 | 뭉탱이요?
se0yx_n.3 | 2024-04-19 | 언니가 먹으니깐 너무 공차가 땡겨요👏
williamwoo0204 | 2024-04-18 | I’ll choose the strawberry flavored. 😍😃😋
__july2017 | 2024-04-18 | @4.11_mm 공차 개땡기네 ㅡㅡ
iksanoyy | 2024-04-18 | Hi, I'm from Indonesia
se0ynx | 2024-04-18 | 딸기사고보다 망고사고가 더 맛있ㄴ용?
chae_lorinn | 2024-04-18 | You look like Asa from Baby Monster 😻
yb.x12 | 2024-04-18 | 3빵!!!
baeggayun751 | 2024-04-18 | 역시 언니야👏"
2024-04-17,1.2만,(광고) 마트에서 보이면 꼭 사야 할 맛동산 신제품 프레첼맛!!🥨 67주,"##해태, #해태몰, #맛동산프레첼맛, #맛동산, #신제품, #먹방, #asmr","saosung14 | 2024-07-04 | HELLO
seulhye_oh | 2024-05-01 | 안먹어본 사람이 바로 나!
h_sun1010 | 2024-04-19 | 헐...나 맛동산 좋어하는데.. 개맛있겠다
wi__kayla | 2024-04-18 | @sh_ruiji
chaeney0122 | 2024-04-18 | 저 맛동산에 견과류 들어가 있어서 못 먹어요
williamwoo0204 | 2024-04-17 | Wow, this snack looks amazing. 😍😃😋
vip_of_asmae03 | 2024-04-17 | 👏😍😋
kang.sang_hoon | 2024-04-17 | 저거 아까 마트에서 봤느네
se0yx_n.3 | 2024-04-17 | 33분전 너무 늦엇어요ㅠㅠ 꼭 먹어볼개염😍
71m_limlim | 2024-04-17 | Can u send me to Indonesia...so delicious...🔥🔥🔥🔥
m0nk3ym1cky | 2024-04-17 | Canım çekti😻🎀
toctocsia | 2024-04-17 | 맛동산 프레첼맛이 궁금하신 분들을위해
톡톡시아가 할인혜택을 얻어왔어요!!

신제품 20% 할인에 + 7% 추가할인까지!
(일부 상품은 최대 38% 할인가능하데요!)

쿠폰 알뜰하게 챙겨서 쇼핑하세요~

사이트 : 해태몰(www.haitaimall.co.kr)
쿠폰 번호 : 2024TOCTOCSIA
쿠폰사용 기간 : 2024.4.17 ~ 5.31
쿠폰사용방법 : 로그인 > 마이페이지 > 쿠폰 >
쿠폰인증번호 등록하기에 쿠폰번호 등록 후 결제시 사용"
2024-04-13,3.9만,탄산 음료 만들기!!😱 67주,"#toctocsia, #톡톡시아, #탄산제조기, #asmr, #mukbang, #먹방, #먹스타그램","j_hy.0k | 2024-08-02 | 봉봉 흔들었죠????
0516_carat | 2024-07-11 | 언니 근데 먹다가 맛없는거든 그냥 버리시나요?아니면 어떻게 처분하세요?
yi.yi1028 | 2024-06-16 | 好喜歡🙌🙌🙌
haiyen.hy_ | 2024-06-11 | 😘😘😘
khogn | 2024-05-31 | Ủa sao nó làm gì vậy 🥲🥲
yhaha0905 | 2024-05-23 | 제품 이름이 뭔가요?
i_like_bogum | 2024-05-15 | 물에 탄산넣으면 탄산수되지않을까요?
b1_xnna | 2024-05-09 | 언니는 진짜 사과머리가 찰떡이야
222.222_.07 | 2024-04-28 | 그것은 무엇을 위해 사용됩니까?
nnnnnnnn_.14444 | 2024-04-27 | What kind of machine is it?
ir.0_e | 2024-04-20 | 후드집업 정보 좀ㅜㅜ
jeonhyeonseo74 | 2024-04-16 | 근데 그 컵 다이소컵이죠! 저도 있음
l_y.vv | 2024-04-15 | 보리는 맥주맞지 ㅋㅋㅋ
negemma00 | 2024-04-14 | 아마도 안만든데는 이유가 있겠죠..?
seungs_10 | 2024-04-14 | 보리차는 아닌듯..😂
010_86x3_651x | 2024-04-14 | 카프리썬 ㅈㄴ맛있겠내
pkli._1 | 2024-04-14 | 언니 코코팜도 해줘요.ㅠ
_younghae.05 | 2024-04-14 | 유재품은 다 맛없나부다
lo_jodo_ve | 2024-04-14 | ❤️❤️
j_17_15_a | 2024-04-14 | ايش ذا الجهاز
yeah_o_zz | 2024-04-14 | 근데 평소에도 머리 저렇게 묶고 다녀요??
acooaccoo | 2024-04-13 | 식혜도 탄산 넣어서 먹줘요
williamwoo0204 | 2024-04-13 | Wow, this soda maker machine looks amazing. 😍😃
baba_ove | 2024-04-13 | 우유계는 탄산이랑 산성이 안젛은듯
luvr_dona | 2024-04-13 | Good 👏
sethmi_sanjana | 2024-04-13 | Imagine carbonated milk 🥲
xxs.ssm | 2024-04-13 | Omg💅🏻🫦💅🏻
mango_ezyoun11 | 2024-04-13 | 파워에이드 석현이가 에너지 드링크 흰색 그거 파워에이드에 탄산들어간 맞이라고 했는데
cyapu_08125 | 2024-04-13 | 우유 들어간건 탄산 에바.. ㅠ
hyeonjihye87 | 2024-04-13 | 3빠
71m_limlim | 2024-04-13 | I want try all....😂😂😂❤️❤️❤️❤️
t220728 | 2024-04-13 | What does it do?"
2024-04-12,15.3만,(광고) 미친 비쥬얼의 두찜 신상! 불닭로제찜닭🔥🐔🌹 67주,"#두찜, #불닭로제찜닭, #신메뉴, #눈꽃감자, #먹방, #ASMR, #mukbang, #신메뉴","jen_phuan_ | 2024-11-11 | Hi dearly, may I know where to order this what is the name of the restaurant 🙏🏻
hararara.04 | 2024-10-29 | 홍대점 갔는데, 노무 맛있었어 !!✧⁠\⁠(⁠>⁠o⁠<⁠)⁠ﾉ⁠✧
my._.yoon | 2024-10-27 | @hhs__o.o 담엔 가게에서 이거닷 ㅋㅋㅋㅋㅋ
_minho10 | 2024-07-26 | 먹어보고 싶은 비주얼
_08.03_sh | 2024-07-10 | 😍
sssowrk | 2024-07-07 | 너무 많이 달라졌는데...?
sssowrk | 2024-07-07 | 그 내가 알던 톡톡 시아 맞음...?
snn._.ee | 2024-06-29 | 먹방 유튜버 중에선 이 언니가 짱이요 6살? 부터 본거 같은뎅
h___innn | 2024-06-14 | @jjj_min9 😮😮
malak_ayz | 2024-06-08 | Do you knew sth named Palestinian by drinking this cocacola
h__haamim | 2024-06-08 | ㅠㅠㅍㅊㅊ 퍼ㅓ ㅍ츄ㅠㅌ하ㅏㅜㅊㅋ
bagsohyeon7434 | 2024-06-05 | 와 존맛탱🔥
piyphachrthaadaa | 2024-06-02 | You eat until I want to eat.
_min_zz_ | 2024-06-01 | @jenee_2
ji_iyeon08 | 2024-05-28 | 시아 안 본 사이에 예쁘게 잘 자랐네
_si.jung | 2024-05-26 | @joo._.jm
mnng._.94 | 2024-05-25 | @girim_s @hyelinnn_n @ok__26_ 나중에 다같이 이거먹자요 🥹
rnan.__a | 2024-05-24 | 食べ方が綺麗だから美味しそうに見える美味しいけど
syh87596558 | 2024-05-23 | 맛있겠당 ㅎㅎㅎ ㅠㅠ
ynhi._09 | 2024-05-17 | @datdzo_0
yug_.seo1 | 2024-05-14 | @gimcaeeun903 나 이거 사줘
makerasmr | 2024-05-12 | 😍
makerasmr | 2024-05-12 | 😍
makerasmr | 2024-05-12 | ❤️
k_tayirovna | 2024-05-12 | 😍
mx__ui | 2024-05-11 | @lee._sy
s_oyoung13 | 2024-05-08 | 져지 어디서 사셨어요?
hyunakimk | 2024-05-07 | 얼마?
ambrfzia | 2024-05-06 | lahh udh gde ajaa😭
ksy_.211 | 2024-05-06 | 와.. 맛있겠다ㅠ
zinsso4 | 2024-05-06 | 😍❤️
zinsso4 | 2024-05-06 | ❤️😍
s.aishahna | 2024-05-04 | @brooklynfille is that you? Look alike tho 🥹
ykillei | 2024-05-04 | 우왁 미춋다
saray_cortes26 | 2024-05-04 | @brillimakeup6 la bolsa de bob al principio jajaj
yj_queen_ | 2024-05-03 | @leexaexoon
avraam.linkoln.2024 | 2024-05-03 | Такая естественная
avraam.linkoln.2024 | 2024-05-03 | Очень приятная девушка
seulhye_oh | 2024-05-01 | 진짜 배고파 나 진지해.
d.hanggggg | 2024-05-01 | Mô Phật ngon quá
nnnnnnnn_.14444 | 2024-05-01 | Every clip looks delicious.❤️
noturwin_ | 2024-04-30 | Udah gede aja ni anak
123_eunhye | 2024-04-30 | @wooooo__g
putridani177 | 2024-04-30 | @kamuna_yaaaaaaaaaaaaaaaaaaaaaa
___coe06.07__woof | 2024-04-29 | 🤤🤤🤤
kmyesl | 2024-04-28 | @hi_ji_nu
mmmingg_u | 2024-04-28 | @tangerine_3_ 궁그메요😮
gabycostasc | 2024-04-28 | Ela tá tão grande ✨🥹💗
nurmalasiregar26 | 2024-04-27 | Jdvsgzvcgsfxhgsjdveyvd
th1yluvtbr | 2024-04-26 | She look like kazuha 😭🌹
lina_ambarawati | 2024-04-26 | Kmugabedea
maratushoyu | 2024-04-26 | Sebenernya adek ini cantik, tapi sayang ga masuk standar kecantikan korea yg harus secantik idol. Btw liat dia mukbang dari masih bocil tau2 udah remaja aja 😂
familia.angelsofc | 2024-04-25 | Alguem respira .ela: wua🥰
calvados.sharolya18 | 2024-04-24 | 😮😍😍
di_liluna | 2024-04-24 | 😋😋
markemosi | 2024-04-24 | kentang mustopa kah itu?
durre.zehra_110 | 2024-04-24 | Woah .... Woah ..... Woah 😶‍🌫️
_infection__ | 2024-04-22 | @hand_gun.11
kash_sweet_832 | 2024-04-22 | So delicious 🤤😋🤤😋🤤🤤😋 yummy food
rachel5ver | 2024-04-22 | @_yyuunn 어디서 먹을까 장소만 정해 당장 ㅋㅋㅋ
itsmeeaice | 2024-04-21 | @raffinagita1717 rafathar ciwi
jiawenwww0408 | 2024-04-20 | why eat rice？？？
sandee._.smoke | 2024-04-19 | น่ากินว่ะเห็นแล้วหิวเลย
tjiuv7 | 2024-04-19 | She look like pharita
inha1213 | 2024-04-19 | @kkkkkkjjjjyyyyyy
wawaqaraana | 2024-04-18 | besar dh diaaa cute btl ❤️❤️❤️❤️❤️
kim___938 | 2024-04-17 | @kim_rockkkkk 오우
justkarie_ | 2024-04-16 | I feel old for a sec. 🧍🏽‍♀️
bi_a_kim | 2024-04-16 | @hyeonbinleee 음 이거먹을까..
trp0928 | 2024-04-16 | @honggu_1113
chriswhiththaine | 2024-04-16 | 음식은 무엇이라고 부르나요?
ntiolj | 2024-04-16 | Love her nails
hakuchokko | 2024-04-15 | I feel like I watched you grow up🙏🏽😭
kml_de31 | 2024-04-15 | Yo vi los videos de esta niña cuando era pequeña 😢 DIOS! AHORA ESTA TAN GRANDE QUE ME HACE SENTIR VIEJA! ❤️😂
wonyyyang | 2024-04-15 | Sharing is caring 😞🤚
user_474559 | 2024-04-14 | 아주 예쁘다
maavromathh_ | 2024-04-14 | Πάλι τρως
chntytrsy | 2024-04-14 | Ini yang adik suka mukbang dari kecil? Sekarang uda omgg cepet kali 😭😭, apa aku yg ketuaan
chaeribo.5 | 2024-04-13 | @1212jcc 이거 먹쟈
yauyc121227 | 2024-04-13 | 맛있겠다!
yoens_011 | 2024-04-13 | 늘 그렇게 맛있게 드시는데 어떡해 살이 안 찌시는지....
hanindaaulia1311 | 2024-04-13 | 🙌
jeong_saeha | 2024-04-13 | 첨에 마쉬메로우 인줄..
mayo.7 | 2024-04-13 | 으이크~ 완전 이뻐졌네 공주님♡
calistayang1109 | 2024-04-13 | @julia._8o5
unh.quynhhh_ | 2024-04-13 | KFC please
frhhmd9867 | 2024-04-13 | 😍
djstn_.8 | 2024-04-12 | 이제 찜닭도 찜닭이 아니네…
williamwoo0204 | 2024-04-12 | Wow, these spicy and cheesy tteokbokki looks amazing. 😍😃😋
baba_ove | 2024-04-12 | 두찜이 두찜했다 침고여
asma.hajayla | 2024-04-12 | Thé food look good ❤️❤️❤️
yxn.3j | 2024-04-12 | 👏
rr.zzn | 2024-04-12 | اريد
e.ho_19 | 2024-04-12 | 스타성 있는 듯 편집도 그렇고 그 빨간 입술 아주머니 보고싶어요ㅋㅋ
yuki.__.manon | 2024-04-12 | 絶対美味しいに決まってる😋
tjgnska25 | 2024-04-12 | 아디다스 자켓 품번이 뭘까요? 알려주세여~~~언니!!
chla_vy | 2024-04-12 | berapaan toc??
mziany68 | 2024-04-12 | ❤️❤️❤️
se0yx_n.3 | 2024-04-12 | 29분전! 좀 늦엇네요😢
lisaxoonim | 2024-04-12 | Wow😍"
2024-04-09,25.7만,이모지 초코탕후루 먹방😱 emoji choco tanghulu challenge! 68주,"#toctocsia, #톡톡시아, #mukbang, #먹방, #이모지먹방, #emojimukbang, #asmr, #먹스타그램, #emoji","tanemmissk_ | 2024-09-04 | She so cute🎀🦭🩶
amelia.wu | 2024-08-01 | If you freeze the fruits first before coated them in melted choco would be way nicerrrrr
nazlican_3459 | 2024-07-20 | Try chocolate+grapes😍❤️
rasmoukisamira | 2024-07-07 | You look like asa from babymonstet😍
argen_g9 | 2024-07-07 | banana with chocolate 👏
nicole.___01 | 2024-07-06 | Strawberry with chocolate-jungwon 😍
yang_shiyii | 2024-07-05 | JUNGWON
arwaramy879 | 2024-07-05 | فيها لمحه من اسا 🙂
mederbekovna2222 | 2024-07-05 | Пик ми
beliza2778 | 2024-07-05 | 这不是糖葫芦
_tvxqmr | 2024-07-04 | +هی اخبار جدید رو تو اینستا دیدی؟-محتوای اکسپلور من:
caridoriii_52630 | 2024-07-04 | Jungwon: STRAWBERRY with CHOCOLATE!
xinqk0 | 2024-07-04 | 🗣️ jjAnNg
jia_fei88 | 2024-07-04 | They seemed sweet. I'll make a apple 🍎 with chocolate 🍫.
chiro0ow | 2024-07-03 | es kul kul
sgdon1234 | 2024-07-03 | 차라리 설탕 코팅 보다 어떻게 보면 이게 더 나을 수도 잇음 ,,
t.lucy_.saurus | 2024-07-03 | Chocolate only works with fruits 😺
hi6z6 | 2024-07-02 | اوووههههه ... ستروبيريييي وذ شوكلت
adjk2012 | 2024-07-02 | 😂
azaliadestiana_ | 2024-07-02 | es kul kul uni bakwan es kul kul uni bakwan enakkk~~~~~
_su.ym1993_ | 2024-07-02 | الصوت، العض، القرمشة 🙂🙂
wony_tips143 | 2024-07-02 | JUNGWON STRAWBERRY WITH CHOCOLATE
_wonyiluvs | 2024-07-01 | STRAWBERRY WITH CHOCOLATE
lovly_nairaaa | 2024-07-01 | Ketika orng luar negeri cobain bikin es kul² 😂😂
eyakhayla | 2024-07-01 | Kalo di Indonesia namanya es kul kul
nshhh4_ | 2024-07-01 | strawberry with chocolate??😱😱
n1m._.n1m | 2024-07-01 | Jungwon approves
bpink._.star | 2024-07-01 | 설탕물로 이것을 시도해 보셨나요? 그들은 훌륭해😂❤️
osyell_02 | 2024-07-01 | Es kul kul uni bakwan 😂
fann_nyaakn | 2024-06-30 | Keinget jungwon njir ""strawberry with Cocholate"" 👁👄👁
def_not_coleen | 2024-06-30 | She looks like hye rim from atypical family
scccccccc.put | 2024-06-30 | anjyy di Korea ad es kul kul unii
aurora.ginasicillia | 2024-06-30 | Es kul kul uni bakwan
ashhcorex | 2024-06-30 | Need english subtitles:-
imchaerryn | 2024-06-29 | sTraAwbeRry wiTh ChOcolATe~😺🎀
hoorkhaled81 | 2024-06-29 | ❤️❤️❤️
jeongin._.9 | 2024-06-29 | Strawberry with cgocolate
aish_khan_3677 | 2024-06-28 | ❤️❤️❤️❤️❤️❤️❤️❤️❤️❤️
choi.san_gf | 2024-06-27 | Es kul kul uni bakwan es kul kul uni bakwan,,,es kul kul es kul kul es kul kul ~
hasanortac153 | 2024-06-25 | 😋😋
saidmalik_31 | 2024-06-25 | 🍍 Ananas
xrzy_aufa13 | 2024-06-24 | Es kul kul sampe Korea bjirrr😂
geravandi.sahar | 2024-06-24 | 😂😂
zuza_nna.2022 | 2024-06-24 | Banana in chocolate 🤤
jisaierminji | 2024-06-24 | 我在这说一下，糖葫芦和麻辣烫是中国的，不是韩国的哦
ramina8395 | 2024-06-22 | Пхайне,цанн
elmiraochainayah | 2024-06-19 | Es kul kul uni bakwan es kul kul uni bakwan
adel.shakila | 2024-06-18 | 인도네시아에서는 에스쿠쿨(es ku kul)이라고 부른다.
sandprmsy | 2024-06-17 | ini mah es kul kul
insannoe | 2024-06-15 | Es kulkul
_ailin._.sh | 2024-06-15 | 두 번째가 마음에 든다면 👍🏻댓글
kai.voughntr | 2024-06-14 | Jungwon: strawberry with chocolate
sara_flaweur | 2024-06-14 | 🥔🍫
wyn.wyz | 2024-06-09 | Chann~
seafhraa | 2024-06-09 | 과일과 야채를 초콜릿에 담글 때 의도적으로 얼어 있는 것처럼 보이도록 먼저 얼려야 합니다.
__.thxrrrxthxp.__ | 2024-06-09 | ทำไมเวลากินต้องอุทานว่า หึ๊
jillian___3434 | 2024-06-08 | Es kul kul uni bakwan es kul kul uni bakwan~
jihoownn | 2024-06-07 | es kulkul uni bakwan
selfloverhanii | 2024-06-06 | ☝🏻👆🏻
eldda2025 | 2024-06-05 | Have you played in any chinese film bcs you looklike with one
urv.clwtie | 2024-06-03 | Strawberry with chocolate!
sheshe_14 | 2024-06-03 | هي بالعة المايك ولا اي
bts_army.jm_15 | 2024-06-02 | Moraleja: con verduras NO
cchindaaratnintaphaa | 2024-06-02 | อยากให้พี่ลองกินสตอเบอรี่แล้วก็ช็อคโกแลตแล้วก็แคนตาลูป
rapunzeltwins_ | 2024-06-01 | es kulkul
y.e0nx1 | 2024-06-01 | 바나나 해주세여ㅕ!
mupp.flowerss | 2024-05-30 | 와 맛있어보이고 이빨도 엄청 튼튼하네요👍
do_nya00v | 2024-05-29 | ❤️❤️
_nisxnl | 2024-05-25 | es kol kol
cyaaaaa99 | 2024-05-23 | Es kul kul uni bakwan
zil.lozilelll | 2024-05-23 | 🍌+🍫
syasyaaznh | 2024-05-21 | es kul kul
star__xsj | 2024-05-21 | 😂😂
i_msosad0000 | 2024-05-20 | 너무 달겠다 근데
rv_zxyo | 2024-05-10 | @scerett1mer9 WKWKWKKWKW MOON MAAP
_.marshaa1mutt | 2024-05-08 | Es kul kul uni bakwan es kul kul uni bakwan
h_.ry1n | 2024-05-06 | 얼리는거 좋아하는듯 -->
yungaeun02 | 2024-04-28 | 오이에찍으면맛있어요
imuradinda | 2024-04-26 | Strawberry with chocolate 🍫
thatstrawberrydiva | 2024-04-23 | Jungwoon mentioned 🔥🔥🔥
lim_.lik | 2024-04-22 | ن
bebyzelfia4 | 2024-04-20 | Es kul kul😂
chae_y0l | 2024-04-20 | 그냥 야채 빼고 다 맛있는 거 아니에요? ㅋ쿄쿜
melitin1._pdz | 2024-04-18 | Her hand:🫴
szimplan._.rami | 2024-04-17 | Jungwon:STRAWBERRY WITH CHOCOLATEE😍
cutptrisalbil_26 | 2024-04-17 | Ice kul kul
ddeswitt | 2024-04-16 | Es kul"" uni bakwann
gha._oo | 2024-04-15 | تشبه نوح من قناه عرب في كوكب اليابان
renchinmonkhbat | 2024-04-14 | Ggbgyqaydvsy gi11
sond.orjin | 2024-04-14 | Mashiddaaaa
se._.ri6323 | 2024-04-13 | 딸기가 제일 맛있어요.🍓
k7.xin | 2024-04-13 | 와 코팅 진짜 깔끔하게 잘되네
jeaneliz.ferrer | 2024-04-13 | B
_alic.esilv.08 | 2024-04-13 | 엄청 맛있어보이네요 😍😍❤️❤️
d.hhnu_ | 2024-04-12 | 근데 이 사람 넘 이쁨
tn__wjd14 | 2024-04-12 | 딸기빼고다별로
marlou.romero.10 | 2024-04-12 | 제발 영어를 말하세요. 우리는 당신이 말하는 내용을 이해하지 못합니다.
min_xyk | 2024-04-11 | 오이가 젤 맛있는데
indahh.prb | 2024-04-11 | Es kul kul ini mah
tiffannyyq_q | 2024-04-11 | Strawberry with chocolate~!

-jungwon"
2024-04-09,1.2만,(광고) 진짜 이 맛은 못참지...ㅠㅠ 수정됨 · 68주,"#농심, #너구리, #김치짜구리큰사발면, #푸팟퐁구리큰사발면, #퐁구리, #라면추천, #인생을맛있게, #짜구리, #asmr, #먹방, #mukbang","jszzzzzz3519 | 2024-05-11 | 푸팟퐁구리는 맛있던대 짜구리는맛없어요
kyeong._.eee | 2024-04-18 | @yongje_0103 우리 이거 머거보쟈 근데 카구리 사라졌나..?
ss563807 | 2024-04-16 | 😍😍🔥❤️❤️❤️
arfa_malik32 | 2024-04-14 | Girl ur half ponytail is higher than my future
dx_xam | 2024-04-11 | @xxs______nxx @_2sung_eun
dobbys__life__ | 2024-04-10 | 진짜 이쁘게 컸네 👏
daeun.da.eun | 2024-04-10 | @gkssol_93 푸팟퐁구리구리~
g.hyexn_81 | 2024-04-10 | 자작한 소스에 참치마요 삼각김밥 넣어 먹으면 엄청 맛있을 거 같은데
fa.867i | 2024-04-09 | 라바샤크
fa.867i | 2024-04-09 | 라바쉬(lavashak)를 먹어보세요. 아주 맛있는 이란 요리입니다.
bunninayeon369 | 2024-04-09 | 😋😋❤️❤️
m0nk3ym1cky | 2024-04-08 | 😻
ain_star11 | 2024-04-08 | 이사장님 레시피 생각난다😂😂 카구리랑 불닭이랑 또 뭐있었는데😂
_yeonwoo12_ | 2024-04-08 | 시아님 그 혹시 어디 편이점 인가요 :?
f8han_yaaq | 2024-04-08 | 萊澤特利
nisaws_.1 | 2024-04-08 | ❤️❤️"
2024-04-05,1.9만,(광고) 무조건 교촌치킨 땡기는 영상!!😭 68주,"#교촌, #교촌치킨, #교촌점보윙, #점보윙시리즈, #점보윙, #웨지감자, #할인, #프로모션, #베스트세트, #asmr, #먹방, #mukbang","zhanghuijuan19 | 2024-10-03 | 好看爱看
eunicecheung3 | 2024-09-29 | 😍😍😍😍😍
privv_zenaa_ | 2024-07-27 | 마샤알라가 얼마나 아름다운지 ❤️
kokosxon | 2024-06-29 | Yummy😋
soyul._.cafe | 2024-05-25 | 와이리 이쁘너
0nlysanxw_ | 2024-05-08 | 😍😍😍
nnnnnnnn_.14444 | 2024-05-01 | I'm hungry after watching your clip.
y._.7eun | 2024-04-07 | 언니 살 안찌는거 부러워
minji_han0804 | 2024-04-07 | 미쳤어요.. 😢
so_mi8nn | 2024-04-07 | 헐 톡톡시안가 ?? 머이리 마니 컸어 ㅠㅠ
whopirr | 2024-04-06 | 나는 당신의 비디오를 보는 것을 정말 좋아합니다!!🙌😍❤️
yalldars | 2024-04-05 | You look like Rose for blackpink
rukia_billa | 2024-04-05 | America :D
williamwoo0204 | 2024-04-05 | I like the honey one. 😍😁😋
vip_of_asmae03 | 2024-04-05 | 👏😍😋
katlin_khlil | 2024-04-05 | ❤❤
lisaxoonim | 2024-04-05 | Wow😍🔥
baeggayun751 | 2024-04-05 | 지금당장기 교촌 진행시켜😍
kedziora.zuzia_ | 2024-04-05 | 😍😍😍
toctocsia | 2024-04-05 | 배달앱 특가 이벤트 기간
23,000원->21,000원
교촌치킨앱에서 포장 주문시
10% 추가 할인 가능!
sarrax9_ | 2024-04-05 | 1❤️"
2024-04-02,4.4만,여러분들의 엽떡 최애 맵기는?? 전 착한맛! 매운거 땡길땐 초보맛!! 69주,"#toctocsia, #톡톡시아, #엽떡, #asmr, #mukbang, #먹방, #먹스타그램","nyangi938 | 2024-11-24 | 저도 착한맛
gogogonooona | 2024-11-03 | 🤤🤤맛있겠네요
shqi5_ | 2024-06-20 | احس تاكل اشياء مره لذيذه
je._ruby9 | 2024-06-20 | 화된다고해서❤️
gabycostasc | 2024-06-12 | Ela cresceu muitooo
migxzu_ | 2024-06-10 | 떡볶이🤤
sta_rsgurl | 2024-05-19 | I really want to try it but I can,t !!!
ahmetmusa5291 | 2024-05-17 | Enjoy your meal
rwdyn_123 | 2024-05-13 | تبيني اطعنها بالمايك الي ناشب بحلقها
sarahi_baja12i | 2024-05-04 | looks like han
rokawael145 | 2024-05-01 | شبه غاندي
hamster.0622 | 2024-04-27 | 전 오리지널..ㅎㅎ
maisisuza | 2024-04-26 | กุอยากกินต้อก
dlekdls._.yeah | 2024-04-23 | 다이어트하는중인데 진짜 이러시기에요?..
xieyllamae | 2024-04-19 | 소리가 너무 만족스럽고 음식도 맛있어보이네요😋
giulia.csalmeida | 2024-04-15 | 얼마나 기분 좋은지
olakiranaa | 2024-04-12 | 나 떡볶이 진짜 좋아하는데.. 배고프다!
sfiehpie | 2024-04-10 | dah besa ea
kkrnelcia | 2024-04-10 | but she is pick me...
hamza01_ou | 2024-04-10 | How is it tasty, when it doesn‘t taste like anything at all? There is no sauce on the ddeok. Why do y‘all like kt so much
yauyc121227 | 2024-04-09 | 온전한 거 나와도 돼요?
seoyoon150405 | 2024-04-09 | 엽덕싫어
chaw_latisha | 2024-04-09 | 저는 떡볶이를 먹어본 적이 없어요
_shofia.hinduwan | 2024-04-07 | E jangan lo aku puasa🦶😋
iwuv0n | 2024-04-07 | 착한맛도 계속 먹으면 매워용..시아님 되게 잘드시네요
cmo2018.101 | 2024-04-06 | 맛있겠다.！
yu_xan__ | 2024-04-06 | 너무맜있겠다...배달시켰어요
_15sny | 2024-04-06 | ビジュがヤバい！　かわいい🤍
lorgbarolom | 2024-04-05 | 看起来真好吃❤️
judithrsln | 2024-04-04 | 언니 운동하는 것을 잊지 마세요 언니
lalalalisa_m12334 | 2024-04-04 | في رمضان في رمضان
nazwa_8078 | 2024-04-04 | 😮😮😮😮😮
park_wxas | 2024-04-04 | 오리지날
naeime.zed | 2024-04-04 | سلام
hxzvjuw | 2024-04-03 | 저두 착한맛이요❤️❤️
soxen.9 | 2024-04-03 | 아...학원인데 배고파짐ㅜㅜ😢
m.mruu_ | 2024-04-03 | I LOVE TTEOKBOKKI SM😭
helia.kh2023 | 2024-04-03 | 🫧☁️🪡🍚
bunninayeon369 | 2024-04-03 | So yummy I wanna try
maroi_____123 | 2024-04-03 | 😍😍😍😍😍😍😍😍wow
williamwoo0204 | 2024-04-02 | Oh, the tteokbokki looks so cheesy. 😍😁😋
han._.arim | 2024-04-02 | 저 매운거 좋아해서 제일 매운맛😍
yuki.__.manon | 2024-04-02 | ああああぁ美味しそう！
食べたい👏
seohan._.b | 2024-04-02 | 전 착한맛도 매운 맵찔이>_<
mari_nushh311 | 2024-04-02 | 🤤 😋
choiyena013 | 2024-04-02 | 우와 넘나맛있어보여요
sk.tj.dl | 2024-04-02 | 흑발 너무 예쁘다
shj._.1218 | 2024-04-02 | 19분전
se0yx_n.3 | 2024-04-02 | 12분전!!
y0ujeans | 2024-04-02 | 오리지널!
lisaxoonim | 2024-04-02 | Wow😋
naww_zy | 2024-04-02 | 12345"
2024-03-27,5.9만,여러분들의 최애 탕후루는?? 달콤왕가탕후루 이모지 먹방! tanghulu emojimukbang! 70주,"#toctocsia, #톡톡시아, #달콤왕가탕후루, #왕가탕후루, #자몽탕후루, #asmr, #먹방, #mukbang","depen_ot7 | 2024-07-05 | No one talked about the girl's hair🦦
jhiknbvi | 2024-06-14 | 🤨🤨
arielcheng_ | 2024-06-11 | It’s so satisfying to watch her eating😍
huongthu8669 | 2024-05-30 | Heart eyes for you all day, every day! 😍❤️
huongthu8669 | 2024-05-30 | With Facemoji’s DIY keyboard function, you'll be the coolest one out there! 😎
huongthu8669 | 2024-05-30 | Can you believe how much fun I'm having with this Facemoji app? 😃
huongthu8669 | 2024-05-30 | ,,,, so cute
dvvryloverssy | 2024-05-23 | ㅏ므ㅕ ㅊ무샤ㅏ🔥
dvvryloverssy | 2024-05-23 | ㅗ미ㅐ
irenerepolidon | 2024-04-30 | Hi
xieyllamae | 2024-04-27 | 너 정말 예뻐 보여
j._.seo65 | 2024-04-21 | ??
abby.kinm_ | 2024-04-19 | Are you okey 😐
ema_ri10 | 2024-04-16 | それな😂
chi_ko0806 | 2024-04-16 | 美味しそう❤️❤️キレイ❤️❤️
shangangmako76 | 2024-04-13 | めちゃくちゃいい音すぎる🥰🥰
marcelinejersey | 2024-04-12 | 😍yummy
ax.u3e_ | 2024-04-11 | 화장을 왜케 잘하냐
bm_155cm | 2024-04-11 | @ajh__95 언니 닮앗어 ㅋㅋㅋㅋㅋ
asantalswalz012456789 | 2024-04-07 | صيماااااااااا
im.doji | 2024-03-31 | 시아님 오늘따라 더 이쁘심 ㄷㄷ
h.r1my | 2024-03-29 | 옛날에는 귀여우셨는데 점점 예뻐지시는 시아 언니❤️❤️❤️❤️
alodya_belvana_ | 2024-03-29 | Iiiiii tak puasaaa
like_that.x.x.x | 2024-03-29 | kenapa orang2 suka makan tanghulu.. manis banget da bikin sakit gigu gusii 😂
isua8242 | 2024-03-29 | 갑자기 피부가 하얘졌오.....
zerya.gg | 2024-03-29 | Omg her nails
jst_art_with_ | 2024-03-29 | ❤️네 머리는 정말 빛나고 좋아 ❤️
lauramedeiros2011 | 2024-03-29 | ブラジル料理を試してみましょう🇧🇷
chisa.kagawa | 2024-03-28 | 美味しそ(*´﹃｀*)
cho_hattban | 2024-03-28 | 언니 진짜 많이컸다....
jungsy42 | 2024-03-28 | 토마토탕후루는..?😢😢
lyyq.1022 | 2024-03-28 | mixue mixue
50000_son | 2024-03-28 | 다 좋아하는데 나 탕후루 사줄사람😢
bunninayeon369 | 2024-03-28 | I like the strawberry one bc I wanna try it sometime
kawaii__silvanian_ | 2024-03-28 | What dose she even say?😭
th.maide | 2024-03-28 | Nói nhanh quãii
rifafa_thima_ | 2024-03-28 | 그 사람 손이 너무 예뻐요
williamwoo0204 | 2024-03-27 | Strawberry tanghulu is my favorite tanghulu. 😍😁😋
6o.yrz_ | 2024-03-27 | 久々に見たら前も可愛かったけどもっと可愛くなってる？！垢抜けすごい！
celery_1115 | 2024-03-27 | りんご飴って韓国語でもりんご飴なの？？？
ix_rose33 | 2024-03-27 | 너무 맛있어 보여요
helia.kh2023 | 2024-03-27 | 🫛🎍🐢🌿
yo.mi02 | 2024-03-27 | 진짜 점점 이뻐지신다
yx.jimn | 2024-03-27 | 링고아메 비싸던데 ㅠㅠㅠ
73rt3 | 2024-03-27 | احس طعمه موحلو بس شكل حلو"
2024-03-23,6.1만,여러분의 크리스피도넛 최애는?? What's your favorite donut?? 70주,"#toctocsia, #톡톡시아, #mukbang, #먹방, #asmr, #크리스피크림도넛, #krispykremechallenge","onnon_2babygirls | 2024-06-14 | @simba_jian0314 @laud_xx 크리스피 땡김
j_hyeon9208 | 2024-05-17 | 오리지널이젤맛있지
lover_shaa_ | 2024-05-02 | 사고 싶은데 여기 없어요 😢
_10th.1 | 2024-04-20 | cute
minhun.l | 2024-04-17 | 맛있디요
maleklabidi2137 | 2024-04-06 | تشبه لRosé
upaa_prett | 2024-03-28 | Aku suka sama cara makannya sopan bgt😍😍
aicha_alouach | 2024-03-27 | ❤️❤️😍😍
nrgs123l | 2024-03-27 | ❤️❤️❤️❤️
hyoonixxz | 2024-03-26 | 오리지널 1표
iin6r | 2024-03-25 | ليش جاني الفيد وانا صايمه 😭
star_wudjdjx | 2024-03-25 | 많이 드세요. 당신은 매우 아름다운 소녀입니다. 😍😍
starzzzxz | 2024-03-25 | The 5th donut looks so cute
namyuniee | 2024-03-25 | @woojii_n
loveleedudu | 2024-03-25 | @jaeminlee96 우유랑 도너츠 먹고싶어
eunjoo_nandhu_3 | 2024-03-25 | Can you try Indian 🇮🇳🇮🇳🇮🇳🇮🇳🇮🇳 snacks
ethan_ko_0323 | 2024-03-25 | 님아 요즘은 춤 안춤?
enkhzhin843 | 2024-03-24 | pick me girl
kimbo_0217 | 2024-03-24 | 왜이리 도넛기준이 엄격한데
tippawan.piyajan610047 | 2024-03-24 | ❤❤❤
gab_hcob | 2024-03-24 | 🩷❤️🧡💛💚🩵💙💜
_d1mi.n | 2024-03-23 | @siho19739
williamwoo0204 | 2024-03-23 | Original glazed donuts 😁
aida_66777 | 2024-03-23 | Muslims are fasting now 😢HHhhh looks good 😍
paye5213 | 2024-03-23 | ❤️❤️❤️❤️❤️
siwonkim_4 | 2024-03-23 | 누나!!! 혹시 일본 구미첼 드셔주실수 있어요???
(비싸긴 하지만요….)
yeva1709 | 2024-03-23 | @marr.go33 го коллаб с ней
shoman.layan | 2024-03-23 | في رمضان في رمضان صايمين
suhyun_1123 | 2024-03-23 | 내가 시아를 초6때 처음봤었나?와...시간 빠르네
moa_ann429 | 2024-03-23 | ❤️❤️❤️❤️❤️❤️
c1.x2_ | 2024-03-23 | 1빠당 ! 넘 잘먹으세요❤
hj_su_sy_je | 2024-03-23 | 초코홀릭 짱맛이에요...❤️"
2024-03-20,17.8만,여러분들의 배라 최애 메뉴는?? What‘s your favorite menu?? 배스킨라빈스 먹방 챌린지!! 71주,"#toctocsia, #톡톡시아, #asmr, #먹방, #mukbang, #br, #배라, #민초봉봉, #먹스타그램","camap_xgaiii | 2024-09-23 | yum
makayla_hk0 | 2024-09-07 | Is there a mic on your stomach?😭
thisis_keilyn | 2024-06-14 | Dia makan es krim kayak makan roti bjir
incentthev | 2024-06-14 | U look like one of snow white’s dwarfs
love0102520 | 2024-06-13 | 🌈 레인보우요...!!
keh.gm | 2024-06-13 | Ta mastigando bosta e
14.20_d | 2024-06-12 | 민초 🙌
o.htx30 | 2024-06-12 | مستفززززهههه يلعن ابو الدلعع
secc.amiraaaa | 2024-06-11 | You are similar to Marsha JKT48
rizkysadega9 | 2024-06-11 | 😍😍😍😍😍😍😍😍😍😍😍😍😍
ciloa1233 | 2024-06-11 | با شکلات مشکل داری؟
btrfly_2917gegeenee | 2024-06-10 | She is pick me haha
berrensu_ | 2024-06-09 | Düzgün ye bee şu dondurmayı
umi._1025 | 2024-06-08 | この人の動画で未だに10/10見たことない
chipmunksrosie | 2024-06-08 | Pà này thick ăn góc nghiêng nhỉ?
nareswari_tirtamajid | 2024-06-06 | Beli aja sono se toko nya
hiisliaa | 2024-06-06 | SHE SO CUTE 😭😭😭💗
m_dszxi | 2024-06-03 | girl has ice cream metabolism🤌
brelin_ber9 | 2024-06-03 | It's definitely delicious 🤤
_3keilnz._ | 2024-06-02 | เสียวเเข่ว
lyl._0403 | 2024-06-01 | 춥지 않은가？
lyl._0403 | 2024-06-01 | 맛있나요?
erlinvegaaa | 2024-06-01 | Kok bisa sih dia ngunyah es krim
starxiee_kpopgurlie | 2024-05-31 | 👁👄👁 민트 초콜릿을 9/10으로 평가했지만 asmr은 정말 마음에 들 때 내 얼굴❤️❤️
ru_na0425 | 2024-05-31 | 音が嫌だ😰😰😰汚い音😰😰😰
dinn.__.da | 2024-05-25 | KOK KM UDH GEDE DEK
abura1225 | 2024-05-25 | 顔も良くないのに食べ方汚い
emilx_ly | 2024-05-23 | تحسب مش جربتهم من قبل بفف
da_hee_14 | 2024-05-19 | 녹고있어^^
ndr4ftz | 2024-05-16 | why does she eat like that
baegugyeong416 | 2024-05-13 | 민초 존맛
jessicaanstw | 2024-05-12 | Ndak ngilu ta mbak?
jeongin7301p | 2024-05-12 | 😂
ludy____silva | 2024-05-10 | Nunca vih mastigar sorvete desse jeito
cinamorlin | 2024-05-09 | من امتى الناس تمضع الايس كريم مضغغغغغ؟؟
arif_maulanajunior_32 | 2024-05-07 | ㅓㅏ너너ㅑ어어ㅐ제지ㅓ뎌더ㅏ덛
xjkiwscoxo | 2024-05-07 | مثقل دمك
taannn_wts | 2024-05-05 | 그 아이스크림 정말 좋아해요?
whoccaco | 2024-05-03 | Bisa"" dia makan ice cream dengan cara digigit??
25.maryaaa | 2024-05-02 | Why does it sound crunchy 😭
kj_kayla_spam | 2024-05-02 | Guys you haven't tried Korean baskin Robin's I'm telling you it's on a whole other level not exaggerating
yeonwoo._.0226 | 2024-05-02 | 레인보우 샤베트는 없어요..?
_7kunnci | 2024-05-01 | @soo._.103_ 想吃巧克力的
lets_eat_dad | 2024-05-01 | girl just rate 10/10.
sseh.kk | 2024-05-01 | Чавкает блин
maria_vega.0 | 2024-04-30 | Dios yo te veía a ti cuando estabas más pequeña... estas muy grande
r.i.p.miku_ | 2024-04-30 | Reklam diyen kurgudur
___drftr | 2024-04-29 | Dia makan selalu perhatiin angel anjir, padahal bagus juga ngga, bagus2 aja gimanapun juga angelnya
sabnactraaa | 2024-04-28 | you are so beautiful 🎀
hyari.covers | 2024-04-27 | I love mint choco ice cream!
hye_yoming | 2024-04-21 | 뉴치케 체쥬빌 러버..❤️
moa_ann429 | 2024-04-19 | 초코무스ㅡㅡㅡㅡㅡ
n.alserkal | 2024-04-19 | Can’t she eat normally bro
minhun.l | 2024-04-17 | 배고파
p4esxng_ | 2024-04-11 | อยากให้ไอติมนี้มันมาขายที่ไทยอีกอะ มันอร่อยมากเลยนะ🥹
rr_.1112 | 2024-04-10 | احس عندها فوبيا من رقم عشره
ra.d1r444 | 2024-04-09 | Dia makan es krim di kunyah anjir lah 😭😭🤩
imanalhmran | 2024-04-09 | و المقاطعة
tipaaa_47 | 2024-04-08 | Gw yang ngeliat ngilu
secc.4wwre1 | 2024-04-08 | 맛있나요 맛없나요 한 번도 먹어본 적이 없어요 😂
hynnnjin_l | 2024-04-07 | Ta comendo bosta?
ureiiq_ | 2024-04-06 | This company supports isreal!!!!
ramunja.namunja | 2024-04-05 | 시내.//가게 알바생ㅠㅠ.,시내 커플 부부 김명현 부인 유리에게!소개했다 지금 손해리.
ikkaa__12 | 2024-04-04 | Orang nya ko miripya sama penjual tasbi di Madinah
f0reveraiin | 2024-04-04 | cherry jollibee
minhoo0318 | 2024-04-02 | 엄마는외계인 없나?
preda.i.andrei.7 | 2024-04-01 | Sugi pula faaa
tamar.elkayam | 2024-03-31 | ❤️🇮🇱
wendy05_32 | 2024-03-31 | 뉴옥치즈도 맛있는데
_rit_a_je_mezazna_ | 2024-03-31 | 먹기 전에는 마귀들이 너희와 함께 먹지 못하도록 하나님의 이름으로 말하라.
rediflame | 2024-03-31 | people she is not a Muslim!
love._.stay12 | 2024-03-30 | 근본 민초
luvi_luvisha | 2024-03-29 | Girl did not gave chocolate a 7
_.jaz._2023 | 2024-03-28 | Yo no sabía q el helado se mordía 🙃🤙🏻
low._hanjey | 2024-03-26 | @_.h0angming._
gomez_maria1102 | 2024-03-26 | Contexto: le gustó todas 😂
noh4rm_nofoul | 2024-03-26 | Can't people eat ice cream anymore?
mcxzses.4 | 2024-03-26 | ทำไมเขาต้องเคี้ยวไอติมด้วยอะ😅
_.flaca_quiroz25 | 2024-03-26 | 가끔 식사가 제대로 들리지 않아서 그녀는 식사가 너무 추악하게 들리기를 원합니다.
so._hw1 | 2024-03-25 | 근데 민트초코랑 민트 초코 봉봉이랑 뭐가 달라요?
ferola.ferola.1 | 2024-03-25 | Cara makan nya itu loh yang jijik
ferola.ferola.1 | 2024-03-25 | Sok imut pekme
dw._tt | 2024-03-25 | I don’t think this is about her supporting the Israel people but I’m pretty sure she’s just eating ice cream😭
vianna_tam.0208 | 2024-03-25 | use teeth to eat ice cream 🥶
ilove.lxxci | 2024-03-25 | Ayuda xq lo masca 😦
rarako717 | 2024-03-25 | めっっちゃくちゃくちゃ言ってるw
ylldlz_kadloglu_ | 2024-03-25 | 🍨🍓🫐🍉🍇🍎🥑
swlliens | 2024-03-25 | yeme artık
ayau_az | 2024-03-25 | Пчм она не дают 10
nisasudebrcn_ | 2024-03-25 | mint chocolate icecream=lee yeon😭😭
bold_witness_ | 2024-03-25 | Can u say chocolate clearly 🤣
aysezerencemen | 2024-03-25 | Oruçluyken keşfet #19
mem_efreak | 2024-03-25 | Not she chewing the icecream 😂😢
cbakty | 2024-03-24 | مقاطعة
sergio_ayyuce | 2024-03-24 | 너 너무 시끄럽게 먹어
1x.eonz_ | 2024-03-24 | 엄마는 외계인
pxidori_.7 | 2024-03-24 | 뉴치케ㅔ
w.amalina_ | 2024-03-24 | The lil kid grown up already
nachchaa_nichaa | 2024-03-24 | พี่คะหนูพี่ไปประเทศไทยได้ไหมคะ
iseonhwa502 | 2024-03-24 | 저희 엄마 배라 사장이에연"
2024-03-18,16.7만,공차🧋이모지 맛평가 챌린지🤔Gongcha emoji challenge! 71주,"#toctocsia, #톡톡시아, #먹스타그램, #emoji, #emojimukbang, #공차, #공차신메뉴, #gongcha, #먹방, #mukbang, #asmr","manda90989 | 2025-01-15 | Mukbang : 🛑🚧🚨⛽🛢️🧭⚓🚏🚇
1208_0302 | 2025-01-05 | @bjs78580035 공차를 보았네 아휴..
0706_bohyun | 2024-09-11 | 초콜렛 밀크티 먹어보구 싶어어어
_.diana_.2010 | 2024-07-24 | 10π§π§×÷÷
seha_.0n | 2024-07-23 | 버블티 먹방이 젤 조아 운니❤️ 앞으로도 마니마니 올려줘엉
haifamanhcoo | 2024-06-30 | 매우 맛있습니다.
parivash_moammer_ | 2024-06-18 | #
parivash_moammer_ | 2024-06-18 | Gfjgc#vjhcj
uysghdhdj | 2024-06-13 | Phí the
tomato0918 | 2024-06-13 | 맛있겠다.
btrfly_2917gegeenee | 2024-06-10 | Pick me girl
xlilm_8 | 2024-06-07 | عدوها رقم 10
ponwy_55 | 2024-05-29 | เเก้มน่าจับเกิน🥰
_.mitsuri.__.kanroji_ | 2024-05-27 | Taro is too delicious >w<
riri12574 | 2024-05-26 | 맛있어 보인다.
s2do_22 | 2024-05-24 | Muuhai eddeg mal
youniquekeilienn | 2024-05-23 | 🍆🍇🫐🍍🍌🍊🍑🍉🥭🥝🍋‍🟩🍈🥕🍬🍋
scrle.tuvlyy | 2024-05-14 | الكورية لي نيفها مش كوري
tako.yuumi | 2024-05-13 | これパクってる人いるから気をつけたほうがいいかも(｀・ω・´)
tair_caa | 2024-05-13 | 아아아 너무 귀여워서 귀여울 수가 없어😍❤️🙌
khairunisa_rahimatul | 2024-05-12 | 米可木吗薄款盘感他
cnqnj | 2024-05-12 | เรื่องมาก
changyilinyyqx | 2024-05-09 | 去一次中国吧孩子
yeseon_kate_kim | 2024-05-09 | 그 타로 스무디는 단종됐었지 않나..? 신메뉴가 아니라...아닌가...
zusmibear | 2024-05-04 | 😂she always ""uhm"" looks delicious but her scores are very low
stay_lix46 | 2024-04-14 | wc贡茶
stay_lix46 | 2024-04-14 | wc贡茶
ndyzz_10 | 2024-04-09 | Lewatnya pas takbiran
huishi_1201 | 2024-04-07 | Heaven 😍
sadirbekovaalbina4 | 2024-04-07 | ❤️😍
ams_eda | 2024-04-06 | 😍😍😍😍😍😍😍😍😍😍😍😍
narasakura4 | 2024-04-02 | 맛있어 보여요 🙌
_anindya_268 | 2024-03-31 | 또 이 시간에 지나가네
omomaimao | 2024-03-28 | 🙌👏👏
chi_ko0806 | 2024-03-27 | 美味しそう😍😍オシャレ❤️
qwerty.q.e | 2024-03-27 | Милаффкаа❤️
dan_gji0707 | 2024-03-25 | 다 맛있어 보인다
ferola.ferola.1 | 2024-03-24 | Sok imut😂
nanaajiiee | 2024-03-24 | @angelinngozal mirip kmuu gksii
azkia_faradilla | 2024-03-24 | Mirip kak @jkt48.marsha
lalidaa_2554 | 2024-03-23 | พรือมึงกินเยอะจริง กูเห็นหลายคริปละ เกลียดจริง😂
heeseung.zraa_ | 2024-03-23 | P, adu jam gue 05.13
1xiiii14 | 2024-03-22 | Ramdan:vu
sy_0_0_1025 | 2024-03-22 | 제주그린티 픽💚😍
avisa__9 | 2024-03-21 | 😂
_1yuzie | 2024-03-21 | 嗯嗯嗯嗯嗯嗯嗯～～～
fatimaminhaji | 2024-03-21 | つうくちめをりらま🥰🇯🇵😍🤩💯💯😘
fatimah11857 | 2024-03-21 | ❤❤❤❤❤❤
__a.l.e.x.i.s__56 | 2024-03-20 | 🍉🍫🧋🍓
ainxaz | 2024-03-20 | ایش
_azuxe | 2024-03-20 | 초코맛이 ㄹㅇ 개존맛인건데ㅜㅜㅜㅠㅠㅠㅠㅠ 펄추가 더하면 개맛잇음
st4rs.raraa | 2024-03-20 | 😍❤️
x.min_gi | 2024-03-20 | 타로 스무디...?
best_ann_dance | 2024-03-20 | Вау круто
0._wunn | 2024-03-20 | 공차에서 흑당버블티 비슷한 버블티 이름 뭐임?
hanjaemin55 | 2024-03-20 | 왜케 얄밉게 먹지?
xim._.ej | 2024-03-20 | 맛있겠다
2024_parastoo | 2024-03-20 | زهر مار
b_right_laz | 2024-03-20 | 이모지가 뭔뜻이에요?
_luv.yulll | 2024-03-19 | 맜있게다
mn.ix_ | 2024-03-19 | 님들 딸기쥬얼리는 걍 딸기쥬얼리에 얼음조금 하세요 원래 컵 자체가 작은데 얼음이 반이여서 음료가 거의 없어요
o_chhy | 2024-03-19 | 다 얼마에여
zziinnzzee | 2024-03-19 | Lewat nya pas jam segini😢😢
7778behnii | 2024-03-19 | 🤣🤣🤣🤣🤣🫵👍👍👍👍👍
are2.0.0.7.0.2 | 2024-03-19 | 😍мунчш
mi_ta4726 | 2024-03-19 | 🍓🍎🍦🍔🍇🍆🥕🍋
gr_16.12 | 2024-03-19 | 히비스커스 제일 맛도리하게 먹는다..ㅋㅋ
ijueun_svt17 | 2024-03-19 | 소리랑 이런것도 시아님이 짱👏🙌❤️
starmuhar | 2024-03-19 | Kenapa datang nya pas sianggg
ji_.n1121 | 2024-03-19 | 근데 시아님은 몇살이세요??
kimcherry621 | 2024-03-18 | 딸기주얼리에다가 펄추가 하면 안되는데 기본철이 아니라서
xezvv.2 | 2024-03-18 | 어ㅐㅋ케 이쁘졋지
je.ongmin586 | 2024-03-18 | 너무 이쁘세여
trlshsbbs | 2024-03-18 | 언니ㅠㅠ 나랑 사귀자.❤️
pyj._.enfp | 2024-03-18 | 오늘도 영상 잘 보고가요!👏
h1axn2 | 2024-03-18 | 👏
baeggayun751 | 2024-03-18 | 캬 역시 시아언니가 제일 맛나게 먹어👍🫶🫶
gimayeon198 | 2024-03-18 | 10분 전"
2024-03-13,1.9만,"(광고) 마트에서 이거 보이면 꼭 사자!! 농심 사천마라탕면!! 영상을 시청한 후 좋아요+농심 사천마라탕면에 대한 기대평을 댓글로 작성해주세요! 댓글 작성 후, 프로필 링크 이벤트 참여 폼 작성해주시면 추첨을 통해 총 8분에게 농심 사천마라탕면 멀티팩 2팩을 증정해드립니다. 수정됨 · 72주","#마라탕면, #마라탕라면, #마라라면, #nongshim, #ramyun, #농심, #사천마라탕면, #마라탕","2e0.hn | 2024-09-07 | 맵기는 어느정도 되나요?ᩚ
soyn0826 | 2024-07-17 | 我国四川？
sooohyoen | 2024-05-22 | 진짜 마라탕집들 위기네..
purehexx | 2024-05-08 | @mimirae_ 참고,,
seulhye_oh | 2024-05-01 | 나도 먹고싶다… 나 마라탕 사랑년데…
y_n.x12 | 2024-04-29 | 그럼 제가 선배맘에 탕탕 후루후루 마라탕탕 후루루루
4zraa_m | 2024-04-12 | 터키라면 꼭 드셔보세요 사랑해요❤️
ax.u3e_ | 2024-04-06 | 이렇게 드시는데 살이,,
j._.vn_01 | 2024-03-30 | @ryu_sujin
friska_aulia77 | 2024-03-27 | 분명히 매콤하고 맛있겠죠
_5xenu | 2024-03-25 | 방금 먹음
dan_gji0707 | 2024-03-25 | 신라면 보다 매우면 나는 이미🔥되 있다
g_.0.ym | 2024-03-24 | @mxx.zu 너가 맛있다는게 이건가?
toctocsia | 2024-03-22 | 🎉 댓글이벤트 당첨 명단 🎉

@ykmhsh
@so_eun0208
@ddddd__o
@yerang1998
@s____mee86
@s_0.hyp
@hhyyyy_oo
@hang._.092

넘 축하드려용 🧡🧡 본사에서 폼에 작성해준 메일로 당첨 안내 메일 보내드릴 예정이라구 합니다 !!
ji_3_s2 | 2024-03-19 | 마라탕 좋아하는데 아기키우느라 배달 음식을 자제하고 있어요... 요즘 마라탕 베이스로 한 음식들 많이 나오는데 찐 마라맛은 못 살리더라구요. 라면은 농심이니까 마라탕면도 기대하겠습니다❤️ 라면 좋아해서 아마 탈락해도 내돈내산 할 것 같네요😂
s1h1ukk | 2024-03-19 | 님들 저거 진짜 존맛임..ㅜ 저희 아부지가 나온 날에 바로 사줘서 바로 먹어봤는데.. 찐 마라탕처럼 얼얼합니더ㅜㅜ 저기에 다른 당면이랑 숙주등 추가하면 진 마라탕ㅜㅜ
hang._.092 | 2024-03-18 | 라면의 강국 농심에서 마라 라면을 내주시다니,, 너무 기대감 극 아닌가요!!❣️ 가격 대비 좋은 마라라니 너무 좋아요 그리고 너무 맛있게 드시는거 같아요!
yul.l2l5 | 2024-03-17 | 너무 맛있어보이네요ㅠㅠ 마라탕 너무 좋아하는데 매번 사먹기는 금액이 부담스럽고 시간도 많이 없어서 마라탕 먹고싶어도 못먹을때가 많았거든요😭 그런데 농심 사천마라탕면이 출시되었다니!!! 사천마라탕면에 먹고싶은 재료만 추가해서 넣으면 저렴하고 간편하게 마라탕을 느낄 수 있겠네요🔥 너무 기대됩니당❤❤❤
mrs.atena____ | 2024-03-16 | 😍😍
shuishen1125 | 2024-03-16 | 终于找到你了👏
vaishnavi_2010_ravariya_1011 | 2024-03-16 | Can you pls make reels in English as I didnt understand Korean
s_j1.0518 | 2024-03-15 | 저 매운거 잘먹는데 저거 개개개개갸갸갸개개개개샘매워요
iarin917 | 2024-03-15 | 그거 아나요 마라 소스 만들땐 소기름 이 왕창 들어 간다는거?
jin__dud | 2024-03-15 | 매일 먹어도 살이 안찌시는거 같은데 ㅋㅋ
hhyyyy_oo | 2024-03-14 | 마라탕 주기적으로 먹는 마라탕러번데 집에서 간단하게 후루룩 먹을 수 있는 마라탕면이라니.. 너무 맛있을 것 같아요 !!! ❤ 푸짐하게 먹고 싶으면 집에 있는 야채들도 넣어서 먹으면 간단하게 마라탕 뚝딱! 너무 기대되네요 👏👏
hoauxyen_ | 2024-03-14 | 와..이거에 다른 재료들 넣어 먹으면..생각만해도 행복하네요. !!ㅠㅠ 너무 기대됩니다아
sx_.h6 | 2024-03-14 | 라면 되게 좋아하는데 거기에 진짜 애들이랑 놀러갈 때 꼭 먹는 마라탕의 조합이라니!! 너무 기대되고 맛있겠네요 진짜 마라탕 너무 좋아해서 집에서도 해먹는데 너무 기대되네요
sx_.h6 | 2024-03-14 | 마라탕 너무 좋아하는데 잘 안 먹거든요..😢 그런데 또 홈플러스는 차로 2시간 이상 걸려서 되게 먹고 싶은데 못 먹고 있습니다...이벤트 꼭 당첨됐으면 좋겠네요
sx_.h6 | 2024-03-14 | ..홈플러스 가려면 차로 2시간정도 걸리는데
judithrsln | 2024-03-14 | 언니 운동하는 것을 잊지 마세요
1so._.ns | 2024-03-14 | 헐 저 마라탕이랑 라면 완전 좋아하는데 사천마라탕면 이라니요ㅜㅜ 저기다 야채 이것저것 추가하면 걍 마라탕 그자체 일거같아서 계속 군침도네요😍😋 농심이 또 한 건 했다..
yun.syse_09 | 2024-03-14 | 제발 당첨 되면 좋겠네요😢🙏 마라탕을 자주 못 먹어서요.ㅠㅠㅠ 근데 비슷하다고하니 진짜 기대되네요!!
moa.moa.moa0000 | 2024-03-14 | 마라탕 진짜 좋아하는 데 요즘 학교 가야해서 마라팅 집 못 가고 있어요ㅠㅜ 스프가3개나 들어있어서 풍미가 대박일거 같아요 제발 딩첨 됬으면해요
yul_xl5_ | 2024-03-14 | 온 몸에서 마라가 흐를 정도로 마라탕을 좋아하는데 거기에 라면까지 좋아하는데 그 2가지를 다 합해 놓은 거라니까 너무너무 기대돼요… 마라탕면이면 주 5일을 마라수혈을 할 수 있게 되다니… 너무 설레서 잠 못 잡니다🔥🔥😍
dhj4442 | 2024-03-14 | @do_hy_7751 야야 이것도 먹어야해
yj_jk_armoa | 2024-03-14 | 내가 진짜 사랑해
ga_jima | 2024-03-14 | 마라탕 + 라면 환장하는데 마라탕라면이라니 🥺 새벽에 보는데 침고여요 🤤💦💦💦
s____mee86 | 2024-03-14 | 와 저 마라탕면에 숙주랑 고기랑 이것저것 넣어서 먹으면 진짜 마라탕아니냐고요ㅜㅜ... 진쨔 맛있겠다...🥹
yerang1998 | 2024-03-13 | ❤️ 정말 맛있어보이네요,, 라면 잘 안 먹는데도 이 라면은 꼭 먹어봐야겠어요! 마라탕에 라면 사리 종종 넣어먹는데 그것처럼 잘 어울릴 것 같아요~~~!
bokhee.duck | 2024-03-13 | 헉,,, 넘 맛있어 보여요🔥 당장 홈플 가봐야게따🙌
97_yuuum | 2024-03-13 | 먹방 너무 잘해요 ㅠㅠㅠ 마라탕 덕후인데 마라탕 자주 시켜먹기는 가격이 좀 부담이라 가끔 망설여졋는데 마라탕면이라니 너무 기대되여! 홈플러스 갈려면 거리가 좀잇어서 애기들 두명 데리고 차타고 움직여야되는데 하필 홈플러스만 판다니....ㅠㅠ 사먹을려면 장 보러 갈때 많이 쟁겨와야겟네요 ㅠ
alodya_belvana_ | 2024-03-13 | Lagi puasa liat ini😢😢
dawojung | 2024-03-13 | 오오 마라맛? 집에 부모님들. 이런맛 안좋아해서ㅠ 먹고싶어도 참는ㅠㅠ
choiyena013 | 2024-03-13 | 우와 진짜 맛있겠다ㅏㅏㅏㅏㅏ꼭먹어볼꺼에용!!
ddddd__o | 2024-03-13 | 와 마라탕 덕후라서 주 1회는 꼭 먹어야하는데 마라탕 라면이라뇨..🥹 진짜 맛있게드셔서 더 기대되네요🥹 마라탕에 라면, 옥수수면 꼭 넣어먹는편인데 먹어보고싶어요✨
ykmhsh | 2024-03-13 | 마라탕 너무 좋아하는데 마라탕맛 라면 중에 제일 맛있어보여요ㅠㅠ 시아님이 너무 잘 드셔서 꼭 먹어보고 싶네용…😍😍
frikas_picas | 2024-03-13 | Sim mas esses temperos são saudáveis??
71m_limlim | 2024-03-13 | 🔥🔥🔥🔥i want it
boeul_cl | 2024-03-13 | 오와ㅠㅠ 보면볼수록 넘 맛있게 드셔요😢 마라탕,라면 다 좋아하는데 진짜 당장 먹고싶네요😍
meo_wd_10 | 2024-03-13 | It's Ramadannnnn
gsstonik | 2024-03-13 | RAMADANN RAMADAANNNNNB"
2024-03-12,4.2만,민초 푸드 챌린지😱Mint choco challenge!! 72주,"#toctocsia, #톡톡시아, #민초, #민트초코, #mukbang, #먹방, #asmr, #이모지먹방, #먹스타그램","ywursm_hnn | 2024-05-30 | @enhypen SUNOO LOVES MINTCHOCO🤍🍫❄
su.xz11 | 2024-05-30 | 민초파🩵🤎
hhadwng | 2024-05-28 | Yeonjun will love that :))
luna_rikii | 2024-05-04 | SUNOO WOULD LOVE THIS
lseowoo0424 | 2024-04-22 | 떡볶이 어디서팔아요??
dhdkdbd2821 | 2024-04-21 | 민초 떡볶이 어디서 팔아요??? 먹고 싶은게 어디에서 파는지 몰르겠어요ㅠㅠ
ur.fav.kami_ | 2024-04-17 | How old is she just wondering, BTW?
seiglucklich_ | 2024-04-17 | 떡볶이는 까르보나라에 색소 아닐까..요
lyon_234277 | 2024-04-15 | So cute ❤😊🥰
jjjoy_shin | 2024-04-15 | 민초파세요?
irlseungminn | 2024-04-09 | she's so cute I love her
songsujin691 | 2024-04-08 | 민초파-------->
w0xml_7 | 2024-04-06 | 요즘 민트리치바없던데..
minhoo0318 | 2024-04-02 | 민초파이긴한데 떡볶이는좀,...
isoha80 | 2024-03-30 | 떡볶이 맜있어요??? 궁금
akuncilung | 2024-03-28 | MAU
dqbdllh | 2024-03-27 | 💖💖💖💖
jihangingsul | 2024-03-27 | @riyan.rais bR ada mochi
dan_gji0707 | 2024-03-25 | 다 맛있어 보여
ayab_nay | 2024-03-23 | BECAUSE SHE ATE THE ICE CREAM REVERSE
bea_snc | 2024-03-23 | Looks great T-T
setayeshazimi68 | 2024-03-21 | 💛💛💛💛💛💛💛💛💛💛💛💛💛💛💛
n.yau6 | 2024-03-21 | 떡볶이 어디서 팔아요???????????😂
mohamad_abasi7721 | 2024-03-20 | ❤️❤️😍😍
genzz_zahra_ | 2024-03-18 | Blue please 🥳
i_oo1_l | 2024-03-16 | كأنه انا الوحيدة الي سمعتها قالت رهيب بالعربي
c0nxin_ | 2024-03-15 | 하... 슈포콘...
hui_.won12 | 2024-03-14 | 아…
gimtaehyeon5085 | 2024-03-12 | 이분 몇세에요?
s.n9xh | 2024-03-12 | 역쉬 민초얌
williamwoo0204 | 2024-03-12 | Wow, I love mint choco. 😍😋
se0.h1_x | 2024-03-12 | 모든 다 맛있게 드시네여
jana_yasser_15 | 2024-03-12 | Free plastine
yungicang82 | 2024-03-12 | 떡볶이는 제발......!
ma_xiner_hk | 2024-03-12 | Wow"
2024-03-09,17.4만,우유 1000겹 토스트 나도 먹어보았다...🤔 72주,"#toctocsia, #톡톡시아, #우유천겹토스트, #asmr, #먹방, #mukbang, #먹스타그램","moon_gom.12 | 2024-09-02 | ต้องนำไปเวฟก่อนค่ะ
arinavxzv | 2024-09-01 | 빵을 먹기 전에 먹고 싶다면 전자레인지에 돌리거나 오븐에 잠시 넣어두면 된다. 😉😉😁😁
nght_sioc | 2024-08-31 | Put it in the oven and cook it! The cake will peel off easily
sere_margaretha | 2024-08-30 | Oven
vergissmes | 2024-08-13 | 一看就是我们中国的
asinsh._.pv | 2024-06-19 | 😍
265bluesky | 2024-06-16 | J-AIR違う🤣
khairanandyta | 2024-06-10 | 포장 뒷면에 설명서가 있어요
kieuanh4795 | 2024-06-06 | 오븐에 넣어서 다시 찌고 완전히 제거해야 해요🤭
siiezzaahh | 2024-06-04 | itu harusnya di oven bentar kak biar bisa ditarik
rell.sound | 2024-06-03 | Bake in the oven
____1332___ | 2024-06-03 | 蒸一下
sjjendnd_s___bsddd | 2024-06-02 | Pick me🥹
iam_pq_ | 2024-06-01 | 층별로 케이크를 만들고 싶다면 찌거나 전자레인지에 데워야 해요
jooma4tovna_11 | 2024-06-01 | Пик ми🙌
xzylaa_25 | 2024-05-28 | 전자레인지 먼저, 언니
kim140612_ | 2024-05-24 | Microwave
milk22405 | 2024-05-21 | เวบก่อนพี่
beagoesaround16 | 2024-05-18 | How to order 🥺
beagoesaround16 | 2024-05-18 | I want to buy like that
beagoesaround16 | 2024-05-18 | How to buy
soen.728 | 2024-05-16 | I should have put it in the microwave, then it would be great
wangchuan3786 | 2024-05-14 | 要加热啊宝宝
priws_deniz0 | 2024-05-12 | canım çekti
vika_gra | 2024-05-11 | Надо было заранее погреться в микроволновке немного
riasamurni | 2024-05-10 | Harinya di open duLu kamu gak tawu ya
behnaz_javid_ | 2024-05-09 | Oh it sounds delicious 🥹
daf_bilang_gitu | 2024-05-06 | 오븐에 1분 동안 있어야 합니다.
ge_me2 | 2024-05-04 | ليه تاكل كذا تنرفزنيي
sadat_kucholo | 2024-05-02 | 😢منم میخوام
sseh.kk | 2024-05-01 | Чавкает как
azwiaaja | 2024-04-25 | 마이크로 먼저 해야 한다
e_nul_ | 2024-04-24 | 짭임
n4_tasyaa_putri | 2024-04-23 | 오븐을 먼저 사용했어야 했는데
clara_452y | 2024-04-22 | 누나 먹는 방법이 잘못됐어 먼저 구워야지 !
bts___is__best_1432 | 2024-04-20 | ❤️❤️🔥
kuma1bekovaas | 2024-04-20 | Ураа ураа
priv_leticiaa.09 | 2024-04-18 | Você vai passar mal
sweetenes_11 | 2024-04-18 | Udeh gede aje ni bocah🥰❤️❤️
ms_nobody36 | 2024-04-18 | Plz keep subtitles in English
samgyupsal_th | 2024-04-18 | M
vellaichamysamutha | 2024-04-17 | What is your name
yyyl116 | 2024-04-17 | Она такая взрослая стала
blueroses__u | 2024-04-17 | 치즈 같아요
elii_s_78 | 2024-04-17 | 😂😂😂
mac_ron_me_shu | 2024-04-17 | 😮😮
omoomo973 | 2024-04-15 | 처음에는 전자레인지에 돌렸는데
adeeva_sadin | 2024-04-13 | Harus di oven
waffelocuy_ | 2024-04-11 | Di oven dulu gk sieh🤨
machann_901 | 2024-04-11 | Put it in the oven and it won't be difficult to take it out
hannah__divel | 2024-04-10 | 😍😍
hannah__divel | 2024-04-10 | 😍😍
filmkupp14_ | 2024-04-10 | 이것을 흔들다
nikomangfebbybrilianiastika | 2024-04-10 | 먼저 오븐에 들어가야 해요
putaja44 | 2024-04-09 | Di microwev dulu sayang😂
enquje_ | 2024-04-06 | Tahir dutu ymshig
cayxv_ | 2024-04-05 | 먼저 마이크로이프에 넣어주세요
ferola.ferola.1 | 2024-04-05 | Lebay anj😂😂
dndaaimupp | 2024-04-03 | Letakkan itu di oven dan tunggu
zhiruo92 | 2024-04-01 | 👏
bilaz_bilnaz | 2024-03-30 | 나는 당신의 팬이 될 것입니다
a__tom__atom | 2024-03-28 | ต้องเอาไปเวฟก่อน
dan_gji0707 | 2024-03-25 | 사람들은 다 만들어 먹던데...
jajou_10 | 2024-03-25 | what is this
aquaannmarie311 | 2024-03-24 | So they made a condensed loaf of wonder bread...good job guys👏
achi.kath | 2024-03-21 | Yo i wanna try it
seocanu78 | 2024-03-17 | 그거 가짜예요
1sy_o5zz | 2024-03-17 | 저거 전자레인지 돌려도 안되면 짭임
seo._.yeon1227 | 2024-03-16 | 전자레인지에 1분 돌여야 돼요
hx.1nu | 2024-03-16 | 전자렌지 돌리고 먹어야 하는뎅......
rukmiyatiabdullah97 | 2024-03-15 | So yummy 😍😍
mohammadiabdulqudos | 2024-03-15 | •♧
ouynerdenedulamsuren | 2024-03-12 | Woow
kobae11.22 | 2024-03-12 | 日本のセブンイレブンにあるバタースコッチパンを食べてください同じように上手くむけると思います
hayo.n7 | 2024-03-11 | 이런거 한국에도 파는데
erai_tlqkff | 2024-03-11 | 반마다 한명씩있는 얼굴 이쁘다
katerina_nocevska | 2024-03-11 | ₩¥}£
_raspbberry | 2024-03-11 | 한남동에 티슈브레드있어요...
conghuamian8 | 2024-03-10 | 전자레인지에 넣어서 데울 수 있습니다.🙌
want_t0.be_cute | 2024-03-10 | グルテンフリーだといいな、
alodya_belvana_ | 2024-03-10 | Ovennn
s.moon.j | 2024-03-10 | 반대로 뜯은 거 아니가요?
aisyahfadhilahummu | 2024-03-10 | 퍄 에지 나ㅑ
elsa__pratiwi_2009 | 2024-03-10 | 다시 데워먹으면 맛있어요!!!
skarb_19 | 2024-03-10 | 전자레인지 돌려 먹어야 돼요
jqueennn___ | 2024-03-10 | Es
haalaschultz | 2024-03-10 | It was upside down
fnnyoctvia_ | 2024-03-10 | isn't supposed to be in oven for a minute😂? but still ..I LOVE IT
gyurim0819 | 2024-03-10 | 전자레인지 돌려야해요!
ctrlctrlingkwshscnc | 2024-03-10 | You should heat it up first
carmen.ortiz.545849 | 2024-03-10 | Qué es?
soombabi | 2024-03-10 | 전자레인지에 넣어주세요
nahwahyo | 2024-03-09 | 그거전자레인지에한번돌려야해요
agata.carlesso | 2024-03-09 | 먼저 가열해야 해
hye._.won0902 | 2024-03-09 | 이상한 과자가게님이 아니라 먹스나 님이에요ㅠㅠ
lilya_mayouche | 2024-03-09 | How old are you? You look yonger
hye._.won0902 | 2024-03-09 | 이상한과자가게님?이만드신거 보면서 해주세욥!!
147.258369rui | 2024-03-09 | 가열해야 찢을 수 있다
choiyena013 | 2024-03-09 | 오븐아니면 전자레인지에 넣어서 1분?그정도인가?졸려서 드가면 좋아여
gimseoyeon1101 | 2024-03-09 | 와 먹고싶당"
2024-03-06,4만,KFC 먹방 챌린지🍗KFC mukbang challenge!! 73주,"#toctocsia, #톡톡시아, #KFC, #먹방, #mukbang, #asmr, #먹스타그램, #치킨, #햄버거","koalkikarina | 2024-06-29 | U need the American one🔥
leo_0525_leo | 2024-06-02 | 방금 먹었지만 배고파지는 영상
ya.ws._ | 2024-05-26 | تراها مش مسلمة انتم ايش دخلكم فيها
kyllarwan | 2024-05-04 | BOIKOOT
jk7anka_ | 2024-04-27 | YEMEYİN O ZAMAN
acantha_aceaa | 2024-04-24 | free Palestine #freepalestine #freecongo
khadidja_ben_123 | 2024-04-18 | 🍉🍉🍉
a.j.y_10 | 2024-04-04 | 이거 먹으려면 하루 싹다 굶고 먹어요?
edena.ce | 2024-04-02 | I WANT KFC SB NOW😭😭😭
s.salhab_ | 2024-04-02 | يبنت اليهوديه
zaia_4s | 2024-04-01 | #freepalestine
svxzzzz | 2024-03-31 | A- are you gonna finish that?
meymune2007 | 2024-03-28 | مقاطعة 🍉
oo__oz__ | 2024-03-26 | @uro_or_ 머야얘왜이러캐마니커써 사과머리묶고 바다포도먹른게 엊그제같은디
ge.cottage | 2024-03-24 | 🇦🇪🇦🇪🇦🇪🇦🇪🇦🇪🇦🇪
ex.veo | 2024-03-22 | 😾😾
mohamad_abasi7721 | 2024-03-20 | ❤️❤️😍😍😍😍😍
_ixz67 | 2024-03-19 | اذا ماكان سبايسي مو كنتاكي
aiyuyayi | 2024-03-18 | boikott
te0.xn | 2024-03-16 | 왜다 아랍인들이냐
irxnn_i | 2024-03-15 | سطح
naylalix | 2024-03-14 | In Palestine, specifically Gaza, there is no electricity, no water, and no internet. All neighborhoods have been destroyed using internationally prohibited weapons, and Israel is still playing the role of the victim. They do not want people to know their truth and the truth about their lies in the news. Please search for the truth about what is happening in Gaza. And do not trust the false media that distorts the truth. Children are being killed and women are dying. Every human being must contribute to spreading the truth and knowing it. Search for the truth and spread it.
You do not have to be a Muslim to support Palestine, being human is enough to make you feel the tragedy in Gaza.
ceylions | 2024-03-14 | 😋
d.___.b_sso | 2024-03-14 | @hyuk_p25 바삭바삭 바사사사사사ㅏ사사ㅛㅏㅅ
vr4llr | 2024-03-13 | يبنت اليهودية
kalambayangan | 2024-03-13 | Why kfc😢
lina_man___ | 2024-03-13 | I love Mukbank 🤤
nayayyaaa__ | 2024-03-12 | FREE PALESTINE!!!!
uvnatzu2 | 2024-03-12 | كيف الطعم اطفال غزه 😋؟؟؟
umqahat505 | 2024-03-11 | I'm fasting while watching this 😭
1asliicik | 2024-03-11 | Free palestine 🌹
0topolo0 | 2024-03-10 | 🔥🔥
xromy._.x | 2024-03-09 | @ileah.mcky_ tuurlijk kom ik dit weer tegen
jo.wimdn | 2024-03-09 | 눈나 너무이뻐!❤️
halukr19 | 2024-03-09 | @@@@@
whiiiiii0 | 2024-03-08 | @maneaj_ 낼케에프씨?????
esuinaa | 2024-03-08 | 🇲🇳🇲🇳🇲🇳 🙏
simplegirlhhh2 | 2024-03-08 | #gazastarving
simplegirlhhh2 | 2024-03-08 | Palestine
wreekly | 2024-03-08 | Mann if yall don’t get off this girl page saying this shiiii 🤦🏿 we get it already
jennie_nhiii939 | 2024-03-08 | 😍
indriicilla | 2024-03-08 | Kalo makan kepalamu harus naik gitu kah
flynn_.ryan | 2024-03-08 | Kyknya ga ada nasi kurang mantep😂
ilminurfalah | 2024-03-08 | I don't like KFC😢
buglem_raen | 2024-03-08 | Free palestine
rmys._.bzyk | 2024-03-08 | Free palestine
rukia_billa | 2024-03-08 | You should apologize now
j3iez | 2024-03-07 | KFC is sooo good😍
kong_yoonje_2013051018 | 2024-03-07 | 나도오늘 케이애푸씨먹움
lisanna320 | 2024-03-07 | #freepalestine
baeggayun751 | 2024-03-07 | 시아언니 지짜 맛있게 먹어서 나 침 고여
amaliavputri | 2024-03-07 | Kfc Korea have chilli sauce?
mariaaamm_prv | 2024-03-07 | We like you but Free palestine 🫶🫶🫶
santaaenremeraa | 2024-03-07 | Por qué usan guantes para comer????? Amiga, lávate las manos después y listo! No paramos de generar residuos, por eso la naturaleza nos odia 🥺
window_water_park | 2024-03-07 | 케이에프씨의 진짜는 에그타르트라고 생각합니다… 꼭 한 번 드셔보시길
williamwoo0204 | 2024-03-07 | Wow 😍
helia.kh2023 | 2024-03-06 | 🧸🐌🍂🤎
namsangyun94 | 2024-03-06 | 너무맛있게먹는다.😢
jana_yasser_15 | 2024-03-06 | Free Palestine
jana_yasser_15 | 2024-03-06 | Free Palestine
gimseoyeon1101 | 2024-03-06 | 넘 귀엽당 시아❤️
gimseoyeon1101 | 2024-03-06 | 오늘넘 커엽다..시아
gimseoyeon1101 | 2024-03-06 | 와 한입만여
qoqo__blayde1269 | 2024-03-06 | Do Pizza Hut try it
_pratima_sinha | 2024-03-06 | Did u say jungkook 😳"
2024-03-04,1.4만,(광고) 달콤왕가탕후루 링고아메 출시ㅠㅠ🍎 73주,"#달콤왕가탕후루, #달왕탕, #탕후루, #왕가탕후루, #왕가탕후루서울대벤처타운역점, #링고아메, #사과탕후루, #스테비아사과","storyming_camping | 2024-03-24 | @sonnny_hkk
2un.0_ | 2024-03-22 | 저희 1개당 4500원
tippawan.piyajan610047 | 2024-03-13 | ❤
limsusantohendi | 2024-03-06 | 😂😂😂ane Gareng ie pheng kho
hujunhei | 2024-03-05 | 신상 출시하면 거의 다 팔릴듯..... 가게에 가면 없을거 같은데... 다 팔려서..ㅜㅜ
baeggayun751 | 2024-03-05 | 언니 진짜 맛있게 먹는다❤
h.ae7n | 2024-03-05 | 개당 6500원이에요 ㅜㅜ
k_xj1.s | 2024-03-04 | 당장 왕가탕후루 가야겠네..ㅋㅋ
juss.me.samm | 2024-03-04 | Wahhh I can't understand koreannn 😭😭😭😭
je.ongmin586 | 2024-03-04 | 개못생겼네요
gimseoyeon1101 | 2024-03-04 | 시아넘 귀여워❤️
gimseoyeon1101 | 2024-03-04 | 와 저도먹고싶당
exynn.a | 2024-03-04 | 얼마에요오?
minji_0823_ | 2024-03-04 | 전주 객사에 왕가탕후루 가게에 팔아요?
oh7l1004 | 2024-03-04 | 얼마에 샀써요오,,?!?!
rukky0602 | 2024-03-04 | 何ウォンでしたか？"
2024-03-03,5만,연어 소스별 챌린지😭Salmon challenge! 73주,"#toctocsia, #톡톡시아, #mukbang, #먹방, #asmr, #연어먹방, #먹스타그램","hibeam_cc | 2024-09-06 | i want to eat it🥲
jiwoo119__ | 2024-07-07 | 나도 연어 좋아하는데 언니가 먹어서 그런지 나도 먹고싶다..언니가 대신 먹어주세요~~!😍
amaliavputri | 2024-06-27 | 🤤🤤🤤
eunu0130 | 2024-05-22 | 산낙지 편도 해주세요
ida2555.p | 2024-05-21 | มากินซีฟู้ดมั่ยจ้ะ5535366
_s0r6la | 2024-05-20 | 音が良すぎる🥺全部美味しく食べようとしてるのすごい✨
han.4z | 2024-05-12 | 맛잇겟당
lykisu | 2024-05-05 | I feel like she was in a movie kdrama before 🤔🤔🤔
dain7017 | 2024-05-02 | Now I am hungry.😢
____.mariiiiiii.____ | 2024-05-01 | 그녀는 예쁘지 않고 곧 뚱뚱한 소가 될 것입니다.
hamjiyul15 | 2024-04-29 | 와 키가몇이에요??
pihla.suh0nennn | 2024-04-25 | I LOVE THESE
pizzysquijih_lcj | 2024-04-22 | salam from un indonesia 🙌👏
kenzyrmdn | 2024-04-10 | هى قالت سمنة ؟
cherlyncherlyn9 | 2024-04-09 | Day trips in the morning 🤤🤤🤤
maleklabidi2137 | 2024-04-06 | She eats wonyoung 🔥
chaeeun15531 | 2024-04-02 | 언닝~~~ 언니영상보고 연어먹고 싶어졌어....
elenazemankova_ | 2024-03-26 | Proč tak mlaskas volee
sunchxi._.ow | 2024-03-24 | 타르타르때 양파는..?
m2n.hk0 | 2024-03-23 | 먹는거 ㅈ같네
__.anchan08 | 2024-03-22 | 😍😍😍😍😍
kim_sky0906 | 2024-03-19 | 맛있겠누😢
s.ng1025 | 2024-03-16 | 이번건 소리 진짜 좋다
yyyunataaa | 2024-03-16 | If you were a fish what fish would u be ?
nxiaylwm | 2024-03-16 | yeme şekli çok gıcık
hwhaihfqyqiwie | 2024-03-13 | 이분 쌍수하신거임 아니면 나이 들면서 생긴거임?
pontianak.megamind | 2024-03-10 | Are her teeth replaced with microphones?
heeba._.1057 | 2024-03-10 | i honestly love this girl
rkals_0922 | 2024-03-09 | 타르타르소스 말하자 마자 이상한 사운즈 레 이러는애 생각남....
mi1_xm | 2024-03-09 | 이사람은 걍 뭔 소스든 연어가 좋은가보다
pop_suga_2025 | 2024-03-09 | 연어는 캡사이신 소스에 찍어서 먹어야지
min.x_jo | 2024-03-08 | 초고추장파 나와
online_shop_luxurry | 2024-03-07 | ☺️😍😍❤❤
yeonju7908 | 2024-03-06 | 마지막은 좀.. 그래도 다 괜찮다^^
gimseoyeon1101 | 2024-03-05 | 오늘넘 귀여운 시아😢❤️
gimseoyeon1101 | 2024-03-05 | 헐저 연어엄청 좋은데😍❤️
rhosegdk | 2024-03-05 | 언니, 어느 게 제일 좋아?
yi_sooa12 | 2024-03-04 | 으아아ㅏ 맛잇겟다(맟춤법 파괴…)
1jj_un | 2024-03-04 | 회 너무 좋죠
kim._.nayul2 | 2024-03-04 | 저 연어 그닥안좋아하는데 언니가먹으니까 먹고싶어져욥❤️
r3inahn | 2024-03-04 | 엥?? 목소리가 굵어졌네여
flewxible | 2024-03-04 | Mmmmm..
dawojung | 2024-03-03 | 간장와사비가 10점일듯요ㅎ 시아양이 먹으면 다 맛나보여서 큰일이에요😂
baeggayun751 | 2024-03-03 | 언니가 맛있게 먹어서 나도 연어 먹고싶다
setareh_falahati2006 | 2024-03-03 | So so so goood❤️❤️❤️
tin_an27 | 2024-03-03 | I like your video @toctocsia
ee8eeeeee | 2024-03-03 | 오 쌈장이 잘 어울리는지 처음 알았어용👏😮"
2024-03-01,5.9만,(광고) 두찜 이 메뉴가 이렇게 맛있다고?? 73주,"#두찜, #두찜묵은지찜닭, #스폰지밥키링, #입짧은햇님, #찜닭, #묵은지찜닭, #스폰지밥, #두찜키링","zuha1_0x | 2025-06-08 | 이건 찐이다
zuha1_0x | 2025-06-07 | 이건 찐이다
zuha1_0x | 2025-06-07 | 이건 찐이다
nok_bbi | 2024-10-12 | @cnsdi222 개마싯겟다
0706_bohyun | 2024-06-26 | 맛있겠다ㅐㆍ
anabeatriz11564 | 2024-05-28 | Love you 😍😍
mumu02172020 | 2024-05-28 | 저기요 좀 먹을때 이빨로 끊어먹지마요 소리좀 내지말고 먹어요
ylldlz_kadloglu_ | 2024-05-23 | 100K
ico_shop_ | 2024-05-23 | ❤️
_ilovfelix_ | 2024-05-14 | ❤️
iam.gooddddddddd | 2024-05-01 | ผักตุ๊ดด55‼️
hex.4z | 2024-04-30 | @yun.sex 내일 머글랳ㅎㄹ
lolii_.o | 2024-04-27 | I LOVE YOURS VIDEOS💖🎀
mziany68 | 2024-04-27 | 😍😍😍
homeyooon | 2024-04-03 | 혹시 김치가 그냥 김치에요 아님 볶음김치에요..?
eitan_buz25 | 2024-03-30 | LeBron son shine
mriamqzrna | 2024-03-25 | 이 여자는 몇 살이에요 ㅋㅋㅋ 10대처럼 보이는데
sso_hee_oo | 2024-03-25 | @cha____97 묵은지 찜닭은 …!!
gimminhyeog1930 | 2024-03-23 | 누나 생각보다 많이먹네?
garota.artista.bk | 2024-03-23 | Mano ela falou ""muito bom "" no início
chxrlie55 | 2024-03-23 | Juaaa...juaaaa😂😂😂
thilffreys | 2024-03-17 | bila nak pukul 7 😭😭😭
hananerais7 | 2024-03-17 | 😲+🌹
weexier1234 | 2024-03-09 | May I know how old are you? 😊
jefavo_turk2060 | 2024-03-09 | My fypp in Ramadan 😮😭😭😭
ii_zoa_ | 2024-03-08 | 진짜 예쁘게 먹는다
imhamta.artist | 2024-03-07 | WOAAAAAH
115__jjungyu | 2024-03-07 | @james.yoonn 근데 두찜 마싯도라
421___415 | 2024-03-06 | ليش احنه من ناكل مو مثلهم بل اكل حنه جنه ما شايفين من ناكل مهموشين 😂
y___jeans | 2024-03-05 | @ak.____.dud 이거 너무 먹고싶어..
mr_cry666 | 2024-03-05 | 😍
i.m__dar | 2024-03-04 | Yaaa
w_oonee | 2024-03-04 | @m_hjnee 만난날 메뉴는 이거다ㅋㅋㅋ
__hae_ra_ | 2024-03-03 | @ted.oh90
eiekekekehrk | 2024-03-03 | 사랑이닮았네
eternity__2019 | 2024-03-03 | 미쳤다 미쳤다 애인 것 같은데 이런 말은 좀..
addysonadams85 | 2024-03-03 | Girl you better slide some of that I'm hungry 🤤🤤❤️❤️
jeonminseon46 | 2024-03-02 | 혹시 대구점 장군 찜닭도 시켜주세요! 저도 엄청 맛있었어요!
lleigll | 2024-03-02 | 🧒🏻🗣wa wa wa wa
xiiniuu_ | 2024-03-02 | @gyuuuuuu0313
trlshsbbs | 2024-03-01 | 할머니..ㅠㅠ
flfkg_jj0717 | 2024-03-01 | 두찜 먹어 봐야겠어요 김치찜 저 좋아하는데
0.heyi | 2024-03-01 | 진짜 저거 먹어봤는데 개 존맛
ella140224 | 2024-03-01 | 맛있겠당!
rhen4.jpg | 2024-03-01 | ❤️
andndns_ | 2024-03-01 | @imvin___97 미쳐따
hye._.won0902 | 2024-03-01 | 헐 진챠 복스럽게 드신다
tin_an27 | 2024-03-01 | Look delicious❤️
forfever._.young | 2024-03-01 | Hiii
dumbasspvt.02 | 2024-03-01 | So yummy😍
toctocsia | 2024-03-01 | 오랜만에 밥하고 너무 맛있게 먹었던 찜닭ㅠㅠ
찜닭 좋아하시면 꼭 드셔보세요!!
스폰지밥 키링도 최고 귀여움ㅠ

영상 속 주문 메뉴
[두찜 & 스폰지팝 2탄] 묵은지찜닭 세트(순살로 변경)
맵기-보통맛 주문!"
2024-02-29,1.9만,통대창 2개 이상 먹으면 안 되는 이유... 74주,"#toctocsia, #톡톡시아, #asmr, #mukbang, #먹방, #통대창, #먹스타그램","xx_seoeojin | 2024-10-07 | 저렇게 먹는거 아닌데
surekha_darapu | 2024-05-02 | 😋😋😋😋
moonlight99._.jjw | 2024-03-02 | 전 먹을만 하던데 보통 잘 못 드시는듯 하더라구요
yulianabudiraharjo | 2024-03-02 | Udah gede aja ini anak 😂
s_0u.x | 2024-03-02 | 진짜 너무 잘드신다 .. 짱이에여어ㅓ
coegeumpyeong | 2024-03-02 | 마이크는어디있는겨?
q_xle01 | 2024-03-02 | 肌が白すぎて驚いた…とても美味しそうな音
6stwin | 2024-03-01 | มันคือไรครับ
uo.yiop | 2024-03-01 | 소리 미춌다
jin.yxxn13 | 2024-03-01 | 와 지렸다.. 맛있겠당 ㅠ 😻😻
gyuri.x0 | 2024-03-01 | 중국간식시리즈해주세욤^^(진짜팬이에요
joon_mnmn | 2024-03-01 | 대창 먹다가 얼굴에 다튀어서 이제 안먹음 ㅋㅋㅋ
1077minju | 2024-03-01 | 
sion0502 | 2024-02-29 | ❤️
helia.kh2023 | 2024-02-29 | 🧸🐌🍂🍪
r__yo.2 | 2024-02-29 | 美味しそう🤤
myo.xn | 2024-02-29 | 소리 미쳤다...😭
hairtai_shuu247 | 2024-02-29 | 통대창 하나랑 파김치 열개랑 먹어야 될거 같은데•ɞ•
q.moox | 2024-02-29 | 당신은 이스라엘 편입니까, 아니면 팔레스타인 편입니까?
tin_an27 | 2024-02-29 | Woah look it's look so delicious
jiaxuan3618 | 2024-02-29 | It looks delicious 😋
siwonkim_4 | 2024-02-29 | 6분전!!!! 소리 머선일!!
s_oy_ul | 2024-02-29 | 소리..진쨔..😭❤"
2024-02-25,5.8만,블랙푸드 챌린지! Black food challenge! 74주,"#toctocsia, #톡톡시아, #asmr, #먹방, #mukbang, #먹스타그램","lee1junjjae44 | 2024-07-29 | ❤️😍
marinunesmkt | 2024-05-18 | Que fofa ❤️😍
vivian.enhypen.engene | 2024-05-09 | 당신은 너무나 예쁩니다 ✨
zero_zero__bnd | 2024-04-27 | 진짜 뭐든 맛깔나게 드시네용
shamshadinkyzy.adiya | 2024-04-25 | Пикми
yu_.uskii1 | 2024-04-23 | 何この子可愛すぎる！♥食べるのも丁寧で素敵やわ！
mohamad_abasi7721 | 2024-04-20 | 😍😍😍😍😍🤤🤤🤤🤤🤤🤤🤤
d.inx827 | 2024-04-15 | 언니의 리즈시절은 바로 유니 꼬마유니
였던 언니가 너무 그리워~나예전에
언니 완전 팬이였는데 언니는 초록색도
좋아하는거 다 아는데
k._.min8s | 2024-04-14 | 오래오가 10점이 아니라니..
7lyein_ | 2024-04-09 | 난 그 사람이 정말 싫어요. 그 사람은 정말 가식도 없고 예쁘지도 않아요.
omomaimao | 2024-03-30 | 🔥😍😍😍😍
claricenok | 2024-03-28 | 🤔
skz_.stay0325 | 2024-03-26 | 那個聲音真的很吵
choi_junxo | 2024-03-21 | 얼굴 게 흰색이넼
mohamad_abasi7721 | 2024-03-20 | ❤️❤️❤️❤️😍😍😍😍😍😍
gweonraemong | 2024-03-19 | ❤️
sunchxi._.ow | 2024-03-19 | 타피오카펄만 먹는분 처음봄
w._.u._.h | 2024-03-11 | 타피오카펄 순간 캐비어로 봤다
marinaaaaa.nm | 2024-03-09 | ❤️❤️
idk_yanchik | 2024-03-09 | 
09rrabia | 2024-03-09 | çok betsin ortam
laldiinsangi | 2024-03-07 | I like your jacket 😍❤️
baiqneyla._ | 2024-03-06 | mirip rafathar
nagiti725 | 2024-03-03 | めっちゃ美味しそうに食べるから自分も食べたくなってきた。
_132401 | 2024-03-02 | 캐비어는요?
erui._.2012 | 2024-02-29 | 먹으면 너무 속이 쓰리거든요.
marzhan.abisheca | 2024-02-28 | 😂😂😂❤️🔥
hottervansi | 2024-02-27 | düzgün ye
pny1015 | 2024-02-26 | ❤❤
lucii_armas | 2024-02-26 | 🤩💗💗
heyitscourtot | 2024-02-25 | Why do people waste gloves to eat? Just wash your hands
sultanovab1988 | 2024-02-25 | ❤️❤️
q.moox | 2024-02-25 | ❤️
gimseoyeon1101 | 2024-02-25 | 시아 귀여워
subete_kotodamani__naru | 2024-02-25 | おいしそう🖤👻😋
t._.heon | 2024-02-25 | 5
luvr_dona | 2024-02-25 | ❤️❤️😍
elifsudecnr | 2024-02-25 | 3❤️
chen_.0729 | 2024-02-25 | 1"
2024-02-24,14.9만,배스킨라빈스 맛평가 챌린지! baskin robbins challenge!😭 74주,"#toctocsia, #톡톡시아, #배라, #민트초코봉봉, #asmr, #mukbang, #먹방, #asmr, #먹스타그램","sat_.18a | 2024-09-05 | 😍😍😍😍
elaine__0606 | 2024-07-24 | 動作很多
s__yon__ | 2024-06-21 | @eun__jae___ 사줘 ㅠㅠㅠㅠㅠㅠ
dokyung_01 | 2024-06-12 | 나만 애플민트 존맛인가
jang_ye_won15 | 2024-05-24 | 전.. 체리쥬빌래가 맛있어용!
angie_zzoo | 2024-05-19 | เคี้ยวไอติมทำไม
s0y.x14 | 2024-05-17 | 민초는 사랑이쥬🩵🩵🩵🩵
seaaeszx | 2024-05-13 | Se ve vien verga que riko
piraya.g_ | 2024-05-13 | @n_yy0nnnnx อยากกินน
ronja_rfa | 2024-05-09 | Why do i always find the most delicious food when I can’t eat
_dhiyaa_afi | 2024-05-08 | you so cute
gweondain94 | 2024-04-29 | 엄마 는외계인엄청꿀맛😍
kiprse__akbtitlkz77 | 2024-04-29 | @dwhs_hmc_zlyc
pawanpat_tt | 2024-04-28 | 123k🔥😍
ngvlw._ | 2024-04-22 | @urf4v.mt_ hiệu này siu ngon
_gx.y00 | 2024-04-20 | 애플민트 개맛도린데..
yx._seol | 2024-04-14 | 애플민ㄴ트 맛있는데
noor_alii28 | 2024-04-14 | اكلت الخاشوگه؟!!
sharonng10 | 2024-04-12 | U should try cotton candy
ferola.ferola.1 | 2024-04-05 | Mirip anj
tamar.elkayam | 2024-03-31 | 🇮🇱❤
meizhidai9315 | 2024-03-30 | そのさしかたは、
leedohee116 | 2024-03-27 | 그린티 맛있겠당 😢😢
d1.x2h_y | 2024-03-17 | 애플민드 존맛인뎁..
arx_6hs | 2024-03-16 | 아직 어른의 맛을 모르는 나이.
tn.cv_ | 2024-03-15 | الفيديوهات ما بتيجي غير برمضان
zahraabijaja | 2024-03-13 | im fasting rn : 😢😢😢
gtuedcc | 2024-03-11 | 다 맛있음
noa_el9 | 2024-03-11 | We love you ❤❤
ganghajun75 | 2024-03-04 | 역시 아몬드 봉봉 최고!!!!!!!
x.lsyl | 2024-03-04 | 애플민트 맛있는데.....
moon._naay | 2024-03-03 | Nada te parece
ereka_chan_ | 2024-03-03 | 🇮🇱🇮🇱🇮🇱❤️❤️❤️❤️
stay_092218325 | 2024-03-02 | 애플민트 맛도리
imxand__ | 2024-03-02 | 😍😍😍😍
s_eung12h | 2024-03-01 | 쿠앤쿠는요?
joc.aranda | 2024-03-01 | i miss when there was that glitter on top of her head when she liked something 😭🩷
vlock_09 | 2024-02-29 | I love mint choco too 😢❤️
jkxhdk | 2024-02-28 | she grew so fast😭
gogo_okhehe | 2024-02-28 | 너는 민초취향 아니고 초코초코 취향이네~ᱍᱍᱍᱍᱍᱍᱍᱍᱍᱍᱍᱍᱍᱍ 😂
민초봉봉 먹어보고싶네!
kosuke_3627 | 2024-02-27 | うん、個人の感想です
__.mnaufal | 2024-02-27 | Unfollow
hyeon_hyein | 2024-02-26 | ALL EYES ON RAFAH!
e.y18qt | 2024-02-26 | 무슨 아몬드봉봉이 8.5입니까 10이지
_yxo.zl | 2024-02-26 | 애플민트 존맛인데😢😢
mwaa_rr | 2024-02-26 | カズハみたい
aasksk_10182828 | 2024-02-26 | 애플민트 사진이 왜저래요..?
_d0.hyn | 2024-02-26 | 민트초코=치약x 민트o 치약=민트o
11._.2_rkcl | 2024-02-26 | 치약..
jxgn.12 | 2024-02-26 | 슈팅스타 없습니까
merongmeron5 | 2024-02-26 | 애플민트가 맛없는게 아니라 먼저 초코같은 진한 맛을 많이 먹어서 상큼한 애플민트 맛이 안느껴지는거에영 ㅠ
kitty._.mahina | 2024-02-26 | I eat ice cream but I don't bite it
jejddjdjsbdjdn | 2024-02-26 | Next time just use one spoon..
lexsi_kcmnvthnc | 2024-02-26 | 그래서 배고프다
joneunggirl | 2024-02-26 | @n_h_.noa 이거보고생각낫ㄴㄴ데제밣하요일에나랑베라가지
kimcherry621 | 2024-02-26 | 애플민트 오래됬는데 맛있는데
godziwoo | 2024-02-26 | 애플민트맛있는디
usrknwn.0012 | 2024-02-26 | The last time i seen her when her doing vid eating bubble candy 🍬
k.nw_h0 | 2024-02-26 | 민초먹을빠엔 치약 쳐 먹어
k_indi90 | 2024-02-26 | 애플민트는 폰트지😎
ruioo_199 | 2024-02-25 | @gyuuuuuu0313
jx_.5chxn | 2024-02-25 | 레인보우 샤배트 개맛있는데...
seoeun2085 | 2024-02-25 | 우악!! 아몬드 봉봉..!!
hyo_miniverse | 2024-02-25 | 민초❤️❤️
xii.1_4.3 | 2024-02-25 | 초콜릿 진짜 너무 좋아❤️
rustamova9768 | 2024-02-25 | 우 와ㅏ
karninull | 2024-02-25 | You're so cute and pretty💝
helia.kh2023 | 2024-02-25 | 🌟🌼
inseo0928 | 2024-02-25 | 애플 민트 진짜 맛있는데...
rnwkdnjs__00 | 2024-02-25 | 숟가락 저래 꽂아놓지 말어유
shindong._.1016 | 2024-02-25 | 반민초당의 대표로써 2번째 아이스크림을 부수고 싶네요 누가 저를 대표로 만들었냐구요? 반민초당은 저혼자여서 제가 당 대표죠
kimse_ha_ | 2024-02-25 | 민초는 쫌
ri_hyeanz | 2024-02-25 | 우와ㅏ
ai_auanpan | 2024-02-25 | 😍
1raun.__ | 2024-02-25 | 민초 봉봉 나왔음?
yiu_xl.m | 2024-02-25 | 그린티 존맛인데..💚
seo_a_0211 | 2024-02-25 | 와사비맛도 먹어주세요
jeongjeyam_roh | 2024-02-25 | 제가 제일 좋아하는 민트초콜릿인데 어떠세요😊✨
sonyejin345 | 2024-02-25 | 제가다싫어하는맛임
joyeongu79 | 2024-02-25 | 😍😍❤️❤️
tori._.1370 | 2024-02-25 | The mint choc reminded me of sunoo😂
_d1mi.n | 2024-02-25 | 애플민트 그린티가 맛도리인데
byeong_deog | 2024-02-25 | 저는 애플민트 엄청 좋아해요!
yeda.m0807 | 2024-02-24 | 레보샤가짱이지
_riyrw | 2024-02-24 | 애플민드 시즌이라서 먹기 힘든데 내 최애임 ㄹㅇ 개맛있음
dawojung | 2024-02-24 | 애플민트는 안먹어봤고.. 나머진 저는 10점이용^^
a123kas123 | 2024-02-24 | 민초는 줌
hermanita.r | 2024-02-24 | 애플민트 말고 레인보우샤베트 먹어요~ 민초파라면 레샤도 좋아할거 같네요~
jumjumjunjun | 2024-02-24 | 일본에서 자아테이완이라고 하는데　베스킨라빈스라고 하면 왠지 더 맛있게 보여요
aiaru5946 | 2024-02-24 | ❤️❤️❤️❤️❤️❤️❤️❤️
1jj_un | 2024-02-24 | 민초 노맛 걍 2080치약 맛
forfever._.young | 2024-02-24 | I think the choco waa the best
pretty_alyyaa | 2024-02-24 | third !!!🔥
luvr_dona | 2024-02-24 | Ilove you ❤️❤️ I continue😍🔥
2.mingx4 | 2024-02-24 | 민초 저도 좋아하는데 진짜 맛있게 잘 드세요🩷🩷"
2024-02-23,7565,(광고) 다시 돌아왔다!! 통모짜와퍼ㅠㅠ 74주,"#버거킹, #버거킹신메뉴, #통모짜와퍼, #더블통모짜와퍼, #통모짜와퍼주니어, #먹방","sin_x.6 | 2024-10-01 | 통모쯔아아아 가 넘 기엽네여
fahime._azimi | 2024-07-15 | به نظر خوشمزه میاد 😍😋😋😋
reyfiiiii | 2024-04-25 | tone deaf..
baba_ove | 2024-04-12 | 감튀 먹을때 다급한 선이 너무 귀여움 ㅋㅎㅋㅎㅋㅎㅠㅠ
hee.su09 | 2024-03-23 | 이레서 버거킹이지
yeeeee___seul | 2024-03-20 | @fungi_kim 쟁아 ㄷㄷ
hsynl_cicek | 2024-03-10 | 🇦🇿🇹🇷🇰🇷❤️❤️❤️
eunicecheung3 | 2024-03-07 | Cool
dmini_i | 2024-03-01 | @h_rym_ 이거바ㅠㅠ
k_indi90 | 2024-02-26 | 저기에 베이컨만 넣으면 롯리 모짜렐라인더버거
_so.nzx | 2024-02-25 | 내가 가서 무조건 먹어본다
gimseoyeon1101 | 2024-02-25 | 시아 진짜귀엽다
m_wa4230 | 2024-02-25 | 🔥🔥🔥🔥 that looks good!!!
0725_si_eun | 2024-02-24 | @siyoul.lee.353
q.moox | 2024-02-24 | 자유 팔레스타인
aiiiii_sofiaaaaa | 2024-02-23 | Tooo motchiii 💫✨"
2024-02-19,4.2만,생전복 소스별 챌린지!😭 Raw abalone mukbang! 75주,"#toctocsia, #톡톡시아, #asmr, #먹방, #mukbang, #생전복","simminjun29 | 2024-08-17 | ㄹㅇㅋㅋ
ba.ki_3 | 2024-08-08 | 전복 손질 안한것처럼 보이는데
s.euxn_a | 2024-08-07 | ❤️🌼
handsomeismy | 2024-06-20 | Why u don’t wear two gloves
nguyenvy_17 | 2024-05-22 | ㅗㅑㅠ뭐 ㅣ뮬 ㅎ며 ㅣㅁ즈
zix.nan_1 | 2024-04-10 | 아 나 생전복 좋아하는데....
lina_eryuz0 | 2024-03-30 | 레몬으로 드셔보세요
d.alxoivse | 2024-03-12 | awh she so pretty tbh
reverienavy13 | 2024-03-12 | Girllll you so etheral🔥
j.s_breakfast | 2024-03-08 | 껍질채로 먹는줄 ㅋ
z_.hyan | 2024-03-08 | 저게 씹어지나??
auroraaraceli | 2024-03-08 | Que
just_eliii.iii | 2024-03-04 | Wait you are eating with the shell 🙁😳
sh40.t | 2024-03-02 | I don't think your supposed to eat the shell
wxc0nu | 2024-02-29 | 버터구이는…..?
nata_rawr | 2024-02-26 | 맛있어?
ale.zh0 | 2024-02-26 | Crunchy
wwwww.eeeee.rrrr | 2024-02-26 | 오..전에 유튭 어쩌다 봤었는데 엄청 컸다....갈수록 이뻐짐..
rustamova9768 | 2024-02-25 | 소리까ㅑㅑ❤️
jinsongeon12 | 2024-02-24 | 해산물별로안좋아하는데맛있어보인다
babyallmygod | 2024-02-24 | 쌍커플때문에 눈에 일부러힘주는데
나중에 미간이랑 엄청 주름져요 ㅜ
계속 옆만보고 안쓰러워요
d0nlikey0u_ | 2024-02-22 | 노무현닮았다
s._.xxol | 2024-02-22 | 결론- 초장은 아무도 아길 수 없다
werla7731 | 2024-02-22 | 마시께따...
ya.xhadam | 2024-02-22 | 마이크를 어금니에 끼셨나요
jae_yoon_09 | 2024-02-21 | 소리가 껍질까지 씹어 먹는 소리남 ㅋㅋㅋ
zolo._.otoa | 2024-02-21 | アワビいいな
普通に食べたい
seyoung1504 | 2024-02-21 | 이빨 재거하셧죠
wh._.p11 | 2024-02-21 | @kimseon2005 가져다주는거 어떠신가요.. 선글라스 만드시는분인데ㅋㅋ
_d1mi.n | 2024-02-21 | ㅗㅜㅑ
ramunja.namunja | 2024-02-20 | 부가가치세 면세사업자에서 치료.왈왈""""버스타고 거러가 상담후( 왈왈ㅠㅠ)고치고 거러와찌!웃기건 우산대 고친게 또 떠러진거이찌!
hanchanhee131015 | 2024-02-20 | 전복 껍데기먹는거 임?
12a_3yul | 2024-02-20 | 버터구이 좋아하는사람----------------->
kmj.0501 | 2024-02-20 | 소리가 캬ㅑㅑ
39x0l | 2024-02-20 | Is it raw 🤔
parkdami562 | 2024-02-20 | 와ㅏ나 생전복 겁나 좋아하는뎀..또 먹고 싶따
mitmer__s2 | 2024-02-20 | 초코소스가 마요네즈보다 맛있다니 충격이에요..진짜..
luvr_dona | 2024-02-20 | ❤️❤️😍
elsa._grk | 2024-02-19 | 🫠🐚
mgimn_0328 | 2024-02-19 | 톡톡시아님 조심하세요..
저 어제 소라 먹었다가 배가 너무 아파요..ㅜ
dawojung | 2024-02-19 | 초장+참기름+와사비 조합이 좋을듯ㅎ 전복 손질법 알려주세용~ 머 이빨? 제거 해야한대서 전복 못사는 사람이어요..ㅠ
ss90.10.29 | 2024-02-19 | 뭐니 뭐니 해도 초장이구만 👏👏
yx_bn1 | 2024-02-19 | 우와...톡톡시아님은 이런것도 잘 드시네요!전..조개류 알러지가있어서..
n13ye0n | 2024-02-19 | 맛있겠다!!!글구 맛있게 먹어서 넘 힐링되요 !! 유튜브보고 좋아했는데💓💓넘 진짜 예쁘고 최애유튜버 입니다ㅇㅇㅇ❤️❤️
nx_.y11 | 2024-02-19 | 너무 맛잇어보여오옹
helia.kh2023 | 2024-02-19 | 🤩
yuki.__.manon | 2024-02-19 | トコブシは美味しいよね👏
aiiiii_sofiaaaaa | 2024-02-19 | You soow pretty >>♡
aiiiii_sofiaaaaa | 2024-02-19 | ✨✨💫"
2024-02-16,8.9만,레인보우🌈푸드 챌린지! Rainbow food challenge! 75주,"#toctocsia, #톡톡시아, #food, #mukbang, #먹방, #asmr, #컬러먹방, #rainbowfood","simjuri3940 | 2025-06-13 | 캐이크싸
simjuri3940 | 2025-06-06 | 👏👏👏❤️❤️❤️😢😢😢😍
simjuri3940 | 2025-04-16 | 👏😍😍😍😍😍😍😍😍😍🙌👏❤️❤️❤️
simjuri3940 | 2024-11-20 | 안녕하세요
beomf.jsh | 2024-06-26 | 언니 손 모델 해 볼 생각 없어??
mika12_2 | 2024-06-22 | 食べるの上手い！！美味しそう
kws.xy12 | 2024-05-10 | 큐브치즈 진짜 매일 사달라고 졸랐는뎈 지금 있나 모르겠넹
ramchani | 2024-05-02 | 👏
_natcha_2090 | 2024-04-29 | @molk8881 ชอบคนนี้มากอะ😂😂
ma_ghebriou | 2024-04-28 | She is beautiful😍
nafenx21 | 2024-04-15 | how your old
_.030767._ | 2024-04-11 | 🍋🍙🍡 🙏
kang_re0907 | 2024-04-10 | 근데 레인보우 뷰브 치즈는 어디서 팔아요??
za.xyol0 | 2024-04-10 | 레인보우 케이크 어디서 파는지 알려주세요
xcursn | 2024-04-08 | 😍😍😍
linhdan6037 | 2024-04-08 | Ăn miếng nào cứ hửm xong đánh giá điểm thấp phèo ra
narasakura4 | 2024-04-07 | 에나처럼
na_lee155 | 2024-04-03 | 치과.....꼭 자주 가시길......😢
enhy511_ | 2024-03-29 | 아 우리동생이 이딴걸보고 껌을 얼리고 샤인머스켓도 얼리고 딸기도 얼리는군요
mohamad_abasi7721 | 2024-03-20 | ❤️❤️❤️❤️😍😍😍😍😍😍😋😋😋😛😛
victor1112wu | 2024-03-11 | What was the last thing?
atinnnb_ | 2024-03-05 | Free Palestine:)
zinsso4 | 2024-03-05 | 저도 먹고싶어요
pjs3669 | 2024-03-03 | 너무좋아요 언니😍
pjs3669 | 2024-03-03 | 너무 좋아 요
pr3tty_advic3 | 2024-02-29 | ❤️
marzhan.abisheca | 2024-02-28 | 😂😂😂😂😂
ann_apple7 | 2024-02-26 | 레인보우 케이크는 위에서 부터 한개씩 돌돌 말아 먹어야 하는뎅
gimseoyeon1101 | 2024-02-25 | 큐브치즈 함먹고싶다😢❤️
alisanfyzz | 2024-02-24 | Hyuuuuuuyiyig
natal_y2335 | 2024-02-20 | 게이를 지지하시나요?
lehh_peres39 | 2024-02-19 | 🇧🇷🇧🇷🇧🇷🇧🇷🇧🇷🇧🇷🇧🇷🇧🇷
w.pari2 | 2024-02-19 | 너무 이 뻐🫧
somin968 | 2024-02-18 | 👏👏👏👏👏
a.ouy1 | 2024-02-18 | 왜케 성숙하진느낌
m_berbeliuk | 2024-02-18 | Вона коли їла торт рукоу показала sos She showed help while eating the cake sos
kimchi.jjigae09 | 2024-02-18 | Menta son los mejores 😊
indira.bb_ | 2024-02-18 | 그 사람 햄스터 같아 보여요
yankanonekupala | 2024-02-18 | 彼女は10月10日のようにケーキを食べました😍😍
turgazina.16 | 2024-02-18 | 밀라쉬카❤️❤️❤️
_zafirchik_ | 2024-02-18 | You si beautiful 😍
aiaru5946 | 2024-02-18 | ❤️😍
rhhh8476 | 2024-02-18 | 𝘞𝘰𝘸
rhhh8476 | 2024-02-18 | ωσω
ninkamichalekova | 2024-02-17 | 😍😍😍😍😍
iamamandadelisha | 2024-02-17 | 😍❤️❤️🔥
dars_klos | 2024-02-17 | 🌈 ….
yunseul_njz | 2024-02-17 | ❤ᩚ
salma313j.m | 2024-02-17 | 🔥🔥🔥
kimuri_woori | 2024-02-17 | 와 이친구가 벌써 이렇게 컷어? ㅋㅋㅋ
한 5년전에 유튜브 솟츠에 뜨길래 노무현
닮았다고 댓글 남겼다가 차단당했었는데ㅠ
ㅋㅋㅋ 개 오랜만이네 ㅋ반갑
s0._nn | 2024-02-16 | 한가지 색깔로만 먹는 콘텐츠 너무 잼있어용 ㅎㅎ 보라색으로도 올려주세요 ㅎㅎ
_xunchxx | 2024-02-16 | 큐브 치즈 저건 찐이지
riiv.wka | 2024-02-16 | 😍
jx.0e_n | 2024-02-16 | 그린챌린지 기원3일차
xe.s0y | 2024-02-16 | 안녕하세요 .. 제가 이 영상 보다가 잠깐 일이 있어서 멈췄는데 , 엽사가 태어나버리셨어요 ..
사진 디엠으로 보내드릴까요 ㅋ쿠ㅜㅜ
mmii._.1620 | 2024-02-16 | 👏귀가마비됨ㅋ
jxn.0807 | 2024-02-16 | 저 케이크 한 장씩 말아 먹는 걸로 알고 있는데 ..
misong08 | 2024-02-16 | 대체 저 레인보우 치즈큐브는 어디에 파는건가요
_clownkky | 2024-02-16 | She is very beautiful
me.you_sibal | 2024-02-16 | ㄱ 저 케잌은 한번에 먹는게 아니라 다 하나하나 떼어먹는거였는데...ㅡ
helia.kh2023 | 2024-02-16 | ⭐"
2024-02-14,1.5만,지코바 아직도 안먹어본 사람 있어요?? 바로 나... 76주,"#toctocsia, #톡톡시아, #지코바치킨, #지코바양념치킨, #asmr, #mukbang, #먹방, #먹스타그램","lucky____bling | 2025-05-17 | 똥집을 추가해 먹으면 더 맛있음 ㅋ
yulim225 | 2025-04-26 | 저는 안먹었어요
siyul_2014ha | 2024-08-31 | 저두 한번 먹어 보고싶네요 ㅠ
nirmajenifer | 2024-04-11 | 먹는 모습이 귀엽네요🙌
_im_52_hertz_ | 2024-03-02 | Как быстро она выросла😍😍😍😍
gimseoyeon1101 | 2024-02-25 | 엄빠가 맨날시켜서 알죠😂
gimseoyeon1101 | 2024-02-25 | 어?저 치킨집가게 아는데
khrysnuraks | 2024-02-23 | 😍😍
ljy.0411 | 2024-02-19 | 지코바에 우동사리 추가하면 끝장나요
ha.2ux1 | 2024-02-18 | 저기 지코바 진짜 맛있는데..
uggiggi45 | 2024-02-18 | 저는 만이 먹어 봤어용 저한테는 메워용ㅠㅠ
the_ching03 | 2024-02-17 | 😍
kimuri_woori | 2024-02-16 | 와 이친구가 벌써 이렇게 컸어? ㅋㅋㅋ 한 5년전에 유튜브 숏츠에 뜨길래 노무현 닮았다고 댓글 남겼다가 차단당했었는데ㅠㅋㅋㅋ 개 오랜만이네 ㅋ반갑
narasakura4 | 2024-02-16 | Hi my from Indonesia
mahsakh0570 | 2024-02-15 | hi I m iranian
rcchiraawngsdisth | 2024-02-15 | 🤤🤤
2.mingx4 | 2024-02-15 | 너무이쁘세여🥰🥰
sohanhs11 | 2024-02-14 | 저도 주세요
4lilixz_ | 2024-02-14 | Can you put subtitles in English please 🙏🏼??
imsherrym | 2024-02-14 | yummyyyyy
imsy_me10nx.g_n6yxg.628kr | 2024-02-14 | 😮"
2024-02-12,2.8만,블루 푸드 챌린지💙Blue food challenge! 76주,"#toctocsia, #톡톡시아, #food, #먹방, #mukbang, #컬러먹방, #먹스타그램","yves__bini_maloi | 2024-05-11 | Yor art is too much to eat 😒
mohamad_abasi7721 | 2024-04-20 | 😍😍🤤🤤
nirmajenifer | 2024-04-11 | 귀여운 그녀의 손
moon._s.ung11 | 2024-04-10 | 어머 기지배야 자기또 귀여운건 알아가지고 손오므리네 ㅎㅎ
myao._.nyeee | 2024-03-09 | ラムネの蓋外したら意味ないがな
nmuun_28 | 2024-02-26 | 😍😢
rustamova9768 | 2024-02-25 | 블루 타
angel._.honey23 | 2024-02-24 | I need someone to explain to me how she opened the glass bottle cap
amirali.darizuka | 2024-02-21 | 후루룩 소리 좀 그만 내볼까?
yeo.5e0_ | 2024-02-17 | 책상 저랑 똑같아요!!❤❤
rcchiraawngsdisth | 2024-02-15 | 🤤
doyunidaa | 2024-02-14 | 블루 퉈퀴수도 먹어주때염ㅎㅎ
ilkim.hanoglu | 2024-02-14 | Takipçinim Türk tatlıların dene
ilkim.hanoglu | 2024-02-14 | Takipcijim Türk tatlıların deneee
lee_argento5025 | 2024-02-14 | 이전 영상에선 플루카드였는데 넘기니깐 블루 간식이내
ha_wol0 | 2024-02-13 | 구슬 빼는거 쉽지 않을텐데...어떻게 빼신거지...ㅇㅁㅇ;;
__khzx_ | 2024-02-13 | 😍😍😍
_xunchxx | 2024-02-13 | 블루 프링글스는 처음븐다
umygay_18 | 2024-02-13 | 블루 포장지 챌린지
haticenur._.yesil | 2024-02-13 | Türk tatlıları dener misin ? Please
o7aun_ | 2024-02-12 | 블루 타키쓰
gongdyu873 | 2024-02-12 | 영ㅅ진짜 재미있게 보고
qoqo__blayde1269 | 2024-02-12 | How the hell did you open that glass cover
5l.tg0 | 2024-02-12 | 브레인렉스 제품은 이스라엘을 지원하는데, 이스라엘 지원 제품을 구매하지 않을 수도 있나요? 제발 😊
sogekneogenghkkt | 2024-02-12 | 🤤🤤🤤🤤
asal333474 | 2024-02-12 | ❤
jldn13._rz | 2024-02-12 | 와..드디어 기다리던 블루푸드챌린지!!역시 기다린 보담이 있네용 오늘도 잘보고 갑니당~~~
nx_.y11 | 2024-02-12 | 우앗ㅅ 맛잇어 보여요!
avrjsmine | 2024-02-12 | Early! And nice! ❤️"
2024-02-10,1.1만,무엇을 먹는 소리일까요?🤔What food sound?? 76주,"#toctocsia, #톡톡시아, #asmr, #먹방, #mukbang, #먹스타그램, #food","leo_0525_leo | 2024-06-02 | 다 못맞춘....
kim_kangggggg | 2024-05-06 | 탕후루랑 머랭쿠키는 예상했는데 생전복은 생각조차도 못함
you_hjld | 2024-05-01 | 생전복 틀린사람------- >
ntranghaiha294 | 2024-04-28 | 2/3
gimjian821 | 2024-04-26 | 생전복은 예상못했다
hy__r1n | 2024-04-19 | 전복 빼고 맞앗다..
hanseoha48 | 2024-04-13 | 다 맞혔어요
naeunbyeol24 | 2024-04-10 | 탕후루 빼고 ㅁ못맞춤ㅋㅋㅋ
naboyun91 | 2024-04-07 | 탕후루,생전복,머랭쿠키
s1.euv | 2024-04-02 | 탕후루,머랭쿠키
daeun_015 | 2024-04-01 | 탕후루 생전복 머랭쿠키다맞혔어요
hex.un14 | 2024-03-31 | 탕후루만 ....
jieunbin05 | 2024-03-31 | 생전복소리 바다포도인줄알았던사람
hahihuheho_u_u | 2024-03-30 | 다맞춤🫢
_leeseosren | 2024-03-29 | 2ㅐ
gw_xyn | 2024-03-28 | 와 진짜 거짓말안치고 다틀렸어요
o_p_10nk | 2024-03-26 | 탕후루,전복,머랭
xnone_1129 | 2024-03-24 | ㅆㅂ 이걸어케알아요
hyun_jun0101 | 2024-03-18 | 생전복이 뭐지?
dx.an1 | 2024-03-17 | 머랭 빼고 다 맞춤
syj_ddong | 2024-03-10 | 생전복 억까
jumy._.0116 | 2024-03-10 | 탕후루, 머랭쿠키만 맞춤
tteogurii | 2024-03-09 | 난 다틀림
uupd_x | 2024-03-08 | 탕후루.. 회오리 감자인줄 알았는데..
minju.hang | 2024-03-05 | 2개
dohyeon3311 | 2024-03-04 | 쉬운디
ganghajun75 | 2024-03-04 | 탕후루만 맞춘사람 ➡️
gimseoyeong3653 | 2024-03-03 | 다 맞혔어용!!!
ji.iian | 2024-03-03 | 다맞추면--------------->
wanduk1 | 2024-03-02 | 그냥 맞추지 말라는거잖아 ㅋㅋㅋㅋ
dlwldhx | 2024-03-02 | ?
euny_12u | 2024-03-01 | 나만 첫번째 롤업젤리 아이스크림에 싸먹은 소리로 들림?
n.sia_13 | 2024-03-01 | 1개
_oysxu | 2024-03-01 | 맛있는거 맛있는거 맛있는거
jih_o031 | 2024-03-01 | 탕후루빼고 다틀린 1인....😢
geonwoo._.0913 | 2024-03-01 | 머랭쿠기만 맞춤
_2nx0n | 2024-03-01 | 2번째꺼 해삼인줄ㅠㅋㅋㅋ
71donlee | 2024-02-29 | 처음부터 끝까지 과자생긱한사람—————->
tjd_als1201016 | 2024-02-29 | 2번빼고다맞춤
_s.axi4 | 2024-02-29 | 2개!
_jux.e3 | 2024-02-29 | 생전복 말고는 다 맞췄어요! ㅋㅎㅋㅋ
nxwxna | 2024-02-29 | 생전복 빼구 다 맞췄어여!!
lll_ny_.bb | 2024-02-29 | 소리 안듣고 탕후루 맞춘 나는 뭐지?
사람인디? ʕ≧ᴥ≦ʔ
joon_mnmn | 2024-02-29 | 1번째 생무 2번째 팬이버섯 3번째 양치 인줄 알았다 ㅋㅋㅋㅋㅋㅋㅋㅋㅋㅋ
eu.nyul_ | 2024-02-29 | 전복만 못 맞힌 사람?
hyo._.r1n | 2024-02-28 | 생전복 빼고
hello._.04easy | 2024-02-28 | 마지막 맞췄다
y_seul_ol | 2024-02-28 | 탕후루만 맞았다ㅋㅋㅋ
seokjm0319 | 2024-02-27 | 다
min_jong_1._.1 | 2024-02-27 | 아니 전복은 어캐맞힘
j_m1n.17 | 2024-02-27 | 탕후루까지는 맞췄는데 생전복에서 막힘;
jmjo_j | 2024-02-27 | 3개
yuayeong29 | 2024-02-27 | 2개 생전복 못맞춤
1o.1k__ | 2024-02-27 | 무슨 머랭쿠키를 6입으로 나눠서 먹냐
hanbyeol1226 | 2024-02-27 | 1번,3번 맞춤
c.hwx_0 | 2024-02-27 | 다 틀렸는데...
eunsol.nr | 2024-02-27 | 탕후루-쿠하쿠토 생전복-아 이게 쿠하쿠토네~ 머랭쿠키-?
sweetcandy150525 | 2024-02-25 | 3
_y.xjin_ | 2024-02-23 | 0개------------>
5n_h5.n | 2024-02-19 | 2개....
2014_zia | 2024-02-19 | 1개.......
baegopayo22222222 | 2024-02-19 | 오이 인줄
i.wntgh | 2024-02-18 | 과자 / 과자 / 과자...
daaye_e | 2024-02-17 | 저두개맟쳐어요
natsuno_08107 | 2024-02-16 | 4／3
j_fty6 | 2024-02-16 | 탕후루 생전복까지는 맞췄는데 제가 생전복 킬러거든오....
sbuinxz_ | 2024-02-15 | 2개
luna_131011 | 2024-02-15 | 다 맞춘나는 쩝쩝박사?!
hy0mln1 | 2024-02-14 | 뭐야 넘 어려워유
bagcunseob26 | 2024-02-14 | 저 다 마쳤어요
haseonkim0106 | 2024-02-14 | 0개요
h.w1zx | 2024-02-12 | 다 맞췄어용ㅇㅇ ㅋㅋ
yexn.w00 | 2024-02-12 | 첫번째 락캔디인줄
yuha4_6 | 2024-02-12 | 어?마지막꺼 시원했는데..
a0_lexx | 2024-02-12 | 다 틀린사람 ————>
ta.erxn_ | 2024-02-12 | 생전복 설곤약인줄..
d.xia_ne | 2024-02-12 | 2갱
yebinolo_04 | 2024-02-12 | 2개
j.s_10166 | 2024-02-12 | 머랭만 맞춤
xsuyeon | 2024-02-12 | 생전복에서 막혔놐ㅋㅋㅋ
gimseongjun3009 | 2024-02-12 | 1개 맞음
p.xjiyu_ | 2024-02-12 | 다 맞춤
kk_gimin._.1164 | 2024-02-12 | 탕후루 맞췄어요!!
ye_on.4 | 2024-02-11 | 이걸 어케 다 맞춰 억까다
s_eooong12_ | 2024-02-11 | 저걸어케맞추지
a.hsh_jja | 2024-02-11 | 1개도 못함요ㅜㅜㅜ
11.j_min | 2024-02-11 | 아니 생전복은 억까아니냐고요 ㅋㅋ
zy.en._ | 2024-02-11 | 2개 맞춤요 ㅋㅋ
yx.2ui | 2024-02-11 | 0개
kimmaanseo | 2024-02-11 | 다맞졌다!!
gx.j1a | 2024-02-11 | 죽순 깡통 수세미,스펀지 라고 한 나..뭐지?
kiyong_110712 | 2024-02-11 | 무 죽순 별사탕.....
j.ns_o | 2024-02-11 | 처음꺼 단무지인줄 알았어요 ㅋㅋㅋ
bagjisu7301 | 2024-02-11 | 전복맜춤ㅋㅋ
rlaalswl9253 | 2024-02-11 | 2개!!
ygp0906 | 2024-02-10 | 1번째랑 3번째거 맞았어요
luvr_dona | 2024-02-10 | ❤️🔥😍
msy_bha | 2024-02-10 | 두번째껀 너무 어려워요오😢
eehoes_ohc | 2024-02-10 | 생전복이라닠ㅋㅋㅋㅋㅋㅋㅋㅋㅋㅋ😵 절대 못맞췈ㅋㅋㅋ
flfkg_jj0717 | 2024-02-10 | 탕후루 생전복 머랭쿠키 다 맞혔어요"
2024-02-08,1만,현재 난리난 팔도 딸기비빔면..ㄷㄷ😱🍓🍜 77주,"#toctocsia, #톡톡시아, #팔도비빔면, #팔도딸기비빔면, #딸기비빔면, #먹방, #mukbang, #asmr, #팔도","_minho10 | 2024-07-26 | 저렇게 먹으라고 파는 거 아닌가
vivian.enhypen.engene | 2024-05-09 | 내가 가장 좋아하는 음식과 내가 가장 좋아하는 과일을 하나로 😳😳 🤭🤭
vivian.enhypen.engene | 2024-05-09 | 와우 😮😮 😱😱
sparkyuluta | 2024-04-20 | ∞
jin__dud | 2024-03-25 | 1석2존겨
uxzn.ix | 2024-02-10 | 님들 팁 드리자면 비빔면 저거사서 걍 먹고 딸기가루는 걍 우유에 타 먹으셈
juns_ung__park | 2024-02-09 | 와...진짜 오랜만이다...나 7살때부터 봤는데...
bandi_anea | 2024-02-09 | Can you try Romanian food?
jm_jh.7 | 2024-02-09 | HELLO👋🫰❤️
sunghoudin | 2024-02-09 | 너 너무 귀여워 😭🥹
dawojung | 2024-02-08 | 먹어보고싶지만 두려운..ㅋ 아 팔지도 않더라구요ㅎㅎ
mokpobom2 | 2024-02-08 | 의외의 맛이로군여..
tin_an27 | 2024-02-08 | Woah😮
sohanhs11 | 2024-02-08 | 너무 신기하네 ㅋㅋ
raaaany04 | 2024-02-08 | love you so much"
2024-02-07,8.5만,옐로우💛푸드 챌린지! Yellow food challenge🤩 77주,"#toctocsia, #톡톡시아, #mukbang, #먹방, #food, #yellowfood, #먹스타그램, #asmr","the_.cuervo | 2024-07-10 | last time I saw a video of her she was a kid !! Time flies !!
xlliqss | 2024-07-10 | Plis aku indo sendiri 👋
gacha._.kara | 2024-07-04 | YALL SHE OUT MILK BEFORE CEREAL😭😭😭
qamar_amircanova | 2024-06-27 | My favourite colour 😍
mohamad_abasi7721 | 2024-04-20 | 🤤🤤
woeo_ne | 2024-04-12 | 우유 먹을때 탄산하지말고 그냥 먹어주시면 안될까요
pe.lin442 | 2024-04-07 | 나는 그 사람이 작은 게 좋아
omomaimao | 2024-03-29 | 😍😍
shh_ho5hi | 2024-03-26 | Banana milk 5/10 !!!?? It's 10/10!!!!!
vapelord2008 | 2024-03-17 | Did u just put milk before the cereal 🙏🙏
yaree.bpszk | 2024-03-17 | 시간
manupz.__ | 2024-03-17 | 우리의 !! 검정색으로 하면 되나요? 제발 사랑해요
love_me_like_me_22 | 2024-03-13 | Mix two different types of noodles🍜🍜 you like
so._hw1 | 2024-03-11 | 티셔츠는 톡톡시아네요!!
ciciicilok | 2024-03-11 | Itu susunya di apain
otgonerdene835 | 2024-03-10 | Why
marzhan.abisheca | 2024-02-28 | 😂😂😂
itsmesashi13 | 2024-02-26 | 모든 것이 노란색이에요 심지어 내 옷도 😂😂
krvarlho.yz03 | 2024-02-21 | Pq eu estou entendendo oq ela está falando?
moon._naay | 2024-02-18 | Nunca te parece nada
muqadas_skz_2 | 2024-02-18 | Green please 💚
hcanl7 | 2024-02-16 | 담배 피카(?)
z1.ine | 2024-02-10 | 레몬 탕후루 가쟈
gimseoyeon1101 | 2024-02-09 | 시아 귀여워 ❤️
_yi1sxxoo | 2024-02-09 | 죠리퐁대신 아이셔 있어야 하는ㄷ
alyowski_iste | 2024-02-09 | Omg ❤️❤️so cute ❤️❤️🔥🔥
i_love_zihun1972 | 2024-02-09 | 그그 한국에 레전드 찍은 그 농구선수 닮았다
prakriyagolay | 2024-02-09 | You literally put the milk before the cereal
babyhancy19 | 2024-02-08 | 😍😍😍
darkqueen380 | 2024-02-08 | Please try please please please please please please please please please please
jx.0e_n | 2024-02-08 | 그린 2트
ujug_3 | 2024-02-08 | 평소보다 쌍커풀이 안 진해서 좋네유
cce00_1 | 2024-02-08 | 만화사탕을 좋아하는데 입에서 톡톡 터지는 느낌도 재미있고 😆🤩
secc_lestari_ | 2024-02-08 | ,너너너 뭐 그런 의미에서 이 동영상을 담아 보았습니다
richa__the_goldenretriever | 2024-02-08 | YOU DON'T LIKE JUNGKOOK FAVORITE BANANA MILK BRO LIKE WHAT 😫😫😫
darkqueen380 | 2024-02-08 | Please try
darkqueen380 | 2024-02-08 | Purple colour challenge
jjxxmmd | 2024-02-08 | 그그 초6때 부터 봤는데 ㅠㅠ 벌써 저정도라니 참 나랑 나이가 같다는게 믿겨지지가 않네 ㅜ
ghhvgjjiifvv | 2024-02-08 | Banana milk😍
theeexz_ | 2024-02-07 | Blue pls❤️
tin_an27 | 2024-02-07 | Look delicious😍
ix_deva | 2024-02-07 | the best as always)💛"
2024-02-05,11.1만,핑크💕푸드 챌린지! Pink food challenge! 77주,"#toctocsia, #톡톡시아, #asmr, #mukbang, #먹방, #pinkfood, #food, #먹스타그램","s1_yhe | 2024-05-04 | 불닭 매운데 진짜 잘 먹는다...
zoey_lostie | 2024-04-27 | 당신은 아이인가요 아니면 어른인가요? 😭
jeonsoyeong2024 | 2024-04-27 | 🖤 plz
la0_ms | 2024-04-20 | الأول حلال؟
_frame.eiei | 2024-04-15 | 😂😂😂😂😂
fatima_lazaar46 | 2024-04-12 | 😢😢
neyly_nurina16 | 2024-04-09 | I like you ❤
moon_sun.13800 | 2024-04-08 | دلم خواست
__luux__farah__ | 2024-04-07 | 😍😍
michellejagtap_3 | 2024-04-06 | Wht she is looking like that mask girl k drama
lea._.1007 | 2024-04-04 | 세번째, 난 아주 좋아해요.😍
vjk.cxvx | 2024-04-04 | 뽀 뽀😂 i don't know what I wrote but I won't to write anything in Korean
alishbekova_jamila_77 | 2024-03-28 | 🧇🥪🍙
9noorft | 2024-03-27 | ايب❤️
yae.anne | 2024-03-27 | Vc come e vomita? Como consegue ser magrinha assim?
arukaaa.kz | 2024-03-25 | 안녕하세요 영상이 너무 잘 나왔네요 😍💕
noh_marcos | 2024-03-23 | 진구야 귀엽네요 ㅋㅋ
setayeshazimi68 | 2024-03-21 | 💛💛💛💛💛💛💛🙏🏻🙏🏻🙏🏻🙏🏻🙏🏻🙏🏻🙏🏻🙏🏻🙏🏻🙏🏻🙏🏻🙏🏻🙏🏻🙏🏻
lilac._.sis | 2024-03-20 | Can I add u in a gc?
kimmin_kung | 2024-03-19 | 불닭 먹고싶다...
keeeeeeziaaaa | 2024-03-18 | 불 좀 켜줘 형 🔥🔥
artist._.yara | 2024-03-17 | 너무 귀엽고 먹는방식도 귀엽고 사랑스러워요♡♡
elbanasandy | 2024-03-16 | ❤️❤️❤️
guli_123._ | 2024-03-16 | ❤️❤️❤️
itz_princess_anshika | 2024-03-13 | What is your age ?
retal_liam | 2024-03-13 | That looks so good
frhhmd9867 | 2024-03-13 | ❤️
minafukushima | 2024-03-11 | 炭酸と混ぜて1番美味しいのしてほしい
2fr_lby | 2024-03-09 | ليش العجله؟🙌
wuryani_s.e | 2024-03-09 | 💜
car_lottaa0 | 2024-03-09 | U
shinchaein9 | 2024-03-07 | 진구야 진짜 똑같다 ㅋㅋㅋ 귀여워요 ㅋㅋ
namsangyun94 | 2024-03-03 | 너무예쁘시당😍
pjs3669 | 2024-03-03 | 너무좋다
wwwww.eeeee.rrrr | 2024-03-03 | 사탕소리..좋은데....?뭐지..?
s_eung12h | 2024-03-01 | 성우세요?
aixa_cajn | 2024-03-01 | Que ricoo
qurrotunal_ | 2024-02-27 | Cutee😉
aralskaya.arai | 2024-02-24 | Barbie10/10?
kao7761 | 2024-02-21 | ぶん投げるのは見ていて良い気がしない。😥
mahsan_sarshar | 2024-02-20 | 😍😍
wu._.xinti | 2024-02-18 | 真的很能吃辣
miss_asem10 | 2024-02-17 | 랑 후 당신은
nodira_.o1_ | 2024-02-14 | 🩷
_eduu_santts | 2024-02-13 | 쪼짜
la_fresita212 | 2024-02-12 | Red ple ase ❤️❤️❤️❤️❤️❤️
gyurim0819 | 2024-02-11 | 와 뒤에 조명 예쁘다~
preety.aya_ | 2024-02-10 | 😍😍😍😍🔥👏
preety.aya_ | 2024-02-10 | 😍
xkx2546 | 2024-02-10 | 🙌🙌🔥
rancy_ahmad | 2024-02-08 | 🙌
asal140221 | 2024-02-08 | کار اون دستگاه چیههه؟😐
zeynow.etr | 2024-02-08 | Anlık Doraemon a dönüş djsjsofsbs
kawaii__silvanian_ | 2024-02-08 | I’m so confused is she a child or an adult?😭
park_potato1 | 2024-02-07 | 뽀로로 사과맛이랑 펩시 섞어먹으면 맛있어요!!!
dri_amour_21 | 2024-02-07 | What is the first food name of it in english
thing._.00 | 2024-02-06 | 오랜만에 영상을 봤는데..정말 많이 컸네여..
jx.0e_n | 2024-02-06 | 다음은 그린??????
umygay_18 | 2024-02-06 | 핑크 포장지 챌린지 아닌가요?
fen1lova_012 | 2024-02-06 | 👏👏👏
am_gmila | 2024-02-06 | غفران
am_gmila | 2024-02-06 | falje
npw_nisaw | 2024-02-06 | 맛있어보이네요🤤
perizzwxwa | 2024-02-05 | 공부 안해요?
ji0_ji0 | 2024-02-05 | 공차 하트보틀 마셔주세여어~~~
71m_limlim | 2024-02-05 | 🔥🔥🔥🔥yummy...
cyapu_08125 | 2024-02-05 | 핑꾸핑꾸"
2024-02-04,6.6만,레드 푸드 챌린지! Red food challenge!🤤 77주,"#먹방, #redfood, #mukbang, #asmr, #먹스타그램, #challenge","_tram88_ | 2024-08-22 | 😍
shimzi_shanpru | 2024-05-13 | What's the point of grinding it or whatever it is called 😂
mohamad_abasi7721 | 2024-04-20 | 🤤🤤😛
lerimoon.fanatka_bee | 2024-04-20 | I love you❤😘
lavi.gne1197 | 2024-04-11 | (5점) 훨씬 맛있다.
asia2012_2468 | 2024-04-09 | 🙌
nmk_7351 | 2024-04-06 | 😍😍
sirinesirinech | 2024-03-28 | 사랑해요❤️
dan_gji0707 | 2024-03-25 | 뭐 부을때 기름인가? 그런거 바르면 안 흐른 데요
hy93714 | 2024-03-19 | 이거 먹는 소리도 대박인데 뒤에 빨간빛이 있어서 더 예뻐보여...
2014_zia | 2024-03-05 | 닉크ㄹ 먹는거거
victoria.scrz_ | 2024-03-01 | Soy yo o le hizo como Felix cuando mordió las fresas.
nellro0 | 2024-02-21 | 애기많이컸네
sweets__dija | 2024-02-15 | احد يقولي ليش تحط العصير في ديك الالة
mutsuchiyan144 | 2024-02-14 | うまそう💜
kkkk.apple | 2024-02-13 | 탕후루 어느지점건가요?
eovi9.92 | 2024-02-13 | Chi xin hộp mì hihi
la_fresita212 | 2024-02-12 | blu please
ashleyy_phii | 2024-02-08 | I like your esmr🙌
mr.kleverlove | 2024-02-08 | 👊😮
mi_roo59 | 2024-02-07 | I love youuuuuuu❤️❤️❤️❤️❤️
secc_lestari_ | 2024-02-07 | 펑 토 대로 설정해 놓은 듯 하다 보니 정말 감사합니다 감사합니다 여러분 모두 감기 조심하세요 여러분 안녕하세요 여러분 감사합니다 감사합니다 아미 여러분들이 분노하면
chisa.kagawa | 2024-02-07 | いちご飴いいなぁ
pxx.krauen | 2024-02-06 | 빨강색 음료? 구매처 알수 있나요?
ceren._.ai6 | 2024-02-05 | BENİ ENGELLERMİSİN
junwan_oh_9 | 2024-02-05 | 블루는 없나요?
kimsujung484 | 2024-02-04 | 3번째꺼 몬가요?ㅋ
elsa._grk | 2024-02-04 | 🥹❤️
putidalego | 2024-02-04 | is the first one a korean candy?
nahyunioa | 2024-02-04 | 이런거 많이 올려주세요☝🏻
mahmudovam_s | 2024-02-04 | 😋😋😋😋
mahmudovam_s | 2024-02-04 | ❤️❤️❤️❤️ nam nam❤️❤️❤️😋😋😋😋😋
mahmudovam_s | 2024-02-04 | ❤️❤️❤️❤️
mahmudovam_s | 2024-02-04 | 😍😍😍😍
mahmudovam_s | 2024-02-04 | ❤️❤️❤️❤️❤️
mahmudovam_s | 2024-02-04 | 😍😍😍😍
tin_an27 | 2024-02-04 | 😮😮"
2024-01-31,6151,이 알약을 물에 넣었더니..😱 (제품 정보는 프로필 링크 참조!) 78주,"#toctocsia, #톡톡시아, #스펀지캡술, #funny","twinkle.s.29 | 2024-04-20 | 그거 캡슐 빼면 빨리 할 수 있어요!!
marzhan.abisheca | 2024-02-28 | ❤️❤️👏waw
ux.seo_1029 | 2024-02-13 | 아 외동이아니였나용?
ee8eeeeee | 2024-02-04 | 아 ㅋㅋㅋㅋ추억이네요
cuyunseo5 | 2024-01-31 | 그거 인어공주 버전있는데
jia1313a | 2024-01-31 | 그거 뜨거운 물에 넣어야 돼요!
dawojung | 2024-01-31 | 울조카 선물해줬던 생각나네요ㅎ 몇년전이었더라.. 조카가 좋아했다던 공룡^^
bayraktar.bengu | 2024-01-31 | 하지만 당신은 정말 다정해요.❤️❤️
naxzuznz | 2024-01-31 | 1빠..?"
2024-01-29,1.5만,(광고) 달콤왕가탕후루 레몬탕후루 출시!!🍋 78주,"#달콤왕가탕후루, #달왕탕, #탕후루, #왕가탕후루, #레몬탕후루, #스테이씨, #이벤트, #포토카드, #왕가탕후루서울대벤처타운역점","yulim225 | 2025-04-12 | 👏신거😍❤️
madein_jiin | 2024-03-11 | @love_.sol 언니가 먹고 후기 남겨줘ㅋㅋㅋㅋㅋㅋㅋ 궁금해
rousovadaniela | 2024-02-20 | ❤️❤️❤️❤️❤️😍😍😍😍😍😍😍😍😍😮😮😮😮😮
hyeonbin2524 | 2024-02-01 | 먹고싶은데 잎에 구내염 나있어서 못먹는댜ㅠㅠ
in__ing__ | 2024-02-01 | @o.7r_yeon 팔뚝이랑 손바닥 으로 음식받치는거까지 닮았넹
zmzmzmzjxhxgxx | 2024-02-01 | 먹어봤는데 마니ㅣ마니 시던데 잘머그시네여ㅕ🫨👍🏻
l_kna10 | 2024-02-01 | 과제📖에 휘둘리는 대학생🎓도 레몬🍋탕후루~ 야근🌌에 지친 직장인👨‍💼도 레몬🍋탕후루~ 요즘 서울 증권가🏙에서는 레몬🍋탕후루가 대인기 탕후루 탕후루 레몬🍋탕후루!!
darusung | 2024-02-01 | 레몬~~탕후루~~~~~~
nhuhuyen71 | 2024-01-31 | @_nhuhuyen15924_
min_chae0812 | 2024-01-31 | 저여 신거😍
song._.118 | 2024-01-31 | @s_hee.305 개인적으러 저는 반대였슴당
mi_so______ | 2024-01-30 | @ra._.bbang 레몬은 괜찮지않을까
sez.yxzn_7 | 2024-01-30 | 황후탕후루도 맛있는데..
an_ji_hyeon_ | 2024-01-30 | @syektjtaud 이거 어캐머거…
z5810 | 2024-01-30 | @li_vanf
n.ay11_ | 2024-01-30 | @_jungmingyu
iana_bjhj | 2024-01-29 | @hajun327 하준이 좋아하겠넼ㅋㅋㅋ
foo__zim | 2024-01-29 | 오오,,,레몬탕후루 대박!!
riize_sungchan.85 | 2024-01-29 | Stayc 😍😍
dawojung | 2024-01-29 | 보는내내 입안 침 가득 고여요ㅎ 어쩜 저리 잘먹는건가요??😍
z_050817 | 2024-01-29 | me gusta tu😍😍😍
flfkg_jj0717 | 2024-01-29 | 저 왕가 탕후루 짱 좋아해요 꼭 먹어볼께요 딸기랑 레몬 먹어야지
hrt._.mm.luv | 2024-01-29 | 이 시리즈 진짜 좋아😮
ha_xn0.s | 2024-01-29 | 맛있겠다 .. 역시 시아님은 맛있게 잘 드셔요.. 🔥🔥
starrubyhuleba | 2024-01-29 | 맛있게 잘먹는다😍
toctocsia | 2024-01-29 | 달콤왕가탕후루 X 스테이씨와
콜라보 포카 이벤트!!!

자세한 이벤트 내용은 달콤왕가탕후루
공식 인스타와 유튜브에서 확인해보자!!"
2024-01-28,4.2만,연꽃마라탕? 토핑 먹방🤤 78주,"#toctocsia, #톡톡시아, #먹방, #mukbang, #asmr, #먹스타그램, #마라탕, #샹츠마라탕, #연꽃분모자","nyangi938 | 2024-11-27 | 어디서 시켰어요?
tika_nurchasanah | 2024-06-28 | Seblak ala ala korea❤️🔥
dasom_33 | 2024-05-01 | 음~와 , ×3
av13n.xy | 2024-04-26 | 저 이름 뜻이 연꽃인뎅!!!!
p__soyeonnn | 2024-04-26 | @so_riririri
hy_jae01 | 2024-04-24 | 방금 마라탕 먹었는데 또 먹고싶어ㅠㅠ
dbfltjj | 2024-04-19 | 와근데 피부진짜좋으시다..
haechansayanglana | 2024-04-17 | Anjoy seblak enak bet itu njay😍😍😮
monserratmanobal | 2024-04-17 | Contexto : mmmm😍
dabyeolee | 2024-04-11 | @hyunsseon
champagne_artist__cx | 2024-04-07 | >:3
kangyul5927 | 2024-03-30 | 맛있어여?❤
blackpinkofficiel_04 | 2024-03-28 | رمضان كريم 😂
iloveju.__ | 2024-03-23 | 하말탕땡겨짜증;;.(;
s1.yxe | 2024-03-22 | 저 연꽃분모자먹은적있는데 제스탈아닝,,
dragonjun_13 | 2024-03-22 | 마라탕 은 못 참쥐
yvxsuh | 2024-03-21 | @jxo.y10 알고리즘ㄷ
xcursn | 2024-03-21 | 😍😍😍😍
kimmin_kung | 2024-03-19 | 마라탕 먹고싶다 배고파!..
_ro_hee | 2024-03-18 | @__se_h_1013 하..
kalykrecchriysukh | 2024-03-18 | 아주 맛있는
cool_yw | 2024-03-15 | 어디서 사나요?
imjonghyeon218 | 2024-03-10 | 중국당면이 필수지
anakzzbb_djsjsnsjzsnsnsjx | 2024-03-10 | 개마싯게 먹네...
leejiwoo0206 | 2024-03-09 | 간장 찍어드셔보세요..!
생각보다 짱맛!!!

글구 넘 맛있게 드셔서 보기 좋아여..!ㅎㅎ
92eunjin_sy_sj | 2024-03-06 | @haeun_hayul_mom_ 먹으러가야하나
ganghajun75 | 2024-03-04 | 오
rujitppl | 2024-03-02 | Kalo di indo mah seblak
_8zxuy | 2024-03-02 | 👍😂
tnd_us_99 | 2024-02-28 | @parkjinas 마라탕
hswoovv | 2024-02-20 | @1.25pinkskies seblak bjirt ini mah
pehwgay | 2024-02-18 | 한.....한입만요.....
l_l._oi | 2024-02-18 | 진짜 어떤 걸 드셔도 매력있어요ㅠㅠ귀엽고 대단해요😍😍
ye._.hi | 2024-02-16 | 위에 토핑 이미지 소고기 첨에 맛살인 줄 알았어요 ㅋㅋ!
xx._.bii | 2024-02-15 | 뉴진면 뒤진면으로들음 ........
gorae375 | 2024-02-11 | 새벽에 보능데 침고임 ㅋㅋ
seodb1522 | 2024-02-10 | 맛있겠당.....
munie1852 | 2024-02-08 | Why are you so skinny?
j._hee13 | 2024-02-07 | 나도마라탕 먹고싶어
yun._.jxx_12 | 2024-02-07 | 어제 먹었는데 또 먹고 싶다..
03232l0 | 2024-02-06 | 배고파요... 내일 꼭 마라탕 먹어야지
limg._.0125_ | 2024-02-05 | 숙쥬! 후룹 흐음?! 와ㅎ 너무 맛있옹
se1xon__ | 2024-02-03 | 추임새만 안넣으면 완벽함ㅁ
seoyj304 | 2024-02-03 | @mj05_02
md_js._.1130 | 2024-02-02 | 나 꽃모양 분모자 첨 먹어봤는데 존맛😍
sooerlee | 2024-01-30 | 麻辣烫 好好吃❤️
ramunja.namunja | 2024-01-30 | 지민아 가게 알바 .,이모할머니 .이모.가수 주현미 본 월산동 백운노타리 시장 소개소 직원!(이모 두째외숙모 이병헌 어머니)인스타그램 홈 인사해도.지산동 할머니 동생이야!캐릭터 이동식 변해!계란.두부 앞집 사장삼춘도 잘챙겨도.박지민두!옆집 타로카드 시내본 천변 명희 명이네(안문숙) 김광진!두퐁나이타.신하균 삼춘 이효리 이모 완도 농협 똥깨동생 딸 (소라 소희랑 일수쟁이) 외~~
hxu.u9 | 2024-01-29 | 맛있겠다ㅏㅜ
yaudhh00bila | 2024-01-29 | Seblak versi korea😂👏
ha_xn0.s | 2024-01-29 | 아 .. 진심 미춋다 .. 맛있겠어요…🤤
jke10x10 | 2024-01-29 | 머리 볼륨 조금 띄워도 진짜 이뿔거같음😍
ihayul655 | 2024-01-29 | 맛있겠다
a_yxe13 | 2024-01-29 | 어?저희동네는 연꽃준마자라고 불리지 않고 연근 모양 분모자라고 불러요
hermanita.r | 2024-01-28 | @aoaran 낼은 이거…….
_bae_soyoung_12 | 2024-01-28 | 내 1위최애는 숙주입니다.요즘 숙주를 마라탕에 많이넣게 돼더라고요
jexng.m1n | 2024-01-28 | 언니 이럴거야?이렇게 맛나게 먹구….ㅠㅠ나 배고파..
pusseung | 2024-01-28 | Seblak??
uwie_roodpecker | 2024-01-28 | Seblak ini mah😂
karimakarima7269 | 2024-01-28 | ❤️❤️
myzyaa._ | 2024-01-28 | Bentukannya kayak seblak woi😭😭😭
71m_limlim | 2024-01-28 | I watched you eat, so I wanted to eat❤️❤️❤️❤️
gimsoyun8394 | 2024-01-28 | 맞있겠다 사랑해요
love._o13 | 2024-01-28 | 넘맛있겠당ㅜㅜ먹고싶어ㅜㅜ
hopewendybtw | 2024-01-28 | Your so beatiful 😍😍
a.n.a.y.u.n | 2024-01-28 | ❤
yuki.__.manon | 2024-01-28 | 飯テロ！！美味しそうだよ〜食べたいよ👏👏"
2024-01-26,1만,(광고) 아직도 이거 안먹어 봤다구요??😱 78주,"#떡작, #해짬떡, #떡의작품, #떡볶이, #떡볶이맛집, #분식맛집, #먹방, #mukbang","simjuri3940 | 2025-06-13 | 🔥🔥🔥🔥🔥😍
kimyehwi57 | 2024-06-10 | 너무 맛있게 먹어서 나까지 배고픔....
dasom.10.23 | 2024-02-04 | 맵찔이😢
magomi.th | 2024-02-01 | گشنم شد
tianxinbaobao96 | 2024-01-31 | 好爱看
peachypink29 | 2024-01-27 | 😋😋
peachypink29 | 2024-01-27 | 🔥🔥🔥🔥🔥
yu._.ki_0613 | 2024-01-27 | 一樣的衣服欸😍😍😍
147.258369rui | 2024-01-27 | 皮肤好白
vunze.m | 2024-01-27 | 시아님 개인 인스타 잇어용?ᩚ
tik_tok_t_i_k_t_o_k | 2024-01-27 | 😮😍😍
llee_ry | 2024-01-26 | おいしそー！
食べてみたい！
agustiansyahamanda | 2024-01-26 | Kerang terlupakan
sujeong6233 | 2024-01-26 | 볼수록 예쁘네^^"
2024-01-25,1.5만,(광고) 나라별 소스 먹방😭 (투썸 스초생 케이크🎂) 79주,"#일상카페, #mukbang, #asmr, #toctocsia, #톡톡시아, #케이크먹방, #스초생, #투썸플레이스","qurudgqufbi | 2024-04-03 | 헐 나 어제 먹었는데 또 먹고싶다 이거 진짜 존맛탱❤
dan_gji0707 | 2024-03-25 | 벨기에는 단거+단거를 먹네요
_dlcogml | 2024-03-12 | @herrue_9 🤤
ninyoox_ | 2024-02-28 | En France nous mangeons le gâteau normalement🥲
_asyadgn_ | 2024-02-22 | Pls 🇹🇷
thgml.63 | 2024-02-22 | 우리나라는 불닭소스인가..
wjdskss | 2024-02-04 | 와씨 방금 킬바사에 초코 먹는거 보고 와서 뭐 거추장 올려 먹는거 아니야?? 이랬는데 아니얐네
islam_aniaa | 2024-01-28 | 1❤️❤️❤️❤️❤️
gx.0n11 | 2024-01-26 | 저 케잌 진짜 존맛임 😢😍
24mj_ | 2024-01-26 | I wish I were Korean to order cake
cokis_fait | 2024-01-26 | ❤️❤️❤️
bloom_yebom | 2024-01-26 | At.
bade_senturk_ | 2024-01-25 | 10. Comment
choigahye7 | 2024-01-25 | 근데, 나만 초코 케잌에 김치 올려먹고, 초고추장이랑 깍두기 올려 먹음?
im_your_chica | 2024-01-25 | I like your videos
m.n_gn | 2024-01-25 | 오!! 꿀팁 감사합니다
y_hy3.n4 | 2024-01-25 | 초코에 초코 와우
parkej0315 | 2024-01-25 | 꿀정보 인정❤️❤️ 스초생 넘 맛있겠네요
hessebom | 2024-01-25 | 좋은정보 감사합니당~~👍👍👍
toctocsia | 2024-01-25 | ★ 카톡 선물하기 브랜드 제휴 1위 ""즐거운""이 만든 공식앱 [일상카페]
- 투썸플레이스, GS25, 이디야, 굽네치킨 등 2천개 쿠폰 최저가 할인
- 할인받고 카카오톡으로 선물 가능
- 중고X, 기간연장/취소/환불 앱에서 가능

★투썸플레이스 선착순 10% 혜택
- 스트로베리 초콜릿 생크림, 금액권, 생딸기 요거트 생크림 바스켓, 딸기 퐁당라떼 등

★ 일상카페 설치
- 구글플레이, 애플 앱스토어에서 ""일상카페"" 검색후 설치 가능
_chxa12 | 2024-01-25 | 1빠"
2024-01-20,3.9만,와..산낙지..😭sliced raw octopus 79주,"#산낙지, #toctocsia, #asmr, #먹방, #mukbang, #먹스타그램","hyeonugg_77 | 2024-10-01 | 산낙지는 산에 있나?껄껇껄
seoyoon150405 | 2024-06-23 | 우왕 탕탕이당
park__shin__young_01 | 2024-06-22 | It's looks so delicious i love Octopus 🐙 😋
mango_3346 | 2024-04-02 | 산낙지 맛있나요?
한번도 안먹어봐서,,
dan_gji0707 | 2024-03-25 | 나는 산낙지 좋아하긴 좋아하는데 꿈틀거려서 안 먹어요
4fernyy_.w | 2024-03-15 | กินได้ไงง👏
m.kx9.__ | 2024-03-03 | ㄴ
minha_5834 | 2024-03-02 | 산낙지는간장이지
ecyx_0712.c | 2024-02-29 | 8
ecyx_0712.c | 2024-02-29 | 7
ecyx_0712.c | 2024-02-29 | Haiiii🐒
ecyx_0712.c | 2024-02-29 | So
juhaedam9 | 2024-02-28 | 우리집은 내가 산낙지 좋아해서 한달에 3번 넘게머금
si.0eon12 | 2024-02-26 | 저도..한입만..주..ㅅ ㅔ..ㅇ ㅛ..
secc_lestari_ | 2024-02-23 | ㅎ욫ㅎ 로 그 때 마다 다른 사람의 트윗을 공유하는 공간입니다
only_sara_10 | 2024-02-21 | 😮
seoyujeseo | 2024-02-19 | 오 초장에 찍어먹는건 본적없는데 신기하네
so_____hui | 2024-02-19 | @jjin_____su 미췬
keereeparitht | 2024-02-18 | หน้ากิน😮
yu9ammaa | 2024-02-14 | 산낙지먹고싶은사람 ----------------------->
maria_rae11y | 2024-02-13 | 😮😮😮
the.silaylaa | 2024-02-12 | Wonyoung 2
burakk_gokcen | 2024-02-11 | 당신은 무정해요
zyx20111124 | 2024-02-10 | 看起来好美味😍
exynn.a | 2024-02-08 | 맛있겠다…😢
malo_____ka_2008 | 2024-02-05 | 😍😍
allabout_ana_ | 2024-02-03 | Mastiga isso direito menina, pelo amor de Deus kkkk
jaku2872 | 2024-02-02 | 산낙지는 그 깨랑 기름장(?) 그거에 찍어먹으면 ㄱ 맛있는디
amirali.darizuka | 2024-02-01 | don't slurp
jerry_kim2010 | 2024-01-31 | 참그림하고 먹는게 더맛있던디
12.25._.sc | 2024-01-30 | 산낙지? 죽은낙지! 껄껄껄!
h2.nx_ | 2024-01-29 | 언니 왜이리예쁘게먹어요ㅠㅠ
namari_le | 2024-01-29 | 전 산낙지 무서워서 못먹어요..😢
kbbb___30 | 2024-01-28 | 몇년생임?
kgs_0331 | 2024-01-28 | 산낙지 맛있게당😍
b1_xnna | 2024-01-28 | 손가락 넘모 이뻐여ㅕ
ye_li_n12 | 2024-01-28 | 손 진짜 너무 이뻐요...❤️
oliv_5050s | 2024-01-28 | Soo cute
so.y13_ | 2024-01-28 | 다음에는 머리 묶고 먹어주세요!🔥❤️
jayla_giyu_tomioka | 2024-01-28 | Is she adults are teens
_sx.g1ley9 | 2024-01-27 | 첨에 쌍수한줄....
gayun242 | 2024-01-27 | 저 산낙지랑 문어 해산물 엄청 조아해여!!
caaa.44_ | 2024-01-24 | 그건 건강에 해로운 음식이에요😢
kojraju | 2024-01-23 | Her hands are so beautiful😍❤✨
seonyurl | 2024-01-22 | 6666만들었어요!!
2ia_11 | 2024-01-22 | 산낙지 안좋아하는데 먹고싶다😢
seohayeong0403 | 2024-01-21 | 저기 혹시 가지 탕후루. 만들어 주실수. 있나요?
lkivellx | 2024-01-21 | they a live?????
iansu_12 | 2024-01-21 | 진짜 넘후 맛있게 드신다❤️
iggy_gangchu | 2024-01-20 | 산낙지랑 문어숙회는 참기름장국룰인뎅..
71m_limlim | 2024-01-20 | octopus is very delicious..... 🔥🔥🔥🔥
inikhildaa26_ | 2024-01-20 | 😭😭
ejwkgkgj | 2024-01-20 | 죽은작지는요ㅋㅋㅋ
b1_xnna | 2024-01-20 | 맛있는거 마니 먹는데 체중관리 어케해요ㅠ❤️❤️진짜 시아언니는 대단함!
darling.y.o.u | 2024-01-20 | 참기름장왜안먹어용ㅜㅜ
myself_ashmi_432 | 2024-01-20 | 😍😍😍😍🔥🔥🔥🔥🔥🔥🔥😍😍😍
starrubyhuleba | 2024-01-20 | 산낙지+톡톡시아 내 최애 조합(?)😍
yumiko_nakamura_artist | 2024-01-20 | 배고파요🤤
hala_._.mimi | 2024-01-20 | Beautiful ❤️
_mona_elsibai | 2024-01-20 | Uncooked😵😵"
2024-01-19,5575,(광고) 메가MGC커피에서 드디어 나왔습니다ㅠㅠ 79주,"#메가MGC커피, #메가커피, #딸기신메뉴, #쇼콜라딸기라떼프라페, #하트뿅레몬셔벗딸기스무디, #딸기쿠키브레드푸딩","bagsangeun69 | 2024-02-20 | 초코라떼 맛있아요❤❤❤
hajisu.ha | 2024-02-16 | 오저는 그거 초코로 먹었어요 제집에서 메가커피집으로 가면2분밖에 안걸림1분인가
zyx20111124 | 2024-02-10 | 超级喜欢吃巧克力也很喜欢这个视频的小姐姐❤🔥😍👏
ceren._.ai6 | 2024-01-23 | Bu kıza uyuz oluyorum beaaa
ni_ryba_ni_myasa | 2024-01-20 | “완전 겉바속촉!” “와… 비주얼” “신의 한수” 이런 식으로 서술어 없이 명사로 말 맺는 게 많이 보여서 신기합니다… 저희 조카도 그러던데 일본만화를 많이 봐서 번역체가 입에 붙은건지 아니면 짧은 영상 안에 최대한 많은 내용 담기 위해서 말도 짧게 하는 건지 모르겠지만 참 특이하네요
bxx._.zzxxg | 2024-01-20 | @resttime_0.9 나 메가커피 다녀올게 음료도 맛있어보이고 감자빵도 맛있ㅇ...ㅓ
megacoffee.choryang | 2024-01-19 | 예쁘고 맛있게 먹어주시니 보기만 해도 흐뭇하네요🤭
jeonarim44 | 2024-01-19 | 언니 너무예쁘고 설명을 잘하네용♡ 나도 먹고싶어용
az_ra3466 | 2024-01-19 | I love your video 💌"
2024-01-17,1.3만,(광고) 신상! 팝핑탕후루가 나왔다ㅠㅠ😭 80주,"#달콤왕가탕후루, #달왕탕, #탕후루, #왕가탕후루, #딸기탕후루, #팝핑캔디, #스트라이킹, #스트라이킹팝핑캔디, #팝핑탕후루","yomi._.018 | 2024-02-25 | 첨에 진자림님이 이상하게 평가한거보고 안먹으려고했는데ㅜ 시아님꺼보고 갑자기 먹고싶네요ㅜㅜ왕가탕후루 더마니 먹어주세요❤️
_so.nzx | 2024-02-25 | 아디다스 져지 진짜 잘어울린당
es_sence.__ | 2024-01-25 | @ssun_kyy 다음에 이거먹어보자!!
tahauguroglu0 | 2024-01-24 | Vay amk
jjormi | 2024-01-24 | @da_hy222 난 이거 인정할수없다.
yunhyeryeong89 | 2024-01-23 | 톡톡시아님! 그거 드시면 안 돼요! 아니면 되도록 조심해야 해요! 팝핑 탕후루 어떤 사람이 먹다가 탕후루 설탕 그거 혓바닥에 찔려서 피나는데 팝핑이 들어가서 구급차에 실려 갔데요! 조심해요!
_azrxce12 | 2024-01-22 | 맛있어를 맛없어로 들은 나 ㅋㅎ ㅠ
s_hwa_wf | 2024-01-22 | @nm_minji 맨날 너가 말하는 전기맛
baxkgrace | 2024-01-20 | @ssoooooooii
gweonyuna16 | 2024-01-20 | 전기?맛은?뭔?맛이지?
sourcillong | 2024-01-19 | @jisuuuun @ronrunroun ㅎㅎ
yxseo.12 | 2024-01-18 | 전기맛은 뭔 맛이지
dmini_i | 2024-01-18 | @h_rym_ 침나와,,
karta_nutella20 | 2024-01-18 | 안녕하세요, 터키에서 왔습니다
dekern1902 | 2024-01-18 | 진짜 맛있겠어요! 혹시 어느 지점인지 알 수 있을까요?❤️❤️
sj_vnii_vibeszx | 2024-01-17 | Haloo❤️
ubnzx | 2024-01-17 | 마지막에 완전 입안에서 톡톡톡톡 시아 하는거 진짜 질했다 👍
ch_xx_ens2 | 2024-01-17 | 왤케 이뻐ㅜ
nayla_sugaa | 2024-01-17 | Hallo sis.try Indonesia food sis🙌
ter_rn0911 | 2024-01-17 | 日本で言うパチパチパニックかな？
hsnfnd._ | 2024-01-17 | Haloo
nomin.chuluunkhuu | 2024-01-17 | 😍😍
xezvv.2 | 2024-01-17 | 1빠 ㅇㄴ근데 왜케 이버짐"
2024-01-15,16만,나라별 소스 먹방! 킬바사소세지🤩 80주,"#toctocsia, #톡톡시아, #먹스타그램, #킬바사소세지, #asmr, #먹방, #mukbang, #food","sophie2_holli | 2024-06-13 | Please 🇦🇹
penapenyu | 2024-06-10 | Menyala sambalkuuu🔥🔥🔥
z_nsh.5 | 2024-06-10 | 한국 불닭 나올꺼라고 생각한 사람 개추 일단 나부터><ㅋㅋ
rara_yes67 | 2024-06-06 | Lucu banget kakak ati ati pipinya jatuh😍
hyeonjihye87 | 2024-04-20 | 달짠달짠이 아니라 단짠단짠이에오ㅡ
yuxz1ojj | 2024-04-14 | 한국은 불닭 아닌가요???
ngim39827 | 2024-04-12 | 난 미국 사람인가바...
cegil2000 | 2024-04-12 | Ya tuhan dah gede aja nih anak 😢
np.rey | 2024-04-11 | Kurang bnyk ambil ny
farhanapendek1234 | 2024-04-10 | Malaysia????!!!!
viki_krpp | 2024-04-09 | Belgique c’est ANDALOUSE RIEN D’autre
hyeonbin2524 | 2024-04-06 | rudvxf_06 이사람 좀 바본듯 쌈장이 전통이 아니란다ㅋㅋㅋ 조선시대에서 부터 이어져 온게 전통이 아니라고? 역사관리하는 뇌를 우동이랑 같이 안먹은 이상은 이런말이 안나오겠는데 그리고 역사가 짧아? 조선건국이 거의 2백년도 지났을텐데
a_h_c_e_e | 2024-04-06 | 🇹🇷🇹🇷🇹🇷🇹🇷🇹🇷🇹🇷🇹🇷🇹🇷🇹🇷🇹🇷🇦🇿🇦🇿🇦🇿🇦🇿🇦🇿🇦🇿🇦🇿🇵🇰🇵🇰🇵🇰🇵🇰🇵🇰🇵🇰🇵🇰
imhyesun_0705 | 2024-04-06 | 미국이 맛있어 보이네요
z__ezol | 2024-04-05 | 이라크 음식을 먹어보라고 권합니다🔥
0topolo0 | 2024-04-05 | 🔥🔥
sore._14 | 2024-04-03 | 🇮🇷🇮🇷
igain261 | 2024-04-03 | 케첩이 👍👍👍👍
moukaram4 | 2024-04-03 | I don't understand a word but i just love you 💕
anka_officall_ | 2024-04-03 | Waaaaa aku dari Indonesia
_ghazaryan._.anna_ | 2024-04-01 | Armenia 🇦🇲🇦🇲🇦🇲🇦🇲🇦🇲🇦🇲🇦🇲🇦🇲
calon_flight_attendat | 2024-03-31 | Tapi kok cuma sedikit bahasa Indonesia nyaaaa
_seyma52_ | 2024-03-31 | O yediği şey ne
elln_kce | 2024-03-30 | Makan pake tangan kanan atuh
nomin.tulgaa | 2024-03-29 | 🇲🇳🇲🇱🇷🇹🇼🇸 pls
aizere2737 | 2024-03-29 | 🇰🇿🇰🇿🇰🇿🇰🇿🇰🇿🇰🇿🔥🙌❤️
prrott_ | 2024-03-28 | @rara_risma046
tx_bin.5 | 2024-03-27 | @youuuuu_na11
satzu_cim | 2024-03-26 | THATS ACTUALLY MALAYSIA THO- INDONESIA ALWAYS WANT TO CLAIM MALAYSIA FOOD
manas_kyzy055 | 2024-03-26 | Она похожа на дочь Маргу
imtisur_lkr | 2024-03-24 | Delicious 🤤😋
luxxlixie | 2024-03-23 | Mongolian foods ❤plss
aje_eng | 2024-03-22 | Uda gedeh aja🔥
dngmldnjs_13 | 2024-03-17 | 앗 기모띠 더보기...
attack.urheart1212 | 2024-03-13 | 🇧🇪heureuse d’être Belge ❤️🇧🇪
kayla.hadi.johnston | 2024-03-12 | INDONESIA MENTION?❤🇮🇩🔥🦅❤🗣️🗣️❤🇮🇩🔥💥❤🇮🇩💥❤🇮🇩‼️🇮🇩🦅❤💯💥❤🇮🇩🗣️🇮🇩❤💥❤💥HIDUPLAH INDONESIA RAYA💥💯❤🔥🗣️💥‼️🇮🇩💯✨‼️💥🗣️❤‼️🗣️💯🦅🦅❤🗣️🇮🇩🦅❤💯💥🔥🦅💥💯💯
caysielaa0_0 | 2024-03-12 | @xpnyyll laperrr
gimgimgagajjajja | 2024-03-11 | 저런 쌈장도 나왔군요
rahimimahdis1390 | 2024-03-11 | 🇮🇷🇮🇷🇮🇷🇮🇷🇮🇷❤️🍡
ashshiqish | 2024-03-11 | 這是醜陋且不合適的
miraeiei | 2024-03-10 | @mr_hurt.r6 อยสกกินไส้กรอกนี้แต่หาซื้อไม่ได้ง่ะ
eruuengthngsukrtaa | 2024-03-09 | 🇹🇭😢
emina_0321_12 | 2024-03-07 | 日本語うまっ！
radmhr_ff | 2024-03-02 | 😛😛😛
shxhhsbeh | 2024-03-01 | 일본 와사비를 해야지
admin_2335 | 2024-02-29 | Türkiye pleasee
ijonghun261 | 2024-02-28 | 아무도 그렇게 안 먹음
mryh_n32 | 2024-02-28 | 🇲🇦
_ft.najaaah | 2024-02-27 | 🇮🇳🇮🇳🇮🇳🇮🇳🇮🇳🇮🇳
sx.nq1 | 2024-02-26 | 마지막 하이 기엽따
alex_13_kawasaki | 2024-02-26 | I'm from USA
its_gomez_t | 2024-02-25 | 나는 그것을 부정하지 않습니다. 그것은 매우 부드럽고 귀여워 보입니다. 😍❤️👏
manuuxlss_ | 2024-02-25 | Me deu um toque com mão dela com luva e a outra sem a luva
maksimoshchipko | 2024-02-23 | 🇺🇦🇺🇦🇺🇦🇺🇦
tuiting.quin | 2024-02-22 | INDONESIA MENTIONED RAHHHHHH
von_iza_izena | 2024-02-22 | 🇹🇩
freecat001 | 2024-02-21 | 그냥 먹기...
simova.rozi_ | 2024-02-21 | 🇨🇿pls freind .9ears
armeline_knbl | 2024-02-21 | YEAAAAAAH
armeline_knbl | 2024-02-21 | BELGIUUUUUUUM
hemilly_tatielly | 2024-02-20 | 🇧🇷
_riko_62100_ | 2024-02-19 | 美味しい？ありがとう！
d1ws2q | 2024-02-19 | Kardeş ulkelelerin olmamaları beni uzdu
nabnog_1006 | 2024-02-19 | 케찹 중국껀데 옛날에 생샌을 절여서 만든거래요
yorantops | 2024-02-17 | Ok I am from Belgium and chocolate sauce on WORST EEN HEEERLIJKE LEKKER WORST GADVERDAMME
esther_lee_yan_yee | 2024-02-17 | ㅋㅋㅋㅋㅋㅋ❤️❤️❤️
sophi_.bggms | 2024-02-16 | 🇧🇷 please😢
shinykim07 | 2024-02-14 | 말하는게 귀여우셔
sh.adi6165 | 2024-02-14 | Please do Iran thanks🇮🇷🇮🇷🇮🇷🇮🇷
berrinozum.gursoyy | 2024-02-13 | Turkish yapsan
kiana_kiki_11 | 2024-02-12 | 🇮🇷🇮🇷🇮🇷🇮🇷🙏
_uselssfrnn_ | 2024-02-12 | sambal tu sauce la
juliaf_silvaa | 2024-02-12 | LÁ ELE MIL VEZES 😂😂
li._.ma_xph | 2024-02-12 | Pov:por que vc não respondeu antes. Oq eu tava assistindo
evie_atanasowaa | 2024-02-12 | Try Bulgarian litenitsa ❤️
jiyul5274 | 2024-02-11 | 한국 불닭소스를 추천 합니다
tuana_xwwqq | 2024-02-11 | 🇹🇷🇹🇷🇹🇷
bintg_prmstiii | 2024-02-11 | 나도 너처럼 대접받고 싶어😢😢
siihaalngdii | 2024-02-11 | 😍🇰🇭🇰🇭🇰🇭🇰🇭🇰🇭
simin__9090 | 2024-02-11 | please 🙏 🇮🇷🇮🇷🇮🇷🇮🇷
aamanea.0703 | 2024-02-11 | 일본어 감사합니다【日本ありがとう】
migdalska.a | 2024-02-11 | @pandzioreek @jackpol76 kielbasa
vizqaadzqirarahmat | 2024-02-11 | Indonesia
elliinnaa_13 | 2024-02-11 | Czech please 🇨🇿🇨🇿🇨🇿🇨🇿🇨🇿🇨🇿🇨🇿🇨🇿
aprilia.windri | 2024-02-10 | 언니, 신수준의 매운맛 먹방을 먹어보세요
k._.14yb | 2024-02-10 | 타코야끼소스 아니고 데리야끼소스아닌가요.. .
nicolas_bretas | 2024-02-10 | Brasil, maionese temperada, maionese verde, maionese de alho, maionese de bacon e maionese de queijo
khanzaaarziki | 2024-02-10 | Sambel terasi enak to😂
tszabolcs0101 | 2024-02-10 | Hungary
rali8.011 | 2024-02-10 | Maroc
elagulmus9 | 2024-02-08 | 터키 소스 만들어주세요 제발 부탁드려요
gyong_taee | 2024-02-06 | 마요네즈는 어딨지
valentina34_07v | 2024-02-06 | Mănâncă și mâncare din România 🇹🇩 să vezi cât de bună este. Te rog frumos din suflet❤️
kim_mangda593 | 2024-02-05 | 타코야키소스가 아니라 데리야키소스인데
u.ee_h_b | 2024-02-05 | 아..일본은 와사비지
jxjxhx9692 | 2024-02-05 | 초코 소스는 달짠달짠도 맞긴한데 단짠단짠이라고 하지않나 대부분?...???
ro.nika4781 | 2024-02-04 | 🇮🇷🇮🇷
qilla_624 | 2024-02-04 | 맛있어?
mali.iri | 2024-02-04 | چقد بزرگ شده
wohyun._.0820 | 2024-02-04 | 케찹 중국꺼 인데"
2024-01-12,3.4만,드디어 나왔습니다ㅠ 엽떡 마라로제떡볶이... 먹스타그램 80주,"#엽떡신상, #엽떡마라로제, #toctocsia, #톡톡시아, #asmr, #mukbang, #먹방, #","mrymrjb_m | 2024-04-04 | 내 심장 ❤️
cec1iliaa | 2024-03-29 | wah wah
keykalaobo | 2024-03-15 | Cobaan puasa hari ke 4😢
zlfaaa.nai | 2024-02-25 | Nice
its_gomez_t | 2024-02-25 | 오늘은 김치만드는법을 봤는데 김치로 볶음밥을 만들어보는데 이런 영상이 나왔어요 😂😂😂
c7_yuoen | 2024-02-24 | 저..혹시 마라로제 떡볶이 맵나요?....제가 생각보다 맵질이라...
__s.xedx | 2024-02-12 | 그 그냥 마라엽떡보다 안매운가요? @toctocsia
_ena.g.c.t_ | 2024-01-28 | 음식을 어디서 시키는거에요?
215_szmi | 2024-01-25 | 食べてみたい.ᐟ‪
mins_2014 | 2024-01-24 | 맛잇겠다
caaa.44_ | 2024-01-24 | 와, 코딩이 정말 잘됐네요
zaxroshka_a | 2024-01-21 | 😂😂😂😂
24mj_ | 2024-01-21 | One of my dreams is to taste this delicious dish
zayleefe | 2024-01-19 | You're so cute❤️❤️😫😫
dmini_i | 2024-01-18 | @h_rym_ 너무 마싯어보여ㅠ
_mulally | 2024-01-18 | @jin__zhenxi @haena_3.3kg 조만간조져야해
hikmah.aulia23 | 2024-01-18 | @raffinagita1717 mama gigi ini raffathar versi cwe😂
pelinguldal | 2024-01-17 | Şu yemegi düzgün ye be ablam
ji_won_kk | 2024-01-17 | @gaeul.d_jiwon.h 먹어야게따..
cooki_s2 | 2024-01-16 | @lee__hanryang 이건 진짜 마싯데
taka_n_buddies_world | 2024-01-15 | 🔥
sofiko1168 | 2024-01-15 | ❤️
yul_3_yul | 2024-01-14 | @yeunjinss
wjddusal38 | 2024-01-14 | 난왜마라탕이나 마라맛나는건 입에안맞을까
lleigll | 2024-01-13 | 🧒🏻🗣wa wa wa wa
hannn.0203 | 2024-01-13 | yummy🔥🔥
iloveyouratmosphere | 2024-01-13 | @youcallmeflowerbefore
aii.dda.a | 2024-01-13 | Уоа
kikiming87 | 2024-01-12 | @iseongja776
suna0807 | 2024-01-12 | @nx._y24 딱 니꺼다!
okmung2222 | 2024-01-12 | 아이돌 데뷔 하라고(요)!
71m_limlim | 2024-01-12 | So yummy... i want it....❤️❤️❤️❤️
yuki.__.manon | 2024-01-12 | おいしそう、、、、
juliaa_attaa | 2024-01-12 | 😍😍
niiiino_120 | 2024-01-12 | これ韓国行ったら食べれるの？？
muxx1issa | 2024-01-12 | 😍🔥👏
nuwowy | 2024-01-12 | nice to see your content
ilhailhamstar | 2024-01-12 | ♥️♥️
ilhailhamstar | 2024-01-12 | ❤️❤️"
2024-01-11,1.8만,이거 얼리면 그렇게 맛있다구요??😱 81주,"#toctocsia, #톡톡시아, #쥬시드롭디퍼즈, #mukbang, #먹방, #asmr, #먹스타그램","yulim225 | 2025-04-12 | 얼리면 더시나?
5u.x1n_ | 2024-02-18 | @d._an10 내가 말한거 이젤리임ㅋㅌㅋㅋㅋㅌㅋ
aoi_4980 | 2024-01-25 | 사란해요
e_oo1002 | 2024-01-23 | 左赤旗な
s1_youx | 2024-01-19 | 그거..얼려먹다가 이빨빠졌는데..
hudabouzgaya | 2024-01-18 | ILOVE YOU❤️❤️
li_leegsu | 2024-01-13 | 시아님 넘 이쁘신데요😍😍
youseonyeong69 | 2024-01-12 | 저거 짱맛있는데👏👏
nuwowy | 2024-01-12 | nostalgia for eating food in 2023 !!😍😍
324wan_ | 2024-01-12 | 그거 3사간만 얼리면 돼요
treen0820 | 2024-01-11 | 그 진짜 죄송한데 그 뭐냐 바다 포도 영상 있잖아요. 그거 바다포도 그거 맛이 어떤가요 궁금 해요.
he_is_foive_ | 2024-01-11 | Sound so crunchy 🔥🔥
a.n.a.y.u.n | 2024-01-11 | 😍
hso_o202 | 2024-01-11 | @_minhyeok._ 이거 먹고시퍼 요구르트도 먹고싶당
muxx1issa | 2024-01-11 | 🔥
qoqo__blayde1269 | 2024-01-11 | Don’t break your teeth😓"
2024-01-09,6.3만,나라별 라면 먹방 🌏🍜 81주,"#toctocsia, #톡톡시아, #먹스타그램, #asmr, #먹방, #mukbang, #라면, #일본라면","simjuri3940 | 2025-04-16 | 😍❤️👏
kreuzberg5_5 | 2024-11-28 | Ayo cobain dari Indonesia juga mie pedas, mie Gaga goreng,mie goreng ABC pedas,enak bgt
putri_official_ | 2024-08-23 | Indonesia mie goreng🇲🇨
myself_1321 | 2024-08-16 | Taiwan🇹🇼👏
jieun.suli | 2024-08-10 | Vietnam🇻🇳
moonmoon9720 | 2024-07-29 | 台湾省❤️
jo.yejeong | 2024-07-13 | 👏
_liwnh_dnaaa | 2024-06-22 | Việt Nam 🇻🇳
rghmar.rghmar | 2024-06-16 | Try India noodles 🙏🏻🙏🏻
ngojchaa.wiwi | 2024-06-15 | Viet Nam🇻🇳
beby_4ever | 2024-06-08 | Indonesia 🇮🇩🇮🇩
anhthuutran23 | 2024-06-08 | VietNam
iy_aleesya | 2024-05-25 | Ulalalala
angel_malk_most_ | 2024-05-24 | 🇪🇬 plz
cmo2018.101 | 2024-05-06 | 어느 나라든 라면이 다 맛있어요!
m.pakdel_3170 | 2024-04-09 | 이름 이 뮈 어
m.pakdel_3170 | 2024-04-09 | ❤️❤️ 사 랑 해❤️❤️
anka_officall_ | 2024-04-03 | Indonesia❤️❤️❤️❤️l❤️🙌🙌
3cir1n.__.wqq | 2024-03-31 | 🇹🇷🇹🇷🇹🇷🇹🇷🇹🇷🇹🇷🇹🇷 noodle
inaechaechcchuu | 2024-03-31 | 아주 맛있는😍
0829khongorzll | 2024-03-31 | Mongolia 🇲🇳
cia_lurve123 | 2024-03-31 | Wow you tree China noodle 😍❤️
dear_mysenier_xoxo | 2024-03-29 | 中国的高人拉面也很好吃
its_arohi_malhotra | 2024-03-29 | Please India 😢
ahheng_080411 | 2024-03-29 | why no have Malaysia
caicaiwoshishei0219 | 2024-03-28 | 대만 나라…야?
snerry20 | 2024-03-24 | 我是微力炸醬麵的忠實粉絲
coco.78.9 | 2024-03-24 | @liyun_liyun_liyun 중국인은 다 그렇게 자격이 없나요?대만은 중국의 일부가 아니다
o3zyfwv3k2pzh | 2024-03-24 | 可以试试螺蛳粉
zmrabozkurt | 2024-03-24 | Türkiye
nayna_dan_melati | 2024-03-19 | Indonesia 🇮🇩
prisoners9917 | 2024-03-17 | 😍😍🔥🔥😋😋🇰🇷🇰🇷❤️❤️
ngoaciuu | 2024-03-17 | Việt Nam❤️
selfhr.am | 2024-03-13 | APA APAAN ITU, INDOMIE CUP🥶🥶🥶😱
bai_bing11.1 | 2024-03-12 | 酸辣粉真的好吃👏👏😋
ulsanbawi77 | 2024-03-10 | Indo mah dikit mie nya wkwk
jasminequyenn2le10 | 2024-03-09 | 🇻🇳
qwq.shimei06 | 2024-03-05 | 🇨🇳🇨🇳🇨🇳
blondyneczka.11 | 2024-03-02 | 🇵🇱 plissssssssssaassssssssssssssssssssssssssssssssssssssssssssskaaaaaa
nguyenhuutient006 | 2024-02-29 | Vietnam 🇻🇳❤️
kukkumei | 2024-02-29 | pls try Indonesian cup noodle called pop mie dower
_.thao.zyyy._ | 2024-02-29 | Vietnam 🇻🇳
eyl0.ll | 2024-02-26 | Türkiye 🇹🇷💗🇰🇷
jibo_shka | 2024-02-26 | Please Uzbekistan ❤️
vhla_nk | 2024-02-26 | Vietnamese 🇻🇳
nelaajlekk | 2024-02-25 | Mirip adeknya @official_shuyang__
nninh2878 | 2024-02-20 | Viet Nam ❤️
d1ws2q | 2024-02-19 | 🇹🇷🇹🇷🇹🇷🇹🇷🇹🇷🇹🇷🇹🇷🇹🇷🇹🇷🇹🇷🇹🇷🇹🇷🇹🇷🇹🇷🇹🇷🇹🇷🇹🇷🇹🇷🇹🇷🇹🇷🇹🇷🇹🇷🇹🇷🇹🇷🇹🇷🇹🇷🇹🇷🇹🇷🇹🇷🇹🇷?
hds3310 | 2024-02-19 | 我们的酸辣粉好吃吧
3y9646 | 2024-02-19 | 🇨🇳🇨🇳😍
kambeng_terbang0v0 | 2024-02-17 | Indomie selara kita semuaa~
t.saihan | 2024-02-16 | Mongolia please
amxte_yijss_ | 2024-02-15 | 사우디 음식을 먹어볼 수 있나요?🇸🇦
phw.thuy05 | 2024-02-15 | 🇻🇳❤️❤️
bao_con_3011 | 2024-02-14 | Vietnam's 🇻🇳 ❤️
_soclocbocc | 2024-02-14 | Vietnam
chy._wwe | 2024-02-12 | Viet Nam 🇻🇳
thuuhuyyenn | 2024-02-12 | Vietnamese 🇻🇳🫶🏻😘
nelly_al_mllah19 | 2024-02-12 | يا جماعه إندونيسيا ما تحسوه كانه اندومي عربي ولا يتهيالي😮
marritzavana | 2024-02-11 | 인도네시아를 선택해주셔서 감사합니다, 저는 인도네시아 사람이에요🥰🥰
aysenurkaya2814 | 2024-02-11 | 부탁드려요 🇹🇷 저는 터키 사람이에요 ❤️
faihaaaa_11 | 2024-02-11 | Indonesia 🇮🇩🇮🇩🇮🇩
yurichan.yu | 2024-02-11 | Vietnam🇻🇳
a.r.kavitha_5891 | 2024-02-11 | Please Indian try food 😢
dhoangg.05 | 2024-02-10 | 🇻🇳
_hieeydayyy_030 | 2024-02-09 | VIET NAM🇻🇳🇻🇳😍
sk_fc_vi | 2024-02-09 | 중국이 제일 기대됬었닼 ㅋㅋ
songuyendo | 2024-02-09 | VIETNAM 👏❤️
sonjzn_ | 2024-02-09 | Taiwan😍🙌🇹🇼👍
ward.beshara | 2024-02-08 | Nice video
isoha80 | 2024-02-07 | 아... 라면먹고싶다... 😢
mylove_solomonie | 2024-02-07 | Tớ là người Đài Loan gốc Việt 🇹🇼🇻🇳
ratticusisthegoat_ | 2024-02-07 | 日本🇯🇵👏😂❤️
c4yaa_2 | 2024-02-06 | Awas pipinya jatuh
___.hzc | 2024-02-06 | Hảo Hảo is the most famous in Vietnam 🇻🇳🇻🇳🇻🇳🇻🇳🇻🇳
___.hzc | 2024-02-06 | 🇻🇳🇻🇳 Vietnam mentioned
___.hzc | 2024-02-06 | 🇹🇼🇻🇳❤️❤️
thainek_2009 | 2024-02-06 | Việt Nam 🇻🇳 ❤️❤️
1fei_7 | 2024-02-06 | 🇹🇼
weyxa133 | 2024-02-05 | 🇺🇿🇺🇿🇺🇿🇺🇿🇺🇿🇺🇿🥺😫
mink_ngoc2k10 | 2024-02-05 | Viet namm🔥🔥
rachel_waii_ | 2024-02-05 | China🇨🇳🇨🇳
zayyyaa_1 | 2024-02-05 | Indonesia 🇮🇩🇮🇩😍
_nurseinyouheart | 2024-02-05 | try thailand noodles
maria_s.018 | 2024-02-04 | 🇧🇷🇧🇷🇧🇷🇧🇷🇧🇷🇧🇷
ar.temis6848 | 2024-02-04 | 🙏🏻🇮🇷🇮🇷🇮🇷
hyunyul_atelier | 2024-02-04 | @hustle_dooooo
zyanh_nguyen | 2024-02-03 | Vietnames 😍
flower_blue14 | 2024-02-03 | Indomie selera ku ❤️
iin_4.6 | 2024-02-03 | ❌🇨🇳
hx_r0m_ | 2024-02-03 | 나 지금 라면 먹는대
alter_hoshino | 2024-02-02 | 我最愛的滿漢大餐
moomin_saitama | 2024-02-02 | 🇰🇷🤝🇯🇵🤝🇹🇼
ngptrinhhh_ | 2024-02-02 | 🇻🇳
wq_nazzlii05 | 2024-02-01 | 🇹🇷🇹🇷 TÜRKİYE PLSSS❤️
pxx.krauen | 2024-02-01 | 씨유 저거 마라탕면있는데 ㄱ비쌈
l0velyy_.raraa | 2024-02-01 | kirain popmie 😁
tinghui_0105 | 2024-02-01 | Taiwan🇹🇼😍
kr._.yijxn09 | 2024-02-01 | 유부라면 고기버전도 맛있음
kr._.yijxn09 | 2024-02-01 | 유부라면 저거 찐으로 개맛있음 ㅋㅋㅋ"
2024-01-07,1.3만,이걸 이렇게 쉽게 만든다고?? @paris_1052 81주,"#톡톡시아, #toctocsia, #mukbang, #먹방, #딸기, #딸기찹쌀떡, #딸기모찌, #먹스타그램","mari12245394 | 2025-02-11 | 떡을 렌지에 10초 돌려보고 만들면....?
tonma503 | 2024-11-01 | 日本にはいちご大福っていうのがあります😊ぜひ美味しいお店のを食べてみてね。
affa1495 | 2024-02-10 | Not like much
lina20141114 | 2024-01-27 | 언니 딸기 작은걸로 해야지 잘 들어 갈것 같은데..
24mj_ | 2024-01-21 | You can taste it aside🌞
v9eso_ | 2024-01-15 | 딸기모찌
sieun._.0324 | 2024-01-10 | 샤인머스켓으로도 해 주세요!!
kkaegaeng | 2024-01-08 | @glorrre
amoremio_19 | 2024-01-08 | I haven’t seen you in so long
marya.tir | 2024-01-08 | موچیه
a.n.a.y.u.n | 2024-01-07 | 😋
_.heiho | 2024-01-07 | 딸기 오후쿠는 두 가지 모양이 있기 때문에 끝까지 싸도 좋고 싸지 않아도 좋다.
luvleyummi | 2024-01-07 | Can you put subtitles in English, I LOVE your videos but I can't understand what you're saying😔
paris_1052 | 2024-01-07 | 진짜 쉽죠??!!! 900원으로 이렇게 행복할 일인가요??👍👍👍
감사합니당.영상 너무너무 잘 봤어용🥰🥰🥰
meowpisi13 | 2024-01-07 | ㅣㄷ컄 햬켸ㅏㅖㅕㅐㄱㄱ
k_rush_dramas | 2024-01-07 | 사랑해요 ❤️❤️
coeiju325 | 2024-01-07 | 딸기를 썰어서 넣어야돼지 안나..?
yar___ina2 | 2024-01-07 | She's cute 😇😇
setareh_falahati2006 | 2024-01-07 | ❤️
setareh_falahati2006 | 2024-01-07 | ❤️
setareh_falahati2006 | 2024-01-07 | ❤️
setareh_falahati2006 | 2024-01-07 | ❤️
setareh_falahati2006 | 2024-01-07 | 😍
st4r._bokk | 2024-01-07 | 😍😍"
2024-01-05,5.7만,불닭볶음면 맛평가 챌린지🤔 81주,"#toctocsia, #톡톡시아, #불닭볶음면, #asmr, #mukbang, #먹방, #이모지먹방, #emojichallenge","sominoo0 | 2024-09-08 | 맨 마지막에 당면 꾸덕하게 하는고 아시는분,
cmo2018.101 | 2024-05-06 | 저는 일본인이지만 한국 요리를 아주 좋아해요!
__luux__farah__ | 2024-04-07 | 😍😍😍
tkssuwimon | 2024-03-27 | 😮😮
2xgf.1 | 2024-03-23 | Was it necessary to slurp?
resti9613 | 2024-03-19 | gdzfwscjgtûtscbbvcnmm🍰🤣😍😶😚😀
1j2sin | 2024-03-06 | 最後がいちばんすき
its_gomez_t | 2024-02-27 | 에콰도르에서는 그 파이프를 구할 수 없어요 😢😢
its_gomez_t | 2024-02-27 | 😢😢
0llcho_ | 2024-02-26 | اممم و اممم و بس ٦ تقيمه ؟
sondora.211 | 2024-02-25 | ㅋㅋㅋㅋㅋㅋㅋㅋㅋㅋㅋㅋㅋ😂
__xunwxo | 2024-02-24 | @auovry 진짜 너 닮음
eaglenk1987 | 2024-02-24 | الصوت مزعج 😵
regina.azra | 2024-02-23 | 몇 살이에요?
bblueegurll | 2024-02-22 | 卡姆 么马坎 泥土 铁道口 么马凯 迷彩 宋霭龄你呀 刷蓝牙 半天二 半个头他去
k_iyo.0 | 2024-02-21 | 초록색 라면이 퍽퍽한 느낌이 들어요😂
scnd_itsyz | 2024-02-20 | Parang Tanga Kumain e
xiomaraa_83 | 2024-02-20 | Come bien
m1n._.s5io | 2024-02-19 | 불닭은 사랑이여유~😍
bright_library01 | 2024-02-15 | 너무 맛있어
kaptenzahra50 | 2024-02-14 | 먹기 너무 맛있어 보여서 먹고싶다
t._90f | 2024-02-14 | علجي عدل لج
tami_sss1 | 2024-02-13 | 아무 이유 없이 나는 그녀를 싫어
0hojoon0 | 2024-02-12 | @ji5.oo
mx.0814_ | 2024-02-11 | 언니, 말레이시아 라면 드셔보세요. 특히 카레맛이 정말 맛있어요.
xi.y_n | 2024-02-11 | 마지막 진짜 개맛있겠다
isa469_ | 2024-02-10 | Tá mastigando bosta??
ana1.231960 | 2024-02-04 | Nooooo
pxx.krauen | 2024-02-02 | 우리 언니가 마라불닭 진짜 맵다는데
hhhe_888 | 2024-01-29 | 이쁘다
ss_omrani65 | 2024-01-25 | 不会让我想起那
ss_omrani65 | 2024-01-25 | 😍😍😍😍
d.exly | 2024-01-22 | 마지막 많이 매워요?
_ariela_k | 2024-01-19 | Bing chilling
jinaeimo | 2024-01-14 | 얼굴이 너무 좋으셔용
cbbylilac | 2024-01-14 | Cepet bgt gede ni bocah 😩
49cm.3kg | 2024-01-13 | 피부 하얗다 뚜껑색이랑 똑같누
m.n_gn | 2024-01-11 | 항상 틱톡으로 보다가 인스타로 오니까 다른 느낌이 있네요!!
iamnotchbelle | 2024-01-10 | Doesn’t the buldak tteokbokki have alcohol in it cuz when I went to the market there was a label saying alcohol😢
sijunjang._.11 | 2024-01-09 | 몇살이신가요?
soo.kijung | 2024-01-07 | @j_____j2422 로제불닭납작당면
s1.x_en_r | 2024-01-07 | 혹시 2번째랑 3번째 많이 맵나요?
5iwo_o | 2024-01-06 | 학생이에여 어른이에여?
chesyalourensia | 2024-01-06 | Brisik weee pas makan
so_yul.o.12 | 2024-01-06 | 1만 만들었어용
xn.wo0 | 2024-01-06 | 안맵나
ivrighetto | 2024-01-06 | Bonitinha ❤️
ciciicilok | 2024-01-06 | Cara makannya itu lhooo, kayak enak bangetttt. Gatau kenapa ngeliat orang korea makan mie tu bikin pengen
woos1144 | 2024-01-06 | 불닭 할라피뇨 눌러붙은거 수세미 아니야?ㅋㅋ
ttchjk.1 | 2024-01-06 | وازمر ماديريش صوت ونتي كاتاكلي!!
islam_aniaa | 2024-01-06 | ❤️❤️❤️❤️
sxmv.7 | 2024-01-06 | What's her age guyz? She is so lovely and cute 🥹💗💗
star110628 | 2024-01-05 | 너무 잘 드신다❤️
kim__mimi_7777 | 2024-01-05 | 🍙🥟🍜🧀🍤🍣🐙🧃먹어 줘
aeronngal.422 | 2024-01-05 | Makan nya biasa aja kali
lovesososisters | 2024-01-05 | 저마지막꺼 진짜 좋아해용
jeongdayeon0717 | 2024-01-05 | 맛있게 드셔주셔서 감사해요 전 굶고 있어요
udhsjr | 2024-01-05 | ASMR의 달인🍲🥨🥩🥪🥫🍖👍
subete_kotodamani__naru | 2024-01-05 | 나도 먹고 싶어🥲🥲🥲
71m_limlim | 2024-01-05 | 😍😍😍😍 i want all.... yummy...
rxeoxn | 2024-01-05 | 진짜 맛있어 보여유😍
n3thv._.1i | 2024-01-05 | Awsh i like how she enjoyed her food happily...how sweet and ofc my favorite flavour is Cabonara for real🥹❤️Love you from Sri Lanka❤️🇱🇰
trans_hamster | 2024-01-05 | 😻😻"
