작성일,좋아요 수,본문,해시태그,댓글 목록
2025-05-11,17만,요즘은 연어를 이렇게 먹는다며? 11주,"#연어, #연어먹방, #연어깍두기, #먹방asmr, #salmon, #mukbang, #mukbangasmr, #asmreating, #mukbangers, #야식추천, #불닭, #연어요리, #asmreatingsounds, #mukbangkorea","0.0illll | 2024-11-16 | 와... 소리 미쳤다 진짜 당장 시켜먹고싶어
anniema9352 | 2025-02-25 | This looks tasty and you eat very neatly 👏!
gagayun129 | 2025-07-18 | 난요즘 츄베릅님 영상보느라 밤을새네요ㅠ🥰
biricik_kk09 | 2025-07-14 | 😋
guenmenguan | 2025-02-06 | 이거 얼마에요?
jjeng_u | 2025-01-26 | 마이크에 치킨 묻을까봐 조마조마 ㅠㅠㅠㅋㅋㅋㅋ 그래도 맛잇게 드시네용!!
hyuk_911 | 2025-02-06 | 진짜맛있겠다 맛있겠다 맛있겠죠? 허
dolounknown.user | 2025-02-03 | 🔥🔥
nandyenandy | 2025-02-04 | 😋😋😋😋😋😋😋😋❤️❤️❤️❤️
_wgh_02 | 2025-01-26 | Am I the only one who sees her shaking?
ho_jin_its | 2025-02-02 | 👏👏👏👏
mounaa_zhraoui | 2025-07-04 | 😍😍😍😍❤️🔥
seoacherry | 2025-03-09 | 린생치킨
bellalee2254 | 2025-02-12 | @hae__jinnnn 낼 점심❤️
1ovsummer_ | 2025-02-07 | @laelealael 이거머글래"
2024-03-12,22.6만,이름에 ‘ㅅ’ 들어가는 사람이 쏘기❤️ @@@잘먹을게❤️ 엽떡에 소세지 와르르해서 FLEX 조지자❤️ 72주,"#엽떡, #엽기떡볶이, #엽떡소세지, #떡볶이맛집, #동대문엽기떡볶이, #배달음식추천, #배달떡볶이, #야식추천, #떡볶이그램","gagayun129 | 2025-07-30 | 😍😍😋😋
pickmat_food | 2025-07-31 | 딸기모찌 너무 맛있어보여요😍😍
berup_x | 2025-07-30 | ❤️
mu_ch1cken | 2025-07-30 | 저기 맛있긴 해. 흑임자 탐난다..
foo__zim | 2025-07-30 | 갑자기 먹규싶다....모찌
mukorang | 2025-07-30 | 갈래용~!
ruri.food | 2025-07-30 | 몬가 요 소리도 잘들려서 좋닼ㅋㅋㅋ마싯어보여😮😮😮
chanlame | 2025-07-31 | 🔥🔥👏👏👏👏
myeong_jonmatt | 2025-07-31 | 미친 과즙이당❤️
rovolamlne | 2025-07-30 | 와 쑥떡에 딸기라니💕맛없없이겠당..
hongji_yam | 2025-07-30 | 나능 뮤조건 백앙금파~!~!!❤️
muk_tteul | 2025-07-30 | 우ㅏ 과즙 도랐다,,
unjun._.10 | 2025-07-30 | 누나 예뻐요
ddonge_e_ | 2025-07-30 | 혹시 여수시면 염전의 봄 가주시면 안되요ㅠ 제 인생 소금빵집이에요ㅠ❤️
kkihan_kki | 2025-07-30 | 이거 저 진짜 조아하는데 줄 긴곳 말구 여수당? 맞은편에 있는 곳이 진짜 맛있고 가격도 다른데보다 싸고 사장님 친절하셔요…👍👍✨"
2025-07-28,1.6만,치즈 추가한 까르보 불닭에 KFC치킨 조합이란 ? 2일,"#까르보불닭볶음면, #불닭볶음면, #buldak, #kfc, #chicken, #먹방asmr, #mukbang, #mukbangasmr, #asmreating, #mukbangers, #치킨, #치킨먹방, #mukbangkorea, #야식추천, #치킨추천","taste_goyang | 2025-07-28 | 대박 너무 맛있겠다!!😮😮
yushirikusionmyfavorite | 2025-07-28 | 치킨이랑 까르보 너무 맛있을 것 같아여ㅜㅜㅜㅜ
eunha.food | 2025-07-28 | ❤️❤️❤️
hai23.kokuro | 2025-07-28 | 🤍
gagayun129 | 2025-07-28 | 드시는게 왤케귀욥징😍😍
berup_x | 2025-07-28 | ❤️
gge.juck | 2025-07-28 | 왜 먹는건 당신인데 살은 제가 찌죠?
phk__06 | 2025-07-28 | 치킨 소리 미쳤다❤️
mukjung_ | 2025-07-28 | 젓가락이 바뀌었어요언니
ruri.food | 2025-07-28 | 젓가락 졸귀닼ㅋㅋ
pepaggpi | 2025-07-28 | 바삭소리미치셧나요증말..🤤🤤
unjun._.10 | 2025-07-28 | 누나 이뻐요
hard_1mt_ | 2025-07-28 | 맛있겠당🥲
2ys_29 | 2025-07-28 | 하 진짜 bbq에 불닭 땡기네요😢
positive_number_1 | 2025-07-28 | 에디슨 젓가락 뭐에요? ㅋㅋㅋㅋ
gekikara_men | 2025-07-28 | chu 🥰
needsman_daejeon | 2025-07-28 | 이 시간에 봐버리다니 ,,,
bori_kie | 2025-07-29 | ㅁㅊ!!!!
stoneychoi | 2025-07-28 | 와.. 🤤
dessert_enterance_ | 2025-07-29 | 소리 미쳤닭…
rkd_wlgp | 2025-07-28 | 20빠!
smss2888 | 2025-07-28 | 오와19빠
kimchunshik117 | 2025-07-29 | KFC!!! KFC!!!!
o.haru___ | 2025-07-28 | 저두 KFC 치킨 먹고싶댱ㅠ
milky.way2958 | 2025-07-30 | 젓가락 그거 어디서 사유
rlagyrnt | 2025-07-30 | @ha_ppiness_
kaitokozono | 2025-07-28 | Good
xxy_pigband | 2025-07-28 | 진짜 사람이 엄청 순하고 착해보인다
chanlame | 2025-07-29 | 🔥🔥👏👏👏👏
jolanmoadi | 2025-07-29 | يمي.
yartyu2345 | 2025-07-29 | good!!
pickmat_food | 2025-07-29 | 완전 꿀조합이자나요 😍😍
aidaibvna | 2025-07-30 | 😍
sarah_amarantemartins | 2025-07-30 | 😋😋
floraflorinha2020 | 2025-07-31 | 오마이갓, 나도 그럴 수 있었으면 좋겠다 ❤️
rlatmddbs._ | 2025-07-31 | 무슨치즈 넣으신거에요?"
2025-07-26,1486,맘모스를 쿠키샌드로 만들어버리다니 ㄷㄷ 이웃집통통이X초량온당 콜라보! 이웃집통통이 매장에서 내일까지만 판다길래 얼른 올리기..🍪 구매처 : 이웃집통통이 @tongtonge_ 4일,"#이웃집통통이, #초량온당, #맘모스쿠키샌드, #맘모스, #쿠키샌드, #쿠키먹방, #디저트먹방, #dessert, #먹방asmr, #mukbang, #mukbangasmr, #asmreating, #간식추천, #mukbangers, #디저트맛집, #야식추천, #mukbangkorea, #asmreatingsounds, #cookies","mukorang | 2025-07-27 | 맛나게꺄앙ㅇ❤️❤️
hh.__.jin | 2025-07-28 | 오 아직 안먹어봤는데 나두 사먹어야게따,,
uurreizzan | 2025-07-26 | 카와이짱
pickmat_food | 2025-07-29 | 둘다 좋아하는데 ㅜㅜ 먹어봐야겠어요
gagayun129 | 2025-07-26 | 짱구안대졸귀당😍😍
hai23.kokuro | 2025-07-26 | ❤️
iloveyoubogoshipda | 2025-07-26 | 헉 14초전..!!🔥🔥 짱구안대 녀무 기여워요😍
jack93kim | 2025-07-26 | 오우....
gekikara_men | 2025-07-27 | 🥰
berup_x | 2025-07-26 | ❤️
ddo__yam | 2025-07-26 | 머리 위 밴드 왤케 귀여워요 ㅠㅠ 쿠키 미쳐따 ㅠ
unjun._.10 | 2025-07-26 | 누나 예뻐요
jjong_mattang | 2025-07-26 | ㅋㅋㅋㅋㅋ아나 짱구 안대에요??
tongtonge_ | 2025-07-27 | 우아..❤️ 감사합니다 🫶🏻
beluvsick178 | 2025-07-27 | 🥺"
2025-07-24,2144,빠삭고소한 기영이 숯불치킨 신상? 기영이 신상 빠다크랩 숯불치킨 ! 오뚜기 순후추가 든 갈릭후추 후레이크를 뿌려먹는데 그 맛은 ? 쿠팡이츠로 신메뉴 주문시 최대 13000원 할인 ! (~7/27) 원피스 세트로 주문하면 원피스 굿즈까지?🫶🏻 6일,"#광고, #기영이숯불치킨, #치킨, #숯불치킨, #기영이숯불두마리치킨, #치킨먹방, #치킨추천, #먹방asmr, #mukbang, #mukbangasmr, #asmreating, #mukbangers, #신상리뷰, #야식추천, #mukbangkorea, #chicken","seok.j.k.94 | 2025-07-28 | 완전 맛도리같아요
hanjiin0723 | 2025-07-24 | 💗
tastebuds__official | 2025-07-24 | 갈릭후레이크 대박이겠는디여❤️
ruri.food | 2025-07-24 | 후레이크 뒤에 붙여둔거 왤케 귀여웤ㅋㅋㅋㅋㅋ나더 사먹을래😍
review_minday | 2025-07-25 | 와..바삭바삭 소리 미쳤어요 🔥
gagayun129 | 2025-07-24 | 크랩치킨처음보네용😮
uurreizzan | 2025-07-24 | ❤️❤️❤️❤️
nguyen_________1999 | 2025-07-25 | ❤️❤️
hai23.kokuro | 2025-07-24 | 🤍
hoofood00 | 2025-07-28 | 와… 보는 순간부터 입안에 군침 고였어요😳
비주얼이 너무 좋아서 한참을 멍하니 봤네요
먹음직스럽고 감각적인 연출까지 완벽해요
구석구석 디테일도 살아 있어서 계속 눈이 가요
지나칠 수 없어서 바로 저장해뒀어요💛
myj3.138 | 2025-07-24 | 이 밤에 치킨..?
chanlame | 2025-07-25 | 🔥🔥👏👏👏👏
gekikara_men | 2025-07-25 | 🥰
bbok_yee_07 | 2025-07-24 | 오늘 맥주에 기영이다.. 댑악!💜
foling_4 | 2025-07-25 | Yummy
bori_xxn | 2025-07-24 | 아니 나도 치맥 하고 싶다고오
unjun._.10 | 2025-07-24 | 누나 예뻐여
hongji_yam | 2025-07-24 | 크랩 진짜 왕 빠작꼬소해서 존맛이등디 보니까 또 묵고잡네..🤤
cy_j_13 | 2025-07-24 | 맛있겠다😍
hanadul_seoheeneohee | 2025-07-25 | 앞트임하는 쪽 눈 하이라이터 바를 때 앞 눈이랑 떨어지게 해서(코쪽으로) 하면 더 자연스러울 것 같은데욧 ? 한번 시도 고고
berup_x | 2025-07-24 | ❤️
gge.juck | 2025-07-24 | 크랩식감이 진짜 미칠거같은데…😮
yartyu2345 | 2025-07-25 | my favorite character is Sanji"
2025-07-21,8621,크기 미친 대왕부리또 먹다가 배터질뻔 ㅋㅎ 🥢구매처 : 베어스타코 @bearstaco_official 1주,"#부리또, #대왕부리또, #먹방asmr, #mukbangasmr, #mukbang, #asmreating, #mukbangers, #야식추천, #mukbangkorea, #asmreatingsounds, #타코, #배달음식, #burrito, #chipolte, #치폴레","jjza0._ | 2025-07-22 | ㅋㅋㅋㅋ귀여워요
ruri.food | 2025-07-21 | 부리또 진짜 너뮤큰뎈ㅋㅋㅋ왕마싯겟다
rovolamlne | 2025-07-21 | 우왕 속재료 엄청 푸짐하다 맛있겠다
mukorang | 2025-07-22 | 오옹❤️
min7eu__ | 2025-07-22 | 하이라이터 정보 궁금해용 넘 빛나용 ,, 😍
berup_x | 2025-07-21 | ❤️
2ys_29 | 2025-07-21 | 헐 안에 고기 🤍
elyorrafikov02023 | 2025-07-25 | 아주 맛있어 보인다❤️🔥
wngml2659 | 2025-07-28 | 어디에용?!?
_axmedovas_08_ | 2025-07-30 | 😍
arom_bake | 2025-07-21 | 아니 여기 진짜 마싯어요 😭♥️ 양도 진짜 많구 맛도있구 부리또 최애
hai23.kokuro | 2025-07-21 | ❤️
gekikara_men | 2025-07-21 | 🥰
sxyllna | 2025-07-26 | 와역시츄베릅님ㅜㅜ 진짜 부리또 넘무잘드셔요👍🏻👍🏻
unjun._.10 | 2025-07-21 | 누나 예뻐요
hongji_yam | 2025-07-21 | 아니 언니 얼굴만한디..?ㅋㅋㅋㅋㅋㅋㅋㅋ😮 그래도 다 먹은 언니 짱••😮
review_minday | 2025-07-21 | 와...크기 장난 아니네요 !!
dmc_bearstaco | 2025-07-22 | 세상에나
lee.seol11 | 2025-07-21 | 어디서 사신거지...?
bori_xxn | 2025-07-21 | 이건 2끼닼
leeoh_review_ | 2025-07-21 | 담엔 치킨으로 먹어죠!
bearstaco_official | 2025-07-22 | 맛나게 드셔주셔서 감사합니다🐻🐻
soldoutpeaches | 2025-07-25 | 예뿌다
ddo__yam | 2025-07-21 | ㅋㅋㅋㅋㅋㅋ오ㅓ 왤케 커요😂😂😂
e2____we | 2025-07-22 | @neenue.e
beluvsick178 | 2025-07-21 | 귀요미😂
jx_dl2 | 2025-07-27 | im so hungry
iam.elnickey | 2025-07-21 | Enak banget Chu 😋❤️ E
gagayun129 | 2025-07-22 | 진짱크다😲😲
jeongjaegwang9 | 2025-07-22 | ❤️❤️❤️❤️❤️❤️❤️❤️❤️❤️❤️❤️❤️
bonge_o0o_food | 2025-07-22 | 얼굴이 작은고아니야아?!? ❤️❤️
yartyu2345 | 2025-07-22 | very very cute.
chanlame | 2025-07-22 | Yessssss 🔥🔥👏👏👏
scar.lty | 2025-07-24 | Ela comendo quase o dedo tbm
pokecro22 | 2025-07-24 | Not a single time did you swallow. Do you just bite and spit it out?
fftb_dpg | 2025-07-25 | 왕부리또메뉴명은뭐에요?
jussbeingmeh | 2025-07-25 | 😧
2vilo.000 | 2025-07-30 | شكلها يضحك وهي تاكل"
2025-07-21,6240,빠작파쟉 ㅁㅊ 두바이초코 뺑스위스💚 구매처 : 테니 @tennecafe 수정됨 · 1주,"#두바이초콜렛, #뺑스위스, #두바이초코, #테니, #먹방asmr, #mukbang, #mukbangasmr, #asmreating, #간식추천, #mukbangers, #디저트맛집, #야식추천, #mukbangkorea, #디저트먹방, #dessert, #asmreatingsounds","nguyen_________1999 | 2025-07-18 | 🥰
gagayun129 | 2025-07-18 | 꺄약😍😍😍
gge.juck | 2025-07-18 | 저 어제 이거 먹넜는뎈ㅋㅋㅋ
berup_x | 2025-07-18 | ❤️
muuk.dda | 2025-07-19 | 저도 순삭 쌉 갸눙할거같오요
bonge_o0o_food | 2025-07-19 | 너무너무너무너무너무너무어ㅜ머누머누머누머눠무어무너ㅜ머움 맛잇겟다....
themukeou | 2025-07-19 | 와 레전드다!!!
bori_kie | 2025-07-18 | 이거 저 장바구니에 담아놨던거!
mukbangg2025 | 2025-07-18 | 개맛있겠어요ㅠㅠ🤤
rovolamlne | 2025-07-18 | 우왕 두바이초코 요런색은 첨 봐요🫢
ggam_food | 2025-07-19 | 소리부터 예술🔥
gekikara_men | 2025-07-18 | 🥰
ccccchaen_ | 2025-07-18 | 어디서 구매할수 있을까요?
tyrannosaurus12345 | 2025-07-18 | 언니살앙해요
mai__1990__ | 2025-07-19 | 어디서구매할수있나요??
sh.cookkook | 2025-07-18 | 소리 진짜 미뗬댜ㅠ
hongji_yam | 2025-07-18 | 이거 진짜 쫀맛이지….. 식감 도라버려
nicolae.tesla | 2025-07-30 | 🤤🤤🤤🤤👍👍👍👍
apex497.00 | 2025-07-19 | 어디서 구메하나요?
kimchunshik117 | 2025-07-18 | 머리카락 인줄
1inami1ion | 2025-07-19 | 존나비싸긴하네"
2025-07-16,1.6만,요청 많던 두찜 로제찜닭 먹어보았다🧡 2주,"#두찜, #로제찜닭, #먹방asmr, #mukbang, #mukbangasmr, #asmreating, #mukbangers, #야식추천, #mukbangkorea, #asmreatingsounds, #배달음식, #찜닭, #치즈볼","nguyen_________1999 | 2025-07-16 | 😍
h_mochi_bungeo | 2025-07-16 | 로제찜닭도 맛있는데ㅠㅠ로제닭발 비싸지만 맛있어요😂😂
yartyu2345 | 2025-07-17 | 美味しそうですね
ddub_e2 | 2025-07-18 | 여전히 잘먹고있는 베릅짱😮
berup_x | 2025-07-16 | ❤
ruri.food | 2025-07-16 | 나느 불닭로제맛도 마싯드라
ㅇ양파도 잘목네 울온니❤️❤️
riiiizzang | 2025-07-19 | 최애 로제찜닭 ㅜㅜ ❤️
yunju_n623 | 2025-07-16 | 오… ㄱ꿀맛이겠다
rovolamlne | 2025-07-17 | 와 당면 꾸덕함 진짜..👍🩷
lse_t.diary | 2025-07-16 | 오늘도 츄베릅한 메뉴를 가져오신 츄베릅님👍👍 두찜 먹어보고 싶은데 언젠가는 먹어보겠죠?!!
smily.sena00225 | 2025-07-17 | 👏🏻
hongji_yam | 2025-07-16 | 꾸덕찹찹 식감이 느껴져,,❤️
gge.juck | 2025-07-16 | 와 나 아직도 이거 못먹어봤느넫 ㅜㅜ
wisfer___ | 2025-07-17 | 땀나는거 왤케 귀엽;;
hai23.kokuro | 2025-07-16 | ❤️🔥👏🙌🙏🏻🙏🏻
mukjung_ | 2025-07-16 | 울지마언니..
jing34kim1 | 2025-07-29 | 사랑아찜닭해요❤️
adryanna_ssantos | 2025-07-17 | ❤️❤️😍
jussbeingmeh | 2025-07-25 | 😧
luna_y_eun | 2025-07-18 | @__js__hhh 이거 진자 먹어보고싶다
gekikara_men | 2025-07-17 | 😋
mat_puri | 2025-07-17 | 꾸덕스가 남다르네요...배고파라
n_nnnatcha | 2025-07-20 | @px_t4e
yeni_11_03 | 2025-07-17 | @97620_
yovziii | 2025-07-23 | @동규야
_kaniasxygz7_ | 2025-07-17 | Indo sendiri
yongyong0115 | 2025-07-16 | 고개 끄덕이는것 쫌 작작하고 마이크도 바꾸세요 제발 울려퍼져서 듣기가 그래요
jeongjaegwang9 | 2025-07-17 | ❤️❤️❤️❤️❤️❤️❤️❤️❤️❤️❤️❤️❤️❤️❤️❤️
jeongjaegwang9 | 2025-07-17 | ❤️❤️❤️❤️❤️❤️❤️❤️❤️❤️❤️❤️❤️❤️❤️❤️❤️❤️"
2025-07-14,5243,야쿠르트맛 연세우유 생크림빵 신상 ? 야쿠르트와 콜라보 한 연세우유생크림빵!🫶🏻 기본 연세우유생크림빵&야쿠르트 조합이랑 비교해보니.. 더운 여름에 완전 어울리는 맛!❤️‍🔥 ✨댓글이벤트✨(~7/20) 1) 생크림빵 + 야쿠르트 조합이 어떤 맛일지 예상하며 댓글로 적는다. 2) 추첨을 통해 경품을 받는다. 경품 : 야쿠르트 멸균팩 24개입 (5명) 2주,"#광고, #얼리어먹터, #연세유업, #연생빵, #CU신상, #야쿠르트맛생크림빵, #야쿠르트, #빵맛집, #먹방asmr, #mukbang, #mukbangasmr, #간식추천, #asmreating, #mukbangers, #신상리뷰, #mukbangkorea, #야식추천, #디저트맛집","berup_x | 2025-07-14 | ❤️
p0o0wer_sugar_girl | 2025-07-15 | 부드러우면서 상콤 달달한 맛~? 이번 신상 완전 취저에요🩷💕💞💓
liesel3024 | 2025-07-15 | 크림빵도 좋아하고 요구르트도 좋아하지만 같이 먹어볼 생각은 못했는데 맛없없 조합이겠어요~ 상큼,새콤달콤 기대돼요!!!!!
iamsohee__ | 2025-07-15 | 궁금해여 상큼할꺼같아여🙌🙌❤️
bori_kie | 2025-07-14 | 와 요구르트 얼린거 제 동생이 되게 좋아하거든요 연세신상은 꼭 사먹는데 동생 사줘야겠어요!! 인위적인지 않은 새콤함이 딱 좋고 역시 얼먹 레전드 소리😍
fix.xme | 2025-07-15 | 얼마나 맛있을지 상상도 안되는 맛..❤️ 얼먹 너어어어어무 궁금해요!!! 평소 요구르트도 얼먹해먹는 저에게 완전 딱👍🏻✨💭💞🫢
summit_023 | 2025-07-16 | 상큼 달달할거 같아요
ddd_.114 | 2025-07-15 | 헐 대박 완전 새콤달콤할 것 같아요!! 꼭꼭 먹어봐야겠오요 ❤️🔥
hugs_0808 | 2025-07-16 | 우유와 카스테라가 꿀조합이잖아요 ㅎㅎ 그만큼 생크림빵이랑 요구르트도 너무 잘 어울리는 꿀조합일듯 ㅠㅠ 달달 새콤 댑악 🧡❕
review_minday | 2025-07-16 | 와..빵은 바삭 크림은 듬뿍...역시 연세우유 빵이네요 👏
ov0_b | 2025-07-15 | 연세우유시리즈 좋아하는데 신메뉴 야구르트라니 넘 기대돼요😍 야구르트 특유의 새콤함과 달달함이 빵과 잘 어울릴것같아여🙌🙌❤️
ieuglkop | 2025-07-16 | 달달새콤의 조화가 잘 어울려서 맛있을 것 같아요
marcella_yeajin | 2025-07-15 | 새로운빵 요규루트맛 넘궁금해요😮😮뭔가 상콤할거같아여❤️❤️
chumukuuuuu | 2025-07-16 | 연세빵 시리즈 말해뭐해 항상 새로워서 행복해요♡ 이번 연세빵은 여름이랑 잘 어울리게 상큼하고 요구르트맛 그자체일거같아요!!
naen1117 | 2025-07-16 | 상큼달달 최고 조합😍 @hagyeong3419
_love._1y | 2025-07-17 | 요구르트맛 빵에 요구르트 조합이라니 생각만 해도 너무 상큼달달할 거 같아요!!!! 진짜 에프굽해서 파삭한 빵에 상큼 요구르트… 먹고 싶어요 진짜!!!!!
isahysi | 2025-07-17 | 새꼼달콤 크림빵 ?!🧡💛 궁금해요 🤤
leeplay_28 | 2025-07-20 | 연세우유 크림빵도 좋아하고 멸균우유도 좋아하고 야쿠르트도 좋아하는데 야쿠르트 맛 연세빵과 멸균 야쿠르트의 조합 ..? 이건 진짜 나를 위한 조합이지 😍 사실 크림빵이라 물릴 수도 있는데 야쿠르트의 상콤함까지 추가되면 솔직히 1개로는 부족하지 .. 요즘 같은 날씨에 상콤달달 야쿠르트맛 연세우유빵 냉동실에 얼려놨다가 에프굽해서 야쿠르트랑 같이 먹으면 그게 바로 천국이잖아 ..🤍 당장 예약구매 하러 갑니다 🏃🏻‍♀️🏃🏻‍♀️
block0542 | 2025-07-15 | 빵이 정말 맛있겠고 빵 드시는 모습이 좀 예쁘시네요❤️‍🔥
daldal.2s2 | 2025-07-18 | 이건 첫 번째 레슨 크림빵 맛있는건 나만 알기💛🥧
이제 두 번째 레슨 크야조합 나만 맛보기💚🧃
riiiizzang | 2025-07-15 | 연세우유 생크림빵이야 워낙 유명해서 자주 먹는 간식인데, 여기에 야쿠르트를 조합한다고요…?! 이건 진짜 상상만 해도 너무 맛있을 것 같아요😳💭
부드럽고 달달한 생크림에 야쿠르트의 새콤달콤한 맛.....✨
묵직한 크림이 야쿠르트 덕분에 더 산뜻하게 느껴지고, 느끼함 없이 마지막 한입까지 기분 좋게 먹을 수 있을 것 같아요💛
디저트 좋아하는 사람이라면 절대 그냥 지나칠 수 없는 조합… 벌써 입안 가득 상상 중입니당❤️🤤
sck_oo_oo | 2025-07-15 | 새로운 빵 시리즈 이번에 정말 궁금하네요 먹어보고싶어요🍚 빵 드시는 모습이 정말 예쁘시네요❤️‍🔥
bbaaa_nnggg | 2025-07-17 | 야쿠르트 생크림빵이라뇨ㅠㅠ❤️❤️
보기만 해도 침이 나와옇ㅎㅎㅎ 상큼달달 진짜 먹어보고싶어요!!!!
어렸을때 부모님몰래 야쿠리트 냉동고에 넣어서 얼린다음 가위로 밑부분 잘라서 작은 스푼으로 퍼먹었던 기억이 있는데 왠지 그 맛이랑 비슷할거같아요..🥹😍
이것두 냉동했다가 에프돌리면 슬러시 느낌으로 더위 쓱 날리구 상쿰당달!!!
sa._nga9650 | 2025-07-19 | 맛없을수고 없을꺼같은ㄷ 진심 맛있을득 🙌❤️
t__miin | 2025-07-15 | 생크림에 요구르트 말해모해.. 맛없없 조합이쥬!!!♥️♥️
1o_e1 | 2025-07-16 | @yoou.__.ni 상콤한 찐 야큐르트맛!!!
im0vieu | 2025-07-16 | 이거보고 연세 초코 우유 얼리고 에프에 구워서 먹었는데 바삭하고 안은 초코크림으로 가득차서 존맛이었어요..야구르트 빵도 영상처럼 냉동해서 에프에 구워서 먹을려구요! 야쿠르트랑 같이 먹으면 새콤하니 어울리고 야쿠르트를 2배로 먹게되는거니까 야쿠르트를 좋아하는 저에게는 최고의 당충전 시간이 될가같아여😂
mat.caffee | 2025-07-16 | 상큼 달달 🐷🐷
mh.__hh | 2025-07-15 | 전 매우 완전 대박 좋아하지만 생크림빵이 느끼해서 잘 못먹는 사람들도 있을텐데 요구르트랑 같이 먹으면 요구르트의 새콤달콤한 맛이 더해져서 느끼하지 않게 새콤하고 시원한 여름 맛으로 먹기 너무 좋을거 같아요 !!! 💛
그리고 어렸을때 학교 다녀오면 제가 흰우유를 별로 좋아하지 않아서 엄마가 빵이랑 요구르트를 간식으로 자주 주셨는데 옛날 추억도 같이 느껴질거 같은 맛 ㅠㅠ🥰 벌써 너무 기대가 돼요 !! 💛🥯
kikiokikii | 2025-07-15 | 요구르트 얼린맛??
ty56ru47 | 2025-07-18 | 정말 안 먹어본 연세빵이 없을 정도로 연세빵 처돌이인데 이렇게 설렜던 건 쿠앤크 다음으로 처음이에요.. 상큼한 연세빵이 그릭요거트 다음으로 처음이지 않을까 싶어서 더 기대됩니다 ㅠㅠ!! 새로운 조합을 더 새로운 조합으로 먹고 싶어서 한 번 열심히 연구해볼게요.. 💚
qlrpdlqs1ek | 2025-07-16 | 요구르트 맛 😺
h_hrim531 | 2025-07-15 | 뭔가 크림이랑 섞여서 요구르트맛 신맛은 좀 적어질 것 같고 얼먹하면 살짝 빵에 요아정 싸먹는 맛같을 것 같아용
maishhciiw | 2025-07-16 | 와 이건 그냥 크림빵이 아니라 제 유년 시절과 장 건강이 손잡고 오는 맛일 거 같아요 한입 베어물면 안에서 상큼한 야구르트 크림이 엄청난 존재감을 뽐내며 입안으로 들어오고 그 순간 작디작은 야구르트 하나씩밖에 못먹던 어릴 때가 떠오를 거 같아요 이제는 다섯개를 한번에 먹을 수 있는 어른이 되었네요..빵은 또 얼마나 보들보들할까..베어무는 순간 입안에서 붕 떠오르면서 스르르 녹는데 그때 크림이 따라 튀어나오면서 야구르트 특유의 상큼함으로 침샘 어택.
그리고 끝 맛이 깔끔할 거 같아요 마치 이건 유산균이 혀 위에서 깨방정 떨고 가는 느낌?
솔직히 이 조합 누가 상상했는지 모르겠는데 크림빵이랑 야쿠르트가 손잡은 거 보니까 이제 세상에 무서울 건 없어요.
teb._01 | 2025-07-29 | 이거별로던데
iam.elnickey | 2025-07-19 | Aku tau kue ini dari peserta university war😋❤️ E
uiu7s | 2025-07-16 | ماهاذا?
h_j____cross | 2025-07-17 | 고등학생 때부터 맨날 책상위에 대용량 요구르트 올라가 있던 사람 나야나..
생크림의 느끼함까지 요구르트의 새콤달콤함이 싹 잡아줄거 같아용🤤🤤🤤
grandy_lie | 2025-07-15 | Is that the ice cream in the bread?
chu.berup_jmt | 2025-07-23 | 이벤트 당첨 축하드립니다🎉

@jxnyi7saranghae
@isahysi
@lovem_easiam
@iiia.io
@bori_kie
fujudubu | 2025-07-15 | 미친 야구르트 크림빵?! 안 느끼하고 여름맛일거같아요❤️❤️
lifoflol | 2025-07-15 | 생크림빵이랑 야구르트 조합 넘 신박한데요 상큼하고 톡톡 터질 것 같은 느낌쓰🧁💕
kkihan_kki | 2025-07-15 | 와,,, 연세우유에서 새로 나온 요구르트 생크림빵… 이름부터 벌써 맛있잖아요🥹💗
연세우유는 진짜 예상도 못하는 맛들을 기가막히게 만드네용🙌❤️ 겉은 폭신하고 부드러운 빵인데, 안에 요구르트맛 크림까지…에프굽하면 더 파사삭 하는 맛이겠죠?!!!
상상만 해도 상큼하고 촉촉한 크림이 입안에서 사르르 녹을 거같아요🤤같이 나온 제로슈거 요구르트랑 한입씩 번갈아 먹으면,부담 없이 깔끔하게! 딱 조화로운 단맛+상큼함+산뜻함..ㅠㅠㅠ 🍶💭
묵직한 기본 생크림, 초코 크림 등등 많지만 이번껀 달콤하지만 무겁지 않고, 상큼한데 또 부드러운 한여름 디저트로 완전 찰떡일 듯요!
벌써 입안에 침 고여요🫠 꼭 먹어보고싶네용❤️❤️😍
sovcwnz | 2025-07-15 | 와아ㅏㅇ 요구르트 빵이라니ㅠㅠ 얼려서 먹으면 진짜 맛잇을거같아요 그 특유의 새콤달콤 달달한 그런 맛…. 크림이라 부드러운….. 궁금해요…너무 궁금해요!!!!❤️❤️
heosuu.u1 | 2025-07-15 | 헐 연세우유빵에 요구르트라니요?! 보통 맛있는맛이 아닐듯ㅠㅠㅠ 부드럽고 촉촉한데 새콤달콤할것같아용
toji.tooj03 | 2025-07-15 | 이거 진짜 배고프게 만들었어요😋
chocolate110_011 | 2025-07-15 | 고소달달한 연세우유생크림빵에 새콤한 야쿠르트! 같이 먹으면 정말 안물리게 순삭할것같아요ㅎㅎ
lovem_easiam | 2025-07-15 | 달콤한 생크림빵에 상콤한 야쿠르트면
느끼할 틈 없이 왕창 먹을 수 있겤ㅅ다 🤤
82309i | 2025-07-15 | 새콤달콤하구 부드럽구 달달구리할 것 같어요 😍
beluvsick178 | 2025-07-15 | 빵이 얼굴보다 크네요ㅋㅋㅋ
beluvsick178 | 2025-07-15 | 빵과 요구르트라 둘다얼려먹고싶네요 ㅎ
ruri.food | 2025-07-15 | 얼먹 머싯겟다 궁그매... 요구르트 마시는 소리 조앜ㅋㅋ❤️
gagayun129 | 2025-07-15 | 역시소리가좋아용😍😍😍
ongongss_ | 2025-07-15 | 생크림에 새콤달콤 야구루트 넘무 맛있겠다ㅇㅇㅇㅇㅇㅇ🔥🔥😍😢
ej3684 | 2025-07-15 | 시큼달달하니 너무 맛있겠는데욥😍 아그작 소리 끝내줘요
ddo__yam | 2025-07-15 | 완전단야쿠르트아줌마요구르트주세요요구르트없으면요플레를주세요맛..?😮 죄송합니다 더위야 물러가랏맛
jeongjaegwang9 | 2025-07-14 | ❤️🙌🙌🔥👏😍😍😍😍😍😍😍😍😍😍😍😍😍😍😍😍
jeongjaegwang9 | 2025-07-14 | ❤️❤️❤️❤️❤️❤️❤️❤️❤️❤️❤️❤️❤️❤️❤️❤️❤️❤️❤️❤️❤️❤️
hongji_yam | 2025-07-14 | 요규르투맛 너무 신박해 안 먹어볼 수가 엄슴•••❤️
iiia.io | 2025-07-14 | 부드러운 크림빵 먹다가 좀 물릴때 쯤 요구르트 마셔주면 완전 리프레쉬 될거같아요!!🤤🤤
그리고 빵먹는 동시에 마시면 입안에서 크림과 요구르트가 섞여서 신맛은 좀 중화되면서🙌 완전 꿀떡꿀떡 맛있게 넘어가겠어요!!👏👏
기존에 나왔던 그릭요거트 빵이랑은 또 다른 매력으로 상큼하고 너무 맛있을거같아요😍😍 제 최애 음료가 야구르트인데 너무너무 기대되네요🫶❤️
신상 요구르트빵이랑 요구르트를 같이 먹으면 상큼함이 2배가 되서 더 맛있을거같기도😮😮 진짜 꼭꼭 먹어보고싶네요🤗🤗🤗🤗 저 먹어볼래요🙌
yu_m_._ | 2025-07-14 | 여름에 딱 어울리는@상큼한 맛🔥❤️😍
misun100474 | 2025-07-14 | 꿀조합 이네요 생크림 느끼함이 야구르트 달달 함이 잘 잡아줄듯요
mukjung_ | 2025-07-14 | 귀여웡 >_< 얼먹강추
wnsioo | 2025-07-14 | 야쿠르트맛 생크림이라니 .. 상상이 가면서도 군침이 돌아요 !! 살짝 상콤? 해서 전혀 느끼하지도 않고 더 맛있을거 같아요 ㅜㅜ 빵 왕창먹고 살짝 목 막힐때 야쿠르트까지 먹어주면 바로 하룰라라 가는거져 ~ 하 이벤트 당첨 안되어도 내돈내산으로 꼭 먹어볼겁니다 이건 못 참지예 ;;
gge.juck | 2025-07-14 | 와 야쿠르트맛은 진짜 혁명이닼ㅋㅋㅋㅋ😮
_parksunho | 2025-07-14 | 연세우유생크림빵은 실패할 수 없는 맛!!
근본의 빵과 근본의 음료는 맛없없 조합
bronze_vex_master | 2025-07-14 | 저 진짜 연세빵 모든 시리즈 다 먹어봤을 정도로 사랑해요 저 어제도 황치즈 맘모스 먹었어요 진짜 연세빵 문짝 하나는 했을 정도로 많이 사먹었어요 근데 제가 진짜 유제품을 사룽하는데 요구르트 맛이라니…. (사실 이미 요구르트 맛 나오는 거 알고있었음) 저 쥔짜 기대해도 되나요 제발요 제가 아니면 안돼요 저여야만 해요 제발요
mukorang | 2025-07-14 | 오 조운데영
yam_yam_ping | 2025-07-14 | 식감 미쳣당 ㅜㅜㅜ
bbok_yee_07 | 2025-07-14 | 요구르트 좋아하는데 이거 꼭 먹어봐야겠다 댑악!!💜
hai23.kokuro | 2025-07-14 | ❤️
180__32 | 2025-07-14 | 요구르트맛 빵은 신박하네영😃😃😃😃😃
kimchunshik117 | 2025-07-14 | 아니 ㅁㅊ
fyxtriiiiii | 2025-07-14 | 별의별걸 다 내네진짜**..
sungyoon200501 | 2025-07-15 | 저거 왜바삭한가요? 짝퉁인가요?
beluvsick178 | 2025-07-15 | 개구리고기 드셨나욬ㅋㅋ 맛어때요?
bellian_diaryy | 2025-07-23 | 와~ 달콤한 생크림에 상큼한 야쿠르트가 더해지면 맛이 상상만 해도 너무 기대돼요! 꼭 먹어보고 싶어요!
suyan377 | 2025-07-29 | 我翻墙看美女姐姐吃播来了，哈哈😂"
2025-07-11,4146,차갑게 먹는 떡볶이 맛있을까? 스텔라 떡볶이 신상 냉떡볶이!🫶🏻 살얼음소스에 비벼 시원하게 먹는거라던데… 2주,"#광고, #떡볶이, #스텔라떡볶이, #스텔라, #떡볶이맛집, #떡볶이먹방, #냉떡볶이, #먹방asmr, #mukbang, #mukbangasmr, #asmreating, #mukbangers, #야식추천, #mukbangkorea, #asmreatingsounds, #배달음식, #떡볶이추천","berup_x | 2025-07-11 | ❤️
rovolamlne | 2025-07-11 | 와 냉떡볶이라니…. 납작만두 조합 도전해보고 싶네용😛💕
ruri.food | 2025-07-11 | 시원한거 넘 신기하당ㅋㅋㅋㅋ납작만듀 필슈
jinju_panda | 2025-07-13 | 식은 떡볶이가 맛있는데❤️
bori_kie | 2025-07-11 | 뭔가 쫄면떡볶이 느낌?!!
gagayun129 | 2025-07-11 | 차갑게먹는떡볶이 뭔가 쫄면같당😋🤔
mukjung_ | 2025-07-12 | 더어려진느낌인뚜ㅐ 별⭐️
mukorang | 2025-07-12 | 궁금하가앙ㅇ
joselusi759 | 2025-07-14 | 看起來很好吃！希望有機會去吃，呵呵。🔥
hai23.kokuro | 2025-07-11 | 🔥❤️🙏🏻🙏🏻🙏🏻
ggam_food | 2025-07-11 | 여름용떡볶이❤️
gekikara_men | 2025-07-11 | 🥰
yunju_n623 | 2025-07-11 | 저거 떡보다 면이 많았으면 비빔냉면이당 ㅋㅋㅋㅋㅋㅋ
hongji_yam | 2025-07-11 | 헐 지짜 신기해 떡볶이도 차갑게 묵는 시대,,🔥
180__32 | 2025-07-12 | 앗!!이거 티비에광고많이나오던데😲😲😲😲😲
isabelemartinsporciuncula | 2025-07-13 | 2주답글 달기
miiiihwa_s2 | 2025-07-13 | @_dororong 뭐지 이거 먹어보고싶다
minji140902 | 2025-07-11 | 우왕 맛있겠어요..💗💗 많이 드시는데 왜 살이 안 찌시죠 ㅜㅜ
leeoh_review_ | 2025-07-11 | 쫄면 먹는 느낌인가..?!
grandy_lie | 2025-07-12 | Your foods are very deliciousies....
yong43400 | 2025-07-12 | 👍 👍 👍 🔥
joon.2da | 2025-07-12 | 베릅양🔥🔥최고!!👏👏오늘도 좋은 영상 굿🔥🔥❤️❤️❤️❤️❤️😮😮😮😮
jeongjaegwang9 | 2025-07-11 | ❤️❤️❤️❤️❤️❤️❤️❤️❤️❤️❤️
ddo__yam | 2025-07-12 | 아 침 꼴깍하게되..냉떡볶이라 상상이 안가여 미쳐따 스텔라
namjoon_broke_my_glasses | 2025-07-15 | Whats wrong with your chopsticks 😂
xxy_pigband | 2025-07-11 | 관상이 토끼라서 당근주고 싶다🔥"
2025-07-10,6447,유행하는 벽돌케이크 드디어 먹어봤는데!! 2주,"#시호쿠키, #벽돌케이크, #먹방asmr, #mukbang, #mukbangasmr, #디저트먹방, #asmreating, #간식추천, #mukbangers, #디저트맛집, #mukbangkorea, #야식추천, #케이크, #케이크먹방, #dessert, #cake","berup_x | 2025-07-10 | ❤️
siso_father | 2025-07-10 | 너무 맛있겠어요😍
gge.juck | 2025-07-10 | 시호꺼가 진짜 찐이자나요 ㅜㅜㅜㅜ😮
hai23.kokuro | 2025-07-10 | ❤️🍰
180__32 | 2025-07-10 | 저번벽돌이랑 다른모양!!!🤩🤩🤩🤩🤩
cha3wxn_ | 2025-07-10 | 헐 소리 미쳤다
fernan_92a | 2025-07-11 | 🙌🙌😍😍👏👏
gagayun129 | 2025-07-11 | 진짜벽돌케이크네😍😋😋
bori_kie | 2025-07-10 | 나도 살래!!!!!!
gekikara_men | 2025-07-10 | 🥰
mukjung_ | 2025-07-10 | 아그작소리바ㅠㄱㅇㅇ
kimchunshik117 | 2025-07-10 | 와!!!!!! 케익 먹달라 했는데 👏👏👏👏
hongji_yam | 2025-07-10 | 비싼만큼 크고 묵직해서 또 먹다보면 제법 합리적인 것 같음(?) 맛있어서 참을 수가 없자나~~❤️
yong43400 | 2025-07-11 | 와우소리대박입니다 👍 👍 👍 👍 😍👏
vettxulo | 2025-07-11 | @relaxpark_03
htxj.4yd3n | 2025-07-10 | Am I the only who speaks English 😂
_nanyoung_y | 2025-07-13 | @harimmy_
biricik_kk09 | 2025-07-14 | Turkish dessert 🇹🇷🇹🇷🇹🇷
wish_9911 | 2025-07-25 | 벽돌케이크 구매처 아시는 분 ㅠㅠ
muuk.dda | 2025-07-11 | 아 안에 크림 궁금 ㅠㅠㅠㅠ
hh.__.jin | 2025-07-11 | 얼굴 안그래도 작은디 더 작아보이네
elaine29_cordeiro | 2025-07-11 | Parece uma delícia esse bolo 😍
totopanda11 | 2025-07-13 | 으으 진짜 더럽게 달겠다
roro05.20 | 2025-07-13 | 손을 왜이렇게 덜덜ㅋ
le.jwxdns | 2025-07-14 | ❤️
lightaparliament | 2025-07-26 | 🇹🇷🇹🇷🇹🇷"
2025-07-09,3.1만,후참잘 킹트리플양념치킨 ㅁㅊㄷ;; 3주,"#후참잘, #후라이드참잘하는집, #킹트리플양념치킨, #치킨, #치킨먹방, #치킨추천, #먹방asmr, #mukbangasmr, #mukbang, #asmreating, #mukbangers, #야식추천, #mukbangkorea, #chicken, #양념치킨, #배달음식, #asmreatingsounds","berup_x | 2025-07-09 | ❤️
630.hks | 2025-07-12 | 🔥🔥🔥
gagayun129 | 2025-07-09 | 먹구싶당😋😋
nguyen_________1999 | 2025-07-09 | 😍😍
bonny_vely_ | 2025-07-10 | 츄베릅ㅁ❤️믿먹
jinju_panda | 2025-07-13 | 세상에❤️❤️❤️
jennyguri_tour | 2025-07-09 | 앗 이 시간에 이 영상을 보다니~~~!! 배민앱으로 손가락이 기어가자나여😂 다이어트는 언제하징😆
180__32 | 2025-07-09 | 슈프림골드 느낌나서 합격🤩🤩🤩🤩🤩
foo__zim | 2025-07-09 | 소스 뿌려서 먹는 그맛😍
ccccchaen_ | 2025-07-10 | 소스 뭐 시키신거에요?!
hongji_yam | 2025-07-09 | 이거 진짜 개마싯슴 근데 후참잘 소떡 막집이야..❤️
yunju_n623 | 2025-07-09 | 비주얼이 살짝 소스적은 슈프림 같네요 ㅎ
smily.sena00225 | 2025-07-09 | イヤン裕人さんにしい😍
jack93kim | 2025-07-09 | ㅋㅋㅋ...하 밤에 힘든데요
gekikara_men | 2025-07-09 | 🥰
mukjung_ | 2025-07-10 | 오늘 시켜야겠네..
jazzy_mochi | 2025-07-13 | That looks so good my mouth is watering 😭
ak4.7._.qpw | 2025-07-09 | 혹시 얼마에욥????
ruri.food | 2025-07-09 | 치즈볼 양념 찍먹 도랏다....배고파
kimchunshik117 | 2025-07-09 | 저희가 몰 잘못했길레
yong43400 | 2025-07-10 | 우와소리미쳤다👏👏👏
xxy_pigband | 2025-07-09 | 요물딱하게 먹는 저 입술 탐나네🔥🔥
jeongjaegwang9 | 2025-07-09 | ❤️❤️❤️❤️❤️❤️❤️❤️❤️❤️❤️❤️❤️❤️❤️❤️❤️❤️
ll.urs_khusi.ll | 2025-07-16 | ❤️😍
yeyennn_30 | 2025-07-16 | Kalo santai begini makannya kan seru nontonnya😍
chanlame | 2025-07-16 | Yes please 🔥🔥👏👏👏
star.ahna | 2025-07-16 | 드라마 '너에게로 날아가면' 수재이 닮은 건 왜일까
anotherjsmine | 2025-07-18 | minta
mukbangluarnegeri | 2025-07-18 | 😍😍
oue.nx | 2025-07-19 | 많이 맵나요?!
jaaybrown03x | 2025-07-20 | 🤤🤤🤤🤤🤤
kelly_viola | 2025-07-29 | What is the white sauce called? Is it ranch?
dearapila | 2025-07-30 | ihhh enak bgt mauu"
2025-07-07,2300,벽돌케이크 쿠키라니 뭐야? 3주,"#벽돌케이크, #쿠키먹방, #디저트추천, #디저트맛집, #쫀득쿠키, #간식추천, #먹방asmr, #mukbang, #mukbangasmr, #asmreating, #mukbangers, #디저트맛집, #mukbangkorea, #asmreatingsounds, #cookie","ruri.food | 2025-07-07 | 합성 대박ㅋㅋㅋㅋ꾸덕촉촉 색감도 대박,,,소리도,,❤️
2ys_29 | 2025-07-07 | 벽돌케이크 ㄷㄷ 맛있겟어오 🫰🏻
berup_x | 2025-07-07 | ❤️
matzip_note | 2025-07-08 | 오우 레드벨벳에 초코,, 사랑입니다❤️
myj3.138 | 2025-07-07 | 오ㅓㅓㅏ 배고푸다ㅏ
rovolamlne | 2025-07-07 | 헐 레드벨벳 진짜조아하는데..거기다 초코라니💕
bori_kie | 2025-07-07 | 나도 주문해버려?
myeong_jonmatt | 2025-07-07 | 너무 맛있게 잘드시자나
rafethan.clk | 2025-07-08 | 먹고 싶은 기분이에요 ㅋㅋ❤️
bonge_o0o_food | 2025-07-08 | 배경 ㅋㅋㅋㅋ귀엽닼ㅋㅋ
gekikara_men | 2025-07-08 | 🥰
pickmat_food | 2025-07-08 | 꾸더~억한 소리 대박이에요..
180__32 | 2025-07-07 | 베리쨈이 킥일거 같은 느낌🫢🫢🫢🫢🫢🫢
_kokorokara_ | 2025-07-09 | 하악... 영업 당하고 갑니다... (주문 하러 🤳🏻)
kimchunshik117 | 2025-07-07 | 아니니니니니니니니 너부 맜있겟
wxocxan1 | 2025-07-07 | 아 ㅠㅋ 자꾸 야식 먹으면 안돼는데 ㅋㅋ😂
myj3.138 | 2025-07-07 | 3주좋아요 2개답글 달기
번역 보기
mondcookie_official | 2025-07-07 | 넘 감동이예요오..🫶✨ 담에는 허전하지 않도록 왕창왕창 담아드려야겠어욥🧡
beluvsick178 | 2025-07-07 | 귀여워욬ㅋ
yoo._.je8 | 2025-07-07 | ㄷㄷ
ddo__yam | 2025-07-07 | 헐 합성 개졸귀 앞으로 이렇게 해줘용 츄베릅❤️
jeongjaegwang9 | 2025-07-07 | ❤️❤️❤️❤️❤️❤️❤️❤️❤️❤️❤️❤️❤️❤️❤️❤️❤️❤️"
2025-07-04,1.9만,7단계 말차초콜릿 츄베릅 먹어보쟈💚 3주,"#말차초콜릿, #말차, #matcha, #일본디저트, #나나야말차초콜릿, #먹방asmr, #mukbang, #mukbangasmr, #간식추천, #asmreating, #mukbangers, #디저트맛집, #야식추천, #mukbangkorea, #asmreatingsounds, #말차디저트, #말차덕후","cha3wxn_ | 2025-07-04 | 헐 저 말차 완전 좋아하는데
2ys_29 | 2025-07-04 | 헐 말차 🥺😋
ruri.food | 2025-07-04 | ㅋㅌㅌㅋ말차 이제 잘목네 다시!!ㅋㅋㅋ
berup_x | 2025-07-04 | ❤️
mukorang | 2025-07-04 | 먹구싶당
gaekolttak | 2025-07-09 | 말차 초콜릿 어디서 사요?
o.haru___ | 2025-07-04 | 7단계 맛 궁굼해용🙀
kimchunshik117 | 2025-07-04 | 기다리고 있었다
wxocxan1 | 2025-07-04 | 말차는 진리👍 츄베ㅔㅔ릅ㅂ❤️
wa_rd__na | 2025-07-06 | يمه كنت أحسبه ميك اب 🥲💔
hai23.kokuro | 2025-07-04 | 🤍🤍🤍
istolejungkookssoju | 2025-07-04 | Ur so cute
yxxn._h13 | 2025-07-18 | 7단계는 일부러 달달하게 만든 겁니당!!
bbok_yee_07 | 2025-07-04 | 전 2단계에서 포기ㅠ
kaitokozono | 2025-07-04 | 👏👏👏
wa_rd__na | 2025-07-06 | I thought it was makeup🥲💔
alswjdl11 | 2025-07-09 | 혹시 팔찌 정보 알 수 있을까용?!!😮
gekikara_men | 2025-07-05 | 🥰
a3c4uu | 2025-07-04 | 오늘은 츄베릅.....불가능이에여,,🌿😖🌿
180__32 | 2025-07-04 | 말차는 연한게 입에 맞는....🥺🥺🥺🥺🥺
tobot_vodka | 2025-07-06 | 이름이 먼가여ㅡ?
hongji_yam | 2025-07-04 | 세상에 나는 시도조차 몬해.
thxxk_me | 2025-07-05 | 먹고싶은데 해외배송인데! 초콜릿 녹은 상태에서 혹시 왔나요~?!🔥
sing_note_s2 | 2025-07-05 | 요즘 말덕좌인데......
rhearich | 2025-07-07 | @slothersaurusrex you need this
_snxgdhx__ | 2025-07-11 | I thought it was colour 🫩
jeongjaegwang9 | 2025-07-04 | ❤️❤️❤️❤️❤️❤️❤️❤️❤️❤️❤️❤️❤️
ddo__yam | 2025-07-04 | 크엉 이걸 한꺼번에 ㄷㄷㄷㄷ 대박스
nguyen_________1999 | 2025-07-05 | ❤️❤️
minyoung9382 | 2025-07-07 | 7단계 말차 초콜릿 어떻거 몇단계 맛있어옹?
ivan_ollipop1128 | 2025-07-11 | Charli xcx brat chocolate 💚
its_ucil_ | 2025-07-13 | MACHA😍😍😍
zhanel.biss | 2025-07-14 | I hate matcha
kimjiyong1003 | 2025-07-14 | 말차 뭔맛이에요?
mnipalak | 2025-07-17 | I thought they were soft pastels😭😭😭😭😭
__bad___girl__090 | 2025-07-21 | #priti
_alli.rrl | 2025-07-22 | 마차를 좋아하는 사람들에게 미안하지만, 나는 마차를 싫어해 😢😢
echa4you._ | 2025-07-23 | dekat mne ek benda ni ade jual😭
moreofusthree | 2025-07-26 | Where can we buy this???
ur_fav_anjali_088 | 2025-07-26 | 😮
artbycorii_008 | 2025-07-31 | Pensé que eran tizas 😿
sinjiyul87 | 2025-07-31 | 근데 말차가 무슨 맛임?"
2025-07-02,2.1만,연어에 육회 조합이란..❤️ 4주,"#연어, #연어먹방, #육회, #육회먹방, #먹방asmr, #mukbang, #mukbangasmr, #asmreating, #mukbangers, #야식추천, #mukbangkorea, #asmreatingsounds, #배달음식, #생연어, #asmreatingshow","berup_x | 2025-07-02 | ❤️
ooouooooi | 2025-07-02 | 맛있겠당ㅠㅜㅜㅠㅠ
gagayun129 | 2025-07-02 | 😍😍😍😋😋
lse_t.diary | 2025-07-02 | 육회 안먹어봤는데ㅎㅎ 맛있나요?? 일단 영상으로만 봤을때는 맛있을거 같아요!!👍👍
wangseungyun63 | 2025-07-02 | 난 육회
wangseungyun63 | 2025-07-02 | 누나는
2ys_29 | 2025-07-02 | 우와.. 재 최애음식 🫰🏻
rovolamlne | 2025-07-03 | 헐 연어에 크림소스,, 오랜만에 연어국수 땡긴닿🫠
180__32 | 2025-07-02 | 매운소스가 진짜 마싯어보이네..🥵🥵🥵🥵🥵
sinny_daaa | 2025-07-02 | 😍😍😍😍😍😍 쫄깃해 보인다
iyerim3840 | 2025-07-29 | 이걸 보고있는나의 모습--> 😋🤤
mu_ch1cken | 2025-07-02 | 하..
cloud_0737 | 2025-07-09 | 아ㅏ아아 먹고싶다
cha3wxn_ | 2025-07-02 | 육회 츄베릅
yunju_n623 | 2025-07-02 | 와씹 육회는 비빔밥으로 먹고싶고 연어는 초밥으로 먹고싶다 ㅠㅠ 왜 이 시간에 ㅠ
hongji_yam | 2025-07-02 | 쫀맛 조합 무조건 둘 다 머거야 해~~❤️
s.h.w._12 | 2025-07-09 | 진짜 내가 봤던거 중에 역대급
ruri.food | 2025-07-02 | 아 육화도 땡겨 미친
yoitburgur | 2025-07-02 | 어느가게껀가요??😛😛😛😛
dayli_beatriz._ | 2025-07-02 | 🥰🔥
wxocxan1 | 2025-07-02 | 이 조합 못참지~ 츄베릅🫠
lj._.ssek | 2025-07-02 | 여너!!!!
min_ho0809 | 2025-07-18 | 나는 연어를 먹는다는 [진실]에 도달할 수 없다
jeongjaegwang9 | 2025-07-02 | ❤️❤️❤️❤️❤️❤️❤️❤️❤️❤️❤️❤️❤️❤️❤️❤️❤️❤️❤️
dayli_beatriz._ | 2025-07-02 | Beautiful ❤️❤️👏
gekikara_men | 2025-07-03 | 🥰
hellenkarolline | 2025-07-04 | O que é isso vermelho?
hitotsuminadegiri | 2025-07-04 | Hot damn😍😍😍
hoofood00 | 2025-07-04 | 와… 비주얼 실화인가요? 보는 순간 입가에 미소가 절로 나네요✨ 구도며 색감이며 진짜 감각 미쳤어요💙 예술 한 컷입니다!
ddo__yam | 2025-07-04 | 육회 연어는 옳다 ㅜㅠ
jha_2011110 | 2025-07-04 | 여기 어디에요?
nerdbula | 2025-07-06 | Please put english sub
shindimaumi | 2025-07-09 | ngiler banget
z_0nhv | 2025-07-22 | 어디 육회연어인가요?😢"
2025-06-30,1만,비냉 VS 물냉? 살얼음 비빔냉면에 숯불고기랑 만두 뿌셨는데.. 4주,"#비빔냉면, #비냉, #냉면, #물냉면, #살얼음냉면, #숯불고기, #만두, #고기먹방, #냉면먹방, #먹방asmr, #mukbang, #mukbangasmr, #asmreating, #mukbangers, #야식추천, #mukbangkorea, #배달음식, #asmreatingshow","berup_x | 2025-06-30 | ❤️
uurreizzan | 2025-06-30 | 귀요워요
chan1201_ | 2025-07-11 | 😍😍😍
180__32 | 2025-06-30 | 물냉같은 비냉 최고...👍👍👍👍👍
cha3wxn_ | 2025-06-30 | 와 진짜 먹고싶다
tastebuds__official | 2025-06-30 | 만두까지😍😍 너무 맛나겠어여❤️
yunju_n623 | 2025-06-30 | 둘다 너무너무 좋아해서 선택장애가 더 심하게 일어난다는…😢
wxocxan1 | 2025-06-30 | 너무 맛잇게 드시네요 ㅋㅋ 츄베릅🙉
ruri.food | 2025-06-30 | 아 냉면 진짜 땡긴다
gagayun129 | 2025-06-30 | 저는비냉파😝😝
yxzxinn | 2025-07-01 | 삼키는 소리 너무 좋아서 유일하게 보는분 ㅠㅠㅠㅠㅠㅠ 앞으로도 삼키는 부분 편집 절대 앙대요 🔥🔥🔥🔥🔥🔥🔥
khn3557150 | 2025-07-03 | 진촤 맛있게 잘드시네요 침 질질👏👏
jin_sua0516 | 2025-07-01 | 진짜 맛나게 드셔요
seohyxon0206 | 2025-07-05 | 물냉 비냉 중간 사이? 딱 저분이 먹고있는??
lse_t.diary | 2025-06-30 | 크ㅡ 만두+슛불고기+냉면은 못참죠ㅠㅠ
sola99863 | 2025-07-26 | 🤤🤤🤤
hodu_sst | 2025-07-10 | @0asisooo @diary___hs_ 이걸보고 참을수가잇다고???
momo___gy | 2025-07-06 | 인생냉면….?
222__eepp | 2025-07-26 | 하루 한끼만 드시나요?
gekikara_men | 2025-07-01 | 🥰
hzxe_ll | 2025-06-30 | 나는 물냉파 !!
imsotiredall | 2025-07-19 | 여기 어디냉면이에요 근데?
hongji_yam | 2025-07-01 | 물비냉파🔥 요줌 너무너무 덥고 습해서 냉면 맨날 머거줘야 돼,,,,,
kaitokozono | 2025-06-30 | 물이 근본이제
muk._.chuuru | 2025-06-30 | 물비냉..
bonge_o0o_food | 2025-06-30 | 요즘 더워서 냉면 자꾸 먹고싶어ㅠㅠ
leeoh_review_ | 2025-06-30 | 내 최애가 냉면+튀김만두인데,, 겁나 배고파😂
jaws_eat | 2025-07-01 | 물냉 사랑합니다❤️❤️
jeongjaegwang9 | 2025-07-01 | ❤️❤️❤️❤️❤️❤️❤️❤️❤️❤️❤️❤️❤️❤️❤️❤️❤️❤️❤️❤️
themukeou | 2025-07-01 | 여름에 냉면 반칙이얏!
sse_luv | 2025-07-01 | 조합 최고에요👏
myj3.138 | 2025-07-01 | 아…식욕 폭발!!!!
neno_el_chileno | 2025-07-02 | Jajajaj la única vez que les veo los ojos abierto es cuando tragan
sakdi2829 | 2025-07-03 | ❤️
arai_12_02 | 2025-07-03 | ❤️
xxy_pigband | 2025-07-09 | 왜이리 잘 먹는겨~🔥🔥👏
17doctorwhoou | 2025-07-15 | 어디 냉면가게인가여?….
imsotiredall | 2025-07-19 | 맛잇겟다 최고조합
hi_eung_ | 2025-07-19 | 이 영상 눈에 띄자마자 냉면 먹고싶어졌ㄷ ㅏ
title_.n._ | 2025-07-24 | 물비냉에 병천순대나 고기순대도 존맛👍"
2025-06-27,1679,더미식 신상 오징어 시리즈 3종 다 털어봄. 🦑핑크빛 새콤상콤 오징어초빔면 🦑해물 국물파라면 무조건 맛있는 오징어라면 🦑쫄깃탱글 오징어+육즙 오징어육즙교자 뭐가 제일 맛있었냐면.. 🦑 진짜 오징어를 찾아라: 숨은 그림 찾기 이벤트 @themishik_official 1] 진행방식 - 더미식 홈페이지 접속 숨은 오징어 3마리 찾기 - [정답 제출하기] 클릭 - 경품 즉시 당첨여부 확인 가능 - ~7/31(목)까지 참여 가능 4주,"#광고, #오징어비빔면, #오징어라면, #오징어만두, #비빔면, #라면, #만두, #라면먹방, #이정재, #오징어게임, #오징어요리, #숨은그림찾기, #라면추천, #먹방asmr, #mukbang, #mukbangasmr, #asmreating, #mukbangers, #야식추천, #mukbangkorea, #asmreatingsounds","myj3.138 | 2025-06-27 | ❤️
ddonyam_ | 2025-06-27 | 면색깔 신기해욥~!~! 맛 궁금하당😮😮
berup_x | 2025-06-27 | ❤️
bbok_yee_07 | 2025-06-27 | 내 최애 핑크색💜
yunju_n623 | 2025-06-27 | 비빔면에 만두 진짜 맛있겠다 ㅠ
review_minday | 2025-06-28 | 면색깔 핑크색 !! 너무 신기하네용 💗
o.haru___ | 2025-06-27 | 이거 보니까 또 먹구싶어요🙀
mukorang | 2025-06-28 | 맛나게땅❤️
gagayun129 | 2025-06-30 | 면이분홍색인거 처음봐용🤔 신기하당
hongji_yam | 2025-06-27 | 이거 비빔면 진짜 만두랑 잘 어울림,,❤️
180__32 | 2025-06-27 | 저 비빔면에 삼겹살도 최고겠는데..🤤🤤🤤🤤🤤🤤
wxocxan1 | 2025-06-27 | 오늘도 츄베릅❤️ 이거 사먹을게요 ㅋㅋ
gge.juck | 2025-06-27 | 면색깔보고 놀랐는데 더미식이니까 궁금…😮
hai23.kokuro | 2025-06-27 | ❤️
muk._.chuuru | 2025-06-27 | 핑크핑크.궁금😮
ruri.food | 2025-06-27 | 이벤트 참여해야게따 증말😍
leeoh_review_ | 2025-06-28 | 진짜 너무 맛있게 먹는다,,
grandy_lie | 2025-07-15 | Huhuhuhu
gekikara_men | 2025-06-27 | 🥰
yong43400 | 2025-06-29 | 👍 👍 👍 👏🔥
dokkkiee | 2025-06-28 | 비빔면 색깔 신기혀..
beluvsick178 | 2025-06-27 | 매콤새콤깔꼼"
2025-06-25,1.4만,요즘유행 말차 디저트들 뿌셔보았다.🌱 뭐가 제일 맛나보임? 5주,"#말차, #말차디저트, #말차맛집, #빈츠, #빼빼로, #티코, #말차아이스크림, #말차덕후, #먹방asmr, #mukbang, #mukbangasmr, #포키녹차, #간식추천, #asmreating, #mukbangers, #디저트맛집, #mukbangkorea, #asmreatingshow, #dessert, #matcha","180__32 | 2025-06-25 | 티코가 최고지🍵🍵🍵🍵🍵
0netoeat | 2025-06-26 | 포키 맛있겠어요!!😍
berup_x | 2025-06-25 | ❤️
o.haru___ | 2025-06-25 | 티코요!!!!💚💚
g._.xodus1 | 2025-06-26 | 그래 난 이걸 원했어!!!!💚💚 빼빼로 넘모 맛있어요 ㅜㅜ
bori_kie | 2025-06-25 | 오늘 다 맛있네요!!
cielo.s7 | 2025-06-26 | 요즘 미국에서도 말차유행이라는데 너므 좋아요🤩👍
mirae._.jang | 2025-07-08 | 💚💚💚💚💚💚💚
wxocxan1 | 2025-06-25 | 와 진짜 제가 젤 조아하는 말차ㅏ 츄베릅😱
zh.i_.0 | 2025-06-25 | 🇮🇶💗
iloveyoubogoshipda | 2025-06-26 | 월드콘 말차 맛두 나왓더라고요..!
hai23.kokuro | 2025-06-25 | ❤️
a3c4uu | 2025-06-25 | 전 브라우니에 따뜻한 우유 마시고 싶어용😳💚
wangseungyun63 | 2025-06-25 | 난 빈츠
minzz._o3o | 2025-06-30 | @yil_ahn 다 사죠
lse_t.diary | 2025-06-25 | 와아 디져트
cloud_0737 | 2025-07-09 | 아니 나 요새 피드에 말차간식 밖에 안뜸 그래서 행복함ㅋㅋ
hzxe_ll | 2025-06-25 | 말차는 너무 써😵‍💫😵‍💫
mukjakyuu_ | 2025-06-27 | 어 저도 다 먹어봤눈데 티코랑 빼빼로 1위🔥🔥🔥
sss.l70 | 2025-07-10 | @_jamjamjamjam2
ddo__yam | 2025-06-25 | 왑마 빈츠열일하네 티코 먹어볼래요 빼빼로도 있었어요?! 대박
m.u.k_diary | 2025-06-26 | 오 티코 한 번 사먹어봐야겠어요!!
저는 견과류 좋아해서 아몬드말차볼 맛있었어용
한정판매라 쟁여야 하는데 편의점 가기 너무 귀찮아요 ㅋㅋ ㅜㅜ
minji140902 | 2025-06-25 | ㅇ..안되 밤에 봐버렷어..
kimchunshik117 | 2025-06-27 | 화 채 먹어주시오
lo92498 | 2025-06-27 | 온@ㄹ 래전드다유
cjdcns822 | 2025-07-22 | 권위잇다부럽다
hongji_yam | 2025-06-25 | 말차 묵는 으른,,,,,🫨
joon.2da | 2025-06-26 | 베릅양 이번 컨텐츠 너무 좋아요😮😮😮❤️❤️❤️
h6yeon | 2025-06-27 | 마식개ㅛㄱ다
yong43400 | 2025-06-26 | 👍 👍 👍 👍 👍 👏
jeongjaegwang9 | 2025-06-25 | ❤️❤️❤️❤️❤️❤️
jeongjaegwang9 | 2025-06-26 | ❤️❤️🙌🙌🔥🔥👏👏😍😍😍😍😍😍
lu3vio | 2025-06-26 | 도랏네 말차덕후인데 아주기냥 눈 돌아간다
_yunsup_04 | 2025-06-30 | 다음에는 월드콘 말차 맛이랑 설레임 말차 맛도 먹어주세요
xxy_pigband | 2025-06-25 | 이빨 안 시려워요??
hanujin248 | 2025-07-01 | 말차가 jmt인걸 모른다면 말을 말차~!!!
yoo._.je8 | 2025-06-25 | tico
beluvsick178 | 2025-06-25 | 말친잨ㅋ
gekikara_men | 2025-06-26 | 🥰
jeongjaegwang9 | 2025-06-27 | 눈이넘이쁘세용 ❤️❤️❤️❤️❤️❤️❤️❤️❤️❤️❤️❤️❤️❤️❤️❤️❤️❤️❤️
jeongjaegwang9 | 2025-06-27 | 아름🙌🙌🙌🙌🙌🙌👏👏👏👏👏👏👏👏다우세요❤️❤️❤️❤️❤️❤️❤️❤️❤️❤️❤️❤️❤️❤️❤️❤️❤️❤️❤️❤️❤️
anadarlen_w | 2025-06-27 | ❤️
anadarlen_w | 2025-06-27 | ❤️"
2025-06-23,8336,리뉴얼 된 바삭쫄깃 스텔라떡볶이? 별튀김을 찍어먹는 스텔라떡볶이🫶🏻 뭐가 바뀌었냐면.. 영상참고🫶🏻 5주,"#광고, #스텔라떡볶이, #스텔라, #떡볶이먹방, #떡볶이맛집, #떡볶이, #튀김맛집, #배달음식, #별튀김, #먹방asmr, #mukbang, #mukbangasmr, #asmreating, #mukbangers, #야식추천, #mukbangkorea, #asmreatingsounds","bori_xxn | 2025-06-24 | 자막 넘 재미씀 스텔라 힘썼넼ㅋㅋㅋ 라뇨!! 맛있겠당
iloveyoubogoshipda | 2025-06-23 | 와…바삭바삭소리 미쳣네여 너무 맛잇겟다..😢😢
gaekolttak | 2025-07-09 | 맛있겠다🤤
berup_x | 2025-06-23 | ❤️
ghir_jae | 2025-06-24 | 스텔라 튀김맛집
hzxe_ll | 2025-06-23 | 진짜 개맛도리일듯🔥
gagayun129 | 2025-06-28 | 예전에자주시켜먹었는뎅 스텔라ㅎ😍
gge.juck | 2025-06-23 | 패키치도 되게 깔끔하게 해주네오 여기?
ruri.food | 2025-06-23 | 헐 비엔나주는거 개조아...소리 레전드야
hai23.kokuro | 2025-06-24 | ❤️
yoo._.je8 | 2025-06-23 | 우와
180__32 | 2025-06-23 | 김말이....미쳐따...😢😢😢
gekikara_men | 2025-06-23 | 🥰
1tjwjd | 2025-06-23 | ㄹㅇ 츄베릅
mukbangluarnegeri | 2025-06-24 | 😍😍
wxocxan1 | 2025-06-23 | 오늘도 맛잇겟다😢 츄츄베릅❤️
fernan_92a | 2025-06-23 | 🙌👏👏👏
dy9fmxm | 2025-06-24 | 초코퐁당구름크림떡 드셔주세오ㅠㅡㅠ
wangseungyun63 | 2025-06-23 | 누나 다음엔 다른맛 별튀김도 추가해봐
kimchunshik117 | 2025-06-23 | 츄..츄베름 이노
karl.a36325 | 2025-06-25 | Tastes great😋😋
ramen.sukuna99 | 2025-06-24 | asmr미쳣어요..😮
mukjung_ | 2025-06-23 | 오늘도 별처럼예쁘네요 언니..⭐️
yam_yam_ping | 2025-06-23 | 와 침싹고임 ㄷㄷ
mukorang | 2025-06-23 | 까갹 비줠 조아요❤️
eating_happily_ | 2025-06-23 | 스텔라 땡교 별튀김 짱맛!!!!!!❤️
yartyu2345 | 2025-06-24 | It looks good
dokkkiee | 2025-06-24 | 내가 배달을 끊을수가 업서.....
tastebuds__official | 2025-06-24 | 별튀김 찍어 먹는거 식감 대박이겠어여❤️❤️
hj_foodie | 2025-06-24 | 바삭한 별가루 진짜 미쳤다..❤️ 궁그매
yong43400 | 2025-06-25 | 👍 👍 👍 👏🔥
iris_has_hope | 2025-06-25 | You look like a mixture of Chuu-LOONA and Sungho-BND❤️!!!
pickmat_food | 2025-06-25 | 와따와따 스텔라 떡보끼..✨
ju.food_ | 2025-06-25 | 스텔라 마싯쥬❤️
smosc1 | 2025-07-01 | 맛있겠다😘🥺❤️
eun._.xoz | 2025-07-03 | 엽떡 로제 떡볶이 먹어주세여!!❤️
rafethan.clk | 2025-07-07 | 매우 맛있다
mihai_jkh | 2025-07-20 | u so pretty 😍😭"
2025-06-22,3561,한달이나 걸린 량진희 레몬무뼈닭발은 맛있을까? 5주,"#레몬무뼈닭발, #량진희, #평천면옥, #먹방asmr, #닭발, #닭발먹방, #먹방, #mukbang, #mukbangasmr, #asmreating, #mukbangers, #야식추천, #mukbangkorea, #asmreatingshow, #asmreatingsounds","sinny_daaa | 2025-06-22 | 😍😍😍😍😍❤️
gagayun129 | 2025-06-22 | 맛이궁금하다🤔🤔
hai23.kokuro | 2025-06-22 | ❤️🔥🙌👏
nguyen_________1999 | 2025-06-22 | 😍😍❤️
adryanna_ssantos | 2025-07-12 | 😍
luv_your_ | 2025-06-27 | 귀엽다
wxocxan1 | 2025-06-22 | 오늘도 맛잇겟다😢 츄베릅 ㅋㅋ
healim1206 | 2025-06-22 | 추천 하시면 저도 도전 하고픈데 워낙 호불호가 갈려서ㅠ
berup_x | 2025-06-22 | ❤️
180__32 | 2025-06-22 | 레몬맛이 많이나나용??🍋🍋🍋🍋🍋🍋
81ackp0ny | 2025-06-22 | 내 알고리즘은 츄베릅이후로 레몬닭발로 가득찼어
_parksunho | 2025-06-22 | ㅋㅋㅋㅋㅋ그래도 닭발은 차가운 것보다는 따뜻할때 먹어야 제일 맛있음🤤🤤
lhj7487 | 2025-06-25 | @hyunjung88_ 요즘 이거 핫하다는디 ㅋㅋㅋㅋㅋ닭발좀 씹어야하나
da_rroong_ | 2025-07-30 | @3_25.ys 너무 먹어보고싶어
ye.on28 | 2025-06-24 | @colin_k.94 량진희 주문 또 한다아아아
kimchunshik117 | 2025-06-23 | 다음에 감자탕 먹어주세여
younaa_a2 | 2025-07-01 | صحتين ياعمرييي😍
s._.gucci | 2025-07-28 | @c__i.b 이거야 이거!!!
su_zzl | 2025-06-24 | @myeongjongsim
seon_318 | 2025-06-25 | @ymlee0509"
2025-06-20,4175,라떼는 말이여~봉지에 밥비벼먹었어~🫡🪖 군필이라면 다 안다는 봉지밥! 5주,"#봉지밥, #군대음식, #맛다시, #빅팜, #군대, #먹방asmr, #mukbang, #mukbangasmr, #asmreating, #mukbangers, #야식추천, #mukbangkorea, #asmreatingsounds, #asmreatingshow, #참치마요","hh.__.jin | 2025-06-20 | ㅋㅋㅋㅋ군복조차 귀엽게 만드네
hai23.kokuro | 2025-06-20 | ❤️❤️❤️🙌👏🙏🙏
180__32 | 2025-06-21 | 봉지밥 최고디....🥲🥲🥲🥲🥲
sh.cookkook | 2025-06-20 | @muk_joongsa ㅋㅋㅋㅋㅋㅋㅋ언니가 좋아할 것 같아서 태그
berup_x | 2025-06-20 | ❤️
a3c4uu | 2025-06-20 | 우앙 맛은 예상 가는데 베릅님이 맛있게 드시니까 더 궁금해져여😋❣️
gur_wns | 2025-06-21 | 군필이십니까 🫡
bbok_yee_07 | 2025-06-20 | 봉지밥 안보이고 얼굴이 더 보이는 영상.💜
wangseungyun63 | 2025-06-20 | 다음엔 휴게소 호두과자랑 델리만쥬 가시죠
wangseungyun63 | 2025-06-20 | 누나도 나무위키개설해
ddo__yam | 2025-06-20 | 군복은어디서 앜ㅌㅋㅋ 넘 커여워요 ㅠㅠ 이런게 있었구나 댑악…충성❤️
ye.r1xn_ | 2025-06-21 | 일찍왔다
ghir_jae | 2025-06-20 | 귀엽ㅋㅋㅋㅋ
ruri.food | 2025-06-20 | 냉털조합 궁그맼ㅋㅋㅋ 마싯는 소리에 그렇지 못한 비주얼...
jeong_ha_yooon | 2025-06-22 | 맛다시 구하기 어렵더라구요ㅠㅠ 저희동네는..
wangseungyun63 | 2025-06-20 | 누나 군복은 어디서 가져오셨는지??
woohyun47 | 2025-06-21 | 집에서는 계란 맛다시 참기름 끝
positive_number_1 | 2025-06-20 | 보통 훈련때 나온 반찬도 때려넣고 쓰까 묵는데 깍두기 나와서 넣으면 깍두기 짜요짜요 입구에 막힘 ㅋㅋㅋㅋ
yunju_n623 | 2025-06-24 | 슈발 내 미래다 ㅠ
yyeej1120 | 2025-07-14 | ㅅㅂ 섞을때 소리 도랐나 ㅋㅋㅋㅋㅋ
92121717880x | 2025-06-21 | 전역한지 12년 됐는데도 PTSD오네욬ㅋㅋㅋㅋ
_parksunho | 2025-06-20 | 전역한지 2년….훈련 있을때마다 먹었던 봉지밥ptsd오네
nnneo_nnna | 2025-07-06 | Kayak makan cilok wkwkwk
se0hyun_0101 | 2025-07-25 | 님들 맛다시는 무슨 맛인가요...?
sepappuccino | 2025-06-21 | @mardianyrica Jadi inget zaman SMA dulu... Jajan indomie goreng di kantin dibungkus pake plastik terus makannya kayak gitu 😁
joon.2da | 2025-06-21 | 베릅양 너무 이쁘고 최고👏
kaitokozono | 2025-06-20 | 이걸 굳이 해먹노
cotton_jupiter | 2025-07-25 | هيا سرقوا علينا فكرة البطاطا بالكيس @laviender_28
wangseungyun63 | 2025-06-20 | 아 주변에 예비역이계신지?
jack93kim | 2025-06-20 | ㅋㅋㅋㅋㅋㅋㅋㅋㅋ 맛다쉬까지 아주 🔥🔥
jack93kim | 2025-06-20 | 맛다시는 만능..
myeong_jonmatt | 2025-06-20 | 충성! 통신보안
wangseungyun63 | 2025-06-20 | 누나 왜 나무위키에 안떠??
wangseungyun63 | 2025-06-20 | 아니 누나 나무위키 검색했는데 관계가없는 헌터퐝이 나와서
yartyu2345 | 2025-06-21 | beatiful !!
j2ch.busan | 2025-06-21 | 군복은 어디서 났죠ㅋㅋㅋㅋ
themukeou | 2025-06-21 | 군복까지 입고 졸귀옄ㅋㅋㅋㅋㅋㅋ
muk._.chuuru | 2025-06-21 | 충성😮
msh_basma | 2025-07-12 | ⁨كشري ده 🫡⁩
wangseungyun63 | 2025-07-13 | 츄베릅 병장님 안녕하십니까"
2025-06-18,8169,"피자 더 맛있게 먹는법? 피자헛 신상 더블쉬림프크런치🫶🏻 갈릭버터쉬림프, 고구마무스, 케이준쉬림프, 포테이토 크런치가 한조각 안에 쏙! 🍕피자헛 자사 온라인 이벤트 1) 신메뉴 피자 구매 시, 콜라 무료 2) 신메뉴 4종 (피자,사이드) 구매 시, 피자 무료 쿠폰 증정 6주","#광고, #피자헛, #피자헛신메뉴, #더블쉬림프크런치, #신메뉴추천, #피자맛집, #피자추천, #더블쉬림프크런치피자, #쉬림프피자, #피자헛, #pizzahut, #pizzahutkorea, #피자, #피자먹방, #pizza, #먹방asmr, #mukbang, #mukbangasmr, #asmreating, #야식추천, #mukbangers, #배달음식","berup_x | 2025-06-18 | ❤
tastebuds__official | 2025-06-19 | 피자 넘 맛나게 드시네용😍😍
a3c4uu | 2025-06-19 | 시카고피자 먹방도 보고싶어여🍕❤️
wxocxan1 | 2025-06-18 | 우와.. 맛잇겟따😢
hai23.kokuro | 2025-06-19 | ❤️❤️❤️
myeong_jonmatt | 2025-06-18 | 오늘도 맛있게 드시네요!! 진짜 asmr로 바꾼 컨셉 잘되셔서 너무 기뻐요😍
bori_xxn | 2025-06-18 | 아니 저 오늘 버터갈릭쉬림프에 고구마무스 있는 피자 만들어먹었는데 진짜 destiny아니면 뭔가여..
180__32 | 2025-06-18 | 꼬다리빵이 진짜 마싯겟는ㄷㅔ....🙄🙄🙄🙄🙄
gge.juck | 2025-06-18 | 혹시 제가 새우만 먹어도 될까요?
ruri.food | 2025-06-18 | 네가지맛이라니 마지막 바삭부분 미침....
muuk.dda | 2025-06-20 | 미쳤댜 졸합 ㅠㅠㅠㅠ 쇼리 미침 ㅠㅠ
gekikara_men | 2025-06-18 | 🥰
anbenyoujia9373 | 2025-06-19 | かわいい
ddo__yam | 2025-06-18 | 피자헛 ㄹㅇ 열일함다 ㅠㅠ
iamkimhyunae | 2025-06-20 | @suuu._.jin_ 피자보니까 니 생각난댜 ,,,,
gimbogja965 | 2025-07-04 | 저도 저거 먹엇어용! 아니 근대;; 제가 고구마를 젛아하는대 피자에 파플이랑 고구마 잇어서 먼가 맛을 좀 망쳐ㅛ
yong43400 | 2025-06-19 | 와우👏👏👏
sing_note_s2 | 2025-06-18 | 왓.. 피자땡겨요........
jeongjaegwang9 | 2025-06-19 | ❤️❤️❤️❤️❤️❤️❤️❤️❤️❤️❤️❤️❤️❤️
kim99kim00 | 2025-06-22 | 👋👋
beluvsick178 | 2025-06-19 | 오늘도 미모가 열일🔥
pickmat_food | 2025-06-19 | 와 피자 토핑 무자비하다.. 대뱍이네
kaitokozono | 2025-06-19 | 굿
o.haru___ | 2025-06-18 | 한 번에 4가지맛 미쵸땨"
2025-06-16,2135,요즘 빠져버린 내 간식 콩볼💕 이빨 나갈 것 같지만 이 맛에 먹는다 ㅋㅎ 6주,"#콩볼, #딴딴볼, #쭈롱베이커리, #빵지순례, #먹방asmr, #디저트먹방, #mukbang, #간식추천, #mukbangasmr, #asmreating, #mukbangers, #디저트맛집, #mukbangkorea, #asmreatingsounds","berup_x | 2025-06-16 | ❤️
hutomatggi | 2025-06-16 | 호기심 자극하는 비주얼이에요🥹❤️‍🔥
hzxe_ll | 2025-06-16 | 맛있갱딩
muuk.dda | 2025-06-17 | 헐 저 콩볼 사랑훼요
mu_ch1cken | 2025-07-10 | 오 맛있어 보여요
playeat_food | 2025-06-17 | 왁ㅋㅋ진짜 딴딴한데 맛있어보여요!!!❤️
wu_hyun | 2025-06-17 | 핫 완전 궁금해지는데영 이거😮
pickmat_food | 2025-06-17 | 바삭바삭 맛있을것같아요!❤️
na.chelin__ | 2025-06-17 | 대박이더❤️❤️❤️❤️
o.haru___ | 2025-06-16 | 황치즈 맛있겠어여😲😲
gagayun129 | 2025-06-21 | 음챡😋😋😋
nyamnyam_review | 2025-06-17 | 츄베룹.. 맛 넘누 궁금하당ㅅ..
180__32 | 2025-06-16 | 오레오가 젤 마싱겟당🫢🫢🫢🫢🫢
mukjung_ | 2025-06-17 | 짭짤해? 귀요워
yartyu2345 | 2025-06-17 | 美味しそう
mat_puri | 2025-06-17 | 오오 식감 진짜 궁금하네요!
ruri.food | 2025-06-16 | 임플란트 할뻔햇닼ㅋㅋㅋㅋ소리 진짜 이 나갈거같은딬ㅋㅋ
everybody_pretty2 | 2025-06-17 | 우와 소리 넘 좋아요……😮😍
2ys_29 | 2025-06-16 | 츄베릎님만 보면 그냥 침이 ..😢
sing_note_s2 | 2025-06-16 | 와아아앙아아아아아아아악 식감 쥑이죠
jussbeingmeh | 2025-07-25 | 😧
bonge_o0o_food | 2025-06-17 | 이건 좀 진짜 마싯겟다,,
jiyeon28634 | 2025-06-22 | 이거보다가 잠들었어요..😂
gekikara_men | 2025-06-17 | 🥰
ddo__yam | 2025-06-17 | 콩볼 처음들어보는데 중독성 있을거같아효…❤️
jjurong_bake | 2025-06-16 | 콩볼드시는데 이쁘시면 반칙..❤️ 감사해요 :)
jeongjaegwang9 | 2025-06-16 | ❤️❤️❤️❤️❤️❤️❤️❤️❤️❤️❤️❤️❤️❤️❤️
breakallimit | 2025-06-16 | 😮"
2025-06-12,2551,"디저트까지 잘하는 역전할머니맥주 신상? 6/5~6/28까지 (24일간) 전국 역전할머니맥주 방문 고객 대상 특별한 이벤트가 진행중 ! 매장 포스터에 있는 QR코드 스캔해서 게임 한판하면 LA 왕복 항공권부터 제주도 왕복 항공권, 5성급 호텔 상품권, 공항 라운지 이용권, 신메뉴 교환권까지 (게임 성공 못해도 경품 응모 가능) 할맥 가서 시원한 맥주 마시고 푸짐한 선물 받으러 갈 사람 ? *지나친 음주는 뇌졸중, 기억력 손상이나 치매를 유발합니다. 임신 중 음주는 기형아 출산 위험을 높입니다. 6주","#광고, #역전할머니맥주, #할맥신메뉴, #먹고게임하면LA여행이따라온다, #할맥먹캉스, #역할맥, #디저트맛집, #디저트먹방, #인절미떡구이, #쿠키슈, #먹방asmr, #mukbang, #간식추천, #mukbangasmr, #신상리뷰, #asmreating, #mukbangers, #mukbangkorea, #야식추천","2ys_29 | 2025-06-12 | 우와.. 짱맛이겟어요유ㅠㅇ
ruri.food | 2025-06-12 | 소리가 진짜 미쳤는데!?모가 달라졋나? 유독 조아❤️
180__32 | 2025-06-12 | 싫어할수없는 아이스쿠키크림슈!!!!🤤🤤🤤🤤🤤🤤
playeat_food | 2025-06-13 | 할맥에 디저트? 슈 진짜 좋아하는데 오늘 할맥 바로 갑니닷~!
dr.hyo0131 | 2025-06-20 | 억전 은 안주 진짜 맛있는데 ~~~새로운 신상이 나왔군요~~~^^맥주 한잔 하러 역전 가야 겠네요~~^^
gagayun129 | 2025-06-14 | 존맛이겠당🤤😋😋
g._.xodus1 | 2025-06-15 | 브이할 때 너무 기여우셔🫣🤭
mukorang | 2025-06-12 | 와구와구 먹구싶당
hzxe_ll | 2025-06-12 | 개맛있을듯
xe.sxl | 2025-06-13 | 헐 언냐 처음 볼때부터 생각했었는데 ㅎㅎ 최예나 닮앗어용 🤭
bbok_yee_07 | 2025-06-12 | 역할맥 댑악!🙌
berup_x | 2025-06-12 | ❤️
pickmat_food | 2025-06-13 | 헐 아이스크림슈❤️❤️
wanteat._.eat | 2025-06-13 | 와 역전할머니에서 디저트까지….😍 넘 최고에요🔥
bori_xxn | 2025-06-12 | 앙버터 환장하는디ㅠㅠ
mukjung_ | 2025-06-12 | 치즈인줄?
bonny_vely_ | 2025-06-12 | 역할맥 최구
jjuyo__o | 2025-06-13 | @jina.__.da_ 삼차로 먹으면 맛잇겟다
dog.matdori | 2025-06-13 | 할맥 쵝오❤️
h_mochi_bungeo | 2025-06-12 | 디저트까지 잘하면 반칙아니에요?
alemiss2584 | 2025-06-15 | Satisfing 👏👏❤️❤️
sing_note_s2 | 2025-06-12 | 엑????? 쿠키슈?!!!!!!!
themukeou | 2025-06-12 | 와 인절미도 머선일이야!!
bonge_o0o_food | 2025-06-12 | 지금 술마시는 중인데 머꼬시포..
gge.juck | 2025-06-12 | 쫀득하게 늘어나면서 베릅님 입크기도 늘어나는데요?
nyamnyam_review | 2025-06-16 | 역할맥 진짜 열일한다.. 가성비로 여기만한 곳이 없는 것 같아여!!
ddo__yam | 2025-06-12 | 역전할머니 일냇구망유…😍
yulmoo_z | 2025-06-21 | @es.__.s 역전갈까ㅠ
jeongjaegwang9 | 2025-06-12 | ❤️❤️❤️❤️❤️❤️❤️❤️❤️❤️❤️❤️❤️
firmandanuarta20052021 | 2025-06-15 | Enak banget Chu😋❤️E
cjcreatorsclub_official | 2025-06-16 | 안녕하세요. CJ제일제당 행사 공식 인스타그램입니다:) DM확인 부탁드립니다.
freshbox_eats | 2025-06-16 | 와 입에서 군침 돌아요 진심…"
2025-06-11,3.8만,처갓집 슈프림양념치킨에 불닭볶음면 ! 다음엔 뭐먹을까낭? 7주,"#처갓집, #슈프림양념치킨, #처갓집양념치킨, #양념치킨, #치킨먹방, #불닭볶음면, #불닭, #먹방asmr, #mukbang, #mukbangasmr, #asmreating, #mukbangers, #mukbangkorea, #야식추천, #배달음식, #치킨추천","sirlangitpe | 2025-07-01 | 쌩얼 이쁘신데요..?
2ys_29 | 2025-06-11 | 이야 대바악 조합미칫서요 😍
bori_kie | 2025-06-11 | 어제 슈프림 먹었는뎁!
imjeongmin698 | 2025-06-11 | 맛있겠어요😮😮
hy0.ax | 2025-06-11 | 언니가 불닭 큰컵을 머거..?
hai23.kokuro | 2025-06-11 | ❤️
muuk.dda | 2025-06-11 | 하 ㅜ 배고프다..
parkhangyeol0522 | 2025-06-11 | 쌩얼이 더 예쁜거 같은데요
tae_7210 | 2025-06-21 | ..쌩얼이신가요..?쌩얼은 더 귀엽네요..❤️
jack93kim | 2025-06-11 | 1빠다 아싸
chu.berup_jmt22 | 2025-06-11 | ❤️
180__32 | 2025-06-11 | 다음날 남은 처갓집은 못참지🤒🤒🤒🤒🤒
ruri.food | 2025-06-11 | 조합미친거야 두달전인데 왤케 애기양
berup_x | 2025-06-11 | 🔥
yun_siyeon4545 | 2025-06-21 | 쌩얼인줄 몰랐어요ㅋㅋ 너무 예쁘셔서 화장하신줄 알았어요ㅋㅎㅋ
seungah120901 | 2025-07-25 | 와이리 이쁘노
kimchunshik117 | 2025-06-11 | 맜있겟누
jeongjaegwang9 | 2025-06-11 | ❤️❤️❤️❤️❤️❤️❤️❤️❤️❤️❤️❤️❤️❤️
_kedit__ | 2025-06-19 | You should work in a kdrama, you're so pretty😭😭✨️
zsilieox | 2025-06-11 | 언니 쌩얼인데 이렇게 예뿌시면….제 눈이 즐겁습니다🤍🤍
always_nakyung1 | 2025-07-28 | 아니 왜 그동안 화장으로 이쁜 얼굴을 망가트리고 다님?
ayesha_khan_b3 | 2025-06-13 | It's an English comment. Can someone or the creator herself be so kind and tell me the name of the chicken or meat pieces she's eating
peace_y00y | 2025-07-28 | @ingi112a 조합죠타..
mertinizz33_ | 2025-07-11 | How old are you
mukorang | 2025-06-11 | 오 비줠 조은데용❤️❤️❤️
hzxe_ll | 2025-06-11 | 생얼이 더 이쁜거가텀❤️
gekikara_men | 2025-06-11 | 🥰
nguyen_________1999 | 2025-06-11 | ❤️❤️❤️
qbee.eat | 2025-06-11 | 베릅님 불닭먹는거 ㄹㅇ 미치겟슴요ㅠ
kaitokozono | 2025-06-11 | 쮸베릅 마렵긴 하누
lj._.ssek | 2025-06-12 | 오물오물 귀여워여ㅋㅋ
yeazxn_ | 2025-06-12 | 헐 오늘 친구들이랑 슈프림에 불닭 머것는데ㅋㅋㅋㅋㅋ언니 저랑 운명 맞죠
gxxj_3101 | 2025-06-12 | 생얼이시니까 고등학생 같아욥❤️❤️
mahsa._.asmr | 2025-06-12 | @chu.berup_jmt ❤️
ayamwithsambalb | 2025-06-12 | so good🔥
jihee.1027 | 2025-06-12 | 😍😍😍
pickmat_food | 2025-06-12 | 왤케 맛있게 드세여ㅠㅜ 오늘 야식조합이다ㅏ🏃‍♀️‍➡️
100meals_foodie | 2025-06-12 | 처갓집 슈프림양념치킨에 불닭볶음면 조합은 절대 실패없죠ㅠㅠ 크 너무 맛있어 보이네요!
mat_puri | 2025-06-12 | 불닭에 슈프림 조합 말모말모
jeongjaegwang9 | 2025-06-12 | 틱톡에서도 뵜어요❤️❤️❤️❤️❤️❤️❤️❤️❤️❤️❤️❤️❤️❤️❤️
jeongjaegwang9 | 2025-06-12 | ❤️❤️❤️❤️❤️❤️❤️❤️❤️❤️❤️❤️❤️❤️
yong43400 | 2025-06-12 | 와우 👍 👍 👍
saraenrico7181 | 2025-06-12 | 😍😍😍
saraenrico7181 | 2025-06-12 | 😍😍😍
saraenrico7181 | 2025-06-12 | 😍😍
miri_muk_re | 2025-06-13 | 아니 쌩얼도 넘나 이뻐…
devanowibisananapitupulu_20 | 2025-06-14 | Jhfj8cucioficuhc
devanowibisananapitupulu_20 | 2025-06-14 | Ugiuy
devanowibisananapitupulu_20 | 2025-06-14 | Jhviciyvici uucii u u<"">""<&""&%,*$
7i.aii | 2025-06-17 | 소녀 나는 당신의 비디오를 사랑하고 당신은 나를 너무 배고프게 만듭니다. 😍🔥
6_buglem_12 | 2025-06-18 | delicious
link_gacor_indo1 | 2025-06-18 | 👏👏
kawtarkaidi | 2025-06-20 | Bbdbggcbnt
nailahusna3550 | 2025-06-20 | Enak sekali
7151manav | 2025-06-21 | ❤️❤️❤️❤️❤️
7151manav | 2025-06-21 | ❤️❤️❤️❤️❤️
7151manav | 2025-06-21 | ❤️❤️❤️❤️❤️
7151manav | 2025-06-21 | ❤️❤️❤️❤️❤️
7151manav | 2025-06-21 | ❤️❤️❤️❤️❤️
sunita302rani | 2025-06-23 | ❤️
sunita302rani | 2025-06-23 | ❤️
sunita302rani | 2025-06-23 | ❤️
sunita302rani | 2025-06-23 | ❤️
kiakia_sh | 2025-06-24 | 키랑 체중 어찌 되시나요???
biricik_kk09 | 2025-06-26 | Plase eat döner and kebap
hanankuwat68 | 2025-06-28 | 😍😍😍🥰🥰😋😋😋😋😋😋😋👌👌👏🏻👏🏻👏🏻👍🏻👍🏻👍🏻😍😍🥰😋👏🏻👏🏻👏🏻👍🏻👍🏻👍🏻👍🏻
coeyein570 | 2025-06-28 | 나만 쌩얼인거 못느꼈나??
hee.ttoo3693 | 2025-06-28 | 와 쌩얼;;;다 화장빨이었누
vdsetkl | 2025-07-03 | 👏👏❤️❤️
evanna.a2 | 2025-07-04 | 🔥
houdahouda9696 | 2025-07-05 | 🇲🇦
nida_khz_ | 2025-07-06 | 😮😍I am looking thirsty
neno_el_chileno | 2025-07-10 | Ojos abiertos solo cuando tragan
ilkay_tws06 | 2025-07-11 | Şu yemeklerin aynısı Türkiye’ye gelsin Türkiye
anitabansal332 | 2025-07-12 | ❤️
adnan20826 | 2025-07-16 | 이건 내가 지금까지 본 음식 조합 중 최고야
fawtii.9 | 2025-07-21 | ❤️
ritagupta268 | 2025-07-25 | 👍👍👍
clalpi4 | 2025-07-26 | 😍😍😍😍
crinz03 | 2025-07-29 | 오래전거긴한데ㅠㅠ 불닭 어떻게 끓이세요??
islomdadaboyev.02 | 2025-07-30 | 안녕하세요. 저는 우즈베키스탄 출신이고 지금 번역해서 글을 쓰고 있습니다. Assalomu Alaykum 🇺🇿🇺🇿🇺🇿🇺🇿"
2025-06-09,5.7만,뿌링클 사이드메뉴 뿌시기💛 최애 사이드 댓글로 ㄱㄱ 7주,"#뿌링클, #뿌링클치킨, #치즈볼, #bhc, #먹방asmr, #mukbang, #mukbangasmr, #asmreating, #mukbangers, #야식추천, #mukbangkorea, #치킨먹방, #배달음식, #asmreatingsounds, #뿌링치즈볼","a3c4uu | 2025-06-11 | 이거 보구 팔 햇네여..뿌링왕국😳💛
mu_ch1cken | 2025-06-09 | 치로스 무슨 맛인가요
gongjuchaewonii | 2025-06-10 | 뿌링클 전메뉴 먹어보기가 제 꿈이에요..😻😻
win.eun | 2025-06-12 | 여기...지점이..어디인지 공유 가능하신가요ㅜㅜ 제 집 쪽은 너무 별론데.. 여기껀 너무 맛있어보여요ㅠㅠ
bori_kie | 2025-06-09 | 치로스랑 뿌링치즈볼🔥
180__32 | 2025-06-09 | 전 뿌링소떡,..🔥🔥🔥🔥🔥
eew_nr | 2025-06-12 | 와짗짜뿌링클가루많이뿌려졌잇네요
muk_tteul | 2025-06-09 | 지대루 츄베릎🤤
pepaggpi | 2025-06-09 | 이밤에뿌링클영상을..배우신분인정함미다❤️❤️🤤
mukjung_ | 2025-06-09 | 뭐니뭐니해도치즈볼😮
ruri.food | 2025-06-09 | 가루 떨어지는거 눈물낰ㅋㅋ
gjdkfla | 2025-06-09 | 하… 저번주에 먹엇는데 또먹고싶어여ㅠㅠ
needsman_daejeon | 2025-06-10 | 와…이거 보고 안시키면 사람아니네요 ㅋㅋ🤤
sinbi8757 | 2025-06-10 | 뿌링치즈볼 ㄱ 맛있눈뎁 ㅜㅜ
yu._.m.__.00 | 2025-06-10 | @official_parkgh 먹고시퍼ㅠㅠ
jing34kim1 | 2025-07-29 | ❤️
81ackp0ny | 2025-06-09 | 먹방 찍을때 나 불러. 다 못먹자나 솔직히 다 못먹ㅈ나 나 옆에서 먹어도 대자나 🥹
cheawon_0809 | 2025-06-11 | 너무 순수하게 이쁘게 생겼어요,,❤️
_zlya2 | 2025-06-10 | 햄스터 같아요 개귀엽
bu3su__ | 2025-06-10 | 너무 마싯겟다..
daybeat_official | 2025-06-11 | 😍
haaaa_zru | 2025-06-11 | @mbtiab 으에에에에
me._____.0 | 2025-06-12 | @psy03.story 치킨 말고 사이드,,
hid_zip | 2025-06-10 | Asmr도랏더여….ㅠㅠㅠㅠㅠㅁㅊ
brunabatistah | 2025-06-18 | @rosildabatistafreitas
sha__lab | 2025-06-16 | Looks so cheesyyy
myeong_jonmatt | 2025-06-10 | 소리가 리얼 미침
crab_korean | 2025-06-14 | 일케많이먹으면 전 돼지되는데 부럽당
ha.binxy_0411_ | 2025-07-29 | 우왕 ㅜㅠ치로스 너무 먹구 시퍼요ㅠㅠㅠ
yooyeoning_private | 2025-06-10 | @only_home__
kimchunshik117 | 2025-06-10 | 핫도그 맜있긴 한대 너무 비싼디..
kimchunshik117 | 2025-06-10 | 꼬르륵…😢
wj.lee_13_3 | 2025-06-09 | jmt☺
jeongjaegwang9 | 2025-06-09 | ❤️❤️❤️❤️❤️❤️❤️❤️❤️❤️❤️❤️❤️❤️❤️❤️
2.60kcal | 2025-06-11 | 난 뿌링멤보샤가 최애인데 지금 사라진거같아서 쬐끔 인생 포기하고싶음~
ashleychang0498 | 2025-06-11 | I’m so hungry now
_meo.u._ | 2025-06-10 | Ngon
iv3kjs | 2025-06-11 | @iaanne_121
lishiboku | 2025-06-10 | It's seems to me that you sometimes even eat your own hair😂
efe.elr | 2025-06-10 | Hello 🇹🇷🇹🇷🇹🇷
gonzagagabrielerodrigues | 2025-06-10 | 😍
christylee5688 | 2025-06-10 | 😍
emy_llx23 | 2025-06-11 | 그녀는 먹는 모습이 너무 예쁘다❤️
j.h__121201 | 2025-06-09 | 짖짜 뿌링클보다도 뿌링사이드가 최앤데❤️❤️❤️❤️나두 사실 뿌링치즈볼이 원탑ㅋㅋ
da_.5om | 2025-07-16 | 소리ㅁㅊ
chaehyun____ | 2025-07-15 | @park__m2
h0rn_x | 2025-07-12 | 가루 왜케마나
k_hyr12 | 2025-07-11 | 먹는덧보다 귀여운 얼굴이 더 눈에 가는...
hzxe_ll | 2025-06-09 | 언젠간 나도 이걸 먹을수 있는 날이 오겠지 ??(또륵)
gekikara_men | 2025-06-10 | 🥰
jack93kim | 2025-06-10 | 소떡소떡.....
affiliate_syeda_310 | 2025-06-11 | 😋
jjxlife_ | 2025-06-12 | bhc는 띠드볼이지예🤤🤤
yeoweonjin31 | 2025-06-28 | 근데 치킨은요?...
gabe07j | 2025-07-01 | Amazing asian woman and wonderful cheese pull and perfect food and perfect food ASMR sounds and amazing video
overwatcheveniftheheadisbroken | 2025-07-04 | 권력잇다...
iamkimhyunae | 2025-07-01 | @1224evebro 뿌링클 맛있겠다ㅠㅠㅠㅠ
hai23.kokuro | 2025-06-09 | ❤️
hpmo_on | 2025-06-09 | 으아 치로스 저거 비싸지만 넘 맛나죠 먹고싶네요😢
berup_x | 2025-06-09 | ❤️
aysoda.javan | 2025-06-12 | ❤️
mehdi____ebz | 2025-06-12 | 🙌
_abcdebcda_ | 2025-06-21 | @chamchi_210
so.uuuun | 2025-06-21 | asmr 미쳤당...💗
chaexun3 | 2025-06-24 | 아진심너무맛있게드세요ㅜㅜㅜㅜㅜ너무좋아요 대리만족
2ys_29 | 2025-06-09 | 흐얼 뿌링클 존경합니다 😍😍
skdi77hp | 2025-07-09 | 뿌링감자🤤
yunho3352 | 2025-07-10 | 뿌링클 맛있나요? 한번도 안먹어봐서 함 먹어 볼까요?
gwenfoodnfit | 2025-07-11 | Is that nonveg?
ssyfazzhraa | 2025-07-14 | enak kan pasti?
onlylovv_riellaa | 2025-07-16 | So Yummyyy ❤️❤️
yones1541909 | 2025-07-18 | ‌
mynadia | 2025-07-20 | 치즈볼❤️❤️
gagayun129 | 2025-07-20 | 츄베릅님 입에뿌링클 가루뭍으신게 넘귀여워용😍😍
azamsyed08 | 2025-07-21 | I am sad. I am very hungry right now watching this 😢
rcbli_nigar | 2025-07-24 | 배가 고프니까 이걸 먹을 수 없어요. 😣
m_m.hanna | 2025-07-30 | 사이드만 저렇게 주문 넣어도 배달이 되나여??"
2025-06-08,3969,소리 무슨일? 육회 꿀조합 발견🚨 7주,"#육회, #마늘빵, #마늘바게트, #육회마늘빵, #먹방asmr, #mukbang, #육회먹방, #mukbangasmr, #asmreating, #mukbangers, #야식추천, #mukbangkorea, #asmreatingsounds, #간식추천","ruri.food | 2025-06-08 | 더 마늫같은 마늘빵ㅋㅋㅋㅋ아 요즘 육회땡겨ㅠㅠㅠ소리진짜 좋은디❤️
berup_x | 2025-06-08 | ❤️
2ys_29 | 2025-06-08 | 우와 진짜 맛잇겟보요오 .. 한입이라더 먹고싶은 비주얼ㄹ 😢😢😍😍
yourmomislaughing | 2025-06-08 | 헐이조합뭐에여ㅠㅠ저도한번먹어봐야겟어요
hzxe_ll | 2025-06-08 | 아까 부계로 봤지롱~~
inayun196 | 2025-06-09 | 너무 맛있게 드셔서 힐링된다..❤️
jack93kim | 2025-06-09 | 앜ㅋㅋㅋ 존맛탱이겠다
mukorang | 2025-06-09 | 색다릉 조합ㄴ이당❤️❤️
mat_puri | 2025-06-09 | 오오!! 은근 잘어울릴 것 같은데요!!
parkhangyeol0522 | 2025-06-09 | 배까지 올라면 더 맛있어여
inas.6274i | 2025-06-09 | 😋나는이란이지만 한국어 수업에 가지 않고 한국어를하는 법을 배웠습니다. 😍
gge.juck | 2025-06-08 | 오 마늘빵은 생각도 못했는데 ㅋㅋㅋㅋㅋ 한조각만 주십쇼…😮
kimchunshik117 | 2025-06-08 | 담에 롯데리아 버거 해주세욤^^ 먹고 십은거..
mukjung_ | 2025-06-08 | 바삭소리 진짜 미쳤당,,
bonge_o0o_food | 2025-06-09 | 진짜 맛잇겟네..소리쥭여,,
gekikara_men | 2025-06-08 | 🥰
bonny_vely_ | 2025-06-09 | 육회짱❤️❤️❤️입니다
myeong_jonmatt | 2025-06-09 | 입천장 아풀듯
xute.17 | 2025-06-09 | 와이게모야이게모야레전드다저도주세요아니육회조합의축복이끝이업어
jeongjaegwang9 | 2025-06-09 | ❤️❤️❤️❤️❤️❤️❤️❤️❤️❤️❤️❤️❤️❤️❤️❤️
yones1541909 | 2025-07-18 | ای
yones1541909 | 2025-07-18 | ای
_sten_2000_ | 2025-06-13 | What is this pink?"
2025-06-05,8471,맥주 땡기는 60계 신상 쯔란윙봉? 중독성 대박인 이번 신상🫶🏻 촬영 끝나고 더 먹을정도 였는데 그 맛은 ? 7주,"#광고, #60계, #60계치킨, #쯔란윙봉, #치킨맛집, #치킨추천, #치킨먹방, #먹방asmr, #mukbang, #mukbangasmr, #신상리뷰, #asmreating, #mukbangers, #야식추천, #mukbangkorea, #asmreatingsounds, #chicken","narye_zzang | 2025-06-07 | 츄베릅 귀욥😍
siso_father | 2025-06-05 | 당장 주문해야 겠어요 😍
bori_xxn | 2025-06-05 | 간지치킨 좋아하는데 비교해주세용!!
illhyhl_7 | 2025-06-05 | 소리 되게 좋다
berup_x | 2025-06-05 | ❤️
180__32 | 2025-06-05 | 간장소스에 쯔란은 첨보는 조합인데.. 엄청 마싯어보이네🫢🫢🫢🫢🫢
review_minday | 2025-06-07 | 와...소리 진짜 미쳤어요ㅠㅠ 🔥
hzxe_ll | 2025-06-05 | 치킨 ㅜ 이시간에 ㅜㅜ🔥
h_mochi_bungeo | 2025-06-05 | 오 많이 짜지는 않아요?
inas.6274i | 2025-06-10 | 와우 나는 너무 맛있어 보이고 싶었다 😋
hy0.ax | 2025-06-05 | 돈없는데 이러기얌..?
muk._.chuuru | 2025-06-05 | 쯔란..!
hid_zip | 2025-06-05 | 아 ㄹㅇ 테바사끼 느낌날거같아서 지금 주문직전이에여 미쳣따..;;
positive_number_1 | 2025-06-05 | 차라리 감자말고 쯔란 샤워한 통마늘튀긴거 들어있었으면 진짜 양꼬치 바이브 났을텐디 아쉽다
inas.6274i | 2025-06-10 | 😢😢나도 나를 위해 전환하십시오. 😢
andredoggy | 2025-06-06 | 혹시,,, 메가 컴포즈 이디야에서 나오는 팥빙수음료들 비교해주실 수 있나여?? ㅎㅎ
mat_puri | 2025-06-06 | 쯔란윙봉이라니 맥주랑 아주 굳일듯..
mukjung_ | 2025-06-05 | 콰작콰작 ㅜ
gekikara_men | 2025-06-06 | 🥰
feruzazs | 2025-06-07 | 🔥
azzaarby | 2025-06-07 | 𝑤𝑜𝑤!
81ackp0ny | 2025-06-06 | 한국가면 이거부터 조진다
with.payal | 2025-06-07 | So cute 🥰
eatsonee | 2025-06-05 | 마쉿겠다.
kaitokozono | 2025-06-05 | 맛있을듯
yoo._.je8 | 2025-06-06 | 얌
megane.song_921 | 2025-06-08 | can you eat salmon with mayonaise please"
2025-06-04,6115,통연어장 직접 만들어먹기 ! 8주,"#통연어, #통연어장, #연어, #연어장, #밥도둑, #연어먹방, #salmon, #먹방asmr, #mukbang, #mukbangasmr, #asmreating, #mukbangers, #야식추천, #mukbangkorea, #asmreatingsounds","berup_x | 2025-06-04 | ❤️
dongne_mukstagram | 2025-06-04 | 크큭 진짜 잘드시네용 ㅎ
hzxe_ll | 2025-06-04 | 내사랑 연어❤️
toothless_jung | 2025-06-04 | 레시피 어디서 봐여 ㅠㅜ 흐앙😍😍😍😍
180__32 | 2025-06-04 | 저번 그 소스보다 이게더 마싯어 보이네용🤤🤤🤤🤤🤤
wxalxx__ | 2025-06-04 | 방금 제 최애먹방 되셨습니다👏
mukorang | 2025-06-04 | 내 최애❤️❤️❤️
bbbm_jg | 2025-06-05 | 킹크랩게장도 해주세영
sgsjw2023 | 2025-06-06 | 츄베릅🤤
bonge_o0o_food | 2025-06-04 | 대박이당 ㅋㅋㅋㅋ 코찡 졸귀 ㅋㅋㅋ 다음에 새우장도 해주세요..❤️
christylee5688 | 2025-06-10 | 😍
hjaeyoung_07 | 2025-06-04 | 진짜 맛있어보인다ㅏ아😢
mukjung_ | 2025-06-04 | 남은반절 저주세요 언니!
ruri.food | 2025-06-04 | 연어장까지 만들어먹다니 진ㅁ자 대다내...
mat_puri | 2025-06-05 | 직접만든 연어장이라니 훔쳐오고싶네요"
2025-06-02,7719,요즘 유행하는 차갑게 먹는 닭발 ? 8주,"#레몬무뼈닭발, #평천면옥, #량진희, #닭발먹방, #닭발, #먹방asmr, #mukbang, #mukbangasmr, #asmreating, #mukbangers, #야식추천, #mukbangkorea, #asmreatingsounds, #asmreatingshow","tastebuds__official | 2025-06-02 | 차갑게 먹는 닭발이라니❤️ 궁금해요😍
mukorang | 2025-06-02 | 궁금하댱
hzxe_ll | 2025-06-02 | 표정에서 맛이 다 드러나는 성격이구운🔎
180__32 | 2025-06-02 | 오..차가우면 더 쫀득한가요???🤔🤔🤔🤔🤔
berup_x | 2025-06-02 | 꼬독😝
ruri.food | 2025-06-02 | 아 그니까 이거 볼때마다 궁금했는데 먼가 차가운닭발? 맛 없을거같앜ㅋㅋㅋ
ji______hae__93 | 2025-06-10 | ❤️너무맛있게먹어오
loveonthisearth | 2025-06-02 | 온니 표정 못숨기는거 넘 커여어용
uang372 | 2025-06-03 | 맛이 좀 호불호 갈리는 맛이긴해요 ㅠㅠㅠㅠㅠㅠㅠㅠ
g._.xodus1 | 2025-06-02 | 오늘따라 눈이 더 순딩초 해 보이시네여😮
k_gmlrud | 2025-06-02 | 일반맛은 새콤해서 당황스럽고 마라맛은 일반맛보다 더 매워요!! 먹고나면 턱관절이 얼얼😂
zsilieox | 2025-06-07 | 솔직하신 거 최고ㅎㅎ🤍
mu_ch1cken | 2025-06-02 | @81ackp0ny 아 닭발 먹고싶뉴
hhhzz22233 | 2025-06-03 | @hlctisk
palette_dessert_ | 2025-06-04 | 여기꺼랑 원조랑 맛달라용 원조꼭드셔보세여!!!
bori_kie | 2025-06-02 | 시무룩한 츄베릅씌..ㅠ
gjdkfla | 2025-06-02 | 화장 안하시니까 토끼같아여
mukjung_ | 2025-06-02 | 언니 턱 양념 닦아주고싶어요
rie_ishslmn | 2025-06-02 | You're so prtty
bonge_o0o_food | 2025-06-03 | ㅋㅋㅋㅋ귀여우ㅏㅋㅋㅋㅋ
moana_a243 | 2025-06-05 | 어떤 맛일지 궁금하네요?❤️
bso3320 | 2025-06-06 | 량진희껄 먹어보세여.. 맛달름
azzaarby | 2025-06-07 | ! 𝑤𝑜𝑤
yu_minji.18 | 2025-06-11 | 😍
13.3.29 | 2025-06-13 | 힝 기대햇는데
minimi.ni | 2025-06-13 | 별로였음... 유튜브 안 믿어..
j_w960425 | 2025-06-14 | 량진희꺼 저 몇일전에 시켜 먹었는데 매우 맛없어요~~ㅠㅠ 제 스탈도 아니고 나눔이나 할라구요~ 2주 기다려서 먹은 보람이 하나도 없어여..
hyfashion.2 | 2025-07-28 | 호불호갈리는 음식인데 유행인가?라고말하기엔 본인도 유행따라서..드신거지않낭... ㅠ 분명 호불호갈린다는 평이 꽤! 많았을텐데!난봤는데!"
2025-05-30,1.2만,망고 + 치킨 그 맛은요… 치킨매니아 신상 망고치킨🥭 차갑게 먹는 게 포인트라는데 ?! 8주,"#광고, #치킨매니아, #망고치킨, #망고, #치킨맛집, #치킨먹방, #신메뉴, #치킨매니아영탁, #영탁치킨, #영탁망고치킨, #영탁픽, #먹방asmr, #mukbang, #mukbangasmr, #asmreating, #신상리뷰, #mukbangers, #야식추천, #mukbangkorea, #chicken, #배달음식","berup_x | 2025-05-30 | ❤️
ruri.food | 2025-05-30 | 와 진짜 신기햨ㅋㅋㅌ시원한치킨맛..!?!😮😮
hj_foodie | 2025-06-01 | ㅋㅋㅋ망고치킨 진짜 대박이댜 단짠단짠🧡💛
nninzueo | 2025-06-03 | 맛없다던데 개마싯게드시네……….맛잇어보인다갑자기
ghir_jae | 2025-05-30 | 차갑게 먹기 도전
yourmomislaughing | 2025-05-30 | 소리미쳣드아ㅠㅠ
180__32 | 2025-05-30 | 생각보다 괜찮을수도...??? 하와이안 피자 먹는 느낌..??🤣🤣🤣🤣🤣
_dami.xn | 2025-07-03 | 맛있겠돠
ddonge_e_ | 2025-06-06 | 궁금해요 ㅋㅋ먹어보고싶응데영😍
themukeou | 2025-06-01 | 오 새콤달콤 시원한?! 신기해!!!
heewoo_official | 2025-07-07 | 맛있어보이는디
k62327113 | 2025-05-31 | ❤️❤️❤️❤️
mukmuk179 | 2025-05-31 | 전 사실 요번신상듣고 설렛어요...😍
gimseoyeon5425 | 2025-06-01 | 앗..후식이 필요없을드으읏??
j2ch.busan | 2025-05-31 | 왐마... 이 조합 뭐죠 ㄷㄷ
hzxe_ll | 2025-05-30 | 잉 ?? 망고치키이인 ??
mukjung_ | 2025-05-30 | 와맛이 상상이안가
h_mochi_bungeo | 2025-05-30 | 따로 먹으면 안돼요…(?)
u4dieeee | 2025-06-02 | …?..?.??.?.?.?
bonge_o0o_food | 2025-05-31 | 샐러드 느낌이라니까 확 와닿았어 ㅋㅋㅋ
ssosso_day_ | 2025-05-30 | 여기에 맥주 같이 여름에 즐기면 딱
mingi_u | 2025-06-12 | 그냥 후라이드치킨 먹고 망고빙수해먹으면 되겟는데...?
yun_zeo_s | 2025-06-01 | 한마디
hai23.kokuro | 2025-05-30 | 🤍
saet_star13 | 2025-05-30 | 와 맛있겠다ㅏㅏ
gekikara_men | 2025-05-31 | 🥰
beluvsick178 | 2025-05-30 | 머스타드소스를 가미한 치킨샐러드ㅋㅋㅋ
wj.lee_13_3 | 2025-05-30 | 망고에 치킨...? 망고는 그냥먹는게 젤맛있는데😢
eun._.xoz | 2025-06-05 | 맛 없을꺼 같은데.. 희한하게 츄베릅님이 먹기만 하면 다 맛있어 보이는건 기분탓인가요?😂😂
1._.hs000 | 2025-05-31 | 으..
dksjanqorhvmek | 2025-06-02 | @kidcozyeone 이개뭐누
molgolava | 2025-05-31 | 맛은 딱히 없는데 광고라 먹어야겠고ㅋㅋㅋ
kaitokozono | 2025-05-30 | 저건 에바네
hangilmoon90 | 2025-05-31 | 망친,,,
lcl.or | 2025-06-03 | 헐
vectorflourish | 2025-05-31 | …??
xxy_pigband | 2025-06-07 | 에바래 ㅋㅋㅋㅋㅋㅋㅋㅋㅋㅋㅋㅋㅋ🔥🔥
ddongkkki | 2025-06-02 | 대체 살은 외 안찌나요,
m2ngi8 | 2025-06-02 | 역겨워요…
hy0.ax | 2025-05-30 | 이건 나 안줘도 댄다.. 첫번째로 와따❤️
kittylitte.ken | 2025-05-30 | so good 😍😍❤️
sj_.zxin.18 | 2025-07-03 | 망고냄새가 왜나지
yx.7rn | 2025-07-03 | 어디서 사영
opaviaa | 2025-07-04 | 윽 ㅜ 맛잇나여"
2025-05-29,1.9만,배라 잔망루피 아이스크림케이크 2탄 기다렸죠? 기다렸다고 해라. 8주,"#배라, #잔망루피, #배스킨라빈스, #잔망루피아이스크림케이크, #아이스크림케이크, #디저트먹방, #아이스크림맛집, #간식추천, #먹방asmr, #mukbang, #mukbangasmr, #asmreating, #mukbangers, #디저트맛집, #야식추천, #mukbangkorea, #baskinrobbins, #dessert","bbok_yee_07 | 2025-05-29 | 점점 이뻐져요ㅠㅠ 댑악🖤
hai23.kokuro | 2025-05-29 | ❤️
cyhgg141127 | 2025-05-31 | 저 레샤 완전 호!!!!
sirlangitpe | 2025-06-02 | 아니 저도 루피아이스크림 케이크 머거봣는뎅 ,, 이거 저는 개인적으로 쿠앤크가 짱이엿서여 츄베릅님 너무 잘드셔요.. 혹시 고정 가능할까요?
berup_x | 2025-05-29 | ❤️
ur.queennihan | 2025-05-31 | 아이스크림이 정말 맛있어 보여요
so.p_.hia__ | 2025-05-30 | Spc 불매👏👏👏
fernan_92a | 2025-05-30 | 👏👏
ham2_ni__ | 2025-05-29 | 루피쨩 ㅋㅋㅋㅋㅋㅋㅋ
nana_iwww | 2025-07-24 | ❤️👏
mukjung_ | 2025-05-29 | 베릅 할미살려~~
81ackp0ny | 2025-05-29 | 베라 레샤로 케잌 채워줘ㅓㅓㅓㅓㅓ
180__32 | 2025-05-29 | 포크가 각각 만원씩 2만원이엇네...🫣🫣🫣🫣🫣
kimhana519888 | 2025-06-06 | 와 ㄱ...마시써보인다
fortuitousj_ | 2025-06-02 | @__jhhhh97 사주세요...
dkdrlahelhdb20 | 2025-07-04 | 저거 먹다가 배탈아서 숙제 겨우함
d.zs_1 | 2025-06-02 | 나때는 먹는거
hjaeyoung_07 | 2025-05-29 | 오 반민초👏👏
parkhangyeol0522 | 2025-05-30 | 나 작년 인가 제작년에 저 케잌 먹었는데 5월 22일
mek_144 | 2025-06-03 | @khao0_x
p.0rk0 | 2025-06-01 | 다른 종류 케잌 있는데 그건 초콜렛이에요
rkatkgka30 | 2025-06-15 | 먹을때 입으로 흡입?? 바람..?! 소리 안나서 넘 좋아요 ㅠㅠ 다들 그러던데 이분은 거슬리는게 없음!!!
gge.juck | 2025-05-29 | 잔망베릅
titi_lestari__ | 2025-05-31 | Follow me 😍
wj.lee_13_3 | 2025-05-29 | ❤️
horse.8262055 | 2025-05-30 | 소리 너무좋다😍 츄베릅..
yourmomislaughing | 2025-05-29 | 맛잇갯다
mn._.1031 | 2025-05-30 | 원래는 초콜릿이였는데 리뉴얼되서 바꼈어용
dhxnsoe | 2025-05-30 | 관련없는 얘기 꺼낸거 죄송한데 고바순 어디서사여? 유학생이라 자세히몰라서요
daemeolikkakkala | 2025-05-30 | 왜케 귀엽냐 얘
teb._01 | 2025-05-30 | ㅇㄴ 저 판이 초콜렛일리가
daemeolikkakkala | 2025-05-30 | 뉴치케 없는거 에바 ㅡㅡ
bonge_o0o_food | 2025-05-29 | 돌아가세욬ㅋㅋㅋㅋ 포크 삼단일줄이야,,
leeoh_review_ | 2025-05-30 | ㅋㅋㅋㅋㅋㅋ베릅 할미 살려 웃기다😂
shntdsn | 2025-05-31 | bisa bisanya gasuka choco mint 😢 choco mint enak bangettt
bbeuddiieon | 2025-05-31 | 🙌🙌
nathalyleyvaa | 2025-06-02 | 너 정말 예쁘네 ❤️
somin_1016 | 2025-06-02 | 맨 위층 갈색 초콜릿 일걸요
dubu_nswer | 2025-06-02 | 그 27가지 맛이였나? 암튼 그게 초콜릿 판 인걸로 알고있어용
sa.rang8253 | 2025-06-03 | 민초 싫어하시는 분....---------------------------------->>
al_stj.0 | 2025-06-03 | 초코인 것도 있고 아닌것도있어요
yun_ju1024 | 2025-06-04 | 얼마에요??
e.nnb1_ | 2025-06-07 | 이거 루피말고 그냥 네모난판에있는게초콜릿이에요!
eun.x13_ | 2025-06-11 | 레인보우샤베트 존맛인데 왜 안먹어요
jxn_.se0 | 2025-06-14 | 저거 옛날에는 판 초콜릿이였는데
ji.eun4947 | 2025-06-15 | 예전엔 밑판이 초콜릿이였대요!!
batrisyia1382 | 2025-06-16 | Ya god
jia_love0901 | 2025-06-17 | 얼마에요?
jaeeun702 | 2025-06-17 | 다 영상이 똑같은 기분
i_am_a_cat.2024 | 2025-06-21 | ❤️❤️
sihoo0708 | 2025-06-24 | 초코는 사각형으로 되어있어요
zy.1hx_ | 2025-07-02 | 민초 버리지 마요
tay_d.williams | 2025-07-02 | 귀여워! ㅎㅎ 🤍
parvulikhawlhring | 2025-07-03 | 👏👏👏
so______yul | 2025-07-24 | 예전에는 저 판 초콜릿이었는데?!?!?
seo.741409 | 2025-07-27 | 네모난 케이크가 판이 초콜릿이던데요"
2025-05-28,4.5만,배라 잔망루피 아이스크림케이크 드디어 먹어보았다 ! 9주,"#배라, #배스킨라빈스, #잔망루피아이스크림케이크, #잔망루피, #아이스크림케이크, #먹방asmr, #mukbang, #간식추천, #mukbangasmr, #asmreating, #디저트맛집, #mukbangers, #mukbangkorea, #icecreamcake, #baskinrobbins","j.h__121201 | 2025-05-28 | 오ㅘㅏㅏ!! 내 최애+최애 조합!! 아수크림케잌 2탄 기대해도 되겟죠...?!!
hzxe_ll | 2025-05-28 | asmr지렷다❤︎
berup_x | 2025-05-28 | ❤️
hi_eung_ | 2025-05-29 | 잔망루피.. 재고 품절.. ㅎ... 왜갑자기 이리 잘나가능가..
sara_vibes85 | 2025-07-12 | 😂
nazroonnazeer | 2025-07-13 | Ry😍😍
yejoon.e_fan_official | 2025-05-28 | 입은 쪼끄맣게 이쁘신데 한입에 들어가는거신기 😆역시 맛있게드셔😍
daldalxjung | 2025-05-30 | 헐…. 다른사람들음 쫀득거리는 식감 소리들려주려고 입벌리면서 쩍쩍,,,먹는데 솔직히 다른분들은 다 듣기좋았을지도 모르는데 저는 조금 듣기 힘들거든요…??? 이분은 그런거없이 조용히 깨끗하게 잘묵어서 너무좋아요,,,,,,진자로,,,,,,🍨
ruri.food | 2025-05-28 | 이 시린거 너무 웃기닼ㅋㅋㅋㅋ나이 머거떠 우리😂😂
myeong_jonmatt | 2025-05-28 | 잔망루피 귀여운걸.. 사정없이 먹어치워버림::)
khanomfardy | 2025-07-14 | ❤️
baskinrobbins.jeungsan | 2025-06-27 | 귀엽고 맛있기까지 한 루피케이크 최고!!😍
puty.airasalsabila | 2025-07-12 | 난 그걸 느껴요, 소녀, 내 입의 벽이 차가워요
yun_bbock | 2025-06-03 | 아래 검정색은 먼가여?
yoo._.je8 | 2025-05-28 | 👏👏👏ㅍ
im_szsz | 2025-05-30 | 잘 녹는 별모양부터 먹어주는분 드디어 발견ㅜㅠ 다들 동그란거 먼저 먹느라 별모양은 다 녹은 상태로 먹어서 깝깝햇어요😭
poco0_0s2 | 2025-05-31 | @shekalz 사줘티비
feli7.rin | 2025-05-30 | 옛날에 저 판 초콜릿이였는데 ㅜㅜ 아시는분
mz_gaeun | 2025-06-01 | 오마시게따
baegho243 | 2025-05-30 | 뽀로로도 나왓으면 좋켓다ㅏㅏ
pa.niz6857 | 2025-07-18 | ❤️🔥😍
rosmery_zxx | 2025-07-08 | Eso está frío cierto
hjaeyoung_07 | 2025-05-28 | 한입에 드시네 배우신 분 👏👏
silmi_cantikkkk_silcan5724 | 2025-07-12 | Goreng patut Jaba hideng geleh ningalina Oge. 🩷🩷🩷🤍🤍🤍Canda cantik imutt
nxxs_xo | 2025-05-30 | 요즘 이게 유행인가
ela_zeynepp1 | 2025-07-17 | 1주좋아요 1개답글 달기
jounhuni0808 | 2025-06-22 | 맜있겠다
rhdms2714 | 2025-05-29 | 언니… 입 안시려워요? 한입에 먹으면 입 엄청 시렵고 차가울텐데…ㅠ
titi_lestari__ | 2025-05-31 | Part 2
ela_zeynepp1 | 2025-07-17 | İp
hasna_ju | 2025-07-12 | Ur so cute when ur eating
ye_xs1 | 2025-05-30 | 아이 아이스크림 거의 다 먹었는데 나오노;;
itsafy_fy | 2025-07-29 | kn mn.......
mme_anaise | 2025-07-22 | зачем глаза пучить?
ecrinnmisss01 | 2025-07-24 | Yiğit sana asık olmuş abla😁💥
hassn_eastayl | 2025-07-25 | هههههههههه جربته
itsafy_fy | 2025-07-29 | mnn
wymankam | 2025-07-07 | 숌ㅅㅣㅐㅐㅏㄴㅛㅕㅡㅡㅛ
oh_my_sofiiii | 2025-07-30 | Does that not hurt when u bite?
k_klaudiaak | 2025-05-30 | 와 맛있다
khaha_haaeun07 | 2025-05-30 | 우왓!!!!@
mat_puri | 2025-05-29 | 포크 넘 귀엽자나 ㅠㅠ
hai23.kokuro | 2025-05-28 | 🤍🙌🙏🏻👏🏻👏🏻
seogaeun10 | 2025-05-28 | 언니 투게더에 약과 과자 먹방 올려주세요 😢😢😢
leeoh_review_ | 2025-05-28 | 2편 내놔,,,
mukbears | 2025-05-28 | 포크탐난다,,
kkutti_h | 2025-05-28 | 나도포크..
kkutti_h | 2025-05-28 | 소리죠타,,
180__32 | 2025-05-28 | 저도 치킨이랑 비슷한 가격이면 치킨을...🫣🫣🫣🫣🫣🫣
ddo__yam | 2025-05-29 | 대박 아스크림 한입에 다 왕😍
azraakbar7 | 2025-05-29 | Nice beautiful ❤️❤️❤️
milangloryy | 2025-05-29 | 어느 것이 가장 아름답다고 생각하시나요?
bonge_o0o_food | 2025-05-29 | 나이들었나 이 시렵다눈고 왜케 귀욥냥ㅋㅋㅋㅋ
haseung0428 | 2025-05-30 | 맨마지막에 땠던거 초코에요!!
bbeuddiieon | 2025-05-31 | 🔥🔥
bbeuddiieon | 2025-05-31 | 😢
bbeuddiieon | 2025-05-31 | 😮
bbeuddiieon | 2025-05-31 | 😂
bbeuddiieon | 2025-05-31 | ❤️
bbeuddiieon | 2025-05-31 | 🙌🙌
frinka_uia | 2025-05-31 | ❤️
y2.xil1 | 2025-06-01 | 그거 엄외맞는데
h4ichie_ | 2025-06-02 | Brain freeze?😞😔
si_wook_13 | 2025-06-03 | 엄외?엄마는외토리?
jeongdoyeong887 | 2025-06-03 | ❤️❤️❤️❤️❤️❤️❤️❤️
mimelodiixx | 2025-06-03 | I loveee that she ate the fruity ones first then proceeded to the creamy ones
gwiyeounmirae | 2025-06-04 | 루피포크는 루피아이스크림에 있어요!
luvvly_mochi | 2025-06-13 | Yummmy!! ^^
yu_ashley_ | 2025-06-13 | 저걸그냥? 안차갑나 저게 한입일리가
m_xi.h | 2025-06-15 | 틴트뭐쓰시나요?ㅎㅎ ❤️❤️❤️❤️
auyn_10 | 2025-06-15 | 얼마에용?
ratihmaulana714 | 2025-06-16 | Wow🤤🤤
chicken_jaehoon | 2025-06-16 | 포크 갖고싶다
naylanazla.app | 2025-06-17 | İtu pasti sangat enak🙌❤️
lwt1144 | 2025-06-17 | Where can buy？
dzakira_talita_azzahra_28 | 2025-06-19 | 🤤🤤🤤🤤🤤🤤🤤🤤🤤
songdahye0429 | 2025-06-24 | 근디처음이 잘 들어보면트름 소리 남ㅋㅋ
anasophia6291 | 2025-06-27 | いつか日本に行きます
anasophia6291 | 2025-06-27 | 本当に知りたかった
nabila_calya | 2025-06-28 | Pengennnn tapi beli dimanaaa
rxi_ne13 | 2025-06-28 | 근데 저거 안차가워요?
conlfy | 2025-06-30 | اريد منها شسمها
littleeldikas | 2025-06-30 | I got brain freeze just by watching
keyyjlous_ | 2025-07-02 | cute
arian_abejarano | 2025-07-02 | ❤️❤️
tz_zura9 | 2025-07-02 | Hallo broer
jsr.730 | 2025-07-03 | 한층에 만원?!
namirazajiraay | 2025-07-04 | Ngga dingin tah mbakk?
tira._no | 2025-07-31 | 진짜 이 언니 먹방이 젤 맛도리...🔥❤️
yuxz9n | 2025-07-31 | 장염환아는 대리만족"
2025-05-26,7291,치즈케이크맛 연세우유 생크림빵 신상? 먹산 생크림빵에 이은 두번째 두산콜라보 허슬두 생크림빵🫶🏻 연세우유빵 얼리어먹터로 이번에도 출시 전에 미리 맛봄 ! 치즈케이크 크림치즈랑 딸기 조합🍓🧀 다음달 연세우유빵 신상도 많관부🫶🏻 5/28 CU 출시예정 ! 9주,"#광고, #얼리어먹터, #연세유업, #연생빵, #cu신상, #허슬두생크림빵, #연세우유생크림빵, #연세우유, #먹방asmr, #간식추천, #mukbang, #신상리뷰, #mukbangasmr, #디저트맛집, #asmreating, #mukbangers, #편의점신상, #asmreatingshow","berup_x | 2025-05-26 | ❤️
hzxe_ll | 2025-05-26 | 언니 진짜❤️❤️
ddub_e2 | 2025-05-26 | 😮😮
hai23.kokuro | 2025-05-26 | 🔥❤️🙌👏👏
ruri.food | 2025-05-26 | 곰 모야 기여웤ㅋㅋㅋ크림가득 마싯게까❤️
mukorang | 2025-05-27 | 사무거야징❤️❤️
mat_puri | 2025-05-27 | 크림 가득한거 완전 좋아요..
gge.juck | 2025-05-27 | 와 퐁신한 크림 가득한거봐요😮
themukeou | 2025-05-27 | 빵도 너무 이쁘게 먹쟈나❤️❤️
wanteat._.eat | 2025-05-27 | 와 크림 풍미ㅠㅠㅠㅠㅠㅠ 진짜 미친 거 아닌가요..😍
muuk.dda | 2025-05-26 | 치즈러버 벌써 미챠벌임 ㅠ
oc.nxy | 2025-05-28 | 오늘 나온당><
bonge_o0o_food | 2025-05-26 | 치즈덕후 달료간당
sh.cookkook | 2025-05-26 | 와 얼먹 대박 ㄷㄷ 소리 미쳐써여,,,,
_inhyehong.87_ | 2025-05-28 | 대박대박😍
ddo__yam | 2025-05-26 | 헐 치즈덕후인데 ❤️크엉 ㅠ
dauhuphomai._ | 2025-05-26 | Earlyy❤️❤️
yoo._.je8 | 2025-05-26 | 와
180__32 | 2025-05-26 | 사빠딸정도면 최곤데...🫢🫢🫢🫢🫢
1onefood_ | 2025-05-27 | 오옹 쫀맛😍
jack__foodie | 2025-05-26 | 연세크림빵 광고 ㄷㄷ 머찌다
gekikara_men | 2025-05-27 | 🥰
tab.coooollll | 2025-05-28 | ❤️❤️❤️
kimchunshik117 | 2025-05-27 | 꼬르륵…
vanekwai | 2025-05-29 | Your soo pretttyyyyyy"
2025-05-23,2.6만,불족발에 까르보불닭 레전드 조합 발견💕 9주,"#불족발, #까르보불닭, #불닭, #불닭볶음면, #불족발까르보, #족발먹방, #라면먹방, #먹방asmr, #야식추천, #꿀조합, #mukbangasmr, #asmreating, #mukbangkorea, #asmreatingshow, #배달음식","happyvirus_ys | 2025-05-23 | 군침돌아요 ❤️
berup_x | 2025-05-23 | ❤️
hzxe_ll | 2025-05-23 | 개맛있을듯
ssshxe | 2025-06-29 | 😍😍😍😢
gagayun129 | 2025-07-18 | 맛있겠따😍😍😍
foling_4 | 2025-05-24 | 👏👏
hai23.kokuro | 2025-05-23 | ❤️
hyunny_funnyworld | 2025-06-02 | 저도 너무 궁금해요
fernan_92a | 2025-05-24 | 👏👏
as_naial | 2025-06-19 | 매우 맛있어 보입니다😍
sinny_daaa | 2025-05-23 | 조금만 줘 ㅋㅋ😍😂😂😂
bonge_o0o_food | 2025-05-24 | 나 어제 족발 먹엇는데 통햇다ㅎㅎ
yxn_1h21 | 2025-06-18 | 아니 불족발 어디꺼지 ㄹㅇ 개맛도리겠다
inas.6274i | 2025-06-10 | 😢나를 위한
sonverynice | 2025-06-21 | 한님만
hjaeyoung_07 | 2025-05-23 | 하..이 시간에 정말 😢
asilayman2024 | 2025-05-25 | Yummy 😋
jeong_jae___won09 | 2025-05-23 | 아ㅏㅏ 진짜 먹구 싶네여...ㅠ😢
dauhuphomai._ | 2025-05-23 | the next video, can u eat noodles?
ongshim__official | 2025-05-24 | 어디 족발이에요
kaitokozono | 2025-05-24 | 까르보나 자주 먹누
180__32 | 2025-05-23 | 역시 족발은 불족이야 쫜득쫜득...😢😢😢😢😢
teqsocial | 2025-05-24 | I see you doing your thing🔥
_you__woo__ | 2025-05-26 | 까르보 레시피가 어떻게 되나요ㅜㅜ
h4foora | 2025-05-27 | please use english sub.. i don’t understand korean :(
ai.chaaicha538 | 2025-07-16 | ㅎㅊㅐㅛㅂㅔㅓㅎㄴㅜㅋㅊ
mertinizz33_ | 2025-07-19 | Are you eating dog?
ndillyz._ | 2025-06-27 | Ntahlah,,kek mirip @juyyputrii"
2025-05-21,6.2만,핫뿌링클에 뿌링치즈볼 낋여왔습니다. 10주,"#뿌링클, #핫뿌링클, #뿌링치즈볼, #치즈볼먹방, #먹방asmr, #mukbang, #mukbangasmr, #asmreating, #mukbangers, #야식추천, #mukbangkorea, #asmreatingsounds, #배달음식, #치킨먹방, #치킨추천, #chicken","asyifariskinya | 2025-06-30 | ❤️🙌
ruri.food | 2025-05-21 | ❤️❤️
180__32 | 2025-05-21 | 오 이건 덜물릴지도!!!!🤩🤩🤩🤩🤩
gyungyyyyy0414 | 2025-07-14 | 핫뿌링클 개맛있는데 순살도 내줬으면..
ruri.food | 2025-05-21 | 내놔츄베릅
hy0.ax | 2025-05-22 | 77ㅑ 언니 너무 이뽀
j.h__121201 | 2025-05-21 | 오오 빨리 왓당!! 오늘도 넘 추베릅..🥵🥵
pinkieshykra | 2025-06-08 | 👏❤️
anakrantau9207 | 2025-07-05 | ❤️
bomb_chive | 2025-05-23 | 그래도 BHC가 나름 머리를 쓴게 맵찔이는 일반 뿌링클 먹으면 되고 매운거 잘 먹는 사람은 핫뿌링클 먹어봐도 되고 좋네요
eva.braga10 | 2025-05-25 | 😍
muktime_records | 2025-05-22 | 뿌링클 ㅠㅠㅠㅠ🔥
miss.moxi1 | 2025-05-21 | 🔥🔥
berilarslan629 | 2025-07-10 | Canım çekti
su_miiiiiiin_i | 2025-06-04 | @onimeyho 핫뿌링클 도전 ?
tanba_elah | 2025-06-28 | 😍❤️
yoo._.je8 | 2025-05-21 | 와
shila.das.1806253 | 2025-05-22 | 너무 맛있어요 😋😋 치즈볼 하나와 매운 후라이레그 피스 두 개 주세요 🥰🤭
jalolova_marjonao11 | 2025-05-30 | 🙌
redprettyeyez | 2025-05-28 | 🔥
simanis8071 | 2025-05-23 | 😍
egqonsag | 2025-05-21 | 치즈볼만 가득 쌓아서 먹어주세요!! 제가 진짜 해보고 싶던건데 돈이 없어서 대리만족이라도 하고 싶어용
sorrylhaveabottle | 2025-05-25 | 먹고싶은데 이거 처음 먹고 너무 매워서 소리질렀던 게 트라우마라 5년째 도전 못하고 있음..
wisfer___ | 2025-05-29 | 핫뿌링클 진짜 겁나 자극적인 맛이던데여 저는 맵찔이라 먹고난 뒤 속이 쓰리더라는🥵
decorous448 | 2025-05-26 | 👁️👄👁️
ayabe_r558 | 2025-06-30 | Appetite 😍🔥
kimchunshik117 | 2025-06-01 | 난 맵찔이라 그냥 먹어야징
its.riby | 2025-05-25 | Craving this while having a cough 😭
saraenrico7181 | 2025-06-12 | 😍😍
pxarlily | 2025-05-21 | 저거 너무 내스타일이 아니어서 실망함ㅠㅠ
lawfulbears | 2025-07-09 | gua kalo makan begini, pasti besokannya radang
lj._.ssek | 2025-05-21 | 마시써보이는데.. .ㅇ.
mybug99li0s | 2025-06-23 | Abla kilo alıyonmu?¿ 🤤
kaitokozono | 2025-05-21 | 😢😢
dlalwooss_95 | 2025-06-09 | 진짜맵던데 잘드시네 ㄷ ㄷ
ddddd_.lllll | 2025-05-22 | 체중 관리 비법 있으신가요 ㅜㅜ
betasha_forlife20 | 2025-07-13 | Burinkle😍
siapa_14563 | 2025-06-01 | 唧嘴
chyntemirovakoc | 2025-06-16 | 🥵🐔
berup_x | 2025-05-21 | ❤️
_.bxxylatina._ | 2025-05-31 | What is it called?
chicken_jaehoon | 2025-06-19 | 뿌링클!🔥❤️
gol___house85 | 2025-05-22 | 미쳤다🤤🤤🤤
mukjung_ | 2025-05-21 | 지금 시켜❤️
muuk.dda | 2025-05-21 | 핫뿌링클 죤맛 ㅠ 하 미쳤다
mukorang | 2025-05-21 | 아 미쵸따이ㅣㄹ이잉❤️❤️❤️
tastebuds__official | 2025-05-21 | 뿌링소스 듬뿍 찍어 먹고파여❤️❤️
hzxe_ll | 2025-05-21 | 핫뿌링이 잇엇구나 !!
umirrrae | 2025-05-22 | 너무 맛있어보이자놔🔥
_hstidrbi_ | 2025-05-26 | دلم خواست
wj.lee_13_3 | 2025-05-22 | 개맛있겠당😢
ssyfazzhraa | 2025-07-17 | enak kan itu? bagi lah
qalandariyousuf | 2025-07-18 | 😍
im.thhuyen | 2025-07-18 | 😍😍
emoj.i7887 | 2025-07-20 | 🤤🤤🤤
4r.3a__ | 2025-07-20 | 아주 맛있을 것 같습니다 🤤
shady_gaza2 | 2025-07-24 | We haven't eaten chicken for 4 months. We miss the taste of chicken. There's nothing to eat. 😭😭😭😭💔
downey_chanel | 2025-07-24 | 나는 이것을 좋아한다 ❤️
adeevem__ | 2025-07-25 | That yummy 😮🔥"
2025-05-19,1.4만,이거보면 배라 최애맛 적고가야함. 배스킨라빈스 아이스크림 케이크 혼자 뿌시는 으른✌🏻 10주,"#배라, #배스킨라빈스, #배라아이스크림케이크, #아이스크림케이크, #먹방asmr, #mukbang, #간식추천, #mukbangasmr, #asmreating, #디저트맛집, #mukbangers, #mukbangkorea, #야식추천, #asmreatingsounds, #icecreamcake, #baskinrobins, #아이스크림맛집","j.h__121201 | 2025-05-19 | 와 미쳤다❤️❤️❤️아수크림 케잌 사랑하는데 최애인 베릅님이 먹어주시다니!!❤️❤️ 베라 아이스크림 케잌 먹방 많이많이 해주세요ㅠㅠ(아님 배라라도?..)
hzxe_ll | 2025-05-19 | 베라는 개맛도리❤️❤️
lovely_jungdohee9382917 | 2025-05-22 | 케잌 완젼내스타일 이런거아이스크림케잌겁내좋아?!😮😍
berup_x | 2025-05-19 | ❤️
authornewlife | 2025-05-19 | ‘아이’스크림 먹을 땐 ‘아이’가 되도 되 요
daegu.ing | 2025-05-19 | 나능 민초 ❤️
bbok_yee_07 | 2025-05-19 | 저는 엄마는외계인!🙌
hanapau4w | 2025-07-25 | 😍😍😍
hongjimin3339 | 2025-05-27 | 헐 저도 엄외가 제 최앤데!😍
02_ji0__ | 2025-05-22 | 슈팅스타, 민트초코, 체리쥬빌레, 피스티치오😋❤️
baskinrobbins.jeungsan | 2025-06-21 | 외계인 케이크 최고 ㅠㅠ😍😍
ruri.food | 2025-05-19 | 아진짜마싯겟다 베러
81ackp0ny | 2025-05-19 | 누가 뭐래도 레샤
bonge_o0o_food | 2025-05-19 | 민초먹는 맛에 보게되네 ㅋㅋㅋ🤭🤭
hai23.kokuro | 2025-05-19 | ❤️❤️
mochacream1017 | 2025-05-19 | 바닐라 베리베리 스트로베리 초콜릿 초콜릿무스 쿠키앤크림 엄마는 외계인 뉴욕치즈케이크...너무 많아서 못 고르겠어요♡
mukjung_ | 2025-05-19 | 민트 한판먹어주세요 언니 ㅎ
myj3.138 | 2025-07-02 | 전 🍵🍫에여!!
hotdor_s | 2025-05-19 | 갑자기 베라 끌리네
180__32 | 2025-05-19 | 베라는 엄외가 최고고 표정은 이해합니다🤧🤧🤧🤧🤧
ssosso_day_ | 2025-05-20 | 아봉 좋아하면 아몬드봉봉블라스트 넘나 추천인데요 이미 아시겠져..?ㅎㅎㅎ 리뷰 넘 조하효ㅎㅎ 먹방리뷰 극 사실 주의 💕 미끄덩 아이스크림 너무나 공감버튼
fernan_92a | 2025-05-19 | 👏👏🙌
duxy.sy | 2025-06-10 | 슈팅스타,아몬드 봉봉,초코 나무 숲!
gekikara_men | 2025-05-19 | 🥰
lj._.ssek | 2025-05-20 | 이뿌하게 드시네요
vishakhakumar_ | 2025-05-19 | yummy 🥺🥺💓
ryuko_35 | 2025-05-19 | Looks so good
kimchunshik117 | 2025-05-20 | 내가 먹은거 맜있는데..
lumen.davinci | 2025-05-19 | HUFT ITS 10 PM AND IM CRAVING IT
yejoon.e_fan_official | 2025-05-19 | 체리쥬빌레 엄마는외계인 베리베리스트로베리 뉴욕치즈케이크!😍
beluvsick178 | 2025-05-19 | 취저🥺
sso2972 | 2025-07-19 | بدي بس أعرف كيف الكوريين بيقدرو يعضو لأيس كريم ؟؟
yoxnx_11 | 2025-07-06 | 엄마는 외계인, 레인보우 샤베트!
yololikiki | 2025-05-27 | 아스쿠림케꾸 위에 있는 엄외에는 그 초코볼 과자 안 들어있나용?
pizzab0ie | 2025-05-19 | SPC에서 근로자 사망사고 또 발생했어요
50대 여자 근로자가 기계에 몸이 끼어서 두개골 파열되어서 사망하셨는데 베라 사 먹기 전에, 던킨 파리바게트 들어가기 전에 한번만 더 생각하고 행동하면 좋겠습니다
myeong_jonmatt | 2025-05-20 | 슈퍼 플렉스
msgmni_13 | 2025-05-20 | why is there a mint taste😭
gge.juck | 2025-05-20 | 하 케이크는 혼자 도전하기 빡세던데…
meokdoong | 2025-05-21 | 세상에...너무먹고싶가
yex.6_ | 2025-05-22 | 😢
eva.braga10 | 2025-05-25 | 😋❤️
yoo._.je8 | 2025-05-26 | 민초 맛ㅇ있눈데
ga0xn_ | 2025-06-02 | 그린티는 사랑이야
r1._._wann | 2025-06-06 | 엄마는 외계인 초콜릿 초콜릿무스 쿠키앤크림
h_on_it | 2025-06-08 | 얼마인가용
oniloveskazurai | 2025-06-11 | Your gigi not ngilu ii?
leeara._1305 | 2025-06-18 | 아이스크림 케이크에서 민트 좋아하시는 분들이 있는건 알겠지만 왜꼭 민트를 넣는건지 모르겠다.. 없는것도 만들어주면 안돼낭..
cute_girl986744 | 2025-06-27 | where do you get this ice cream from and what is the name of the shop because l want to try the ice cream ❤️
hye_1lin | 2025-07-01 | @l_w0211
nunoiiiiiiii | 2025-07-01 | It’s not cold?
ttlqkf._.fuck | 2025-07-02 | 달고나😍😍😍
mj_990725 | 2025-07-29 | 사빠딸 뉴치케 바람과함께사라지다 아몬드봉봉 우주라이크봉봉😍"
2025-05-16,11.7만,푸팟퐁커리 불닭볶음면에 킬바사 소세지 ! 10주,"#푸팟퐁커리, #푸팟퐁커리불닭볶음면, #불닭, #불닭볶음면, #먹방asmr, #킬바사소세지, #킬바사, #mukbang, #mukbangasmr, #asmreating, #mukbangers, #야식추천, #신상리뷰, #asmreatingsounds, #mukbangkorea, #buldak","hzxe_ll | 2025-05-16 | 어 ? 나 어제 킬바사 소세지 먹방 보다 잤는데 ??? 아 맛잇껫다❤️❤️
berup_x | 2025-05-16 | ❤️
meowwwwwwwwwwwwwwwwwwwwwwwwvv | 2025-05-16 | 근데 뜬금없이 이언니 화장법 궁그매…😍 아직 안햇다면 나중에 메컵 에셈알 말아쥬세요….🔥
sinny_daaa | 2025-05-16 | 너무 매혹적이네요!😭 너랑 같이 먹을 수 있으면 좋겠다😍❤️
assil_7357 | 2025-05-20 | 😍❤️
nanda_rosa10 | 2025-07-17 | 我多麼愛她！ ！ ！
j.h__121201 | 2025-05-16 | 헐ㄹ 미쳤다 푸팟퐁커리 별로 안좋아하는데 넘 맛있어보임ㅠ 아그리고 구도 나쁘진 않는데 약간 아람님 날것먹방처럼 시선을 약간 애메하게 하지말고 안보거나 아님 예전 구도가 더 나아요!
asusxon.01 | 2025-07-15 | 아주 좋아요, 행운을 빌어요, 자기야. ❤️
emy_llx23 | 2025-06-11 | 먹고 싶은 기분이 들었어요
yngrid_dn | 2025-05-28 | ❤️❤️
j__.j__.w07 | 2025-05-17 | 저도 먹어봤는데 향이 너무 쎄다보니까 저도 재구매 의향은 절대 없어요 !!! 그래도 엄청 맛있게 드셔주셔서 오늘도 잘 보고 갑니다 !!!!!!!
delouisameyril | 2025-05-20 | Woi lah jadi lapar😢😢
seanorv1 | 2025-06-19 | 예쁘시다
anitapandey1163 | 2025-05-20 | 😍😍😍
joyongjin368 | 2025-06-05 | 정말 맛있겠네요.
f.ood12 | 2025-05-18 | 언니 징짜 너무 마싯겟따❤️❤️
나도 불닭 머것는데 통했나봐ㅏㅏ💗
elsheikhrital | 2025-06-11 | 🤤 😋
maybeee_madd | 2025-06-14 | 1. you are SO pretty, 2. that looks so delicious 👏
trisha_kamble_47 | 2025-06-05 | 나는 당신의 영상을 정말 좋아해요 😍😍😍😍
bxxhllll_ | 2025-07-02 | 😋✌🏻
kc_rheyax | 2025-05-22 | Is that a Coconut flavor?
nokia_f1k3 | 2025-05-20 | 개 맛있겠누
andrinyvieiraaraujo | 2025-07-18 | Que delícia 😋😋😋
tiffany_5810s | 2025-05-17 | ❤️
althv_jk | 2025-07-17 | 배가 고팠어요 😂
l_.lwiw | 2025-05-20 | 😍
gim75161 | 2025-07-08 | ❤️
niyayesh8309 | 2025-05-21 | Yehchdkrobczbkceiicsmoddfbugc from the last time I got gys kdithkts jcrefi idheudbdicskxrcnchs
th3_nzinda | 2025-05-19 | looks so yummy 😋
adeliaputri10989 | 2025-07-14 | yummi 😍❤️🍝🍜🥢🥓
nodirovamasuda | 2025-07-23 | Are you Korean girl?🥹🎀
wishgonee | 2025-06-06 | @daliaqila
omni_onetwo | 2025-06-26 | Looks so yummy want it
soliiwm_m | 2025-07-18 | also people who watch it at night
two_guy_one_swing | 2025-05-18 | 🤬
beluvsick178 | 2025-05-16 | 10주좋아요 193개답글 달기
naila_akifa_putri_ | 2025-05-21 | Drooling bjirrrr
re_non22 | 2025-07-30 | ╰⋃╯
fernan_92a | 2025-05-17 | 👏👏👏
180__32 | 2025-05-17 | 평소랑 달라진건 카메라 각도!
gekikara_men | 2025-05-16 | 🥰
mat_puri | 2025-05-16 | 소리 진짜 미쳤는데요..
mukjung_ | 2025-05-16 | 헐킬바사먹고시퍼ㅠㅠ
gge.juck | 2025-05-16 | 아니 킬바사가 큰건가요 옌님 얼굴이 작은건가요
joon.2da | 2025-05-17 | 시선처리 미스 인정😢
bonge_o0o_food | 2025-05-17 | 지금 구도도 예뽀❤️
muuk.dda | 2025-05-17 | 이 구도 아쥬 조은데여..?😮
j2ch.busan | 2025-05-17 | 킬바사 소시지 먹는 소리가 완전 Kill...
ariaiimnsh | 2025-05-18 | Naisl👏
review_minday | 2025-05-18 | 헐....소리 진짜 대박이네요..아.오늘 야식 불닭 각인거 같아요.. 😂
siiiezza | 2025-05-18 | 당신은 정말 아름다워요 자기야❤️
222__jo_yuri__222 | 2025-05-18 | 😍😍😍😍😍😍😍😍
nunesjacineia | 2025-05-20 | Eu quero
leiselefernandes | 2025-05-20 | Q delícia esse macarrão
falutdavongsanty | 2025-05-20 | 👏👏
maryammehmood829 | 2025-05-21 | 😍
whoislyssa__ | 2025-05-21 | Oooo
niyayesh8309 | 2025-05-21 | 😍😍😍😍😍😍😍😍👏
alice_martins7a | 2025-05-21 | Meu sonho é pra correia
sa_min8620 | 2025-05-23 | ❤️❤️
mystichqrlitr | 2025-05-23 | Yum
zahra.sh.763 | 2025-05-23 | ❤️
samin_kh_2_21 | 2025-05-24 | ❤️❤️❤️❤️❤️❤️❤️
khamdan.safiudin_ | 2025-05-25 | Bentuk sosis e kok ngunu yoo @izzamulaa_ @faizinnm_ @nurdynazl @davidazizi__
hikmatulisnaini02 | 2025-05-25 | 당신의 여동생은 정말 아름답습니다❤️❤️
__goharikkk__ | 2025-05-26 | You're looks so beautiful
mki37360 | 2025-05-26 | @gamdel61 ضلعي لاتغرك البنيه ترة اذا جاعت حته الحمزة مايشبعها
quwanishbaeva_t1 | 2025-05-26 | Oh mmm😋😋😋
quwanishbaeva_t1 | 2025-05-26 | ❤️❤️❤️
gim_meenjae | 2025-05-26 | 와우 서리@대박
yoo._.je8 | 2025-05-26 | 9주답글 달기
번역 보기
cruella_0o0 | 2025-05-27 | Dr❤️
aylla.pires | 2025-05-28 | ❤️
munizjesusenriquegutierrez | 2025-05-28 | Todos hablan chino y yo no😭😭
itz_me_neelio | 2025-05-29 | Cute❎ Trying to be cute✅
vikytoriajuliana | 2025-05-31 | 😢
vikytoriajuliana | 2025-05-31 | 🤤🤤🤤🤤🤤🤤
lunaramarose | 2025-06-01 | 너 왜 그렇게 마른데 그렇게 많이 먹어?
hailey.2dayyroomm | 2025-06-01 | Does my sausage fit in ur mouth ?
kinsleyyy._.mostwantedonee | 2025-06-01 | Can sum one tell me what they saying
ro.nika9323 | 2025-06-02 | You are so cute😍😍😍
zhe8.3445 | 2025-06-03 | 你这个声音太不好听了
araceliaranda1384 | 2025-06-04 | 哎呀，好多香肠啊
jaya.nna2323 | 2025-06-05 | 정말 좋아 보입니다🔥
lalau099 | 2025-06-05 | Tengo hambre 😩
ooitatyan_h | 2025-06-06 | リップ取れないのすごい💄
slowly_134 | 2025-06-06 | 약간 기본 불닭 잘 먹는 사람들은 저거 별로 안좋아할듯
celestial.fae | 2025-06-06 | Yummy!
_i__m_gruff_ | 2025-06-06 | 🔥🔥🔥
lavcuttie822 | 2025-06-06 | soo yummy btw, keep up the spirit in making content 🔥🙌😍
reena._210 | 2025-06-06 | فهمت غلط 😂
saraenrico7181 | 2025-06-06 | 😍😍😍😍
kmar8471 | 2025-06-07 | Hello bb ❤️
kjoao3438 | 2025-06-07 | E dento
hahhadiwowow | 2025-06-07 | ao good
patrick_baitenan | 2025-06-07 | 😍
fatima._.abbasii | 2025-06-07 | You are so cute 🥺🥰❤️
brarsamar04 | 2025-06-08 | 7주답글 달기
번역 보기
calvz_ajaz | 2025-06-08 | 🔥🔥🔥
matqt15 | 2025-06-08 | 😍😍😍"
2025-05-14,3만,요즘 자꾸 뜨는 2세대 쫀득쿠키 먹어보았는데.. 11주,"#2세대쫀득쿠키, #쫀득쿠키, #먹방asmr, #mukbang, #간식추천, #mukbangasmr, #asmreating, #디저트맛집, #mukbangers, #asmreatingsounds, #mukbangkorea, #asmreatingshow, #dessert","sirlangitpe | 2025-05-15 | 역시 짱짱 츄베릅님 오늘 영상도 잘보고 갑니당👏👏🔥😍
berup_x | 2025-05-14 | ❤️
ruri.food | 2025-05-14 | 헐 넘 맛나게떠ㅠㅠㅠ소리보소
hzxe_ll | 2025-05-14 | 맛있겠따…❤️
tastyseoul_ | 2025-05-14 | 저장하고 먹어볼래요😍
5o.xuz_ | 2025-05-15 | 4알 12000원ㅠㅠ 넘넘 비싸지만ㅠㅠ 맛있어보인다..
hai23.kokuro | 2025-05-14 | ❤️🔥
gge.juck | 2025-05-14 | 이거 진짜 자주보이는데 궁금해요 ㅜㅜ
ashi2ee | 2025-05-14 | 언니 쿠키도우 먹어주세용!
meowwwwwwwwwwwwwwwwwwwwwwwwvv | 2025-05-15 | 저두 한입만 주세요..😍
bonge_o0o_food | 2025-05-14 | 마지막 엄청 질겨보이는데 궁금햌ㅋㅋㅋ
muktime_records | 2025-05-22 | 아 넘 맛있겟어요오❤
gekikara_men | 2025-05-14 | 🥰
j_x1na | 2025-07-22 | 쫀득모찌
dondon__pig | 2025-05-15 | @rla.xodd 요즘 이거 먹어보고파
muuk.dda | 2025-05-18 | 두바이 돌려먹기 나머지 냉동먹 메모
kaitokozono | 2025-05-14 | 👏👏
taee.un07 | 2025-06-08 | 어디서 사셨는지 알수있을까요?🥺
180__32 | 2025-05-14 | 이쯤되면 궁금해지는 1세대..🫣🫣🫣🫣🫣
yumie_50 | 2025-05-19 | Wow that looks yummy 😍❤️
mi.lky5598 | 2025-05-15 | Finally English subtitles, please continue this
mondcookie_official | 2025-05-15 | 헐...🥹🫶 몬트쿠키 2세대 쫀득쿠키 드셔주셔서 너무너무 감사해요오...🧡✨ 소리 미쳤어용...‼️
_oarsly | 2025-06-12 | 소리대박이다
sss__jjj0 | 2025-05-16 | 렌즈 정보 알 수 있을가용?ㅜㅠ
x.dawn_13 | 2025-05-17 | 4알에 만원이 넘어?...
duati795_ralte_khawlhring | 2025-05-22 | ❤️❤️
ji.2uu | 2025-07-06 | 언니 조유리 닮았어요!
jeeeeo_o | 2025-07-19 | @y.ruun 요거…"
2025-05-12,2.6만,배홍동 칼빔면에 육회 잔뜩 부어버리면? 11주,"#배홍동칼빔면, #배홍동, #배홍동비빔면, #육회, #육회비빔면, #육회먹방, #먹방asmr, #mukbang, #mukbangasmr, #asmreating, #mukbangers, #야식추천, #asmreatingsounds, #mukbangkorea","j.h__121201 | 2025-05-13 | 와 이번영상 완내스!!😍😍 최애 비빔면+최애 고기+최애 인플루언서=❤️❤️❤️
berup_x | 2025-05-12 | ❤️
sinny_daaa | 2025-05-12 | 저거 생고기예요? 맛있어 보인다😍👏
hzxe_ll | 2025-05-12 | 지금 숙제 끝났는데 알림떠서 바로 왔으요❤️
sirlangitpe | 2025-05-13 | 베릅님 얼굴이 솔직히 얼굴도 이쁘세여.. ㅜㅜ 그리고 무엇보다 음식도 예쁜거랑 맛있는거만 다 들고오셔서 ..ㅜㅜ 베릅님 팬 계 수준이에여 😍😍👏
hai23.kokuro | 2025-05-12 | ❤️❤️
daejeon_jangga_official | 2025-05-14 | 우오ㅜ 이조합은 생각도 못했네요❤️
ur.queennihan | 2025-05-15 | 배고프네요.
a1swlk | 2025-05-17 | 진짜미쳤다
okryeongongju | 2025-05-15 | 와씨
muk_sezzang | 2025-05-13 | 맛있어보여요😋
180__32 | 2025-05-12 | 9900원에 저정도 양이면 엄청 많은데..🤩🤩🤩🤩🤩
really.lily__ | 2025-06-28 | @ju_a_ab 이거 먹쟈 ㅠㅠ
younzxu | 2025-05-13 | @3_s1h4 미쳣다
o_suum | 2025-05-14 | @gang_es2 @myungjun_oh 미쳐따잉
juns.eo1402 | 2025-05-14 | 나도 배홍동파 ㅋㅋ
mmm_mnnn3 | 2025-06-01 | @oboeohboe
syyjx_ | 2025-05-23 | 호우ㅜㅜㅜㅜㅜ
meowwwwwwwwwwwwwwwwwwwwwwwwvv | 2025-05-12 | 아배고파ㅠㅠ
yoo._.je8 | 2025-05-12 | 마싯겠다
lu3vio | 2025-05-14 | ㄷㄷ 새벽에 뜨는 거 오바지... 침 나오네
gekikara_men | 2025-05-13 | 🥰
po1itepup | 2025-05-17 | 미쳣다..
hey._.yunn | 2025-07-02 | @yoonnyeji @yxxn__25 소윤 이거 너네집에서 먹기로 결전햇어 준비해놔
ye._.hi | 2025-05-12 | 어떻게 이런 우연이..!! 저 방금 저녁으로 칼비빔면 먹었는데!!
mnhau_n | 2025-05-18 | @na.kxn_
mukjung_ | 2025-05-12 | 엄지에양념묻었어요!
poopoopooppoooopoop | 2025-05-29 | 미틴
shabrinaa_9 | 2025-06-01 | is that raw meat?
erkew._ | 2025-05-20 | как они вообще едят сырое мясо?🥴
diamond.maishah | 2025-06-10 | 🤢🤢🤢🤢
oneon.zip | 2025-05-12 | 와 진짜 비쥬얼 미친거아닙니까😢 한입만 딱.. 한입만요ㅠㅠ
ddo__yam | 2025-05-12 | 9900원 ㄷㄷㄷㄷ 가성비
mukorang | 2025-05-13 | 미쳐따ㅠㅠ❤️❤️
dokkkiee | 2025-05-13 | 먹방천재 츄베릅 ❤️
skxid_2 | 2025-05-13 | 육회 어디서 사셨나여ㅠㅠ
jaws_eat | 2025-05-13 | 육회한가득 넘좋네요❤️
esraaozdmr44 | 2025-05-13 | Seni severek izliyorum 💖
daejeon_jangga_official | 2025-05-14 | 우와...이조랍
xoaizu_99 | 2025-05-15 | What's that
jx.s1n | 2025-05-16 | 육연가 미만잡입니다🔥
hitotsuminadegiri | 2025-05-22 | Raw beef and noodles? Looks delicious😋😋😋
zh.i_.0 | 2025-06-09 | الحم ني ?
justhambawithoutkanda | 2025-06-10 | Look so tasty, whats this meal name?
cloud77174 | 2025-06-15 | 아니 언니 지금 나 잘려구 누웠는데..
bbyaliewer | 2025-07-01 | แซ่บหลาย
gaurdian.angel.heaven | 2025-07-18 | 왜 생것인데? 그래도 여전히 맛있어
abdulahadhassan9900 | 2025-07-28 | He is eating raw meat
mi_randa1293 | 2025-07-30 | 🤮"
2025-05-09,1.6만,치필링핫+짜파구리=❤ 케이준 V컷 감자랑 먹으니 행복 10배🫶🏻 ✨ 치필링 5천원 쿠폰 증정 프로모션! 1. [멕시카나 앱] 또는 홈페이지에서 [온라인 주문하기] 접속 2. 우측 상단 [MY 멕시카나] & [쿠폰] 선택 3. [쿠폰 등록] - [ 츄베릅 ] 입력하여 5천원 쿠폰 발급 ✓ 쿠폰 유효 기간 : 6/30(월) 까지 ✓ 대상 메뉴 : 치필링 / 치필링핫 / 치필링 반반 멕시카나 주문하기 https://mexicana.spge.kr/ 11주,"#광고, #멕시카나, #치필링, #치필링핫, #치킨, #치킨추천, #치킨맛집, #신메뉴, #치킨먹방, #치즈치킨, #치즈, #chicken, #먹방asmr, #mukbang, #mukbangasmr, #asmreating, #mukbangers, #야식추천, #짜파구리, #꿀조합, #mukbangkorea","berup_x | 2025-05-09 | ❤️
180__32 | 2025-05-09 | 오...멕시카나는 진짜 오랜만인데🤩🤩🤩🤩🤩
hy0.ax | 2025-05-09 | 역시 광고 들어올줄 알아찌 ㅋㅋ 언니 ❤️❤️
gge.juck | 2025-05-09 | 당신… 먹잘알로 인정하겠어요…😮
hai23.kokuro | 2025-05-09 | ❤️❤️🙌🙌
muk_joongsa | 2025-05-09 | 아우 맛있긋닼ㅋㅋㅋㅋㅋ 배고파 죽을것 같움.
themukeou | 2025-05-09 | 진짜 치필링 그렇게 맛있오?
loahx22 | 2025-05-10 | 맛있겠다!!
yejoon.e_fan_official | 2025-05-09 | 오늘 시켜먹어야겠다😍
hwa0_unni | 2025-05-09 | 와아
gekikara_men | 2025-05-09 | 🥰
bori_xxn | 2025-05-09 | 짜파구리라뇨!! 이 생각을 왜 못했지?
kimchunshik117 | 2025-05-09 | 학원 끝나자 마자 츄베륩
_336hp | 2025-05-09 | 일본으로 배달해줘…
esoo_o79 | 2025-05-09 | @jong_hyeok714 시켜죠용. 저 조합 탐나용
kaitokozono | 2025-05-09 | ❤️
chu.berup_jmt | 2025-05-09 | 치필링핫+짜파구리=❤

케이준 V컷 감자랑 먹으니 행복 10배🫶🏻

✨ 치필링 5천원 쿠폰 증정 프로모션!

1. [멕시카나 앱] 또는 홈페이지에서 [온라인 주문하기] 접속
2. 우측 상단 [MY 멕시카나] & [쿠폰] 선택
3. [쿠폰 등록] - [ 츄베릅 ] 입력하여 5천원 쿠폰 발급
✓ 쿠폰 유효 기간 : 6/30(월) 까지
✓ 대상 메뉴 : 치필링 / 치필링핫 / 치필링 반반

멕시카나 주문하기 https://mexicana.spge.kr/
muk._.chuuru | 2025-05-09 | 오...멕시카나!!
sh.cookkook | 2025-05-09 | 왘ㅋㅋㅋㅋㅋ소리 미뗬다,,,,,,,
bonge_o0o_food | 2025-05-09 | ㅋㅋㅋㅋ치즈 양쪽으로 늘릴때 졸긔넼ㅋㅋㅋ
a89925313qq | 2025-05-09 | 😍😍😍
ggam_food | 2025-05-10 | 치즈가계속늘어나네여
leong._.zzi | 2025-05-13 | 치필링 핫은 어느 정도 맵기 인가용?
rodrigoferreirabarbosa448 | 2025-05-17 | 👏🔥
hitotsuminadegiri | 2025-05-22 | I love that cheese pull😍😍😍
jixn_.5 | 2025-05-23 | 마니 매워여? 맵기가 어느정두에욥??
nahuel_salva_27 | 2025-05-24 | 😍💕
_meo.u._ | 2025-06-03 | Tuyệt
anamoura6400 | 2025-06-10 | É tão satisfatório ver ela comer
ayush___778387 | 2025-06-11 | 🤤🤤🤤🥹🥹"
2025-05-07,5.6만,치즈 뿌린 불닭납작당면에 고추마요💕 꾸덕함 무엇? 12주,"#불닭, #불닭볶음면, #불닭납작당면, #푸라닭, #고추마요, #블랙알리오, #치킨, #라면먹방, #먹방asmr, #mukbang, #mukbangasmr, #asmreating, #mukbangers, #야식추천, #배달음식, #chicken, #asmreatingsounds, #mukbangkorea","tastebuds__official | 2025-05-07 | 진짜 너무 맛있게 드신당❤️❤️
berup_x | 2025-05-07 | ❤️
stone_hengeee | 2025-05-25 | 난온니얼굴보려고맨날먹방바ㅠㅠ넘기엽고예쁨…
97.30.25 | 2025-05-17 | ❤️❤️
ruri.food | 2025-05-07 | 유튭에서 미리 봣지롱😍
97.30.25 | 2025-05-17 | 🌸🌸🌸
suzye_14 | 2025-05-31 | 저 로제납작당면 먹어봤는데 진심 넘 꾸덕햇어요 ㅋㅋㅋㅋㅋ 그래도 맛잇엇음 ..😍
gge.juck | 2025-05-08 | 하 맵찔이는 영상으로 만족 ㅜ
97.30.25 | 2025-05-17 | 🔥🔥
mukjung_ | 2025-05-07 | 언니 옴뇸뇸으로 시작멘트해주세요 너무귀여워요! >_<
asusxon.01 | 2025-07-15 | Why you so cute❤️
hai23.kokuro | 2025-05-07 | 🔥❤️🙌🙌🙌
misun100474 | 2025-05-07 | 🔥🔥🔥
emm6_h | 2025-05-15 | 🤤🤤🤤🤤🤤🤤
ilham_suka_2stroke | 2025-06-18 | I'm so hungry😮
180__32 | 2025-05-07 | 저도 납작당면보다는 일반불닭에 한표🤤🤤🤤🤤🤤
fat39239 | 2025-06-07 | ❤️
hzxe_ll | 2025-05-08 | 이렇게 먹는데 살이 안찌다니 !!
malek_54353 | 2025-05-18 | 😍😮
hanankuwat68 | 2025-06-24 | 😋😋❤️❤️❤️😍😍❤️👍🏻👌👏🏻👏🏻👏🏻😋😋😋
jeany_honorato_4545 | 2025-06-11 | ❤️
fernan_92a | 2025-05-08 | 👏👏👏
dauhuphomai._ | 2025-05-07 | So yummm! when i see you, my stomach is hungry again🔥
bonge_o0o_food | 2025-05-07 | 입작아도 엄청 잘머거 쩌러,,
x_elosss | 2025-05-13 | Im hungryyy😢
puriwindi | 2025-06-19 | 인도네시아의 룩첩을 드셔보실 수 있나요!🤗
j._.lve | 2025-05-11 | @yhj_96
raraaaa_channnn | 2025-05-28 | lu pikir gw ngerti bahasa nya kak
gekikara_men | 2025-05-07 | 🥰
mat_puri | 2025-05-09 | 꾸덕스 소리 미쳐따…
hid_zip | 2025-05-08 | 살려주세요 배고파졋어요…….🥹🥹🥹🥹🥹🥹오바…사운드 오바
my_meals0 | 2025-05-11 | 😮
merveyilmaz4987 | 2025-07-19 | 🤢🤢
iryoushippai | 2025-07-02 | You look like @hinako_kagura
neno_el_chileno | 2025-05-11 | Estos no tienen problemas de hacer un kiko siempre están con los cachetes hinchados
_shod1yona___ | 2025-05-30 | Farosatdan ham bergan ekanda chalpilamay oʻle isqirt 🤮🤮🤮
iam_yas_olyverx | 2025-06-30 | 😍
dy_emfla7 | 2025-07-03 | 와 로제가 찐인데 진짜 쌈@뽕한 맛이에요 도전 해보십쇼
rubi_abada | 2025-07-04 | 😍
gabe07j | 2025-07-10 | Awesome woman super amazing and amazing food❤️🙌🔥
bigdaddybee01 | 2025-07-16 | I have no idea how to read or understand korean but id guess shes glazing the food
jjioni0113 | 2025-07-17 | 맛있게따....😋
ceross_3 | 2025-07-22 | Açım
darakhshan4616 | 2025-07-24 | ❤️"
2025-05-02,2451,이거슨 흑임자냐 커피냐 흑임자라떼 맛집 툇마루 콜라보 2종 ! 베릅픽은 ? 영상 맨뒤에😝 구매처 : CU 12주,"#cu신상, #먹방asmr, #간식추천, #툇마루, #당과점, #흑임자카스테라, #흑임자롤케이크, #카스테라, #디저트맛집, #mukbangasmr, #mukbang, #신상리뷰, #asmreating, #mukbangers, #편의점신상, #dessert, #흑임자","100rang_food | 2025-05-02 | 툇마루커피 진짜 좋아하는데!!😮
berup_x | 2025-05-02 | ❤️
tastebuds__official | 2025-05-02 | 흑임자라니😍 커피랑 땡기네여❤️
hai23.kokuro | 2025-05-02 | 🤍🍫🙌👏👏👏
10021214a | 2025-05-02 | 흑임자맛 하나도안나고 걍 커피빵수준이어서 실망 ㅜ
180__32 | 2025-05-03 | 흑임자맛인데 흑임자크림이 너무적은데...😭😭😭😭🥱🥱
bonge_o0o_food | 2025-05-03 | 짱기욥넹ㅋㅋㅋ❤️❤️
review_minday | 2025-05-03 | 편의점에서 보이면 사먹어 보고 싶네용 😍
gaekolttak | 2025-05-17 | 나 중딩인데 평소 안좋아하는 커피가 왜 맛있어 보이지😂
fernan_92a | 2025-05-03 | 👏👏
hzxe_ll | 2025-05-03 | 흑임자는 내 스탈 아닌듯 ㅜ
kimchunshik117 | 2025-05-03 | 아니 나보다 더먹으시는데 살이 왜이렇게 안찌시지?
shareeng7 | 2025-06-11 | 😍😍
gekikara_men | 2025-05-03 | 🥰
z.azizi_ | 2025-05-06 | پ
z.azizi_ | 2025-05-06 | پ
z.azizi_ | 2025-05-06 | پ
z.azizi_ | 2025-05-06 | پ
z.azizi_ | 2025-05-06 | پ
z.azizi_ | 2025-05-06 | پ
z.azizi_ | 2025-05-06 | پ
z.azizi_ | 2025-05-06 | ج"
2025-04-30,1.1만,한국인 저격 청년다방 신상? 통마늘구이+닭다리살 들어간 마늘퐁닭🫶🏻 밥까지 볶아먹으면 최고일듯🫶🏻 청년다방은 돈가스까지 잘하던데?🫶🏻 13주,"#광고, #청년다방, #마늘퐁닭, #떡볶이맛집, #즉석떡볶이, #떡볶이먹방, #돈가스맛집, #먹방asmr, #mukbang, #mukbangasmr, #신상리뷰, #asmreating, #mukbangers, #야식추천, #배달음식, #mukbangkorea, #asmreatingsounds","berup_x | 2025-04-30 | ❤️
yam_yam_ping | 2025-04-30 | 마늘퐁닭 맛있겠어요!
paula8698silva | 2025-07-24 | 😍
alba_t42 | 2025-07-15 | 정말 맛있어 보여요!! 🤤
hzxe_ll | 2025-04-30 | 청년다방 떡볶이 개존맛탱❤️
mukjung_ | 2025-04-30 | 맥주까지 완벽하네요 언니.
sinny_daaa | 2025-04-30 | 항상 매혹적이네요! 또 배고파지네요...😂😂
100rang_food | 2025-04-30 | 청년다방은 못참쥬..😍
myeong_jonmatt | 2025-04-30 | 와 미쳤다❤️❤️
hai23.kokuro | 2025-04-30 | ❤️🙌👏👏👏
foo__zim | 2025-05-01 | ㅗㅜㅑ 대박이당!!오늘 시코먹어야징
81ackp0ny | 2025-04-30 | 아ㅏ 이러지마ㅏ 밤이자나ㅏ
jeongbanchan | 2025-06-07 | 키야🔥🔥
muk._.chuuru | 2025-04-30 | 통마늘 츄베릅
__ddami_ | 2025-04-30 | 대박 침샘 자극 제대로에요😋😋
180__32 | 2025-04-30 | 원랜 오징어가 최고였는데 닭이라면... 오징어는 잠시뒤로....
stayinlie | 2025-05-01 | hi pretty.. can u spill your lippies? that colour is so pretty!
gekikara_men | 2025-05-01 | 🥰
yucangwoo | 2025-04-30 | 이거보다가 배고파 쓰러질거같습니다
ddo__yam | 2025-05-01 | 헐 청년다방 사랑 츄베릅 ㅠ
joon.2da | 2025-04-30 | 좋다😮
kaitokozono | 2025-04-30 | 청년 들어간 음식점이 많네"
2025-04-28,6118,스니커즈맛 나는 연세우유 생크림빵 신상? 연세우유빵 얼리어먹터로 선정되어 출시전 미리 맛볼 기회 가짐🫶🏻 이번 신상 피넛초코생크림빵은 고소한 피넛+초코+아몬드+카라멜🫶🏻 얼려먹으니 더 존맛🫶🏻 앞으로도 쭉 미리 가져올테니 많관부! 4/30일 CU 출시예정🫶🏻 13주,"#광고, #얼리어먹터, #연세유업, #연생빵, #cu신상, #피넛초코생크림빵, #연세우유생크림빵, #연세우유, #먹방asmr, #간식추천, #mukbang, #신상리뷰, #mukbangasmr, #디저트맛집, #asmreating, #mukbangers, #편의점신상, #asmreatingshow","berup_x | 2025-04-28 | ❤️
daegu.ing | 2025-04-28 | 오 신상?!
hzxe_ll | 2025-04-28 | 언니 너무 맛있게 먹으니까 배고파지는거 같아❤️🫠
jack93kim | 2025-04-28 | 우와 .......😍
ruri.food | 2025-04-28 | 에프귭 미쳤다..대존맛일듯❤️
_inhyehong.87_ | 2025-04-28 | 예쁘게 맛있게 드시네요😍
hai23.kokuro | 2025-04-28 | 🤍🥰🙏🏻 🍫🍩🍪
tastebuds__official | 2025-04-29 | 이건 먹어봐야즁❤️😍❤️
gaekolttak | 2025-05-05 | 어, 왜 하트가 안눌러지지...ㅜ❤️
mukorang | 2025-04-28 | 으아아앙 맛나게땨야양ㅇ❤️
ghir_jae | 2025-04-29 | 얼먹 확인
k62327113 | 2025-04-29 | ❤️❤️❤️❤️
yam_yam_ping | 2025-04-28 | 신기해요 식감 ㅠㅜ
bori_kie | 2025-04-28 | 연세우유 피스타치오 생크림빵의 아몬드랑 초코생크림빵의 초코빵이랑 스키피 생크림빵의 크림이 합쳐지다늬,,, 네 무조건 사먹을게용😍
gge.juck | 2025-04-29 | 와 이거 얼먹 미치겠어요
gaekolttak | 2025-04-30 | 🔥
izuylwbd | 2025-05-16 | @annkim_0818 대박
yasminallory | 2025-05-19 | ❤️
jueeeee_ | 2025-04-30 | @dkwlsnskalsl
lj._.ssek | 2025-04-28 | 행복해보이는 모습.. 징짜 맛있나봥..
gekikara_men | 2025-04-28 | 🥰
everydayis_life | 2025-05-07 | 😮
leeoh_review_ | 2025-04-29 | 출시되면 무조건 먹어봐야징
mat_puri | 2025-04-28 | 역대급 소린데요…
180__32 | 2025-04-28 | 또 CU!!!!!!!!!!!🤑🤑🤑🤑🤑
ivencyou | 2025-04-29 | mau
beluvsick178 | 2025-04-28 | 1분전 귀하닫ㄷ"
2025-04-25,2.7만,푸라닭 고추마요 더 맛있게 먹는 방법? 블랙마요에 치즈볼까지💕 13주,"#푸라닭, #고추마요, #블랙알리오, #먹방asmr, #mukbang, #mukbangasmr, #asmreating, #mukbangers, #야식추천, #치킨먹방, #치킨맛집, #배달음식, #치즈볼, #mukbangkorea, #mukbangfood, #asmreatingsounds, #chicken","berup_x | 2025-04-25 | ❤️
180__32 | 2025-04-25 | 푸라닭은 알리오올리오 아니면 고추마요가 최고🤤🤤🤤🤤🤤
hy0.ax | 2025-04-25 | 꺅 언니 드디어 내소원 들어줘따 츄베릅❤️
hzxe_ll | 2025-04-25 | 맵찔이는 나중에 먹어볼게염
soulfully_._ | 2025-07-06 | 😂
suji.bineesh__19 | 2025-04-30 | Hiiii✌
ruri.food | 2025-04-25 | 이 언니 또 날 미치게해....
bonge_o0o_food | 2025-04-25 | 오늘따라 신나보여🤤
kiyarashthe_nigga | 2025-07-24 | 😍😍😍
bori_kie | 2025-04-25 | 엇 알바하셨구나!! 어쩐지 콘소메이징을 출시전에 먹어보신 이유가 그거여써..!
yung_e17 | 2025-04-26 | 언니 푸라닭시켜요지금..❤️
dggjjb9635 | 2025-04-25 | 우왕 맛있겠당
hai23.kokuro | 2025-04-25 | 🤍🙏🏻🙏🏻
hyeri_papa_ | 2025-04-28 | @s__lv.96 맛있겠다 😱
eomzi_ | 2025-05-15 | @7.02.g
sinny_daaa | 2025-04-25 | 맛있는 음식! 오늘 밤 배가 고프네요...🥹🥹🥹
gokkaya_123 | 2025-04-25 | 지금 당장 먹고 싶어요🤤😋
gekikara_men | 2025-04-27 | 🥰
edamame0710 | 2025-05-10 | Do you have YouTube channel too?
lovem_easiam | 2025-04-26 | 푸라닭 시킬 때 고추마요소스 보틀로 추가해서 빵 과자 고기 다 찍어먹어요..
mr_taufik_shaikh_habibi1 | 2025-04-27 | ❤️
p.az31 | 2025-05-23 | ❤️❤️
jio__busan | 2025-04-25 | 우아 개맛읶겠당
leylam_25_11 | 2025-05-09 | 😍😍 You are so cute
lj._.ssek | 2025-04-25 | 치끼 좋아하눈데..
joon.2da | 2025-04-27 | 먹는모습 너무 이뽀😮
beluvsick178 | 2025-04-25 | 종맛탱구리"
2025-04-23,6700,일본 안가도 되는 갓성비 세븐일레븐 덮밥 등장! 일본의 세븐일레븐 벤치마킹해 출시된 덮밥2종🫶🏻 심지어 3900원에 갓성비까지🫶🏻 닭다리살 구이가 든 고소하고 부드러운 버터치킨카레덮밥🫶🏻 부들탱글한 두부들어간 알싸매콤한 사천식마파두부덮밥🫶🏻 14주,"#광고, #세븐일레븐, #너의곁에세븐일레븐, #세븐신상, #가성비덮밥, #편의점덮밥, #버터치킨카레덮밥, #마파두부덮밥, #먹방asmr, #mukbang, #신상리뷰, #mukbangasmr, #asmreating, #mukbangers, #mukbangkorea, #편의점신상, #야식추천","berup_x | 2025-04-23 | ❤️
hzxe_ll | 2025-04-23 | 아 진짜 맛있게따😢
100rang_food | 2025-04-23 | 이게 편의점 퀄리티냐구요😮
h_mochi_bungeo | 2025-04-23 | 언제나 야무지게 드시는 츄베릅님❤️❤️ 저는 마파두부덮밥 끌려요
review_minday | 2025-04-25 | 양도 푸짐해 보이고 맛있겠네용 !!
chaenni_nni | 2025-04-23 | 이 저녁에 넘 배고파지는 비주얼이네요🥹🩷
umirrrae | 2025-04-23 | 이제 일본안가도되겠어용 🔥😍
gge.juck | 2025-04-24 | 아 저만 인트로 킹받나욬ㅋㅋㅋ
gaekolttak | 2025-05-05 | 자취생한테도 좋을것 같다는 생각...
deshna__auji_27 | 2025-04-29 | ❤️❤️
k62327113 | 2025-04-23 | ❤️❤️❤️❤️
eating_happily_ | 2025-04-23 | 할 쥰맛탱이겠다😮
jack93kim | 2025-04-23 | 3900원이면 넘 좋은데 ㄷㄷ?
mu_ch1cken | 2025-04-24 | 와우 갓성비
hai23.kokuro | 2025-04-23 | 🤍🙏🏻🙏🏻
supermario88s | 2025-04-23 | 머하니 씨유는 ㅠㅠ 컵밥 그만내라
bonge_o0o_food | 2025-04-23 | 마싯뎃다....
muk_tteul | 2025-04-23 | 와따마 무빙이😮
goodwomenaredead | 2025-06-06 | 오ㅓ지린다
180__32 | 2025-04-23 | 요즘 세븐일레븐이 디저트부터 이것저것 마싯는거 엄청많이 나오네요🤩🤩🤩🤩🤩
mukjung_ | 2025-04-24 | 일본가지마라요!
hitotsuminadegiri | 2025-04-24 | Bring the heat🔥🔥🔥🔥
yeonghun2186 | 2025-04-25 | @su._.xoun
suaaaent | 2025-04-23 | 카레 구ㅡㅇ금하다.
joon.2da | 2025-04-24 | 대박???😮😮😮😮😮"
2025-04-21,2.3만,마라샹궈에 꿔바로우는 못참지 추가하다가 양조절 실패.. 14주,"#마라샹궈, #꿔바로우, #마라탕, #먹방asmr, #mukbang, #mukbangasmr, #asmreating, #mukbangers, #mukbangkorea, #asmreatingsounds, #야식추천, #배달음식, #마라샹궈맛집","berup_x | 2025-04-21 | ❤️
ruri.food | 2025-04-21 | 마싯겟다 마라 땡긴다....🔥🔥
hai23.kokuro | 2025-04-21 | ❤️🙌👏👏👏
ruri.food | 2025-04-21 | 콘치즈떡 개별로임ㅋㅋㅋㅋ웃곀ㅋㅋㅋ
saiky_rent_car_ | 2025-07-15 | 👏👏👏
eat_fp | 2025-04-21 | 마라상궈 호😍
r._.latkfkd | 2025-06-22 | 어디꺼예요..!
180__32 | 2025-04-21 | ㅋㅋㅋㅋ콘치즈떡 마싯다고 할줄 아랐는데🤣🤣🤣🤣🤣
j2ch.busan | 2025-04-21 | 저도 탕보단 샹궈파인데😍
yeongcheee.563114 | 2025-06-29 | 앗ㅋㅋㅋㅋ맛있겠닼ㅋㅋㅋㅋㅋ 지금 학원인데 마라샹궈 먹고싶어젔잖아요ㅠㅠ😂
stay._.forever._.27 | 2025-04-23 | 정말 맛있어 보여요!!❤️❤️❤️
mukjung_ | 2025-04-21 | 언니 모기는 너무했어요.
meme.wangphang | 2025-04-22 | make channel YouTube plz
bbok_yee_07 | 2025-04-21 | 😍😍
myse_cretdiary15 | 2025-04-23 | @yuynyjyiyny 우리 그지탈출하면 진짜 중화에서 한번 먹어보쟈
bonge_o0o_food | 2025-04-22 | 아침뷰터 마라샹궈땡기네...
gaekolttak | 2025-05-07 | 흡입하는 토끼인줄
hzxe_ll | 2025-04-21 | 마라샹궈 예전에 먹고 안먹어봤는데 이시간에 자극적인거 올리면 반칙🤍
juan__pdf | 2025-07-09 | 먹는거 보고 반했어용🫣
gekikara_men | 2025-04-22 | 🥰
ddonge_e_ | 2025-04-23 | 이 밤에 보지말았어야해요,,,,,,,
o._xzr | 2025-07-09 | @sx.k_1
arai_12_02 | 2025-04-22 | 😂😂😂😂
palette_dessert_ | 2025-04-22 | 악 자기전에 이게 떠서 배고파요🥹
0ut0fhb | 2025-04-22 | 마라샹궈 맛있어요?? 마라탕만 먹어봐서 도전하기 두려운데 너무 맛있게 드셔서 궁금해요ㅠㅠ
iish3oo_o | 2025-05-03 | @yaoyaoo.v.o 麻辣烫😂"
2025-04-18,1.2만,기영이숯불양념치킨에 우동사리 메모. 14주,"#기영이숯불두마리치킨, #숯불양념치킨, #치킨먹방, #치킨추천, #먹방asmr, #mukbang, #mukbangasmr, #asmreating, #mukbangers, #asmreatingshow, #chicken, #야식추천, #배달음식, #mukbangkorea, #바베큐치킨","berup_x | 2025-04-18 | ❤️
hy0.ax | 2025-04-19 | 아 맛있겠다아 ㅠ 치킨집광고모델 해
hzxe_ll | 2025-04-19 | 이 치킨은 안먹어 봤는뎀 숯불치킨 맛있겠다❤️
mukorang | 2025-04-19 | 미쳐따아앙아아❤️❤️
yeoni_mukstar | 2025-04-21 | 기영이치킨 오랜만에 우동사리 추가해서 먹어야겠어요!
hai23.kokuro | 2025-04-18 | ❤️
hkwnjtejtek | 2025-07-05 | 언니… 피부 뭐써요……? ㄴㅁ 이쁨
gge.juck | 2025-04-19 | 메모.. 우동사리 필수..
180__32 | 2025-04-18 | 숯불엔 무조건 우동사리🍥🍥🍥🍥🍥
mukjung_ | 2025-04-18 | 한국가자마자머글래..
themukeou | 2025-04-19 | 와 나오늘 이거 야식각이다
umirrrae | 2025-04-18 | 빨간양념이 퍼컬이심😍
bonge_o0o_food | 2025-04-19 | 입술 왜 안지워져여 언니~~ 립정보좀요><
miamejias02 | 2025-05-08 | You always eat good things ❤️
eomzi_ | 2025-05-15 | @7.02.g 추릅
arai_12_02 | 2025-04-20 | ❤️
alveenadelisha | 2025-06-09 | To nice
saraenrico7181 | 2025-06-13 | 😍😍😍😍
yazid_ace | 2025-04-27 | 13주좋아요 2개답글 달기"
2025-04-16,1.2만,없어서 못먹는 봄날엔 초코퐁당요거꿀떡 드디어 먹어봤다. 기본 요거꿀떡도 가져옴! 15주,"#봄날엔, #초코퐁당요거꿀떡, #요거꿀떡, #먹방asmr, #여수언니, #간식추천, #mukbang, #mukbangasmr, #디저트맛집, #asmreating, #mukbangers, #디저트먹방, #mukbangkorea, #asmreatingsounds, #dessert","berup_x | 2025-04-16 | ❤️
eat_fp | 2025-04-16 | 꿀이 쏙 넘 맛나겠어요😍
muuk.dda | 2025-04-17 | 저두 초코코팅 식감이랑 너무 좋았는네 살짝 맛이 아숩긴해써요 ㅠㅋㅋㅋ
ruri.food | 2025-04-16 | 헐 나 이거 궁금햌ㅋㅋㅋㅋ여수언니 그건가
muk_daddy | 2025-04-16 | 요거 궁금하네용😍😍
muk_tteul | 2025-04-16 | 홀.. 신림동 저녀냐마쟈쟈댱 택배부탁요오
13.3.29 | 2025-04-17 | ㅠㅠ이거진짜 맛있더라구요
bori_kie | 2025-04-16 | 거의 치즈아니냐며🔥
hzxe_ll | 2025-04-16 | 진짜 이 다 닦고 자랴고 누웠는데ㅜㅜ 떡 조아하는데 !! 맛있겟다❤️
bbok_yee_07 | 2025-04-16 | 😍😍
mukorang | 2025-04-16 | 제가 조아하는 스탈이에용❤️
hai23.kokuro | 2025-04-16 | 🤍🙏🏻👏👏👏🔥
themukeou | 2025-04-17 | 우왘ㅋㅋㅋ요거트에 꿀도있어?
k62327113 | 2025-04-16 | ❤️❤️❤️
gge.juck | 2025-04-17 | 당연히 초코파이일줄알았는데 떡이라니..
somdoobu | 2025-05-29 | 솔직한 리뷰 넘 맘에 든당 🥹🤩😘
fernan_92a | 2025-04-16 | 👏👏👏
ssosso_day_ | 2025-04-18 | 찐 현실이다 그래서 팔로잉 ㅎㅎㅎ믿거봅니둥 ㅎㅎ
s.ye0ng_x | 2025-04-20 | 마싯갸ㅐㅅ다….
bonge_o0o_food | 2025-04-16 | 오...한입씩 먹어보고파
s__z__o_o | 2025-04-19 | @ssy_z1 진짜미친듯이먹고싶엄
180__32 | 2025-04-16 | 2만원에6개라닛..🥹🥹🥹🥹🥹
81ackp0ny | 2025-04-16 | 소리죽이네
beluvsick178 | 2025-04-16 | 😂
13.3.29 | 2025-04-17 | 추릅
y3on24i_ | 2025-05-13 | 그러면 왜 드시는거죠
beluvsick178 | 2025-04-16 | 15주좋아요 2개답글 달기
angelyadav.08 | 2025-04-20 | Why you with cringe and small mouth 😮‍💨"
2025-04-14,11.5만,뿌링클 치킨에 보들보들치즈볶음면? 15주,"#뿌링클, #뿌링클치킨, #bhc, #보들보들치즈볶음면, #불닭볶음면, #불닭, #먹방asmr, #mukbang, #mukbangasmr, #asmreating, #mukbangers, #mukbangkorea, #야식추천, #chicken, #치킨맛집, #치킨먹방","ranoxonraxmanova28 | 2025-07-03 | ❤️❤️❤️❤️
anakrantau9207 | 2025-07-05 | ❤️
beh_ruz7691 | 2025-07-03 | 👏👏👏👏
chanlame | 2025-06-11 | 👏👏👏👏
hanankuwat68 | 2025-06-23 | 😋😋😋🥰🥰❤️❤️❤️😋😋❤️❤️👏🏻👏🏻👍🏻👍🏻😋😋❤️👏🏻👍🏻👌👌👌
mohsen_melika1352 | 2025-05-12 | ❤️🙌🔥👏❤️😍😍😍😍😍😍
saeed._.shiraz77 | 2025-06-06 | ❤️❤️
mohsen_melika1352 | 2025-05-12 | 😮😮😮😮😮😮😍😍😍😍😍😍😍😍😍😍
thebusyone02 | 2025-07-25 | 😍😍😍😢😢👏👏
okumiokumi55 | 2025-05-06 | あなたならできる！といった意味でいいね👍️しませんでした。もう少しだ、がんばれ！
kaylaputri40060 | 2025-07-02 | Enak bettt kek nya tuu🤤😋
falutdavongsanty | 2025-05-20 | 😮😮
6319ngr | 2025-05-12 | ❤️❤️
parni_sr | 2025-05-29 | 그녀의 여동생은 아름답다
yeonseo3584 | 2025-06-07 | 이분 너무 귀여우심
grace_.xzz | 2025-05-25 | 😮😮😮😮😍😮😮😮😮
_amola1996algareebartist | 2025-05-07 | 😍love you
g.xoy_1 | 2025-05-23 | 투움바 신라면 먹어주세요 ㅠㅠ
annyeonghaseyo_haha | 2025-05-19 | @sailormoonchaewon
everton_miguel_021 | 2025-05-22 | 🔥🔥🔥🔥
coeyunseul79 | 2025-05-03 | 배고파…..끄흡..끆ㄱ끄얶흒끕..끆껑껑..끆끆흡끅..흡꾺꾺꾹ㄱ끄엉..헝헝헝ㅇ..흡끄륵ㄱ끅끅ㄱ끄엉엉..흡끄윽..끄헝헝..흐우앙흡끅끆ㄱ끄얶흒끕..끆껑껑..끆끆흡끅..흡꾺꾺꾹끆ㄱ끄얶흒끕..끆껑껑..끆끆흡끅..흡꾺꾺꾹ㄱ끄엉..헝헝헝ㅇ..흡끄륵ㄱ끅끅ㄱ끄엉엉..흡끄윽..끄헝헝..흐우앙흡끅끆ㄱ끄얶흒끕..끆껑껑.. 끄흡..끆ㄱ끄얶흒끕..끆껑껑
its_____me___suna | 2025-05-14 | 😍😍😍😍😍😍😍😍😍
h_yerin1234 | 2025-05-08 | 왜 이런건 밤에만 뜨지
babygirl098001 | 2025-07-06 | @tiaha_k_dubariya
simplyyyhaa | 2025-06-12 | 많이 먹는데 살 안 찌나요? 규칙적으로 운동하시나요?
m_u_s_l_i_m_a2 | 2025-05-27 | Voy iplos buni yishiniii
everton_miguel_021 | 2025-05-22 | 😂😂😂😂
ir.0_e | 2025-05-24 | 융덕 닮으심
yoboy_.j._ | 2025-07-13 | I want the food
mohammedfalak2024 | 2025-05-11 | 🔥
mohammedfalak2024 | 2025-05-11 | 🔥
aicha_2012_aicha | 2025-07-03 | 와우, 이것은 정말 식욕입니다
anahis_a18 | 2025-07-03 | Recíproco
sahar1234ss_ | 2025-07-09 | We in Gaza are suffering from hunger.. Please help
nora71010 | 2025-07-12 | جميل جدا اخيرا وجدت شخص يأكل بشكل طبيعي ولذيذ 😍😍😍🔥🔥🔥👏👏 استمرى ❤️❤️❤️❤️
irianis_model | 2025-05-13 | Como hiciste el pollo
_.angira | 2025-05-04 | You looks like @kkubi99
yumus4k_kebab | 2025-06-30 | HOW THIS WOMAN IS THIS SKINNY!
kitti_lixie | 2025-05-21 | Can someone PLEASE tell me what this chicken breading is called?
whisperialaneasmr | 2025-05-17 | Check the link in my bio
efeertennn | 2025-06-10 | Ne
ayseeepcs | 2025-06-12 | Bunlar bu kadar tıkanıyo gene nasıl zayıflar
zainab_arshad_1 | 2025-06-14 | Disturbing 😐😞👀
icaeyul865 | 2025-06-19 | 생각해보니까 뿌링클 치킨 안 먹은지 1년 넘은것 같아요 중1
miowormeow | 2025-06-19 | @muhammad_faizal_77 mandreee
hestyazzahrawatyy_ | 2025-06-22 | 🙌🔥🔥
manojkalo2024 | 2025-06-25 | Ye Momo jaisi kyun dikh rahi hai 😂😂😂
m_arwa_hz | 2025-06-25 | •
hai23.kokuro | 2025-04-14 | 🔥❤️🙌👏👏🙏🏻🙏🏻
powerful.girl.7777 | 2025-06-17 | AI😎
yngrid_dn | 2025-05-28 | ❤️❤️❤️
hilla.ofc__ | 2025-06-18 | Amooooo
mohsen_melika1352 | 2025-05-12 | 👏👏👏👏👏👏👏🔥🔥🔥🔥🙌🙌🙌❤️❤️❤️
muuk.dda | 2025-04-15 | 치즈+치즈 조합 기절이댜..
mohsen_melika1352 | 2025-05-12 | 😍😍😍😍😍😍❤️❤️❤️❤️
xestsxordstring | 2025-04-15 | 혹시 쉐도우 뭐쓰시나용..?!!🔥
hzxe_ll | 2025-04-14 | 뿌링클 먹고싶어졌어요❤️
ruri.food | 2025-04-14 | 아 치킨 개땡겨.....😍😍
zunaira12456 | 2025-06-16 | 😍😍😍😍😍😍😍😍
rabiya_basriiii | 2025-04-27 | Yummy Yummy 😋🍗🍚🍝🍜
berup_x | 2025-04-14 | ❤️
moliternomatteo | 2025-06-27 | 🤮🤮🤮🤮
dongne_mukstagram | 2025-04-14 | 와 ㅎㅎ 진짜 맛있게 드셨겠어요🙌💗
mukorang | 2025-04-14 | 미치따앙 우ㅜㅜ❤️❤️
uouzb_ | 2025-04-19 | @wzerin_ 사조
jio__busan | 2025-04-14 | 으아 개맛있겠다용😍
ueussjsjs | 2025-04-15 | 뿌링소스 바뀐것 같지 않나요?😢 초창기때 묽고 달달하니 맛있었는데 요즘은 꾸떡 하니 맛이 예전 같지 않아요😢
luv2dr | 2025-04-15 | 오와... 라면 색 진짜 대박.. 진짜 맛있어 보이네여ㅓ
gibum_o8 | 2025-04-15 | 12시40분인데 먹고싶어요ㅠㅠ
gur_wns | 2025-04-16 | 소리 미쳐따 …. 밥 먹고 봐서 다행이야
gge.juck | 2025-04-15 | 이 조합운 반칙 ㅡㅡ
180__32 | 2025-04-14 | 불닭소스 한두바퀴 휘리릭하면 더 갠찮아질거 같기도 해여🔥🔥🔥🔥🔥
hy0.ax | 2025-04-14 | 아 언니 이 야밤에 반칙!!
s.jjen | 2025-04-19 | 하
jodi.madonia | 2025-04-18 | 👏👏👏
lj._.ssek | 2025-04-15 | 츄츕베릅
ruri.food | 2025-04-14 | ❤️❤️❤️
leeoh_review_ | 2025-04-15 | 아 이시간에 봐서 더 땡겨🔥
gekikara_men | 2025-04-15 | 🥰
mukjung_ | 2025-04-15 | 새벽다섯시에 본 내가 죄인이에요.
mat_puri | 2025-04-15 | 이런 부드러운 치즈볶음면을 원했는데 치즈국물라면 사버린 저는..
reindeer.9563391 | 2025-04-16 | ❤️❤️❤️❤️
s.euxn_a | 2025-04-16 | 혹시 보들보들 치즈볶음면 평가 좀요... 먹고 싶은데 맛없울까봐요...ㅜ
osmonalievashi | 2025-04-17 | 🙌🔥
qonita.saila | 2025-04-17 | 🙌😍
eululu864 | 2025-04-19 | Linda
cina_mon___0_0 | 2025-04-19 | Mannerless who use to leave hair while eating
cellsz_u | 2025-04-20 | 아주 완벽한 아즈미르🙌
otgonbaatardelgertsetseg | 2025-04-20 | 😍😍😍
2_gdhjjsi | 2025-04-20 | ㅈㄴ 느끼하겠다
ndery4life | 2025-04-21 | damn bro stop staring 😔😔😔
xyz_reskii04 | 2025-04-21 | ❤️❤️❤️
xyz_reskii04 | 2025-04-21 | 😋😋😋
xyz_reskii04 | 2025-04-21 | 🔥🔥🔥🔥
handle4047 | 2025-04-21 | ❤️❤️
handle4047 | 2025-04-21 | خیلی گاویی
2005s_um | 2025-04-22 | ㅕ뷰나ㅣ우ㅑㅓㅇ
su.maia5315 | 2025-04-23 | 😍
su.maia5315 | 2025-04-23 | 😍😍😍
su.maia5315 | 2025-04-23 | 😍😍😍"
2025-04-11,1.5만,"맵고 자극적인 음식 먹고 피부 관리하는 방법? 맵고 자극적인 음식 먹으면 얼굴에 열 오르면서 붉어지고, 땀나고 피지 때문에 트러블 생기기 쉽죠? 그럴때 쓰는게 바로 닥터지 레드 블레미쉬 클리어 히알 시카 수딩 세럼 ! 자극 없이 시원한 쿨링감이 열 오른 피부 열감 싹 내려주면서 촉촉하게 수분 채워주고 일반 시카보다 강력한 히알 시카 성분이 민감 피부도 진정시켜주면서 촉촉하고 산뜻하게 마무리되는 게 최고🫶🏻 4월 올리브영 한정특가에서 더 저렴한 가격으로 만나보세요🫶🏻 4/14 (월) ~ 4/20 (일) 동안 ✅레드 블레미쉬 클리어 히알 시카 수딩 세럼 기획세트 (50ml+10ml*2) [44% SALE] 33,000 ->18,200원 @dr.g_official 15주","#유료광고, #닥터지, #닥터지레드블레미쉬, #닥터지수분세럼, #닥터지히알시카수분세럼, #레드블레미쉬클리어수딩크림, #레드블레미쉬클리어히알시카수딩세럼, #수분세럼, #수딩크림, #맛스타그램, #먹스타그램, #매운음식, #진정케어, #열감진정, #먹방asmr, #올리브영, #mukbangasmr, #불닭볶음면, #불닭, #먹방, #올영세일, #올리브영세일","hzxe_ll | 2025-04-11 | 오 ! 저도 닥터지 로션 쓰는데영 오늘도 맛있겠다 츄베릅❤️❤️❤️
paru_pong | 2025-04-13 | 진짜 이 언니 왜케 맛있게 먹어🥹
berup_x | 2025-04-11 | ❤️
_20170302 | 2025-05-24 | ?진짜로이런쌩얼이더이쁜데여진짜로
hy0.ax | 2025-04-12 | 아 언니 너무 이뻐 ..❤️ 먹방도 잘하는데 못하는게 머야 !!!!
ruri.food | 2025-04-11 | 아니 귀료미얔ㅋㅋㅋㅋ❤️
__daily.look | 2025-04-18 | 색조없는 생얼이 더 예뻐요 진심 ㅠㅠ
jack93kim | 2025-04-11 | 와 쌩얼 대박
hai23.kokuro | 2025-04-11 | ❤️🔥👏👏
d.axb1 | 2025-04-12 | 화장도 안지워놓고요?
notjusttigercandle | 2025-04-17 | 개맛잇어보여요
jeong_jae_woooon09 | 2025-04-11 | 아니 왜케 귀엽죠..?😍
mukjung_ | 2025-04-11 | 언니 왜 화장해요? 앞으로 쌩얼로먹방해주세요ㅠ
myeong_jonmatt | 2025-04-11 | 쌩얼 마자요..?ㄷㄷㄷㄷ 연애인하자 언니
180__32 | 2025-04-11 | 아 불닭먹고 땀흘려서 피부관리하는건줄 알았는데🤔🤔🤔🤔🤔
azkia.salima | 2025-07-09 | ❤️😍
k62327113 | 2025-04-11 | ❤️❤️❤️
111999y__ | 2025-04-11 | 쌩얼 너무 이뻐서 깜짝 놀랐네
fernan_92a | 2025-04-11 | 👏👏
umirrrae | 2025-04-11 | 완전아기피부그자체👶
_sibal.24 | 2025-04-14 | ? 쌩얼 개이쁘다 쉣
eating_happily_ | 2025-04-12 | 아니 언니 생얼이 더 귀여부자나 생얼먹방도 햐줘!!!!!
mukorang | 2025-04-12 | 닥터지 죠츄❤️
leeoh_review_ | 2025-04-12 | 오 나도 사봐야게따👏
7mxjal | 2025-04-18 | 먹방인줄 알았는데 광고였네
elizabeth.mn1 | 2025-05-24 | Tremenda publicidad me comí
mi_randa1293 | 2025-06-26 | 🤮🤮🤮🤮🤮"
2025-04-11,1379,지금 아니면 못가는 벚꽃야장 삼겹살 웨이팅 한다?안한다? 📍한성대입구역 성북천 수정됨 · 15주,"#성북천, #벚꽃맛집, #벚꽃명소, #벚꽃축제, #벚꽃놀이, #한성대맛집, #성북천, #야장맛집, #야장삼겹살, #먹방asmr, #mukbang, #mukbangasmr, #asmreating, #mukbangers, #mukbangkorea, #삼겹살맛집","tastebuds__official | 2025-04-11 | 고기 넘 맛나보여용❤️❤️😍
soony5643 | 2025-04-13 | 와 눈과 입이 다 행복하겠어오!!!
tastella_moments | 2025-04-11 | 와 저도 가봐야겠어요 ㅋㅋㅋㅋ!!!! 야장 벚꽃 삼겹살 완벽 조합 :)
hzxe_ll | 2025-04-11 | 삼겹살 맛있겠다
berup_x | 2025-04-11 | ❤️
siso_father | 2025-04-11 | 야장에 삼겹살 좋네요 😍
ruri.food | 2025-04-11 | 😍😍
ruri.food | 2025-04-11 | 기요밐ㅋㅋㅋ
180__32 | 2025-04-11 | 미리 대기 걸어놓고 놀다오기...🎉🎉🎉🎉🎉
hai23.kokuro | 2025-04-11 | 🔥❤️
hotdor_s | 2025-04-11 | 이거 완즈히 연예인이구만ㅋㅋ
k62327113 | 2025-04-11 | ❤️❤️
fernan_92a | 2025-04-11 | 👏👏👏
isumin5083 | 2025-04-13 | 너무이뿌당ㅎ
umirrrae | 2025-04-11 | 왓 밖에있으니까 훨씬예뽀🔥
mukjung_ | 2025-04-11 | 적셔~~
inayun196 | 2025-07-05 | 소주잔이 왜케 커여..?
lj._.ssek | 2025-04-11 | 뇽뇽뇽 이뿌 뇽❤️
thdtjrrlda | 2025-04-11 | 젓가락질은 수정해주실 수 없나요 .. ㅠㅠ
dongs97 | 2025-04-11 | 벚꽃 야장에서 삼쏘하면 취하지도 않겠네요🫡🫡🫡
mukorang | 2025-04-11 | 미쵸따아ㅏ아 ㅜ
kwaks_feel | 2025-04-11 | @s_eung12
kaitokozono | 2025-04-11 | ㄴㄴ
beluvsick178 | 2025-04-11 | 쫄깃 ㅎ
mat_puri | 2025-04-11 | 야장 진짜 미쳤는데요ㅠㅠㅠ
jack93kim | 2025-04-11 | 우와...뒤에 배경 ㄷ
eating_happily_ | 2025-04-11 | 야장갬성 최고다ㅠㅠㅠ
moo_boza | 2025-04-11 | 오오 드디어 집을 나가셨군여 ㅋㅋㅋㅋㅋㅋㅋ 근데 야장 갬성 미쳐따.....
muckza_zzae | 2025-04-11 | 벚꽃앞에서 뇸뇸 ㅇ케뿌강
myeong_jonmatt | 2025-04-11 | 여자친구랑 가야겠다
bottlejune__96 | 2025-04-11 | 벚꽃야장 너무 낭만적이자나유😍😍
bonge_o0o_food | 2025-04-11 | 귀욥따 ㅋㅋㅋㅋ
muk._.chuuru | 2025-04-11 | 해야지...
ddo__yam | 2025-04-11 | 크어 4시간 웨이팅 진짜 빡세셨겠어요 ㅠㅠ
leeoh_review_ | 2025-04-11 | 벚꽃보다 베릅이가 더 예쁘네🌸
eating_masterpiece | 2025-04-11 | 야장감성 미쵸써요❤️
hihee.e | 2025-04-11 | 더늦기전에가야게써요..
muk_queen_ | 2025-04-11 | 크 벚꽃 야장은 몬참쥬😍
churping_oo | 2025-04-11 | 나도 가봐야하는데❤️
teddy_zip_ | 2025-04-12 | 웨이팅 대박인데요ㅜㅜㅜㅜㅜ
bang__road | 2025-04-13 | 갬성 터지네요 👏👏
gardenlog_kr | 2025-04-15 | “진짜 감성 천재… 사진도, 색감도, 구도도 다 너무 예뻐요. 영감 받고 갑니다.”
hmdywsfkhny32 | 2025-05-10 | ❤️😍"
2025-04-10,2257,보름달 신상 말차초코숲? 15주,"#보름달, #보름달말차초코숲, #신상리뷰, #간식추천, #먹방asmr, #mukbang, #디저트맛집, #mukbangasmr, #asmreating, #mukbangers, #편의점신상, #편의점디저트, #dessert, #빵먹방, #mukbangkorea","berup_x | 2025-04-10 | ❤️
hzxe_ll | 2025-04-10 | 말차는 별로 안조아하는뎁 초코는 조아해영 언니 먹는거 보니까 먹고 시퍼 졋어용❤️
siso_father | 2025-04-10 | 말차 초코 대박이네요😍
mukorang | 2025-04-10 | 말차초코라니❤️❤️
hyob_muk | 2025-04-10 | 미챠따 ㅠㅠ먹어볼라여
hy0.ax | 2025-04-11 | 근데 항상 생각하는데 언니 왜케 예쁜거야😍😍
kkutti_h | 2025-04-11 | 기염ㅋㅋㅋ 먹어봐야갯다😮
180__32 | 2025-04-10 | 허..!!!! 맛별로 여러가지 나왔으면 조켓다..🧐🧐🧐🧐🧐
hai23.kokuro | 2025-04-10 | ❤️👏👏👏
djpileusmusic | 2025-04-10 | Wow❤️❤️🔥🔥🔥🔥🔥
fernan_92a | 2025-04-11 | 👏👏
mukjung_ | 2025-04-10 | 언니 쌩얼예쁘실거같은데 쌩얼로도 올려주시면 안돼요?😍
jio__busan | 2025-04-10 | 으어 짭짭 맛더리겠다
chl_2wjd | 2025-04-13 | @cae.hl, @hiruzzu_ 일주일간내점심이다
ch___aem | 2025-04-17 | @h_gangin 이고 봤던거다
jack93kim | 2025-04-10 | 미쳐따리...말찼."
2025-04-09,2만,구황작물빵 8종 뭐가 제일 맛나보임? 내 픽은 영상 마지막에💕 16주,"#구황작물빵, #정남미명과, #간식추천, #빵먹방, #감자빵, #먹방asmr, #mukbang, #디저트맛집, #mukbangasmr, #asmreating, #mukbangers, #dessert, #mukbangkorea, #고구마빵, #구황작물, #빵지순례","berup_x | 2025-04-09 | ❤️
hzxe_ll | 2025-04-09 | 운니 그 얼굴에 너무 맛있게 먹으면 반칙!❤️
ruri.food | 2025-04-09 | 마늘빵픽❤️❤️ 나는 옥슈슈조아
mu_ch1cken | 2025-04-09 | 빵이 다 너무 귀엽게 생겼어요
180__32 | 2025-04-09 | 마늘빵이 최고지🧄🧄🧄🧄🧄
100rang_food | 2025-04-09 | 우악 구황작물 파티댜😮😮
gangdaye897 | 2025-07-07 | 손이 넘 이뻐요❤️
mukjung_ | 2025-04-09 | 내일들고오는구야?
hai23.kokuro | 2025-04-09 | ❤️❤️
tann_216 | 2025-07-30 | 감자빵 진짜 맛있어보여영
kimjihoon0307 | 2025-07-31 | 개맛있겠다
rhdms2714 | 2025-04-09 | 언니!! 저 대파빵 먹을라구 하는데용 맛있어요??
ijia9134 | 2025-04-12 | 언니가 제일귀염잖아><
wldnwldn77 | 2025-04-10 | @healingday2020 와 이거 택배도 가능하던데!!!❤️
hohorangii | 2025-05-13 | 감자빵=감자밭 공감하고갑니다 👏👏
mat_puri | 2025-04-09 | 아…다미칠것같은데 이밤이면 더더욱
pxarlily | 2025-04-11 | 어디서 구매하셨나여??❤️❤️
biiiinx_n | 2025-04-10 | 왜 다 안먹고 한입씩만 먹어요?
kaitokozono | 2025-04-09 | 👏👏
w0n.jun_ | 2025-04-10 | 먹는 모습 너무 귀여우세요ㅠ 맘스터치 에드워드리 빅싸이순살도 맛있어요!
beluvsick178 | 2025-04-09 | 🤤
muuk.dda | 2025-04-09 | 아놔 생긴거 졸기다 ㅠㅌㅋㅋㅋ쫀득하니 죤맛일듓해요 😂
leeoh_review_ | 2025-04-09 | 와,, 진심 너무 맛있게 먹자나❤️❤️
kimmifood_ | 2025-04-09 | 모양도 넘나 신기 ㅋㅋ 다 다른맛이니 궁굼해요ㅋㅋ
mukorang | 2025-04-10 | 미치따...
fernan_92a | 2025-04-10 | 👏👏
bonge_o0o_food | 2025-04-10 | 나는 마늘빵 양파빵 대파빵 먹고시포
themukeou | 2025-04-10 | 빵먹는 모습도 이뻐❤️
muk_captain_ | 2025-04-10 | 프로 먹방러.. 미쳤..
eun._.xoz | 2025-06-05 | 고구마가 젤 맛잇어용!!😍😍"
2025-04-07,1.4만,엽기떡볶이 히든메뉴 엽기닭볶음탕? 16주,"#엽기떡볶이, #엽떡, #엽기닭볶음탕, #닭볶음탕, #떡볶이맛집, #먹방asmr, #mukbang, #mukbangasmr, #asmreating, #mukbangers, #asmreatingsounds, #mukbangkorea, #야식추천, #배달음식","berup_x | 2025-04-07 | ❤️
seoul__foodie | 2025-04-08 | 넘 맛나보여용..❤️
hzxe_ll | 2025-04-07 | 아 오늘 학교 급식에 닭볶음탕나왔는데 엽닭 맛있게따 지금 양치하려고 하는데 이시간에 엽닭 ??? 그래도 토요일에 엽떡 ㅇ먹어서 갱차나여❤️ 이시간에 올리는건 반칙 !!
ruri.food | 2025-04-07 | 나 옂닭진짜 조아햌ㅋㅋㅋ못참아ㅠㅠ
may_and_summer | 2025-05-14 | 매력적이게 예쁘신데 거기다 복스럽게 잘 드시니 보기 넘 좋아요
ggam_food | 2025-04-07 | 최애 엽닭볶음탕❤️
mukjung_ | 2025-04-07 | 나어제 ㅋㅋㅋㅋㅋㅋㅋㅋㅋㅋ머굼
hai23.kokuro | 2025-04-07 | 🔥🙌👏👏
w.n33_ | 2025-04-08 | 닭을 정말 좋아하시는군요.
bori_kie | 2025-04-07 | 엽닭순살 존버 갑니다용
ruri.food | 2025-04-07 | 존나마싯겟다
k62327113 | 2025-04-07 | ❤️❤️❤️
421_misdirected_request | 2025-04-08 | 왜우리지역엔 신전만있냐고
jack93kim | 2025-04-07 | 하......침고이네ㅣ
fernan_92a | 2025-04-08 | 👏👏
14.yo_on | 2025-04-08 | 저기 남은 국물에 볶음밥 추가요❤️
pplatinuum | 2025-04-08 | 헐 저 내일 시킬래요 ㅠ 진짜 맛있겠다
180__32 | 2025-04-07 | 역시 엽떡은 초보맛으로....😂😂😂😂😂
prius_kk | 2025-04-08 | 소리 쥑이네요
gekikara_men | 2025-04-08 | 😋
soul_jang | 2025-04-09 | 맵찔이는 보기만해도 매워보여 ;;
beluvsick178 | 2025-04-07 | 2빠 ㅋㅎㅋ
gge.juck | 2025-04-07 | 엽닭은 혁명입니다…😮
hotplace.tour | 2025-04-07 | 아 저녁안먹었는데😢 배고파요
paldotraveler | 2025-04-07 | 크으❤️
hitotsuminadegiri | 2025-04-08 | I would like me that whole pot😋😋😋😋
mat_puri | 2025-04-08 | 저 엽닭 진짜 좋아해요ㅠㅠㅠㅠ당면 푸욱
rya_tus | 2025-04-08 | Silahkan coba makanan Indonesia kak
sltnqdla | 2025-04-08 | 와 퀄리티부터 남다르자나요ㅠㅠ
lolliserypi | 2025-04-11 | 😍😋
ewiaum | 2025-04-14 | @gahyunjjo 볼때마다 너닮앗움"
2025-04-06,6.9만,오랜만에 처갓집 슈프림양념치킨에 치밥 뿌시기 16주,"#처갓집, #슈프림양념치킨, #처갓집양념치킨, #먹방asmr, #mukbang, #mukbangasmr, #asmreating, #mukbangers, #치킨먹방, #치킨추천, #야식추천, #asmreatingsounds, #chicken, #mukbangkorea","gaekolttak | 2025-04-08 | 슈프림 치킨이 맛있나요, 핫치즈빅싸이순살치킨이 더 맛있나요
mukjung_ | 2025-04-06 | 너무예쁘게먹어요 언니 ㅠ❤️
j2ch.busan | 2025-04-06 | 이거 제 동생 최애😍😍
hy0.ax | 2025-04-06 | 언니 고추마요 꼭 해주기야!! 오늘도 맛있어보영
hzxe_ll | 2025-04-06 | 처갓집 조아하는데 ! 맛있게따 츄베릅❤️
review_minday | 2025-04-07 | 이브랜드 처음 보는데 치킨 비쥬얼이 넘사벽이네요.. 바삭하면서도 촉촉한 소리가 동시에 들려요ㅠ 😢
shhf.jfjfj | 2025-04-12 | ❤️
hai23.kokuro | 2025-04-06 | 🔥❤️
dldudfkr112 | 2025-04-06 | 드디어..! 넘 맛있게드세요 진짜~ 보면서 처갓집 먹으러갑니당 🙌
choi._.yummy | 2025-04-07 | 소리 대박
jack93kim | 2025-04-06 | 와......진짜 ...ㅎㅎ 처갓집 ㅠ
_.ice21_ | 2025-05-02 | 와 누나 너무 이뻐요 😮
twice_loveruwu | 2025-05-10 | YUMMYY
hotplace.tour | 2025-04-07 | 아 저녁안먹었는데😢 배고파요
14.yo_on | 2025-04-06 | 빨리 물리면 뭐해 1분만에 다시 먹는데 츄베릅❤️내일 바로 치킨 갈기자
ataxanova_aa | 2025-04-06 | ❤️❤️❤️
gge.juck | 2025-04-07 | 슈프림은 주기적으로 수혈해랴하긴해요
lj._.ssek | 2025-04-06 | 츄츄춥! 누나 이쁨! 치킨은 맛도리!
somyaloveee_060 | 2025-04-14 | キットはおいしい遅れだ、ラハ彼❤️🫶🏽
ataxanova_aa | 2025-04-06 | 😍😍😍
fernan_92a | 2025-04-06 | 👏👏
ruri.food | 2025-04-06 | 오ㅓ 치즈볼 소리까지 ㅁㅊㄷ....
abdu._rakh1mov | 2025-04-12 | 🔥🔥
ataxanova_aa | 2025-04-06 | 🔥🔥🔥
mlnzue | 2025-06-21 | @dahhyi_ 야 진짜 못참겠ㄷㅏ
hyerikuuoyevoli | 2025-06-02 | Oh ㅜㅜ😢👏
x_elosss | 2025-05-13 | Im hungryyyyy🤍🤍🤍🤍
bori_kie | 2025-04-06 | 저 최근에 슈프림 첨 먹어봤는데 내스탈 그냥 미춋❤️
gekikara_men | 2025-04-07 | 🥰
somyaloveee_060 | 2025-04-14 | ❤️❤️❤️ it's so amejing
mortal_ciaki | 2025-04-10 | Please recipe🙏🙏
min._.seo605 | 2025-05-09 | 아ㅜ 슈프림 치킨 내 최앤디ㅠㅠ😢
hitotsuminadegiri | 2025-04-08 | Thats a colorful concoction of delicious and 😋 😍😍😍
ueussjsjs | 2025-04-07 | 지점마다 양념 맛 차이가 좀 있지만 질하는 곳은 진짜 존맛탱❤️
ataxanova_aa | 2025-04-06 | I am from Uzbekistan 🇺🇿❤️
kitana0722 | 2025-04-07 | 지코바보다 슈프림
imgit.aa | 2025-04-19 | req cimol bojot mba
seungchan_06s | 2025-04-09 | ..
_anusjournal | 2025-05-01 | I've came across this reel atleast 11 times this month!!!
berup_x | 2025-04-06 | ❤️
korea_foodzone | 2025-04-06 | 슈프림 완전 조아용
piggallery_ | 2025-04-07 | 아, 처갓집 진짜 미쳤다 ㄷㄷ🤤
eating_happily_ | 2025-04-06 | 아ㅠ 진좌 한국 가면 무조건 치킨 뿌술겨ㅠㅠㅠㅠㅠ❤️
180__32 | 2025-04-06 | 개인적으로 핫슈프림이 핫싸이순살보다 덜매웟어요~
bori_kie | 2025-04-06 | 엥 마이크를 안키셨다니?? 소리 좋은디😍
alexxa_imupp01 | 2025-06-15 | 와 맛있겠다 응
alexxa_imupp01 | 2025-06-15 | 와, 정말 맛있을 것 같아요, 그렇죠?
chicken_jaehoon | 2025-06-16 | 치킨바나나
11_mommybrown | 2025-06-27 | DELICIOUS
chan1201_ | 2025-07-15 | 😍😍😍
hajar_55586 | 2025-07-25 | ❤️
hajar_55586 | 2025-07-25 | ❤️"
2025-04-04,5.2만,두찜 신상 흑백요리사 급식대가 실비한우곱찜닭? 포기김치에 통통한 뚱대창 가득🫶🏻 완전 밥도둑술도둑;; 신상 하트감자고로케랑 조합도 굿🫶🏻 16주,"#두찜, #실비한우곱찜닭, #찜닭, #두찜신메뉴, #신상리뷰, #찜닭먹방, #찜닭맛집, #곱도리탕, #김치찜, #실비김치, #흑백요리사, #급식대가, #먹방asmr, #mukbang, #mukbangasmr, #mukbangers, #한식, #asmreatingsounds, #asmreating, #야식추천","wiam__echchouiter | 2025-06-22 | 너무 맛있어 보여요 😯❤️
d_t_muksta | 2025-04-04 | 크으으 흰쌀밥이랑 너무 땡기잔하여여여옇ㅎㅎ
berup_x | 2025-04-04 | ❤️
ham2_ni__ | 2025-04-05 | 이거 밥도둑 술도둑❤️
siso_father | 2025-04-04 | 진심 너무 먹고싶네요 😍
hy0.ax | 2025-04-06 | 아 급땡긴다 언니 짱..❤️
mukorang | 2025-04-05 | 미췬 비줠❤️❤️❤️
ruri.food | 2025-04-04 | 나 요거 넘 궁그매 마싯야앙
ruri.food | 2025-04-04 | 난 아주 맵게 머글래🔥🔥
appleman004 | 2025-04-18 | 맛있겠다
hzxe_ll | 2025-04-04 | 아 맛있게따 ㅜㅜ 두찜 안머근지 좀 됐는데 이번주중에 꼭 머거바야디 츄베릅❤️
tyriyasaurus | 2025-04-10 | I want to learn how to cook this
k62327113 | 2025-04-04 | ❤️❤️❤️❤️
_parksunho | 2025-04-04 | 진짜 맛있어 보이던데 🤤🤤 추천하실만 한가요?
ivory._.ll | 2025-04-09 | @ominsoo
aistmoowkidzz05 | 2025-05-22 | @dhian_ezar
haxhxh_ | 2025-04-04 | 와...개맛잇겟다
pplatinuum | 2025-04-08 | 진짜 맛있게드시는 재능 있는듯 ㅠ 넘 배고파져요 ,,, 😢
midaapane | 2025-04-05 | 🔥
midaapane | 2025-04-05 | 🔥
14.yo_on | 2025-04-06 | 지금 두찜 먹고 싶어 미치겠다
mukjung_ | 2025-04-05 | 싸먹는거반칙.
jack__foodie | 2025-04-04 | 김치 찢는서리 미쳣다
rara_muk | 2025-04-05 | 와 완전 궁금해요❤️
180__32 | 2025-04-04 | 두찜은 진짜 나오는거마다 다 마싰네....🥹🥹🥹🥹🥹
jeommm__ | 2025-04-18 | @seok_seong
kaitokozono | 2025-04-04 | 👏👏👏👏
luv2dr | 2025-04-16 | 대박.....
trust0inme | 2025-04-20 | @100_chong
beluvsick178 | 2025-04-04 | 먹킷리스트 +1.
404.notfounddd___ | 2025-04-12 | jadi laper
neha_sagar_kamble | 2025-04-13 | ❤️
_ming__158 | 2025-04-21 | @blingsj_b
mashuveh | 2025-05-10 | 👏👏👏
35_busra_25 | 2025-06-03 | Arapmısın? @chu.berup
zhuoyingyue | 2025-06-15 | 🤤 yum"
2025-04-01,5339,"3년만에 돌아온 애슐리퀸즈 치킨파티 ? 최근 다시 급부상 중인 뷔페 애슐리퀸즈! 요즘은 줄서서 먹는다던데 이번에 3년만에 치킨파티 오픈🫶🏻 애슐리퀸즈 통살치킨은 이미 유명하죠? 다양한 종류의 치킨을 다양한 디핑소스와 시즈닝과 함께 풍성하게 즐기기 가능🫶🏻 솔직히 치킨만 종류별로 먹고 와도 뽕뽑는다🫶🏻 치킨살도 부드럽고 촉촉하니 최고🫶🏻 2025년 4월 3일 (목) 애슐리퀸즈 전 매장 출시 ! 시즌한정이니 얼른 ㄱㄱ 평일 런치 19,900원 / 평일 디너 25,900원 / 주말·공휴일 27,900원 ✨자세한 메뉴 정보 및 제공 타임은 애슐리 홈페이지 및 인스타그램 @your_ashley 에서 확인 ! 17주","#광고, #애슐리, #애슐리퀸즈, #애슐리신메뉴, #먹방asmr, #신상리뷰, #mukbang, #mukbangasmr, #asmreating, #mukbangers, #mukbangkorea, #치킨맛집, #치킨먹방, #chicken, #뷔페맛집","hzxe_ll | 2025-04-01 | 저저번주에 에슐리 갔다왔는데 치킨 존맛탱 ㅜ😝
berup_x | 2025-04-01 | ❤️
ruri.food | 2025-04-01 | 아 애슐리 나도 갓어야해 예뿌니보러!!!!❤️❤️
mukchoding | 2025-04-01 | 간만에 방문해야겠어요😍
aboutmaryam.be | 2025-04-01 | 😍
eating_happily_ | 2025-04-01 | ㄹㅇ 종류별로 다 먹고 오면 뽕 제대로 뽑음,,,😮
ruri.food | 2025-04-01 | ❤️❤️❤️
100rang_food | 2025-04-01 | 아 저번주에 갔는데__
jjong_mattang | 2025-04-01 | 머리 야무지게 볶으셨네용 ㅋㅋㅋ👏👏
korea_foodzone | 2025-04-01 | 와..침나온다ㅜ
jeong_jae_woooon09 | 2025-04-02 | 오 머리가 좀 바뀐거 같아용...더 이뻐졌어용..😍 그리고 치킨도 맛있겠네용...😮
muuk.dda | 2025-04-01 | 와 제대로 뽕봅으로 가여겠다요 ㅠㅠㅠ
hai23.kokuro | 2025-04-01 | 🔥🔥
_z.zsuu | 2025-04-04 | @meangxn 애슐리가까
worth__b | 2025-04-01 | 꺄 피드 잘보구갑니당🔥
ataxanova_aa | 2025-04-01 | 😋😋
twobrowook | 2025-04-01 | ❤️
wanderer_j0ng | 2025-04-02 | 머리 좋다
180__32 | 2025-04-01 | 베이크에 고추마요...🥹🥹🥹🥹🥹
bori_kie | 2025-04-01 | 5월말에 가려고 하는데 그때까지 치킨축제 할까용..??
14.yo_on | 2025-04-02 | 음식말고 언니가 넘 예뻐서 언니 밖에 안 보여
dudqufwls | 2025-04-02 | @gowoom
umirrrae | 2025-04-01 | 오와 바삭바삭 미쳐따🤤
lj._.ssek | 2025-04-02 | 츕츕❤️
leeoh_review_ | 2025-04-02 | 소리 너무 좋은뎅..?
themukeou | 2025-04-02 | 나도 애슐리 갈래!!!
oc.nxy | 2025-04-02 | 베릅님ㅁ!! 체중 관리랑 피부 관리 어떻게 하는지 알려주세요ㅠㅜ
dolemi125 | 2025-04-03 | 주중런치는 뭐뭐나오나요?
tastella_moments | 2025-04-03 | 와 배고파지네용 🙌
k62327113 | 2025-04-04 | ❤️❤️❤️❤️❤️
hy0.ax | 2025-04-06 | 언니 너무 잘먹엉❤️
yxuunl_ | 2025-04-23 | 이거 언제까지 해요??
100ys8024 | 2025-05-12 | 젊을적 제 모습을 보는듯 허네여🥹🥹
fat39239 | 2025-06-07 | Oh God, I am a fasting Muslim"
2025-03-30,2만,후라이드 치킨 1등은 뭐야? BBQ 황금올리브 츄베릅❤️ 17주,"#bbq, #황금올리브, #먹방asmr, #mukbang, #mukbangasmr, #치킨먹방, #치킨맛집, #mukbangers, #chicken, #후라이드치킨, #asmreatingsounds, #asmreating, #야식추천, #치킨추천","ruri.food | 2025-03-30 | 완젼 내 최애치킨이야....소리 미쳣다..
siso_father | 2025-03-30 | 지금 당장 먹고싶네요 😍
mukjung_ | 2025-03-30 | 발골잘하네 ㅎㅎ❤️
hzxe_ll | 2025-03-30 | 저 입원해서 엄마가 어제 뿌링클 시켜줬어요 !! 드디어 먹었어요 ! 오늘도 맛잇게따😋 츄베릅❤️
gaekolttak | 2025-04-08 | BBQ 치킨집 거기 맛있나요? 😅
berup_x | 2025-03-30 | ❤
100rang_food | 2025-03-30 | 황올이 진짜 닥1등😮
hai23.kokuro | 2025-03-30 | 🔥❤️👏👏
jack93kim | 2025-03-30 | 악 방금 유튜브로 봤는데 ㅋㅋㅋ
krasivaya_istoriya___ | 2025-05-01 | 😋😋
15.maissa | 2025-04-05 | 😍😍😍
ju_yeong.t | 2025-03-31 | 이치킨제가좋아하는사람이좋아하는치킨인데진짜맛있더라구요언니항상맛있는거많이드시구건강하세여❤️
k62327113 | 2025-03-31 | ❤️❤️❤️
muk_cheers | 2025-03-30 | ㅜㅜ헹 이시간에..
lamagni_bang | 2025-04-13 | Mmmmm des bons poulet élevé en batterie qui se sont fait caca dessus et qui ont marché sur leur sœur morte c’est magnifique la société de consommation vraiment du contenu incroyablement stimulant
eating_happily_ | 2025-03-30 | 황올은 진짜 후라이드 근.본.
mahsa._.asmr | 2025-03-31 | @chu.berup_jmt ❤️
gee._em | 2025-04-03 | 어떤 립스틱 제품을 착용하십니까?
kimchunshik117 | 2025-05-05 | 오늘 저녁 황올먹어야징 츄베룹!!!!
fernan_92a | 2025-03-30 | 👏👏
hy0.ax | 2025-03-31 | 바삭바삭 미쳐따.. 언니는 뭘먹어도 인정이지..
rara_muk | 2025-03-31 | 황금올리브 진짜 조아하능데❤️
aboutmaryam.be | 2025-03-31 | 🔥
gekikara_men | 2025-03-30 | 🥰🍗 🥰
chx.m_13 | 2025-06-29 | 황올 안먹어봤는데 먹을까효....
180__32 | 2025-03-30 | 후라이드는 무조건 황올...🫗🫗🫗🫗🫗
samanehgh55 | 2025-03-31 | یا خدا
bdlver | 2025-04-08 | A
_parksunho | 2025-03-30 | 후라이드 근본 중에 근본!! 황올🤤🤤
umirrrae | 2025-03-30 | 어어어어!! 이제야 봣따요..ᰔ
beluvsick178 | 2025-03-31 | 역시 근본은 후라이드져 ㅋ
avalora_0000 | 2025-04-18 | 欸忒忒
ueussjsjs | 2025-03-30 | 저도 후라이드 하면 BBQ 였는데 병든 닭 논란으로 손절 했어요 ㅠㅠ 원래는 판매를 안하는 상품인데 본사는 괜찮다고 환불도 안해줬데요....
letme_117 | 2025-03-30 | 파파존스 브라우니 먹어죠요 언니
talithafy_ | 2025-04-18 | this type of asmr, just pure crunch and biting not slurping a god damn dry food🧍🏻‍♂️
chan1201_ | 2025-07-21 | 😍😍😍"
2025-03-27,4310,한판에 6가지 고기에 4가지 맛이 든 ㄹㅈㄷ피자?#광고 맘스피자에서 출시한 와우미트피자🫶🏻 6종류 미트토핑에 4가지 맛을 한판으로 즐기기 가능🫶🏻 18900원의 행복 실화냐🫶🏻 심지어 토핑이 엣지끝까지 있어서 끝까지 맛나게 먹을 수 있다는 점🫶🏻 갓성비 ㄷㄷ🫶🏻 가격은 저렴하지만 맛은 프리미엄🫶🏻 싸이피자 잇는 또 하나의 시그니처 될듯 ? 6가지 미트의 완벽한 하모니 즐기러 고기덕후 당장 집합!!🫶🏻 17주,"#맘스피자, #와우미트피자, #맘스터치, #피자, #피자맛집, #배달맛집, #피자먹방, #먹방asmr, ##mukbang, #mukbangasmr, #mukbangkorea, #asmreating, #mukbangers, #asmreatingshow, #야식추천","hzxe_ll | 2025-03-27 | 너무 맛잇게 먹는데 저번에 뿌링클 영상 보고 뿌링클 먹고싶어진 1인…
bbbm_jg | 2025-03-29 | 피자 존맛각
d_t_muksta | 2025-03-27 | 하아 피자 먹방 찍고싶네여…다양한 맛 다좋아ㅠㅠㅠ
berup_x | 2025-03-27 | ❤
muk.news | 2025-03-27 | 꺅..❤️
pyonggome_yummy | 2025-03-27 | 토핑대박이에요😍
hai23.kokuro | 2025-03-27 | 🍕❤️🥰🙏🏻🙏🏻🙏🏻
ji__sttar | 2025-03-30 | 너무 맛있게 드셔요❤️
hy0.ax | 2025-03-28 | 으악 맛있겠다 언니는 역시 먹방의 신이야 ..
ruri.food | 2025-03-27 | ❤️
jini_zzin | 2025-03-28 | 엣지끝까지 토핑있는거 취저에요😍
h_mochi_bungeo | 2025-03-27 | 맛별로 다 먹다보면 반판 순삭이겠는데여
vv_0o9 | 2025-04-18 | 맛있어 보인다
miri_muk | 2025-03-27 | 오오오 토핑이 찐이네오
ye._.hi | 2025-03-29 | 와우 엄청 많있겠다요!
gge.juck | 2025-03-27 | 고기가 종류가 그렇게 망ㅎ아요?
ggam_food | 2025-03-29 | 와우소리 절로나져❤️
umirrrae | 2025-03-27 | 매일 올려주시는거진짜 너무조아혀..❤️‍🔥
ruri.food | 2025-03-27 | 요기피자 마싯어❤️나두조아해
mukorang | 2025-03-27 | 오ㅓ ㅂ비줠 미펴따아아
eating_happily_ | 2025-03-28 | 이거 진ㅁ자 가격대비 말 앙대
mukjung_ | 2025-03-27 | 그녀는 과연 손가락을 몇번 흔들었을까요?
180__32 | 2025-03-27 | 맘터가요즘 핫치킨순살부터 열일하네😵‍💫😵‍💫😵‍💫😵‍💫😵‍💫
k62327113 | 2025-04-02 | ❤️❤️❤️❤️❤️
fernan_92a | 2025-03-27 | 👏👏👏
bori_kie | 2025-03-27 | 맘터는 다른 프차보다 더 맛있는데 더 쌈!
my_bestie.s2 | 2025-03-28 | 저거 치즈소스가 킥이네... 담엔 치킨 피자 같이 먹어야겠다
letme_117 | 2025-03-29 | 언니 파파존스 브라우니 먹어주세여"
2025-03-26,2750,"요즘 릴스에서 유행하는 젤라또만들기? 콘으로 젤라또 만드는 게 유행이길래 라라스윗 저당 파베크림콘으로 도전 ! 우유크림이 시중 평균보다 10배 이상 들어가서 그런지 크림맛이 찐하다🫶🏻 젤라또처럼 만들어 먹으니 재미도 있는데 섞을 수록 더 쫀쫀해지고 맛은 묵직🫶🏻 심지어 이건 당류가 2g이라 저당으로 즐기기까지!🫶🏻 CU, GS25 편의점에서 판매중 ! 젤라또 만들기 도전하실분 ? 18주","#광고, #파베크림콘, #저당파베크림콘, #편의점신상, #편의점디저트, #라라스윗, #라라스윗저당콘, #저당콘, #신상디저트, #cu신상, #gs25신상, #간식추천, #신상리뷰, #먹방asmr, #mukbang, #디저트맛집, #mukbangasmr, #asmreating","berup_x | 2025-03-26 | ❤️❤️
gyusun_1004 | 2025-03-26 | 우앙 젤라또 맛나겠다규 😍
muuk.dda | 2025-03-27 | 와 이거 오늘 네고왕에 올라왔스요 ㅠ 당장 구매함 ㅠㅋㅋㅋㅋ
korea_foodzone | 2025-03-26 | 오 젤라또 맛있겟어용
eating_happily_ | 2025-03-27 | 유행 따라잡기 가보작오❤️
ruri.food | 2025-03-26 | 젤라또 잘 늘렸넹ㅋㅋㅋㅋㅋ😍
180__32 | 2025-03-26 | 이두운동만 빼면 완벽한 젤라또🤤🤤🤤🤤🤤
young.gimi | 2025-03-27 | 오늘해먹어봤눈데 전맛탱~ 갭자기 또뜨네여
s_eo_.wxn_ | 2025-05-27 | 갸 맛잇겟ㄴ다ㅠ
bonge_o0o_food | 2025-03-26 | 나듀 젤라또~!!!!
hai23.kokuro | 2025-03-26 | ❤️❤️❤️
gge.juck | 2025-03-26 | 이거 저당아이스크림 중 1티어던데 맛이…😮
bbok_yee_07 | 2025-03-26 | 🙌🙌
jio__busan | 2025-03-26 | 헐헐 젤라또처럼되구나😍
_.su_.jeong_ | 2025-03-27 | @lsjksh0525 내일이거구해와야대
mat_puri | 2025-03-27 | 간식 너무 좋자나용❤️ 휘휘저어 젤라또🙌
hzxe_ll | 2025-03-27 | 오늘 사머거야찟!
k62327113 | 2025-03-31 | ❤️❤️❤️
fernan_92a | 2025-03-26 | 👏👏
jeong_jae_woooon09 | 2025-03-27 | 제가 츄베릅님을 좋아하는 만큼 늘어나네요..😍
teiryle | 2025-03-27 | 얼만가여??
yengjunswyne | 2025-03-26 | 홍어 먹어주세요
__min___ho__ | 2025-04-04 | 이두운동 아니고 전완근이겠죠
umirrrae | 2025-03-26 | 목소리너모예뽀용ʚɞ
quuuuartz | 2025-03-26 | 파베크림콘 너무 맛있어보여용🥹
rara_muk | 2025-03-27 | 맛있겠는데요❤️
eat_fp | 2025-03-26 | 휘휘 팔운동 할래요😆
kaitokozono | 2025-03-26 | 신기하누
yengjunswyne | 2025-03-26 | 민초로 양치해주세요
ddo__yam | 2025-03-27 | 대박사건ㄷㄷㄷ 저당젤라뜌 ㅠ
kanao_313 | 2025-04-06 | You are so beautiful you look like a doll 💗😭
sugia783 | 2025-05-31 | 이거 말고 더블비얀코도 샤베트랑 아이스크림이랑 섞으면 젤라또 돼요❤️"
2025-03-25,8.1만,굽네 고추바사삭 순살&로제 불닭 조합 어떤데? @@@치킨사죠 18주,"#굽네, #고추바사삭, #먹방asmr, #불닭볶음면, #로제불닭, #mukbang, #mukbangasmr, #치킨먹방, #치킨맛집, #야식추천, #asmreating, #mukbangers, #mukbangkorea, #asmreatingshow, #chicken, #buldak","hy0.ax | 2025-03-26 | 아 맛있겠다 ㅠ 역시 언니 최애 고바순ㅋㅋㅋㅋ
amethyst_1837 | 2025-03-26 | 오아우 넘 이쁘신데 넘 잘드심 팔로우 했어요❤️🔥
qwljksv81bao | 2025-06-10 | 이 언니 고바순영상이 젤 좋음 👍👍
hotdor_s | 2025-03-25 | 촬영 뭐로함? 화질 미쳤다
sse_luv | 2025-03-25 | 조합대박이에요👏
100rang_food | 2025-03-25 | 고추바사삭에 로제조합 야무지다😮
ruri.food | 2025-03-25 | 😍😍
1vxmie | 2025-04-02 | 맛있게 드셔요오 ! 🤍
bori_kie | 2025-03-25 | 고바순 광고모델로 임명합니둥
180__32 | 2025-03-25 | 역시 까르보단 로제가 최고.. .🥵🥵🥵🥵🥵
hzxe_ll | 2025-03-25 | 왐 ㅣ쳣다 고바순은 맵찔이에게 맵나요 ..?
berup_x | 2025-03-25 | ❤
gimtaeeun6721 | 2025-03-25 | 와 츄릅❤️❤️❤️
umirrrae | 2025-03-25 | 진짜 맛있게 드심용,,
ruri.food | 2025-03-25 | 아 꾸덕소리 미쳤다.......
hai23.kokuro | 2025-03-25 | 🤍❤️
jeong_jae_woooon09 | 2025-03-26 | 오늘 첫 3모인데 츄베릅님 보니까 긴장이 들 되네용...❤️
gsgm_basketball2021 | 2025-04-19 | @rjtsugal 준비해라 민서랑!!!
mukjung_ | 2025-03-25 | 나도남은거 에어돌러죵 ㅜ
simyeweon261 | 2025-06-09 | 징짜 개 짭쪼름하게 드신다 위장염 걸렸는데 대리만족ㅠ
fernan_92a | 2025-03-26 | 🙌👏👏
don_ia6181 | 2025-05-18 | @palfery_nosh
yejoon.e_fan_official | 2025-03-25 | 고바순 +로제불닭+ 츄베릅먹방 조합 미쳤음😍
ashi2ee | 2025-03-26 | 진짜 언니 고바순 먹방 하루에 한번씩 봐요...
official_t.barrett | 2025-03-28 | ❤️❤️
bss_o_o | 2025-03-26 | 한강 구경이 아니라 커플 구경..한옥마을도..경복궁도..커플로 터져나가요..
taekai__life | 2025-04-11 | 15주좋아요 10개답글 달기
번역 보기
lo._.ra1 | 2025-04-02 | 지금 팔로우하고 있어요, 음식이 너무 맛있어요😝🍕
hj_foodie | 2025-03-25 | 헐 ㅜ 나 저건 안먹어봤는데 먹어봐야겠다 꾸덕해❤️
eating_happily_ | 2025-03-25 | 아니 언니 로제가 개쫀맛이여
muk_zzang_a | 2025-03-26 | 하...이밤에 괜히 봤어욬ㅋㅋ🤣🤣🤣
choi._.yummy | 2025-03-26 | 소리 미쳣다
review_minday | 2025-03-26 | 치킨이랑 불닭 조합은 사랑이죠ㅠ ❤️ 꾸덕한 소리 미쳤습니다..
liony.moon | 2025-03-27 | 15.15
cica92putrisiti_imron | 2025-03-27 | ❤️🔥🔥🔥kjuuyffxxcccc
hassa23456 | 2025-03-29 | ❤️❤️😍
hassa23456 | 2025-03-29 | 🔥🔥
dekacrepes999_ | 2025-03-29 | Looks yummy 🤤
nzy_85 | 2025-03-30 | ❤️
no_one71711 | 2025-03-30 | صايمه😢😢
mnisoeo | 2025-03-30 | 언니 언니덕에 저 굽네단골되겟어요 역시최애치킨이라 그런가 더 야무지게드시고 더 귀여우셔서 혼자 삼만번돌려봫어요 아 또 땡긴다
shougaishagaooiinsta | 2025-04-02 | 韓国ってほんとに美味しそうな食べ物ばっかりだし、それを美味しそうに食べるよね🤤
eylul_sude_tns | 2025-04-02 | Ramazanda olmasa sizi izleyen kimse olmaz
im_mamii8314940 | 2025-04-05 | 箸をちゃんと持ってゆっくり食べなさい!!笑笑
lezinhacosta16 | 2025-04-12 | Gente não dá … tentei de novo comer esse miojo e estou até agora morrendo … parece que tem uma labareda na minha boca
iza_belli0915 | 2025-04-15 | #*_$!(#[>_;@))#[/$!)+],#</@
iza_belli0915 | 2025-04-15 | ❤️
skrrsua1111 | 2025-04-16 | 고바삭보단 황금올리브😂😂😂
avalora_0000 | 2025-04-17 | 此次意ㄧ
izabelly_gaudard | 2025-04-17 | |[] ,
emichanchan_10 | 2025-04-19 | That looks so good🤤
gekikara_men | 2025-04-24 | 🥰
reyhun.angizshi | 2025-04-27 | سلام به چند نفر ادمین پاسخگو نیاز دارم با حقوق روزانه
reyhun.angizshi | 2025-04-27 | ادمین پاسخگو میخواستم با حقوق روزانه تضمینی😍❤️؟
cxll.me8465 | 2025-05-05 | I'm hungry at this late hour
a89925313qq | 2025-05-13 | 😍😍😍
falutdavongsanty | 2025-05-20 | 😮😮😮
emy_llx23 | 2025-06-13 | 아름다운 ❤️
l0vee_zzaa | 2025-06-24 | 안녕하세요! 저는 인도네시아 사람이에요!! 음식이 맛있어 보이네요 😋
mukbangluarnegeri | 2025-07-02 | 😍😍"
2025-03-23,4135,"요거트월드에 제주말차 요거트아이스크림 등장 ? 요거트아이스크림 맛집 요거트월드에서 이번에 제주말차 요거트아이스크림 출시! 깊고진한 제주말차 + 상큼한 요거트아이스크림 상큼쌉쌀달콤 조화가 굿🫶🏻 생초코말차월드엔 꾸덕달달한 생초콜릿큐브에 초코팅이 들어 식감과 맛까지 잡았는데 생딸기 추가로 식감과 맛이 두배가 되..🫶🏻 푸딩말차월드엔 탱글부드러운 커스터드 푸딩이 킥🫶🏻 로투스소스에 바나나, 쿠키분태가 말차랑 찰떡🫶🏻 생딸기 추가로 과즙팡팡까지🫶🏻 산뜻한 봄 디저트 제주말차 요거트아이스크림 즐기러 요거트월드 ㄱㄱ🫶🏻 @yogurtworld_official 18주","#광고, #요거트월드, #요월, #요거트아이스크림, #푸딩말차월드, #생초코말차월드, #제주말차요거트아이스크림, #봄디저트, #먹방asmr, #간식추천, #디저트맛집, #mukbang, #mukbangasmr, #asmreating, #mukbangers, #asmreatingsounds, #dessert, #matcha, #디저트먹방","hzxe_ll | 2025-03-23 | 맛있겟다 .. 아 자야돼는데 ㅜㅜ
ruri.food | 2025-03-23 | 소리진짜 미쳒다 ㅋㅋㅋ 넘 맛나보야❤️
berup_x | 2025-03-23 | ❤️
bloomingyeast | 2025-04-10 | 😍
bori_kie | 2025-03-23 | 소리 너무 좋다🔥
ruri.food | 2025-03-23 | ❤️❤️
h.sato.h.sato | 2025-03-24 | 😍😍😍👏
hai23.kokuro | 2025-03-23 | ❤️🍓🙏🏻🙏🏻
eating_masterpiece | 2025-03-24 | 크 조합이 넘 좋은데요🫶🏻
gimtaeeun6721 | 2025-03-23 | 저희언니말차좋아하는데언니에게주고십네요!❤️❤️❤️❤️❤️츄릅
180__32 | 2025-03-23 | 딸기 진짜 달아보이네😢😢😢😢😢
6vohop | 2025-03-25 | 말차맛 요거트?!! 상상이 안가요 넘 맛있을 것 같아요 😍 혹시 하이라이터랑 애굣살 정보 알 수 있을까욥ㅎㅎ 넘 예뿌세요
mat_puri | 2025-03-24 | 제주말차 너무 좋자나요!! 거기에 딸기!!
mukorang | 2025-03-24 | 말차❤️
jeong_jae_woooon09 | 2025-03-24 | 오 저 어제 폰뺏겨서 오늘 보네요...그래도 츄베릅님 이뻐서 다행이에요..❤️
hotdor_s | 2025-03-24 | 말차 개좋아하는데 믿고 시켜본다
suri_sso | 2025-03-25 | 말차 참을 수 없죠!!🙌
iiaaiaiairy | 2025-06-15 | 안그래도 말차 딸기 완전 좋아하는데 너무 맛있겠네용
gge.juck | 2025-03-23 | 어ㅏ 말차라니..말차라니!!!
fernan_92a | 2025-03-24 | 👏👏
mahsa._.asmr | 2025-03-25 | @chu.berup_jmt ❤️
chu.berup_jmt22 | 2025-03-23 | ❤️
ddo__yam | 2025-03-23 | 말차폼미쳐따..베릅❤️
my_bestie.s2 | 2025-03-24 | 말차+딸기+초코 미친조합...
kaitokozono | 2025-03-23 | 👏👏
laleymisizz | 2025-03-24 | I love your makeup
lj._.ssek | 2025-03-24 | 뇽뇽뇸"
2025-03-22,4.6만,인생 뿌링클 발견;; 치즈볼은 필수. 18주,"#bhc, #뿌링클, #먹방asmr, #치즈볼, #mukbang, #mukbangasmr, #asmreating, #mukbangers, #mukbangkorea, #asmreatingshow, #chicken, #치킨맛집, #야식추천, #치킨추천","berup_x | 2025-03-22 | ❤️
eating_happily_ | 2025-03-22 | 아니 딱 봐도 ㄹㅇ가루폭탄이여,,😮 아아아악 뿌링클 다움 달에 꼭 모고야지,,,❤️
rabbit_051004 | 2025-03-23 | 뿌링클 수혈 가야겠네용😍
mpsonies.48 | 2025-04-01 | ❤️
hzxe_ll | 2025-03-22 | 뿌링클 맛있는데 아 진짜 왜 영상은 이시간마다 뜨는지🫠🫠
gaekolttak | 2025-03-26 | 닭다리 진짜 크네요😢
kim_da_nim2 | 2025-03-25 | 맛있겠당 츄베릅
sang_hwa00 | 2025-03-23 | 아 와구와구 베어먹는거 맘에듷러요❤️
djpileusmusic | 2025-03-22 | Wow❤️❤️❤️❤️❤️👌👌👌👌👌👌
mukorang | 2025-03-23 | 와 비줠 오엠지❤️❤️
hy0.ax | 2025-03-22 | 오늘도 맛있게 먹어줘서 고마워 언니 !! 청양마요 해주기로 약속했다 ?!
vara_dishya | 2025-03-23 | hi❤️❤️
hotdor_s | 2025-03-22 | 요즘 배달 초심잃었는데 이건 맛나보이네
hai23.kokuro | 2025-03-22 | ❤️
soiree_ji | 2025-03-27 | 하나 뿌링클먹고싶어 하 ...... @__uaanbqns
jeong_jae_woooon09 | 2025-03-22 | 저두 결국 오늘 치킨을 먹었습니당...ㅎ😮츄베릅님은 오늘도 아름다우십니당😍
yexo_eon325 | 2025-03-22 | 왜 이게 지금 뜨는건지•••❤️
j_hyean13 | 2025-04-12 | 아 맛있겠다..
mahsa._.asmr | 2025-03-25 | @chu.berup_jmt ❤️
ashi2ee | 2025-03-25 | 진짜 한국 돌아가면 뿌링클 다 먹어버릴거에요 🥺🥺🥺 항상 대리만족 시켜주셔서 감사합니다 ㅎㅎ
fernan_92a | 2025-03-22 | 👏👏👏👏
bori_kie | 2025-03-22 | 뿌링클은 진짜 못참쥐,, 콘소메이징도 맛있어용!!
ddr8079 | 2025-05-25 | 😛😛😛
180__32 | 2025-03-22 | 가루엄청많이뿌려주는집이네요ㅋㅋㅋㅋㅋㅋ
hy.e0in_ | 2025-04-05 | ㅈㄴ 맛있겠다..
j_hyean13 | 2025-04-12 | 다이어트 중인데ㅜㅜ
gaon._.013 | 2025-05-30 | 언니 얼굴이 얼마나 짝으면 치킨이 칠면조 처럼 보여 🥺❤️
km_d.hyeon | 2025-03-31 | 진짜 짜겠다
aveonx_ | 2025-04-12 | 제발 처갓집 골드치즈볼 먹어보세요 ㄹㅈㄷ에요
hitotsuminadegiri | 2025-04-03 | There is nothing finer than watching good food and fine people come together🤤🤤😍😍😍
heress00kie | 2025-05-18 | @o.0line 想吃这种
zahraivena | 2025-04-03 | where to buy
_imjustagurlllllll_ | 2025-03-24 | That looks so delicious i wanna eat it😭😭😭
avalora_0000 | 2025-04-17 | 字子ㄧ
hossein.1380.ho | 2025-03-25 | خوش به حال شوهرت که میتواند تورا بکند😍"
2025-03-21,3.3만,얼굴보다 큰 대왕떡이 든 떡볶이 다 먹기 가능? 핫이슈샵에서 찾은 점보떡볶이! 대왕밀떡과 판어묵이 통째로 들어 왕크왕맛🫶🏻 떡과 어묵이 얼굴만해서 한입에 먹기 어려운 대왕 점보떡볶이🫶🏻 양념은 달달매콤한 옛날 떡볶이맛🫶🏻 맵지 않아서 맵찔이도 맛있게 먹기 가능🫶🏻 4-5인분인 점보떡볶이 혼자 다 먹기 ㄱㄴ? 왕크왕맛 점보떡볶이는 ‘핫이슈샵’ 검색해서 도전 ㄱㄱ🔥 18주,"#광고, #점보떡볶이, #핫이슈샵, #떡볶이, #떡볶이밀키트, #떡볶이먹방, #떡볶이맛집, #먹방asmr, #mukbang, #mukbangasmr, #asmreating, #mukbangers, #mukbangkorea, #asmreatingshow, #야식추천","berup_x | 2025-03-21 | ❤️
bori_kie | 2025-03-21 | 오늘따라 더 사랑스러우심 왜그러지,,?😍
mukbears | 2025-03-21 | 진짜 이시간에 넘 맛있게드시는거 아임까,,?😮
ruri.food | 2025-03-21 | 넘마싯겟다 꾸덕꾸덕❤️
ro_ro_0070 | 2025-03-22 | 😍😍😍😍😍
sse_luv | 2025-03-21 | 너무 맛있어보여요,,🥹
ruri.food | 2025-03-21 | ❤️❤️
hzxe_ll | 2025-03-21 | asmr대바ㄱ 마디께따
mukorang | 2025-03-21 | 와 꾸덕한 거❤️❤️❤️
gge.juck | 2025-03-22 | 다 먹기 가능….?😮
180__32 | 2025-03-21 | 대왕어묵 최고...🧇🧇🧇🧇🧇🧇
jeong_jae_woooon09 | 2025-03-21 | 오늘 집왔어용😮 저도 오늘 저녁으로 떡볶이 먹었눈데 츄베릅님 보니까 또 먹구싶네용❤️❤️
ashi2ee | 2025-03-22 | 진짜 꾸덕촉촉 미쳤다 ...
djpileusmusic | 2025-03-21 | Wow👌👌👌👌👌
nabin141_ | 2025-03-26 | @3e_ynx
hai23.kokuro | 2025-03-21 | 🤍👏🏻👏🏻
yejoon.e_fan_official | 2025-03-21 | 와 진짜 맛있겠어요 😮
xiaotangyouding | 2025-03-29 | 😍😍😍
bss_o_o | 2025-03-22 | 언냐 얼굴이 너무 작은거여..
yubin___0626 | 2025-05-24 | 떡 자를때 소리가 먼가 chill 가이 노래같다
jx.eun_20 | 2025-05-22 | 언니가 얼굴이 작은게 아니고요??
_parksunho | 2025-03-21 | 많이 못먹어서 2인까지 가능할듯 한데…
이번주 라방은 일요일날 하시겠죠?
c3oyna | 2025-03-25 | 유튭 답글 보고 인스타로 넘어왔어용ㅇ😳
dldudfkr112 | 2025-03-21 | 츄베릅씨,, 처갓집좀 먹어줘요
turkish_cay53 | 2025-03-25 | İlk Türk yorumu🇹🇷
gekikara_men | 2025-03-22 | 🥰
review_minday | 2025-03-21 | 헐 떡볶이 두께 미쳤네요 ㅋㅋ 떡볶이 러버로써 침흘리고 갑니다.. 😢
kirriele | 2025-03-22 | Can you eat normal portions
tiffaniegabriellah | 2025-03-26 | 광고 얼굴보다 큰 대왕떡이
blink_eaws_rose | 2025-03-30 | I want to taste that so BADLY!!!!
bonge_o0o_food | 2025-03-21 | 엄청 커서 완전 취저야,,,🥹🥹❤️
myeong_jonmatt | 2025-03-21 | 츄베릅❤️
s0happylife | 2025-03-22 | 왕 ㅠㅠㅠ 꾸덕 미쳐써요 ㅠ❤️
mzngsub | 2025-03-23 | まじで美味しそう､､､🤤🤤
音も最高です､､､😻💘
hanifah__chnzhyan | 2025-03-24 | 😍
hnn.5425 | 2025-03-26 | ❤️❤️👏👏👏
sasaudadesa | 2025-03-26 | Pas lewat pas lagi puasa😂
ilyrne.__ | 2025-03-28 | She never fails to make me feel hungry 🤤🥲
akukysa01 | 2025-03-28 | ❤️❤️❤️ you
nadyjaaaaa | 2025-03-30 | 😍😍😍
despondentmoon | 2025-05-05 | what are these called
vvmm.ggmm | 2025-05-06 | 😊
athena_vuite | 2025-05-10 | i ei mai”thei lo mi👏
itsmonika4510 | 2025-05-21 | 😍😍❤️🙌🔥👏😢😍😮😂
monishanagarajmonisha | 2025-05-22 | 🔥
odiy_qizca_2012 | 2025-05-22 | 🔥🔥
si_cimei | 2025-05-27 | ❤️yummy
_anora_2512 | 2025-05-31 | Pleas😢🍗🍟🧀
sharwari_812 | 2025-06-21 | Food looks tasty 🤤
kim99kim00 | 2025-06-22 | 👋👋
dilodor_66 | 2025-06-27 | ❤️🔥"
2025-03-20,6982,연세우유 신상 먹산생크림빵 ㄹㅈㄷ;; 18주,"#연세우유, #연세우유생크림빵, #먹산생크림빵, #먹방asmr, #간식추천, #신상리뷰, #디저트맛집, #mukbang, #mukbangasmr, #편의점신상, #asmreating, #편의점디저트, #mukbangers, #asmreatingsounds, #mukbangkorea, #dessert, #크림빵","berup_x | 2025-03-20 | ❤️
ruri.food | 2025-03-20 | 완내스❤️❤️ㅋㅋㅋ나도 야구 안보지만 요거 마싯겟다
180__32 | 2025-03-20 | 역시 쨈은 딸기 블루베리가 최고..🤤🤤🤤🤤🤤
siso_father | 2025-03-21 | 크림 대박이네요 😍
hzxe_ll | 2025-03-21 | 츄베릅님 저 어제 10시에 못왓어요 ! 수면모드라 알림이 왓는데 소리가 안나서 ㅜㅜㅜ 근데 저 빵 너무 맛잇게 생겻더요 마딧게따 나도 빵 좋아하는데..
a89925313qq | 2025-05-09 | 😍😍😍
gge.juck | 2025-03-20 | 이거 진짜 난리났던데 빠르시네요😮😮
sltnqdla | 2025-03-21 | 헐 이거 궁금한데요 저도 도전할래용❤️
jeong_jae_woooon09 | 2025-03-20 | 오..너무 이뻐요 츄베릅님..😍저도 한번 묵어보고 싶네용🤤 아! 그리구 라방 주말에 계획 있으신가용..?😮
bonge_o0o_food | 2025-03-20 | 완내스~!!! ㅋㅋㅋ귀여워
ruri.food | 2025-03-20 | 🙌🙌🙌
review_minday | 2025-03-21 | 연세우유 빵은 생크림 빵 듬뿍인게 핵심인데 역시 크림 가득 넘 좋네요 !! 편의점 가서 발견하면 먹어봐야 겠는데요?? 🤍
mukjung_ | 2025-03-21 | 완내스>[<
yejoon.e_fan_official | 2025-03-20 | 신상 먹산생크림빵 참 상콤한데요? 츄베릅님 먹는모습도상큼해요😍
hihee.e | 2025-03-21 | 어우 크림 꾸덕하니 넘 맛나보여여❤️
2002f.w | 2025-03-21 | ❤️❤️❤️
leeoh_review_ | 2025-03-21 | 이거 진짜 맛있쥐!!
fernan_92a | 2025-03-21 | 👏👏👏
hai23.kokuro | 2025-03-20 | 🤍
v.wchi_pv | 2025-03-21 | I want to buy this can you Give me the link or name
sylwaazr__ | 2025-03-29 | Lagi puasa woi🤤🤤🤤
topastuu | 2025-03-20 | 얼려서 에프굽 해도 괜찮을꺼요??
rara_muk | 2025-03-21 | 블루베리잼 궁금❤️
xxani.xa | 2025-04-27 | @suub_ini
ssu.xh2 | 2025-05-13 | 근데 보통 연세우유빵 간식으로 먹어요 식사로 먹어요??
kaitokozono | 2025-03-20 | ❤️🙌👏
beluvsick178 | 2025-03-20 | 먹산 베어스 ㅋㅋㅋ"
2025-03-18,1.4만,BBQ신상 땡기게 쇼킹한 맛 땡쇼크? 중독적인 매콤함에 치명적인 짭짤함이 자꾸 손이 감🫶🏻 이름 그대로 땡기게 쇼킹함 ㄹㅇ🫶🏻 리뉴얼 전보다 더 맛있게 매워졌다더니 스트레스 싹이다 진심🫶🏻 쫄깃바삭 달콤고소한 황금알치즈볼이랑 먹으면 게임 끝🫶🏻 3/14-3/31 까지 BBQ 앱에서 1000원 상시할인 + 5000원 상당의 황금알치즈볼(5개) 증정까지 !🫶🏻 지금 기회에 당장 먹어줘야겠지 ? 19주,"#광고, #BBQ, #비비큐#야식추천, #치킨먹방, #치킨, #BBQ치킨, #비비큐치킨, #비비큐앱, #BBQ앱, #치킨추천, #땡쇼크, #중독적인매콤함, #치명적인짭짤함, #땡기게쇼킹한맛, #황금알치즈볼, #이벤트, #31일까지, #먹방asmr, #mukbangasmr, #asmreating, #mukbangkorea","berup_x | 2025-03-18 | ❤️
p1ca.edits | 2025-04-08 | 🔥🔥🔥🔥
bori_kie | 2025-03-18 | 꺄 광고다다다다다 달려왔슈🔥🔥
eat_fp | 2025-03-18 | 우왁 넘 맛나보여영😍
21lovegiantmountain | 2025-03-18 | 너무잘드시고아름다우신것같아요😻
teddy_zip_ | 2025-03-19 | 치킨 넘 땡겨요ㅜㅜ 색부터 영롱,,
h.sato.h.sato | 2025-03-18 | 👏👏👏🔥
rodrigoferreirabarbosa448 | 2025-05-15 | 👏👏
korea_foodzone | 2025-03-18 | 쇼킹하게 땡기네요😂
_prisha2012_ | 2025-05-12 | 🤤🤤🤤🤤
jeong_jae_woooon09 | 2025-03-18 | 학교 끝나고 보는 츄베릅!!😍❤️오늘도 이뻐요!
hy0.ax | 2025-03-18 | 언니 요즘 치킨에 빠졌구나 ㅋㅋㅋ 오히려 좋아.
jjong_mattang | 2025-03-18 | 소리 진짜 반칙임요 이건 ㄹㅇ 👏
hai23.kokuro | 2025-03-18 | 🔥❤️🙌
butte_gom | 2025-03-20 | 아잇 치킨에 고추 조합 먹잘알 여신 베룹님😍
gaekolttak | 2025-04-27 | 다이어트중ㅇ...아니고 시켜 먹어야지^^
upshot | 2025-03-20 | 중간에 뿌려드신 소스는 뭐에요?😍
gimminjae3621 | 2025-03-20 | 후추 좋아하시면 냉동이지만 bbq 바사칸 윙 에다가 ..블랙페퍼 시즈닝 뿌려 먹으면 맛있어요 ㅠ 소떡소떡은 매운 양념맛 강추 입니다 !
muk._.chuuru | 2025-03-18 | 아..배고파...
themukeou | 2025-03-18 | 안매워?!!!
hzxe_ll | 2025-03-18 | 학원 지금 끝나서 늦게 왓더여 ㅜ 진짜 저런거 나중에 커서 시켜먹어야지😋
rara_muk | 2025-03-18 | 신상 저도 먹어볼래요😍
hyxnddo__drink | 2025-03-18 | 존나 매우면 안먹을래..
beluvsick178 | 2025-03-18 | ㄱㅇㅇ❤️
gge.juck | 2025-03-18 | 허 이거 진짜 침고이던데 한조각만요 ㅜ
jack93kim | 2025-03-18 | ㅋㅋㅋㅋ왜살이안찌시는거야
fernan_92a | 2025-03-19 | 👏👏
deliciou_ddu | 2025-03-19 | 너무조으요❤️❤️
nemoy____a | 2025-03-19 | 대박 맛나겠어요❤️
mat_puri | 2025-03-19 | 와…짱맛있겠다 진짜ㅠㅠㅠ
bbang_hyojin | 2025-03-19 | 맵기 어느정도이려나여 불닭정도나 이상이면 좋겠는데…!!!🔥
asa._nour | 2025-03-19 | You are so cuteee and pretty ❤️👸🏼
lisa_cimel123 | 2025-03-20 | Selamat makan 🤤
foo__zim | 2025-03-20 | 와,,,오늘 비비큐 먹어야게따
gaekolttak | 2025-03-26 | 많이 맵나요?🔥
dg_hoyi11 | 2025-04-26 | 맛초킹이랑 비슷할것 같노
bebepboop | 2025-06-03 | enaknyaa"
2025-03-16,8.4만,KFC 통다리 치킨에 치즈소스 찍어먹으면? 19주,"#kfc, #kfcchicken, #통다리치킨, #치킨먹방, #치킨맛집, #먹방asmr, #mukbang, #mukbangasmr, #asmreating, #mukbangers, #mukbangkorea, #asmreatingshow, #야식추천, #치즈소스, #chicken, #양념치킨","100rang_food | 2025-03-16 | 저거 진짜 맛있는데😮
hzxe_ll | 2025-03-16 | 저의 최애 츄베릅님 진짜 너무 맛나게 드시면 이시간에 저는 어카라는겁니까 ??ㅜ
berup_x | 2025-03-16 | ❤️
qwljksv81bao | 2025-04-07 | 첨에 양념치킨 소리 미쳤어요 그리고 존예자나 ㅎㅎ😍
leejunhyuki88 | 2025-04-11 | 와아 맛있게 드신다
jaemin_10.10_ | 2025-03-17 | 제가 KFC 추천하려구 했는데 때마침ㅎ 에어프라이로 구우면 맛나요 👍
180__32 | 2025-03-16 | 역시 양념은 자극적이어야해🔥🔥🔥🔥
ruri.food | 2025-03-16 | 양념찍먹 진짜 미쳐따......😍😍
ruri.food | 2025-03-16 | ❤️❤️
hohooho_99 | 2025-03-17 | ❤️❤️
inibilagais | 2025-05-08 | 🇵🇸
skahsla | 2025-03-16 | 맛있겠다..
sixteenthstar_ | 2025-03-21 | 하
hai23.kokuro | 2025-03-16 | 🔥❤️
f___5141 | 2025-04-13 | @hr__1017 맛잇겟다
p.h.s__hyun | 2025-03-20 | 먹는모습 귀여워 초딩같아
jeong_jae_woooon09 | 2025-03-16 | 저는kfc는 한번도 안먹어봤는데...맛있겠네요...😍 그리고 오늘도 너무 아름다우세요 츄베릅님❤️
sh.95kg | 2025-06-25 | @seuri_p.q 주말각
lu3vio | 2025-05-15 | 자꾸 언니 먹방 릴스가 밤~새벽 이렇게 떠서 너므 괴로워........
menna_mostafv | 2025-03-23 | ❤️
nidahssya | 2025-05-05 | 🤤🤤🤤🤤
diioung | 2025-03-18 | 저 최애영상 된것 같아요,,
fernan_92a | 2025-03-16 | 👏👏
luna_y_eun | 2025-03-18 | @__js__hhh 진짜 케엪씨 함만 버켓 먹아보자
meow_ssu | 2025-05-30 | @seongbin713 담에 먹음 이거 먹자
suciiawaw_ | 2025-05-29 | #freepalestine🇵🇸🇵🇸🇵🇸🇵🇸🇵🇸🇵🇸🇵🇸🇵🇸❤️
zotopiiak | 2025-03-29 | @burpleruby
mmmini__z | 2025-03-20 | @_ju_nyoung_
kaitokozono | 2025-03-16 | 👏👏👏
98jun_ho_ | 2025-03-18 | @_mincedgarlic 이거는 믿어도 될까?
ltssnada | 2025-04-24 | Boycottttt 🇵🇸
beluvsick178 | 2025-03-16 | 미쵸따
mukorang | 2025-03-16 | 비줠이 미쳐따 .. 소리도❤️❤️❤️
jameslee0911 | 2025-03-17 | 크으 소리부터 기가막히네여😍
gge.juck | 2025-03-17 | 얼굴이 작은거라니까요?
mahsa._.asmr | 2025-03-17 | @chu.berup_jmt 🤍
yami_gonzalez89 | 2025-03-19 | 👏
theonly_.tesoro | 2025-03-19 | ❤️
theonly_.tesoro | 2025-03-19 | ❤️❤️❤️❤️❤️❤️❤️
theonly_.tesoro | 2025-03-19 | Woooooooooooooooooooooooooooooooo hay is me. Gen and Abrielle to Genesis my sister is doing her make up but me Abrielle I am typing by now
najmifrnn | 2025-03-20 | 단식을 하면 왜 맛이 더 좋아질까?
bimbafrank_ | 2025-03-20 | Tengo hambre 😂
hel.0e.na | 2025-03-25 | Whats the sauce on top
ihdinadindin99 | 2025-03-25 | Kenapa pas aku puasa kok ada makanan enk😍😍
karachiii_ | 2025-03-29 | Tolong aku nyasar
fz7_77x | 2025-04-10 | P
merisyaaaa__ | 2025-04-29 | Enak nye tegam
love_.jang | 2025-05-14 | 치즈 소스 정보좀요!
_meo.u._ | 2025-05-29 | Ui
rgdslmlshmry | 2025-06-10 | 🤤🤤🤤
faezeatabai62024 | 2025-06-12 | 😍😍😍
sntajliany_ | 2025-06-21 | aku saranin jangan terpaku bngt ya sama kamera
8l8882025 | 2025-07-18 | ❤️❤️
pisangbanana.1 | 2025-07-26 | 😍😍😍😍😍😍😍😍😍"
2025-03-12,4.9만,굽네 고추바사삭 순살에 치즈가루 촤르르💕 치즈볼은 필수 ㅇㅇ 20주,"#굽네, #굽네치킨, #고추바사삭, #치킨먹방, #치킨추천, #치킨맛집, #먹방asmr, #mukbang, #mukbangasmr, #asmreating, #mukbangers, #mukbangkorea, #asmreatingshow, #야식추천, #야식메뉴추천, #chicken","ruri.food | 2025-03-12 | 헐 고바슌 조아해?ㅋㅋㅋ대박 맛나보여❤️
korea_foodzone | 2025-03-12 | 육즙 너무좋아용ㅎㅎㅎㅍ
jameslee0911 | 2025-03-12 | 와 야식 땡기네여🔥
muk.news | 2025-03-12 | 이 치킨 존맛
gaekolttak | 2025-03-26 | 치킨에 육즙은 처음 보는데도 침이 줄줄........🤤
ashi2ee | 2025-03-15 | 언니 유학중이라 1년 이상 미국에 있어야하는데 혹시 60계치킨에서 간지치킨 드셔주실 수 있나요..? 진짜 허니콤보보다 100배 더 맛있어요....🥺💕💕💕💕
hy0.ax | 2025-03-16 | 다음에는 푸라닭 청양마요? 해주세요유
berup_x | 2025-03-12 | ❤️
bori_kie | 2025-03-12 | 아 굽네 치즈볼도 달달하다구..? 이거이거 자담치즈볼에 이어서 또 도전해야하나!!
jyulx2 | 2025-05-28 | 선생님!!!이러시면 배고프잖아요😢
gge.juck | 2025-03-12 | 아 이시간에 이거 에반데… 침흘렸다..
mukjung_ | 2025-03-13 | 아 고블링 ㅠㅠㅠ악!!
wxalxx__ | 2025-03-12 | 고추바사삭 특유의 구운맛이 일품이죠..🤤 보기만 해도 침이 저절로 나와버리네요..👍💯
ruri.food | 2025-03-12 | ❤️❤️
gee_silver.10 | 2025-05-08 | 저도 제 최애치킨이 고바임다..
bonge_o0o_food | 2025-03-12 | 오늘듀 예뽀🥰❤️❤️ 맛나게따 진쨔,,,
eating_happily_ | 2025-03-13 | 치즈가루 미쳤네………
hai23.kokuro | 2025-03-12 | 🔥❤️
ompanggirls | 2025-03-14 | 육즙미쳣네
muuk.dda | 2025-03-13 | 치트킹 메모…하 미쳫다 ㅠㅠㅠㅠ
js_umi | 2025-04-28 | @ycg0906
slpzzn | 2025-05-07 | 고바삭먹구싶당
180__32 | 2025-03-12 | 고추바사삭은 무조건 순살🍗🍗🍗🍗🍗
fernan_92a | 2025-03-13 | 👏👏👏
iovemeorleaveme | 2025-03-27 | 와 배고프당
jeong_jae_woooon09 | 2025-03-12 | 내 최애 인풀루언서는 츄배릅님이에요 오늘도 맛있고 이쁘게 보고 갑니당❤️
misick.mag | 2025-03-12 | 고추바사삭은 순살이 진리지
전부 닭다리살🫠🫠
bobvely_ | 2025-05-01 | @___hyjin___ 소리,,,
_parksunho | 2025-03-12 | 이 밤중에 올라오니까 배고파지네…🤤🤤
hee._._13 | 2025-06-08 | 남들이 마라탕 수혈 할때 이분은 고바삭을 수혈한다
imashorty5ft | 2025-06-03 | Can someone please tell me what is she eating?
tiffaniegabriellah | 2025-03-19 | 보기만 해도 침이 저절로 나와버리네요
kaitokozono | 2025-03-13 | 고바순 순살은 ㅇㅈ
neng_widia03 | 2025-03-17 | This voice...😢
skrrsua1111 | 2025-04-16 | 굽네보단 bhc
hh.__.jin | 2025-03-12 | 고바순 사랑해… 예쁘당
bottlejune__96 | 2025-03-13 | 고바삭은 사랑이쥬❤️❤️
muk._.chuuru | 2025-03-13 | 아....지금이걸봣네
leeoh_review_ | 2025-03-13 | 와,, 진짜 너무 맛있게 먹는다
meokdoong | 2025-03-13 | 와...진짜 먹고싶어져요 ㅠㅠㅠ미쳐
gyusun_1004 | 2025-03-15 | 우앙 고추 바사삭 너무 맛나겠다규 😍😍
masoud_eb000 | 2025-03-18 | چلو ماچپو مچاه مچگ
masoud_eb000 | 2025-03-18 | پامذ باذ
jeongbanchan | 2025-05-26 | 소리가 진짜 예술이네요 👏👏❤️
rafethan.clk | 2025-07-15 | 아주 좋은 목소리❤️
yejjjinnnn | 2025-07-17 | 츄베릅 ㅜㅜㅜㅜ
vv.quty | 2025-07-23 | 못참겠다!"
2025-03-10,1.7만,당면 잔뜩 마왕족발 뜯어버리기🐷 20주,"#마왕족발, #족발, #족발먹방, #먹방asmr, #mukbang, #mukbangasmr, #asmreating, #mukbangers, #당면, #야식추천, #족발맛집, #asmreatingshow, #mukbangkorea","a89925313qq | 2025-05-16 | 😍😍😍
d_t_muksta | 2025-03-10 | 매콤해서 더 맛나쥬 인정ㅎㅎㅎ😍
ruri.food | 2025-03-10 | 쌈싸는거 왤케 귀려웡ㅋㅋㅋㅋ나도 마왕족발 조아해❤️
siso_father | 2025-03-10 | 진심 너무 먹고싶네요 😍
eating_masterpiece | 2025-03-11 | 마왕족발 진짜 맛난데 집근처에 사라져서 넘 아수운..😢
h_mochi_bungeo | 2025-03-11 | 저 원래 마왕족발이 최애였는데ㅠㅠ귀한족발이 요즘엔 최고에요ㅠㅠ 귀한족발도 꼭 먹어보세요!! 마왕족발은 당면맛집이쥬
ro_ro_0070 | 2025-03-11 | 츄릅츄릅 🤤🤤🤤
hasando77 | 2025-03-11 | 날씨도 좋은데 이러면 제 맘이 설레이쟈나유😍😍
sse_luv | 2025-03-10 | 당면까지 너무 좋아요ㅜ
yesyesiam___ | 2025-05-18 | 이건 맛있어요
byeol._01 | 2025-03-12 | 오늘역대급귀엽네
luxnio_ | 2025-03-15 | 마왕족발 예전에 먹고 안 먹엇는데 최근 들어서 급 엄청나게 땡기는 거 있죠…??! 언니랑 통했나 봐요 ㅋㅋㅋ 🤭 그래서 먹방 찾아 봐도 다 옛날 거라 넘 아쉬웠는데 올려 주셔서 햄복… ♥︎
jio__busan | 2025-03-10 | 흐아ㅜㅜ너무 맛도리겠어요😍
jeong_jae_woooon09 | 2025-03-10 | 진짜 맛있을거 같아용...오늘도 미모 때문에 음식에 집중이 안되기는 하지만...😂❤️
jye0ng_21 | 2025-04-10 | 족발안먹는데도 맛있어보여요😍
zn.n1o | 2025-03-22 | 족발 이름이 뭔가요??!!
shiny._.k0 | 2025-04-20 | 당면추가 안해도 당면 많이 들어잇나용..🤤🩷
youksiktokki | 2025-03-11 | 와웅 침샘 지극자극!
moo_boza | 2025-03-10 | 와 양념 찐일듯여 ㅜ
fernan_92a | 2025-03-11 | 🙌👏👏👏
hnn.5425 | 2025-03-26 | 😋😋👌👌👍🏼👍🏼👏👏👏
eonoenion | 2025-03-12 | @jx_oni00 아니증평마왕족발 장포차로 바뀜 다른데에서 ㄱ
hsy.0_0 | 2025-03-13 | @hyunju_0611 야 언제 나오냐
h_____an_ul | 2025-06-27 | ㅠㅠㅜ주말에 치팅데이 치고 먹고싶아욤
mat_puri | 2025-03-11 | 와 당면 미쳤다…
kaitokozono | 2025-03-10 | 👏👏👏👏👏굿
elifyurday | 2025-06-25 | Merhaba Koreliler"
2025-03-07,1.3만,국민 초콜릿 가나에서 초코필링 가득 디저트가 나왔다? 가나 디저트 하우스 편의점 신상 3종 ! 촉촉부드러운 빵에 진한 초코필링 가득 가나 디저트 하우스 쇼콜라 케이크🫶🏻 초콜릿&헤이즐넛&아몬드 최강조합 가나 디저트 하우스 헤이즐넛 케이크🫶🏻 퐁신달달 꿀맛 가나 디저트 하우스 쇼콜라 카스테라🫶🏻 이 중 베릅픽은 ? 영상참고🫶🏻 초코러버라면 당장 겟🫶🏻 전국 편의점 판매중! 20주,"#광고, #가나초콜릿, #가나디저트하우스, #디저트하우스, #쇼콜라케이크, #헤이즐넛케이크, #쇼콜라카스테라, #가나디저트하우스쇼콜라케이크, #가나디저트하우스헤이즐넛케이크, #가나디저트하우스쇼콜라카스테라, #디저트추천, #가나50주년, #먹방asmr, #간식추천, #신상리뷰, #디저트맛집, #mukbang, #mukbangasmr, #편의점신상, #편의점디저트, #asmreating, #mukbangers","jjuchelin_ | 2025-03-07 | 초코러버라면 무조건 먹어봐야겠눈데요오😍❤️
berup_x | 2025-03-07 | ❤️
korea_foodzone | 2025-03-07 | 와 당충전하고싶당,,
review_minday | 2025-03-08 | 헐 꾸덕한 소리 넘 좋은데요? 우유랑 먹으면 극락이 따로 없을 조합 😢 ❤️
ruri.food | 2025-03-07 | 나두죵달달구리❤️❤️
h.sato.h.sato | 2025-03-08 | 😍😍😍👏
myeong_jonmatt | 2025-03-07 | 오옹 맛도리각❤️❤️
jio__busan | 2025-03-07 | 헐헐 넘무 맛있겠잖아><
heaven_sunshining | 2025-03-13 | 가나초콜릿은 진짜 맛있음 ㅠㅠ 칙촉브라우니 이제 안나오나..
wangseungyun63 | 2025-03-07 | 이열 맛있겠다
_gr2ny_ | 2025-03-09 | 헐 이거 궁금했었는데!!! ❤️
sungho_0p | 2025-03-08 | 우와🙌
hai23.kokuro | 2025-03-07 | 🍫❤️❤️
jeong_jae_woooon09 | 2025-03-07 | 오 집에 와서 보는 츄배릅님 덕분에 행복이 두배네용..❤️
a__h7524 | 2025-03-14 | @20._.hyun 현이 나 이거😮❤️
djpileusmusic | 2025-03-07 | Wow❤❤❤❤❤❤
a__h7524 | 2025-03-14 | 편의점 편의점❤️
ghir_jae | 2025-03-07 | 후멬디스
synee._.ee | 2025-03-17 | @ring.around.the.moon ㅁㅊ 개마싯겠다 젤라또챌린지하는 그 아이스크림살때 이것도사야됨
yejoon.e_fan_official | 2025-03-07 | 너무예쁘게 먹지마요 자꾸 반하잖아요😂😍
s_eo.k10 | 2025-03-07 | 먹고 싶어요
bori_kie | 2025-03-07 | 자담치킨 말고 먹을거 하나 더 생겨따.
lj._.ssek | 2025-03-07 | 셱시푸드.. 츄베릅
_.luce.sicut.stellae._ | 2025-03-10 | @nam_sses
mat_puri | 2025-03-07 | 와 초코 디졌네여 진짜
beluvsick178 | 2025-03-12 | ㄱㅇㅇㅠ"
2025-03-06,1.7만,"다음날 일정 없는 사람만 먹어야한다는 그 치킨.. 자담치킨 맵슐랭에 치즈볼, 소보로치킨까지💕 20주","#자담치킨, #맵슐랭, #치킨먹방, #치킨추천, #치즈볼, #chicken, #먹방asmr, #mukbang, #mukbangasmr, #asmreating, #mukbangers, #mukbangkorea, #야식추천, #치킨, #asmreatingshow, #소보로치킨, #매운음식","ruri.food | 2025-03-06 | 다음엔 머먹징 츄베릅 엽떡제일 매운맛 먹어주세요❤️❤️
korea_foodzone | 2025-03-06 | 아오오오ㅗㅇ 치킨 너무땡긴다구요
100rang_food | 2025-03-06 | 자담치킨 좀 치네😮😮
colorfulsundays | 2025-03-07 | 오우 자담치킨조와요❤️❤️❤️
hoseyni4033 | 2025-03-07 | ❤️❤️❤️🔥🔥🔥❤️❤️❤️🔥🔥🔥❤️❤️❤️🔥🔥🔥❤️❤️❤️🔥🔥🔥❤️❤️❤️🔥🔥🔥❤️❤️❤️👏🔥🔥🔥❤️❤️❤️🔥🔥🔥❤️❤️❤️🔥🔥🔥❤️❤️❤️
chumchmeyy | 2025-05-11 | 😍
h_mochi_bungeo | 2025-03-07 | 헐 제 최애치킨을,,드시다니ㅠㅠㅠ
gimtaeeun6721 | 2025-03-06 | 와 미쳤다❤️❤️❤️❤️
st4r_ren15 | 2025-03-25 | 너한테 먹방먹방 보고싶다 Indonesia
berup_x | 2025-03-06 | ❤
jack__foodie | 2025-03-07 | 오 자담 맵슐랭ㅋㅋ 나이거 조아하는디
gge.juck | 2025-03-07 | 상당히 어마하게 빠삭해보이는디요
hohooho_99 | 2025-03-07 | 낙곱새 먹어주세여!!! 2트 ❤️😭😭
hai23.kokuro | 2025-03-06 | 🔥❤️❤️❤️
mukorang | 2025-03-07 | 역시 맵슈랭 ㅜㅜ❤️❤️❤️
s1yul825 | 2025-05-14 | 도미노 포테이토 피자 마요네즈 2번 추가해서 머거주세여..👏
d_t_muksta | 2025-03-06 | ㅋㅋㅋㅋ담날 약속없는분들만ㅋㅋㅋㅋㅋ왜이리 웃겨욬ㅋㅋㅋㅋㅋㅋ
bori_kie | 2025-03-06 | 자담치킨 치즈볼 뭔가 bhc랑 비슷해보인다 이번주에 도전해봐야징
maes.a9292m | 2025-04-15 | 🔥❤️
fernan_92a | 2025-03-07 | 😮👏👏👏
1o.la0 | 2025-03-07 | 내 동생 당신의 오른쪽으로, 나는 금식하고 있습니다. 나는 볼 수 없습니다
gimtaeeun6721 | 2025-03-06 | 츄릅
themukeou | 2025-03-07 | 하...맵슐랭 지렸다
muk__guri | 2025-03-07 | 왕따라 약속이 없어요ㅜ
wangseungyun63 | 2025-03-06 | 누나 걍 앞으로는 후라이드치킨만 먹어 누나가 아프면 안되니
jeong_jae_woooon09 | 2025-03-06 | 거짓말안치고 오늘따라 더 이쁘신데여...? 그리고 기숙사라서 틱톡라이브 못봐서 슬퍼요..😢
0.0illll | 2025-03-07 | @seotofuu 저거 Skt에서 쿠폰 줄 때 먹어봤는데 ㄹㅇ 관장약임"
2025-03-04,3553,CU에 여수당 쑥 디저트가 나왔다고라고?! 21주,"#여수당, #씨유신상, #먹방asmr, #쑥디저트, #쑥크림팥샌드, #딸기, #간식추천, #신상리뷰, #디저트맛집, #mukbang, #mukbangasmr, #편의점신상, #편의점디저트, #asmreating, #mukbangers, #dessert","hj_foodie | 2025-03-04 | ㅠㅠ쑥크림 미쳐써❤️
js__1oo4 | 2025-03-05 | 쑥크림이랑 팥 드음뿍 들어가있네용💛
miri_muk | 2025-03-04 | 저도 여수당 쑥아이스크림 진짜 맛나게 먹었는데 그래서 이거 넘 궁금해요~ 팥으로 사먹으께요❤️
ruri.food | 2025-03-04 | 유튭에서 먼저 봐떠🙌
siso_father | 2025-03-04 | 당장 사러 가야겠어요 😍
jini_zzin | 2025-03-04 | 쑥팥으로 먹어볼께욧👏
jio__busan | 2025-03-04 | 와씨ㅜㅜ너무 맛있겠댜😍
berup_x | 2025-03-04 | ❤
mukjung_ | 2025-03-04 | 베릅픽간당
mukorang | 2025-03-04 | 오 궁그매용
hai23.kokuro | 2025-03-04 | 🤍🤎🍫🍭🥰🙏🙏
angellypaes | 2025-07-17 | 👍🏻
jeong_jae_woooon09 | 2025-03-04 | 오 엄청 맛있어 보이네요....😢
__jjovely | 2025-03-07 | @eudinyy @dd.__.jee @a_hnsujin @yoon._.jinii @0q__pw @_ssoyya_ @dhik__s 밥먹고 이거 찾으러 다니는 컨텐츠 어떤데
wangseungyun63 | 2025-03-06 | 누나 휴게소 투어 한번 가야지
mat_puri | 2025-03-04 | 이밤에…넘해요😂😂
0526_da | 2025-03-06 | @jo_yccc
lj._.ssek | 2025-03-04 | 저도 사주세용
gimtaeeun6721 | 2025-03-05 | ❤️❤️❤️츄릅
kaitokozono | 2025-03-05 | 1번이 더 괜찮은듯"
2025-03-02,2.8만,요청하신 후참잘 눈꽃치즈순살치킨 츄베릅❤️ 21주,"#후참잘, #먹방asmr, #눈꽃치즈치킨, #후라이드참잘하는집, #치킨먹방, #치킨추천, #야식추천, #chicken, #mukbang, #mukbangasmr, #asmreating, #mukbangers, #mukbangkorea, #후라이드치킨","berup_x | 2025-03-02 | ❤️
wangseungyun63 | 2025-03-06 | 누나 진짜 맛있게 먹는다
muk_daddy | 2025-03-02 | 아오..맛있게 드신다😢😍
100rang_food | 2025-03-02 | 빠싹한거보소..😮
muk_joongsa | 2025-03-02 | 왁 죨라 마싯겟다ㅠ,,, 넘 배구팟은데!!!
ruri.food | 2025-03-02 | 애 나 딱 치킨 땡겻느네두
njsisiixhjj | 2025-03-07 | 맛잇겟다진짜
chumchmeyy | 2025-03-17 | 😍
caeeun5858 | 2025-04-05 | ㅎㅏ,,., 이언니가 먹는건 다 맛있어보여..
loveyax2 | 2025-03-02 | 언니 환승연애4 나오신 서경님 닮앗어용
ruri.food | 2025-03-02 | ㅜㅜㅜㅜ❤️
mat_puri | 2025-03-02 | 오 솔직 리뷰 조아요😍
mukorang | 2025-03-02 | 소리 대받
coeyunseul79 | 2025-03-17 | 맛있겠다...(꼬르륵)...
gimtaeeun6721 | 2025-03-02 | 치킨별로안좋아하는데이건미쳤다❤️❤️❤️
hai23.kokuro | 2025-03-02 | 🤍
jeong_jae_woooon09 | 2025-03-02 | 저도 오늘 여행에서 치킨먹었는데...누님이 드시는것도 먹고싶네용...❤️
sun0._.n | 2025-03-02 | 오늘 라이브 하나욤...?
lj._.ssek | 2025-03-04 | 냠!
kaitokozono | 2025-03-02 | 👏👏👏👏
molgolava | 2025-03-05 | 잘드셔서 좋다
sowon_yam2 | 2025-03-02 | 후참잘은 사랑이에용❤️
moo_boza | 2025-03-02 | ㅏㅏㅏ 미쳤다…..
js__1oo4 | 2025-03-02 | 이거 맛있죠ㅜㅜㅜ❤️❤️❤️😍
tastebuds__official | 2025-03-02 | 츄릅😍😍 치킨 땡겨 미쳐융
ye._.hi | 2025-03-03 | 왕 오늘도 넘 맛있게 드세영!!
myeong_jonmatt | 2025-03-03 | Asmr 츄베릅
eating_happily_ | 2025-03-03 | 후참잘 개줜맛이야……….
ixxp.officialpage | 2025-03-03 | ❤️
hj_foodie | 2025-03-03 | 소리 진짜 미쳤쟈나 ㅠㅠㅠ❤️ 먹구싶음
ggam_food | 2025-03-03 | 하..역시 후참잘 바삭한소리❤️
maria_antonia_goncalves_ | 2025-03-04 | 맙소사 지금 먹고 싶다 ㅋㅋㅋ❤️🙌
bonge_o0o_food | 2025-03-04 | 소리가 너무 좋네,....
saghi_215 | 2025-03-08 | 😢😢❤️
navreetkaurj | 2025-03-09 | 🤤🤤🤤
jeonghyosig59 | 2025-03-10 | 예뻐요
muticyy_ | 2025-03-12 | Magrib lama yaa
st4r_ren15 | 2025-04-08 | 인도네시아 음식을 먹어보세요
222444555i | 2025-04-12 | the english comment ur looking for
reindeer.9563391 | 2025-04-16 | ❤️❤️❤️❤️
sarvenaz0253 | 2025-06-03 | ghhfghfxvijfykxrjfjbxcbvfhnchjftjccbjbdjcg hbv dvc hk vc fgdgdghcg gb fffhhgfcgfv🤣🤣🤣🤣🤣
lmik39 | 2025-06-21 | Martabak
kim99kim00 | 2025-06-22 | 👋👋
jacksonmestresigma | 2025-06-28 | 이게 레덴도 치즈빵이에요?
jijive05 | 2025-06-30 | 후참잘 순살은 백퍼 닭다리살인가요!?
rafethan.clk | 2025-07-08 | ㄷㄷ❤️"
2025-02-25,1.2만,"그 유명한 바삭함의 끝판왕 치킨 영접! 60계치킨의 크크크치킨🫶🏻 크럼블 크런치 크리스피의 크크크🫶🏻 유명한대로 바삭함이 ㄹㅇ남다름;; 바삭바삭 소리까지 맛있네🫶🏻 3가지 디핑소스를 주니 지루할 틈도 없음 ! 크크크소스 , 콘마요소스, HOT크크크소스🫶🏻 츄베릅픽은 상큼한 크크크소스 픽🫶🏻 얼른 시켜서 극강의 바삭함을 느껴봐바🫶🏻 22주","#광고, #60계치킨, #크크크치킨, #60계, #먹방asmr, #mukbang, #mukbangasmr, #asmreating, #mukbangers, #치킨맛집, #치킨먹방, #chicken, #먹방유튜버, #mukbangkorea, #야식추천","wxalxx__ | 2025-02-26 | 소스가 쥑인다..🤤🫠
bori_kie | 2025-02-25 | 저는 콘마요소스가 달달하니 맛있더라구용😍
jeong_jae_woooon09 | 2025-02-25 | 츄배름님에 미모를 보니 크크크 웃음이 나요..😍
gimtaeeun6721 | 2025-02-25 | 넘맛있겠다뒤에포인트!!❤️❤️❤️
wangseungyun63 | 2025-03-06 | 누나도 먹잘알이야
wangseungyun63 | 2025-03-06 | 크크크 콤보라니 캬 ㅈㄴ 쥑인다 한번 먹어봐야겠군
yejoon.e_fan_official | 2025-02-25 | 크크크 치킨 먹는 모습도 예쁘세요😍
foodlovefir | 2025-02-25 | ❤️
s_eo.k10 | 2025-03-06 | 영상 잘 보고 있어요
lj._.ssek | 2025-02-26 | 눈나 저도 사주세효..
kaitokozono | 2025-02-25 | 늦게 먹었구먼
eat_fp | 2025-02-25 | 크크크 넘 맛나자냐요😍
berup_x | 2025-02-25 | ❤
mukjung_ | 2025-02-25 | 60계까지 점령했다 그녀🔥
jio__busan | 2025-02-25 | 으아 ㅜㅜㅜㅜㅜㅜ대박 맛있겠어요🙌
hai23.kokuro | 2025-02-25 | 🔥❤️
sse_luv | 2025-02-25 | 완전 바싹하네요👏
100rang_food | 2025-02-25 | 크크크 진짜 많이먹었는데 오랜만에 갑니다😮
ruri.food | 2025-02-25 | 크킄 웃는거 너무 웃곀ㅋㅋ
ruri.food | 2025-02-25 | ❤️❤️기욥
bottlejune__96 | 2025-02-25 | 저도 맛봐야겠어요😍
needsman_daejeon | 2025-02-25 | 와 진짜 바로 주문할뻔했어요 ㅎㅎ
korea_foodzone | 2025-02-25 | 바삭한 치킨이 최고에유
mat_puri | 2025-02-26 | 오아ㅏㅇ아ㅏ악🔥🔥🔥
js__1oo4 | 2025-02-26 | 바삭바삭💛 맥주 생각나요🥺
ye._.hi | 2025-02-26 | 소리 너무 좋아요! 완전 빠삭 콰삭 소리 나요~!!
gge.juck | 2025-02-26 | 크크크 먹으면 내 배도 커커커
jeju.meokja | 2025-02-26 | 크크크 치킨 주기적으로 먹어줘야죠 😍
honekawa_.p | 2025-02-28 | อยากกินบ้าง
sugar.caffeine | 2025-03-02 | 아 진짜 너무 귀여워 ❤️
kaliitebaronufans | 2025-03-05 | 왜 다들 백수인 것처럼 대답해요?
connerbear363 | 2025-03-15 | Omg. Yum. I don't even know what it is... But send me a family size one. Just for me
reindeer.9563391 | 2025-04-16 | ❤️❤️❤️❤️
gaekolttak | 2025-04-19 | 크크크 치킨 많이 딱딱하나요?
a89925313qq | 2025-05-07 | 😍😍😍
eun._.xoz | 2025-07-06 | 짜장계란 윙봉세트도 먹어주세요!!
pisangbanana.1 | 2025-07-24 | ❤️❤️❤️❤️❤️❤️❤️❤️❤️"
2025-02-24,1.1만,40년전통 간장게장 먹방! 🔥간장게장 마켓 오픈🔥 문의 폭주했던 간장게장🦀 드뎌 오픈! 제 유튜브 보신 분들은 알겠지만 시중에 판매하는 제품 중에 이렇게 살과 알이 가득한 게장 진짜 처음… 100% 국산 암꽃게고 전혀 비리지 않고 탱글탱글🥹 배송도 통에 들어 아이스 박스에 안전하게 배송됩니당🚚 특히 다 먹고 남은 간장 절대 그냥 버리지 말시고 짱아찌나 장조림 만들어 먹으면 간장까지 싹싹 사용하실 수 있어서 꼭!! 요 방법으로도 드셔보세용🔥 프로필 링크에서 구매가능! 공구날짜 2/24-2/27자정 https://smartstore.naver.com/dooinmarket/products/11458670378 22주,"#간장게장, #게장먹방, #게장맛집, #공구, #먹방asmr, #mukbang, #mukbangasmr, #asmreating, #mukbangers, #asmreatingshow, #먹방유튜버, #야식추천","korea_foodzone | 2025-02-24 | 간장게장 최고다앙
hotdor_s | 2025-02-24 | 오늘 간장게장 부셨는데 이게 더 맛있어보이냐;;
또 먹고싶네
ruri.food | 2025-02-24 | 소리 미쳤다...배고파😍😍
a89925313qq | 2025-05-13 | ❤️❤️❤️
bom__ioi | 2025-02-24 | 공쥬 이뻐서 유일하게 챙겨보는중 ♥️
mukrosee | 2025-02-25 | 오아 완전 실하네여😮😮
myeong_jonmatt | 2025-02-27 | 입술색 이뿌네요! 간게ㅠㅠ 맛있겠다
miri_muk | 2025-02-24 | 악 간장게장 진짜 좋아하는데❤️
eat_fp | 2025-02-25 | 게딱지 밥 비벼 먹구파요❤️
hihee.e | 2025-02-25 | 오홍!!!! 간게부셔야겠어요😍😍
hai23.kokuro | 2025-02-24 | 🤍💙😋😍
djpileusmusic | 2025-02-24 | 😮🔥🔥🔥🔥
jeong_jae_woooon09 | 2025-02-25 | 저는 간장게장을 못먹는 사람이지만 왜케 맛있게 드세요..?😍
mukjung_ | 2025-02-24 | 아 나게장킬러라구ㅜ
bori_kie | 2025-02-24 | 언니 얼굴이 더 영롱하다규,,
mithaxin | 2025-03-24 | 😍😍
fernan_92a | 2025-03-03 | 😮👏👏👏
mommywithahobby.91 | 2025-04-10 | Yummmyyy ❤️
mat_puri | 2025-02-25 | 알 미쳤다…밥도둑…
gimtaeeun6721 | 2025-02-24 | 츄릅
wangseungyun63 | 2025-03-06 | 그거 어디거야 누나
jeju.meokja | 2025-02-25 | 게장 킬러는 군침이 주르륵😍
bonge_o0o_food | 2025-02-25 | 밥도둑 미쳐따,, 계란후라이에 올릴때 미쵸따....
sh.cookkook | 2025-02-24 | 이 밤에 게장영상을 보다니. 내가 진짜 미쳐
jhh1335 | 2025-03-01 | @ldododoo, @camping_enjoy_
lj._.ssek | 2025-02-24 | 냐앙암..
beluvsick178 | 2025-02-24 | 앜ㅋ저는 애기입맛이라😢
foodlovefir | 2025-02-27 | ""Send location, I’m coming over! 🚗🍜"""
2025-02-23,5813,CU 수건케이크 신상 쿠앤크맛 나왔다길래 3종 뿌셔봄 ! 22주,"#수건케이크, #씨유신상, #먹방asmr, #편의점신상, #편의점음식, #편의점디저트, #간식추천, #신상리뷰, #디저트맛집, #mukbang, #mukbangasmr, #asmreating, #mukbangers, #dessert, #디저트먹방","gyusun_1004 | 2025-02-24 | 쿠앤크 대박 맛나겠다규 😍 너모 맛나게 먹는다규
a89925313qq | 2025-05-16 | 😍😍😍
yocchan.baba | 2025-02-24 | 😋美味しそう。いい音😍
100rang_food | 2025-02-23 | 악 초코맛 맛있게따구요😮
wangseungyun63 | 2025-03-06 | 와우 누나 디저트 먹방 전문 유튜브 개설해
korea_foodzone | 2025-02-24 | 수건케이크최공
mukjung_ | 2025-02-23 | 검정립이 유행이야..?
ye._.hi | 2025-03-03 | 와우 왕 달고 맛있겠네영
gge.juck | 2025-02-24 | 이 사람은 먼저 먹어줍니다.
mat_puri | 2025-02-24 | 달달구리…당땡기네요❤️
wangseungyun63 | 2025-03-06 | 누나 구독 좋아요 알림설정 다했음
leeoh_review_ | 2025-02-24 | 쿠앤크맛 먹어보고파🙌
bonge_o0o_food | 2025-02-23 | 베릅픽 먹어볼뤠👏
ruri.food | 2025-02-23 | 🔥🔥🔥
ruri.food | 2025-02-23 | 나도죠 케이쿠❤️
dokkkiee | 2025-02-24 | 케이크 소리 대바기야....
gimtaeeun6721 | 2025-02-23 | 어머낫맛있겠다❤️❤️❤️❤️❤️츄릅
djpileusmusic | 2025-02-23 | wow!!!❤️❤️❤️❤️❤️❤️❤️❤️❤️❤️
hoseyni4033 | 2025-02-23 | 🔥🔥🔥🔥😍😍🔥🔥🔥🔥😍😍🔥🔥🔥🔥😍😍🔥🔥🔥🔥😍😍🔥🔥🔥🔥😍😍🔥🔥🔥🔥😍😍🔥🔥🔥🔥😍😍🔥🔥🔥🔥😍😍🔥🔥🔥🔥😍😍🔥🔥🔥🔥😍😍🔥🔥🔥🔥😍😍🔥🔥🔥🔥
hai23.kokuro | 2025-02-23 | 👏👏
jeong_jae_woooon09 | 2025-02-23 | 지금이 3번째 보는건데도 새롭고 게속 이쁘시네용😍
mukrosee | 2025-02-23 | 오 신상이 또 나왔군요!
fernan_92a | 2025-03-28 | 👏👏
foodlovefir | 2025-02-25 | ""Absolutely perfect choice! I love this kind of food! 🍴❤️""
turtles_1109_0103 | 2025-03-10 | 이제 GS에서도 팔아요!
kaitokozono | 2025-02-23 | 가격 보소"
2025-02-21,10.1만,요청하신 치즈 잔뜩 때려넣은 까르보 불닭 등장이오. 소바바치킨은 덤💕 22주,"#까르보불닭, #불닭, #불닭볶음면, #치즈불닭, #먹방asmr, #mukbang, #mukbangasmr, #asmreating, #mukbangers, #mukbangkorea, #야식추천, #buldak, #라면먹방, #asmreatingshow, #소바바치킨, #치킨먹방","ye0n.x_1804 | 2025-07-31 | 쩌 뒤에 불닭 뚜껑 ㅋㅋㅋㄱ
boeul_cl | 2025-05-11 | 레시피좀여ㅠㅠ 진짜 맛있어보여요😢
yuri_kim_naro_ | 2025-04-13 | She is so cute
sey_eon15 | 2025-03-12 | 진짜 맛있어보여요 볼때마다 저도 먹고싶어짐요 저녁에 참기힘들 정도로 너무 맛있게 드세요ㅠ
im_justafinsta | 2025-02-27 | 라이스페이퍼로 쌈 해서 먹으면 너무 맛있을 것 같아요,,,
x_ao224 | 2025-03-22 | 치즈 혹시 뭐넣으셨나용?
jini_zzin | 2025-02-23 | 치팅데이에 먹고파요👏
skanagigii | 2025-02-24 | 😍ich will das jetzt auch essen ❤️
ye.r1xn_ | 2025-04-08 | 4가지 치즈불닭 먹어주실수 있나요😢
joonha_1024 | 2025-05-09 | 첨에 젓가락에 붙어있는면 좀 거슬렸음 ㅋㅋㅋㅋ
__0.lm | 2025-03-25 | 당신은 정말 아름다워요. 나도 당신의 아름다움을 갖고 싶어요. 저는 이라크 출신이에요. 😍❤️❤️❤️
yoosihu_0827 | 2025-07-18 | 이야....
ksh0_127 | 2025-04-11 | 토끼 닮으셨어요
ybinnnny | 2025-02-25 | @hyeon_ddi 너닮음
lcr_sky | 2025-05-11 | @m._nn_seo
wangseungyun63 | 2025-03-06 | 누나 유튜브 구독박음
chaloaairm3 | 2025-03-10 | @998.pewxxpe
jhp0211 | 2025-05-12 | 불닭 잘 끓이는 방법이 있나요..? 저도 까르보 좋아하는데.. 누나가 드시니까 너무 다른 느낌이라서.. 잘 끓이는 방법이 뭔가여..?🙌🙌
s_jaeseong2222 | 2025-03-18 | 와 쓰읍....
kaffina_cheryl | 2025-03-04 | Gurl is ramadhan
jack93kim | 2025-02-21 | 아 ㅠ꾸덕하니 맛도리....
jeong_jae___won09 | 2025-07-08 | 이때보니까 확실히 지금이 더 살삐지구 이뻐진거 같아여❤️
cx__xn0102 | 2025-03-22 | 와레전드
caeeun5858 | 2025-04-05 | 이거보고 팔로우함😋😋
miriam.lamarino | 2025-03-24 | Voglio conoscere il mio futuro marito tra i commenti dei reel di cibo orientale @gaia_dpl
someone_355_ | 2025-03-01 | ايواا بدا رمضان بدو يجون
sxx.yl_ | 2025-02-26 | 만날 저러캐 먹음
spyair_ike | 2025-02-23 | 私もコレ好きですよ👏👏🔥😍😍😍😍❤️❤️
pj_jokkkk | 2025-02-26 | @wbiinns 아 진ㅋ자 존나 섹시하네 제발 저에게 섹시푸드원탑 불볶을 주세요 제발이요
_parksunho | 2025-02-21 | 뒤에 불닭 뚜껑 ㅋㅋㅋㅋ시선강탈 😮😮
rin_ee_ | 2025-02-23 | 지금 당장 먹구파요🙌
abby_ed4 | 2025-04-15 | This is very good video thanks
jeong_jae_woooon09 | 2025-02-21 | 와 저 불닭은 매워서 못먹는데...누나가 먹으니까 진짜 맛있어 보이네요😍
bx.n66 | 2025-03-03 | 뒤에 까르보 뚜껑ㅋㅋㅋ
hyun_lix046 | 2025-02-22 | ""보기에 너무 맛있어, 너무 먹고 싶어!"" 작가도 너무 아름다워!!
raqvi24 | 2025-02-25 | 😢😢😢
shybugger | 2025-03-17 | 아존나쳐배고프
beautiful__girl__18_3 | 2025-02-25 | 😍😍😍😍😍
foodlovefir | 2025-02-25 | ""Absolutely perfect choice! I love this kind of food! 🍴❤️""
leeoh_review_ | 2025-02-21 | 앜ㅋㅋㅋㅋ커튼에 불닭뚜껑 붙인거 귀엽네
uuourri | 2025-02-25 | 와ㅠㅠ❤️❤️❤️
memf08 | 2025-02-25 | @kxiwzs_
review_minday | 2025-02-23 | 와...꾸덕 소리 미쳤...어제 불닭 먹었는데 또 먹고 싶어요ㅠㅠ 😢
gimtaeeun6721 | 2025-02-21 | 언니넘예뻐요❤️❤️
kaitokozono | 2025-02-21 | 잘먹누
hai23.kokuro | 2025-02-21 | 🤍😋👏🙏
gimtaeeun6721 | 2025-02-21 | 어머낫❤️❤️츄릅 맛있겠다
moo_boza | 2025-02-21 | 아 미쳐따…..
berup_x | 2025-02-21 | ❤️
mukjung_ | 2025-02-21 | 이시간에 책임져..
mat_puri | 2025-02-21 | 이 밤에 너무해요ㅠㅠㅠ
100rang_food | 2025-02-21 | 치즈 때려박은 까르보불닭이라니😮
korea_foodzone | 2025-02-21 | 까르보 불닭에 치즈 조합 찬성!
muk._.chuuru | 2025-02-21 | 아...살찌는맛이네여
bottlejune__96 | 2025-02-21 | 이건 못참죠 ㅠㅠ🔥
_axlky1004 | 2025-02-27 | このラーメン食べたけどあんまり口に合わなかった、😢ただただ辛いだけだった。でも辛いのがめっちゃ得意な友達が食べたら1口目が甘いのが嫌だって言ってたな、黒いので
seaaeszx | 2025-02-27 | Que rico😋
meli_42568 | 2025-03-01 | 😢짓궂게 굴지 말고 내가 갈망하는 라면을 줘
sara_k20120 | 2025-03-01 | بدئو🗿💔
noobolshop_com | 2025-03-01 | 🔥These noodles need a Noobol! 🍜#noobolapproved
thinkingaboutgyu_ | 2025-03-01 | laper
bin_nam2 | 2025-03-02 | 실례가안된다면 렌즈알려주이소..
urname_029 | 2025-03-02 | 👏👏
ye._.hi | 2025-03-03 | 와우 제 최애라면인데 ..!! 드셔주시다니 너무 좋아요!!
_pinkky.cherris | 2025-03-03 | Sibal lewat pas puasa
sunmoon_ty | 2025-03-03 | enak kak?
lilmissfairyy | 2025-03-03 | nak sikitt
s.a.sh.u.n.i.k.s | 2025-03-04 | I love it
ingghzena___ | 2025-03-04 | Lemot
ig2ll | 2025-03-05 | طيب لـي الغطا حاطتو عالستاره هههههههههههههههههههههههههههههههههههههههههههههههههههههه‍هههههههههههههههههههههههههههههههههههههههههههههه.
azkadina.yoki | 2025-03-08 | How to make that??
yara_h_alajarma | 2025-03-09 | صيام 💔
n.lyaaa._.aa | 2025-03-10 | WHY NOWW😭
eema_jon | 2025-03-12 | ❤️❤️❤️❤️❤️
eema_jon | 2025-03-12 | ❤️❤️❤️❤️❤️
bby._.marwa._.xx2 | 2025-03-18 | 잘 지내세요? 𓍢ִ໋🌷͙֒❤️
andx_ian_x | 2025-03-19 | ❤️❤️❤️
sunghyunseunghyunjiailoveyou | 2025-03-19 | ㅅㅂ너무야한것같은데
gwxnzy | 2025-03-20 | HOW DO YOU GUYS MAKE BULDAK SO GOO
belindasmith5720 | 2025-03-26 | Stop staring at yourself!!!!
hnn.5425 | 2025-03-26 | ❤️❤️❤️❤️👏👏
ftmllwy541 | 2025-03-27 | ㅇㅗㅎㄱㅎㅓㅏㅓㅎㅎㅕㅛㅈㅂ
priya_lindsey | 2025-03-30 | yuppp if poo 😮to bc pow we
zia_h4n4c | 2025-03-30 | 음,, 너무 배고파요😍
octokuiru | 2025-04-10 | 어떤 립스틱을 사용하시나요?
haaaniyaaass | 2025-04-19 | I'm the english comment you were looking for🙂
annalj09 | 2025-04-24 | Now that is the right amount of cheese! ❤️
arai_12_02 | 2025-04-28 | ❤️❤️
elham.bahrami99 | 2025-05-05 | ❤️❤️❤️❤️❤️❤️❤️❤️❤️❤️❤️❤️❤️❤️❤️❤️❤️❤️❤️❤️❤️
hyqkzzk | 2025-06-15 | 아내야식당첨"
2025-02-20,1.1만,떡볶이에 라면?쫄면? 이건 둘다 있다;; 떡참 ’쫄라떡볶이‘ 쫄면에 라면까지 들어있어 쫄면파 라면파 싸울 필요도 없다니🫶🏻 폭탄감자 부어먹기는 필수🫶🏻 마무리로 치킨마요밥 비벼 볶음밥까지!🫶🏻 2월 첫주문시 5천원 할인이라니 참고🫶🏻 22주,"#광고, #떡참, #떡볶이참잘하는집, #쫄라떡볶이, #폭탄감자, #떡볶이맛집, #떡볶이덕후, #떡볶이먹방, #먹방asmr, #먹방유튜버, #mukbang, #mukbangers, #mukbangasmr, #asmreatingsounds, #asmreating, #야식추천, #신상리뷰","berup_x | 2025-02-20 | ❤️
ye._.hi | 2025-03-03 | 색도 딱 매콤하게 생긴게 맛도 좋다니..!! 완전 좋네여
mukbangluarnegeri | 2025-07-22 | 😍
eat_fp | 2025-02-20 | 둘다 먹을래여❤️
hnn.5425 | 2025-03-26 | 😋😋😍👍🏼👍🏼👌👌👏👏👏
wangseungyun63 | 2025-03-06 | 엽떡 로제떡볶이+닭발+주먹밥 한번먹어봐쿨피스도시키고
mukbears | 2025-02-21 | 와 사리맨날 고민하는데 다든거미쳐따 즉떡맛이면 도전,,😮
mukrosee | 2025-02-21 | 와 ㅜㅜ 쫄면사리 이건 인정이쥬❤️❤️
onnu_jjung | 2025-02-21 | 우아 완전 제스타일입니다아🔥
ruri.food | 2025-02-20 | 치즈사리까지 미쳐따❤️
gge.juck | 2025-02-20 | 폭탄감자가 진짜 찐이네요😮
mukjung_ | 2025-02-20 | 오늘떡볶이시키려다참았는데..
muk._.chuuru | 2025-02-20 | 오우...😮
bukyung_matzip | 2025-02-20 | 와 이시간에 봐부렸네요 .. 😂
_double_tiger | 2025-03-04 | @abigailkiny 이거 왠지 언니스탈 ㅋㅋ
hai23.kokuro | 2025-02-20 | 🤍
leeoh_review_ | 2025-02-20 | 치킨마요 비벼먹을래❤️
bori_kie | 2025-02-20 | 광고 축하한다요 츄베릅 언니🔥
jack__foodie | 2025-02-20 | 감자미쳣누 떡참 추억이다;;
gimtaeeun6721 | 2025-02-20 | 어머낫👏👏👏츄릅넘맛있게다🔥🔥❤️❤️
mat_puri | 2025-02-20 | 크아!!!! 대박…배달시켜야하나..
hafsoojahan | 2025-02-21 | You are very pretty and cute❤️❤️❤️
rachel5ver | 2025-02-24 | @_yyuunn 하!
jeong_jae_woooon09 | 2025-02-20 | 오 제가 제일 좋아하는 음식이 떡볶이인데...오늘도 맛있게.드시네요❤️
jeju.meokja | 2025-02-21 | 츄릅🔥 폭탄감자 😍😍
kaitokozono | 2025-02-21 | 베릅아 나는 쫄면
sojugyeotong | 2025-02-20 | 🤑🤑"
2025-02-18,2988,그 핫한 맘스터치 에드워드리 버거 2종 먹어보았는데.. 23주,"#맘스터치, #햄버거맛집, #에드워드리, #에드워드리버거, #흑백요리사, #먹방asmr, #햄버거먹방, #신상리뷰, #mukbang, #mukbangasmr, #asmreating, #mukbangers, #asmreatingfood, #야식추천, #burger","__food_trip | 2025-05-12 | 먹8하구 감니다!!~~~~~ 햄버거 왤케 맛나보여유 ㅎㅎㅎㅎㅎ
berup_x | 2025-02-18 | ❤️
ruri.food | 2025-02-18 | 유튜즈에서 봤지롱❤️
ye._.hi | 2025-02-18 | 와 군침돌아요!! 진짜 맛있게 드시고 진짜 맛나 보여요!!😍
siso_father | 2025-02-19 | 먹어보고싶네요 😍
100rang_food | 2025-02-18 | 맘터는 싸이버거..!!😮
j.x3woo | 2025-02-19 | 와 개맛있겠디
gge.juck | 2025-02-19 | 약간 단짠단짠 느낌이려나요😮
mukjung_ | 2025-02-18 | 굳이오케이!
toto_ro0902 | 2025-02-27 | 맛있겠당 맘스터치 갔더니 품절요 😢😢😢
review_minday | 2025-02-19 | 아..햄버거 땡기네여... 😢
jeong_jae_woooon09 | 2025-02-19 | 안녕히 주무세요😍!!
gimtaeeun6721 | 2025-02-19 | 고정해주세요항상감사합니다
eating_happily_ | 2025-02-19 | 맘터는 역시,,,,, 근본을 무그자.
hai23.kokuro | 2025-02-18 | 🤍
mat_puri | 2025-02-18 | 헐 이걸 이제 봤네요😂😂
julia_dinizz__ | 2025-04-16 | 😍
gimtaeeun6721 | 2025-02-19 | 깎!!!감사합니당
leeoh_review_ | 2025-02-19 | 이거 궁금했는데 먹어봐야게따❤️
gimtaeeun6721 | 2025-02-19 | 츄릅
yeji0719 | 2025-02-22 | 우리동네 맘스 생기고 잇어요❤️
jini_zzin | 2025-02-21 | 오 이거 오늘 오늘 당장 먹어보러 갈래요!베이컨쨈 궁금쓰👏
lj._.ssek | 2025-02-19 | 냠! ❤️
muk.seori | 2025-02-19 | 재구매 굳이라니 ㅜㅠㅜ아싀워용
meme.wangphang | 2025-02-18 | moree pleasee
beluvsick178 | 2025-02-18 | 🤤
kaitokozono | 2025-02-19 | 굿"
2025-02-17,5만,연남동 필수 빵지순례 동명양과자점 빵털이 츄베릅🥰 23주,"#동명양과자점, #먹방asmr, #간식추천, #디저트맛집, #mukbang, #mukbangasmr, #mukbangers, #asmreating, #빵지순례, #빵먹방, #연남동디저트, #디저트먹방, #mukbangkorea, #asmreatingshow","letsbabyrockstar | 2025-04-13 | 와맛나겟다
a89925313qq | 2025-05-14 | ❤️❤️❤️
gax.u1n_ | 2025-05-17 | 와 진짜 맛있겠다 ㅠㅠㅠㅠㅠㅠㅠ
wxalxx__ | 2025-02-17 | 겁나 부드럽게 생겼다
js__1oo4 | 2025-02-17 | 베이글샌드 두께부터 좋은데요🩷
jjong_mattang | 2025-02-17 | 9분전 따끈한 베릅님 영상이라니 달다;
bori_kie | 2025-02-17 | 유튜브 보고 왔어욤
ye._.hi | 2025-02-18 | 와우 베이글이 무슨 얼굴만하네용
hsmncdpvy | 2025-03-06 | 와와와완전맛있겠다
aw_hus | 2025-05-13 | @s.w_ms99 아니 오빠ㅜㅜ 이거 자꾸 내 인스타에 뜨는데 나 먹으라는 신의 계시 아냐
daff0dil_0308 | 2025-03-26 | @o_xyyyy 여기 진짜 맛있움
bxxmk | 2025-03-31 | @boniiboniii 연남덩 ,,,,,
awlilzze | 2025-03-17 | @winsome__wisdom 지혜야 지혜야!!!!
jueeeee_ | 2025-03-04 | @seungmin.89 우리도 여기 빵 먹자,,, 동명양과자점...
zi___s2 | 2025-03-29 | @kk____h2 움냠념 먹고싶거
apple.kang | 2025-03-06 | @taeeek91 여긴 좀 가고싶네
0_budeogi | 2025-05-18 | @nuhmig 사줘..
rabiya_basriiii | 2025-05-09 | Yummy Yummy 🎂🍰😋
bliss_yen | 2025-04-28 | 와
zoo._.1 | 2025-06-07 | @hhayyeonn 이런거 너가 좋아하는거 아니야? ㅋㅋㅋㅋㅋ
_mxn_dy | 2025-05-01 | @gldusl_ 자갸
songhee_pole | 2025-03-17 | @zaixi__ 맛있겠당
xxani.xa | 2025-04-27 | @anhsj__ 이거 먹고싶어 눈물 흘려
chuchu_8_4 | 2025-04-08 | @zze_eeeeee 후아후아 말고 여길가자 ..
홍대 2번출구 도보14분
kimsiiraa | 2025-03-30 | @jjiny_o0o 홍대쪽이래..동명양과자점?
_soo__jeong_ | 2025-05-20 | @bosung94 미춋다
eeeeunj_i | 2025-07-09 | @feb.019 이거시라고ㅠ
dear__sy | 2025-05-19 | @jooyeoniiii
0_west_ | 2025-05-02 | 진짜 다먹고싶다
re_playy_ | 2025-03-15 | @seriouschanwoo 내가 이걸 왜 이제봤을까
taeyeon._.j | 2025-06-04 | @pt_basol 츄베룹...🥲
jj14080 | 2025-03-08 | @_omong__ 이런게 먹고싶단말이다!
0_budeogi | 2025-04-25 | @refineapple
fascinate___w | 2025-04-04 | @_hwaing
s.s__jenny | 2025-03-31 | @younanna 이거 머꾸와
lj._.ssek | 2025-02-18 | 누나 잘 머거서 나도 먹고시픈디.. 돈이없다.. ㆍㅇㆍ..
eun_axx | 2025-03-04 | @nyejin_ggul 오 미친
ji_www6 | 2025-02-26 | @___y.e.o.n___ 미안한데 나 저것좀 사다중래?
wn.dyd.tit | 2025-02-26 | @heeej_seo
romi_shin_merong | 2025-02-24 | @165.4_kg 에반데
hearts__yjeong | 2025-02-24 | @miracle._.gun 이거라고,,
y_eun_22 | 2025-02-23 | @kyu_0925 나 이거!
yenom_evol_14 | 2025-02-22 | 맛있는 ❤️❤️❤️
e2____we | 2025-02-20 | @neenue.e 대령하라.
its.onlyrim | 2025-02-20 | @uizbin 우니머그러갈때여기서빵사야겟은
gimtaeeun6721 | 2025-02-19 | 맛있겠다.....츄릅
sh2eyo | 2025-02-19 | @rlaehdrlf_ 와 침샘고이네
zzanghaeri | 2025-02-19 | @ji__n7 미친거아니냐구 ㅜㅜㅜ
haem__zi | 2025-02-19 | @gcgi.m ㅁㅊㅁㅊㅊㅁㅊㅁㅊㅊㅁㅊㅁㅊㅊㅁㅍㅁㅍㅍㅁㅍㅁㅍㅍㅁㅍㅁ
chae__1308 | 2025-02-19 | 요기 찐짜❤️맛있다는
zzseah | 2025-02-19 | 징짜 겁나 마싯겟다
y_happy.y | 2025-02-18 | @goyeowar
gu_butter_liebe | 2025-02-18 | 언니 소리가 너무 좋아욤~
sim.sweet | 2025-02-18 | 😍옴뇸뇸 드시는게 귀여워용
_joon__e | 2025-02-18 | 아 먹고싶다🥺🥲🥲🥲🥲🥲🥲
lvcenasienne | 2025-02-18 | 짱맛있겠다
duminggg | 2025-02-18 | @hemuhemo 쌤 여기 맞아용?
_to.mini_ | 2025-02-18 | @jong626622 가야해
gdbu24441845 | 2025-02-18 | 와..진짜 개맛있어보인다.
ho_jin_its | 2025-02-18 | 👏👏👏
ey._.able | 2025-02-18 | @yun._zero
ey._.able | 2025-02-18 | @yun._zero
eating_happily_ | 2025-02-18 | 동명 ㄹㅇ 내 최애야ㅜㅜㅜㅜ 사장님 금손❤️
jack93kim | 2025-02-17 | 상큼 달달 ... + 달콤 ... 맛저ㅡ..ㅡ
myeong_jonmatt | 2025-02-17 | 오 비주얼 미쳐버렸다❤️
yeoni_mukstar | 2025-02-17 | 우와 저도 이거 먹어보고 싶네요👏👏 커피나 우유랑 잘 어울릴 것 같아요!!
moo_boza | 2025-02-17 | 와 미챠따.. 동명양과자점이요??
muk_cheers | 2025-02-17 | 디따커요❤️
__ddami_ | 2025-02-17 | 대박 침샘 자극 제대로에요😋😋
choi._.yummy | 2025-02-17 | 와 세상부러워요..😍
kaitokozono | 2025-02-18 | 이쁘네
jeong_jae_woooon09 | 2025-02-17 | 아까 라이브 시간없어서 많이 못봤는데 영상 보니까 다행이네요!!
mukjung_ | 2025-02-17 | 배고파요. 배민한시간째켜놓는중.
bonge_o0o_food | 2025-02-18 | 보기만해듀 맛나,,,
hyukfood | 2025-02-18 | 베이글이 뭐이리 비쥬얼이 😍😍
jeju.meokja | 2025-02-18 | 베이글 크기 보소🔥🔥
leeoh_review_ | 2025-02-18 | 와ㅠㅠ 베이글 크기가 미쳤어🔥
ssunizu | 2025-02-18 | 젤 맛있었던 맛이 몬가요 ..?!? 하나만 골라쥬세여...
cccerrevvvvv | 2025-02-19 | 아부러워
aishamaulann | 2025-02-20 | so statisfaying, the texture looks like cloud😚
woojeong_com | 2025-02-22 | @hyeoney._.v 니 사빠딸 개좋아할듯 ㅋㅋㅋㅋㅋㅋㅋㅋ
hoa82dinh | 2025-02-23 | 😮😮😮😢😂😂😂😂👏🔥🔥❤️❤️
hyeon_2hee | 2025-02-27 | @y._.ual 아 나도 모르게 홀린듯이 보고있네
nahum.sam7 | 2025-02-28 | Wait this looks so good what is it
yesimlita | 2025-03-04 | 너무 맛있어보여요❤️
aissa.22.11 | 2025-03-11 | The 2nd one looks so yummy 😋
rla_ehgml_ | 2025-03-12 | @9o_o9.vv 늠너리 마식뎃다,,😢
miss_k1ano | 2025-03-20 | خوشمزس؟
sousouyoussouf | 2025-03-27 | 😍
aqlnanisa | 2025-04-15 | What is that?
mama17042a | 2025-04-24 | ❤️❤️❤️❤️❤️
bbanghaejang | 2025-05-30 | 첫번째랑 두번째드신거 이름이 뭐에요??
3onngquf | 2025-06-15 | 이고진짜넘무맛잇어요또먹고퍼
pickeat.official | 2025-06-24 | 와 여기 추천!"
2025-02-09,8756,밥도둑 간장게장 뿌셔버렸습니다. Full video in Youtube💕 24주,"#먹방asmr, #간장게장, #간장게장먹방, #게장, #게장맛집, #mukbang, #mukbangasmr, #asmreating, #mukbangers, #먹방유튜버, #asmr, #야식추천, #밥도둑","berup_x | 2025-02-09 | ❤️
korea_foodzone | 2025-02-09 | 리얼 밥도듁,,👏👏
js__1oo4 | 2025-02-10 | 간장게장 쮸웁..💛💛 밥도둑❤️
100rang_food | 2025-02-09 | 저건 밥건달이야..😮
ye._.hi | 2025-02-09 | 와우..!! 게장딱지에 내장이 짱 많네요!! 완전 비벼먹으면 완전 극락인뎅 군침돌아요😋
jinihankki | 2025-02-10 | 오 진짜 맛있어 보여요😆❤❤❤
siso_father | 2025-02-09 | 찐 밥도둑 입니다 😍
gimtaeeun6721 | 2025-02-12 | 언니최고❤️❤️❤️❤️
hyukfood | 2025-02-10 | 맛이 두배!!!
gimtaeeun6721 | 2025-02-10 | 너무좋아꺆!!!!!
mukstar_md | 2025-02-09 | 오디 거예요,,,??😭😭
ixxp.officialpage | 2025-02-09 | ❤️
review_dogam | 2025-02-10 | 알이 실히네요 👏👏👏
gimtaeeun6721 | 2025-02-09 | ❤️언니고정해주세용🔥🔥
jeong_jae_woooon09 | 2025-02-09 | 나도 다음에는 한번 도전해봐야지..!🔥
leeoh_review_ | 2025-02-10 | 살이 진짜 오동통하다 먹구파❤️
jeonghyosig59 | 2025-02-15 | 계장은 그냥 먹으면 짜지않나요
lj._.ssek | 2025-02-10 | 징짜.. 마시께 묵는댜
inlook.korea | 2025-02-09 | 밤에 보면 안되는 영상 1위,,,
beluvsick178 | 2025-02-09 | 으아아 저는 초딩입맛이라 이런거못먹는데"
2025-02-07,1634,스타벅스 신상 케이크2종! 키친205와의 콜라보? Full video in Youtube💕 24주,"#먹방asmr, #스타벅스, #스벅신메뉴, #스벅메뉴추천, #스벅디저트, #케이크, #케이크맛집, #딸기케이크, #간식추천, #신상리뷰, #디저트맛집, #mukbang, #mukbangasmr, #asmreating, #mukbangers, #디저트맛집, #디저트먹방","due.foodie | 2025-02-07 | 이시간에,,❤️
jjuchelin_ | 2025-02-07 | 키친205와 콜라보라면 믿먹😍
hj_foodie | 2025-02-09 | ㅠㅠㅠ키친205도 못먹어봐서 진짜 궁금했는데❤️ 미쵸따
review_minday | 2025-02-08 | 생크림 소리는 너무 좋네용 !! 😍
korea_foodzone | 2025-02-08 | ㅋㅋ사줘면 먹어야겟걍
berup_x | 2025-02-07 | ❤️
yeoni_mukstar | 2025-02-08 | 오오 이거 궁금했어요
ruri.food | 2025-02-07 | 크림 가득 미쳐찡😍
ye._.hi | 2025-02-08 | 처음꺼 엄청 빵에서 쫀득한 소리가 났어요~!
소리 완전 좋아여!
ruri.food | 2025-02-07 | ❤️❤️
gge.juck | 2025-02-08 | 이전 스벅 좀 실망이란 평이 많던데!!😮
eating_happily_ | 2025-02-07 | 아웃당하다니 저거 안 사먹길 잘했구만~~~
jio__busan | 2025-02-07 | 으아ㅜㅜㅜㅜㅜ맛있갰더용
mukjung_ | 2025-02-08 | 아웃 ㅠ
wangseungyun63 | 2025-03-07 | 누나 실례지만 몇살이신지? 제가보기엔 10대후반 같은데
sky_white0000 | 2025-02-07 | 너무 맛있겠네요
leeoh_review_ | 2025-02-08 | 아,, 스벅 당장 가야게쑤
mxs1e | 2025-02-17 | 너무 예쁘고 귀여우시고 먹는것도 완전 제스타일이에요ㅠㅜ
jeong_jae_woooon09 | 2025-02-07 | 오늘부터는 칠가이를 그만두겠습니당..그래도 누님 영상은 게속 볼거에여!!😚
her_a_hera | 2025-04-21 | #freepalestine🇵🇸"
2025-02-05,1325,3일동안 서브웨이만 먹기 츄베릅 Full video in Youtube! 25주,"#먹방asmr, #mukbang, #mukbangasmr, #서브웨이, #서브웨이다이어트, #샌드위치, #sandwich, #다이어트식단, #다이어트, #mukbangers, #asmreatingsounds, #asmr","paldotraveler | 2025-02-05 | 크앙❤️❤️❤️
berup_x | 2025-02-05 | ❤️
ro_ro_0070 | 2025-02-06 | 3일동안😮 😂😂😂 쌉가능❤️❤️❤️
tttt.yeon_ | 2025-02-05 | 서브웨이는 3일 내내 먹어도 맛있어요😍
js__1oo4 | 2025-02-06 | 소리 미쳐뜨아ㅏ…💛💛
ye._.hi | 2025-02-05 | 거의 완전 다이어트 음식인데요 ??! 야채가 저렇게 많이 들어갔다니 그리고 샌드위치보다 작은 얼굴 완전 말랑말랑하고 귀여워요
siso_father | 2025-02-05 | 소리 대박이네요 😮
ddub_e2 | 2025-02-05 | 으악 야채폭탄하는데 오이는 시르당😮
jeong_jae_woooon09 | 2025-02-05 | 오늘도 출석했습니당 미모가 갈수록 이뻐지시네요 누님!!😍
hai23.kokuro | 2025-02-05 | 🤍👏
hihee.e | 2025-02-05 | 썹에위 마싯죵❤️❤️
gge.juck | 2025-02-05 | 근데 이어폰을 링거마냥 달고계시네욬ㅋㅋㅋㅋㅋㅋ😮
mukjung_ | 2025-02-06 | 다이어트왜해..
muk._.chuuru | 2025-02-06 | 링겔인줄알았다...😮
myeong_jonmatt | 2025-02-06 | 서브웨이 최애 버거가 뭐에요?
sang_hwa00 | 2025-02-05 | 마싯겟댱..
sowon_yam2 | 2025-02-05 | 소리 ㄷㄷ
leeoh_review_ | 2025-02-06 | 간만에 서브웨이 먹구파👏
kkutti_h | 2025-02-06 | 나도 이조합으로 머그야겟당
gekikara_men | 2025-02-05 | 🥰
mat_puri | 2025-02-06 | 오늘 섭웨이 먹어서 피티에스디와로…
lldk__12 | 2025-02-11 | 환연에 나오는 서경님 닮았어용
u_k.o3 | 2025-07-23 | 렌즈 정보좀 알려주세요 ㅜㅜ
rara_muk | 2025-02-06 | 서브웨이만 먹기 가능❤️
lj._.ssek | 2025-02-07 | 어째 햄스터같애
skluvkiki | 2025-02-05 | Boycott subway n stop funding trrrsts 🇵🇸🇵🇸🇵🇸🇵🇸🇵🇸🇵🇸"
2025-01-31,732,무슨 춤인지 맞추시오. (10점) 3일 서브웨이 다이어트보러 유튜브 ㄱㄱ💕 25주,"#먹방asmr, #mukbang, #mukbangasmr, #asmreating, #서브웨이, #서브웨이다이어트, #서브웨이꿀조합, #다이어트식단, #다이어트, #mukbangers, #샌드위치","ye._.hi | 2025-02-03 | 아무노래 인가요..? 춤을 보고 있는데 노래는 터미널 춤이어서 그런지 좀 헷갈려요 ㅋㅋ!
그래도 뇸뇸 거리시면서 춤 추는 모습 너무 귀여우시네여!!
ruri.food | 2025-01-31 | 귀여워랔ㅋ ㅋ⫬ㅋ⫬ㅋ⫬ㅋ⫬ㅋ⫬ㅋ⫬ㅋ⫬ㅋ⫬ㅋ⫬ㅋ⫬ㅋ⫬ㅋ⫬ㅋ⫬ㅋ⫬ㅋ⫬ㅋ⫬ㅋ⫬ㅋ⫬ㅋ⫬ㅋ⫬ㅋ⫬ㅋ⫬ㅋ⫬ㅋ⫬ㅋ⫬ㅋ⫬ㅋ⫬❤️
eat_fp | 2025-01-31 | 귀여워용❤️❤️❤️
matzip_hyena | 2025-01-31 | 💃🙌🙌
moo_boza | 2025-01-31 | 아죠씨 춤!!
gge.juck | 2025-01-31 | 우리 아빠가 노래방에서 저 춤 추던데..
ruri.food | 2025-01-31 | ❤️❤️
chu.berup_jmt | 2025-01-31 | 다들 못맞추는거 보니 나 춤 못추나봐ㅠ🥹
caedam55 | 2025-02-01 | 아무렇게나 추는 아무 노래?… 맞으면 고정 해주세요 ㅠ
gabin0326 | 2025-02-01 | 케이 챌린지?
tearin606 | 2025-02-06 | 웨잇!!🙌챌린지??
gimtaeeun6721 | 2025-01-31 | 터미널???아닌가???
s_hy42 | 2025-02-01 | 가사가 아무노래 아닌가?
jjong_mattang | 2025-01-31 | ㅋㅋㅋㅋ써브웨이 먹으면서 터미널 노래에 아무 춤 추는 츄베릅;;
nijg0617 | 2025-02-08 | 터미널 챌린지
___rion22 | 2025-02-01 | wait!! 챌린지
e1n_so | 2025-02-01 | 아무렇게나 춤추는건데?아무노래?
jeong_jae_woooon09 | 2025-01-31 | 괜찮아 딩딩딩딩딩 이거 아닌가요..?😢
jack__foodie | 2025-01-31 | 괜찮아 땡랭랭
x.eoi0 | 2025-02-02 | 터미널 챌린지
jiseoye._.5404 | 2025-02-02 | 마라탕후루
joyuri9693 | 2025-02-03 | 지하철 춤아닌가
moonclus | 2025-01-31 | 아무렇게나 춤추시는 아무 노래
hyolnii | 2025-02-01 | 지코 아무노래??
da_.1409 | 2025-02-02 | 아무노래?
bagmina6499 | 2025-02-02 | 터미널
soni10091009 | 2025-02-05 | 꽁꽁 얼어붙은 한강위에 고양이가 걸어다님니다
beluvsick178 | 2025-01-31 | 시크하시다
bagyuncae30 | 2025-02-02 | 터미널 챌린지
igayun160 | 2025-02-03 | 괜찮아 딩딩딩딩딩
muk._.chuuru | 2025-01-31 | 뭐..뭐지...감을못잡겟다😮
eating_happily_ | 2025-01-31 | 아니 언니 유튭 보는데 뺑 게 없는데 뺀다 그래서 기만쇼…
matdori.world | 2025-01-31 | 괜차나! 링딩딩딩딩 링딩딩딩디우
byeo_orrrrri | 2025-01-31 | 탕탕후루후루!?
leeoh_review_ | 2025-02-01 | 괜찮아~링딩딩
mukjung_ | 2025-02-01 | 뭐댜....나몰라
hihee.e | 2025-02-01 | ㅋㅋㅋ뭐지무저ㅣㅋ
iia.min | 2025-02-01 | 웨이 이너이러나케아러나케 웨이 이거 안님?
choiyeji9600 | 2025-02-01 | 터미널 춤
heuhiheu | 2025-02-01 | 왜이 딱딱딱 이거 ?ᩚ
themukeou_2 | 2025-02-01 | 뭐야 도대체...?
a_eun_.0_ | 2025-02-01 | 웨잇 챌린지
5.zix._ | 2025-02-01 | 마라탕후루인가
h.4a_yun | 2025-02-01 | 터미널ㄹ
j_se_heon | 2025-02-01 | 웨잇 그 춤 아닌가요?
sontaerin0731 | 2025-02-01 | 터미널 챌린지
yeayun1010 | 2025-02-01 | 웨잇
ye_rin.5 | 2025-02-01 | 수퍼샤이?
sim_juns12 | 2025-02-01 | 터미널 레인저스?
sooa1404 | 2025-02-01 | 웨잇 춤 아닌가아??
jju5132 | 2025-02-01 | 터미널 이요
gimjio553 | 2025-02-01 | 마라타후루
gimjio553 | 2025-02-01 | 서이브꺼
hanyunju84 | 2025-02-01 | Whit따라따라따라라
h1.cwwwom | 2025-02-01 | 웨이🖐 나라라나나나나나나 웨이🖐
h1.cwwwom | 2025-02-01 | 아님 루피챌린지
get_a_seoyoon1125 | 2025-02-01 | 언니... 터미널 아닌가여?
ha.3bl0 | 2025-02-01 | 웨이트 아닌가요
yusol432 | 2025-02-01 | 웨이 챌린지??
hhhh_hh_2145 | 2025-02-01 | 터미널 챌린지욤
stacy._.1234 | 2025-02-01 | 웨이트 춤
oyeseon1 | 2025-02-01 | 터미널 챌린지🙌
gweonminseo600 | 2025-02-01 | 웨이!!
gweonminseo600 | 2025-02-01 | 괜찮아 댕댕댕댕댕!!!!!
sleepdish_ | 2025-02-01 | 귀여우세요;;ㅎㅎ
yeon._juz | 2025-02-01 | 웨잇 챌린지
heogaeun242 | 2025-02-01 | 웨이트
dhdmsql_7 | 2025-02-01 | 웨잇..?
coehayul_2014 | 2025-02-01 | 터미널 챌린지
smg.1004 | 2025-02-01 | 터미널
yoo_seungu | 2025-02-01 | 왜이~?
holylandbaseball | 2025-02-01 | 옴브리뉴??
j._x.13 | 2025-02-01 | 뱅뱅뱅..?😢
ju.ni3746 | 2025-02-01 | 터미널챌린지?
inhwan100 | 2025-02-01 | 마라탕후루
ijiyul_15 | 2025-02-01 | 터미널춤
uhyijeong10 | 2025-02-01 | 웨잇
hyeji_2435 | 2025-02-01 | 마라탕후루?🔥
zzohx._.0530 | 2025-02-01 | 이거 오랑이인형댄스챌랜지로 알고있는데..?
h.unxu14 | 2025-02-01 | 터미널
eseo_yeon | 2025-02-01 | 괜찮아~닝닝닝닝닝~괜찮아~닝닝닝닝닝
yoo_jin_140304 | 2025-02-01 | 웨잇
imyun894 | 2025-02-01 | Wait? 아닌가여🐙
cphs7314 | 2025-02-01 | 그건모르겠고 써브웨이 맛있겠어요..🥺
ji_hun1972 | 2025-02-01 | 슈퍼스타케이! 맞져!
sldja_tprtm | 2025-02-02 | 터미널 챌린지?.
oyeweon281 | 2025-02-02 | 케이케이
gimdarin45 | 2025-02-02 | 마라탕후루?
1024.d8 | 2025-02-02 | 연예인인가요?
jindall9693 | 2025-02-02 | Way이거 아닌가용?
namyeojin93 | 2025-02-02 | 터미널 춤!
su.hx_yoen | 2025-02-02 | 웨이트 챌린지
woo48483668 | 2025-02-02 | 터미널
quaker_sangchoo | 2025-02-02 | That that?
y0xna_9 | 2025-02-02 | 괜찮아 딩딩딩딩인가요?
ixy.en | 2025-02-02 | 노래터미널챌린지아닌가욤?
ion_ys | 2025-02-02 | 마라탕후루…
chaea_0209 | 2025-02-02 | 터미널
luna52619 | 2025-02-02 | 마라탕후루
iyesug424 | 2025-02-02 | 아므렇게나 춤추고걍 노래넣은거?"
2025-01-27,4353,중국간식 빙산롱옌 편의점 버젼 벽돌모양초콜릿케이크가 맛있다던데? 26주,"#빙산롱옌, #중국간식, #먹방asmr, #간식추천, #신상리뷰, #디저트맛집, #mukbang, #편의점신상, #편의점디저트, #mukbangasmr, #asmreating, #벽돌모양초콜릿케이크, #초코케이크, #dessert, #chinesefood","jeong_jae_woooon09 | 2025-01-27 | 오늘따라 영상 퀄이 좋네요!! 누님이 더 이뻐져서 그런가..?
hj_foodie | 2025-01-27 | 많이 안달아서 좋드랑 ㅠㅠㅠ 꾸덕꾸덕❤️
moo_boza | 2025-01-27 | 저도 이거 먹어봤졍 🙌
berup_x | 2025-01-27 | ❤️
hoseyni4033 | 2025-01-27 | ❤️❤️❤️😍😍🔥🔥❤️❤️❤️😍😍🔥❤️❤️❤️😍😍🔥🔥❤️❤️❤️😍😍🔥🔥❤️❤️❤️😍😍🔥🔥❤️❤️❤️
ruri.food | 2025-01-27 | 녹여서먹기 강츄😍😍
ruri.food | 2025-01-27 | ❤️❤️
sunnyhitaro | 2025-01-27 | Have some creamy pasta please. ❤️
ye._.hi | 2025-01-28 | 오호 편의점에서 젤 잘 나온 디저트 같아요! 완전 꾸덕 달달해보여요~😍
lucas_henriq17 | 2025-01-27 | Muito bom ❤️
bori_kie | 2025-01-28 | 왜 우리집 근처는 안파는 것인가... 3군데 허탕침ㅠㅠ
beluvsick178 | 2025-01-27 | ㄹㄹㅎ
lina__4_15 | 2025-01-27 | @felicita__110 이거보이면사다조
_choitaerin | 2025-03-19 | @28.mai_ 하율이닮음
seul_bi_00 | 2025-01-28 | @heokawai 너가 말한게 이거야?
100rang_food | 2025-01-27 | 녹여먹으먄 진짜 극락이겠다😮
mukchoding | 2025-01-27 | 녹여서 먹어봐야겠어요🔥
gge.juck | 2025-01-27 | 녹여먹어야 찐 화산 빙상롱옌이죠😮
leeoh_review_ | 2025-01-28 | 녹여서 먹어보고 싶은데 진짜 맛있게 먹는다😍
muk.news | 2025-01-28 | 이거 궁금한데요?
korea_foodzone | 2025-01-28 | 오 초코초코ㅜ 초코덕후 넘좋아용
review_minday | 2025-01-28 | 헐 당충전 지대로 될거 같아용 !!
bonge_o0o_food | 2025-01-28 | 건치인증 ㅋㅋㅋㅋ졸귀탱
ggam_food | 2025-01-28 | 넘나 꾸덕쫜득하겟어여
gur_wns | 2025-01-28 | 아기 고양이 🐱
hihee.e | 2025-01-28 | 오홍 이거이렇게녹여서도먹고만유 ㅋㅋㅋ
rara_muk | 2025-01-28 | 완전 궁금❤️
mukjung_ | 2025-01-29 | 꾸덕끈덕😮
jeju.meokja | 2025-01-31 | 와 벽돌케이크가 요새 그렇게 핫하다더니😍
hi_seoul_insta | 2025-02-02 | 오와 꾸덕해요?…😍
ho_jin_its | 2025-02-03 | 👏👏👏
hnn.5425 | 2025-03-26 | ❤️❤️❤️👏👏"
2025-01-26,3350,크림폭탄 크림빵 종류별로 뿌시기🔥 강릉필수코스 웨이팅 크림빵맛집 강릉빵다방 털었는데 풀영상은 유튜브로💕 26주,"#강릉, #강릉여행, #강릉가볼만한곳, #강릉빵다방, #빵지순례, #여행, #여행맛집, #먹방asmr, #간식추천, #디저트맛집, #mukbang, #mukbangasmr, #asmreating, #asmr, #먹방여행, #먹방유튜버, #야식추천","korea_foodzone | 2025-01-28 | 크림빵 최고쥬
food_zohaa | 2025-01-27 | 빵 옴뇸뇸 각❤️
berup_x | 2025-01-26 | ❤️
ruri.food | 2025-01-26 | 사이다까지😍아 존말이게따ㅠㅠ
ruri.food | 2025-01-26 | 😍😍
h.sato.h.sato | 2025-01-27 | 可愛い🩷
review_minday | 2025-01-27 | 와..크림 소리 대박이네요 ㅠㅠ 😍
ye._.hi | 2025-01-26 | 왕 크림 왕창이네요~!
100rang_food | 2025-01-26 | 혈관:살려줘..
u0u.86 | 2025-01-26 | 와 크림 레전드네요 ㅋㅋ 얼마인가요?
gge.juck | 2025-01-26 | 츄베릅님 맛있어서 콧구멍 커진 횟수 17회
jini_zzin | 2025-01-27 | 빵다방도 크림부잣집이네요👏
bonge_o0o_food | 2025-01-27 | 너무 맛잇겟짜나...
ggam_food | 2025-01-26 | 크림대박이에여❤️
leeoh_review_ | 2025-01-26 | 마지막 나랑드사이다까지 크으❤️
gggggppp_ | 2025-01-26 | 크로와상 족발 보쌈 와플..
bori_kie | 2025-01-26 | 츄베릅 저 그 마이멜로디 보리인데 인스타로는 첫댓글이에욤ㅎㅎ
rara_muk | 2025-01-27 | 와 크림 대박❤️ 맛있겠어요😍
mahsa._.asmr | 2025-03-31 | @chu.berup_jmt ❤️😍
jeong_jae_woooon09 | 2025-01-26 | 일빵"
2025-01-25,1687,솜사탕이 든 CU신상 초코피스마니에팡? 26주,"#초코피스마니에팡, #피스마니에, #먹방asmr, #간식추천, #신상리뷰, #디저트맛집, #편의점신상, #mukbang, #편의점디저트, #mukbangasmr, #asmreating, #씨유신상, #asmr","food_zohaa | 2025-01-26 | 솜사탕각❤️❤️
jjuchelin_ | 2025-01-25 | 달달 그자체 넘 마싯겠어요오😍❤️
ruri.food | 2025-01-25 | 모냐❤️
berup_x | 2025-01-25 | ❤️
100rang_food | 2025-01-25 | 흰우유 필순데..😮
ruri.food | 2025-01-25 | 온니왜더예뻐짐
ye._.hi | 2025-01-25 | 와앙 조합이 신기하고 단 거 좋아하는데 맛있겠네용! 우유랑 먹으면 더더욱이요!
kkutti_h | 2025-01-25 | 솜사탕..?😮😂
js__1oo4 | 2025-01-26 | 당 땡길 때 딱이네요💛💛
jeong_jae_woooon09 | 2025-01-25 | 누님 진짜 미모가 아름다우십니다 먹방도 잘보고 있어요 화이팅 하세용❤️
gge.juck | 2025-01-25 | 이거 츄배릅님 머리사이에 숨겨도 못찾을거같아요😮
bonge_o0o_food | 2025-01-25 | 왕달아! ㅋㅋㅋ 나두 당충전할렝
leeoh_review_ | 2025-01-25 | ❤️
leeoh_review_ | 2025-01-25 | 달아보이지만 먹어보고 싶다
miri_muk | 2025-01-25 | 이거 넘넘 궁금했는데… 존재감은 아쉽군요
jini_zzin | 2025-01-26 | 당충전 제대로 하고플때 먹어봐여겠어요🤎
mat_puri | 2025-01-26 | 하 이시간에 본게 죄에요ㅠㅠ
rara_muk | 2025-01-26 | 편의점 달려려갈래요😍"
2025-01-24,734,"출시하자마자 품절대란 난 저당 딸기요거트바? 저당디저트 맛집 라라스윗에서 신상으로 딸기요거트바 출시 ! 젤라또급 쫀쫀함이 일품인 딸기요거트바🫶🏻 출시하자마자 품절대란 난 딸기요거트바가 드디어 편의점에도 출시🫶🏻 마라탕, 엽떡 같이 매운 음식 먹고 입가심으로 딱🫶🏻 입안이 고냥 산뜻해지는 느낌🫶🏻 게다가 당류는 3그램이니 다이어트 할 때도 먹기 좋잖아..?🫶🏻 얼른 CU, GS25로 가서 겟하자🫶🏻 26주","#광고, #라라스윗, #저당딸기요거트바, #딸기요거트바, #요거트아이스크림, #먹방asmr, #간식추천, #신상리뷰, #편의점신상, #디저트맛집, #씨유신상, #mukbang, #편의점디저트, #mukbangasmr, #asmreating, #저당","eating_happily_ | 2025-01-25 | 상콤하니 맛있지❤️❤️
teddy_zip_ | 2025-01-24 | 캬아 저도 이거 넘 맛나게 먹었어용😮
100rang_food | 2025-01-24 | 라라스윗 개쫀득한데요😮
ruri.food | 2025-01-25 | 쫀쫀 존맛이야❤️
berup_x | 2025-01-24 | ❤️
bonge_o0o_food | 2025-01-25 | 요거 쨩맛날고같애❤️❤️
a89925313qq | 2025-05-12 | 😍😍😍
sowon_yam2 | 2025-01-24 | 쫀쪼니저아용ㅎㅎㅎ
_zez_e__ | 2025-01-24 | 넘 맛날거같아여❤️
mukjung_ | 2025-01-25 | ❤️❤️
ruri.food | 2025-01-25 | ❤️❤️
ruri.food | 2025-01-25 | ❤️
muk_tteul | 2025-01-24 | 저당이라 넘좋다,,,,,,,,,,
jjong_mattang | 2025-01-24 | 세로영상 편-안 ✨
jmt.kim | 2025-01-25 | 무조건 먹어야겠네요🔥🔥
mukjung_ | 2025-01-25 | 쟁여두기1
gge.juck | 2025-01-24 | 아이스크림 10개 한번에 먹방해주세여!
leeoh_review_ | 2025-01-25 | 매운음식 먹고 먹으면 딱이네❤️
inlook.korea | 2025-01-24 | 너무 잘 먹는거 아니냐구요 ㅠㅠ 먹방은 츄베릅.
themukeou | 2025-01-24 | 헐리 쫀쫀람
rara_muk | 2025-01-25 | 완전 쫀쫀하고 맛있겠어요😍
beluvsick178 | 2025-01-24 | 이거 츄베릅님목소리인가요?!
areumi.momss | 2025-01-27 | 대장균 나왔잖아요"
2025-01-22,6107,초밥에 튀김우동 뿌시기! 연어초밥 참치초밥 묵은지활어초밥💕 풀영상은 유튜브에서🥰 27주,"#연어초밥, #참치초밥, #먹방asmr, #mukbang, #mukbangasmr, #asmreating, #묵은지, #연어먹방, #연어, #초밥먹방, #초밥맛집, #asmr, #asmreating, #asmreatingsounds, #야식추천, #튀김우동, #라면먹방","berup_x | 2025-01-22 | ❤️
food_zohaa | 2025-01-23 | 초밥 사랑이죠❤️
ye._.hi | 2025-01-24 | 왕 연어 진짜 좋아하는데 완전 맛있겠네요!!
teddy_zip_ | 2025-01-23 | 연어초밥 넘 맛잇어보여요ㅜㅜ😮
js__1oo4 | 2025-01-23 | 묵은지에 활어 조합은 사랑이죠🥺🫶🏻
ruri.food | 2025-01-22 | 튀김우동까지 곁들이다니 먹잘알이다😍
100rang_food | 2025-01-22 | 초밥에 튀김우동은 진짜 근본인데😮
moo_boza | 2025-01-22 | 연어 완전 조와하시네옄ㅋㅋㅋㅋㅋㅋㅋ 😂
ruri.food | 2025-01-22 | ❤️❤️
j2ch.busan | 2025-01-23 | 여긴 들어올때마다 소리 때문에 미치는중😂
ye._.hi | 2025-01-24 | 소리가 아주 좋아요😍
wangseungyun63 | 2025-01-22 | 다음엔 휴게소 호두과자 델리만쥬도 먹어주세요
gge.juck | 2025-01-22 | 저 묵은지광어초밥 진짜 좋아하는데 먹잘알이시내여😮
korea_foodzone | 2025-01-22 | 아 초밥낼먹어야지ㅠ
myeong_jonmatt | 2025-01-22 | 와 진짜 복스럽게 드셔
jjong_mattang | 2025-01-23 | 하 새벽 4시에 이걸 봐버렸네…
review_minday | 2025-01-23 | 츄베릅님 영상 보면 항상 배고파요..😢
frutuoso_sabrina | 2025-01-28 | 😮
leeoh_review_ | 2025-01-23 | 와와 진짜 초밥 너무 땡긴다고퓨ㅠㅠㅠ
mukjung_ | 2025-01-22 | 멍ㅇ멍이짖는겈ㅋ
jjuchelin_ | 2025-01-22 | 초밥에 튀김우동 조합 못참쥐이🤦🏻‍♀️🩷
julia_diniz69 | 2025-06-19 | 😍
bonge_o0o_food | 2025-01-22 | 어뜨케 다 처음이야악...?????!?!?!!
ho_jin_its | 2025-02-03 | 👏👏👏
jeju.meokja | 2025-01-23 | 묵은지 활어 조합으로 제 입속우로😍😍
beluvsick178 | 2025-01-22 | 튀우 미쳤다 ㅠ
atsutamon | 2025-02-01 | カワイコぶってても箸の持ち方だめー！！！✘"
2025-01-20,2.9만,뿌링클&뿌링치즈볼 수혈 쿨타임 찬 사람??🥰 풀영상은 유튜브! Full video in Youtube! 27주,"#bhc, #뿌링클, #뿌링치즈볼, #치즈볼먹방, #먹방asmr, #mukbang, #mukbangasmr, #asmreating, #asmr, #먹방유튜버, #치킨먹방, #야식추천, #chicken, #mukbangers, #mukbangkorea, #asmreatingfood","ye._.hi | 2025-01-20 | 완전완전 쿨타임 찼어요!! 오늘도 완전 이뿌시고 넘 맛있게 드세요 !
food_zohaa | 2025-01-21 | 치킨 좋아요 ㅠㅠ
ro_ro_0070 | 2025-01-20 | 아이고 맛 나겠네용😍😍 너무 맛있게 드시네욤❤️❤️❤️
berup_x | 2025-01-20 | ❤️
sowon_yam2 | 2025-01-20 | 아웅 😍😍 ❤️ 제 최애치킨
misun100474 | 2025-01-20 | 소리가 꿀꺽
ddub_e2 | 2025-01-20 | 캬아 오늘 역대급
churping_oo | 2025-01-20 | 어우...소리 바삭한거보소....😍
muuk.dda | 2025-01-21 | 와아악 아니 소리 미챳다구융ㅎ융유ㅠ유ㅠㅔ
owner0214 | 2025-02-05 | ㅋㅋㅋㅋㅋㅋ개귀여운데 야무지게 드신다..보기좋아요. .
moo_boza | 2025-01-20 | 와 뿌링클 미쳐따.. 지금 시킬게여..? 🔥
hyob_muk | 2025-01-20 | 뿌링클 ...먹어야겟다 흡
yeoni_mukstar | 2025-01-20 | 뿌링클 저도 당장 시킬래여🔥🔥
tag._a2 | 2025-01-21 | 소리가 너무 좋네요🔥🔥
________4os | 2025-01-23 | 하 튜베릅
d_t_muksta | 2025-01-20 | 꺄아아악 바삭바사사사삭ㅎㅎㅎㅎㅎ
gge.juck | 2025-01-20 | 어 오늘따라 머리에 컬이 좀더 들어간 느낌?!
rodrigoferreirabarbosa448 | 2025-05-19 | 👏👏
wisfer___ | 2025-05-29 | 또랑또랑 넘 카와이해여.. 뿌링클 자주 먹어주세여
zaq3x_ | 2025-07-13 | 소리미쳤다
_minepubz_ | 2025-01-23 | ยอมมมมๅๆๆๆหิวๆๆๆ
sse_luv | 2025-01-20 | 소리대박이에여ㅜ
yejoon.e_fan_official | 2025-01-20 | 머리하셨네요 😍더 예뻐요 😁
_1o_x0 | 2025-01-22 | 최예나 닮음
m1_ny2 | 2025-01-23 | 맛있겠다
jjong_mattang | 2025-01-21 | 튀김 베어무는 소리 진짜 미쳤나..ㅠ
yxnuz1_ | 2025-01-25 | 은근 백지헌 느낌 잇더여😍
mukjung_ | 2025-01-20 | 이시간에 범좌요..
a_sa____i | 2025-01-20 | 귀여우여
jeju.meokja | 2025-01-22 | 소리 대박 🔥 진짜 먹고싶게 만드시는😍
honekawa_.p | 2025-01-22 | กูหิวเลย
gimdanhyo49 | 2025-01-29 | 무슨치킨이예요??
beluvsick178 | 2025-01-20 | 치즈달랑달랑 귀욥ㅋㅋ
kitti_lixie | 2025-02-27 | What kind of chicken is this?
100rang_food | 2025-01-20 | 뿌링클 진행시켜야게따😮
mukrosee | 2025-01-20 | 아 미쳐써여 ㅠㅠㅠ
korea_foodzone | 2025-01-20 | 아 배민키게 만드네요....😂
ggam_food | 2025-01-21 | 배달어플켯습니다🔥
leeoh_review_ | 2025-01-21 | 마무리로 나랑드사이다까지 뿌링클 넘 땡긴다👏
suhoyum | 2025-01-21 | 꺄! 저도 어제 뿌링클 먹었는데😍
hihee.e | 2025-01-21 | 크흐 바삭한소리ㅠㅠㅠ군침흘러요
review_minday | 2025-01-21 | 와.....오랜만에 뿌링클 땡겨지는 영상이네요.. 😢 바삭바삭 소리 대박..ㅠ
solhee.97 | 2025-07-21 | 치킨보다 얼굴에 눈이가는데"
2025-01-19,4.9만,다시 돌아온 통연어 먹방 츄베릅💕 27주,"#통연어, #연어먹방, #연어회, #연어맛집, #salmon, #먹방asmr, #mukbang, #mukbangasmr, #asmreating, #mukbangers, #mukbangkorea, #asmr, #asmreatingsounds, #야식추천","berup_x | 2025-01-19 | ❤️
gyusun_1004 | 2025-01-19 | 우앙 연어 맛나게 먹는다규 나도 주라규 😍
eating_happily_ | 2025-01-19 | 무조건 진리조헙..❤️ 간장 와사비 몬 참아😍 나랑드 안 나오니까 아쉬버요(?)
jjuchelin_ | 2025-01-19 | 간장 와사비 진리조합 ,, 연어와 찰떡😍❤️
__day._.0 | 2025-01-20 | 와사비 최애!
ye._.hi | 2025-01-19 | 뭐야 추천에 떠서 봤는데 너무 이쁘시자낭 ?!!!
_uzxion | 2025-03-18 | 양파 크림소스 진짜 맛있어요!
yumyum_report | 2025-01-19 | 저는 초장 제일 조아해여 ㅎㅎ
zlzlgkgk | 2025-01-20 | 통째로 들고 뜯으시다니🙌 맛나보이는군요😮
ruri.food | 2025-01-19 | 마싯겟다😍😍연어ㅠㅠㅠ
jack93kim | 2025-01-19 | 진짜 맛있게 먹어여...ㅋㅋㅋㅋㅋ
moo_boza | 2025-01-19 | 와 연어 통으로는 진짜.. 도전해보고 싶닼ㅋㅋㅋㅋㅋㅋㅋㅋ 🙌
mukorang | 2025-01-19 | 역시 언어는 통으로❤️❤️
js__1oo4 | 2025-01-20 | 와사비 필수에오💛
ruri.food | 2025-01-19 | 😍😍
jini_zzin | 2025-01-19 | 하얀얼굴에 잘도 들어가는게 신기...😮👏화이트홀
100rang_food | 2025-01-19 | 통연어는 코스트코지😮
ssonwin_ | 2025-01-20 | 워 통ㅋㅋㅋ
sang_hwa00 | 2025-01-19 | 저는 타르타르😂
sang_hwa00 | 2025-01-19 | 소리미쳤어요😮
myeong_jonmatt | 2025-01-20 | 연어….❤️
ddub_e2 | 2025-01-19 | 아니 거 너무 잘먹는거 아니옼ㅋㅋㅋㅋ
zinssuu | 2025-05-18 | 이쁘십니다ㅏ
h_mochi_bungeo | 2025-01-19 | 전 타르타르소스요!!!
ronniechavez_ | 2025-01-21 | If I could make videos of me eating salmon sashimi with extra juicy noises and got paid for it I would be sooooo happy.
mukjung_ | 2025-01-20 | 간장ㅇ와사비❤️
jack93kim | 2025-01-19 | 통연어...ㅋㅋㅋㅋㅋ악
_.zxkr._ | 2025-04-07 | 이 여자애는 정말 귀엽다🔥
gge.juck | 2025-01-19 | 아 눈부셔서 눈 가릴 때 궁예해주실 줄 알고 설렜는데 까비
bin_4346 | 2025-01-20 | 불닭소스도 맛있어요!
hyukfood | 2025-01-20 | 연어 야무지네요
s.a_lly29 | 2025-01-21 | 연어 맛있겠당ㆍㆍ ㅠ
cloud_0737 | 2025-07-09 | 1위.초장
leeoh_review_ | 2025-01-19 | 간장와사비가 근본이지👏
blabfishblabfish | 2025-01-25 | Yummm
mehr.mehboodi | 2025-02-13 | We Iranians do not like raw fish. It should be grilled or fried. Most people order sushi, but many cannot eat it. But I want to try it. I think it will be delicious with hot sauce or lemon juice♥️🇮🇷
bxank_0 | 2025-01-19 | 무조건 연어는 홀그레인머스타드입니다….🥰
xayoen_ | 2025-05-27 | 진짜 제가 본 연어 드시는 분 중에 가장 굿👏
matthewbissaker | 2025-01-23 | You are very beautiful but you have large forehead 👁️👄👁️
review_minday | 2025-01-21 | 통연어 한번도 안먹어봤는데 연어 러버로써 저도 저렇게 먹고 싶네요..😂 저는 무조건 초장파 !!
_____vivid____ | 2025-01-21 | 전 쌈장+참기름+간마늘 이요(feat씻은묵은지)
valiantchristopher | 2025-01-24 | ❤
wjddms_10 | 2025-01-25 | 안찍어먹는게 존맛이던데..
nastena_xj | 2025-01-26 | 🤣🤣🤣🤣🤣🤣🤣🤣🤣👎👎👎👎👎👎👎👎👎👎👎👎🤮🤮🤮🤮🤮🤮🤮🤮🤮🤮🤮
raquel.amorim._ | 2025-01-26 | 😍😍😍
rafaa._.0_ | 2025-01-29 | Salmon de dubai
oussama_barber35 | 2025-02-05 | 👎
nanakim0821 | 2025-02-08 | 연어는 초장❤️
jxm1n_395 | 2025-02-08 | 불닭마요ㅠㅠㅠ
mogers8 | 2025-02-10 | 무조건 소스는 간장,와사비
jeonghyosig59 | 2025-02-12 | 연어잘먹네요
boggeunang | 2025-02-17 | 최애영상ㅇㅇ
ssoruco3652 | 2025-02-23 | 앞으로 연어먹방만 올려주세요,,
janderidder4 | 2025-03-08 | that is very dirty to eat raw like that, smoked is 5x tastier
gessy61_ | 2025-03-11 | Pietà
gio_disti | 2025-03-13 | Selamat tinggal ayu
martinezjonathansoto | 2025-03-15 | It will taste better if you cook it 😃👍
cr7husna | 2025-03-19 | 看着很有食欲
gaia_dicanio | 2025-03-25 | ♥️
gaia_dicanio | 2025-03-25 | ♥️
hnn.5425 | 2025-03-26 | 😍😍😋😋👍🏼👍🏼👍🏼
kauanyguidelli94 | 2025-03-26 | Come salmão com shoyu
jubss._.chalita | 2025-03-30 | Q inveja
x_ha.o | 2025-04-01 | 맛있게 먹는데 살이안찌는 비결이 무엇인가요?(😢)
ataru8354 | 2025-04-02 | 美味そうやなくれ
a._i._g_ | 2025-04-09 | Есть захотела
alinepereirah_545 | 2025-04-15 | 😂😂😂😂😂😂😂
helgamayang | 2025-04-16 | the clothing...."
2025-01-17,2007,GS25 신상 수건케이크 2종 먹어봤는데…?! 27주,"#수건케이크, #먹방asmr, #편의점신상, #편의점간식, #간식추천, #신상리뷰, #디저트맛집, #mukbang, #편의점디저트, #mukbangasmr, #asmr, #asmreating, #asmreatingsounds, #mukbangers, #dessert","jjuchelin_ | 2025-01-17 | 당충전 필요할땐 무조건 요거 먹어야겠다아 😍😍❤️
eating_happily_ | 2025-01-18 | 나두 초코파!!!!❤️
korea_foodzone | 2025-01-18 | 수건케이크 넘좋아용
hh.__.jin | 2025-01-17 | 나도 어제 먹었는데!
100rang_food | 2025-01-17 | 요새 물가너무비싸서 4000원이면 혜자같아요😮
berup_x | 2025-01-17 | ❤️
mukchoding | 2025-01-18 | 먹어봐야겠어요😍
ruri.food | 2025-01-18 | 온니는 초코파이구만😍😍
ye._.hi | 2025-01-21 | 와우🔥 엄청 맛있게 잘 드시네요!! 저도 한번 사먹어봐야 겠어요!!
bonge_o0o_food | 2025-01-19 | 초코파 귀욤 ㅋㅋㅋㅋ
gge.juck | 2025-01-17 | 4000원퀄리티가 아주 훌륭허네요…😮
ro_ro_0070 | 2025-01-17 | 직접 먹어봐야겠어요 수건 케잌
ro_ro_0070 | 2025-01-17 | 느끼하고 맛 없다는 리뷰를 봤는데 먹는 영상 보니 맛있을것같은데요
yejoon.e_fan_official | 2025-01-17 | 츄베르츄베릅님!😍너무맛있게 예쁘게드시는거보면 저도 먹고싶어짐😂
jjong_mattang | 2025-01-17 | 마지막에 나랑드사이다 기대하면서 봤눈데 ㅠ😂
golden_sang_ | 2025-01-18 | 수건 열풍이네 👏 먹어봐야지!
ourebelle | 2025-01-19 | yummy 😍😍
jini_zzin | 2025-01-17 | 오 역시 씨유보다는 GS가 한수위?!
leeoh_review_ | 2025-01-18 | 가격도 나쁘지않네🔥"
2025-01-17,4374,오징어게임2 악몽의 세모 달고나 3번 도전했더니?!! @@저랑게임한번 하시겠습니까? 27주,"#오징어게임, #오징어게임2, #달고나, #달고나게임, #squidgame, #squidgame2, #dalgona, #먹방asmr, #간식추천, #디저트먹방, #mukbang, #mukbangasmr, #asmr, #asmreating, #넷플릭스, #netflix","berup_x | 2025-01-17 | ❤️
butte_gom | 2025-01-17 | 하지만 먹는 모습이 기여워서 성공👏😍
jjuchelin_ | 2025-01-17 | 절대 할수업는거아닌가요,,🥹🥹🧡
moo_boza | 2025-01-17 | ㅋㅋㅋㅋㅋㅋㅋㅋ 잘가시고요.. 🔫🔫🔫🔫
mukrosee | 2025-01-17 | ㅋㅋㅋㅋㅋ진짜 조졌당..
jh_y92 | 2025-01-17 | 곰퐝이엿군👏
cookcook_kitchen | 2025-01-17 | 그냥 먹고싶어서 하시는거 같은데?
muk._.chuuru | 2025-01-17 | 아니...깨라고..잇는거지?
js__1oo4 | 2025-01-17 | 바로 총맞겠는데여 ㅋㅋㅋㅋㅋㅋㅋㅋㅋㅋㅋ 이거 성공하는 사람 있으면 상줘야함 🥹
jjong_mattang | 2025-01-17 | 성기훈처럼 침 잔뜩 바르셨어야죠;;ㄷㄷ
ggam_food | 2025-01-17 | ㅋㅋㅋ성공한사람잇을가여😂
jini_zzin | 2025-01-17 | 성공 불가인듯요 이건ㅋㅋ
sowon_yam2 | 2025-01-17 | 아 얼마전에 악몽꿨는데ㅜ
rlawnstjr_1 | 2025-01-23 | 27주좋아요 6개답글 달기
gge.juck | 2025-01-17 | 이거 악몽꾸고 일어나자마자 하면 잘된다던데요?
ghir_jae | 2025-01-17 | 얼음!!!
siap_ahayo001 | 2025-01-21 | Jilat atau gores bagian terluar terlebih dahulu🥱
kkulkkitaeng | 2025-01-17 | 🔫
beluvsick178 | 2025-01-17 | 🫠
mtfam1026 | 2025-01-17 | ㅋㅋㄱ이거 어케성공해욧 ㅎㅅㅎ
sse_luv | 2025-01-17 | 못할것같아여ㅜ
zzo_yummy | 2025-01-17 | 진짜 도전 해보고싶네용😮
muckza_zzae | 2025-01-17 | 뉴가 숭공해염
jack93kim | 2025-01-17 | ㅋㅋㅋㅋㅋㅋㅋㅋㅋ어케함...
space_look__ | 2025-01-17 | 조졋네요👏👏
leeoh_review_ | 2025-01-17 | 앜ㅋㅋㅋㅋㅋ효과음 겁나 웃겨😂
yome_foodie | 2025-01-17 | ㅋㅋㅋㅋ음악까지 긴장감 장난아닌데여
mukjung_ | 2025-01-17 | ㅋㅋㅋ개기우ㅑㅁㅌㅋ
jooooomie | 2025-01-17 | ㅋㅋㅋ이거는 살아남기힘든디요 ㅠㅠㅠㅋㅋㅋㅋ
bonge_o0o_food | 2025-01-17 | 핥아봤어?!?!
ro_ro_0070 | 2025-01-17 | 아 이게 상품이 있나보네요 대박😍😍😍
rara_muk | 2025-01-17 | 절대 불가능😢
hihee.e | 2025-01-18 | 고냥맛나게 ㅋㅋㅋㅋㅋㅋ
aem_1315 | 2025-01-18 | nyerah dia
_icardiiiiiiiiiiiiii | 2025-01-19 | Abla mal mısın
ourebelle | 2025-01-19 | love this 💀😍
emanuella98 | 2025-01-19 | Tembak matilah😂
firmanhndrt_ | 2025-01-19 | 27주답글 달기
saronn_ralte__ | 2025-01-21 | Frrrr
kasumisou0123 | 2025-01-23 | イカゲーム
changbinsalonnno | 2025-01-30 | The amount of time she died😭😂
taka.hiko1 | 2025-04-02 | 何歳ですか？"
2025-01-15,2564,식감미친 채소 아이스 플랜트가 유행? 맛은 어땟냐면…! 28주,"#아이스플랜트, #iceplant, #먹방asmr, #mukbang, #mukbangasmr, #채소, #간식추천, #asmr, #asmreating, #asmreatingsounds, #mukbangers, #먹방유튜버, #야식추천","ruri.food | 2025-01-15 | 언니 넘 신기햌ㅋㅋㅋㅋ나도 먹어볼래🙌🙌
berup_x | 2025-01-15 | ❤️
ro_ro_0070 | 2025-01-17 | 소리가 작살이네욤😍😍😍😍
jjuchelin_ | 2025-01-15 | 전 대리만족만 해야겠어요오😮😮❤️
hyob_muk | 2025-01-15 | 소리가 미쵸짜나여ㅠㅠ
eating_happily_ | 2025-01-15 | 아닠ㅋㅋㅋㅋㅋㅋㅋㅋ 표정잌ㅋㅋㅋㅋㅋㅋㅋㅋ 정레절레,,,
100rang_food | 2025-01-15 | 또 어디서 야무진거 가져오셨네😮
muk_joongsa | 2025-01-15 | 신기하다아,, 소스 찍어먹어야 맛있을드읏(!)
bonge_o0o_food | 2025-01-16 | 짱신기하다 ㅋㅋㅋ 근데 손에 묻은 불닭소스 색깔 왜 잘어울려???? ㅋㅋㅋ귀욤ㅋㅋㅋ
busan_delicious_diary | 2025-01-15 | 캬 듣기ㅜ넘 좋아요 👏👏
moo_boza | 2025-01-15 | 아니 어디서 구하는거에옄ㅋㅋㅋㅋㅋㅋㅋㅋ 😂
yejoon.e_fan_official | 2025-01-15 | 우와 진짜얼음 깨먹는소리나요 ㅋㅋ 신기해요😂
hh.__.jin | 2025-01-16 | 맨 마지막에는 표정이 안좋아.. ㅠㅋㅋㅋㅋ
miri_muk | 2025-01-15 | 와… 소리가 식감은 정말 좋을 것 같은데요
muk_tteul | 2025-01-15 | ㅋㅋ ㅋ ㅋ ㅋㅋㅋㅋㅋㅋㅋ 궁금하다 진챠
mukstar_md | 2025-01-15 | 짜면,,,😂😂우케 먹어야할까요😮
jini_zzin | 2025-01-15 | 짜요? 천연 조미료로 써야겠어요
mukjung_ | 2025-01-15 | 절레절레기여웤ㅋㅋㅋㅋ짜..?
zmin__ovo | 2025-01-25 | 토끼가 풀 먹눈다!!
jjong_mattang | 2025-01-15 | 이제 채베릅 으로 가시는 건가요? (채식베릅)
gge.juck | 2025-01-15 | 00:42 피흘리는 츄베릅님🩸
hid_zip | 2025-01-15 | 이거뭐예욬ㅋㅋㅋㅋㅋㅋ
jeju.meokja | 2025-01-16 | 아,,,, 맛은요... 전 맛있어야해요😂😂
sowon_yam2 | 2025-01-15 | 절레절레 ㄷㄷㄷ
_yy0rguiy | 2025-01-16 | 연유랑 먹으면 맛있을 것 같은디 약간 단짠..?
yangsj0210 | 2025-01-17 | 눈감고 소리들으면 진짜 고드름..?얼음 씹는거같은 소리처럼 들려요
moochi_creamy | 2025-01-18 | Daun apa itu?😮😂
greenberry_2357 | 2025-01-17 | 짭쪼롬하죠 😂 수분감이 많고 식감이 좋은 채소라 마요네즈나 시저드레싱, 요거트드레싱 ,쌈장마요등 곁들여드시면 드시기 좀더 편하실거에요 😋
leeoh_review_ | 2025-01-16 | 소스 찍어먹어도 맛없군😂
seon__zip | 2025-01-16 | 아이스플랜트 맛있게 드시는 먹방영상 올려주셔서 감사합니다❤️
jeonghyosig59 | 2025-02-12 | 풀울왜먹어요
ilijuo_ | 2025-03-28 | كيوت
tooktaa12345_dolly | 2025-02-06 | what is this call?"
2025-01-14,5.2만,해장으로 마라탕 뿌셨습니다.. 꿔바로우는 덤💕 다음 메뉴는? 28주,"#마라탕, #마라탕맛집, #마라탕먹방, #꿔바로우, #중식, #먹방asmr, #mukbang, #mukbangasmr, #asmreatingsounds, #mukbangers, #mukbangkorea, #먹방유튜버, #먹방, #야식추천, #mukbangeating","tastebuds__official | 2025-01-14 | 마라탕 넘 땡겨융😍😍❤️
1onefood_ | 2025-01-14 | 크으 소리 최고😍
sirlangitpe | 2025-05-18 | 츄베릅.🔥
berup_x | 2025-01-14 | ❤️
songa13570 | 2025-01-26 | 마랑탕!!❤️❤️❤️❤️❤️진짜로 맛있어요!!
ming_foodie_ | 2025-01-14 | 꿔바로우 먹고파여ㅠㅠ
mukstar_md | 2025-01-14 | 오매 소리 너무 좋아요ㅠㅍ❤️
0w.j1n | 2025-01-18 | 맛있겠다
ruri.food | 2025-01-14 | 유튜브보고 넘어왓어요❤️❤️
pfs1x | 2025-01-16 | 와…………..맛잇겟다………….마라탕땡긴다………………..
g_on.s14 | 2025-07-12 | 저녁방금 먹엇는데 언니영상보니까 마라탕먹고싶어 어떻게할꺼야!!
mukjung_ | 2025-01-14 | 뉴진면,푸주,건두부 왕창이여,,아니 첫배달이라구? 용용선생안조아햇던거야..?
mdding_1122 | 2025-05-03 | 청경채 옥수수면 양고기요!
roro_ro1220 | 2025-04-18 | 진2ㅣ 미치겠다 진짜 맛있겠다ㅜㅠ
b_innx.14 | 2025-04-29 | 배고파라가라ㅏ가가가가ㅏ다다가가닥
salwaa.zzura | 2025-01-14 | ❤️
k62327113 | 2025-04-15 | ❤️❤️❤️❤️❤️❤️
jjuchelin_ | 2025-01-14 | 해장으로 마라탕 뭔들,, 꿔바로우는 무조건😍❤️
moo_boza | 2025-01-14 | 저도 마라탕으로 해장해여 ㅠ
h.xyu13 | 2025-01-27 | 지금 새벽인데 마라탕 먹고싶다아
jieu.n2678 | 2025-06-30 | 치즈떡,꽃분모자,목이버섯
dddddaaa96 | 2025-04-22 | @yenable_ 너닮음
s.a_lly29 | 2025-01-26 | 마라샹궈도 먹어주세영💝
isoeun28 | 2025-06-24 | 급나 존예인데 이것까지 먹으면 어떠카자는거야...
mukbears | 2025-01-14 | 술도 안마셧는데 해장마룝다..전 2단계면 죽어오
min50_90 | 2025-05-21 | 숙주,뉴진면,유부왕창👏🙌😢
seo_x1d | 2025-01-16 | @jyxn_o
yejoon.e_fan_official | 2025-01-14 | 진짜 예쁘게 드시는거같음🥰
e.xusl87 | 2025-07-10 | 유부 뉴진면 건두부
sx.hw0n | 2025-01-24 | 분모자 숙주 소고기
6lovestruck98 | 2025-02-27 | 하…
sousouyoussouf | 2025-03-27 | 😍
hbs2haos2 | 2025-01-25 | 마라탕 브랜드,,,,,이름이 뭔가요…
eun_s.xo | 2025-04-17 | 옥수수면 청경채 메추리알
jambinovo_ | 2025-01-17 | @thislsjusthis_
chaemuri | 2025-01-16 | 미치겠다
hj_foodie | 2025-01-14 | 엥 마라탕 배달 처음이라궁?😮 ㅋㅋㅋ 존맛이햐
eating_happily_ | 2025-01-14 | 감기죠심❤️ 마라탕 한 번두 안 머거본 사람 저,,요,,
js__1oo4 | 2025-01-14 | 그렇게 마라탕에 빠져드시는거에요🥺
j2ch.busan | 2025-01-14 | ㄹㅈㄷ...... 츄베릅님 살은 안찌세요?
ddub_e2 | 2025-01-15 | 아침부터 위꼴,,,
mukrosee | 2025-01-15 | 끄ㅓ바로우 진짜 커요❤️❤️
leeoh_review_ | 2025-01-15 | 와,,꿔바로우랑 마라탕 겁나 땡긴다,.
bonge_o0o_food | 2025-01-15 | 배달 마라탕이 처음이라니....살 안찌는데 이유가 있었다🥹 나는 푸주 건두부 팽이버섯><
gyul_yummy | 2025-01-15 | 해장으로 좋은데여💖
review_dogam | 2025-01-15 | 마라탕 너무 맛있어 보여요😍
food_zohaa | 2025-01-15 | 크으 마라탕 보소❤️❤️
ji_ye__12 | 2025-01-15 | 오늘 넘 예뻐욥!!❤️
djrmfo_000 | 2025-01-16 | 어디 마라탕이에영
yosysbsb | 2025-01-18 | 눈화장 정보조무ㅠ
1xckdiary_ | 2025-01-29 | 마라탕 자주 올려주세여ㅠㅜ
____sllaaa | 2025-01-29 | itu seblak ga sih
seoowoning | 2025-01-29 | 왜그러세요
eun._.xoz | 2025-02-26 | 아 갑자기 마라탕 땡기네요🤤🤤
pollyean | 2025-04-21 | Yummy yummy 😋 food
mynadia | 2025-07-20 | 중당 치즈떡 연꽃모양분모자❤️"
2025-01-12,1.6만,고기듬뿍 국물두루치기 드디어 먹어봤다! 28주,"#고기듬뿍국물두루치기, #두루치기, #제육볶음, #먹방asmr, #mukbang, #mukbangasmr, #mukbangers, #mukbangkorea, #asmreating, #asmreatingfood, #한식맛집, #야식추천, #매운음식, #살빼조, #배달음식, #전주맛집","jjuchelin_ | 2025-01-12 | 두루치기에 계란후라이 진짜 게임 끝..❤️😍
berup_x | 2025-01-12 | ❤️
foodtravel1015 | 2025-01-12 | 아 이거 진짜맛있죠
food_zohaa | 2025-01-13 | 양념 쨔응❤️
wxalxx__ | 2025-01-12 | 1분 넘는 릴스를 끝까지 다본건 오늘이 처음인것같애요.. 홀린듯 봐버렸네요 ㄷㄷ👍👍👍👍👍
siri_us_lab | 2025-01-13 | 맛나보여융
make.up_pick_ | 2025-05-22 | 와.. 찐 배운곳 🔥🔥
wangseungyun63 | 2025-01-12 | 츄베릅님 진짜 맛있게 잘먹으시네요
moo_boza | 2025-01-12 | 고기 듬뿍듬뿍.. 근데 양념부터가 마시써보여요 ㅠㅠ
eating_happily_ | 2025-01-12 | ㅁㅊ!!! 여기 살빼조 거기자나 ㅠㅠㅜ ㄹㅇ 마쉿서..
sol_moonstar | 2025-01-14 | 예쁘다..
dlpspaq | 2025-01-13 | 아 진짜 너무 복스럽게 드세요.. 그리고 이목구비 오밀조밀해서 너무 기여우세요ㅜㅜㅜㅜ
river._.intheu | 2025-01-14 | 입에 양념 묻어있는게 존나 귀엽다
yzrr.oq | 2025-01-14 | 이거김치추가가찐임니다.
soriaeo_o | 2025-06-10 | @hyein_woooon 입덧 끝나면 부신다…
jjong_mattang | 2025-01-12 | 하 살뺄라 했는데 에라 모르겠다;;
hotdor_s | 2025-01-12 | 계란 주는곳 진짜 인정;; 디테일
dongbori1 | 2025-01-12 | 몇단계에요???
s_hb_04 | 2025-01-14 | @ahcarve
gge.juck | 2025-01-12 | 마라 두루치기는 진짜 미친놈일 각… 존버합니다
beluvsick178 | 2025-01-12 | 나랑드사이다 크
d_t_muksta | 2025-01-12 | ㅋㅋㅋㅋ맵찔이는 기본맛!!! 참고해야겠는데여?ㅋㅋㅋㅋ
100rang_food | 2025-01-12 | 당면을 추가하시오..
myeong_jonmatt | 2025-01-12 | 진짜 넘 맛있게드신다
ruri.food | 2025-01-12 | 헐 그 유묭 유튜버 추천메뉴인가!!
ruri.food | 2025-01-12 | ❤️❤️
muk._.chuuru | 2025-01-12 | 렌즈정보좀...
jack93kim | 2025-01-12 | 살 안찌는 이유좀~~~~~~
h_mochi_bungeo | 2025-01-12 | 여기 살빼조님 맛집이자나여ㅠㅠ저도 먹고싶어서 찾아봤는데 동네에 없어서 슬펐어요😂😂😂
mukjung_ | 2025-01-12 | 김치추가메모👏
hj_foodie | 2025-01-13 | ㅠㅠ밥에 계후주는거 진짜 미쳐따🔥
hoseyni4033 | 2025-01-13 | ❤️❤️❤️🔥🔥🔥❤️❤️❤️🔥🔥🔥❤️❤️❤️🔥🔥🔥❤️❤️❤️
bonge_o0o_food | 2025-01-13 | 너무 맛잇겟짜나....
hyukfood | 2025-01-13 | 밤에봤으면... 시켰을 asmr
jeju.meokja | 2025-01-13 | 고기국물 두루치기 너무 맛나겠는데요 😍
leeoh_review_ | 2025-01-13 | 진짜 너무 맛있겠다 양념이 장난아니네🙌🔥
sowon_yam2 | 2025-01-13 | 양념도라여,,,,,
js__1oo4 | 2025-01-13 | 계후 같이 주는거 무조건 합격 합격🫶🏻🫶🏻
suhoyum | 2025-01-13 | 이거 저두 궁금해용😍
review_minday | 2025-01-13 | 츄베릅님 영상 보면 다 먹어보고 싶어요 !! 소리 진짜 미쳤다ㅠㅠ 🔥
_.angira | 2025-01-15 | Looking like kkubi
risyaenjeliana | 2025-01-16 | 먹을 때도 아름다워 보여요.🙌
ddoddo_one | 2025-01-16 | 여기오딘데용
belindasmith5720 | 2025-01-23 | The colored contact lenses are creepy!!!!
trucolor77 | 2025-01-25 | Eating food Very slowly is so good for us, Our skin will look younger.
zo.olo7r | 2025-02-21 | @__zziwoo 전주 또 가야하냐며
k62327113 | 2025-04-17 | ❤️❤️"
2025-01-10,1.6만,"연세우유 신상 레드벨벳 3종! 연세우유레드벨벳생크림빵, 레드벨벳생크림떡, 레드벨벳롤케익🥰 뭐가 제일 맛있었냐면?! 28주","#연세우유, #연세우유생크림빵, #연세우유레드벨벳생크림빵, #레드벨벳, #씨유신상, #신상리뷰, #간식추천, #디저트먹방, #편의점신상, #먹방asmr, #편의점디저트, #mukbang, #mukbangasmr, #asmreatingsounds, #dessert","ddomukz | 2025-01-10 | 연세우유 또 일냈내유😍
js__1oo4 | 2025-01-10 | 크림치즈 찐하고 꾸덕한거 너무 좋져,,💛🤍
berup_x | 2025-01-10 | ❤️
gge.juck | 2025-01-10 | 1등 생크림빵만 골라 먹어야겠어여 그럼 ㅎㅎ
zh_koes | 2025-01-17 | 색감 왜이리 예뻐ㅠㅠ 맛잇겟다😢😢
100rang_food | 2025-01-10 | 레드벨벳 풀세트라니 폭력적이다😮
moo_boza | 2025-01-10 | 엥 3개나 나왔었네요?? 다 묵어봐야지
yap_o4o | 2025-01-16 | 와 크림치즈!! 울 언니 사조야겟대
mymyboy86 | 2025-01-11 | 레드벨벳 생크림빵 진짜 맛있더라구용
we.sell.strawberry | 2025-04-17 | 개맛도리겠다
eating_happily_ | 2025-01-11 | 생크림빵이 ㄹㅇ 존막이지ㅠ
yjiu_1805 | 2025-01-11 | 빵도 예쁘고 먹는 사람도^^^ 귀엽네요♡♡
golden_sang_ | 2025-01-10 | 레드벨벳 닮았어요
sso_hee_oo | 2025-01-14 | @ju_hee_heee 주히씨 참 조아하긋네여
mingdoong_89 | 2025-01-13 | @kkonghyejin 마시ㅛㅛㅓ모리는데
030668_ | 2025-01-30 | 제가 이거 다 먹어봤는데여 롤케익>크림빵>떡 이 순서로 맛잇어욤 @min._.diary_
cre._.ss | 2025-01-22 | @taekm_n70
h._.bstar | 2025-01-12 | @eeuuneol
kkutti_h | 2025-01-10 | 생크림이 일등..❤️
ruri.food | 2025-01-11 | 모찌모찌도 넘 맛나보여😍😍 색감 즥인당
ruri.food | 2025-01-11 | ❤️❤️❤️
bottlejune__96 | 2025-01-11 | 오홍 레드벨벳 생크림빵 너무 궁금해져요 ㅠㅠㅠ❤️
jini_zzin | 2025-01-11 | 빵만 겟하러 가야지❤️
ro_ro_0070 | 2025-01-11 | 그럼난 생크림빵으로 먹을래옹😍😍😍😂😂😂
rara_muk | 2025-01-11 | 이거 먹어볼래요❤️
leeoh_review_ | 2025-01-11 | 세개 다 먹고 싶다❤️ 근데 피부가 넘 좋아서 피부 밖에 안보여🫢
hihee.e | 2025-01-11 | 오앙ㅋㅋㅋ레드벨벳빵 궁그매요
gimtaengsyeo | 2025-01-11 | 저랑 먹는양이 넘 비슷하신 것 가타요!! 혹시 남은 거도 나중에 먹고 싶을 때 드시나요??
myeong_jonmatt | 2025-01-12 | 크림 낭낭한것점바….
colorfulsundays | 2025-01-12 | 오ㅏ 크림 진짜 많이 들어있네요!!
hj_foodie | 2025-01-13 | ㅠㅠㅠㅠ 이번 크림치즈빵 진짜 존맛이던데 🥹❤️
lavendersagejewelry1 | 2025-01-19 | What is that? That looks yummy?
loridhare | 2025-01-29 | Gross
a89925313qq | 2025-05-02 | 😍😍😍"
2025-01-08,10.8만,600만뷰 기념 맘스터치 핫치즈싸이순살 2탄🥰 다음엔 무엇을 먹을까요? 29주,"#맘스터치, #싸이순살, #치킨먹방, #치킨추천, #먹방asmr, #mukbang, #mukbangers, #mukbangasmr, #asmreating, #asmreatingsounds, #chicken, #mukbangkorea, #asmr, #야식추천, #처갓집양념치킨","berup_x | 2025-01-08 | ❤️
jini_zzin | 2025-01-09 | 치즈볼 존맛탱 인정요👏저도 원픽피👍🏻
wxalxx__ | 2025-01-08 | 레전드 치킨먹방이 돌아왔다👏🔥🤤
choi._.yummy | 2025-01-08 | 이거 저두 넘 조아해용😍
hyob_muk | 2025-01-08 | 넘무 맛잇러보이자나요
ruri.food | 2025-01-08 | ❤️❤️❤️
gge.juck | 2025-01-08 | 베릅님 진실의 미간 횟수 37회
100rang_food | 2025-01-08 | 아 안되겠다 맘스터치 치킨 첫경험하러가야겠다
jecr_et | 2025-01-09 | 연세우유레드벨벳크림빵이랑 레드벨벳 떡 맛있대요!!
korea_foodzone | 2025-01-08 | 아 배거파졋어요...
nowaneel | 2025-03-12 | 와진짜마싯겟다한입만여
moo_boza | 2025-01-08 | ㅋㅋㅋㅋㅋㅋㅋㅋ 아… 배민 켜야하나
mukbears | 2025-01-08 | 야밤에 소리머선일,,😢
mat_puri | 2025-01-08 | 이런 먹방 좋아요😍😍
k.0__0.yj | 2025-01-13 | @sihun0812 치킨 안사주냐?
bbaeetavo | 2025-01-09 | 맛이ㅛ겟다...많이 매운가여??
ruri.food | 2025-01-08 | 600만뷰 미쳐떠 소리에바야ㅠㅠㅠㅠ
flying._.rang | 2025-01-20 | @b_boraming 궁금함
son_s2 | 2025-04-04 | @hong_s.been 이거ㅜㅜ
mukjung_ | 2025-01-08 | 나지금 천국의계단타고있는제..주문한다배달..
hyangruby | 2025-01-10 | @_mijjang 아놔 또 먹고싶네
bonge_o0o_food | 2025-01-08 | 나 배부른데 왜 배고파...
jjong_mattang | 2025-01-08 | 하 배민삭제 해야되나 ㅠ
_jn.cxn | 2025-01-19 | 맛있겠은건 모르겠고 개이쁘다
ebytaputri | 2025-02-28 | 🤤
leeoh_review_ | 2025-01-09 | 안되게따 맘터 치킨 시켜야겠어,,
hyoyeon018 | 2025-01-10 | @726_ram00 오늘저녁 치킨 먹을래?
muk.seori | 2025-01-08 | 바삭한 맘터 지점 알려줘여,,
s._.shyang | 2025-01-10 | @pyogun 이거 아님 bbq
jj_sen__ | 2025-01-10 | @goooood_rain_
san_e_0 | 2025-01-12 | @dam_e_0 여기는 양념 소스 많이 주네 ㅡㅡ
sunnyhitaro | 2025-01-08 | eat creamy pasta ❤️
gym_joa | 2025-01-09 | 당신은 저의 팔로우 축복을 얻으셨습니다. 2025년에는 행운이 가득할 것
_ht.oha | 2025-03-01 | @_thzi_thwyy_
zsouxe | 2025-02-15 | @exx_jx1 @o6dtzxe @jx6mze
hotdor_s | 2025-01-08 | 아니 소리 미친놈이네
xhjjuuk76 | 2025-01-09 | 마딛겟다 ..
beringnuri | 2025-01-10 | @senti_jm ㅋㅋㅋㅋㅋㅋㅋㅋㅋㅋㅋ
beluvsick178 | 2025-01-08 | 🤤
jjuchelin_ | 2025-01-08 | 영상 보자마자 핫치즈싸이순살 주문각인데요😍😍❤️
eating_happily_ | 2025-01-08 | ㄹㅇ 요즘 핫치즈 너무 땡겨ㅠㅠㅠㅠㅠㅠㅠㅠㅠ 쿨타임 찼어,,🌟
h_mochi_bungeo | 2025-01-08 | 안먹어봤는데ㅠㅠㅠ츄베릅님 먹방보니 먹고싶어요😂😂
hj_foodie | 2025-01-08 | ㅠㅠㅠ이거 너무 맛있셔 🥹 먹는거보니까 또먹구싶댜...
mukrosee | 2025-01-08 | 아 요고 존맛이에오 ㅠㅠ
muk._.chuuru | 2025-01-08 | 와...배고파...
rara_muk | 2025-01-08 | 소리대박❤️
yome_foodie | 2025-01-09 | 와 대박 먹고시퍼여ㅠ❤️
food_zohaa | 2025-01-09 | 닭강정 사랑이잔ㄹ아요❤️❤️❤️
hyukfood | 2025-01-09 | 와 이거 밤에봤으면 ...난리났겠네뇨
zzinmattaeng | 2025-01-09 | 끄앙 맛있겠댜 ㅠㅠ❤️ 볼 때마다 넘 귀여우심 ,,
yumyum_report | 2025-01-09 | 저 맘터 치킨 한번두 안먹어봤는데 이거 보고 도전합니다…
ro_ro_0070 | 2025-01-09 | 아 맛있겠어요 자주뵙겠습니다 슨8하고 가용❤️❤️❤️
review_minday | 2025-01-09 | 와...바삭바삭 소리 미쳤어요..😢 🔥
js__1oo4 | 2025-01-09 | 싸이순살 됸맛 ㅜㅜㅜㅜㅜㅜ💛💛💛
hh.__.jin | 2025-01-09 | 소리가 쩐다,,
sowon_yam2 | 2025-01-09 | 킇ㅎㅎㅎㅎ진짜 맛나겠당ㅎㅎㅎ
ggam_food | 2025-01-09 | 오늘 맘스터치 터치합니다
j2ch.busan | 2025-01-09 | 아...... 소리 진짜........😂😂
heoheo8443 | 2025-01-10 | ㅜㅜ맛없어서놀람.. 이게 왜 유행인거지
_a_ni_ka_07_ | 2025-01-10 | at first glance I thought it's Giselle
sara__sara20252024 | 2025-01-12 | ❤️❤️
amimmd_88 | 2025-01-12 | به به😍
mays_a6962 | 2025-01-13 | 😮😍😍
mchll.nana | 2025-01-13 | 🔥
barber_shop_wale | 2025-01-17 | 😂
imeldaashelviana | 2025-01-17 | 💩
ayundhadsra_ | 2025-01-19 | 아기가 뭐예요?❤️❤️
0_0miwwa | 2025-01-19 | look so delicious🤤❤️
bellas_here4u | 2025-01-20 | That looks soooo good
m.mo0o00 | 2025-01-21 | @sxhx_24
ange_la12_15 | 2025-01-25 | ❤️❤️❤️❤️
syheo0126 | 2025-02-03 | @ggzung 맛이가 어떤가요 이거
d4n._.b1 | 2025-02-09 | 이거 그냥그럼
lvr.bec | 2025-02-10 | I’m gonna cry it looks so good
yuuna0.8 | 2025-02-16 | @b.trnh101
winterisinlove | 2025-02-22 | For a split second i thought it was Giselle from aespa
gaekolttak | 2025-02-22 | 많이 매운가요? 🔥
haram_sami28 | 2025-02-24 | Orange sauce name please?
t_b_o_19 | 2025-02-27 | ❤️❤️
ir.e_0 | 2025-03-05 | 맵기 어느정도에요??
1eeneral | 2025-03-10 | 젓가락질
2xoiirss | 2025-03-13 | @oioidaizove
midaapane | 2025-03-19 | 🔥
kang__jh_ | 2025-03-20 | @yoon__jk_
kang__jh_ | 2025-03-20 | @yoon__jk_
zahramohammadi1347 | 2025-03-27 | ..
zahramohammadi1347 | 2025-03-27 | 😅
biellanity | 2025-05-02 | .
biellanity | 2025-05-02 | .
biricik_kk09 | 2025-06-26 | Please eat mandu"
2025-01-10,1.6만,"연세우유 신상 레드벨벳 3종! 연세우유레드벨벳생크림빵, 레드벨벳생크림떡, 레드벨벳롤케익🥰 뭐가 제일 맛있었냐면?! 28주","#연세우유, #연세우유생크림빵, #연세우유레드벨벳생크림빵, #레드벨벳, #씨유신상, #신상리뷰, #간식추천, #디저트먹방, #편의점신상, #먹방asmr, #편의점디저트, #mukbang, #mukbangasmr, #asmreatingsounds, #dessert","ddomukz | 2025-01-10 | 연세우유 또 일냈내유😍
js__1oo4 | 2025-01-10 | 크림치즈 찐하고 꾸덕한거 너무 좋져,,💛🤍
berup_x | 2025-01-10 | ❤️
gge.juck | 2025-01-10 | 1등 생크림빵만 골라 먹어야겠어여 그럼 ㅎㅎ
zh_koes | 2025-01-17 | 색감 왜이리 예뻐ㅠㅠ 맛잇겟다😢😢
100rang_food | 2025-01-10 | 레드벨벳 풀세트라니 폭력적이다😮
moo_boza | 2025-01-10 | 엥 3개나 나왔었네요?? 다 묵어봐야지
yap_o4o | 2025-01-16 | 와 크림치즈!! 울 언니 사조야겟대
mymyboy86 | 2025-01-11 | 레드벨벳 생크림빵 진짜 맛있더라구용
we.sell.strawberry | 2025-04-17 | 개맛도리겠다
eating_happily_ | 2025-01-11 | 생크림빵이 ㄹㅇ 존막이지ㅠ
yjiu_1805 | 2025-01-11 | 빵도 예쁘고 먹는 사람도^^^ 귀엽네요♡♡
golden_sang_ | 2025-01-10 | 레드벨벳 닮았어요
sso_hee_oo | 2025-01-14 | @ju_hee_heee 주히씨 참 조아하긋네여
mingdoong_89 | 2025-01-13 | @kkonghyejin 마시ㅛㅛㅓ모리는데
030668_ | 2025-01-30 | 제가 이거 다 먹어봤는데여 롤케익>크림빵>떡 이 순서로 맛잇어욤 @min._.diary_
cre._.ss | 2025-01-22 | @taekm_n70
h._.bstar | 2025-01-12 | @eeuuneol
kkutti_h | 2025-01-10 | 생크림이 일등..❤️
ruri.food | 2025-01-11 | 모찌모찌도 넘 맛나보여😍😍 색감 즥인당
ruri.food | 2025-01-11 | ❤️❤️❤️
bottlejune__96 | 2025-01-11 | 오홍 레드벨벳 생크림빵 너무 궁금해져요 ㅠㅠㅠ❤️
jini_zzin | 2025-01-11 | 빵만 겟하러 가야지❤️
ro_ro_0070 | 2025-01-11 | 그럼난 생크림빵으로 먹을래옹😍😍😍😂😂😂
rara_muk | 2025-01-11 | 이거 먹어볼래요❤️
leeoh_review_ | 2025-01-11 | 세개 다 먹고 싶다❤️ 근데 피부가 넘 좋아서 피부 밖에 안보여🫢
hihee.e | 2025-01-11 | 오앙ㅋㅋㅋ레드벨벳빵 궁그매요
gimtaengsyeo | 2025-01-11 | 저랑 먹는양이 넘 비슷하신 것 가타요!! 혹시 남은 거도 나중에 먹고 싶을 때 드시나요??
myeong_jonmatt | 2025-01-12 | 크림 낭낭한것점바….
colorfulsundays | 2025-01-12 | 오ㅏ 크림 진짜 많이 들어있네요!!
hj_foodie | 2025-01-13 | ㅠㅠㅠㅠ 이번 크림치즈빵 진짜 존맛이던데 🥹❤️
lavendersagejewelry1 | 2025-01-19 | What is that? That looks yummy?
loridhare | 2025-01-29 | Gross
a89925313qq | 2025-05-02 | 😍😍😍"
2025-01-08,10.8만,600만뷰 기념 맘스터치 핫치즈싸이순살 2탄🥰 다음엔 무엇을 먹을까요? 29주,"#맘스터치, #싸이순살, #치킨먹방, #치킨추천, #먹방asmr, #mukbang, #mukbangers, #mukbangasmr, #asmreating, #asmreatingsounds, #chicken, #mukbangkorea, #asmr, #야식추천, #처갓집양념치킨","berup_x | 2025-01-08 | ❤️
jini_zzin | 2025-01-09 | 치즈볼 존맛탱 인정요👏저도 원픽피👍🏻
wxalxx__ | 2025-01-08 | 레전드 치킨먹방이 돌아왔다👏🔥🤤
choi._.yummy | 2025-01-08 | 이거 저두 넘 조아해용😍
hyob_muk | 2025-01-08 | 넘무 맛잇러보이자나요
ruri.food | 2025-01-08 | ❤️❤️❤️
gge.juck | 2025-01-08 | 베릅님 진실의 미간 횟수 37회
100rang_food | 2025-01-08 | 아 안되겠다 맘스터치 치킨 첫경험하러가야겠다
jecr_et | 2025-01-09 | 연세우유레드벨벳크림빵이랑 레드벨벳 떡 맛있대요!!
korea_foodzone | 2025-01-08 | 아 배거파졋어요...
nowaneel | 2025-03-12 | 와진짜마싯겟다한입만여
moo_boza | 2025-01-08 | ㅋㅋㅋㅋㅋㅋㅋㅋ 아… 배민 켜야하나
mukbears | 2025-01-08 | 야밤에 소리머선일,,😢
mat_puri | 2025-01-08 | 이런 먹방 좋아요😍😍
k.0__0.yj | 2025-01-13 | @sihun0812 치킨 안사주냐?
bbaeetavo | 2025-01-09 | 맛이ㅛ겟다...많이 매운가여??
ruri.food | 2025-01-08 | 600만뷰 미쳐떠 소리에바야ㅠㅠㅠㅠ
flying._.rang | 2025-01-20 | @b_boraming 궁금함
son_s2 | 2025-04-04 | @hong_s.been 이거ㅜㅜ
mukjung_ | 2025-01-08 | 나지금 천국의계단타고있는제..주문한다배달..
hyangruby | 2025-01-10 | @_mijjang 아놔 또 먹고싶네
bonge_o0o_food | 2025-01-08 | 나 배부른데 왜 배고파...
jjong_mattang | 2025-01-08 | 하 배민삭제 해야되나 ㅠ
_jn.cxn | 2025-01-19 | 맛있겠은건 모르겠고 개이쁘다
ebytaputri | 2025-02-28 | 🤤
leeoh_review_ | 2025-01-09 | 안되게따 맘터 치킨 시켜야겠어,,
hyoyeon018 | 2025-01-10 | @726_ram00 오늘저녁 치킨 먹을래?
muk.seori | 2025-01-08 | 바삭한 맘터 지점 알려줘여,,
s._.shyang | 2025-01-10 | @pyogun 이거 아님 bbq
jj_sen__ | 2025-01-10 | @goooood_rain_
san_e_0 | 2025-01-12 | @dam_e_0 여기는 양념 소스 많이 주네 ㅡㅡ
sunnyhitaro | 2025-01-08 | eat creamy pasta ❤️
gym_joa | 2025-01-09 | 당신은 저의 팔로우 축복을 얻으셨습니다. 2025년에는 행운이 가득할 것
_ht.oha | 2025-03-01 | @_thzi_thwyy_
zsouxe | 2025-02-15 | @exx_jx1 @o6dtzxe @jx6mze
hotdor_s | 2025-01-08 | 아니 소리 미친놈이네
xhjjuuk76 | 2025-01-09 | 마딛겟다 ..
beringnuri | 2025-01-10 | @senti_jm ㅋㅋㅋㅋㅋㅋㅋㅋㅋㅋㅋ
beluvsick178 | 2025-01-08 | 🤤
jjuchelin_ | 2025-01-08 | 영상 보자마자 핫치즈싸이순살 주문각인데요😍😍❤️
eating_happily_ | 2025-01-08 | ㄹㅇ 요즘 핫치즈 너무 땡겨ㅠㅠㅠㅠㅠㅠㅠㅠㅠ 쿨타임 찼어,,🌟
h_mochi_bungeo | 2025-01-08 | 안먹어봤는데ㅠㅠㅠ츄베릅님 먹방보니 먹고싶어요😂😂
hj_foodie | 2025-01-08 | ㅠㅠㅠ이거 너무 맛있셔 🥹 먹는거보니까 또먹구싶댜...
mukrosee | 2025-01-08 | 아 요고 존맛이에오 ㅠㅠ
muk._.chuuru | 2025-01-08 | 와...배고파...
rara_muk | 2025-01-08 | 소리대박❤️
yome_foodie | 2025-01-09 | 와 대박 먹고시퍼여ㅠ❤️
food_zohaa | 2025-01-09 | 닭강정 사랑이잔ㄹ아요❤️❤️❤️
hyukfood | 2025-01-09 | 와 이거 밤에봤으면 ...난리났겠네뇨
zzinmattaeng | 2025-01-09 | 끄앙 맛있겠댜 ㅠㅠ❤️ 볼 때마다 넘 귀여우심 ,,
yumyum_report | 2025-01-09 | 저 맘터 치킨 한번두 안먹어봤는데 이거 보고 도전합니다…
ro_ro_0070 | 2025-01-09 | 아 맛있겠어요 자주뵙겠습니다 슨8하고 가용❤️❤️❤️
review_minday | 2025-01-09 | 와...바삭바삭 소리 미쳤어요..😢 🔥
js__1oo4 | 2025-01-09 | 싸이순살 됸맛 ㅜㅜㅜㅜㅜㅜ💛💛💛
hh.__.jin | 2025-01-09 | 소리가 쩐다,,
sowon_yam2 | 2025-01-09 | 킇ㅎㅎㅎㅎ진짜 맛나겠당ㅎㅎㅎ
ggam_food | 2025-01-09 | 오늘 맘스터치 터치합니다
j2ch.busan | 2025-01-09 | 아...... 소리 진짜........😂😂
heoheo8443 | 2025-01-10 | ㅜㅜ맛없어서놀람.. 이게 왜 유행인거지
_a_ni_ka_07_ | 2025-01-10 | at first glance I thought it's Giselle
sara__sara20252024 | 2025-01-12 | ❤️❤️
amimmd_88 | 2025-01-12 | به به😍
mays_a6962 | 2025-01-13 | 😮😍😍
mchll.nana | 2025-01-13 | 🔥
barber_shop_wale | 2025-01-17 | 😂
imeldaashelviana | 2025-01-17 | 💩
ayundhadsra_ | 2025-01-19 | 아기가 뭐예요?❤️❤️
0_0miwwa | 2025-01-19 | look so delicious🤤❤️
bellas_here4u | 2025-01-20 | That looks soooo good
m.mo0o00 | 2025-01-21 | @sxhx_24
ange_la12_15 | 2025-01-25 | ❤️❤️❤️❤️
syheo0126 | 2025-02-03 | @ggzung 맛이가 어떤가요 이거
d4n._.b1 | 2025-02-09 | 이거 그냥그럼
lvr.bec | 2025-02-10 | I’m gonna cry it looks so good
yuuna0.8 | 2025-02-16 | @b.trnh101
winterisinlove | 2025-02-22 | For a split second i thought it was Giselle from aespa
gaekolttak | 2025-02-22 | 많이 매운가요? 🔥
haram_sami28 | 2025-02-24 | Orange sauce name please?
t_b_o_19 | 2025-02-27 | ❤️❤️
ir.e_0 | 2025-03-05 | 맵기 어느정도에요??
1eeneral | 2025-03-10 | 젓가락질
2xoiirss | 2025-03-13 | @oioidaizove
midaapane | 2025-03-19 | 🔥
kang__jh_ | 2025-03-20 | @yoon__jk_
kang__jh_ | 2025-03-20 | @yoon__jk_
zahramohammadi1347 | 2025-03-27 | ..
zahramohammadi1347 | 2025-03-27 | 😅
biellanity | 2025-05-02 | .
biellanity | 2025-05-02 | .
biricik_kk09 | 2025-06-26 | Please eat mandu"
2025-01-05,3532,마시멜로우바 원조 시호쿠키의 한정판 디저트? 29cm에서 1/10까지 한정판매하는 2종세트 겟! 말차스트로베리퐁당 & 슈톨렌마시멜로우초코바 29주,"#시호쿠키, #간식추천, #디저트맛집, #슈톨렌, #마시멜로우초코바, #마시멜로우, #말차덕후, #말차디저트, #mukbang, #mukbangasmr, #mukbangers, #asmreatingsounds, #29cm, #말차, #dessert","berup_x | 2025-01-05 | ❤️
100rang_food | 2025-01-05 | 마시멜로우들어간거 진짜 너무 땡겨요😢😮
h_mochi_bungeo | 2025-01-05 | 유투브에서 넘어왔지유❤️ 식감 미쳤을거같아여ㅠㅠ마시멜로우
bee__yummy | 2025-01-05 | 소리 너무 좋아요ㅠㅠ❤️❤️
eating_happily_ | 2025-01-06 | 역시 시호쿠킨가..😍 단면 둘 다 레전드여..
space_look__ | 2025-01-06 | 와 좋은데여
ruri.food | 2025-01-08 | 헐 넘 꾸덕 달달 맛나게써....나두죠.....❤️❤️
foodie_hayena | 2025-01-07 | 소리 진짜 미치는데요…😮😍😍
sse_luv | 2025-01-05 | 완전 맛있겠어요😢
korea_japan3412 | 2025-01-05 | 오오오 너무 부드러워보여요ㅎㅎ
gge.juck | 2025-01-05 | 전 으른스러운 맛 먹어보고싶어요 한입만..
foo__zim | 2025-01-06 | 오오!! 이거 맛있겠다,,,대박 대박!
js__1oo4 | 2025-01-05 | 말차시트 찐해보여요🥺
review_minday | 2025-01-06 | 마쉬멜로우 바 맛있어보여요 !!😍
bonge_o0o_food | 2025-01-06 | 세상 꿀맛이겟넹,,,
ruri.food | 2025-01-08 | ❤️❤️❤️
d_t_muksta | 2025-01-05 | 크으…마시멜로우 들어간거 대박인데여..
muk._.chuuru | 2025-01-05 | 초코소리미챳...
zzinmattaeng | 2025-01-07 | 헐!!! 내 스타일이자나 ,, 저도 먹어봐야겠어오 ❤️
carolina.lobilla | 2025-01-05 | 👏👏
mukjung_ | 2025-01-05 | 어 엠 쥐~~~
churping_oo | 2025-01-05 | 바사삭❤️
leeoh_review_ | 2025-01-06 | 와 진짜 너무 맛있게 먹자나ㅠㅠㅠ
jeju.meokja | 2025-01-08 | 아,,, 이건 진쨔 맛없없이다❤️😍
foodminister_ | 2025-01-05 | 코히랑 먹구싶네ㅜㅜㅜ
jjong_mattang | 2025-01-05 | 야밤에 디저트는 너무하셨습니다 사과해주세요 ㅋㅋㅋㅋㅋ😂😂
sai_chungdam | 2025-01-07 | 오 먹고싶어요😍
rara_muk | 2025-01-06 | 완전 궁금한데요😍
junjun960820 | 2025-01-06 | 어디서 구입하죠?
muckza_zzae | 2025-01-05 | 마시멜로우 들어간거 미친덩"
2025-01-03,1만,해외틱톡에서 유행하는 대파크림치즈베이컨 만들기? 이거 뭔데;; 다음 음식은?!🥰 29주,"#대파크림치즈베이컨, #greenonion, #greenonioncreamcheese, #크림치즈, #먹방asmr, #간식추천, #mukbang, #mukbangasmr, #asmreatingsounds, #recipes, #mukbangers, #asmrfood, #야식추천","wxalxx__ | 2025-01-03 | 대파가 맛있어 보인적은 처음입니다…😳🤤🔥🔥🔥🔥🔥🔥🔥🔥🔥
dainnnni | 2025-01-06 | 대파를 진짜 살짝쿵 구웠으면 더 맛있었겠다요
81ackp0ny | 2025-01-03 | ㅎㅋㅋㅋㅋㅋ 왁 맛잇게따
100rang_food | 2025-01-03 | 찐 대피크림치즈베이컨 미쳐따😍
bottlejune__96 | 2025-01-04 | 헉 뭔가 맛나겠는걸요!?!?😮
chocossong2.26 | 2025-01-03 | 파격이다.. 그래도 맛은 조화로울 것 같은데용❤️
narye_zzang | 2025-01-03 | 파 안매워요?😂
jini_zzin | 2025-01-03 | 안익힌 생대파요?! 헐...베이컨 더 넣는게 문제가 아닐듯한....😂
yumyum_report | 2025-01-03 | 오 소리가 너무 좋아서 맛있게 느껴져요😮
parkseoyun854 | 2025-01-16 | 대파를 외국 꺼 써야 돼요!! 그래야지 않맵고 더 맛있거든요!
seoul__guide | 2025-01-04 | 파 매울 것 같아요 ㅠㅠ
miri_muk | 2025-01-03 | 으악 매울 것 같아요.. 통이라 물에 담궈도 매울듯도 하구여😢
mukbears | 2025-01-03 | 소리도라땈ㅋㅋㅋㅋㅋ안맵나오
mi.________.ni | 2025-01-06 | @tae._____.min 오때?
mat_puri | 2025-01-03 | 디게 맛있어보여요😮
golden_sang_ | 2025-01-03 | 와… 왜 맛있겠지ㅋㅋㅋ
lovewlgo7 | 2025-03-23 | @jisuvely_v 맛있겠는디
sysy9559 | 2025-01-04 | @euunhye1.3 대파구어서하면 존맛일듯
gge.juck | 2025-01-03 | 아니 진짜 그냥 대파일 줄이야……..😮
muk._.chuuru | 2025-01-03 | 아......내가...사줄게..어디야
seodragoning | 2025-01-07 | @alsjnxxs._.01 여보옹 문희는 이거 먹고시푼데 ~
nergo_ | 2025-01-04 | 대파인데 왜이렇게맛있게드세요???ㅋㅋㅋ🤍🤍 넘 취향저격 ٩(♡ε♡ )۶
dar_jeong_e | 2025-01-09 | 샐러리에먹어보고 싶드아
hajunmom_mh | 2025-01-05 | @hnr89 해바바
_02.o8 | 2025-01-09 | @04.2o_
sunnyhitaro | 2025-01-03 | Is it delicious?
s.a_lly29 | 2025-01-04 | 오옹
ronmam_ | 2025-01-23 | 입냄새 마니나겟다…..
mukjung_ | 2025-01-03 | 생대파야..?
gurww_crew_studio | 2025-01-05 | @november17____
ekaqlek0 | 2025-01-04 | 어디보니까 쪽파에다 하던데용?!!! ㅋㅋ
_____mh__2 | 2025-01-09 | @hh._.n
leeoh_review_ | 2025-01-04 | 와..이건 진짜 맛없없이다👏
_do.2_ | 2025-01-05 | 대파 통으로 구워서 해야 맛있어요
yxuo_n | 2025-01-09 | 베이글 빵집 가면 크림치즈, 파, 베이컨 들어가잇는데 겁나 맛잇음 @yeonang._x
wlmin_._._0o0 | 2025-01-19 | 대파 한국대파 말고 외국걸로 해야지 달달하고 맛잇다거햇는데
_d.won5 | 2025-01-05 | 우리는 대파에 말고 바게트에 어때욯ㅎㅎ?
hdjzjs877 | 2025-01-09 | 매울 거 같은데
jewelry00115 | 2025-01-03 | 대파를 살짝 익혀야 할거같아,,,😮 배아픔
moonchelin.chef | 2025-01-03 | 너무 맛나보이네요❤️
tastebuds__official | 2025-01-03 | 저두 이렇게 먹어볼래용❤️❤️
korea_foodzone | 2025-01-03 | 에에..?! ㅋㅋㅋㅋㅋ궁금하당
mukstar_md | 2025-01-03 | 베이글과 같이 먹고파요ㅠㅠ
berup_x | 2025-01-03 | ❤
seaa_koo | 2025-01-03 | ❤️
moo_boza | 2025-01-03 | 엥 이거 맞아요?? ㅋㅋㅋㅋㅋㅋㅋ 대파 살짝 데워 먹어도 맛있을듯여
js__1oo4 | 2025-01-03 | 이거 완전 신박한데여?🫢🫶🏻
wanteat._.eat | 2025-01-04 | 코 매워하는 게 킬포ㅋㅋㅋㅋㅋㅋㅋㅋㅋ 아 근데 진짜 맛있을 거 같아요,,, 토치로 겉에대파 구우면 더 맛있을 거 같아요😍
ming_foodie_ | 2025-01-04 | 어우 생대파네용ㅋㅋㅋㅋ
jjong_mattang | 2025-01-04 | ㅋㅋㅋㅋㅋ아 대파 먹을때 코 안매우셨나요;;?
hiro3_300 | 2025-01-05 | 너도 맛있어 보인다.
heogaeun242 | 2025-01-05 | 뒤에 베이글 어디갔쒁!
jeongheejin365 | 2025-01-06 | 대파를 끓는 물에 한번 데쳐서 하셨으면 안 매웠을 것 같아요. 🙂
90__ian | 2025-01-06 | 다음에 적양파로 해주시면 안될가요 덜매워서 맛있을거 같아요 🔥,,
aya_a_seraj | 2025-01-07 | It look tasty 🔥
ruri.food | 2025-01-08 | 요게 유행인거야..???? 넘 매워보이는뎈ㅋㅋ
zzinmattaeng | 2025-01-08 | 진쨔 맛있나요..? 🤔
yome_foodie | 2025-01-08 | 헉 근데 맵고 맛있을거 같아여❤️
hj_foodie | 2025-01-08 | ㅋㅋㅋㅋㅋ미쳤다🔥 생대파가 먹구싶은건 첨이야
moon_ctystal_power_action | 2025-01-24 | 저 대파 우리나라대파말고 해외대파 따로있어요 매운맛 없는거 그걸로 해야 달달하니 맛있데요
oiwkndnxjieoqmsncjk | 2025-01-26 | 우리나라 대파가 아니라 외국 대파 써야돼요..! 그건 매운맛 없고 달아요
whatthefuckitsmylife | 2025-02-13 | 외국대파는 안맵고 달아서 그거 써야해요
yuya_blossom | 2025-03-24 | @road_yujin 모야뮤야 나이거해됴 이거 그 마늘잎으로하묜 개꿀맛이게따
gaiasein | 2025-03-25 | leek 이겠죠..
sheep_ai.art | 2025-03-26 | 대파크림치즈 베이글의 하위호환
ji_hye46 | 2025-03-26 | ⁶
dearream | 2025-03-27 | 1
sengderella_ | 2025-04-01 | 이거 외국대파가 안맵고 달달한거라던대
simsim_lee_080 | 2025-04-03 | 구워서하면 존맛이겟는데
k62327113 | 2025-04-04 | 🔥❤️❤️❤️❤️❤️❤️❤️"
2025-01-02,1237,치즈 가득 신라면 컵라면볶음밥! 이거 만들어 본 사람?💕 다음 메뉴는요..더보기 29주,"#신라면, #컵라면볶음밥, #라면먹방, #먹방asmr, #mukbang, #mukbangasmr, #asmreatingsounds, #mukbangeatingshow, #야식추천, #치즈, #asmreating, #불닭","hj_foodie | 2025-01-02 | ㅠㅠㅠ치즈올린거 진짜 맛있겠따 츄베릅❤️
korea_foodzone | 2025-01-03 | 치즈 완전 취향저격 🤤🤤
ruri.food | 2025-01-02 | 아 배고파 나두먹을래 브이로그 기대돼❤️❤️
hh.__.jin | 2025-01-02 | 치즈 많아서 마음이 편해 ㅎㅎ
jini_zzin | 2025-01-02 | 와 이거 레알로 침고였어요!치즈까지 듬뿍 호사로워랏🧀💛
wxalxx__ | 2025-01-02 | 저도 꼭 해먹어볼게여🤤👍
jack93kim | 2025-01-02 | ㅋㅋㅋㅋ악 진짜 맛있겠다
gge.juck | 2025-01-02 | 오 좀더 매콤하게 먹으면 더 맛있을거 같긴해요!😮
js__1oo4 | 2025-01-03 | 치즈 듬뿍 첵오다💛💛
gur_wns | 2025-01-02 | 떳다 ! 내 고양이 🐱
berup_x | 2025-01-02 | ❤️
h_mochi_bungeo | 2025-01-02 | 먹방 기다리구있었쥬 츄베릅님 새해복많이받으세용
_zez_e__ | 2025-01-02 | 헐 요고 맛있나영❤️
yeoni_mukstar | 2025-01-02 | 우와 치즈 가득한 신라면 볶음밥 저도 먹어봐야겠어요!!
zlzlgkgk | 2025-01-02 | 꾸덕하니 존맛일듯요👏
moo_boza | 2025-01-02 | 치즈 가득 해서 좋은데여 ㅜ🙌
myeong_jonmatt | 2025-01-02 | 맛있게 잘 드신당
review_minday | 2025-01-02 | 저 만들어본적 있어요! 진짜 존맛탱 ㅠㅠ❤️ 치즈는 안넣어 봤는데 담에 만들면 치즈 넣어봐야겠네요 !,
taetae_foodie | 2025-01-02 | ㅜ이거 진짜 먹어보고싶어여
chocossong2.26 | 2025-01-02 | 치즈폭탄 늠 좋은데요😍😍😍
churping_oo | 2025-01-02 | 먹스럽다❤️
mukjung_ | 2025-01-03 | 한입이 작은거같은데 되게크시네여😮
laurent_busan | 2025-01-02 | 신라면 컵라면 보끔밥에 치즈 쭈악❤️
muk_joongsa | 2025-01-02 | 먹고싶다 이 달밤에,,, 새해 복 많이 받아용 공주❤️
themukeou | 2025-01-02 | 헐리 이거 존맛이야?
100rang_food | 2025-01-02 | 불닭으로 빨리가져오세요.
hihee.e | 2025-01-02 | 오호라 ㅋㅋㅋ 밤에 땡길때 먹어봐랴겠네용
zzinmattaeng | 2025-01-03 | 귀엽게 넘 잘 드시자나여,,😍😍
korea_japan3412 | 2025-01-02 | 떳다!! 기다리다가 목빠질뻔요 ㅠ
leeoh_review_ | 2025-01-02 | 아,, 진짜 먹는 소리 미쳤자나😂 베릅이 새해 복 많이 받아랑❤️
muk_marorong | 2025-01-03 | 치즈이불❤️❤️
teddy_zip_ | 2025-01-03 | 우아 치즈 무슨일이에여😍
yome_foodie | 2025-01-03 | 와 치즈 가득 올려서 존맛이겠어요❤️❤️
jeju.meokja | 2025-01-03 | 만들어먹어봐야겠는데요😍😍
ggam_food | 2025-01-03 | 야식으로 순삭각이겟어여❤️
rara_muk | 2025-01-03 | 치즈 가득 너무 맛있겠어요😍
kkutti_h | 2025-01-03 | 치즈 두배로 넣고 만드로야지..😮
jjong_mattang | 2025-01-03 | 똥손인데 이거 만들기 어려울까요!?
gu_butter_liebe | 2025-01-03 | 소리미쳣다;;
food_writer_jw | 2025-01-04 | 헌터퐝 버전 츄베릅도 해쥬세여
ilijuo_ | 2025-03-28 | ❤️❤️❤️❤️❤️
ilijuo_ | 2025-03-28 | ❤️❤️❤️❤️❤️"
2024-12-27,5.2만,굽네 고추바사삭 순살에 불닭볶음면 먹기🫶🏻 다음엔 무엇을 먹을까요? 30주,"#굽네, #고추바사삭, #굽네치킨, #chicken, #치킨추천, #치킨먹방, #먹방asmr, #mukbang, #mukbangasmr, #mukbangers, #asmreatingfood, #야식추천, #불닭볶음면, #mukbangkorea","wxalxx__ | 2024-12-27 | 와 어제 고추바사삭 생각나던데 딱 알고 먹어주셨네요 감사함니다😃
tastebuds__official | 2024-12-27 | 이 조합 무조건 맛나겠어융😍😍
berup_x | 2024-12-27 | ❤️
dr.hyo0131 | 2024-12-29 | 불닭 먹고 싶다 고추바삭 치킨 일주일 전부터 먹어보고 싶다 먹어 보고싶다 주문을 왜 웠는데~~ㅋㅋㅋ제 마음속에 들어 오셨나용~~^^매운거는 사랑이죠~~
jini_zzin | 2024-12-27 | 매운거+매운거 대박 잘드신다는!근데 소식좌 맞아요?!
ggam_food | 2024-12-27 | 군침싹도네여🔥 어플켯오요🙌
h.elio_t.rope | 2024-12-27 | 크으~~~~~
muckza_zzae | 2024-12-27 | 최애치킨이 고바삭이구나ㅠㅠ바삭하니 맛나겟댜,,0
mukjung_ | 2024-12-27 | 아올만에 고바삭땡기네ㅜㅜㅜ
s.a_lly29 | 2025-01-03 | 언니 진짜 치킨 잘드시네용!❤️👻
jjong_mattang | 2024-12-27 | 다음 요리 UFO 라면 해주세요 👏
gge.juck | 2024-12-27 | 아 잠만 이시간에 진짜 이거 반칙.
jeon._sj | 2024-12-30 | 이사람..귀엽다...
hotdor_s | 2024-12-28 | 고바순까진 헤비해서 타코야끼에 불닭 시켰다
eodudqkqh | 2025-01-11 | @elin_.song 맛있겠다
skrrsua1111 | 2025-04-16 | 굽네보단 bhc인데😂😂
anggraininfe | 2025-01-19 | @j.ieyyy garai lue fyp mukbang😢
zampana_ | 2025-01-06 | 헐헐ㅜ
4j1pud | 2025-01-07 | 너무이쁘심 ㅠㅠㅠ
teddy_zip_ | 2024-12-27 | 고추바사삭 넘 조아해요❤️
h_mochi_bungeo | 2024-12-27 | 저도 고추바사삭 최애치킨중 하나에요ㅠㅠㅠ
leeoh_review_ | 2024-12-28 | 지금 일본인데 한국 가자마자 불닭에 고추바사삭 먹는다!!
hh.__.jin | 2024-12-28 | 고바순 사랑해,, 소리 예술이네
js__1oo4 | 2024-12-28 | 고바랑 불닭조합 너무 좋네오💛
bang__road | 2024-12-28 | 조합 굿 이네요
review_minday | 2024-12-28 | 아..츄베릅님..배고파여ㅓ..😢
rara_muk | 2024-12-28 | 이 조합 궁금😍
eating_happily_ | 2024-12-28 | 역시 불닭은 전자렌지여~~~ 다음엔 마라 고!🔥
themukeou | 2024-12-28 | 오우야 내사랑 고추바사삭🙌
laurent_busan | 2024-12-28 | 고추바사삭에 불닭 ㅠㅠㅠ 완전 땡겨요
hid_zip | 2024-12-28 | 결심햇습니다..오늘 야식을…
sunny_fw_ | 2024-12-29 | 불닭쿨타임돌아여😍😍
gur_wns | 2024-12-29 | 기욥네
_kkumaaaaa | 2024-12-29 | 젓가락질이특이하시다
sh._.930921 | 2024-12-30 | 현재 시각 새벽 2시 57분... 못볼걸 보고야 말았다 (꼬르륵) 😂
wanteat._.eat | 2024-12-30 | 어후 불닭에 고추바사삭은 ㅠㅠㅠㅠㅠㅠ 진짜 인정이요😍
j2ch.busan | 2024-12-30 | 아 세상에....... 고추바사삭 내일 연말 파티로 시켜먹어야할까봐요😂😂
hoseyni4033 | 2024-12-30 | 🔥🔥🔥😍😍😍🔥🔥🔥😍😍😍🔥🔥🔥😍😍😍🔥🔥🔥😍😍😍🔥🔥🔥😍😍😍🔥🔥🔥😍😍😍🔥🔥🔥😍😍😍🔥🔥🔥😍😍😍🔥🔥🔥😍😍😍🔥🔥🔥😍😍😍
siri_us_lab | 2025-01-02 | 맛나보여융 ❤️
alyaa_718 | 2025-01-05 | gw kesasar cok😂
uniico0orn | 2025-01-06 | ngiler🔥
qpqp1221qpqp | 2025-01-09 | 몇일x며칠o
avalora_0000 | 2025-01-15 | i個skin
sabais6 | 2025-02-08 | دلم خواست
gaekolttak | 2025-03-07 | 고추바사삭 치킨은 고추맛만 나나요?
pastels_83 | 2025-03-13 | ❤️❤️
ksh0_127 | 2025-03-26 | 매운거 잘 드세요....?
aboutmaryam.be | 2025-03-28 | ❤️
k62327113 | 2025-04-03 | ❤️❤️❤️❤️❤️
falutdavongsanty | 2025-05-20 | 😮😮😮"
2024-12-26,874,익선동) 따뜻한 소보로빵은 처음이다 <빻> 따뜻한 소보로빵에 버터를 넣어주는 곳🫶🏻 핫보로를 주문하면 따뜻한 빵을 바로 꺼내 버터를 넣어주는데 고소함 미쳤🫶🏻 통팥이랑 카이막도 발라먹을 수 있어서 안물리고 계속 먹을 수 있음🫶🏻 거북이 모양으로 생긴 메론크림 슈보로랑 단호박크림치즈가 꾸덕하게 든 깨보로도 완전 추천🫶🏻 여기서 파는 단짠미친 소금 빻 우유랑 먹으면 고냥 행복🫶🏻 📍#빻 📍 서울 종로구 돈화문로11다길 40 1층 ⏰ 매일 10:30-21:00 (L.O 20:00) 30주,"#광고, #익선동맛집, #익선동카페, #익선동데이트, #익선동맛집추천, #빵지순례, #소보로빵, #먹방asmr, #디저트맛집, #mukbang, #mukbangers, #mukbangasmr, #asmreatingsounds, #먹방유튜버","magoo_wagoo | 2024-12-26 | 으왕ㅠㅠ 맛나보여요
eating_happily_ | 2024-12-26 | 여기 핫보로 진짜 개존맛이지ㅠㅠㅠㅜ
100rang_food | 2024-12-26 | 카이막꿀조합이 진짜 레전드다😍
jameslee0911 | 2024-12-26 | 와 메론크림 취저네여❤️
js__1oo4 | 2024-12-26 | 아아랑 먹으면 찰떡이겠오요❤️❤️
yome_foodie | 2024-12-26 | 소보로 존맛이겠어융❤️❤️
mukdang0 | 2024-12-26 | 소보로 츄베릅 ❤️
jini_zzin | 2024-12-26 | 우리의 첫만남과 추억의 빻!! 소보로의 끝없는 변화무쌍!
seoul__guide | 2024-12-27 | 진짜 맛있겠네요!!
mukchoding | 2024-12-26 | 와 요거 넘 먹고파요😮😮
berup_x | 2024-12-26 | ❤️
hihee.e | 2024-12-26 | 헐ㅋㅋㅋ메론빻 맛나게쏘료❤️❤️
muckza_zzae | 2024-12-26 | 고소달달 맛잇겍다ㅜㅜ
sse_luv | 2024-12-26 | 너무 맛있어보여요,,🥹
review_minday | 2024-12-26 | 헉..거북이 멜론빵 졸귀잖아요ㅠㅠ!!😍😍
h_mochi_bungeo | 2024-12-26 | 저 순간 가게명보고 오타인가했어욬ㅋㅋㅋㅋ 저도 가볼래요 빵순이 바로🙌🙌
tttt.yeon_ | 2024-12-26 | 따뜻한소보로궁금해용😍
d_t_muksta | 2024-12-26 | 오호라? 카이막꿀조합 좋은데옇ㅎㅎㅎ
ruri.food | 2024-12-26 | 빻이라니 신기햌ㅋㅋㅋ
chocossong2.26 | 2024-12-26 | 여길 갔어야했는데!!! 넘 맛있겠어요❤️❤️❤️
muk_joongsa | 2024-12-26 | 맛있겠다ㅠㅠㅠㅠ 빻!! 저장 완려❤️
korea_foodzone | 2024-12-28 | 세상에ㅜㅜㅜ빵돌이 눈돌아ㅏㄱ요
muuk.dda | 2024-12-27 | 앙버터 미챴닥!!!!
gge.juck | 2024-12-26 | 카이막 꿀 피스타치오 걍 미쳐버려요 진짜😮
moo_boza | 2024-12-26 | 이런 소보로 빻은 처음보ㅓ여 ㅋㅋㅋㅋㅋㅋㅋ
mukrosee | 2024-12-26 | 아 버터 넣는거 미쳤네요..
hh.__.jin | 2024-12-26 | 소리 미쳤다,,
golden_sang_ | 2024-12-26 | 빵돌이도 가도 돼요?
leeoh_review_ | 2024-12-27 | 빵순이인데 여기 가봐야게따
muk.seori | 2024-12-26 | 메론크림… 역시 입에묻히면서 먹어야 제맛
dog.matdori | 2024-12-27 | 익선동 여기 사람진짜엄청많음ㅠ
bbat.official | 2024-12-26 | 저희 핫보로 맛있게 드셔주셔서 감사합니다🤎
rara_muk | 2024-12-27 | 빵수니 당장 가고파요😍"
2024-12-23,1164,피스타치오 때려박은 이웃집통통이 피스타치오 슈톨렌!💕 미리 메리크리스마스🎄 31주,"#이웃집통통이, #슈톨렌, #피스타치오슈톨렌, #피스타치오, #stollen, #크리스마스, #christmas, #빵지순례, #디저트먹방, #먹방asmr, #간식추천, #디저트맛집, #mukbang, #mukbangasmr, #mukbangkorea, #asmreating, #asmreatingsounds, #dessert","taste_filer | 2024-12-23 | 으앙!! 먹고싶어용❤️
jjuchelin_ | 2024-12-23 | 통통이는 진짜 믿먹 😍😍 요것도 당장!!🩷🩷
hyob_muk | 2024-12-23 | 피스타치오!! 이거궁그매영❤️
gge.juck | 2024-12-23 | 슈톨렌 사랑하는데 피쵸슈톨렌도 너무 궁금해요 ㅜㅜ
berup_x | 2024-12-23 | ❤️
mukdang0 | 2024-12-23 | 통통 츄베릅❤️❤️
rosegold_0108 | 2024-12-24 | 우와 👏👏 먹어 보고 싶은 슈톨렌😍😍
blur_eats | 2024-12-23 | 피스티치오만 해도 어마어마하게 들었네요!!!
ruri.food | 2024-12-23 | 🔥🔥🔥
ruri.food | 2024-12-23 | 나도사줘❤️
sowon_yam2 | 2024-12-23 | 단면 왕신기해용❤️❤️
muk._.chuuru | 2024-12-23 | 통통이다😍
jjong_mattang | 2024-12-24 | 베릅님 마이크 오른쪽이 찌그러진거 같은데 기분탓 인가요;;?
muckza_z2a2 | 2024-12-23 | 왕꾸덕달달쓰❤️
sudandelion_ | 2024-12-24 | @imgwonha 헐 우리 봤던 거
dokkkiee | 2024-12-23 | 징짜 먹어보고싶다,,, 꾸덕꾸덕 ㅜ
0.0illll | 2024-12-23 | 크리스마스 이제 하루 남았으니까 한입에 넣으면 되겠당😋
hj_foodie | 2024-12-23 | 와 겉에 피스타치오 장난아니다 🥹 왕꼬소 그잡채
muk_joongsa | 2024-12-23 | 와 피스타치오 완전 박혀있네옄ㅋㅋㅋㅋㅋ
golden_sang_ | 2024-12-23 | 우유도 먹어 주세요!!!
leeoh_review_ | 2024-12-23 | 와ㅠㅠ 피스타치오 그냥 통으로 박혀있넹
mukjung_ | 2024-12-23 | 직접만든빵도 먹방해주세요
korea_japan3412 | 2024-12-23 | 떨어진 부스러기는 제가 챙겨갈게요(주섬주섬)
hemonboni | 2024-12-23 | 처음에 오이케잌인줄알고 들어왔다
hihee.e | 2024-12-23 | 미쳤당 피타 조어요❤️
laurent_busan | 2024-12-24 | 피스타치오 슈톨렌 궁금하네요😮😮
chocossong2.26 | 2024-12-24 | 피스타치오 폭탄❤️ 완전 맛도리😍😍😍
js__1oo4 | 2024-12-24 | 꼬숩꼬숩 바삭바삭💛
rara_muk | 2024-12-24 | 이 슈톨렌 궁금❤️
yome_foodie | 2024-12-24 | 와 피스타치오 슈톨렌 대박이에여❤️
food_zohaa | 2024-12-24 | 캬아 당장 먹을래요❤️❤️
moo_boza | 2024-12-24 | 피스타치오 겁나 박혀있네여..?
ggam_food | 2024-12-25 | 크리스마스에 어울리는 먹방❤️
review_minday | 2024-12-26 | 빵 맞나요?? 완전 쿠키 소리 그자체인데요?? 😮
1onefood_ | 2024-12-26 | 이고이거…. 제취향이예용 ㅠㅠ"
2024-12-20,2.2만,연어랑 육회는 사랑이죠💕 육회초밥까지! 다음엔 무엇을 먹을까요 ? 31주,"#연어, #연어먹방, #육회, #육회먹방, #연어맛집, #먹방asmr, #초밥먹방, #mukbang, #mukbangasmr, #mukbangvideo, #mukbangers, #mukbangkorea, #mukbangshow, #asmreating, #asmrfood, #야식추천","berup_x | 2024-12-20 | ❤️
1onefood_ | 2024-12-20 | 크으으 꿀조합 인정입니당😍
jjuchelin_ | 2024-12-20 | 연어와 육회 조합,, 이거 보자마자 배민 켰어요🥹🥹🧡
ghir_jae | 2024-12-20 | 개꿀조합
korea_foodzone | 2024-12-20 | 야식먹고싶다,,
mukstar_md | 2024-12-20 | 오늘도 소리 미쳐버료ㅠㅠ❤️
hyob_muk | 2024-12-20 | 이시간에 ㅠㅠ연어육회에 소주땡기네요
adelakhoiru | 2024-12-23 | ingusnya keliatan
x_ha.o | 2025-04-03 | 어뜩해 내가 젤좋아하는 음식을 서꺼머거
vyvuvkk | 2025-02-14 | 콧물인지 좀 신경 쓰인다
bbi_bbo112 | 2024-12-20 | 존맛이겠다 ㅠ
f.ood12 | 2025-04-06 | 와 잠만 언니 나 지금 마트가?
sowon_yam2 | 2024-12-20 | 두 조합 조아용❤️❤️
gge.juck | 2024-12-20 | 연어랑 육회를 뛰어넘을 조합 찾고싶다..
eating_happily_ | 2024-12-20 | 아 단백질 야무지다❤️ 대만족😍
ggam_food | 2024-12-20 | 쏘주가필요해요 ㅠㅠ
siso_father | 2024-12-20 | 연어랑 육회 너무 맛있겠어요 😍
jini_zzin | 2024-12-20 | 흑임자소스 육회조합 좋은디요?!🖤
muk.seori | 2024-12-21 | 날치알 쏟는겈ㅋㅋㅋㅋㅋㄱㅇㅇ..
mukrosee | 2024-12-21 | 연어 육회는 말모죠❤️❤️
mukjung_ | 2024-12-21 | 아저거진짜존맛 ㅠㅠ나도사왔어
teddy_zip_ | 2024-12-21 | 연어 육회 조합 사랑이에요❤️❤️
muckza_zzae | 2024-12-21 | 와 조합 미친다ㅜㅜ
tastebuds__official | 2024-12-21 | 육회 진짜 맛나보이네요❤️😍
rara_muk | 2024-12-21 | 침고여요😍
mukchoding | 2024-12-21 | 소리 대박😮😮❤️
1_kkomadol | 2024-12-23 | 와..... 넘 먹스러우어여어어엉🙌
ta_ranom63 | 2025-01-01 | 👎
linaaallache | 2025-01-03 | I love you ❤️
zahrasadat_tayyebi6570 | 2025-01-09 | خام
melika_26630 | 2025-01-30 | 🤢🤢🤢🤢
christylee5688 | 2025-02-28 | 🔥
gaekolttak | 2025-03-07 | 저는 연어에 초장 찍어먹는걸 더 좋아해요. 간장도 좋은데 너무 짜서요😅
o3o.vly | 2025-03-14 | 판매처좀용
zaniranitabar | 2025-03-18 | Please be careful with the meat.
is_.yen0 | 2025-06-11 | 여기 연어바른육회 아닌가요!!!???"
2024-12-19,442,건빵7개 1분안에 먹기가 어렵다고? 31주,"#건빵, #건빵챌린지, #군대, #먹방asmr, #먹방유튜버, #mukbang, #mukbangers, #mukbangasmr, #asmreating, #mukbangkorea, #챌린지","ruri.food | 2024-12-19 | 아궁 귀여웤ㅋㅋㅋ실패애😂😂
eating_happily_ | 2024-12-19 | 아닠ㅋㅋㅋㅋ 우유 없이 어케 되냐고요ㅠㅠ
jini_zzin | 2024-12-20 | 침샘 터지는 사람만 도전가능할듯요!!오늘 반가웠어요!!ㅋㅋ
berup_x | 2024-12-19 | ❤️
chocossong2.26 | 2024-12-20 | 저도 안될듯요 ㅎㅎ 😂😂😂 상상만해도 목이 매여오고 ㅋㅋㅋ오물오물 건빵 먹빵하는거 너무 귀여워요^^
bottlejune__96 | 2024-12-20 | 음... 한번 도전해봐야 알것같아욬ㅋㅋㅋㅋㅋㅋ😂
moo_boza | 2024-12-19 | 저는 가능 ㅋㅋㅋㅋㅋㅋㅋㅋ
yome_foodie | 2024-12-20 | 오 이 도전 신박한데옄ㅋㅋㅋㅋㅋ
hyob_muk | 2024-12-19 | ㅋㅋㅋㅋㅋ저 초딩때 이거 도전해봣는데 실패했아여..
muckza_zzae | 2024-12-19 | 실패애애야😮😮
100rang_food | 2024-12-19 | 악 목맥혀..😢
mukstar_md | 2024-12-20 | 악 우유 시급해요ㅠㅠ😂😂어려운 거였구나,,,
bonge_o0o_food | 2024-12-19 | 보기만해도 물마려워ㅠㅋㅋㅋㅋ
mukjung_ | 2024-12-20 | 오 생각보다안대네ㅠ 댈주랑ㄹ앗어
miri_muk | 2024-12-19 | 으윽 진짜 맨입에는 어려울 것 같아요
yam_yam_ping | 2024-12-20 | 신기행!!!!
igsoeykhd | 2024-12-19 | 쌉가능
jjong_mattang | 2024-12-19 | 군대 한번 다녀오면 40초 안에 가능해요 베릅닙 ㅋㅎㅋㅎ
yucangwoo | 2024-12-19 | 스근하죠 50초면 가능
hotdor_s | 2024-12-19 | 식고문 ptsd오네;;
gge.juck | 2024-12-19 | 제가 한번 도전해보죠
leeoh_review_ | 2024-12-19 | 다시 재도전 해줘!
wangseungyun63 | 2025-03-07 | 누나 건빵5개를 30분안에 먹을수있는지 해줘
golden_sang_ | 2024-12-20 | 제가 한 12개 까지 먹었었나.."
2024-12-18,1126,바쟉바쟉 소리 미친 소금빵 asmr 유명한 빵집의 소금빵은 어땠냐면요..(영상에) 32주,"#소금빵, #소금빵맛집, #빵지순례, #빵집맛집추천, #saltybread, #먹방asmr, #디저트맛집, #아티스트베이커리, #안국맛집, #안국카페추천, #mukbang, #mukbangasmr, #mukbangers, #mukbangvideo, #mukbangkorea, #asmreating, #asmreatingsounds, #asmreatingshow","eating_happily_ | 2024-12-18 | 소리 미쳐따ㅠ 소금빵 너므 조아❤️❤️
muko_die | 2024-12-19 | 왘ㅋㅋㅋㅋ진짜 소리 너무 바사삭😍
jjuchelin_ | 2024-12-18 | 반질반질한 소금빵 킥이에요😍😍❤️
berup_x | 2024-12-18 | ❤️
100rang_food | 2024-12-18 | 에프돌려서 야무지게드셨네😮
yome_foodie | 2024-12-19 | 소금빵 소리 미쳤다ㅠㅠ❤️
ruri.food | 2024-12-18 | ❤️❤️❤️
gge.juck | 2024-12-18 | 하 또 제 소금빵 맛도리 알려드려야하나요😮
dr.hyo0131 | 2024-12-24 | 소리가 미쳣내요~~바삭 바삭~~겉바삭 속은 촉촉~~^^지금 너무 배가 고파서 어쩔줄 모르고 있는대 급~~배고파지내요
j2ch.busan | 2024-12-19 | 소리.......... 미쳐요 미쳐😂😂
jini_zzin | 2024-12-19 | 소리 대박 아티스트 아직도 못먹어봤는데 궁금해요
hj_foodie | 2024-12-18 | 소리 미쳤어,,, 계속 보게 되쟈나 🥹
hyob_muk | 2024-12-18 | 하 소리미치네요..
mat_puri | 2024-12-18 | 와 바삭한 소리 대븍….😍
moo_boza | 2024-12-18 | 소리 좀 주세여 ㅋㅋㅋㅋㅋㅋㅋ 배고플 때 듣게
busan_delicious_diary | 2024-12-19 | 캬 귀 호강하네요 👏
korea_foodzone | 2024-12-19 | 사운드 미쳣다....
jjong_mattang | 2024-12-18 | 귀에 이어폰도 피어싱인줄 알았어요 ;;ㄷㄷ
sowon_yam2 | 2024-12-18 | 소리너무조아여 ㄷㄷ
kaory1004 | 2024-12-18 | 여기 소금빵 최애요 저는 프레첼 소금빵이 젤 맛있더라고요 😍
leeoh_review_ | 2024-12-19 | 소리 진심 너무 조타ㅠ
ruri.food | 2024-12-18 | 소리진짜 미쳐따....대존맛일듯😍
mukjung_ | 2024-12-18 | 너왜살빠뎠어!
jimingim664 | 2024-12-19 | 소금빵을 즐기는 모습이 어딜봐도 너무나도 예쁘고 아름답고 사랑스러운 공주님이었어요🤗🥰😻😇😍💖💕
js__1oo4 | 2024-12-19 | 바삭바삭 소리 미쳐따,,,🫶🏻
bonge_o0o_food | 2024-12-18 | 마이크 왜 찌그러져떠ㅠㅠ"
2024-12-16,564,풍자도 반한 오리고기집? <골목집> 풍자 또간집에 나왔던 곳 웨이팅 필수인 오리고기 맛집 오리불고기를 다들 먹던데 오리주물럭이 찐임🫶🏻 매콤한데 오리기름 좔좔 고소하니 술도둑🫶🏻 오리감자탕은 건더기도 실하고 국물이 몸보신으로 딱🫶🏻 오감탕으로만 술 뿌시기 쌉가능🫶🏻 날치알 가득 볶음밥에 치즈추가는 못참죠? K디저트까지 야무지다🫶🏻 📍#골목집 📍 서울 영등포구 도림로139가길 11-1 1층 골목집 ⏰ 매일 11:00-22:30 ‼️월요일 휴무 32주,"#문래맛집, #문래동맛집, #문래창작촌, #문래동핫플, #오리고기, #오리고기맛집, #먹방asmr, #먹방여행, #mukbang, #mukbangeating, #mukbangeatingshow, #mukbangasmr","cho_muck | 2024-12-16 | 오리주물럭에 감자탕까지❤️❤️소주생각절로납니다
d_t_muksta | 2024-12-16 | 이건 진짜 맛없없 아닌가요!!???최고다😍😍
yeoni_mukstar | 2024-12-16 | 오리주물럭 매콤야들하니 완전 밥도둑일 것 같아요🔥🔥
sse_luv | 2024-12-16 | 너무 맛있어보여요,,😂
mukddo_muk | 2024-12-16 | 와ㅠㅠ소맥 각이에유
100rang_food | 2024-12-16 | 만석에 웨이팅 뚫고가겠습니다😮
jjuchelin_ | 2024-12-16 | 오리주물럭에 오리감자탕까지 술이 술술 들어갈고가타요😍😍❤️
berup_x | 2024-12-16 | ❤️
bonge_o0o_food | 2024-12-16 | 여기 존맛탱,,,
mukjung_ | 2024-12-16 | 여기존맛 ㅠ
jack93kim | 2024-12-16 | 아 ..여긴 제가 단골로써 말씀드리자면 주방 뒷편에 비밀의방(룸)이 하나 있음. 6인 이상은 그 비밀의방(룸)을 미리 예약할 수 있음.. 웨이팅 없이도 말이쥣...😍 주물럭도 맛있지만 여긴 오감탕에 소주 2병 가능한 맛집 ㅇㅈ
jjong_mattang | 2024-12-16 | 와씨.. 주물럭 개맛나겠다
busan_delicious_diary | 2024-12-16 | 크 오리고기 좋아요❤️
korea_japan3412 | 2024-12-16 | 오리쥬물럭 미쳣덕
muckza_zzae | 2024-12-16 | 존마탱이겟자낭 ㅜㅠㅠ소주각 ㅜㅜ
ruri.food | 2024-12-16 | 요기진짜 대대대대존맛❤️❤️
mukbears | 2024-12-16 | 양념때깔에 부추 같이 볶아주는거 죰치네오 이집..
mukrosee | 2024-12-16 | 오리고리 너무 조아요 ㅜㅜ
mukstar_md | 2024-12-16 | 오리주물럭 먹고파요ㅠㅠ❤️
matzip_hyena | 2024-12-16 | 주물럭 못참아요 킁킁츄베릅 🔥
famousrestaurant7 | 2024-12-16 | 여기당당
misick.mag | 2024-12-16 | 주물럭 미쳤네,,
jack__foodie | 2024-12-17 | 풍자도 반할만하다🙌🙌
jini_zzin | 2024-12-17 | 오리주물럭에 감자탕까지!!❤️
taetae_foodie | 2024-12-17 | 여기 진짜 찐맛이자나여😮
ggam_food | 2024-12-17 | 쏘맥각이네여🔥
rara_muk | 2024-12-17 | 오리고기 침고여요❤️
hh.__.jin | 2024-12-17 | 오 맛있어보여 ㅠ…!!!!!!! 볶음밥도 쥑이네
leeoh_review_ | 2024-12-17 | 치즈볶음밥 무조건 먹고와야지👏
eating_happily_ | 2024-12-17 | 볶음밥에 치즈 미쳐따ㅠ
js__1oo4 | 2024-12-17 | 캬..양념 찐이네여🫶🏻🫶🏻
chocossong2.26 | 2024-12-17 | 크❤️ 오리주물럭 보니까 급 술 땡겨요😍😍😍
kim_nyamsik | 2024-12-17 | 또간집은 믿먹❤️
muk_captain_ | 2024-12-17 | 골목집 츄베릅
myeong_jonmatt | 2024-12-17 | 오리에 소맥…. 끝났다
yome_foodie | 2024-12-17 | 오리불고기 너무너무 맛있어보여요ㅠㅠ❤️
mtfam1026 | 2024-12-17 | 몸보신하는날이네요😍😍 오리고기쵝오👏👏
jameslee0911 | 2024-12-17 | 아무리 배불러도 볶음밥은 필수죠❤️
1onefood_ | 2024-12-17 | 오오 여기 가보고싶어용
eat_iiiiing | 2024-12-17 | 와, 진심 내일 퇴근은 여기로 합니다 🔥🔥 말리지 마세요!
golden_sang_ | 2024-12-17 | 오 여기 가야겠다!! 볶음밥 말모~
hye_foodie_ | 2024-12-18 | 오 대박,,, 6명모아서 비밀의룸으로갈게여,,,,
hj_foodie | 2024-12-18 | ㅠㅠㅠ오리주물럭 진짜 맛있어보인다 🥹 볶음밥까지 츄베릅"
2024-12-15,3461,요청하신 튤립국물닭발 뿌시다가 뿌셔질 뻔 했습니다.. 32주,"#튤립닭발, #국물닭발, #윤이불닭발, #닭발, #닭발먹방, #먹방asmr, #닭발맛집, #mukbang, #mukbangasmr, #mukbangers, #mukbangkorea, #asmr, #asmreating, #asmreatingsounds, #mukbangeatingshow, #야식추천, #chickenfeet","magoo_wagoo | 2024-12-15 | ㅠㅠ튤립닭발이 먹기도 제일 쉽고 좋더라구요😮
81ackp0ny | 2024-12-16 | ㅠ 진짜 닭발까지 최고다 ㅠㅠㅠㅠㅠ🤤
hj_foodie | 2024-12-15 | 나 튤립닭발 진짜 사랑이쟈나🥹 야식땡긴댜
muk_jjiyom | 2024-12-15 | ㅜㅜㅜ아 ㅠㅠ 이런 ㅠㅠ 넘 맛잇겟다요😍
jack93kim | 2024-12-15 | ㅋㅋㅋ진짜 😍😍😍😍😍😂
berup_x | 2024-12-15 | ❤️
jjuchelin_ | 2024-12-15 | 튤립닭발에 당면은 진짜 못참아버리죠😍😍 뜨헉
ruri.food | 2024-12-15 | 나여기 넘조아해..😍
korea_foodzone | 2024-12-15 | 닭발 뿌시고싶당!
bonge_o0o_food | 2024-12-15 | ㅋㅋㅋㅋ진짜 너무 맛잇겟다,,,오늘 닭발 먹을걸 ㅠ
muckza_z2a2 | 2024-12-15 | 마요네즈 콕콕❤️❤️❤️
miri_muk | 2024-12-15 | 오 닭발 진짜 맛나겠어요
hihee.e | 2024-12-15 | ㅋㅋㅋㅋ어우닭발 먹도파오❤️❤️
jjong_mattang | 2024-12-15 | 당면 들다가 국물 튀는거 ㄹㅇ 현실고증 ㅋㅋㅋ🙌
ruri.food | 2024-12-15 | 아ㅜ존나마싯겟다 미친다
yam_yam_ping | 2024-12-15 | 닭발 땡긴다ㅜㅜㅜㅜ 닭발엔 역시주먹밥이랑 같이먹어야져
100rang_food | 2024-12-15 | 맵크나이트 출동합니다😮
wxalxx__ | 2024-12-15 | 🥇가지세요🤤
kkutti_h | 2024-12-15 | ㅋㅋㅋ기욤
youbbangbbang | 2024-12-15 | 앗 소주가 빠졌오요..‼️
muk.seori | 2024-12-15 | 발골왕 ㅇㅈ.. 계란찜 호로록 넘기는거 왜케 좋지
sseoyeon122 | 2025-02-15 | @0r.__.h
gge.juck | 2024-12-15 | 여기 튤립닭발 진짜 꼬들하고 맛있는데 ㅜㅜㅜ 아 침고여요
muk._.chuuru | 2024-12-15 | 튤립닭발이 제일맛잇어😮
matzip_hyena | 2024-12-16 | 튀었다 😂😂 닭발귀신 여기여 🔥🔥
gyunyami | 2024-12-16 | 하,, 이 시간에 닭발영상을 봐버렸😂
sse_luv | 2024-12-16 | 야식으로 너무 땡겨요ㅠㅜ
mukjung_ | 2024-12-16 | ko~~ 우리그때 강남서 당면넣지않앗오?
ggam_food | 2024-12-16 | 닭발 완전 실하네여❤️
golden_sang_ | 2024-12-16 | 늦은시간에 위험한 영상이다.. 근데 눈밑에 소스 묻었어요
d_t_muksta | 2024-12-16 | 날치알 주먹밥까지❤️❤️❤️ 소주땡기네여
ddonge_e_ | 2024-12-16 | 으악 주먹밥에 양념 찍먹 필수예요❤️
leeoh_review_ | 2024-12-16 | 아니 먹는 소리 진짜 식욕자극 대박이야!
tastebuds__official | 2024-12-16 | 닭발 엄청 부드러워보여요😮😍😍
rara_muk | 2024-12-16 | 닭발땡겨요😍
qbee.eat | 2024-12-16 | 튤립인거까제 완벽해부림 ❤️
no.1_majuri | 2024-12-16 | 오물오물 예쁘게도 잘~~먹네용👏👏👏
food_zohaa | 2024-12-17 | 닭발 양념부터 대박인데료
j2ch.busan | 2024-12-19 | 아 진짜 소맄ㅋㅋㅋㅋㅋㅋㅋㅋㅋㅋㅋ
zzinmattaeng | 2024-12-19 | 닭발한테 방금 욕먹은 느낌ㅠ😂
dr.hyo0131 | 2024-12-24 | 닭발 누가 만들었는지~~너무 너무 사랑하는 음식인대 술안주로 딱 이고~주먹 밥 에 구성이 너무나도 좋아요~~^^제것도 하나 남겨줘용"
2024-12-13,3962,버거킹 신메뉴 풀드비프 와퍼?! 그 후기는요 영상에💕 32주,"#버거킹, #신상리뷰, #햄버거맛집, #mukbang, #먹방asmr, #햄버거먹방, #mukbangasmr, #mukbangvideo, #mukbangkorea, #mukbangers, #asmreating, #asmreatingsounds, #asmrfood, #asmreatingfood, #burgerking, #burgerlover","berup_x | 2024-12-13 | ❤️
food_zohaa | 2024-12-14 | 햄버거 각❤️
gur_wns | 2024-12-14 | 잘 먹네잉 😮
1onefood_ | 2024-12-14 | 왕 ㅋㅋㅋㅋ이제 거의 먹방의 신인데용😍😍
laurent_busan | 2024-12-13 | 버거킹 신메뉴 궁금하네요❤️❤️
js__1oo4 | 2024-12-13 | 소스 듬뿍이라 좋은데용🤤🫶🏻
eating_happily_ | 2024-12-13 | 맛없진 않지만,,~? 나능 와퍼🤍🤍🤍
kimcoffee_c | 2024-12-13 | 넘 맛있게 드셔서 군침 한바가지 흘렸어요…😋💕
jack93kim | 2024-12-13 | 크어....😍 아주 맛있겠음 ㅠㅠ
jjuchelin_ | 2024-12-13 | 맛없진 않다고하시니 낼 점심은 요거로😍❤️
j2ch.busan | 2024-12-19 | 미치겠네 정말😇
jini_zzin | 2024-12-14 | 리치브라운 소스 색깔만 이쁘고 맛은 와퍼랑 똑같다고요? 좋다 말았네
ruri.food | 2024-12-14 | 버거가 얼굴만해잉❤️❤️
mukstar_md | 2024-12-13 | 소리 너무 좋다ㅠㅠ❤️❤️
dr.hyo0131 | 2024-12-29 | 신 메뉴가 출시 되었군요~~와퍼가 더 맛있다는 이야기죠~~?먹고싶은게정말많은 밤이네요~~~눈으로 깜빡~침 꿀떡 꿀떡
mukrosee | 2024-12-14 | 오늘 햄버거 먹을래여 ㅜㅜㅜ
mukjung_ | 2024-12-13 | 얼굴은 작으신데 한입에 세번이나들어가네요. 비결이뭔가요?
100rang_food | 2024-12-13 | 못먹을줄 알았는데 다 먹다니..😮
chocossong2.26 | 2024-12-14 | 크🔥 너무 맛있어보이는데요❤️
sang_hwa00 | 2024-12-14 | 소리대박😍
gge.juck | 2024-12-13 | 이쯤에서 어쭤봅니다 햄 최 몇 ?
golden_sang_ | 2024-12-13 | 잘먹는다 ㅋㅋㅋ
leeoh_review_ | 2024-12-13 | 아니 너무 맛있게 먹는거 아니야..?❤️
happysh85 | 2024-12-18 | 우앙. 진짜 맛 있고 예쁘게 드시네요😊
jjong_mattang | 2024-12-13 | 저장해뒀다가 내일 해장 버거킹으로 할게요 🙌🙌
ky_131_luca | 2024-12-15 | 이거 보고 시켜먹었어요 맛나요 야채추가 콜콜
_shioream_ | 2024-12-14 | 햄버거 먹어줘서 고마워요❤️
no.1_majuri | 2024-12-16 | 이친구 맛있게 잘~먹넹😍
sunny_fw_ | 2024-12-15 | 버거가엄청나네욥😍
kkutti_h | 2024-12-15 | ㄴ ㅐ일 버거킹 가야겟따아~
eat_fp | 2024-12-13 | @reekyung_h
khawlahz | 2024-12-19 | مقاطعه
rara_muk | 2024-12-14 | 버거킹 완전 땡기네요😍
ricejunky.usa | 2024-12-20 | 31주좋아요 1개답글 달기
번역 보기
minjoor___ | 2024-12-14 | @wonnu_c
lgh140627 | 2024-12-15 | ㄹ
mahsa._.asmr | 2025-04-01 | @chu.berup_jmt ❤️
saffellmadison | 2025-04-13 | 🤤🤤🤤🤤🤤🤤🤤🤤"
2024-12-11,2183,중국디저트 수건케이크 남친이랑 먹지마세요.. 33주,"#수건케이크, #마오진줼, #해피니스디저트, #중국간식, #먹방asmr, #간식추천, #chinesefood, #mukbang, #mukbangasmr, #mukbangvideo, #mukbangers, #mukbangkorea, #mukbangasmrshow, #asmreating, #asmreatingsounds, #asmreatingfood, #asmrfood, #디저트먹방, #chinesedessert","yoon.min.ga.0513 | 2024-12-11 | 신기하네요?❤️
hj_foodie | 2024-12-11 | ㅠㅠㅠ수건케이크 나 진짜 먹구싶었어 🥹 느끼하다닝 ㅋㅋㅋㅋ
mukchoding | 2024-12-11 | 넘 신기한데용😮❤️
mukrosee | 2024-12-11 | 오 수건케이크 조아요❤️❤️
berup_x | 2024-12-11 | ❤️
100rang_food | 2024-12-11 | 뭐야 우리집 수건 다 어디갔나했더니..!😮
korea_foodzone | 2024-12-11 | 와구와구...😂😂😂
ruri.food | 2024-12-11 | 대바긱요밍❤️
siso_father | 2024-12-11 | 수건케이크 신기하네요😮
chocossong2.26 | 2024-12-11 | 진짜 신기한 비주얼❤️ 아주 폭신하고 달달한 맛일듯요😍😍😍
miri_muk | 2024-12-11 | 엇 저도 이거 너무 궁금하더라구요~~~ 그렇게 부드럽고 맛나다고 듣긴 했는데.. 근데 크림이 많아서 약간 느끼한 감이 있군요!! 아 츄베릅님 입술이 갈수록 ㅎㅎㅎㅎㅎ
mandoo_balddoong | 2024-12-11 | 맛나보이는데 ㅋㅋㅋ 가루가 장난 아니네요 ㅠㅠ
laurent_busan | 2024-12-11 | 수건케이크 진짜 궁금 😮😮
muckza_zzae | 2024-12-11 | 아 ㅋㅋㅋㅋㅋ소리미쳐따 느끼함의 끝장ㅋㅋ
sang_hwa00 | 2024-12-11 | 와 진짜 수건같아욬ㅋ 소리싱기
hihee.e | 2024-12-11 | 우앙ㅋㅋㅋ수건케이킄ㅋㅋㅋ싱기해요
ruri.food | 2024-12-11 | 헐 온니 요거 먹었구나!!!!
jjong_mattang | 2024-12-11 | ㅋㅋㅋㅋㅋㅋㅋ아 입술 난리나셨는데여?
gge.juck | 2024-12-11 | 초코 안에 오레오가루랑 푸딩 들어가있는거 좀 좋은대여???
f.ood12 | 2025-05-18 | 언니 진짜 맛있겠다 ㅜㅜ❤️❤️ 징짜루 대리만족 짱짱!
foo__zim | 2024-12-11 | 저는 초코를 먹어볼게요 저도 주세요
bonge_o0o_food | 2024-12-11 | 말차 가루 ㅋㅋㅋㅋ진짜 웃겨 슈렉보다가 초코가루 잔뜩 묻은거보니까 예뻐ㅋㅋㅋㅋ
jimingim664 | 2024-12-12 | 수건 모양의 수건케이크를 즐기는 모습이 어딜봐도 너무나도 예쁘고 아름답고 사랑스러운 공주님이었어요🤗🥰😻😇😍💖💕🎂
gur_wns | 2024-12-12 | 슈렉이 더ㅐ
dr.hyo0131 | 2024-12-11 | 수건케이크~어떤맛일까요?부드러운 맛일거 같은대~저도 알려주세요~어디서 당장 살수있나요~초코맛~달달한게 먹고 싶내요
muksta_turbo | 2024-12-11 | 뭐야 수건인줄 알았어요
seotofuu | 2024-12-11 | 베릅님 붕어빵 팥, 슈크림, 피자(판다면) 종류 별로 영상 찍어주세요 @0.0illll 궁금하지!!
uyj0103 | 2024-12-11 | 꿀떡 시리얼 먹어주세요 😢👏
muk__guri | 2024-12-13 | 집에 있는 수건 먹어봤는데 아무맛이 안나여ㅠㅠ
honekawa_.p | 2024-12-13 | Do you have any special content?
81ackp0ny | 2024-12-13 | ㅎㅋㅋㅋㅋㅋㅋㅋㅋㅋ
sunnyhitaro | 2024-12-11 | 😋😋😋😋
teddy_zip_ | 2024-12-11 | 우아 진짜 수건같이 생겼어요❤️
dama.dessert | 2024-12-11 | ㅋㅋㅋㅋ수건ㅋㅋㅋㅋ 넘 맛있어보이는 수건이네용
wanteat._.eat | 2024-12-12 | 아니 초록입술이였다가 바로 버건디색깔ㅋㅋㅋㅋㅋ😂 느끼하단게 아쉽네요 ㅜ
picky._.eat | 2024-12-12 | ㅋㅋㅋㅋ우악ㅋㅋㅋ진짜 수건인줄...😂
js__1oo4 | 2024-12-12 | 진짜 수건같은데 케이크네용🫢
leeoh_review_ | 2024-12-12 | 앜ㅋㅋㅋㅋㅋㅋ가루가 엄청나지만 졸귀다❤️
na.chelin__ | 2024-12-12 | 이거 너무 궁금하던데❤️❤️❤️
themukeou | 2024-12-12 | 아낰ㅋㅋㅋㅋㅋㅋ가루 난리났다🙌
rara_muk | 2024-12-12 | 수건케이크 궁금함😍
mukdang0 | 2024-12-12 | 이거 싱기해용😮
annisajannah_10 | 2024-12-13 | ❤️👏
yome_foodie | 2024-12-13 | 수건케이크 넘 궁금해여❤️
muk.seori | 2024-12-13 | 슈렉ㅋㅋㅋㅋㅋ아 이거 혼자 먹어야겠네요…..
panshienyi | 2024-12-15 | 이집 수건케이크 별론데..
ujua.on | 2025-02-23 | 이거 중국간식이였어요!??
zzee_soo111 | 2025-03-12 | 어디서 사셨어요??
k62327113 | 2025-04-04 | ❤️❤️❤️❤️"
2024-12-09,3.4만,신라면 투움바에 자메이카 통다리 먹어버리기💕 구독자님 추천 신라면 투움바 ! 다음엔 무엇을 먹을까요?!🥰 33주,"#신라면, #신라면투움바, #신라면툼바, #까르보불닭, #불닭, #자메이카통다리, #bbq, #chicken, #먹방asmr, #치킨먹방, #라면먹방, #야식추천, #야식메뉴, #mukbang, #mukbangers, #mukbangvideo, #mukbangasmr, #mukbangkorea, #mukbangfood, #asmreating, #asmreatingsounds, #asmreatingshow, #asmrfood","berup_x | 2024-12-09 | ❤️
mukrosee | 2024-12-09 | 툼바 쫀맛이됴 ㅠㅠ❤️
eating_happily_ | 2024-12-10 | ㅜㅜㅜㅜㅜㅜ 왕 꾸덕해진 거 개쥬아!!!!
1onefood_ | 2024-12-10 | 오옹 너무 먹고싶어용😍
lovely_jungdohee9382917 | 2024-12-11 | 존맛탱🔥
j2ch.busan | 2024-12-09 | 소리 미챠버려요ㅋㅋㅋㅋㅋ 툼바에 자메이카 통다리라니 완벽한 탄단지 밸런스(?)
7683chloe | 2025-02-28 | 넘 맛있겠당ㅠㅠ
h_mochi_bungeo | 2024-12-10 | 진짜 야무지게 드시는데 살도 안찌시구ㅠㅠ 부럽😂😂
mukorang | 2024-12-10 | 미치따아앙...❤️❤️
korean_queen_77 | 2024-12-24 | You are so cute 🥺 why you are so cute 🥺 when's I see your video I just remembered my Kim Jung ariiii 😭 I miss you arii 😭
korea_foodzone | 2024-12-10 | 투움바에 자메이카 조합 미치졍
bonge_o0o_food | 2024-12-09 | 왜케 맛나게 모고🤤🤤
ruri.food | 2024-12-09 | ❤️❤️
js__1oo4 | 2024-12-10 | 까르보보다 꾸덕하다니 먹어봐야겠어용🫶🏻
100rang_food | 2024-12-09 | 아니ㅜ저 왕큰주걱그릇은 모에욬ㅋㅋ😮
moo_boza | 2024-12-09 | 와 투움바 신라면에 자메이카 통다리.. ❤️
hxsxpxx | 2024-12-09 | ㄱㅇㅇ
hj_foodie | 2024-12-10 | ㅠㅠ헐 나 아직 안먹어봤어 🥹 먹어봐얃징
ruri.food | 2024-12-09 | 오ㅓ소리미쳣가진짜 개마싯겟러
hex.jin02 | 2024-12-18 | 츄닮으심
ggam_food | 2024-12-10 | 끄덕끄덕❤️
miri_muk | 2024-12-09 | 와 두가지 완전 잘 어울리겠는데요? 군침돌아요
gge.juck | 2024-12-10 | 아니 진짜 발골 기가막혀서 그냥 고고학자하셔도 될거같아요…😮
0.0illll | 2024-12-09 | 신라면 투움바 요청한 사람? 나요.저예요.저요.접니다.그게바로나.
jini_zzin | 2024-12-10 | 투움바신라면 쟁여놔야겠어요
gilbora | 2024-12-17 | @hyunny007 @dayooonni 언제한번 자메이카 투움바 조지시죠
han_yurim0426 | 2025-01-19 | 넘 잘드셔..🔥❤️
rara_muk | 2024-12-10 | 궁금해요❤️
muk.seori | 2024-12-09 | 헐 저도 툼바 먹으면서 불닭 매운맛이 자꾸 생각나더라구여….
leeoh_review_ | 2024-12-09 | 아 진짜 배에서 꼬르륵거려,,
mm._.0410 | 2024-12-11 | 다른먹방들처럼 입모양 오바하지않아서 보기좋네욤
simply._.000 | 2024-12-10 | 신라면은 라면 하난 기가막히게 만드는 듯 합니다..
jack__foodie | 2024-12-09 | 1분넘는거같아 미쳣엌ㅋㅋㅋㅋ 저녁에 올리지마쇼 주인장
no1ahri | 2024-12-11 | 왜케 쩝쩝 대세요
bottlejune__96 | 2024-12-10 | 툼바 신라면에 자메이카 통다리 조합이라니 너무 궁금해요 ㅠㅠㅠ😍
mukjung_ | 2024-12-10 | 남은자메이카한개인가요❤️
beluvsick178 | 2024-12-15 | 🤤
nisaaaaaabaikkkk | 2024-12-16 | 당신은 매우 아름답습니다!
isabela_fernandesb | 2024-12-31 | ❤️❤️❤️❤️❤️
btchgnn | 2025-01-23 | اتشهيت متل هدا يمييييي🍖🍖🍜🍜🍜
phargfp_ | 2025-02-11 | I wantttt
s1xyng | 2025-02-27 | 이거소리레전드
gaekolttak | 2025-03-07 | 자메이카 맛있나요?
darigailyassova | 2025-03-07 | 😮
falutdavongsanty | 2025-05-20 | 😍😍
hgjgfgjvf | 2025-05-27 | Chaang koo semgikoo pinigang 😒"
2024-12-07,16.8만,BBQ 자메이카 통다리에 치즈소스랑 불닭마요소스 잔뜩! 33주,"#먹방asmr, #자메이카통다리구이, #bbq, #bbqchicken, #chicken, #치즈소스, #불닭마요, #불닭, #치킨먹방, #야식추천, #mukbang, #asmreating, #asmreatingsounds, #mukbangers, #mukbangasmr, #mukbangkorea, #mukbangeating, #치킨맛집","moo_boza | 2024-12-07 | 이야 대빵 크네요 ㅋㅋㅋㅋㅋㅋㅋ 🔥
gge.juck | 2024-12-07 | 발골 야무지게 잘 하시네요…? 근데 이시간엔 반칙..😮
anadarlen_w | 2025-06-27 | ❤️😍🇧🇷
ya_.12335 | 2025-02-12 | ❤️❤️❤️❤️عالی بود
k62327113 | 2025-04-04 | ❤️❤️🔥🔥
hnn.5425 | 2025-03-26 | ❤️❤️❤️👏👏👏
guerrerocadance | 2025-05-11 | ❤️❤️❤️❤️❤️❤️Saludo hasta la ciudad de Panamá 🇵🇦🇵🇦🇵🇦🇵🇦🇵🇦
constantine.85839 | 2025-03-18 | 예뻐요!!
oes_9907 | 2025-05-02 | 🤤
kss_pjj | 2025-02-28 | 누나 예뻐여!
alsf.tri | 2025-03-18 | 🙌
min._.seo605 | 2025-05-09 | 이분 자메이카 진짜 좋아하시는구나 😂
alsf.tri | 2025-03-18 | 😍
isunnn.n | 2025-03-05 | @sj______88 @lee_allyy 이거먹으까
fascinate___w | 2025-04-04 | @_hwaing
avhaerin | 2025-02-15 | 🔥
misick.mag | 2024-12-07 | 이걸 이제 먹어보다니..
rex65714 | 2025-04-19 | 😍
rex65714 | 2025-04-19 | ❤️
rex65714 | 2025-04-19 | 😍
rex65714 | 2025-04-19 | 😍
rex65714 | 2025-04-19 | ❤️
rex65714 | 2025-04-19 | ❤️
__food.lover_222 | 2025-03-08 | 😋
alsf.tri | 2025-03-18 | 😮
princess_bella_2026 | 2025-02-13 | 👏
alsf.tri | 2025-03-18 | 🔥
megptz | 2025-02-18 | J'aimerai tellement avoir la recette pour faire ce poulet 😍
minsuleeee | 2025-04-09 | @tattooer_dan__te
redtomatopics | 2025-04-06 | @mhf.zhah nyaman
ucobv91 | 2025-02-15 | @1___yuri
prancica__dodo | 2025-06-29 | انتي كتير حلوى
elanuziaaraujo | 2025-03-02 | Como é que vcs comem tanto e não engordam e eu sou gorda comendo pouco?
sevim_naz_unlu | 2025-03-02 | Ramazanda benim keşfet
__13n2 | 2025-04-17 | It made you exclude it 🙂🙂🙂🙂💔
howellforlester11 | 2025-05-09 | How she doesn't get sauce on her mic 😮
yofavjordon | 2025-06-26 | Like give me some😭
biricik_kk09 | 2025-06-26 | Please eat mandu
taehyo.j | 2025-05-15 | 첫번째만 삼키고 그담부터는 패스네 먹방찍는것들 그게 한계인가
elymxzy_ | 2025-05-30 | ㅑ 소가 ㅑㅅㄴ ㅡㅁㄴㅁㄷ메
gavyaahuja | 2025-05-19 | You are so beautiful 🤩
freshbox_eats | 2025-06-12 | 귀르가즘 미쳤네.. 소리 때문에 더 먹고 싶어요🍽️🍽️
ykgenesisrayne | 2025-06-07 | You are so pretty ❤️
tjddl3231 | 2025-06-15 | 말이안된다
muk.seori | 2024-12-08 | 키야… 나랑드사이다 속이 뻥뚫려유
muk_captain_ | 2024-12-07 | 개맛있뎃다
misikmann | 2024-12-08 | 자메이카 시키로 갑니다..
h.jix__7 | 2025-04-26 | 이뻐용
eunsil5317 | 2024-12-07 | 와ㅠㅜㅜ이조합 ㅁㅁㅁ
tastebuds__official | 2024-12-07 | 불닭마요소스 조합 대박일거 같아요❤️
jack__foodie | 2024-12-09 | 미쳣가…….
_seoyulerrr | 2025-05-22 | 아니 나무 잘 드시는데 ㅋㅎㅋㅎㅎㅋㅋ
hi_eung_ | 2025-06-04 | 배고파지게 잘드시네요..😫
jminhee84 | 2024-12-17 | 이거 개맛있는데 너무 비쌈... 😢😢
berup_x | 2024-12-07 | ❤️
_niyaaahhhhh_ | 2025-01-22 | Malayaligall arelum indooo😢
iy_a___n | 2024-12-09 | you are sooooo prettyy
wwnww333 | 2025-01-13 | 치즈소스 어떤제품인가용???
100rang_food | 2024-12-07 | 오늘 치킨먹었는데 또 땡기네..😮
siso_father | 2024-12-07 | 맥주랑 먹고싶네요😍
gogi__johaing | 2025-02-02 | @o____seung 이건어뗘
seu_.ng6 | 2025-01-21 | 츄베릅잉
bagseonghyi370 | 2025-01-16 | 소스는머예요?
chekdnaox | 2024-12-19 | 맛잇겟다
ye.___.niii | 2024-12-09 | @zzanmeee @1h_y.s 양꼬치 먹고 야식 먹을까..?
aaaaaayoung_ | 2025-01-06 | @ca21122 먹어
1veely | 2025-01-03 | @k__gh0713 이거보니까 먹고시퍼😮
gweonhyeweon593 | 2025-01-09 | 자메이카통다리맛있지
chu_oyo_chu | 2025-01-19 | @yom_chap 오늘?...
hyunn0_0_ | 2024-12-09 | 세상에 이거먹고싶다
ddohyoonzzang | 2024-12-10 | @fwantastic_ ㅜㅜㅜㅠㅠㅠㅠㅠㅜㅜㅜㅜㅠㅠㅠㅠㅠㅠㅠㅠㅠㅠㅠㅠ
miri_muk | 2024-12-07 | 요거요거 진짜 맛나요❤️
jeonhyemin319 | 2024-12-13 | @pine_tree_0609 오늘야식으로?
s.a_lly29 | 2025-01-06 | 끄에에엨
ph__kyungs | 2025-01-08 | 한번도 안무봄
golden_sang_ | 2024-12-07 | 얼굴만하다
l998.9.17 | 2025-01-17 | 목에 소스 아님?
_mitraaa07 | 2025-01-20 | ❤️❤️완벽한
tranlequinhanh | 2025-01-19 | @_puogji.ih
foling_4 | 2024-12-08 | Yummy
kkikkimom_queen | 2025-01-07 | @bb_y09
muk_captain_ | 2024-12-07 | 와씨..
ddd_9495 | 2024-12-12 | @kangtae_7
strong_tory_ | 2024-12-11 | @@noooareum2 먹고가 사주께
mxxzzo | 2024-12-10 | @hwanny925
blacktiger.maratang | 2024-12-09 | 와우❤️❤️
dndowopl | 2024-12-09 | @ch.xon__
mukorang | 2024-12-07 | 최고의 조합❤️❤️
kkutti_h | 2024-12-07 | 나도시켜야겟다…
jack93kim | 2024-12-07 | 정말 맛있지...
kkutti_h | 2024-12-07 | 개맛읶어보임
mukddo_muk | 2024-12-07 | 헐 너무 맛나겠어요ㅠㅠㅠ
jini_zzin | 2024-12-07 | 우와!껍질 쫠깃
myeong_jonmatt | 2024-12-07 | 🙌🙌🙌잘드신당
jjuchelin_ | 2024-12-07 | 자메이카 통다리 사랑해요,,😍😍❤️
yeoni_mukstar | 2024-12-07 | 자메이카 통다리살 요거 치밥으로 해먹어도 진짜 맛있더라구요!!
taetae_foodie | 2024-12-07 | 오늘은 자메이카 시켜야겟서여😮😍
jameslee0911 | 2024-12-08 | 오 저도 먹어볼래요❤️
bonge_o0o_food | 2024-12-08 | 소리가 더 조아져써,.🤍🤍
leeoh_review_ | 2024-12-08 | 요거 진짜 맛있자나,,😍"
2024-12-04,563,"원시시대 갬성에서 먹는 꼬치? <하오카오스탠> 외관부터 내부까지 원시시대 갬성으로 가득 찬 곳 줄서는 식당2에도 방영되었던 맛집🫶🏻 1층에선 꼬치, 2층에선 훠궈를 먹을 수 있음 나무를 깎아 만든 것처럼 생긴 꼬챙이에 소,양,돼지,닭을 꼬치로 구워먹는 식 !🫶🏻 1층은 어둑어둑한 분위기라 동굴 속에서 먹는 느낌도 나네? 갬성도 있는데 고기가 질기지도 않고 부들촉촉🫶🏻 몽키주까지 한 잔 해버렸다..🫶🏻 이색데이트로 고고? 📍#하오카오스탠 📍 서울 중구 퇴계로80길 26 1층 ⏰ 매일 11:30-02:00 💵 오리엔탈구이 2-3인 48000원 34주","#광고, #신당맛집, #신당동맛집, #신당역맛집, #신당맛집추천, #꼬치구이, #훠궈맛집, #꼬치맛집, #신당데이트, #신당술집, #몽키주, #이색데이트추천","ruri.food | 2024-12-04 | 우가우갘ㅋㅋㅋ귀요미❤️❤️
yumyum_report | 2024-12-04 | 진짜 이색데이트로 딱이네용❤️
jini_zzin | 2024-12-04 | 타지도 않고 너무 맛있게 구워지더라구요😍또가고파요
dokkkiee | 2024-12-04 | 우가우가 ㅋㅋㅋㅋㅋㅋㅋㅋㅋㅋㅋㅋ졸귀탱이야ㅠㅠㅠㅠ가고싶따,,,❤️
berup_x | 2024-12-04 | ❤️
ruri.food | 2024-12-04 | ❤️❤️
golden_sang_ | 2024-12-04 | 여기 맛있더라고요 ㅋㅋ
gge.juck | 2024-12-04 | 아니 그냥 작은 꼬치일 줄 알았는데 진짜 거대하네욬ㅋㅋㅋㅋ
muk_hyun2 | 2024-12-04 | 원시꼬치❤️
bonge_o0o_food | 2024-12-04 | 옴총 귀욥네 ㅋㅋㅋㅋ
kkutti_h | 2024-12-04 | 우가우가!
themukeou | 2024-12-04 | 원시시대 체험 어때?!
kkutti_h | 2024-12-04 | 데이트로 궁그마다
rooftop_2idiots | 2024-12-08 | 최고의 구이입니다..
leeoh_review_ | 2024-12-04 | 이색데이트하기 넘 좋은디?!
food_chy._.ee | 2024-12-04 | 원시시대 컨셉 장난아닌데여?ㅋㅋㅋㅋ신기해요❤️
mukddo_muk | 2024-12-04 | 헉 가보고싶네유 ㅎㅎ
eating_happily_ | 2024-12-04 | 헐 사이드 완전 맛있을 듯❤️❤️
d_t_muksta | 2024-12-04 | ㅋㅋㅋㅋ원시시대 체험 가즈아아아
laurent_busan | 2024-12-04 | 원시시대 우가우가 감성 싱기하네요😮😮
hye_foodie_ | 2024-12-04 | 여기 완전 맛있자나요😍
muuk.dda | 2024-12-04 | 와 ㅠ ㅋㅌㅌㅋ사이드까지 맛집이네 ㅠㅠㅠ
yome_foodie | 2024-12-04 | 원시구이 넘 재밌어요😍❤️
juner_315 | 2024-12-04 | 우가우가 컨셉 독특하네용😍
hihee.e | 2024-12-04 | 우앙ㅋㅋㅋ우가우갘ㅋㅋㅋ꼬치구이머그러갈래요ㅔㅡ
ssonwin_ | 2024-12-04 | 힣ㅎㅎㅎㅎㅎㅎ 꼬치로 좋겠어요
seoul__guide | 2024-12-04 | 원시시대 컨셉 좋네요!!
busan_delicious_diary | 2024-12-04 | 우가우가 너무 귀여워요❤️
jaws_eat | 2024-12-04 | 원시컨셉너무좋네요😍
ddo__yam | 2024-12-04 | 원시갬성 대박이뎡!
mukrosee | 2024-12-04 | 갬성 대박인디용ㅋㅋㅋㅋ
ming_foodie_ | 2024-12-04 | 여기 넘 가보고파여 신박해😍
oiooio_oio1 | 2024-12-04 | 와 무슨 이런 감성이 다있어요...? 대박이네요 갬성충만+맛까지 보장된다니 가봐야겠네요 ㅎㅎ
mukjung_ | 2024-12-04 | 우가우가 ❤️
yoon.min.ga.0513 | 2024-12-04 | 몽키주까지 대박이네여😍
moo_boza | 2024-12-04 | 츄가츄가 🔥
hj_foodie | 2024-12-04 | ㅋㅋㅋ대박 진짜 갬성무엇이야 우가우가❤️
jomacook_ | 2024-12-05 | 가볼래요😍
tastebuds__official | 2024-12-05 | 여기 느낌 장난 아니네요❤️❤️
jack93kim | 2024-12-05 | 오아...원시시대 느띰 제대로내욬ㅋㅋㅋㅋ
teddy_zip_ | 2024-12-05 | 우앙 여기 갬성 대박이자나여😍
food._.oz | 2024-12-05 | 먹으러 가봐야겠어요!😍
jameslee0911 | 2024-12-05 | 여기 분위기 좋고 너무 맛있죠❤️
1onefood_ | 2024-12-05 | 왕 너무 먹고싶어용😍
hello_s_food | 2024-12-05 | @hyunik8_8 우가우가 여기가자
eat_58613 | 2024-12-08 | 군침도는 비주얼에 향연😍
k62327113 | 2025-04-17 | ❤️❤️"
2024-12-02,1.8만,처갓집 슈프림양념치킨 & 밥 ! 치밥의 정석의 치밥 뿌시기 🥰 다음엔 무엇을 먹어볼까요 ? 34주,"#처갓집, #슈프림양념치킨, #치킨먹방, #치킨추천, #야식추천, #치밥, #먹방asmr, #mukbang, #먹방유튜버, #mukbangasmr, #mukbangers, #mukbangkorea, #mukbangeatingshow, #asmreating, #asmrfood, #chicken","food_zohaa | 2024-12-03 | 치킨 조하요❤️❤️❤️
jjupteacher_k | 2024-12-03 | 너무 맛있어 보이는 조합이에요! 저도 먹고 싶어용❤
jjuchelin_ | 2024-12-02 | 와 치밥 진짜 미쳤다🥹🥹 소리가 진짜 압도적❤️
berup_x | 2024-12-02 | ❤️❤️
dama.dessert | 2024-12-02 | 먹방은 츄베룹넴 ❤️ 맛있겠어요
hj_foodie | 2024-12-04 | ㅠㅠㅠ슈프림 골드치킨은 무조건 순살이야..❤️
0.0illll | 2024-12-02 | 하 마지막 사이다 완전 시원해보여
golden_sang_ | 2024-12-03 | 어이구 잘 먹는다👏👏
jini_zzin | 2024-12-02 | 다음엔 바른치킨 대세레드 새우치킨 드셔주세요!!제가 지금 먹고 있는데 너무 맛있어요!!
muckza_zzae | 2024-12-02 | 징따 치밥 맛잇겟다...치즈도 잘늘리네용
jjong_mattang | 2024-12-02 | ㅋㅋㅋㅋㅋㄱㅋ아니 치밥 뿌셔놓고 마지막에 나랑드 제로 ㅋㅋㅋㅋㅋㅋ👏👏
sunnyhitaro | 2024-12-02 | 😋😋😋😋
hemonboni | 2024-12-03 | 아아 너무나 인정이죠
bonge_o0o_food | 2024-12-03 | 넘 배고파졌어,,,점심 먹은지 얼마 안더ㅐㅅ눈데ㅠㅠㅠ
gimuram514 | 2024-12-04 | 한입만 저도 아~~~~~~~~~~
blacktiger.maratang | 2024-12-03 | 넘 맛있어보여요 😍
osakibeen | 2024-12-02 | 아기가 울지도 않고 야무지게 잘먹네요
jack__foodie | 2024-12-02 | ㅋㅋㅋㅋ꿈에서 치밥나옴 전에 싸이엿나
s_____siri | 2024-12-03 | @silver_9un 담에 이걸로 시키자
material_sato | 2024-12-08 | 箸の持ち方すご！これは韓国式？？
leeoh_review_ | 2024-12-03 | 와,,진심 소리가 미쳐ㅠㅠㅠㅠ
rara_muk | 2024-12-03 | 당장 먹고싶네요❤️
plant_druid | 2024-12-06 | 인조불향 너무 역하던데 사람들은 잘먹네
muk.seori | 2024-12-02 | 처갓집 보고계신가 !광고를 달라
yeoni_mukstar | 2024-12-02 | 슈프림양념치킨 진짜 맛있죠❤️❤️ 저도 오랜만에 치밥으로 먹고 싶네요!!
korea_foodzone | 2024-12-02 | 슈프림 대박....아 먹고싳네
jack93kim | 2024-12-02 | 좋으다....처갓집...ㅠㅠ
100rang_food | 2024-12-02 | 아 오랜만에 처갓집가야하나..😮
jinnysbab | 2024-12-02 | 슈프림 양념은 순살이 진짜 진리죠>< 맛있게 드셔서 먹고싶어져용😍
hihee.e | 2024-12-02 | 어우 소리부터 미쳐요😮😂
d_t_muksta | 2024-12-02 | 치밥에 무조건이졐ㅋㅋㅋㅋㅋㅋㅋㅋㅋㅋㅋㅋ 사이다까지 짜아아앙
sang_hwa00 | 2024-12-02 | 헐 저도 완전 조아하는데ㅠㅠ
muk._.chuuru | 2024-12-02 | 슈프림양념 순살+밥한공기+나랑드=꿀조합
gge.juck | 2024-12-02 | 앜ㅋㅋㅋ 4치킨ㅋㅋㅋㅋㅋ 치킨 야무지게 뿌시는 중이시네여
eating_happily_ | 2024-12-03 | 슈프림 진짜 개ㅐㅐㅐ조아ㅠㅠㅠㅠㅠ❤️ 최애 치킹😍
mukjung_ | 2024-12-03 | 너...너어.....나다이어트 안해
mukstar_md | 2024-12-03 | 너무 잘 드신다ㅠㅠ배고파져요❤️❤️
bottlejune__96 | 2024-12-03 | 여윽시 처갓집하면 슈프림이 킥이져 ㅠㅠㅠ❤️❤️
95.01.19 | 2024-12-03 | 와.....마이크 정보 넘 궁금해요....😍
js__1oo4 | 2024-12-03 | 슈프림 마렵네요🤤
matzip_hyena | 2024-12-03 | ㅋㅋㅋㅋ 4일동안 치킨 😮
themukeou | 2024-12-03 | 아나 기절해 미쳤더
beluvsick178 | 2024-12-15 | 😘
sariroti.butter | 2024-12-17 | its so tasty bro...
noorsenehab | 2025-01-23 | Can you hurry up a bit? 😊♥️
nhung19072012 | 2025-01-24 | món gì vậy
k62327113 | 2025-04-04 | ❤️❤️❤️"
2024-12-01,701,일본에서 사온 말차 디저트 먹방 34주,"#말차덕후, #말차, #말차디저트, #일본여행, #일본쇼핑, #돈키호테, #일본면세점, #간식추천, #디저트맛집, #도쿄바나나, #킷캣, #먹방asmr, #mukbang, #mukbangasmr, #asmreatingsounds, #mukbangkorea, #matcha","teddy_zip_ | 2024-12-01 | 캬 카스테라 넘먹고파요😍
berup_x | 2024-12-01 | ❤️
sse_luv | 2024-12-01 | 너무 맛있어보여요,,😮
jini_zzin | 2024-12-01 | 말차 바나나는 처음봐요💚먹어보고싶어요
ruri.food | 2024-12-01 | 일듣 고르는거 넘 귀여웤ㅋㅋㅋ
gge.juck | 2024-12-01 | 말차 진짜 야무지게 즐기고 또 즐기시네여 ㅎㅎ😮
bottlejune__96 | 2024-12-02 | 말차는 사랑이에요 ㅠㅠㅠ😍
mandoo_balddoong | 2024-12-01 | 말차 디저트파티 너무 좋네용 ❤️❤️
siso_father | 2024-12-01 | 말차 디저트 최고네요 😍
ming_foodie_ | 2024-12-01 | 말차 쓸어오고파여😍
daejeon_ddomatddo | 2024-12-02 | 저기에 우유..❤️❤️ 크 말차러버..❤️‍🔥
moo_boza | 2024-12-01 | 저 하나만 주이소 ㅋㅋㅋㅋㅋㅋㅋ 말차라이스 챙겨서 갈게요
eating_happily_ | 2024-12-01 | 말차 몬 먹는데 말차 약한 걸로 한 입만,,❤️
ruri.food | 2024-12-01 | ❤️❤️❤️
korea_foodzone | 2024-12-01 | 말차ㅜㅜ너무조아하눈디ㅜㅜ
jjong_mattang | 2024-12-01 | 제꺼 가지러 가면 되는거죠??😂
100rang_food | 2024-12-01 | 말차는 일본이 잘하긴한다😮
tttt.yeon_ | 2024-12-01 | 저도일본가서 말차 쓸어오고픈❤️
muk._.chuuru | 2024-12-01 | 말차파티해서 머리띵 잠 못자는거아냐😮
js__1oo4 | 2024-12-02 | 말차러버라 말차 못참아욤 ㅠ_ㅠ💚💚💚
youbbangbbang | 2024-12-01 | 일본 카스테라 믿먹인데 말차맛이라뇨••♥♥
leeoh_review_ | 2024-12-01 | 내꺼는..?😍😍
k62327113 | 2025-04-21 | ❤️❤️❤️❤️
hnn.5425 | 2025-03-26 | 😋😋😋👍🏼👍🏼👍🏼😍😍
muk_joongsa | 2024-12-01 | 말차 도쿄 바나나 한통 보내주세여ㅜㅜ
rara_muk | 2024-12-01 | 맛있겠어요❤️
jack__foodie | 2024-12-01 | 말차초코반반가져와 너말차어지럽다내"
2024-11-28,1228,카라멜급으로 달달한 꿀고구마 모나카 등장? 디저트맛집 라라스윗 신상 꿀고구마 모나카!🫶🏻 한국에 있는 일반 고구마보다 2-3배 이상 달아 카라멜같은 꿀까지 배어나온다는 꿀고구마의 원조! 규슈 꿀고구마(베니하루카) 품종으로 만들어 찐달달🫶🏻 베니하루카 꿀까지 그대로 들어 당충전으로 최고🫶🏻 인공적인 맛도 없고 고구마향도 진해 역시 꿀고구마 원조는 다르다달라🫶🏻 겉바속쫀 아이스크림 모나카를 에프에 살짝 구워먹으면 더 맛있음!!🫶🏻 고구마 좋아하면 CU에서 사먹어봐🫶🏻 34주,"#광고, #먹방asmr, #신상리뷰, #간식추천, #디저트맛집, #라라스윗, #편의점신상, #편의점디저트, #씨유신상, #꿀고구마모나카, #저당아이스크림, #고구마, #mukbang","eating_happily_ | 2024-11-28 | 고구마러버 취저❤️
jjupteacher_k | 2024-11-28 | 정말 맛있어 보이네요! 저도 먹어보고 싶어요❤
magoo_wagoo | 2024-11-28 | 우왕 저당모나카라니 당장 쟁일게여❤️
yome_foodie | 2024-11-28 | 달달하니 넘 맛있겠어요😍
ddub_e2 | 2024-11-28 | 라라 츄베릅😮
jini_zzin | 2024-11-28 | 규슈 어디려나용 궁금!!쿠마모토 산이려나 무튼 넘 맛있겠다용🍠
miri_muk | 2024-11-28 | 와 꿀고구마라니!! 너무너무 달달하니 맛날 듯 해요
today_fooding | 2024-11-30 | 맛도리 비주얼이네용👍
muk._.chuuru | 2024-11-28 | 베니하루카가 고구마중에 진짜 젤맛잇는데!!
berup_x | 2024-11-28 | ❤️
mukjung_ | 2024-11-28 | 냉동실쟁야둿어❤️
bukyung_matzip | 2024-11-28 | 라라스윗 역시 ,, 열일하네요 😂😂
sse_luv | 2024-11-28 | 이거 기대돼요ㅜㅜ
dr.hyo0131 | 2024-12-11 | 고구마~완전 킬러인대~^^꼭~먹어봐야 겠군요~살살 녹는맛맞죵~~^^
gge.juck | 2024-11-28 | 헐 이거 편의점에서 본거같은디!!
h_mochi_bungeo | 2024-11-28 | 오오 칼로리두 괜찮은디여?
bonge_o0o_food | 2024-11-28 | 인공적이지 않아서 조타🙌
leeoh_review_ | 2024-11-28 | 고구마 좋아하는데 먹어봐야지❤️
hello_s_food | 2024-11-28 | 아흐 못참겠다 ㅠㅠ
sowon_yam2222 | 2024-11-28 | 저 고구마 최앤데 ❤️❤️
jack__foodie | 2024-11-28 | 꿀소구마원조다잉
themukeou | 2024-11-28 | 라라스윗 왜이리 일잘해?!!!!
k62327113 | 2025-04-03 | ❤️❤️❤️
hnn.5425 | 2025-03-26 | 😍😍😋😋👏👏👍🏼👍🏼👍🏼
rara_muk | 2024-11-29 | 이거 너무 맛있겠어요❤️
muk.seori | 2024-11-28 | 고구마에 꿀이라니.. 진짜 당충전 뽝!
td94g | 2024-12-07 | 대장균ㅈ"
2024-11-27,6011,까르보불닭에 치즈넣고 킬바사 뿌시기! 까르보 불닭을 전자레인지 조리했더니 그냥 미쳤어유🥰 35주,"#먹방asmr, #까르보불닭, #불닭볶음면, #킬바사, #mukbang, #mukbangers, #mukbangvideo, #mukbangasmr, #mukbangkorea, #asmr, #asmreating, #asmrmukbang, #mukbangeating","mukrosee | 2024-11-27 | 아 무조건 맛있쟈냐요🤤🧡
teddy_zip_ | 2024-11-30 | 킬바사랑 너무 잘어울리겠어요😍
j2ch.busan | 2024-11-28 | 와........ 진짜 이 조합은 맛이 없을수가 없는데 왜 시간에 보게 됐는지😂
bottlejune__96 | 2024-11-28 | 까르보불닭 제가 좋아하는것… 킬바사소세지랑 넘찰떡이자나욧!!!❤️❤️
mot.trend | 2024-11-28 | 킬바사 너무 먹고싶다..👍🏻
berup_x | 2024-11-27 | ❤️
colorfulsundays | 2024-11-27 | 킬바사 육즙 대박이에요😍😍😍
ruri.food | 2024-11-28 | 와 소리 미쳐따ㅠㅠㅠ킬바사 존맛인데 까르보까지❤️❤️
yam_yam_ping | 2024-11-27 | 이건 꿀조합이졍 ㅜㅜㅜ❤️
gge.juck | 2024-11-27 | 다같이 배고프게 하려는 그 심보…..아주좋아요 대리만족 ㅎㅎ
dama.dessert | 2024-11-27 | 까르보 너므 먹고싶어요 🤍💛
ruri.food | 2024-11-28 | ❤️❤️❤️
ming_foodie_ | 2024-11-28 | 뽀드득 소리 미쳐여ㅠ
jjuchelin_ | 2024-11-27 | 까르보불닭은 무조건 전자레인지로😍😍
moo_boza | 2024-11-27 | 아놔.. 저 한입만 줘옄ㅋㅋㅋㅋㅋㅋㅋㅋ 칼사바 뽀드드득 🔥
venny_putri_ | 2025-01-16 | His manner is good.i like
jini_zzin | 2024-11-27 | 이시간에 좌닌한...😢치즈 넣으면 매운맛도 좀 중화되고 더 맛있겠어요
jjong_mattang | 2024-11-28 | 난 왜 이시간에 이걸봐서 고통받고 있을까…😢
hj_foodie | 2024-11-28 | ㅠㅠ킬바사는 식감이 진짜 도른자얌🥹 먹거시포
changmin012 | 2024-11-28 | 어케 끓이신가에요!
mukjung_ | 2024-11-27 | 다이어트중에 보면안되게떠너꺼.....
mukstar_md | 2024-11-28 | 배고프다아아유ㅠ
u__jiiiin | 2025-01-31 | @seongho_4.30_ 먹구파
leeoh_review_ | 2024-11-27 | 아 이시간에 괜히 봤어,,😂
mukjung_ | 2024-11-27 | 꼬다리 나주라..
golden_sang_ | 2024-11-27 | 아 이시간에 봐버렸다…
miri_muk | 2024-11-27 | 아 침샘..터져요.. asmr무슨일이여…
rara_muk | 2024-11-28 | 이거 맛있겠다❤️
coeyunseul79 | 2024-12-09 | 아...배고파
hafsoojahan | 2025-02-22 | Your eyes are very pretty😍
nyresha4 | 2025-01-03 | p"
2024-11-26,1105,"3일연속 사전예약 1분컷 완판 디저트? 라라스윗에서 나온 밤티라미수 아이스크림이 드디어 정식 출시! 사전예약 3일 연속 1분만에 완판 시킬 정도로 핫했던 디저트!🫶🏻 나폴리 맛피아의 밤티라미수의 킥이 토피넛이라던데 이건 유일하게 토피넛 시럽이 들어 더 맛있잖아🫶🏻 아래까지 푸욱 떠먹어야 진정한 맛이 느껴짐🫶🏻 찐한 밤맛에 토피넛시럽, 그래놀라까지 조합도 좋은데 고급진 맛까지! 아이스크림이라 느끼하지 않아 맛있음🫶🏻 그래놀라도 식감이 살아있어 최고🫶🏻 11월 25일부터 CU에서 정식 판매하니 얼른 달려가봐🫶🏻 35주","#광고, #밤티라미수아이스크림, #라라스윗밤티라미수, #라라스윗밤티라미수아이스크림, #밤티라미수, #먹방asmr, #간식추천, #신상리뷰, #씨유신상, #디저트맛집, #편의점신상, #편의점디저트, #저당, #mukbang","wanteat._.eat | 2024-11-26 | 그래놀라 눅눅하지 않은게 최고네요😍 언능 CU로 가야겠어요
jjupteacher_k | 2024-11-26 | 와, 밤티라미수 아이스크림 정말 맛있어 보여요! 저도 먹어보고 싶어요❤
gge.juck | 2024-11-26 | 이거 진짜 맛있죠 ㅜㅜㅜ 근데 눈빛 너무 강렬해요 ㅎㅎㅎ
meokdoong | 2024-11-26 | 요즘은 이게진짜핫하네여?!!
hj_foodie | 2024-11-26 | 밤티라미수 아이스크림 진짜 맛있겠다 🥹 위스키랑 먹을랭
yome_foodie | 2024-11-27 | 진짜 존맛탱❤️
teddy_zip_ | 2024-11-26 | 캬아아 이거 넘 맛있자나요❤️
seoul__guide | 2024-11-26 | 밤티라미수 아이스크림 대박..완전 군침돌아요 ㅠㅠ
ruri.food | 2024-11-26 | 품절전에 겟❤️❤️
eating_happily_ | 2024-11-26 | 겟하러 고고❤️
jack93kim | 2024-11-27 | 요거 궁금함 ㅠㅠ😍
mukrosee | 2024-11-26 | 아이스크림이라 더ㅜ조아오❤️
today.go_ | 2024-11-26 | 와아 고급진 디저트의 느낌이라니 집에 쟁겨두고 먹고 싶지만 구하기 힘들겠죠? ㅠㅠ 💛
mukjung_ | 2024-11-26 | 역시라라스윗❤️
dama.dessert | 2024-11-26 | 먹고 시파요 ❤️😍
yeoni_mukstar | 2024-11-26 | 우와….. 이거 저도 못 구매하고 있는데 넘 먹어보고 싶네요😢😢
muk._.chuuru | 2024-11-26 | 라라스윗껀 항상 맛잇지😍
jjong_mattang | 2024-11-26 | 라라스윗+밤티라미수 이거 호재인데요?🔥
ming_foodie_ | 2024-11-26 | 이거 먹어보고파여ㅠ
daejeon_ddomatddo | 2024-11-26 | 토피넛 시럽 들어가있으면 맛없업ㄱ🥹❤️
ruri.food | 2024-11-26 | 😍
d_t_muksta | 2024-11-26 | 크으 라라스윗 무조건이져❤️
sse_luv | 2024-11-26 | 너무 탐나요ㅠㅜ
js__1oo4 | 2024-11-26 | 1분만에 완판이라니🥺🤎
miri_muk | 2024-11-26 | 아웅 먹어보고파요~ 먹은 사람들마다 맛나다고 극찬을
bonge_o0o_food | 2024-11-26 | 겟할꼬야❤️
eat_fp | 2024-11-26 | @reekyung_h 😍
themukeou | 2024-11-26 | 진짜 라라스윗은 인정이지❤️
sowon_yam2 | 2024-11-26 | 오오 판매런해야징!!
jini_zzin | 2024-11-26 | 느끼하지도 않은 토피넛든 티라미스 라니🤎
muk_tteul | 2024-11-26 | 판매런 가야게따
muckza_zzae | 2024-11-26 | 종맛이어ㅠㅠㅠ
muk.seori | 2024-11-26 | 그레놀라 안눅눅한거 갸좋당… ㅠㅠ
leeoh_review_ | 2024-11-26 | 당류 낮아서 걱정 없이 먹을 수 있음❤️
golden_sang_ | 2024-11-26 | 하나만 줘요
jack__foodie | 2024-11-26 | 갯해야댄다 품절전에
rara_muk | 2024-11-27 | 이거 너무 맛있죠❤️
muk_joongsa | 2024-11-26 | 얼굴 소멸 직전!!! 밤 티라미수보다 작아여ㅜㅜ
myeong_jonmatt | 2024-11-26 | 이건 무조건 각임
hh.__.jin | 2024-11-26 | 헉스 ㅠㅠ 궁그매
berup_x | 2024-11-26 | ❤️
mukstar_md | 2024-11-26 | 토피넛시럽이 킥❤️❤️
foo__zim | 2024-11-27 | 헐...이건 못참지😍😍
gyusun_1004 | 2024-11-27 | 1분만 완판 아주 좋다규😍 맛나겠다규
junjun960820 | 2024-11-28 | Cu편의점에 파는교?
ilijuo_ | 2025-03-28 | 🤤😋
k62327113 | 2025-04-03 | ❤️❤️"
2024-11-25,1850,요즘 틱톡에서 난리난 어니언보일?! 에어프라이기에 굽기만 하면 끝! 그 맛은?! 영상에.. 레시피는 이상한과자가게 이사장님꺼 불닭레시피로 만들었어요!🥰 @sweetshop_s2 35주,"#어니언보일, #먹방asmr, #mukbang, #양파, #onionboil, #mukbangasmr, #mukbangers, #asmreating, #asmreatingsounds, #mukbangasmreating, #asmrmukbang, #먹방","korea_foodzone | 2024-11-25 | 우와 이거 너뮤맛있겟당
dama.dessert | 2024-11-26 | 우와 ㅎㅎ 너무 맛있어보여요 😍❤️
jini_zzin | 2024-11-25 | 양파보일 달달하니 맛있겠구만유!🧅🤗
81ackp0ny | 2024-11-26 | 크으 맛있겠다 나도 집에서 해봐야지
ruri.food | 2024-11-25 | 헐 완저누신기해❤️
yoon.min.ga.0513 | 2024-11-25 | 침 넘어가네여🔥
100rang_food | 2024-11-25 | 양파링맛이라니 대박😮
jack93kim | 2024-11-25 | 어우......장난아닌데여😍😍ㅋㅋ
berup_x | 2024-11-25 | ❤️
jjuchelin_ | 2024-11-25 | 양파링맛이라니 요건 무조건 맛없을수가없어용😮❤️
sowon_yam2 | 2024-11-25 | 잉 먹어보고싶어용❤️❤️
muckza_zzae | 2024-11-25 | 양파링맛 싱기😍
miri_muk | 2024-11-25 | 저도 이사장님 레시피 적어놨는데~ 맛있을 것 같아요!!
mukbears | 2024-11-25 | 씹는소리도라따 밤에 외이러세오
kkutti_h | 2024-11-25 | 이게모야 나도궁금하당,,😮
jjong_mattang | 2024-11-25 | 고기랑 먹으면 찰떡이겠는데여 ㄷㄷ?
gge.juck | 2024-11-25 | 전 이사장님꺼보고 만든 츄베릅님꺼 보고 만족할게요😮
moo_boza | 2024-11-25 | 주문한줄 알아써옄ㅋㅋㅋㅋㅋㅋㅋ
themukeou | 2024-11-25 | 우오ㅓ 신기항 양팤ㅋㅋㅋ
leeoh_review_ | 2024-11-25 | 와,, 양파링맛아 난다니 싱기하네❤️
golden_sang_ | 2024-11-25 | 왜 침이 고이지..
0122pm | 2025-01-11 | @pearl.oq, @hyu._.n_1 @yeeesto.o @o1.awn @soziouy @kkkkkkkk_ing0 @j_aeyxl @nxy_1229 @hayul_isfp
yeoni_mukstar | 2024-11-25 | 오오 어니언보일 저도 궁금하더라구요….! 틱톡에 나온 거라 더 궁금하네용😮😮
mukjung_ | 2024-11-26 | 나 다이어트안해. 흥
sang_hwa00 | 2024-11-26 | 소리미쳣어여ㅠㅠ
rara_muk | 2024-11-26 | 우아 이거 먹어보고 싶어요❤️
ggam_food | 2024-11-26 | 완파🔥🔥
jack__foodie | 2024-11-26 | 맛없없리다
bonge_o0o_food | 2024-11-26 | 오... 잘만들었다!! ㅋㅋㅋ 양파링맛 궁규매
1onefood_ | 2024-11-26 | 와따 신기하네용 ㅋㅋㅋ맛있어보여용 ㅠㅠ
laurent_busan | 2024-11-26 | 어니언보일 궁금해요 !!!
hj_foodie | 2024-11-26 | 헐,, 보는데 침고였어 🥹 미쳤다
busan_grida | 2024-11-26 | 오 신기한데요!!
oh_xxng | 2024-11-30 | 레시피 찾으러 갔다가 못찾았어요ㅠ 레시피 댓글고정해즈실수있나요ㅠㅠ
duysanggne | 2024-12-07 | Its not that good
k62327113 | 2025-04-03 | ❤️❤️❤️❤️"
2024-11-24,626,마지막 일본여자분이 담은 오뎅은 무엇일까? 35주,"#일본편의점, #일본여행, #도쿄맛집, #도쿄여행, #해외여행, #일본편의점음식, #오뎅맛집, #japanfood, #여행추천, ##일본맛집, #먹방asmr, #mukbang","tastebuds__official | 2024-11-24 | 편의점 오뎅😍😍 넘 꿀 맛이겠어요
meokkoking | 2024-11-24 | 와.. 침고여요!!😍
cha.chav | 2024-11-24 | 크아 여행 바로 달리고프다요 곤약저거 맛나는데 ❤️❤️
1onefood_ | 2024-11-24 | 와똬 너무 맛있어보여요 TT😍😍😍
bottlejune__96 | 2024-11-24 | 오뎅과 함께 술한잔 하고싶네요 ㅠㅠㅠ😍😍
mukrosee | 2024-11-24 | 꺄 곧 일본가요❤️
dama.dessert | 2024-11-26 | 저 이거 완전 좋아하잖아용 😍❤️
yome_foodie | 2024-11-24 | 일본여행 가고파융❤️
jack93kim | 2024-11-24 | 맛있겠다 ㅠㅠㅠㅠㅠ
berup_x | 2024-11-24 | ❤️
tttt.yeon_ | 2024-11-24 | 일본오뎅넘마싯더요오오😍😍😍❤️
jjgongju_ | 2024-11-24 | 오 일본 편의점 오뎅 넘 조아여❤️
81ackp0ny | 2024-11-24 | 뭐가 젤 맛나??
eating_happily_ | 2024-11-24 | 뭐 담는겨..?ㅋㅋㅋㅋㅋㅋㅋ 뭔지 모르겠슈😮
muckza_zzae | 2024-11-24 | 먹구싶다ㅠㅠ
100rang_food | 2024-11-24 | 무다 무!! 5번 돌려봤습니다..😮
babjuseyoung | 2024-11-24 | 🤩비줠보니 너무 먹고 싶어요🥰
golden_sang_ | 2024-11-24 | 오구오구 잘 먹는다 ㅋㅋ
sowon_yam2 | 2024-11-24 | 드뎌먹쟈!!!
mukjung_ | 2024-11-24 | 유부!
mukstar_md | 2024-11-24 | 오아 떡이 쭈욱
hihee.e | 2024-11-24 | 대박 편의점오뎅이라니ㅠㅠㅠ
c_saw_c | 2024-11-24 | 마지막 오뎅은 다이콘(무)인거 같아요
jack__foodie | 2024-11-24 | 편뎅 개뀰🙌🙌
bonge_o0o_food | 2024-11-24 | 일본 가규시포잉,,❤️❤️
ddo__yam | 2024-11-24 | 아 대박 편의점 오뎅 삿포로가면 꼭 머거야지….ㅠㅠ
ruri.food | 2024-11-25 | 일본오뎅 못참아❤️
leeoh_review_ | 2024-11-25 | 담달에 일본가면 먹어봐야겠어❤️
js__1oo4 | 2024-11-25 | 다음달 일본 가는데 참고참고💛
rara_muk | 2024-11-25 | 추우니까 먹고파요❤️
ggulba_yum | 2024-11-25 | 오홍 ㅠㅠ 먹고싶다요
muk.seori | 2024-11-25 | 모찌 늘어나는거 졸귀탱….
ddonge_e_ | 2024-11-25 | 저도 곧 일본 가는데 빨리 먹구파용🔥
jjupteacher_k | 2024-11-25 | 오뎅 정말 궁금하네요! 한 번 먹어보고싶어요❤
gge.juck | 2024-11-25 | 마지막… 계란오뎅…?
food_zohaa | 2024-11-25 | 편의점오뎅 각 ㅜㅠㅐ
biggn_o | 2024-11-25 | 헐 ㅋㅋㅋ넘 먹구싶다요🙌
0.0illll | 2024-11-25 | 무가 진짜 존맛!! 무!!!!!
ggam_food | 2024-11-26 | 신나여신나❤️"
2024-11-23,5.7만,통연어 먹방🫶🏻 35주,"#통연어, #연어, #연어먹방, #연어회, #salmon, #mukbang, #mukbangasmr, #asmreating, #asmreatingsounds, #먹방asmr, #mukbangkorea, #reels, #mukbangeating","nataliakarla3321 | 2025-01-15 | Molho no salmão, minha filha, isso sem molho é 10 vezes mais gostoso
jxozn_ | 2024-12-16 | 연어는 그냥 사랑이에요
dr.hyo0131 | 2024-12-02 | 앜~~~~~먹고싶자나요~~~^^소리 미쳣다~~
mukjung_ | 2024-11-24 | 진짜잘먹어.. 통방어먹기해주세요
ieungyo38 | 2024-11-29 | ❤️❤️❤️❤️❤️❤️❤️❤️❤️❤️❤️❤️❤️
dama.dessert | 2024-11-26 | 대왕연어 먹방은 츄베릅✨🫶🏻
bonge_o0o_food | 2024-11-24 | 나듀 5년 전에 먹방 유튜버 연습할 때 통연어 해봤는데 너무 힘드러써😭 대다내😳🤍
jikim981 | 2024-12-10 | 통연어 대박이넹👍👍👍
sofehs | 2025-01-07 | 😍❤️
samin.9.4 | 2024-12-21 | ❤️❤️
yn90o | 2025-05-13 | 통연어 같은건 모르겠고 이쁘시네요
oiee.yorr.ana | 2025-01-20 | ❤️
hyez_19 | 2025-01-02 | 연어 최애요
anelkakaramelka2024 | 2025-01-02 | 😍
leeoh_review_ | 2024-11-24 | 통연어 진심 넘 먹고 시퍼ㅠㅠㅠ❤️
kangsomthing | 2025-01-06 | 와 사랑한다
katya_dunskaya | 2025-01-13 | А чого у них у всіх так очі вилуплені , як ніби от от вилізут 😂
charkia_amira | 2024-12-12 | Whats this voice 😳
nalv.a5632 | 2025-01-09 | 🔥❤️amooo
kaka_belka_is_back | 2024-12-21 | I like salmon
raiany_rodrigues10 | 2025-01-07 | ❤
s_____siri | 2024-11-28 | 진짜 부러워여
damish1967 | 2024-12-27 | 👎
introfirt | 2025-01-02 | nah ini baru ga diseruput
zulhumor2012_ | 2024-12-14 | Nma bu
h.ii.o.z | 2025-01-09 | 28주좋아요 11개답글 달기
flavianne_ferreira19 | 2024-12-25 | L
olga.atagarryyewa | 2025-01-16 | Воет аж труситься як дерти хоче
allysson_m_germain_marshall | 2024-12-06 | Why are u shaking so much if I may ask?
xayoen_ | 2025-05-27 | 저는 영어 간장만 찍어먹는데 개맛도리임 꼭 드세요
imcorvo_long | 2024-12-27 | Japanese people be like: cutting the fish carefully like doing surgery for sashimi. Her: I'mma just chew the whole chunk of it
ye.kta635890 | 2024-12-14 | 🤢🤢🤢🤢
charkia_amira | 2024-12-12 | 🤢
srimarini4 | 2025-01-08 | Jiji
gooseandbonehead | 2025-01-06 | I don’t trust this anymore. There’s always a cut. They’re not really eating. They’re just wasting food.
southern.cross.crux | 2025-01-21 | После бухича
intansalsabina | 2025-01-21 | あなたは美しいです、お姉さん 😍
seoh.zun_05 | 2025-01-23 | 언니 너무 맛있게 먹어😍
tatzky09 | 2025-01-28 | 🤮
_happi._ni | 2025-01-25 | 언니 곰은 그렇게 예쁘게 먹지 않아요❤️
s.s.s.s.1867 | 2025-01-30 | 🤮🤢🤮🤢🤮🤢🤮🤢🤮🤢🤮🤢
shln_hn09 | 2025-01-31 | Pk elle tremble autant?
lena.mendesxx | 2025-02-02 | I would eat this fish raw🤣🤤
rnalstks9 | 2025-02-11 | 곰 같다뇨!너무 귀여운 토끼에요!😍
mystic_162 | 2025-02-06 | Gua nyasar😢
s1o_.min | 2025-02-18 | 선생님도 초장연어파이신가요..?
sojugyeotong | 2025-02-18 | 👍
jiyul2851 | 2025-02-18 | 저요 저 연어 덕후에요❤️❤️❤️
vyy3124 | 2025-02-19 | Yasar gw😢
yxn.j1_0 | 2025-02-20 | 존맛있겠다 츄베릅
cleide.bernardo | 2025-02-22 | Pelo menos come direitinho
aon31101 | 2025-03-11 | @thanapol_mmt ❤️
jinx_et_rachel052 | 2025-03-17 | Bonjour qu'elle marque de saumon s'il-vous-plaît ?
ailsssnulisss | 2025-03-17 | salmon tuh enak banget emang
kalb_110333 | 2025-03-24 | 🤮🤮🤮🤮🤢🤢🤢
danielleestfrancais | 2025-03-31 | This one is so fake.
hnn.5425 | 2025-03-26 | ❤️❤️❤️👏👏👏
yaktownbaby | 2025-04-07 | I'd worry about tapeworms
k62327113 | 2025-04-03 | ❤️❤️❤️❤️❤️❤️❤️❤️❤️❤️❤️❤️
_seoni__ | 2025-04-08 | @o_eeeej
rkduseggtart | 2025-05-10 | ㅈㄴ맛잇겟다
cintiaalessio05 | 2025-05-18 | 😍
julia_diniz69 | 2025-05-20 | 😍
annirachocola | 2025-05-23 | I want this
muk_tteul | 2024-11-23 | 통연어보소.... 와
1onefood_ | 2024-11-23 | 크으 통연어 미쳤어용😍
yome_foodie | 2024-11-23 | 통연어 대박❤️
jinarye | 2024-11-23 | 오 먹방 최고 ㅎ
gge.juck | 2024-11-23 | 와ㅜ저거 항상 상상만 하던건데 해보고싶어요 ㅜㅜㅜ
sse_luv | 2024-11-23 | 너무 좋은데여ㅜ
js__1oo4 | 2024-11-24 | 간장 와사비 짱짱🥺🫶🏻
bottlejune__96 | 2024-11-23 | 통연어 크기 미쳤어요 ㅠㅠㅠ😍
sowon_yam2 | 2024-11-23 | 소리너무좋다 ㄷㄷㄷ
eating_happily_ | 2024-11-23 | 통연어 개쥬아ㅠㅠㅠㅠ❤️
__day._.0 | 2024-11-24 | 연어 최애야!!
jini_zzin | 2024-11-23 | 연어 흡입기~👏👏
jjong_mattang | 2024-11-23 | ㅋㅋㅋㅋㅋㅋㅋㅋ와 소리가 진짜 미쳤다;;;👏
sh.cookkook | 2024-11-23 | 왘ㅋㅋㅋㅋ 소리미쳐따❤️
berup_x | 2024-11-23 | ❤️
joni.bek0v | 2024-12-25 | 31주좋아요 6개답글 달기
mu_ch1cken | 2024-11-23 | 저도 오늘 통연어 사다가 먹었어요 ^^.
mukstar_md | 2024-11-23 | 간장와사비가 근본이됴ㅠㅠ
taste_goyang | 2024-11-23 | 통연어 대박인데 헐~😮😮
hani_homecook | 2024-11-23 | 헙.. 통연어 그냥 드시는 거예요?😮
moo_boza | 2024-11-23 | 와 통연어 ㅋㅋㅋㅋㅋㅋㅋ
golden_sang_ | 2024-11-23 | 통닭가슴살 해주세요"
2024-11-21,3005,연세우유 신상 흑임자맛? 35주,"#연세우유생크림빵, #연세우유, #연세우유흑임자찰떡생크림빵, #씨유신상, #먹방asmr, #신상리뷰, #간식추천, #디저트맛집, #편의점신상, #편의점디저트, #mukbang, #asmreating, #asmreatingsounds, #mukbangasmr","s0happylife | 2024-11-21 | 저두 꼬숩파인데 ㅠㅠㅠ❤️ 한 번쯤 먹어봐야게써요🙌
suhoyum | 2024-11-21 | 꼬숩하니 맛있겟어요❤️
hungry_university | 2024-11-21 | 흑임자맛 먹어 보고싶어요❤️
ddub_e2 | 2024-11-21 | 헉 흑임자베릅 흑임자 존맛탱인데 ;; 오늘 바로 사먹어야겟다😢
bottlejune__96 | 2024-11-23 | 우왕 할미입맛 취향저격 제대로겠어요!!!😍
mukrosee | 2024-11-21 | 흑임자맛 먹을래용😍
colorfulsundays | 2024-11-23 | 꺄앙 크림 대박이에여❤️❤️❤️
siso_father | 2024-11-21 | 와 너무 맛있겠어요 😍
yeoni_mukstar | 2024-11-21 | 이번 신상 저도 먹어봤는데 달달꼬숩하니 맛있더라구요!!
eating_happily_ | 2024-11-22 | 8점정두~~😮 흐김자는 잘 안 먹어서 패스😂
d_t_muksta | 2024-11-21 | 오오 그리 안달아여??? 궁금하다 찹쌀떡도 같이 있으니 개이득❤️
hyob_muk | 2024-11-21 | 꼬소달달 ❤️ 저두 먹어볼래요
wu_hyun | 2024-11-22 | 흑임자맛까지 나오다니 정말 대박이란 ㅎ
jini_zzin | 2024-11-21 | 넘 달지않고 세상꼬숩이면 💯점 아니에요!!👏
berup_x | 2024-11-21 | ❤️
ruri.food | 2024-11-21 | ❤️❤️❤️❤️
jjong_mattang | 2024-11-21 | 아껴뒀다가 이따 디저트 땡길때 보겠읍니다 ㅋ_ㅋ🫡🫡
ruri.food | 2024-11-21 | 한번쯤 먹어보깅😮😮
miri_muk | 2024-11-21 | 오오 이거 넘 궁금해용~~
sowon_yam2 | 2024-11-21 | 한번쯤 먹어볼래요❤️
kkutti_h | 2024-11-21 | 귀여웡,,,
golden_sang_ | 2024-11-21 | 오 찹쌀떡 들어있는 거 좋다👏👏
muk_joongsa | 2024-11-21 | 흑임쟈 넘 맛있어보여서 한번 먹어보고 싶어요❤️
gyul_yummy | 2024-11-21 | 흑임자맛 도전합니당
leeoh_review_ | 2024-11-21 | 할미입맛인데 이거 꼭 사먹야지❤️
crystal_.choi | 2024-11-22 | 흑임자 보이면 먹어볼게요 근데 어떤게 제일 맛있었나요?
sse_luv | 2024-11-21 | 흑임자라니ㅜㅜ
100rang_food | 2024-11-21 | 할배입맛도 출동합니다!
1onefood_ | 2024-11-21 | 외와와와 미쳤어요 배고파져요 이제 익숙해졌슴다
hihee.e | 2024-11-21 | 오홍ㅋㅋㅋㅋ요고먹어벌애용
02.07_ki | 2024-11-22 | @gjini_216
ilovehyen | 2024-11-28 | @hynngggg 바프끝나면 이거 조진다
h_mochi_bungeo | 2024-11-21 | 안그래도 궁금했는데!!! 저도 먹어봐야겠어여
gge.juck | 2024-11-21 | 와 이거 진짜 무조건 제 취향😮
mukjung_ | 2024-11-21 | 중간 오케이 사러간다 할미입맛
bonge_o0o_food | 2024-11-22 | 할미입맛 취저❤️❤️
bokjaaa___ | 2024-11-22 | 이거 존맛 ㅠㅠㅠㅠ
mukorang | 2024-11-22 | 우아아아앙 너무 맛나 보여요❤️❤️
ji.eunz | 2024-11-22 | 헉 렌즈는 혹시 모 끼시나영❤️
dr.hyo0131 | 2024-12-02 | 오데서 판매하나요?
jeonghyosig59 | 2025-02-15 | 얼마예요"
2024-11-20,1만,버거킹 햄버거 & 치즈소스 36주,"#먹방asmr, #burgerking, #버거킹, #치즈버거, #cheeseburger, #햄버거먹방, #mukbang, #mukbangers, #mukbangasmr, #mukbangkorea, #asmr, #asmreating, #asmreatingsounds, #mukbangeatingshow, #야식추천, #수제버거","jjuchelin_ | 2024-11-20 | 버거킹에 치즈 소스 듬뿍 묻혀먹으면 뭔들 😍❤️
hj_foodie | 2024-11-20 | ㅠㅠㅠ헐 햄버거 진짜 먹고싶어 🥹 와퍼가 베릅이 얼굴만행
eating_happily_ | 2024-11-20 | 오 너겟 바삭 모여❤️
d_t_muksta | 2024-11-20 | ㅋㅋㅋㅋㅋ치즈소드 듬뿍❤️❤️❤️소리 좋잖아여여여
yeoni_mukstar | 2024-11-20 | 우왕 ㅜㅜ 아는 맛이 넘 괴로워요 ㅠㅠ❤️❤️
jjong_mattang | 2024-11-21 | ㅋㅋㅋㅋㅋㅋ와나 날이 갈수록 맛있게 잘드시네 진짜 🔥🔥
jerry_gourmet | 2024-11-20 | 치즈소스가 신의 한 수네요. 넘 맛있겠어요😍😍
seoyeon_gom | 2024-11-20 | 버거킹 진짜 조아하는데용😍 세상에 치즈소스라니👍🏻💕
teddy_zip_ | 2024-11-20 | 버거 먹는 소리 대박이자나요❤️❤️
mukdang0 | 2024-11-20 | 조합 대박..❤️
berup_x | 2024-11-20 | ❤️
jack93kim | 2024-11-20 | 츄베룹 오랜만!!!!😍😍😍😍
korea_foodzone | 2024-11-20 | 치즈소스 취향저격,,,
ddub_e2 | 2024-11-20 | 주니어와퍼?😮
missikaga | 2024-11-20 | 버거 진짜 맛있겠어요 ><
ruri.food | 2024-11-20 | 통새우와퍼 내최애야 버거킹에서❤️❤️
muckza_zzae | 2024-11-20 | 치즈소수 궁그미❤️
muk.seori | 2024-11-20 | 저도 감튀보다 너겟파… 치즈스틱도 좋쿠
100rang_food | 2024-11-20 | 전투적인 표정과 그렇지못한 입크기..😮
youbbangbbang | 2024-11-20 | 햄버거는 버거킹이죠❤️
mukorang | 2024-11-20 | 츄베릅
muk_joongsa | 2024-11-20 | 아흐 맛있겠다.... 괴롭네여....
lana_eat_ | 2024-11-20 | ㅠㅠ 버거먹고싶..
mukjung_ | 2024-11-20 | 나지금 첫 피티받고와쓴데...배거파졌자나책임져
__day._.0 | 2024-11-21 | 아 새벽에 봐버렸다... 당장 진행시켜!!
blacktiger.maratang | 2024-11-27 | 😍😍
leeoh_review_ | 2024-11-20 | 이시간에 봐서 괴로워,,
_sals.___.abil_ | 2024-12-30 | 당신의 비디오가 정말 마음에 들어요.닭고기가 들어간 타부키를 드셔보시길 바랍니다. 💗🧸
mukrosee | 2024-11-20 | 치즈소스 살래요 ㅜㅜㅜㅜ
h_mochi_bungeo | 2024-11-21 | 미워요…이 시간에 식폭행😂😂😂
bokjaaa___ | 2024-11-21 | 햄버거가 얼굴보다 커요 ㅠㅠ
taetae_foodie | 2024-11-21 | 와.. 미친 조합인데여❤️😮
foodmafiaboss | 2024-11-21 | 오늘점심은 버거킹으로😊👍
jumma_buffett | 2024-11-21 | 햄버거가 큰건가요 얼굴이 작은 건가요?? 와우~🥰
rara_muk | 2024-11-21 | 버거가 얼굴만하네요!!
jini_zzin | 2024-11-21 | 뀨덕촉촉 이건 맛없없일수밖에 없죠!!💛
kidmstyle | 2024-11-21 | 오래간만에 버거킹 너무 땡깁니다😍
myeong_jonmatt | 2024-11-21 | 며칠 굶었어요?
hotdor_s | 2024-11-21 | 마이크 삿구만 결국 ㅋㅋㅋㅋㅋㅋㅋ
jjupteacher_k | 2024-11-21 | 햄버거와 치즈소스 조합이 정말 맛있어 보이네요! 저도 먹을래요!!❤
themukeou | 2024-11-21 | 와 와퍼에 치즈소스찍먹 개미쳤다🙌🙌
__jiwoomom | 2024-11-22 | 일단 치즈 어디꺼인지부터......
pink123gg | 2024-12-03 | I. Want it so bad 😖
hi_bye_helloooo | 2024-12-06 | 이분이 작은건지 버거가 큰건지 모르겠네
meire30gatinha | 2024-12-11 | 😮😮😮😮😮
greenshoo46 | 2024-12-11 | 치즈소스에 와왕 😍😍😍먹어보고 싶네요
char_eunnnnni | 2024-12-16 | 혹싀 치즈소스 어디껀지 알수있나오ㅠㅠㅠㅠ너무맛잇게잘드세여
heena_khan_0101 | 2024-12-20 | ❤️❤️
1314_52o0o | 2025-01-10 | 입에 다 묻혀가면서 먹는데 왜 예쁘신건데요...😍
ladiiecocaiiin3 | 2025-01-23 | Why the food look fake … so perfect looking
jockdancer | 2025-01-23 | Was the chip better then the Burger because u were real happy with the chip
blueandivan | 2025-01-25 | Wild eyes !!!!
nandapires__ | 2025-02-06 | 😍😍"
2024-11-19,4.1만,까르보 불닭볶음면&KFC치킨 36주,"#먹방asmr, #불닭볶음면, #kfc, #kfc치킨, #chicken, #mukbang, #mukbangers, #asmr, #asmreating, #asmrfood, #mukbangasmr, #mukbangkorea, #buldak","ruri.food | 2024-11-19 | 나도 까르보 조아해ㅜㅜ 은근 마싯음❤️❤️
100rang_food | 2024-11-19 | 아 이거 내 최애조합 소문나면안대는데..😮
mukrosee | 2024-11-20 | 아 무조건 맛있죠 ㅠㅠㅠ
gur_wns | 2024-11-19 | 고양이 밥 먹는거 구경하는 느낌 🐱
dama.dessert | 2024-11-19 | 야식 먹고 싶어요❤️🔥
berup_x | 2024-11-19 | ❤️
bottlejune__96 | 2024-11-19 | 까르보불닭에 kfc치킨 조합 미쳤자나요 ㅠㅠㅠ😍😍
mukstar_md | 2024-11-19 | 소리대박이잖아요❤️❤️
gge.juck | 2024-11-19 | 저 이거 비밀이데 kfc치킨 한번도 안먹어봤어요..😮
mu__see___ | 2024-11-19 | 꾸덕꾸덕 조아유
hello_s_food | 2024-11-19 | 아 야식땡겨.....
youbbangbbang | 2024-11-19 | 이 조합이면 언제든❤️❤️
yunchae103 | 2025-01-14 | 음식이 사랑스러워요
hotdor_s | 2024-11-19 | 이거보고 kfc 치킨 시켰다
cannaalisa | 2024-12-11 | no one notice her hands trembling?
gunii_xxiii | 2025-06-25 | 아 이거 보니까 진짜 미치겠네
mukjung_ | 2024-11-19 | 이젠 까르보도 안맵다니 많이컸구려. 다음은 실비김치해주소!
hrtz.4.sajeyy | 2024-12-11 | Why are your hands shaking...
muk_captain_ | 2024-11-19 | 표정이 아주 야르군여
1nadxm | 2024-11-22 | 수전증 걱ㄷ정돼요
eating_happily_ | 2024-11-19 | 일본에서 진짜 불닭 땡김 이슈ㅠ
cho_xa3 | 2024-12-12 | Y is she shaking?
jyxn_o | 2025-01-16 | @seo_x1d
_ellemxrs_ | 2024-12-04 | Será que ela está bem? Ela estava se tremendo
meisazhra | 2024-12-01 | I'm sorry i let you you know in the comments that Kfc is boycotted
diana.mar___ | 2024-12-16 | Why looks so scare??
moo_boza | 2024-11-19 | 솔지키 불닭이 최고져..? 🔥
teddy_zip_ | 2024-11-19 | 캬 인정이에요ㅠㅠ 대존맛😍
cielo.s7 | 2024-11-20 | 진짜 드실줄 아시네요...❤️맛도리 미쳐따
foo__zim | 2024-11-20 | 크....배고파요ㅠㅠ
laurent_busan | 2024-11-20 | 야밤에 이걸 봐버렸어요…😂😂
jini_zzin | 2024-11-20 | 일본다녀오면 매콤한거 땡기죠😂👏
mukorang | 2024-11-20 | 오엠지❤️❤️❤️
jjgongju_ | 2024-11-20 | 소리 미쳤다,, 게임 끝❤️❤️
leeoh_review_ | 2024-11-20 | 너무 맛있게 먹어서 나도 먹고 싶다❤️
jjupteacher_k | 2024-11-20 | 까르보 불닭볶음면과 KFC 치킨 조합이 정말 맛있겠어요! 저도 먹고싶어용❤
jimingim664 | 2024-11-20 | 어딜봐도 언제봐도 너무나도 예쁘고 아름답고 사랑스러운 공주님이었어요🤗🥰😻😇😍💖💕
mukbears | 2024-11-20 | Kfc 블랙라벨 순살 개마싯음..
honekawa_.p | 2024-11-21 | กินเก่งมาก😍
gossealexie | 2024-12-02 | Tu trembles beaucoup 😥
lilziieun | 2024-12-08 | 아이쉐도우 정보좀요ㅠㅠㅠ
djhhaja | 2024-12-08 | eh kenapa gemeter dah?
vidammm76 | 2024-12-21 | 👏👏
excipoo | 2024-12-21 | 눈을 왜그렇게 부담스럽게 뜨세요;;;
taleisha.emersyn.x | 2024-12-21 | hey girl are you okay? are you safe?. your hands are shaking🥹❤️‍🩹
independent_army_ | 2024-12-23 | 왜 손이 너무 떨리는 거야?
iemputtt_ | 2024-12-24 | are you okay?
pra.tyashaa | 2024-12-24 | Are you okay? 🥺, your hand was shaking
dinmarpratama | 2024-12-25 | 31주답글 달기
sefiria19 | 2024-12-25 | are you okay? your hands shaking?...
t.canm.i | 2024-12-25 | ❤️
nabila_76666 | 2024-12-26 | 정말 아름다워요 💐🌷💖💖
bvrrylic | 2024-12-29 | kenapa tangan mu bergetar?
sapanindyaa | 2024-12-29 | tangan dia tremor pliss
i.might.do.something.silly | 2024-12-29 | I will also eat a lot if I keep myself hungry for a whole day
widyazp | 2024-12-29 | you look like a scared person
theremixlava | 2024-12-31 | All I could focus is on her hands trembling, are you alright?
lovejhhj_ | 2025-01-07 | 손을 넘 떨어요
pasyajier_ | 2025-01-12 | why your hand
ttttttuxtzinsimnue | 2025-01-16 | 손을 왜케 떨어요..무슨 일 있는 거 아니죠!!?❤️
sepin_joseph | 2025-01-21 | Why your hands shaking? Are you okay?
cindikiaa28 | 2025-01-23 | are you okay? 😢
_wgh_02 | 2025-01-26 | I thought I was the only one who saw her hands shaking
adrksrr | 2025-01-28 | shaking sbb lapa kut
btw_itsmaddu__10 | 2025-02-17 | Why is your hand shaking?😮
chillyul_0212 | 2025-03-13 | 손이 너무 맛있어서 떠는 듯
anantrajsing1988 | 2025-06-15 | Making me hungry 😍"
2024-11-14,1708,불닭볶음면보다 맵다는 열광라볶이 먹방asmr 36주,"#불닭볶음면, #열광라볶이, #먹방asmr, #편의점먹방, #꿀조합, #mukbang, #mukbangers, #mukbangasmr, #asmreatingsounds, #asmreatingfood, #mukbangeating, #신상리뷰","eating_happily_ | 2024-11-15 | 아니 완전 맵짱인데..????? 어묵 개존귀,,❤️
kimcoffee_c | 2024-11-14 | 츄베릅님 먹방 완전 잘하시는데용😍넘 맛있어보여요👍🏻💯✨
ming_foodie_ | 2024-11-15 | 한번 먹어보고파용❤️
korea_foodzone | 2024-11-15 | 와 얼마나매울까...😂
berup_x | 2024-11-14 | ❤️
ruri.food | 2024-11-15 | 쏘시지소리가 진짜 미쳤느걸..😍😍
jjuchelin_ | 2024-11-15 | 와 영상보는내내 입안에 침샘 가득해요 😮😮❤️ 맵찔인데 도전하구시풔요❤️
js__1oo4 | 2024-11-15 | 핫바랑 계란 같이 사야겠어여😎
ruri.food | 2024-11-15 | ❤️❤️
laurent_busan | 2024-11-15 | 불닭보다 맵다니 ㅠㅠ 맵찔이 울어요😂😂
gge.juck | 2024-11-15 | 어? 뭔가 머리가 좀더 뽀글해진 느낌!
themukeou | 2024-11-15 | 맛은 있어유?!!😮
hihee.e | 2024-11-14 | 오홍ㅋㅋㅋ매운데 잘드시네요😮
mukjung_ | 2024-11-14 | 왜안울어이번에
mukrosee | 2024-11-14 | 엄청 매울거같아요 ㅜㅜ
jjong_mattang | 2024-11-14 | 밥까지 말아드셨어야죠 😂
leeoh_review_ | 2024-11-14 | 너무 맛있게 먹자나,, 계란이랑 찍먹하구파🔥
bokjaaa___ | 2024-11-15 | 달달하다니 궁금쓰❤️
golden_sang_ | 2024-11-17 | 오 맵찔이 아니네👏👏
noahganarada | 2024-11-14 | 물 빼고 비벼야할걸용..😢😢 다 그렇게 드시던디
bilinkkk.4girls | 2025-04-26 | ❤️❤️❤️❤️cute
bilinkkk.4girls | 2025-04-26 | ❤️❤️❤️❤️cute
liangluuu_ | 2024-11-27 | 불닭보다 안매움
otoki_daily | 2024-11-15 | 매콤 달달한 열광라볶이를 맛있게 드셔주셔서 감사합니다!🔥🔥
앞으로도 오뚜기 제품에 많은 관심과 사랑 부탁드립니다! 😊💛
sept26.94 | 2024-11-26 | @lay1_ow
muk.seori | 2024-11-14 | 오뎅 디테일 모야…
beluvsick178 | 2024-11-15 | 🫠"
2024-11-14,496,"미슐랭 맛집에서 혼밥하기 <니시무라멘 연남본점> 후쿠오카 미슐랭 1스타 라멘집이 연남동에 등장 서울 한정 메뉴와 후쿠오카 인기메뉴를 시키는데 그 후기는? (영상에) 📍#니시무라멘 ⏰월,화,목 11:00-15:30 ⏰금-일 11:00-20:00 (B.T 15:30-17:30) ‼️수요일휴무 💵교카이파이탄 12000원 37주","#연남동맛집, #혼밥맛집, #라멘맛집, #미슐랭맛집, #미쉐린가이드, #먹방asmr, #mukbang, #후쿠오카맛집, #라면먹방, #홍대맛집","eating_happily_ | 2024-11-14 | 미슐랭 인정❤️
ruri.food | 2024-11-14 | 혼밥잘하넹ㅋㅋㅋ 미슐랭 인정이당❤️❤️
miri_muk | 2024-11-14 | 와 진짜 맛나게 드셔서 넘 먹고파요
sowon_yam2 | 2024-11-14 | 다음혼밥도 궁금하네용❤️❤️
yumyum_report | 2024-11-14 | 육수먹은 바케트 굉장히 독특한맛일거같아여😮
jini_zzin | 2024-11-14 | 청양고추 오일이 킥!!이네요! 미슐랭 인정👏
berup_x | 2024-11-14 | ❤️
j2ch.busan | 2024-11-14 | 이날부터 헤어스타일 바뀌셨다(?)
ruri.food | 2024-11-14 | ❤️❤️
js__1oo4 | 2024-11-14 | 분위기부터 일본 그 자체💛
ddub_e2 | 2024-11-14 | 오일 넣어서 먹는거 침흐른다 베릅;;
icmugbang | 2024-11-14 | 오우 오일
jinihankki | 2024-11-14 | 비주얼 무슨 일이야😆🍀❤❤
jimingim664 | 2024-11-15 | 연남동맛집을 빛내는 모습이 너무나도 예쁘고 아름답고 사랑스러운 공주님이었어요🤗🥰😻😇😍💖💕
_hxunmyn_ | 2024-11-14 | @gg.___.sj02 미슐랭은 또 못 참는뎅??
mukjung_ | 2024-11-14 | 곱창전골혼밥해주세요!
go_yang_eat | 2024-11-14 | 흐 너무 맛있게 먹는데 한입만 주세여😲
muk.seori | 2024-11-14 | 바게트 국물 싸악 머금은거 대박..
mukkarong | 2024-11-14 | 오오오!! 완전 맛나겠는데요?!!🔥🔥
hj_foodie | 2024-11-14 | 면발이 아주 이븐하게 익은게 맛있어보이넹❤️
laurent_busan | 2024-11-14 | 미슐랭 라멘 궁금하네요 ..❤️
taetae_foodie | 2024-11-14 | 춘권까지 빠질수 없네요😮❤️
mukrosee | 2024-11-14 | 우앙 미슐랭 너무 조앙오❤️❤️
muk._.chuuru | 2024-11-14 | 미슐랭 ㅇㅈ
jjong_mattang | 2024-11-14 | 파마머리 잘어울리십니다 베릅님~~👏👏
hh.__.jin | 2024-11-14 | 헝 라멘 궁금해!!!!!
seoyeon_gom | 2024-11-14 | 미슐랭라멘집이라니 대박인데요! 청양고추오일까지😍😍
mukzzang_bread_ | 2024-11-14 | 우왕 김으로 만든 오일이 들어간다니 국물 먹어보고 싶어요 ❤️
0.0illll | 2024-11-14 | @seotofuu 미슐랭 맛집이면 혼밥 가능?
100rang_food | 2024-11-14 | 청양고추오일 메모..😮
rara_muk | 2024-11-14 | 미슐랭 맛집 궁금해요❤️
cha.chav | 2024-11-14 | 크 궁금한데요 혼밥은 잘 못하지만 ㅋㅋㅋㅋ
gge.juck | 2024-11-14 | 김으로 만든 오일 좀 궁금해요…😮 상상하는 맛 그대론지
1onefood_ | 2024-11-14 | 오옹 너무 맛있게 드시는데용😍
ham2_ni__ | 2024-11-14 | 오 새우 춘권도 궁금해요😮
wanteat._.eat | 2024-11-14 | 진짜 일본인줄 알았는데 연남동에도 있네요😍 육수맛 엄청 궁금해요ㅋㅋㅋㅋ
leeoh_review_ | 2024-11-14 | 미슐랭 인정이자나❤️
hello_s_food | 2024-11-14 | 후쿠오카 갔을때 여기 못갔었는데 연남동으로 가봐야겠어요😮😮
busan_grida | 2024-11-15 | 바게트까지 완벼억!!
dlddhddmd | 2025-02-21 | @0914.love 머글사람ㅋ"
2024-11-13,4995,뿌링클&치로스 먹방asmr 37주,"#먹방asmr, #뿌링클, #치로스, #치즈볼, #먹방, #mukbang, #mukbangers, #mukbangasmr, #mukbangkorea, #mukbangeating, #asmreating, #asmrfoodsounds, #friedchicken","81ackp0ny | 2024-11-13 | 으앙 ㅠㅠㅠ 눈물흘려 맛있겠다 ㅠ
korea_foodzone | 2024-11-13 | 뿌링쿨 ㅜㅜㅜㅜ너무좋아요
laurent_busan | 2024-11-13 | 치로스 궁금해요 ..❤️❤️
siso_father | 2024-11-13 | 진심 너무 먹고싶네요 😍
yome_foodie | 2024-11-13 | 먹방 대박인데여❤️
tttt.yeon_ | 2024-11-13 | 왜케 이쁘게드시는거에오오오😍😍❤️❤️ 마싯겟다칰힌
berup_x | 2024-11-13 | ❤️
j2ch.busan | 2024-11-13 | ㅋㅋㅋㅋㅋㅋㅋㅋㅋ 아 고정댓글이 너므 웃겨요ㅋㅋㅋㅋㅋㅋㅋㅋㅋㅋㅋ 근데 츄베릅님은 뭘 해도 예쁜누나(?) 아니.. 아마도 조카..
osakibeen | 2024-11-13 | 졸귙ㅋㅋㅋㅋㅋㅋㅋㅋ😍😍❤️❤️
mukrosee | 2024-11-13 | 치로스 먹어볼래요 ㅠㅠㅠ
mukbears | 2024-11-13 | 모자 어디서 사나요ㆍㆍ
jini_zzin | 2024-11-13 | 바삭쫩쫩 현장감 대박👏
miri_muk | 2024-11-13 | 와 치로스 진짜 먹어보고파요!!!!!!!!
mukjung_ | 2024-11-13 | 웅 킹바다 긍데 닭다리 깔꿈하게 잘먹는닼ㅋㅋㅋㅋㅋ
xx_xximadude | 2025-05-09 | ❤️
jjong_mattang | 2024-11-13 | 오날은 루돌프 컨셉이신건가요?ㅋㅋㅋㅋㅋㅋ
muksta_turbo | 2024-11-13 | 크 야무지네용
moo_boza | 2024-11-13 | ㅋㅋㅋㅋㅋㅋㅋㅋㅋㅋㅋ 모자 저도 하나만.. 치킨 야무지게 뜯으시네여
rara_muk | 2024-11-13 | 치로스 맛있죠❤️
jimingim664 | 2024-11-14 | 맛있는 뿌링클에 치로스를 즐기는 모습이 너무나도 예쁘고 아름답고 사랑스러운 공주님이었어요🤗🥰😻😇😍💖💕
s.eunx1ll8 | 2024-12-18 | @uewxni
muk.seori | 2024-11-13 | 치킨모잨ㅋㅋㅋㅋㅋㅋ솔직히 개킹…. 아니근데 날마다 미모 갱신하는데요?
111999y__ | 2024-11-13 | 언제부턴가 예쁜누나에서 이상한누나로😢..
tkd.ssong1win | 2025-03-09 | 언니 다른영상들도 그렇구 수전증이 심한것같아ㅜㅜ
busan_delicious_diary | 2024-11-13 | 오늘 치맥각인데요 ❤️❤️
ddub_e2 | 2024-11-13 | 아악 ㅋㅋㅋ나도뿌링클베릅😮
js__1oo4 | 2024-11-13 | 뿌링클 뿌링뿌링소스 왕 듬뿍 찍어서 한입에 와앙,,🤤🤤
themukeou_2 | 2024-11-13 | 아..야식으로 뿌링클 각이다🙌🙌
muk_joongsa | 2024-11-13 | 치로스 마싯던데ㅠㅠㅠㅠㅠ 대존맛,,
sowon_yam2 | 2024-11-13 | 잉먹고싶자나요 소리ㅠㅠㅠ
kkutti_h | 2024-11-13 | 아 쿨타임돌앗다…
mukorang | 2024-11-13 | 치로스 종맛 ㅜㅜㅜ
1onefood_ | 2024-11-13 | 오옹 이거 먹어보고싶네용😍😍😍
ruri.food | 2024-11-14 | 소리진짜 야무지다ㅠㅠㅠㅋㅋㅋㅋ 킹받아❤️❤️
ruri.food | 2024-11-14 | ❤️❤️❤️
muk__guri | 2024-11-14 | 머리위에 킹킹 받아요ㅜ
leeoh_review_ | 2024-11-14 | 아니,, 오랜만에 뿌링클 먹게 만드넹,,🙌
h_mochi_bungeo | 2024-11-14 | 오랜만에 뿌링킁 땡교요ㅠㅠㅠ아니 이렇게 잘드시는데 왜 살이 안찌세여
mukkarong | 2024-11-14 | 오우~~~오늘 저녁은 요고 먹어야겠어요!!🔥🔥
jack93kim | 2024-11-14 | 맛있겠다 ㅋㅋㅋㅋㅋㅋㅋㅋ
mukbulim_0817 | 2024-11-14 | 소리 대박!!!!
teddy_zip_ | 2024-11-14 | 캬아 소리 대박이자나여😍
jjupteacher_k | 2024-11-14 | 맛있는 먹방이네요! 저도 먹고싶어용❤
cook.3love | 2024-11-14 | 먹방계 샛별 이시네요😍
bottlejune__96 | 2024-11-15 | 아악 간만에 뿌링클 시켜먹어야겠군요 ㅠㅠㅠ😍😍
judithrsln | 2024-11-26 | 언니 운동하는 것을 잊지 마세요
junjun960820 | 2024-11-28 | 어서팔죠??
0.0illll | 2024-12-01 | 치로스 미쳤다 치즈+츄러스ㅠㅠㅠㅠㅠ 최애조합
jueeeee_ | 2024-12-07 | @dkwlsnskalsl 완벽히 내스탈이다 뿌링클+치즈ㅜ
greenshoo46 | 2024-12-11 | 뿌링클은 🔥🔥사랑❤️❤️❤️❤️
jjj____mr | 2025-01-17 | 왜 삼키는걸 안보여주나여;:
lu_xete__ | 2025-02-04 | 치킨 맛있겠네용🤤🤤
gimtaeeun6721 | 2025-03-07 | 너무맛있겠다❤️❤️❤️츄릅
k62327113 | 2025-04-04 | ❤️❤️❤️❤️❤️❤️
a89925313qq | 2025-05-07 | 😍😍😍"
2024-11-10,813,후라이드 vs 양념 ? 후라이드 치킨 이모지 먹방asmr 37주,"#먹방asmr, #후라이드치킨, #치킨먹방, #황금올리브, #이모지먹방, #asmreating, #mukbang, #mukbangasmr, #chicken","space_look__ | 2024-11-10 | 와 소리 기가막히네여😍
jjuchelin_ | 2024-11-10 | 츄베릅님 먹는 영상에 지금 바로 치킨 시켰어요,, 😍❤️
berup_x | 2024-11-10 | ❤️
mukrosee | 2024-11-10 | 전 후라이드❤️❤️
dama.dessert | 2024-11-10 | 와 소리 대박이에요❤️😍
korea_foodzone | 2024-11-10 | 아 먹고싶어진다,,
eat_fp | 2024-11-10 | 후라이드❤️❤️
h_mochi_bungeo | 2024-11-10 | 차세대 먹방 유투버🔥🔥🔥
missikaga | 2024-11-10 | 후라이드파 찬성❤️❤️❤️
jini_zzin | 2024-11-10 | 불닭마요가 복병이군요!🔥전 양념파😍
gge.juck | 2024-11-10 | 전 황올 다리만 후라이드로 시켜서 하나는 그냥 하나는 양념에 찍먹하는거 사랑해요😍
kkutti_h | 2024-11-10 | 다음부턴 모자 처음부터 써주세요 졸귀니껜요
dog.matdori | 2024-11-10 | 황올은 어디에 먹어도 찐이줭ㅠㅠ
ming_foodie_ | 2024-11-10 | 아 치킨땡겨요ㅠ
1onefood_ | 2024-11-10 | 소리 미쳤어요….
themukeou | 2024-11-10 | 와 소리 개미쳤다🙌🙌
81ackp0ny | 2024-11-10 | 아 치킨은 후라이지
bonge_o0o_food | 2024-11-10 | 너무 기욥네 ㅋㅋㅋㅋㅋ
kkutti_h | 2024-11-10 | ㅋㅋㅋ치킨모자졸귀
muckza_zzae | 2024-11-10 | 불닭마요ㅠ지리겟다..
mukorang | 2024-11-10 | 와 불닭마요ㅠㅠㅠ미쳐땨..
hihee.e | 2024-11-10 | 아ㅠㅠㅠ소리에 미쳐요
muk.seori | 2024-11-10 | 불닭마요소스…. 사러갑니다
sh.cookkook | 2024-11-10 | 소리 레전드,,,
go_yang_eat | 2024-11-10 | 소리 반칙.🚨
hh.__.jin | 2024-11-10 | 모자 귀여웤ㅋㅋㅋ😍
mukjung_ | 2024-11-10 | 불닭마요 ❤️
bottlejune__96 | 2024-11-10 | 저도 간만에 황올 조질래요 ㅠㅠㅠ😍
muk_captain_ | 2024-11-10 | 으아이씨이.. 졸라맛있겟가..0
leeoh_review_ | 2024-11-10 | 아니 너무 맛있게 먹는거 아니냐구,,
100rang_food | 2024-11-10 | 아 오늘야식 치킨이댜ㅑ😮
ruri.food | 2024-11-10 | 불닭마요 냐나❤️❤️❤️
ruri.food | 2024-11-10 | ❤️❤️
laurent_busan | 2024-11-10 | 이 야밤에 치킨 ASMR을 보다니 …😂😂
moonchelin.chef | 2024-11-11 | 너무 맛나보이네요❤️
mukkarong | 2024-11-11 | 아침부터 닭다리 완전 땡겨요!!🔥
jameslee0911 | 2024-11-11 | 소리가 기가막히네여❤️
meokkoking | 2024-11-11 | 바삭바삭!!!😍
js__1oo4 | 2024-11-11 | 후라이드 후라이드🔥
mat_puri | 2024-11-11 | 전 완전 후라이드 뼈 파😍
jack__foodie | 2024-11-11 | 오ㅓ 불닭마요 끌린다..
eating_happily_ | 2024-11-12 | 아 ㅋㅋㅋㅋ치킨모자 몬데ㅠㅋㅋㅋㅋㅋㅋ 귀여웡,,
jjupteacher_k | 2024-11-12 | 후라이드와 양념 치킨 둘 다 너무 맛있겠네요! 저도 먹고싶어용❤
gyul_yummy | 2024-11-12 | 전 후라이드파💖
bokjaaa___ | 2024-11-13 | 존맛이겠어요… 허❤️
0.0illll | 2024-12-01 | 소스 원픽은 몬가여"
2024-11-09,744,부모님이 내 인스타를 팔로우한다면? 37주,"#fyp, #reels, #릴스, #먹방asmr, #추천","gur_wns | 2024-11-10 | ㅋㅋㅋㅋㅋㅋㅋㅋㅋㅋㅋㅌ 귀엽당
berup_x | 2024-11-09 | ❤️
mu_ch1cken | 2024-11-09 | (아침)7시 귀가성공
배달음식 ㅇㅇ❤️
먹은건 내일내일 설거지
(아침)10시 취침 완료
ming_foodie_ | 2024-11-09 | 아빠는 댓글도 달아욬ㅋㅋㅋㅋㅋ
ruri.food | 2024-11-09 | 아귀여웡ㅌㅋㅋ
eating_happily_ | 2024-11-09 | 앜ㅋㅋㅋㅋㅋ키180까지🔥
jinarye | 2024-11-09 | 우럼마도 내꺼 가끔 봄
zmin__ovo | 2024-11-10 | 알라뵤 ♡
j2ch.busan | 2024-11-09 | 뭐지.. 여친짤이에요?🙄
eunsil5317 | 2024-11-09 | 180 가즈아아❤️❤️
jjgongju_ | 2024-11-09 | 키 180이요?🙌
__day._.0 | 2024-11-09 | 우리 엄마는 내꺼 매일봄
jinarye | 2024-11-09 | 긔여워
muckza_zzae | 2024-11-09 | ㅋㅋㅋㅋ180가즈아
2_geuno.o | 2024-11-09 | 귀여워♥️♥️
k62327113 | 2025-04-14 | ❤️❤️
jack__foodie | 2024-11-09 | ㅋㅋ180가보자
busan_delicious_diary | 2024-11-09 | 😂😂😂
muscle_gucciiii | 2024-11-09 | 🔥🔥🔥
golden_sang_ | 2024-11-09 | 180 ㅋㅋㅋ
gaegulgaegul91 | 2024-11-09 | 진심으로 지금 맞팔되어있어요😢
hihee.e | 2024-11-09 | 키180??!!
muk.seori | 2024-11-09 | ㅋㅋㅋㅋ180가보쟈구
100rang_food | 2024-11-09 | 나는야 착한어린이!😮
dokkkiee | 2024-11-09 | 아침 7시 귀갘ㅋㅋㅋㅋㅋㅋㅋㅋㅋㅋㅋㅋㅋㅋㅋㅋ
leeoh_review_ | 2024-11-09 | 귀여웤ㅋㅋㅋㅋㅋ😍
dama.dessert | 2024-11-09 | ㅋㅋㅋㅋㅋㅋㅋㅋㅋㅋㅋㅋㅋ맞팔
ggam_food | 2024-11-10 | 또이잉😂
space_look__ | 2024-11-10 | 180 가즈아👏👏
bonge_o0o_food | 2024-11-10 | 귀욤ㅋㅋㅋㅋㅋ
jjupteacher_k | 2024-11-10 | 부모님이 팔로우하신다면 재미있겠네요! 저도 먹고싶어용❤
mooncheeyu | 2024-11-11 | 저는 결혼하고 나서야 엄마 인스타 계정 차단을 풀어줬어요
myeong_jonmatt | 2024-11-12 | 전 엄마 스토리 제한걸어놨는데ㅋㅋㅋㅋ
dx.ung_ | 2024-12-23 | 난 엄마가 팔하자마자 차단해버렸.."
2024-11-08,347,더현대서울에 핑구가 떴다? [베르비 나들이_더현대편] 37주,"#더현대서울, #앙시앙, #여의도맛집, #크레페맛집, #먹방asmr, #간식추천, #디저트맛집, #포르쉐, #오버워치, #핑구, #팝업스토어, #팝업, #더현대서울팝업","mukddo_muk | 2024-11-08 | 와,,,크레페 다 맛나보여요ㅠㅠ비쥬얼 미쳤다,,,
ddub_e2 | 2024-11-08 | 나는 크림브륄레 먹고싶다 츄베릅😮
mukrosee | 2024-11-08 | 크레페 저도 먹을래여옹❤️❤️
s0happylife | 2024-11-08 | 악ㅋㅋㅋㅋㅋㅋ 진짜 직원분 귀여우시네욬ㅋㅋㅋ
ruri.food | 2024-11-08 | 베르비 나들이❤️❤️귀엽
jameslee0911 | 2024-11-08 | 크으 저도 먹어보고 싶어요😍
h_mochi_bungeo | 2024-11-08 | 진짜 넘 귀여우셔요
bonny_vely_ | 2024-11-08 | 우와 핑쿠❤️❤️
siso_father | 2024-11-08 | 진심 너무 먹고싶네요 😍
colorfulsundays | 2024-11-08 | 우와앙😍😍😍
jini_zzin | 2024-11-08 | 핑구 인정ㅋㅋ피타맛 탐나요💚
muckza_zzae | 2024-11-08 | 우앙 넘 맛나겟당 핑구 졸긔
berup_x | 2024-11-08 | ❤️
mukjung_ | 2024-11-08 | 차기엽닼ㅋㅋㅋㅋ 나 핑구진짜조아햇는데....
con_coffeeornot | 2024-11-08 | 더현대에 바로 크으으👏👏
jjong_mattang | 2024-11-08 | ㅋㅋㅋㅋㅋㅋㅋ헐 영상 보고 나니까 진짜 핑구랑 똑띠인데요..?😂
muk._.chuuru | 2024-11-08 | 모야모야 핑구엿어?ㅋㅋㅋ
yeoni_mukstar | 2024-11-08 | 우와 진짜 핑구 같아요….!!
hid_zip | 2024-11-09 | 언니 더 예뻐진거가타요…❤️
leeoh_review_ | 2024-11-08 | 앜ㅋㅋㅋㅋ진짜 핑구 닮아따❤️
100rang_food | 2024-11-08 | 저거 포르쉐맞냐구요..
hihee.e | 2024-11-08 | 로앙❤️❤️❤️ 크륌뷔릴레크레페 먹고파용
gge.juck | 2024-11-08 | 여기 피쵸가 진짜 찐이잖어요 ㅠㅠ
dokkkiee | 2024-11-08 | ㅋㅋㅋㅋㅋㅋ핑구닮아써 ㅠㅠㅠㅠㄱㅇㅇ
solzik_review | 2024-11-08 | 크레페는 근본이네요!!
wdtt_juno | 2024-11-13 | @rhkrehd7 ㅋㅋㅋㅋㅋㅋㅋㅋㅋㅋㅋㅋㅋㅋ 저요 이러고있네 ㅋㅋㅋㅋㅋㅋㅋㅋ
mukkarong | 2024-11-08 | 오오오!! 크레페 완전 맛있겠어요!!🙌🙌
bonge_o0o_food | 2024-11-08 | 저욬ㅋㅋㅋㅋㅋㅋ
muk.seori | 2024-11-10 | @wdtt_juno 저요(?)
rara_muk | 2024-11-08 | 더현대 당장 갈래요❤️
0.0illll | 2024-11-08 | @seotofuu 타이칸이....타이칸이라나 머라나ㅠㅠㅠ
themukeou | 2024-11-08 | 직원분 관종끼갘ㅋㅋㅋㅋ우리과네🙌
j2ch.busan | 2024-11-08 | 저 부산사람인데 아직 이거 못먹어봤어요😢
hj_foodie | 2024-11-08 | ㅠㅠ크림브륄레 진짜 맛있어보인당 🥹🔥 더현대가면 먹어야징
1onefood_ | 2024-11-09 | 더현대 달려갑니당😍😍
space_look__ | 2024-11-09 | 와 맛잇어보여요😍
js__1oo4 | 2024-11-09 | 핑두 추억 돋네용🥺🥺🥺
yome_foodie | 2024-11-09 | ㅋㅋㅋㅋ저요라닠ㅋㅋㅋ크레페 종류별로 먹어보고싶어요❤️
tastebuds__official | 2024-11-09 | 크레페 비줠 넘 예뻐요❤️
sowon_yam2 | 2024-11-09 | 펭크펭귄디귀여워여❤️
mukchoding | 2024-11-09 | 먹어보고싶어요🔥
hungry_university | 2024-11-09 | 디저트 땡겨요😍
eat_fp | 2024-11-10 | @reekyung_h"
2024-11-06,454,하리보 코하쿠토 만들기 asmr 38주,"#먹방asmr, #하리보, #하리보코하쿠토, #코하쿠토, #젤리, #젤리먹방, #mukbang, #mukbangasmr, #asmreating, #eatingasmr, #mukbangfood, #간식추천","teddy_zip_ | 2024-11-06 | 우앙 이걸 만드셨다니😍ㅋㅋㅋㅋㅋ
taetae_foodie | 2024-11-06 | 소리 너모 조챠나옄ㅋㅋㅋㅋㅋㅋ❤️
mukrosee | 2024-11-06 | 우아 소리도 좋네요
aug_piiggg | 2024-11-06 | 소리 완전 좋아여🥹
space_look__ | 2024-11-06 | 사운드 좋은데여
yumyum_report | 2024-11-06 | 반지끼고 먹는거 넘 귀여워용 ㅎㅎ
1onefood_ | 2024-11-06 | 사운드 쥑이네요😍😍😍
siso_father | 2024-11-06 | 소리 대박이네요😍
jini_zzin | 2024-11-06 | 샤베트 깨물어 드시는 거 같은 소리 듣기 좋은데요👏
j2ch.busan | 2024-11-06 | 마이크 구매하셨나요ㅋㅋㅋㅋㅋ
moo_boza | 2024-11-06 | 고추젤리도 해주세요!!
berup_x | 2024-11-06 | ❤️
seoul__guide | 2024-11-06 | 대박..완전 군침돌아요 ㅠㅠ
muckza_zzae | 2024-11-06 | 하트 ㅠㅠ궈여앙
themukeou | 2024-11-06 | 반지 자랑하는거 졸귀야🙌
mukbulim_0817 | 2024-11-06 | 오! 소리 완전 좋아요
leeoh_review__ | 2024-11-06 | 하트까지❤️
100rang_food | 2024-11-06 | 저희 집으로도 보내주세요😮
dama.dessert | 2024-11-06 | 귀여워요 ㅎㅎ 츄베릅님❤️
bonge_o0o_food | 2024-11-06 | 소리 좋다❤️❤️ 마이크가 아쥬 귀욥ㅋㅋㅋ
ming_foodie_ | 2024-11-06 | 소리 대박인데용👏
hh.__.jin | 2024-11-06 | 소리 좋다ㅠㅠ
js__1oo4 | 2024-11-06 | 소리가 킬포인데용🥰💛
eat_fp | 2024-11-06 | @reekyung_h 😍
sowon_yam2 | 2024-11-06 | 하트 너무조아용❤️❤️
wanteat._.eat | 2024-11-06 | 블루예티 마이크 맞나요?ㅋㅋㅋ 소리 좋아요😍
laurent_busan | 2024-11-06 | 코하쿠토 소리 진짜 .. ❤️❤️
ham2_ni__ | 2024-11-06 | 궁금해여 ㅜㅜ❤️
mukchoding | 2024-11-06 | 헐 먹어보고파요🔥
hihee.e | 2024-11-06 | 계란후라잌ㅋㅋㅋ
wu_hyun | 2024-11-06 | 딸랑구도 요즘 이거 만들어 먹더라구여 ㅋㅋ
muk.seori | 2024-11-06 | 스웨디시젤리는 영원히 빠빠이군여..
mukjung_ | 2024-11-06 | 그래서어땟오
mukjung_ | 2024-11-06 | 하리보
ruri.food | 2024-11-06 | 반지끼고 먹는거 졸귀야 소녀야❤️❤️
jack__foodie | 2024-11-06 | 거짓말 젤리에서 저런소리가 으악
bottlejune__96 | 2024-11-07 | 하리보 코하쿠토 식감만들어도 넘맛나겠는데요 ㅠㅠㅠ❤️❤️
kkutti_h | 2024-11-07 | 소리 넘죠타,,,
kkutti_h | 2024-11-07 | 반지! 뱀!ㅋㅋㅋㅋ
rara_muk | 2024-11-07 | 사각사각 궁금해요❤️
misick.mag | 2024-11-07 | ㅋㅋㅋㅋㅋ사운드 직이네예
busan_grida | 2024-11-07 | 소리가 직이는데요
yeoni_mukstar_01 | 2024-11-08 | 오오 요거 씹는 소리 넘 좋네요❤️❤️
muk_joongsa | 2024-11-08 | 아따 잘 드시네영ㅋㅋㅋㅋㅋ❤️❤️
jjupteacher_k | 2024-11-08 | 정말 재미있는 영상이네요! 저도 먹고싶어용❤
gge.juck | 2024-11-08 | 저 콜라맛 짱 궁금해요😮"
2024-11-05,1951,베이비벨 치즈 이모지 먹방 asmr 수정됨 · 38주,"#베이비벨치즈, #베이비벨, #치즈먹방, #먹방asmr, #이모지먹방, #이모지챌린지, #babybell, #cheese, #mukbang, #mukbangasmr, #babybel","100rang_food | 2024-11-05 | 꼬릿꼬릿 치즈 체고😍
js__1oo4 | 2024-11-05 | 누텔라랑 같이 먹어보고 싶네욤💛💛
1onefood_ | 2024-11-05 | 요거요거 맛있즁😍😍
jjupteacher_k | 2024-11-06 | 정말 맛있어 보이네요! 저도 먹고싶어용❤
jini_zzin | 2024-11-05 | 구워서 누텔라 발라 먹을래요!!❤️🤎
berup_x | 2024-11-05 | ❤️
mukrosee | 2024-11-05 | 우아 저도 궁금해용 ㅠㅠ
kkutti_h | 2024-11-05 | 이거 넘 궁금해..😮❤️
yumyum_report | 2024-11-05 | 저는 구워먹는거 넘 맛있을거같아영
eunsil5317 | 2024-11-05 | 저도 먹어보고싶어유ㅠ❤️❤️
ruri.food | 2024-11-05 | ❤️❤️
yeoni_mukstar | 2024-11-05 | 영상 날아간 거 넘 슬프네용 ㅠㅠ 와중에 저도 요거 넘 궁금하네요!!
muckza_zzae | 2024-11-05 | 꿀이랑 먹어보거싶다! 굽는영상😂
ruri.food | 2024-11-05 | 영상 날아감 슬퍼요ㅠㅋㅋㅋ
d_t_muksta | 2024-11-05 | 8.5점이군요?ㅋㅋㅋㅋㅋ
jjong_mattang | 2024-11-05 | 엇 베릅님 마이크 장만하셨네요!?
muk._.chuuru | 2024-11-05 | 오! 날아간영상급구😇
mat_puri | 2024-11-05 | 치즈라니!!! 먹어보고싶어요!!
eat_fp | 2024-11-05 | @reekyung_h 😮
bonge_o0o_food | 2024-11-05 | 영상 날아간고 슬포..ㅠㅠㅋㅋㅋ
gge.juck | 2024-11-06 | 이정도면 왁스 좋아하시는게 분명해요
mukbulim_0817 | 2024-11-05 | 오!! 요거 궁금했는데 먹어볼래요
rara_muk | 2024-11-05 | 이거 궁금해요❤️
misick.mag | 2024-11-05 | ㅋㅋㅋㅋㄱ다시 그워먹어주세여
h_ye_2 | 2024-12-03 | @ha._.taee 이고양
mukjung_ | 2024-11-05 | 마이크모야기여웤ㅋㅋ
jack93kim | 2024-11-05 | 조으다으앗...❤️
mukchoding | 2024-11-05 | 먹어보고파요😮❤️
laurent_busan | 2024-11-06 | 이거 치즈 궁금하더라구요 !!!
eating_happily_ | 2024-11-06 | 오 나는 초코랑 구워먹기❤️❤️ 구워진 영상 찾아요,,,,
leeoh_review_ | 2024-11-06 | 나도 치즈 후기 영상 만들어놨당!!😍
foo__zim | 2024-11-07 | 오오 궁금하다 이런거 안먹어봤느뎅"
2024-11-03,916,배라 11월 신상 치토스맛? 38주,"#배라, #배스킨라빈스, #베라, #이달의맛, #치토스, #치토스밀크쉐이크아이스크림, #아이스크림, #베라이달의맛, #신상리뷰, #간식추천, #먹방asmr, #디저트맛집","mandoo_balddoong | 2024-11-03 | 우왕 ㅋㅋㅋ 치토스맛 넘나궁금해요 ❤️
korea_foodzone | 2024-11-03 | 신상은 먹어줘애쥬~~
seoul__guide | 2024-11-03 | 치토스맛 궁금함데요?!
jini_zzin | 2024-11-03 | 단짠짠 단짠짠 굿👏👏ㄱㄱ
matcoder_ | 2024-11-03 | 오... 이 맛도 궁금하네여
ruri.food | 2024-11-03 | 귀요미토스❤️❤️
berup_x | 2024-11-03 | ❤️
ruri.food | 2024-11-03 | ❤️❤️
hihee.e | 2024-11-03 | 치토스맛 넘 궁그매료❤️❤️
100rang_food | 2024-11-03 | 유악..치토스 눅눅하면 최악일거같운데..😮
muckza_zzae | 2024-11-03 | 싱기하다..😍
bonge_o0o_food | 2024-11-03 | 눅눅한거 섞여잇는건 아쉽찌만 마싯겟달..!!!
muk.seori | 2024-11-03 | 오 매콤하기까지하다니
눅눅쓰한건 조콤 아쉽,ㅎ
eating_happily_ | 2024-11-03 | 오 이것두 단짠이었군😮
gyul_yummy | 2024-11-03 | 치토스맛이라닠ㅋㅋㅋㅋ신기해여
moo_boza | 2024-11-03 | 엥 치토스맛이요?? ㅋㅋㅋㅋㅋㅋㅋ 🔥
sowon_yam2 | 2024-11-03 | 베라로 출동해여겠어요❤️
woody_oo | 2024-11-03 | 앜ㅋㅋ 너무 궁금한데요!? 😂
1onefood_ | 2024-11-03 | 오옹 이거 도전하고싶은데요 후기 감사함돸ㅋㅋㅋ
eat_fp | 2024-11-03 | @reekyung_h
leeoh_review_ | 2024-11-03 | 단짠 진짜 최고다❤️
mat_puri | 2024-11-03 | 치토스 맛이라니!! 너무 궁금합니다><
jack93kim | 2024-11-03 | 오 ....훔 한번 먹어바야게따
gge.juck | 2024-11-03 | 와 이거 맛 상상 안가는데요…?😮
bottlejune__96 | 2024-11-03 | 치토스맛이라니 뭔가 호기심 발동하니까 한번 맛볼래요!! ㅎㅎㅎ😮
mukrosee | 2024-11-03 | 치토스맛 궁금해용!😯
wanteat._.eat | 2024-11-03 | 단짠한게 진짜 최고인 거 같아요,, 저도 먹어볼래요ㅋㅋ😍
muk_joongsa | 2024-11-03 | 한번쯤 먹어볼만두! 이건 꼭 먹어보고 싶은데영,,🙌
mukbulim_0817 | 2024-11-03 | 요거 궁금하던데 단짠이라니 내일 당장 먹어야겠어요
hj_foodie | 2024-11-04 | ㅠㅠ단짠단짠 조합 진짜 지린다🔥
tastebuds__official | 2024-11-04 | 오😍 한번 먹어봐야겠어용
bokjaaa___ | 2024-11-04 | 단짠에서 짠이 이기다니 궁금😍
mukkarong | 2024-11-04 | 요고 저두 먹어볼래요!!🔥
js__1oo4 | 2024-11-04 | 당장 사먹어야해🔥🔥
mukteven_jobs | 2024-11-04 | 치토르라니..!😮 우리 먹팔해요✨ 선8️⃣ 하고 갑니당
jjong_mattang | 2024-11-04 | 치토스맛이라니 ㄹㅇ궁금한데요..?
mukzzang_bread_ | 2024-11-04 | 치토스도 같이 사서 찍먹해봐야겠어요 ❤️
rara_muk | 2024-11-04 | 단짠단짠 대박❤️
teddy_zip_ | 2024-11-04 | 오 생각보다 맛잇나보군요😮
jjupteacher_k | 2024-11-04 | 치토스맛 아이스크림이라니 정말 궁금하네요! 저도 먹어보고싶어요❤
ggam_food | 2024-11-04 | 치토스맛 궁금하네여❤️
muk._.chuuru | 2024-11-04 | 한번쯤? 😮 도...도전?
yeoni_mukstar | 2024-11-04 | 오오 이거 진짜 단짠단짠할 것 같아요😮😮
mochl_ahahcnl | 2024-11-05 | 치토스맛 궁금해요 🔥🔥
bookkiiiiiii | 2024-12-01 | 진짜존나맛업ㄱ음"
2024-10-31,697,CU 대란템이었던 이웃집통통이쿠키 신상? CU에서 이웃집통통이 두바이식솔티카라멜쿠키 출시🫶🏻 이전에 나온 두바이식초코쿠키는 위에 올라간 것만 먹고 싶었는데 이번에는 어떨까요? 제 점수는요? (영상끝에 나와요) 💵 3600원 38주,"#이웃집통통이두바이식솔티카라멜쿠키, #이웃집통통이, #씨유신상, #간식추천, #신상리뷰, #두바이초콜릿, #두바이초콜렛, #카다이프, #솔티카라멜, #이웃집통통이두바이식초코쿠키, #두바이초코쿠키, #편의점신상, #먹방asmr, #편의점디저트, #디저트맛집","jjuchelin_ | 2024-10-31 | 와,, 요전에껏도 나름 맛나게먹었눈데 요것도 단짠단짠하니 넘 맛날거같아용😍😍❤️
mukcamera | 2024-10-31 | 오~카라멜추가?😍
food_zohaa | 2024-11-01 | 쿠키사랑이자나요❤️
teddy_zip_ | 2024-11-01 | 오오옹. 너무 궁금해요😍ㅋㅋㅋㅋ
wanteat._.eat | 2024-10-31 | 단짠단짠해서 맛있을 거 같은데요?! 조금 더 짭짤하면 좋았겠네요ㅋㅋ😍
jjupteacher_k | 2024-11-01 | 신상 쿠키가 정말 궁금하네요! 저도 먹고싶어용❤
eating_happily_ | 2024-11-01 | 단짠이라 합격❤️
qbee.eat | 2024-11-01 | 아니 소리가 근데 넘좋아 ..❤️
yoon.min.ga.0513 | 2024-10-31 | 먹어볼께여🔥
ruri.food | 2024-10-31 | 바쟉바쟉 소리보서❤️
1onefood_ | 2024-10-31 | 오옹 완전 먹어보고싶은데요!!
mingki0620 | 2024-10-31 | 오😍😍먹어보고싶어요😍
mukrosee | 2024-10-31 | 통통이 저도 살래용❤️
js__1oo4 | 2024-11-01 | 커피랑 먹으면 찰떡이게따🤎
berup_x | 2024-10-31 | ❤️
mukchoding | 2024-11-01 | 한번 먹어보고파요🔥
hihee.e | 2024-10-31 | 오홍ㅋㅋㅋ먹어봐야게써요❤️
yam_yam_ping | 2024-10-31 | 와 소리 대박 .. 빠삭할듯❤️
ming_foodie_ | 2024-11-01 | 한번 사먹어볼래용🙌
miri_muk | 2024-10-31 | 와 10점 만점에 9점이라니!! 꼭 먹어봐야 겠네여
100rang_food | 2024-10-31 | 통통이 바쁘다바빠😮
0.0illll | 2024-11-01 | @seotofuu 이거보고 피스타치오맛 사옴! 존맛탱
__it.s.youn | 2024-11-04 | 오호오 !!요고 사러 고고고
gge.juck | 2024-10-31 | 어딜 계속 보시는거예요…?😮
themukeou | 2024-11-01 | 오 그럼 사먹어봐야겠담🙌🙌
mukkarong | 2024-11-01 | 단짠단짠 완전 맛보고싶어요!!🙌🙌
jack__foodie | 2024-11-02 | 대란템예상이누
muk_joongsa | 2024-10-31 | 오늘 갓는데 없어서 못 먹었어용ㅠㅠㅠ🙌
mukjung_ | 2024-11-01 | 바삭소리미쳐땽
rara_muk | 2024-11-01 | 이거 먹어볼래요😍"
2024-10-31,374,요즘 유행 하리보 코하쿠토 만들기? 39주,"#코하쿠토만들기, #하리보코하쿠토, #하리보, #젤리먹방, #먹방asmr, #간식추천, #스웨디시젤리, #스웨덴젤리, #디저트맛집, #코하쿠토, #하리보코하쿠토만들기","yome_foodie | 2024-10-31 | 식감 궁금해요❤️
mukrosee | 2024-10-31 | 오앙 저도 나중에 만들어볼래요!
e.den_0.0 | 2024-10-31 | 오오~ 저도 만들어볼래욤🔥❤️
cha.chav | 2024-10-31 | 오호 이런게 또 유행각인가욥 ❤️❤️
teddy_zip_ | 2024-10-31 | 으악ㅋㅋㅋㅋㅋㅋㅋㅋ 맛이 아쉽나보네유
bottlejune__96 | 2024-10-31 | 헛 보기만해도 궁금해지는걸요!! ㅎㅎㅎ😮😍
kimcoffee_c | 2024-10-31 | 맛은 좀 아쉬운가봐용😢😂소리는 넘 좋은데용👍🏻✨
laurent_busan | 2024-10-31 | 코하쿠토 이거 소리가 진짜 맛있어보여요 ㅋㅋㅋㅋ
mukzzang_bread_ | 2024-10-31 | 요고 예전에 유행이였던거 같응데 다시 돌아왔나보네요 🔥
hj_foodie | 2024-11-04 | ㅋㅋ헐 하리보가 진짜 왕 커졌넹?😮
eating_happily_ | 2024-11-01 | 이거 엄청 많이 불려야 되더라구..? 2트만에 성공😂
1onefood_ | 2024-10-31 | 오옹 신기방기하네영😍
berup_x | 2024-10-31 | ❤️
yeoni_mukstar | 2024-10-31 | 우왕 요즘 유행이라면 저도 한번 사서 먹어볼래요😮😮
bonge_o0o_food | 2024-10-31 | 신기해!! ㅋㅋㅋ🔥🔥🔥
mukddo_muk | 2024-10-31 | 오 저두 해볼래용ㅋㅋ
wu_hyun | 2024-10-31 | 저도 몇번 본적 있는데 진짜 신기합니다 ㅎ
muckza_zzae | 2024-10-31 | 왜유행하는고지😮
muuk.dda | 2024-10-31 | 이는 안 시렵나요..?!!!
picky._.eat | 2024-10-31 | 오오 이거 만들어 먹어보고싶엇는데 아쉬움이ㅠㅠㅠㅠ
gge.juck | 2024-10-31 | 크기가 커졌다는건.. 개이득..?
sowon_yam2 | 2024-10-31 | 하리보로 먹어봐야징 ㅎㅎ
muk.seori | 2024-10-31 | 오 스웨디시보단 하리보가 더 맛있나보네유 크기 커진거 완전신기해요ㅋㅋㅌㅋ
jini_zzin | 2024-10-31 | 별론가보군요ㅋㅋ😢
miri_muk | 2024-10-31 | 오오 저도 해볼래요!!
ggam_food | 2024-10-31 | 크..아쉽네여 ㅠ
js__1oo4 | 2024-10-31 | 24시간 이상 해야하네오😶
leeoh_review_ | 2024-10-31 | 우와 신기하네😮
bokjaaa___ | 2024-10-31 | 와 식감 대박알 것 가타여 ㅠ 맛은 ㅠㅠ
seotofuu | 2024-10-31 | 저도 먹어보고 싶어요
hihee.e | 2024-10-31 | 왘ㅋㅋ젤리에사이다라닠ㅋㅋ
eu_ni911 | 2024-10-31 | 배로만든사이다로 해보세요ㅋ 더맛나요ㅎ
rara_muk | 2024-11-01 | 따라해볼래용❤️"
2024-10-30,910,"오늘(10/30) 나온 연세우유 밤티라미수생크림빵? 부드러운 초코빵 안에 밤크림, 커피 커스터드 조합🫶🏻 나폴리맛피아 밤티라미수 맛을 재현하려고 한 느낌 제 점수는요? (영상 끝에) 💵 3400원 수정됨 · 39주","#연세우유밤티라미수생크림빵, #신상리뷰, #간식추천, #먹방asmr, #연세우유생크림빵, #연세우유, #편의점신상, #편의점디저트, #디저트맛집, #나폴리맛피아, #밤티라미수, #밤티라미수생크림빵, #씨유신상, #흑백요리사","eating_happily_ | 2024-10-30 | 추천추천❤️ 역시 연세😍
korea_foodzone | 2024-10-30 | 밤티라미슈 크림빵 넘 궁금쓰
jjuchelin_ | 2024-10-30 | 오와,, 요거 아직 안먹어봤는데 츄베릅님 추천추천이면 당장 궈궈😍😍
mukdang0 | 2024-10-30 | 쫀맛 츄베릅❤️❤️
yam_yam_ping | 2024-10-30 | 오왕 맛 궁금해여❤️
yeoni_mukstar | 2024-10-30 | 우와 ㅜㅜ 이번 연세 신상 넘넘 기개되네용🔥🔥
umuk_umuk | 2024-10-30 | 편의점 털러 가요 ㅎㅎ😍
berup_x | 2024-10-30 | ❤️
sse_luv | 2024-10-30 | 오옹 궁금해용
__day._.0 | 2024-10-30 | 은동 끝나고 인스타 켰더니 밤티라미슈!! 오늘 야식은 이거닼 ㅋㅋ
jjong_mattang | 2024-10-30 | 홀리앁.. 크림 미쳤다👏
foo__zim | 2024-10-30 | 헐...지금가야지
jack__foodie | 2024-10-30 | 추천추천
bonge_o0o_food | 2024-10-30 | 아뉘 이거 진자 먹고싶다....
moo_boza | 2024-10-30 | 지금 구하러 갑니다 ㅋㅋㅋㅋㅋㅋㅋ 🔥
shinye7_ | 2024-10-31 | @youkkim_ 이거 먹어죠
bumjangjakey | 2024-11-04 | @winwin_eon 가시죠 ㅋㅋ
100rang_food | 2024-10-30 | 왕.. 이거 어떻게구했데😮😮
jini_zzin | 2024-10-30 | 오오!!후한점수👍달려갑니데이🏃🏃‍♀️💨
muk.seori | 2024-10-30 | 헐 9점이라니
귀하다
ruri.food | 2024-10-30 | 쫀맛연세❤️❤️내나❤️❤️
ruri.food | 2024-10-30 | ❤️❤️
hj_foodie | 2024-10-30 | ㅠㅠㅠ헐 이건 진짜 맛있겠따❤️ 나두 먹어봐야겠어
teddy_zip_ | 2024-10-30 | 우아 꾸우덕 밤크림 미쳐요😍😂
tttt.yeon_ | 2024-10-30 | 오 밤이다❤️❤️❤️
magoo_wagoo | 2024-10-30 | ㅠㅠㅠㅠ당장 먹고시퍼요😢
gangdowoman | 2024-10-30 | 대박 드디어 나올게 나왔어요👏👏👏
wu_hyun | 2024-10-30 | 이젠 밤티라미수까지 나오다니 정말 대박이에영🔥
muckza_zzae | 2024-10-30 | 징짜 언넝 먹구싶다ㅠㅠ
minny_mukhaengja | 2024-10-30 | 우왕 연세우유크림빵 또 열일하네요 밤티라미수 사먹으러 가야겠어요😍
mochl_ahahcnl | 2024-10-31 | 보이면 사보겠어요❤️
mukrosee | 2024-10-31 | 오 요고 사야겠네용😍
gge.juck | 2024-10-31 | 연세는 실패가 없다…😮
leeoh_review_ | 2024-10-31 | 이거 나두 사왔어!!❤️
yamm__h | 2024-10-31 | 밤티라미수 저도 먹어볼래요🌰🤎
mukkarong | 2024-10-31 | 앗...!!!요고 완전 대박인데요?!!!😮😮😮
hihee.e | 2024-10-31 | 헐 ㅜㅜ언제나오나했능데드디아❤️❤️
muk._.chuuru | 2024-10-31 | 연세 티라미슈 빵❤️
js__1oo4 | 2024-10-31 | 크림 왕 많다🤤👍🏻
1onefood_ | 2024-10-31 | 우아…신상달려갑니다😍😍
jimingim664 | 2024-10-31 | 밤티라미슈를 맛있게 즐기는 모습이 너무나도 예쁘고 아름답고 사랑스러운 공주님이었어요🤗🥰😻😇😍💖💕
laurent_busan | 2024-10-31 | 연세 밤티라미수빵이 더 마싯겠는데요!!!
food_zohaa | 2024-10-31 | 티라미수 크림빵 좋아요❤️❤️❤️
themukeou | 2024-10-31 | 추천추천❤️
gambo_food | 2024-11-02 | 우와 이것도 먹고싶은데 구하기힘들듯요😂"
2024-10-29,2965,먹고 뱉어야하는 왁스스틱캔디 얼려먹기? 39주,"#왁스스틱캔디, #신상리뷰, #간식추천, #왁스캔디, #먹방asmr, #편의점신상, #편의점디저트, #디저트맛집, #mukbang","siso_father | 2024-10-29 | 너무 맛있겠어요 😍
berup_x | 2024-10-29 | ❤️
mochl_ahahcnl | 2024-10-29 | 우앙 저도 보이면 사볼래용
yeoni_mukstar | 2024-10-29 | 이거 넘 신기하네요😮😮
ming_foodie_ | 2024-10-29 | 아 이거 넘 궁금해여
qbee.eat | 2024-10-29 | 겉에왁스는 못먹는데 도대체 왜 저걸 만들까여 ?...
muckza_zzae | 2024-10-29 | 넘 맛도리겟자나여ㅠㅠㅠ❤️
cielo.s7 | 2024-10-29 | 편의점에서도 요게 나왔네요 궁금궁금❤️
100rang_food | 2024-10-29 | 보는걸로 만족..
jini_zzin | 2024-10-29 | 뱉으면서 먹어야 히는 거라니...혼자서 먹어야 겠어요ㅋ
sse_luv | 2024-10-29 | 대박이자나용👏
1onefood_ | 2024-10-29 | 앜ㅋㅋㅋㅋㅋㅋㅋㅋㅋㅋㅋ오프닝 지리시네요 깜짝앜ㅋㅋㅋ
yoon.min.ga.0513 | 2024-10-29 | 뱉어내야해요???
laurent_busan | 2024-10-29 | 왁스스틱캔디 특이하네용 ㅋㅋㅋㅋ
yome_foodie | 2024-10-29 | 진짜 왁스네요!???😮
ruri.food | 2024-10-29 | ㅋㅋㅋㅋ아 눈에 점점 초점이 업써여
jjong_mattang | 2024-10-29 | 먹기 엄청 힘들어 보이는데요…?😂
eat_fp | 2024-10-29 | 양초,,,😂😂😂
gge.juck | 2024-10-29 | 앜ㅋㅋㅋㅋ 내용물만 쏙빼먹고 뱉어야해요?
__day._.0 | 2024-10-29 | 먹으면서 갈길 잃은 눈동자 처음봐요
sowon_yam2 | 2024-10-29 | 비튜! 먹고뱉으면 왜먹어 인정요ㅠㅠ
hihee.e | 2024-10-29 | 오홍ㅋㅋㅋ왁스스틱캔딬ㅋㅋㅋㅋ
golden_sang_ | 2024-10-29 | ㅋㅋㅋ 겉에 식용이 아니였다니 …ㅋㅋㅋㅋ
jack__foodie | 2024-10-29 | 왁스는왜버려야해???? 궁금해
busan_delicious_diary | 2024-10-29 | 오우 너무 궁금란데요??
4j1pud | 2024-11-01 | 개이뻥
jx.m_214 | 2025-02-03 | 왁스 먹어도 될텐데 얼마예요?
miri_muk | 2024-10-29 | 와 시럽 많이 들었네요~~ 근데 왁스를 얼리면 진짜 안씹히겠어요
maison7927 | 2024-11-15 | 왁스를 못 먹는데 왜 만드는거지?
muk.seori | 2024-10-29 | ㅋㅋㅋㅋㅋㅋ비!추! 단호하다
mukjung_ | 2024-10-29 | 왜뱉어..?
bonge_o0o_food | 2024-10-29 | 식용이 아니었다니🙄🙄
matzip_hyena | 2024-10-29 | 민초맛 출시좀요
eating_happily_ | 2024-10-29 | 먹뱉 논란ㅠㅋㅋㅋㅋㅋ 이거 진짜 근데 맛이가 없다,,,,,,
mat_puri | 2024-10-29 | 어머어머 표정이 점점 굳으시는데요 ㅋㅋㅋㅋㅋㅋㅋㅋㅋ
ddo__yam | 2024-10-29 | ㄷㄷㄷㄷ할로윈
leeoh_review_ | 2024-10-29 | 저거 왁스 식용이라던디!!
wu_hyun | 2024-10-29 | 꽤나 빠르시네영 ㅋㅋㅋ
doctorpark_ | 2024-10-30 | 예뻐요😍
muk._.chuuru | 2024-10-30 | 아 겉에꺼는 버리는거야? 😮
rara_muk | 2024-10-30 | 이거 먹어보고 싶어요😍
js__1oo4 | 2024-10-30 | 너무 신기해욬ㅋㅋㅋㅋㅋㅋ
ju_zero_97 | 2024-10-31 | 나 ..식용인줄알고 먹었는데…..? 진짜 식용아니에요…..?
ddoyjoa | 2024-11-02 | 그거 식용밀랍이여서 드셔도 되지만 대부분 다 뱉고 드세요.
gimtaeyang627 | 2024-11-12 | 그거다먹어도되지않아요?
j1.____._n | 2024-11-16 | 어디편의점팔아요?
xe_zie | 2024-11-23 | 저희는 1000원 인데 ㅋㅋㅋㅋㅋ
gimuyeong960 | 2025-01-08 | 왁스 식용왁스일거에여
bins120405 | 2025-01-30 | 식용왁스 아닌가요😮
eunju36_life | 2025-02-03 | 안먹어봤지만 보기만했을때 어렸을때 열날때먹던 부루펜시럽맛이 날거같은느낌ㅋㅋㅋㅋ 유독.. 부루펜을싫어해서. ㅋㅋ
nyolihaneun | 2025-02-04 | 진짜 이거 먹는 사람들 궁금한 게 버릴 거면 저런 걸 왜 먹는 거임?
dycy0228 | 2025-02-10 | 어... 나 처음에 먹었을때 왁스를 먹었는데...
gilo4861 | 2025-02-10 | 1000 원인데
jeonghyosig59 | 2025-02-15 | 맛은어때요
k62327113 | 2025-04-03 | ❤️❤️
shina100413 | 2025-04-11 | 식용왁스면 먹을 수 있는거 아닌가요?"
2024-10-28,470,다이소에도 이제야 두바이초콜릿을? 39주,"#다이소, #다이소두바이초콜릿, #먹방asmr, #신상리뷰, #간식추천, #디저트맛집, #두바이초콜릿, #두바이초코렛, #카다이프피스타치오초콜릿","magoo_wagoo | 2024-10-28 | 우왕ㅋㅋㅋㅋㅋ궁금은 하네여,,😮
berup_x | 2024-10-28 | ❤️
100rang_food | 2024-10-28 | 저게 무슨 두바이야ㅜㅜㅜ
ruri.food | 2024-10-28 | 맛업어 맛업어~~~
jini_zzin | 2024-10-28 | 오 놉😢
eat_fp | 2024-10-28 | 이천원😂😂
mukjung_ | 2024-10-28 | 으웁 절랴절래
muckza_zzae | 2024-10-28 | ㅋㅋㅋㅋ그양 이천원짜맄ㅋㅋㅋ
ruri.food | 2024-10-28 | 😂😂
s_.xyeo | 2024-11-16 | 저거 존나 맛없음
bonge_o0o_food | 2024-10-28 | ㅋㅌㅋㅋㅋ이렇게 만들거면 굳이 왜 만든고야ㅠ
golden_sang_ | 2024-10-28 | 아니래ㅋㅋㅋ 👍
kkutti_h | 2024-10-28 | ㅋㅋ1프로 ㅋㅋㅋㅋ죨 어이업다ㅠ
jack__foodie | 2024-10-28 | 유노윤호
j8hyxxk | 2024-10-28 | 누나 얼굴밖에 안보여요
hotdor_s | 2024-10-28 | 아무리 다있다고 해도 이건 아니지;;
myeong_jonmatt | 2024-10-28 | 오백원이어도 안먹을거같은….
leeoh_review_ | 2024-10-28 | 앜ㅋㅋㅋㅋㅋㅋㅋㅋㅋ카다이프 어디갔어 진짴ㅋㅋㅋㅋㅋ
muk.seori | 2024-10-28 | 절래절랰ㅋㅋㅋㅋㅋㅋㅋㅋㅋ이천원 가격에 잠시 기대했다…
jjgongju_ | 2024-10-28 | 절래절래..ㅠㅠ
hihee.e | 2024-10-28 | 절에절렠ㅋㅋㅋ
white_sweetsnow | 2024-10-28 | 저거 너무 맛없어여 퓨
mukrosee | 2024-10-28 | 두바이는 이제 바이바이..
mochl_ahahcnl | 2024-10-28 | 이천원인 이유가 있었다 ,,,
moo_boza | 2024-10-29 | 아ㅏㅏㅏㅏ 저는 안먹을래여… ㅋㅋㅋㅋㅋㅋㅋㅋ
wanteat._.eat | 2024-10-29 | 카다이프가 별로 없다니 ㅠㅠㅠㅠ 이런,,,,
mukchoding | 2024-10-29 | 이런 😢😢
eating_happily_ | 2024-10-29 | 절레절레😂😂
sowon_yam2 | 2024-10-29 | 아니군요ㅠㅠㅠㅠ절레
siso_father | 2024-10-29 | 맛이 없군요😢
js__1oo4 | 2024-10-29 | 도리도리,,,
themukeou | 2024-10-29 | 맛없었어서 화났오?
laurent_busan | 2024-10-29 | 역시 다이소거라 .. 😢😢😢
rara_muk | 2024-10-29 | 카다이프 너무한데요😢
sx1.ynn | 2024-10-29 | 노브랜드에도 있던데
k62327113 | 2025-04-06 | ❤️❤️❤️❤️"
2024-10-27,1.6만,생연어엔 무슨소스가 최고? 39주,"#연어먹방, #연어사시미, #생연어, #소스먹방, #먹방asmr, #먹방브이로그, #mukbang, #salmon, #연어맛집, #불닭소스","berup_x | 2024-10-27 | ❤️
taetae_foodie | 2024-10-27 | 와사비❤️
magoo_wagoo | 2024-10-27 | 우왕 연어 넘 조아용😮
mukcamera | 2024-10-27 | 와사비 신기한데유😍
gyusun_1004 | 2024-10-27 | 연어 대박 맛나겠다규 😍
mukchoding | 2024-10-27 | 와사비요😮❤️
eat_fp | 2024-10-27 | 연어먹방 넘 맛나보여요😍😍
js__1oo4 | 2024-10-28 | 두번째소스에 양파랑,,💛💛
jini_zzin | 2024-10-27 | 전 홀스래디쉬 픽이요
__day._.0 | 2024-10-27 | 와사비가 제일 좋아요
ruri.food | 2024-10-27 | 난 간장와사비 조아❤️❤️
j2ch.busan | 2024-10-27 | 연어는 먹을줄 모르지만 소스는 먹을줄 알아요🙂‍↕️
cha.chav | 2024-10-27 | 연어는 와사비 ❤️
foodmafiaboss | 2024-10-27 | 연어 먹고싶어져요👍
con_coffeeornot | 2024-10-27 | 연어 츄르를르릅❤️❤️
ruri.food | 2024-10-27 | 😍😍
sowon_yam2 | 2024-10-27 | 불닭요거 궁굼한데용❤️❤️
ggam_food | 2024-10-27 | 연어먹방 제대로네여🙌
yamyam_0713 | 2024-10-28 | 저는 간장와사비요🐷👍🏻👍🏻
1onefood_ | 2024-10-28 | 어잉 연어 대박인데영 ㅜㅜ 배고파졌어요 ㅠㅠ
ming_foodie_ | 2024-10-28 | 저는 간장에 와사비여!!!
golden_sang_ | 2024-10-27 | 칠리소스도 맛있겠네 ㅋㅋㅋ👏👏
mukjung_ | 2024-10-27 | 불닭궁금해😮
moo_boza | 2024-10-27 | 알래스카 곰인줄 알아써여..
leeoh_review_ | 2024-10-27 | 와 진짜 소스 다 맛있겠는데?❤️
busan_delicious_diary | 2024-10-27 | 연어폼 짱인데요 ❤️❤️
gabriela_fili17 | 2025-01-05 | ❤️
muckza_zzae | 2024-10-27 | 나두 다 먹어보고프다ㅠㅠ
hihee.e | 2024-10-27 | 어닠ㅋㅋㅋ와사빜ㅋㅋ너무많은고아녜여??😂
gyul_yummy | 2024-10-27 | 전 와사비간장파💖
review_mate_95 | 2024-10-28 | 뭘 먹어도 너무 맛있을듯 😍 잘 보고 갑니당
muk._.chuuru | 2024-10-27 | 이걸다먹는게...더대단한데 난 불닭키키
jack__foodie | 2024-10-27 | 불닭실화야
muk_joongsa | 2024-10-27 | 그냥 간장❤️ 불닭도 귱금하긴 한데용!
euni.mini | 2024-12-29 | @yoonyoon_sisters 껍데기 말고 연어 먹으러 가자..
tasty_doridori | 2024-10-27 | 미쳐따❤️
moa_.dam | 2024-10-27 | 미모가 컨텐츠시내요
dog.matdori | 2024-10-31 | 칠리 단맛 궁금하닼ㅋ
zefjisoo | 2024-11-20 | @miaayamuuu
jikim981 | 2024-12-13 | 👍👍👍👍❤️❤️❤️
_mairrr.aah | 2024-12-15 | The amount of Wasabi fall me offf
k62327113 | 2025-04-04 | ❤️❤️❤️❤️❤️❤️❤️❤️"
2024-10-25,531,그래서 GS25? CU? 밤티라미수 뭐가 더 맛있다고? 39주,"#밤티라미수, #마롱티라미수, #신상리뷰, #먹방asmr, #맛폴리밤티라미수컵, #간식추천, #디저트맛집, #편의점신상, #편의점디저트, #씨유신상, #gs25신상, #흑백요리사, #나폴리맛피아","mochl_ahahcnl | 2024-10-25 | 어옹 궁금해요❤️❤️
teddy_zip_ | 2024-10-25 | 밤티 넘 사랑이네요❤️❤️
j2ch.busan | 2024-10-25 | 오.. 비교 리뷰 너무 좋은데요??
ming_foodie_ | 2024-10-25 | 이것도 먹어보고싶어요😍
tastebuds__official | 2024-10-25 | 요고 넘 궁금해요😍😮😮
gyusun_1004 | 2024-10-25 | 밤티라미수 규도 먹규 싶다규 😍
berup_x | 2024-10-25 | ❤️
ruri.food | 2024-10-25 | 나 만들어조❤️❤️
moo_boza | 2024-10-25 | 직접 만드는게 더 존맛… ㅋㅋㅋㅋㅋㅋㅋㅋㅋㅋ
jjong_mattang | 2024-10-25 | ㅋㅋㅋㅋㅋ역시 베릅님이 만든게 최고져~~👏
muk._.chuuru | 2024-10-25 | 오키 씨유꺼먹는걸로❤️
con_coffeeornot | 2024-10-27 | 비교 해봐야겠어요❤️❤️
jini_zzin | 2024-10-25 | 씨유보다 별로라니ㅋㅋㅋ이번에도 돈아껴주셔서 땡큐베리감사❤️해요👏
jinju_panda | 2024-10-25 | 오 이거 먹어보고싶어용❤️
eat_fp | 2024-10-25 | 지에스 먹어볼래요❤️
limeunzzo | 2024-10-25 | 그래두 씨유...!😢
hye_foodie_ | 2024-10-25 | 어머머ㅓㅓ 밤티라미수비교라니 이런컨텐츠너무사랑해요😍
mukorang | 2024-10-25 | 맛나게꺄앙
ruri.food | 2024-10-25 | ❤️❤️❤️❤️❤️
sowon_yam2 | 2024-10-25 | 울님이 잘만드셔서❤️❤️
h_mochi_bungeo | 2024-10-25 | 오오 씨유꺼 먹어볼래요
muckza_zzae | 2024-10-25 | 만들어죠요..😍
ok_s_sss | 2024-10-28 | cu꺼 먹어봤는데 소름돋을정도로 달아요ㅠㅠ 제가 단거 진짜 잘 먹는데 두숟가락먹고 버렸어요ㅠㅠ너무 달아서 못먹어요
jjgongju_ | 2024-10-25 | 둘다 그래놀라 눅눅 ㅋㅋㅋㅋㅋ 😢😢
space_look__ | 2024-10-26 | 둘다 궁금하네여
jack93kim | 2024-10-25 | 두개 다 먹어보고싶달..
qbee.eat | 2024-10-26 | 이놈의 그래놀라는 ...눅눅... 😂
hihee.e | 2024-10-25 | 헐 둘다못먹어봐서 전 두개다머곡파용 ㅠㅠ
gge.juck | 2024-10-25 | 헐 둘다 원본을 너무 못살린 느낌 ㅜㅜ
leeoh_review_ | 2024-10-25 | 씨유꺼 먹어보고싶다❤️
81ackp0ny | 2024-10-25 | 만들어주세여
dog.matdori | 2024-10-27 | 만들러가야겟답..ㅋ
mukjung_ | 2024-10-25 | 재고가업서서 못먹은1인😢
golden_sang_ | 2024-10-25 | CU꺼 오케이!!
mukkarong | 2024-10-25 | 눅눅함이 아쉽네요 ㅠㅠ
ugene._.at | 2024-10-27 | 우앙 비주얼만큼 가성비두 갑이네요🥰
jack__foodie | 2024-10-26 | ㅋㅋㅋㅋㅋㅋㅋ 만둘어줘
1onefood_ | 2024-10-25 | 와 저는 CU 밤 티라미수 😍😍😍
foodmap1004 | 2024-10-25 | 우왕 ㅠㅠ 바로 gs25 꼬꼬
mukrosee | 2024-10-25 | 너무 달다는 소문이 있어욥 ㅠㅠ
rara_muk | 2024-10-25 | 둘다 먹어볼래용❤️
ddub_e2 | 2024-10-25 | 오잉? 츄베릅 개꿀팁!!
muk.seori | 2024-10-25 | 넵 씨유로 갈게욥…ㅎ
____________bini | 2024-10-26 | 와😍 너무 맛나겠어요~
저랑도 먹팔해요🙌
bokjaaa___ | 2024-10-26 | 씨유만 먹어봤는데 더 맛있다니❤️
nail_omores | 2024-10-30 | CU도 맛잇지만 그래놀라 눅눅😢😢
bdh_1218 | 2024-11-04 | 전 cu 밤티라미수 요~🥰🥰
ku3ss2 | 2024-11-12 | 걍 둘다 달아요 .."
2024-10-24,188,"오잉? 기능성 원료가 들어간 초콜릿?! 기능성 원료가 든 피키타카 초콜릿이 GS25에 입점했다고?!🫶🏻 알고 먹으면 더 맛있는 피키타카 초콜릿만의 차별화 포인트!? ① 코코아 버터를 사용한 Real 벨기에 초콜릿과 고소하게 로스팅한 신선 견과 ② 쉘락 없이 설탕 대비 당 함량이 낮은 ‘D-말리톨’을 사용해 더욱 안심하고 건강하게! ③ 소포장으로 간편하게~ 언제 어디서든 기분따라! 스트레스가 많은 날엔, 스트레스로 인한 긴장 완화에 도움을 줄 수 있다고 알려진 유단백가수분해물이 들어 있는 고소달달💝 캐슈넛 밀크초코! 고소하고 신선한 캐슈넛과 부드러운 밀크초코의 완벽 조화 🫶🏻 컨디션 조절이 필요한 날엔, 면역력 증진에 도움을 줄 수 있다고 알려진 홍삼이 들어 있는 단짠단짠✨아몬드 카라멜초코! 오도독 씹히는 아몬드와 황금 단짠 비율 솔티드 카라멜 🫶🏻 GS25에서 발견하면 꼭 먹어봐🫶🏻 📍#gs25 본 제품은 건강기능식품이 아닙니다. ’제조원 (주)씨앤지, 유통전문판매원 대상(주) 제품명: 피키타카 캐슈넛 밀크초코, 피키타카 아몬드 카라멜초코‘ 39주","#광고, #편의점신상, #편의점간식, #초콜릿추천, #피키타카, #피키타카초콜릿, #feelgoodhandyfood, #간편호감식, #피키타카캐슈넛밀크초코, #피키타카아몬드카라멜초코, #신상리뷰, #신상추천, #간식추천, #편의점신상, #편의점디저트, #신상디저트, #디저트추천, #gs25신상, #디저트맛집, #초콜릿맛집","teddy_zip_ | 2024-10-25 | 우오논 이거 먹어볼래요 저도😍ㅋㅋㅋㅋ
wanteat._.eat | 2024-10-24 | 헛 저 간식먹고싶었는데 딱 먹고싶어졌어요ㅋㅋㅋㅋㅋ😍
ruri.food | 2024-10-24 | ㅌㅌㅌㅋㅋ아 맛나게땅~~~
berup_x | 2024-10-24 | ❤️
tastyfood_energy | 2024-10-25 | 캬😍 당장 먹고싶어요
js__1oo4 | 2024-10-25 | 수능생분들께 딱 좋은데요💛
mukrosee | 2024-10-24 | 오 간식으로도 조아요❤️
muckza_zzae | 2024-10-24 | 우앙 ❤️❤️ 간식으로 딱딱이❤️
siso_father | 2024-10-24 | 와 너무 좋네요😍
themukeou | 2024-10-24 | 간식으로 흡입햐여지❤️❤️
1onefood_ | 2024-10-24 | 오 gs달려갑니다😍😍
gyul_yummy | 2024-10-24 | 간식으로 먹기 딱이네여💖
bonge_o0o_food | 2024-10-24 | 간식으로 딱이다❤️❤️
limeunzzo | 2024-10-24 | 당떨어질때마다 묵어야겠어여😮
eat_fp | 2024-10-24 | @reekyung_h 😍
sowon_yam2 | 2024-10-24 | 공부안한지 오랜데 오랜만에 해볼까용 ㅎㅎㅎ
jini_zzin | 2024-10-24 | 스트레스 긴장완화 효과까지👏
leeoh_review_ | 2024-10-24 | ❤️❤️
hihee.e | 2024-10-24 | 오홀❤️❤️ 건강에좋은 초콜릿!!!
dog.matdori | 2024-10-29 | 동생 사줘야지
leeoh_review_ | 2024-10-24 | 우와 공부할 때 먹으면 딱이겠어
muk._.chuuru | 2024-10-24 | 나지금 스트레스받아....🫠필요해...
myeong_jonmatt | 2024-10-24 | 간식으로 야무져
muk.seori | 2024-10-24 | 지에스 보이면 바로 픽해야지ㅠㅠㅠㅠ홍삼 들어간 초콜릿은 진짜 첨봐유…
cok_foodie | 2024-10-24 | 헐 건강도 챙기고 🔥🔥
bokjaaa___ | 2024-10-25 | 헐 이거 진짜 궁그뫴는데 대박
busan_grida | 2024-10-24 | 수학의정석 얼마만.......인가
muk_captain_ | 2024-10-24 | 아직 수학의 정석을 가지고 계시다니..
rara_muk | 2024-10-25 | 이거 먹어볼래용❤️"
2024-10-22,392,보이면 바로 겟해야 하는 세븐일레븐 신상 모찌? 40주,"#세븐일레븐, #먹방asmr, #신상리뷰, #간식추천, #모찌, #아이스모찌, #찰떡아이스, #편의점신상, #편의점디저트, #일본편의점","eating_happily_ | 2024-10-22 | 이거 징짜 맛있음!!!!❤️
h_mochi_bungeo | 2024-10-22 | 소중한 모찌❤️❤️
js__1oo4 | 2024-10-22 | 모찌모찌 💛
살짝 올려 먹어도 맛있겠다🥺
hdul_daily | 2024-10-22 | 모찌 맛나겠당😍
1onefood_ | 2024-10-22 | 옹 저도 이거 먹어봐야겠어용😍😍
juner_315 | 2024-10-22 | 와 세븐 신상이라니 귀하다😍
ruri.food | 2024-10-22 | 아이스모찌마냥 넘 조아❤️
jack93kim | 2024-10-22 | 오아...맛도리겠음 ㅠㅠ
seoul__guide | 2024-10-22 | 완전 모찌모찌하네요 ㅠㅠ
mukrosee | 2024-10-22 | 요고 유명해지겠어요😮😮
berup_x | 2024-10-22 | ❤️
dog.matdori | 2024-10-22 | 9점짜리 밀크 가즈아ㅏㅏㅏ 쫀득🤤달달
yeoni_mukstar | 2024-10-22 | 저도 이거 보이면 먹어봐야겠어요!!
themukeou | 2024-10-22 | 홀리 그 유명템이🙌🙌
mukjung_ | 2024-10-22 | 나도죠!
muckza_zzae | 2024-10-22 | 퀄리티 대박이장❤️
muk._.chuuru | 2024-10-22 | 머리띵 달아😳
eat_fp | 2024-10-22 | @reekyung_h 😍
true_gyeongju | 2024-10-22 | 오 보이면 겟해야겠어요 👏👏
muk.seori | 2024-10-22 | 와 초코 엄청달아보여요… 저두 우유맛으로 픽
muk_joongsa | 2024-10-22 | 초코 ㄹㅇ 존맛ㅠ 당충전 제대러 할수 있으여!
muk_tteul | 2024-10-22 | 오랑 겁나달게따..
gyul_yummy | 2024-10-22 | 세븐일레븐 털러갑니당,,
rara_muk | 2024-10-22 | 이거 너무 궁금해요😍
jameslee0911 | 2024-10-22 | 신성은 못참죠❤️
_zez_e__ | 2024-10-22 | 죵맛 ㅠㅠㅠ❤️❤️
leeoh_review_ | 2024-10-22 | 쫀득한게 진짜 맛있게따❤️
magoo_wagoo | 2024-10-22 | 우왕 모찌모찌😮😮
hihee.e | 2024-10-22 | 모찌나가요❤️❤️
100rang_food | 2024-10-22 | 아 모야 이거 완전취저에요😍
mukdang0 | 2024-10-22 | 모찌 츄베릅 ❤️❤️
wanteat._.eat | 2024-10-23 | 딱봐도 진짜 맛있어보여요 ㅠㅠㅠㅠㅠㅠ 저도 우유맛 먹어볼래요😍
golden_sang_ | 2024-10-23 | 우유 모찌 먹어봐야지~
bottlejune__96 | 2024-10-23 | 모찌 엄청 쫀득한게 당장 먹고싶어지네요 ㅠㅠㅠ😍😍
wu_hyun | 2024-10-23 | 세븐일레븐이 칼을 갈았구만유 대박 ㅎ
sowon_yam2 | 2024-10-23 | 꼭 먹어볼게용 징짜!!
chopchop_univ | 2024-10-24 | 모찌 나가요😂 세븐일레븐으로 달려가야겠어요🙌
foo__zim | 2024-10-25 | 오오~!!!대박 대박!! 모찌 완전 맛있겠따!!! 사먹어야겠네용!
_jio1004 | 2024-10-27 | 찰떡아이스?
review_mate_95 | 2024-10-28 | 찹쌀떡~ 모찌~"
2024-10-19,2441,유럽에서 먹고 싶었던 탑3 불닭볶음면. 40주,"#불닭볶음면, #불닭, #불닭레시피, #신상리뷰, #편의점신상, #편의점꿀조합, #꿀조합, #먹방asmr, #라면먹방, #라면추천, #스틱콘버터, #매운음식, #매운라면","food_zohaa | 2024-10-19 | 면치기 각❤️❤️❤️
1onefood_ | 2024-10-19 | 이건 먹어볼래융😍😍
aug_piiggg | 2024-10-19 | 저 스틱콘버터 궁금했어여❤️❤️
matcoder_ | 2024-10-19 | 콘버터랑 찰떡😍😍
seoul__guide | 2024-10-19 | 불닭 먹고싶네요 ㅠㅠ
bottlejune__96 | 2024-10-19 | 불닭에 콘버터와의 만남이라니 무조껀 말해모해겠어요!!😍😍
siso_father | 2024-10-19 | 최고 조합이네요 😍
mukrosee | 2024-10-19 | 콘버터 짱조아요❤️
yome_foodie | 2024-10-19 | 저두 이렇게 먹어볼래영😍
tastebuds__official | 2024-10-19 | 불닭😍 넘 땡겨버리네용
ruri.food | 2024-10-19 | 울디마❤️❤️
foodie_class | 2024-10-19 | 저도 불닭 땡겨욜😍
js__1oo4 | 2024-10-19 | 뷸닭 침나와여ㅓ,,,,💛💛💛
korea_foodzone | 2024-10-19 | 아 먹고싶어진다,,
muckza_zzae | 2024-10-19 | 헐 나도 오늘 머글랭❤️
jjong_mattang | 2024-10-19 | ㅋㅋㅋㅋㅋ해외가면 불닭 엄청 땡기긴 하쥬🔥
myeong_jonmatt | 2024-10-19 | 오와아❤️
ddub_e2 | 2024-10-19 | 콘버터는 ㅇㅈ 베릅😮
nyomnyom.ing | 2024-10-19 | 군침돌아요
gge.juck | 2024-10-19 | 여왕의 귀환
jini_zzin | 2024-10-19 | 간편한게 어디서든 조합가능👏🌽🌽👏
hotdor_s | 2024-10-19 | 큰컵에 합격 버튼 누르려다가 3입컷 못내는거보고 보류하겠습니다
mukjung_ | 2024-10-19 | 마시쪄?
js__1oo4 | 2024-10-19 | 스틱 콘버터랑 같이 🩷
berup_x | 2024-10-19 | ❤
jack93kim | 2024-10-19 | 하오랜만에땡긴다...
mukkarong | 2024-10-19 | 오우~~~완전 꿀조합!!👍👍
wanteat._.eat | 2024-10-19 | 저도 오늘 불닭먹을래요,,,,, 어후 침고여요
themukeou | 2024-10-19 | 헐 콘버터를 위러 짜셔🙌🙌
jack__foodie | 2024-10-19 | ㅋㅋㅋㅋㅋ꿀조합이넹 콘버터
leeoh_review_ | 2024-10-19 | 이구 먹고 싶더랑
taetae_foodie | 2024-10-19 | @w0n._.iii
lanade1reylove | 2024-12-18 | 콘버터 데운건가요
jjgongju_ | 2024-10-19 | 오 짜기만 하면 끝!!!
golden_sang_ | 2024-10-19 | 맵찔이한테 딱이네요!!
rara_muk | 2024-10-19 | 꿀조합이죠❤️
0.0illll | 2024-10-19 | 신라면 투움바도 먹어주세요!!!
muk._.chuuru | 2024-10-19 | 스틱콘버터라니,..!!! 혁명이다
hihee.e | 2024-10-19 | 헐 콘버터 ㅋㅋㅋ혁명이네요
eating_happily_ | 2024-10-19 | 쿨타임 ㅇㅈ🔥 이거 짜먹을 수 있어서 왕 조음!!!😍
100rang_food | 2024-10-19 | 콘버터 야무지다😮😮
moo_boza | 2024-10-19 | 이거 저도 찍으려고 사써영 ㅋㅋㅋㅋㅋㅋㅋ
ggam_food | 2024-10-19 | 넘나 간편하네여🙌
space_look__ | 2024-10-20 | 꿀조합인데요
mochl_ahahcnl | 2024-10-20 | 불닭 조쵸 🙌🙌
qbee.eat | 2024-10-20 | 와 , ,콘버터 나오는거 진짜 미쳤따 ,,❤️
ming_foodie_ | 2024-10-20 | 콘버터 가방에 넣어다니고싶네여😍
magoo_wagoo | 2024-10-20 | 우왕 꿀조합 기억할래용❤️
bee__yummy | 2024-10-21 | 먹어보고파요ㅠㅠ❤️❤️
muk_joongsa | 2024-10-21 | 개꿀보장된 조합❤️ 콘치즈 짜는거 나온거 신세계 주의❤️
con_coffeeornot | 2024-10-21 | 꿀 조합 인정입니다👏👏
bokjaaa___ | 2024-10-22 | 꿀조합에 구독 꾸욱
bliss_w2 | 2024-12-11 | @jn._.sb
gimdanhyo49 | 2025-01-29 | 🍜 라면땡긴다ㅠㅠ"
2024-10-17,278,얼굴 뭉개고 싶은 친구한테 써먹기❤️ pika art 사이트에서 squish it 으로 만들기✌🏻 40주,"#pikaart, #슬라임, #슬라임만들기, #유행따라하기, #먹방asmr, #squish, #스퀴시, #피카아트, #마시멜로우","limeunzzo | 2024-10-17 | ㅋㅋㅋㅋㅋㅋㅋ 헐 귀여워여😍
muk._.chuuru | 2024-10-17 | 으악 뭐야ㅜㅜ 신기해 귀여워....😮
jini_zzin | 2024-10-17 | 이거 재밌어요ㅋㅋ점토놀이ㅋㅋ
matpamine_ | 2024-10-17 | 헐 깜짝이얔ㅋㅌㅌㅌㅋㅋㅋㅋㅋㅌ
muckza_zzae | 2024-10-17 | @muk_chama ㅋㅋㅋㅋㅋㅋ귀여운데?
berup_x | 2024-10-17 | ❤️
hello_s_food | 2024-10-17 | 헐 머지?!!
leeoh_review__ | 2024-10-17 | 이거 마약 영상이다😍
jjong_mattang | 2024-10-17 | ㅋㅋㅋㅋㅋ아니 모야 이거 하는법 어려워용??
yumyum_report | 2024-10-17 | 저도 이거 신기해서 만들어봤는데 로딩 넘 길어서 슬펐던 ㅠㅠ
j_a_n723 | 2024-10-17 | 우앙 신기해여 진쨔😮
themukeou | 2024-10-17 | 우와 뭐야 신기해🙌🙌
muk_joongsa | 2024-10-17 | 오! 츄베르냥 가지마아!🙌🙌🙌
wanteat._.eat | 2024-10-17 | 아니 이게 모에요ㅋㅋㅋㅋㅋㅋㅋㅋㅋ
mu_ch1cken | 2024-10-17 | @chu.berup_jmt 뭉개고 싶다 너❤️
moo_boza | 2024-10-17 | ㅋㅋㅋㅋㅋㅋㅋㅋㅋㅋㅋ 꼬깃꼬깃
mukstar_md | 2024-10-17 | 악ㅋㅋ요즘 뇨게 유행이라구
seoul__guide | 2024-10-17 | 엥 ㅋㅋㅋㅋㅋㅋ
ddo__yam | 2024-10-17 | 앜ㅋㅋㅋㅋㅋㅋ 이거 요즘 유행이던데여!
sesang.film | 2024-10-17 | 헐 이거 어떻게 만드나요?
ranumam09 | 2024-10-17 | 요거 너무 신기하더라구요 ㅎㅎ
sun_square_ | 2024-10-17 | 어케했누
miffyhello | 2024-10-17 | 😂
golden_sang_ | 2024-10-17 | @limjaein__ 뭉개버리고 싶네
sowon_yam2 | 2024-10-17 | 이거너무신기해용ㅋㅋㅋㅋㅋ
eat_fp | 2024-10-17 | 요고 신기해용😍😍
eating_happily_ | 2024-10-17 | 앜ㅋㅋㅋㅋㅋ 요고 유행이던데 재미께따😂
wu_hyun | 2024-10-17 | 엌ㅋㅋ 이거 정말 신박하네영 ㅋㅋㅋ
hotdor_s | 2024-10-17 | ? 이거무ㅗ야 어케하노
miri_muk | 2024-10-17 | 으악 중독성 있어요
jjgongju_ | 2024-10-17 | ㅋ ㅋ ㅋㅋㅋ어디까지 뭉게지는거에요ㅠ
js__1oo4 | 2024-10-17 | 우와아ㅏㅋㅋㅋㅋㅋㅋ 신기해용🫢✨✨
rara_muk | 2024-10-17 | 이거 따라해보고 싶어요😍
gyusun_1004 | 2024-10-17 | 츄베릅 귀엽다규😂😂
ruri.food | 2024-10-17 | @jack__foodie 좀 뭉개버릴래
cha.chav | 2024-10-17 | 이거 신기하더라구요 ㅋㅋㅋㅋ 천재달
gge.juck | 2024-10-18 | 실제로 해보고싶은데 어쩌죠…?
matzip_spoiler_ | 2024-10-18 | 오ㅓ우 이거 뭔가요😂
bottlejune__96 | 2024-10-18 | 요즘 요거 몇번 보여서 신기하더라구요! ㅋㅋㅋㅋㅋㅋ🙌
wanderer_j0ng | 2024-10-18 | 갸무서워
1onefood_ | 2024-10-19 | 옹 완전 신기방기 한데용😍😍"
2024-10-12,9587,7000원에 집밥으로 제육 고등어구이? <삼미기사식당> 7000원에 다양한 종류의 집밥을 먹을 수 있는 곳 반찬도 4개에 찌개까지 나옴🫶🏻 뚝배기에 나오는 제육볶음이 7000원!🫶🏻 살코기와 비계 비율이 좋아 가성비 최고🫶🏻 달달함은 거의 없고 짭쪼름🫶🏻 고등어구이는 큼직하게 나오는데 거의 튀긴듯 구워짐🫶🏻 음식은 전체적으로 간이 짭쪼름해서 밥도둑🫶🏻 가성비 집밥 먹고 싶으면 여기다🫶🏻 📍#삼미기사식당 📍 서울 마포구 마포대로12길 13-4 ⏰ 매일 05:30-20:30 💵 뚝배기 제육볶음 7000원 💵 고등어구이 7000원 41주,"#공덕맛집, #공덕역맛집, #제육볶음, #고등어구이, #기사식당, #노포맛집, #노포식당, #공덕맛집추천, #공덕동맛집, #집밥, #마포구맛집, #먹방asmr, #먹방","eating_happily_ | 2024-10-12 | 가격이 왕왕 착한 곳,,😍
eeekha1 | 2024-10-12 | 와~가격 정말 대박이네요👍
j2ch.busan | 2024-10-12 | 이런곳 너무 정겹고 좋아요🥹
jinarye | 2024-10-12 | 진짜 싸요. . 😍
limeunzzo | 2024-10-12 | 가성비 대박,, 집밥 땡기는날 가야겠어요😍
tastebuds__official | 2024-10-12 | 제육😍😍 가성비 짱이네요
js__1oo4 | 2024-10-12 | 고등어구이 지글지글❤️
밥이랑 먹으면 꿀맛💛💛
hh.__.jin | 2024-10-12 | 좋다좋다
1onefood_ | 2024-10-12 | 왕 너무 저렴한데요…? 친구들 싹 불러서 가고싶어용😍
space_look__ | 2024-10-12 | 넘 좋네요😍
yome_foodie | 2024-10-12 | 와 뚝배기에 나오는거 넘 조아영❤️
e.den_0.0 | 2024-10-12 | 뚝배기 제육에 밥 한 공기 넣고 비벼먹고 싶은데욤❤️❤️
shsh__kong | 2024-10-12 | 아아아 맛있겠다아아
dongkit_eat | 2024-10-12 | 와~~ 밥이 모잘라~~~밥도둑들😍😍😍
aug_piiggg | 2024-10-12 | 와 갓성비잖아요😍
jini_zzin | 2024-10-12 | 이런곳이 찐이죠👏
berup_x | 2024-10-12 | ❤️
81ackp0ny | 2024-10-12 | 아 여기 유명하다메?
korea_foodzone | 2024-10-12 | 여기 제취향인대용
wanteat._.eat | 2024-10-12 | 한식은 사랑이에요 ㅠㅠㅠ 7천원이면 가성비 미쳤져😍
taste_goyang | 2024-10-12 | 취저 제대로 완전 땡기는 비주얼이에요!😍😍
mukstar_md | 2024-10-12 | 너무 저렴해요❤️❤️
mukjung_ | 2024-10-12 | 가기서도 편집하나요😮
muckza_zzae | 2024-10-12 | 와ㅠㅠ밥도국리다ㅠㅠ
jack93kim | 2024-10-12 | 대박이에여...
bottlejune__96 | 2024-10-12 | 제육이랑 고등어를 7쳔원으로 즐기는 혜자를 맛볼수있다니 미쳐요 ㅠㅠㅠ❤️❤️
gge.juck | 2024-10-12 | 진짜 밥 너무 땡기는대 어쩌죠…?
24.bbisik | 2024-10-12 | 너무 정겹고 맛날 것 같아요👏
jack93kim | 2024-10-12 | 와....7처넌 ..
yamyam_sisters | 2024-10-12 | 와 지글지글 고등어구이 미쳐따ㅜㅜㅜㅜㅠ
manchaelin | 2024-10-12 | 끄앙 ㅠㅠㅠㅠㅠㅠ 뚝배기 제육 너무 좋아요 뜨끈하이,,🔥
cherry.s_pic | 2024-10-12 | 가성비 최고 🩵🩵
hungry_nyang | 2024-10-12 | 찐맛집 바이브 제대로에요❤️❤️
muk_captain_ | 2024-10-12 | 한쿡으로 듈아오셧군용
1_kkomadol | 2024-10-12 | 와....비주얼 미텼네여어엉😮😮😮
rara_muk | 2024-10-12 | 가성비 넘 조은데요❤️
muk_joongsa | 2024-10-12 | 고등어 구이 자글자글 한거 부터 무조건 맛짖😢😢
dongs97 | 2024-10-12 | 와 집밥 먹을 때 함 가야겠스요 미쳤군요
love_eat_7 | 2024-10-12 | 집밥 땡길때 가면 딱이네요😍
foogle__ | 2024-10-12 | 뚝제육이라니, 자글자글 미쳣네요 👏
mat_daji | 2024-10-12 | 7천원❤️❤️
sse_luv | 2024-10-12 | 가성비 최고👏👏
tttt.yeon_ | 2024-10-12 | 집밥이다이건 ㅠㅠㅠ 밥비벼서먹곱다요 ㅠㅠ 제육쓰
yeoni_mukstar_01 | 2024-10-12 | 우왕 여기 찐 갓성비네요….!!
wherejoo | 2024-10-13 | 가성비 좋고 완전 집밥느낌😍 맛있어보여요❤️
umuk_umuk | 2024-10-13 | 우왘ㅋㅋㅋㅋㅋㅋㅋ 행복한 한상
mukkarong | 2024-10-13 | 오우~~완전밥도둑!!👍👍👍
themukeou | 2024-10-13 | 가성비 집밥 고고링🙌🙌
doppa_gram | 2024-10-13 | 세상에 가성비 최고네요😍
mukrosee | 2024-10-13 | 가격 미친거같아요...❤️❤️
cha.chav | 2024-10-13 | 제육이 뚝배기에!? ❤️❤️
yumyum_report | 2024-10-13 | 고고링할래여~
juner_315 | 2024-10-13 | 가성비 너무 좋은거 아니에여!?🫢
mukgu_ddomuk | 2024-10-13 | 미쳤다🔥🔥
dog.matdori | 2024-10-13 | 이런곳이 진짜 동네에 소중한 곳이징🥹🌈
huncook_ | 2024-10-13 | 와 저구성에 7처넌!? 꼭 가야만한다😍😍
moa_.dam | 2024-10-13 | 바로 팔로우! 잘드시네여?!
rubialee007 | 2024-10-13 | 우와😍 7천원에요래 푸짐하다니😍
hihee.e | 2024-10-13 | 와우ㅠㅠ가격도 착하구 완전 밥강도자나요 ꢭ
leeoh_review_ | 2024-10-13 | 가성비 너무 좋자나요❤️
matpamine_ | 2024-10-14 | 크아 이런 기사식당 넘 좋아요👏
matt_place__ | 2024-10-14 | 칠천원의 행복이네용❤️
jjgongju_ | 2024-10-14 | 가성비 집밥 먹으러 고고링할래요❤️
bokjaaa___ | 2024-10-15 | ㅡ가성비 집밥 최구
mukchoding | 2024-10-15 | 가격 너무 착해요😍❤️
sb.matzip | 2024-10-16 | 넘 맛있겠어요😍
zayu_buin | 2024-10-16 | 이런곳이 진짜 찐이죠❤️
golden_sang_ | 2024-10-17 | 이런 곳 왜 우리집 근처는 없지 ㅜ
hj_foodie | 2024-10-18 | ㅠㅠㅠ헐 왜케싸 공덕이면 가야지❤️
kim_sh_2857 | 2024-10-18 | 가성비 좋네요
yun_je_duk | 2024-10-30 | 대중교통은요? 전철 무슨역 몆번출구?
k62327113 | 2025-04-09 | ❤️❤️❤️❤️"
2024-10-09,517,이 갬성에 먹는다? 안먹는다? 수정됨 · 42주,"#스위스, #융프라우, #컵라면, #스위스여행, #여행브이로그, #알프스, #유럽여행, #융프라우요흐, #라면먹방, #먹방asmr, #간식추천","yamm__h | 2024-10-09 | 알프스 정상에서 신라면이라니 생각만 해도 넘 좋잖아요😍
mini_euni | 2024-10-09 | 이갬성엔 더 맛날듯요❤️❤️❤️
gyusun_1004 | 2024-10-09 | 컵라면 너무 맛나겠다규 😍 규도 한입 먹규싶다규
oraefood1 | 2024-10-09 | 저기서먹음 안아깝죠!ㅎ 얼마나 맛있을꼬~^^😍
hh.__.jin | 2024-10-09 | 부러워ㅠㅠㅠ
foodie_class | 2024-10-09 | 한국인의 라면!! 이건 필수죠😍
berup_x | 2024-10-09 | ❤️
muckza_zzae | 2024-10-09 | 갬성쩌는 14000원 컵라면,,,😍
foo__zim | 2024-10-09 | 와....진짜 이건 못참지 ㅋㅋㅋ무조건 투자 해야죠
mukjung_ | 2024-10-09 | 나도대랴가..
moo_boza | 2024-10-09 | ㅋㅋㅋㅋㅋㅋㅋㅋㅋ 뷰값 아니에여??
mukrosee | 2024-10-09 | 3만원이여도 먹을거같아요..
muk._.chuuru | 2024-10-09 | 와...저기에서 저돈 안아까울듯
jack93kim | 2024-10-09 | 와...........개부러워요 ㄷ
leeoh_review_ | 2024-10-09 | 가격이,,😂😂
slushy_.lime | 2024-10-25 | 세상에서 가장 맛있는 라면은 츄베릅님과 함께 라면입니다😘
hello_s_food | 2024-10-23 | 스위스에서 신라면 먹는 츄베릅 클라쓰💥👍👍
kimse.hun100 | 2024-10-20 | 갬셍이쥬
new_forev | 2024-10-21 | 이거보고 그냥 신라면 컵 먹고싶어져서 이파트 단지내 편의점 갑니다 간사핮니다
korea_foodzone | 2024-10-09 | ㅘㅜㅜㅜㅜ여기 장난아니다
gge.juck | 2024-10-09 | 스위스 츄베릅…..😍
wu_hyun | 2024-10-09 | 저기서 먹는 신라면은 만원이 넘어가도 이해가 가죠 ㅋㅋ
sowon_yam2 | 2024-10-09 | 게쏙 보게되용❤️
100rang_food | 2024-10-09 | 14000원이지만 요건못참죠😮
yoon.min.ga.0513 | 2024-10-09 | 대박!!!!!!!!!뮤조건이죠😍
eunsil5317 | 2024-10-09 | 저도 먹고왔어요❤️ 뷰 예술이에요😍😍
eating_happily_ | 2024-10-09 | 이런 뷰면 14,000원 인,,덩,,
su_us_322 | 2024-10-10 | 14000원😢😢
mukbo_naru | 2024-10-10 | 국물까지 싹 비워야 진정한 섭취가 되죠😂
ruri.food | 2024-10-10 | 진짜예쁘다..😍
ggam_food | 2024-10-10 | 와...최고다...부러워요
bottlejune__96 | 2024-10-10 | 알프스 정상에서 먹는 신라면이라니 너무 낭만적이자나효...🤍🤍
gyurihn | 2024-10-10 | 언니 아이섀도우 뭐 써요??! 넘이뻐요😢😍
yome_foodie | 2024-10-10 | 와 저기서는 먹어야죠❤️
js__1oo4 | 2024-10-10 | 무조건 먹는다🥺🥺🥺
hihee.e | 2024-10-10 | 크흐ㅠㅠ라면진짜체고다…대박 부르버여
rara_muk | 2024-10-10 | 이 갬성에 최고😍
golden_sang_ | 2024-10-10 | 이건 못 참치🔥
j2ch.busan | 2024-10-10 | 왘ㅋㅋㅋㅋㅋㅋㅋ 14000원 ㄷㄷ.. 알프스 정상에서 먹는 신라면은 좀 더 특별할 것 같아요😮
muk_tteul | 2024-10-10 | 절대 몬탐지..
space_look__ | 2024-10-10 | 저런곳이면 무조건이죠
bokjaaa___ | 2024-10-10 | 진짜 너무 귀여우신 ❤️
1onefood_ | 2024-10-10 | 와 저는 이게 세상에서 가장 맛있는 라면 포브스 선정 1등 일꺼같아요
mukcatting_food | 2024-10-10 | 무족권이죠❤️❤️❤️
ming_foodie_ | 2024-10-10 | 오 저두 여행 가고파여
wanteat._.eat | 2024-10-10 | 저도 융프라우에서 라면먹은적 있는데 고산증때문에 힘들었지만ㅋㅋㅋ 맛있더라구요😍 여행시간 잘 보내세요!
qbee.eat | 2024-10-10 | 와 만사천원은.... 아냐 두개도 먹응수 있❤️
juner_315 | 2024-10-10 | 와우… 알프스 정상😍😍
merry_pick | 2024-10-10 | 무조건 먹는다❤️❤️
bonge_o0o_food | 2024-10-11 | 와 이건 진짜 쩐다.,...
1_kkomadol | 2024-10-11 | 와 ㅋㅋㅋㅋㅋ 저도 가고싶어여어엉😍
_mookja | 2024-10-11 | 먹으면서 여행의 즐거움을 느끼는 모습이 너무 좋네요! 오늘도 묵자데이!
hamayam_ | 2024-10-11 | 이 갬성에서 라면 먹는 건 최고지얌!
matketers | 2024-10-11 | 어바웃한 분위기에서 라면이라니, 정말 특별한 경험이네요!
con_coffeeornot | 2024-10-11 | 스위스 컵라면 크으으❤️
ji_wan_2010 | 2024-10-12 | 남꺼 뺏어먹는 라면
sb.matzip | 2024-10-16 | 와!! 진짜 너무 멋지네요😍
ssssss_____eeeejjccc | 2024-10-17 | ㅋㅋㅋㅋㅋㅋㅋㅋㅋㅋㅋ저기근데어디에요?
ssssss_____eeeejjccc | 2024-10-17 | 저렇게먹어도돼는건가 ㅎㅎ
jang._.sik | 2024-10-18 | 올라갈때 컵라면이랑 따뜻한물을 챙겨가면 안되는가"
2024-10-08,8461,다음 영상에서 이상한 점을 찾으시오. (10점) 42주,"#면치기, #냉면맛집, #라면먹방, #라면맛집, #먹방asmr, #간식추천, #먹방, #라면추천, #mukbang, #냉면","siso_father | 2024-10-08 | 냉면이 많이 뜨거운가요?😂
coesua353 | 2024-12-03 | 1.예쁘다 2.예쁘다 3.예쁘다 4.예쁘다 5.예쁘다 6.예쁘다 7.예쁘다 8.예쁘다 9.예쁘다 10.예쁘다
jjong_mattang | 2024-10-08 | 계란이 2개…?
sxy__0en | 2024-10-11 | 냉면인데 왜 불어
se._hxn11 | 2024-10-12 | 냉면은 차가운데 후불어드신다
s.min1_ | 2024-11-09 | 불어먹어요
hyj160919 | 2024-10-09 | 언니가 더 예뻐졌다?
seolie_0308 | 2025-03-30 | 태그가 왜 라면이있음?
k.hs0306 | 2024-10-12 | 냉면을 먹는데..왜 후후 불어서 먹지..?
eu.se1_ | 2024-10-10 | 차가운거 아닌가요??
불어먹었어요
he._my_name_jia | 2025-01-02 | 더 귀엽다??
ssoeun_yun | 2024-10-13 | 냉면인데 불어먹어서
my_jun0819 | 2025-01-16 | 왜 냉면을 불지? 사실 나도 그럴때 있어영
su.hye.on7316 | 2025-03-21 | 이걸왜 불어 먹지?
emily_120501 | 2024-12-18 | 계란이 왜 2인거죠 원래 1개 아닌가욘
han_byeol211539 | 2025-04-01 | 뜨거운 냉면?
hoppang_0102 | 2025-02-25 | 차가운건데 불어먹었어여!
sx_yunseul | 2025-02-14 | 냉면 먹는데 후 하고 분거..?
k_jy49 | 2025-03-20 | 아뉘 이거 왜 아무도 못 맞춤 ㅋㅋ
doeun0414 | 2025-01-30 | 냉면을 왜후후 불어요
jj.yox1 | 2024-10-11 | 냉면은 차가운데 불어서 먹는다...(밑에거 참고 노노)
hotdor_s | 2024-10-08 | 냉면인데 불어먹음;;
ydy__72 | 2024-11-08 | 계란이두개
seungbin___vvv | 2025-03-31 | 호오오오오오오옹오오ㅗㅗ 후루룹
jong_jinn_120127 | 2025-02-15 | 계란이 두개지요
naxeaz | 2025-03-16 | 게란 두개네 좋겠다
simyeonseo12 | 2024-10-27 | 차가운건데 왜 불어요
wangiseog | 2025-01-14 | 계란부터먹어야 하는데 불편 하노
yun._.seo013 | 2024-12-03 | 왜 냉면을 후불어서...
t_won._.0701 | 2024-10-12 | 원래 냉면에 계란이 2개씩이나 있나
yu.cmin_ | 2025-03-16 | 차가운걸 불어먹음
junxn.12 | 2024-10-12 | 왼쪽눈 밑에 점
sxw0n_1i | 2024-10-11 | 계란 왜 2개임
010_88xx_98xxd | 2024-10-12 | 냉면이차가운건데..후후 불어먹는거 인정...
a_14yeon | 2025-03-27 | 오이가 사라짐
alice_xlxlx | 2024-10-16 | 냉면인데 불어서먹었어...!?
love_.12033 | 2024-10-12 | 차가운건데 왜 식히는,,
seungjun_ahk | 2024-10-12 | 당연히 필터쓰는 인스타 잡종일줄 알아서 벽이 휜다할라고 배경보는데 필터없는 찐 얼굴이면 개추
kwk_1020.main | 2025-02-08 | 비냉 먹을때 시그마 보이 됨
laluna0624 | 2024-12-28 | 불어서 드시네요 뜨거우셨나봐🔥
songina8840 | 2025-02-07 | 왜 기둥이 안휘어져? 보정한줄 알았는데
si_on_15 | 2025-01-29 | 냉면을불어먹는것?
oopcy784 | 2024-12-05 | 후후 불었다..?
kkkdd3233 | 2024-10-16 | 불어먹어다
c._san26 | 2024-10-11 | 냉면인데 왜 후후붐? 차갑잖아요
ming_foodie_ | 2024-10-09 | 불어먹기!
heogayul14 | 2025-02-01 | 언니가 정말 예쁘다??😍
songyulhyi65 | 2025-02-01 | 차가운걸 불어먹음
_ax_axrxr_ | 2024-10-11 | 차가운 음식인데 불었어여
yome_foodie | 2024-10-08 | 불어먹기??ㅋㅋㅋ
park_yeeun_0813 | 2025-01-30 | 냉면인데 왜 불어먹지?
yxo.wz | 2024-10-18 | 차가운건데 불어 먹었다
wonwooo_1130 | 2025-01-29 | 왜 불어먹음요?
jjjnnn120831 | 2025-01-27 | 냉면에 왜 바람을 부르세여
oghn._ | 2024-10-16 | 냉면인데 왜 불어먹어
hgkwllll | 2025-01-29 | 젓가락 아님?
jaehee2012 | 2024-10-15 | 계란이 두개
minso_3263 | 2024-10-10 | 계란 2개 불어서 먹음요
wk_0oh6 | 2024-12-28 | 계란이 2개에요!
kingp0419s | 2024-12-03 | ?..호호호호불어서 먹어요^^ 비빔면을....^^
soo_hyun120 | 2025-01-28 | 여기 답은 없다.진짜는 머리를 안젖히면서 먹는것이다
d7_y513 | 2024-10-12 | 찬 음식인데 왜 불어서 식혀 먹누 ;;
hae_won8775 | 2024-10-12 | 비빔냉면 드실 때 후~~ 부심
12_0125aa | 2024-10-11 | 딥페이크
nar.inin0922 | 2024-10-23 | 차가운거 드시는데 왜 호를 하시지요?
__hayxn | 2024-10-11 | 계란이 두개다 (합치면 하나)
s_won.hj | 2024-10-12 | 면을 후~ 불었다!
yebit_14 | 2025-01-19 | 차가운건데 후 불어먹었다?
jhwan.7 | 2024-10-12 | 계란이 두개다
m.kyu_s | 2024-11-05 | 왜 계란이 2개지?
hyeonjun.kr | 2025-01-15 | 냉면에 바람을!?
leedh2013 | 2025-01-05 | 왼손잡이셨군요
sumin_9824 | 2025-01-13 | 왜 불어?
ieunjeong9426 | 2024-10-19 | 왜 불어서 드세욬ㅋ
eiei11976 | 2025-01-11 | 아니 이걸 왜모름?ㅋㅋㅋ냥면불어서 먹고았잖앜ㅋㅋ
daon_han14 | 2024-11-23 | 냉면을 왜 불어 먹음??
__hayxn | 2024-10-11 | 냉면을 불어먹엇다
0.njii | 2024-10-11 | 냉면 탸가운데 후 불어먹내요
jungbao0621 | 2024-12-07 | 왜 불어먹음?
seo.igun | 2025-01-07 | 냉면 인다 후~불어먹어 ㅠ
coehangyeol793 | 2025-01-06 | 왜 차가운 냉면에 호~불지?
ijunhyi3839 | 2025-01-06 | 달걀이 왜두개지?
kyunga_1117 | 2024-10-13 | 차가운거 불어먹은거??
always_nakyung1 | 2025-01-04 | 왜 냉면을 불어서 먹어.
sohee_.14 | 2024-10-11 | 냉면인데 불었다
aeshma.deva | 2025-01-02 | 정답! 정수리가 생각보다 휑하다.
seo._.yun130 | 2025-01-01 | 지금 겨울인데 반팔이다
yen_0307270 | 2024-11-28 | 차가운건데 입바람으로 식혔다..?
bss_o_o | 2024-12-29 | 왜 불어드시죠..?
tella1315 | 2025-01-24 | 냉면은 차가운거입니다
lcy.11xx | 2025-01-24 | 비빔냉면인데 왜 식힘?ㅋㅋ
cho_tik_tok | 2025-01-24 | 아래 쟁반에 뭐 있음
yoon.xa57 | 2025-01-24 | 냉면을 불어드심!
fabulous_.tae13 | 2025-01-24 | 시원한 냉면 먹는데 왜 붐
kys_6266 | 2025-01-24 | 너무 궈엽다?
hyeoni_323 | 2025-01-24 | 불어 먹었ㄷㅏ!
jin____hhhhhhhh | 2025-01-25 | 후 불어서
bomun_yuun | 2025-01-25 | 야발 오이 빼!!!!!
yjh130826 | 2025-01-25 | 계란이 2개
kimminhoooooooooo | 2025-01-25 | 냉면 아래"
2024-10-06,335,흑백요리사 요리하는 돌아이 라면팟타이 만들어보았습니다. 42주,"#흑백요리사, #흑백요리사_요리계급전쟁, #요리하는돌아이, #라면팟타이, #편의점음식, #편의점꿀조합, #씨유신상, #흑백요리사레시피, #윤남노","j2ch.busan | 2024-10-06 | 츄베릅님 요즘 잘해 떡상 가즈아🔥🔥
gyusun_1004 | 2024-10-06 | 오 대박이라규 😍 요리 맛나겠다규
ruri.food | 2024-10-06 | 보까보끼~~ㅋㅋㅋ❤️❤️
siso_father | 2024-10-06 | 먹어보고싶네요 😍
mukjung_ | 2024-10-06 | 오 궁그매❤️
dog.matdori | 2024-10-06 | 감칠맛도 미쳤구 이제 요리까지ㅋㅋ미춌당🙌🏻
muckza_zzae | 2024-10-06 | 만들어먹어봐 저장❤️❤️
yeoni_mukstar | 2024-10-06 | 오오 저도 만들어 볼래요!!
space_look__ | 2024-10-06 | 궁금한데요
sowon_yam2 | 2024-10-06 | 이건 예술적이옵니당😍❤️❤️
limeunzzo | 2024-10-06 | 오 궁금해여 ㅜㅜㅜㅜ
berup_x | 2024-10-06 | ❤️
ruri.food | 2024-10-06 | ❤️❤️
muk.seori | 2024-10-06 | 우와 .. 진짜 누가 만들어주면 좋겠다 ㅎㅎㅎㅎㅎㅎ
jjong_mattang | 2024-10-06 | 베릅님 오늘은 수면바지 없나요!?
wanteat._.eat | 2024-10-06 | 아니 요리도 잘하시네요ㅋㅋㅋㅋㅋㅋㅋㅋㅋㅋㅋㅋㅋㅋ 금손😮
sang_hwa00 | 2024-10-06 | 아니츄베릅님 거북목되겠어여!!!
jack__foodie | 2024-10-06 | 다때려넣러🙌🙌
h.elio_t.rope | 2024-10-06 | 저-장😻🤩
eat_fp2 | 2024-10-06 | @reekyung_h
bokjaaa___ | 2024-10-06 | 와 너무 맛있게 드시는데여 ㅠ
cok_foodie | 2024-10-06 | 안대 끼고 있을게여??
moo_boza | 2024-10-06 | 배릅님 ㅋㅋㅋㅋㅋㅋㅋ 흑백요리사 함 나가시져
cha.chav | 2024-10-06 | 오호라 칼질 야무지게 하시넹 ㅋㅋㅋ
rara_muk | 2024-10-06 | 궁금해요❤️
bonny_vely_ | 2024-10-06 | 저장하고만들어바요❤️❤️
j_min__3 | 2024-10-06 | 표정 넘 귀엽고 예뻐요ㅋㅋ😍❤️
matpamine_ | 2024-10-06 | 헐 이거 넘 궁금했는데..😮
1onefood_ | 2024-10-06 | 오오 대박인데요 이제 요리방송 까지 만능 엔터 츄베릅😍
bottlejune__96 | 2024-10-06 | 라면팟타이라니 신박하니 너무 궁금해져요!! ㅎㅎㅎ😍
muk_ggang | 2024-10-06 | 궁그매여 ㅠ
eating_happily_ | 2024-10-06 | 아니 진짜 요리 너무 잘하는데….?😮 흑백츄베릅,,,
seoul__guide | 2024-10-06 | 라면팟타이 궁금하네요!!
moonchelin.chef | 2024-10-06 | 해장각이네요🔥
yome_foodie | 2024-10-06 | 이거 맛없없이겠는데요❤️
hihee.e | 2024-10-06 | 크흐 라면팟타잌ㅋㅋㅋ먹구파료
mandoo_balddoong | 2024-10-06 | 우왕 ㅋㅋㅋ 직접 만들어보셧다니 ❤️ 저도 해먹어보고 싶네요
mukorang | 2024-10-06 | 오 맛나 보여요❤️❤️
laurent_busan | 2024-10-06 | 오 이거 궁금하던데 !!! ❤️❤️❤️
muksta__chunsik | 2024-10-06 | 오와 이건 찐 요리..
bonge_o0o_food | 2024-10-06 | 나ㅜ이거 진짜 궁금해 너무 귱금해!!!!
miri_muk | 2024-10-06 | 어머 요리도 잘하시는 츄베릅님!! 저도 저거 먹어보고 싶더라구요~~~~~~~
100rang_food | 2024-10-06 | 왁 요리사 다됐자나여😮
leeoh_review_ | 2024-10-07 | 오우 나도 한입하고싶당❤️
js__1oo4 | 2024-10-07 | 계란후라이까지 너무 잘되따,,💛💛💛
mat_puri | 2024-10-07 | 오....직접해먹어봐야겠네요!!
hamayam_ | 2024-10-07 | 라면팟타이 정말 맛있어 보이네요 얌!
hyukfood | 2024-10-07 | 라면팟타이 정말 맛있어 보이네요! 여기 저장해둬야겠다.
matketers | 2024-10-07 | 라면팟타이가 정말 맛있어 보이네요! 어떤 맛인지 궁금합니다!
_mookja | 2024-10-08 | 라면팟타이라니, 정말 흥미로운 조합이네요! 오늘도 묵자데이!
golden_sang_ | 2024-10-08 | 뽀까뽀까
taetae_foodie | 2024-10-08 | 딱 맥주한잔하면 최고겟어여❤️
nkein82 | 2024-10-08 | 저걸 다 하려면 넘나 귀찮을 갓 같아요 😂
yum_yum_kkakka | 2024-10-09 | 와 이거 너무궁금한데요❤️❤️
jini_zzin | 2024-10-15 | 골뱅이가 핵심이군요😄👏
sb.matzip | 2024-10-16 | 오 따라해보고 싶네요😍
sojugyeotong | 2025-02-18 | 🤑"
2024-10-05,722,GS25에 나온 스모어초콜릿 먹어봤습니다. 42주,"#스모어초콜릿, #빅스모어초콜릿, #gs25신상, #먹방asmr, #신상리뷰, #간식추천, #디저트맛집, #편의점신상, #편의점디저트, #마시멜로우, #초코파이","korea_foodzone | 2024-10-05 | 와~~~~우!!!!!!궁금하당
eating_happily_ | 2024-10-05 | 개 단 거 잘 묵는 사람 잇츠미,,😍
siso_father | 2024-10-05 | 진심 너무 맛있겠어요😍
jaws_eat | 2024-10-05 | 요거 달달하니 맛나겠어요
yam_yam_ping | 2024-10-05 | 맛궁금했는데 너무 달다니 😂
yumyum_report | 2024-10-05 | 저도 너무 달아섴ㅋㅋㅋ 두입먹고 포기
yome_foodie | 2024-10-05 | 와 얼마나 달길랰ㅋㅋㅋㅋ
berup_x | 2024-10-05 | ❤️
mogura_gram | 2024-10-05 | 진짜 달아보여요 ㅋㅋㅋㅋㅋㅋ머리 띵할것같은😮
muk._.chuuru | 2024-10-05 | 와 안에 페스츄리도잇다니!
muckza_zzae | 2024-10-05 | 얼마나달깤ㅋㅋ😮
jimingim664 | 2024-10-05 | 스모어 초콜릿을 맛보는 예쁘고 아름답고 사랑스러운 공주님이었어요🤗🥰😻😇😍💖💕
sh.cookkook | 2024-10-05 | ㅋㅋㅋㅋㅋㅋㅋㅋ진짜 단가바옄ㅋㅋㅋㅋ표정잌ㅋㅋ
leeoh_review_ | 2024-10-05 | 이거 먹어보고 싶었어ㅜ❤️
muk_joongsa | 2024-10-05 | 이거 후기 그저 그래서 초코파이 먹기루 했어요
miri_muk | 2024-10-05 | 전 이건 아니고 다른 스모어 초코 먹었는데 너어어어어무 달더라구요
jack__foodie | 2024-10-05 | 꼭 촢코파이같당
bottlejune__96 | 2024-10-05 | 스모어초콜릿 엄청 두툼하면서 쪼오온득하기 까지하니 미쳤는데요??😮🤎🤍
h_mochi_bungeo | 2024-10-05 | 가격이 양아치지만.. 식감이 완전 궁금해여❤️
mukbulim_0817 | 2024-10-05 | 스모어초코는 진짜 혈당스파이크 올 것 같았어요
mukkarong | 2024-10-05 | 이거 당충전은 확실히 되겠네요!!👏👏
_zez_e__ | 2024-10-05 | 완전 달아유 ㅜㅠ
muk_tteul | 2024-10-05 | 진촤 편의점 잘턴다😮😮
ruri.food | 2024-10-05 | 너뮤달아달아😂
jini_zzin | 2024-10-05 | 저는 너무 단건 힘들어서 패스할래요😢덕분에 또 돈굳었어용❤️
ming_foodie_ | 2024-10-05 | 이거 먹어보고파여!!
themukeou | 2024-10-05 | 와 그렇게 달아..?😮
sowon_yam2 | 2024-10-05 | 소리너무조아용!!!
bonge_o0o_food | 2024-10-05 | 진짜 엄청 달 것 같옼ㅋㅋㅋ
js__1oo4 | 2024-10-05 | 마시멜로 들어서 더 맛있겠어요오💛💛
hotdor_s | 2024-10-05 | ㅋㅋㅋㅋㅋㅋㅋㅋㅋㅋㅋㅋㅋㅋㅋ얼마나 달길래
hihee.e | 2024-10-05 | 개 단 디저틐ㅋㅋㅋㅋ
1onefood_ | 2024-10-05 | 와 당충전필요한데 딱이네용
dokkkiee | 2024-10-05 | 딱 한조각만 먹어보고싶오..
golden_sang_ | 2024-10-05 | 얼굴 보다 크네요 ㅋㅋ
o2xinu | 2024-10-05 | 저거 먹을바에 두바이 .. ㅎ
space_look__ | 2024-10-05 | 와 맛잇어보이는데요
hyob_muk | 2024-10-05 | 왘ㅋㅋㅋㅋ두툼해샤 좋은데요??
wu_hyun | 2024-10-05 | 편의점에 요새 안나오는게 없긴하네영 ㅋ
hdul_daily | 2024-10-05 | 크 완전 단가보네요
bapmusna | 2024-10-05 | 편의점에 없는게 없어여😂😂늠달믄 못묵는디ㅠ
j2ch.busan | 2024-10-06 | 헉.. 꽤 많이 달군요ㅠㅠ
min_jung104 | 2024-10-06 | @heejin_0.0 이젠이거네
hamayam_ | 2024-10-06 | 스모어초콜릿 너무 맛있어 보이네요! 다음에 꼭 먹어봐야겠어요 얌.
matketers | 2024-10-06 | 스모어초콜릿 정말 맛있어 보이네요! 궁금해집니다.
_mookja | 2024-10-06 | 스모어초콜릿 정말 맛있어 보이네요! 오늘도 묵자데이!
hyukfood | 2024-10-06 | 스모어초콜릿 정말 맛있어 보이네요! 여기 저장해둬야겠다.
menggong__ecig | 2024-10-06 | 달달하네요 당 충전 제대로☺️💖
rara_muk | 2024-10-06 | 가격 넘 비싸요😢
tasteraveler | 2024-10-07 | 와미쳣어,,"
2024-10-04,491,요즘 핫한 흑백요리사 나폴리 맛피아표 밤 티라미수 만들어보았습니다. 42주,"#흑백요리사, #나폴리맛피아, #밤티라미수, #흑백요리사맛집, #흑백요리사레시피, #티라미수, #나폴리맛피아밤티라미수, #흑백요리사_요리계급전쟁, #신상리뷰, #먹방asmr, #간식추천, #디저트맛집, #편의점신상, #편의점디저트","jang._.sik | 2024-10-18 | 편의점에서 산건 별로던데 예은님이 만든건 맛있겠다😆
yeoni_mukstar | 2024-10-05 | 저도 이렇게 한번 만들어 봐야겠어요!!
gyunyami | 2024-10-04 | 와ㅋㅋㅋㅋㅋ 맛있어보이는데,, 만들어 볼 엄두가 안나요😂
matketers | 2024-10-04 | 밤 티라미수가 정말 맛있어 보이네요! 꼭 한 번 만들어보고 싶어요.
_mookja | 2024-10-04 | 와, 밤 티라미수 정말 맛있겠네요! 오늘도 묵자데이!
hyukfood | 2024-10-04 | 밤 티라미수 너무 맛있어 보이네요! 여기도 저장인걸로!
hamayam_ | 2024-10-04 | 밤 티라미수 정말 맛있어 보이네요! 다음에 도전해보고 싶어요 얌.
sse_luv | 2024-10-04 | 이거 너무 궁금했는데ㅜㅜ
bokjaaa___ | 2024-10-04 | 오 대박인데옄ㅋㅋㅋㅋ
ssonwin_ | 2024-10-04 | 헛 밤맛 궁그미유❤️❤️
yoon.min.ga.0513 | 2024-10-04 | 오호
mochl_ahahcnl | 2024-10-04 | 이거 맛 궁그뫠요 🤎
jjong_mattang | 2024-10-04 | ㅋㅋㅋㄱㅋㅋㄱㄱㅋㅋㅋ아 수면바지 입고 상남자처럼 앉아있는게 킬포🔥
golden_sang_ | 2024-10-04 | ㅋㅋㅋ 졸귀네
daejeon_ddomatddo | 2024-10-04 | 이거 진짜 해먹어보고싶었어요..❤️
con_coffeeornot | 2024-10-04 | 이걸 만드시다니 ㄷㄷ👏👏
eating_happily_ | 2024-10-04 | 아닠ㅋㅋㅋㅋㅋㅋㅋㅋㅋㅋㅋㅋ언니 왜케 금손이여!!!!! 개잘만들었다 나두 한 입,, 아니 하나만,,,❤️
space_look__ | 2024-10-04 | 와 직접 해보시다니😮
_chanhyeok | 2024-10-04 | 크림 지키는 거 ㅋㅋ 큨 큐 ㅋㅋㅋㅋㅋ😮
1onefood_ | 2024-10-04 | 오어 완전 특이하네용 궁금쓰😍
ruri.food | 2024-10-04 | 냉장고 지키는거바 ㅋㅋㅋ
ruri.food | 2024-10-04 | 아 귀여웡ㅋㅋㅋㅋ
100rang_food | 2024-10-04 | 나폴리츄베릅 폼 미쳤다..😮
ggam_food | 2024-10-04 | 시즌2나가시나여🙌
mukjung_ | 2024-10-04 | 이거맛진쨔궁그매..
j2ch.busan | 2024-10-04 | 츄베릅은 떡상해야한다!!
j2ch.busan | 2024-10-04 | 와.. 이걸 따라해볼 생각을 하셨다는게 대단👏👏
foodie_class | 2024-10-04 | 오호 대박 금손이시다🔥
mukrosee | 2024-10-04 | 오 직접 만드셨다니❤️❤️
mayeosa.1pick | 2024-10-04 | 이거 맛없없인데요?😮😮😍😍
leeoh_review_ | 2024-10-04 | 오 이거 나듀 만들어먹고 싶다😍
laurent_busan | 2024-10-04 | 이거 특이하더라구요!! 맛있을듯 ❤️❤️
hihee.e | 2024-10-04 | ㅋㅋㅋㅋㅋㅋㅋㅋㅋ수면바짘ㅋㅋㅋ
moo_boza | 2024-10-04 | ㅋㅋㅋㅋㅋㅋㅋㅋㅋ 크림지켜 🔥
muksta__chunsik | 2024-10-04 | 와 정성 무슨일이에요❤️
js__1oo4 | 2024-10-04 | 나폴리맛피아 쉪 최고 👍🏻👍🏻👍🏻
요고 진짜 맛잇어 보이던데 💛💛
81ackp0ny | 2024-10-04 | 앜ㅋㅋ 대박이야 ㅎㅋㅋㅋ
hye_foodie_ | 2024-10-04 | 대박ㅋㅋㅋㅋㅋㅋ이거 어제봤는데너무기여어ㅓ욬ㅋㅋㅋ
muk._.chuuru | 2024-10-04 | 와...고생이다ㅜㅜ
kimcoffee_c | 2024-10-04 | 대박🙌🙌이걸 만들어드신다니 완전 금손이시자나용🤎넘 맛있겠당💕
__it.s.youn | 2024-10-04 | 오호오오 ?!!! 저도 맹글어 볼래요 !
ham2_ni__ | 2024-10-04 | 헐 만드셨어요? 대단
jini_zzin | 2024-10-04 | 우와 능력자!!이걸 만드시다니👏
mukcamera | 2024-10-04 | 오~ 완전 비슷해여ㅋㅋ😍
themukeou | 2024-10-04 | 와 자꾸 들어가? 편의점에서 나오면 무조간이다🙌🙌
h_mochi_bungeo | 2024-10-04 | 진짜 츄베릅님은 못하는게 모에요!!
miri_muk | 2024-10-04 | 와 이걸 직접!! 👏👏
yome_foodie | 2024-10-04 | 저 이거 넘 궁금해요❤️
dama.dessert | 2024-10-04 | 우와 😍 츄베릅님 ㅋㅋㅋㅋ 이제 요리까지!!!!
gge.juck | 2024-10-04 | 요리하시다가 거북목 오시겠는데요…?
e.den_0.0 | 2024-10-04 | 저도 만들어 보고 싶은데욤❤️
muckza_zzae | 2024-10-04 | 못하는게 모에여!!!❤️
myeong_jonmatt | 2024-10-04 | 저거 만들다가 엄마한테 등짝맞을거같아요….
muk__jjung | 2024-10-04 | 와 이걸만들시다니😮👏👏😍
mukbulim_0817 | 2024-10-04 | 요거 진짜 조만간 편의점에서 나오는거 아닌가여!!!!
yumyum_report | 2024-10-04 | 비쥬얼 진짜 넷플릭스에 나온 그대로네요?!
wanteat._.eat | 2024-10-04 | 헛 요거 집에서 시간날때 함 만들어봐야겠는데요?!😍
ming_foodie_ | 2024-10-04 | 베릅요리사...?
berup_x | 2024-10-04 | ❤️
onnu_jjung | 2024-10-04 | 와 대단하신데요👏👏👏
sowon_yam2 | 2024-10-04 | 자꾸들어갈것같아용❤️❤️
bonge_o0o_food | 2024-10-04 | 아니 그새 이걸 만들었다고ㅋㅋㅋ진짜 쪈다,,,, 크림 지키는거 왜케 기욤ㅋㅋㅋㅋ
ddonge_e_ | 2024-10-04 | 오오 이걸 만드셨다니 역시!!!!🔥"
2024-10-03,1291,"을지로 골목 야장에서 삼겹살 조졌습니다. <모아식품> 힙한 을지로 골목에 위치한 고기 파는 술집🫶🏻 레트로 갬성 미쳤음🫶🏻 야장은 야장값 때문에 비싸고 안주 퀄도 낮다는 편견이 있는데 여긴 고기질도 좋고 안주도 저렴🫶🏻 삼겹살에 파김치가 지리니까 꼭 먹으세요🫶🏻 버섯도 즙이 가득🫶🏻 이동할 필요도 없이 그 자리에서 1차부터 3차까지 롱런 쭉 가능🫶🏻 요즘 같이 선선한 날씨에 바람 솔솔 맞으면서 한잔하기에 딱🫶🏻 @@힙지로 가자🔥 📍#모아식품 📍 서울 중구 마른내로 61-6 1층 모아식품 ⏰ 월-목 17:30-24:00, 금 17:30-01:00 ⏰ 토,공휴일 13:00-01:00 ‼️일요일 휴무 43주","#을지로맛집, #야장맛집, #야장, #을지로술집, #을지로핫플, #을지로맛집추천, #종로3가맛집, #힙지로맛집, #을지로노포, #힙지로술집, #을지로데이트코스, #을지로야장, #을지로고기집, #삼겹살맛집, #을지로골목","changyoun_0660 | 2025-04-25 | @hyojin_im96
sooobzb | 2025-04-10 | @heeoblq
_e_m_h_s | 2024-10-30 | @go9ma_killer @23inch_ 힙지로가좡
yunsunh_ | 2024-10-30 | @horigaon 힙지로?
gwan.min_ | 2024-10-29 | @_dabiny 이거?
ny_u25 | 2024-10-16 | @hyewon0903 언니 힙하다 힙한 을지로 가봣어…?
vonovonogg | 2024-10-15 | @kuk___________
day0ung___ | 2024-10-14 | @1000.ej 나 이거때매 가야겠다 진짜
a_ahyun | 2024-10-11 | @dayes__v
jieon5550 | 2024-10-09 | @asujinnn 쌤도 보고싶고 저기도 가고싶고🫣🤗
eu_n__bi | 2024-10-08 | @s_b__kkk 언제가 ㅠ
ssolssz | 2024-10-06 | @juuuu_hk 한번더~?
yuyang.o | 2024-10-06 | @do.dol_
j_yoon_k20 | 2024-10-06 | @haram__kk
j_yoon_k20 | 2024-10-06 | @shine_hyun00 니가사실?
sonyonugeun | 2024-10-06 | @s_minjoni_
psychic_haewon | 2024-10-06 | 츄베릅..😢
hxldmetight__ | 2024-10-05 | @daayxonn__
bella__jieun | 2024-10-05 | @joonbeomahn
bella__jieun | 2024-10-05 | @diet_zna_luv @beneshehj @sj___yj
s.h_____park | 2024-10-05 | @sayeee__95 갈래말래
dbwisbrjeoosj | 2024-10-05 | @hyon_a 야장..?
eatmaap | 2024-10-05 | 크 달려갑니다❤️
yizeea_ | 2024-10-04 | @rlaaltho 여기도좋다
dx_xam | 2024-10-04 | @_2sung_eun
hye_foodie_ | 2024-10-04 | ㅎ ㅏ을지로 지금 날씨에가기딱이에요ㅠㅠㅠㅠ
bokjaaa___ | 2024-10-04 | 뿌셔야져 힙지로❤️
hello_s_food | 2024-10-04 | 불금에도 죠져야죠❤️❤️
mukjung_ | 2024-10-04 | 호로록❤️
1onefood_ | 2024-10-04 | 크으 갬성 미쳤어요😍😍
na._.yeon.e | 2024-10-04 | @ggyuuu.t 고고띠하시죠
space_look__ | 2024-10-04 | 야장감성 넘 좋은데요😍
hihee.e | 2024-10-04 | 진심 ㅠㅠㅠ 호로록 각❤️❤️
o3o__u | 2024-10-04 | @1997kg_f
go_yang_eat | 2024-10-04 | 너무 힙해.
rara_muk | 2024-10-04 | 야장가야죠❤️
kmju_._.v | 2024-10-04 | @hyun._.soda
mukkarong | 2024-10-04 | 오우~~요날씨에 야장 너무 좋쥬!!👍👍👍👍
yoon_s_tory | 2024-10-04 | 가을은 역시 야장의 계절,,,😍🔥
mat_daji | 2024-10-04 | 츄릅❤️
foo__zim | 2024-10-04 | 와...오늘 당장 가야게따👏👏👏
gyunyami | 2024-10-03 | 진짜 요즘 야장가기 딱이죠👍👍
100rang_food | 2024-10-03 | 아니 고기 너무 늠름하게드시는거아니에요??😂😂
n_treasure_love | 2024-10-03 | 여윽시 힙지로네요😍😍
jameslee0911 | 2024-10-03 | 우와 여기 너무 좋네여❤️
moo_boza | 2024-10-03 | @jung_chance_ @seok01.02 야장 고기 각이다,, 소주 한짝 ㅋㅋㅋㅋㅋㅋㅋ
inggsuphawadee | 2024-10-03 | 😍😍😍😍
porschelin_man | 2024-10-03 | 저용 저용!^^
ming_foodie_ | 2024-10-03 | 야장하러 갈래여😍
themukeou_2 | 2024-10-03 | 힙지로 뿌실사람❤️❤️
leeoh_review_ | 2024-10-03 | 힙지로 뿌시러 간다❤️
hyob_muk | 2024-10-03 | 야장 ㅠㅠ삼겹살 못참져 지금 갈래여❤️
eating_happily_ | 2024-10-03 | 힙지로 뿌시러 갈래🔥🔥
jimingim664 | 2024-10-03 | 을지로맛집을 빛내는 모습이 너무나도 예쁘고 아름답고 사랑스러운 공주님이었어요🤗🥰😻😇😍💖💕
sse_luv | 2024-10-03 | 날씨에 딱이에요ㅜ
tntuuda | 2024-10-03 | ❤️ 너무나맛있게보여요
meokdoong | 2024-10-03 | 아야장넘조아요❤️
ssonwin_ | 2024-10-03 | 삼걉 사랑이져❤️❤️❤️
wanteat._.eat | 2024-10-03 | 어후 파김치에 삼겹살 ㅠㅠㅠㅠㅠㅠㅠ 저도 을지로 야장 뿌시러 갈래요😍
mukrosee | 2024-10-03 | 야장은 지금 딱이죠!!!
_seoony | 2024-10-03 | @red_sun0606 @uncleanblue 너무 좋은데요
muk._.chuuru | 2024-10-03 | 힙지로 츄베릅♥️
sowon_yam2 | 2024-10-03 | 더 추워지기전에 가야징 ㅎㅎ😍
ahnewjin | 2024-10-03 | @99young_k 헉.. 🤤🤤🤤
picky._.eat | 2024-10-03 | 불판부터 찐이다..🔥🔥
ruri.food | 2024-10-03 | ❤️❤️이쁘니
ruri.food | 2024-10-03 | ㄹㅇ걍 호로옥이야❤️❤️
bottlejune__96 | 2024-10-03 | 야장이 많기로 유명한 을지로!!❤️ 야장 고기 저도 즐길래요...☆
hj_foodie | 2024-10-03 | ㅠㅠㅠ여기 진짜 맛있다매 🥹 야장 진짜 죽인당!!
yamyam_sisters | 2024-10-03 | 힙지로 좋지여~~❤
j2ch.busan | 2024-10-03 | 마지막 장면에서 한선화가 보여요 👀
eat_fp | 2024-10-03 | @reekyung_h
seoul__guide | 2024-10-03 | 삼겹살 대박..완전 군침돌아요 ㅠㅠ
limeunzzo | 2024-10-03 | 헐 여기 가보구싶어요ㅠㅠㅠㅠㅠ
mukbulim_0817 | 2024-10-03 | 1차부터 3차까지 쌉해결이라니 완전 좋잖아요
siso_father | 2024-10-03 | 갬성 대박이네요 😍
d_t_muksta | 2024-10-03 | 힙지로 뿌시자잦자 야장 갬성 최고에요ㅠㅠ😍
golden_sang_ | 2024-10-03 | 아 술 좀 쉬려고 했는데!!
muckza_zzae | 2024-10-03 | 우앙 바람 솔솔 불깨 먹는 츄 옘브네염ㅋㅋ
matpamine_ | 2024-10-03 | 지금이 기회얏!!
jjong_mattang | 2024-10-03 | 지금 날씨에 야장 못참죠 ㅇㅈ??🔥
jini_zzin | 2024-10-03 | 야장 지금이 최적기죠!!추워지기 전에 얼른 즐기러가야 해요🏃🏃‍♀️💨
h_mochi_bungeo | 2024-10-03 | 야장갬성❤️❤️
yome_foodie | 2024-10-03 | 야장갬성 못참죠❤️❤️
berup_x | 2024-10-03 | ❤️
gwangju_oneallzero | 2024-10-03 | 와우 촤르륵 고기구워지는거바여😍
mukbears | 2024-10-03 | 저거 찌개로 마무리하면 대극락.,"
2024-10-03,226,성심당 빵 시식회 오픈! 프로필 링크 대전 브이로그 보러오세요❤️ 43주,"#성심당, #대전, #대전맛집, #대전브이로그, #브이로그, #먹방asmr, #여행, #여행브이로그, #여행맛집, #빵지순례, #빵집맛집추천, #부추빵","2272.song | 2024-10-12 | 옆 모습 왜 진자림 같지?? (비하 아님)
m.icroscop.e | 2024-10-06 | 그 맛도리 천국에서 부추빵 나부랭이를 먹다니..
ddo__yam | 2024-10-04 | 부추빵은 호불호가 갈리는거같아요 저도 불호 ㅠ 저는 초코소보로가 젤 맛있어요!!!
space_look__ | 2024-10-04 | 취향에 맞을만한 다양한 빵들이 있으닌깐요
ssenjjun.zipbab | 2024-10-04 | 저는 튀소보다 이걸 더 좋아하는데 ㅎㅎㅎ 먹다보면 부추빵만의 매력이 있어용😍
gur_wns | 2024-10-04 | 이븐하게 빵이 잘 구워졌나요 ?
foodtravel1015 | 2024-10-03 | 부추빵은 그냥그래요😂
golden_sang_ | 2024-10-03 | ㅋㅋㅋㅋ 4.5점 귀여워요 ㅋㅋ
jinarye | 2024-10-03 | 성심당😍
taste_filer | 2024-10-03 | 음 ㅠㅠㅠ 별로엿나봐용 ㅠㅠ
seoul__guide | 2024-10-03 | 먹어보러 가고싶네요.!
mukjung_ | 2024-10-03 | 제가 대전인으로서 성심당을 사먹은적이(..)
leeoh_review_ | 2024-10-03 | ㅋㅋㅋㅋㅋ이거 나쁘지않아!
colorfulsundays | 2024-10-03 | ㅋㅋㅋ이건 슴슴한게 매력적이에요~~~~
yome_foodie | 2024-10-03 | 저도 빵은 기대보다 별루였어요ㅠㅠ
laurent_busan | 2024-10-03 | 성심당 때문에 대전가고싶은데 부추빵은 약간 그런가보네요 ㅠㅠㅠ
meokdoong | 2024-10-03 | 어머멍 그냥그런거부네요..
muk.seori | 2024-10-03 | 몇점만점에 4.5점인가유 선생님
mukrosee | 2024-10-03 | 부추빵은 패스!!네요
korea_foodzone | 2024-10-03 | 부추빵 최공
mukbulim_0817 | 2024-10-03 | 전 부추전은 취향이 아니더라구요ㅜㅜ
bonge_o0o_food | 2024-10-03 | 오...처음 먹어봣을 때 생각난닼ㅋㅋㅋㅋ
j2ch.busan | 2024-10-03 | ㅋㅋㅋㅋㅋㅋㅋㅋ 유튜브 보러 가야지😀
eating_happily_ | 2024-10-03 | 자극적인 맛에 절여진(?)😂 부추빵 말고 초코튀소!!!!!
1onefood_ | 2024-10-03 | 오 유튜브한번 보러 가야겠어용😍😍
dokkkiee | 2024-10-03 | 브이로그 보러 달료가❤️
muk._.chuuru | 2024-10-03 | 유튭 보러가야딩😍
muk_joongsa | 2024-10-03 | 저도 사실 성심당 부추 (제 취향은 아님) 생각보단..!🙌
13.3.29 | 2024-10-03 | 으앙 츄베릅님 대전 또 오심 빵 투어 해드릴께요 🙌
js__1oo4 | 2024-10-03 | 성심당 다른빵이 더 맛있어용🥺
muk_captain_ | 2024-10-03 | 4.5점이 10점 만점중에인가요?.?
jack93kim | 2024-10-03 | 미모가 물오르는쿤 브이로그밨스땈ㅋㅋㅋ
sowon_yam2 | 2024-10-03 | ㅋㅋㅋㅋㅋㅋ별루였군용!? 유튜브 봤어용😮
jack__foodie | 2024-10-03 | 5점전
ruri.food | 2024-10-03 | 성심당 맛업구낭?!
berup_x | 2024-10-03 | ❤️"
2024-10-02,916,"진짜 치즈가 들어간 400원 간식? 치즈향이 진해서 향만 냈나 싶었는데 진짜 치즈가 6%가 들어가 치즈 풍미가 최고🫶🏻 치즈맛이 찐한 치즈크림이 많이 들어 한입물면 입 안 가득 부드러운 치즈크림이 감싸고🫶🏻 겉은 바삭 속은 부드러운 크림가득🫶🏻 전자레인지 10초 돌리면 더 바삭하고 더 부드러워져서 더 존맛🫶🏻 쿠팡에서도 살 수 있고 CU에선 10월에만 2+1이라니 800원에 3개 바로 겟하러 ㄱㄱ🫶🏻 📍 쿠팡, CU 💵 400원 43주","#광고, #크런치치즈쿠키볼, #신상과자, #신상리뷰, #간식추천, #먹방asmr, #디저트맛집, #편의점신상, #편의점디저트, #치즈맛집, #치즈과자, #간식리뷰, #씨유신상, #씨유간식추천, #쿠팡간식추천, #신상과자, #치즈과자","tmddl0425 | 2024-11-20 | @o.s.u55_ 궁금하당ㅋㅋ
mirror_12.6 | 2024-11-10 | @1024ina 이기그기가?
yanghagrim9 | 2024-10-31 | 맛있겠다
judithrsln | 2024-10-04 | 언니 운동하는 것을 잊지 마세요
yome_foodie | 2024-10-03 | 와 가성비 너무 좋은데요❤️
__it.s.youn | 2024-10-03 | 오 .. !!!! 한가득 사놔야할 비주얼
100rang_food | 2024-10-02 | 왁 갓성비자나요 하나씩까먹다가 다먹어버릴듯..😮
mat_rorong | 2024-10-02 | 와 이거 진짜 사먹구 싶었는데 이걸 드시다닛❤️❤️ 작고소듕한과자에오😍
mukorang | 2024-10-02 | 먹구싶당
sse_luv | 2024-10-02 | 갓성비네용👏
bokjaaa___ | 2024-10-02 | 헐 오늘 무조건 먹습니닷
wanteat._.eat | 2024-10-02 | 헛 전자렌지 10초 꼭 돌려야겠는데요?😍❤️ 간식으로 딱이에요ㅋㅋㅋ
laurent_busan | 2024-10-02 | 치즈쿠키볼 딱봐도 넘 맛있겠는데요 ..❤️
food_zohaa | 2024-10-02 | 치즈가 미쳣네요 ㅋㅋㅋㅋ
1onefood_ | 2024-10-02 | 와 전자레인지 돌려야죵😍😍😍
miri_muk | 2024-10-02 | 오잉? 이거 진짜 먹어보고 싶어요!!
hihee.e | 2024-10-02 | 오앙ㅋㅋㅋ이거먹어보고파유
mukjung_ | 2024-10-02 | 오 전자렌지 십초!
eunsil5317 | 2024-10-02 | 헐 진짜 저렴하당 사묵을래용
colorfulsundays | 2024-10-02 | 우오ㅏ 궁금해요❤️❤️❤️❤️
manchaelin | 2024-10-02 | 오옹 이거 진짜 완전 인간사료 아니냐구요오 -`♡´-
mukrosee | 2024-10-02 | 요고 은근 마싯어요❤️
ggam_food | 2024-10-02 | 콰드득 소리좋네여
jjgongju_ | 2024-10-02 | 치즈러버인데 보이면 당장 사먹을래유😮
muckza_zzae | 2024-10-02 | 우앙 진짜 치즈 ❤️❤️ 풍미대박❤️❤️
juner_315 | 2024-10-02 | 커피랑 같이 먹기 딱 좋을 거 같아요🥰
dog.matdori | 2024-10-02 | 쿠팡 바로가즈아ㅏㅏㅏ❗️그나저나 안에 치즈 대박😮
sh.cookkook | 2024-10-02 | 와ㅜ 10초권법 무조건..
jini_zzin | 2024-10-02 | 전자렌지 꿀팁 감사용🧀👍
hello_s_food | 2024-10-02 | 이거 맛있어서 계속 먹다보면 순삭 ㅋㅋㅋㅋㅋ
kokopopop101010 | 2024-10-02 | 저거 많이 먹으면 살찔것 같아서 패스
picky._.eat | 2024-10-02 | 전자레인지 꿀팁까지,,크 ❤️❤️
sowon_yam2 | 2024-10-02 | 하나만 주세용 ㅠㅠㅠ 사백오십원줄게용 ❤️
seoul__guide | 2024-10-02 | 미친 쿠키네요 ㅠㅠ
hdul_daily | 2024-10-02 | 이거...사료각인데
eating_happily_ | 2024-10-02 | 이거 진짜 진하고 파삭해서 존맛😍😍
ming_foodie_ | 2024-10-02 | 맥주랑 먹고시퍼요😍
cok_foodie | 2024-10-02 | 이거 저도 먹어봤지요~~~ 🔥
themukeou_2 | 2024-10-02 | 아니 400원실호ㅏ?! 인간 사료등장❤️
narye_zzang | 2024-10-02 | 사먹어봐야딩😍
yam_yam_ping | 2024-10-02 | 와 찐할거같어용 ㅜㅜㅜㅜ❤️ 넘조은데용?
muk_joongsa | 2024-10-02 | 전자레인지 10초 뮤조건 돌리기❤️❤️
mukbulim_0817 | 2024-10-02 | 쿠팡바로 주문함다😍
ruri.food | 2024-10-02 | ❤️❤️❤️
ruri.food | 2024-10-02 | 간식으로 나두줘
gge.juck | 2024-10-02 | 와 전자렌지 돌리면 진짜 풍미 입안 가득하겠다요..😮
limeunzzo | 2024-10-02 | 왁 맥주랑두 잘어울릴 거 같애여🫢
leeoh_review_ | 2024-10-02 | 와 간식으로 딱이다❤️
berup_x | 2024-10-02 | ❤️
eat_fp | 2024-10-02 | @reekyung_h 😍😍
jjong_mattang | 2024-10-02 | 나왔다 내 사료…ㅋㅋㅋ😂"
2024-10-01,524,편의점 동결건조젤리 먹어봤습니다. 43주,"#동결건조하트구미첼젤리, #동결건조, #동결건조간식, #동결건조젤리, #동결건조과일, #먹방asmr, #간식추천, #신상리뷰, #디저트맛집, #편의점디저트, #디저트asmr, #구미첼","leesunyoun1 | 2024-10-07 | @_minji_k__ 사죠아쥬♡♡♡
han.s___y | 2024-10-07 | @dh_huin213
review_mate_95 | 2024-10-05 | 넘 예쁘당
__it.s.youn | 2024-10-03 | 오호오 !! 이거 사먹어 보고 싶어요 !
mukbulim_0817 | 2024-10-02 | 소리 진짜 대박이예요
rara_muk | 2024-10-02 | 이거 궁금해요❤️
themukeou | 2024-10-02 | 강제 발치 당할뻔ㅋㅋㅋㅋㅋㅋ
js__1oo4 | 2024-10-02 | 식감 완전 궁금해지네용🤎🤎
bottlejune__96 | 2024-10-02 | 동결건조젤리 저도 맛보고싶어져요...❤️❤️
100rang_food | 2024-10-01 | 동결건조는 못참제~~
kokopopop101010 | 2024-10-01 | 나는 츄베릅 맛이 좋더라
hy_140508 | 2024-10-01 | 이건 복숭아가 맛있는데...
e.den_0.0 | 2024-10-01 | 오오? 이거 먹볼래욤❤️❤️❤️
hello_s_food | 2024-10-01 | 소리 대박 젤리가 어떻게😮😮
leeoh_review_ | 2024-10-01 | 오 사과맛으로 먹어봐야지❤️
1onefood_ | 2024-10-01 | 와 사운드 지리네요 먹어보고싶어용😍
mukkarong | 2024-10-01 | 오오오!! 완전 궁금!!🙌🙌
mukdang0 | 2024-10-01 | 파사삭 츄베릅❤️❤️
ggam_food | 2024-10-01 | 젤리인데 소리가 재밋네여❤️
gge.juck | 2024-10-01 | 사과맛이 동결건조 제대로 된거 같네여😮
mukrosee | 2024-10-01 | 소리 조아용❤️❤️
muk_captain_ | 2024-10-01 | 발치 타이밍 나왓다
bokjaaa___ | 2024-10-01 | 망고맛 존맛 ㅎㅎ
bokjaaa___ | 2024-10-01 | 헐 오늘 이거 먹었는데 ㅎㅎㅎㅎ
ulsan_check | 2024-10-01 | 대박입니다🔥🙌
yeoni_mukstar | 2024-10-01 | 우와 소리 대박이네요!!
eating_happily_ | 2024-10-01 | 오 망고맛 조하 근데 첨에 ㅋㅋㅋㅋㅋㅋㅋ 동결 안 건조,,,
hj_foodie | 2024-10-01 | ㅋㅋㅋㅋㅋ오렌지 동결건조안된거 웃곀ㅋㅋㅋ
yumchap_ssunny | 2024-10-01 | 동결건조조앙요❤️
gyul_yummy | 2024-10-01 | 이거 안먹어봐서 너무 궁금해여ㅠㅠ
jack93kim | 2024-10-01 | 오아 ? 식감좋은 솜사탕 오오
eunsil5317 | 2024-10-01 | 요교 궁금해용 ❤️❤️
hye_foodie_ | 2024-10-01 | 어머어머 소리 너무좋아여ㅠㅠㅠ
81ackp0ny | 2024-10-01 | 어케 오렌지 ㅎㅋㅋㅋㅋㅋ
seoul__guide | 2024-10-01 | 요즘에 동결건조젤리 많이 보이던데요!!
dama.dessert | 2024-10-01 | 소리맛집 미모맛집❤️😍
yom__nyom_nyom | 2024-10-01 | 우왓 동결건조 젤리라니!!😍
limeunzzo | 2024-10-01 | 오아 소리도 맛있어여 ..😮❤️
sowon_yam2 | 2024-10-01 | 사릇녹네영 ㅎㅎ
twobrowook | 2024-10-01 | 이거 요즘 애들이 많이 먹던데 ㅋㅋㅋㅋ
ruri.food | 2024-10-01 | ❤️❤️❤️소리조아
ruri.food | 2024-10-01 | 아까 오렌지 모얔ㅋㅋㅋ
jjgongju_ | 2024-10-01 | 와 asmr..망고맛 먹어야겠다❤️❤️
muk._.chuuru | 2024-10-01 | 나도나도! 쟁여놓고 먹는중ㅋㅋㅋ맛잇어
yome_foodie | 2024-10-01 | 와 바삭함 대박인데요❤️
yxo0.u_ | 2024-10-01 | 마싯겟다
muk.seori | 2024-10-01 | 바사사르르를륵 망고맛 8점 !! 이거 먹어야겠다
muckza_zzae | 2024-10-01 | 우앙 소리 진짜 조타...
hihee.e | 2024-10-01 | 젤리가 바사삭 소리가 난다니 신기혀욬ㅋ
berup_x | 2024-10-01 | ❤️"
2024-09-30,441,"지글지글 돌솥에 나오는 닭볶음탕? <돌닭> 부산 광안리 놀러갔다가 방문자 리뷰 넘치는 곳 발견🫶🏻 닭장 컨셉의 닭볶음탕집 평일 점심부터 사람이 바글바글 돌솥에 지글지글 닭볶음탕 등장! 먹기 쉽게 순살로 시켰는데 닭다리살인듯 다 부들쫄깃🫶🏻 달달매콤한 양념을 닭고기, 감자, 밥이랑 비벼먹으면 ㄹㅇ 밥도둑🫶🏻 양념이 미쳤다🥹🫶🏻 고슬고슬 솥밥 먹고 숭늉까지🫶🏻 여기 볶음밥은 진심 필수🫶🏻 노릇노릇 돌판에 구운 볶음밥이 맛없없🫶🏻 감자튀김 만큼 빠삭빠삭 치즈감자전도 필수🫶🏻 막걸리 절대 못참음🫶🏻 여긴 심지어 후식까지 맛있음..🫶🏻 식혜랑 인절미 아이스크림 다 맛있으면 어쩔겁니까..🫶🏻 천원의 행복🫶🏻 광안리가면 또 가야지🫶🏻 📍#돌닭 📍 부산 수영구 광남로 97 1층 돌닭 ⏰ 11:00-22:00 (L.O 21:00) ⏰ B.T 15:00-16:00 💵 돌판닭볶음탕 2-3인 32000원 (순살 +1000원) 💵 치즈 감자채전 중 7000원 💵 콩가루 아이스크림 1000원 43주","#부산맛집, #부산여행코스, #부산맛집추천, #광안리맛집, #광안리해수욕장, #광안리핫플, #광안리술집추천, #광안리맛집추천, #수영구맛집, #닭볶음탕맛집, #돌판구이, #감자전, #광안리데이트코스, #광안리가볼만한곳, #부산가볼만한곳, #부산데이트코스","queensgarden_shabu | 2024-10-02 | 꺄악♡♡♡이건 안맛있을 수가 없는 비주얼👍👍👍
군침이 뚝뚝뚝💦💦💦
너무 맛있어 보여요🎊🎊🎊 .
ssonwin_ | 2024-10-01 | 와ㅠㅠㅠㅠ 양념 군팀나요
hj_foodie | 2024-10-01 | ㅠㅠㅠ감자랑 소스 스까묵는거 취저야❤️
yome_foodie | 2024-10-01 | 돌찬에 나오는 닭볶음탕이라니❤️
j_a_n723 | 2024-10-01 | 요기 궁금하더라구여 😍😍
ggam_food | 2024-10-01 | 스윽슥 한입크게🔥
hyob_muk | 2024-10-01 | 닭볶음탕이 돌판으로..!!! 오 궁금해요❤️
choi._.yummy | 2024-10-01 | 저도 웃음 나러갈래요❤️❤️❤️
sowon_yam2 | 2024-10-01 | 만석인정인데용?? 디저트도 궁금하다😮
1onefood_ | 2024-10-01 | 닭볶음탕 너무 먹고싶네용😍
food_zohaa | 2024-10-01 | 양념보소❤️❤️❤️
yumyum_report | 2024-10-01 | 후식도 진짜 야무지네용😍
cok_foodie | 2024-10-01 | 돌솥에 닭볶음탕이요..? 미쳐따 🔥🔥
rara_muk | 2024-10-01 | 여기 닭볶음탕 진짜 맛있어보여요😍
yamm__h | 2024-10-01 | 지글지글 넘 맛나겠어요❤️
__it.s.youn | 2024-10-01 | 악 ㅋㅋ 닭방컨셉 너무 멋지다
bonge_o0o_food | 2024-10-01 | 구여워서 두번봐쪄🙌❤️
heehyun_000 | 2024-10-01 | 오늘도 너무 귀엽게 먹는 츄베릅😍
100rang_food | 2024-10-01 | 악 부산까지 언제가유😢
hihee.e | 2024-09-30 | 크흐ㅠㅠ양념부터 찐인데여
ddo__yam | 2024-09-30 | 크으 디저트까지 대박😍
eating_happily_ | 2024-09-30 | 후식 있는 곳 넘 좋자나..?😍
yeoni_mukstar | 2024-09-30 | 우왕 저도 매콤한 닭볶음탕 밥이랑 같이 야무지게 먹구파요❤️❤️
bottlejune__96 | 2024-09-30 | 닭볶음탕 너무 야들야들하니 탐나는데 솥밥으로 나오는것도 너무 좋은걸요 ㅠㅠㅠ😍😍
jack__foodie | 2024-09-30 | 평일에도만석이누
e.den_0.0 | 2024-09-30 | 밥이랑 같이 먹으면 진짜 맛나겠어욤❤️
sang_hwa00 | 2024-09-30 | ㅠㅠㅠ으악 츄베릅.. 닭볶움탕
mukjung_ | 2024-09-30 | 스까무가❤️
wanteat._.eat | 2024-09-30 | 마지막 인절미 아이스크림까지 완벽하잖아요😍❤️
dr._yomyom | 2024-09-30 | 돌솥에 나오는 닭볶음탕 우와 비주얼부터 장난아닌데요?!🥺❤️✨ 침샘폭발
mukkarong | 2024-09-30 | 오우~~막걸리 술술술 들어가겠어요!!🙌🙌
muuk.dda | 2024-09-30 | 후식까지 ㄹㅇ 야무질듯 ㅜ
mochl_ahahcnl | 2024-09-30 | 와우 🙌🙌
sh.cookkook | 2024-09-30 | 스까스까먹기 넘 조아여ㅠ 디저트까지 완벽하댜진챠 …🔥
jinihankki | 2024-09-30 | 비주얼 대박이네여👍👍👍
nyomnyom.ing | 2024-09-30 | 이건 못참져
mukrosee | 2024-09-30 | 양념에 밥 슥삭하면 미치죠ㅠㅠㅠ
muksta_turbo | 2024-09-30 | 크 비주얼 미쳤네
maasi_.chaa | 2024-09-30 | 돌판에 나오는 닭볶음탕 대박이에욤❤️
miri_muk | 2024-09-30 | 와 진짜 다맛있겠어요!! 전 볶음밥도 좋지만 솥밥에 양념 비빈거❤️
siso_father | 2024-09-30 | 분위기도 대박이네요 😍
oraefood1 | 2024-09-30 | 흰밥에 와~~~ 진짜 맛있겠네용~~~~!!😍
ruri.food | 2024-09-30 | 나두주❤️❤️
ruri.food | 2024-09-30 | 지글지갈 돌닭 내나
j2ch.busan | 2024-09-30 | 빠쟉빠쟉한 감자전이 킥인데요🫢
js__1oo4 | 2024-09-30 | 솥밥에 감자으깨서 소스랑 챱챱🩷
leeoh_review_ | 2024-09-30 | 후식까지 야무져🙌
jameslee0911 | 2024-09-30 | 크으 저도 먹어보고 싶어요❤️
jjong_mattang | 2024-09-30 | 아 밥 비벼 먹는거 미쳤다 ㄷㄷ🔥
tastebuds__official | 2024-09-30 | 닭볶음탕😍 넘 맛나보여요❤️❤️
themukeou | 2024-09-30 | 볶음밥도 지리는데 후식꺼지 야무진🙌
jjgongju_ | 2024-09-30 | 볶음밥 지리고 후식까지 완벽큐❤️❤️
meokkoking | 2024-09-30 | 😍😍딱 진짜 맛있겠다!! 자글자글 한 비주얼!!!😍
seoul__guide | 2024-09-30 | 대박..완전 군침돌아요 ㅠㅠ
gyul_yummy | 2024-09-30 | 돌판에 나오는거 신기해여💖💖
muckza_zzae | 2024-09-30 | 우앙 진짜 밥도둑이자나 ㅜㅜ
golden_sang_ | 2024-09-30 | 군침…. 밥 비벼 먹고 싶다
laurent_busan | 2024-09-30 | 돌판에 지글지글 끓는 닭볶음탕 최고에요 ..❤️
jinwook1011 | 2024-09-30 | 닭볶음탕😍공기밥2그릇 순삭할수있겠어요😍
berup_x | 2024-09-30 | ❤
dog.matdori | 2024-10-20 | 후식에 감자전도 대박인데, 난 비비고싶당ㅠ슥삭쇽"
2024-09-29,497,마시멜로우 독버섯 만들기(?) 절망편.. 43주,"#마시멜로우버섯, #신상리뷰, #간식추천, #마시멜로우, #마쉬멜로우버섯, #마시멜로우구이, #버섯구이, #먹방asmr, #디저트맛집, #디저트추천","imyeeun733 | 2024-10-04 | 한개씩 하셔ටㅑ 하는데
leeoh_review_ | 2024-09-30 | 독버섯ㅋㅋㅋㅋㅋㅋㅋㅋ
rara_muk | 2024-09-30 | 와 연기 대박 ㅠㅠ
jjong_mattang | 2024-09-30 | ㅋㅋㅋㄱㅋㄱㅋㅋ아니 불판은 또 왤케 좋은거 쓰셨어요;;
bi.nee._ | 2024-09-30 | 우왕
mukstar_md | 2024-09-30 | 엄마야ㅠㅠ
jimingim664 | 2024-09-30 | 마시멜로우를 즐기는 모습이 너무나도 예쁘고 아름답고 사랑스러운 공주님이었어요🤗🥰😻😇😍💖💕
mukkarong | 2024-09-30 | 오우~~ 어무이한테 들키면 큰일날듯요!!😆😆
gyunyami | 2024-09-30 | ㅋㅋㅋㅋㅋㅋ저세상 버섯마을
matketers | 2024-09-30 | 재미있는 아이디어네요! 맛있게 드세요!
_mookja | 2024-09-30 | 재밌는 조합이네요! 꼭 한 번 시도해보고 싶어요. 묵자도 너무 좋자나요.
100rang_food | 2024-09-29 | 아니 집에 솥뚜껑있다구요?😮
sh.cookkook | 2024-09-29 | ㅋㅋㅋㅋㄱㅋㄱㅋㅋㄱㅋㄱㅋㄱㅋㄱㅋㄱㅋㄱㅋㄱㅋㄱㅋㅋㄱㅋㄱㅋㄱㅋㄱㅋㅋㅋㅋㄱㅋㄱㅋㄱㅋㄱㅋㄱㄱㅋㄱㅋㄱㅋㅋㅋㅋㄱㅋㄱㅋㅌ아 베릅씨 존귀네옄ㅋㄱㅋㄱㅋㄱㅋㄱㅋㅋ아나
hamayam_ | 2024-09-29 | 신기한 조합이네요! 맛있어 보이구나얌!
hyukfood | 2024-09-29 | 이런 독특한 간식이 있다니 궁금해지네요! 여기 저장해둬야겠다.
laurent_busan | 2024-09-29 | 독버섯 된거 아닌가요 ㅠㅠㅠㅋㅋㅋㅋㅋㅋ😂😂
da_.1n.ii | 2024-09-29 | 아니…보통 약불로 하지 누가 그렇게 하냐구요…..
ddub_e2 | 2024-09-29 | 으억 릴스각 조졋베릅?😮
sse_luv | 2024-09-29 | ㅜㅜㅜㅠㅠ독버섯
hihee.e | 2024-09-29 | 앜ㅋㅋㅋㅋㅋㅋㅋㅋㅋㅋ독버섯이라뇨
themukeou | 2024-09-29 | 독버섯 생성ㅋㅋㅋㅋㅋㅋㅋㅋ😢😂
j2ch.busan | 2024-09-29 | ㅋㅋㅋㅋㅋㅋㅋㅋ 절망편ㅋㅋㅋㅋㅋㅋㅋㅋ
hotdor_s | 2024-09-29 | 혼자 왜이리 잘노냐 ㅋㅋㅋㅋㅋㅋㅋㅋㅋㅋㅋㅋㅋㅋㅋ
mukrosee | 2024-09-29 | 윽 ㅜㅜㅜㅋㅋㅋㅋㅋㅋㅋㅋ 등짝 마시멜로우네요..
eating_happily_ | 2024-09-29 | 대량생산 실패ㅠ큐ㅠㅜㅜㅜㅜ 독버섯 마을 흔적만 남은,,
gge.juck | 2024-09-29 | 담엔 어머니 뒤에 계시라고 하고 또 해주세요😮
matpamine_ | 2024-09-29 | 이거 요즘 핫하군요👏
jjgongju_ | 2024-09-29 | 까만 마을이 됐어요..
muckza_zzae | 2024-09-29 | 등짝 괜차나요?.......
muk.seori | 2024-09-29 | ㅋㅋㅋㅋㅋㅋㅋㅋㅋㅋㅋㅋㅋㅋㅋㅋ귀여웡
miri_muk | 2024-09-29 | 으학 ㅋㅋㅋㅋㅋㅋ 츄베릅님 어머님 전화번호 아시는 분😂😂
1onefood_ | 2024-09-29 | 와땈ㅋㅋ에헤이 조졌네 조졌어엌ㅋㅋㅋ
gyul_yummy | 2024-09-29 | 제 미래같아여,,
eunsil5317 | 2024-09-29 | 독버섯 😂😂😂 넘 웃겨용
hh.__.jin | 2024-09-29 | 아낰ㅋㅋㅋㅋㅋㅋ독버섯 재배 현상..
twobrowook | 2024-09-29 | 손조심!🔥🔥
jini_zzin | 2024-09-29 | 등짝 스매싱각😂😂😂
happpyfoody | 2024-09-29 | ㅋㅋㅋㅋㅋㅋㅋㅋㅋㅋㅋㅋㅋㅋㅋㅋㅋㅋㅋㅋㅋ독버섯 넘웃겨요
hungry_nyang | 2024-09-29 | 독버섯 ㅋㅋㅋㅋㅋ😂
limeunzzo | 2024-09-29 | 조졌다 독버섯 ㅋㅋㅋㅋㅋㅋㅋㅋㅋㅋㅋㅋㅋㅋㅋㅋㅋ
ruri.food | 2024-09-29 | 😍😍😍😍
ruri.food | 2024-09-29 | 기요미😍😍
gyusun_1004 | 2024-09-29 | 마시멜로우 독버섯이라니 신기하다규😍
golden_sang_ | 2024-09-29 | 어후 ㅎㅎ 혼날 만 하네 ㅋㅋㅋ
__it.s.youn | 2024-09-29 | 악 ㅋㅋㅋㅋ등짝스매싱 각입니꽈 ? ㅋㅋ
sowon_yam2 | 2024-09-29 | 조졌다 ㅋㅋ
wanteat._.eat | 2024-09-29 | 아닠ㅋㅋㅋㅋㅋㅋㅋㅋ 독버섯 표현 딱이에요😂
yome_foodie | 2024-09-29 | ㅋㅋㅋ독버섯 엄마한테 걸리면..소름..😂
muk_joongsa | 2024-09-29 | 등짝 스매싱ㅋㅋㅋㅋㅋ 독버섯 버전이군요!
moo_boza | 2024-09-29 | ㅋㅋㅋㅋㅋㅋㅋㅋ 진짜 독버섯ㅋㅋㅋㅌㅌ 😂😂 엄마한테 보여쥬면..
berup_x | 2024-09-29 | ❤️"
2024-09-28,410,"광안대교 뷰 지리는 피맥 맛집? <OBPC 광안점> 부산 광안리 놀러 갔다가 카메라 켜게 만드는 뷰 맛집 발견🫶🏻 광안대교를 바로 앞에서 보면서 피자를 먹을 수 있는곳🫶🏻 반반 피자로 크림새우피자랑 페퍼로니 했는데 크림새우피자 필수로 시켜주세요 ㅠ🥹🫶🏻 오동통 새우가 한 조각에 3마리나 있는데 달달한 크림에 갈릭버터가 만나 풍미도 굿🫶🏻 전체적으로 피자에 토핑이 가득🫶🏻 오븐파스타도 양이 넘치도록 많고 소스가 진해 맛있음🫶🏻 여긴 신기하게 피클 대신 김치를 주는데 리프레쉬 싸악🫶🏻 생맥이랑 쓰윽 먹어주면 이게 힐링이지🫶🏻 덕분에 힐링여행 제대로 했습니다🫶🏻 📍#obpc 📍 부산 수영구 민락수변로 49 지상 1층 116호 OBPC 광안점 ⏰ 평일 12:00-01:00, 주말 12:00-01:00 ( L.O 00:40) 💵 반반피자 28900원 💵 오븐스파게티 9900원 43주","#obpc광안점, #부산맛집, #부산맛집추천, #광안리맛집, #부산여행코스, #광안리핫플, #광안리맛집추천, #광안리술집추천, #피자맛집, #광안대교뷰맛집, #부산피자맛집, #광안리데이트코스","hheejon | 2024-10-04 | @hyunily_7
space_look__ | 2024-10-01 | 완전 맛잇겟어요😍
wanteat._.eat | 2024-09-30 | 헛 피자집에 김치라니ㅋㅋㅋㅋㅋ 넘 좋은데요?😍
leeoh_review_ | 2024-09-30 | 힐링하러 가고파❤️
mat_puri | 2024-09-30 | 김치를 준다니 ㄷㄷ 부산살아서 요갓타🙌
js__1oo4 | 2024-09-30 | 치즈 늘어나는거 미쵸따 ❤️🩷
j2ch.busan | 2024-09-29 | 김치ㅋㅋㅋㅋ 피자랑 은근 조합 좋구요😍😍 부산 릴스다!!!!
food_zohaa | 2024-09-29 | 피짜 엄청 부드러워보여요❤️❤️
hotdor_s | 2024-09-29 | 여기랑 가장 유사한 피자집 추천좀;;
jimin_dish | 2024-09-29 | 저두 피자한입만 주세용~😍😍
golden_sang_ | 2024-09-29 | 광안대교 뷰 힐링 쌉가능 ㅋㅋ
jj_dotori | 2024-09-29 | 저도 부산살고싶어요🔥
rara_muk | 2024-09-29 | 오 김치주는 곳이라니 신기해요😍
1onefood_ | 2024-09-29 | 와 피맥하러 가야겠어용😍
mukkarong | 2024-09-29 | 피자 너무 맛나겠는데요?!!🔥🔥
nyomnyom.ing | 2024-09-29 | 피맥 못참져
yamyam_sisters | 2024-09-29 | 김치!!!ㅎㅎㅎ 느끼함을 싹 잡아주겠어요🔥
matzip_hyena | 2024-09-29 | @yeeeoning 부산맛집
100rang_food | 2024-09-29 | 아 피쟈 미쳤자나요😍
cha.chav | 2024-09-28 | 부산 다음달 가유!+!! ❤️❤️
muk._.chuuru | 2024-09-28 | 김치대박...❤️
siso_father | 2024-09-28 | 피자 예술이네요 😍
min.ddo_o | 2024-09-28 | 오,, 피맥먹으러가고파요🙌🙌
gge.juck | 2024-09-28 | 광안대교 바라보며 피자는 진짜 낭만있다…😮
mukdang0 | 2024-09-28 | 피자 츄베릅 ❤️❤️
sleepdish_ | 2024-09-28 | 부릅부럽❤️
ssonwin_ | 2024-09-28 | 흐하ㅠㅠㅠㅠㅠㅠ 토핑 알차네요
mukb_read | 2024-09-28 | 크림새우피자.. 메모..❤️
mukrosee | 2024-09-28 | 저도 피맥할래여 ㅠㅠ❤️
miri_muk | 2024-09-28 | 으아으아❤️ 너무 맛나겠어요!! 뷰도 미쳐요
due.foodie | 2024-09-28 | 비쥬얼 미친거 아니냐구요.🙀🙀
bonge_o0o_food | 2024-09-28 | 나는 파스타가 먹고싶다🤤🤤
eating_happily_ | 2024-09-28 | 헐 힐링 쌉가능인데 진짜ㅠㅠㅠㅠ 뷰까지,,😍
tastebuds__official | 2024-09-28 | 피줠😍😍 넘 맛나보여요
muk.seori | 2024-09-28 | 김치주는 피자집,, 사룽해
오늘 미모 ㄹㅈㄷ
jinarye | 2024-09-28 | 피맥❤️
limeunzzo | 2024-09-28 | 왁 뷰까지 좋아요>< 김치주는거 신기..😮
jjupteacher_k | 2024-09-28 | 크으 완전 맛있어보여요❤️
hihee.e | 2024-09-28 | 뷰도 미쳤구 치즈@늘어나는게 대박이에요
__it.s.youn | 2024-09-28 | 크으 ! 피맥 즐기러 고고고
jack93kim | 2024-09-28 | 크림새우피자...하
hello_s_food | 2024-09-28 | 힐링 쌉가능❤️
jack__foodie | 2024-09-28 | 힐잉삽가엉❤️❤️
gyul_yummy | 2024-09-28 | 피맥먹으러 갈래요ㅠㅠ💖
bottlejune__96 | 2024-09-28 | 우왕 obpc! 여기 많이 지나쳐서 궁금하더라구요 ㅠㅠㅠ❤️❤️ 야외에서 피맥각 나왔네효...>_<
sse_luv | 2024-09-28 | 치즈쭈욱 대박이네용
jini_zzin | 2024-09-28 | 크림새우피자🍕🍕😍😍👏👏🍤🍤
ruri.food | 2024-09-28 | ❤️❤️
ruri.food | 2024-09-28 | 나두부럽당❤️❤️
missikaga | 2024-09-28 | 피자 대박,, 대나무 헬기 준비할게요 ><
minny_mukhaengja | 2024-09-28 | 와.. 피자 치즈 늘어나는거 대박 ㅠㅠㅠㅠ 피자랑 김치조합은 처음인데요?
eat_fp | 2024-09-28 | @reekyung_h
mukddo_muk | 2024-09-28 | 헐 넘 먹구싶어요❤️
miniyami_ | 2024-09-28 | 피자 진짜 미쵸여 뷰까지 🩶🫧
sowon_yam2 | 2024-09-28 | 한국인 김치 못참죠❤️
gwangju_oneallzero | 2024-09-28 | 피자 치즈 쭈욱 미칠거가타요❤️❤️
go_yang_eat | 2024-09-28 | 부산 달려
matjanggeum_mukstagram | 2024-09-28 | 크새피😍😍
berup_x | 2024-09-28 | ❤️"
2024-09-27,383,요즘 핫한 마시멜로우 버섯 만들기 했는데 큰일남.. 43주,"#마쉬멜로우버섯, #마시멜로우, #마시멜로우버섯, #마쉬멜로우, #먹방asmr, #신상리뷰, #간식추천, #디저트맛집, #디저트먹방, #마시멜로우구이","_boooora0412 | 2024-09-29 | @u_u.song2 어제 이거 해봄ㅋㅋㅋ
1_kkomadol | 2024-09-28 | 먹어보고싶어여어어엉🙌❤️
leeoh_review_ | 2024-09-28 | 이거 진짜 맛있을거같애❤️
bokjaaa___ | 2024-09-28 | ㅋㅋㅋㅋㅋ조졌ㄸr니.. ㅠㅠ 완전 잘 만드시는 ❤️
100rang_food | 2024-09-27 | 마시멜로우버섯 넘 궁금하다구요😍
mukcamera | 2024-09-27 | 오~ 마쉬멜버섯😍😍
jack__foodie | 2024-09-27 | 왜독버섯이람ㅋㅋ 어케햇누 왼쪽아래너가보여
wanteat._.eat | 2024-09-27 | 아닠ㅋㅋㅋㅋㅋㅋㅋㅋㅋㅋㅋ 맨마지막 진짜 엄마가 안봐야겠네요,,😂
1onefood_ | 2024-09-27 | 왘ㅋㅋㅋㅋㅋㅋㅋ저도 이거 도전해보고싶어지네욬ㅋㅋ
eating_happily_ | 2024-09-27 | 아 조졌닼ㅋㅋㅋㅋㅋㅋㅋㅋㅋㅋㅋㅋㅋㅋㅋㅋ
mu_ch1cken | 2024-09-27 | 뒷정리 걱정이 앞선다면 당신은 한국인
golden_sang_ | 2024-09-27 | 마을 탔네 탔어
rara_muk | 2024-09-27 | 따라해봐야겠어요❤️
mukjung_ | 2024-09-27 | 오 저거판삿오?
jjgongju_ | 2024-09-27 | 아닠ㅋ마시멜로우 마을이 까매졌다...😮
81ackp0ny | 2024-09-27 | 앜ㅋㅋㅋ 우뜨케
gyul_yummy | 2024-09-27 | 이거 넘 귀여워요ㅠㅠㅠㅠㅠ
mukrosee | 2024-09-27 | 종이호일 깔고 해도 되겠죠?
mukrosee | 2024-09-27 | 손 조심하세용 ㅠㅜㅠㅠ
ming_foodie_ | 2024-09-27 | 우아 만들어보고싶어여ㅋㅋㅋ
sang_hwa00 | 2024-09-27 | ㅋㅋㅋ아니밑에 탄게 너무 웃겨요
bottlejune__96 | 2024-09-27 | 저도 마시멜로우로 버섯 만들어볼래용!!❤️❤️
yoon.min.ga.0513 | 2024-09-27 | 오~해봐야겠어요
tttt.yeon_ | 2024-09-27 | ㅋㅋㅋ마시멜로버섯😍 쥬아엿ㅋㅋ
js__1oo4 | 2024-09-27 | 처음에 완전 버섯같아여 🫢✨
jinarye | 2024-09-27 | 진짜 버섯같음
taetae_foodie | 2024-09-27 | 조졌엌ㅋㅋㅋ 이거 너무 궁그매요😮❤️
moo_boza | 2024-09-27 | ㅋㅋㅋㅋㅋㅋㅋㅋㅋㅋㅋㅋㅋ 그릴들 엄마 보면 등짝 스메시각...
sh.cookkook | 2024-09-27 | ㅋㅋㅋㅋㅋㅋㅋㅋㅋㅋㅋ독버섯ㅋㅋㅋ
yome_foodie | 2024-09-27 | ㅋㅋㅋ이거 넘 귀엽더라구요❤️
ruri.food | 2024-09-27 | 😍😍
ruri.food | 2024-09-27 | 조졋에❤️❤️
muckza_zzae | 2024-09-27 | 나두 만들어쥬...😍
hyob_muk | 2024-09-27 | 달고나맛ㅎㅎㅎㅎ❤️조졌네용
miri_muk | 2024-09-27 | 으크크크 작고 소중한 츄베릅님 등짝 괜차느신거져😂
eat_fp | 2024-09-27 | 요고 핫하자나요😍😍
sowon_yam2 | 2024-09-27 | 죠졌넼ㅋㅋㅋㅋㅋㅋㅋㅋㅋㅋㅋㅋ
themukeou | 2024-09-27 | 귀여운 츄배릅님 그래서 남들은 젓가락에 끼어 구워요ㅋㅋㅋㅋㅋ카와이해
berup_x | 2024-09-27 | ❤️
chyo.eun | 2024-09-27 | 아진짴ㅋㅋㅋㅋㅋㅋ신기한데 어려울거같아요
bonge_o0o_food | 2024-09-27 | 조졌댘ㅋㅋㅋㅋㅋㅋㅋㅋㅋ귀야워쥭겟네 ㅋㅋㅋㅋㅋ"
2024-09-26,373,"무화과로 탑을 쌓아주는 곳? <데이오프데이> 부산 전포동 놀러갔다가 제철과일 디저트 맛집이라길래 가본 곳🫶🏻 화분도 많고 분위기도 깔끔하고 굿🫶🏻 지금 무화과 철이라 무화과 와플이랑 무화과 아이스크림 시켰는데 와플보고 진짜 깜짝 놀람 ㅋㅋㅋㅋㅋ🫶🏻 아니 솔직히 사진은 과일 푸짐해보이게끔 찍은 줄 알았는데 실물은 무슨 무화과 탑;;🫶🏻🫶🏻 이렇게 퍼주셔도 남는거 있나요..?🫶🏻 내생애 이렇게 과일많은 와플은 처음..🫶🏻 무화과가 제철맞아 숙성도 잘되어 당도도 미쳤음🫶🏻 밤 많이 들은 바밤바맛 밤크림도 가득 올려주는데 이게 밤크림이랑 무화과랑 조합이 맛있네..?🫶🏻 아이스크림은 밤아이스크림에 밤조림을 얹어주고 무화과 하나를 잘라 얹어주는데🫶🏻 쫀득한 밤아이스크림은 심지어 1회리필 가능🫶🏻🫶🏻 고소한 밤조림이 씹히는 맛이 좋아 ㄹㅇ 킥🫶🏻 다음에 다른 제철과일 디저트 먹으러 또 가야겠음🫶🏻 📍#데이오프데이 📍 부산 부산진구 전포대로216번길 8 1층,B1층 데이오프데이 ⏰ 매일 11:00-01:00 (L.O 00:30) 💵 무화과폭탄밤크림와플 25000원 💵 무화과밤아이스크림 9500원 44주","#부산맛집, #부산여행, #전포맛집, #전포동카페거리, #전포카페추천, #전포디저트, #무화과와플, #무화과빙수, #무화과디저트, #디저트맛집, #부산디저트맛집, #전포동데이트, #서면맛집추천, #전포맛집추천","alliwanna_eat | 2024-09-27 | 맛나보여요❤️❤️
cookie_mommm | 2024-09-27 | 헐 침나와요😍
rara_muk | 2024-09-27 | 무화과 완전 조아해요😍
hotdor_s | 2024-09-27 | 아니 진짜 저렇게 많은곳은 못봄ㅋㅋㅋ
jjong_mattang | 2024-09-27 | 무화과가 나라다🔥
hj_foodie | 2024-09-27 | 헐 무화과 너무좋은데 ㅠㅠ 진짜 폭탄이당👏
ggam_food | 2024-09-27 | 넘 이쁜 무화가❤️
yamm__h | 2024-09-27 | 무화과탑 퍼묵퍼묵 하고싶어요😍
1onefood_ | 2024-09-27 | 와 전포동 가봐야하겠는데용😍😍 이런곳이
foo_nus | 2024-09-26 | 와 와플보다 무화과가 더 많은데요😂
leeoh_review_ | 2024-09-26 | 아이스크림 리필 가능하다구?❤️
100rang_food | 2024-09-26 | 아 전포까지 언제가ㅜㅜㅜ
wanteat._.eat | 2024-09-26 | 아니 무화과 진짜 푸짐한게 너무 좋은데요?!😍
tntuuda | 2024-09-26 | 울트라캡숑끝판왕 ❤️ 비쥬얼
ggulba_yum | 2024-09-26 | 무화과덕후는 여기서누울게여
busan_grida | 2024-09-26 | 여기 완전 핫플이지예
dama.dessert | 2024-09-26 | 우와 ㅠㅠㅠㅠㅠ너무너무 맛있었겠어요❤️😍
n_treasure_love | 2024-09-26 | 제대로 먹음직😍😍
muk._.chuuru | 2024-09-26 | 부산가야되나...😮
bbbm_jg | 2024-09-26 | 미쳐따 아메리카노 땡겨요❤️
ssonwin_ | 2024-09-26 | 와 저장각❤️❤️❤️
muk.seori | 2024-09-26 | 헐 아이스크림 리필.. 꿀팁이다
miri_muk | 2024-09-26 | 진짜 무화과 쏟아주시는 수준이네요
bottlejune__96 | 2024-09-26 | 전포동에 요렇게 무화과 가득주는 와플이 있다니 한번 가봐야겠어요!!😍😍
jimin_dish | 2024-09-26 | 아니 무화과 폭발하겠는데요~🔥🔥
muk_joongsa | 2024-09-26 | 리필 1회 가능한 아슈쿠림ㅜㅜ 무화과폭탄인데@조합 넘 맛있을듯영❤️
golden_sang_ | 2024-09-26 | 아이스크림 리필 너무 좋네요ㅎ 무화과 난 언제 먹지😢
yeoni_mukstar | 2024-09-26 | 우왕 ㅜㅜ 무화과 와플이랑 아이스크림 둘다 비주얼 대박이네요❤️❤️
wu_hyun | 2024-09-26 | 무화과 오지네여 진짜 너무 대박😮
yum_yum_kkakka | 2024-09-26 | 저요ㅠㅠㅠ저무화과러버에요ㅠㅠㅠㅠ
sowon_yam2 | 2024-09-26 | 리필도 가능하다구요????
bokjaaa___ | 2024-09-26 | 리필도 된다구요????대박
js__1oo4 | 2024-09-26 | 무화과 드음뿍 너무 좋은데용🥺🩷
jjgongju_ | 2024-09-26 | 오 리필도 가눙이요??!❤️
mukrosee | 2024-09-26 | 와 무화과 진짜 많이 쌓아주네요❤️
mukjung_ | 2024-09-26 | 나올해무화과못먹었는데..
mukzzang_bread_ | 2024-09-26 | 아닛 요건 꼭 가야할판이네요 🔥
gyul_yummy | 2024-09-26 | 무화과 양이 미쳤네여ㅠㅠ
muk_tteul | 2024-09-26 | 🔥 무화과 폭탄 🔥
gge.juck | 2024-09-26 | 아이스크림 퍼 올릴때 집중의 미간 진짴ㅋㅋㅋㅋㅋ😎
jjinang_pick | 2024-09-26 | 저도 과일 엄청 조아해요❤️❤️❤️
jinarye | 2024-09-26 | 무화과와 밤크림ㅇㅣ란0
colorfulsundays | 2024-09-26 | 어머머 진짜 무화과산이에요😍😍
themukeou | 2024-09-26 | 와 무화과에 밤크림 조합 너무 좋잖아
ruri.food | 2024-09-26 | 츄베릅아 나랑도 놀러가❤️❤️
jini_zzin | 2024-09-26 | 🌰밤크림이랑 무화과 조합 찰떡일듯요!!😍
ddub_e2 | 2024-09-26 | 무베릅? 내향수는 무화과향!😮
muckza_zzae | 2024-09-26 | 와ㅠㅠㅠ무화과 ㄹㅇ 산더미다❤️❤️
choi._.yummy | 2024-09-26 | 와 무화과 양 대박
jaws_eat | 2024-09-26 | 무화과 제철이라 넘맛나요^^
ham2_ni__ | 2024-09-26 | 진짜 무화과 산더미네요❤️
kko.nyang_pick | 2024-09-26 | 와아아 완전 군침돌아용❤️❤️❤️
dongkit_eat | 2024-09-26 | 우와~~ 무화과 가득😍😍😍
eat_fp | 2024-09-26 | 무화과 탑 대박이에유❤️❤️
berup_x | 2024-09-26 | ❤️
yome_foodie | 2024-09-26 | 무화과폭탄 대박이에여❤️
moo_boza | 2024-09-26 | 솔직히 무화과 저 좀 나눠줘도 될듯.. 🔥
bonge_o0o_food | 2024-09-26 | 무화과를 저렇게나 쌓아준다고🫢
hihee.e | 2024-09-26 | 무화과폭탄 맞네여❤️❤️
eating_happily_ | 2024-09-26 | 헐 리필 가능 미쳤능데😮"
2024-09-24,1만,"이거 다 먹으면 유명인과 피크닉 갈 수 있다는데? 더미식에서 새로나온 매움주의 장인라면! 스코빌지수가 12000으로 기존의 장인라면 맵싸한맛보다 1.5배 더 맵다는데🫶🏻 이 매움주의 장인라면을 다 먹고 박스에 써있는 문구를 읽으면 챌린지 성공! 챌린지 경품도 있고 최고의 맵장인 3인은 유명인과의 피크닉도 갈 수 있다고🫶🏻 이게 매운데 얼큰칼칼하고 텁텁하지않아서 맛있게 매움🫶🏻 페페론치노랑 베트남고추가 통으로 들어 있는데 실제 원재료 고추를 사용해서 진짜 맛있는 미친 매운맛 가득🫶🏻 면발이 생면같이 쫄깃고소🫶🏻 사골과 소고기를 가득 담아 푸욱 끓여내 국물풍미가 남다름🫶🏻 내가 울고싶어서 우는게 아니야 ㅠ 맵부심 좀 있다면 도전해봐🔥 챌린지 방법은 아래 내용 참고🫶🏻 1) 챌린지 방법 : 매움주의를 다 먹고, 패키지에 적힌 챌린지 문구를 나만의 스타일로 또박또박 읽으면 성공 ! 2) 챌린지 문구: 고추의 맛으로 꽉 채운 스코빌지수 12,000! 부트졸로키아, 하바네로, 청양고추, 베트남고추, 동페페론치노까지, 그게 바로 더미식 매움주의 장인라면! 맵장인 인증~! 3) 참여방법: 성공 영상을 본인의 채널에 업로드하고, @themishik_official 상단고정 링크에 정보 입력하면 참여 완료! 4) 참여기간: 10월 31일까지 5) 챌린지 경품: 장인라면 맵싸한맛+ 더미식밥 SET(500명 추첨) 💵#더미식매움주의장인라면 2입 5500원 (쿠팡, 이마트, 편의점 등에서 구매 가능) 44주","#광고, #라면, #해장라면, #라면추천, #봉지라면, #매운라면, #라면먹방, #매움주의장인라면, #매움주의, #더미식장인라면, #신상리뷰, #야식추천, #야식메뉴추천, #면치기, #라면맛집, #더미식","kb.i1n | 2025-03-12 | 됨이에요 ㅠㅠㅠㅠ 중2가 이것도 모르나
ju.ni3746 | 2025-03-03 | 저도매운건좋은데잘못먹어요ㅠ😢ㅠㅠ
hgugjoha | 2025-02-12 | 아 ㄲㅂ 눈물 딲을때 화장 지워질줄 알았는데
moonyijoon | 2025-02-04 | 그릇에 고추붙인거ㅋㅋㅋ
yibxu0 | 2025-01-31 | 최수빈이랑 피크닉을 갈 수 있다면 10그릇도 먹을게
c.c_141620 | 2025-01-09 | @cmnmnmnmnmn @heejjinee 도전?
gyum_0427 | 2024-12-07 | 한강라면
ohyes._.0202 | 2024-11-01 | 챨푸랑 가고싶다😢
jack__foodie | 2024-10-26 | ㅋㅋㅋㅋ그냥그런거롴ㅋㅋㅋ 보는 내가다맵다ㅜ
ssssss_____eeeejjccc | 2024-10-17 | 이해가안돼는데맵다고운다고
ssssss_____eeeejjccc | 2024-10-17 | ㅋㅋㅋㅋㅋㅋㅋㅋㅋ근데왜우는거임….?
hyo_miniverse | 2024-10-16 | 해장 라면으로 딱이네~~ 쥑인다잉 ㅋㅋ❤️😍
cnx.h1 | 2024-10-12 | 최애랑 피크닉이면 국물에 물안마시고 다 먹을수있음
c_dani.l | 2024-10-09 | 밥슨 그는
qwrhdhndn | 2024-10-08 | 아니 물 마셨잖아요 그럼 실패지 뭔 성공
jie_c153 | 2024-10-06 | 아 기여워
subineganatanata | 2024-10-06 | @hyuniganatanata @suhyeoneganatanatda 사줘
aina_egg_1208 | 2024-09-28 | 맛있겠다 얼마예요?
hi__hj__99 | 2024-09-28 | @youomo9
sondaye0201 | 2024-09-28 | 뭉 마셨잖셈
922_278 | 2024-09-28 | @yeahdori 부산 가몀 쀼시쟈 ✨
taxhaun | 2024-09-28 | 킹뚜껑이랑 스코빌이 똑같은데여?
eunsil5317 | 2024-09-28 | 앜 ㅋ ㅋ ㅋ ㅋ ㅋ 성공!! 대단하셔용🔥
adorable_baby_js_ | 2024-09-28 | @sun_vely_s2
i_young92 | 2024-09-27 | @sangwook8738 요고 사둉❤️
jo0hun_ | 2024-09-27 | @2_jxhe
zz_sxng | 2024-09-27 | 이거 다먹으면 제리얌이랑도 피크닉갈수있나요
p.kle | 2024-09-27 | @jjung0o0__ 쩜 비싼데 맵대 우리 함 먹어보쟈
genie___s2 | 2024-09-27 | @songjnugi 이거먹어보고싶어
ji_wan_2010 | 2024-09-26 | 광고주:아 국물까지 드셔야해요
bokjaaa___ | 2024-09-26 | 와 이걸 드시다니 ㅋㅋㅋㅋ 굿,,
bonge_o0o_food | 2024-09-25 | 아니 왜 내가 다 매워..침고였어ㅠㅠ
jack_jack_park | 2024-09-25 | 너무 허얘
ham2_ni__ | 2024-09-25 | 헐 진짜 매운가봐요😮
chyo.eun | 2024-09-25 | 왁 눈물 주르륵 ㅠㅠ 제가 다 매워요
themukeou | 2024-09-25 | 오ㅓㅋㅋㅋㅋㅋ맵부심 있는 나에게 딱이다🙌🙌
hello_s_food | 2024-09-25 | 저는 맵찔이라 기절하겠는데요ㅋㅋㅋㅋㅋㅋ
1_kkomadol | 2024-09-25 | 넘 먹고싶어여어어엉🙌❤️
colorfulsundays | 2024-09-25 | ㅋㅋㅋㅋㅋ그릇에 고추붙어있는거 너무 리얼이에여 ㅠㅠ ㅋㅋㅋㅋㅋ 울지마여🥹
jjong_mattang | 2024-09-25 | ㅋㅋㅋㅋㅋㅋ아 눈물 흘리는거 왤케 웃기지 😂
bottlejune__96 | 2024-09-25 | 오옹 맵부심 있는 사람들이라면 도전해볼만한 가치가 있겠어요!! ㅎㅎㅎ🔥🔥
mukddo_muk | 2024-09-25 | 헉 ㅋㅋ 먹어보고싶어용
mukkarong | 2024-09-25 | 오우.....보기만해도 침샘자극되요!!😮😮😮😮😮
wanteat._.eat | 2024-09-24 | 아닠ㅋㅋㅋㅋㅋㅋㅋㅋ 진짜 다 드셨네요 ㅠㅠㅠㅠ 속은 괜찮으셨어요?😢
j_min__3 | 2024-09-24 | 진짜 졸귀....
matzip_friends | 2024-09-24 | 눌물 쏙 빼나요??😍😍😍
j_a_n723 | 2024-09-24 | 헐 이거 궁금하더라구여 😂😂
miri_muk | 2024-09-24 | 어머 진짜 얼마나 매우면 😢😢😢
eating_happily_ | 2024-09-24 | 츄베릅님 ㅠ큐ㅠㅠㅜㅜㅜㅜ 글 읽는데 눈물자국이 반딱반딱😂😂
100rang_food | 2024-09-24 | 맵크나이트인 내가 나서야할때인가..?😮
hh.__.jin | 2024-09-24 | ㅋㅋㅋㅋㅋ아나 울지맠ㅋㅋ큐ㅠㅠㅠㅠㅠ 마니 매워보여
sse_luv | 2024-09-24 | 이거궁금해여ㅜ
yome_foodie | 2024-09-24 | 와 맵찔이 보기만해도 매워여😂
mukjung_ | 2024-09-24 | 그만울어ㅠㅠㅠㅠ
jack93kim | 2024-09-24 | ㅋㅋㅋㅋ아니 눈물까지 나온다고요???
muk._.chuuru | 2024-09-24 | 성공이라니...ㄷㄷㄷ 난 눈콧물다날듭😢
gge.juck | 2024-09-24 | 포브스 선정 울리고 싶은 여성 1위
muk.seori | 2024-09-24 | 성공하셨네요ㅋㅋㅋㅋㅋㅋㅋㅎㅎ 물 몇리터 드셨나유…
jinarye | 2024-09-24 | ㅋ ㅋ 어머 울다니. . ㅋ ㅋ
minny_mukhaengja | 2024-09-24 | 와 더미식..🔥🔥 침넘어가요 ㅋㅋㅋㅋ 매콤해보이는데…!!!
golden_sang_ | 2024-09-24 | ㅋㅋㅋ 울지마요 ㅋㅋㅋ T 울리는 방법
js__1oo4 | 2024-09-24 | 으헝 ㅠㅠㅠㅠ 성공하셨네요 🩷🩷
1onefood_ | 2024-09-24 | 앜ㅋㅋㅋㅋ진정하세요 츄베릅님 흑
d_t_muksta | 2024-09-24 | 아닠ㅋㅋㅋㅋ진자 마지먹에 눈물있엌ㅋㅋㅋㅋ개웃곀ㅋㅋㅋㅋㅋㅋㅋㅋㅋㅋ국물까지 마셔야 성공 아닌가요!!!!
mukrosee | 2024-09-24 | 매운건 못먹어요ㅠㅠㅠㅠ
korea_foodzone | 2024-09-24 | 다먹고 간다아!
moo_boza | 2024-09-24 | 아놬ㅋㅋㅋㅋㅋㅋㅋㅋㅋ 데뷔하시죠?
muk_joongsa | 2024-09-24 | 앜ㅋㅋㅋㅋㅋㅋㅋㅋㅋㅋ 아니 진짜 울쟈냐ㅠㅠㅠㅠㅠㅠ 전 실패일것 같아요..
taetae_foodie | 2024-09-24 | 와 보기만해도 침이 그냥……
limeunzzo | 2024-09-24 | ㅋㅋㅋㅋ엄청 맵나봐여ㅠ ㅠ ㄱㅇㅇ
gyul_yummy | 2024-09-24 | 오 얼마나 매운지 궁금해여ㅠㅠ
muk__jjung | 2024-09-24 | 와 도전해봐야겠어요😍🔥🔥
ruri.food | 2024-09-24 | ❤️❤️
ruri.food | 2024-09-24 | 눈물그만흘려❤️❤️
siso_father | 2024-09-24 | 먹어보고싶네요 😍
j2ch.busan | 2024-09-24 | 뭐지 이 귀여운 생명체는..
leeoh_review_ | 2024-09-24 | 와,, 이거 진짜 매운가보다🔥
teddy_zip_ | 2024-09-24 | 우아,,,, 눈물날정도로 맵다니😢
sowon_yam2 | 2024-09-24 | 진짜 눈물나고 침샌돋아욬ㅋㅋㅋㅋㅋㅋㅋ
berup_x | 2024-09-24 | ❤️
muckza_zzae | 2024-09-24 | 성공 츄베릅!!!눈물닦는거 기엽당ㅋㅋㅋ"
2024-09-22,382,세상에서 제일 맛있는 돌멩이? 제주도 해장국집에서 맛있게 먹었던 제주흑돼지만두🫶🏻 쑥과 오징어먹물이 들어가서 만두피가 검정색이라 특이한데 밀가루 비린 맛도 없고 피도 쫄깃해서 맛있음🫶🏻 흑돼지 풍미도 최곤데 속은 꽈악 차고 육즙은 좔좔🫶🏻 만두 좋아하면 추천🫶🏻 https://smartstore.naver.com/jejuseho/products/9873040957 📍#제주세호 💵 44주,"#광고, #제주흑돼지만두, #제주도맛집, #제주세호해장국, #해장국맛집, #흑돼지만두, #만두, #만두맛집, #만두전골, #제주해장국, #배달맛집, #만두배달, #만두맛집추천, #먹방asmr, #제주도맛집추천","ilovepmh98 | 2024-09-24 | 링크클릭이안되는데 어디서구매되나용?ㅠㅠ
colorfulsundays | 2024-09-24 | 촉촉~~한 만두 완전 꿀맛이겠어요❤️
mat_puri | 2024-09-23 | 와..진짜 만두 사랑하는데 너무 맛있겠네요...구매각
themukeou | 2024-09-23 | 와 피가 쫀득하니 자주 주문각이다🙌🙌
mukchoding | 2024-09-23 | 흑돼지라니 먹고파용🔥
yeoni_mukstar | 2024-09-23 | 우와 흑돼지만두 완전 신기하네요😮😮
mukb_read | 2024-09-23 | 헐 만두러번데 완전 먹어보고싶어요❤️
dokkkiee | 2024-09-23 | 헐 육즙 뚝뚝 떠러지는거봐라ㅠㅠㅠㅠㅠ
mukkarong | 2024-09-23 | 만두크기도 크고 육즙도 장난아닌데요?!!😮😮
con_coffeemornot12 | 2024-09-23 | 맛도락 돌맹이네요 ㅎㅎ
fnvidir | 2024-09-22 | 오징어먹물이 들어가서 까맣군요 와 신기해요😮😍
foo__zim | 2024-09-22 | ㅋㅋㅋㅋ진짜 뚱만두다,,,너무 좋다
muk.news | 2024-09-22 | 대박겁나 궁금해요
gyunyami | 2024-09-22 | 육즙 떨어지는거봐🤤
1onefood_ | 2024-09-22 | 와 와 완전 핫한거 가지고오셨네요 ㅎㅎㅎ 흑맨두 먹고싶은데용😍
dog.matdori | 2024-09-22 | 우왕?! 제주에서 본것같은데!!😮
dama.dessert | 2024-09-22 | 츄베릅님ㅋㅋㅋㅋㅋ 너무 귀엽게드시는거 사랑스럽
jinarye | 2024-09-22 | 만두에 육즙이😍
laurent_busan | 2024-09-22 | 흑돼지만두라니 넘 맛있어보여요❤️❤️
matpamine_ | 2024-09-22 | 헉 진짜 돌인줄욬ㅌㅌㅌㅋㅋㅌㅌㅋ
moonchelin.chef | 2024-09-22 | 완전 맛나보이네요🥹
sse_luv | 2024-09-22 | 육즙 대박이에여ㅜ
mukorang | 2024-09-22 | 오와 먹어보고파요❤️
ggam_food | 2024-09-22 | 만두속 꽉찻네여❤️
jini_zzin | 2024-09-22 | 밀가루 비린 맛제로0️⃣육즙 폭탄 흑돼지만두❤️
wanteat._.eat | 2024-09-22 | 와 만두피가 딱봐도 넘 쫀득해보여요😍 만두 땡겨요ㅠㅠㅠㅠ
eunsil5317 | 2024-09-22 | 오 흑돼지만두 넘 맛나겟서요 🔥🔥🔥
mukrosee | 2024-09-22 | 우아 색깔 대박이네용!!
rara_muk | 2024-09-22 | 흑돼지만두라니 궁금!
muckza_zzae | 2024-09-22 | 와ㅠㅠ육듭 무슨일이져 대박이다 ㅋㅋㅋ
eating_happily_ | 2024-09-22 | 우왕 대박 육즙 진짜 대박이에유😮😮
js__1oo4 | 2024-09-22 | 안에 육즙이 좔좔❤️
gge.juck | 2024-09-22 | 만두 속 보여주실 때 눈빛이 카리스마 미쳤는데요?😮
hyob_muk | 2024-09-22 | 우아 육즙가득 피도 쫀득 ❤️
j_a_n723 | 2024-09-22 | 돌맹이인줄알았어여😂😂
yome_foodie | 2024-09-22 | 까망만두 신기해용❤️❤️
muk.seori | 2024-09-22 | 와 육즙쓰.. 만두피도 색감도 신기해요
밀가루냄새 안난다니 !!!!
sowon_yam2 | 2024-09-22 | 자주시켜먹을래용❤️❤️
__it.s.youn | 2024-09-22 | 우와 ~~ 흑돼지 만두요 ?! 대박이닷 !!
ddunny_ddun | 2024-09-22 | 흑돼지만두 맛도리겠는데요❤
ming_foodie_ | 2024-09-22 | 우아 깜장색 신기해여
yumyum_report | 2024-09-22 | 쫀득한 피까지 완전 완벽그 자체네요😍
chu.berup_jmt | 2024-09-22 | 츄베릅 x 제주세호스토어 #팔로우이벤트

추첨을 통해 10분께 제주흑돼지만두를 무료로 보내드립니다!
https://www.instagram.com/jejuseho_store

[참여방법]
1.제주세호스토어 인스타그램을 방문해서 팔로우
2. 팔로우 인증샷을 캡쳐해서 첨부
3. 아래 링크에 정보 입력
https://naver.me/FlZSM4jr

*영상에 좋아요 댓글까지 쓰면 당첨확률 up

[참여기간]
2024.09.22. (일) ~ 2024.09.29. (일) 오후 11:30 (8일간)

[당첨자발표]
9월27일(금)
제주세호스토어 인스타그램
당첨자개별통지 문자 또는 인스타그램DM
leeoh_review_ | 2024-09-22 | 우와 만두피 검정색 처음봐😮😮
moo_boza | 2024-09-22 | 제주 흑돼지만두 무보까요 🔥
moo_boza | 2024-09-22 | 왤케 뜨거워보여옄ㅋㅋㅋㅋㅋㅋㅋㅋㅋ 손 바들바들
ruri.food | 2024-09-22 | 나두조❤️
ruri.food | 2024-09-22 | 만구내아❤️❤️
mukjung_ | 2024-09-22 | 여기진짜마싯슴 ㅠㅠ
berup_x | 2024-09-22 | ❤️
muk_captain_ | 2024-09-22 | 쵹푝"
2024-09-21,742,그 먹기 힘들다는 스웨디시 젤리가 뭔데? 44주,"#스웨디시젤리, #스웨덴젤리, #신상리뷰, #간식추천, #먹방asmr, #스웨디시젤리먹방, #젤리먹방, #젤리맛집, #젤리추천, #디저트맛집, #디저트추천","ks_mi__ | 2024-10-05 | @zoo1k_95
sun_scoop78 | 2024-09-30 | 🙌
iamseriri | 2024-09-30 | @ljy__911_ @sujeong_0614 이고 젤리얌
zx.v0_12 | 2024-09-27 | 고양이가 아니랔ㅋㅋㅋ해골ㅋㅋ뒤집으면
con_coffeemornot12 | 2024-09-23 | 젤리 아주 맛도락이네요 ㅎㅎ
yeri262626 | 2024-09-22 | @hyyyeon__ 나이거먹소싶어 주금…
colorfulsundays | 2024-09-22 | ㅋㅋㅋㅋㅋ구린맛을 뺀맛😍
dog.matdori | 2024-09-22 | 화장품맛ㅋㅋㅋ 5만원ㅠㅠ
rara_muk | 2024-09-22 | 오 먹어보고 싶어요😍
laurent_busan | 2024-09-22 | 스웨디시 젤리 요거 궁금하더라고요😮😮
kokopopop101010 | 2024-09-22 | 눈나 예뻐ㅓ
jamong.cook | 2024-09-21 | 신기하네요❤️
1onefood_ | 2024-09-21 | 오오 이거 완전 궁금한디용😍
jjuchelin_ | 2024-09-21 | 츄베릅님이 먹는거보고 진짜 넘먹어보고싶어졌어용😍😍
eating_happily_ | 2024-09-21 | 5만원 비싸긴 하죠ㅠ
wu_hyun | 2024-09-21 | 가격이 와 이거 구하기도 쉽지 않은거 아닌가여 어디서 본거 같은디
leeoh_review_ | 2024-09-21 | 가격이 5만원???!!
muk.seori | 2024-09-21 | 와 저거 5만원이에욬ㅋㅋㅋㅋ..??
wanteat._.eat | 2024-09-21 | 젤리 식감 넘 궁금한데요?!😍❤️
mukrosee | 2024-09-21 | 와 저게 왜 오만원이죠..,
golden_sang_ | 2024-09-21 | ㅋㅋㅋ 귀욥
muk_joongsa | 2024-09-21 | 마싯겟다 콜라맛이 새콤하니 취저잇둣❤️
ruri.food | 2024-09-21 | ❤️
ruri.food | 2024-09-21 | 예쁘니 콜라맛 나줘❤️❤️
teddy_zip_ | 2024-09-21 | 우아 가격 너무 비싸네요😮😮😮😮 세상에
js__1oo4 | 2024-09-21 | 식감 완전 궁금해오🩷
jjupteacher_k | 2024-09-21 | 흐 맛있는거 저도 주세요!!❤️
gyul_yummy | 2024-09-21 | 향수맛 무서워요,,,,
aug_piiggg | 2024-09-21 | 와,,, 가격 후덜덜하네요😂
jjgongju_ | 2024-09-21 | 이곤 먹고 바로 양치해야겠다...
hj_foodie | 2024-09-21 | 헐 나도 궁금했는데 오만원 선넘누... 🥹
hid_zip | 2024-09-21 | 헐 이거 궁금햇는데!!!
bang__road | 2024-09-21 | 오호
matpamine_ | 2024-09-21 | 헉 비싸다.. 😢
jini_zzin | 2024-09-21 | 오 식감 궁금해요 점토느낌 분홍이가 젤 땡기네요💗
mukstar_md | 2024-09-21 | 소리 너무 쥬터ㅜㅠ❤️
muk._.chuuru | 2024-09-21 | 배송넘오래걸려..패쑤😢
dama.dessert | 2024-09-21 | 오 ㅎㅎ 저 이거 궁금했는데 ㅎㅎ 먹어보고시퍼용 😍❤️
mukjung_ | 2024-09-21 | 오마너어어언!?
eat_fp | 2024-09-21 | 향수맛😮 먹어보구파용😍
limeunzzo | 2024-09-21 | 화장품 맛 궁금해요🤣
yome_foodie | 2024-09-21 | ㅋㅋㅋ장마향수맛이라니😂😂
doctorpark_ | 2024-09-21 | 스웨덴 언제 다녀오셨어요????
moo_boza | 2024-09-21 | 저 하나만 주시라오 ㅋㅋㅋㅋㅋㅋㅋ 비싸네여;;
mukkarong | 2024-09-21 | 가격이 후덜덜한데요?!!😮😮😮
81ackp0ny | 2024-09-21 | 드디어어어어ㅓ!!!!🔥🔥🔥
j2ch.busan | 2024-09-21 | 5만원.. 그돈씨 드립 장전할뻔..
korea_foodzone | 2024-09-21 | 요거 궁금해요!!!! ㅎㅎㅎ근데 장미향수맛..😂
bokjaaa___ | 2024-09-21 | 장미향수 맛은 너무한데옄ㅋㅋㅋ 질감 취저일 듯요❤️
hh.__.jin | 2024-09-21 | 머야 왤케 비싸,,
berup_x | 2024-09-21 | ❤️"
2024-09-20,421,댓글요청 GS25 9900원 두바이초콜릿 먹어봤습니다. 44주,"#신상리뷰, #간식추천, #먹방asmr, #디저트맛집, #두바이초콜릿, #두바이초콜렛, #편의점신상, #편의점디저트, #편의점두바이초콜릿, #디저트, #편의점간식, #gs25신상","doshyy1 | 2024-09-28 | @nayoongee 내가말한고 이거임~~! 그나마 제일 맛있.. 근데 초콜릿은 버리고 안에꺼만 발라 먹어쑴
fond_minmin | 2024-09-23 | 혹시 편의점중 어디가 젤 맛있으샸나용!!
juner_315 | 2024-09-21 | 지에스 가서 보이면 사봐야겠어요😍
jjgongju_ | 2024-09-21 | 오 이건 안에가 촉촉하네유😮
wanteat._.eat | 2024-09-21 | 두바이만 보면 이제 츄배릅님 떠올라요,,,ㅋㅋㅋㅋ😮❤️
yam_yam_ping | 2024-09-21 | 한번 도전?!
mukjung_ | 2024-09-21 | 하나만줘바..
100rang_food | 2024-09-20 | 요거 괜찮네..😮
eating_happily_ | 2024-09-20 | 아닠ㅋㅋㅋㅋㅋ초코 진짜 두꺼운데요?! 피쵸맛 많이 나서 호평이 많나보네용😮😮
colorfulsundays | 2024-09-20 | 오👏👏👏 요거는 먹어보고싶어요😍😍
magoo_wagoo | 2024-09-20 | 우왕 궁금한데용😮😮
mukbears | 2024-09-20 | 스프레드 왜캐 쵹쵹해보이는지,,?
moo_boza | 2024-09-20 | 오오 맛은 있으니 무볼래요 ㅋㅋㅋㅋㅋㅋㅋ 🙌
gge.juck | 2024-09-20 | 이거 쵸큼 녹여먹으먄 촉촉하니 맛있어요
hrin_a12 | 2024-09-20 | 세븐일레븐 두바이 초콜릿도 괜찮음
e.den_0.0 | 2024-09-20 | 편의점 두바이 중에 젤 맛있다던데!!! 먹어보고 싶어요❤
ilxlsow | 2024-09-20 | 개맛없음 저거랑 똑같은거 샀는데 이딴게 유행이라거? 하는 맛임 가격도 드럽게 비싸니 안먹는게 나음 ㄹㅇ 돈버림
bbbm_jg | 2024-09-20 | 이건 궁금하네영
golden_sang_ | 2024-09-20 | 강냉이가 약해서 😢
d_t_muksta | 2024-09-20 | 맛은있군옄ㅋㅋㅋㅋㅋ강냉이 잘 살아있죠?
leeoh_review_ | 2024-09-20 | 오 한번 사먹어봐야게따❤️
bottlejune__96 | 2024-09-20 | 오옹 요거 지에스에서 본거같은데!😮 저도 한번 사먹어볼래요!!!❤️❤️
kokopopop101010 | 2024-09-20 | 두바이초콜렛 말고 마시멜로우초콜렛 유행이래 누나
js__1oo4 | 2024-09-20 | 오 두툼하다 ❤️❤️
bokjaaa___ | 2024-09-20 | 오 촉촉헤요??? 궁금해요 이거❤️
muklidangil | 2024-09-20 | 오 먹어봐야징
dog.matdori | 2024-09-20 | 강냉이 털리면 안되요ㅠㅠ 먹방계속해주셔야해요ㅠ
ggam_food | 2024-09-20 | 두바이전문가..
jack93kim | 2024-09-20 | 두바이 두바이 😍
eat_fp | 2024-09-20 | 강냉이 조심용😂😂
limeunzzo | 2024-09-20 | 오아 요고 고퀄이에여 🥹🥹
jack__foodie | 2024-09-20 | 추천하나 해드릴게요 크런치초코
muk_tteul | 2024-09-20 | @themukeou 두바이 가즈아
themukeou | 2024-09-20 | 다른것도 다먹어유🙌
gyul_yummy | 2024-09-20 | 두바이는 끝나지않는군여😢
jinarye | 2024-09-20 | 두바이 전문가 되시겠어요.ㅋ ㅋ
yeoni_mukstar | 2024-09-20 | 오오 이번 거는 꼭 먹어봐야겠어요🔥🔥
sowon_yam2 | 2024-09-20 | 오 나쁘지않은데용???
matpamine_ | 2024-09-20 | 이번에야말로 반드시 먹을테다
go_yang_eat | 2024-09-20 | 어떤맛일까.. 한입만여 ㅠ
j2ch.busan | 2024-09-20 | 탕! 튕겨져 나올때 제 눈에 카다이프 찔린듯..?
jjong_mattang | 2024-09-20 | 저도 추천 하나 해두 될까요?🔥
ruri.food | 2024-09-20 | ❤️❤️
ruri.food | 2024-09-20 | 맛른 있네❤️❤️
1onefood_ | 2024-09-20 | 왕 너무 궁금한데요 구하고싶네용😍
berup_x | 2024-09-20 | ❤️
anjjanjjan | 2024-09-20 | 궁금타.......🙌"
2024-09-20,9648,"일본 안가도 이걸 먹을 수 있다고? 일본에서 유명한 말차브랜드 교토 퍼퍽트 말차가 국내최초로 잠실 롯데월드몰 5층에 입점🫶🏻 1860년 리에몬 츠지가 창업한 유서 깊은 브랜드🫶🏻 말차파우더를 사용하지 않고 일본 교토 우지 지역에서 생산되는 말차를 직수입한 말차 아이스크림 원액을 사용🫶🏻 기존 한국 말차 아이스크림에 비해 5배 가량 높은 진한 말차라는데🫶🏻 기본베이스로 연한맛, 믹스, 진한맛 3종류고 내맘대로 토핑 추가 가능🫶🏻 연한맛부터 이미 말차가 찐하고 깊이가 다름🫶🏻 진한맛도 떫지 않고 쌉쌀한게 풍미도 좋음🫶🏻 휘낭시에, 마들렌, 롤케이크 등 현지에서 직수입한 말차 디저트도 다양한데 촉촉 부들 말차도 진해 그냥 먹어도 맛있는데 아이스크림이랑 먹으면 댕꿀맛🫶🏻🫶🏻 입에서 말차맛이 더 풍성해진다🫶🏻 📍#교토퍼펙트말차 📍 서울 송파구 올림픽로 300 롯데월드타워앤드롯데월드몰 5층 ⏰ 매일 10:30-22:00 💵 말차퍼펙트아이스크림 6900원 44주","#광고, #잠실맛집, #잠실맛집추천, #잠실롯데월드몰, #롯데월드몰맛집, #롯데월드맛집, #잠실디저트, #신상리뷰, #간식추천, #먹방asmr, #말차덕후, #말차맛집, #말차아이스크림, #말차디저트, #교토말차, #말차, #디저트, #디저트스타그램, #디저트그램, #교토여행, #일본말차, #일본여행, #잠실데이트, #롯데월드몰, #잠실가볼만한곳, #팝업스토어, #잠실롯데팝업, #잠실놀거리","yewon.k_0129 | 2025-02-19 | @see_hyun__03 나랑 담에 가자!!🍃
joy.j.h | 2024-11-18 | @seonnnini 먹었어야됐어 ㅠㅠㅠ
l_ollu_l | 2024-11-09 | @insabeom 냠..
j.hanbit | 2024-10-25 | @k__jooyeun2 ㄱㄱ
d.hee_k | 2024-10-03 | @tnsrb90
dan__oou | 2024-10-02 | @xhewo
jm._.ny0 | 2024-09-28 | @_ming_dit 잠실잠실
iridescentseo0 | 2024-09-28 | @earlysummercandy 같이 가 줄 말차덕후 응가구해요 💚
suhyeon_41 | 2024-09-28 | 진짜 맛있어용 ㅜ
lina__4_15 | 2024-09-25 | @felicita__110 헐ㄹ말챠
louis._.joy | 2024-09-25 | @mk._.choi 요기 바아로 긔긔
dayeoni_o.o | 2024-09-25 | @songmin4551 가자고 말하고싶지만 왜 오빠는 제주도인건데
mj7eee | 2024-09-23 | @ggrhd_jyj
euneunfood | 2024-09-22 | 헐 저이거유 ❤️❤️❤️
porschelin_man | 2024-09-22 | 말차최고네요!!
seeoning | 2024-09-22 | @soooll_2
hjhjhin | 2024-09-22 | @lolmylol92 ㅠㅠ
songhuiaa | 2024-09-21 | @sori._v 먹구싶댜 ㅠㅜ
jii._.eon | 2024-09-21 | @jasmine_o147 수혀낭 잠실와라 ,,,,,
rara_muk | 2024-09-21 | 와 말차러버 당장 가야할듯😍
golden_sang_ | 2024-09-21 | 귀여워요 또
siso_father | 2024-09-20 | 너무 맛있겠어요 😍
miri_muk | 2024-09-20 | 와 교토에서 먹던 그 맛이라니!! 이번 주말 무조건 잠실 갈래여!
muuk.dda | 2024-09-20 | 와 ㅜ 진심 겁나 꾸덕스….말차는 안 좋아하는데 꾸덕한건 조아하니까 먹어야겠다…
m1rak22 | 2024-09-20 | @hyeon_aaaaaaa 나 대신 먹어줘
muk__rika | 2024-09-20 | 초록초록 하당>< 이거 넘 맛나옇ㅎㅎㅎㅎ
hj_foodie | 2024-09-20 | ㅠㅠㅠ 말차덕후 진짜 환장해 🥹
bottlejune__96 | 2024-09-20 | 우왕 말차덕후라면 꼭 가봐야할곳이겠는데요?? ㅎㅎㅎ😍😍
js__1oo4 | 2024-09-20 | @subeeny 가고싶ㄷㅏ🤤
manchaelin | 2024-09-20 | 저 말차 진짜 좋아하는데 ㅠㅠ 저희 동네에 들어왔군요,, 가봐야징 -`♡´-
eat_fp | 2024-09-20 | @reekyung_h
jmt.kim | 2024-09-20 | 롯데월드몰 맛집 천국😍
foo__zim | 2024-09-20 | 와,,,,어제 잠실 갔었는데ㅠㅠ
laurent_busan | 2024-09-20 | 말차러버인데 무조건 도전이네요 💚💚
1onefood_ | 2024-09-20 | 와 색감미쳤는데용 ㅠㅠ😍😍
mukkarong | 2024-09-20 | 오우~ 완전 맛나겠어요!!🔥🔥
bbbm_jg | 2024-09-20 | 말차 조아여❤️
muk._.chuuru | 2024-09-20 | 잠 못잔거아냐..?😮
mukjung_ | 2024-09-20 | 찐으로마싯어보여...
limeunzzo | 2024-09-20 | 헐 말차 저요ㅠㅠ 디저트두 필수네여😍
cha.chav | 2024-09-20 | 오호 꾸덕 어마무시 맛나게따요 ❤️❤️
ruri.food | 2024-09-20 | ❤️❤️
ruri.food | 2024-09-20 | 렌즈 색까지 초록초록~?😍😍
muk.seori | 2024-09-20 | 헐 부산에 언제생기나 이거.... 녹덕은 기절합니다요
시너지 100배!!! 빵도 조하여
jinwook1011 | 2024-09-20 | 녹차맛😍맛나겠어요😍
jini_zzin | 2024-09-20 | 우와 쿄토 안가도 되겠어요💚
mukrosee | 2024-09-20 | 말차 찐해서 조아요ㅠㅠㅠ
h_mochi_bungeo | 2024-09-20 | 말차 씁쓸해서 잘 못먹는데 아이스크림은 뭔가 달달할거같아서 궁금하네용
leeoh_review_ | 2024-09-20 | 와 말차안좋아하는데 이건 궁금하다❤️
sowon_yam2 | 2024-09-20 | 백배 즐기러갈래용 ㅎㅎ ❤️❤️
jack__foodie | 2024-09-20 | 시노지굿
yome_foodie | 2024-09-20 | 말차맛 엄청 찐할거 같아여❤️
gge.juck | 2024-09-20 | 잠실 갈 이유 1개 적립
suhoyum | 2024-09-20 | 여기 말차 진해서 좋아요❤️
jack93kim | 2024-09-20 | 오우아... 색깔 너무 이뻐요오!
muckza_zzae | 2024-09-20 | 우앙 얼마나 찐할까오ㅠㅠ❤️
yeoni_mukstar | 2024-09-20 | 녹차 러버인데 여기 한번 가봐야겠어요!!
bonge_o0o_food | 2024-09-20 | 시너지 백배💚💚 초록초록 예뿌,, 맛나겠다
muk_joongsa | 2024-09-20 | 말차 색감 역대급으로 존예ㅜㅜ❤️❤️
j2ch.busan | 2024-09-20 | 교토퍼펙트말차 안먹어봤으면 말을 말차😊
e.den_0.0 | 2024-09-20 | 와~ 말차 좋아하는데 넘 먹어보고 싶어욤❤️
ming_foodie_ | 2024-09-20 | 말차덕후인데 먹어보고파여😍
berup_x | 2024-09-20 | ❤️
yumyum_report | 2024-09-20 | 우앙 찐한 녹차 아이스크림 너무 맛있을거같아여 ㅠㅠ❤️"
2024-09-19,273,오레오 코카콜라맛 우유랑 먹어봤습니다. 💵 2000원 45주,"#오레오코카콜라맛, #씨유신상, #신상리뷰, #간식추천, #먹방asmr, #디저트맛집, #편의점신상, #편의점디저트, #오레오, #코카콜라, #편의점간식, #편의점추천","__it.s.youn | 2024-09-21 | 코카콜라맛이요~?
jjgongju_ | 2024-09-20 | 저도 그냥 오레오 먹을래윸ㅋㅋㅋㅋㅋ
foodgallery_club | 2024-09-20 | 간만에 달려줘야겠다 👍
bokjaaa___ | 2024-09-20 | 솔직후기 짱이에옄ㅋㅋㅋ
jjupteacher_k | 2024-09-20 | 넘 맛있어보여요! 언제 한 번 가보고싶어요!❤️
j_a_n723 | 2024-09-19 | 앜ㅋㅋㅋㅋㅋ 안먹어야겠어요
yam_yam_ping | 2024-09-19 | ㅋㅋㅋㅋㅋ앜ㅋㅋㅋ 맛이 안궁금해짐 ❤️
kokopopop101010 | 2024-09-19 | 나는 마운틴듀 오레오! 먹을래!
jjoohyun2 | 2024-09-19 | 콜라맛 궁금😆
teddy_zip_ | 2024-09-19 | 콜라오레오라니…….. ㅎㅎㅎ 이건 저도 패스😂
wu_hyun | 2024-09-19 | 참 특이한 맛이 나오긴했네여 한번 먹어보고 싶긴하네영 ㅎ
yoon.min.ga.0513 | 2024-09-19 | 전 괜찮았어여 ㅎㅎ
jameslee0911 | 2024-09-19 | 호불호 엄청 심하겠네요😂
golden_sang_ | 2024-09-19 | 그냥 오레오 먹을게요 ㅎㅎ
wanteat._.eat | 2024-09-19 | 저 영상만으로도 만족할래요,,,ㅋㅋㅋ😂❤️
seoyeon_gom | 2024-09-19 | 어머어머 콜라맛이라니 ㅋㅋㅋ 진짜 이거 궁금했는데 안먹어보는걸로😂😂😂
1onefood_ | 2024-09-19 | 오오 이거 리뷰 해보고싶었는데용 ㅎㅎㅎ😍
leeoh_review_ | 2024-09-19 | ㅋㅋㅋㅋㅋ이거 호불호 심한듯😂😂
taetae_foodie | 2024-09-19 | 그냥 오레오.. 화긴이여.. 😮
muksta_turbo | 2024-09-19 | 대박 ㅋㅋㅋㅋ 어디까지 가는거야 오레오
moo_boza | 2024-09-19 | ㅋㅋㅋㅋㅋㅋㅋㅋ 무보자 (콜라) 츄베릅 (우유) 결론은 둘다 맛없다..
jinwook1011 | 2024-09-19 | 신기한맛이겠어요🤭
kkutti_h | 2024-09-19 | 궁금해서 사러감
fooodpolice | 2024-09-19 | 궁굼 하긴 하구만요🔥
food_zohaa | 2024-09-19 | 바삭하니 식감 죽일 것 같아요 ㅠㅠㅠ
cha.chav | 2024-09-19 | 커카콜라랑 먹어야 하는더 아니어유? ㅋㅋㅋㅋㅋ
due.foodie | 2024-09-19 | 엄청 맛있어보이네요.🤩
hj_foodie | 2024-09-19 | ㅋㅋㅋㅋ 우유랑은 진짜 절대놉 🥹
twobrowook | 2024-09-19 | 그냥저냥 먹을만함 콜라향 사탕 슬쩍 나다가 오레오 초코맛 납니다 우유랑도 그냥저냥 먹을만하든데 ㅋㅋ 또 사먹진 않을듯
qbee.eat | 2024-09-19 | 역시 오레오는 ㄱ기본이 최고 ...
hotdor_s | 2024-09-19 | ㅋㅋㅋㅋㅋㅋㅋㅋㅋㅋㅋㅋㅋㅋㅋㅋㅋㅋㅋㅋㅋㅋㅋㅋㅋㅋㅋㅋㅋㅋ 솔직 담백하다잉
yeoni_mukstar_01 | 2024-09-19 | 전 이거 불호였어요😢😢 인위적인 불량식품맛….
rara_muk | 2024-09-19 | 이거 궁금하더라구요😍
sltnqdla | 2024-09-19 | 우앙 이거 도전해보고싶은데요?!❤️
laurent_busan | 2024-09-19 | 코카콜라맛 오레오 궁금해용 ㅋㅋㅋㅋ
100rang_food | 2024-09-19 | 우엑!🤢
muk_joongsa | 2024-09-19 | 저도 그냥 오레오로...ㅠㅠㅠ 원조가 최고!
mukjung_ | 2024-09-19 | 그냥오레오머글랭❤️
muckza_zzae | 2024-09-19 | 정지화면ㅋㅋㅋㅋㅋㅋㅋㅋㅋㅋ
meokdoong | 2024-09-19 | ㅋㅋㅋㅋㅋㅋㅋㅋㅋㅋㅋ맛있늠지모르겠눈ㅋㅋ
hello_s_food | 2024-09-19 | ㄷㄷ;; 제로콜라 맛은 없나여
e.den_0.0 | 2024-09-19 | 이거 맛 너무 궁금해욤 😮😮😮
eat_fp | 2024-09-19 | @reekyung_h
miri_muk | 2024-09-19 | 어떤 분이 우유랑 같이 먹으면 토할 것 같다고 그랬었어요!! 역시 오리지널이 최고👏
mukzzang_bread_ | 2024-09-19 | 앗 핑계고에서 맛나게 먹어서 궁금했는데 역시 오레오는 쿠키앤크림 ..❤️
hyob_muk | 2024-09-19 | 우유랑은 안먹어야겟군요😂
jini_zzin | 2024-09-19 | 애매하구만유😂
themukeou | 2024-09-19 | 콜라사탕에 우유?!!🙌
ruri.food | 2024-09-19 | 그녕 오레오 먹를래❤️
muk.seori | 2024-09-19 | ㅋㅋㅋㅋㅋ콜라사탕에 우유욥…?
뭔맛인지 알거같은 찰떡 설명
mukrosee | 2024-09-19 | 전 모르겤ㅅ어요....
jjong_mattang | 2024-09-19 | ㅋㅋㅋㅋㅋㅋ오카콜라 별루인가요?
ddub_e2 | 2024-09-19 | 엨ㅋㅋㅋ코크 조아하는데 이건 음...
gge.juck | 2024-09-19 | 우유말고 콜라에 말아드셨어야죠 ㅋㅋ😍
sowon_yam2 | 2024-09-19 | 그냥 오레오 먹을래용 저도 ㄷㄷ
jack93kim | 2024-09-19 | ㅋㅋㅋㅋㅋㅋㅋㅋㅋ맛없다는거자낰ㅋㅋㅋㅋ
suhoyum | 2024-09-19 | 우아 궁금해요😍
yome_foodie | 2024-09-19 | ㅋㅋㅋㅋ코카콜라맛 넘 궁금해요❤️
yumyum_report | 2024-09-19 | 우유랑은 안어울리면 콜라랑은 어울릴까여😂
do___yummy | 2024-09-19 | 이거 코카콜라맛 넘 독특하더라구욬ㅋㅋㅋ😮😮
berup_x | 2024-09-19 | ❤️
muk_captain_ | 2024-09-19 | 으악"
2024-09-18,260,"단돈 2만원대에 소고기로 배터지기? <샤브올데이> 단돈 2만원대에 소고기로 배터질 수 있는곳🫶🏻 소고기샤브샤브, 월남쌈에 샐러드바를 무한으로 뿌실 수 있는데🫶🏻 소고기 3종에 신선한 야채🫶🏻 샐러드바엔 60여가지 음식들이 준비되어 있는데 치킨, 파스타, 삼겹살부터 디저트까지 야무짐🫶🏻 곤드레밥에 강된장 얹어먹는것도 맛있음🫶🏻 샤브샤브 육수는 4가지인데 마라육수는 마라초보인 나도 먹을 수 있을 정도🫶🏻 다 먹고 죽이랑 칼국수로 마무리🫶🏻 아이스크림에 샷추가해서 아포가토까지 무한🫶🏻 3900원만 내면 생맥주가 무한!!🫶🏻 @@배터지게 조지자❤️ 📍#샤브올데이 김포운양점 📍 경기 김포시 김포한강1로 250 골든타임빌딩 3층 ⏰ 매일 11:30-21:30 ⏰ 평일 B.T 15:00-17:00 💵평일점심 23900원 💵평일저녁,주말,공휴일 27900원 45주","#샤브샤브맛집, #무한리필맛집, #샤브샤브무한리필, #샤브올데이김포운양점, #소고기맛집, #김포맛집, #김포맛집추천, #운양동맛집, #운양동맛집추천, #인천맛집, #뷔페맛집, #김포무한리필, #김포데이트코스, #서울근교맛집, #서울근교드라이브","__it.s.youn | 2024-09-21 | 소고기로 배터지게 먹을 수 있는 곳이라니 !
kkutti_h | 2024-09-20 | 여기존맛이져🔥
space_look__ | 2024-09-20 | 샤브샤브 좋은데여
bokjaaa___ | 2024-09-20 | 배 터지게 먹을래여 걍 ㅎㅎ❤️
biggn_o | 2024-09-19 | 캬 여기서 진짜 흡입함요ㅠㅠㅠ😍
rara_muk | 2024-09-19 | 샤브샤브 넘 먹고파요😍
laurent_busan | 2024-09-19 | 2만원대에 이게 가능하다니 🙌❤️
sh.cookkook | 2024-09-19 | ㅠㅠㅠㅠ딘짜 여기 최고,,,, 감히 역대급 뷔페라고 할 수 있져ㅠㅠ
bottlejune__96 | 2024-09-19 | 우왕 샤브샤브를 2만원대로 즐길수있다니 완전 갓성비다요 ㅠㅠㅠ😍😍
wu_hyun | 2024-09-18 | 가성비 좋네영 여기 꼭 가봐야할듯요👏
100rang_food | 2024-09-18 | 샤브샤브먹다가 배터질래요😍
jjuchelin_ | 2024-09-18 | 아니 진짜 여긴 하루 굶고 가야겠눈데요? 😝😝🧡
tastebuds__official | 2024-09-18 | 가성비 너무 좋은거 같아용❤️❤️
jjgongju_ | 2024-09-18 | 크으 숨겨둔 디저트배까지❤️❤️
true_gyeongju | 2024-09-18 | 미쳤따 넘 땡기네용
colorfulsundays | 2024-09-18 | 와 진짜🔥🔥🔥🔥 여기가면 배터지겠어요❤️
sltnqdla | 2024-09-18 | 크 이렇게 푸짐하게 나올 수 있나요❤️
eats__good_ | 2024-09-18 | 우와 여기가야겠당😍
hye_foodie_ | 2024-09-18 | ㅈ ㅓ샤브 진짜조아하는데 여기 너무가보고파여ㅠㅠㅠ
s_.xyeo | 2024-09-18 | 여기 어제 감 ㅋㅋ
mukrosee | 2024-09-18 | 크 소고기 마니마니 넣을래요❤️
mukdang0 | 2024-09-18 | 가성비 대박 츄베릅 ❤️❤️
wanteat._.eat | 2024-09-18 | 샤부올데이 진짜 맛있죠 ㅠㅠㅠㅠㅠㅠㅜ 가성비도 좋아요😍
dog.matdori | 2024-09-18 | 조지고 조지고 계속 조져서 먹워줘야! 디저트까지😮
j_a_n723 | 2024-09-18 | 가성비 무슨일이에여 😍😍😍
muk_joongsa | 2024-09-18 | 여기 가성비 ㄹㅇ 역대급! 배불러어 할때 졸귀탱❤️
gge.juck | 2024-09-18 | 저 아직도 저 맥주 아래에서 올라오는거 무슨원리인지 몰라요…😢
1onefood_ | 2024-09-18 | 와 이런곳은 무조건 가야죠😍😍
jini_zzin | 2024-09-18 | 갓성비 쥑이네요❤️👏
golden_sang_ | 2024-09-18 | 귀여워요
matzip_hyena | 2024-09-18 | 쌈가능 킁킁츄베릅 🔥
jinwook1011 | 2024-09-18 | 요기저장할께요😍
sowon_yam2 | 2024-09-18 | 배터지게먹을래용😍😍 디저트배까지❤️❤️
hello_s_food | 2024-09-18 | 단돈 2만원대😍👏👏
yome_foodie | 2024-09-18 | 와 소고기로 배터져볼래요😍
leeoh_review_ | 2024-09-18 | 생맥도 무제한이라서 더욱 좋다❤️
matcoder_ | 2024-09-18 | 와 여기서 배 터지고 싶어용😍
jinarye | 2024-09-18 | 여기 진짜 배 터져요 ㅋ
muk_tteul | 2024-09-18 | 칼국수에 죽까지 👏👏👏👏
doctorpark_ | 2024-09-18 | 뜨기전에고정좀요
doppa_gram | 2024-09-18 | 와우 진짜 푸짐하게 즐길 수 있겠어요😍
muckza_zzae | 2024-09-18 | 다때려박아❤️❤️
seoul__guide | 2024-09-18 | 샤브샤브 대박..완전 군침돌아요 ㅠㅠ
muk.seori | 2024-09-18 | 디저트배까지!!!! 아포카토 무조건임다
muk.news | 2024-09-18 | 배터질준비완료
j2ch.busan | 2024-09-18 | 츄베릅님도 단추 풀려요?
d_t_muksta | 2024-09-18 | 디저트 배까지여?…..ㅋㅋㅋㅋㅋㅋㅋㅋㅋㅋ 후후후후 고무줄 바지 입고 갑니다?😍
eating_happily_ | 2024-09-18 | 여기 징짜 눈돌아가쥬😍😍
chyo.eun | 2024-09-18 | 와 샤브샤브 쿨타임 찼어요ㅠㅠㅠ ❤️‍🔥
jack93kim | 2024-09-18 | 너무 좋은데요 ...!? 😍흐아
jjong_mattang | 2024-09-18 | 여기 ㄹㅇ 갈때마다 배터지게 먹고 오는 곳
sse_luv | 2024-09-18 | 구성최고에여ㅜ
ruri.food | 2024-09-18 | ❤️❤️
ruri.food | 2024-09-18 | 디저트까지 필수징❤️❤️
limeunzzo | 2024-09-18 | 디저트까지 최고에여!!❤️
berup_x | 2024-09-18 | ❤️"
2024-09-17,1156,편의점에 까먹는 점보 망고젤리가 있길래 먹어봤습니다. 📍GS25 💵 4000원 45주,"#까먹는점보망고젤리, #신상리뷰, #간식추천, #먹방asmr, #디저트맛집, #편의점신상, #편의점디저트, #젤리추천, #편의점간식, #까먹는젤리, #망고젤리, #망고, #젤리먹방","yu_hee____ | 2024-09-24 | @baesisi._ 우리지에스간다했는데 그것도까먹었다
j2ch.busan | 2024-09-18 | 츄벨님 겁나 귀엽..
meokdoong | 2024-09-18 | 망고젤리 이거 넘 궁금해융❤️
wanteat._.eat | 2024-09-17 | 가격만 빼면 먹을만할 거 같아요,,,,😂
hj_foodie | 2024-09-17 | ㅋㅋㅋㅋㅋ까먹는게 신기하넹..? 탱글해🔥
hihee.e | 2024-09-17 | 오홍ㅋㅋㅋㅋ껍질어떤맛일까 궁금했는데❤️
ggam_food | 2024-09-17 | 턍글턍글😍
bbbm_jg | 2024-09-17 | 탱글탱글❤️
jjgongju_ | 2024-09-17 | 안까고 먹을래용❤️❤️
bottlejune__96 | 2024-09-17 | 까먹는 망고젤리 신기한데요??😮 지에스로 가봐야겠어요!!🧡🧡
j_a_n723 | 2024-09-17 | 이거 궁금하더라구여 😍
qbee.eat | 2024-09-17 | 껍질안까고 머거야지>_<
rihazz___k | 2024-09-17 | 망고젤리 탱글탱글 궁금해요😍😍🔥🔥❤️
hye_foodie_ | 2024-09-17 | 이거 진짜 모양부터 망고그자체 너무기여워여ㅠㅠㅠㅠ
golden_sang_ | 2024-09-17 | 귀여워요ㅎㅎ
go_yang_eat | 2024-09-17 | 츄베릅~~
siso_father | 2024-09-17 | 먹어보고싶네요 😍
matddo_rong | 2024-09-17 | 망고 너무 좋은데 젤리라니! 꼭 먹어보겠습니다👏
jelly_fooodie | 2024-09-17 | 이거 궁금했는데 감사해용😍
ruri.food | 2024-09-17 | ❤️❤️
ruri.food | 2024-09-17 | 귀여밍❤️❤️
muk_joongsa | 2024-09-17 | 왁 망고 탱글한게 양 많아 보이는데영! 가성비도 즇은듯오❤️❤️
themukeou_2 | 2024-09-17 | 4천원인데 추천이면 무조건이다😍
js__1oo4 | 2024-09-17 | 말랑말랑 탱글탱글❤️❤️
mochl_ahahcnl | 2024-09-17 | 엄청 크내요 🤤
mukjung_ | 2024-09-17 | 구독알쥐~?❤️
matzip_hyena | 2024-09-17 | 껍데기@츄베릅 ❤️❤️❤️
__it.s.youn | 2024-09-17 | 우옹 !! 한번 먹어보고 싶어요 ~
ham2_ni__ | 2024-09-17 | 왕커요❤️❤️
yome_foodie | 2024-09-17 | 망고맛 진하고 맛있더라구요😍
jjong_mattang | 2024-09-17 | 이거 집에서 넷플 보면서 먹어줘야겟다🔥
gge.juck | 2024-09-17 | 제 뱃살보다 조금 덜 탱글하네요?
sleepdish_ | 2024-09-17 | 망고젤리 머거볼래용
jinwook1011 | 2024-09-17 | 망고젤리😍향긋하니맛있을거같아요ㅎ
muk.seori | 2024-09-17 | 오 안까고 먹어야겠는데욬ㅋㅋㅋㅋㅋ
1onefood_ | 2024-09-17 | 와 완전 탱글탱글한데용😍😍
leeoh_review_ | 2024-09-17 | 이거 봤었는데 리뷰 감사해요❤️
korea_foodzone | 2024-09-17 | 완전 탱글탱그리~~
kkul_yang | 2024-09-17 | 눈에 띄기만 해바라 아조그냥 😂 망고값
picky._.eat | 2024-09-17 | 망고러버는 무조건 집어와야겠어요❤️
jini_zzin | 2024-09-17 | 오우 안까고 먹어야 겠어요🧡
mukkarong | 2024-09-17 | 오우~~~요고 완전 탱글탱글하니 맛보고싶은데요?!!😮😮😮
mukdang0 | 2024-09-17 | 탱글탱글 츄베릅 ❤️❤️
muk._.chuuru | 2024-09-17 | 맛잇지요거❤️
yeoni_mukstar | 2024-09-17 | 우와 ㅜㅜ 엄청 크고 탱글탱글하네요!!
sowon_yam2 | 2024-09-17 | 탱그리동동🙌 사천원이득이용❤️
due.foodie | 2024-09-17 | 엄청 맛있어보이네요.🤩
berup_x | 2024-09-17 | ❤️"
2024-09-16,394,두바이초콜릿의 위험성.. 45주,"#두바이초콜릿, #두바이초콜렛, #먹방asmr, #신상리뷰, #간식추천, #디저트맛집, #편의점신상, #편의점디저트, #디저트","asetun___ | 2024-09-20 | 이거 리뷰는 언제 올라와요옹..?😂
matdori.world | 2024-09-17 | 입 벌리고 앉아잇을게요
busan_grida | 2024-09-17 | 많이 놀라셨는데요 ㅋㅋㅋㅋㅋ
bokjaaa___ | 2024-09-16 | 이잌ㅋㅋㅋ엔지샷❤️
hyunjae_mukstagram | 2024-09-16 | 푸슝😮
mukbears | 2024-09-16 | ㅋ ㅋ ㅋ ㅋ ㅋ 제 책상에 쏟아도 대니가 오리지널 머거보고시퍼오,,
wenster_24 | 2024-09-16 | 바이바이 초콜릿이 됐네요
ssu__kyoung | 2024-09-16 | 헉!! 먼가 후두둡날아온거같은데..제앞에는 없네요😂😂
100rang_food | 2024-09-16 | 영상각 나왔다 오히려좋아..
jjuchelin_ | 2024-09-16 | 사방 팔방 다 튀어버림 😍😍
ddub_e2 | 2024-09-16 | 삶직 집치울생각하니 킹
jjinang_pick | 2024-09-16 | ㅋㅌㅌㅌㅌㅌㅋㅋㅋ립벌려 두바이 들어간다❤️
kkutti_h | 2024-09-16 | ㅋㅋㅋ졸귘ㅋㅋ
foogle__ | 2024-09-16 | 와 그래도 렌즈에 안묻었네요ㅋㅋㅋ
hye_foodie_ | 2024-09-16 | 아앜ㅋㅋㅋㅋ 저 입 벌리고받아먹을뻔해써옄ㅋㅋㅋㅋㅋ
true_gyeongju | 2024-09-16 | ㅎㅎㅎㅎ 저도 조심해야겠어요
hyun_gun_ch | 2024-09-16 | 이젠 초콜릿이 파닥거리네
kidmstyle | 2024-09-16 | ㅋㅋㅋㅋㅋㅋ 영상 계속보게되는데요
yeoni_mukstar | 2024-09-16 | ㅋㅋㅋㅋㅋㅋ 저도 모르게 입 벌리고 있었어요…!!
mochl_ahahcnl | 2024-09-16 | ㅋㅋㅋㅋㅋㅋㅋㅋㅋㅋㅋㅋㅋ 폭탄이닷😂
korea_foodzone | 2024-09-16 | 으악놀래라 ㅋㅋㅋㅋㅋ
muksta_turbo | 2024-09-16 | ㅋㅋㅋㅋㅋ
dama.dessert | 2024-09-16 | 앜ㅋㅋㅋㅋㅋㅋㅋ 내 입으로 날아와줬으면😍
jjong_mattang | 2024-09-16 | ㅋㅋㅋㅋㅋㅋㅋㅋㅋ베들짝~🔥
go_yang_eat | 2024-09-16 | BAEM..
gge.juck | 2024-09-16 | 어제 이거 먹었는데 칼로 잘라도 딱딱해서 녹여먹었어욬ㅋㅋㅋㅋㅋ
muk._.chuuru | 2024-09-16 | 카메라조심!
gimeunseol514 | 2024-09-16 | 꺄 두바이 빵이네요 !!!! 🙌🙌🙌❤️
muckza_zzae | 2024-09-16 | 앜ㅋㅋㅋㅋㅋㅋㅋ진짜 눈앞에서 그런느눋ㄹㅋㅋ
jack93kim | 2024-09-16 | 옹 앜ㅋㅋㅋㅋㅋㅋㅋㅋ
themukeou | 2024-09-16 | 놀라는거 왜이리 귀여워..?😍😍
moo_boza | 2024-09-16 | 아놔.. 눈에 들어가는줄 알고 닦았잖아옄ㅋㅋㅋㅋㅋㅋㅋㅋ
mu_ch1cken | 2024-09-16 | ㅋㅋㅋㅋㅋㅋㅋㅋㅋㅋㅋㅋㅋㅋㅋㅋㅋㅋㅋㅋㅋㅋ
muk_joongsa | 2024-09-16 | 앜ㅋㅋㅋㅋㅋ 다 튀는게 매력이군..❤️
eating_happily_ | 2024-09-16 | ㅋㅌㅋㅋㅋㅋㅋㅋㅋㅋㅋ아 깜놀했어유😮
j_a_n723 | 2024-09-16 | 악ㅋㅋㅋㅋ 공감이에여😂😂
picky._.eat | 2024-09-16 | ㅋㅋㅋㅋㅋㅋㅋㅋ 입벌렸다 손(?)
eatfoodlog | 2024-09-16 | ㅋㅋㅋㅋㅋㅋㅋ두바이 초콜릿 먹을 땐 조심해야겠네요
ga_eun_kim__ | 2024-09-16 | ㅋㅋㅋㅋㅋㅋㅋ 커엽 ...
yome_foodie | 2024-09-16 | ㅋㅋ화면 뚫고😂😂
yumyum_report | 2024-09-16 | 제 입으로 들어오는줄 알았어요😂
sowon_yam2 | 2024-09-16 | ㅋㅋㅋㅋㅋㅋㅋ흥분했어용 츄베릅님!!
berup_x | 2024-09-16 | ❤️"
2024-09-15,247,CU에서 또 3트로 두바이초콜릿을 냈다길래 먹어봤습니다. 📍CU 💵 6000원 45주,"#카다이프앤피스타치오초콜릿, #신상리뷰, #간식추천, #먹방asmr, #디저트맛집, #편의점신상, #편의점디저트, #두바이초콜릿, #두바이초콜렛, #편의점간식, #편의점두바이초콜릿, #디저트추천, #씨유신상","kimjaekyungg | 2024-09-22 | @jongminnss 잉거 두바이맛은 안나는데 초콜릿이 맛잇어 비싼 맛난 초콜맇 크크ㅡㅋ
bokjaaa___ | 2024-09-16 | 오 그래도 궁금한데용??
ham2_ni__ | 2024-09-16 | 역시 찐 두바이...가 최고
dama.dessert | 2024-09-16 | 이제 간편하게 두바이초콜릿은 편의점에서 만나볼수있다니✨✨🤍
100rang_food | 2024-09-15 | 그럼뭐해!! 유행 다 지나갔는데!!!
zhzxsh | 2024-09-15 | 누나 얼짱 👍
muuk.dda | 2024-09-15 | 와 ㅋㅋㅋㅋㅋㅋㅋㅋ 요즘 계속 나날이 업그레이드 되는즁 ㅠㅋㅋㅋㅋ
js__1oo4 | 2024-09-15 | 계속 새로운게 생겨나네용🫶🏻🫶🏻
hihee.e | 2024-09-15 | 오홍ㅋㅋㅋ씨유 가봐야겠어요
biggn_o | 2024-09-15 | 크 발전한다니 훌륭하네오😍
leeoh_review_ | 2024-09-15 | 오 리뷰 너무 잘한당❤️❤️
korea_foodzone | 2024-09-15 | 오 점점 업그레이드!!
muk_joongsa | 2024-09-15 | 지금 구할수 있나여ㅠㅠㅠㅠ 넘 먹구싶은뎅..
1onefood_ | 2024-09-15 | 와 이거 먹어보고싶어용😍😍
yome_foodie | 2024-09-15 | 오 씨유돜ㅋㅋㅋㅋ이제 잘하네여❤️
hj_foodie | 2024-09-15 | ㅋㅋㅋㅋ날로발전하는 두바이 좋앙❤️
jinarye | 2024-09-15 | 두바이. . . 진짜 ㅋ ㅋ ㅋ
jini_zzin | 2024-09-15 | 씨유 이번에도 짭바이 오명 만회 어려운건가요!?🤣
jjupteacher_k | 2024-09-15 | 흐 맛있는거 저도 주세요!!❤️
mukrosee | 2024-09-15 | 오 점점 발전하는군요 ㅋㅋㅋㅋ
ggam_food | 2024-09-15 | 추석엔 두바이초콜렛이죠
mukjung_ | 2024-09-15 | 그녀는 두바이초콜렛 감별사
ruri.food | 2024-09-15 | 찐두바이는 못따라와😂😂
muk._.chuuru | 2024-09-15 | 이게진짜맛잇다던데!!!
matjanggeum_mukstagram | 2024-09-15 | 츄베릅🎁💕📜
muckza_zzae | 2024-09-15 | ㅋㅋㅋㅋ점점 급이 올라가는 두바이!
eating_happily_ | 2024-09-15 | 욕 먹은만큼 다시 채워주나봐욬ㅋㅋㅋㅋㅋㅋㅋ
moo_boza | 2024-09-15 | 저 이제 몬따라가요.. ㅋㅋㅋㅋㅋㅋㅋ 진짜 계속 나오네.. 🔥🔥
berup_x | 2024-09-15 | ❤️"
2024-09-14,399,"바게트 러버저격 연남동 신상카페? <메종두스> 연남동에 새로 생긴 빵앗간🫶🏻 주로 바게트, 깜빠뉴 같은 단단한 계열의 빵을 판매🫶🏻 유럽갬성 낭낭해서 앉아서 힐링하기 좋음🫶🏻 여기 초코앙버터바게트 한입 먹고 눈 개안;;🫶🏻 초코바게트로 만든 앙버터인데 이름대로 맛있음🫶🏻 제발 꼭 먹어보세요🥹 깜빠뉴는 식사빵부터 간식빵까지 다양한데 속이 가득해서 한끼 식사로도 딱🫶🏻 초록색 아이스티는 처음보는데 달달한 청포도에 상쾌한 솔향이 향긋해서 최고🫶🏻 포장해서 에프굽 살짝하면 더 맛있던데🫶🏻 📍#메종두스 📍 서울 마포구 연희로 19 1층 ⏰ 화-일 11:00-20:00 ‼️월요일 휴무 💵 초코앙버터바게트 5800원 💵 포레스트아이스티 6500원 45주","#연남동맛집, #연남동카페, #연남동카페추천, #연남동데이트추천, #연남동디저트카페, #빵지순례, #간식추천, #신상리뷰, #먹방asmr, #디저트맛집, #연트럴파크맛집, #홍대맛집, #바게트, #깜빠뉴, #소금빵맛집, #홍대맛집추천","bokjaaa___ | 2024-09-16 | 두툼하니 과하게 안 달아서 취저일 듯요❤️
hj_foodie | 2024-09-16 | ㅠㅠ대박 요거 빵 진짜 맛있을거같아,,😍
nan._.02 | 2024-09-16 | 와와제스탈인데..맛있지요?가보고싶은곳이네요😍
js__1oo4 | 2024-09-16 | 초록색 아이스티 색감부터 이뿌네용💚💚💚
hihee.e | 2024-09-15 | 바게트 종류별로 푸파할래요❤️
bbbm_jg | 2024-09-15 | 우유랑 먹고 싶어영
themukeou | 2024-09-15 | 우왕 초록생 아이스티는 뭔맛이야? 민트?!!!
min.ddo_o | 2024-09-15 | 허어얼 초코ㅠㅠㅠ완전제스탈이에용,,
meokdoong | 2024-09-15 | 와 초코왕바게트첨바여!!
rara_muk | 2024-09-15 | 빵수니 이거 완전 먹고파요❤️
myeong_jonmatt | 2024-09-15 | 맛있겠네요
foodgallery_club | 2024-09-15 | 넘 맛나겠어용😬
matzalal_jerry | 2024-09-14 | 너무 맛이 궁금해요😍😍
100rang_food | 2024-09-14 | 초코앙버터는 진짜 못참아요..😮
gwangju_oneallzero | 2024-09-14 | 와우 미쳐짜나 진쫘❤️❤️❤️
sltnqdla | 2024-09-14 | 우앙 이거 도전해보고싶은데요?!❤️
eating_happily_ | 2024-09-14 | 우앙 초록아이스티 첨 봐유😮😮
mukrosee | 2024-09-14 | 와 앙버터 도랏어요...
taetae_foodie | 2024-09-14 | 초록색 아이스티 싱기방긴데요..😮❤️
wu_hyun | 2024-09-14 | 빵앗간 ㅋㅋㅋ 이야 이거 새로운 용어 완전 저에겐 프레시하네영 늙은이 ㅜㅜ😂
matzip_hyena | 2024-09-14 | 초록색 아이스티 마운틴듀…?! 도랏멘 킁킁츄베릅
kimcoffee_c | 2024-09-14 | 초코앙버터바게뜨 진짜 맛도리일거같아요🤎🤎
leeoh_review_ | 2024-09-14 | 식사대용으로 딱이다❤️
mingki0620 | 2024-09-14 | 바게트라니 완전 맛있어보여요😍
lovwthfl | 2024-09-14 | 택배안되겟죠?ㅠㅠㅠㅠ
food_zohaa | 2024-09-14 | 빵 먹을래요🔥🔥
golden_sang_ | 2024-09-14 | 크 맛나겠다!!
korea_foodzone | 2024-09-14 | 와 다먹을랴용
yome_foodie | 2024-09-14 | 헐 초코앙버터바게트!? 이름부터 도른❤️
yeoni_mukstar | 2024-09-14 | 우왕 이거 넘 궁금하네요🔥 세상 달달할 것 같아요!!
jack__foodie | 2024-09-14 | 초록아이스티먼맛이누
moo_boza | 2024-09-14 | 헐,, 솔직히 안먹어봐싸여.. 초코바게트에 앙버터 조합 못참아여 ㅠㅠ 🔥🔥
jjong_mattang | 2024-09-14 | 제꺼는 어디써요 베릅님??🔥
cha.chav | 2024-09-14 | 오우 우유랑 싸악 먹어주고 싶구만요잉 ❤️❤️
chaenni_ni | 2024-09-14 | 빵순이 눈돌아가요.. 출동준비❤️
choi._.yummy | 2024-09-14 | 초 코앙버터 ㅠ너무 궁금
j_a_n723 | 2024-09-14 | 초코초코 먹어보고싶어요 😍😍
limeunzzo | 2024-09-14 | 초록색 아이스티두 꼭 먹어야겠어요😮❤️
ddub_e2 | 2024-09-14 | 초코왕바게트 츄베릅😮
qbee.eat | 2024-09-14 | 여기 궁금했느데 다녀오셔꾸나 !!!! 식사빵에 간식빵 다좋구❤️
ddonge_e_ | 2024-09-14 | 저도 여기 가보고싶었는데 대박🔥
ruri.food | 2024-09-14 | ❤️❤️
ruri.food | 2024-09-14 | 공주옷 입었네❤️❤️
muckza_zzae | 2024-09-14 | 우앙 초록색아이스티 무슨맛일깜😮
muk_quest | 2024-09-14 | 도랏 ㅠ 츄베릅 ㅠㅠ❤️
muk._.chuuru | 2024-09-14 | 초록색아이스티..?😍
berup_x | 2024-09-14 | ❤️"
2024-09-13,686,배스킨라빈스에 오늘 나온 두바이초콜릿버젼 아이스크림 먹어봤다. 💵 45주,"#두바이초코통통, #배스킨라빈스, #배라신상, #배라, #배라이달의맛, #변우석, #두바이초콜릿, #두바이초콜렛, #두바이초코아이스크림, #아이스크림맛집, #디저트맛집, #신상리뷰, #간식추천, #먹방asmr","seula_7642 | 2024-10-04 | 혹시 가격이..
bokjaaa___ | 2024-09-16 | 조합 맛있다니 먹어볼게요❤️
seongaaqq | 2024-09-15 | @_gonna__
bijounan | 2024-09-15 | @c.iiixv 입에서 침나옴 나 대신 먹어주라 제발
kimho__ | 2024-09-15 | @habohyun_
kimht_00 | 2024-09-14 | 오 이거 맛있ㄷ겎다
wanteat._.eat | 2024-09-14 | 어후 ㅠㅠㅠㅠㅠ 이제 두바이까지ㅠㅠ 배라 최고에요🔥
themukeou_2 | 2024-09-14 | 조합이 좋다면 합격🙌🙌
matzip_hyena | 2024-09-14 | 두초단 ❤️❤️😂😂
ggam_food | 2024-09-14 | 배라각이네여❤️
j2ch.busan | 2024-09-13 | 완전 제 최애메뉴될수도ㅠㅠ 저 아몬드봉봉이랑 섞어먹을래요😍😍
siso_father | 2024-09-13 | 배라 가야겠어요 😍
muk._.chuuru | 2024-09-13 | 두바이초코다❤️
eating_happily_ | 2024-09-13 | 이거 조합 좋죠!!!! 우석이랑두 잘 어울리는^~^
jjong_mattang | 2024-09-13 | 이번 추석때 베라 흡입 갑니다~~🔥
e.den_0.0 | 2024-09-13 | 배라에서도 두바이라니😮 먹어볼래욤❤️
miffyhello2 | 2024-09-13 | 맛나보이는데 조합이 좋다니...😍
ndzip_ | 2024-09-13 | 헉 베라에서 두바이라닛..완전 먹어볼래요
j_a_n723 | 2024-09-13 | 배라 당장 달려가야할 😍😍
ruri.food | 2024-09-13 | ❤️❤️
ruri.food | 2024-09-13 | 두바이내나❤️
foodminister_ | 2024-09-13 | 오 베라 열일하네요???
1onefood_ | 2024-09-13 | 와 베라 두바이 이건 찐으로 먹어보고싶은데용
mukstar_md | 2024-09-13 | 오아 맛나겠는데요😍❤️❤️
ming_foodie_ | 2024-09-13 | 내일 먹어볼래요🙌
js__1oo4 | 2024-09-13 | 집가는길에 베라가야쥐🩷
mapuppy._.cute | 2024-09-13 | @benny_jjh 어이미 나왔나바???
muk_daddy | 2024-09-13 | 당장 베라갑니다🔥
mukrosee | 2024-09-13 | 오 요고는 궁금하네요~~
leeoh_review_ | 2024-09-13 | 조합이 좋다구?❤️
mukddo_muk | 2024-09-13 | 저도 먹어보려구요❤️
jjupteacher_k | 2024-09-13 | 배고파지는 비줠이에요❤️
fooodpolice | 2024-09-13 | 오옹 비줠대박대박🔥
jack__foodie | 2024-09-13 | 카다이프보다 초코볼이더조와
mat_kkimu | 2024-09-13 | 두바이 점령각이네요 마라에 이어서 ㅋㅋㅋ
choi._.yummy | 2024-09-13 | 저도 베라갈래요❤️❤️
dog.matdori | 2024-09-13 | 취저닷..😮
mukjung_ | 2024-09-13 | 나도사됴
jini_zzin | 2024-09-13 | 동네 배라 출동할래요❤️
muk_joongsa | 2024-09-13 | 두바이 버전이라니 당장 먹구싶어여ㅜㅜ❤️
sowon_yam2 | 2024-09-13 | 식감이쏴라있네용❤️
gge.juck | 2024-09-13 | 오 집앞베라에서 이거 꼭 사가야겠다 ㅎㅎㅎ
ga_eun_kim__ | 2024-09-13 | 저랑도 머거요!!!!! 마싯눙고!!!!
muckza_zzae | 2024-09-13 | 초코볼이 식감 살여주다나❤️❤️
limeunzzo | 2024-09-13 | 우와 제 취향이에요 😍
yome_foodie | 2024-09-13 | 요거 진짜 맛있더라구요😍
berup_x | 2024-09-13 | ❤️"
2024-09-12,5266,사람을 먹을 수 있는 곳? <포어플랜> 성수동에 위치한 건축컨셉의 카페 분위기도 아늑하고 갬성있어 작업하기에도 딱🫶🏻 건축컨셉 답게 건축 모형 디저트를 파는데🫶🏻 고급 올리브유를 뿌려 쿠앤크 아이스크림을 부셔 먹는건데🫶🏻 풍미가 좋고 조합도 최고🫶🏻 맛도 있고 부셔먹는 재미도 있어 추천🫶🏻 📍#포어플랜 📍 서울 성동구 왕십리로14길 30-11 1층 ⏰ 매일 10:00-21:30 (L.O 21:20) 💵The section model 13800원 46주,"#성수동카페, #성수동맛집, #성수동핫플, #성수동카페거리, #성수동디저트, #디저트맛집, #디저트카페, #간식추천, #먹방asmr, #성수카페, #성수카페추천","theonlyone_hye1 | 2024-10-12 | @jumpyeop
ldk._.0618 | 2024-10-11 | 저걸 누구코에..
m_y_tmi_ | 2024-10-06 | @hw_0125 갔던 곳인데 우어아아웅 다시 가보아
a.ri_x_xx | 2024-09-21 | ..?
juhi9275 | 2024-09-21 | @mjl8803
punchdrunkdrive | 2024-09-18 | @h322hw 우리 갓던데다
musictraveler_person | 2024-09-18 | @guerrilla_groove @katiehkim21
hhh___0515 | 2024-09-18 | @jeonghwa_0224
sin.ichiro | 2024-09-16 | 우와 완전 신박하네요!? 재밋겟다
jinwon.kimm | 2024-09-15 | 아이스크림 어제 먹어봤는데 맛없어요
foodgallery_club | 2024-09-15 | 🥰완전 대박!
taetae_foodie | 2024-09-14 | 헐 이번년도 최강신기..❤️
fooodpolice | 2024-09-13 | 오우 대박 신기루 방기루하네요 🔥
rara_muk | 2024-09-13 | 오 완전 궁금해요😍
porschelin_man | 2024-09-13 | 와신기신기!
kkutti_h | 2024-09-13 | 으왘ㅋㅋㅋㅋㅋㅋ 요상한데 궁금😮❤️
picky._.eat | 2024-09-13 | 와,,,,,,,,,조금 잔인하신듯?ㅋㅋㅋㅋㅋㅋ
leeoh_review_ | 2024-09-12 | 성수가면 가봐야지❤️
wanteat._.eat | 2024-09-12 | 아니 성수동에 이런데가 있었다니,,,,ㅠㅠㅠㅠㅠ 무조건 가볼래요😍❤️
bokjaaa___ | 2024-09-12 | 성수 가면 가볼게요❤️
mukdang0 | 2024-09-12 | 넘 싱기❤️❤️
e.den_0.0 | 2024-09-12 | 우와... 넘 신기한데욤😮😮😮
cha.chav | 2024-09-12 | 식인이다!!!! ㄴㅋㅋㅋ
jinarye | 2024-09-12 | 유니크하네요 ㅎ
muk.seori | 2024-09-12 | 성수가면 가보자규~ 아낰ㅋㅋㅋ진격의 거인이 나타났다!!! 더빙 너무 귀여움요..
zero_curator | 2024-09-12 | 컨셉 넘 특이하네여😮
hj_foodie | 2024-09-12 | ㅋㅋㅋㅋㅋㅋ엥 진짜 신박해❤️
siso_father | 2024-09-12 | 와 대박이네요 😮
space_look__ | 2024-09-12 | 와 독특한데요😍
__it.s.youn | 2024-09-12 | 우오 !!! 이게 무에요 ?! 신기해요 !!
bottlejune__96 | 2024-09-12 | 건축컨셉의 카페라니 너무 신기방기한데요!! ㅎㅎㅎ😍😍
muksta_turbo | 2024-09-12 | 진격거 코스프레 하고 가면 신고당하겠죠?
muk._.chuuru | 2024-09-12 | 으악!! 근뎈ㅋㅋ 잔인한데 귀여워(?)
biggn_o | 2024-09-12 | ㅋㅋㅋㅋㅋㅋㅋㅋㅋ신기방깈ㅋㅋㅋ😍
hagunri | 2024-09-12 | 이 집 특이하네👍🏻👍🏻
ham2_ni__ | 2024-09-12 | 사람을 먹...
matzip_spoiler_ | 2024-09-12 | 독특하네요🙌
themukeou_2 | 2024-09-12 | 헐 포아폴랜 궁금했는데ㅡ대박ㅋㅋㅋㅋ
js__1oo4 | 2024-09-12 | 컨셉 완전 독특 🤍
궁금해오🩷
foo__zim | 2024-09-12 | 왘ㅋㅋㅋㅋ신기하다 여기
qbee.eat | 2024-09-12 | @kodank_28 맛탕아 ;;;;; 진격의 거인가능하다 우리가야해
wu_hyun | 2024-09-12 | 와 진짜 특이하네영 너무 궁금해영😮
savvy_diary | 2024-09-12 | 우와 아이스크림이라구요? 대박
jjupteacher_k | 2024-09-12 | 넘 맛나겠어용😬
mukjung_ | 2024-09-12 | 뿌시는걱밬ㅋㅋ
mukrosee | 2024-09-12 | 우아 진짜 예술작품 아닌가요😮
muckza_zzae | 2024-09-12 | 헉 깜짝 놀랏엌ㅋㅋㅋㅋㅋㅋㅋㅋㅋ
hello_s_food | 2024-09-12 | 으악🔥
mukzzang_bread_ | 2024-09-12 | 에엥 젤리인거에용 ..? 😮
j_a_n723 | 2024-09-12 | 진격의거인ㅋㅋㅋㅋ
sowon_yam2 | 2024-09-12 | 가보러가쟈으구우!!!!
gwangju_oneallzero | 2024-09-12 | 가보자굑❤️❤️❤️
suhoyum | 2024-09-12 | 오잉 궁금하네여❤️
jack__foodie | 2024-09-12 | 아십ㅋㅋㅋㅋㅋㅋㅋㅋㅋㅋㅋㅋㅋㅋㅋㅋㅋ귀엽네
ruri.food | 2024-09-12 | ❤️❤️
ruri.food | 2024-09-12 | 헐 진짜 신기햌ㅋㅋ
100rang_food | 2024-09-12 | 왁 아니 요기 진짜신박하네😮
mukbo_jjang | 2024-09-12 | 독특함 그 잡채😮🔥🔥
eating_happily_ | 2024-09-12 | 대박 ㅎㅋㅋㅋㅋ 완전 신박하자나요?!?😮
bonny_vely_ | 2024-09-12 | 너무신기한데오👏👏
yoon.min.ga.0513 | 2024-09-12 | 악!!!!!넘 신기한데요???😍
ssonwin_ | 2024-09-12 | ㅋㅋㅋ악ㅋㅋ 독특하네유
yome_foodie | 2024-09-12 | 헉 넘 신기해요!!!
gge.juck | 2024-09-12 | 앜ㅋㅋ 진짜 독특한데요 츄베릅😍
jjinang_pick | 2024-09-12 | ㅋㅋㅋㅋㅋㅋㅋㅋㅋㅋㅋㅋㅋㅋㅋㅋㅋㅋㅋ 저더 머글래여
muk_joongsa | 2024-09-12 | 앜ㅋㅋㅋㅋㅋㅋㅋ올리브유에 쿠앤크 조합❤️ 진격의 거인!!
berup_x | 2024-09-12 | ❤️"
2024-09-10,1590,"소금빵맛집인 줄 알았는데 이게 찐이네;; <오로라베이커리> 성수동 갈때마다 들리는 소금빵 맛집🫶🏻 기본 소금빵부터 잘해서 크림소금빵, 명란소금빵 등 다 맛있음🫶🏻 근데 여기 명란바게트 레전드;; 보이는 것처럼 도랏음🫶🏻 무화과깜빠뉴도 달달담백한 게 최고다🫶🏻 여기 빵들 속도 알차고 너무 맛있자나🫶🏻 넓은 좌석이 이미 만석인 거 보면 딱 알겠죠🫶🏻 빵털이 가쟈❤️ 📍#오로라베이커리 📍 서울 성동구 아차산로 126 1층 101호~103호 ⏰ 평일 08:00-23:00, 주말 09:30-23:00 ⏰ L.O 22:30 수정됨 · 46주","#성수동맛집, #성수동카페, #성수동카페추천, #성수카페, #성수카페추천, #성수맛집, #성수맛집추천, #성수데이트코스, #소금빵맛집, #명란바게트, #성수동디저트, #빵지순례, #간식추천, #먹방asmr, #디저트맛집","su.952 | 2025-01-24 | @gmlckdmin 빵😬
m__yums | 2024-09-23 | @da_hhhhyeon 가자..성수래
kimjebee12 | 2024-09-20 | @ji_sung_98
dlwndlee | 2024-09-13 | 크림소금빵 제일 먹고싶당
foogle__ | 2024-09-12 | 와 진짜 명란바게트 단면 미쳤네요;
juner_315 | 2024-09-12 | 커피랑 같이 먹기 딱 좋을 거 같아요🥰
wanteat._.eat | 2024-09-11 | 아니 명란 왜케 꽉찼아요 ㅠㅠㅠㅠㅠㅠ 대박이에요
muk._kw | 2024-09-11 | 빵순이 눈 돌아가요❤️❤️
dog.matdori | 2024-09-11 | 소금빵은 언제나 #킹정 ❤️
laurent_busan | 2024-09-11 | 빵순이 눈돌아가요 😍😍
biggn_o | 2024-09-11 | 헐랭 미쳤닼ㅋㅋ궁금😍
1onefood_ | 2024-09-11 | 당장 저장😍😍😍 명란바게트 미쳤죵😍
rara_muk | 2024-09-11 | 소금빵 너무 맛있겠어요❤️
foo__zim | 2024-09-11 | 어우,,요기 한번 가야게따!! 진짜 빵 엄청 많네용
mukdori00 | 2024-09-11 | 빵순이 침 줄줄 고이네요 ..❤️
mukkarong1 | 2024-09-11 | 소금빵킬러 바로 출동할래요!!🔥🔥
lovely_hyeoni66 | 2024-09-11 | 빵러버 😍😍 무조건 갈래요 ❤️
bottlejune__96 | 2024-09-10 | 성수동 가고싶어지는 영상입니다 ㅠㅠㅠ❤️❤️ 저는 크림소금빵 무조껀 먹어볼래요!!!🙌
100rang_food | 2024-09-10 | 오케이 명란바게트 입력!😮
gge.juck | 2024-09-10 | 성수 빵앗간이군요 여기😮
jjong_mattang | 2024-09-10 | 기출변형 잘하는거 ㅇㅈ이요🔥
oraefood1 | 2024-09-10 | 명란바게트 너무 먹어보고싶네요~~~반갑습니다.우리 먹8 해요~😍
hihee.e | 2024-09-10 | 어맛 소금빵 천지네요❤️
ggam_food | 2024-09-10 | 예술이라봐야져❤️
yome_foodie | 2024-09-10 | 와 소금빵 진짜 조아요❤️
siso_father | 2024-09-10 | 빵돌이로서 너무 가보고 싶은 곳이네요 😍
ming_f00d | 2024-09-10 | 소금빵 맛집 넘쳐나는 성수!!🔥👏
hj_foodie | 2024-09-10 | ㅠㅠㅠ저 강아지모양 소금빵 귀엽다❤️
bonge_o0o_food | 2024-09-10 | 조만간 성수 가야겠네👏
golden_sang_ | 2024-09-10 | 명란바게트 맛있겠따!!
muuk.dda | 2024-09-10 | 와 명란 알찬거바..
bbbm_jg | 2024-09-10 | 소금빵 넘 조아요❤️❤️
matzip_hyena | 2024-09-10 | 성수가보면 추베릅 🔥
muk_daddy | 2024-09-10 | 저도 먹어보고 시퍼요❤️
muk_captain_ | 2024-09-10 | 😍😮😍 바겟..! 겟뚜
soonsalmaker | 2024-09-10 | 빵순이는 좋아요 꾹 🔥
yamm__h | 2024-09-10 | 빵순이 저장합니다아❤️
za_manco | 2024-09-10 | 👏🔥빵순이 당장저장이다
eating_happily_ | 2024-09-10 | 저렇게 넓은데 만석될 정도면 완존 맛있나본데요><❤️❤️
jameslee0911 | 2024-09-10 | 오호 저도 먹어볼래요❤️
sh.cookkook | 2024-09-10 | 오 여기 좌석도 많네여😍 속 다 알차다 지쨔ㅜㅜ
matzip_spoiler_ | 2024-09-10 | 빵돌이는요?!🙌
muk_joongsa | 2024-09-10 | 명란 바게투 진심으로 맛있어보여요,,❤️❤️
bonny_vely_ | 2024-09-10 | 명란바게트 무조건이에옹
myeong_jonmatt | 2024-09-10 | 달려가야겠다❤️
jjinang_pick | 2024-09-10 | 빵순이 저장 완료요❤️❤️
js__1oo4 | 2024-09-10 | 빵러버 못참죠🤤🤤
gwangju_oneallzero | 2024-09-10 | 하 진짜 야무지다그요❤️❤️
js__1oo4 | 2024-09-10 | 소금빵 안에 대박이다,,💛💛💛
jjupteacher_k | 2024-09-10 | 흐으 완전 마시께따!!❤️
gyul_yummy | 2024-09-10 | 오 여기 가볼래요💖
mukrosee | 2024-09-10 | 오우 ㅜㅜ 소금빵 10개 살래요!@
muk_quest | 2024-09-10 | 오로라 넘쥬아여❤️❤️
eat_fp | 2024-09-10 | 꼭 가보는거 추천😍😍
ruri.food | 2024-09-10 | 꼭 가보는거 추처언😍😍
hh.__.jin | 2024-09-10 | 명란바게트 먹그파
jack__foodie | 2024-09-10 | 기출변형ㅋㅋㅋㅋㅋㅋ
anjjanjjan | 2024-09-10 | 소금빵 결이,,♥️♥️
jini_zzin | 2024-09-10 | 내일 성수가는데 한번 가봐야겠네요👏
muckza_zzae | 2024-09-10 | 묭란바게트 국그매❤️❤️
themukeou | 2024-09-10 | 와 레전드 명란바게트 진심 궁금하다🙌
mukjung_ | 2024-09-10 | 네 가볼게엽❤️
choi._.yummy | 2024-09-10 | 소금빵 파티각이네❤️
berup_x | 2024-09-10 | ❤️
aug_piiggg | 2024-09-10 | 명란바게트 꼭 먹어볼래요❤️❤️"
2024-09-10,4007,두바이초콜릿 유행시킨 젼언니가 만든 라바샥 먹어봤다! 이전에 편의점꺼 먹고 실망했는데 이거는 ?! 팝업 일정은 젼언니 인스타 참고❤️ 46주,"#더현대서울, #더현대서울맛집, #더현대팝업, #여의도맛집, #여의도맛집추천, #여의도디저트, #디저트맛집, #라바샥, #라바삭, #젼언니, #신상리뷰, #간식추천, #두바이초콜릿, #두바이초콜렛, #디저트, #먹방asmr, #라바삭먹방, #젤리추천","ldo_yy | 2024-09-15 | @__1__sol
k9y3j0 | 2024-09-13 | @ocean_from_blue 나 이거 먹구시포
bb920104 | 2024-09-13 | 사러가야겟다..
ssssssssor_yam | 2024-09-12 | 라바샥이 다시 돌아오네요 ㅎㅎㅎㅎㅎㅎ
mukfangae | 2024-09-11 | 와 겁나궁금하네 ㄷㄷ..
sse_luv | 2024-09-11 | 신기해용🥹🥹
rara_muk | 2024-09-11 | 이거 완전 먹어보고 싶네요😍
eeekha1 | 2024-09-11 | 요렇게 한번 먹어봐야겠어요 👍
chestnuts_ss | 2024-09-11 | @seony2day
_sunha_1 | 2024-09-10 | @ziral_.sofa 이건또먼데
golden_sang_ | 2024-09-10 | 크 츄베릅
colorfulsundays | 2024-09-10 | 어머 완전 궁금해요❤️❤️❤️❤️
yome_foodie | 2024-09-10 | 헐 이거 궁금해요!!!
matpamine_ | 2024-09-10 | 오…. 이건 궁금한걸요👏
biggn_o | 2024-09-10 | 헐 궁금허닼ㅋㅋ🔥
aug_piiggg | 2024-09-10 | 이거 진짜 궁금해요ㅠㅠㅠㅠㅠㅠㅠ
eat_fp | 2024-09-10 | 망고맛 맛나겠어용😍😍
jini_zzin | 2024-09-10 | 젼언니 픽이라 믿고 있었어요!ㅋㅋ
muk_marorong | 2024-09-10 | 라바샥❤️❤️완전궁금하당😍
misik_oppa | 2024-09-10 | 오웃 증말루 사랑이네요 🔥
wu_hyun | 2024-09-10 | 멀까요 완전 첨보는거라 신기한 ㅋㅋ
jovny.busan | 2024-09-10 | 신기하게 생겻어유우
l.8.x.k | 2024-09-10 | 안되겠다 이건 팔로우각이야.
foo__zim | 2024-09-10 | 오오 신기한거 나왔네용~
manchaelin | 2024-09-10 | 무뎌보까!!! 저 젼언니 너무 좋아하는데 ㅠㅠ 아 이거 너무 궁금해요오,, -`♡´- 영상 보자마자 침샘 터져벌임,,
sang_hwa00 | 2024-09-10 | 와 어떤맛일지 상상이안가요!!
muk._.chuuru | 2024-09-10 | 그치ㅜㅜ 나방금먹엇엉 또살까..
taste_goyang | 2024-09-10 | 오호 너무 궁금해요!!!😮😮
j_a_n723 | 2024-09-10 | 라바샥 안먹어봣는데 궁금하네요 😍
muckza_zzae | 2024-09-10 | 우앙 굴금하각❤️❤️
81ackp0ny | 2024-09-10 | 라바샥,,,,, 먹어보고싶다아,,,,🤤 다음에는 스웨덴 캔디!!!!
bottlejune__96 | 2024-09-10 | 오옹 궁금해지는데요?? ㅎㅎㅎ😮😮
wanteat._.eat | 2024-09-10 | 헛 언능 더현대로 가봐야겠어요😍❤️
n_treasure_love | 2024-09-10 | 오 요거 처음보네욧😍
jinarye | 2024-09-10 | 이거 신기하네요 ㅎ
hdul_daily | 2024-09-10 | 라바샥 유행 옵니까?
100rang_food | 2024-09-10 | 찐 라바샥미쳐따😍
sltnqdla | 2024-09-10 | 우앙 이거 도전해보고싶은데요?!❤️
limeunzzo | 2024-09-10 | 오와 첨봐여 궁금해여 😮😮
mukrosee | 2024-09-10 | 오 요 라바삭은 궁금해용!😯
js__1oo4 | 2024-09-10 | 석류소스랑 조합 궁금해오🩷
1onefood_ | 2024-09-10 | 와 너무 궁금한데용😍😍
savvy_diary | 2024-09-10 | 와❤️❤️❤️ 궁금하다요😍
treeview__ | 2024-09-10 | 망고맛조아하는디
muk.seori | 2024-09-10 | 패션후루츠에 찍어먹는거 왕신기,,
mukjung_ | 2024-09-10 | 무뎌볼래...!!
bonge_o0o_food | 2024-09-10 | 달려간다잉👏
ham2_ni__ | 2024-09-10 | 헐 궁금해욬ㅋㅋㅋ
d_t_muksta | 2024-09-10 | 편의점꺼랑 차원이 다르쥬~~!! 소금 살짝쳐서 먹을래옇ㅎㅎ
eating_happily_ | 2024-09-10 | 무뎌보자~~~~!!!!😍
miri_muk | 2024-09-10 | 어머머 젼언니라면 믿먹!!
leeoh_review_ | 2024-09-10 | 우와 이거 진짜 궁금해❤️❤️
yeoni_mukstar | 2024-09-10 | 우왕 저도 넘 궁금해요!!
bokjaaa___ | 2024-09-10 | 와 소금쳐서 먹는 거 넘 궁금해요…
ruri.food | 2024-09-10 | 신기해😮
maasi_.chaa | 2024-09-10 | 헉 ㅋㅋㅋ 처음보는데 궁금해요😮
jjong_mattang | 2024-09-10 | ㅋㅋㅋㅋ엥 모지 젤리인가요!??
ruri.food | 2024-09-10 | 저게모야모야
suhoyum | 2024-09-10 | 우앙 궁금해요❤️
sowon_yam2 | 2024-09-10 | 전언니 무조건 달려가❤️
hh.__.jin | 2024-09-10 | 궁금하다 이거 ㅋㅋㅋ
berup_x | 2024-09-10 | ❤️"
2024-09-09,1584,홈런볼 좋아해? 그럼 필수야. 46주,"#아라고스티나, #아라고스티나코코아헤이즐넛크림, #신상리뷰, #간식추천, #먹방asmr, #디저트맛집, #편의점신상, #편의점디저트, #홈런볼, #편의점간식","_unorange__ | 2024-09-28 | 느끼하고 달기만 😣😣😣
hyewona03.04 | 2024-09-13 | ❤️
shining_299 | 2024-09-11 | @bb._.bo 이제 맘껏 먹을수이쨔나 이런당폭탄
ddo__yam | 2024-09-10 | 크으 누텔라 가득 사랑이네용😍
yome_foodie | 2024-09-10 | 헐 이거 빠삭함 무승일이에여❤️
korea_foodzone | 2024-09-10 | 왕 편의점스케일 모지!!
bonge_o0o_food | 2024-09-09 | 홈런볼보다 맛날 것 같오😍
con_coffeeornot | 2024-09-09 | 키야아아 소리 대애박🔥
jinwook1011 | 2024-09-09 | 바삭소리좋네요😍달콤하니맛나겠어요ㅎ
mukkarong | 2024-09-09 | 요고 완전 땡겨요!!🙌🙌
eunsil5317 | 2024-09-09 | 달달구리 넘 맛나겟서요❤️❤️
jack__foodie | 2024-09-09 | 소리실화니?? 콧구멍 커져도 나보단작네
eh_0227 | 2024-09-09 | 렌즈정보알수있을까룜!
hh.__.jin | 2024-09-09 | 눈이 커졌다!!
leeoh_review_ | 2024-09-09 | 우와 홈런볼 좋아하는데 이것도 먹어봐야지❤️
rara_muk | 2024-09-09 | 대박 바삭하네요❤️
ham2_ni__ | 2024-09-09 | 와 소리..❤️
daejeon_ddomatddo | 2024-09-09 | 페스츄리 미쳤다 ㅠㅠ❤️당장 출발이요🔥
muk._.chuuru | 2024-09-09 | 빠삭빠삭 소리가미챳..
gyul_yummy | 2024-09-09 | 달달한거 먹으면 진짜 행복해지잖아요🥺🩷
__it.s.youn | 2024-09-09 | 앗 !! 방금 GS갔다왔는데 다시 가야겠어여 !
jinarye | 2024-09-09 | 이것도 먹어보고싶다❤️
js__1oo4 | 2024-09-09 | 초코잼 듬뿍 들어 있어서 좋은데요🩷🩷🩷
daily_tak1003 | 2024-09-09 | 저 홈런볼 좋아하는데 사먹어봐야게써요😁
gwangju_oneallzero | 2024-09-09 | 식감 미쵸따아❤️❤️
muksta__chunsik | 2024-09-09 | 바사삭❤️
wanteat._.eat | 2024-09-09 | 제 인생간식 드뎌 찾은 거 같습니다ㅋㅋㅋㅋㅋ😍❤️ 먹어볼래요
hyob_muk | 2024-09-09 | 뉴텔라초코잼 가득 미쳐따...취저에요
bottlejune__96 | 2024-09-09 | 안에 초코필링 가득한거 제스탈이네요 ㅠㅠㅠ❤️❤️
ggam_food | 2024-09-09 | 소리가미쳣다❤️
wu_hyun | 2024-09-09 | 단면이 진짜 커다란 홈런볼 느낌 나네영 ㅎ
ruri.food | 2024-09-09 | 😍😍
ruri.food | 2024-09-09 | 서리 진짜 미쳤다...❤️❤️
mukrosee | 2024-09-09 | 요고 엄청 맛있다던대요!!
eating_happily_ | 2024-09-09 | 이고 진ㅁ자 맛있다던데!!!! 바삭함 미쵸따❤️
hihee.e | 2024-09-09 | 오홍ㅋㅋㅋ크림도많고 맛나겠러료
hello_s_food | 2024-09-09 | 오 이건 괜찮다
sowon_yam2 | 2024-09-09 | 홈럼볼 조아해용 ❤️❤️
jack93kim | 2024-09-09 | 오아???? ㅋㅋㅋ맛도리!
mukzzang_bread_ | 2024-09-09 | 와 눅눅할 줄 알았는데 바삭하다니 퇴근하고 편의점 각이네요 🔥
muckza_zzae | 2024-09-09 | 진짜 바삭하다ㅠㅠ
mukjung_ | 2024-09-09 | 바삭소리바❤️
mukdang0 | 2024-09-09 | 미니미니 츄베릅❤️❤️
ming_foodie_ | 2024-09-09 | 콧구멍 확장!
berup_x | 2024-09-09 | ❤️
bbbm_jg | 2024-09-09 | 초코쨈 많은거 좋네용"
2024-09-08,4930,롯데월드 안에 아망추 슬러쉬 먹어봤어? 📍#롯데월드 💵 6500원 46주,"#아망추슬러쉬, #롯데월드간식, #롯데월드, #롯데월드맛집, #롯데월드맛집추천, #아틀란티스, #아망추, #아이스티, #신상리뷰, #간식추천, #먹방asmr, #디저트맛집, #잠실맛집, #잠실맛집추천","ganghina9 | 2024-10-05 | @sujin2890 가자
kjxunsk_ | 2024-09-13 | 어제가서 봤습니다
eyhue1 | 2024-09-11 | @arin0422_ 같이 가
hyunbin_ok_07 | 2024-09-10 | 이거 너무 심하게 얼어있어서 이 아프던데.. ㅠㅠ
mi.h_k3 | 2024-09-10 | 아니 어제 다녀왔는데 왜 지금 뜨세요
foo__zim | 2024-09-10 | 오오 롯데월드 안에 있다구용~!?
pigleet1015 | 2024-09-10 | 오 이거 유튜브에서 못보던건데 알고리즘에 뜨다니!! 사랑해요!❤️
rara_muk | 2024-09-09 | 아망추 슬러시 완전 궁금해요😍
sowon_yam2 | 2024-09-09 | 아틸란티스옆 굿굿 ❤️❤️
daily_tak1003 | 2024-09-09 | 더운날씨에 꼭 마셔야하는 음료네요😁
ssonwin_ | 2024-09-09 | 아ㅏ가❤️❤️❤️❤️ 슬러쉬❤️❤️
miss.gwak | 2024-09-09 | 어머나 가볼래뇬😍😍
muksta__chunsik | 2024-09-09 | 아망추❤️
_hxexn.ju_ | 2024-09-09 | @__ummm_0 가자.
food_zohaa | 2024-09-09 | 아망추 취저 ㅠㅠ
bonge_o0o_food | 2024-09-09 | 나듀 롯데월드 갈래잉🙌
kkutti_h | 2024-09-09 | 아망추애 슬러숴까지!!!❤️❤️
bottlejune__96 | 2024-09-09 | 아망추 슬러쉬라니 너무 궁금해져요 ㅠㅠㅠ🧡🧡
bokjaaa___ | 2024-09-09 | 아망추 슬러쉬가 롯월 안에?!❤️
meokdoong | 2024-09-09 | 우앙 아망추추추추!!!!!!
muk__rika | 2024-09-09 | ㅇ우아 마싯겟늉 먹으러가즈앙😍
1onefood_ | 2024-09-08 | 왕 저도 가보고싶네용 ㅠㅠ😍
hj_foodie | 2024-09-08 | ㅠㅠㅠ와 아망추슬러쉬 미쳤다 퀄리티❤️
matzip_hyena | 2024-09-08 | 아망츄베릅 🔥🔥🔥🔥
biggn_o | 2024-09-08 | 헐 ㅋㅋ가면 먹어봐야게땨🔥
muk._.chuuru | 2024-09-08 | 아망추까지 나오늘 롯데월드닷
moonchelin.chef | 2024-09-08 | 당장 먹고 싶은 비주얼이네요❤️
jameslee0911 | 2024-09-08 | 오 저도 당장 갈래여❤️
100rang_food | 2024-09-08 | 롯데월드 달려갈래요😍
usim_food | 2024-09-08 | 우와~~ 대박
자주 놀러올게요. 선🦾신청하고 가용🥰🥰🥰
matpamine_ | 2024-09-08 | 헉 롯월 달려👏👏
wu_hyun | 2024-09-08 | 와 정말 먹고 싶네영 저도 넘 궁금해영😮
hello_s_food | 2024-09-08 | @hyunik8_8 오랜만에 롯데월드 가고싶다
ddub_e2 | 2024-09-08 | 롯베릅???!!😮
mukrosee | 2024-09-08 | 슬러쉬 먹을래요ㅠㅠㅠ
ddomukz | 2024-09-08 | 아망추 슬러시라니😍😍
bab___puri | 2024-09-08 | 와 넘 맛아보여요
eat_fp | 2024-09-08 | 아틀란티스 타러❤️❤️
yome_foodie | 2024-09-08 | 머리 띵해지는 시원함❤️
chyo.eun | 2024-09-08 | 아망추 슬러쉬라니💗
ddo_sil | 2024-09-08 | 롯데월드 가고싶네요😂😂
leeoh_review_ | 2024-09-08 | 우와 아망추 슬러쉬 내놔❤️
jjong_mattang | 2024-09-08 | ㅋㅋㅋㅋㅋ롯데월드 부럽다 ㅠㅠ
o_5wy | 2024-09-08 | 이분은 영상 퀄도 좋은데 왜 안뜨지..
aug_piiggg | 2024-09-08 | 헐헐 슬러쉬로 완전 좋아여❤️❤️❤️
muk_captain_ | 2024-09-08 | 저도 주문이요..😵😵
d_t_muksta | 2024-09-08 | 롸?? 아망추 슬러쉬 진짜 탐난다여…
mukjung_ | 2024-09-08 | 언데가써!
ruri.food | 2024-09-08 | ❤️
ruri.food | 2024-09-08 | 귀욤아 나도데려가
hihee.e | 2024-09-08 | 오홍 아망춬ㅋㅋㅋ마셔봐야겠러료
j_a_n723 | 2024-09-08 | 크기도크고조아요❤️
taetae_foodie | 2024-09-08 | 롯데월드 뽐뿌 지대론데요😮😮
eating_happily_ | 2024-09-08 | @baking_0jun 할 여보 우리가 저아하는 조합
miri_muk | 2024-09-08 | 오오오 이거 맛나겠는데요~~~~ 롯데월드 맛난거 많다고 요즘 소문이 자자하던디
ming_foodie_ | 2024-09-08 | 롯데월드 가고싶네용❤️
j2ch.busan | 2024-09-08 | 아망추 슬러쉬 먹으면 아망추워🥶
jack__foodie | 2024-09-08 | 아망추 ㄷㄷㄷ
muckza_zzae | 2024-09-08 | 가구싶댜❤️❤️
themukeou_2 | 2024-09-08 | 헐 아망추슬러쉬?!🙌🙌
berup_x | 2024-09-08 | ❤️"
2024-09-08,694,이젠 티라미수케이크 말고 티라미수 수플레푸딩? <치플레> 줄 안서면 못먹는 치플레에서 신메뉴 출시!🫶🏻 잠실 롯데월드몰에서 판매중🫶🏻 초코코팅을 깨먹는 티라미수 수플레푸딩인데 수플레에 푸딩 조합부터 일단 맛없없🫶🏻 깨먹는 재미도 있고🫶🏻 몽글퐁신달달 입에서 걍 녹아버림🫶🏻 치즈케이크 + 수플레 = 치플레🫶🏻 기본 치플레도 잘하는데 브륄레는 진심 앉은자리에서 4개 순삭 쌉가능🫶🏻🫶🏻 추석선물로 어때?🫶🏻 📍#치플레 💵 6000원 46주,"#치푸링티라미수, #신상리뷰, #간식추천, #먹방asmr, #디저트맛집, #잠실맛집, #잠실맛집추천, #잠실데이트코스, #잠실롯데월드몰, #롯데월드몰맛집, #롯데월드맛집, #잠실디저트, #잠실카페추천, #치즈케이크맛집, #잠실롯데월드몰맛집, #연남동맛집추천","ndzip_ | 2024-09-09 | 왁 이건 진짜 맛있게땅..완전 취저..오리지날도 좋은데 신메뉴도 .🔥
ssonwin_ | 2024-09-09 | 와아ㅠㅠㅠㅠㅠㅠ 달달
muk_jjiyom | 2024-09-09 | @from_delight_ 사줘
hj_foodie | 2024-09-08 | ㅠㅠㅠ머야 왜케 맛있어보여 사이즈도 귀여워❤️
jini_zzin | 2024-09-08 | 치플레 티라미스 수플레푸딩이라니 맛없없이겠어요🍮💛당장 잠실 갈래요!!
mukstar_md | 2024-09-08 | 오오 못 참뎌잉😍❤️❤️
bonny_vely_ | 2024-09-08 | 우와 여기 대박이네오❤️❤️궁금해욧👏👏👏
bottlejune__96 | 2024-09-08 | 치플레 여기 너무 영접해보고싶었던곳이에요 ㅠㅠㅠ😍😍 저 퐁신한 수플레푸딩 못참아효...☆
mukrosee | 2024-09-08 | 와 줄이 엄청나요😮
14.dms | 2024-09-08 | @hx.nn2
l.8.x.k | 2024-09-08 | 내가 사줄게요 이쁜언니........ㅠㅜ
qbee.eat | 2024-09-08 | 그냥 먹어도 맛있는데 브륄레 얹은거 ㄹㅇ 돌ㅇㅆ..❤️
mukdang0 | 2024-09-08 | 사르륵 츄베릅❤️❤️
j_a_n723 | 2024-09-08 | 크 이거 무조건❤️
mukjung_ | 2024-09-08 | 나이거너무조아 ㅎ ㅐ..
cculturessong | 2024-09-08 | 어머 이런곳 너무 좋아요 주말 맛도리 당첨 ! 행복한 주말 보내세요
jjuchelin_ | 2024-09-08 | 티라미수 수플레푸딩이라니 진짜 입살녹 그자체일듯해요오,,🧡💛
mukbulim_0817 | 2024-09-08 | 깨먹는 티라미수 수플레푸딩 넘 맛있을 것 같아요
rara_muk | 2024-09-08 | 신메뉴 대박이에요😍
tastebuds__official | 2024-09-08 | 티라미수 케이크😍 넘 꿀 맛이겠어용
dasreeda | 2024-09-08 | @d_ynnni 개맛도리;; 줄서서 먹을만했음ㅋㅋ
1onefood_ | 2024-09-08 | 우앙 한입에 왕창 넣고싶어용😍😍
cha.chav | 2024-09-08 | 크 당충전 싸악 흡입 달려버리고 싶다구욥 ❤️❤️❤️
themukeou | 2024-09-08 | 나도 인생치케 사줘🙌🙌
js__1oo4 | 2024-09-08 | 포장이 말도안되게 고급지네욤..?🫢🫢🩷🩷
ga_eun_kim__ | 2024-09-08 | 치플레 존맛이져🎀💕
__it.s.youn | 2024-09-08 | 우왑 ❤️ 부드럽고 달달할 것 같아요 !
kimyunji1229 | 2024-09-08 | 언제까지해요?
laurent_busan | 2024-09-08 | 티라미수 수플레라니 ㅜㅜ 맛없없❤️
meokdoong | 2024-09-08 | 오 이거궁금해여❤️❤️
hye_foodie_ | 2024-09-08 | 우와ㅏㅏ 자글자글 구워지는거도른 ㅠㅠ
ggam_food | 2024-09-08 | 크..사르르 녹겟어여
ymymym_33 | 2024-09-08 | 안녕하세요! 먹스타그래머 정영민 입니다😍 저희 먹팔,소통해요~🍕🌮🍿🔥🔥 아주먹음직스런 피드가 많아서 자주방문할게요😆
muk._.chuuru | 2024-09-08 | 신메뉴죠타ㅜㅜ 달달쓰
limeunzzo | 2024-09-08 | 왁 커피랑 찰떡이겠어여ㅜㅜㅜ
ruri.food | 2024-09-08 | ❤️❤️❤️❤️
ruri.food | 2024-09-08 | 추억이 새록새록 예은아 보고싳어
e.den_0.0 | 2024-09-08 | 여기 진짜 맛있쨔나욤❤️ 티라미수 수플레 푸딩도 먹어보고 싶어욤❤️
bbbm_jg | 2024-09-08 | 대박이네여❤️
cok_foodie | 2024-09-08 | 우유랑 머그면 더 존맛..
sowon_yam2 | 2024-09-08 | 푸딩 넘나리 좋어요!! 이조합 좋당 ㅎㅎ
moo_boza | 2024-09-08 | 츄베릅님은 금보다 치플레를 더 좋아한다 🏅
jx.un0_12 | 2024-09-08 | 진짜 내이상형이다
gyusun_1004 | 2024-09-08 | 앜 여기 너무 맛있다규 달달구리 치폴레 너무 맛있다규
foodmap1004 | 2024-09-08 | 우왕..달달하겠다
jinwook1011 | 2024-09-08 | 한입먹으면😍완전기분업되겠는데요😍
kkutti_h | 2024-09-08 | 티라미수수플레푸딩 간다ㅜ청주에도 팝업좀..❤️
eating_happily_ | 2024-09-08 | 선물로 사줄 사람!!!! 어디있나요🧐😏
wanteat._.eat | 2024-09-08 | 여기 진짜 맛있죠 ㅠㅠㅠㅠㅜㅜ 브륄레 핵존맛🔥
n_treasure_love | 2024-09-08 | 인기 많을수 밖에 없을듯😍
wanteat._.eat | 2024-09-08 | 헐,,,,, 어제 츄베릅님 계셨었어요,,,?!
jack__foodie | 2024-09-08 | 나사줘 추억이다여깈ㅋㅋㅋㅋㅋ
muckza_zzae | 2024-09-08 | 진짜맛나겟다ㅠㅠ
dailyeunb | 2024-09-08 | 치플레..나 살찌라고 또 신메뉴 냈어..
muk_joongsa | 2024-09-08 | 저요!! 선물러 받고싶다아ㅜㅠㅠ 이거 댕존맛인디,,
muk_captain_ | 2024-09-08 | 이녀석… 마쉿겟가
muk.seori | 2024-09-08 | 선물.. 사주면 좋겠다 ㅎㅎㅎㅎ
jack93kim | 2024-09-08 | 입녹살....❤️
berup_x | 2024-09-08 | ❤️
yome_foodie | 2024-09-08 | 티라미수 수플레푸딩 도른❤️
bonge_o0o_food | 2024-09-08 | 나듀 선물~~!! 원해~!~!!!
ming_foodie_ | 2024-09-08 | 치플레 먹그시퍼여ㅠㅠㅠ
yumyum_report | 2024-09-08 | 저도 선물로 사줄사람 9해여~"
2024-09-05,345,연세 피넛버터 빵이 맛있을까 떡이 맛있을까? 📍#cu 💵 2000원 47주,"#연세우유스키피피넛버터생크림떡, #연세우유, #연세우유생크림빵, #연세우우생크림떡, #연세우유피넛버터생크림떡, #연세우유피넛버터생크림빵, #크림빵맛집, #빵지순례, #신상리뷰, #씨유신상, #간식추천, #먹방asmr, #디저트맛집, #편의점신상, #편의점디저트","d_oooni | 2024-09-10 | @ldsught18 ㅠㅠ
mukstar_md | 2024-09-08 | 와 먹어보고파료ㅠㅠ❤️❤️
mochl_ahahcnl | 2024-09-08 | 헐 저도 둘 다 먹어볼래유 ❤️❤️
laurent_busan | 2024-09-07 | 이거 떡 궁금한데요 ❤️❤️
rara_muk | 2024-09-07 | 떡까지 잘하다니!!😍
bokjaaa___ | 2024-09-07 | 가루 진짜 엄청 떨어지더라고욬ㅋㅋㅋ
mukjung_ | 2024-09-07 | 쪼올귓해~
korea_foodzone | 2024-09-07 | 와크림떡 대박ㅎㅎㅎ
muk.news | 2024-09-06 | 세상에 떡까지❤️❤️
foo__zim | 2024-09-06 | 어우야,,,완전 쫀듯쫀득하네영ㅋㅋㅋ
hyun_gun_ch | 2024-09-06 | 고대빵이 맛있습니다
jjong_mattang | 2024-09-06 | 다 먹고 손에 묻은 빵가루 먹는거 국룰인거 아시죠!???😂
ming_foodie_ | 2024-09-06 | 연세떡은 안먹어봤는데 궁금해여
maplebuttersand | 2024-09-06 | 🥰 진짜 맛있어보여요!!!! ✨✨ 먹8해요 🙆🏻‍♀️
_gahyoida | 2024-09-06 | 빵안에 넣어먹으면 빵떡?❤️
j2ch.busan | 2024-09-06 | 저 이거 연세 시리즈 중 젤 좋아요ㅠㅠ 진짜 귀엽게 드신닼ㅋㅋㅋㅋㅋㅋ 제 조카(?) 보는 것 같아요😉
golden_sang_ | 2024-09-06 | 아 편의점 가야지~ ㅎㅎ
sowon_yam2 | 2024-09-05 | 더맛있오용???😮
yeoni_mukstar | 2024-09-05 | 오오 떡 완전 쫀득쫀득해 보이네요🔥🔥
jjuchelin_ | 2024-09-05 | 피넛버터와 떡의 조합 진짜 기절쌈바리😍😍
100rang_food | 2024-09-05 | 친구 차에서 먹어야겠다😮
foodgallery_club | 2024-09-05 | 간만에 달려줘야겠다 👍
busan_grida | 2024-09-05 | 쫠깃쫠깃 궁금한데요!
d_t_muksta | 2024-09-05 | 엄마 등짝ㅋㅋㅋㅋㅋㅋㅋㅋㅋㅋ
matpamine_ | 2024-09-05 | 연세의 끝은 어딘가👏
eating_happily_ | 2024-09-05 | ㅋㅋㅋㅋㅋㅋㅋ가루파티였어요 저돜ㅋㅋㅋㅋㅋㅋ😂 땅콩맛 진한 건 롤케익 그게 제일인 굿 같아유😮
kidmstyle | 2024-09-05 | 연세 믿고먹죠😍 떡도 궁금하네요
foodie_hayena | 2024-09-05 | 연세떡집 ❤️❤️❤️
alertviviana | 2024-09-05 | 우와 쫀득한 생크림떡!! 이거 사야겠어요😍
y0.gho_7 | 2024-09-05 | 빵은 너무 느끼했었는데 떡이라니 기대되는고만
manchaelin | 2024-09-05 | 오오 피넛버터 올 것이 왔군뇨오,, 연세 열일 칭찬해애
1onefood_ | 2024-09-05 | 오오 이런건 먹어야죠 ㅋㅋㅋㅋㅋ
n_treasure_love | 2024-09-05 | 먹어봐야겠어요😍😍
magoo_wagoo | 2024-09-05 | 우왕 요 떡라인들 다 맛도리에용❤️
j_a_n723 | 2024-09-05 | 쫄깃쫄깃 무슨일이에여 ❤️❤️
eat_fp | 2024-09-05 | @reekyung_h
hihee.e | 2024-09-05 | 어멋 이거 보이면 먹어봐야게써요
moo_boza | 2024-09-05 | ㅋㅋㅋㅋㅋㅋㅋ 보면서 엄마 등짝 스메시 날라올줄 알고 기대했는데..
gge.juck | 2024-09-05 | 그럼 저도 빵으로 가겠습니다 ㅎㅎ😮
muckza_zzae | 2024-09-05 | 크림가득 조타아앙❤️
leeoh_review_ | 2024-09-05 | 와 이거 보이면 무조건 사먹는다❤️
miri_muk | 2024-09-05 | 어머 떡이 있었어요? 근데 거기에 피넛버터?
aug_piiggg | 2024-09-05 | 저도 이거 세개 집에 사뒀어요❤️❤️
themukeou_2 | 2024-09-05 | 엄마 등짝 스매싱 조심🙌🙌
miffyhello2 | 2024-09-05 | 등짝👏👏👏....😂😂
bonny_vely_ | 2024-09-05 | 이거진짜.쫄깃.느낌❤️
gyul_yummy | 2024-09-05 | 엄청 쫀득해보여요💖
ju.food_ | 2024-09-05 | 우왕 저두 먹어볼래영❤❤
berup_x | 2024-09-05 | ❤️
muk_joongsa | 2024-09-05 | 엄마 등짝 스매싱 예상!!! 꺅❤️❤️
bab_bly | 2024-09-05 | 이거 진짜 먹어보고싶어요😍
sse_luv | 2024-09-05 | 꾸덕해보여용🥹"
2024-09-05,611,연세크림빵과 스키피 피넛버터가 만나 먹어보았다. 📍#CU 💵 3300원 47주,"#연세우유피넛버터생크림빵, #연세우유생크림빵, #스키피땅콩버터, #스키피, #연세우유스키피피넛버터생크림빵, #연세우유스키피, #신상리뷰, #간식추천, #먹방asmr, #디저트맛집, #편의점신상, #편의점디저트, #편의점간식, #빵지순례, #빵집투어","true___sol | 2024-09-11 | @devolutionb 머거밧더요?
mochl_ahahcnl | 2024-09-07 | 연세 일 잘 하네요 ❤️
hye_jinii0_0 | 2024-09-07 | @___hy3ni 이것두 대신 먹어쥬세오
yumyum_report | 2024-09-06 | 떡리뷰 기다릴게여!
j2ch.busan | 2024-09-06 | 진짜 저 크림 그득그득한거 좀 봐요.. 우유랑 찍먹 해봐야겠어요 저도❤️
mukbo_jjang | 2024-09-06 | 으아 크림듬뿍 최고에여😍😍
dog.matdori | 2024-09-06 | 진짜 연세는 연세함🙌🏻그래서 서장훈이...😮
bottlejune__96 | 2024-09-06 | 스키피랑 연세우유생크림빵 조합이라니 씨유 달려가볼래유 ㅠㅠㅠ😍😍
muk.due | 2024-09-05 | 엄청 맛있어보이네요.🤩
busan_grida | 2024-09-05 | 연세 진짜 일 잘하네요!
yoon.min.ga.0513 | 2024-09-05 | 1층 내려가봐야겠어여🔥
wangishang | 2024-09-05 | 맛잇겟다
hj_foodie | 2024-09-05 | ㅠㅠ헐 땅콩버터맛 맛있다던데-??❤️
biggn_o | 2024-09-05 | 캬 완전 맛나겠다😍
meokdoong | 2024-09-05 | 와크림대박이네요?!!🔥
jameslee0911 | 2024-09-05 | 크으 저도 먹어보고 싶어요😍
wu_hyun | 2024-09-05 | 피넛버터맛은 진짜 잘나왔네영😮
js__1oo4 | 2024-09-05 | 우유랑 먹으몀 찰떠억 🩷🩷
yamyam_sisters | 2024-09-05 | 맛없을수 없는 조합.. 우유 필수❤❤
__it.s.youn | 2024-09-05 | 생크림 완전 기득한데여 ?! 😍
muk_joongsa | 2024-09-05 | 연세가 연세햇네~~ 유유 찍먹 필수❤️
seoul_taste_outing | 2024-09-05 | 흰우유에 폭 찍어서 먹어보고 싶어요❤️❤️
jinarye | 2024-09-05 | 조합 좋은데요 ㅎ
100rang_food | 2024-09-05 | 떡리뷰를 달라!!
mukrosee | 2024-09-05 | 오 스키피 시리즈 살래요❤️❤️
hyanggu_foodie | 2024-09-05 | 오 연세빵 우유찍먹이면 말모ㅠㅠ
qbee.eat | 2024-09-05 | 우유찍먹하는거 맛잘알이다 ㄹㅇ😍
korea_foodzone | 2024-09-05 | 우왕 맛있겟어요
yeoni_mukstar | 2024-09-05 | 헐 연세 신상인가요?? 저도 당장 먹어봐야겠어요!!
bbbm_jg | 2024-09-05 | 넘 조아여❤️
ruri.food | 2024-09-05 | 더마싯구요❤️❤️
ruri.food | 2024-09-05 | 연세가 연세해따❤️
mukdang0 | 2024-09-05 | 우유랑 츄베릅❤️❤️
picky._.eat | 2024-09-05 | 와ㅏㅏ악 연세빵 신상 ㅠㅠ 못참져
yumyum_soble | 2024-09-05 | 우와 땅콩버터생크림빵이라니❤️
sowon_yam2 | 2024-09-05 | 기다릴게용❤️❤️
mukzzang_bread_ | 2024-09-05 | 땅콩버터는 다이어트할 때 먹어도 된다구 했어요 …🔥
j_a_n723 | 2024-09-05 | 오피넛이라니 먹어보고싶어요
muckza_zzae | 2024-09-05 | 연세햇네ㅜㅜ먹구프다ㅠㅠ
jjinang_pick | 2024-09-05 | 우와 연세가 연세 있죠 진짜 떡도 맛있어 보이더라구요❤️
jjong_mattang | 2024-09-05 | 초코우유랑 같이 먹어주세요 베릅님 🔥
eating_happily_ | 2024-09-05 | 역시 연세가 연세했쥬❤️❤️ 떡도 마이쩌요ㅠㅠㅠ
leeoh_review__ | 2024-09-05 | 떡리뷰 빨리 내놔!!!
muk.seori | 2024-09-05 | 떡리뷰 얼렁욧!!!!
yome_foodie | 2024-09-05 | 이거 무조건 맛있을거 같아여❤️
do___yummy | 2024-09-05 | 우유랑 찰떡콩떡 조합💛
gge.juck | 2024-09-05 | 연세는 진짜 크림맛집😮
berup_x | 2024-09-05 | ❤️
bonge_o0o_food | 2024-09-05 | 우유랑 먹음 꿀맛탱❤️❤️"
2024-09-04,587,편의점표 중동젤리 라바삭 요청받아 먹어봤습니다.. 📍#gs25 💵 2800원 47주,"#라바삭, #라바삭젤리, #라바삭먹방, #라바삭젤리석류맛, #편의점신상, #신상리뷰, #간식추천, #먹방asmr, #디저트맛집, #편의점디저트, #젤리먹방, #라바삭석류맛","da_alry | 2024-09-21 | 이거...먹어봣는데 정말 너무맛없어서 삼센치 정도 먹고 나머지 다버림 ㅠㅠㅠ하
j___soo_kyoung._.91 | 2024-09-18 | 이거사묵어봣눈데
석류맛보단 대추맛에가까움..😂😂
_.zeyniii._ | 2024-09-08 | 우리 나라껀데 왜 중국꺼라고 생각히지? 킹 받네...
_hay00n._ | 2024-09-08 | 오 이란 레바샥오 이란 라바삭이다ㅏㅏ
jini_zzin | 2024-09-07 | 사보려다가 이 영상보구 돈굳었네요 감사합니다👍🏻
dkfdktiangkrp | 2024-09-07 | 씨유도 파는데
mint0_420 | 2024-09-07 | 라바삭은 석류청에 넣어먹으면 존맛😍
1lllove1ll | 2024-09-07 | 증말 맛없어요
hyun_gun_ch | 2024-09-06 | 눈썹이 팔딱팔딱
foodgallery_club | 2024-09-06 | 제가 다먹고싶은데여!!
porschelin_man | 2024-09-05 | 맛이 어떨지;
bee__yummy | 2024-09-05 | 어잉,,,시큼😂😂
jjinang_pick | 2024-09-05 | 과일가죽이여!!
ggam_food | 2024-09-05 | 궁금하네여😂
teddy_zip_ | 2024-09-05 | 으악 제스타일 아니에요 저도ㅠㅠㅠㅠ😢
min.ddo_o | 2024-09-05 | 으잌 후기는아쉽군여😢😢
bonge_o0o_food | 2024-09-05 | ㅋㅋㅋㅋ표정 졸귀탱ㅋㅋㅋㅋ
bottlejune__96 | 2024-09-05 | 중동 젤리라니 궁금해져요!! ㅎㅎㅎ😮😍
laurent_busan | 2024-09-05 | 오 뭔가 상상이 안 가는 맛인데요 ㅋㅋㅋ
muk_yufor | 2024-09-04 | 유메나….. 유메나… ㅎㅎㅎ 도오전을 부르는 .. ㅎㅎㅎ
100rang_food | 2024-09-04 | 으….😮
mzbestmenu | 2024-09-04 | 육포처럼 찢기는 게 너무 신기한데요 .... ? !! 😮
e.den_0.0 | 2024-09-04 | 이거 먹어보고 싶었는데 안먹어야겠어욤❤️
b.omi._ | 2024-09-04 | 난 이거 맛있던데
h_mochi_bungeo | 2024-09-04 | 헐 혹시 제가 요청한거에요..??🫢🫢 대박
jack__foodie | 2024-09-04 | 건푸룬이뭐닝????
yome_foodie | 2024-09-04 | 으악 과일가죽 궁금해여
muk._kw | 2024-09-04 | 요거 넘 궁금한데요😮😮
mukrosee | 2024-09-04 | 오 저도 샀는데 먹기싫네욬ㅋㅋㅋㅋ ㅠㅠ
wanteat._.eat | 2024-09-04 | 덕분에 돈 굳었네요ㅋㅋㅋㅋㅋ 딱봐도 상태가 음,,,,
eating_happily_ | 2024-09-04 | 이거 너무 맛럾어 보여서ㅠㅋㅋㅋㅋ 안 샀는데 베릅님 짱,, 안 사길 잘했어요😂
yeoni_mukstar | 2024-09-04 | 앗 전 패스해야겠어요😢😢
js__1oo4 | 2024-09-04 | 이거는 좀..🥲☺️
yumyum_report | 2024-09-04 | 숙성해서 드시는걸 추천드려요! 그냥먹는것보단 갠차나여!
aug_piiggg | 2024-09-04 | 안살래요😂😂😂
sowon_yam2 | 2024-09-04 | 입맛버렸다아ㅠㅠㅠㅠ
__it.s.youn | 2024-09-04 | 어머 !! 맛은 별로었군용 ! 😂
muk_joongsa | 2024-09-04 | 사과가 75라니,, 흐음! 고민해보고 먹어봐야겠굼여!
limeunzzo | 2024-09-04 | 이런게 잇엌ㅅ어여,,, 안묵어야지,,
miri_muk | 2024-09-04 | 사지마 ㅎㅎㅎㅎ
leeoh_review_ | 2024-09-04 | 윽 안먹을래😂
themukeou | 2024-09-04 | @muk_tteul 중동 점령 ㄱㄱㄱ
mukjung_ | 2024-09-04 | 으엑 입만버려쒀
ruri.food | 2024-09-04 | 😂😂
ruri.food | 2024-09-04 | 으 버렷어~~~
mukdang0 | 2024-09-04 | 사지마🔥🔥
muckza_zzae | 2024-09-04 | 뚝뚝 끊기다닝😂
berup_x | 2024-09-04 | ❤️"
2024-09-04,182,"라라스윗 저당라떼가 그렇게 찐하다며? 크림을 잔뜩 넣어 찐하고 크리미한 라라스윗 더 진한 저당라떼🫶🏻 라떼 맛집으로 유명한 카페들만 쓴다는 크림블렌딩우유로 만들어 고퀄🫶🏻 진짜 카페에서 먹던 찐한 고급진 라떼맛🫶🏻 우유에 크림을 잔뜩 넣었다해서 보니 절반 이상이나 들어감🫶🏻 당류가 9그램인데 달달하니 맛있음🫶🏻 📍CU, GS25 💵 3000원 (현재 할인가 2600원) 47주","#광고, #라라스윗더진한저당라떼, #신상리뷰, #간식추천, #라라스윗, #라라스윗저당라떼, #저당라떼, #디저트맛집, #편의점신상, #먹방asmr, #편의점디저트, #편의점음료","young.gimi | 2024-09-05 | 크림라떼가 편의잠에도 있다니~~~ 심지어 저당이라니👏👏👏
changwon_genie | 2024-09-05 | 먹어봐야겠어용😍😍
laurent_busan | 2024-09-05 | 저당 바닐라라떼라니 다이어터한테 최고 ..❤️❤️
j_a_n723 | 2024-09-05 | 저당이라니 신기해여❤️
muk_yufor | 2024-09-04 | 고급스러운 저당라떼라니.. 츄베릅
food_ssoh | 2024-09-04 | 저당라떼 완전 꿀맛일 듯해요😍
bee__yummy | 2024-09-04 | 오아 찐하고 크리미한 거😍❤️❤️
jack__foodie | 2024-09-04 | 너쫌많다 츄베릅딥으로 간다
leeoh_review_ | 2024-09-04 | 편의점으로 가야겠다🙌
jinarye | 2024-09-04 | 저당이라 너무 좋은데요
mukbears | 2024-09-04 | ㅋㅋㅋㅋ구독자들 반하게 하시는 윙러팅 감탄하고 감니다..
muk_captain_ | 2024-09-04 | 팬임미덩
muk_captain_ | 2024-09-04 | 윙크라니
matzip_spoiler_ | 2024-09-04 | 라라스윗이다🙌
yome_foodie | 2024-09-04 | 라떼만 마시는데 저당 사랑이에여❤️
limeunzzo | 2024-09-04 | 왁 이제 편의점 가면 되겠어요,,😮
eat_fp | 2024-09-04 | @reekyung_h
mukdang0 | 2024-09-04 | 달달 츄베릅❤️❤️
bbbm_jg | 2024-09-04 | 어머 신기해요
miri_muk | 2024-09-04 | 오오 라라스윗!!👏 저도 이거 사먹을래요!!
ham2_ni__ | 2024-09-04 | 저당이라 너무 조아요❤️
daily_tak1003 | 2024-09-04 | 저당 라떼여서 더 좋네요😁
wu_hyun | 2024-09-04 | 라라스윗은 역시 저당이네영 다양하게 나오는군요
ggam_food | 2024-09-04 | 라떼 적셔!!
hyob_muk | 2024-09-04 | 유아 저 이거 귱금했어요 ❤️ 고민없이머거야게땅
d_t_muksta | 2024-09-04 | 이젠 커피땡기면 편의점으로????ㅎㅎㅎㅎㅎㅎ
muk.seori | 2024-09-04 | 윙크하는거… 치입니다
저당이라 좋은데ㅠ 이제 커피땡기면 편의점 갈래오
hihee.e | 2024-09-04 | 헐 저당라떼 마셔보고싶어요
ham_muklog | 2024-09-04 | 저당라떼 넘 조아🙌 먹어볼랴여
eating_happily_ | 2024-09-04 | 편의점에서 저당라떼를,,😮
jjong_mattang | 2024-09-04 | ㅋㅋㅋㅋㅋ아니 윙크 플러팅 해명해주세요😂
sowon_yam2 | 2024-09-04 | 커피땡기러갈래요❤️❤️
wanteat._.eat | 2024-09-04 | 헛 라라스윗 저당라떼?! 진짜 다이어트하는 사람들 무조건 요거 먹어야겠어요😍
muckza_zzae | 2024-09-04 | 유앙 저당 찐허다니❤️❤️
moo_boza | 2024-09-04 | 라라스윗도 어디까지 가는거에욬ㅋㅋㅋㅋㅋㅋㅋㅋ 근데 저당이라 좋당 저장 🔥🔥
yeoni_mukstar | 2024-09-04 | 오오 저당 라떼라니 넘 궁금하네요🔥🔥
mukrosee | 2024-09-04 | 오 저도 도전할래요❤️
gge.juck | 2024-09-04 | 저당이라 부담 없네요 이거 진따😮
jack93kim | 2024-09-04 | 오아...❤️ 요거 궁금해열
korea_foodzone | 2024-09-04 | 저당이라 넘조은대용
ming_foodie_ | 2024-09-04 | 저당이라 좋네용❤️
muk_joongsa | 2024-09-04 | 커피 땡기면 저도 이거 먹을래영❤️
berup_x | 2024-09-04 | ❤️
eats_editor | 2024-09-06 | 왁 ㅠㅠ"
2024-09-03,2.1만,편의점두바이 1등 변경하겠습니다.. 📍#세븐일레븐 💵 25000원 47주,"#빅두바이라이크초콜릿, #신상리뷰, #간식추천, #두바이초콜릿, #두바이초콜렛, #디저트맛집, #먹방asmr, #편의점신상, #편의점디저트, #편의점두바이초콜릿, #초콜릿, #편의점간식, #초콜릿맛집, #빅두바이초콜릿","tjsgk246 | 2024-11-08 | @sm_ile_56 이건 맛있긴 하겠다 가격이..
zu.an0 | 2024-10-08 | 아니 두바이초콜릿은 사람들이 평가하는것이 다다달라;;; 어케 믿어
xwd.a1 | 2024-10-03 | 찐 이랑 맛이 다름
bakyun_j | 2024-09-14 | @ddonghaaaaa 이쯤되니 궁금해진다..
lily5_010 | 2024-09-10 | 근데 저거 우리 편의점에 널려있는디??
dooooong_715 | 2024-09-10 | @meanjjang4620
iiimsumin | 2024-09-09 | @ha.__________.anju 함 믿어봐..?
jinnyyeo97 | 2024-09-08 | @sunghyun95 나 이것도,,,
ijieun4140 | 2024-09-08 | @kkabjugi 두바이 먹어볼래?..
yean.woo_ | 2024-09-08 | 저도 먹어봤어요!! 근데 맛은있는데 그 옆에있던 작은게더맛있더라구요😅
cho__iiiiii | 2024-09-07 | @jooabongbong 이게찐인가방
exnnnxi | 2024-09-07 | @hyeon.jeong98 이게일등이래유
minnj_00 | 2024-09-07 | @seo_pp_ 어제 우리 갔던 세븐에 있었는디
yeon._.ii16 | 2024-09-07 | @juice_hon 오늘 내가본거
50juzzang | 2024-09-06 | @22eun._.hye 세븐일레증 달려달려
wingapoh_mr | 2024-09-06 | @minii_woo 댈님!!! 먹어보자요 우리
n0eye0n | 2024-09-06 | @yudi._.ii 2만오천원…?
ox7605xo | 2024-09-06 | @s._.10y 이거였오?
ha_jeong97 | 2024-09-06 | @kkkkkkkwon
dxa1vn | 2024-09-06 | 이거 2만 5천원인데 가격 좀 낮춰줬으면 좋겠음ㅠ
ox9jx_ | 2024-09-06 | @sse0_sseo 내일 같이 먹어볼뤠..?
da_rroong_ | 2024-09-06 | @3_25.ys 먹고싶어
ongkkomm__e | 2024-09-06 | @h_serini_ 바로 이건듯 구해죠
luv__yulvely | 2024-09-05 | @jjunga1519
h_yong_e | 2024-09-05 | @x.5y0n
11_03_am | 2024-09-05 | @3.75kg_ 나 이거 사줭
groomer_0_rlo | 2024-09-05 | @yun.zoo
c_yoon_j97 | 2024-09-05 | @su.ujn
brush.bean | 2024-09-05 | @k.taegwan
dung_unni | 2024-09-05 | ❤️❤️
youinna9 | 2024-09-05 | 이만오천원이요?😮
vuxsj.1 | 2024-09-05 | 저거 먹어봤는데 ㄹㅇ 개맛도리임
b__0326 | 2024-09-05 | @daisyk_000 토욜에 꼭 가져왓
hye_w0n414 | 2024-09-05 | @8_27yh 엥 우리가 방금 본 거 예약해야지 살 수 있는거였어..? 2만5천원주고 먹을건 아닌거같은데
s_xin_oct | 2024-09-05 | @b.gunny 사주세요
88_dorothy_hee | 2024-09-05 | @yoon_doll 우왕 세븐일레븐 투어해여겟어염
y0.gho_7 | 2024-09-05 | 치킨을 먹자
lovable._.0 | 2024-09-05 | @eyoomean 사둉ㅇ
javekzu | 2024-09-05 | @jongminnss 개맛읍는데 완전 인공적인맛 ..,ㅜㅠㅠ진또배기먹고 먹어서 그런가 돈아까워유..
acorn_seller | 2024-09-05 | @inyeogi 😢
ggggoggggi | 2024-09-05 | @song_add 이건가..?
gi_hye0n | 2024-09-05 | @vinivini._.h 저번에 봤던게 요건가
1004ji9 | 2024-09-05 | @exxbeeee 마시꼐땨
incellderm_kmj | 2024-09-05 | 두바이. 가지말구.내수시장을. 활성화. 해야지요.국산품을. 애용합시다~.^^**
feb_._x | 2024-09-05 | @m__jinini ㅇㄴ 2500원으로 봄 2만 5천우ㅏㄴ이네
b.o.e.u.n | 2024-09-05 | @imnsyo 재도전
kai_101480 | 2024-09-05 | @je11yjeny
마시갰다
yengtic | 2024-09-05 | @uiahyoay
jaehui045 | 2024-09-05 | 얼마에여??
__xych10 | 2024-09-05 | 저거 맨날 봤는데 안샀는데
onevuoe | 2024-09-05 | @eoehhsus 사줭❤️❤️
songsong__.e | 2024-09-05 | @167cm90kg 헉쓰
eon_01_25 | 2024-09-04 | @minseong4023 오옹 대박!
damm._.e | 2024-09-04 | @jungmin_36 이거아녀?
yeondoooooo | 2024-09-04 | @bxngxi_
jj_uvin | 2024-09-04 | @do_hwan__74
fond_minmin | 2024-09-04 | 지에스 신상 9900짜리가 나을까오 요게 나을까요??!!?
a2love0801 | 2024-09-04 | @daessal__ 자기 이거 우리집 냉장고에 있지롱❤️
_y.ho01 | 2024-09-04 | 3만원주고 초콜릿 먹을바엔 밥을 사먹는다
kkwoo__ | 2024-09-04 | @dbsyooon @colliii_i
winsome_jy07 | 2024-09-04 | @0.hunn ㅋㅋㅋ우리그때봤던 세븐일레븐꺼 ㅋㅋㅋ와
hee_yon2 | 2024-09-04 | @won__u_ 이거.....
ri1ovee | 2024-09-04 | @karis._.kim 사줘사줘사줘사줘🤎
kikizzuya | 2024-09-04 | @__cho.rong 왕 두바이 ㅋㅋㅋㅋㅋㅋ
bee__yummy | 2024-09-04 | 오아 예약구매 우케 해영😍
k_.je0ng | 2024-09-04 | 25000원....
aleumna365 | 2024-09-04 | 비싸다
m_ziye | 2024-09-04 | @d_n0ku 츕
zinxin__n | 2024-09-04 | @__cotton_00 이거 방금 봐땨
e_j.0n1 | 2024-09-04 | 저거 하나에 치킨 한마리???
twinkle_pearl_0_0 | 2024-09-04 | @d_y._.kim
passion_en | 2024-09-04 | @chanjuuuuu_ 세븐일레븐 도당체 어디에 있어
u._.yerrr | 2024-09-04 | @meuhyunee
yej.un2011 | 2024-09-04 | 5000원이면 삼
d0hwwwi_ | 2024-09-04 | @izimyn_ @woolluk70
2만5천원 진짜 개 맞아야댐
mukstar_md | 2024-09-04 | 오아 미툤는데요😍❤️❤️
ba.si1 | 2024-09-04 | @djxbridnsvwgdufnfn
yangyang201 | 2024-09-04 | @wednsmoon
ulli_22_ | 2024-09-04 | @zzini_.96 @ki.___.t
다음에 대전 에서 ㄱ ?
just_wlstm | 2024-09-04 | 그 가격이면 걍 치킨먹는게...
dvisrl | 2024-09-04 | 쓰던데
wonjeong0211 | 2024-09-04 | @e_inyoung_0 이거먹어봐야되나
jin_____0407 | 2024-09-04 | @tiger_mj_
___7xhw | 2024-09-04 | 저돈이면 치킨을 사먹지
nx.h1y2_ | 2024-09-04 | 그냥 잇던데
iijyee | 2024-09-04 | @iikkqd 비싸긴 한데 편바이는 이게 그나마 낫나봐
leeroun1024 | 2024-09-04 | 1개 25000원 애바야
hxaxje | 2024-09-04 | 25000원...?
w.aaallen | 2024-09-04 | @goqkfkrl24
ssun.w__ | 2024-09-04 | @yu_sun_09 @yx_mjun
suyeon3203 | 2024-09-04 | 잇어도안나감..
dakkkooong | 2024-09-04 | @y_oungx_x
mukbears | 2024-09-04 | 가격이,,후
joeunbin_13 | 2024-09-04 | 오오!! 원조랑 제일 비슷하다!!
_nadang | 2024-09-04 | @bin___e_ 이거 마지막으로 도전해보꺼?
sa_1rx | 2024-09-04 | 이거 집앞 세븐에 있었음
_.hyezzi | 2024-09-04 | @9.ji_soo.6
wanteat._.eat | 2024-09-04 | 헛,,,, 이거 왜 인제 알았을까요 ㅠㅠㅠㅠㅠㅠ 저도 세븐일레븐가서 사먹어볼래요
xi._.o12 | 2024-09-04 | 하트두바이 초콜릿 먹어주세요
jinseungyeon50 | 2024-09-04 | 이거 저희집 아래에 팔아요!"
2024-09-03,790,CU 로투스도넛 추천?비추천? 📍cu 💵 2900원 47주,"#로투스비스코프도넛, #씨유신상, #신상리뷰, #간식추천, #먹방asmr, #디저트맛집, #도넛맛집, #편의점신상, #편의점디저트, #로투스, #로투스도넛, #편의점추천","white_star_mom | 2024-09-09 | @rpm_st
wanteat._.eat | 2024-09-03 | 헛 칭찬리뷰 넘 좋아요😍❤️ 저도 지나가다 보이면 사먹어볼래여
busan_delicious_diary | 2024-09-03 | 우와 사먹어볼래요 ❤️
mukbulim_0817 | 2024-09-03 | 오!! 로투스😍
dog.matdori | 2024-09-03 | 아ㅠㅋ바로사서먹으라는게ㅠ 몰랏네요ㅎ
ms._.vn10 | 2024-09-03 | 로투스는 회사이름인데 비스코프 아닌가..
mukddo_muk | 2024-09-03 | 이거 맛있더라고요 ㅎㅎ
laurent_busan | 2024-09-03 | 로투스러버인데 도전해볼래요!!
juner_315 | 2024-09-03 | Cu로 달려가야겠어용😍
jinarye | 2024-09-03 | 로투스 존맛이겠어용
wu_hyun | 2024-09-03 | 캬 로투스 크림 완전 장난아닌데영 크림양이😮
gyul_yummy | 2024-09-03 | 오 로투스 좋아하는데 먹어볼래요🤍🤍
jjupteacher_k | 2024-09-03 | 비주얼 진짜 미쳤네요!! 당장 먹구싶어요❤️
kidmstyle | 2024-09-03 | 맛있어서 순삭 하셨네요😍
colorfulsundays | 2024-09-03 | 어머머머머머머 이거 너무 맛나겠어요!! 😍
colorfulsundays | 2024-09-03 | ❤️❤️❤️❤️❤️
sowon_yam2 | 2024-09-03 | 진짜 순삭인정이다 ㄷㄷㄷ
100rang_food | 2024-09-03 | 아 진짜 부드러워보인다😮
rara_muk | 2024-09-03 | 로투스 크림가득 맛있겠어요😍
ruri.food | 2024-09-03 | ❤️❤️
ruri.food | 2024-09-03 | 크림퐁신퐁신 내나❤️
js__1oo4 | 2024-09-03 | 우유랑 같이 먹고싶네용🫶🏻
yumyum_soble | 2024-09-03 | 로투스 도넛이라니 당충전하기에 대박인데요!?
muk._.chuuru | 2024-09-03 | 이렇게먹고...운동도잘하구...👏👏
h_mochi_bungeo | 2024-09-03 | 이거 맛없을수가없겠는데용?? 라바삭도 나왔던데 라바삭 리뷰도 해주세용!
mukkarong1 | 2024-09-03 | 오오오!! 요고 우유랑 먹으면 완전 맛있겠는데요?!!🙌🙌🙌
picky._.eat | 2024-09-03 | 저도 사먹어봐야겠어요 촉촉한 빵피❤️
limeunzzo | 2024-09-03 | 얼굴이 짝으신거 아니에여.. ❤️❤️
hotdor_s | 2024-09-03 | 이거 먹을만 해?
biggn_o | 2024-09-03 | 헐랭 우유랑 먹어야지🔥
hyunjae_mukstagram | 2024-09-03 | 싱기한 도넛이 쏟아나오는 cu
gge.juck | 2024-09-03 | 진짜 이제 디저트 먹으러 편의점만 가도 되겠어요😍
sltnqdla | 2024-09-03 | 우와 저도 이거 도전해보고싶은데요❤️
dog.matdori | 2024-09-03 | 강추에여?!😮
__it.s.youn | 2024-09-03 | 우어오 !! 로투스크림맛 궁금해요 !
muckza_zzae | 2024-09-03 | 순삭할만하다ㅜㅜ❤️
ggulggul0.0 | 2024-09-03 | 도전해보고 싶어요😍😍
eating_happily_ | 2024-09-03 | 진짜 마싯죠!!!!!!😍
muk_captain_ | 2024-09-03 | 로트수는 근데ㅠ진짜
n_treasure_love | 2024-09-03 | 크 크림 군침 고이네요😍😍
muk.seori | 2024-09-03 | 보이면 바로 겟!!
leeoh_review_ | 2024-09-03 | 로투스도넛 바로 사서 먹을랭❤️
yeoni_mukstar | 2024-09-03 | 오오 이거 넘 신기하네요!! 보이면 먹어봐야겠어요🔥🔥
hyob_muk | 2024-09-03 | 헐 씨유에 보이면 바로사서먹을게요ㅠㅠ
muk_joongsa | 2024-09-03 | 이거 안보여서 못 사먹는중ㅜㅜ 진짜 얼굴 만하네여!
jjinang_pick | 2024-09-03 | 우와 취저다요❤️
ham2_ni__ | 2024-09-03 | 헐 당장 사러갑니댱❤️❤️
yome_foodie | 2024-09-03 | 로투스크림 가득❤️❤️
jjong_mattang | 2024-09-03 | 아니 로투스도넛 머야 ㄷㄷㄷㄷ 지금 사러 가야겠다
mukrosee | 2024-09-03 | 크림 많네요❤️
berup_x | 2024-09-03 | ❤️
ming_foodie_ | 2024-09-03 | 로투스크림 맛있겠어용❤️
yumyum_report | 2024-09-03 | 바로사서 먹어볼게요!"
2024-09-02,356,나온지 좀 되었지만 두친자가 먹어본 GS25 두바이식 마카롱! 추천인지 비추천인지는 영상 맨뒤에💚 📍#gs25 💵 3800원 47주,"#두바이식카다이프피스타치오마카롱, #신상리뷰, #간식추천, #먹방asmr, #디저트맛집, #편의점신상, #편의점디저트, #두바이마카롱, #두바이초콜릿, #두바이초콜렛, #마카롱맛집, #피스타치오, #두바이식마카롱, #두바이초콜릿마카롱","zhzxsh | 2024-09-07 | 누나 개이뻐
sanghoon.eat | 2024-09-04 | 마카롱까지 ㄷ
rara_muk | 2024-09-03 | 마카롱 아쉽네용😢
bottlejune__96 | 2024-09-03 | 마카롱까지 나왔나여...ㅋㅋㅋㅋㅋ 궁금해지는덕 한번 맛볼래요!!!😮
happy_ggoms | 2024-09-03 | 선8했어요 맞8 부탁해요
eunsil5317 | 2024-09-03 | 두바이식 마카롱 ❤️❤️
manchaelin | 2024-09-03 | 요거 배라맛이 나더라구요오 ..? 아숩..
100rang_food | 2024-09-02 | 카다이프 어디갔어!!!😮
con_coffeeornot | 2024-09-02 | 마카롱 캬아아❤️
wu_hyun | 2024-09-02 | 마카롱도 두바이가 있네영 대박😮
matzip_spoiler_ | 2024-09-02 | 오 먹어볼래요🙌
jjuchelin_ | 2024-09-02 | 두바이초콜렛 생각하고 절대 사지않겠숩니다,,🥹🥹🩷
e.den_0.0 | 2024-09-02 | 먹어볼려고 했는데.. 저는 그냥 보기만 할게욤 ㅋㅋㅋㅋ
__it.s.youn | 2024-09-02 | 앗 두바이맛은 아니지맘 궁금하긴 한대용 ?
hyob_muk | 2024-09-02 | 듀바이 대박 마카롱 귱금한데용ㅋㅋ큐ㅠㅠㅠ비추러니
hyukfood | 2024-09-02 | 오늘도 도장찍고갑니다
j_a_n723 | 2024-09-02 | 두바이초코는 아니군여😂
picky._.eat | 2024-09-02 | 비추여도,,,뚱뚱해서 너무 좋은데여!??
ssonwin_ | 2024-09-02 | 우왓ㅋㅋㅋ 마카롱까지
leeoh_review_ | 2024-09-02 | 잉 ㅠㅠ 두바이초코맛이 아니라니,,😢
1onefood_ | 2024-09-02 | 오옹 두바이 출장 고고씡
mukjung_ | 2024-09-02 | 오늘은구독알지어띠떠
cha.chav | 2024-09-02 | ㅋㅋㅋㅋ 애매하구만요 이것고 ㅋㅋㅋ
hello_s_food | 2024-09-02 | 두바이 초콜렛이랑은 맛이 다르군여😭
sowon_yam2 | 2024-09-02 | 비추!! ㅠㅠ
busan_delicious_diary | 2024-09-02 | 달달하게 맛나보여요 ❤️
kkutti_h | 2024-09-02 | 두바이 ㅋㅋㅋ마카롱ㅋㅋㅋ 진쨔 언제갖ㅋㅋㅋㅋ 그래도궁굼❤️
mukrosee | 2024-09-02 | 두바이 언젴가쥐ㅜㅜㅜㅜ
muko_die | 2024-09-02 | 오 역시 이런 솔직후기 덕에 전 패스🔥
yome_foodie | 2024-09-02 | 두바이 바이바이..😂
gyul_yummy | 2024-09-02 | 당충전하기 딱 좋은데요?💖
korea_foodzone | 2024-09-02 | 마카롱도 이제는 두바이라니!
yums.tory | 2024-09-02 | 아 마카롱❤️❤️
moo_boza | 2024-09-02 | 오ㅐ 비추라 하면 더 먹고싶죠?? ㅋㅋㅋㅋㅋㅋㅋ 사러 갑니더 🔥🔥
ddumugi | 2024-09-02 | 두바이의 인기는 식을줄 모르네요🔥
seoul__foodie | 2024-09-02 | 마카롱까지 나오다니😮
siso_father | 2024-09-02 | 너무 맛있겠어요 😍
muk._.chuuru | 2024-09-02 | 두바이컬렉션❤️
muckza_zzae | 2024-09-02 | 두바이초코맛 아냐!!
foo__zim | 2024-09-02 | 헐,,,이거나도 사먹어야지 ㅎㅎ
ham2_ni__ | 2024-09-02 | 두바이 생각안하고 먹어야겠어여..😮
hihee.e | 2024-09-02 | 오홍 마카롱 넘 먹구파료🙌🙌🙌
muk__jjung | 2024-09-02 | 두바이 마카롱 궁금하네😍두바이생각안하고 구매해봐야겠네요❤️
eat_fp | 2024-09-02 | 비추😂😂😂
ming_foodie_ | 2024-09-02 | 두바이맛 찾기 힘드네여😂
wanteat._.eat | 2024-09-02 | 찐 두바이초코 찾기란 쉽지 않겠네요 ㅠㅠㅠㅠㅠㅠ
do___yummy | 2024-09-02 | 이제ㅜ마카롱까지,, 어디까지 나올것인가!..!!
limeunzzo | 2024-09-02 | 아쉬워라ㅠㅠㅠ 근디 엄청 퉁퉁하네여😮
js__1oo4 | 2024-09-02 | 마카롱 러버라서 이건 못참겠네여🥺🥺🫶🏻🫶🏻
aug_piiggg | 2024-09-02 | 이젠 마카롱까지 나왔나요😂😂😂
muk_tteul | 2024-09-02 | 두바이.. 언제까지 진화할까 보자 @themukeou
churping_oo | 2024-09-02 | 비추라도 먹어볼랴요❤️
berup_x | 2024-09-02 | ❤️"
2024-09-01,1767,변우석씨 민초는 좀 그래.. 변우석의 최애 맛인 민초+엄마는외계인 으로 만든 ‘우석이도 외계인’ 반민초인 내가 먹어보았다..! 📍#배스킨라빈스 💵 47주,"#우석이도외계인, #배라, #신상리뷰, #배라이달의맛, #배라추천, #이달의맛, #변우석, #선재업고튀어, #디저트맛집, #아이스크림맛집, #먹방asmr, #간식추천, #민트초코, #민초단, #민초파, #엄마는외계인, #민트초코아이스크림, #민초, #민초아이스크림","s_1miii | 2024-09-06 | @areumtulip
100rang_food | 2024-09-02 | 변우석씨랑 나랑 취향똑같네..🤔
ch1._0828 | 2024-09-02 | 반민초단 >>>>>>>>>>>
ndzip_ | 2024-09-02 | 반민초지면 도전해보까....!!!❤️
limeunzzo | 2024-09-02 | 역시 우석님두.. 🤍🤍
mat_puri | 2024-09-02 | 반민초라서....좀그래
foodie_hayena | 2024-09-02 | 민초 ❤️❤️❤️ 😂😂
matzip_hyena | 2024-09-02 | 민초단 >>>>>>>>>>>>
laurent_busan | 2024-09-02 | 헐 반민초파인데 민초 엄외조합은 대박 ..
__day._.0 | 2024-09-02 | 오 변우석맛 먹어봐야지
jameslee0911 | 2024-09-02 | 크으 저도 먹어보고 싶어요😍
leeoh_review_ | 2024-09-02 | 와 민초 좋아하는데 먹구파❤️
za_manco | 2024-09-02 | 전 민초파가 아니여서 ㅠ
ham2_ni__ | 2024-09-02 | 우석이와 한발 멀어집니다..
min.ddo_o | 2024-09-02 | 아 저도 반민초요.....😂😂...
mukkarong | 2024-09-02 | 배라 신상은 완전 못참쥬!!🔥🔥
j2ch.busan | 2024-09-02 | ㅋㅋㅋㅋㅋㅋ 츄베릅님 표정이 더 다양해지셨다
ggam_food | 2024-09-02 | 민초파 소리질뤄
bottlejune__96 | 2024-09-02 | 민초에 엄마는외계인이 합쳐서 나온 신상이라니 당장 배라 갈래요!!❤️❤️
jack93kim | 2024-09-01 | 오홋...아주좋군
eunsil5317 | 2024-09-01 | 민초파 먹구싶어요🔥🔥🔥
1onefood_ | 2024-09-01 | 오오 이거 먹어보고싶어용😍😍
muk.seori | 2024-09-01 | ㅋㅋㅋㅋㅋㅋ우석씨… 민초파였군
picky._.eat | 2024-09-01 | 어,,,,민초는 싫지만,,변우석은,,,😍
d_t_muksta | 2024-09-01 | ㅋㅋㅋㅋㅋ민초 좋아하는데………우석이형면 한번 도전!
jjuchelin_ | 2024-09-01 | 우석님때문이라도 먹어봐야겠어요옹😍😍
eating_happily_ | 2024-09-01 | 우석이와 멀어지기 3333….
mukrosee | 2024-09-01 | 민초는 좀 그래...😂
yome_foodie | 2024-09-01 | 맛있었어요❤️
mukjung_ | 2024-09-01 | 그대는 선물입니다~
sowon_yam2 | 2024-09-01 | 저도 민초파 ㄴㄴㄴㄴ
bonny_vely_ | 2024-09-01 | 마싯겟다아❤️❤️
mandoo_balddoong | 2024-09-01 | 우왕 ㅋㅋ 우석이도 외계인 먹으러 가봐야겟네요 ❤️
dokkkiee | 2024-09-01 | 변우석씨 배운분이네..
gangdowoman | 2024-09-01 | 민초단 모여랏😍😍
sleepdish_ | 2024-09-01 | ❤️❤️❤️
mukddo_muk | 2024-09-01 | 이거 저두 먹어보려구용
ssonwin_ | 2024-09-01 | ㅋㅋㅋㅋㅋㅋㅋㅋㅋㅋ전 민초 좋아융
kidmstyle | 2024-09-01 | 저는 민초파에요!😍 요거 궁금하네요
js__1oo4 | 2024-09-01 | 민초 극호라서 이거 맛있게따🫶🏻🫶🏻🫶🏻
muk_captain_ | 2024-09-01 | 볌우석님때뭉에 먹는다
themukeou_2 | 2024-09-01 | 헐 반민초인 나도 극호이겠다🙌🙌
muckza_zzae | 2024-09-01 | 아 맛나겟더😍😍
j_a_n723 | 2024-09-01 | 저도 반민초에여😂😂
gge.juck | 2024-09-01 | 어쩐지 인간치고 너무 잘생겼더라..
hihee.e | 2024-09-01 | ㅋㅋㅋ민초랑 엄외의조합이라이👏
muk_tteul | 2024-09-01 | 민초 싫..엇...
jjong_mattang | 2024-09-01 | 전 아몬드봉봉 먹겠읍니다..😂
berup_x | 2024-09-01 | ❤️
jjgongju_ | 2024-09-01 | 요고 맛있어요❤️"
2024-09-01,301,공차에 짜장펄볶이 밥이랑 먹어봤습니다.. 📍#공차 💵 오리지널밀크티+#짜장펄볶이 7000원 수정됨 · 47주,"#공차신메뉴, #공차추천, #공차메뉴추천, #신상리뷰, #간식추천, #펄볶이, #음료추천, #음료맛집, #디저트맛집, #먹방asmr, #배달맛집, #떡볶이맛집","mat_soolsa | 2024-09-02 | 비주얼 ㅋㅋ😊
colorfulsundays | 2024-09-01 | 어머 ㅋㅋㅋㅋㅋㅋ 이 조합,,,,,,, 궁금해요
ssonwin_ | 2024-09-01 | ㅋㅋㅋ짜장이라니😂
leeoh_review_ | 2024-09-01 | 오 이거 찐으로 궁금하다❤️
js__1oo4 | 2024-09-01 | 이젠짜짱까지🫢🫢
js__1oo4 | 2024-09-01 | 에…에ㅔ…????
bottlejune__96 | 2024-09-01 | 짜장펄볶이 요거 매번 보이더라구요 ㅋㅋㅋㅋㅋ 저도 왠지 도전해보고싶은데요?? ㅎㅎㅎ🙌
matpamine_ | 2024-09-01 | 드디어 나왔구만 뇨녀석👏
hj_foodie | 2024-09-01 | ㅋㅋㅋㅋㅋ 아 밥이랑 먹는게 너무 킹받아 ㅠ🔥
mukkarong | 2024-09-01 | 완전 궁금해요!!🙌🙌
qbee.eat | 2024-09-01 | 아나 밥이랑 ㅋㅋㅌㅋㅋㅋㅋㅋ 아 근데 은근 잘어울릴거가채...
muk.seori | 2024-09-01 | 헐 밥이랑 먹는거 대박,,
misick.mag | 2024-09-01 | ㅋㅋㅋㅋㅋㅋㅋㅋㅋㅋㅋㅋㅋㅋ밥이랑 먹는거 뻘하게 웃기네
food_zohaa | 2024-09-01 | 이거 신박하더라구욬ㅋㅋㅋㅋㅋ
mukddo_muk | 2024-09-01 | 헐 신기해욬ㅋㅋ
sltnqdla | 2024-09-01 | 우와 저도 이거 도전해보고싶은데요❤️
wanteat._.eat | 2024-09-01 | 아니 밥이랑 같이 들어있나요!? 대박ㅋㅋㅋㅋㅋㅋㅋㅋㅋ
j_a_n723 | 2024-09-01 | 이거 궁금하더라구여 먹어보고싶었는데 😂
rara_muk | 2024-09-01 | 오 완전 궁금해요😍
eat_fp | 2024-09-01 | 밥 비벼 먹어야겠어용😮😍
moo_boza | 2024-09-01 | 헐 짜장까지요?? ㅋㅋㅋㅋㅋㅋㅋ 밥이랑 같이 🔥
churping_oo | 2024-09-01 | 밥이랑 찰떡이라니 궁금스❤️
sang_hwa00 | 2024-09-01 | 완전 쫜득이?!
yumyum_soble | 2024-09-01 | 짜장펄볶이라니.. 상상이 안되네요..
cherry.s_pic | 2024-09-01 | 공차 달려갈래요 💓
mukdang0 | 2024-09-01 | 쫜딕 츄베릅❤️❤️
themukeou | 2024-09-01 | 궁금하니 한번 먹어볼께❤️
hyukfood | 2024-09-01 | 🥰🥰
ddunny_ddun | 2024-09-01 | 오..궁굼하당..❤
sowon_yam2 | 2024-09-01 | 나쁘지않은데옹😮❤️❤️
mukb_read | 2024-09-01 | 이왜진…😂
muko_die | 2024-09-01 | 오웈ㅋㅋㅋㅋㅋㅋ밥이랑먹는겈ㅋㅋㅋㅋ넵 오늘 가보겠슴다!!🔥
foodminister_ | 2024-09-01 | 헐 이런게잇다니
n_treasure_love | 2024-09-01 | 완전 궁금쓰😍
mukrosee | 2024-09-01 | 어우 짜장펄볶이 궁금해용!ㅋㅋㅋㅋㅋ
muk_captain_ | 2024-09-01 | 와.. 기걸..?? 궁금한데 먹고싶지 아나..
mukjung_ | 2024-09-01 | 나어제 갔는데 공차 줄엄청길었어..
yome_foodie | 2024-09-01 | 진짜 이거 밥 땡겨여❤️
eating_happily_ | 2024-09-01 | 앜ㅋㅋㅋㅋ 밥이랑 먹을게욬ㅋㅋㅋㅋㅋㅋ
gge.juck | 2024-09-01 | 궁금은 한데….!😮
min.ddo_o | 2024-09-01 | 왘 밥이랑ㅋㅋㅋㅋㅋㅋㅋ신기해요😂😂
ddonge_e_ | 2024-09-01 | 오 ㅋㅋ이거 먹어보고싶었는데🔥
eats__good_ | 2024-09-01 | 미쳐따😍 찐으로 맛있어보여요ㅋㅋ
cha.chav | 2024-09-01 | ㅋㅋㅋㅋㅋ 뭐래요 이거 ㅋㅋㅋ 밥 ㅋㅋㅋㅋ 😂😂
ming_foodie_ | 2024-09-01 | 밥이랑 찰떡이라니 오마이갓
korea_foodzone | 2024-09-01 | 헐 짜장펄이라니
jack93kim | 2024-09-01 | 음...별로일거같지만..흠흠...
muk_joongsa | 2024-09-01 | 밥이랑 먹은거 치트킼ㅋㅋㅋㅋㅋㅋ 넘 궁금하긴하다요ㅜㅜ
berup_x | 2024-09-01 | ❤️
muckza_zzae | 2024-09-01 | 헉 밥이랑 찐이여,,궁금하다여😮"
2024-08-31,335,"닭다리 쟁탈 사건 ? <가마꿉 당하점> 가마솥에 구워 기름이 쏘옥 빠지고 겉바속촉 미친 치킨🫶🏻 친구가 닭다리 두개 다먹고 나선 화냈더니 치킨 새로 하나 사주겠다는거야;; 순살양념모짜로 시켰는데 양념모짜는 치즈 가득🫶🏻 양념은 매콤한게 중독성 최고라 치밥으로도 딱🫶🏻 떡볶이는 납작길쭉한 떡인데 라면사리까지 들어있음🫶🏻 치즈볼은 뿌링클맛이라 단짠 미쳤는데 치즈 머선일?!🫶🏻 이 영상 보고왔다하면 떡볶이가 공짜래!?❤️ 근데 사준다고 해도 닭다리 혼자 두개 다먹는건 아니지 않나??🫢 어케 생각해..? 📍#가마꿉 📍 인천 서구 청마로167번안길 15 당하올제 1층 가마꿉 ⏰ 월-목 13:00-03:00, 금-일 11:00-03:00 💵 가마솥양념모짜 19900원 💵 가마솥오리지널구이 15900원 💵 떡볶이 7000원 47주","#인천맛집, #인천맛집추천, #인천데이트코스, #인천데이트, #치킨맛집, #배달맛집, #로스트치킨, #치킨추천, #치킨먹방, #떡볶이맛집, #가마솥치킨, #먹방asmr, #당하동맛집, #인천서구맛집, #검단맛집","hyun_gun_ch | 2024-09-02 | 이제 눈빛도 팔딱팔딱
colorfulsundays | 2024-09-01 | 비주얼 미쳤어요🔥🔥🔥🔥
ddub_e2 | 2024-09-01 | 지려 베릅!!!😋
rara_muk | 2024-09-01 | 가마솥에 구운 치킨 넘 맛있을듯😍
jinarye | 2024-09-01 | 여기 맛있는데 ㅎ ㅎ
queensgarden_shabu | 2024-09-01 | 꺄악♡♡♡이건 안맛있을 수가 없는 비주얼👍👍👍
군침이 뚝뚝뚝💦💦💦
너무 맛있어 보여요🎊🎊🎊 .
mukjung_ | 2024-09-01 | 치킨왜캐귀야윰ㅋㅋㅋ
jjupteacher_k | 2024-09-01 | 비주얼 진짜 미쳤네요!! 당장 먹구싶어요❤️
100rang_food | 2024-09-01 | 양념치킨 쏜다니까 봐준다..😮
kkutti_h | 2024-09-01 | 힌 쌀밥에 치밥은 찐이주❤️
foodgallery_club | 2024-09-01 | 분위기 좋네요!!! 대박대박 ㅎㅎ
muk._.chuuru | 2024-08-31 | 닭다리파 울어...😢
sltnqdla | 2024-08-31 | 와 퀄리티부터 남다르잖아요ㅠㅠ❤️
eating_happily_ | 2024-08-31 | 사줘도 또 ㅋㅋㅋㅋㅋㅋㅋ😂😂😂
bottlejune__96 | 2024-08-31 | 닭 야들야들 미쳤는데 치즈까지 도라방스인데요?? ㅎㅎㅎ😍😍
jjuchelin_ | 2024-08-31 | 가마솥에 구워 담백하고 겉바속촉 제대로일거같은데요😍😍 닭다리 두개는 용서 모태,,👀
manchaelin | 2024-08-31 | 비주얼 완전 화나요,, 못 먹어서 화나,,🔥
mukrosee | 2024-08-31 | 치즈 많아서 조아요ㅠㅠㅠ
yumyum_report | 2024-08-31 | 치즈로 줄넘기해두될거같아영
ssonwin_ | 2024-08-31 | 와ㅠㅠㅠㅠㅠㅠ 치즈 한가득 먹고 파용 닭다리살이랑
sse_luv | 2024-08-31 | 여기 맛있졍👏
sacval | 2024-08-31 | 치즈 늘어나는거 보니까 배가 꼬르륵~~😢😢
hj_foodie | 2024-08-31 | ㅠㅠㅠ 닭다리에 떡볶이조합 미쳐써❤️
food_zohaa | 2024-08-31 | 치즈 쩔어요
sowon_yam2 | 2024-08-31 | 와ㅠㅠㅠ떡볶이공짜이득 ❤️❤️
dog.matdori | 2024-08-31 | 치밥이 지대루닷🙌🏻
j_a_n723 | 2024-08-31 | 와치즈 무슨일이에여 😂😂
yome_foodie | 2024-08-31 | 치즈 쩌러융❤️❤️
ggam_food | 2024-08-31 | 치밥까지 갓벽❤️
freetygirl2024 | 2024-08-31 | 치밥 너무 먹고싶어영!!😍
mmzip_daejeon | 2024-08-31 | 헐 기여운 닭들..
eat_fp | 2024-08-31 | 닭다리 선 넘었😂😂😂
hotdor_s | 2024-08-31 | 댕 야무지게 먹고왔네 ㅋㅋㅋㅋㅋ
hello_s_food | 2024-08-31 | 헐 닭다리 선 넘었네
ddo_sil | 2024-08-31 | 가마꿉 쫀맛탱이죠👏
teddy_zip_ | 2024-08-31 | 우앙 가마솥치킨 넘 맛나겠어요😍
gge.juck | 2024-08-31 | 치킨쐈으니 봐주는걸류😮
zin___nxy | 2024-08-31 | 이정도면 술찌인 저도 술고래로 변신 가넝할거같아요 🐳
muk_captain_ | 2024-08-31 | 치즈 혹시 중국산인가용 엄청 늘어나네욥
jack93kim | 2024-08-31 | 이 영상 보여주면 떡볶이 서비스래요 여러분 ★
jack93kim | 2024-08-31 | 요거 나도 먹구 싶다....
yamyam_sisters | 2024-08-31 | 닭다리 ㅋㅋㅋㅋ선 넘었네요?ㅋㅋㅋ 떡볶이 서비스 좋다❤❤
js__1oo4 | 2024-08-31 | 닭고기 야들야들❤️❤️
js__1oo4 | 2024-08-31 | 치밥 지기겠다🤤🤤🤤
miri_muk | 2024-08-31 | 와 여기 진짜 맛날 것 같네요~~ 양념 시켜줬어도 다리 두개는..등판 스파이크🙌🙌
gwangju_oneallzero | 2024-08-31 | 치즈@예술티다냥😍
ssu__kyoung | 2024-08-31 | 와!!! 가마솥에 주르륵 줄서있는 닭😍😍😍😍대박
hee.muk__ | 2024-08-31 | 치즈 대박이네요💛
limeunzzo | 2024-08-31 | 와 치즈 어디까지 늘어나는거에요ㅠㅠㅠㅠ
hihee.e | 2024-08-31 | 왘ㅋㅋㅋㅋㅋ치즈 늘어나는거 미쳤자나요
berup_x | 2024-08-31 | ❤️
muckza_zzae | 2024-08-31 | 치밥 너무 맛나보이자나영❤️"
2024-08-29,363,CU 두바이초콜릿 발전했는데? CU에서 두바이초콜릿인 카다이프앤피스타치오 하트초콜릿 출시! 이번엔 찐 카다이프를 넣은 제품이라는데 일단 다른 편의점꺼 대비 바쟉한 식감이 적고 피스타치오 맛은 잘 모르겠음;; 그래도 두바이스타일초콜릿 때보단 발전해서 돌아옴..! 근데 이건 두바이초콜릿 아님;; 신기한건 여기서 왜 땅콩버터맛이 나지..? 📍#CU 💵 48주,"#카다이프앤피스타치오하트초콜릿, #씨유신상, #간식추천, #신상리뷰, #먹방asmr, #두바이초콜릿, #두바이초콜렛, #편의점두바이초콜릿, #편의점신상, #편의점디저트, #디저트맛집, #편의점추천, #피스타치오","foodgallery_club | 2024-09-01 | 군침 돈다잉🙄🙄
gwangju_oneallzero | 2024-08-31 | 두바이초콜릿 주세욕😍😍
d_69._h | 2024-08-31 | حلو استمري🙌❤️
mukkarong | 2024-08-30 | 땅콩버터맛...!! 매우궁금해요!!🔥🔥
fooodpolice | 2024-08-30 | ㅋㅋㅋㅋㅋ증말륭 먹어봐야겟네요🔥
muk._kw | 2024-08-30 | 달달구리 초코❤️❤️
1onefood_ | 2024-08-30 | 와 두바이 출장 함 가시죸ㅋㅋㅋㅋ
gge.juck | 2024-08-30 | 두바이 편의점 점령 완료
wanteat._.eat | 2024-08-30 | 아니 땅콩버터?! 그래도 이전보단 많이 나은가봐요😮
js__1oo4 | 2024-08-30 | 하트모양 너무 귀엽쟈냐요🫶🏻🫶🏻
mukbulim_0817 | 2024-08-30 | 모양새가 씨유 두바이인데..
muuk.dda | 2024-08-30 | 은근 땅콩버터 끼워넣으셨나
matcoder_ | 2024-08-30 | 오 제대로 된 것이 나온건가
sltnqdla | 2024-08-30 | 오 드디어 씨유 발전했다니용❤️
ddub_e2 | 2024-08-30 | 빠이베릅🔥
100rang_food | 2024-08-29 | 편의점의 한곈가..😢
bottlejune__96 | 2024-08-29 | 땅콩버터맛이요…??ㅋㅋㅋㅋㅋ 조금 발전한(?) 두바이네요 ㅎㅎㅎ😂👏👏
meokdoong | 2024-08-29 | ㅋㅋㅋㅋㅋㅋㅋㅋㅋ두바이 조금씩발전중..(?)
eating_happily_ | 2024-08-29 | 땅버맛은 뭘까욬ㅋㅋㅋㅋ 저는 씨유 두바이는 컵케이크부터 바이바이 해서 기대도 안되더라구요 ㅋㅋㅋㅋㅋ😂
mochl_ahahcnl | 2024-08-29 | 씨유 당장 달려갓 🔥🔥🔥
wu_hyun | 2024-08-29 | 와 진짜 대박이자나요 너무 먹고 싶어영 궁금😮
biggn_o | 2024-08-29 | 땅콩버터맛이라닠ㅋㅋㅋ두바이감별사 두베릅🔥
muksta_turbo | 2024-08-29 | 오 ㅋㅋ 대박
hello_s_food | 2024-08-29 | ㅋㅋㅋ 이젠 얘네들이 두바이초콜릿을 재해석하네
limeunzzo | 2024-08-29 | 땅콩버터라니 맥쭈 생각나요 😮
ssonwin_ | 2024-08-29 | 요즘 두바이 핫하네요🔥🔥
mukddo_muk | 2024-08-29 | 궁그한데여😍
mukjung_ | 2024-08-29 | 버터맛..? 궁그매
muko_die | 2024-08-29 | 땅콩버터맛이라닠ㅋㅋㅋ이런😂
yome_foodie | 2024-08-29 | 발전하는 씨유 하트모양 귀여워여❤️
bokjaaa___ | 2024-08-29 | 이거 궁금했는데 참을게옄ㅋㅋㅋ
ruri.food | 2024-08-29 | 두바이 안질려?!?😮😮😮
jjong_mattang | 2024-08-29 | ㅋㅋㅋㅋㅋㅋ 편의점 마스터 베릅님🔥
jack93kim | 2024-08-29 | 두바이!! 그만 !!!!!
ndzip_ | 2024-08-29 | ㅋㅋㅋ발전했네여 ㅋㅋㅋ ㅠㅠ😮
food_zohaa | 2024-08-29 | 와 두바잌ㅋㅋ ㅋ미쳣ㅋㅋ
mukrosee | 2024-08-29 | ㅋㅋㅋㅋㅋㅋㅋㅋ두바이 미세하게 좋아지네욬ㅋㅋㅋ
_zez_e__ | 2024-08-29 | ㅋㅋㅋㅋㅋㅋㅋㅋ이제 못믿어 씨유 ㅠ
tastebuds__official | 2024-08-29 | 피스타치오 맛이 적은거 아쉽네용😢
muckza_zzae | 2024-08-29 | 이전보다 발전 ,,,😮
leeoh_review_ | 2024-08-29 | 땅콩버터맛이 난다구? 이거 먹어보려구했는뎅!
muk_tteul | 2024-08-29 | 두바이에서 추베륲 상줘야해..
themukeou | 2024-08-29 | 땅콩 버터맛나..?😮
hihee.e | 2024-08-29 | @bokbokhwi 사죠
eat_fp | 2024-08-29 | 두바이 초콜렛 먹어볼래용
tastyseoul_ | 2024-08-29 | 요즘 핫한 두바이초코렛 😍😍
moo_boza | 2024-08-29 | 표정에서 다 말해주는데여?? ㅋㅋㅋㅋㅋㅋㅋㅋ 카다이프가 없긴하다요 ㅠ
__it.s.youn | 2024-08-29 | 요고는 또 어떨까 궁금하네요 ~
jovny.busan | 2024-08-29 | 살까말꽈
sowon_yam2 | 2024-08-29 | 땅통버터맛😮😮
gyul_yummy | 2024-08-29 | 그래도 점점 발전하는군옄ㅋㅋㅋㅋ
berup_x | 2024-08-29 | ❤️"
2024-08-29,190,"젤리러버 필수코스 젤리블리에도 제로가 나왔다? 젤리블리 제로 오렌지망고맛 출시! 당류제로 칼로리제로라 부담도 제로🫶🏻 상큼한 오렌지에 달달한 망고맛🫶🏻 밍밍하지도 않고 맛있는 과일맛🫶🏻 탱글함은 그대로 살아있기까지🫶🏻 달달한데 제로라니 신기할 뿐!🫶🏻 완전 다이어트 간식으로 딱🫶🏻 📍GS25, CU 💵 900원 48주","#젤리블리제로오렌지망고, #젤리블리제로, #젤리블리, #젤리먹방, #신상리뷰, #간식추천, #먹방asmr, #디저트맛집, #씨유신상, #편의점신상, #편의점디저트, #편의점추천, #젤리추천","yome_foodie | 2024-08-31 | 헐 이게 제로라니❤️
taetae_foodie | 2024-08-31 | 헐 제로라니 당장 음료에 타먹어야겟어융😮
biggn_o | 2024-08-30 | 헠ㅋㅋㅋ이건 먹어봐야겠다😍
korea_foodzone | 2024-08-30 | 제로라서 너무좋은대용
h_mochi_bungeo | 2024-08-29 | 저 아까 얼려먹었는데 얼먹 강추합니다!‘
sb.matzip | 2024-08-29 | 넘 맛있겠네요😍
busan_grida | 2024-08-29 | 제로 합격!!!!!
j2ch.busan | 2024-08-29 | 너무 맛있게 드셔서 다이어트 간식 아닌줄 알았어요ㅋㅋㅋㅋ
bokjaaa___ | 2024-08-29 | 제로 진짜 많이 나와서 넘 좋네여 ㅎㅅㅎ
food_zohaa | 2024-08-29 | 젤리 사랑이자나요❤️❤️❤️
eat_fp | 2024-08-29 | @reekyung_h
eeekha1 | 2024-08-29 | 제로라서 부담도 덜할거 같아요 👍
muckza_zzae | 2024-08-29 | 제로라니 미쳐따
muk_captain_ | 2024-08-29 | 넘 비싼
muk_captain_ | 2024-08-29 | 제로?? 다 내꺼다
sowon_yam2 | 2024-08-29 | 쫜쫜하겠어요 제로라니❤️
wanteat._.eat | 2024-08-29 | 아니 제로라구요,,,,,?! 딱 저를 위한거잖아요ㅋㅋㅋㅋ😍❤️
hyukfood | 2024-08-29 | 좋구만여!
hello_s_food | 2024-08-29 | 오 가격도 제로수준👏
j_a_n723 | 2024-08-29 | 다이어트하는저한테(?) 딱이에요
jinarye | 2024-08-29 | 900원?!
jjuchelin_ | 2024-08-29 | 탱글탱글 오렌지와망고맛 젤리제로라니😍😍❤️
jjong_mattang | 2024-08-29 | 집에 한박스 쟁여놓고 당 떨어질때 먹어야겟다🔥
bottlejune__96 | 2024-08-29 | 우왕 젤리에도 제로가 있다니 대박인데요??😮😍
mukrosee | 2024-08-29 | 제로제로 너무 조아요❤️❤️
yumyum_soble | 2024-08-29 | 젤리블리 제로라니❤️ 넘 궁금한데요!?
eating_happily_ | 2024-08-29 | 오예 다이어트 성공해여지(?)ㅋㅋㅋㅋㅋㅋ❤️
mukjung_ | 2024-08-29 | 마싯겟댜 다이어어트중인데..(?)
cha.chav | 2024-08-29 | ㅋㅋㅋㅋ 뭔가 젤리랑 잘 어울리는 상큼함이심다 ㅋㅋㅋ
mukb_read | 2024-08-29 | 젤리러버 여기요🙌
hdul_daily | 2024-08-29 | 오 제로못참지
muk._.chuuru | 2024-08-29 | 젤리 가격도착하네?
jack93ssong | 2024-08-29 | 오 뤤 지 망 고 !!!
100rang_food | 2024-08-29 | 헉 제로라니 이거 학생때 많이먹었는데😮
js__1oo4 | 2024-08-29 | 달달구리할거 같은제 제로라니😍
js__1oo4 | 2024-08-29 | 말랑말랑❤️
muk.seori | 2024-08-29 | 헐 뭐야 900원 가격도 겁나 괜찮은데여?
muk.seori | 2024-08-29 | 오 진짜 다이어트 간식으로 딱인데요!!!
food_eoni | 2024-08-29 | 제로 젤리라니 너무 좋아요❤️❤️
anjjanjjan | 2024-08-29 | 제로라니 맘놓고 흡입 해줘야죠,,😍😍
ggam_food | 2024-08-29 | 먹어보고싶네여🙌🙌
yumyum_report | 2024-08-29 | 진짜 다이어트 간식으로 딱이네용
mukbulim_0817 | 2024-08-29 | 오!!제로😍😍😍
leeoh_review__ | 2024-08-29 | 다이어트 간식으로 딱❤️
berup_x | 2024-08-29 | ❤️"
2024-08-28,2314,한달만에 15만개 팔린 쿠키라고 ? <버터앤쉘터> 연남동에서 찾은 두바이초코쿠키 맛집인줄 알았는데🫶🏻 이미 버터샌드가 유명한 곳! 분위기도 유럽가정집 온 듯 이쁘고 갬성 있음🫶🏻 옆테이블이 10박스 포장해가길래 나도 맛별로 한박스씩 샀는데 버터풍미에 달달한 카라멜이 커피랑 먹기 딱 좋은 샌드쿠키🫶🏻 초코랑 기본 먹었는데 기본 버터샌드가 제일 맛있었음🫶🏻 버터샌드는 포장도 이뻐서 선물용으로도 딱🫶🏻 두바이쿠키는 딸기맛도 있었는데 기본맛이 카다이프 가득 바작달달 맛있음🫶🏻 피스타치오크림라떼에 찍어먹으면 환상의 케미🫶🏻 근데 초당옥수수라떼가 크림이 쫀쫀달달 존맛🫶🏻 심지어 스콘도 다 맛있어서 포장까지해서 쟁여와버린🫶🏻 📍#버터앤쉘터 📍 서울 마포구 성미산로 170 102호 ⏰ 매일 10:00-21:00 48주,"#연남동맛집, #연남동카페추천, #연남동맛집추천, #연남동디저트카페, #연남동데이트추천, #연남동쿠키, #두바이초콜릿, #두바이초코쿠키, #버터샌드, #스콘맛집, #케이크맛집, #선물추천, #생일선물추천, #홍대맛집추천","half_baked__dessert | 2024-10-31 | 배고파요 ㅠㅠ
mukkarong | 2024-08-30 | 오우~~뭐부터 먹으면 되나요?!!🙌🙌🙌
bee__yummy | 2024-08-30 | 헉 대애박😮😮❤️
muk._.ssu | 2024-08-30 | 버터샌드하면 이제 버터앤쉘터밖에 생각 안나여 ㅜ
mat_puri | 2024-08-30 | 버터샌드 비주얼 대박적❤️❤️
bottlejune__96 | 2024-08-29 | 크으 버터앤쉘터 여기 최고더라구요 ㅠㅠㅠ😍😍 버터샌드 맛보러 올만에 가고싶네용!!!🙌
ming_foodie_ | 2024-08-29 | 아 여기 버터샌드 넘 먹어보고파여ㅠ
dokkkiee | 2024-08-29 | 완전 기여워버터샌드ㅠㅠㅠㅠ나두 살래🙌
food_zohaa | 2024-08-29 | 쿠키옴뇸뇸 할래요❤️
muksta__chunsik | 2024-08-29 | 빠다샌드 이거지...❤️
meokkoking | 2024-08-29 | 버터샌드도 좋은데 두바이쿠키까지😍
gimeunseol514 | 2024-08-29 | 우아아 버터샌드 한가득 사올래요 🙌❤️❤️
tastebuds__official | 2024-08-29 | 여기 샌드 넘 궁금해요😍😍
matzip_hyena | 2024-08-29 | 버터샌드 배달해주세요! 🤤
meokdoong | 2024-08-28 | 헐이거먹고싶어여ㅜ버터샌드..😍
1onefood_ | 2024-08-28 | 오옹 너무 궁금한데용😍
mukbulim_0817 | 2024-08-28 | 버터샌드 궁금해요
jjuchelin_ | 2024-08-28 | 유럽갬성부터 샌드쿠키가 진짜 늠 맛나보여요😍😍❤️
hh.__.jin | 2024-08-28 | 버터샌드 맛도리ㅜㅜ
100rang_food | 2024-08-28 | 악 저도 가서 쟁여올래요😮
foodgallery_club | 2024-08-28 | 대박인데여 ㅎㅎㅎ 달려달려
wu_hyun | 2024-08-28 | 15만개요? 와 정말 쩌는데영 궁금해용😮
jjong_mattang | 2024-08-28 | 제것두 한박스 있는거죠 ㅎㅎ???
hyunjae_mukstagram | 2024-08-28 | 버터앤쉘터💙
manchaelin | 2024-08-28 | 와 10박스씩이나요,,? 저두 하나 선물 해야게써요 ..🥺🥺
mochl_ahahcnl | 2024-08-28 | 이거 비주얼 너무 폭룡적 ,,😍
sltnqdla | 2024-08-28 | 우와 여기 분위기도 제 취향이에요❤️
magoo_wagoo | 2024-08-28 | ㅠㅠㅠ아 여기 궁금해용❤️
sowon_yam2 | 2024-08-28 | 저여기먹고 놀랐잖아요….😮
eunsil5317 | 2024-08-28 | 와 15만개 ㅎㄷㄷ 엄청나네요😮
mukjung_ | 2024-08-28 | 찍먹할래나듕❤️
busan_grida | 2024-08-28 | 한달만에 15만개요?? ㅎㄷㄷ
muk.seori | 2024-08-28 | ㅘ 이건 진짜 포장해서 쟁여놓고 먹어야할듯 ;;;
hyob_muk | 2024-08-28 | 여긴 존막이쥬ㅠㅠ 두바이초코쿠키도 먹구푸다❤️
hj_foodie | 2024-08-28 | ㅠㅠㅠ내가 좋아하는집❤️ 난 여기 바푸조아행
hihee.e | 2024-08-28 | 우왕ㅋㅋㅋㅋ여기 버터샌드 존맛이에여❤️
muk._.chuuru | 2024-08-28 | 버터샌드 딱봐도.,❤️
yunny._.yum | 2024-08-28 | 저도 쟁여오고싶어요❤️ 버터샌드 특히 미쵸떠요🔥
hyobongi_muck | 2024-08-28 | 두바이쿠키에 피스타치오라떼 완전 취저에요❤️버터샌드도 무조건 포장해야할거같아요😍
churping_oo | 2024-08-28 | 입안이 달달해져😍
ggam_food | 2024-08-28 | 버터샌드미쵸❤️
mat_daji | 2024-08-28 | 버터쿠키
bbbm_jg | 2024-08-28 | 어머 너무 조은데요
due.foodie | 2024-08-28 | 비쥬얼 끝장나는데요?🥹🥹
wanteat._.eat | 2024-08-28 | 피스타치오크림에 두바이 찍먹하면 맛있죠😍 여기 버터샌드 찐맛집;;
js__1oo4 | 2024-08-28 | 버터샌드 너무 맛있어여❤️❤️
hello_s_food | 2024-08-28 | @hyunik8_8 빨리 이거 사 와
cherry.s_pic | 2024-08-28 | 우앗 달다구리 최고네요 💓💓
siso_father | 2024-08-28 | 너무 먹고싶네요😍
leeoh_review_ | 2024-08-28 | 내껏도 포장해찌?
seoul__guide | 2024-08-28 | 두바이초코쿠키 대박..완전 군침돌아요 ㅠㅠ
ham2_ni__ | 2024-08-28 | 이거 마약쿠키에여😮
eating_happily_ | 2024-08-28 | 저드 쟁여올래요$><
j_a_n723 | 2024-08-28 | 와 버터샌드 먹어보고싶어요 😮
colorfulsundays | 2024-08-28 | 😍😍😍😍😍
colorfulsundays | 2024-08-28 | 요기 버터샌드 너무 맛있어요❤️❤️❤️
jinarye | 2024-08-28 | 15만개 팔렸다니😮
moo_boza | 2024-08-28 | 여기 버터샌드 맛있다 하더라구여 ㅠㅠ,, 추석 선물 여기서 겟할래요 ㅋㅋㅋㅋㅋㅋㅋ 🔥
korea_foodzone | 2024-08-28 | 와 쿠키맛나겟당
mukddo_muk | 2024-08-28 | 헐 먹고싶어요❤️
gyul_yummy | 2024-08-28 | 이 쿠키 존맛이에여ㅠㅠ
jameslee0911 | 2024-08-28 | 크으 저도 먹어보고 싶어요😍
limeunzzo | 2024-08-28 | 여기 버터샌드 진심 존맛여 🥹🥹
chu.berup_jmt22 | 2024-08-28 | ❤️
themukeou | 2024-08-28 | 포장까지 쟁여왔으면 내꼬는?😮
eat_fp | 2024-08-28 | @reekyung_h
muk_joongsa | 2024-08-28 | 포장까지해서 쟁여온 사람 베릅공주염!
matpamine_ | 2024-08-28 | 버터샌드? 궁굼하네요😮
yeoni_mukstar | 2024-08-28 | 저도 여기 넘 궁금하더라구요!!
muckza_zzae | 2024-08-28 | 버터샌드 미쳐❤️
berup_x | 2024-08-28 | ❤️"
2024-08-27,297,"귀여운 인생네컷 무료로 찍는 법? 용산 아이파크몰에 열린 구슬스 X 지존 콜라보 팝업!🫶🏻 아이파크몰 쇼핑하다가 발견한 팝업🫶🏻 앉아서 쉴 공간도 있어 너무 좋음🫶🏻 8가지맛을 내맘대로 고를수 있는 대왕구슬아이스크림🫶🏻 공던지기 게임으로 친구랑 내기도 하고🫶🏻 이겨서 구슬아이스크림도 얻어먹고🫶🏻 이쁘고 귀여운 굿즈들도 가득한데 인테리어도 이쁘게 꾸며놔서 사진도 찍기 딱🫶🏻 이쁜 굿즈들 담고담다 보니 어느새 양손 가득🫶🏻 2만원 이상 구매시 포토부스 무료쿠폰을 주는데 프레임도 귀여워서 맘에 쏙🫶🏻 심지어 찐 카다이프가 든 두바이초코쿠키까지 팔고 있어서 당충전 하기 최고🫶🏻 📍팝업 장소 8/26-9/5 (11일) - 용산 아이파크몰 6층, 더코너 (투썸 앞) 9/6-9/12 (7일) - 용산 아이파크몰 6층 CGV앞 📍#용산아이파크몰 📍 서울 용산구 한강대로23길 55, 6층 더코너 48주","#구슬스, #지존, #용산맛집, #용산맛집추천, #용산데이트, #용산데이트코스, #용산디저트, #용산카페추천, #아이파크몰, #아이파크몰맛집, #구슬아이스크림, #대용량구슬아이스크림, #용산역맛집, #용산구맛집, #용산카페, #용산역카페, #빵지순례, #팝업스토어, #용산아이파크몰팝업, #용산아이파크몰카페","mogura_gram | 2024-08-28 | 꺄 여기 최고❤️
reels_pandagom | 2024-08-28 | 넘 맛있겠판다❤️❤️🐼🐼 가고시퍼용!!
livinglog_official | 2024-08-28 | ㅋㅋㅋ 구슬스 맛있어요!!ㅋㅋ
biggn_o | 2024-08-28 | 와 ㅋㅋㅋ여기 놀러가면 잼나겠다여😍
ddo__yam | 2024-08-28 | 키에에 내 사랑 구슬아스크림 팝업이라녀 ㅠㅠㅠㅠ대박
korea_foodzone | 2024-08-28 | 구슬 아이스크림은 못참져~~
mukdang0 | 2024-08-28 | 구슬아이스크림 맛나보여용❤️
sltnqdla | 2024-08-28 | 오앙 알록달록 졸귀에여❤️
muckza_zzae | 2024-08-28 | 우앙 너무 귀엽다ㅠㅠ
gge.juck | 2024-08-28 | 구슬아이스크림 대왕인게 으른의맛
jjong_mattang | 2024-08-28 | 두바이쿠키+구슬아이스크림 조합 미쳣다 ㄷㄷ
sowon_yam2 | 2024-08-28 | 두바이초코까지용!!
ruri.food | 2024-08-28 | ❤️❤️
ruri.food | 2024-08-28 | 무료인생네컷 기엽다❤️
mukjung_ | 2024-08-28 | 달려갈래에❤️
juner_315 | 2024-08-28 | 구슬아이스크림 실 컷 먹고싶어요😮
wanteat._.eat | 2024-08-28 | 두바이초코쿠키까지 팔다니 ㅠㅠㅠㅠㅠㅜ 넘 좋은데요?!😍
mukbulim_0817 | 2024-08-27 | 구슬아이스크림 먹으러 가야 겠어요
1sd1ove | 2024-08-27 | 진짜맛있겠다🤤🤤🤤
100rang_food | 2024-08-27 | 왁 요거 기욥따..😮
bonge_o0o_food | 2024-08-27 | 나두 가구싶짜나❤️
rara_muk | 2024-08-27 | 구경가고 싶어요😍
2overhave | 2024-08-27 | @solll__rain_ 여기가보자😍😍😍
bottlejune__96 | 2024-08-27 | 대용량 구슬아이스크림에 두바이초콜릿 쿠키까지 맛볼수있다니 당장 용산으로 날라가고파요 ㅠㅠㅠ😍😍
fnvidir | 2024-08-27 | 오랜만에 용산 가야겠어요🔥
wu_hyun | 2024-08-27 | 팝업만 찾아다니고 싶네영 ㅜㅜ 대박이다
hyukfood | 2024-08-27 | 간만에 달려줘야겠다 👍
81ackp0ny | 2024-08-27 | 구슬아슈크림,,,,,🤤
moo_boza | 2024-08-27 | 오오 요고 재밌겠는데요?! 아이스크림까지 못참지〰
h.s.lee_98_1864 | 2024-08-27 | 알바 공고 보고 구슬스 단기 알바 뛰어봤던 사람입니다. 졸래 맛있습니다.
tjwjdgh93 | 2024-08-27 | 와 아이스크림 내기하면 딱이겠네
leeoh_review_ | 2024-08-27 | 끝나기 전에 달려갈까❤️
foodgallery_club | 2024-08-27 | 침넘어간당....
hye_foodie_ | 2024-08-27 | 갸아ㅏ 당장 갈래요 두바이도저장저장
dbswldud00 | 2024-08-27 | 구슬스 좋아요~👏👏
muksta_turbo | 2024-08-27 | 댕 귀엽다
ham2_ni__ | 2024-08-27 | 헐 이런팝업 너무 조아여.:❤️
yunvvv_ | 2024-08-27 | Gogo!!!!!🔥🔥🔥
qbee.eat | 2024-08-27 | 우와,, 대왕구슬아이스크림 ㅠㅠㅠㅠㅠ 게임까지 ㅋㅋㅋㅋ 개꿀잼🤍
alswn_52 | 2024-08-27 | @yunseong1408 구슬스 존맛인데ㅠㅡㅠ 팝업도 한대!😲
yoondamm_koon | 2024-08-27 | @o__bean 난 준비됐어
hi_hyo1016 | 2024-08-27 | @cheolhoya 구슬스 존맛임 🫶🏻
orchisaristata_ | 2024-08-27 | @dxoem_ 사줘
j_a_n723 | 2024-08-27 | 헐 넘 귀여워요 😍😍
goosles | 2024-08-27 | ❤️
siwoong | 2024-08-27 | 구슬스랑 두바이초코라니!!!!!!!!!!
yumyum_report | 2024-08-27 | 오 두바이초코쿠키까지😍
muk_joongsa | 2024-08-27 | 양손 가득해서 오는거 넘 죠아요...❤️
hello_s_food | 2024-08-27 | 세숫대야에 퍼주세요
ming_foodie_ | 2024-08-27 | 놀러가기도 좋겠어요😍
iamyyunseo | 2024-08-27 | 🫶🫶🫶
sse_luv | 2024-08-27 | 맛있어보여요,,🥹
misik_oppa | 2024-08-27 | 오웅 증말루 달려가야겠네요 🔥
crojjun23 | 2024-08-27 | 공 던지기 미처따 가즈아🔥
mukddo_muk | 2024-08-27 | 헐 용산 갈래여❤️
zu._.3un | 2024-08-27 | @8_25_____ @_dohiiii_ 미쳐따...낼가자ㅠㅠ🤍🤍
dxoem | 2024-08-27 | @yeeeah_vely_ 헥 바로 용산 달려갓!
sunday_s_event | 2024-08-27 | 저 요즘 구슬스에 빠져서 1일 1 구슬스 하는 중이에요…..🥹
hyemong__ | 2024-08-27 | @yeonje_1203 우와 이런데가 다있네~😮
be._.camino | 2024-08-27 | 가즈아🔥
iamgihun | 2024-08-27 | 가고싶어요~~😍
muk.seori | 2024-08-27 | 오 두바이쿠키까지… 인생네컷도 좋은데여
js__1oo4 | 2024-08-27 | 구슬아이스크림 보니까 설레이는데요🩷🩷🩷
eating_happily_ | 2024-08-27 | 끝나기 전에 얼른 달려갈래요❤️ 두바이초코쿠키도 궁금><
themukeou | 2024-08-27 | 끝나기전에 얼른 달려갈래🙌🙌
jack93kim | 2024-08-27 | 오아..요런 팝업 ❤️
gyul_yummy | 2024-08-27 | 아이스크림 좋아여💖
yumyum_soble | 2024-08-27 | 우와 용산에 이런 팝업이 있다니!? 저도 갈래요❤️
berup_x | 2024-08-27 | ❤️
narye_zzang | 2024-08-27 | 아기자기 귀욥네요"
2024-08-27,434,광장시장에 열린 알맹이젤리 과일 가게 ? 광장시장에 열린 과일가게인데 과일을 안 파는 오픈🫶🏻 단 2주동안만 진행하는데 젤리도 먹고 선물도 받을수 있다고🫶🏻 (🗓8/23 ~ 9/6) 여기서만 초특가 선물세트도 살 수 있다고🫶🏻 시식존에서 4가지 젤리 맛보고 최애 맛에 투표한 다음 과일-젤리 매칭 게임에 참여하면 100%당첨 가챠볼을 뽑아 젤리와 굿즈를 받을 수 있음🫶🏻 초대형 알맹이랑 인증샷 찍으면서 놀기도 가능🫶🏻 게다가 하루 2번 타임세일을 여는데 알맹이 12봉지가 든 선물세트를 반값에 살 수 있음🫶🏻 (솔드아웃되기전에 득템하러 ㄱㄱ) 맛있는 알맹이 즐기러 가보자❤ 📍#광장시장 📍서울 종로구 종로32길 21 1층 (365일장 매장 앞) 48주,"#광고, #알맹이팝업, #알맹이, #광장시장맛집, #광장시장팝업, #팝업스토어, #종로구팝업, #종로5가맛집, #팝업추천, #종로데이트, #까먹는젤리, #알맹이젤리, #젤리팝업, #알맹이팝업스토어, #알맹이네과일가게, #알맹이가게, #알맹이과일젤리, #365일장, #오리온","su_.0y | 2024-09-10 | @jinsa_daecheonmyeong
muk_jjiyom | 2024-08-29 | 가야겠어요...
bonge_o0o_food | 2024-08-28 | 귀엽다..가야겟땅....❤️❤️
ranmami_yam | 2024-08-27 | 시장에서도 팝업이리니 신기해요 ㅎㅎㅎ
mukbulim_0817 | 2024-08-27 | 내일 광장시장 달려갑니다
siso_father | 2024-08-27 | 너무 맛있겠어요 😍
rara_muk | 2024-08-27 | 우아 너무 귀여워요😍
ggam_food | 2024-08-27 | 크..가봐야겟어여❤️
hh.__.jin | 2024-08-27 | 헐 젤리 좋아!
eat_fp | 2024-08-27 | @reekyung_h
limeunzzo | 2024-08-27 | 악 귀여워여ㅠㅠㅠㅠ 베릅님도 기여워.. 🫢
juner_315 | 2024-08-27 | 저도 가보고싶어요😍
muk.seori | 2024-08-27 | 바로 가야겠는데요 ㅋㅋ!!
h_mochi_bungeo | 2024-08-27 | 젤리덕후 모찌두갈래영
ruri.food | 2024-08-27 | 귀여워 긔려워😍
ddub_e2 | 2024-08-27 | 초대형 줼리...😮
couple_mukdiary | 2024-08-27 | 먹고파요🤤
gyul_yummy | 2024-08-27 | 헐 여기 귀여워여ㅠㅠ
ham2_ni__ | 2024-08-27 | 헐 귀여워여.....
yeoni_mukstar_01 | 2024-08-27 | 우왕 저도 젤리 시음하러 가야겠어요🔥🔥
sse_luv | 2024-08-27 | 귀여워용ㅎㅎ
j_a_n723 | 2024-08-27 | 헐진짜 귀여워요 ❤️❤️
d_t_muksta | 2024-08-27 | ㅋㅋㅋㅋㅋㅋㅋㅋ몸보다 큰데여?ㅋㅋㅋㅋㅋㅋㅋㅋ
hihee.e | 2024-08-27 | 어맛ㅋㅋㅋㅋㅋ광장시장으로 출동❤️
churping_oo | 2024-08-27 | 오우 젤리젤루좋아❤️
mukjung_ | 2024-08-27 | 헐 왕카❤️
mukddo_muk | 2024-08-27 | 헐 ㅋㅋ가볼래여❤️
mukrosee | 2024-08-27 | 우아 귀여워요ㅠㅠㅠ❤️
seula.busan | 2024-08-27 | 우앙 젤리팝업 궁금헤여❤️
mukdang0 | 2024-08-27 | 젤리 굿즈 대박❤️❤️
jack93kim | 2024-08-27 | 아악 상콤 달달 맛도리겠눈데~~~
muk_joongsa | 2024-08-27 | 귀야웤ㅋㅋㅋㅋ 귀엽지? 가야겟지?❤️
yome_foodie | 2024-08-27 | 넘 귀여워여❤️❤️
witty_foodie | 2024-08-27 | 오오 젤리대박이네요🙌
meokdoong | 2024-08-27 | 오 저이거먹울래여!!❤️
eating_happily_ | 2024-08-27 | 귀여버요 가야게써요!!!! 베릅님도 맨날 귀여버여!!!!
sltnqdla | 2024-08-27 | 광장시장에서 열렸다니 가볼래요❤️
mukkarong1 | 2024-08-27 | 오오오!! 광장시장 바로 달려갈래요!!🔥🔥
minny_mukhaengja | 2024-08-27 | 젤리팝업이라니 무조건 가야죠👀💙
ming_foodie_ | 2024-08-27 | 광장시장 힙해졌네여???
muckza_zzae | 2024-08-27 | 개꿀이당 젤리쥬아❤️
teddy_zip_ | 2024-08-27 | 넘 기야워요ㅜ젤리러버 달려가야😍
berup_x | 2024-08-27 | ❤️
mukstar_md | 2024-08-27 | 오아 젤리도 먹고 굿즈도 받고"
2024-08-26,286,"육즙 지리는 함박스테이크맛집에 더 지리는 목살 신메뉴? <우연화> 익선동에서 데이트하기 딱 좋은 한옥같은 분위기🫶🏻 자리가 닷지석뿐이라 늦게 가면 웨이팅 필수!!🫶🏻 바로 앞에서 직원분이 숯불에 구워주시는 숯불향 가득 함박🫶🏻 가르자마자 나오는 육즙 콸콸 파티🫶🏻 1인세트를 시키면 소고기,소갈비 1덩이씩 주는데 내 픽은 소고기 함박🫶🏻 먹기전에 머랭을 쳐서 올려먹는 재미까지..! 같이 곁들이는 소스도 많아 최고🫶🏻 갈릭플레이크랑 먹는 거 추천🫶🏻 튀긴마늘에 소금이 들어있어서 식감도 좋아짐🫶🏻 명란이랑 먹으면 완전 밥도둑🫶🏻 솥밥은 은은한 팝콘향이 돌아 숭늉까지 해먹기 딱🫶🏻 하지만 여기서 더 맛있는 신메뉴가 나왔다…!🫶🏻 바로 수비드해 부드러운 목살을 타래간장으로 구워낸 타래간장목살구이🫶🏻🫶🏻 고기 풍미도 대박인데 양념된 양배추랑 겨자랑 먹으면 ㄹㅈㄷ🫶🏻 식감도 좋아 무조건 강추🫶🏻 에이드도 맛있던데🫶🏻 📍#우연화 📍 서울 종로구 수표로28길 30-2 1층 ⏰ 매일 11:30-21:00 ⏰ 평일 B.T 15:00-17:00 48주","#함박스테이크맛집, #함박스테이크, #익선동맛집, #익선동데이트, #익선동핫플, #익선동맛집추천, #종로3가맛집, #종로3가맛집추천, #익선동데이트코스, #목살맛집, #목살구이, #목살스테이크","livinglog_official | 2024-08-28 | 함박 ㅠㅠ 최애 음식입니다!!
busan_delicious_diary | 2024-08-28 | 육즙가득 넘 좋은데요 ❤️
foo__zim | 2024-08-28 | 와...육즙 미텼다👏👏
dog.matdori | 2024-08-28 | 왜요ㅠ 저도 알고싶어요! 감사링😍
rrrr__kku | 2024-08-28 | 육즙퀄봐요 츄베릅❤️
mukbulim_0817 | 2024-08-28 | 육즙가득 함박 넘 맛있을 것 같아요
golden_sang_ | 2024-08-27 | 츄베릅 하고 싶네요
_oo.hs | 2024-08-27 | 허걱 저만 아는 곳이였는데…
reels_pandagom | 2024-08-27 | 미쳤당!! 당장 먹고싶판다❤️❤️🐼
busan_grida | 2024-08-27 | 육즙........ 지렷어요
cogarobotics | 2024-08-27 | 수비드 목살😍
jinarye | 2024-08-27 | 육즙 미쳤다진짜
juner_315 | 2024-08-27 | 육즙 좔좔 대박이네요😍😍
alcholstargram | 2024-08-27 | 와 육즙 미쳣는데요 ㅋㅋ!
mukdang0 | 2024-08-27 | 밥뚝딱 츄베릅❤️❤️
hutomatggi | 2024-08-27 | 맛없없 비주얼이네요 정말…?🤤🤍
food_zohaa | 2024-08-27 | 캬아 궁금해요❤️❤️❤️
rara_muk | 2024-08-27 | 육즙 완전 한가득이네요😍
ddn2_g_eat | 2024-08-27 | 육즙 대박인데여🔥
muuk.dda | 2024-08-27 | 치즈함박 ㅠㅠ ㅠ도른넘이자나요
gyul_yummy | 2024-08-27 | 육즙 진짜 미쳤자나여ㅠㅠ
sowon_yam2 | 2024-08-27 | 육즙터지겠어용😮😮❤️
js__1oo4 | 2024-08-27 | 육즙 나오는거보고 바로 저쟝,,,🩷🩷🩷
matchimban_ | 2024-08-27 | 육즙으로 샤워 ssap가능이겠어요😍
muksta__chunsik | 2024-08-27 | 하 춘식이 아침부터 배고파쥬거영 ㅠㅠ❤️
queensgarden_shabu | 2024-08-27 | 무조건 요거 먹어 줄래요.👍👍 벌써 꼬르륵💦💦💦
tastebuds__official | 2024-08-27 | 육즙 정말 예술이네요😍😍
bottlejune__96 | 2024-08-27 | 함박스테이크 육즙 도라방스라서 당장 먹고싶어져요 ㅠㅠㅠ😍😍
1onefood_ | 2024-08-27 | 크으 육즙 미쳤는데용😍😍
jjiny_mukstory | 2024-08-26 | 한번 먹으면 자꾸 생각날 듯 하네요😍
k_johnmataeng | 2024-08-26 | 완전 츄베릅 🔥
100rang_food | 2024-08-26 | 아 함박진짜 야무지다😮
jack93kim | 2024-08-26 | 목살 ㄹㅈㄷ...
myeong_jonmatt | 2024-08-26 | 가야겠다….
muk._.chuuru | 2024-08-26 | 와..여기목살도나왓어!
ruri.food | 2024-08-26 | 여기 넘 맛나보여...나두갈래❤️
ruri.food | 2024-08-26 | ❤️❤️
pm555nam | 2024-08-26 | 저 맛은 뭘까 궁금해서 꼭 먹어봐야 겠어요
muk_quest | 2024-08-26 | 육즙 미쳤어요🔥
magoo_wagoo | 2024-08-26 | ㅠㅠㅠ육즙콸콸 미쳐따용😮
churping_oo | 2024-08-26 | 오우야 육즙 크으...❤️
muk.seori | 2024-08-26 | 치즈함박 미칑;;;
j_a_n723 | 2024-08-26 | 육즙가득 장난아니에요 😂😂❤️
hotdor_s | 2024-08-26 | 차 기름 앵꼬나면 여기로 가면 되겠어
tuntun2__ | 2024-08-26 | 와 육즙 대박인데용❤️❤️
mukrosee | 2024-08-26 | 육즙밤이네요❤️❤️
mini_euni | 2024-08-26 | 육즙 진짜 대박대박👏👏👏👏
mukkarong | 2024-08-26 | 와...여기는 무조건 데이트코스로 가볼래요!!🔥🔥
wu_hyun | 2024-08-26 | 저저 육즙 완전 미쳤구만유 너무 먹고 싶으네영 ㅜㅜ
mukjung_ | 2024-08-26 | 절대갈겅데요!!
bonny_vely_ | 2024-08-26 | 함박스테이크❤️❤️
hyob_muk | 2024-08-26 | 요기 완전 대이트맛집이자나요 육즙팡팔❤️
muksta_turbo | 2024-08-26 | 무조건 갑니다~
picky._.eat | 2024-08-26 | 육즙 가득 함바그 너무 맛잇겠어요❤️
dailyeunb | 2024-08-26 | @d.0e0.b 입안 워터밤된다고ㅠ
hello_s_food | 2024-08-26 | 오 이정도면 육즙이 아니라 육순데여👏👏👏😍
eating_happily_ | 2024-08-26 | 후후 저두 알아버렸어요❤️
yeoni_mukstar | 2024-08-26 | 우왕 소고기 함박 육즙 대박이네요❤️❤️
witty_foodie | 2024-08-26 | 육즙 미쳐요😂
wanteat._.eat | 2024-08-26 | 여기 함박 진짜 개존맛이져,,,,ㅠㅠㅠㅠㅠㅠ 밥이 진짜 맛나더라구요😍
korea_foodzone | 2024-08-26 | 아니 갈거에요!!!
ming_foodie_ | 2024-08-26 | 요기 함박 존맛이더라고여😍
muckza_zzae | 2024-08-26 | 명란이랑 먹규츠닥❤️
miri_muk | 2024-08-26 | 와 저는 가면 안되나요!! ㅋㅋㅋ😂😂
dama.dessert | 2024-08-26 | 육즙 워터밤 저도 맞고 싶네요😍
berup_x | 2024-08-26 | ❤️
muk_captain_ | 2024-08-28 | 쵹쵹히이 육즙이 아주
mukgle2 | 2024-08-30 | 육즙 팡터지네요"
2024-08-26,447,이젠 홈플러스에도 두바이초콜릿? 홈플러스에 리얼카다이프피스타치오초콜릿 출시! 가격은 6990원 ㄷㄷ 근데 맛은 그냥 초콜릿;; 카다이프 식감?은 나는데 카다이프가 맞는지 모르겠고 피스타치오 맛도 거의 안나고 그냥 모양만 똑같은 단 초콜릿.. 편의점 두바이초콜릿이 더 맛있음.. 📍#홈플러스 💵 6990원 48주,"#리얼카다이프피스타치오초콜릿, #신상리뷰, #간식추천, #먹방asmr, #두바이초콜릿, #두바이초콜렛, #편의점신상, #디저트맛집, #디저트신상, #초콜릿, #피스타치오","12_han_09 | 2024-09-26 | 홈플에서 저도 먹어봤는데 초콜릿부터가 제 취향이 아니였어요 피스타치오도 나중에야 맛이 나더라고요 그래서 저의 후기는 두바이 초코가 이런 거구나 라는 것을 알았습니다 ㅎㅎ
mochl_ahahcnl | 2024-08-28 | 홈플로 당장 🔥🔥
foodgallery_club | 2024-08-27 | 침넘어간당....
rara_muk | 2024-08-27 | 편의점꺼 먹어야겠어요😍
chyo.eun | 2024-08-27 | 앜ㅋㅋㅋㅋㅋ 아수워요ㅠㅠ🫨
sltnqdla | 2024-08-26 | 편의점으로 달려가야게써요❤️
hello_s_food | 2024-08-26 | ㅋㅋ 이도저도 아닌😂
magoo_wagoo | 2024-08-26 | 요거 넘 궁금해용😮
hihee.e | 2024-08-26 | ㅋㅋㅋㅋㅋㅋㅋ편의점두바이도 구하기 히뜰어여ㅠㅠ
mukkarong | 2024-08-26 | 홈두 보단 편두...!!! 아쉽네요!!😢😢
mukrosee | 2024-08-26 | 두바이 이름 막 쓰네요 ㅠㅠ
apple070778 | 2024-08-26 | 저거진짜맛나겟다
__it.s.youn | 2024-08-26 | 앗!? 오늘은 홈플로 가봐야 할까봐요 !!!
misik_oppa | 2024-08-26 | 에잇 증말 다나온거같네용
bottlejune__96 | 2024-08-26 | 홈플러스에도 두바이초콜릿이 떳군요??😮 제가 한번 맛볼래요! ㅎㅎㅎ🙌
jinarye | 2024-08-26 | 홈플에선. . .ㄴ ㄴ
leeoh_review_ | 2024-08-26 | 편의점두바이 사먹어야게따
hdul_daily | 2024-08-26 | 사먹으려고했는데 다행
gyul_yummy | 2024-08-26 | 모양만 똑같은😢
muk._.chuuru | 2024-08-26 | ㅋㅋㅋㅋㅋㅋ짭두바인가
sang_hwa00 | 2024-08-26 | 오제발😂😂
j2ch.busan | 2024-08-26 | 츄베릅님 1일1두바이 중이신가요ㅋㅋㅋㅋ
meokdoong | 2024-08-26 | 오모모 두바이초코! 홈플 패수수...
muk.seori | 2024-08-26 | 차라리 편의점껄루,,
j_a_n723 | 2024-08-26 | 그냥초콜릿이라니..😢😢
yeoni_mukstar_01 | 2024-08-26 | 와우 넘 비싼데요,,,,,??
mukbulim_0817 | 2024-08-26 | 와 이거 씨유꺼같은데요
sse_luv | 2024-08-26 | ㅠㅠㅠ아숩네요
foodmon_ster | 2024-08-26 | 이제 인기식을때가..😂
mukjung_ | 2024-08-26 | 이젠 홈플까지😮😮
d_t_muksta | 2024-08-26 | 흠……….편의점꺼 먹으랠옄ㅋㅋ
hyobongi_muck | 2024-08-26 | 홈플러스 두바이도 너무 궁금한데요❤️
js__1oo4 | 2024-08-26 | 가격은 젤 착하네요🩷🩷
ruri.food | 2024-08-26 | ❤️❤️
ruri.food | 2024-08-26 | 맛업구나ㅜㅜㅋㅋㅋ
jack93kim | 2024-08-26 | 구독 조아요 알림설정 ❤️
miri_muk | 2024-08-26 | 훔 두바이가 인기라고 너무 대충 만들어 파네요😢
sowon_yam2 | 2024-08-26 | 단면도 아쉽네요ㅠㅠ
ham_muklog | 2024-08-26 | 홈플것두 쟁여올래요❤️
misick.mag | 2024-08-26 | ㅋㅋㅋㅋㅋㅋㅋㅋ홈플러스 너까지..
muckza_zzae | 2024-08-26 | 너무해ㅠㅠ비싸ㅠㅠ
eating_happily_ | 2024-08-26 | 편의점이 나은 세상(?)😂
wanteat._.eat | 2024-08-26 | 헛 홈플러스는 안가야겠군요,,,😮
jameslee0911 | 2024-08-26 | 크으 저도 먹어보고 싶어요😍
yome_foodie | 2024-08-26 | 홈플 궁금해여❤️
themukeou | 2024-08-26 | 차라리 편의점 두바이 사먹을듯🙌🙌
jjong_mattang | 2024-08-26 | ㅋㅋㅋㅋㅋ색만 보면 맛나보이는데 😂
gge.juck | 2024-08-26 | 홈플까지나온거면 다 나온거 아닌가요 이제!?
ming_foodie_ | 2024-08-26 | 홈플은 패쑤,,
berup_x | 2024-08-26 | ❤️
dongkit_eat | 2024-08-26 | 홈플러스것두 궁금하네요😍😍😍"
2024-08-25,314,오뎅바에서 만난 존맛 가지? <사루오뎅 방이점> 잠실 방이먹자골목에서 술마시러 갔다가 친구가 가성비 맛집이라 데려간 곳🫶🏻 안주 가격이 만원대나 그 이하🫶🏻 일본풍 갬성 낭낭🫶🏻 나 가지 극불호인데 오뎅바에서까지 가지튀김을 시켜버리는거 뭐지..? 근데 겉바속촉에 양념이 달달매콤해서 중독성 대박🫶🏻🫶🏻 여기선 무조건 어향가지 필수!!🫶🏻 좀 많이 매운 빨간오뎅에 대왕고추튀김 조합 최고🫶🏻 매운맛을 고추튀김으로 중화🫶🏻 오뎅세트A중에 물떡은 쫀딕해 맛있고 치즈통통은 탱글쫄깃해 맛있음🫶🏻 생맥주는 1900원이니 가야지?🫶🏻 📍#사루오뎅방이점 📍 서울 송파구 올림픽로32길 18 1층 102호 ⏰ 매일 17:00-03:00 (L.O 02:00) 💵 어향가지 11900원 💵 오뎅A세트 7300원 💵 매운오뎅+왕고추튀김 세트 17900원 48주,"#사루오뎅, #어향가지, #오뎅바, #잠실맛집추천, #방이동먹자골목, #방이동맛집, #방이동먹자골목맛집, #방이동술집추천, #잠실술집추천, #고추튀김","manchaelin | 2024-08-30 | 저 가지 엄청 좋아했는데 요즘 가지태기 왔어요 ..(?) 여기서 극복하러 가야징...
mukgwa_sajeon | 2024-08-27 | 넘 맛나보여요😍
mochl_ahahcnl | 2024-08-27 | 넘 맛있게 드셔서 저두 먹고파요
tastebuds__official | 2024-08-27 | 와😍 당장 달려가고픈데요❤️
juner_315 | 2024-08-27 | 어향가지 넘 궁금해여😍😍
eat_fp | 2024-08-26 | @reekyung_h
eats__good_ | 2024-08-26 | 이 비주얼이면 무조건 맛집일듯😍😍
mukkarong | 2024-08-26 | 생맥주 한잔 땡길 수 밖에 없는 안주 클라쓰!!👍👍
ggam_food | 2024-08-26 | 여기 비줠 넘나좋네여🔥
mukbulim_0817 | 2024-08-26 | 오뎅바라니 완전 취저당❤️
mat_daji | 2024-08-25 | 맛나유❤️
100rang_food | 2024-08-25 | 가지튀김 미쳐싸요😍
bonge_o0o_food | 2024-08-25 | 오늘 표정 졸귀탱이넹 ㅋㅌㅋㅋ
muk_cheers | 2024-08-25 | 우앙 취저❤️
hj_foodie | 2024-08-25 | 헐 ㅠㅠ 오뎅바에서 먹는 가지튀김 궁금행🔥
magoo_wagoo | 2024-08-25 | 와ㅠㅠ매콤해보여용❤️
food_ga_joa_young | 2024-08-25 | 오뎅 한가득 담아먹고싶네요😍
rara_muk | 2024-08-25 | 가지튀김 먹어보고 싶어요😍
e.den_0.0 | 2024-08-25 | 맥주 마시기 딱 좋을 것 같아욤❤️❤️
hyobongi_muck | 2024-08-25 | 크으😆생맥 너무좋아요😍배터지게 먹어야지❤️
ming_foodie_ | 2024-08-25 | 가지튀김은 맛있져❤️
foodgallery_club | 2024-08-25 | 대박인데여 ㅎㅎㅎ 달려달려
muk._.chuuru | 2024-08-25 | 가지튀김존맛 ㅜㅜ
yumyum_soble | 2024-08-25 | 가지튀김 넘 맛있어보여요❤️ 당장 달려가야겠어요🔥
bukyung_matzip | 2024-08-25 | 와 안주 비줠 미쳐써여 🙌🙌
taste_filer | 2024-08-25 | 오앙 ㅠㅠ 가격 왜이리좋아요🙌
jd1.co.kr | 2024-08-25 | 맛나보여👏👏
jack93kim | 2024-08-25 | 오뎅에에에엥!?!?!?!?
jack93kim | 2024-08-25 | 치즈3ㅗ
gge.juck | 2024-08-25 | 정말 가지가지하는 메뉴네요?😮
hee.muk__ | 2024-08-25 | 가성비 최고네용❤️
teddy_zip_ | 2024-08-25 | 캬아 대박 맛나보이자나연😍
yamyam_sisters | 2024-08-25 | 오오 가지튀김 먹어볼래여❤❤
limeunzzo | 2024-08-25 | 생맥 왤케 싸여..😍😍
food_zohaa | 2024-08-25 | 오댕바각❤️❤️
ring__b | 2024-08-25 | 와 넘 맛나겟어여 😍😍
hello_s_food | 2024-08-25 | 오 가지튀김 도전 해봐야겠어여🔥
eating_happily_ | 2024-08-25 | 생맥 1900원이라니😮 안주가 너무 맛있어 보여요ㅠㅠㅠ😮
seoul__guide | 2024-08-25 | 떡볶이 대박..완전 군침돌아요 ㅠㅠ
js__1oo4 | 2024-08-25 | 가지가 이렇게 비주얼이 좋다니❤️❤️❤️
themukeou | 2024-08-25 | 생맥주 1900원인 여기는🙌🙌
mukrosee | 2024-08-25 | 가지튀김 짱조아용….
sowon_yam2 | 2024-08-25 | 왘ㅋㅋㅋㅋ왜케싸 천구백원😮
gyul_yummy | 2024-08-25 | 와 안주 미쳤어여ㅠ
muk_joongsa | 2024-08-25 | 생맥 1,900원.. 저랑 같이 10잔 마실 베릅님 구함!
yome_foodie | 2024-08-25 | 가지가 이렇게 맛있어보이다니❤️
hihee.e | 2024-08-25 | 와웅 매운오뎅에 생맥 미치쥬❤️❤️
mukjung_ | 2024-08-25 | 나이거멍구와짜나 ㅎ
ddo__yam | 2024-08-25 | 크에 매운오뎅 대박이에요❤️
eeekha1 | 2024-08-25 | 가지요리 제대로하면 정말 맛나죠👍
muk__rika | 2024-08-25 | 잠실 고고싱각😍😍
bottlejune__96 | 2024-08-25 | 어향가지 너무 맛도리겠는데요 ㅠㅠㅠ😍😍
matpamine_ | 2024-08-25 | 여름에 먹기 좋네요👏
jinarye | 2024-08-25 | 전 가지튀김 져아해유❤️
bokjaaa___ | 2024-08-25 | 가지튀김??? 대박 궁금해여 양념맛도❤️
matzip_spoiler_ | 2024-08-25 | 저도 갈래요🔥🔥🔥
muk_daddy | 2024-08-25 | 이건 진짜 꼭 먹어봐야 할듯❤️
mukdang0 | 2024-08-25 | 겉바속촉 츄베릅❤️❤️
zin___nxy | 2024-08-25 | 요즘 오뎅땡기던참인데 🔥 넘맛나겠어요오 🙌😮
ruri.food | 2024-08-25 | 넘 저렴해❤️❤️❤️조아
jjong_mattang | 2024-08-25 | 진짜 가지튀김 잘하는데가 찐맛집인데🔥
korea_foodzone | 2024-08-25 | 오뎅바가서 한잔해야겟당
_zez_e__ | 2024-08-25 | 가지튀김 사랑이다 ㅠ❤️
j_a_n723 | 2024-08-25 | 가성비 무슨일이에여 ❤️❤️❤️
wanteat._.eat | 2024-08-25 | 여름에 생맥주는 못 참는데,,, 저렴해서 넘 최고에요🔥
berup_x | 2024-08-25 | ❤️
muckza_zzae | 2024-08-25 | 잠실에서 술먹쟈❤️❤️
muk.seori | 2024-08-25 | 쌩맥 1,900원 !?!?"
2024-08-25,314,오뎅바에서 만난 존맛 가지? <사루오뎅 방이점> 잠실 방이먹자골목에서 술마시러 갔다가 친구가 가성비 맛집이라 데려간 곳🫶🏻 안주 가격이 만원대나 그 이하🫶🏻 일본풍 갬성 낭낭🫶🏻 나 가지 극불호인데 오뎅바에서까지 가지튀김을 시켜버리는거 뭐지..? 근데 겉바속촉에 양념이 달달매콤해서 중독성 대박🫶🏻🫶🏻 여기선 무조건 어향가지 필수!!🫶🏻 좀 많이 매운 빨간오뎅에 대왕고추튀김 조합 최고🫶🏻 매운맛을 고추튀김으로 중화🫶🏻 오뎅세트A중에 물떡은 쫀딕해 맛있고 치즈통통은 탱글쫄깃해 맛있음🫶🏻 생맥주는 1900원이니 가야지?🫶🏻 📍#사루오뎅방이점 📍 서울 송파구 올림픽로32길 18 1층 102호 ⏰ 매일 17:00-03:00 (L.O 02:00) 💵 어향가지 11900원 💵 오뎅A세트 7300원 💵 매운오뎅+왕고추튀김 세트 17900원 48주,"#사루오뎅, #어향가지, #오뎅바, #잠실맛집추천, #방이동먹자골목, #방이동맛집, #방이동먹자골목맛집, #방이동술집추천, #잠실술집추천, #고추튀김","manchaelin | 2024-08-30 | 저 가지 엄청 좋아했는데 요즘 가지태기 왔어요 ..(?) 여기서 극복하러 가야징...
mukgwa_sajeon | 2024-08-27 | 넘 맛나보여요😍
mochl_ahahcnl | 2024-08-27 | 넘 맛있게 드셔서 저두 먹고파요
tastebuds__official | 2024-08-27 | 와😍 당장 달려가고픈데요❤️
juner_315 | 2024-08-27 | 어향가지 넘 궁금해여😍😍
eat_fp | 2024-08-26 | @reekyung_h
eats__good_ | 2024-08-26 | 이 비주얼이면 무조건 맛집일듯😍😍
mukkarong | 2024-08-26 | 생맥주 한잔 땡길 수 밖에 없는 안주 클라쓰!!👍👍
ggam_food | 2024-08-26 | 여기 비줠 넘나좋네여🔥
mukbulim_0817 | 2024-08-26 | 오뎅바라니 완전 취저당❤️
mat_daji | 2024-08-25 | 맛나유❤️
100rang_food | 2024-08-25 | 가지튀김 미쳐싸요😍
bonge_o0o_food | 2024-08-25 | 오늘 표정 졸귀탱이넹 ㅋㅌㅋㅋ
muk_cheers | 2024-08-25 | 우앙 취저❤️
hj_foodie | 2024-08-25 | 헐 ㅠㅠ 오뎅바에서 먹는 가지튀김 궁금행🔥
magoo_wagoo | 2024-08-25 | 와ㅠㅠ매콤해보여용❤️
food_ga_joa_young | 2024-08-25 | 오뎅 한가득 담아먹고싶네요😍
rara_muk | 2024-08-25 | 가지튀김 먹어보고 싶어요😍
e.den_0.0 | 2024-08-25 | 맥주 마시기 딱 좋을 것 같아욤❤️❤️
hyobongi_muck | 2024-08-25 | 크으😆생맥 너무좋아요😍배터지게 먹어야지❤️
ming_foodie_ | 2024-08-25 | 가지튀김은 맛있져❤️
foodgallery_club | 2024-08-25 | 대박인데여 ㅎㅎㅎ 달려달려
muk._.chuuru | 2024-08-25 | 가지튀김존맛 ㅜㅜ
yumyum_soble | 2024-08-25 | 가지튀김 넘 맛있어보여요❤️ 당장 달려가야겠어요🔥
bukyung_matzip | 2024-08-25 | 와 안주 비줠 미쳐써여 🙌🙌
taste_filer | 2024-08-25 | 오앙 ㅠㅠ 가격 왜이리좋아요🙌
jd1.co.kr | 2024-08-25 | 맛나보여👏👏
jack93kim | 2024-08-25 | 오뎅에에에엥!?!?!?!?
jack93kim | 2024-08-25 | 치즈3ㅗ
gge.juck | 2024-08-25 | 정말 가지가지하는 메뉴네요?😮
hee.muk__ | 2024-08-25 | 가성비 최고네용❤️
teddy_zip_ | 2024-08-25 | 캬아 대박 맛나보이자나연😍
yamyam_sisters | 2024-08-25 | 오오 가지튀김 먹어볼래여❤❤
limeunzzo | 2024-08-25 | 생맥 왤케 싸여..😍😍
food_zohaa | 2024-08-25 | 오댕바각❤️❤️
ring__b | 2024-08-25 | 와 넘 맛나겟어여 😍😍
hello_s_food | 2024-08-25 | 오 가지튀김 도전 해봐야겠어여🔥
eating_happily_ | 2024-08-25 | 생맥 1900원이라니😮 안주가 너무 맛있어 보여요ㅠㅠㅠ😮
seoul__guide | 2024-08-25 | 떡볶이 대박..완전 군침돌아요 ㅠㅠ
js__1oo4 | 2024-08-25 | 가지가 이렇게 비주얼이 좋다니❤️❤️❤️
themukeou | 2024-08-25 | 생맥주 1900원인 여기는🙌🙌
mukrosee | 2024-08-25 | 가지튀김 짱조아용….
sowon_yam2 | 2024-08-25 | 왘ㅋㅋㅋㅋ왜케싸 천구백원😮
gyul_yummy | 2024-08-25 | 와 안주 미쳤어여ㅠ
muk_joongsa | 2024-08-25 | 생맥 1,900원.. 저랑 같이 10잔 마실 베릅님 구함!
yome_foodie | 2024-08-25 | 가지가 이렇게 맛있어보이다니❤️
hihee.e | 2024-08-25 | 와웅 매운오뎅에 생맥 미치쥬❤️❤️
mukjung_ | 2024-08-25 | 나이거멍구와짜나 ㅎ
ddo__yam | 2024-08-25 | 크에 매운오뎅 대박이에요❤️
eeekha1 | 2024-08-25 | 가지요리 제대로하면 정말 맛나죠👍
muk__rika | 2024-08-25 | 잠실 고고싱각😍😍
bottlejune__96 | 2024-08-25 | 어향가지 너무 맛도리겠는데요 ㅠㅠㅠ😍😍
matpamine_ | 2024-08-25 | 여름에 먹기 좋네요👏
jinarye | 2024-08-25 | 전 가지튀김 져아해유❤️
bokjaaa___ | 2024-08-25 | 가지튀김??? 대박 궁금해여 양념맛도❤️
matzip_spoiler_ | 2024-08-25 | 저도 갈래요🔥🔥🔥
muk_daddy | 2024-08-25 | 이건 진짜 꼭 먹어봐야 할듯❤️
mukdang0 | 2024-08-25 | 겉바속촉 츄베릅❤️❤️
zin___nxy | 2024-08-25 | 요즘 오뎅땡기던참인데 🔥 넘맛나겠어요오 🙌😮
ruri.food | 2024-08-25 | 넘 저렴해❤️❤️❤️조아
jjong_mattang | 2024-08-25 | 진짜 가지튀김 잘하는데가 찐맛집인데🔥
korea_foodzone | 2024-08-25 | 오뎅바가서 한잔해야겟당
_zez_e__ | 2024-08-25 | 가지튀김 사랑이다 ㅠ❤️
j_a_n723 | 2024-08-25 | 가성비 무슨일이에여 ❤️❤️❤️
wanteat._.eat | 2024-08-25 | 여름에 생맥주는 못 참는데,,, 저렴해서 넘 최고에요🔥
berup_x | 2024-08-25 | ❤️
muckza_zzae | 2024-08-25 | 잠실에서 술먹쟈❤️❤️
muk.seori | 2024-08-25 | 쌩맥 1,900원 !?!?"
2024-08-24,6874,"누가 요즘 케이크 선물하니? <왓어브레드> 친구 생일에 신박한 선물 찾다가 요즘 MZ는 MBTI 빵에 초분다는거야 ! 바로 포장해서 친구한테 주니까 신박해서 재밌다면서 너무 좋아하는거🫶🏻 비쥬얼만 이쁜 빵인 줄 알았는데 안에 크림가득 빵은 퐁신해서 맛있기까지🫶🏻 색깔별로 맛도 다른데 달달, 상큼, 고소 하게 다양해서 더 좋던데🫶🏻 피스타치오, 초코, 레몬, 블루베리 순이더라🫶🏻 다른 빵들도 맛있고 미국갬성 낭낭해서 여기서 인생샷 건지기도 좋드라🫶🏻 심지어 직원분들도 왕친절🫶🏻 친구한테 신박한 생일빵 때리는건 어때?🫶🏻 📍#왓어브레드 📍 서울 용산구 한강대로15길 19-19 1층 ⏰ 매일 11:30-21:00 48주","#용산맛집, #용산역맛집, #용산맛집추천, #용산데이트코스, #용산구맛집, #용산카페, #용산카페추천, #용산역카페, #생일선물추천, #케이크맛집, #빵지순례","heo__s__s | 2024-10-11 | @su_kyoung_s2
dahyekim1923 | 2024-09-28 | @yujinjuj
yoon_s_tory | 2024-09-27 | 어머나 요런게 있었군요…?😮😍
iamezone | 2024-09-26 | @uyxna @2mesoo_ 난 이고!!>.<
wertysdfshdxrweg | 2024-09-24 | 😍idea
jamzzang | 2024-09-20 | @hangqlim 이걸로 해드려요?
aka_moomin | 2024-09-17 | @long_aa mbti빵 사와!!
s_un._.g | 2024-09-17 | @minsang0323 민상아 내 25년 생일은 이거다
nain_ten | 2024-09-16 | @eungaeng_a_z @yoor1m @orangeistipco 영훈원식 생일빵 이거 어떰?
da___h2e | 2024-09-15 | @_jiunii ㅋㅋㅋㅋㅋㅋㅋㅋ여기
hb._.1022 | 2024-09-15 | @ssoyunn_
zi.mx_0 | 2024-09-15 | @hwangingyeol8 사줘
ononpark | 2024-09-14 | @__seul_g.i T:나 크림 싫어해
hj_eda2 | 2024-09-14 | @chang__w0o0
minjifinete | 2024-09-14 | @s2su._.ming 우와 신기하다 티빵 먹어보고싶어
s2smin | 2024-09-11 | @hyonylee 난 엠비티아이 애매해서 8개 다 사야함 ㅠㅠ
stella._.byul | 2024-09-11 | ESFJ ❤️ 고고
king_____m.s | 2024-09-09 | @juicy_story 맛있겠당ㅎㅎㅎ
hwang_miyeon8791 | 2024-09-09 | 😍
j_2_eun | 2024-09-09 | @j_ekeun @sunghyun_c.99 생일쯤 mbti 바꼈으면 개꿀잼 ^^
lee_mr1012_94 | 2024-09-08 | @hansol245 오오
nolza_couple | 2024-09-07 | 와 이거 진짜 신박하네요👏👏
0hyun4873 | 2024-09-07 | @su__bin0.0 워내?
monkey980.m.me | 2024-09-06 | @lee_timsang 사와
charmin_ge_ | 2024-09-06 | @sja03088 @gnls116 오? 우리 이거해볼까
jjuuhee95 | 2024-09-06 | @yoooooourgenie 나랑여기가
ybej2224 | 2024-09-06 | @masterlyb 나이거!!!!!❤️
mii_____1023 | 2024-09-06 | 시오나 나두~~~~~~~~😮😮😮
ljiwoooove | 2024-09-06 | @_jeonyeonhui 언니 담달 생일케익은 이거 어때여
mukstar_md | 2024-09-06 | 오아 넘 재미나당
q_q___hi | 2024-09-04 | @sohee1 나 이거
jin_derella | 2024-09-04 | @cmj_1113
jins_newyork_bagel | 2024-09-04 | 👏
choihojun220726 | 2024-09-03 | 😮
yejoo_0408 | 2024-09-03 | @하윤아 내생일에 ㄱㄱ 나는 ENFP알지?
minkim0705 | 2024-09-03 | @mokyung0217 this is pretty nice lol
_lxvemin | 2024-09-02 | @0se2__ 이거 어떤데?
cher.ixi | 2024-09-02 | 헐귀엽다….
1600days_ | 2024-09-01 | @ju_e_jiii 은지 생일 ㄱㄱ?
00__jiseon | 2024-09-01 | @tm.dd.us 오 그때 말한 케이크 말고 이런건 어때 승연
wlq19087 | 2024-09-01 | @ldy711 용산에서 만나 ….ㅋㅋㅋㅋ
크루아상나 또 먹고 싶어 … 이것도 사러가자
_28.o3.99_ | 2024-09-01 | @naaaaaachan_11 do u want? let’s go in january
khs2059 | 2024-08-31 | @sanghyun7877 ㅋㅋㅋ
wjddmswn0730 | 2024-08-29 | @min_su_02_ 자기야!민정이 요걸루 서프라이즈 해줄까?!!
a_ran__e | 2024-08-29 | @seulyena_baek @jj____hoo @mood.l_chaea 그렇다네
lynna2_ | 2024-08-28 | @kughyun_ wow
pig_ttunco | 2024-08-28 | 느낌있네요!!😂
j.hwan_oh | 2024-08-28 | 맛잏으면 이렇게 홍보안해
mmm__iiiii | 2024-08-28 | @jh_jjjjang
azza_heesun | 2024-08-28 | @ol_nkj_rk 여기 뜨나바 이제,,
falluv_do_do | 2024-08-28 | @y_s_0928 나도 해줘
sseungsseung2 | 2024-08-28 | @luxx_83
e.j2yo__ | 2024-08-28 | @woori_heezzi ㅋㅋㅋㅋㅋ
jjeonyujin | 2024-08-28 | @xe_xeen 생일빵 어때
g_ni.91 | 2024-08-28 | @lovesome.7 오
y__jis2 | 2024-08-28 | @3._.sara 내년 생이루케이크는 요걸루
ujindory | 2024-08-27 | @kimyoungmin7619
jxn_west | 2024-08-27 | @iint_eger @hhhhhkeun_ @myun_jinnis @ijone_00 @yukidaruma8_8 내 생일날 기대함 ㅎㅎㅎ
go.o_n54 | 2024-08-27 | @hana._.jin 우린 다 반대니까 8개 사야겠다^^
luno_mancy | 2024-08-27 | 어디예요?
manchaelin | 2024-08-27 | 이건 t들도 감동 받을 수 있다 인정합니다...🥺
belleynnzz | 2024-08-27 | @kimchaen1219 사조
johyideong | 2024-08-27 | 어디서 사요?
yveyox | 2024-08-27 | @kwonmj529 가보자꾸나
food_zohaa | 2024-08-26 | 빵 쩔어요❤️❤️❤️
kyapq12 | 2024-08-26 | @eun_bin93
kyapq12 | 2024-08-26 | @h.j__03.06
tastebuds__official | 2024-08-26 | 와😍 요고 케이크 대신 넘 괜찮겠어용
2004yjlee | 2024-08-26 | 므양 좋당
dlgn__0223 | 2024-08-25 | bi torson odrooroo eniig avii @chimegu_ @narkhan._
kkutti_h | 2024-08-25 | Infp 배달이용!❤️
kkutti_h | 2024-08-25 | Mbti빵 미텨따 ㅋㅋ
muk__rika | 2024-08-25 | 신박하다😍 너무 좋네여 ㅋㅋㅋㅋ😍
mukb_read | 2024-08-25 | 대밧 완전 신박해요😂❤️
jjong_mattang | 2024-08-25 | entj 빵도 리뷰해주세요 베릅님 ㅋㅋㅋㅋ👏
im.s.y | 2024-08-25 | @yeee_e.__.1
gyul_yummy | 2024-08-25 | 헐 이거 탐나여💖
hye_foodie_ | 2024-08-25 | 옼ㅋㅋㅋㅋ 이거 빵빵하니너무기여워여ㅠㅠㅠ
busan2mo | 2024-08-25 | 오~이런빵이 있군요
rara_muk | 2024-08-25 | 이거 선물받고 싶네요😍
jin_a.____ | 2024-08-25 | ㅋ
meokdoong | 2024-08-25 | 오 이거넘심기해욬ㅋㅋㅋㅋ
muko_die | 2024-08-25 | ㅋㅋㅋ진짜 T인 친구도 감동받을 거라고 하니 믿고 사야겠는데요😍
mukjung_ | 2024-08-25 | 티인친구 @chu.berup_jmt
leeoh_review_ | 2024-08-25 | 오 티인친구한테 선물하고 시퍼요❤️
taetae_foodie | 2024-08-25 | 헐ㅋㅋㅋㅋㅋㅋㅋ 진짜 케이크중 제일 신기해요
chopchop_univ | 2024-08-25 | MBTI빵이라니 신박한데요😮 생일케이크로 딱이겠어요 ㅋㅋㅋㅋㅋ👏
mj.k_food | 2024-08-25 | 오 ㅋㅋㄱㅋ 선물받으면 기분 좋아질 비주얼이에요
hyob_muk | 2024-08-25 | 오 엠비티아이빵 신박하구 재밋어요🙌
wu_hyun | 2024-08-25 | 와 진짜 신박하긴하네영 대박 궁금해용😮
chyo.eun | 2024-08-24 | 와 진짜 신박한데 좋아요💗💗
100rang_food | 2024-08-24 | 생일케이크로 딱이다😮😮
ssonwin_ | 2024-08-24 | 으앙❤️❤️❤️❤️❤️❤️ 빵 좋아요
eating_happily_ | 2024-08-24 | 맛있기까지하면 갬동이죠 더><
mochl_ahahcnl | 2024-08-24 | 와 이거 신박해요 ㅋㅋㅋㅋㅋㅋㅋㅋㅋㅋㅋㅋㅋㅋ
hj_foodie | 2024-08-24 | ㅠㅠㅠㅠ엠비티아이 빵 기여웡❤️
churping_oo | 2024-08-24 | @hal_jjak1002 쌉 T 친구 소환
jameslee0911 | 2024-08-24 | 오 선물용으로 딱이네요❤️
mukddo_muk | 2024-08-24 | 헐 대박인데용ㅋㅋ
korea_foodzone | 2024-08-24 | 선물하기딱이에용"
2024-08-23,1489,"@@태그당한 돼지가 쏘기❤️ <돈구멍> 솥뚜껑에 구워먹는 한돈 마곡 갈 때마다 돼지고기 먹으러 항상 여기로 감🫶🏻 직원분들께서 다 구워주셔서 입벌려 먹기만 해🫶🏻 기름이 튀지 않게 가림막까지 제작해서 준비 완료🫶🏻 이번에 전복삼겹살이 나왔다는데 전복 크기가 손바닥만함🫶🏻🫶🏻 두툼 삼겹살에 미나리 조합도 미쳤었는데 신메뉴는 더 미친듯🫶🏻 쫄깃 신선 탱글한 전복🫶🏻 솥뚜껑에서 육즙팡팡 삼겹살에 쫄깃한 전복🫶🏻 목살은 부드럽다 못해 육즙과 함께 입에서 녹음🫶🏻🫶🏻 솥뚜껑에 숙성돼지 조합 말모🫶🏻 꽃게 가득 구수얼큰 된찌🫶🏻 퐁신한 계란찜🫶🏻 카톡채널 추가 이벤트에 포토리뷰 1인당 2000원 할인까지🫶🏻 4명 작성하면 8000원 할인‼️ 📍#돈구멍 📍 서울 강서구 마곡동로 62 마곡사이언스타워 2층[스타벅스옆]201,202,203호 ⏰ 매일 11:30-23:00 (L.O 마감1시간전) ⏰ B.T 15:00-17:00 💵 문어발 숙성 삼겹살 500g 59000원 48주","#마곡맛집추천, #마곡맛집, #발산맛집, #마곡고기집, #발산고기집, #마곡삼겹살, #발산삼겹살, #삼겹살맛집, #마곡데이트코스","okmansoo | 2024-09-03 | @gml_co
kimminjae3491 | 2024-09-01 | 🤤🤤🤤
cogarobotics | 2024-08-25 | 삼겹살은 왜 밤에도 맛나보인댜..
churping_oo | 2024-08-25 | 요기진짜 꼭 가보고싶다❤️
rara_muk | 2024-08-24 | 솥뚜껑에 구워먹으면 완전 맛있겠어요😍
moo_boza | 2024-08-24 | @jung_chance_ @seok01.02 돼지가 쏘는거래 ㅎ
1onefood_ | 2024-08-24 | 크으 너무 맛있어보이는데용😍
pm555nam | 2024-08-24 | 우와 여기는 어디 메모 합니다
sltnqdla | 2024-08-23 | 캬 상다리 부러지는거 아닌가요ㅠㅠ❤️
witty_foodie | 2024-08-23 | 으아 미쳐요😮😍
wanteat._.eat | 2024-08-23 | 삼겹살에 쏘주 땡겨요,,,, 크아 미쳤어요😍❤️
eating_happily_ | 2024-08-23 | 탱글한 전복 ㅠㅠㅠ❤️ 고기랑 꿀조합😍
hyobongi_muck | 2024-08-23 | 전복삼겹살 비주얼 미쳤어요‼️❤️
food_ssoh | 2024-08-23 | 완전 대박박 고기집 발견이에용😍
dasik_eat | 2024-08-23 | 우오ㅓ 맛도리 각❤️❤️
1004.som | 2024-08-23 | 안 먹어볼 수가 없는.비주얼이네용✨️😎👍
yamyam_sisters | 2024-08-23 | 와 미쳐따 진짜 침고임..😍❤
muk_captain_ | 2024-08-23 | @chu.berup_jmt
apple070778 | 2024-08-23 | 지글지글❤️❤️
bonge_o0o_food | 2024-08-23 | 술땡겨,,,
jaws_eat | 2024-08-23 | 지글지글소리에 반함😍😍
mukrosee | 2024-08-23 | 삼겹살 영롱해요✨️❤️
colorfulsundays | 2024-08-23 | 꺄악🔥🔥🔥 군침 싹 돌아요!!
miffyhello | 2024-08-23 | 내가 쏜다👏👏👏
hihee.e | 2024-08-23 | 크ㅠㅠㅠ소리부터 미쳐요❤️
muuk.dda | 2024-08-23 | 여기 꼬기 미치자나야 ㅠ
kidmstyle | 2024-08-23 | @kidmstyle 제가 저 태그하고 먹을게요 ㅋㅋㅋ
daejeon_ddomatddo | 2024-08-23 | 어우 고기 지글지글 미쳐요🔥
ju.food_ | 2024-08-23 | 와 진짜 대박이당…
juner_315 | 2024-08-23 | 고기 우와 비주얼이 너무 대박인데요😍
siso_father | 2024-08-23 | 와 예술이네요 😍
busan_delicious_diary | 2024-08-23 | 고기 비주얼 영롱합니다 ❤️
mukdang0 | 2024-08-23 | 소리 대박❤️❤️
mukjung_ | 2024-08-23 | 아 소리행복해
mukkarong | 2024-08-23 | 지글지글 사운드 최고!!👍👍
mat_puri | 2024-08-23 | 마이아르 장난아니네요...
bottlejune__96 | 2024-08-23 | 솥뚜껑에 굽굽하는 고기가 젤맛나자나요 ㅠㅠㅠ😍😍🔥🔥
j_a_n723 | 2024-08-23 | 크소리 장난아니에요 😂😂
muk._.chuuru | 2024-08-23 | 배고파... ❤️
leeoh_review_ | 2024-08-23 | 요기 진심 존맛이지❤️❤️
_43.1e | 2024-08-23 | 전복까지 완벽❤️
seoul__guide | 2024-08-23 | 고기 대박..완전 군침돌아요 ㅠㅠ
eeekha1 | 2024-08-23 | 고기 구워지는 소리 대박이네요👍
ruri.food | 2024-08-23 | ❤️❤️
ruri.food | 2024-08-23 | 예으니 나돚 줘어❤️❤️
ham2_ni__ | 2024-08-23 | 와 지글지글 미쳤어요❤️
muckza_zzae | 2024-08-23 | 고기조타❤️
jack93kim | 2024-08-23 | 오 여기 또갔나요!!!
hello_s_food | 2024-08-23 | @hyunik8_8
muko_die | 2024-08-23 | 크 뚝배기짠소리 왜케 좋아요😍
eat_fp | 2024-08-23 | @reekyung_h
hotdor_s | 2024-08-23 | 이번엔 몇백만?!
gyul_yummy | 2024-08-23 | 노릇노릇한 고기 조아여ㅠㅠ
muk_joongsa | 2024-08-23 | 전복까지 야무진 때깔좀 봐아ㅠㅠㅠㅠ❤️
themukeou | 2024-08-23 | 와 진심 군침 꿀깍했다🙌🙌
muk__guri | 2024-08-23 | 솥뚜껑❤️❤️
sowon_yam2 | 2024-08-23 | 와ㅠㅠㅠ푸짐쓰다 ㄷㄷ
mukbulim_0817 | 2024-08-23 | 와 고기 두께부터 전복까지 엄청 실하네요😍
js__1oo4 | 2024-08-23 | @eunn__s2_
muk_tteul | 2024-08-23 | @muk_tteul ㅠ
ming_foodie_ | 2024-08-23 | 뚝배기 짠소리 영롱하네여😍
jameslee0911 | 2024-08-23 | 와 육즙이 엄청나네요👏👏👏
berup_x | 2024-08-23 | ❤️
mukddo_muk | 2024-08-23 | 넘 먹고싶어요❤️
_zez_e__ | 2024-08-23 | 소리 직인다..❤️
mukstar_md | 2024-08-23 | @bee__yummy"
2024-08-21,548,"드디어 먹어본 두바이초콜릿 찹쌀떡 ? 성수에 있고 강남 신세계백화점 스위트파크에도 있는 한정선 이미 유명한 두바이찹쌀떡🫶🏻 구독자님 요청으로 먹어봄 ! 손바닥 6500원이라니,, 근데 한입먹는 순간 인정,, 안에 바쟉한 카다이프에 고소한 피스타치오가 꽉차있는데🫶🏻 달달한 밀크초콜릿이 감싸고 있고 그걸 쫄깃한 찹쌀떡이 감싸니🫶🏻🫶🏻 또 줄서서 먹고 싶은 맛🫶🏻🫶🏻 좀 많이 달긴한데 두친자는 이거 무조건 먹어보길,,🫶🏻 📍#한정선 💵 6500원 49주","#두바이찹쌀떡, #신상리뷰, #간식추천, #먹방asmr, #강남맛집추천, #스위트파크, #두바이초콜릿, #두바이초코렛, #두바이초콜릿팝업, #디저트맛집, #빵지순례, #두바이초콜릿찹쌀떡, #강남디저트, #강남신세계맛집","our__blank | 2025-01-15 | 이거 존맛이에요 근데 이제 네다섯번쯤 먹으니까 생각은 잘 안남..
23xo1 | 2024-09-13 | @sj_2s_luda
e__park12 | 2024-08-26 | 1인 수량은 상관없이 살수잇는건가용
colorfulsundays | 2024-08-23 | 오👏👏👏👏 요거 궁금해요!!
hotdor_s | 2024-08-23 | 어제 두바이호텔까지 봤음 ㅋㅋ
mukdang0 | 2024-08-22 | 찹쌀떡 츄베릅❤️❤️
hihee.e | 2024-08-22 | 오홍ㅋㅋㅋ이거 먹어보고파열
1onefood_ | 2024-08-22 | 유오 두바이 찹쌀떡 사랑이죵😍
misik_oppa | 2024-08-22 | 헐헐 증말루 먹어봐야겠네요🔥
foo_nus | 2024-08-22 | 두바이찹쌀떡진짜 맛있져😍😍
leeoh_review_ | 2024-08-22 | 우와 이거 궁금해❤️
ham2_ni__ | 2024-08-22 | ㅠㅜㅜㅠ저 이거 진짜 궁금해여... 두바이 찹쌀떡❤️
mukzzang_bread_ | 2024-08-22 | 와 두바이 초콜릿보다 요게 더 탐나는데용 …❤️
sltnqdla | 2024-08-22 | 가격은 살벌한데 먹너보고싶어요 ㅠㅠ
foodie_quokka | 2024-08-22 | 😮😮😮
muuk.dda | 2024-08-22 | 와 이정도 퀄리티면… 돈 안 아까울거같아요오..😮
rara_muk | 2024-08-22 | 이거 너무 먹어보고 싶어요😍
sh.cookkook | 2024-08-22 | 이거 진짜 존맛,,,,,,,,,❤️ 저도 줄서서 사먹었어여ㅠ
mukkarong | 2024-08-22 | 오오!! 두바이찹쌀떡 쫀쫀한게 완전 맛도리인데요?!!👏👏👏
mukbulim_0817 | 2024-08-22 | 가격은 사악하지만 먹어보고 싶어요
wanteat._.eat | 2024-08-22 | 여기 먹어봤는데 진짜 존맛이였어요,,, ㅠㅠㅠㅠㅠ 카다이프가 바삭해서 맛있던데요?!😍
gyul_yummy | 2024-08-22 | 오 줄서서먹을맛 궁금해여💖
jameslee0911 | 2024-08-22 | 오 저도 먹어보고 싶네요❤️
kidmstyle | 2024-08-22 | 오 두바이찹쌀떡! 좋은데요 너무 궁금해요 어떤 맛일지😍
hyobongi_muck | 2024-08-21 | 저도 한입 먹고싶어요😆😍
hj_foodie | 2024-08-21 | ㅠㅠㅠㅠ나두 줄서서 먹을래❤️
eating_happily_ | 2024-08-21 | 베릅님 먹능 게 너무 귀여워서 구독 11번 눌렀어요(?)
daejeon_ddomatddo | 2024-08-21 | 두바이 찹쌀 ,,, 침 줄줄🤤❤️❤️❤️
sowon_yam2 | 2024-08-21 | 엇 궁금쓰요😮😮
yome_foodie | 2024-08-21 | 육천오백원 아깝지가 않은데요❤️
100rang_food | 2024-08-21 | 한정선 두바이 넘 궁금하다구요😍
wu_hyun | 2024-08-21 | 오디에도 다 들어가네영 이건 ㅋㅋ 두바이 열풍😍
mukjung_ | 2024-08-21 | 나도줄서머글랭..
bottlejune__96 | 2024-08-21 | 두바이초콜릿 찹쌀떡이라니 이건 더욱 탐나버려요 ㅠㅠㅠ❤️❤️
hello_s_food | 2024-08-21 | 오 이정도면 극찬인데👏👏👏👏
muk._.chuuru | 2024-08-21 | 이거댕맛이라던데ㅜㅜ
muk_joongsa | 2024-08-21 | 솔딕히 전 두바이 라인중에 이게 젤 맛있어요❤️
mukchoding | 2024-08-21 | 와 요거 먹어보고파용😍
mong_ddang_yummy | 2024-08-21 | 또먹고싶은 맛이라니 궁금한데요😍😍
jack93kung | 2024-08-21 | 츄베룹!!!
churping_oo | 2024-08-21 | 달달구리하다요❤️
mukrosee | 2024-08-21 | 찹쌀떡 먹어볼래용
eeekha1 | 2024-08-21 | 두바이 찹쌀떡도 맛보고싶네요 👍
qbee.eat | 2024-08-21 | 와,, 아니 무조건 먹어야한다 .... 비싸긴해도 ㅠㅠㅠㅠ두바이는 못참아 ...🩷
food_zohaa | 2024-08-21 | 핵비싸네요
mukddo_muk | 2024-08-21 | 헐 먹고싶어요❤️
bonge_o0o_food | 2024-08-21 | 비싸긴한데 맛잇겟댱 ㅠㅠ
muk__rika | 2024-08-21 | 궁금한맛이네여 😍맛잇겟당
eat_fp | 2024-08-21 | 두바이 찹쌀똑😍😍
siso_father | 2024-08-21 | 진심 너무 먹고싶네요 😍
matpamine_ | 2024-08-21 | 그냥 두바이도 못먹어본…
j_a_n723 | 2024-08-21 | 찹쌀떡 진짜맛있는데 요기도 궁금해요 😮
limeunzzo | 2024-08-21 | 와 비싸긴 비싸여,, 근데 맛있겠다,,❤️
jjong_mattang | 2024-08-21 | 밖이라서 이어폰 기대했는데…😂
yam_yam_ping | 2024-08-21 | 와 찹살똑 ❤️이건 진짜먹어보고파여❤️
h_mochi_bungeo | 2024-08-21 | 여기 두바이찹쌀떡이 그렇게 맛있다던데 저도 한번 먹어보고싶네용😢😢
ruri.food | 2024-08-21 | 요거진짜 대존맛이자나❤️❤️
js__1oo4 | 2024-08-21 | 이고 진짜 맛있다던데🥺🥺🥺
korea_foodzone | 2024-08-21 | 두바이찹쌀떡 궁금쓰,,
muk__jjung | 2024-08-21 | 두바이 찹쌀떡 먹고싶어요 😍줄서러가야겠네영❤️❤️
muckza_zzae | 2024-08-21 | 왜케비쌍😮 맛나겟갸
berup_x | 2024-08-21 | ❤️
jack93kim | 2024-08-21 | 두바이 1등 ㅋㅋㅋ"
2024-08-21,333,편의점 두바이초코바가 부라보 피쵸맛이랑 비슷하다고? GS25에 두바이카다이프 피스타치오 초코바 출시! 겉에 바쟉한 카다이프가 박힌 초코코팅에 안에는 피스타치오 덩어리가 든 피스타치오 아이스크림🫶🏻 부라보 피스타치오맛이랑 비슷하다는 평이 많아 같이 먹어봄! 색깔부터 두바이초코바가 더 진함🫶🏻 원물맛도 두바이초코바가 훨씬 더 진하고 맛있음🫶🏻🫶🏻 바쟉하게 씹히는 재미도 있고 고소달달해서 또 사먹을 듯?!🫶🏻 부라보랑 비교할 수 없는 더 고급진 피스타치오 아이스크림🫶🏻 근데 두바이초콜릿 먹는 느낌은 좀 아니긴함! 📍GS25 💵 2500원 49주,"#두바이카다이프피스타치오초코바, #신상리뷰, #간식추천, #먹방asmr, #디저트맛집, #편의점신상, #편의점디저트, #두바이초콜릿, #두바이초콜렛, #두바이초콜릿아이스크림, #편의점두바이초콜릿","hotdor_s | 2024-08-23 | 어우 ㅋㅋㅋㅋㅋㅋㅋ양손에 아주
muk_captain_ | 2024-08-23 | 한입만 찬스 가능한가여??
mat_puri | 2024-08-23 | 초코바!!! 달달구리 장전!!
muuk.dda | 2024-08-22 | 두바이 압승~!~!~!~ 메모🩷🩷
rara_muk | 2024-08-22 | 두바이초코바 먹어보고 싶어요😍
mukkarong | 2024-08-22 | 오오오!! 두개 다 사서 맛비교해볼래요!!😆😆
hyobongi_muck | 2024-08-21 | 두바이가 식감이나 피스타치오랑 초코의맛이 더 진하쥬❤️
wanteat._.eat | 2024-08-21 | 두바이초코바 언능 먹어봐야겠어요 키키 구독 무조건,,,!😍😍
hdul_daily | 2024-08-21 | 와 두바이 어디까정 나오는겨😍
ddub_e2 | 2024-08-21 | 피어싱 시강베릅!
jameslee0911 | 2024-08-21 | 오 저도 먹어봐야겠네요😍
hye_foodie_ | 2024-08-21 | 꺄아 뱌작뱌작한거너무조아여ㅠㅠㅠ
bukyung_matzip | 2024-08-21 | 오우 ,, 이거 맨날 갈때마다 없던데 호불호 엄청 확실하더라구요 ? 😮
busan_delicious_diary | 2024-08-21 | 오 사먹어보고싶어요 ❤️
taste_filer | 2024-08-21 | 맛있겠아요🙌❤️❤️
ja.do.ya | 2024-08-21 | 옹 두개 들고 비교ㅋㅋ이거 저두 해보고싶은데요🔥🔥
eat_fp | 2024-08-21 | @reekyung_h
dejinnam | 2024-08-21 | 꼬소한 피초향이 더 강해서
부리보콘 업글버전이라 보면되겠네용!😋
bottlejune__96 | 2024-08-21 | 두바이초코바가 압승이라니 한번 맛보고싶어지네요!!😍
ham2_ni__ | 2024-08-21 | 두바이 생각 안하고 먹어볼래여.....😮
yeoni_mukstar | 2024-08-21 | 우왕 두바이 초코바라니 완전 신기해요😂😂
mukdang0 | 2024-08-21 | 두바이 초코 츄베릅❤️❤️
jjong_mattang | 2024-08-21 | 역시 두바이가 최고야🔥
kidmstyle | 2024-08-21 | gs로 달려갑니다😍
hello_s_food | 2024-08-21 | @hyunik8_8 gs 돌고오자
muk.seori | 2024-08-21 | 헐 저 방금 콘피스타쵸 먹었는데!!!
두바이가 더 맛있다니;;; 당장 사먹으러갑니다
kimcoffee_c | 2024-08-21 | 두바이초코바 씹는 소리도 넘 좋아용💚🤎
biggn_o | 2024-08-21 | 오오 ㅋㅋㅋ비교 좋다😍😍
81ackp0ny | 2024-08-21 | 브라보 피쵸 내 최애애애ㅐㅐ
misick.mag | 2024-08-21 | 진짜 압승 비쥬얼
eating_happily_ | 2024-08-21 | 오 압승이라니 비줠부터 더 맛나 보이긴 했어요 ㅎㅋㅋㅋㅋ😍
mukbulim_0817 | 2024-08-21 | 일단 궁금하니까 둘다먹어볼래요
mukrosee | 2024-08-21 | 오 비교 좋은데유!!
gge.juck | 2024-08-21 | 아 두바이 초코 왜 나만 발견 못하죠
mukjung_ | 2024-08-21 | 압승! 내앞에서도먹어줘
sltnqdla | 2024-08-21 | 오 이거 호불호있어서 고민했는데 먹어볼래요❤️
mukb_read | 2024-08-21 | 압승 대박..❤️
due.foodie | 2024-08-21 | 한입만주세요😝😝
moo_boza | 2024-08-21 | 두개 다 먹었어요?? ㅋㅋㅋㅋㅋㅋㅋㅋㅋ 근데 진짜 두바이 어디까지 갈지 궁금쓰....... 이러다 음료도 나오게따
suhoyum | 2024-08-21 | 둘다 먹어볼래요❤️
muk_joongsa | 2024-08-21 | 두바이 초코 압승! 겉은 엔초 느낌스라 마싯겟담❤️
witty_foodie | 2024-08-21 | 오오 궁금은해요😮
bonge_o0o_food | 2024-08-21 | 오 이거 먹으러가본다!!!
leeoh_review__ | 2024-08-21 | 구독알지?❤️
gyul_yummy | 2024-08-21 | 오늘 사러갑니다💚🫶🏻
sowon_yam2 | 2024-08-21 | 압승이군용???
yome_foodie | 2024-08-21 | 아직 못먹어봤는데 먹어봐야겠어요❤️
ming_foodie_ | 2024-08-21 | 우아 두바이초코바 먹어볼래여
muklidangil | 2024-08-21 | 와우 먹어봐야겠어요
berup_x | 2024-08-21 | ❤️
j_a_n723 | 2024-08-21 | 전이거진짜 불호였어요....😂😂😂
muckza_zzae | 2024-08-21 | 구독알쥐~ 압승 먹어봐야지❤️
yumyum_report | 2024-08-21 | 압승이라니 두바이초코바 먹어봐야겟네요"
2024-08-20,593,분명 이건 맛없없 조합인데? GS25에 나온 삼립호떡 꿀호떡 샌드! 서진이네 방송과 관련된 건지 크게 쓰여있음 존맛 삼립호떡 2개가 버터크림으로 샌딩되어 있음 안에 달달한 팥앙금도 들었고 위엔 카라멜시럽까지! 근데 버터크림이 단단하고 미끄덩하고 느끼한게 맛없음 ㅠ 분명 이 조합은 맛있어야 하는데 크림을 왜 이렇게 만들었는지;; 그냥 기본 드세요 📍GS25에서 샀는데 편의점에 거의 위치 💵 3700원 49주,"#삼립호떡꿀호떡샌드, #신상리뷰, #간식추천, #먹방asmr, #삼립호떡, #디저트맛집, #편의점디저트, #편의점신상, #호떡맛집, #씨유신상, #gs25신상, #서진이네","foodgallery_club | 2024-08-24 | 🥰🥰
wanteat._.eat | 2024-08-22 | 역시 오리지날이 제일 맛있는 거 같아요ㅋㅋㅋ😂
korea_foodzone | 2024-08-21 | 헐 ...?! 당장간다아!!
food_zohaa | 2024-08-21 | 호떳 맛나것어요❤️
mukdang0 | 2024-08-21 | 호떡 츄베릅❤️❤️
rara_muk | 2024-08-21 | 맛있어보이는데 맛없다니😢
h.elio_t.rope | 2024-08-21 | ❤️❤️❤️❤️
leeoh_review_ | 2024-08-21 | 나도 호떡만 먹을래❤️
ddo__yam | 2024-08-21 | 내돈내놔라니 ㅠ 이거 먹어보려고했는데 츄베릅님 덕에 패스!!!
bonge_o0o_food | 2024-08-21 | 으엥 맛이 없을줄이야 맛있는거 다 모아놓고 대체왜ㅠ
oknavely_tour | 2024-08-20 | 워 진짜 쪼꼼 아쉽다앙 ㅎㅎ 😍😍 간식으로 먹어봐야겠당 ㅎㅎ
momoslown | 2024-08-20 | 먹어보고싶어요❤️
reels_pandagom | 2024-08-20 | 너무 맛있겠판다!! 먹고싶어용🐼🐼
ddub_e2 | 2024-08-20 | ㅋㅋㅋㅋ호베릅 야뮤지게 베릅ㅋㅋ🤔
mukjung_ | 2024-08-20 | 내돈내놔~~
ja.do.ya | 2024-08-20 | 근데 비줠이 넘 이뻐서 도전해보고 싶당..❤️❤️
choi._.yummy | 2024-08-20 | 아 이조합;;인데 맛이 없다뇨,,,,😢슬프,,,ㄴ
e.den_0.0 | 2024-08-20 | 오오? 이거 먹어봐야겟네욤❤️
matpamine_ | 2024-08-20 | 키야 디저트로 먹어야지👏
hello_s_food | 2024-08-20 | 먹을까 말까.. 전 말까 😂😂
sltnqdla | 2024-08-20 | 앗 생각보다 별로였다니ㅠㅠ 아쉬워오ㅠ
mukkarong | 2024-08-20 | 요고요고 간식으로 너무 맛있겠는데요?!!🔥🔥
juner_315 | 2024-08-20 | 이런 신상은 어덯게 찾아오시는거에여😮😮
mukksomm | 2024-08-20 | 어제 봤는데 앙사오길 잘했네용
j_a_n723 | 2024-08-20 | 앗별루군여 아쉽네여 😂😂
churping_oo | 2024-08-20 | 나도 하나만 달라려다가...아쉽😢
misick.mag | 2024-08-20 | 와 진짜 개마싯겠다..ㄷ
bokjaaa___ | 2024-08-20 | 이거 진짜 크림 미끄덩하더라고요 ㅠㅠ
busan_delicious_diary | 2024-08-20 | 와 넘 먹어보고싶은데요 👏👏
bottlejune__96 | 2024-08-20 | 우왕 호떡안에 생크림 가득한거 미쳤어요ㅠㅠㅠ😍😍
eat_fp | 2024-08-20 | @reekyung_h
themukeou | 2024-08-20 | 그럼 나도 호떡만 먹어야지 ㅜ😂
yeoni_mukstar | 2024-08-20 | 느끼한 버터크림은 좀 그렇네요😢😢
eunsil5317 | 2024-08-20 | 오 요거 먹어봐야겟어용!!
hotdor_s | 2024-08-20 | 진짜 이거보고 오늘 편의점간다 ㅋㅋㅋㅋㅋ
ruri.food | 2024-08-20 | ❤️❤️
ruri.food | 2024-08-20 | 난 그냥 호떡만 먹을랭!ㅋㅋㅋ
hh.__.jin | 2024-08-20 | ㅠㅠㅠ나도 이거 먹어놓고 좀 별로길래 남올렷섴ㅋㅋ
chu.berup_jmt22 | 2024-08-20 | ❤️
js__1oo4 | 2024-08-20 | 그냥 호떡으로 먹는걸로🫢🫢
muckza_zzae | 2024-08-20 | 이게모람 궁금햇는데ㅠㅠ
ming_foodie_ | 2024-08-20 | 이거 맛있을거같았는데 아니군여ㅠ
berup_x | 2024-08-20 | ❤️"
2024-08-20,510,요아정 이름을 가진 그래놀라 요거트? GS25에 요아정 꿀그래놀라 그릭요거트 출시 ! 그릭요거트는 아닌 살짝 꾸덕하고 산미 거의 없는 요거트에 달달한 그래놀라 가득🫶🏻 두개 합치면 달달한 요거트 완성!🫶🏻 예상하는 맛있는 요거트맛인데 이게 왜 요아정 ? 요아정 이름 붙였다고 이 가격이면 안먹음.. 4900원 ㅎㄷㄷ 다음 편의점 요아정은 무엇일라나 ? 📍GS25 💵 4900원 49주,"#요아정꿀그래놀라그릭요거트, #요아정, #요거트아이스크림, #신상리뷰, #간식추천, #먹방asmr, #디저트맛집, #편의점신상, #편의점디저트, #편의점요아정, #요거트아이스크림의정석, #요거트맛집, #그릭요거트","jeong_1616 | 2024-08-22 | C8 꿀도 안들어가있고 거의 사기급임
teddy_zip_ | 2024-08-21 | 오옹 그냥 요거트군요😮ㅋㅋㅋㅋ
bonge_o0o_food | 2024-08-21 | 안먿어야지 히히
gwangju_hotgirl | 2024-08-20 | 또 냈네…?!! ㅋㅋᩚㅋᩚㅋᩚ 이건 뭔가 아는맛일 것 같네용
ja.do.ya | 2024-08-20 | 가격 너무 하자나ㅜ
eat_fp | 2024-08-20 | @reekyung_h
jovny.busan | 2024-08-20 | 요아정...왜요아정!
juner_315 | 2024-08-20 | 요아정 넘 좋은대 비싸요😢
mukddo_muk | 2024-08-20 | 오우 비싸여ㅠㅠ
bokjaaa___ | 2024-08-20 | 이 왜 요?!!!🔥
bottlejune__96 | 2024-08-20 | 크으 그릭요거트에 그래놀라 조합이면 사랑이자나요 ㅠㅠㅠ😍😍
kidmstyle | 2024-08-20 | 요아정 시리즈 먹어보고싶네요😍 근데 좀 비싼데요?
muk.seori | 2024-08-20 | 이거 요거트 아니라면서요..? @eating_happily_
mukkarong | 2024-08-20 | 요아정 오늘 겟 해야겠어요!!🔥🔥
matxnyang | 2024-08-20 | 요아정 이름값 자체가 비싼가봐요😮,,,,.😂😂😂
taste_filer | 2024-08-20 | 먹는게 너무 맛나보여서 사먹을래용ㅎㅎ❤️
mat_kkimu | 2024-08-20 | 요아정 여긴 없어서 못먹었는데 편의점 버전으러 먹어봐야겠어영 ㅎ
hyunjae_mukstagram | 2024-08-20 | 넘 비싸당😢
eating_happily_ | 2024-08-20 | 이름만 갖다붙이기 !ㅋㅋㅋㅋㅋㅋ😂
hj_foodie | 2024-08-20 | 그래놀라 왜케 맛있어보이징👏
colorfulsundays | 2024-08-20 | ㅋㅋㅋ 가격 진짜 ㅜㅜㅜㅜ
mat_puri | 2024-08-20 | 우앙 지에스 안가도되겠당❤️
gyul_yummy | 2024-08-20 | 오 이거 사먹을래여💖💖
meokdoong | 2024-08-20 | 아요고먹고싶오요
hyob_muk | 2024-08-20 | 헉 양에 비해 가격이 후덜덜하네오 정말 🥹
eum_masitto | 2024-08-20 | 요아정은 사랑이쥬🤍
sanghoon.eat | 2024-08-20 | 오호.....맛나보여요~
food_zohaa | 2024-08-20 | 어머머 요아정 각이용❤️❤️❤️
leeoh_review_ | 2024-08-20 | 이건 안먹어야겠다😂
biggn_o | 2024-08-20 | 와 ㅋㅋㅋ가격 쎄긴하네요,,😂
muk._.chuuru | 2024-08-20 | 전에꺼가더마싯옹?
witty_foodie | 2024-08-20 | 허거 ㅜㅜ 가격이😂
jameslee0911 | 2024-08-20 | 와 비싸네요😂
jack93kim | 2024-08-20 | 요아정 ❤️
busan_delicious_diary | 2024-08-20 | 요아정 사랑이에요❤️
seula.busan | 2024-08-20 | 오잉 요아정 ㅜㅜ 훔 .. 이름만 요아정인가봐융
mukbulim_0817 | 2024-08-20 | 아 이것도 아니예요? 그냥 편의점꺼 패쓰😢
wanteat._.eat | 2024-08-20 | 그냥 요거트였으면 괜찮았을텐데,,,! 그쵸?😂
yeoni_mukstar | 2024-08-20 | 음…. 너무 비싸긴 하네요😢😢
sowon_yam2 | 2024-08-20 | 왜요아정😮
hihee.e | 2024-08-20 | 오홍 요아정시리즈 먹어볼래료❤️
korea_foodzone | 2024-08-20 | 요아정이제그만!
j_a_n723 | 2024-08-20 | 오 이거 후기별로라는 말많더라구여😂
dejinnam | 2024-08-20 | 맞아여ㅋㅋ 요아정이 생각 나는 맛은 아니고
무가당 그릭요거트에 그래놀라 조합으로 아는맛인데😋
yozm제품이 원래 좀 가격대가 있어서
비싸더라고요🥲
jjong_mattang | 2024-08-20 | ㅋㅋㅋㅋㅋ비요뜨 먹겠습니다 전..😂
muckza_zzae | 2024-08-20 | 가격 너무해,,,😮
100rang_food | 2024-08-20 | 저는 4900원으로 라면에 삼각김밥에 제로콜라마실래요😮
churping_oo | 2024-08-20 | 어우...두바이초콜릿 버금가는....😢
bbbm_jg | 2024-08-20 | 요라정 이름값 미쳤네요
d_t_muksta | 2024-08-20 | 가격…ㅎㄷㄷㄷㄷㄷㄷ비싸네여
ming_foodie_ | 2024-08-20 | 비싸긴하네용😂
ruri.food | 2024-08-20 | 마싯어보여❤️
ruri.food | 2024-08-20 | 이왜요????ㅋㅋㅋㅋ
picky._.eat | 2024-08-20 | 꾸덕한 요거트 너무 맛있어보이는데 가격이,,요정아니고 악마(?)😂
__it.s.youn | 2024-08-20 | 헙 !! 4900원 ?! 우오 ..!!!
chu.berup_jmt22 | 2024-08-20 | ❤️
yumyum_report | 2024-08-20 | 가격 진짜 ㄷㄷㄷ이네요😂
mukrosee | 2024-08-20 | 이름만 붙히고 저 가격이라니ㅜㅜㅜ
yome_foodie | 2024-08-20 | 이게 왜 요아정!?ㅋㅋㅋ맛있어보이긴해여❤️
berup_x | 2024-08-20 | ❤️"
2024-08-19,599,"드디어 찾은 편의점 두바이초콜릿 1등? 편의점 두바이초콜릿이 줄줄이 맛없어 질리던 차에 세븐일레븐, GS1차가 맛있다는 추천이 많아 당근으로 구해서 먹어봄!당근마켓에서 8000원에 구했고 현재는 GS는 예약구매만 가능! 얇고 녹진한 피스타치오 스프레드와 바쟉한 카다이프🫶🏻 진한 다크 초콜릿이 감쌈🫶🏻 아 이게 편의점 두바이 1등;;🫶🏻 스프레드가 좀 두꺼웠으면 좋았지만 지금도 제일 맛있음🫶🏻 다른것들보다 비싸긴하지만 맛있으면 장땡🫶🏻 편의점 두바이초콜릿 먹어본 사람들 댓글로 후기 좀🫶🏻 📍GS25, 세븐일레븐 💵 4개입 28000원 49주","#카다이프초콜릿, #신상리뷰, #간식추천, #먹방asmr, #편의점신상, #편의점디저트, #두바이초콜릿, #두바이초콜렛, #편의점두바이초콜릿, #카다이프, #디저트맛집","leeeeyanglin | 2024-08-29 | 나 이거 오늘 먹어봤는데 마싯듬 ㅇㅇ😍
hxyyy28 | 2024-08-22 | @leehj0131 이거맛나댕
yzzunyx | 2024-08-21 | 먿고깊다ㅠㅠㅠㅠㅠ
ja.do.ya | 2024-08-20 | 오 입문은 이걸로🔥🔥🔥
colorfulsundays | 2024-08-20 | 오 1등!!!!! 요거 구해봐야겠어요!
hotdor_s | 2024-08-20 | 오 세븐 접수🤩
bottlejune__96 | 2024-08-20 | 오옹 세븐일레븐에도 두바이초콜릿 맛볼수있다니 한번 가볼래요!!😍😍
mukkarong | 2024-08-20 | 요고 맛 궁금해요!!🙌
yu.jinnnn | 2024-08-20 | @white.rices 무조건 세븐
100rang_food | 2024-08-19 | 편의점 1티어는 못참지😍
matport_ | 2024-08-19 | 이건 증말 역대급이네요🔥🔥
mat.planner | 2024-08-19 | 이건 저장안할수가 없네요😍
1onefood_ | 2024-08-19 | 우앙 이거 너무 먹어보고싶은데용😍
jjong_mattang | 2024-08-19 | 오늘은 이어폰 없나요!????😂
food_zohaa | 2024-08-19 | 우오 두바이 유행의 끝은 >_<
mini_euni | 2024-08-19 | 맛나다니 궁금해요❤️❤️❤️
muk__guri | 2024-08-19 | 두바이 아직도 안먹어봄...
jameslee0911 | 2024-08-19 | 와 당장 먹으러 가야겠어요😍
dama.dessert | 2024-08-19 | 우왕 소리 너무 조아요 ㅎㅎ😍
juner_315 | 2024-08-19 | 맛있어서 놀라시다니!! 오오
leeoh_review_ | 2024-08-19 | 우와 구독해야게땅❤️
ham2_ni__ | 2024-08-19 | 오 이게 일등이에요?!😮😮
matpamine_ | 2024-08-19 | 두바이 전성시대👏
foo_nus | 2024-08-19 | 소리 머선일이에요 바삭바삿😍
muk._.chuuru | 2024-08-19 | 마쟈!이게젤맛잇대ㅜㅜ아직못머거봄
taetae_foodie | 2024-08-19 | 이건 도전해봐야갯어여❤️
hyukfood | 2024-08-19 | 오늘도 저장 찍고갑니다
aug_piiggg | 2024-08-19 | 오오 1등이에요??❤️
muckza_zzae | 2024-08-19 | 소리너무조아❤️❤️
gyul_yummy | 2024-08-19 | 오 이거 사먹을래여💖
kimcoffee_c | 2024-08-19 | 오😮요거 1등이라닛🔥먹어보고싶어용👍🏻💚
j2ch.busan | 2024-08-19 | 오 이게 츄베릅님 원픽 두바이초콜릿인가요😮😮
bonge_o0o_food | 2024-08-19 | 맛있으면 장땡이야!!
wanteat._.eat | 2024-08-19 | 두바이초코 홍보대사 츄배릅님 ㅋㅋㅋ😍❤️
hyob_muk | 2024-08-19 | 두바이초콜릿 편의점1등 🙌🙌궁그매요
sowon_yam2 | 2024-08-19 | 와ㅠㅠㅠ 왜케 먹고싶어요..😮😮
dejinnam | 2024-08-19 | 유일하게 두바이초콜릿 이름 쓸 수 있는 초콜릿이죠ㅋㅋㅋ🤣
mukdang0 | 2024-08-19 | 넘 궁금해용❤️
d_t_muksta | 2024-08-19 | 맛있어서 놀랬엌ㅋㅋㅋㅋㅋ 찐인거 같네여?ㅋㅋㅋ
teddy_zip_ | 2024-08-19 | 캬 저도 이거 넘 맛있게 먹었어요😍
__it.s.youn | 2024-08-19 | 오 !! GS껄로 영접하러 가야겠네여 !!
mukrosee | 2024-08-19 | 당근 팔천원 속상해요 ㅠㅠㅠ
rara_muk | 2024-08-19 | 이게 진짜 맛있죠❤️
ham_muklog | 2024-08-19 | 오 1등이라니🔥 이거다!!!!❤️
muk_joongsa | 2024-08-19 | 아직 못 먹어봤어요.. 젤 맛있다면 구해봐야겠굼❤️
kidmstyle | 2024-08-19 | 요거 구해서 먹어봐야겠네요😍
apple070778 | 2024-08-19 | 꺅소리봐
eating_happily_ | 2024-08-19 | 오 1등이라 다 때려잡을정도라니>< 짱인데유?! 먹고 싶으면 이걸로!!!❤️
mukzzang_bread_ | 2024-08-19 | 와 찐 1등인걸 표정으로 말해주시네요 😍
mat_puri | 2024-08-19 | 두바이초콜릿~!!! 편의점두바이는 세븐으로!!
muk__jjung | 2024-08-19 | 와아 제일맛난다니 저도 먹어보고싶어용 ❤️❤️
muko_die | 2024-08-19 | 오 표정이 찐인데요😍이건 먹어볼래요🔥
mukbulim_0817 | 2024-08-19 | 편의점꺼 중 이게 제일 맛있더라구요
ruri.food | 2024-08-19 | 맛나조인당😍
ruri.food | 2024-08-19 | 구독알즤❤️❤️
korea_foodzone | 2024-08-19 | 오 1등!?
themukeou | 2024-08-19 | 이거 일등이여?🙌🙌
bbbm_jg | 2024-08-19 | 오늘 가서 사먹어봐야겠어요
j_a_n723 | 2024-08-19 | 제일맛있다니 먹어보고싶어요 😮😮😮
yome_foodie | 2024-08-19 | 이거 못먹어봤는데 궁금해요❤️
berup_x | 2024-08-19 | ❤️
yumyum_report | 2024-08-19 | 오 이건 맛있다니 구매해볼게용!"
2024-08-18,1116,편의점 찰깨크림빵이 얼굴만해져서 돌아왔다 ? GS25에 빅찰깨크림빵 솔티밀크 신상 출시!🫶🏻 원래 손바닥만한 작은 사이즈만 있었는데 크기는 거대해지고 새로운 맛 생김🫶🏻 고소하고 쫄깃한 찰깨빵에 단짠부드러운 솔티밀크 크림 가득🫶🏻 흐물텅한 식물성크림 비율이 적어 쫀쫀한 크림이 맛있음🫶🏻 찰깨빵은 살짝 질기긴한데 질긴맛으로 먹는 거 아니겠어? 근데 다른 맛도 궁금해지는 맛🫶🏻 📍GS25 💵 3800원 49주,"#빅찰깨크림빵솔티밀크, #신상리뷰, #간식추천, #먹방asmr, #디저트맛집, #편의점신상, #gs25신상, #편의점디저트, #찰깨빵, #찰깨크림빵","0wonny_ | 2024-08-21 | @_yu_vely__ 유진이이거 먹겟다
zzarrang2 | 2024-08-21 | @eeunn_k 이거 너무 맛나보임
j06_y19 | 2024-08-21 | @s03_m08 @h.o_o.nnn 이것좀 발견하면 사다놔줘 살게ㅋ.ㅋ
jjgongju_ | 2024-08-20 | 크림 한가득이라 넘 조아요❤️❤️
suyeanloveee | 2024-08-20 | @voryy_ @luvjjiii 작아서ㅜ아쉬웟는뎀 ㅎㅎㅎ
ja.do.ya | 2024-08-20 | 츄베릅 얼굴이 너무 작아서 더 빅이자나😍❤️
con_coffeeornot | 2024-08-19 | 추르르르릅❤️❤️
foodie_hayena | 2024-08-19 | 넘 귀여워용 ❤️❤️❤️
juner_315 | 2024-08-19 | 사이즈업 너무 좋아요😍😍
leeoh_review_ | 2024-08-19 | 다른 맛도 궁금하네요❤️
jjungjjunghan | 2024-08-19 | 무조건 저장입니다👏👏👏
mukbulim_0817 | 2024-08-19 | 요것도 크림 장난아니던데 지에스 가야겠네요
mukbo_jjang | 2024-08-19 | 얼굴만하다니.. 넘나 좋다구요🥹❤️
bottlejune__96 | 2024-08-19 | 찰깨크림빵 요거 너무 궁금해져요 ㅠㅠㅠ😍😍
bokjaaa___ | 2024-08-19 | 헐 빅버전 너무 좋아요
misick.mag | 2024-08-18 | 질긴 찰깨빵 좋아하는편 ㅋㅎ
bonge_o0o_food | 2024-08-18 | 다른 맛도 궁금해!!!
yeoni_mukstar_01 | 2024-08-18 | 찰깨크림빵 이거 크림도 가득하고 큼지막하니 넘 맛있어 보이네요!!
100rang_food | 2024-08-18 | 찰깨빵 취저다😮😮
sowon_yam2 | 2024-08-18 | 다음편이 궁금해지는뎅..??
daejeon_ddomatddo | 2024-08-18 | 아우 크기 커져서 좋아요 두개 사 먹을 필요없겠다😍
hiys9015 | 2024-08-18 | @chaehoooong
yam_yam_ping | 2024-08-18 | 찰깨빵 완전좋은데 크림까즈잉❤️
zin___nxy | 2024-08-18 | 왕크니까 왕맛있어졌내요..!! 🔥🔥
foo_nus | 2024-08-18 | 코에 묻어쪄요😂😂츄베릅❤️
muk_tteul | 2024-08-18 | 오홍 뭔가 으른들도 좋아할것 같은??
ming_foodie_ | 2024-08-18 | 크림 짱마나요😍
hello_s_food | 2024-08-18 | 헐 넘 커여;;;👏👏
gwangju_oneallzero | 2024-08-18 | 당쟝 기릿🔥🔥
wu_hyun | 2024-08-18 | 저 빵피가 진짜 대박일거 같아영 궁금하네영 ㅎ
moo_boza | 2024-08-18 | 오오 찰깨크림빵 사이즈업 무조건 찬성이에여 🔥
biggn_o | 2024-08-18 | 캬 요건 먹어봐야겠댜🙌
mukdang0 | 2024-08-18 | 크림 대박 츄베릅❤️❤️
mukrosee | 2024-08-18 | 오 커진거 너무 조아요❤️❤️
1onefood_ | 2024-08-18 | 와 이제는 먹방이 기다려지는데요 무슨일인가요 🔥🔥
mat_joang | 2024-08-18 | 왕커서 완죤조은데요😍😍😍
shkzipbob | 2024-08-18 | 이거 너무 맛나더라구요❤️
ma_eum_itda | 2024-08-18 | 캬 ❤️❤️먹어봐야겠어용🙌
eating_happily_ | 2024-08-18 | 베릅님 얼굴이 빵만해졌어(?)😮😮😮
ulsan_yamdol | 2024-08-18 | 얌돌 비주얼 미쳐따🩷
taste.__travel | 2024-08-18 | 요거 넘 궁금했는데 크림대박🩷
matpamine_ | 2024-08-18 | 얼굴이 작으신..😮
mukb_read | 2024-08-18 | 크기 대박😂❤️
rara_muk | 2024-08-18 | 완전 큰데요 맛있겠다❤️
gyul_yummy | 2024-08-18 | 저 이거 진짜 조아해여,,
hj_foodie | 2024-08-18 | 찰깨빵 좋아하는데 안에 크림이라닝😍👏
uououo0o | 2024-08-18 | @skdusndi 도리도리 이젠 이거다
gge.juck | 2024-08-18 | 진짜 엄청 고소달달할거 같은데 심지어 크기도 커여?
sikhookyung | 2024-08-18 | 크,,비주얼에 홀릴뻔 했어요;;👦🏻
muko_die | 2024-08-18 | 와 크림이 진짜 찐인데요😍크기도 와🔥
muckza_zzae | 2024-08-18 | 우앙 크림가득 쥬타❤️❤️
korea_foodzone | 2024-08-18 | 와짱커젺당
js__1oo4 | 2024-08-18 | 찰깨..❤️❤️ 꼬숩꼬숩❤️
크림까지 있으니까 더 맛있겠어용😍
ruri.food | 2024-08-18 | ❤️❤️
ruri.food | 2024-08-18 | 다른맛도 궁그매져❤️
j_a_n723 | 2024-08-18 | 오크림 먹어보고싶어요❤️
jameslee0911 | 2024-08-18 | 오 당장 사먹으러 갈래요❤️
eat_fp | 2024-08-18 | @reekyung_h
sltnqdla | 2024-08-18 | 사이즈 업된거 너무 조아요ㅠㅠ❤️
berup_x | 2024-08-18 | ❤️
mukstar_md | 2024-08-18 | 오아 이젠 빅 버전😍"
2024-08-17,449,강남 신세계 스위트파크 매출 1등이 이거라고? 웨이팅부터 엄청나서 매일 이른 완판을 했던 곳🫶🏻 스위트파크 역대 매출 1등으로 앵콜팝업을 단 3일만 !!! 진행🫶🏻 도톰한 초콜릿안에 녹진한 피스타치오 스프레드와 바쟉한 카다이프 가득🫶🏻 완전 찐두바이 생각나는 맛🫶🏻 달달한데 과한 단맛이 아니라 자꾸 들어가네🫶🏻 심지어 보냉포장이 무료!🫶🏻 사장님의 센스 무엇🫶🏻 현재 두바이초콜릿으로 전국순회중이니 팝업 일정 참고해서 다 털리기 전에 얼른 달려가자🫶🏻 [팝업 일정] 8.16(금)~18(일) 3일간 강남신세계 8.23(금)~9.1(월) 10일간 대전신세계 8.30(금)~9.5(목) 7일간 용산아이파크 9.5(목)~9.11(수) 7일간 잠실롯데월드몰 📍#리리컬디저트 💵 두바이초콜릿 23000원 49주,"#스위트파크, #신세계강남, #신세계강남맛집, #강남맛집추천, #고속버스터미널맛집, #강남디저트, #두바이초콜릿, #두바이초콜렛, #스위트파크신세계강남점, #두바이초콜릿팝업, #디저트맛집, #신상리뷰, #간식추천","jihojisu | 2024-09-09 | 혹시 렌즈..뭐쓰시나요 너무 이뻐요😍😍😍
am.o959 | 2024-08-20 | @wo_onv 사다줘
leejeongmin0290 | 2024-08-19 | @daniii_kkk
mukjung_ | 2024-08-19 | 요기지리자나아~!
leeoh_review_ | 2024-08-18 | 웨이팅 미쳐따 진짜 맛나보여❤️
ddo_sil | 2024-08-18 | 앜ㅋㅋㅋ 이어폰 킬포네요👏
100rang_food | 2024-08-18 | 아니 마이크 개힙하네..😮
mukkarong | 2024-08-18 | 오오오!!이건 찐이네요!! 저두 먹어볼래요!!🙌🙌
hyukfood | 2024-08-18 | 개꿀맛이겠어요
sltnqdla | 2024-08-18 | 여기가서 찐 두바이초콜릿 먹어볼래요❤️
twobrowook | 2024-08-18 | 리리컬 온라인 구매 때 먹어봤는데 존맛
bokjaaa___ | 2024-08-18 | 찐두바이랑 너무 비슷한데요??? 대박
korea_foodzone | 2024-08-18 | 넘 맛있겟는대용ㅎㅎㅎㅎ
wu_hyun | 2024-08-17 | 할 진짜 먹고 싶네영 엄청 궁금하다는 ㅜㅠ
j_a_n723 | 2024-08-17 | 찐두바이라니 먹어보고싶어요 😍
matzip_hyena | 2024-08-17 | ㅋㅋㅋㅋㅋ 이어폰 바쟉바쟉 두바이초콜릿 킁킁츄베룹 🔥
themukeou | 2024-08-17 | 내일까지여?!🙌
sang_hwa00 | 2024-08-17 | 아 찐두바이 먹고싶어요ㅠㅜ
1onefood_ | 2024-08-17 | 와 대박 바로 달려거고싶어용😍😍😍
mukchoding | 2024-08-17 | 요것도 넘 맛나겠어요😍
sikhookyung | 2024-08-17 | 요즘 더위로 입맛없는데 이거 먹으면 입맛 살아날 것 같아요!!😋🙆🏻‍♂️
chopchop_univ | 2024-08-17 | 웨이팅 장난 없네요😮 매출 1등이라니 먹어보고싶어요🙌
apple070778 | 2024-08-17 | 아 ㅜㅜ먹고싶다잉
churping_oo | 2024-08-17 | 이거나도 먹어봐야하는데❤️
hwanlee_muksta | 2024-08-17 | 초콜릿 완전 두툼한데요ㅋㅋㅋㅋㅋㅋㅋ이어폰😂
bbbm_jg | 2024-08-17 | 대박이네여❤️❤️
sun_square_ | 2024-08-17 | 가보고 싶은데 웨이팅 길었나요?💜
kidmstyle | 2024-08-17 | 와 카다이프 한가득이네요 너무 맛있겠는데요😍
eat_fp | 2024-08-17 | @reekyung_h
jinarye | 2024-08-17 | 오늘 나레이션이 몹시 빠름 ㅋ ㅋ
muksta_turbo | 2024-08-17 | ㅁ오오미 대박🔥
mukdang0 | 2024-08-17 | 카다이프 대박❤️
yamphile | 2024-08-17 | 😍😍😍😍😍😍😍😍😍😍😍😍😍😍
mukstar_md | 2024-08-17 | 카다이프 미쳤더😣🫰
gyul_yummy | 2024-08-17 | 오 이거 사러갈래여💖
bottlejune__96 | 2024-08-17 | 두바이초콜릿 너무 궁금하니 당장 한입해보고싶네요 ㅠㅠㅠ❤️❤️
mukbway | 2024-08-17 | 두바이 넘 궁금해요오😍🔥
ndzip_ | 2024-08-17 | 두툼하니 맛있어보인당 ㅠㅠㅠ
muk._.chuuru | 2024-08-17 | 빠삭빠삭❤️
sowon_yam2 | 2024-08-17 | 아앸ㅋㅋㅋㅋ귀여우셬ㅋㅋㅋㅋㅋ
muk_joongsa | 2024-08-17 | 냐일까지라니 넘 아쉬워여ㅠㅠㅠㅠ❤️
ham2_ni__ | 2024-08-17 | 두바이 초콜렛 사랑이져❤️❤️
muksta__chunsik | 2024-08-17 | 스위트파크 가야제❤️
yamm__h | 2024-08-17 | 여기 웨이팅 넘 길길이길래 못먹어봤는데 맛 궁금해요🥹
hello_s_food | 2024-08-17 | @hyunik8_8 자 출동하자
bonge_o0o_food | 2024-08-17 | 달려가🔥🔥🔥
laurent_busan | 2024-08-17 | 두바이초콜릿 츄베릅 💚💚💚
mukrosee | 2024-08-17 | 찐두바이네요!!😮
rara_muk | 2024-08-17 | 완전 도톰하고 맛있겠어요❤️
muk_sicogi | 2024-08-17 | 카다이프 제대로다왈😍😍
miri_muk | 2024-08-17 | 와.. 진짜 밖에서도 소리를 담겠다는 츄베릅님의 열정👏 담주부턴가 제가 좋아하는 무드베이킹도 여기 들어간다는데 가봐주세요!!
mukbulim_0817 | 2024-08-17 | 매출1위라니 먹어보고 싶어요
gge.juck | 2024-08-17 | 아니 이걸 스위트파크에서 바로 찍으신거예요???😮
eeekha1 | 2024-08-17 | 사람들이 줄서는 이유가 있네요 👍
yome_foodie | 2024-08-17 | 어머 광주에서도 이거 쥴서있는거 봤는데❤️
lyrical.dessert | 2024-08-17 | 유앙 대박 ❤️❤️❤️❤️
sh.cookkook | 2024-08-17 | 구독하고 달료가기>.< 찐두바이생각나는 맛,, 아직 찐두바이 안먹어봤어여 헷
_zez_e__ | 2024-08-17 | 카다이프 대박 많다 ㅜㅠ❤️
needsman_daejeon | 2024-08-17 | 대전 신세계도 빨리와주세요~~~👏👏
mut_dam | 2024-08-17 | 어떤 맛일지 완전 궁금해요❤️❤️❤️
wanteat._.eat | 2024-08-17 | 아니 마이크ㅋㅋㅋㅋㅋㅋ 잘 붙이셨어요😍
sleepdish_ | 2024-08-17 | 스위트파크 달렷🔥🔥
jjong_mattang | 2024-08-17 | ㅋㅋㅋㅋㅋㅋ아 이어폰 킬포ㅋㅋㅋㅋㅋ👏
muckza_zzae | 2024-08-17 | 바삭바삿 미쳐땅😍❤️
__it.s.youn | 2024-08-17 | 와 ..!!! 웨이팅 줄 진짜 어마어마하네욥 !
matcoder_ | 2024-08-17 | 얼른 달려가야겟는데요
j2ch.busan | 2024-08-17 | 입에 뭐에여?ㅋㅋㅋㅋ 마이크인가🎤
ruri.food | 2024-08-17 | 귀욤아❤️
ruri.food | 2024-08-17 | 아나 마이킄ㅋㅋㅋ
sse_luv | 2024-08-17 | 요기 궁금해요🥹🥹
berup_x | 2024-08-17 | ❤️"
2024-08-16,409,라라스윗에서 한정판 신메뉴 출시? 연예인들도 먹는다는 유명한 저당아이스크림 라라스윗에서 신메뉴 출시🫶🏻 쿠앤크 맛인데 한정판으로만 판매한다함🫶🏻 겉은 바쟉한 초콜릿코팅이 감싸져있고 안은 쫀득 달달한 쿠앤크 아이스크림🫶🏻 당도가 꽤 높은데 당류가 1g!!🫶🏻 다이어트 때 입터짐 방지로 딱🫶🏻 한정판이니 얼른 맛보러 편의점 고고링🫶🏻 📍 CU 💵 3300원 49주,"#라라스윗저당쿠키앤크림초코바, #라라스윗, #라라스윗아이스크림, #라라스윗저당초코바, #신상리뷰, #간식추천, #먹방asmr, #편의점신상, #씨유신상, #편의점디저트, #저당","alcholstargram | 2024-08-18 | 라라스윗.너 어디까지갈거늬😍
reels_pandagom | 2024-08-17 | 우왕 넘 맛있겠판다!!🐼🐼❤️
mx30n._ | 2024-08-17 | 저거 견과류 들어있나요..?
laurent_busan | 2024-08-17 | 와 쿠앤크맛 나왔다뇨ㅠㅠ 당장 달려가🔥
ndzip_ | 2024-08-17 | 엉 넘 맛있겠다 쿠앤크 맛이라니...🔥
rara_muk | 2024-08-17 | 저당이라 완전 좋은데요❤️
taetae_foodie | 2024-08-17 | @w0n._.iii
hihee.e | 2024-08-17 | 오홍ㅋㅋㅋㅋ저당이라니 당잩먹어야져❤️
leeoh_review_ | 2024-08-17 | 다이어트때 먹어야게따❤️
ruri.food | 2024-08-17 | ❤️❤️
ruri.food | 2024-08-17 | 입터질때!!!나듀먹을래❤️
mukdang0 | 2024-08-17 | 아이스크림 츄베릅❤️❤️
kkutti_h | 2024-08-17 | 라라스윗 한정판 못참쥐..가보쟈고!
_gahyoida | 2024-08-16 | 라라스윗 신상은 믿고 먹지오😍 아니 근데 저는 저당만 먹는데 왜 살이 찌는 거냐고요😂
bottlejune__96 | 2024-08-16 | 라라스윗에서 쿠앤크맛이 나오다니 완전 제취향이자나유 ㅠㅠㅠ❤️❤️
muk._.ssu | 2024-08-16 | 쿠앤크 미쳐따 맛잘알 ㅜㅠㅠ
bokjaaa___ | 2024-08-16 | 와 저당 퀄이 ㄷㄷ
muksta__chunsik | 2024-08-16 | 아슈크림이 저당이라니❤️
rorogultravel | 2024-08-16 | 넘넘 맛있어 보여요(ღ❛ڡ❛ღ) 완전 제 취향인데요꒰◍ˊ◡ˋ꒱੭⁾⁾
mukddo_muk | 2024-08-16 | 오 먹어볼래요❤️
korea_foodzone | 2024-08-16 | 아이스크림 러버한테 희소식!
sowon_yam2 | 2024-08-16 | 방지하러먹어야징 ㅎㅎ
ssonwin_ | 2024-08-16 | 아 쿠앤크맛 탐나요ㅠㅠㅠ
hh.__.jin | 2024-08-16 | 구독 알지 귀엽당ㅋㅋㅋ
hyobongi_muck | 2024-08-16 | 이거 너무 궁금했는데😆초코코팅 너무 맛있어보여요😍
1onefood_ | 2024-08-16 | 와 다이어트중인데 이거 한번 도전 들어갑니다😍
mukkarong | 2024-08-16 | 저당 아이스크림 완전 맛있겠어요!!👏👏
themukeou_2 | 2024-08-16 | 쿠앤크라서 더좋아🙌
ham2_ni__ | 2024-08-16 | 헐 보이면 먹어야겠더여..❤️
muksta_turbo | 2024-08-16 | 대박🔥
im_muksta_ | 2024-08-16 | 맛있겠다👏🏻
churping_oo | 2024-08-16 | 이젠 다이어트를 해야겠지....😢
mat.planner | 2024-08-16 | 우와 ㅠㅠㅠ 진짜 반했어여,,❤️
yeoni_mukstar | 2024-08-16 | 라라스윗 신상이라니❤️❤️ 저도 꼭 먹어볼래요!!
015_not_found | 2024-08-16 | 말티톨 거른다
jinarye | 2024-08-16 | 이거 무조건 사먹어야주
muk_joongsa | 2024-08-16 | 입터질때 먹기 딱인 저당 아슈쿠림❤️
mukrosee | 2024-08-16 | 저 오늘 먹었는데 짱마싯던데요!?😮
hyob_muk | 2024-08-16 | 와 저당 쿠앤크라니....쟁야두고 먹을래여❤️
moo_boza | 2024-08-16 | 표정이 말 다 하는데여 ㅋㅋㅋㅋㅋㅋㅋㅋㅋㅋ ❤️
matport_ | 2024-08-16 | 와 역대급 비주얼이에요 ㅠㅠㅠ😍😍
muuk.dda | 2024-08-16 | 이거 사러갈래효..
ggul._.duck | 2024-08-16 | 라라스윗은 아이스크림 진짜 잘만드는거같어요🤤
jack93kim1 | 2024-08-16 | 오오오오 요거 맛도리겠음
jjong_mattang | 2024-08-16 | 이거 열개 먹어도 살 안찌나요 ㅎㅎㅎ?
wanteat._.eat | 2024-08-16 | 저 요즘 다이어트하는데,,,, 한 3개 먹어도 될까요,,,,😮
wu_hyun | 2024-08-16 | 왜 아직까지 라라스윗을 한번도 안먹어봤을까용😂
mukb_read | 2024-08-16 | 역시 라라스윗❤️
js__1oo4 | 2024-08-16 | 와❤️ 이게 저당이라니 대박이쟈냐용🩷
ming_f00d | 2024-08-16 | 쿠앤크가 제일 기대돼요🔥🔥
hj_foodie | 2024-08-16 | ㅠㅠ저당쿠앤크라니 너무좋은디❤️
bonge_o0o_food | 2024-08-16 | 헐 라라스윗 너무 좋아ㅠㅜㅠㅠ
hello_s_food | 2024-08-16 | 믿고먹는 라라스윗인데 한정판이면 무조건 구해야죠❤️
yumyum_soble | 2024-08-16 | 라라스윗 저당 아이스크림 믿먹이잖아요❤️
ggam_food | 2024-08-16 | 와자작 맛잇겟네야❤️
gge.juck | 2024-08-16 | 라라스윗 매일 드시고 몸무게 변화 찍어주시면 안될까요?😮😮😮
muckza_zzae | 2024-08-16 | 입터짐 방지 촤고다❤️❤️
eat_fp | 2024-08-16 | 저당 아스크림😍😍
suhoyum | 2024-08-16 | 한정판 못참죠❤️
limeunzzo | 2024-08-16 | 헐 ㅠㅠㅠㅠ 쿠앤크 취저에여😮❤️
j_a_n723 | 2024-08-16 | 아이스크림 먹고싶네여 ❤️❤️❤️
jameslee0911 | 2024-08-16 | 라라스윗 한정판 당장 먹어볼래요❤️
gyul_yummy | 2024-08-16 | 오 저도 이거 먹어볼래요💖💖
berup_x | 2024-08-16 | ❤️
_zez_e__ | 2024-08-16 | 이거 맛있져 ㅠ"
2024-08-14,275,바나나우유맛 편의점 바나나떡? 연세우유 바나나생크림떡이 이전에 출시되었는데 구독자님 요청으로 겟! 바나나우유향이 가득하고 떡은 역시 쫄깃한데🫶🏻 인공적인 달달한 바나나맛 크림이라 살짝 아쉽ㅠ 얘는 바나나향 때문에 특유 밀가루향은 우유생크림떡보단 적은 듯🫶🏻 그래도 난 바나나떡보단 우유생크림떡이 더 맛있다🫶🏻 이거 먹어본 사람?🫶🏻 📍CU 💵 1900원 50주,"#연세우유바나나생크림떡, #신상리뷰, #간식추천, #먹방asmr, #편의점신상, #디저트맛집, #연세우유생크림빵, #씨유신상, #먹방유튜버, #편의점디저트, #바나나우유","sltnqdla | 2024-08-16 | 바나나생크림떡은 처음보는데 녹을거같아요ㅠㅠ❤️
sowon_yam2 | 2024-08-16 | 우앙 향까지궁금 ❤️ 우유생크림 윈 ❤️
qbee.eat | 2024-08-16 | ㅠㅠㅠㅠㅠ크림만 좀 더 보완하면 더존맛일거가튼에 ㅠㅠㅠㅠ
mukbears | 2024-08-16 | 와 바크떡보단 역시 우유생크림,,?
eat_fp | 2024-08-16 | @reekyung_h
__it.s.youn | 2024-08-16 | 오호오 ~~ 바나나유유 맛?! 궁금해욥
bokjaaa___ | 2024-08-15 | 우유맛이 더 맛도리 인정이요❤️
ham_muklog | 2024-08-15 | 크림가득🔥 먹어보구파요❤️
rara_muk | 2024-08-15 | 이거 너무 먹어보고 싶어요❤️
ssonwin_ | 2024-08-15 | 바나나맛 사랑이죠❤️❤️❤️
mukkarong | 2024-08-15 | 오우~~완전 쫀득해보여요!!🔥🔥
muk.news | 2024-08-15 | 향이 궁금해요❤️
1onefood_ | 2024-08-15 | 오오 이거 먹어보고싶었는데 대박 빠른리뷰 감사함돠😍😍
muk_captain_ | 2024-08-15 | 음 빵순이시구만..!
mat_kkimu | 2024-08-15 | 인공적인 향은 어쩔 수 없긴 한거 같아영 ㅜㅜ
food_zohaa | 2024-08-15 | 빵 땡겨요 ㅠㅠㅠ
biggn_o | 2024-08-15 | 오오 요건 또 먹어봐야겠다요🙌
gwangju_oneallzero | 2024-08-14 | 저도 접구할래요❤️
korea_foodzone | 2024-08-14 | 쫀득쫀득 너무조은대용
true_gyeongju | 2024-08-14 | 얼릉 사먹어봐야겠어요
leeoh_review_ | 2024-08-14 | 오 이거 궁금한디❤️❤️
100rang_food | 2024-08-14 | 왁 바나나떡 쫄깃탱탱😍
jjuchelin_ | 2024-08-14 | 쫀득하고 바나나향 나는게 늠 취저일거같아용😍😍
misick.mag | 2024-08-14 | 이게 진정 편의점 퀄리티가 맞냐고..
colorfulsundays | 2024-08-14 | 인공적인맛 시러여 ㅠㅠㅠㅠㅠㅠ
_lululala_official | 2024-08-14 | 쫀득 식감 못참쥬❤️
ham2_ni__ | 2024-08-14 | ㅠㅠㅠㅠㅠ이거 맛있었눈데!!! 우유가 더 맛있긴했더여😮
eating_happily_ | 2024-08-14 | 우유생크림 호불호 갈리던데 그래도 바나나 보다는 우유 생크림이 더 맛있나 보네요?!?
kkutti_h | 2024-08-14 | 쪼오오올깃~ 해서 넘 부드럽고 맛날듯❤️❤️
hihee.e | 2024-08-14 | 오홍ㅋㅋㅋㅋ완전 쪼올깃 하네요
juner_315 | 2024-08-14 | 연세우유는 다 믿먹이죠😍
muk_marorong | 2024-08-14 | 생크림떡 왕궁금하당😍
mukbulim_0817 | 2024-08-14 | 요거 맛있었는데 우유생크림이 더 맛있다니 당장 씨유갑니다
jameslee0911 | 2024-08-14 | 오 저도 먹어볼래영😍
mukdang0 | 2024-08-14 | 쫄깃쫄깃 츄베릅 ❤️❤️
hdul_daily | 2024-08-14 | 쫄깃하니 굳인데여😍
bonge_o0o_food | 2024-08-14 | 우엉 이건 내 취향은 아닐고같애🥺
mukddo_muk | 2024-08-14 | 우유로 먹어봐야겠어요😍
sikhookyung | 2024-08-14 | 요즘 더위로 입맛없는데 이거 먹으면 입맛 살아날 것 같아요!!😋🙆🏻‍♂️
myeong_jonmatt | 2024-08-14 | 접수완료❤️
js__1oo4 | 2024-08-14 | 한번쯤은 사먹어 보고 싶어요❤️
ggam_food | 2024-08-14 | 접수하러갑니다❤️
bottlejune__96 | 2024-08-14 | 오오! 바나나맛 생크림떡 요거 쫀득달달하니 최고더라구요 ㅠㅠㅠ💛💛
gge.juck | 2024-08-14 | 역시 튜닝에 끝은 순정인가요😮
themukeou | 2024-08-14 | 나도 먹고 후기 알려줄께🙌
wanteat._.eat | 2024-08-14 | 헛 궁금해서 먹어봐야겠어요,,, 근데 저도 갠적으로 우유생크림이 더 맛있을 거 같긴해요ㅋㅋ😍
jinarye | 2024-08-14 | 쫄깃쫄깃😍
muk._kw | 2024-08-14 | 편의점으로 달려갈래요❤️❤️
aug_piiggg | 2024-08-14 | 이거 진짜 쫀득하니 맛있어요❤️❤️
muk_joongsa | 2024-08-14 | 쫀득한게 내스타일 같은뎀.. 우유생크림 먹어야지❤️
jack__foodie | 2024-08-14 | 저 먹어봤어요 후기는 더보기
muk_tteul | 2024-08-14 | 접수완료-!!!
miri_muk | 2024-08-14 | 오오 궁금하긴 해요~❤️
j_a_n723 | 2024-08-14 | 와크림가득 먹어보고싶어요
jack93kim1 | 2024-08-14 | 요즘 유투브도 핫하시더만
jack93kim1 | 2024-08-14 | 오오오오 완전 맛도리😍ㅋㅋㅋ
mukrosee | 2024-08-14 | 바나나맛이랑 우유맛중에 우유가 더 마싯더라구요!
only.one_david | 2024-08-14 | 바나나향 궁금하네요!!😍
gyul_yummy | 2024-08-14 | 오 떡도 나오네요💛💛
muckza_zzae | 2024-08-14 | 난 그럼 우유샹크림 먹을래영❤️❤️
berup_x | 2024-08-14 | ❤️
ruri.food | 2024-08-14 | ❤️❤️
ruri.food | 2024-08-14 | 접수완룤ㅋㅋ귀여어😍"
2024-08-13,479,"저당볶음밥을 배달로 먹는다고 ? 볶음밥 좀 하는 뽁당볶음밥에서 저당닭갈비볶음밥 출시! 100%국내산 김치에 갓지은 따끈한 밥으로 만든 수제볶음밥집🫶🏻 김치토핑이 깍두기로도 변경가능! 저당에 저칼로리라 다이어터에게 완전 딱🫶🏻 맛은 그냥 닭갈비볶음밥인데 저당이라니 너무 신기🫶🏻 불닭볶음면 볶음밥 버젼인 불닭스팸은 맛있게 매워 내 원픽🫶🏻 하지만 맵찔이는 못먹을 수도..?! 덜맵게도 가능하니 맵찔이는 덜맵게로 추천🫶🏻 마라향 풀풀 풍기는 마라볶음밥🫶🏻 마라초보에게 맞춘 듯한 얼얼매콤함🫶🏻 마라볶음밥은 내 동생 원픽!! 삼겹3배 볶음밥은 이름처럼 고기 폭탄!🫶🏻 고기가 고슬고슬 기름기 없는데 양이 많음🫶🏻 삼겹살 다먹고 볶음밥먹는 느낌🫶🏻 배달볶음밥 원조 1티어는 여기였네,,🫶🏻 그래서 무슨 볶음밥 먹을래? 📍#뽁당 50주","#광고, #배달, #볶음밥, #볶음밥맛집, #배달맛집, #배달음식추천, #배달볶음밥, #뽁당볶음밥, #배달맛집추천, #저당, #다이어트볶음밥","bokjaaa___ | 2024-08-15 | 1티어일만 하네유…😍
kkutti_h | 2024-08-15 | 저당 보끔밥이라니..❤️ 탄수 처돌이들 뿌셔❤️
con_coffeeornot | 2024-08-15 | 아주 야무지네여❤️
siso_father | 2024-08-14 | 볶음밥 너무 맛있겠어요 😍
colorfulsundays | 2024-08-14 | 오😍😍😍😍 요거 너무 좋은데요!
s0happylife | 2024-08-14 | 오와 저칼로리 볶음밥이라니,, 이건 혁명 ㅠㅠ❤️
eat_fp | 2024-08-14 | @reekyung_h
muk_suhyun | 2024-08-14 | 먹8하고갑니당👍 소통해요🙌🏻
muk.seori | 2024-08-14 | 구독 알즤>.< 졸귀턍
muuk.dda | 2024-08-14 | 와 불닭 스팸 미챴가
hj_foodie | 2024-08-14 | ㅠㅠ왜케 고슬하니 맛있어보이징😮❤️
meokdoong | 2024-08-14 | 오앙 저당볶음밥이라니
biggn_o | 2024-08-14 | 헐 볶음밥 당장 먹구시프다😍
eum_masitto | 2024-08-14 | 맛있게 다욧하기 좋은 볶음밥 이네요‼️👍🏻👍🏻
taetae_foodie | 2024-08-14 | @w0n._.iii 쩌럿다
do___yummy | 2024-08-14 | 맛이 그냥 닭갈비볶음밥이랑 똑같으면 전 저당으로 픽,,💛
ggam_food | 2024-08-14 | 캬 맘편하게 주문하러갑니다❤️
mukorang | 2024-08-14 | 와 저당이 가능한가요??❤️❤️
rara_muk | 2024-08-14 | 저당볶음밥 넘 조타❤️
ming_foodie_ | 2024-08-14 | 구독알쥐?
ham_muklog | 2024-08-14 | 저당이라니 넘 궁금해여😮🔥 저두 먹어볼래요..❤️
leeoh_review_ | 2024-08-14 | 여기 배달 시켜먹어야겠어요❤️
food_zohaa | 2024-08-14 | 볶음밥 땡기네요❤️
mukstar_md | 2024-08-14 | 좋은데요?ㅎㅎ❤️❤️
gwangju_oneallzero | 2024-08-14 | 볶음밥 개이둑❤️❤️
matcoder_ | 2024-08-14 | 오 저당 볶음밥 최고😍
d_t_muksta | 2024-08-14 | 오오오오 이거 살도 안찌겠네요!!!….ㅋㅋㅋㅋㅋ맛있게 매운거 가즈아아
jack__foodie | 2024-08-14 | 스팸이랑 소세지응 머그면 다이어트가 뮬거품이란다
limeunzzo | 2024-08-14 | 헐 불닭 먹어볼래요ㅜㅜㅜ 저당 짱좋다😮❤️
jumma_buffett | 2024-08-13 | 저당 볶음밥이 있다니~? 마라맛 너무 먹고 싶어요~!!😍😍
muckza_zzae | 2024-08-13 | 저칼로리라니ㅠㅠ너무조터
mim_mi__ | 2024-08-13 | 우와 저당이라니 너무 좋아요❤️
mochl_ahahcnl | 2024-08-13 | 이젠 볶음밥도 저당인가요
eating_happily_ | 2024-08-13 | 맵찔이는 덜맵게🔥🔥
doppa_gram | 2024-08-13 | 볶밥 라인업 맛지네요😍
churping_oo | 2024-08-13 | 오 나도 먹어보고싶어요❤️
muk._.chuuru | 2024-08-13 | 우와.. 저당볶음밥❤️
ggul._.duck | 2024-08-13 | 방금제가 닭갈비집에서 먹고 온 비주얼이랑 똑같은데 저당이라니...😮 대박
wanteat._.eat | 2024-08-13 | 마라볶음밥 진짜 넘 궁금한데요?!😍❤️ 다이어트로 먹겠습니다🔥
mandoo_balddoong | 2024-08-13 | 우왕 저당음식들 진짜 좋아여 ❤️❤️ 먹어보고싶네요
bonge_o0o_food | 2024-08-13 | 저당 볶음밥이 있어!!?! 미쳐따!!!
1onefood_ | 2024-08-13 | 크으으 저당이면 무조건 갑니다 지갑 챙겨어어
dasik_eat | 2024-08-13 | 저두 너무 먹고싶어용🔥🔥
wu_hyun | 2024-08-13 | 저당이라니 당뇨있는 사람들에겐 최고의 선택이네영😍
bottlejune__96 | 2024-08-13 | 저당으로 즐기는 닭갈비볶음밥이라니 대박인데요?? ㅎㅎㅎ😍😍 스팸까지 올라간거 완전 취저에요 ㅠㅠㅠㅠ❤️
moo_boza | 2024-08-13 | 볶음밥이 저당에 저칼로리요?? 저 오늘부터 다이어트 하눈데 🔥🔥
muk_captain_ | 2024-08-13 | 저당이.. 저칼로리는..
hihee.e | 2024-08-13 | 마라볶음밥 넘 먹구파려❤️
hh.__.jin | 2024-08-13 | 헐 볶음밥 넘 좋아🥺
jjgongju_ | 2024-08-13 | 헐 저당이라니 두그릇 푸파할래요❤️❤️
hon.g278 | 2024-08-13 | 추천 메뉴 있으신가요!?
sikhookyung | 2024-08-13 | 와 이건 위장에 무조건 저장해야죠👦🏻
100rang_food | 2024-08-13 | 아니 이거라면 죄책감이 좀 덜할지도..?😮
busan_grida | 2024-08-13 | 다이어트 해야하는데 각이네요!!
js__1oo4 | 2024-08-13 | 이 비주얼이 저당에 저칼로리라니🩷🩷
jack93kim1 | 2024-08-13 | 닭갈비보꿈밥...❤️
jack93kim1 | 2024-08-13 | 흐으으으으😍
hungry_nyang | 2024-08-13 | 오오 대박이네요 맛있어보이는데요🙌
ddub_e2 | 2024-08-13 | 저당볶음밥?! 저배릅😮
mukksomm | 2024-08-13 | 우와 저당 볶음밥을요?
muko_die | 2024-08-13 | 와ㅠㅠ저당에 저칼로린데 양이 진짜 어마어마해서 다이어트식으로 더 완벽항 거 같은데요😍
ungduri | 2024-08-13 | @woohihi__ 진짜 맛있겠다 저당이래ㅠㅠㅠㅠㅠ
ssonwin_ | 2024-08-13 | 저당은 멋참쥬❤️❤️❤️
ham2_ni__ | 2024-08-13 | 저당이라 좋아요오❤️
juner_315 | 2024-08-13 | 다이어트할때 딱일거같아요😍
ddunny_ddun | 2024-08-13 | 아 맛있겠다,,배고파졌으요❤
mukkarong | 2024-08-13 | 오오오!! 다이어트중인데 요고 완전 개꿀인데요?!!👍👍👍👍
mukrosee | 2024-08-13 | 와 고기도많구 최고다요❤️
mukjung_ | 2024-08-13 | ㅜㅜㅜㅜ귀여워어캐
eatmaap | 2024-08-13 | 요거 먹어봐야겠는걸요!
jang___2ken | 2024-08-13 | 계란후라이는 추가해야하나요??
hyobongi_muck | 2024-08-13 | 블닭스팸 저도 먹어보고싶어요❤️
jjinang_pick | 2024-08-13 | 얼굴만 보이잖아요❤️
j_a_n723 | 2024-08-13 | 저당이라니 먹어보고싶어요 😍😍
miri_muk | 2024-08-13 | 와 진짜 고기도 많고 닭갈비에 마라에 스팸까지!! 저당 저칼로리라니!! 저희동네에도 있나 찾아보께요!!
yeahzineat | 2024-08-13 | 아 이런 볶음밥 너무 좋아하는데 또 마침 제가 다이어트 중이라 ,,,, 이거 완전 저를 위한 거네용 🥺💖
kidmstyle | 2024-08-13 | 저당이라 너무 마음에 드네요 아 배고파요😍
themukeou | 2024-08-13 | 배달볶음밥 1티어 인정이다🙌🙌
muk_tteul | 2024-08-13 | 저당보끔밥🫠🫠
ruri.food | 2024-08-13 | 🔥🔥🔥궁그먀
ruri.food | 2024-08-13 | 마싯게매운거 좋가🔥🔥
hello_s_food | 2024-08-13 | 저는 저당으로!!
jameslee0911 | 2024-08-13 | 오 저도 먹어볼래요❤️
jinarye | 2024-08-13 | 지금 저한테 필요한고
aug_piiggg | 2024-08-13 | 오오 다이어터한테 딱이잖아요❤️
matpamine_ | 2024-08-13 | 저당이라니 미쳐따👏
mukb_read | 2024-08-13 | 배민 뒤져봐야겠어요🔥❤️
mukdang0 | 2024-08-13 | 볶음밥 츄베릅❤️❤️
chu.berup_jmt22 | 2024-08-13 | ❤️
berup_x | 2024-08-13 | ❤️
muk_joongsa | 2024-08-13 | 와 고기 징짜 많이 주는데여ㅠㅠㅠ❤️❤️
gyul_yummy | 2024-08-13 | 이건 저두 꼭 먹어볼래요ㅠㅠ💖"
2024-08-10,620,"이젠 요아정을 편의점에서 먹을 수 있다고 ? 요아정 파르페가 GS25에 출시! 상큼한 요거트 아이스크림에 벌꿀이 섞여있고, 위에 초코볼이 있음🫶🏻 요구르트정도의 상큼새콤함에 초코볼로 식감도 살리고🫶🏻 기분 좋은 달달함🫶🏻 맛은 있지만 요아정 먹는 만족감정도는 아니라 요아정이 너무너무 먹고 싶은데 안열었을때 먹을 정도 ? 📍GS25 💵 3500원 50주","#요아정허니요거트초코볼파르페, #요아정, #신상리뷰, #간식추천, #편의점신상, #편의점디저트, #gs25, #먹방asmr, #디저트맛집, #아이스크림추천, #요거트아이스크림","dog.matdori | 2024-08-19 | 오호😮 편의점 고고싱
wonju_magazine | 2024-08-12 | 우와 궁금해여!!!
bonge_o0o_food | 2024-08-12 | 아 아직뜌 요아정 안머거바쪄 헤헿
food_matgwanbu_ | 2024-08-12 | 오 이거 맛나보이네요!!!
daejeon_ddomatddo | 2024-08-12 | 헉 편의점에서 요아정이라니?❤️❤️❤️
bob_m.z | 2024-08-12 | 너무죠은데야!!
soo_a_e_ | 2024-08-11 | 렌즈 정보 알려주실수있나염 ..?💗
gyunyami | 2024-08-11 | 급 땡길 때 먹는 요아정 대체제인가요😮
hye_foodie_ | 2024-08-11 | 어머어머,, 요아정안열엇을땤ㅋㅋㅋㅋㅋㅋㅋ아웃겨요 가격은좋은데영
1onefood_ | 2024-08-11 | 오오 요야정 이건 못탐죵😍
s0happylife | 2024-08-11 | 이건 레전드잖아요😋♥️
mukjung_ | 2024-08-11 | 알지❤️
mini.__.food | 2024-08-11 | 요아정 넘 좋은데여😍
bokjaaa___ | 2024-08-11 | 이거 진짜 괜탆던데요????
daily_busan_matzip | 2024-08-10 | 헉 요거트아이스크림에 초코볼 벌꿀 조합의 맛이라니요😍😍
muk._.chuuru | 2024-08-10 | 이거예약햇는데 품절 ㅜㅜ
mukchoding | 2024-08-10 | 이거 먹어보고파용😍
magoo_wagoo | 2024-08-10 | 오오 요아정 편의점에서😮
sh.cookkook | 2024-08-10 | ㅋㅋㅋㅋㅋㅋㅋ손으로 뻐끔뻐끔(?) 하시는거 넘 귀엽…😍
mukbears | 2024-08-10 | 않의 이거 진짜 구하기힘들던데,,😢
yeahzineat | 2024-08-10 | 이거 완전 침착맨 저아정 ㅋㅋㅋㅋㅋ 🥹🥹
muk__jjung | 2024-08-10 | 와 요아정 지에스달려가야쥬😍😍
eat_fp | 2024-08-10 | @reekyung_h
miri_muk | 2024-08-10 | 와 이거 사러 가야겠다요!! 신상리뷰는 츄베릅❤️
rara_muk | 2024-08-10 | 편의점 당장 갈래요😍
hj_foodie | 2024-08-10 | ㅠㅠ 난 지에스갔는데 이거없던데 🥹 또가야징
jack__foodie | 2024-08-10 | 나더여아정 조아하응데🙌🙌
ddub_e2 | 2024-08-10 | 요베릅😮
ddub_e2 | 2024-08-10 | 츄베릅😮
matzip_hyena | 2024-08-10 | 요아정 상큼 츄베릅 편의점에도 킁킁..🐺🐺
leeoh_review_ | 2024-08-10 | 오 이거 먹어보고 싶었는데😂😂
mukkarong | 2024-08-10 | 오오오!! 요아정 오늘은 꼭 먹어봐야겠어요!!🔥🔥
ddunny_ddun | 2024-08-10 | 오..어떠료나 궁굼해ㅛ❤
ring__b | 2024-08-10 | 아 이거 오늘 구하러가봅니다요😍
mochl_ahahcnl | 2024-08-10 | 요아정 물 들어올때 노를 오지게 저어버리네😍😍
korea_foodzone | 2024-08-10 | 요아정 신메뉴 못참졍
jameslee0911 | 2024-08-10 | 크으 저도 먹어보고 싶어요😍
suhoyum | 2024-08-10 | 지에스 가야겠네요❤️
teddy_zip_ | 2024-08-10 | 캬아 상콤하다니 궁금해요😍
qbee.eat | 2024-08-10 | 아 ㅋㅋㅋㅋㅋㅋㅋㅋㅋ요아정이랑 둘다 시켜머거바야지❤️❤️
mukkmee | 2024-08-10 | 우왕❤️❤️
mukbulim_0817 | 2024-08-10 | 토핑 좀 더 넣어주징
aug_piiggg | 2024-08-10 | 오 요아정 배달 기다리기 힘들때 먹을래요😂😂
kidmstyle | 2024-08-10 | 요아정 안가봤는데 이거부터 사먹어봐야겠어요😍
kimcoffee_c | 2024-08-10 | 요거 맛 궁금하네요❤️
biggn_o | 2024-08-10 | 오 이거 먹아봐야게땈ㅋㅋ😍
themukeou_2 | 2024-08-10 | 요아정 안열을때 편의점 가즈아🙌
mu_ch1cken | 2024-08-10 | 손으로 반짝반짝 할 때 귀여워용
jack93kim | 2024-08-10 | 오호...편의점 오오오오오
hello_s_food | 2024-08-10 | @hyunik8_8 편의점꺼부터 먹어보자
misick.mag | 2024-08-10 | 아 요아정 개궁그뫄다 gs가봐야겠다
muk_captain_ | 2024-08-10 | 따로 토핑 추가해줘여!! ㅋ..ㅋ
doctorpark_ | 2024-08-10 | @ichaechae_mu 엄마 나 이거 사준다고 했잖아
gu_butter_liebe | 2024-08-10 | @sun_square_ 오빠 나 이거 사줘
mukdang0 | 2024-08-10 | 요아정 츄베릅❤️❤️
hihee.e | 2024-08-10 | ㅋㅋㅋㅋㅋ아쉽지만 그래두 편의점에서 맛볼수있다니 좋네료❤️
kkutti_h | 2024-08-10 | ㅋㅋㅋ저도 이거 궁금해서 가봐야겟어요❤️
bottlejune__96 | 2024-08-10 | 지에스에서도 요아정 맛볼수있다니 저도 가볼래요 ㅠㅠㅠ😍😍
hyobongi_muck | 2024-08-10 | 궁금궁금하네유❤️
mat_daji | 2024-08-10 | 이햐
ddonge_e_ | 2024-08-10 | 키야 저도 이거 냉동실에 있는데 기대되네용😍
dejinnam | 2024-08-10 | 요아정 비싸서 자주 못먹었는데
이젠 GS편의점에서 저렴하게 대체해서 먹을 수 있겠네용😋
ruri.food | 2024-08-10 | ❤️❤️❤️
ruri.food | 2024-08-10 | 상큼상큼❤️❤️조아
moo_boza | 2024-08-10 | 요아정을 편의점에서요?? 오늘 구해볼게요 ㅋㅋㅋㅋㅋㅋㅋ 🔥 만족은 아니니 더 궁금ㅋㅋㅋㅋㅋㅋㅋㅋㅋ
wanteat._.eat | 2024-08-10 | 진짜 완전 상콤해보여요 ㅠㅠㅠㅠㅠㅠ😍
hee.muk__ | 2024-08-10 | 오 궁금하네여🙌
do___yummy | 2024-08-10 | 헉 요아정 아직 안 먹어봤는데 요것부터 먹어볼게요!!🙆🏻‍♀️
muk_joongsa | 2024-08-10 | 이거 어제 구하려고 봤는데 없어서 못삿어옄ㅋㅋㅋㅠㅠ
muk_tteul | 2024-08-10 | @themukeou 요아금 편의점 등장이래
eating_happily_ | 2024-08-10 | 안 열었을 때 먹는 정도 ㅎㅋㅋㅋㅋㅋ 😂 완전 이해됐어요❤️ 꿀 너무 아쉬웠어서 저는 여는 거 기다리는 사람이 된,,,,
muk.seori | 2024-08-10 | ㅠㅠㅠ요아정 안열었을때…
gge.juck | 2024-08-10 | 요아정 너무 비싸니 저는 이걸로 만족..😮
ming_foodie_ | 2024-08-10 | 우아 이거 사먹어볼래요❤️
_lululala_official | 2024-08-10 | 오홍 편의점에 있다구용😍😍😍
sowon_yam2 | 2024-08-10 | 우앙 !! 요정이다❤️
j_a_n723 | 2024-08-10 | 이거 궁금하더라구여 ❤️❤️
berup_x | 2024-08-10 | ❤️
muckza_zzae | 2024-08-10 | 우앙 ❤️❤️ 조타!!!!
yome_foodie | 2024-08-10 | 오 후기 괜찮은데요❤️❤️
doctorpark_ | 2024-08-10 | 누나 이거 맛있어요? 두바이쿠키도 해주시면 안대요?
sun_square_ | 2024-08-10 | 츄베릅!"
2024-08-09,1997,쫀득말랑함 미친 연세우유생크림떡? 연세우유에서 우유생크림떡을 새로 출시! 이전엔 바나나맛이 나왔는데 이번엔 기본 맛인 우유생크림떡🫶🏻 아기 궁둥기 마냥 생겨선 말랑쫀득함이 미쳤음🫶🏻 편의점 퀄 맞나 싶을정도…!!🫶🏻 안에는 달달고소한 우유생크림이 들어있는데 역시 연세우유🫶🏻 크림이 맛있다🫶🏻 근데 떡에선 약간 밀가루 특유향?이 좀 나긴해서 아쉽 ㅠ 그래도 편의점 퀄치곤 굿🫶🏻 📍CU 💵 1900원 50주,"#연세우유우유생크림떡, #씨유신상, #신상리뷰, #간식추천, #연세우유생크림빵, #연세우유크림떡, #편의점디저트, #편의점신상, #디저트맛집, #먹방asmr","cest.jisoo | 2024-08-15 | @minju_mandu 다음 편의점 topic
a.ngelofmusic | 2024-08-11 | @miseternalov ???!
mochl_ahahcnl | 2024-08-11 | 우아 늘어나는게 대박 🤍
bokjaaa___ | 2024-08-11 | 이거 진짜 맛있어요!!!! 강추
sltnqdla | 2024-08-10 | 생크림은 말할것두 없구 엄청쬰득해보여요🤍
foo__zim | 2024-08-10 | 나도 사먹어야징😍😍
mukstar_md | 2024-08-10 | 오아 너무 잘 늘어나요❤️❤️
gge.juck | 2024-08-10 | 오 연세 크림 떡이 있는 줄은 몰랐네요??😮
matzip_hyena | 2024-08-10 | 어디까지 늘어나나요 킁킁츄베릅 🔥
foodgallery_club | 2024-08-10 | 분위기 좋네요!!! 대박대박 ㅎㅎ
jumma_buffett | 2024-08-10 | 쫄깃하게 잘 늘어나네요~ 너무 먹고싶다~🥰🥰
100rang_food | 2024-08-09 | 연세우유 열일하네;;😮
mzbestmenu | 2024-08-09 | 쫀득해 보이고 달달한 크림이 가득해서 먹어보고싶어요 . .. 🤍
ddunny_ddun | 2024-08-09 | 우유생크림떡이라니..❤
muk.seori | 2024-08-09 | 편의점 퀄리티치고는 합격 !!!!!!
hyozero_919 | 2024-08-09 | 진짜 쪼온득 한걸요!??????❤️
colorfulsundays | 2024-08-09 | 우와앙 이거 구하러갈래여❤️❤️
moo_boza | 2024-08-09 | ㅋㅋㅋㅋㅋㅋㅋ 저한테 사투리 배워셔야할듯 🔥
jack__foodie | 2024-08-09 | 편의점퀄맞냐골
food_writer_jw | 2024-08-09 | 마 좀 치시는 군요
ulsan_check | 2024-08-09 | 대박🙌
matzip_spoiler_ | 2024-08-09 | 떡인가여?!😂
ggam_food | 2024-08-09 | 쮸아아아아압
ming_foodie_ | 2024-08-09 | 아 이거 사먹어볼래용ㅋㅋㅋ
churping_oo | 2024-08-09 | 와...쭈욱 늘어나느거좌❤️
mukkarong | 2024-08-09 | 퇴근길에 사먹어야겠어요!!😆😆
mukddo_muk | 2024-08-09 | 먹어볼래여❤️
busan_delicious_diary | 2024-08-09 | 오우 사먹어볼래요 ❤️
ggul._.duck | 2024-08-09 | 와 저 모찌모찌한 식감 좋아하는데😢
limeunzzo | 2024-08-09 | 와 쫄깃함 머에여 ㄷㄷ 전문점급 🙊
jjgongju_ | 2024-08-09 | 헐 ㅠㅜ슬라임 아닌가용 이정도면❤️❤️
ham2_ni__ | 2024-08-09 | 헐 우유버전도 있어여?!
rorogultravel | 2024-08-09 | 저도 먹어보고 싶어요(´▽`ʃƪ)보자마자 침이꼴깍 넘어갑니다😋
mat_puri | 2024-08-09 | 쫀쫀함이 느껴집니다!!
hyobongi_muck | 2024-08-09 | 말랑쫀득 먹어볼까봐요❤️
jang.oksun | 2024-08-09 | 오!!😮😮 이건 꼭 사먹어야겠네👏👏👏
food_eoni | 2024-08-09 | 우오아 쭈욱 늘어나는거 좋아요❤️
kidmstyle | 2024-08-09 | 어디까지 늘어나는 거예요?ㅋㅋㅋ cu가면 사먹어볼게요😍
mukrosee | 2024-08-09 | 크으 저도 사놨어요
seula.busan | 2024-08-09 | 우유생크림떡 요건 먹어야해요❤️
biggn_o | 2024-08-09 | ㅋㅋㅋㅋ야무지게 늘어나네요 먹어봐야겠닼ㅋㅋ🔥
cha.chav | 2024-08-09 | 밀가루 향들 싫긴해요 ㅠㅠ
mat_kkimu | 2024-08-09 | 연세우유 도대체 몇가지가 나온거져 ㅋㅋㅋ 셀수가 없네영😂
js__1oo4 | 2024-08-09 | 이거 살짝 얼려먹으면 더 맛있겠어용🤍
bonny_vely_ | 2024-08-09 | 이거 너무궁금햇어요용❤️
ddo_sil | 2024-08-09 | 쭈욱~~
jjinang_pick | 2024-08-09 | 우와 진짜 편의점 퀄리티 아닌데요❤️
1onefood_ | 2024-08-09 | 와 완전 쭈우욱 늘어나네용 지갑 챙겨!!!😍
ddub_e2 | 2024-08-09 | 지구한바퀴 츄베릅😮
jack93kim | 2024-08-09 | 이알....으아😍😍😍😍😍
hdul_daily | 2024-08-09 | 쪼오오오오오오오오오오오오오오온득한거보소
min.ddo_o | 2024-08-09 | 허어얼 완쫀득해보여요❤️❤️
jameslee0911 | 2024-08-09 | 크으 저도 먹어보고 싶어요😍
sowon_yam2 | 2024-08-09 | 합격할만한데용 ???
matcoder_ | 2024-08-09 | 우와 생크림떡이 나왓군용😍
qbee.eat | 2024-08-09 | 달달쿠리@크림도 좋은데@밓가루향 실화..😂❤️
j_a_n723 | 2024-08-09 | 오이거 궁금하더라구여 먹어보고싶었는데 ❤️
themukeou | 2024-08-09 | 편의점 퀄리티 치곤 합격🙌🙌
hye_foodie_ | 2024-08-09 | 아앜ㅋㅋㅋㅋㅋ 너무기여워요 하늘끝까지?
e.den_0.0 | 2024-08-09 | 우와~ 완전 쫀득쫀득할 것 같아욤❤️
ruri.food | 2024-08-09 | 마싯겟군
ruri.food | 2024-08-09 | ❤️❤️❤️
ruri.food | 2024-08-09 | 왜 점점 살빠지냐❤️
muk__jjung | 2024-08-09 | 연세우유 생크림떡 ❤️❤️ 너무맛나게땅
rara_muk | 2024-08-09 | 이거 너무 먹어보고 싶더라구요❤️
muk_eunjeong | 2024-08-09 | 연세가 일을 잘하네요 ❤️
hihee.e | 2024-08-09 | 오맛ㅋㅋㅋㅋ진짜 쭈우욱 늘어나네여❤️
muk._.chuuru | 2024-08-09 | 쫘악❤️
eating_happily_ | 2024-08-09 | 떡에서 밀가루향..? 모지 싶지만😂😂 가격은 착하네유❤️
mukbulim_0817 | 2024-08-09 | 요거 사러 당장 갑니다
due.foodie | 2024-08-09 | 비쥬얼 끝장나는데요?🥹🥹
chu.berup_jmt22 | 2024-08-09 | ❤️
berup_x | 2024-08-09 | ❤️
yome_foodie | 2024-08-09 | 말랑쫀득 쫀맛❤️❤️
muckza_zzae | 2024-08-09 | ㅋㅋㅋㅋㅋㅋ귀여엉 쭈욱 늘어나넹❤️❤️
mukdang0 | 2024-08-09 | 말랑말랑 졸귀탱 츄베릅❤️
muk_joongsa | 2024-08-09 | 편의점 피고 이정도면 훌륭 그자체❤️❤️
muk_tteul | 2024-08-09 | 퀄 미치는뒈???"
2024-08-08,5588,깨먹는 하트티라미수에서 신제품이 나왔다고? SNS를 핫하게 달군 깨먹는 하트티라미수에서 쿠앤크맛 신제품 출시! 쿠키앤밀크 티라미수 맛으로 호불호 없이 누구나 좋아하는 아는 맛🫶🏻 디카페인이라 남녀노소 디저트로 즐기기 딱🫶🏻 입에서 사르르 녹는 마스카포네치즈크림에 진한 오레오블랙쿠키가 섞여있고🫶🏻 위에 바쟉한 화이트 오레오초콜릿이 덮여있음🫶🏻 달콤하고 부드러워 커피랑 먹기 딱🫶🏻 선물로 이거 받으면 플러팅이라고 생각해도 되는거지?🫶🏻 더현대서울에 이미 디저트 웨이팅 1등이라니 얼른 달려가🫶🏻 📍#하트티라미수 💵 27000원 51주,"#쿠키앤밀크티라미수, #깨먹는티라미수, #더현대서울맛집, #더현대서울팝업, #더현대서울디저트, #디저트맛집, #여의도디저트, #여의도맛집추천, #티라미수, #티라미수맛집, #쿠앤크","judithrsln | 2024-09-26 | 언니 운동하는 것을 잊지 마세요
hyewon__0125 | 2024-09-02 | @_simsaetbyeol 나중에 더현대가자
hy_.w0n | 2024-08-25 | 더현대 서울 웨이팅 1등 뿔바투 팝업이였음.. 😢
ju.xa01 | 2024-08-19 | @jiu.x758 그냥 깨먹 티라미수도 미칠 거 가튼데 내 사랑 쿠앤크면 나 못참자나…😢
soilho__99 | 2024-08-19 | @o__o.b_
wsfkvm | 2024-08-18 | 쿠키앤크림은 당연히 맛있죠
s____xy_ | 2024-08-14 | @hxys_27
ivyl.if | 2024-08-13 | 와
imorozs | 2024-08-13 | 맛잏겠다
xe.i0_1 | 2024-08-12 | 저두 더현대에ㅛ서 먹었어요!!!
deejaysweeny | 2024-08-12 | @haribo__k @x_ueu_x 쿠앤크는 못참겟는데
colorfulsundays | 2024-08-09 | 왕왕귀여워여❤️❤️❤️
magoo_wagoo | 2024-08-09 | 깨먹케 궁그매용❤️
rara_muk | 2024-08-09 | 깨먹는 티라미수 먹어보고 파요😍
mat_puri | 2024-08-09 | 크으 쿠앤쿠맛 맛없없😍😍
qbee.eat | 2024-08-09 | 이거 진챠 먹어보고파요 ㅋㅋㅋㅋ 궁그매❤️
hj_foodie | 2024-08-09 | 헐 디카페인이라서 너무좋쟈나 🥹
muk._.chuuru | 2024-08-09 | 쿠앤크맛 ㅜㅜ조아하는맛나왓당
foo__zim | 2024-08-09 | 새로운맛은 못참죠👏👏
dog.matdori | 2024-08-09 | 오케이 더현대❤️
mat_daji | 2024-08-09 | 나듀❤️
mukbo_jjang | 2024-08-09 | 오홍 부셔먹기 재밌겠는데용❤️🔥
jameslee0911 | 2024-08-09 | 오 당장 먹으러 갈래요😍
elly_adopter | 2024-08-09 | 하트티라미슈❤️❤️
hh.__.jin | 2024-08-09 | ㅠㅠㅠ 맛나게따😍😍
taetae_foodie | 2024-08-09 | 선물로도 완전 최고쟈나여❤️❤️
con_coffeemornot12 | 2024-08-09 | 이야 너무 맛나 보이네욧❤️❤️
wu_hyun | 2024-08-08 | 와ㅜ정말 궁금하네영 프로포즈용으로도 쌉가능?ㅋㅋ
gyusun_1004 | 2024-08-08 | 오오 요고 아주 궁금하다규 😍
aeyongxxi | 2024-08-08 | 캬아 이거 신기하다냥❤️
sikhookyung | 2024-08-08 | 우왕!! 입맛 없을 때 가면 효과 즉빵이겠어요!!🙆🏻‍♂️🙆🏻‍♂️
laurent_busan | 2024-08-08 | 쿠앤크맛이라니 딱봐도 마싯을듯 ..
_eat_diary | 2024-08-08 | 니거진짜핫하두라구여😮
fnvidir | 2024-08-08 | 오 벌써 신메뉴가 나왔군요😍 신메뉴도 기대돼요🔥
food_zohaa | 2024-08-08 | 캬아 하트 티라미수 좋아요❤️
muk_captain_ | 2024-08-08 | 주세여
muk_captain_ | 2024-08-08 | 부수고 남은 쪼거리라도..
ham2_ni__ | 2024-08-08 | 다 깨먹겠습니다
mukjung_ | 2024-08-08 | 넘잘깨는거아냐? ㅎㅎ
muksta__chunsik | 2024-08-08 | 깨먹고파 ㅠㅠㅠ❤️
mukbulim_0817 | 2024-08-08 | 요거 종류별로 다 깨고 싶다능
gge.juck | 2024-08-08 | 오… 오레오 못참죠!!😮 먹으러 가야겠어요 ㅎㅎ
sltnqdla | 2024-08-08 | 깨먹는 하트티라미수 조아요ㅠㅠ❤️
hihee.e | 2024-08-08 | 요고 진짜 대박이자나유 티라미수❤️
s0happylife | 2024-08-08 | 이건 레전드잖아요😋♥️
brave.chuncheon | 2024-08-08 | 하나하나 대박이네요 ! 저랑 같이 정보공유해요 .__.v
hyob_muk | 2024-08-08 | 깨부셔먹을래여❤️
kidmstyle | 2024-08-08 | 와 너무 맛있겠는데요??? 몇숟가락만 먹어보고 싶네요😍
dejinnam | 2024-08-08 | 오!! 초콜릿중에서 빼먹을 수 없는 쿠앤크를 영입했다니👏👏
기존 것도 맛있었는데 이것도 존맛탱일것 같네요🤤
hyobongi_muck | 2024-08-08 | 화이트초코 너무 좋은데요❤️
mukkarong | 2024-08-08 | 우와!! 완전 먹어보고싶어요!!🔥🔥
mukdang0 | 2024-08-08 | 티라미수 츄베릅❤️❤️
ddo_sil | 2024-08-08 | 깨먹는 티라미숙해<
yeoni_mukstar | 2024-08-08 | 오오 하트 티라미수 넘 예뻐서 저도 사먹어봐야겠어요!!
muk.seori | 2024-08-08 | 구독하고 얼렁 달료가>.<
mukrosee | 2024-08-08 | 저도 깨먹을래욧❤️
1onefood_ | 2024-08-08 | 오옹 너무 먹어보고싶어용 ㅠㅠ 4통쌉가능
js__1oo4 | 2024-08-08 | 쿠키앤밀크라니 ..🩵🩵🩵
무조건 맛있겠따🤤🤤
mat_joang | 2024-08-08 | 신메뉴못참죠❤️
juner_315 | 2024-08-08 | 디카페인이라 너무 좋은데요😍😍
misick.mag | 2024-08-08 | 댕맛있게따 흐으으으
100rang_food | 2024-08-08 | 깨먹는티라미수 쿠앤크라니 미쳤다😮
muk_marorong | 2024-08-08 | 티라미쑤우우❤️ 이렇게예뿌게 깨먹기있냐구유..😍
jjinang_pick | 2024-08-08 | 이거 진짜 먹어 보고 싶어요❤️
muk_joongsa | 2024-08-08 | 오! 저 담주에 가서 큐앤크로 쟁여올거예요!❤️
muk_tteul | 2024-08-08 | ㅋㅋㅋㅋㅋㅋ 나도 깨볼뤠 ㅠ
themukeou | 2024-08-08 | 구독하고 얼른 달려가🙌
jack__foodie | 2024-08-08 | 웨이팅일들❤️
ruri.food | 2024-08-08 | ❤️❤️❤️
ruri.food | 2024-08-08 | 야 귀요미❤️❤️
korea_foodzone | 2024-08-08 | 이거 먹어볼래요!
jack93kim | 2024-08-08 | 오호..... 😍 조으아따
j2ch.busan | 2024-08-08 | ㅋㅋㅋㅋ 깨는 재미로 계속 새거 까고 싶을듯😍😍
limeunzzo | 2024-08-08 | 헐 쿠앤크 너무 좋아요 ㅠㅠㅠㅠ
jjong_mattang | 2024-08-08 | ㅋㅋㅋㅋㅋ엄청 야무지게 잘뿌시네용🔥
yome_foodie | 2024-08-08 | 깨먹티 저도 먹어보고시퍼용❤️
bottlejune__96 | 2024-08-08 | 하트티라미수 너무 사랑스러워요 ㅠㅠㅠ😍😍 쿠앤크맛이라니 완전 제취향인데요!!!❤️
gyul_yummy | 2024-08-08 | 이거 진짜 탐나여💖
biggn_o | 2024-08-08 | 헐 이건 넘 탐난다!!😍
mukstar_md | 2024-08-08 | 오아 디카페인요😮😮
jinarye | 2024-08-08 | 이거 먹어보고싶다!
wanteat._.eat | 2024-08-08 | 스트레스 풀때도 딱일 거 같아요😍❤️ ㅠㅠㅠㅠㅠㅠㅠ
chu.berup_jmt22 | 2024-08-08 | ❤️
berup_x | 2024-08-08 | ❤️
muckza_zzae | 2024-08-08 | 언넝 먹으러가야지ㅜㅜ존맛이라니 궁금해
sowon_yam2 | 2024-08-08 | 얼른달려갈래용❤️
j_a_n723 | 2024-08-08 | 이거 궁금하더라구여 먹어보고싶었는데 ㅠㅠ
j_a_n723 | 2024-08-08 | 11"
2024-08-07,443,"콰트로치즈와퍼에 이걸 넣은 버거킹 신메뉴? 버거킹에서 이전에 라구와퍼를 출시했는데 이번에 콰트로치즈비프라구와퍼로 업그레이드 되어 돌아옴🫶🏻 4가지 치즈가 들어 꾸덕녹진함 미친 콰트로치즈와퍼에 라구소스를 넣은 신메뉴🫶🏻 달짝한 라구소스엔 고기가 소량 들어있어 아쉽 ㅠ 라구파스타 냄새 솔솔🫶🏻 한입 먹는 순간 패티에서 버거킹 특유의 불맛 솔솔🔥 라구파스타에 치즈 뿌려 먹는 맛?🫶🏻 맛없없 조합이긴한데 한 번 정도 먹어볼 맛? 역시 콰트로치즈와퍼는 클래식이 최고🫶🏻🫶🏻 라구소스 좋아한다? 그럼 추천! 버거킹 앱으로 주문하면 할인해서 먹을 수 있으니 참고 ! 📍#버거킹 💵 단품 8900원, 세트 10900원 51주","#콰트로치즈비프라구와퍼, #라구와퍼, #콰트로치즈와퍼, #버거킹메뉴추천, #버거킹신메뉴, #버거킹와퍼, #햄버거맛집, #햄버거추천, #먹방asmr, #신상리뷰, #간식추천, #신메뉴리뷰","wanderer_j0ng | 2024-08-12 | 배고파
dog.matdori | 2024-08-09 | 버거킹 싫어하는데😮 도오전❤️
round_zero2 | 2024-08-09 | 버거킹 빵이 맛없음
muuk.dda | 2024-08-08 | 라구소스 개조오어해여 ㅠㅠㅠ
sltnqdla | 2024-08-08 | 우아 이거 너무 궁금했는데 도전해볼래요❤️
muck_bbangsu | 2024-08-08 | 버거킹 신메뉴 못 참지
hj_foodie | 2024-08-08 | 헐 ㅠㅠ 나 버거킹 진짜 좋아하는데 🥹 먹어야징
mukitgam_ | 2024-08-08 | 이고 넘 궁금하던데 🔥🔥🔥
food_zohaa | 2024-08-08 | 우와우 개맛잇것어요❤️
colorfulsundays | 2024-08-08 | 오우 신메뉴 궁금해요❤️❤️
jjinang_pick | 2024-08-08 | 아 ㅠㅠㅠ라구와퍼당장 먹을래요❤️
sowon_yam2 | 2024-08-08 | 진짜 최고라고생각해용 클래식 ❤️
ming_foodie_ | 2024-08-08 | 콰트로치즈라니ㅠㅠ 맛있겠어용😍
rara_muk | 2024-08-08 | 버거킹 갈래요❤️
mukzzang_bread_ | 2024-08-08 | 와 버거에 라구소스라니 요곤 꼭 먹어봐야겠어요 ❤️
muk_joongsa | 2024-08-08 | 라구소스 좋아하면 추천! 햄버거가 얼굴만해여!
__it.s.youn | 2024-08-08 | 라구소스까지 들어가있다니 !! 와퍼 고고
mukbulim_0817 | 2024-08-08 | 라구소스? 맛있겠는데?😍😍
moo_boza | 2024-08-08 | 오늘 버거킹 점심으로 각.. (사실 서브웨이임) 🔥
muk.news | 2024-08-08 | 아주 맛있는거 모아났네😍
bokjaaa___ | 2024-08-08 | 와 조합 미춌자나여❤️
wanteat._.eat | 2024-08-07 | 저 콰트로치즈 진짜 좋아했는데 ㅠㅠㅠㅠㅠㅠ 대박이에요😍❤️
bonge_o0o_food | 2024-08-07 | 나 요거 머거봤눈데 약간 짰오 근데 마싯긴하더랑🤤🤤
muksta__chunsik | 2024-08-07 | 와 라구가득❤️
wu_hyun | 2024-08-07 | 버거킹 오랜만에 출동해야겠는데영 👏👏
kim_nyamsik | 2024-08-07 | 버거킹 냠 먹어보구 싶당😍😍
jinwook1011 | 2024-08-07 | 요고 꼭사먹어봐야겠어요ㅎ
ddunny_ddun | 2024-08-07 | 오 저 어제먹었는데~❤
jjuchelin_ | 2024-08-07 | 라구소스라니.. 요번 신메뉴 늠 맛있겠자나유😮❤️
_eat_diary | 2024-08-07 | 어랜만에 버거킹 각이네여 ❤️
bottlejune__96 | 2024-08-07 | 와퍼에 라구소스라니 조합 미쳤어요 ㅠㅠㅠ😍😍
churping_oo | 2024-08-07 | 라구소스 넘 좋다❤️ 구독 바로😍
korea_foodzone | 2024-08-07 | 버거킹 신메뉴 못참졍~~
jaws_eat | 2024-08-07 | 버거킹은 무조건이죠😍
mukkarong | 2024-08-07 | 오우~~너무 맛있겠는데요?!!👏👏👏
hyob_muk | 2024-08-07 | 치즈좋아하는데 오랜만애 버거킹 가야겠어요..❤️
space.zip_ | 2024-08-07 | 저두 클래식을 좋아해용 ㅎㅎ
eating_happily_ | 2024-08-07 | 치즈걸을 위한 버거자나요..?😍
man2_house | 2024-08-07 | 와 속 꽉찬거부터가 대박이네요❤️
limeunzzo | 2024-08-07 | 헐 맥주랑 잘 어울리겠어요🫢🤍
1onefood_ | 2024-08-07 | 왕 이건 한입 지대로 하고 싶은데용 버거킹 어딨어!!!
mat_puri | 2024-08-07 | 버거킹 오랜만에 가야하나봐요!!
gyul_yummy | 2024-08-07 | 역시 버거킹이에요💖
ruri.food | 2024-08-07 | ❤️❤️
ruri.food | 2024-08-07 | 구독할세❤️❤️
s0happylife | 2024-08-07 | 이건 레전드잖아요😋♥️
mukjung_ | 2024-08-07 | 표정갈수록귀여ㅠ워
js__1oo4 | 2024-08-07 | 치즈도 4가지나❤️❤️
치즈러버니까 먹어봐야겠어요🫶🏻🫶🏻❤️
shkzipbob | 2024-08-07 | 버거킹 당장 출동합니다❤️
jjong_mattang | 2024-08-07 | 내일 점심 무조건 버거킹 입니다 😂
eunsil5317 | 2024-08-07 | 오 신메뉴 먹어볼래요❤️❤️❤️
hello_s_food | 2024-08-07 | 이 조합 맛없으면 버거킹 혼나야댐;;;🔥
ggam_food | 2024-08-07 | 여욱시 킹이야요❤️
mim_mi__ | 2024-08-07 | 헉 버거킹 너무 좋아해요❤️
hihee.e | 2024-08-07 | 와ㅠㅠ콰트로치즈버거에 라구소스라니 대받인데요❤️
yeoni_mukstar | 2024-08-07 | 오오 라구 러버인데 한번쯤은 도전해봐야겠어요!!
busan_delicious_diary | 2024-08-07 | 한입 크게 먹고싶어요 ❤️
leeoh_review_ | 2024-08-07 | 와 이조합 너무 좋다❤️
mukdang0 | 2024-08-07 | 구독 츄베릅 ❤️❤️
jinarye | 2024-08-07 | 버거킹 너무 좋아❤️
ddo_sil | 2024-08-07 | 버거킹 쫀맛탱이겠야요👏
foodmon_ster | 2024-08-07 | 먹방 풀버전 시급,,😍
misik_oppa | 2024-08-07 | 오옷 오늘 먹어야겠네요🔥
hye_foodie_ | 2024-08-07 | 헐 비프라구??? 치즈랑어우러져서대존맛일듯여ㅠ
muk._kw | 2024-08-07 | 버거킹 오랜만에 땡기네요❤️❤️
juner_315 | 2024-08-07 | 이거 보니까 버거킹 땡겨요😍😍
kidmstyle | 2024-08-07 | 와,, 버거킹 너무 좋아요 라구소스 좋아하는데 그래도 한번 먹어보고 싶네요 😍
j_a_n723 | 2024-08-07 | 오신메뉴라니 먹어보고싶어요 ❤️
muk_tteul | 2024-08-07 | 구독알지🙌
meokdoong | 2024-08-07 | 오 이거 저도 먹고파여❤️
mukrosee | 2024-08-07 | 오늘 저녁은 버거킹이에요❤️❤️
muckza_zzae | 2024-08-07 | 우앙 와퍼 먹어야겟다ㅜㅜ
hotdor_s | 2024-08-07 | 와 실한거봐 구성물봐라
biggn_o | 2024-08-07 | 이건 야무지게 먹어봐야겠다요😍
bonny_vely_ | 2024-08-07 | 이조합찬성입니다🙌
nyam_.nya | 2024-08-07 | 아아 한입만요
100rang_food | 2024-08-07 | 콰트로치즈 최앤데 라구까지..!!! 도전하러갑니다😮😮
song__bbakbbak | 2024-08-07 | 헉 진짜 맛나보여용...🤤
jack__foodie | 2024-08-07 | 치ㅣ킨너겟은왜안먹어
jameslee0911 | 2024-08-07 | 라구와퍼 당장 먹을래요❤️
chu.berup_jmt22 | 2024-08-07 | ❤️
berup_x | 2024-08-07 | ❤️
dama.dessert | 2024-08-07 | 츄베릅님 ㅎㅎ 예쁜데 먹방까지 잘하기❤️😍
themukeou | 2024-08-07 | 구독 알지🙌"
2024-08-07,511,"요즘 MZ들은 데카포 만들어 먹는다며? 회복물약인 포션이 크다는 의미인 데카포! 구독자님께서 만들어달라 요청해주셔서 바로 해봄!🫶🏻 얼음에 파란 아이스크림 넣고, 파란 젤리나 캔디 넣고, 파란 음료수 넣으면 끝! 파란 게 진짜 회복물약 같이 생겨서 먹으면 시원달달 힘이 쏟는다🔥 @@도전해볼 MZ 구함? 51주","#데카포, #데카포만들기, #간식추천, #편의점디저트, #편의점꿀조합, #디저트맛집, #아이스크림, #여름간식, #먹방asmr, #데카포챌린지, #먹방유튜버","btsllovy | 2024-08-20 | 총얼마예요?
seogangyou | 2024-08-17 | 저 동그란거 뭐에요?
0782._.l3 | 2024-08-15 | 울 할머니는 프로틴 데카포~~
round_zero2 | 2024-08-09 | 참 mz되기힘드네..
junyoung.321 | 2024-08-08 | 맛있겠누
hj_foodie | 2024-08-08 | ㅋㅋㅋㅋ 우왕 엄청 시원해보인다 먹고시포 🥹
colorfulsundays | 2024-08-08 | 지금 맥아리가진쨔1도 없는데 이것좀 만들어마셔야겟어요🫠
ddo__yam | 2024-08-08 | 크으 시원달달 청량 다해❤️
taetae_foodie | 2024-08-08 | 청량감 미쳐버려여😍
hye_foodie_ | 2024-08-08 | 오 데카포 너무너무좋아여ㅠㅠ기여오,,❤️
__it.s.youn | 2024-08-08 | 우왓 !! 만들어 먹어뵈야겠어여 !!
ddunny_ddun | 2024-08-08 | 헐이게뭐에요?짱신기해❤
jjgongju_ | 2024-08-08 | 헐 맨우ㅏ에 올라가는 동그란거 머에용😮
bokjaaa___ | 2024-08-08 | 구독 알져!!!! ❤️ 엠지 따라 먹을래여
space.zip_ | 2024-08-07 | 저도 한번 만들어봐야겠어용 ㅎ
bonge_o0o_food | 2024-08-07 | 나듀 한입만 히히
sb._008 | 2024-08-07 | @hye0.in 오 츄릅 🤤
mukjung_ | 2024-08-07 | 소리미쳐따 ㅎㅎ
leeoh_review_ | 2024-08-07 | 이거 진짜 맛나보인다❤️
foodgallery_club | 2024-08-07 | 🥰🥰
j_a_n723 | 2024-08-07 | Asmr 장난아니에요 😂😂
biggn_o | 2024-08-07 | 헐 ㅋㅋㅋㅋ 이거 먹어보고싶네옄ㅋㅋ😍
mat_puri | 2024-08-07 | 물약!! 먹어봐야겠어요😍
d_t_muksta | 2024-08-07 | 저도 만들어먹을래여여여여여
ggam_food | 2024-08-07 | 아재도 도전🔥
food_zohaa | 2024-08-07 | 한잔 각이요❤️
foodmon_ster | 2024-08-07 | 저두 mz할래요,,😍
jinarye | 2024-08-07 | 이뿌다용
eum_masitto | 2024-08-07 | 데카포 시원상큼 맛나겠🤍🩵💙
cherry.s_pic | 2024-08-07 | 이게 요즘 유행인가용?!💝💝
gge.juck | 2024-08-07 | 아 흘러 넘쳐서 당황하길 바랬는데
kidmstyle | 2024-08-07 | 보기만 해도 너무 시원해보여요😍
juner_315 | 2024-08-07 | 색감이 너무 이뻐요 파랑파랑💙
yeoni_mukstar | 2024-08-07 | 오오 데카포 저도 한번 만들어 먹어볼래요🔥🔥
eating_happily_ | 2024-08-07 | 와 색도 시원하고 뿌요 쓴 것두 넘 찰떡이에요 ㅎㅋㅋㅋㅋ😍
ddo_sil | 2024-08-07 | 시원달달하겠어유
js__1oo4 | 2024-08-07 | 뿌요소다 완전 츄억..🥺🥺🩵🩵
teddy_zip_ | 2024-08-07 | 캬 데카포 궁금해요😍
ham_muklog | 2024-08-07 | 저두 일케 만들어먹어봐야겠어요😆❤️
jack93kim | 2024-08-07 | 옼ㅋㅋㅋㅋㅋㅋ오오오오오오오오오옼ㅋㅋ 맛있겠다
hihee.e | 2024-08-07 | ㅋㅋㅋㅋ왘ㅋㅋ청량감 대박일거같아요❤️
rara_muk | 2024-08-07 | 꺄 완전 궁금한데요😍
mukorang | 2024-08-07 | 오 엠쥐 따라가야지
moo_boza | 2024-08-07 | 저 아직 안먹어봤으니.. 엠제트 세대라고 할게요 ㅋㅋㅋㅋㅋㅋㅋ 먹고나면 엠지 ㅎ
mukrosee | 2024-08-07 | 오 저도 만들어먹을래요❤️❤️❤️
jameslee0911 | 2024-08-07 | 오 저도 만들어볼래요❤️
sowon_yam2 | 2024-08-07 | 파랑파랑 너무이뻐용 햐~❤️
food_eoni | 2024-08-07 | 우와 도전해볼래용🔥🔥
ddonge_e_ | 2024-08-07 | 옼ㅋㅋ이거 궁금해요 ㅋㅋ
mukdang0 | 2024-08-07 | 데카포 츄베릅 ❤️❤️
100rang_food | 2024-08-07 | 아니 요거 넘 궁금했는데😮😮
har4123 | 2024-08-07 | 마법물약 같아요😍
ming_foodie_ | 2024-08-07 | 오 이거 궁금해요😮
mukbulim_0817 | 2024-08-07 | 파란색이라 더 시원할 것 같아요
_zez_e__ | 2024-08-07 | 헐 맛있겠당 ㅋㅋㅋㅋ큐ㅠ
muckza_zzae | 2024-08-07 | 시우ㅏㄴ하겟달❤️❤️
muk_joongsa | 2024-08-07 | 구독 알쥐!❤️ 졸귀탱❤️
sltnqdla | 2024-08-07 | 이거 완전 시원할거같아여❤️
dongkit_eat | 2024-08-07 | 오~~ 맛 궁금해서 한번 만들어먹어봐야겠어요😍
sh.cookkook | 2024-08-07 | 시원달달 장난아니긋어여 ㅋㅋㅋ
berup_x | 2024-08-07 | ❤️
yome_foodie | 2024-08-07 | 색감도 넘 예쁜데요❤️
ruri.food | 2024-08-07 | 마싯오???😮😮
yumyum_report | 2024-08-07 | 보기만해도 시원 청량하네요😍
ruri.food | 2024-08-07 | ❤️❤️❤️
ruri.food | 2024-08-07 | ㅋㅋㅋㅌ아귀여워라
muk_captain_ | 2024-08-07 | 왜 대카포지.. 읽어도 이유를 모르겟서 .."
2024-08-06,690,GS25 두바이 초콜릿은 찐두바이초콜릿이랑 무슨차이일까? GS25에서 두바이초콜릿 출시! 이번에가 2탄이라고 함 구독자님의 요청으로 당근마켓에서 7000원에 구매! 카다이프가 들어있다는데 보기엔 건면 같이 생김 다크 초콜릿이 두껍고 안에는 바쟉바쟉 씹히는 식감이 좋음🫶🏻 근데 맛은 피스타치오 맛 거의 없고 고소함도 거의 없음.. 심지어 달기만하고 뭔가 느끼함 CU두바이식초콜릿이랑 별 차이가 없음.. 어제 먹은 찐 두바이초콜릿이랑 비교해 보기만해도 너무 다름.. 편의점 짭바이 언제까지 나올까? 📍GS25 💵 당근거래 개당7000원 51주,"#카다이프초콜릿, #두바이초콜렛, #신상리뷰, #간식추천, #gs25신상, #편의점신상, #편의점디저트, #먹방asmr, #초콜릿, #gs25두바이초콜릿, #두바이초콜릿, #편의점두바이초콜릿","h_jo0n._ | 2024-08-14 | 1차는 좀 괜찮다던데
y_ok0429 | 2024-08-13 | @g_hyeogju 맛없뎅..
tti.uq | 2024-08-11 | Gs 1탄은 그나마 낫다 하더라구요! 그건 2탄입니다
man2_house | 2024-08-07 | 앗 이건 미흡하구만요!? 궁금했는뎅😆😆
hye_foodie_ | 2024-08-07 | 오 저도 찐두바이 먹어보고파여,, 느끼하다니실맹 ㅠㅠ
rara_muk | 2024-08-07 | 이거 진짜 맛없죠😢
food_eoni | 2024-08-07 | 쥐에스 달려갈래용😍😍
eating_happily_ | 2024-08-07 | 이거 색부터 너무 짭이에요ㅡㅡ 민초가튼 색..?😂
bang__road | 2024-08-07 | 궁긍하네요👏👏
mukkarong | 2024-08-07 | 허허....!!!!!달기만하다니!! 요고는 패쓰!!🔥🔥
muuk.dda | 2024-08-07 | 색부터 진짜 너모 다르자나요..
bokjaaa___ | 2024-08-07 | 지에스도 패스!!!! ㅠ
go_yang_eat | 2024-08-07 | 여기가 두바이라해서 왔는데,, 맞네요!
mukjung_ | 2024-08-07 | 소리미추따❤️
sltnqdla | 2024-08-06 | 달기만하다니 이번에두 아쉽네여ㅜㅠ😂
hihee.e | 2024-08-06 | ㅋㅋㅋㅋㅋㅋ손으로 뇨뇨뇨하는거에서 진심이 느껴짐다..
ruri.food | 2024-08-06 | ❤️❤️❤️
ruri.food | 2024-08-06 | 추천 노노😢😢
pigrami_ | 2024-08-06 | 저두 요건 별로였어요!!!😢
wu_hyun | 2024-08-06 | 짭바이라도 먹어보고 싶긴하네영 구경도 못해서 ㅋㅋㅋ
moo_boza | 2024-08-06 | 이거 달기만해요..? ㅠ 저 직접 만들어볼랬는데 카다이프 겁나 비싸더라구여 ㅋㅋㅋㅋㅋㅋㅋ
muk_captain_ | 2024-08-06 | 이러다 두바이 가시는거 아냐..?!
muk_captain_ | 2024-08-06 | 당뇨 얼리실거같아여.. 너무 많리 드셔 두바이를
1onefood_ | 2024-08-06 | 왕 두바이 이건 찐인대요…너무 먹고싶어용 ㅠㅠ
sowon_yam2 | 2024-08-06 | 짭이당 ㅠㅠ
jjong_mattang | 2024-08-06 | 당근에서 구하다니 ㄹㅇ찐리뷰어 인정힙니다 👏
juner_315 | 2024-08-06 | 저도 찐 두바이 넘 궁금하네용😍
wanteat._.eat | 2024-08-06 | 헛 찐리뷰덕분에 오늘도 돈 굳었습니다😍
food._.hwan | 2024-08-06 | GS꺼 1차랑 2차가 다른데 1차는 나름 맛있어요!!!
yeoni_mukstar | 2024-08-06 | 달고 느끼하기만 하다니…. 전 패스해야겠어요!!
muk._kw | 2024-08-06 | 찐두바이초코가 궁금해요!❤️❤️
1pro.dining | 2024-08-06 | 이거 구하기가 쉽지가 않던데 부럽습니다😂
muk._.chuuru | 2024-08-06 | 그치! 달아..ㅠㅠ
ddo_sil | 2024-08-06 | 바삭 바삭 제대루네요
1004.som | 2024-08-06 | 찐 ㅠ.ㅠ 안먹어봣어용
limeunzzo | 2024-08-06 | 엥 헐 ㅠ ㅠ .. 편의점은 지짜..
ming_foodie_ | 2024-08-06 | 찐으로 한번 먹어보고싶네여ㅠㅠ
s0happylife | 2024-08-06 | 크 이건 진짜 미친거죠😋😋
ggul._.duck | 2024-08-06 | 짭바이 물러가랏
muk_marorong | 2024-08-06 | 헐 짭바이,,,😂😂
hello_s_food | 2024-08-06 | ㅋㅋㅋㅋㅋㅋㅋㅋㅋㅋㅋㅋㅋ 짭바이 바이바이
bottlejune__96 | 2024-08-06 | 두바이초콜릿은 지에스가서 사먹어야겠군요?? ㅎㅎㅎ😍😍
mukrosee | 2024-08-06 | 짭바이 저리가..
misick.mag | 2024-08-06 | CU보단 낫다 ㅋㅎ
bonge_o0o_food | 2024-08-06 | 으음??? 더 맛난줄 알았는데!!!! 나도머거보고싶다!!
muk_tteul | 2024-08-06 | 혹시 두바이도 가주시나요?? @themukeou
siso_father | 2024-08-06 | 찐은 못따라가요
ham2_ni__ | 2024-08-06 | 느끼하다녀 ㅠㅠ
jjinang_pick | 2024-08-06 | 이거 너무 먹고 싶은데. ㅠㅠㅠ찐이역시 찐인 이유가 잇궁여
themukeou | 2024-08-06 | 그저 달고 느끼 짭은 역시🙌
mukdang0 | 2024-08-06 | 구독 츄베릅❤️❤️
sikhookyung | 2024-08-06 | 와 이건 위장에 무조건 저장해야죠👦🏻
ddunny_ddun | 2024-08-06 | 오오궁굼하긴한데 느끼하구낭 ㅜㅜ
muckza_zzae | 2024-08-06 | 귱금해!!!!
foodgallery_club | 2024-08-06 | 제스타일인데여!!ㅎㅎ
mukbulim_0817 | 2024-08-06 | 진짜 편의점 두바이는 손절임다
jameslee0911 | 2024-08-06 | 뭔가 느끼하다니깐 아쉽네요😂
ddub_e2 | 2024-08-06 | 당근거래?!
sang_hwa00 | 2024-08-06 | 안먹어야게따😂
matpamine_ | 2024-08-06 | 솔직후기 메모🙌
leeoh_review_ | 2024-08-06 | 지에스도 패스!
ssu__kyoung | 2024-08-06 | 짭바이...말고 진짜를...ㅠㅠ
hdul_daily | 2024-08-06 | 느끼하다니 ㅠㅠ
min.ddo_o | 2024-08-06 | 완전 솔직후기네유 🙌🙌🙌
kidmstyle | 2024-08-06 | 찐 두바이와 많이 다르군요 ㅠ
hj_foodie | 2024-08-06 | ㅋㅋㅋㅋ 느끼하다니 실망스러워 ㅠㅠ😢
gge.juck | 2024-08-06 | 짭바이 언제까지 나오는걸까요…?😮
eat._.dopig | 2024-08-06 | 요건 성공인가요?😍
jack93kim | 2024-08-06 | 쩌러..ㅋㅋㅋㅋㅋㅋ
j_a_n723 | 2024-08-06 | 이거 궁금하더라구여 안먹길잘해따😂
biggn_o | 2024-08-06 | 달기만하다니...!!!!😢
aeyongxxi | 2024-08-06 | 너무 맛나보이자냥❤️
gyul_yummy | 2024-08-06 | 짭바이,, 이젠 그냥,, 크런키 5개 합쳐서 먹는 느낌이에요,,,
berup_x | 2024-08-06 | ❤️
gyul_yummy | 2024-08-06 | 찐두바이 먹어보고싶어요ㅠㅠ"
2024-08-05,1041,던킨에서 치토스가 나왔다고..? 던킨에서 8월 신메뉴로 치토스도넛 3종 출시! 3종 모두 겉에 짭짤자극적인 치토스가루가 뿌려 있고 치토스 듀얼필드엔 고소한 옥수수크림에 짠 체다치즈크림이 반반 들어있음🫶🏻 단짠이라고 하는데 단맛보단 짠맛이 강함🫶🏻 황치즈 좋아해서 짠 체다치즈크림이 맘에 쏙🫶🏻 치토스먼치킨엔 체다치즈크림만 들어있어서 딱 내 스타일🫶🏻🫶🏻 치토스 꽈배기는 쫄깃고소한 옥수수빵에 치토스뿌린맛🫶🏻 치토스 좋아하거나 자극적인 빵 좋아하면 추천🫶🏻 📍#던킨도너츠 💵 치토스듀얼필드 2700원 💵 치토스먼치킨 500원 💵 치토스꽈배기 2900원 51주,"#도너츠맛집, #던킨, #던킨신상, #신상리뷰, #간식추천, #도넛맛집, #치토스도넛, #치토스, #먼치킨, #꽈배기맛집, #크림빵맛집, #빵지순례, #먹방asmr","baxexose | 2024-10-06 | @ghibli_hyun 자기좋아할듯
ung.bimiliya | 2024-08-18 | 아미칭 단짠단짠
81ackp0ny | 2024-08-07 | 야키폰데링 리뷰 해주세여
bokjaaa___ | 2024-08-07 | 오 스타일에 맞으셨네여🤤
ggul._.duck | 2024-08-06 | 저 도넛을 햄버거번처럼 반 갈라서 양상추+치킨 넣어서 먹으면
j1hyoni | 2024-08-06 | @do_ddon_119 이따가 이거 머거야징
jimin_dish | 2024-08-06 | 아닛....🤤🤤🤤🤤
matzipsa88 | 2024-08-06 | 맛있는것끼리 콜라보라니👏🤤
ssu__kyoung | 2024-08-06 | 손가락에 양념 뭍은거!!리얼 치토스 다먹을때 느낌예용
jjupteacher_k | 2024-08-06 | 흐 완전 맛있어보여요! 저도 한 번 먹어보고싶어요
miri_muk | 2024-08-06 | 와!! 치토스?! 맛이요?!😮😮😮 짠맛을 좋아하긴 하는데 달달한 도넛맛이랑 어떻게 어울리려나~ 궁금해지네요!
porschelin_man | 2024-08-05 | 완전 맛나겠어요ㅎㅎ
mukkarong | 2024-08-05 | 요고 우유랑먹으면 순삭하겠는데요?!!😮😮😮
con_coffeeornot | 2024-08-05 | 던킨 갈 이유가 생겼네요❤️
100rang_food | 2024-08-05 | 왁 치토스 던킨이라니😮😮
dessertdictionary | 2024-08-05 | 와 진짜 맛있겠는데요!
shkzipbob | 2024-08-05 | 내일 던킨 바로출동합니다❤️
food_matgwanbu_ | 2024-08-05 | 캬 진짜 맛없없 비쥬얼입니다😍😍
dama.dessert | 2024-08-05 | 츄베릅님 넘 귀여우세요 😍❤️
pigpig___me | 2024-08-05 | 던킨 요즘 열일하네요🔥😍
matzip_spoiler_ | 2024-08-05 | 이 조합 좋아요🙌
bonge_o0o_food | 2024-08-05 | 나듀 한입만❤️❤️
ham2_ni__ | 2024-08-05 | ㅠㅠㅜㅜㅜㅠ던킨 신메뉴 궁금해여
sang_hwa00 | 2024-08-05 | 아니 치토슼ㅋㅋ대박..
misick.mag | 2024-08-05 | 와 졸라 내취향이다 ㄷㄷ
bottlejune__96 | 2024-08-05 | 치토스도넛 너무 탐나버려요 ㅠㅠㅠ😍😍
mukstar_md | 2024-08-05 | 오오 맛있겠는데요😮😮??
kkutti_h | 2024-08-05 | 던킨 신메뉴 ㅋㅋㅋ 뇸뇸 맛나보여요😮❤️
misikmann | 2024-08-05 | 치토스라니 이거 반칙아니냐구여ㅠㅠ
hj_foodie | 2024-08-05 | 헿 짠거좋아하는 나한텐 이게 딱이다..😮
biggn_o | 2024-08-05 | 오 이거 먹어봐야겠다요😍
jack__foodie | 2024-08-05 | 난 자극빵이야❤️
mukddo_muk | 2024-08-05 | 저두 먹어볼래요❤️
gage__men | 2024-08-05 | 기분좋은 선
hyob_muk | 2024-08-05 | 던킨에 치토스 신메뉴 !!!와 맛잇겟어유❤️
choi._.yummy | 2024-08-05 | 엥@치토스맛이라니 ㅜㅜㅜㅜㅜ바로 사러갈래요
1onefood_ | 2024-08-05 | 왕 던킨 이거 먹어보고싶엇는데용 대리만족 😍😍😍
korea_foodzone | 2024-08-05 | 던킨 짠조아하는데ㅜㅜㅜ
jaws_eat | 2024-08-05 | 던킨한번가봐야겠어요😍😍
muuk.dda | 2024-08-05 | 헐 치토스가루 미챠따..
matport_ | 2024-08-05 | 와 역시 대박 최고에용😍
umuk_umuk | 2024-08-05 | 바로 도전이쥬 ㅎㅎㅎ
juner_315 | 2024-08-05 | 오 저도 먹어봐야겠어용😍
food_zohaa | 2024-08-05 | 덛킨 미쳣다리❤️❤️❤️
misik_oppa | 2024-08-05 | 오옷 궁금궁금 하구만료🔥
eum_masitto | 2024-08-05 | 치토스도넛 궁금해용❤️
_43.1e | 2024-08-05 | ❤️저도 도전해볼래용
yam_yam_ping | 2024-08-05 | 치토스 도넛 듣기만해도 존맛일듯❤️
muk._.chuuru | 2024-08-05 | 치토스진짜이거먹어보고싶더라❤️
kidmstyle | 2024-08-05 | 와 치토스 가루 너무 맛있겠는데요?😍
har4123 | 2024-08-05 | 오 치토스 취향저격이에요😍
ddo_sil | 2024-08-05 | 군침 제대로 흘렸어요😂😂
hello_s_food | 2024-08-05 | 밀가루를 끊을 수가 없네 ㅠㅠ❤️
ddonge_e_ | 2024-08-05 | ㅋㅋㅋ맛있죠!!! 전 꽈배기가 젤 맛있었어요🔥
kitana0722 | 2024-08-05 | 치토스뇌절
d_t_muksta | 2024-08-05 | 자극빵 러버 추천!ㅎㅎㅎㅎ 맛나겟어여휴ㅠ
seula.busan | 2024-08-05 | 궁금해여 ㅠㅠㅠ짭쪼름 ❤️
wanteat._.eat | 2024-08-05 | 이거 왠지 술안주로 먹어도 좋을 거 같은데요?!😍❤️
laurent_busan | 2024-08-05 | 치토스 몬치킨 궁금한데요 !!!!
sujungryan | 2024-08-05 | ㅋㅋㅋㅋ 잘 jo져주시네yo😍😂
ggam_food | 2024-08-05 | 치토스 놓칠수업져❤️
mong_ddang_yummy | 2024-08-05 | 완전 진실의 미간 아닌가요🤤🤤
food_ssoh | 2024-08-05 | 치토스맛이라녕😍
_foodater_ | 2024-08-05 | 오우 치토스 소스 단짠한게 넘 맛날듯요❤️🔥🔥
yamyamchompchomp | 2024-08-05 | 치토스도넛이라닝😮😍
zeros_cook | 2024-08-05 | 맛깔나게 잘드시네요
muckza_zzae | 2024-08-05 | 자극방 러버 조아롱❤️❤️
ruri.food | 2024-08-05 | ❤️❤️마ㅛㅣㅛ어보여
ruri.food | 2024-08-05 | 먼치킨 싱기하갈❤️
gge.juck | 2024-08-05 | 와 이거 중독성 쩔어서 계속 먹게 될듯 😮
colorfulsundays | 2024-08-05 | 너무 맛잇게 드셔서 ㅋㅋㅋㅋ 오늘 꼭 사먹어야겟어요😍
mukrosee | 2024-08-05 | 치토스도넛 마싯뎌어❤️
bbbm_jg | 2024-08-05 | 치토스❤️❤️ 존맛각
yeoni_mukstar | 2024-08-05 | 치토스맛이라니 완전 단짠단짠할 것 같아요🔥🔥
ming_foodie_ | 2024-08-05 | 아 이거 궁금했어여
mukdang0 | 2024-08-05 | 오 대박!! 츄베릅❤️❤️
jack93kung | 2024-08-05 | 덩킨...❤️
mukzzang_bread_ | 2024-08-05 | 와 치토스라니 단짠단짠 제대로겠눈데용 🔥
mat_puri | 2024-08-05 | 던킨 또 사고쳤네!! 이런 사고 개좋아
rara_muk | 2024-08-05 | 이거 궁금하더라구요❤️
81ackp0ny | 2024-08-05 | 기여워ㅋㅋㅋㅋ
ham_muklog | 2024-08-05 | 이거 저두 궁금했어용😆! 던킨 눈에 보이면 사와야겠따🔥🔥
qbee.eat | 2024-08-05 | 저도 자극적인 빵 넘넘 조아여 ❤️❤️❤️❤️
jameslee0911 | 2024-08-05 | 오 당장 먹어볼래요😍
hye_foodie_ | 2024-08-05 | 자극적인맛 너무 좋아여😍 술안주로도좋겠어여 ㅋㅋ
hee.muk__ | 2024-08-05 | 치토스맛이라뇨👏👏
wu_hyun | 2024-08-05 | 치토스 도넛 완전 궁금하네영 ㅋㅋㅋ 먹고 싶오용
sowon_yam2 | 2024-08-05 | 전 자극적인거 조아해서 사야겠어요 ㅎㅎ
hpmo_on | 2024-08-05 | 치토스도넛 맛없없!!!
mukjung_ | 2024-08-05 | 눙댕글귀엽 ㅎ
mukjung_ | 2024-08-05 | 빵수니자나너어~~
muk_joongsa | 2024-08-05 | 짠맛이 조금 더 강하네용! 딱 제 취향일듯😍😍
muk_tteul | 2024-08-05 | 아니 이런거 어떻게 아는거야 ㅋㅋㅋㅋ 지대로구만
hotdor_s | 2024-08-05 | 아 진심 댕맛있어보인다,,
themukeou | 2024-08-05 | 자극적인빵 러버 나에게 딱이잖앙
mukbulim_0817 | 2024-08-05 | 패쓰할려고 했는데 먹어야겠네요
_zez_e__ | 2024-08-05 | 헐 존맛이게따 ❤️
s0happylife | 2024-08-05 | 이건 레전드잖아요😋♥️
__it.s.youn | 2024-08-05 | 우와아 ! 이거 너무 맛있겠는데여1?
eating_happily_ | 2024-08-05 | 저도 이거 완전 취향이요❤️❤️"
2024-08-04,1.2만,"두바이에서 온 차원이 다른 픽스 초콜릿 영접? 두바이에서는 25000원에 판매하지만 당근마켓에서 7-10만원 사이에 거래된다고 하는 픽스 두바이 초콜렛 거의 금값의 두바이 초콜렛이지만 한입 먹는 순간 차원이 다름,,🫶🏻 바쟉한 카다이프에 피스타치오 스프레드가 가득해 식감 최고🫶🏻 견과류? 같은 것도 있어 꼬소함이 미침🫶🏻 겉은 두툼한 밀크초콜릿이 감싸여있는데🫶🏻 3박자가 딱딱 조화롭게 맞는다🫶🏻 내가 이전까지 먹은 건 두바이 초콜릿이 아니었다,,🫢 많이 달긴해서 한번에 3조각 이상 먹기 쉽지 않지만 쫀맛탱🫶🏻 역시 찐은 확실히 다르다🫶🏻 한국에 들어온다는 말이 있던데 한번 먹어보길 추천🫶🏻 💵 51주","#픽스두바이초콜렛, #픽스두바이초콜릿, #두바이초콜릿, #두바이초콜렛, #간식추천, #초콜릿, #두바이초콜릿파는곳, #피스타치오, #디저트맛집, #신상리뷰, #먹방asmr","699636roya | 2024-11-16 | ❤️
nana__tester | 2024-11-15 | 😍😍😍
aynura__jr | 2024-10-30 | Шоколадный
aynura__jr | 2024-10-30 | Хф
aynura__jr | 2024-10-30 | Хф
zzhrc | 2024-10-20 | 🤢
_rebiyakhan_ | 2024-09-30 | 😍
_rebiyakhan_ | 2024-09-30 | 😍
life07777777 | 2024-09-29 | bularga endi etib boribdi bu shokolad
sv1nkss | 2024-09-28 | И мнее
giappa_a | 2024-09-28 | No need to hold the microphone next to your mouth. In much of the western world, it is consideted repulsive to make sounds while eating
___hiloshaa___ | 2024-09-28 | Nima deganini tushunmadimu yegim kep ketdi😢
ladymattareeya789 | 2024-09-17 | ประเทศไทยมีของพร้อมส่ง ของแท้จากช็อป สั่งเอง บินเอง เป็นเรสิเดนท์ของ UAE 🇦🇪 ค่ะ ราคา ชิ้นละ 1390 กทม ส่งแมสได้ ตจว ส่งรถตู้เย็นค่ะ
w2_pu | 2024-09-11 | شكلاتة دبي😍😍
hin.da__ | 2024-09-09 | ظفارك يا ختي 😢😂😮
ccedervall | 2024-09-09 | That dubai chocolate pistachio is good as hell!
paulagerio | 2024-08-29 | 😍
efati___ | 2024-08-26 | وقيل مزل غير ان لي مجربتهش
efati___ | 2024-08-26 | حت نتي جربتيه
sweetly_8ella | 2024-08-24 | اين انتم يا عرب ✨️🕊
abir.abidi09 | 2024-08-22 | Where to buy this from in Korea please?
daytight42 | 2024-08-08 | 저 돈으로 한우를 먹겠다..
hyeniiiiiiiiiiiii | 2024-08-07 | @hongda9yo 당근에8마넌에 팔던데 사까마까,,
food_ssoh | 2024-08-07 | 한국에 언제 들어오나오 ㅠㅠ😍
bokjaaa___ | 2024-08-07 | 와 진짜를 드셨네요 대박 ㅋㅋㅋㅋ넘 궁금해여 ㅠㅠ
choejho511 | 2024-08-07 | 당근물가 요즘 많이 내려갔네용..전9만원에 겟했었는데
manchaelin | 2024-08-06 | 진짜 찐은 얼마나 다를지 입으로 느끼고 싶어요.. 후기만 백만번째 ..🥺🥺
golden_sang_ | 2024-08-05 | 크 맛있겠다 난 언제 먹어보지…
mukstar_md | 2024-08-05 | 서리 미쳐또용😍❤️❤️
aeyongxxi | 2024-08-05 | 두바이 좋다냥❤️
food_zohaa | 2024-08-05 | 처컬렛 폼 뮤쳣다🔥🔥🔥
laurent_busan | 2024-08-05 | 바삭바삭 소리 대박❤️
qbee.eat | 2024-08-05 | 와 ㅋㅋㅋㅋㅋㅋㅋㅋ 진짜 부럽다ㅜㅜㅜ 미텨ㅜㅠㅠ😍
anjjanjjan | 2024-08-05 | 소리 ......ㅜ❤️ 넘 궁금해요
아직 못먹어봤자나요ㅠㅠㅠ
juner_315 | 2024-08-05 | 에이에스앨알!!🔥🔥
muckza_zzae | 2024-08-05 | 진짜 궁금스...😍
foo__zim | 2024-08-05 | 오오~ 완전 맛있겠다,,,,나도,,,당근으로 사야지
1onefood_ | 2024-08-05 | 와 이건 먹어봐야겠어요 ㅠㅠ 😍😍😍
muksta__chunsik | 2024-08-05 | 진짜는 다르다!!
eeekha1 | 2024-08-05 | 역시 오리지날은 차원이 다르네요👍
jjupteacher_k | 2024-08-05 | 흐 맛있는거 저도 주세요!!❤️
biggn_o | 2024-08-05 | 헐 이건 찐으로 먹어야겠다🔥
foodgallery_club | 2024-08-05 | 제가 다먹고싶은데여!!
jjinang_pick | 2024-08-05 | 당근가격보고 기정햇어요❤️
mintto0.0 | 2024-08-05 | 헐 이거 넘 먹어보고 싶어요ㅜㅜㅠ❤️
hungry_university | 2024-08-05 | 저도 먹어보고싶어요😍😍
100rang_food | 2024-08-04 | 왁 요거 맛보는게 소원..😮
ddo_sil | 2024-08-04 | 찐은 다르죠👏👏
rara_muk | 2024-08-04 | 와 찐 두바이 초콜릿 궁금해요❤️
teddy_zip_ | 2024-08-04 | 캬아 찐두바이초코 저도 먹어볼래요😍
misick.mag | 2024-08-04 | 남은거 택배로 보내주세요 ㅜ
hihee.e | 2024-08-04 | 오홍ㅋㅋㅋㅋ진짜 내용물 꽉차있네요😮
magoo_wagoo | 2024-08-04 | 와ㅠㅠ진짜 카다이프 미쳤네요😮
colorfulsundays | 2024-08-04 | ❤️❤️❤️❤️❤️
colorfulsundays | 2024-08-04 | 헐,,,,,, 너무 궁금해여 ㅠㅠㅠ
min.ddo_o | 2024-08-04 | 어머 ㅠㅠㅠㅠ소리 무슨일이에요,,😍😍
fnvidir | 2024-08-04 | 당근 거래금액 보고 동공지진했어요 세상에😂
hello_s_food | 2024-08-04 | 오 이정도면 극찬인가여?! 먹어봐야겠어여🔥🔥
leeoh_review_ | 2024-08-04 | 와 역시 찐은 다르네❤️
mukkarong | 2024-08-04 | 오오오!!! 이거는 찐 맛도리군요!!! 대박!!👍👍👍👍
miri_muk | 2024-08-04 | 오늘도 이쁘신 츄베릅님❤️ 픽스 저도 먹어보고 싶은데~ 당근 ㄱㄱ 해야겠어요!!
seula.busan | 2024-08-04 | 금값이네여 오우 ❤️❤️
sikhookyung | 2024-08-04 | 두바이 궁금해요!!!
pigrami_ | 2024-08-04 | 와 이걸..❤️❤️
do___yummy | 2024-08-04 | 와아 찐 두바이 너무 궁금해여😍😍
food_02_abgh | 2024-08-04 | 어머나 ㅠㅠ 너무 먹구시퍼요
mukchoding | 2024-08-04 | 이거 얼른 먹어보고파요😮❤️
ya_hanip | 2024-08-04 | 바삭한소리가 대박! 맛있겠어요🙌 츄베릅님 소통해요🔥
muk_tteul | 2024-08-04 | 아자자자자자자자잨
ham2_ni__ | 2024-08-04 | 헐 찐바이 먹었어여?!😮😮
mat._.cat_ | 2024-08-04 | 이게 레알 찐 두바이 초콜릿인군요😍 비주얼부터 다르네요
jjong_mattang | 2024-08-04 | 와 카다이프 꽉 찬거 미쳣다 ㄹㅇㅋㅋㅋㅋㅋ
matketers | 2024-08-04 | 배고파지는 비줠이에요❤️
wanteat._.eat | 2024-08-04 | 진짜 맛있는 건 표정부터가 보이네요ㅎㅎㅎ 커피랑 먹고싶어요 ㅠㅠ😍
hj_foodie | 2024-08-04 | ㅠㅠㅠㅠ역시 원조는 다르다 🥹 안에 내용물자체가 진짜 그득그득!!!
tuntun2__ | 2024-08-04 | 너무 맛나보이는데요옹😍😍
mukdang0 | 2024-08-04 | 7만원..츄베릅❤️❤️
jinarye | 2024-08-04 | 소리 미쳤어요. . .❤️ 나두 먹고싶 ㅜ
mukjung_ | 2024-08-04 | 오진짜찐사먹었어?
cooking__researcher | 2024-08-04 | 두바이초콜릿은 사랑입니다 👏👏
ruri.food | 2024-08-04 | ❤️❤️
ruri.food | 2024-08-04 | 찐 궁그매❤️마싯겟다
jack__foodie | 2024-08-04 | 이게진짜니?!?!!?
mukbulim_0817 | 2024-08-04 | 한국들어오는거 대기 타야겠어요
matxnyang_3 | 2024-08-04 | 오 ,,,, 찐은 다르군요😮😮😮
gge.juck | 2024-08-04 | 진짜 한국 물가 반영해서 3-4배 뛰는거 실화냐구요…
yeoni_mukstar | 2024-08-04 | 오오 저도 찐 두바이 초콜릿 한번 먹어보고 싶네요🔥🔥
eating_happily_ | 2024-08-04 | 징짜 맛난 건 베릅님 눈만 봐두 알 것 같아요 이제 ㅎㅋㅋㅋㅋㅋ😍
kidmstyle | 2024-08-04 | 와 소리 장난아니네요 두바이 오리지날 먹어보고 싶어요😍
j_a_n723 | 2024-08-04 | 소리대박이자나여😮😮
muk._.chuuru | 2024-08-04 | 나도 오늘 ❤️
themukeou_2 | 2024-08-04 | 헐 그렇게 존맛탱이야!!🙌🙌
berup_x | 2024-08-04 | ❤️
muuk.dda | 2024-08-04 | 역시 찐 클라스…😮
hotdor_s | 2024-08-04 | 이거 구하기 진짜 힘들다던데 레전드네
sowon_yam2 | 2024-08-04 | 그정도로 최고였다면 주문 각 ❤️
jameslee0911 | 2024-08-04 | 역시 찐은 다르네여😍"
2024-08-03,689,"내가 아는 두바이초콜릿이 아닌데? CU에서 두바이초콜릿 버젼 떠먹는 컵케이크 출시 ! 피카컵케이크로 무려 4900원 !! 카다이프에 초코무스, 피스타치오 크림 가득! 카다이프 바삭한 소리가 나서 기대했는데 먹으니 ㄹㅇ눅눅;; 내 입을 의심했다 심지어 피스타치오 맛? 나긴하는데 신맛이 더 큼 초콜릿은 그냥 싼 초콜릿 맛.. CU 이웃집통통이 초코쿠키 말곤 에바인듯 내 4900원 내놔,,🥲 📍 💵 4900원 51주","#CU, #피카컵케이크, #씨유신상, #신상리뷰, #간식추천, #두바이초콜릿, #두바이초콜렛, #편의점신상, #편의점디저트, #먹방asmr, #먹방유튜버, #컵케이크, #두바이초콜릿푸딩, #디저트맛집","foodgallery_club | 2024-08-06 | 🥰🥰
strawbell_.a | 2024-08-05 | 맛있나용
aeyongxxi | 2024-08-05 | 디저트 귀신이냥
colorfulsundays | 2024-08-04 | ㅋㅋㅋ믿고 거릅니다🥹
muk.news | 2024-08-04 | 이런..궁금했는데..
themukeou | 2024-08-04 | 4900원 돌려줘🙌🙌
zin___nxy | 2024-08-04 | 이런..!!! 디저트덜 왜 못하는겨 ㅜㅜ 😮😮
muksta_zzino | 2024-08-04 | 꾸덕꾸덕❤️
ddo__yam | 2024-08-04 | ㅋㅋㅋㅋ 츄베릅님 찡그리는구 처음보눈거같아여 씨유 열일해라 ㅠㅠ
1onefood_ | 2024-08-04 | 오오 이거 어케 구하셨어요 ㅠㅠ 😍😍
teddy_zip_ | 2024-08-04 | 헛 눅눅히다니😂
juner_315 | 2024-08-04 | 뉵뉵 ㅠㅠ 싫어요😮😮
jack93kim | 2024-08-04 | ㅋㅋㅋ안머글래
siso_father | 2024-08-04 | 아쉽네요😢
sltnqdla | 2024-08-04 | 우아 저도 이거 너무 궁금했어용 먹어볼래요❤️
mukstar_md | 2024-08-03 | 헝ㅠㅠ,,,
magoo_wagoo | 2024-08-03 | 퓨ㅠㅠ우왓 궁금해용😮😮
bottlejune__96 | 2024-08-03 | 오옹 요거 매번 보여서 궁금하긴했는데 별로였다니 아쉽자나유 ㅠㅠㅜ😂😂
mukchoding | 2024-08-03 | 이건 별론가보네용😮🔥
_gahyoida | 2024-08-03 | 우엥 빵에 발라묵어야겠어요
bokjaaa___ | 2024-08-03 | 오 솔직후기 대박이에여❤️
eeekha1 | 2024-08-03 | 두바이 이름이 정말 많네요ㅎㅎ
min.ddo_o | 2024-08-03 | 읔 이건 후기는 아쉽군여😢😢
pigpig___me | 2024-08-03 | 다들 평이 안좋네요~ 제통장을 지켜주셔서 감사합니다😍
elly_adopter | 2024-08-03 | 앗 두바이 그만 멈춰 씨유 ㅠㅠㅠㅠ
matport_ | 2024-08-03 | 우왕 이건 바로 저장이에요😍
hyob_muk | 2024-08-03 | 앜ㅋㅋ궁금햇는대 이런 😂
ddunny_ddun | 2024-08-03 | 오궁굼하다..❤
biggn_o | 2024-08-03 | ㅋㅋㅋㅋㅋ이건 좀 아니긴하닼ㅋㅋㅋ🔥
hj_foodie | 2024-08-03 | ㅠㅠ 두바이는 뭐니뭐니해도 바삭한맛에 먹는거라고 ㅠ 이러지마 씨유!!
churping_oo | 2024-08-03 | 이거 너무 궁금한디요❤️
con_coffeeornot | 2024-08-03 | 추릅츄릅 각이네요❤️❤️
muckza_zzae | 2024-08-03 | 표정봨ㅋㅋㅋㅋㅋ
mukbulim_0817 | 2024-08-03 | 편의점 두바이는 이제 만나지말자
eats_editor | 2024-08-03 | 두바이 ㅋㅋㅋㅋㅋ
food_02_abgh | 2024-08-03 | 오잉 아숩네
rara_muk | 2024-08-03 | 이거 카다이프 진짜 이상하죠😢
kimcoffee_c | 2024-08-03 | 이건 안사먹어야겠어용😢
muk._.chuuru | 2024-08-03 | 신맛이..나? 씨유진쨔왜굴애..😵‍💫
mukkarong | 2024-08-03 | 떼잉....이거는 안먹어볼래요!!😢😢😢
mochl_ahahcnl | 2024-08-03 | 오.. 이건 눈으로만 먹을게요😮
muk_joongsa | 2024-08-03 | 이거 별러라고 해서 안 사먹게요ㅠㅠ🔥
ham2_ni__ | 2024-08-03 | 헐 비주얼은 이뿐데..😮
muksta_turbo | 2024-08-03 | 오 저장
cherry.s_pic | 2024-08-03 | 이거 궁금하긴한데 🥹🥹🥹
hungry_university | 2024-08-03 | 궁금해요ㅠ😍
jinarye | 2024-08-03 | 눅눅. . . .켁. .
zz_muk2 | 2024-08-03 | ㅠㅠㅠ 씨유 일 더 열심히 해야할듯요😂😂
limeunzzo | 2024-08-03 | 엥,,, 비주얼은 미쳤는데요,,, 😢
jaws_eat | 2024-08-03 | 으아ㅜㅜ보기엔맛날꺼같은데요ㅋ
100rang_food | 2024-08-03 | 씨유는 이제 두바이 손떼는걸로..
dejinnam | 2024-08-03 | 예약 페이지 이미지가 뭔가 쌔해서 구매안했는데 다행이네요🥲
jameslee0911 | 2024-08-03 | 이건 좀 아니네옄ㅋㅋ😂
eating_happily_ | 2024-08-03 | 아닠ㅋㅋㅋㅋㅋㅋㅋ베릅님 표정에서부터 느껴져욬ㅋㅋㅋㅋㅋㅋㅋ😂
foo__zim | 2024-08-03 | ㅋㅋㅋ다같은 두바이가 아니었다고한다....
food_ssoh | 2024-08-03 | 😂두바두바이
leeoh_review_ | 2024-08-03 | 오 난 이거 맛있었는데!!😮
mukdang0 | 2024-08-03 | 맛없없😭
dog.matdori | 2024-08-03 | ㅠㅠ까빙
kkutti_h | 2024-08-03 | 신맛이 왜나는지 의문이네욬ㅋㅋㅋㅋㅋ
kkutti_h | 2024-08-03 | 바삭소리에 속음 ㅠㅋㅋㅋㅋ
hyobongi_muck | 2024-08-03 | 궁금했는데 다음을 기약해야겠네요🤣😆
zeros_cook | 2024-08-03 | 표쩡찐찐
_zez_e__ | 2024-08-03 | 평 역대급으로 별로인… 편의점 두바이 안사먹어야지..ㅋㅋㅋㅋ
muk_captain_ | 2024-08-03 | 선 거의 죽엇네
ddo_sil | 2024-08-03 | 앜ㅋㅋㅋㅋㅋ
hamzzi.eat_____ | 2024-08-03 | 맛없이라닝ㅜㅜ
yeoni_mukstar | 2024-08-03 | 이왕 뇌절할거면 맛있기라도 하지 씨유…😢😢
mukrosee | 2024-08-03 | 씨유 저리가 ㅜㅜ
hello_s_food | 2024-08-03 | 개나소나 두바이라 문제구만유😢
sikhookyung | 2024-08-03 | 우왕!! 입맛 없을 때 가면 효과 즉빵이겠어요!!🙆🏻‍♂️🙆🏻‍♂️
hye_foodie_ | 2024-08-03 | 이건좀아닌뎈ㅋㅋㅋ
gyul_yummy | 2024-08-03 | 이건 안되겠군여,,,
yome_foodie | 2024-08-03 | 개별로ㅠㅠ
jack__foodie | 2024-08-03 | ㅋㅋㅋㅋ모르세용~?
gge.juck | 2024-08-03 | 역시 두바이 편의점은 어려운겅가요 ㅜㅜ
ruri.food | 2024-08-03 | ❤️❤️❤️
ruri.food | 2024-08-03 | 인상쓰는거밬ㅋㅋㅋㅋㅇ귀야으ㅓㅜㅜ
sowon_yam2 | 2024-08-03 | 다 눅눅하다고하더라구요? 신맛까지 ㄷㄷ
qbee.eat | 2024-08-03 | ㅋㅋㅋㅋㅋㅋ 신맛 개빡침 ㅠ 선넘네..
berup_x | 2024-08-03 | ❤️
wanteat._.eat | 2024-08-03 | 핫 덕분에 안사먹어두 되겠네요😮
j_a_n723 | 2024-08-03 | 이거 궁금하긴하더라구여...😂😂
mukjung_ | 2024-08-03 | 표정찐이닼ㅋㅋ"
2024-08-02,1706,"미국에서 난리났던 스벅 신상 ? 유니콘 프라푸치노가 스타벅스 8월 신상으로 출시!! 망고, 용과 등 열대과일 음료에 상큼한 블루소스를 더해 유니콘처럼 비쥬얼도 이쁨🫶🏻 위엔 크리미한 휘핑크림이 얹어져 있는데 상큼달달한 음료랑 휘핑크림이랑 안어울리는 듯.. 휘핑크림 왜 올린거지..? 하지만 안에 음료는 상큼달달 맛있음🫶🏻 완전 여름 그자체🫶🏻 이거 먹으면 이번 여름 시원하게 보내기 가능🫶🏻 상큼한 거 좋아하면 먹어보길! 📍 💵 6700원 51주","#스타벅스, #유니콘프라푸치노, #스타벅스신상, #스벅신상, #스타벅스코리아, #스타벅스신메뉴, #스타벅스음료추천, #디저트맛집, #스타벅스프라푸치노, #신상리뷰, #간식추천","aeyongxxi | 2024-08-05 | 우아 스벅간다냥
chrst2969 | 2024-08-04 | 색은 이쁘네요 👏👏
____uuuuuus2 | 2024-08-04 | @knock_daeun
vxxoominn | 2024-08-04 | ㅈㅂ먹지마진짜해열제맛남진짜토나옴
matzip_spoiler_ | 2024-08-04 | 이거 맛도리단데🙌
silver._.0809 | 2024-08-03 | @luv_fume 🫶🏻
bokjaaa___ | 2024-08-03 | 와 상큼하니 좋겠는데요🩷
kkutti_h | 2024-08-03 | 오늘 개더운디 한잔 하러 가야것어요ㅠ😂
sang_hwa00 | 2024-08-03 | 이거완전이뽀용
seula.busan | 2024-08-03 | 궁금해쏘요 이거 🩷🩷
t_cheol2 | 2024-08-03 | 우오ㅓ 스벅 신상 너무 좋네요 ㅎㅎ
lllkimsohee | 2024-08-03 | @ssss_niz 너가 조아하는 스벅
33soong | 2024-08-03 | 🌈🦄 이런맛일까요...?😮❤️
food___hwan | 2024-08-03 | 신상 모야모야🩷
jjinang_pick | 2024-08-03 | 너어러러무 싱기한맛❤️
ddoso_life | 2024-08-03 | 유니콘 맛이라니 궁금해여💚
muk_rap | 2024-08-03 | 오아 당장 먹을래요유🙌
matketers | 2024-08-03 | 넘 맛있어보여요! 언제 한 번 가보고싶어요!❤️
dog.matdori | 2024-08-03 | 강츄🙌🏻
mukddo_muk | 2024-08-03 | 비주얼 짱 좋아여❤️
bottlejune__96 | 2024-08-03 | 유니콘프라푸치노 맛보러 갈래요!! ㅎㅎㅎ😍😍
leeoh_review_ | 2024-08-03 | 상큼한거 좋아하는데 먹구파❤️
magoo_wagoo | 2024-08-02 | 우왕 스벅 가야겠어용😮
jjgongju_ | 2024-08-02 | 우아 색감도 넘 이쁘네염🩷🩷
teddy_zip_ | 2024-08-02 | 우아 유니콘 색 이쁜데요🩷🩷
100rang_food | 2024-08-02 | 유니콘은 못참지😍😍
aug_piiggg | 2024-08-02 | 색감도 넘 예뻐여🩷
pigrami_ | 2024-08-02 | 저 베라도 레인보우샤베트만 먹을정도로 완전 상큼파에요ㅠㅠㅋㅋㅋㅋㅋㅋ
alertviviana | 2024-08-02 | 오 여름여름하네요 휘핑은 빼고 먹어보겠습니당👍🏻👍🏻
yome_foodie | 2024-08-02 | 상큼달큼🩷
hj_foodie | 2024-08-02 | ㅋㅋㅋㅋㅋ색깔이뿌다 휘핑은 뺄래 🥹
jack__foodie | 2024-08-02 | 상추상추🩷
churping_oo | 2024-08-02 | 상큼한거 내가 좋아해요❤️
miri_muk | 2024-08-02 | 와 이거 궁금한데!! 츄베릅님 믿고 ㄱㄱ합니다!!
eating_happily_ | 2024-08-02 | 표정 보니까 저까지 같이 셔요😂😂 색은 예쁜데❤️
muk_.jjun_ | 2024-08-02 | 색이 진짜 특이하네요!
muk_captain_ | 2024-08-02 | 효소 드시나요!? 공구해주세여!!
muk_captain_ | 2024-08-02 | 아니 왜 살이 안쩌요!?
muk_captain_ | 2024-08-02 | 쮸베릅!!
wu_hyun | 2024-08-02 | 스벅 신상들은 색들이 다 이쁜거 같아영 크으😍
mukkarong | 2024-08-02 | 스벅신상 저도 먹으러갈래요!!😆😆
jjong_mattang | 2024-08-02 | 오..? 열대과일 맛에 휘핑크림 도전 ..!🔥
wanteat._.eat | 2024-08-02 | 휘핑크림 빼고 먹어야겠어요😍❤️
matport_ | 2024-08-02 | 와 보자마자 침고여요ㅠㅠㅠ❤️
hihee.e | 2024-08-02 | 오홍 용과음료라닠ㅋㅋㅋㅋ색감 예뻐욘
korea_foodzone | 2024-08-02 | 스벅 신상 궁금해유
menggong__ecig | 2024-08-02 | 신상은 무조건 먹어봐야죠🤝🏻❤️
matpamine_ | 2024-08-02 | 신상 폼 미쳤다🩷
min.ddo_o | 2024-08-02 | 휘핑크림은 안어울리군여😢😢
ddunny_ddun | 2024-08-02 | 오이거궁굼한데요❤
themukeou_2 | 2024-08-02 | 상큼한거 너무좋아🙌🙌
muk.dragon | 2024-08-02 | 색깔도 영롱😍
juner_315 | 2024-08-02 | 51주답글 달기
mim_mi__ | 2024-08-02 | 색감이 너무너무 예뻐요❤️
hee.muk__ | 2024-08-02 | 색감 예뿌네요🩷
mukzzang_bread_ | 2024-08-02 | 우왕 드뎌 나왔네용 ❤️ 요건 색감 보려믄 텀블러보단 일회용컵 필수겠어요 ❤️
jinarye | 2024-08-02 | 이고 궁금해용😍
food_monkey7 | 2024-08-02 | 오옹 색감 완전 예뿌네요👏
koya_yam | 2024-08-02 | 음료색 넘 이쁘잖아요!😍😍 이름이랑 찰떡궁합인듯 ❤️
ddub_e2 | 2024-08-02 | 오늘 스벅갔다가 이거 먹어조려했는뎅😮
biggn_o | 2024-08-02 | 한번 먹어는 봐야겠구만옄ㅋㅋ😍
suhoyum | 2024-08-02 | 색감 대박이네여❤️
hyob_muk | 2024-08-02 | 스벅신상 당장 달려야져❤️
misik_oppa | 2024-08-02 | 오아오앙 사먹어봐야겠네요🙌
mukdang0 | 2024-08-02 | 색감 대박!! 츄베릅 ❤️❤️
ham_muklog | 2024-08-02 | 색감도 넘 예뽀❤️ 스벅 달려갈래요
yeoni_mukstar | 2024-08-02 | 유니콘 프라푸치노 색감 진짜 예쁘네요🩷🩷
limeunzzo | 2024-08-02 | 요고 호불호 좀 갈리는거같던데 제 취향,,❤️
jack93kim | 2024-08-02 | 오호.....색감아주좋코
1onefood_ | 2024-08-02 | 와따 이거 요즘 핫하네영 달려가야겠어용
rara_muk | 2024-08-02 | 이거 비쥬얼 대박이에요❤️
js__1oo4 | 2024-08-02 | 색감 미쵸따 영롱 그 잡채 🩷💜🩷💜
ddo_sil | 2024-08-02 | 스벅 신상 미텨따
_zez_e__ | 2024-08-02 | 비쥬얼 넘 예쁨❤️
jameslee0911 | 2024-08-02 | 오 당장 먹어볼래욧❤️
muk._.chuuru | 2024-08-02 | 휘핑빼도되나여ㅜㅜ
mukjung_ | 2024-08-02 | 상큼한거조아해나!
siso_father | 2024-08-02 | 스벅 가야겠어요 😍
mukrosee | 2024-08-02 | 오 유니콘 먹을래요❤️❤️
dejinnam | 2024-08-02 | 상큼한게 표정에서부터 느껴지네욬ㅋㅋㅋ🤣
ruri.food | 2024-08-02 | 추천🙌
ruri.food | 2024-08-02 | 상톰이❤️❤️
ming_foodie_ | 2024-08-02 | 색감 넘 예쁘자나용❤️
gyul_yummy | 2024-08-02 | 휘핑은 빼야겠어여..!
ham2_ni__ | 2024-08-02 | 오 그쳨ㅋㅋㅋㅋ휘핑 진짜 따로노는느낌
mut_dam | 2024-08-02 | 유니콘 처럼 이뻐요❤️❤️
muckza_zzae | 2024-08-02 | 우앙 색감은 예뿌다!!!
muk_joongsa | 2024-08-02 | 상큼한고 좋아해서 목어볼래요 오눌❤️
mukbo_jjang | 2024-08-02 | 우오 신상이다😍😍 근데 생크림은 버려야겠네여..ㅎㅎ
kidmstyle | 2024-08-02 | 좀따가 스벅가봐야겠어요!😍
sowon_yam2 | 2024-08-02 | 휘핑이랑 안어울린다니ㅠㅠ
qbee.eat | 2024-08-02 | 오 ㅋㅋㅋㅋ 먹어보고싶어요 휘핑빼야지!
moo_boza | 2024-08-02 | 저 오늘 이거 먹어볼거에요 ㅋㅋㅋㅋㅋ 근데 왜 침 나오짘ㅋㅋㅋㅋ 아직 안먹었는데..
berup_x | 2024-08-02 | ❤️
j_a_n723 | 2024-08-02 | 스벅 당장 가야겟어요 ❤️❤️
mukbulim_0817 | 2024-08-02 | 색감도 이쁜데 맛있기까지😍😍
mukorang | 2024-08-02 | 오 상큼한 거 조아해요❤️"
2024-08-01,5973,"투썸 아이스박스에 로투스를 더했다고? 투썸 8월 신상 로투스 아이스박스 출시 ! 로투스 러버라면 무조건 먹어봐야함 !!🫶🏻 시나몬향 솔솔 빵같은 시나몬쿠키가 3층으로 부드러운 마스카포네 생크림이랑 층을 이루고 있음🫶🏻 안에 달달한 카라멜소스까지 더해져 부드럽고 달달하게 입에서 녹아버림,,🫶🏻🫶🏻 위에 박힌 로투스는 당연히 눅눅하지만 ㅠ 지금 나온 아이스박스 중 제일 맛있는 듯🫶🏻 투썸 가면 일단 먹어봐바❤️ 📍#투썸플레이스 💵#로투스아이스박스 6500원 52주","#투썸케이크, #투썸신메뉴, #신상맛집, #신상리뷰, #디저트맛집, #투썸디저트, #로투스, #케이크맛집, #투썸플레이스케이크, #간식추천, #로투스케이크, #아이스박스","half_baked__dessert | 2024-10-31 | 맛있겠다 ㅜㅜ
_ziixxu | 2024-09-07 | @yun_sy09 먹자
_so.min_ | 2024-08-31 | @chaeo__e @znnnyy 투썸 케이크,,,
___v_v______ | 2024-08-29 | @o_withsang 왜 나에게 이런 시련이 ....
o_osukk | 2024-08-24 | @kim_bosss 이겈 무조건 먹어야함
heevly_o | 2024-08-22 | @___950320 갈겨 !
bonobonobonobona | 2024-08-14 | @seczuy
syy.ox | 2024-08-11 | @er.inns
_zze.euunn_ | 2024-08-06 | @hyuk.jae92 내가 말한구얌~~~
rkgus0210 | 2024-08-05 | 맛있겎다
wmvm.s2 | 2024-08-05 | @gy_e0.0
0___116 | 2024-08-04 | @2__ki_
na_h0512 | 2024-08-04 | @zo__eun @mim__mi94 로투스... 못 참아...
sh._.yoon | 2024-08-04 | @ahyoung2dang
livingasacatwhatabout | 2024-08-04 | @jerry._.0310
kimmjieunn | 2024-08-04 | @corso_94 ㅠㅠ
jin_seok0708 | 2024-08-04 | @s__rimi42 맛있게따
skdbchl | 2024-08-03 | @yoonsoso 투썸가야겠다리
bokjaaa___ | 2024-08-03 | 이거 넘 궁금해여❤️
jiiiyueen | 2024-08-03 | @woohyeon_5 사줘
zeoe__ | 2024-08-03 | @mlzzzu 츄르륵
jayoungggg | 2024-08-02 | @kkkim_mh 미히스탈아냐?
hj_foodie | 2024-08-02 | ㅠㅠㅠ시나몬향 좋아하는데 이거 무조건이당🙌
hyeon9i_.n | 2024-08-02 | @danbakjil 사주떼염
iamzzieun | 2024-08-02 | @han_na_bak2 사주라
matt_place__ | 2024-08-02 | 로투스❤️❤️
gwangju_hotgirl | 2024-08-02 | 신상은 먹어바야젱🤎🤎
mukbears | 2024-08-02 | 오,, 가성비도 은근히 좋고 마스카포네까즤,,😢
alertviviana | 2024-08-02 | 로투스 러버 투썸으로 달려갑니다😍😍
taetae_foodie | 2024-08-02 | 무조건 먹어야할 디저트❤️
eating_happily_ | 2024-08-02 | 저눙 이거 왕 맛있게 먹어서 다음엔 얼먹으로 먹으려구요>.<
wu_hyun | 2024-08-02 | 오오 로투스는 진짜 디저트로 대박 맛나자나영 먹고 싶네영🔥🔥
hyob_muk | 2024-08-01 | 와 투썸 신상 못참아여ㅠㅠ
laurent_busan | 2024-08-01 | 헐 로투스 넘 조아하는데 당장 가볼게요🙌
rara_muk | 2024-08-01 | 투썸 가야겠어요❤️
bottlejune__96 | 2024-08-01 | 로투스 아박이라니 당장 투썸으로 가야겠어요 ㅠㅠㅠ😍😍
mukjung_ | 2024-08-01 | 이건좀 먹어바바
muk._.chuuru | 2024-08-01 | 아...내꺼다 ❤️ 로투스개죠아
con_coffeeornot | 2024-08-01 | 로토스까지 나오다니❤️❤️
gimeunseol514 | 2024-08-01 | 오아아아 카라멜소스 ~!!! 로투스 먹곱파요요 😍😍😍
aug_piiggg | 2024-08-01 | 로투스면 믿먹이죠ㅠㅠㅠ❤️
zzin.foodie | 2024-08-01 | 로투스 투썸 달려가야겠네요❤️
ming_foodie_ | 2024-08-01 | 로투스라니 미쵸따
biggn_o | 2024-08-01 | 후 이건 무조건 각이다😍
eat._.dopig | 2024-08-01 | 시나몬 솔솔ㅎㅎ맛있겠어요😮
1onefood_ | 2024-08-01 | 와 로투스 아주 미치겠는데용😍😍
jaws_eat | 2024-08-01 | 역시 투썸입니다❤️
choi._.yummy | 2024-08-01 | 로투스 처돌이 저오저요!
busan_grida | 2024-08-01 | 커피랑 먹으면 대박일거같아요👏
sang_hwa00 | 2024-08-01 | 투썸가면 먹어야겟오용
food_zohaa | 2024-08-01 | 로투스 고고❤️
moonchelin.chef | 2024-08-01 | 아 역시 투썸🔥
yome_foodie | 2024-08-01 | 크으 이거 먹고싶었는데❤️
leeoh_review_ | 2024-08-01 | 로투스 좋아하는데 당장 달려간다🔥
misick.mag | 2024-08-01 | 와..투썸 열일하네 대박
muckza_zzae | 2024-08-01 | 진짜 궁그매ㅠㅠ❤️
zzu.meokbap | 2024-08-01 | 오 당장 투썸으로오❤️
moo_boza | 2024-08-01 | 저 로투스 킬러에여 ㅠㅠ 먹어볼거에요 🔥
sun_square_ | 2024-08-01 | @doctorpark_ @ichaechae_mu 미쳤다..가시죠
muk.seori | 2024-08-01 | 입살녹 ㅠㅠㅠ
hye_foodie_ | 2024-08-01 | 헐 시나몬향기 ㄷ ㅐ박이에요😍
mattjun11 | 2024-08-01 | 와 로투스 진짜 좋아하는데 ㅠㅠ
seula.busan | 2024-08-01 | 로튜스를 더했다니❤️ 꺄 미쳐요
mukkarong | 2024-08-01 | 요고 완전 존맛탱 느낌 뿜뿜!!👍👍👍
muksta_zzino | 2024-08-01 | 역시 투썸 굿❤️
yam_yam_ping | 2024-08-01 | 와 이거 맛이 없을 수가 ㅜㅜㅜ
ddub_e2 | 2024-08-01 | 시나몬 로베릅😮
hyobongi_muck | 2024-08-01 | 궁금했는데😆캬라멜소스까지 더해졌다니 너무 맛있을거같아요😍
matxnyang | 2024-08-01 | 옼ㅋㅋㅋㅋ원래부터 아박러버였는데 로투스라뇨❤️❤️
jjinang_pick | 2024-08-01 | 이거 넘넘 궁금해요 로투스@쳐돌이인데
ggul._.duck | 2024-08-01 | 보기만해도 달디단...근데 로투스 좋아해서 먹고싶어요😋😋
j2ch.busan | 2024-08-01 | 와 이거 바로 드셨군요ㅋㅋㅋㅋ 낼 투썸 달려갑니다🔥
food_ssoh | 2024-08-01 | 로튜스까지😍😍
alcholstargram | 2024-08-01 | 와 ㅋㅋㅋ 당장 투썸가서 커피랑 같이묵어야겟당
jameslee0911 | 2024-08-01 | 오 너무 궁금하네여❤️
juner_315 | 2024-08-01 | 로투스가 한가득 들어있어용!!!😍
aeyongxxi | 2024-08-01 | 우와… 눈돌아간다냥❤️❤️
yeoni_mukstar | 2024-08-01 | 오오 로투스 아이스박스라니 넘 신기하네요🔥🔥 이거 커피랑 엄청 잘 어울릴 것 같아요!!
nyamnyamming | 2024-08-01 | 당장 가야겠어요❤️
ddo_sil | 2024-08-01 | 로투수 쳐돌이 여기요~~
ham2_ni__ | 2024-08-01 | ㅜㅜㅜㅜ로투스 먹고파여❤️
mat_puri | 2024-08-01 | 왕...진짜 맛있겠따..투썸가야하는 이유!!
sowon_yam2 | 2024-08-01 | 입살녹인정이용❤️❤️
ggam_food | 2024-08-01 | 캬..로투스 미챠미챠❤️
mukrosee | 2024-08-01 | 로투스 아박 먹을래요!!🤤
mukstar_md | 2024-08-01 | 헉 로투수 존좋인데잉😌❤️❤️
muko_die | 2024-08-01 | 와 로투스 진짜 좋아하는데 먹어봐야겠어요😍
yamphile | 2024-08-01 | 😍😍😍😍😍😍😍😍😍😍😍😍😍😍
hotdor_s | 2024-08-01 | 오 ㅋㅋㅋㅋㅋ 아아랑 먹으면 좋겠네
themukeou | 2024-08-01 | 이건 먹어봐야지🙌🙌
ruri.food | 2024-08-01 | ❤️❤️
ruri.food | 2024-08-01 | 징짜머거바❤️❤️
mukbulim_0817 | 2024-08-01 | 로투스러버인데 요거 먹어야겠어요
__it.s.youn | 2024-08-01 | 이거 맛이 너무 궁금하잖아요 ㅠ
berup_x | 2024-08-01 | ❤️
eat_fp | 2024-08-01 | @reekyung_h
kidmstyle | 2024-08-01 | 로투스 좋아하는데 여거 궁금해요 투썸 가봐야지😍
mukdang0 | 2024-08-01 | 신상 대박!! 츄베릅 ❤️❤️
bonge_o0o_food | 2024-08-01 | 이거 진짜 맛잇어보여 헠,,
muk__guri | 2024-08-01 | 살이 점점 오르시는거 같은데요?"
2024-07-31,1.3만,"이젠 화채도 민트초코? <민트초코월드> 민트로 뒤덮힌 카페 모든 디저트가 민트민트 휘낭시에, 크루키, 빙수, 아이스크림 등 종류 다양 밥샀더니 친구가 커피 산다면서 데려간 곳인데 난 민초 싫어하는 반민초파💔 심지어 민트화채에 민트아이스크림을 시키는데;; 믿고 먹어보라 그러는데 빡침을 참고 먹어봤음 민트화채는 민트맛이 쎄지 않고 은은한 정도라 반민초 나도 무난히 먹을 수 있는 정도! 수박에 후르츠칵테일 들어있는데 수박양이 은근 많음🫶🏻 민트초코 컵케이크는 빵은 포슬포슬 크림 가득 민트 아이스크림은 그냥 민트 그 잡채..!!!! 민트 사랑하는 사람은 아이스크림 시키면 무조건 만족할 것 같음🫶🏻 아이스크림 양 많은 건 완전 가성비인듯🫶🏻 옆테이블은 민트초코 빙수 먹고 있었음🫢 나 근데 민초 잘 먹는 것 같은데 민초파인가 ..? 📍#민트초코월드 📍 서울 마포구 성미산로29길 32 1층 ⏰ 매일 10:30-21:00 (L.O 20:30) 💵 민트아포가토 6500원 💵 민트쿠키 아이스크림 6500원 52주","#연남동카페, #연남동맛집추천, #연남동데이트추천, #연남동카페추천, #민트초코, #민초단, #민트덕후, #홍대카페추천, #홍대데이트코스, #홍대맛집, #민트화채, #민트초코아이스크림","i98766444 | 2024-11-10 | 눈살이찌푸려진다
yuhyun_ah | 2024-10-05 | @h_.hhrixm 가자!!
ouuuuuuuused | 2024-10-04 | 손절각인데
guswl._.1218 | 2024-10-04 | @yeonwoo_419
k.yuxg_ | 2024-10-04 | @gozldqjaemfskahtwkqrptwl
unrxw5 | 2024-10-04 | 민초 맛있는데......
jenn1fer_1223 | 2024-09-24 | ..
dw_.7272 | 2024-09-15 | 저 팔로우 해주실분😢
jyjy_33 | 2024-09-07 | @sam._26.11 더 좋은 민트 카페가 있었어😂 나는 이제 유행 쫓기엔 너무 나이가 많은가봐....😢
seok_010803 | 2024-08-27 | @tang_ee01 소댐 갑시다
s.___.y29 | 2024-08-26 | @thisisgoddamnsteven 우왕 가구싶댜...
bong2__o_ov | 2024-08-22 | @hemme_5.9 나능야 핵민초파
uoxnea_ | 2024-08-21 | @ximcn9n
_77aeun | 2024-08-19 | @djxiao_888
ryeo_na9 | 2024-08-19 | @kimeunhye796 @udyi0 같이 ㄱ
ghost_o9i7 | 2024-08-17 | 허어어어업
sx_hxxun | 2024-08-17 | @czcat__0
sw._cx08 | 2024-08-16 | 치약 전문점
lee__chaeha | 2024-08-15 | @ssojeong_im 가즈아
s0oa3_ | 2024-08-15 | @yewon_winter ㄷㄱㅈ
hoon_030102 | 2024-08-15 | 반민초로서 저기 데려가는 친구는 손절쳐야함
hodugwaja_25 | 2024-08-15 | @jjjjujjjjn.yam
jyo_sebi | 2024-08-14 | 진심 어디냐 바로간다
jjuuj__juu | 2024-08-14 | @tbgod_joy ^.^
gimyuri379 | 2024-08-12 | 자ㅏ 이번 주말엔 저기로 정했다
rtt4_44 | 2024-08-12 | 저게 뭐야……?
jeongyegeon26 | 2024-08-11 | ❤️
dkslqlw_ | 2024-08-11 | 맛있겠다🥰🥰
nyony_diary | 2024-08-11 | 여기사람하나도없구 음료가 하나같이 넘달아오ㅜㅜ
yeon._.ria | 2024-08-11 | @dd._.sun 같이갈래?
eije_n4027 | 2024-08-11 | @carrot_0621 🙃
se.z0_ | 2024-08-11 | @h.m2x_
pjy__0708 | 2024-08-11 | @jhw0628
mmmmmings2 | 2024-08-10 | @jaehun1354 오떰
h.haeun0110 | 2024-08-10 | 싫어요
d0ngg00 | 2024-08-10 | @ekarnx_xk 마포라는데 ㄱㄱ
qwi.xiu | 2024-08-10 | @hyleen_10 @come_here_se_young @jx._oxn @e0.xny_ ㄱㄱ
lvalvl_ | 2024-08-10 | @ppaparkjs @_ov.nor
woo1234leo | 2024-08-09 | 반민초 인 사람
ozzl_koozl | 2024-08-09 | 가고싶ㄸr..
seok_6.16 | 2024-08-08 | 와😍😍
tjgus_oz | 2024-08-08 | @b2o4y
seulseulilanaza | 2024-08-07 | @yed.ong
y.malgeum | 2024-08-07 | @collie5089 킹받
m_m970616 | 2024-08-07 | @1_wwwwon 우왕
newjunes_hypeboy | 2024-08-07 | @jun9woo_ @hi_zinnin
d_2xe.n | 2024-08-07 | @pinxcone 개맛잇겠는데
sujin_1003_yill | 2024-08-07 | 모름지기 반민초파라면 인생에 민트는 치약뿐이어야해요...ㅋㅋ
elinggtt | 2024-08-07 | @hzx.bi @daezx.n 가잨 ㅋㅎㅋㅎㄱ
l_ce.11 | 2024-08-06 | 오늘도 반민초파 한명 보낸다😢
heonasan9 | 2024-08-06 | 민초짱!
nlsaroo | 2024-08-06 | @cccyloo 우리 한국 가면 이곳 같이 갈래? 가고 싶어요ㅋㅋㅋ
nolza_couple | 2024-08-06 | 민초파 모여랏!🙌
pig_gy8282 | 2024-08-06 | @10_kimx 가쟈
yulhx._9 | 2024-08-06 | @yuaff8
lethe0305 | 2024-08-06 | @eun_7_7 민초 맛있겠다
itq0218 | 2024-08-06 | @bangtan20131013
sunkised_girl | 2024-08-06 | @_ghzxcv
2_jae_min0312 | 2024-08-06 | @jjihye_91 가자..!
min_ji__8320 | 2024-08-06 | @j.eh_13 이야... 화채까지 ㅋㅋ
jaehyung_cm | 2024-08-06 | @_seong____ ㄱ?
ispw_ex.02 | 2024-08-06 | 민초 존맛인데
dream_cat_0823 | 2024-08-06 | 저도 가고싶어요 완고한 민초파로써
010_79xx_0x56 | 2024-08-05 | 먹고싶다
sungpyo08 | 2024-08-05 | @chiha_0506 같이 가실?
gcddtx | 2024-08-05 | @seun.qw00_
_lee_d0 | 2024-08-05 | @sy.01_03 옴청나다
min_.seo24 | 2024-08-05 | 아 민초는 좀.. 흑😢
2g_w20 | 2024-08-05 | @s._.woo_xiu 가자 ㅋㅋ
innerpeace__min | 2024-08-05 | @sd._.cotton @hsxxhyun 다소미 먹이자
qufdl7254 | 2024-08-05 | @ye_sso_life 😱😱..
sb.0k_x12 | 2024-08-04 | 당장 간다(응 못감...)
ju_su11 | 2024-08-04 | 개마싯겠다
colorfulsundays | 2024-08-04 | 우오ㅏ ㅋㅋㅋㅋ 빙수도 민트💚 궁금한데요?
wtf._.qwertyuiop | 2024-08-04 | 여기 가게 이름이 뭔가요??
gen.g_sun | 2024-08-04 | 가고싶어ㅓㅓㅓㅓㅓㅓㅓㅔㅕ
joyunseong431 | 2024-08-04 | 이거다
12_min.gyu | 2024-08-04 | 와 어디에요
ai.nx3 | 2024-08-04 | 민초판데 에바에요
minkimsung0303 | 2024-08-04 | 배라 패밀리 사이즈에 민초2개이상 담아먹는 사람만 민초파로 인정합니다.
yu_lseo | 2024-08-04 | @min_grape_ 자기가 여길 가준다면 찐사랑이라 생각할게
sraonl | 2024-08-04 | @yurra._.a
k.yx13_ | 2024-08-04 | 너무 행복한데? @songi3165 같이 가자
0_yoex | 2024-08-04 | 민트초코 화채 어떤맛일지..궁금하네요
9e.x1n | 2024-08-04 | ㅇㄴ 서울….😢😢😢 @yumiseo57
_se._you | 2024-08-04 | @sy_eox
all1wannadoluv | 2024-08-03 | @178.00gb_rem
gganda_03 | 2024-08-03 | @gwang_jin1208 가구싶어
_lululala_official | 2024-08-03 | 민초파🙌🙌 ㅋㅋㅋ 완죤 달려가~~
alertviviana | 2024-08-02 | 민초만 파는 곳이라니 대박 너무 신기해요😮😍❤️
springyeoni | 2024-08-02 | @jjumin_kim 여기 가주면 안돼요?
hye_foodie_ | 2024-08-02 | 워어어어 민초강경파여기있어요😮
zeros_cook | 2024-08-01 | 나 민초 엄청 좋아라 하는뎁
ming_foodie_ | 2024-08-01 | 세계관 확실한곳ㅋㄱㅋㅋㅋ
1onefood_ | 2024-08-01 | 와 여기 찐입니다😍😍
aeyongxxi | 2024-08-01 | 이건 반칙이다냥
muksta_zzino | 2024-08-01 | 민초파 드루와!!!!😍
seoul__guide | 2024-08-01 | 민초 저는 패스합니다….
hj_foodie | 2024-08-01 | ㅋㅋㅋㅋㅋㅋ 나 민초파이긴 한데 요긴 좀 쎄네?
chu.berup_jmt | 2024-08-01 | #연남카페 #화채"
2024-07-31,681,연세우유 또 열일하네 연세우유에서 피스타치오크림빵 출시🫶🏻 이번엔 맨들한 빵인데 안에 꼬숩꼬숩 피스타치오 크림가득🫶🏻 바닥엔 아몬드가 와다다다🫶🏻 꼬소한데 식감까지 더해주는 달달한 아몬드가 ㄹㅇ 신의한수🫶🏻 피쵸크림은 식물성크림 비중이 높아 살짝 느글하고 약간 인공적이긴 한데 편의점에서 이정도면 박수 나올 정도🫶🏻 아몬드가 오독오독 씹히는 맛이 있어 굿🫶🏻 신상 도전 고고링❤️ 📍CU 💵 3300원 52주,"#연세우유피스타치오생크림빵, #연세우유생크림빵, #씨유신상, #신상리뷰, #빵지순례, #크림빵맛집, #편의점신상, #간식추천, #편의점디저트, #디저트맛집","_0h2 | 2024-08-20 | @hak__su 구해조
wen.9901 | 2024-08-06 | 맛없어유 ㅠㅠ
strawbell_.a | 2024-08-05 | 츄릅츄릅 미쵸따
yumyum_mukjjjang | 2024-08-02 | 당장 먹어야대
foodie_hayena | 2024-08-02 | 저도주세요 츄베릅 🙌
aeyongxxi | 2024-08-01 | 크림빵은 사랑이지냥❤️
hj_foodie | 2024-08-01 | ㅠㅠㅠ피스타치오맛 요즘 너무조앙💚
dejinnam | 2024-08-01 | 아몬드가 듬뿍들어가 고소하면서 오독오독씹히고 달콤한 피스타치오향이 가득해서 맛있더라고용!😋
food_ssoh | 2024-08-01 | 아몬드 💚많이 들가있어서 좋네영😍
mukkarong | 2024-08-01 | 완전 맛있겠어요!!👏👏
mukorang | 2024-08-01 | 울 집엔 왜 없으까요ㅠㅠ
laurent_busan | 2024-08-01 | 피스타쵸 러버인데 무조건 도전해봐야겠어용💚
muk_captain_ | 2024-08-01 | 레알 먹고 싶어진다..9
zeros_cook | 2024-07-31 | 😍바삭바삭
ggam_food | 2024-07-31 | 허슬하는 연세❤️
ham2_ni__ | 2024-07-31 | ㅠㅠㅜㅠㅜㅜㅠ연세빵 믿먹💚❤️
jjuchelin_ | 2024-07-31 | 피스타치오크림빵이라니 진짜 완전 취저 제대로에요😍❤️
bonge_o0o_food | 2024-07-31 | 연세우유크림빵 믿먹👏👏
choi._.yummy | 2024-07-31 | 바작바작 저도 먹어볼래요💚
eat._.dopig | 2024-07-31 | 아 크림 왕창이라 좋네요😍
jack__foodie | 2024-07-31 | 연세는 믿먹이지❤️
food_zohaa | 2024-07-31 | 연크빵 폼 무쳤다
leeoh_review_ | 2024-07-31 | ❤️
leeoh_review_ | 2024-07-31 | 와 요거 진짜 먹구파요
bottlejune__96 | 2024-07-31 | 이번엔 피스타치오맛까지 나오다니 당장 겟하고싶네요!!!💚💚
mukdang0 | 2024-07-31 | 크림 대박 츄베릅❤️❤️
themukeou | 2024-07-31 | 역시 연세크림빵 믿먹🙌🙌🙌
muk._.chuuru | 2024-07-31 | 크림진짜장난아니닷😍
gyul_yummy | 2024-07-31 | 역시 피스타치오에요💖
muckza_zzae | 2024-07-31 | ㅠㅠ 궁그미;,
mukstar_md | 2024-07-31 | 이거 맛있다고 다들 난리ㅠㅠ❤️궁금해지네용❤️
mochl_ahahcnl | 2024-07-31 | 저도 사먹을래요 🙌❤️
muck_koozi | 2024-07-31 | 대박 맛있어 보여요!!
rara_muk | 2024-07-31 | 이거 넘 맛있겠어요❤️
limeunzzo | 2024-07-31 | 와 피쵸 최고에요ㅠㅠㅠ 마싯겟당💚
hamzzi.eat_____ | 2024-07-31 | 연세우유 믿먹이주❤️
ggul._.duck | 2024-07-31 | 이거 얼려서 먹으면 진짜 맛있겠네용 ..😋
sikhookyung | 2024-07-31 | ㅗㅜㅑ 진짜 맛난거 드셨네요🙆🏻‍♂️🙆🏻‍♂️
ddo_sil | 2024-07-31 | 연세우유 일냈다👏👏
100rang_food | 2024-07-31 | 요거 딱봐도 존맛탱😍
hihee.e | 2024-07-31 | 오홍 ㅋㅋㅋㅋ 피타빵 먹어볼래요❤️
kimcoffee_c | 2024-07-31 | 요거 진짜 먹어봐야겠어용💚💕
hye_foodie_ | 2024-07-31 | 오 크림빵 ㄷ ㅐ박😍
hungry_university | 2024-07-31 | 저도 겟하러갈래요❤️
yeji0719 | 2024-07-31 | 얼마나 사기인지 사먹어볼래요😍
yamphile | 2024-07-31 | 😍😍😍😍😍😍😍😍😍😍😍😍😍😍
min.ddo_o | 2024-07-31 | 허어얼 피스타치오😍 왕궁금해요!!
daily_mukbbaek | 2024-07-31 | 연세우유시리즈는 믿먹👍🏻
js__1oo4 | 2024-07-31 | 꼬숩꼬숩 🩷🩷
크림도 한가득 들어서 존맛탱이겠어용🫶🏻🫶🏻
eating_happily_ | 2024-07-31 | 아몬드 제 할 일을 다 하고 잠들었네요,,👏
seula.busan | 2024-07-31 | 열일하네요 진짜륭 ❤️❤️
suhoyum | 2024-07-31 | 우아 크림 가득😍
mut_dam | 2024-07-31 | 크기 실화냥❤️❤️❤️
__it.s.youn | 2024-07-31 | 츄베릅님 너무 맛있게 드셔서 먹고싶어졌❤️
mat_puri | 2024-07-31 | 연세크림빵!! 크림 많은거 너무 좋아요!!
mukjung_ | 2024-07-31 | 믿먹이다❤️❤️
juner_315 | 2024-07-31 | 피스타치오 크림빵 맛있어보여용😍
eunsil5317 | 2024-07-31 | 피스타치오 크림빵 궁금해요❤️❤️❤️
ham_muklog | 2024-07-31 | 신상은 못 참찌😆 당장 달려갑니도~~!
mukrosee | 2024-07-31 | 열일하네유❤️❤️
wu_hyun | 2024-07-31 | 피스타치오는 완전 취향인데 정말 먹고 싶어지네영 크읍 ㅜㅜ
sltnqdla | 2024-07-31 | 연세우유 열일해서 행복해요❤️
eat_fp | 2024-07-31 | @reekyung_h
qbee.eat | 2024-07-31 | 역시 연세 ㅋㅋㅋㅋ 또 열일 ~ ><
jack93kim | 2024-07-31 | 저장각❤️
jack93kim | 2024-07-31 | 미쳐따...
muk__rika | 2024-07-31 | 저두 와악 먹고싶어요 😍
jameslee0911 | 2024-07-31 | 크으 저도 먹어보고 싶어요😍
miri_muk | 2024-07-31 | 피스타치오 크림!!!! 너무 궁금해요~~~~
mukbo_jjang | 2024-07-31 | 헐랭 연세우유 진짜 상줘야할 듯요..👏🔥
misik_oppa | 2024-07-31 | 한입가득 넣고싶구만융🙌
sowon_yam2 | 2024-07-31 | 진짜 열일하네용 츄베❤️❤️
mukbulim_0817 | 2024-07-31 | 언능 씨유가야겠어요
muksta__chunsik | 2024-07-31 | 신상은 못참찌❤️
ruri.food | 2024-07-31 | ❤️❤️❤️
ruri.food | 2024-07-31 | 와다다 아몬드❤️❤️
1onefood_ | 2024-07-31 | 와 이건 안 먹어 볼 수 없겠는데요..? 달려갑니다 ㅎㅎ
yumyum_report | 2024-07-31 | 다들 넘 맛나다구해서 먹어봐야겟어여 ㅎㅎ
muk_joongsa | 2024-07-31 | 인공적이지만 진심 연세우유 크림빵은 믿먹😍😍
gge.juck | 2024-07-31 | 아몬드 넣어준거 맛잘알 인정….😮
ming_foodie_ | 2024-07-31 | 연세빵 믿먹이져👏
mu_ch1cken | 2024-07-31 | 츄베릅님의 연세빵 최애는 뭔가요~~~
berup_x | 2024-07-31 | ❤️
kidmstyle | 2024-07-31 | 요거 진짜궁금해요 cu가면 사먹어볼게요😍
yome_foodie | 2024-07-31 | 요거 넘 궁금했는데😍❤️
j_a_n723 | 2024-07-31 | 오 이거 궁금하더라구여 ❤️❤️
j_a_n723 | 2024-07-31 | 111"
2024-07-30,187,"난이도 낮춰서 돌아옴 !!! 커피수혈 땡겨서 오픈한 깜짝이벤트‼️ 그림 틀 맞추고 캡쳐해서 DM 주시면 추첨을 통해 5명 스벅 아아 한잔 깊티 드립니다❤️ ‼️팔로우, 댓글 필수‼️ 디엠 누락 가능성 방지로 꼬옥 팔로우, 댓글 필수입니다 !! @@너라도 성공해라!! 💜 진행일시 7/30-8/4 8/5일자 오후12시 당첨자 공개 💜 팔로우, 댓글 모두 없을 시 무효 반응 좋으면 더 큰 이벤트로 돌아옵니다💜 52주","#스벅, #스타벅스, #스타벅스코리아, #스벅이벤트, #팔로워이벤트, #팔로우이벤트, #이벤트, #아아이벤트, #스벅커피, #이벤트당첨, #이벤트행사, #이벤트참여","chaerin_4884 | 2025-03-26 | 저 성공했는데 마감인가요?😢
slee7303 | 2024-08-07 | 성공
j_.xw09 | 2024-08-06 | 성공!!🔥
ministon78 | 2024-08-04 | 성공했는데👉👈😂😂😂 넘 늦어서 디엠 괜찮을까요😂😂
chu.berup_jmt | 2024-08-04 | -마감-
ksw120721 | 2024-08-03 | 성공
yxxhui | 2024-08-03 | 성공했어요오오!!!!❤️❤️
matketers | 2024-08-02 | 분위기도 좋고 넘 맛있어보여요😍
so_yeon._.01 | 2024-08-01 | 성공했!
spring_9395 | 2024-08-01 | 성공했음
seung_hwan_0323 | 2024-08-01 | 성공!
pxr_621 | 2024-08-01 | 🙌
leesuhyun_12 | 2024-08-01 | 오 2트성공!!
lsb._6 | 2024-07-31 | 🔥
hyeseong._.z | 2024-07-31 | 성공햇어요!!!
jxxn_a_ | 2024-07-31 | 헉 아직도 되나요??
ji_0n_ | 2024-07-31 | 성공🤲
mukstar_md | 2024-07-31 | 가자아아앙❤️❤️
jeuns2 | 2024-07-31 | 🙌
toru_jang | 2024-07-31 | 난이도 낮아져서 대성공😂😂😂
jang.oksun | 2024-07-31 | 엄청 눌렀어요~~ 성공!!
colorfulsundays | 2024-07-31 | 우왕 ㅋㅋㅋㅋㅋㅋㅋㅋ
muuk.dda | 2024-07-31 | 저 해볼게욥❤️
rlawlgns0628 | 2024-07-31 | 저 성공했어요 근대 메시지 못보낸다고해요ㅠㅠ
ykjm0709 | 2024-07-31 | 맞췄습니다🔥
matzip_spoiler_ | 2024-07-31 | 후훗 쉽군요🙌
sheehun.351 | 2024-07-31 | 저 맞췄습니다!
daily_mukbbaek | 2024-07-31 | 성공오오오!!!
mukbulim_0817 | 2024-07-31 | 앜!!!!!!
un.xeo_24 | 2024-07-31 | 성공🙌🙌🙌
outreach_log | 2024-07-31 | 성공
matxnyang | 2024-07-31 | 옼ㅋㅋㅋㅋㅋㅋㅋㅋㅋ저는 왜 어렵죠….?😢😢
ho_jeong_05 | 2024-07-31 | 성공
hodoo_zoo | 2024-07-31 | 이츠 미! 성공자🙌🙌!!
100rang_food | 2024-07-31 | 아싸 성공!!😍
taetae_foodie | 2024-07-31 | 왜이리 어려운거여요……..
hwaoojoo | 2024-07-31 | 🔥
hyob_muk | 2024-07-31 | 전 어랴어요...
dms_rain | 2024-07-31 | 아아 주세여~!!!
mukjung_ | 2024-07-30 | 와씨 몇번째야지금
anna_kwak0928 | 2024-07-30 | 성공~~!!
sltnqdla | 2024-07-30 | 우앙 이거 도전할래여❤️❤️
sowon_yam2 | 2024-07-30 | 전 아아 ❤️
bottlejune__96 | 2024-07-30 | 드디어 성공이요!!!😂🙌🙌
mukkarong | 2024-07-30 | 오오오!! 이거 중독성 장난아닌데요?!!😆😆
wangishang | 2024-07-30 | 성공
lyslys715 | 2024-07-30 | 저요저요
kidmstyle | 2024-07-30 | 츄베릅님 저 3번만에 성공ㅋㅋㅋ 디엠 보세요 😍
s.h.lee77 | 2024-07-30 | 깔끔하게 성공했습니다 ^~^
chu.berup_jmt | 2024-07-30 | 디엠이 많아 댓글 달아주셔야 디엠 확인 합니다🥲
성공하신 분들 댓글 좋아요 눌러드리니 누락되면 디엠 주세요❤️
muckza_zzae | 2024-07-30 | 난왜어러여😮
fnvidir | 2024-07-30 | 저는 똥손인가봐요 죽어라 해도 안되네요😂
seula.busan | 2024-07-30 | 아니 저 성공했는데 캡쳐하려고 손가락 바꾸다가 ㅜ 놓침 악!!!!!!!!!!!!!!!!!!
eating_happily_ | 2024-07-30 | 저 계속 실패린데욬ㅋㅋㅋ똥손인가봐요😂
mukdang0 | 2024-07-30 | 성공!! 츄베릅❤️❤️
chx_n.2 | 2024-07-30 | 성공 !
pinkpink_yk | 2024-07-30 | 다시 도전!
mjuuuo_d | 2024-07-30 | 성공했습니다!!🥳
81ackp0ny | 2024-07-30 | 미친 3트만에 성공?
chu.berup_jmt | 2024-07-30 | 성공자들 속출 중‼️‼️‼️
bannyeun1 | 2024-07-30 | 맞췄습니당~~~ㅋㅋㅋㅋ
churping_oo | 2024-07-30 | 한번에 맞춰버림😂
berup_x | 2024-07-30 | ❤️
bk_gana | 2024-07-30 | 하.. 저는 공짜 못먹겠네요😂😂
ja3hun_01 | 2024-07-30 | 후!!
miffyhello | 2024-07-30 | 100번은 누른듯 성공~
ruri.food | 2024-07-30 | 내놔ㅏㅏㅏ
__day._.0 | 2024-07-30 | 낮춘 난이도 10시21분에 바로 성공!! 👏👏🔥
iree.eat | 2024-07-30 | 1000번 ㅠ
korea_foodzone | 2024-07-30 | 오~
j_a_n723 | 2024-07-30 | 성공🫶🫶🫶
aug_piiggg | 2024-07-30 | ☕️☕️☕️
rowhffy | 2024-07-30 | 😍
juns0329 | 2024-07-30 | 다구라임 연락안옴ㅋㅋㅋ
muk._.chuuru | 2024-07-30 | 쉬워졋다❤️
mukbo_jjang | 2024-07-30 | 워후🔥🔥 전 버전 열심히 하는중이었는데 다시..☆
jack__foodie | 2024-07-30 | ㅋㅋㅋㅋㅋㅋㅋ이지"
2024-07-29,489,3만원대로 계곡에서 몸보신? <작은영토> 서울 1시간 거리에 위치한 곳🫶🏻 몸보신 가능한 토종닭능이백숙 먹으며 계곡물에서 발 동동 담글 수 있음!🫶🏻 야외라서 에어컨도 없고 선풍기도 없어서 백숙 먹으면 더운데 바로 옆 계곡물에 발 담가버리면 여기가 천국..?🫶🏻 4-5명이서 가서 세트시키면 인당 3만원대🫶🏻 시간제한도 없어서 너무 좋잖아🫶🏻 토종닭이 왕크고 튼실해서 3명이서 먹기에도 딱🫶🏻 한방백숙이라 국물이 ㄹㅇ 건강해지는 맛 !!🫶🏻 누룽지까지 말아먹으면 최고🫶🏻 고추장삼겹살에 더덕구이까지 구워먹으면 술이 술술🫶🏻 더덕구이는 꼭 구워먹기 추천!! 그냥 먹는것도 맛있지만 구워먹는게 양념이 잘 배어 더 맛있음🫶🏻 바로 옆 계곡에서 신나게 놀고 맛난 음식에 술까지 조지면 그날은 바로 꿀잠 각🫶🏻 @@이번주 계곡가자❤️ 📍#작은영토 📍 경기 양주시 장흥면 권율로309번길 83 1층 작은영토 ⏰ 매일 09:30-21:00 (L.O 20:00) 💵 토종닭 한방백숙 85000원 💵 고추장삼겹살 22000원 수정됨 · 52주,"#백숙맛집, #닭백숙, #고추장삼겹살, #경기도맛집, #서울근교드라이브, #서울근교맛집, #계곡백숙, #계곡추천, #양주맛집추천, #양주가볼만한곳, #서울근교계곡, #토종닭백숙, #장흥계곡, #장흥계곡맛집","damsollll | 2025-07-30 | @yeonkyung_b
yens_0401 | 2025-07-21 | 여긴어디예요?넘 좋네요
ssoor__in | 2025-07-14 | @sang_bas
ambition0215 | 2024-08-07 | @pxxexun_ 가즈아
eatmaap | 2024-08-01 | 여기 분위기 넘 좋은걸요!
ranmami_yam | 2024-07-31 | 와 더덕구이 주는데 잘없던데 ㅎㅎㅎㅎ
__it.s.youn | 2024-07-31 | 크으으 !! 저두 가고 싶어영 !
muuk.dda | 2024-07-31 | 고추장삼겹살 ㅜㅜㅜ 미쳐따 ㅠㅠㅠ
rice._.like | 2024-07-31 | 고추장 삼겹살 대박😍
churping_oo | 2024-07-30 | 담그러가자구우우우우❤️
moonchelin.chef | 2024-07-30 | 보기만해도 시원해지네요❤️
meal_sound | 2024-07-30 | 꿀잠 자는겨어~~ 지금은 이런 계곡이 짱이쥬우❤️
mat_joang1 | 2024-07-30 | 일단 저장 믿먹이네유💜💜
ndzip_ | 2024-07-30 | 어우 분위기 미쳐써요ㅠㅠㅠ
food_monkey7 | 2024-07-30 | 우아우웅 증말루 좋네요🍌
muk_.jjun_ | 2024-07-30 | 꿀잠 예정이요!!
teddy_zip_ | 2024-07-30 | 너무 좋아여 계곡 드라이브😍
kkutti_h | 2024-07-30 | 물뿌리는겈ㅋㅋㅋ 아기가틈ㅁㅋㅋㅋ
rara_muk | 2024-07-30 | 더우니까 계곡 가고파요❤️
muk_daddy | 2024-07-30 | 와 데이트코스로 여기 최고겠는데요?😍
moo_boza | 2024-07-30 | @jung_chance_ @seok01.02 백슉 먹으러 가쟈 했쟈나
leeoh_review_ | 2024-07-30 | 고추장삼겹살 미쳐다🔥
myeong_jonmatt | 2024-07-30 | 닭다리 떨어뜨린건 왜 뺐어요ㅋㅋㅋ
gwangju_hotgirl | 2024-07-30 | 백숙 각이다❤️
meokkoking | 2024-07-30 | ㅎㅎㅎㅎㅎ진짜 즐기시는 게 느껴지네요
meokkoking | 2024-07-30 | 😍😍
ddo_gansik | 2024-07-30 | 힘충전 제대로 되겠어요❤️
gyunyami | 2024-07-30 | 저기서 배불리 먹고 낮잠자면 천국이겠다😍
fooseidon_ | 2024-07-30 | 와 대박 맛도릴듯😍
muk.news | 2024-07-30 | 와ㅜ여기 꿀팁이당
hye_foodie_ | 2024-07-29 | 헐 가격대박이에요 넘좋다😮
mochl_ahahcnl | 2024-07-29 | 이건 못 참죠ㅠㅠ❤️
eating_happily_ | 2024-07-29 | 꿀잠 잘 것 겉아요 진짜😍😍
themukeou | 2024-07-29 | ㅋㅋㅋㅋㅋ꿀잠 자러 계곡가즈아🙌🙌
hh.__.jin | 2024-07-29 | 어기 대박이네?!😍
muck_koozi | 2024-07-29 | 토종닭 능이 백숙은 못 참죠!!
do___yummy | 2024-07-29 | 계곡에서 먹으면 술이 술술술 마구 들어가죠💛
korea_foodzone | 2024-07-29 | 계곡 놀러가구차여!!!!
js__1oo4 | 2024-07-29 | 더덕구이까지 지긴다 ,,🩵🩵🩵
mat_daram | 2024-07-29 | 크으 그날 꿀잠예약❤️❤️
yome_foodie | 2024-07-29 | 힐링이에용❤️
jack93kim | 2024-07-29 | 헐 너무좋다 대왕닭다리가 큰거임 츄베릅님 얼굴이 작으신거임 ㄷㄷㄷㄷ
food_zohaa | 2024-07-29 | 계곡 드라이브@각❤️
mukdang0 | 2024-07-29 | @mat_dori0
mukddo_muk | 2024-07-29 | 와 여기 대박이에요ㅠㅠ
ming_foodie_ | 2024-07-29 | 계곡 가구싶어여ㅡㅠㅠ
biggn_o | 2024-07-29 | 캬 완전 신나겠다요 힐링이다🔥
zeros_cook | 2024-07-29 | 닭다리까지 완벽
jjgongju_ | 2024-07-29 | 닭다리도 왕큰데용ㅋㅋㅋ대박❤️
daily_tak1003 | 2024-07-29 | 우와 몸보신 제대로 되게써요❤️
hwanlee_muksta | 2024-07-29 | 진짜 꿀잠 예약!ㅋㅋㅋㅋㅋ😂
100rang_food | 2024-07-29 | 계곡물 레전드힐링..😮
matxnyang_4 | 2024-07-29 | 우왓 서울 근처에 이런 곳이..?! 올 여름 피서는 여기로 갈래요❤️
yeji0719 | 2024-07-29 | 힐링도 하고 몸보신도 하고😍😍
umuk_umuk | 2024-07-29 | 우와 ㅋㅋㅋ😍 아주 좋은 장소와 맛난 음식👏
j2ch.busan | 2024-07-29 | 츄베릅님 넘 신나보이세요ㅋㅋㅋㅋ 웃는 모습 처음 보는듯(?)🙄
juner_315 | 2024-07-29 | 와 고추장 삼겹살 완전 힐링 제대로네용😍
sowon_yam2 | 2024-07-29 | 진짜 꾸르잠잘래용❤️❤️
woong_pick | 2024-07-29 | 발담그면서 몸보신이랑 더덕구이까지 크😍
hihee.e | 2024-07-29 | ㅋㅋㅋㅋ까르르 ㅋㅋㅋ 넘귀여부셔요 😍
matpamine_ | 2024-07-29 | 캬아… 보기만해도 청량👏
mukrosee | 2024-07-29 | 캬 계곡 갈래요 ㅠㅠㅠ❤️
hello_s_food | 2024-07-29 | @hyunik8_8 조지러 가야겠다🔥🔥
min.ddo_o | 2024-07-29 | 크 여름엔 역시 이런데쥬❤️
hpmo_on | 2024-07-29 | 갓성비 계곡 여행이네요❤️
eat_fp | 2024-07-29 | @reekyung_h
dama.zine | 2024-07-29 | 저도 갈래유😍😍
bottlejune__96 | 2024-07-29 | 우왕 계곡에서 신선놀음하면서 백숙 조지고싶네요 ㅠㅠㅠ😍😍
ham2_ni__ | 2024-07-29 | 보기만해도 시원..❤️
muk_cheers | 2024-07-29 | 대애박❤️
alcholstargram | 2024-07-29 | 꿀잠자러 가야겟는데요?
mukbo_jjang | 2024-07-29 | 보길만해도 시원해여😍😍
gyul_yummy | 2024-07-29 | 여기로 드라이브갈래여💖
ella._.tto | 2024-07-29 | 꿀잠예약인데요😮😮
muk_joongsa | 2024-07-29 | 꿀잠 잘랴면 고추장 삼겹에 맥주 뿌시기❤️ 남친 등장자🔥
wanteat._.eat | 2024-07-29 | 크으 저도 조만간 빨리 가고싶어요 ㅠㅠㅠㅠㅠㅠㅠ😍
ddo__yam | 2024-07-29 | 크으 이게 힐링이져🔥🔥🔥
mukkarong | 2024-07-29 | 와....여기가 찐 힐링이네요!!👏👏👏👏
yeoni_mukstar | 2024-07-29 | 오오 계곡뷰에서 백숙 먹으면 넘 힐링될 것 같아요❤️❤️
eat._.dopig | 2024-07-29 | 계곡 드라이브 좋죠~~🙌
hj_foodie | 2024-07-29 | 여기 진짜 난리나지 🥹 계곡가서 놀고 몸보신까지!!
mukjung_ | 2024-07-29 | 꿀잠자는겨~~~
yamm__h | 2024-07-29 | 계곡에서 백숙먹고 넘 힐링이예요🤎🎵
muk.seori | 2024-07-29 | 꿀잠 자는겨~.~
1onefood_ | 2024-07-29 | 와 저도 가볼래용😍😍😍
picky._.eat | 2024-07-29 | ㅠㅠ와,,당장 달려가고싶자나요!!!
misik_oppa | 2024-07-29 | 크으으응 여기 좋네요👏
muckza_zzae | 2024-07-29 | 아 ㅋㅋㅋㅋ물뿌리는거 졸귀당
cooking_sam_kitchen | 2024-07-29 | 와 ㅎㅎ 맛나겠다❤️❤️ 계곡도 좋고❤️
busan_delicious_diary | 2024-07-29 | 몸보신도 하고 물놀이도 하고❤
ddub_e2 | 2024-07-29 | 물뿌리는 개킹베릅😢
paldotraveler | 2024-07-29 | 캬아 쥐기는데용❤️
gge.juck | 2024-07-29 | 오늘 유튜버 갬성 오히려 좋은데요??😮😮
jjinang_pick | 2024-07-29 | 날이갛수록 이뻐지네요❤️
miri_muk | 2024-07-29 | 으악 중간에 물 튀기며 웃으시는거 귀여우셔❤️
muk._.chuuru | 2024-07-29 | 잼민이가태❤️귀여워ㄲㅋㅋ
daejeon_ddomatddo | 2024-07-29 | 시원하게 닭다리 뜯을래오😍
siso_father | 2024-07-29 | 여기 대박이네요 😍
kidmstyle | 2024-07-29 | 와 물놀이까지 크 😍 몸보신 힐링 제대로 하고 오셨네요
jameslee0911 | 2024-07-29 | 이번주 드라이브 갈래요❤️"
2024-07-29,291,"이젠 노티드 크림빵을 편의점에서? CU에 출시한 노티드 도넛🫶🏻 우유생크림도넛, 클래식바닐라도넛 2종인데 우유생크림도넛 먹어봄! 겉엔 슈가파우더로 보이는 하얀 가루가 달달함을 더해주고 편의점 빵 치곤 퐁신쫄깃한 빵피🫶🏻 묵직쫀쫀한 우유크림이 가득🫶🏻 노티드 매장에서 먹는 거랑 거의 비슷하긴 해서 매장이 멀어 못먹어본 사람들은 편의점에서 먹어보면 될듯 ? 하지만 매장이 빵피가 더 부드러워서 맛있당🫶🏻 노티드는 과하게 달지 않아서 최고🫶🏻 바닐라도넛도 먹어볼까? 📍 CU 💵 3500원 52주","#노티드우유생크림도넛, #노티드, #노티드도넛, #도넛맛집, #신상리뷰, #씨유신상, #편의점신상, #편의점디저트, #간식추천, #먹방asmr, #디저트맛집","sltnqdla | 2024-07-30 | 편의점에서 만나러갈래요❤️
pigpig___me | 2024-07-30 | 노티드 안가두 되겠어여,,😍
eat_fp | 2024-07-30 | @reekyung_h
sunday_s_event | 2024-07-30 | 와ㅠㅠ이게 드뎌 편의점에ㅠㅠ❤️
wanteat._.eat | 2024-07-30 | 씨유로 달려가야겠어요😍❤️ ㅠㅠㅠ
teddy_zip_ | 2024-07-30 | 노티드가 편의점에?대박이네용😍
matzip_spoiler_ | 2024-07-30 | 노티드라니🙌
daily_tak1003 | 2024-07-29 | 노티드가 편의점에도 있다니 대박이네요😍
1onefood_ | 2024-07-29 | 크으 먹방천재 노티드 대신 편의점으로😍
food_zohaa | 2024-07-29 | 노티드 크림빵 사랑이자나요❤️
yeoni_mukstar | 2024-07-29 | 우왕 저도 이거 먹어볼래요❤️❤️
aeyongxxi | 2024-07-29 | 쫀득하자냥❤️
wu_hyun | 2024-07-29 | 노티드도 편의점에😮 대박이네영 크우
jjinang_pick | 2024-07-29 | 우와❤️❤️ 노티드 미쳣어요❤️
food_monkey7 | 2024-07-29 | 오웅 사먹어봐 야겠꾸만요!👏
miri_muk | 2024-07-29 | 오오 진짜 매장에서 파는 거랑 맛이 동일할지도 너무 궁금해요~
yamphile | 2024-07-29 | 😍😍😍😍😍😍😍😍😍😍😍😍😍😍
hye_foodie_ | 2024-07-29 | 우와ㅏㅏ 노티드 크림터지는맛 리얼 ㅠㅠㅠㅠ❤️
zin___nxy | 2024-07-29 | 보기만해도 당충전 지대로네유 😍 당떨어질 타이밍이라그런즤 왕땡깁니다 💜
mukdang0 | 2024-07-29 | @mat_dori0 미친
j2ch.busan | 2024-07-29 | 오 노티드크림빵 아아랑 같이 먹어주고픈데요❤️
misik_oppa | 2024-07-29 | 오옷 사먹어봐야겠네요🙌
kidmstyle | 2024-07-29 | 와 노티드요??? 한번 사먹어봐야겠어요😍
ruri.food | 2024-07-29 | ❤️❤️
ruri.food | 2024-07-29 | 안달아서조아❤️
rara_muk | 2024-07-29 | 편의점 가면 살래요❤️
muk_joongsa | 2024-07-29 | 쫄깃한 빵피 속 꽉찬 크림,, 미쳐ㅠ❤️
mukbulim_0817 | 2024-07-29 | 지금 씨유갑니다
foo_nus | 2024-07-29 | 노티드 넘 멀어요...편의점 가야게따😂
100rang_food | 2024-07-29 | 이제 노티드를 집앞에거 만날수있다니..!😮
qbee.eat | 2024-07-29 | 오!!! 급할땐 씨유ㅠ여유로울땐 노티드 ❤️
muk_captain_ | 2024-07-29 | 노티드랑 맛 똑같아여?
mukstar_md | 2024-07-29 | 하 미쳤다,,,아아랑 딱 먹고파욬캐
mukkarong | 2024-07-29 | 오오오!! 요고요고 아주 맛있겠는데요?!! 바로 탈탈 털으러 가야겠어요!!😆😆😆
hyob_muk | 2024-07-29 | 노티드먿으러 편의점갈래영
js__1oo4 | 2024-07-29 | 퇴근하면서 씨유가야지🤍🤍🤍
mukrosee | 2024-07-29 | 노티드를 어디서든 먹을 수 있숴여❤️
suhoyum | 2024-07-29 | 우아 궁금해요😍
matxnyang | 2024-07-29 | 와우 노티드 맛있죠❤️❤️
bbbm_jg | 2024-07-29 | 노티드 이제 안갈라구용
muk_marorong | 2024-07-29 | 편의점가야게따ㅠㅠ❤️
ddo_sil | 2024-07-29 | 쫀맛이겠어요👏👏
ham2_ni__ | 2024-07-29 | 옼ㅋㅋㅋㅋ편의점 가볼래여😮
sowon_yam2 | 2024-07-29 | 우앙 ㅠㅠㅠㅠ 편의점에 있다니 ❤️
hihee.e | 2024-07-29 | 우왕ㅋㅋㅋㅋ크림 완전 뚠뚠해료❤️
mim_mi__ | 2024-07-29 | 오 편의점에서도 팔다니❤️
yeji0719 | 2024-07-29 | 지금 편의점 가볼게융🤍
min.ddo_o | 2024-07-29 | 어머머머 노티드가 편의점에😍 대박이에용
mukzzang_bread_ | 2024-07-29 | 오옹 노티드 가기엔 먼데 이제 편의점으로 가면 되겠군용 🔥
muuk.dda | 2024-07-29 | 오 매장먹이랑 비슷하다뉘..😮
ggul._.duck | 2024-07-29 | 색이 노래서 우유크림이 맞나 했어요😮😮 커스터드군요
muk_tteul | 2024-07-29 | 오앙 노티드가 편의점에?
themukeou | 2024-07-29 | 헣 노티드 먼사람 편의점으로 달려가기 개꿀❤️❤️
eating_happily_ | 2024-07-29 | 노티드는 빵피가 퐁신해서 조아요😍
juner_315 | 2024-07-29 | 노티드 구하러 편의점 가야겠어요😍
daily_mukbbaek | 2024-07-29 | 노티드 근처에없는뎅 편의점 가야겠댜아아🔥
mukjung_ | 2024-07-29 | 오편의점~~
biggn_o | 2024-07-29 | 이건 우유랑 먹어야겠또ㅓ😍
__it.s.youn | 2024-07-29 | 우왓 !! 노티드라구영 ?! 😍
gge.juck | 2024-07-29 | 와 노티드 편의점 가능하다니 이제 편의점 기웃거려야겠다 ㅎㅎ
yome_foodie | 2024-07-29 | 크림 가득 존맛이겠어요❤️
yumyum_report | 2024-07-29 | 전 그럼 편의점으로 가봐야겟어여😍
muk._.chuuru | 2024-07-29 | 노티드 멀엇는데! 오호라❤️
ming_foodie_ | 2024-07-29 | 헐 노티드 존맛인데ㅠ
j_a_n723 | 2024-07-29 | 이거 궁금하더라구여 먹어보고싶었는데 😍
jameslee0911 | 2024-07-29 | 오 당장 편의점으로 갑니당😍
ddub_e2 | 2024-07-29 | 노티드가?😮
muckza_zzae | 2024-07-29 | 우앙 우유에 찍먹하구프다!"
2024-07-28,2199,메가커피 버젼 초코나무숲? 메가커피에서 출시한 초코젤라또 녹차라떼🫶🏻 꾸덕달달 진한 초코젤라또가 한 덩어리 올라가 있고 위에 초코 드리즐까지🫶🏻 씁쓸한 녹차라떼에 쓴 커피를 달달한 초코젤라또가 중화시켜 조화롭게 잘 어울리는데?🫶🏻 근데 생각보다 많이 달아서 당충전할 때 먹기 딱🫶🏻 양도 많아 가성비도 굿🫶🏻 녹차 좋아하면 추천🫶🏻 📍#메가커피 💵 4400원 52주,"#초코젤라또녹차라떼, #메가커피신메뉴, #신상리뷰, #녹차라떼, #음료추천, #간식추천, #메가커피추천, #신메뉴리뷰, #먹방asmr, #서울맛집, #초코나무숲, #디저트맛집","sze.1n | 2024-08-10 | @5.jx_17
sx._.yun0515 | 2024-07-31 | 저거 콜라보 음료라 아마 8월 28일에 없어질 메뉴일걸요..?
teds_road | 2024-07-30 | 오 신상 음료인가요?😍
ga.0618 | 2024-07-29 | 오 맛있을거같아용
sang_hwa00 | 2024-07-29 | 이거 진짜 핫하던데뇨?!❤️❤️
muk._.chuuru | 2024-07-29 | 씁쓸달달해? 먹으러가야겟돠😮
ddunny_ddun | 2024-07-29 | 오 이거 먹어봐야겠네요😍
muk__guri | 2024-07-29 | 당충전 지대로다❤️❤️
muk_jjiyom | 2024-07-29 | 샷추가해서 먹으까용??
yeji0719 | 2024-07-29 | 낼 사머글래용❤️
foo.cat | 2024-07-29 | 요건 꼭 먹어봐야겠네요❤️
jimin_dish | 2024-07-29 | 와...저 초코나무숲 완전 사랑하는데 먹어보러 가야겠어요 😍😍
gwangju_jo._.co | 2024-07-29 | 낼 당장 사먹어야겠어용❤️
laurent_busan | 2024-07-28 | 메가커피 초나숲 대박이다 ㅠㅠ❤️
gge.juck | 2024-07-28 | 말차와 초코조합 어떻게 포기합니까 ㅜㅜ
wu_hyun | 2024-07-28 | 초코는 안좋아하는데 빼고 먹고 싶네영 메가커피는 역시 제취향 ㅎ
ella._.tto | 2024-07-28 | 녹차러버 당충전하러 달려감니다😍
100rang_food | 2024-07-28 | 아니 요거 개취저😮
mochl_ahahcnl | 2024-07-28 | 저도 마셔보고파요 🔥
tastebuds__official | 2024-07-28 | 이 조합 꼭 먹어볼래용❤️❤️
muksta__chunsik | 2024-07-28 | 와 이거다❤️
hyukfood | 2024-07-28 | 대박인데여 크...
vivie_muksta | 2024-07-28 | 이건 진짜 맛없없이죠😍💚🤎
zzini.yum | 2024-07-28 | 써보이는데 생각보다달다닛😍
muk._kw | 2024-07-28 | 메가커피로 달려갈래요❤️❤️
taetae_foodie | 2024-07-28 | 와 이 조합은 절대 못참져ㅠㅠㅠ❤️
1onefood_ | 2024-07-28 | 와 내일 메가커피 가는데 이거 도전이용😍😍
ggul._.duck | 2024-07-28 | 초코랑 녹차 조합 너무 좋아요 없어지기전에 먹어보러갑니다😍
korea_foodzone | 2024-07-28 | 초코나무숲 완전완전 넘조아용ㅎㅎㅎ
dama.dessert | 2024-07-28 | 녹차덕후인데 저한테 딱이네요😍❤️
miri_muk | 2024-07-28 | 오오 달달하나 봐요~ 당연한 건가😂😂 녹차 좋아하는데 먹어볼께요☺️
review_rabbit_ | 2024-07-28 | 초코나무 조합 못 참아여 ❤️❤️😍
yamphile | 2024-07-28 | 😍😍😍😍😍😍😍😍😍😍😍😍😍😍
muko_die | 2024-07-28 | 저 녹차러버에 초코나무숲 젤 좋아하는데😍당장 먹으러 갈래요😍
bottlejune__96 | 2024-07-28 | 크으 녹차라떼위에 초코젤라또라니 조합 미쳤는데요?? ㅎㅎㅎ😍 진짜 초코나무숲 갬성 제대로겠어요!!!❤️
muk.news | 2024-07-28 | 요거 궁금하네요? 넘달다니?
mukbulim_0817 | 2024-07-28 | 요거 달달하니 당충전 바로 되더라구요
hello_s_food | 2024-07-28 | 딱 저한테 맞춤음료❤️❤️ㅣ.❤️
mukrosee | 2024-07-28 | 우아 저도 사먹을래요❤️
paldotraveler | 2024-07-28 | 와우❤️❤️❤️ 넘 맛나겟어요
yome_foodie | 2024-07-28 | 엄청 달아융❤️
mukkarong | 2024-07-28 | 메가커피 당충전하러 가즈아!!🔥🔥
rara_muk | 2024-07-28 | 이거 맛있더라구요❤️
aeyongxxi | 2024-07-28 | 이거 맛나다냥
jinarye | 2024-07-28 | 초코,녹차 둘다 너무좋음
food_zohaa | 2024-07-28 | 어머 여기 당장 가야겟스요❤️❤️
js__1oo4 | 2024-07-28 | 녹차 좋아하니까 사먹으러 가야게땀🤎🤎
foodmon_ster | 2024-07-28 | 녹차라떼 넘 좋아요 ㅠㅠㅠ❤️
pigrami_ | 2024-07-28 | 녹차 좋아하는데 당장 사먹으러 가봐야겠어요!!
ddomukz | 2024-07-28 | 대박😍 오늘 후식은 이거당❤️
limeunzzo | 2024-07-28 | 제 취향이 확실해요 😭❤️
ddo_sil | 2024-07-28 | 당충전할래요오
mukstar_md | 2024-07-28 | 헤헤 당충전 할 때!! 팔로우 가장❤️❤️
jameslee0911 | 2024-07-28 | 오 저도 너무 궁금해요😍
hotdor_s | 2024-07-28 | 오 ㅋㅋㅋ나 녹차러버인데 개꿀
j_a_n723 | 2024-07-28 | 오이거 궁금하더라구여 먹어보고싶었는데
matketers | 2024-07-28 | 비주얼 진짜 미쳤네요!! 당장 먹구싶어요❤️
mat_daji | 2024-07-28 | 당충전❤️
churping_oo | 2024-07-28 | 나도 먹어보고싶잖어어❤️
eating_happily_ | 2024-07-28 | 팔로우 꾹 알지ㅣ요>< 초코젤라또 조아요❤️❤️
biggn_o | 2024-07-28 | 헐 저도 먹으러갈래옄ㅋㅋ🔥
gyul_yummy | 2024-07-28 | 메가커피 당장 갈래여💖
teddy_zip_ | 2024-07-28 | 캬아 이거 넘 궁그매요😍❤️
colorfulsundays | 2024-07-28 | ❤️❤️❤️❤️❤️
colorfulsundays | 2024-07-28 | 오호😍😍😍 요즘 초코나무숲 버전디저트들이 또 막 생겨나는군요😍
hj_foodie | 2024-07-28 | ㅠㅠ나 녹차좋아하는데 🥹 어제 뒤늦게 지구멜론스무디 먹었옹
min.ddo_o | 2024-07-28 | 초코나무숲 요고 마셔볼래요😍❤️❤️
kidmstyle | 2024-07-28 | 와 초코 좋아하는데 한번 시도해보고 싶네요 😍
busan_mukgram | 2024-07-28 | 역시 맛이 없을 수 없을 것 같은데요??❤️❤️ 더운 여름이니까 시원한 음료로 당충전 해야겠어요 ❤️❤️
matcoder_ | 2024-07-28 | 저거 완전 달달하다던데😍😍
matxnyang | 2024-07-28 | 오 메가커피 버전 초코나무숲…! 당 충전할래요❤️❤️
mukjung_ | 2024-07-28 | 알쥐~?
wanteat._.eat | 2024-07-28 | 저 녹차러버인데,,, 진짜 꼭 사먹어볼래요😍
sowon_yam2 | 2024-07-28 | 당충전하러갈래욘 ❤️❤️
bbbm_jg | 2024-07-28 | 맛나보야요❤️
muckza_zzae | 2024-07-28 | 당충전할때머글래❤️
foo__zim | 2024-07-28 | 헐...오능 가야지
space_look__ | 2024-07-28 | 오늘 가봐야겟오요
ruri.food | 2024-07-28 | ❤️❤️
ruri.food | 2024-07-28 | 꾸욱 알쥐❤️
moo_boza | 2024-07-28 | 이거 맛있다던데여!! 배라 초코나무숲 그 맛 난다고!! 🔥🔥
jack__foodie | 2024-07-28 | 앙녕 난 팔로워 승환
mukdang0 | 2024-07-28 | 비주얼 대박!! 츄베릅❤️❤️
sltnqdla | 2024-07-28 | 메가커피표 초코나무숲 땡겨요ㅠㅠ❤️
mat_joang | 2024-07-28 | 메가달령❤️
muk.seori | 2024-07-28 | 긔여우셔라😝
qbee.eat | 2024-07-28 | 스트레스 이빠이에 당충전 ㄱㄱ 🔥
berup_x | 2024-07-28 | ❤️
jjinang_pick | 2024-07-28 | 요거 너무 궁금하다❤️❤️
muk_joongsa | 2024-07-28 | 팔로우꾸욱 알쥐❤️❤️
muk_ggang | 2024-07-28 | 오늘 사먹어봏래요😍"
2024-07-27,684,2주만에 100만개가 팔린 버거? 맥도날드 고추크림치즈버거가 2주만에 100만개 판매돌파..! 그래서 얼마나 맛있는지 궁금해서 먹어봤음🫶🏻 일단 고기가 패티가 2장에 베이컨도 들어서 자칫 느끼할 뻔했는데 고추가 느끼함을 싸악 잡아주고🫶🏻 크림치즈는 새콤한데 크리미해서 버거랑 조화가 굿🫶🏻 한번쯤은 사먹어볼만 한듯 ?! 근데 고추크림치즈머핀이 더 맛있다던데 먹어볼까 ?!❤️ 📍#맥도날드 💵 단품 7400원 / 세트 8900원 52주,"#고추크림치즈버거, #맥도날드먹방, #햄버거맛집, #햄버거먹방, #신상리뷰, #신메뉴리뷰, #버거맛집, #맥도날드신메뉴, #간식추천, #야식추천, #먹방asmr, #먹방유튜버","harley_no_new_friends | 2024-10-03 | 🔥
kimjaeyeonii | 2024-08-09 | 진심 개맛없는데..
jiiiiiiihhxx | 2024-08-07 | @99.__.jinn
kkhee.__.160 | 2024-08-07 | @seungsu9797 안되겠다
mochl_ahahcnl | 2024-07-29 | 이거 소스 많으면 더 맛있을 맛 ❤️❤️
jimin_dish | 2024-07-29 | 와..넘 맛있을거 같아요 😍😍😍
hj_foodie | 2024-07-28 | 헐 이거 맛있다고 하던데 🥹 나도 무글래...❤️
hye_foodie_ | 2024-07-28 | 미쳐땨ㅑㅑ 백만개요? 오늘은 햄버거다ㅠㅠㅠ
matzip_spoiler_ | 2024-07-28 | 저 주말에 먹었는데 존맛탱🙌
food_zohaa | 2024-07-28 | 햄버거 좋아요❤️❤️❤️
keeep486 | 2024-07-28 | 고추크림치즈버거라니❤️
wanteat._.eat | 2024-07-28 | 아니 근데 츄베릅님 살 안찌시고 부러워요,,,,,,😢
qbee.eat | 2024-07-28 | 우오ㅓ,, 고추가 느끼함 잡아주는거존좋 ❤️
tastebuds__official | 2024-07-28 | 100만개라니😍 궁금해요😮
daily_mukbbaek | 2024-07-28 | 2주만에 백만개라니…!!!😮😮
__it.s.youn | 2024-07-28 | 우왑 !!!! 맥도날드 갈까봐요 지금 ?
sltnqdla | 2024-07-28 | 우아 저도 이거 궁금했는데 먹어볼래요❤️
siso_father | 2024-07-28 | 맥도날드 가야겠어요 😍
meokdoong | 2024-07-28 | 헐이거맛있잖아여!!!
ella._.tto | 2024-07-28 | 맛있어보이는데요😍
taetae_foodie | 2024-07-28 | 요거 완전 마싯다던데요❤️
aeyongxxi | 2024-07-27 | 크으 이거 궁금하다냥
ddunny_ddun | 2024-07-27 | 버거비주얼 대박쓰❤
1onefood_ | 2024-07-27 | 와 이거 너무 맛있죠….😍😍
hwanlee_muksta | 2024-07-27 | 내일 점심에 맥날가야겠어여~
ruri.food | 2024-07-27 | ❤️❤️
ruri.food | 2024-07-27 | 백만개❤️내나
wu_hyun | 2024-07-27 | 인기가 진짜 대박이긴하네영 엄청 팔렸네영😮
hyob_muk | 2024-07-27 | 고추크림치즈버거 아 궁금해여...😮
jack__foodie | 2024-07-27 | 머거볼만하당🙌🙌
moo_boza | 2024-07-27 | 2주만에요..? 저 내일 무볼래여 ㅋㅋㅋㅋㅋㅋㅋ
radiant__hoya | 2024-07-27 | 오랜만에 햄버거 먹어야지
muk.news | 2024-07-27 | 요거 진짜궁금해요❤️
hyanggu_foodie | 2024-07-27 | 아니 !! 요거 먹으러 가야겠숨다
juner_315 | 2024-07-27 | 햄버거 맛있겠댜😍😍
bottlejune__96 | 2024-07-27 | 고추크림치즈버거가 신상으로 나오다니 어떤 느낌일지 궁금해지네요!! ㅎㅎㅎ😮😍😍
aug_piiggg | 2024-07-27 | 오ㅏ 2주만에 100만개요??❤️
gyul_yummy | 2024-07-27 | 이 버거 저도 먹어볼래요🤍🤍
biggn_o | 2024-07-27 | 오 한번은 먹어봐야겠어여😍
matpamine_ | 2024-07-27 | 오아 이거 사먹어야지👏
foo__zim | 2024-07-27 | 오오...이거먹ㅇ러 가야짘ㅋㅋ
j2ch.busan | 2024-07-27 | 앜ㅋㅋㅋㅋㅋㅋㅋㅋㅋ 너무 잘 드신다ㅋㅋㅋㅋㅋㅋㅋ
tanguriyaaa_ | 2024-07-27 | 맥도날드가야겟눈데요❤️
mukjung_ | 2024-07-27 | 나도먹어볼래ㅠ
churping_oo | 2024-07-27 | 나도 먹으러가야겠다요❤️
jameslee0911 | 2024-07-27 | 저도 이거 먹어보고 싶어여❤️
rara_muk | 2024-07-27 | 이거 완전 궁금해요😍
100rang_food | 2024-07-27 | 요거 아직도 못먹어봐써요😢
matcoder_ | 2024-07-27 | 새로나온거 먹어보고프네요😍
min.ddo_o | 2024-07-27 | 어머머 요 버거 사먹어볼래용😍❤️❤️
__day._.0 | 2024-07-27 | 지나가는 길에 영상 보고 바로 먹었는데요 행복합니다 (〃´𓎟`〃)
mukdang0 | 2024-07-27 | @mat_dori0 미친
shkzipbob | 2024-07-27 | 맥날출동해야겠어용❤️
js__1oo4 | 2024-07-27 | 맥날가면 먹어봐야겠네용❤️❤️❤️
iree.eat | 2024-07-27 | 한입만듀세요😆😆
hello_s_food | 2024-07-27 | 전에 대파가 더 나았던거 같아요😭
ddub_e2 | 2024-07-27 | 나도 이고 머글랩 츄베릅😮
kidmstyle | 2024-07-27 | 와 너무 궁금해요 고추 들어가서 느끼함은 확실히 덜하겠어요😍
limeunzzo | 2024-07-27 | 어웅 몰라 난 걍 예뿌셔.. ❤️
yome_foodie | 2024-07-27 | 백만개나요!?❤️
teddy_zip_ | 2024-07-27 | 캬 먹어볼래용😍 맛잇겟당
mukkarong | 2024-07-27 | 요고 완전 맛나겠는데요?!! 바로 맥날달려갈래요!!🏃‍♂️🏃‍♂️🏃‍♂️🏃‍♂️🏃‍♂️
mong_ddang_yummy | 2024-07-27 | 이주만에 백만개라니 이건 먹어봐야겠는데요😍
elly_adopter | 2024-07-27 | 맥날 오늘 가야겠어요❤️❤️
muk._.chuuru | 2024-07-27 | 왤케맛잇게먹어....😮 배고파..
mukbulim_0817 | 2024-07-27 | 요거 아직 안먹어봤는데 먹어봐야겠어요
kimcoffee_c | 2024-07-27 | 요거 넘 궁금해서 먹어볼래요🔥❤️
eating_happily_ | 2024-07-27 | 우왕 크치 들어간 버거라니><
muk_tteul | 2024-07-27 | 한번쯤 먹어봐야딩
muckza_zzae | 2024-07-27 | 한번쯤 먹어아쥐❤️
seula.busan | 2024-07-27 | 고추크림치즈버거 저듀 머글래여 ㅠㅠㅠ❤️
themukeou | 2024-07-27 | 헐 맥날각이다🙌🙌
sowon_yam2 | 2024-07-27 | 저는 두번먹을것같아용❤️❤️
muk_captain_ | 2024-07-27 | 백만먕이나..?
j_a_n723 | 2024-07-27 | 맥날 가야겟어요 🔥🔥🔥
gge.juck | 2024-07-27 | 오 오늘 저녁 한번 도전해볼게요😮
ming_foodie_ | 2024-07-27 | 오 이따 사먹어볼래여ㅋㅋㅋ
hotdor_s | 2024-07-27 | 아 ㅋㅋㅋㅋㅋㅋㅋㅋ유투버 츄베릅
_zez_e__ | 2024-07-27 | 넘 궁금하자나여❤️
berup_x | 2024-07-27 | ❤️
muk_joongsa | 2024-07-27 | 한번쯤 먹어볼만도😍😍"
2024-07-24,303,홈런볼에서 이런맛이? 홈런볼에서 피스타치오맛이 새로 출시 ! 피스타치오 원물맛이 진하면서 화이트초코맛이 같이 남🫶🏻 생각보다 좀 많이 달다..!🫶🏻 얼려먹으면 아이스슈 같은 느낌으로 더 맛있어지는데🫶🏻 우유랑 잘어울려서 우유에 말아먹으면 더더 맛있어짐🫶🏻 아직 이마트에 4묶음으로 파는중이라 강제로 많이 사야하지만..! 근데 홈런볼은 역시 초코다❤️ 📍이마트 💵 5580원 53주,"#홈런볼피스타치오, #홈런볼, #신상과자, #신상리뷰, #간식추천, #편의점신상, #피스타치오, #이마트신상, #편의점꿀조합, #먹방asmr","ddub_e2 | 2024-07-28 | 홈런베릅
bang__road | 2024-07-27 | 신박하네요😍😍
foodgallery_club | 2024-07-27 | 제스타일인데여!!ㅎㅎ
hihee.e | 2024-07-26 | 오홍ㅋㅋㅋ우유말먹ㅋㅋㅋㅋ 맛있나요?!
muk._kww | 2024-07-26 | 홈런볼 말먹 국룰 ❤️
misick.mag | 2024-07-26 | 피스타피오 홈런볼 너무 맛있게따 ㅜ
bonny_vely_ | 2024-07-26 | 홈런볼 사러 가요 ㅋㅋㅋ
gge.juck | 2024-07-26 | 피쵸 쳐돌이 달려갑니다😮
taetae_foodie | 2024-07-26 | 초코볼 말아먹는건 진짜 천재……
waguwagu_mucksun | 2024-07-26 | 오 요거 먹어봐야겠어용😍
daily_busan_matzip | 2024-07-26 | 홈런볼 우유에 말아먹어야겠어요,,,🤤😍😍
gyusun_1004 | 2024-07-26 | 오오 홈런볼 요고 궁금하다규
bokjaaa___ | 2024-07-26 | 이거 구하러갈래여 ㅠㅠ
ga2eat_ | 2024-07-26 | 헉 먹어봐야지❤️❤️
mukcamera | 2024-07-26 | 피스타치오 홈런❤️
youtravel514 | 2024-07-25 | 반갑습니다~ 서로 맞8 하실까요? ^^
ddo_gansik | 2024-07-25 | 이거 진짜 먹어보고시퍼써여❤️
golden_sang_ | 2024-07-25 | 초코가 짱이죠
yeoni_mukstar_01 | 2024-07-25 | 피스타치오 러버인데 이거 꼭 먹어봐야겠어요!!
muckza_zzae | 2024-07-25 | 피스타치오맛니라니 궁드미,,
matpamine_ | 2024-07-25 | 피스타치오 제가 젤 조아하자나요👏
daejeon_ddomatddo | 2024-07-25 | 와 우유에? 이거 대박 따라할래요❤️
jinarye | 2024-07-25 | 초코가 젤 좋아요😍
mukzzang_bread_ | 2024-07-25 | 우왕 홈런볼을 우유에 말아먹어도 맛있나보네영 ❤️
jjgongju_ | 2024-07-25 | 훌 피스타치로 홈런볼이라니 댜박이에여❤️❤️
_foodater_ | 2024-07-25 | 크 피스타치오 좋아하는데 홈런볼 먹어보고싶네요 ❤️❤️
matzipsa88 | 2024-07-25 | 내초코홈런볼에 무슨짓을🤣
mukddo_muk | 2024-07-25 | 오 먹어볼래요❤️
rara_muk | 2024-07-25 | 이거 너무 궁금해요😍
myeong_jonmatt | 2024-07-25 | 우유조아
qbee.eat | 2024-07-25 | 와,,,ㅋㅋㅋㅋㅋㅋㅋ 그래도ㅠ초코는 ❤️
kkutti_h | 2024-07-25 | 너무궁금하다고요~~❤️
bottlejune__96 | 2024-07-25 | 홈런볼 피스타치오맛이라니 너무 궁금해져요 ㅠㅠㅠ😍😍
h_mochi_bungeo | 2024-07-25 | 말먹할래요!!! 저는 홈런볼 몽블랑맛이 최애인데 피스타치오맛 궁금하네용
yeji0719 | 2024-07-25 | 오 신상과자 체고체고👍👍
mukstar_md | 2024-07-24 | 오오 가격이 좀 그렇지만 한번쯤 좋은데요??😮
mat_kkimu | 2024-07-24 | 피스타치오라니 헐 ㅜㅜ 진짜 지금 어지러워요 대박 ㅜㅜ
muk__jjung | 2024-07-24 | 어저 이거오늘마트서 봤는데 살까말까고민했는데 사먹어야겠는데요❤️❤️
seula.busan | 2024-07-24 | 저 이거 먹어보러구요 ㅜㅜㅜ❤️
maaat.q | 2024-07-24 | 결말잌ㅋㅋ
fnvidir | 2024-07-24 | 저 이거 사고싶어서 돌아다녔는데 못 발견했어요😂 역시 마트를 이용해야겠군요
meokdoong | 2024-07-24 | 피스타치오 맛있다돈데!!
laurent_busan | 2024-07-24 | 피스타치오 홈런볼이라니 츄베릅 ❤️
muckcrong | 2024-07-24 | 옹 사먹으러 가야겠어욬ㅋㅋ
jjinang_pick | 2024-07-24 | 우와 바로 먹고파여
mukdang0 | 2024-07-24 | @mat_dori0 미친
1onefood_ | 2024-07-24 | 와따 신박한거 많이 가지고 오시네용 ㅎㅎ 매력 😍😍
magoo_wagoo | 2024-07-24 | 우와 피스타치오라닝😮😮
muk.seori | 2024-07-24 | ㅋㅋㅋㅋㅋㅋㅋㅋ초코맛먹을래!
matjanggeum_mugstagram | 2024-07-24 | 크 맛나것는데요 따라해봐야것어용😍😍
bonge_o0o_food | 2024-07-24 | 초코맛이 근본이쥐🔥🔥
foodtings_muk | 2024-07-24 | 저도 우유랑 한 번 먹어볼게용😍
aeyongxxi | 2024-07-24 | 이거 맛나다냥❤️❤️
minny_mukhaengja | 2024-07-24 | 홈런볼 신상 못참죠오😍
mukkarong | 2024-07-24 | 홈런볼 우유에 말아먹으면 완전 맛도리쥬!!👍👍👍
leeoh_review_ | 2024-07-24 | 저두 초코만요❤️
picky._.eat | 2024-07-24 | 우아? 저도 한번 먹어볼래요❤️
matxnyang_3 | 2024-07-24 | 오와 우유에 말아먹기! 싱기해요😮😍
teddy_zip_ | 2024-07-24 | 저두 초코맛ㅋㅋㅋㅋㅋ 근뎅 우유말먹 넘 좋은데요😍
sang_hwa00 | 2024-07-24 | 흐악악 이거먹고싶엇는데ㅠㅠㅠㅠ 이마트가없어용..
eating_happily_ | 2024-07-24 | 달달파에겐 넘 좋은..😍
ruri.food | 2024-07-24 | ❤️❤️❤️
ruri.food | 2024-07-24 | 초코맛 조아❤️❤️
eat._.dopig | 2024-07-24 | 이거 먹어보고 싶어요😍
js__1oo4 | 2024-07-24 | 우유에 말아서 냠냠❤️❤️
초코맛이 원픽이긴한데 한번쯤 궁금해서 먹어보고 싶네용💛
gyul_yummy | 2024-07-24 | 오 피스타치오맛 궁금해여💖
due.foodie | 2024-07-24 | 한입만주세요😝😝
wanteat._.eat | 2024-07-24 | 피스타치오보다 초코가 더 맛있나보네요😮
wanteat._.eat | 2024-07-24 | 초코맛으로 우유말먹하면 맛있을 거 같아요😍
shkzipbob | 2024-07-24 | 대박❤️❤️피스타치오진짜좋아하는데 꼭먹어봐야겠어용🙌🏻
jack__foodie | 2024-07-24 | 초토맛내나
j_a_n723 | 2024-07-24 | 오 이거 먹어보고싶어요 ❤️❤️❤️
kidmstyle | 2024-07-24 | 홈런볼 좋아하는데 요거 사먹어봐야겠는데요😍
juner_315 | 2024-07-24 | 홈런볼 우유에 같이 먹을 생각 못해봤는데 오 먹어봐야겠어요😍
biggn_o | 2024-07-24 | ㅋㅋㅋㅋ그래도 초코!!🔥
hyob_muk | 2024-07-24 | 우아 초코 피스타치오 듈다 먹을래요❤️
yome_foodie | 2024-07-24 | 우유말먹 해볼래요❤️
siso_father | 2024-07-24 | 너무 맛있겠어요 😍
mukrosee | 2024-07-24 | 피스타치오맛 궁금해용!😯
themukeou_2 | 2024-07-24 | 그럼 나도 초코만 목을래❤️❤️
muk_tteul | 2024-07-24 | 궁금 우유에 말아먹으면😮
foo_nus | 2024-07-24 | 이거 완전 궁금해여❤️❤️
eat_fp | 2024-07-24 | @reekyung_h 최애홈런볼
muk_joongsa | 2024-07-24 | 초코로 먹을래여 저두❤️
sowon_yam2 | 2024-07-24 | 마지막뭐예욬ㅋㅋㅋㅋ결국초코
food_zohaa | 2024-07-24 | 홈런볼 쩔어요❤️
ddo_sil | 2024-07-24 | 초코가 체거!
orang9e2 | 2024-07-24 | 홈런볼이즈뭔들..❤️
kimcoffee_c | 2024-07-24 | 홈런볼 피스타치오맛이라니👏👏이건 먹어줘야해요😋💕
jameslee0911 | 2024-07-24 | 오 저도 먹어볼래요❤️
seoul__guide | 2024-07-24 | 피스타치오 홈럼볼 대박..완전 군침돌아요 ㅠㅠ
e.den_0.0 | 2024-07-24 | 우와❤️ 피스타치오맛😍 이거 먹어볼래욤❤️
100rang_food | 2024-07-24 | 다이어트만 아니면 바로 고하는건데😢
dokkkiee | 2024-07-24 | 나는 초코랑 피스타치오랑 같이먹어보고싶어..
korea_foodzone | 2024-07-24 | 그렇다면 썩어먹어바야겟당
hello_s_food | 2024-07-24 | ㅋㅋㅋㅋ 초코맛 먹을래
misik_oppa | 2024-07-24 | 아앙아아앗ㅋㅋㅋㅋㅋㅋ 근본이 쨩이지요🔥
mukbulim_0817 | 2024-07-24 | 결론은 초코군요!!
mukjung_ | 2024-07-24 | 초코압승❤️
berup_x | 2024-07-24 | ❤️"
2024-07-23,232,일본 필수템 멜론젤리가 gs25에? 일본에 팔던 유바리 멜론젤리가 gs25에 등장! 뜯자마자 멜론향 가득🫶🏻 탱글탱글한 젤리가 호로록 입에서 녹아버림🫶🏻 근데 맛은 메론맛이 아닌데..? 그냥 메론향 달달한 젤리..? 7/31까지만 4900원이고 이후부턴 5800원…! 먹어본 사람 댓글로 평 좀 남겨봐 📍gs25 💵 4900원 53주,"#유바리멜론젤리, #신상리뷰, #편의점신상, #편의점먹방, #먹방asmr, #gs25신상, #간식추천, #젤리먹방, #편의점디저트, #일본편의점, #신메뉴리뷰","bokjaaa___ | 2024-07-26 | 이거 신기한 맛이더라구료❤️
laurent_busan | 2024-07-25 | 일본메론젤리 궁금한데용 ❤️❤️
bukyung_matzip | 2024-07-24 | 헉 낼 일본가는데 🙌
maasi_.chaa | 2024-07-24 | 헐 맛 궁금한데용!!!❤️
bonge_o0o_food | 2024-07-24 | 유바리 멜론젤리 일본에서 먹구 맛없어서 다 버려쪄,,,
food_monkey7 | 2024-07-24 | 신상은 함 뮥어봐야즁🍌
muklidangil | 2024-07-24 | 궁금궁금 하긴하구만요🙌
hyunjae_mukstagram | 2024-07-24 | 맛없다니 아쉽군용..
mukjung_ | 2024-07-24 | 가격비싸갸..
mukddo_muk | 2024-07-24 | 8월되기전에 먹어봐야게써용
hj_foodie | 2024-07-24 | ㅠㅠㅠ메론향젤리라니 아쉬뷰 🥹
gge.juck | 2024-07-24 | 메론은 역시 주황색이 찐이죠😮
muckza_zzae | 2024-07-24 | 넘 비쨔!!!!!!!
busan_delicious_diary | 2024-07-24 | 우앙 먹어보고싶어요❤️❤️
daily_mukbbaek | 2024-07-24 | 메론향젤리😂😂😂ㅋㅋㅋㅋ
foodgallery_club | 2024-07-24 | 제스타일인데여!!ㅎㅎ
ella._.tto | 2024-07-24 | 궁금했는데 메론향 젤리라니 아쉽네요😢
dama.dessert | 2024-07-24 | 탱글젤리 츄베릅넴 넘 기여버용 🤍💛
yumyum_report | 2024-07-24 | 저 이거 먹어보고싶었는데 아무리 찾아도 없도러구여 ㅠㅠ
muksta__chunsik | 2024-07-24 | 크 춘식이 배고파 주거요 ㅠㅠㅠ❤️
witty_foodie | 2024-07-24 | 먹어바야져❤️
eating_happily_ | 2024-07-24 | 허얼 이거 살까말까 했는데 잘한 것 같기두 하네요..?
gage__men | 2024-07-23 | 오ㅑ케비쨔
yeji0719 | 2024-07-23 | 츄릅 ㅎㅎㅎ 너무 맛나겠다욤😍
matzip_spoiler_ | 2024-07-23 | 삿포로에서 먹고 유바리멜론에 빠진 1인🙌
colorfulsundays | 2024-07-23 | 오 요거 궁금해요😍😍
colorfulsundays | 2024-07-23 | ❤️❤️❤️❤️❤️
sltnqdla | 2024-07-23 | 저 멜론처돌이인데 멜론젤리라니ㅠㅠ 감사합니다❤️
jinju_kingkong | 2024-07-23 | 오호 맛있겠네용
matxnyang_4 | 2024-07-23 | 헣 7월 안으로 사먹어야겠어여😍❤️❤️
sowon_yam2 | 2024-07-23 | 홀똑홀똑먹을래요❤️
taetae_foodie | 2024-07-23 | 리뷰로 만족… 최고의 리뷰 캬❤️
food_zohaa | 2024-07-23 | 멜온젤리 꺄아
jaws_eat | 2024-07-23 | 달달하니맛나겠어요^^
horang_incheon | 2024-07-23 | 한번쯤 도전해보고싶어요ㅎ
mukdang0 | 2024-07-23 | 아쉽ㅜㅜ츄베릅❤️❤️
hihee.e | 2024-07-23 | 오맛ㅋㅋㅋ 젤리 궁그매요❤️❤️
ddunny_ddun | 2024-07-23 | 옼ㅋㅋㅋ궁굼하네요..?!
muuk.dda | 2024-07-23 | 메론향…인공적인건 패스..
review_rabbit_ | 2024-07-23 | 멜론 젤리? 식감 넘 재밌겠다 😮❤️
biggn_o | 2024-07-23 | 헐 요거 완전 궁금햐여😍
mukkarong | 2024-07-23 | 멜론향 한가득 젤리 저두 먹고싶어요!!😆😆😆
ruri.food | 2024-07-23 | 색부터 넘 신기하당😍😍
limeunzzo | 2024-07-23 | 헉,,, 대신 먹어조서 감사해유🙂‍↕️,,❤️
bottlejune__96 | 2024-07-23 | 멜론젤리로 당충전각이에오❤️❤️
picky._.eat | 2024-07-23 | 우오 기대되는걸요!!!!
daily_tak1003 | 2024-07-23 | 헉 좀 비싸네요😂 근데 맛나보여요🙌
sse_luv | 2024-07-23 | 궁금한데용🥹
food._.hwan | 2024-07-23 | 요새 리뷰도 많이 올리시네용😮🔥
hello_s_food | 2024-07-23 | ㅋㅋㅋ메론향젤리;
misik_oppa | 2024-07-23 | 오웅 비싸네요 머리위 잔디 넘귀여운데욬ㅋㅋㅋㅋ👏
1onefood_ | 2024-07-23 | 와 이거 너무 맛있어보이는데요!! 당장 지갑 챙겨야겠어용😍
muk_joongsa | 2024-07-23 | 왜 4,900원인지 아시는뷴,,,!🔥
juner_315 | 2024-07-23 | 탱글탱글해용😍😍
yome_foodie | 2024-07-23 | 턍글탱글❤️
aeyongxxi | 2024-07-23 | 열일이다냥❤️❤️
jinihankki | 2024-07-23 | 맛돌이 비주얼 미쳤댜아🔥🔥🔥
ddo_sil | 2024-07-23 | 맛없고 비싸고..😂
mukrosee | 2024-07-23 | 멜론젤리 살래용❤️
churping_oo | 2024-07-23 | 탱글탱글❤️
muk._.chuuru | 2024-07-23 | 멜론인디주황색이야??
seoul__guide | 2024-07-23 | 멜론젤리 궁금해요!!
jack__foodie | 2024-07-23 | 탱굴탱굴메론
themukeou_2 | 2024-07-23 | 헐 멜론 젤리 궁금해🙌🙌
gyul_yummy | 2024-07-23 | 맛없다니 아쉬워여😢
js__1oo4 | 2024-07-23 | 탱글탱글✨✨
가격이 좀 웁쓰..
leeoh_review__ | 2024-07-23 | 오 이거 궁금한데 가격이,,😂
jjong_mattang | 2024-07-23 | 어 이거 살려다 말앗는데 어떤가유??
teddy_zip_ | 2024-07-23 | 우오옹 비싸긴 하네요😮 근데 메론맛이 안난다니,,ㅎ
jameslee0911 | 2024-07-23 | 오 비싸네영❤️
mukbulim_0817 | 2024-07-23 | 아항!! 메론향만 나는군요
rara_muk | 2024-07-23 | 편의점 가야겠어요😍
100rang_food | 2024-07-23 | 왁 개비쌍..😮
mukorang | 2024-07-23 | 너무 궁금해요❤️
wanteat._.eat | 2024-07-23 | 헛 메론향나눈 젤리 궁금한데요?😮❤️
j_a_n723 | 2024-07-23 | 와 비싸긴하네여😂😂
kidmstyle | 2024-07-23 | 오 요거 너무 궁금하네요! @sang_hwa00 먹어봐 이거
eat_fp | 2024-07-23 | @reekyung_h
berup_x | 2024-07-23 | ❤️"
2024-07-23,787,2년만에 돌아온 연세멜론생크림빵? 단종되었던 연세우유 멜론생크림빵이 2년만에 재출시 !! 겉은 쿠키지인데 눅눅해서 손에 많이 묻음 바삭하게 만들어주세요.. 안은 멜론크림 살짝 깔려있고 우유생크림 가득🫶🏻 식물성 생크림이라 점점 느끼해지지만 달달하니 맛있음🫶🏻 멜론맛이 강하지 않고 은은해서 조화로운듯🫶🏻 역시 편의점 퀄리티치고 굉장히 좋다🫶🏻 느낌상 빵이 예전보다 더 퐁신 부들해진 것 같음!🫶🏻 얼른 겟하러 CU로❤️ 📍CU 💵 3200원 수정됨 · 53주,"#연세우유메론생크림빵, #씨유신상, #신상리뷰, #연세우유생크림빵, #편의점신상, #편의점간식, #간식추천, #먹방asmr, #편의점디저트, #편의점먹방","seop_e_2000 | 2024-09-10 | @ux_se0 사줘!
baek_il | 2024-07-28 | 달다달아🙌 당충전됩니다
khan_kerei_ | 2024-07-27 | 🔥
daily_busan_matzip | 2024-07-26 | 와 이거 미쳤다😍😍크림 가득 메론크림빵 너무 맛있겠잖아요❤️
busan_delicious_diary | 2024-07-25 | 크림폼 미쳤는데요❤️
jj._.kyosulog___ | 2024-07-25 | 좋아요 누르고 갑니둥😍제피드도 놀러와주세용❤️
har4123 | 2024-07-24 | 넘 기엽고 복스럽게 먹어서 사먹고싶네요😢
meokkoking | 2024-07-24 | 우앙! 쟁여먹고싶어요!!💚
foodgallery_club | 2024-07-24 | 침넘어간당....
muksta__chunsik | 2024-07-24 | 메론빵 ㅠㅠㅠ❤️
laurent_busan | 2024-07-23 | 메론생크림 딱봐도 맛있을듯💚💚
colorfulsundays | 2024-07-23 | 저도 요거 오늘 먹었는데😍😍😍 흡입했어요!!!
mukgenie | 2024-07-23 | 연세메론크림빵 저도 사먹어야겠어여 😮
hye_foodie_ | 2024-07-23 | 허어얼 이거 너무좋아해요 격하게환영💚
mukdang0 | 2024-07-23 | 비주얼 대박!! 츄베릅 ❤️❤️
siso_father | 2024-07-23 | 크림 대박이네요 😍
shkzipbob | 2024-07-23 | 꺄악 대박❤️❤️이거너무맛나죠
daily_tak1003 | 2024-07-23 | 크기부터 맘에드네요💚
youksiktokki | 2024-07-23 | 이거 맛나요ㅠ💚
wanteat._.eat | 2024-07-23 | 우유생크림 진짜 많이 들어있네요😍❤️ 진짜 맛있었나봐요👍
muuk.dda | 2024-07-23 | 빵이 더 퐁신해졌다니 아묻따
aug_piiggg | 2024-07-23 | 이거 진짜 맛나죠ㅠㅠㅠ❤️
leeoh_review_ | 2024-07-23 | 메론크림빵 먹구파🔥🔥
seoul__guide | 2024-07-23 | 메론생크림빵 대박..완전 군침돌아요 ㅠㅠ
ham_muklog | 2024-07-23 | 크림가득🙌 먹어봐야겠어요❤️
bottlejune__96 | 2024-07-23 | 오오 저도 요거 간만에 사먹어봤는데 달달하니 최고더라구요 ㅠㅠㅠ💚💚🍈🍈 연세우유 쵝오햐...☆
jack__foodie | 2024-07-23 | 퐁신해🙌🙌
food_02_abgh | 2024-07-23 | 이거 찾으러 갈래오
biggn_o | 2024-07-23 | 오오 저도 이거 먹어볼래여😍😍
dog.matdori | 2024-07-23 | 엇ㅋㅋㅋ오늘새벽에먹엇는뎅ㅋ
mat_kkimu | 2024-07-23 | 연세우유빵이 그럼 대체 언제나온거쥬 헐😮
danji.muk_log | 2024-07-23 | 맛도리 비주얼 굳👍👍
bee__yummy | 2024-07-23 | 완전 궁금😍너무 이쁘게 드심
muckza_zzae | 2024-07-23 | 크림가득 미쳐따ㅜㅜㅜㅜ
gyul_yummy | 2024-07-23 | 멜론맛 좋아하는데 먹어볼래여ㅠㅠ
yeoni_mukstar | 2024-07-23 | 이거 달달하니 맛은 좋더라구요💚💚
mat_puri | 2024-07-23 | 우오!!! 메론생크림빵이라니!! 이건 못참아!!
yam_yam_ping | 2024-07-23 | 오왓! 메론생크림빵 ~ 먹어보고싶어요❤️
mukbo_jjang | 2024-07-23 | 멜론과 우유크림의 조합은 꿀맛도리쟈냐여..❤️❤️
mukbo_jjang | 2024-07-23 | 멜론과 우유크림의 조합은 꿀맛도리쟈냐여..❤️❤️
tanguriyaaa_ | 2024-07-23 | 메론생크림❤️❤️❤️
sowon_yam2 | 2024-07-23 | 퐁신하니맛나겠는데용!?
moo_boza | 2024-07-23 | 아.. 다시 돌아왔구나!! 메론빵시기 🔥
eum_masitto | 2024-07-23 | 연세 크림빵 늘 믿먹이죵❤️
juner_315 | 2024-07-23 | 메론빵에 우유 먹으면 넘 잘어울리자나여😍
matzip_spoiler_ | 2024-07-23 | 오 맛이 궁금하네요🙌
hihee.e | 2024-07-23 | 왕 크림 뚠뚠 장난없자나요❤️
qbee.eat | 2024-07-23 | 메론빵@왜케@거북이갗은디 ㅋㅋㅋㅋ ❤️
js__1oo4 | 2024-07-23 | 크림 듬뿍 미쵸따❤️❤️
koreanpaper_nyong | 2024-07-23 | 고대빵은 왜 안해줘
gwangju_oneallzero | 2024-07-23 | 우앙 당쟝 기릿할래요❤️❤️❤️
_foodater_ | 2024-07-23 | 연세 멜론크림빵이라니 바로 겟하러 가야겠어요😍❤️
100rang_food | 2024-07-23 | 연세메론빵은 못참아요😮
jameslee0911 | 2024-07-23 | 저도 당장 먹어볼래요❤️
muk_captain_ | 2024-07-23 | 크림이
dokkkiee | 2024-07-23 | 메론빵 거북이같고 기엽다,,
matport_ | 2024-07-23 | 오우 진짜 사기캐에요😍
picky._.eat | 2024-07-23 | 여름에 제격인 연세메론빵 최고❤️❤️ 에푸에굽굽라면 더 맛나더라그여
yamyam_sisters | 2024-07-23 | 크림 가득!!!!!❤❤
mukkarong | 2024-07-23 | 와...2년만에 재출시라니!! 요고는 안먹을 수가 없겠는데요?!!👍👍👍
mukrosee | 2024-07-23 | 메론크림빵 저두 살래용❤️
misik_oppa | 2024-07-23 | 크으 한입가득 넣고싶네요🙌
rara_muk | 2024-07-23 | 이거 너무 궁금해요😍
eat._.dopig | 2024-07-23 | ㅎㅎ메론빵사러 가즈아아🔥
eating_happily_ | 2024-07-23 | 메론 너무 조아요>< 첨 나왔을 때도 젤 마니 사먹었던,,😍😍
muko_die | 2024-07-23 | 오우 빵이 퐁신한 느낌 뭔지 알 거 같아요😍메론맛 은은하게 우유크림맛이랑 어울려서 더 맛날 거 같아요🔥
hj_foodie | 2024-07-23 | ㅠㅠㅠ이거 맛있다든데 진짜 궁그매!!!!❤️
muk_marorong | 2024-07-23 | 메론빵 징짜 맛있어보이네요ㅠㅠㅠ💛💛
do___yummy | 2024-07-23 | 예전보다 더 좋아졌네요😍😍
h_mochi_bungeo | 2024-07-23 | 오 올리신 먹방중에 제일 잘드시는거같은데요?? 이건 먹어볼래요!!
muk_tteul | 2024-07-23 | 메론생크림 폼 미치따
meokdoong | 2024-07-23 | 이게 요즘 진짜 맛있다던데 ㅋㅋㅋㅋ
mukddo_muk | 2024-07-23 | 헐 먹어볼래여❤️
hyob_muk | 2024-07-23 | 먹어볼래요오❤️
mukbulim_0817 | 2024-07-23 | 요거 아직 못먹어봤는데 봤는데 오늘 씨유가봐야겠어요
yums.tory | 2024-07-23 | 메론크림 대박❤️
dama.zine | 2024-07-23 | 메론빵 너무 좋쥬~
suhoyum | 2024-07-23 | 크림이 가득 가득이네요❤️
apple070778 | 2024-07-23 | 우아 크림 👏👏
sikhookyung | 2024-07-23 | ㅗㅜㅑ 진짜 맛난거 드셨네요🙆🏻‍♂️🙆🏻‍♂️
due.foodie | 2024-07-23 | 꼭 가볼래요🩷💚💙💜
syhotplace | 2024-07-23 | 크림가득해서 맛있을거같아요😮
korea_foodzone | 2024-07-23 | 이거짱좋아햇눈디
yome_foodie2 | 2024-07-23 | 메론크림 가득 저도 이거 궁금했어요❤️
__day._.0 | 2024-07-23 | 와 추억의 메론빵 이다 👏
muk.seori | 2024-07-23 | 빵이 더 퐁신?!!
yumyum_report | 2024-07-23 | 퐁신한빵에 크림이 한가득이라 완전 맛나겟어요❤️
taetae_foodie | 2024-07-23 | 메론맛 존마탱이겟눈데요❤️
bonge_o0o_food | 2024-07-23 | 크림 한가득 넘 조챠나 ㅎㅎㅎ
mukjung_ | 2024-07-23 | 그크림만줘바
limeunzzo | 2024-07-23 | 근데 난 얼굴만 보여여.. 🤍
hello_s_food | 2024-07-23 | 거북이 등딱지처럼 생겼네요 ㅋㅋ
gge.juck | 2024-07-23 | 오 연세도 바로 메론우유 다시 보여주네요!!
aeyongxxi | 2024-07-23 | 궁금하다냥❤️
muk._.chuuru | 2024-07-23 | 나도이거먹어볼랭❤️
radiant__hoya | 2024-07-23 | 이거 자주보이던데 궁귬🔥
berup_x | 2024-07-23 | ❤️
ruri.food | 2024-07-23 | 메론내나
ruri.food | 2024-07-23 | 요거궁그매❤️
kidmstyle | 2024-07-23 | 요거 너무 맛있겠는데요? 연세빵 다 괜찮더라고요😍"
2024-07-18,1020,롯데리아 왜이래? 롯데리아에서 신메뉴 불고기포텐버거 출시 불고기 크리스피 패티에 깻잎매실소스를 더한 버거라고 하는데 기본 불고기패티도 들어있으면서 튀긴패티도 들어있음🫶🏻 불고기 크리스피 패티는 흔히 먹는 불고기를 튀겨 패티로 만든 느낌🫶🏻 안에 청양고추도 들어 느끼함도 싹 잡아줌🫶🏻 바삭바삭 식감도 좋은데 육즙까지 주륵 나와..🫶🏻 깻잎매실청 소스가 가득 발라져있는데 살짝 새콤한 게 감칠맛 더해줌🫶🏻 롯데리아 안 좋아하는데 이건 맛있는데..?🫶🏻🫶🏻 📍#롯데리아 💵 단7700원 셑9700원 54주,"#불고기포텐버거, #신상리뷰, #햄버거맛집, #햄버거추천, #롯데리아신메뉴, #신메뉴리뷰, #햄버거, #불고기버거, #먹방asmr, #간식추천","zl___.rlo | 2024-09-02 | @j2_hun_
gan_ji_bae | 2024-08-29 | 무슨맛?
ma_a_93 | 2024-08-14 | @dlxksk2 롯데리아도 신메뉴 나왓나봐... 맥날것도 아직 안먹엇는뎁ㅜ
minding_s | 2024-07-31 | @yms7439 당장머거
jiny_77 | 2024-07-31 | @parksseul_jejubenz 뭐야 이겅
o5o5hj | 2024-07-30 | @k_s.o.o 먹으러갈 아조씨
93.sh___ | 2024-07-26 | @son_gyeonghwan
lynna2_ | 2024-07-25 | @kughyun_ 이거머거좌
daxbbii | 2024-07-24 | @minhyxxk_ 대지야 바ㅏ바
g_min._.59 | 2024-07-23 | @kc_ggul 배고파
2_mouse_ | 2024-07-23 | @o_o_o_o_o_y 이번 금ㅇㅅ일에 롯리 먹구싳강..
rrrrrrll_.014_ | 2024-07-22 | @rrrrrrll_.013_
essb_92 | 2024-07-22 | @lee920708 헉 이거바바
bonge_o0o_food | 2024-07-21 | 롯데리아 달려간당🔥🔥
na._0e | 2024-07-21 | @1nmo
jjupteacher_k | 2024-07-21 | 넘 맛나겠어용😬
bee__yummy | 2024-07-21 | 완전 궁금❤️❤️
s.11.24 | 2024-07-21 | @sol_____2_ 오ㅑ 이거 세개만 먹고프네!!!!
rlatjdah | 2024-07-21 | @kodahae 민찬이가 먹고싶데
__it.s.youn | 2024-07-20 | 와 !!! 롯게리아 달렷 !
coke_jh | 2024-07-20 | .@k_sjxx
coke_jh | 2024-07-20 | @gyxxzii
jeehoo705 | 2024-07-19 | @yuri__.92
lee_1989.09 | 2024-07-19 | @stone___min
tastebuds__official | 2024-07-19 | 신메뉴라니😍 궁금한데요
jjingjjings2 | 2024-07-19 | @aaayeoon
hyoung_sup_ | 2024-07-19 | @hayanseon 니낼 점심
l.kijong | 2024-07-19 | 좆데리아 ㅋㅋㅋㅋㅋㅋ
giyeori | 2024-07-19 | 이거 ㅋㅋㅋㅋ 저는 별로욨오요 ㅠㅠ 구냥 한우불고기나 먹을걸
wanteat._.eat | 2024-07-19 | 바삭한 패티 식감 진짜 궁금해요😍❤️
mukcamera | 2024-07-19 | 와아 푸짐한 신메뉴❤️츄베릅😍
yeoni_mukstar_01 | 2024-07-19 | 불고기포텐버거라니 저도 넘 궁금하네요!!
matddori_ | 2024-07-19 | 신메뉴 궁금해여❤️
hdul_daily | 2024-07-19 | 이거 먹어보러가야겠네요😂
yeji0719 | 2024-07-19 | 마싯다니 또 먹으러 가야되네여🤣🤣
taetae_foodie | 2024-07-19 | 롯데리아 요즘 열일하는거 넘 조쿠여❤️
hsm0227 | 2024-07-19 | @jeongjongim7558 이건또뭐야
muuk.dda | 2024-07-19 | 저는 사실 롯리파입니다
mukbulim_0817 | 2024-07-19 | 오늘 먹어봐야겠어요❤️
gimeunseol514 | 2024-07-19 | 으아아 불고기 포텐버거 무조건 콜입니다요 ❤️❤️❤️❤️
ruri.food | 2024-07-19 | ❤️❤️
ruri.food | 2024-07-19 | 헐 신기행!!!신메뉴리니
jjuchelin_ | 2024-07-19 | 내일 당장 점심에 요거 먹어봐야겠어요오😍😍
matzip_note | 2024-07-18 | 속이 너무 꽉차있능고 아니냐구요🙌
ddo__yam | 2024-07-18 | 헐 진짜 두툼한데 츄베릅님 왜 살 더 빠지셨😢
laurent_busan | 2024-07-18 | 아니 이번 신메뉴 맛도리같더라구용❤️❤️
mukstival | 2024-07-18 | 아침에 버거킹 신메뉴 먹고 실망했는데 ㅠㅠ 이거나 먹을걸 그랫어요
matzipsa88 | 2024-07-18 | 롯데리아신메뉴 많이나오네 ㅎ
fnvidir | 2024-07-18 | 와 이번 신메뉴는 저도 먹어보고 싶네요!
sowon_yam2 | 2024-07-18 | 저는 롯리좋아해서 언능먹어야겠어요 ㅎㅎ
matport_ | 2024-07-18 | 왘 바로 저장눌러버렸어요ㅠㅠㅠ❤️
eating_happily_ | 2024-07-18 | 헐 배고픈데 이거 먹어야겠어요 ❤️
1onefood_ | 2024-07-18 | 와 이거 저도 먹어봐야겠어용😍
bottlejune__96 | 2024-07-18 | 우왕 간만에 롯데리아가서 신상 맛볼래요 ㅠㅠㅠ😍😍
meal_sound | 2024-07-18 | 오 신메뉴 저도 궁금한데여?! 먹어봐야겟다
food_zohaa | 2024-07-18 | 륫데리아 신메뉴 좋아요❤️
_foodater_ | 2024-07-18 | 불고기 튀긴 파티라니 맛 넘 궁금하네요❤️❤️
muk.seori | 2024-07-18 | 헐 롯데리아 원래 거르는디..
hihee.e | 2024-07-18 | 와우 패티 대박인데용❤️❤️
_zez_e__ | 2024-07-18 | 헐 넘 맛있게따 ㅠㅠ
kidmstyle | 2024-07-18 | 와 불고기버거 좋아하는데 요거 맛보러가야겠어요😍
muk_.jjun_ | 2024-07-18 | 오 단면 너무 맛나게 생겼네요!
ggam_food | 2024-07-18 | 와 오늘 저녁 각🔥
rorogultravel | 2024-07-18 | 보자마자 침이 꼴깍꼴깍 넘어갑니다‬(..◜ᴗ◝..)
seula.12 | 2024-07-18 | 롯리 시캬먹을래요 배고픔 ㅠㅠ❤️
j_a_n723 | 2024-07-18 | 오이거 먹어보고싶어요
yucangwoo | 2024-07-18 | 롯데리아 사고아닙니까?
daily_busan_matzip | 2024-07-18 | 포텐버거 패티 더블로 들어갔는데 육즙 주르륵 이라니요😍😍맛있겠드아❤️❤️
hj_foodie | 2024-07-18 | 패티 두툼한거보소 🥹 진짜 롯데리아 이갈았네!!!
hye_foodie_ | 2024-07-18 | 불고기버거 완전 두툼하니 최고쟈나여ㅠㅠㅠㅠ❤️
100rang_food | 2024-07-18 | 롯데리아 신상은 못참는데😮
hyobongi_muck | 2024-07-18 | 요즘 롯데리아 일 잘하네요😆😍
n_treasure_love | 2024-07-18 | 햄버거 못참아요😍
hyob_muk | 2024-07-18 | 육즙 미쳐따 저두 먹어볼래횹🙌
very_mukstagram | 2024-07-18 | 우와 비주얼 미쳤네요❤️
churping_oo | 2024-07-18 | 나도 먹어보고싶게 만드시네요❤️
mukkarong | 2024-07-18 | 오오오!! 오늘 저녁은 이거다!!😆😆😆
jjinang_pick | 2024-07-18 | 루와❤️ 침나와요❤️❤️
meokkoking | 2024-07-18 | 신메뉴❤️❤️ 너무 궁금해요❤️
daily_pig_tour | 2024-07-18 | 와 두툼한게 진짜 만족스럽겠아요❤️
__day._.0 | 2024-07-18 | 이건 먹어보고 싶게 생겼다 😮
foodie_hayena | 2024-07-18 | 한입에 츄베릅 ❤️❤️
yummy.0.yam | 2024-07-18 | 오랜맘에 롯데리아 달려❤️
seoul__guide | 2024-07-18 | 불고기 폭탄이네여 ㅠㅠ
minny_mukhaengja | 2024-07-18 | 와 롯데리아 신메뉴 저도 내일 먹어볼래요 대박!🔥
juner_315 | 2024-07-18 | 고추튀김에 이어서 신메뉴가 나왔어요!!?😍
yome_foodie2 | 2024-07-18 | 이거 맛있어보이는데요❤️
gyul_yummy | 2024-07-18 | 롯데리아 진짜 최곤데여?
ndzip_ | 2024-07-18 | 헉 완전 먹어보고 싶쟈나요오오 고기 뭐어ㅠㅠㅠ❤️
mukjung_ | 2024-07-18 | 야무지게잘먹엌ㅋㅋ
muk_tteul | 2024-07-18 | 신메뉴 크기 무엇😮😮
mukstar_md | 2024-07-18 | 오아 롯리 일냈다ㅠㅠ❤️❤️
mukbo_jjang | 2024-07-18 | 오호 깻잎매실청 소스가 발린 버거 궁금한데영😍😍
mogura_gram | 2024-07-18 | 헐 궁금쓰👏👏🔥
themukeou | 2024-07-18 | 오늘 롯데리아 주문해?!🙌🙌
mukrosee | 2024-07-18 | 오 롯리 가야겠어요❤️
sang_hwa00 | 2024-07-18 | 저도 이거 맛있게 먹었오용😍
muk._.chuuru | 2024-07-18 | 와..한개푸파
mukdang0 | 2024-07-18 | 비주얼 미쳤다 츄베릅❤️❤️
jack__foodie | 2024-07-18 | 롯리미쳣지🙌🙌🙌"
2024-07-18,1933,"씨유에 나타난 이웃집통통이 두바이식초코쿠키? 이전에 씨유 두바이스타일초콜릿에 실망한 사람 집합,, 이번엔 믿고 먹는 이웃집통통이가 낸 거라 굿🫶🏻 일단 진짜 카다이프가 들어갔는데 꽤 많이 들어감🫶🏻 포슬한 쿠키에 바쟉한 카다이프가 식감 장난 없🫶🏻 근데 위에 카다이프만 먹고 싶어지는🫶🏻 피스타치오맛은 살짝남..! 그래도 3600원에 이 정도면 꽤 괜찮은듯🫶🏻 한번쯤은 먹어보시길🫶🏻 📍CU 💵 3600원 54주","#이웃집통통이두바이식초코쿠키, #신상리뷰, #이웃집통통이, #두바이초콜릿, #씨유신상, #편의점신상, #편의점먹방, #먹방asmr, #간식추천, #편의점간식","gimnayeong1067 | 2024-10-12 | 노노.넘뻑뻑.
ralhudh | 2024-09-02 | It’s called kunafa not katayf 💓
memory._.2025 | 2024-08-29 | @o___ogy 너 생각나쏘 ㅋㅋㅋ
love_jooyav | 2024-08-07 | @woohyun828 마싯겠다앙🥰
dr_from_bakery | 2024-07-27 | 정말 맛있게 드시는 것 같아요😍😍
팔로우 하고 갑니닷😮😮
eegnoaa | 2024-07-22 | @booaang_
jenaijk | 2024-07-21 | 꽤 괜찮은게 아니라 너무 괜찮은데요???? 씨유 짭바이가 4천원인데 3600원이라니!
ujngie | 2024-07-20 | @dann1i_ @myfvs0 카다이프 생각보다 많고마 누가 예약걸래 먹는 건 내가 할게
bokjaaa___ | 2024-07-20 | 이거 괜차나여❤️❤️
isera_105 | 2024-07-19 | @haenam.lee 이거사와!! 이거!!!
s__hxx_ | 2024-07-19 | @hzz_oo 구해죵 ㅠ
nkong_116 | 2024-07-19 | @bgmp3 이거 함 먹어보자잉!! 알게찌?? 쪼아!! ^.^
golden_sang_ | 2024-07-19 | 오 맛있겠다👏👏
jeju_shibaiun | 2024-07-19 | @k_nllnk.0303 이거구해와라 얍!
yhzi__ | 2024-07-19 | @hyunha_jung !!
muko_die | 2024-07-19 | 오 괜찮으면 당장 사러 가야죠❤️
___juyomi | 2024-07-19 | @01_21____ 😢
jung_myung7 | 2024-07-18 | @889115vv
kim_nyamsik | 2024-07-18 | 바삭바삭 소리 너무 좋아용❤️
jjuchelin_ | 2024-07-18 | 츄베릅님 먹는소리에 지금 침이 뚝뚝 떨어져서 씨유 가는중입니다..😮😮❤️
muk_jjiyom | 2024-07-18 | 소리 미쵸따용😍
dama.dessert | 2024-07-18 | 이렇게 예쁘게 드시기 있나요😍❤️
muk._.ssu | 2024-07-18 | 옹 소리 미쳐쒀여ㅜㅜㅠㅠ
ndzip_ | 2024-07-18 | 옹 궁금해여..🔥
__it.s.youn | 2024-07-18 | 오 !! 저도 씨유로 고고고 !!
aeyongxxi | 2024-07-18 | 유투브도 가즈앙❤️
teddy_zip_ | 2024-07-18 | 엇 이거 궁그매요😍
muk_joongsa | 2024-07-18 | 어제 이거 사려고 들어갔다가 5시간 기다리래야ㅠㅠ
moo_boza | 2024-07-18 | 솔지키 칼로리가 사기이긴하지만… ㅋㅋㅋㅋㅋㅋㅋ 🔥
tanguriyaaa_ | 2024-07-18 | 카다이프 많은거 댕조아여❤️❤️
taetae_foodie | 2024-07-18 | @w0n._.iii 나도이거ㅠ
leeoh_review_ | 2024-07-18 | 오 이거 사먹어봐야게따❤️
seula.busan | 2024-07-18 | 오 3600원이묜 ❤️ 저듀 먹어볼래융
mat.planner | 2024-07-18 | 흐엉 이거 완전 믿먿😍❤️
muuk.dda | 2024-07-18 | 와 카다이프 양 미챴돠
phy6553 | 2024-07-18 | 저도 꽤 괜찮은데 했는데 통했네요😍
bottlejune__96 | 2024-07-18 | 두바이식 초코쿠키 저도 맛보고파요 ㅠㅠㅠ❤️❤️
jeollado_today | 2024-07-18 | 품절 백퍼 되겠죠...??😢
laurent_busan | 2024-07-18 | 이거 마싯더라고용❤️❤️
food_zohaa | 2024-07-18 | 카다이프 캬아
mu_ch1cken | 2024-07-18 | 우와!! 이거 진짜 맛있나요?👏
siso_father | 2024-07-18 | 너무 맛있겠어요 😍
cafe_9kyung | 2024-07-18 | 바삭바삭 ASMR 👏👏👏
ham_muklog | 2024-07-18 | 이거 저두 궁금했는데엑😮!! 눈에 보이면 사와야겠어용❤️
moonchelin.chef | 2024-07-18 | 완전 맛나겠어요~
eum_masitto | 2024-07-18 | 쿠키 너모 궁금해요😍
l_k_o1212 | 2024-07-18 | 순간 눈이 충혈된줄알앗음..화장..우쨜..😂😂
very_mukstagram | 2024-07-18 | 초코쿠키❤️❤️
busan_delicious_diary | 2024-07-18 | 우아 이거 먹어보고싶어요❤️
matddori_ | 2024-07-18 | 두바이초코쿠키 넘 궁금해여❤️
korea_foodzone | 2024-07-18 | 편의점 갈준비....😂
mukbo_jjang | 2024-07-18 | 우와 이거 사러 가야겠는걸용😍
mukjung_ | 2024-07-18 | 나도하나됴
hj_foodie | 2024-07-18 | ㅠㅠㅠㅠ소리가 진짜 댑악이다 🥹 이건 머거야지!!
kidmstyle | 2024-07-18 | cu 좀 둘러봐야겠는데요😍
muk._.chuuru | 2024-07-18 | 쿠키는버리고싶다던데😂 궁금
jjong_mattang | 2024-07-18 | 와 비뚫고 cu 갑니다🔥
mat_puri | 2024-07-18 | 뇸욤뇸 맛있게드시네용😍😍
grandeater_0 | 2024-07-18 | 와🙌🙌🙌 기대됩니당❤️
limeunzzo | 2024-07-18 | 오 소리두 찐이에여😍😍
ggam_food | 2024-07-18 | 오 꽤괜 먹어볼래여
_10.l7 | 2024-07-18 | @heowonji 오 이건 기대됨
gyul_yummy | 2024-07-18 | 오 이거 먹어보구싶어요💖
jameslee0911 | 2024-07-18 | 크으 저도 먹어보고 싶어요😍
sang_hwa00 | 2024-07-18 | 저도 이거 존맛이었어여!!😍😍
eat_fp | 2024-07-18 | @reekyung_h
mukbulim_0817 | 2024-07-18 | 요건 평이 좀 괜찮군요!!
wu_hyun | 2024-07-18 | 이웃집 통통이 보이면 꼭 사야겠어영 ㅋㅋㅋ
rara_muk | 2024-07-18 | 이거 완전 맛있죠
food._.hwan | 2024-07-18 | 바사삭 오도독 츄베릅🔥
biggn_o | 2024-07-18 | 소리보솤ㅋㅋ와 저도 오늘 먹습니댜🔥
jack__foodie | 2024-07-18 | 소리미텻다 빠쟉빠쟉 괜찮겟어
jjinang_pick | 2024-07-18 | 이거 넘넘 궁금해요❤️❤️ 오늘 씨유 당장
muk_captain_ | 2024-07-18 | Usb 들고 계신가욥
muk_captain_ | 2024-07-18 | 츄베릅~?!
ddo_sil | 2024-07-18 | 이웃집 통통이!!
food_ssoh | 2024-07-18 | 두바이초코쿠키 😍궁금해여
ddunny_ddun | 2024-07-18 | 이거..맛있게따..❤
yome_foodie | 2024-07-18 | 식감 대박❤️😍
eating_happily_ | 2024-07-18 | 꽤괜!!! 짭바이보다누낫지만 쿠키부분이 조오근 아수웠어요😂
sltnqdla | 2024-07-18 | 이거 요즘 품절대란이라던데ㅠㅠ 궁금해요❤️
colorfulsundays | 2024-07-18 | 어머머ㅓㅁ 완전 궁금해요🔥🔥🔥
ruri.food | 2024-07-18 | ❤️
ruri.food | 2024-07-18 | 소리 미쳤단ㅋㅋㅋ😍😍
misick.mag | 2024-07-18 | ASMR 직이네~
h_mochi_bungeo | 2024-07-18 | 소리 너무 죠아요❤️❤️ 저도 먹어볼래용
mukkarong | 2024-07-18 | 요고요고 오늘 퇴근길에 찾아봐야겠어요!!😮😮😮
mukrosee | 2024-07-18 | 저도 먹어볼래여ㅜㅠㅠ
_mokpo_good_place | 2024-07-18 | 이거 진짜 궁금궁금😆😆
sowon_yam2 | 2024-07-18 | 어디서 찾으셨어요ㅠㅠ❤️
ju.food_ | 2024-07-18 | 저두 먹아보고싶어용!! 😍❤️
rice._.like | 2024-07-18 | 일단 지금 cu가는중이에요😍
mukdang0 | 2024-07-18 | 비주얼 대박!! 츄베릅❤️❤️
bonge_o0o_food | 2024-07-18 | 소리 좋댱...
myeong_jonmatt | 2024-07-18 | 이쁘다….
mukddo_muk | 2024-07-18 | 이거 맛나죠❤️
mukzzang_bread_ | 2024-07-18 | 오옹 두바이스타일이 아니라 이번엔 찐이군요 ❤️
due.foodie | 2024-07-18 | 먹어보고싶어요.💚
matcoder_ | 2024-07-18 | 오 이거 궁금한걸용😍😍
yeoni_mukstar | 2024-07-18 | 오오 저도 이거 먹어봐야겠어요👏👏"
2024-07-17,359,내 다이어트 식단은 존맛탱인데? 누들핏 카구리맛이 새로 나옴🫶🏻 120칼로리라 다이어트 할때 딱🫶🏻 맛은 일반 카구리랑 똑같음🫶🏻 면이 원래 누들핏보다 납작두꺼운 면! 면이 엄청 쫄깃🫶🏻 카레향에 다시마향 솔솔🫶🏻 너구리어묵 들어있는데 졸귀탱🫶🏻 닭가슴살이랑 먹으니 탄단지 제대로 챙겨서 다음날 살 빠짐🫶🏻 올 여름 다이어트 성공각🫶🏻 📍홈플러스 💵 1460원 54주,"#누들핏카구리맛, #누들핏, #농심, #신상리뷰, #간식추천, #다이어트음식, #라면추천, #라면먹방, #먹방asmr, #닭가슴살추천, #카구리, #누들핏카구리, #누들핏짜파구리, #신상","kkutti_h | 2024-07-20 | 뺄 살이 잇나요..?🔥😢😢❤️
bokjaaa___ | 2024-07-20 | 다이어투 이걸류❤️
min1_min11 | 2024-07-18 | 야식땡길때 무야지
jack93kim2 | 2024-07-18 | ㅋㅋㅋㅋ맛나게드셔아주
taetae_foodie | 2024-07-18 | 카구리맛 ㄹㅇ 혁명 ㅠ❤️
muuk.dda | 2024-07-18 | 죤맛 다이어트식단 미쳤다
sang_hwa00 | 2024-07-18 | 헐 날씬한 이유가잇어여..
food_ssoh | 2024-07-18 | 누들핏 노구리 다요트음식으루 쵝온데용?😍
churping_oo | 2024-07-18 | 이거 10개먹어도 살 안찌나요😂
gge.juck | 2024-07-18 | 오 카구리 누들이면 진짜 국물까지 원샷인데요?
bonge_o0o_food | 2024-07-18 | 다욭 나도 껴줘롸! !
muk__jjung | 2024-07-18 | 카구리넘 궁금한데요😍 누들핏이라 다이어트중인저한테 딱
dog.matdori | 2024-07-18 | 다이어트할필요가있나요?😮
hh.__.jin | 2024-07-18 | 오.. 이거 좋다
korea_foodzone | 2024-07-18 | 넘 맛있겟당 ㅎㅎㅎ
ham._.eh | 2024-07-18 | 먹어봐야겠어요!!
mukorang | 2024-07-18 | 다욧으로 딱이당
muk__guri | 2024-07-18 | 이거 드시고 짜장면 먹었다는 소문 사실인가요?
tasteraveler | 2024-07-17 | 와이거무조건사먹어야지,, 뉴들핏 진짜 일잘하는거같아,,👏👏
aeyongxxi | 2024-07-17 | 먹방요정이다냥❤️
kidmstyle | 2024-07-17 | 누들핏 카구리 먹어봐야겠어요!😍
muk._.chuuru | 2024-07-17 | 두개먹어도되나여...😢
laurent_busan | 2024-07-17 | 오 누들핏 카구리도 나오다니 ❤️❤️
misick.mag | 2024-07-17 | 다이어트 개끌탬 인정~~
hyob_muk | 2024-07-17 | 다이어트로 딱이나자요❤️
yum_yum_kkakka | 2024-07-17 | 다이어트할때 딱이네요
mat_kkimu | 2024-07-17 | 다이어트엔 진짜 이거 최고겠는데영 크읍😮
mukgenie | 2024-07-17 | 카구리 존맛일것같아요 😢
muckza_zzae | 2024-07-17 | 나두 먹을래ㅠㅠ 미쵸
hj_foodie | 2024-07-17 | 120칼로리 말두안돼 🥹 나두 이걸로 다여트한다
foodie_hayena | 2024-07-17 | 너구리 살려내… 츄베릅…😢😢
bottlejune__96 | 2024-07-17 | 카구리를 누들핏으로 건강함을 살릴수있다니 미쳤는데요 ㅠㅠㅠ😍😍👏
manchaelin | 2024-07-17 | 저는 투명한 면이 국물 더 잘 머금어서 좋더라구요🫶🏻🫶🏻
eat_fp | 2024-07-17 | @reekyung_h
biggn_o | 2024-07-17 | 카구리라니 이것도 쟁여놔야겠다요😍
muk_joongsa | 2024-07-17 | 올여름 다이어투 성공❤️ 컵라면 크기 얼굴,,
mukdang0 | 2024-07-17 | 카구리 싱기!! 츄베릅❤️❤️
hyenii_mukten | 2024-07-17 | 카구리 대박 당장 사러가야지❤️
hyun_gun_ch | 2024-07-17 | 어디서 파나요?
jaaaayydang | 2024-07-17 | 와 마싯겠댜❤️
maasi_.chaa | 2024-07-17 | 헐 카구리😍😍
1onefood_ | 2024-07-17 | 크으 카구리 도전😍😍
hello_s_food | 2024-07-17 | 오 칼로리 4~5개 먹어야 일반 컵라면이랑 비슷👏👏
sowon_yam2 | 2024-07-17 | 귀여워 너구링 ❤️❤️
mukkarong | 2024-07-17 | 오오오!! 맛도 다이어트도 다 잡을수 있는 맛도리네요!!👍👍👍👍
katto_yongsan | 2024-07-17 | 맛있어 보영ㅅ
100rang_food | 2024-07-17 | 120칼로리면 10개는 때려야겠다..😮
kimcoffee_c | 2024-07-17 | 누들핏 카구리 저도 먹어볼래용😍❤️❤️
muko_die | 2024-07-17 | 헐 ㅜㅜ저 그럼 두개에 닭가슴살 먹을래요🔥
mintto0.0 | 2024-07-17 | 헐 저두 이 조합으로 먹을래요❤️❤️
suhoyum | 2024-07-17 | 모야 너무 좋은 조합이자나요?
ruri.food | 2024-07-17 | ❤️❤️
ruri.food | 2024-07-17 | 따봉하는거 왤케 긔엽니!??!
nyam_.nya | 2024-07-17 | 다이어트해야겠어요 저도 ㅎㅎ
muk_.jjun_ | 2024-07-17 | 요줌 뱃살이 점점 나오는데 이걸로 먹어봐야겠네요!
mong_ddang_yummy | 2024-07-17 | 날씬 비결인가요?! 바로 손민수 가보자고~~~🔥🔥
myeatdiary_ | 2024-07-17 | 왕 넘 맛있어보여요❤️ 저도 맛보고 싶어요😍
eat._.dopig | 2024-07-17 | 카구리가 있었네요😍
seoul__guide | 2024-07-17 | 대박..완전 군침돌아요 ㅠㅠ
yeoni_mukstar | 2024-07-17 | 오오 이거 다이어트할 때 유용할 것 같아요❤️❤️
j_a_n723 | 2024-07-17 | 이거 궁금하더라구여 먹어보고싶었는데 ❤️❤️
muk_tteul | 2024-07-17 | 다요트 가자🙌
ddo_sil | 2024-07-17 | 카구리!
themukeou | 2024-07-17 | 다여트 각,, 조합 굳굳❤️
siso_father | 2024-07-17 | 누들핏 좋아요😍
leeoh_review__ | 2024-07-17 | 이걸로 다이어트 해야게따❤️
juner_315 | 2024-07-17 | 카구리 너무 맛있어 보여용 😍😍
mukbulim_0817 | 2024-07-17 | 요거 먹어보고 싶어요
aug_piiggg | 2024-07-17 | 오 120 칼로리 밖에 안하다니 좋은데요😍
chu.berup_jmt | 2024-07-17 | 저거 먹고 빵 2개뿌신건 비밀..🤫
moo_boza | 2024-07-17 | 100개 먹어도 도ㅑ요?? 🙌
jameslee0911 | 2024-07-17 | 오늘부터 다이어트 할래요❤️
jack93kim | 2024-07-17 | 다이어트 나도 해야하는데 휴...
wanteat._.eat | 2024-07-17 | 카구리 진짜 맛있어보여요😍❤️ ㅠㅠㅠㅠ 닭가슴살이랑 먹음 딱일 거 같아요🔥
daily_mukbbaek | 2024-07-17 | 카구리 안먹어봤는뎅 먹어봐야겠어여😍
mukjung_ | 2024-07-17 | 나도말를ㄹ랠...
limeunzzo | 2024-07-17 | 왕 맥주랑 찰떡이겠어요.. ❤️
gage__men | 2024-07-17 | 성공해볼래요 ㄷㄷ
mukrosee | 2024-07-17 | 다이어트할 때 조아요❤️
yome_foodie | 2024-07-17 | 카구리 먹어볼랴융❤️
mukstar_md | 2024-07-17 | 오아 이게 저녁이요😮👏👏
hihee.e | 2024-07-17 | 와웅 ㅠㅠ 카구리 먹어보고파요❤️
gyul_yummy | 2024-07-17 | 헐 카구리? 쟁여둘래여💖
muk_captain_ | 2024-07-17 | ㅍ너무 먹고싶다 증멜로 카구리
berup_x | 2024-07-17 | ❤️
ddub_e2 | 2024-07-17 | 배안차는츄베릅😮"
2024-07-16,643,"일본에서 핫한 와라비모찌 드디어 한국에? <가마쿠라> 3시에 갔더니 마지막 수량 겟🫶🏻 일본 교토의 명물이자 물방울떡이라고도 불리는 와라비모찌🫶🏻 드디어 압구정에 국내 최초로 상륙했다‼️ 원래 투명색인데 꼬소한 인절미가루에 버무리고 달달한 흑당시럽 뿌려 아이스크림이랑 먹으니 당충전으로 딱🫶🏻 쫀득탱탱 흐물한 느낌이라 비쥬얼은 콧물..? 같지만 이 매력에 한번 빠지면 헤어나오지 못함🫶🏻 테이크아웃만 가능해서 아쉽 ㅠ 오동나무로 포장도 고급져 선물로도 최고🫶🏻 음료에도 와라비모찌가 들어가는데 말차엔 흑당와라비모찌라 타피오카펄 먹는 느낌!🫶🏻 잘게 잘려있어 쫀득한데 녹는 식감🫶🏻 말차도 고급진 쌉쌀한 맛🫶🏻 빨리 안가면 품절이라 못사니 일찍 가도록‼️ @@모찌닮은 너가 사쥬❤️ 📍#가마쿠라 📍 서울 강남구 선릉로155길 28 1층 101호, 102호 ⏰ 매일 10:30-20:00 💵 오동나무와라비모찌 선물(10입) 18000원 💵 와라지모찌(2pc)+아이스크림 4200원 💵 말차 5800원 54주","#압구정맛집, #압구정맛집추천, #강남맛집추천, #강남맛집, #강남디저트, #와라비모찌, #이색맛집, #신사맛집, #인절미, #압구정카페, #신사카페","__it.s.youn | 2024-07-19 | 우왓 !!! 진짜 쫀득쪼온득해 보여요 ❤️
jaaaayydang | 2024-07-17 | 넘 먹고싶어여😍😍
taste_filer | 2024-07-17 | 세상에나 모찌 엄청 맛날것같어용😮❤️
daily_busan_matzip | 2024-07-17 | 우와~~와라비모찌 너무 맛있겠어요😍😍쪼온득 비쥬얼🔥
muuk.dda | 2024-07-17 | 이거 징짜 죤마탱이죠 ㅠㅠㅠ 음료 버블티보다 마싯둠 ㅠ
ndzip_ | 2024-07-17 | 헉 완전 먹어보고 싶어요...❤️
gge.juck | 2024-07-17 | 진짜 너무 궁금한 식감 ㅜㅜ
rara_muk | 2024-07-17 | 이거 완전 먹어보고 싶어요😍
zzu.meokbap | 2024-07-17 | 모찌 쫘아아압 넘 조아오❤️
eating_happily_ | 2024-07-17 | 베릅님 모찌 닮아써요(?)❤️
qbee.eat | 2024-07-17 | 콧물 ㅋㅋㅋㅋㅋㅋㅋㅋㅋㅋㅋ 콧물같은 식감이라니...?..😮
mukbulim_0817 | 2024-07-17 | 요거 먹으러 가야겠어요
___nunnu.nanna___ | 2024-07-17 | 먹어보고 싶어용😍😍
glitter_food1 | 2024-07-17 | 와 이거 물방울 떡 궁금했는데 먹으러 가야겠어요😍
matxnyang | 2024-07-17 | 오아😮 쫀득쫜득 맛있겠어요❤️❤️
hamzzi.eat_____ | 2024-07-17 | 오 진짜 맛있겠네요❤️ 햄찌랑 친구해요😍
bokjaaa___ | 2024-07-17 | 사쥬라 모찌 칭구들아❤️
jjinang_pick | 2024-07-16 | 겁나 맛나보여요 죤득쬰득❤️
con_coffeeornot | 2024-07-16 | 이야 쫀득 쫀득❤️❤️
teddy_zip_ | 2024-07-16 | 와라비모찌 넘 사랑이에요🙌🙌
bee__yummy | 2024-07-16 | 오아 저도 갈래요ㅠㅠ❤️❤️
seula.12 | 2024-07-16 | 물방울떡 요거 궁금해요❤️
couple_mukdiary | 2024-07-16 | 맛나보여요!!
aeyongxxi | 2024-07-16 | 믿고 먹자냥❤️
mukjung_ | 2024-07-16 | 우와 흐물흐불해
muk.seori | 2024-07-16 | 모찌닮은… 츄베릅님 ..?
leeoh_review_ | 2024-07-16 | 나두 사주라 이겅❤️
daejeon_ddomatddo | 2024-07-16 | 와 저도 저 매력에 빠지고싶어요,, 👀‼️‼️
yeoni_mukstar | 2024-07-16 | 우왕 이거 넘 신기하네요🔥🔥
ddo__yam | 2024-07-16 | 오오오 대박 일본안가도 되겠어요😍
muk.dragon | 2024-07-16 | 와😍 넘 좋아하는 모찌떡❤️
matcoder_ | 2024-07-16 | 어떤 식감일지 궁금한걸요?!
j_a_n723 | 2024-07-16 | 오이거 궁금하더라구여 먹어보고싶었는데
hh.__.jin | 2024-07-16 | 이거 궁금해!
dama.dessert | 2024-07-16 | 여기 너무 맛있어요 ❤️😍 일본에서 너무 맛있게 먹었었는데 식감이 신기해요
mat_kkimu | 2024-07-16 | 헉 진짜 먹어보고 싶어용 언제 먹어볼지 ㅜㅜ😮
t_cheol2 | 2024-07-16 | 이거 정말 쫀득하더라구요
yamm__h | 2024-07-16 | 쫄깃쫀득 넘 맛나겠어요💛💛
hello_s_food | 2024-07-16 | ㅋㅋㅋㅋ 콧물로 영업하셔서 콧물같아여😂
meokkoking | 2024-07-16 | 와.. 이건 보이면 먹어야쥬!!!
muk_cheers | 2024-07-16 | 콩가류❤️
mochl_ahahcnl | 2024-07-16 | 왕 늘어나는 거 대박 🔥
cooking_sam_kitchen | 2024-07-16 | 우앙 ㅎㅎ 모찌 너무 맛있겠다❤️
meokdoong | 2024-07-16 | 오 저도 먹고싶오요❤️
sh.cookkook | 2024-07-16 | 진짜 쫀쫀해버야여,,😍 모찌닮으신 분🙌
limeunzzo | 2024-07-16 | 아이스크림이랑 묵는거 진짜 맛있어 보여요 ㅜㅜ
mukkarong | 2024-07-16 | 오우~~쫀득쫀득 모찌 순삭각인데요?!!😆😆😆
bonny_vely_ | 2024-07-16 | 모찌모찌❤️❤️
gwangju_hotgirl | 2024-07-16 | 헐 음료에도 들어간 모찌?!! 차가우면 더 탱글해져서 맛있겠다 😝
juner_315 | 2024-07-16 | 우와 저도 한입 해보고싶어요😢
mut_dam | 2024-07-16 | 쫀득❤️❤️
100rang_food | 2024-07-16 | 와라비모찌 음료 넘 맛나게따😮
mattjun11 | 2024-07-16 | 오 ㅋㅋㅋ 음료 저거 먹어보거싶네요 ㅋㅋ
eat._.dopig | 2024-07-16 | 쪼온득 모찌😍 아이스크림이랑 먹고싶네요
laurent_busan | 2024-07-16 | 와라비모찌 궁금해요🙌❤️
yeji0719 | 2024-07-16 | 이거 먹으려면 강남을 가야되는군요😂😂
muk_joongsa | 2024-07-16 | 진짜 식감 천재ㅜㅜ 공주 기모찌❤️
kidmstyle | 2024-07-16 | 와리비모찌 너무 궁금해요 엄청 고소하고 맛있을 거 같은데요 😍
siso_father | 2024-07-16 | 쫀득하니 너무 맛있겠어요 😍
muksta__chunsik | 2024-07-16 | 와 지금 당장 달려가귭파영 ㅠㅠ❤️
ham_muklog | 2024-07-16 | 쫀득하니 맛나게따❤️ 저도 먹으러 가고파용❤️
ham2_ni__ | 2024-07-16 | 헐 이거 완전 먹구시퍼여❤️
ddub_e2 | 2024-07-16 | 물베릅?!😢
ruri.food | 2024-07-16 | ❤️❤️❤️
ruri.food | 2024-07-16 | 예쁘낭❤️❤️
space_look__ | 2024-07-16 | 모찌 맛잇겟어요😍
hye_foodie_ | 2024-07-16 | 물방울떡 조와하는데 여기궁그매여❤️
hotdor_s | 2024-07-16 | 아 이거 개맛있겠다,,
mong_ddang_yummy | 2024-07-16 | 와랄랄ㄹ라 와라비모찌🍡
matdungsan_health | 2024-07-16 | 👏👏와~~
matddori_ | 2024-07-16 | 와라비모찌 궁금해여❤️
eat_fp | 2024-07-16 | @reekyung_h
jameslee0911 | 2024-07-16 | 우와 여기 너무 좋네여❤️
yome_foodie | 2024-07-16 | 와라비모찌 궁금해요❤️
hihee.e | 2024-07-16 | 오홍ㅋㅋㅋ이거 식감 넘 궁금해료❤️
bottlejune__96 | 2024-07-16 | 와리비모찌라니 한번 맛보고싶네요 ㅠㅠㅠ😍😍
muk_tteul | 2024-07-16 | 왘 댕신기,,,,,
muk._.chuuru | 2024-07-16 | 우와넘맛잇겟당 콧물...!
sowon_yam2 | 2024-07-16 | 모찌처럼 귀여운 베릅님이 사주세요❤️
yucangwoo | 2024-07-16 | 모찌 닮은게 어떻게 생긴건지 잘 모르겠습니다
seoul__guide | 2024-07-16 | 완전 쫀득하네요 ㅠㅠ
1onefood_ | 2024-07-16 | 크으으 쫀득쫜득 😍😍😍
aug_piiggg | 2024-07-16 | 오잉 완전 궁금해여❤️❤️
themukeou | 2024-07-16 | 나도 모찌 떡 머긍ㄹ래❤️❤️
bbang_jjang_ | 2024-07-16 | 이거 신기하고 궁금하네요~😍
jack__foodie | 2024-07-16 | 너가사줘
mukrosee | 2024-07-16 | 와 진짜 쫀딕한데요❤️
misick.mag | 2024-07-16 | 와라 비모찌~
misik_oppa | 2024-07-16 | 캬응 꼭 가야지요
hj_foodie | 2024-07-16 | ㅠㅠ우왕 이거 식감 진짜 궁금하다..🥹👏
81ackp0ny | 2024-07-16 | 모야아 잘나왔다ㅏ
wanteat._.eat | 2024-07-16 | 헛 완전 쫀득할 거 같아요😍❤️ ㅠㅠㅠㅠㅠㅠ
ulsan_yamdol | 2024-07-16 | 유학모찌❤️
hyobongi_muck | 2024-07-16 | 이거 너무 궁금해요😆😍
gyul_yummy | 2024-07-16 | 오 이거 궁금한데여💖💖
ming_foodie_ | 2024-07-16 | 이거 맛있더라고여😍
mukdang0 | 2024-07-16 | 넘 싱기!! 츄베릅❤️❤️
needsman_daejeon | 2024-07-16 | 와 일본에서 핫하다니 더 궁금한대요😋
muckza_zzae | 2024-07-16 | 와라비모찌 미쳐따❤️
mukddo_muk | 2024-07-16 | 헐 먹어볼래요❤️"
2024-07-15,342,초밥 최대 몇개가능? 나는 무한ㅎ 54주,"#포동이네, #초밥먹방, #초밥맛집, #수원맛집추천, #강남맛집추천, #홍대맛집추천, #홍대데이트코스, #참치맛집","lin___k_y | 2024-07-17 | @03_.october 이분 예쁘시다
pigrami_ | 2024-07-15 | 무한리필인가요?🫢ㅋㅋㅋㅋㅋㅋ
aeyongxxi | 2024-07-15 | 먹방퀸이냥❤️
kimdoyun1210 | 2024-07-15 | 중1인데105알먹었어요
muuk.dda | 2024-07-15 | 와 갑자기 초밥땡겨요,,😮
food_ssoh | 2024-07-15 | 무한대류 초밥 먹구 싶어졌어용😍
muk__guri | 2024-07-15 | 무한흡입❤️
matpamine_ | 2024-07-15 | 저도 무한파❤️
leeoh_review_ | 2024-07-15 | 오 초밥 넘 땡겨
bonny_vely_ | 2024-07-15 | 초밥계속 먹을수 잇듀듀쥬
eunsil5317 | 2024-07-15 | 초밥 넘 맛나게써요😍😍
mat_kkimu | 2024-07-15 | 무한으로 먹고 싶긴하네영 배가 견뎌낼지 모르겠지만 ㅋㅋ
muk_.jjun_ | 2024-07-15 | 잌ㅋㅋㅋㅋㅋ 무한으로 먹죠!!
mukorang | 2024-07-15 | 저 100개요
kimcoffee_c | 2024-07-15 | 저도 무한 가능🙋🏻‍♀️
yam_yam_ping | 2024-07-15 | 초밥 완전 좋아요 ❤️
jjinang_pick | 2024-07-15 | 앗 기발하다❤️
eum_masitto | 2024-07-15 | 초밥은 에브리데이 사랑💕💕💕
dama.dessert | 2024-07-15 | 맛있는것 많이 먹고도 예쁜 츄베릅님 ❤️
hihee.e | 2024-07-15 | 크 오늘은 초밥 먹으러가야겠러료❤️
moo_boza | 2024-07-15 | 저랑 초밥 배틀하실래요??
muknya2024 | 2024-07-15 | 저도 당연 무한요😮❤️
h_mochi_bungeo | 2024-07-15 | 분명히 먹고있는데 초밥이 안줄어드는건 뭘까용??😂😂
mukjung_ | 2024-07-15 | 나도무항가능 ㅎㅎ
hdul_daily | 2024-07-15 | 와 무한흡입 ㄷㄷ
rara_muk | 2024-07-15 | 저도 무한❤️❤️
muckza_zzae | 2024-07-15 | ㅋㅋㅋㅋㅋ귀여엌ㅋㅋㅋ
matcoder_ | 2024-07-15 | 초밥 50개 가능 ㅍㅍ
themukeou_2 | 2024-07-15 | 3억뷰 가즈❤️
qbee.eat | 2024-07-15 | ㅋㅋㅋㅋㅋㅋㅋㅋ초밥 가운데 하나만 사라진~
biggn_o | 2024-07-15 | 초밥 무한 가능이옄ㅋㅋ🔥
gge.juck | 2024-07-15 | 초밥 귀엽고 때깔도 너무 좋은데요?😮
jwhwhk21e4 | 2024-07-15 | 초밥이 안줄어요
seula.busan | 2024-07-15 | 초바압 배터지게….❤️❤️❤️ 먹곱네요
e.den_0.0 | 2024-07-15 | 초밥 먹고 싶어지네욤❤️
teddy_zip_ | 2024-07-15 | 캬아ㅏ 초밥 먹고파요 저는 50개 가눙
sunday_s_event | 2024-07-15 | 무한반복하게돼용😮
muklidangil | 2024-07-15 | 저도 무한으로 들어갑니당🙌🙌
muk_marorong | 2024-07-15 | 초오밥❤️
juner_315 | 2024-07-15 | 영상이 끝나지 않아효😢😢
ma_chimnae12 | 2024-07-15 | 초밥 넘 맛나보여용❤️❤️
dokkkiee | 2024-07-15 | 영상이 안끝나요
hye_foodie_ | 2024-07-15 | 아앜ㅋㅋㅋㅋ 무한대로보고있어용😍
taetae_foodie | 2024-07-15 | ㅋㅋㅋㅋㅋㅋㅋㅋㅋㅋ 영상이 안끝나여…❤️
mukrosee | 2024-07-15 | 초밥은 배 안불러요!
ma_sikun | 2024-07-15 | 저도 한입만 주세요😢😢
matxnyang | 2024-07-15 | 저도 무한가능이여..❤️
misik_oppa | 2024-07-15 | 저는 40개정도 ..?! 👏
mukbulim_0817 | 2024-07-15 | 와우!! 무한으로 들어갑니다
mukkarong | 2024-07-15 | 초밥은 잠들기전까지 폭풍흡입 쌉가능이쥬!!👍👍👍
gyul_yummy | 2024-07-15 | 초밥 윤기봐여ㅠㅠㅠㅠ
sltnqdla | 2024-07-15 | 초밥 사이즈도 장난아니네요❤️
muk._.chuuru | 2024-07-15 | 진촤무한으로먹는데ㅋㅋㅋㅋ
elly_adopter | 2024-07-15 | 무한 가능! ㅎㅎㅎ
ruri.food | 2024-07-15 | ❤️❤️❤️
ruri.food | 2024-07-15 | 삼억뷰❤️
limeunzzo | 2024-07-15 | ㅇㅖ뿌셔..❤️
mukdang0 | 2024-07-15 | 무한초밥 츄베릅❤️❤️
muk__jjung | 2024-07-15 | 저 5ㅇ개는 먹을듯😂😍
foo__zim | 2024-07-15 | 저도무한ㅋㅋㅋㅋ
1onefood_ | 2024-07-15 | 앜ㅋㅋㅋ 저도 모르게 계속 보고있었네요😍
wanteat._.eat | 2024-07-15 | 저 하루종일 굶으면 초밥20개 가능할지도,,,?!😍
jameslee0911 | 2024-07-15 | 포동이네 초밥 최고죠❤️
jack93kim | 2024-07-15 | 츄베츄베츄베츄베츄베😂
hj_foodie | 2024-07-15 | ㅋㅋㅋㅋㅋㅋ나두 무한🔥
mukzzang_bread_ | 2024-07-15 | 초밥은 진짜 끝도 없이 들어가요 ..❤️
daily_mukbbaek | 2024-07-15 | 어랔ㅋㅋㅋㅋ영상 뮤한재생인데여😮😍ㅋㅋㅋㅋ 초밥 먹구싶댱
sowon_yam2 | 2024-07-15 | 전 최대한 ❤️
muk.due | 2024-07-15 | 먹어보고싶어요.💚
muk_joongsa | 2024-07-15 | 초밥 입속으로 직행❤️
jjong_mattang | 2024-07-15 | 지금 초밥 한 30개정도 드신거 같아요 ㅋㅋㅋㅋㅋㅋ😂
muk._kw | 2024-07-15 | 초밥은 사랑입니다❤️❤️
yome_foodie | 2024-07-15 | 초밥 무한대로❤️❤️
j_a_n723 | 2024-07-15 | 저도무한❤️❤️❤️❤️
berup_x | 2024-07-15 | ❤️
kidmstyle | 2024-07-15 | 1등
kidmstyle | 2024-07-15 | 와 초밥 무한 가능이죠 😍"
2024-07-12,311,"집가서도 자꾸 생각나는 쭈꾸미볶음 ? <신비옥> 여기 쭈꾸미 먹고 이제 다른 곳 못먹음🫶🏻 웰컴주로 소곡주 한잔 주심🫶🏻 마요네즈, 날치알, 치즈가루가 나오는데 치즈가루가 달달해서 매콤한 쭈꾸미랑 은근 잘어울림 향긋한 미나리 + 쭈꾸미볶음 = ❤️ 쭈꾸미 양념에 마약넣은 마냥 매운데 자꾸 들어감 ;;🫶🏻🫶🏻 36시간 숙성한 양념이라 그런듯🫶🏻 깻잎에 쌈무 올려서 크게 싸먹으면 한입에 행복🫶🏻 쭈꾸미초무침은 처음인데 볶음보다 식감이 더 탱글탱글🫶🏻 깻잎에 싸먹으면 최고🫶🏻 수비드한 촉촉한 가브리살 수육🫶🏻 이곳의 하이라이트는 볶음밥🫶🏻🫶🏻 중독성 있는 양념에 섞어버리니 미친맛🫶🏻 콘옥수수 가득 식감 최고🫶🏻 @@쭈꾸미사쥬❤️ 📍#신비옥 📍 경기 수원시 팔달구 인계로94번길 39-17 1층 ⏰ 월-수 11:30-24:00, 목-일 11:30-02:00 (L.O 마감 30분전) 💵 쭈꾸미볶음 1인 14000원 💵 쭈꾸미초무침 18000원 💵 가브리살수육 25000원 54주","#수원맛집, #수원맛집추천, #인계동맛집, #인계동맛집추천, #인계동데이트코스, #쭈꾸미맛집, #쭈삼맛집, #수육맛집","manchaelin | 2024-07-15 | 쭈꾸미 진짜 좋아하는데 미나리까지이,, ㅠㅠ 💖
colawhk21e4 | 2024-07-14 | @ongzzin
food_matgwanbu_ | 2024-07-14 | 쭈꾸미 볶음 너무 좋아요😍
j2ch.busan | 2024-07-14 | 츄베릅님 먹방은 누가 찍어주시는거에요?ㅋㅋㅋㅋ
yam_yam_ping | 2024-07-14 | 미나리넣은 쭈꾸미면 향도 좋아서 계속 들어갈듯?!?
taetae_foodie | 2024-07-14 | 치즈가루까지 중화시키면 무한으로 들어가져❤️
j_a_n723 | 2024-07-14 | 양념이진짜 찐 ❤️❤️
sltnqdla | 2024-07-14 | 쭈꾸미 매운맛 중독성 대박일거같아요❤️
___nunnu.nanna___ | 2024-07-14 | 쭈꾸미 땡겨요요용😍
bokjaaa___ | 2024-07-14 | 양념이 도라방스네요 와 … 군침 대박💛
ham_muklog | 2024-07-14 | 양념 지인한게 때깔부터 맛나보이잖아요❤️ 저두 먹으러 갈래용❤️
hungry_university | 2024-07-14 | 이건 소주무조건😍
hye_foodie_ | 2024-07-14 | 와 양념 반짝반짝거리는거 진짜도라방스에여ㅠ
siso_father | 2024-07-14 | 소주를 부르네요 😍
eeeaaattt2023 | 2024-07-13 | 우와 👏👏
witty_foodie | 2024-07-13 | 오오 요기 대박이네요🔥
jack93kim | 2024-07-13 | 미춰버려 ~~~~~~~~엇
mukddo_muk | 2024-07-13 | 넘 먹고싶어요❤️❤️
glitter_food1 | 2024-07-13 | 으앗 쭈꾸미 🔥 볶음밥까지😍 최고네욤
yamphile | 2024-07-13 | 😍😍😍😍😍😍😍😍😍😍😍😍😍😍
ring__b | 2024-07-13 | 와 이거 양념 제대로네여 😍
j_a___n723 | 2024-07-13 | 양념이진짜 대박이구요 ❤️❤️
hyunjae_mukstagram | 2024-07-13 | 신비옥에 쭈볶💙
mukddo_muk | 2024-07-13 | 헐 먹고파요❤️
muk_captain_ | 2024-07-13 | 😍😍졸맛
rara_muk | 2024-07-13 | 와 양념 진짜 맛있어보여요😍
hotplace.tour | 2024-07-13 | 아 군침이 확도는걸요😂🔥
seoul__guide | 2024-07-13 | 미나리 쭈꾸미 대박이에요 ㅠㅠ
jaaaayydang | 2024-07-13 | 와 존맛탱 비쥬얼❤️❤️
sowon_yam2 | 2024-07-13 | 오늘 진짜 진짜 이거먹을까고민중이예요..
jack__foodie | 2024-07-13 | 하나올리고~ 하나더놔
gyusun_1004 | 2024-07-13 | 오오 쭈복에 소주 땡긴다규 ❤️
qbee.eat | 2024-07-13 | 신고받고 왔습니다 ㄹㅇ 밥도둑이라고 해서 .. 😍
themukeou_2 | 2024-07-13 | 헐 수육에 싸먹는 쭈꾸미ㅜ너무 좋잠ㅎ아❤️
moo_boza | 2024-07-13 | 쭈베릅~~ 근데 쭈꾸미 완전 탱글할듯여 ㅠㅠ
gge.juck | 2024-07-13 | 와ㅜ진짜 마약처럼 중독될거 같아요😮
foogle__ | 2024-07-13 | 미나리에 쭈꾸미조합은 미쳣됴 👏
bonny_vely_ | 2024-07-13 | 와우 양념에비뱌먹고 싶어용❤️
tasteraveler | 2024-07-13 | 와,,진짜미나리쭈꾸미미쳣네ㅠㅠㅠㅠ보글보글진짜마약이다
mochl_ahahcnl | 2024-07-13 | 밥 추가요 ❤️
meokdoong | 2024-07-12 | 쭈꾸미볶음사랑이져~~!
korea_foodzone | 2024-07-12 | 양념 장난아닌데요?!
kkutti_h | 2024-07-12 | 진짜 마약쓰 비주얼이댜…😢❤️❤️❤️
aeyongxxi | 2024-07-12 | 이건 사랑이지냥❤️
d_t_muksta | 2024-07-12 | 치즈가루 찍어서 먹고싶어여!! ㅋㅋㅋ 올리고올리고올리고!!!
picky._.eat | 2024-07-12 | 마약이 들어간게,,,,확실해요 입이안다물어져요😂
teddy_zip_ | 2024-07-12 | ㅋㅋㅋㅋㅋㅋㅋㅋ주꾸미 올리고~~ 너무 귀여워요😍
matddori_ | 2024-07-12 | 오왕 넘 맛있어 보여요🫢💕
1onefood_ | 2024-07-12 | 저 양념이면 밥3공기 쌈가능😍
churping_oo | 2024-07-12 | 요기 무슨 안주들이....기가막혀료❤️
honey._punch | 2024-07-12 | 여기는 볶음밥이 미친놈❤️❤️
tastyseoul_ | 2024-07-12 | 우와  너무 맛있겠어요 😍
jjinang_pick | 2024-07-12 | 마약이당❤️❤️
kidmstyle | 2024-07-12 | 와 저녁 고민중인데 쭈꾸미 너무 땡겨요 츄베릅😍
mukbears | 2024-07-12 | 쭈볶에 치즈가루에 소쥬뿌샤-
cogarobotics | 2024-07-12 | 매콤쭈꾸미👏👏
100rang_food | 2024-07-12 | 쭈꾸미 미쳤다😮😮
misick.mag | 2024-07-12 | 하 쭈꾸미에 미나리는 못첨겠다 ㅜ
ruri.food | 2024-07-12 | 😍😍😍😍
ruri.food | 2024-07-12 | 나도 웰컴주 조❤️❤️
hihee.e | 2024-07-12 | 캬항 ㅠㅠㅠ쭈꾸미에 미나리조합❤️❤️조아용
mat.search | 2024-07-12 | 쭈꾸미에 수육 윤기 넘 좋은데요❤️❤️
___nunnu.nanna___ | 2024-07-12 | 와 쭈꾸미 너무 맛나보여요🔥
mukjung_ | 2024-07-12 | 아보끈밥이찐인뎈ㅋㅋㅋ?
jjgongju_ | 2024-07-12 | 쭈꾸미에 미나리ㅠㅠㅠ완전 밥도둑❤️❤️
juner_315 | 2024-07-12 | 미나리 쭈꾸미 조합은 못참앙!!😍
misik_oppa | 2024-07-12 | 캬 술이그냥 절로 🙌
muk_marorong | 2024-07-12 | 쭈꾸미에 보끔밥 찐이당 ㅠㅠㅠ
kkoyoo_9560 | 2024-07-12 | 와😮😮 양념 대박❤️ 싹싹 긁어 먹을래요
bee__yummy | 2024-07-12 | 오아 별미네요ㅠㅠ❤️❤️
mukorang | 2024-07-12 | 양념 때깔이 …😍😍😍
mukkarong | 2024-07-12 | 우와....침샘폭발 비주얼 대박이에요!!😆😆😆
leeoh_review__ | 2024-07-12 | 볶음밥이 완전 미쳤다❤️
ham2_ni__ | 2024-07-12 | 밥이랑 비벼먹고파여❤️
jjong_mattang | 2024-07-12 | 볶음밥 진짜 미쳣나 ㅠ
ddunny_ddun | 2024-07-12 | 어우ㅠㅠㅠ핵맛있겠다 빨간맛
kimcoffee_c | 2024-07-12 | 쭈꾸미에 수육까지 찐맛집 비주얼이예용😍❤️❤️
yeoni_mukstar | 2024-07-12 | 오오 여기 쭈꾸미볶음 매콤하니 완전 밥도둑일 것 같아요❤️❤️
js__1oo4 | 2024-07-12 | 당장 밥 볶고 싶따,,❤️❤️
yeahzineat | 2024-07-12 | 와 이런 쭈꾸미 쌈싸먹으면 최고 👍🏻👍🏻
muk_joongsa | 2024-07-12 | 볶음밥도 찐인데 항정살 수육인가? 저거 진짜 마싯는뎁,,❤️
jina_yap | 2024-07-12 | 꺄아아 매콤쫠깃 쭈꾸미 땡겨여😍❤️
matcoder_ | 2024-07-12 | 양념 색깔봐 ㅠㅠㅠ 밥 두공기 각😍
solsol_mukbang_video | 2024-07-12 | 와 중독적🔥
muk_gonny | 2024-07-12 | 츄베릅❤️❤️ 중독성 쩌눈데옹
hann__yu__ | 2024-07-12 | 진짜 마싯겠네욤…..🔥
shkzipbob | 2024-07-12 | 이야아❤️❤️쭈꾸미에 미나리조합 미쳤어용
bottlejune__96 | 2024-07-12 | 쭈꾸미볶음 너무 야들야들하니 탐나버려요 ㅠㅠㅠ😍😍🔥🔥
hotdor_s | 2024-07-12 | 야야야.. 볶음밥까지 미친거아니냐고
muk_tteul | 2024-07-12 | 매운거 예술이다,,,
gyul_yummy | 2024-07-12 | 아 매콤한거 먹구파여ㅠㅠ
mukrosee | 2024-07-12 | 양념이 치트키네여😮
hee.muk__ | 2024-07-12 | 군침도는 비줠이네여😍
yamyam_sisters | 2024-07-12 | 깻잎쌈 너무 조아유❤❤
c_food_zip | 2024-07-12 | 크.. 보기만 해도 군침 돌아요🤤
choi._.yummy | 2024-07-12 | 야무지게 쌈 싸먹고싶어요🫶🏻
laurent_busan | 2024-07-12 | 쭈꾸미 맵싹한 양념 최고 ㅠㅠ 츄베릅❤️
biggn_o | 2024-07-12 | 하 쭈꾸미는 또 못참아여ㅠㅠㅠㅠ😍
muckza_zzae | 2024-07-12 | 매운거 조타ㅠㅠㅠㅠ쌈도조아ㅠㅠ
muko_die | 2024-07-12 | 주꾸미 볶음에 볶음밥에 초무침까지ㅠㅠ하 진짜 먹어볼래요😍"
2024-07-10,273,요아정이 편의점에 나왔다고 ? GS25에 요아정딸기초코쉘요거트바 출시🫶🏻 겉은 바쟉한 초코코팅이 얇게 깔려있고 안은 딸기퓨레가 들어있는데 위쪽 1/3만 들어 있음..! 요거트 아이스크림 특유의 새콤함은 거의 없고 돼지바랑 비슷함🫶🏻 달달한데 당류가 2g으로 저당!🫶🏻🫶🏻 저당이라 좋고 맛있지만 기대했던 요아정 맛이 아니라 아쉽 ㅠ 요거트맛이 좀 더 강했으면 좋았을듯 ? 심지어 2500원..!! 사먹는다 ? 안사먹는다 ? 💵 2500원 55주,"#요아정딸기초코쉘요거트바, #gs25신상, #신상리뷰, #편의점신상, #편의점꿀조합, #아이스크림맛집, #요아정, #요거트아이스크림, #홍대맛집, #홍대맛집추천","eum_masitto | 2024-07-13 | 요아정 먹으러 고고💨💨💨
dog.matdori | 2024-07-11 | 리뷰왕 츄베릅ㅋ🔥
eat_fp | 2024-07-11 | @reekyung_h
jaaaayydang | 2024-07-11 | 음🤔 요아정 맛은 아니군여,,
hj_foodie | 2024-07-11 | ㅠㅠㅠ요아정 조아 🥹 요거트맛 더 났으면 좋겠뎌
gge.juck | 2024-07-11 | 오 너무 궁금한 맛 편의점 달려야겠어요😮
moo_boza | 2024-07-11 | 요즘 아이스크림중에 정말로 잘나간다면서요?? 🔥
mukzzang_bread_ | 2024-07-11 | 앗 요아정이라 기대했는데 요아정과 조큼 다르군요 😢
ming_foodie_ | 2024-07-11 | 저당이라 그래도 좋네용
jjgongju_ | 2024-07-11 | 헐 요아정 아이스크림바라니😮❤️ 생깅건 맛있어보이는데,,
ddunny_ddun | 2024-07-11 | 신기하다😮😮😮😮
yamm._.yummy | 2024-07-10 | 요아정 배워갑니다👏
aeyongxxi | 2024-07-10 | 요아정 먹구셒다냥
minny_mukhaengja | 2024-07-10 | 헐 저도 사먹으러 갑니다…💙요아정 넘 좋아하는데
eeekha1 | 2024-07-10 | 딸기 퓨레가 들어있어 새콤한 맛이 좋을거 같아요👍 근데 양이 좀 ㅎㅎ
mukchuldong2 | 2024-07-10 | 편의점 달려가야지~
mukkarong | 2024-07-10 | 아....아쉬움이 남는 맛이군요ㅜㅜ 그래두 맛이 궁금한데요?!!👍👍👍
1onefood_ | 2024-07-10 | 요아정이 편의점이라니😍😍😍
mukstival | 2024-07-10 | 누가 사주면 기꺼이 먹는다..!
gyusun_1004 | 2024-07-10 | 요아정 대박이라규 ❤️
wanteat._.eat | 2024-07-10 | 요아정 저도 언능 먹어볼래요😍❤️ ㅠㅠㅠㅠㅠ
muk__guri | 2024-07-10 | 근데 왜 반말하세요?
foodmap1004 | 2024-07-10 | 아..얼굴만 보게 되는걸요..맛총맛총❤️
meokdoong | 2024-07-10 | 아 요거트맛안나다니@뿌애앵
daily_mukbbaek | 2024-07-10 | 오오오 요거트맛 좋은뎅...!!!😍
meal_sound | 2024-07-10 | 요아정이고 뭐고 요정같으시니까 츄요정으로 가주세여❤️😙히히
mukchoding | 2024-07-10 | 그래도 궁금하니 도전😮❤️
ddo_sil | 2024-07-10 | 요라정!!
suhoyum | 2024-07-10 | 오오! 맛 궁금해요❤️
mukbulim_0817 | 2024-07-10 | 저당이라 좋은데 요거트맛이 강하지않다니ㅜㅜ
seula.busan | 2024-07-10 | 저 이거 근데 먹어보구싶어용,,💛
mukddo_muk | 2024-07-10 | 오우 꽤 비싸네여😂
limeunzzo | 2024-07-10 | 그래두 요아정은 사랑이니 사묵는댜.. ❤️
mattjun11 | 2024-07-10 | 오! ㅋㅋㅋ 먹방 보는 느낌이에요 ㅋㅋㅋㅋㅋ
bottlejune__96 | 2024-07-10 | 맛이 쏘쏘했다니 아쉽네요 ㅠㅠㅠ😍😍
hihee.e | 2024-07-10 | 요아정 ㅠㅠㅠ 저도 사먹어볼래요❤️
wu_hyun | 2024-07-10 | 편의점엔 요새 근데 안나오는게 없네영 신기😮
muk_marorong | 2024-07-10 | 우앙 요아정?!?!😍😍
biggn_o | 2024-07-10 | 아쉽구만유😂 먹어는 봐야겠닼ㅋㅋ🔥
j_a___n723 | 2024-07-10 | 지에스 가야겟어요 ❤️❤️
kimcoffee_c | 2024-07-10 | 요거 사먹어보고 싶은데요😍❤️
jjinang_pick | 2024-07-10 | 요아정 징챠 조아하는데❤️❤️❤️
needsman_daejeon | 2024-07-10 | 오늘 편의점 가야겠는데요 😋
yoonmukjja | 2024-07-10 | 우앗 그래두 초코쉘..!🍀
muk_joongsa | 2024-07-10 | 아숩지만 요아정은 싸랑ㅠㅠㅠㅠㅠㅠ❤️
mukdang0 | 2024-07-10 | 오홍 싱기!! 츄베릅❤️❤️
leeoh_review_ | 2024-07-10 | 오 이거 궁금했는데 ❤️❤️
tasteraveler | 2024-07-10 | 요아정도안먹어본 내가 ,, 이걸먹을수잇다니 기대
sowon_yam2 | 2024-07-10 | 요거트 좀 더 쎘으면 ㄲㅂ!!
churping_oo | 2024-07-10 | 요아정 먹어봐야겠쥐❤️
muklidangil | 2024-07-10 | 궁금! 오늘먹어봐야겠네요🙌
foogle__ | 2024-07-10 | 당 적어서 그래도 좋군요 👏
muk_tteul | 2024-07-10 | 결국엔 아숩 ㅠ
do___yummy | 2024-07-10 | 헐 요아정이 편의점에까지😮
mukrosee | 2024-07-10 | 요아정 열일하네유❤️
muckza_zzae | 2024-07-10 | 헐 궁그매❤️❤️
muuk.dda | 2024-07-10 | 요거트 맛 더 세면 더 죤맛이겠돠 ㅜ
jack93kim | 2024-07-10 | 오오오오오😍 먹방스타일
ggam_food | 2024-07-10 | 아숩쓰😢
choi._.yummy | 2024-07-10 | 오 당류가 낮아서 저에게 ..딱이네요
yome_foodie | 2024-07-10 | 저두 이거 궁금해요❤️❤️
hyob_muk | 2024-07-10 | 이거 넘 궁그매욥🙌
ddub_e2 | 2024-07-10 | 당류가 없어서 좋은 ㅊㅍ베릅😮
jinarye | 2024-07-10 | 귀욥 피부가 왜케 하야요😮
kidmstyle | 2024-07-10 | 오 돼지바랑 비슷하군요 요거트 맛이 약한게 아쉽지만 한번 맛보고 싶어요😍
hello_s_food | 2024-07-10 | 저당이라 한번쯤은 먹어볼만 하네여❤️
picky.__.eat | 2024-07-10 | 우아아아 저도 사먹어볼래여❤️
misik_oppa | 2024-07-10 | 요거요고 궁금하구만요 👏
matcoder_ | 2024-07-10 | 약간의 아쉬움 ㅠㅠㅠ
muk._.chuuru | 2024-07-10 | 요아정이 몬데 다들그러케...😢
qbee.eat | 2024-07-10 | ㅋㅋㅋㅋㅋ 츄베릅님 ㅠㅠㅠㅠ 얼굴 개귀염 존예탱이라 아이스크림 안보이고 얼굴만 보임 ㅠ ❤️ 곤쥬님
berup_x | 2024-07-10 | ❤️
jameslee0911 | 2024-07-10 | 기대했덤 맛이 아니라서 아쉽네요😂
gwangju_hotgirl | 2024-07-10 | 요아정 초코쉘 맛이쬬 은근 잘어울린다능😍
ruri.food | 2024-07-10 | ❤️❤️
ruri.food | 2024-07-10 | 나두도❤️❤️
myeong_jonmatt | 2024-07-10 | 이 이쁘다
themukeou_2 | 2024-07-10 | 아고 이쁘게 먹어🙌🙌
c_food_zip | 2024-07-10 | 와 엄청 궁금했는데😂
siso_father | 2024-07-10 | 너무 맛있겠어요 😍
maasi_.chaa | 2024-07-10 | 요아정 맛 궁금,, 해욤!!
taetae_foodie | 2024-07-10 | @w0n._.iii 어이 꿀꾸리 구해와
mukjung_ | 2024-07-10 | 아숩 ㅠ❤️
100rang_food | 2024-07-10 | 요아정은 벌꿀집인데ㅜㅜ😮
gyul_yummy | 2024-07-10 | 요아정 좋아하는데 사먹을래여💖"
2024-07-07,382,"CU 두바이 초콜릿 출시 ? CU에서 두바이 초콜릿이 나왔다해서 달려갔는데 이름이 두바이 스타일 초콜릿 가격은 4000원인데 손바닥보다 작은 초콜릿이 1개 들어있음 안에는 카다이프 대신 건면을 넣어 바삭한 식감을 살림🫶🏻 솔직히 피스타치오 맛은 1도 안나고 그냥 식감 좋은 초콜릿,, 이름이 두바이 ‘스타일’ 초콜릿인 이유가 있는듯 건면은 딱 라면땅 같이 짭짤한데 퍽퍽 바쟉🫶🏻 짭짤한 건면에 달달한 초콜릿이 단짠단짠🫶🏻 맛은 있는데 두바이초콜릿은 아니고 4000원은 비싸다.. 💵 4000원 55주","#두바이스타일초콜릿, #씨유신상, #신상리뷰, #두바이초콜릿, #씨유두바이초콜릿, #초콜릿, #편의점신상, #피스타치오, #서울디저트맛집, #간식추천","taetae_foodie | 2024-07-08 | 이거 증말 소리하난 최고… ❤️
food_ssoh | 2024-07-08 | 비싼데 먹어보구 싶네용😍
want._eat | 2024-07-08 | 요거 저도 진짜 궁금해서 먹고싶어요❤️❤️
isanghun6692 | 2024-07-08 | 맛있다는 리뷰는 첨인듯 ㅎㅎ 전 한입먹고 버림 돈 안아까움ㅋㅋ 버리는게 훨신 이득인 맛^^;;
manchaelin | 2024-07-08 | 지인짜 궁금해서 왕 기대했는데 건면 모냐구요오 ㅠㅠ 😱😱
jaaaayydang | 2024-07-08 | 씹는소리 대박❤️
muk_.jjun_ | 2024-07-08 | 바삭한게 너무 맛있게 드시네요!!
jjinang_pick | 2024-07-08 | 가격 너무너무 비싼데여ㅜㅜㅜㅜ
muk.seori | 2024-07-08 | ㅋㅋㅋㅋㅋㅋㅋ진짜 이거 별루..
gyunyami | 2024-07-08 | 앗 건면이라니😢
ham_muklog | 2024-07-08 | 이거 저두 궁금했는데엑😮!!🔥🔥
mukzzang_bread_2 | 2024-07-08 | 앗 두바이초콜릿이라고 해서 기대했는데 두바이스타일이라니 .. 먹기 전부터 실망했어요 .. 😢
i.yeona | 2024-07-08 | 두바이식 흉내조차도 못냈는데 무슨 두바이 스타일인지.. 저런 회사는 망해야 돼요.. 소비자 농락 제대로..
j_a___n723 | 2024-07-08 | 이거별로라하더라구여😂😂
gge.juck | 2024-07-08 | 궁금한데 안궁금해요 이거😮
yum_yum_kkakka | 2024-07-08 | 아쉬워요 요고ㅠㅠ
qbee.eat | 2024-07-08 | 라면땅 ㅋㅋㅋㅋㅋㅋㅋㅋㅋㅋ 킹받는데 궁금 ..😂🔥
rara_muk | 2024-07-08 | 라면땅 같더라구요😢
gyul_yummy | 2024-07-08 | 이거 좀 아쉽다더라구여ㅠㅠㅠㅠ
muckza_zzae | 2024-07-08 | 아 ㅠㅠㅠ소리 좋다,,,,
jack__foodie | 2024-07-08 | 맛른잇는데 사처넌은 안ㅁ준다고라
bokjaaa___ | 2024-07-08 | 솔직후기 최고에요 짱❤️
leeoh_review_ | 2024-07-08 | 오 씨유 가야게따❤️❤️
juner_315 | 2024-07-08 | 건면이라 별로일거 같아용😢
laurent_busan | 2024-07-08 | 두바이st네요 말그대로 ㅠㅠ 아쉽😢
challi.sauce | 2024-07-08 | 음🤔 전 좀더 존버 타보렵니다,,🔥
mochl_ahahcnl | 2024-07-08 | 후기가 너무 많은데 별로가 더 많아서 ㅠㅠ 주저하게돼요😂
foodtings_muk | 2024-07-08 | 오호ㅎㅎ한번 먹어보고싶어용😍
biggn_o | 2024-07-07 | ㅋㅋㅋ리얼 라면땅,,ㅋㅋㅋㅋㅋ🔥
mukbulim_0817 | 2024-07-07 | 개인적으로 비싼 초코라면땅 느낌이였어요😂
seula.12 | 2024-07-07 | 두바이 스타일..! ㅠㅠㅠ 이군여❤️
1onefood_ | 2024-07-07 | 크으 소리 미쳤어용😍😍
kim_nyamsik | 2024-07-07 | 조금 비싸지만 한번 사먹고 싶네요❤️
food_hhunter | 2024-07-07 | 바삭해서 asmr하기엔 좋겠더라고요😢😢
foomo__ | 2024-07-07 | 크.. 여기 완전 좋은데요❤️❤️❤️
bottlejune__96 | 2024-07-07 | 두바이초콜릿 많이 보여서 넘궁금하더라구요 ㅠㅠㅠ😍😍🔥🔥
sh.cookkook | 2024-07-07 | 옹 ㅋㅋㅋㅋㅋㅌ이런 스타일 리뷰 조아요!!!!!
__it.s.youn | 2024-07-07 | 우왑 !! 저 이거 먹고싶잖아요 ❤️
needsman_daejeon | 2024-07-07 | 그래도 궁금해서 Cu 가볼래요 ><
fnvidir | 2024-07-07 | 아 두바이초콜릿이 아니라 두바이‘스타일’초콜릿이었군요 이거 좀 소비자기만같기도😂 후기 감사합니다
muk.news | 2024-07-07 | 이거 궁금하긴해요...
con_coffeeornot | 2024-07-07 | 어우야 찐찐👏👏
jo_c_bab | 2024-07-07 | 이거 진짜 넘 맛있더라구요🔥
dayeating_ | 2024-07-07 | 오 소리 넘 맛있겠는데요 😍
muk__guri | 2024-07-07 | 손바닥 뭐 저렇게 하는건 장풍 쏘시는거에요?
mukkarong | 2024-07-07 | 두바이초콜릿 맛이 너무 궁금해요!!🔥🔥
taste2040 | 2024-07-07 | 와 바삭한 소리가 캬 😍
meogyangyi | 2024-07-07 | 두바이 초콜릿 완전 좋네용😻😻❤️❤️
ddub_e2 | 2024-07-07 | 두베릅😮
hello_s_food | 2024-07-07 | ㅋㅋㅋㅋㅋ 4천원주곤 안먹을정도 접수🔥
matxnyang | 2024-07-07 | 4000원…! 저는 후기 보고 간접체험만 해야겠어요😢
yum_.0._yum | 2024-07-07 | 이거 너무 궁금했는데😍
ddo_sil | 2024-07-07 | 요거 궁금해요ㅜㅜ
mukchoding | 2024-07-07 | 요거 넘 궁금😮🔥🔥
churping_oo | 2024-07-07 | 이거 나도 궁금해여❤️
g_bsoo | 2024-07-07 | 저는 카다이프 맛이 어떤지는 모르겠지만 원조 두바이 초콜릿이 더 더 궁금해지는 맛이더라구요..ㅎㅎ
cielo.s7 | 2024-07-07 | 진짜 궁금한데 생각보다 비싸네요😓
matddori_ | 2024-07-07 | 이거 넘 궁금해영❤️
ming_foodie_ | 2024-07-07 | 오 씨유로 가야겠네용🙌
foodgallery_club | 2024-07-07 | 🥰🥰
mukjung_ | 2024-07-07 | 맛은잇으면먹어봏래❤️
ggam_food | 2024-07-07 | ㅋㅋㅋㅋ 맛은잇어서 다행이네여🙌
muksta__chunsik | 2024-07-07 | 씨유 분발해랏
muk_joongsa | 2024-07-07 | 기다랴써옄ㅋㅋㅋㅋㅋㅋ 언제올라어나!
colorfulsundays | 2024-07-07 | 생각보다 별로군요 😢😢
tasteraveler | 2024-07-07 | 와이거궁금햇는데!!!!! 규할수가없네,,
themukeou_2 | 2024-07-07 | 오 짭단 궁금해🙌🙌
hotdor_s | 2024-07-07 | 한번정도 경험해볼만 하네
ruri.food | 2024-07-07 | 안먹을닷😂
ruri.food | 2024-07-07 | 두바이초코레엣❤️❤️
ham2_ni__ | 2024-07-07 | 오.... 세상 비싸네여...?
100rang_food | 2024-07-07 | 요즘 먹방으로 전향하셨나요😮😮
hyob_muk | 2024-07-07 | 앜ㅋㅋ건면을 대신 넣은거군요
korea_foodzone | 2024-07-07 | 아그작!!!저두요
mukrosee | 2024-07-07 | 정말 식감만 좋은 짭바이죠 ㅠㅠㅠ😂
kimcoffee_c | 2024-07-07 | 카다이프가 생명인데 건면이라닛😂4천원 아낄래용❤️
hihee.e | 2024-07-07 | 오홍 두바이초콜릿 먹어보고파료❤️
yeoni_mukstar | 2024-07-07 | 너무너무 비싸네용😢😢
za_manco | 2024-07-07 | 예쁜거 인정하세요!!❤️
mukdang0 | 2024-07-07 | 소리 대박 츄베릅❤️❤️
aeyongxxi | 2024-07-07 | 이거 그냥스탈이다냥..
yome_foodie | 2024-07-07 | 라면땅ㅠㅠ
berup_x | 2024-07-07 | ❤️
yumyum_report | 2024-07-07 | 바삭바삭 소리 넘 조아용
sowon_yam2 | 2024-07-07 | 이거 궁굼하고 비싸둔여…
limeunzzo | 2024-07-07 | 사천원.... 🫢
misick.mag | 2024-07-07 | 4,000원이면 할머니 순대국 1그릇 하고도 500원이 남는데..ㅠ
yam_yam_ping | 2024-07-07 | 진짜 핫하네용
bonge_o0o_food | 2024-07-07 | 흠..기대에 못미칠거 뻔하지만 먹어보고는 싶은...
jameslee0911 | 2024-07-07 | 오 저도 궁금했어요❤️
muk._.chuuru | 2024-07-07 | 흐음..먹어볼까..
kidmstyle | 2024-07-07 | 요거 궁금하네요 두바이st 초콜릿인걸로 ㅠ
matcoder_ | 2024-07-07 | 4000원은 에바...
kidmstyle | 2024-07-07 | 1등!"
2024-07-06,312,스타벅스 귀여운 신메뉴 디저트 2종 ? 스타벅스에서 신메뉴 디저트로 곰돌이모양 브라우니 케이크와 도넛 출시🫶🏻 브라우니 케이크는 생긴것도 귀여운데 자를때부터 꾸덕🫶🏻 안에 라즈베리잼이 조금 들어있는데 달달한 브라우니와 상큼한 라즈베리잼이 은근 잘어울림🫶🏻 당충전 지대로 되는 브라우니 케이크!! 마스카포네 바닐라 크림이 들어간 도넛🫶🏻 바닐라빈이 콕콕 박혀있고 겉은 화이트초코로 코팅되어있어 오독오독🫶🏻 빵도 질기지 않고 폭신🫶🏻 @@신메뉴 털어보자❤️ 📍#스타벅스 💵 브라우니 케이크 7900원 💵 마스카포네 바닐라 도넛 5300원 55주,"#스타벅스신메뉴, #스벅신메뉴, #신상리뷰, #간식추천, #스벅케이크, #스타벅스케이크, #멜론프라푸치노, #스벅메뉴추천, #먹방asmr, #mukbang, #스타벅스코리아","wanderer_j0ng | 2024-07-08 | 하..
food_zohaa | 2024-07-08 | 캬아 디저트 사랑이죠❤️
meogyangyi | 2024-07-07 | 꺄 넘넘 귀여워용😻😻❤️❤️
seoul_food_like | 2024-07-07 | 당충젼 바로각❤️❤️
bonge_o0o_food | 2024-07-07 | 디저트보다 베릅이 더 귀요움,,,😏
qbee.eat | 2024-07-07 | 와 ㅋㅋㅋㅋ 안에 라즈베리쨈 드간거 조아여❤️❤️
matzip_hyena | 2024-07-07 | 당충전 ㅋ으킁츄베릅
eating_happily_ | 2024-07-06 | 말하면서 먹빵!! 더 조어요><❤️
muknya2024 | 2024-07-06 | 신상 달릴래요😮🔥
fooseidon_ | 2024-07-06 | 와 제대론데요❤️
mukstival | 2024-07-06 | 귀여워서 먹기 미안할거같아여😍
hyob_muk | 2024-07-06 | 스타벅스 신메누 못참아요ㅠㅠ
korea_foodzone | 2024-07-06 | 대리만족🙌
mukddo_muk | 2024-07-06 | 스벅 갈래요❤️
bee__yummy | 2024-07-06 | 아 츄베릅님 너무 귀여워요❤️❤️
aeyongxxi | 2024-07-06 | 디저트 까지❤️
gge.juck | 2024-07-06 | 스벅 맘먹고 귀여움 뿜뿜이네요!
wanteat._.eat | 2024-07-06 | 오늘 스벅으로 가야겠어요😍🔥🔥🔥🔥
js__1oo4 | 2024-07-06 | 브라우니 완전 기여워용 🥺🥺🤎🤎
신상 멜론이랑 같이 먹구싶따❤️
leeoh_review_ | 2024-07-06 | 브라우니케이크 존맛임❤️
muko_die | 2024-07-06 | 찐으로 맛나보이시는데요😍
hello_s_food | 2024-07-06 | 달달함이 엄청 깊을 것 같아여👍👍
ruri.food | 2024-07-06 | 얼굴밖에 안보여🙌
rara_muk | 2024-07-06 | 스벅 신상 궁금❤️
ruri.food | 2024-07-06 | ❤️❤️❤️
ruri.food | 2024-07-06 | 예쁘니
mukkarong | 2024-07-06 | 헐...지금 매우 당떨어졌는데!! 완전 맛있겠어요!!👏👏👏
eat_fp | 2024-07-06 | @reekyung_h
churping_oo | 2024-07-06 | 요즘 이렇게 올리는 영상 너무 좋아요❤️
do___yummy | 2024-07-06 | 당충전 만땅만땅 되겠는데요💛
muuk.dda | 2024-07-06 | 빵이 안 질겨 메모 퐁신할듯
moonchelin.chef | 2024-07-06 | 완전 맛나보이네요🥹
1onefood_ | 2024-07-06 | 왕 너무 기여운데 어케 드셨나용😍
bottlejune__96 | 2024-07-06 | 곰돌이 브라우니 케이크 너무 귀여운거 아닌가요 ㅠㅠㅠ😍😍 신메뉴라니 먹어보러갈래요!!!❤️
muk_rap | 2024-07-06 | 오아.. 당충전🙌
mukdang0 | 2024-07-06 | 졸귀탱 츄베릅 ❤️❤️
hjhjhjhjbabo | 2024-07-06 | 귀요미 신상이닷
wu_hyun | 2024-07-06 | 스벅을 아주 지대로 해부하셨네영 ㅋㅋㅋ 대박이에영
100rang_food | 2024-07-06 | 왁 이것도 먹어볼걸😮
gyusun_1004 | 2024-07-06 | 곰돌이 아야한다규😢 맛있게 잘 먹는다규
biggn_o | 2024-07-06 | 스벅 출발해야겠다ㅠㅠ🔥
__it.s.youn | 2024-07-06 | 어머나 스타벅스 갈일이 또 생겼네요 !
hj_foodie | 2024-07-06 | ㅠㅠㅠ귀여버 베릅이처럼🐻❤️
muk_.jjun_ | 2024-07-06 | 저는 바닐라 도넛 먹을래요!!
hihee.e | 2024-07-06 | 짜르는데 꾸우덕❤️
kimcoffee_c | 2024-07-06 | 스벅에서 넘 귀여운 디저트가 나왔네용😍❤️귀여운 거 못참아🔥🔥
mukrosee | 2024-07-06 | 넘 귀엽쟈냐요❤️
mukstar_md | 2024-07-06 | 포인트만 콕콕 집으시네요ㅎㅎ❤️❤️
teddy_zip_ | 2024-07-06 | 우앙 스벅 신메뉴 먹어볼래요😍
mukbulim_0817 | 2024-07-06 | 저도 먹어봤어요!! 맛있더라구요❤️
jameslee0911 | 2024-07-06 | 신메뉴 당장 먹으러 갈래요❤️
j_a___n723 | 2024-07-06 | 오이거 궁금하더라구여 먹어보고싶었는데 ❤️
jjinang_pick | 2024-07-06 | 이거 넘넘 기여워요❤️❤️❤️
yum_yum_kkakka | 2024-07-06 | 스벅갈래요❤️❤️
jack93kim | 2024-07-06 | 오오오오오오오오 ....😂😂
jack__foodie | 2024-07-06 | 메론먹고 먹네 이썩겟다~
limeunzzo | 2024-07-06 | 헝 너므 기여워요ㅠㅠㅠㅠㅠ❤️❤️
t_cheol2 | 2024-07-06 | 너무 귀여운 신상 아니에요?? ((ㅎㅎㅎ
laurent_busan | 2024-07-06 | 스벅신메뉴 저도 먹어봐야겠어용❤️❤️
tasteraveler | 2024-07-06 | 와 먹방 제대로당 ㅋㅋㅋ 👏👏
yome_foodie | 2024-07-06 | 귀여워여❤️❤️
jinarye | 2024-07-06 | 졸구탱 ㅎ ㅎ
mukitgam_ | 2024-07-06 | 저 사러 갑니당 😍
misick.mag | 2024-07-06 | 브라우니 완전 꾸독해보인다..
muk_captain_ | 2024-07-06 | 살안찌는거 반칙
muk_gonny | 2024-07-06 | 츄베릅❤️❤️ 당충전 할래요
ddo_sil | 2024-07-06 | 스벅 당장 갈래요오
matjanggeum_mugstagram | 2024-07-06 | 너무귀여워요😍😍
dokkkiee | 2024-07-06 | 벫이가 너무 기엽다... 어카지..
kkutti_h | 2024-07-06 | 달달하니 먹어보고팟어요.:❤️
d_t_muksta | 2024-07-06 | 신매뉴 무조건리잖아욬ㅋㅋㅋ😍😍😍
bokjaaa___ | 2024-07-06 | 귀여움 한도초과다… 미쳐따
mukjung_ | 2024-07-06 | 오독오독 당충전❤️
yeji0719 | 2024-07-06 | 둘다 사올래용❤️❤️
jjong_mattang | 2024-07-06 | 스벅 갑니다~~🔥
muksta_zzino | 2024-07-06 | 신메뉴 완전 여심저격인데용😍
seula.12 | 2024-07-06 | 귀여운거 헐 저도 먹을래요❤️
kidmstyle | 2024-07-06 | 와 스벅가면 요거 둘다 사먹어봐야겠어요😍
myeong_jonmatt | 2024-07-06 | 귀여우세요
foobox_ | 2024-07-06 | 스벅 꼭 가봐야겠는데요😍😍😍
muk._.chuuru | 2024-07-06 | 바닐라빈이 박혀잇어?😮대박 고건몰랏지
ham2_ni__ | 2024-07-06 | 너무 귀여워여.....❤️
sowon_yam2 | 2024-07-06 | 당충전할때 딱이네요!! 아아도 ❤️
shkzipbob | 2024-07-06 | 디저트 너무 귀여워용😍 스벅 출동
gyul_yummy | 2024-07-06 | 이거 너무 귀여워여ㅠㅠ
ddub_e2 | 2024-07-06 | 바닐라빈,,,😮
foogle__ | 2024-07-06 | 오 스벅 달려가야겟어요 🙌
muk__guri | 2024-07-06 | 어디서 본건 있으셔서 손바닥으로 배경 하시네요
muk_joongsa | 2024-07-06 | 빵 안질긴거 인죵떠리! 오눌 아침꺼지 먹눈즁인사람 저욘!
hotdor_s | 2024-07-06 | 오 초코에 라즈베리
바닐라까지 조합 좋른데?
유투버로 전향하자
taetae_foodie | 2024-07-06 | 당충전하기 너모 조챠나요❤️ 오늘 스벅가서 신메뉴 털어야겟어요"
2024-07-05,408,일단저장)) 스타벅스 신메뉴 멜론 프라푸치노 출시 ? 7/5부터 일본에서만 먹을 수 있었던 스벅 멜론 프라푸치노가 출시🫶🏻 멜론 크림 가득 얹어있는데 동물성 크림이라 미끄덩 느낌 아니고 꾸덕해서 퍼먹기 굿🫶🏻 맨 아래층엔 멜론청크가 들어 과육이 아삭하게 씹히는데 식감 최고🫶🏻🫶🏻 인공적인 메론 맛이 아님!!! 멜론베이스인 음료는 딱 메로나 맛!🫶🏻 메론 좋아하는 사람한테 추천❤️ 역시 믿고 먹는 스벅이쥬🫶🏻 📍#스타벅스 💵 6500원 55주,"#더멜론오브프라푸치노, #스벅신메뉴, #신상리뷰, #간식추천, #스타벅스신메뉴, #멜론프라푸치노, #스벅메뉴추천, #먹방asmr, #mukbang, #스타벅스코리아","meogyangyi | 2024-07-07 | 멜론 프라푸치노 완전 달달 당충전되더라구용💚💚
hyeri903 | 2024-07-07 | 담에 저도 사먹어봐야겟어요 ㅋㅋ달콤😍
muuk.dda | 2024-07-06 | 메론 조하하니까 내꺼,,
muk_gonny | 2024-07-06 | 메로나맛 궁금 궁금
matddori_ | 2024-07-06 | 스벅신상 못참아여❤️
rara_muk | 2024-07-06 | 스벅 가야겠어요❤️
themukeou_2 | 2024-07-06 | 먹방 유튜브 도오전💚💚
mat_kkimu | 2024-07-06 | 스벅 신메뉴 이게 그렇게 맛나다던데 저도 가봐야겠어용🔥
donghoo960708 | 2024-07-06 | 😍😍😍😍
lucky_vely_log | 2024-07-06 | 멜론 프라푸티노 당장 사목으로 가야겠어요><💚💚
muk.news | 2024-07-06 | 이거 궁금한데요?
min.ddo_o | 2024-07-06 | 오 스벅당장갈래요!!😍😍
sltnqdla | 2024-07-06 | 오아 멜론 과즙도 느끼면서 먹을래여❤️
bokjaaa___ | 2024-07-06 | 이거 맛도리더라구여❤️
manchaelin | 2024-07-06 | 앞에 케이꾸들고 넘 기여워요🧸🐻
mintto0.0 | 2024-07-06 | ㅠㅠㅠ이거 진자 마시쬬🥹 디저트도 추천인가여???
dayeating_ | 2024-07-05 | 메로나맛❤️❤️
hyob_muk | 2024-07-05 | 우앙 스벅 달료갈래요❤️
bonny_vely_ | 2024-07-05 | 꾸덕멜론❤️궁금해여
colorfulsundays | 2024-07-05 | 요건 진짜 못참아요🍈🍈
colorfulsundays | 2024-07-05 | 으아 메론메론❤️❤️❤️❤️
limeunzzo | 2024-07-05 | 와 인형같애여,, 츄베릅님두 케이크도,,❤️
seula.busan | 2024-07-05 | 헐 저 궁금해요.. 스벅가야지@❤️
gge.juck | 2024-07-05 | 이거 진짜 너무 궁금해요😮
leeoh_review__ | 2024-07-05 | 오 리뷰 너무 조타❤️
aeyongxxi | 2024-07-05 | 먹방요정이냥
food_ssoh | 2024-07-05 | 넘 궁금 !!! 맛있을 거 같아용😍
yeji0719 | 2024-07-05 | 내일 스벅가야겟어욤👍👍
jjinang_pick | 2024-07-05 | 왜케 이뽀용?
daejeon_ddomatddo | 2024-07-05 | 인공적인 메론맛 아니라니 더 먹어보고싶어요❤️
j_a___n723 | 2024-07-05 | 오스벅 당장 가야겟어요
bonge_o0o_food | 2024-07-05 | 나 머거볼레잉🙌🙌
mat.search | 2024-07-05 | 우와 멜론 프라푸치노 넘 궁금해요❤️❤️
js__1oo4 | 2024-07-05 | 인공적이지 않다니 완전 취향저격일거 같아용💚💚
스벅 무조건 가야해🫶🏻🫶🏻
yeoni_mukstar | 2024-07-05 | 우왕 저도 멜론 러버인데 인위적인 맛이 아니라서 넘 좋네요🍈🍈 와중에 인님 설명 넘 잘하세요!!
gyul_yummy | 2024-07-05 | 이건 저두 꼭 먹어봐야겠어요!!🥺🫶🏻
muk_.jjun_ | 2024-07-05 | 다음 스벅 메뉴는 이거다!!
matport_ | 2024-07-05 | 와 진짜 끝내쥬는 비주얼이에오ㅠㅠ❤️
muk__jjung | 2024-07-05 | 스벅신상 무조건 먹어봐야쥬😍
cooking_sam_kitchen | 2024-07-05 | 맛있는 신메뉴 ㅎㅎ 필수
mukbulim_0817 | 2024-07-05 | 요거 신상 궁금해요😍
1onefood_ | 2024-07-05 | 왓!! 이제 유튜브로 전향하시는건가요!!
bee__yummy | 2024-07-05 | 오아 먹어볼래요❤️❤️
mat_daram | 2024-07-05 | 오잉 크림도 멜론이에요? ㅋㅋㅋ ❤️
qbee.eat | 2024-07-05 | 대박 ,,멜론 청크도 들은거 좋다❤️
hye_foodie_ | 2024-07-05 | 오 메로나조아하는데😮 당장먹으러갈래용
food_zohaa | 2024-07-05 | 카페@각이자나요❤️
mukjung_ | 2024-07-05 | 먹방데뷔인가요❤️
matxnyang_3 | 2024-07-05 | 곰돌이도 귀엽고 멜론프라푸치노도 궁금해여❤❤
hdul_daily | 2024-07-05 | 멜론이거 요즘 핫하던데요
muk_tteul | 2024-07-05 | 유투버 아니신가요??😮
bottlejune__96 | 2024-07-05 | 스벅 신메뉴로 멜론 프라푸치노가 나왔다니 담에 가면 꼭 마셔볼래요!!! ㅎㅎㅎ😍😍
biggn_o | 2024-07-05 | 오 저도 먹으러갑니답🤤
misick.mag | 2024-07-05 | 멜론 씹히는거 추향저격이네요 ㅎㅎ
matpamine_ | 2024-07-05 | 이거 맛나더군요👏
ddo_sil | 2024-07-05 | 스벅 가야게쏘요오
mukrosee | 2024-07-05 | 스벅 케이크도 졸귀탱이에요❤️
busan_delicious_diary | 2024-07-05 | 스벅으로 달려가기❤
yucangwoo | 2024-07-05 | 맛있겠다 스벅가면 바로 주문합니다
yome_foodie | 2024-07-05 | 당충전❤️❤️
jaaaayydang | 2024-07-05 | 오 메로나맛💚💚
hotdor_s | 2024-07-05 | 순간 유튜브 보고있는줄 알았넼ㅋㅋㅋㅋㅋㅋㅋㅋㅋㅋㅋ
moo_boza | 2024-07-05 | @muk__guri 사쥬세요!!
jameslee0911 | 2024-07-05 | 오 저도 먹어볼래요❤️
hihee.e | 2024-07-05 | ㅋㅋㅋㅋ이고진짜 그냥메로나 넣은줄아라써여
matketers | 2024-07-05 | 배고파지는 비줠이에요❤️
ruri.food | 2024-07-05 | 메로나로나❤️❤️
jack__foodie | 2024-07-05 | ㅋㅋㅋㅋㅋㅋㅋ 메로나맛이 인공적인거 아니냐곸ㅋㅋㅋㅋㅋㅋ
ruri.food | 2024-07-05 | 귀요미❤️❤️
aug_piiggg | 2024-07-05 | 멜론 좋아하는데 먹어볼래요❤️
korea_foodzone | 2024-07-05 | 헐 스벅달려갈래여🙌
juner_315 | 2024-07-05 | 프라프치노!!! 츄베릅😍
churping_oo | 2024-07-05 | 스타벅스가서 먹어봐야디❤️
1juszz | 2024-07-05 | 저거 일본에서 팔던데
ddub_e2 | 2024-07-05 | 먹방베릅😮
maaat.q | 2024-07-05 | 와 메론크림이진짜 궁금한데요😮
gwangju_oneallzero | 2024-07-05 | 아 완전 궁드매요 메로나맛😍
hj_foodie | 2024-07-05 | 오호 인공적이지않게 달달한거 너무좋쟈나〰️♥️
shkzipbob | 2024-07-05 | 스벅당장고고해야겠어요❤️
eat_fp | 2024-07-05 | @reekyung_h
food._.hwan | 2024-07-05 | 저도 지금 먹고있어요 ㅋㅋㅋㅋ
먹방 츄베릅🔥🔥
100rang_food | 2024-07-05 | 저도 눈뜨지마자 먹고왔어요😮😮
mukkarong | 2024-07-05 | 오오오!!! 오늘 스벅 달려갈래요!!🏃‍♂️🏃‍♂️🏃‍♂️🏃‍♂️
teddy_zip_ | 2024-07-05 | 메론 프라푸치노 궁금해요😍
berry_yummy2 | 2024-07-05 | 인공적인맛이 아니라니 마셔볼래용🤩
__it.s.youn | 2024-07-05 | 우와… !!! 신상 갔다 오셨군요 ><
muk__guri | 2024-07-05 | 메로나 맛이면 메로나 사먹을래요
muckza_zzae | 2024-07-05 | 추천❤️❤️
muk_captain_ | 2024-07-05 | 먹방 인스타그래머!! 뀰잼
pigpig___me | 2024-07-05 | 요거 진짜 맛나나봐용😍😍
mukdang0 | 2024-07-05 | 꾸덕꾸덕 츄베릅❤️❤️
sowon_yam2 | 2024-07-05 | 옼ㅋㅋㅋ추천 감사합니당❤️❤️
gage__men | 2024-07-05 | 지금 당장 스벅갑니다😍
hanip_de_share | 2024-07-05 | 직접 설명해주시는 콘텐츠 좋은 것 같아요!!
muk_joongsa | 2024-07-05 | 지금 먹고있는데 알맹이 씹혀서 져아여❤️
j2ch.busan | 2024-07-05 | ㅋㅋㅋㅋ 츄베릅님 이제 먹방 쪽으로 가시나요
muk._.chuuru | 2024-07-05 | 그럼이제 올때 스벅❤️
berup_x | 2024-07-05 | ❤️
kidmstyle | 2024-07-05 | 오! 궁금해요 메로나맛! 메론 좋아하는데 스벅가면 사먹어볼게요 케이크도 궁금해요😍
dama.zine | 2024-07-05 | 멜론 프라푸치노 넘 궁금한데유~"
2024-07-04,467,탄단지 완벽한 컵라면 ? 챔과 소시지가 도톰하게 들어있는 부대찌개 스타일의 라면🫶🏻 국내산 닭가슴살 소시지라 단백질 보충까지🫶🏻 탄단지 갓벽한 식단 인정 ?🫶🏻 1분 40초 전자레인지 돌리면 더욱 쫄깃한 면발을 맛볼 수 있음🫶🏻 사골로 우린 국물이 깊고 진하네🫶🏻 국물 맵기는 그렇게 맵지 않고 칼칼 정도 ? 밥까지 말아서 먹어버리면 게임 끝🫶🏻 💵 3800원 56주,"#광고, #챔라면, #라면먹방, #컵라면, #라면추천, #라면맛집, #야식추천, #야식메뉴추천, #먹방asmr, #편의점음식, #편의점꿀조합, #mukbang, #하림닭가슴살","limeunzzo | 2024-07-05 | 인형같애여,,,
j_a___n723 | 2024-07-05 | 이시간에보다니 힘들어여 🙌🙌
muk__guri | 2024-07-05 | 커어~하는게 그냥 아재네요?
laurent_busan | 2024-07-05 | 챔 들어간 라면 츄베릅 ❤️❤️
chu.berup_jmt | 2024-07-05 | 하림 챔라면
가까운 편의점 및 하림몰,쿠팡 구매 가능‼️
@harim_official
only.one_david | 2024-07-05 | 피드 너무 좋아요~!먹팔 소통해요~!👍👏
zzu.meokbap | 2024-07-05 | 저도 먹어보고파요!!! 면치기❤️
colawhk21e4 | 2024-07-05 | @ongzzin 이거 같이 먹을 옹삐니 구해요🤗
moonchelin.chef | 2024-07-05 | 저도 라면 먹고 갈래요😍
ham_muklog | 2024-07-05 | 이거 저두 궁금했는데엑😮!! 눈에 보이면 사와야겠어용❤️
eating_happily_ | 2024-07-05 | 와 소맄ㅋㅋㅋㅋㅋㅋㅋ대받인데요👍
rara_muk | 2024-07-05 | 와 챔라면 완전 맛있겠어요😍
mukorang | 2024-07-05 | 아 라면 땡갸요ㅠ
ggam_food | 2024-07-05 | 챔나 맛잇는 라면❤️
minny_mukhaengja | 2024-07-05 | 와 챔라면 먹방.. 츄베릅…🍜
menggong__ecig | 2024-07-05 | 면치기 소리 미쳤어오ㅠㅠㅠ😢
mukitgam_ | 2024-07-05 | 호로록소리 미쳐떠여 ㅠㅠㅠㅠ
muckza_zzae | 2024-07-05 | 라면 먹는것도 예쁜 츄츄~
dog.matdori | 2024-07-05 | 아~하~ ㅋㅋ감동의소맄ㅋ
meokkoking | 2024-07-05 | 😍😍한끼 든든한 챔라면🔥
muuk.dda | 2024-07-05 | 먹방 데뷔 언제 하시나요
bokjaaa___ | 2024-07-05 | 이 시간에 대박…❤️❤️
fooseidon_ | 2024-07-05 | 이거 맛잇됴🔥
dayeating_ | 2024-07-05 | 오 챔라면 쬰맛👍👍
tasteraveler | 2024-07-04 | ㅠㅠ야밤에,,,봐버렷다,,😍😍개쥰맛일듯,,,
jaaaayydang | 2024-07-04 | 탄단지 완벽한거 넘나 취저에여👍❤️
foodie_class | 2024-07-04 | 와 이시간에 보니 라면 너무 땡기네요...😍
meokdoong | 2024-07-04 | ㅋㅋㅋㅋ아 후루룩!!!!!!!!! 챔라면 와 안먹어봄유 귱금ㅎ
bottlejune__96 | 2024-07-04 | 챔라면 많이 보여서 궁금하더라구요 ㅠㅠㅠ😍😍
muk_captain_ | 2024-07-04 | 미모 열일 하시는거와 대비대는 소주 한짝 드신 국물 소리ㅜ커어~!
gimeunseol514 | 2024-07-04 | 으아아 챔라면 먹방 😍😍😍 이거잖어요 !!!! 후루룩 ❤️👍
hihee.e | 2024-07-04 | 와웅 대박적인데여❤️
tanguriyaaa_ | 2024-07-04 | 와.. 라면 끓이러 갑니다🔥🔥🔥
yeoni_mukstar | 2024-07-04 | 오오 부대찌개 느낌의 라면이라니 저도 먹어봐야겠어요❤️❤️
colorfulsundays | 2024-07-04 | ❤️❤️❤️❤️❤️
colorfulsundays | 2024-07-04 | 너무 뜨거울거같은데 잘드시네요😮👏👏
1onefood_ | 2024-07-04 | 오오 이거 너무 좋아하죠 ㅎㅎㅎㅎ 😍😍
matpae_official | 2024-07-04 | 넘 맛있어 보여요...💕 먹팔해요🎶
eat._.dopig | 2024-07-04 | ㅎㅎ으어~~ 국물 제대로 드십니다🤣
mukddo_muk | 2024-07-04 | 먹아 볼래요❤️❤️
mukrosee | 2024-07-04 | 챔라면 진짜 맛도뤼😍
hyob_muk | 2024-07-04 | 이거 존맛이자나요❤️
muksta_zzino | 2024-07-04 | 크 소주 한병까고 싶네요 ㅎㅎ
hyunah_pick | 2024-07-04 | 이거 대박이네요😍😍
hotdor_s | 2024-07-04 | 야 야 야!! 너 먹방 유튜브로 진출하자 안되겠다
cream._.ong | 2024-07-04 | 와 소리 들으니까 더 맛있어보여요ㅜㅠ🥹💗
joobong__ | 2024-07-04 | 탄단지 완벽하다뇨! 사봐야겠네요😍
hdul_daily | 2024-07-04 | 츄베릅언제나오나 기다렸는데? 츄베릅
jjinang_pick | 2024-07-04 | 저 이거 엄청 좋아해요❤️
bbbm_jg | 2024-07-04 | 존맛이죵❤️
gge.juck | 2024-07-04 | 아 다이어튼데!!!😂
jjgongju_ | 2024-07-04 | 헐 면 너무 맛있게 드세용❤️❤️
ibabstargram | 2024-07-04 | 소세지, 스팸 들어있다고요😮 요고 꼭 먹어봐야겠어요
leeoh_review_ | 2024-07-04 | 오 먹방 잘하는디???❤️❤️
mukstival | 2024-07-04 | 넘 맛나게 드시는거 같아여...군침좔좌르.
dama.dessert | 2024-07-04 | 아니 츄베릅님 먹방까지????😍🤍💛 역시👍🏻
mukkarong | 2024-07-04 | 오우~~완전 맛있겠는데요?!! 여기에 밥까지 말아먹으면...!!😆😆👍
gwangju_hotgirl | 2024-07-04 | 챔라면?! 먹어바야게따 츄베릅❤️
teddy_zip_ | 2024-07-04 | 우아 소시지랑 스팸까지😍 소리 넘 좋아여
js__1oo4 | 2024-07-04 | 국물 찐한거 보소 🥺🥺👍🏻👍🏻
mat_puri | 2024-07-04 | 디게 맛있게드신다…😍
j2ch.busan | 2024-07-04 | 츄베릅님은 살 안찌시나요(?)
ham2_ni__ | 2024-07-04 | 라면 오ㅑ케 맛나보이죠?😮
aeyongxxi | 2024-07-04 | 먹방이냥❤️
picky.__.eat | 2024-07-04 | 챔라면 책오❤️
taetae_foodie | 2024-07-04 | 헐 이건 오늘 무조건 먹어야겟어여… ❤️
mattjun11 | 2024-07-04 | 이거 해장으로 존맛이에요😮😮😮
gangdowoman | 2024-07-04 | 아니 면치기 왜이렇게 잘하시냐구요😂 배고팡❤️
jin_tto_baegi_7 | 2024-07-04 | 야무지네 맛잇겟다ㅜㅜ
__it.s.youn | 2024-07-04 | 우오오 !! 라면 짱 맛일 듯 !!
hj_foodie | 2024-07-04 | 대박이댱 부대찌개 라면 ㅠㅠ❤️
biggn_o | 2024-07-04 | 캬 이건 또 라면 못참겠어여😍
nyam_.nya | 2024-07-04 | 헐 맛있겠다..
jinarye | 2024-07-04 | 라면 마싯겠당❤️❤️
kimcoffee_c | 2024-07-04 | 부찌맛 날 거 같아서 넘 맛있겠어용🔥❤️
hello_s_food | 2024-07-04 | 오 부찌 스타일❤️
muk__guri | 2024-07-04 | 우와 먹방야무지다...
hh.__.jin | 2024-07-04 | 챔라면 존맛인데.. ㅠ 체다치즈 한장이랑 계란 한알 톡 까서 전자레인지@돌리면 ㅁㅊ넘
mukdang0 | 2024-07-04 | 라면 대박 츄베릅❤️❤️
meogyangyi | 2024-07-04 | 챔라면 궁금해영❤️❤️
muk_joongsa | 2024-07-04 | 아니 얼굴이 얼마나 작은거지,, 챔라면이 큰건가?
ddunny_ddun | 2024-07-04 | 챔라면 저도 먹어봐야게따❤
t_cheol2 | 2024-07-04 | 챔 죽이네요 ㅎㅎㅎ
korea_foodzone | 2024-07-04 | 챔라면 맛있겟따...
ddub_e2 | 2024-07-04 | 이젠 먹방까지 먹베릅😮
hihee.e | 2024-07-04 | 라면도 진짜 맛나게 먹츄릅❤️
mukjung_ | 2024-07-04 | 토익책이다
sunday_s_event | 2024-07-04 | 아니 왤케 잘드세요..?!😮 게다가 존예…😍
c_food_zip | 2024-07-04 | 먹방 잘하시네요 🙌🙌 맛나보여요
juner_315 | 2024-07-04 | 리챔 컵라면 인건가용!!?😮
ddo_sil | 2024-07-04 | 챔라면 궁금해요오❤️
busan_delicious_diary | 2024-07-04 | 오우 사먹어볼래요❤️
pigpig___me | 2024-07-04 | 맛있어보여요~저도 먹어보고 싶네요😋🩷
yome_foodie | 2024-07-04 | 챔라면 당장 사러갈래여ㅠㅠ
_gahyoida | 2024-07-04 | 라면 먹을 때 맨날 햄 추가해서 먹었는데 그럴 필요 없잖아~~?
seoul__guide | 2024-07-04 | 챔라면 너무 좋아요 ㅠㅠ
themukeou_2 | 2024-07-04 | 어머 이거 라면 해장으로도 각이네❤️❤️
aug_piiggg | 2024-07-04 | 꺄 라면먹방 좋은데용😍😍
muk_tteul | 2024-07-04 | 챔챔 츄베릎❤️
mukjung_ | 2024-07-04 | ❤️❤️"
2024-07-04,1592,팔뚝만한 대왕 자이언트 치즈스틱 ? 명랑핫도그에서 새롭게 출시한 자이언트 치즈스틱🫶🏻 팔뚝만한 크기에 놀라고 맛에 놀라고🫶🏻🫶🏻 왕크왕맛;;🫶🏻 겉바속쫀 치즈스틱인데 안에는 치즈 가득🫶🏻 달달한데 고소한 맛🫶🏻 치즈볼 10개 먹는 느낌🫶🏻 얼른 겟해서 츄베릅하러 고우❤️ @@치즈스틱 사쥬❤️ 📍#명랑핫도그 전지역 💵 자이언트치즈스틱 4900원 56주,"#핫도그맛집, #명랑핫도그신메뉴, #명랑핫도그추천, #치즈스틱, #자이언트치즈스틱, #신상리뷰, #핫도그먹방, #디저트추천, #간식추천","mukgee_ | 2024-07-12 | 치즈 늘어나는거 장난없어요😍
meogyangyi | 2024-07-07 | 왕치즈스틱 완전 좋아용😻😻❤️❤️
mukmuk_damuk | 2024-07-07 | 명랑핫도그 신매뉴 이거 탐나네요❤️
muck_daily_review | 2024-07-06 | 팔뚝만하다
muk_gonny | 2024-07-06 | 지금 바로 먹고 싶은 비주얼!!😆😆 침샘 폭발!!😍😍
bob.zzo | 2024-07-05 | 와, , 크기 실화인가유?❤️
yome_foodie | 2024-07-05 | 왕커요❤️
hjhjhjhjbabo | 2024-07-05 | 대왕 치즈 맘에 쏙 드네😍
colawhk21e4 | 2024-07-05 | @ongzzin
juner_315 | 2024-07-05 | 두개만 먹어도 배부를거 같은 비주얼😍
kim_nyamsik | 2024-07-05 | 대왕 치즈스틱 넘 최고에요😍😍
dog.matdori | 2024-07-05 | 길다...헤헷... ❤️
ddunny_ddun | 2024-07-05 | 우와 진짜크다 대왕..❤
muuk.dda | 2024-07-05 | 와 진짜 왕쿠다,,
bokjaaa___ | 2024-07-05 | 와 이거죠 대박❤️❤️
jungbojyong | 2024-07-05 | 헐~👍진짜 크네요😍
tasteraveler | 2024-07-05 | 츄루룹,,치즈봐😢😢🔥미쳐
laurent_busan | 2024-07-04 | 대왕치즈스틱 넘 조아유 👍👍
jaaaayydang | 2024-07-04 | 대바쿠🔥🔥
d_t_muksta | 2024-07-04 | 하아 이거 먹어보고 싶더라구요?ㅎㅎㅎ😍
colorfulsundays | 2024-07-04 | 👍👍👍👍👍
colorfulsundays | 2024-07-04 | 와 ㅋㅋㅋㅋ 요거 먹어봐야겠어요🤩
j.j.jj.kz | 2024-07-04 | 거의 내껀데?
ma_eatda | 2024-07-04 | 치즈수틱 크 ~ ❤️👍
eat._.dopig | 2024-07-04 | ㅋㅋㅋ이거 저도 먹어보고싶네요😂
misick.mag | 2024-07-04 | 와 이거 진짜 너무 먹어보고싶다..😮😮
hotdor_s | 2024-07-04 | ㅋㅋㅋㅋㅋㅋㅋㅋㅋㅋ @ddo_sil 야야 너 다리만한데?!
gge.juck | 2024-07-04 | 팔뚝하나 주세요 츄베릅😍
food_zohaa | 2024-07-04 | 치즈스틱@사랑이네요❤️
ham2_ni__ | 2024-07-04 | 진짜 팔뚝만해여😮
100rang_food | 2024-07-04 | 왁 요거 미쳤다구요😍
siso_father | 2024-07-04 | 크기 대박
aeyongxxi | 2024-07-04 | 우와… 대박이다냥
yumyum_report | 2024-07-04 | 와 진짜 커서 하나만 먹어도 배부를거같아여😍
food_ssoh | 2024-07-04 | 저듀 먹을래용 >~<😍
jinihankki | 2024-07-04 | 맛도리 비주얼 미쳤다아🔥🔥🔥
kidmstyle | 2024-07-04 | 와 진짜 크네요 ㅎㅎㅎ 명랑가면 사먹어봐야겠어요😍
rorogultravel | 2024-07-04 | 완전 맛있어 보여요🙌🏻😋
yucangwoo | 2024-07-04 | @_k.chaeng__ 우리동네 명량어디갔너
siktam94 | 2024-07-04 | ❤️❤️
noonday_couple | 2024-07-04 | 치즈스틱 완전 크다❤️
__ddami_ | 2024-07-04 | 와 치즈스틱 사이즈 어마어마하네요😍
hdul_daily | 2024-07-04 | 쫘아아아악 사운드까지 대잗
muk._kw | 2024-07-04 | 치즈스틱 크기 보소 ㅠㅜ❤️
rara_muk | 2024-07-04 | 이거 진짜 궁금해요😍
food___hwan | 2024-07-04 | ㄹㅇ 팔뚝만한 치즈스틱❤️
dama.dessert | 2024-07-04 | 팔뚝보다 더 두껍다 우와 🤍💛
mukrosee | 2024-07-04 | 우아 엄청커요😮😮
hee.muk__ | 2024-07-04 | 크기 대박이네용🧡🧡
ulsanswan_food | 2024-07-04 | 오 명량 완전 대왕이군
wu_hyun | 2024-07-04 | 대왕사이즈 미쳤네영 정말 와 ㅋㅋㅋ 대박인데용 아주 👍👍
yum_yum_kkakka | 2024-07-04 | 와 대왕치즈스틱❤️
yam_yam_ping | 2024-07-04 | 대왕치즈스틱 대박❤️❤️
eat_fp | 2024-07-04 | @reekyung_h
sang_hwa00 | 2024-07-04 | 치즈 못참아요!!
suhoyum | 2024-07-04 | 치즈스틱 대박이네여😍
matxnyang | 2024-07-04 | 팔뚝만한 치즈스틱!!!! 먹어야죠❤❤
jinarye | 2024-07-04 | 와 크기봐😍
matport_ | 2024-07-04 | 오우 진짜로 레전드네요❤️
gyul_yummy | 2024-07-04 | 헐 사이즈 짱크네여💖
biggn_o | 2024-07-04 | 캬아 치즈스틱 진짜 큰데옄ㅋㅋ😍
hihee.e | 2024-07-04 | 치즈스틱 왕커요😮❤️
jjinang_pick | 2024-07-04 | 크으@ㅇ거거익산
hyunjae_mukstagram | 2024-07-04 | 옹 이거 요즘 핫하던데🔥🔥
meokkoking | 2024-07-04 | 이거 한입에 먹고싶네뇨 와구❤️
meokkoking | 2024-07-04 | 우앙❤️❤️ 한입컷🙌🙌
ssu__kyoung | 2024-07-04 | 와!! 대박대박!!치즈스틱이 이렇게 거대해도 되나요
jameslee0911 | 2024-07-04 | 크으 저도 먹어보고 싶어요😍
yamyam_sisters | 2024-07-04 | 와 진짜 치즈스틱 대박❤
hello_s_food | 2024-07-04 | 방망인데여?!!
sanghoon.eat | 2024-07-04 | 겁나게 두껍네요 ㄷ
muk_joongsa | 2024-07-04 | 대왕 치즈스틱 쥐림여❤️❤️
summer._.jeju | 2024-07-04 | 짱크니까 짱마시따!!!!
churping_oo | 2024-07-04 | 치즈 쫘아아악❤️대왕치즈 미쵸😍
s0happylife | 2024-07-04 | 이건 레전드잖아요😋♥️
tanguriyaaa_ | 2024-07-04 | 오앗 겁나커요🔥🔥
js__1oo4 | 2024-07-04 | 여태까지 이렇게 큰 치즈스틱 본적이 없어여 🫢🫢👍🏻👍🏻
mut_dam | 2024-07-04 | 치즈가 쭉쭉😍😍😍
e.den_0.0 | 2024-07-04 | 대왕 치즈스틱 먹으러 가야겠어욤❤️ 짱이다욤❤️
jimin_dish | 2024-07-04 | 대박인데요~🔥🔥
muckza_zzae | 2024-07-04 | 팔쭉이 넘 째까내ㅠㅠ
_mokpo_good_place | 2024-07-04 | 대왕 먹고싶네요👍👍😆
limeunzzo | 2024-07-04 | 우아 엄청 커욬ㅋㅋㅋㅋㅋ
jack93kim | 2024-07-04 | 향동에 명량핫도그 하나 해볼까....
ruri.food | 2024-07-04 | 😍😍😍
ruri.food | 2024-07-04 | 내놔ㅜㅜ존맛각
themukeou_2 | 2024-07-04 | 와 개커;;
aug_piiggg | 2024-07-04 | 오 진짜 커요😮😮
danji.muk_log | 2024-07-04 | 오랜만에 명랑가야겠고만~
ddo_sil | 2024-07-04 | 완전 커요오
queensgarden_shabu | 2024-07-04 | 와웅  무조건 맛집 인정 👍👍👍
shkzipbob | 2024-07-04 | 와 치즈스틱 미쳐따용❤️
seula.busan | 2024-07-04 | 대왕사이즈 진짜 미쳤어욬ㅋㅋ❤️
mukdang0 | 2024-07-04 | 크 츄베릅❤️❤️
hye_foodie_ | 2024-07-04 | 치즈늘어나는거 너무 조크든여ㅠㅠㅠ겉바속촉,,
mukjung_ | 2024-07-04 | 아신메뉴달려갓어야라는데❤️
ming_foodie_ | 2024-07-04 | 아니요즘은 대왕이 대세인가바여ㅋㅋㅋ
mukkarong | 2024-07-04 | 오오오!! 비주얼 대박...!!! 크기도 장난아닌데요?!!😆😆😆👍👍👍👍
muk__guri | 2024-07-04 | ㄹㅇ 존맛탱❤️❤️
muk._.chuuru | 2024-07-04 | 팔이작은거야 저게큰거야👀"
2024-07-03,364,[홍대] 퐁신쫄깃 미친 화이트롤 ? <뽀르뚜아> 카스테라 크림빵이라고도 하는 화이트롤🫶🏻 퐁신쫄깃한 빵에 연유크림 가득🫶🏻 빵순이 아니라도 바로 순삭가능🫶🏻 포슬포슬 가루가 많이 떨어지지만 빵도 맛있고 크림도 맛있어 목에서 꿀떡꿀떡 넘어감🫶🏻🫶🏻 홍대 지나갈때 사보는 것 추천🫶🏻 @@빵사쥬❤️ 📍#뽀르뚜아 📍 서울 마포구 동교로 201 56주,"#홍대맛집, #홍대맛집추천, #홍대데이트코스, #홍대카페추천, #홍대디저트맛집, #빵지순례, #홍대빵집, #화이트롤, #카스테라크림빵","meogyangyi | 2024-07-07 | 와 화이트롤 크림 대박이다냥😻😻❤️❤️
muk_gonny | 2024-07-06 | 식욕자극하는 음식들!!! 침이 주르륵~
space_look__ | 2024-07-06 | 와 대박이네요
bee__yummy | 2024-07-05 | 하 너무 취저요💛
eum_masitto | 2024-07-05 | 하 침고여요❤️❤️
foodgallery_club | 2024-07-05 | 저도 먹고싶어여!♡
jaaaayydang | 2024-07-04 | 하…. 지금 너무 먹고파여💛
juner_315 | 2024-07-04 | 커피랑 먹구싶어요!!😍
food_ssoh | 2024-07-04 | 크림가득한 빵 좋아용😍
you__ni_ | 2024-07-04 | 와웅.. 연유크림💛 아아랑 먹으면 행복할듯요
hye_foodie_ | 2024-07-04 | 와 크림뿜어나오는거 진짜 대박이네요😮
mukzzang_bread_ | 2024-07-04 | 와 입에서 사르르 없어지는거 아니에요 ❤️
c_food_zip | 2024-07-04 | 와 때깔 넘 조아요 🔥❤️ 꼭 먹어봐야지!
qbee.eat | 2024-07-04 | @d_t_muksta 디티님 나 이거 ..
mukbears | 2024-07-04 | 화이트롤 진짜 퐁신해보이자나요❤️❤️
mukbulim_0817 | 2024-07-04 | 부드러운것 좀 보소!!!
jjinang_pick | 2024-07-04 | 우와 퐁신함 대박
biggn_o | 2024-07-04 | 캬 화이트롤 흡입이져ㅠㅠ😍
porschelin_man | 2024-07-04 | 뛰고있습니다😂😂😂
food_zohaa | 2024-07-04 | 빵 폭신한거 보소❤️
muuk.dda | 2024-07-04 | 저두 순삭할 자신이써요 ㅠ
sltnqdla | 2024-07-04 | 와 요거 우유랑 먹으면 순삭이자나요❤️
bokjaaa___ | 2024-07-04 | 크림양 실화냐구요🫢❤️
mochl_ahahcnl | 2024-07-04 | 이 맛을 알아서 더 괴롭습니다…😍
yummydesne | 2024-07-04 | 가루날림 무릎쓰고 믿고 먹는 화이트롤이죠 🌞
hello_s_food | 2024-07-04 | @hyunik8_8 이성을 잃어버릴거 같은데🔥🔥
dayeating_ | 2024-07-04 | 화이트롤 퐁신퐁신 대박 맛있겠어요
muk_girls | 2024-07-03 | 와 포슬포슬 맛나겠어용😍😍
hdul_daily | 2024-07-03 | 연유크림 ..와 대박이다
eating_happily_ | 2024-07-03 | 여기ㅠㅠㅠㅜ 존맛탱..😍
hyob_muk | 2024-07-03 | 크림가득 미쵸요🔥
matddori_ | 2024-07-03 | 대박 맛또리 비주얼이에용🥹🤍
taetae_foodie | 2024-07-03 | ㄹㅇ 이거 제 최애빵 ㅠㅠㅠ❤️
1onefood_ | 2024-07-03 | 와 꾸덕하이 미쳤어용😍
aeyongxxi | 2024-07-03 | 진짜 대박이다냥❤️
sowon_yam2 | 2024-07-03 | 제가 이거 많이찾고있어요ㅠㅠ
rara_muk | 2024-07-03 | 화이트롤 넘 맛있죠❤️
js__1oo4 | 2024-07-03 | 생크림 들어간건 많이 봤는데 연유크림이라니🥺🥺💛💛
한 입 먹어보는순간 극락이겠어용,,✨✨
meokdoong | 2024-07-03 | 화이트롤 앙좋아할수가없쥐!!!!!!
mukchoding | 2024-07-03 | 여기 진짜 맛나죠😮🔥
misick.mag | 2024-07-03 | 크림 폭발하네요 ❤️❤️
mukddo_muk | 2024-07-03 | 너무 먹고싶자나요❤️
gage__men | 2024-07-03 | 퐁싱퐁싱 입에던지자
ham2_ni__ | 2024-07-03 | ㅠㅠㅠㅠㅜ이거 우유랑 먹으면 짱이에여❤️
matxnyang_3 | 2024-07-03 | 연유크림 한가득 먹음직스러워요❤❤
muk_.jjun_ | 2024-07-03 | 지금 달려가요!!
suhoyum | 2024-07-03 | 우아아 퐁심퐁실❤️
mat__check | 2024-07-03 | 맛체크하러 달려갈래요💛💛
muk__guri | 2024-07-03 | 와 화이트롤 쫀맛인데 ㄷㄷ
ssu__kyoung | 2024-07-03 | 보송보송~ 달콤달꼼~! 너무맛있겠어요😍😍😍😍
__it.s.youn | 2024-07-03 | 우와 ..!! 이 퐁신퐁싱함 ❤️
hihee.e | 2024-07-03 | 오홍ㅋㅋㅋㅋ이거 마약일듯여❤️
nyam_.nya | 2024-07-03 | 퐁실함이 대박
kidmstyle | 2024-07-03 | 와 화이트롤 비주얼 미쳤는데요,, 너무 맛있겠다 😍
ddo__yam | 2024-07-03 | 크어 연유크림 대박이네용😮😮😍
dama.zine | 2024-07-03 | 우유랑 먹기 넘 좋은 빵💛
jjgongju_ | 2024-07-03 | 헐 ㅠㅠㅠ 완전 퐁신퐁신 할거같아요❤️
bottlejune__96 | 2024-07-03 | 화이트롤 엄청 꾸덕하면서 당충전에 제대로겠어요 ㅠㅠㅠ😍😍
gyul_yummy | 2024-07-03 | 이건 저두 꼭 먹어봐야겠어요!!🥺🫶🏻
mukbulim_0817 | 2024-07-03 | 제 최애 화이트롤😍😍😍
zzu.meokbap | 2024-07-03 | 퐁신한 화이트롤 쭈먹밥 취향 저격 완료예영..🥹❤️
muk._kw | 2024-07-03 | 맛난 빵이 가득 ❤️❤️
jinarye | 2024-07-03 | 완전 부드러울듯😍
mut_dam | 2024-07-03 | 퐁신쫄깃❤️❤️❤️
muk._.chuuru | 2024-07-03 | 달려어!!🔥🔥
jameslee0911 | 2024-07-03 | 크으 저도 먹어보고 싶어요😍
leeoh_review_ | 2024-07-03 | 와 홍대 당장간다❤️
fa_eating_ | 2024-07-03 | 퐁신퐁신 미쳐여 ,, ❤️❤️❤️
jinihankki | 2024-07-03 | 캬아 너무 맛있어 보여요❤😆❤
cooking_sam_kitchen | 2024-07-03 | 화이트롤 최고네요 👏👏
100rang_food | 2024-07-03 | 화이트롤 미쳤쟈나요😍
yoon.min.ga.0513 | 2024-07-03 | 요거요거 넘 좋아하는데😍😍😍
mukkarong | 2024-07-03 | 와...요고 완전 부드러운 그 빵 아닙니까?!! 완전 맛있겠어요!!😆😆😆
colorfulsundays | 2024-07-03 | ❤️❤️❤️❤️❤️
colorfulsundays | 2024-07-03 | 저 여기 짱 좋아해요...👏👏👏👏
hotdor_s | 2024-07-03 | 뽀르뚜아 연유 들어간 빵 디지네 진짜!!
cream._.ong | 2024-07-03 | 와 홍대에 있다니 개꿀!!! 이거 꼭 먹는다..🩷🩷
muk_daddy | 2024-07-03 | 크 비주얼미쳐따🔥
ddo_sil | 2024-07-03 | 우유랑 머글랴요오
seoul__guide | 2024-07-03 | 화이트롤 대박..완전 군침돌아요 ㅠㅠ
choi._.yummy | 2024-07-03 | 크림 와구와구 먹고싶어져요🤤
matpamine_ | 2024-07-03 | 퐁실퐁싱 입에서 녹아👏
zzangdol77 | 2024-07-03 | 우와~맛나겠어요~🔥🔥🔥🔥🔥🔥🔥🔥
dog.matdori | 2024-07-03 | 집게로 집을때부터 부드럽고 촉촉함이 느껴졍😮 속은 더 알차네야 wow🙌🏻
eat._.dopig | 2024-07-03 | 요 빵 최애죠 최애😍
bbang_jjang_ | 2024-07-03 | 달콤 부들~ 너무 맛있겠어요~😍
mukrosee | 2024-07-03 | 오 크기도 짱커요😍😍
shkzipbob | 2024-07-03 | 와진짜맛잇겠어요…😍😍
mukjung_ | 2024-07-03 | 왕퐁신 ❤️❤️
themukeou | 2024-07-03 | 화이트롤 크림보소,,
korea_foodzone | 2024-07-03 | 유아최고당ㅎㅎㅎ헤
ruri.food | 2024-07-03 | 😍😍
ruri.food | 2024-07-03 | 헐 나 저런빵 너무 조아하자나...
mukcamera | 2024-07-03 | 화이트롤 퐁신퐁신❤️
jack__foodie | 2024-07-03 | 달려가바야겟가🙌🙌
mukdang0 | 2024-07-03 | 10개 츄베릅 ❤️❤️
matcoder_ | 2024-07-03 | 와 이거 비줠 대박이네요😍
muk__jjung | 2024-07-03 | 퐁신봉신 화이트롤 넘맛나게땅 ❤️
berup_x | 2024-07-03 | ❤️
wanteat._.eat | 2024-07-03 | 빵 비줠 미쳤다구요 ㅠㅠㅠㅠㅠㅠㅠ😍❤️ 아후 먹고싶어요"
2024-07-01,486,"토핑 가득 때려박는 요거트 아이스크림? <요거트월드> 요즘 날씨가 너무 더워서 새콤시원한 요거트 아이스크림 수혈 필수🫶🏻 이름처럼 제철과일을 가득 주시는 과일폭탄🫶🏻 자몽으로 시켰는데 연유도 뿌려주셔서 새콤달달하게 비타민 충전🫶🏻 요거트 아이스크림 자체는 엄청 새콤한 편은 아니라 먹기 좋았음🫶🏻 초코팅시럽도 추가하니 깨먹는 재미가🫶🏻 그래놀라 초코링 등 다양한 토핑 추가도 있어 식감까지 상승🫶🏻🫶🏻 벌꿀집 추가 필수🫶🏻🫶🏻 벌꿀집을 통으로 큼직하게 주시는데 조금만 먹어도 당 충전🫶🏻 스트레스 싸악 날아간다🫶🏻 1인짜리도 있어서 최고🫶🏻 여기서 꿀팁은 , 바삭한 크룽지 시켜서 아이스크림 얹어먹으면 극락행 열차 출발🫶🏻🫶🏻 음료도 종류 다양해서 커피 한잔 하기도 딱🫶🏻 @@요거트아슈크림 사쥬❤️ 📍#요거트월드 📍 서울 마포구 와우산로21길 8 1층 ⏰ 매일 11:00-02:00 56주","#요월, #요거트아이스크림, #디저트맛집, #디저트카페, #생과일, #홍대맛집, #홍대카페추천, #홍대맛집추천, #홍대데이트코스, #홍대디저트맛집","meogyangyi | 2024-07-07 | 요거트 벌꿀 완전 넘넘 좋아용😻😻❤️❤️
mochl_ahahcnl | 2024-07-03 | 요거트 월드 궁금해요 ❤️
ella._.tto | 2024-07-03 | 요월은 사랑이죠❤️
_yamiyomi_ | 2024-07-02 | 군침이 주르륵…!무조건 먹어야죠🤍🤍
tastebuds__official | 2024-07-02 | 상큼과일들이랑 아주 꿀 조합이겠어요😍
ye.j0u | 2024-07-02 | @_eun__hee_ 나 이거 벌꿀집 먹고싶아
seoyeon_gom | 2024-07-02 | 아이스크림 진짜 ㅠㅠ요거트가 최고자나용>.<
sowon_yam2 | 2024-07-02 | 개꾸르맛인데엥~~❤️
hihee.e | 2024-07-02 | 크룽지에 아슈크림조합 넘 체곤데려❤️
bonge_o0o_food | 2024-07-02 | 요거트 뿌셔🔥🔥
hye_foodie_ | 2024-07-02 | 헐 크룽지에 빙수까지 다먹을래여😍
gge.juck | 2024-07-02 | 진짜 이 더위에 요거트아이스크림 필수😍
mukbo_jjang | 2024-07-02 | 엄청 푸짐 그 잡채😍 저두 한입만여❤️
pigrami_ | 2024-07-02 | 요즘은 요월이 더 인기가 많은고같아용!!! 맛나게땨
mattjun11 | 2024-07-02 | 오 크룽지랑 같이 먹으면 크으🔥🔥
kkutti_h | 2024-07-02 | 요아정 달달하개 한컵 빠라삐리뽀❤️
jaaaayydang | 2024-07-02 | 필수 인정❤️❤️
moonchelin.chef | 2024-07-02 | 너무 맛나보여요😍
food_zohaa | 2024-07-02 | 화채에 벌꿀집이라니이❤️
pigbear2 | 2024-07-02 | 토핑 가득 아이스크림은 못참죠❤️
sltnqdla | 2024-07-02 | 요거트월드에 토핑 야무지게 추가할래요❤️
ulsan.leader | 2024-07-02 | 넘 맛난 비주얼❤️
bokjaaa___ | 2024-07-02 | 여름에 이거 무조건이자나요!!!😆❤️
muckcrong | 2024-07-02 | 과일에 토핑가득 넘 조아요
rara_muk | 2024-07-02 | 요거트아이스크림 너무 맛있겠어요❤️
themukeou_2 | 2024-07-01 | 바삭한 크룽지에 얹어서🙌🙌
gyunyami | 2024-07-01 | 크룽지는 무조건 같이 주문해야겠네요😍
100rang_food | 2024-07-01 | 요거트아이스크림 미쳤어요😍
umai_eatstagram | 2024-07-01 | 우마이~ 넘 맛있어보여요😍
mukbo_kimgaru | 2024-07-01 | 크룽지랑 벌꿀집 추가해서 먹어볼래요😍
fa_eating_ | 2024-07-01 | 벌꿀집 무조건 추가 ,, ㅠㅠㅠㅠㅠ
js__1oo4 | 2024-07-01 | 당충전 완전 제대루져🥺🥺🫶🏻🫶🏻
js__1oo4 | 2024-07-01 | 벌꿀집은 추가 무조건 필수 필수 🤍🤍🤍
yum_mypick | 2024-07-01 | 과일 가득 넘 맛있겠어요❤️❤️
matxnyang_3 | 2024-07-01 | 와 벌집이 통으로🙌🙌 과일폭탄! 진짜 달달할 것 같아요❤
colorfulsundays | 2024-07-01 | 와 한사다리하고올래욬ㅋㅋ
colorfulsundays | 2024-07-01 | ❤️❤️❤️❤️❤️
dayeating_ | 2024-07-01 | 크 이거 대박 맛있겠는데요
muk_.jjun_ | 2024-07-01 | 요거트 완전 좋아하는데 아이스크림깢 뿌시고싶네요!
bottlejune__96 | 2024-07-01 | 요거트 아이스크림에 토핑가득이라니 그저 완벽이자나요 ㅠㅠㅠ😍
ming_foodie_ | 2024-07-01 | 요거트 사랑이에요❤️
cculturessong | 2024-07-01 | 아이스크림에ㅡ생물 너낌 꿀까지 ㅜㅜ 비쥬얼 넘 맛도리 아닌가요 꼭 한번 가보고싶어요 잘 보고갑니다:)
kim_nyamsik | 2024-07-01 | 입에서 사르르 녹겠어용😍😍
aeyongxxi | 2024-07-01 | 요아정 미쳤지냥❤️
review_rabbit_ | 2024-07-01 | 요거트 아이스크림 넘 먹고파용 ❤️❤️😍
kkoyoo_9560 | 2024-07-01 | 시원 달달❤️❤️
mim_mi__ | 2024-07-01 | 상큼하게 요거트 넘 좋죠❤️
muk_joongsa | 2024-07-01 | 크룽지 조합도 죠운디여❤️ 잘 먹어서 더 죠음❤️
tasteraveler | 2024-07-01 | 어쩐지,,, 이거먹을라고 더워졋나바,,,😍
muk_captain_ | 2024-07-01 | 저 줘영
j_a_n723 | 2024-07-01 | 요거트는 안좋아하는데 도전해볼까봐요 😂
_workers__weekend | 2024-07-01 | 저도 부시러 가볼게요!
hua_ngnana | 2024-07-01 | ❤️❤️
hua_ngnana | 2024-07-01 | 보기만 해도 배가 고파요. 중국어를 배우고 싶은 거 있나요? 저는 한국어를 배우고 싶어요, 같이 서로 공부합시다
mukddo_muk | 2024-07-01 | 아ㅠㅠ너무 먹고싶오요❤️
been051 | 2024-07-01 | 요거트 어우ㅠㅠ 대박⭐ 완전 오케이입니다👌🏻👌🏻 지금 배 터지게 먹었는데 또 맛있어 보이는거면 말 다 했쥬~ 비쥬얼이 어마어마합니다! 사진이 너무 맛있네요ㅎㅎ 선팔했습니다🦥
laurent_busan | 2024-07-01 | 저 요거트월드 최애에요!! ㅜㅜ 토핑 한 가득 각
dama.zine | 2024-07-01 | 달달구리 넘 좋아유❤️
muk_marorong | 2024-07-01 | 요거트월드 개꿀맛😍😍
mukbulim_0817 | 2024-07-01 | 진짜 대존맛일것같아요😍
ham2_ni__ | 2024-07-01 | 요거트월드는 사랑이죠..❤️
hee.muk__ | 2024-07-01 | 요거트 아이스크림 넘 좋아용😍
taetae_foodie | 2024-07-01 | 요거트월드 요즘 너무 핫하쟈나여❤️
yum_yum_kkakka | 2024-07-01 | 요거트웧드가야겠어요❤️
hye_foodie_ | 2024-07-01 | 헐 벌꿀 찐득한거 ㄷ ㅐ박이에여😍
cooking_sam_kitchen | 2024-07-01 | 갓 요거트 아이스크림 ❤️❤️ 먹어볼랴
leeoh_review__ | 2024-07-01 | 크룽지 찍어먹고 시퍼요❤️
muk_daddy | 2024-07-01 | 여기 너무 가보고 싶은데요😍 ❤️
jjong_mattang | 2024-07-01 | 와 크룽지에 요거트 치트키다 ㄹㅇ🔥
mukdang0 | 2024-07-01 | 토핑 츄베릅❤️❤️
gyusun_1004 | 2024-07-01 | 오오 요거트 아슈크림 맛나겠다규 😍
min.ddo_o | 2024-07-01 | 허얼 크룽지에 아이스크림조합 레전드에요😍
ddub_e2 | 2024-07-01 | 아베릅? 꿀베릅? 츄베릅😮
muk._.chuuru | 2024-07-01 | 크룽지에 얹어먹는거다!!
hyunjae_mukstagram | 2024-07-01 | 요거트월드💙
todaydinnerofficial | 2024-07-01 | 토핑 무슨일입니까👏👏👏
biggn_o | 2024-07-01 | 헐 달달 당충전 최고져😍
siso_father | 2024-07-01 | 너무 맛있겠어요 😍
master_yumyum | 2024-07-01 | 아 새콤달콤 넘 맛있겠어요😍
t_cheol2 | 2024-07-01 | 너무 좋다 요즘날씨에 ㅎㅎ
jjinang_pick | 2024-07-01 | 저 여기 진짜 좋아해요❤️❤️
limeunzzo | 2024-07-01 | 헐 크룽지랑 조합 너무 좋아요 ㅜㅜ❤️
muk__guri | 2024-07-01 | 요월 존맛탱....
n_treasure_love | 2024-07-01 | 달달합니다😍😍
d_t_muksta | 2024-07-01 | 요거트 월드드드❤️❤️❤️ 여기 좋아용😍
matpamine_ | 2024-07-01 | 토핑 가득❤️
eating_happily_ | 2024-07-01 | 왕 맛있죠 요월 ㅠㅠㅠㅠ 최애예요😍
churping_oo | 2024-07-01 | 히히 너무 좋당❤️
qbee.eat | 2024-07-01 | 상큼한 과일 한가득에 츄베릅~❤️
hj_foodie | 2024-07-01 | ㅠㅠㅠㅠ요거트아이스크림이랑 과일조합 진짜 존맛이던디❤️
bambi_home_ | 2024-07-01 | 엄청 덥죠 ㅠㅠㅠㅠㅠ 그치만 이거 먹으면서 당충전하면 금방 회복😍
jinarye | 2024-07-01 | 새콤한거 완전 땡겨요❤️
mukjung_ | 2024-07-01 | 크룽지가젤조은데?
shkzipbob | 2024-07-01 | 크으 요즘날씨에 당충전으로 너무좋죠❤️
jameslee0911 | 2024-07-01 | 우와 여기 너무 좋네여❤️
matcoder_ | 2024-07-01 | 와 달달하니 최고인걸요ㅇㅇ😍😍
mukb_read | 2024-07-01 | 이 비주얼 어케 참나요••🤤❤️
gyul_yummy | 2024-07-01 | 저 요즘 이거 입에 달구살아여,,
solzik_review | 2024-07-01 | 헐 벌꿀이 넘 맛나보여요!!!
muckza_zzae | 2024-07-01 | 요거트아이스크림조아여ㅠㅠ"
2024-06-26,343,"대형솥에 튀겨버리는 꽈배기? 독립문 영천시장에 위치한 곳 사장님이 공장처럼 빛의 속도로 꽈배기를 말아버려 거대한 솥에 튀겨냄🫶🏻 선풍기 바람으로 식히니 바삭함 유지🫶🏻 3개에 1000원..? 두께가 얇긴 하지만 요즘 물가에 말이 안되는 가격🫶🏻 설탕을 가득 묻혀 간식으로 딱🫶🏻 겉은 바삭 속은 쫄깃🫶🏻 꽈배기 말고 찹쌀도너츠, 팥도너츠도 판매중이시던데🫶🏻 @@꽈배기 사쥬❤️ 📍#옛날꽈배기 📍 서울 서대문구 통일로 189-1 영천시장 A열 54호 💵 꽈배기 3개 1000원 57주","#영천시장, #독립문맛집, #독립문영천시장, #영천시장꽈배기, #영천시장맛집, #시장투어, #길거리음식, #꽈배기, #꽈배기맛집","meogyangyi | 2024-07-08 | 꽈배기 완전 좋아용😻❤️❤️
bokjaaa___ | 2024-06-29 | 와 가성미 미쳤는데요???🫢🌀
kkutti_h | 2024-06-29 | 꽈배기 처돌이 울어ㅠㅠㅠㅠ❤️❤️
mong_ddang_yummy | 2024-06-29 | 옛날에 먹었던 그맛일 것 같아요🤤 짱짱!!😍
hye_foodie_ | 2024-06-28 | 꽈배기 완전 쫀득해보여요,,😍
hj_foodie | 2024-06-28 | 꽈배기 튀기자마자 다머글꺼야❤️
eunsil5317 | 2024-06-28 | 헉 꽈배기ㅜㅜ너무 먹구파용
what.is.pig.eating | 2024-06-27 | 꽈배기 간식으로 넘 좋죵😍
daejeon_ddomatddo | 2024-06-27 | 지금 당장 하나 먹고싶어요ㅠ❤️❤️❤️
ddo_sil | 2024-06-27 | 꽈배기 땡겨요
yeoni_mukstar_01 | 2024-06-27 | 오오 저도 쫜득한 꽈배기 먹으러 갈래요🔥🔥
_gahyoida | 2024-06-27 | 다른 꽈배기보다 얇아서 진짜 빠삭하겠어요😮
fooseidon_ | 2024-06-27 | 키햐 좋은데요❤️
muk._kwww | 2024-06-27 | 꽈배기 왕 조아요❤️❤️
mo_muk_._ | 2024-06-27 | 여기 취직하면 꽈배기 맨날 맛볼 수 있겠지…❤️
manchaelin | 2024-06-27 | 오오 솥에 들은 기름도 너무 깔끔해 보여서 좋은데요오 !
kim_nyamsik | 2024-06-27 | 꽈배기 비주얼 완존 최고네용❤️😍
jeju.foodfact | 2024-06-27 | 꽈배기 너무 좋아요ㅠㅠ❤️❤️
muk_marorong | 2024-06-27 | 헐 쨘득쨘득 꽈배기 ㅠㅠㅠ
ul_mat_so | 2024-06-27 | 꽈배기 넘 좋아하는데😍😍 맛있겠어용
qbee.eat | 2024-06-27 | 와 ,.. 아니 두개도아니고 세개에 천원 ㄷㄷ 실화냐❤️
mattjun11 | 2024-06-27 | 설탕 와다다해서 먹음 꿀맛👏
min.ddo_o | 2024-06-27 | 우악 ㅠㅠㅠ꽈배기대박이에여❤️
mukddo._.muk | 2024-06-27 | 헐 먹고싶어요❤️❤️
colorfulsundays | 2024-06-27 | 너무 제서타일이에요👏👏
colorfulsundays | 2024-06-27 | 어머머머머머머머
rara_muk | 2024-06-27 | 가격 엄청 착하네요😍
mukzzang_bread_ | 2024-06-27 | 와 요고 그냥 못지나치고 무조건 사먹게되져 ❤️
matddori_ | 2024-06-27 | 꽈배기 넘 먹고싶어져여❤️
ruyuan_food | 2024-06-27 | 꽈배기 대바악 ㅠ❤️
gwangju_oneallzero | 2024-06-27 | ㅚㅡㅡ와이아아❤️❤️❤️ 꽈배기😍
ruri.food | 2024-06-27 | ❤️❤️❤️
ruri.food | 2024-06-27 | 소리부터 설레...❤️❤️
hua_ngnana | 2024-06-27 | 😍😍
teddy_zip_ | 2024-06-27 | 캬아 꽈배기ㅜ넘 조아해요😍
mat_kkimu | 2024-06-27 | 꽈배기 죽이네영 대형솥에 가득한거 넘 먹고ㅠ싶네영 건져서 ㅋㅋ
yum_yum_kkakka | 2024-06-27 | 와 수제네❤️
eating_happily_ | 2024-06-27 | 와 근데ㅜ진짜 커욬ㅋㅋㅋㅋㅋ😮 식사대용도 가넝할,,
busancity_bonggu | 2024-06-27 | 우왕 요고 완전 맛날 거 같아요🤤
bonge_o0o_food | 2024-06-27 | 진짜 간식으루 딱이다🔥🔥
daily_mukbbaek | 2024-06-27 | 우와 세개에 처넌이라니...간식으로 먹기 딱이예요🔥🔥
muk_jjiyom | 2024-06-27 | 갓 튀긴 꽈베기는 사랑이에어
limeunzzo | 2024-06-27 | 헐 세개에 천원이라닠ㅋㅋㅋ 가격두 미쳤서여.. 🤍
meokdoong | 2024-06-27 | 와 꽈배기 넘 먹고싶우여ㅜㅜㅜ
laurent_busan | 2024-06-27 | 솥에 튀기는 꽈배기 맛없없❤️
matxnyang_4 | 2024-06-26 | 설탕 솔솔 꽈배기🙌 먹음직스러워요❤❤
d_t_muksta | 2024-06-26 | 아니 가격이 왜이리 착해요..ㅠㅠ 미쳤다
1onefood_ | 2024-06-26 | 오홍 이건 너무 맛있겠는데용😍
aug_piiggg | 2024-06-26 | 3개에 천원이요!!!!!???❤️
jjgongju_ | 2024-06-26 | ㅠㅠㅠ꽈배기 바로먹으면 입녹겠어요❤️
zzu.meokbap | 2024-06-26 | 꽈배기 5개만 먹을래용❤️
yunny._.yum | 2024-06-26 | 3개에 1000원인게 요즘 물가에 가능한가용❤️❤️ 쫜득한게 완전 제 스탈❤️
gwangju_hotgirl | 2024-06-26 | 눼..? 3개 천원..? 물가파괴다😍
taetae_foodie | 2024-06-26 | 3개 천원 실화에여????? 😮❤️
mukchoding | 2024-06-26 | 가격 넘 좋아요😮
wanteat._.eat | 2024-06-26 | 아니 꽈배기 양 대박이에요 ㅜㅜㅜㅜㅜㅜ😍❤️
yumyum_report | 2024-06-26 | 오오 간식으로 진짜 딱! 갓튀긴거 진짜 맛나겟어여
muk_jeju | 2024-06-26 | 넘 맛나보여요😍😍
muk__guri | 2024-06-26 | 만원어치 사먹어야게따❤️❤️
eat._.dopig | 2024-06-26 | 3개 천원😭대박입니다
muk.seori | 2024-06-26 | 진쫘 간식으로 딱!!!!
hyunah_pick | 2024-06-26 | 와 너무 좋아요😍😍
mukbo_jjang | 2024-06-26 | 왤케 먹음직스럽죠❤️❤️
bottlejune__96 | 2024-06-26 | 꽈배기 엄청 쫀득하니 말해모해겠어요 ㅠㅠㅠ😍😍
dasik_eat | 2024-06-26 | 와 진짜 댜박인데요?🔥🔥
muksta_turbo | 2024-06-26 | 비주얼 미쳤드
jaaaayydang | 2024-06-26 | 와 여기 꽈배기 찐이네여😍😍
ggam_food | 2024-06-26 | 넘마싯겟는데여❤️
kkoyoo_9560 | 2024-06-26 | 천원 한장만 들고 가요❤️❤️
jjinang_pick | 2024-06-26 | 먹고파요❤️❤️❤️
_workers__weekend | 2024-06-26 | 너무 맛있는 간식❤️
sowon_yam2 | 2024-06-26 | 진짜 간식으로 먹고싶다…
dama.zine | 2024-06-26 | 와 꽈배기 엄청 많네유😮
ella._.tto | 2024-06-26 | 설레는 꽈배기 튀기는 소리❤️
eat_fp | 2024-06-26 | @reekyung_h
ham_muklog | 2024-06-26 | 꽈배기 달달하니 넘 맛나보이는 걸용❤️ 저두 먹어봐야게써욕!!
hj__foodie | 2024-06-26 | ㅠㅠㅜ대박이댜 옛날꽈배기 너무조아❤️
mukjung_ | 2024-06-26 | 우앙 몇시에갓더?
yum_ssaint_laurent | 2024-06-26 | 와 대박ㅋㅋㅋ손맛 제대로네요😍
baebul_bubble | 2024-06-26 | 와 시장 도넛츠는 무조건 좋아하는데 가격까지 착하다니 🫶🏻🫧
muk_daddy | 2024-06-26 | 와 꽈배기 마싯겟어요❤️
busan_delicious_diary | 2024-06-26 | 갓튀겨 먹으면 짱이죠❤️
mukkarong | 2024-06-26 | 우와...튀겨지는 소리 너무 좋은데요?!!😆😆😆
aeyongxxi | 2024-06-26 | 꽈베기 비주얼 미쳤다냥❤️
radiant__hoya | 2024-06-26 | 꽈베기 나도 막거파요
gyunyami | 2024-06-26 | 앞뒤로 설탕 묻힌 꽈배기 존맛이죠😍
biggn_o | 2024-06-26 | 헐 꽈배기 믹스커피에 먹구싶닼ㅋㅋ😍
muuk.dda | 2024-06-26 | 아니 가격이 미쳤다,,
so_rowsm | 2024-06-26 | 겉바속쫀 꽈배기 넘모 맛나보여요🤤
muk_tteul | 2024-06-26 | 와 가격 예술👏👏
_zez_e__ | 2024-06-26 | ㄹㅇ 맛있겠가 ㅠㅠ
muk_.jjun_ | 2024-06-26 | 직접틔긴 꽈베기가 3개에 천원이요?!
siso_father | 2024-06-26 | 꽈배기 너무 맛있겠어요😍
siktam94 | 2024-06-26 | 😍😍
jinihankki | 2024-06-26 | 와,,진짜 맛있어 보여요🔥🔥🔥
jack93kung | 2024-06-26 | 와아....저어어어엉말 맛있게따 하
hihee.e | 2024-06-26 | 와ㅠㅠ꽈배기 튀겨지는것보니 왜설레죠 ㅋㅋㅋ
kidmstyle | 2024-06-26 | 크 꽈배기 너무 저렴해요 맥주랑 먹으면 꿀맛😍
gyul_yummy | 2024-06-26 | 와,,, 가마솥 꽈배기네요💖
foo__zim | 2024-06-26 | 헐,,,꽈베기 대박이다!!"
2024-06-25,544,"한입먹고 사람되어버린 마늘갈비 맛집 <경송> 생생정보에도 방영되었던 맛집 여긴 마늘갈비에 깍둑고기까지 있음🫶🏻 마늘 가득하니 한입으로 사람되기 쌉가능🫶🏻 마늘풍미가 장난 아닌데 육질도 좋아 부드러움🫶🏻🫶🏻 소꼬리구이가 양념도 잘 배어있고 뜯는 맛이 있어 좋음🫶🏻 깍두기고기는 한점으로 육즙 팡팡🫶🏻🫶🏻 물을 마실 필요가 없다🫶🏻 웅장한 모습의 한우육회는 요즘 날씨에 필수🫶🏻 국물이 찐이다🫶🏻 📍#경송 📍 서울 강동구 천호대로159길 22 1층 경송 ⏰ 평일 15:00-24:00, 주말 14:00-24:00 (L.O 23:00) 💵 송모듬 (790g) 96000원 💵 경송마늘갈비 18900원 💵 신선로한우물회 25000원 57주","#천호맛집, #천호맛집추천, #천호동맛집추천, #천호데이트코스, #마늘갈비, #깍둑소고기, #양념갈비맛집, #강동구맛집, #소고기맛집","gulgulmatzip | 2024-06-30 | 와 진짜 맛있겠다😍👏👏
wanteat._.eat | 2024-06-28 | 마늘갈비 기가 막혀요 ㅠㅠㅠㅠㅠㅠㅠㅠ😍❤️
eeeaaattt2023 | 2024-06-28 | 비줠 미쳤네요 👏👏👏 덕분에 행복한 주말 보낼수 있을것 같아요 👏
daejeon_ddomatddo | 2024-06-28 | 으앍!!! 마늘 넘 조앗 🔥🔥
jinwook1011 | 2024-06-27 | 마늘갈비😍보기만해도 침고이네요😂
mattjun11 | 2024-06-27 | 와 ㅋㅋ 마늘 양념 너무 맛나겠네여
jaaaayydang | 2024-06-26 | 윤기 좔좔 마늘갈비 츄릅❤️
tastebuds__official | 2024-06-26 | 마늘 가득😍😍 넘 좋아요❤️❤️
muuk.dda | 2024-06-26 | 허 이거 미치겠돠,,,😮 입살녹
missikaga | 2024-06-26 | 마늘갈비 ㄷㄷ..완전 맛있겠어요 ㅠㅠ🍯
juner_315 | 2024-06-26 | 갈비 비주얼 도라따😢 영상보고 배고파 졌어용😍
koya_yam | 2024-06-26 | 고기반 마늘반 클라스 장난 아닌데요!?❤️❤️
s0happylife | 2024-06-26 | 지금 당장 먹구싶어요♥️♥️
mo_muk_._ | 2024-06-26 | ㄷㄷ 나부터 먹어여 할 듯
food___hwan | 2024-06-26 | 마늘듬뿍 고기에 육즙 가득❤️
joobong__ | 2024-06-26 | 마늘의 민족!!!❤️❤️
jack93kung | 2024-06-26 | 츄베룹...❤️
eumppomaru | 2024-06-26 | 마늘 양이 저도 사람될 수 있을 것 같아용😍
먹 🎱하구 먹 👯‍♀️해용✨
wu_hyun | 2024-06-26 | 크으 마늘양념은 진짜 한국사람에겐 죽음입니다 ㅋㅋ
jjinang_pick | 2024-06-26 | 겁나 맛나보야요❤️❤️❤️
yeoni_mukstar_01 | 2024-06-26 | 오오 저도 마늘갈비 넘넘 먹구파요❤️❤️
ham2_ni__ | 2024-06-26 | 마늘 한가득 취저임댜❤️
bonge_o0o_food | 2024-06-26 | 고기 탱글탱글 맛나겟댱..❤️
min.ddo_o | 2024-06-26 | 크으으 사람되러갈래요😍😍
want._eat | 2024-06-26 | 여기 마늘갈비 진짜 미쳤죠 ㅠㅠㅠㅠㅠㅠㅠ😍
mat_puri | 2024-06-26 | 마늘듬뿍!! 너무 맛있겠어요!!
foogle__ | 2024-06-26 | 마늘 비주얼 대박이요 👏
mini_euni | 2024-06-26 | 크으~~~진짜 마늘폭탄 지대로네요 😍
sltnqdla | 2024-06-26 | @zoskekvnel 사람되기 메모
yumyum_report | 2024-06-26 | 마늘갈비 너무 조아요 ㅠㅠ
muk_jjiyom | 2024-06-26 | 저도 사람될래요🤤😆
dama.zine | 2024-06-26 | 마늘갈비 넘 좋은데유❤️
qbee.eat | 2024-06-26 | 마늘갈비먹고 사람되어야즤 랄라 ❤️
zzini.yum | 2024-06-26 | 마늘듬뿍 올라간 갈비한입할래요!!🫶
suhoyum | 2024-06-26 | 우왕 너무 맛있겠어요❤️
jejuzzori | 2024-06-26 | 와우 진짜 맛나보입니다...!!
sosikza | 2024-06-26 | 넘 맛나보여요❤️
jjoohyun2 | 2024-06-26 | 맛있겠어용😋 해피수욜🙂
moonchelin.chef | 2024-06-26 | 경송 진짜 맛나죠❤️
j_a_n723 | 2024-06-26 | 마늘 장난아니에요 크😍😍
mukbo_kimgaru | 2024-06-26 | 크으 마늘갈비 한국인이라면 싫어할수가 없잖아요😍😍
meokdoong | 2024-06-26 | 와 영상 대박이다유 !!!!! 넘멋쥬
bokjaaa___ | 2024-06-26 | 와 진짜 메뉴선정 미쳤자나여…🥹❤️
taetae_foodie | 2024-06-26 | 한입에 가득차게 먹을래여❤️
hdul_daily | 2024-06-25 | 마늘 못참는다진짜 ㅜ
ulsan_rimepick | 2024-06-25 | 우아 마늘이 가득가득❤️
matzip_hyena | 2024-06-25 | 오랜만에 마늘소갈비 킁킁츄베릅 🔥🔥
fnvidir | 2024-06-25 | 와 마늘양념이 아낌없이 푸짐하게 올라가는군요🔥 ㅇ
nemokimpd | 2024-06-25 | 마늘 갈비 진짜 누가 만들었지 상줘야되는데
mmzip_daejeon | 2024-06-25 | 마늘갈비 어떻게 참는건데 ㅜㅜ
matxnyang_4 | 2024-06-25 | 마늘폭탄🙌🙌 갈비에 마늘은 사랑이죠❤
mukstival | 2024-06-25 | 호랭이도 먹구 사람되겠어여❤️❤️
g_bsoo | 2024-06-25 | 어머나❤️ 비지엠 따라 제 맘도 빠운스빠운스❤️
sawon_kang | 2024-06-25 | 와ㅠㅠ마늘갈비❤️❤️ 딘따 조아하능데❤️ 비줠 미쳐땨
cogarobotics | 2024-06-25 | 고기가 안보이게 마늘이 많넹😍
aug_piiggg | 2024-06-25 | 마늘 가득이라 좋은데요❤️❤️
mukb_read | 2024-06-25 | 역시 대한민국🔥
con_coffeeornot | 2024-06-25 | 마늘 갈비 와…..👏👏👏
magoo_wagoo | 2024-06-25 | ㅠ캬 진짜 맛나보여용😮😮
eatspupuppy | 2024-06-25 | 와 마늘갈비 폼 미쳐따 ....🔥🔥🔥
zin___nxy | 2024-06-25 | 맛잘알 사장님들 천지다천지 ❤️❤️❤️ 마늘갈비 땡겨욤
sikhookyung | 2024-06-25 | ㅗㅜㅑ 진짜 맛난거 드셨네요🙆🏻‍♂️🙆🏻‍♂️
ddub_e2 | 2024-06-25 | 마베릅 츄룹😋
da_muk_nyam | 2024-06-25 | 고기고기😍😍
sowon_yam2 | 2024-06-25 | 마늘먹으면 저도 사람!?
gyusun_1004 | 2024-06-25 | 으아 마늘갈비 너무 맛나겠다규 😍
hihee.e | 2024-06-25 | 마늘갈비 맛나겠츄릅❤️
mim_mi__ | 2024-06-25 | 와 마늘 먹고 사람 될래요!!!
muksta_turbo | 2024-06-25 | 크 마늘은 사랑이죠
dayeating_ | 2024-06-25 | 마늘갈비 먹고 사람될래요
bottlejune__96 | 2024-06-25 | 우왕 마늘 가득한 갈비 너무 탐나자나요 ㅠㅠㅠ😍😍
eating_happily_ | 2024-06-25 | 마늘 갈비 완전 좋아해요😍
deliciou_ddu | 2024-06-25 | 맛됴리❤️
gwangju_oneallzero | 2024-06-25 | 마늘갈비 무조건 먹을래요❤️❤️
bbbm_jg | 2024-06-25 | 오 여기 한번 가보고 싶어요!
tasty_ssong | 2024-06-25 | 갈비 맛도리비주얼🔥 먹으러가야징😍
yamphile | 2024-06-25 | 😍😍😍😍😍😍😍😍😍😍😍😍😍😍
ha___yummy | 2024-06-25 | 마늘갈비라니🔥🔥
chaenni_ni | 2024-06-25 | 육즙이 여기까지 느껴지는데요?!❤️
miso__cook | 2024-06-25 | 와 군침돌아요😢😭
korea_foodzone | 2024-06-25 | 마늘러버 출동할래영🙌
100rang_food | 2024-06-25 | 사람좀되러가야게따😮
tanguriyaaa_ | 2024-06-25 | 마늘한가득ㅠㅠ 완즌 조아요❤️❤️
hello_s_food | 2024-06-25 | 이정도 마늘이면 사람 되겠네여;;
cooking_sam_kitchen | 2024-06-25 | 마늘갈비 엄청나쥬 ㅎㅎ 완전 맛남
matkkalnan | 2024-06-25 | 크...죽이네여
gourmet_panda2 | 2024-06-25 | 57주좋아요 1개답글 달기
js__1oo4 | 2024-06-25 | 고기 육즙 장난아니다🩷🩷🩷
js__1oo4 | 2024-06-25 | 사람되야하는 친구 데려가야겠는데요 🤣🤣🤣🤣🤣
mukdang0 | 2024-06-25 | 갈비 츄베릅 ❤️❤️
hye_foodie_ | 2024-06-25 | 헐 마늘갈비 클라스 돌아써요😍
cherry.s_pic | 2024-06-25 | 마늘갈비 취저에요 💕💕
aeyongxxi | 2024-06-25 | 크으 한국인은역시 마늘이다냥
eunpyeong1979 | 2024-06-25 | 맛있겠어요~~^^
mukrosee | 2024-06-25 | 마늘이 한가득이에유🔥
myeatdiary_ | 2024-06-25 | 와 저도 먹어보고 싶은 비주얼이네요..❤️
muk__guri | 2024-06-25 | 마늘 가득 최고쟈냐❤️
d_t_muksta | 2024-06-25 | .‘으❤️ 사람되러 달려 가즈아아❤️
ggam_food | 2024-06-25 | 엉덩이가 들썩거리네여
mukkarong | 2024-06-25 | 우와...마늘 한가득 너무 취향저격이에요!!😆😆😆"
2024-06-24,564,면 밥 숙주가 리필 가능한 서울3대 쌀국수 ? <땀땀> 곱창 1인분보다 곱창 양이 많다는 소곱창쌀국수로 유명한 곳🫶🏻 강남에서 웨이팅해서 먹어봤는데 먹어보면 웨이팅하는 이유를 알 수 있음🫶🏻 수원역 옆 타임빌라스에도 있어서 쇼핑하다가 들렸는데 역시는 역시🫶🏻 국물이 찐하고 토핑은 가득🫶🏻 소곱창이 가득해 자칫 느끼할 수 있는데 얼큰한 국물이 느끼함을 싸악 잡아줌🫶🏻 숯불직화 소고기 쌀국수는 토치질로 불맛 가득🫶🏻🫶🏻 국물이 한우 사골 우린 육수라서 깊이가 남다른 진국이다🫶🏻 면 밥 숙주가 리필이 가능하다니 대식가한테는 최고🫶🏻 새콤한 소스를 부워 먹는 분짜🫶🏻 쪽갈비를 튀긴 프라이드 바쿠테는 달달끈적한 소스가 발라져있는데 살도 많아 별미네🫶🏻 수원 시티 통창뷰에서 즐기니 힐링도 되네🫶🏻 @@쌀국수 사쥬❤️ 📍#땀땀 📍 경기 수원시 권선구 세화로 134 3층 ⏰ 10:30-22:00 (L.O 21:00) 💵 콤보 C( 프라이드 바쿠테+숯불직화소고기쌀국수+매운소곱창쌀국수) 43000원 💵 분짜 15000원 57주,"#수원맛집, #수원맛집추천, #수원역맛집, #수원역맛집추천, #수원타임빌라스맛집, #쌀국수맛집, #강남맛집추천, #수원데이트코스, #곱창쌀국수","browzin_ee | 2024-07-23 | @euodia_beautylab 가봐샤??
cogarobotics | 2024-06-28 | 쌀국수가 저렇게 푸짐하다고요👍
eating_happily_ | 2024-06-28 | 이미 양이 많아서 리필 죽을 때까지 못 할 것 같아요ㅠㅋㅋㅋㅋ쿠ㅜㅜ쿠ㅜㅜㅜ
mat_puri | 2024-06-26 | 와 진심 정말 푸짐하네요!!
golden_sang_ | 2024-06-25 | 와 비주얼 미쳤다😍
miso__cook | 2024-06-25 | 비쥬얼 대박이네요👏🏻👍🏻👍🏻
sh.cookkook | 2024-06-25 | 아,, 땀땀 폼 미쳤댜,, 저도 야무지게 뜯을래오 흑 ㅠ
eat._.dopig | 2024-06-25 | 이런 쌀국수면 1일2쌀국수 가넝입니다 증말😍
mukjung_ | 2024-06-25 | 여기마시쪄ㅠㅠ❤️❤️
ggam_food | 2024-06-25 | 와 한그릇 제대로 담아나오네여😍
mat.planner | 2024-06-25 | 우왕 감탄만 나오는데요ㅠㅠㅠ😍
onnu_jjung | 2024-06-25 | 우아 양이 장난아닌뒈요🔥🔥🔥
qbee.eat | 2024-06-25 | ㄹㅇ 토핑 양 실화에요!..😮🔥
happpyfoody | 2024-06-25 | 곱창 진짜 여기 완전 맛도리 … ❤️ 하지만 양이 워낙많아서 리필항 생각은 못했습니다❤️
imcanghyun365 | 2024-06-25 | 곱창 쌀국수 견디기 힘드네요 침샘자극 대박이네요 ❤️
muuk.dda | 2024-06-25 | 하 ㅜ 쪽갈비 튀김 ㅜㅜㅜ 미쳨ㅅ자나요 ㅠㅠㅠㅠ
muk__jjung | 2024-06-25 | 리필가능해서 완전 좋은데요 ❤️❤️
mat_chimban | 2024-06-25 | 캬,, 땀땀 쌀국수 존맛인데 ㅠㅠ❤️❤️
mukb_read | 2024-06-25 | 땀땀 진짜 가봐야겠어요 넘 맛도리비줠😍
matport_ | 2024-06-25 | 아 땀땀 이건 못참죠ㅠㅠㅠ❤️❤️
seoyeon_gom | 2024-06-25 | 땀땀은 그냥...얼큰한 곱창국수에 바쿠테 ㅠㅠ넘맛있더라구요!❤️❤️
1258sta | 2024-06-25 | 잘 보고 갑니다 ~ 😍🎱
rorogultravel | 2024-06-25 | 비쥬얼 진짜 대박!대박!!!😃😍😍😍😍저도 먹어보고 싶어용😋
pigbear2 | 2024-06-25 | 곱창 가득한 쌀국수는 못참죠😍👏
eunpyeong1979 | 2024-06-25 | 우와~ 쌀국수 제대로 나오네요. 우와
muksta_zzino | 2024-06-25 | 무한리필이면 배터지겠어용😍
moonchelin.chef | 2024-06-25 | 해장각이네요🔥
deokja_life_food | 2024-06-25 | 우와~ 먹고싶네요~~😍
sltnqdla | 2024-06-25 | 와 국물까지 다 먹고싶어요ㅠㅠ 근데 배터지겠어요❤️
mukchuldong4 | 2024-06-25 | 리필잔뜩해먹을래용
matddori_ | 2024-06-25 | 땀땀 넘 맛있죵❤️
mat_joang1 | 2024-06-25 | 땀땀너무죠차나용😍😍😍
bottlejune__96 | 2024-06-24 | 서울3대쌀국수라고 하니 당장 맛보고싶어져요 ㅠㅠㅠ😍😍
jack__foodie | 2024-06-24 | 쪽갈비튀김내놔
bee__yummy | 2024-06-24 | 오아 몰라쪄요!!!
gyunyami | 2024-06-24 | 여기 분짜도 존맛이였는데 또 먹고싶다😢
hye_foodie_ | 2024-06-24 | 우와ㅏㅏ 산더미처럼 고기쌓아주시는거 감동이에여,,여기 넘 맛있어요😍
1onefood_ | 2024-06-24 | 외 리필 가능하가면 여기는 정답😍😍😍
100rang_food | 2024-06-24 | 배터지겠다..😮
meogyangyi | 2024-06-24 | 곱창 쌀국수 후루룩 하고 싶어용😻❤️
d_t_muksta | 2024-06-24 | 하아 땀땀 추가 가능한지는 정말 몰랐어여……😍
moo_boza | 2024-06-24 | 면 밥 리필 가능하다에서 끝났어요 ㅋㅋㅋㅋㅋㅋㅋㅋ 🔥
treeview__ | 2024-06-24 | 쪽갈비를튀겨?!
dokkkiee | 2024-06-24 | 야무지게먹는다,,❤️
needsman_daejeon | 2024-06-24 | 와 한우사골 우린국물 완전 진국일듯요,,,😍
hihee.e | 2024-06-24 | 와ㅠㅠ곱창폭탄 대박이에요❤️
busan_delicious_diary | 2024-06-24 | 후루룩 먹을래요❤️
lucky_vely_log | 2024-06-24 | 소곱창 쌀국수라니..🤤 대박 맛있어 보여용 ㅠㅠ🔥
hyunah_pick | 2024-06-24 | 비줠 대박🔥🔥
hua_ngnana | 2024-06-24 | 청주에 맛있는 것이 있습니까? 추천 좀 해주시겠어요?❤️
mukorang | 2024-06-24 | 땀땀 죤맛탱❤️❤️❤️
yeoni_mukstar | 2024-06-24 | 저도 맛있는 쌀국수 먹으러 가야겠어요🔥🔥
hj__foodie | 2024-06-24 | ㅠㅠㅠ와❤️ 여긴 진짜 존맛인디...
mukchoding | 2024-06-24 | 다 맛나보여요😮😮🔥
kim_nyamsik | 2024-06-24 | 쌀국수 비주얼 완존 대박이네요😍😍
muk_jeju | 2024-06-24 | 비주얼 무엇😍😍
mukrosee | 2024-06-24 | 리필가능한거 너무조아요❤️❤️
tasty_ssong | 2024-06-24 | 침 좔좔 흘리면서 봤넹😍 나듀 먹으러갈랭🙌🏻
busan_grida | 2024-06-24 | 분짜 먹으러갈래요❤️
__it.s.youn | 2024-06-24 | 우와아 !!! 비주얼 폭발에 양이 어마어마 !!
mat._.cat_ | 2024-06-24 | 1인분인데 양 진짜 많다요!!🔥👏👏
g_bsoo | 2024-06-24 | 오 세상에 면도 리필이 가능하다구요?❤️
_workers__weekend | 2024-06-24 | 대박 배터지게 먹고싶다!😮
sowon_yam2 | 2024-06-24 | 제입에 쌉가능 ❤️ 두번 리필 불가 ㅠㅠ
dayeating_ | 2024-06-24 | 크 이 집 쌀국수 미치죠❤️
hh.__.jin | 2024-06-24 | 쪽갈비튀김 맛나게땅😍
mochl_ahahcnl | 2024-06-24 | 이건 먹어야돼🙌❤️
meokdoong | 2024-06-24 | 리필가능한거 미쳐뚜!!!!!!
mim_mi__ | 2024-06-24 | 우와아 여기 진짜 대박이네요😮
themukeou_2 | 2024-06-24 | 여기 쌀국수 존맛이지❤️❤️
mat_shoong | 2024-06-24 | 와....양 미쳤네요❤️가고싶어요
wu_hyun | 2024-06-24 | 여기는 정말 지대로입니다 또 먹고ㅠ싶어지는군요😍
mini_euni | 2024-06-24 | 뷰맛집 땀땀이네요ㅋㅋ
magoo_wagoo | 2024-06-24 | 우왕리필까지ㅜㅜ대박이에야
manchaelin | 2024-06-24 | 오 처음부터 그릇 가득 쌓여있는데 리필도 가능하다니,, 대박 혜자스러운데용,, 🙊
ha___yummy | 2024-06-24 | 완전푸짐한데요🔥
yamphile | 2024-06-24 | 😍😍😍😍😍😍😍😍😍😍😍😍😍😍
churping_oo | 2024-06-24 | 난 곱창쌀국수❤️
gge.juck | 2024-06-24 | 와 곱창양이 진짜😮😮😮
hotdor_s | 2024-06-24 | 땀땀 어떻게 따라올건데!! 존맛,
ham2_ni__ | 2024-06-24 | 리필해서 멍을래용😮
taetae_foodie | 2024-06-24 | 땀땀 진짜 존마탱 ㅠㅠ❤️
mattjun11 | 2024-06-24 | 진짜 여기는 해장으로 너무 최고...😮😂
so_rowsm | 2024-06-24 | 땀땀 쌀국수 넘 맛있게 먹었었는데 또 먹고 싶네요🤤
itsnoodle.zip | 2024-06-24 | 술먹은 다음날 딱!!😍
gentlemuksta | 2024-06-24 | 오. 😍😍😍
review_rabbit_ | 2024-06-24 | 와 비주얼 진짜 좋다 .. ❤️ 저 낼 먹으러가여 ㅠㅠ
baebul_bubble | 2024-06-24 | 여기 진짜 유명하던데😮 웨이팅 해서라도 먹어보고싶어요 🫶🏻🫧
za_manco | 2024-06-24 | 존맛이쥬…땀땀
cooking_sam_kitchen | 2024-06-24 | 맛도리 쌀국수네요 ❤️❤️
rara_muk | 2024-06-24 | 비쥬얼 대박인데요❤️
yum_ssaint_laurent | 2024-06-24 | 리필이라니ㅠㅠ너무좋아욧 ㅠㅠ
muk._kw | 2024-06-24 | 쌀국수는 사랑입니다 ㅠㅜㅜ❤️❤️
_mol_bbang | 2024-06-24 | 우와.곱창.못참자나용😍
matkkalnan | 2024-06-24 | 땀땀 여기 존맛이라던데 리필 미쳤네여
_mokpo_good_place | 2024-06-24 | 와 쌀국수 미쳣어요😆😆👍
juner_315 | 2024-06-24 | 리필 가능하면 무조건 가야죠😍
hello_s_food | 2024-06-24 | 다 리필 되는거네여?!😍😍
mukkarong | 2024-06-24 | 오우~~리필이 가능하다니!! 완전 대박인데요?!!👏👏👏👏
mukbulim_0817 | 2024-06-24 | 땀땀 진짜 맛도리쥬😍"
2024-06-23,575,@@엿같은 친구가 쏘기❤️ @@친구야 땡큐❤️ 7시 좀 넘어서 갔는데 딱 내가 마지막 손님이었음..! 반죽 sold out ㄷㄷ 영등포에 위치한 80년 전통 미아리 호떡 여긴 기름을 사용하지 않고 고온에서 구워 만듦🫶🏻 속에 부담 가지 않아 환자분들도 많이 사간다고 하심🫶🏻 사장님이 매일 직접 만드는 반죽으로 설탕 가득 넣어 얇게 펴서 구우시는데🫶🏻 피가 얇고 쫄깃해서 하나 순삭🫶🏻 호떡 윗부분을 찢어 안에 든 꿀을 찍어먹는게 먹는 방법🫶🏻 건강하게 당충전하기 딱🫶🏻 얼려서 시원하게 먹는 아이스호떡도 별미🫶🏻 달달한 과자 먹는 느낌? 사람도 많고 직접 하나하나 만드시다보니 주문하고 기다리는데 오래걸림 하지만 영등포 지나가다가 한번쯤은 먹어볼 맛🫶🏻 📍#미아리호떡 📍 서울 영등포구 경인로 803-3 ⏰ 11:00-21:00 ‼️ 일요일 휴무 💵 호떡 1개 2000원 💵 호떡 3개 5000원 57주,"#영등포맛집, #영등포역맛집, #영등포맛집추천, #길거리음식, #호떡맛집, #미아리맛집, #호떡, #서울호떡","yxxnhyewxn | 2024-08-27 | @mason.kim0412
1258sta | 2024-06-25 | 잘 보고 갑니다 ~ 😍🎱
ella._.tto | 2024-06-25 | 80년전통이면 찐이자나요🔥🔥
porschelin_man | 2024-06-25 | 최고구만용!!
juner_315 | 2024-06-24 | 찢어먹는 재미가 있을 거 같아용😍
jj._.kyosulog___ | 2024-06-24 | 흐아😍넘 먹고싶어요❤️ 새 피드 올라왔어요🙌 고정게시물 첫줄 놀러와주세요❤️
__it.s.youn | 2024-06-24 | 80년 전통이라구요 ?! 대박 !!!
daily_tak1003 | 2024-06-24 | 살안찌는 호떡이라니 너무 좋아요😍
golden_sang_ | 2024-06-24 | 아 꿀 찍어먹는 거 너무 맛있겠다😍
hoonstafork_yamang | 2024-06-24 | 대박입니다!!
eum_masitto | 2024-06-24 | 호떡 넘나 맛있겠❤️❤️❤️
mukzzang_bread_ | 2024-06-24 | 오옹 얼려서 바삭한 느낌으로 먹어보고 싶어요 ❤️
gge.juck | 2024-06-24 | 기름없이 구우면 진짜 부담 없겠어요?
dama.zine | 2024-06-24 | 꿀을 찍어 먹다니~
mukddo._.muk | 2024-06-24 | 헐 먹어보고싶어요❤️
moonchelin.chef | 2024-06-24 | 80년전통ㄷㄷㄷ
min_ddiddi | 2024-06-24 | @sky_haneull 미쳤다
cooking_sam_kitchen | 2024-06-24 | 와 ㅎㅎ 여기 호떡 먹어보고싶다 ❤️
dog.matdori | 2024-06-24 | 오?! 얼려서도 먹는구낭ㅋㅋㅋ신기하당👍🏻
elly_adopter | 2024-06-24 | 요건 살 안 쪄요❤️❤️
bokjaaa___ | 2024-06-24 | 당충전 제대로네요🍭🩷
matpamine_ | 2024-06-24 | 헉 살안찌는거 넘쥬아👏
jaaaayydang | 2024-06-24 | 우앙 미쳐버려요😍😍
eattoeat_kr | 2024-06-23 | 우와 여기 가보고싶어요!
dayeating_ | 2024-06-23 | 캬 꿀이 가득❤️❤️❤️
pigrami_ | 2024-06-23 | 저 이호떡 원래두 좋아해욥!!!!!!짱맛있겠댜..🫢
taetae_foodie | 2024-06-23 | 헐 호떡 찍먹에 아이스호떡까지.. ❤️
mini_euni | 2024-06-23 | 와~~~꿀대박😍😍 넘 좋은걸요
muk_jeju | 2024-06-23 | 비주얼 무슨 일🔥🔥
hj__foodie | 2024-06-23 | ㅠㅠㅠ하 꿀 흐르는거 너무맛있어보인다 진짜❤️
mukstival | 2024-06-23 | 영등포에서 일 할때 진짜 1주일에 한번은 사먹은 곳..👍
g_bsoo | 2024-06-23 | 살 안 찌는 호떡이라구요?? 그럼 현금 왕창 챙겨서 갑니당
busan_muk | 2024-06-23 | 헉 기름없이 구운호떡 최고당💗🤗
foo__zim | 2024-06-23 | 와씨,,,80년 전통!!대박 대박!
100rang_food | 2024-06-23 | 왁 아니 요거 넘 궁금해요😍
leeoh_review_ | 2024-06-23 | 이거 진짜 먹구 싶다구요❤️
minny_mukhaengja | 2024-06-23 | 헐.. 호떡💙💙💙진짜 최애 간식😍
muuk.dda | 2024-06-23 | 찍먹 도랏멘,,
tastyroom_ | 2024-06-23 | 크.. 완전 맛있겠는데요❤️❤️❤️
mukitgam_ | 2024-06-23 | 호떡 1등이다 이게🔥
kkutti_h | 2024-06-23 | 와아.. 찍먹 호떡 너무궁굼❤️
wu_hyun | 2024-06-23 | 오 호떡이 정말 대박이네요 저도 먹어보고 싶네요 ㅜㅜ
t_cheol2 | 2024-06-23 | 우와우 진짜 짱인데요 ㅎ😍
jjong_mattang | 2024-06-23 | 호떡 찍먹에 살까지 안찐다? 이거 히트다;
dasik_eat | 2024-06-23 | 오ㅓ 취향저격💚
yeoni_mukstar | 2024-06-23 | 오오 다이어트할 때 맘껏 먹어도 되는 호떡이네요👍🏻👍🏻
biggn_o | 2024-06-23 | 헐 ㅋㅋㅋ이거 완전신기해요😍
foodminister_ | 2024-06-23 | 럭키네여!!!!
mim_mi__ | 2024-06-23 | 헉 여기 호떡 넘 궁금해요🥹
taste_filer | 2024-06-23 | 우앙!!!!!!! 이거 너무 맛나겠쟈나용 ㅠㅠㅠ
bottlejune__96 | 2024-06-23 | 간만에 호떡 먹고싶어지는걸요 ㅠㅠㅠ😍😍
muk._kwww | 2024-06-23 | 요거 넘 궁금한데요😍😍
gwangju_oneallzero | 2024-06-23 | 와 호떡 당쟝❤️❤️
bonny_vely_ | 2024-06-23 | 와살안찌는호떡이라뉘❤️
seula.busan | 2024-06-23 | 호또옥❤️❤️ 아 맛있겠어여 ㅜㅜ
gyul_yummy | 2024-06-23 | 헐 ㅠㅠㅠ 꿀 가득한거 미쳐써여ㅠㅠㅠㅠ
muk_geobolka | 2024-06-23 | 츄베릅❤️
tasteraveler | 2024-06-23 | 오,,,진짜,,신기하다,,찢어서찍어먹는다니,,?ㅎㅎ
hihee.e | 2024-06-23 | 크ㅠㅠㅠ호떡 넘 먹구싶게생겼러요❤️
jigustar_daegu | 2024-06-23 | 이거 넘 궁금하더라구요 👏
j2ch.busan | 2024-06-23 | 살안찌는 호떡 맞나요ㅋㅋㅋㅋ 믿어보겠습니다?
kidmstyle | 2024-06-23 | 와우 아이스호떡까지 너무 맛있겠는데요😍
hye_foodie_ | 2024-06-23 | 여기 너무 가보고싶어용 ㅠㅠㅠ찍먹호떡❤️
mochl_ahahcnl | 2024-06-23 | 와 이거 궁금해요 ❤️
jameslee0911 | 2024-06-23 | 크으 저도 먹어보고 싶어요😍
busancity_bonggu | 2024-06-23 | 와 가야죠😍 이건 먹어야죠
1onefood_ | 2024-06-23 | 와따 신박해용😍😍😍
gulgulmatzip | 2024-06-23 | 오떡 엄청 좋아요 😍👍
kim_nyamsik | 2024-06-23 | 호떡 비주얼 제가 본것중에 최고네요😍😍
mukshroom_ | 2024-06-23 | @muk__guri
manchaelin | 2024-06-23 | 오오 환자들도 먹을 수 있다니👍🏻🥺 그만큼 믿고 먹어도 된다는거겠죠🍦
ulsan_map | 2024-06-23 | 우아 호떡 최고.. 😮
ham2_ni__ | 2024-06-23 | ㅠㅠㅠㅠㅠㅠ이거 대박이져❤️
js__1oo4 | 2024-06-23 | 먹는방법 진자 신기한데용🫢🫢🩷🩷
colorfulsundays | 2024-06-23 | 너무 궁금해요 요거 🥹🥹🥹🩵
qbee.eat | 2024-06-23 | ㅠㅠㅠㅠ 이거 저도 속살 먹어보고차요ㅠㅠㅠㅠㅠㅠ 개마싯서보려❤️❤️
merry_pick | 2024-06-23 | 달짝찌끈 넘 맛있겠댜는❤️
muk._.chuuru | 2024-06-23 | 아근데 지난달보다 가격올라따
muk._.chuuru | 2024-06-23 | 마지막손님대박츄베릅
yum_yum_kkakka | 2024-06-23 | 꺄아 호떡 조아오❤️❤️ 건강식이다
laurent_busan | 2024-06-23 | 구워만드는 호떡 츄베릅❤️❤️
everyday_everyfood | 2024-06-23 | 살안찌는 호떡이라늬ㅣㅣㅣ😍 사랑스럽군
muk__guri | 2024-06-23 | 꿀 가득 호떡 조아❤️❤️
mukkarong | 2024-06-23 | 크으으으~~~여기 오가면서 봤던데인데 한번 먹으러 가봐야겠어요!!😆😆😆
hua_ngnana | 2024-06-23 | 중국어를 배우고 싶은 사람 있어요? 한국어를 배우고 싶은데 같이 공부합시다.❤️❤️
ddo_sil | 2024-06-23 | 츄베룹
_mol_bbang | 2024-06-23 | 와 진짜 여기 넘 궁금했어용😍
matketers | 2024-06-23 | 넘 맛나겠어용😬
limeunzzo | 2024-06-23 | 와 이거 진짜 먹어보고파여ㅜㅜㅜ
muckza_zzae | 2024-06-23 | 꿀찍어먹기 먹구싶다❤️
matxnyang_3 | 2024-06-23 | 80년 전통…! 영등포명물호떡이네용 먹으러가야해요❤❤
hotdor_s | 2024-06-23 | 오 ㅋㅋㅋㅌㅋㅋㅋ비지엠도 찰떡이네
jungbojyong | 2024-06-23 | 기름없이도 매우 맛있어보여요😍
so_rowsm | 2024-06-23 | 꿀 가득 호떡 넘모 맛나보여요🤤
muk_joongsa | 2024-06-23 | 아이스 호떡도 좋운데용?,,,,❤️❤️
jjuchelin_ | 2024-06-23 | 아이스호떡 요즘같은 날씨에 완전 꿀인데유😍😍❤️
meokdoong | 2024-06-23 | 아 요기 요즘 핫플인가여?!!!!!!!❤️
muk.happy | 2024-06-23 | 아 저도 먹어보고싶어요😍
rara_muk | 2024-06-23 | 기름 없이 구우니까 완전 궁금해요😍
yeahzineat | 2024-06-23 | 어우 저 이런 호떡 너무 좋아해요 😭🫶"
2024-06-19,1061,@@이름에 ‘ㅇ’ 들어가는 친구가 쏘기❤️ 사장님이 10개당 1분컷으로 만들어버리시는 토스트집🫶🏻 손이 너무 빨라서 보이지 않았음 케찹 와르르 설탕 와르르🫶🏻 계란 부침만 들어갔을 뿐인데 그냥 맛있네🫶🏻 완전 추억의 맛🫶🏻 동묘 길거리에 남녀노소 토스트 하나씩 들고 다니는 정도🫶🏻 가격도 1000원으로 착하네🫶🏻 📍 서울 종로구 종로58길 22 청계 DVD 백화점 아래에 위치‼️ 💵 토스트 1000원 58주,"#동묘시장, #동묘맛집, #길거리토스트, #길거리음식, #시장투어, #동묘구제시장, #동묘역맛집, #광장시장맛집","bong_food_travel | 2024-07-01 | 츄릅,,,😍
yam_yam_ping | 2024-06-30 | 토스트 못참앙❤️❤️
dog.matdori | 2024-06-27 | T라미숙해ㅠㅠ
ggam_food | 2024-06-27 | 그저 사랑...❤️
bee__yummy | 2024-06-22 | 케첩 뿌려뿌려❤️❤️
mochl_ahahcnl | 2024-06-22 | 난데 ❤️❤️
mood_dining | 2024-06-21 | 전문가의손길이네요👏
ddunny_ddun | 2024-06-20 | 캬 장난없다❤
jaaaayydang | 2024-06-20 | 길거리 토스트 너무 마싯겠어여😍❤️
strong_jxeun | 2024-06-20 | 헐 나 쏴야되네 연락 주세요
tanguriyaaa_ | 2024-06-20 | 저 10개 머글래여❤️
joobong__ | 2024-06-20 | 아 토스트는 꼭 저 종이컵에 먹어야합니다🔥
review_rabbit_ | 2024-06-20 | 타이쿤 같다..❤️ 토스트 가성비 넘 좋자나요
eat._.dopig | 2024-06-20 | 천원이라니😭제가 다다 쏘겠습니다
eum_masitto | 2024-06-20 | 가성비+맛 모두 최고인 토스트❤️❤️
yamphile | 2024-06-20 | 😍😍😍😍😍😍😍😍😍😍😍😍😍😍
space_look__ | 2024-06-20 | 토스트대박인데요❤️
danji.muk_log | 2024-06-20 | 와 맛이 넘 궁금한 비주얼인데요?🥰❤❤
qbee.eat | 2024-06-20 | 설탕 와르루! 천원의햄뽁 ❤️
mat_puri | 2024-06-20 | 크 이런 옛날 토스트 사랑하죠!!
gge.juck | 2024-06-20 | 와 사장님 손놀림이 미쳤어요😮
ham_muklog | 2024-06-20 | 햐 토스트 퀄 미쳐따 저두 먹을래요❤️
muuk.dda | 2024-06-20 | 처넌이니까 5개 머고야지,,😮
muk_jjiyom | 2024-06-20 | 캬 설탕와르르ㅡ르르 군침싹😍
kim_nyamsik | 2024-06-20 | 토스트 비주얼 완전 대박이네요😍
jjinang_pick | 2024-06-20 | 여기 겁나 마싯자아요❤️
daily_mukbbaek | 2024-06-20 | 크....천원토스트 요기 생각보다 넘 괜찮았어여😍
juner_315 | 2024-06-20 | 티라미수 아니 토스트 맛있어보여용😍
con_coffeeornot | 2024-06-20 | 옛날 토스트 대박이네여❤️
queensgarden_shabu | 2024-06-20 | 악♡♡이 밤에 또 이걸 보고 말았네요💦💦💦
침샘 폭발입니다🍖🍖🍖
rara_muk | 2024-06-19 | 토스트 당장 먹고파요😍
mim_mi__ | 2024-06-19 | 우와아 사장님 스냅 대박이에여
hh.__.jin | 2024-06-19 | 현란하다🔥🔥
cafe_9kyung | 2024-06-19 | 오~~영상 2배속이 아니란 건가요😮 옛날토스트 가끔 넘 생각나요
kidmstyle | 2024-06-19 | 와우.. 토스트 너무 맛있겠어요 😍
aug_piiggg | 2024-06-19 | 헐랭 천원이요??❤️
anjjanjjan | 2024-06-19 | 키야 이런곳이 찐입니당💛💛
1onefood_ | 2024-06-19 | 와 이거 무조건 먹으러가야죵
judang_2_ | 2024-06-19 | 사장님 완전 달인ㅋㅋㅋ❤️💛 요즘 천원이면 껌도 못사는데 토스트가 처넌이라니!! 넘나 사랑이예여❤️💛
meokdoong | 2024-06-19 | 천원토스트진짜사랑이댜
mukkarong | 2024-06-19 | 오오오!! 요고 완전 찐 맛도리자나유!!😆😆😆
dayeating_ | 2024-06-19 | 캬 이건 정말 못참죠❤️
hdul_daily | 2024-06-19 | 천원이면 진짜네요
mukchoding | 2024-06-19 | 아이스커피랑 찰떡😍
_mol_bbang | 2024-06-19 | 츄베릅😍넘 입맛돌아용😍
bottlejune__96 | 2024-06-19 | ㅇ 들어간 제가 사야되나여…!! ㅋㅋㅋㅋ😂
ju.food_ | 2024-06-19 | 아 집앞에있으면 매일 먹을텐데..😂
js__1oo4 | 2024-06-19 | 케챱듬뿍 너무 좋아요🥺🥺🩷🩷
엤날 토스트가 젤 맛있음 ㅜㅜ💚💚
biggn_o | 2024-06-19 | 크 진짜 갓성비 토스트😍
j2ch.busan | 2024-06-19 | 와 퍼포먼스 대박인데요ㅋㅋㅋㅋ 저것도 손님이 있어야 여러개 쭉 놓고 만들 수 있는데 핫한곳인가봐요?
mukddo_muk | 2024-06-19 | 헐 먹고싶어요 ㅎㅎ
babjuseyoung | 2024-06-19 | 🤩비줠보니 너무 먹고 싶어요🥰
mat.planner | 2024-06-19 | 츄릅,, 진쨔 침나와여ㅠㅠ🫶🏻
taetae_foodie | 2024-06-19 | 아니 가격 실화에요…? ❤️
muk_daddy | 2024-06-19 | 요거 요즘 핫하죠😍
hihee.e | 2024-06-19 | 여기토스트가격 미쳐유❤️❤️
churping_oo | 2024-06-19 | 저도 하나만 주세요❤️
jjiny_mukstory | 2024-06-19 | 엄청 맛있어보여요😍
yummy.0.yam | 2024-06-19 | 꺅 저도 먹고파요❤️
laurent_busan | 2024-06-19 | 이런 토스트 사랑이죠❤️
mut_dam | 2024-06-19 | 갓성비닷❤️❤️❤️
seoul__guide | 2024-06-19 | 토스트 대박..완전 군침돌아요 ㅠㅠ
minsisters_mukstagram | 2024-06-19 | 캬.....이런 토스트...기다렷슴미더...
mukorang | 2024-06-19 | 응으으윽 추억의 맛..😍😍
lemonlemonjj_ | 2024-06-19 | 우앙 저듀 먹고싶어용 츄르릅😍❤️❤️
aeyongxxi | 2024-06-19 | 가성비 미쳐짜냥❤️
tasteraveler | 2024-06-19 | 츄베릅,,진짜,,ㅠㅠ다먹어버리고파
cooking_sam_kitchen | 2024-06-19 | 갓성비 천원 토스트 너무 좋네요 👏
hj_foodie | 2024-06-19 | ㅠㅠㅠ대박 하나에 천원 진짜 말두안됑❤️
da_muk_nyam | 2024-06-19 | 햐😍😍갓성비이😍😍
gyul_yummy | 2024-06-19 | 여기 가성비 대박이에요💖💖
so_rowsm | 2024-06-19 | 설탕 솔솔 뿌린 토스트 한입 와앙 먹고 싶어요😲
yeoni_mukstar | 2024-06-19 | 오오 케찹이랑 설탕 가득 뿌려진 계란토스트 넘 맛있겠어요👏👏
muk_gonny | 2024-06-19 | 츄베릅❤️❤️ 👏
sowon_yam2 | 2024-06-19 | 스냅 미츄용 ㅋㅋㅋㅋ
livinglog_official | 2024-06-19 | 와ㅜㅠㅠㅠ 먹어도 먹어도 안질리죠 ㅠㅠ
busan_delicious_diary | 2024-06-19 | 한입 크게 먹을래요❤️
do___yummy | 2024-06-19 | 제가 쏴야겠네요😍😍
mukrosee | 2024-06-19 | 크으 가격 너무 좋구요❤️❤️
mukbulim_0817 | 2024-06-19 | 갓성비 너무 좋아요❤️
_mokpo_good_place | 2024-06-19 | 천원이라니😱😱
choi._.yummy | 2024-06-19 | 하 이건 3개도 먹을 수 잇을 거 같아요🔥🔥🔥
choi._.yummy | 2024-06-19 | 하 이건 3개도 먹을 수 잇을 거 같아요🔥🔥🔥
choi._.yummy | 2024-06-19 | 하 이건 3개도 먹을 수 잇을 거 같아요🔥🔥🔥
ham2_ni__ | 2024-06-19 | ㅠㅠㅠㅠ토스트각이에요ㅠ지쨔❤️
bonge_o0o_food | 2024-06-19 | 침고여... 다이어트 어케하냐구유ㅠㅠ
ddub_e2 | 2024-06-19 | 토베릅? 어감이 좀 그러네 ㅠ 토스베릅😂
t_cheol2 | 2024-06-19 | 츄츄 죽이네요 토스트 땡긴다 ㅎㅎ
muk__guri | 2024-06-19 | 설탕 가득 조아❤️
limeunzzo | 2024-06-19 | 와 ㅋㅋㅋㅋㅋㅋ 계속 보게돼여😍
jjong_mattang | 2024-06-19 | 토스트 백개 뿌시러 갑니다 🔥
muko_die | 2024-06-19 | 와 기계보다 정확하신데요😍
muksta_cici | 2024-06-19 | 비쥬얼 진짜 대박,,❤️ 너무 맛있어보여요🥹
mat_kkimu | 2024-06-19 | 토스트 만드는속도가 장난이 아니신데요 캬아😮
jinarye | 2024-06-19 | 츄베릅❤️
m_158__cm | 2024-06-19 | 터스트 토스트 못참죠 ㅠㅠㅠㅠ❤️
mukdang0 | 2024-06-19 | 토스트 추베릅❤️❤️
hyunjae_mukstagram | 2024-06-19 | 천원 갓성비 지린다..
100rang_food | 2024-06-19 | 크으 오랜만에 머그러갈래요😍
yome_foodie | 2024-06-19 | 천원이라니!!❤️❤️"
2024-06-18,955,"[강남] 쌈싸먹으면 더 맛있는 쌈장 치킨..? <뱀파이어 치킨> 하이디라오 건희소스를 바탕으로 만든 뱀치디라오 치킨🫶🏻 고소한 땅콩에 새콤한 칠리 소스가 만나 고소매콤 중독성 넘침🫶🏻 비쥬얼은 쌈장인데 이거 눈감고 먹으면 ㄹㅇ 쌈장 그 잡채,,🫶🏻 사장님께서 싸먹으면 더 맛있다 하셔서 바로 옆에 마트가서 상추 사서 싸먹어봄 이게 맞아..? 진짜 더 맛있네..? 고기 쌈싸먹는 느낌🫶🏻 순살치킨은 닭다리살이라 겉바속촉 미쳤음🫶🏻 기본적으로 소스는 따로 나와서 부먹찍먹 둘 다 가능🫶🏻 핫바베큐치킨은 진짜 캡사이신의 매운맛이라 맵찔이들은 조심 오도톡 터지는 식감의 옥수수 튀김🫶🏻 하이볼이랑 한잔하면 최고다🫶🏻 @@치킨사쥬❤️ 📍#뱀치 📍 서울 강남구 강남대로124길 35 . 103호 ⏰ 매일 16:00-22:00 💵 뱀치디라오 순살 21000원 58주","#강남맛집, #강남맛집추천, #강남데이트코스, #강남치킨, #치킨맛집, #하이디라오, #논현동맛집, #논현동맛집추천, #배달맛집추천","eeeaaattt2023 | 2024-06-30 | 치킨을 상추에? 대박
dog.matdori | 2024-06-27 | 왘ㅋㅋㅋ기발하당ㅋ
cookie_mommm | 2024-06-23 | 한입만요🤤🤤
ppol_yummy | 2024-06-21 | 와 너무 맛있어보여요!!
so.sohwan | 2024-06-20 | @ssssssy_.e
jaaaayydang | 2024-06-20 | 넘나 싱기❤️
hi_nariya | 2024-06-20 | 치킨 대박!!!👏👏먹어보고싶자나용😁
muksta_zzino | 2024-06-20 | 엥 ㅋㅋㅋ 상추에 씨먹는다구요??😮
happpyfoody | 2024-06-20 | 이게 되네…? 🔥 이색적이라 궁금해요
muk_jjiyom | 2024-06-20 | 치킨을 싸먹는다고요?!!🤤
daviidoff_67 | 2024-06-20 | 🔥
tasty_ssong | 2024-06-19 | 침 좔좔 흘리면서 봤넹😍 나듀 먹으러갈랭🙌🏻
taetae_foodie | 2024-06-19 | 헐 진짜 너무 궁금해여 ㅋㅋㅋㅋㅋㅋ
jigustar_daegu | 2024-06-19 | 소스 궁금하네요😍😍
muk_geobolka | 2024-06-19 | 츄베릅❤️
mo_muk_._ | 2024-06-19 | 이건 진짜 궁금하네요…🔥
grandeater_0 | 2024-06-19 | 헐 🤤 쌈장치킨이라니
daejeon__tour | 2024-06-19 | 쌈장이요 ?? 이건 근데 맛없을 수가 없다🥰
yum_yum_kkakka | 2024-06-19 | 와✨ 넘 좋은데요❤️❤️
humor._memmem | 2024-06-19 | 쌈장치킨이라니 넘 궁금한데요❤️❤️
tasteraveler | 2024-06-19 | ㅋㅋㅋ쌈장치킨ㅋㅋㅋ미쳣닼ㅋㅋㅋ나안그래도쌈장처돌이인데!!!ㅋㅋㅋ요고대박인데요?
blacktiger.maratang | 2024-06-19 | 땅콩칠리소스 😍😍😍😍😍
happynyomnyom | 2024-06-19 | 신선한 컨셉이네요ㅋㅋㅋ😮
motsunabe_yamaya | 2024-06-19 | 쌈싸먹는 치킨이요?!👏👏👏
zzu.meokbap | 2024-06-19 | 치킨 ㅠ 저도 먹고파용🤤,,💕💕
mukdor_2 | 2024-06-19 | 비주얼부터 합격이네요🔥 먹팔해요🙌
ddonge_e_ | 2024-06-19 | 군침이 안 나올수가 없는 비쥬얼 ㅋㅋ지금도 먹고있는데 이것도 먹고싶어요😢
muko_die | 2024-06-19 | 왘ㅋㅋㅋ상추에 싸먹는 거 대박😍
mong_ddang_yummy | 2024-06-19 | 우와 너무 신박하고 너무 궁금한데요!!?😮😮😍😍
bbangsoo._ | 2024-06-19 | 오에애!?? 쌈싸먹는 취킨이요!??😍😍 사장님 진짜 천재 아니신가욬ㅋㅋㅋ
daejeon_ddomatddo | 2024-06-19 | 오 맛있을 것 같은데요?…❤️❤️
juni_road | 2024-06-19 | 너모신기하고❤️
gge.juck | 2024-06-19 | 아 근데 쌈장 존맛탱 각이예요
treeview__ | 2024-06-19 | 이왜진
_gahyoida | 2024-06-19 | 튀김옷조차 바삭함이 느껴져요..❤️
kim_nyamsik | 2024-06-19 | 쌈정 치킨이라니ㅋㅋㅋㅌ맛있어 보여요😍😍
manchaelin | 2024-06-19 | 쌈장치킨 신박한데 너무 잘 어울릴 것 같어요 ㅋㅋㅋㅋㅋㅋㅋ🤤🤤🤤
waguwagu_mucksun | 2024-06-19 | 크으 치맥 당장 각이메요
g_bsoo | 2024-06-19 | 오오😮 쌈장치킨이라니, 맛이 어떨지 너무 궁금해요😮
moonchelin.chef | 2024-06-19 | 이거 못참아요❤️
jjinang_pick | 2024-06-19 | 어우 혼종이하 생각햇는데 땅콩 치킨 인정❤️
umai_eatstagram | 2024-06-19 | 너무 먹어보고싶어요😍
matxnyang_3 | 2024-06-19 | 쌈장치킨은 완전 새로운데여❤❤❤
foodybard | 2024-06-19 | 싸먹는 치킨이라구우우?
ella._.tto | 2024-06-19 | 치킨에@쌈장이라니..😍
___roylee | 2024-06-19 | 대받 하이디라오 완전 건희소스 좋아하는데 쌈장이라니 ㅋㅋㅋㅋ 갑니다
matddori_ | 2024-06-19 | 쌈싸먹는 치킨 궁금해여❤️
rara_muk | 2024-06-19 | 치킨에 쌈장 궁금해요❤️
muckcrong | 2024-06-18 | 요기 넘 가보고 싶어여🤍
kidmstyle | 2024-06-18 | 😍😍
kidmstyle | 2024-06-18 | 와 바로 상추사와서 싸드셨네요😍 쌈장치킨 너무 궁금해요
reels_pandagom | 2024-06-18 | 우왕 넘 맛있겠판다!!!🐼🐼💖
ulsan.leader | 2024-06-18 | 취향저격❤️
ddube.do.bob | 2024-06-18 | 우왕 쌈장치킨신기해여
mat__check | 2024-06-18 | 맛체크하러 달려갈래요💛💛
bonge_o0o_food | 2024-06-18 | 와씨 이거 먹어보고싶엌ㅌㅌㅌ
100rang_food | 2024-06-18 | 쌈장치킨이라니..😮
cho_muck | 2024-06-18 | 와❤️❤️이런게잇다구요😍😍😍
sikhookyung | 2024-06-18 | 여긴 벨트 푸르고 흡입해줘야 겠어요🙋🏻‍♂️🙋🏻‍♂️
imenxch | 2024-06-18 | 우와 진짜 너무 제 취향 저격인지라 감탄사가 안 나올 수가 없는 걸요 ‼️❤️
mukb_read | 2024-06-18 | 쌈싸먹기 대박❤️
magoo_wagoo | 2024-06-18 | 왘ㅋㅋㅋㅋ쌈장부어버리다닝😮
picky._.eat | 2024-06-18 | 치킨에 무슨짓을 ㅠㅠ 너무 맛나겠어요❤️
fnvidir | 2024-06-18 | 오 쌈싸먹는 치킨이라니 신박해요👏👏
ming_foodie_ | 2024-06-18 | 아니 된장에 쌈장까지?!
jinwook1011 | 2024-06-18 | 오....치킨쌈싸는거처음봐요😃
hello_s_food | 2024-06-18 | 고소매콤이라니 신박한데여❤️❤️
kmj4401 | 2024-06-18 | 오홀~~중독성 쩔겠어요😍 맛나겠어요❤️
aug_piiggg | 2024-06-18 | 헐 옥수수튀김까지 먹을래요❤️
fa_eating_ | 2024-06-18 | 옼ㅋㅋㅋㅋㅋㅋ쌈까지 싸머거야지 ❤️
cogarobotics | 2024-06-18 | 옥수수튀김도 넘 맛있겠당😍
mukchoding | 2024-06-18 | 쌈장이라니 넘 궁금😍
mat_kkimu | 2024-06-18 | 오호 진짜 특이한 조합인데요 정말 너무 궁금합니다요 ㅜ
porschelin_man | 2024-06-18 | 와 한번 꼭 먹어보고싶네용😍
1onefood_ | 2024-06-18 | 와 먹어보고싶어용😍😍😍
mukstar_md | 2024-06-18 | 옥수수튀김 미쳐요❤️❤️
eu_n_choi | 2024-06-18 | 소스 궁금해용😍
hihee.e | 2024-06-18 | 우앙 된장이라닠ㅋㅋㅋㅋㅋㅋ먹어보고파요
sang_hwa00 | 2024-06-18 | 진짜 쌈장같아용😂😂😂
mukjung_ | 2024-06-18 | 여기진짜싱기 ㅎㅎ
colorfulsundays | 2024-06-18 | 😍😍😍😍😍
colorfulsundays | 2024-06-18 | 오 완전 궁금해요❤️❤️❤️
mukddo_muk | 2024-06-18 | 헐 너무 먹고싶은데요❤️
mim_mi__ | 2024-06-18 | 헉 치킨 맛 너무 궁금해여🥹
busan_delicious_diary | 2024-06-18 | 맥주한잔 땡기는데요 ❤️
ssonwin_ | 2024-06-18 | 쌈장😮😮😮😮 신박하다요
seula.busan | 2024-06-18 | 쌈싸먹는거 신기해여❤️❤️
laurent_busan | 2024-06-18 | 치킨에 쌈장 조합 신기한데용 🔥🔥
hyob_muk | 2024-06-18 | 에?!?쌈장치킨이여?!?😮😮
siso_father | 2024-06-18 | 치킨 너무 먹어보고싶네요 😍
churping_oo | 2024-06-18 | 치킨 지대로 먹고싶당❤️
yucangwoo | 2024-06-18 | ㅋㅋ 마트 가서 진짜 사오셨습니까?
mukdang0 | 2024-06-18 | 츄베릅 ❤️❤️
e.den_0.0 | 2024-06-18 | 오? 쌈싸먹는 치킨🔥🔥 먹어보고 싶어욤😮
aeyongxxi | 2024-06-18 | 우아 너무 먹구싶다냥❤️
mukorang | 2024-06-18 | 우와.. 이거 진짜 궁금햐요
hungry_university | 2024-06-18 | 여긴 꼭 가야게써요❤️
daily_tak1003 | 2024-06-18 | 헉 너무 궁금해지네요..?🙌
muk_quest | 2024-06-18 | 치킨 비줠 미쳤어요✨✨🤤🤤
qbee.eat | 2024-06-18 | 우와 ㅋㅋㅋㅋㅋㅋ ㄹㅇ 쌈장 그잡채ㅋㅋㅋㅋㅋ 오히려 더맛있으거같아여❤️"
2024-06-14,325,"[연남] 5번이상 간 연남데이트 필수코스? <앤티크커피> 분위기도 데이트로 딱인 디저트 카페🫶🏻 디저트 종류도 많아 취향대로 즐기기 가능🫶🏻 크로아상, 타르트, 스콘, 케이크 등🫶🏻 사실 이번이 3번째 방문인데 신메뉴가 나왔다해서 옴🫶🏻 단호박 커스터드크림에 단호박 가나슈 넣은 단호박 타르트🫶🏻🫶🏻 이거 완전 다이어트 하는 느낌인데..?🫶🏻 크림치즈 생크림 듬뿍 올라가고 시나몬까지 더해져 풍미 미쳤🫶🏻 바나나에 초코조합인 바나나쇼콜라🫶🏻 시나몬에 캐러멜까지 더해져 당충전까지🫶🏻 파이지가 바삭해서 식감 최고🫶🏻 여기 올때마다 크로아상은 무조건 먹는데 크림가득 얹어있는데 안에 또 크림이 들어 당충전 지대로🫶🏻 쫀쫀한 크림라떼까지 미쳤다🫶🏻 부드럽고 찐하니 커피도 잘하네🫶🏻 @@디저트파티각🫶🏻 📍#앤티크커피 📍 서울 마포구 연희로 25-1 1층 앤티크커피 ⏰ 매일 10:00-22:00 💵 단호박 타르트 8100원 💵 바나나 쇼콜라 8100원 💵 더티앤크림 6500원 58주","#연남동카페, #연남동맛집, #연남동맛집추천, #연트럴파크맛집, #연남동디저트카페, #케이크맛집, #디저트맛집, #연남동데이트추천","colorfulsundays | 2024-06-16 | 크림가득든거 하나 먹고싶네여😍
colorfulsundays | 2024-06-16 | 아 여긴 그냥은 못지나가죠~~~~
bonge_o0o_food | 2024-06-16 | 디저트 파티 각❤️❤️❤️
yoon_gourmet | 2024-06-15 | 5번이면 완전 인정이네여😍
jjiny_mukstory | 2024-06-15 | 진짜 혜자네요🧡
ulsan_jsister | 2024-06-15 | 츄베릅 여긴 못참겠네여😍😍😍
ddo__yam | 2024-06-15 | 오오오 완전 😍😍 과일 가득이네요❤️
jaaaayydang | 2024-06-15 | 꺅 데이트 맛집이네여💖
mukorang | 2024-06-15 | 여기 지쨔 맛도리❤️❤️
matcoder_ | 2024-06-15 | 여기는 못 참아요ㅠ얀티크😍😍
hoonstafork_yamang | 2024-06-15 | 디저트 맛집 좋아요!!
anjjanjjan | 2024-06-15 | 앤티크 넘 맛나요ㅠ❤️❤️
radiant__hoya | 2024-06-15 | 디저트 비줠대박이네요
mmzip_daejeon | 2024-06-15 | 케이쿠 너무 맛나겟는데요,,🤤
sikbbang._.ing | 2024-06-14 | 연남동으로 데이트 하러가고싶은걸요😎
yum_.0._yum | 2024-06-14 | 여긴 저장해놨다가 저도 가봐야겠어요💕
muk_captain_ | 2024-06-14 | 저도 초대해주세염😵😵
g_bsoo | 2024-06-14 | ㅠㅜㅠ저는 여기 아직 못가봤는데 이번 주말에 꼭 가봐야겠어요❤️
sltnqdla | 2024-06-14 | 데이트 안전빵은 여가자나유 ❤️❤️
ddunny_ddun | 2024-06-14 | 헐저도가보구싶댜❤❤
mattjun11 | 2024-06-14 | 오 ㅋㅋㅋ 여자분들이 좋아할거 같은 곳🔥
matpamine_ | 2024-06-14 | 와 저도 갈래요…😢
yam_yam_ping | 2024-06-14 | 오왕❤️맛도리일듯
gulgulmatzip | 2024-06-14 | 저도 먹고싶어요😍👏
muk_cheers | 2024-06-14 | ㅠㅠ 커피랑 챱챱
jelly_fooodie | 2024-06-14 | 저도갈래요😍
dayeating_ | 2024-06-14 | 비줠부터 난리나네요❤️
mo_muk_._ | 2024-06-14 | 속보 앤티크커피 데이트 성공률 100프로 돌파
ham2_ni__ | 2024-06-14 | 앤티크는 볼때마다 이뻐요❤️
hyunah_pick | 2024-06-14 | 오ㅓ 이거 제 스탈😍😍
eunsil5317 | 2024-06-14 | 여기 너무너무 맛있죠❤️
mukbo_jjang | 2024-06-14 | 이야 디저트랑 커피 모두 다 맛있는 곳이라닝😍😍
mukstival | 2024-06-14 | 신메뉴 나왔으면 당장 달려가서 파티해야겠어요🎉🎉🎉
za_manco | 2024-06-14 | 빵순이 눈돌아가요….ㅠ❤️
ulsan_check | 2024-06-14 | 너무 먹고싶어요👏
food._.hwan | 2024-06-14 | 이런 라떼는 대환영❤️
신메뉴 츄베릅😮
asan.bbotto | 2024-06-14 | 저도 맛있는 디저트 먹으러 갈래요 😍
dama.zine | 2024-06-14 | 와 디저트 체고❤️
jinihankki | 2024-06-14 | 크으 비주얼 대박이네요✨✨✨
mong_ddang_yummy | 2024-06-14 | 와 당장 같이갈사람 구해야겠아요 😍😍 넘옙흐당😍
seoul__guide | 2024-06-14 | 크림 가득하네요 ㅠㅠ
hyob_muk | 2024-06-14 | 여긴 자주가야쥬❤️❤️
1onefood_ | 2024-06-14 | 연남동 가즈아!!!😍😍😍
__it.s.youn | 2024-06-14 | 와 .. !!! 비주얼 장난 없는데요 ? 데이트 장소로픽!!
busan_delicious_diary | 2024-06-14 | 데이트 하러 다들 고고우😍
do___yummy | 2024-06-14 | 당충전 만땅할래용
taetae_foodie | 2024-06-14 | 진짜 예뻐서 먹기 아까웅디요ㅠ❤️
food_chy._.ee | 2024-06-14 | 하ㅠㅠ디저트러버들은 무조건 가야할 연남동 필수코스❤️
muko_die | 2024-06-14 | 오우ㅠㅠ이번에 나온 신메뉴 꼭 먹어보고파요😍
ddo_gansik | 2024-06-14 | 연남동으로 당장달려가려❤️
so_rowsm | 2024-06-14 | 엄모🫢 디저트 덕후 심장 뛰게 하는 비주얼이네요🤤
hihee.e | 2024-06-14 | 헐 ㅠㅠ앤티크 존맛이자나여❤️❤️
mukjung_ | 2024-06-14 | 크림미쵸땨ㅠㅠ
myeong_jonmatt | 2024-06-14 | 크리미🔥
chaenni_ni | 2024-06-14 | 빵순이 눈돌아가요.. 출동준비❤️
daejeon_ddomatddo | 2024-06-14 | 5번이라니 믿고갑니다🔥
mukddo_muk | 2024-06-14 | 여기 디저트 맛나더라구요 ㅎㅎ
joobong__ | 2024-06-14 | 케이크 진🔥🔥짜 맛있겠네요
_mol_bbang | 2024-06-14 | 저도 여긴 레전드에용😍
matport_ | 2024-06-14 | 완전 취향저격이에요ㅠㅠㅠ❤️
eu_n_choi | 2024-06-14 | 디저트 가득❤️❤️
aeyongxxi | 2024-06-14 | 이건 같이먹자냥❤️
muksta_cici | 2024-06-14 | 우와 비쥬얼이 진짜 대박이네요👍❤️
danji.muk_log | 2024-06-14 | 와 크림 푸짐하고 넘 맛깔나보여요!! 여기 대박이다!👍❤❤
sang_hwa00 | 2024-06-14 | 진짜 크리미 가득해요😍😍
mukrosee | 2024-06-14 | 달달구리 진짜 땡겨요😍
hdul_daily | 2024-06-14 | 데이트하러갑니다
hello_s_food | 2024-06-14 | 연남동 데이트 필수코스❤️
foo__zim | 2024-06-14 | 연남동 가야게땅👏👏
muk.seori | 2024-06-14 | 크림 묻힌거 졸귀탱 ㅠㅡㅠ❤️
muckza_zzae | 2024-06-14 | 당잘 나도갈래,,,갈달구리 미쳐
matzip_hyena | 2024-06-14 | 5번 츄베릅 🔥🔥 킁킁..🐺🐺
eat_fp | 2024-06-14 | @reekyung_h
laurent_busan | 2024-06-14 | 케이크 ㅠㅠ 달달구리 디저트로 당충전 할래용 ❤️❤️
bottlejune__96 | 2024-06-14 | 우왕 앤티크커피 여기 말해모해죠!!❤️❤️
kidmstyle | 2024-06-14 | 와 여기 디저트 너무 괜찮은데요? 종류별로 맛보고 싶어요 😍
biggn_o | 2024-06-14 | 크으 여기 데이트 각이네여😍
mukdang0 | 2024-06-14 | 존맛탱 츄베릅❤️❤️
mat__check | 2024-06-14 | ❤️❤️
mat__check | 2024-06-14 | 데투❤️❤️
mim_mi__ | 2024-06-14 | 우와 라떼 크림 쫀쫀함 최고예여❤️
moo_boza | 2024-06-14 | 당충전 이빠이 하러 가야게써요 ㅠㅠ 🔥
gyusun_1004 | 2024-06-14 | 요기 아주 맛나다규❤️
eating_happily_ | 2024-06-14 | 줄서는 찐맛집이에요ㅠㅠㅜ 디저트천국😍
cherry.s_pic | 2024-06-14 | 디저트 환장하죠 💓
honey._punch | 2024-06-14 | 앤티크 존맛이야❤️❤️
mat_joang1 | 2024-06-14 | 디쟈트가 완죤 예술❤️
seula.busan | 2024-06-14 | 와 디저트 덕후 난리나용 ❤️❤️
100rang_food | 2024-06-14 | 왁 디저트 비주얼 미쵸따😮
sowon_yam2 | 2024-06-14 | 라떼는 말이야 이런거 없었어요ㅠㅠ
mukkarong | 2024-06-14 | 오우~~달달하니 완전 당충전 땡기는데요?!!😆😆😆
misikmann | 2024-06-14 | 여기 연남에서 젤 유명하죠👏
mukbulim_0817 | 2024-06-14 | 달달한 디저트먹으면서 데이트하면 사이가 더 달달해지겠어요❤️
bonny_vely_ | 2024-06-14 | 5번이나요~??
churping_oo | 2024-06-14 | 6번째는 저도 데려가요😍
jameslee0911 | 2024-06-14 | 앤티크커피는 사랑이죠❤️
daily_pig_tour | 2024-06-14 | 와 데이트하러 가면 진짜 좋아할거같아요❤️❤️
js__1oo4 | 2024-06-14 | 여기 커피위에 크림 진자 맛있더라구용🥰🥰🥰💛💛
yi.2onggi | 2024-06-14 | 우아 미쳐써여❤️❤️
jack93kim | 2024-06-14 | 이야 연남동 데이트 코스로 여긴 찜입니다"
2024-06-13,2934,[잠실] 잠실에 노포갬성 낭낭한 고깃집? <문백숯불장인> 노포 갬성 낭낭한 깔끔한 고깃집 매장이 넒어서 회식으로도 딱🫶🏻 직원분들이 구워주셔서 먹기만 하면 됌🫶🏻 숯불에 구운 흑괴기가 쫄깃하니 식감 굿🫶🏻 농갈비를 시켰더니 몽둥이가 나오는데 육즙가득 부드럽네🫶🏻 같이 나오는 대파랑 먹는 것도 맛있는데 무조림이랑 같이 먹는게 포인트🫶🏻 된장찌개는 구수하니 밥도둑🫶🏻 고기 남겨서 비냉이랑 후루룩 흡입 필수져?🫶🏻 마지막 후식 아이스크림까지 있으니 꼭 먹기🫶🏻 @@고기사쥬❤️ 📍#문백숯불장인 📍 서울 송파구 오금로11길 12 효창플라자 2층 202호 ⏰ 11:30-23:00 (L.O 22:00) ⏰ 평일 B.T 15:00-17:00 59주,"#잠실맛집, #잠실맛집추천, #잠실고기집, #삼겹살맛집, #잠실술집추천, #잠실데이트코스, #노포맛집, #방이동먹자골목맛집","martha_mwebaza | 2024-09-10 | It's half done
filmusikat.jpg | 2024-09-07 | Where is this?
matt_place__ | 2024-06-19 | 냉면까지❤️
happycherrybear | 2024-06-17 | 잠실 가면 요기
bonge_o0o_food | 2024-06-16 | 나듀 같이 짠할래🔥🔥
muckstar00 | 2024-06-16 | 요기 찐이네요
daejeon__tour | 2024-06-15 | 와 뱍수밖에 안 나오는 고깃집 ㅠ 찌개도 갓벽하다🔥
ddunny_ddun | 2024-06-15 | 육즙이아주팡팡❤
muksta_zzino | 2024-06-15 | 크 돼지에 소주면 극락이죵🔥
yam_yam_ping | 2024-06-15 | 고기넘조아용😍
food_zohaa | 2024-06-15 | 고기 사랑이자나요❤️
miso__cook | 2024-06-14 | 비쥬얼 대박이에요🫢💖💖
mat_daji | 2024-06-14 | 켜😍
cherry.s_pic | 2024-06-14 | 고기 먹으러 갈래요 🥰🥰
mat_puri | 2024-06-14 | 꺄 박수가 절로나오는 비주얼이에요!!
matzip_factory | 2024-06-14 | 여기 고기는 정말 찐이네요😮🔥
imcanghyun365 | 2024-06-14 | 고기 견디기 힘드네요 침샘자극 대박이네요 ❤️
bonny_vely_ | 2024-06-14 | 고기때깔 대박이에요@
jinwook1011 | 2024-06-14 | 갈비😍완맛일듯용😍
muuk.dda | 2024-06-14 | 하 요기 진짜 미치자나요,,ㅌㅋㅋㅋ아큼까지 오ㅓㄴ벽함
y_mjerry_ | 2024-06-14 | 와 비주얼 넘 대박인데요🩷
mukitgam_ | 2024-06-14 | 여긴 무조건 갈래요 🔥🔥
jjiny_mukstory | 2024-06-14 | 와~ 이렇게 푸짐한데 가성비👍
mattjun11 | 2024-06-14 | 여기 진짜 고기퀄 너무 좋더라구요 ㅋㅋ 아이스크림도 존맛
porschelin_man | 2024-06-14 | 와진짜 미쵸따~~!!
qbee.eat | 2024-06-14 | 고기가 촤라라라~~~~ 지글지글❤️
review_cotton | 2024-06-14 | 잠실에 요런 맛집이😮 달려가렵니다ㅏ
mat_kkimu | 2024-06-14 | 요기가 요즘 고기가 핫하더라구영 고기는 진짜 다 좋다는❤️
manca212121 | 2024-06-14 | 최고군요^^
mukbulim_0817 | 2024-06-14 | 갈비 뜯고 싶어요❤️
japan_tripveling_ | 2024-06-14 | 고기 때깔 대박인데요🔥
1mssw | 2024-06-14 | @rungji_m2 고기가 참 츄베릅 존맛탱이다!
lee___s_h | 2024-06-14 | 여기 진짜 존맛탱이에요!!🔥🔥🔥
sangha_94_ | 2024-06-14 | 고기 지글지글 장난아니네여!!! 잠실가면 가야겠어요~~~🔥
hyunyv._.v | 2024-06-14 | @hyehye_pp 선배! 농갈비사주세요!
haddaeng0428 | 2024-06-14 | 후식까지 완벽❤️❤️
fooseidon_ | 2024-06-14 | 와 육즙대박일듯😍
mochl_ahahcnl | 2024-06-14 | 크아 고기 두께가 🙌❤️
meokdoong | 2024-06-14 | 진짜 고기 막막 부어버려
aeyongxxi | 2024-06-14 | 같이 먹구싶다냥❤️
golden_sang_ | 2024-06-14 | 때깔 너무 이쁘다😍
ruri.food | 2024-06-14 | 주세용❤️
ruri.food | 2024-06-14 | 내나 고기❤️
tipsy_jinnie | 2024-06-14 | 와 고기 진짜 맛나보여요❤️ 마지막 아이수크림까지👏
mo_muk_._ | 2024-06-13 | **이집진짜미친다 내 최애 고깃집인데 여길 푸네 ㄷㄷ
yamphile | 2024-06-13 | 😍😍😍😍😍😍😍😍😍😍😍😍😍😍
eats_editor | 2024-06-13 | 와 ㅜㅜㅜ체고다 진짜
rara_muk | 2024-06-13 | 비쥬얼 대박이에요❤️
mukbo_jjang | 2024-06-13 | 꼬기로 뚜까 쳐맞아도 좋을 비주얼😍😍
mukstar_md | 2024-06-13 | 츄릅,,,❤️❤️
gwangju_jo._.co | 2024-06-13 | 고기 비줠 무슨 일이에요…
mukbo_kimgaru | 2024-06-13 | 와 고기 엄청 큼지막한걸요😮😮아이스크림까지 최고🔥🔥
colorfulsundays | 2024-06-13 | ❤️❤️❤️❤️❤️
colorfulsundays | 2024-06-13 | 우와앙 고기예술이에요😍😍
jjoohyun2 | 2024-06-13 | 꼬기 대박😍😍
gracehillary_food | 2024-06-13 | 고깃집 먹주얼에 사랑에 빠졌어요💛🧡
zzu.meokbap | 2024-06-13 | 우앙 넘 먹고시푸요❤️❤️😮
j.___.min__00 | 2024-06-13 | ""문백숯불장인"" 음식들 완전 맛있을 것 같아요!!
busan_grida | 2024-06-13 | 저도 갈래요!!!
yamyam_0713 | 2024-06-13 | 와 고기는 진짜 말모말모😍
1onefood_ | 2024-06-13 | 와따 고급 그잡채😍
mukchoding | 2024-06-13 | 여기 고기 미쳤어요🔥
churping_oo | 2024-06-13 | 오우야 술한잔 때리러 가야겠어요❤️
muk_ggang | 2024-06-13 | 갬성 낭낭❤️❤️
ddub_e2 | 2024-06-13 | 문베릅🙂‍↕️
ju.food_ | 2024-06-13 | 미쳤다❤️❤️❤️
yum_yum_kkakka | 2024-06-13 | 이건 맛없없이겠어요❤️❤️
matddori_ | 2024-06-13 | 여기 고기 미쳤죠❤️
ssonwin_ | 2024-06-13 | 망치인줄요❤️❤️
mukzido_ | 2024-06-13 | 와 고기 미챠요😂😂🙌
matzip_note | 2024-06-13 | 와 고기 제 팔뚝보다 두툼해여 ㄷㄷ❤️
busanyogi | 2024-06-13 | 완전 신선해보여용😍
matpic_ | 2024-06-13 | 크 고기 땡겨유🙌😂😂
zin___nxy | 2024-06-13 | 뭉팅이고기 먹고시퍼요 치익치익 👏 단백질 충전 가줘야게씁미다 ❤️
bottlejune__96 | 2024-06-13 | 육즙만봐도 당장 먹고싶어져요 ㅠㅠㅠ😍😍🔥🔥
aroa.yamyam | 2024-06-13 | 몽둥이같은 농갈비😍😍 비쥬얼 넘 맛도리예요❤️ 저두먹고프네여🙌🙌
choo_choo_sisters | 2024-06-13 | 끼야❤️도대체 밥도둑이 몇가지냐구연
anlee_pick_ | 2024-06-13 | 환상인데여❤️
muk__guri | 2024-06-13 | 노릇노릇 야무지다❤️❤️
lej.89 | 2024-06-13 | @dayfly__ 농갈비 몽둥이 뿌시러가자🐷🐷
hyunah_pick | 2024-06-13 | 오ㅓ 비줠 대박😍😍
hua_ngnana | 2024-06-13 | 내가 짝을 찾았을 때, 다시 한번 시도해 보면 배가 고프다.😂
e_eummm | 2024-06-13 | @just.hwan 저녁 여기갈까? 애들이 맛있대
dayeating_ | 2024-06-13 | 크 이집 고기 죽이죠
asan.bbotto | 2024-06-13 | 헐 고기 맛나게 구워서 바로 손으로 잡고 뜯고 싶네요 😍
mat_jabi | 2024-06-13 | 비쥬얼 너무 예뻐요😍😍
choi._.yummy | 2024-06-13 | 된찌까지 야무지게 먹으러 가야겟오요😚
laurent_busan | 2024-06-13 | 육즙 팡팡 고기수혈 각이에요 🔥🔥
food_diary_bang | 2024-06-13 | 고기가 아주 찰지네여😍
nandragon2 | 2024-06-13 | 으아 미쳐써요😍
sikhookyung | 2024-06-13 | ㅗㅜㅑ 진짜 맛난거 드셨네요🙆🏻‍♂️🙆🏻‍♂️
hihee.e | 2024-06-13 | 크 영상미 도랐어요❤️❤️
eating_happily_ | 2024-06-13 | 와 고기 크기 모예요😮
mim_mi__ | 2024-06-13 | 와 노포갬성 고깃집 어떻게 참아요ㅠㅠㅠ
daejeon_ddomatddo | 2024-06-13 | 와 불판도 커보여요!!!!!! 🔥 넘조아 한번에 많이굽기😎
jack93kim | 2024-06-13 | 와아 ..겁나 맛있겠좌나욜 ㅎㅎ
mukrosee | 2024-06-13 | 어웅 ㅜㅜ 고기 퀄리티 좋네요❤️
queensgarden_shabu | 2024-06-13 | 꺄악🙉🙉🙉
이건 무조건 맛도리 비주얼이자나요🥳🥳🥳
js__1oo4 | 2024-06-13 | 고기 지글지글 익는데 쫀득하고 육즙 팡팡할것 같은 비쥬얼이에용🩷🩷
마지막 아이스크림까지 갓벽❤️
hyenii_mukten | 2024-06-13 | 크 냉면까지 제대로인데요😍😍"
2024-06-11,1144,"내가 먹어본 조개구이 중 원탑? <조개92> 3층까지 있어 크고 넓음 애견동반이 가능한 조개구이집🫶🏻 오션뷰 보면서 먹을 수 있어서 힐링 그 잡채🫶🏻 내가 먹어본 조개구이 중에 제일 퀄리티 좋음🫶🏻 매장도 깔끔해서 여기 자주 옴🫶🏻🫶🏻 조개 자체도 싱싱신선 큼직 쫄깃🫶🏻 다른 곳과 차원이 다른 크기🫶🏻 파스타, 야채치즈소스 등 곁들여 먹을 수 있는 것들도 푸짐🫶🏻 소스가 감칠맛 최고🫶🏻 치즈 듬뿍 뿌린 치즈가리비는 고소함 가득 미쳤다🫶🏻🫶🏻 광어회, 전복, 해삼 듬뿍 물회🫶🏻 @@힐링가자❤️ 📍#조개92 📍 경기 시흥시 오이도로 135 ⏰ 일-목 11:00-24:00, 금토 11:00-02:00 💵 명품 조개구이 75000원 💵 치즈 가리비구이 78000원 💵 가마솥물회 35000원 59주","#오이도맛집, #오이도맛집추천, #시흥맛집추천, #오이도여행, #오이도데이트코스, #조개구이맛집, #오이도조개구이, #물회맛집","che_yomi | 2024-06-18 | @lusy_seol 시흥놀러가야겠네
soyeonnnnn__0 | 2024-06-17 | @lux86kku
mat.planner | 2024-06-16 | 오우 이거 찐이네요;❤️❤️
hyun.k.k | 2024-06-15 | 조개92 최고디요🥹🥹
food_zohaa | 2024-06-14 | 저개구이 미쳣어여❤️
date.mickey | 2024-06-14 | ㅋㅋㅋ 이것보세여옷 ㅋㅋㅋ
wanteat._.eat | 2024-06-13 | 조개 진짜 대박 커요 ㅠㅠㅠㅠㅠㅠㅠ😍
bokjaaa___ | 2024-06-12 | 와 이거 넘 실하다❤️
colorfulsundays | 2024-06-12 | 가리비 왕땡겨요🥹🥹
colorfulsundays | 2024-06-12 | 오우👏👏👏👏👏
foodgallery_club | 2024-06-12 | 우와웅~~대박!!!🥰
muk.seori | 2024-06-12 | 츄베릅님 염색하셨쬬!
_mookja | 2024-06-12 | 🥰완전 대박!
matpamine_ | 2024-06-12 | 인트로 시강!!!👏
bottlejune__96 | 2024-06-12 | 우왕 조개구이 원탑이라니 너무 궁금해져요 ㅠㅠㅠ😍😍
gwangju_oneallzero | 2024-06-12 | 퀄리티 미쳤짜낭❤️
chaenni_ni | 2024-06-12 | 비주얼보고 먹킷에 바로 저장이용🤍
sikhookyung | 2024-06-12 | 침이 자동으로 고이네요🙆🏻‍♂️
aroa.yamyam | 2024-06-12 | 조개구이 넘 먹고프네여,, 비쥬얼 대박이당👍👍
food___hwan | 2024-06-12 | 조개도 존잘 직원분까지 존잘 ㄷㄷㄷ🔥
mukb_read | 2024-06-12 | 조개 완전 싱싱❤️
qbee.eat | 2024-06-12 | ㄹㅇ 치즈가 진짜 한가득 올라가면 넘 맛날각 ❤️
mattjun11 | 2024-06-12 | 크으 치즈싸악해서 배터지게ㅜ먹고프네요 ㅋㅋ
nal_mam | 2024-06-12 | 침넘어가네용😂
jaaaayydang | 2024-06-12 | 크으 통통한 조개구이에 쏘쥬❤️❤️
first.matnam | 2024-06-12 | 😍😍오션뷰 힐링 제대로네요
bonge_o0o_food | 2024-06-12 | 진짜 장난 옶네,,,아 또 조개땡겨~~~~
cooking_sam_kitchen | 2024-06-12 | 조개구이 체고 ㅎㅎ 완전 싱싱
yum_yum_kkakka | 2024-06-12 | 조개진챠크다❤️❤️
muk__jjung | 2024-06-12 | 와 조개구이 미쳤당 😍😍
chopchop_univ | 2024-06-12 | 조개 크기 장난아닌데요👏 조개구이에 소주 뿌시고싶어요😍
iree.eat | 2024-06-12 | 와 지금 야식땡겨욬ㅋㅋ😝
mochl_ahahcnl | 2024-06-12 | 조개구이는 못 참거든요😍 소주주세여😮
yamphile | 2024-06-12 | 😍😍😍😍😍😍😍😍😍😍😍😍😍😍
_yamiyomi_ | 2024-06-11 | 완전 맛나겠어영🤍🤍🤍
muk_captain_ | 2024-06-11 | 안볼수가 없어 류베릅님꺼는 재미써서ㅔ
gyusun_1004 | 2024-06-11 | 조개구이 대박이라규 😍
muk_captain_ | 2024-06-11 | ㅋㅋㅋㅋㅋㅋ 진짜
mukbulim_0817 | 2024-06-11 | 조개 뿌시러가즈아❤️❤️❤️
biggn_o | 2024-06-11 | 이거 보세요오오,,주세여ㅠㅠ🔥
matddori_ | 2024-06-11 | 조개구이 먹으러 갈래용🔥
jelly_fooodie | 2024-06-11 | 진짜 원탑이네요❤️
dasik_eat | 2024-06-11 | 비줠 대박🔥🔥
busancity_bonggu | 2024-06-11 | 오~ 먹어보고 싶어요😍 대박이네요
taetae_foodie | 2024-06-11 | 오ㅏ 진짜 퀄리티 실화에요..? 😮😮
kkiro__muk | 2024-06-11 | 오오 여기 비주얼 취저에여❤️❤️
leeoh_review_ | 2024-06-11 | 여기 진짜 맛있음❤️
fnvidir | 2024-06-11 | 신선하고 푸짐하고 다 하네요🔥
hyunah_pick | 2024-06-11 | 맛나보여요😍😍
kkoyoo_9560 | 2024-06-11 | 여기 가야겠당😍😍
muk_toggi | 2024-06-11 | 진짜 수율봐 대박❤️
1onefood_ | 2024-06-11 | 와 너무너무 먹고싶어용 지금 소주가 너무 땡기는데용😍
bonny_vely_ | 2024-06-11 | 조개구이 대박🙌🙌
mukchoding | 2024-06-11 | 요기 넘 좋아요😍😍
d_t_muksta | 2024-06-11 | 하아 다 먹고싶어여ㅠㅠㅠ조개구이이 흡입 가즈아아
busan_sogaenam | 2024-06-11 | 아 조개구이 대박이네요😍😍 흔적 남기고 갑니다 저희 친하게 지내잖아요??❤️
mukrosee | 2024-06-11 | 와 조개구이 미쳐써여...
laurent_busan | 2024-06-11 | 크 조개구이 츄베릅 ❤️❤️
mukbo_kimgaru | 2024-06-11 | 여기 조개구이 너무 맛있어요😍😍
golden_sang_ | 2024-06-11 | 조개구이 먹고 싶다😮
jjiny_mukstory | 2024-06-11 | 엄청 맛있어 보여요😍
aeyongxxi | 2024-06-11 | 해물에 소주다냥❤️
eating_happily_ | 2024-06-11 | 조개구이 원없이 먹고 올래요 ❤️
hihee.e | 2024-06-11 | 크흐ㅠㅠ조개구이 대박이에요❤️
tanguriyaaa_ | 2024-06-11 | 가리비ㅜㅜ 조개구이먹으면서 힐링할래여❤️
muk_marorong | 2024-06-11 | 조개92 쫀막탱 ㅠㅠ❤️
mukorang | 2024-06-11 | 조개 왜케 커요❤️❤️❤️
hello_s_food | 2024-06-11 | @hyunik8_8 와 씨 힐링가자
bang__road | 2024-06-11 | 조개 정복 각 입니다👏
busan_deliciousdiary | 2024-06-11 | 조개구이는 못참아요❤️
busan_muk | 2024-06-11 | 가리비 왤케 통통해용😮
yome_foodie | 2024-06-11 | 와 알이 진짜 큰데요❤️❤️
ruri.food | 2024-06-11 | ❤️❤️
ruri.food | 2024-06-11 | 알맹이 내나❤️
yummy.0.yam | 2024-06-11 | 조개구이 원탑❤️ 저도갈랭요
mukstar_md | 2024-06-11 | 어우야🙈🫶🫶
yeoni_mukstar | 2024-06-11 | 우왕 저도 치즈 가득 올라간 가리비구이 먹구파요🔥🔥
daily_tak1003 | 2024-06-11 | 맛난 조개구이에 소주한잔 딱 먹고싶어지네요😍
jjgongju_ | 2024-06-11 | 오와 가리비 완전 실해요❤️
muk._.chuuru | 2024-06-11 | 저것보세요❤️
mintto0.0 | 2024-06-11 | 헐 처음 직원분 연예인 같아요❤️
eat._.dopig | 2024-06-11 | 알 진짜 커요🤣
muckza_zzae | 2024-06-11 | 와...소주땡긴다 미친다::
rara_muk | 2024-06-11 | 와 진짜 엄청 크네요❤️
misikmann | 2024-06-11 | 가리비 엄청 실하네요..😮
matpic_ | 2024-06-11 | 와 조개 싱싱해보여유😍🙌
picky._.eat | 2024-06-11 | 캬ㅑ,,,,조개구이 장난아니네요❤️
ddo_sil | 2024-06-11 | 조개구이 제대루
bbbm_jg | 2024-06-11 | 넘 좋아여❤️
gimeunseol514 | 2024-06-11 | 우아아 조개 완전 오동통통 퀄리티 넘쳐요 🙌🙌🙌❤️
seoyeon_gom | 2024-06-11 | 와.조개구이 진짜!!! 오션뷰까지 넘좋아용❤️❤️
muuk.dda | 2024-06-11 | 파스타 미쳤도ㅓ,,,ㅜ먹고파요 당장
jameslee0911 | 2024-06-11 | 가리비조개구이 못참죠❤️
hotdor_s | 2024-06-11 | 처음에 이거보세요오~! 예?! 까지 안가서 영상 뒤로가기.
yi.2onggi | 2024-06-11 | 여기 미쳐따❤️
matxnyang | 2024-06-11 | 오 3층까지 있다니🙌 규모가 엄청 크네요😮
mukdang0 | 2024-06-11 | 조개 미친!! 츄베릅❤️❤️
mukkarong | 2024-06-11 | 조개구이 완전 맛도리에요!! 저두 먹을래요!!😆😆😆
mat_puri | 2024-06-11 | 가리비 살 실한거 실환가용!!😍
muk_.jjun_ | 2024-06-11 | 가리비에 소주!! 너무 좋아요!☺️"
2024-06-08,1.9만,@@이름에 ‘ㅅ’ 들어가는 친구가 쏘기❤️ @@칭구야 사랑해❤️ 오늘 저녁 떡볶이 각? 마라로제떡볶이로 유명한 삼첩분식❤️ 꾸덕한 마라로제떡볶이 더 맛있게 먹는 법? 무조건 맛있는 콘치즈를 추가해 먹으면 극락행 출발❤️ 달달매콤얼얼 다 한다?❤️ 📍#삼첩분식 전지역 59주,"#마라로제떡볶이, #떡볶이맛집, #떡볶이배달, #배달맛집추천, #야식메뉴추천, #꿀조합, #콘치즈, #로제떡볶이, #떡볶이","nnvkl1 | 2024-08-28 | @7rozlo_ @illlo3ri 야 권사영 소은서 쏴라
_xkwon | 2024-08-27 | @1xejxn.0
eeeaaattt2023 | 2024-08-21 | 넘 맛있겠는데요 👏👏
charmedserendipity_ | 2024-07-19 | @killuaismyb.f 소윤핑 진짜로 너무 먹고싶어❤️❤️온제 먹을까앙~~? 너가 사는거니까 너의 시간에 맞출게.
x.n1ue | 2024-07-17 | @shxyn.12
6a.rauu | 2024-07-17 | @s3o.hxx_
gyu._2ri | 2024-07-15 | @m.1ns_13
lee_chaex33 | 2024-07-08 | @zx.min11 사줘
h.jxns4 | 2024-07-06 | @sxmaue_0
oxril8 | 2024-07-04 | @s3_w0o
oxril8 | 2024-07-04 | @sw._.x_11
eat.tem_magazine | 2024-06-26 | 챱챱소리..🔥
victoria.yun_ | 2024-06-21 | 👏👏😍😍😍😍😍😍😍👍👍👍👍💜
matt_place__ | 2024-06-19 | 치즈❤️❤️
ondal_table | 2024-06-12 | 오와 너무 맛있겠는데용❤️
eating_rest | 2024-06-12 | 삼첩분식 너무 좋아요❤️❤️❤️
o5.o7_h | 2024-06-11 | @h.yjin_ 우와 오빠 오빠가사됴헤헿
manchaelin | 2024-06-10 | 제 이름에 ㅅ 들어가는데 제가 저에게 쏘겟읍니다.
j1ea.n12 | 2024-06-10 | @3u.nx3o 잘먹을게 자기야
jikun94 | 2024-06-10 | @hjung_1202 장셰정 고마워
joobong__ | 2024-06-10 | @nimgnus___ 대박
h.s1na2 | 2024-06-10 | @seung._.eun13 고마어
hoho__klm | 2024-06-10 | @96donii 순손아 고맙다
muuk.dda | 2024-06-10 | 콘치즈 그냥 입에다 넣어버리고 싶다 ㅠ
bjg_1020 | 2024-06-10 | @0_1n9w0n @eu_jun._.87
daily_tak1003 | 2024-06-09 | 지금 당장 야식으로 먹고싶어지네요😍
joonmattang | 2024-06-09 | 순맛생!!
jaaaayydang | 2024-06-09 | 진심 맛없없❤️
tntuuda | 2024-06-09 | ❤️ 너무나맛있게보여요
cherry.s_pic | 2024-06-09 | 떡볶이 각이에요 🥹💞💞
jangseoeun691 | 2024-06-09 | .,,.이름개명할ㄲ..
ju.___xnh0 | 2024-06-08 | @gimminseong8479 기대할게
taetae_foodie | 2024-06-08 | 와 이건 진짜 바로 주문해야겟눈데요❤️
ddunny_ddun | 2024-06-08 | 콘치즈미쳤다ㅠㅠㅠ
100rang_food | 2024-06-08 | 삼첩분식 못참아요😍
muk_dang0 | 2024-06-08 | 짱구 졸귀탱 츄베릅❤️❤️
muk_geobolka | 2024-06-08 | 츄베릅❤️
muk.news | 2024-06-08 | 치즈소리 미침❤️
mochl_ahahcnl | 2024-06-08 | 와 콘치즈 쫘악 뿌리는 거 미쳤다😍😍😍
cogarobotics | 2024-06-08 | 그냥도 맛날걸 콘치즈까지👏👏
wu_hyun | 2024-06-08 | 콘치즈 정말 미쳤다리 ㅜㅜ 와 감탄 또 감탄입니다 이건 ㅋ😍
mini_euni | 2024-06-08 | 콘치즈랑 떡볶이조합은 말모죠❤️
rgw._.k | 2024-06-08 | @l._.dh0611 고마워
dragon_gyou | 2024-06-08 | 콘치즈😍😍😍최고ᆢ😍
yoon.min.ga.0513 | 2024-06-08 | 제가 쏠께여🔥ㅋㅋ
mukbears | 2024-06-08 | 저 지금 삼첩 시킬래요,, 소리미침ㅠ
bee__yummy | 2024-06-08 | 소리 미쳐떵⭐️🙈🙈
bokjaaa___ | 2024-06-08 | 와 진짜 토핑 실한 것 보소❤️❤️
foodmon_ster | 2024-06-08 | 이조합 넘 좋자나여❤️
bottlejune__96 | 2024-06-08 | 마라로제떡볶이 너무 궁금해져요 ㅠㅠㅠ😍😍
ulsan_yamdol | 2024-06-08 | 삼첩이❤️
muk_gonny | 2024-06-08 | 한 입 먹으면 행복해질것 같아요!!😃😃츄베릅
matpamine_ | 2024-06-08 | 꾸덕한 느낌 조아❤️
space_look__ | 2024-06-08 | 와 비주얼대박이네요
asan.bbotto | 2024-06-08 | 마라로제떡볶이에 콘치즈 조합 저도 너무 좋아해요 😍
hj_foodie | 2024-06-08 | 와 소리 진짜 뭐야 ㅠㅠ 콘치즈 맛있겠당,, 🥹
foodminister_ | 2024-06-08 | 치즈미춋다
muk__guri | 2024-06-08 | 소리봐라 ㄷㄷ
eat_fp | 2024-06-08 | 우왓 맛나겠어용😍😍
newly_cafe.eat | 2024-06-08 | 우아🙌🙌
hl_jina | 2024-06-08 | @xin_xi__02 기대할게^^
yum_ssaint_laurent | 2024-06-08 | 어우 콘치즈는 무적권이쥬
hihee.e | 2024-06-08 | 마라에콘치즈ㅠㅠㅠ미춌자나요
foo__zim | 2024-06-08 | 콘치즈 짱이당😍😍😍
mo_muk_._ | 2024-06-08 | 하 또 말 안 되게 미쳤네
korea_foodzone | 2024-06-08 | 콘치즈 미쳣네...
elly_adopter | 2024-06-08 | 헐 콘치즈에 마라라니 무적의 꿀조합❤️
mukjung_ | 2024-06-08 | 그치즈이리내노도록하여라
hotdor_s | 2024-06-08 | 이것도 1000만 노리는거여퓨
muk_yufor | 2024-06-08 | 이름에 “ㅅ” 은 안들어갔지만 사주세요 ㅎㅎㅎㅎㅎ @queen_xxu_
yam_yam_ping | 2024-06-08 | 😍
jack__foodie | 2024-06-08 | 츄덕츄덕
1onefood_ | 2024-06-08 | 크으 콘치즈 미쳤어용😍😍😍
piggy.foody__ | 2024-06-08 | 콘치즈 가슴이 웅장해진다
rara_muk | 2024-06-08 | 치즈 대박인데요😍
muk._.chuuru | 2024-06-08 | 콘치즈대박
ppol_yummy | 2024-06-08 | 헉 저두 먹으러 가고 싶어요 💨
porschelin_man | 2024-06-08 | 이건 꼭먹기😍
ham2_ni__ | 2024-06-08 | ㅜㅜㅜㅜ치즈 왕창 뿌려먹을래요❤️
gwangju_oneallzero | 2024-06-08 | 콘치즈 폭포 이슈❤️❤️
mukitgam_ | 2024-06-08 | 진짜 넘 먹어보고파요 ㅠㅠㅍ
eats_editor | 2024-06-08 | 콘치즈 폭폭 ㅠㅠ
limeunzzo | 2024-06-08 | 이건 못 참아요,,, ㅠㅡㅠ
muk_tteul | 2024-06-08 | 뚜우덕😍
_mol_bbang | 2024-06-08 | 치즈미치겠자나용😍
yeji0719 | 2024-06-08 | 핫하다 핫해 삼첩이🔥
aeyongxxi | 2024-06-08 | 폭포수다냥❤️
laurent_busan | 2024-06-08 | 콘치즈 이불 덮을래용❤️❤️
min.ddo_o | 2024-06-08 | 헐 소리까지 미쳐쨔아요,,😍😍
leeoh_review_ | 2024-06-08 | 와 소리 미쳐따🔥
_____k_sz_ | 2024-06-08 | 떡볶이에 콘치즈 조합이라뉘😍❤️❤️
muk_girls | 2024-06-08 | 와 콘치즈 진짜 폭포네용😍😍
_zez_e__ | 2024-06-08 | 아 대죤맛 ㅠㅠㅠ
biggn_o | 2024-06-08 | 콘치즈 가득 미쳤닼ㅋㅋ😍
js__1oo4 | 2024-06-08 | @subeeny ㅅ 들어간 사람이 사주기❤️
gyul_yummy | 2024-06-08 | 떡볶이에 콘치즈 최고에요ㅠㅠ
eat._.dopig | 2024-06-08 | 오늘 짱구 많이보이네요🤣너무 맛있겠어요
colorfulsundays | 2024-06-08 | 지금 당장 시킬게여 ㅠㅠ
colorfulsundays | 2024-06-08 | ㅋㅋㅋㅋ와 침샘폭팔
jack93kim | 2024-06-08 | 이야... @ho_h1102"
2024-06-06,901,@@튀겨버리고 싶은 친구태그❤️ @@친구야 고마워❤️ 을지로에 위치한 빠우🫶🏻 도너츠 맛집으로 유명하던데 유명한 이유가 있네..🫶🏻 쫀득한 반죽으로 바로바로 만들어주시니 약간 웨이팅이 있지만 겉바속촉 따끈따끈 갓나온 도너츠🫶🏻🫶🏻 빵도 쫄깃쫄깃🫶🏻 치즈가득 들어있는 치즈쭈욱🫶🏻 설탕 가득하니 단짠단짠 미침🫶🏻 📍#빠우 📍 서울 중구 을지로 157 대림상가 3층 라열 361호 💵 치즈쭈욱 2000원 60주,"#을지로맛집, #을지로맛집추천, #을지로데이트코스, #을지로핫플, #도너츠맛집, #을지로도너츠, #을지로디저트, #빠우도나스","tasteraveler | 2024-06-10 | ㅠㅠㅠㅠ미쳣어이거
d_ror._.ong | 2024-06-10 | @lja_aaa @d__0711 @happy.s_diary 허엉
food_matgwanbu_ | 2024-06-09 | 도너츠안에 치즈 대박😍
zero.__.nine | 2024-06-09 | @hr._0818 튀겨버리고 싶른 칭구 태그하래~^^
haha_hoho_79 | 2024-06-09 | 도넛 별로 안 좋아하는데 이건 꼭 먹어보고 싶네요😍
iree.eat | 2024-06-08 | 주말잘쉬세욤😝
muk_gonny | 2024-06-08 | 츄베릅❤️❤️
bonge_o0o_food | 2024-06-08 | 겉바속촉 미쳤겠다 진쨔
e.den_0.0 | 2024-06-07 | 빠우 넘 마시써욤❤️ 갓 튀긴거 먹음 진짜 꿀❤️❤️
daily_tak1003 | 2024-06-07 | 보기만 해도 완전 쫀득해보이네요😍
souing_muk | 2024-06-07 | 우와.. 여기 저장했다가 가볼래요
busan_deliciousdiary | 2024-06-07 | 갓튀겨 더 맛날듯 😍
bottlejune__96 | 2024-06-07 | 도넛 너무 탐나요 ㅠㅠㅠ😍
sangchu.food | 2024-06-07 | 크으@미쳤다아아아❤️❤️
hye_foodie_ | 2024-06-07 | 헐 도나쓰안에 막 소스랑 치즈인가요?
mochl_ahahcnl | 2024-06-07 | 와 튀기고 설탕뿌리고 안에 치즈까지 ,, 이건 안 먹을 수가 없는 ㅠㅠㅠ❤️
ppol_yummy | 2024-06-07 | 저도 먹어보고 싶네요! 너무 맛있어보여요ㅜㅜ
jaaaayydang | 2024-06-07 | 설탕 매니매니❤️
food_zohaa | 2024-06-07 | 도너츠 사랑이자나요❤️
newly_cafe.eat | 2024-06-07 | 대박🙌
muk_9urume | 2024-06-07 | 넘 맛나보여요 ㅠㅠㅠ
mukddo_muk | 2024-06-07 | 너무 먹고싶네요❤️❤️
yumyum_report | 2024-06-07 | 저 여기 도넛 진짜 사랑해요 ㅠㅠ 치즈쮸육 도너츠 최애입니다
daejeon_ddomatddo | 2024-06-07 | 역대급 도너츠 비주얼인데여,,,😮❤️❤️❤️
muckza_zzae | 2024-06-07 | 진짜 댕맛마보여ㅠㅠㅠ
rara_muk | 2024-06-07 | 치즈 가득이라 완전 맛있겠어요😍
leeoh_review_ | 2024-06-07 | 와 소스가 미쳐따❤️
muk.seori | 2024-06-07 | 설탕잔뜩 국룰!!
dayeating_ | 2024-06-07 | 크 도넛 쫄깃함 쩌네요
mukbosskim | 2024-06-07 | 우와~~ 대박 맛있게 보이고, 비쥬얼도 끝내주네요.^^
danji.muk_log | 2024-06-07 | 와 저게 다 치즈??? 미쳤다리🤤💕💕
muk._.ssu | 2024-06-07 | 할 ㅜㅜ 쫠깃한 반죽 소리가 ㅠ❤️
mukb_read | 2024-06-07 | 쫀득❤️❤️
js__1oo4 | 2024-06-07 | 설탕 듬뿍 무조건이져!!🥺👍🏻
안에 치즈 넣어서 주는곳 첨보는데 솔직히 무조건 맛있을 도넛이에오💛
ddunny_ddun | 2024-06-07 | 치즈늘어나는거 대박인데....
dog.matdori | 2024-06-07 | 와 비쥬얼 미쳤다😮
food._.hwan | 2024-06-07 | 완전 쫀득 도넛 츄베릅❤️
__muckstagram | 2024-06-07 | 빠우 먹어보고싶어여..😍
hjhjhjhjbabo | 2024-06-07 | 우아 나도 이거 먹으러 갈래요
cooking_sam_kitchen | 2024-06-07 | 맛있는 쫄깃 도넛❤️❤️
sul_anju_king | 2024-06-07 | 완전 제 스탈이에여😍
muk_captain_ | 2024-06-07 | 저렇세 바로 먹으먄 우짜까이
matcoder_ | 2024-06-07 | 와ㅠ도넛 이거 완전 인간사료 😍
mukkarong | 2024-06-07 | 빠우 몇번 갔었는데 갈때마다 웨이팅 장난아니였던기억이...!!! 오랜만에 가볼래요!!☺️☺️☺️☺️
muk_yuning | 2024-06-07 | 먹유닝도 한입 달라냥 츄르
meokdoong | 2024-06-07 | 와 진짜 엄청 쫀둑해보여요 ㅋㅋㅋㅋㅋㅋ
muk_jjiyom | 2024-06-07 | 우와 주문즉시요?!!!
mukbo_kimgaru | 2024-06-07 | 헐…쫀쫀한데 치즈까지 환상이에요😍😍
daily_busan_matzip | 2024-06-07 | 슬라임 같은 쫄깃 쫀득 도너츠 너무 맛있겠는데요?!😍
eatmaap | 2024-06-07 | 크.. 넘 맛나겠는걸요 🤤
muk_geobolka | 2024-06-07 | 쫀쫀 반죽으로 만든 도넛🍩 완전 맛나게써용❤️
aroundseoul_food | 2024-06-07 | 여기 유명해서 먹어보고싶었는데 비주얼보니 얼른 먹으러가야겠어요❤️
daily_pig_tour_ | 2024-06-07 | 와..여기는 한번 정말 방문해보고 싶네요..😍😍
dodolje | 2024-06-07 | 저 오늘 이거 먹구왔는데 도넛인지 꽈베기인지 그어딘가 진짜 맛있어요~~~~~~~👏👏👏
hihee.e | 2024-06-07 | 와ㅠㅠㅠ도너츠 미쳤너요❤️❤️
tanguriyaaa_ | 2024-06-07 | 설탕 무조건 잔뜩이져🔥🔥🔥
taetae_foodie | 2024-06-07 | 와 쫄깃함이 흘러내릴정도❤️ 너모 궁그매여
muk_jeju | 2024-06-06 | 도넛 비주얼 무슨 일😍😍
shimso_o | 2024-06-06 | 침이 막 고이는게 너무 맛있어 보이네요🥹🥹 같이 소통하고싶은데
먹팔 한 번 부탁드리겠습니다!!!🙇🏻
eu_n_choi | 2024-06-06 | 와 치즈 범벅❤️
dokkkiee | 2024-06-06 | 요기 진짜마싰어,,, 🥺🥺❤️
ggam_food | 2024-06-06 | 아흐..미쳐따❤️
tastebuds__official | 2024-06-06 | 도넛😍😍 대박 맛나보여용❤️
hyob_muk | 2024-06-06 | 우앙 치즈미쵸요❤️
eat_fp | 2024-06-06 | @reekyung_h
themukeou_2 | 2024-06-06 | 설탕 가득 필수지🙌🙌
chae.ddomuk | 2024-06-06 | 쫠깃쫠깃 도넛..❤❤
aeyongxxi | 2024-06-06 | 이건 꼭먹어야지냥❤️
s0happylife | 2024-06-06 | 크 이건 진짜 미친거죠😋😋
so_rowsm | 2024-06-06 | 치즈 가득 도너츠 넘모 맛나보여요🤤
muksta_youn | 2024-06-06 | 와 치즈가...👏👏😍
jjinang_pick | 2024-06-06 | 우와 진짜 취저에요,,❤️❤️
ssr_0ee | 2024-06-06 | 영상만 봐도 쫀듹 그잡채,,♥️
j.___.min__00 | 2024-06-06 | 치즈쭈욱 완전 맛있을 것 같아요!!
yi.2onggi | 2024-06-06 | 좋다아앙❤️
n.ditor | 2024-06-06 | 오오 팥이 아니라 치즈라니😍
100rang_food | 2024-06-06 | 쫄깃한거 실화냐구요😮
hj_foodie | 2024-06-06 | 와 도넛츠안에 치즈야?? 미쳤다 을지로가면 무조건 먹어야지 🥹
meogbo_family2 | 2024-06-06 | 와.. 진짜 대박이네요😮❤️ 감탄이 절로 나오는 비주얼인데요??!😍😍 쫄깃쫄깃하고 치즈 가득가득 이건 완전 맛없없이겠어요😋😋
tntuuda | 2024-06-06 | 울트라캡숑끝판왕 ❤️ 비쥬얼 너무나맛있게보여요
d_t_muksta | 2024-06-06 | 하아 대박이닼ㅋㅋㅋㅋ 여기 완전 가보고 싶은데여????ㅎㅎㅎㅎㅎ 완전 쫄깃해보여요요
muk._.chuuru | 2024-06-06 | 크 갓나온게젤맛나
haebbang1_g | 2024-06-06 | 와 처음 비주얼에 심장 두근...치즈가득 도너츠 넘 맛있겠어요😍😍
_oonii23 | 2024-06-06 | 진짜 빠우도넛 줜나게맛잇음 광장시장 왜 줄스는지모르겟음 빠우도넛이 존재하는데????? 진짜 밥먹고 배불러도 하나 더 사먹는 곳… 빠우 없어지지마 돈길만 걸어
장사 더더더 잘됏으면…
mukcamera | 2024-06-06 | 오우~빠우~
jameslee0911 | 2024-06-06 | 이건 절대 못참죠❤️
honey_kongs | 2024-06-06 | 맛있어 보여요! 그냥 지나칠수 없죠! 저희 팔로해서 자주 소통해요!🙌
dama.dessert | 2024-06-06 | 오우 츄베릅님 ㅠㅠ 영상 왜케 잘담으셨어요 엄청난 현장감✨✨✨✨
kkiro__muk | 2024-06-06 | 와 치즈 주우우욱❤️❤️
yoon.min.ga.0513 | 2024-06-06 | 보기만해도 쫀득한데요❤️
ddo_sil | 2024-06-06 | 도너츠 제대로다😮
kidmstyle | 2024-06-06 | 와 도넛 너무 쫄깃하고 맛있을 거 같은데요😍 3개만 먹을래요😂
mukja_1 | 2024-06-06 | 완전 쫄깃 그자체❤❤
yome_foodie | 2024-06-06 | 빠우 진짜 먹어보고파융❤️❤️
mat_puri | 2024-06-06 | 쫄깃한 도너츠!! 너무 맛있겠어요~!!
__it.s.youn | 2024-06-06 | 우와 !!! 도너츠 쫀득하이 맛있겠어여 ❤️
biggn_o | 2024-06-06 | 캬 진짴ㅋㅋ겉바속촉 미쳤다여🔥
1onefood_ | 2024-06-06 | 와따 무조건 가야죵😍😍😍
mukbulim_0817 | 2024-06-06 | 빠우 먹어보고 싶어요❤️
muk.happy | 2024-06-06 | 꺄 저도 먹어보고싶어요"
2024-05-30,500,짜장볶음밥을 파는 고깃집? <제줏간> 제주도에 온 듯한 인테리어🫶🏻 쫀득살에 꽃목살 시켰는데 쫀득살은 비계와 살코기 비율이 ㄹㅈㄷ🫶🏻 목살은 두툼한데 육즙가득 부드러움🫶🏻 기본으로 흑돼지김치찌개를 주는데 공깃밥 하나시키면 밥도둑🫶🏻 이번에 반찬이 리뉴얼 되었는데 종류 다양해서 고기랑 먹는 재미있음🫶🏻 사이드 가격도 저렴🫶🏻 화산 같이 생긴 블랙활화산볶음밥🫶🏻 짜장볶음밥이랑 고기를 먹을 생각을 하다니 미친 조합 ㄷㄷ🫶🏻🫶🏻 무조건 짜장볶음밥으로 강추🫶🏻🫶🏻 얼마나 맛있으면 와구와구 먹다가 입천장 까짐;;🫶🏻 상큼달달한 하이볼로 입가심까지🫶🏻 @@고기사쥬❤️ 📍#제줏간 전지역 61주,"#홍대맛집추천, #홍대고깃집, #잠실맛집추천, #잠실고기집, #방이동먹자골목맛집, #삼겹살맛집, #송파구맛집","matdoni_ | 2024-06-04 | 여기 진짜 가야겠는데용😍😍
matt_place__ | 2024-06-04 | 와 볶음밥❤️
mini.zip_ | 2024-06-02 | 왕왕 넘 좋자나요❤️ 활화산볶음밥대박!!
muuk.dda | 2024-06-02 | 와 짜장보끔밥 사기 ㅠ
eunsil5317 | 2024-06-02 | 여기 고깃집 ㅜㅜㅜ 사이드대박
honest_consumer | 2024-06-01 | 와,, 꼬르륵😂 진짜 맛있겠는데요!! 제줏간 지난번에 갈 땐 저메뉴는 없었던 것 같은데 ㅠㅠ 궁금하네요
bee__yummy | 2024-06-01 | 짜장볶음밥 너무 좋아해요ㅠㅠ❤️❤️
eunkongjini | 2024-06-01 | 고기에 짜장이라니😍 머쩌요👏
hanip_de_share | 2024-05-31 | ㅋㅋㅋ원영식 맛집? ㅋㅋㅋ
hankkiyojeong | 2024-05-31 | 군침이 진짜아꒰۪ ɞ̴̶̷ ·̫ ɞ̴̶̷⋆꒱🤍
daily_tak1003 | 2024-05-31 | 고갓집에 짜장볶음밥이라니 짱신기하네요😁
eattingplanner | 2024-05-31 | 고기에 짜장볶음밥 조합이라니뉴ㅠㅠㅠㅠ୧(๑•̀⌄•́๑)૭ 🔥🔥🔥
tmd_cos | 2024-05-31 | @k_xwx_ 마실게따ㅜ
mat_puri | 2024-05-31 | 볶음밥 장난아니다...너무 맛있겠는데요~?
laurent_busan | 2024-05-31 | 짜장보끔밥 대박이자나용 ❤️❤️
seoul_food_like | 2024-05-31 | 와 ㅠㅠㅠㅠㅠ짜장밥 너무 땡긴다 진짱,,❤️
mukb_read | 2024-05-31 | 보기만해도 맛도리잖아요🤤❤️
jimin_dish | 2024-05-31 | 크으~노른자 터지는거 🔥🔥🔥
miae_pick | 2024-05-31 | 육즙 넘치는 고기에 찌개 츄베룹사고싶네요😍
bonny_vely_ | 2024-05-31 | 먹음직 대박이에요
bokjaaa___ | 2024-05-31 | 와 진짜 여기는 꼭 ❤️❤️
muk_captain_ | 2024-05-31 | 츄베릅…🙌🙌
jaaaayydang | 2024-05-31 | 고기 두툼한거바 미쳣다리🔥
nyomnyom.ing | 2024-05-31 | 넘 맛나겠어요🔥
moonchelin.chef | 2024-05-31 | 아 군침돌아요ㅠㅠㅠ
seoul__guide | 2024-05-31 | 볶음밥 대박..완전 군침돌아요 ㅠㅠ
menggong__ecig | 2024-05-31 | 갑자기 고기 먹고 싶어요😢♥️
ddunny_ddun | 2024-05-31 | 어우맛있겠다 비주얼봐❤
quokka_muktam | 2024-05-31 | 고기에 짜장볶음밥… 진짜 침 줄줄🤤
oneul_meo_eat | 2024-05-31 | 크오❤️❤️❤️
jumma_buffett | 2024-05-31 | 고기 먹다가 짜장이라니~ 너무 행복한거 아닌가요???😍😍
sewoong__park | 2024-05-31 | 너무 먹음직 스러워요🔥🔥🔥
hjhjhjhjbabo | 2024-05-31 | 요기 가서 꼬기먹고 짜장볶음밥 먹을래요
jjgongju_ | 2024-05-31 | 고기먹다가 짜장볶음밥이라니 미쳤어요❤️❤️
busancity_bonggu | 2024-05-31 | 볶음밥 넘 맛있겠어요❤️
newly_cafe.eat | 2024-05-31 | 대박🙌
con_coffeemornot12 | 2024-05-31 | 짜장 볶음밥 ㄷㄷ❤️❤️ 쥑이네여😮
yamyam_0713 | 2024-05-31 | 😍😍😍
kidmstyle | 2024-05-31 | 오늘 고기 배부르게 먹고 왔는데 또 고기 땡기네요😍
ella._.tto | 2024-05-31 | 입천장 조심❤️짜장볶음밥 미쳤네여ㅠㅠ
bottlejune__96 | 2024-05-31 | 고기에 짜장볶음밥 조합 미쳤어요 ㅠㅠㅠ😍😍
juner_315 | 2024-05-31 | 짜장볶음밥 대박이네요😍😍 크
eu_n_choi | 2024-05-30 | 와 다양하네용😍
seodamheon_ | 2024-05-30 | 보통 삼겹살이 아니네용
dasik_eat | 2024-05-30 | 캬 기가 막혀요🔥🔥
busan_delicious_diary | 2024-05-30 | 우앙 너무 좋네요❤️❤️
matzip_hyena | 2024-05-30 | 짜볶밥 🔥🔥 고기까지 한가득 킁킁츄베릅 🔥
fnvidir | 2024-05-30 | 두툼한 고기와 짜장 조합이라니 이건 못참죠👍
cogarobotics | 2024-05-30 | 구운고사리랑 먹는 👏삼겹살👏
manchaelin | 2024-05-30 | 이정도 비줠이면 입천장 까져도 인정이요오..🔥
teddy_zip_ | 2024-05-30 | 짜장볶음밥이라니ㅠㅠ 입천장은 갠찮으신가요?😢😂
dayeating_ | 2024-05-30 | 와 짜장보끔밥 좋은데요
umuk_umuk | 2024-05-30 | 우왘ㅋㅋ 이건 무조건 가야죠 ㅎㅎ😍👏👏
joonmattang | 2024-05-30 | ㅠㅠ고기가 리얼 실하내요
_eat_diary | 2024-05-30 | 짜장볶음밥 조아여😍❤️
1onefood_ | 2024-05-30 | 와 세상 너무 맛있어보여용😍
sang_hwa00 | 2024-05-30 | 흐아 배고파요😂😂럭키비키❤️
muk.z_ | 2024-05-30 | 와 너무 맛있겠어요😍 내일 저녁 메뉴는 요거다.ᐟ
eats_editor | 2024-05-30 | 예술이네요 ㅠㅠ
halalala01 | 2024-05-30 | 와 짜장볶음밥 미쳣도리
zzinl_yum | 2024-05-30 | 입천장 까져도좋아요❤️❤️
hyunah_pick | 2024-05-30 | 와 넘 좋아요😍😍
sul_anju_king | 2024-05-30 | 저렇게 한입크기 삼겹이 좋아😍
mat__check | 2024-05-30 | 😍😍
mat__check | 2024-05-30 | 맛체크하러 달려갈래요💛💛
ddomukz | 2024-05-30 | 짜장볶음밥 완전 궁금해요😍
matddori_ | 2024-05-30 | 대박 맛또리 비주얼이에용🥹🤍
misick.mag | 2024-05-30 | 와 짜장볶음밥은 너무 신박한데..?
matzip_note | 2024-05-30 | 노른자 꾸욱해서 비비는거 취저🙌
foodie_song | 2024-05-30 | 여긴 꼭 가봐야겠어요🔥
muk.jjui | 2024-05-30 | 입천장 난니나🔥🔥
mat.cube | 2024-05-30 | 아 이거 진짜 맛있어요❤️❤️
food___hwan | 2024-05-30 | 와.. 노른자 촤아악
고기도 완전 두툼 츄베릅❤️
biggn_o | 2024-05-30 | 캬 이건 찐인데옄ㅋㅋㅋ😍
hihee.e | 2024-05-30 | 고기에 짜장볶음밥 대박인데여❤️
ddggal_muk | 2024-05-30 | 저도 입천장 까질래요ㅠㅠㅠ❤️❤️
ssonwin_ | 2024-05-30 | 크,,, 노른자 톡❤️❤️
muk__guri | 2024-05-30 | 여기 짜장밥에 고기 츄릅❤️❤️
muk_marorong | 2024-05-30 | 꼬기에 짜장볶음밥 ㅠㅠ존맛이자나용😍
muk_marorong | 2024-05-30 | 럭키비키❤️❤️
matkook_ | 2024-05-30 | 여기 완전 취저에요❤️❤️❤️
3vilicecreamxd | 2024-05-30 | Dinner @seung_lee.vv ?
muk._.chuuru | 2024-05-30 | 럭키비키
daejeon__tour | 2024-05-30 | 김치찌개까지 꽁짜라녀🥺
js__1oo4 | 2024-05-30 | 제줏간에 다시 가야 할 이유가 생겨버렸다 🤎💛🤎💛
ggam_food | 2024-05-30 | 입천장이고모고 다내꺼 ㅠㅠ
mukrosee | 2024-05-30 | 와...짜장보끔밥 미친거같아요 🔥🔥
muk_joongsa | 2024-05-30 | 얼마나 마싯으면! 럭키비키❤️
hj_foodie | 2024-05-30 | ㅋㅋㅋㅋ먹다가 입천장 날아가다니 🥹 짜장볶움밥 궁금해
mukchoding | 2024-05-30 | 짜장에 고기 조합 굿😍
100rang_food | 2024-05-30 | 존맛볶음밥 먹으러갈랴요😍
review_rabbit_ | 2024-05-30 | 입천장 데이더라도 손을 멈출 수 없다 !!! ❤️
do___yummy | 2024-05-30 | 와아 진짜 밥도둑이에요😍😍
meokdoong | 2024-05-30 | 짜장볶음밥 넘 먹구싶다유❤️❤️
taetae_foodie | 2024-05-30 | 와 짜장볶음밥이라니.. 첨봐여❤️
mukdang0 | 2024-05-30 | 쫀맛보끔밥 츄베릅❤️❤️
treeview__ | 2024-05-30 | 짜당볶름밥내놔
jack93kim | 2024-05-30 | 와아....짜장볶음밥은 진짜 .. 예술이겠네요
muk._kw | 2024-05-30 | 고기 왕창 먹으러 갈래요❤️❤️
mukitgam_ | 2024-05-30 | 진짜 존맛일듯해요 ㅠㅠㅠ!!"
2024-05-30,4613,"@@태그당한 얼굴까만 친구가 쏘기❤️ @@친구야 땡큐❤️ 신당에 위치한 50년 전통의 진미떡볶이 짜장떡볶이가 시그니처인데 짜장맛이 안남🫶🏻 일단 양이 2인분인데 4인분처럼 산더미 같이 나옴🫶🏻 떡볶이가 매콤달달해서 중독성 넘침🫶🏻 꾸덕하게 쫄여진 소스가 밀떡에 잘 배어 있어 간이 딱 맞음🫶🏻🫶🏻 소스에 튀김이나 순대 찍어먹으면 끝장 난다?🫶🏻 📍#진미떡볶이 📍 서울 중구 다산로38길 60 ⏰ 매일 11:00-21:00 (매달 2,4번째 수요일 휴무) 💵 떡볶이 5000원 61주","#신당맛집, #신당동맛집, #신당동맛집추천, #신당역맛집, #신당동떡볶이, #떡볶이맛집, #짜장떡볶이, #노포맛집","j_.mnn1 | 2024-06-13 | @gimjiho.13
xh.___.gx | 2024-06-07 | @_thursdaysparty
dec.cinq | 2024-06-01 | @ver0n1ca_prv @_eajnim_04 헐 야……
muk_namaste | 2024-06-01 | 너무맛있겠어용
ondal_table | 2024-06-01 | 와..신당동..이맛에가는거쥐😍
hongsik_yoon | 2024-06-01 | @mj_8946
eating_rest | 2024-06-01 | 짜장 떡볶이 최고네요😮❤️
wanteat._.eat | 2024-05-31 | 짜장떡볶이 저도 좋아해요 ㅠㅠㅠㅠㅠ😍
hyeonduru | 2024-05-31 | @iam__jiny
ch_hoil | 2024-05-31 | @sang_a116 맛잇는데 달아...
muk_jin_sim | 2024-05-31 | 우왕 먹어보고시퍼굑😍😍
jj._.kyosulog___ | 2024-05-31 | 우아앙😍넘 맛나보여용❤️ 새 게시물 올라왔어요🙌 고정 게시물 첫줄입니둥❤️
zipbab_nala | 2024-05-31 | 여기 대존맛탱이죠~ 😍
eattingplanner | 2024-05-31 | 군침이 싹~~~~❤️❤️❤️
princ_e.ssu | 2024-05-31 | @c_arve_r
seoul_food_like | 2024-05-31 | 오오 완전 올만에 보는 맛도리에여❤️❤️
busanyogi | 2024-05-30 | 여기 다녀올래용😍
1onefood_ | 2024-05-30 | 크으 짜장떡볶이 안먹은지 삼만년 ㅠㅠ😍
ulsan_map | 2024-05-30 | 와 50년 전통이라니 넘궁금해여 🙌
tanguriyaaa_ | 2024-05-30 | 오잉 짜장떡보끼 짜장맛이 안난다니 더 궁금한디영❤️❤️
hyunah_pick | 2024-05-30 | 와 넘 좋아요😍😍
sul_anju_king | 2024-05-30 | 너무 먹어보고싶네요😍
ru_ton_ | 2024-05-30 | 👏👏👏
ddomukz | 2024-05-30 | 와 소스맛 완전 궁금해요😍
mukitgam_ | 2024-05-30 | 여긴 꼭 가볼래용!!!
bonge_o0o_food | 2024-05-30 | 오잉 이거 완전 귱그맹🔥🔥
ukee_chae | 2024-05-30 | @big_sannn @master_leeii_ 짜장떡볶이에 붕어빵 초장깍두기 뜬다했제?
missikaga | 2024-05-30 | 떡볶이 대박,, 대나무 헬기 준비할게요 ><
ham2_ni__ | 2024-05-30 | 소스 엄청 꾸덕해보여여❤️❤️
anjjanjjan | 2024-05-30 | 요기 넘 좋아해요ㅠ❤️❤️
seoul__guide | 2024-05-30 | 짜장떡볶이 대박..완전 군침돌아요 ㅠㅠ
qbee.eat | 2024-05-30 | 오오 매콤달콤 소스 퍼먹할래요오❤️
thinking_pig__ | 2024-05-30 | 아후,, 짜짱떡볶이 진짜 조아하는데 여기 가봐야겠어여,,❤️❤️
food___hwan | 2024-05-30 | 짜장떡보끼❤️
gyunyami | 2024-05-30 | 꾸덕한 소스에 튀김 찍어먹으면 존맛이죠!
matpamine_ | 2024-05-30 | 짜장 미친넘❤️
themukeou_2 | 2024-05-30 | 짜장맛 안난다니 신기햐🙌🙌
jaaaayydang | 2024-05-30 | 짜장떡볶이 중독성 쩔쥬🩷
yucangwoo | 2024-05-30 | 머야 영상이 왜 안끝나냐 10분째보고있네
ham_muklog | 2024-05-30 | 오 이 떡볶이 궁금하네요 저장해놔야지❤️❤️
bottlejune__96 | 2024-05-30 | 짜장떡볶이 너무 탐나요 ㅠㅠㅠ😍😍
food_zohaa | 2024-05-30 | 짜장떡볶이 조오ㅓ요❤️
ju.food_ | 2024-05-30 | 와 대박 ㅠㅠ저두 먹구파요❤️
aeyongxxi | 2024-05-30 | 이건 중독이다냥❤️
muk_tteul | 2024-05-30 | 짜장떡뷰끼❤️
muk._.chuuru | 2024-05-30 | 그럼무슨맛나나요😮
ddunny_ddun | 2024-05-30 | 짜장떡볶이 넘 맛나게따❤
cherry.s_pic | 2024-05-30 | 짜장떡볶이라니 🩵🩵
mat_daji | 2024-05-30 | 캬😍
yeji0719 | 2024-05-30 | 오랜만에 짜떡 먹고시퍼요😍
chopchop_univ | 2024-05-30 | 짜장떡볶이에 순대 맛나겠어요🥹
dragon_gyou | 2024-05-30 | 오호 맛보고 싶네요😍
eat_fp | 2024-05-30 | @reekyung_h
hihee.e | 2024-05-30 | 짜장떡볶이 궁금해료❤️❤️
meoktion | 2024-05-30 | 짜장떡볶이 먹고파요🔥👏
mat_daram | 2024-05-30 | 여기 완전 대박이쥬 ㅋㅋㅋㅋㅋ 아 또 가고싶다,,,❤️
hj_foodie | 2024-05-30 | ㅠㅠㅠ매콤달달 간이 쫙베인게 너무 맛있게따🔥
mukrosee | 2024-05-30 | 짜떡 너무 좋쟈냐요❤️❤️
dasun_zip | 2024-05-30 | 진리다❤️
imcanghyun365 | 2024-05-30 | 짜장 떡볶이 이거 딱 제 스타일 이네요 너무 먹고싶네요 ❤️
mat_puri | 2024-05-30 | 우왕 50년 전통 짜장떡볶이
dama.dessert | 2024-05-30 | 우아 ㅎㅎ 짜장조아요✨🤍💛
sang_hwa00 | 2024-05-30 | 무슨맛일지 궁금해요!😍
_marmma1ade | 2024-05-30 | 징짜 마싯겠다아 🤤🤤 비줠이 ㄷㄷ
jimin_dish | 2024-05-30 | 크아...배가 넘 고픈데요 😍😍
mukkarong | 2024-05-30 | 짜장맛이 나지않는 짜장떡볶이 완전 궁금해요!!😆😆😆
mukja_1 | 2024-05-30 | 크으 소스가 존맛이겠는데요❤❤
hye_foodie_ | 2024-05-30 | 헐 짜장맛이안난다구요? 완전궁금하다😮
queensgarden_shabu | 2024-05-30 | 꺄악🙉🙉🙉
이건 무조건 맛도리 비주얼이자나요🥳🥳🥳
suhoyum | 2024-05-30 | 우와 짜떡 대박❤️
ddo_sil | 2024-05-30 | 짜장 떡볶이 류루룹
matcoder_ | 2024-05-30 | 와 여기서 한 그릇 먹어봐야겠어용😍
matkook_ | 2024-05-30 | 우와.. 장난아닌데요❤️❤️❤️
eat._.dopig | 2024-05-30 | 여기도 완전 맛있을거 같네요😍 짜장맛 안나요??
rara_muk | 2024-05-30 | 떡볶이 너무 맛있겠는데요❤️
mukjung_ | 2024-05-30 | 나도궁그매여기ㅜㅠ
manca212121 | 2024-05-30 | 맛있겠군요^^
fa_eating_ | 2024-05-30 | 오 ㅠㅠ 진짜 꾸덕한게 대박인데여 ,,?
mut_dam | 2024-05-30 | 짜장 떡볶이!!!!
churping_oo | 2024-05-30 | 오우....완전 자작자작❤️
foodmon_ster | 2024-05-30 | 요론고 먹어봤는데 색다르더라고요 존맛❤️
1s_food | 2024-05-30 | 꾸덕한 짜장떡볶이 맛있겠네요🔥🔥
sowon_yam2 | 2024-05-30 | 오엥….? 까맹이 가써
kidmstyle | 2024-05-30 | 오 짜장들어가면 엄청 맛있어질 거 같아요😍
jjinang_pick | 2024-05-30 | 어우@너무 맛잇어보여요❤️❤️
hello_s_food | 2024-05-30 | 저 꾸덕꾸덕함이 설레게하네❤️❤️ @hyunik8_8
muuk.dda | 2024-05-30 | 짜장맛이 안 난다니 궁금슨,,,
mattjun11 | 2024-05-30 | 오 이거 소스맛 너무 궁금..😂
yamyam_0713 | 2024-05-30 | 쫄면사리넣어먹구싶댱😍😍
ssu__kyoung | 2024-05-30 | 오잉?짜장떡볶이에 짜장맛이안나다니용~ 튀김 찍어먹는데 찐맛있겠어용
aug_piiggg | 2024-05-30 | 크 튀김에 소스 푹 찍우 먹고파요❤️
_yeosudek_ | 2024-05-30 | 아 진미떡볶이 너무 먹고싶다ㅜㅜ @simsim2____
mat.blackbear_0 | 2024-05-30 | 짜장떡볶이!!!!맛잇겠댜❤️
space_junmu | 2024-05-30 | 소스 윤기 미쳤는데요👏👏
mukzzang_bread_ | 2024-05-30 | 와 튀김 찍어먹으면 대박이겠어요 ..❤️
j_a_n723 | 2024-05-30 | 떡볶이 안먹은지 오래됬는데 간만에 먹고싶네여
tipsy_jinnie | 2024-05-30 | 오 짜장맛이 안 난다니 궁금해요😮
_yamiyomi_ | 2024-05-30 | 왕 맛있어보여요🤍( ɞ̴̶̷ ·̫ ɞ̴̶̷⸌ )♡
j_a_n723 | 2024-05-30 | 떡볶이 안먹은지 오래됬는데 간만에 먹고싶네여
hyenii_mukten | 2024-05-30 | 와 양념 겁나 찐해보이는데요?😍😍너무 먹고싶다..🥹"
2024-05-27,1756,"@@얼굴 눌러버리고 싶은 친구 태그❤️ @@야, 너가 사줘❤️ 안양중앙시장에 위치한 가마솥누룽지🫶🏻 할머니께서 큰 솥에 꾹꾹 눌러 만드시는데 고소한 냄새 가득🫶🏻 1시에 갔는데 예약 안했다고 5시반에 와야한다고 하심,,🥺 예약필수‼️ 누룽지는 바삭하고 꼬소함 가득🫶🏻 인간사료처럼 계속 들어가는 거 알지..?🫶🏻 📍#가마솥누룽지 📍안양중앙시장 4번출구 61주","#안양중앙시장, #안양일번가맛집, #안양중앙시장맛집, #안양중앙시장누룽지, #길거리음식, #시장투어, #안양맛집추천, #안양데이트코스","jini_zzin | 2024-10-23 | 예약 받는 대왕 누룽지라니👏👏
colorfulsundays | 2024-05-28 | ❤️❤️❤️❤️❤️❤️
colorfulsundays | 2024-05-28 | 예약할래요 ㅠㅠㅠㅠ
taetae_foodie | 2024-05-28 | 와 진짜 왕크네요.. 시선집중❤️
leeboksil_official | 2024-05-28 | 여기 손이가요손이가 이런 맛이에요🙌
mukitgam_ | 2024-05-28 | 누룽지 지ㅉ ㅏ 맛나겎어용👏👏
bee__yummy | 2024-05-28 | 오아 정성 가득😍❤️❤️
mochl_ahahcnl | 2024-05-28 | 와우 ❤️
whatsup_eating0 | 2024-05-28 | ㅠㅠ아 당장 먹고 싶네요 찐먹소통해요!
sikhookyung | 2024-05-28 | 침이 자동으로 고이네요🙆🏻‍♂️
myungheeyun | 2024-05-28 | 누룽지 좋아하는데 먹고 싶네요 🤗
jhyk2073 | 2024-05-28 | 먹으러갑시다😍
bokjaaa___ | 2024-05-28 | 와 예약 대박 ㅠㅠㅠㅠ 누룽지 맛나보여요
ddube.do.bob | 2024-05-27 | 롸 바삭바삭 장난 아니겠어요
aeyongxxi | 2024-05-27 | 누룽지 실허다냥❤️
dragon_gyou | 2024-05-27 | 대박 😍😍좋다용
dr._yomyom1 | 2024-05-27 | 누룽지!! 바삭바삭하니 너무 꼬소해보요요~
zzu.meokbap | 2024-05-27 | ㅋㅋㅋㅋ우아 빠작한 누룽지 좋아유❤️
mukbulim_0817 | 2024-05-27 | 진짜 크다요!!!😍
bottlejune__96 | 2024-05-27 | 누릉지 구수하니 최고겠어요 ㅠㅠㅠ😍
busan_delicious_diary | 2024-05-27 | 누룽지 제대로인데요❤️
100rang_food | 2024-05-27 | 누룽지 맛나게따구요😍
jeju.foodfact | 2024-05-27 | 정성가득 누룽지 ❤️❤️
yucangwoo | 2024-05-27 | 정말 표정이 정성드리시는게 느껴지네요
muuk.dda | 2024-05-27 | 헐 저 여기 ㅋㅋㅋ먹어보고파요 ㅠㅋㅋㅋㅋㅋ
muk_geobolka | 2024-05-27 | 군침 꿀꺽❤️❤️
yum_yum_kkakka_ | 2024-05-27 | 이거 꼭먹어봐야겠어오👏
themukeou_2 | 2024-05-27 | 할미 누룽지도 다오🙌
juner_315 | 2024-05-27 | 누룽지 저 엄청 조아해효😍😍😍
ddunny_ddun | 2024-05-27 | 헐 이거 먹어보고싶다❤
nemokimpd | 2024-05-27 | 와 대박이네 ㅋㅋ
sos.omat | 2024-05-27 | 우와 완전 고소해보이고 짱이네용
newly_cafe.eat | 2024-05-27 | 대박🙌
biggn_o | 2024-05-27 | 캬 요거 넘 먹어보고싶다요😍
ma_eatda | 2024-05-27 | 으악 누룽지 넘 맛나보여용 ㅠㅠㅠ ❤️
_foodmoa_ | 2024-05-27 | 누룽지 너무 맛있어보여요 😍 저도 한입주세요❤️
ljb0426__ | 2024-05-27 | 하 룽지 제대로네❤️
ddub_e2 | 2024-05-27 | 이야 이거 좀 친당
sul_anju_king | 2024-05-27 | 이건 무조건 저장😍
hihee.e | 2024-05-27 | 크ㅠㅠ바삭고소 누룽지 조아요❤️
muk._.chuuru | 2024-05-27 | 궁금해ㅜㅜ옴총 맛잇다는데
gwangju_hotgirl | 2024-05-27 | 빠삭하게따,,, 들고다니면서 시장 구경하는 감성 느끼구파
gwangju_oneallzero | 2024-05-27 | 와 누룽지 제대루댜❤️
mukjung_ | 2024-05-27 | 누룽지미친거아닝교❤️❤️
muk__guri | 2024-05-27 | 누구냐??
mukddo_muk | 2024-05-27 | 우왕 군침돌어요❤️
hyob_muk | 2024-05-27 | 누룽지 제대론데영❤️
muk.kkoma | 2024-05-27 | 할머니가 만들어 주는 대왕누룽지는 무조건 먹어야죠❤️
matpamine_ | 2024-05-27 | 와우 크기 미침🙌
due.foodie | 2024-05-27 | 저도 먹어보고 싶어요.😽
js__1oo4 | 2024-05-27 | 우와아아ㅜㅜㅜ 마트파는거랑 비교도 안되게 꼬숩겠어요🧡🧡🧡
y_mjerry_ | 2024-05-27 | 크 누룽지 한판 크게 제대로네여!!🤍🫶🏻
mukdang0 | 2024-05-27 | 누룽지 츄베릅❤️❤️
eat_fp | 2024-05-27 | @reekyung_h
matxnyang | 2024-05-27 | 우왓 누룽지 진짜 커요😍😍
mat_puri | 2024-05-27 | 누룽지 미쳤어요!!! 찐 노포바이브
rara_muk | 2024-05-27 | 누룽지 완전 조아하는데❤️
imcanghyun365 | 2024-05-27 | 누룽지 요거 건강 간식으로 딱이네요 ❤️
mukrosee | 2024-05-27 | 크 안양중앙시장 명물이쥬❤️
eating_happily_ | 2024-05-27 | 여기 누룽지 먹어봤는데 완전 빠쟈쟉 왕 큰데 저럄해서 좋더라구요❤️
mat.blackbear_0 | 2024-05-27 | 누룽지맛잇겟다ㅠㅠ❤️
qbee.eat | 2024-05-27 | 와 ㅋㅋㅋㅋㅋㅋ 예약까지해야한다니 ㄹㅇ 개꼬소한 누룽지❤️❤️
jack__foodie | 2024-05-27 | 다섯시이후에오세요
mukbo_jjang | 2024-05-27 | 와우... 누룽지 대빵크네여😍 바삭바삭 구수ㅜㅜ 넘먹고프네여❤️
mukkarong | 2024-05-27 | 꼬소~한 누룽지 저두 먹을래요!!😆😆
muk_joongsa | 2024-05-27 | 예약하고 가야겟넴ㅜㅜ❤️
ggam_food | 2024-05-27 | 크..누룽지 미쳐여😍
hye_foodie_ | 2024-05-27 | ㅎ ㅏ 이거 길거리 다니면서 뜯고시퍼여ㅠ
h_mochi_bungeo | 2024-05-27 | 저도먹고싶네여
sowon_yam2 | 2024-05-27 | ㅋㅋㅋㅋㅋㅋㅋ누구냨ㅋㅋㅋㅋ츄베릅 !
jjinang_pick | 2024-05-27 | 여게 겁나 가보고파요❤️❤️❤️
matcoder_ | 2024-05-27 | 와 요고요고 먹어볼래용😍😍
yeoni_mukstar | 2024-05-27 | 우왕 저도 구수하니 맛있는 누룽지 먹으러 갈래요❤️❤️
mukzzang_bread_ | 2024-05-27 | 누룽지 요고 중독성 장난아니라 먹다보면 순삭하잖아요 ❤️
kkutti_h | 2024-05-27 | 우오 이렇게 파는건 또 신박허네요❤️
bonny_vely_ | 2024-05-27 | 츄베륩~~~~~~넘 마싯겟어요!
jjiny_mukstory | 2024-05-27 | 누룽지 꼭 시켜 먹어야겠어요😍
bbbm_jg | 2024-05-27 | 이 비주얼이라면 당장 저장해야 해요
mot.trend | 2024-05-27 | 와 비주얼 맛깔나는데요🔥보자마자 침 고였어요..😍
오늘도 좋은하루 보내세요🍀
limeunzzo | 2024-05-27 | 요고 맥쭈랑두 찰떡이쟈나요❤️
0830_0501 | 2024-05-27 | 갓 지은 쌀로 만든 누룽지 진짜 대박인데욜❤️
muckza_zzae | 2024-05-27 | 우아,,,, 먹구싶다ㅠㅠ❤️❤️
omuk_eats | 2024-05-27 | 누룽지 캬하 계속 뜯어먹고파요❤️
hj_foodie | 2024-05-27 | ㅠㅠ우앙 누룽지 진짜 꼬소그자체❤️
food_eoni | 2024-05-27 | 누릉지 넘 좋아하는데 먹고싶네용❤️
fa_eating_ | 2024-05-27 | 와앜ㅋㅋㅋㅋㅋㅋㅋ 이거 진짜 맛있겠다 ;;
bab___puri | 2024-05-27 | 와 넘 맛있어보여요😍 저도 먹으러 갈래요!!❤️❤️
ruri.food | 2024-05-27 | 사머글래❤️
ruri.food | 2024-05-27 | 누룽지 내나❤️
churping_oo | 2024-05-27 | 이 누룽지는 진짜 찐이야❤️
korea_foodzone | 2024-05-27 | 우와 누룽지 찐이당
do___yummy | 2024-05-27 | 뢐ㅋㅋㅋㅋㅋ 고소한 누룽지😍😍
1onefood_ | 2024-05-27 | 와 대박😍😍😍누릉지 사랑이죵😍
jaaaayydang | 2024-05-27 | 와 여기 누룽지 찐이다요💛
leeoh_review_ | 2024-05-27 | 누룽지 진짜 존맛일거같아요❤️
j_a_n723 | 2024-05-27 | 와 누룽지 안먹은지 오래됬는데 간만에 먹고싶네여 ❤️
gge.juck | 2024-05-27 | 누룽지먹으면 건강해지는 줄 알았는데 ㅋㅋㅋㅋㅋ😂
jjoohyun2 | 2024-05-27 | 와아😍 진짜 맛나겠다요옹🔥
foo__zim | 2024-05-27 | 크...누룽지 맛있징😍
berup_x | 2024-05-27 | 츄베릅❤️❤️"
2024-05-25,2746,"@@이름에 ‘ㅇ’ 들어가는 사람이 쏘기❤️ @@야, 당충전 시급함❤️ 흰우유vs초코우유 ? 스트레스 싸악 날아가는 혈중 당 스파이크 쌉가능한 초코초코 레시피❤️ 초코에몽에 초코칩쿠키 조합이면 상상만해도 당충전❤️ 61주","#초코칩쿠키, #당충전, #편의점꿀조합, #편의점디저트, #초코덕후, #먹방꿀팁, #초코쿠키, #초코칩쿠키우유, #편의점추천","pf_joooah11 | 2024-07-06 | 두개다 조은데..
de_yeeun_20 | 2024-06-26 | ㅂㅇㅇ
na3kg.l | 2024-06-14 | 초코우유는 ㄹㅇ 당뇨병걸릴듯
o.x1nvv | 2024-06-14 | @star_skarlette
taemin5206 | 2024-06-12 | 초코우유지
jx_a1127 | 2024-06-06 | @11_0.dn 🔥👏
leegayul.79 | 2024-06-05 | 흰우유!
h1_xs0 | 2024-05-28 | 혈관 막혀 뒤져요..
gyu_yeon58 | 2024-05-27 | 흰우유지
muuk.dda | 2024-05-26 | 무조갼 초코초코초초촟ㅊ
tjsldk | 2024-05-26 | 61주답글 달기
bonge_o0o_food | 2024-05-26 | 진챠 맛잇겟다 ㅋㅋㅋㅋ근데 살 와장창 찔듯 와아,,,,,
foodmon_ster | 2024-05-26 | ㅋㅋㅋㅋㅋ 해먹어볼래용❤️
foo__zim | 2024-05-26 | 초코가 짱이디👏👏
honest_consumer6 | 2024-05-26 | 당연히 초코죠❤️❤️ 와 ㅠㅠ 세상 달달
h_mochi_bungeo | 2024-05-26 | 와우 전 당스파이크를 그나마 줄이기 위해 아몬드 브리즈에 말먹할래여
cm_ryu_tour | 2024-05-26 | 캬 초코에몽 쿠키조합이라니❤️
hyeonduru | 2024-05-26 | @iam__jiny
jumma_buffett | 2024-05-26 | 와~ 달디단~ 초코칩!!😍
matketers | 2024-05-26 | 분위기도 좋고 넘 맛있어보여요😍
bokjaaa___ | 2024-05-26 | 와 흰우유가 각이져❤️
mukbo_jjang | 2024-05-26 | 와아 당충전 제대로겠는데여😍🔥
yeji0719 | 2024-05-25 | 이렇게 먹어볼래용🙂🙂
daily_mukbbaek | 2024-05-25 | 전 흰우유파여🔥🔥🔥
bee__yummy | 2024-05-25 | 흰우유?🥹⭐️
matzip_note | 2024-05-25 | 크 달달구리 당충전 갈래요🔥
taetae_foodie | 2024-05-25 | @w0n._.iii
ssonwin_ | 2024-05-25 | 전 흰우유❤️❤️
love_eat_7 | 2024-05-25 | 당충전에 딱이네요😍
mat_shoong | 2024-05-25 | 와우 이렇게 먹는군요 꿀팁감사요❤️
witty_foodie | 2024-05-25 | 당충전 갈래요❤️
hyunah_pick | 2024-05-25 | 이거 대박이네요🔥🔥
gnolgip2 | 2024-05-25 | 저는 흰우유파요!! 오랜만에 이거 땡기네요😮
muk._.chuuru | 2024-05-25 | 초코엔초코우유❤️
dama.dessert | 2024-05-25 | 헉 제대로 드셨네요 ✨🤍💛
menggong__ecig | 2024-05-25 | 이 조합은 무조건 맛있을 수 밖에 없죠🙆🏻‍♀️💗
siso_father | 2024-05-25 | 너무 맛있겠어요 😍
mukchoding | 2024-05-25 | 흰우유 조합 체고🔥
yoon.min.ga.0513 | 2024-05-25 | 보기만해도 당충전 풀이네여🔥
mukkarong | 2024-05-25 | 우와...요고 간식으로 만들어먹어볼래요!!😆😆
mukstar_md | 2024-05-25 | 전 초코우유요❤️❤️
churping_oo | 2024-05-25 | 보기만해도 겁나 달달구리❤️
colorfulsundays | 2024-05-25 | ❤️❤️❤️❤️❤️
colorfulsundays | 2024-05-25 | ㅋㅋㅋㅋ지금 당장 만들고파요
mukbulim_0817 | 2024-05-25 | 초코우유에 한표❤️
jinwook1011 | 2024-05-25 | 요고해먹어봐야지😍 ㅎㅎㅎ 즐건주말보내세요
penny_0114 | 2024-05-25 | 앜ㅋㅋㅋㅋㅋㅋ 이조학 !!! 천재인가욥?😍 초코초코 달다구리 당충전이요 😍❤️
ggam_food | 2024-05-25 | 콘프로스트 울고잇답니다
lazyzacc | 2024-05-25 | @jee_yong22 요거 초코먹고싶을때 존맛탱 ㅎㅎ
wankki__ | 2024-05-25 | 와 ㅋㅋㅋ 초코 과다 수혈 ㅋㅋㅋㅋ
biggn_o | 2024-05-25 | 처코초코초코🔥🔥
nyam_.nya | 2024-05-25 | 이건 맛없없😍
newly_cafe.eat | 2024-05-25 | 짱이다아🙌
hankkiyojeong | 2024-05-25 | 어이거 젤조아ㅠ❤️
wu_hyun | 2024-05-25 | 이거 군대에서 이렇게 먹어봤었는데 캬 그립네영 그때가 ㅋㅋ
bottlejune__96 | 2024-05-25 | 요즘 이 조합 많이 보이더라구요!!😍 저는 둘다 시도해볼래여 ㅎㅎㅎ❤️
gwangju_oneallzero | 2024-05-25 | 당충전 각이에여❤️❤️
mot.trend | 2024-05-25 | 와 천재신데요😍 이런방법이 있다니 맛잘알이십니다👍👍
leeoh_review_ | 2024-05-25 | 초코우유❤️
hihee.e | 2024-05-25 | 저는 흰우유에 먹을래요!!
muk_.jjun_ | 2024-05-25 | 전 흰우유요!
moo_boza | 2024-05-25 | 초코에는 초코가 답이라고 했어요 ❤️
food_zohaa | 2024-05-25 | 우와우 당장 먹을래영
tasteraveler | 2024-05-25 | 브금미쳣네 🔥🔥🔥
matzip_hyena | 2024-05-25 | 둘 다 좋아 츄베릅 킁킁..🐺🐺
jack__foodie | 2024-05-25 | ㅋㅋㅋ앜
g_bsoo | 2024-05-25 | 오우❤️ 저는 흰우유요!❤️
jimin_dish | 2024-05-25 | 크......🔥🔥
hyanggu_foodie | 2024-05-25 | 와 당충전 제대로겠어요!!! 👏
giveme_yumyum | 2024-05-25 | 초코우유로는 안먹어봤는데 궁금해요😍
hye_foodie_ | 2024-05-25 | 저 흰우유ㅠㅠㅠㅠ 무조건흰우유!!
bab_bly | 2024-05-25 | 아 진짜 맛있겠어요👏👏👏
meow_chelin | 2024-05-25 | 이거진짜도랏자나여 ㅠ
rara_muk | 2024-05-25 | 이거 맛있을수밖에 없네요❤️
1onefood_ | 2024-05-25 | 와 무조건 저는 초코!!!!😍
go_nyang__ | 2024-05-25 | 크 당충전 제대로 되겠어요 😍😍
aeyongxxi | 2024-05-25 | 둘다ㅜ조아녕❤️
hotdor_s | 2024-05-25 | 와 ㅋㅋㅋㅋㅋㅋㅋㅋㅋㅋ추억이야
bambi_home_ | 2024-05-25 | 아우 초코우유 너무 맛있어보여용😍
so_rowsm | 2024-05-25 | 맛도리 조합 먹어볼래용😲
mukjung_ | 2024-05-25 | 헐이거궁그먀ㅠㅠ❤️❤️
na.chelin__ | 2024-05-25 | 저는 흰우유파❤️❤️ 오랜만에 사먹어여겠어요
muk_yufor | 2024-05-25 | “ㅇ” 두개나 들어가는데 우카죠 !!!
eats_editor | 2024-05-25 | 와 당보충 ㅠㅠㅠ
js__1oo4 | 2024-05-25 | 어릴때 이렇게 해먹었는뎅 🫢🫢
당 충전 제대루🩷🩷
ring__b | 2024-05-25 | 당충전 제대로 될거같아요 😍
juner_315 | 2024-05-25 | 이거 군대에서 많이 먹었어요😍
limeunzzo | 2024-05-25 | @muckza_zzae 사죠 ❤️
100rang_food | 2024-05-25 | 초코미쳐따..혈당스파이크오는기분이에요😮
miri_muk | 2024-05-25 | 초코우유는 너무 달 것 같은데~ 츄베릅님의 선택은요?!
hj_foodie | 2024-05-25 | 초코우유에 말아먹는거 진짜 내스타일..❤️
hyob_muk | 2024-05-25 | 우아 초코우유용 ❤️
shkzipbob | 2024-05-25 | 와ㅠㅠ당충전하게 당장 진행시켜야겠어요❤️
gyusun_1004 | 2024-05-25 | 크 대박이라규 😍 초코칩쿠키 맛나겠다규 😍
muk.k.tang | 2024-05-25 | 크 저도 이거 너무 해보고싶어요❤️❤️
muk_girls | 2024-05-25 | 흐아 초코에 초코칩이라니 대박이에용 😍😍
eat_fp | 2024-05-25 | @reekyung_h
ddo_sil | 2024-05-25 | 꽁꽁 얼어붙은 초코위루!
muk__guri | 2024-05-25 | 초코에 초코지❤️❤️
ming_foodie_ | 2024-05-25 | 이조합 최고져❤️"
2024-05-24,538,"낭만 즤기는 흑돼지 맛집? <모메든> 야장에서 연탄불에 즐기는 흑돼지🫶🏻 야장이 이쁘게 관리되어 있어 낭만 최고🫶🏻 와인 콜키지프리인 곳🫶🏻 애견동반이라 옆테이블에 큰 멍멍이도 있드라 고기 한판이 돌하르방이랑 같이 이쁘게 나옴🫶🏻 오겹살이라 쫄깃탱글 식감이 미쳤음🫶🏻 파김치 구워서 같이 먹으면 기절🫶🏻 딱새우가 들어가 구수한 된장찌개🫶🏻 밥 말아먹으면 밥도둑 그 잡채🫶🏻 이 갬성에 맛난 고기라니 소주 어케 참아..?🫶🏻 네이버 예약 시 라면도 주니 예약하고 가자🫶🏻 @@고기사쥬❤️ 📍#모메든식당 📍 제주 서귀포시 일주서로 508 ⏰ 평일 17:30-22:00, 주말 17:00-22:00 ‼️ 화요일 휴무 💵 제주흑돼지오겹살 200g 20000원 61주","#모메든, #제주도맛집추천, #제주도여행코스, #제주도데이트코스, #서귀포맛집추천, #서귀포흑돼지맛집, #삼겹살맛집, #신화월드맛집, #중문맛집추천, #서귀포여행코스","bedoc_timeline | 2024-06-07 | @mingmiing__ 우와
ban_zzim | 2024-05-27 | 낭만에 맛까지 추가라니...
meokbo_food | 2024-05-27 | 낭만 대박이네요 💕
ma_eatda | 2024-05-26 | 와 ... 낭만감성 미츄땨아아 ❤️
tjsldk | 2024-05-26 | 햄복😍😍
_mol_bbang | 2024-05-26 | 어머.진짜 낭만 쩔어용😍
bokjaaa___ | 2024-05-26 | 와 이거 밖에서 먹으면 진짜 꿀맛❤️❤️
colorfulsundays | 2024-05-25 | 👍👍👍👍
colorfulsundays | 2024-05-25 | 으악 흑돼지 완전 죠아요!!!😍
omuk_eats | 2024-05-25 | 크으 자글자글😍😍
penny_0114 | 2024-05-25 | 두툼한 고기 😍 육즙가득 !!!! 입에서 살살 녹을 것 같아요 🤩 역시 고기는 사랑이네요 🫶✨️
gwangju_hotgirl | 2024-05-25 | 파김치 구워먹는거 최고쟈나~~✨
hankkiyojeong | 2024-05-25 | 연탄불에 굽굽✨✨✨
muk_yufor | 2024-05-25 | 낭만 죽여쥬는걸용??!
juner_315 | 2024-05-25 | 낭만 지긴다😍😍
miae_pick | 2024-05-25 | 고기랑 구운파김치 츄베릅😘😋😋
jeju_playme | 2024-05-25 | 아 모메든은 인정👍👍👍
dog.matdori | 2024-05-25 | 제주 서귀포는 여기닷🔥
jaaaayydang | 2024-05-25 | 크으 야장갬성 낭만 가득이네여💜✨
busan_delicious_diary | 2024-05-25 | 우아우아 비주얼 미치는데요❤️
menggong__ecig | 2024-05-25 | 아니 고기 두께 무엇✨
muk_geobolka | 2024-05-25 | 낭만 가득 갬성🔥 미쳐따요❤️❤️
100rang_food | 2024-05-25 | 낭만 지려따😮😮
jjiny_mukstory | 2024-05-24 | 한잔하기에 완벽한 곳이네요😍
jack93kiooo | 2024-05-24 | 낭만 지겨준다😍😍😍
j_a_n723 | 2024-05-24 | 와요기 장난아니에요 낭만❤️❤️
muk._kwww | 2024-05-24 | 여기 진짜 낭만 미쳐써요,,❤️❤️
mochl_ahahcnl | 2024-05-24 | 와 고기 때껄도 낭만도 쥑이네요❤️
muscleyam | 2024-05-24 | 아주 완벽해요🔥🔥 불금은 이걸로 태운다 가즈아😍😍😍
taetae_foodie | 2024-05-24 | 와 파김치까지 도라방스😮❤️
con_coffeeornot | 2024-05-24 | 낭만이 아주 쥑이네여❤️
cogarobotics | 2024-05-24 | 파김치👏👏
hyenii_mukten | 2024-05-24 | 제주도 가고프네요😢😢
newly_cafe.eat | 2024-05-24 | 대박🙌
nemokimpd | 2024-05-24 | 고기 두께보소 ..
muk_ppi | 2024-05-24 | 두툼하니 씹는 맛 장난아닐 것 같아여😍😍
mim_mi__ | 2024-05-24 | 우아아 분위기 최고예요ㅠㅠㅠ❤️
muuk.dda | 2024-05-24 | 파김치 조합 도랏멘 ㅠㅠㅠ😮
honest_consumer | 2024-05-24 | 파김치 구운거랑 먹으면 정말 맛있겠는데요❤️
muko_die | 2024-05-24 | 캬 야장갬성 제대론데요?!😍고기 완전 맛있겠어요!!❤️
daily_busan_matzip | 2024-05-24 | 헉 완전 공원에서 먹는 기분일 것 같은데요?!🤤
dasik_eat | 2024-05-24 | 여기 대박이네요🔥🔥
aeyongxxi | 2024-05-24 | 낭만이 이거지냥❤️
mukchoding | 2024-05-24 | 요즘 날씨에 최고인 곳😍
dama.dessert | 2024-05-24 | 우아 낭만 ✨🤍💛
namuk_food1 | 2024-05-24 | 고기 넘 땡겨요오오오옹😢😢😢
gwangju_oneallzero | 2024-05-24 | 감성 최고에요❤️❤️❤️
mo_muk_._ | 2024-05-24 | 자꾸 이런 집을 어디서 들고 오시는지… 존경👏
__it.s.youn | 2024-05-24 | 와 !! 진짜 낭만 쵝오 !
bab_bly | 2024-05-24 | 와 진짜 감성 취향저격이에요ㅠㅠㅠ
ju.food_ | 2024-05-24 | 낭만 제대로다❤️
matt_place__ | 2024-05-24 | 갬성 뭔일
1onefood_ | 2024-05-24 | 우앙 낭만 쥑이네용😍😍😍😍
meow_chelin | 2024-05-24 | 낭만 지기네❤️
matpamine_ | 2024-05-24 | 연탄불이 진짜다👏
bottlejune__96 | 2024-05-24 | 흑돼지오겹살 엄청 두툼하면서 야장갬성까지 제대로인걸요 ㅠㅠㅠ😍😍
foodmon_ster | 2024-05-24 | 저두 파김치랑 싸먹구싶어요❤️
maasi_.chaa | 2024-05-24 | 낭만 미쳤어욥,,❤️❤️
limeunzzo | 2024-05-24 | 아 ㅠㅠㅠ 영업시간 조금만 더 늘려주셨으면,, 집가기싫을 구 같애여ㅠㅠ
sikhookyung | 2024-05-24 | 침이 자동으로 고이네요🙆🏻‍♂️
ham_muklog | 2024-05-24 | 낭만최고 고기🔥 먹으러 가야게따❤️
mukcamera | 2024-05-24 | 낭만 제대로ㅡ 고기❤️
foodie_hayena | 2024-05-24 | 고기 두툼해용 ❤️❤️
sowon_yam2 | 2024-05-24 | 낭만이죠 이게 ❤️❤️
muk._.chuuru | 2024-05-24 | 구운파김치최고ㅜㅜ
soolmatgood | 2024-05-24 | 진짜 제주제주하네여...분위기 미쳐요👏
bonge_o0o_food | 2024-05-24 | 낭만 미쳐🔥🔥
food_zohaa | 2024-05-24 | 고기 사랑이자나용😍
hye_foodie_ | 2024-05-24 | 엄마야 노을오ㅑ케이뻐여ㅠㅠ
yum.__.ing_ | 2024-05-24 | 낭만에 쫄깃쫄깃 맛나보여요😍
changmusik | 2024-05-24 | 와따 분위기 깡패 끝판왕 보스 ❤️❤️❤️
food_bbos | 2024-05-24 | 때깔미쳤어요🔥🔥🔥🔥꼭 가볼래여
laurent_busan | 2024-05-24 | 연탄불 흑돼지 츄베릅 ❤️❤️
daily_mukbbaek | 2024-05-24 | 분위기가 완전 미쳤....이런곳에서 꼬기라니🔥
golden_sang_ | 2024-05-24 | 와 야장이 풍경이 다르네 👏👏 한라산 먹고 싶다
hihee.e | 2024-05-24 | 캬ㅠㅠㅠ두툼한 흑돼지 장난읍다❤️
jaws_eat | 2024-05-24 | 야장감성제대로네요😍
tanguriyaaa_ | 2024-05-24 | 파김치랑 고기 무조건이져❤️❤️
zin___nxy | 2024-05-24 | 보기만해도 야들야들 육즙 가득해서 쫀딕하고 맛나겠는데요 🔥🔥 구성도 좋네유 🙌
jameslee0911 | 2024-05-24 | 와 제주도가면 여기 꼭 가볼래요❤️
jack__foodie | 2024-05-24 | 수리술술👏👏
tasteraveler | 2024-05-24 | 낭만을 찾아소~~~(꽐라예약)
matzalal_jerry | 2024-05-24 | 파김치랑 삼겹살 못참아요😍😍
jjong_mattang | 2024-05-24 | 와 낭만 오졋다 ;;
yum_yum_kkakka | 2024-05-24 | 비주얼 못참아요❤️
kkutti_h | 2024-05-24 | 낭망 고깃집이다.,,❤️❤️
tipsy_jinnie | 2024-05-24 | 우아 진짜 갬성 대박인데요😮❤️
churping_oo | 2024-05-24 | 야장에서 먹으니 더 느낌있다요❤️
mukrosee | 2024-05-24 | 낭만 미쳐따요 진짜....✨️
hyob_muk | 2024-05-24 | 야장갬성 최고에여❤️
dokkkiee | 2024-05-24 | 야장갬성 즤긴당❤️❤️❤️
hyunjae_mukstagram | 2024-05-24 | 낭만즤기네😮
hutomatggi | 2024-05-24 | 으앙 저도 먹고싶어요🥹💦💦💦
dayeating_ | 2024-05-24 | 캬 낭만 즐기며 고기❤️최고네요
imcanghyun365 | 2024-05-24 | 삼겹살 제가 찾던 먹주얼 이네요 이보다 좋을순 없다 짱짱짱 ❤️
matcoder_ | 2024-05-24 | 요기가 바로 힐링장소😍
qbee.eat | 2024-05-24 | 파김치까지 올린거 미쳐따 미쳐쏘 ,,
eating_happily_ | 2024-05-24 | 와 해질 때쯤 가면 낭만 끝판왕 ㅠ
leomatt.food | 2024-05-24 | 먹는 순간이 제일 행복한 순간이에요! 😋
hello_s_food | 2024-05-24 | 딱 제가 원하는 갬성❤️❤️"
2024-05-22,5048,"이게 칼국수라니 말이 안돼..! <바담칼국수> 오이도에 위치한 원판 해물칼국수🫶🏻 바다 뷰에서 볼 수 있어 힐링🫶🏻 한판 푸짐신선하게 해물칼국수가 나옴🫶🏻 문어, 전복, 가리비 등 다양한 구성🫶🏻 큼직큼직하게 나와서 최고🫶🏻 고기도 샤브샤브처럼 먹을 수 있어서 좋음🫶🏻 오이도에서 조개구이가 질렸다면 여기로 고우🫶🏻 겉절이에 육전 조합도 존맛🫶🏻 실한 고추튀김까지🫶🏻 @@오이도가쟈❤️ 📍#바담칼국수 📍 경기 시흥시 오이도로157번길 1 1층 ⏰ 월-목 11:00-21:00, 금 11:00-22:30, 토 10:00-22:30, 일 11:00-21:30 💵 꽃쟁반 해물칼국수 4인 86000원 62주","#오이도맛집, #오이도맛집추천, #오이도조개구이, #오이도데이트코스, #오이도여행, #해물칼국수맛집, #칼국수맛집, #시흥맛집추천","jidongju57fg | 2024-07-02 | 여기어디인가요?
y__n75 | 2024-06-22 | @j.eun_86
dymom.129 | 2024-06-19 | @jieun_7741
yudonsung | 2024-06-18 | 칼국수시켰으면 저거 가격은 만원정도 인가여? 설마 몇만원대 칼국수 시킨건 아니져? 2만원이상 하는 칼국수는 없습니다..
soyeonnnnn__0 | 2024-06-17 | @lux86kku
mubo_ja | 2024-06-14 | ❤️
heukdogam | 2024-06-13 | 👏👏👏👏👏👏👏👏👏👏
ijiyeon2921 | 2024-06-13 | 가지마세요.. 진짜 더러워요 화장실은 들어갔다가 토할뻔 했고 그릇 수저 술잔 상 모두 이렇게 더러울수 있나 생각했어요
ijiyeon2921 | 2024-06-13 | 진짜 더럽고 비위상해요 부모님 모시고 갔다가 엄청후회했어요 절대가지마세여
ijiyeon2921 | 2024-06-13 | 여기 진짜 위생최악 입니다.
hamayam_ | 2024-06-13 | 간만에 달려줘야겠다 👍
binaheal | 2024-06-12 | 😍😍😍
sungho_youn | 2024-06-11 | 혹시 칼국수가 5만원?ㅋ
wns53_ | 2024-06-10 | 와
bbuggu_camping | 2024-06-09 | @lovable__jay
chlgustn1929 | 2024-06-08 | 칼국수가 가격이 6만원7만원?
alinesyoung | 2024-06-07 | 어디에 있나요?
sugyeong_1026 | 2024-06-07 | @choi_mi_yeon_0610 맛있겟당
02__ry | 2024-06-06 | @minv_vvv 미쳐쓰
vely_youn2 | 2024-06-04 | @seob_way__ 아안대 내밋집
tjfdn_00 | 2024-06-03 | @oksusu_412 진짜 여기다
m_kiriboy | 2024-06-03 | 이런 찐 맛집이라면 저도 가보고 싶군요! 필승🫡
alryob | 2024-06-03 | 크🙌🙌 역시 맛있는고 드셔쥬는 센스🌟🤗🤗
ondal_table | 2024-06-03 | 캬 비쥬얼장난없네요❤️
hamzzi.eat_____ | 2024-06-02 | 오 저두 오늘 먹을래요❤️❤️
l___gh2 | 2024-06-02 | @yu4261 @yevineee 어케 오이도 한번 고?
sori0113 | 2024-06-01 | @hjjs___o 가자 4인가야한데 💗
view_plastic_surgery | 2024-05-31 | Looks yummy!!!
seungmin9715 | 2024-05-31 | 냉동소고기 완전 쉣 쓰레기처럼생겼는데?
wnrund01331 | 2024-05-31 | 👏👏👏👏
isangu410 | 2024-05-30 | 어디에요?
mini_cherry18 | 2024-05-30 | @yj_friend @ji__kyun @je0o0b 오이도 가자
a01027031116 | 2024-05-29 | 혼밥은 안될까요?
nnlovev | 2024-05-29 | @mo_ssung2 여기가 거긴가?
sangsoon2023 | 2024-05-28 | 👏
95.__.zz | 2024-05-28 | @염슬기
__gun____ | 2024-05-27 | @jjin._.hh
kevin.kangkang | 2024-05-26 | 가격은 무지무지 헉..
tjsldk | 2024-05-26 | 와😍😍대박
dbflaox | 2024-05-26 | @11_yunseol @bing9__8 @yh010.6
kibong.lee.14 | 2024-05-26 | 칼국수가 10만원??^^^
durimuk | 2024-05-26 | 츄베릅 ❤️
3vilicecreamxd | 2024-05-25 | Dinner @seung_lee.vv ?
matt_place__ | 2024-05-24 | 워메 화려해
sltnqdla | 2024-05-24 | 와 해물종류부터 엄청 다양하자나요❤️
ljh__94 | 2024-05-24 | @j.nnnni_
lalalassong92 | 2024-05-24 | @jongsoo_91
96__ik | 2024-05-24 | @_i_taew__ @am_0618
daily._.dessert.jj | 2024-05-24 | 비주얼 대박이네요❤️
muk_captain_ | 2024-05-24 | 시흥 가야징
jack_frost1016 | 2024-05-24 | @bangd___
joy_belllee | 2024-05-24 | @f10_youn
jjjmh8116 | 2024-05-24 | @pp_cwooo65
han_ghee_ | 2024-05-24 | @bright__m 가까운오이도도 좋아
eating_rest | 2024-05-24 | 와 진짜 푸젬해요🔥
mochl_ahahcnl | 2024-05-24 | 와 양 미쳤는디요?😍
kjs5641 | 2024-05-24 | 우와 !!!
____17th____ | 2024-05-24 | 비주얼 넘 쥬아요💗
muk_gonny | 2024-05-24 | 칼국수 해산물 와!!! 맛아보여용
kimadoong | 2024-05-24 | @ju_seung_lee90 가자
su1.xm | 2024-05-24 | @uk_jin_kim
muk_jin_sim | 2024-05-24 | 아ㅏ마싯겠당
jhyk2073 | 2024-05-24 | 여기 사장님은 남는게 있나요
sung_a_s2 | 2024-05-23 | @hato2_17
heeeee_cchu | 2024-05-23 | @mino.15_kim.d.s
colorfulsundays | 2024-05-23 | 🩵🩵🩵🩵🩵
colorfulsundays | 2024-05-23 | 칼국수 대박 땡겨요!!!😍
raymond_dewey | 2024-05-23 | 대신 가격이 일반적인 해물칼국수의 두 배 이지만 저 영상대로면 괜찮은 가격이긴 하네요
suk86 | 2024-05-23 | @_yeddong_
honest_consumer6 | 2024-05-23 | 우와,,, 바로 소주3병이상 가능하겠는데요
mnnn.o.o | 2024-05-23 | @sh.o_os2 젠장 또 시흥임ㅋㅋ
food_zohaa | 2024-05-23 | 안먹을수업네여❤️
jumma_buffett | 2024-05-23 | 칼국수에 조개 문어 대박이네요❤️
soolmatgood | 2024-05-23 | 와 찐인데여...바로 저장했어여🔥
rara_muk | 2024-05-23 | 진짜 산더미네요❤️
sangchu.food | 2024-05-23 | 와아아 해물 스케일이 미쳤습니다👍👍
💚💚상추랑 먹소통해용💚💚
jo_c_bab | 2024-05-23 | 진짜 맛있겠어요 🔥 오늘따라 넘 땡기네요 👏
hh.__.jin | 2024-05-23 | 진짜 푸짐하다😍
_foodmoa6_ | 2024-05-23 | 칼국수 사랑이죠❤️ 저도 먹고싶어요😍
matddori_ | 2024-05-23 | 여기 가성비도 좋고 넘 맛있져❤️
noonday_couple | 2024-05-23 | 처음에 가득 들고오시는거보고 입틀막🤤❤️
mattjun11 | 2024-05-23 | 어우야 사장님이 건물주인가..
eats_editor | 2024-05-23 | 칼국수 한가득❤️❤️
zzangdol77 | 2024-05-23 | 비주얼대박이네요~~🔥🔥🔥🔥🔥🔥🔥🔥🔥
hoonstafork_yamang | 2024-05-23 | 취향저격🔥
dog.matdori | 2024-05-23 | 산더미 미쳤당🤤
mukgogayoung | 2024-05-23 | 💕이거보니 너무 먹어보고싶네용 💖여기 가봐야겠어요 💗
bokjaaa___ | 2024-05-23 | 와 양 실환가요???❤️
huibong_sta | 2024-05-23 | 칼국수라니…😍😍
matzip_note | 2024-05-23 | 사장님 남는게 뭔가요🤤🤤
zzu.meokbap | 2024-05-22 | 퀄리티대박 🤤❤️미쳣어영
dayeating_ | 2024-05-22 | 캬 칼국수 라인업 너무 화려한데요
mukstival | 2024-05-22 | 해물 가득하니 몸보신하기 딱이네여(۶•̀ᴗ•́)۶
_yamiyomi_ | 2024-05-22 | 비주얼부터 완전 제서탈🤍(๑✧◡✧๑)
dokkkiee | 2024-05-22 | 우왕,,, 저 고추튀김까지 완벽한 내취향이야,, ㅠ❤️
muk_marorong | 2024-05-22 | 헉 칼국수 고파요오❤️❤️
humor._memmem | 2024-05-22 | 해산물이 가득 ,,,😍😍
mukbulim_0817 | 2024-05-22 | 해물칼국수에서 칼국수가 사이드인데요😮😮
hi_i_like17 | 2024-05-22 | 미쳐따 비주얼 너무너무 맛있어보여요🔥 가보고싶어요 여기👏
mandoo_balddoong | 2024-05-22 | 우와 이게 칼국수라니 ❤️❤️ 비주얼 미쳣네용"
2024-05-20,377,[강남] 최애 피자는 어디일까? <노모어피자> 내 배달피자 최애 브랜드🫶🏻 날씨가 좋아서 포장해서 공원에 피크닉 다녀옴🫶🏻 소금우유로 도우를 만들어 쫀득 촉촉🫶🏻🫶🏻 시그니처 옥수수새우피자와 더블페퍼로니로 반반🫶🏻 토핑 가득 실하게 들어감🫶🏻 새우는 큼직통통에 오토독 옥수수도 큼직🫶🏻 역시 시그니처인 이유가 있음🫶🏻 매콤짭짭 중독성 미침🫶🏻🫶🏻 페퍼로니로 가득 찬 더블페퍼로니🫶🏻 치즈크러스트 추가는 필수🫶🏻🫶🏻 사이드까지 잘하는 노모어피자🫶🏻 피자들고 피크닉 어때?🫶🏻 @@피크닉고고❤️ 📍#노모어피자개포점 📍 서울 강남구 개포로 512 지상1층 120호 ⏰ 매일 10:00-24:00 💵 반반피자 L 24800원~ 62주,"#노모어피자, #강남맛집추천, #강남데이트코스, #개포동맛집, #강남피자맛집, #피자맛집, #배달음식추천, #강남배달맛집, #배달피자맛집, #피크닉","eeeaaattt2023 | 2024-05-29 | 분위기도 좋고 넘 맛나보여요 👏👏👏
tjsldk | 2024-05-26 | 😍😍
jaws_eat | 2024-05-23 | 피자진짜맛나게생겼네유😍😍
joonipick | 2024-05-23 | 오늘 노모어 배달피자 시켜야겠네여~
cafe_9kyung | 2024-05-22 | 옥수수새우피자 제 최애 피자예요 🍕
jaaaayydang | 2024-05-22 | 꺅🙀 토핑 대박이구❤️
dong_bo.114 | 2024-05-22 | 오 완전맛있겠땅
eatspupuppy | 2024-05-22 | 저도 여기 최애😍🍕
ggulmanyeo | 2024-05-22 | 피자 토핑이 아주맛나보여요
bokjaaa___ | 2024-05-22 | 여기 피자 맛나죠❤️❤️
okay.eatting | 2024-05-21 | 노모어진짜 존맛이쥬😍
miso__cook | 2024-05-21 | 와 비쥬얼 미쳤네요💖💖
dog.matdori | 2024-05-21 | 토핑미쳤당😮
empahtyfoody | 2024-05-21 | 와 피자는 못 참죠 너무 맛있겠다
golden_sang_ | 2024-05-21 | 이거 맛나죠👍👍😍
daejeon_ddomatddo | 2024-05-21 | 옥수수 피자 찢었다..🍕❤️🍕❤️
seoul__guide | 2024-05-21 | 피자 대박..완전 군침돌아요 ㅠㅠ
yucangwoo | 2024-05-21 | 피자가 큰겁니까 얼굴이 작은겁니까? 둘다입니까 사고입니까?
matjun1111 | 2024-05-21 | ㅋㅋㅋㅋㅋㅋ피자를 유키모찌 처럼 드시네!
jo_c_bab | 2024-05-21 | 노모어 그제 먹었는데 맛있더라구요 🔥
gwangju_hotgirl | 2024-05-21 | 요즘 유튭 광고로 많이 보이던뎅
이래서 노모어 노모어 하는규나 ! 😍
t_cheol2 | 2024-05-21 | 피자 미쳤어요 ㅎㅎ
hj_foodie | 2024-05-21 | ㅠㅠ노모어피자 진짜 맛있는거 인정이징〰️♥️
ssonwin_ | 2024-05-21 | 피자토핑 찐이네여👍👍
holololu.v24v | 2024-05-21 | 언제나 환영 가능한 비주얼이네요🤭❤️‍🔥
hashbrown_e | 2024-05-21 | 보니 배고파져서맛있는거 먹고싶어요🥹 이번 한 주도 화이팅하세요❤️
matport_ | 2024-05-21 | 아 상상만해도 행복해요😍
ungine0401 | 2024-05-21 | 치즈가~~😍😍😍
hyob_muk | 2024-05-21 | 노모어피자 존맛이게짜나여
wanteat._.eat | 2024-05-21 | 노모어피자 진짜 맛있죠 ㅠㅠㅠㅠㅠㅠ😍
menggong__ecig | 2024-05-21 | 이렇게 토핑 많은 피자는 무조건 맛있죠💁🏻‍♀️🍕
j2ch.busan | 2024-05-21 | ㅋㅋㅋㅋㅋㅋ 단골 최애피자답게 아주 맛깔나게 드시네요ㅋㅋㅋㅋ
moo_boza | 2024-05-21 | 제 최애피자 여기로 정합니다.. 사서 피크닉 각이에요 ㅠㅠ 🔥
qbee.eat | 2024-05-21 | ㄹㅇ 모찌인줄 쬰됵 ❤️
bonge_o0o_food | 2024-05-21 | 사이드까지 맛잇다뉘ㅠㅜㅜ❤️❤️
suhoyum | 2024-05-21 | 토핑 대박🔥
mukzzang_bread_ | 2024-05-21 | 다음에는 사이드도 시켜먹어봐야겠어요 ❤️
min.ddo_o | 2024-05-21 | 크으 ㅠㅠㅠ피자진짜대박이에여❤️❤️
foodminister_ | 2024-05-21 | 피자 먹을까 오늘..?ㅜㅜㅜ
newly_cafe.eat | 2024-05-21 | 대박👏👏
ddonge_e_ | 2024-05-21 | 환장하고 또 환장할맛인데요🔥 침 대폭발이다 진짜🙌
mukb_read | 2024-05-21 | 와 토핑 장난아니네요❤️
gge.juck | 2024-05-21 | 제 얼굴보단 작을 거 같아요 ㅋㅎㅋㅎ
hihee.e | 2024-05-21 | 피크닉하러갈래요❤️❤️
food_eoni | 2024-05-21 | 와 토핑 듬뿍 넘 좋아요❤️❤️
themukeou_2 | 2024-05-21 | 나도나도 사이드까지 잘하는 피자👏
danji.muk_log | 2024-05-21 | 반반피자에 최고다 증말👍🤤
muuk.dda | 2024-05-21 | 저 여기 그냥 조아해요,,,사이드는 안 먹어봤는데 도전 !!!
dama.zine | 2024-05-21 | 피자 너무 맛있어보여유😍
food._.hwan | 2024-05-21 | 노모어 존마탱!
완전 쫀득해서 끝에 빵부분도 존맛🔥
1onefood_ | 2024-05-21 | 크으으 미쳤어용😍😍😍😍
nyam_.nya | 2024-05-21 | 노모어 최애에용❤️❤️❤️
food_chy._.ee | 2024-05-21 | 피자 토핑 대박ㅠㅠ 크기도 실화에요;,,?❤️ 페페로니 먹으러 가즈아!
noonday_couple | 2024-05-21 | 토핑 미쳣어요!!!❤️
hoonstafork_yamang | 2024-05-21 | 비주얼 대박👍🏻
js__1oo4 | 2024-05-21 | 피자 포장해서 한강 피크닉가고 싶어요🥹🥹🧡🧡
laurent_busan | 2024-05-21 | 저도 노모어피자 최애에요 옥슈슈피자❤️❤️
muk_marorong | 2024-05-21 | 츄베릅 단골피자집 궁그매😍😍
matddori_ | 2024-05-21 | 피자 먹고싶어여😍
waguwagu_mucksun | 2024-05-21 | 피자 찐 맛나보여용😍
y_mjerry_ | 2024-05-21 | 노모어피자 도우도 쫄깃하구 넘 맛있겠는데용🍕💕
siso_father | 2024-05-21 | 피자 너무 먹고싶네요 😍
mumongzzi | 2024-05-21 | 피짜 죠앙 ෆ⸒⸒⸜( ˶’ᵕ‘˶)⸝
meokdoong | 2024-05-21 | 여기도우대박인뒤,,,
ddo__yam | 2024-05-21 | 크우 오늘 술 먹은 곳 옆에도 노모어있었는데❤️여기서보네오
yamm__h | 2024-05-21 | 페페로니+옥수수 최애 피자예요😍
ggam_food | 2024-05-21 | 워후야 갑시다가여
bottlejune__96 | 2024-05-21 | 노모어피자 여기 넘궁금하더라구요 ㅠㅠㅠ🤤🤤
mintto0.0 | 2024-05-21 | 노모오피자 짐짜 존맛탱 ㅠ❤️❤️❤️
dama.dessert | 2024-05-21 | 헐 ㅠㅠㅠㅠㅠㅠㅠ제가 제일 좋아하는거 ㅠㅠㅠㅠㅠ🤍✨👍🏻
100rang_food | 2024-05-21 | 왕 토핑 미쳤다구요😍
leeoh_review_ | 2024-05-21 | 사이드까지 완벽하다❤️
jjinang_pick | 2024-05-20 | 옥수수가 큰건가요 울츄베릅님 얼굴이 작은건가요???
bbbm_jg | 2024-05-20 | 넘조아여❤️❤️
biggn_o | 2024-05-20 | 캬 노모어피자 너무 맛도리져😍
dayeating_ | 2024-05-20 | 크 노모어 당장 먹을래요❤️
jack__foodie | 2024-05-20 | 이분 길가다 한번 본적있는데 실물 진짜 멋있더라구요
treeview__ | 2024-05-20 | 얼굴버다큰피자
eat_fp | 2024-05-20 | 우왓 넘 맛나보여용😍😍😍
muk_cheers | 2024-05-20 | 와ㅜㅜ찐이당🔥
summer._.jeju | 2024-05-20 | 이거 진짜 맛나다면서요👏👏👏
mukbo_jjang | 2024-05-20 | 토핑 사기네여.. 하..한입만여..😍❤️
sowon_yam2 | 2024-05-20 | 궁금했어용❤️
mukstar_md | 2024-05-20 | 모찌피자인가요❤️❤️😮
jjuchelin_ | 2024-05-20 | 도우 늘어나는거 보소.. 진짜 피자 야무지게 맛있어보여용😍❤️
muk._.chuuru | 2024-05-20 | 이거 그때 그피자아닌가😮 존마탱탱?
jeju.foodfact | 2024-05-20 | 노모어피자 나만 못먹어써ㅠㅠ❤️❤️
tasteraveler | 2024-05-20 | 와 ㅜㅜㅜ 진짜 제대로다 ㅋㅋㅋ 피크닉가서 피자 국룰맞쥬?
mukkarong | 2024-05-20 | 야밤에 보니까 너무 야식으로 너무 땡겨요!!🔥🔥🔥
muk.dduduzi | 2024-05-20 | 노모어 피자 넘 맛잇됴 ❤️❤️
eats_editor | 2024-05-20 | 도우가 예술인데요??
busan_delicious_diary | 2024-05-20 | 피자 확 땡기는데요❤️
gaeddo_muksta | 2024-05-20 | 피자 토핑 완전 혜자잖아요😍
yi.2onggi | 2024-05-20 | 내 취향저격❤️❤️
hyenii_mukten | 2024-05-20 | 노모어 피자 진짜 너무 맛있어요😍😍
zzin.foodie | 2024-05-20 | 노모어피자 넘 맛나보여요❤️
_babi_joa | 2024-05-20 | 진짜 마싯서보인당😍😍
matxnyang | 2024-05-20 | 노모어피자 완전 맛있죠❤❤
aeyongxxi | 2024-05-20 | 피자ㅜ먹자냥❤️
churping_oo | 2024-05-20 | 저고 한조각만 주시죠❤️"
2024-05-20,400,[연남] 커여운 컵케이크 입양하러? <쥬리스 크림하우스> 아기자기한 미국갬성 카페 사진찍기에도 딱🫶🏻 크림반 빵반 컵케이크라니 촉촉 부드러움🫶🏻 바닥에 크럼블이 깔려있는데 바삭한 게 크럼블만 따로 먹고 싶을 정도🫶🏻🫶🏻 상큼한 과일과 조화도 맛있는데 원픽은 초코🫶🏻🫶🏻 초코가 진한데 과하게 달지 않아서 자꾸 들어감🫶🏻 컵케이크가 묵직한데 순삭되어버리는 마법🫶🏻 쫀쫀한 크림올라간 슈페너랑 먹으면 더 맛남🫶🏻 포장박스도 이뻐서 박스 쟁여버림🫶🏻 귀여운 컵케이크 입양하러 고고?🫶🏻 @@컵케이크사쥬❤️ 📍#쥬리스크림하우스 📍 서울 마포구 동교로46길 42-24 2층 ⏰ 매일 11:00-22:00 (L.O 21:30) ‼️ 수요일 휴무 💵 쥬리네체리쇼콜라 7500원 💵 쥬리네 청포도 8300원 62주,"#연남동맛집추천, #연남동데이트추천, #연남동디저트, #연남동카페추천, #연남동데이트코스, #홍대데이트코스, #컵케이크맛집, #연남동디저트맛집","wony_0730 | 2024-05-29 | 우아❤️❤️❤️ 컵케잌 느므 맛나겠어융😍😍😍
tjsldk | 2024-05-26 | 앙😍😍졸귀
matketers | 2024-05-24 | 비주얼 정말 맛도리네요!!❤️ 배고파요ㅠㅠ
teddy_zip_ | 2024-05-22 | 크림 컵켘 너무 먹고파요😍
bokjaaa___ | 2024-05-22 | 와 디저트 귀신인데 ㅠㅠ
_workers__weekend | 2024-05-21 | 완전 귀여워요😍
kota_818_gogo | 2024-05-21 | 맛있어 보인다!
aroa.yamyam | 2024-05-21 | 컵케이크 진짜 아기자기 넘 귀여워요👍👍 저도 먹어보고프네여😍
zin___nxy | 2024-05-21 | 귀여워서 먹기 아까운 디저트덜 ❤️❤️❤️
matt_place__ | 2024-05-21 | 헐 귀여워
bonge_o0o_food | 2024-05-21 | 귀여옹...❤️❤️
gwangju_hotgirl | 2024-05-21 | 헐 슈페너 쫀쫀 한입에 와락 먹고싶어욤😍
nyam_.nya | 2024-05-21 | 졸귀탱😍😍😍와
yumyum_report | 2024-05-21 | 저 입양하러 갈래요😍
aroundseoul_food | 2024-05-21 | 아기자기 간편하게 먹기 너무좋네용❤️
yamm__h | 2024-05-21 | 컵케이크 비주얼도 귀엽고 종류별로 먹어보고파요😍
mukbo_jjang | 2024-05-20 | 아기자기😍😍
eats_editor | 2024-05-20 | 이건 머람❤️
mukbo_kimgaru | 2024-05-20 | 크으 컵케이크 너무 먹고 싶은데요?😍😍
muk._.chuuru | 2024-05-20 | 우리집으로가자😍
aeyongxxi | 2024-05-20 | 맛도리자냥❤️
bonny_vely_ | 2024-05-20 | 컵케이크넘 조라🙌🙌
seoul_food_like | 2024-05-20 | 너무 이뿐 디저트네용😍
sul_jinnam | 2024-05-20 | 크 맛도리겠어욤
hihee.e | 2024-05-20 | 헐 ㅠㅠㅠ왤케기여워여 졸귀다❤️
mim_mii__ | 2024-05-20 | 컵케이크라 깔끔하게 먹을 수 있어서 더 좋네용❤️
churping_oo | 2024-05-20 | 진한초코 너무 좋고 귀여우어요❤️
joy__unni | 2024-05-20 | 머야 ㅠㅠ 존귄데오??
muk._kw | 2024-05-20 | 디저트 졸귀탱❤️❤️
mo_muk_._ | 2024-05-20 | 짜슥… 귀여운게 맛도 좋겠구만…
want._eat | 2024-05-20 | 아니 넘 이뻐서 먹기 아까운데요?!❤️❤️
biggn_o | 2024-05-20 | 케잌ㅋㅋㅋ졸귀네여😍
gimeunseol514 | 2024-05-20 | 오모나 !!! 어쩜이리 아기자기 귀욤해요 !!! 🙌🙌🙌❤️❤️
busan_delicious_diary | 2024-05-20 | 디저트로 딱이다❤
jjong_mattang | 2024-05-20 | 비로 입양하러 갑니다 🔥
d____yammi | 2024-05-20 | 미국느낌 엄청나는데요?!😍
jinihankki | 2024-05-20 | 꺄 너무 맛있어 보여요💘
월요팅하세호(۶•̀ᴗ•́)۶
margaret___bakery | 2024-05-20 | 우앙 너모기여워용🩷🩷🩷
holololu.v24v | 2024-05-20 | 오올 비주얼만 봐도 맛도리 확정인데요?👀
seoul__guide | 2024-05-20 | 컵케이크 대박..완전 군침돌아요 ㅠㅠ
bottlejune__96 | 2024-05-20 | 저도 컵케이크 입양하러 연남동으로 날라갈래요 ㅠㅠㅠ😍😍
_mol_bbang | 2024-05-20 | 아우.귀염뽀짝😍
jjiny_mukstory | 2024-05-20 | 여기 제 최애카페예요👍
muk_marorong | 2024-05-20 | 너무귀여운뎅 입양각이당😍😍
korea_foodzone | 2024-05-20 | 너무맛있겟당
summer._.jeju | 2024-05-20 | 와 비쥬얼 넘 귀여워요오오오노
1onefood_ | 2024-05-20 | 오오 대박 귀엽네용😍😍😍
ham_muklog | 2024-05-20 | 디저트 넘 귀엽자나🔥 저두 먹고파용
jjinang_pick | 2024-05-20 | 우와 진짜 케이크 너무너무 맛잇어보여요❤️❤️
eat_fp | 2024-05-20 | @reekyung_h
mukrosee | 2024-05-20 | 컵케이크 귀엽네용❤️
hye_foodie_ | 2024-05-20 | 헐 컵케잌위에과일꺼지체고애요😍
kko.nyang_pick | 2024-05-20 | 기여운데 맛까지😍😍 쵝오에용😍
hyob_muk | 2024-05-20 | 우앙 절귀탱이에여🙌
dragon_gyou | 2024-05-20 | 넘 맛나쥬ᆢ😍😍
hj_foodie | 2024-05-20 | ㅠㅠㅠ대박 컵케이크 너무 귀여워❤️ 생일에 딱이넹
dailyeunb | 2024-05-20 | 저요 저요 컵케이크 입양 갈래여ㅠ 아니 귀엽고 묵직한 컵케이크 뮤슨일이람
siso_father | 2024-05-20 | 너무 귀엽네요 😍
shkzipbob | 2024-05-20 | 너무 귀여워용😍😍먹기아까울거같아요
mattjun11 | 2024-05-20 | 오 이거 선물용으로 딱일거 같은디여 ㅋㅋ 귀엽다
taetae_foodie | 2024-05-20 | 여기 ㄹㅇ 부드럽고 존마탱이엇뉸데❤️ㅠㅠ너무 귀여워서 영상 엄청 찍엇는데 아직 편집 못한 영상들이 묵고잇어요….
hoonstafork_yamang | 2024-05-20 | 미쳤다리
mat.search | 2024-05-20 | 컵케이크에 포장도 귀엽고 슈페너까지 넘 좋은데요❤️❤️
hotdor_s | 2024-05-20 | 야!! 진짜 깨물어버리면 어떡하녀
mukddo_muk | 2024-05-20 | 넘 맛나겠어요❤️❤️
matxnyang | 2024-05-20 | 넘 귀여워서 소품같아용 아기자기❤
mukbulim_0817 | 2024-05-20 | 케이크 넘 귀여워요😍
sul_anju_king | 2024-05-20 | 너무 먹어보고싶네요😍
tanguriyaaa_ | 2024-05-20 | 으악 졸귀애요❤️❤️❤️
muk_yufor | 2024-05-20 | 세상에 너무나 귀여운거 아니냐구용$,,,$
jack__foodie | 2024-05-20 | ㄴ다행이다70등이다
mukkarong | 2024-05-20 | 오오오!!~~여기 너무 귀여운데요?!! 귀여운 컵케이크 저도 먹을래요!!😆😆😆😆
food._.hwan | 2024-05-20 | 컵케이크 ㄱㅇㅇ🔥
treeview__ | 2024-05-20 | d입양해❤️
radiant__hoya | 2024-05-20 | 너무맛나겠당 ㅠㅠㅠ
tour_todayss | 2024-05-20 | 우앗 귀엽다!!!!
hyunjae_mukstagram | 2024-05-20 | 쥬리스 크림하우스💙
zzini.yum | 2024-05-20 | 방금 밥먹었는데 와앙먹고시퍼요❤️❤️
laurent_busan | 2024-05-20 | 컵케잌 넘 귀엽자나요 지구뿌셔🔥🔥
mat_puri | 2024-05-20 | 귀여운거 너무좋아...사랑이야...못먹어...귀여워서
hungry_university | 2024-05-20 | 컵케이크 넘 귀여워요❤️
ggam_food | 2024-05-20 | 쪼매한게 귀엽네여❤️
muckza_zzae | 2024-05-20 | 우앙 다 뿌시러갈래ㅠㅠ기여어❤️❤️
muk_joongsa | 2024-05-20 | 컵케이크 입양한 입에 묻히고 먹은 베릅양!
mukdang0 | 2024-05-20 | 졸귀탱!! 츄베릅❤️❤️
rara_muk | 2024-05-20 | 디저트 비쥬얼 대박이고 완전 맛있겠다😍
jameslee0911 | 2024-05-20 | 크흐 저도 먹어보고 싶어요😍
mat_joang1 | 2024-05-20 | 꺄ㅑ폼 죽이는데용❤️❤️❤️컵켘❤️❤️
ddonge_e_ | 2024-05-20 | 맛이 없을수가 없다,,,이런 비쥬얼이면 참을수가 없죠🔥 먹고싶어요,,,
themukeou_2 | 2024-05-20 | 너무 귀여운 컵케이쿠❤️❤️
muko_die | 2024-05-20 | 오모나😍진짜 당장 입양할래요❤️
qbee.eat | 2024-05-20 | ㅋㅋㅋㅋㅋㅋㅋ먹는 베릅님도 귀엽 ㅠ❤️
mut_dam | 2024-05-20 | 귀여웡❤️❤️
dayeating_ | 2024-05-20 | 크 컵케익 비주얼부터 심쿵😍
yum_yum_kkakka | 2024-05-20 | 크림반 너무좋은데요❤️❤️ 귀엽기가지
yeoni_mukstar | 2024-05-20 | 크림 반 빵 반 컵케이크 완전 맛있겠어요❤️❤️
muk_.jjun_ | 2024-05-20 | 컵케이크 3마리 입양하겠습니다
seula.busan | 2024-05-20 | 귀욤 컵케이투 ❤️❤️ 맛있겠네용
limeunzzo | 2024-05-20 | 악 진짜 귀여워요ㅠㅠㅠㅠ 오구
food_eoni | 2024-05-20 | 우오어 넘 귀엽잖아용❤️"
2024-05-19,355,통창뷰 제주공항근처 가성비 흑돼지? <바다풍경정육식당> 전좌석 통창뷰인 고깃집🫶🏻 요즘 제주도 비계논란이 핫하던데 여긴 정육식당이라 직접 손질하시고 우리가 직접 고기를 골라서 먹으니 논란 생길 일 없음🫶🏻 살코기와 비계 비율이 환상적🫶🏻 육즙팡팡 제대로🫶🏻 제주도 흑돼지는 100g 7000원🫶🏻 투쁠한우는 100g 13500원🫶🏻 가성비 미쳤다🫶🏻 심지어 사이드도 맛있네..? 김치찌개에 건더기도 가득하고 국물이 찐함🫶🏻 @@고기사쥬❤️ 📍#바다풍경정육식당 📍 제주 제주시 서해안로 654 바다풍경 정육식당 ⏰ 매일 10:30-22:30 💵 흑돼지 100g 7000원 💵 투쁠한우 100g 13500원 62주,"#제주도맛집추천, #제주도여행코스, #제주공항맛집추천, #제주공항근처맛집추천, #제주공항근처고기집, #삼겹살맛집, #제주도흑돼지맛집, #제주도정육식당","tjsldk | 2024-05-26 | 대박😍😍제주도
ddunny_ddun | 2024-05-21 | 장난아닌데여❤
zzangdol77 | 2024-05-21 | 와~고기대박이네요~~~🔥🔥🔥🔥🔥🔥🔥
matzip_note | 2024-05-20 | 와 두께 대박이자나요?? 비계 논란 엑스 인정
eat.dori | 2024-05-20 | 완전 맛도리 비쥬얼,,💖
hj_foodie | 2024-05-20 | ㅠㅠㅠ크으❤️ 직접 고르는 정육식당 좋으다 진짜!!
dragon_gyou | 2024-05-20 | 와😍😍🔥🔥맛나게 뜯으시넹
ggam_food | 2024-05-20 | 흑돼지미쳐.❤️
jjong_mattang | 2024-05-20 | 바다풍경 ㄹㅇ 존맛인데 심지어 비행기뷰 지림요 🔥
js__1oo4 | 2024-05-20 | 통창뷰에서 먹는 흑돼지라니🥹🥹👍🏻👍🏻
내가 고른 고기에 다양항 사이드까지 쵝오네용🩷
흑돼지라 그런가 육즙 넘쳐보임 ㅜㅜㅜ🧡🧡🧡
go_yang_eat | 2024-05-20 | 100그람에 7천원...😮
mukddo_muk | 2024-05-20 | 와 여기 대박이자나요❤️❤️
ham_muklog | 2024-05-20 | 와 갓성비 흑돼지 이건 먹으러 가야해🔥
jinihankki | 2024-05-20 | 꺄 너무 맛있어 보여요💘
월요팅하세호(۶•̀ᴗ•́)۶
food_eoni | 2024-05-20 | 와 제주도가면 여기 가야겠어용❤️
rara_muk | 2024-05-20 | 고기 직접 고르니까 넘 죠은데요❤️
yamyammy_irisyam | 2024-05-20 | 맛있는 냄새가 여기까지~~~❤️
muk_captain_ | 2024-05-20 | 연예인 누구 닮으신거 같은데에에🧐🧐🧐
muk_captain_ | 2024-05-20 | 너무 맛잇게 드기는데..
qbee.eat | 2024-05-20 | 직접고를수 있는거 쨩쨩 좋쟈냐여❤️
muuk.dda | 2024-05-20 | 흑돼지 갓성비다 ㄹㅇ루 ㅠㅠㅠㅠ
manchaelin | 2024-05-20 | 직접 고르는 고기는 맛 없어도 내가 고른거니까 이해할 수 잇어요 ..(?)
hihee.e | 2024-05-20 | 돈쭐내러갈래여오❤️
hoonstafork_yamang | 2024-05-20 | 배고파요 ㅠㅠ
hong_p_ig | 2024-05-20 | 조만간 제주도여행가려했는데 !!❤️❤️
empahtyfoody | 2024-05-20 | 와 진짜 맛있겠어요😍😍
jameslee0911 | 2024-05-20 | 와 마블링 예술이네요❤️
waguwagu_mucksun | 2024-05-20 | 고기 퀄 어마무시하네영😍
d_t_muksta | 2024-05-20 | 아니 가격도 이렇게 착해요??? 미쳤다❤️
kkutti_h | 2024-05-20 | 고기..완전 땡겨요❤️
mukorang | 2024-05-20 | 오마갓❤️❤️❤️
jaaaayydang | 2024-05-20 | 육즙 미쵸따🔥🔥
mukbears | 2024-05-20 | 제 배에 비계논란 또 생기겠네요 여기가면,,
meokdoong | 2024-05-20 | 직접고르는정육식당 넘 좋아요!!
bokjaaa___ | 2024-05-19 | 와 돈쭐내러 갈래요❤️
_yamiyomi_ | 2024-05-19 | 왕 맛있어보여요🤍( ɞ̴̶̷ ·̫ ɞ̴̶̷⸌ )♡
tasteraveler | 2024-05-19 | 미쳐써 제주도에서 진짜 이런곳이잇다구오? ❤️
bottlejune__96 | 2024-05-19 | 간만에 흑돼지 푸파하고싶어져요 ㅠㅠㅠ😍😍
muk._.genius | 2024-05-19 | 고기 때깔 죽여쥬네요❤️
sewoong__park | 2024-05-19 | 윤기 대박❤️ 마블링도 넘 좋아여😍
eats_editor | 2024-05-19 | 왁 ㅜㅜ 대박
taste_dori | 2024-05-19 | 직접고르니 비계걱정없어용❤️
mukrosee | 2024-05-19 | 고기 퀄리티 최고져❤️❤️
so_rowsm | 2024-05-19 | 고기 두께 대박,,👍🏻 육즙 가득 고기 비주얼 군침 돌아요🤤
mattjun11 | 2024-05-19 | ㅋㅋㅋㅋㅋ 얼마나 드신거에요 ㅋㅋㅋ
mukchuldong1 | 2024-05-19 | 와 고기최고쥬
ddomukz | 2024-05-19 | 비계논란 있었나요??? 저도 제주도에서 바닷가 바로앞에 먹은 고깃집이 별로였었는데 ㅜㅜ 여긴 고를 수 있다니 제주도 가면 무조건 여기당❤️
yamm__h | 2024-05-19 | 흑돼지 비주얼 장난 아니예요😍
hyun_cook_ | 2024-05-19 | 저도 한 입 먹어보고 싶네요 ㅎㅎ
matzip_hyena | 2024-05-19 | 논란있없 킁킁츄베릅 🔥🔥🔥 고기때갈 미쳤어요
mukcat__story | 2024-05-19 | 흑돼지 수혈해야겠어요❤❤
mukcamera | 2024-05-19 | 몇접시를 츄베릅??😮
mukkarong | 2024-05-19 | 진짜 요즘 비계논란많아서 걱정이었는데 여기는 안심하고 먹으러 갈 수 있겠어요!!👍👍👍👍
zin___nxy | 2024-05-19 | 와 ❤️❤️ 진짜 두툼하고 너무 맛있겠어요 고기 지대로 땡기네요 🔥
summer._.jeju | 2024-05-19 | 직접 손질해주는 고기때깔 미춌다❤️❤️❤️
ingyustar_v.v | 2024-05-19 | 요즘 제주가 지방과의 전쟁이라던데 여긴 그냥 맛있는 고기만 파네요😍
golden_sang_ | 2024-05-19 | 돈쭐내로 가고싶다😍
taetae_foodie | 2024-05-19 | 통창뷰에 가성비까지 최고쟈나요…? ❤️
ddo_sil | 2024-05-19 | 고기 제대로에요❤️
leeoh_review_ | 2024-05-19 | 우와 여기 무조건 가야게따❤️❤️
matxnyang | 2024-05-19 | 공항근처라 더 좋은데요?! 고기도 큼직❤
eatsooda | 2024-05-19 | 제주공항 근처라 움직이기도 편하고 맛은 보증❤️
kkiro__muk | 2024-05-19 | 오와 여기 너무 조은데여❤️❤️
churping_oo | 2024-05-19 | 100g에 7000원 완젼 혜자야❤️
busan_grida | 2024-05-19 | 가격이 너무 좋은데요❤️❤️❤️
yum_yum_kkakka | 2024-05-19 | 우아 궁금해요❤️❤️
gyul_yummy | 2024-05-19 | 고기 수혈하러 가구싶어요ㅠㅠ💖
minny_mukhaengja | 2024-05-19 | 정육식당 고기 실하고 가성비 좋잖아요~!😍
ham2_ni__ | 2024-05-19 | 비계논란 저리가라😮
muk__guri | 2024-05-19 | 뭔데 그래서?
muk_gonny | 2024-05-19 | 육즙팡팡 츄베릅❤️🙌🙌
limeunzzo | 2024-05-19 | 아니 가격은 왤케 착해요ㅠㅠㅠ
margaret___bakery | 2024-05-19 | 우앙 꼬기비쥬얼 대박이에용👏👏🔥🔥
aug_piiggg | 2024-05-19 | 왕 두툼해요❤️❤️
yome_foodie | 2024-05-19 | 가격 넘 착해융❤️
yumyum_report | 2024-05-19 | 돌쭐 가보자고~~🔥🔥🔥
foodmap1004 | 2024-05-19 | 와 ㅋㅋ 비계 논란 여기서 끝나다❤️
hotdor_s | 2024-05-19 | 돈쭐 제대로 냈어?!
mandoo_balddoong | 2024-05-19 | 우와 흑돼지 도톰한거 최고네요 ❤️ 골라먹을수 있어서 넘좋아요
laurent_busan | 2024-05-19 | 육즙 팡팡 고기수혈 각이에요 🔥🔥 츄베릅
muk_joongsa | 2024-05-19 | 돈쭐내려 가야겟지! 근데 엄청나게 묵엇구만옄ㅋㅋㅋ
biggn_o | 2024-05-19 | 와 진짜 예술이다🔥🔥
colorfulsundays | 2024-05-19 | 🔥🔥🔥🔥🔥
colorfulsundays | 2024-05-19 | 🥹🥹🥹🥹🥹 너무 아름다워요
food_matgwanbu_ | 2024-05-19 | 가격대 좋네요😍
hyenii_mukten | 2024-05-19 | 오ㅏ 두툼한거보소😍
hello_s_food | 2024-05-19 | 종결❤️
muk.news | 2024-05-19 | 있을수가없지😍😍😍
jjinang_pick | 2024-05-19 | 와 진짜 너무 이런것좋어요❤️❤️
pigpig___me | 2024-05-19 | 맛있어보여요~저도 먹어보고 싶네요😋🩷
matketers | 2024-05-19 | 넘 맛있어보여요! 언제 한 번 가보고싶어요!❤️
dokkkiee | 2024-05-19 | 흑돼지 다 내꺼❤️❤️❤️
aeyongxxi | 2024-05-19 | 고기는 고기지냥❤️
sowon_yam2 | 2024-05-19 | 논란 해결입니다 여기선 ❤️
min.ddo_o | 2024-05-19 | 크 비계논란 종결이에요❤️❤️
needsman_daejeon | 2024-05-19 | 와 직접고를 수 있어서 너무 좋은데요?!
뷰까지 갓벽하네요 ㅎㅎ
ddub_e2 | 2024-05-19 | 삼베릅😮
miro__food | 2024-05-19 | 이런 곳 넘 좋아요❤️❤️
mumongzzi | 2024-05-19 | 두튬하다앙 ෆ⸒⸒⸜( ˶’ᵕ‘˶)⸝
themukeou_2 | 2024-05-19 | 와 정육식당이라서 더 좋아요❤️❤️"
2024-05-19,396,[연남] 프레즐에 쿠키가 만나? <브레디포스트 연남> 카페 내부외부 모두 따뜻한 갬성 넘치는 분위기🫶🏻 사진찍으면 인스타 갬성 잘 나올듯🫶🏻 기본 프레즐부터 쫄깃고소하니 맛있음🫶🏻 그 위에 겉바속촉 쿠키를 붙이다니 사장님 천재..?🫶🏻🫶🏻 프루키 생긴 것부터 너무 귀욥🫶🏻 먹으면 당충전 제대로 되는 빵🫶🏻 프레즐 종류가 다양하고 이쁜데 신기한 메뉴들도 많아 계속 담게 됌🫶🏻 부추베이컨에 크림치즈 조합은 신박하던데? 든든하게 먹을 수 있는 샌드위치 프레즐도 있는데 토마토 스프랑 먹으면 딱🫶🏻 새콤달달 토마토스프에 프레즐 찍어먹는 것도 맛있던데🫶🏻 이번주 데이트는 여기 어때? @@프루키사쥬❤️ 📍#브레디포스트 📍 서울 마포구 연남로 8 1층 ⏰ 매일 10:00-20:00 💵 프루키 6000원 62주,"#브레디포스트연남, #연남동맛집추천, #연남동데이트코스, #연남동데이트추천, #연남동카페추천, #연남동디저트, #연남동디저트맛집, #프레즐맛집, #프루키","piggy.foody__ | 2024-05-24 | 이제 쿠로플을 넘어 쿠레즐 무쳐ㄸㅓ..🌟먹천재들 같으니라구,,🥹🤍
eungirok | 2024-05-21 | 빵순이는 달려가야겠어요😍
bab_bly | 2024-05-21 | 오 여기 너무 궁금했는데 담에 가봐야겠어요❤️
busan_delicious_diary | 2024-05-20 | 디저트 먹기 딱이다❤️
h_mochi_bungeo | 2024-05-20 | 요즘엔 프루키가 대세군여??
mukbulim_0817 | 2024-05-20 | 넘 귀엽자나요😍
wanteat._.eat | 2024-05-20 | 연남동 디저트성지네요🥰❤️ ㅠㅠㅠㅠㅠ
bokjaaa___ | 2024-05-19 | 어ㅏ 여디 진짜 궁듬해요 ㅠㅠㅠ❤️
ddomukz | 2024-05-19 | 프레즐 뿌시러 갈래용😍
taetae_foodie | 2024-05-19 | 헐 먹기 아까운 기여움 ㅠㅠ❤️
kkiro__muk | 2024-05-19 | 오와 여기 너무 조은데여❤️❤️
y_mjerry_ | 2024-05-19 | 프레즐에 쿠키라니 넘 맛있겠는데용🤤💕
100rang_food | 2024-05-19 | 프레즐 먹으러달려가요😍
muk._.chuuru | 2024-05-19 | 눈원래붙어잇는거야?졸귀당😮
con_coffeemornot12 | 2024-05-19 | 프레즐 아주 대박이네여 ㅎ.ㅎ
mattjun11 | 2024-05-19 | 부추베이컨이라... 도저언!
mo_muk_._ | 2024-05-19 | 저보다 귀여워서 입으로 먹어 치우겠습니다.
themukeou_2 | 2024-05-19 | 츄베릅처럼 귀요오❤️❤️
meokkoking | 2024-05-19 | 프레즐 너무 좋네요!!!!😍
hoonstafork_yamang | 2024-05-19 | 비주얼 미쳤다🔥
min.ddo_o | 2024-05-19 | 크 프레즐 넘맛나쥬❤️❤️
mukchoding | 2024-05-19 | 데이트 맛집 저장😍
_babi_joa | 2024-05-19 | 눈 오ㅑ케@기엽냐😍
colorfulsundays | 2024-05-19 | 🫶🏻🫶🏻🫶🏻🫶🏻
colorfulsundays | 2024-05-19 | 어머머 햇살 제대로 받았어요😍
muk.dduduzi | 2024-05-19 | 비주얼 최고네요💕 배고파져요🥹
laurent_busan | 2024-05-19 | 프레첼 짱 좋아하는데 ㅠㅠㅠ 츄베릅❤️❤️
sewoong__park | 2024-05-19 | 프레즐 왤케 귀엽죠❤️
rara_muk | 2024-05-19 | 프레즐에 쿠키가 만나다니❤️
matport_ | 2024-05-19 | 와 비주얼 미쳤는데요❤️
matzip_hyena | 2024-05-19 | 프레즐 먹으러 킁킁 츄베릅 🔥
mat__check | 2024-05-19 | 아 넘 구ㅏ여워요😍😍
limeunzzo | 2024-05-19 | 헐 너무 기여워여 ㅠㅠ ❤️
victory_0242 | 2024-05-19 | 쿠키대박이네요😍😍😍
bottlejune__96 | 2024-05-19 | 브래디포스트 여기 너무 궁금해서 넘가보고파요 ㅠㅠㅠ😍😍
food_salja_go | 2024-05-19 | 이거 넘 귀욥자나요~~그냥 사고싶어요
nemokimpd | 2024-05-19 | 예쁘다 ㅜ
muk__daisy__ | 2024-05-19 | 크 이제 대세는 프레즐인가요!!!?? 넘 궁금해요🙌
yam._.suming | 2024-05-19 | 프레즐 쿠키 조합 대박❤️ 궁금햐요.ᐟ.ᐟ
seula.busan | 2024-05-19 | 프레즐에 쿠킹 ..ㅇㅂㅇ 미쳤어요 💛
find__good | 2024-05-19 | 맛있어보여요 😍저도 먹고싶어요❤️
hee.muk__ | 2024-05-19 | 프레즐 넘 맛나보여요❤️
siso_father | 2024-05-19 | 프레즐 너무 맛있겠어요 😍
bee__yummy | 2024-05-19 | 츄베릅🥰🐝
biggn_o | 2024-05-19 | 헐 프레즐 쿠키라니..? 대박이다ㅠㅠㅠ🔥
mogura_gram | 2024-05-19 | 진쯔 취향저격함 ㅜㅠ 당장갈게요ㅠ❤️
sltnqdla | 2024-05-19 | 프레즐 하나하나 너무 기엽고 다 먹어보고싶어요❤️
meokdoong | 2024-05-19 | 오앙프레즐넘넘좋아버령❤️
mat._.cat_ | 2024-05-19 | 쫀득한 프레첼 너무 좋다👏👏
aeyongxxi | 2024-05-19 | 프레즐 좋다냥❤️❤️
manchaelin | 2024-05-19 | 프루키라니 진짜 대천재만재 사장님 ㅠㅠ😍
1onefood_ | 2024-05-19 | 와 프레즐에 쿠키 이건 사기죵😍😍
go_yang_eat | 2024-05-19 | 천재가 틀림없어요😮
hj_foodie | 2024-05-19 | ㅠㅠㅠ눈알달린거 너무 귀엽게 생겼다❤️
jjinang_pick | 2024-05-19 | 크루키 프레첼여?!??
jack__foodie | 2024-05-19 | 프루키도내놔다내노ㅓ
_workers__weekend | 2024-05-19 | 완전 귀요미 프레즐이네요😍
daejeon_ddomatddo | 2024-05-19 | 예쁜 프레즐,, 사장님 진짜 천재 인정이요❤️
mandoo_balddoong | 2024-05-19 | 우왕 프레즐쿠키라니....!! ❤️ 너무귀엽네요
jinarye | 2024-05-19 | 츄베릅❤️
imcanghyun365 | 2024-05-19 | 베이커리 먹주얼에 눈이 커지네요 너무 먹고싶네요 ❤️
muk_.jjun_ | 2024-05-19 | 크루키 넘 귀여워욬ㅋㅋㅋㅋ
mukkarong | 2024-05-19 | 프레즐쿠키조합이라면 단짠단짠 최고이겠는데요?!! 바로 고고씽할래요!!😆😆😆
ddo_sil | 2024-05-19 | 쿠레즐!!
half_gwangju | 2024-05-19 | 천재다 대박 ~~ 이조합 인정이용
witty_foodie | 2024-05-19 | 프레즐 넘 조아요😍
food._.hwan | 2024-05-19 | 맛도리 프레첼이 한가득🔥
jeju.foodfact | 2024-05-19 | 프레즐 쿠키라니..❤️❤️
kidmstyle | 2024-05-19 | 프레즐 좋아하는데 종류별로 맛보고 싶어요😍
t_cheol2 | 2024-05-19 | 프레즐 너무 귀엽네요 ㅎㅎ
jjiny_mukstory | 2024-05-19 | 딱 내스타일🧡 자꾸 손이가는 맛일 것 같아요😍
menggong__ecig | 2024-05-19 | 프레즐 비주얼 보니 침 넘어가요🤤💭
yeji0719 | 2024-05-19 | 프레즐 너무 쪼아요ㅠㅠ❤️❤️
foodgallery_club | 2024-05-19 | 침넘어간당....
space_look__ | 2024-05-19 | 프레즐 좋은데요
speech.hero | 2024-05-19 | 너무맛나보여요😍❤️❤️❤️
travel_addiction_king | 2024-05-19 | 와 비줠 너무 좋은데요~👏 먹어보고 싶어요
mukstival | 2024-05-19 | 프루키 귀엽고 먹는 모습도 귀엽고(｡˃ ᵕ ˂ )b
_mol_bbang | 2024-05-19 | 쿠키요? 대박😍
matddori_ | 2024-05-19 | 프레즐이 넘 귀엽네여😍
foo__zim | 2024-05-19 | 어우야...프레즐 대박이닫😍😍😍
js__1oo4 | 2024-05-19 | 프레즐에 눈 달려있는거 너무 귀여운데용🫢🫢🩷🩷
쫀득고소한 프레즐에 커피 같이 냠냠하고싶어용🥰🥰
tanguriyaaa_ | 2024-05-19 | 프루키 먹고파여❤️❤️
zin___nxy | 2024-05-19 | 여기 디저트로 음청 유명하자나요 역시는 역시네요 🐵
yummy_follow | 2024-05-19 | 와 넘 귀엽다 ❤️
jaaaayydang | 2024-05-19 | 프루키 넘 맛도리💖
maaat.q | 2024-05-19 | 브래디포스트 그.. 후추크림이었나 그거 엄청 맛있었는데 쿠키로 업그레이드하셨군요🤤
jameslee0911 | 2024-05-19 | 우와 여기 너무 좋네여❤️
muk_captain_ | 2024-05-19 | 살아잇어!!
muk_captain_ | 2024-05-19 | 눈 모야 프레펠
churping_oo | 2024-05-19 | 멍청해보이는 프레즐이 나같네😂😂
yamm__h | 2024-05-19 | 여기 프레즐 넘 맛나잖아요😍 프레즐+쿠키 조합까지 이것도 먹어볼래요
muk_joongsa | 2024-05-19 | 이번주 데이트 어때! 좋아!❤️
yeoni_mukstar | 2024-05-19 | 오오 프레즐이랑 쿠키가 만났다니 저도 넘넘 궁금하네요🔥🔥
giveme_yumyum | 2024-05-19 | 앗 프레즐 미쳐요(´°̥ ω°̥̥̥̥̥̥̥̥｀)🔥왕 귀욥
hotdor_s | 2024-05-19 | 프루키 베릅이 닮았넝
suhoyum | 2024-05-19 | 꺄 귀여워여❤️
aug_piiggg | 2024-05-19 | 헐 프루키요!!!?❤️
eating_happily_ | 2024-05-19 | 와 프루키 조합은 생각도 못했네요👏
busangazua | 2024-05-19 | 사장님 진짜 천재시네요❤️❤️❤️"
2024-05-17,350,돼지갈비를 시켰는데 하얀데요? <돈사향> 제주도 오면 또 가고 싶은 곳🫶🏻🫶🏻 양념갈비를 주문했는데 갈색이 아닌 하얀색..? 색소 없이 천연재료로만 양념을 만들어서 하얗다고 설명해주심🫶🏻 300g에 2만원이면 완전 가성비 아님..?🫶🏻 사장님의 현란한 스킬로 구워주시는데 참숯향까지 더해지니 미쳤음🫶🏻 고기가 부드럽고 야들야들🫶🏻🫶🏻 ’장모님이 가르쳐준 순두부찌개‘ 라는데 장모님이 요리고수셨던게 틀림 없음🫶🏻 국물이 얼큰한데 찐해서 최고다🫶🏻 눈꽃치즈가 사르륵 뿌려진 치즈 볶음밥도 필수🫶🏻 @@돼지갈비사쥬❤️ 📍#돈사향 📍 제주 서귀포시 천지로 20 돈사향 올레시장본점 ⏰ 매일 17:30-23:00 (L.O 22:00) 💵 제주돼지 양념목살갈비 300g 20000원 💵 장모님이 가르쳐준 순두부찌개 6000원 💵 하늘에서 내려온 천사 치즈볶음밥 7000원 62주,"#제주도맛집추천, #제주도여행코스, #서귀포맛집추천, #서귀포흑돼지맛집, #서귀포여행코스, #삼겹살맛집, #돼지갈비맛집, #제주도데이트코스, #서귀포데이트코스, #신화월드맛집","ridomatt | 2024-05-19 | 헐 진짜 대박❤️❤️ㅠㅠ저도 넘 먹고싶어요😍
matketers | 2024-05-19 | 넘 맛있어보여요! 언제 한 번 가보고싶어요!❤️
100rang_food | 2024-05-18 | 돼지갈비 미쳐따구요😍
tjsldk | 2024-05-18 | 62주답글 달기
번역 보기
yumyum_report | 2024-05-18 | 천국행 티켓 저도 필요해요,,,
eeeaaattt2023 | 2024-05-18 | 이런 맛도리를 봤나요👏👏
go_yang_eat | 2024-05-18 | 츄베릅~😮😮
zin___nxy | 2024-05-18 | 갈비 제대로 치는집 발견 ❤️❤️ 댑악 두툼하니 육즙가득 너무 맛나겠습니다 🙌
sewoong__park | 2024-05-18 | 맥주랑🔥먹고싶네요❤️
seula.busan | 2024-05-18 | 하 양념갈비… 미쵸요 💛
colorfulsundays | 2024-05-18 | 어머 진짜 맛있어보여요 ㅠㅠ
colorfulsundays | 2024-05-18 | ❤️❤️❤️❤️❤️
laurent_busan | 2024-05-18 | 양념갈비 츄베릅 ❤️❤️
ddomukz | 2024-05-18 | 아니 양념갈비 요래 하야면 우리아이들 꾸울때 양념 아니라고 징징댄다구요 ㅋㅋㅋㅋㅋ 천연재료라니 믿고 먹일 수 있겠어요❤️
n_treasure_love | 2024-05-18 | 갈비 육즙이 대박이네요😍😍
muk_yufor | 2024-05-18 | 야들야들 육즙 가득한 여기는 정말 가보고 깊네용
doppa_gram | 2024-05-18 | 양념갈비 미쳤네요 😍 꼴깍 😍
h_mochi_bungeo | 2024-05-18 | 진짜 먹구시포요❤️❤️
raccoon_eating | 2024-05-18 | 육즙팡팡 넘 먹고 싶어요😍
jhyk2073 | 2024-05-18 | 미첬다 😍😍
jejuplanets | 2024-05-18 | 오~ 비쥬얼부터 남다르네요😍😍😍
tipsy_jinnie | 2024-05-18 | 크으 양념갈비 비주얼 미쳤네요❤️ 부드러워보여요
ella._.tto | 2024-05-18 | 사장님의 현란한 스킬 저도 경험할래여😮
matzip_hyena | 2024-05-18 | 백갈비 맛있겠다 @ddo_sil 킁킁부릉추베릅킁킁..🐺🐺
__it.s.youn | 2024-05-18 | 와 !!! 양념갈비 진짜 비주얼 미쳤다 !
bokjaaa___ | 2024-05-18 | 와 진짜 부드러울 거 같아여❤️
chang.sun | 2024-05-17 | 아 침 나오네..🤤
jjiny_mukstory | 2024-05-17 | 단짠단짠 맛있겠어요🧡
si_goal_gram | 2024-05-17 | 와 엄청 고기가 부드러워보여요😍
jack__foodie | 2024-05-17 | 여기진자존맛이에요꼭가세용
cogarobotics | 2024-05-17 | 하얀 양념갈비👏👏👏
eu_n_choi | 2024-05-17 | 와 양념갈비..❤️
dasik_eat | 2024-05-17 | 완전 맛도리네요🔥🔥
whituru_maturu | 2024-05-17 | 와 갈비 너무땡겨요❤️❤️❤️
mini_euni | 2024-05-17 | 입살녹 갈비는 사랑이죠❤️❤️
ahn_neo | 2024-05-17 | 돼갈돼갈😍 순찌 색감 미챠여❤️
kkiro__muk | 2024-05-17 | 와 돼지갈비 ...❤️❤️
gage__men | 2024-05-17 | 양념 궁금쓰네..
taste_cherish | 2024-05-17 | 와 양념갈비 땡겨요
gyusun_1004 | 2024-05-17 | 오오 돼지갈비 최규라규😍
muko_die | 2024-05-17 | 와 진짜 하얀데 그 이유가 색소를 안넣고 천연재료로 만들어서 그렇다니😍대박이에요ㅠㅠ
churping_oo | 2024-05-17 | 육즙 그득한거봐 미쵸❤️
daejeon__tour | 2024-05-17 | 하얀양념 신기한데여?? 순찌에 밥말 ㅜ🤎
solsol_mukbang_video | 2024-05-17 | 비주얼 대박이에용😍
taetae_foodie | 2024-05-17 | 와 슴슴하니 진짜 존마탱이겟뉸데요..😮❤️
mo_muk_._ | 2024-05-17 | 제주도 가서 이제 필수❤️❤️ 안 가면 바~~~보
alcholstargram | 2024-05-17 | 와 양념갈비가 슴슴하니 진짜 맛잇갯어유 저도 저장하고 다녀와야겟어용~
muuk.dda | 2024-05-17 | 하얀 양념갈비,,이거 괜시리 고급 양념일거같은 너낌
mattjun11 | 2024-05-17 | 아니 다 맛나 보이는데 진짜 순찌가 장모님..🙌
food_matgwanbu_ | 2024-05-17 | 돼지갈비 너무 맛있겠다..😍
jane__pick | 2024-05-17 | 갈비 먹고싶어요❤️
daejeon_ddomatddo | 2024-05-17 | 순찌에 밥 마는거.. 미..춌다🔥
ggogijjongr | 2024-05-17 | 어우 ㅠㅠㅠㅠ갈비 최고 내사랑...
fooseidon_ | 2024-05-17 | 키햐 죽음인데요❤️
muk_tteul | 2024-05-17 | 돼지갈비 미쳐따,,😍
biggn_o | 2024-05-17 | 캬아 돼지갈비 넘 탐난댜🔥🔥
somidy_ | 2024-05-17 | 돼지갈비 야들야들하니 쵝오❤️
korea_foodzone | 2024-05-17 | 돼지갈비 최고에유~~
joobong__ | 2024-05-17 | 양념갈비 진짜 야들야들 달달해보여요😍🤤
gyunyami | 2024-05-17 | 순찌에 양념갈비 올려서 한 입 가득 먹고싶어요😍
zzin.foodie | 2024-05-17 | 양념갈비 입에서 살살녹겠어요😍
golden_sang_ | 2024-05-17 | 맛있겠다😍
mim_mi__ | 2024-05-17 | 하얀 돼지갈비 먹으러 갈래여❤️
aeyongxxi | 2024-05-17 | 천국 갈래냥❤️
mat._.cat_ | 2024-05-17 | 비주얼 미쳐따리 미텨따👏👏
sos.omat | 2024-05-17 | 진짜맛잇겟다 ㅠㅠㅠㅠ 천국갈래요저도
hihee.e | 2024-05-17 | 캬ㅠㅠㅠ진짜 보끔밥까지 야무지게먹를래료❤️
dog.matdori | 2024-05-17 | 찐 육즙 킹정..🫡
food_zohaa | 2024-05-17 | 양념갈비 좋아용❤️
mukbosskim | 2024-05-17 | 우와~~ 대박 맛있게 보이고, 비쥬얼도 끝내주네요.^^
d____yammi | 2024-05-17 | 양념갈비는 냉면하고 호로록😍
themukeou_2 | 2024-05-17 | 육즙 팡팡 갈비먹으러❤️❤️
ddub_e2 | 2024-05-17 | 돼베릅🔥
sang_hwa00 | 2024-05-17 | 하얀 양념갈비첨바요!!
1onefood_ | 2024-05-17 | 와 부들부들 대박😍😍😍😍
eat_fp | 2024-05-17 | @reekyung_h
gentlemuksta | 2024-05-17 | 와 정말 미칠 😍😍😍
ssonwin_ | 2024-05-17 | 으앗 양념❤️❤️❤️
waguwagu_mucksun | 2024-05-17 | 와 밥도둑 아입니까❤️❤️
mukrosee | 2024-05-17 | 와 양념갈비 엄청나네유 ㅜ❤️
muk._.chuuru | 2024-05-17 | 장모님..! 순찌비법좀
aroundseoul_food | 2024-05-17 | 사이드까지 진짜 하나하나 다 맛도리❤️
dragon_gyou | 2024-05-17 | 🔥🔥최고다요 찌게까지 완벽합니다😍
yeji0719 | 2024-05-17 | 제주여행 시급해요ㅠㅠㅠ
so_rowsm | 2024-05-17 | 노릇노릇 구운 갈비 넘모 맛나보여요🤤
30s_tasty | 2024-05-17 | 고기 비주얼때문에 너무 먹고싶어요🙀🙀
nyamnyamming | 2024-05-17 | 양념갈비 먹고시퍼요❤️
matddori_ | 2024-05-17 | 대박 맛또리 비주얼이에용🥹🤍
jameslee0911 | 2024-05-17 | 하얀양념갈비 신기하네요❤️
gyul_yummy | 2024-05-17 | 와 갈비 최고에요ㅠㅠ
dayeating_ | 2024-05-17 | 캬 양념갈비❤️❤️넘 맛있겠는데요
bottlejune__96 | 2024-05-17 | 양념갈비 야들야들한 자태만봐도 츄베릅...🤤🤤🔥🔥
ul_mat_so | 2024-05-17 | 양념갈비 와 너무 맛도리네요😋 메모완료요📝📝
matzip_factory | 2024-05-17 | 양념갈비 너무너무 맛있겠다 ㅠㅠ😍
bonge_o0o_food | 2024-05-17 | 하얀 돼지갈비 모야 진짜 신기해😍😍
moo_boza | 2024-05-17 | 양념갈비 진짜 좋아하는데.. 주말에 각인데요 🔥
muk_marorong | 2024-05-17 | 천국행 저두갈래요..💛💛
do___yummy | 2024-05-17 | 크으 장모님표 순둡찌개 궁금해요💛
mukkarong | 2024-05-17 | 와~~돼지갈비 완전 맛있겠다!! 오늘 저녁은 돼지갈비 먹어야겠어요!!😆😆😆
ggam_food | 2024-05-17 | 햐..미친다바야져❤️"
2024-05-16,428,향긋한 미나리 삼겹살에 파김치 조합? <순삼이네미나리삼겹살> 레트로 갬성 낭낭 향긋한 미나리 가득 얹어주는 생삼겹살🫶🏻 생삼겹살이라 그런지 고기가 쫀득함 미쳤음🫶🏻 사장님이 직접 주워주시니 맛나게 먹기만 하면 됌🫶🏻 파김치를 직접 담그신다는데 구워먹으니 도랏🫶🏻 묵은지까지 주셔서 고기랑 먹으면 기절함🫶🏻 건더기 가득 구수한 사장님표 청국장🫶🏻 한입으로 이 자식 밥도둑인거 파악 완료🫶🏻🫶🏻 살얼음동동 열무국수도 시원칼칼🫶🏻 여기 미나리볶음밥이 대박이니 강추추추추🫶🏻 다음엔 냉삼 먹으러 가야지🫶🏻 @@고기사쥬❤️ 📍#순삼이네미나리삼겹살 📍 서울 광진구 자양로43길 18 1층 ⏰ 매일 12:00-23:00 💵 시골 생삼겹살 (170g) 15000원 💵 청국장 6000원 63주,"#아차산맛집, #아차산역맛집, #삼겹살맛집, #군자맛집추천, #광진구맛집, #어린이대공원맛집, #아차산고기집","eu_n_choi | 2024-05-27 | 와 미나리 파김치 못참죠🤤
matketers | 2024-05-19 | 흐으 완전 마시께따!!❤️
porschelin_man | 2024-05-19 | 삼겹살과 미나리조합은 최상이죠!!
tjsldk | 2024-05-18 | 최고돠😍😍
bee__yummy | 2024-05-18 | 오아 군침 도네요😂❤️❤️
muk_geobolka | 2024-05-18 | 소통왔어요❤️
mattjun11 | 2024-05-18 | 엇 ㅋㅋㅋ 저 어제 여기 다녀왔는데 ㅋㅋ 존맛
yum_yum_kkakka | 2024-05-18 | 손맛궁금해요❤️
mat__check | 2024-05-18 | 파김치🔥🔥
mat__check | 2024-05-18 | 😍😍
jack__foodie | 2024-05-17 | 보끔밥도지려
tasteraveler | 2024-05-17 | 츄르릅으로 ,, 저는 침흘리고 이씀다 ㅜㅜㅜ 김치에 고기 무조건
sos.omat | 2024-05-17 | 우ㅘㅏㅏ 김치비쥬얼 미쳤네여
aroundseoul_food | 2024-05-17 | 미나리 삼겹살은 못참지❤️
imcanghyun365 | 2024-05-17 | 삼겹살 완전 요거죠 딱 내 스타일 이네요 먹고싶네요 ❤️
bonny_vely_ | 2024-05-17 | 손맛가주아🙌
colorfulsundays | 2024-05-17 | 어머머머 군침이 싹 돌아요🫠🫠
colorfulsundays | 2024-05-17 | 🔥🔥🔥🔥🔥
ham2_ni__ | 2024-05-17 | 파김치까지 완벽해여❤️
mat_joang | 2024-05-17 | 파김치미쳐요❤️
j_a_n723 | 2024-05-17 | 와요기 장난아니에요 😢❤️
muk_joongsa | 2024-05-17 | 진행시켜어! 볶음밥까지 쥐김❤️❤️
d____yammi | 2024-05-17 | 우와 미나리 듬뿍 올려주시는거 대박❤️😍
min.ddo_o | 2024-05-17 | 으아아ㅏ ㅠㅠㅠ삼겹땡겨요🔥🔥
mat__teacher1 | 2024-05-17 | 우리79해요 선8했어요
gwangchelin_ | 2024-05-17 | 김취장인납셧다😍
mukbo_jjang | 2024-05-17 | 미나리 다발로 올리는거에 소리 질렀어요🥹🥹❤️
gyeongjuplanet_ | 2024-05-17 | 삼겹살에 파김치 최고져😍
j.___.min__00 | 2024-05-17 | 시골 생삼겹살, 청국장 완전 맛있을 것 같아요!!
kmj4401 | 2024-05-17 | 진심 맛있겠어요 ❤️뛰쳐가고 싶어요~다다닥~
dog.matdori | 2024-05-17 | 조합 최고닷😮
nyam_.nya | 2024-05-17 | 와아 김치 대박이에여👏👏
bottlejune__96 | 2024-05-17 | 아악 삼겹살에 파김치 조합 미쳤자나요 ㅠㅠㅠ😍😍
ming_foodie_ | 2024-05-17 | 와 김치 미쳐요❤️
juner_315 | 2024-05-16 | 고기 먹을때 맛있는 조합 다 모였다😍😍
joy__unni | 2024-05-16 | 넼ㅋㅋㅋㅋ손맛 장난아니실듯❤️
hihee.e | 2024-05-16 | 캬ㅠㅠㅠ삼겹에 미나리 미치는데여❤️
ring__b | 2024-05-16 | 와 김치 비주얼 대박..😂 너무 먹고싶자나여....
mini_euni | 2024-05-16 | 미나리랑 삼겹은 완전 꿀조합이죠❤️❤️
_gahyoida | 2024-05-16 | 미나리 무더기 기릿❤️
gyusun_1004 | 2024-05-16 | 미나리 삼겹에 술 달리규 싶다규😍
cogarobotics | 2024-05-16 | 미나리 파김치 다 고기랑 찰떡궁합😍
lizxwijn | 2024-05-16 | 하 미나뤼... 넘 맛나보여요 ㅠㅠ❤️❤️
epi_curism | 2024-05-16 | 미나리 향 솔솔나는 삼겹살은 사랑입니댜❤️
muk._.genius | 2024-05-16 | 저도 손맛 맛보고파요❤️❤️
mukja_1 | 2024-05-16 | 생삼겹에 김치 이미 끝장ㅠㅠ
suhoyum | 2024-05-16 | 와!!! 짱인데여?❤️
zin___nxy | 2024-05-16 | 보기만해도 야들야들 육즙 가득해서 쫀딕하고 맛나겠는데요 🔥🔥 구성도 좋네유 🙌
bonge_o0o_food | 2024-05-16 | 끄덕끄덕 오늘 유난히 더 기욥넹..🫶🏻
hyenii_mukten | 2024-05-16 | 와 파김치 제대러인대여🔥🔥
taetae_foodie | 2024-05-16 | 와 육질보소ㅠㅠ❤️
1onefood_ | 2024-05-16 | 크으 이조함은 믿먹이즁😍
aeyongxxi | 2024-05-16 | 손맛느낄ㄹ래냥❤️
mukcat__story | 2024-05-16 | 구운파김치까지 조합 최고👏👏
foodie_richpapa | 2024-05-16 | 갓 비주얼😍
jjinang_pick | 2024-05-16 | 김치부터 돌아방스❤️
seula.busan | 2024-05-16 | 미나리 삼굡 대박이에여 💛 먹고픈데용
somidy_ | 2024-05-16 | 파김치까지 조합은 무조건이죠❤️
dokkkiee | 2024-05-16 | 너무기여워ㅠㅠㅠㅠ공깃밥 추가 당장 진행시켜,,
laurent_busan | 2024-05-16 | 육즙 팡팡 고기수혈 각이에요 🔥🔥
dasik_eat | 2024-05-16 | 와아 비줠 미쳤다🔥🔥
missikaga | 2024-05-16 | 대박,, 대나무 헬기 준비할게요 ><
matddori_ | 2024-05-16 | 와 김치가 찐이네여🔥
wanteat._.eat | 2024-05-16 | 여기 진짜 엄청 맛도리같아요🔥🔥🔥🔥
daejeon__tour | 2024-05-16 | 생삼걉에 미나리 조합 믿먹 ㅠㅠ❤️
muk_iibakoii | 2024-05-16 | ❤️❤️❤️
mat.search | 2024-05-16 | 고기에 파김치랑 볶음밥 청국장 못참아❤️❤️
summer._.jeju | 2024-05-16 | 미나리랑 삼겹살 조합,,, 침 나오네요😮 앞으로 맛난 소통하고 싶어서 선8하고 갑니당 잘 부탁드려욧❤️
tanguriyaaa_ | 2024-05-16 | 공기밥추가에 보끔밥까지❤️❤️❤️
kidmstyle | 2024-05-16 | 미나리 한가득 올려서 삼겹살 구우면 소주가 술술 들어 가겠네요😍
kidmstyle | 2024-05-16 | 😍😍
magoo_wagoo | 2024-05-16 | ㅠㅠㅠ파김치 못참죠❤️
sikhookyung | 2024-05-16 | 이거 보니까 급 배고파져요🙆🏻‍♂️
cooking_sam_kitchen | 2024-05-16 | 김치에 삼겹이다 ㅋㅋㅋ 굿🔥
ddo_sil | 2024-05-16 | 손맛 츄베룹!
matkkalnan | 2024-05-16 | 와따 돌았다..
matxnyang | 2024-05-16 | 김치+미나리+겹살이 최고❤
hello_s_food | 2024-05-16 | 미나리에 삼겹살 조합은 깡패죠🔥❤️❤️❤️
eat._.dopig | 2024-05-16 | 생삼겹 쫀득~쫀득~ 하겠습니다😮
themukeou_2 | 2024-05-16 | 미나리얹어 삼겹살 츄베릅❤️❤️
hankkiyojeong | 2024-05-16 | 캬 착착감긴당 ❤️
fa_eating_ | 2024-05-16 | 헐 ㅠㅠ 미나리 미쳤자나여
bokjaaa___ | 2024-05-16 | 와 여기 진짜 맛있야요
_yamiyomi_ | 2024-05-16 | 비주얼부터 완전 제서탈🤍(๑✧◡✧๑)
foodgangster_fgg | 2024-05-16 | 어우 침샘 폭발!!🔥
food_zohaa | 2024-05-16 | 파김치랑 삼겹살 둘 다 좋아요😍
mumongzzi | 2024-05-16 | 미춋자나앙 ෆ⸒⸒⸜( ˶’ᵕ‘˶)⸝
changmusik | 2024-05-16 | 지리네요 증말 🔥🔥❤️ 와 묵은지 때깔보소
matpamine_ | 2024-05-16 | 이건 미친다🔥
chae.ddomuk | 2024-05-16 | 생삼에 파김치🔥🔥 불태운다 진쨔😢
ham_muklog | 2024-05-16 | 삼겹이랑 파김치 조합 최구자나❤️
ju.food_ | 2024-05-16 | 와 이건 반칙이다❤️❤️
food_chy._.ee | 2024-05-16 | 파김치 미쳐따ㅠㅠ 여기에 삼겹살 올려먹을래효❤️
muk._kw | 2024-05-16 | 고기는 언제나 사랑이죠 ㅠㅜ❤️❤️❤️
muk__guri | 2024-05-16 | 청국장 ㄹㅇ 찐이다 ㄷㄷ
leeoh_review_ | 2024-05-16 | 볶음밥도 진행시켜❤️
muk_tteul | 2024-05-16 | 오앙 여기 지대루 츄베릎,,0
biggn_o | 2024-05-16 | 흐미,,이거 흡입이다🔥
churping_oo | 2024-05-16 | 청국장에 넘어갔다❤️
__it.s.youn | 2024-05-16 | 우와 ..!! 김치 통으로 올리간거 대박 ㅠㅠ"
2024-05-15,462,"최근 먹은 곱창 중 원탑? <구미곱창> 가로수길에 대나무숲 한옥같은 분위기의 곱창집🫶🏻 밑반찬으로 동치미까지🫶🏻 모듬곱창에 각종 곁들임 야채들이 구절판처럼 나옴🫶🏻 대창, 곱창, 막창 3가지🫶🏻 쫀쫀고소한 차돌육회에 짭쪼름 명란젓에 미나리 싸먹으면 쫀맛🫶🏻 조합이 미쳤음🫶🏻 계란물 두른 볶음밥이 레전드🫶🏻🫶🏻 곱창에 구운 김치로 볶음밥을 만드니 맛없없🫶🏻 계란물을 토치질로 조져주시고 치즈도 토치질로🫶🏻 @@곱창수혈각❤️ 📍#구미곱창 📍 서울 강남구 도산대로11길 31-4 1층 ⏰ 매일 12:00-24:00 💵 구절판 모듬곱창 32000원 💵 미나리볶음밥 5000원 63주","#강남맛집추천, #강남데이트코스, #강남곱창맛집, #곱창맛집, #신사동맛집, #가로수길맛집추천, #가로수길데이트코스, #가로수길핫플","sul_bbong_nam | 2024-05-29 | 출근 중인데 술을 부르는 비줠~😍😍😍
eating_rest2 | 2024-05-21 | 곱창 맛집 너무 좋아요❤️❤️❤️
hitto1119 | 2024-05-20 | 대박인데욜❤️
jane__pick | 2024-05-17 | 곱창러버ㅠㅠㅠㅠ❤️❤️
aroundseoul_food | 2024-05-17 | 와.. 곱가득❤️
yumyum_report | 2024-05-16 | 안시키고 후회할순없죠❤️
lizxwijn | 2024-05-16 | 와 미춌다❤️❤️❤️넘 맛나보여요 ㅠㅠㅠㅠㅠ😮
summer._.jeju | 2024-05-16 | 곱창수혈하러 출동
bokjaaa___ | 2024-05-16 | 곱창 저장하구 갈게여
mo_muk_._ | 2024-05-16 | 곱창 한 판이 내 얼굴보다 이쁘다니❤️❤️❤️
mukkarong | 2024-05-16 | 굉장히 구미가땡기는 곱창이네요!!😆😆
1s_food | 2024-05-16 | 맛있는 차돌육회 먹고싶네요🔥🔥
jack93kim1 | 2024-05-16 | 캬아.....진짜 쥑인다요
asan.bbotto | 2024-05-16 | 모듬곱창에 한잔하러 가고 싶어요 😍
ham_muklog | 2024-05-16 | 곱창 넘 조아하는데 꼬소하니 맛나게따❤️
matpamine_ | 2024-05-16 | 저장 완🙌
pigbear2 | 2024-05-16 | 이집 찐이네요 😍👏
dama.zine | 2024-05-16 | 곱창 너무 좋아유~!
eatstar._.4 | 2024-05-16 | 곱창러버 여기 필수겠네요 👏👏
hoonstafork_yamang | 2024-05-16 | 비주얼 미쳤다🔥
jjong_mattang | 2024-05-16 | 바로 저장 눌렀습니다 츄베릅~🔥
muk.company | 2024-05-16 | 곱창 너무 맛있어 보여요😍 츄베릅
juner_315 | 2024-05-16 | 와 한옥 분위기에 곱창 크❤️❤️
na.chelin__ | 2024-05-16 | 곱창러버 벌써 저장했다😂
0918tiger | 2024-05-16 | 우와~~ 분위기부터 미쳤네요 😮😮😍😍
hello_s_food | 2024-05-16 | 크 지린다🔥🔥🔥
y_mjerry_ | 2024-05-16 | 와 곱 가득 곱창 고소하구 넘 맛나겠어요🫶🏻😋
mukzzang_bread_ | 2024-05-16 | 크 곱 가득 차서 꼬소하니 맛있겠어요 ❤️
muksta_cici | 2024-05-16 | 우와 비쥬얼이 진짜 대박이네요👍❤️
foodpicturestudio | 2024-05-16 | 곱창 😍😍😍😍
mintto0.0 | 2024-05-16 | 한옥분위기 미쳐요❤️❤️
muuk.dda | 2024-05-16 | 약시 보끔밥 안 시키면 안됨 ㅜ
epicure_jung | 2024-05-16 | 곱창러버로서 저장❤️
ansan_galde | 2024-05-16 | 진짜 맛있겠다😢
rara_muk | 2024-05-16 | 곱이 실하다❤️
ham2_ni__ | 2024-05-16 | 곱창러버라면 무조건❤️❤️
bonge_o0o_food | 2024-05-16 | 이러케 예쁜 곱창집이 잇땨구😍😍
muko_die | 2024-05-16 | 와 곱창에 사이드로 굽는 것들도 대박이잖아요❤️
n_treasure_love | 2024-05-16 | 소주가 절로 땡기는😍😍
colorfulsundays | 2024-05-16 | 😍😍😍😍😍😍
colorfulsundays | 2024-05-16 | 무조건 저장이에요❤️❤️❤️
seoul__guide | 2024-05-16 | 곱창 대박..완전 군침돌아요 ㅠㅠ
mattjun11 | 2024-05-16 | 곱창에 차돌 육회까지 있는 곳이라니😮
jjinang_pick | 2024-05-16 | 우와❤️ 구절판인지 알앗어요 너무이보소❤️
tipsy_jinnie | 2024-05-16 | 우와 비주얼도 예쁘고 넘 맛나보여여❤️
fooody_h_ | 2024-05-16 | 너무 제취향이에요 😍
muksta__chunsik | 2024-05-16 | 캬 춘식이 당잔 달려갈레여 ㅠㅠ❤️
dog.matdori | 2024-05-16 | 어엇?! 여기는!! 완... 😮
yum_yum_kkakka | 2024-05-16 | 곱창 러버 저요👏
mukchoding | 2024-05-16 | 다 맛나보여요😍
menggong__ecig | 2024-05-16 | 안주가 너무 완벽하잖아요👍🏻🔥
mukta_bucks | 2024-05-16 | 곱창 넘 맛나 보여요❤️
treeview__ | 2024-05-16 | 명란젓내놔
bottlejune__96 | 2024-05-16 | 이 늦은밤에 봐버리니까 당장 곱창수혈이 시급해지네요 ㅠㅠㅠ😍😍🔥🔥
onyouhan_jari | 2024-05-16 | 우와 내일 저녁메뉴는 이걸로 할까봐요😋👍🏻
matport_ | 2024-05-16 | 와 진짜 대박이에요😍😍
kkutti_h | 2024-05-16 | 진쨔 ㅈㄴ 맛있겠다ㅡㅡ
yummylee_ | 2024-05-16 | 곱창 조아해요 .. ❤️
pig_mj__ | 2024-05-16 | 헉 ㅠㅠ 저 완전 곱창사랑잉데😢 먹으러 꼭 갈래요!!!!!❤️ 팔로우 누르고 갈게용💗 먹8️⃣해용🥰🫶🏻
yeji0719 | 2024-05-16 | 곱창러버 부르셧어욤😍😍
radiant__hoya | 2024-05-15 | 안주로 최고당
muk_gonny | 2024-05-15 | 한 입 먹으면 행복해질것 같아요!!😃😃츄베릅 ❤️❤️
muckza_zzae | 2024-05-15 | 가구싶가❤️❤️
mukrosee | 2024-05-15 | 곱창에 무조건 소주 까야합니다 ㅜㅜ🍶
gage__men | 2024-05-15 | 알러빗입니다요
magoo_wagoo | 2024-05-15 | 곱창러버 저장이용❤️
bukyung_matzip | 2024-05-15 | 와 바로 저장했어요 😍😍
food_zohaa | 2024-05-15 | 곱창러버 여기용😍
jaaaayydang | 2024-05-15 | 곱창 수혈 시급❤️❤️
mukstar_md | 2024-05-15 | 바로 저장❤️❤️
dama.dessert | 2024-05-15 | 당장 저장🤍💛‼️
must_go_restaurant | 2024-05-15 | 😍와😍 깜짝 놀라는 비주얼👍❤️
so_rowsm | 2024-05-15 | 곱이 꽉 찬 곱창 비주얼 대박,,👍🏻 넘모 맛나보여요🤤
kmj4401 | 2024-05-15 | 취향저격 ❤️쫄깃쫄깃 ❤️
muk.news | 2024-05-15 | 구미곱창 다 내꺼😍😍
eats_editor | 2024-05-15 | 곱창젛아합니다 ㅠ
yeoni_mukstar | 2024-05-15 | 오오 곱창구이 먹으러 달려가야겠어요🔥🔥
mukgogayoung | 2024-05-15 | 🥰이거보니 소주 급 땡기는데요😍
eating_happily_ | 2024-05-15 | 구절판이라 근가 더 맛나 보여요😍
cherry.s_pic | 2024-05-15 | 곱창 러버 저요 🧡🧡
__mukgogayoung | 2024-05-15 | 😍 비줠보니 도저히 못참아요🤩 너무 먹고싶어요^~^😍
dasik_eat | 2024-05-15 | 와 비줠 대박🔥🔥
foodminister_ | 2024-05-15 | 어 여기 얼마전에 개업한곳이다
aeyongxxi | 2024-05-15 | 소주 당긴다냥❤️
con_coffeeornot | 2024-05-15 | 곱창러버 다 모엿❤️❤️
muk._.chuuru | 2024-05-15 | 명란 저렇게 먹는거지 그치맞지😍
eu_n_choi | 2024-05-15 | 츄베릅..🤤🤤
churping_oo | 2024-05-15 | 오우오우 비주얼 뭔가요❤️
ulsan_map | 2024-05-15 | 곱창 넘고소해보여용 !!! 👏
leeoh_review_ | 2024-05-15 | 고소함이 장난아닌데요❤️
foodgallery_club | 2024-05-15 | 맛도리 미쳐버려...ㅜㅜ 다이어트 오늘리셋!
eat_fp | 2024-05-15 | @reekyung_h
yummy.0.yam | 2024-05-15 | 곱창 쪼아요❤️
hanyangjip_yeonnam | 2024-05-15 | 츄베릅
taetae_foodie | 2024-05-15 | 와 여기 곱 때깡 징챠 좋네여.. ❤️
seoulplanet | 2024-05-15 | 오우 이거 딱 먹고 싶네용❤️
gwangju_oneallzero | 2024-05-15 | 소주 뿌셔뿌셔❤️❤️
newly_cafe.eat | 2024-05-15 | 우와 비주얼!👏
ddo_sil | 2024-05-15 | 여기 곱창 존맛탱이자나요❤️❤️
hotdor_s | 2024-05-15 | 와 구절판에 나와..? 푸짐하다"
2024-05-15,1576,"갈치구이가 9900원? <복태네 갈치탕> 송악산 바로 앞 위치 생선구이 정식이 가성비 오지는 곳 갈치구이와 고등어구이 구성에 반찬 8개, 미역국이 9900원🫶🏻 생선구이가 고소하고 짜지도 않아 밥도둑🫶🏻 빼빼 마른 생선이 아니라 통통해서 최고🫶🏻 여긴 갈치탕이 유명함🫶🏻 1인 갈치조림 같은 갈치탕🫶🏻 갈치가 통통하고 큼직하게 여러개 들어있음🫶🏻 얼큰칼칼하니 해장으로도 딱🫶🏻 이번에 신메뉴로 순살갈치조림도 나왔다하는데 가시가 발라져있어서 먹기 편하드라🫶🏻 @@갈치사쥬❤️ 📍#복태네갈치탕 📍 제주 서귀포시 대정읍 송악관광로 421 ⏰ 매일 08:00-17:30 💵 생선구이정식 9900원 💵 갈치탕 17000원 63주","#복태네, #제주도맛집추천, #제주도여행코스, #서귀포맛집추천, #서귀포갈치맛집, #제주도갈치맛집, #서귀포데이트코스, #서귀포여행코스, #갈치맛집, #생선구이맛집","mukitgam_ | 2024-05-28 | 갈치구이 제가 정말 좋아하는데요👍
foo__zim | 2024-05-18 | 오오 가격 착하당😍😍
dama.zine | 2024-05-17 | 갈치 넘 좋죠🔥
cogarobotics | 2024-05-16 | 갈치 실하네여👏👏
sugarbear_photo | 2024-05-16 | 레전드 🤤 기회되면 가봐야겠어요
bokjaaa___ | 2024-05-16 | 갈치는 국물이랑 같이 먹으면 극락
1s_food | 2024-05-16 | 통통한 갈치 맛있어보여요🔥🔥
juner_315 | 2024-05-16 | 갈치 너무 맛있어보여용😍
kkiro__muk | 2024-05-16 | 와 비주얼 대박이네여 갈치❤️❤️
muuk.dda | 2024-05-16 | 갈치 진짜 두툼허다,,, 갈치탕멤오
bonge_o0o_food | 2024-05-16 | 진쨔 제주가면 꼭 먹어야겠는데😍
colorfulsundays | 2024-05-16 | 🔥🔥🔥🔥🔥
colorfulsundays | 2024-05-16 | 갈치탕 너무 먹고파요😮❤️❤️❤️
unniya_9 | 2024-05-16 | 와 가격이😍 비주얼이😍❤️
dog.matdori | 2024-05-16 | 갈치..못참아 야들야들😮
yummylee_ | 2024-05-16 | 갈치구이 가격 미쵸따 🔥🔥🔥
muk_gonny | 2024-05-15 | 맛도리들이 다모였네요😃😃 다 먹고싶어요😍😍
foodgallery_club | 2024-05-15 | 맛있게따...
mukbo_jjang | 2024-05-15 | 갈치 미쳤어여ㅜㅜ🔥 여기 가성비 대박이네여 즈응말❤️❤️
mot.trend | 2024-05-15 | 비주얼 진심 끝장는데요...👍 먹어보고싶어요🩷
churping_oo | 2024-05-15 | 밥도둑 갈치구이.미쵸❤️
hyunjae_mukstagram | 2024-05-15 | 갈치구이 가성비 짱인데여🔥
menggong__ecig | 2024-05-15 | 우선 밥 두 그릇 세팅하고 시작할게요💓
seoulplanet | 2024-05-15 | 와 넘나 맛나보여요😍😍 저도 주세요
yeoni_mukstar | 2024-05-15 | 우왕 갈치구이랑 갈치탕 둘다 완전 밥도둑일 것 같아요🔥🔥
muk_captain_ | 2024-05-15 | 츄베릅 이건 반칙
daejeon__tour | 2024-05-15 | 갈치탕 넘 궁금한데요?? 저렴한 가격까지❤️
mukcatting_food | 2024-05-15 | 여긴 무족권 가봐야겠어요❤️
hanip_de_share | 2024-05-15 | 단돈 만원?! 근데 밖에 풍경 보며?! 미친 가성비다...
busanplanet | 2024-05-15 | 군침돌아요❤️ 저도 먹어보고싶네요
epicure_jung | 2024-05-15 | 갈치구이 폼 미쳣다❤️
mo_muk_._ | 2024-05-15 | 이건 먹으면 돈 버는 거죠❤️❤️❤️❤️
mukstival | 2024-05-15 | 진짜 가성비 너무 미친거같아요😍
sang_hwa00 | 2024-05-15 | 갈치구이 겁나싸요❤️
bottlejune__96 | 2024-05-15 | 갈치구이 엄청 야들야들하구 부드러우니 말해모해겠어요 ㅠㅠㅠ😍😍
mat_dori1 | 2024-05-15 | 갈치는 밥도둑이죠 정말류❤️
hj_foodie | 2024-05-15 | 헐 갈치구이가 9900원인건 진짜 첨본다!!😮
so_rowsm | 2024-05-15 | 갈치구이 완전 밥도둑 메뉴죠‼️ 밥 세공기 쌉가능입니다🍚🍚🍚
reels_pandagom | 2024-05-15 | 우와🐼🐼 넘 맛있겠판다❤️
teddy_zip_ | 2024-05-15 | 캬 갈치구이 가격 너무 착해요😍
daejeon_ddomatddo | 2024-05-15 | 어우 흰밥위에 갈치 기절,, ❤️❤️
mattjun11 | 2024-05-15 | 갈치탕도 맛나겠고 구이도 미쳤고 캬..😍
hoonstafork_yamang | 2024-05-15 | 비주얼 미쳤다🔥
qbee.eat | 2024-05-15 | 어우!!!!! 갈치탕응ㄴ 처음인데 ❤️❤️
magoo_wagoo | 2024-05-15 | 와ㅠㅠㅜ갈치 보기만해도 야들
sh.cookkook | 2024-05-15 | 갓성비 진짜 인정이네여ㅜㅡㅠ
ggam_food | 2024-05-15 | 예수리에여😍
ga2eat_ | 2024-05-15 | 밥도둑 ,, 🔥 가격 진짜 착하네용
muk_geobolka | 2024-05-15 | 완전 밥도둑 최고❤️❤️
yamyammy_irisyam | 2024-05-15 | 역시 맛난게 최고죠!!!❤️
kkutti_hhh | 2024-05-15 | 갈치탕을 야외에서 즐긴다니ㅜㅜ반칙..❤️ 통통하니 맛집 스멜 숄숄./🔥❤️
dragon_gyou | 2024-05-15 | 넘 맛나게 구웠네요😍😍
newly_cafe.eat | 2024-05-15 | 와 비주얼!🔥
kimrumimi | 2024-05-15 | 갈치는 밥도둑!!두공기가능~~~
hye_foodie_ | 2024-05-15 | 갈치구이 양념까지 대박이잖아여ㅠㅠㅠ
noonday_couple | 2024-05-15 | 갈치구이 대박이자나요....❤️ 가격도 착하구 이건 무조건 먹어야대요
muk.cow | 2024-05-15 | 음메 ~~~ 밥도둑 찾았소 ❤️❤️
mat._.cat_ | 2024-05-15 | 갈치 왜케 저렴한가요😮😮
honest_consumer5 | 2024-05-15 | 갈치 통통한데 가격도 너무 좋은 곳이네요 👏👏
mat_daji | 2024-05-15 | 가격이😂😂😍😍
ddunny_ddun | 2024-05-15 | 갈치비주얼좋댜..❤❤❤
__it.s.youn | 2024-05-15 | 와 갈치구이 9,000원이요 ?!
sanghoon.eat | 2024-05-15 | 갈치 넘 좋아요😍
mumongzzi | 2024-05-15 | 갈치구이 쥬앙 ෆ⸒⸒⸜( ˶’ᵕ‘˶)⸝
eu_n_choi | 2024-05-15 | 와 가성비 젛은데요?!❤️
갈치도 통통하네요!!😮
ulsan_rimepick | 2024-05-15 | 우아 갈치구이 ㄹㅇ 혜자다 여기
hee.muk__ | 2024-05-15 | 갈치 통통하네용❤️
muk._.chuuru | 2024-05-15 | 단돈만원?
eum_masitto | 2024-05-15 | 생선구이 찐 갓성비네요!🥹😍🤤완전 럭키비키쟎앙🍀✌🏻맞팔하고 함께 즐겨요😆💕
ju.food_ | 2024-05-15 | 와 진짜 밥도둑이다❤️❤️
korea_foodzone | 2024-05-15 | 갈치구이 저도주세요!
muk_cheers | 2024-05-15 | 킥이에요❤️❤️
ahn_neo | 2024-05-15 | 악! 제주를 제대로 담았어여😍❤️
hihee.e | 2024-05-15 | 와ㅠㅠ갈치구이 대박❤️
ruri.food | 2024-05-15 | ❤️❤️
ruri.food | 2024-05-15 | 마넌이라니!!!!
suhoyum | 2024-05-15 | 우와 갈치 도톰하네요❤️
yummy_x.x | 2024-05-15 | 꺄 저도 먹으러 갈래요😍
wanteat._.eat | 2024-05-15 | 생선구이 넘 좋아요😍❤️ ㅠㅠㅠㅠㅠㅠㅠ
sewoong__park | 2024-05-15 | 먹음직 스러워요❤️❤️
muk__guri | 2024-05-15 | 가성비 미친놈이다❤️
kidmstyle | 2024-05-15 | 와 이렇게 저렴하다고요?😍 제주 갈치집들 다 비싸던데 여기는 너무 괜찮네요😍
themukeou_2 | 2024-05-15 | 밥도둑 갈치 각이에요❤️❤️
leeoh_review__ | 2024-05-15 | 밥도둑이 따로 없네❤️
tanguriyaaa_ | 2024-05-15 | 갈치조림ㅠㅠ 밥도둑이자나요❤️
mukrosee | 2024-05-15 | 갈치가 아주 통통하니유❤️
jeju.foodfact | 2024-05-15 | 갈치 먹을래여 ❤️❤️
golden_sang_ | 2024-05-15 | 갓성비😍
jameslee0911 | 2024-05-15 | 이건 절대 못참죠❤️
witty_foodie | 2024-05-15 | ❤️❤️❤️
witty_foodie | 2024-05-15 | 갈치구이 요건 무조건먹어야져
meoktion | 2024-05-15 | 9900 갈치구이ㅣㅣ 밥두공기 각인데요😮👏
matzip_note | 2024-05-15 | 진짜 밥도둑놈,, 국물 미치네요
pigpig___me | 2024-05-15 | 갈치구이 맛집일세,,,😍
_mokpo_good_place | 2024-05-15 | 갈치 구이 조림 밥도듁😆👍
eats_editor | 2024-05-15 | 갈치구이 대박🔥🔥
meokdoong | 2024-05-15 | 베릅님 저 갈치 짱조아하잖아여😍
100rang_food | 2024-05-15 | 갈치 미쳤는데..😍
needsman_daejeon | 2024-05-15 | 진짜 해장용으로 딱이네요 😍
jinarye | 2024-05-15 | 갈치구이 대박❤️❤️"
2024-05-14,439,쫄면에 떡볶이를 넣는 꿀조합? 떡참에서 쫄볶이라는 메뉴가 있는 거 알고 있는지?🫶🏻 쫄깃한 쫄면에 매콤달달한 소스가 찰떡🫶🏻🫶🏻 윤기 미친 쫄면🫶🏻 소스가 맛있어서 뭘 찍어먹어도 다 맛있음🫶🏻 떡볶이도 참 맛있는데 치킨도 참 맛있네…?🫶🏻 치킨이 닭다리살이라 부드럽고 바삭바삭🫶🏻 소스에 계란 으깨서 단백질 챙겨주기까지🫶🏻🫶🏻 @@쫄볶이사쥬❤️ 📍#떡참 전지점 63주,"#떡참신메뉴, #떡볶이맛집, #떡참쫄볶이, #떡쫄라, #떡볶이배달추천, #배달추천, #배달맛집추천, #야식추천, #배달떡볶이, #떡볶이, #쫄볶이, #분식","eeeaaattt2023 | 2024-05-18 | 이런 맛도리를 봤나👏👏👏
bokjaaa___ | 2024-05-16 | 와 진짜 군침도는 비줠❤️
muuk.dda | 2024-05-16 | 계란 쓰까묵는거 국룰~~
dong_bo.114 | 2024-05-16 | 요즘쫄면사리에 빠져짜나여 제가또!
ddoddoeat_heeba | 2024-05-16 | 세상에나 맛도리 비주얼 도랏네요😉
muk_gonny | 2024-05-15 | 한 입 먹으면 행복해질것 같아요!!😃😃츄베릅
ring__b | 2024-05-15 | 와 완전 꿀조합일거같아욤 😍
onyouhan_jari | 2024-05-15 | 우와 너무 맛있겠어요🥰 최고최고!
cculturessong | 2024-05-15 | 이거이거 너무 맛있어 보이네요 >.< 오늘 저녁메뉴는 이고다
honest_consumer5 | 2024-05-15 | 쫄면 넣으면 더 맛있죠!! 먹구싶당! 😁
mukteller | 2024-05-15 | 오늘 야식감이당❤️ㅎ헤
dayeating_ | 2024-05-15 | 크 완전 취저에요
meoktion | 2024-05-15 | 크 이 조합 찬성이에여🔥🔥🔥 맵달하게써여🙌
newly_cafe.eat | 2024-05-15 | 대박이에요!
youknow0203 | 2024-05-15 | 와 너무 먹어 보고 싶은 비주얼🙌😍🙌😍
colorfulsundays | 2024-05-15 | 당장 입에 넣고싶은 비주얼🥹
colorfulsundays | 2024-05-15 | 어머머❤️❤️❤️
choi.2025 | 2024-05-15 | 와씨 내가 좋아하는조합이닷😍😍
reels_pandagom | 2024-05-15 | 우왕 넘 맛나겠판다🐼🐼
sikhookyung | 2024-05-15 | 여긴 벨트 푸르고 흡입해줘야 겠어요🙋🏻‍♂️🙋🏻‍♂️
muk._.chuuru | 2024-05-15 | 역시 쓰까머거야디😮
cm_ryu_tour | 2024-05-14 | 캬 조합이 기가막히네요❤️
asan.bbotto | 2024-05-14 | 쫄볶이 너무 먹고 싶어요 😍
margaret___bakery | 2024-05-14 | 오왕 분식 너무좋아용👏👏
mukja_1 | 2024-05-14 | 계란 필수죵❤
gwangju_oneallzero | 2024-05-14 | 떡볶이에 쫄면 갬성모르는 사람 저리가😍
ddo_sil | 2024-05-14 | 맵달한 떡볶이에 쫄면 츄루루루루룹
yum_mypick | 2024-05-14 | 치킨 떡볶이에 찍어 먹는거 꿀맛이자나요❤️
mukb_read | 2024-05-14 | 이조합 못참죠❤️
gyunyami | 2024-05-14 | 완죤 군침도는 비줠이에요🤤
muk_joongsa | 2024-05-14 | 쫄볶이 ㄹㅇ 찐맛,, 또먹고싶댜❤️
holololu.v24v | 2024-05-14 | 아직 저녁 먹기 전이라 그런지 더 배고파져유🥹
busan_grida | 2024-05-14 | 조합 괜찮을거같아요❤️
foomo__ | 2024-05-14 | 이거 완죤 맛있겠어요❤️❤️❤️
muk._kw | 2024-05-14 | 떡보끼에 치킨 조합 말모❤️❤️
taetae_foodie | 2024-05-14 | 캬 혼자서 다먹고 싶어여❤️
mo_muk_._ | 2024-05-14 | 닉값 하는 곳❤️❤️
muk_iibakoii | 2024-05-14 | ❤️❤️❤️
kimrumimi | 2024-05-14 | 떡참진짜마싯오
zzu.meokbap | 2024-05-14 | 떡쫄 미친거아니예영..?🍚( '༥' 🥢 )
tastyseoul_ | 2024-05-14 | 우와 😍 너무 맛있겠어요
missikaga | 2024-05-14 | 떡쫄면 대박,, 대나무 헬기 준비할게요 ><
churping_oo | 2024-05-14 | 소스 완죤 달짝지근❤️
seoul__guide | 2024-05-14 | 떡쫄면 최고네용 ㅠㅠ
muk_.jjun_ | 2024-05-14 | 진짜 예술이다…!!
muk_tteul | 2024-05-14 | 츄베뤂❤️
laurent_busan | 2024-05-14 | 떡볶이에 쫄면 미쳐따 .. 궁합 최고❤️❤️
daeji_eat44 | 2024-05-14 | 떡볶이에 쫄면 이면 게임끝이죠 ㅎㅎ😍❤️❤️
themukeou_2 | 2024-05-14 | 쫄면 넣어 츄베릅❤️
mukrosee | 2024-05-14 | 쫄면사리 필수에요 ㅜㅠ❤️❤️
daejeonplanet | 2024-05-14 | 흐아 비주얼 최고❤️❤️
ugene._.at | 2024-05-14 | 우앙 비주얼 완전 대박이자나용😮❤️맛없없!!
hdul_daily | 2024-05-14 | 쫄면 미치네요 오늘각인가요
matpamine_ | 2024-05-14 | 치킨까지 미쳐🔥
muko_die | 2024-05-14 | 오메ㅠㅠ그냥 다 맛있는 거라 안 시켜먹을 수가 없네요?!❤️
hoonstafork_yamang | 2024-05-14 | 취향저격🔥
mukbosskim | 2024-05-14 | 우와~~ 대박 맛있게 보이고, 비쥬얼도 끝내주네요.^^
_eat_diary | 2024-05-14 | 아놔쫄면에떡볶이라니ㅠㅠㅠ츄벫❤️
biggn_o | 2024-05-14 | 캬아 야식각인데유😍
yamyam_sisters | 2024-05-14 | 떡볶이에 쫄면 넘 좋져😍
mim_mi__ | 2024-05-14 | 쫄볶이 너무 맛있겠오요 쫄면이 양념을 싸악!
aeyongxxi | 2024-05-14 | 떡볶이 땡긴다냥❤️
daejeon_ddomatddo | 2024-05-14 | 쫄면에 양념 벤 비주얼 진짜 침 나오는 비주얼이네요🔥🔥
muk_geobolka | 2024-05-14 | 🍯조합 넘 좋다능❤️❤️
rlo.za.b | 2024-05-14 | 떡볶이집에서 치킨까지 잘하다니❤️ 넘 먹고싶은 조합이네요ෆ˙ᵕ˙ෆ
sool_ottaku | 2024-05-14 | 쫄볶이 저도 한번 먹어봐야겠어요😋
tipsy_jinnie | 2024-05-14 | 쫄면사리 진짜 좋아하는데❤️ 넘 땡겨요
mukbears | 2024-05-14 | 쫄면 쥔짜 꾸덕맵달해브ㅡ이구,, 튀김찍먹기절,,❤️
porschelin_man | 2024-05-14 | 떡볶이에 쫄면 최고!
sanghoon.eat | 2024-05-14 | 쫄면죽입니다 ㄷ
__it.s.youn | 2024-05-14 | 떡볶이에 쫄면이라니 대박 !!
food_zohaa | 2024-05-14 | 떡쫄면 조하용😍
tasteraveler | 2024-05-14 | 캬,,여기너무맛잇겟다ㅜㅜㅜㅜ진짜추베릅이다,,,
treeview__ | 2024-05-14 | 맴달할쫄면 미쳣당 계란스까머거
jinarye | 2024-05-14 | 떡볶이에 쫄면❤️❤️
mintto0.0 | 2024-05-14 | 계란 쓰까먹기❤️❤️❤️
d_t_muksta | 2024-05-14 | 하아😍😍 대박 맛나겠어요퓨❤️❤️
tastebuds__official | 2024-05-14 | 대박😍😍 완전 꿀 맛이겠어용❤️
1onefood_ | 2024-05-14 | 이건 못참즁😍😍😍
_mol_bbang | 2024-05-14 | 소스 찍먹할래용
mat_dori1 | 2024-05-14 | 믿고먹는 떡참❤️여윽시ㅎㅎㅎ😍😍
matzip_note | 2024-05-14 | 이 조합 만든사람 칭찬해여👏
muckza_zzae | 2024-05-14 | 요고 너무 궁그미ㅠㅠ❤️❤️
matxnyang | 2024-05-14 | 쫄떡 제가 사랑하는 조합이에요❤❤
jaaaayydang | 2024-05-14 | 윤기 좔좔 쫄면 미쳣구❤️❤️
miniyami_ | 2024-05-14 | 아진짜 방굼 밥 먹었는데도 군침 .. 🤤
ssu__kyoung | 2024-05-14 | 아우~! 저 국무렝 계란 쪼개 먹으면 진이죠!! 거기에 치킨까지 맛있어서 찍어먹다니!! ㅋ ㅑ 최고최고
mat_puri | 2024-05-14 | 떡볶이에 쫄면 너무 좋아요!! 계란까지 같이><
yamyammy_irisyam | 2024-05-14 | 역시 맛난게 최고죠!!!❤️
ddub_e2 | 2024-05-14 | 츄베릅 오늘 덕볶이데이😮
hj_foodie | 2024-05-14 | ㅠㅠㅠ쫄면에 간 쫙베인거봐 🥹 미쳐따
seoul_food_like | 2024-05-14 | 와 ㅠㅠㅠㅠㅠ밥먹구왓는데두 군침돌아용
bonge_o0o_food | 2024-05-14 | 계란 스까머그면 겜 끝!❤️
mukchuldong2 | 2024-05-14 | 쫄면에 떡볶이 조합너무좋죠
sul._.gwang | 2024-05-14 | 아 맛없없 조합🔥
seoyeon_gom | 2024-05-14 | 와 쫄면에 떡볶이였다니😂 떡볶이에 쫄면인줄 아라써용❤️이조합으로 주문해야겠어용👍🏻
dugong0327 | 2024-05-14 | 와 쫄면에 떡볶이 양념 최곤데요🙌
mukkarong | 2024-05-14 | 떡볶이에 쫄면사리라니!! 맵달맵달!🔥🔥 너무 좋아요!!😆😆
rara_muk | 2024-05-14 | 쫄면에 떡볶이 완전 맛있겠다😍
muk__guri | 2024-05-14 | 쫄면 존맛이겠다ㅜㅡ"
2024-05-13,515,[강남] 족발 더 맛있게 먹는 방법? <완미족발> 족발과 껍데기가 같이 나오는 껍족 한상이 푸짐하게 나옴🫶🏻 족발과 곁들여 먹기 좋은 반찬과 소스가 18종 나옴🫶🏻 족발이 잡내도 없고 야들부들🫶🏻 껍데기는 두툼하고 쫄깃달짝함🫶🏻 명란 소스랑 찍어 먹는 것도 짭쪼름 하니 맛있음🫶🏻 파숙지로 족발 감싸 초장에 찍어먹는 조합이 추천이길래 먹어봤는데 베스트 추천인 이유가 있는듯🫶🏻🫶🏻 파숙지 추가 추천🫶🏻 족발 단짝 막국수 필수 인정?🫶🏻 막국수를 족발쌈에 넣어 먹으면 더 맛있음🫶🏻 @@족발사쥬❤️ 📍#완미족발 📍 서울 강남구 강남대로118길 20 지상1층 ⏰ 매일 15:00-01:00 (L.O 00:00) 💵 껍족세트 43000원 💵 막국수 8000원 63주,"#족발맛집, #강남맛집추천, #강남족발맛집, #강남술집추천, #논현동맛집, #논현동맛집추천, #논현동술집, #강남데이트코스, #족발오마카세","soolmatgood | 2024-05-24 | 와따..저장🔥👏👏👏
juner_315 | 2024-05-16 | 와 완미족발 체인점이였구나😍
muuk.dda | 2024-05-16 | 여기 막국수 조합 도른놈 ㅠㅠ
muk_gonny | 2024-05-15 | 콜라겐 수혈 하러 고고싱
onyouhan_jari | 2024-05-15 | 우와 너무 맛있겠어요🥰 최고최고!
honest_consumer5 | 2024-05-15 | 오랜만에 완미❤️ 한상 푸짐하네요!
colorfulsundays | 2024-05-15 | ❤️❤️❤️❤️❤️
colorfulsundays | 2024-05-15 | 콩가루 듬뿍 찍어먹을래요😍😍
muk_quest | 2024-05-14 | 족발 제대로 드시는데요❤️❤️❤️
hoonstafork_yamang | 2024-05-14 | 취향저격🔥
eatspupuppy | 2024-05-14 | 완미 진짜 맛나죠❤️❤️
jina_yap | 2024-05-14 | 야들야들 넘 맛나보여용❤️😍
mat_puri | 2024-05-14 | 족발 너무 먹고싶은 하루에요😍
yumyum_soble | 2024-05-14 | 족발 보기만해도 야들한데 껍데기까지 쫀득하니 넘 맛있을거 같아요❤️ 명란 소스에 저도 찍먹하구싶네요🔥
seoul_food_like | 2024-05-14 | 족발 못참져🔥
hj_foodie | 2024-05-14 | ㅠㅠㅠ우와 족발위에 토치질🔥너무좋은디
margaret___bakery | 2024-05-14 | 우앙 너무 맛있겠어용❤️❤️❤️
jjong_mattang | 2024-05-14 | 오늘 족쏘 각이다 ;;🔥
j2ch.busan | 2024-05-14 | 상추에다 한쌈 아주 야무지게 마시네요ㅋㅋㅋㅋ 저도 한쌈만요!!!
pigrami_ | 2024-05-14 | 완미족발 한번 빠지면 못 빠져나오는 맛딥..😢❤️
seoyeon_gom | 2024-05-14 | 껍데기에 콩가루찍어서 먹고싶어용>.< 완미족발 완전 너무 완벽한데요 메뉴구성❤️❤️
gge.juck | 2024-05-14 | 족마카세 야들야들 츄베릅입니다😍
ham2_ni__ | 2024-05-14 | 막국수랑 같이 먹을래요❤️
korea_foodzone | 2024-05-14 | 족발땡기자나여~~
busan_muk | 2024-05-14 | 완미족발 말모말모 핵맛도리잖아요👏🏻💗
dama.zine | 2024-05-14 | 야들야들한 족발 너무 좋은데유❤️
missikaga | 2024-05-14 | 족발 대박,, 대나무 헬기 준비할게요 ><
ondo.date | 2024-05-14 | 와아 넘넘 맛있게보여용 최공 👍🏻
hid_zip | 2024-05-14 | 껍데기 콩가루조합 갑자기 개땡갸요.. 쫀득쫀득해보여가지구ㅠ❤️❤️
biggn_o | 2024-05-14 | 크 완미족발 맛도리져🤤🤤
manchaelin | 2024-05-14 | 쫀득한 족발에 쪽파 조합 최고에요 ㅠㅠ 막국수까지,, 소주 무조건인 조합 ..❤️🧡💛💚💙💜
1onefood_ | 2024-05-14 | 왕 족발 완전사랑이죵 오늘 안돼겠어요 ….😍😍
jinihankki | 2024-05-14 | 당장 먹으러 가고 싶네여(ง❀ ❛ ֊ ❛„)ว💖
ggam_food | 2024-05-14 | 여욱시 족마카세❤️
themukeou_2 | 2024-05-14 | 푸딤한 족발한상 츄베릅❤️❤️
sos.omat | 2024-05-14 | 우와 불로지져주는거 짱이에요😍
yam._.suming | 2024-05-14 | 족발 맛집하면 완미족발이져❤️ 배불러도 계속 먹게되더라구요😍
dog.matdori | 2024-05-14 | 완미 솔까 엄청 푸짐히 잘나옴🤤
ju.food_ | 2024-05-14 | 야들야들 미쳤어여
hye_foodie_ | 2024-05-14 | 파숙지 엄청 마싯쟈나여ㅠㅠㅠㅠ❤️
kidmstyle | 2024-05-14 | 와 족발 야들야들 너무 맛있겠어요😍😍
____17th____ | 2024-05-14 | 비주얼 짱인데용❤️
mukjung_ | 2024-05-14 | 족쏘 ㄱㄱ!!
gyeongjuplanet_ | 2024-05-14 | 족발 완전 야들야들해보여요😍
busancity_bonggu | 2024-05-14 | 족발 때깔 대박이네요😍
muk_marorong | 2024-05-14 | 야들야들 부들부들 족발오마카세 최공❤️
meokkoking | 2024-05-14 | 😍😍최근에 먹었던 것 중에 제일 맛있었어요
mukrosee | 2024-05-14 | 야들쫀득 미쳐버려요ㅠㅠㅠ❤️
yum_yum_kkakka | 2024-05-14 | 완미족발 궁금해요❤️
bokjaaa___ | 2024-05-14 | 와 저도 싸먹을래여 ㅠㅠ
jinarye | 2024-05-14 | 완미 존맛탱
matzip_hyena | 2024-05-14 | 족발사냥 킁킁츄베릅 부릉 @ddo_sil
treeview__ | 2024-05-14 | 막국수내놔
con_coffeemornot12 | 2024-05-14 | 완미족발 먹어 보고 싶네여❤️❤️
witty_foodie | 2024-05-13 | 족발 오마카세 못참져❤️
yeoni_mukstar | 2024-05-13 | 족발이랑 껍데기 조합 절대ㅜ못참아여🔥🔥
sikhookyung | 2024-05-13 | 이거 보니까 급 배고파져요🙆🏻‍♂️
muk._.genius | 2024-05-13 | 와.. 군침 대박 족발 너무 먹고싶어요❤
gyunyami | 2024-05-13 | 족발에 이것저것 조합해서 먹다보면 배터지겠어요🤣
yi.2onggi | 2024-05-13 | 우아 비주얼 무슨일이쥬❤️❤️
eats_editor | 2024-05-13 | 족발 오졋당 ㅜ
matxnyang_4 | 2024-05-13 | 저는 명란소스랑 같이 먹는게 젤 맛나더라구요❤❤
bottlejune__96 | 2024-05-13 | 꺅 완미족발 여기 너무 궁금해요 ㅠㅠㅠ😍😍
muk_yufor | 2024-05-13 | 족발 오마카세 진짜 이미 완미족발 1000번 간 것 같은데 보니까 조만간 또 거야겠네용
jack__foodie | 2024-05-13 | 잡내없는죡바르❤️
hihee.e | 2024-05-13 | 파김치에 돌돌말아 소맥 캬 하구파요 😍
__it.s.youn | 2024-05-13 | 야들 쫄깃할 것 같은 저 비주얼 !
ha___yummy | 2024-05-13 | 족발쪼아요❤️
ulsan_rimepick | 2024-05-13 | 완미족발은 못잊는딩..
muk.news | 2024-05-13 | 완미족발 겁나 사랑해요❤️
mini_euni | 2024-05-13 | 야들야들 완미족발은 사랑이죠❤️❤️❤️
yam_yam_ping | 2024-05-13 | 족발땡겨용❤️❤️❤️
elly_adopter | 2024-05-13 | 완미족발 넘 맛나죠❤️❤️
mukstar_md | 2024-05-13 | 껍데기이잉 냠❤️❤️
hello_s_food | 2024-05-13 | @hyunik8_8 와 씨..👏👏 여기 달려?!🔥
mukcamera | 2024-05-13 | 족마카세 츄베릅각😍
rara_muk | 2024-05-13 | 완미족발 너무 조아해요😍
muk__guri | 2024-05-13 | 완미족발 츄베릅❤️❤️
gooo__ood | 2024-05-13 | 흐아아아 취향저격해버렸다🥹🥹💖
magoo_wagoo | 2024-05-13 | 우왕 넘 맛나겠어용 여기 궁그매요❤️
matkkalnan | 2024-05-13 | 와 족발 윤기 좋네여
_mukgogayoung | 2024-05-13 | 🥰이거보니 소주 급 땡기는데요😍
bonge_o0o_food | 2024-05-13 | 족쏘 고고!!🔥🔥
hotdor_s | 2024-05-13 | 여기 껍쪽세트가 레전드아니냐구 베르비
mukkarong | 2024-05-13 | 와...족발 윤기가 대박인데요?!! 폭풍흡입 완전 땡겨요!!🔥🔥
ddunny_ddun | 2024-05-13 | 족발..사랑이쥬❤
food_matgwanbu_ | 2024-05-13 | 족발 야들야들하니 맛나보여요😍
cogarobotics | 2024-05-13 | 껍데기 콩가루찍어먹는거 넘나좋음😍
d_t_muksta | 2024-05-13 | 족발 미쳤잖아여❤️❤️ 대박이다ㅠㅠㅠ족소 가즈아앙
taetae_foodie | 2024-05-13 | 완미족발 진짜 ㄹㅇ 구성 개미쳣자나여ㅠㅠ❤️
daeji_eat44 | 2024-05-13 | 우와 족발에막국수 못참아요😍❤️❤️
leeoh_review_ | 2024-05-13 | 막국수까지 필수지❤️
on_yum_ | 2024-05-13 | 이거 어떻게 참나요🍽️ 석가탄신일 메뉴 고민 끝입니닷🌸🌸🌸 힛
eating_happily_ | 2024-05-13 | 완미 진짜 맛있어요ㅠㅠㅠㅠ
muk._.chuuru | 2024-05-13 | 족발오마카세넘좋쥬😍
aeyongxxi | 2024-05-13 | 살리라녕❤️
ham_muklog | 2024-05-13 | 야들야들 족발🔥 이거 저두 먹으러 갈래여❤️
dasik_eat | 2024-05-13 | 와 저두 먹고싶어요🔥🔥
newly_cafe.eat | 2024-05-13 | 비주얼 짱이에요!
taste_cherish | 2024-05-13 | 크으 여기 비쥬얼 머에요 족발땡겨😍"
2024-05-13,395,[용산] 식감미친 수제파이? <포컬포인트> 서울역 15번 출구에서 30초 거리에 위치한 4층짜리 대형카페 블루리본 맛집🫶🏻 서울역에서 기차 타기전에 선물로 사기 딱🫶🏻 파사삭한 페스츄리 수제파이🫶🏻 일반버터보다 비싼 이즈니 버터를 사용해 버터 풍미가 미침🫶🏻 20가지의 다양한 종류의 빵이 있어 취향대로 골라🫶🏻 츄베릅 원픽은 ‘충주사과파이’🫶🏻🫶🏻 사과 덩어리가 큰 사과잼이 가득🫶🏻 위는 설탕으로 바삭달달 아래는 파사삭 페스츄리라 식감 미침🫶🏻🫶🏻 토핑 가득 든든한 식사대용 파이도 많음🫶🏻 크림라떼가 수제파이랑 찰떡🫶🏻 세트로 사면 할인도 됌🫶🏻 @@파이사쥬❤️ 📍#포컬포인트 📍 서울 용산구 청파로 387 ⏰ 매일 08:00-22:30 (L.O 22:00) 💵 충주사과파이 6500원 💵 비엔나 소시지파이 8000원 63주,"#서울역맛집, #서울역카페, #서울역, #용산맛집추천, #용산데이트코스, #서울역맛집추천, #서울역카페추천, #용산카페, #파이맛집, #용산디저트","kkamdy_j | 2024-08-07 | @seoljuuu @minbo____
choimukbang | 2024-05-15 | 와 맛있겠다 ❤️❤️
honest_consumer5 | 2024-05-15 | 와 사과파이 ㅜㅠㅠ 아아랑 먹고싶네요🩷
colorfulsundays | 2024-05-15 | 사과파이대박😍😍😍😍
seoul_food_like | 2024-05-14 | 꺅 주말갈곳 정해따...❤️
ggam_food | 2024-05-14 | 파이비줠 쵝오❤️
sos.omat | 2024-05-14 | 진짜맛잇엇을거같아요😍
ella._.tto | 2024-05-14 | 와 먹는소리가 ㅠㅠ먹어보고 싶어요❤️
bokjaaa___ | 2024-05-14 | 바삭함에 귀가 멀었어요
matketers | 2024-05-14 | 흐 완전 맛있어보여요! 저도 한 번 먹어보고싶어요
con_coffeeornot | 2024-05-14 | 페스츄리 대박이네여❤️
itshyelee | 2024-05-13 | 😍
eats_editor | 2024-05-13 | 무조건 갑니다 ㅠ
gyunyami | 2024-05-13 | 안에 토핑 가득인거 최고에요👏👏
eu_n_choi | 2024-05-13 | 소리 넘 좋구 비줠도 넘 좋네용😍😍
hong_p_ig | 2024-05-13 | 크..배달은 안되나요😢
muk.news | 2024-05-13 | 페수츄리 미쳐여❤️❤️
muk_yufor | 2024-05-13 | ㅠㅠㅠㅠㅠ 진짜 한개만 먹어보고 싶네용
mochl_ahahcnl | 2024-05-13 | 페스츄리 넘 바삭해보여요😍
bonge_o0o_food | 2024-05-13 | 토핑 진짜 미쳤는데👏👏
magoo_wagoo | 2024-05-13 | ㅠㅠㅠ우왕 패스튜리ㅠㅠ미쳤😮😮
daeji_eat44 | 2024-05-13 | 와우 미쳤당 너무 좋아하는뎅👏❤️❤️
dayeating_ | 2024-05-13 | 크 대박 맛있겠는데요
matddori_ | 2024-05-13 | 완전 맛또리 같아용🥹💕
so_rowsm | 2024-05-13 | 바삭바삭 파이 넘모 맛나보여요🤤
yum_mypick | 2024-05-13 | 사과파이 완전 겉바속촉 미쳔네요🍎
yummylee_ | 2024-05-13 | 페스츄리 식감 미쵸땅 ❤️
yumyum_soble | 2024-05-13 | 우와 수제파이에 페스츄리까지🔥 당충전하기에 딱이네요❤️❤️
100rang_food | 2024-05-13 | 소리 미쳐따..😍
matzip_note | 2024-05-13 | 결이 아주 살아있네요🥹❤️
bambi_home_ | 2024-05-13 | 와.. 페스츄리 진짜 넘사벽 여기는 꼭 가야겠는데요!!?
muk_geobolka | 2024-05-13 | 소통왔어요❤️❤️ 넘 맛나보여용❤️
pigpig___me | 2024-05-13 | 페스츄리,,,저장완료요*^^*❤️
yeoni_mukstar | 2024-05-13 | 여기 파이 비주얼도 넘 예쁘고 맛있어 보이네요❤️❤️
mo_muk_._ | 2024-05-13 | 여긴 진짜 저장합니다 다 죽었다 페스츄리
muko_die | 2024-05-13 | 와 페스츄리 종류가 다양한 거 넘 대박이에요😍
hungry_university | 2024-05-13 | 완전 맛있어보여요❤️❤️
mukddo_muk | 2024-05-13 | 당장 갈래요❤️❤️
mat._.cat_ | 2024-05-13 | 크... 탄수화물 중독자로서 못 참겠어욧!
muuk.dda | 2024-05-13 | 블루리본맛집이라니,,,역시 묵직하다;;
su_won_ju | 2024-05-13 | 블루리본 맛집은 믿먹이죠❤️ 엄청 바삭해보여요😘
taetae_foodie | 2024-05-13 | 와.. 바삭바삭한데 잼까지ㅠㅠ❤️
ham2_ni__ | 2024-05-13 | 패스츄리 바삭해보야여❤️❤️
aeyongxxi | 2024-05-13 | 같이가자냥❤️
aug_piiggg | 2024-05-13 | 종류도 완전 다양하네요❤️
__it.s.youn | 2024-05-13 | 우와 !! 바삭 소리가 끝장 !!
daejeon_ddomatddo | 2024-05-13 | 옥수수.. 미쳤다❤️❤️❤️❤️ 백번 갈래여 천번갈래요❤️
miae_pick | 2024-05-13 | 바삭한 페스츄리 넘 좋아요😍😍
unniya_9 | 2024-05-13 | 바삭바삭 소리부터 미쵸땅❤️😍
churping_oo | 2024-05-13 | 칼로 긁을때 바삭함이...❤️
bottlejune__96 | 2024-05-13 | 수제파이 겉바속촉하니 장난아니겠어요 ㅠㅠㅠ😍
jinwook1011 | 2024-05-13 | 우와...너무맛있겠네요😍개인적으로사과파이 진짜먹어보고싶네요👍👍👍
foomo__ | 2024-05-13 | 완전 취저에요 넘 맛있겠다❤️❤️❤️
bonny_vely_ | 2024-05-13 | 페스추리.바삭🙌🙌
jinarye | 2024-05-13 | 페스추리 대박
margaret___bakery | 2024-05-13 | 우앙 빵수니 반하고갑니당❤️❤️❤️
miso__cook | 2024-05-13 | 비쥬얼 미쳤어요👏🏻💖💖
muk._.chuuru | 2024-05-13 | 블루리본맛집😍
happpyfoody | 2024-05-13 | 여기 서울역에서 기차기다릴때 가면 딱젛아요!!!!❤️
qbee.eat | 2024-05-13 | 아니 사과파이 단면 뭐야 미쳐.,❤️
hye_foodie_ | 2024-05-13 | 페스츄리안에 재료그득한거 도라써요😮
mukja_1 | 2024-05-13 | 용산 가까운데 한 번 가봐야겠어요❤❤
dama.zine | 2024-05-13 | 와 비주얼 너무 좋은데유~
zin___nxy | 2024-05-13 | 파이 지인짜 조아하는데 파이덕후로써 놓칠 수 읍습니다 ❤️
seoyeon_gom | 2024-05-13 | 와❤️❤️수제파이 비주얼 장난아닌데요이건❤️❤️
hdul_daily | 2024-05-13 | 페스츄리미치는데여😍
jjgongju_ | 2024-05-13 | 페스츄리라 겉바속촉 미쳤여요❤️❤️
munchlax._.jm | 2024-05-13 | ❤️
munchlax._.jm | 2024-05-13 | 진짜 맛있을것 같아요
_mol_bbang | 2024-05-13 | 페스츄리 파이 바삭함 미쳤어용
mat_puri | 2024-05-13 | 빠삭한 페스츄리 너무 좋아용😍❤️
alcholstargram | 2024-05-13 | 와 ㅜㅜ 사과파이라뇨 빵돌이로써 진짜 맛있겠어요 ㅋㅋ 저장하고 가볼게용!
tanguriyaaa_ | 2024-05-13 | 사과파이 필수❤️❤️
gwangju_oneallzero | 2024-05-13 | 와 식감 도라버릴거같아여😍😍
themukeou_2 | 2024-05-13 | 바삭함 미쳤🙌🙌
muk__guri | 2024-05-13 | 종류 다양한거봐라❤️❤️
manchaelin | 2024-05-13 | 아니 파이집에 블루리본 붙으려면 얼마나 마싯어야 하냐구요오~ 서울역 가기 전에 여기 안 가면 바보(?) ❤️
mukcat__story | 2024-05-13 | 페스츄리 바삭바삭 맛있겠어요❤
jjinang_pick | 2024-05-13 | 입술 크림 기여워요❤️❤️
shkzipbob | 2024-05-13 | 와…파이비주얼 최고에용😍😍
treeview__ | 2024-05-13 | 캬 바스락소리 좋수만❤️
1onefood_ | 2024-05-13 | 블루리본 맛집은 못참즁😍😍😍
mukrosee | 2024-05-13 | 파이 대박 이뻐요❤️
ddub_e2 | 2024-05-13 | 수베릅🔥
mukkarong | 2024-05-13 | 블루리본 수제파이집이라니!! 서울역가면 꼭 들려야겠어요!!😆😆😆😆
ddomukz | 2024-05-13 | 파이 미쳤어요😍😍
dragon_gyou | 2024-05-13 | 요건 무조건 무야쥬빵도리들😍
myeatdiary_ | 2024-05-13 | 비주얼 너무 좋네요🥰 맛도리 일 것 같아요❤️
ddo_sil | 2024-05-13 | 츄우루루루룹
choi._.yummy | 2024-05-13 | 우아 마이써보이는 파이가 가득❤️❤️
meow_chelin | 2024-05-13 | 미쳤❤️
jjong_mattang | 2024-05-13 | 서울역가면 들려야징 츄베릅~🔥
hihee.e | 2024-05-13 | ㅋㅋㅋ뇸뇸뇸 드시는거 기여워용❤️
mukdang0 | 2024-05-13 | @ddo_galzip 사줭
food_matgwanbu_ | 2024-05-13 | 오!! 2만 축하드려요 ㅎㅎ 간식으로 딱이네요😍
hooroolook_ | 2024-05-13 | 내꺼다!!🔥
piggy.foody__ | 2024-05-13 | 서울역에 사과파이 메모..🤍기차에서 입심심할때 먹기 딱 칭구 선물하기도 딱 비주얼도 딱🫶🏻
mukjung_ | 2024-05-13 | 내건???
_foodater_ | 2024-05-13 | 미친식감 파이 넘 먹어보고싶네요 ❤️❤️🔥🔥
wanteat._.eat | 2024-05-13 | 페스츄리 미쳤다고요 ㅠㅠㅠㅠㅠㅠㅠㅠㅠ😍"
2024-05-12,1132,"[익선동] 부모님 무조건 모시고 가야하는 곳? <송암온반> 한옥 갬성 낭낭한 곳🫶🏻 부모님이랑 가기 딱이고 데이트로도 딱🫶🏻 토렴한 보리밥 위에 얇은 흑돼지 수육 가득 얹은 온반🫶🏻🫶🏻 육향도 솔솔나고 맑은 국물의 돼지곰탕🫶🏻 국물이 깔끔 담백🫶🏻 수육은 야들쫀득🫶🏻 입에서 살살 녹음🫶🏻 명란젓갈이랑 싸먹고 미나리랑 싸먹으면 바로 따봉나옴🫶🏻🫶🏻 해물부추전은 바삭이 아니라 빠삭!!🫶🏻🫶🏻 만두도 이쁨🫶🏻 잔술 한잔 때리고🫶🏻 후식으로 매실차까지🫶🏻 @@분위기미침❤️ 📍#송암온반 📍서울 종로구 돈화문로 11나길 31-3 1층 ⏰ 매일 11:30-22:00 ⏰ B.T 평일 15:00-17:00, 주말 16:00-17:00 💵 수육 (중) 29000원 💵 온반 11000원 💵 해물부추전 17000원 63주","#익선동맛집, #익선동맛집추천, #익선동데이트코스, #수육맛집, #익선동술집, #종로구맛집, #종로3가역맛집, #돼지국밥맛집","dog.matdori | 2024-05-27 | 꼭꼭잘씹어드시네욬ㅋㅋㅋ
bee__yummy | 2024-05-18 | 분위기 대박😍❤️
matt_place__ | 2024-05-18 | 부모님 모시고 갈래여
colorfulsundays | 2024-05-16 | 🫶🏻🫶🏻🫶🏻🫶🏻🫶🏻
colorfulsundays | 2024-05-16 | 어머머 너무 궁금해요😍😍
onyouhan_jari | 2024-05-15 | 우와 너무 맛있겠어요🥰 최고최고!
honest_consumer5 | 2024-05-15 | 깔끔하게 잘나오는데요❤️ 부모님과 함께 가고 싶어요!
eating_rest2 | 2024-05-14 | 흑돼지 수육 너무 좋아요❤️❤️
bboosh_u | 2024-05-14 | 댑악아아아앙이다욥👾
love_dooriani | 2024-05-14 | ❤️❤️❤️
bambam_114 | 2024-05-14 | 정말 맛있게 드시네요.😍
gyunyami | 2024-05-13 | 여긴 진짜 부모님이 좋아하실 곳이죠😍
yam_yam_ping | 2024-05-13 | 와 후식까지미쳣네 ❤️❤️
cogarobotics | 2024-05-13 | 돼지곰탕이 저렇게 맑다고요?😍
mat__check | 2024-05-13 | 냐나
mat__check | 2024-05-13 | ❤️❤️
littlepaulo_official | 2024-05-13 | 👏👏
unniya_9 | 2024-05-13 | 오왕 고급져보여용😍
miso__cook | 2024-05-13 | 분위기 넘 좋네요💞💞
mat_puri | 2024-05-13 | 부모님 정말 좋아하실것같아요🔥❤️
muk_joongsa | 2024-05-13 | 후식까지 주는 여기 어디라고? 부모님모시고 가기 좋은 송암온반이다 이그야!
food___hwan | 2024-05-13 | 부모님 완전 조아하시게따🔥
jack__foodie | 2024-05-13 | 수육 얇은거 알앗음갓지
dragon_gyou | 2024-05-13 | 와우지기네요😍
treeview__ | 2024-05-13 | 여긴어디야ㅠㅠ
mattjun11 | 2024-05-13 | 와 분뤼기도 음식도 제대로네요 ㅋㅋ
mukgo__nolza | 2024-05-13 | 여기 완전 메모각❤️
hihee.e | 2024-05-13 | 와 분위기부터 찢었네요❤️
mat._.cat_ | 2024-05-13 | 정갈하니 너무 좋네요👏👏
dong_bo.114 | 2024-05-13 | 아침부터괜히봐써;; 배고팡
hj_foodie | 2024-05-13 | ㅠㅠ분위기 진짜 이쁘다❤️ 엄빠 모시구 출똥
juner_315 | 2024-05-13 | 와 돼지곰탕 수육😍 얇아서 엄청 부드러울 거 같아요❤️
mukstival | 2024-05-13 | 수육이 진짜 촉촉하니 맛있을 각이에요😍
gyeongjuplanet_ | 2024-05-13 | 부모님 모시고 한번 가봐야겠어요😍
jeju.foodfact | 2024-05-13 | 담백한 곰탕 너무 좋은데요 ..🤍
meokkoking | 2024-05-13 | 😍😍우와 고급진가 예술이네요 진짜 맛있겠다
mukkarong | 2024-05-13 | 와~~익선동에 부모님 모시고 한번 가야되겠는데요?!!👍👍👍
merry_pick | 2024-05-13 | 와 온반 완전 제스타일이에요❤️👏
mukbo_kimgaru | 2024-05-13 | 크으 분위기 대박인게 부모님 모시고 가야겠어요🔥🔥
hi_i_like17 | 2024-05-13 | 우와 진짜 부모님 모시고기면 너무 좋을 메뉴와 분위기에요
bottlejune__96 | 2024-05-13 | 우왕 부모님 엄청 좋아하실만한곳이겠어요!!😍😍
muckza_zzae | 2024-05-13 | 여기 곰탕 해장으로 너무 좋더라❤️❤️
bbbm_jg | 2024-05-13 | 대박사건❤️❤️❤️
mukshutter | 2024-05-13 | 달려갑니다❤️
hitto1119 | 2024-05-13 | 저장입니당❤️
teddy_zip_ | 2024-05-13 | 크 여기 너뭄무 맛잇자나여😍
bokjaaa___ | 2024-05-13 | 와… 야들함이 대박인데요
go_yang_eat | 2024-05-13 | 역시 효도인 여기지~
mukcat__story | 2024-05-13 | 수육 넘 좋아요❤
ddo__yam | 2024-05-12 | 크어 바로 따봉나올 수밖에없츄베릅❤️
yummy_follow | 2024-05-12 | 와 흑돼지 수육 ❤️
wanteat._.eat | 2024-05-12 | 분위기도 완전 고급이라 부모님이랑 갈래요😍
bukyung_matzip | 2024-05-12 | 진짜 배고파여 이시간에 이걸 봐버리다니 ….😂
cm_ryu_tour | 2024-05-12 | 캬 분위기대박 여기가보고싶네요❤️
daily_tak1003 | 2024-05-12 | 엄마 생일도 다가오는데 모시고 가야게써요❤️
korea_foodzone | 2024-05-12 | 와 부모님 모시고가면 좋아하시겟어용
mini_euni | 2024-05-12 | 깔끔한 국물에 야들야들한 수육까지 하나하나 다 대박인걸요❤️
sewoong__park | 2024-05-12 | 술맛 지대로예요🔥
mumongzzi | 2024-05-12 | 맛집 저자앙 ෆ⸒⸒⸜( ˶’ᵕ‘˶)⸝
matxnyang_3 | 2024-05-12 | 한옥갬성! 이런 곳은 부모님 모시고 가면 좋겠어요❤❤
taetae_foodie | 2024-05-12 | 와 저도 따봉 날리러 갈래여❤️
ggam_food | 2024-05-12 | 크..너무좋아하시겟어여❤️
h1foryou | 2024-05-12 | 고급스러운 분위기까지 꼭 가야겠어요😍
busan_grida | 2024-05-12 | 왜 부산엔 저런곳이 없을까요 ㅠㅠㅠ
so_rowsm | 2024-05-12 | 맑은 국물에 돼지곰탕 먹어보고싶어용😲
piggy.foody__ | 2024-05-12 | 부모님한테 효도 제대로 하는 마찝이자나..🤍
fnvidir | 2024-05-12 | 와 정갈하게 잘 나오네요 부모님 모시고 가야겠어요👏👏👏
goandgo_seoul | 2024-05-12 | 예쁘고 맛있게 먹기 힘든데 ㅋㅋㅋ 예쁘십니다 ㅎㅎㅎ
rara_muk | 2024-05-12 | 여기 부모님이랑 가기 딱이네요❤️
jin_tto_baegi_7 | 2024-05-12 | 맛잇겟다ㅜㅜ
muuk.dda | 2024-05-12 | 와 해물 부추전 ㄷㄷ
mukcamera | 2024-05-12 | 어른들 모시고 ㄱㄱ😍
n_treasure_love | 2024-05-12 | 완전 깔끔하고 맛있을듯😍😍
matport_ | 2024-05-12 | 와 너무 가고싶어여ㅠㅠ❤️
ondo.date | 2024-05-12 | 완전 저장 이예요 😊
tanguriyaaa_ | 2024-05-12 | 수육 완전 부드럽겟어요❤️
yoonmukjja | 2024-05-12 | 부모님 취저식당❤️🤤
jo_c_bab | 2024-05-12 | 와 뜨끈하니 한그릇하고 싶네요 🔥
muk_.jjun_ | 2024-05-12 | 음식 너무 맛있어보여용
mat__seng | 2024-05-12 | 넘 맛있어보여욤😋
hpmo_on | 2024-05-12 | 분위기 진짜 좋네욥❤️
d_t_muksta | 2024-05-12 | 하아 이런곳 진짜 외식으로 끝장나즇ㅎㅎ😍
ham2_ni__ | 2024-05-12 | 분위기가 너무 조아요❤️❤️
jinwook1011 | 2024-05-12 | 아~~~맛있겠당😍👍👍👍
mukbulim_0817 | 2024-05-12 | 한옥갬엉 수육 대박인데요❤️❤️
dayeating_ | 2024-05-12 | 와 건강하고 고급진데요❤️
_yamiyomi_ | 2024-05-12 | 비주얼부터 완전 제서탈🤍(๑✧◡✧๑)
jameslee0911 | 2024-05-12 | 부모님 모시고가면 칭찬받는 곳이네요❤️
_mol_bbang | 2024-05-12 | 어머 부모님 좋아하시게어요
j_a_n723 | 2024-05-12 | 와 흑돼지수워 무슨일이에여 ❤️
jjinang_pick | 2024-05-12 | 토렴한거 대애박
ddub_e2 | 2024-05-12 | 츄베릅 😍
__ddami_ | 2024-05-12 | 우와 비주얼 대박인데요😍
muk.bbu_lim | 2024-05-12 | 우아 요기 어른들 모시고 가고싶은데영
muk_tteul | 2024-05-12 | 김치얹어서 먹으면 미쳤겠댜....😍
sowon_yam2 | 2024-05-12 | 저도 모시고가주세요 ❤️❤️
leeoh_review_ | 2024-05-12 | 부모님 모시고 가기 딱 좋네요❤️
ming_foodie_ | 2024-05-12 | 효도코스네얌👏👏
muk_gonny | 2024-05-12 | 츄베릅!!! 우왕😍😍
mukdang0 | 2024-05-12 | @ddo_galzip 가자"
2024-05-12,371,"[강남] 여기가 BTS 정국이 단골이라는거죠? <도산정육> BTS정국 단골이라는 곳 수많은 연예인들 싸인으로 가득🫶🏻 피크 시간엔 웨이팅이 엄청 난다함 뼈삼겹 한덩이가 14만원..! 삼겹살, 늑간살, 등심, 가브리살 4가지 부위를 한번에 맛볼 수 있어 좋음🫶🏻 두께가 두툼해서 입에서 육즙팡팡 파티🫶🏻 가리비날치알젓갈이랑 먹으면 최고🫶🏻 소스 종류도 다양하게 줌🫶🏻 공깃밥에 스팸까지 주는 센스🫶🏻 된장찌개는 건더기가 푸짐하고 국물이 진해 밥도둑🫶🏻 하이볼 한잔으로 마무리🫶🏻 @@고기사쥬❤️ 📍#도산정육 📍 서울 강남구 선릉로155길 12 1층 ⏰ 평일 11:30-01:00, 주말 12:00-01:00 (L.O 00:00) ⏰ B.T 14:00-15:00 💵 제주고인돌뼈삼겹 100g 17000원 💵 시골한우된장찌개 8000원 63주","#강남맛집추천, #강남데이트코스, #강남고깃집, #bts정국, #전정국, #bts, #압구정맛집추천, #압구정데이트코스, #압구정로데오맛집, #삼겹살맛집","colorfulsundays | 2024-05-16 | 고기때깔 장난아닌데요😍😍
_babi_joa | 2024-05-14 | 고기 진쨔 맛나보여요😍😍
5ssaem | 2024-05-13 | @phk929 한덩이에14
dragon_gyou | 2024-05-13 | 🔥🔥갈빗살 최고쥬😍😍
dragon_gyou | 2024-05-13 | 🔥🔥갈비살 최고유😍
food___hwan | 2024-05-13 | 와 ㄷㄷㄷㄷ 사인이 증명하는 고깃집🔥
____17th____ | 2024-05-13 | 비주얼 미쳤어용❤️
daily_busan_matzip | 2024-05-13 | 우와 고기 제대로인데 하이볼까지?!😍😍
muksta_zzino | 2024-05-13 | 와… 육질 대박이네용❤️
bokjaaa___ | 2024-05-13 | 와 고기 두툼함 시롸에여???
mochl_ahahcnl | 2024-05-12 | 고기 넘 땡겨요ㅠㅠ❤️
daily_tak1003 | 2024-05-12 | 연옌 맛집이 찐맛집이자나요 저도 얼른 가봐야게써요🔥
teddy_zip_ | 2024-05-12 | 우아 장난아니네요😍
muuk.dda | 2024-05-12 | 뼈삼겹은 못 참주 진심 ㅜ 하이볼까지 캬아,,
mukcamera | 2024-05-12 | 뼈삼겹 츄베롭😍
ham2_ni__ | 2024-05-12 | 헐 뼈삼겹 먹고파요❤️
magoo_wagoo | 2024-05-12 | ㅠㅠ우와 퀄리티가❤️❤️
hihee.e | 2024-05-12 | 와ㅠㅠㅠ여기 진짜 유묭하됴❤️
food_eoni | 2024-05-12 | 으와 정국딘골이라니 가고싶네용😍
dasik_eat | 2024-05-12 | 와 여긴 무조건이네요🔥🔥
mukstival | 2024-05-12 | 삼겹이 퀄리티가 너무 좋은거 같아요😍
muk_captain_ | 2024-05-12 | 츄베읍
joma_cook_ | 2024-05-12 | 비주얼 미쳤다🔥🔥
some._.4083 | 2024-05-12 | @jyeon_no 요기 자기 인천오는날 가보꽈이ㅡ??🙌🙌
tastykkini | 2024-05-12 | 고기 미쳤네요😮
mo_muk_._ | 2024-05-12 | 지갑아… 눈 감아라… 뼈삼겹 먹고 올게…
themukeou_2 | 2024-05-12 | 정국 단골이라면 인정이죠❤️
rara_muk | 2024-05-12 | 우아 뼈삼겹 먹어보고 파요❤️
dog.matdori | 2024-05-12 | 오?!😮가리비젓갈?!신기방기
churping_oo | 2024-05-12 | 요즘 뼈삼겹에 빠졌는데 딱 뜨네요❤️
sang_hwa00 | 2024-05-12 | 흐에 진짜 뼈삼겹 사랑😍
korea_foodzone | 2024-05-12 | 엄청 큼지막해유
eatspupuppy | 2024-05-12 | 뼈삼겹 너무 조아요❤️❤️
muk_daddy | 2024-05-12 | 여긴 무조건가야지🔥
eating_happily_ | 2024-05-12 | 우와 짱 크구 짱 맛나 보여요😍
aeyongxxi | 2024-05-12 | 우아ㅜ미쳐냐우먹구싶다냥❤️
honest_consumer2 | 2024-05-12 | 뼈삼겹 너무 맛있어보이는데요🔥❤️
mukrosee | 2024-05-12 | 엄청난 맛집이군요 ㅠㅠㅠ❤️
mmzip_daejeon | 2024-05-12 | 와 진짜 얼마나 맛잇는거죠?!🔥🔥
jack93kim | 2024-05-12 | 여기 저장 꾹... 나도가보고 싶드아..
gracehillary_food | 2024-05-12 | 에에 14만원이라니 너무 궁금해여😍
food_matgwanbu_ | 2024-05-12 | 삼겹살 때깔 대박😍
treeview__ | 2024-05-12 | 정국도단골하고 츄베릅도단골하는곳
bonny_vely_ | 2024-05-12 | 하이볼까지.너모좋네여🙌🙌
muk__guri | 2024-05-12 | 고기 크기봐라...ㄷㄷ
jinwook1011 | 2024-05-12 | 고기😍너무싱싱하네용😍
epi_curism | 2024-05-12 | 고기 두툼한거 실환가요😍 가리비젓갈에 푹 찍어서 먹고싶오요!!
food_zohaa | 2024-05-12 | 고기 땡겨요❤️
margaret___bakery | 2024-05-12 | 우앙 먹으러 가구싶어용❤️❤️❤️
gaeddo_muksta | 2024-05-12 | 찐맛집 냄새가 폴폴 나는데요🤩
ddo_sil | 2024-05-12 | 뼈들고 뜯고싶네요❤️
jejuplanets | 2024-05-12 | 오오오 비주얼 쵝오네요😍😍
eats_editor | 2024-05-12 | 뼈삼겹 오지네요❤️❤️
matxnyang_3 | 2024-05-12 | 도산정육 여기 핫플이죠🔥🔥
zin___nxy | 2024-05-12 | 고기 제대로 치는집 발견 ❤️❤️ 댑악 두툼하니 육즙가득 너무 맛나겠습니다 🙌
taetae_foodie | 2024-05-12 | 와 여기 고기는 진짜 명품…. ❤️
jameslee0911 | 2024-05-12 | 여기 완전 핫하자나요❤️
judy._.muk | 2024-05-12 | 뼈삼겹 매력 어디까지❤️
jinarye | 2024-05-12 | 뼈삼겹 존맛❤️❤️
ggam_food | 2024-05-12 | 뼈삼겹클라스❤️
kim_nyamsik | 2024-05-12 | 꼬기 넘 실하네요👏👏
mat_dori1 | 2024-05-12 | 뼈삼겹 도랏당❤️❤️고기는 국룰😍
mukgo__nolza | 2024-05-12 | 와아,,,비쥬얼이 장난 아니네여🔥🔥
mat._.cat_ | 2024-05-12 | 당장 달려가서 먹고 싶네여😍
mukkarong | 2024-05-12 | 뼈삼겹 두께가 장난아닌데요?!! 완전 맛있겠는데요?!!👍👍😆😆
bottlejune__96 | 2024-05-12 | BTS정국 단골 고깃집이라니 저도 가볼래요😍😍
gwangju_oneallzero | 2024-05-12 | 으아 정국 단골이러면 당장 가야할각❤️❤️
meokdoong | 2024-05-12 | 와 연예인들도 저렇게 갈정도면...😮😮
dailyeunb | 2024-05-12 | @_911214_ 와 아니 여기 뼈삼겹 퀄리티봐 ㅠㅠㅠ육질 너무 좋아보이고,, 밥 시키면 스팸까지 준다고 ,, 😮가서 하이볼 무조건 먹자
j_a_n723 | 2024-05-12 | 와요기 장난아니에요
min.ddo_o | 2024-05-12 | 여기 고기진짜맛나더라구요😍
hotdor_s | 2024-05-12 | 워러파크 개장 레츠기릿
picky._.eat | 2024-05-12 | 4가지 부위를 한번에,,,크❤️❤️ 너무좋아요!
suncheon_ramji | 2024-05-12 | 고기 진짜 뚠뚠하댜,, 가리비젓갈도 궁금😍
mukdang0 | 2024-05-12 | 츄베릅!!!!🔥🔥
jjinang_pick | 2024-05-12 | 우와❤️ 밥에 스팸까지❤️❤️❤️
mukgogayoung | 2024-05-12 | 💞고기 빛깔이 예술이네요 ^^😍 저두한입 거들고 싶네요🥰
boami77 | 2024-05-12 | 뼈삼겹❤️먹구파욘
seula.busan | 2024-05-12 | 맛있을거같은데여 고오깅 💛
biggn_o | 2024-05-12 | 워메 고기 난리납니다잉😍
1onefood_ | 2024-05-12 | 와 14…만원??? ㅋㅋㅋ정국단골이면 믿먹이죠!!!😍😍
gge.juck | 2024-05-12 | 와 고기 크기가 압도적인데요?😮
hee.muk__ | 2024-05-12 | 뼈삼겹 대박이네여🔥🔥
js__1oo4 | 2024-05-12 | 가리비 젓갈에 찍어서 먹어보고싶어용❤️❤️
밥위에 스팸올려쥬는거 진짜 대박✨✨
mini.__.food | 2024-05-12 | 와 여긴 맛없없이다 진짜😍
mukbulim_0817 | 2024-05-12 | 고기 두께 ㅁ친!! 육즙 얼마나 맛있을까❤️
100rang_food | 2024-05-12 | 왁 요기 미쳐써요😍
daejeon_ddomatddo | 2024-05-12 | 어우..❤️뼈삼겹 지방비율 미쳤네요❤️
sowon_yam2 | 2024-05-12 | 진짜 야무지게 뜯어먹고싶어용 ❤️❤️
wanteat._.eat | 2024-05-12 | 요기 진짜 핫하져😍🔥 ㅠㅠㅠㅠㅠㅠ
sikhookyung | 2024-05-12 | 이거 보니까 급 배고파져요🙆🏻‍♂️
jack__foodie | 2024-05-12 | ㅋㅋ하니볼마실때 찐표종이네 크
foo__zim | 2024-05-12 | 어우 연예인들 엄청 왔내
yamyammy_irisyam | 2024-05-12 | 오오오 궁금하당~~~❤️
mut_dam | 2024-05-12 | 고기가 정말 튼실❤️❤️
moo_boza | 2024-05-12 | 오오 도산정육 고기 믿고 먹어요 ㅠㅠ ❤️❤️
dugong0327 | 2024-05-12 | 하이볼까지 한잔하면 최고겠는데요🙌
berup_x | 2024-05-12 | 츄베릅❤️❤️
mukshutter | 2024-05-12 | 가갹최고❤️❤️
leeoh_review__ | 2024-05-12 | 고기가 진짜 두껍자나요❤️"
2024-05-10,479,"홍게랑 회랑 동시에? <다물선횟집> 회랑 홍게 둘다 먹고 싶을 땐 여기로! 회는 바로 떠서 싱싱해 입에 촥 감김🫶🏻 역시 활어회가 맛있어🫶🏻 홍게는 수율이 좋고 살이 가득🫶🏻 스끼다시로만 배터질 정도로 줄줄이 한상 나오고🫶🏻 초밥, 해산물, 가리비, 생선구이 등 알찬 구성🫶🏻 3인세트에 이 정도면 ㄹㅇ가성비인듯..? 시원한 살얼음 가득 물회가 지금 날씨에 딱🫶🏻 한입으로 뼛속까지 시원해지던데..?🫶🏻 소면까지 필수겠죠? @@강릉가쟈❤️ 📍#다물선횟집 📍 강원 강릉시 주문진읍 해안로 1767-2 ⏰ 평일 11:00-22:00, 주말 10:00-22:00 💵 홍게 3인세트 200000원 💵 물회 20000원 63주","#강릉맛집추천, #강릉여행코스, #강릉데이트코스, #주문진맛집, #주문진맛집추천, #주문진여행코스, #홍게맛집, #주문진회맛집, #강릉홍게맛집","muk.cow | 2024-05-13 | 물회의 계절이 왔소 ❤️❤️
true_gyeongju | 2024-05-12 | 캬 시원하니 죽이는데요
jaws_eat | 2024-05-12 | 와우ㅎ 물회진짜시원해보여유😍
halalala01 | 2024-05-12 | 와 시원하겟아요
ming_foodie_ | 2024-05-12 | 회 먹구싶어요❤️❤️
dongne_mukstagram | 2024-05-12 | 헉헉😍😍 맛나게 드셨사옵니까?ㅎㅎ🙌💗💗
g_bsoo | 2024-05-12 | 와..이렇게 싱싱한 회로 만든 물회라니, 너무 맛있을 것 같아요❤️
good.wd | 2024-05-12 | 🔥🔥🔥미쳤는데용 진짜 먹구싶당
fo_od_adventure | 2024-05-12 | 동시에 다 먹을 수 있다니😍 천국인가요
hwanlee_muksta | 2024-05-12 | 엄청 푸짐하게 나오네요?!😮
muk._kw | 2024-05-12 | 시원한 물회 최고 ㅠㅠ❤️❤️
jack__foodie | 2024-05-12 | 머리가띵~
sool_ottaku | 2024-05-11 | 시원한 물회 한그릇 땡겨요😋
misick.mag | 2024-05-11 | 홍게회?? 먹어보고싶다..
tasty_ssong | 2024-05-11 | 축축쳐지는데 딱이다❤️❤️
okay.eatting | 2024-05-11 | 활어회 최고❤️❤️ 배터지게 나오네요😍
bjo_____z | 2024-05-11 | 너무신선❤ 홍게 너무 제스탈이에요🥹
bing_9_yum | 2024-05-11 | 맛이 없을 수가 없는 비주얼이에여..🥹물회 넘 맛나겠어요♥️♥️
daily_tak1003 | 2024-05-11 | 보기만 해도 시원해지는 너낌이에오😁
zzu.meokbap | 2024-05-11 | 시원한 물회 한입에 다 먹어버리구파요💙
daejeon__tour | 2024-05-11 | 아악!! 물회 왕시원하게따😍
____17th____ | 2024-05-11 | 와 비주얼 미쳐써용❤️
qbee.eat | 2024-05-11 | 와;; 시원함 미쳤다 영상미 ㄷㄷ❤️
matddori_ | 2024-05-11 | 와앙 홍게랑 회 먹으러 갈래용❤️
dog.matdori | 2024-05-11 | 물회 지금이닷🔥
sewoong__park | 2024-05-11 | 시원하게 저도저도 먹을래요🔥🔥
margaret___bakery | 2024-05-11 | 우앙 비쥬얼 예술이에용❤️❤️❤️
foodexplorer_ahn | 2024-05-11 | 비주얼 끝판왕👏👏👏
foo__zim | 2024-05-11 | 어우....여기 완전 신선하겠당😍😍
ham_muklog | 2024-05-11 | 회 신선한거봐🔥 나두 먹을래에❤️❤️
_yeosudek_ | 2024-05-11 | 와 무조건!!! 홍게 츄베릅😍😍😍
leeyung1247 | 2024-05-11 | 맛도리🔥🔥
muko_die | 2024-05-11 | 와 홍게랑 회를 동시라니❤️❤️최고예요❤️
boryeong_mg | 2024-05-11 | 시원한 물회 넘땡겨요,,,,❤️❤️
gracehillary_food | 2024-05-11 | 물회 완전 보석같은 곳이에요🔥
busan_ttosik | 2024-05-11 | 올여름에 딱이네요❤️
real_matzip1 | 2024-05-11 | 우와 물회 대박~~~~ 기본도 너무 잘나오는데요❤️😍
jumma_buffett | 2024-05-11 | 홍게랑 회 동시에 먹으면 넘 맛날듯 스키다시도 최고네요❤️
jjgongju_ | 2024-05-11 | 와,,, 완전 푸짐하네여❤️❤️
ham2_ni__ | 2024-05-11 | 보기만해도 시원해요❤️
js__1oo4 | 2024-05-11 | 홍게 내장에다가 찍어서 먹는거 진짜 좋아하는데 딱 그렇게 드시니까 대리만족되용,,🩷🩷🩷🩷🩷
__it.s.youn | 2024-05-11 | 우와 .. !!!! 너무 푸짐한거 아닙니꽈~?
n_treasure_love | 2024-05-11 | 크 군침이 흐르네요~~😍😍
bonge_o0o_food | 2024-05-11 | 한꺼번에 먹을 수 있는거 최구당🙌
porschelin_man | 2024-05-11 | 와 더위를 한방에 날려버릴수있겠어요!
sy518126 | 2024-05-11 | 물회에 국수말아 😍 먹으러가야겟어요❤️
jo_c_bab | 2024-05-11 | 싱싱한게 느껴지네요 넘 맛있겠어요 🔥
ridomatt | 2024-05-11 | 헐 진짜 대박❤️❤️ㅠㅠ저도 넘 먹고싶어요😍
yamyammy_irisyam | 2024-05-11 | 비쥬얼부터 내 스탈~~~❤️
newly_cafe.eat | 2024-05-11 | 와 대박!🔥
eats_editor | 2024-05-11 | 뭉회대박❤️❤️
seoulplanet | 2024-05-11 | 격하게 먹고싶어요👏👏 비주얼 제대로네요😍😍
bokjaaa___ | 2024-05-11 | 진짜 여름에 필수
100rang_food | 2024-05-11 | 왕 요긴 미쳤자나요😍😍
ella._.tto | 2024-05-11 | 와 회 너무 싱싱해보여요 당장 제 입으로 ..🤤
yummy_follow | 2024-05-11 | 오 제대로닷 ❤️
jjinang_pick | 2024-05-10 | 찌냥이 이런 음식이 완전 취향저격이에오(❁´▽`❁) ❤️
daeji_eat44 | 2024-05-10 | 물회 넘 좋아해용👏❤️❤️
mat__check | 2024-05-10 | 홍게 주세용❤️❤️
bab_mukza_ | 2024-05-10 | 홍게 ㄹㅇ 살 도톰한거봐요😍
mukstival | 2024-05-10 | 머리부터 발끝까지 씨원해지는 느낌이에여❤️
kkutti_h | 2024-05-10 | 아 신선한 회에 물회 사랑..❤️❤️ 츄배릅~~🔥
daayun.zip | 2024-05-10 | 우앙 해산물 넘 맛나겠어용!!!!😆😆
rara_muk | 2024-05-10 | 홍게 너무 맛있겠어요😍
witty_foodie | 2024-05-10 | 흐아 군침 비주얼최고네용😍
okriong | 2024-05-10 | 왕··· 너무 먹음직스러워요😍
themukeou_2 | 2024-05-10 | 회랑 홍게 다먹어유❤️❤️
kkiro__muk | 2024-05-10 | 와 무조건 가야게쏘요❤️❤️
tastyseoul_ | 2024-05-10 | 대박이네요 😍
seula.busan | 2024-05-10 | 진짜 입에 촥 감기겠어여 💛
eat_binch | 2024-05-10 | 우왕 엄청 먹음직스러워요 👏👏 야식 급 땡겨요 🩷
d_t_muksta | 2024-05-10 | 하아 미쳤다…물회 진짜 좋아애효유ㅠ😍여름에 쉬원하게 딱 먹고싶네옇ㅎ
con_coffeemornot12 | 2024-05-10 | 바로 속부터 시원해지네요❤️❤️
matchimban_ | 2024-05-10 | 회 한입 홍게 한입 번갈아먹기❤️
muk._kww | 2024-05-10 | 회는 언제나 사랑이죠❤️❤️
hdul_daily | 2024-05-10 | 카페에서 물회 메뉴로 나올때 됐다..
chaenni_ni | 2024-05-10 | 앜 당장 먹고싶어요❤️
dasik_eat | 2024-05-10 | 완전 제 스탈🔥🔥
picky._.eat | 2024-05-10 | 우아,,ㅠㅠㅠ 여름철에 주머니속에 넣고단면서 먹고싶어욬ㅋㅋ
muk_captain_ | 2024-05-10 | 저도 넘 먹고 싶어요 ㅠㅠ 요거 계쏙 보고있다가는 다이어트는 저멀리 날라걸같아요 😂😂 그래도 보고있으니 행복해서 너무 좋아용🥰🥰
bbbm_jg | 2024-05-10 | 저도 먹어보고 싶어지네요 대박사건이에여
suhoyum | 2024-05-10 | 우와 시원함 가득❤️
fooody_h_ | 2024-05-10 | 비주얼 완전 미쳐버렸다~~~😍
cafe_9kyung | 2024-05-10 | 물회 비주얼에 침 꼴깍😋
mukjaong | 2024-05-10 | 아 먹으면 머리가 지끈할 거 같아요!😍
mukcamera | 2024-05-10 | 완전 시원비주얼 츄릅베❤️
matport_ | 2024-05-10 | 진짜 비주얼이 미쳤눈데요ㅠㅠ❤️
muk._.chuuru | 2024-05-10 | 사장님 넘커서 못들어올리신듯..!
mukjung_ | 2024-05-10 | 나도먹고싶다구회홍게!!
hihee.e | 2024-05-10 | 회 신선하니 대박이에여❤️
mukrosee | 2024-05-10 | 어흑 ㅜㅜㅜ 물회의 계절이에요 ㅠㅠㅠ
tastyseoul_ | 2024-05-10 | 우와 😍대박 너무 맛있겠어요
1onefood_ | 2024-05-10 | 크으 물회 여긴 찐인데융??😍😍
yeoni_mukstar | 2024-05-10 | 우왕 저도 강릉가서 시원한 물회 먹을래요❤️❤️
muk_jjiyom | 2024-05-10 | 해산물 쳐돌이 못참고 달려가요🔥
tanguriyaaa_ | 2024-05-10 | 물회 호로록❤️❤️
mim_mi__ | 2024-05-10 | 와 홍게랑 회 다 먹으러 갈래요ㅠㅠㅠ
mukbo_jjang | 2024-05-10 | 시원하게 물회 한사발 마려워여🔥❤️
yummy.0.yam | 2024-05-10 | 꺅 저도 먹고싶어요❤️
mat.search | 2024-05-10 | 싱싱한 회에 물회 홍게까지 넘 좋은데요❤️❤️"
2024-05-07,486,햄버거가 신기하게 생겼어요 <빌레왓> 산방산 뷰에 마당이 이쁜 곳🫶🏻 제주도 특산품으로 음식을 만들어 색다른 양식 가득🫶🏻 산방산을 본떠 만든 버거🫶🏻 제주산 돼지고기랑 소고기 두 종류🫶🏻 불고기소스가 듬뿍 들어간 싱싱한 야채 가득 샌드위치 느낌🫶🏻 한라봉 올라간 피자는 처음🫶🏻 얇은 도우에 아삭한 야채 잔뜩🫶🏻 상큼한 한라봉까지 더해지니 더욱 프레쉬함🫶🏻 고기가득 버섯가득 흑돈라이스가 문어가 통으로 들어간 파스타는 꾸덕 매콤🫶🏻 수제청으로 만든 상큼한 한라봉에이드까지🫶🏻 @@제주가쟈❤️ 📍#빌레왓 📍 제주 서귀포시 안덕면 화순서동로 14 ⏰ 11:00-20:00 ‼️ 수요일 휴무 💵 산방산버거 세트 10000원 💵 한라봉야채피자 18000원 💵 흑돈라이스 13000원 64주,"#제주도맛집추천, #제주도여행코스, #산방산맛집, #산방산맛집추천, #제주도양식, #서귀포맛집추천, #서귀포여행코스, #제주도흑돼지맛집","huibong_sta | 2024-05-17 | 음식이 하나같이 다 맛있게 보이네요😍
onnu_jjung | 2024-05-13 | 옴마 너무 신기해요🔥🔥🔥
daily_tak1003 | 2024-05-11 | 우와 맛난 양식먹으러 제주도가고싶어지네요❤️
mukteller | 2024-05-09 | 와 산방산 뷰라뇨ㅠㅠ❤️
honest_consumer | 2024-05-08 | 와,, 아이디어 ㄷ ㄷ 제주도 대표메뉴가 될수도 있겠는데요?! 😁
eat._.dopig | 2024-05-08 | 😂돌햄버걸~신기방기하네요
sowon_yam2 | 2024-05-08 | 앜ㅋㅋㅋㅋㅋ진짜 신기하게 생겼어여❤️
daily_mukbbaek | 2024-05-08 | 와우....버거가 진짜 신기한데여..?!!😍😍 당장 맛보고싶댜🔥🔥
haenbok_eat | 2024-05-08 | 햄버거 넘 신기한데여😍😍ㅋㅋㅋ
epicure_jung | 2024-05-08 | 우와 ㅋㅋㅋㅋ 이거 신기하네요!!!
mo_muknyang | 2024-05-08 | 헐 뷰 완전 힐링이자나요ㅠㅠ💖💖
omuk_eats | 2024-05-08 | 오 햄버거도 피자도 다 넘 궁금한 비줠인데요😍
mat__check | 2024-05-08 | ❤️❤️
mat__check | 2024-05-08 | ❤️❤️주세요
busan_delicious_diary | 2024-05-08 | 햄버거가 궁금한데요 ❤️
matpamine_ | 2024-05-08 | 헉 이거 왜이렇게 신기하쥬
korurruck | 2024-05-08 | 우와.. 꼭 한번 먹어보고싶어요😍
yoon.min.ga.0513 | 2024-05-08 | 햄버거 완전 시강인데용😍
tanguriyaaa_ | 2024-05-08 | 오모 햄버거 신기방기❤️❤️
yam._.suming | 2024-05-08 | 햄버거였다니😮🖤
hye_foodie_ | 2024-05-08 | 왘ㅋㅋㅋㅋㅋ 유에프오같애요왕기여워😍
_gahyoida | 2024-05-08 | 와.. 영락 없이 모카번이라고 생각해따😂
yammyam_m | 2024-05-08 | 오엇 신기해요❤️
mat_puri | 2024-05-08 | 파스타에 문어들어간거 취향저격😍
hyunjae_mukstagram | 2024-05-08 | 빌레왓💙
cherry.s_pic | 2024-05-08 | 돌맹이 아닌가유 🤩🤩
bab_mukza_ | 2024-05-08 | 저도 첨에 돌인줄 알앗는데 맛도리 친구였네용 ㅋㅋㅋ
three_wishes_3 | 2024-05-08 | 파스타 너무 맛있어보여요🙌🙌❤️❤️
muscleyam | 2024-05-08 | 비쥬얼지린댜... 이건 진짜 먹어보고프네요😍😍
_workers__weekend | 2024-05-08 | 오 완전 신기하게 생겼어요!😍
qbee.eat | 2024-05-08 | 대박 ㅋㅋㅋㅋㅋ 비주얼 넘 예쁜거아니냐며 ❤️❤️❤️
myeong_jonmatt | 2024-05-08 | 햄버거 츄베릅
ssu__kyoung | 2024-05-08 | 아니!! 이게 무슨 햄버거입니까? 궁굼하게~
ham_muklog | 2024-05-08 | 뷰도 예쁜데 버거 싱기방기🔥🔥
dong_bo.114 | 2024-05-08 | 요즘은 검정색음식이 인기인가바여 ㅋㅋ
korea_foodzone | 2024-05-08 | 우아 야외에서 먹구싶당ㅎㅎㅎ
themukeou_2 | 2024-05-08 | 제주도만의 양식먹으러❤️❤️
kkutti_hhh | 2024-05-08 | 돌?! 비주얼.. 🪨ㅋㅋㅋㅋㅋ 너무신기해요!!! 완전 궁금 맛도 돌일까요•_•ㅋㅋㅋ
sltnqdla | 2024-05-08 | 우아 버거 너무 신기하게 생겼자나요❤️
daayun.zip | 2024-05-08 | 우앙 버거 넘 맛나겠어용!!!!😆😆
leeoh_review_ | 2024-05-08 | 우와 여기 가구파요❤️❤️
tastyseoul_ | 2024-05-08 | 우와 😍 너무 맛있겠어요
kokomom_kokonyam | 2024-05-08 | 흐앙!!!먹어볼래요👏👏신기방기👏👏
biggn_o | 2024-05-08 | 허얼 햄버거갘ㅋㅋㅋ넘 탐난다요🙌
muk_jjiyom | 2024-05-08 | 헐 햄버거였다니
meokdoong | 2024-05-08 | 와햄버거넘신기해영 ㅋㅋㅋㅋㅋ
muksta_cici | 2024-05-08 | 우와 비쥬얼이 진짜 대박이네요👍❤️
asan.bbotto | 2024-05-08 | 햄버거 비주얼 대박 너무 먹고 싶어요 😍
sewoong__park | 2024-05-08 | 빵부터가~👍👍👍먹어보고싶네요😍
h_mochi_bungeo | 2024-05-08 | 대박이에용❤️❤️
n_treasure_love | 2024-05-08 | 와우 신기하게 생겼어요ㅋ😍
ddunny_ddun | 2024-05-08 | 햄버게 구엽다진짜ㅋㅋㅋ❤
mukbulim_0817 | 2024-05-08 | 버거 비줠 최고인데요.?😮😮❤️
yum_yum_kkakka | 2024-05-08 | 햄버거가 돌색이야 ㅎㅎ❤️
sul_anju_king | 2024-05-08 | 돌버거 너무 궁금해요 ㅎㅎ😍
porschelin_man | 2024-05-08 | 진짜 신박한 비쥬얼이네용ㅋ
bokjaaa___ | 2024-05-08 | 와 진짜 햄버거 특이하네용❤️❤️
bobs_holic | 2024-05-08 | 오잉 돌같이 생긴 햄버거네요 ㅎㅎ 신기하다앙
taste_cherish | 2024-05-08 | 와 돌인줄알았어요 ㅋㅋㅋㅋ😍
bottlejune__96 | 2024-05-08 | 우왕 여기 햄버거 특이한걸요?? ㅎㅎㅎ😮😍
hello_s_foodie | 2024-05-08 | 돌버거ㅋㅋㅋㅋㅋ 제일 못생긴 버거🔥🔥🔥
hwanlee_muksta | 2024-05-08 | 산빙산은 저렇게 생겼구나😍
dasik_eat | 2024-05-08 | 캬 너무 좋아요🔥🔥
eats_editor | 2024-05-08 | 돌덩이아닌가요??ㅋㅋㅋ
matzip_hyena | 2024-05-08 | 현무암버거 킁킁..🐺🐺 츄베릅 층층
nuncong._ | 2024-05-08 | 안에 안 잘라보면 햄버거인지 몰랐을거 같아요😮
seoul_food_like | 2024-05-08 | 햄버서 비주얼 대박이에여❤️❤️
treeview__ | 2024-05-07 | 흑돈아이스❤️
daeji_eat44 | 2024-05-07 | 햄버거 넘 궁금하고 신기해요😍❤️❤️
kidmstyle | 2024-05-07 | 😍😍
kidmstyle | 2024-05-07 | 산방산햄버거 너무궁금해요😍
hdul_daily | 2024-05-07 | 우아 돌드시는줄알았는데 햄버거라니😍
dalove04 | 2024-05-07 | 신기하네여❤️❤️
tipsy_jinnie | 2024-05-07 | 우아 햄버거 비주얼 완전 특별하네요❤️
aeyongxxi | 2024-05-07 | 살려달라냥
muk._.chuuru | 2024-05-07 | 제주도가야겟네!
jjinang_pick | 2024-05-07 | 오모오모❤️ 제주도 특사에요 아주ㅐ
bonge_o0o_food | 2024-05-07 | 쁘레쉬~하고~~! 중독성있당 ㅋㅋㅋㅋ🤭🤭
honey._punch | 2024-05-07 | 돌 아니에요?
seula.busan | 2024-05-07 | 햄버거에 피자까지 특색있네용 🖤
fa_eating_ | 2024-05-07 | 헐 돌버거 ?!!! 궁그매 ❤️❤️❤️❤️
mukstar_md | 2024-05-07 | 한라봉 피자 대박🤗
muuk.dda | 2024-05-07 | 와 햄버거 미챴다 ㅋㅋㅋㅋㅋㅋ손에 안 묻는 햄버거,,? 아 피자도 탐나는데요,,
mukkarong | 2024-05-07 | 햄버거 돌맹이 인줄알았어요!!😆😆😆 제주도 가면 가봐야겠어요!!👍👍
eating_happily_ | 2024-05-07 | 오잉ㅋㅋㅋㅋ시커매서 뭔가 했어욬ㅋㅋㅋㅋㅋ
newly_cafe.eat | 2024-05-07 | 와 대박이에요!🔥
mim_mii__ | 2024-05-07 | 우와아 버거 진짜 신기하게 생겼어요😮
ddo_sil | 2024-05-07 | 햄버거 싱기방기해요❤️
muk_jin_sim | 2024-05-07 | 힉😍😍 요기넘맛있겠어용❤️❤️
nyam_.nya | 2024-05-07 | 진짜 대박이네요 여긴🤤
_mol_bbang | 2024-05-07 | 흑돈라이스 첨봐용😍
matxnyang | 2024-05-07 | 우와아 ㅋㅋㅋㅋㅋ 진짜 신기한 비주얼이에요😮❤
mak_mukji | 2024-05-07 | 우와..근데진짜햄버거맛잇겟당
rara_muk | 2024-05-07 | 햄버거 진짜 특이하다❤️
e_he_he__ | 2024-05-07 | 제주가면 필수코스인데용😍😍
yum_mypick | 2024-05-07 | 한라봉피자 맛 궁금한데요❤️ 햄버거도 속 가득한게 넘 맛있겠어요🤤
mukrosee | 2024-05-07 | 우와 햄버거 겁나 특이해유😮
teddy_zip_ | 2024-05-07 | 우아 햄버겈ㅋㅋㅋㅋㅋㅋㅋㅋ 너무 특이해요😍
taetae_foodie | 2024-05-07 | 헐 여기 햄버거 너무 궁금해여❤️
muckza_zzae | 2024-05-07 | 햄버거 누무조아❤️❤️"
2024-05-07,466,이름에 ‘ㅇ‘ 들어가는 사람이 쏘기❤️ @@술배틀 ㄱㄱ🔥 주말 5시에 앞에 웨이팅 4팀 이름 쓰는 것 없이 그냥 앞에서 줄서면 됌‼️ 숯불에 양념 쓱 묻혀 구워주심 불향 솔솔 닭꼬치 한입🫶🏻 소주를 안 마실 수 없음🫶🏻 숯불에 구운 닭발에 소주❓ 절대 못참음🫶🏻 기본으로 제공되는 해장국으로만 한병 순삭🫶🏻 📍#대전해장국 📍 서울 마포구 고산7길 25 ⏰ 매일 15:00-24:00 64주,"#신촌맛집추천, #신촌술집추천, #신촌술집, #신촌데이트코스, #마포구맛집, #꼬치구이맛집, #신촌역맛집, #신촌가볼만한곳","yongjjangzz | 2024-05-17 | @5h.ho_ 쏴라
81ackp0ny | 2024-05-09 | 나 여기 갈래ㅐㅐㅐ
muckstar00 | 2024-05-09 | 진짜 넘 넘 예쁘게 드세용 ❤️❤️❤️ 꺄
food_zohaa | 2024-05-09 | 대전해장국 꺄아
judang_2_ | 2024-05-09 | 우앙 대박인데요!!!! ❤️💛❤️💛
muk_gonny | 2024-05-08 | 맛도리들이 다모였네요😃😃 다 먹고싶어요😍😍
honest_consumer | 2024-05-08 | 어우 ㅠㅠㅠ 이건 그냥 바로 소주 3병각이죠❤️
colorfulsundays | 2024-05-08 | 때깔 예술이에요🫠🫠🫠
food_salja_go | 2024-05-08 | 저 ㅇㅇ 인데 두번쏴야겠네요ㅋㅋ
songss_story | 2024-05-08 | 우와...소주..각🔥
sltnqdla | 2024-05-08 | 해장국없는 해장국집 신박해요❤️❤️
jjoni_jh | 2024-05-08 | 불맛가득 🔥 노포갬성까지 직이네예
daily_mukbbaek | 2024-05-08 | 저여기 완전 궁그미😍😍😍
bokjaaa___ | 2024-05-08 | 헐 궁금한데오 여기???❤️
seoul_food_like | 2024-05-08 | 와 꼬치 비주얼 대박,,,,❤️
bonge_o0o_food | 2024-05-07 | 술배틀 뜰 사람🔥
newly_cafe.eat | 2024-05-07 | 짱이에요!👏
mukparty | 2024-05-07 | 이건진짜 맛 있어 보여요🔥🔥🔥
food_matgwanbu_ | 2024-05-07 | 술 잘들어가겠네요😍
taetae_foodie | 2024-05-07 | 오ㅏ 여긴 진짜 소주각이네요😮❤️
margaret___bakery | 2024-05-07 | 우앙 비쥬얼 대박이에용🔥🔥👏👏
hj_foodie | 2024-05-07 | ㅠㅠ대전해장국 진짜 지리는고망❤️
mattjun11 | 2024-05-07 | 여기 진짜 대존맛 ㅋㅋㅋ소주 세병 먹고 나옴여 ㅋㅋ
taste_dori | 2024-05-07 | 꺄 넘나 맛도리각이에여❤️❤️
mukchoding | 2024-05-07 | 대박이에요😍😍
ham_muklog | 2024-05-07 | 꼬치구이 먹으어 갈래요❤️❤️
1onefood_ | 2024-05-07 | 크으으 가야할꺼같은데용??😍😍😍😍
yeoningfood | 2024-05-07 | 여기 중간고사 끝나구 완전 술파티하러 가던 곳…
pigrami_ | 2024-05-07 | 크 진짜 맛나게따…침 줄줄..🤤
_yamiyomi_ | 2024-05-07 | 메뉴선정이 완전 제서탈🤍(๑✧◡✧๑)
laurent_busan | 2024-05-07 | 꼬치구이 목으러갈랴용 ❤️❤️
hye_foodie_ | 2024-05-07 | 여기 지이이인짜 핫하쟈나요😍
boryeong_mg | 2024-05-07 | 꼬치구이 대박이댜.,,❤️❤️꼬치에 해장국 말뭐😍😍
muk._kwww | 2024-05-07 | 술 왕창 먹으러 ㄱㄱ ㅠㅠ❤️❤️
muk_geobolka | 2024-05-07 | 군침 꿀꺽❤️❤️
meok_kkkyu_ | 2024-05-07 | 아 저 지짜 여기 가보구시퍼요🔥🔥술이 술술 들어가게써요 너무 맛잇어보여요😂
da_muk_nyam | 2024-05-07 | 크흐😍맛나겠다아
hyanggu_foodie | 2024-05-07 | 와ㅠㅠ 소주 각입니다 ❤️
__it.s.youn | 2024-05-07 | 와 .. !! 여긴 그냥 바로 저장하고 가야할 곳
gyul_yummy | 2024-05-07 | 이건 진짜 소주각이에요ㅠㅠ
aug_piiggg | 2024-05-07 | 저 여기 먹킷이에요ㅠㅠ❤️
jukwanseek_jeju | 2024-05-07 | 양념색이 미쳤는데요?
mo_muk_._ | 2024-05-07 | 찾았다 내가 소주로 줄 세울 집
eat._.dopig | 2024-05-07 | 여기 ㅎㅎ 완전 가보고싶어요
mat_puri | 2024-05-07 | 우왕 여긴 완전 핫플되게따🔥
g_bsoo | 2024-05-07 | 안주 킬러로서 여긴 무조건 가야겠어요❤️
timeto_food_seoul | 2024-05-07 | 꺅 저도 가봤쥬 콩나물국 소주안주 대박
bottlejune__96 | 2024-05-07 | 꼬치구이 야들야들한 자태만봐도 당장 먹고파요 ㅠㅠㅠ🔥🔥
daeji_eat44 | 2024-05-07 | 꼬치구이 너무 먹고싶어용😍❤️❤️
ju.food_ | 2024-05-07 | 와 꼬치구이 진짜 찐인데여🔥
tastyseoul_ | 2024-05-07 | 우와 😍대박 너무 맛있겠어요
wu_hyun | 2024-05-07 | 이름땜에 항상 기억이 남는 곳인거 같아영 해장국인데 ㅋㅋ
man2_house | 2024-05-07 | 불맛가득 치이네요❤️
jack93kim | 2024-05-07 | 아 신촌이구나...?......
jack93kim | 2024-05-07 | 언제 대전가셨대유...
jack93kim | 2024-05-07 | .....와 꼬치 비쥬얼 몽미....
hee.muk__ | 2024-05-07 | 술이 술술 들어가겠네요👏👏
tttt.yeon_ | 2024-05-07 | ㅋㅋㄲ대전도아닌 해장국도안파는 꼬취집❤️
dog.matdori | 2024-05-07 | 저두 여기 너무 가보고싶었는데ㅠ
eating_happily_ | 2024-05-07 | 여기 불맛 최고예요🔥
js__1oo4 | 2024-05-07 | 닭발 불맛 제대루겠당❤️❤️
꼬치구이랑 닭발에 소주 한잔 크으🥹🥹
manchaelin | 2024-05-07 | 대바악 꼬치구이 즉석에서 구워서 딱 ㅠㅠㅠ 진짜 쏘맥 땡겨요,,
porschelin_man | 2024-05-07 | 와 완전소주각이네요!^^
jjinang_pick | 2024-05-07 | 오늘 미모가❤️❤️
hello_s_food | 2024-05-07 | 소주 순삭하겠는데여😍 2만 축하드려요~ 3만 가즈아🔥❤️❤️
muck_koozi | 2024-05-07 | 비주얼 예술 ㅠㅠ
dragon_gyou | 2024-05-07 | 와우 닭발 땡깁니다😍😍
mukteller | 2024-05-07 | 2만 축하드려요❤️❤️
mukteller | 2024-05-07 | ㅇㄷㅇ @mukstar_md
muuk.dda | 2024-05-07 | 롹 꼬치 ㅠ 미쳤다,,,,,,,,😮
09x25zz | 2024-05-07 | 와우 노포갬성 지대로네용ㅋ최고😍
aeyongxxi | 2024-05-07 | 여기는 못참지냥❤️
sikhookyung | 2024-05-07 | 와후 지리고 오지네요🙆🏻‍♂️🩷
maaat.q | 2024-05-07 | 꼬치 대박인데요 소주소주소주소주!
churping_oo | 2024-05-07 | 허얼 나도 가고싶다요❤️
zzangdol77 | 2024-05-07 | 와 넘나맛나겠어요~~~~🔥🔥🔥🔥🔥
limeunzzo | 2024-05-07 | 악 여기 가보고파요ㅠㅠㅠㅠㅠ
nemokimpd | 2024-05-07 | 아 여기 가야되는데
tastyseoul_ | 2024-05-07 | 우와 😍맛있겠어요
hdul_daily | 2024-05-07 | 진짜 갬성부터미치네여!
jack__foodie | 2024-05-07 | 소주
jack__foodie | 2024-05-07 | 호뉴각이야ㅠㅠ
hihee.e | 2024-05-07 | 헐 꼬치 대박 먹구파로❤️❤️
cluk_mom | 2024-05-07 | 와우~~ 매콤하니 스트레스 확 풀린당❤️
mukrosee | 2024-05-07 | 닭발 미쳤다... 소주각❤️❤️
muko_die | 2024-05-07 | 왘ㅋㅋㅋ진짜 술배틀 떠야할 곳인데요😍
korea_foodzone | 2024-05-07 | 와씨ㅜㅜㅜ끝냐준다
seoyeon_gom | 2024-05-07 | 꼬치구이 여기 진짜 유명하자나용>.< 소주무조건 먹어줘야죠❤️❤️
food_chy._.ee | 2024-05-07 | 숯불에 양념 스윽ㅠㅜ 소듀 무조건 부르는 맛이에오❤️
leeoh_review_ | 2024-05-07 | 소주각이당❤️
teddy_zip_ | 2024-05-07 | 우앗 여긴 가봐야해요😍
busan_deliciousdiary | 2024-05-07 | 유아 뷸향 너무 좋아요❤️❤️
platon_anyang_official | 2024-05-07 | @j.h.lee850601
platon_anyang_official | 2024-05-07 | 이곳은 노고산동과 창천동 일대에 살던 호주머니가 가벼운 뮤지션들과 연세대 주당들에게서 입소문이 난 곳이랍니다. 이곳 바로 앞에 살았던적도 있어요, 이제 젊은분들이 하는걸로 아는데 아닌가요?
muk__guri | 2024-05-07 | 소주 5병 부셔야겠다
dalove04 | 2024-05-07 | 대박❤️❤️ ❤️너무먹고싶어여❤️❤️
dugong0327 | 2024-05-07 | 불향 가득 소주각이네요🙌
mukdang0 | 2024-05-07 | 꼬치구이 츄베릅 ❤️❤️
hh.__.jin | 2024-05-07 | 여기 꼬치 궁금해 😍😍
mukbo_jjang | 2024-05-07 | 여기 진짜 맛집이에여🔥🔥 2번 가봤는데 웨이팅ㅜㅜ 콩나물국 주시는 것두 개꿀맛이쥬ㅣ🤤❤️"
2024-05-03,503,@@짱구포카 뽑아줘 삼첩분식에서 오늘(5/3일)부터 짱구랑 콜라보🫶🏻 분식브랜드 최초 짱구 콜라보라니 떡볶이랑 짱구 사랑하는 나한테 딱🫶🏻 짱구 세트를 시키면 포카를 한 장 줌🫶🏻 훈이가 나와서 슬펐지만..ㅠ 귀여운 스티커팩까지 주는데 한정판이라 빨리 시켜야함🫶🏻 배달 박스도 이뻐서 짱구러버인 나는 박스까지 소장 중🫶🏻 굿즈는 매장당 200개 한정이라고🫶🏻 짱구세트 구성이 여러개라 좋음🫶🏻 일단 떡볶이소스가 꾸덕꾸덕 진해서 사이드 찍어먹으면 찰떡🫶🏻 대패볶음밥이 고슬고슬하니 맛있었음🫶🏻 얼른 주문하고 굿즈 받자❤️ ‼️ https://samcheop.page.link/download 📍#삼첩분식 전지역 64주,"#짱구콜라보, #짱구는못말려, #짱구, #짱구굿즈, #한정판, #떡볶이맛집, #떡볶이맛집추천, #떡볶이배달, #배달맛집추천, #야식추천메뉴, #떡볶이추천","honest_consumer | 2024-05-08 | 짱구 콜라보❤️ 너무 귀엽네요! 꾸덕한 떡볶이 땡겨요!
samcheop__official | 2024-05-07 | 짱구 굿즈 활용법 인증하면, 삼첩분식이 일본 항공권도 쏜다?! 자세한 내용은 공식 채널로 슝=3
iree.eat | 2024-05-05 | 됸맛으로보인당😙
juner_315 | 2024-05-05 | 훈이가 왜요!!😢
bonge_o0o_food | 2024-05-05 | 한정템 소장각 인졍❤️❤️
muk_jjiyom | 2024-05-05 | 우와 넘 귀여워용 ㅠㅠ
tanguriyaaa_ | 2024-05-04 | 삼첨분식 당장 진행시켜요❤️❤️
hihee.e | 2024-05-04 | 헐ㅋㅋㅋ넘귀에요><
ddoddopang_ | 2024-05-04 | 아 짱구 너무 귀여워요❤️❤️
bokjaaa___ | 2024-05-04 | 짱구 넘 좋어하는데 이거 시킬래요 ㅠㅠ❤️
1s_food | 2024-05-04 | 꾸덕한 떡볶이 좋죠👏
seoul_food_like | 2024-05-04 | 헉 패키지 넘 기여워요❤️❤️
laurent_busan | 2024-05-04 | 삼첩분식 로제 원픽인데 당장 시켜야겠네용 ❤️❤️
mmzip_daejeon | 2024-05-04 | 저두 포카 도전🔥🔥
colorfulsundays | 2024-05-04 | 🔥🔥🔥🔥🔥🔥
colorfulsundays | 2024-05-04 | 마라떡볶이왕맛❤️❤️❤️❤️
newly_cafe.eat | 2024-05-04 | 귀여워요!!👏
waguwagu_mucksun | 2024-05-04 | 우아 짱구 넘나 귀엽다용😍
dog.matdori | 2024-05-04 | 맹구 갖구싶당❤️
taetae_foodie | 2024-05-04 | 헐 짱구러버 어늘 주문각..❤️
mattjun11 | 2024-05-04 | 짱구세트 귀엽네요 ㅋㅋ 꾸덕함 끝판왕
chopchop_univ | 2024-05-04 | 짱구포카 못참죠🥹🔥
bottlejune__96 | 2024-05-04 | 우왕 삼첩분식이랑 짱구 콜라보라니 너무 귀엽자나요 ㅠㅠㅠ😍😍
aeyongxxi | 2024-05-04 | 여기 갈래냥❤️
ggam_food | 2024-05-04 | 삼첩 세번시킬래여🔥
matddori_ | 2024-05-04 | 대박 맛있어 보여용💓
gaeddo_muksta | 2024-05-04 | 짱구 콜라보 못참지❤️
mat_puri | 2024-05-04 | 짱구에 미췬년 출동합네다
food_chy._.ee | 2024-05-04 | 앜ㅋㅋㅋㅋㅋ훈잌ㅋㅋㅋㅋ오랜만에 삼첩 배달 각이네요🔥🔥
vgzxayn | 2024-05-03 | 카리나 태그해
dasik_eat | 2024-05-03 | 와 좋아요🔥🔥
jack93kim2 | 2024-05-03 | 오오오오 짱구세트 ㅋㅋㅋ😍
meokdoong | 2024-05-03 | ㅋㅋㅋㅋ아훈발놈 ㅋㅋㅋㅋㅋ
korea_foodzone | 2024-05-03 | 짱구포카 제가 뽑을게여~
muuk.dda | 2024-05-03 | 아니 사이드 세트 구성까지 완벽 ㅠㅠㅠ
jjinang_pick | 2024-05-03 | 아 나 짱구넹 ㅠㅠㅠ
hot__zip | 2024-05-03 | 헉 짱구세트라니 달려🔥
mukstival | 2024-05-03 | 제가 짱구 뽑을테니 훈이랑 바꺼머거요(ว˙∇˙)ง(ว˙∇˙)ง
dayeating_ | 2024-05-03 | 짱구세트 완전 땡겨요❤️
yung_e17 | 2024-05-03 | 스티커개기엽 ㅜ
hj_foodie | 2024-05-03 | ㅋㅋㅋㅋㅋ훈발롬 등장 ㅋㅋㅋㅋㅋ🔥
daejeon_ddomatddo | 2024-05-03 | 짱구 패키지 못 참죠🔥
busancity_bonggu | 2024-05-03 | 짱구당❤️❤️
tttt.yeon_ | 2024-05-03 | 짱구포카 넘귀탱😍❤️❤️ 포카모아야되니까 지금시킬게요ㅋㄱㄲ
_han._.ul | 2024-05-03 | 와 짱구포카 너무 좋잖아요..❤️
daily_tak1003 | 2024-05-03 | 헉 짱구 좋아하는데 오늘 야식각이네요🔥
mo_muk_._ | 2024-05-03 | ㄷㄷ 훈발롬 등장
daily_busan_matzip | 2024-05-03 | 삼첩분식 짱구 달려가즈아😍🔥🔥
js__1oo4 | 2024-05-03 | 짱구포카라니 생각만해두 행복해ㅠㅠㅠㅠㅠ🩷🩷🩷
맛있는 분식먹고 포카 얻오야지🔥
misick.mag | 2024-05-03 | 헐 난 짱구카드 가지고싶다..
dokkkiee | 2024-05-03 | 아놔 훈이 ㅋㅋㅋㅋㅋㅋㅋㅋㅋㅋㅋㅋㅋㅋㅋㅋㅋㅋㅋㅋㅋㅋ너무 킹받어요ㅠ
ggulbok2_muksta | 2024-05-03 | 비주얼 모냐구요ㅠㅠㅠㅠ😢😢😢😢
dama.dessert | 2024-05-03 | ㅋㅋㅋㅋㅋ훈ㅂㄹ ㅋㅋㅋ짱구덕후인데 탐나네요 💛🤍
mukgu_ddomuk | 2024-05-03 | 배고파요 ㅠㅠㅠ우왕..❤️
ibabstargram | 2024-05-03 | 떡볶이 비쥬얼이~~~ 배고파요
ondo.date | 2024-05-03 | 미쵸따아아아 넘 좋은데요 ! ❤️
so_rowsm | 2024-05-03 | 당장 삼첩분식 주문해야겠어용😲
gge.juck | 2024-05-03 | 훈이는 좀 그런데요;;
do___yummy | 2024-05-03 | 헉 훈발롬(?) ㅠㅠ 짱구 스티커 탐나요😍
muck_bbangsu | 2024-05-03 | 저도 삼첩분식먹었는데 맛도리😍
eating_rest | 2024-05-03 | 삼척 분식 너무 좋아요❤️❤️
muko_die | 2024-05-03 | 오우 진짜 오늘 바로 시켜먹어야겠어요🔥
rara_muk | 2024-05-03 | 짱구땜에 먹오야겠다😍
churping_oo | 2024-05-03 | 짱구러버라서 나도 먹어봐야겠어❤️
doppa_gram | 2024-05-03 | 분식 넘 좋아요😍
ddomukz | 2024-05-03 | 짱구는 진짜 못참쥬😍😍
mukrosee | 2024-05-03 | ㅠㅠㅠ짱구포카 졸귀다요❤️❤️
j2ch.busan | 2024-05-03 | 삼첩분식 열일 무슨릴이에요ㅋㅋㅋㅋ 짱구랑 콜라보라니 당장 주문할래요❤️
cooking_sam_kitchen | 2024-05-03 | 우왕 ㅎㅎ 짱구 귀여워라 맛도 체고입니다 ❤️
kidmstyle | 2024-05-03 | 오늘 저녁 분식으로가야겠는데요😂 짱구 뽑아보고 싶어요😍
daeji_eat44 | 2024-05-03 | 짱구 구여워용😍❤️❤️
meokkoking | 2024-05-03 | 훈이 원츄❤❤❤
meokkoking | 2024-05-03 | ❤
joma__cook | 2024-05-03 | 완전 취향저격이에요❤️
hdul_daily | 2024-05-03 | 으앜 짱구귀여운데여!
muckza_zzae | 2024-05-03 | 아 삼첩 ㄱ맛도리겟다ㅠㅠ
100rang_food | 2024-05-03 | 왁 짱구는 못참는데..😮
eats_editor | 2024-05-03 | 훈이 ㅠ
ring__b | 2024-05-03 | 와 분식 넘 맛나겟어욤 😍 거기에 귀여운짱구까지 🧡
1onefood_ | 2024-05-03 | 앜ㅋㅋㅋㅋㅋ졸귀탱이네여 크 비주얼까지 미챴네용😍
eat._.dopig | 2024-05-03 | 짱구포카 모아야겠는데욮
muk_captain_ | 2024-05-03 | 츄릅츄릅..!
muk.k.tang | 2024-05-03 | 아 이건 못참아요❤️ 소장욕구❤️❤️
missikaga | 2024-05-03 | 떡볶이 대박,, 대나무 헬기 준비할게요 ><
sowon_yam2 | 2024-05-03 | 포카 저도 뽑아주세용❤️
themukeou_2 | 2024-05-03 | 포카하나 내놔!!!!🙌🙌🙌🙌😍
cherry.s_pic | 2024-05-03 | 삼첩은 믿먹이죠 🥰🥰
epicure_jung | 2024-05-03 | 하필훈이 ㅠ 마라로제떡볶이 더 드셔야할듯요ㅋㅋ
aug_piiggg | 2024-05-03 | 머야 왜이리 궈여워요ㅠㅠㅠ❤️
seoulplanet | 2024-05-03 | 짱구 귀여워서 주문해야겠다😍
biggn_o | 2024-05-03 | 짱구세틐ㅋㅋㅋㄱ주말 각이닼ㅋㅋ😍
bonny_vely_ | 2024-05-03 | 가꼬시프당!!
bonny_vely_ | 2024-05-03 | 가꼬시프당!!
mat.search | 2024-05-03 | 짱구 콜라보 넘 귀여워요😍😍
mukdang0 | 2024-05-03 | 훈이..떡볶이 츄베릅❤️❤️
tour_todayss | 2024-05-03 | 삼척분식 짱구세트 넘 좋은데요❤️
yoon.min.ga.0513 | 2024-05-03 | 짱구랑 콜라보 넘 귀얍네용😍 먹어봐야겠어요
matketers | 2024-05-03 | 우앙 비주얼 정말 맛도리네요!❤️ 저도 먹고싶어용😭
muk_.jjun_ | 2024-05-03 | 짱궄ㅋㅋㅋㅋㅋㅋ귀여워요!
matpamine_ | 2024-05-03 | 헉 넘 기여워🙌"
2024-05-02,596,"홍게가 무한리필? <주문진홍게무한리필> 수율좋은 홍게가 무한인 곳🫶🏻 처음이라 한마리만 직접 손질해주셔서 먹기 편했음🫶🏻 비리지도 않고 짜지도 않아 최고🫶🏻 내장도 가득하니 고소함🫶🏻 할머니께서 튀기듯이 굽는 누룽지순대🫶🏻🫶🏻 겉은 바삭 속은 쫀득해 고소함🫶🏻 누룽지는 바작한데 오징어는 쫄깃🫶🏻 얼큰한 해물라면으로 속 내려주기🫶🏻 홍게에 술 못참겠다🫶🏻 @@홍게털러가쟈❤️ 📍#주문진홍게무한리필 📍 강원 강릉시 주문진읍 신리천로 21 ⏰ 평일 11:00-22:00, 주말 10:00-22:00 💵 홍게 무한리필 38000원 💵 누룽지 오징어순대 15000원 수정됨 · 65주","#강릉맛집추천, #강릉데이트코스, #강릉여행코스, #강릉가볼만한곳, #무한리필맛집, #홍게무한리필, #주문진맛집추천, #주문진여행","hyeonmo8948 | 2024-06-09 | 가봤는데 가격대비 꽝
sseolmuse | 2024-05-28 | @q._.p_seoha @xx_s30
u_din_91 | 2024-05-24 | @jeongdeog0 자기야 여긴 가야해 주문진!
_nrrr__ | 2024-05-22 | @on_beauty___ ㄱ?
seohye_sea | 2024-05-22 | @12k.yg
yong_yong917 | 2024-05-21 | @xxng._hxx.__ 주문진이랭
mh__9310 | 2024-05-21 | @j_min_0813 홍게~~~~
asc611611 | 2024-05-20 | 앜~홍게무한 조타용👍👍👍
com1458 | 2024-05-20 | @ms_eon_
hxnx_x21 | 2024-05-17 | @ynn___a @_honeyrain 주문진납치좀해줘
drink_thief | 2024-05-04 | 홍게 미쳐따🔥❤️
happpyfoody | 2024-05-03 | 홍게도 맛있어보이고…. 오징어순대도 미쳤어여
honest_consumer6 | 2024-05-03 | 수율 미쳤다,, 홍게먹으러 갈래요❤️
seoul_food_like | 2024-05-03 | 게딱지에 밥비벼먹구시퍼요😂
gyul_yummy | 2024-05-03 | 홍게 무한리필이라니 좋네요💖💖
muko_die | 2024-05-03 | 와 진짜 담날까지 손가락에서 게 냄새 베일 정도로 먹고 올래요😍
colorfulsundays | 2024-05-03 | 진짜 맛있어보여요👏👏👏👏
daily_tak1003 | 2024-05-02 | 우와 홍게 짱마시써보이네요❤️
true_gyeongju | 2024-05-02 | 와 무한리필이라니 😍😍😍
jeollado_today | 2024-05-02 | 홍게진짜 와구와구 무한 ㅠㅠㅠ 너무 부럽다요❤️❤️❤️❤️
thankle_life | 2024-05-02 | 와 누룽지순대에 감탄했슴다😍
jimin_dish | 2024-05-02 | 와..게킬러 눈돌아갑니다 😍😍
100rang_food | 2024-05-02 | 홍게먹으러 달려갈랴요😍
busan_delicious_diary | 2024-05-02 | 키토산충전하기❤️
gge.juck | 2024-05-02 | 와 홍게를 무제한으로요?😮
mukbulim_0817 | 2024-05-02 | 홍게 푸파하러 갈래요😍
ham_muklog | 2024-05-02 | 홍게무한리필 퀄 미쳐따..❤️
mat_puri | 2024-05-02 | 홍게 수율 너무 좋은데용😍❤️
hoonstafork_yamang | 2024-05-02 | 비주얼 대박👍🏻
j_j.eat_ing | 2024-05-02 | 무한이요..?? 고민없이 갑니다!!
__it.s.youn | 2024-05-02 | 우와 !! 홍게 살 진짜 달달하고 맛있겠어여 !
radiant__hoya | 2024-05-02 | 홍게🔥🔥
ziro._.03 | 2024-05-02 | 😮
_workers__weekend | 2024-05-02 | 궁금하다ㅎㅎ 언제 먹어볼수 있을까나😆
kkutti_h | 2024-05-02 | ㅋㅋㅋ 먹는 폼 까지 쏘 러블리❤️
nyam_.nya | 2024-05-02 | 와- 비주얼 미쳤다 ღ
dog.matdori | 2024-05-02 | 무한리필 너무 좋아ㅠ 지금 수율 짱짱
_lululala_official | 2024-05-02 | 아직 점심 못먹었는데 피드보니 너무 배고파요😢😢
qbee.eat | 2024-05-02 | 와 진짜 내장 찍먹 미쳐여,, ❤️
seoyeon_gom | 2024-05-02 | 대박!!! 홍게가 무한맆리된다니!! 오징어순대까지 다 먹으러 갈래용>.<
1_kkomadol | 2024-05-02 | 홍게 넘 먹고싶어여어어엉😢😢
dama.zine | 2024-05-02 | 홍게 무한이라니👏
due.foodie | 2024-05-02 | 미쵸따❤️‍🔥
jjoohyun2 | 2024-05-02 | 맛있겠어욤😋 목요티잉👏👏
dragon_gyou | 2024-05-02 | 와 먹고싶네요😍😍
mukstival | 2024-05-02 | 무한으로 즐기러 가야겠어요(๑•᎑<๑)ｰ☆
eats_editor | 2024-05-02 | 무한❤️❤️
yoon.min.ga.0513 | 2024-05-02 | 너무 좋잖아요🔥 수율도 좋네용
j.___.min__00 | 2024-05-02 | ""주문진홍게무한리필"" 음식들 완전 맛있을 것 같아요!!
muk_marorong | 2024-05-02 | 무한리필홍게 츄베릅😍😍
muknya2024 | 2024-05-02 | 누룽지순대 자태에 꼬르륵😂
bokjaaa___ | 2024-05-02 | 해물라면 같이 때려요 ㅠㅠㅠ❤️
biggn_o | 2024-05-02 | 크 홍게 무한이라니 대박이네여🥹
jack93kim | 2024-05-02 | 너무 맛있겠다...홍게 안먹은지 5년댐...
_foodie_monkey | 2024-05-02 | 푸디몽키 등장🐵 맛난 홍게가 무한이라닛😋우끼낏🐵
food._.hwan | 2024-05-02 | 살 꽉찬 홍게 무한으로 츄베릅❤️
rara_muk | 2024-05-02 | 저도 무한으로 먹을래용😍
meokdoong | 2024-05-01 | 와 진짜 무한리필집 넘 졸아윸ㅋㅋㅋ
ddub_e2 | 2024-05-01 | 홍베릅😮
dayeating_ | 2024-05-01 | 홍게 무한리필 대박인데요❤️
jjinang_pick | 2024-05-01 | 우와 게를 왜케 잘바르세료???
hello_s_food | 2024-05-01 | 소주는 필수져👏👏🔥
misick.mag | 2024-05-01 | 홍게 수족관 다 털어버릴레요 ㅜㅜ
mukgogayoung | 2024-05-01 | 🥰이건 너무 먹어보고 싶어용~^^😍
ddo__yam | 2024-05-01 | 크어 다 먹을래영😍😍😍
matzip_note | 2024-05-01 | 미친홍게.... 저도 푸파갈래요
holejjuklee_hotplace | 2024-05-01 | 홍게 무한리필은 못참겠다🔥
mukcamera | 2024-05-01 | 무한으로 다 먹을수있고 좋네용❤️
cluk_mom | 2024-05-01 | 무한(?) 최고❤️
sseung._.food | 2024-05-01 | 이게 무한ㅇ요..?! 대박이더
mukkarong | 2024-05-01 | 오우~~홍게도 맛도리지만 저는 누룽지순대 완전 먹어보고싶어요!!😆😆😆
korea_foodzone | 2024-05-01 | 홍게 무한으로 먹을랴유
imcanghyun365 | 2024-05-01 | 홍게 오징어순대 입맛도는 먹주얼 최고네요 너무 먹고싶네요 ❤️
1onefood_ | 2024-05-01 | 크으 홍게 신선 그잡채네요😍😍
cafe_9kyung | 2024-05-01 | 손질해주시니 좋은데요👍👍
daeji_eat44 | 2024-05-01 | 홍게 넘 맛있겠당😍❤️❤️
muk._kwww | 2024-05-01 | 홍게 왕창 먹으러 ㄱㄱ ❤️❤️
seula.busan | 2024-05-01 | 홍게무한 최고아니냐구요 💛
eu_n_choi | 2024-05-01 | 홍게 대박🦀❤️
epi_curism | 2024-05-01 | 수율 좋은 홍게가 무한리필이라니😍 최고잖아용!!
_mol_bbang | 2024-05-01 | 누룽지 순대 넘 좋아해용
yeji0719 | 2024-05-01 | 홍게 수율 넘 쪼은데요👍👍
matchimban_ | 2024-05-01 | 수율꽉찬 홍게ㅜ넘 먹고싶어요❤️
js__1oo4 | 2024-05-01 | 와 소주 무한으로 들어가겠다❤️
j_a_n723 | 2024-05-01 | 크요기 장난아니에요 홍게❤️❤️
hungryn_ | 2024-05-01 | 수율이랑 무한리필 실화인가요?!❤️
bottlejune__96 | 2024-05-01 | 홍게 신선하니 미쳐버렸는데 무한리필이라니 너무 대박이에요 ㅠㅠㅠ😍
muckza_zzae | 2024-05-01 | 수율 미쳐떠❤️
muk_joongsa | 2024-05-01 | 수율 ㄹㅇ 역대급이다,, 저도 초대해주세요ㅠ
moo_boza | 2024-05-01 | 베릅님 여기 홍게 사랑이자나요 ㅠㅠ 🙌
newly_cafe.eat | 2024-05-01 | 와 대박!
leeoh_review_ | 2024-05-01 | 누룽지 순대 진짜 맛있겠다❤️❤️
taetae_foodie | 2024-05-01 | 와 수율 미쳣다… 게다가 무한이라뉴❤️
mukrosee | 2024-05-01 | 게가 무한이라니 조아요 ㅜㅜ❤️❤️
dalove04 | 2024-05-01 | 무한리필대박❤️
real_matzip1 | 2024-05-01 | 우와 홍게 무한리필이라니!!!! ❤️😍
aeyongxxi | 2024-05-01 | 다먹을래냥
eat_binch | 2024-05-01 | 크 넘 먹음직스러워요 👏
missikaga | 2024-05-01 | 홍게 대박,, 대나무 헬기 준비할게요 ><
mo_muk_._ | 2024-05-01 | 오늘부로 홍게 멸종위기종 등록
사유 제가 다 먹었습니다"
2024-04-29,415,갓성비 제육에 된장부찌? <제육이와 짜글이> 한돈을 사용하는 제육과 부대찌개🫶🏻 된장 부대찌개는 처음보는 메뉴🫶🏻 구수하고 진한 국물🫶🏻 부대찌개에 햄 가득 최고🫶🏻 짜글이를 시키면 수제비 반죽을 주시는데 건더기 좀 먹고 직접 수제비 떠서 먹으면 됌🫶🏻 제육을 시키면 하얀 수제비를 먹을 수 있음🫶🏻 제육은 짭쪼름하니 중독성 최고🫶🏻 쫀득 부드러운 살이라 쫀맛🫶🏻 @@제육사쥬❤️ 📍#제육이와짜글이 📍 경기 수원시 영통구 광교중앙로266번길 30 113호 ⏰ 10:00-21:00 ‼️ 일요일 휴무 💵 한돈고추장제육 8500원 💵 한돈 된장부대짜글이 8500원 65주,"#수원맛집추천, #수원데이트코스, #수원가성비맛집, #가성비맛집, #제육볶음맛집, #부대찌개맛집, #서울근교맛집","honest_consumer6 | 2024-05-03 | 이가격에 실화에여?! 가성비 대박❤️
su_jejja | 2024-05-02 | 감사합니다 ❤️
bonge_o0o_food | 2024-05-01 | 진짜 가성비 도라따❤️❤️
newly_cafe.eat | 2024-05-01 | 짱이에요!
shinsa_seolleong | 2024-05-01 | 😍
dama.dessert | 2024-05-01 | 우와 갓성비 🤍💛
seoul_food_like | 2024-04-30 | 와 진짜 넘먹구싶어요❤️
muk_jjiyom | 2024-04-30 | 우와 된장베이스 부대찌개라니 제육 제비도 😍
muksta_cici | 2024-04-30 | 비쥬얼 진짜 대박,,❤️ 너무 맛있어보여요🥹
ham2_ni__ | 2024-04-30 | 햄이 가득❤️
mochl_ahahcnl | 2024-04-30 | 이거이거 배고파지는데요!?❤️
right_shouting | 2024-04-30 | 햄폭탄부대찌개~ 게다가 가성비까지👍
seoyeon_gom | 2024-04-30 | 된장육수스타일의 부대찌개 어떨지 궁금해용>.<
mukgu_ddomuk | 2024-04-30 | 도랏댱❤️❤️
ggam_food | 2024-04-30 | ㅠㅠ맛잇는거 몽땅 드러가네여❤️
yammyam_m | 2024-04-30 | 크으❤️
hye_foodie_ | 2024-04-30 | 헐 제육에 부찌 국물 미쳤는데요😮
hello_s_food | 2024-04-30 | 여기도 가성비 대박이네👏❤️❤️
muk_geobolka | 2024-04-30 | 공깃밥 추가요❤️❤️
nyomnyom.ing | 2024-04-30 | 넘 맛나겠어요🔥
chopchop_univ | 2024-04-30 | 갓성비 맛집이네요🥹👍
dama.zine | 2024-04-30 | 햄 가득 들어갔네유❤️
food_zohaa | 2024-04-30 | 제욱에 수제비라니 미쳣더영😍
jameslee0911 | 2024-04-30 | 가성비 예술이네요❤️❤️
mozzin_food | 2024-04-30 | 크~ 이걸 어떻게 참아효❤️
muk.seori | 2024-04-30 | 집앞이면 ㄹㅇ 맨날감 맛집은 늘 멀리에,,
muckza_zzae | 2024-04-30 | 진짜 미쳐따....술뿌실래..밥도쭈셔❤️
chaenni_ni | 2024-04-30 | 와 지금 딱 먹고싶은 메뉴에요♥️
sang_hwa00 | 2024-04-30 | 수제비가공짜라니😍
dongne_mukstagram | 2024-04-30 | 참으로 비주얼이 맛나겠사옵나이다.🙌💗💗
hutomatggi | 2024-04-30 | 댕맛있어보여요 미쳤어요❤️‍🔥
muk_marorong | 2024-04-30 | 된장부대찌개 모야모야😍😍
moonchelin.chef | 2024-04-30 | 완전 맛나보이네요🥹
porschelin_man | 2024-04-30 | 헐 대박 전부다 밥도둑😮
cafe_9kyung | 2024-04-30 | 짜글이에 수제비도, 된장부대찌개도 첨 봐요 😮
daily_busan_matzip | 2024-04-30 | 햄폭탄 부대찌개😍😍한잔각인데요❤️
bokjaaa___ | 2024-04-30 | 제육 대깔 미쳤…❤️
leeoh_review_ | 2024-04-30 | 아,.진짜 너무 배고프다😂😂
foomo__ | 2024-04-30 | 완전 먹고싶어요❤️❤️❤️
mukkmee | 2024-04-30 | 우와 먹고시퍼용😍😍😍😍
matddori_ | 2024-04-30 | 완전 맛또리 같아용🥹💕
dongne_mukstagram | 2024-04-30 | 참으로 비주얼이 맛나겠사옵나이다.🙌💗💗
pigrami_ | 2024-04-30 | 와 진짜 대혜자 아니냐구요..😮대박이댜..
eats_editor | 2024-04-29 | 완전 ㅠㅠ가구싶어요
ju.food_ | 2024-04-29 | 와 진짜 폭탄 맞았네여❤️❤️
fooody_h_ | 2024-04-29 | 가성비최고!!
09x25zz | 2024-04-29 | 가성비 완죤 지렸다오😍
sikhookyung | 2024-04-29 | ㅋ 여긴 벨트 푸르고 흡입해줘야 겠어요🙋🏻‍♂️🙋🏻‍♂️
so_rowsm | 2024-04-29 | 맛도리 음식에 가성비까지 완벽하네요👏🏻👏🏻
aeyongxxi | 2024-04-29 | 햄폭탄이다냥❤️
tasteraveler | 2024-04-29 | 크 츄베릅진짜 햄이 대박❤️
dog.matdori | 2024-04-29 | 남자들이여 파티원을 모집하라!!
jjuchelin_ | 2024-04-29 | 된장부찌라니 신박한데 너무 궁금하다아..😍❤️ 거기에 제육까지 정말 최고 !
muk_ggang | 2024-04-29 | 수제비 미쳐요ㅠ
jack93kim | 2024-04-29 | 햄폭탄 부개쮜궵...😍
muk._kwww | 2024-04-29 | 완전 밥도둑 비줠인데요 ㅠㅜ😍😍
okriong | 2024-04-29 | 와 갓성비네요💛💛
mukkarong | 2024-04-29 | 여기는 가성비도 갓성비인데 비주얼도 너무 맛도리자나유!!👏👏 저도 먹을래요!!😆😆😆😆
mingo_zip | 2024-04-29 | 갓성비 제육 저두 먹을래요❤️❤️
treeview__ | 2024-04-29 | 어우 ㅜㅜ 된장
mukcat__story | 2024-04-29 | 부대찌개 듬뿍 먹고 싶어용❤
bottlejune__96 | 2024-04-29 | 햄폭탄 부찌에 제육볶음 조합이 완전 미쳤자나요 ㅠㅠㅠ🔥🔥
misick.mag | 2024-04-29 | 제육 8000원 달려갑니다 ?
mukstival | 2024-04-29 | 진짜 가성비 대박이에여(☞ ͡° ͜ʖ ͡°)☞
laurent_busan | 2024-04-29 | 제육에 수제비 완전 밥도둑이자나요 ❤️❤️
k_mukbo | 2024-04-29 | 부찌 양 미쳤는데요🔥🔥
muk_joongsa | 2024-04-29 | 지금 격하게 먹고싶은 메뉴라눙,,❤️
busancity_bonggu | 2024-04-29 | 우와 저도 먹어보고 싶어요😍😍 부러워요
radiant__hoya | 2024-04-29 | 갓닷닷성비네요
_foodie_monkey | 2024-04-29 | 푸디몽키 등장🐵 와 한돈이 통으로 대박이네요😁우끼낏🐵
themukeou_2 | 2024-04-29 | 와 햄폭탄도 된장부찌도 미치고 제육에 수제비까지 밥 10공기각❤️❤️
tastyseoul_ | 2024-04-29 | 우와 대박 😍 너무 맛있겠어요😍
bonny_vely_ | 2024-04-29 | 제육완전 실하네요🙌🙌
daejeon_ddomatddo | 2024-04-29 | 수제비 직접 넣는거 너무 재밋겟는데요❤️ 맛과 재미 다 잡은 😍
mukcamera | 2024-04-29 | 갓성비 미쳤고😍
muk._.chuuru | 2024-04-29 | 된장베이스 진짜 특이한댕?
taste_dori | 2024-04-29 | 크 갓성비 조합이에용😍
cogarobotics | 2024-04-29 | 가성비 좋네요😍
busan_delicious_diary | 2024-04-29 | 보글보글 넘 좋아요❤️
bab_mukza_ | 2024-04-29 | 수제비를 그냥 마 그 자리에서 뜯어주시네요...?!?

??? : 사장님은.. 수제비를 .. 찢어...
ssap_domin | 2024-04-29 | 된장 베이스라니. 먹고싶어유😍😍
juner_315 | 2024-04-29 | 전국 맛집을 소개해주시는 베릅님😍
hooroolook_ | 2024-04-29 | 츄베릅님 맛있는거 많이 먹는데 왜 살이 안찌죠?!!😮😮😮부럽
colorfulsundays | 2024-04-29 | 진짜 완전 사랑이네요👏👏👏
colorfulsundays | 2024-04-29 | 💖💖💖💖💖
d_t_muksta | 2024-04-29 | 헐 이런곳이???❤️ 무조거뉴각이져
busanplanet | 2024-04-29 | 와 비주얼 대박👏👏 여기 찐인데요
muko_die | 2024-04-29 | 제육에 된장부찌 대박인데요😍
yome_foodie | 2024-04-29 | 햄가득 사랑스럽네용❤️❤️
mzbestmenu | 2024-04-29 | 가성비 ㅠㅠ 부대찌개 너무 맛있어보여용 🔥
korea_foodzone | 2024-04-29 | 가성비 대박이당!
meokdoong | 2024-04-29 | 부찌 양 대박이다융❤️❤️
wooo_new | 2024-04-29 | 오오 이거 미쳐써여ㅠ❤️
bbbm_jg | 2024-04-29 | 어머❤️❤️ 넘 쥬아요❤️
e.den_0.0 | 2024-04-29 | 제육 맛있어 보여욤❤️ 수제비 공짜 죠타❤️
seula.busan | 2024-04-29 | 완전 갓성비 아닌가요 크 ❤️
ddo_sil | 2024-04-29 | 햄가득 츄루룹!
unniya_9 | 2024-04-29 | 오모나 갓성비무엇❤️😍
aug_piiggg | 2024-04-29 | 아뉘 수원이요???❤️
hihee.e | 2024-04-29 | 오ㅓㅠㅠㅠ제육 미쳤어요❤️❤️"
2024-04-28,426,"@@태그당한 이쁘니가 쏘기❤️ @@꼬치 사주라❤️ <쿠시노아> 잠실에도 착륙한 이자카야 일본에 온 듯한 분위기🫶🏻 소, 돼지, 닭 다 파는 촉촉한 야키토리🫶🏻 종류별로 골라먹기 가능🫶🏻 바자리에서 오뎅먹는 갬성이 최고🫶🏻 싸구려 오뎅이 아닌 어육이 많이 함유되어 맛있음🫶🏻 쫜득짭짤 물떡은 사랑🫶🏻 한국에선 안파는 위스키까지🫶🏻 위스키가 은근 야키토리랑 찰떡🫶🏻 일본편의점에서만 본 UFO컵라면을 야끼소바로 만들어주는데 이게 별미임🫶🏻 디저트까지 있어 최고🫶🏻 📍#쿠시노아 📍 서울 송파구 백제고분로15길 46 1층 103호 ⏰ 매일 17:00-02:00 (L.O 01:30) 65주","#잠실맛집추천, #잠실데이트코스, #잠실이자카야, #잠실새내맛집추천, #잠실새내술집, #잠실술집추천, #오뎅바맛집, #꼬치구이맛집","eeeaaattt2023 | 2024-05-18 | 이런 맛도리를 봤나👏👏👏
happpyfoody | 2024-05-03 | 히비키가 있네요!!!! 댑악
bonge_o0o_food | 2024-05-01 | 일본보다 더 일본같네에👏👏
muk_jjiyom | 2024-04-30 | 술이 아주 술술
bokjaaa___ | 2024-04-30 | 와 왜케 맛나게 드셔요 ㅠㅠㅠ❤️
unniya_9 | 2024-04-29 | 아주그냥 일본아입니꽈😍
muk_gonny | 2024-04-29 | 식욕자극하는 음식들!!! 침이 주르륵~
muk.news | 2024-04-29 | 아웅 꼬치 겁나 맛있겠당
foo__zim | 2024-04-29 | 어우...맛있겠다😍😍
juner_315 | 2024-04-29 | 오뎅과 닭꼬치 하나에 위스키 한잔이면 이세상 부러울 것이 없다!!!👏👏👏
mat_puri | 2024-04-29 | 위스키에 물떡 완전 좋앙 어묵도 좋앙 꼬치도 조앙💛
newly_cafe.eat | 2024-04-29 | 대박🙌
do___yummy | 2024-04-29 | 꺄아 위스키랑은 안 먹어봤는데! 잘 어울릴 거 같아요💛
mimiunnie_ | 2024-04-29 | 여기 일본인가요❤️❤️
____17th____ | 2024-04-29 | 넘 맛나보여용❤️
mattjun11 | 2024-04-29 | 오 히비키 드시고 나왔나 봐요 ㅋㅋㅋ
dragon_gyou | 2024-04-29 | 맥주랑 먹고싶네요😍😍
ddunny_ddun | 2024-04-29 | 우왕 좋은데여..❤ 히비키 ㅠㅠ❤
seoul_food_like | 2024-04-29 | 일본위스키라니,,❤️❤️
eats_editor | 2024-04-29 | 지렷당❤️❤️
menggong__ecig | 2024-04-29 | 이거 먹으러 가야겠는데요🙆🏻‍♀️💗
mukstival | 2024-04-29 | 진짜 일본여행 안가도 되겠어요😍
muko_die | 2024-04-29 | 츄베릅님😍오뎅 먹는 거 넘 귀엽게 드신당!!와 진짜 일본갬성 낭낭하이 꼭 가야겠는데요?!🔥
onyouhan_jari | 2024-04-29 | 너무 먹음직스러워요👏🏻 맛이 궁금하네요😋
_hana_mam_ | 2024-04-29 | 오뎅에 위스키 좋른데요 ㅎㅎ
gyunyami | 2024-04-29 | 쫀득 물떡 잔뜩 먹고싶어요!
eu_n_choi | 2024-04-29 | 어묵 오동통 탱글 하네용❤️
muk__guri | 2024-04-29 | 위스키 먹고 만취각❤️
treeview__ | 2024-04-29 | 유에프오 발음쩌네요
mukkarong | 2024-04-29 | 와...여권필요없이 일본을 제대로 느낄 수 있겠는데요?!!😆😆😆
fnvidir | 2024-04-29 | 위스키랑 함께 먹어줘야겠어요👏👏
tipsy_jinnie | 2024-04-29 | 우아 일본위스키❤️ 마시러갈래용
muckstar00 | 2024-04-28 | 히비키 비싸도 마시러 가야 겠어요 츄베릎 헤헤
muk_cheers | 2024-04-28 | ㅜㅜ못참🔥🔥
korea_foodzone | 2024-04-28 | 와맛있겟당
mozzzi_food | 2024-04-28 | 우아우아 ㅠㅠ 위스키랑 오뎅이랑 ㅠㅠ 너무 좋자나여...?!?!
sseung._.food | 2024-04-28 | 와 여 어묵이 왤케 탱글해옄ㅋㅋ😍
mayeosa.1pick | 2024-04-28 | 당장 가야겠어요😍😍
mukshroom_ | 2024-04-28 | 야키토리❤️‍🔥 술 쭉쭉 들어가쥬
mukja_1 | 2024-04-28 | 일본 뭐하러가~~~~❤
kkiro__muk | 2024-04-28 | 오 이자카야 조아요❤️
yoon.min.ga.0513 | 2024-04-28 | 일본 그 자체네여👏👏👏👏😍
taetae_foodie | 2024-04-28 | 쿠시노아 어묵 진짜 존마탱… 속도 넘 편하쟈나요❤️
cogarobotics | 2024-04-28 | 특이한 음식들 맛있겠어요😍
laurent_busan | 2024-04-28 | 오뎅바에 히비키 최고에용😍😍
yum_yum_kkakka | 2024-04-28 | 꺄아 일본감성그대루❤️
jinwook1011 | 2024-04-28 | 우와😍사케랑먹고프네요😍
tastyseoul_ | 2024-04-28 | 우와 대박 😍 너무 맛있겠어요😍
mukjjina | 2024-04-28 | 일본갈 필요가 없는 맛집인데요👍🏻
mukgu_ddomuk | 2024-04-28 | 요건 못참죠❤️
holololu.v24v | 2024-04-28 | 맙소사.. 🥺 비주얼 진짜 대박이네요오🔥
zzu.meokbap | 2024-04-28 | 와 물떡 너무 좋자나유❤️
fooody_h_ | 2024-04-28 | 영상보니 배고파져요ㅠㅠㅠㅠㅠ
wu_hyun | 2024-04-28 | 와 다 취향자격이네영 진짜 미쳐버리겠는데영 크읍 ㅜㅜ
ju.food_ | 2024-04-28 | 넘 맛나겠어요❤️❤️
100rang_food | 2024-04-28 | 왕 맛나게따😍😍
dayeating_ | 2024-04-28 | 와 여긴 가야죠❤️
ham2_ni__ | 2024-04-28 | 저 물떡 먹고싶어요❤️
ahn_hyunseong | 2024-04-28 | @xl.xlxx 히비키 먹으러 가야겠다
hihee.e | 2024-04-28 | 헐 요기뭐에요 당장갈량❤️
real_matzip1 | 2024-04-28 | 우와 여기 술 막들어갈거 같은데요❤️❤️😍😍
yummy_x.x | 2024-04-28 | 여기 완전 취저네요😍
hyunjae_mukstagram | 2024-04-28 | 쿠시노아💙
mukrosee | 2024-04-28 | 어묵이 너무 야무져요❤️❤️
dasik_eat | 2024-04-28 | 와 넘 좋아용🔥🔥
yam_yamy._.i | 2024-04-28 | 이 비주얼 못참지🙌💜 넘 먹어보고파용🥰
margaret___bakery | 2024-04-28 | 우앙 넘 맛있어보여용🔥🔥🙌🙌
themukeou | 2024-04-28 | @muk_tteul 내가 사야겠다 ㅜ
jjinang_pick | 2024-04-28 | 우와❤️❤️ 너무 맛잇을꺼같아요
mukbo_jjang | 2024-04-28 | 물떡😍 츄베릅❤️❤️
mukbway2 | 2024-04-28 | 와 여기 진짜 최고다 최공😍🔥
tanguriyaaa_ | 2024-04-28 | 오 일본라멘까지❤️❤️
tasty_ssong | 2024-04-28 | 안주 다 뿌셔🔥
ponyopick | 2024-04-28 | 위스키 간만에 츄릅 ,,,
yeji0719 | 2024-04-28 | 맛있는게 왜케 많아유👏
_yamiyomi_ | 2024-04-28 | 이 비주얼이면 무조건 먹어야죠🤍🤍
cafe_9kyung | 2024-04-28 | 꼬치는 다 맛있어요❤️
hyob_muk | 2024-04-28 | 꼬치 종류별로 다 먹을래용🙌
ssangchistar | 2024-04-28 | @sh_1998_6_6 어뗘!?
mo_muk_._ | 2024-04-28 | 야마자키에 오뎅이면… 극락 갑니다 진짜로 노캡
muksta_turbo | 2024-04-28 | 무조건갑니다❤️
seoul__guide | 2024-04-28 | 오뎅바 최고에요 ㅠㅠ
k_mukbo | 2024-04-28 | 여기 오뎅 맛있더라구여!!!!❤️❤️
taste_dori | 2024-04-28 | 일본위스키❤️❤️😍
dama.dessert | 2024-04-28 | 우와 ㅠㅠ 좋아하는것들이 잔뜩 🤍💛
bjo_____z | 2024-04-28 | 위스키랑 어묵이랑❤️❤️
missikaga | 2024-04-28 | 오뎅 대박,, 대나무 헬기 준비할게요 ><
kimrumimi | 2024-04-28 | 이자카야넘좋아여❤️
foobox_ | 2024-04-28 | 완전 취저인데요 맛있겠다❤️❤️❤️
muuk.dda | 2024-04-28 | 와 ufo라면까지 ㅋㅋㅋㅋㅋㅋ 센스 무엇 ㅠ
rara_muk | 2024-04-28 | 어묵 맛있겠어요😍
saehayan101 | 2024-04-28 | 여기 저장이네요😍😍😍
bob_m.z | 2024-04-28 | 여기가볼랴여😍
judang_2_ | 2024-04-28 | 우오ㅏ 대박인데용❤️❤️❤️❤️❤️ 술땡겨여
mukdang0 | 2024-04-28 | 어묵 츄베릅❤️
bottlejune__96 | 2024-04-28 | 야키토리 당장 푸파하고싶어져요 ㅠㅠㅠ😍😍
hotdor_s | 2024-04-28 | 저거 디저트 모야? 에이스에 마시멜로야?
daeji_eat44 | 2024-04-28 | 너무 좋은데요👏❤️❤️
eat.n.meal | 2024-04-28 | 와 잠실에서 일본을…?? 일본 갈 필요가 읍네
gyul_yummy | 2024-04-28 | 헐 여기 좋아요💖"
2024-04-26,456,@@태그당한 이쁘니가 해장국쏘기❤️ @@이쁘나 땡큐❤️ <복춘식당> 성시경도 먹고 반한 곳 오픈하자마자 갔는데 만석에 웨이팅까지..! 국물이 시원칼칼하니 해장 지대로🫶🏻 오동통 큼직한 아구가 들어있어서 최고🫶🏻 살도 부드럽게 발리고🫶🏻 비린내도 1도 없어🫶🏻 유명한 이유를 알듯?🫶🏻 📍#복춘식당 📍 전남 여수시 교동남1길 5-8 ⏰ 09:00-21:00 (L.O 20:00) ⏰ B.T 15:00-17:00 ‼️ 월요일 휴무 💵 아귀탕 10000원 65주,"#여수맛집추천, #여수데이트코스, #여수여행코스, #여수가볼만한곳, #여수해장국, #성시경맛집, #성시경먹을텐데","yam_yam_ping | 2024-05-26 | 먹어보고싶어요❤️
unniya_9 | 2024-04-29 | 아구탕은 첨보는데 맛이궁금해용😮
muk_gonny | 2024-04-29 | 지금 바로 먹고 싶은 비주얼!!😆😆 침샘 폭발!!😍😍
eats_editor | 2024-04-29 | 무한흡입 예정입니다!!
jinwook1011 | 2024-04-28 | 우와😍여기진짜 해장대박이겠어요😍
daejeon_ddomatddo | 2024-04-27 | 아구 살 왜케 통통해요❤️❤️
tjin1003 | 2024-04-27 | 이거는 안반할수가없을듯ㅠㅋㅋㅋㅋㅋ
ring__b | 2024-04-27 | 와아 너무 맛나보여요 😍
hanip_de_share | 2024-04-27 | 오오...신기하다 먹어봐야겠다!!!
seoul_food_like | 2024-04-27 | 소주해장각🔥🔥
gwangju_hotgirl | 2024-04-27 | 우왕 저 여수사람인데 여기 괜찮죠오오오😍
okay.eatting | 2024-04-27 | 셀프태그하고 내돈내산 해야겠네요😎 아귀탕 맛있겠다아아아
sos.omat | 2024-04-27 | 우와 처음보네요이런건!
jo_c_bab | 2024-04-27 | 완전 찐맛집 확실해보이네요🔥
menggong__ecig | 2024-04-27 | 국물을 보니 맛이 장난이 아닐 것 같아요🙊✨
hyun_cook_ | 2024-04-27 | 음식 비주얼 최상 퀄리티네요👏👏
muko_die | 2024-04-27 | 와 아귀탕 지대로잖아요😍
bokjaaa___ | 2024-04-27 | 아귀탕이요???? 대박 궁금해요❤️
tjsldk | 2024-04-27 | 😍😍
kkutti_h | 2024-04-26 | 아구탕이라니..맛이 없을수가..ㅠㅠ❤️❤️
1onefood_ | 2024-04-26 | 와 국물 먹고싶어용😍😍😍
eat_fp | 2024-04-26 | 우왓 넘 맛나겠어용😍😍
seula.12 | 2024-04-26 | 성시경도 ❤️❤️ 믿먹이네여 그럼
cluk_mom | 2024-04-26 | 국물 얼큰하니 시원할 것 같아요❤️
mukmuk_ron | 2024-04-26 | 통통한 아귀 조아요 ❤️
dasik_eat | 2024-04-26 | 오 넘 좋아요🔥🔥
dream____tree | 2024-04-26 | 아구 진짜 통통하네여,,!!! ❤️
bottlejune__96 | 2024-04-26 | 아귀탕 어떤 느낌일지 궁금해져요 ㅠㅠㅠ😍😍
mukbo_jjang | 2024-04-26 | 아귀탕이라니😍 해장 프리패쓰❤️❤️
hing_busan | 2024-04-26 | 아구찜만 먹어보다가 아귀탕 넘 궁금해요!! 아귀살 엄청 쫀득 쫀득 맛있잖아요!!!❤️
yi.2onggi | 2024-04-26 | 미치겠다❤️❤️
jjgongju_ | 2024-04-26 | 헐 ㅋㅋㅋㅋ아귀탕은 초면인대 넘 궁금해요💖
ddunny_ddun | 2024-04-26 | 캬 이거 소주도둑일듯..
cream._.ong | 2024-04-26 | 와 국물 진짜 시원해보인댜ㅜㅠ먹고시퍼여❤❤
jjong_mattang | 2024-04-26 | 이거 쏘주 못참겟는데 ㄷㄷ
gimeunseol514 | 2024-04-26 | 으아아아 아귀탕 국물 찐일것같아요 🙌🙌❤️❤️
mat_joang | 2024-04-26 | 폼미텨따🔥🔥🔥
tipsy_jinnie | 2024-04-26 | 우아 왤케 푸짐하게 나오죵❤️😮
biggn_o | 2024-04-26 | 캬 아귀탕이라니 넘 맛나긋다😍
daejeon__tour | 2024-04-26 | 성시경님 입맛이면 인정입니다 👊🏻💖
mo_muk_._ | 2024-04-26 | 생긴거 일단 안 먹어도 만취각
taetae_foodie | 2024-04-26 | 와따.. 저 성시경 맛집이면 물 맛집이여도 찾아가눈데요.. 아귀탕은 진짜 미츄따❤️
bonge_o0o_food | 2024-04-26 | 국물 저거 진짜 무조건 맛잇겟다 도랏다 저기 들어잇는 야채 미나리야?? 도랏네...
jack__foodie | 2024-04-26 | 앜ㅋㅋㅋㅋ여기설마 거기??
yeoni_mukstar | 2024-04-26 | 시원칼칼한 국물의 해장국에 밥 말아먹음 진짜 맛있겠어요💙💙
rlo.za.b | 2024-04-26 | 와❤️ 해장술 필수겠어요ㅋᩚㅋᩚㅋᩚ
dragon_gyou | 2024-04-26 | 와우 얼큰이 정말 맛나쥬🔥😍
wanteat._.eat | 2024-04-26 | 저 소주들고 갈래요🔥🔥🔥
muk__guri | 2024-04-26 | 아귀탕은 처음인데....?
cm_ryu_tour | 2024-04-26 | 와웅 아귀탕 대박 완전 해장될거같네요❤️
daayun.zip | 2024-04-26 | 우앙 아귀탕 넘 맛나겠어용!!!!😆😆
cooking_sam_kitchen | 2024-04-26 | 아귀탕은 먹어본적이 ㅎㅎ 궁금해요
matxnyang | 2024-04-26 | 해장도 하고 동시에 술도 마시고싶을 것 같아요..❤❤
muuk.dda | 2024-04-26 | 아귀탕은 안 먹어봤는데,, 개시원하게따,,
food_zohaa | 2024-04-26 | 아귀탕 좋아요 ㅠㅠㅠㅠ
churping_oo | 2024-04-26 | 아귀탕 얼큰한게 한그릇하고싶다❤️
themukeou_2 | 2024-04-26 | 해장 제격인 아귀탕🙌
qbee.eat | 2024-04-26 | ㄹㅇ 해장하러갓다가 술마시겟서요❤️
aeyongxxi | 2024-04-26 | 아구탕 벅자냔❤️
dongne_mukstagram2 | 2024-04-26 | 헉헉😍😍 맛나게 드셨사옵니까?ㅎㅎ🙌💗💗
muksta_turbo | 2024-04-26 | 무조건 갑니다❤️
ham2_ni__ | 2024-04-26 | 아귀탕 궁금하네요❤️
korea_foodzone | 2024-04-26 | 아귀탕이라니 대박
leeoh_review_ | 2024-04-26 | 해장국 먹으러 갈래요❤️
ddo_sil | 2024-04-26 | 오픈런 가여지~~ 츄룾
moo_boza | 2024-04-26 | @moo_boza 무보자 이쁜이(?)가 쏘기!! 여기여기 붙어라 🔥
food_chy._.ee | 2024-04-26 | 크ㅡ국물 시원칼칼하니 해장 각이에요🔥🔥
mattjun11 | 2024-04-26 | 당장 이거로 해장하고 싶어욬ㅋㅋ😂
muckza_zzae | 2024-04-26 | 와ㅠㅠㅠ @biggn_o 너 오늘 이차 해장 이거다!!!
hihee.e | 2024-04-26 | 통통아귀탕 장난없네료❤️❤️
sltnqdla | 2024-04-26 | 아귀탕 살도 실한데요 ദ്ദി*ˊᗜˋ*) ❤️
true_gyeongju | 2024-04-26 | 와 이거 왠지 해장에 👍
onyouhan_jari | 2024-04-26 | 우와 비쥬얼만큼 맛도 최고일 것 같아요😍
__ddami_ | 2024-04-26 | 와 완전 취저에요🤍
ddub_e2 | 2024-04-26 | 아귀진짜 많이들엇넹😮
mat_puri | 2024-04-26 | 아귀탕 사랑하죠!! 소주...땡기네😋💛
sul_anju_king | 2024-04-26 | 와 소주 그냥 술술 넘어가겠어요😍
limeunzzo | 2024-04-26 | 와 이거 소주 재질인데용,,🥺
dayeating_ | 2024-04-26 | 캬 기깔나네요❤️
ggam_food | 2024-04-26 | 웜머 요거 넘 조은데여 아귀탕
yeoning_diary | 2024-04-26 | 여기짱마싯쥬❤️ 최애집
ulsan_flex | 2024-04-26 | 맛있겠어용💯💯❤️
dalove04 | 2024-04-26 | 대박❤️❤️❤️❤️
muk_daddy | 2024-04-26 | 와 너무 맛잇어보여요😍
phiirayaathaalampaang | 2024-04-26 | อยากกินแบบนี้แหละค่ะ❤️❤️❤️
hj_foodie | 2024-04-26 | ㅋㅋㅋㅋㅋㅋ힠ㅋㅋ 해장 지대로 한 아귀탕❤️
mukkarong | 2024-04-26 | 와~~아귀탕 굉장히 맛나보이는데요?!! 해장으로 완벽한 메뉴인 것 같아요!!👍👍👍👍
wu_hyun | 2024-04-26 | 아귀탕은 아직입니다 ㅜㅜ 무슨 맛일지 너무 궁금하네영 ㅜㅜ
daeji_eat44 | 2024-04-26 | 너뮤맛있겠당😍❤️❤️
yeji0719 | 2024-04-26 | 아귀탕에 쏘쥬 캬❤️
yeji0719 | 2024-04-26 | 아귀탕에 쏘쥬 캬❤️
jumuk_bro | 2024-04-26 | 아귀가 실하네요😍😍😍😍
rara_muk | 2024-04-26 | 아귀탕 궁금해요!!❤️
js__1oo4 | 2024-04-26 | 매운탕 같은 느낌두 들구 아구살이 통통해서 완전 맛도리겠어용🥰🥰
foo__zim | 2024-04-26 | 헐...개맛있갰다😍😍
j2ch.busan | 2024-04-26 | “ 주변에 예쁜이가 누구 있더라.. ”
imcanghyun365 | 2024-04-26 | 아귀탕 폼 미쳤네요 입안가득 침고이네요 먹고싶네요 ❤️
_yamiyomi_ | 2024-04-26 | 크 이런 맛도리 넘 좋아요😋😋
picky._.eat | 2024-04-26 | 복춘식당,,,저 아직 못가봐써요ㅠㅠㅠㅠㅠ흑
j_a_n723 | 2024-04-26 | 아구 무슨일이에여 😍😍😍😍"
2024-04-21,1422,"일단저장)) 성수데이트 무조건 성공 <고로고로 성수> 외관부터 내부까지 일본 같은 분위기🫶🏻 카이센동과 장어덮밥을 잘한다는 맛집 해산물이 가득하게 탑처럼 나옴🫶🏻 시그니처가 특이하게 횟감을 다져서 만듦🫶🏻 참치뱃살을 베이스로 우니, 게살, 문어, 오징어, 소라, 파, 연어알을 섞어만든 [고로고로 스페셜]🫶🏻 연어,참치,연어알 와르르 덮밥이 존맛🫶🏻🫶🏻 비림 1도 없이 회가 신선한 게 입안에서 느껴짐🫶🏻 심지어 사케동에 연어가 이렇게 큼직두툼한 걸 처음봄 ㄷㄷ🫶🏻 불맛가득 달짝찌근 장어덮밥🫶🏻🫶🏻 장어가 크고 튼실한게 최고임🫶🏻 덮밥 조금 남겨서 도미육수 부어 오차즈케로 먹어주면 식사끝🫶🏻 @@덮밥사쥬❤️ 📍#고로고로 📍 서울 성동구 아차산로13길 16 1층 101, 102, 103호 ⏰ 매일 11:30-21:00 (L.O 20:20) ⏰ 평일 B.T 15:00-16:30 💵 고로고로 18000원 💵 고로고로 스페셜 29000원 💵 민물장어덮밥 (특) 36000원 66주","#성수맛집추천, #성수데이트코스, #성수동데이트코스, #성수동맛집추천, #카이센동맛집, #성수동일식, #성수가볼만한곳, #장어덮밥맛집","tour_todayss | 2024-04-24 | 맛있겠다,,가고싶다,,,❤️
pm555nam | 2024-04-23 | 장어 단백질 덩어리죠 드시고 근육왕창 생기세요
shrimfood | 2024-04-23 | 비주얼 대박이네요ㄷㄷ
porschelin_man | 2024-04-22 | 와 대박..침샘폭팔..
busan_delicious_diary | 2024-04-22 | 캬 넘 먹음직스럽다❤️
yamphile | 2024-04-22 | 😍😍😍😍😍😍😍😍😍😍
jomacook_ | 2024-04-22 | 저장저장❤️❤️
ulsan_flex | 2024-04-22 | 맛나겠어용❤️
newly_cafe.eat | 2024-04-22 | 짱이다아👏
dong_bo.114 | 2024-04-22 | 캬 미쳐따
kimrumimi | 2024-04-22 | 완전 내스타일❤️❤️
1s_food | 2024-04-22 | 카이센동 너무 먹고싶네요😍
kim_nyamsik | 2024-04-22 | 와..덮밥 다 맛나보이자나요❤️
mochl_ahahcnl | 2024-04-21 | 가고싶러요ㅠㅠㅠ❤️
bottlejune__96 | 2024-04-21 | 고로고로 말해모해쥬 ㅠㅠㅠㅠ😍😍
mandoo_balddoong | 2024-04-21 | 우왕 장어도 대박이고 해산물탑 최고네요❤️
seoul_food_like | 2024-04-21 | 비주얼 ㅠㅠㅠㅠ❤️❤️
mukbulim_0817 | 2024-04-21 | 토핑 미틴😍😍😍😍
gwangju_oneallzero | 2024-04-21 | 당장 가여쥬❤️ 장어 불끈😍
judang_2_ | 2024-04-21 | 와아 여기 대박!!!!!! 미친 비주얼에 메뉴들 다 너무 맛있었어요 ❤️❤️❤️❤️
muk_yun_ | 2024-04-21 | 성수갈때 가야겠네여😆😆
limeunzzo | 2024-04-21 | 와 왤케 예뻐요 진쨔 🥹🥹
hj_foodie | 2024-04-21 | 헐 ㅠㅠ 도미육수 오차즈케 진짜 맛있겠다 ❤️
dayeating_ | 2024-04-21 | 크 보자마자 군침터져요😍
bob_m.z | 2024-04-21 | 저장해둘래여😍
food_matgwanbu_ | 2024-04-21 | 오차즈케까지 완벽..😍
suddenly_very_hungry | 2024-04-21 | 분위기 맛 다잡은 느낌 너무 좋습니당❤️
jjoohyun2 | 2024-04-21 | 66주답글 달기
번역 보기
miniyami_ | 2024-04-21 | 짱어덮밥 윤기 무슨일이져 🩵
ggam_food | 2024-04-21 | 비줠미칩니다 츄류룹
blaend___ | 2024-04-21 | 와 여기 무조건 가야죠😍
urumi_urumi | 2024-04-21 | 일단 저장하고 가봐야겠어요
eatzzii__ | 2024-04-21 | 와🔥 달려갑니다❤️🤍
jin_h2n | 2024-04-21 | 장어덮밥은 누나 남친이 먹어야
muk_huni_ | 2024-04-21 | 와 떼깔 대박인대용?!😍대박 맛있어보여요🤭🥹
daayun.zip | 2024-04-21 | 우앙 장어덮밥 넘 맛나겠어용!!!!😆😆
muksta_turbo | 2024-04-21 | 장어는 사랑이죠
matketers | 2024-04-21 | 배고파지는 비줠이에요❤️
169_youngje | 2024-04-21 | 하… 이란 곳이…? 끝내주는데요?
muk.cow | 2024-04-21 | 츄베릅 ❤️
wishbake_ | 2024-04-21 | 와 비주얼부터 완전 맛도리각😍🔥
fooseidon_ | 2024-04-21 | 너무 맛잇겠는데요~?❤️
foodgallery_club | 2024-04-21 | 군침 돈다잉🙄🙄
mukgu_ddomuk | 2024-04-21 | 먹구또먹씨 쓰려져용😍😍
yamyammy_irisyam | 2024-04-21 | 어머머 내 뱃속에 저장하고파~~~❤️
gyul_yummy | 2024-04-21 | 여긴 저두 꼭 가볼거에요,,,💖
churping_oo | 2024-04-21 | 나는 장어덮밥이여❤️
mukbo_kimgaru | 2024-04-21 | 헐..저는 카이센동에 오차즈케로 먹을래요😍😍
mukteven_jobs | 2024-04-21 | 우와 진짜 대박이네요 ㅠㅠ❤
muk_captain_ | 2024-04-21 | 저 지금 입 크게 벌리구 있슴미다!! 기다리고 있으면 입에 넣어주실꺼죵?!!😍😍
wanteat._.eat | 2024-04-21 | 해산물이 진짜 왕 푸짐하잖아요😍😍😍
margaret___bakery | 2024-04-21 | 우앙 장어 대박이에용🙌🙌❤️❤️
ugene._.at | 2024-04-21 | 우앙 미쳐따 비주얼 최고❤️❤️
hjhjhjhjbabo | 2024-04-21 | 오우 성수 😍
taste_dori | 2024-04-21 | 장어덮밥 해산물 비주얼 엄청나네요❤️❤️❤️ 저장하고가용😍
muuk__star | 2024-04-21 | 와~~장어덮밥😍 성수로 달려가야겠어요❤️
hihee.e | 2024-04-21 | 장어덮밥애 카이센동까지요?!
kidmstyle | 2024-04-21 | 오차즈케로 마무리😍 여기 제대로네요
js__1oo4 | 2024-04-21 | 불맛 가득항 장어 먹고싶어용🥰🥰
yun_eat | 2024-04-21 | 해산물 탑 먹으러 갈래요❤️
biggn_o | 2024-04-21 | 캬아 비줠 진짜 영롱하다유😍
dog.matdori | 2024-04-21 | 장어 아... 역시 츄베릅❤️
likeabarbieee | 2024-04-21 | 장어랑 연어알이라니.. 밥 두그릇 먹고 오겠어요😍
gyeongjuplanet_ | 2024-04-21 | 어우 오늘 바로 먹고 싶은데요😍😍 땡긴드앙
seoulplanet | 2024-04-21 | 어우 오늘 바로 먹고 싶은데요😍😍 땡긴드앙
cafe_9kyung | 2024-04-21 | 일단 저장❤️ 달짝지근 장어덮밥 맛나보여요
matshullang__ | 2024-04-21 | 일요일이니까 오늘은 이거닷💖
muk_geobolka | 2024-04-21 | 비줠보고 넘 맛나보여서 쓰러질거 같아용❤️😢
yum_mypick | 2024-04-21 | 노릇노릇 장어에 카이센동,, 두툼한 연어 미쳔네요❤️🔥
moo_boza | 2024-04-21 | 아.. 여기 진짜 몸보신 하기 좋잫아요 ㅠㅠ❤️
duck_muk | 2024-04-21 | 요기 진짜 맛도리죠❤️❤️
leeoh_review_ | 2024-04-21 | 요기 진짜 존맛이야ㅠㅠㅠ❤️
mukrosee | 2024-04-21 | 성수 다시 갈래요❤️
menggong__ecig | 2024-04-21 | 장어 비주얼 크..🙊✨
taetae_foodie | 2024-04-21 | @woozzarago__
cherry.s_pic | 2024-04-21 | 성수동 맛집은 여기네요 🩷🩷
bread._.soon_ | 2024-04-21 | 영상이 안 끝나요..❤️‍🔥
hye_foodie_ | 2024-04-21 | ㅎ ㅏ,, 장어가 왜케큰거에욬ㅋㅋ 덮밥 너무푸짐해요😮
jinarye | 2024-04-21 | 카이센동
땡겨유❤️
rara_muk | 2024-04-21 | 일본갬성 미쳤다❤️
cream._.ong | 2024-04-21 | 이거 다 제가 좋아하는 메뉴들이에요ㅠㅠㅠ❤❤
jameslee0911 | 2024-04-21 | 크흐 보자마자 저장했어요😍
babday_365 | 2024-04-21 | 우와아 비주얼 최고❤️❤️ 너무 맛있어 보이는데여❤️❤️
muko_die | 2024-04-21 | 와ㅠㅠ장어크기 넘나리 대박적인데요😍
_yamiyomi_ | 2024-04-21 | 백점만점 이예용👍🏻(ᵕ́ૢ‧̮ᵕ̀ૢ)‧̊·*
so_rowsm | 2024-04-21 | 윤기 좌르륵 흐르는 장어덮밥 비주얼 대박,,👍🏻 넘모 맛나보여요🤤
aeyongxxi | 2024-04-21 | 먹고싶다냥❤️❤️
bokjaaa___ | 2024-04-21 | 와 넘 먹어보고 싶어요 이거 ㅠㅠ❤️
matdungsan_health | 2024-04-21 | 🔥맛 와~
eat_me_jjye_ | 2024-04-21 | 와 무조건 가야겠어요😍😍
sikhookyung | 2024-04-21 | 대박!! 엄청 맛있는 거 드셨네요🙆🏻‍♂️🙆🏻‍♂️
muk_ggang | 2024-04-21 | 비주얼 미쳐써여 ㅜ
mukdang0 | 2024-04-21 | 저장!! 츄베릅 ❤️❤️
yun_ppi | 2024-04-21 | @j_s2_y_
elly_adopter | 2024-04-21 | 크으 요기 늠 맛나보여요❤️❤️
gentlemuksta | 2024-04-21 | 저장완❤️
bbbm_jg | 2024-04-21 | 넘 좋은데요❤️
09x25zz | 2024-04-21 | 퀄리티 대박이네용ㅋ😍😍
hyv.ng41 | 2024-04-21 | @yng_312 사줘
mukjung_ | 2024-04-21 | 여기장어덮밥 넘마싯어ㅠ"
2024-04-19,794,"@@모찌닮은 친구가 쏘기❤️ @@모찌야 젤리사쥬❤️ 인천, 수원에서 핫했던 줄서서 사는 까먹는 젤리가 분당 AK플라자에도 오픈🫶🏻 4/19 부터 2주간 진행이라 젤리 러버는 당장 달려가야함🫶🏻 보통 젤리와 달리 겉과 안이 분리되는 까먹는 젤리🫶🏻 겉면도 쫀득하니 맛있는데🫶🏻 안은 과일주스가 들어 과즙팡팡 쫀맛🫶🏻 팝업 놓치지 말고 달려가쟈🫶🏻 📍분당ak프라자 지하1층 📍경기 성남시 분당구 황새울로360번길 42 💵 1팩 6000원 💵 2팩 11000원 66주","#분당맛집, #분당ak프라자, #까먹는젤리, #젤리팝업, #젤리맛집, #분당디저트, #성남디저트, #성남팝업, #분당ak, #분당팝업, #경기도맛집","dayeating_ | 2024-04-21 | 와우 까먹는 젤리 쟁일래요😍
mukgu_ddomuk | 2024-04-21 | 우와궁금한데요❤️
jin._.1026 | 2024-04-21 | @_yudoweolps @1k_gold_bong @siyeon_hknu45 저거 마시게따....
matdungsan_health | 2024-04-21 | 젤리😍😍
tangerine_0619 | 2024-04-20 | @syty0619
tasty_ssong | 2024-04-20 | 미쳐😍
d0_e.o7 | 2024-04-20 | @pbm112845
bonge_o0o_food | 2024-04-20 | 과즙팡팡 쮸아❤️❤️
rorogultravel | 2024-04-20 | 먹음직스러운 빛깔에 침샘폭발🫠저도 먹어보고 싶어요꒰◍ˊ◡ˋ꒱੭⁾⁾
foodstory12345 | 2024-04-20 | 모찌모찌한 젤리~탐나네요😍
dog.matdori | 2024-04-20 | 신기하당ㅋㅋㅋ아이디어❤️
mochl_ahahcnl | 2024-04-20 | 헐 젤리 진짜 뭉탱이로 들고 먹고파요
newly_cafe.eat | 2024-04-20 | 우왁👏👏
resplent_min | 2024-04-20 | 탱글탱글 쫀쫀해보여요~👏👏
dama.dessert | 2024-04-20 | 으왕 신기해요 귀엽🤍💛
fooody_h_ | 2024-04-19 | 어매귀여운젤리닷🙌
seoul_food_like | 2024-04-19 | 젤리 쟁여올래요!!!!🔥
dasik_eat | 2024-04-19 | 완전 제 스타일😍😍
con_coffeemornot12 | 2024-04-19 | 이야 한가득 먹고 싶네여❤️
169_youngje | 2024-04-19 | 이거이거 ㅠ 참 맛있을 듯 한데요~ 좋아요🙌
dream____tree | 2024-04-19 | 크 과즙이면 끝났쥬❤️
sewoong__park | 2024-04-19 | 비줠쵝오요😍
sewoong__park | 2024-04-19 | 오잉👏저도 먹어보고싶은 비줘요😍
manca212121 | 2024-04-19 | 대박입니다!!
laurent_busan | 2024-04-19 | 와 식감 특이해보여용 ❤️❤️
0803_so_hyeon | 2024-04-19 | @yhuxil 언니 사줘
porschelin_man | 2024-04-19 | 와 대박이네용😍
jjinang_pick | 2024-04-19 | 우왕 이거 궁금해성요❤️❤️
k_mukbo | 2024-04-19 | 씹을 수록 과즙 팡팡터져서 넘 맛나겠어여❤️❤️
churping_oo | 2024-04-19 | 히히 귀염뽕짝❤️
tipsy_jinnie | 2024-04-19 | 우아 까먹는젤리 먹어보고파요❤️
taste_dori | 2024-04-19 | 너무 예쁘고 맛까지 상큼팡이라니❤️ 궁금해용
sul._.gwang | 2024-04-19 | 오모 내스탈이다😮
goon_chimi | 2024-04-19 | 젤리 너무 좋아❤️
muko_die | 2024-04-19 | 우와 까먹는 젤리라니!!과일주스가 들어있어서 더 맛날 거 같아요😍
daayun.zip | 2024-04-19 | 우앙 젤리 넘 맛나겠어용!!!!😆😆
mo_muk_._ | 2024-04-19 | 딱 100박스만 살게요 전
jeju.foodfact | 2024-04-19 | 헐 간식으로 순삭 ❤️❤️
muk_daddy | 2024-04-19 | 와 너무 맛잇겟어요❤️❤️
gyeongjuplanet_ | 2024-04-19 | 오 궁금한데요😍😍
daejeon__tour | 2024-04-19 | 모찌젤리 왕 기엽자나요😍
muksta_taster | 2024-04-19 | 와 맛이 궁금해용🔥
dong_bo.114 | 2024-04-19 | 까서 껍질은 어따써요?
foo__zim | 2024-04-19 | 헐 이거 진짜 맛있나
taetae_foodie | 2024-04-19 | 이거 ㄹㅇ 존마탱… 저 이 나이 먹고 젤리앞에 줄 섯쟈나유…
gyu_yami | 2024-04-19 | 우와 젤리 넘 귀여워요❤️❤️
hooroolook_ | 2024-04-19 | 우왕!!!
mintto0.0 | 2024-04-19 | 꺅 저듀 요고 머그러가는데 넘싱기해요❤️
ham2_ni__ | 2024-04-19 | 아 저 이거 완전 궁금해요❤️
ddanyworld | 2024-04-19 | 과즙팡팡 맛나겠어용❤️
biggn_o | 2024-04-19 | 미쳤다 ㅋㅋㅋ젤리러버 여기여 사먹어야지🔥
true_gyeongju | 2024-04-19 | 골라먹는 재미 👏👏
muk._.chuuru | 2024-04-19 | 손톱에낄때까지 까먹고싶다
honey._punch | 2024-04-19 | 벗겨먹는게 야해요....🫣
misick.mag | 2024-04-19 | 까먹는젤리 저도 한개만요 ㅜ
food_matgwanbu_ | 2024-04-19 | 오 저 젤리 귀신인데...
zzin.foodie | 2024-04-19 | 까먹는 젤리 달콤하니 넘 맛나보여요❤️
chang.sun | 2024-04-19 | 헐 젤리킬런데 처음봐요 이런거!🔥
matxnyang | 2024-04-19 | 까먹는 젤리 신기해요❤
choi._.yummy | 2024-04-19 | 오머 저도ㅜ먹어보고 싶어요
mukbulim_0817 | 2024-04-19 | 요거 궁금한데 택배받고 싶네용❤️
teddy_zip_ | 2024-04-19 | 우앙 젤리 모찌모찌 하네요❤️
hello_s_food | 2024-04-19 | 눈 앞에 있으면 계속 까먹겠는데여
t_cheol2 | 2024-04-19 | 우와우 너무 간식으로 좋네요 ㅎㅎ
cream._.ong | 2024-04-19 | 이거 엄청 맛있다던데 궁금해여ㅠㅠ❤❤
aeyongxxi | 2024-04-19 | 이야 이거 맛나다냥❤️
ddo_sil | 2024-04-19 | 젤리러버 나야나
busan_delicious_diary | 2024-04-19 | 캬 한번 먹어보고싶은데요❤️
wu_hyun | 2024-04-19 | 오잉 젤리 진짜 특이하네영 저도 사러 가야겠어영 ㅋ
muuk.dda | 2024-04-19 | 아 이거 까먹는거 궁금해요 ㅠㅜ 세상 쫜듣할듯 ㅠ
leeoh_review_ | 2024-04-19 | 내꺼눈??
mat_dori1 | 2024-04-19 | 젤리 튜베릅❤️❤️❤️
muk_.jjun_ | 2024-04-19 | 우와 젤리 짱 맛있겠다☺️
muk_ggu_wa | 2024-04-19 | 와 이게 이렇게 인기가 많다구요...???😍😍
muksta_cici | 2024-04-19 | 비쥬얼 진짜 대박,,❤️ 너무 맛있어보여요🥹
yeoni_mukstar | 2024-04-19 | 우왕 저도 쫀득쫀득한 젤리 먹으러 갈래요❤️
minjae.26_sj1215 | 2024-04-19 | @lily9211_ 이거 사러 가자 우런니랑 우래기 조아해 @dbswn2828 젤리 귀신들이라서.......🙂‍↔️
food._.hwan | 2024-04-19 | 말랑말랑❤️
hh.__.jin | 2024-04-19 | 젤리 맛나게따😍
mukrosee | 2024-04-19 | 와 왕창 사먹을래요❤️❤️
dragon_gyou | 2024-04-19 | 오호 😂😂먹고싶네오ㅡ
ming_foodie_ | 2024-04-19 | 까먹는젤리 신기해용😍
muk_sicogi | 2024-04-19 | 와 잴리 비주얼 미쳒떠염❤️❤️
da_muk_nyam | 2024-04-19 | 까먹는젤리😍😍
jinarye | 2024-04-19 | 이거 못먹어봤는뎁
gyul_yummy | 2024-04-19 | 우와 이 젤리 궁금해여
meoktion | 2024-04-19 | 까먹는 젤리 넘 궁금해요👏👏🔥
radiant__hoya | 2024-04-19 | 저도 먹고싶어요😍
mukkarong1 | 2024-04-19 | 오오오!! 요고 완전 쟁여놓고 싶은데요?!!😆😆
so_rowsm | 2024-04-19 | 쫀득한 젤리 넘모 맛나보여요🤤
rara_muk | 2024-04-19 | 대박 이 젤리 궁금하다😍
samuk_haemuk | 2024-04-19 | 헉 이거 진짜 먹어보고 싶네요😍😍😍
ruri.food | 2024-04-19 | 개존맛❤️❤️
ruri.food | 2024-04-19 | 저두 주세요 젤리 ㅋㅋㅋ
jack93kim | 2024-04-19 | 와아.. @mulmandooko 젤리 ㄱㄱ
jameslee0911 | 2024-04-19 | 크흐 저도 먹어보고 싶어요😍
hj_foodie | 2024-04-19 | ㅠㅠㅠ우앙 젤리너무귀엽게 생겨써❤️
dalove04 | 2024-04-19 | 궁금하네용❤️❤️
ggam_food | 2024-04-19 | 넘나궁금한젤리네여❤️
muksta_turbo | 2024-04-19 | 이거 너무 맛있죵😍"
2024-04-18,1088,[강남] 숯불향가득 들기름 뿌려먹는 돈카츠 <스미카츠> 일본 갬성 분위기🫶🏻 혼밥하기에도 딱이고 데이트에도 딱 숙성한 돼지를 바삭하게 튀겨 내 숯불에 훈연해 겉바속촉 육즙팡팡 숯불향가득🫶🏻🫶🏻 이미 맛있는 카츠에 들기름을 뿌려먹으니 고소함이 두배🫶🏻 돈카츠에 카레 미친 조합까지🫶🏻 등심은 비계와 살코기 비율이 완벽🫶🏻🫶🏻 안심은 질기지 않고 부드럽게 씹힘🫶🏻 심지어 덮밥까지 실하고 맛있음🫶🏻 @@돈까스조아해요?❤️ 📍#스미카츠 📍 서울 강남구 선릉로157길 23-3 지상 1층 101호 ⏰ 매일 11:00-21:00 (L.O 20:20) 💵 숯불 숙성안심카츠정식 16900원 💵 특등심 로스 숯불카츠정식 16900원 💵 산더미 가라아게동 16900원 💵 특등심 숯불 로스카츠동 17900원 67주,"#강남맛집추천, #강남데이트코스, #압구정맛집추천, #압구정데이트코스, #압구정일식, #돈까스맛집, #덮밥맛집","eating_rest2 | 2024-05-20 | 돈카츠 너무 젛아요❤️❤️❤️
jj._.kyosulog___ | 2024-04-21 | 잘보고 갑니두웅😍제 고정 피드도 눌러주세요오❤️
jigustar_daegu | 2024-04-21 | 들기름 발라먹는거 넘 궁금하네요😍😍
mukteller | 2024-04-20 | 오오 여기 맛나죠ㅠㅠ❤️❤️
rubialee007 | 2024-04-20 | 훈연 돈까스😍😍 육즙 최고일듯요😍😂
rubialee007 | 2024-04-20 | 들기름뿌려먹는곳😍😍완전좋잖아요😍
hot_hot_1388 | 2024-04-20 | 헉헉😍😍 맛나게 드셨사옵니까?ㅎㅎ🙌💗💗
pm555nam | 2024-04-20 | 소스가 아주 맛나 보여요
돈까스는 언제나 나를 만족 시키는 음식입니다
suahhha | 2024-04-20 | @miin._.jiiii 돈까스가 죄는 아니자나!!!
ji_oreo | 2024-04-20 | @song_hee_elo
__mukgogayoung | 2024-04-19 | 너무 먹어보고 싶어용~^^ 😍
imcanghyun365 | 2024-04-19 | 돈카츠 점심시간 전 견디기 넘 힘드네요 당장 먹고싶네요 ❤️
aroundseoul_food | 2024-04-19 | 육즙대박❤️
seoul_food_like | 2024-04-19 | 육즙 ㅠㅠㅠㅠ당장먹고싶어요😍
living_to__eat | 2024-04-19 | 정통파! 싫어할수 없죠💛
matzip_note | 2024-04-19 | 와 육즙부터 미쳐여...
cogarobotics | 2024-04-18 | 숯불훈연🔥맛에 들기름?😍😍
so_rowsm | 2024-04-18 | 바삭바삭 육즙 가득 돈까스 넘모 맛있어 보여요🤤
bonge_o0o_food | 2024-04-18 | 무조건 맛잇겟가..아 배고파,,
daily_tak1003 | 2024-04-18 | 돈까스 러버로서 아주 눈돌아가네요❤️
margaret___bakery | 2024-04-18 | 우앙 돈까스 쪼아용❤️❤️
1onefood_ | 2024-04-18 | 돈까스 사랑합니다 ㅠㅠ😍😍😍
tour_todayss | 2024-04-18 | 헐… 무조건 저장!!!!❤️
cafe_9kyung | 2024-04-18 | 숯불향에 들기름 뿌려먹능 돈가스라니👏👏
muuk.dda | 2024-04-18 | 들기름 챱챱 뿌랴먹는거 숯불냄새까지 휴,,
taetae_foodie | 2024-04-18 | 와 진짜 무조건 저장했어요.. 미쳤어요ㅠ❤️
cooking_sam_kitchen | 2024-04-18 | 돈까슈다❤️❤️❤️ 맛도리각
ha___yummy | 2024-04-18 | 너무맛나보여요❤️
jack__foodie | 2024-04-18 | 돈까스 좋아하세요?
siso_father | 2024-04-18 | 카츠 예술이네요 😍
1s_food | 2024-04-18 | 숯불향가득 맛있어보여요👏👏
koya_yam | 2024-04-18 | 숯불향 머금은 카츠라니 대박인데요!?🥰🥰
100rang_food | 2024-04-18 | 스미카츠 맛나게따😮
true_gyeongju | 2024-04-18 | 육즙 도랐다 너무 맛나겠어요
daejeon__tour | 2024-04-18 | 아 돈까스 좋아하져 ㅠ 들기름 조합🖤
aeyongxxi | 2024-04-18 | 돈까스 좋아하냥❤️
muk._.chuuru | 2024-04-18 | 육즙팡팡
dog.matdori | 2024-04-18 | 완전신기 모얌😮
zzangdol77 | 2024-04-18 | 엄청맛나겠어요~~🔥🔥🔥🔥🔥🔥🔥
jjgongju_ | 2024-04-18 | 육즙 미쳤는데요..?!!❤️
manchaelin | 2024-04-18 | 숯불 훈연+들기름,, 이 조합 대찬성이요..🧸
teddy_zip_ | 2024-04-18 | 우아 돈까스 대박사건😍 육즙대박인데요??
matjjang_9 | 2024-04-18 | 들기름 고소한 향 여기까지 나네요😍😍 겉바속촉 돈까스 저두 먹고싶어요오❤️❤️
__ddami_ | 2024-04-18 | 와 여기 너무 궁금해요👀
biggn_o | 2024-04-18 | 돈까스 비줠 미쳤댜🤤
matxnyang | 2024-04-18 | 카츠에 들기름 조합 좋아요❤❤
manca212121 | 2024-04-18 | 대박입니다!!
duck_muk | 2024-04-18 | 바로 저장이요😍
leeoh_review_ | 2024-04-18 | 육즙이 진짜 미쳤는데요?❤️
hee.muk__ | 2024-04-18 | 카츠 육즙 가득하네용🧡
muk_geobolka | 2024-04-18 | 돈까쓰으❤️❤️
limeunzzo | 2024-04-18 | 와 육즙 쏟아져요 ㅠㅡㅠ
podong_g | 2024-04-18 | 진짜 츄베릅 그자체ㅜㅜㅜ
muk_cheers | 2024-04-18 | 엄청 부드러워용
mukrosee | 2024-04-18 | 육즙 미친거죠 ㅜㅜ❤️❤️
yumyum_soble | 2024-04-18 | 돈카츠 비주얼 보니까 당장 먹고싶네요❤️
j2ch.busan | 2024-04-18 | 들기름 뿌려먹는 카츠는 얼마나 고소할까요? 요즘 떠오르는 카츠 맛집이군요😍😍
muckza_zzae | 2024-04-18 | 숯불에훈연하묜 기가막히겟다ㅠㅠ
yummy_follow | 2024-04-18 | 와 ❤️❤️
sue_restaurant | 2024-04-18 | @_blc.28 돈까스 좋아해??❤️
daily_pig_tour_ | 2024-04-18 | 하...육즙봐..미쳤다❤️❤️
j_j.eat_ing | 2024-04-18 | 돈까스 육즙 대박이에요!! 돈까스 급땡겨요!!
cluk_mom | 2024-04-18 | 오~~ 숯불돈까스 궁금❤️
seoyeon_gom | 2024-04-18 | 와..육즙진짜 팡팡터지겠어요!! 거기에 들기름 쫘악 뿌려먹으면 진짜 고소할것같아용>.<
rara_muk | 2024-04-18 | 들기름 뿌려 먹는다니 궁금❤️
treeview__ | 2024-04-18 | 돈까스 좋아해요?
yamphile | 2024-04-18 | 😍😍😍😍😍😍😍😍😍😍
ddo_sil | 2024-04-18 | 돈까스 조아해요?
cream._.ong | 2024-04-18 | 진챠 바삭쵹쵹 미쳤다..😍❤❤❤
sul_anju_king | 2024-04-18 | 이건 무조건 저장😍
deli_pengmi | 2024-04-18 | 어머 겉바속촉 너무 맛있어보여요><
zin___nxy | 2024-04-18 | 육즙 가득+바삭한 카츠 지대로 땡겨버리네요 😍😍 소스에 듬뿍 찍먹 해버리고파유 😎
dayeating_ | 2024-04-18 | 크 꼬순내 못참아요😍
themukeou_2 | 2024-04-18 | 돈까스 보자마다 저장🙌🙌
ddub_e2 | 2024-04-18 | 돈베릅..😮
matzip_hyena | 2024-04-18 | 숯불향 킁킁..🐺🐺 츄베릅각
jo_c_bab | 2024-04-18 | 보자마자 진심 군침 대박 넘 맛있겠어요 🤤
ggam_food | 2024-04-18 | 돈카츠 츄베릅❤️
radiant__hoya | 2024-04-18 | 돈커츠 개조음😍
dalove04 | 2024-04-18 | 완전맛잇을꺼같아요!!❤️
wanteat._.eat | 2024-04-18 | 여긴 무조건 방문해야져 ㅠㅠㅠㅠㅠㅠ 진짜 맛있더라구요 😍
hotdor_s | 2024-04-18 | 아 여기 돈까스 진짜 먹어보고싶다
mattjun11 | 2024-04-18 | 와 안심진짜 너무 부드럽겠다
sang_hwa00 | 2024-04-18 | 돈까스 진짜 사랑이여ㅠㅠ😍
moo_boza | 2024-04-18 | 스미카츠 진짜 존맛이에요 ㅠㅠ 🙌
daeji_eat44 | 2024-04-18 | 돈카츠에 들기름 넘 궁금한 맛이에요❤️❤️
hj_foodie | 2024-04-18 | ㅠㅠㅠ육즙 진짜 대박이다❤️ 무조건 맛있찌
muk__guri | 2024-04-18 | 훈연향 미침❤️❤️
mukkarong | 2024-04-18 | 두께가 장난아닌데요?!! 들기름까지 뿌려먹다니!! 맛없없이겠어요!!😆😆😆
wu_hyun | 2024-04-18 | 스미카츠 저도 한번 먹어보고 싶던데 진짜 독특한거 같아영 ㅎ
churping_oo | 2024-04-18 | 돈가스 완전 사랑❤️저장꾸욱😍
muko_die | 2024-04-18 | 와 훈연한 카츠에 들기름 최곤데요😍
_foodater_ | 2024-04-18 | 여기 또가고싶어요 역대급 돈까스❤️❤️
eunsil5317 | 2024-04-18 | 돈까츠 대박이에요♥️♥️
hyunjae_mukstagram | 2024-04-18 | 헐 겉바속촉 그자체
huru_table | 2024-04-18 | 와 덮밥까지 대박..❣️ 돈친놈은 울어요😢
busan_delicious_diary | 2024-04-18 | 돈까스 육즙 대박❤️
jinihankki | 2024-04-18 | 비주얼 무슨 일이야(๑❛ڡ❛๑)
하트 꾸욱 누르고 갑니댜💘
mukdang0 | 2024-04-18 | 들기름 대박ㅜㅜ츄베릅❤️❤️
hdul_daily | 2024-04-18 | 캬 돈카츠 진짜 바삭하네여😍"
2024-04-17,365,[성수] 사이드 미친 곱창튀김 아구찜? <성수AGU> 가정집 갬성 분위기 아구찜 위에 한우 곱창을 튀겨 올려나옴🫶🏻 아구가 살이 꽉 차있고 부드러운게 최고🫶🏻 아구내장 튀김까지 나오는데 아구찜 양념이 매콤하니 느끼함을 싸악 잡아줌🫶🏻🫶🏻 부추랑 같이 먹어도 굿🫶🏻 낙지가득 매콤한 감태주먹밥 필수🫶🏻🫶🏻 낙지볶음밥 느낌인데 고소한 감태가 추가되니 더 맛있음🫶🏻 치즈 가득 바삭 두툼 감자전🫶🏻 식기전에 바로 꿀 찍먹하면 존맛🫶🏻 달달한 하이볼로 마무리🫶🏻 @@아구찜사쥬❤️ 📍#성수agu 📍 서울 성동구 상원길 48-1 AGU ⏰ 매일 12:00-23:00 (L.O 22:00) ⏰ B.T 15:00-16:00 💵 곱창튀김 아구찜 23000원 💵 감태낙지주먹밥 14000원 💵 명란치즈감자전 17000원 67주,"#성수동맛집, #성수동맛집추천, #성수맛집추천, #성수데이트코스, #성수동핫플, #성수동데이트맛집, #아구찜맛집, #감자전맛집","mochl_ahahcnl | 2024-04-19 | 곱창에 아구찜이라니.. 심지어 곱창을 튀겼..!?!? 이건 맛없없이에요 진짜로ㅠㅠㅠ
wani_story01 | 2024-04-18 | 와우 먹고 싶은 비주얼 너무 좋아요❤️❤️
cooking_sam_kitchen | 2024-04-18 | 곱창튀김이다🔥🔥🔥 대박
yumyum_soble | 2024-04-18 | 아구찜에 곱창튀김이라니! 비주얼 보니까 당장 먹고싶네요❤️
cluk_mom | 2024-04-18 | 주먹밥 미쳤당❤️
rara_muk | 2024-04-18 | 곱창튀김 맛있겠다😍
zin___nxy | 2024-04-18 | 매콤한 아구찜 땡겨버리내유 소주랑 먹으면 극락가겠어유 🔥🔥
qbee.eat | 2024-04-18 | 곱창튀김 녹진하니 존맛 각 ㅠ❤️
leomatt.food | 2024-04-18 | 이런 음식을 먹고 싶었어요! 👍
mukddo_muk | 2024-04-18 | 여기 존맛이져
dama.zine | 2024-04-18 | 와 아구찜에 곱창튀김 대박이에유~
muk_geobolka | 2024-04-18 | 비줠이 츄르릅❤️❤️
colorfulsundays | 2024-04-18 | 먹을거많아서 좋네요👏👏👏
colorfulsundays | 2024-04-18 | 와 진짜 살 대바악😍😍
colorfulsundays | 2024-04-18 | ❤️❤️❤️❤️❤️❤️
min.ddo_o | 2024-04-18 | 허 곱창튀김 대박이에여🙌
food_chy._.ee | 2024-04-18 | 곱창튀김에 아구찜 콜라보 대박이에요ㅠㅠ❤️
ddunny_ddun | 2024-04-18 | 아미쳐따 아구찜 사랑..❤
onnu_jjung | 2024-04-18 | 우아이거무슨일이래요🔥🔥🔥와…
jjinang_pick | 2024-04-18 | 취저❤️❤️
matdungsan_health | 2024-04-18 | 여~😍😍맛있겠다
sul_anju_king | 2024-04-18 | 와 소주 그냥 술술 넘어가겠어요😍
cafe_9kyung | 2024-04-18 | 아구찜위에 곱창! 신박하네요 ❤️
sos.omat | 2024-04-18 | 곱창튀김 처음봐요대박
mat__check | 2024-04-18 | 내나
mat__check | 2024-04-18 | 매콤아구찜❤️
daily_busan_matzip | 2024-04-18 | 우와 곱창튀김과 아구찜 조합😍 너무 잘어울리는데요?!❤️
myeatdiary_ | 2024-04-18 | 와👏 저도 먹어보고 싶은 비주얼이네요..❤️
tastyseoul_ | 2024-04-18 | 꺄~~~너무  맛있겠어요 😍
gangnammandu | 2024-04-18 | 우아 아구찜이 엄청 새롭네요!😍 완존 궁금😮😮😮
mo_muk_._ | 2024-04-18 | 아 왠지 인센스 스틱 향 나는 것 같아요 영상에서
hot_hot_1388 | 2024-04-18 | 오늘 메뉴는 이거루 정했당!ㅎㅎ🙌💗💗
nemokimpd | 2024-04-18 | 힙하다 힙해🔥
eat_time_food | 2024-04-18 | 아구찜 살이 꽉찻네요❤️
seoul_food_like | 2024-04-18 | 감태주먹밥🔥🔥
seoulplanet | 2024-04-18 | 와 좋은곳이네요💓💓 대박이예요
daeguplanet_ | 2024-04-18 | 우왕 이런 갬성 아구찜 맛집 넘 좋아요 ❤️
eats_editor | 2024-04-18 | 헤에에엑!!! 미쳣네요!!
so_rowsm | 2024-04-17 | 매콤한 아구찜에 곱창튀김 조합 넘모 좋네요👏🏻👏🏻
laurent_busan | 2024-04-17 | 아구찜 아구아구 먹으러갈래용 ❤️❤️
mukbears | 2024-04-17 | 아구찜에 곱창튀깅 진짜 천재,,❤️❤️
mat_kimteacher | 2024-04-17 | 조합 넘 좋네요 ❤️❤️
y_foodyy | 2024-04-17 | 여기 감태주먹밥 진짜맛있어욥 ..ㅠㅠ❤️❤️
ma_eatda | 2024-04-17 | 성수에 이런곳이 ..!! 군팀돌아용 ㅠㅠㅠ ❤️🐷
biggn_o | 2024-04-17 | 아구찜.. 진짜 격하게 땽긴댜😍
bottlejune__96 | 2024-04-17 | 우왕 아구찜에 곱창튀김이 있다니 조합 미쳤어요 ㅠㅠㅠ😍😍
food_matgwanbu_ | 2024-04-17 | 아구찜 맛나죠😍
mukstar_md | 2024-04-17 | 크윽 아구 살코기ㅠㅠ❤️❤️
taste_dori | 2024-04-17 | 살완전많고 맛나보여요😍❤️❤️ 아구찜!
bokjaaa___ | 2024-04-17 | 츄베릅❤️❤️❤️❤️아구찜 조아요
wanteat._.eat | 2024-04-17 | 여기 진짜 맛나구,,, 직원분들 진짜 친절하세요🔥😍
ggam_food | 2024-04-17 | 와..아구미치따..
matxnyang_4 | 2024-04-17 | 곱튀에 아구찜조합이라니 이건 찐이다❤
muk_eul_rae | 2024-04-17 | 와 미쳤다... 아구찜에 곱창이라니 올해 본 메뉴중에 최고예요...👍🏻👍🏻
ming_foodie_ | 2024-04-17 | 요기 아구찜 맛있써요❤️
taetae_foodie | 2024-04-17 | 와 여기서 만취각이에용❤️
muk__guri | 2024-04-17 | 저 2단뛰기 잘해요 ㅎㅎ 일명 쌩쌩이라고도 하죠 ㅎㅎ
ddo_sil | 2024-04-17 | 아구찜 츄베룹
misick.mag | 2024-04-17 | 여기 진짜 맛있죠 ㅎㅎ
mukrosee | 2024-04-17 | 곱창튀김 올라가다니 최고에요🔥
bab_mukza_ | 2024-04-17 | 이 무슨 천상 조합입니까용 😍
matddori_ | 2024-04-17 | 곱창튀김 아구찜 조합 대박이에여😍
mukkarong | 2024-04-17 | 아구찜에 곱창튀김 조합 너무 맛있겠는데요?!!😆😆😆
dokkkiee | 2024-04-17 | 여기 짖짜 존맛탱 ㅠㅠ❤️❤️
mukshroom_ | 2024-04-17 | 아구찜에 곱창 튀김 무슨 일인가요...🤦🏻‍♀️
leeoh_review_ | 2024-04-17 | 아,. 여기 나두 데려가요❤️
muuk.dda | 2024-04-17 | 와 곱창 튀긴거바 이거 진짜 아구짐이랑 조합 기절하겠다,,
duck_muk | 2024-04-17 | 단짠 미칠거같아요🔥🔥
bonny_vely_ | 2024-04-17 | 우와 비쥬얼❤️❤️
muuk__star | 2024-04-17 | 와 아구찜에 곱창튀김? 미친조합이네요😍 감태주먹밥까지❤️ 와~~ 저장필수네요
mukstival | 2024-04-17 | 드시는 모습만 봐도 배불러여( σ̴̶̷̤ .̫ σ̴̶̷̤ )♡
_yamiyomi_ | 2024-04-17 | 백점만점 이예용👍🏻(ᵕ́ૢ‧̮ᵕ̀ૢ)‧̊·*
hanip_de_share | 2024-04-17 | 진짜 사고다 사고...
kim_nyamsik | 2024-04-17 | 왁 너무 ㅁ부드러워보이는딩😍
muk_joongsa | 2024-04-17 | 여기 튀긴 아구찜 레알 존맛탱❤️❤️
hyorishpink | 2024-04-17 | @moond_iiii
true_gyeongju | 2024-04-17 | 야 비주얼 부터 영상미까지👏👏😍😍
mukcamera | 2024-04-17 | 아구찜에 곱튀😍😍
j_a_n723 | 2024-04-17 | 이거 궁금하더라구여 먹어보고싶었는데
muk._.chuuru | 2024-04-17 | 아구아구맛잇겟당😍
mim_mi__ | 2024-04-17 | 우와 여기 아구찜 너무 먹어보고 싶어요❤️
newly_cafe.eat | 2024-04-17 | 와 최고에요🔥
bonge_o0o_food | 2024-04-17 | 비쥬얼 및ㅟㄴ다
mukjung_ | 2024-04-17 | 나왜꿀못봣지!!
themukeou_2 | 2024-04-17 | 곱창튀김 올라간 아구찜❤️❤️
meogjjangro_ | 2024-04-17 | 아구찜도 맛있게 츄베릅 하셨군뇨😍😍😍
mukorang | 2024-04-17 | 헐... 비줠 당장 먹구 싶오랑😍
dalove04 | 2024-04-17 | 와🥹
yeji0719 | 2024-04-17 | 성수아구 넘 궁금해염🤍🤍
da_muk_nyam | 2024-04-17 | 햐 맛도리지😍😍
zzu.meokbap | 2024-04-17 | 아구찜 비주얼 대박🫢
요거 보니깐 배에서 꼬르륵 거리네요! (⸝⸝o̴̶̷᷄ o̴̶̷̥᷅⸝⸝)❤️
g_bsoo | 2024-04-17 | 와..아구찜만으로도 게임 끝났는데 곱창튀김이라니..❤️
js__1oo4 | 2024-04-17 | 아구찜에 아구살 완전 통통해용😍😍
곱창튀김을 올릴 생각을 하시다니 대박,,💓💓
muk_gureum | 2024-04-17 | 입에 부어주세요..
dasik_eat | 2024-04-17 | 행복한 비줠🔥🔥
eatsooda | 2024-04-17 | 곱창튀김에 아구찜 조합은 말뭐❤️ 매콤 아구찜 곱튀로 달래줘야지-🔥😍
cogarobotics | 2024-04-17 | 곱창튀김들어간. 아구찜😍 참신한 아이디어네요
boryeong_mg | 2024-04-17 | 살가득한 아구에 곱창까지 진짜 못참아여,,,🤤💛
chaegwang_eat | 2024-04-17 | 대박.. 이 기깔난 아구찜 비주얼은 못참죠😍😍
yome_foodie | 2024-04-17 | 아구찜에 곱창튀김❤️❤️"
2024-04-16,2만,"여수 필수코스 게장 맛집 <여수게장 정다운식당> 신선함 가득 1도 안비림🫶🏻 오션뷰에 통창뷰 최고🫶🏻 암꽃게장을 시키면 돌게장이 무제한🫶🏻🫶🏻 알가득 살가득 간장게장🫶🏻 매콤달달한 양념게장🫶🏻 통실한 새우장, 전복장🫶🏻 많이 짜지도 않아서 최고🫶🏻 반찬도 상다리 부서질 정도로 나옴🫶🏻 밥도둑 천지🫶🏻 허영만 선생님도 극찬했다함🫶🏻 @@여수가쟈❤️ 📍#여수게장정다운식당 📍 전남 여수시 돌산읍 마상포길 12 ⏰ 10:00-21:30 (L.O 20:00) ⏰ 평일 B.T 15:00-17:00 💵 암꽃게장+양념꽃게장+전복장+새우 1인 35000원 67주","#정다운식당, #여수맛집, #여수맛집추천, #여수데이트코스, #여수가볼만한곳, #여수게장맛집, #게장맛집, #간장게장맛집, #여수간장게장맛집","o.hhy | 2025-02-08 | @amazon7290
heyvianaaa | 2024-07-12 | @k.woooooj
thecrawfishhut.seattle | 2024-07-08 | Obsessed with this 😍
yj._.96h | 2024-07-07 | @woongi_95 여수!
wldo11 | 2024-07-03 | 여기 맛있어요 간장게장이랑 돌게장 !! 포장되요 ㅋ
ggggmi_1004 | 2024-06-27 | @hh.___.p 여기가봐,,,,
foling_4 | 2024-06-18 | 😮
x.0.x__se0 | 2024-06-14 | @joohyeong8
hhhari_614 | 2024-06-02 | @tt_weeks
bo._.myeong._.k | 2024-05-28 | @bae_ggomdoll 나도여수 ㅠ
gkwlsdn12345 | 2024-05-27 | 저건 돌게장이 아닌데요?
no_za_11 | 2024-05-21 | 👏
beforeanyonee1se_ | 2024-05-21 | @k_gs___ ㅠㅠㅠㅠㅠㅠ
_ssungjaa | 2024-05-20 | @sim_seoyul_mama 이번여수에 어때??
_97.1216 | 2024-05-20 | @_joo_ri_s2 게장먹구싶아
11111jdsf | 2024-05-12 | So sad 😢😢😢😢😢😢😢😢😢😢😢😢 poor creatures being eaten
jeongyeon_grip | 2024-05-11 | @ukyo_i 가봄?
block_hahahh | 2024-05-11 | @y___kiki_ 크 여수 ㄱ?
bleu_hero | 2024-05-10 | @kiki_dongje
s_chaelynn | 2024-05-08 | @_na__young_
yunshinhye7 | 2024-05-07 | 계장먹으러 여수!!고고~고고~🔥🔥🔥
strawbell_.a | 2024-05-02 | 게장 먹구파 😢😢
amara_reigns | 2024-04-30 | Raw raw rawww raaawwe
nyctophiliia666 | 2024-04-30 | 65주좋아요 1개답글 달기
mji__ya | 2024-04-30 | @sugyeong0831 …..또륵
kang_rxa | 2024-04-28 | @bae__jino 여기로 다시 도전해보아요 우리
mukmuk_ggoyum | 2024-04-28 | 실하다실해😍😍😍
gnus_9.7k | 2024-04-27 | @heejoo_o_0
me_hnstrue | 2024-04-23 | 🤤🤤🤤🤤😍😍😍
ji._.nnnnnnnnn | 2024-04-22 | @ji._.nnnnnnnnn
semaitable | 2024-04-20 | 아 진심으로 맛있을거같아요👏🔥
matketers | 2024-04-19 | 비주얼 정말 맛도리네요!!❤️ 배고파요ㅠㅠ
chloe.b.hwang | 2024-04-19 | @92_j.y 여수우우우우우
fealive_ | 2024-04-19 | @johnny_vantennis
mat_mapp | 2024-04-19 | 우왕 게장 무한리필은 무조건이죠! 맛팔해요❤️
tour_todayss | 2024-04-18 | 여수는 역시 게장인가 ❤️
muk.cow | 2024-04-18 | 와 ㅠㅠ 너무 맛있게 먹는 거 아니소 ㅠㅠ
muk.kkoma | 2024-04-18 | 엄마 데리거 여기 가야겠어용😍😍
mukstar_md | 2024-04-17 | 밥도둑 예약❤️❤️
bob_m.z | 2024-04-17 | 무조건먹을래여😍
mat__check | 2024-04-17 | 게장 묵을래❤️
gwangju_jo._.co | 2024-04-17 | 와.. 살 미쳤네요
bonge_o0o_food | 2024-04-17 | 돌게장 무제한 미쳐쒀
qbee.eat | 2024-04-17 | 게장 알 미쳤는데요😍😍
jeju.foodfact | 2024-04-17 | 여수 갈래여ㅠㅠ❤️❤️
jjinang_pick | 2024-04-17 | 찌냥이 이런 음식이 완전 취향저격이에오(❁´▽`❁) ❤️❤️❤️❤️
imcanghyun365 | 2024-04-17 | 게장 견디기 힘든 먹주얼 최고네요 당장 먹고싶네요 ❤️
_mukbbo_haru | 2024-04-17 | 간게 양게장ㅠㅠ♥️밥도둑
hye_foodie_ | 2024-04-17 | ㅎ ㅏ 여기 진짜좋아해요저😍
seoyeon_gom | 2024-04-17 | 와..게장안에 알이 가득가득 대박인데용!! 이모든게 저가격이라니>.< 무조건 여수가면 이곳 찜이요!❤️❤️
ddunny_ddun | 2024-04-17 | 와무한리필인거대박❤
sang_hwa00 | 2024-04-17 | 무한으러달려😍😍
gyunyami | 2024-04-17 | 돌게장 살이 꽉 찬게 군침돌아요🤤
witty_foodie | 2024-04-17 | 게장 군침제대로에요😂😍
jumma_buffett | 2024-04-17 | 여수가면 꼭 들려야될곳이네요 저장저장❤️
food_eoni | 2024-04-17 | 와 밥두그릇 뚝딱할래용❤️❤️
daayun.zip | 2024-04-17 | 우앙 게장 넘 맛나겠어용!!!!😆😆
bread._.soon_ | 2024-04-17 | 와아,, 오션뷰에 무한리필😳 너무 먹고파요 ㅠㅠ❤️
muk__jjung | 2024-04-17 | 무한리필 게장다먹고오고싶네요❤️❤️
dong_bo.114 | 2024-04-17 | 나진짜게장너므머꼬싶어여 ㅠㅠ
muk._.chuuru | 2024-04-17 | 아그럼쌉가야지❤️
hee.muk__ | 2024-04-17 | 완전 밥도둑이네용❤️
danji.muk_log | 2024-04-17 | 와 게장 비주얼 대박! 넘 맛있어 보이게 잘찍으셨네요!!❤🤤👍
mat._.cat_ | 2024-04-17 | 무한리필인데 알이 꽉찬 게장이네요😍 퀄리티 👍
n_treasure_love | 2024-04-17 | 게장에 전복에 미쳤네요!!😍😍
seoul_food_like | 2024-04-17 | 게장밥 넘맛잇겟오요😂
changwonplanet | 2024-04-17 | 어우 ㅠ 밥도둑 ;; ❤️
min.ddo_o | 2024-04-17 | 여기게장찐이쥬😍😍
sos.omat | 2024-04-17 | 헐 ㅠㅠㅠㅜ 진짜넘넘가고싶어요 돌게장무한리필까지 미쳐따링
eat.mimii | 2024-04-17 | 간장게장 짱 맛있겠어요 🙌
cooking_sam_kitchen | 2024-04-17 | 크으 ㅎㅎ 밥도둑이 모여있다요❤️❤️
sul._.gwang | 2024-04-17 | 와 무한리필❤️❤️
sul_anju_king | 2024-04-17 | 밥도둑인데 돌게장까지 무한리필되면 밥 세공기 각😍
yum_mypick | 2024-04-17 | 게장 알 가득한것부터 넘 좋자나요❤️
밑반찬들도 깔끔하니 넘 맛나겠어요
hankkiyojeong | 2024-04-17 | 정다운식당으로 가봅니덩 ⌯’▾‘⌯🤍
muk_train | 2024-04-17 | 여긴 무조건이다❤️❤️
gyul_yummy | 2024-04-17 | 크 밥도둑이에요💖💖
limeunzzo | 2024-04-17 | 헐 ,, 여기 진짜 가볼래요 ㅜㅜㅜ
ul_mat_so | 2024-04-17 | 게장 밥도둑을 넘어 밥깡패네요😎
ulsan_flex | 2024-04-17 | 찐맛탱 비주얼❤️❤️
dayeating_ | 2024-04-17 | 크 하나같이 맛있겠는데요😍
mukcamera | 2024-04-17 | 우와 알가득 미쳤음😍
dog.matdori | 2024-04-17 | 허영만 스앵님이 극찬한 게장 맛도리❤️
____17th____ | 2024-04-17 | 게장,,, 오랜만에 넘 땡기네요❤️
hot_hot_1388 | 2024-04-17 | 헉헉😍😍 맛나게 드셨사옵니까?ㅎㅎ🙌💗💗
daeguplanet_ | 2024-04-17 | 캬 게장 속살 대박이네요 😍❤️
jjeobjjeobbaksa_ | 2024-04-17 | 크 비주얼 미쳐버려요ㅜㅜ❤️
muk__guri | 2024-04-17 | 맨손으로 먹어서 짠거 아니에요...?
sewoong__park | 2024-04-16 | 추룹추룹😍너무 맛도리잖아요🔥🔥🔥
daegu.ing | 2024-04-16 | 여기 진짜 맛이짜나😍
y_foodyy | 2024-04-16 | 여수게장 무조건 여기갈래요 …와 ㅠㅡㅠ❤️❤️
margaret___bakery | 2024-04-16 | 우앙 먹으러 가구싶어용❤️❤️❤️
hotdor_s | 2024-04-16 | 아 여수 이거때매 함 가야될까바 ;
mukbulim_0817 | 2024-04-16 | 밥도둑😍😍😍
mochl_ahahcnl | 2024-04-16 | 지인들 여수 갈 때 추천 해줘야겠어요❤️
yeoni_mukstar | 2024-04-16 | 우왕 양념게장이랑 간장게장이라니❤️ 이거 완전 밥도둑일 것 같아요!!
korurruck | 2024-04-16 | 와 진짜 밥 두공기 뚝딱비주얼인데요??😍
umuk_umuk | 2024-04-16 | ㅋ ㅑ ㅎㅎ 밥 3공기 쌉가능 ㅋㅋㅋ
manca212121 | 2024-04-16 | 츄베릅^^
daeji_eat44 | 2024-04-16 | 양념게장에 밥은 죽음이죠 ㅎㅎ❤️❤️"
2024-04-16,1584,"[성수] 연예인들도 줄서는 2만원대 한우 <무식당> 고급깔끔한 인테리어 실로묶어 꽃을 형상화한 최고급 한우 업진살 1인분의 29000원으로 가성비 미침🫶🏻 스테이크처럼 살짝살짝 구워먹으면 되는데 담백촉촉 단백질 충전되는 느낌🫶🏻 직접 구워주시니 먹기만 하면 됌🫶🏻 특제소스랑도 찰떡🫶🏻 입에서 녹는 살치살까지🫶🏻 고기 듬뿍, 깍두기 큼직하게 든 노릇한 깍두기볶음밥이 대존맛🫶🏻🫶🏻 @@고기사쥬❤️ 📍#무식당 📍 서울 성동구 왕십리로10길 5-9 무식당 ⏰ 평일 12:00-23:00 (L.O 22:00) ⏰ 주말 12:00-22:00 (L.O 21:00) ⏰ 평일 B.T 14:30-17:00 💵 한우 무화살 29000원 💵 한우 깍두기볶음밥 10000원 67주","#성수맛집, #성수맛집추천, #성수데이트코스, #성수동데이트코스, #성수동고기집, #성동구맛집, #성수동맛집추천, #한우맛집","ryu1028 | 2024-08-29 | @sseoming815 @goldbok_mommy_travel
ma_eatda | 2024-05-27 | 키햐 마블링 넘 이뻐용 ㅠㅠㅠㅠ
y.x2ji | 2024-05-24 | @hyeju_gleam
grxux | 2024-05-23 | @wsw_ibnida
100045k2 | 2024-05-14 | ㅋㅋㅋㅋㅋㅋㅋㅋㅋㅋㅋㅋ 가본사람은 한명도 없네 ㅋㅋ
bboosh_u | 2024-05-14 | 댑악아아아아아압이다욥👾
sinhyimin42 | 2024-05-13 | @kimharin0723
mr.k__yuu | 2024-05-12 | @dongyurani
matzip.wiki | 2024-05-12 | 동글동글 비주얼 대박❤️❤️
ja_cstle | 2024-05-11 | @hyeok_hh981
dasol0529 | 2024-05-08 | @unjxu
1234567891011121314151617a | 2024-05-07 | @ian_k_17
wellbeingyam | 2024-05-03 | 가성비한우
12_gtr._avt | 2024-05-02 | @ch__18n
_seungtae_ | 2024-05-01 | @qkrwndud1913
ira.ony | 2024-05-01 | @mc150510
gyum_136 | 2024-04-30 | @icanghyeon178
munseoyeong0521 | 2024-04-30 | @kimharin0723
2i.u_u | 2024-04-30 | @jeongseoweon21 촉촉 ~ 촥촥 ~
yidxxi | 2024-04-30 | @doeun_25
inner_one.j | 2024-04-28 | 때깔 😍😍😍
xxibmtrgn | 2024-04-28 | @yunjae0912
hhp2017 | 2024-04-27 | @keswontleave 여기도 가자ㅋㅋㅋㅋ
z0.es__ | 2024-04-27 | @mn.xos
leaf23156 | 2024-04-27 | @seungbin3421
ch_jiyul | 2024-04-27 | @kimminji8185
iabmrv | 2024-04-27 | @hwsonghw
j_u.ch | 2024-04-26 | @minsu_kim4 @p_s_hioo 고맙다
slix6_n | 2024-04-26 | @aik_qwxke
ethanh.419 | 2024-04-24 | @shiwoo25_l
dusdnd2__ | 2024-04-24 | @_seokzero_
valororant | 2024-04-24 | @antaegeon698
gimhyunjung366 | 2024-04-23 | @gimihan0620
hi_minii | 2024-04-23 | @zzaeha_0220
jumuk_bro | 2024-04-22 | 육즙장난아니겠는데여😢😢 소통하며지내요🙌🙌
kyoung_.eun | 2024-04-22 | @dvgksrl
hitto1119 | 2024-04-21 | 대박❤️
hi_nariya | 2024-04-20 | 맛있게똬….😍고기는 언제나 넘 좋아요~~🫰🏻
05ssi1 | 2024-04-19 | @xaehee_x
wickal_mjk | 2024-04-18 | @rudal.s2
h_gun_w | 2024-04-18 | @tmsqja 😂
s._hyxn08 | 2024-04-18 | @zduxq_
jtwthe4839 | 2024-04-18 | @jangsiwoo939
kkedo_ri | 2024-04-17 | 놔,, 비주얼 대박이에요🔥🔥
sihoo_06_15 | 2024-04-17 | @onyou_0921
bonge_o0o_food | 2024-04-17 | 촉촉한우 너무 죠큐❤️❤️
food_matgwanbu_ | 2024-04-17 | 가성비 좋네요😍😍
muk.kkoma | 2024-04-17 | 요 비줠이 2만원대라니😍 그짓부렁아니죠??❤️
ch._o7oi | 2024-04-17 | @ysn._.xx23
eats_editor | 2024-04-17 | 촉촉하이❤️
seoul_food_like | 2024-04-17 | 비줠 침나와요ㅠㅠㅠㅠ❤️❤️
sos.omat | 2024-04-17 | 가격넘좋은데요 ㅠㅠㅠ
hankkiyojeong | 2024-04-17 | 담백촉촉 식단아니냐며 🥹❤️❤️
rorogultravel | 2024-04-17 | 퀄리티 진짜 끝내주네요😃완전 맛있어 보여요🥹
kimjunbeast_4444 | 2024-04-17 | @gimutaeg_
_mol_bbang | 2024-04-17 | 와 비줠부터 시선제압하는데용
____17th____ | 2024-04-17 | 와 진짜 비주얼 미쳤는데요,,,❤️
daily_pig_tour_ | 2024-04-16 | 와....고기 비주얼 참을수없는데요❤️❤️
eunhyeonbae | 2024-04-16 | @harold__0829 돼지까지는 아닌 맛돼지
sxvuzn_ | 2024-04-16 | @daimin24
treeview__ | 2024-04-16 | @yen_berup 녀디용
hyundo_with_big_tooth | 2024-04-16 | @papipupapi._.ika
sjw0519 | 2024-04-16 | @gangraegyun6
s.un1_ho | 2024-04-16 | @16sinb
matpamine_ | 2024-04-16 | 군침 싹돈다.. 배고파👏
jo_c_bab | 2024-04-16 | 와 입에서 살살 녹겠는데요🤤
matdoreeee | 2024-04-16 | 맛도리😋 맞8하고 먹통하고 싶어요! 선8하고 갈게요🙌❤️🙌
mo_muk_._ | 2024-04-16 | 태그@그만
y.7nx_29 | 2024-04-16 | @s6.u_ni
ll_lx.te | 2024-04-16 | @yunbori90
hihee.e | 2024-04-16 | 한우때갈 미춌는데여❤️❤️
hdul_daily | 2024-04-16 | 촉촉한우 미치네여😍
dama.zine | 2024-04-16 | 고기 대박이네유❤️
all_eat_chu__s2 | 2024-04-16 | 쿠왁… 지방육즙파티 입 안에서 열릴 것 같꾸왁..🐤🐤🐤💦🥩
janghopark1 | 2024-04-16 | @m1n.5eo_
gyul_yummy | 2024-04-16 | 한우 먹으러 갈래요💖
dog.matdori | 2024-04-16 | 지글 지글익은 고기집어 내입으로 들여보냅니다❗️
riri_muk | 2024-04-16 | 촉촉한우❤️ 맛있겠어요😍
zin___nxy | 2024-04-16 | 참새가 방앗간을 어찌 지나쳐요 ❤️❤️ 소고기라면 무조건 못지나쳐요 🙌🥩
real_matzip1 | 2024-04-16 | 하아 미쳤다 ㅠㅠㅠㅠ😍❤️ 소리 비주얼 대박
eat._.333 | 2024-04-16 | 소고기 머글ㄹ래요ㅠㅠ
min.ddo_o | 2024-04-16 | 아니 동그라미 너무기여버요❤️❤️
dwaeily_note | 2024-04-16 | 진짜 야무지게 돌돌말려나오는것도 섬세한 손길😍😍😍
sltnqdla | 2024-04-16 | 와ㅠㅠ 한우 빛깔부터 예뻐요❤️
ihajeong396 | 2024-04-16 | @nami.nu13
foodiepalette_ | 2024-04-16 | 와 비주얼 대박이에요👏👏 저장해두고 들려봐야겠어요🙌🙌
rlachals | 2024-04-16 | @ayun.0218
duck_muk | 2024-04-16 | 안녕하세요! 오리먹입니다🐥 잘부탁드려용❤️
bbbm_jg | 2024-04-16 | 조아여❤️
taetae_foodie | 2024-04-16 | 골든벨 울리러 가야지…. 켜쿜ㅋㅋㅋㅎ…. ㅠ
food._.hwan | 2024-04-16 | 저 저격하시는건가요?😂
muk._.chuuru | 2024-04-16 | 맛잇어진챠💖
bottlejune__96 | 2024-04-16 | 무식당 여기 마블링 완전 제대로다요 ㅠㅠㅠ😍😍
sseung._.food | 2024-04-16 | 와 고기 두툼두툼한더바여❤
alcholstargram | 2024-04-16 | 넘맛잇졍 무화살😍
alcholstargram | 2024-04-16 | 크 여기 넘 멋잇졍😍😍
eat._.dopig | 2024-04-16 | 😭진짜 맛있겠어요 육즙좔좔 살살 녹겠죠?
how_about_there_ | 2024-04-16 | 고기 육즙 터지는거 보니까😋 배고파 집니다😁
aeyongxxi | 2024-04-16 | 츄베릅 맛도리다냥
hal_jjak1002 | 2024-04-16 | 내가 돼지니 살게❤️"
2024-04-15,359,"[압구정] 프라이빗 스키야끼 데이트? <갓포 모로미 도산공원점> 룸으로 되어있어 프라이빗하게 조용히 데이트 가능🫶🏻 일본 갈 필요 없는 분위기🫶🏻 소스를 졸여먹는 관서식 스키야끼로 국내에서 처음 시작한 원조라고🫶🏻 원조는 역시 다르다🫶🏻 각종 맛난 요리들이 줄줄이 코스로 나옴🫶🏻 내가 간 날은 치킨스테이크에 가지소스가 나왔는데 촉촉하니 맛있었음🫶🏻 미니 장어덮밥 오차즈케도 장어가득 줌 초회, 바삭한 감자고로케에 마구로감태스시까지🫶🏻 디저트로 상큼한 유자사베트로 마무리 사케 한잔까지 곁들이면 딱🫶🏻 @@스키야끼 사쥬❤️ 📍#갓포모로미 📍 서울 강남구 언주로172길 30 1층 갓포 모로미 ⏰ 일-목 17:00-24:00, 금토 17:00-01:00 (L.O 마감1시간전) 💵 갓포 다이닝코스 1인 89000원 67주","#압구정맛집추천, #압구정술집추천, #압구정룸이자카야, #압구정로데오이자카야, #도산공원이자카야, #압구정룸술집, #압구정이자카야, #압구정스키야끼, #압구정데이트코스, #강남맛집추천","jukwanseek_jeju | 2024-04-29 | 진짜 가보고싶은곳이네요 ㅠㅠ
muk.b0ss | 2024-04-17 | 맛도리 잘 보고 갑니다😍
____17th____ | 2024-04-17 | 일본너낌 넘 죠어요❤️
mukmuk_damuk | 2024-04-17 | 룸이라서 더욱 조아여~
mochl_ahahcnl | 2024-04-16 | 일본풍 맛집 많이 생겨서 조아유😍
laurent_busan | 2024-04-16 | 크 안주 라인업 술이 술술 들어가겠어요 🔥🔥
mukta_bucks | 2024-04-16 | 스키야키 대박이에요!
먹💪 할까요?🤗
food._.hwan | 2024-04-16 | 일본 대신 요기가야짓🔥
joy__unni | 2024-04-16 | 스키야키 완전 대박이에오
mat__check | 2024-04-16 | 맛체크하러 달려갈래요💛💛
mat__check | 2024-04-16 | 😍😍
yum_yum_kkakka | 2024-04-16 | 와 맛도리겠어요❤️👏
ggam_food | 2024-04-16 | 사케까지 적셔야져❤️
m_k.zu | 2024-04-16 | 스키야끼대박 ㅜㅜㅜㅜ 넘 먹구파요
yamphile | 2024-04-16 | 😍😍😍😍😍😍😍😍😍😍
mukzzang_bread_ | 2024-04-16 | 하 오차즈케 너뮤 좋아요 ❤️
mukksomm | 2024-04-16 | 우와 프라이빗해서 더 좋은데요❤
d_t_muksta | 2024-04-16 | 와ㅠㅠㅠㅠ진짜 미쳤다 이거는 꼭 먹어봐야겠는걸요!?? 🥹🥹
newly_cafe.eat | 2024-04-16 | 비주얼 대박 ㅜㅜ
kim_nyamsik | 2024-04-16 | 엄머..여기 안주들 다 무슨일🫶🏻
tjsldk | 2024-04-16 | 아침부터 침샘폭발😍😍
mukstival | 2024-04-16 | 스키야키 사드릴께여(ว˙∇˙)ง(ว˙∇˙)ง
ddunny_ddun | 2024-04-16 | ㅠㅠㅠ진짜 술 술술들어갈듯여
mat_dori1 | 2024-04-16 | 스키야키 사랑해!!!!!!❤️❤️일본안갈래융
bakmanduuu | 2024-04-16 | 미쳤자나요ㅜㅜㅜㅜㅜㅜ❤️❤️
cooking_sam_kitchen | 2024-04-16 | 스키야키는 찐 맛도리 안주❤️
sul_anju_king | 2024-04-16 | 완전 일본이네요😍
sos.omat | 2024-04-16 | 8년연속 블루리본이라니😍
__mukgogayoung | 2024-04-16 | 너무 먹어보고 싶어용~^^
cluk_mom | 2024-04-16 | 알본인중❤️
limeunzzo | 2024-04-16 | 와 분위기도 좋아여 🥹🥹
so_rowsm | 2024-04-15 | 스키야키 고기 빛깔 대박,,👍🏻 노른자 푹 찍어서 한입 와앙 먹고 싶어요😲
gracehillary_food | 2024-04-15 | 우아💘 비주얼 맛도리 너무 부러워용🌈😍💖
umuk_umuk | 2024-04-15 | 그냥 바로 일본이네요 ㅋㅋㅋ
manca212121 | 2024-04-15 | 비주얼이 너무 좋은데요 마음에 듭니다
gga_.buri | 2024-04-15 | 여기가 일본인데요~?❤️
magoo_wagoo | 2024-04-15 | ㅠㅠㅠ캬 넘 맛도리비주얼❤️
hyob_muk | 2024-04-15 | 스키야키 댑악이자나오❤️
daeji_eat44 | 2024-04-15 | 코스요리 넘 맛있겠어요❤️❤️
yoon.min.ga.0513 | 2024-04-15 | 스키야키 너무 맛있는데 여기 엄청 맛있어보이네요❤️
food_chy._.ee | 2024-04-15 | 스키야키 따뜻하니 넘 맛냐보여요❤️❤️
dayeating_ | 2024-04-15 | 캬 스키야끼 미치네요❤️
yeji0719_ | 2024-04-15 | 프라이빗룸이라 더 맘에 들어욤👏👏
seoul_food_like | 2024-04-15 | 스키야끼에 사케 먹구싶어요😂
bab_mukza_ | 2024-04-15 | 여기 스키야끼 맛나다고 지인한테 들었어요 ㅠㅠ 산타러 서울가면 사달라고 해야겠습니당
matxnyang | 2024-04-15 | 여기가 압구정이라구요😮😮 감성 쥑이네요❤❤
dasik_eat | 2024-04-15 | 와 존맛탱 각🔥🔥
ming_foodie_ | 2024-04-15 | 스키야키 먹구싶어요❤️❤️
_foodie_monkey | 2024-04-15 | 푸디몽키 등장🐵 크으 술맛나겠는데요😁우끼낏🐵
bonge_o0o_food | 2024-04-15 | 8년 연속 블루리본이면 말다해찌머ㅓㅠㅠ
j2ch.busan | 2024-04-15 | 헐 프라이빗한 룸에서 즐기면 넘 행복할듯ㅠㅠ 고급미 뿜뿜!!
epi_curism | 2024-04-15 | 끄아 분위기 넘 좋아요😍 맛도리 음식까지 가득하다니 넘 최고네용!❤️
sewoong__park | 2024-04-15 | 너무 맛나겠어요👏👏👏
yum_mypick | 2024-04-15 | 스키야키 비줠부터 짱인데요,, 장어까지 넘 맛나겠어요
mukbo_kimgaru | 2024-04-15 | 크으 스끼야끼 원조라니 너무 궁금한걸요🔥🔥
taetae_foodie | 2024-04-15 | 블루리본 맛집은 또 못참죠❤️
dama.dessert | 2024-04-15 | 우와아앙 🤍💛 8년연속 블루리본 맛집 ‼️
rara_muk | 2024-04-15 | 스키야끼 맛있게따❤️
colorfulsundays | 2024-04-15 | 대박맛나겠다요 ㅠㅠㅠㅠ
taste_dori | 2024-04-15 | 제대로된 스키야키집 발견!!!😍❤️❤️
seula.busan | 2024-04-15 | 스키야끼 비주얼보니 넘 먹구싶어요 💛
kidmstyle | 2024-04-15 | 와 스키야키 제대로네요😍
mukcamera | 2024-04-15 | 스키야키 츄베릅😍
tasty_ssong | 2024-04-15 | 맛도리비주얼🔥 먹으러가야징😘
daily_tak1003 | 2024-04-15 | 요즘 일본가고싶었는데 여기로 가야게써요🔥
qbee.eat | 2024-04-15 | 오붓하게 시간 보내기 최고인곳💚
ring__b | 2024-04-15 | 와 분위기도 좋구 대박 😍
miso__cook | 2024-04-15 | 넘 가보구 싶네요🥹💓💓
cafe_9kyung | 2024-04-15 | 8년연속 블루리본이라니😍😍😍
foodexplorer_ahn | 2024-04-15 | 스키야키 넘 맛나지용😍😍
wishbake_ | 2024-04-15 | 맛도리 가득한 코스라니 당장 달려가요🔥
muksta_turbo | 2024-04-15 | 여기 맛있죻ㅎ
matjun1111 | 2024-04-15 | 8년연속 블루리본 믿먹🔥
hello_s_foodie | 2024-04-15 | 여기 데이트하기 넘 좋겠어요!😍😍
yeoni_mukstar | 2024-04-15 | 오오 저도 소스를 볼려먹는 스끼야끼 너무너무 궁금하네요!!
js__1oo4 | 2024-04-15 | 분위기부터 너무 좋아서 마은에 드는데 안주까지 퀄리티가 좋다니,,🫢💓💓
dragon_gyou | 2024-04-15 | 오호 🔥🔥넘 망나것네요
muuk.dda | 2024-04-15 | 스키야키 체고시다
food_express1994 | 2024-04-15 | 자글자글 조려먹으니 간도 잘배어서 너무 맛나겠어요 !?😮
ddunny_ddun | 2024-04-15 | 우앙 비주얼미쵸따,,
changmusik | 2024-04-15 | 캬 입국각인가요? ❤️
meoktion | 2024-04-15 | 스키야키ㅣㅣㅣ 여기 제대로져🔥🔥 일본 느낌 낭낭하네여👏
daily_busan_matzip | 2024-04-15 | 오늘 스키야끼 너무 땡기는데요?!🤤🤩
jeju.foodfact | 2024-04-15 | 스끼야끼 최고 ❤️❤️
jack__foodie | 2024-04-15 | ❤️❤️❤️
jack__foodie | 2024-04-15 | 스키야키미쳐
mukdang0 | 2024-04-15 | 분위기 대박!! 츄베릅 ❤️❤️
wanteat._.eat | 2024-04-15 | ㅠㅜㅜㅜㅜㅜㅜ 어후 스키야끼 미쳤어요😍
jjiny_mukstory | 2024-04-15 | 맛있어보여요😍 데이트맛집으로 딱 이네요🧡
mukorang | 2024-04-15 | 당장 가구 싶오랑❤️
aeyongxxi | 2024-04-15 | 일본가지말고 가자냥❤️
dama.zine | 2024-04-15 | 분위기 미쳤어유
choi._.yummy | 2024-04-15 | 츄베릅 저도 가보고시포요❤️❤️❤️
yumyum_report | 2024-04-15 | 스키야끼 너무 먹음직스럽네요~
busan_delicious_diary | 2024-04-15 | 스키야끼 짱 땡기는데요❤️
hello_s_food | 2024-04-15 | 이건 못참지👏👏 취해야겠어요❤
tastyseoul_ | 2024-04-15 | 꺄~~~너무  맛있겠어요 😍
muk_daddy | 2024-04-15 | 와 비주얼이 너무 좋은데요❤️❤️
jack93kim | 2024-04-15 | 미쵸뜨앗.....😍
mukkarong | 2024-04-15 | 와우!!! 졸여먹는 스키야키 완전 먹구싶어요!!😆😆😆"
2024-04-15,1117,냉면이 무한인 인생 오징어보쌈? <천하장사냉면굴전문> 20년된 시흥 찐 맛집🫶🏻 한정판매 시그니쳐 오징어보쌈🫶🏻🫶🏻 연하고 오동통 큼직한 오징어 가득🫶🏻 매콤달콤 오징어 무침🫶🏻 야들 촉촉한 보쌈이랑 싸먹으면 미침🫶🏻🫶🏻 살얼음 동동 냉면이랑 같이 먹으면 극락 간다? 땡초 팍팍 들어간 땡초 냉면까지🫶🏻 냉면 시키면 냉면사리가 무한리필이라 대식가는 최고인🫶🏻 @@냉면사쥬❤️ 📍#천하장사냉면굴전문 📍 경기 시흥시 대은로 12-1 ⏰ 매일 10:00-23:00 (L.O 22:00) 💵 오징어보쌈 43000원 💵 물냉면 9000원 💵 땡초냉면 10000원 67주,"#시흥맛집추천, #시흥데이트코스, #경기도맛집, #냉면맛집, #보쌈맛집, #오징어보쌈, #신천역맛집, #시흥맛집, #인천맛집추천, #서울근교맛집추천","eat.mimii | 2024-04-16 | 와 찐 맛있겠어요 👏
space_look__ | 2024-04-16 | 와 넘 맛잇겟어요❤️
cong_elf | 2024-04-16 | 캬ㅑ 비쥬얼 때문에 눈이 즐거워지네요 ❤️
miso__cook | 2024-04-16 | 와 가봐야겠어요❣️❣️
yeoning_diary | 2024-04-16 | 냉면 땡기네용😢
yamphile | 2024-04-16 | 😍😍😍😍😍😍😍😍😍😍
tjsldk | 2024-04-16 | 완전 내스퇄😍😍
mochl_ahahcnl | 2024-04-16 | 냉면 무한 못 참죠❤️
sul_anju_king | 2024-04-16 | 와 소주 그냥 술술 넘어가겠어요😍
sos.omat | 2024-04-16 | 세숫대야냉면 대박😍
_yamiyomi_ | 2024-04-16 | 이 비주얼이면 무조건 먹어야죠🤍🤍
bonny_vely_ | 2024-04-15 | 냉면무한이라뉴♡♡
seoul_food_like | 2024-04-15 | 오징어 크기 실환가요🫢🫢🫶🏻
bonge_o0o_food | 2024-04-15 | 진짜 극락..💖💖
yum_mypick | 2024-04-15 | 새콤한 오징어무침에 보쌈 조합 넘 좋은데요🔥
whayu___ | 2024-04-15 | 세숫대야 냉면 오징어무침과 함께 흡입각이에여!!
taetae_foodie | 2024-04-15 | 와 냉면 사이즈 미츄따… ❤️
muknya2024 | 2024-04-15 | 무한으로 맛있겠어요❤️
pigpig___me | 2024-04-15 | 오와아..저도 가볼래요!❤️
yun_eat | 2024-04-15 | 냉면 무한으로 주는거 최고예요❤️ 부들부들 촉촉한 수육이랑 냉면며👏👏👏
tasty_ssong | 2024-04-15 | 큰일이야 냉면순이 살찌는소리❤️
daily_tak1003 | 2024-04-15 | 우와 냉면이 무한이라니 미쳤네요👍🏻
gangnammarco | 2024-04-15 | 냉면 무제한 못참주😍😮
foodexplorer_ahn | 2024-04-15 | 오징어무침 비주얼 와우😍😍
juner_315 | 2024-04-15 | 오징어 무침에 수육 딱 먹고 물냉으로 딱 하면 와 여기 와❤️❤️❤️❤️❤️
muk_toggi | 2024-04-15 | 야들야들 촉촉❤️
hot_hot_1388 | 2024-04-15 | 헉헉😍😍 맛나게 드셨사옵니까?ㅎㅎ🙌💗💗
mo_muk_._ | 2024-04-15 | 제 얼굴 보다는 조금 작은 것 같네요…^^
_9fried__eggs | 2024-04-15 | 오징어보쌈 짱맛이겠는데요🔥
ham2_ni__ | 2024-04-15 | 오징어보쌈 먹을래요❤️
moo_boza | 2024-04-15 | 냉면 무제한에서 합격인데여 🙌 오징어보쌈이랑 마구 먹을래여!!
cm_ryu_tour | 2024-04-15 | 와웅 오징어보쌈 대박이네요❤️
matpamine_ | 2024-04-15 | 냉면… 한입만…😮
dongkit_eat | 2024-04-15 | 냉면사리가 무한😍😍😍 여기 넘넘 맛나죠❤️
jaaaayydang | 2024-04-15 | 오징어 보쌈 츄릅🩷🩷
mat_kkimu | 2024-04-15 | 오징어보쌈 이럴개 먹어본적 없는데ㅜ와 먹고 싶네영 👍👍
min.ddo_o | 2024-04-15 | 크 ㅠㅠㅠ냉면까지미쳐쨔나요❤️❤️
hello_s_foodie | 2024-04-15 | 이건 못참지👏👏
hyob_muk | 2024-04-15 | 우앙 보쌈 냉면 조아욥🔥
taste_dori | 2024-04-15 | 맛난것만 잔뜩 모아뒀네요😍 저장하고갑니닷!!
dama.zine | 2024-04-15 | 와 오징어 무침 미쳤네유~
mattjun11 | 2024-04-15 | 진짜 극락 그 자체 ㅋㅋ🔥
colorfulsundays | 2024-04-15 | 🔥🔥🔥🔥🔥
colorfulsundays | 2024-04-15 | 오징어무침 너무 먹고싶어요 ㅠㅠㅠ
podong_g | 2024-04-15 | 오징어무침에 보쌈 완전 끝내주자나요😍
cafe_9kyung | 2024-04-15 | 물냉면 시원하니 맛있어보여요❤️
yoon.min.ga.0513 | 2024-04-15 | 와우👏👏 큼직하니 너무 맛있겠는데요
half_gwangju | 2024-04-15 | 오징어에 보쌈까지 우오아❤️
taste_cherish | 2024-04-15 | 와 냉면무한은 못참죠
daejeon__tour | 2024-04-15 | 오징어보쌈에 냉면 무료 미쳤자나여🖤
muk.news | 2024-04-15 | 무한은 못참아!
ddo__yam | 2024-04-15 | 오아 진짜 얼굴보다 크네요😍😍
dama.dessert | 2024-04-15 | 냉면 넘 사릉해요🤍💛
matdungsan_health | 2024-04-15 | 대박~😍😍
biggn_o | 2024-04-15 | 와 ㅋㅋㅋ진짜맛나겠댜😍
aeyongxxi | 2024-04-15 | 무한정으로ㅜ먹자냥❤️❤️
choi._.yummy | 2024-04-15 | 냉면 덕후 달려가요❤️
muksta_turbo | 2024-04-15 | 촉촉해보이네요😍
leeoh_review_ | 2024-04-15 | 냉면 좋아하는데 당장 가야지❤️
pigdani_ | 2024-04-15 | 끄덕끄덕 기다렷르데 안나와서 3번봐써요❤️
munchlax._.jm | 2024-04-15 | 냉면 러버출동❤️
ring__b | 2024-04-15 | 오맛 냉면까지 😍
ondo.date | 2024-04-15 | 너무 맛있는거 드셨네용 😋💗
j_a_n723 | 2024-04-15 | 냉면이무한 장난아니에요 ❤️❤️❤️
manca212121 | 2024-04-15 | 마음에 듭니다^^
maasi_.chaa | 2024-04-15 | 크으 여기 넘 좋은데요😍😍
cluk_mom | 2024-04-15 | 오징어무침에 보쌈은 꿀조합❤️
margaret___bakery | 2024-04-15 | 우앙 비쥬얼 대박이에용🔥🔥❤️❤️
anjjanjjan | 2024-04-15 | 오징어무침 제대로❤️❤️
mukjung_ | 2024-04-15 | 아 보쌈이랑먹고싶 ㅠ❤️
dragon_gyou | 2024-04-15 | 와 넘묵고잎넹😍
hj_foodie | 2024-04-15 | ㅠㅠㅠ냉면이 무한인거 미쳤따🔥 뿌시자
d_t_muksta | 2024-04-15 | 어멋!😍이거 너무 맛있어 보이잖아요??? 디티도 먹을래요요요😍😍
bbio_bubu | 2024-04-15 | 와우 비주얼이 대박이구 완전 맛나 보여요💕
cream._.ong | 2024-04-15 | 캬 오징어 보쌈 완전 마싯게따 냉면까지❤❤
_foodmoa_ | 2024-04-15 | 냉면 비줠 대박😍 저도 한입 먹고싶어요❤️❤️
eunsil5317 | 2024-04-15 | 와우 냉면의 계절♥️
yam._.suming | 2024-04-15 | 우와앙 냉면 무제한은 처음봐요😍여름에 각이네요🔥
hello_s_food | 2024-04-15 | 냉면사리 팍팍 시켜야지🔥
bokjaaa___ | 2024-04-15 | 저도 갈래요 츄베릅❤️
food_chy._.ee | 2024-04-15 | 오징어보쌈에 땡초냉면ㅠㅠ 저두 먹을래요❤️❤️
zootopia_matzip | 2024-04-15 | 미쳤다 너무 맛나보여요❤️
_mokpo_good_place | 2024-04-15 | 와우 오징어 보쌈에 냉면👍👍😆😆
foo__zim | 2024-04-15 | 헐 냉면 무제한 쩐당😍😍
meokdoong | 2024-04-15 | 오징어 왜저리 통통해유?
asan.bbotto | 2024-04-15 | 오징어무침 보쌈 조합에 냉면까지 대박이에요 😍
imcanghyun365 | 2024-04-15 | 왕냉면 먹주얼 이보다 좋을순 없네요 피드까지 최고네요 ❤️
js__1oo4 | 2024-04-15 | 살얼음 동동 냉면 생각만해도 시원하네용❤️
보쌈이랑 같이 냠냠냠😋😋😋
j2ch.busan | 2024-04-15 | 왘ㅋㅋㅋㅋㅋㅋㅋ 얼글보다 큰 냉면ㅋㅋㅋㅋ 츄베릅님 얼굴이 작으신거 아니구요?
ggam_food | 2024-04-15 | 하...살얼음에 세수할래여
mukrosee | 2024-04-15 | 오징어보쌈이 미쳤는데요😮😮
moonchelin.chef | 2024-04-15 | 와 오징어보쌈 미쳤따😍
foodstory12345 | 2024-04-15 | 오징어보쌈에 냉면 끝내주네요🔥
mukbo_jjang | 2024-04-15 | 오와우 여기 알아용😍 이렇게 보니 반갑네여 여기 냉면 완전 푸짐에 보쌈 맛도리❤️
busan_deliciousdiary | 2024-04-15 | 우앙 너무 좋은데요❤️
hihee.e | 2024-04-15 | 와ㅠㅠ오징어무침에 냉면 후루룩 하고싶어요❤️
mukdang0 | 2024-04-15 | 조합 대박!! 츄베릅❤️❤️
mat.cube | 2024-04-15 | 크.. 진짜 맛있겠어요❤️❤️
yamyammy_irisyam | 2024-04-15 | 대박인데요❤️
yeoni_mukstar | 2024-04-15 | 오징어보쌈에 냉면 조합 절대 못참죠❤️❤️ 인님 저랑도 먹으러 가요!!"
2024-04-12,415,[마곡] 미나리로 만석시키는 직장인 맛집? <청도미나리> 매콤고소한 오리불고기에 미나리 가득🫶🏻 향긋함이 두배🫶🏻 미나리 추가 강추🫶🏻🫶🏻 기본맛 매운맛 중 매운맛 먹고 기절할 뻔 맵찔이들은 무조건 기본맛으로‼️ 쌈싸먹으면 더 맛있는🫶🏻 마무리로 볶음밥 필수🫶🏻 돼지 한 근을 3만원에 먹을 수 있는 가성비 맛집🫶🏻 김치가 미쳤음🫶🏻 김치랑 미나리랑 고기랑 같이 먹으면 향긋아삭고소 미쳤음🫶🏻 술이 안 들어갈 수가 없다🫶🏻 @@고기사쥬❤️ 📍#청도미나리식당 📍 서울 강서구 마곡중앙6로 66 1층 110호 청도미나리식당 발산점 ⏰ 매일 11:30-23:00 💵 미나리 생오리불고기 반마리 36000원 💵 돼지모듬 한근 30000원 67주,"#마곡맛집추천, #발산맛집추천, #마곡데이트코스, #마곡술집추천, #발산술집, #마곡고기집, #오리고기맛집, #삼겹살맛집","jinwook1011 | 2024-04-14 | 아~😍요집너무맛있겠어요 미나리듬뿍들어간오리불고기👍👍👍
wanteat._.eat | 2024-04-14 | ㅠㅠㅠㅠㅠㅠㅠㅠ 저도 내일 가요,,😍❤️
0926tiger | 2024-04-13 | 오류 불고기 너무너무 맛있겠어요
ggam_food | 2024-04-13 | 크하..츄르릅
matjun1111 | 2024-04-13 | 여기 진짜 술 술술 인정 ㅋㅋ
budong_bubu | 2024-04-13 | 캬김치에 미나리까지 최고조합..❤️
bokjaaa___ | 2024-04-13 | 잔 들었어요 ㅎㅎㅎ❤️
ulsan_rimepick | 2024-04-13 | 오리불고기 짱맛이에요😍
waguwagu_mucksun | 2024-04-13 | 술 대짝으로 마실듯요😍
eats__good_ | 2024-04-13 | 미쳐따😍 이번 주말 메뉴 이거다!!
mukbo_sine | 2024-04-13 | 헐 미나리 폭탄!!!!ㅜㅜ 추릅추릅
pigpig___me | 2024-04-13 | 크으 제가 다 먹을래여😍😍
bread._.soon_ | 2024-04-13 | 오리불고기에 미나리까지?! 이건 못참죠😳❤️‍🔥
mukstar__min | 2024-04-13 | 와우! 너무 맛있겠어요 >ㅁ< ♥️♥️♥️
daily_mukbbaek | 2024-04-13 | 크....꼬기에 미나리 향긋하고 그럼 술은 더 콸콸 맛있고😍😍
h_ddo.muk_ | 2024-04-13 | 미나리한가득 너무좋자나요❤️❤️
hutomatggi | 2024-04-13 | 맛없없 비주얼이네요 정말…?🤤🤍
kmj4401 | 2024-04-13 | 맛있는거 안에 맛있는고❤️한가득 행복😍
laurent_busan | 2024-04-13 | 미나리 한가득 진짜 술이 술술들어가겠어용😍😍
moo._.boza | 2024-04-13 | 미나리에 오리불고기로 만석.. 저도 갈래요오 ㅠㅠ❤️
rihazz___k | 2024-04-13 | 미나리 김치에 고기 와아아아아앙😍😍😍🔥❤️
mo_muknyang | 2024-04-13 | 아여기 소쥬못참는곳이져,,,🥹💖
zzangdol77 | 2024-04-13 | 오리 넘좋아하는데~🔥🔥🔥🔥🔥🔥🔥🔥🔥
taste._traveler | 2024-04-13 | 와,,오불에미나리라니,,조합미쳐따ㅜㅜㅜ소주각이죠
three_wishes_3 | 2024-04-12 | 볶음밥까지 너무 맛있어보이는데요❤️❤️🙌🙌
mukbofairy | 2024-04-12 | 미나리에 미친 자 여기 저장합니다❤️
ddo__yam | 2024-04-12 | 와아 미나리 ㄷㄷ 그냥 바로 쇠주 갈기져😍
ja.do.ya | 2024-04-12 | 술찌도 잔 들 먹주얼..😍😍❤️
food_murogallae | 2024-04-12 | 키야 완전 맛있어보여요!!!❤
muk._.ssu | 2024-04-12 | 바로 잔들어브러,,🔥
happyvirus_ys | 2024-04-12 | 군침돌아요 😍
melifluo_food | 2024-04-12 | 이건 맛없없이죠
nemokimpd | 2024-04-12 | 믿고 가는 곳 👏
ddomukz | 2024-04-12 | 오리불고기 미나리조합 대박이네요😍😍
mukddo_muk | 2024-04-12 | 와 넘 맛나보여요❤️❤️
mat.search | 2024-04-12 | 오리 불고기에 소맥 넘 좋은데요😍😍
fooseidon_ | 2024-04-12 | 영롱하네요😍
muk_.jjun_ | 2024-04-12 | 와우 미나리랑 오리 조합 좋다!☺️
e.den_0.0 | 2024-04-12 | 청도미나리 오리전골 진짜 마시써욤❤️ 몸보신 쌉가능❤️
seula.busan | 2024-04-12 | 으아 미나리 그득 최고에요❤️
all_eat_chu__s2 | 2024-04-12 | 미나리랑 같이 먹는 삼겹 너무 좋다요 꽤액🐤🐤
gyusun_1004 | 2024-04-12 | 미나리 대박 이라규😍 오리고기 맛나겟다규
hyunah_pick | 2024-04-12 | 완전 제 스타일😍😍
muk_yuning | 2024-04-12 | 미나리라면 인정이다냥 츄르
onyouhan_jari | 2024-04-12 | 피드가 너무 예쁘네요🫶🏻 구경하고 갑니다! 소통하며 지내요🙌🏻
hello_s_foodie | 2024-04-12 | 저도 갈래여‼️❤️❤️
newly_cafe.eat | 2024-04-12 | 와우 대박🔥
yumyum.queencard | 2024-04-12 | 잔들러 갑니다
bottlejune__96 | 2024-04-12 | 오리불고기에 미나리 가득이라니 오히려 말해모해겠어요 ㅠㅠㅠ😍😍
1onefood_ | 2024-04-12 | 크아 무조건 소주 각이죵😍😍
kkutti_h | 2024-04-12 | 와아..미춋다… 미나리랑 너무 잘 어울리는거같아요❤️❤️
_yuzzang9 | 2024-04-12 | 으하 쌈싸먹구 볶음밥으로 마무리하면 크흐,, 🔥🔥
food_express1994 | 2024-04-12 | 미나리랑 오리 삼겹살 조합 너무너무 좋죠🔥🔥 봄에 얼른 1년치 미나리 먹어야하는데😮😮 볶음밥 까지 완벽한 이곳 너무 좋아요🔥
foodexplorer_ahn | 2024-04-12 | 미나리 가득~ 넘 향긋하겠어용😍😍
dasik_eat | 2024-04-12 | 군침이 싹🔥🔥
korea_foodzone | 2024-04-12 | 잔말구 병들거같은데여!?
daayun.zip | 2024-04-12 | 우앙 미나리 가득 넘 맛나겠어용!!!!😆😆
yum_mypick | 2024-04-12 | 미나리 삼겹살에,, 매콤한 오리불고기까지,, 그냥 술잔에 안따르고 병으로 마시면서 먹어야하는 비줠인데요❤️🔥
mukbo_jjang | 2024-04-12 | 미나리 대박🔥 김치도 그렇고 이 조합 찬성입니다😍❤️❤️
hyob_muk | 2024-04-12 | 미나리사득 ㅠㅠㅠ 저두 너무 먹구싶어횹,,,🥹
dae_matnam | 2024-04-12 | 오리에 맥주 마시러 출발🔥🔥
mukbears | 2024-04-12 | 진짜미나리에 진심인곳,, 오리불고기 진짜먹구시퍼요,,😮
seoulplanet | 2024-04-12 | 크 한잔 해야져❤️❤️
dragon_gyou | 2024-04-12 | 오리 못참쥬🔥🔥🔥😍👍👍💚
elly_adopter | 2024-04-12 | 안주요거 넘 맛나보이네여❤️
mukbosskim | 2024-04-12 | 우와.. 대박 맛있어보이네요..^^❤️
fnvidir | 2024-04-12 | 회식때 가면 딱이네요👏👏
tipsy_jinnie | 2024-04-12 | 와 향긋한 미나리 한가득 사랑이네용
mat_chimban | 2024-04-12 | 캬,, 미나리 진짜 한가득,, 존맛이겠어용😍😍
hdul_daily | 2024-04-12 | 마곡 요즘 진짜 핫하네요 햐 언제가지😍
biggn_o | 2024-04-12 | 캬아 이럼 또 술 못참쥐😍
j_a_n723 | 2024-04-12 | 크 술이술술술 들어가게써요
taetae_foodie | 2024-04-12 | 와 이건 진짜 쏘맥 각이쟈나요❤️❤️
mo_muk_._ | 2024-04-12 | 미나리 불호지만 여기는 보고 군침이 한 트럭🔥🔥
asan.bbotto | 2024-04-12 | 미나리 오리불고기 너무 먹고 싶어요 😍
nunu_mukbang | 2024-04-12 | 볶음밥이 아주 맛나보여요😋😋
food_chy._.ee | 2024-04-12 | 오리불고기에 미나리 콜라보라니ㅠㅠ 소맥 각이에오❤️❤️
jack93kung | 2024-04-12 | 💜💚❤️ 오리불고기 정말 맛있겠...🙌👍
muksta_turbo | 2024-04-12 | 와 미쳤다 ㄷㄷ
aeyongxxi | 2024-04-12 | 이거 먹자냥❤️❤️
dayeating_ | 2024-04-12 | 캬 오리불고기에 소주 미치죠❤️ 불금달리잣❤️
muk._.chuuru | 2024-04-12 | 왜케잘말아
tastyroom_ | 2024-04-12 | 와 비졀 미쳤어요ㅠㅠ 맛있겠다❤️❤️
daeji_eat44 | 2024-04-12 | 미나리향에 오리불고기 먹으러 갈래요❤️❤️
menggong__ecig | 2024-04-12 | 이 조합은 무조건 맛있을 수 밖에 없죠🙆🏻‍♀️💗
muk_joongsa | 2024-04-12 | 지금 당장 달려가서 한입만 먹고싶다요,,,
ella._.tto | 2024-04-12 | 아 ㅜㅜㅜ여기 진짜 가고팠는데💗💗가셨구나요 츄베릅🤤
wu_hyun | 2024-04-12 | 청도미나리가서 미나리 왕창 흡입하고 싶네영 건강!!
food_matgwanbu_ | 2024-04-12 | 오리불고기 좋아요😍
matddori_ | 2024-04-12 | 미나리 폭탄 미쳐써여!!!❤️
gwangju_oneallzero | 2024-04-12 | 와 미나리 가득 미칠거가타여❤️❤️
busan_delicious_diary | 2024-04-12 | 미나리가득 넘 좋아요 ❤️
muk_toggi | 2024-04-12 | ❤️
muk_toggi | 2024-04-12 | 진짜 무조건 가야돼...너무 맛나보여..
woobbang_1oo1 | 2024-04-12 | 미나리한가득❤️
chopchop_univ | 2024-04-12 | 오리에 미나리 조합 대찬성이요🔥
mochl_ahahcnl | 2024-04-12 | 봄 내음이랑 잘 어울리는 미나리 향 💚
bonge_o0o_food | 2024-04-12 | 너어무 맛잇겟쟈나 ㅠㅠ
sikhookyung | 2024-04-12 | 군침이 팡팡 도는 비주얼이네요🙆🏻‍♂️🙆🏻‍♂️
daily_pig_tour_ | 2024-04-12 | 이야..미나리 진짜 야무지네요❤️❤️"
2024-04-11,452,"23000원에 생선구이에 간장게장까지? <옥이네> 여수가면 게장이지만 여기 생선구이집은 강추🫶🏻 상다리 부서질듯한 반찬구성에 간장게장이랑 소불고기도 주니🫶🏻 기본찬으로만 밥 한 공기 뚝딱🫶🏻 굴비, 가자미, 고등어, 갈치 4종 생선구이를 23000원에🫶🏻 촉촉부들 고소하니 밥도둑🫶🏻 짜지 않아서 계속 들어가는 생선🫶🏻 밥도 솥밥으로 주시니 최고🫶🏻 간장게장이 맛있어서 추가까지 해서 한판 푸짐하게 나오는데 만원밖에 안함 ㄷㄷ🫶🏻🫶🏻 리뷰 쓰고 딸기모찌까지 겟🫶🏻 @@여수가쟈❤️ 📍#옥이네 📍 전남 여수시 봉산남8길 7 1층 ⏰ 매일 08:00-21:00 ( L.O 20:00) 💵 생선구이+게장+솥밥 정식 23000원 68주","#여수생선구이옥이네, #여수맛집추천, #여수여행코스, #여수가볼만한곳, #여수데이트코스, #여수생선구이, #여수간장게장맛집, #간장게장맛집, #생선구이맛집, #봉산동맛집","littledragonbread | 2024-04-24 | 😢 i need this in english
0926tiger | 2024-04-13 | 생선구이 쥑입니다😍😍
budong_bubu | 2024-04-13 | 생선구이에 간장게장이라니 밥두그릇필요요ㅠ
bokjaaa___ | 2024-04-13 | 츄베룹❤️❤️
changmusik | 2024-04-12 | 이조합 미쳤쥬 ❤️❤️ 와 ㅜㅜ 밥좀줘영😍
hello_s_foodie | 2024-04-12 | 츄릅..🤤
foodexplorer_ahn | 2024-04-12 | 생선러버 눈 돌아갑니당😍😍
jeju.foodfact | 2024-04-12 | 여기 못참아 ❤️❤️
tasty_genie | 2024-04-12 | 여기 짱이네요❤️❤️
manca212121 | 2024-04-12 | 대박!!
muk_jjiyom | 2024-04-12 | 와 밥몇그릇먹어야하나 ...
urumi_urumi | 2024-04-12 | 와 생선구이랑 간장게장 동시에 먹으면 정말 맛있겠어요
foo__zim | 2024-04-12 | 크...여기 진짜 맛있는뎅😍
qbee.eat | 2024-04-12 | 간이세지 않아 오히려 조하 ~😍
dragon_gyou | 2024-04-12 | 배고파라🔥🔥😂😂👍👍
waguwagu_mucksun | 2024-04-12 | 우아 밥도둑이당😍😍😍
hi3_meow_3 | 2024-04-12 | 생선구이랑 간장게장 조합이라니 완전 밥도둑🔥🔥
mukteller | 2024-04-12 | 크윽 넘 맛나게쪄요요용❤️❤️
kkiro__muk | 2024-04-12 | 오와 비쥬얼 미쳤어요 ❤️❤️
ring__b | 2024-04-12 | 와 오동통생선구이 밥도둑 😍
mukddo_muk | 2024-04-12 | 여기 대박인데요!
margaret___bakery | 2024-04-12 | 우앙 비쥬얼 대박이에용❤️❤️❤️
ddunny_ddun | 2024-04-12 | 오 여기는 밥도둑음❤
tipsy_jinnie | 2024-04-12 | 와 가성비가 진짜 좋네요❤
eatt_oo | 2024-04-12 | 대박❤️
bottlejune__96 | 2024-04-12 | 이렇게 다양한 생선구이가 있다면 밥은 무조껀 두공기 조질래요!!😍😍
cream._.ong | 2024-04-12 | 와 생선구이 다양한거바 뇸뇸❤❤
like._yum | 2024-04-12 | 으왕 넘 맛나보여용 먹소통해요😍😂
j.___.min__00 | 2024-04-12 | ""옥이네"" 음식들 완전 맛있을 것 같아요!!
j2ch.busan | 2024-04-12 | 왘ㅋㅋㅋㅋㅋㅋ 생선 뼈 들어올리는 장면 쾌감 쩔어요
ulsan_flex | 2024-04-12 | 맛있겠어용😍😍
mukte.me | 2024-04-12 | 생선 구이 뚝딱 ❤️
zmyyi_ | 2024-04-12 | 😍
ella._.tto | 2024-04-12 | 와와 진짜 츄베릅💗💗
dongne_mukstagram | 2024-04-12 | 헉헉😍😍 맛나게 드셨사옵니까?ㅎㅎ🙌💗💗
dayeating_ | 2024-04-12 | 캬 여기 넘 맛있겠는데요😍
dokkkiee | 2024-04-12 | 벫님 먹방 넘 ㄱㅇㅇ ,,, ㅠㅠ 솥밥 3그릇 삽가능❤️❤️❤️❤️
changwonplanet | 2024-04-11 | 넘 맛나보여요❤️😍 궁금증폭발🔥🔥🔥
tanguriyaaa_ | 2024-04-11 | 솥밥에 생선구이 찰떡이죵❤️❤️
colorfulsundays | 2024-04-11 | 꺄악❤️❤️❤️❤️ 완전 완전 맛있어보여요!!!
colorfulsundays | 2024-04-11 | 💖💖💖💖💖
taetae_foodie | 2024-04-11 | 와 가시 바르는거 넘 찰진데요❤️
tastyseoul_ | 2024-04-11 | 꺄~~~너무  맛있겠어요 😍
j_a_n723 | 2024-04-11 | 와 가성비 무슨일이에여 😍
hj_foodie | 2024-04-11 | 헐 머야 딸기모찌 주는지 몰랐어 🥹!!!!!!
jaaaayydang | 2024-04-11 | 밥 두공기 각이네여🩷
tour_todayss | 2024-04-11 | 생선 간 세지 않은거 완전 좋어요❤️
bonge_o0o_food | 2024-04-11 | 뭐가 이러케 푸짐해애애🙌🙌
jack93kim1 | 2024-04-11 | 4가지 생선구이면 밥 4공기 쌉가능..
mukstar__min | 2024-04-11 | 우와 ^ㅁ^ 너무 맛있겠는데욤!!! 🌸♥️
ggam_food | 2024-04-11 | 살찌러갑니다🔥❤️
juner_315 | 2024-04-11 | 완전 밥도둑들 다모였네요😍😍 세공기 가능합니다❤️
ddomukz | 2024-04-11 | 와 가격 대박😍😍 밥 3솥밥 먹을래용😍😍
hihee.e | 2024-04-11 | 헐 ㅠㅠ생선구이 츄베릅❤️
umuk_umuk | 2024-04-11 | 와 ㅋㅋ 이집 ㅋㅋ 아주 대단하네요😍
daeji_eat44 | 2024-04-11 | 와 너무 먹고싶어요😢❤️
cogarobotics | 2024-04-11 | 먹을게많아서 솥밥하나론 부족하겠어요👏👏
mukstival | 2024-04-11 | 저도 델꼬가주세여(ว˙∇˙)ง(ว˙∇˙)ง(ว˙∇˙)ง
ma_eum_itda | 2024-04-11 | 꺄 흰밥위에 생선올려먹으면 얼마나 맛있을까요?ㅠㅠㅠㅠㅠㅠ 여수가면 꼭가야겠네요 !!!
themukeou_2 | 2024-04-11 | 밥도둑 한상❤️❤️❤️
gangnammarco | 2024-04-11 | 와 가성비가 너무 좋은데용😍😍
seoul_food_like | 2024-04-11 | 군침돌아버려요
newly_cafe.eat | 2024-04-11 | 요건 무조건이죠!
mukcamera | 2024-04-11 | 생선구이 4가지❤️미쳤
hello_s_food | 2024-04-11 | 생선구이 취저👍
eatstar0_insta | 2024-04-11 | 돌솝밭에,생선구이와 간장게장까지.제대로네요 😍
mukstar_md | 2024-04-11 | 오오오옹ㅠㅠ❤️❤️
cherry.s_pic | 2024-04-11 | 생선이랑 간장게장 둘다 최고 🧡🧡
jaws_eat | 2024-04-11 | 완젼 제대로맛날듯요❤️❤️
e.den_0.0 | 2024-04-11 | 생선구이 게장 둘다 죠아욤❤️
_workers__weekend | 2024-04-11 | 완전 밥도둑메뉴인데! 너무 먹고싶어요😮
sul._.gwang | 2024-04-11 | 아 밥 한공기로는 절대 부족🔥
bbbm_jg | 2024-04-11 | 너무 좋은데요❤️
muknya2024 | 2024-04-11 | 간장게장까지❤️
jjinfoood | 2024-04-11 | 와 ㅠㅠ 생선 진쨔 넘 맛날거같자나여❤️ 오랜만에 먹고싶다아
cafe_9kyung | 2024-04-11 | 생선구이 좋아하는데 간장게장이랑 소불고기도 준다뇨 ❤️
sul_anju_king | 2024-04-11 | 밥도독 집합😍
dasik_eat | 2024-04-11 | 진짜 대박🔥🔥
mukjung_ | 2024-04-11 | 그 게장이리줘❤️❤️
sosikjwa_misikga | 2024-04-11 | 아 이 집 미 ...네요.😍😍 리뷰 쓰고 딸기 모찌까지 먹으면 와😍
cooking_sam_kitchen | 2024-04-11 | 생선구이에 ㅎ 다양한 반찬까지 대박❤️
hotdor_s | 2024-04-11 | 아 간장게장까지 같이주는거 너무좋은데?
miso__cook | 2024-04-11 | 비쥬얼 미쳤네요🫢🔥🔥
js__1oo4 | 2024-04-11 | 솥밥에 생구라니 💛💛
이거 완전 밥도둑 이죵🥹✨
게다가 간장게장까지 있으면 한솥으로 부족해요오오오🧡🧡🧡
space_look__ | 2024-04-11 | 생선구이에 간장게장까지 넘 맛나겟어요
seula.busan | 2024-04-11 | 밥도둑 모음집인가요?.. 여기 ❤️
_43.1e | 2024-04-11 | 와우 비줠 머선일👏👏👏
yum_yum_kkakka | 2024-04-11 | 요긴 천국이다아❤️
cheonan_must_go | 2024-04-11 | 갓성비 미쳣네욜❤️
dalove04 | 2024-04-11 | 완전최고네요🔥🔥
yucangwoo | 2024-04-11 | 생선구이 비쥬얼 정신 못차리겟너
ming_foodie_ | 2024-04-11 | 딸기모찌라니...
ruri.food | 2024-04-11 | 😍😍😍
ruri.food | 2024-04-11 | 넘 마싯잔니
ruri.food | 2024-04-11 | 여기 존맛탱❤️❤️
busan_grida | 2024-04-11 | 와 여기 찐이네요👏
hye_foodie_ | 2024-04-11 | 헐 미친거아니에요? ㅠㅠㅠㅠ 제가찾던집❤️
gyul_yummy | 2024-04-11 | 와 한식파 환장해여ㅠㅠ
mukrosee | 2024-04-11 | 게장 푸파할래료❤️
muk_geobolka | 2024-04-11 | ❤️❤️"
2024-04-11,14.4만,"@@태그당한 돼지가 쏘기❤️ @@친구야 사랑해❤️ 솥뚜껑에 구워먹는 한돈 직원분들께서 다 구워주셔서 입벌려 먹기만 해🫶🏻 기름이 튀지 않게 가림막까지 제작해서 준비 완료🫶🏻 두툼 삼겹살에 미나리 조합 먹어본 사람? 향긋 고소 미쳤음🫶🏻 삼겹살은 미쳤고 목살은 도랐음🫶🏻 목살이 부드럽다 못해 육즙과 함께 입에서 녹음🫶🏻🫶🏻 솥뚜껑에 숙성돼지 조합 말모🫶🏻 꽃게 가득 구수얼큰 된찌🫶🏻 퐁신한 계란찜🫶🏻 카톡채널 추가 이벤트에 포토리뷰 1인당 5000원 할인까지🫶🏻 4명 작성하면 2만원 할인‼️ 📍#돈구멍 📍 서울 강서구 마곡동로 62 마곡사이언스타워 2층[스타벅스옆]201,202,203호 ⏰ 매일 11:30-23:00 (L.O 마감1시간전) ⏰ B.T 15:00-17:00 💵 숙성 삼겹살 600g 72000원 💵 꽃게 된장찌개 9000원 💵 계란찜 7000원 68주","#마곡맛집추천, #마곡맛집, #발산맛집, #마곡고기집, #발산고기집, #마곡삼겹살, #발산삼겹살, #삼겹살맛집, #마곡데이트코스","jimin.cute_068 | 2025-02-01 | @iyeoul0915 @hodo._.1 @jiheon0_0baraki @harang._.1015 @j1m._.in13 @es._.0123
s__min82 | 2025-01-08 | @daaan_bb
kikkjsijxknkiqur | 2025-01-01 | @ssane_0ju
__m_ns_ng__ | 2024-12-11 | @hyeokkk_1029
h.lkshmhy | 2024-09-10 | @2.l0__y
bee__yummy | 2024-09-04 | 지글지글🔥🔥
all_koreanfood | 2024-07-23 | wow😍👏
danicrc09 | 2024-07-23 | @_minwookkim lookkkk this is heaven😍
itsssgem | 2024-07-09 | @g_odicalp bespren 😍
__fabyiilous._ | 2024-07-09 | @_vdna.neko_
gyubin.j | 2024-07-06 | @ssundaily
imkentoyy | 2024-07-06 | @judetoylo
whatnowcoco | 2024-07-06 | @seoulkyle oppa
lhagvaaaa | 2024-07-04 | @zayasuju
arenla__lemtur | 2024-07-04 | @neizosote
fonnn_nnt | 2024-07-04 | @yield_1212 you come back we go like this
jennie.qb | 2024-07-03 | @18___96s thèm quá nè
bias___u | 2024-07-03 | @ho___cheol
bias___u | 2024-07-03 | @in__cheol_ @baginsung31
picnicday.khsd | 2024-07-02 | 🔥🔥🔥
carolraqueldemoraes | 2024-07-02 | Essa água é oq
maymay.90 | 2024-07-01 | ❤️❤️❤️
i_m_syeon | 2024-06-30 | @m__se0_0 돼지얌
spooky_baby_night_66 | 2024-06-30 | Looks so yummy
harvssmrns_ | 2024-06-29 | @r_f_l_y_n
foling_4 | 2024-06-29 | น่าทาน
thaliatan_ig | 2024-06-28 | @vivamax_sheera
ketovegetarianph | 2024-06-27 | 😍😍
edineude.sara | 2024-06-27 | Aiii eu amo comida apimentada e agridoce
1950pavesand | 2024-06-26 | 에휴.... 배고파......
wiejila | 2024-06-26 | 😋😋
jinkyanacan | 2024-06-26 | @xxpameladenise 😢
suzana.flor | 2024-06-24 | 🙌
annayoeun1 | 2024-06-21 | Yum
pa.dooo_24 | 2024-06-20 | @mnsxo__
2minimiii | 2024-06-20 | @wlmglw
mood_dining | 2024-06-20 | 고기미쳤다
yeojinyi_ | 2024-06-19 | @yj_kkkkkkkkkk 갈까?
dae.hansik.gu | 2024-06-16 | 크 고기 릴스 대박❤️
choi_wooyoung33 | 2024-06-15 | 와~~~고기 대박입니다❤️❤️
nomongsil_ | 2024-06-12 | @1ov2_e 돼지 너 당첨
menmen0804 | 2024-06-10 | 😍
_annieyamz | 2024-06-10 | @jan_aldrick
gotno.fucxo | 2024-06-10 | ❤️😢😍
abegailsantoss_ | 2024-06-09 | Sarap @nadine___lpt @katpalomado_
senyoritaco | 2024-06-08 | Whta kind of veggies the green one?
ms_ninsiima | 2024-06-06 | @twin.tshego when are we going for this 🥺🥺
notanesca | 2024-06-05 | @potatowrapper
xxixxiioo | 2024-06-05 | @tree__jean 돼지야 나 아~
irene_etouz | 2024-06-04 | @mirlin_chinthong_bongrungpi @rupmili9t9_rongpipi @ronghangpiklaret when???
i_t_iy | 2024-06-03 | @thefebruary18kim
ricemonster21____ | 2024-06-03 | 😢
jindory1618 | 2024-06-03 | 먹음직스럽다
xiopaozoup | 2024-06-03 | @jeanarawys
itsdonnajoyce | 2024-05-31 | @itsdianejaz
cleidianekleo | 2024-05-30 | Mandem pro Brasil kkk. 😍😍 Queria
kcbobcat2427 | 2024-05-30 | Yummy
rentiermann | 2024-05-30 | 👏
storyby_belle | 2024-05-29 | Yummy! 🔥😍
queen_ellove | 2024-05-29 | @nllazaro
katherincamp | 2024-05-29 | 😍😍😍😍
p.jeaaan | 2024-05-28 | 🥹🤍
nhatt_hieuu.204 | 2024-05-28 | @anh_thuww.204
kristine.jane._ | 2024-05-28 | @xitismex bilat we need to go 😍😍
nayusk1 | 2024-05-27 | @sgcysv @theadimlaaa @kalat_niaseret
pat.phattheeya | 2024-05-27 | @exnote
chaesoon_tv | 2024-05-25 | @water_in_21
cxinxincheer | 2024-05-24 | @ulc.thu
sheenaarellano69 | 2024-05-24 | @karenmagada94 sa korea tlga ang authentic hahahaha
min_a_0430 | 2024-05-23 | @95_jin_su 꿀꿀?
mrylrxsgr | 2024-05-22 | 😩🤤
rin_o__o | 2024-05-22 | @hhhhhi_jin
sans_s360 | 2024-05-22 | 4.48😢😢
nnix__16 | 2024-05-21 | @bright__1016 돼지
jac_light | 2024-05-20 | 🤤👏👏👏
kimmmydong | 2024-05-20 | @sungmin.parkk @minjitiffany hi
issabelita | 2024-05-20 | 😍
nhung_truong_hp | 2024-05-19 | @mamachue92
jennrogell | 2024-05-18 | my dream plan
elorm_y_ofori | 2024-05-18 | ❤️❤️❤️❤️
h4n.wk | 2024-05-18 | @wodn127
cy1127_49 | 2024-05-17 | @jin_jin_curry
ngduen | 2024-05-16 | Tomorrow papa😋
prinsipevalencia | 2024-05-16 | May i ask. What is the green leafy there?❤️
eunicamm_ | 2024-05-16 | @eulabellsss
katemarieeeeeeee14 | 2024-05-16 | ❤️
bella_sp | 2024-05-16 | @bbee_nrh
gnzls_gibo | 2024-05-15 | 🤤
seongzun.heo | 2024-05-15 | @zzzist_
bukyung_matzip | 2024-05-15 | 장난없네요 ❤️❤️
mariaa_helle | 2024-05-15 | @elaine_almeidabrito olha nois aí kkk
bimasatria.19 | 2024-05-15 | 😍
lian.f.911 | 2024-05-15 | @ja_mes072012 😂
djorjmrc | 2024-05-14 | Ang akin lang naman, kumain na tayo ulit @agerylle @zyonaraaaa hahahahaha
wisteria_blu | 2024-05-14 | Yum 😋
perapluss | 2024-05-14 | @_nandadesouza
kingkarnnaja | 2024-05-13 | Wow 😮
raynupxxbxlxn | 2024-05-13 | 🤤🤤🤤
jjuliahe | 2024-05-11 | @oskarnordstrm
rabelramos15 | 2024-05-11 | I go out of my way for that gastronomy, when will my God try those dishes? 😍"
2024-04-09,355,"@@동문시장 털러갈 사람구함❤️ @@시장털이 고고❤️ 유명한 동문야시장 말고 2번, 9번 게이트에 위치한 동문야시장 발견!🫶🏻 유명한 곳은 제주시에서 운영자를 모집해서 운영하는 야시장이고 여긴 동문상인들이 예전부터 직접 운영했던 곳🫶🏻 제주시에서 모집하는 야시장의 사장님 80% 정도가 여기 야시장에서 먼저 일하고 그 노하우를 배워 독립한 사장님들이라함! 📍장인의집 - 겉바속촉 수제만두 📍제주에꼬치다 - 불맛가득 촉촉 닭꼬치 📍왕오징어철판구이 - 거대한 오징어를 버터에 구워 풍미대박 📍흑돼지오겹말이 - 야채때문에 식감 좋은 겉은 쫄깃 속은 아삭 📍전복삼겹주먹밥 - 전복밥을 삼겹살로 공처럼 말아 고소함 가득 📍복마니김밥 - 김밥을 튀겨 겉바속촉 대존맛❤️ 매운맛이 느끼함 잡아주니 맵지만 매운맛 추천 이거 다음날 또 먹음 68주","#제주도맛집추천, #제주도여행코스, #동문시장맛집, #제주시맛집추천, #제주도동문시장, #동문시장야시장, #시장맛집","u.ujnim_ | 2024-05-08 | @hooismine
yisubong | 2024-04-12 | 완전 제 스타일 맛집같아 보여용😍
seoul_food_like | 2024-04-11 | 메모메모❤️❤️
bab_mukza_ | 2024-04-11 | 이야 여기가서 푸드트럭의 신세계를 맛봤어요!!!
hot_hot_1388 | 2024-04-11 | 헉헉😍😍 맛나게 드셨사옵니까?ㅎㅎ🙌💗💗
honey._punch | 2024-04-10 | 4월 말에 가야겠다❤️❤️
kkul_yang | 2024-04-10 | 와 요거요거 넘 먹고싶은걸요😍
judang_2_ | 2024-04-10 | 동문시장 갈래여!!!!!❤️❤️❤️❤️❤️❤️
muk_gonny | 2024-04-10 | 보는것만으로 행복해지는데요!! 미쳣다리 ❤️❤️
zzin.foodie | 2024-04-10 | 동문시장 먹거리 가득 ❤️ 넘 맛나보여요😍
mattjun11 | 2024-04-10 | 제주 아주 제대로 즐기고오셨군여 ㅋㅋ
muk_yun_ | 2024-04-10 | 제주도 가고싶네용~~ㅜㅜ😍
hihee.e | 2024-04-10 | 흑돼지말이 궁금해료👏
tuktak_hoony | 2024-04-10 | 저요저요😍
dragon_gyou | 2024-04-10 | 와우 지긴다오ㅡ🔥🔥🔥
miniyami_ | 2024-04-10 | 미칭 제쥬가기전에 저장꾹 🥹🔥
matpamine_ | 2024-04-10 | 제주도 탈탈털러 가볼까나👏
meoknol_land | 2024-04-10 | 주머니 다 털리겠네요 😍
yummy_x.x | 2024-04-10 | 동문시장은 언제가도 사랑이쥬😍
teddy_zip_ | 2024-04-10 | 캬 제주도하면 동문시장이죠🙌
jaaaayydang | 2024-04-10 | 하… 제주도 당장 가야겠는데여🩷
mukbo_kimgaru | 2024-04-10 | 헐 전복삼겹주먹밥 너무 제 취향이에요🔥
meokdoong | 2024-04-10 | 무조건 이건 저장,,,🔥
ulsan_rimepick | 2024-04-10 | 우앙 더 털러갈래요 ㅋㅋㅋ😍
sltnqdla | 2024-04-10 | 동문시장 푸파하러 가고싶은데요❤
ga2eat_ | 2024-04-10 | 아 역시 시장은 ㅠㅠㅠ 먹을게 넘많아요\
chang.sun | 2024-04-10 | 비행기표 예매하러 갑니다🏃‍♂️💨
cooking__researcher | 2024-04-10 | 동문시장 너무 좋네요👏👏
foo__zim | 2024-04-10 | 여기 한번 가야게땅😍😍
yummy_follow | 2024-04-10 | 오우 ❤️❤️
d_t_muksta | 2024-04-10 | 하아 다갈래여…
muknya2024 | 2024-04-10 | 전복삼겹밥도 특색있네요❤️
dama.dessert | 2024-04-10 | 오우 동문시장 가야할 곳 저장🤍💛
100rang_food | 2024-04-10 | 동문시장 레쓰고😍
wu_hyun | 2024-04-10 | 저도 제주도 가서 시장 털고 싶으네영 와 죽입니다 ㅋㅋ
mintto0.0 | 2024-04-10 | 할 동문시장 가면 요고 다 먹어보고 싶어요!!🐝🐝
jack93kung | 2024-04-09 | 크아...❤️ 다좋다...🔥❤️
eatzzii__ | 2024-04-09 | 김밥이 제스탈이네요🥹❤️ ⠀저도 갈래요😍❤️
big_fooodie | 2024-04-09 | 복마니 김밥이 젤로 궁금쓰 ❤️❤️
manca212121 | 2024-04-09 | 파이어!!
bottlejune__96 | 2024-04-09 | 제주도 간다면 동문시장 꼭 가야겠어요 ㅠㅠㅠ❤️❤️
ddomukz | 2024-04-09 | 제주 곧 털러간다🔥🔥❤️❤️
mandoo_balddoong | 2024-04-09 | 우와 동문시장에 맛난게 너무많네요 ❤️❤️
busanplanet | 2024-04-09 | 동문시장❤️❤️❤️ 제주필수코스
hdul_daily | 2024-04-09 | 아 복마니김밥 몰라서 존심상한다😢😢😢😢😢
taetae_foodie | 2024-04-09 | 와 왕창 털어서 숙소 들어가는 맛❤️
ddo__yam | 2024-04-09 | 동문시장 사랑이죠❤️❤️❤️미쳐
jinwook1011 | 2024-04-09 | 아~제주도😍가고싶네요😍
bonge_o0o_food | 2024-04-09 | 탈탈 털러가즈앙😍
p.sohee_ | 2024-04-09 | @hhoony0701 제주도오
daily_tak1003 | 2024-04-09 | 하나하나 다 저장할게요✍️ 좋은 정보 감사해요❤️
con_coffeeornot | 2024-04-09 | 이야 바로 저장각이네요❤️
witty_foodie | 2024-04-09 | 동문시장 조아요🔥🔥
margaret___bakery | 2024-04-09 | 우앙 맛있는거 쪼아용🙌🙌🔥🔥❤️❤️
hj_foodie | 2024-04-09 | 대박 ㅠㅠ 동문시장 제대로 안가봤는데 푸파 가야지🔥
jjinang_pick | 2024-04-09 | ❤️❤️❤️❤️
_marmma1ade | 2024-04-09 | ⭐️⭐️⭐️ 맛또리가 나타났다 대애박 🤤🤤🤤 기가 막히네요
ming_foodie_ | 2024-04-09 | 제주도 가고파용😍😍
muksta_turbo | 2024-04-09 | 저장❤️
taste_dori | 2024-04-09 | 넘 화려해요 꺄 맛도리먹으러갈게요!😍
elly_adopter | 2024-04-09 | 크으 비주얼 다 취저에여❤️❤️
dasik_eat | 2024-04-09 | 아우 대박🔥🔥
mukcamera | 2024-04-09 | 완전 꿀정보 츄베릅😍
mukrosee | 2024-04-09 | 시장 털러 또 갈래요❤️
cafe_9kyung | 2024-04-09 | 동문시장 맛집인가요😮
dokkkiee | 2024-04-09 | 제주도 가구파요ㅜㅠㅠ❤️
muko_die | 2024-04-09 | 저 진짜 바로 저장했어요🔥❤️
dayeating_ | 2024-04-09 | 크 제주도 가즈아❤️
jio__busan | 2024-04-09 | 헐헐 꿀팁이당🔥🔥
foodexplorer_ahn | 2024-04-09 | 동문시장 먹을 거 천국이죠😍😍
muk.k.tang | 2024-04-09 | 와 노래가 근데 너무 씬나욬ㅋㅋㅋㅋㅋ❤️
biggn_o | 2024-04-09 | 크으 꿀정보다🔥🔥
colorfulsundays | 2024-04-09 | 와👏👏👏 맛있는거 완전 많네요😍
colorfulsundays | 2024-04-09 | 🔥🔥🔥🔥🔥
muk_joongsa | 2024-04-09 | 불맛 가득한 꼬치 먹고싶다🔥
169_youngje | 2024-04-09 | 하… 너무 군침 돋는당 ㅠ 완전 좋아요🙌
muk._.chuuru | 2024-04-09 | 김밥튀김 또먹을껄...
mat_puri | 2024-04-09 | 와 흑돼지 오겹말이 미쳤어요😍❤️
muk.news | 2024-04-09 | 와 맛있는덴 다 있네1
gwangju_oneallzero | 2024-04-09 | 츄베릅님이몀 믿구가지여❤️❤️
da_muk_nyam | 2024-04-09 | 햐😍😍맛나겠다아
mukcat__story | 2024-04-09 | 동문시장 먹을꺼 진짜 많아요❤
mukkarong | 2024-04-09 | 제주도 가야될 이유가 생겼어요!!😆😆😆😆 바로저장!!🔥🔥🔥
zzangdol77 | 2024-04-09 | 우와 넘나가고싶어요~~🔥🔥🔥🔥🔥🔥🔥
fooody_h_ | 2024-04-09 | 야시장은 항상 옳아요~!~!~!!!👏👏
hoo23hoo | 2024-04-09 | 안주 대박입니다~👏👏👏
food_matgwanbu_ | 2024-04-09 | 동문시장 다 털기~~😍
jjgongju_ | 2024-04-09 | 동문야시장 너무 좋아요ㅠㅠ❤️
kimrumimi | 2024-04-09 | 시장털러고고😍😍
aeyongxxi | 2024-04-09 | 키야ㅜ좋다냥❤️
limeunzzo | 2024-04-09 | 헐 제주 당장 가구싶어요ㅜㅜㅜㅜ
muckza_zzae | 2024-04-09 | 우앙 제주 가구싶댜ㅠㅠㅠ
mukdang0 | 2024-04-09 | 와 미쳤다..다 츄베릅!!!
urumi_urumi | 2024-04-09 | 크~ 모든게 맛잇어보여용
hachi_day21 | 2024-04-09 | 오랜만에 제주도 가고파요❤️
many_hungry_man | 2024-04-09 | 제주도 가면 무조건 턴다!!!!
busan_delicious_diary | 2024-04-09 | 와 당장가보고싶어요😍
yome_foodie | 2024-04-09 | 동문시장 털러 갈래용❤️😍
mim_mi__ | 2024-04-09 | 헉 제주도 떠날래여ㅠㅠㅠ❤️
hello_s_food | 2024-04-09 | 동문시장 털어볼까여🔥"
2024-04-08,1861,여기가 숲이야 고깃집이야..? <미담휴> 숲속같은 고급스러운 분위기🫶🏻 데이트나 부모님과 오기 딱🫶🏻 인생샷 건지기도 쌉가능🫶🏻 숯불에 구워진 고기를 토치질까지 해주니 얼마나 맛있던지🫶🏻 육즙팡팡 불맛가득🫶🏻 명이나물 감싸먹으면 최고🫶🏻 기본으로 왕 큰 고기 든 김치찌개를 줌🫶🏻 고소녹진한 대게볶음밥에 고기 얹어먹으면 츄베릅🫶🏻 귀여운 푸딩으로 후식까지 @@고기사쥬❤️ 📍#미담휴 📍 경기 성남시 분당구 성남대로331번길 9-12 우경빌딩 2층 ⏰ 11:30-22:00 (L.O 21:00) ⏰ 평일 B.T 14:30-16:30 ‼️ 일요일 휴무 💵 우대갈비 100g 11900원 💵 본삼겹 18000원 💵 한우 채끝등심 39900원 68주,"#성남맛집, #성남맛집추천, #성남고깃집, #성남데이트코스, #경기도맛집, #삼겹살맛집, #분당맛집추천, #분당데이트코스","kingkarnnaja | 2024-05-14 | Yummy yummy yummy 🤤
dmswn5501 | 2024-05-14 | 그래서 언제가?
iree.eat | 2024-05-09 | 앗배고파요😖😖
styie_hair.dj | 2024-05-01 | 분위기 👍
rachelnguyen9428 | 2024-04-30 | 어디예요?
gimsangjun3059 | 2024-04-29 | 여기어딘가요?
haoren3661 | 2024-04-25 | 어디요?
seongug570 | 2024-04-24 | 여기가 어디에요?
jeongmi5094 | 2024-04-23 | 여기 어디야 궁금해요 아니사람 알여주삼
saipan9090 | 2024-04-20 | 여기가 어딘가요
jykim5894 | 2024-04-20 | 성남분당은 안간다절대로
a2511004a | 2024-04-12 | 흠 개별룸 이용시 2만원 발생...
고기집인데...
yunja_yu | 2024-04-11 | 어디여
bab_mukza_ | 2024-04-11 | 푸바오도 고향인줄 알고 돌아오것네
sltnqdla | 2024-04-11 | 중간에 나오는 푸딩마저 다 먹을래여❤
seunghyi5562 | 2024-04-11 | 굿 너무 좋네요 꽃 가봐야 겠네요
susiro33 | 2024-04-10 | 아이고 막 오픈한 집이구만요. 한번 살펴봐야겠구만요.
chaegwang_eat | 2024-04-10 | 흐어.. 진짜 불맛가득 육즙가득은 못참죠😍😍
sewoong__park | 2024-04-10 | 분위기 너무 좋아요🔥
space_look__ | 2024-04-10 | 와 대박인곳 같아요
s_youngdue.91 | 2024-04-10 | 음식이나 피드 퀄리티가 장난아니네요! 먹팔하러왔어요😍 소통하며 지내요! 🙂
love.eat_erica | 2024-04-10 | 와 분위기 대박이예요💖
happyvirus_ys | 2024-04-10 | 분위기좋다요❤️ 너무 맛있겠어요😍
hye_foodie_ | 2024-04-10 | 어머 여기 왜케이뻐용😍❤️
win_lov09 | 2024-04-10 | 진자림인줄
joma_cook_ | 2024-04-10 | 맛도리❤️❤️
dae__jang__geum | 2024-04-10 | 이 집은 인테리어도 완벽하네요❤️
euneunfood | 2024-04-10 | 와 분위기 고깃집 맞나요…?.?❤️❤️
pink_bbome | 2024-04-09 | 와... 대박 진짜 맛있겠당❤️
seula.12 | 2024-04-09 | 숲속같은 고기집 대박이네용 💛
meokdoong | 2024-04-09 | 와요기미쳐버렸자나여?
hj_foodie | 2024-04-09 | ㅠㅠ여기 분위기 너무이뿌다❤️ 맛없을수가 없는맛
olivia.kim.54772 | 2024-04-09 | 여긴 어디인가요 알려주세요 감사합니다
dog.matdori | 2024-04-09 | 아니 숲속에 저런게 다있네😮
someda._.ily | 2024-04-09 | 완전 숲같아요!!
gwangju_oneallzero | 2024-04-09 | 으아 당장 분위기 즐기러 숲속❤️
eatingwangju | 2024-04-09 | 와 이런 숲뷰에서 먹는 고기라니❤️❤️
daayun.zip | 2024-04-09 | 우앙 육즙 가득 넘 맛나겠어용!!!!😆😆
many_hungry_man | 2024-04-09 | 분위기도 좋고 고기 넘 탱글해보영ㅠㅠㅠ
ondo.date | 2024-04-09 | 진짜 조아하는 음식인뎅 ㅠㅠㅠ 군침돈다아 🤤💛
wooo_new | 2024-04-09 | 남편이랑 무조건 가봅니댜ㅠㅠㅠ
siso_father | 2024-04-09 | 분위기까지 대박이네요 😍
zin___nxy | 2024-04-09 | 고기 제대로 치는집 발견 ❤️❤️ 댑악 두툼하니 육즙가득 너무 맛나겠습니다 🙌
bottlejune__96 | 2024-04-09 | 우대갈비 육즙만봐도 탐나요 ㅠㅠㅠ❤️❤️
wu_hyun | 2024-04-09 | 고기가 진짜 장난아니네영 분위기도 아주 멋진곳😍
1_kkomadol | 2024-04-09 | 너무 먹스러워여어어엉👏👏👏
colorfulsundays | 2024-04-09 | 와👏👏👏👏 너무너무 맛나겠어요😍
colorfulsundays | 2024-04-09 | 💖💖💖💖💖
juner_315 | 2024-04-09 | 메뉴가 너무 다양해서 가볼까 하고 봤더니 이런 식당은 내 근처엔 없네유😢😢
tanguriyaaa_ | 2024-04-09 | 우아 분위기도 좋네용💖
mini_euni | 2024-04-09 | 고기도 좋은데 분위기는 더 좋네요❤️❤️
yammyam_m | 2024-04-09 | 비쥬얼 군침 싸악🙌
kkutti_hhh | 2024-04-09 | 우아.. 한판 가득 너어무 맛도리같아요❤️❤️
yum_yum_kkakka | 2024-04-09 | 우아🙌 군침돌아요ㅠㅠㅠ😍
omuk_eats | 2024-04-09 | 아 여기 궁금해서 저장해놨는데😍 역시 예쁘고 맛나보이네요❤️
food_chy._.ee | 2024-04-09 | 분위기 대박ㅠㅠ 고기먹으러 갈래요❤️❤️
jjogu_wagu_33 | 2024-04-09 | 하 분위기 무엇 ❤
dr._yomyom | 2024-04-09 | 여행 온 기분으로 식사할 수 있을거 같아요~~ 으악 너무 먹어 보고 싶어요~~ 저장저장
muk_joongsa | 2024-04-09 | 분위기 머선일ㅠㅠㅠ 넘 예뿌다❤️
ddunny_ddun | 2024-04-09 | 꼬기 비주얼봐ㅜㅜ맛나보여요❤
bonny_vely_ | 2024-04-09 | 나갈래요요
jinihankki | 2024-04-09 | 맛돌이 비주얼 보고
군침 스윽 흘리고 갑니댕(ʃƪ˘ڡ˘)
zzu.meokbap | 2024-04-09 | 분위기 미쳣는데요?❤
matjun2222 | 2024-04-09 | 와 야기 분위기도 좋은데 음식까지🙌🙌
mat.chinnom2 | 2024-04-09 | 크으 정말 맛있겠어요😍
y.ddol_muk | 2024-04-09 | 저도갈래영🏃‍♀️🏃‍♀️🫧🩷 고기대박
muko_die | 2024-04-09 | 와ㅠㅠ분위기도 좋은데 숯불에 고기 굽고 또 토치질까지😍게살볶음밥도 최고예요!!
jjeobjjeobbaksa_ | 2024-04-09 | 크 비주덜 장난없네요😮❤️
da_muk_nyam | 2024-04-09 | 와 숲속에서 고기뇸뇸😍😍
ddoso_life | 2024-04-09 | 숯불에 구워 더 담백하고 맛있을 것 같아여💚
mat._.cat_ | 2024-04-08 | 불맛, 육즙 가득 고기가 맛이 없을 수가 없죠😍
daily_mukbbaek | 2024-04-08 | 진짜 숲속에 온거같은 느낌...!!!꼬기도 너무 맛있겠댬😍
taste._traveler | 2024-04-08 | 불맛가득,,토치질까짘ㅋㅋ여기진짜미쳐따,,ㅋㅋㅋ육즙제대로가둿네
tastyseoul_ | 2024-04-08 | 우와 대~~박😍너무  맛있겠어요😍
porschelin_man | 2024-04-08 | 와...침나와요침나와.
muk._.chuuru | 2024-04-08 | 고소녹진❤️
mukstival | 2024-04-08 | 좋아하는 사람 @limeunzzo ❤️
100rang_food | 2024-04-08 | 왁 고기 넘 맛나보여요😍
t_cheol2 | 2024-04-08 | 분위기 죽이네요 ㅎㅎ
food_matgwanbu_ | 2024-04-08 | 분위기 좋은데요?!!
mukstar_md | 2024-04-08 | 미담휴 가고파요❤️❤️
0918tiger | 2024-04-08 | 와~~ 분위기 미쳤네요 😮😮😍😍
muktorri | 2024-04-08 | 고기 육즙 미쳤습니다 👏👏
fnvidir | 2024-04-08 | 와 여태 제가 본 고깃집중에 여기가 분위기 넘사벽인듯요👏👏 데이트할때도 너무 좋을거 같아요😍
gge.juck | 2024-04-08 | 숲속 캠핑 감성이라뇨😍
busan_delicious_diary | 2024-04-08 | 크으 고기 너무 젛아요❤️
newly_cafe.eat | 2024-04-08 | 와 비주얼🔥🔥
jjinang_pick | 2024-04-08 | 침나와요❤️❤️
taetae_foodie | 2024-04-08 | 분위기까지 넘 조아버려요❤️
yoon.min.ga.0513 | 2024-04-08 | 분위기부터 넘 맛있네요👏👏👏
ming_foodie_ | 2024-04-08 | 분위기 무슨일이에요😍
colorfulsundays | 2024-04-08 | 진짜 여긴 꼭 가봐야겠네요🔥🔥
colorfulsundays | 2024-04-08 | 💖💖💖💖💖💖
mukbo_kimgaru | 2024-04-08 | 와 분위기도 대박인데 우대갈비 너무 먹고 싶어요🔥🔥
meogjjangro_ | 2024-04-08 | 왜 좋아하는 사람이랑 가라는지 알겠어요❤️❤️
cogarobotics | 2024-04-08 | 대게볶음밥 맛있겠어요😍
manca212121 | 2024-04-08 | 대박입니땅!!
jio__busan | 2024-04-08 | 헐 저 여기 꼭 가볼래요😍
seoul_food_like | 2024-04-08 | 여긴 진짜 대접받는느낌일듯여❤️❤️
dayeating_ | 2024-04-08 | 와 분위기 미치는 고깃집❤️❤️"
2024-04-08,374,"힐링하며 바다옆에서 먹는 필수코스 <노도 고등어회> 제주공항 근처 바다 바로 옆 위치 바다옆에서 제주도 필수코스 고등어회, 딱새우회 먹기🫶🏻 주문즉시 바로 잡아 썰어주시는 고등어회🫶🏻 제주도에서 먹는 건 신선함이 남다르다🫶🏻 입안에서 촥 감기는 쫀득고소함🫶🏻 오도톡 날치알 가득한 양념밥에 한입🫶🏻 김에 싸서 달래장 얹어 먹으면 ㄹㅇ쫀맛🫶🏻🫶🏻 달달녹진한 딱새우회🫶🏻 뷰도 좋고 회도 맛있어서 낮술을 안깔수가 없음🫶🏻 @@제주도 가쟈❤️ 📍#노도고등어회 📍 제주 제주시 서해안로 364 1층 노도고등어회 ⏰ 매일 12:00-23:45 (L.O 22:45) 💵 고등어회 + 딱새우회 (대) 100000원 68주","#제주도맛집추천, #제주도여행코스, #제주도공항근처맛집, #제주공항근처맛집추천, #제주도고등어회맛집, #고등어회맛집, #딱새우회맛집, #제주도데이트코스","queen_soju | 2025-04-28 | 맛돌이❤️❤️
hyun_gun_ch | 2024-04-11 | 고등어 헌팅인가요?
happyejinnn | 2024-04-10 | 어머어머 !! 바다옆에서 먹는 회라닝 😋😋
matjun2222 | 2024-04-10 | 고등어 진짜 좋아하는데 어ㅏ ㅠㅠㅠ
food_jinaengs | 2024-04-09 | 와우 맛있어보여요~ 친구랑 손잡고 다녀오고 싶은 맛집인걸요?! 😍🩵
korea_foodzone | 2024-04-09 | 힐링하러당장 출덩🔥🔥
zin___nxy | 2024-04-09 | 해물파티가 제대로 열렸네요 🐟 크으 너무 맛있겠어요 ❤️
duhud2 | 2024-04-09 | 크으 제주도가면 고등어회는 무적권 먹어야죠!!😍
zzangdol77 | 2024-04-09 | 고등어회못먹어봣는데 먹고싶어요~~~🔥🔥🔥🔥🔥🔥🔥
menggong__ecig | 2024-04-09 | 이 뷰 보면서 먹으면 두 배로 맛있을 것 같아요🥰
muko_die | 2024-04-09 | 크 오션뷰에서 싱싱핰 고등어회 최고죠😍
_foodie_monkey | 2024-04-09 | 푸디몽키 등장🐵 제주도 가면 꼭 먹어볼께용😋우끼낏🐵
ggam_food | 2024-04-09 | 그저 대박❤️
da_muk_nyam | 2024-04-09 | 크흐 맛나겠다아😍😍
nemokimpd | 2024-04-09 | 아 여기 진짜 가보고 싶다
fnvidir | 2024-04-08 | 뷰 너무 좋네요😍 데이트코스로 완전 딱입니다❤❤❤
food__darak | 2024-04-08 | 저도 김에 싸서 냠 할래유❤️
bob_m.z | 2024-04-08 | 달려가❤️❤️
hyob_muk | 2024-04-08 | 고등어회 떄깔 미칩니당 ㅠㅠㅠ술도 잘들어가겟어요
porschelin_man | 2024-04-08 | 진심최고이네요😍
_lululala_official | 2024-04-08 | 츄베릅님 맛있게 잘 먹겠습니다?❤ㅋㅋㅋㅋ
aroundseoul_food | 2024-04-08 | 진짜 보기만해도 힐링 그자체❤️
muk__guri | 2024-04-08 | 고등어회 환장하는데..
newly_cafe.eat | 2024-04-08 | 짱이에요!🔥
dama.dessert | 2024-04-08 | 와 ㅎㅎ 여기 뷰 왜케 조아요 🤍💛🫶🏻 미쵸버려따
taetae_foodie | 2024-04-08 | 고등어회 진짜 최고❤️
cogarobotics | 2024-04-08 | 고등어회는 진짜 잘하는집에서 먹어야되는데😍 싱싱해보이네요
seoul_food_like | 2024-04-08 | 고등어 진짜 영롱하네요❤️❤️
ddomukz | 2024-04-08 | 뷰가 완전 힐링😍😍 탱글한 고등어회 먹으러 가고싶어용❤️
muk_yufor | 2024-04-08 | 고등어회눈 신선해야만 먹을 수 있잖아요오옹
gangnammarco | 2024-04-08 | 뷰도 너무좋고 회도 너무 맛나보이네용😍
bonge_o0o_food | 2024-04-08 | 낮술 어뜨케 안까나ㅠㅠㅠ❤❤
mukbosskim | 2024-04-08 | 우와... 찐으로 맛있어 보이네요.^^😍
matddori_ | 2024-04-08 | 오션뷰 너무 좋네여ㅠㅠ❤️
bottlejune__96 | 2024-04-08 | 저두 바다보면서 고등어회 먹고파요 ㅠㅠㅠ😍😍
solzik_review | 2024-04-08 | 힐링 무조건이죠!!
eat._.dopig | 2024-04-08 | 힐링힐링 될수밖에 없는곳이네요 ㅎㅎ
muk_marorong | 2024-04-08 | 힐링각이양❤️❤️
gyunyami | 2024-04-08 | 향긋한 달래까지 올려먹다니,,,🤤🤤
mo_muk_._ | 2024-04-08 | 여기가 전설에 여행 동선 망치는 곳이군요 낮술 때리고 저녁에 퍼질러 자서
missikaga | 2024-04-08 | 고등어회 대박,, 대나무 헬기 준비할게요 ><
jinarye | 2024-04-08 | ㅜ 고등어회 땡겨요
tanguriyaaa_ | 2024-04-08 | 낮술각 인정이요❤️❤️
daeji_eat44 | 2024-04-08 | 힐링하러 너무 가고싶어요❤️❤️❤️
epicure_jung | 2024-04-08 | 고등어회 제대로 맛보고 싶네요❤️❤️❤️
foomo__ | 2024-04-08 | 여긴 꼭 가봐야게써요❤️❤️❤️
kkoyoo_9560 | 2024-04-08 | 바다보며 고등어회 얌❤️
space_look__ | 2024-04-08 | 와 힐링될것 같아요😍
bonny_vely_ | 2024-04-08 | 너모 이쁘다아아 뷰도 좋규
ljb0426__ | 2024-04-08 | 크으으 고등어회 필수필슈🔥❤
siso_father | 2024-04-08 | 뷰 예술이네요 😍
muk__couple0915 | 2024-04-08 | 분위기 아주 미쳐요 ..🥹❤️
aeyongxxi | 2024-04-08 | 애용이도ㅜ먹구싶다냥❤️
0918tiger | 2024-04-08 | 와~~ 낮술각 제대론데요😮😮 너무너무 좋아요 😍😍
ring__b | 2024-04-08 | 싱싱해야 먹을수있는 고등어회 😍
mukbulim_0817 | 2024-04-08 | 고등어회 싱싱하게 대존맛일듯😍😍
muuk.dda | 2024-04-08 | 고등어회 때깔바,,😮 진짜 사기답❤️
so_rowsm | 2024-04-08 | 고등어회 빛깔 넘모 영롱하네요✨
anjjanjjan | 2024-04-08 | 뷰 장난아니구❤️❤️❤️
d_t_muksta | 2024-04-08 | 이거다 이거….완전 대박이에요!!!😍 저도 같이먹어요!!!ㅎㅎ
jamong.cook | 2024-04-08 | 뷰❤️ 요리😍 주인공🙌 모든 것이 완벽하네요👏👏
yeoni_mukstar | 2024-04-08 | 오오 고등어회 정말 싱싱하니 맛있겠어요🔥🔥
jaaaayydang | 2024-04-08 | 고등어회 츄릅😽🩵
food_chy._.ee | 2024-04-08 | 크ㅡ고등어회에 소쥬한잔 가즈아🔥🔥
matzip_hyena | 2024-04-08 | 저 여기서 30만원어치 먹고왔어여
eat_fp | 2024-04-08 | @reekyung_h
dama.zine | 2024-04-08 | 뷰 미쳤네유~
daily_pig_tour_ | 2024-04-08 | 크으...뷰보면서 먹는..너무 좋아요❤️
jeju.jin2 | 2024-04-08 | 크.. 고등어회 못참지!!! 필수코스!!
manca212121 | 2024-04-08 | 신선하네요
hj_cook_0301 | 2024-04-08 | 어맛 대박이자나여❤️
muk_kids | 2024-04-08 | 바다뷰 고등어회 넘 신선하니 맛나보여요❤️
zzin.foodie | 2024-04-08 | 바다뷰 힐링이네요😍
mat_puri | 2024-04-08 | 고등어 엄청 신선하겠어용😍❤️
dayeating_ | 2024-04-08 | 캬 고등어회❤️❤️
cherry.s_pic | 2024-04-08 | 필수코스 맞네요 💖💖
rorrri4206 | 2024-04-08 | 크 고등어회 넘나 신선해요😍
sul_anju_king | 2024-04-08 | 힐링 지대로네요😍
sul_anju_king | 2024-04-08 | ㄴ
_workers__weekend | 2024-04-08 | 힐링뷰에 맛까지!😮
rara_muk | 2024-04-08 | 고등어회 안먹어봐서 궁금해요❤️
muk._.chuuru | 2024-04-08 | 여긴진짜 필수코스된듯😍
j_a_n723 | 2024-04-08 | 크으으 술이술술술 들어가게써요 ❤️
yum_mypick | 2024-04-08 | 그냥 먹어도 맛있는 고등어회에 김이랑 달래까지 얹어 먹으면 더 맛나겠어요❤️
mukkarong | 2024-04-08 | 고등어회 완전 싱싱하니 저두 먹으러 갈래요!!😆😆😆
laurent_busan | 2024-04-08 | 오션뷰보면서 먹는 고등어회 츄베릅 ❤️❤️
jinihankki | 2024-04-08 | 비주얼 미쳤는데요(๑❛ڡ❛๑)
완전 맛있어 보여요!
bokjaaa___ | 2024-04-08 | 안녕하세요! 뼝아리 먹스타그램 세모뷰에요ㅎㅎ 영상 너무 재밌어서 팔로우하고 가요! 먹팔하고 싶어요! 자주 소통해요🩵
sos.omat | 2024-04-08 | 제주도가면 꼭 가볼래요
themukeou_2 | 2024-04-08 | 바다뷰미쳐❤️❤️
biggn_o | 2024-04-08 | 캬 술이 달겠다요😍
sikhookyung | 2024-04-08 | 군침이 팡팡 도는 비주얼이네요🙆🏻‍♂️🙆🏻‍♂️
shkzipbob | 2024-04-08 | 크으 뷰도미치고 맛도리 고등어회까지 완벽합니다❤❤
colorfulsundays | 2024-04-08 | 어머머머 행복하러갈래요🥹🩵🩵🩵
_43.1e | 2024-04-08 | 헉 비줠 머선일❤️🔥
mukzzang_bread_ | 2024-04-08 | 하 바다뷰 보면서 고등어회라니 너무 좋잖아요 ❤️
j2ch.busan | 2024-04-08 | 저 뷰에선 뭘 먹어도 넘 행복할듯ㅠㅠ 제주스럽다🌊
yome_foodie | 2024-04-08 | 와 미챴다ㅠㅠ❤️❤️
matxnyang | 2024-04-08 | 바다 바로 옆에서!😍😍 천국이네용 진짜
ddonge_e_ | 2024-04-08 | 와 대박인데요🔥 안 먹을수가 없는 비쥬얼~ 침 고여요ㅠㅠ쩝쩝"
