COMMENT_ID,VIDEO_ID,AUTHOR_NAME,COMMENT_TEXT,PUBLISHED_AT
츄베릅jmt_20250726_c1,츄베릅jmt_20250726,@딸기-z7c,커엽...❤❤,2025-07-31
츄베릅jmt_20250726_c2,츄베릅jmt_20250726,@10.lOVE_IVE,"새벽마다 먹방보는게 제 소확행인데, 츄베릅님 영상 진짜 잘 보고있어용..!😊 다음에 초코디저트들 먹방도 보고 싶습니다🍫",2025-07-30
츄베릅jmt_20250726_c3,츄베릅jmt_20250726,@영희전-w5c,"진짜 맛있게 먹는다 언니
부러워요 얼굴이 너무예뻐요❤😮😮😮",2025-07-30
츄베릅jmt_20250726_c4,츄베릅jmt_20250726,@또요-r9d,님조유리닮았어요,2025-07-30
츄베릅jmt_20250726_c5,츄베릅jmt_20250726,@_maria0105,드시는것도 힐링되고 예쁘셔서 구독하고 갑니당~,2025-07-28
츄베릅jmt_20250726_c6,츄베릅jmt_20250726,@nojasineulalla523,예-아!,2025-07-27
츄베릅jmt_20250726_c7,츄베릅jmt_20250726,@나야_입흐밍,단거 잘드신다..💦부러버요👻,2025-07-27
츄베릅jmt_20250726_c8,츄베릅jmt_20250726,@이지환-f8w7y,맛있어 보인당 ....,2025-07-27
츄베릅jmt_20250726_c9,츄베릅jmt_20250726,@정재원-q1h,넘ㅁ귀여워서 심장이 안멈춰요...😊,2025-07-27
츄베릅jmt_20250726_c10,츄베릅jmt_20250726,@bori1711,오늘 ㄹㅈㄷ 미모발사!!!,2025-07-26
츄베릅jmt_20250726_c11,츄베릅jmt_20250726,@Yunbbi_CO,짱구 안대 너무 귀야운 거 아니에요 ..🥺,2025-07-26
츄베릅jmt_20250726_c12,츄베릅jmt_20250726,@한미현-c1q,렌즈정보 궁금합니다,2025-07-26
츄베릅jmt_20250726_c13,츄베릅jmt_20250726,@맛집뜰이,수면안대 출처 알 수 있을까요?,2025-07-26
츄베릅jmt_20250726_c14,츄베릅jmt_20250726,@가빈44,악겁나귀여우셔서 어떡행🙈😽,2025-07-26
츄베릅jmt_20250726_c15,츄베릅jmt_20250726,@sad_adventure,Delicious 😋😮❤,2025-07-26
츄베릅jmt_20250726_c16,츄베릅jmt_20250726,@도토로-x4z,안대 정보좀여ㅜㅠ 츄베릅님이랑 찰떡이궁 너무 귀여워요,2025-07-26
츄베릅jmt_20250726_c17,츄베릅jmt_20250726,@최우성-e6u,1빠❤❤,2025-07-26
츄베릅jmt_20250721_c1,츄베릅jmt_20250721,@Keonhee-y7t,❤❤❤❤❤❤❤❤,2025-08-01
츄베릅jmt_20250721_c2,츄베릅jmt_20250721,@영희전-w5c,이번영상 진짜 좋아요 많이 나와야됨 레전드임!❤❤,2025-07-30
츄베릅jmt_20250721_c3,츄베릅jmt_20250721,@밍-h5t,매운맛 많이 매운가요?,2025-07-28
츄베릅jmt_20250721_c4,츄베릅jmt_20250721,@nojasineulalla523,하아… 조타!,2025-07-27
츄베릅jmt_20250721_c5,츄베릅jmt_20250721,@G-UJIN,❤️,2025-07-26
츄베릅jmt_20250721_c6,츄베릅jmt_20250721,@AwshaShlby,❤️رنىىنةنةنةنرىنةنرنى❤,2025-07-26
츄베릅jmt_20250721_c7,츄베릅jmt_20250721,@amina-o095,❤️,2025-07-23
츄베릅jmt_20250721_c8,츄베릅jmt_20250721,@이수호-p1e,❤️,2025-07-23
츄베릅jmt_20250721_c9,츄베릅jmt_20250721,@ainilhawa4737,❤️❤❤nama?,2025-07-23
츄베릅jmt_20250721_c10,츄베릅jmt_20250721,@mollu94,항상 잘 보고 있어용❤ 렌즈정보궁금해요!!,2025-07-22
츄베릅jmt_20250721_c11,츄베릅jmt_20250721,@Jona-chan-j7,"아주 맛있어, 계속해, 넌 아름다워🥹💕",2025-07-22
츄베릅jmt_20250721_c12,츄베릅jmt_20250721,@깅감귤,학원 끝나고 바로 달려왔지용:) 역싀 제 최애 유튜버는 기대를 져버리지 않는군요><,2025-07-22
츄베릅jmt_20250721_c13,츄베릅jmt_20250721,@elnurmirzeyev6271,❤️❤❤❤❤❤❤❤❤,2025-07-22
츄베릅jmt_20250721_c14,츄베릅jmt_20250721,@최우성-e6u,❤❤❤❤,2025-07-22
츄베릅jmt_20250721_c15,츄베릅jmt_20250721,@Fehee-g9d,구독 누르고 갑니다,2025-07-22
츄베릅jmt_20250721_c16,츄베릅jmt_20250721,@XimenaMarquez-d9c,我喜欢你的视频❤,2025-07-22
츄베릅jmt_20250721_c17,츄베릅jmt_20250721,@ZainabAli-k1p5p,عربي😂,2025-07-21
츄베릅jmt_20250721_c18,츄베릅jmt_20250721,@가빈44,베릅님은 금방100만될듯🤭🤭,2025-07-21
츄베릅jmt_20250721_c19,츄베릅jmt_20250721,@도토로-x4z,배릅님 데일리 메컵 정보좀여,2025-07-21
츄베릅jmt_20250721_c20,츄베릅jmt_20250721,@Yunbbi_CO,베릅님 구독자 2만명 엄청 금방 될 거 같아요 !🥰,2025-07-21
츄베릅jmt_20250721_c21,츄베릅jmt_20250721,@정재원-q1h,소리가 넘 좋아용..😊,2025-07-21
츄베릅jmt_20250721_c22,츄베릅jmt_20250721,@구미-l2g,너무 재미있어영♡,2025-07-21
츄베릅jmt_20250721_c23,츄베릅jmt_20250721,@Ginger_21off,Hii,2025-07-21
츄베릅jmt_20250721_c24,츄베릅jmt_20250721,@Ginger_21off,1st🎉,2025-07-21
츄베릅jmt_20250717_c1,츄베릅jmt_20250717,@EnasKanhan,"나는 항상 당신의 영상을 보고 있어요, 당신을 사랑해요❤",2025-07-27
츄베릅jmt_20250717_c2,츄베릅jmt_20250717,@ExlasKanhan,Love you 😘❤,2025-07-27
츄베릅jmt_20250717_c3,츄베릅jmt_20250717,@Otarung_kr,👏👏👏,2025-07-25
츄베릅jmt_20250717_c4,츄베릅jmt_20250717,@KhadijaKhadija-b6g2j,🤤🤤😋,2025-07-24
츄베릅jmt_20250717_c5,츄베릅jmt_20250717,@erikafiguereo7172,"국수👎

치즈😎😎😎",2025-07-24
츄베릅jmt_20250717_c6,츄베릅jmt_20250717,@Durysvlog-yedek,그가 처음 먹은 것은 무엇이었나요?,2025-07-23
츄베릅jmt_20250717_c7,츄베릅jmt_20250717,@ZozaAlso,البنت نازل عرقها جنب الاذن,2025-07-22
츄베릅jmt_20250717_c8,츄베릅jmt_20250717,@farahshakeel3116,Korean❤❤😂😂🎉🎉😢😢😮😮😅😅😊😊,2025-07-22
츄베릅jmt_20250717_c9,츄베릅jmt_20250717,@HalaSalah-s6y,❤❤😊,2025-07-21
츄베릅jmt_20250717_c10,츄베릅jmt_20250717,@MOSTAKIMMOSTAKIM-lh7on,৷।,2025-07-21
츄베릅jmt_20250717_c11,츄베릅jmt_20250717,@국선준,살안찌세요?(비법이뭐에요)😮,2025-07-21
츄베릅jmt_20250717_c12,츄베릅jmt_20250717,@JuminahBlora-y6k,😋🤑,2025-07-21
츄베릅jmt_20250717_c13,츄베릅jmt_20250717,@kozawmyo8097,ㅋㅋㅋㅋㅋ😋,2025-07-21
츄베릅jmt_20250717_c14,츄베릅jmt_20250717,@McZxc-jx1tm,❤️دنةرريخبق❤❤❤❤❤😊😊😊😮😮,2025-07-21
츄베릅jmt_20250717_c15,츄베릅jmt_20250717,@EmilySpencer-r5z,🥰🥰😍,2025-07-20
츄베릅jmt_20250717_c16,츄베릅jmt_20250717,@CharlieSilvestre-z3w,This has not failed to make me hungry 🤤🤤🤤,2025-07-20
츄베릅jmt_20250717_c17,츄베릅jmt_20250717,@bnarduski7871,😡😡😡😡😡😡 give me,2025-07-20
츄베릅jmt_20250717_c18,츄베릅jmt_20250717,@ZheenZheen-p3n,😢😢😢😢,2025-07-20
츄베릅jmt_20250717_c19,츄베릅jmt_20250717,@JesúsPunina-c8j,Me puedes decir cómo puedo conseguir de Ecuador esa comida que estás comiendo,2025-07-20
츄베릅jmt_20250717_c20,츄베릅jmt_20250717,@jjjjiwoni,땀인줄 알았는데 테이프인가…..???,2025-07-20
츄베릅jmt_20250717_c21,츄베릅jmt_20250717,@Emily-qo1,쟂  ㅛㅕㅡ,2025-07-20
츄베릅jmt_20250717_c22,츄베릅jmt_20250717,@khaoulahammedi2995,You so cuteeee❤❤❤❤,2025-07-20
츄베릅jmt_20250717_c23,츄베릅jmt_20250717,@TruongViet-p9w,😊😊😊😊😊,2025-07-20
츄베릅jmt_20250717_c24,츄베릅jmt_20250717,@قاهرةالسرطان,Oao,2025-07-20
츄베릅jmt_20250717_c25,츄베릅jmt_20250717,@조카츄-l4h,맛 없어 ....보여요,2025-07-20
츄베릅jmt_20250717_c26,츄베릅jmt_20250717,@wawaishak-x4o,😊😊🎉🎉❤❤,2025-07-20
츄베릅jmt_20250717_c27,츄베릅jmt_20250717,@RicardoAdrianRiveraWong,Wow que rico 😋,2025-07-20
츄베릅jmt_20250717_c28,츄베릅jmt_20250717,@JaswantSingh-pu7zk,You are live in Korea,2025-07-20
츄베릅jmt_20250717_c29,츄베릅jmt_20250717,@HareemShah-j5o,"여자야, 지금 새벽 2시야. 너 때문에 배고파졌어. 😢",2025-07-19
츄베릅jmt_20250717_c30,츄베릅jmt_20250717,@EsraDamirhan23,Çok terledi yüzün su içinde kaldı,2025-07-19
츄베릅jmt_20250717_c31,츄베릅jmt_20250717,@SalmaMaayta-l2o,Yumyyyyyyy,2025-07-19
츄베릅jmt_20250717_c32,츄베릅jmt_20250717,@Jen-loviers,You are so beatiful girl🤍❤️‍🔥,2025-07-19
츄베릅jmt_20250717_c33,츄베릅jmt_20250717,@EsilaGokkaya,🤤🤤🤤🤤🤤🤤,2025-07-19
츄베릅jmt_20250717_c34,츄베릅jmt_20250717,@hubahuba1220,The is halal ?,2025-07-19
츄베릅jmt_20250717_c35,츄베릅jmt_20250717,@LindaRivas-qo7km,"Xfjn,😋😋😊",2025-07-19
츄베릅jmt_20250717_c36,츄베릅jmt_20250717,@lunyavera,안녕하세요 😄,2025-07-19
츄베릅jmt_20250717_c37,츄베릅jmt_20250717,@wjzixhwa81,식사도 해결 되겠네,2025-07-19
츄베릅jmt_20250717_c38,츄베릅jmt_20250717,@이지환-f8w7y,진짜 먹고 싶다ㅜㅜ😢,2025-07-19
츄베릅jmt_20250717_c39,츄베릅jmt_20250717,@나비B-k1j,언니 제발 나 고문 그만 시켜…. 너무 배고파아아아아앙🥹 그치만 오늘도 영상 감사해융💗,2025-07-19
츄베릅jmt_20250717_c40,츄베릅jmt_20250717,@JacobRickUgaddan,ㅌㄹㅎㅍ추ㅐ,2025-07-18
츄베릅jmt_20250717_c41,츄베릅jmt_20250717,@Yunbbi_CO,나랑드 오랜만에 나왔다ㅏ !,2025-07-18
츄베릅jmt_20250717_c42,츄베릅jmt_20250717,@도토로-x4z,진짜 떡상해야대,2025-07-18
츄베릅jmt_20250717_c43,츄베릅jmt_20250717,@최우성-e6u,❤❤❤❤❤,2025-07-17
츄베릅jmt_20250717_c44,츄베릅jmt_20250717,@AkShs-b3t,❤️,2025-07-17
츄베릅jmt_20250717_c45,츄베릅jmt_20250717,@띠드버서사줘,이분은왜 떡상안하는지 모르겠음;;;,2025-07-17
츄베릅jmt_20250717_c46,츄베릅jmt_20250717,@Lifestyle-x2i,와 짱 맛잇게 드신다... 진짜 먹고 싶어여...❤,2025-07-17
츄베릅jmt_20250717_c47,츄베릅jmt_20250717,@bori1711,그쳐 맵져!! 나만 그런거 아니지😢🥹,2025-07-17
츄베릅jmt_20250717_c48,츄베릅jmt_20250717,@최민-r4e,땀나요!,2025-07-17
츄베릅jmt_20250717_c49,츄베릅jmt_20250717,@은솔-m6i,땀까지 흘릴정도 ㅋㅋㅋㅋㅋ,2025-07-17
츄베릅jmt_20250717_c50,츄베릅jmt_20250717,@Салима-у4э,Omg 😮😮😮😮,2025-07-17
츄베릅jmt_20250716_c1,츄베릅jmt_20250716,@الجميلة-ل9ي,맛있어 🩷🇲🇦,2025-07-30
츄베릅jmt_20250716_c2,츄베릅jmt_20250716,@EnasKanhan,"나는 항상 당신의 영상을 보고 있어요, 당신을 사랑해요",2025-07-27
츄베릅jmt_20250716_c3,츄베릅jmt_20250716,@xhxus,뭐야!! 알고리즘 떠서 봤는데 왤케 귀여우시지?!!!! 흥해라~!!!,2025-07-24
츄베릅jmt_20250716_c4,츄베릅jmt_20250716,@PRXTTYXJXSOO,정말 맛있어 보여요! ❤❤,2025-07-23
츄베릅jmt_20250716_c5,츄베릅jmt_20250716,@AysuShirinofha-t1t,❤️,2025-07-23
츄베릅jmt_20250716_c6,츄베릅jmt_20250716,@user-kf6yh2ok,"Soo        cute
  Soo cute 
       Cute
         So",2025-07-22
츄베릅jmt_20250716_c7,츄베릅jmt_20250716,@MahmodMahmod-m9r,😋맛있어 보인다 🩷,2025-07-22
츄베릅jmt_20250716_c8,츄베릅jmt_20250716,@josuhormaza2447,😋😋🤤🤤,2025-07-22
츄베릅jmt_20250716_c9,츄베릅jmt_20250716,@priankamukherjee4015,❤️,2025-07-22
츄베릅jmt_20250716_c10,츄베릅jmt_20250716,@_sejalgohil,🇮🇳☹️on 😭,2025-07-22
츄베릅jmt_20250716_c11,츄베릅jmt_20250716,@Cr4shoit_25,Was she even chewing😂😂😂,2025-07-22
츄베릅jmt_20250716_c12,츄베릅jmt_20250716,@KawanyCosta-w7d,Coreana❤,2025-07-21
츄베릅jmt_20250716_c13,츄베릅jmt_20250716,@AhmedAhmed-f3m5v,🤮🤮🤮🤮🤮no foob,2025-07-21
츄베릅jmt_20250716_c14,츄베릅jmt_20250716,@Kezibanbok2,Türkiye den selamunaleyküm,2025-07-21
츄베릅jmt_20250716_c15,츄베릅jmt_20250716,@oktariorio5036,Yummy😊,2025-07-21
츄베릅jmt_20250716_c16,츄베릅jmt_20250716,@푸하하-j4l,헛 츄베릅누나 은근히 많이 드시네요,2025-07-21
츄베릅jmt_20250716_c17,츄베릅jmt_20250716,@AdeSuryati-hk5ot,so yummy🤤🤤🤤🤤🤤🕴🏻,2025-07-21
츄베릅jmt_20250716_c18,츄베릅jmt_20250716,@HabibGujjar-z6g,❤️,2025-07-21
츄베릅jmt_20250716_c19,츄베릅jmt_20250716,@LidiaOrellana-e2n,❤❤😮🤤🤤🤤🤤🍰😍,2025-07-21
츄베릅jmt_20250716_c20,츄베릅jmt_20250716,@EliYanna-hy4rq,"في كل مرة أعلق يرجى الرد باللغة الإنجليزية


جيد ASMR لا أعرف ماذا أعلق",2025-07-20
츄베릅jmt_20250716_c21,츄베릅jmt_20250716,@JimenaMontecinoscamacho,Lilo,2025-07-20
츄베릅jmt_20250716_c22,츄베릅jmt_20250716,@عباسالعكيلي-ش7ش,🤤🤤🤤🤤,2025-07-20
츄베릅jmt_20250716_c23,츄베릅jmt_20250716,@SoSo-i2e6u,تابعوني الله يخليكم 😊😊,2025-07-20
츄베릅jmt_20250716_c24,츄베릅jmt_20250716,@justdoctor1716,مين هنا مصرى ومش فاهم حاجة من التعليقات😢😂😂,2025-07-19
츄베릅jmt_20250716_c25,츄베릅jmt_20250716,@Alexi-s5l,Louane il veut manger avec toi,2025-07-19
츄베릅jmt_20250716_c26,츄베릅jmt_20250716,@joryhegazy240,"Waouh, génial ❤",2025-07-18
츄베릅jmt_20250716_c27,츄베릅jmt_20250716,@Kira-z2g6i,❤️😊,2025-07-18
츄베릅jmt_20250716_c28,츄베릅jmt_20250716,@Mimi_wold,😭🤏🏻🎀,2025-07-17
츄베릅jmt_20250716_c29,츄베릅jmt_20250716,@AlexNURSE-p1v6y,Can you  send  for me,2025-07-17
츄베릅jmt_20250716_c30,츄베릅jmt_20250716,@cx._.ing9,마시께따여..🤤,2025-07-17
츄베릅jmt_20250716_c31,츄베릅jmt_20250716,@묭-t7z,맵기는 무슨 맛인가요??,2025-07-17
츄베릅jmt_20250716_c32,츄베릅jmt_20250716,@권백현-c6v,누나 너무 예뻐요...,2025-07-17
츄베릅jmt_20250716_c33,츄베릅jmt_20250716,@최민-r4e,츄베릅❤,2025-07-17
츄베릅jmt_20250716_c34,츄베릅jmt_20250716,@가빈44,내가좋아하는 로제찜닭😊😊,2025-07-16
츄베릅jmt_20250716_c35,츄베릅jmt_20250716,@Coloratura13,당면 미쳤네요 ㅠㅠㅠ 웰케 맛있게 잘찍으시나요,2025-07-16
츄베릅jmt_20250716_c36,츄베릅jmt_20250716,@도토로-x4z,다이어트 중인디...,2025-07-16
츄베릅jmt_20250716_c37,츄베릅jmt_20250716,@깅감귤,마라로제도 맛있습니당,2025-07-16
츄베릅jmt_20250716_c38,츄베릅jmt_20250716,@Yunbbi_CO,왜 항상 밤에만 올리나요오ㅠㅜ 밤 10시에 두찜이 먹고 싶어지는 ..🙉,2025-07-16
츄베릅jmt_20250716_c39,츄베릅jmt_20250716,@half_moon1,마싰겠다ㅜㅜ,2025-07-16
츄베릅jmt_20250716_c40,츄베릅jmt_20250716,@최우성-e6u,오랜만이에용❤❤,2025-07-16
츄베릅jmt_20250716_c41,츄베릅jmt_20250716,@ANYEO-u8f,드뎌 기대했던 두찜이네용 ^^,2025-07-16
츄베릅jmt_20250716_c42,츄베릅jmt_20250716,@bori1711,로제찜닭도 매워서 못먹음ㅠㅠ 맛있는데..먹고시픈데..,2025-07-16
츄베릅jmt_20250716_c43,츄베릅jmt_20250716,@wooram-d7j,우왕 1빠다!! 혹시 마이크 블루예티 쓰시나용?,2025-07-16
츄베릅jmt_20250714_c1,츄베릅jmt_20250714,@555오-e2c,asmr 풀영상좀 올려주이소 밤마다 봐버릴라니까,2025-07-15
츄베릅jmt_20250714_c2,츄베릅jmt_20250714,@정재원-o2i,왕~하고 먹는모습이 넘 귀여워여ㅋㅋ,2025-07-14
츄베릅jmt_20250714_c3,츄베릅jmt_20250714,@missl2275,이게 무슨 먹방이야ㅋㅋ,2025-07-14
츄베릅jmt_20250714_c4,츄베릅jmt_20250714,@kunAguero-oq7yj,쇼츠로만 보던걸 드디어 풀영상으로👍👍,2025-07-14
츄베릅jmt_20250714_c5,츄베릅jmt_20250714,@껨온SON153,츄베릅 JMT님 먹는모습이 아주예쁘군요.,2025-07-14
츄베릅jmt_20250714_c6,츄베릅jmt_20250714,@bori1711,비싸니까 미니사이즈로 팔았으면 좋겠다..!!,2025-07-14
츄베릅jmt_20250714_c7,츄베릅jmt_20250714,@user-of9hd5de2x新的希望,What kind of cake is this? The crust is so hard and crispy. It seems delicious.😊,2025-07-14
츄베릅jmt_20250714_c8,츄베릅jmt_20250714,@가빈44,케이크 완전내스타일인데용🤭😘 츄베릅님이 왜 벽돌케이크좋아하시는지 알거같네용ㅎ😊😊,2025-07-14
츄베릅jmt_20250714_c9,츄베릅jmt_20250714,@유채운-d8w,어디서 구매하셨는지 여쭤봐도 되나요?!,2025-07-14
츄베릅jmt_20250714_c10,츄베릅jmt_20250714,@sad_adventure,First 🎉🎉🎉❤❤❤,2025-07-14
츄베릅jmt_20250710_c1,츄베릅jmt_20250710,@AminaDoll-g2t,❤️😋😋😋🤤🤤🤤,2025-07-26
츄베릅jmt_20250710_c2,츄베릅jmt_20250710,@khanjee9823,❤😊,2025-07-24
츄베릅jmt_20250710_c3,츄베릅jmt_20250710,@seva-m5j,😋🍔🍟🍕🌭🥩🥩🍗🥪🍖🌮🌯,2025-07-22
츄베릅jmt_20250710_c4,츄베릅jmt_20250710,@shiyanaahussain5096,Im not korean but im a big fan,2025-07-20
츄베릅jmt_20250710_c5,츄베릅jmt_20250710,@HưngDương-c5r,Oijjjjj😮😮,2025-07-19
츄베릅jmt_20250710_c6,츄베릅jmt_20250710,@Josilene12-nk7tv,Ela nem dividi 😢😭❤,2025-07-13
츄베릅jmt_20250710_c7,츄베릅jmt_20250710,@jungahan1591,약간 순살 을 반마리 해도 많아보이는 매력이 잇어연😂,2025-07-12
츄베릅jmt_20250710_c8,츄베릅jmt_20250710,@JibekAisarakunova,🤤🌭🍗🌮🥩🫔🌯🍖,2025-07-12
츄베릅jmt_20250710_c9,츄베릅jmt_20250710,@february1259,먹잘알 츄베릅,2025-07-12
츄베릅jmt_20250710_c10,츄베릅jmt_20250710,@Yunbbi_CO,왕ㅇ 치즈볼🥰,2025-07-11
츄베릅jmt_20250710_c11,츄베릅jmt_20250710,@이지환-f8w7y,매일 맛있게 먹으셔서 학원에서 먹을 생각만 해요😂😂😂,2025-07-11
츄베릅jmt_20250710_c12,츄베릅jmt_20250710,@최우성-e6u,❤❤❤맛있겠다❤❤,2025-07-10
츄베릅jmt_20250710_c13,츄베릅jmt_20250710,@ISfj__nj,홍대 클럽 싸돌아다닐것처럼 생겼는데 먹방 찍으니까 계속 보게되네,2025-07-10
츄베릅jmt_20250710_c14,츄베릅jmt_20250710,@짱구짱아흰둥,길게 좀 올려줘요~,2025-07-10
츄베릅jmt_20250710_c15,츄베릅jmt_20250710,@RuhaAkt-s2y,Hellooooooooooo,2025-07-10
츄베릅jmt_20250710_c16,츄베릅jmt_20250710,@윤콩이-j2b,1빠ㅏ 넘 맛있겠어용😢 뿌링클 영상보고 반함유❤❤😢,2025-07-10
츄베릅jmt_20250709_c1,츄베릅jmt_20250709,@냐냠쩝쭊,다 닭다리살이에용??,2025-07-20
츄베릅jmt_20250709_c2,츄베릅jmt_20250709,@AliAyoub-g8h,I love your vidéo mukbang 🇱🇧🇱🇧❤❤🇩🇿🇩🇿❤❤🇦🇪🇦🇪😊😊🥰🥰😊😊🥰🥰🇱🇧🇱🇧🇦🇪🇦🇪❤❤🇩🇿🇩🇿,2025-07-18
츄베릅jmt_20250709_c3,츄베릅jmt_20250709,@복세편살-j6o,처갓집 먹어주세요,2025-07-14
츄베릅jmt_20250709_c4,츄베릅jmt_20250709,@MiaLescano,",🤤🤤🤤🤤🤤😏🤤🤤🤤🤤🤤",2025-07-14
츄베릅jmt_20250709_c5,츄베릅jmt_20250709,@Kim-u9p9y,Mu choi tid khoi😂,2025-07-14
츄베릅jmt_20250709_c6,츄베릅jmt_20250709,@강아지-d8s,치필링 먹어주세요 치필링 맛있어요,2025-07-13
츄베릅jmt_20250709_c7,츄베릅jmt_20250709,@GlowVibe_jewellers,Wow,2025-07-12
츄베릅jmt_20250709_c8,츄베릅jmt_20250709,@QUeen_lisa89,You look like Kimpro kkubi❤,2025-07-11
츄베릅jmt_20250709_c9,츄베릅jmt_20250709,@ANYEO-u8f,Bhc에 뿌링클이 있다면 후참엔 눈꽃치즈가 있죠❤,2025-07-10
츄베릅jmt_20250709_c10,츄베릅jmt_20250709,@이지환-f8w7y,넘 맛있겠댜,2025-07-10
츄베릅jmt_20250709_c11,츄베릅jmt_20250709,@도토로-x4z,미쳤다ㅡ항상,2025-07-10
츄베릅jmt_20250709_c12,츄베릅jmt_20250709,@Eletronicskyrike,"개인사정 때메 댓글을 못 달았습니다.
되게 맜있겠네요",2025-07-10
츄베릅jmt_20250709_c13,츄베릅jmt_20250709,@bbbobbp,아 근데 진짜 치킨 좋아하시네요 ㅋㅋㅋㅋ,2025-07-09
츄베릅jmt_20250709_c14,츄베릅jmt_20250709,@Yunbbi_CO,치즈볼도 먹어주세욥 !,2025-07-09
츄베릅jmt_20250709_c15,츄베릅jmt_20250709,@user-jz5my8go1g,이유미 느낌나고 강아지 같고 좋네여,2025-07-09
츄베릅jmt_20250709_c16,츄베릅jmt_20250709,@가빈44,가끔저두후참잘 시켜먹는뎅😉😝,2025-07-09
츄베릅jmt_20250709_c17,츄베릅jmt_20250709,@icetarooo2,마차 같은 달콤한 음식을 먹을 수 있나요? 보고 싶어요 😮,2025-07-09
츄베릅jmt_20250709_c18,츄베릅jmt_20250709,@개꼴딱,처음때 핫치즈빅싸이순살치킨인줄요😅,2025-07-09
츄베릅jmt_20250709_c19,츄베릅jmt_20250709,@나비B-k1j,츄베릅씨를 체포하게써요. 너무 맛있게 먹은 죄로. (진지함),2025-07-09
츄베릅jmt_20250709_c20,츄베릅jmt_20250709,@정재원-o2i,후참잘에서 양념치킨도 잘하넹...😊,2025-07-09
츄베릅jmt_20250709_c21,츄베릅jmt_20250709,@nojasineulalla523,개꼴개꼴❤,2025-07-09
츄베릅jmt_20250709_c22,츄베릅jmt_20250709,@최우성-e6u,❤❤❤❤,2025-07-09
츄베릅jmt_20250709_c23,츄베릅jmt_20250709,@bori1711,이거 맛있겠다!!!,2025-07-09
츄베릅jmt_20250709_c24,츄베릅jmt_20250709,@pri_zll,핫치즈빅싸이순살 또 먹어줘요ㅠㅠ❤,2025-07-09
츄베릅jmt_20250709_c25,츄베릅jmt_20250709,@aexun.1,완전맛잇겟더요..❤,2025-07-09
츄베릅jmt_20250709_c26,츄베릅jmt_20250709,@박까영,M,2025-07-09
츄베릅jmt_20250707_c1,츄베릅jmt_20250707,@김은주-s4y6y,너무 맛있게 잘드셔서 구독도하고 좋와요도 눌렀어요^^!벽돌케이크 맛있어보이네요 ^^~,2025-07-08
츄베릅jmt_20250707_c2,츄베릅jmt_20250707,@가빈44,입에초코묻으신게 넘귀여우셔요 츄베릅님😊😊🥰🙈,2025-07-08
츄베릅jmt_20250707_c3,츄베릅jmt_20250707,@정재원-o2i,코랑 입에 묻은거 넘 귀여워요ㅋㅋ,2025-07-07
츄베릅jmt_20250707_c4,츄베릅jmt_20250707,@도토로-x4z,코에 묻히고 먹는거 너므 귀엽...,2025-07-07
츄베릅jmt_20250707_c5,츄베릅jmt_20250707,@Yunbbi_CO,해동해서 우유 말먹하면 맛있겠답 -- !,2025-07-07
츄베릅jmt_20250707_c6,츄베릅jmt_20250707,@최우성-e6u,❤❤❤❤,2025-07-07
츄베릅jmt_20250707_c7,츄베릅jmt_20250707,@rahuihalu,너무 예쁘다❤,2025-07-07
츄베릅jmt_20250707_c1,츄베릅jmt_20250707,@NoeMaximiliano-l4e,❤️,2025-07-22
츄베릅jmt_20250707_c2,츄베릅jmt_20250707,@baothynguyen1485,In,2025-07-21
츄베릅jmt_20250707_c3,츄베릅jmt_20250707,@어러럭,ㅋㅋㅋㅋㅋ 하나밖에 없어서 배경 넣었다는게 넘 귀여워요 ㅋㅋㅋㅋㅋ 진짜 예쁘시네요,2025-07-13
츄베릅jmt_20250707_c4,츄베릅jmt_20250707,@정재원-q1h,쿠키를 얼린거에여..?,2025-07-08
츄베릅jmt_20250707_c5,츄베릅jmt_20250707,@가빈44,진짜멍뭉이가 빵먹는거같당🐶🐶,2025-07-07
츄베릅jmt_20250707_c6,츄베릅jmt_20250707,@정재원-o2i,츄베릅님 얼굴로 배경 만들어도 귀여울거 같아요ㅋㅋ❤,2025-07-07
츄베릅jmt_20250707_c7,츄베릅jmt_20250707,@도토로-x4z,배경도 귀여운데 원래도 너무너무 좋아여,2025-07-07
츄베릅jmt_20250707_c8,츄베릅jmt_20250707,@bori1711,me도 벽돌 무경험자..,2025-07-07
츄베릅jmt_20250707_c9,츄베릅jmt_20250707,@나비B-k1j,언니 뒤에 배경 넣은거 진짜 귀염뽀짝 아이디어 아니냐궁 ㅋㅋㅋㅋ 오늘두 좋은하루 보내여❤,2025-07-07
츄베릅jmt_20250707_c10,츄베릅jmt_20250707,@Yunbbi_CO,배경 개귀욥 ㅋㅋ,2025-07-07
츄베릅jmt_20250707_c11,츄베릅jmt_20250707,@최우성-e6u,5등❤❤❤,2025-07-07
츄베릅jmt_20250707_c12,츄베릅jmt_20250707,@나야_입흐밍,보기만 해도 달다..🧇🥞,2025-07-07
츄베릅jmt_20250707_c13,츄베릅jmt_20250707,@구미-l2g,재밌네요!구독 박음!!!,2025-07-07
츄베릅jmt_20250707_c14,츄베릅jmt_20250707,@뀨-b4e,다음영상은 배홍동이랑 군만두 가능 한가여?,2025-07-07
츄베릅jmt_20250707_c15,츄베릅jmt_20250707,@half_moon1,이빨 조심!!,2025-07-07
츄베릅jmt_20250706_c1,츄베릅jmt_20250706,@이춘홍-w2h,어디냉면이에요??,2025-07-31
츄베릅jmt_20250706_c2,츄베릅jmt_20250706,@촉촉한초코칩-i9i1u,음식이  츄베릅님 처럼 반짝반짝해요 ! ♡,2025-07-28
츄베릅jmt_20250706_c3,츄베릅jmt_20250706,@김자영-s2s,미모가 열일 중,2025-07-27
츄베릅jmt_20250706_c4,츄베릅jmt_20250706,@감자햄,비냉에 육수 넣어먹는거 국룰이죵,2025-07-22
츄베릅jmt_20250706_c5,츄베릅jmt_20250706,@hassanalmamari6561,❤️,2025-07-21
츄베릅jmt_20250706_c6,츄베릅jmt_20250706,@RSYlove-k1j,비빔물냉이 지리는거임,2025-07-19
츄베릅jmt_20250706_c7,츄베릅jmt_20250706,@옌인데뇨,전 비냉 시키면 육수 따로 조금 줘서 비냉시키고 비냉 먹다가 물리면 육수 부어서 물냉으로 먹어요😊,2025-07-19
츄베릅jmt_20250706_c8,츄베릅jmt_20250706,@sidpwndp,이정도면 유튜브 핑계로 먹고 싶은거 먹는거 아님? ㅋㅋ 암튼 맛있게 먹는ㄷ,2025-07-14
츄베릅jmt_20250706_c9,츄베릅jmt_20250706,@범희한,이쁘면 인정❤,2025-07-13
츄베릅jmt_20250706_c10,츄베릅jmt_20250706,@이지환-f8w7y,넘 맛있겠댜,2025-07-10
츄베릅jmt_20250706_c11,츄베릅jmt_20250706,@oob9833,물냉 아니에욤?,2025-07-09
츄베릅jmt_20250706_c12,츄베릅jmt_20250706,@생갈치1호의행방불-r7q,젓가락질 불편하고만..,2025-07-09
츄베릅jmt_20250706_c13,츄베릅jmt_20250706,@TTFY-rh8mt,비냉은 비빔냉면 아니에요..? 저것두 물냉 같은ㄷ,2025-07-09
츄베릅jmt_20250706_c14,츄베릅jmt_20250706,@kangsanggu2765,보고있는데 맛이 느껴진다…,2025-07-09
츄베릅jmt_20250706_c15,츄베릅jmt_20250706,@알람꺼놓음,아 츄베읍 그만떠라 ㅡㅡ 아랫니,2025-07-08
츄베릅jmt_20250706_c16,츄베릅jmt_20250706,@정재원-o2i,아..냉면 먹구 시퍼여...,2025-07-07
츄베릅jmt_20250706_c17,츄베릅jmt_20250706,@가빈44,안그래두하루종일 더웠는데 츄베릅님이 시원하게드시니까 보는내내 저두시원하네요😉🫠,2025-07-07
츄베릅jmt_20250706_c18,츄베릅jmt_20250706,@helloiamjunghyun,"뭐야 이언니,, 소리 개좋구,,,, 대리만족 오지구,,,,,",2025-07-06
츄베릅jmt_20250706_c19,츄베릅jmt_20250706,@aedmst,먹는 거 왜 이렇게 귀여워ㅠㅠ 음식도 존맛탱 같아~,2025-07-06
츄베릅jmt_20250706_c20,츄베릅jmt_20250706,@Coloratura13,와 진짜 맛있어보여요🤤🤤,2025-07-06
츄베릅jmt_20250706_c21,츄베릅jmt_20250706,@소방덕후tv,둘다 싫어해요ㅠ 너무 차가운 면은 싫어해요(막국수랑 비빔면이랑 이런건 좋은데 냉면 싫어해요),2025-07-06
츄베릅jmt_20250706_c22,츄베릅jmt_20250706,@parksunho01,와 선택장애 온다…ok 난 둘다🤤🤤,2025-07-06
츄베릅jmt_20250706_c23,츄베릅jmt_20250706,@나야_입흐밍,전 물넹🩵💙비냉은 약간 거부감 들어용..🍧,2025-07-06
츄베릅jmt_20250706_c24,츄베릅jmt_20250706,@Yunbbi_CO,구도 바꾼 먹방도 좋아요 ! >•<,2025-07-06
츄베릅jmt_20250706_c25,츄베릅jmt_20250706,@최우성-e6u,❤❤❤❤,2025-07-06
츄베릅jmt_20250706_c26,츄베릅jmt_20250706,@jikimouse,귀여우신대 내스타일임,2025-07-06
츄베릅jmt_20250705_c1,츄베릅jmt_20250705,@뚱쭝기욥,"저거 브라우니 차갑게 냉장고에 넣어놨는데 아주그냥 맛도리입니다 쫀득꾸덕하니 그냥 갓벽
추천드립니다ㅏㅏㅏ",2025-07-31
츄베릅jmt_20250705_c2,츄베릅jmt_20250705,@Val_ArtAndCraft,You are so pretty 😍 you are my favorite mukbanger❤ you always make me hungry 🤤 😋,2025-07-24
츄베릅jmt_20250705_c3,츄베릅jmt_20250705,@omaralfares7489,K,2025-07-20
츄베릅jmt_20250705_c4,츄베릅jmt_20250705,@김성은-u2r,빈츠말차 진짜 맛있음 ? 토나오던데,2025-07-06
츄베릅jmt_20250705_c5,츄베릅jmt_20250705,@최우성-e6u,말차 안써요???,2025-07-05
츄베릅jmt_20250705_c6,츄베릅jmt_20250705,@가빈44,티코말차맛두파는구나 🤔  신기하네 이렇게보니🤭,2025-07-05
츄베릅jmt_20250705_c7,츄베릅jmt_20250705,@6-e7o,뭐가 제일 말차맛 진해요??,2025-07-05
츄베릅jmt_20250705_c8,츄베릅jmt_20250705,@나비B-k1j,언니가 먹는건 다 맛있어보여서 못고르겠다;; 하지만 내 원픽은 티코,2025-07-05
츄베릅jmt_20250705_c9,츄베릅jmt_20250705,@얼죽아-d2h,나 말차좋아하는거 어떻게 알구..❤ 그와중에 왜케 이뻐요〰️,2025-07-05
츄베릅jmt_20250705_c10,츄베릅jmt_20250705,@정재원-q1h,츄베릅님 초록색 앞에서도 잘어울리는거 같아여,2025-07-05
츄베릅jmt_20250705_c11,츄베릅jmt_20250705,@Yunbbi_CO,종류별로 터는 거 짱조아요 ! 참고로 저 뉴진스 토끼 프사였던 구독자에요ㅋㅋ,2025-07-05
츄베릅jmt_20250705_c12,츄베릅jmt_20250705,@bori1711,아직도 티코 안먹어본 사람이 있다면 믿으시겠습니까 하하,2025-07-05
츄베릅jmt_20250704_c1,츄베릅jmt_20250704,@hananeajaada652,I love your videos,2025-07-22
츄베릅jmt_20250704_c2,츄베릅jmt_20250704,@TaslimaAkter-cf6cm,❤️জগচওএস৫সপগশওগডটািএচওহবিত৫র,2025-07-22
츄베릅jmt_20250704_c3,츄베릅jmt_20250704,@thuho-xg4mo,Thật là thú vị,2025-07-16
츄베릅jmt_20250704_c4,츄베릅jmt_20250704,@가빈44,말차초콜릿 저는1단계먹구싶너ㅣ요 말차를안좋아해서😅,2025-07-05
츄베릅jmt_20250704_c5,츄베릅jmt_20250704,@서하안-y7f,언니 나 기억나??,2025-07-05
츄베릅jmt_20250704_c6,츄베릅jmt_20250704,@seoyi123,오 👏👏👏👏👏👏👏😘,2025-07-05
츄베릅jmt_20250704_c7,츄베릅jmt_20250704,@chillace6818,사랑해요,2025-07-04
츄베릅jmt_20250704_c8,츄베릅jmt_20250704,@푸하하-j4l,솔직히 초콜릿이라고 말 안했으면 분필인줄 알듯요 ㅋㅋㅋㅋ,2025-07-04
츄베릅jmt_20250704_c9,츄베릅jmt_20250704,@도토로-x4z,시험끝나고 츄베릅보기=개큰행복,2025-07-04
츄베릅jmt_20250704_c10,츄베릅jmt_20250704,@최우성-e6u,7빠❤❤❤❤,2025-07-04
츄베릅jmt_20250704_c11,츄베릅jmt_20250704,@정재원-q1h,저두 먹고 시퍼여..😢,2025-07-04
츄베릅jmt_20250704_c12,츄베릅jmt_20250704,@Yunbbi_CO,오랜만에 왔어요오 ! 이제 시험 끝나서 베릅님 영상 못본 거 다 볼 거에욤🥰,2025-07-04
츄베릅jmt_20250704_c13,츄베릅jmt_20250704,@이지수_leejisu,구독했어용 너무 맛있게 드세요 ㅠ😊,2025-07-04
츄베릅jmt_20250704_c14,츄베릅jmt_20250704,@희진꿍-h8i,5,2025-07-04
츄베릅jmt_20250704_c15,츄베릅jmt_20250704,@조이댓글계,내인생에서 말차를 한번도 안먹어본..,2025-07-04
츄베릅jmt_20250704_c16,츄베릅jmt_20250704,@bori1711,호지 무슨 맛이에용?? 뭔가 구수하다고 하던뎅.. 궁금쓰,2025-07-04
츄베릅jmt_20250704_c1,츄베릅jmt_20250704,@김자영-s2s,육회 비주얼 모야 다 마싰는거밖에 없 자나 ㅠㅠ,2025-07-27
츄베릅jmt_20250704_c2,츄베릅jmt_20250704,@SaritaKadmiri,❤❤❤❤,2025-07-23
츄베릅jmt_20250704_c3,츄베릅jmt_20250704,@SaritaKadmiri,❤❤❤😊😊😊😊😊❤️,2025-07-23
츄베릅jmt_20250704_c4,츄베릅jmt_20250704,@Janaejohnson-pt3lw,🤤 🤤,2025-07-23
츄베릅jmt_20250704_c5,츄베릅jmt_20250704,@AlaaAlrqeeb,Hello 1 Flow,2025-07-22
츄베릅jmt_20250704_c6,츄베릅jmt_20250704,@daughterhaeun7727,내가 좋아하는 것만 먹잖아 ㅠㅠ(맛있겠당 😢),2025-07-12
츄베릅jmt_20250704_c7,츄베릅jmt_20250704,@나비B-k1j,언니 영상 넘넘 기다렸어요🥹 오늘도 마이크를 씹어 삼켜버린 베릅씌;;,2025-07-05
츄베릅jmt_20250704_c8,츄베릅jmt_20250704,@half_moon1,아 둘다 소주 안주로 최고인디 ..,2025-07-04
츄베릅jmt_20250704_c9,츄베릅jmt_20250704,@도토로-x4z,뭐야 완전 기다렸어요ㅜㅠ,2025-07-04
츄베릅jmt_20250704_c10,츄베릅jmt_20250704,@정재원-q1h,오늘 시험 망해써요...ㅠㅠ😢,2025-07-04
츄베릅jmt_20250704_c11,츄베릅jmt_20250704,@YouTuyjgt87,오 저 어제 똑같이 시켜먹었었는데 통했네유ㅎㅎ,2025-07-04
츄베릅jmt_20250704_c12,츄베릅jmt_20250704,@최우성-e6u,4빠❤❤,2025-07-04
츄베릅jmt_20250704_c13,츄베릅jmt_20250704,@가빈44,나두연어먹구싶당😋😋,2025-07-04
츄베릅jmt_20250704_c14,츄베릅jmt_20250704,@bori1711,연어에 백표❤,2025-07-04
츄베릅jmt_20250625_c1,츄베릅jmt_20250625,@seva-m5j,😋🍔🍕🌯🌮,2025-07-22
츄베릅jmt_20250625_c2,츄베릅jmt_20250625,@Harshitha-y6e,Yummy 😋🤤🤤,2025-07-12
츄베릅jmt_20250625_c3,츄베릅jmt_20250625,@CHYO-RY,맵슐랭 맛있긴한데 순살파로써 27000원은 좀...,2025-07-09
츄베릅jmt_20250625_c4,츄베릅jmt_20250625,@deborahgrieco5260,English🤩🤩🤩😒😒😒,2025-07-06
츄베릅jmt_20250625_c5,츄베릅jmt_20250625,@구리구리너구리-e9h,드뎌 찾았다 안쩝쩝이 asmr 쩝쩝이들 너무시러,2025-07-04
츄베릅jmt_20250625_c6,츄베릅jmt_20250625,@박병운-o3z,맵슐랭이랑 간짜장 조합 어때요 !?,2025-07-01
츄베릅jmt_20250625_c7,츄베릅jmt_20250625,@chillace6818,thx youtube algorithm i think u are the most pretty and professional korean female mukbang asmr streamer,2025-07-01
츄베릅jmt_20250625_c8,츄베릅jmt_20250625,@강강강-g9t,진심 먹방 유튜버중 소리 탑급이에요ㅠㅠ,2025-06-29
츄베릅jmt_20250625_c9,츄베릅jmt_20250625,@벤쓰오너-x9n,와 진짜 조이현 닮았다,2025-06-28
츄베릅jmt_20250625_c10,츄베릅jmt_20250625,@이재진-e4v,와 진짜 시험기간 스트레스 다 풀리는 소리네,2025-06-28
츄베릅jmt_20250625_c11,츄베릅jmt_20250625,@한미현-c1q,착용하신 렌즈정보 부탁드려오 ㅎ,2025-06-28
츄베릅jmt_20250625_c12,츄베릅jmt_20250625,@이지환-f8w7y,"와 치킨 엄청 맛있을 것 같아요ㅎㅎ 아, 군침돌아😅",2025-06-26
츄베릅jmt_20250625_c13,츄베릅jmt_20250625,@나비B-k1j,보들바삭 소리 미춋따리🥹 오늘도 언니 미모는 열일하는군.,2025-06-26
츄베릅jmt_20250625_c14,츄베릅jmt_20250625,@사랑하는승민맘,치킨보다 치즈볼 콰삭 소리가 더 매력적이네요^^,2025-06-26
츄베릅jmt_20250625_c15,츄베릅jmt_20250625,@푸하하-j4l,음 다음날 화장실에 살게되는건 타격이 좀 큰데요 ㅋㅋㅋㅋ,2025-06-25
츄베릅jmt_20250625_c16,츄베릅jmt_20250625,@nojasineulalla523,누님 오늘도 노무노무 이쁩니데이~ 예-아!,2025-06-25
츄베릅jmt_20250625_c17,츄베릅jmt_20250625,@도토로-x4z,제일 좋아하는 음식 조합 먹방 한번 찍어주세요ㅜㅠ,2025-06-25
츄베릅jmt_20250625_c18,츄베릅jmt_20250625,@가빈44,찜닭인줄알았넹😅😅,2025-06-25
츄베릅jmt_20250625_c19,츄베릅jmt_20250625,@창년교육,누나 그 용원 게이에 나오는 a 그 사람이에요?,2025-06-25
츄베릅jmt_20250625_c20,츄베릅jmt_20250625,@parksunho01,"자담의 근본 맵슐랭 너무 맛도리 🤤🤤
그 다음날이 문제이지만…🫢🫢",2025-06-25
츄베릅jmt_20250625_c21,츄베릅jmt_20250625,@신은채-c4c,쨩 맛있긌당! 배고파ㅠ😢,2025-06-25
츄베릅jmt_20250625_c22,츄베릅jmt_20250625,@윤보미팬다,너무맛있게드신다,2025-06-25
츄베릅jmt_20250625_c23,츄베릅jmt_20250625,@뽀먕인데여,치필링 핫 먹어주실수 있나여??♥︎,2025-06-25
츄베릅jmt_20250625_c24,츄베릅jmt_20250625,@블랙마시멜로,일찍왔당❤❤,2025-06-25
츄베릅jmt_20250625_c25,츄베릅jmt_20250625,@최우성-e6u,2빠❤❤❤,2025-06-25
츄베릅jmt_20250625_c26,츄베릅jmt_20250625,@bori1711,맵슐랭 마일드도 매울지 모르겄네 먹긴 먹어야하는데!!,2025-06-25
츄베릅jmt_20250624_c1,츄베릅jmt_20250624,@국선준,살 안찌세요?(비법이뭐애요),2025-07-21
츄베릅jmt_20250624_c2,츄베릅jmt_20250624,@AyşeTurkben-f7t,❤️,2025-07-21
츄베릅jmt_20250624_c3,츄베릅jmt_20250624,@sidpwndp,치즈소스 뿌릴 때 겁나 귀여움,2025-07-15
츄베릅jmt_20250624_c4,츄베릅jmt_20250624,@황윤권-w3r,너 좀 귀엽다 ㅋㅋㅋ,2025-07-10
츄베릅jmt_20250624_c5,츄베릅jmt_20250624,@카카모라,어떻게 머리 묶고 그리 깔끔한게 드실 수 있는건지 😢 부럽습니다...,2025-07-07
츄베릅jmt_20250624_c6,츄베릅jmt_20250624,@deborahgrieco5260,É italiano🇮🇹🇮🇹🇮🇹🇮🇹🇮🇹🇮🇹🇮🇹🇮🇹🇮🇹🇮🇹🇮🇹🇮🇹🍕🍕🍕🍕🍕🍕🍕🍕🍕🍕🍕🍕🍕🍕🍕🍕🍕🍕🍕🍕🍕🍕🍕🍕🍝🍝🍝🍝🍝🍝🍝🍝🍝🍝🍝🍝🍝🍝🍝🍝🍝🍝🍝🍝🍝🍝🍝🍝🍝🍝🍝🍝🍝🍝🍝🍝🍝🍝🍝🍝🍝🍝🍝🍝🍝🍝🍝🍝🍝🍝🍝🍝🍝,2025-07-06
츄베릅jmt_20250624_c7,츄베릅jmt_20250624,@dawdwa-h5n,이마 왜케 넓노,2025-07-04
츄베릅jmt_20250624_c8,츄베릅jmt_20250624,@GohanBeastFormDragonBall,정말 맛있어 보이네요 🤤🤤🤤,2025-07-01
츄베릅jmt_20250624_c9,츄베릅jmt_20250624,@jungahan1591,"?:츄베릅님 므슨 틴트 쓰세요??
츄베릅ㅆ ㅣ:자답 맵슐랭이요",2025-06-29
츄베릅jmt_20250624_c10,츄베릅jmt_20250624,@jungahan1591,아니 언니 갈수록 쿼카 닮아가고 있으어…❤,2025-06-29
츄베릅jmt_20250624_c11,츄베릅jmt_20250624,@땡초-e6q,맛있겠다,2025-06-27
츄베릅jmt_20250624_c12,츄베릅jmt_20250624,@가빈44,멍뭉이한 매력이있으셔 역시😊😊,2025-06-25
츄베릅jmt_20250624_c13,츄베릅jmt_20250624,@Aplee-h6t,이렇게잘드시는데..살이안찌시는거부럽네요..ㅠ,2025-06-25
츄베릅jmt_20250624_c14,츄베릅jmt_20250624,@변비-b9h,하..나도 한입달라구요 ㅠㅠ,2025-06-25
츄베릅jmt_20250624_c15,츄베릅jmt_20250624,@color1842,1500?,2025-06-25
츄베릅jmt_20250624_c16,츄베릅jmt_20250624,@최우성-e6u,버거킹에 몬스터와퍼 먹어주세요 ㅎㅎ❤❤,2025-06-24
츄베릅jmt_20250624_c17,츄베릅jmt_20250624,@고수성-i5u,치즈 소스는 버거킹에 파는거에영 ?,2025-06-24
츄베릅jmt_20250624_c18,츄베릅jmt_20250624,@푸하하-j4l,치즈소스가 상당히 폭력적이네요😅ㅋㅋㅋ 츄베릅 누나 잘 드시니까 보기 좋아요,2025-06-24
츄베릅jmt_20250624_c19,츄베릅jmt_20250624,@도토로-x4z,"이렇게 잘먹는데 어케 그렇게 말랐지,,? 부럽다",2025-06-24
츄베릅jmt_20250624_c20,츄베릅jmt_20250624,@강한결-d4u,와구와구 먹는거 좋다,2025-06-24
츄베릅jmt_20250624_c21,츄베릅jmt_20250624,@Noc_Kago-S,옛날이랑다르게 슬슬 진짜 먹방방송이다 라고보이넹😮,2025-06-24
츄베릅jmt_20250624_c22,츄베릅jmt_20250624,@나비B-k1j,와 오늘두 레전드🥹 이번 한주도 맛난 한주 되세여어❤,2025-06-24
츄베릅jmt_20250624_c23,츄베릅jmt_20250624,@정재원-o2i,맛있게 먹는모습 보니까 저도 기분이 좋아져요😊,2025-06-24
츄베릅jmt_20250624_c24,츄베릅jmt_20250624,@BCU-pw8nt,와..저도 버거킹 좋아하는데 거기다 치즈소스까지..캬.. 그거 보고 순간 반했네여😂,2025-06-24
츄베릅jmt_20250624_c25,츄베릅jmt_20250624,@bibigobak,소리 넘 좋다했는데 예티쓰셨구나,2025-06-24
츄베릅jmt_20250624_c26,츄베릅jmt_20250624,@성이름-h2q7p,손에 다 묻히고 먹는거봐라 너무조타,2025-06-24
츄베릅jmt_20250624_c27,츄베릅jmt_20250624,@hehesong7665,원래 몸에 안좋은게 맛있데..😢,2025-06-24
츄베릅jmt_20250624_c28,츄베릅jmt_20250624,@bori1711,눈 커지고 소스 한번 쳐다보는겈ㅋㅋ❤,2025-06-24
츄베릅jmt_20250624_c29,츄베릅jmt_20250624,@Maru_Boy_0906,오 치즈소스 혹시 어디껀지 알 수 있을까요?? 너무 맛있어 보이는...👀👀,2025-06-24
츄베릅jmt_20250624_c30,츄베릅jmt_20250624,@parksunho01,"햄버거 구도가 상당히 폭력적인데….
맛있게 먹으면 0 칼로리🤤🤤🤤",2025-06-24
츄베릅jmt_20250624_c31,츄베릅jmt_20250624,@half_moon1,한입물고 눈커지는거 귀엽ㅋㅋㅎ,2025-06-24
츄베릅jmt_20250623_c1,츄베릅jmt_20250623,@치치미오,주댕이가 작아서 먹방하겠냐??,2025-07-28
츄베릅jmt_20250623_c2,츄베릅jmt_20250623,@OlZl_CG,뿌링클 가루 저렇게 듬성듬성 뿌려주는곳 처음보네..😅,2025-07-25
츄베릅jmt_20250623_c3,츄베릅jmt_20250623,@ИндираРзаева-ф7с,❤️❤🎉 previous million,2025-07-20
츄베릅jmt_20250623_c4,츄베릅jmt_20250623,@강아지-d8s,누나야 너무맛있게먹는거아님?,2025-07-20
츄베릅jmt_20250623_c5,츄베릅jmt_20250623,@RifficFootball,Um…,2025-07-13
츄베릅jmt_20250623_c6,츄베릅jmt_20250623,@bellanajem4630,Yum 😋 🤤,2025-07-11
츄베릅jmt_20250623_c7,츄베릅jmt_20250623,@로블해요,치즈볶음면은 윤기 머선일??!! 츄베릅 언니는 미모 머선일??❤,2025-07-05
츄베릅jmt_20250623_c8,츄베릅jmt_20250623,@jungahan1591,와 급나 쪽득해보여…,2025-06-29
츄베릅jmt_20250623_c9,츄베릅jmt_20250623,@지나가는바보-f8v,치킨 1순위 뭐에요?,2025-06-27
츄베릅jmt_20250623_c10,츄베릅jmt_20250623,@김또각-b9g,저 라면 너무 달기만함...,2025-06-27
츄베릅jmt_20250623_c11,츄베릅jmt_20250623,@이지환-f8w7y,너무 예쁘신데다가 너무 잘먹어서 너무 좋아여ㅎㅎ,2025-06-24
츄베릅jmt_20250623_c12,츄베릅jmt_20250623,@성이름-h2q7p,1위가 뭐임??,2025-06-24
츄베릅jmt_20250623_c13,츄베릅jmt_20250623,@최우성-e6u,❤❤❤❤,2025-06-23
츄베릅jmt_20250623_c14,츄베릅jmt_20250623,@고수성-i5u,재업이에용?,2025-06-23
츄베릅jmt_20250623_c15,츄베릅jmt_20250623,@nojasineulalla523,예-아! 누나 노무노무 이쁩니노..❤❤,2025-06-23
츄베릅jmt_20250623_c16,츄베릅jmt_20250623,@Eletronicskyrike,"뿌링클 많이 드시네요
그리고 정말 예쁘세요❤❤",2025-06-23
츄베릅jmt_20250623_c17,츄베릅jmt_20250623,@정재원-o2i,배거파여..ㅠ😢,2025-06-23
츄베릅jmt_20250623_c18,츄베릅jmt_20250623,@Murat-u8i,❤❤,2025-06-23
츄베릅jmt_20250623_c19,츄베릅jmt_20250623,@푸하하-j4l,츄베릅 누나 리뷰 항상 잘보고 있고 건강챙겨렁,2025-06-23
츄베릅jmt_20250623_c20,츄베릅jmt_20250623,@hannahk3491,Hello,2025-06-23
츄베릅jmt_20250623_c21,츄베릅jmt_20250623,@ive_ELEVEN-j5f,1분전이다❤,2025-06-23
츄베릅jmt_20250622_c1,츄베릅jmt_20250622,@김동춘-h4h,우리나라 량씨가 있나요. 쭝국 성씨같은데 위생을 깨끗히 해서 닭발요리했을까.,2025-07-30
츄베릅jmt_20250622_c2,츄베릅jmt_20250622,@IannaLopez-j2o,❤️❤❤❤wo😅😅😅 I’ll,2025-07-23
츄베릅jmt_20250622_c3,츄베릅jmt_20250622,@AlaaAlrqeeb,😂,2025-07-22
츄베릅jmt_20250622_c4,츄베릅jmt_20250622,@رنوسياؤسي,😮😢😢😢😢😢😢😢😢😢😅,2025-07-21
츄베릅jmt_20250622_c5,츄베릅jmt_20250622,@havaisk2167,Hello,2025-07-21
츄베릅jmt_20250622_c6,츄베릅jmt_20250622,@seoyi123,소리가 좋네요 👏👏👏👏👏👏🙋‍♀️,2025-07-05
츄베릅jmt_20250622_c7,츄베릅jmt_20250622,@솔빈-y2l,레몬맛 많이 나나요?!,2025-06-30
츄베릅jmt_20250622_c8,츄베릅jmt_20250622,@옥토푸드화신닭발,불향가득 직접 구운 옥토푸드 화신닭발의 무뼈닭발을 한번 드셔보시길 추천합니다,2025-06-27
츄베릅jmt_20250622_c9,츄베릅jmt_20250622,@푸하하-j4l,누나 보기만해도 매워보여요😅,2025-06-22
츄베릅jmt_20250622_c10,츄베릅jmt_20250622,@나비B-k1j,그래두 저번보단 마싯게 드시는거 같네요옹ㅋㅋ 항상 잘보고 있어여❤,2025-06-22
츄베릅jmt_20250622_c11,츄베릅jmt_20250622,@smlie_Arpare,옹!!맛있어보여요!,2025-06-22
츄베릅jmt_20250622_c12,츄베릅jmt_20250622,@도토로-x4z,기업은행ㅜㅠ 왜케 도토리 가지고 있을것 겉이 생겼지,2025-06-22
츄베릅jmt_20250622_c13,츄베릅jmt_20250622,@최우성-e6u,1빠❤❤,2025-06-22
츄베릅jmt_20250622_c1,츄베릅jmt_20250622,@victorialuna1236,😂 Es ist sehr lecker können wir auch was weil wir Erzähl mir einen zungenbrech,2025-07-20
츄베릅jmt_20250622_c2,츄베릅jmt_20250622,@victorialuna1236,😂,2025-07-20
츄베릅jmt_20250622_c3,츄베릅jmt_20250622,@JacobRickUgaddan,셔ㅑㅓㄴ포ㅗㅠㅠㅠㅗㅑ배ㅣㅇ러나ㅠ,2025-07-18
츄베릅jmt_20250622_c4,츄베릅jmt_20250622,@정혁-k9f,전 이거 자극적인걸 넘어서 진짜 혓바닥이 사라질거 같았어요 ... 너무 맵고 너어무 짜고 최악이었음 ... 억지로 반 먹고 다 버림...,2025-07-17
츄베릅jmt_20250622_c5,츄베릅jmt_20250622,@AnneshaBera,"international fans of mukbang 
                       HERE 
                         👇",2025-07-14
츄베릅jmt_20250622_c6,츄베릅jmt_20250622,@sjkim9910,닭가슨살(ㄹㅇ),2025-07-08
츄베릅jmt_20250622_c7,츄베릅jmt_20250622,@갱갱-p2t,풀버전 ㅠ,2025-07-06
츄베릅jmt_20250622_c8,츄베릅jmt_20250622,@김뽀미0.0,엄니 매운ㄴ거 잘드시네요 요즘 최애❤❤❤❤❤❤❤❤❤❤,2025-06-24
츄베릅jmt_20250622_c9,츄베릅jmt_20250622,@ahkd7033,아침인가요 점심인가요 저녁인가요 야식인가요,2025-06-23
츄베릅jmt_20250622_c10,츄베릅jmt_20250622,@깅감귤,진심 요즘 내 최애 유튜버❤,2025-06-22
츄베릅jmt_20250622_c11,츄베릅jmt_20250622,@가빈44,츄베릅님 몰래안들키게  뺏어먹구싶네요😝😊😊,2025-06-22
츄베릅jmt_20250622_c12,츄베릅jmt_20250622,@최우성-e6u,❤❤❤❤,2025-06-22
츄베릅jmt_20250622_c13,츄베릅jmt_20250622,@sad_adventure,Yummy 😋,2025-06-22
츄베릅jmt_20250622_c14,츄베릅jmt_20250622,@parksunho01,우리집 근처는 크기도 작고 소스도 많이 없던데… 진짜 맛있겠다🤤🤤,2025-06-22
츄베릅jmt_20250622_c15,츄베릅jmt_20250622,@bori1711,"비주얼이 자극끝판왕,,",2025-06-22
츄베릅jmt_20250621_c1,츄베릅jmt_20250621,@핸맞할분구하미,3~4개월 전부터 봤던 먹방 최애유튜버신데 이쁘고 너무 맛있게 드시는데 뜨시면 조켓네요 ... 잉 진짜 왜 안뜨지 ㅠㅠ,2025-07-29
츄베릅jmt_20250621_c2,츄베릅jmt_20250621,@skhgdug,진짜 이쁘신데 엄청 야무지게 드시넹,2025-07-28
츄베릅jmt_20250621_c3,츄베릅jmt_20250621,@gukinhan2252,개맛있겠다 좀있다 문열면 무조건 먹는다,2025-07-23
츄베릅jmt_20250621_c4,츄베릅jmt_20250621,@Stephania-z9o,❤️❤️,2025-07-21
츄베릅jmt_20250621_c5,츄베릅jmt_20250621,@AIM_38273,❤❤❤🎉jsha,2025-07-09
츄베릅jmt_20250621_c6,츄베릅jmt_20250621,@user-gk2if4kn4w,"와 진짜 똥글똥글 너무 귀여우셔요😍
심지어 맛있게 드시네요
방금 처음 봤는데 그냥 입덕하겠습니닷!",2025-07-08
츄베릅jmt_20250621_c7,츄베릅jmt_20250621,@야스가저아,코 진짜 이쁘시네요,2025-07-03
츄베릅jmt_20250621_c8,츄베릅jmt_20250621,@ekiwahyudi8910,Itu suapan yang besar😋,2025-07-01
츄베릅jmt_20250621_c9,츄베릅jmt_20250621,@노래하는은경,황금올리브 맛있죠❤❤,2025-06-30
츄베릅jmt_20250621_c10,츄베릅jmt_20250621,@남김차수,너무 맛있겠다 좋아요,2025-06-24
츄베릅jmt_20250621_c11,츄베릅jmt_20250621,@82yjchoi1,전 티바 후라이드가 최고입니다 ㅎㅎ,2025-06-23
츄베릅jmt_20250621_c12,츄베릅jmt_20250621,@BCU-pw8nt,첨에 피아님 한거 좀 귀엽네여.,2025-06-21
츄베릅jmt_20250621_c13,츄베릅jmt_20250621,@도토로-x4z,아이돌 중에 입덕멤느낌??! 귀여워여,2025-06-21
츄베릅jmt_20250621_c14,츄베릅jmt_20250621,@윤보미팬다,이쁜이가 치킨을 먹네❤,2025-06-21
츄베릅jmt_20250621_c15,츄베릅jmt_20250621,@나비B-k1j,와 오늘 소리 역대급으로 미쳣…🥹 온니 항상 영상 고마워잉❤,2025-06-21
츄베릅jmt_20250621_c16,츄베릅jmt_20250621,@최우성-e6u,❤❤❤❤,2025-06-21
츄베릅jmt_20250621_c17,츄베릅jmt_20250621,@이지환-f8w7y,ㅋㅋ,2025-06-21
츄베릅jmt_20250621_c18,츄베릅jmt_20250621,@가빈44,나만의연예인 츄베릅님🥰🥰,2025-06-21
츄베릅jmt_20250621_c19,츄베릅jmt_20250621,@half_moon1,와 소리 미쳤..,2025-06-21
츄베릅jmt_20250620_c1,츄베릅jmt_20250620,@RimasRimas-s4r,❤️dbg,2025-07-19
츄베릅jmt_20250620_c2,츄베릅jmt_20250620,@SuddiejJfjrfororod9rofoffor,❤❤❤❤❤❤,2025-07-17
츄베릅jmt_20250620_c3,츄베릅jmt_20250620,@숲소리-n3j,가위 탈락 이로 뜯어야쥐옹,2025-06-23
츄베릅jmt_20250620_c4,츄베릅jmt_20250620,@pri_zll,모르겟고 김치 볶음밤이나 먹을게요 ㅎㅎ,2025-06-22
츄베릅jmt_20250620_c5,츄베릅jmt_20250620,@나비B-k1j,언니는 군복두 잘어울리네에🥹 오늘두 영상 감샤해요옹❤,2025-06-21
츄베릅jmt_20250620_c6,츄베릅jmt_20250620,@최우성-e6u,❤❤❤❤❤,2025-06-21
츄베릅jmt_20250620_c7,츄베릅jmt_20250620,@color1842,군봅입은 츄베릅누님.. 이건 귀하네요,2025-06-20
츄베릅jmt_20250620_c8,츄베릅jmt_20250620,@푸하하-j4l,군복 잘어울리시네요 ㅋㅋㅋ 충성!!,2025-06-20
츄베릅jmt_20250620_c9,츄베릅jmt_20250620,@half_moon1,군복은 동생꺼 훔쳐오셨나요ㅋㅋㅋ ㅋ 전 맛다시 말고 즉석 김치볶음밥 먹었어요 ㅎㅎ,2025-06-20
츄베릅jmt_20250620_c10,츄베릅jmt_20250620,@하하하-k7f3j,언니 속눈썹땨뮨인지 트위티같아여,2025-06-20
츄베릅jmt_20250620_c11,츄베릅jmt_20250620,@대호김-g4m,아진짜 너무이쁘잖아,2025-06-20
츄베릅jmt_20250620_c12,츄베릅jmt_20250620,@정재원-q1h,ㅋㅋ진짜 귀야워요 뭔가 참치 처음먹어본 고양이 같아요,2025-06-20
츄베릅jmt_20250620_c13,츄베릅jmt_20250620,@nojasineulalla523,예-아! 맛있겠노 ❤❤ 7퍼센트 못해서 죄송합니다…,2025-06-20
츄베릅jmt_20250620_c14,츄베릅jmt_20250620,@가빈44,나중에꼭 먹어봐야겠네용😋😋,2025-06-20
츄베릅jmt_20250620_c15,츄베릅jmt_20250620,@도토로-x4z,언니 Q&A 해줘ㅜㅠ,2025-06-20
츄베릅jmt_20250620_c16,츄베릅jmt_20250620,@Inkw-20,9월달에 직접 먹으러 갑니다 ㅋㅋ,2025-06-20
츄베릅jmt_20250620_c1,츄베릅jmt_20250620,@모르는개산책-r4j,혹시 립 뭐 쓰세용...?,2025-07-09
츄베릅jmt_20250620_c2,츄베릅jmt_20250620,@woonsikchae8742,내가 들은 마라샹궈 에셈알중 이게 최고임👍,2025-06-29
츄베릅jmt_20250620_c3,츄베릅jmt_20250620,@nib.7,"이정도 양이면 얼마치인가요? 
한번도 안 먹어봐서ㅠ 맛있어보여용",2025-06-25
츄베릅jmt_20250620_c4,츄베릅jmt_20250620,@쵸댕이랑결혼한선우,"헐 언니 너무 이쁨데요 ..
마라샹궈 땡겨요 ㅠㅠ 🫩😋😋",2025-06-25
츄베릅jmt_20250620_c5,츄베릅jmt_20250620,@5858m,어디샹궈에요오오옹??,2025-06-24
츄베릅jmt_20250620_c6,츄베릅jmt_20250620,@이승희-n1x,맛있나요???아직한번도안먹은사람임,2025-06-21
츄베릅jmt_20250620_c7,츄베릅jmt_20250620,@냠냠-u2f,목수술해서 당분간 못먹는데 ㅠㅜㅠㅜ 완전 대리만족 하고가여!,2025-06-21
츄베릅jmt_20250620_c8,츄베릅jmt_20250620,@푸하하-j4l,더 이뻐지신거 같아요!! 마라는 불호지만 대리만족 ㅋㅋ,2025-06-20
츄베릅jmt_20250620_c9,츄베릅jmt_20250620,@가빈44,저두주세요 먹고싶어요😋😋,2025-06-20
츄베릅jmt_20250620_c10,츄베릅jmt_20250620,@jaykyky,예전에 올렸던거 하고 똑같은데?🧐,2025-06-20
츄베릅jmt_20250620_c11,츄베릅jmt_20250620,@망별링-d3f,이분 먹는모습이 햄스터가 야채먹는것 같아요❤,2025-06-20
츄베릅jmt_20250620_c12,츄베릅jmt_20250620,@뽀잉-i2g,저번에 올리신 영상이랑 똑같은 영상이네욤ㅠ 자,2025-06-20
츄베릅jmt_20250620_c13,츄베릅jmt_20250620,@최우성-e6u,❤❤❤❤😊,2025-06-20
츄베릅jmt_20250620_c14,츄베릅jmt_20250620,@초윤-m7u,우와 ㅠㅠㅠ 마라샹ㅇ궈 ㅠ❤,2025-06-20
츄베릅jmt_20250620_c15,츄베릅jmt_20250620,@얼죽아-d2h,아 맛있겠다 대리만족❤,2025-06-20
츄베릅jmt_20250620_c16,츄베릅jmt_20250620,@user-bi5ze8dg7l,"우와 1빠다.. 언니가 백목이 먹는거 너무 맛잇게 드셔서 궁금했는대 덕분에 백목이 짱 맛이먹엇어요
 감사합니당❤❤",2025-06-20
츄베릅jmt_20250616_c1,츄베릅jmt_20250616,@syrhee-fk2yc,아뉘 솔직히 이분은 더 유명해질 자격 있음!!!❤ 인정??!,2025-06-20
츄베릅jmt_20250616_c2,츄베릅jmt_20250616,@하민백-m8g,두찜 실비한으곱찜닭도 먹어주용!!@😂,2025-06-19
츄베릅jmt_20250616_c3,츄베릅jmt_20250616,@eunkyungcho2758,Omg sis your making me hungry im like literally thinking your the best mukbang creator uoir so addicting,2025-06-18
츄베릅jmt_20250616_c4,츄베릅jmt_20250616,@가빈44,오늘두 대리먹방하네요😊😊,2025-06-16
츄베릅jmt_20250616_c5,츄베릅jmt_20250616,@나비B-k1j,첨에 “헤”ㅎ 할때 넘 기여운거 아니냐궁…❤ 오늘두 힐링하구 가영!,2025-06-16
츄베릅jmt_20250616_c6,츄베릅jmt_20250616,@user-kdy0413,마싯겟다ㅡㅜㅜ,2025-06-16
츄베릅jmt_20250616_c7,츄베릅jmt_20250616,@정재원-o2i,조심히 드세유ㅠㅠ 이가 가출할거 같아요..ㅋㅋ😊,2025-06-16
츄베릅jmt_20250616_c8,츄베릅jmt_20250616,@JUNGS1357,"이 안 나가게 조심하셔야 해요 ㅋㅋ
저는 이미 좀 나갔지만...",2025-06-16
츄베릅jmt_20250616_c9,츄베릅jmt_20250616,@최우성-e6u,❤❤❤😊,2025-06-16
츄베릅jmt_20250616_c10,츄베릅jmt_20250616,@빙빙앙느르,공사장인가옄ㅋㅋ,2025-06-16
츄베릅jmt_20250616_c11,츄베릅jmt_20250616,@bori1711,"쭈롱 쭈크박스 드셔보셨나요? 시킬까 고민중,,",2025-06-16
츄베릅jmt_20250616_c12,츄베릅jmt_20250616,@0soo43,이쁘시네요ㅎ 😊,2025-06-16
츄베릅jmt_20250616_c1,츄베릅jmt_20250616,@정재원-o2i,오 저두 먹어 보고시퍼요..!!,2025-06-16
츄베릅jmt_20250616_c2,츄베릅jmt_20250616,@최우성-e6u,❤❤❤❤❤,2025-06-16
츄베릅jmt_20250616_c3,츄베릅jmt_20250616,@bori1711,"전 시녕님으로 처음 콩볼이란걸 알게됐는데 먹어보지는 않았다는,,",2025-06-16
츄베릅jmt_20250616_c4,츄베릅jmt_20250616,@가빈44,과자가 색깔별로다양하네요🤭🤭,2025-06-16
츄베릅jmt_20250616_c5,츄베릅jmt_20250616,@shilpamt4939,OMG..THAT CRUNCH😍💥,2025-06-16
츄베릅jmt_20250616_c6,츄베릅jmt_20250616,@임수진-w3j,1빠!,2025-06-16
츄베릅jmt_20250614_c1,츄베릅jmt_20250614,@Flv-zc9qz,잘 보고 있습니다 자주 올려주세요!,2025-06-19
츄베릅jmt_20250614_c2,츄베릅jmt_20250614,@cksdyddl15,"너무 잘보고 있습니다!
혹시 카메라 정보 알수있을까요?",2025-06-19
츄베릅jmt_20250614_c3,츄베릅jmt_20250614,@wjdall,이렇게 어케 낋여요?? 전자레인지류??,2025-06-15
츄베릅jmt_20250614_c4,츄베릅jmt_20250614,@bori1711,아니 벌써 3분이 지났다고??!,2025-06-15
츄베릅jmt_20250614_c5,츄베릅jmt_20250614,@Coloratura13,치즈 꾸덕함 미쳤네요 🤤🤤,2025-06-14
츄베릅jmt_20250614_c6,츄베릅jmt_20250614,@구독이필요한블루골드,누나 하이,2025-06-14
츄베릅jmt_20250614_c7,츄베릅jmt_20250614,@윤보미팬다,먹는모습도이뻐요❤,2025-06-14
츄베릅jmt_20250614_c8,츄베릅jmt_20250614,@껨온SON153,츄베릅JMT님 먹는모습이 아주예쁘군요. 7월12일날에 무에타이 대회 나갑니다 응원 한번 부탁드립니다.,2025-06-14
츄베릅jmt_20250614_c9,츄베릅jmt_20250614,@half_moon1,긴영상 먹방 넘좋음ㅠㅜ 가로영상도 해줘영,2025-06-14
츄베릅jmt_20250614_c10,츄베릅jmt_20250614,@가빈44,늘쇼츠로 보다가 오랜만에 풀버전이네요 😊😊  오늘이쁜츄베릅님🩷🫰🫰,2025-06-14
츄베릅jmt_20250613_c1,츄베릅jmt_20250613,@Elu-v9y,❤️,2025-07-17
츄베릅jmt_20250613_c2,츄베릅jmt_20250613,@임서준-x7d,너무 귀여우신거 아닙니까...,2025-07-13
츄베릅jmt_20250613_c3,츄베릅jmt_20250613,@anjealmi,툼바 진짜 맛있던데 ㅠㅠ 부럽네용,2025-07-13
츄베릅jmt_20250613_c4,츄베릅jmt_20250613,@나비B-k1j,첨에 “헤”ㅎ 할때 넘 기여운거 아니냐궁…❤ 오늘두 힐링하구갑니다앙!,2025-06-16
츄베릅jmt_20250613_c5,츄베릅jmt_20250613,@7Yoonverse7,살이 어떻게 안찌는건가요,2025-06-15
츄베릅jmt_20250613_c6,츄베릅jmt_20250613,@빙빙앙느르,"자막도 재밌구,늘 잘 챙겨봐요🩵",2025-06-15
츄베릅jmt_20250613_c7,츄베릅jmt_20250613,@bori1711,예전영상 보는 재미가 얼만데요!! 넘 재미써,2025-06-13
츄베릅jmt_20250613_c8,츄베릅jmt_20250613,@둥이-d5c,요거지보다 더실감나게 맛나는말은찐이거지용 진짜요,2025-06-13
츄베릅jmt_20250613_c9,츄베릅jmt_20250613,@Yunbbi_CO,시험기간이어서 이제 못 오는 ㅠㅜ 끝나자마자 바로 다시 올게요 !!😢,2025-06-13
츄베릅jmt_20250613_c10,츄베릅jmt_20250613,@가빈44,난츄베릅님 이 제일좋아용🫶🏻🫰🥰 츄베릅님 오래오래 구독자로 남아있어드릴게요😊😉,2025-06-13
츄베릅jmt_20250613_c11,츄베릅jmt_20250613,@서호윤,이거디🤤,2025-06-13
츄베릅jmt_20250612_c1,츄베릅jmt_20250612,@AlaaAlrqeeb,我夜晚想點樣喺我屋企做😢😢❤❤,2025-07-22
츄베릅jmt_20250612_c2,츄베릅jmt_20250612,@jyk4742,"엄청 이뿌게 드셔서 좋네여
혹시 매일 매일 운동하시는건가요?",2025-07-20
츄베릅jmt_20250612_c3,츄베릅jmt_20250612,@misaluvr,What is the thing you ate at the starting called? It looks so good TT,2025-07-18
츄베릅jmt_20250612_c4,츄베릅jmt_20250612,@올리브-c2z,너무 안달까요?,2025-07-11
츄베릅jmt_20250612_c5,츄베릅jmt_20250612,@김윤경-c6y,파스퇴르 우유랑 먹어요,2025-06-30
츄베릅jmt_20250612_c6,츄베릅jmt_20250612,@gaeddok,ㅗㅜㅑ,2025-06-22
츄베릅jmt_20250612_c7,츄베릅jmt_20250612,@김서진-j4r5h,나는 지브리 먹방 해줬으면... 하트,2025-06-21
츄베릅jmt_20250612_c8,츄베릅jmt_20250612,@최우성-e6u,맛있겠다❤,2025-06-12
츄베릅jmt_20250612_c9,츄베릅jmt_20250612,@가빈44,츄베릅님 좀만있으면 10만 금방갈거같아용🤭😉,2025-06-12
츄베릅jmt_20250612_c10,츄베릅jmt_20250612,@Yunbbi_CO,성심당 털기도 해주세요 ! ><,2025-06-12
츄베릅jmt_20250612_c11,츄베릅jmt_20250612,@정재원-o2i,빵 옆에있으니까 얼굴 엄청 작아보여요..😊,2025-06-12
츄베릅jmt_20250612_c12,츄베릅jmt_20250612,@나비B-k1j,언니가 먹는 음식은 뭘 머거도 맛있어보여ㅕ🥹 오늘두 영상 아리가또 고자이마스❤,2025-06-12
츄베릅jmt_20250612_c13,츄베릅jmt_20250612,@kK-uy3km,맛있겠다 어디에서 구매하셨어요,2025-06-12
츄베릅jmt_20250612_c14,츄베릅jmt_20250612,@ye0_0ning,"이분 먹방이 젤 재밌음,,🤍",2025-06-12
츄베릅jmt_20250612_c15,츄베릅jmt_20250612,@라라TV-m6u,2분전!❤❤❤❤빵 너무 맛있겠네요❤❤❤,2025-06-12
츄베릅jmt_20250612_c16,츄베릅jmt_20250612,@bori1711,이번에 에이블리팝업때 디저트 잔뜩 털거에요!!!!,2025-06-12
츄베릅jmt_20250612_c1,츄베릅jmt_20250612,@علىكنو-ل6ي,❤️❤😂😂😂😂❤❤❤❤❤❤🎉🎉🎉🎉🎉😢😢😢😮😮😮😅😅😊😊😊😊😊😊😊😊,2025-07-22
츄베릅jmt_20250612_c2,츄베릅jmt_20250612,@임서준-x7d,몸 관리 하시는거 진짜 대단해용!! 영상 재밌게 보고 있어요^^,2025-07-13
츄베릅jmt_20250612_c3,츄베릅jmt_20250612,@TuyetNguyen-ye2or,"(\/) 
(..)
(>❤",2025-07-11
츄베릅jmt_20250612_c4,츄베릅jmt_20250612,@김뽀미0.0,"언니 매운거 잘듯
ㄴ당!❤❤❤❤❤",2025-06-24
츄베릅jmt_20250612_c5,츄베릅jmt_20250612,@gaeddok,이 사람 찐이다😊😊❤❤,2025-06-22
츄베릅jmt_20250612_c6,츄베릅jmt_20250612,@유진_0628,화장 안해도 존예,2025-06-20
츄베릅jmt_20250612_c7,츄베릅jmt_20250612,@공공벌레-s6g,언니 살 안쪄서 부럽다고 생각 했었는뎅 필라테스랑 운동 하신다니..역시 남들보다 노력 하시는 군요ㅠㅠ,2025-06-16
츄베릅jmt_20250612_c8,츄베릅jmt_20250612,@user-jz5my8go1g,이쁘심,2025-06-14
츄베릅jmt_20250612_c9,츄베릅jmt_20250612,@둥이-d5c,조합도 ❤ 숟갈각😅 먹방예쁘게뽀자,2025-06-13
츄베릅jmt_20250612_c10,츄베릅jmt_20250612,@최우성-e6u,❤❤❤❤,2025-06-12
츄베릅jmt_20250612_c11,츄베릅jmt_20250612,@가빈44,츄베릅님 은 진짜토끼와고 햄스터 합쳐놓은거같아용 🐰🐿,2025-06-12
츄베릅jmt_20250612_c12,츄베릅jmt_20250612,@Yunbbi_CO,완전 야무지게 드셔서 대리만족 댑악대박임😊,2025-06-12
츄베릅jmt_20250612_c13,츄베릅jmt_20250612,@kyeon3023,진짜 혓바닥 살인 조합이네,2025-06-12
츄베릅jmt_20250612_c14,츄베릅jmt_20250612,@정재원-o2i,얼굴이 점점 빨개져요ㅋㅋ❤,2025-06-12
츄베릅jmt_20250612_c15,츄베릅jmt_20250612,@주안킹,오늘도역시,2025-06-12
츄베릅jmt_20250612_c16,츄베릅jmt_20250612,@half_moon1,이때 졸귀탱😊,2025-06-12
츄베릅jmt_20250611_c1,츄베릅jmt_20250611,@GulerAtl,🥵🥵🥵🥵🥵🥵🥵🥵🥵,2025-07-24
츄베릅jmt_20250611_c2,츄베릅jmt_20250611,@АнлрАми,Do not 🚭,2025-07-23
츄베릅jmt_20250611_c3,츄베릅jmt_20250611,@LovelyBaby-t1j,"La Liga Comunidad
Los que te lo de Franchise
y Vegas los del Sol Colonia",2025-07-22
츄베릅jmt_20250611_c4,츄베릅jmt_20250611,@arikurdi-f8n,سڵاو,2025-07-21
츄베릅jmt_20250611_c5,츄베릅jmt_20250611,@arikurdi-f8n,❤️❤❤,2025-07-21
츄베릅jmt_20250611_c6,츄베릅jmt_20250611,@RawdaAhmed-c8u,😢❤😂🎉😮😅😊,2025-07-21
츄베릅jmt_20250611_c7,츄베릅jmt_20250611,@AntaMbow-w4x,It's funny❤❤❤😅😅😅😅,2025-07-08
츄베릅jmt_20250611_c8,츄베릅jmt_20250611,@MuhammedRazak-o8k,I'm watching this at 2:12 Am and craving to eat spicy 🥶👀😋,2025-07-07
츄베릅jmt_20250611_c9,츄베릅jmt_20250611,@SomaElzohry,>=<#>_<,2025-07-05
츄베릅jmt_20250611_c10,츄베릅jmt_20250611,@SomaElzohry,وةسترننيتت,2025-07-05
츄베릅jmt_20250611_c11,츄베릅jmt_20250611,@İlksen-f5o,Kapla canavarı çektirince biraz dikkat et herkesin karnı açık havuz videoları,2025-07-04
츄베릅jmt_20250611_c12,츄베릅jmt_20250611,@blu3drobloxshorts673,ToT I wanna eat,2025-07-02
츄베릅jmt_20250611_c13,츄베릅jmt_20250611,@alexandraalexandra4389,Kangsamida🎉,2025-07-02
츄베릅jmt_20250611_c14,츄베릅jmt_20250611,@Letzgoe2,화장한줄 알았어용,2025-06-24
츄베릅jmt_20250611_c15,츄베릅jmt_20250611,@김뽀미0.0,언니 왜이렇게 예뻐요?❤❤❤,2025-06-24
츄베릅jmt_20250611_c16,츄베릅jmt_20250611,@다미-Dami16,쌩얼맞아요…?,2025-06-23
츄베릅jmt_20250611_c17,츄베릅jmt_20250611,@user-nongnamo,j,2025-06-19
츄베릅jmt_20250611_c18,츄베릅jmt_20250611,@Coloratura13,생얼이 더 예뻐용!! 저도 긴영상 기다리고있습니다😍😍 소리가 깔끔해서 듣기좋아요,2025-06-12
츄베릅jmt_20250611_c19,츄베릅jmt_20250611,@유리와연애하는지원,맛있겠다유😍요즘댓글못써서죄송해용😵‍💫,2025-06-12
츄베릅jmt_20250611_c20,츄베릅jmt_20250611,@청주연합,님들 여친이 썡얼이라고 하면 진짜 썡얼인줄 알죠,2025-06-12
츄베릅jmt_20250611_c21,츄베릅jmt_20250611,@천보민-u6t,네. 생얼인것 같네요.,2025-06-12
츄베릅jmt_20250611_c22,츄베릅jmt_20250611,@구미원당초245a63-k,쌩얼두 넘 이뻐유 넘 맛있겠다 ㅜ ㅜ,2025-06-12
츄베릅jmt_20250611_c23,츄베릅jmt_20250611,@큐티뽀짝한_밍설,쌩얼이 더 이쁘신데?…,2025-06-11
츄베릅jmt_20250611_c24,츄베릅jmt_20250611,@sm28jdi77iuu,쌩얼이라고 믿는 사람이 진짜 있구나 ㅋㅋㅋㅋ,2025-06-11
츄베릅jmt_20250611_c25,츄베릅jmt_20250611,@조휴일과,영상 길게좀 올려주세요ㅜ 맨날 보다가 끊기고 끊기고 맛있게 먹다가 체한 기분이에요,2025-06-11
츄베릅jmt_20250611_c26,츄베릅jmt_20250611,@대호김-g4m,남친있어요?!,2025-06-11
츄베릅jmt_20250611_c27,츄베릅jmt_20250611,@의대간다2004년생,불닭꾸덕한거봐라 😮,2025-06-11
츄베릅jmt_20250611_c28,츄베릅jmt_20250611,@식물-n4c,진심 개귀엽노,2025-06-11
츄베릅jmt_20250611_c29,츄베릅jmt_20250611,@이재진-e4v,쌩얼..? 구독하고 열심히 본 보람이 있었어ㅠㅠ😭😭,2025-06-11
츄베릅jmt_20250611_c30,츄베릅jmt_20250611,@얼죽아-d2h,"쌩얼도 이렇게 귀엽다니,,,",2025-06-11
츄베릅jmt_20250611_c31,츄베릅jmt_20250611,@정재원-o2i,와...진짜 슈프림치킼 엄청 멍고깃퍼요....,2025-06-11
츄베릅jmt_20250611_c32,츄베릅jmt_20250611,@박지니-r3l,누가 쌩얼에 렌즈를껴욬ㅋㅋㅋㅋㅋㅋ,2025-06-11
츄베릅jmt_20250611_c33,츄베릅jmt_20250611,@도토로-x4z,언니 눈화장 약하게 하니까 순둥순둥 귀여워 진짜,2025-06-11
츄베릅jmt_20250611_c34,츄베릅jmt_20250611,@가빈44,쌩얼두 이렇게귀여우시다니😊😊🥰🙈,2025-06-11
츄베릅jmt_20250611_c35,츄베릅jmt_20250611,@bori1711,카와이❤,2025-06-11
츄베릅jmt_20250611_c36,츄베릅jmt_20250611,@최우성-e6u,❤❤❤❤❤,2025-06-11
츄베릅jmt_20250611_c37,츄베릅jmt_20250611,@JUNGS1357,"쌩얼 완전 청순하고 귀여워요❤
(그 와중에 쌍커풀 진하시네요🎉)",2025-06-11
츄베릅jmt_20250611_c38,츄베릅jmt_20250611,@주안킹,진짜 너무 귀여우십니다,2025-06-11
츄베릅jmt_20250611_c39,츄베릅jmt_20250611,@Yunbbi_CO,쌩얼 완전 귀야워요🥰,2025-06-11
츄베릅jmt_20250611_c40,츄베릅jmt_20250611,@나비B-k1j,하 제발 온니 밤에 영상 올리지마아아아ㅏ ㅇ 배고파아아아ㅏㅏ 대리만죡😊,2025-06-11
츄베릅jmt_20250611_c41,츄베릅jmt_20250611,@냠냠켓,"헐 쌩얼이 더 이쁘신데요 ,, 🌸 
소리가 너무 좋아서 항상 챙겨보고 있어요 !!
영상 폭업 감사합니다❤️‍🔥🫶🏻",2025-06-11
츄베릅jmt_20250611_c1,츄베릅jmt_20250611,@AlaaAlrqeeb,好吃,2025-07-22
츄베릅jmt_20250611_c2,츄베릅jmt_20250611,@깅감귤,실제로 따라 해봤는데 완전 취저😍 맛있게 잘 먹었습니당!ㅎㅎ,2025-06-25
츄베릅jmt_20250611_c3,츄베릅jmt_20250611,@김뽀미0.0,새로운 도ㅓㅈㄴ이네용❤❤!,2025-06-24
츄베릅jmt_20250611_c4,츄베릅jmt_20250611,@알람꺼놓음,아니 왜 자꾸 아랫니를 보여주는거야,2025-06-14
츄베릅jmt_20250611_c5,츄베릅jmt_20250611,@유리와연애하는지원,목소리너무 좋잔아요😵‍💫,2025-06-12
츄베릅jmt_20250611_c6,츄베릅jmt_20250611,@맛집뜰이,저도 먹어볼래요 리얼궁금😵‍💫,2025-06-12
츄베릅jmt_20250611_c7,츄베릅jmt_20250611,@구미원당초245a63-k,넘 마시겠다유 ㅠ ㅠ,2025-06-12
츄베릅jmt_20250611_c8,츄베릅jmt_20250611,@푸하하-j4l,으... 이번 리뷰는 혈관이 걱정되는데요 ㅋㅋㅋ,2025-06-11
츄베릅jmt_20250611_c9,츄베릅jmt_20250611,@하하하-k7f3j,요상한데 궁금해서 시도해보고싶음ㅋㅋㅋ,2025-06-11
츄베릅jmt_20250611_c10,츄베릅jmt_20250611,@수풀림-e5f,삶은계란에 설탕+소금+간장 츄쳔~,2025-06-11
츄베릅jmt_20250611_c11,츄베릅jmt_20250611,@시샤쇼샤,떡상 가저ㅓ🎉❤,2025-06-11
츄베릅jmt_20250611_c12,츄베릅jmt_20250611,@Rsurju72,오늘도 구독자 한명 상승 축하드려요 ❤❤,2025-06-11
츄베릅jmt_20250611_c13,츄베릅jmt_20250611,@두아이맘-v4w,뭔가 괴식 같은것 같은데 맜있을것 같다,2025-06-11
츄베릅jmt_20250611_c14,츄베릅jmt_20250611,@bori1711,전 소시지에 설탕뿌리구 구워서 먹어용 카라멜라이징 제대로 되고 단짠하니 맛있어요🥰 그리구 김치전에 설탕 드음뿍 찍어먹으면 맛있어욤,2025-06-11
츄베릅jmt_20250611_c15,츄베릅jmt_20250611,@JUNGS1357,쿠크다스에 김 조합도 해주세요 음❤,2025-06-11
츄베릅jmt_20250611_c16,츄베릅jmt_20250611,@Yunbbi_CO,스팸 탕후루 먹는 건 본 적 있는데 메이플 시럽은 완전 새롭 ㅋㅎ🥰,2025-06-11
츄베릅jmt_20250611_c17,츄베릅jmt_20250611,@dkkfooo9466,진짜 밥도둑이겠는데..?,2025-06-11
츄베릅jmt_20250611_c18,츄베릅jmt_20250611,@최우성-e6u,❤❤❤❤,2025-06-11
츄베릅jmt_20250611_c19,츄베릅jmt_20250611,@BCU-pw8nt,"오, 왠지 모르게 메이플시럽에 찍어먹는것도 나름 괜찮을것같네요.",2025-06-11
츄베릅jmt_20250611_c20,츄베릅jmt_20250611,@주안킹,사랑합니다ㅠ,2025-06-11
츄베릅jmt_20250611_c21,츄베릅jmt_20250611,@나비B-k1j,오메 윤기 미쳐부렀네 ㅋㅋ 완전 고오급 레스토랑에서 팔거같은 비주얼 ㅋㅋ,2025-06-11
츄베릅jmt_20250611_c22,츄베릅jmt_20250611,@half_moon1,왜 이런것만 드시는거예욬ㅋㅋㅋ,2025-06-11
츄베릅jmt_20250611_c23,츄베릅jmt_20250611,@가빈44,스팸에 메이플시럽이라니 왠지 보기만하면 달기만할것같은데 신기하네용🤗😊,2025-06-11
츄베릅jmt_20250611_c24,츄베릅jmt_20250611,@rinrinrinjang,¹빠...고정좀...,2025-06-11
츄베릅jmt_20250610_c1,츄베릅jmt_20250610,@hodolyoo,아이즈원 시절 최예나 닮으셨네용,2025-07-29
츄베릅jmt_20250610_c2,츄베릅jmt_20250610,@정미란-g2b,다람쥐같은데 잘 메어서 놀람❤❤,2025-07-25
츄베릅jmt_20250610_c3,츄베릅jmt_20250610,@덤벼-q2q,진심 나 여자인데 이분 너무 귀엽게 생기심,2025-07-16
츄베릅jmt_20250610_c4,츄베릅jmt_20250610,@ejcskske2351,다람쥐같아요❤,2025-07-14
츄베릅jmt_20250610_c5,츄베릅jmt_20250610,@김경화-p5t4t,진짜너무 졸귀❤❤❤❤❤❤❤❤😊,2025-07-14
츄베릅jmt_20250610_c6,츄베릅jmt_20250610,@김뽀미0.0,맜있겠당❤,2025-06-24
츄베릅jmt_20250610_c7,츄베릅jmt_20250610,@라링-f5b,큼지막하고 맛있게먹어줘서 넘 고마버요!~❤❤❤,2025-06-19
츄베릅jmt_20250610_c8,츄베릅jmt_20250610,@유리와연애하는지원,진짜귀여우세용👑,2025-06-12
츄베릅jmt_20250610_c9,츄베릅jmt_20250610,@도토로-x4z,소떡 먹을 때 가루 다 묻히는 거 졸귀다 진짜ㅜㅠ,2025-06-10
츄베릅jmt_20250610_c10,츄베릅jmt_20250610,@Yunbbi_CO,베릅님 특유의 바삭 오물오물 꿀꺽 ? 소리 넘 조음🥰,2025-06-10
츄베릅jmt_20250610_c11,츄베릅jmt_20250610,@hehesong7665,운동량 두배라는 말이 이렇게 슬픈말이었나..?,2025-06-10
츄베릅jmt_20250610_c12,츄베릅jmt_20250610,@지민-s4h9r,6빠❤❤,2025-06-10
츄베릅jmt_20250610_c13,츄베릅jmt_20250610,@에라이-e9z,진쫘 복스럽게 먹으신다 ❤,2025-06-10
츄베릅jmt_20250610_c14,츄베릅jmt_20250610,@최우성-e6u,3빠❤❤❤,2025-06-10
츄베릅jmt_20250610_c15,츄베릅jmt_20250610,@parksunho01,으아ㅏㅏㅏ 배고파진다….. 야심한 밤에 올라오다니🥹🥹,2025-06-10
츄베릅jmt_20250610_c16,츄베릅jmt_20250610,@bori1711,전 오늘 슈프림 골드 먹었는데 약간 뿌링클 맛도 나더라구용!! 물귀신마냥 물마신 사람 또있어유,2025-06-10
츄베릅jmt_20250610_c17,츄베릅jmt_20250610,@가빈44,원래뿌링클 안좋아했는데 츄베릅님 보구 뿌링클이좋아질거같아용😸,2025-06-10
츄베릅jmt_20250609_c1,츄베릅jmt_20250609,@나연-myname,너무 예쁘시고 귀여우시고 야무지게 먹으셔서 구독 했습니다!!❤,2025-07-29
츄베릅jmt_20250609_c2,츄베릅jmt_20250609,@허곰777,먹는것보다 얼굴보러오는거같음..,2025-07-23
츄베릅jmt_20250609_c3,츄베릅jmt_20250609,@SkHasan-n7w,🤤😋😋😋😋😋,2025-07-14
츄베릅jmt_20250609_c4,츄베릅jmt_20250609,@김서진-j4r5h,솔찍히 다들 몰래 뿌링클 시키지 우리 엄마는 안됀대ㅜㅜ,2025-06-21
츄베릅jmt_20250609_c5,츄베릅jmt_20250609,@유리와연애하는지원,저도 뿌링클조아한다구요🕶,2025-06-12
츄베릅jmt_20250609_c6,츄베릅jmt_20250609,@정재원-o2i,맛있어 보여요...🤤,2025-06-11
츄베릅jmt_20250609_c7,츄베릅jmt_20250609,@정재원-o2i,먼가 치로스? 저게 제일루다가 먹구시퍼요..😢,2025-06-11
츄베릅jmt_20250609_c8,츄베릅jmt_20250609,@가빈44,제것두 남겨주세용🥰🤭,2025-06-11
츄베릅jmt_20250609_c9,츄베릅jmt_20250609,@식물-n4c,먹는거에비해 살 안찌는거 부럽다..,2025-06-10
츄베릅jmt_20250609_c10,츄베릅jmt_20250609,@댕청미넘치는메타몽,배우신 분🤙🏻😎,2025-06-10
츄베릅jmt_20250609_c11,츄베릅jmt_20250609,@소유-u3i,ㄴㅓ무 귀엽다,2025-06-09
츄베릅jmt_20250609_c12,츄베릅jmt_20250609,@정재원-o2i,저도 핫도그 먹어보고 시퍼요..ㅠ,2025-06-09
츄베릅jmt_20250609_c13,츄베릅jmt_20250609,@도토로-x4z,언니 긴 영상으로 여행이나 먹방 아니더라도 소소하게 일상 소개하는 브이로그 찍어주면 안대?,2025-06-09
츄베릅jmt_20250609_c14,츄베릅jmt_20250609,@공공벌레-s6g,언니 진짜 축복 받으셔따..어쩜 가루를 저리 많이..어쩜 저런 달란트를..?,2025-06-09
츄베릅jmt_20250609_c15,츄베릅jmt_20250609,@정연미-e2h,치킨말고 사이드만시킬수있나?,2025-06-09
츄베릅jmt_20250609_c16,츄베릅jmt_20250609,@주안킹,사랑해요,2025-06-09
츄베릅jmt_20250609_c17,츄베릅jmt_20250609,@JJeong_jsy,와 나도 뿌링클 사이드 저렇게 모아놓고 먹어보고 싶다,2025-06-09
츄베릅jmt_20250609_c18,츄베릅jmt_20250609,@vruseaii,오따~ 여기 설마 저번에 츄베릅님이 말한 ㄹㅈㄷ bhc인가요?? 사이드인데도 가루양이 미쳤네요,2025-06-09
츄베릅jmt_20250609_c19,츄베릅jmt_20250609,@bori1711,여기 지점 가루 혜자다..,2025-06-09
츄베릅jmt_20250609_c20,츄베릅jmt_20250609,@두아이맘-v4w,"안녕하세요
























맜있겠다",2025-06-09
츄베릅jmt_20250609_c21,츄베릅jmt_20250609,@최우성-e6u,❤❤❤❤,2025-06-09
츄베릅jmt_20250609_c22,츄베릅jmt_20250609,@식물-n4c,3분전!,2025-06-09
츄베릅jmt_20250609_c23,츄베릅jmt_20250609,@Yunbbi_CO,왘 !! 뿌링 사이드 먹방이라니🥺 나중에 맘터 사이드도 해주세여 !,2025-06-09
츄베릅jmt_20250609_c1,츄베릅jmt_20250609,@망고네124,어디서 삿어요.!!!,2025-07-30
츄베릅jmt_20250609_c2,츄베릅jmt_20250609,@chakryachheng9993,😢🎉❤,2025-07-28
츄베릅jmt_20250609_c3,츄베릅jmt_20250609,@ExlasKanhan,Love you 😘❤,2025-07-27
츄베릅jmt_20250609_c4,츄베릅jmt_20250609,@송일용-n9n,뿌링 감튀랑 치즈스틱,2025-07-20
츄베릅jmt_20250609_c5,츄베릅jmt_20250609,@이윤주-k3v,뿌링뿌링 감자(튀김) 이요!!,2025-07-19
츄베릅jmt_20250609_c6,츄베릅jmt_20250609,@str2wberry-f5w,뿌링핫도그!,2025-07-19
츄베릅jmt_20250609_c7,츄베릅jmt_20250609,@멋쟁이이시현,전치킨이용😊,2025-07-14
츄베릅jmt_20250609_c8,츄베릅jmt_20250609,@waseemahassan6348,❤❤❤❤❤❤❤❤,2025-07-13
츄베릅jmt_20250609_c9,츄베릅jmt_20250609,@멋쟁이이시현,누나너무예뻥😊,2025-07-10
츄베릅jmt_20250609_c10,츄베릅jmt_20250609,@사랑-t3s5t,"뿌링 치즈볼,로제 떡볶이,뿌링 소떡소떡,뿌링 핫도그
걍 다 좋아해여 뿌링클 은 완전 사랑임❤❤",2025-07-02
츄베릅jmt_20250609_c11,츄베릅jmt_20250609,@성이름-h2q7p,그래서 최애 사이드가 뭐냐구요,2025-06-24
츄베릅jmt_20250609_c12,츄베릅jmt_20250609,@둥이-d5c,뇹뇹😢 침이고여 어거지,2025-06-14
츄베릅jmt_20250609_c13,츄베릅jmt_20250609,@개꼴딱,뿌링클스틱이랑 불닭까르보랑 먹으면 맛있다고 들었어요😅,2025-06-13
츄베릅jmt_20250609_c14,츄베릅jmt_20250609,@유리와연애하는지원,저도 주세요🥺,2025-06-12
츄베릅jmt_20250609_c15,츄베릅jmt_20250609,@belindasmith181,"You eat so nicely, but it’s not necessary to stare at yourself throughout the entire video…",2025-06-10
츄베릅jmt_20250609_c16,츄베릅jmt_20250609,@소심한로블계소시지,뿌링 치즈볼이 최애입니당!,2025-06-10
츄베릅jmt_20250609_c17,츄베릅jmt_20250609,@jiwon-329,구독 눌러영❤❤,2025-06-10
츄베릅jmt_20250609_c18,츄베릅jmt_20250609,@t6t.,اريد اجربه,2025-06-10
츄베릅jmt_20250609_c19,츄베릅jmt_20250609,@Yunbbi_CO,헐ㄹ 치로스 진짜 맛있는뎁 ㅠㅜ 베릅님 먹방 보면서 대리만족할게요🥲,2025-06-09
츄베릅jmt_20250609_c20,츄베릅jmt_20250609,@hehesong7665,뿌링핫도그나 뿌링콜팝..근데 새벽인데 배고프다..엉엉 살찌는뎁..,2025-06-09
츄베릅jmt_20250609_c21,츄베릅jmt_20250609,@nyonyam78,ㅠㅠ배고프다..,2025-06-09
츄베릅jmt_20250609_c22,츄베릅jmt_20250609,@vivimcalcookxu,"최애 사이드메뉴는
아무 야식이나 시켜가지고
먹으면서 보는 츄베릅 형님 쇼츠가
최애 사이드 메뉴입니다ㅎㅎㅎㅎㅎ",2025-06-09
츄베릅jmt_20250609_c23,츄베릅jmt_20250609,@정재원-o2i,요즘은 틱톡 라이브 안하나요..? 😢,2025-06-09
츄베릅jmt_20250609_c24,츄베릅jmt_20250609,@bori1711,뿌링치즈볼 원탑!!!!,2025-06-09
츄베릅jmt_20250609_c25,츄베릅jmt_20250609,@boxknxg,진짜 뿌링클 넘버원 … 치즈볼 무조건 같이 ㅠㅠㅠㅠ,2025-06-09
츄베릅jmt_20250609_c26,츄베릅jmt_20250609,@ANYEO-u8f,치즈 쭉쭉늘어나는것좀봐 ㅠㅠ🧀🧀🧀,2025-06-09
츄베릅jmt_20250609_c27,츄베릅jmt_20250609,@최우성-e6u,츄베릅님 먹방 볼때마다 맛있어보여요 ㅎ❤❤❤,2025-06-09
츄베릅jmt_20250609_c28,츄베릅jmt_20250609,@나비B-k1j,하.. 소리 미춋따 언니 밤에 이럴꺼야 진쫘?,2025-06-09
츄베릅jmt_20250609_c29,츄베릅jmt_20250609,@half_moon1,bhc 치즈볼이 가장 고트쥬,2025-06-09
츄베릅jmt_20250609_c30,츄베릅jmt_20250609,@가빈44,내최애메뉴당🐃🐱🐱,2025-06-09
츄베릅jmt_20250608_c1,츄베릅jmt_20250608,@LotoliChishi,❤️,2025-07-22
츄베릅jmt_20250608_c2,츄베릅jmt_20250608,@유리와연애하는지원,"진짜 귀여운 강아디상•••
혹시 굽네먹어주실수있을까용😋",2025-06-12
츄베릅jmt_20250608_c3,츄베릅jmt_20250608,@최우성-e6u,❤❤❤❤,2025-06-09
츄베릅jmt_20250608_c4,츄베릅jmt_20250608,@jaykyky,소림마라 마라샹궈 먹어주기 기원 6일차,2025-06-09
츄베릅jmt_20250608_c5,츄베릅jmt_20250608,@Yunbbi_CO,바삭파삭 소리 귀호강 ..><,2025-06-08
츄베릅jmt_20250608_c6,츄베릅jmt_20250608,@LeeSeHa.,ㅁㅊ 예쁘다,2025-06-08
츄베릅jmt_20250608_c7,츄베릅jmt_20250608,@도토로-x4z,아 진짜ㅜㅠ 언니 걍 사랑해,2025-06-08
츄베릅jmt_20250608_c8,츄베릅jmt_20250608,@안유진사랑하는안유댕,1빠!!!❤❤,2025-06-08
츄베릅jmt_20250608_c9,츄베릅jmt_20250608,@가빈44,😊😊😝,2025-06-08
츄베릅jmt_20250608_c1,츄베릅jmt_20250608,@AilinSamadi,Delicious 🤤,2025-07-29
츄베릅jmt_20250608_c2,츄베릅jmt_20250608,@둥이-d5c,마늘빵고소회 씹는소리 쾌감쩔어❤,2025-06-14
츄베릅jmt_20250608_c3,츄베릅jmt_20250608,@유리와연애하는지원,진짜 너무 맛있겠다요•••,2025-06-12
츄베릅jmt_20250608_c4,츄베릅jmt_20250608,@최우성-e6u,❤❤❤❤,2025-06-09
츄베릅jmt_20250608_c5,츄베릅jmt_20250608,@Yunbbi_CO,왕 단짠충베릅 asmr !! 짱조아요,2025-06-08
츄베릅jmt_20250608_c6,츄베릅jmt_20250608,@얼죽아-d2h,오왕 대박....항상 잘보고있어용ㅎㅎ,2025-06-08
츄베릅jmt_20250608_c7,츄베릅jmt_20250608,@ive_ELEVEN-j5f,2분전❤❤❤,2025-06-08
츄베릅jmt_20250608_c8,츄베릅jmt_20250608,@가빈44,츄르르😋😋😋,2025-06-08
츄베릅jmt_20250608_c9,츄베릅jmt_20250608,@half_moon1,부계정은 머라치면 나와요?,2025-06-08
츄베릅jmt_20250608_c1,츄베릅jmt_20250608,@AlaaAlrqeeb,カザクティ?,2025-07-22
츄베릅jmt_20250608_c2,츄베릅jmt_20250608,@유리와연애하는지원,저도 주세요😛,2025-06-12
츄베릅jmt_20250608_c3,츄베릅jmt_20250608,@Eletronicskyrike,너무 맛나보임❤❤❤❤,2025-06-09
츄베릅jmt_20250608_c4,츄베릅jmt_20250608,@최우성-e6u,❤❤❤❤❤,2025-06-08
츄베릅jmt_20250608_c5,츄베릅jmt_20250608,@푸하하-j4l,오 츄베릅 누나 천잰데 ㅋㅋㅋㅋ,2025-06-08
츄베릅jmt_20250608_c6,츄베릅jmt_20250608,@jaykyky,소림마라 마라샹궈 먹어주기 기원 5일차,2025-06-08
츄베릅jmt_20250608_c7,츄베릅jmt_20250608,@도토로-x4z,미쳤다 어케 사람이 저렇게 귀엽지,2025-06-08
츄베릅jmt_20250608_c8,츄베릅jmt_20250608,@정재원-q1h,맛나 보여요..저도 한입만 주셔요..ㅠ,2025-06-08
츄베릅jmt_20250608_c9,츄베릅jmt_20250608,@나비B-k1j,천재 강아디…❤,2025-06-08
츄베릅jmt_20250608_c10,츄베릅jmt_20250608,@half_moon1,요즘 육회가 유행인가요?,2025-06-08
츄베릅jmt_20250608_c11,츄베릅jmt_20250608,@주안킹,사랑해요,2025-06-08
츄베릅jmt_20250608_c12,츄베릅jmt_20250608,@탄탄대로공인중개사,맛잇나요?,2025-06-08
츄베릅jmt_20250608_c13,츄베릅jmt_20250608,@bori1711,창의적인 베릅언니!!,2025-06-08
츄베릅jmt_20250608_c14,츄베릅jmt_20250608,@가빈44,육회와고 바게트 상상이안가네요🤔😅,2025-06-08
츄베릅jmt_20250608_c15,츄베릅jmt_20250608,@안유진사랑하는안유댕,아싸...2빠!!!!!❤❤❤고정가능한가요오??😊,2025-06-08
츄베릅jmt_20250608_c16,츄베릅jmt_20250608,@Yunbbi_CO,소리 항상 최고쵝오임🥰,2025-06-08
츄베릅jmt_20250607_c1,츄베릅jmt_20250607,@AlaaAlrqeeb,うまい、どうやって買うの??そうであればいいのですが,2025-07-22
츄베릅jmt_20250607_c2,츄베릅jmt_20250607,@꾸엱,아...닭발들 보면 다 모양이 법규 같음...묘하게 킹받네,2025-06-24
츄베릅jmt_20250607_c3,츄베릅jmt_20250607,@김뽀미0.0,"언니는 매운거 잘먹는데 이건 얼마니 매울까 
참고로 저는 헥맵찔이에요까
르보붉닥도 쏘스 조금 넣어도 매움❤❤ 예뻐용!",2025-06-24
츄베릅jmt_20250607_c4,츄베릅jmt_20250607,@정승현-e5b,"너무예뻐요 ❤❤❤❤❤❤❤❤ 
좋아요 누르고 있어욥 ❤❤❤ 
화이팅 해요 또
영상에 댓글 달려 올게욥",2025-06-19
츄베릅jmt_20250607_c5,츄베릅jmt_20250607,@둥이-d5c,먹는입보다 눈이 뭔가의 표현을 넘사벽,2025-06-13
츄베릅jmt_20250607_c6,츄베릅jmt_20250607,@BCU-pw8nt,음..계속보니 중독되는것같고 먹는모습이 귀여워지네요.ㅎ,2025-06-08
츄베릅jmt_20250607_c7,츄베릅jmt_20250607,@Cuio.p,마라상궈 먹방해줘여😂,2025-06-08
츄베릅jmt_20250607_c8,츄베릅jmt_20250607,@ANYEO-u8f,먹는모습이 이렇게 귀여울수가ㅠㅠㅠㅠ,2025-06-08
츄베릅jmt_20250607_c9,츄베릅jmt_20250607,@유리와연애하는지원,진짜맛있겠다요✌🏻저도 먹고시프용😝,2025-06-07
츄베릅jmt_20250607_c10,츄베릅jmt_20250607,@의대간다2004년생,흐아아ㅏ,2025-06-07
츄베릅jmt_20250607_c11,츄베릅jmt_20250607,@jaykyky,소림마라 마라샹궈 먹어주기 기원 4일차,2025-06-07
츄베릅jmt_20250607_c12,츄베릅jmt_20250607,@정재원-q1h,저 닭발 징그러워서 못먹는데 츄베릅님이 먹으니까..침고여요..,2025-06-07
츄베릅jmt_20250607_c13,츄베릅jmt_20250607,@가빈44,츄베릅님 영상보구 저두닭발에 입문해봐야겠어용🤭🤭,2025-06-07
츄베릅jmt_20250607_c14,츄베릅jmt_20250607,@최우성-e6u,뼈 먹을때 귀여워요❤❤❤❤,2025-06-07
츄베릅jmt_20250607_c15,츄베릅jmt_20250607,@woz9639,귀여우시다❤,2025-06-07
츄베릅jmt_20250607_c16,츄베릅jmt_20250607,@열공혀,매워서 콧물고인게 넘 귀여워욬ㅋㅋㅋㅋㅋㅋ,2025-06-07
츄베릅jmt_20250607_c17,츄베릅jmt_20250607,@나비B-k1j,지금 당장 배달앱 키게 만드는 매직…❤,2025-06-07
츄베릅jmt_20250607_c18,츄베릅jmt_20250607,@Yunbbi_CO,레몬닭발 먹을 땐 :< 이 표정이셨는데 국물닭발 먹을 땐 :> 네요 !,2025-06-07
츄베릅jmt_20250607_c19,츄베릅jmt_20250607,@도토로-x4z,아니 다이어트 중인데 하... 언니 잠깐 나랑 얘기좀해❤,2025-06-07
츄베릅jmt_20250607_c20,츄베릅jmt_20250607,@정수미남짱-e6h,🫰🫰🫰🫰🫰🫰,2025-06-07
츄베릅jmt_20250607_c21,츄베릅jmt_20250607,@댕청미넘치는메타몽,아 그래~~~ 이게 진짜 닭발이지🤙🏻😎,2025-06-07
츄베릅jmt_20250606_c1,츄베릅jmt_20250606,@CristinaMialich,❤️ gram gusto 😅😅,2025-07-24
츄베릅jmt_20250606_c2,츄베릅jmt_20250606,@AlaaAlrqeeb,神がお望みなら、もし書いたのがあなたなら、私は文字通り死ぬでしょう,2025-07-22
츄베릅jmt_20250606_c3,츄베릅jmt_20250606,@나야_입흐밍,진짜 이분 넘 맛나게 드심ㅠㅠ먹방도 자주보게 구독 눌럿어여ㅓ,2025-06-07
츄베릅jmt_20250606_c4,츄베릅jmt_20250606,@BCU-pw8nt,맛있겠네요.👍 앞으로 더 성장해서 더 인기많아지길 응원할게요.,2025-06-07
츄베릅jmt_20250606_c5,츄베릅jmt_20250606,@멀멀-b4j,와,2025-06-07
츄베릅jmt_20250606_c6,츄베릅jmt_20250606,@박준영-d2s9p,소리 좋아요,2025-06-07
츄베릅jmt_20250606_c7,츄베릅jmt_20250606,@곽민석-n6k,❤❤❤❤❤🎉❤❤,2025-06-06
츄베릅jmt_20250606_c8,츄베릅jmt_20250606,@Hossam752,🤍🙌🙏🏻🙏🏻🙏🏻,2025-06-06
츄베릅jmt_20250606_c9,츄베릅jmt_20250606,@유리와연애하는지원,맛있겠네유😝,2025-06-06
츄베릅jmt_20250606_c10,츄베릅jmt_20250606,@Keonhee-y7t,❤❤❤❤❤❤❤❤❤ 메뉴 좋아요,2025-06-06
츄베릅jmt_20250606_c11,츄베릅jmt_20250606,@Yunbbi_CO,봤던거 같은데 ..? 아닌ㄱㅏ,2025-06-06
츄베릅jmt_20250606_c12,츄베릅jmt_20250606,@가빈44,족발은 안좋아하지만  마왕족발은먹어보구싶네용ㅎ,2025-06-06
츄베릅jmt_20250606_c13,츄베릅jmt_20250606,@주안킹,진짜 너무 귀여우십니다ㅠㅠㅠ사랑해요,2025-06-06
츄베릅jmt_20250606_c14,츄베릅jmt_20250606,@최우성-e6u,❤❤❤❤❤,2025-06-06
츄베릅jmt_20250606_c15,츄베릅jmt_20250606,@임수진-w3j,1빠,2025-06-06
츄베릅jmt_20250605_c1,츄베릅jmt_20250605,@DrusilliRamthianghlimi,ㄢㄣㄍㄊㄕㄉㄩ,2025-07-23
츄베릅jmt_20250605_c2,츄베릅jmt_20250605,@DrusilliRamthianghlimi,ㄗㄧㄎㄧㄅㄘㄝㄩㄖㄐㄉㄛ,2025-07-23
츄베릅jmt_20250605_c3,츄베릅jmt_20250605,@AlaaAlrqeeb,初めて家の黄身を見せる人を見たとき、率直に言って、私はあなたのチャンネルがとても好きでした、私と一緒に立っている人は、ゼロの数字を見ています؟؟؟؟؟؟؟؟؟؟؟؟,2025-07-22
츄베릅jmt_20250605_c4,츄베릅jmt_20250605,@두팔-q1e4w,돼지갈비인줄알고놀랬어욬ㅋ,2025-07-06
츄베릅jmt_20250605_c5,츄베릅jmt_20250605,@둥이-d5c,진짜 에그❤맛 쿠찡하지용😮,2025-06-13
츄베릅jmt_20250605_c6,츄베릅jmt_20250605,@Keonhee-y7t,❤❤❤❤❤❤❤,2025-06-06
츄베릅jmt_20250605_c7,츄베릅jmt_20250605,@버터링-o4g,두손으로 잡고 뜯어먹는거 귀엽당 ㅎㅎ,2025-06-05
츄베릅jmt_20250605_c8,츄베릅jmt_20250605,@Minjiispuppyking,오랜만에 왔다멍! 미안하다멍 ㅠㅡㅠ 여전히 강아지같다멍!,2025-06-05
츄베릅jmt_20250605_c9,츄베릅jmt_20250605,@가빈44,츄베릅님 넘맛있게드시니까 저두갑자기 배고프잖아요ㅠㅠ,2025-06-05
츄베릅jmt_20250605_c10,츄베릅jmt_20250605,@유리와연애하는지원,반숙맛있겠다요😍,2025-06-05
츄베릅jmt_20250605_c11,츄베릅jmt_20250605,@춘식이의고구마,애기가 요리해서 먹는거같다 .. ㄱㅇㅇ,2025-06-05
츄베릅jmt_20250605_c12,츄베릅jmt_20250605,@정재원-q1h,넘 귀엽네요ㅋㅋ,2025-06-05
츄베릅jmt_20250605_c13,츄베릅jmt_20250605,@최우성-e6u,❤❤❤❤❤❤,2025-06-05
츄베릅jmt_20250605_c14,츄베릅jmt_20250605,@bori1711,반숙란 취저취저❤,2025-06-05
츄베릅jmt_20250605_c15,츄베릅jmt_20250605,@푸하하-j4l,츄베릅 누나 못하는게 뭐야 ㅋㅋㅋ,2025-06-05
츄베릅jmt_20250605_c16,츄베릅jmt_20250605,@그래그래-d2i,계란 익힘 너무 좋은데요?!,2025-06-05
츄베릅jmt_20250605_c17,츄베릅jmt_20250605,@Yunbbi_CO,무슨 밥이에요 ? 밥 색깔이 왤케 맛있어보이징,2025-06-05
츄베릅jmt_20250605_c18,츄베릅jmt_20250605,@oriman33,오늘도 뺐어먹고싶네요...,2025-06-05
츄베릅jmt_20250605_c19,츄베릅jmt_20250605,@초영입니다,"맛있겠다!!ㅠㅠ
츄베릅님 넘 예뻐요❤❤",2025-06-05
츄베릅jmt_20250605_c20,츄베릅jmt_20250605,@jaykyky,너무 맛있게 드신다❤,2025-06-05
츄베릅jmt_20250605_c21,츄베릅jmt_20250605,@라라TV-m6u,4분전!❤❤❤❤,2025-06-05
츄베릅jmt_20250605_c22,츄베릅jmt_20250605,@나비B-k1j,요리두 잘하구 얼굴도 이뿌고 기엽고… 못하는게 뭐야…❤,2025-06-05
츄베릅jmt_20250604_c1,츄베릅jmt_20250604,@DrusilliRamthianghlimi,難金月尸竹田口手火,2025-07-23
츄베릅jmt_20250604_c2,츄베릅jmt_20250604,@둥이-d5c,이거지앞자리에  진짜 맞제요,2025-06-13
츄베릅jmt_20250604_c3,츄베릅jmt_20250604,@시샤쇼샤,진짜 맛있겠다으으아 구독 박았어용❤,2025-06-05
츄베릅jmt_20250604_c4,츄베릅jmt_20250604,@해리-s8o,아날로그 감성도 좋긴한데 마이크 좋은거 쓰시면 지금보다 훨씬 떡상하실것같은느낌..,2025-06-05
츄베릅jmt_20250604_c5,츄베릅jmt_20250604,@Shuzel_2012,생양파ㅋㅎㅎㅋㅎㅋ 너무 귀여우셔요,2025-06-05
츄베릅jmt_20250604_c6,츄베릅jmt_20250604,@ssongchaedance,생양파 먹을 때 토끼 같이 먹음😂귀여워요❤❤❤,2025-06-05
츄베릅jmt_20250604_c7,츄베릅jmt_20250604,@걷는다-e5d,중국인?,2025-06-05
츄베릅jmt_20250604_c8,츄베릅jmt_20250604,@공공벌레-s6g,양파 공격 ㅁㅊ이 개웃김ㅠㅠ,2025-06-04
츄베릅jmt_20250604_c9,츄베릅jmt_20250604,@Yunbbi_CO,소리 좋아여💕,2025-06-04
츄베릅jmt_20250604_c10,츄베릅jmt_20250604,@jaykyky,소림마라 마라샹궈 먹어주기 기원 2일차,2025-06-04
츄베릅jmt_20250604_c11,츄베릅jmt_20250604,@sibalsibalsisisibal,혹시 뒷트임 메이크업 뭐로 하셨는지 정보 알려주실 수 있나요..? 자연스러우면서도 이쁘게 확장되어보여서용..라이너인가요 아님 새도우로 그냥 쓱쓱한건가요..?,2025-06-04
츄베릅jmt_20250604_c12,츄베릅jmt_20250604,@Keonhee-y7t,❤❤❤❤❤❤❤❤,2025-06-04
츄베릅jmt_20250604_c13,츄베릅jmt_20250604,@유리와연애하는지원,개 맛있어보여용😍츄베릅님얼굴이잊이쁘셔서그런가••,2025-06-04
츄베릅jmt_20250604_c14,츄베릅jmt_20250604,@oriman33,진짜 볼때마다 맛있게 드셔서 뺐어먹고 싶어요...,2025-06-04
츄베릅jmt_20250604_c15,츄베릅jmt_20250604,@half_moon1,공격을 몇번 받는거야! ㅋㅋ,2025-06-04
츄베릅jmt_20250604_c16,츄베릅jmt_20250604,@lillycookieandcream,"헐ㄹ 츄베릅님 너무 맛있어 보여요오옹
오늘두 츄베릅님 영상 쨩쨩!",2025-06-04
츄베릅jmt_20250604_c17,츄베릅jmt_20250604,@가빈44,연어는 안좋아하지만 연어초밥은 맛있어보이고 한번먹어보고싶넹😘🤗,2025-06-04
츄베릅jmt_20250604_c18,츄베릅jmt_20250604,@헤헿이다,와 진짜 맛있게 생겼어여...제가 연어를 좋아하는데 담에 만들어 먹고 싶네옄ㅋㅋ😮,2025-06-04
츄베릅jmt_20250604_c1,츄베릅jmt_20250604,@DrusilliRamthianghlimi,ㅔㅈㅎㄹㅇ,2025-07-23
츄베릅jmt_20250604_c2,츄베릅jmt_20250604,@AlaaAlrqeeb,こんにちは,2025-07-22
츄베릅jmt_20250604_c3,츄베릅jmt_20250604,@최우성-e6u,❤❤❤❤,2025-06-06
츄베릅jmt_20250604_c4,츄베릅jmt_20250604,@이선우-y1f,계란장이랑 연어장 둘다 짜야지 밥이 술술 넘어감 짠게 맞음,2025-06-06
츄베릅jmt_20250604_c5,츄베릅jmt_20250604,@mallondamotae,진짜 잘드시는 언니..이쁘고 요리잘하고..최고 🩷,2025-06-05
츄베릅jmt_20250604_c6,츄베릅jmt_20250604,@시샤쇼샤,❤❤,2025-06-05
츄베릅jmt_20250604_c7,츄베릅jmt_20250604,@devonmeo,양념갈비 굽기전에 생으로 먹는거 같당 ㅋㅋ,2025-06-05
츄베릅jmt_20250604_c8,츄베릅jmt_20250604,@Yunbbi_CO,Asmr도 잘하고 요리도 잘하는 베릅님 !!,2025-06-04
츄베릅jmt_20250604_c9,츄베릅jmt_20250604,@댕청미넘치는메타몽,처음에 깜짝 놀라느ㅡㄴ 듯한 표정이 너무 기엽닼ㅋㅋㅋ,2025-06-04
츄베릅jmt_20250604_c10,츄베릅jmt_20250604,@가빈44,밥이랑같이드시지 왠지짤거같은데😅,2025-06-04
츄베릅jmt_20250604_c11,츄베릅jmt_20250604,@푸하하-j4l,그냥 통연어 쌓아두고 먹고싶다 ㅠㅠㅠ,2025-06-04
츄베릅jmt_20250604_c12,츄베릅jmt_20250604,@bori1711,단백질 대폭발 조합👍,2025-06-04
츄베릅jmt_20250604_c13,츄베릅jmt_20250604,@Keonhee-y7t,❤❤❤❤❤❤❤,2025-06-04
츄베릅jmt_20250604_c14,츄베릅jmt_20250604,@유리와연애하는지원,갸아악🤍🫶🏻이것머에요?••,2025-06-04
츄베릅jmt_20250604_c15,츄베릅jmt_20250604,@jaykyky,군침 도네,2025-06-04
츄베릅jmt_20250604_c16,츄베릅jmt_20250604,@헤헿이다,진짜 맛있을꺼 같아여....😮,2025-06-04
츄베릅jmt_20250604_c17,츄베릅jmt_20250604,@신유경,선방도 아니고 선빵이라니 표현이 너무 귀여워요 ㅋㅋㅋㅋㅋㅋㅋ,2025-06-04
츄베릅jmt_20250604_c1,츄베릅jmt_20250604,@AlaaAlrqeeb,私はこれを試してみました、それは驚くべきです、私は皆にそれを正直に行うことをお勧めします、あなたはそれが肉を持っているかもしれないのでそれを好きではないかもしれませんが、私はそれに依存したかった、誰がそれを試さなかったか試してみてください🎭,2025-07-22
츄베릅jmt_20250604_c2,츄베릅jmt_20250604,@RimasRimas-s4r,❤️❤❤❤❤❤❤❤❤❤❤❤❤❤❤❤❤❤❤❤❤❤❤❤❤hsbg,2025-07-19
츄베릅jmt_20250604_c3,츄베릅jmt_20250604,@깅감귤,전 데리야끼 소스도 진짜 조금 뿌려먹는데 그게 더 자극적이라 제 입맛에는 맛나더라구요😝,2025-06-25
츄베릅jmt_20250604_c4,츄베릅jmt_20250604,@선도움,와 진짜 인간적으로 너무 귀엽다 츄베릅님❤❤❤❤❤❤❤❤❤❤❤❤❤❤❤❤❤❤❤❤❤❤❤❤❤❤❤❤❤❤❤❤❤❤❤❤❤❤❤❤❤❤❤❤❤❤❤❤❤❤❤❤❤❤❤❤❤❤❤❤❤❤❤❤❤❤❤❤❤❤❤❤❤❤❤❤❤❤❤❤❤❤❤❤❤❤❤❤❤❤❤❤❤❤❤❤❤❤❤❤❤❤❤❤❤❤❤❤❤❤❤❤❤❤❤❤❤❤❤❤❤❤❤❤❤❤❤❤❤❤❤❤❤❤❤❤❤❤❤❤❤❤❤❤❤❤❤❤❤❤❤❤❤❤❤❤❤❤❤❤❤❤❤❤❤❤❤❤❤❤❤❤❤❤❤❤❤❤❤❤❤❤❤❤❤❤❤❤❤❤❤❤❤❤❤❤❤❤❤❤❤❤❤❤❤❤❤❤❤❤❤❤❤❤❤❤❤❤❤❤❤❤❤❤❤❤❤❤❤❤❤❤❤❤❤❤❤❤❤❤❤❤❤❤❤❤❤❤❤❤❤❤❤❤❤❤❤❤❤❤❤❤❤❤❤❤❤❤❤❤❤❤❤❤❤❤❤❤❤❤❤❤❤❤❤❤❤❤❤❤❤❤❤❤❤❤❤❤❤❤❤❤❤❤❤❤❤❤❤❤❤❤❤❤❤❤❤❤❤❤❤❤❤❤❤❤❤❤❤❤❤❤❤❤❤❤❤❤❤❤❤❤❤❤❤❤❤❤❤❤❤❤❤❤❤❤❤❤❤❤❤❤❤❤❤❤❤❤❤❤❤❤❤❤❤❤❤❤❤❤❤❤❤❤❤❤❤❤❤❤❤❤❤❤❤❤❤❤❤❤❤❤❤❤❤❤❤❤❤❤❤❤❤❤❤❤❤❤❤❤❤❤❤❤❤❤❤❤❤❤❤❤❤❤❤❤❤❤❤❤❤❤❤❤❤❤❤❤❤❤❤❤❤❤❤❤❤❤❤❤❤❤❤❤❤❤❤❤❤❤❤❤❤❤❤❤❤❤❤❤❤❤,2025-06-06
츄베릅jmt_20250604_c5,츄베릅jmt_20250604,@한살림구미쿠킹,양파 물에 담글 때 설탕 조금 넣으면 매운 기 금방 빠져요!!,2025-06-04
츄베릅jmt_20250604_c6,츄베릅jmt_20250604,@푸하하-j4l,더빙하신거 오랜만에 보는데 다시보니 반갑네욬ㅋㅋㅋ,2025-06-04
츄베릅jmt_20250604_c7,츄베릅jmt_20250604,@유리와연애하는지원,"오랜만에 더빙이군요,,목소리가 귀여우시다능••",2025-06-04
츄베릅jmt_20250604_c8,츄베릅jmt_20250604,@color1842,허니버터칩 제가 제일 좋아하는 과자죠 거기에 콘치즈라니 이거 맛없을수가없다,2025-06-04
츄베릅jmt_20250604_c9,츄베릅jmt_20250604,@lillycookieandcream,"츄베릅님 오랜만이에여ㅕㅕㅕㅕ
츄베릅님 혹시 치즈 쭉쭉 늘어나는 치킨 먹방
해줄수 있을까요오?",2025-06-04
츄베릅jmt_20250604_c10,츄베릅jmt_20250604,@의대간다2004년생,맥주랑 같이 먹으면 맛있겠다,2025-06-04
츄베릅jmt_20250604_c11,츄베릅jmt_20250604,@jaykyky,진짜 맛있게 드시네요,2025-06-04
츄베릅jmt_20250604_c12,츄베릅jmt_20250604,@Yunbbi_CO,저건 맛없없인뎁 ?!,2025-06-04
츄베릅jmt_20250604_c13,츄베릅jmt_20250604,@Doors-y3n,이건 당근이 맛나지,2025-06-04
츄베릅jmt_20250604_c14,츄베릅jmt_20250604,@가빈44,허니버터칩에 콘치즈 왠지조합이 잘어울리고 존맛일거같아용🤗😋,2025-06-04
츄베릅jmt_20250604_c15,츄베릅jmt_20250604,@최우성-e6u,❤❤❤❤,2025-06-04
츄베릅jmt_20250604_c16,츄베릅jmt_20250604,@half_moon1,오 이건 마싰겠다! 맥주 안주 ㅎㅎ,2025-06-04
츄베릅jmt_20250604_c17,츄베릅jmt_20250604,@나비B-k1j,언니 눈화장 연하게하신거 순둥이 같고 너무 기여워여…❤,2025-06-04
츄베릅jmt_20250604_c18,츄베릅jmt_20250604,@bori1711,오 허니버터칩 오랜만이당❤,2025-06-04
츄베릅jmt_20250603_c1,츄베릅jmt_20250603,@AseelNbya,"❤️ جيبي لي انا نسكن في تونس 
😢🎉",2025-07-19
츄베릅jmt_20250603_c2,츄베릅jmt_20250603,@LinaAltıntaş,❤❤❤🤗🤗😚🙃,2025-07-15
츄베릅jmt_20250603_c3,츄베릅jmt_20250603,@color1842,푸라닭 고츄마요 내 최애 외박나가서 먹고왔음 저번에,2025-06-04
츄베릅jmt_20250603_c4,츄베릅jmt_20250603,@나야샘,로제 개마시써요 매일 머금,2025-06-04
츄베릅jmt_20250603_c5,츄베릅jmt_20250603,@가빈44,요즘 츄베릅님한테 먹방을 배워가는거같아용 감사해요🙏🙇‍♂️,2025-06-03
츄베릅jmt_20250603_c6,츄베릅jmt_20250603,@정재원-o2i,❤,2025-06-03
츄베릅jmt_20250603_c7,츄베릅jmt_20250603,@최우성-e6u,❤❤❤❤❤,2025-06-03
츄베릅jmt_20250603_c8,츄베릅jmt_20250603,@Yunbbi_CO,푸라닭 다른 치킨도 먹어주세용💕,2025-06-03
츄베릅jmt_20250603_c9,츄베릅jmt_20250603,@시시-y6y,안매우세요? 대단해요❤,2025-06-03
츄베릅jmt_20250603_c10,츄베릅jmt_20250603,@유리와연애하는지원,"헙,,,머에여😍",2025-06-03
츄베릅jmt_20250603_c11,츄베릅jmt_20250603,@윤보미팬다,너무이쁘다 ❤,2025-06-03
츄베릅jmt_20250603_c12,츄베릅jmt_20250603,@밀콩c,엉…1빠인가?,2025-06-03
츄베릅jmt_20250603_c13,츄베릅jmt_20250603,@jaykyky,소림마라 일반 마라샹궈 드셔주세요❤❤,2025-06-03
츄베릅jmt_20250602_c1,츄베릅jmt_20250602,@ttteam1354,Come show me your dog I got out of my German article,2025-07-25
츄베릅jmt_20250602_c2,츄베릅jmt_20250602,@hitsujiBungaku-i4t,저랑 입맛 맞을것같아서 구독합니다~~,2025-07-07
츄베릅jmt_20250602_c3,츄베릅jmt_20250602,@박명수명수박명수옹,근데 너무 맛있게 드신다ㅠㅠ색도 진짜 맛있게 나와요ㅠㅠ,2025-06-22
츄베릅jmt_20250602_c4,츄베릅jmt_20250602,@키키-m3x,량진희님꺼 드셔보세요 그게 훨씬 더 맛있음,2025-06-15
츄베릅jmt_20250602_c5,츄베릅jmt_20250602,@가빈44,오늘귀여운 츄베릅님보고 하루보내야겠네요😙🥰,2025-06-06
츄베릅jmt_20250602_c6,츄베릅jmt_20250602,@Yexs-i7,"닭발 진짜 징그럽게 생겼는데
그와중에 너무 예쁘시네요❤",2025-06-03
츄베릅jmt_20250602_c7,츄베릅jmt_20250602,@유리와연애하는지원,겁나이쁘세용🤍이분은떡상각임요😻,2025-06-03
츄베릅jmt_20250602_c8,츄베릅jmt_20250602,@pri_zll,"요즘 유행은 참 이상해요,,",2025-06-03
츄베릅jmt_20250602_c9,츄베릅jmt_20250602,@정재원-q1h,오물오물 먹는게 다람쥐 같아요,2025-06-02
츄베릅jmt_20250602_c10,츄베릅jmt_20250602,@Yunbbi_CO,오물오물 귀여워요 ><,2025-06-02
츄베릅jmt_20250602_c11,츄베릅jmt_20250602,@을눈을눈,한국산이면 괜춘. 중국산이면....저 닭발이 진짜인지가 의심,2025-06-02
츄베릅jmt_20250602_c12,츄베릅jmt_20250602,@정수미남짱-e6h,👍👍👍👍,2025-06-02
츄베릅jmt_20250602_c13,츄베릅jmt_20250602,@노애래,"그럼 올리지 마시지 ㅜㅜ
이거 판매하는 사람들 참 맥빠질듯",2025-06-02
츄베릅jmt_20250602_c14,츄베릅jmt_20250602,@최우성-e6u,1빠❤❤,2025-06-02
츄베릅jmt_20250602_c1,츄베릅jmt_20250602,@Kkkkkfffffdd,중국산 무뼈 닭발 가공영상 봤음?,2025-07-16
츄베릅jmt_20250602_c2,츄베릅jmt_20250602,@hy8187,닭발은 무슨 맛으로 먹나요?양념 맛?,2025-07-08
츄베릅jmt_20250602_c3,츄베릅jmt_20250602,@deux3295,소리는 기가 막히네요ㅋ 포항에 깜장닭발도 한번 드셔보셔요ㅎ,2025-07-01
츄베릅jmt_20250602_c4,츄베릅jmt_20250602,@김서진-j4r5h,닭발 진리 근데 나는 큰 닭발은 살짝 징그럽드라 공화채인가 그거 맛있겠더라. 음 근데 레몬 지못미다.,2025-06-21
츄베릅jmt_20250602_c5,츄베릅jmt_20250602,@백토담,뼈있는 국물닭발이 제일 맛있음 이거 완전 불호,2025-06-21
츄베릅jmt_20250602_c6,츄베릅jmt_20250602,@박다인-d1k,멈가 맛이 없어보여여,2025-06-15
츄베릅jmt_20250602_c7,츄베릅jmt_20250602,@김미림-e5b,아니죠 맛없잖아요...  뭐가 맛난다고 홍보하시는지...?,2025-06-14
츄베릅jmt_20250602_c8,츄베릅jmt_20250602,@맑은햇살-q9e,량진희 레몬닭발 이틀전에 도착해서 먹어봤는데 저는 불호 살짝 닭비릿한 냄새가 그래서 이게 맞나싶어 몇개 주워먹다 냉장고에 들어감...  😢😢😢,2025-06-12
츄베릅jmt_20250602_c9,츄베릅jmt_20250602,@I05wyqysvxl,갑자기 조오오선조옥 제품 대거로 바이럴하는거 티나서 절대 안먹어줄게,2025-06-12
츄베릅jmt_20250602_c10,츄베릅jmt_20250602,@냠냠꼬,전 이거 너무 비렸어요ㅠㅜ,2025-06-07
츄베릅jmt_20250602_c11,츄베릅jmt_20250602,@바다-n3u,둘다 먹어봤는데 량진희꺼랑 여기랑 맛 달라요,2025-06-03
츄베릅jmt_20250602_c12,츄베릅jmt_20250602,@음na,다음엔 량진희꺼 드셔보세요,2025-06-03
츄베릅jmt_20250602_c13,츄베릅jmt_20250602,@가빈44,차가운닭발이라니 신기하당😅🤔 소리는 치킨소리와고 비슷하네용😮,2025-06-03
츄베릅jmt_20250602_c14,츄베릅jmt_20250602,@Yunbbi_CO,뽀득ㄱ 소리 최고쵝오🥰,2025-06-02
츄베릅jmt_20250602_c15,츄베릅jmt_20250602,@이혜옥-u1s,이쁘다~♡,2025-06-02
츄베릅jmt_20250602_c16,츄베릅jmt_20250602,@정재원-q1h,화장 바뀐거 넘 귀여워요 가끔씩 이런 화장해도 될듯요..😊,2025-06-02
츄베릅jmt_20250602_c17,츄베릅jmt_20250602,@ssongchaedance,아 진짜!!저 오늘 생일인데 이 영상을 보여서 이 채널에 들어 왔는데 침고인다 근데 왜 이렇게 예쁜지❤❤❤,2025-06-02
츄베릅jmt_20250602_c18,츄베릅jmt_20250602,@최우성-e6u,❤❤❤소리 좋다,2025-06-02
츄베릅jmt_20250602_c19,츄베릅jmt_20250602,@half_moon1,화장연해서 억울해보이는데 먹는것도 맛없어서 더 억울해보임 ㅋㅋㅋ 커여워,2025-06-02
츄베릅jmt_20250602_c20,츄베릅jmt_20250602,@소야진심녀모리,"꼬득ㄱ꼬득소리 넘 체고에여ㅜㅜ
글구 넘 이뿌세여ㅜㅜ",2025-06-02
츄베릅jmt_20250602_c21,츄베릅jmt_20250602,@bori1711,일단 눈감고 보면 합격드립니당,2025-06-02
츄베릅jmt_20250602_c22,츄베릅jmt_20250602,@나비B-k1j,소리 꼬득ㄱ꼬 ㄷ꼬득 넘모 좋다 ㅠㅠㅠ,2025-06-02
츄베릅jmt_20250601_c1,츄베릅jmt_20250601,@AlaaAlrqeeb,学校が好きだな? 難しい?,2025-07-22
츄베릅jmt_20250601_c2,츄베릅jmt_20250601,@Averiiiii,너무 귀여우시고 진짜 맛있게 드셔서 계속 돌려보고 있어요 🫶🏻🩵 앞으로도 좋은 영상 많이 올려주세요👏🏻,2025-06-03
츄베릅jmt_20250601_c3,츄베릅jmt_20250601,@하하하-k7f3j,베릅님 지락실 불닭요청해도돠너요ㅠㅜ,2025-06-02
츄베릅jmt_20250601_c4,츄베릅jmt_20250601,@최우성-e6u,❤❤❤❤,2025-06-02
츄베릅jmt_20250601_c5,츄베릅jmt_20250601,@x-x-x-x3c,마싯겟당,2025-06-01
츄베릅jmt_20250601_c6,츄베릅jmt_20250601,@ddoyotomehideyosy,츄베릅 존예,2025-06-01
츄베릅jmt_20250601_c7,츄베릅jmt_20250601,@lyl2724,립 정보 궁금해요!!,2025-06-01
츄베릅jmt_20250601_c8,츄베릅jmt_20250601,@Yunbbi_CO,맘터 에드워드리 싸이순살치킨도 먹어주세욥 !,2025-06-01
츄베릅jmt_20250601_c9,츄베릅jmt_20250601,@정재원-o2i,자습시간에 보다가 침 흘렸어요..,2025-06-01
츄베릅jmt_20250601_c10,츄베릅jmt_20250601,@서호윤,맥시칸 닭강정 먹어주실 수 잇나요,2025-06-01
츄베릅jmt_20250601_c11,츄베릅jmt_20250601,@half_moon1,치즈 묻은거 넘귀엽ㅋㅋㅋ,2025-06-01
츄베릅jmt_20250601_c12,츄베릅jmt_20250601,@가빈44,이젠먹방은 츄베릅님아니면 안볼거같아용🤗🫡🫡,2025-06-01
츄베릅jmt_20250601_c13,츄베릅jmt_20250601,@lillycookieandcream,"헐ㄹ 너무 맛있어 보여요옹 
츄베릅님 영상 쨩쨩 ❤️‍🔥",2025-06-01
츄베릅jmt_20250601_c14,츄베릅jmt_20250601,@bori1711,저희지점은 소스 엄청 듬뿍주신다요! 그대신 안바삭하지만..ㅠ,2025-06-01
츄베릅jmt_20250601_c15,츄베릅jmt_20250601,@이동건-r4c,🫶🫶,2025-06-01
츄베릅jmt_20250601_c1,츄베릅jmt_20250601,@AlaaAlrqeeb,気に入りましたか?,2025-07-22
츄베릅jmt_20250601_c2,츄베릅jmt_20250601,@annyeong7709,헐 어렸을때부터 먹던 조합인데 날 다 이상한사람으로 봤는데 ㅜㅜ 드뎌 누군가 알아줘서 행복하다,2025-06-12
츄베릅jmt_20250601_c3,츄베릅jmt_20250601,@최나세-l8n,긍까 약간 감튀에 아이스크림 조합은 저도 알고있어서 좋아하는 조합인데 치킨너겟에 누텔라는 처음 들어보네영 나중에 먹어봐야쥥,2025-06-03
츄베릅jmt_20250601_c4,츄베릅jmt_20250601,@Yunbbi_CO,오늘 왤케 더 병아리같죠 ?? 베릅님 넘 귀엽🥰,2025-06-01
츄베릅jmt_20250601_c5,츄베릅jmt_20250601,@최우성-e6u,❤❤❤❤❤,2025-06-01
츄베릅jmt_20250601_c6,츄베릅jmt_20250601,@안유진사랑하는안유댕,좋아요 100채웠는데 고정되나용??❤❤😊,2025-06-01
츄베릅jmt_20250601_c7,츄베릅jmt_20250601,@가빈44,오늘은 오랜만에 츄베릅님 목소리들으니 좋네요 가끔 영상에이렇게 목소리두넣어주세요🤗🫠  치킨너캣에 뉴텔라찍어먹으면 무슨맛일까? 궁금하넹🤔😅,2025-06-01
츄베릅jmt_20250601_c8,츄베릅jmt_20250601,@Eletronicskyrike,ㄷㄷ 맜있겠ㄷㅏ 목소리 되게 좋으세요❤❤,2025-06-01
츄베릅jmt_20250601_c9,츄베릅jmt_20250601,@hye_08ღ,"ㅇㄴ 어떻게 목소리도 예쁘신가요 ,,",2025-06-01
츄베릅jmt_20250601_c10,츄베릅jmt_20250601,@정재원-q1h,이게 왜 맛있겠지...😅,2025-06-01
츄베릅jmt_20250601_c11,츄베릅jmt_20250601,@bori1711,"누텔라는 어떻게 해도 맛있다는,,",2025-06-01
츄베릅jmt_20250601_c12,츄베릅jmt_20250601,@half_moon1,이게 맛있다고?? ㅋㅋㅋ,2025-06-01
츄베릅jmt_20250601_c13,츄베릅jmt_20250601,@lillycookieandcream,"어모어모.. 치킨너겟에 누텔라 ,, ?? ㅋㅋ",2025-06-01
츄베릅jmt_20250601_c14,츄베릅jmt_20250601,@Doors-y3n,너겟에 누텔라를 찍어…. 오우 😫,2025-06-01
츄베릅jmt_20250601_c15,츄베릅jmt_20250601,@뿌잉땅꽁,저 저렇게 머거여 😎,2025-06-01
츄베릅jmt_20250531_c1,츄베릅jmt_20250531,@AlaaAlrqeeb,اول شي فكرتها ايسكريم😂😂😂😂😂😂,2025-07-22
츄베릅jmt_20250531_c2,츄베릅jmt_20250531,@RuchiSingh-h5m1q,I am Indian and I am your subscriber,2025-07-15
츄베릅jmt_20250531_c3,츄베릅jmt_20250531,@half_moon1,아.. 시켜야되나,2025-06-01
츄베릅jmt_20250531_c4,츄베릅jmt_20250531,@가빈44,츄베릅님 점점구독자가 날이갈수록  느네요 제가다기분좋다요🤗🥰,2025-05-31
츄베릅jmt_20250531_c5,츄베릅jmt_20250531,@단은이,쇼츠넘기는데 알고리즘에 자주 떠요!! 구독눌렀습니다 화이팅🌸🩷🩷😘👍,2025-05-31
츄베릅jmt_20250531_c6,츄베릅jmt_20250531,@Eletronicskyrike,이야....,2025-05-31
츄베릅jmt_20250531_c7,츄베릅jmt_20250531,@최우성-e6u,❤❤❤❤❤,2025-05-31
츄베릅jmt_20250531_c8,츄베릅jmt_20250531,@Yunbbi_CO,오늘은 에어팟끼고 듣고있는데 소리가 더 좋은 너낌 !💕,2025-05-31
츄베릅jmt_20250531_c9,츄베릅jmt_20250531,@bori1711,오옹 저는 닭볶음탕에는 무조건 감자많이파인데 유부라니.. 맛있겠어용,2025-05-31
츄베릅jmt_20250530_c1,츄베릅jmt_20250530,@사랑-t3s5t,"너무 맛있게 드심❤❤❤❤
저도 먹고 싶어져요😋",2025-07-02
츄베릅jmt_20250530_c2,츄베릅jmt_20250530,@둥이-d5c,누굴 향해 씩고 있어보이네 예쁘게 봐줘,2025-06-13
츄베릅jmt_20250530_c3,츄베릅jmt_20250530,@슈-d1h,저는 밤이랑 대파가 맛있더라구여,2025-06-02
츄베릅jmt_20250530_c4,츄베릅jmt_20250530,@loooo_pyy,"어떻게 매번 메뉴 선정이 이렇게 기깔나는지,,,,  다 맛있어보인다 😋 구독 세게 누릅니다.!",2025-05-31
츄베릅jmt_20250530_c5,츄베릅jmt_20250530,@최지원-m5h9x,진자림님 닮으셨어요,2025-05-31
츄베릅jmt_20250530_c6,츄베릅jmt_20250530,@최현열-r4p,감자 짱! 맛있는데!!,2025-05-30
츄베릅jmt_20250530_c7,츄베릅jmt_20250530,@푸하하-j4l,빵 맛있어보이네요 ㅋㅋㅋ,2025-05-30
츄베릅jmt_20250530_c8,츄베릅jmt_20250530,@Yunbbi_CO,엌 대파빵 맛이 상상이 안가여 ㅋㅋ,2025-05-30
츄베릅jmt_20250530_c9,츄베릅jmt_20250530,@rmfjgrnsdy,진짜 햄스터같다 졸귀다 ㄹㅇ,2025-05-30
츄베릅jmt_20250530_c10,츄베릅jmt_20250530,@최우성-e6u,2빠❤❤,2025-05-30
츄베릅jmt_20250530_c11,츄베릅jmt_20250530,@뿌잉땅꽁,엇 댓글없는영상 귀하다아😻💓,2025-05-30
츄베릅jmt_20250529_c1,츄베릅jmt_20250529,@zaya_korizen,❤️,2025-07-17
츄베릅jmt_20250529_c2,츄베릅jmt_20250529,@JhoanaDelacruz-p4p1f,🥹🥺☺️,2025-07-01
츄베릅jmt_20250529_c3,츄베릅jmt_20250529,@가빈44,넘귀여웡😍😍,2025-05-31
츄베릅jmt_20250529_c4,츄베릅jmt_20250529,@수풀림-e5f,"녹인 초콜릿에 담궈먹거나
다이제 샌드나 에이스 과자로로 끼워먹어두 아주 굿!",2025-05-30
츄베릅jmt_20250529_c5,츄베릅jmt_20250529,@금화이-h1d,❤,2025-05-30
츄베릅jmt_20250529_c6,츄베릅jmt_20250529,@hurb26,❤,2025-05-30
츄베릅jmt_20250529_c7,츄베릅jmt_20250529,@최우성-e6u,❤❤❤❤❤,2025-05-30
츄베릅jmt_20250529_c8,츄베릅jmt_20250529,@정재원-o2i,먼가 츄베릅님도 루피 닮은거 같아요ㅋㅋ,2025-05-29
츄베릅jmt_20250529_c9,츄베릅jmt_20250529,@Yunbbi_CO,포크 2개로 먹는 거 넘 기여워요🥰,2025-05-29
츄베릅jmt_20250529_c10,츄베릅jmt_20250529,@윶송이,너무 맛있어 보여요❤,2025-05-29
츄베릅jmt_20250529_c1,츄베릅jmt_20250529,@mampidasbairagya,❤❤❤,2025-07-28
츄베릅jmt_20250529_c2,츄베릅jmt_20250529,@최린-o7y,'그 플라스틱을 씹어먹은 난 뭘까?',2025-07-23
츄베릅jmt_20250529_c3,츄베릅jmt_20250529,@OlaikaRizwan,로 인해 많은 분들🌺ㅓ옳 후 바로 이 모든 분들께🪷,2025-07-21
츄베릅jmt_20250529_c4,츄베릅jmt_20250529,@sypainter-y7j2u,민초 맛있는데ㅜ,2025-07-13
츄베릅jmt_20250529_c5,츄베릅jmt_20250529,@성이름-h2q7p,레샤 존맛탱인데,2025-06-26
츄베릅jmt_20250529_c6,츄베릅jmt_20250529,@김혜진-v8p3d,바람소리가 쫌 거슬려요,2025-06-22
츄베릅jmt_20250529_c7,츄베릅jmt_20250529,@시나모롤TV-j7r,저거 포크 루피 손을 이용해서 만든 거래요!,2025-06-17
츄베릅jmt_20250529_c8,츄베릅jmt_20250529,@소미김-z4m,ㅋㅋ켘❤,2025-06-13
츄베릅jmt_20250529_c9,츄베릅jmt_20250529,@소미김-z4m,♡♡♡♡❤❤❤❤♡#^^♡#😅,2025-06-13
츄베릅jmt_20250529_c10,츄베릅jmt_20250529,@joyseoh,소음이 심해서 아쉽네요😢 잘 봤습니다!,2025-06-10
츄베릅jmt_20250529_c11,츄베릅jmt_20250529,@서연이다연이TV,"초콜릿은""골라먹는27큐브  ""입나다",2025-05-31
츄베릅jmt_20250529_c12,츄베릅jmt_20250529,@하핳-q5s,원래 초코 였는데 바뀜,2025-05-31
츄베릅jmt_20250529_c13,츄베릅jmt_20250529,@poop-e7y,판 초콜렛인거는 27큐브?케이크만 있데요!!,2025-05-31
츄베릅jmt_20250529_c14,츄베릅jmt_20250529,@가빈44,2단 아이스크림 케이크두 맛나겠다😋,2025-05-30
츄베릅jmt_20250529_c15,츄베릅jmt_20250529,@최우성-e6u,❤❤❤❤,2025-05-29
츄베릅jmt_20250529_c16,츄베릅jmt_20250529,@메리아,으아 ㅠㅠ 진짜 3만원에 저정도..? 괜찮으세요? ㅠㅠ,2025-05-29
츄베릅jmt_20250529_c17,츄베릅jmt_20250529,@다미-Dami16,아진짜 꾸덕 쫀득❤,2025-05-29
츄베릅jmt_20250529_c18,츄베릅jmt_20250529,@하하잕,그거 판때기 초코인거는 다른 케이크에요,2025-05-29
츄베릅jmt_20250529_c19,츄베릅jmt_20250529,@정재원-o2i,베릅짱~~?,2025-05-29
츄베릅jmt_20250529_c20,츄베릅jmt_20250529,@레서판다_써니,초콜렛 아니었음???,2025-05-29
츄베릅jmt_20250529_c21,츄베릅jmt_20250529,@Yunbbi_CO,런 레샤 불호 ... 넘 셔요😅,2025-05-29
츄베릅jmt_20250529_c22,츄베릅jmt_20250529,@half_moon1,반민초 합격! ㅋㅋㅋㅋ,2025-05-29
츄베릅jmt_20250529_c23,츄베릅jmt_20250529,@bori1711,감기 걸렸는데 아이스크림 먹고시퍼요,2025-05-29
츄베릅jmt_20250528_c1,츄베릅jmt_20250528,@sbwhwhmtv,혹시 렌즈 뭔가용,2025-07-26
츄베릅jmt_20250528_c2,츄베릅jmt_20250528,@RubinaImran-c5n6k,Add a  comment...❤,2025-07-22
츄베릅jmt_20250528_c3,츄베릅jmt_20250528,@놀고놀고놀자,첨에 혜찌님 다이어트한줄,2025-07-22
츄베릅jmt_20250528_c4,츄베릅jmt_20250528,@민트초쿄-g8x,아이스크림 너무 맛있어 보여요,2025-07-20
츄베릅jmt_20250528_c5,츄베릅jmt_20250528,@KOREA-xn5ii,자림님 인줄 알았어요ㅋㅋㅋ,2025-07-05
츄베릅jmt_20250528_c6,츄베릅jmt_20250528,@뽀롱-t7e,"저도 먹어봤는데 너무 맜있어요 근데 저 오눌 처음으로 먹었는데 다들 한입에 먹길래 처음부터 합압에 아장 넣는데 너무 이가 사려운거에요..그래서 좀 녹이니까 너무 녹아서  물처럼 흘러내리더라고요 그래서 책상에 묻하니 엄마의 공ㅍ 잔소리를 듣네요 민초가 너무 있어서 우왝 했어요 혼자먹는다고 쫄았는데 냄겨서 더 혼났지 뭐에요..오눌 처음보는 츄베릅JMT 넘 잼밌네요 구좋알댓
갑니다!!주로 볼게요❤좋은하루 돼세요❤
고정 가능한가요..?...",2025-06-30
츄베릅jmt_20250528_c7,츄베릅jmt_20250528,@민트초코칩-q2b,그놈의 유행,2025-06-25
츄베릅jmt_20250528_c8,츄베릅jmt_20250528,@시은-k8z,립 알려주세요ㅠㅜ 너무 이뻐요,2025-06-25
츄베릅jmt_20250528_c9,츄베릅jmt_20250528,@안티티티티프라쟈,이빨 엄청 시릴거같다,2025-06-20
츄베릅jmt_20250528_c10,츄베릅jmt_20250528,@뭐라부르노마스,spc 불매!!,2025-06-09
츄베릅jmt_20250528_c11,츄베릅jmt_20250528,@김현길-d2n,"나도 10살인데 이 시려운뎅?
내가 이상한건가??",2025-06-08
츄베릅jmt_20250528_c12,츄베릅jmt_20250528,@BCU-pw8nt,요즘에 이분영상 쇼츠로 가끔 뜨던데 중독성이있네요. 앞으로 많이볼게요.,2025-06-02
츄베릅jmt_20250528_c13,츄베릅jmt_20250528,@poo2055-e7t,보기만해도 너무 달다😅,2025-06-01
츄베릅jmt_20250528_c14,츄베릅jmt_20250528,@윤기은-g4y,토스 포인트 모으고 사먹어,2025-06-01
츄베릅jmt_20250528_c15,츄베릅jmt_20250528,@user-tg2qv6po9j,소리 뭔가요 와 먹고싶어지잖아요 제품명 궁금해요 ㅎㅎ,2025-05-31
츄베릅jmt_20250528_c16,츄베릅jmt_20250528,@Paniz.Hatamnia,دلم خواست😂❤,2025-05-30
츄베릅jmt_20250528_c17,츄베릅jmt_20250528,@LOKITTY-x35,Jadi pengen beli juga😭😭😋😋,2025-05-30
츄베릅jmt_20250528_c18,츄베릅jmt_20250528,@user-szennie,혹시 가격인상 된다는 말은 어디서 들으셨나용..??,2025-05-30
츄베릅jmt_20250528_c19,츄베릅jmt_20250528,@재현_쟁뽀,아뉘 언니 넘 맛있게먹는거 아니냐거ㅓ 그래서 언니 영상 정주행중 근데 보자마자 바로 구독을 눌러버렸다능.....♡,2025-05-28
츄베릅jmt_20250528_c20,츄베릅jmt_20250528,@가빈44,아이스크림 케이크 고급이어서그런지 3만원인가?🤔,2025-05-28
츄베릅jmt_20250528_c21,츄베릅jmt_20250528,@정연미-e2h,베스킨 안가는이유...사놓고 안먹어 ㅋㅋㅋㅋ돈아까워 애들도 잘안먹어ㅠㅠ왜그러지?,2025-05-28
츄베릅jmt_20250528_c22,츄베릅jmt_20250528,@Qwertyyssjlalala,아니 이분 아이스크림왤케 마싯게드심? ㅠㅠㅠ 소리미쳣다,2025-05-28
츄베릅jmt_20250528_c23,츄베릅jmt_20250528,@정재원-o2i,원래 한입으로 다 먹는거에요.? 이시려울거 같은데...😢,2025-05-28
츄베릅jmt_20250528_c24,츄베릅jmt_20250528,@Yunbbi_CO,2층 3층 먹방도 존버타야징 :>,2025-05-28
츄베릅jmt_20250528_c25,츄베릅jmt_20250528,@y.um_x,ㄹㅇ 개배고픔,2025-05-28
츄베릅jmt_20250528_c26,츄베릅jmt_20250528,@bori1711,역시 치미녀 다우시군요 호홋,2025-05-28
츄베릅jmt_20250528_c27,츄베릅jmt_20250528,@윤보미팬다,안산다 그돈으로 치킨먹음,2025-05-28
츄베릅jmt_20250528_c1,츄베릅jmt_20250528,@PHILLIPKIM2557,미쳤따아~재가오눌베라갔는데 더블레귤러만먹었어요😢😢,2025-07-11
츄베릅jmt_20250528_c2,츄베릅jmt_20250528,@kerolaynequintanilha7188,🫦🫦🫦🫦🫦🫦🫦🫦👨‍👩‍👧‍👧👨‍👩‍👧‍👧👨‍👩‍👧‍👧👨‍👩‍👧‍👧😻😻😻👽👽👽,2025-07-01
츄베릅jmt_20250528_c3,츄베릅jmt_20250528,@JhoanaDelacruz-p4p1f,😯🥺🥹😔😊☺️🥹🥹🥹🥺🥺😥🩵,2025-07-01
츄베릅jmt_20250528_c4,츄베릅jmt_20250528,@김연희-h9l5m,(카톡),2025-06-22
츄베릅jmt_20250528_c5,츄베릅jmt_20250528,@위혜진-p9g,우와..!ㅜㅜ 난네일 아빠가사준데는댐..부러워요..,2025-06-21
츄베릅jmt_20250528_c6,츄베릅jmt_20250528,@삼차-18293,"완전 쫜득쫜득 소리 넘 듣기 좋아요💗
일케 맛나게 드시는데.. 더 떡상하세욧!!",2025-06-14
츄베릅jmt_20250528_c7,츄베릅jmt_20250528,@깨-i1n,튼튼한 이가 부러워엄...ㅠ,2025-06-03
츄베릅jmt_20250528_c8,츄베릅jmt_20250528,@Soorin-Yerin,진짜 끝내주게 맛있다 🎉,2025-06-03
츄베릅jmt_20250528_c9,츄베릅jmt_20250528,@잼민이-p8q,나도 저거 생일에 먹었는데 검나 맛있음ㅠ,2025-06-03
츄베릅jmt_20250528_c10,츄베릅jmt_20250528,@kyounghunlee2580,와 개밥 맛있겠다 이거 어디서 난 거예요 나도 먹고 싶어😋,2025-06-03
츄베릅jmt_20250528_c11,츄베릅jmt_20250528,@S20FE-x2i,와ㅏ 진짜 쫀득해보여요ㅜ❤❤,2025-05-29
츄베릅jmt_20250528_c12,츄베릅jmt_20250528,@이동건-r4c,얼마에여?,2025-05-29
츄베릅jmt_20250528_c13,츄베릅jmt_20250528,@가빈44,요즘제1순위먹방유튜버 츄베릅님 보는낙으로사네용 너무감사해요🙏🙇‍♂️,2025-05-28
츄베릅jmt_20250528_c14,츄베릅jmt_20250528,@정재원-o2i,오늘 수련회 갔다와서 넘 피곤한데 츄베릅님 영상은 보고 자야할듯요...😊,2025-05-28
츄베릅jmt_20250528_c15,츄베릅jmt_20250528,@abcde43383,포크 진짜 귀엽네요 ㅋㅋㅋ,2025-05-28
츄베릅jmt_20250528_c16,츄베릅jmt_20250528,@최우성-e6u,베라 아이스크림 맛있는데 ❤❤❤,2025-05-28
츄베릅jmt_20250528_c17,츄베릅jmt_20250528,@Yunbbi_CO,별 쫀딕 소리 미쳤다띠,2025-05-28
츄베릅jmt_20250528_c18,츄베릅jmt_20250528,@Eletronicskyrike,와❤❤,2025-05-28
츄베릅jmt_20250528_c19,츄베릅jmt_20250528,@hye_08ღ,"아 드디어ㅠㅜ 진짜 아스크림을 왤케 쫀득하게 드세요,,ㅠ 너무 이쁘신거 아닝가요🥹",2025-05-28
츄베릅jmt_20250528_c20,츄베릅jmt_20250528,@소심한로블계소시지,빨리 왔네용❤ 너무 이쁘세요!,2025-05-28
츄베릅jmt_20250528_c21,츄베릅jmt_20250528,@half_moon1,한입에 먹으면 이 안시려여?,2025-05-28
츄베릅jmt_20250528_c1,츄베릅jmt_20250528,@JhoanaDelacruz-p4p1f,🥺🥹,2025-07-01
츄베릅jmt_20250528_c2,츄베릅jmt_20250528,@이아름-u3u,아니 왜 이 분 되게 예쁘고 먹방도 잘 하는데 왜 인기가 없음?,2025-06-03
츄베릅jmt_20250528_c3,츄베릅jmt_20250528,@Naisya-og9ck,내가 그것을 얻을 수만 있다면,2025-06-01
츄베릅jmt_20250528_c4,츄베릅jmt_20250528,@Naisya-og9ck,寒いでしょうね,2025-06-01
츄베릅jmt_20250528_c5,츄베릅jmt_20250528,@Paniz.Hatamnia,دلم خواست❤,2025-05-30
츄베릅jmt_20250528_c6,츄베릅jmt_20250528,@e벼리,이 시려서 미간 찌푸려짐 ㅈㅅ 이말에 인성이 보이시네요❤,2025-05-30
츄베릅jmt_20250528_c7,츄베릅jmt_20250528,@가빈44,저두주세요😋,2025-05-29
츄베릅jmt_20250528_c8,츄베릅jmt_20250528,@라성호-d7k,이상해요,2025-05-29
츄베릅jmt_20250528_c9,츄베릅jmt_20250528,@최우성-e6u,❤❤❤❤❤,2025-05-29
츄베릅jmt_20250528_c10,츄베릅jmt_20250528,@댕청미넘치는메타몽,이 시려하는거 너무 기엽네요🤭,2025-05-29
츄베릅jmt_20250528_c11,츄베릅jmt_20250528,@푸하하-j4l,별게 다나오네...ㅋㅋㅋㅋ 보기만해도 머리아프네요😅,2025-05-29
츄베릅jmt_20250528_c12,츄베릅jmt_20250528,@정재원-o2i,이 시려하는거 넘 귀여워요😮,2025-05-28
츄베릅jmt_20250528_c13,츄베릅jmt_20250528,@Noc_Kago-S,그큰걸...띵-,2025-05-28
츄베릅jmt_20250528_c14,츄베릅jmt_20250528,@이미농,최근에 쇼츠에 떠서 보고있는데 맛있게 잘 드시네요.. 잘 보고갑니다😊,2025-05-28
츄베릅jmt_20250528_c15,츄베릅jmt_20250528,@Yunbbi_CO,베릅님 루피 닮았어요🐾🥰,2025-05-28
츄베릅jmt_20250528_c16,츄베릅jmt_20250528,@메리아,얼마에요.?,2025-05-28
츄베릅jmt_20250528_c17,츄베릅jmt_20250528,@이지은-j9s,2빠당ㅎㅎ,2025-05-28
츄베릅jmt_20250528_c18,츄베릅jmt_20250528,@긷느-j2c,"내가 1빠!고정돼나욥?
저도 먹어 봤는데 27큐브가 더 나아요",2025-05-28
츄베릅jmt_20250527_c1,츄베릅jmt_20250527,@다미-Dami16,"하 진짜 지금 밤11시인데..😢😢
참을수 없ㅆ ㅓ😢😢",2025-05-29
츄베릅jmt_20250527_c2,츄베릅jmt_20250527,@pri_zll,다이어트 중인데 왜자꾸 알고리즘에 뜨냐구 ㅠㅠㅠ 아 몰라 구독 누르고 시켜,2025-05-29
츄베릅jmt_20250527_c3,츄베릅jmt_20250527,@jk3770,드디어!~~~~~~,2025-05-28
츄베릅jmt_20250527_c4,츄베릅jmt_20250527,@color1842,너무 귀여우시다,2025-05-28
츄베릅jmt_20250527_c5,츄베릅jmt_20250527,@Yunbbi_CO,오늘 저녁 안 먹었는데 진짜진ㄴ짜 맛있어보여여ㅠㅜ 이 시간에 올리는 거 반칙😭,2025-05-27
츄베릅jmt_20250527_c6,츄베릅jmt_20250527,@댕청미넘치는메타몽,아닠ㅋㅋㅋㅋ와중에 머리 위에 삐친거 왤케 귀여워🤭🌸,2025-05-27
츄베릅jmt_20250527_c7,츄베릅jmt_20250527,@가빈44,츄베릅님 떡상하는소리가 들리네용😊😊,2025-05-27
츄베릅jmt_20250527_c8,츄베릅jmt_20250527,@woz9639,꼭 떡상 하세요❤🎉,2025-05-27
츄베릅jmt_20250527_c9,츄베릅jmt_20250527,@윤보미팬다,잘먹네우리아기❤ ㅋ,2025-05-27
츄베릅jmt_20250527_c10,츄베릅jmt_20250527,@정수미남짱-e6h,냠냠하세요,2025-05-27
츄베릅jmt_20250527_c11,츄베릅jmt_20250527,@bori1711,치즈가루는 magic🎩,2025-05-27
츄베릅jmt_20250527_c12,츄베릅jmt_20250527,@최우성-e6u,1빠❤❤❤,2025-05-27
츄베릅jmt_20250526_c1,츄베릅jmt_20250526,@알린이귀가막혀,소리대박 ㅠ 잘보고있어요!!!!!,2025-07-29
츄베릅jmt_20250526_c2,츄베릅jmt_20250526,@AlaaAlrqeeb,私はこのソースが大好きで、正直なところ、このソースを試しなかった人は、じゃがいもや陶芸家でもクレイジーです❤❤,2025-07-22
츄베릅jmt_20250526_c3,츄베릅jmt_20250526,@Denose_vlogss,😋🤤,2025-07-20
츄베릅jmt_20250526_c4,츄베릅jmt_20250526,@rosebacolod,😋😋😋😋🤤🤤🤤,2025-06-23
츄베릅jmt_20250526_c5,츄베릅jmt_20250526,@둥이-d5c,신뭄물 눈으로 영접하니 바사석씨버먹는것도 그저 호강이어,2025-06-14
츄베릅jmt_20250526_c6,츄베릅jmt_20250526,@SalsabilaQurataayun,Omg❤❤❤😮😮😮😮so crispy and juicy,2025-06-13
츄베릅jmt_20250526_c7,츄베릅jmt_20250526,@JhoannaMacasalabang,❤❤,2025-06-05
츄베릅jmt_20250526_c8,츄베릅jmt_20250526,@hye_08ღ,잔망루피 케이크 먹방기원 3일차,2025-05-27
츄베릅jmt_20250526_c9,츄베릅jmt_20250526,@재현_쟁뽀,엇! 근데 이거 3월 22일인가에 올라온거랑 똑같은거 아닌가?,2025-05-26
츄베릅jmt_20250526_c10,츄베릅jmt_20250526,@나비B-k1j,혹시 교촌 허니콤보 드셔주실수있나요…?🥲,2025-05-26
츄베릅jmt_20250526_c11,츄베릅jmt_20250526,@최우성-e6u,❤❤❤❤,2025-05-26
츄베릅jmt_20250526_c12,츄베릅jmt_20250526,@Yunbbi_CO,재업인강,2025-05-26
츄베릅jmt_20250526_c13,츄베릅jmt_20250526,@GangGangg.f,와 지점 궁금해요…,2025-05-26
츄베릅jmt_20250526_c14,츄베릅jmt_20250526,@kangmool,이분 동네 bhc는 항상 가루 황금퀄로 뿌려주시는듯,2025-05-26
츄베릅jmt_20250526_c15,츄베릅jmt_20250526,@bori1711,뿌링클에 하바네로 소스도 맛나유!,2025-05-26
츄베릅jmt_20250525_c1,츄베릅jmt_20250525,@chcjjrosowowjhshxhdijrj,이 사람 아이스크림 먹방 때문에 자꾸 알고리즘에 뜨는데 너무 귀엽게 먹음ㅋㅋㅋㅋ 애기같아,2025-05-31
츄베릅jmt_20250525_c2,츄베릅jmt_20250525,@hye_08ღ,잔망루피 케이크 먹방 기원 2일차,2025-05-27
츄베릅jmt_20250525_c3,츄베릅jmt_20250525,@개꼴딱,족발 맛있나여?,2025-05-26
츄베릅jmt_20250525_c4,츄베릅jmt_20250525,@Yunbbi_CO,라면 치킨 쫀딕하게 먹는 유튜버 1위🥰,2025-05-26
츄베릅jmt_20250525_c5,츄베릅jmt_20250525,@의대간다2004년생,이거 보고 불족 반반시킴 😊,2025-05-26
츄베릅jmt_20250525_c6,츄베릅jmt_20250525,@대호김-g4m,얼굴만 보여요 이뻐서,2025-05-26
츄베릅jmt_20250525_c7,츄베릅jmt_20250525,@whj40812,너무짧아여 😭😭,2025-05-26
츄베릅jmt_20250525_c8,츄베릅jmt_20250525,@최우성-e6u,❤❤❤,2025-05-26
츄베릅jmt_20250525_c9,츄베릅jmt_20250525,@bori1711,불족발 볶는거 인죵이지,2025-05-25
츄베릅jmt_20250525_c10,츄베릅jmt_20250525,@하하하-k7f3j,언니 혹시 큐앤에이 하실 생각잇나요? 숨참고기다림,2025-05-25
츄베릅jmt_20250525_c11,츄베릅jmt_20250525,@가빈44,저두주세요 😋😋😋  점점 소리두 느시넹☺️☺️,2025-05-25
츄베릅jmt_20250525_c12,츄베릅jmt_20250525,@라이튠,불족발 안매운곳 어디 없나요ㅠㅠ 너무 먹고싶네요,2025-05-25
츄베릅jmt_20250525_c13,츄베릅jmt_20250525,@공공벌레-s6g,내가 봤던 언니 먹방 중에 젤 도파민 터짐..😍,2025-05-25
츄베릅jmt_20250525_c14,츄베릅jmt_20250525,@정재원-o2i,요즘도 틱톡 라이브 하나요..?😢,2025-05-25
츄베릅jmt_20250525_c15,츄베릅jmt_20250525,@이지환-z4x,누나 팬입니다 사랑합니다,2025-05-25
츄베릅jmt_20250523_c1,츄베릅jmt_20250523,@yousafthachoth4858,❤,2025-08-01
츄베릅jmt_20250523_c2,츄베릅jmt_20250523,@TheSrisistersDiaries,❤️,2025-07-25
츄베릅jmt_20250523_c3,츄베릅jmt_20250523,@권백현-c6v,저렇게 먹으면 다음날 배 안아프나?,2025-07-22
츄베릅jmt_20250523_c4,츄베릅jmt_20250523,@2p00-k8o,어디 불족발인가영?!,2025-05-30
츄베릅jmt_20250523_c5,츄베릅jmt_20250523,@최우성-e6u,❤❤❤❤❤,2025-05-28
츄베릅jmt_20250523_c6,츄베릅jmt_20250523,@hye_08ღ,진짜 너무 맛있겠어요ㅠㅜ 실례가 안된다면 반짝이는 잔망루피 케이크 드셔주세뇨 !! 가운데 있는 포크로 하나하나 찍어서 쫀득하게 머거주세요ㅠ🥹,2025-05-25
츄베릅jmt_20250523_c7,츄베릅jmt_20250523,@가든-v2f,소리 넘 짱 조은데 마이크 머쓰시나여??,2025-05-25
츄베릅jmt_20250523_c8,츄베릅jmt_20250523,@소심한로블계소시지,구독했어용!,2025-05-25
츄베릅jmt_20250523_c9,츄베릅jmt_20250523,@감자-r7r8y,매운거 잘드시네여,2025-05-24
츄베릅jmt_20250523_c10,츄베릅jmt_20250523,@얼죽아-d2h,너무 귀엽게 드신당❤,2025-05-24
츄베릅jmt_20250523_c11,츄베릅jmt_20250523,@Eletronicskyrike,❤❤❤❤,2025-05-24
츄베릅jmt_20250523_c12,츄베릅jmt_20250523,@color1842,왤캐 맛있어 보이냐,2025-05-23
츄베릅jmt_20250523_c13,츄베릅jmt_20250523,@half_moon1,맨날 이렇게 맛있는것만 먹어주시면.. 감사합니다🤤,2025-05-23
츄베릅jmt_20250523_c14,츄베릅jmt_20250523,@가빈44,어쩜이리귀엽게드시는징😊❤❤,2025-05-23
츄베릅jmt_20250523_c15,츄베릅jmt_20250523,@Yunbbi_CO,불닭 어떻게 저렇게 윤기나게 끓여여 ?,2025-05-23
츄베릅jmt_20250523_c16,츄베릅jmt_20250523,@여팔팔춘,매번 조합 레전드로 가져오는 먹천재얌🥹,2025-05-23
츄베릅jmt_20250523_c17,츄베릅jmt_20250523,@달휴달,ㄹㅈㄷ,2025-05-23
츄베릅jmt_20250523_c1,츄베릅jmt_20250523,@BintangRezeki-nt3cg,저는 튀긴 닭고기와 술을 정말 좋아해요🥰,2025-07-23
츄베릅jmt_20250523_c2,츄베릅jmt_20250523,@ppllaattoonn,왜이리 맛있어 보이냐. 구독 눌러요,2025-05-26
츄베릅jmt_20250523_c3,츄베릅jmt_20250523,@aernmxz-g7y,치즈소스 어디 건가요??,2025-05-24
츄베릅jmt_20250523_c4,츄베릅jmt_20250523,@가빈44,나중에kfc꼭먹어봐야겠어요🤗🥰,2025-05-23
츄베릅jmt_20250523_c5,츄베릅jmt_20250523,@최우성-e6u,❤❤❤❤❤,2025-05-23
츄베릅jmt_20250523_c6,츄베릅jmt_20250523,@whj40812,치킨진짜좋아하시는거같아요 😂😂😂❤,2025-05-23
츄베릅jmt_20250523_c7,츄베릅jmt_20250523,@haru1706,너무 이쁘고 소리도 좋아❤,2025-05-23
츄베릅jmt_20250523_c8,츄베릅jmt_20250523,@정재원-q1h,아니 이러면 치킨을 보라는거에여 아님 츄베릅님 미모를 보라는 거에여...😊,2025-05-23
츄베릅jmt_20250523_c9,츄베릅jmt_20250523,@Yunbbi_CO,비주얼 미쳤넨😮💖,2025-05-23
츄베릅jmt_20250523_c10,츄베릅jmt_20250523,@P.rizm0,이거 3월 16일에 올라온거랑 같은데 재업인가용?? 암튼 겁나 맛있게 생겻어여 밥 먹엇는데 클낫따. 츄베릅😋,2025-05-23
츄베릅jmt_20250523_c11,츄베릅jmt_20250523,@bori1711,역시 후라이드도 맛있지만 양념이 존맛♡,2025-05-23
츄베릅jmt_20250521_c1,츄베릅jmt_20250521,@Taraf-e8q,ًًًً.  😋😋😋😋😋,2025-07-21
츄베릅jmt_20250521_c2,츄베릅jmt_20250521,@lamarlamar-mf2zq,LaMar ❤😅,2025-07-20
츄베릅jmt_20250521_c3,츄베릅jmt_20250521,@정해광-z9n,맛있어 보인다 😢😢😢😢😘😘🫣🫣😋😋😋😶‍🌫️😶‍🌫️❤❤❤😘😘😘,2025-06-11
츄베릅jmt_20250521_c4,츄베릅jmt_20250521,@밀콩c,저는치즈볼대신 감튀  먹어요^^,2025-06-05
츄베릅jmt_20250521_c5,츄베릅jmt_20250521,@Esttsrthzdgh,소리 미쳤고 너무 맛있어보이는데 풀영상 없나요 엉엉,2025-06-04
츄베릅jmt_20250521_c6,츄베릅jmt_20250521,@Eletronicskyrike,너무 맜있겠다❤❤❤❤,2025-05-24
츄베릅jmt_20250521_c7,츄베릅jmt_20250521,@여팔팔춘,이쁘고 복스럽고 사운드좋아서 베릅영상은 봐도봐도좋음 다다익선🩵🩵🩵🩵🩵🩵,2025-05-22
츄베릅jmt_20250521_c8,츄베릅jmt_20250521,@윤보미팬다,잘먹는다 구구카카❤,2025-05-22
츄베릅jmt_20250521_c9,츄베릅jmt_20250521,@color1842,겁나 귀여우심 ㄷㄷ,2025-05-22
츄베릅jmt_20250521_c10,츄베릅jmt_20250521,@Chae_Xy1n,다이어트 비결 좀 알려주세욤 ㅠㅠㅠ,2025-05-22
츄베릅jmt_20250521_c11,츄베릅jmt_20250521,@의대간다2004년생,오늘 저녁에 이거 시켜먹어야게따,2025-05-22
츄베릅jmt_20250521_c12,츄베릅jmt_20250521,@최우성-e6u,❤❤❤❤❤,2025-05-21
츄베릅jmt_20250521_c13,츄베릅jmt_20250521,@구차해-w4g,너무 깔끔하게 드셔서 자꾸 보게 보네요 ㅎㅋㅋㅋ,2025-05-21
츄베릅jmt_20250521_c14,츄베릅jmt_20250521,@JJeong_jsy,영상 너무 중독적이에요🍗,2025-05-21
츄베릅jmt_20250521_c15,츄베릅jmt_20250521,@nojasineulalla523,이거 진짜 노무 맛있다 🐨🦉🪨❤️❤️❤️❤️😍,2025-05-21
츄베릅jmt_20250521_c16,츄베릅jmt_20250521,@유프훈이,핫뿌링클..? 새로 나온건가..,2025-05-21
츄베릅jmt_20250521_c17,츄베릅jmt_20250521,@Yunbbi_CO,치즈볼이 최고💕,2025-05-21
츄베릅jmt_20250521_c18,츄베릅jmt_20250521,@정재원-o2i,요즘은 하루의 영상이 여러개 나와서 넘 좋네요 크크😊,2025-05-21
츄베릅jmt_20250521_c19,츄베릅jmt_20250521,@정수미남짱-e6h,맥주랑 먹어야 제맛이죠,2025-05-21
츄베릅jmt_20250521_c20,츄베릅jmt_20250521,@가빈44,저두좀전에치킨먹었는뎅🤗🤭,2025-05-21
츄베릅jmt_20250521_c21,츄베릅jmt_20250521,@abcde43383,소리 직이네요,2025-05-21
츄베릅jmt_20250521_c22,츄베릅jmt_20250521,@bori1711,2번보기❤,2025-05-21
츄베릅jmt_20250521_c1,츄베릅jmt_20250521,@아피-z5l,구매처좀여ㅕ😢,2025-06-14
츄베릅jmt_20250521_c2,츄베릅jmt_20250521,@둥이-d5c,몰랑하게 😢드시니  입술이 더벌겋네,2025-06-13
츄베릅jmt_20250521_c3,츄베릅jmt_20250521,@sanho07,영상 처음 보는데 보기랑 소리도 너무 좋아서 구독하고 갑니당!!  흥하세용!,2025-05-28
츄베릅jmt_20250521_c4,츄베릅jmt_20250521,@이진영-r1b,"맛읎게 묵는 표정인디...???
쫌만 밝은 표정.아님 쫌만더 맛나게 묵는 건 으떨지",2025-05-26
츄베릅jmt_20250521_c5,츄베릅jmt_20250521,@half_moon1,오물오물 뇸뇸 입 귀여워ㅋㅋㄱ,2025-05-21
츄베릅jmt_20250521_c6,츄베릅jmt_20250521,@푸하하-j4l,저거 감자빵이 맛 델 궁금했는데!! 아니 근데 한입씩 먹은게 너무 편식하는 어린애 같은데요 ㅋㅋㅋ,2025-05-21
츄베릅jmt_20250521_c7,츄베릅jmt_20250521,@Yunbbi_CO,빵들 다 한입씩 머거져있는 거 왤케 귀엽지 ㅋㅋ,2025-05-21
츄베릅jmt_20250521_c8,츄베릅jmt_20250521,@정재원-o2i,원래 구황작물 안좋아하는ㄷ..빵은 맛있겠어요!....아니면 그냥 츄베릅님이 야무지게 먹어서 맛있어 보이는거 같기도...😊,2025-05-21
츄베릅jmt_20250521_c9,츄베릅jmt_20250521,@정수미남짱-e6h,맛있겠네요,2025-05-21
츄베릅jmt_20250521_c10,츄베릅jmt_20250521,@김민서-o2c3r,이거 제발 롱폼주세오ㅠㅠㅠㅠ,2025-05-21
츄베릅jmt_20250521_c11,츄베릅jmt_20250521,@acc-p8h,"너무 영상내용이 부실하다해야하나..뭐를 더 채우면 좋을듯 합니당..효과음을 넣든 재미난 짤을 넣든..? 
예를 들어 맛있는걸 먹을때 머리에 띵 불들어오면서 오오미!! 하는 짤을 넣는다던가 예 뭐 그래요..",2025-05-21
츄베릅jmt_20250521_c12,츄베릅jmt_20250521,@그래그래-d2i,쫄깃한 식감이 느껴지는 것 같아요!ㅋㅋㅋ,2025-05-21
츄베릅jmt_20250521_c13,츄베릅jmt_20250521,@최우성-e6u,3빠❤❤,2025-05-21
츄베릅jmt_20250521_c14,츄베릅jmt_20250521,@bori1711,자고로 빵은 속이 튼실해야하거늘,2025-05-21
츄베릅jmt_20250521_c15,츄베릅jmt_20250521,@K_do42,소리 진짜 너므 좋아요오 구독 박고갑니당,2025-05-21
츄베릅jmt_20250520_c1,츄베릅jmt_20250520,@베폭_꼭_봐_메다,이영상 보고 바로 구독 눌러버렸삼요 .. 아 너무 조아 ㅜㅠㅠㅠ,2025-06-04
츄베릅jmt_20250520_c2,츄베릅jmt_20250520,@itsluckkyday,샹궈는 먹다보면 물려서 남기게 되는데 그게 너무아까움 🥹,2025-06-01
츄베릅jmt_20250520_c3,츄베릅jmt_20250520,@염ckatotanf37,캬❤,2025-05-27
츄베릅jmt_20250520_c4,츄베릅jmt_20250520,@delicious__sun,백목이버섯🤍🤍🤍,2025-05-22
츄베릅jmt_20250520_c5,츄베릅jmt_20250520,@미쁘다-o4u,중국인 이에요?,2025-05-22
츄베릅jmt_20250520_c6,츄베릅jmt_20250520,@color1842,너무 귀여우십니다,2025-05-21
츄베릅jmt_20250520_c7,츄베릅jmt_20250520,@최우성-e6u,❤❤❤❤,2025-05-21
츄베릅jmt_20250520_c8,츄베릅jmt_20250520,@고수성-i5u,어디 마라샹궈에영 ?,2025-05-20
츄베릅jmt_20250520_c9,츄베릅jmt_20250520,@하하하-k7f3j,빵피 전반적으로 다 쫀득한가요? ?,2025-05-20
츄베릅jmt_20250520_c10,츄베릅jmt_20250520,@정재원-o2i,오..저두 요즘 마라탕 안먹었눈데...엄청 먹고싶어요..ㅠ,2025-05-20
츄베릅jmt_20250520_c11,츄베릅jmt_20250520,@띠드버서사줘,손이 ㄱ예쁘시네,2025-05-20
츄베릅jmt_20250520_c12,츄베릅jmt_20250520,@혀가양-d7u,맛있겠다....🥲,2025-05-20
츄베릅jmt_20250520_c13,츄베릅jmt_20250520,@양냥이-x8h,나 이 언니 먹방 너무 중독이 돼… 너무 좋아요…,2025-05-20
츄베릅jmt_20250520_c14,츄베릅jmt_20250520,@Yunbbi_CO,뽀득뽀득 소리 조아요 !🥰,2025-05-20
츄베릅jmt_20250520_c15,츄베릅jmt_20250520,@bori1711,저두 꿔바로우파><,2025-05-20
츄베릅jmt_20250520_c1,츄베릅jmt_20250520,@edwardquizon5690,이거지고싶다 바래 🤤🤤,2025-07-21
츄베릅jmt_20250520_c2,츄베릅jmt_20250520,@edwardquizon5690,코를들은게 너무좋은게,2025-07-21
츄베릅jmt_20250520_c3,츄베릅jmt_20250520,@깅슬깅슬깅슬,소리 너무 좋아요오,2025-05-31
츄베릅jmt_20250520_c4,츄베릅jmt_20250520,@hihi-dq3fp,감자빵이 ㄹㅇ 맛도리임,2025-05-25
츄베릅jmt_20250520_c5,츄베릅jmt_20250520,@0.o_yeon,어디서 샀나용?,2025-05-21
츄베릅jmt_20250520_c6,츄베릅jmt_20250520,@d.0xa526,고구마가 ㄹㅇ 개맛도리,2025-05-21
츄베릅jmt_20250520_c7,츄베릅jmt_20250520,@haru1706,소리넘 조아요 대창 먹어주세요,2025-05-21
츄베릅jmt_20250520_c8,츄베릅jmt_20250520,@띠드버서사줘,우쒸ㅣㅣㅣㅣㅣ시청자들이랑 같이 먹어요!,2025-05-21
츄베릅jmt_20250520_c9,츄베릅jmt_20250520,@최우성-e6u,❤❤❤❤❤,2025-05-21
츄베릅jmt_20250520_c10,츄베릅jmt_20250520,@이세화-v9h,"나도조~~~ㅜㅜ먹고십당
자기만먹고ㅡㅡ",2025-05-20
츄베릅jmt_20250520_c11,츄베릅jmt_20250520,@이세화-v9h,오실재갓다😮🎉,2025-05-20
츄베릅jmt_20250520_c12,츄베릅jmt_20250520,@정재원-o2i,야자시간에 몰래 보는데 몰래본 가치가 있네요...그리구 오늘도 아름다우세요!,2025-05-20
츄베릅jmt_20250520_c13,츄베릅jmt_20250520,@whj40812,우와오늘업로드많이되서너무좋다❤,2025-05-20
츄베릅jmt_20250520_c14,츄베릅jmt_20250520,@유튜브계정-z6j,ㅠㅠ너무짧아용 😢😢,2025-05-20
츄베릅jmt_20250520_c15,츄베릅jmt_20250520,@Yunbbi_CO,단호박빵 진짜 마싯겟다ㅜ,2025-05-20
츄베릅jmt_20250520_c16,츄베릅jmt_20250520,@bori1711,마늘빵아니구 만두맛 날거같애요ㅋㅋ,2025-05-20
츄베릅jmt_20250520_c17,츄베릅jmt_20250520,@가빈44,빵이신기하네용 진짜구황작물같네용🤗🫡,2025-05-20
츄베릅jmt_20250520_c18,츄베릅jmt_20250520,@정재원-q1h,1빠 맛있게ㅔ따😊,2025-05-20
츄베릅jmt_20250519_c1,츄베릅jmt_20250519,@Giyomi0-0,아이스크림 케이크 완전 쫀득하게 드신다,2025-05-22
츄베릅jmt_20250519_c2,츄베릅jmt_20250519,@띠드버서사줘,엄외는 초코볼이 짠것도 있고 아무맛 안나는게 2가지 있음ㅇㅇ,2025-05-20
츄베릅jmt_20250519_c3,츄베릅jmt_20250519,@정재원-q1h,민초 맛있는데..😊,2025-05-20
츄베릅jmt_20250519_c4,츄베릅jmt_20250519,@Eletronicskyrike,ㅑ.....  맜있겠다,2025-05-20
츄베릅jmt_20250519_c5,츄베릅jmt_20250519,@최우성-e6u,달달하겠다❤❤❤,2025-05-20
츄베릅jmt_20250519_c6,츄베릅jmt_20250519,@half_moon1,역시 이 구도가 좋단깨롱,2025-05-19
츄베릅jmt_20250519_c7,츄베릅jmt_20250519,@이동건-r4c,이뽀요,2025-05-19
츄베릅jmt_20250519_c8,츄베릅jmt_20250519,@대호김-g4m,생일언제에요?,2025-05-19
츄베릅jmt_20250519_c9,츄베릅jmt_20250519,@SD-bl7mh,볼살이 점점 통통해지시네 ㅋㅋ,2025-05-19
츄베릅jmt_20250519_c10,츄베릅jmt_20250519,@SMILE_2132,헐 저두 엄마는 외계인 좋아하는데💗 글구 너무 기여워요..🫶🎀,2025-05-19
츄베릅jmt_20250519_c11,츄베릅jmt_20250519,@Yunbbi_CO,아몬드 봉봉 겁나 마싯😋,2025-05-19
츄베릅jmt_20250519_c12,츄베릅jmt_20250519,@푸하하-j4l,민초도 좋아해주세요😅ㅋㅋㅋ,2025-05-19
츄베릅jmt_20250519_c13,츄베릅jmt_20250519,@김주희-y2p,맛있겠다 ㅠㅠ,2025-05-19
츄베릅jmt_20250519_c14,츄베릅jmt_20250519,@하하하-k7f3j,"언니 반민초엿구나,,,🥹",2025-05-19
츄베릅jmt_20250519_c15,츄베릅jmt_20250519,@bori1711,"헐 저랑 1,2위 똑같❤",2025-05-19
츄베릅jmt_20250519_c1,츄베릅jmt_20250519,@SuhanaChowdhury-u7p,p😊😊,2025-07-21
츄베릅jmt_20250519_c2,츄베릅jmt_20250519,@박소연-b3d,앗 저도 그말 하려고 했는데 아이스크림 케이크는 일반 아이스크림보다도 크림 함량을 더 높게 해서 만든다네요 모양 잡는 것 때문에… 그래서 더 느끼한 게 아닌가 싶어요ㅠ😅,2025-07-21
츄베릅jmt_20250519_c3,츄베릅jmt_20250519,@Lydia-z1k,Is very good,2025-07-20
츄베릅jmt_20250519_c4,츄베릅jmt_20250519,@김유나반가반가,저는이영사매일봤는데두게속보고싶다,2025-07-17
츄베릅jmt_20250519_c5,츄베릅jmt_20250519,@남바람돌이,아이스크림 ❤❤❤❤❤,2025-07-11
츄베릅jmt_20250519_c6,츄베릅jmt_20250519,@김유나반가반가,예쁘게생겼다,2025-07-09
츄베릅jmt_20250519_c7,츄베릅jmt_20250519,@김유나반가반가,입술왜꼭초코가무은거같아요,2025-07-09
츄베릅jmt_20250519_c8,츄베릅jmt_20250519,@유지혜-k1g,전엄외요너무좋아요,2025-07-05
츄베릅jmt_20250519_c9,츄베릅jmt_20250519,@Iwjdnrn,환승연애 서경님 닮앗오용,2025-06-28
츄베릅jmt_20250519_c10,츄베릅jmt_20250519,@Mikonebayy,Part2?,2025-06-27
츄베릅jmt_20250519_c11,츄베릅jmt_20250519,@nisa_6SAK,Wow this one 🥑🍉🍒🍓,2025-06-22
츄베릅jmt_20250519_c12,츄베릅jmt_20250519,@쌈뽕한내인생,화면에서 초콜릿향 나요..🩷💓,2025-06-05
츄베릅jmt_20250519_c13,츄베릅jmt_20250519,@민호이-p6e,전 민초,2025-06-02
츄베릅jmt_20250519_c14,츄베릅jmt_20250519,@jeongahna8389,"민초
👇(나만 민초좋아하나?)",2025-06-01
츄베릅jmt_20250519_c15,츄베릅jmt_20250519,@나는_멜로,엄마는 외계인이여 👩 👽,2025-05-28
츄베릅jmt_20250519_c16,츄베릅jmt_20250519,@jungahan1591,ㅇㅘ❤❤❤❤❤❤❤❤❤❤❤❤,2025-05-24
츄베릅jmt_20250519_c17,츄베릅jmt_20250519,@리바이리바이리바이,루피도 해주세요ㅠ,2025-05-23
츄베릅jmt_20250519_c18,츄베릅jmt_20250519,@ymirae,"롯* zer*처럼 말티톨이 아니라 에리스톨, 알룰로스 들어간 저당 아이스크림 찾고 있었는데 딱이네요-! 가오니님 믿고 사 먹어볼게요❤ 크런치초코바 제일 궁금해요 😊",2025-05-22
츄베릅jmt_20250519_c19,츄베릅jmt_20250519,@Letsbehappy__,엄마는 외계인은 외국에선 Puss in Boots(장화신은 고양이)로 불린다고 하네요:),2025-05-22
츄베릅jmt_20250519_c20,츄베릅jmt_20250519,@No__eul,초코민또! 요리모 아나타!,2025-05-22
츄베릅jmt_20250519_c21,츄베릅jmt_20250519,@오로라tv-i5x,나 이분 영상처음 보는데 내가 뵨 먹방 유튜버 중에서 가장 잘 드시는 것같음.,2025-05-22
츄베릅jmt_20250519_c22,츄베릅jmt_20250519,@정재원-o2i,ㅋㅋ먹는모습이 넘 귀여워요😊,2025-05-20
츄베릅jmt_20250519_c23,츄베릅jmt_20250519,@정재원-o2i,혹시 생일이에요..?,2025-05-20
츄베릅jmt_20250519_c24,츄베릅jmt_20250519,@대호김-g4m,생일이언제에용?!,2025-05-20
츄베릅jmt_20250519_c25,츄베릅jmt_20250519,@전서은-q4l,"요거트, 피스타치오 존맛❤",2025-05-19
츄베릅jmt_20250519_c26,츄베릅jmt_20250519,@그래그래-d2i,엄외가 잘 안 질리는 것 같아요!,2025-05-19
츄베릅jmt_20250519_c27,츄베릅jmt_20250519,@이지은-j9s,혹시 그 베라에있는 루피 포크 끼워져 있는 루피 아이스크림 케이크 먹어주시면 안될가여ㅠ 제발 부탁이에여❤❤,2025-05-19
츄베릅jmt_20250519_c28,츄베릅jmt_20250519,@bori1711,초코짱이여><,2025-05-19
츄베릅jmt_20250519_c29,츄베릅jmt_20250519,@최우성-e6u,2빠❤❤❤,2025-05-19
츄베릅jmt_20250519_c30,츄베릅jmt_20250519,@가빈44,케이크디자인 이쁘네용🤗🥰,2025-05-19
츄베릅jmt_20250519_c31,츄베릅jmt_20250519,@Yunbbi_CO,하리보 박혀있는 베라 신제품도 먹어주세여 !,2025-05-19
츄베릅jmt_20250518_c1,츄베릅jmt_20250518,@TV-uj7ny,잊을만하면 알고리즘 뜨네 배고파요 😊,2025-07-21
츄베릅jmt_20250518_c2,츄베릅jmt_20250518,@혀가양-d7u,지금 10신뎅 배고파...,2025-05-20
츄베릅jmt_20250518_c3,츄베릅jmt_20250518,@하하하-k7f3j,츄베릅 치킨 필승조합 !!!,2025-05-19
츄베릅jmt_20250518_c4,츄베릅jmt_20250518,@박미화-d7q,와우 소리가 찰지다 너무 귀여우세요 ㅎㅎ,2025-05-19
츄베릅jmt_20250518_c5,츄베릅jmt_20250518,@whj40812,어따케이렇게예쁘지,2025-05-19
츄베릅jmt_20250518_c6,츄베릅jmt_20250518,@정재원-o2i,저눈 학교에서 보눈데 너ㅁ 이뻐요❤,2025-05-19
츄베릅jmt_20250518_c7,츄베릅jmt_20250518,@Eletronicskyrike,와..... 학교 가기전에 보기❤,2025-05-18
츄베릅jmt_20250518_c8,츄베릅jmt_20250518,@대호김-g4m,맛잇나요,2025-05-18
츄베릅jmt_20250518_c9,츄베릅jmt_20250518,@윤보미팬다,사랑합니다 ❤,2025-05-18
츄베릅jmt_20250518_c10,츄베릅jmt_20250518,@Yunbbi_CO,자메이카랑 치킨 먹방 1티어 !!🥰,2025-05-18
츄베릅jmt_20250518_c11,츄베릅jmt_20250518,@박보스-x2d,구독취소,2025-05-18
츄베릅jmt_20250518_c12,츄베릅jmt_20250518,@bori1711,"자메이카 땡기자나,,",2025-05-18
츄베릅jmt_20250518_c13,츄베릅jmt_20250518,@정수미남짱-e6h,👍👍👍👍👍👍먹방의 요정이십니다요,2025-05-18
츄베릅jmt_20250518_c14,츄베릅jmt_20250518,@Log_inLounge,또 배고파 죽겠는데 알고리즘에 뜨셨네요.. ㅋㅋㅋ,2025-05-18
츄베릅jmt_20250518_c15,츄베릅jmt_20250518,@최우성-e6u,2빠❤❤,2025-05-18
츄베릅jmt_20250518_c16,츄베릅jmt_20250518,@가빈44,몰래뺏어먹어먹으면 얼마나 맛있을까?😅😝,2025-05-18
츄베릅jmt_20250516_c1,츄베릅jmt_20250516,@LimarAhmad-g3n,❤️😮,2025-07-23
츄베릅jmt_20250516_c2,츄베릅jmt_20250516,@AlaaAlrqeeb,人生で最高のクリップ❤❤❤,2025-07-22
츄베릅jmt_20250516_c3,츄베릅jmt_20250516,@띠드버서사줘,흰 옷?..?불닭먹는데 흰색이면... 얼마나 찝찝할까....,2025-05-21
츄베릅jmt_20250516_c4,츄베릅jmt_20250516,@하하하-k7f3j,헐 이거 요청하려고 했었는데 마침 딱 올라왓어ㅠㅜㅜ,2025-05-19
츄베릅jmt_20250516_c5,츄베릅jmt_20250516,@여팔팔춘,아이예뽀🩵🩵,2025-05-18
츄베릅jmt_20250516_c6,츄베릅jmt_20250516,@color1842,표정 ㅋㅋㅋㅋㅋㅋㅋㅋㅋㅋ,2025-05-17
츄베릅jmt_20250516_c7,츄베릅jmt_20250516,@그래그래-d2i,킬바사 오랜만이네요😃,2025-05-17
츄베릅jmt_20250516_c8,츄베릅jmt_20250516,@Eletronicskyrike,이쁘시고 맜있게 드세요,2025-05-17
츄베릅jmt_20250516_c9,츄베릅jmt_20250516,@치코리타-i9h,젓가락질 ㅅㅂ,2025-05-16
츄베릅jmt_20250516_c10,츄베릅jmt_20250516,@최우성-e6u,❤❤❤❤❤,2025-05-16
츄베릅jmt_20250516_c11,츄베릅jmt_20250516,@Yunbbi_CO,베릅님은 치킨 빵 라면 먹방이 젤루 좋은 듯 !!,2025-05-16
츄베릅jmt_20250516_c12,츄베릅jmt_20250516,@bori1711,특유의 불닭 맛이 안난다늬ㅠㅠ,2025-05-16
츄베릅jmt_20250516_c13,츄베릅jmt_20250516,@UchaS2,맛있겠다 ㅠㅠ❤ 너모 맛있게 드세용❤ 그리구 웰케 이쁘세요❤❤,2025-05-16
츄베릅jmt_20250516_c14,츄베릅jmt_20250516,@가빈44,츄베릅님은 맛있게잘드시는게 타고난거같아용😊🐣🐱,2025-05-16
츄베릅jmt_20250516_c1,츄베릅jmt_20250516,@가빈44,츄베릅님 오늘은배경이바뀌었네용😊😝 이게훨씬이쁜데요   배경이,2025-05-16
츄베릅jmt_20250516_c2,츄베릅jmt_20250516,@half_moon1,전 구도가 더 나은것 같기도.. ? 먼가 얼굴이랑 더 멀어진 느낌,2025-05-16
츄베릅jmt_20250516_c3,츄베릅jmt_20250516,@whj40812,진짜엄청예쁘게생겼어요,2025-05-16
츄베릅jmt_20250516_c4,츄베릅jmt_20250516,@Yunbbi_CO,구도 달라진 거도 넘 이뿌💕,2025-05-16
츄베릅jmt_20250516_c5,츄베릅jmt_20250516,@Eletronicskyrike,몇일전 구독잔데 이젠 최애 채널이 되버린....,2025-05-16
츄베릅jmt_20250516_c6,츄베릅jmt_20250516,@파초-o2q,귀여워!!,2025-05-16
츄베릅jmt_20250516_c7,츄베릅jmt_20250516,@정재원-q1h,구도 바꾸니까 저 좋은거 같아요..먼가 음식도 잘보이고 츄베릅님이 더 친근하게 느껴져요😊,2025-05-16
츄베릅jmt_20250516_c8,츄베릅jmt_20250516,@Bb-A-u1b,헐! 이런 느낌에 먹방 딱 내 스탈~,2025-05-16
츄베릅jmt_20250516_c9,츄베릅jmt_20250516,@Pli._n,흐아앙..좀 이따 불닭 먹는데 넘 맛잇게 먹어서 빨리 먹고 싶자나..,2025-05-16
츄베릅jmt_20250516_c10,츄베릅jmt_20250516,@최우성-e6u,❤❤❤❤❤,2025-05-16
츄베릅jmt_20250516_c11,츄베릅jmt_20250516,@bori1711,헐 저두 산지 2주정도 됐는데..ㅋㅋ,2025-05-16
츄베릅jmt_20250516_c12,츄베릅jmt_20250516,@쨈요,넘 맛있겠네용~,2025-05-16
츄베릅jmt_20250514_c1,츄베릅jmt_20250514,@주은백-x6r,어디서 구매가능한가여?,2025-06-21
츄베릅jmt_20250514_c2,츄베릅jmt_20250514,@mallondamotae,이게 언니 영상 첫 시작이었는데 진짜 넘 좋아요 쇼츠 다 봤어요 🩷🩷 앞으로도 영상 마니 마니 올려주세요 ❤❤,2025-06-02
츄베릅jmt_20250514_c3,츄베릅jmt_20250514,@수풀림-e5f,무가당 요거트에 찍어 먹으면 맛있겠어용,2025-05-26
츄베릅jmt_20250514_c4,츄베릅jmt_20250514,@UchaS2,소리 너무 조아요 ㅠㅠ❤,2025-05-16
츄베릅jmt_20250514_c5,츄베릅jmt_20250514,@bori1711,와 대왕이여 아주고냥,2025-05-15
츄베릅jmt_20250514_c6,츄베릅jmt_20250514,@Eletronicskyrike,너무 맜있게 드세요,2025-05-15
츄베릅jmt_20250514_c7,츄베릅jmt_20250514,@가빈44,맛있겠따😝 츄베릅님 몰래뺏어먹구싶당😏🤭,2025-05-14
츄베릅jmt_20250514_c8,츄베릅jmt_20250514,@대호김-g4m,소리에힐링 얼굴에 극락,2025-05-14
츄베릅jmt_20250514_c9,츄베릅jmt_20250514,@최우성-e6u,2빠❤❤,2025-05-14
츄베릅jmt_20250514_c10,츄베릅jmt_20250514,@Yunbbi_CO,빠삭 소리 힐링💕,2025-05-14
츄베릅jmt_20250514_c1,츄베릅jmt_20250514,@tjdusxhoi,어디서 구매하셨나요,2025-07-17
츄베릅jmt_20250514_c2,츄베릅jmt_20250514,@가빈44,이것두 맛있겠녀요😋☺️,2025-05-15
츄베릅jmt_20250514_c3,츄베릅jmt_20250514,@bori1711,두바이가 젤조아,2025-05-15
츄베릅jmt_20250514_c4,츄베릅jmt_20250514,@픽셀리만,4...4알 만이천원.. 예.. 대리만족 하고 갑니다,2025-05-15
츄베릅jmt_20250514_c5,츄베릅jmt_20250514,@최우성-e6u,2빠❤❤❤❤❤,2025-05-14
츄베릅jmt_20250514_c6,츄베릅jmt_20250514,@Yunbbi_CO,이거 베릅님이 뭔가 리뷰하실 거 같았아요 !!🥰,2025-05-14
츄베릅jmt_20250513_c1,츄베릅jmt_20250513,@성이름-h2q7p,기엽게 생기셨네ㅋㅋㅋㅋ,2025-06-24
츄베릅jmt_20250513_c2,츄베릅jmt_20250513,@의대간다2004년생,오늘 저녁은 이거다,2025-05-28
츄베릅jmt_20250513_c3,츄베릅jmt_20250513,@멋쟁이이시현,그치킨저희아빠가만든치킨이에요,2025-05-24
츄베릅jmt_20250513_c4,츄베릅jmt_20250513,@Yunbbi_CO,치즈볼 먹는 소리가 제일 좋아여,2025-05-14
츄베릅jmt_20250513_c5,츄베릅jmt_20250513,@color1842,군대라서 치킨을 못먹음 일단 외박나가면 처갓집이랑 푸라닭 너넨 D졌당,2025-05-14
츄베릅jmt_20250513_c6,츄베릅jmt_20250513,@smellneum,요즘 치밥은 ㄹㅇ 기영이네 아니면 지코바,2025-05-13
츄베릅jmt_20250513_c7,츄베릅jmt_20250513,@가빈44,츄르르 😋😋,2025-05-13
츄베릅jmt_20250513_c8,츄베릅jmt_20250513,@띠드버서사줘,직업이 혹시 음악쌤?...? 넘 예쁘시고 젊어보이고 초딩같은 말?을 쓰셔욬ㅋ,2025-05-13
츄베릅jmt_20250513_c9,츄베릅jmt_20250513,@봄바르디로나눔한디로,슈프림 맛있죠 ㅠ,2025-05-13
츄베릅jmt_20250513_c10,츄베릅jmt_20250513,@Djdoeoeo,"오랜만에 찾아왔습니다!
여전히 활동중이시네요 저 기억하실련지..
오랜만에 봐서 그런지 더욱 맛있어보이는...ㅠㅠ
대리만족 제대로 하고갑니다",2025-05-13
츄베릅jmt_20250513_c11,츄베릅jmt_20250513,@bori1711,오늘 슈프림 먹으려구했는데 기사님이 메뉴 잘못 가져오신 거 있져.. 그래서 금욜에 먹으려구욤ㅋㅋ,2025-05-13
츄베릅jmt_20250513_c12,츄베릅jmt_20250513,@최우성-e6u,1빠❤❤❤,2025-05-13
츄베릅jmt_20250512_c1,츄베릅jmt_20250512,@TaslimaAkter-cf6cm,"গওনচডুজ শি৷ ত,সপুতত",2025-07-22
츄베릅jmt_20250512_c2,츄베릅jmt_20250512,@chcjjrosowowjhshxhdijrj,"너무 귀여워,, 오리같아",2025-06-05
츄베릅jmt_20250512_c3,츄베릅jmt_20250512,@윤보미팬다,님동영상 보면서 하루를 시작하네요❤,2025-05-28
츄베릅jmt_20250512_c4,츄베릅jmt_20250512,@쿠로사키슌-n9n,응원합니다,2025-05-16
츄베릅jmt_20250512_c5,츄베릅jmt_20250512,@Ssoldaring,맛잘알👍,2025-05-15
츄베릅jmt_20250512_c6,츄베릅jmt_20250512,@user-danbsarang0807,"전 막 맛잇진않앗는데,, 팔도가 더 굿",2025-05-14
츄베릅jmt_20250512_c7,츄베릅jmt_20250512,@Yunbbi_CO,조합 개쩐다ㅏ...,2025-05-14
츄베릅jmt_20250512_c8,츄베릅jmt_20250512,@푸하하-j4l,육회랑 비빔면은 반칙 아닌가요...ㅋㅋㅋ,2025-05-13
츄베릅jmt_20250512_c9,츄베릅jmt_20250512,@whj40812,어머너무귀여워요구독!,2025-05-13
츄베릅jmt_20250512_c10,츄베릅jmt_20250512,@가빈44,먹고싶잖아용 저도주세용🤲🤲😋,2025-05-13
츄베릅jmt_20250512_c11,츄베릅jmt_20250512,@베이베,어머낭 쿼카 닮은게 귀엽고 ASMR도 잘하시네여 떡상을 바랍니당❤,2025-05-13
츄베릅jmt_20250512_c12,츄베릅jmt_20250512,@정수미남짱-e6h,👍👍👍👍👍👍,2025-05-12
츄베릅jmt_20250512_c13,츄베릅jmt_20250512,@Ahhaho,귀엽다,2025-05-12
츄베릅jmt_20250512_c14,츄베릅jmt_20250512,@yellowcat-ix8gp,귀여웁 주의보....,2025-05-12
츄베릅jmt_20250512_c15,츄베릅jmt_20250512,@Minjiispuppyking,육회 진짜 엄청 좋아한다멍! 🤤,2025-05-12
츄베릅jmt_20250512_c16,츄베릅jmt_20250512,@정재원-o2i,저 육회 못먹는데 너무 맛있어 보여요,2025-05-12
츄베릅jmt_20250512_c17,츄베릅jmt_20250512,@댕청미넘치는메타몽,"이건 먹고야 만다,,,,!!🥲🤤",2025-05-12
츄베릅jmt_20250512_c18,츄베릅jmt_20250512,@bori1711,궁금했던 칼빔면!!,2025-05-12
츄베릅jmt_20250512_c1,츄베릅jmt_20250512,@최선희-h1l,더럽게 먹고싶냐?,2025-06-20
츄베릅jmt_20250512_c2,츄베릅jmt_20250512,@원고-c8c,뒷트임 뭐로 하신거에요? 예쁘다...,2025-06-07
츄베릅jmt_20250512_c3,츄베릅jmt_20250512,@본딱-e1g,어디 마트에서 육회 사신건가여ㅠ,2025-05-28
츄베릅jmt_20250512_c4,츄베릅jmt_20250512,@Yunbbi_CO,먹어보고 싶던 거 다 리뷰해주는 베릅님💕,2025-05-14
츄베릅jmt_20250512_c5,츄베릅jmt_20250512,@최우성-e6u,❤❤❤❤,2025-05-13
츄베릅jmt_20250512_c6,츄베릅jmt_20250512,@정수미남짱-e6h,맛있게 먹네요,2025-05-12
츄베릅jmt_20250512_c7,츄베릅jmt_20250512,@가빈44,배홍동칼비빔 와고 같이먹으면무슨맛일지 궁금하네요😊,2025-05-12
츄베릅jmt_20250512_c8,츄베릅jmt_20250512,@대호김-g4m,라방해줘요오오오,2025-05-12
츄베릅jmt_20250512_c9,츄베릅jmt_20250512,@대호김-g4m,운동많이해요?,2025-05-12
츄베릅jmt_20250512_c10,츄베릅jmt_20250512,@댕청미넘치는메타몽,오밀조밀한데 뚜렷한 이목구비 + 칼빔면 -> 극락,2025-05-12
츄베릅jmt_20250512_c11,츄베릅jmt_20250512,@sm28jdi77iuu,ㅈㄴ 이쁘긴하다 병아리상임,2025-05-12
츄베릅jmt_20250512_c12,츄베릅jmt_20250512,@bori1711,"칼빔면에 육회 대박,, 육회 뭉탱이 미춌",2025-05-12
츄베릅jmt_20250512_c13,츄베릅jmt_20250512,@half_moon1,와 육회에 비빔면.. 침 흐른다 🤤 육회 저정도에 만원이면 엄청싸네요 너무 먹고싶다ㅠㅜ,2025-05-12
츄베릅jmt_20250511_c1,츄베릅jmt_20250511,@AlaaAlrqeeb,一度疲れたらどんどん増やしたくなる気がします😂😂😂,2025-07-22
츄베릅jmt_20250511_c2,츄베릅jmt_20250511,@얌얌f62,저는 연어러버여서 느끼해두 먹을것같아요!!,2025-07-17
츄베릅jmt_20250511_c3,츄베릅jmt_20250511,@YY-vs7hf,소스를 적게하면 훨씬맛읶어용,2025-05-25
츄베릅jmt_20250511_c4,츄베릅jmt_20250511,@99yhz99,인정 마요네즈 별로 안넣었는데도 느끼하고 그냥 별 맛 안남 간장와사비 양파랑 먹는게 젤 맛있어여 그냥 ㅜㅜ,2025-05-23
츄베릅jmt_20250511_c5,츄베릅jmt_20250511,@조유진-d2k,연어는 왜 나만 ❤맜있어보이고 실재는 맛없지?ㅠㅠ,2025-05-16
츄베릅jmt_20250511_c6,츄베릅jmt_20250511,@Yunbbi_CO,뇸뇸 먹는 거 너무 귀야워요ㅠㅜ,2025-05-14
츄베릅jmt_20250511_c7,츄베릅jmt_20250511,@znaiaiad,그건님이마요네즈를앙나많이넣으셧기때문입니다,2025-05-13
츄베릅jmt_20250511_c8,츄베릅jmt_20250511,@Ahhaho,이쁘다,2025-05-12
츄베릅jmt_20250511_c9,츄베릅jmt_20250511,@린콩콩린,이 언니 영상 처음 봐 봤는데 구독 박아버렸어요❤,2025-05-12
츄베릅jmt_20250511_c10,츄베릅jmt_20250511,@최우성-e6u,❤❤❤❤❤,2025-05-11
츄베릅jmt_20250511_c11,츄베릅jmt_20250511,@azzossi0831,소스가 왜이리 많아윸ㅋㅋㅋ,2025-05-11
츄베릅jmt_20250511_c12,츄베릅jmt_20250511,@푸하하-j4l,저렇게 먹는게 왜 유행하는건지 모르겠어요 간장찍어먹어도 맛있는연어를 ㅠㅠ,2025-05-11
츄베릅jmt_20250511_c13,츄베릅jmt_20250511,@정재원-o2i,왕 먹을때 진짜 귀엽네요😂,2025-05-11
츄베릅jmt_20250511_c14,츄베릅jmt_20250511,@bori1711,연어러버인데 이건 패스하기루!!,2025-05-11
츄베릅jmt_20250511_c15,츄베릅jmt_20250511,@가빈44,츄베릅님 진짜괜히여자홍사운드님아니네요 소리두날이갈수록좋아지네용😊🫡,2025-05-11
츄베릅jmt_20250511_c16,츄베릅jmt_20250511,@Log_inLounge,처음 뵙는데.. 맛있게 드시네요! 떡상 기원합니다:),2025-05-11
츄베릅jmt_20250511_c1,츄베릅jmt_20250511,@스껄꺼,남은 소스는 어떻게 했어요,2025-07-27
츄베릅jmt_20250511_c2,츄베릅jmt_20250511,@체리네-u1x,너무 맛있겠노,2025-07-25
츄베릅jmt_20250511_c3,츄베릅jmt_20250511,@송일용-n9n,❤️,2025-07-20
츄베릅jmt_20250511_c4,츄베릅jmt_20250511,@SarifaHawladar,❤️the best ❤❤❤,2025-07-17
츄베릅jmt_20250511_c5,츄베릅jmt_20250511,@얌얌f62,날치알이 너무 많은것 같은디...하지만 많이 넣을수록 맛있죠!!,2025-07-17
츄베릅jmt_20250511_c6,츄베릅jmt_20250511,@mayu8995,"とびこの量がすごい！！
見てて満足感ありました✨謝謝~~",2025-07-13
츄베릅jmt_20250511_c7,츄베릅jmt_20250511,@NuRong_,눈을 왜저렇게떠 ..,2025-07-12
츄베릅jmt_20250511_c8,츄베릅jmt_20250511,@뿡빵삥,날치알때문에 더 뻘개보이나봐요ㅋㅋㅋㅋ,2025-07-11
츄베릅jmt_20250511_c9,츄베릅jmt_20250511,@behsaayase-dw9pc,생선을 먹으면서 기생충에 감염되지 않는 방법을 알려주시겠어요?😢😢😢😢😢😢😢😢,2025-07-09
츄베릅jmt_20250511_c10,츄베릅jmt_20250511,@beomkwangjo5249,나도먹고싶다ㅏㅏㅏ,2025-07-06
츄베릅jmt_20250511_c11,츄베릅jmt_20250511,@헤보니-u3z,지저분,2025-07-02
츄베릅jmt_20250511_c12,츄베릅jmt_20250511,@yukine7765,tutupla mulut tu kak nnti masuk lalat kang,2025-07-02
츄베릅jmt_20250511_c13,츄베릅jmt_20250511,@jjjjjjjh,불닭소스랑 와사비 넣어보세여,2025-06-23
츄베릅jmt_20250511_c14,츄베릅jmt_20250511,@김서진-j4r5h,나는 멜론 화채 먹고싶다 멜론 팬되기 직전인듯. ㅎㅎ,2025-06-21
츄베릅jmt_20250511_c15,츄베릅jmt_20250511,@누에보-j1e,ㅈ같이 개느끼함,2025-06-21
츄베릅jmt_20250511_c16,츄베릅jmt_20250511,@서연-b2g,130만원이 정상적으로 입금되었습니다 나 지금 33,2025-06-03
츄베릅jmt_20250511_c17,츄베릅jmt_20250511,@샤랄랄랄-s8u,짜 짜겄다,2025-06-03
츄베릅jmt_20250511_c18,츄베릅jmt_20250511,@arch_corgi,입은왜자꾸 벌리는거임 ㅠㅠㅋㅋ,2025-05-30
츄베릅jmt_20250511_c19,츄베릅jmt_20250511,@소심한로블계소시지,다른 분이 만드는거 보고왔는데 연어양이 조금 차이나 지만 날치알이 엄청 많이 넣으시네용 ㅎㅎ 구독 했어요,2025-05-22
츄베릅jmt_20250511_c20,츄베릅jmt_20250511,@알람꺼놓음,입을 왜 자꾸 아랫니 보이게 벌리는 거예요..?,2025-05-21
츄베릅jmt_20250511_c21,츄베릅jmt_20250511,@또르담,날치알 대박❤,2025-05-19
츄베릅jmt_20250511_c22,츄베릅jmt_20250511,@Narin-i7c,날치알 개많넼ㅋㅋㅋㅋㅋㅋ,2025-05-19
츄베릅jmt_20250511_c23,츄베릅jmt_20250511,@아바라마싯다,와 살면서 이래 많은 날치알 첨봤다,2025-05-17
츄베릅jmt_20250511_c24,츄베릅jmt_20250511,@유프훈이,와 날치알 ㅋㅋㅋㅋㅋㅋㅋㅋㅋㅋㅋㅋㅋㅋㅋㅋㅋㅋㅋ 맛있게따,2025-05-17
츄베릅jmt_20250511_c25,츄베릅jmt_20250511,@soobin4914,저게뭐여!,2025-05-16
츄베릅jmt_20250511_c26,츄베릅jmt_20250511,@이혜민-f8w,더.. 러..ㅂ,2025-05-15
츄베릅jmt_20250511_c27,츄베릅jmt_20250511,@32-724A,날치알과 Ok 그러나 마요네즈까지ㅠ 지방덩어리,2025-05-15
츄베릅jmt_20250511_c28,츄베릅jmt_20250511,@춘식이의고구마,연어싫어하는데 먹고싶게만드는영상ㅋㅋㅋ 소리도좋고 .. 당신 어디있다가 내 알고리즘에 나타난거야 ❤,2025-05-14
츄베릅jmt_20250511_c29,츄베릅jmt_20250511,@Yunbbi_CO,날치알 되게 많아 보이는데 잘 섞이네욥 !,2025-05-14
츄베릅jmt_20250511_c30,츄베릅jmt_20250511,@widel8836,와 쥰내맛있겠다,2025-05-12
츄베릅jmt_20250511_c31,츄베릅jmt_20250511,@순영정-c6n,우웩,2025-05-11
츄베릅jmt_20250511_c32,츄베릅jmt_20250511,@대호김-g4m,이제 요리까지???????😮,2025-05-11
츄베릅jmt_20250511_c33,츄베릅jmt_20250511,@정재원-o2i,안녕하세요 저 그 칠가이..재원인데요..공부하려고 태블릿사서 츄베릅님 구독했어요! 요즘 바빠서 댓글도 잘못남기는데 이렇게 기숙사에서도 남길수 있어서 좋아요..! 화이팅하새용😊,2025-05-11
츄베릅jmt_20250511_c34,츄베릅jmt_20250511,@김시완-j8k,언니 개 이뽀 음식을 안보고 얼굴 보게돼,2025-05-11
츄베릅jmt_20250511_c35,츄베릅jmt_20250511,@bori1711,왓 소스 듬뿍이네욬ㅋㅋㅋ 내스탈,2025-05-11
츄베릅jmt_20250511_c36,츄베릅jmt_20250511,@가빈44,느끼할거같은데😅😊,2025-05-11
츄베릅jmt_20250511_c37,츄베릅jmt_20250511,@공공벌레-s6g,이게 살짝 느끼..?….언니의 혀 구조가 약간 궁금해짐.,2025-05-11
츄베릅jmt_20250511_c38,츄베릅jmt_20250511,@tkacjd00,날치알 너무 많은거 아니에욬ㅋㅋㅋ 귀여우세용 ㅠㅠㅋㅎㅎㅋ,2025-05-11
츄베릅jmt_20250507_c1,츄베릅jmt_20250507,@beomkwangjo5249,진짜 맛있게먹네용,2025-07-06
츄베릅jmt_20250507_c2,츄베릅jmt_20250507,@So.l_vlog,주말에 항상 잘 챙겨보고있어오❤,2025-06-07
츄베릅jmt_20250507_c3,츄베릅jmt_20250507,@은체-q1p,일반불닭납작당면 단종했다던데 어디서 구하셨나요 ㅠㅠㅠㅠ 편의점 15개 돌아도 없어서ㅠㅠㅠㅠ,2025-05-23
츄베릅jmt_20250507_c4,츄베릅jmt_20250507,@Yunbbi_CO,소리 진짜 잘잡으심...,2025-05-14
츄베릅jmt_20250507_c5,츄베릅jmt_20250507,@지1-h9h,꾸덕한소리 미쳤다요,2025-05-12
츄베릅jmt_20250507_c6,츄베릅jmt_20250507,@치코리타-i9h,와 젓가락질 진짜 븅신같아요,2025-05-08
츄베릅jmt_20250507_c7,츄베릅jmt_20250507,@정재원-q1h,와...진짜 맛있을거 가타요...ㅠㅠ,2025-05-08
츄베릅jmt_20250507_c8,츄베릅jmt_20250507,@대호김-g4m,진짜 맨날 맛있는거 먹는데 살이안찌시네..,2025-05-07
츄베릅jmt_20250507_c9,츄베릅jmt_20250507,@박보스-x2d,쿰척쿰척 소리좋네,2025-05-07
츄베릅jmt_20250507_c10,츄베릅jmt_20250507,@최우성-e6u,볼 빵빵해서 햄스터 같음 ㅎ❤❤,2025-05-07
츄베릅jmt_20250507_c11,츄베릅jmt_20250507,@가빈44,오늘우울해서 한끼도안먹었네ㅜㅜ 츄베릅님 이 불닭납작당면 맛있게드시니까 제배가 밥달라고 하네요😅🤣,2025-05-07
츄베릅jmt_20250507_c12,츄베릅jmt_20250507,@이동건-r4c,난 닭가슴살 먹는데..예쁘게 잘 드시넹 ㅜ,2025-05-07
츄베릅jmt_20250507_c13,츄베릅jmt_20250507,@bori1711,로제불닭납작당면은 먹어봤는데 일반 불닭납당도 먹어보고싶네용,2025-05-07
츄베릅jmt_20250502_c1,츄베릅jmt_20250502,@최우성-e6u,❤❤❤,2025-05-04
츄베릅jmt_20250502_c2,츄베릅jmt_20250502,@user-ws3tn8ce4t,귀여워요 ㅠㅠㅂ,2025-05-03
츄베릅jmt_20250502_c3,츄베릅jmt_20250502,@이동건-r4c,오늘도 예뽀요,2025-05-02
츄베릅jmt_20250502_c4,츄베릅jmt_20250502,@정재원-q1h,저 시험 망했는데 츄베릅님 보니까 기분이 좋아지네여..😊,2025-05-02
츄베릅jmt_20250502_c5,츄베릅jmt_20250502,@Keonhee-y7t,❤❤❤❤❤❤❤❤❤,2025-05-02
츄베릅jmt_20250502_c6,츄베릅jmt_20250502,@Yunbbi_CO,이거 궁금했는데 !! 이렇게 빠른 리뷰 쵝오에요💕,2025-05-02
츄베릅jmt_20250502_c7,츄베릅jmt_20250502,@bori1711,"흑임자 특집이라구 검정 옷 입으신건가욜,, 까망이 냥이 같아요😻",2025-05-02
츄베릅jmt_20250502_c8,츄베릅jmt_20250502,@가빈44,츄베릅볼려구 오늘두1등으로댓글다네요😝  츄르르 흑임자롤케이크 먹고싶당😋😋,2025-05-02
츄베릅jmt_20250502_c1,츄베릅jmt_20250502,@color1842,츄베릅누님 이렇게 긍정적인 반응 첨보네 진짜 맛있는거임 이정도면 ㅋㅋ,2025-05-03
츄베릅jmt_20250502_c2,츄베릅jmt_20250502,@lhxz,저도 주세요,2025-05-02
츄베릅jmt_20250502_c3,츄베릅jmt_20250502,@정재원-q1h,아니 머지...왜케 더 귀여워진거 같나여..?😮,2025-05-02
츄베릅jmt_20250502_c4,츄베릅jmt_20250502,@댕청미넘치는메타몽,"옴뇸뇸 맛있게 드신다아,,🤤",2025-05-02
츄베릅jmt_20250502_c5,츄베릅jmt_20250502,@Yunbbi_CO,퐁신해보인답 :>,2025-05-02
츄베릅jmt_20250502_c6,츄베릅jmt_20250502,@최우성-e6u,❤❤❤❤,2025-05-02
츄베릅jmt_20250502_c7,츄베릅jmt_20250502,@bori1711,롤케이크 패스하구 카스테라 사봐야겟당🥰,2025-05-02
츄베릅jmt_20250502_c8,츄베릅jmt_20250502,@가빈44,흑임자카스테라 맛있겠따😋😋  나중에꼭 흑임자 카스테라먹어봐야겠어용🤗😚,2025-05-02
츄베릅jmt_20250428_c1,츄베릅jmt_20250428,@Hyo_0514,손이랑 손톱 넘 이ㅣ뿌세요,2025-07-13
츄베릅jmt_20250428_c2,츄베릅jmt_20250428,@jadod.o,뒤에 붙여놓으신 거 귀여우세요ㅋㅋㅋㅋㅋㅋㅌㅠㅜㅜㅜㅡㅡㅡ,2025-05-06
츄베릅jmt_20250428_c3,츄베릅jmt_20250428,@Lovely_Heartsping,맛있겠당,2025-05-01
츄베릅jmt_20250428_c4,츄베릅jmt_20250428,@윤보미팬다,귀요미시다❤,2025-04-30
츄베릅jmt_20250428_c5,츄베릅jmt_20250428,@이승현-k5m,야미,2025-04-30
츄베릅jmt_20250428_c6,츄베릅jmt_20250428,@이연희-l4s,너무너무 사랑,2025-04-30
츄베릅jmt_20250428_c7,츄베릅jmt_20250428,@En_hasu,헉...저도 진짜 먹고 싶은데😢저희 집 근처에는 왜 불닭이 안 팔까요ㅠ,2025-04-30
츄베릅jmt_20250428_c8,츄베릅jmt_20250428,@언영-c3i,맛있겠다🤩😊,2025-04-30
츄베릅jmt_20250428_c9,츄베릅jmt_20250428,@lhxz,귀여워여 ㅋㅋ,2025-04-29
츄베릅jmt_20250428_c10,츄베릅jmt_20250428,@Keonhee-y7t,❤❤❤❤❤❤❤❤❤와,2025-04-29
츄베릅jmt_20250428_c11,츄베릅jmt_20250428,@하중-i7o,와 진짜 너무 이뻐요ㅠㅠㅠㅠ,2025-04-29
츄베릅jmt_20250428_c12,츄베릅jmt_20250428,@이동건-r4c,소리 너무 좋아요,2025-04-28
츄베릅jmt_20250428_c13,츄베릅jmt_20250428,@Yunbbi_CO,재업로두 ??,2025-04-28
츄베릅jmt_20250428_c14,츄베릅jmt_20250428,@최우성-e6u,❤❤❤❤,2025-04-28
츄베릅jmt_20250428_c15,츄베릅jmt_20250428,@하하하-k7f3j,치즈몇봉넣은거ㅑ용??,2025-04-28
츄베릅jmt_20250428_c16,츄베릅jmt_20250428,@재현_쟁뽀,요즘 츄베릅님 영상 정주행중인데 넘 맛있게 먹으시구 깔끔하게 드셔서 요즘 제 최애 유투버에요ㅜ.ㅜ♡,2025-04-28
츄베릅jmt_20250428_c17,츄베릅jmt_20250428,@댕청미넘치는메타몽,"내가 오늘 이걸 먹었어야하는데,,,,",2025-04-28
츄베릅jmt_20250428_c18,츄베릅jmt_20250428,@bori1711,이거 저번에 봤던 영상아닌가??!!,2025-04-28
츄베릅jmt_20250428_c19,츄베릅jmt_20250428,@아이브이야기,ㅠㅠ 넘 맛있겠다.ㅜㅜ❤,2025-04-28
츄베릅jmt_20250428_c20,츄베릅jmt_20250428,@Cuio.p,흐엉 맛있겠다ㅠ,2025-04-28
츄베릅jmt_20250428_c21,츄베릅jmt_20250428,@가빈44,츄베릅님 볼려고 바로달려왔어요😊,2025-04-28
츄베릅jmt_20250425_c1,츄베릅jmt_20250425,@소유-u3i,알바생이셨구나,2025-06-19
츄베릅jmt_20250425_c2,츄베릅jmt_20250425,@정승현-e5b,"❤❤❤❤❤❤❤❤ 좋아요 누르고있어요 너무예뻐요 언제나
화이팅 해요 ❤",2025-06-19
츄베릅jmt_20250425_c3,츄베릅jmt_20250425,@mallondamotae,넘 맛있엉보여요ㅠㅠ❤,2025-06-02
츄베릅jmt_20250425_c4,츄베릅jmt_20250425,@gamno1025,언니 허니콤보에 엽떡 드셔주데요...🤓,2025-05-11
츄베릅jmt_20250425_c5,츄베릅jmt_20250425,@여팔팔춘,과하지 않은 적당한양을 먹어서 보기도 편하고 넘 야무지게 잘드심🩵🩵,2025-04-28
츄베릅jmt_20250425_c6,츄베릅jmt_20250425,@asmr-cr1ve,"이쁜 언니가 와구와구 먹으니까 너무 귀여우세요,,",2025-04-26
츄베릅jmt_20250425_c7,츄베릅jmt_20250425,@QAQ-x1i,고추마요에 고추마요 찍어먹으면 완전 꾸덕해서 맛있어짐…,2025-04-26
츄베릅jmt_20250425_c8,츄베릅jmt_20250425,@jungahan1591,완쥰 오래만유❤❤오늘 이거 한 10번은 봐서 시켜야겠움,2025-04-26
츄베릅jmt_20250425_c9,츄베릅jmt_20250425,@sm28jdi77iuu,걍 예뻐서 보는 중,2025-04-26
츄베릅jmt_20250425_c10,츄베릅jmt_20250425,@color1842,와 푸라닭 고추마요 이 미친새기야❤ 너는 내가 휴가나가면 반드시 먹어줄게 일로와 보니까 양념소스도 하나 챙겨야겠구만,2025-04-26
츄베릅jmt_20250425_c11,츄베릅jmt_20250425,@선도움,츄베릅님 왜 이렇게 예쁘세요?❤❤❤❤❤❤❤❤❤❤❤❤❤❤❤❤❤❤❤❤❤❤❤❤❤❤❤❤❤❤❤❤❤❤❤❤❤❤❤❤❤❤❤❤❤❤❤❤❤❤❤❤❤❤❤❤❤❤❤❤❤❤❤❤❤❤❤❤❤❤❤❤❤❤❤❤❤❤❤❤❤❤❤❤❤❤❤❤❤❤❤❤❤❤❤❤❤❤❤❤❤❤❤❤❤❤❤❤❤❤❤❤❤❤❤❤❤❤❤❤❤❤❤❤❤❤❤❤❤❤❤❤❤❤❤❤❤❤❤❤❤❤❤❤❤❤❤❤❤❤❤❤❤❤❤❤❤❤❤❤❤❤❤❤❤❤❤❤❤❤❤❤❤❤❤❤❤❤❤❤❤❤❤❤❤❤❤❤❤❤❤❤❤❤❤❤❤❤❤❤❤❤❤❤❤❤❤❤❤❤❤❤❤❤❤❤❤❤❤❤❤❤❤❤❤❤❤❤❤❤❤❤❤❤❤❤❤❤❤❤❤❤❤❤❤❤❤❤❤❤❤❤❤❤❤❤❤❤❤❤❤❤❤❤❤❤❤❤❤❤❤❤❤❤❤❤❤❤❤❤❤❤❤❤❤❤❤❤❤❤❤❤❤❤❤❤❤❤❤❤❤❤❤❤❤❤❤❤❤❤❤❤❤❤❤❤❤❤❤❤❤❤❤❤❤❤❤❤❤❤❤❤❤❤❤❤❤❤❤❤❤❤❤❤❤❤❤❤❤❤❤❤❤❤❤❤❤❤❤❤❤❤❤❤❤❤❤❤❤❤❤❤❤❤❤❤❤❤❤❤❤❤❤❤❤❤❤❤❤❤❤❤❤❤❤❤❤❤❤❤❤❤❤❤❤❤❤❤❤❤❤❤❤❤❤❤❤❤❤❤❤❤❤❤❤❤❤❤❤❤❤❤❤❤❤❤❤❤❤❤❤❤❤❤❤❤❤❤❤❤❤❤❤❤❤❤❤❤❤❤❤❤❤❤❤❤❤❤❤❤❤❤❤❤❤❤❤❤❤❤❤❤❤❤❤❤❤❤❤❤❤❤❤❤❤❤❤❤❤❤❤❤❤❤❤❤❤❤❤❤❤❤❤❤❤❤❤❤❤❤❤❤❤❤❤❤❤❤❤❤❤❤❤❤❤❤❤❤❤❤❤❤❤❤❤❤❤❤❤❤❤❤❤❤❤❤❤❤❤❤❤❤❤❤❤❤❤❤❤❤❤❤❤❤❤❤❤❤❤❤❤❤❤❤❤❤❤❤❤❤❤❤❤❤❤❤❤❤❤❤❤❤❤❤❤❤❤❤❤❤❤❤❤❤❤❤❤❤❤❤❤❤❤❤❤❤❤❤❤❤❤❤❤❤❤❤❤❤❤❤❤❤❤❤❤❤❤❤❤❤❤❤❤❤❤❤❤❤❤❤❤❤❤❤❤❤❤❤❤❤❤❤❤❤❤❤❤❤❤❤❤❤❤❤❤❤❤❤❤❤❤❤❤❤❤❤❤❤❤❤❤❤❤❤❤❤❤❤❤❤❤❤❤❤❤❤❤❤❤❤❤❤❤❤❤❤❤❤❤❤❤❤❤❤❤❤❤❤❤❤❤❤❤❤❤❤❤❤❤❤❤❤❤❤❤❤❤❤❤❤❤❤❤❤❤❤❤❤❤❤❤❤❤❤❤❤❤❤❤❤❤❤❤❤❤❤❤❤❤❤❤❤❤❤❤❤❤❤❤❤❤❤❤❤❤❤❤❤❤❤❤❤❤❤❤❤❤❤❤❤❤❤❤❤❤❤❤❤❤❤❤❤❤❤❤❤❤❤❤❤❤❤❤❤❤❤❤❤❤❤❤❤❤❤❤❤❤❤❤❤❤❤❤❤❤❤❤❤❤❤❤❤❤❤❤❤❤❤❤❤❤❤❤❤❤❤❤❤❤❤❤❤❤❤❤❤❤❤❤❤❤❤❤❤❤❤❤❤❤❤❤❤❤❤❤❤❤❤❤❤❤❤❤❤❤❤❤❤❤❤❤❤❤❤❤❤❤❤❤❤❤❤❤❤❤❤❤❤❤❤❤❤❤❤❤❤❤❤❤❤❤❤❤❤❤❤❤❤❤❤❤❤❤❤❤❤❤❤❤❤❤❤❤❤❤❤❤❤❤❤❤❤❤❤❤❤❤❤❤❤❤❤❤❤❤❤❤❤❤❤❤❤❤❤❤❤❤❤❤❤❤❤❤❤❤❤❤❤❤❤❤❤❤❤❤❤❤❤❤❤❤❤❤❤❤❤❤❤❤❤❤❤❤❤❤❤❤❤❤❤❤❤❤❤❤❤❤❤❤❤❤❤❤❤❤❤❤❤❤❤❤❤❤❤❤❤❤❤❤❤❤❤❤❤❤❤❤❤❤❤❤❤❤❤❤❤❤❤❤❤❤❤❤❤❤❤❤❤❤❤❤❤❤❤❤❤❤❤❤❤❤❤❤❤❤❤❤❤❤❤❤❤❤❤❤❤❤❤❤❤❤❤❤❤❤❤❤❤❤❤❤❤❤❤❤❤❤❤❤❤❤❤❤❤❤❤❤❤❤❤❤❤❤❤❤❤❤❤❤❤❤❤❤❤❤❤❤❤❤❤❤❤❤❤❤❤❤❤❤❤❤❤❤❤❤❤❤❤❤❤❤❤❤❤❤❤❤❤❤❤❤❤❤❤❤❤❤❤❤❤❤❤❤❤❤❤❤❤❤❤❤❤❤❤❤❤❤❤❤❤❤❤❤❤❤❤❤❤❤❤❤❤❤❤❤❤❤❤❤❤❤❤❤❤❤❤❤❤❤❤❤❤❤❤❤❤❤❤❤❤❤❤❤❤❤❤❤❤❤❤❤❤❤❤❤❤❤❤❤❤❤❤❤❤❤❤❤❤❤❤❤❤❤❤❤❤❤❤❤❤❤❤❤❤❤❤❤❤❤❤❤❤❤❤❤❤❤❤❤❤❤❤❤❤❤❤❤❤❤❤❤❤❤❤❤❤❤❤❤❤❤❤❤❤❤❤❤❤❤❤❤❤❤❤❤❤❤❤❤❤❤❤❤❤❤❤❤❤❤❤❤❤,2025-04-26
츄베릅jmt_20250425_c12,츄베릅jmt_20250425,@bori1711,푸라닭이랑 굽네는 무적권 순살♧☆,2025-04-25
츄베릅jmt_20250425_c13,츄베릅jmt_20250425,@박보스-x2d,앵두입술❤,2025-04-25
츄베릅jmt_20250425_c14,츄베릅jmt_20250425,@정재원-q1h,오늘따라 피부가 좀 하얀거 같아요...더 이뻐졌어요...시험기간인데 츄베릅님 보고 기분이 좋아지네용..😊,2025-04-25
츄베릅jmt_20250425_c15,츄베릅jmt_20250425,@Yunbbi_CO,아 배고파...,2025-04-25
츄베릅jmt_20250425_c16,츄베릅jmt_20250425,@Lovely_Heartsping,우와아아 맛있겠따....😮,2025-04-25
츄베릅jmt_20250425_c17,츄베릅jmt_20250425,@최우성-e6u,❤❤❤❤,2025-04-25
츄베릅jmt_20250425_c18,츄베릅jmt_20250425,@가빈44,어머 멍멍이가 치킨을먹넹😊😍🐶 츄베릅님 요즘더이뻐지셨네용🐰🐰🥰,2025-04-25
츄베릅jmt_20250421_c1,츄베릅jmt_20250421,@냐냥-w6m,소리가 ㅁㅊ어요 저 다이어트중인데 내일 마.샹 시킬지고민중 샤갈,2025-07-27
츄베릅jmt_20250421_c2,츄베릅jmt_20250421,@Zber-06,다른분들은 소스 다 흘리시면서 드시는데 츄베릅님은 한번에 드셔서 깔끔하고 조아요 ㅠㅠ,2025-07-12
츄베릅jmt_20250421_c3,츄베릅jmt_20250421,@LoL_Nasus,와 처음 백목이 ㅁㅊ…,2025-06-07
츄베릅jmt_20250421_c4,츄베릅jmt_20250421,@보리-z6r,마라샹궈 넘 맛있어보여요ㅠㅠ,2025-06-05
츄베릅jmt_20250421_c5,츄베릅jmt_20250421,@닝먕스틴,😮 제가 마라샹궈를 안먹어 봤는데.. 이 영상보고 너무너무 먹고싶어져서 토요일에 먹어버린 거 있죠..😊 진짜 너무 맛있게 복스럽게 드시네용!! 구독•좋아요 하고 갑니당~~❤,2025-05-20
츄베릅jmt_20250421_c6,츄베릅jmt_20250421,@Hallo_qoekd9872,담에무조건 라면사리추가 ㄱㄱ!!,2025-05-18
츄베릅jmt_20250421_c7,츄베릅jmt_20250421,@이꽃님-l6z,눈이 왜케 빨갛지? 화장이 무서움,2025-05-17
츄베릅jmt_20250421_c8,츄베릅jmt_20250421,@고수성-i5u,왜이렇게 맛있게 먹나요 …?!!! 침 흘리먄서 봤어요 😢😢😢,2025-05-09
츄베릅jmt_20250421_c9,츄베릅jmt_20250421,@Y-jst,개맛잇게 드시네 ㅜ,2025-05-08
츄베릅jmt_20250421_c10,츄베릅jmt_20250421,@user-sz5eo4zk7z,그래서 어디마라탕집인가여?,2025-05-08
츄베릅jmt_20250421_c11,츄베릅jmt_20250421,@SsuN-lr3dw,츄베릅님 가능하시다몀 엽떡 오리지널 맛 먹어주세염 ❤❤❤❤❤❤❤❤,2025-05-05
츄베릅jmt_20250421_c12,츄베릅jmt_20250421,@하하하-k7f3j,허 이거 궁금했는데 딱 올라왓군뇨,2025-05-03
츄베릅jmt_20250421_c13,츄베릅jmt_20250421,@뽀유핑,카와이,2025-04-27
츄베릅jmt_20250421_c14,츄베릅jmt_20250421,@댕청미넘치는메타몽,"1일 1츄베릎 시작합니다ㅏ,, 바로 구독박아버렸슈🌸",2025-04-26
츄베릅jmt_20250421_c15,츄베릅jmt_20250421,@user-bi5ze8dg7l,"아니 오늘 첨 봤는데 ASMR 엄청 잘하네요..
다른 영상들도 반해버려서 구독 박앗습니당",2025-04-26
츄베릅jmt_20250421_c16,츄베릅jmt_20250421,@금로밋,어디 마라탕집인가용,2025-04-23
츄베릅jmt_20250421_c17,츄베릅jmt_20250421,@121-j7x,왕ㅁ맛잇게드시네요,2025-04-22
츄베릅jmt_20250421_c18,츄베릅jmt_20250421,@vruseaii,츄베릅님.. 기능하시다면 네네치킨 스노윙치즈두 먹어주시면 안되나용?ㅠㅠ 츄베릅님이 리뷰해주시는거 너무 궁금해용ㅠ,2025-04-22
츄베릅jmt_20250421_c19,츄베릅jmt_20250421,@ddoyotomehideyosy,예뻐요,2025-04-22
츄베릅jmt_20250421_c20,츄베릅jmt_20250421,@Lovely_Heartsping,잘드시네,2025-04-22
츄베릅jmt_20250421_c21,츄베릅jmt_20250421,@최우성-e6u,❤❤❤,2025-04-22
츄베릅jmt_20250421_c22,츄베릅jmt_20250421,@안유진사랑하는안유댕,너모 귀여워옹ㅇㅇ,2025-04-22
츄베릅jmt_20250421_c23,츄베릅jmt_20250421,@이동건-r4c,배고파요,2025-04-21
츄베릅jmt_20250421_c24,츄베릅jmt_20250421,@QAQ-x1i,모기모기,2025-04-21
츄베릅jmt_20250421_c25,츄베릅jmt_20250421,@윤보미팬다,먹는 모습도 공주가테❤❤,2025-04-21
츄베릅jmt_20250421_c26,츄베릅jmt_20250421,@하하하-k7f3j,백목이 맛도리인데ㅠㅜ맛잘알이세요 ㄹㅇ,2025-04-21
츄베릅jmt_20250421_c27,츄베릅jmt_20250421,@Yunbbi_CO,꿔바로우 소리 으ㅏㅏ마싯겠다,2025-04-21
츄베릅jmt_20250421_c28,츄베릅jmt_20250421,@가빈44,마라탕이진짜무슨맛인지 이해가안가네요😅,2025-04-21
츄베릅jmt_20250421_c29,츄베릅jmt_20250421,@햄찌-123-ABC,너무 맛있겠다 나도 배고플 때 이 영상 봐야겠다☺️,2025-04-21
츄베릅jmt_20250421_c30,츄베릅jmt_20250421,@정재원-q1h,레드카드 드릴께요..이건 너무 이쁘고 귀여워서 반칙입니다..😊,2025-04-21
츄베릅jmt_20250421_c31,츄베릅jmt_20250421,@bori1711,역시 소고기쥐,2025-04-21
츄베릅jmt_20250418_c1,츄베릅jmt_20250418,@버터링-o4g,피부가 진짜좋다 ㅎ,2025-04-20
츄베릅jmt_20250418_c2,츄베릅jmt_20250418,@가빈44,제가 자주시켜먹던 치킨브랜드네요  나중에 츄베릅님 처럼 우동사리넣어서먹어봐야겠어용😊😋,2025-04-18
츄베릅jmt_20250418_c3,츄베릅jmt_20250418,@최우성-e6u,❤❤❤❤,2025-04-18
츄베릅jmt_20250418_c4,츄베릅jmt_20250418,@Yunbbi_CO,이제 이 채널 맨날 출첵할거에욥 !!,2025-04-18
츄베릅jmt_20250418_c5,츄베릅jmt_20250418,@정재원-q1h,왕...먹는소리가 정말 좋긴한대..츄베릅님 목소리도 듣고싶네용..ㅠ😊,2025-04-18
츄베릅jmt_20250418_c6,츄베릅jmt_20250418,@윤보미팬다,공주같습니다 마마❤,2025-04-18
츄베릅jmt_20250418_c7,츄베릅jmt_20250418,@오질라,와 너무 이쁘셔요.. 맛있겠다 ㅜ,2025-04-18
츄베릅jmt_20250418_c8,츄베릅jmt_20250418,@Minjiispuppyking,이거 지코바급으로 정말 맛있다멍!,2025-04-18
츄베릅jmt_20250418_c9,츄베릅jmt_20250418,@bori1711,"검정고무신 생각나요,,, 기영이ㅋㅋ",2025-04-18
츄베릅jmt_20250416_c1,츄베릅jmt_20250416,@일상-x3x,초코도!!먹어주세요❤,2025-07-14
츄베릅jmt_20250416_c2,츄베릅jmt_20250416,@멜팅-d2x,소리짱좋아요,2025-06-05
츄베릅jmt_20250416_c3,츄베릅jmt_20250416,@대호김-g4m,너무이뻐요,2025-05-14
츄베릅jmt_20250416_c4,츄베릅jmt_20250416,@Pokshik.0,와 제가 저거 사봤는데 진짜 작던데 츄베릅님이 드시니까 얼굴만해보임 ㅠㅜ 얼굴이 진짜 작으시네요,2025-05-12
츄베릅jmt_20250416_c5,츄베릅jmt_20250416,@half_moon1,편의점에서 3천원에 팔아도 살까말까 고민할만한.. ㅋㅋ,2025-04-17
츄베릅jmt_20250416_c6,츄베릅jmt_20250416,@김서연-n3d3p,초코에 오독오독 소리가 좋아요❤,2025-04-17
츄베릅jmt_20250416_c7,츄베릅jmt_20250416,@최우성-e6u,❤❤❤❤❤,2025-04-17
츄베릅jmt_20250416_c8,츄베릅jmt_20250416,@정재원-q1h,왜 이렇게 이뻐요..?😊,2025-04-16
츄베릅jmt_20250416_c9,츄베릅jmt_20250416,@부누부누-h6h,혹시 이번영상 립 넘 이쁜데 혹시 무슨 립인지 알려주실수있나요..?ㅜㅜ,2025-04-16
츄베릅jmt_20250416_c10,츄베릅jmt_20250416,@Yunbbi_CO,저거 먹어보구 싶었는데 6개 16000원이라니🥹😱,2025-04-16
츄베릅jmt_20250416_c11,츄베릅jmt_20250416,@가빈44,몽쉘와고 오예스를합쳐놓은거같아요😊  맛은상상이안가네😅,2025-04-16
츄베릅jmt_20250416_c12,츄베릅jmt_20250416,@bori1711,초코코팅소리 좋아욤🫠,2025-04-16
츄베릅jmt_20250414_c1,츄베릅jmt_20250414,@user-cc1rz2ye5o,앞니에 검정색 점?….. 뭔가요,2025-05-05
츄베릅jmt_20250414_c2,츄베릅jmt_20250414,@유진_0628,이렇게 먹는데 살 안 쪄보여서 부럽다 😮,2025-04-25
츄베릅jmt_20250414_c3,츄베릅jmt_20250414,@봄바르디로나눔한디로,맛있겠다,2025-04-16
츄베릅jmt_20250414_c4,츄베릅jmt_20250414,@가빈44,보들보들 치즈볶음면  먹고싶다😋  갑자기배고프네,2025-04-16
츄베릅jmt_20250414_c5,츄베릅jmt_20250414,@YouTuyjgt87,"아 넘배고파ㅠ괜히 새벽에 봤당...
요즘 셤기간이라서 스트레스 받는데 낼 따라 먹어볼게욥...🥹🥹맛있겠따",2025-04-15
츄베릅jmt_20250414_c6,츄베릅jmt_20250414,@HungryK-Food,치즈볶음면 맛있겠다아!!,2025-04-15
츄베릅jmt_20250414_c7,츄베릅jmt_20250414,@half_moon1,보들보들씨 ㅋㅋㅋ,2025-04-14
츄베릅jmt_20250414_c8,츄베릅jmt_20250414,@박보스-x2d,난 저 입술이 겁나먹고싶음❤,2025-04-14
츄베릅jmt_20250414_c9,츄베릅jmt_20250414,@최우성-e6u,❤❤❤❤❤,2025-04-14
츄베릅jmt_20250414_c10,츄베릅jmt_20250414,@대호김-g4m,아너무이쁘다....음식이 눈에 안들어온다,2025-04-14
츄베릅jmt_20250414_c11,츄베릅jmt_20250414,@bori1711,뭐양 한달 전 영상 이었다뉘..ㅋㅋ,2025-04-14
츄베릅jmt_20250411_c1,츄베릅jmt_20250411,@AminaDoll-g2t,❤️,2025-07-26
츄베릅jmt_20250411_c2,츄베릅jmt_20250411,@진맵이,아니 소주잔이 왜케커 얼굴진짜 작은가부다 ………………❤,2025-04-12
츄베릅jmt_20250411_c3,츄베릅jmt_20250411,@박보스-x2d,남친있었네,2025-04-12
츄베릅jmt_20250411_c4,츄베릅jmt_20250411,@jungahan1591,와ㅏ❤❤❤넘모 갬성,2025-04-11
츄베릅jmt_20250411_c5,츄베릅jmt_20250411,@겁쟁이아지,바람 겁나불어서 저꽃잎 테이블에 다 날라오면 개짜증인데,2025-04-11
츄베릅jmt_20250411_c6,츄베릅jmt_20250411,@half_moon1,츄베릅 미모실화?,2025-04-11
츄베릅jmt_20250411_c7,츄베릅jmt_20250411,@bori1711,진짜 츄베릅이다... 삼겹사알,2025-04-11
츄베릅jmt_20250411_c8,츄베릅jmt_20250411,@가빈44,한번츄베릅님이랑 같이밥먹고싶네요😊🍚🥩🍗,2025-04-11
츄베릅jmt_20250411_c9,츄베릅jmt_20250411,@푸하하-j4l,맛있겠다 ㅠㅠ벌써 봄 이라니 시간 빠르네요 ㅠㅠ,2025-04-11
츄베릅jmt_20250411_c10,츄베릅jmt_20250411,@인생-k3s,와우 점심 먹었는데도 배고프네 😢,2025-04-11
츄베릅jmt_20250411_c11,츄베릅jmt_20250411,@inin-f8q,애기가 소주먹네,2025-04-11
츄베릅jmt_20250411_c12,츄베릅jmt_20250411,@최우성-e6u,와 군침 돈다 ㅋㅋ❤❤,2025-04-11
츄베릅jmt_20250410_c1,츄베릅jmt_20250410,@푸하하-j4l,머리 웨이브 잘어울리네욬ㅋㅋㅋㅋ,2025-04-11
츄베릅jmt_20250410_c2,츄베릅jmt_20250410,@최우성-e6u,❤❤❤❤,2025-04-11
츄베릅jmt_20250410_c3,츄베릅jmt_20250410,@half_moon1,보름달 추억의 빵이다..ㅠ,2025-04-10
츄베릅jmt_20250410_c4,츄베릅jmt_20250410,@대호김-g4m,사장님이 맛있고 빵이 이뻐요,2025-04-10
츄베릅jmt_20250410_c5,츄베릅jmt_20250410,@가빈44,보름달 말차초코라니 말차는안좋아하지만 왠지맛있고 녹차맛이비슷할거같당😋😝 츄베릅님 머리웨이브하셨네요💇‍♀️ 더이뻐지셨네요❤🤗😊,2025-04-10
츄베릅jmt_20250410_c6,츄베릅jmt_20250410,@봄바르디로나눔한디로,맛있겠네요,2025-04-10
츄베릅jmt_20250410_c7,츄베릅jmt_20250410,@시림이다,오늘도 잘봤습니다❤❤,2025-04-10
츄베릅jmt_20250410_c8,츄베릅jmt_20250410,@Yunbbi_CO,혹시 칼로리가 몇일까욥 베릅님??,2025-04-10
츄베릅jmt_20250410_c9,츄베릅jmt_20250410,@bori1711,약간 펌 하신것도 이뽀요❤,2025-04-10
츄베릅jmt_20250407_c1,츄베릅jmt_20250407,@Zaizai抖音,디저트 먹방도 해줘,2025-04-09
츄베릅jmt_20250407_c2,츄베릅jmt_20250407,@Zaizai抖音,답변해 주시겠어요?,2025-04-09
츄베릅jmt_20250407_c3,츄베릅jmt_20250407,@시림이다,"300명때 부터 봤던 시청자입니다 벌쩌 5000명이라니... 성공하시겠네요!
언제나 화이팅 입니다!!❤❤",2025-04-08
츄베릅jmt_20250407_c4,츄베릅jmt_20250407,@쏘뉜,엽떡보다 엽닭이 더 끌려요.... 맛있겠다..,2025-04-08
츄베릅jmt_20250407_c5,츄베릅jmt_20250407,@half_moon1,밥에 비벼먹으면 한그릇 뚝딱이겠다 🤤,2025-04-08
츄베릅jmt_20250407_c6,츄베릅jmt_20250407,@GabrieliaDay,Ya! Take the microphone out of your mouth !,2025-04-07
츄베릅jmt_20250407_c7,츄베릅jmt_20250407,@대호김-g4m,토끼가 뇸뇸 먹는것같아요,2025-04-07
츄베릅jmt_20250407_c8,츄베릅jmt_20250407,@이승현-k5m,야미,2025-04-07
츄베릅jmt_20250407_c9,츄베릅jmt_20250407,@가빈44,츄베릅 닭볶음탓만드시면 안짜요?😅 왠지짜보이네요😭🥺,2025-04-07
츄베릅jmt_20250407_c10,츄베릅jmt_20250407,@아기여우최연준,통대창 먹방 해쥬세요❤️❤️,2025-04-07
츄베릅jmt_20250407_c11,츄베릅jmt_20250407,@최우성-e6u,❤❤❤❤❤,2025-04-07
츄베릅jmt_20250407_c12,츄베릅jmt_20250407,@bori1711,닭다리 왤케 통실통실거렷!!,2025-04-07
츄베릅jmt_20250406_c1,츄베릅jmt_20250406,@은서-e2r3r,근데 슈프림 맛있긴 한데 물리더라구요ㅜㅜ,2025-07-26
츄베릅jmt_20250406_c2,츄베릅jmt_20250406,@มะเหมี่ยว-น9ฝ,คนนนนไทยยยย❤❤❤,2025-06-21
츄베릅jmt_20250406_c3,츄베릅jmt_20250406,@둥이-d5c,젓가락보다 손으로 먹는게 훨씬 리얼하게보여용❤,2025-06-14
츄베릅jmt_20250406_c4,츄베릅jmt_20250406,@jungahan1591,와..언니는 역시 처갓집.,2025-04-11
츄베릅jmt_20250406_c5,츄베릅jmt_20250406,@레서판다_써니,맛있겠다ㅜ,2025-04-11
츄베릅jmt_20250406_c6,츄베릅jmt_20250406,@madhongyang,처가집은..닭가음살이라...맛없엉ㅠ,2025-04-08
츄베릅jmt_20250406_c7,츄베릅jmt_20250406,@lotaxs,دیابت:....,2025-04-07
츄베릅jmt_20250406_c8,츄베릅jmt_20250406,@Zaizai抖音,너 정말 예쁘네,2025-04-07
츄베릅jmt_20250406_c9,츄베릅jmt_20250406,@sungjunk_627,너무 예뻐요,2025-04-07
츄베릅jmt_20250406_c10,츄베릅jmt_20250406,@최우성-e6u,❤❤❤❤,2025-04-06
츄베릅jmt_20250406_c11,츄베릅jmt_20250406,@QAQ-x1i,"양이 이렇게 많았었나..🥰🥰🥰
요근래 빅싸이 2번 먹고 슈프림은 안먹은지 몇년된듯…😢",2025-04-06
츄베릅jmt_20250406_c12,츄베릅jmt_20250406,@하하하-k7f3j,치밥요정이신가요 맛잇겓다ㅠ,2025-04-06
츄베릅jmt_20250406_c13,츄베릅jmt_20250406,@bori1711,최애 치킨 되버렸지 모야,2025-04-06
츄베릅jmt_20250406_c14,츄베릅jmt_20250406,@민이-s7t,누나 마싯게 먹기도 한데 너무 이뻐서 인스타도 팔로우 하고 구독도 했슴당 ❤❤❤,2025-04-06
츄베릅jmt_20250406_c15,츄베릅jmt_20250406,@가빈44,처갓집치킨이랑  역시 밥이랑 왠지먹어보진않았지만 왠지맛있을거같아용😚,2025-04-06
츄베릅jmt_20250406_c16,츄베릅jmt_20250406,@Minjiispuppyking,내가 젤 좋아하는 양념치킨이다멍!,2025-04-06
츄베릅jmt_20250406_c17,츄베릅jmt_20250406,@xz_01-t7n,맛없없이지 모예요 ㅎㅎ🤭,2025-04-06
츄베릅jmt_20250406_c18,츄베릅jmt_20250406,@정성호-v2r,항상 잘 보고 있습니다,2025-04-06
츄베릅jmt_20250404_c1,츄베릅jmt_20250404,@정승현-e5b,"너무하네요 ㅠㅠ 
댓글 답장도 없으시구
제가 싫은거죠?😢😢😢",2025-06-19
츄베릅jmt_20250404_c2,츄베릅jmt_20250404,@여팔팔춘,이쁘고 복스럽고 귀여워,2025-05-18
츄베릅jmt_20250404_c3,츄베릅jmt_20250404,@시림이다,"입에서 침이 절로 나오네요ㄷㄷ
오늘도 화이팅입니다❤❤❤❤",2025-04-09
츄베릅jmt_20250404_c4,츄베릅jmt_20250404,@윸딩-d1o,맵기 뭐에영?,2025-04-06
츄베릅jmt_20250404_c5,츄베릅jmt_20250404,@권평-e5k,영상 너무 잘보고 있어요. 댓글은 오랜만에 쓰는데 오늘도 맛있는 영상 잘봤습니다,2025-04-04
츄베릅jmt_20250404_c6,츄베릅jmt_20250404,@이동건-r4c,저도 이름 불러주시면 안대요?ㅜㅜㅜㅜ,2025-04-04
츄베릅jmt_20250404_c7,츄베릅jmt_20250404,@찌르세,"와씨 ㅋㅋㅋㅋ
우리동내에없는게 한이다",2025-04-04
츄베릅jmt_20250404_c8,츄베릅jmt_20250404,@QAQ-x1i,두찜은 시레기가 숨은 찐맛도리임,2025-04-04
츄베릅jmt_20250404_c9,츄베릅jmt_20250404,@푸하하-j4l,머리 넘 잘어울려요 ㅋㅋㅋ,2025-04-04
츄베릅jmt_20250404_c10,츄베릅jmt_20250404,@fruit_princess,츄베릅님 혹시 네네치킨 드실 생각 없으실까용..?? 뿌링클 영상은 자주 봤는데 스노윙 먹방 영상을 못 본 것 같아서요...! 스노윙치킨 중에 무슨 맛이 원픽인지 궁금해요😋,2025-04-04
츄베릅jmt_20250404_c11,츄베릅jmt_20250404,@xz_01-t7n,"저두 봐도 매워보이는것을.. 츄베룹님은 
어떻게 드셨을까요ㅠㅠㅠㅠㅠ",2025-04-04
츄베릅jmt_20250404_c12,츄베릅jmt_20250404,@bori1711,맵찔이인데 도전해야하나..,2025-04-04
츄베릅jmt_20250404_c13,츄베릅jmt_20250404,@최우성-e6u,매운거 잘 드신다❤❤❤,2025-04-04
츄베릅jmt_20250404_c14,츄베릅jmt_20250404,@half_moon1,와 엄청 빨갛다..,2025-04-04
츄베릅jmt_20250404_c15,츄베릅jmt_20250404,@정재원-q1h,와 진짜 오랜만에 보는거 같은데 왜케 이뻐졌어요..?😊,2025-04-04
츄베릅jmt_20250404_c16,츄베릅jmt_20250404,@가빈44,츄베릅님 왠지 엄청 매워하시는거같아요😅   보기만해두매워 보인다🥵,2025-04-04
츄베릅jmt_20250404_c17,츄베릅jmt_20250404,@parksunho01,신상 나왔다길래 먹어보고 싶었는데 🤤🤤 다음에 또 시켜먹을만 한가요??,2025-04-04
츄베릅jmt_20250404_c18,츄베릅jmt_20250404,@홍홍용,1빠❤ 너무 맛있게 드시내요 츄룹🤤,2025-04-04
츄베릅jmt_20250330_c1,츄베릅jmt_20250330,@엿머거-f7b,새모이만큼 먹네,2025-07-01
츄베릅jmt_20250330_c2,츄베릅jmt_20250330,@ShathaAlsilmi,You look so cute 🥰 ❤❤❤,2025-06-04
츄베릅jmt_20250330_c3,츄베릅jmt_20250330,@전설속기사,누나 유튜브 뜨기전에 마이크 정보좀 알려줄수 있어? 소리 취향저격이다 ❤❤❤❤❤,2025-04-16
츄베릅jmt_20250330_c4,츄베릅jmt_20250330,@vivimcalcookxu,"오백명 천명 이때쯤에 구독
했던것 같은데 벌써 5천명!
이제 진짜 뜰때가 됐는데..!!!
유명 유튜버분들께서 0에서 1만
찍는게 1만에서 10만 찍는것보다
더 어렵다 하시더라고여ㅎㅎ
곧 1만 10만 100만 되실거에요!
존버는 승리한다~",2025-04-01
츄베릅jmt_20250330_c5,츄베릅jmt_20250330,@jk3770,아무리 후라이드가 맛있어도 고바삭이 최고~~ ㅎㅎ!!!,2025-03-31
츄베릅jmt_20250330_c6,츄베릅jmt_20250330,@최우성-e6u,❤❤❤❤❤,2025-03-31
츄베릅jmt_20250330_c7,츄베릅jmt_20250330,@half_moon1,너무 예뻐서 먹는것도 예뻐보임..,2025-03-31
츄베릅jmt_20250330_c8,츄베릅jmt_20250330,@정재원-q1h,오왕 치킨 맛있겠어요...츄베릅님도 오래만에 보는데 미모가 여전하시네용...😊,2025-03-30
츄베릅jmt_20250330_c9,츄베릅jmt_20250330,@티나티비-x8t,진짜 맛있겠어요❤,2025-03-30
츄베릅jmt_20250330_c10,츄베릅jmt_20250330,@parksunho01,후라이드 근본 황올!! 진짜 맛있겠다🤤🤤,2025-03-30
츄베릅jmt_20250330_c11,츄베릅jmt_20250330,@가빈44,츄베릅님 이 황금 올리브치킨 드시니까 넘 배고파지네요😋😽  진짜소리가 여자홍사운드님 같으셔요👍👍🤗,2025-03-30
츄베릅jmt_20250330_c12,츄베릅jmt_20250330,@bori1711,황올은 못참잖아여어어,2025-03-30
츄베릅jmt_20250330_c13,츄베릅jmt_20250330,@두먐두,와 방금 황올 치킨 시켰는데 딱 올리시면 너무 먹고 십잔습니깡!!🤭🤭,2025-03-30
츄베릅jmt_20250325_c1,츄베릅jmt_20250325,@성이름-h2q7p,고추바사삭에 뿌린 가루소스 이름 뭔가요?,2025-06-24
츄베릅jmt_20250325_c2,츄베릅jmt_20250325,@정승현-e5b,"❤❤❤❤❤❤❤❤❤❤ 
요즘 좋아요 누르고있는데
너무예뻐요",2025-06-19
츄베릅jmt_20250325_c3,츄베릅jmt_20250325,@jaykyky,소림마라 마라샹궈 먹어주기 기원3일차,2025-06-05
츄베릅jmt_20250325_c4,츄베릅jmt_20250325,@개꼴딱,퍽퍽하나요?,2025-05-04
츄베릅jmt_20250325_c5,츄베릅jmt_20250325,@민트-b3i,이분 예쁘고 잘먹는데 좋아요 수가.ㅠㅠ 좋아요랑 구독 박고갑니다!!,2025-03-27
츄베릅jmt_20250325_c6,츄베릅jmt_20250325,@jungahan1591,오ㅏ………이거쥐 내가 바랬던건 이거였어❤❤❤,2025-03-27
츄베릅jmt_20250325_c7,츄베릅jmt_20250325,@성란김-v5b,"저기요! 아 진짜. 











너무 예쁘시고. 먹방도 잘하고, 맛있게 먹으니. 보기 좋네요. 떡상 하세요🎉🎉",2025-03-26
츄베릅jmt_20250325_c8,츄베릅jmt_20250325,@대호김-g4m,이집은 사장님이 이뻐요,2025-03-25
츄베릅jmt_20250325_c9,츄베릅jmt_20250325,@정재원-q1h,와...오늘은 진짜 너무 이뻐요...😊,2025-03-25
츄베릅jmt_20250325_c10,츄베릅jmt_20250325,@이동건-r4c,어떻게 갈수록 이뻐지는고에요…❤❤❤,2025-03-25
츄베릅jmt_20250325_c11,츄베릅jmt_20250325,@QAQ-x1i,짱맛있겠다!!!ㅠㅠㅠ,2025-03-25
츄베릅jmt_20250325_c12,츄베릅jmt_20250325,@half_moon1,와 너무마싯겠다..ㅜ 이 조합 꼭 먹어봐야징,2025-03-25
츄베릅jmt_20250325_c13,츄베릅jmt_20250325,@가빈44,로제불닭이라 고추바사삭 조합이맛이없을수없는조합이네요ㅠㅠ🤗🤭,2025-03-25
츄베릅jmt_20250325_c14,츄베릅jmt_20250325,@최우성-e6u,❤❤❤❤,2025-03-25
츄베릅jmt_20250325_c15,츄베릅jmt_20250325,@jk3770,저 고추바사삭 최애 치킨인데 최애가 뭔가요?,2025-03-25
츄베릅jmt_20250325_c16,츄베릅jmt_20250325,@bori1711,저는 이번에 네가지 치즈불닭 도전해보려구용!!,2025-03-25
츄베릅jmt_20250322_c1,츄베릅jmt_20250322,@영희전-w5c,"언니 진짜 제가 뿌링클먹는 영상에서는 최에 에요!
너무 잘먹으시구 귀여워요❤❤❤❤❤❤❤❤❤❤❤❤❤❤❤❤",2025-07-30
츄베릅jmt_20250322_c2,츄베릅jmt_20250322,@멋쟁이이시현,누나얼굴진짜이쁘다❤😊,2025-07-14
츄베릅jmt_20250322_c3,츄베릅jmt_20250322,@멋쟁이이시현,어디치킨이에요?,2025-07-12
츄베릅jmt_20250322_c4,츄베릅jmt_20250322,@강현최-f1c,치킨이 먹방 보러왔다가 얼굴이 이뻐서 얼굴만보임 ㅋㅋ,2025-07-01
츄베릅jmt_20250322_c5,츄베릅jmt_20250322,@이름-b7h,밑에 다흘린다,2025-06-28
츄베릅jmt_20250322_c6,츄베릅jmt_20250322,@이다율-b5l,"미친 외모
겁나 예쁘시네...",2025-06-23
츄베릅jmt_20250322_c7,츄베릅jmt_20250322,@ha_melody,"나는 이러한 MUKBANGS에 집착합니다 !! 너무 만족스럽습니다! 잘 먹었으면 좋겠어요, 내 사랑. 멋진 하루.!",2025-05-28
츄베릅jmt_20250322_c8,츄베릅jmt_20250322,@Eletronicskyrike,ㄷㄷㄷㄷ,2025-05-12
츄베릅jmt_20250322_c9,츄베릅jmt_20250322,@현입니다요,일단 이쁘심,2025-05-12
츄베릅jmt_20250322_c10,츄베릅jmt_20250322,@커뮤어,"저는 다리, 날개도아닌 공파리파 랍니다",2025-05-06
츄베릅jmt_20250322_c11,츄베릅jmt_20250322,@마라탕-u4t,와... 나도 치킨혼자서다 먹고싶더..,2025-05-02
츄베릅jmt_20250322_c12,츄베릅jmt_20250322,@선도움,뿌링클치킨 튀김 옷 왜 이렇게 얇아요?,2025-04-28
츄베릅jmt_20250322_c13,츄베릅jmt_20250322,@강강강-g9t,진짜 너무 맛있게 드시네요..,2025-04-28
츄베릅jmt_20250322_c14,츄베릅jmt_20250322,@user-ws3tn8ce4t,롱폼도 찍어주시면 안대까여..😢,2025-04-19
츄베릅jmt_20250322_c15,츄베릅jmt_20250322,@박보스-x2d,입술 겁나 탐스러움❤,2025-04-14
츄베릅jmt_20250322_c16,츄베릅jmt_20250322,@민중tv-e6r,전 수요일에 코로나 걸려서 자가격리에요 ㅠㅠ 지금 3일차고요 ㅠㅠ 몸 났고 학교 급식 먹고 싶어요 ㅠㅠ,2025-03-28
츄베릅jmt_20250322_c17,츄베릅jmt_20250322,@dhodho-xm8ye,너무 귀여우세요!!,2025-03-25
츄베릅jmt_20250322_c18,츄베릅jmt_20250322,@jinny._.92,우와 .. 치킨은 사랑입니다.❤,2025-03-23
츄베릅jmt_20250322_c19,츄베릅jmt_20250322,@Yunbbi_CO,근데 베릅님이 아직 떡볶이를 한 번도 ASMR로 안 찍으셨다는...😮 떡볶이 먹어주세여ㅓ,2025-03-23
츄베릅jmt_20250322_c20,츄베릅jmt_20250322,@jungahan1591,저동😂😂치즈볼 파임요❤,2025-03-23
츄베릅jmt_20250322_c21,츄베릅jmt_20250322,@최우성-e6u,❤❤❤❤,2025-03-23
츄베릅jmt_20250322_c22,츄베릅jmt_20250322,@lhxz,귀엽네여,2025-03-22
츄베릅jmt_20250322_c23,츄베릅jmt_20250322,@가빈44,츄베릅님 볼때마다 말티즈강아지닮은거같아용😊🙈,2025-03-22
츄베릅jmt_20250322_c24,츄베릅jmt_20250322,@대호김-g4m,진짜 너무이쁘다,2025-03-22
츄베릅jmt_20250322_c25,츄베릅jmt_20250322,@Minjiispuppyking,뿌링클해줘서 정말 고맙다멍 😍,2025-03-22
츄베릅jmt_20250322_c26,츄베릅jmt_20250322,@봄바르디로나눔한디로,뿌링클 ㅠ,2025-03-22
츄베릅jmt_20250322_c27,츄베릅jmt_20250322,@half_moon1,치즈볼 먹을때 제일 행복해보여ㅋㅋ,2025-03-22
츄베릅jmt_20250322_c28,츄베릅jmt_20250322,@bori1711,와 가루 대박이돠... 전 치로스랑 뿌링치즈볼파><,2025-03-22
츄베릅jmt_20250322_c29,츄베릅jmt_20250322,@김주형-b2r,🔥🔥🔥,2025-03-22
츄베릅jmt_20250322_c30,츄베릅jmt_20250322,@정재원-q1h,오 저도 뿌링클 먹구싶어요...😢,2025-03-22
츄베릅jmt_20250320_c1,츄베릅jmt_20250320,@팥붕-d2s,첨봤는데 이쁘시고 맛있게먹으셔서 역주행중ㅎ,2025-04-24
츄베릅jmt_20250320_c2,츄베릅jmt_20250320,@선도움,귀여워요❤❤❤❤❤❤❤❤❤❤❤❤❤❤❤❤❤❤❤❤❤❤❤❤❤❤❤❤❤❤❤❤❤❤❤❤❤❤❤❤❤❤❤❤❤❤❤❤❤❤❤❤❤❤❤❤❤❤❤❤❤❤❤❤❤❤❤❤❤❤❤❤❤❤❤❤❤❤❤❤❤❤❤❤❤❤❤❤❤❤❤❤❤❤❤❤❤❤❤❤❤❤❤❤❤❤❤❤❤❤❤❤❤❤❤❤❤❤❤❤❤❤❤❤❤❤❤❤❤❤❤❤❤❤❤❤❤❤❤❤❤❤❤❤❤❤❤❤❤❤❤❤❤❤❤❤❤❤❤❤❤❤❤❤❤❤❤❤❤❤❤❤❤❤❤❤❤❤❤❤❤❤❤❤❤❤❤❤❤❤❤❤❤❤❤❤❤❤❤❤❤❤❤❤❤❤❤❤❤❤❤❤❤❤❤❤❤❤❤❤❤❤❤❤❤❤❤❤❤❤❤❤❤❤❤❤❤❤❤❤❤❤❤❤❤❤❤❤❤❤❤❤❤❤❤❤❤❤❤❤❤❤❤❤❤❤❤❤❤❤❤❤❤❤❤❤❤❤❤❤❤❤❤❤❤❤❤❤❤❤❤❤❤❤❤❤❤❤❤❤❤❤❤❤❤❤❤❤❤❤❤❤❤❤❤❤❤❤❤❤❤❤❤❤❤❤❤❤❤❤❤❤❤❤❤❤❤❤❤❤❤❤❤❤❤❤❤❤❤❤❤❤❤❤❤❤❤❤❤❤❤❤❤❤❤❤❤❤❤❤❤❤❤❤❤❤❤❤❤❤❤❤❤❤❤❤❤❤❤❤❤❤❤❤❤❤❤❤❤❤❤❤❤❤❤❤❤❤❤❤❤❤❤❤❤❤❤❤❤❤❤❤❤❤❤❤❤❤❤❤❤❤❤❤❤❤❤❤❤❤❤❤❤❤❤❤❤❤❤❤❤❤❤❤❤❤❤❤❤❤❤❤❤❤❤❤❤❤❤❤❤❤❤❤❤❤❤❤❤❤❤❤❤❤❤❤❤❤❤❤❤❤❤❤❤❤❤❤❤❤❤❤❤❤❤❤❤❤❤❤❤❤❤❤❤❤❤❤❤❤❤❤❤❤❤❤❤❤❤❤❤❤❤❤❤❤❤❤❤❤❤❤❤❤❤❤❤❤❤❤❤❤❤❤❤❤❤❤❤❤❤❤❤❤❤❤❤❤❤❤❤❤❤❤❤❤❤❤❤❤❤❤❤❤❤❤❤❤❤❤❤❤❤❤❤❤❤❤❤❤❤❤❤❤❤❤❤❤❤❤❤❤❤❤❤❤❤❤❤❤❤❤❤❤❤❤❤❤❤❤❤❤❤❤❤❤❤❤❤❤❤❤❤❤❤❤❤❤❤❤❤❤❤❤❤❤❤❤❤❤❤❤❤❤❤❤❤❤❤❤❤❤❤❤❤❤❤❤❤❤❤❤❤❤❤❤❤❤❤❤❤❤❤❤❤❤❤❤❤❤❤❤❤❤❤❤❤❤❤❤❤❤❤❤❤❤❤❤❤❤❤❤❤❤❤❤❤❤❤❤❤❤❤❤❤❤❤❤❤❤❤❤❤❤❤❤❤❤❤❤❤❤❤❤❤❤❤❤❤❤❤❤❤❤❤❤❤❤❤❤❤❤❤❤❤❤❤❤❤❤❤❤❤❤❤❤❤❤❤❤❤❤❤❤❤❤❤❤❤❤❤❤❤❤❤❤❤❤❤❤❤❤❤❤❤❤❤❤❤❤❤❤❤❤❤❤❤❤❤❤❤❤❤❤❤❤❤❤❤❤❤❤❤❤❤❤❤❤❤❤❤❤❤❤❤❤❤❤❤❤❤❤❤❤❤❤❤❤❤❤❤❤❤❤❤❤❤❤❤,2025-04-21
츄베릅jmt_20250320_c3,츄베릅jmt_20250320,@만두좋아해-z4m,이거 오늘 삿는데 존예시네여,2025-04-05
츄베릅jmt_20250320_c4,츄베릅jmt_20250320,@김기철-q4h,저랑사겨요,2025-03-27
츄베릅jmt_20250320_c5,츄베릅jmt_20250320,@La나,낼 찾아봐야겠다 ㅠㅠ 딱 제가 좋아할만한 맛인 것같아요,2025-03-23
츄베릅jmt_20250320_c6,츄베릅jmt_20250320,@merrygold-28,와..거의asmr급인데요? 😮혹시마이크 어떤거 사용하시는지 여쭤봐두될까요..?,2025-03-21
츄베릅jmt_20250320_c7,츄베릅jmt_20250320,@jungahan1591,"웅니,앞으로도 걔속 떡상쓰❤❤",2025-03-21
츄베릅jmt_20250320_c8,츄베릅jmt_20250320,@양미나-b1n,Cu에서파나요????,2025-03-21
츄베릅jmt_20250320_c9,츄베릅jmt_20250320,@정재원-q1h,맛없없이라해서 맛없는줄 알았어요..ㅎ..😅,2025-03-20
츄베릅jmt_20250320_c10,츄베릅jmt_20250320,@박보스-x2d,먹고나서 눈 크게 뜰때마다 키갈마렵네ㅋ 졸귀ㅠ❤,2025-03-20
츄베릅jmt_20250320_c11,츄베릅jmt_20250320,@대호김-g4m,진짜 이상형 그잡채 2트,2025-03-20
츄베릅jmt_20250320_c12,츄베릅jmt_20250320,@이동건-r4c,저 두산베어스 팬이에욤 ㅎㅎ💓,2025-03-20
츄베릅jmt_20250320_c13,츄베릅jmt_20250320,@호롤로-j3b,궁굼했는데 츄베릅님이 젤 빨라요,2025-03-20
츄베릅jmt_20250320_c14,츄베릅jmt_20250320,@half_moon1,그릭요거트에 블루베리? 못참겠다,2025-03-20
츄베릅jmt_20250320_c15,츄베릅jmt_20250320,@윤보미팬다,이거또 없겠네 다팔려서,2025-03-20
츄베릅jmt_20250320_c16,츄베릅jmt_20250320,@가빈44,전 연세우유 딸기 피스타치오 생크림 먹어봤는데 엄청 맛있더라구용   츄베릅님드시니까 또먹고싶네요😋,2025-03-20
츄베릅jmt_20250320_c17,츄베릅jmt_20250320,@인생-k3s,다이어트 하고 있는뎅....😢,2025-03-20
츄베릅jmt_20250320_c18,츄베릅jmt_20250320,@parksunho01,"연세 크림빵은 실패할수가 없는 맛인듯 해요!!
야구 시즌이라 다양한 콜라보 많이 나오네요🤤🤤",2025-03-20
츄베릅jmt_20250320_c19,츄베릅jmt_20250320,@최우성-e6u,❤❤❤❤❤,2025-03-20
츄베릅jmt_20250320_c20,츄베릅jmt_20250320,@Yunbbi_CO,헉 벌써 CU에 파나요??,2025-03-20
츄베릅jmt_20250320_c21,츄베릅jmt_20250320,@bori1711,오늘도 잘봤수다,2025-03-20
츄베릅jmt_20250316_c1,츄베릅jmt_20250316,@Luna_1302,정말 좋아해요.,2025-07-30
츄베릅jmt_20250316_c2,츄베릅jmt_20250316,@Luna_1302,안녕하세요,2025-07-30
츄베릅jmt_20250316_c3,츄베릅jmt_20250316,@촉촉한초코칩-i9i1u,학원나갈때 소리 높아서 내리려고 했는데 올려버려서 선생님 은 누군지모르는뎈ㅋ 쪽팔림 ㅠㅡㅠ,2025-06-13
츄베릅jmt_20250316_c4,츄베릅jmt_20250316,@ludmilakosova,🤮🤮🤮🤮🤮🤡🤡,2025-03-22
츄베릅jmt_20250316_c5,츄베릅jmt_20250316,@Yexs-i7,진짜 예쁘셔요❤,2025-03-19
츄베릅jmt_20250316_c6,츄베릅jmt_20250316,@yellowcat-ix8gp,뭐여...이쁘면서도 복스럽게 먹어,2025-03-18
츄베릅jmt_20250316_c7,츄베릅jmt_20250316,@박지우-i7i,제발 렌즈 뭐 끼시는지 알려주시면 안될까요 🥹🥹🥹 렌즈 너무 예뻐요,2025-03-18
츄베릅jmt_20250316_c8,츄베릅jmt_20250316,@봄바르디로나눔한디로,어우 맛있게 드시네,2025-03-18
츄베릅jmt_20250316_c9,츄베릅jmt_20250316,@하하하-k7f3j,베릅님 퍼컬은 치킨인가봄 치킨영상너무좋ㅇ뮤ㅠ,2025-03-17
츄베릅jmt_20250316_c10,츄베릅jmt_20250316,@박보스-x2d,난 저 입술이 먹고싶다...츄베릅❤,2025-03-17
츄베릅jmt_20250316_c11,츄베릅jmt_20250316,@Minjiispuppyking,치킨먹방은 츄베릅이 최고다멍!,2025-03-16
츄베릅jmt_20250316_c12,츄베릅jmt_20250316,@대호김-g4m,얼굴보느라 음식못봤는데 한번 더볼게요,2025-03-16
츄베릅jmt_20250316_c13,츄베릅jmt_20250316,@그래그래-d2i,KFC 양념이 은근 맛있어요!!,2025-03-16
츄베릅jmt_20250316_c14,츄베릅jmt_20250316,@jungahan1591,와…오늘 소리 미춌다ㅏ❤❤,2025-03-16
츄베릅jmt_20250316_c15,츄베릅jmt_20250316,@half_moon1,와구와구 먹는거 넘 귀엽ㅋㅋ,2025-03-16
츄베릅jmt_20250316_c16,츄베릅jmt_20250316,@가빈44,츄베릅님은 음식드실때 소리가선명하고너무좋아용☺️😗,2025-03-16
츄베릅jmt_20250316_c17,츄베릅jmt_20250316,@최우성-e6u,❤❤❤❤,2025-03-16
츄베릅jmt_20250316_c18,츄베릅jmt_20250316,@포유빵,와..이런영상자주 올려주세요!!,2025-03-16
츄베릅jmt_20250316_c19,츄베릅jmt_20250316,@parksunho01,"도파민 터지는 자극적인 맛!!
치킨 브랜드랑 비교해도 손색 없을 정도로 맛있는거 같아요",2025-03-16
츄베릅jmt_20250316_c20,츄베릅jmt_20250316,@인생-k3s,맛있겠당...😢,2025-03-16
츄베릅jmt_20250316_c21,츄베릅jmt_20250316,@Yunbbi_CO,영상 색감이 좀 바뀌었네엽!,2025-03-16
츄베릅jmt_20250316_c22,츄베릅jmt_20250316,@bori1711,저두 꾸덕양념파..!! kfc 에그타르트도 쫀맛이에염,2025-03-16
츄베릅jmt_20250314_c1,츄베릅jmt_20250314,@다다다다다다,먼가.. 분위기가 달라지셨다 좋음,2025-03-16
츄베릅jmt_20250314_c2,츄베릅jmt_20250314,@라엘-1019,겁내 이쁘시네,2025-03-15
츄베릅jmt_20250314_c3,츄베릅jmt_20250314,@봄바르디로나눔한디로,"안녕하세오ㆍ 오렌지이빈다 600때부터 봤는데 벌써 4천이라니 ㅎㄷㄷ 앞으로 영상 자주보러올게욘
사실 댓안올리고 영상은 보고 있었다는 사아실",2025-03-15
츄베릅jmt_20250314_c4,츄베릅jmt_20250314,@공주가되,저 라면땅이에요❤,2025-03-15
츄베릅jmt_20250314_c5,츄베릅jmt_20250314,@가빈44,츄베르님  마라탕 처음이신가봐요? 츄베릅님은 마라탕 호불호세요?🫡,2025-03-14
츄베릅jmt_20250314_c6,츄베릅jmt_20250314,@Minjiispuppyking,마라마라탕탕멍멍 🙂🙂,2025-03-14
츄베릅jmt_20250314_c7,츄베릅jmt_20250314,@QAQ-x1i,꿔바 씹히는 소리가 넘 맛잇겟다 하암,2025-03-14
츄베릅jmt_20250314_c8,츄베릅jmt_20250314,@최우성-e6u,❤❤❤❤,2025-03-14
츄베릅jmt_20250314_c9,츄베릅jmt_20250314,@박보스-x2d,입술 먹어버리고싶네...❤,2025-03-14
츄베릅jmt_20250314_c10,츄베릅jmt_20250314,@김윤아-y3s,어머나 나의 최애 먹방 이자나?!,2025-03-14
츄베릅jmt_20250314_c11,츄베릅jmt_20250314,@bori1711,저는 탕슉보다 꿔바로우❤,2025-03-14
츄베릅jmt_20250314_c12,츄베릅jmt_20250314,@정재원-q1h,오 맛있겠어요~!! 오늘도 아름다운신 누님...😊,2025-03-14
츄베릅jmt_20250312_c1,츄베릅jmt_20250312,@이은선-s4v,고추바사삭은 신이야,2025-07-14
츄베릅jmt_20250312_c2,츄베릅jmt_20250312,@JIA_esoap,이쁘기도 한대 먹방도잘하네 👍👍👍👍👍,2025-06-28
츄베릅jmt_20250312_c3,츄베릅jmt_20250312,@강한결-d4u,너무 맛있게 먹는댜 풀영상도 찍어주세영 고추바사삭 먹을때마다 보게,2025-06-17
츄베릅jmt_20250312_c4,츄베릅jmt_20250312,@다미-Dami16,"이제부터 고바순 먹고싶을때
이영상 본다",2025-05-27
츄베릅jmt_20250312_c5,츄베릅jmt_20250312,@skyline6542,다 먹고싶다. 다....,2025-05-21
츄베릅jmt_20250312_c6,츄베릅jmt_20250312,@우엑웩억우욱,고블링이 진리지,2025-05-07
츄베릅jmt_20250312_c7,츄베릅jmt_20250312,@우리흥-x7u,ㅈㄴ이쁘네,2025-05-07
츄베릅jmt_20250312_c8,츄베릅jmt_20250312,@여지닝,귀여우시다 ㅎㅎ,2025-04-26
츄베릅jmt_20250312_c9,츄베릅jmt_20250312,@고라니-j9d,이거 보는것만 30번째....,2025-04-19
츄베릅jmt_20250312_c10,츄베릅jmt_20250312,@구피-z9v,담에 고바 땡기실 때 긴 영상 올려 주실 수 잇나요... 🙏,2025-04-12
츄베릅jmt_20250312_c11,츄베릅jmt_20250312,@seoriio,"고추바사삭 순살은 다 닭다리살인가요??,,",2025-04-03
츄베릅jmt_20250312_c12,츄베릅jmt_20250312,@노아-m4r,아놔 추바삭 먹고싶어지네 하앍,2025-03-23
츄베릅jmt_20250312_c13,츄베릅jmt_20250312,@lxenpai,How many make ups did you put?,2025-03-21
츄베릅jmt_20250312_c14,츄베릅jmt_20250312,@jina-q8q,틴트 무ㅏ 쓰세요??,2025-03-18
츄베릅jmt_20250312_c15,츄베릅jmt_20250312,@가빈44,굽네고추바사삭 엄청맛있어요👍😋 또먹구싶네요😚 여신츄베릅님 늘감사해용❤❤,2025-03-15
츄베릅jmt_20250312_c16,츄베릅jmt_20250312,@qwlty-o4s,진짜진짜너무레전드영상등극…..축하드립니당.레알미침!! 진짜 나 내일 먹는다,2025-03-15
츄베릅jmt_20250312_c17,츄베릅jmt_20250312,@신다은-o3e,"츄베릅님,, 전 퇴근길에 로제 마라샹궈랑 크림새우를 시켰어요,, 🥺✨️ 베릅님 넘 맛있게 잘드셔서 같이 밥먹고 시퍼요,, 🤭🤭 오늘 하루도 고생 많으셨어요!!🫶",2025-03-13
츄베릅jmt_20250312_c18,츄베릅jmt_20250312,@최우성-e6u,❤❤❤❤,2025-03-13
츄베릅jmt_20250312_c19,츄베릅jmt_20250312,@하하하-k7f3j,ㄹㅇ 이 언니 곧 10만 갈 듯,2025-03-13
츄베릅jmt_20250312_c20,츄베릅jmt_20250312,@Minjiispuppyking,시골 똥강아지같다멍! 🥺🥺,2025-03-12
츄베릅jmt_20250312_c21,츄베릅jmt_20250312,@김윤아-y3s,우엥 까르보 불닭에 질투해요오…,2025-03-12
츄베릅jmt_20250312_c22,츄베릅jmt_20250312,@대호김-g4m,방금 고바삭 시켰습니다😮,2025-03-12
츄베릅jmt_20250312_c23,츄베릅jmt_20250312,@half_moon1,츄베릅이 먹는건 다 먹고싶다 ㅜ,2025-03-12
츄베릅jmt_20250312_c24,츄베릅jmt_20250312,@jungahan1591,와ㅏㅏㅏㅏ❤❤❤❤❤❤오늘 굽네 시켜야짐🎉,2025-03-12
츄베릅jmt_20250312_c25,츄베릅jmt_20250312,@bori1711,굽네는 순살이 진리죠><,2025-03-12
츄베릅jmt_20250312_c26,츄베릅jmt_20250312,@고도함-r4d,제발 떠라 제발,2025-03-12
츄베릅jmt_20250312_c27,츄베릅jmt_20250312,@연우밴,어디서 팔아요,2025-03-12
츄베릅jmt_20250312_c28,츄베릅jmt_20250312,@연우밴,맛있겠다,2025-03-12
츄베릅jmt_20250312_c29,츄베릅jmt_20250312,@꼬꼬다림-z6z,왕!! 오늘 빨리 왔다!,2025-03-12
츄베릅jmt_20250310_c1,츄베릅jmt_20250310,@taxlawc,귀여우셔요,2025-05-10
츄베릅jmt_20250310_c2,츄베릅jmt_20250310,@견우-h6c,"마왕알바생인데요 조합 추천드립니다
소금구이는 담백한 맛이 미쳤습니다 비빔국수 아니면 열무국수
통구이 (보쌈도 있어요!)에는 마왕국수
갈릭은 적당히 달달해요 쟁반국수 아니면 비빔국수
불족발은 매콤합니다 계속 먹다보면 짤 수도 있어요 에는 마왕국수
불보쌈도 매콤해요 개인적으로 국수보다 감자전 추천드립니다
냉채족발 이거이거 맛있습니다! 무조건 당면추가 하세요! 해파리 대신 당면이 들어갑니다! 소스도 더 달라고 하세요!
갈비족발은 먹다보면 느끼할 수 있어요 열무국수
족구이는 쫜득쫜득 맛도 맛인데 식감 좋아하시면 추천드립니다 (불족도 있어요!) 여기는 술ㅎ 술안주로 많이 드시더라고요
그리고 볶음밥에 당면이랑 같이 먹으면 맛있습니다
그리고! 큰 뼈는 자유라서 빼달라고 하면! 먹기가 더 편합니다!
사이드 추천에는 쭈꾸미도 맛있지만 비싸긴 해요 그치만 로제떡볶이 추천합니다 떡볶이에도 당면 들어가거든요! 전 중에 감자전이 더 맛있었어요!
아 그리고 지점마다 다른지 모르겠는데 쭈꾸미세트 있으면 고기랑 쭈꾸미가 같이 옵니다!",2025-03-26
츄베릅jmt_20250310_c3,츄베릅jmt_20250310,@숭구리당당-p4f,제발저요,2025-03-22
츄베릅jmt_20250310_c4,츄베릅jmt_20250310,@가빈44,진짜가식없이 잘드시니까 보는사람이 덩달아행복하네요🤭🤗,2025-03-15
츄베릅jmt_20250310_c5,츄베릅jmt_20250310,@시형-l2p,인스타에서 우연히 떠서 가끔 봤는데 유튜브에서도 우연히 떠서 구독하고 가요 잘 보고 있습니당😊,2025-03-11
츄베릅jmt_20250310_c6,츄베릅jmt_20250310,@봄바르디로나눔한디로,오렌지에요 오랜만이에요!,2025-03-11
츄베릅jmt_20250310_c7,츄베릅jmt_20250310,@신다은-o3e,"넘 잘먹구 넘 예쁘구,, 💓 츄베릅님 구독한지 얼마안되어찌만 잘보구 있어용 번창하세요 🤗",2025-03-11
츄베릅jmt_20250310_c8,츄베릅jmt_20250310,@푸하하-j4l,당면 주는 족발은 첨보네 근데 맛있어보이긴하네요 ㅋㅋㅋ❤,2025-03-10
츄베릅jmt_20250310_c9,츄베릅jmt_20250310,@박보스-x2d,사랑한다 츄베릅❤❤,2025-03-10
츄베릅jmt_20250310_c10,츄베릅jmt_20250310,@정재원-q1h,기숙사에서 폰내기 10분전에 댓글 하나 빨리 달고 갈께요!!...오늘도 이뻐욥😊❤,2025-03-10
츄베릅jmt_20250310_c11,츄베릅jmt_20250310,@jungahan1591,"나 족발 안좋아하는데,넘모 마시써보이자나….!!",2025-03-10
츄베릅jmt_20250310_c12,츄베릅jmt_20250310,@Yunbbi_CO,매일 잘보고 있어여 :3,2025-03-10
츄베릅jmt_20250310_c13,츄베릅jmt_20250310,@대호김-g4m,운동하시나요?!,2025-03-10
츄베릅jmt_20250310_c14,츄베릅jmt_20250310,@parksunho01,당면은 안먹어봤는데 나중에 시켜먹어봐야겠다🤤🤤,2025-03-10
츄베릅jmt_20250310_c15,츄베릅jmt_20250310,@최우성-e6u,10시되서 올리신다고 했는데 올리셨네요❤❤,2025-03-10
츄베릅jmt_20250310_c16,츄베릅jmt_20250310,@bori1711,마늘족발도 맛있츄베릅,2025-03-10
츄베릅jmt_20250310_c17,츄베릅jmt_20250310,@장길재-v8w,미춌다,2025-03-10
츄베릅jmt_20250306_c1,츄베릅jmt_20250306,@AgathaAnthonella-z6n,eu amo os seus videos❤,2025-07-22
츄베릅jmt_20250306_c2,츄베릅jmt_20250306,@I.remember,자담치킨 맛 순례 가능한가요?,2025-03-22
츄베릅jmt_20250306_c3,츄베릅jmt_20250306,@jungahan1591,다음에 틱톡 라방 하면 당장 갈게욘❤,2025-03-10
츄베릅jmt_20250306_c4,츄베릅jmt_20250306,@jungahan1591,와 치킨 시킬때마다 치즈볼 시키는 웅니 클라스…..!멋져용,2025-03-10
츄베릅jmt_20250306_c5,츄베릅jmt_20250306,@박지우-i7i,렌즈 뭐 끼세요?? 너무 예뻐용,2025-03-09
츄베릅jmt_20250306_c6,츄베릅jmt_20250306,@Minjiispuppyking,이 집 치즈볼 진짜 맛있다멍!,2025-03-07
츄베릅jmt_20250306_c7,츄베릅jmt_20250306,@정재원-q1h,저 오늘은 기숙사 나왔어요!! 라방언제 하는지 알려주실수 있나오..?😊,2025-03-07
츄베릅jmt_20250306_c8,츄베릅jmt_20250306,@대호김-g4m,맵슐랭 짱맛!!!!!!오늘먹어볼게용,2025-03-07
츄베릅jmt_20250306_c9,츄베릅jmt_20250306,@박보스-x2d,아 입술진짜 탐스럽다....츄베릅❤,2025-03-06
츄베릅jmt_20250306_c10,츄베릅jmt_20250306,@ParanDaramjgi,눙나.. 저도 한입만 주세효,2025-03-06
츄베릅jmt_20250306_c11,츄베릅jmt_20250306,@bori1711,자담 맵슐랭 마일드로 도전해보고 싶은데 화장실이라니ㅠㅠ,2025-03-06
츄베릅jmt_20250306_c12,츄베릅jmt_20250306,@최우성-e6u,맛있겠다❤❤❤,2025-03-06
츄베릅jmt_20250306_c13,츄베릅jmt_20250306,@껨온SON153,츄베릅JMT님 먹는모습이 아주예쁘군요.,2025-03-06
츄베릅jmt_20250304_c1,츄베릅jmt_20250304,@땅콩-punt,딸기샌드 맛있게따,2025-03-05
츄베릅jmt_20250304_c2,츄베릅jmt_20250304,@juwonkim-s9e,먹방아이돌이네 새로운 직업인가,2025-03-05
츄베릅jmt_20250304_c3,츄베릅jmt_20250304,@이동건-r4c,볼 때마다 반한다…,2025-03-05
츄베릅jmt_20250304_c4,츄베릅jmt_20250304,@대호김-g4m,와 세상 맛있어보여용 ^^,2025-03-04
츄베릅jmt_20250304_c5,츄베릅jmt_20250304,@채은-t2l3o,낼 사러 갑니다!~,2025-03-04
츄베릅jmt_20250304_c6,츄베릅jmt_20250304,@정재원-q1h,기숙사에서 보는 츄배릅님은 귀하네요...😊,2025-03-04
츄베릅jmt_20250304_c7,츄베릅jmt_20250304,@최우성-e6u,❤❤❤❤,2025-03-04
츄베릅jmt_20250304_c8,츄베릅jmt_20250304,@장길재-v8w,쑤욱팥으로 도전,2025-03-04
츄베릅jmt_20250304_c9,츄베릅jmt_20250304,@bori1711,팥 너무 좋아해서 오늘 앙버터 소금빵 먹었어요ㅎㅎ 내일은 츄베릅픽 쑥팥으로 도전갑니당,2025-03-04
츄베릅jmt_20250302_c1,츄베릅jmt_20250302,@박보스-x2d,입에흘린 치즈기름 ㅗㅜㅑ,2025-03-02
츄베릅jmt_20250302_c2,츄베릅jmt_20250302,@SD-bl7mh,파닭 먹어주세요❤,2025-03-02
츄베릅jmt_20250302_c3,츄베릅jmt_20250302,@정재원-q1h,여행와서도 츄배릅님 보니까 더 완벽해졌어요..☺️,2025-03-02
츄베릅jmt_20250302_c4,츄베릅jmt_20250302,@최우성-e6u,2등!!❤❤먹방 자주 올려주세요 ㅎ❤❤,2025-03-02
츄베릅jmt_20250302_c5,츄베릅jmt_20250302,@bori1711,페리카나 양념치킨 드셔주세용❤,2025-03-02
츄베릅jmt_20250302_c6,츄베릅jmt_20250302,@Minjiispuppyking,이거 정말 맛있다멍!,2025-03-02
츄베릅jmt_20250226_c1,츄베릅jmt_20250226,@I.remember,역시 간장이 좋지만 밥도둑은 양념게장이지,2025-03-22
츄베릅jmt_20250226_c2,츄베릅jmt_20250226,@하하하-k7f3j,와웅 ㄹㅇ깔끔하게 잘드심,2025-02-27
츄베릅jmt_20250226_c3,츄베릅jmt_20250226,@Minjiispuppyking,게맛있겠다멍!,2025-02-26
츄베릅jmt_20250226_c4,츄베릅jmt_20250226,@김윤아-y3s,ㅇㄴ 저 해산물 싫어하는데 😓 베릅님에 드시니깐 먹그 싶어졌음요;..,2025-02-26
츄베릅jmt_20250226_c5,츄베릅jmt_20250226,@최우성-e6u,❤❤❤,2025-02-26
츄베릅jmt_20250226_c6,츄베릅jmt_20250226,@가빈44,간장게장 진짜밥도둑이네요😊😋,2025-02-26
츄베릅jmt_20250226_c7,츄베릅jmt_20250226,@정재원-q1h,댓글 달려고 왔어요! 오늘도 미모가 열일하시네요!!😊,2025-02-26
츄베릅jmt_20250226_c8,츄베릅jmt_20250226,@bori1711,입작은거 🐶공감..ㅠ 근데 오물오물 드시는거 볼때마다 넘 카와이,2025-02-26
츄베릅jmt_20250226_c9,츄베릅jmt_20250226,@Yunbbi_CO,일찍 왔다ㅏ,2025-02-26
츄베릅jmt_20250223_c1,츄베릅jmt_20250223,@재현_쟁뽀,저두 생크림 수건케이크 먹을땐 좀 느끼했어요ㅗㅗ,2025-04-29
츄베릅jmt_20250223_c2,츄베릅jmt_20250223,@최우성-e6u,❤❤❤❤❤,2025-02-26
츄베릅jmt_20250223_c3,츄베릅jmt_20250223,@Youmandew,소리 너무 힐링돼요🩵,2025-02-25
츄베릅jmt_20250223_c4,츄베릅jmt_20250223,@balsi2434,너무 이뻐서 음식에 집중이 안돼요 ㅋㅋㅋ,2025-02-25
츄베릅jmt_20250223_c5,츄베릅jmt_20250223,@내세포엔위시가있음,엄청난 칼로리가 겉모습만으로도 느껴지네요…. 하나정돈 사먹어도 괜찬겟죠 ㅎㅎ,2025-02-24
츄베릅jmt_20250223_c6,츄베릅jmt_20250223,@땅콩-punt,맛있겠다..,2025-02-24
츄베릅jmt_20250223_c7,츄베릅jmt_20250223,@이동건-r4c,저도 주세요오❤,2025-02-23
츄베릅jmt_20250223_c8,츄베릅jmt_20250223,@정재원-q1h,모야! 이런 신상품은 왜 내주위 편의점에는 없징....그래도 츄배릅님 보고 대리만족!!😊,2025-02-23
츄베릅jmt_20250223_c9,츄베릅jmt_20250223,@김윤아-y3s,ㅇㄴ 이런걸 다 어케 알아냄;..ㄹㅇ로 잘먹으심..핵심만 질 편집을 하심..!,2025-02-23
츄베릅jmt_20250223_c10,츄베릅jmt_20250223,@곽민찬-j6o,진짜 맛있게 먹는다..,2025-02-23
츄베릅jmt_20250223_c11,츄베릅jmt_20250223,@bori1711,수건 개면서 수건케쿠영상 보는 나 좀 멋지다..?,2025-02-23
츄베릅jmt_20250223_c12,츄베릅jmt_20250223,@가빈44,어쩜이리 귀엽고 이쁘게드실수있는지😊😻 츄베릅님은 손가락도얼굴만큼 이쁘시네요🤗😘,2025-02-23
츄베릅jmt_20250221_c1,츄베릅jmt_20250221,@anjealmi,맛있겠다 ㅠㅠ 진짜 꾸덕해보여…..,2025-07-13
츄베릅jmt_20250221_c2,츄베릅jmt_20250221,@헤헿이다,혹시 어디 치킨집에서 주문하셨나용?😅 넘 맛있어 보여서....ㅋㅋ,2025-04-27
츄베릅jmt_20250221_c3,츄베릅jmt_20250221,@레서판다_써니,아니 왜 안뜨시지ㅜㅜ,2025-04-11
츄베릅jmt_20250221_c4,츄베릅jmt_20250221,@kielsxcv,자세한 레시피 궁금해여... 너무 맛있어보여요ㅠㅜㅜ,2025-03-07
츄베릅jmt_20250221_c5,츄베릅jmt_20250221,@최우성-e6u,❤❤❤,2025-02-24
츄베릅jmt_20250221_c6,츄베릅jmt_20250221,@내세포엔위시가있음,하 ㅠㅠ 너무맛잇겟어요………….,2025-02-23
츄베릅jmt_20250221_c7,츄베릅jmt_20250221,@김윤아-y3s,여기가 대한민국 최고 까르보 불닭 먹방 유튭어님 임;;,2025-02-22
츄베릅jmt_20250221_c8,츄베릅jmt_20250221,@박보스-x2d,먹는거 졸귀탱 츄베릅❤❤❤,2025-02-21
츄베릅jmt_20250221_c9,츄베릅jmt_20250221,@Minjiispuppyking,오늘따라 더 강아지같다멍!,2025-02-21
츄베릅jmt_20250221_c10,츄베릅jmt_20250221,@푸하하-j4l,먹는 모슴 귀여워요 ㅋㅋㅋ,2025-02-21
츄베릅jmt_20250221_c11,츄베릅jmt_20250221,@bori1711,우유로 끓인 까르보도 존맛이랍니당 왕꾸덕이 이자식 맛있겠당,2025-02-21
츄베릅jmt_20250221_c12,츄베릅jmt_20250221,@정재원-q1h,불닭이 뒤에 붙어 있는게 귀엽네요ㅋㅋ,2025-02-21
츄베릅jmt_20250218_c1,츄베릅jmt_20250218,@최우성-e6u,❤❤❤❤,2025-03-03
츄베릅jmt_20250218_c2,츄베릅jmt_20250218,@공주가되,저 라면땅입니당 너무 잘챙겨보고 앗어여,2025-03-03
츄베릅jmt_20250218_c3,츄베릅jmt_20250218,@박보스-x2d,먹는것도 넘이뻐 츄베릅❤❤❤,2025-02-21
츄베릅jmt_20250218_c4,츄베릅jmt_20250218,@푸하하-j4l,롯데리아 맛피아버거도 리뷰해주세요!!,2025-02-21
츄베릅jmt_20250218_c5,츄베릅jmt_20250218,@paka9999_S2,눈물점이 너무 잘어울리셔서 점만 보다가 영상이 끝났다,2025-02-19
츄베릅jmt_20250218_c6,츄베릅jmt_20250218,@윤보미팬다,먹는모습이 천사 같군 ❤,2025-02-19
츄베릅jmt_20250218_c7,츄베릅jmt_20250218,@Minjiispuppyking,맘스터치멍멍!,2025-02-18
츄베릅jmt_20250218_c8,츄베릅jmt_20250218,@february1259,롯데리아 나폴리맛피아 버거 먹어주세용,2025-02-18
츄베릅jmt_20250218_c9,츄베릅jmt_20250218,@bori1711,맘터는 치즈볼이 zl존이라규,2025-02-18
츄베릅jmt_20250218_c10,츄베릅jmt_20250218,@정재원-q1h,오..오늘도 귀엽게 드시네요 다이어트는 실패지만ㅠㅠ😊,2025-02-18
츄베릅jmt_20250218_c11,츄베릅jmt_20250218,@대호김-g4m,진짜 오늘도 이쁘다,2025-02-18
츄베릅jmt_20250217_c1,츄베릅jmt_20250217,@최우성-e6u,❤❤,2025-03-03
츄베릅jmt_20250217_c2,츄베릅jmt_20250217,@찌르세,"이분 먹는거보고 한번씩 사먹는데
대부분 너무 달아서 먹기힘들었던 기억이 ㅋㅋㅋㅋ",2025-02-20
츄베릅jmt_20250217_c3,츄베릅jmt_20250217,@Lovely_Heartsping,와 짱크당😊,2025-02-20
츄베릅jmt_20250217_c4,츄베릅jmt_20250217,@jinny._.92,예쁜 연예인이 먹방 찍는거 같아요!,2025-02-20
츄베릅jmt_20250217_c5,츄베릅jmt_20250217,@호롤로-j3b,❤,2025-02-18
츄베릅jmt_20250217_c6,츄베릅jmt_20250217,@이동건-r4c,오늘도 역시 귀엽다,2025-02-17
츄베릅jmt_20250217_c7,츄베릅jmt_20250217,@김태은-b8s,"새벽에보는데넘맛있게다
고정해주세요!",2025-02-17
츄베릅jmt_20250217_c8,츄베릅jmt_20250217,@정재원-q1h,저도 다이어트 하는데 진짜 맛나게 드시네요 누님ㅠㅠ😊,2025-02-17
츄베릅jmt_20250217_c9,츄베릅jmt_20250217,@QAQ-x1i,빵 크기가 얼굴만하다…,2025-02-17
츄베릅jmt_20250217_c10,츄베릅jmt_20250217,@bori1711,넘 오랜만..!! 디저트 먹방 체고❤,2025-02-17
츄베릅jmt_20250210_c1,츄베릅jmt_20250210,@최우성-e6u,❤❤❤❤,2025-03-03
츄베릅jmt_20250210_c2,츄베릅jmt_20250210,@김윤아-y3s,"ㅇㄴ 이분은 먹방중 탑임;; 아니 먹음직스럽게 먹기도 하는데 동시에 이쁨…
그냥 뭘해도 잘하는…",2025-02-13
츄베릅jmt_20250210_c3,츄베릅jmt_20250210,@No__eul,Cu는 왜 안나오냐고ㅜㅜ,2025-02-11
츄베릅jmt_20250210_c4,츄베릅jmt_20250210,@Minjiispuppyking,딸기토끼 멍멍!,2025-02-11
츄베릅jmt_20250210_c5,츄베릅jmt_20250210,@여팔팔춘,요즘 츄베릅 언니 먹방이 제일좋움,2025-02-11
츄베릅jmt_20250210_c6,츄베릅jmt_20250210,@whatisthat123-rio,우와,2025-02-11
츄베릅jmt_20250210_c7,츄베릅jmt_20250210,@박보스-x2d,귀여워죽겄네❤,2025-02-10
츄베릅jmt_20250210_c8,츄베릅jmt_20250210,@february1259,구독자 이름 정해주세요🩷,2025-02-10
츄베릅jmt_20250210_c9,츄베릅jmt_20250210,@대호김-g4m,토끼가 모찌먹으니 극락.,2025-02-10
츄베릅jmt_20250210_c10,츄베릅jmt_20250210,@정재원-q1h,오..딸기 씹는 소리가 좋네요..!!❤,2025-02-10
츄베릅jmt_20250210_c11,츄베릅jmt_20250210,@bori1711,오옷 꿀정보 감샤❤,2025-02-10
츄베릅jmt_20250207_c1,츄베릅jmt_20250207,@chu.berup_jmt,4k 고화질로 보는법 : 화면 상단 톱니바퀴 ->화질 고급,2025-02-07
츄베릅jmt_20250207_c2,츄베릅jmt_20250207,@코너_rk800,짧고 알찬 영상이군아..🤤🤤,2025-02-10
츄베릅jmt_20250207_c3,츄베릅jmt_20250207,@소금이의반항,소리 넘 좋은데 마이크 머쓰셔요?ㅠㅠㅠ,2025-02-09
츄베릅jmt_20250207_c4,츄베릅jmt_20250207,@taetae-c1j,천호먹방해주세요,2025-02-09
츄베릅jmt_20250207_c5,츄베릅jmt_20250207,@지은-j1m8w,소리 미쳤다 ㅠㅠㅠ 쫀득꾸덕 내가 찾던 소리 ㅠㅠ 넘 귀한 영상 감사합니다..,2025-02-08
츄베릅jmt_20250207_c6,츄베릅jmt_20250207,@제일잼,딸기크림 카스테러 맛있겠닥 😢😢😢,2025-02-08
츄베릅jmt_20250207_c7,츄베릅jmt_20250207,@Studio_discord,소리 너무 좋다...🤤🤤,2025-02-07
츄베릅jmt_20250207_c8,츄베릅jmt_20250207,@color1842,좋아하는 빵 왕창 사드리고싶은 영상이네 왤캐 비싸! ! ! !,2025-02-07
츄베릅jmt_20250207_c9,츄베릅jmt_20250207,@byehi1827,츄베릅~! 헌터퐝님 보는줄 알았네요ㅋㅋ 맛있는거 대리만족 하고 가요,2025-02-07
츄베릅jmt_20250207_c10,츄베릅jmt_20250207,@땅콩-punt,"영사보기전 좋아요,,,

잘볼게영 너무 예쁘고 귀엽습니당...",2025-02-07
츄베릅jmt_20250207_c11,츄베릅jmt_20250207,@껨온SON153,츄베릅JMT님 먹는모습이 아주예쁘군요.,2025-02-07
츄베릅jmt_20250207_c12,츄베릅jmt_20250207,@bori1711,오늘도 출첵❤🍓🍓,2025-02-07
츄베릅jmt_20250207_c13,츄베릅jmt_20250207,@장길재-v8w,비싸긴하네😢,2025-02-07
츄베릅jmt_20250207_c14,츄베릅jmt_20250207,@parksunho01,맛이 없을수가 없어보이네요🤤🤤,2025-02-07
츄베릅jmt_20250207_c15,츄베릅jmt_20250207,@이태현-y5t,하.. 대회 출전때 계체 몸무계 때문에 살 빼야 하는데 케이크라니 ㅠㅠ 대리만족 하고 갈게요,2025-02-07
츄베릅jmt_20250207_c16,츄베릅jmt_20250207,@정재원-q1h,와아 오늘 기분이 꿀꿀했는데 누나 영상이 나와서 다시 좋아졌어용!!😊,2025-02-07
츄베릅jmt_20250207_c17,츄베릅jmt_20250207,@zoobun,😍❤️,2025-02-07
츄베릅jmt_20250205_c1,츄베릅jmt_20250205,@뤂덕이되,저거 링거임?,2025-07-29
츄베릅jmt_20250205_c2,츄베릅jmt_20250205,@노아-m4r,얼굴이 엄청작으시네요 ㅋㅋㅋ 잘보고갑니다~,2025-03-23
츄베릅jmt_20250205_c3,츄베릅jmt_20250205,@최우성-e6u,❤❤❤,2025-03-03
츄베릅jmt_20250205_c4,츄베릅jmt_20250205,@김윤아-y3s,소리가 하나하나 다 좋은것만 잡아내는 센스쟁이😍😍😍,2025-02-13
츄베릅jmt_20250205_c5,츄베릅jmt_20250205,@박보스-x2d,와구와구 먹는거 졸귀탱ㅋ,2025-02-10
츄베릅jmt_20250205_c6,츄베릅jmt_20250205,@풍선의하루,구독 했어용❤❤❤❤❤❤오늘도 너무너무너무 사랑스러워요 ♡♡♡♡,2025-02-08
츄베릅jmt_20250205_c7,츄베릅jmt_20250205,@그래그래-d2i,야채 너무 많네유..😱,2025-02-06
츄베릅jmt_20250205_c8,츄베릅jmt_20250205,@대호김-g4m,진짜 너무좋다,2025-02-05
츄베릅jmt_20250205_c9,츄베릅jmt_20250205,@정재원-q1h,그냥 서브웨이 먹는 영상에서 이쁘기까지 하는건 반칙 아닌가여 누나!?😊,2025-02-05
츄베릅jmt_20250205_c10,츄베릅jmt_20250205,@bori1711,왕 기여운 토끼같아염 🐰,2025-02-05
츄베릅jmt_20250131_c1,츄베릅jmt_20250131,@근뚱스,터미널,2025-05-19
츄베릅jmt_20250131_c2,츄베릅jmt_20250131,@최우성-e6u,터미널 ㅎㅎ,2025-03-03
츄베릅jmt_20250131_c3,츄베릅jmt_20250131,@김윤아-y3s,허공 바라볼때 넘 기여워요…,2025-02-13
츄베릅jmt_20250131_c4,츄베릅jmt_20250131,@가빈44,왤케귀여우셔요😊,2025-02-11
츄베릅jmt_20250131_c5,츄베릅jmt_20250131,@SD-bl7mh,파닭 먹방도 해주세요❤,2025-02-03
츄베릅jmt_20250131_c6,츄베릅jmt_20250131,@bori1711,풀영상 봐서 이미 압니다만 또보니까 넘 기여우심❤,2025-02-01
츄베릅jmt_20250131_c7,츄베릅jmt_20250131,@jungahan1591,난 왜 춤보다 서브웨이가 더 끌리지😂😂엉니 라방 할 수 있어욤?..😊,2025-02-01
츄베릅jmt_20250131_c8,츄베릅jmt_20250131,@Minjiispuppyking,써브웨이 멍멍!,2025-01-31
츄베릅jmt_20250131_c9,츄베릅jmt_20250131,@sunny2868,뱅뱅뱅,2025-01-31
츄베릅jmt_20250131_c10,츄베릅jmt_20250131,@대호김-g4m,라방 해주세여!!!!,2025-01-31
츄베릅jmt_20250131_c11,츄베릅jmt_20250131,@슈채-i8c,"지코 아무노래나 틀어 그리고
귀엽고 예쁘시네요",2025-01-31
츄베릅jmt_20250127_c1,츄베릅jmt_20250127,@김윤아-y3s,하하 그냥 츄베릅님이 먹으면 다 맛있어보임요,2025-02-13
츄베릅jmt_20250127_c2,츄베릅jmt_20250127,@신민경-e8j,맛있어요 😢,2025-01-29
츄베릅jmt_20250127_c3,츄베릅jmt_20250127,@정재원-q1h,요즘들어서 누나 먹방영상만 기다리는거 같아요!,2025-01-27
츄베릅jmt_20250127_c4,츄베릅jmt_20250127,@야구왕-h5i,정말 달아보이네요. 이것도 당 충전용,2025-01-27
츄베릅jmt_20250127_c5,츄베릅jmt_20250127,@이태현-y5t,오늘도 재밌게 봤어용,2025-01-27
츄베릅jmt_20250127_c6,츄베릅jmt_20250127,@QAQ-x1i,꾸덕쫜득 완전 내 취향인데 완전 쫀득해보인다…,2025-01-27
츄베릅jmt_20250127_c7,츄베릅jmt_20250127,@jeongahhan-f3x,꺄아아앙❤❤소리 짱!설 잘보내세욤❤,2025-01-27
츄베릅jmt_20250127_c8,츄베릅jmt_20250127,@bori1711,초코러버는 당장 사러갈꺼라구!! 근데 밖에 눈보라.. 히히,2025-01-27
츄베릅jmt_20250127_c9,츄베릅jmt_20250127,@Minjiispuppyking,달달멍멍,2025-01-27
츄베릅jmt_20250127_c10,츄베릅jmt_20250127,@아윌비빽,진짜 맛있겠다..ㅠㅠ🥰 설 연휴 잘 보내세요🐤,2025-01-27
츄베릅jmt_20250127_c11,츄베릅jmt_20250127,@윤보미팬다,엄청 달겠다 ❤,2025-01-27
츄베릅jmt_20250127_c12,츄베릅jmt_20250127,@박보스-x2d,입술에 묻은거 제가좀..... 😊,2025-01-27
츄베릅jmt_20250127_c13,츄베릅jmt_20250127,@시림이다,"오랜만에 댓글 달아봅니다✨️
진짜 맛있어 보여요❤❤",2025-01-27
츄베릅jmt_20250126_c1,츄베릅jmt_20250126,@김윤아-y3s,어머나 제 최애빵이라니요…,2025-02-13
츄베릅jmt_20250126_c2,츄베릅jmt_20250126,@박보스-x2d,키갈마렵네...,2025-01-27
츄베릅jmt_20250126_c3,츄베릅jmt_20250126,@윤보미팬다,복스럽게  잘먹네❤,2025-01-27
츄베릅jmt_20250126_c4,츄베릅jmt_20250126,@Minjiispuppyking,머리스타일이 더 강아지같다멍!,2025-01-26
츄베릅jmt_20250126_c5,츄베릅jmt_20250126,@이태현-y5t,헉😍,2025-01-26
츄베릅jmt_20250126_c6,츄베릅jmt_20250126,@정재원-q1h,누난 빵을 오물오물 먹어서 귀엽습니더ㅓ😊,2025-01-26
츄베릅jmt_20250126_c7,츄베릅jmt_20250126,@bori1711,"크림이랑 팥,빵피 비율이 완벼케... 근디 왜 오늘은 자막이 없나유...? ㅠㅠ",2025-01-26
츄베릅jmt_20250125_c1,츄베릅jmt_20250125,@김윤아-y3s,"저 이거 2개 먹고 1kg 쩠어요…
츄베릅님은 않찌는 체질…",2025-02-13
츄베릅jmt_20250125_c2,츄베릅jmt_20250125,@채버블,츄베릅❤,2025-01-26
츄베릅jmt_20250125_c3,츄베릅jmt_20250125,@이태현-y5t,하 너무 귀여운거 아닙니까,2025-01-26
츄베릅jmt_20250125_c4,츄베릅jmt_20250125,@아윌비빽,☁🍩🐤,2025-01-25
츄베릅jmt_20250125_c5,츄베릅jmt_20250125,@정재원-q1h,누나 왜이리 맛있게 먹어요..누나 때문에 다이어트 실패하겠네여...😊,2025-01-25
츄베릅jmt_20250125_c6,츄베릅jmt_20250125,@jack__foodie,야씨 땡긴다,2025-01-25
츄베릅jmt_20250125_c7,츄베릅jmt_20250125,@bori1711,이웃집통통이 마시멜로 쿠키 새로나온 줄 알았어욬ㅋㅋ,2025-01-25
츄베릅jmt_20250125_c8,츄베릅jmt_20250125,@야구왕-h5i,맛있어 보이면서 달아보이네요. 당 충전용으로 좋겠네요,2025-01-25
츄베릅jmt_20250123_c1,츄베릅jmt_20250123,@3an.mountain,망설임 없이 와앙 크게 먹어서 넘 좋아용..❤ 상여자의 먹방이랄까..🤭,2025-02-24
츄베릅jmt_20250123_c2,츄베릅jmt_20250123,@february1259,와사비랑 간장 싸악- 이 부분 세번 봤네 ㅋㅋㅋㅋㅋㅋㅋㅋㅋㅋㅋㅋㅋㅋ,2025-01-28
츄베릅jmt_20250123_c3,츄베릅jmt_20250123,@jungahan1591,연어중독자가 되😂😂오랜만에 댓글 남겨요❤엉니!혹씨 편의점 스웨데시 젤리 머거주실수 있나욤?,2025-01-24
츄베릅jmt_20250123_c4,츄베릅jmt_20250123,@정재원-q1h,더 이뻐진거 같아요 누나!!,2025-01-24
츄베릅jmt_20250123_c5,츄베릅jmt_20250123,@Minjiispuppyking,연어 먹을때마다 곰탱이같다 멍!,2025-01-23
츄베릅jmt_20250123_c6,츄베릅jmt_20250123,@bori1711,순두부 열라면 추천이욤!! 유행은 지났지만 겨울에 꼭 생각나요ㅎㅎ,2025-01-23
츄베릅jmt_20250120_c1,츄베릅jmt_20250120,@Ahhaho,체구 디게 작으실거같은데 이쁘다,2025-05-12
츄베릅jmt_20250120_c2,츄베릅jmt_20250120,@김윤아-y3s,어떻게 치킨을 이렇게 얌전하고 복스럽게 먹을 수가 있지요?? 동시에 음식도 돋보이고…,2025-02-13
츄베릅jmt_20250120_c3,츄베릅jmt_20250120,@jungahan1591,"뿌링클이고 나발이고,점점 이뻐지는건 유죄,아니면 무죄?",2025-01-24
츄베릅jmt_20250120_c4,츄베릅jmt_20250120,@박보스-x2d,나도 입속에 들어가고싶다...나 괜찮은거냐,2025-01-23
츄베릅jmt_20250120_c5,츄베릅jmt_20250120,@안유진사랑하는안유댕,정지 되는거 넘 커엽따....❤❤❤❤,2025-01-23
츄베릅jmt_20250120_c6,츄베릅jmt_20250120,@아윌비빽,귀여버..🐤🤍,2025-01-22
츄베릅jmt_20250120_c7,츄베릅jmt_20250120,@봄바르디로나눔한디로,요즘 못왔네요 오렌지 입니다!,2025-01-20
츄베릅jmt_20250120_c8,츄베릅jmt_20250120,@민지뭉뭉이,내가 몰래 뿌링클 탐지견 보냈다멍..,2025-01-20
츄베릅jmt_20250120_c9,츄베릅jmt_20250120,@대호김-g4m,오물오물 너무맛있게먹어용,2025-01-20
츄베릅jmt_20250120_c10,츄베릅jmt_20250120,@최정희-c6s,이런영상 올릴거면. 혼자 먹고 치워 왜 이런 영상 찍어서 올리는데.협찬이라도 받은거야.약올리는거야.요즘. 먹고 살기도 힘들어서 다들  죽것는데 지랄한다고 먹방찍어 올리고 지랄이야.,2025-01-20
츄베릅jmt_20250120_c11,츄베릅jmt_20250120,@비둘기대가리,"아, 진짜 다이어트 중인데...
뿌링클 다 뒤졌다ㅋㅋ",2025-01-20
츄베릅jmt_20250120_c12,츄베릅jmt_20250120,@bori1711,긴영상으로 보고 쇼츠 또 보기><,2025-01-20
츄베릅jmt_20250119_c1,츄베릅jmt_20250119,@hyunmin99,입맛돌아요😂,2025-05-28
츄베릅jmt_20250119_c2,츄베릅jmt_20250119,@pamto-w2y,무조건 와사비간장 1등 마늘 추가해서 ㅎㅎ,2025-02-04
츄베릅jmt_20250119_c3,츄베릅jmt_20250119,@Mteroitdagayuringgeshung,진짜 예쁘다..,2025-01-30
츄베릅jmt_20250119_c4,츄베릅jmt_20250119,@안유진사랑하는안유댕,"헙 저듀 연어 최애인뎅.... 마시게따
넘 귀여워여",2025-01-23
츄베릅jmt_20250119_c5,츄베릅jmt_20250119,@티렉스사기당함,아..ㅠ 연어땡김 ㅠ,2025-01-22
츄베릅jmt_20250119_c6,츄베릅jmt_20250119,@뷁-q6n,연어덕후인데.. 간장도 맛있지만 전 초장파라서 초장이 더 맛있더라구요,2025-01-20
츄베릅jmt_20250119_c7,츄베릅jmt_20250119,@민지뭉뭉이,연어 좋아하는 곰같다멍!,2025-01-19
츄베릅jmt_20250119_c8,츄베릅jmt_20250119,@이동건-r4c,이번엔 와사비 조금만 뿌리셨넹 귀여워😍,2025-01-19
츄베릅jmt_20250119_c9,츄베릅jmt_20250119,@이게모야-m7k,Q&A 해주세요 츄베릅님 ㅠ,2025-01-19
츄베릅jmt_20250119_c10,츄베릅jmt_20250119,@아윌비빽,🐟🐤❤,2025-01-19
츄베릅jmt_20250119_c11,츄베릅jmt_20250119,@hyeonjun4284,너무 이쁘고 귀여우시고 정말 다 하시네요!!,2025-01-19
츄베릅jmt_20250119_c12,츄베릅jmt_20250119,@째녀엉,굽네 시카고 피자 먹어주세요ㅠㅠ(2트째)❤❤❤❤,2025-01-19
츄베릅jmt_20250119_c13,츄베릅jmt_20250119,@윤보미팬다,연어가 혀로 보이는건 머죠ㅋ❤,2025-01-19
츄베릅jmt_20250119_c14,츄베릅jmt_20250119,@bori1711,"저두 최애 연어,, 연어에 타르타르소스도 나름 괜춘하더라구여?? 그렇지만 저는 초장파!!",2025-01-19
츄베릅jmt_20250117_c1,츄베릅jmt_20250117,@Ahhaho,개이쁘고 넘기엽다 미치겠다ㅜ,2025-05-12
츄베릅jmt_20250117_c2,츄베릅jmt_20250117,@여팔팔춘,"ㅈㄴ귀엽고 이쁘다 이언니 
강아지똥같애ㅠㅠㅠ",2025-02-05
츄베릅jmt_20250117_c3,츄베릅jmt_20250117,@안유진사랑하는안유댕,헐 소리 짱 조아,2025-01-23
츄베릅jmt_20250117_c4,츄베릅jmt_20250117,@half_moon1,긴 영상 좋아요! !  😊,2025-01-20
츄베릅jmt_20250117_c5,츄베릅jmt_20250117,@동준김,미인이세요,2025-01-19
츄베릅jmt_20250117_c6,츄베릅jmt_20250117,@이동건-r4c,아니앞머리너무예뻐서입에넣고와랄라마려움,2025-01-17
츄베릅jmt_20250117_c7,츄베릅jmt_20250117,@bori1711,소리 굳❤ 저두 초코파,2025-01-17
츄베릅jmt_20250117_c8,츄베릅jmt_20250117,@jeolmi_,헉....아까 편의점에서 봤는데 사올걸 그랬나봐요 ㅎㅎ,2025-01-17
츄베릅jmt_20250117_c9,츄베릅jmt_20250117,@아윌비빽,🧻🐤,2025-01-17
츄베릅jmt_20250117_c10,츄베릅jmt_20250117,@민지뭉뭉이,오늘은 더 예쁘다멍!,2025-01-17
츄베릅jmt_20250117_c1,츄베릅jmt_20250117,@Ahhaho,이쁘다 미쳤다 .,2025-05-12
츄베릅jmt_20250117_c2,츄베릅jmt_20250117,@한세일-w4n,손으로 해야되요,2025-01-18
츄베릅jmt_20250117_c3,츄베릅jmt_20250117,@민지뭉뭉이,오징어멍멍!,2025-01-17
츄베릅jmt_20250117_c4,츄베릅jmt_20250117,@별겁나좋아하는사람,저이거 성공즈,2025-01-17
츄베릅jmt_20250117_c5,츄베릅jmt_20250117,@아윌비빽,🫓🐤,2025-01-17
츄베릅jmt_20250117_c6,츄베릅jmt_20250117,@윤보미팬다,너무 이뻐요❤ 사랑스럽다,2025-01-17
츄베릅jmt_20250117_c7,츄베릅jmt_20250117,@yee9083,내몸에 총알이 세개지요,2025-01-17
츄베릅jmt_20250117_c8,츄베릅jmt_20250117,@별겁나좋아하는사람,저이거 성공했스,2025-01-17
츄베릅jmt_20250117_c9,츄베릅jmt_20250117,@안유진사랑하는안유댕,걍 맛있게 먹는게 젤 간편 하다는 말쑴.......,2025-01-17
츄베릅jmt_20250117_c10,츄베릅jmt_20250117,@bori1711,가능한 사람 업쒀요 업쒀..!,2025-01-17
츄베릅jmt_20250117_c11,츄베릅jmt_20250117,@nali7890,너무 예쁘세요❤ 혹시 렌즈 뭐 끼시나요 ??,2025-01-17
츄베릅jmt_20250115_c1,츄베릅jmt_20250115,@Ahhaho,죤예,2025-05-12
츄베릅jmt_20250115_c2,츄베릅jmt_20250115,@정정람,진짜 이뿌시당!,2025-01-25
츄베릅jmt_20250115_c3,츄베릅jmt_20250115,@티렉스사기당함,저 물방울처럼 보이는게 식물속의 염분이 밖으로 나온거래요,2025-01-19
츄베릅jmt_20250115_c4,츄베릅jmt_20250115,@hyeona-0827,아누누님이 소스 뿌려 먹으면 맜있데요,2025-01-19
츄베릅jmt_20250115_c5,츄베릅jmt_20250115,@대호김-g4m,아진짜너무이쁘다,2025-01-16
츄베릅jmt_20250115_c6,츄베릅jmt_20250115,@푸하하-j4l,토끼같으시넹,2025-01-16
츄베릅jmt_20250115_c7,츄베릅jmt_20250115,@아윌비빽,🌱🐤,2025-01-15
츄베릅jmt_20250115_c8,츄베릅jmt_20250115,@monopoly-asd,으아 저거 어캐 먹지?ㅋㅋㅋ,2025-01-15
츄베릅jmt_20250115_c9,츄베릅jmt_20250115,@안유진사랑하는안유댕,어쩜 먹는게 인형같지?,2025-01-15
츄베릅jmt_20250115_c10,츄베릅jmt_20250115,@이주희-r3e,다이어트하려고 샀는데 먹고살더 찔거같은 야채일것같음,2025-01-15
츄베릅jmt_20250115_c11,츄베릅jmt_20250115,@윤보미팬다,인형가테❤,2025-01-15
츄베릅jmt_20250115_c12,츄베릅jmt_20250115,@민지뭉뭉이,토끼같다멍!,2025-01-15
츄베릅jmt_20250115_c13,츄베릅jmt_20250115,@noori123-x2d-c7l,야채가 짜다니! ㅋㅎㅋㅎㅋㅎ 😂,2025-01-15
츄베릅jmt_20250115_c14,츄베릅jmt_20250115,@bori1711,다이어트에 좋겠네용(?),2025-01-15
츄베릅jmt_20250114_c1,츄베릅jmt_20250114,@가빈44,나도꼭먹어봐야징 마라탕😅,2025-06-28
츄베릅jmt_20250114_c2,츄베릅jmt_20250114,@Ahhaho,이쁘게 잘드신당,2025-05-12
츄베릅jmt_20250114_c3,츄베릅jmt_20250114,@김윤아-y3s,제 최애 마라탕 먹방 😍😍😍,2025-02-13
츄베릅jmt_20250114_c4,츄베릅jmt_20250114,@txt_g0ne,넘 이쁘세요!!! 내 최애 먹방 유튜버!!! 구독 고고!!!!,2025-02-06
츄베릅jmt_20250114_c5,츄베릅jmt_20250114,@구름-n6d,목이 백목이 숙주,2025-01-19
츄베릅jmt_20250114_c6,츄베릅jmt_20250114,@한성희-k5h,소리 너무 좋아요...♡♡,2025-01-16
츄베릅jmt_20250114_c7,츄베릅jmt_20250114,@안유진사랑하는안유댕,마라탕 먹고 싶으때 먹방을 보면 츄베릅님만 떠오른ㄷ r,2025-01-16
츄베릅jmt_20250114_c8,츄베릅jmt_20250114,@므야아오오옹,우왓 마이크 뭐 쓰세용?,2025-01-15
츄베릅jmt_20250114_c9,츄베릅jmt_20250114,@민지뭉뭉이,마라탕탕멍멍!,2025-01-15
츄베릅jmt_20250114_c10,츄베릅jmt_20250114,@김선희-b5w8k,"건두부
분모자
유부요",2025-01-14
츄베릅jmt_20250114_c11,츄베릅jmt_20250114,@푸하하-j4l,스키 무서워서 못타겠던데 ㅠㅠ 어릴때 소풍으로 한번 갔다가 못타서 안전요원님이 내려가게 도와줘가지고 썰매만 오지게 탔던것만 기억나네요😂 꿔바로우 땡기네,2025-01-14
츄베릅jmt_20250114_c12,츄베릅jmt_20250114,@5siion,어디마라탕이에여?ㅠㅠ,2025-01-14
츄베릅jmt_20250114_c13,츄베릅jmt_20250114,@안유진사랑하는안유댕,"넘 귀여우세요!!내가 딱 원하는 먹방임.....
구독 갈겨!!",2025-01-14
츄베릅jmt_20250114_c14,츄베릅jmt_20250114,@Yunbbi_CO,이제 보니까 병아리? 닮으신 거 같아여,2025-01-14
츄베릅jmt_20250114_c15,츄베릅jmt_20250114,@bori1711,앗 저두 비빌디파크 간적 있어용!! 거기서 스키도 타고 떡볶이도 먹었는데 또 가고싶당...ㅎㅎ,2025-01-14
츄베릅jmt_20250114_c16,츄베릅jmt_20250114,@개학싫어-i3z,(:(:,2025-01-14
츄베릅jmt_20250114_c17,츄베릅jmt_20250114,@개학싫어-i3z,노로바이러스 유행이니 건강하게 지네라능,2025-01-14
츄베릅jmt_20250114_c18,츄베릅jmt_20250114,@개학싫어-i3z,찐으로 마라를 처음으로 배달시킴!!!???:(,2025-01-14
츄베릅jmt_20250114_c19,츄베릅jmt_20250114,@장길재-v8w,헐 마라라니,2025-01-14
츄베릅jmt_20250112_c1,츄베릅jmt_20250112,@Bang-g4f,졸귀네,2025-05-01
츄베릅jmt_20250112_c2,츄베릅jmt_20250112,@캬악투,언니... 김치 없는 고기듬뿍은 심장이 빠진거야... 추가해서 다시 먹어봐요...,2025-03-17
츄베릅jmt_20250112_c3,츄베릅jmt_20250112,@동준김,"두루치기...갑자기 성시경님이 극찬한
전원식당두루치기가 생각나네요
저는 속초에가서 직접 먹어봤는데
그냥 맛이 평범했네요",2025-01-14
츄베릅jmt_20250112_c4,츄베릅jmt_20250112,@피글렛_BS,최근에 공부하느라 영상 못봤네요 ㅠ 최근에 빨간거 먹고싶었는데 츄베릅님 영상 보면서 대리만족 합니다😏,2025-01-13
츄베릅jmt_20250112_c5,츄베릅jmt_20250112,@haneul204,혹시 렌즈 정보 알 수 있을까용 ??😆,2025-01-12
츄베릅jmt_20250112_c6,츄베릅jmt_20250112,@민지뭉뭉이,츄베릅멍 버거킹은 먹었으니 맥도날드 해줄수 있나멍..? 🥺,2025-01-12
츄베릅jmt_20250112_c7,츄베릅jmt_20250112,@bori1711,맵찔이 기본맛 김치추가 확인확인 체크체크!!,2025-01-12
츄베릅jmt_20250112_c8,츄베릅jmt_20250112,@오보에-b6u,너무 맛있게 먹으시는데 곧 뜰듯 ㅎㅇㅌ,2025-01-12
츄베릅jmt_20250112_c9,츄베릅jmt_20250112,@윤보미팬다,공주가테❤,2025-01-12
츄베릅jmt_20250112_c10,츄베릅jmt_20250112,@이동건-r4c,먹을 때가 제일 예쁜 우리 츄베릅씌..💕,2025-01-12
츄베릅jmt_20250112_c11,츄베릅jmt_20250112,@monopoly-asd,존맛탱 졸귀탱,2025-01-12
츄베릅jmt_20250112_c12,츄베릅jmt_20250112,@noori123-x2d-c7l,이분 알고리즘 떠서 쇼츠 다 봤는데 곧 뜰거같음!,2025-01-12
츄베릅jmt_20250112_c13,츄베릅jmt_20250112,@zoobun,😎🎉,2025-01-12
츄베릅jmt_20250110_c1,츄베릅jmt_20250110,@가빈44,먹방유튜버중 츄베릅님이 제일이쁘세요😊😊🥰🥰,2025-06-28
츄베릅jmt_20250110_c2,츄베릅jmt_20250110,@Ahhaho,달달하게 이쁘시당,2025-05-12
츄베릅jmt_20250110_c3,츄베릅jmt_20250110,@민지뭉뭉이,크림떡 진짜 맛있다멍!,2025-01-10
츄베릅jmt_20250110_c4,츄베릅jmt_20250110,@pamto-w2y,쇼츠 첨부터 끝까지 다봄 .. 더올려줘여,2025-01-10
츄베릅jmt_20250110_c5,츄베릅jmt_20250110,@Yunbbi_CO,소리 넘 좋아서 영상 정주행하고 있는데 진짜 꼭 뜰 분 같아여...,2025-01-10
츄베릅jmt_20250110_c6,츄베릅jmt_20250110,@zoobun,😍❤️,2025-01-10
츄베릅jmt_20250110_c7,츄베릅jmt_20250110,@bori1711,역시나 빠른 신상리뷰👍,2025-01-10
츄베릅jmt_20250110_c8,츄베릅jmt_20250110,@yeon-fq7mc,아유.. 예쁘네~~,2025-01-10
츄베릅jmt_20250110_c9,츄베릅jmt_20250110,@윤보미팬다,여신가테❤,2025-01-10
츄베릅jmt_20250108_c1,츄베릅jmt_20250108,@MooAase,🦋🤎🩷,2025-07-31
츄베릅jmt_20250108_c2,츄베릅jmt_20250108,@Ahhaho,겉바속촉처럼 야무지게 이뿌시당,2025-05-12
츄베릅jmt_20250108_c3,츄베릅jmt_20250108,@가빈44,"저두주세요 츄베릅 님 😋🤲
핫치킨 싸이순살치킨 먹구싶당😊🤤🤤",2025-05-07
츄베릅jmt_20250108_c4,츄베릅jmt_20250108,@앙너무달아-n8m,해외에서 공부 중인데 뿌링클 영상 올려주셔서 감사합니다! 다른 치킨 영상도 기다릴게요!,2025-03-22
츄베릅jmt_20250108_c5,츄베릅jmt_20250108,@whiwhi_21,오ㅓ 이틀 전에 먹었는데 이거 보니까 또 먹고 싶어짐…,2025-01-31
츄베릅jmt_20250108_c6,츄베릅jmt_20250108,@나에요-f3y,드실때 공기흡입 안해서 보기 너무 편해요ㅜ,2025-01-14
츄베릅jmt_20250108_c7,츄베릅jmt_20250108,@짱구-c3o,맘터알바생 등장!! 저거 만들기 귀찮아요 제발 주문하지말아주세요 ㅠㅠ😢,2025-01-14
츄베릅jmt_20250108_c8,츄베릅jmt_20250108,@Creamy_cats,개마싯어보이는데 낼시켜머거보게요,2025-01-10
츄베릅jmt_20250108_c9,츄베릅jmt_20250108,@크크-c1l,약간 04년생 같은데 맞나요?,2025-01-10
츄베릅jmt_20250108_c10,츄베릅jmt_20250108,@진탑오,너무 맛있어보여요!!,2025-01-09
츄베릅jmt_20250108_c11,츄베릅jmt_20250108,@Yunbbi_CO,이거랑 전 싸이 순살 영상 중독성 쩔어여...,2025-01-09
츄베릅jmt_20250108_c12,츄베릅jmt_20250108,@동준김,"처갓집슈프림순살vs맘스터치핫치즈빅싸이순살
뭐가 더 맛있나요?",2025-01-09
츄베릅jmt_20250108_c13,츄베릅jmt_20250108,@bori1711,힝 오늘 좀 늦어서 미안해유 맘터 치즈볼 진짜 인죵이죠 아 오늘 치즈볼만 왕창 먹어야게쒀여!!!,2025-01-08
츄베릅jmt_20250108_c14,츄베릅jmt_20250108,@joopuppy,먹는 소리 너무 좋아서 이 새벽에 입맛 다시고 있습니다 ㅜㅜ 그리고 외람된 말이지만 얼굴이 진짜 조막만하세요!!!😍 넘 예뿌심,2025-01-08
츄베릅jmt_20250108_c15,츄베릅jmt_20250108,@민지뭉뭉이,이거 님 따라 시켜먹어봤는데 진짜 맛있다멍!,2025-01-08
츄베릅jmt_20250108_c16,츄베릅jmt_20250108,@째녀엉,"너무 맛있어보이는데 심지어 너무 마싰게 잘 드셔서
먹고싶어요ㅠ❤😢(현재는 다이어트 중이라 배달음식,밀가루,군것질 금지라는...ㅠ)",2025-01-08
츄베릅jmt_20250108_c17,츄베릅jmt_20250108,@봄바르디로나눔한디로,저 오렌지에요 맛있겠네요,2025-01-08
츄베릅jmt_20250108_c18,츄베릅jmt_20250108,@이동건-r4c,베룹님 마라짜파게티 먹어주쎄용!!,2025-01-08
츄베릅jmt_20250108_c19,츄베릅jmt_20250108,@zoobun,오 맛있겠네요😍,2025-01-08
츄베릅jmt_20250105_c1,츄베릅jmt_20250105,@박보스-x2d,데리고살고싶다,2025-02-22
츄베릅jmt_20250105_c2,츄베릅jmt_20250105,@Jjj-f4zz,렌즈정보좀요,2025-01-11
츄베릅jmt_20250105_c3,츄베릅jmt_20250105,@Jjj-f4zz,렌즈정보좀여,2025-01-11
츄베릅jmt_20250105_c4,츄베릅jmt_20250105,@째녀엉,다음에는 굽네 시카고피자 먹어주세여!~❤구독했어염~❤❤❤,2025-01-08
츄베릅jmt_20250105_c5,츄베릅jmt_20250105,@크크-c1l,혹시 04년생 인가요?,2025-01-08
츄베릅jmt_20250105_c6,츄베릅jmt_20250105,@채버블,새해복,2025-01-05
츄베릅jmt_20250105_c7,츄베릅jmt_20250105,@민지뭉뭉이,멍멍…,2025-01-05
츄베릅jmt_20250105_c8,츄베릅jmt_20250105,@그래그래-d2i,찐한 말차 좋아하는데 맛있겠어요😋,2025-01-05
츄베릅jmt_20250105_c9,츄베릅jmt_20250105,@bori1711,슈톨렌 마시멜로우바라니...!! 견과류랑 초코 미쵸따☆,2025-01-05
츄베릅jmt_20250103_c1,츄베릅jmt_20250103,@Ahhaho,대파처럼 대이뿌다,2025-05-12
츄베릅jmt_20250103_c2,츄베릅jmt_20250103,@곰돌이TV-s9p,쪽파도 해주세영❤,2025-03-02
츄베릅jmt_20250103_c3,츄베릅jmt_20250103,@february1259,omg。。。꽃다발 만들어도 되겠어요,2025-01-04
츄베릅jmt_20250103_c4,츄베릅jmt_20250103,@아윤남,"매우시면
파를 통으로 구워서
만들어 먹어 봐요!❤",2025-01-04
츄베릅jmt_20250103_c5,츄베릅jmt_20250103,@쨈요,새복 많이많이 받으세요,2025-01-04
츄베릅jmt_20250103_c6,츄베릅jmt_20250103,@푸하하-j4l,츄베릅님 아프지 마시고 새해복 많이 받으세용!! 디게 매워 보이는데,2025-01-03
츄베릅jmt_20250103_c7,츄베릅jmt_20250103,@그래그래-d2i,신기하네요🤔 새해 복 많이 받으세요~,2025-01-03
츄베릅jmt_20250103_c8,츄베릅jmt_20250103,@쭝브이,늦었지만 새해복 많이받으세요~ !!,2025-01-03
츄베릅jmt_20250103_c9,츄베릅jmt_20250103,@bori1711,쇼츠 보면서 완죤 매울 것 같았는데 역시나..ㅋㅎㅋㅎ 전 그냥 대파크림치즈 베이글이나 먹을래용 헷,2025-01-03
츄베릅jmt_20250102_c1,츄베릅jmt_20250102,@Ahhaho,와 이뻐용,2025-05-12
츄베릅jmt_20250102_c2,츄베릅jmt_20250102,@나나티비-t3c,맛있겠다 그리구  소리 개좋아ㅠ,2025-01-28
츄베릅jmt_20250102_c3,츄베릅jmt_20250102,@Yunbbi_CO,언니 진짜 어떻게 살이 안쪄요??ㅠㅜ,2025-01-09
츄베릅jmt_20250102_c4,츄베릅jmt_20250102,@아츠무사랑해-Atsumu,소리 개쥬아요 언니 ㅠㅠ❤❤,2025-01-04
츄베릅jmt_20250102_c5,츄베릅jmt_20250102,@윤보미팬다,정말 아름다워요❤,2025-01-02
츄베릅jmt_20250102_c6,츄베릅jmt_20250102,@bori1711,라면볶음밥 가끔씩 먹으면 별미에여☆ 반숙계후까지 올리면 더 맛있답니다 흐흐,2025-01-02
츄베릅jmt_20250102_c7,츄베릅jmt_20250102,@민지뭉뭉이,1빠 멍!,2025-01-02
츄베릅jmt_20241227_c1,츄베릅jmt_20241227,@의대간다2004년생,오물오물 세상 귀엽네 ㅋㅋ,2025-06-06
츄베릅jmt_20241227_c2,츄베릅jmt_20241227,@193-v4w,젓가락질 이상한게 영상마다 너무 거슬림... 좀 안보이게 먹던가ㅠ,2025-05-21
츄베릅jmt_20241227_c3,츄베릅jmt_20241227,@이지호-s7y,이야 맛도리이시네요 군침이돌아요,2025-05-11
츄베릅jmt_20241227_c4,츄베릅jmt_20241227,@この-p3u,人差し指立っちゃうの可愛いし分かるよ笑,2025-04-26
츄베릅jmt_20241227_c5,츄베릅jmt_20241227,@UTRcpm,내가 댓글 쓴게 나왔다!!,2025-01-13
츄베릅jmt_20241227_c6,츄베릅jmt_20241227,@채버블,기름진 음식 많이 드셔도 피부 좋으신 비결 좀요 ㅜ ㅜ 맛있는거 먹으면서 피부 좋아지고 싶어요,2025-01-01
츄베릅jmt_20241227_c7,츄베릅jmt_20241227,@secret-m2p,"이 영상 보니 치맥 땡긴다...
귀국했을때 고추바사삭 먹고 올걸...",2024-12-31
츄베릅jmt_20241227_c8,츄베릅jmt_20241227,@Bigmountain821,手震えすぎやろ,2024-12-31
츄베릅jmt_20241227_c9,츄베릅jmt_20241227,@대호김-g4m,음식보다 얼굴에 집중하게되네요,2024-12-30
츄베릅jmt_20241227_c10,츄베릅jmt_20241227,@작럭패,디게 막 먹는데 이쁘게먹네,2024-12-28
츄베릅jmt_20241227_c11,츄베릅jmt_20241227,@jungahan1591,엉니 소식좌 였엉…?😂,2024-12-28
츄베릅jmt_20241227_c12,츄베릅jmt_20241227,@Minjiispuppy,오 저 오늘 고추바사삭 먹었는데🙂‍↔️😎,2024-12-27
츄베릅jmt_20241227_c13,츄베릅jmt_20241227,@쭝브이,타코야끼도 불닭이랑 꿀조합이라던데요!! 고추바사삭 안먹은지 꽤 됐는데 맛있어보인다요ㅠ,2024-12-27
츄베릅jmt_20241227_c14,츄베릅jmt_20241227,@user-kf9sw1oo6p,성공하실것같아요!,2024-12-27
츄베릅jmt_20241227_c15,츄베릅jmt_20241227,@bori1711,오늘 저 도미노 포테이토 피자에 마요네즈 토핑 추가해서 먹었는데 불닭이랑 잘어울릴듯용..!,2024-12-27
츄베릅jmt_20241227_c16,츄베릅jmt_20241227,@윤보미팬다,이쁘다❤,2024-12-27
츄베릅jmt_20241226_c1,츄베릅jmt_20241226,@chu.berup_jmt,"익선동) 따뜻한 소보로빵은 처음이다

<빻>
따뜻한 소보로빵에 버터를 넣어주는 곳🫶🏻
핫보로를 주문하면 따뜻한 빵을 바로 꺼내
버터를 넣어주는데 고소함 미쳤🫶🏻
통팥이랑 카이막도 발라먹을 수 있어서 안물리고 계속 먹을 수 있음🫶🏻
거북이 모양으로 생긴 메론크림 슈보로랑
단호박크림치즈가 꾸덕하게 든 깨보로도 완전 추천🫶🏻
여기서 파는 단짠미친 소금 빻 우유랑 먹으면 고냥 행복🫶🏻

📍빻
📍 서울 종로구 돈화문로11다길 40 1층
⏰ 매일 10:30-21:00 (L.O 20:00)",2024-12-26
츄베릅jmt_20241226_c2,츄베릅jmt_20241226,@푸하하-j4l,버터가 넘 커서 느끼해 보이는뎅,2025-01-03
츄베릅jmt_20241226_c3,츄베릅jmt_20241226,@jungahan1591,소보로 러버로서 인정쓰 합니당❤,2024-12-27
츄베릅jmt_20241226_c4,츄베릅jmt_20241226,@monopoly-asd,며칠 전에 익선동 다녀왔는데 여기 가볼껄! ㅠ,2024-12-26
츄베릅jmt_20241226_c5,츄베릅jmt_20241226,@Minjiispuppy,오늘도 강아지같으시네요 🐶🐶,2024-12-26
츄베릅jmt_20241226_c6,츄베릅jmt_20241226,@쭝브이,메론슈보로 맛있겠다요! 빵돌이도 맛보러 가볼게요 ㅋㅋㅋ,2024-12-26
츄베릅jmt_20241226_c7,츄베릅jmt_20241226,@bori1711,아니 소보로껍데기 개마싰는데 거기다 피쵸분태면 나 기죨해.,2024-12-26
츄베릅jmt_20241226_c8,츄베릅jmt_20241226,@윤보미팬다,천사가테❤,2024-12-26
츄베릅jmt_20241223_c1,츄베릅jmt_20241223,@UTRcpm,굽네치킨 고추바사삭 리뷰해주세요😊,2024-12-25
츄베릅jmt_20241223_c2,츄베릅jmt_20241223,@user-zh7pv8qn8j,엇..! 이웃집통통이 이군요!😳 영상 넘 잘 보고 갑니다!💗,2024-12-25
츄베릅jmt_20241223_c3,츄베릅jmt_20241223,@jungahan1591,아 이렇게 먹고 싶게 만들면 어떡하냐구여❤,2024-12-24
츄베릅jmt_20241223_c4,츄베릅jmt_20241223,@Minjiispuppy,맛있겠다 🐶🐶 😍😍😍,2024-12-24
츄베릅jmt_20241223_c5,츄베릅jmt_20241223,@대호김-g4m,아닠ㅋㅋㅋㅋ초반에 속삭이는거 왜이렇게 귀여워요?,2024-12-24
츄베릅jmt_20241223_c6,츄베릅jmt_20241223,@푸하하-j4l,쿠키가 아니라 케익인줄요 ㅋㅋㅋㅋ,2024-12-23
츄베릅jmt_20241223_c7,츄베릅jmt_20241223,@쭝브이,와아! 안에있는 그자식이 참 꾸덕하고 맛있어보이네요!!ㅋㅋㅋㅋ,2024-12-23
츄베릅jmt_20241223_c8,츄베릅jmt_20241223,@윤보미팬다,너무이쁘세요,2024-12-23
츄베릅jmt_20241223_c9,츄베릅jmt_20241223,@bori1711,헐 저두 오늘 슈톨렌 먹었는데!!! 마지팬 진짜 꾸덕달달 맛있져ㅠ 아 나도 통통이꺼 슈톨렌 먹어보고싶다 견과류 미쳐따🥜,2024-12-23
츄베릅jmt_20241219_c1,츄베릅jmt_20241219,@안녕-s2p-w4e,해봤는데 8개밖에성공함,2025-06-29
츄베릅jmt_20241219_c2,츄베릅jmt_20241219,@그로밋sksk,저는 쌉가능해요.,2025-06-13
츄베릅jmt_20241219_c3,츄베릅jmt_20241219,@CuteBunnies7,한번에 먹는거 에요..!,2024-12-22
츄베릅jmt_20241219_c4,츄베릅jmt_20241219,@illlllhjj,그냥 한번에 입에 다 넣고 먹으면 되는거 아닌가요?,2024-12-21
츄베릅jmt_20241219_c5,츄베릅jmt_20241219,@버독-h2c,ㅋㅋ 이거기억난다 스펀지에서 나와서 바로 선임들후임들하고 해봤는데 7명전원이 실패했던..ㅋㅋ 😂,2024-12-21
츄베릅jmt_20241219_c6,츄베릅jmt_20241219,@다은-i9w,한번에 먹어야 한데요.,2024-12-21
츄베릅jmt_20241219_c7,츄베릅jmt_20241219,@푸하하-j4l,물도먹으면 안되나요?,2024-12-19
츄베릅jmt_20241219_c8,츄베릅jmt_20241219,@Minjiispuppy,혹시 강아지란 소리 들어본적이 있나요? 🐶🐶🐶 🥰🥰,2024-12-19
츄베릅jmt_20241219_c9,츄베릅jmt_20241219,@쭝브이,보기만했는데도 입속에 침이 마르네요 ㅋㅋ 오늘도 잘보고갑니다~,2024-12-19
츄베릅jmt_20241219_c10,츄베릅jmt_20241219,@bori1711,저두 실패...,2024-12-19
츄베릅jmt_20241219_c11,츄베릅jmt_20241219,@봄바르디로나눔한디로,오 이런거 좋아해요,2024-12-19
츄베릅jmt_20241219_c12,츄베릅jmt_20241219,@jungahan1591,옹 저도 시도해보ㅓ야 겠어용ㄷ,2024-12-19
츄베릅jmt_20241217_c1,츄베릅jmt_20241217,@line29wkd,볶음밥 맛있겠다,2024-12-18
츄베릅jmt_20241217_c2,츄베릅jmt_20241217,@Minjiispuppy,꼬소하이 쳐줙이네~🐶🐶,2024-12-17
츄베릅jmt_20241217_c3,츄베릅jmt_20241217,@jungahan1591,오늘 영상도 굿굿!!❤❤근뎅 혹시 지코바에다 밤 가능하신가욤??,2024-12-17
츄베릅jmt_20241217_c4,츄베릅jmt_20241217,@푸하하-j4l,맵찔이눈 대리만족 ㅋㅋㅋㅋ,2024-12-17
츄베릅jmt_20241217_c5,츄베릅jmt_20241217,@choi0425,소맥안시킬수가없긴하다...,2024-12-17
츄베릅jmt_20241217_c6,츄베릅jmt_20241217,@color1842,진짜 맛있겠네,2024-12-17
츄베릅jmt_20241217_c7,츄베릅jmt_20241217,@이동건-r4c,저요 손👋👋❤,2024-12-17
츄베릅jmt_20241217_c8,츄베릅jmt_20241217,@bori1711,치즈볶음밥 뭥미 치즈가 완전 한가득 맛없을 수가 업쒀,2024-12-17
츄베릅jmt_20241209_c1,츄베릅jmt_20241209,@chu.berup_jmt,4k로 보는 방법 : 화면 상단 톱니바퀴-> 고급💕,2024-12-09
츄베릅jmt_20241209_c2,츄베릅jmt_20241209,@kdmkdmkdmin,귀엽다 할 수 있따!,2025-06-20
츄베릅jmt_20241209_c3,츄베릅jmt_20241209,@박보스-x2d,먹는거 귀엽ㅋㅋ,2025-01-23
츄베릅jmt_20241209_c4,츄베릅jmt_20241209,@Jjj-f4zz,렌즈정보좀.....,2025-01-13
츄베릅jmt_20241209_c5,츄베릅jmt_20241209,@Jjj-f4zz,렌즈정보좀요,2025-01-11
츄베릅jmt_20241209_c6,츄베릅jmt_20241209,@rudy4114,정말 한입을 맛있게 드시네요,2024-12-13
츄베릅jmt_20241209_c7,츄베릅jmt_20241209,@Chloe-kf3os,눈화장이 너무 이쁘시네요! 혹시 눈 밑에 붉은 라이너는 뭔지 여쭤봐도 될까요?,2024-12-11
츄베릅jmt_20241209_c8,츄베릅jmt_20241209,@color1842,"저 사러 갔을 때 안 팔던데 맛이
궁금해요 ㅠㅠ😢",2024-12-10
츄베릅jmt_20241209_c9,츄베릅jmt_20241209,@대호김-g4m,먹는모습 너무이뻐요❤,2024-12-10
츄베릅jmt_20241209_c10,츄베릅jmt_20241209,@채버블,츄베릅님은 식욕 성욕 수면욕중에 식욕이 가장 강한신가요?,2024-12-09
츄베릅jmt_20241209_c11,츄베릅jmt_20241209,@ゆい-d5e,美味しそう🤤🤤,2024-12-09
츄베릅jmt_20241209_c12,츄베릅jmt_20241209,@장길재-v8w,자메이카는 살 안찌겟죠...?,2024-12-09
츄베릅jmt_20241209_c13,츄베릅jmt_20241209,@bori1711,이거 누가 댓글에 툼바 먹어달라고 한거 기억하시고 바로 해주시는 센스... 미쵸땅,2024-12-09
츄베릅jmt_20241209_c14,츄베릅jmt_20241209,@껨온SON153,츄베릅JMT님 먹는모습이 아주예쁘군요.,2024-12-09
츄베릅jmt_20241204_c1,츄베릅jmt_20241204,@호호-t2b,"컨셉만 신박한거 잡고 음식값을 올리는 신박한 곳 ㅋㅋㅋ
창의력도 가격 포함인지요?",2024-12-07
츄베릅jmt_20241204_c2,츄베릅jmt_20241204,@뀨-l3m,와 진짜 쬐끔주고 뭔짓이여,2024-12-07
츄베릅jmt_20241204_c3,츄베릅jmt_20241204,@백시우tv,제이상형이에요,2024-12-06
츄베릅jmt_20241204_c4,츄베릅jmt_20241204,@vvip9024,저렴한고기를 이색이라는이름으로 비싸게 파는곳 뇌뺜애들이 많이가죠 ㅎㅎ 뒷고기 많이드세요 저럴꺼면 양꼬치집을가지,2024-12-06
츄베릅jmt_20241204_c5,츄베릅jmt_20241204,@봄바르디로나눔한디로,"오렌지에요 오랜만이네요 벌써 2천 8백명 😮
바빠서 많이 못와서 지금부터 또 단골손님
되겠습니닺",2024-12-05
츄베릅jmt_20241204_c6,츄베릅jmt_20241204,@푸하하-j4l,가볼만 한거같아요!!!,2024-12-05
츄베릅jmt_20241204_c7,츄베릅jmt_20241204,@대호김-g4m,"여기도 다녀오셨네용
한번쯤은? 가볼만한곳이더라구요",2024-12-04
츄베릅jmt_20241202_c1,츄베릅jmt_20241202,@sm28jdi77iuu,그래서 존나 이쁘다,2025-06-10
츄베릅jmt_20241202_c2,츄베릅jmt_20241202,@이다민-p7q,나도 돈 많이 모아서 이런거 시킬래요,2025-06-02
츄베릅jmt_20241202_c3,츄베릅jmt_20241202,@까까-g1k,유튜버 혜서니랑 똑같이 생김,2025-02-01
츄베릅jmt_20241202_c4,츄베릅jmt_20241202,@UTRcpm,확실히 핫치즈순살싸이보다 색이 차이가 나네요,2024-12-24
츄베릅jmt_20241202_c5,츄베릅jmt_20241202,@monopoly-asd,건강상 문제로 이런 음식 못 먹게 됐는데 대리만족 지렸다,2024-12-19
츄베릅jmt_20241202_c6,츄베릅jmt_20241202,@jungahan1591,너므 마시께 드셔용!!❤❤,2024-12-14
츄베릅jmt_20241202_c7,츄베릅jmt_20241202,@cycy8635,왜케 바들바들 떨면서 먹음ㅋㅋㅋㅋㅋㅋ,2024-12-10
츄베릅jmt_20241202_c8,츄베릅jmt_20241202,@찌르세,"역시 이쁘고 볼일이다 ㅋㅋ
벌써 2800이네",2024-12-05
츄베릅jmt_20241202_c9,츄베릅jmt_20241202,@푸하하-j4l,그거 트러플 슈프림 맛있는데,2024-12-05
츄베릅jmt_20241202_c10,츄베릅jmt_20241202,@채버블,많이 드시면 살 안찌시나요 ㅜ ㅜ 살 찔까봐 못먹겠어용,2024-12-03
츄베릅jmt_20241202_c11,츄베릅jmt_20241202,@대호김-g4m,진짜 먹는것도이쁘다😮,2024-12-02
츄베릅jmt_20241202_c12,츄베릅jmt_20241202,@에헤이조졌네이거-w5x,야발 다이어트 포기,2024-12-02
츄베릅jmt_20241202_c13,츄베릅jmt_20241202,@껨온SON153,"츄베릅,JMT님 먹는모습이 아주예쁘군요.",2024-12-02
츄베릅jmt_20241125_c1,츄베릅jmt_20241125,@껨온SON153,츄베릅JMT님 먹는모습이 아주예쁘군요.,2024-11-26
츄베릅jmt_20241125_c2,츄베릅jmt_20241125,@line29wkd,한입만😊,2024-11-26
츄베릅jmt_20241125_c3,츄베릅jmt_20241125,@김옥순-z4f,어니언 보일이 아니라 보일링 어니언 아니예여??,2024-11-25
츄베릅jmt_20241125_c4,츄베릅jmt_20241125,@이동건-r4c,만들었어용??,2024-11-25
츄베릅jmt_20241124_c1,츄베릅jmt_20241124,@line29wkd,일본여행 갔어요?,2024-11-28
츄베릅jmt_20241124_c2,츄베릅jmt_20241124,@언젠간좋은날,늘어나는거 치즈인가용?!,2024-11-27
츄베릅jmt_20241124_c3,츄베릅jmt_20241124,@반달처럼,나야 오뎅..❤️,2024-11-26
츄베릅jmt_20241124_c4,츄베릅jmt_20241124,@그래그래-d2i,맛있어 보이네요🤤 곧 일본 가는데 꼭 사먹어야겠어요,2024-11-26
츄베릅jmt_20241124_c5,츄베릅jmt_20241124,@피글렛_BS,와 ㅋㅋ 또 여행가셨어요? 저도 곧 일본으로 가긴 하는데 ㅋㅋ 재밌게 놀고오세여!,2024-11-26
츄베릅jmt_20241124_c6,츄베릅jmt_20241124,@푸하하-j4l,일본 부럽슴다 ㅠㅠ 재밌게 노세요 ㅋㅋㅋ,2024-11-24
츄베릅jmt_20241121_c1,츄베릅jmt_20241121,@jungahan1591,마시게따❤,2024-12-14
츄베릅jmt_20241121_c2,츄베릅jmt_20241121,@푸하하-j4l,헛 대리만족 ㅋㅋㅋ,2024-11-21
츄베릅jmt_20241121_c3,츄베릅jmt_20241121,@성이름-m3q2l,깔끔하게 잘 드시네요~ 구독하고 가요~,2024-11-21
츄베릅jmt_20241115_c1,츄베릅jmt_20241115,@pri_zll,"이 영상 언제 질리냐 한 40번째 보는중,,?",2025-06-01
츄베릅jmt_20241115_c2,츄베릅jmt_20241115,@DailyYooni,얼마나 매워여?😊,2025-05-26
츄베릅jmt_20241115_c3,츄베릅jmt_20241115,@해삐만두,"너무 이쁘세요ㅇ,,❤",2025-05-24
츄베릅jmt_20241115_c4,츄베릅jmt_20241115,@Babyhayoon,1000번째 좋아요❤,2025-03-05
츄베릅jmt_20241115_c5,츄베릅jmt_20241115,@shawn-v2y,유행시킨 장본인답게 이분 영상이 최고임,2025-01-28
츄베릅jmt_20241115_c6,츄베릅jmt_20241115,@미미-i4y8z,"다이어트중인데.. 릴스 보고 못참고 주문해서 먹었어요
진짜 이분 맘스터치에서 광고비 주셔야함",2025-01-17
츄베릅jmt_20241115_c7,츄베릅jmt_20241115,@동준김,"너무 맛있게 드시네요
저도 이거 시켜먹어봐야겠어요

근데 물어볼게있는데요
빅싸이치즈순살이랑 처갓집슈프림순살
2개중에 뭐가 더 맛있나요?",2024-12-20
츄베릅jmt_20241115_c8,츄베릅jmt_20241115,@IlovemyteamIlovemycrew,인스타에서 너무 예쁘신데 너무 맛있게 드셔서 넘어왔어요...❤❤,2024-12-16
츄베릅jmt_20241115_c9,츄베릅jmt_20241115,@윶프-u6r,너무 맛있게 먹고 비주얼 ㄹㅈㄷ다ㅜ 내가본 이치킨 비주얼 이분이 짱이신듯ㅜ,2024-11-30
츄베릅jmt_20241115_c10,츄베릅jmt_20241115,@color1842,이거 미쳤네 내일 저녁은 이거다,2024-11-28
츄베릅jmt_20241115_c11,츄베릅jmt_20241115,@lllx_e,많이 매울까여??,2024-11-20
츄베릅jmt_20241115_c12,츄베릅jmt_20241115,@우당탕탕걸,독일 츄잉캔디 먹어주세요!!☺️💗,2024-11-18
츄베릅jmt_20241115_c13,츄베릅jmt_20241115,@그래그래-d2i,치밥 좋은데요?😮,2024-11-17
츄베릅jmt_20241115_c14,츄베릅jmt_20241115,@ggulggulggul2,떡상가즈아,2024-11-15
츄베릅jmt_20241115_c15,츄베릅jmt_20241115,@mu_ch1cken,맛있겠다.. 우리집에서 먹자,2024-11-15
츄베릅jmt_20241115_c16,츄베릅jmt_20241115,@이동건-r4c,슈프림 양념이랑 비슷하게 생겼내,2024-11-15
츄베릅jmt_20241115_c17,츄베릅jmt_20241115,@피글렛_BS,와ㅏ 맛있겠다 최애 햄버거집인데 ㅠㅠ,2024-11-15
츄베릅jmt_20241115_c18,츄베릅jmt_20241115,@껨온SON153,츄베릅JMT님 먹는모습이 아주예쁘군요,2024-11-15
츄베릅jmt_20241114_c1,츄베릅jmt_20241114,@최우성-e6u,❤❤❤❤,2025-03-02
츄베릅jmt_20241114_c2,츄베릅jmt_20241114,@대호김-g4m,잇팁이세요??!,2024-12-06
츄베릅jmt_20241114_c3,츄베릅jmt_20241114,@푸하하-j4l,흠 미슐랭 식당에서 혼밥이라니 이건좀 귀하군,2024-11-14
츄베릅jmt_20241114_c4,츄베릅jmt_20241114,@ggulggulggul2,떡상가즈아,2024-11-14
츄베릅jmt_20241114_c5,츄베릅jmt_20241114,@이동건-r4c,베릅씨 열광라볶이 드셔보셧어요??,2024-11-14
츄베릅jmt_20241113_c1,츄베릅jmt_20241113,@jungahan1591,언니 뼈 치킨만 먹으면 언니의 래전드 발골이 생각낭 ❤,2024-12-14
츄베릅jmt_20241113_c2,츄베릅jmt_20241113,@대호김-g4m,츄하!!!!오늘저녁은 이건가...,2024-12-03
츄베릅jmt_20241113_c3,츄베릅jmt_20241113,@LightBalance-Coworking,"안녕하세요 츄베릅JMT님 
저희는 조명 전문 브랜드 라이트밸런스입니다. 

츄베릅JMT님의 영상을 보고 영상제작에  도움이 될 수 있는 제품으로 함께하고자 하여, 
협업 제안을 담아 이메일을 드렸습니다. 확인해 주시면 감사하겠습니다.",2024-11-15
츄베릅jmt_20241113_c4,츄베릅jmt_20241113,@ggulggulggul2,떡상가즈아,2024-11-14
츄베릅jmt_20241113_c5,츄베릅jmt_20241113,@푸하하-j4l,머리한거 왜캐 잘어울리는데 ㅋㅋㅋ,2024-11-13
츄베릅jmt_20241113_c6,츄베릅jmt_20241113,@이동건-r4c,솔직히 모자 마음에드시죸ㅋㅋㅋㅋㅋ 계속 쓰구 올리시네,2024-11-13
츄베릅jmt_20241113_c7,츄베릅jmt_20241113,@플러그인,모자 귀여운데..,2024-11-13
츄베릅jmt_20241110_c1,츄베릅jmt_20241110,@jungahan1591,언니 오늘 미녀에서 야수가 됬는뎅😂😂😂치킨 한입 먹자마자 아기 곰 야수가 된 것 가타❤❤😂😂,2024-12-14
츄베릅jmt_20241110_c2,츄베릅jmt_20241110,@하하하-k7f3j,Asmr 컨텐츠 너무 좋은 것 같아요😙,2024-11-18
츄베릅jmt_20241110_c3,츄베릅jmt_20241110,@마석도-i7g,안삼키네,2024-11-13
츄베릅jmt_20241110_c4,츄베릅jmt_20241110,@푸하하-j4l,후라이드 파가 많네요..,2024-11-12
츄베릅jmt_20241110_c5,츄베릅jmt_20241110,@bbq_offi,"안녕하세요 츄베릅JMT님 BBQ치킨입니다. BBQ제품을 찾아주셔서 정말 감사합니다!😊 앞으로도 BBQ 치킨 많은 사랑 부탁드리며, BBQ 치킨과 즐거운 하루가 되셨길 바랍니다❤ 감사합니다",2024-11-11
츄베릅jmt_20241110_c6,츄베릅jmt_20241110,@akenai128,소스 바르고 보여줄때 입벌리고 있는게 개웃기네ㅋㅋㅋㅋ,2024-11-11
츄베릅jmt_20241110_c7,츄베릅jmt_20241110,@ggulggulggul2,떡상가즈아,2024-11-10
츄베릅jmt_20241110_c8,츄베릅jmt_20241110,@스타후니,진짜 먹을때 제일신나보여요ㄲㅋㄱㅋ,2024-11-10
츄베릅jmt_20241110_c9,츄베릅jmt_20241110,@피글렛_BS,와.. 비비큐 황올 진짜 맛있는데 ㅋㅋ 저도 아주 좋아한다는! 다음에 비비큐 시킬때 먹어야지❤,2024-11-10
츄베릅jmt_20241110_c10,츄베릅jmt_20241110,@이동건-r4c,저는 뱃살다이어트중이라 기름진거 못먹어요…,2024-11-10
츄베릅jmt_20241110_c11,츄베릅jmt_20241110,@Chiho96,이렇게 잘 드시는데 몸매 유지 어떻게 하시는지 궁그매요 ㅠㅠ 운동 따로 하시나욤?!!,2024-11-10
츄베릅jmt_20241109_c1,츄베릅jmt_20241109,@가빈44,이런딸이면 부모님들매일매일 눈에서꿀떨어질듯🤗🤗😍,2025-06-28
츄베릅jmt_20241109_c2,츄베릅jmt_20241109,@1-mw6xj,전 걸어도 엄마가 안 받이주더라구여....😅,2024-12-02
츄베릅jmt_20241109_c3,츄베릅jmt_20241109,@채버블,키 180가즈아~ 현재키 몇인가요?,2024-11-10
츄베릅jmt_20241109_c4,츄베릅jmt_20241109,@h_mochi_bungeo,저는 바로 부모님은 스토리못보게 설정해놓는데요?ㅋㅋㅋㅋㅋ,2024-11-09
츄베릅jmt_20241109_c5,츄베릅jmt_20241109,@ggulggulggul2,떡상가즈아,2024-11-09
츄베릅jmt_20241109_c6,츄베릅jmt_20241109,@february1259,진짜 먹은거 바로 설거지 하시나여^.^?,2024-11-09
츄베릅jmt_20241109_c7,츄베릅jmt_20241109,@푸하하-j4l,오 맞팔 해주시나요??!!,2024-11-09
츄베릅jmt_20241109_c8,츄베릅jmt_20241109,@akenai128,바로 착한 딸 모드 on,2024-11-09
츄베릅jmt_20241109_c9,츄베릅jmt_20241109,@피글렛_BS,저도 팔로우 했지요~ㅋㅋ,2024-11-09
츄베릅jmt_20241108_c1,츄베릅jmt_20241108,@jungahan1591,한 번 사먹어 봐야겠오용❤,2024-12-14
츄베릅jmt_20241108_c2,츄베릅jmt_20241108,@color1842,와 이것도 미쳤네 ❤ 내일 점심에 머 먹냐 진짜,2024-11-28
츄베릅jmt_20241108_c3,츄베릅jmt_20241108,@최삼총사,치킨만 빼서 먹고 피자도 따로 먹으면 진짜 가성비 인 것 같다,2024-11-17
츄베릅jmt_20241108_c4,츄베릅jmt_20241108,@february1259,와 나도 줘요,2024-11-11
츄베릅jmt_20241108_c5,츄베릅jmt_20241108,@yujini18,2만원대라길래?29990일줄알았는데22900이었네 굿굿,2024-11-09
츄베릅jmt_20241108_c6,츄베릅jmt_20241108,@ergvcb288,겁나귀여워여 진짜 ㅋㅋ,2024-11-09
츄베릅jmt_20241108_c7,츄베릅jmt_20241108,@그래그래-d2i,맛있겠어요😋,2024-11-09
츄베릅jmt_20241108_c8,츄베릅jmt_20241108,@노아-m4r,다이어트하는데 미치것네,2024-11-09
츄베릅jmt_20241108_c9,츄베릅jmt_20241108,@채버블,모자쓴거 너무 귀여워,2024-11-09
츄베릅jmt_20241108_c10,츄베릅jmt_20241108,@ggulggulggul2,떡상가즈아,2024-11-08
츄베릅jmt_20241108_c11,츄베릅jmt_20241108,@h_mochi_bungeo,와 소리 미쳤자나여ㅠㅠ,2024-11-08
츄베릅jmt_20241108_c12,츄베릅jmt_20241108,@푸하하-j4l,치킨모자 쓴거 넘 귀여운거 아니냐구 ㅋㅋ 반칙이야 반칙!,2024-11-08
츄베릅jmt_20241108_c13,츄베릅jmt_20241108,@피글렛_BS,와 광고 넘넘 추카드려요! 저 맘스터치 좋아하는데 최애 먹방 유튜버가 광고 한거면 함 먹어봐야겠다...!!!,2024-11-08
츄베릅jmt_20241106_c1,츄베릅jmt_20241106,@jungahan1591,와 진짜 저 이렇게 하리보 코하쿠토 샤갹샤갹 먹는 사람 첨 봤오용❤❤한 번 만들어서 먹거 봤는뎅 제 취향은😅,2024-12-14
츄베릅jmt_20241106_c2,츄베릅jmt_20241106,@이동건-r4c,그 반지 제가 끼워드려도 됩니까!,2024-11-06
츄베릅jmt_20241106_c3,츄베릅jmt_20241106,@피글렛_BS,오 이거 만들 수 있을거같은데? 하리보 사고 만들어봐야지!❤,2024-11-06
츄베릅jmt_20241105_c1,츄베릅jmt_20241105,@parker344,언니 바르신 립 알려주세여!,2024-11-07
츄베릅jmt_20241105_c2,츄베릅jmt_20241105,@냐옹-18q,저 쪼꼬만 입으로 오물오물 드시는거 진짜 너무 귀여우심 mbti는 뭐에요?? 항상 행복한 일들만 가득하길😂,2024-11-05
츄베릅jmt_20241105_c3,츄베릅jmt_20241105,@푸하하-j4l,치즈는 느끼한 맛이 싫어요 ㅠㅠ,2024-11-05
츄베릅jmt_20241105_c4,츄베릅jmt_20241105,@스타후니,ㅋㅋㅋㄱㅋ 장비도 점점늘어나고 방송쟁이 다됐네요,2024-11-05
츄베릅jmt_20241105_c5,츄베릅jmt_20241105,@피글렛_BS,치즈 러번데 진짜 맛있겠다 ㅠㅠ 기회 되면 한번 먹어봐야지!,2024-11-05
츄베릅jmt_20241105_c6,츄베릅jmt_20241105,@ggulggulggul2,떡상가즈아,2024-11-05
츄베릅jmt_20241105_c7,츄베릅jmt_20241105,@이동건-r4c,악 귀엽다ㅜㅜ,2024-11-05
츄베릅jmt_20241105_c8,츄베릅jmt_20241105,@YongSooPark-g4s,❤와! 맛있어보여용😊,2024-11-05
츄베릅jmt_20241103_c1,츄베릅jmt_20241103,@jungahan1591,먹어봐야징🎉,2024-12-14
츄베릅jmt_20241103_c2,츄베릅jmt_20241103,@line29wkd,나도가서 사볼까?,2024-11-07
츄베릅jmt_20241103_c3,츄베릅jmt_20241103,@채버블,떡상 가자,2024-11-05
츄베릅jmt_20241103_c4,츄베릅jmt_20241103,@푸하하-j4l,도쿄 바나나 맛 나온게 개꿀맛 이였는데 안나오나 ㅠㅠ,2024-11-04
츄베릅jmt_20241103_c5,츄베릅jmt_20241103,@Ragnarr12,복숭아 그릭 사라지고 나온게 치토스..,2024-11-03
츄베릅jmt_20241103_c6,츄베릅jmt_20241103,@이동건-r4c,저는 민트초코가 좋아여,2024-11-03
츄베릅jmt_20241103_c7,츄베릅jmt_20241103,@ggulggulggul2,떡상가즈아,2024-11-03
츄베릅jmt_20241103_c8,츄베릅jmt_20241103,@피글렛_BS,그렇게 내스타일은 아닌듯요 ㅋㅋ 전 따로따로~,2024-11-03
츄베릅jmt_20241031_c1,츄베릅jmt_20241031,@루해-m2g,"이거 나만 이상했나 ㅠㅠㅠ 
쿠키 부분 너무 딱딱해서 턱 깨질거 같던데 ㅠㅠㅠㅠㅠㅠㅠㅠㅠㅠ",2024-11-05
츄베릅jmt_20241031_c2,츄베릅jmt_20241031,@ggulggulggul2,떡상가즈아,2024-11-02
츄베릅jmt_20241031_c3,츄베릅jmt_20241031,@bori1711,이거 쿠키부분 은근 쫀득해지고 카다이프도 촉촉해졌더라구용 존맛,2024-11-02
츄베릅jmt_20241031_c4,츄베릅jmt_20241031,@푸하하-j4l,이번건 진짜 맛있어보이네요 ㅋㅋㅋ,2024-10-31
츄베릅jmt_20241031_c5,츄베릅jmt_20241031,@jeolmi_,오.....두바이 쿠키도 맛있었는데 솔티 카라멜도 맛있어보이네요 ㅎㅎ,2024-10-31
츄베릅jmt_20241031_c6,츄베릅jmt_20241031,@Pxchxcxx,이거 징짜 개맛잇어요 저도 방금 먹음..,2024-10-31
츄베릅jmt_20241031_c7,츄베릅jmt_20241031,@Djdoeoeo,"와 진짜 너무먹어보고싶네요 ㅠㅠ
맛있겠다",2024-10-31
츄베릅jmt_20241031_c8,츄베릅jmt_20241031,@피글렛_BS,오 맛있겠다 근데 편의점 두바이는 좀 비싼거같아서 패스~ㅋㅋ,2024-10-31
츄베릅jmt_20241031_c1,츄베릅jmt_20241031,@Nk._oy,하루동안 얼려아되여!!,2024-11-14
츄베릅jmt_20241031_c2,츄베릅jmt_20241031,@ggulggulggul2,떡상가즈아,2024-11-02
츄베릅jmt_20241031_c3,츄베릅jmt_20241031,@군만두-e7y,근데 0:16초에 스웨덴 젤리가 사라졌는대😮,2024-11-01
츄베릅jmt_20241031_c4,츄베릅jmt_20241031,@포비-y6d,좋아요가 99여서 어쩔수 없이 눌른..❤,2024-11-01
츄베릅jmt_20241031_c5,츄베릅jmt_20241031,@Danimaeng,언니 스웨디시 젤리는 안돼😢😢,2024-10-31
츄베릅jmt_20241031_c6,츄베릅jmt_20241031,@이동건-r4c,오 저도 만들어볼래요!!,2024-10-31
츄베릅jmt_20241030_c1,츄베릅jmt_20241030,@NOWORNEVER-o3p,....우연히 아무생각없이 먹었는데 달아서 깜짝놀람..,2025-03-07
츄베릅jmt_20241030_c2,츄베릅jmt_20241030,@수세미-z9e,이거 개달아요..커피랑 드세요,2024-11-16
츄베릅jmt_20241030_c3,츄베릅jmt_20241030,@김하늘-e5f8u,눈화장 어디꺼쓰는지 알려주실수있나요??,2024-11-03
츄베릅jmt_20241030_c4,츄베릅jmt_20241030,@서주희-p2l,저도 오늘 먹어봤는데 괜찮았어요~~,2024-11-02
츄베릅jmt_20241030_c5,츄베릅jmt_20241030,@Yeong3976,얼른 연세 흑임자찰떡빵 나왔으면 좋겠어요😂😂,2024-10-30
츄베릅jmt_20241030_c6,츄베릅jmt_20241030,@푸하하-j4l,밤 티라미수 맛있겠네요 ㅋㅋㅋ,2024-10-30
츄베릅jmt_20241030_c7,츄베릅jmt_20241030,@김김이2,일단 저도 편하게 편의점에서 가지고 왔습니다~ 아침에 먹어봐야징😊,2024-10-30
츄베릅jmt_20241030_c8,츄베릅jmt_20241030,@Djdoeoeo,"빵도 맛있어보이는데
매번 리뷰보러왔다가 츄베릅님 외모에
반하고갑니다❤",2024-10-30
츄베릅jmt_20241030_c9,츄베릅jmt_20241030,@피글렛_BS,오 대박이다 제2의 두바이 됄려나?ㅋㅋ,2024-10-30
츄베릅jmt_20241030_c10,츄베릅jmt_20241030,@이동건-r4c,왜 맨날 맛잇는거 드시는데 마르셨나요?😯,2024-10-30
츄베릅jmt_20241030_c1,츄베릅jmt_20241030,@yeon-fq7mc,그래 이런 것도 좀 먹어~~~^,2025-01-15
츄베릅jmt_20241030_c2,츄베릅jmt_20241030,@대호김-g4m,츄베릅 너가 최고야!!,2024-12-10
츄베릅jmt_20241030_c3,츄베릅jmt_20241030,@february1259,개마싯겟다,2024-10-31
츄베릅jmt_20241030_c4,츄베릅jmt_20241030,@이동건-r4c,츄베륩 너가 제일예뻐!!,2024-10-30
츄베릅jmt_20241030_c5,츄베릅jmt_20241030,@ggulggulggul2,떡상가즈아,2024-10-30
츄베릅jmt_20241030_c6,츄베릅jmt_20241030,@illIiIIIN892,생긴게 아쉬워서 크게 대성하기는 힘들듯😅,2024-10-30
츄베릅jmt_20241030_c7,츄베릅jmt_20241030,@피글렛_BS,예전에 올린거다!ㅋㅋ,2024-10-30
츄베릅jmt_20241029_c1,츄베릅jmt_20241029,@jungahan1591,와 근데 마사써 보이는 건 므ㅓ지….,2024-12-14
츄베릅jmt_20241029_c2,츄베릅jmt_20241029,@moonout927,어디서 사셨나요??ㅜㅜ,2024-11-21
츄베릅jmt_20241029_c3,츄베릅jmt_20241029,@서현경-f3b,저저거먹어박서요❤❤🎉근데 진짜 맛있어요그렁대그러게맛었어요😅,2024-11-17
츄베릅jmt_20241029_c4,츄베릅jmt_20241029,@sungyouncho387,혹시 어떤 맛이 가장 맛있었나요?,2024-11-17
츄베릅jmt_20241029_c5,츄베릅jmt_20241029,@GIL_MIN2,저 겉에이는 왁스 먹엇는대 잘못되는건가요?,2024-11-09
츄베릅jmt_20241029_c6,츄베릅jmt_20241029,@cx._.ing9,소리 너무 조아여❤❤,2024-11-06
츄베릅jmt_20241029_c7,츄베릅jmt_20241029,@Kilokohan,이거 ㅈㄴ 맛 없음 좆같음,2024-11-01
츄베릅jmt_20241029_c8,츄베릅jmt_20241029,@푸하하-j4l,근데 캔디가 왜 왁스로 되있어요?,2024-10-30
츄베릅jmt_20241029_c9,츄베릅jmt_20241029,@seolU0,은근 qwer쵸단님 닮으셨어요!,2024-10-29
츄베릅jmt_20241029_c10,츄베릅jmt_20241029,@이동건-r4c,큐앤애이 해주세여,2024-10-29
츄베릅jmt_20241028_c1,츄베릅jmt_20241028,@Gizmolike,진짜 맛없고 비싸서 화남 ㅠㅠㅠㅠㅠㅠ,2024-11-29
츄베릅jmt_20241028_c2,츄베릅jmt_20241028,@ggulggulggul2,떡상가즈아,2024-10-29
츄베릅jmt_20241028_c3,츄베릅jmt_20241028,@피글렛_BS,이정도면 제일 맛없을듯 저도 제 취향은 아닐거같네요 ㅋㅋ,2024-10-29
츄베릅jmt_20241028_c4,츄베릅jmt_20241028,@그래그래-d2i,향이 이상했어요🤢,2024-10-28
츄베릅jmt_20241028_c5,츄베릅jmt_20241028,@line29wkd,맛은 없어도 얼굴 이쁘게 나왔으니까 한잔해~,2024-10-28
츄베릅jmt_20241028_c6,츄베릅jmt_20241028,@해바라기씨-o5v,"언니 그거 두바이 초콜릿이 아니라
두바이식 초콜릿이야..😂😂",2024-10-28
츄베릅jmt_20241028_c7,츄베릅jmt_20241028,@이동건-r4c,남은거 저 주세염,2024-10-28
츄베릅jmt_20241028_c8,츄베릅jmt_20241028,@푸하하-j4l,초콜릿 만든게 너무 성의없네용ㅠㅠ 화내시는거 넘 귀엽워욬ㅋㅋㅋ,2024-10-28
츄베릅jmt_20241027_c1,츄베릅jmt_20241027,@suji7821,댕귀엽당 언닝 잘먹넹❤,2025-03-10
츄베릅jmt_20241027_c2,츄베릅jmt_20241027,@쭈민-t5k,와사비 왤캐 코찡함,2025-02-18
츄베릅jmt_20241027_c3,츄베릅jmt_20241027,@jm-vv2gg,너무~많은데 잘 먹은 시내 요❤,2024-12-27
츄베릅jmt_20241027_c4,츄베릅jmt_20241027,@로블게토토,맛있겠다,2024-12-27
츄베릅jmt_20241027_c5,츄베릅jmt_20241027,@몽글-h1f,예쁘시네여❤❤,2024-12-25
츄베릅jmt_20241027_c6,츄베릅jmt_20241027,@대호김-g4m,오늘 야식은 연어다!!!!,2024-12-08
츄베릅jmt_20241027_c7,츄베릅jmt_20241027,@이름을입력하세요-g9g,혹시 섀도우 뭐쓰셨었는지 알수있을까요?❤🥹,2024-11-12
츄베릅jmt_20241027_c8,츄베릅jmt_20241027,@슬스리야,와우 군침이 싹 도노,2024-10-29
츄베릅jmt_20241027_c9,츄베릅jmt_20241027,@오예-x9s,와사비 간장 근본 가끔 초밥집에서 래디쉬랑 절임양파 올라가있는것도 취저,2024-10-28
츄베릅jmt_20241027_c10,츄베릅jmt_20241027,@ggulggulggul2,떡상가즈아,2024-10-28
츄베릅jmt_20241027_c11,츄베릅jmt_20241027,@february1259,코스트코 다녀오셨나요?,2024-10-27
츄베릅jmt_20241027_c12,츄베릅jmt_20241027,@푸하하-j4l,홀스래뒤시 최고!😊,2024-10-27
츄베릅jmt_20241027_c13,츄베릅jmt_20241027,@김나윤-p8b,개 맛있겠다....,2024-10-27
츄베릅jmt_20241027_c14,츄베릅jmt_20241027,@akenai128,다이소 두바이 나왔대요,2024-10-27
츄베릅jmt_20241027_c15,츄베릅jmt_20241027,@봄바르디로나눔한디로,오,2024-10-27
츄베릅jmt_20241027_c16,츄베릅jmt_20241027,@피글렛_BS,와 맛있겠다 ㅋㅋ 나도 먹고싶다 ㅋㅋ,2024-10-27
츄베릅jmt_20241027_c17,츄베릅jmt_20241027,@이동건-r4c,와사비 너무 많은데여 ㅋㅋㅋㅋ 잘먹네여😍,2024-10-27
츄베릅jmt_20241025_c1,츄베릅jmt_20241025,@슈퍼짱짱판타스틱보이,안녕하세요 현직 편의점직원입니다 티라미수 폐기남은걸 먹었는데 배가 너무아픈데 사장님이 혹시 독탄것은 아니겠죠?,2025-02-12
츄베릅jmt_20241025_c2,츄베릅jmt_20241025,@suddang-p6h,그럼 cu5카 사겠습니다 감사합니다,2025-01-26
츄베릅jmt_20241025_c3,츄베릅jmt_20241025,@좋아탕수육,GS가 압도적으로 맛있더라구욤😂,2024-11-25
츄베릅jmt_20241025_c4,츄베릅jmt_20241025,@Ytueo-o4g,맛은 있는데 너무 느끼하고 달고 가격이 좀..,2024-11-22
츄베릅jmt_20241025_c5,츄베릅jmt_20241025,@조타쿠-i7s,진짜 맛없더라 저거 가격 절반에 팔아도 안사먹을거임 하... 빡치네,2024-11-03
츄베릅jmt_20241025_c6,츄베릅jmt_20241025,@피글렛_BS,오 안 먹어봤는데 우승도 했으니 맛있겠지? 꼭 먹는다 ㅋㅋ,2024-10-27
츄베릅jmt_20241025_c7,츄베릅jmt_20241025,@우당탕탕걸,"언니! 울산병영에있는 금천면관 진짜 맛있어🥹🥹
길가는사람 붙잡고 꼭 가보라고하고 싶을정도로 너무너무 맛있음🥹 한번만가줘😆 항상 영상 잘 보고있어😋",2024-10-27
츄베릅jmt_20241025_c8,츄베릅jmt_20241025,@ggulggulggul2,떡상가즈아,2024-10-25
츄베릅jmt_20241025_c9,츄베릅jmt_20241025,@푸하하-j4l,맛있겠다 ㅋㅋㅋ,2024-10-25
츄베릅jmt_20241025_c10,츄베릅jmt_20241025,@이동건-r4c,지금 흑백요리사 보다왔어용ㅋㅋㅋㅋ,2024-10-25
츄베릅jmt_20241025_c11,츄베릅jmt_20241025,@Djdoeoeo,"항상 잘보고있어용!
오늘도 좋은리뷰 감사합니다❤",2024-10-25
츄베릅jmt_20241025_c12,츄베릅jmt_20241025,@엔써뤂덕이,그냥 둘 당 맛잇어 보인다!!❤,2024-10-25
츄베릅jmt_20241025_c13,츄베릅jmt_20241025,@E._xtivxc,어쩌라고욤,2024-10-25
츄베릅jmt_20241022_c1,츄베릅jmt_20241022,@이동건-r4c,그만귀여워라,2024-10-23
츄베릅jmt_20241022_c2,츄베릅jmt_20241022,@엔써뤂덕이,맛잇겟당...😢❤,2024-10-23
츄베릅jmt_20241022_c3,츄베릅jmt_20241022,@ggulggulggul2,떡상가즈아,2024-10-22
츄베릅jmt_20241022_c4,츄베릅jmt_20241022,@푸하하-j4l,맛있겠다 ㅋㅋㅋ 츄베릅님 목소리 작게하시니까 새로운 느낌!,2024-10-22
츄베릅jmt_20241022_c5,츄베릅jmt_20241022,@피글렛_BS,이거 싱가포르 돈키호테에 진짜 많이 파는데 존맛탱 ㅋㅋ,2024-10-22
츄베릅jmt_20241019_c1,츄베릅jmt_20241019,@김수진-b8f3e,반말 자연스럽😊,2025-01-10
츄베릅jmt_20241019_c2,츄베릅jmt_20241019,@이동건-r4c,매워하는거졸귀,2024-10-24
츄베릅jmt_20241019_c3,츄베릅jmt_20241019,@Chiho96,츄베릅님 메이크업 하는 영상도 궁그매용 존예..🤍배우고 싶다규,2024-10-19
츄베릅jmt_20241019_c4,츄베릅jmt_20241019,@february1259,불닭에는 타코야끼 아닌가여? 먹어주세여,2024-10-19
츄베릅jmt_20241019_c5,츄베릅jmt_20241019,@푸하하-j4l,오오 오셔군요! 몇일 있다 오신거에요?,2024-10-19
츄베릅jmt_20241019_c6,츄베릅jmt_20241019,@ggulggulggul2,떡상가즈아,2024-10-19
츄베릅jmt_20241019_c7,츄베릅jmt_20241019,@피글렛_BS,오 불닭 좋아하는데 진짜 이건 먹어봐야겠다...,2024-10-19
츄베릅jmt_20241017_c1,츄베릅jmt_20241017,@february1259,으아아아아ㅏㄱ,2024-10-20
츄베릅jmt_20241017_c2,츄베릅jmt_20241017,@whatisthat123-rio,놀람 ㅋㅋㅌ,2024-10-17
츄베릅jmt_20241017_c3,츄베릅jmt_20241017,@푸하하-j4l,어떻게 한거에요??,2024-10-17
츄베릅jmt_20241017_c4,츄베릅jmt_20241017,@ggulggulggul2,떡상가즈아,2024-10-17
츄베릅jmt_20241017_c5,츄베릅jmt_20241017,@피글렛_BS,깜짝아 ㅋㅋ 진짜인줄,2024-10-17
츄베릅jmt_20241009_c1,츄베릅jmt_20241009,@이동건-r4c,님 뭔데 ㅈㄴ귀엽게생김? 짜증나,2024-10-16
츄베릅jmt_20241009_c2,츄베릅jmt_20241009,@피글렛_BS,츄베릅님 무슨일이에용 ㅠ 왜 몇일째 영상 안올려요 ㅠ,2024-10-16
츄베릅jmt_20241009_c3,츄베릅jmt_20241009,@스타후니,다음 영상을 내놓으시오 여행중이라그런가,2024-10-15
츄베릅jmt_20241009_c4,츄베릅jmt_20241009,@february1259,겨쿨이신가바여❤,2024-10-13
츄베릅jmt_20241009_c5,츄베릅jmt_20241009,@껨온SON153,츄베릅님 먹는모습이 아주예쁘군요.,2024-10-12
츄베릅jmt_20241009_c6,츄베릅jmt_20241009,@황주원-s2s,내가 안 하고 다른 사람이 만든 라면 한입만이 제일 맛있음. 뺏는 맛이 최고 ❤👍 😊,2024-10-12
츄베릅jmt_20241009_c7,츄베릅jmt_20241009,@akenai128,롱폼도 재밌겠군만요.,2024-10-11
츄베릅jmt_20241009_c8,츄베릅jmt_20241009,@봄바르디로나눔한디로,오 여행 가셨나보네요!,2024-10-10
츄베릅jmt_20241009_c9,츄베릅jmt_20241009,@푸하하-j4l,스위스 부럽습니다 ㅠㅠㅠ,2024-10-10
츄베릅jmt_20241009_c10,츄베릅jmt_20241009,@ggulggulggul2,떡상가즈아,2024-10-09
츄베릅jmt_20241009_c11,츄베릅jmt_20241009,@쭈누쭈누-e7y,스위스 쵝오..,2024-10-09
츄베릅jmt_20241009_c12,츄베릅jmt_20241009,@피글렛_BS,오 롱폼 가즈아! 진짜 감성죽인다❤❤❤,2024-10-09
츄베릅jmt_20241009_c13,츄베릅jmt_20241009,@운교게이머,역시 츄베릅님의 상징 눈옆 화장이 오늘따라 더 마음에 드네요!! 스위스 알프스 정상에서도 츄베릅님의 이쁨이 통한 것 같아서 다행입니다,2024-10-09
츄베릅jmt_20241008_c1,츄베릅jmt_20241008,@푸하하-j4l,냉면 불어먹는거 귀엽네용 ㅋㅋㅋ,2024-10-08
츄베릅jmt_20241008_c2,츄베릅jmt_20241008,@user-pchpchpch,앞머리가 가발이네...,2024-10-08
츄베릅jmt_20241008_c3,츄베릅jmt_20241008,@봄바르디로나눔한디로,냉면을 불어먹는,2024-10-08
츄베릅jmt_20241008_c4,츄베릅jmt_20241008,@그래그래-d2i,댓글보고 알았네요ㅋㅋㅋ,2024-10-08
츄베릅jmt_20241008_c5,츄베릅jmt_20241008,@ggulggulggul2,떡상가즈아,2024-10-08
츄베릅jmt_20241008_c6,츄베릅jmt_20241008,@피글렛_BS,아 습관 ㅋㅋ 냉면 불어먹는거 습관적으로 그러던데 ㅋㅋ,2024-10-08
츄베릅jmt_20241008_c7,츄베릅jmt_20241008,@운교게이머,"냉면을 후후 불어먹은게 잘못 된 것 같아요
원래 뜨거운 음식을 후후 불어먹어야 하는데 차가운 냉면에 후후 불어 드셨어요",2024-10-08
츄베릅jmt_20241006_c1,츄베릅jmt_20241006,@스타후니,입술은 왜자꾸 나오는건가요ㅋㅋ ㅋ,2024-10-07
츄베릅jmt_20241006_c2,츄베릅jmt_20241006,@껨온SON153,츄베릅님 먹는모습이 아주예쁘군요.,2024-10-07
츄베릅jmt_20241006_c3,츄베릅jmt_20241006,@쭈누쭈누-e7y,안성재 셰프님의 라면도 해주세욧!!😊,2024-10-06
츄베릅jmt_20241006_c4,츄베릅jmt_20241006,@봄바르디로나눔한디로,돌아이 ㅣㅣㅣ ㅣ  요리많이하시네,2024-10-06
츄베릅jmt_20241006_c5,츄베릅jmt_20241006,@haleyj6924,라면으로 뭐해먹을지 고민하고 있었는데...유튜브 알고리즘이 제 뇌를 해킹했나봐요 맛있겠다❤,2024-10-06
츄베릅jmt_20241006_c6,츄베릅jmt_20241006,@ggulggulggul2,떡상가즈아,2024-10-06
츄베릅jmt_20241006_c7,츄베릅jmt_20241006,@푸하하-j4l,요리 컨텐츠도 좋네요 ㅋㅋㅋ 요리 잘하시는디요,2024-10-06
츄베릅jmt_20241006_c8,츄베릅jmt_20241006,@그래그래-d2i,요리 잘하신다..,2024-10-06
츄베릅jmt_20241006_c9,츄베릅jmt_20241006,@피글렛_BS,오 라면 좋아하는데 한번 먹어봐야지,2024-10-06
츄베릅jmt_20241005_c1,츄베릅jmt_20241005,@연경-s6m,좀 적당하게 달게 만들면 좋을텐데 왜그리 설탕을 때려부어 만들까요?사고싶은  마음이 안들어요,2024-10-14
츄베릅jmt_20241005_c2,츄베릅jmt_20241005,@Djdoeoeo,"와 맛있겠네요!!
오늘도 좋은리뷰감사합니다",2024-10-08
츄베릅jmt_20241005_c3,츄베릅jmt_20241005,@Youmandew,오옹 너무 궁금했는데 완전 맛있겠네용 츄베릅~,2024-10-05
츄베릅jmt_20241005_c4,츄베릅jmt_20241005,@ggulggulggul2,떡상가즈아,2024-10-05
츄베릅jmt_20241005_c5,츄베릅jmt_20241005,@봄바르디로나눔한디로,?,2024-10-05
츄베릅jmt_20241005_c6,츄베릅jmt_20241005,@푸하하-j4l,너무 달아서 머리 아프실듯 해요 ㅋㅋㅋㅋ,2024-10-05
츄베릅jmt_20241005_c7,츄베릅jmt_20241005,@김남성-p4s,맜있겠다~ 난두바이초코릿만 먹었어요ㅠㅠ,2024-10-05
츄베릅jmt_20241005_c8,츄베릅jmt_20241005,@피글렛_BS,오 이거 맛있겠는데 꼭 먹어봐야지!,2024-10-05
츄베릅jmt_20241004_c1,츄베릅jmt_20241004,@color1842,아 진짜 이 여자 요리도 잘하네 매력 미쳤다 ❤,2024-11-28
츄베릅jmt_20241004_c2,츄베릅jmt_20241004,@황주원-s2s,이뻐❤,2024-10-12
츄베릅jmt_20241004_c3,츄베릅jmt_20241004,@Chois444,기여웡,2024-10-06
츄베릅jmt_20241004_c4,츄베릅jmt_20241004,@ggulggulggul2,떡상가즈아,2024-10-05
츄베릅jmt_20241004_c5,츄베릅jmt_20241004,@봄바르디로나눔한디로,오 요리!,2024-10-04
츄베릅jmt_20241004_c6,츄베릅jmt_20241004,@그래그래-d2i,결과물은 최고네요😋,2024-10-04
츄베릅jmt_20241004_c7,츄베릅jmt_20241004,@푸하하-j4l,헬로키티 닮으신거 같은뎅 ㅋㅋㅋ,2024-10-04
츄베릅jmt_20241004_c8,츄베릅jmt_20241004,@Youmandew,언니 오늘따라 너무 햄토리 닮으셨네요🐹💗,2024-10-04
츄베릅jmt_20241004_c9,츄베릅jmt_20241004,@껨온SON153,츄베릅님 먹는모습이 아주예쁘군요.,2024-10-04
츄베릅jmt_20241004_c10,츄베릅jmt_20241004,@피글렛_BS,오 흑백요리사 한번 봐봐야겠다 ㅋㅋ 재밌다는데 음식도 맛있어보여요!!,2024-10-04
츄베릅jmt_20241003_c1,츄베릅jmt_20241003,@임혁-l1k,유익한 영상 감사합니다,2025-06-15
츄베릅jmt_20241003_c2,츄베릅jmt_20241003,@나라로드의환상의,츄베릅 하니까 헌터퐝 생각나네,2024-10-28
츄베릅jmt_20241003_c3,츄베릅jmt_20241003,@김지환-c4e6s,가고싶은데 못가네,2024-10-03
츄베릅jmt_20241003_c4,츄베릅jmt_20241003,@푸하하-j4l,오 ㅋㅋ 옛날 슈퍼마켓 같은데용가볼만한거 같다,2024-10-03
츄베릅jmt_20241003_c5,츄베릅jmt_20241003,@봄바르디로나눔한디로,우어 g리다,2024-10-03
츄베릅jmt_20241003_c6,츄베릅jmt_20241003,@ggulggulggul2,떡상가즈아,2024-10-03
츄베릅jmt_20241003_c7,츄베릅jmt_20241003,@피글렛_BS,오 감성 지리네 가보고 싶다 ㅋㅋ,2024-10-03
츄베릅jmt_20241002_c1,츄베릅jmt_20241002,@배꼽때-o3k,대전인입니다.... 부추빵 처음 먹고 우웩 했습니다 ... 이게 왜 유명한지 모르겟습니다..... 생각보다 점수가 후해서 놀랐습니다..,2025-07-25
츄베릅jmt_20241002_c2,츄베릅jmt_20241002,@빠라박-t9u,"그냥 빵이에요..
호불호..",2024-10-20
츄베릅jmt_20241002_c3,츄베릅jmt_20241002,@푸하하-j4l,성심당 부추빵 이랑 명란바게트가 젤 궁금하네요 ㅋㅋㅋ 브이로그랑 숏츠일때 츄베릅님 목소리가 알던거 하고 달라서 놀랐어요 ㅋㅋㅋ 재밌었습니다!,2024-10-02
츄베릅jmt_20241002_c4,츄베릅jmt_20241002,@Djdoeoeo,"새로운 도전 너무좋아요!!
브이로그 느낌도 괜찮네요!
앞으로도 다양하고 좋은영상 기대하겠습니당",2024-10-02
츄베릅jmt_20241002_c5,츄베릅jmt_20241002,@ggulggulggul2,떡상가즈아,2024-10-02
츄베릅jmt_20241002_c6,츄베릅jmt_20241002,@스타후니,오 이런느낌 좋은디요?,2024-10-02
츄베릅jmt_20241002_c7,츄베릅jmt_20241002,@봄바르디로나눔한디로,오 브이로그 여러가지 하시네 구독자도 쭉쭉오르고오,2024-10-02
츄베릅jmt_20241002_c8,츄베릅jmt_20241002,@피글렛_BS,궁금하긴하다 ㅋㅋ 나중에 먹어봐야지,2024-10-02
츄베릅jmt_20241001_c1,츄베릅jmt_20241001,@Djdoeoeo,"왜이리 이쁘셔요 ㅠㅠ 날이 가면갈수록
너무 이쁘시네",2024-10-02
츄베릅jmt_20241001_c2,츄베릅jmt_20241001,@피글렛_BS,이거 먹어보고싶당 나 다음에 먹어봐야지!❤,2024-10-01
츄베릅jmt_20241001_c3,츄베릅jmt_20241001,@ggulggulggul2,떡상가즈아,2024-10-01
츄베릅jmt_20241001_c4,츄베릅jmt_20241001,@푸하하-j4l,젤리가 아니라 과자 같은데여 ㅋㅋㅋㅋ,2024-10-01
츄베릅jmt_20241001_c5,츄베릅jmt_20241001,@운교게이머,츄베릅님 눈화장이 너무 마음에 들어요 츄베릅님의 치트키는 눈화장인가봐요^^,2024-10-01
츄베릅jmt_20241001_c6,츄베릅jmt_20241001,@boraman37,원반말,2024-10-01
츄베릅jmt_20241001_c7,츄베릅jmt_20241001,@봄바르디로나눔한디로,"동결건조가 왜케많아ㅏ 더미식영상 봤는데
광고가아 헉 추카합니다 경🎉축",2024-10-01
츄베릅jmt_20241001_c8,츄베릅jmt_20241001,@껨온SON153,츄베릅님 먹는모습이 아주예쁘군요.,2024-10-01
츄베릅jmt_20240929_c1,츄베릅jmt_20240929,@Sisi-p7x,"마시멜로 살짝 꾸욱 눌러준 다음에 바로 떼야 할걸요?
마시멜로우도 저런 마시멜로우는 안되고 따로 쓰는 마시멜로 있었던거 같아용!",2024-10-01
츄베릅jmt_20240929_c2,츄베릅jmt_20240929,@이해순-q1x,조금      눌러줘야해요,2024-10-01
츄베릅jmt_20240929_c3,츄베릅jmt_20240929,@신채민-q7k,약불로 해야 된데요,2024-10-01
츄베릅jmt_20240929_c4,츄베릅jmt_20240929,@현진박-c3q,하나씩 하면 더 쉬워요,2024-09-30
츄베릅jmt_20240929_c5,츄베릅jmt_20240929,@김유빈-d2m,큰거로하면더잘대요,2024-09-30
츄베릅jmt_20240929_c6,츄베릅jmt_20240929,@Djdoeoeo,조심하셔요 ㅠㅠ 항상 안전이 최우선!,2024-09-30
츄베릅jmt_20240929_c7,츄베릅jmt_20240929,@껨온SON153,츄베릅님 먹는모습이 아주예쁘군요.,2024-09-30
츄베릅jmt_20240929_c8,츄베릅jmt_20240929,@안창학-r1o,잘자요.,2024-09-29
츄베릅jmt_20240929_c9,츄베릅jmt_20240929,@스타후니,그래서 맞으셨나요,2024-09-29
츄베릅jmt_20240929_c10,츄베릅jmt_20240929,@ggulggulggul2,떡상가즈아,2024-09-29
츄베릅jmt_20240929_c11,츄베릅jmt_20240929,@StevenJune1209,화생방만드누😂,2024-09-29
츄베릅jmt_20240929_c12,츄베릅jmt_20240929,@5월싫어,존예다 베룹이,2024-09-29
츄베릅jmt_20240929_c13,츄베릅jmt_20240929,@L.Sxx1,괜찮으세요?ㅋㅋ큐ㅠ,2024-09-29
츄베릅jmt_20240929_c14,츄베릅jmt_20240929,@봄바르디로나눔한디로,엄.,2024-09-29
츄베릅jmt_20240929_c15,츄베릅jmt_20240929,@푸하하-j4l,ㅋㅋㅋㅋ 치우느라 고생좀 하셨겠네요,2024-09-29
츄베릅jmt_20240929_c16,츄베릅jmt_20240929,@Lovely_Heartsping,고생하셨어유 ㅋㅋㅋㅋㅋ,2024-09-29
츄베릅jmt_20240929_c17,츄베릅jmt_20240929,@만쥬존잘,진짜 더 뜨기전에 발자국 남길게요,2024-09-29
츄베릅jmt_20240929_c18,츄베릅jmt_20240929,@11_____11,내가 젤 먼저왓다,2024-09-29
츄베릅jmt_20240927_c1,츄베릅jmt_20240927,@그래그래-d2i,가끔 이런 간단한 요리?영상도 좋을 것 같아요!😊,2024-09-29
츄베릅jmt_20240927_c2,츄베릅jmt_20240927,@봄바르디로나눔한디로,버섯,2024-09-28
츄베릅jmt_20240927_c3,츄베릅jmt_20240927,@Lovely_Heartsping,ㅋㅋㅋ 팬에 많은 시도의 흔적이,2024-09-28
츄베릅jmt_20240927_c4,츄베릅jmt_20240927,@푸하하-j4l,오 근데 마시멜로우가 아니라 진짜 버섯 같아요,2024-09-27
츄베릅jmt_20240927_c5,츄베릅jmt_20240927,@ggulggulggul2,떡상가즈아,2024-09-27
츄베릅jmt_20240927_c6,츄베릅jmt_20240927,@껨온SON153,츄베릅님 먹는모습이 아주예쁘군요.,2024-09-27
츄베릅jmt_20240927_c7,츄베릅jmt_20240927,@피글렛_BS,오 나도 재미로 한번 해봐야지 재밌겠다 ㅋㅋ,2024-09-27
츄베릅jmt_20240926_c1,츄베릅jmt_20240926,@moobing79.,돼지 되기 딱 좋은 곳이네요,2024-09-27
츄베릅jmt_20240926_c2,츄베릅jmt_20240926,@이주희-m9d,여기 위생도 별로고.. 맛에 비해 웨이팅이 긺 ㅠ,2024-09-27
츄베릅jmt_20240926_c3,츄베릅jmt_20240926,@푸하하-j4l,과일이 넘 많아서 좀 물릴꺼 같아요 ㅋㅋㅋ,2024-09-27
츄베릅jmt_20240926_c4,츄베릅jmt_20240926,@ggulggulggul2,떡상가즈아,2024-09-27
츄베릅jmt_20240926_c5,츄베릅jmt_20240926,@봄바르디로나눔한디로,으어 생각보다 빨리돌아왔드아...,2024-09-27
츄베릅jmt_20240926_c6,츄베릅jmt_20240926,@스타후니,대구는 안오시나여,2024-09-26
츄베릅jmt_20240926_c7,츄베릅jmt_20240926,@껨온SON153,츄베릅님 먹는모습이 아주예쁘군요.,2024-09-26
츄베릅jmt_20240926_c8,츄베릅jmt_20240926,@h_mochi_bungeo,와 무화과랑 밤 아이스크림 다 제가 좋아하는것만 모여있어요ㅠㅠ,2024-09-26
츄베릅jmt_20240926_c9,츄베릅jmt_20240926,@whatisthat123-rio,🤤,2024-09-26
츄베릅jmt_20240926_c10,츄베릅jmt_20240926,@피글렛_BS,무화과는 결로 좋아하진 않는데 츄베릅님이 먹으니깐 더 맛있어보여요! 사랑해요❤,2024-09-26
츄베릅jmt_20240924_c1,츄베릅jmt_20240924,@커츠-r5e,"몸에서 열나는정 전 먹을만했음
국물까지 다먹음ㅎ",2025-02-20
츄베릅jmt_20240924_c2,츄베릅jmt_20240924,@민교서-l7n,이거 먹으면 입이 아니라 배가.아파요...ㅠㅠ,2025-02-19
츄베릅jmt_20240924_c3,츄베릅jmt_20240924,@예의-b2g,진짜 찐예쁘다..,2024-12-21
츄베릅jmt_20240924_c4,츄베릅jmt_20240924,@유앤아이y,"피부가 많이 건조해보여요.
눈화장만 바꾸면 좋을듯",2024-12-05
츄베릅jmt_20240924_c5,츄베릅jmt_20240924,@장그미네,떡넣으면 맛있더라구요 ᆢ국물때리고 반숙란 하나먹음 입안매운맛 사라져서 좋아욤,2024-12-01
츄베릅jmt_20240924_c6,츄베릅jmt_20240924,@례륵,"오늘 먹어봤는데 확실히 맛있게 먹기 딱 좋네요. ㅎㅎ
반지옥 라멘이랑 비교하면 아쉽긴 하지만
그래도 매운게 땡길때 가게까지 가서 반지옥 먹기 힘들경우 좀 많다보니
조금은 위안?정도는 되더라고요 ㅎㅎㅎ",2024-10-19
츄베릅jmt_20240924_c7,츄베릅jmt_20240924,@김창환-w1r,국물까지  완면해야 성공 아닌가요? 저건절반성공 ㅋㅋ,2024-10-05
츄베릅jmt_20240924_c8,츄베릅jmt_20240924,@이저미-z3z,맛이 쓰다 써,2024-10-02
츄베릅jmt_20240924_c9,츄베릅jmt_20240924,@housedb8374,"지금 먹고있는데 죽을정돈 아니고 맛있네요
깔끔하게 매운국물",2024-09-28
츄베릅jmt_20240924_c10,츄베릅jmt_20240924,@노해냥,물 먹으면 더 매워져요,2024-09-28
츄베릅jmt_20240924_c11,츄베릅jmt_20240924,@h_mochi_bungeo,저거 다먹으면 츄베릅님과 피크닉 갈수있어요?😉,2024-09-26
츄베릅jmt_20240924_c12,츄베릅jmt_20240924,@피글렛_BS,와 ㅋㅋ 진짜 매울거같은데 우는것도 귀여우면 어떡합니까 저도 매운건 좋아하는데 매운거 못먹어요 ㅋㅋ 진짜... 사랑해요❤,2024-09-25
츄베릅jmt_20240924_c13,츄베릅jmt_20240924,@Lovely_Heartsping,ㅋㅋㅋㅋㅋㅋ 진짜 매운가보네 눈물이 ㅋㅋㅋㅋㅋ,2024-09-24
츄베릅jmt_20240924_c14,츄베릅jmt_20240924,@스타후니,피크닉 갈사람 없어서 우는거아니죠?,2024-09-24
츄베릅jmt_20240924_c15,츄베릅jmt_20240924,@푸하하-j4l,"눈물 흘리시는것도 귀엽네용 ㅋㅋㅋ 츄베릅님 나이 알려주실줄알았는데 나빳다...


 



 장난입니다 ㅋㅋㅋㅋ",2024-09-24
츄베릅jmt_20240924_c16,츄베릅jmt_20240924,@엔써뤂덕이,유명인이 누굴까???...,2024-09-24
츄베릅jmt_20240924_c17,츄베릅jmt_20240924,@ggulggulggul2,떡상가즈아,2024-09-24
츄베릅jmt_20240924_c18,츄베릅jmt_20240924,@Djdoeoeo,와 저도 한번 도전해봐야겠네요!,2024-09-24
츄베릅jmt_20240924_c19,츄베릅jmt_20240924,@하트-b7g,눈물을 넘 예쁘게 흘리시네,2024-09-24
츄베릅jmt_20240920_c1,츄베릅jmt_20240920,@대호김-g4m,초콜릿먹는거짱이뻐요,2024-12-10
츄베릅jmt_20240920_c2,츄베릅jmt_20240920,@Lovely_Heartsping,강냉이 나갈뻔ㅋㅋㅋㅋ,2024-09-21
츄베릅jmt_20240920_c3,츄베릅jmt_20240920,@푸하하-j4l,어딜가도 두바이 초콜릿 ㅋㅋㅋ 편의점 필수템이 되어버렸네요,2024-09-20
츄베릅jmt_20240920_c4,츄베릅jmt_20240920,@Djdoeoeo,"오 ㅋㅋ 처음알았네요!!
잘보다갑니다 불금 즐겁게 보내세요 🔥 🔥",2024-09-20
츄베릅jmt_20240920_c5,츄베릅jmt_20240920,@김지우-l3n9e,떡상가자 저 재미있게 보고있어요,2024-09-20
츄베릅jmt_20240920_c6,츄베릅jmt_20240920,@Youmandew,요즘 이 언니한테 내 알고리즘 지배당해버림.. 넘 예쁘고 재밌어서 바로 구독❤ 곧 떡상해서 10만 되실 것 같은데..🍀 그럼저 초창기 구독자로 인정해주실 수 있나요?ㅋㅋ,2024-09-20
츄베릅jmt_20240920_c7,츄베릅jmt_20240920,@소라-ha,저도 먹어보고 십어여❤,2024-09-20
츄베릅jmt_20240920_c8,츄베릅jmt_20240920,@ggulggulggul2,떡상가즈아,2024-09-20
츄베릅jmt_20240920_c9,츄베릅jmt_20240920,@피글렛_BS,두바이 진짜 먹어보고싶다 찐으로 ㅋㅋ 나도 한국 갔을때 꼭 먹어봐야지~❤,2024-09-20
츄베릅jmt_20240920_c1,츄베릅jmt_20240920,@이선희-y7g,"후에..먹고싶은데
넘 멀어..ㅜㅜ",2025-04-17
츄베릅jmt_20240920_c2,츄베릅jmt_20240920,@Uiiei9887jjk,교토퍼펙트말차 본사가 갑질한다는 소문이 있던데. 조만간 갈 브랜드 일거 같네요,2025-04-01
츄베릅jmt_20240920_c3,츄베릅jmt_20240920,@noorue,신라면 투움바도 드셔주세요오😊,2024-11-26
츄베릅jmt_20240920_c4,츄베릅jmt_20240920,@Lovely_Heartsping,츄베릅 카메라맨하고싶다. 맛집투어 같이다니고 싶당..,2024-09-22
츄베릅jmt_20240920_c5,츄베릅jmt_20240920,@JessicaYi-sr5em,언제까지 하는거예요?,2024-09-20
츄베릅jmt_20240920_c6,츄베릅jmt_20240920,@fireflower-j6g,고양이.. 귀엽당..!!!!,2024-09-20
츄베릅jmt_20240920_c7,츄베릅jmt_20240920,@whatisthat123-rio,또 두바이초코인줄알고 넘길뻔,2024-09-20
츄베릅jmt_20240920_c8,츄베릅jmt_20240920,@ggulggulggul2,떡상가즈아,2024-09-20
츄베릅jmt_20240920_c9,츄베릅jmt_20240920,@푸하하-j4l,광고 축하드려요!,2024-09-20
츄베릅jmt_20240920_c10,츄베릅jmt_20240920,@껨온SON153,츄베릅님 먹는모습이 아주예쁘군요.,2024-09-20
츄베릅jmt_20240920_c11,츄베릅jmt_20240920,@Hayul0206,우와 광고축하해요🎉,2024-09-20
츄베릅jmt_20240920_c12,츄베릅jmt_20240920,@피글렛_BS,"와 최애 가수 요아소비 노래에다가 좋아하는 말차 아이스크림에 진짜 안빠지면 어쩔겁니껀 당장 구독하고 달려가자!

(광고 축하드립니다🎉🥳)",2024-09-20
츄베릅jmt_20240919_c1,츄베릅jmt_20240919,@귤댕,저 먹어봐는뎅 ......노맛,2024-10-03
츄베릅jmt_20240919_c2,츄베릅jmt_20240919,@Lovely_Heartsping,ㅇㅋ 그냥오레오 먹겠슴니당,2024-09-25
츄베릅jmt_20240919_c3,츄베릅jmt_20240919,@푸하하-j4l,"치토스도 콜라맛 냈었는데 괴식이였슴다..ㅋㅋ
오레오 시나몬 맛도 맛있어요",2024-09-19
츄베릅jmt_20240919_c4,츄베릅jmt_20240919,@스타후니,오호 더빙보다 이게좋네여 생동감이랄까,2024-09-19
츄베릅jmt_20240919_c5,츄베릅jmt_20240919,@coco_jerry,아오씨 장난질 적당히 쳐야지 오냐오냐했더니,2024-09-19
츄베릅jmt_20240919_c6,츄베릅jmt_20240919,@Hayul0206,오리지널이 최고임😊,2024-09-19
츄베릅jmt_20240919_c7,츄베릅jmt_20240919,@서연-k18y,괴식같은데ㅋㅋ,2024-09-19
츄베릅jmt_20240919_c8,츄베릅jmt_20240919,@피글렛_BS,와 이건 무슨맛이야 ㅋㅋ 솔직히 궁금하기도 하고?ㅋㅋ 근데 그냥 오레오가 최고지 ㅋㅋ,2024-09-19
츄베릅jmt_20240919_c9,츄베릅jmt_20240919,@ggulggulggul2,떡상가즈아,2024-09-19
츄베릅jmt_20240919_c10,츄베릅jmt_20240919,@Djdoeoeo,"저도 먹어봤었는데 엄청 신기하더라구요!!!
오늘도 좋은리뷰 감사합니다❤",2024-09-19
츄베릅jmt_20240919_c11,츄베릅jmt_20240919,@껨온SON153,츄베릅님 먹는모습이 아주예쁘군요.,2024-09-19
츄베릅jmt_20240917_c1,츄베릅jmt_20240917,@항돌이-h4j,구독하기싫게생김,2025-01-09
츄베릅jmt_20240917_c2,츄베릅jmt_20240917,@이채은-d8h4q,렌즈 뭔가용 ㅜㅜ,2024-10-10
츄베릅jmt_20240917_c3,츄베릅jmt_20240917,@auoman,이거 진짜 맛있겠다... 진짜 먹고 싶음,2024-09-21
츄베릅jmt_20240917_c4,츄베릅jmt_20240917,@나나티비-t3c,헐 나두 다음에 먹서봐야지,2024-09-17
츄베릅jmt_20240917_c5,츄베릅jmt_20240917,@슈짱-l6p,언니 제가 좋아요 100번째 사람입니당♡,2024-09-17
츄베릅jmt_20240917_c6,츄베릅jmt_20240917,@Hayul0206,추석잘 보내고 있나요?!😊,2024-09-17
츄베릅jmt_20240917_c7,츄베릅jmt_20240917,@스타후니,"ㅋㅋㅋㄱㅋ 어쩐일로  더빙을안하시고
즐거운 명절 보내셔여~",2024-09-17
츄베릅jmt_20240917_c8,츄베릅jmt_20240917,@Djdoeoeo,"맛있어 보이네요 ㅠㅠ
오늘도 좋은리뷰 감사드립니다!!",2024-09-17
츄베릅jmt_20240917_c9,츄베릅jmt_20240917,@ggulggulggul2,떡상가즈아,2024-09-17
츄베릅jmt_20240917_c10,츄베릅jmt_20240917,@준수-s3c,구독자가 왜 안느시지 ㅜㅜ😢,2024-09-17
츄베릅jmt_20240917_c11,츄베릅jmt_20240917,@껨온SON153,츄베릅님 먹는모습이 아주예쁘군요.,2024-09-17
츄베릅jmt_20240915_c1,츄베릅jmt_20240915,@준수-s3c,개이쁜데 왜 안뜸.?,2024-09-16
츄베릅jmt_20240915_c2,츄베릅jmt_20240915,@피글렛_BS,ㅋㅋ 진짜 청소하기도 힘들겠당 ㅋㅋ 놀라시는거 넘 귀여워요❤,2024-09-16
츄베릅jmt_20240915_c3,츄베릅jmt_20240915,@february1259,아 제 얼굴에 맞았잖아요 😫,2024-09-16
츄베릅jmt_20240915_c4,츄베릅jmt_20240915,@haleyj6924,"""제 입속으로""",2024-09-16
츄베릅jmt_20240915_c5,츄베릅jmt_20240915,@나야나-l2w,어디 제품인가요?,2024-09-16
츄베릅jmt_20240915_c6,츄베릅jmt_20240915,@푸하하-j4l,놀라시는거 왜케 귀여우심 ㅋㅋㅋ,2024-09-16
츄베릅jmt_20240915_c7,츄베릅jmt_20240915,@Hayul0206,좋아요 완료🎉,2024-09-15
츄베릅jmt_20240915_c8,츄베릅jmt_20240915,@스타후니,안먹어야할 이유가 하나더 늘었군요,2024-09-15
츄베릅jmt_20240915_c9,츄베릅jmt_20240915,@ggulggulggul2,떡상가즈아,2024-09-15
츄베릅jmt_20240915_c1,츄베릅jmt_20240915,@line29wkd,6천원인데 저양에 그닥? 와 개오바..,2024-10-19
츄베릅jmt_20240915_c2,츄베릅jmt_20240915,@어쩔방구,너모 이쁘신데 리뷰도 잘하심..갓벽,2024-09-21
츄베릅jmt_20240915_c3,츄베릅jmt_20240915,@깜둥개-e8s,이분 곰퐝인가요??,2024-09-16
츄베릅jmt_20240915_c4,츄베릅jmt_20240915,@Djdoeoeo,"너무 이쁘셔요 ㅠㅠ 두바이 초콜릿 리뷰보러
왔다가 미모의 반하고 갑니다❤
연휴 잘보내시고
잘보고갑니다!",2024-09-16
츄베릅jmt_20240915_c5,츄베릅jmt_20240915,@밍밍-21,"이거 진짜 맛있어요!
밀크 초콜릿이라",2024-09-16
츄베릅jmt_20240915_c6,츄베릅jmt_20240915,@푸하하-j4l,두바이 초콜릿 넘 자주나오네요 ㅋㅋㅋ,2024-09-16
츄베릅jmt_20240915_c7,츄베릅jmt_20240915,@슈연-u8o,가격 얼마에용?,2024-09-16
츄베릅jmt_20240915_c8,츄베릅jmt_20240915,@Hayul0206,구독완료🎉,2024-09-15
츄베릅jmt_20240915_c9,츄베릅jmt_20240915,@ggulggulggul2,떡상가즈아,2024-09-15
츄베릅jmt_20240915_c10,츄베릅jmt_20240915,@Chiho96,귀여워용..환승연애 나오신 서경님 닮움❤,2024-09-15
츄베릅jmt_20240914_c1,츄베릅jmt_20240914,@Lovely_Heartsping,맛집네비 츄베릅,2024-09-16
츄베릅jmt_20240914_c2,츄베릅jmt_20240914,@haleyj6924,대박 아이스티 맛은 어떤가요??,2024-09-15
츄베릅jmt_20240914_c3,츄베릅jmt_20240914,@푸하하-j4l,빵 진짜 맛있어보이네요 😢 츄베릅님 즐거운 추석 보내세요! 저거 앙버터는 불호 ㅠ,2024-09-14
츄베릅jmt_20240914_c4,츄베릅jmt_20240914,@피글렛_BS,오 저거 팥인줄 알았는데 ㅋㅋ 진짜 맛있겠다❤,2024-09-14
츄베릅jmt_20240914_c5,츄베릅jmt_20240914,@그래그래-d2i,즐거운 추석 연휴 되세요~,2024-09-14
츄베릅jmt_20240914_c6,츄베릅jmt_20240914,@스타후니,컵보다 얼굴이더작네,2024-09-14
츄베릅jmt_20240914_c7,츄베릅jmt_20240914,@ggulggulggul2,떡상가즈아,2024-09-14
츄베릅jmt_20240914_c8,츄베릅jmt_20240914,@껨온SON153,츄베릅님 먹는모습이 아주예쁘군요.,2024-09-14
츄베릅jmt_20240913_c1,츄베릅jmt_20240913,@Lovely_Heartsping,믿고 베라가보겟슴니다ㅏ,2024-09-16
츄베릅jmt_20240913_c2,츄베릅jmt_20240913,@Lsw.0sx,인스타에서 여기 카다이프 안들어갔다고 뭐라하는 애들 본적 있는데 상식적으로 아이스크림에 카다이프가 들어가면 눅눅해지지 않을까 만약에 베라에서 카다이프 넣어서 출시했어도 그건 그거대로 눅눅해서 맛없다고 깠을거면서 애들이 좀 모자란거 같음,2024-09-15
츄베릅jmt_20240913_c3,츄베릅jmt_20240913,@E11ie401,더벤티 멜팅피스타치오 있어요,2024-09-14
츄베릅jmt_20240913_c4,츄베릅jmt_20240913,@초코송이-m5e,맛있겠당ㄷㄷ 낼 베라 달려 갈게욧ㅋ,2024-09-13
츄베릅jmt_20240913_c5,츄베릅jmt_20240913,@푸하하-j4l,베라에도 두바이 초코가 나오는 군아 유행이 진짜 오래가네 맛있어보이네요 ㅋㅋㅋ,2024-09-13
츄베릅jmt_20240913_c6,츄베릅jmt_20240913,@껨온SON153,츄베릅님 먹는모습이 아주예쁘군요.,2024-09-13
츄베릅jmt_20240913_c7,츄베릅jmt_20240913,@ggulggulggul2,떡상가즈아,2024-09-13
츄베릅jmt_20240913_c8,츄베릅jmt_20240913,@피글렛_BS,와 ㅋㅋ 두바이.. 그는 대체 어디까지...!! 오늘도 이뻐요! 화이팅❤,2024-09-13
츄베릅jmt_20240912_c1,츄베릅jmt_20240912,@피글렛_BS,오 2000명! 이제 봤는데 축하드립니다!!❤,2024-09-12
츄베릅jmt_20240912_c2,츄베릅jmt_20240912,@ggulggulggul2,떡상가즈아,2024-09-12
츄베릅jmt_20240912_c3,츄베릅jmt_20240912,@피글렛_BS,이거 인스타에서 봤던건데 드디어 나오네요 ㅋㅋ 재밌게 봤습니다❤,2024-09-12
츄베릅jmt_20240912_c4,츄베릅jmt_20240912,@답글다는잼민은무시,재업???,2024-09-12
츄베릅jmt_20240910_c1,츄베릅jmt_20240910,@스타후니,할말없으니 고정좀,2024-09-10
츄베릅jmt_20240910_c2,츄베릅jmt_20240910,@뽀꾸-s4s,그래서 저기가 어디에용?..,2024-09-15
츄베릅jmt_20240910_c3,츄베릅jmt_20240910,@히히s,맛있어보이니까 고정좀,2024-09-11
츄베릅jmt_20240910_c4,츄베릅jmt_20240910,@Noda521,명란 말고 또 하나 추천해주신다면 ?! 뭘 추천하고 싶나여,2024-09-11
츄베릅jmt_20240910_c5,츄베릅jmt_20240910,@whatisthat123-rio,좀 재밌는 컨셉 가지고하면 좋을듯 추천:팜국어,2024-09-11
츄베릅jmt_20240910_c6,츄베릅jmt_20240910,@cher5e,피노(초콜릿 아이스크림) 먹방 부탁드려요? 한국에서 찾을 수 있다면 먹방 부탁드려요,2024-09-10
츄베릅jmt_20240910_c7,츄베릅jmt_20240910,@껨온SON153,츄베릅님 먹는모습이 아주예쁘군요.,2024-09-10
츄베릅jmt_20240910_c8,츄베릅jmt_20240910,@메용랜드-h3s,나중에 꼭 가볼께요!,2024-09-10
츄베릅jmt_20240910_c9,츄베릅jmt_20240910,@히히s,cu 신상 꿀젤리 먹어주실 수 있나요? 제가 꿀젤리 마니아라서요..ㅎㅎ,2024-09-10
츄베릅jmt_20240910_c10,츄베릅jmt_20240910,@whatisthat123-rio,와 요즘 알고리즘에 사라져서 걱정함😂,2024-09-10
츄베릅jmt_20240910_c11,츄베릅jmt_20240910,@푸하하-j4l,소금빵 진짜 맛있어보이네요 와...,2024-09-10
츄베릅jmt_20240910_c12,츄베릅jmt_20240910,@피글렛_BS,빵돌이인데 진짜 맛있겠다.. 오늘도 재밌는 영상 감사합니다❤,2024-09-10
츄베릅jmt_20240910_c13,츄베릅jmt_20240910,@ggulggulggul2,떡상가즈아,2024-09-10
츄베릅jmt_20240910_c1,츄베릅jmt_20240910,@qeenna2921,"서담님 수제 라바삭은 만원대였는데
그냥 더현대 + 젼언니 이름 값이지 머..
굿즈같은 느낌인거임",2024-11-11
츄베릅jmt_20240910_c2,츄베릅jmt_20240910,@자몽크림,츄베릅 하니깐 순간 그 군소분이 생각나는 크흡.. 근데 진짜 라바삭 가격치면 괜찮은데요 저거 원래 비쌈 ㅠ,2024-11-05
츄베릅jmt_20240910_c3,츄베릅jmt_20240910,@eok827,개창렬이네 ㅋㅋㅋ,2024-10-03
츄베릅jmt_20240910_c4,츄베릅jmt_20240910,@SURE2525,원가가 얼마일까 마진이 얼마남는 제품인지 궁금하네,2024-09-30
츄베릅jmt_20240910_c5,츄베릅jmt_20240910,@흐앙-h8e,다들 비싸다고들 하시는데 원래 라바삭 가격 알아보고 비싸다고 해주세요… 원래 겁나 비싼 제품이라 해외제품이랑 비교하면 싼거에요.,2024-09-21
츄베릅jmt_20240910_c6,츄베릅jmt_20240910,@kakalaoonabab,라바샥 가격 쳐보지도 않고 그지근성으로 바득바득 욕하는 애들은 진심 뭐라해야할지 모르겠네 명품샵가서 옷 주제에 왜케 비싸냐고 만원이면 사겠네 ㅉㅉ 이러는거랑 뭐가다르냐?,2024-09-20
츄베릅jmt_20240910_c7,츄베릅jmt_20240910,@소땡이-m4m,요즘과일이 비싸니깐 이해되는데….,2024-09-17
츄베릅jmt_20240910_c8,츄베릅jmt_20240910,@구궁-k3e,한국은 좀만간 당뇨로 미어터지겠네 무서운줄 모르고.. 심지어 저단거에 소금 찍어먹으면 안그래도 나트륨 높은식단이 한국인데 신장다 망가지겠다 대체 탕후루 마라탕 라바샥 같은 건강 도윰1도 안되는거 왜유행인가..,2024-09-17
츄베릅jmt_20240910_c9,츄베릅jmt_20240910,@travelmatilda8281,엥 저게 2만원이면 너무 혜자임.. 비싸다 싶으면 안 사도 됨,2024-09-17
츄베릅jmt_20240910_c10,츄베릅jmt_20240910,@huyeww2485,생소한 음식이라 그렇지 애초에 원래 비싼음식임 ㅋㅋㅋㅋ 랍스타 1마리에 5만원한다고 비싸다고안하잖아? ㅋㅋ 그냥 주머니사정에 안맞으면 안먹으면 그만인거임,2024-09-16
츄베릅jmt_20240910_c11,츄베릅jmt_20240910,@김예리,혹시 BGM 뭔가요,2024-09-16
츄베릅jmt_20240910_c12,츄베릅jmt_20240910,@Kkhapoo,3만원.. 세상이 미쳐간다..,2024-09-16
츄베릅jmt_20240910_c13,츄베릅jmt_20240910,@백산수-u1g,개비싸,2024-09-16
츄베릅jmt_20240910_c14,츄베릅jmt_20240910,@뇽냥-v1x,비싼거 맞긴한데 저기 들어가는 재료값도 만만치 않아서 이해됨.,2024-09-16
츄베릅jmt_20240910_c15,츄베릅jmt_20240910,@Bor_tube,라바삭 더현대 왓길래 대박!! 하고 사려고했는데 한통에 19000원 시럽별도라길래 오히려 저 언니인가 뭔가 ㅠ 좀 내기준 신뢰도 떨어짐..,2024-09-16
츄베릅jmt_20240910_c16,츄베릅jmt_20240910,@이응이응-v6h,다들 비싸다고 생각하는데 알고보면 진짜 개혜자임..,2024-09-15
츄베릅jmt_20240910_c17,츄베릅jmt_20240910,@보노보노-k4x,그냥 과일을 먹자~,2024-09-15
츄베릅jmt_20240910_c18,츄베릅jmt_20240910,@세세세s,졸라비싸네,2024-09-15
츄베릅jmt_20240910_c19,츄베릅jmt_20240910,@myoung3202,근데 저게 원래 라바샥보다 훨씬 싼거긴해요...해외로사면 엄청비싸서...,2024-09-15
츄베릅jmt_20240910_c20,츄베릅jmt_20240910,@아익까-f2h,렌즈 정보 좀 줄 쑤 이쓰까요?? 이뻐..,2024-09-14
츄베릅jmt_20240910_c21,츄베릅jmt_20240910,@하나-j9k,밤새 연구하셔서 낸건데 비싸다고 느끼면 안사드시면 되는 거 아닌가?,2024-09-14
츄베릅jmt_20240910_c22,츄베릅jmt_20240910,@alici5634,"나도 귱금했는데...3만원이 좀 넘네요ㅠㅠ
가격때문에 아쉬워 ㅠㅠㅠ힝ㅠㅠㅠ

3만원이면 두바이랑..비슷한데.......",2024-09-14
츄베릅jmt_20240910_c23,츄베릅jmt_20240910,@윤-f6d,근데 힘들게 만든거고 애초에 두바이랑 스웨덴은 저 가격 2배 일텐데.. 왜 욕한느지 ㅠㅠ 안사면 되는거징,2024-09-14
츄베릅jmt_20240910_c24,츄베릅jmt_20240910,@하하호호-c3u,와 3만원 넘어가네,2024-09-14
츄베릅jmt_20240910_c25,츄베릅jmt_20240910,@Ilovethatboy,가격이 불만이면 안먹으면 되잖아..,2024-09-14
츄베릅jmt_20240910_c26,츄베릅jmt_20240910,@이철-z6z,비싸고만 ㅎㅎ,2024-09-14
츄베릅jmt_20240910_c27,츄베릅jmt_20240910,@MKS_Boss,엥ㅋㅋㅋ나만 가격 괜찮다고 생각하낰ㅋㅋㅋㅋㅋ 다들 비싸다고 욕해서 당황;;,2024-09-14
츄베릅jmt_20240910_c28,츄베릅jmt_20240910,@blackcatgigi8726,두바이 쪼꼬도 먹어보면 그저그런데 저것도 별기대안하게되네,2024-09-14
츄베릅jmt_20240910_c29,츄베릅jmt_20240910,@날보면똥이마려워,과일 가격 + 들어가는 시간 + 인건비 + 전언니가 개발한 시럽 + 소금 등등 얼마나 비싼데 꼬우면 안 사먹으면 그만이지 욕 많이 하시네...,2024-09-14
츄베릅jmt_20240910_c30,츄베릅jmt_20240910,@Po_dong_dong,개비싸네 ㅋㅋㅋㅋㅋㅋㅋㅋㅋ,2024-09-14
츄베릅jmt_20240910_c31,츄베릅jmt_20240910,@热泡面,"비싸다고 느껴지면 안 사면 되잖아ㅋㅋ
누가 사라고 강요하는 것도 아니고
살 사람들은 저 가격에도 기쁜 마음으로 살 텐데 안 살 사람들이 말이 더 많네ㅋㅋ",2024-09-14
츄베릅jmt_20240910_c32,츄베릅jmt_20240910,@springcat_,"저러고 얼마 쳐 받을까 햇는데
상상초월이네 ㅋㅋㅋㅋㅋㅋㅋㅋㅋㅋㅋㅋㅋ
아니 그리고 전언니가 누군데",2024-09-14
츄베릅jmt_20240910_c33,츄베릅jmt_20240910,@세미김-b8l,인건비 현대백화점 젼언니 네임값도 무시못함😅 살 사람만 사면되는건데 욕은,2024-09-13
츄베릅jmt_20240910_c34,츄베릅jmt_20240910,@여라-c2n,헐~~무슨 젤리가 가격이,2024-09-12
츄베릅jmt_20240910_c35,츄베릅jmt_20240910,@승은-i8o,저희 체육담당샘이랑 닮으셨어요 ㅋㅋ,2024-09-12
츄베릅jmt_20240910_c36,츄베릅jmt_20240910,@W0NW00,가격 처돌았나 ㅈㄹ을하세요ㅋㅋㅋㅋㅋㅋㅋ,2024-09-12
츄베릅jmt_20240910_c37,츄베릅jmt_20240910,@오죠_사마,만오처넌이어도 고민할텐데 두배라니,2024-09-12
츄베릅jmt_20240910_c38,츄베릅jmt_20240910,@냥냐냥냐랴량,라바삭 과일이 많이 들어가고 가뜩이나 한국 과일 가격은 금가격인데 비싸다고 뭐라하는 사람들은 진짜 뭐지,2024-09-12
츄베릅jmt_20240910_c39,츄베릅jmt_20240910,@연우-m3z,1만~1만 7천원 까지는 사줄 만한데..........,2024-09-12
츄베릅jmt_20240910_c40,츄베릅jmt_20240910,@user-DIOR0726,ㅋㅋㅋㅋㅋ 가격 미쳤나 전언니인지 전트젠인지 돈독 단단히 올랐네 ㅋㅋㅋㅋㅋㅋㅋ😂,2024-09-12
츄베릅jmt_20240910_c41,츄베릅jmt_20240910,@진재경-harincat,"가격이 참😂😂😂
기부땜에 비싼거면 이해하는뎅
순수 돈벌이면 마이비싸🤭",2024-09-12
츄베릅jmt_20240910_c42,츄베릅jmt_20240910,@user-ko6zb2xs9z,ㅋㅋㅋㅋㅋㅋㅋㅋㅋㅋㅋㅋㅋ33200원 ㅋㅋㅋㅋㅋㅋㅋㅋㅋㅋㅋㅋㅋㅋㅋㅋㅋㅋㅋㅋㅋㅋㅋ,2024-09-12
츄베릅jmt_20240910_c43,츄베릅jmt_20240910,@이동찬-j7d,꼴보기싫다,2024-09-12
츄베릅jmt_20240910_c44,츄베릅jmt_20240910,@뚱이-m9d,가격..,2024-09-11
츄베릅jmt_20240910_c45,츄베릅jmt_20240910,@귯걸-y2b,가격실화냐.......,2024-09-11
츄베릅jmt_20240910_c46,츄베릅jmt_20240910,@thekiju1,엥????? 가격 무슨일이야,2024-09-11
츄베릅jmt_20240910_c47,츄베릅jmt_20240910,@TOTl234,가격ㄷㄷ 사먹는사람들 있나보다,2024-09-11
츄베릅jmt_20240910_c48,츄베릅jmt_20240910,@푸들매니아,가격 미쳤네ㅡㅡ,2024-09-11
츄베릅jmt_20240910_c49,츄베릅jmt_20240910,@Mint-513,사람 많았어용?!❤,2024-09-11
츄베릅jmt_20240910_c50,츄베릅jmt_20240910,@Mint-513,사람 많았나용!?❤,2024-09-11
츄베릅jmt_20240910_c51,츄베릅jmt_20240910,@LiKiki-su8ow,가격 ㅋㅋㅋㅁㅊ,2024-09-10
츄베릅jmt_20240910_c52,츄베릅jmt_20240910,@로롤호로롤-e2g,아 근데.....잼이랑 같이해서 비싼게 이해 가는데...2만원이면 적절했을듯,2024-09-10
츄베릅jmt_20240910_c53,츄베릅jmt_20240910,@김수진-b8f3e,비싸다,2024-09-10
츄베릅jmt_20240910_c54,츄베릅jmt_20240910,@ggulggulggul2,떡상가즈아,2024-09-10
츄베릅jmt_20240910_c55,츄베릅jmt_20240910,@피글렛_BS,오 젼언니님 ㅋㅋ 진짜 맛있겠다 한국가면 무뎌봐야지!,2024-09-10
츄베릅jmt_20240909_c1,츄베릅jmt_20240909,@akenai128,진실의 콧구멍ㅋㅋㅋㅋㄱㅋ,2024-09-11
츄베릅jmt_20240909_c2,츄베릅jmt_20240909,@푸하하-j4l,맛있어서 콧구멍 확장 되시네 ㅋㅋㅋ 귀여우십니다 ㅋㅋ,2024-09-10
츄베릅jmt_20240909_c3,츄베릅jmt_20240909,@우당탕탕걸,헐 .. 너무 맛있어보여용!!💗,2024-09-10
츄베릅jmt_20240909_c4,츄베릅jmt_20240909,@스타후니,ㄹㅇ 확장되시네ㅋㅋㄱ,2024-09-09
츄베릅jmt_20240909_c5,츄베릅jmt_20240909,@ggulggulggul2,떡상가즈아,2024-09-09
츄베릅jmt_20240909_c6,츄베릅jmt_20240909,@메용랜드-h3s,먹어봤는데 와 진짜 미춌따,2024-09-09
츄베릅jmt_20240909_c7,츄베릅jmt_20240909,@껨온SON153,츄베릅님 먹는모습이 아주예쁘군요.,2024-09-09
츄베릅jmt_20240909_c8,츄베릅jmt_20240909,@피글렛_BS,페스츄리 흘리는것만 없었으면 많이 먹었을텐데 ㅋㅋ 홈런볼 좋아해서 한국 여행갈때 사봐야겠어요 ㅋㅋ 오늘도 재밌는 영상 감사해용❤,2024-09-09
츄베릅jmt_20240908_c1,츄베릅jmt_20240908,@우당탕탕걸,"헐 이런 맛있는것들은 어디서 구하시는거에요..😆💗
오늘도 영상 빠르게 잘 봤어용!!",2024-09-09
츄베릅jmt_20240908_c2,츄베릅jmt_20240908,@피글렛_BS,오 지린다 치즈케이크 최애인데 ㅋㅋ 크림브륄레 같다 너무 맛있겠어요 오늘도 재밌는 영상 감사합니다 사랑해요❤,2024-09-08
츄베릅jmt_20240908_c3,츄베릅jmt_20240908,@ggulggulggul2,떡상가즈아,2024-09-08
츄베릅jmt_20240908_c4,츄베릅jmt_20240908,@푸하하-j4l,치즈케이크 별로 안좋아하는데 이건 개맛있어보이네요 ㅋㅋㅋ,2024-09-08
츄베릅jmt_20240908_c5,츄베릅jmt_20240908,@whatisthat123-rio,달고나?,2024-09-08
츄베릅jmt_20240908_c6,츄베릅jmt_20240908,@그래그래-d2i,깨먹는 맛!,2024-09-08
츄베릅jmt_20240908_c7,츄베릅jmt_20240908,@껨온SON153,츄베릅님 먹는모습이 아주예쁘군요,2024-09-08
츄베릅jmt_20240908_c8,츄베릅jmt_20240908,@메용랜드-h3s,어디서 팔아요?,2024-09-08
츄베릅jmt_20240905_c1,츄베릅jmt_20240905,@좋아한연예인팬계정과,이거사고싶다❤❤❤밀가루안들어가나요얼마예요?,2024-09-13
츄베릅jmt_20240905_c2,츄베릅jmt_20240905,@한지-b1y,너무달기만해서별로 ㅠ,2024-09-07
츄베릅jmt_20240905_c3,츄베릅jmt_20240905,@푸하하-j4l,피넛버터 떡도 넘 맛있어보이네요!,2024-09-06
츄베릅jmt_20240905_c4,츄베릅jmt_20240905,@우당탕탕걸,사이다맛꿀젤리 먹방해주세요‼️😆,2024-09-06
츄베릅jmt_20240905_c5,츄베릅jmt_20240905,@우당탕탕걸,너무 맛있을것같아요..🥺🥺💗 항상 영상보고 대리만족합니두..,2024-09-06
츄베릅jmt_20240905_c6,츄베릅jmt_20240905,@피글렛_BS,와 피넛버터 진짜 좋아하는데 진짜 쫀득할거 같아요 ㅋㅋ 재밌는영상 감사합니다❤❤,2024-09-06
츄베릅jmt_20240905_c7,츄베릅jmt_20240905,@껨온SON153,츄베릅님 먹는모습이 아주예쁘군요.,2024-09-06
츄베릅jmt_20240905_c8,츄베릅jmt_20240905,@ggulggulggul2,떡상가즈아,2024-09-05
츄베릅jmt_20240905_c9,츄베릅jmt_20240905,@봄바르디로나눔한디로,"요즘 영상넘 마니올려요 ㅋㅋ 저이제 당분간 
댓글못달아요 엄청바빠질예정",2024-09-05
츄베릅jmt_20240905_c1,츄베릅jmt_20240905,@민아박-n1q,그냥 기본이 제일 괜찮은고 같아요,2024-09-27
츄베릅jmt_20240905_c2,츄베릅jmt_20240905,@ggulggulggul2,떡상가즈아,2024-09-05
츄베릅jmt_20240905_c3,츄베릅jmt_20240905,@봄바르디로나눔한디로,어우 늦었넹,2024-09-05
츄베릅jmt_20240905_c4,츄베릅jmt_20240905,@메용랜드-h3s,땅콩 알레르기뗌에 못머글뜻 ㅠ,2024-09-05
츄베릅jmt_20240905_c5,츄베릅jmt_20240905,@노래듣기-m9u,"츄베릅님 너무 이뻐요~~~ 👍 
리뷰도 잘하시구 👍 👍",2024-09-05
츄베릅jmt_20240905_c6,츄베릅jmt_20240905,@푸하하-j4l,땅콩버터는 킹정 맛있겠네요 ㅋㅋ,2024-09-05
츄베릅jmt_20240905_c7,츄베릅jmt_20240905,@껨온SON153,츄베릅님 먹는모습이 아주예쁘군요.,2024-09-05
츄베릅jmt_20240904_c1,츄베릅jmt_20240904,@bichon-eo7ch,맨날 중국에서 짝퉁만 만들어서 편의점에 가져오는구나.. 한국사람이 호구냐? 만든놈이 문제냐 가져온놈이 문제냐? 제발 좀 중국 짝퉁좀 가져오지마 제발.... 일본꺼 킨조젤리 중국에서 베껴오더니 이번엔 이란에서 베껴왔네? 다음엔 뭘 베껴올꺼야? 그냥 중국가서 오지마라 쓰레기를 왜 우리나라에 돈주고 사먹게 뿌리냐고 편의점들도 좀 각성해라,2025-03-05
츄베릅jmt_20240904_c2,츄베릅jmt_20240904,@kkomi-v8p,옹1500원이던대,2024-10-12
츄베릅jmt_20240904_c3,츄베릅jmt_20240904,@나루토-j8u,하 사기 전에 봤어야 하는데… 음식도 맛없으면 환불 할 수 있어야 돼…,2024-10-03
츄베릅jmt_20240904_c4,츄베릅jmt_20240904,@예린_15,"이거 보면서 먹은 난 뭔 새악으로 먹은거야,…..",2024-09-05
츄베릅jmt_20240904_c5,츄베릅jmt_20240904,@Lovely_Heartsping,소신있는 믿고보는 리뷰 츄베릅❤,2024-09-05
츄베릅jmt_20240904_c6,츄베릅jmt_20240904,@메용랜드-h3s,맜있나?,2024-09-05
츄베릅jmt_20240904_c7,츄베릅jmt_20240904,@껨온SON153,츄베릅님 먹는모습이 아주예쁘군요.,2024-09-05
츄베릅jmt_20240904_c8,츄베릅jmt_20240904,@user-de2ps6cz1h,"왜 사먹은 후에 이게 뜨는걸까요😢
진짜 우리가 흔히 알고있는 유튜브에 나오는 라바삭은 촉촉한데다 석류 잔뜩 올라가있고 그런데,, 이건 바싹 말라선... 맛없음..",2024-09-04
츄베릅jmt_20240904_c9,츄베릅jmt_20240904,@스타후니,맛없게먹는거 진짜 오랜만이다,2024-09-04
츄베릅jmt_20240904_c10,츄베릅jmt_20240904,@피글렛_BS,죄송해요 3일동안 못왔네요 ㅠㅠ 라바삭 먹어보고싶었는데 ㅋㅋ 맛있어 보인다 근데 GS는 믿음직스럽지는 않다 ㅋㅋ 오늘도 재밌는영상 감사합니다❤,2024-09-04
츄베릅jmt_20240904_c11,츄베릅jmt_20240904,@푸하하-j4l,근데 젤리가 아니라 고무같이 생겼어요 ㅋㅋㅋ..,2024-09-04
츄베릅jmt_20240904_c12,츄베릅jmt_20240904,@봄바르디로나눔한디로,그거 석류소스에하면 마싰는뎁,2024-09-04
츄베릅jmt_20240904_c13,츄베릅jmt_20240904,@ggulggulggul2,떡상가즈아,2024-09-04
츄베릅jmt_20240903_c1,츄베릅jmt_20240903,@user-fl1em8fm8w,두바이초콜릿 만들어먹은 사람으로서 다른재품이라도 사먹는게 훨 나음 제료값이 더나가 ㅋㅋ,2025-06-18
츄베릅jmt_20240903_c2,츄베릅jmt_20240903,@최우성-e6u,❤❤❤,2025-03-11
츄베릅jmt_20240903_c3,츄베릅jmt_20240903,@똥휴지-v1n,아냐아냐 초콜릿은 아무리봐도 크런키가 짱맛돌이야,2025-01-26
츄베릅jmt_20240903_c4,츄베릅jmt_20240903,@윤보미팬다,비싸네요,2024-12-14
츄베릅jmt_20240903_c5,츄베릅jmt_20240903,@예수12,우리 딸랑구 ❤,2024-10-08
츄베릅jmt_20240903_c6,츄베릅jmt_20240903,@Lovely_Heartsping,오늘 드디어 먹어봤슴니다 맛있네요,2024-10-05
츄베릅jmt_20240903_c7,츄베릅jmt_20240903,@티렉스사기당함,아니 원조가 현지에서 2만4천원 인데 ㅋㅋㅋㅋㅋ,2024-10-04
츄베릅jmt_20240903_c8,츄베릅jmt_20240903,@욜-u4h,진짜 편의점 두바이 초콜렛 겁나 맛 없어요 저거보다 에이블리에 파눈 두바이 초콜렛이 존맛 !!!!,2024-09-28
츄베릅jmt_20240903_c9,츄베릅jmt_20240903,@제발이야-h8i,"이것보다 5000원짜리 연두색 엄마 들어간
그게 더 맛있음 ㅇㅇㅇ",2024-09-19
츄베릅jmt_20240903_c10,츄베릅jmt_20240903,@유아-k7g,언니 ㅠㅠ 렌즈 모에용???,2024-09-18
츄베릅jmt_20240903_c11,츄베릅jmt_20240903,@대수해,그냥 유행이고 뭐고 치킨이나 시켜먹겠다,2024-09-18
츄베릅jmt_20240903_c12,츄베릅jmt_20240903,@귀욤이-h9m,진짜 개 맛없음.. 카페파는게 훨맛남,2024-09-17
츄베릅jmt_20240903_c13,츄베릅jmt_20240903,@kky1878,초콜릿은 모르겠고 이쁘시다 😮,2024-09-17
츄베릅jmt_20240903_c14,츄베릅jmt_20240903,@스누피의공방,25000원이면 치킨을사먹어요 ㅋㅋㅋ,2024-09-17
츄베릅jmt_20240903_c15,츄베릅jmt_20240903,@AnnieF-rm6ru,금전감각이 이상해졌니? 😂,2024-09-17
츄베릅jmt_20240903_c16,츄베릅jmt_20240903,@alici5634,아닠ㅋㅋ댓글보고 이웃집 통통이? 과자 궁금했는데 ㅋㅋㅋㅋ 밑에 영상으로 나오는거 실화냐고 ㅋㅋㅋㅋ타이밍 개오지넼ㅋ,2024-09-16
츄베릅jmt_20240903_c17,츄베릅jmt_20240903,@user-nw7bh9kw2m,저걸 먹을바엔 차라리 이웃집통통이 두바이 그거 먹으셈 3600원이고 위에있는 두바이초콜릿이 가장 두바이 초콜릿이랑 비슷한맛임 저거 친구가 줘서 먹어봤는데 걍 요즘 gs에서 나오는 두바이보다 조금 더 괜찮네?정도임 돈이 비싸고 안비싸고를 떠나서 걍 맛이없음,2024-09-15
츄베릅jmt_20240903_c18,츄베릅jmt_20240903,@dae5,진짜랑 틀려요 이거 ㅋㅋㅋ,2024-09-13
츄베릅jmt_20240903_c19,츄베릅jmt_20240903,@XD_pooopman,저거 맛없어요,2024-09-12
츄베릅jmt_20240903_c20,츄베릅jmt_20240903,@dandelion_lily,이거 진짜 맛 없어요 초콜릿은 준초콜릿이라 팜유 맛 느끼하고 피스타치오 스프레드 대신에 피스타치오 분말 쓴 건지 배라 피스타치오 그런 맛 남. 차라리 카페 같은 곳에서 수제 두바이 초콜릿 사 드세요. 한 입 먹고 버렸음,2024-09-12
츄베릅jmt_20240903_c21,츄베릅jmt_20240903,@민규이-f6z,개이쁘시다,2024-09-11
츄베릅jmt_20240903_c22,츄베릅jmt_20240903,@김호두-s5w,나도먹음,2024-09-11
츄베릅jmt_20240903_c23,츄베릅jmt_20240903,@정성우-o6r,얼마요?,2024-09-11
츄베릅jmt_20240903_c24,츄베릅jmt_20240903,@happyrot0613,25000원입니다..😢,2024-09-10
츄베릅jmt_20240903_c25,츄베릅jmt_20240903,@김수진-b8f3e,"2500원일리가 없지😅
절대 사먹을일이 읍다",2024-09-10
츄베릅jmt_20240903_c26,츄베릅jmt_20240903,@뽀로링-c9v,찐두바이초콜릿 예약해서사면 개당 2만원인데 찐보다비싸노,2024-09-10
츄베릅jmt_20240903_c27,츄베릅jmt_20240903,@ysjsi_0770,먹어봤는데 물리고.피스타치오맛도나고. 카다이프 살짝임;; 맛은 좋은데 2만5천원임 걍사지마,2024-09-09
츄베릅jmt_20240903_c28,츄베릅jmt_20240903,@tlsgptn4512,25000원이면 1등해야됨,2024-09-08
츄베릅jmt_20240903_c29,츄베릅jmt_20240903,@김넬게임,2만5천원,2024-09-06
츄베릅jmt_20240903_c30,츄베릅jmt_20240903,@Lovely_Heartsping,추천감사함니다,2024-09-05
츄베릅jmt_20240903_c31,츄베릅jmt_20240903,@binvlog-se2uh,얼마에용?,2024-09-04
츄베릅jmt_20240903_c32,츄베릅jmt_20240903,@이름-h3y5j,이만 오천원? ㅈㄴ 비싼데 뭐지 이천오백원인데 공이 하나 더 붙었나,2024-09-03
츄베릅jmt_20240903_c33,츄베릅jmt_20240903,@haleyj6924,헐 짱신기해 진짜랑 느낌 비슷한가요?,2024-09-03
츄베릅jmt_20240903_c34,츄베릅jmt_20240903,@user-uj8kj7dh1b,저점매수.,2024-09-03
츄베릅jmt_20240903_c35,츄베릅jmt_20240903,@푸하하-j4l,편의점 두바이 초콜렛 중에선 저게 젤 맛있어보이네요ㅋㅋㅋ,2024-09-03
츄베릅jmt_20240903_c36,츄베릅jmt_20240903,@121-j7x,헐 피스타치오 맛 잘 나나용?????,2024-09-03
츄베릅jmt_20240903_c37,츄베릅jmt_20240903,@ggulggulggul2,떡상가즈아,2024-09-03
츄베릅jmt_20240903_c38,츄베릅jmt_20240903,@봄바르디로나눔한디로,편의점 얼마나 나오는거여..,2024-09-03
츄베릅jmt_20240903_c1,츄베릅jmt_20240903,@Tosa_123,칼로리가 얼마죠,2025-05-03
츄베릅jmt_20240903_c2,츄베릅jmt_20240903,@스타후니,오  이건 탐난다,2024-09-04
츄베릅jmt_20240903_c3,츄베릅jmt_20240903,@haleyj6924,크림도 달달한가요??🤎,2024-09-03
츄베릅jmt_20240903_c4,츄베릅jmt_20240903,@jack93kim,😂❤❤❤❤,2024-09-03
츄베릅jmt_20240903_c5,츄베릅jmt_20240903,@메용랜드-h3s,왕 진짜 마이껬당,2024-09-03
츄베릅jmt_20240903_c6,츄베릅jmt_20240903,@그래그래-d2i,🤤,2024-09-03
츄베릅jmt_20240903_c7,츄베릅jmt_20240903,@노래듣기-m9u,예쁜 츄베릅님도 보고 맛있는 도넛까지 이거 완전  러키비키잖아~~,2024-09-03
츄베릅jmt_20240903_c8,츄베릅jmt_20240903,@우당탕탕걸,"너무 맛있어보여요 .. 츄베릅,,😋",2024-09-03
츄베릅jmt_20240903_c9,츄베릅jmt_20240903,@봄바르디로나눔한디로,오오?,2024-09-03
츄베릅jmt_20240903_c10,츄베릅jmt_20240903,@푸하하-j4l,오 맛있겠네요 ㅋㅋㅋ,2024-09-03
츄베릅jmt_20240903_c11,츄베릅jmt_20240903,@ggulggulggul2,떡상가즈아,2024-09-03
츄베릅jmt_20240903_c12,츄베릅jmt_20240903,@껨온SON153,츄베릅님 먹는모습이 아주예쁘군요.,2024-09-03
츄베릅jmt_20240902_c1,츄베릅jmt_20240902,@boomkk9992,얼굴밖에안보이노 존예네,2024-09-13
츄베릅jmt_20240902_c2,츄베릅jmt_20240902,@예린_15,이 영상 보면서 먹은 난는 뭔데…😢,2024-09-03
츄베릅jmt_20240902_c3,츄베릅jmt_20240902,@스타후니,두바이 뿌수기!,2024-09-02
츄베릅jmt_20240902_c4,츄베릅jmt_20240902,@whatisthat123-rio,오오오오ㅗㅇ오ㅗㅇ,2024-09-02
츄베릅jmt_20240902_c5,츄베릅jmt_20240902,@성이름-f1q4t,짭두바이들 다 돈아까움.. ㅈㅂ 10월 말이나 11월 말에 오리지널 사먹읍시다..,2024-09-02
츄베릅jmt_20240902_c6,츄베릅jmt_20240902,@Lovely_Heartsping,츄베릅 개추,2024-09-02
츄베릅jmt_20240902_c7,츄베릅jmt_20240902,@푸하하-j4l,저거도 많이 달아 보이네요 ㅋㅋㅋ,2024-09-02
츄베릅jmt_20240902_c8,츄베릅jmt_20240902,@ggulggulggul2,떡상가즈아,2024-09-02
츄베릅jmt_20240902_c9,츄베릅jmt_20240902,@봄바르디로나눔한디로,오랜만에 빨랐다!,2024-09-02
츄베릅jmt_20240901_c1,츄베릅jmt_20240901,@미지이-g8y,오 맛있겠당ㅠ 가격은 얼마에용?,2024-10-14
츄베릅jmt_20240901_c2,츄베릅jmt_20240901,@메용랜드-h3s,한입만뉴,2024-09-03
츄베릅jmt_20240901_c3,츄베릅jmt_20240901,@봄바르디로나눔한디로,나민초 시러..,2024-09-02
츄베릅jmt_20240901_c4,츄베릅jmt_20240901,@메용랜드-h3s,솔찍히? 난 민초판데 민초를실어하는뎅 저건 맜이겠다,2024-09-01
츄베릅jmt_20240901_c5,츄베릅jmt_20240901,@ELTKD,뜨기전 고정좀,2024-09-01
츄베릅jmt_20240901_c6,츄베릅jmt_20240901,@스타후니,그래놓고 싹싹 긁어먹었져,2024-09-01
츄베릅jmt_20240901_c7,츄베릅jmt_20240901,@피글렛_BS,아 1일동안 못왔네요 ㅠ 저도 민초파에요 ㅋㅋ 츄베릅님도 민초파로오세요(?)ㅋㅋ 오늘도 재밌는 영상 감사합니다❤,2024-09-01
츄베릅jmt_20240901_c8,츄베릅jmt_20240901,@ggulggulggul2,떡상가즈아,2024-09-01
츄베릅jmt_20240901_c9,츄베릅jmt_20240901,@푸하하-j4l,이참에 츄베릅 님도 민초파에 동참하시죠 ㅋㅋㅋ 아니 근데.. 못마땅해 하시는거 넘 귀여우신데,2024-09-01
츄베릅jmt_20240901_c10,츄베릅jmt_20240901,@haleyj6924,코 끝에선 화➰❤️ 입안에선 후➰💚 때론 달콤하게🍫 때론 시큰하게🌿 민트초코가 세상을 지배한다🍦코 끝에선 화➰❤️ 입안에선 후➰💚 때론 달콤하게🍫 때론 시큰하게🌿민트초코가 세상을 지배한다🍦코 끝에선 화➰❤️ 입안에선 후➰💚 때론 달콤하게🍫 때론 시큰하게🌿 민트초코가 세상을 지배한다🍦,2024-09-01
츄베릅jmt_20240901_c11,츄베릅jmt_20240901,@SGE_ZT,민초파여 모여라!!!!!!,2024-09-01
츄베릅jmt_20240901_c1,츄베릅jmt_20240901,@Lovely_Heartsping,엣.. 대신먹어주신걸로 퉁치겠습니다,2024-09-01
츄베릅jmt_20240901_c2,츄베릅jmt_20240901,@나나티비-t3c,와,2024-09-01
츄베릅jmt_20240901_c3,츄베릅jmt_20240901,@akenai128,공차가 이걸로 재미를 좀 봤나보네 저번거도 딱 반응이 궁금하면 먹어볼만한 정도였는데,2024-09-01
츄베릅jmt_20240901_c4,츄베릅jmt_20240901,@봄바르디로나눔한디로,? 진짜 뭐지 만우절도 아닌뎁,2024-09-01
츄베릅jmt_20240901_c5,츄베릅jmt_20240901,@껨온SON153,츄베릅님 먹는모습이 아주예쁘군요.,2024-09-01
츄베릅jmt_20240901_c6,츄베릅jmt_20240901,@스타후니,이건 너무 뇌절이야.. ㅜ,2024-09-01
츄베릅jmt_20240901_c7,츄베릅jmt_20240901,@h_mochi_bungeo,이거 저도 먹어볼까하다가 저번에 마라펄떡볶이가 너무 강렬해서 안먹었는데.. 밥이랑도 어울려요…??,2024-09-01
츄베릅jmt_20240901_c8,츄베릅jmt_20240901,@푸하하-j4l,으.... 좀 아니다,2024-09-01
츄베릅jmt_20240901_c9,츄베릅jmt_20240901,@ggulggulggul2,떡상가즈아,2024-09-01
츄베릅jmt_20240901_c10,츄베릅jmt_20240901,@whatisthat123-rio,와 무슨맛일까 ㅋㅋㅋㅋㅋㅋ😂,2024-09-01
츄베릅jmt_20240829_c1,츄베릅jmt_20240829,@NursultanZahid,지금 먹고 있는데 개 맛있는데,2024-12-13
츄베릅jmt_20240829_c2,츄베릅jmt_20240829,@꾸라기-y8n,두바이가아니고 땅콩맛만나요 맛은보통 안사먹음다신,2024-09-13
츄베릅jmt_20240829_c3,츄베릅jmt_20240829,@지그시-k7m,아 이거 진짜 맛없는데.. 카다이프식감은 전보다 괜찮지만 땅콩버터 향이 진짜 이상하게 남. 비추함다,2024-09-09
츄베릅jmt_20240829_c4,츄베릅jmt_20240829,@스타후니,그렇게손절당한 우석씨..,2024-09-01
츄베릅jmt_20240829_c5,츄베릅jmt_20240829,@LOV-t2n,저두 먹었는데 걍 아몬드초콜릿에 카피바라넣은느낌?(카다이프)갠적으로추천❤,2024-08-31
츄베릅jmt_20240829_c6,츄베릅jmt_20240829,@whatisthat123-rio,두두두ㅜㄷ바이….,2024-08-30
츄베릅jmt_20240829_c7,츄베릅jmt_20240829,@껨온SON153,츄베릅님 먹는모습이 아주예쁘군요.,2024-08-30
츄베릅jmt_20240829_c8,츄베릅jmt_20240829,@메용랜드-h3s,나두 사구싶따,2024-08-29
츄베릅jmt_20240829_c9,츄베릅jmt_20240829,@스타후니,이누나 두바이 장인..,2024-08-29
츄베릅jmt_20240829_c10,츄베릅jmt_20240829,@노래듣기-m9u,너무너무 이쁘네요~~•,2024-08-29
츄베릅jmt_20240829_c11,츄베릅jmt_20240829,@푸하하-j4l,유행이 디게 오래가네요 ㅋㅋ... 제품만 몇 개여,2024-08-29
츄베릅jmt_20240829_c12,츄베릅jmt_20240829,@ggulggulggul2,떡상가즈아,2024-08-29
츄베릅jmt_20240829_c13,츄베릅jmt_20240829,@h_mochi_bungeo,오늘 편의점갔는데 편의점 점장님이 이거 구하기 힘든건데 오늘 들어왔다고 사가라고했는데 역시나 안사길 잘했네요🤣🤣,2024-08-29
츄베릅jmt_20240829_c14,츄베릅jmt_20240829,@피글렛_BS,와 ㅋㅋ 찐 카다이프를 넣네 이거 유행 언제까지 가는지 ㅋㅋ 오늘도 사랑해요❤❤,2024-08-29
츄베릅jmt_20240829_c15,츄베릅jmt_20240829,@봄바르디로나눔한디로,"하투 오옹숏ㅇ숌ㅅ 손마사지하고있어 이상하게
써지네 ㅋㄲ",2024-08-29
츄베릅jmt_20240829_c16,츄베릅jmt_20240829,@akenai128,유행이 언제쯤 끝날련지..,2024-08-29
츄베릅jmt_20240829_c1,츄베릅jmt_20240829,@h....l-v3u,제로 나온거 몰랐네!!!,2024-08-31
츄베릅jmt_20240829_c2,츄베릅jmt_20240829,@스타후니,근데 츄베릅이 뭔뜻인가여?,2024-08-29
츄베릅jmt_20240829_c3,츄베릅jmt_20240829,@ggulggulggul2,떡상가즈아,2024-08-29
츄베릅jmt_20240829_c4,츄베릅jmt_20240829,@노래듣기-m9u,오늘도 너무너무 이쁘네요~~,2024-08-29
츄베릅jmt_20240829_c5,츄베릅jmt_20240829,@봄바르디로나눔한디로,요즘은 다제로여 ㅋㅋ,2024-08-29
츄베릅jmt_20240829_c6,츄베릅jmt_20240829,@h_mochi_bungeo,안그래도 어제 씨유에서 보고 바로 사왔는데 맛있어서 얼려먹으려고 오늘 또 사왔어욬ㅋㅋ,2024-08-29
츄베릅jmt_20240829_c7,츄베릅jmt_20240829,@피글렛_BS,오늘 늦었네요😢 전 저거 샤인머스켓이 최애에요 ㅋㅋ 오늘도 재밌는 영상 감사합니다❤,2024-08-29
츄베릅jmt_20240827_c1,츄베릅jmt_20240827,@봄바르디로나눔한디로,옹,2024-08-28
츄베릅jmt_20240827_c2,츄베릅jmt_20240827,@스타후니,두바이초콜릿 진짜많이 드시네,2024-08-27
츄베릅jmt_20240827_c3,츄베릅jmt_20240827,@ggulggulggul2,떡상가즈아,2024-08-27
츄베릅jmt_20240827_c4,츄베릅jmt_20240827,@user-uj8kj7dh1b,저점매수.,2024-08-27
츄베릅jmt_20240827_c5,츄베릅jmt_20240827,@떡상하고싶다-p4r,와 빨리 왔당!!!,2024-08-27
츄베릅jmt_20240827_c6,츄베릅jmt_20240827,@푸하하-j4l,어릴때 구슬 아이스크림 많이 먹었는데 ㅋㅋㅋ 요즘은 구슬 아이스크림 가게가 많이 있더라구여 오늘도 이쁘시네요!,2024-08-27
츄베릅jmt_20240827_c7,츄베릅jmt_20240827,@메용랜드-h3s,저두 한입만뇨!!,2024-08-27
츄베릅jmt_20240827_c8,츄베릅jmt_20240827,@피글렛_BS,와 구슬 아이스크림 ㅋㅋ 어릴때 돼게 많이 먹었는데 오늘도 잘보고갑니다❤,2024-08-27
츄베릅jmt_20240827_c1,츄베릅jmt_20240827,@조용한앵무새,어디서 해요,2025-04-15
츄베릅jmt_20240827_c2,츄베릅jmt_20240827,@스타후니,이누나 유료광고까지..,2024-08-27
츄베릅jmt_20240827_c3,츄베릅jmt_20240827,@메용랜드-h3s,엥 나두 가고싶픈데ㅠㅠ(경주라 못간당),2024-08-27
츄베릅jmt_20240827_c4,츄베릅jmt_20240827,@whatisthat123-rio,오,2024-08-27
츄베릅jmt_20240827_c5,츄베릅jmt_20240827,@galaxy_haeun,밋있겠따ㅠ난 못가는데,2024-08-27
츄베릅jmt_20240827_c6,츄베릅jmt_20240827,@봄바르디로나눔한디로,젤리좋ㄷ,2024-08-27
츄베릅jmt_20240827_c7,츄베릅jmt_20240827,@ggulggulggul2,떡상가즈아,2024-08-27
츄베릅jmt_20240827_c8,츄베릅jmt_20240827,@피글렛_BS,오 재밌겠다 ㅋㅋ 하지만 싱가폴 살아서 못가쥬 ㅠ 대리만족 나이스!! 오늘도 너무 재밌어요 사랑해요❤❤,2024-08-27
츄베릅jmt_20240826_c1,츄베릅jmt_20240826,@eigsgj,누가 그걸 얼은상태로먹나요.. 녹여먹으면 완전맛잇어요,2024-09-09
츄베릅jmt_20240826_c2,츄베릅jmt_20240826,@평생에스파만봐,저희 홈플에 진짜 맛있는거 있는데 길쭉한거 사셔야되요!,2024-09-04
츄베릅jmt_20240826_c3,츄베릅jmt_20240826,@Lovely_Heartsping,늘 소신있는 리뷰 감사합니당,2024-08-28
츄베릅jmt_20240826_c4,츄베릅jmt_20240826,@ggulggulggul2,떡상가즈아,2024-08-26
츄베릅jmt_20240826_c5,츄베릅jmt_20240826,@메용랜드-h3s,먹다 이 뿌가지겠누 ㄷㄷ..,2024-08-26
츄베릅jmt_20240826_c6,츄베릅jmt_20240826,@푸하하-j4l,두바이 초콜릿 카다이프면이 들어간게 더 비싼가요?,2024-08-26
츄베릅jmt_20240826_c7,츄베릅jmt_20240826,@whatisthat123-rio,이게 무슨,2024-08-26
츄베릅jmt_20240826_c8,츄베릅jmt_20240826,@빠빠기,홈플에 저거말고 피스타치오 통으로 알갱알갱 들어있는거 팔아요 그것 그냥 카다이프면없는 두바이초콜렛만납니다 그게 더맛날듯해요😂,2024-08-26
츄베릅jmt_20240826_c9,츄베릅jmt_20240826,@user-uj8kj7dh1b,저점매수.,2024-08-26
츄베릅jmt_20240826_c10,츄베릅jmt_20240826,@봄바르디로나눔한디로,요즘 바빠서 댓글 대충 쓰네오 죄성함다,2024-08-26
츄베릅jmt_20240826_c11,츄베릅jmt_20240826,@피글렛_BS,홈플러스까지 ㄷㄷ 두바이로 점령당했네 ㅋㅋ 오늘도 너무 재밌어요 사랑합니다❤,2024-08-26
츄베릅jmt_20240824_c1,츄베릅jmt_20240824,@Songhh-zm9xn,환장하겠네 ㅋㅋㅋㅋㅋ,2024-09-15
츄베릅jmt_20240824_c2,츄베릅jmt_20240824,@douchnut,MZ 포기할게요❤,2024-09-14
츄베릅jmt_20240824_c3,츄베릅jmt_20240824,@dddyoutubeddd,"와... 알파벳 하나에 6,900....🙄",2024-09-13
츄베릅jmt_20240824_c4,츄베릅jmt_20240824,@엘로힘엣사이,엠비티아이 타령 좀 그만해라;;;,2024-09-12
츄베릅jmt_20240824_c5,츄베릅jmt_20240824,@pinkface1027,여기 나오는 ISTP내 철친 엠비티아이인데😮😊😊,2024-09-11
츄베릅jmt_20240824_c6,츄베릅jmt_20240824,@mmiisn,아이디어 좋네요🎉,2024-08-31
츄베릅jmt_20240824_c7,츄베릅jmt_20240824,@haleyj6924,크림도 퐁신해보여서 넘 귀여워요❤,2024-08-25
츄베릅jmt_20240824_c8,츄베릅jmt_20240824,@스타후니,어 이거 어디에용?,2024-08-24
츄베릅jmt_20240824_c9,츄베릅jmt_20240824,@whatisthat123-rio,옹,2024-08-24
츄베릅jmt_20240824_c10,츄베릅jmt_20240824,@푸하하-j4l,mbti빵 맛있어보이네요 ㅋㅋㅋ 츄베릅님 mbti 뭐에요?,2024-08-24
츄베릅jmt_20240824_c11,츄베릅jmt_20240824,@Lovely_Heartsping,인싸 츄베릅님 덕분에.. 15할비 요즘 젊은이 문화 알아갑니다@@ 👍,2024-08-24
츄베릅jmt_20240824_c12,츄베릅jmt_20240824,@ggulggulggul2,떡상가즈아,2024-08-24
츄베릅jmt_20240824_c13,츄베릅jmt_20240824,@껨온SON153,츄베릅님 먹는모습이 아주예쁘군요.,2024-08-24
츄베릅jmt_20240824_c14,츄베릅jmt_20240824,@피글렛_BS,좀 늦었네요 ㅠ 빵 진짜 맛있어보인다 오늘도 잘보고 갑니다❤,2024-08-24
츄베릅jmt_20240824_c15,츄베릅jmt_20240824,@봄바르디로나눔한디로,빵! 제친구 거의다 T인뎁 ㅋㅋ,2024-08-24
츄베릅jmt_20240822_c1,츄베릅jmt_20240822,@촉촉한초코칩-i9i1u,여기 샤브올데이죠?,2025-06-13
츄베릅jmt_20240822_c2,츄베릅jmt_20240822,@홍두깨-h4f,"29900

단돈 3만원이라혀라",2025-05-14
츄베릅jmt_20240822_c3,츄베릅jmt_20240822,@복댕이아빠-o9u,"광고 내리시길 추천드립니다
얼마전 대전 갈마점에서 장애인보조견 입장을 금지한 업체입니다
sbs뉴스 참고 하시면 되세요",2025-05-10
츄베릅jmt_20240822_c4,츄베릅jmt_20240822,@복댕이아빠-o9u,"광고 내리시길 추천드립니다
얼마전 대전 갈마점에서 장애인보조견 입장을 금지한 업체입니다
sbs뉴스 참고 하시면 되세요",2025-05-10
츄베릅jmt_20240822_c5,츄베릅jmt_20240822,@아현바라기,샤브샤브?,2025-02-10
츄베릅jmt_20240822_c6,츄베릅jmt_20240822,@ssyeongjay,샤브육수 드럽게 맛없고 고기질 후짐. 60가지 음식 다 먹지도 못하는데 2만원대 후반?? 난 안감,2024-10-30
츄베릅jmt_20240822_c7,츄베릅jmt_20240822,@lovely-sw6lz,어떻게시키면 국물 반반이에요??? 하나짜리만먹고옴 ㅠ빨간거 마라에요?,2024-10-13
츄베릅jmt_20240822_c8,츄베릅jmt_20240822,@haleyj6924,"생맥 무한 ?
넘좋아여",2024-08-25
츄베릅jmt_20240822_c9,츄베릅jmt_20240822,@곰팅이-f8e,정자동 샤브올데이도 오픈했는데 물건바로 안채워짐,2024-08-24
츄베릅jmt_20240822_c10,츄베릅jmt_20240822,@Lovely_Heartsping,인천 샤브올데이 메모,2024-08-24
츄베릅jmt_20240822_c11,츄베릅jmt_20240822,@InOS-ex6hb,대구네,2024-08-24
츄베릅jmt_20240822_c12,츄베릅jmt_20240822,@봄바르디로나눔한디로,"샤브샤브좋아하는뎁 늦게와서 재성 








댓글 못본거죠? 그렇다고 해주세요",2024-08-23
츄베릅jmt_20240822_c13,츄베릅jmt_20240822,@whatisthat123-rio,와우❤,2024-08-23
츄베릅jmt_20240822_c14,츄베릅jmt_20240822,@껨온SON153,츄베릅님 먹는모습이 아주예쁘군요.,2024-08-23
츄베릅jmt_20240822_c15,츄베릅jmt_20240822,@ggulggulggul2,떡상가즈아,2024-08-22
츄베릅jmt_20240822_c16,츄베릅jmt_20240822,@이혁재-q2t,여기 발산 샤브20 아닌가요,2024-08-22
츄베릅jmt_20240822_c17,츄베릅jmt_20240822,@푸하하-j4l,저게 2만원인게 말이 안되네요..ㅋㅋㅋ 먹을꺼 엄청 많아 보이는데,2024-08-22
츄베릅jmt_20240822_c18,츄베릅jmt_20240822,@스타후니,진짜 잘드시고다닌다ㅋㅋㄲㅋㄱ,2024-08-22
츄베릅jmt_20240822_c19,츄베릅jmt_20240822,@메용랜드-h3s,아닝 저기서 먹단 40찍겠누 ㄷㄷ,2024-08-22
츄베릅jmt_20240822_c20,츄베릅jmt_20240822,@노래듣기-m9u,너무너무 이뻐요~~~~,2024-08-22
츄베릅jmt_20240822_c21,츄베릅jmt_20240822,@데네,와 2빠! 츕베르님 너무 예뻐요!,2024-08-22
츄베릅jmt_20240822_c22,츄베릅jmt_20240822,@피글렛_BS,오늘 좀 늦었네요 ㅠ 너무 맛있겠어요! 샤브샤브 좋아하는데 ㅋㅋ 오늘도 재밌는영상 감사합니다❤,2024-08-22
츄베릅jmt_20240821_c1,츄베릅jmt_20240821,@유이-youie,첨엔 별 맛 없다가 중독됨,2024-11-24
츄베릅jmt_20240821_c2,츄베릅jmt_20240821,@ggulggulggul2,떡상가즈아,2024-08-22
츄베릅jmt_20240821_c3,츄베릅jmt_20240821,@봄바르디로나눔한디로,모찌라니 신기하네,2024-08-22
츄베릅jmt_20240821_c4,츄베릅jmt_20240821,@whatisthat123-rio,두바이 초콜릿이 어떤 맛이길래…?,2024-08-22
츄베릅jmt_20240821_c5,츄베릅jmt_20240821,@스타후니,이제 두바이로 뇌절시작이라니..,2024-08-22
츄베릅jmt_20240821_c6,츄베릅jmt_20240821,@kbs9216,너무미인이신데,2024-08-22
츄베릅jmt_20240821_c7,츄베릅jmt_20240821,@우당탕탕걸,"헉 제가 요청한거들어주시다니..😢 감사해요,,❤❤",2024-08-22
츄베릅jmt_20240821_c8,츄베릅jmt_20240821,@bojeungeum,누나 이빠요,2024-08-21
츄베릅jmt_20240821_c9,츄베릅jmt_20240821,@노래듣기-m9u,이쁘다~~~,2024-08-21
츄베릅jmt_20240821_c10,츄베릅jmt_20240821,@푸하하-j4l,가격이 좀 사악 한거 같긴하지만 진짜 맛있어보이네요 ㅋㅋ,2024-08-21
츄베릅jmt_20240821_c11,츄베릅jmt_20240821,@miy2048,진짜 맛있겠다,2024-08-21
츄베릅jmt_20240821_c12,츄베릅jmt_20240821,@user-uj8kj7dh1b,저점매수.,2024-08-21
츄베릅jmt_20240821_c13,츄베릅jmt_20240821,@예린_15,뜨전에 고정 좀..🤤배고프다…,2024-08-21
츄베릅jmt_20240821_c14,츄베릅jmt_20240821,@피글렛_BS,와 짭쌀떡! 제가 좋아하는데! 사랑해요❤,2024-08-21
츄베릅jmt_20240821_c1,츄베릅jmt_20240821,@스타후니,일단고정해주고  두바이초콜릿 붕어빵 먹어줘여,2024-08-21
츄베릅jmt_20240821_c2,츄베릅jmt_20240821,@루피-l8s,이뿌다,2024-08-23
츄베릅jmt_20240821_c3,츄베릅jmt_20240821,@Chois444,ㅈㄴ 귀엽다..,2024-08-22
츄베릅jmt_20240821_c4,츄베릅jmt_20240821,@ggulggulggul2,떡상가즈아,2024-08-21
츄베릅jmt_20240821_c5,츄베릅jmt_20240821,@whatisthat123-rio,드디어 모든영상 좋아요 완료,2024-08-21
츄베릅jmt_20240821_c6,츄베릅jmt_20240821,@whatisthat123-rio,진짜 두바이 초콜릿이 문화가 되버린 대한민국(모든영상 좋아요 완료😊),2024-08-21
츄베릅jmt_20240821_c7,츄베릅jmt_20240821,@user-uj8kj7dh1b,저점매수.,2024-08-21
츄베릅jmt_20240821_c8,츄베릅jmt_20240821,@봄바르디로나눔한디로,"그전에 못왔어요.ㅜ 이제 대부분 1000회 
다 너머요! 추카해요 구독자 600명때 부터봤는데 그때는 조회수가 100이나 
이랬거등여 ㅋㅋ..  암튼 추카해요
오늘도 댓글이 길어지넹..쩝",2024-08-21
츄베릅jmt_20240821_c9,츄베릅jmt_20240821,@메용랜드-h3s,처음에 브라보 피스타치온지 모르고  민촌줄,2024-08-21
츄베릅jmt_20240821_c10,츄베릅jmt_20240821,@푸하하-j4l,두바이 아이스크림 맛있겠네요 ㅋㅋㅋ,2024-08-21
츄베릅jmt_20240821_c11,츄베릅jmt_20240821,@껨온SON153,츄베릅님 먹는모습이 아주예쁘군요.,2024-08-21
츄베릅jmt_20240821_c12,츄베릅jmt_20240821,@피글렛_BS,오 맛있게땅! 하지만 제 취향은 부라보콘 피스타치오에요 ㅋㅋ 재밌는 영상 만들어주셔서 감사합니다❤,2024-08-21
츄베릅jmt_20240820_c1,츄베릅jmt_20240820,@StevenJune1209,코성형티가심하네,2024-09-11
츄베릅jmt_20240820_c2,츄베릅jmt_20240820,@xs.on0,오…좀 비싸지만 맛있겟네용 💝,2024-08-21
츄베릅jmt_20240820_c3,츄베릅jmt_20240820,@봄바르디로나눔한디로,아 나만 답글없ㅡㄷ 사람들 나한테구래ㅣㅣㅣㅣㅣㅣㅣㅣㅣㅣ,2024-08-21
츄베릅jmt_20240820_c4,츄베릅jmt_20240820,@푸하하-j4l,비요뜨랑 맛 비슷해 보이는데 저가격이라니.. 근데 날이 갈수록 더 이뻐지시네요! ㅋㅋ 인스타도 팔로우 했어요!,2024-08-20
츄베릅jmt_20240820_c5,츄베릅jmt_20240820,@시림이다,제발 떡상!!!,2024-08-20
츄베릅jmt_20240820_c6,츄베릅jmt_20240820,@메용랜드-h3s,나도 요아정 못머거 봤는데 츄베릅님 부럽네영,2024-08-20
츄베릅jmt_20240820_c7,츄베릅jmt_20240820,@ggulggulggul2,떡상가즈아,2024-08-20
츄베릅jmt_20240820_c8,츄베릅jmt_20240820,@스타후니,비요뜨가 더 낫나용,2024-08-20
츄베릅jmt_20240820_c9,츄베릅jmt_20240820,@whatisthat123-rio,요나정 포켓몬빵임? ㅋㅋㅋ. 뇌절 😂,2024-08-20
츄베릅jmt_20240820_c10,츄베릅jmt_20240820,@껨온SON153,츄베릅님 먹는모습이 아주예쁘군요.,2024-08-20
츄베릅jmt_20240820_c11,츄베릅jmt_20240820,@피글렛_BS,GS 요아정 많이낸다 ㅋㅋ 근데 맛있을거같진 않네여 ㅋㅋ 항상 재밌는영상 만들어주셔서 감사해요!!❤❤,2024-08-20
츄베릅jmt_20240819_c1,츄베릅jmt_20240819,@박화연-w6e,우와먹어보고싶네요❤❤❤너무예쁘세요1빠❤❤❤고정가능해요?,2024-08-19
츄베릅jmt_20240819_c2,츄베릅jmt_20240819,@ATeacher546,감사합니다!,2024-09-04
츄베릅jmt_20240819_c3,츄베릅jmt_20240819,@bluesanta21,뭐 이리 이쁘냐,2024-08-23
츄베릅jmt_20240819_c4,츄베릅jmt_20240819,@서하안-y7f,언니 소리 필수 말고 언니 얼굴 (보기)필수!!!!!,2024-08-22
츄베릅jmt_20240819_c5,츄베릅jmt_20240819,@시림이다,캬,2024-08-20
츄베릅jmt_20240819_c6,츄베릅jmt_20240819,@설밍와땨,근데 왜 세븐 일레븐 꺼 1등이라고 했을때 왜 편의점이라고 했나요????????,2024-08-20
츄베릅jmt_20240819_c7,츄베릅jmt_20240819,@데네,츄베릅님 이제 고정 해달라는분들좀 제발 고정하지 말아주세요 ㅠ 부탁이에요 ㅠ,2024-08-19
츄베릅jmt_20240819_c8,츄베릅jmt_20240819,@도윤박-c3h,누나 너무 예뻐 요,2024-08-19
츄베릅jmt_20240819_c9,츄베릅jmt_20240819,@Lovely_Heartsping,세븐일레븐꺼가 1등이군여,2024-08-19
츄베릅jmt_20240819_c10,츄베릅jmt_20240819,@ggulggulggul2,떡상가즈아,2024-08-19
츄베릅jmt_20240819_c11,츄베릅jmt_20240819,@푸하하-j4l,맛있겠다 ㅠㅠㅠ,2024-08-19
츄베릅jmt_20240819_c12,츄베릅jmt_20240819,@봄바르디로나눔한디로,맛잏겠다 나때문에 추천하는분들이 생겼넴,2024-08-19
츄베릅jmt_20240819_c13,츄베릅jmt_20240819,@껨온SON153,츄베릅님 먹는모습이 아주예쁘군요.,2024-08-19
츄베릅jmt_20240819_c14,츄베릅jmt_20240819,@피글렛_BS,와 맛있겠다! 두바이 유행 언제 끝나니! 나도 먹어보고싶당 ㅠ 오늘도 이쁘유 사랑해용❤,2024-08-19
츄베릅jmt_20240819_c15,츄베릅jmt_20240819,@답글다는잼민은무시,영상 꾸준히 올리시니까 좋네요 항상 열심히보고 응원하고있습니다!,2024-08-19
츄베릅jmt_20240818_c1,츄베릅jmt_20240818,@엔트리-엥00z,뜨기전에 고정좀나맛있겠다,2024-08-18
츄베릅jmt_20240818_c2,츄베릅jmt_20240818,@봄바르디로나눔한디로,엄첟 맏읻겓닫,2024-08-18
츄베릅jmt_20240818_c3,츄베릅jmt_20240818,@스타후니,맨날편의점가시져ㅋㅋㄱㅋ,2024-08-18
츄베릅jmt_20240818_c4,츄베릅jmt_20240818,@ggulggulggul2,떡상가즈아,2024-08-18
츄베릅jmt_20240818_c5,츄베릅jmt_20240818,@푸하하-j4l,오 저거 궁금 했는데,2024-08-18
츄베릅jmt_20240818_c6,츄베릅jmt_20240818,@메용랜드-h3s,와 ㅏㅏㅏㅏㅏㅏ 너무 마씼겠다,2024-08-18
츄베릅jmt_20240818_c7,츄베릅jmt_20240818,@뿌링157,1빠❤,2024-08-18
츄베릅jmt_20240818_c8,츄베릅jmt_20240818,@피글렛_BS,오 찰깨 좋아하진 않는데 돼게 양많고 좋아보여요! 오늘도 이뻐용! 배우로 직업 바꾸시는건 어떠시나요??,2024-08-18
츄베릅jmt_20240817_c1,츄베릅jmt_20240817,@링츄우_후엥_뱜쟈내꼬,고정좀여 (뜨기전에 고정좀 이러는사람 안와서 다행..),2024-08-17
츄베릅jmt_20240817_c2,츄베릅jmt_20240817,@호두와메리,정이안가네 ㅋㅋ,2024-08-21
츄베릅jmt_20240817_c3,츄베릅jmt_20240817,@xs.on0,우와…왜이렇게 줄이 긴지 알거같아요 !!너무 맛잇어보여요 🤍🤍좋아요 누르고 갑니담❤,2024-08-18
츄베릅jmt_20240817_c4,츄베릅jmt_20240817,@whatisthat123-rio,와 사람 대게 많아,2024-08-18
츄베릅jmt_20240817_c5,츄베릅jmt_20240817,@우당탕탕걸,헐 완전 맛있어보여요..😻,2024-08-17
츄베릅jmt_20240817_c6,츄베릅jmt_20240817,@스타후니,이정도면 1년치영상 다찍어놓은거아닌가,2024-08-17
츄베릅jmt_20240817_c7,츄베릅jmt_20240817,@예린_15,뜨기전에 고장 좀,2024-08-17
츄베릅jmt_20240817_c8,츄베릅jmt_20240817,@그래그래-d2i,업로드 주기 미쳤다ㅋㅋㅋ,2024-08-17
츄베릅jmt_20240817_c9,츄베릅jmt_20240817,@user-uj8kj7dh1b,저점매수.,2024-08-17
츄베릅jmt_20240817_c10,츄베릅jmt_20240817,@피글렛_BS,와 이어폰 끼니깐 더 이뽀요!! 두바이 초콜릿 맛있겠네요 유행 끝나면 먹어봐야지 ㅋㅋ,2024-08-17
츄베릅jmt_20240817_c11,츄베릅jmt_20240817,@ggulggulggul2,떡상가즈아,2024-08-17
츄베릅jmt_20240817_c12,츄베릅jmt_20240817,@푸하하-j4l,와 이게 제일 맛있어보이네요 ㅋㅋㅋ 이어폰 끼신거 넘 귀여우시네요 ㅋㅋ,2024-08-17
츄베릅jmt_20240817_c13,츄베릅jmt_20240817,@봄바르디로나눔한디로,"진짜 마시겠네용 다시 두바이 초콜릿!
빨랐다 언제 유행이 식을까..그래야 먹지",2024-08-17
츄베릅jmt_20240817_c14,츄베릅jmt_20240817,@답글다는잼민은무시,뜨기전에 고정좀요,2024-08-17
츄베릅jmt_20240816_c1,츄베릅jmt_20240816,@답글다는잼민은무시,뜨기전에 고정좀요,2024-08-16
츄베릅jmt_20240816_c2,츄베릅jmt_20240816,@cure_skyy,마침 저도 호떡 먹고 있었는데 이 영상이 뜨다닠ㅋㅋㅋㅋㅋ,2025-02-15
츄베릅jmt_20240816_c3,츄베릅jmt_20240816,@JOHNDOE-ry6rd,당뇨병,2024-08-29
츄베릅jmt_20240816_c4,츄베릅jmt_20240816,@고양이-e4z,저거 디게 맛없는데..느끼하고..,2024-08-19
츄베릅jmt_20240816_c5,츄베릅jmt_20240816,@나나티비-t3c,와,2024-08-17
츄베릅jmt_20240816_c6,츄베릅jmt_20240816,@ga_xd._.13,갸아악 맛있겠다 !! 배구파 ㅠㅠ 😭❤️‍🔥,2024-08-17
츄베릅jmt_20240816_c7,츄베릅jmt_20240816,@푸하하-j4l,호떡만 먹는게 나은거 같아요 느끼할꺼 같은데,2024-08-16
츄베릅jmt_20240816_c8,츄베릅jmt_20240816,@맹서연ggdn,신입구독자입니다,2024-08-16
츄베릅jmt_20240816_c9,츄베릅jmt_20240816,@haleyj6924,똑같은 모양으로 사이에 투게더 넣어먹으면 맛있을 것 같아요❤,2024-08-16
츄베릅jmt_20240816_c10,츄베릅jmt_20240816,@ggulggulggul2,떡상가즈아,2024-08-16
츄베릅jmt_20240816_c11,츄베릅jmt_20240816,@whatisthat123-rio,오 맛있겠다❤,2024-08-16
츄베릅jmt_20240816_c12,츄베릅jmt_20240816,@h_mochi_bungeo,크림이 많아서 괜찮네했는데ㅠㅠ크림이 별로라니🥹🥹 씨유 크림맛집인데 실망인데요?🥲,2024-08-16
츄베릅jmt_20240816_c13,츄베릅jmt_20240816,@봄바르디로나눔한디로,"꿀호떸ㄷㅁ 데카포 핑크 댓글 79축하해용!
좋아요 1000천개도! 알고리즘 탔네
그전은 답글안달아준거 바빠서 그런거죠 ㅜㅜ
댓글많으니 바쁘죠ㅠ
힘내세요! 뭐 제가 별 답글달 댓글안달긴 했죠 하핳 항상답글 감사해요❤ 
앞으로 잘볼게욧!
이것도 알고리즘 타~라~타~라~ 
너무 기여버여",2024-08-16
츄베릅jmt_20240816_c14,츄베릅jmt_20240816,@피글렛_BS,와아 너무 맛있겠어요! 싱가포르 살아서 못먹지만 ㅠ 나중에 먹어봐야겠어요!! 재밌는 영상 감사합니다❤,2024-08-16
츄베릅jmt_20240815_c1,츄베릅jmt_20240815,@답글다는잼민은무시,뜨기전에 고정좀요,2024-08-15
츄베릅jmt_20240815_c2,츄베릅jmt_20240815,@hoswan8404,츄베릅님저랑사겨요뻥ㅋ,2025-07-26
츄베릅jmt_20240815_c3,츄베릅jmt_20240815,@만다꼬-n1u,ㅋㅋㅋㅋㅋㅋㅋㅋㅋ자막도 존잼..뜨기 전에 고정 좀요,2025-06-19
츄베릅jmt_20240815_c4,츄베릅jmt_20240815,@채냥쓰,새콤한 음료수가 많이 안달고 상큼해영,2024-11-02
츄베릅jmt_20240815_c5,츄베릅jmt_20240815,@져언-m7q,이번엔 노랑색 가능할까용??😢,2024-08-20
츄베릅jmt_20240815_c6,츄베릅jmt_20240815,@나루_neru,노란색 데카포 가능할까요ㅠ,2024-08-20
츄베릅jmt_20240815_c7,츄베릅jmt_20240815,@hallo_yunho,핑크색은 대카이 포션이 아님,2024-08-20
츄베릅jmt_20240815_c8,츄베릅jmt_20240815,@전전예은,언니 모구모구말구 파워에이드 핑크색 나왔어써 그거로 바꿔서 올려줭,2024-08-20
츄베릅jmt_20240815_c9,츄베릅jmt_20240815,@AngelaJeong-co1rz,혹시 주황색은 안될까용??🧡👌,2024-08-20
츄베릅jmt_20240815_c10,츄베릅jmt_20240815,@Handsome12-bj,설사약,2024-08-20
츄베릅jmt_20240815_c11,츄베릅jmt_20240815,@aegyojaengi_Ruv,핑크데카포는 신박하네영,2024-08-20
츄베릅jmt_20240815_c12,츄베릅jmt_20240815,@나는잘생겼다-s7n,누낭 예뻐요,2024-08-19
츄베릅jmt_20240815_c13,츄베릅jmt_20240815,@ejkim2250,보라 데가보해주세요!,2024-08-19
츄베릅jmt_20240815_c14,츄베릅jmt_20240815,@루나-u7i,처음 보는데 왜케 겁나 맜있어 보이냐 (츄릅),2024-08-19
츄베릅jmt_20240815_c15,츄베릅jmt_20240815,@xxx.nyuongchu,보라색 플리즈,2024-08-19
츄베릅jmt_20240815_c16,츄베릅jmt_20240815,@바퀴벌레-v7e5k,초록😊,2024-08-19
츄베릅jmt_20240815_c17,츄베릅jmt_20240815,@호홋-z8u,와 진짜 맛이 없을수가 없는 조합이네욥!!❤❤저도 한번 만들어 먹어봐야겠어용!!❤❤,2024-08-18
츄베릅jmt_20240815_c18,츄베릅jmt_20240815,@xs.on0,으왐 맛있겠다…오늘도 영상 재미있어요 !🩷🩷항상 좋은영상 감사합니다 💝💝,2024-08-18
츄베릅jmt_20240815_c19,츄베릅jmt_20240815,@ysmjmbss,"와,,,예뽀❤❤",2024-08-18
츄베릅jmt_20240815_c20,츄베릅jmt_20240815,@코코kokor,"좋아요 구독 눌렀니당!❤❤🎉
   ❤초록 데카포 제발ㅠ❤❤",2024-08-18
츄베릅jmt_20240815_c21,츄베릅jmt_20240815,@호두핑,개학,2024-08-18
츄베릅jmt_20240815_c22,츄베릅jmt_20240815,@최형식-t1y,보라 데카포요,2024-08-18
츄베릅jmt_20240815_c23,츄베릅jmt_20240815,@스쿱단,맛있겠다,2024-08-18
츄베릅jmt_20240815_c24,츄베릅jmt_20240815,@퐁당-k6w,초록 데카포요!,2024-08-18
츄베릅jmt_20240815_c25,츄베릅jmt_20240815,@hb-tn5bz,레인보우좀 안될가요? 구독도 좋아요도 눌렀어요,2024-08-18
츄베릅jmt_20240815_c26,츄베릅jmt_20240815,@삐약삐약병아리-u6g,우왓!!  감사해여!!,2024-08-18
츄베릅jmt_20240815_c27,츄베릅jmt_20240815,@호호닭발_주먹밥,와 개예뻐,2024-08-18
츄베릅jmt_20240815_c28,츄베릅jmt_20240815,@Kim-nyangyeee,데카포는 포트나이트에 파란포션인데 핑크로 하면 저게 뭔 데카포임 걍 핑크음료지 댓 달은사람 생각없다,2024-08-18
츄베릅jmt_20240815_c29,츄베릅jmt_20240815,@mindful_rock_crab,와 데카포 만드는 사람중에 제일 귀엽고 예뻐요 ㅠㅠ,2024-08-18
츄베릅jmt_20240815_c30,츄베릅jmt_20240815,@LOLIPOP_15271,포트나이트 이거 먹으면 실드가 핑크색으로 회복될 듯,2024-08-18
츄베릅jmt_20240815_c31,츄베릅jmt_20240815,@지원-z5j,구독했으니까노랑데카포여,2024-08-18
츄베릅jmt_20240815_c32,츄베릅jmt_20240815,@김하하두수,보라색 해주세요,2024-08-18
츄베릅jmt_20240815_c33,츄베릅jmt_20240815,@안옥희-i1j,초록새 데카포😢😢😢,2024-08-18
츄베릅jmt_20240815_c34,츄베릅jmt_20240815,@우주-h5w,콜라  데카포 해주세요!,2024-08-18
츄베릅jmt_20240815_c35,츄베릅jmt_20240815,@장이룸-v4x,데카포는 파란색인데 그거 핑크 버젼 이라는 거져?,2024-08-18
츄베릅jmt_20240815_c36,츄베릅jmt_20240815,@forestchoi8715,"오늘 처음 봤는데 너무 멋지네요!
혹시 초록 데카포 가능할까요?",2024-08-18
츄베릅jmt_20240815_c37,츄베릅jmt_20240815,@스텔라이브...기억할게,"데카이포션은 파랑색이다
그러므로 데카포 아님",2024-08-18
츄베릅jmt_20240815_c38,츄베릅jmt_20240815,@심심해서심심한,투명 데카포요,2024-08-18
츄베릅jmt_20240815_c39,츄베릅jmt_20240815,@아무거나-c7l,💙+🖤=될까요😅,2024-08-18
츄베릅jmt_20240815_c40,츄베릅jmt_20240815,@0208oo,더 이상 데카포가 아니게 된...,2024-08-18
츄베릅jmt_20240815_c41,츄베릅jmt_20240815,@yomlez664,무명유튜버한테는 ”데카포는 파란색인데 “ ”포트나이트 에서 나오는 파랑색 쉴드인데…“이러는데 여기는 왜이럼?,2024-08-18
츄베릅jmt_20240815_c42,츄베릅jmt_20240815,@서브폰-t1m,이쁘다..♡,2024-08-18
츄베릅jmt_20240815_c43,츄베릅jmt_20240815,@녹차라떼,우왓!감사해요!!,2024-08-18
츄베릅jmt_20240815_c44,츄베릅jmt_20240815,@ゆめは_thebestcatintheworld,마시겠따아…ㅜㅜ,2024-08-18
츄베릅jmt_20240815_c45,츄베릅jmt_20240815,@아-g4n,브금 뭐지 왜 세븐틴~세븐틴~거려요?ㅋㅋ,2024-08-18
츄베릅jmt_20240815_c46,츄베릅jmt_20240815,@SoyolerdeneEnkhbayar김서율,아이브는핑크가튼뎅,2024-08-18
츄베릅jmt_20240815_c47,츄베릅jmt_20240815,@sjsjiskzbdhwi,이건 데카포가 아님,2024-08-18
츄베릅jmt_20240815_c48,츄베릅jmt_20240815,@백미르r,회색이요,2024-08-18
츄베릅jmt_20240815_c49,츄베릅jmt_20240815,@어머나이럴수가,꼬미볼은 진짜 존맛임,2024-08-18
츄베릅jmt_20240815_c50,츄베릅jmt_20240815,@안댕-w6j,"보라색 데카포 
가능한가요?💜",2024-08-17
츄베릅jmt_20240815_c51,츄베릅jmt_20240815,@엔써뤂덕이,노란색 데카포 해주세영!❤,2024-08-17
츄베릅jmt_20240815_c52,츄베릅jmt_20240815,@루링랑이,존마댕구리구리,2024-08-17
츄베릅jmt_20240815_c53,츄베릅jmt_20240815,@Goeun-m9i,광복절이니까 대한민 국  데카포만들어줘,2024-08-17
츄베릅jmt_20240815_c54,츄베릅jmt_20240815,@우낙지볶음,"헉시 초록색 데카포 가능 하나요?
구독이랑 좋아요 둘다 눌렀어요❤",2024-08-17
츄베릅jmt_20240815_c55,츄베릅jmt_20240815,@동방물패,과일  데카포,2024-08-17
츄베릅jmt_20240815_c56,츄베릅jmt_20240815,@서하안-y7f,이쁜 언니 무지개 해주세용 저 해주실때까지 눈뜨고 있을게요,2024-08-17
츄베릅jmt_20240815_c57,츄베릅jmt_20240815,@버논이네_국밥집,데카포는 원래 파랑색인데..! 이러면 데카포가 아니지 않을까요..??ㅋㅋ,2024-08-16
츄베릅jmt_20240815_c58,츄베릅jmt_20240815,@marichuhandugan9725,하늘색해주세요구독좋아요눌렀어요,2024-08-16
츄베릅jmt_20240815_c59,츄베릅jmt_20240815,@이종옥-y3u,무지개 🌈   데카포해주세요😊,2024-08-16
츄베릅jmt_20240815_c60,츄베릅jmt_20240815,@KM_IMDDO,❤🎉😅먹어 두대요,2024-08-16
츄베릅jmt_20240815_c61,츄베릅jmt_20240815,@밀콩-esfp,모구모구 를 무슨 소주 까듯이 까 ㅋㅋㅋ (어...난 15년 생인데 왜 알지;;?)언니 15년 생이랑 친구 하자!!(아.이게아닌데),2024-08-16
츄베릅jmt_20240815_c62,츄베릅jmt_20240815,@양하윤-f4h,무지개,2024-08-16
츄베릅jmt_20240815_c63,츄베릅jmt_20240815,@양하윤-f4h,무지개,2024-08-16
츄베릅jmt_20240815_c64,츄베릅jmt_20240815,@양하윤-f4h,무지개,2024-08-16
츄베릅jmt_20240815_c65,츄베릅jmt_20240815,@양하윤-f4h,무지개,2024-08-16
츄베릅jmt_20240815_c66,츄베릅jmt_20240815,@와르를왈,무지개 데카포(?),2024-08-16
츄베릅jmt_20240815_c67,츄베릅jmt_20240815,@다성귀여미,민초 테카포 해 주세요,2024-08-16
츄베릅jmt_20240815_c68,츄베릅jmt_20240815,@맂프인사람,노란 데카포 해주세요❤,2024-08-16
츄베릅jmt_20240815_c69,츄베릅jmt_20240815,@kwr-x2i,언니 넘 예쁘잖아😄😄(데카포 말구),2024-08-16
츄베릅jmt_20240815_c70,츄베릅jmt_20240815,@이채연-r8b,💙,2024-08-16
츄베릅jmt_20240815_c71,츄베릅jmt_20240815,@이지혜-c6p,보라색버전으로해주세요,2024-08-16
츄베릅jmt_20240815_c72,츄베릅jmt_20240815,@이민수-t8n,투명대포카!,2024-08-16
츄베릅jmt_20240815_c73,츄베릅jmt_20240815,@coolso9124,먼가미츠리달맛다,2024-08-16
츄베릅jmt_20240815_c74,츄베릅jmt_20240815,@마롱이스파이,보라섹!_!,2024-08-16
츄베릅jmt_20240815_c75,츄베릅jmt_20240815,@댄스자매1006,초록도 만들어주세요,2024-08-16
츄베릅jmt_20240815_c76,츄베릅jmt_20240815,@우당탕탕걸,파랑색버전도 만들어주세요‼️ 오늘도 맛있어보이네요😻,2024-08-15
츄베릅jmt_20240815_c77,츄베릅jmt_20240815,@Chill-p2x,요번의 그게임 핑크 물약나와라,2024-08-15
츄베릅jmt_20240815_c78,츄베릅jmt_20240815,@봄바르디로나눔한디로,좀 늦었네요,2024-08-15
츄베릅jmt_20240815_c79,츄베릅jmt_20240815,@김현주-i8w8k,"파랑,보라 될까요?....ㆍ-ㆍ",2024-08-15
츄베릅jmt_20240815_c80,츄베릅jmt_20240815,@lina_y08,너무 예쁘게 잘 만드셨어요😊,2024-08-15
츄베릅jmt_20240815_c81,츄베릅jmt_20240815,@스타후니,이웃집 통통이 두바이식 초코쿠키 안흘리고 먹어주세요,2024-08-15
츄베릅jmt_20240815_c82,츄베릅jmt_20240815,@oijehsiuse,언니언니언니언니언니 연두계열 해주세요용5용요요(1트,2024-08-15
츄베릅jmt_20240815_c83,츄베릅jmt_20240815,@윤하나-v3i,노랑이요❤❤,2024-08-15
츄베릅jmt_20240815_c84,츄베릅jmt_20240815,@밥늘인데,자두녹차 넣으시면 맛있어요!,2024-08-15
츄베릅jmt_20240815_c85,츄베릅jmt_20240815,@rng늅이,핑크도 맛있더라고요,2024-08-15
츄베릅jmt_20240815_c86,츄베릅jmt_20240815,@키림_박하공주바버,넘 이쁘고 제미있어서 구독 박았어요ㅠ,2024-08-15
츄베릅jmt_20240815_c87,츄베릅jmt_20240815,@whatisthat123-rio,요~! 상큼하겠다🤤,2024-08-15
츄베릅jmt_20240815_c88,츄베릅jmt_20240815,@툐먀,노랑색도염💛💚,2024-08-15
츄베릅jmt_20240815_c89,츄베릅jmt_20240815,@연두-r6z,"언니 제발 이 색깔들 데카포해조

💚💛❤️",2024-08-15
츄베릅jmt_20240815_c90,츄베릅jmt_20240815,@남고은-v2f,초록조가능…?,2024-08-15
츄베릅jmt_20240815_c91,츄베릅jmt_20240815,@피글렛_BS,힝 요즘 못왔네요😢 데카포도 이쁘고 츄베릅님도 넘 이뽀요 사랑해영❤,2024-08-15
츄베릅jmt_20240815_c92,츄베릅jmt_20240815,@잔망다이브-z3n,"무지개 데카포 만들기!!!! 제발 🥺
(무지개의 빨,주,노,초,파,남,보해서 데카포 제발 🥺)",2024-08-15
츄베릅jmt_20240815_c93,츄베릅jmt_20240815,@lovejihooY,보라색은 없나연ㄴ 😢,2024-08-15
츄베릅jmt_20240815_c94,츄베릅jmt_20240815,@Mashmellow12-d2x,데카포는 파란색이지만 색을 다르게 해도 예뻐서 괸찮다(?),2024-08-15
츄베릅jmt_20240815_c95,츄베릅jmt_20240815,@xun_0-0,뭔가 떡상할 듯,2024-08-15
츄베릅jmt_20240815_c96,츄베릅jmt_20240815,@레도-rival,"파란 데카포:회복물약
핑크 데카포:고통의 물약",2024-08-15
츄베릅jmt_20240815_c97,츄베릅jmt_20240815,@먹방-q8c,언니 혹시 보라색 대카포 가능할까요??,2024-08-15
츄베릅jmt_20240815_c98,츄베릅jmt_20240815,@yoonypam,너무 예쁘셔요♡,2024-08-15
츄베릅jmt_20240815_c99,츄베릅jmt_20240815,@chlekdpf-0720,눈 호강 되는 데카포 완전 맜있어 보인다 이렇게 예쁜 데카포는 처음 봐요 완죤 색깔 잘나왔다 짱 예쁨,2024-08-15
츄베릅jmt_20240815_c100,츄베릅jmt_20240815,@ggulggulggul2,떡상가즈아,2024-08-15
츄베릅jmt_20240815_c101,츄베릅jmt_20240815,@txt범규업고튀어,초록데카포(1트),2024-08-15
츄베릅jmt_20240815_c102,츄베릅jmt_20240815,@brawlbee-0,존맛 핑크 데카포 만들기x 칼로리 폭탄 대가리 깨질것 같은 데카포 만들기o,2024-08-15
츄베릅jmt_20240815_c103,츄베릅jmt_20240815,@껨온SON153,츄베릅님 먹는모습이 아주예쁘군요.,2024-08-15
츄베릅jmt_20240815_c104,츄베릅jmt_20240815,@정예슬-b8n,핑크퐁 맛있겠다,2024-08-15
츄베릅jmt_20240815_c105,츄베릅jmt_20240815,@user-uj8kj7dh1b,저점매수 하겠습니다,2024-08-15
츄베릅jmt_20240815_c106,츄베릅jmt_20240815,@푸하하-j4l,오우 색이 이쁘네여 ㅋㅋ,2024-08-15
츄베릅jmt_20240815_c107,츄베릅jmt_20240815,@나나티비-t3c,맛있겠당 저유튜버예요,2024-08-15
츄베릅jmt_20240815_c108,츄베릅jmt_20240815,@haleyj6924,솜사탕 넣는거 넘 맛나보여요 ㅠㅠ,2024-08-15
츄베릅jmt_20240815_c109,츄베릅jmt_20240815,@시림이다,역시 베릅님!!,2024-08-15
츄베릅jmt_20240815_c110,츄베릅jmt_20240815,@답글다는잼민은무시,뜨기전에 고정좀요,2024-08-15
츄베릅jmt_20240814_c1,츄베릅jmt_20240814,@답글다는잼민은무시,뜨기전에 고정좀요,2024-08-14
츄베릅jmt_20240814_c2,츄베릅jmt_20240814,@서하안-y7f,언니 언니 몰살 처럼 떡이 너무 귀여웡,2024-08-17
츄베릅jmt_20240814_c3,츄베릅jmt_20240814,@우당탕탕걸,"매일매일 꾸준히 업로드해주셔서 정말감사해요🥹💗
오늘도 맛있는간식 추천감사합니당
얼릉 구독자10만명 가면좋겠네요🥺💗",2024-08-14
츄베릅jmt_20240814_c4,츄베릅jmt_20240814,@봄바르디로나눔한디로,마시게다,2024-08-14
츄베릅jmt_20240814_c5,츄베릅jmt_20240814,@xs.on0,우왕 진짜 맛있겠네요 😢😢,2024-08-14
츄베릅jmt_20240814_c6,츄베릅jmt_20240814,@haleyj6924,연세우유 빵중에 모가 젤 맛있나여,2024-08-14
츄베릅jmt_20240814_c7,츄베릅jmt_20240814,@스타후니,진짜 잘드시나봐여  하루에만 영상이ㅋㄱㄱㄱㅋ,2024-08-14
츄베릅jmt_20240814_c8,츄베릅jmt_20240814,@푸하하-j4l,엇 리뷰 감사함다 ㅋㅋㅋ! 너무 이쁘심,2024-08-14
츄베릅jmt_20240814_c9,츄베릅jmt_20240814,@ggulggulggul2,떡상가즈아,2024-08-14
츄베릅jmt_20240813_c1,츄베릅jmt_20240813,@히히s,이미 뜨셨지만 고정 좀❤,2024-08-13
츄베릅jmt_20240813_c2,츄베릅jmt_20240813,@서하안-y7f,언니 언니 는 다이어트 안해두돼 그리고 떡상 드가자~~~~,2024-08-17
츄베릅jmt_20240813_c3,츄베릅jmt_20240813,@Lovely_Heartsping,다이어트 안하셔두 될것 같은데,2024-08-17
츄베릅jmt_20240813_c4,츄베릅jmt_20240813,@우당탕탕걸,헐 짱맛잇어보여요😻,2024-08-14
츄베릅jmt_20240813_c5,츄베릅jmt_20240813,@스타후니,구독자오르는속도보소..,2024-08-13
츄베릅jmt_20240813_c6,츄베릅jmt_20240813,@예린_15,뜨기 전 고정 좀😊,2024-08-13
츄베릅jmt_20240813_c7,츄베릅jmt_20240813,@whatisthat123-rio,배고파파파파팦😢,2024-08-13
츄베릅jmt_20240813_c8,츄베릅jmt_20240813,@푸하하-j4l,다이어트 안하셔도 될꺼 같은데..ㅋㅋㅋ 매운건 못먹지만 볶음밥은 맛있어보이네요 ㅋㅋ,2024-08-13
츄베릅jmt_20240813_c9,츄베릅jmt_20240813,@봄바르디로나눔한디로,불닭 너무 조아오,2024-08-13
츄베릅jmt_20240813_c10,츄베릅jmt_20240813,@ggulggulggul2,떡상가즈아,2024-08-13
츄베릅jmt_20240810_c1,츄베릅jmt_20240810,@예린_15,이미 떴지만 뜨기 전에 고정 좀🍥🍃🍀,2024-08-10
츄베릅jmt_20240810_c2,츄베릅jmt_20240810,@김햇콩-r4l,저도 그거 먹어봣는데 맛잇더라구요!❤ 오늘도 넘넘 이쁘심❤❤,2024-08-17
츄베릅jmt_20240810_c3,츄베릅jmt_20240810,@E11ie401,벌꿀있어서맛나여 웨이팅때메 포기했는데,2024-08-11
츄베릅jmt_20240810_c4,츄베릅jmt_20240810,@나나티비-t3c,맛있겠다  나요아정 먹고싶다ㅎㅎ,2024-08-11
츄베릅jmt_20240810_c5,츄베릅jmt_20240810,@whatisthat123-rio,요즘 내 알고리즘을 점령하는 이 채널 뭔지 궁금하고 재미도있어서 구독을 눌러보았다,2024-08-10
츄베릅jmt_20240810_c6,츄베릅jmt_20240810,@xs.on0,와..저희동네에는 요아정 안파는데..대신 편의점에 들어오면 사볼게용 !!,2024-08-10
츄베릅jmt_20240810_c7,츄베릅jmt_20240810,@로버236,혹시이웃집통통이 두바이쿠키 리뷰해주실수 있나여..?,2024-08-10
츄베릅jmt_20240810_c8,츄베릅jmt_20240810,@로버236,백만 가즈아  알고리즘아 제발~,2024-08-10
츄베릅jmt_20240810_c9,츄베릅jmt_20240810,@yoonypam,99라 눌러버려써여♡,2024-08-10
츄베릅jmt_20240810_c10,츄베릅jmt_20240810,@Jebfb,떡상 하실것 같네요❤,2024-08-10
츄베릅jmt_20240810_c11,츄베릅jmt_20240810,@봄바르디로나눔한디로,요아정 마시따 천명진짜 추카해요!,2024-08-10
츄베릅jmt_20240810_c12,츄베릅jmt_20240810,@피글렛_BS,진짜 대박이에용 음식말고.. 님이 더 대단하세용 다시한번 1000명 추카드립닏아❤,2024-08-10
츄베릅jmt_20240810_c13,츄베릅jmt_20240810,@Jun_ghan,츄베릅 이게 너무 귀여워용 ㅜ 추베릅 모음집도 해주세용 ❤❤,2024-08-10
츄베릅jmt_20240810_c14,츄베릅jmt_20240810,@Bhogal_fitness,❤❤❤❤🎉🎉🎉🎉🎉,2024-08-10
츄베릅jmt_20240810_c15,츄베릅jmt_20240810,@ggulggulggul2,떡상가즈아,2024-08-10
츄베릅jmt_20240810_c16,츄베릅jmt_20240810,@나나티비-t3c,"왕    맛있겠다 나
 이거좋아하는데",2024-08-10
츄베릅jmt_20240810_c17,츄베릅jmt_20240810,@푸하하-j4l,요아정 맛 궁금하네요 한번도 안먹어봐서 마지막에 귀여 우시네여 ㅋㅋ,2024-08-10
츄베릅jmt_20240809_c1,츄베릅jmt_20240809,@예린_15,뜨기전에 고정 좀(?),2024-08-10
츄베릅jmt_20240809_c2,츄베릅jmt_20240809,@서하안-y7f,어디까지 늘어나는거에요 를 이렇게 해바요 언니 언제 까지  이쁠거에요????,2024-08-22
츄베릅jmt_20240809_c3,츄베릅jmt_20240809,@노래듣기-m9u,농협은행이네요,2024-08-21
츄베릅jmt_20240809_c4,츄베릅jmt_20240809,@5월싫어,ㅈㄴ이쁘다,2024-08-11
츄베릅jmt_20240809_c5,츄베릅jmt_20240809,@Bhogal_fitness,👌👌👌😍😍😍,2024-08-10
츄베릅jmt_20240809_c6,츄베릅jmt_20240809,@나나티비-t3c,이거맛잏겠다  나요아정  먹고싶당🎉🎉🎉,2024-08-10
츄베릅jmt_20240809_c7,츄베릅jmt_20240809,@Lovely_Heartsping,100만 유튜버 가실듯,2024-08-10
츄베릅jmt_20240809_c8,츄베릅jmt_20240809,@Lovely_Heartsping,옹 맛있겠당,2024-08-10
츄베릅jmt_20240809_c9,츄베릅jmt_20240809,@맛집뜰이,떡상가즈아,2024-08-10
츄베릅jmt_20240809_c10,츄베릅jmt_20240809,@우당탕탕걸,두바이초콜릿 찹살떡먹방보고싶어요😢,2024-08-10
츄베릅jmt_20240809_c11,츄베릅jmt_20240809,@예진-q7n,먹어봤는데 완전 맛있더라구요,2024-08-09
츄베릅jmt_20240809_c12,츄베릅jmt_20240809,@eunnnjaee,할 메이크업 영상도 찍어주심 안돼나여???,2024-08-09
츄베릅jmt_20240809_c13,츄베릅jmt_20240809,@스타후니,고정경쟁보소..,2024-08-09
츄베릅jmt_20240809_c14,츄베릅jmt_20240809,@피글렛_BS,"이사람 떡상 각임 제가 할만은 아닌데 홧팅 하쇼





구독간다",2024-08-09
츄베릅jmt_20240809_c15,츄베릅jmt_20240809,@xs.on0,이분 진짜 왜 안뜨시지 ..,2024-08-09
츄베릅jmt_20240809_c16,츄베릅jmt_20240809,@봄바르디로나눔한디로,사투리 ㅋㅋㅋ,2024-08-09
츄베릅jmt_20240809_c17,츄베릅jmt_20240809,@rena02kim19,뜨기전에 고정좀,2024-08-09
츄베릅jmt_20240809_c18,츄베릅jmt_20240809,@ggulggulggul2,떡상가즈아,2024-08-09
츄베릅jmt_20240809_c19,츄베릅jmt_20240809,@푸하하-j4l,바나나맛도 해주세요!!! 사투리 쓰시는거 넘 귀여우세요 ㅋㅋ,2024-08-09
츄베릅jmt_20240809_c20,츄베릅jmt_20240809,@이기산-o9d,와ㅏ... 너무 이쁘세요ㅠㅠㅠ,2024-08-09
츄베릅jmt_20240809_c21,츄베릅jmt_20240809,@나나티비-t3c,언니  너무예뻐요,2024-08-09
츄베릅jmt_20240809_c22,츄베릅jmt_20240809,@_dasoo,맛있겠다 😃,2024-08-09
츄베릅jmt_20240808_c1,츄베릅jmt_20240808,@편귀송버스,뜨기전에 고정좀,2024-08-08
츄베릅jmt_20240808_c2,츄베릅jmt_20240808,@개꼴딱,분홍색도...,2025-05-05
츄베릅jmt_20240808_c3,츄베릅jmt_20240808,@07_루비,며칠전에 서울 갔다가 왔는디.. 왜 이제야 뜨는것인가…(TMI: 8월8일에 서울 더현대 갔던 사람임…),2024-08-12
츄베릅jmt_20240808_c4,츄베릅jmt_20240808,@bluesanta21,이쁘다,2024-08-10
츄베릅jmt_20240808_c5,츄베릅jmt_20240808,@Bhogal_fitness,😍😍👍👍👍,2024-08-10
츄베릅jmt_20240808_c6,츄베릅jmt_20240808,@나나티비-t3c,1000 명가즈아  저유튜,2024-08-09
츄베릅jmt_20240808_c7,츄베릅jmt_20240808,@스타후니,아 내고정,2024-08-08
츄베릅jmt_20240808_c8,츄베릅jmt_20240808,@봄바르디로나눔한디로,쿠앤크 조아,2024-08-08
츄베릅jmt_20240808_c9,츄베릅jmt_20240808,@푸하하-j4l,오 맛있겠다ㅋㅋㅋㅋ 츄베릅님 넘 귀여워요,2024-08-08
츄베릅jmt_20240808_c10,츄베릅jmt_20240808,@akenai128,티라미수도 맛있나용?,2024-08-08
츄베릅jmt_20240808_c11,츄베릅jmt_20240808,@ggulggulggul2,떡상가즈아~,2024-08-08
츄베릅jmt_20240808_c12,츄베릅jmt_20240808,@sunny2868,❤❤❤,2024-08-08
츄베릅jmt_20240807_c1,츄베릅jmt_20240807,@스타후니,뜨기전에 고정좀,2024-08-07
츄베릅jmt_20240807_c2,츄베릅jmt_20240807,@망량회-u6x,딴게 맛있겠노^^,2024-12-13
츄베릅jmt_20240807_c3,츄베릅jmt_20240807,@서하안-y7f,나는 언니 얼굴로 살고싶다,2024-08-18
츄베릅jmt_20240807_c4,츄베릅jmt_20240807,@jjjj8327,햄버거는모르겠구...외모는 돌았넹..,2024-08-09
츄베릅jmt_20240807_c5,츄베릅jmt_20240807,@Qwercute0705,떡상드가자!,2024-08-09
츄베릅jmt_20240807_c6,츄베릅jmt_20240807,@whatisthat123-rio,엄청 크다,2024-08-08
츄베릅jmt_20240807_c7,츄베릅jmt_20240807,@푸하하-j4l,콰트로 치즈 저는 불호라 비프 라구가 나은듯요ㅠㅠ,2024-08-07
츄베릅jmt_20240807_c8,츄베릅jmt_20240807,@봄바르디로나눔한디로,진짜 떡상하시겠네요!,2024-08-07
츄베릅jmt_20240807_c9,츄베릅jmt_20240807,@ggulggulggul2,떡상가즈아,2024-08-07
츄베릅jmt_20240807_c1,츄베릅jmt_20240807,@스타후니,뜨기전에 고정좀,2024-08-07
츄베릅jmt_20240807_c2,츄베릅jmt_20240807,@TV-bw6lb,다음에는 노란색도 해주세요~^^,2024-08-18
츄베릅jmt_20240807_c3,츄베릅jmt_20240807,@아-g4n,로즈쿼츠 세레니티 색도 가능할까요??,2024-08-18
츄베릅jmt_20240807_c4,츄베릅jmt_20240807,@주빚-i9z,떡상 가즈아❤,2024-08-17
츄베릅jmt_20240807_c5,츄베릅jmt_20240807,@hsjxsh10,본 데카포중 젤 이쁜디,2024-08-13
츄베릅jmt_20240807_c6,츄베릅jmt_20240807,@김형석-t2c,와 완전 에쁘신데 데카포까지 잘 만드시네요😮,2024-08-11
츄베릅jmt_20240807_c7,츄베릅jmt_20240807,@스톰모션초보입니다,비주얼 최강이다🩵💙,2024-08-11
츄베릅jmt_20240807_c8,츄베릅jmt_20240807,@퓨바병장-k4t,오랜만에 대카포 먹고싶다,2024-08-10
츄베릅jmt_20240807_c9,츄베릅jmt_20240807,@gameboy-er,빨강 데카포 돼나요?,2024-08-10
츄베릅jmt_20240807_c10,츄베릅jmt_20240807,@MamelNote,근데 유행 이제 많이 지났어요,2024-08-10
츄베릅jmt_20240807_c11,츄베릅jmt_20240807,@세아마일티익,나:어우 달아,2024-08-10
츄베릅jmt_20240807_c12,츄베릅jmt_20240807,@Soek_lynn,츄베릅님 외모가 더 예뻐요,2024-08-10
츄베릅jmt_20240807_c13,츄베릅jmt_20240807,@마샤가좋아지게되,이거 스피커에 입대고 들으면 목?에서 연주하는 거 가타요 ㅋㅋ,2024-08-10
츄베릅jmt_20240807_c14,츄베릅jmt_20240807,@ddd-yu5nh,제료비 얼마?,2024-08-10
츄베릅jmt_20240807_c15,츄베릅jmt_20240807,@JAEHUN-taichi,😅😊😊,2024-08-10
츄베릅jmt_20240807_c16,츄베릅jmt_20240807,@JAEHUN-taichi,아까비네가2빠네,2024-08-10
츄베릅jmt_20240807_c17,츄베릅jmt_20240807,@슬빈-k5w,"제가  본 데카포,얼굴이 제일 예뻐요 ❤",2024-08-10
츄베릅jmt_20240807_c18,츄베릅jmt_20240807,@Zjsjwk,MZ가 아니라 아이브 좋아하는 여잼들이..,2024-08-10
츄베릅jmt_20240807_c19,츄베릅jmt_20240807,@젤리빈_Jelly_Bean,해보고 싶은데...총 얼마쥐...😢,2024-08-10
츄베릅jmt_20240807_c20,츄베릅jmt_20240807,@뭔도어인뎅,뜨기 전에 하트 좀,2024-08-10
츄베릅jmt_20240807_c21,츄베릅jmt_20240807,@엔써뤂덕이,노란색 데카포 될까여??❤,2024-08-09
츄베릅jmt_20240807_c22,츄베릅jmt_20240807,@ewj3iu8j2i-y6p,그놈의 망할 데카포.. 데카포가 뭔데 10덕 ^ㅐ끼들아,2024-08-09
츄베릅jmt_20240807_c23,츄베릅jmt_20240807,@예진-q7n,이 레시피를 시도해 볼게요,2024-08-09
츄베릅jmt_20240807_c24,츄베릅jmt_20240807,@100rang98,알고리즘 무섭다..,2024-08-09
츄베릅jmt_20240807_c25,츄베릅jmt_20240807,@un_title_언타이틀,응..언니..유행 지났어..,2024-08-09
츄베릅jmt_20240807_c26,츄베릅jmt_20240807,@Samuel06392,근데 다 좋은데 노래가 너무 ㅈ같음,2024-08-09
츄베릅jmt_20240807_c27,츄베릅jmt_20240807,@Ellylove10,제가 본 데카포 중에 제일 예뻐여😮😮,2024-08-09
츄베릅jmt_20240807_c28,츄베릅jmt_20240807,@노지후-d5p,보기만해도 갈증이 해결된다😁,2024-08-09
츄베릅jmt_20240807_c29,츄베릅jmt_20240807,@녹차라떼,나도 만들고싶은데.....소다맛을 싫어하고 탄산을 안먹고...,2024-08-09
츄베릅jmt_20240807_c30,츄베릅jmt_20240807,@chu.berup_jmt,"요즘 MZ들은 데카포 만들어 먹는다며?

포션 (회복물약) + 데카이 (크다) 의미인 데카포!
구독자님께서 만들어달라 요청해주셔서 바로 해봄!🫶🏻
얼음에 파란 아이스크림 넣고,
파란 젤리나 캔디 넣고,
파란 음료수 넣으면 끝!

파란 게 진짜 회복물약 같이 생겨서
먹으면 시원달달 힘이 쏟는다🔥

도전해볼 MZ 구함?",2024-08-09
츄베릅jmt_20240807_c31,츄베릅jmt_20240807,@LUN_KR,...그래서 데카포가 뭐에요?,2024-08-09
츄베릅jmt_20240807_c32,츄베릅jmt_20240807,@xs.on0,헐헐 .ᐟ 진짜ㅏ마싯겟네요 !오늘도 재밌는 영상 보고가요🩵,2024-08-09
츄베릅jmt_20240807_c33,츄베릅jmt_20240807,@모티스엄마,비주얼 레전드(둘다),2024-08-09
츄베릅jmt_20240807_c34,츄베릅jmt_20240807,@Cye-g4e,존예❤,2024-08-09
츄베릅jmt_20240807_c35,츄베릅jmt_20240807,@삐약삐약병아리-u6g,언니  혹시 핑크색  데카포 가능할까요??(1트),2024-08-09
츄베릅jmt_20240807_c36,츄베릅jmt_20240807,@얼마나웃기게,입에서 벌써 침이 고이네ㅋㅋㅋㅋ,2024-08-09
츄베릅jmt_20240807_c37,츄베릅jmt_20240807,@d6373,근데 넘 맛잇어서 지금도 먹고잇음,2024-08-08
츄베릅jmt_20240807_c38,츄베릅jmt_20240807,@d6373,나 저거 10번 넘게 먹엇는데❤❤❤❤,2024-08-08
츄베릅jmt_20240807_c39,츄베릅jmt_20240807,@징-벌-새,그냥 시장에 가면 분식점에서 파는 파란색 슬러시잖아 ㅋㅋㅋ,2024-08-07
츄베릅jmt_20240807_c40,츄베릅jmt_20240807,@봄바르디로나눔한디로,너무 달거가타요,2024-08-07
츄베릅jmt_20240807_c41,츄베릅jmt_20240807,@ggulggulggul2,떡상가즈아,2024-08-07
츄베릅jmt_20240807_c42,츄베릅jmt_20240807,@푸하하-j4l,맛있어 보이긴 하는데... 넘 달거 같은데,2024-08-07
츄베릅jmt_20240807_c43,츄베릅jmt_20240807,@에드거의사생활,구독이 모야?,2024-08-07
츄베릅jmt_20240807_c44,츄베릅jmt_20240807,@arminiofidalgo5032,Like from brazil ❤,2024-08-07
츄베릅jmt_20240807_c45,츄베릅jmt_20240807,@구름이-k5t,❤🎉,2024-08-07
츄베릅jmt_20240807_c46,츄베릅jmt_20240807,@skQmsshaemf,누구신데 제 마음에 들어오셧죠?,2024-08-07
츄베릅jmt_20240807_c47,츄베릅jmt_20240807,@whatisthat123-rio,와,2024-08-07
츄베릅jmt_20240806_c1,츄베릅jmt_20240806,@스타후니,뜨기전에 고정좀,2024-08-06
츄베릅jmt_20240806_c2,츄베릅jmt_20240806,@크크르삥뽕-e5f,나는 나선웅,2024-08-23
츄베릅jmt_20240806_c3,츄베릅jmt_20240806,@서하안-y7f,언니 언니 얼굴 도 이쁜데 어떻게 먹방도 잘해 !!,2024-08-18
츄베릅jmt_20240806_c4,츄베릅jmt_20240806,@유이-youie,지에스 1탄 머거주새요,2024-08-06
츄베릅jmt_20240806_c5,츄베릅jmt_20240806,@나-k8i,본인 기준 편의점 젤 맛있는거 먹어주세요,2024-08-06
츄베릅jmt_20240806_c6,츄베릅jmt_20240806,@푸하하-j4l,당충전 제대로 하시네요 ㅋㅋㅋ,2024-08-06
츄베릅jmt_20240806_c7,츄베릅jmt_20240806,@ATeacher546,세븐일레븐 두바이초콜릿도 해주세요!,2024-08-06
츄베릅jmt_20240806_c8,츄베릅jmt_20240806,@봄바르디로나눔한디로,진짜해주셨네 감사함다!,2024-08-06
츄베릅jmt_20240805_c1,츄베릅jmt_20240805,@스타후니,뜨기전에 고정좀,2024-08-05
츄베릅jmt_20240805_c2,츄베릅jmt_20240805,@봄바르디로나눔한디로,"저 짠거 은근히좋아하는뎁  
 (\_/)
(  •▪︎•)
/> 💜",2024-08-05
츄베릅jmt_20240805_c3,츄베릅jmt_20240805,@nyny_nyny,이뻐서 구독함ㅋㅋ,2024-08-05
츄베릅jmt_20240805_c4,츄베릅jmt_20240805,@WJVSJACE,진짜 이쁘시네,2024-08-05
츄베릅jmt_20240805_c5,츄베릅jmt_20240805,@푸하하-j4l,맛있겠다,2024-08-05
츄베릅jmt_20240805_c6,츄베릅jmt_20240805,@dstone2131,구독하라고 해서 바로 구독 박았습니다,2024-08-05
츄베릅jmt_20240804_c1,츄베릅jmt_20240804,@스타후니,뜨기전에 고정좀,2024-08-04
츄베릅jmt_20240804_c2,츄베릅jmt_20240804,@user-kr7jekxkbr5sje,쥰나 귀엽게 생겼네,2025-07-30
츄베릅jmt_20240804_c3,츄베릅jmt_20240804,@장고-v4q,츄릅,2025-05-10
츄베릅jmt_20240804_c4,츄베릅jmt_20240804,@시흥목감금강태권도,그거 찐두바이는완전달라요,2025-01-30
츄베릅jmt_20240804_c5,츄베릅jmt_20240804,@검은냐옹이-v8v,"모래밭에 떨어진 페로로로쉐 먹는 식감이고
먹으면 먹을수롤 맛있더군요.
그제 두바이에서 사온 찐 픽스초콜렛먹어본 1인",2024-11-16
츄베릅jmt_20240804_c6,츄베릅jmt_20240804,@서지훈b9s,겁나맛없어 멀 맛잇어,2024-10-16
츄베릅jmt_20240804_c7,츄베릅jmt_20240804,@jinny._.92,헉 나는 2개 15만 6천원 주고 샀는뎅 ㅠㅠ,2024-08-17
츄베릅jmt_20240804_c8,츄베릅jmt_20240804,@유뿌,ㅠㅠ학생글은 웁니다..너무 비싸여…,2024-08-13
츄베릅jmt_20240804_c9,츄베릅jmt_20240804,@bluesanta21,이쁘다,2024-08-10
츄베릅jmt_20240804_c10,츄베릅jmt_20240804,@뚜뿌-c8h,미쳤다 우왕,2024-08-10
츄베릅jmt_20240804_c11,츄베릅jmt_20240804,@예린_15,아 부러워;;,2024-08-10
츄베릅jmt_20240804_c12,츄베릅jmt_20240804,@최지현-d9q,저 아빠 친구가 두바이 갔다와서 두바이 초콜릿 12개 줬거든요 11개는 피스타치오고 1나는 치즈케잌 맛나는 거였어요,2024-08-08
츄베릅jmt_20240804_c13,츄베릅jmt_20240804,@밀콩-esfp,마이크가 왤케 충전기 갓누,2024-08-08
츄베릅jmt_20240804_c14,츄베릅jmt_20240804,@Lovely_Heartsping,먹어보고싶당,2024-08-04
츄베릅jmt_20240804_c15,츄베릅jmt_20240804,@봄바르디로나눔한디로,드뎌 찐? 늦게와서 죄성해요 ㅠ,2024-08-04
츄베릅jmt_20240804_c16,츄베릅jmt_20240804,@ggulggulggul2,떡상갑니다,2024-08-04
츄베릅jmt_20240804_c17,츄베릅jmt_20240804,@푸하하-j4l,보기만해도 넘 달아보이네요 ㅋㅋㅋ.. 눈 휘둥그레지시는거 넘 귀여워요 ㅋㅋ,2024-08-04
츄베릅jmt_20240804_c18,츄베릅jmt_20240804,@user-jyolipong,"저도 두바이에 사는 친구가족이 있어서
이번에 한국오면서 찐두바이초콜릿을 가져온거
아닙니까??? 찐은 완전히 다르더라구요.
완전 꿀맛🐯🐯",2024-08-04
츄베릅jmt_20240803_c1,츄베릅jmt_20240803,@스타후니,뜨기전에 고정좀,2024-08-03
츄베릅jmt_20240803_c2,츄베릅jmt_20240803,@최우성-e6u,❤❤❤❤,2025-03-07
츄베릅jmt_20240803_c3,츄베릅jmt_20240803,@가빈44,비쥬얼은  좀그러네요😅  그래두한번먹어보고싶네요😋,2025-02-25
츄베릅jmt_20240803_c4,츄베릅jmt_20240803,@line29wkd,다먹었어요? 버렸어요?,2024-12-08
츄베릅jmt_20240803_c5,츄베릅jmt_20240803,@Lovely_Heartsping,아닌건 아니라고 하는 소신있는 츄베릅 개추,2024-09-17
츄베릅jmt_20240803_c6,츄베릅jmt_20240803,@세자니-2341,Cu 진짜 불쌍해 맨날 사람들이 맛없다고 욕먹어서ㅋㅋㅋ,2024-09-07
츄베릅jmt_20240803_c7,츄베릅jmt_20240803,@감자아빠-s1q,"씨유는 두바이에서 손 떼자. 
만들려면 제대로 좀 만들고",2024-08-05
츄베릅jmt_20240803_c8,츄베릅jmt_20240803,@찌르세,맛없다는거 처음아닌가?ㅋㅋㅋㅋㅋㅋㅋ,2024-08-03
츄베릅jmt_20240803_c9,츄베릅jmt_20240803,@봄바르디로나눔한디로,gs두바이 초콜릿 가능하면 리뷰해주세용!,2024-08-03
츄베릅jmt_20240803_c10,츄베릅jmt_20240803,@kidkskns,위에 올려진거 달팽이똥같다..,2024-08-03
츄베릅jmt_20240803_c11,츄베릅jmt_20240803,@봄바르디로나눔한디로,이건좀 아니네용,2024-08-03
츄베릅jmt_20240803_c12,츄베릅jmt_20240803,@푸하하-j4l,5000원은 좀 오바네요..ㅋㅋㅋ 남은 여름 잘보내세용,2024-08-03
츄베릅jmt_20240803_c13,츄베릅jmt_20240803,@user-jyolipong,그렇게 5천원은 증발했다...,2024-08-03
츄베릅jmt_20240801_c1,츄베릅jmt_20240801,@스타후니,뜨기전에 고정좀,2024-08-01
츄베릅jmt_20240801_c2,츄베릅jmt_20240801,@PGSAllPRO,로투스가 아니라 비스코프 입니다 로투스는 회사이름이에요,2025-04-03
츄베릅jmt_20240801_c3,츄베릅jmt_20240801,@만동-x5d,구독하구가요❤,2024-08-04
츄베릅jmt_20240801_c4,츄베릅jmt_20240801,@푸하하-j4l,쇼츠 볼때마다 이쁘시네여!!,2024-08-01
츄베릅jmt_20240801_c5,츄베릅jmt_20240801,@봄바르디로나눔한디로,"마약과자? ㅋㅋ 진짜맛있겧닿ㅎㅎ 이제부터
애청자될꺼얍 항상좋은 댓글 달겠슴다
알고리즘 타라!!",2024-08-01
