VIDEO_ID,TITLE,DESCRIPTION,CHANNEL_TITLE,PUBLISHED_AT,DURATION,VIEW_COUNT,LIKE_COUNT,COMMENT_COUNT,PLATFORM
이상한_과자가게__weird_sweets_shop_20250731,고딩 때 마카롱 들고..농구선수 쫓아다녔던 이야기,#쇼츠 #shorts,이상한 과자가게  weird sweets shop,2025-07-31,PT1M,1135467,21677,240,youtube
이상한_과자가게__weird_sweets_shop_20250730,밥투정 부리는 딸래미에게.. 엄마의 뒤끝?!,#장스푸드 #스텔라떡볶이 #냉떡볶이 #쇼츠 #shorts,이상한 과자가게  weird sweets shop,2025-07-30,PT58S,1192664,18696,104,youtube
이상한_과자가게__weird_sweets_shop_20250729,에버랜드에서 얼굴에 화상 입었냐구요?!,#쇼츠 #shorts #메이크업,이상한 과자가게  weird sweets shop,2025-07-29,PT52S,328055,4605,165,youtube
이상한_과자가게__weird_sweets_shop_20250728,1000만 조회수 나온 김치영상에 대한 해명(?),#쇼츠 #shorts,이상한 과자가게  weird sweets shop,2025-07-28,PT1M,1860060,27321,621,youtube
이상한_과자가게__weird_sweets_shop_20250726,폭염에 조카와 에버랜드에 가면.. 몇시간 버틸 수 있을까?,#쇼츠 #shorts #에버랜드,이상한 과자가게  weird sweets shop,2025-07-26,PT1M,2938226,40189,584,youtube
이상한_과자가게__weird_sweets_shop_20250725,유명 셰프님의 음식을 따라만들면 생기는 일?!,🍗 이건 진짜 격이 다르다… 중식여왕 정지선 셰프와 푸라닭의 만남🔥  👉 글레이즈드 코팅으로 겉바속촉 + 바삭한 향취고추&볶음 땅콩까지 밸런스 완벽  🍺 “깐맥” 부르는 맛! 치킨 한 입 → 토핑 한 입 → 맥주 각이죠?  #일품깐풍 #푸라닭 #정지선셰프,이상한 과자가게  weird sweets shop,2025-07-25,PT42S,587255,9215,148,youtube
이상한_과자가게__weird_sweets_shop_20250724,오빠가 삼배체굴을 까준다길래 믿었는데..,#쇼츠 #shorts,이상한 과자가게  weird sweets shop,2025-07-24,PT55S,1699345,29329,460,youtube
이상한_과자가게__weird_sweets_shop_20250723,유명 유튜버님이 출시한 소시지.. 첫 입 먹고 당황했네요,#쇼츠 #shorts #커리부어스트소시지 #육식맨소시지,이상한 과자가게  weird sweets shop,2025-07-23,PT53S,2500117,39933,329,youtube
이상한_과자가게__weird_sweets_shop_20250722,AI유리과일 썰기..이거 맞잖아요. 그쵸?,#쇼츠 #shorts #ai #ai과일,이상한 과자가게  weird sweets shop,2025-07-22,PT1M,4517589,66273,715,youtube
이상한_과자가게__weird_sweets_shop_20250721,국물 없으면 밥 안먹던 자취생 시절,"복날에 아무도 나를 안챙겨준다구요?! 저도요… 그래서 한촌 설렁탕 시켜먹었습니다. 여러분도 몸보신 ㄱㄱ!!!  📍이상한과자가게x한촌 집에서 편하게 배달로 즐기자 🙌 🎁 배민, 쿠팡이츠 앱에서 한촌설렁탕 쿠폰(1,000원) 받기  🎁 전국 매장은 복날 할인 행사 진행 중! ⚠ 일부 매장은 행사 제외될 수 있습니다.  #한촌설렁탕 #갈비탕 #설렁탕",이상한 과자가게  weird sweets shop,2025-07-21,PT49S,765701,8936,162,youtube
이상한_과자가게__weird_sweets_shop_20250720,유행하는 간식은 이유가 있구나…?(나도 처음 먹어봄),#쇼츠 #shorts,이상한 과자가게  weird sweets shop,2025-07-20,PT1M,1511231,25418,275,youtube
이상한_과자가게__weird_sweets_shop_20250719,갑자기 8만원짜리 쏘가리 매운탕 먹으러 가자는 남자친구,#쇼츠 #shorts,이상한 과자가게  weird sweets shop,2025-07-19,PT59S,5452787,46570,736,youtube
이상한_과자가게__weird_sweets_shop_20250718,술취한 사람 아닙니다. 메이크업 존중해주시죠,#쇼츠 #shorts #메이크업,이상한 과자가게  weird sweets shop,2025-07-18,PT55S,1456409,17045,376,youtube
이상한_과자가게__weird_sweets_shop_20250717,600만명을 경악시켰던 지난 용암먹방.. 반성했습니다.,"단골님들! 새로 출시된 갤럭시 Z 플립7 어때요~? 예쁜데 똑똑한 갤럭시 Z 플립7 덕분에 용암 먹방 성공했어요(감격) 용암 보느라 함께 후끈해졌을 단골님들을 추첨해 빙수 기프티콘을 드립니다!!  🎁 EVENT 댓글 쓰고 빙수 받아가자! ■ 이벤트기간 : 7/17(목)~7/23(수) ■ 당첨자발표 : 7/25(금) (당첨자 개별 안내) ■ 당첨선물 : 투썸플레이스 빙수 기프티콘 (20명)😋 ■ 참여방법 1) 가장 궁금한 갤럭시 Z 플립7 기능은?! ✨필수 키워드 : 플립7✨ 1️⃣ 플렉스모드 + 자동 줌 + 팜 샷 조합으로 사진 찍기 2️⃣ 스케치 변환으로 사진 꾸미기 3️⃣ 플립샷으로 나만의 화면을 띄워 재미있게 거울 셀카 찍기 4️⃣ 핸즈프리로 즐기는 제미나이 라이브 👉 댓글로 ""플립7"" 작성 후 가장 탐나는 기능 번호를 함께 남겨주세요! 2) 🔗링크트리 내 댓글 이벤트 폼 작성 후 제출하면 완료!  🎁 갤럭시 Z 플립7 & Z 폴드7 7/15(화)-7/21(월)까지 사전 예약 진행 중 🔗링크트리 확인하고 풍성한 혜택들도 챙겨가세요!  [사전 예약 주요 혜택] 1) 더블 스토리지 프로모션 (256GB 예약 시 → 512GB 업그레이드!) 2) 갤럭시 워치8 시리즈 10% 추가 할인 쿠폰 제공 (*삼성닷컴 앱) 3) 케이스 & 액세서리 30% 할인 쿠폰 5장 제공 (*삼성닷컴 앱) 4) Google AI Pro 6개월, 윌라 3개월 무료 구독권 5) 정품 보호필름 1회 무료 부착 서비스 등! *프로모션 관련 자세한 내용은 삼성닷컴을 참고해 주세요  #갤럭시AI #GalaxyAI #갤럭시z플립7 #쇼츠 #shorts",이상한 과자가게  weird sweets shop,2025-07-17,PT56S,766574,11687,319,youtube
이상한_과자가게__weird_sweets_shop_20250716,맹물 못먹는 사람들..? 우리를 구원할 아이템 등장(내돈내산),#쇼츠 #shorts,이상한 과자가게  weird sweets shop,2025-07-16,PT46S,4139895,58146,919,youtube
이상한_과자가게__weird_sweets_shop_20250715,차에서 먹었다가.. 댓글 난리난 간식 만들기,#쇼츠 #shorts,이상한 과자가게  weird sweets shop,2025-07-15,PT56S,2840085,30325,221,youtube
이상한_과자가게__weird_sweets_shop_20250713,한국인들은 기절초풍할.. 해외 유행 찹쌀떡,"오늘은 편의점 대표커피 바리스타룰스로 대왕 커피찹쌀떡을 만들어보았어요! 바리스타룰스는 이번에 리뉴얼되며 패키지도 한결 세련되지고, 아로마 리저브 테크 기술을 활용해 맛과 향도 업그레이드 되었는데요! 리뉴얼된 바리스타룰스는 15일부터 전국 편의점, 자사몰, 쿠팡에서 구매 가능하니 저처럼 집에서 간단하고 맛있게 커피찹쌀떡 만들어보세요:)  #편의점커피 #커피디저트 #바리스타룰스 #쇼츠 #shorts",이상한 과자가게  weird sweets shop,2025-07-13,PT54S,527961,6689,129,youtube
이상한_과자가게__weird_sweets_shop_20250712,내 머리가 촌스럽다는 댓글이 달렸다..!(팩트),#쇼츠 #shorts,이상한 과자가게  weird sweets shop,2025-07-12,PT32S,4049483,49379,2017,youtube
이상한_과자가게__weird_sweets_shop_20250711,"일반 쫀드기랑은 차원이 다른, 울산쫀드기 비법 대공개?!","단골님들! 더위에 맞설 카스의 역대급 신제품이 등장했습니다🆕 여름 한정판으로 새롭게 출시된 카스 아이스❄ 역대급 더위🥵를 날려버리기 위한 목안에 퍼지는 극강의 청량함 🥶 올 여름, 가까운 편의점 & 마트에서 만나볼 수 있어요!! 🏃‍♀️💨  #카스 #카스프레시아이스 #카스아이스 #쇼츠 #shorts",이상한 과자가게  weird sweets shop,2025-07-11,PT53S,431958,7626,109,youtube
이상한_과자가게__weird_sweets_shop_20250710,미친듯이 맛있는 찹쌀도너츠.. 집에서 10분만에 만드는 방법?!,#쇼츠 #shorts #찹쌀도너츠,이상한 과자가게  weird sweets shop,2025-07-10,PT59S,1751663,33196,262,youtube
이상한_과자가게__weird_sweets_shop_20250708,챗gpt가 추천한… 소등골로 설렁탕 끓이기 도전,#쇼츠 #shorts #소등골,이상한 과자가게  weird sweets shop,2025-07-08,PT53S,2535115,25711,230,youtube
이상한_과자가게__weird_sweets_shop_20250707,이 고급간식이 요즘 엄마들 사이에서 유행이라면서요?!,#쇼츠 #shorts #해각포,이상한 과자가게  weird sweets shop,2025-07-07,PT45S,1694249,21155,188,youtube
이상한_과자가게__weird_sweets_shop_20250706,갑자기 나한테 철판깍두기 아이스크림을 만들어달라고??,#쇼츠 #shorts,이상한 과자가게  weird sweets shop,2025-07-06,PT53S,1671099,20392,299,youtube
이상한_과자가게__weird_sweets_shop_20250705,이제는 인간이 AI 용암먹방을 따라하는 시대가 왔구나,#shorts #쇼츠,이상한 과자가게  weird sweets shop,2025-07-05,PT1M,6834002,81113,1030,youtube
이상한_과자가게__weird_sweets_shop_20250704,요즘은 철판으로 깍두기 아이스크림을 만들어먹는게 유행이라길래?!,#쇼츠 #shorts #철판아이스크림,이상한 과자가게  weird sweets shop,2025-07-04,PT1M,4355940,60964,391,youtube
이상한_과자가게__weird_sweets_shop_20250703,놀러가서 2분안에 ‘레전드 치즈밥’ 해먹는 방법,#쇼츠 #shorts #치즈밥,이상한 과자가게  weird sweets shop,2025-07-03,PT59S,1493596,22595,139,youtube
이상한_과자가게__weird_sweets_shop_20250702,옥수수와 싱크로율 100% 모양의 초콜릿 만드는 법?!,#쇼츠 #shorts,이상한 과자가게  weird sweets shop,2025-07-02,PT58S,2290479,44717,808,youtube
이상한_과자가게__weird_sweets_shop_20250630,주먹만한 버블이 10개 들어간 버블티?!,"단골님들! 칠성에서 투명한 오렌지 사이다가 출시됐어요! 오렌지 과즙 함유로, 상큼한 맛과 향이 여름 탄산음료로 딱이랍니다🍊 청량한 탄산과 함께 시원한 하루 보내세요!  #칠성사이다 #칠성사이다제로오렌지 #롯데칠성 #쇼츠 #shorts",이상한 과자가게  weird sweets shop,2025-06-30,PT58S,492541,6686,107,youtube
이상한_과자가게__weird_sweets_shop_20250629,대창 실패한 영상의 댓글대로.. 다시 굽기에 도전했더니?!,#쇼츠 #shorts,이상한 과자가게  weird sweets shop,2025-06-29,PT55S,4091340,39178,213,youtube
이상한_과자가게__weird_sweets_shop_20250628,야식으로 버터 200g은 거뜬히 먹을정도로.. 맛있는 버터?!,#쇼츠 #shorts,이상한 과자가게  weird sweets shop,2025-06-28,PT58S,1676558,24996,250,youtube
이상한_과자가게__weird_sweets_shop_20250627,베트남 가서 100번은 사먹은 간식을.. 한국에서?!,#쇼츠 #shorts,이상한 과자가게  weird sweets shop,2025-06-27,PT1M,2271645,25831,186,youtube
이상한_과자가게__weird_sweets_shop_20250626,슈블리 찰떡 27차 구매에 실패해서.. 직접 만듦ㅠ,#쇼츠 #shorts,이상한 과자가게  weird sweets shop,2025-06-26,PT57S,2640697,41232,275,youtube
이상한_과자가게__weird_sweets_shop_20250625,"서울 사람들은 모르고, 울산 사람들만 아는 라면",#쇼츠 #shorts,이상한 과자가게  weird sweets shop,2025-06-25,PT1M,1920729,24581,593,youtube
이상한_과자가게__weird_sweets_shop_20250624,해외 먹방에 나오 수상한 그 음식.. 어렵게 구해서 먹었습니다.,#쇼츠 #shorts,이상한 과자가게  weird sweets shop,2025-06-24,PT51S,2749549,28924,175,youtube
이상한_과자가게__weird_sweets_shop_20250623,요즘 생버터 씹어먹는게 유행이라고요?! 대체 왜!,#쇼츠 #shorts,이상한 과자가게  weird sweets shop,2025-06-23,PT41S,1843867,28429,198,youtube
이상한_과자가게__weird_sweets_shop_20250622,강릉까지 가서 콜팝 300개 만들고 온 이유?!,#쇼츠 #shorts,이상한 과자가게  weird sweets shop,2025-06-22,PT59S,1035753,18504,123,youtube
이상한_과자가게__weird_sweets_shop_20250621,울산쫀드기에 30만원 쓴 이유,#쇼츠 #shorts #울산 #울산쫀드기,이상한 과자가게  weird sweets shop,2025-06-21,PT59S,2265801,26147,700,youtube
이상한_과자가게__weird_sweets_shop_20250619,허무하게 무너져내린 ‘대왕 왁스캔디’의 꿈,#쇼츠 #shorts #왁스캔디,이상한 과자가게  weird sweets shop,2025-06-19,PT36S,3320369,34255,183,youtube
이상한_과자가게__weird_sweets_shop_20250617,이것만 있으면..초딩도 동네빵집 퀄리티로 만들 수 있을걸요?,#쇼츠 #shorts,이상한 과자가게  weird sweets shop,2025-06-17,PT1M,2009684,33364,352,youtube
이상한_과자가게__weird_sweets_shop_20250616,먹방에 나오는 소등골.. 과연 무슨 맛일까?,#쇼츠 #shorts #먹방,이상한 과자가게  weird sweets shop,2025-06-16,PT57S,1349177,19476,318,youtube
이상한_과자가게__weird_sweets_shop_20250615,최근 유행했던 SNS디저트를 다 먹으면 혈당이?,식후 혈당 상승 억제에 도움을 줄 수 있다고 알려진 바나바잎 추출물이 들어있는 기능성 물! 저희 집 냉장고엔 항상 가득 채워둬요 :)  심의 번호: 2509F035  #바나바잎 #식후혈당 #몸에좋은물 #쇼츠 #shorts,이상한 과자가게  weird sweets shop,2025-06-15,PT41S,678242,8069,130,youtube
이상한_과자가게__weird_sweets_shop_20250612,흑발..별로죠..?,#쇼츠 #shorts #유튜브팬페스트,이상한 과자가게  weird sweets shop,2025-06-12,PT40S,1122326,14121,2590,youtube
이상한_과자가게__weird_sweets_shop_20250611,내가 요리사 대회에서 떨어지다니,"#농심  #짜파게티 #짜파게티요리사대회  오늘은 짜파게티 요리사 대회에서 당당히 우승을 차지한!!!! 감바스 짜파게티를 만들어 보았습니다👨‍🍳❤️  [재료] 짜파게티, 새우, 마늘, 올리브오일, 후추, 페퍼론치노  [감바스 짜파게티 레시피]  끓는 물에 짜파게티 면을 넣어주세요. 짜파게티 면을 익히는 동안, 팬에 올리브오일을 두르고 데워주세요 (짜파게티 올리브조미유도 함께 넣어주세요!) 3. 준비된 새우와 마늘, 후추도 넣어 익혀주세요 4. 페퍼론치노를 넣어주세요 5. 4분 익힌 짜파게티 면을 물기를 빼고 팬에 함께 넣어주세요 6. 짜파게티 스프 1개를 넣고, 가볍게 볶아주면 완성!!  농심 인스타그램 통해 부문별 우승작과 레시피 확인 후 여러분도 만들어 드셔 보세요!!",이상한 과자가게  weird sweets shop,2025-06-11,PT48S,620202,9133,88,youtube
이상한_과자가게__weird_sweets_shop_20250610,잠봉뵈르 사먹다가 열받아서.. 결국 햄부터 직접 만듦,#쇼츠 #shorts #잠봉뵈르,이상한 과자가게  weird sweets shop,2025-06-10,PT1M,2416418,30906,253,youtube
이상한_과자가게__weird_sweets_shop_20250608,초딩도 20분이면 만들 수 있는 초고급 타르트,#쇼츠 #shorts #타르트 #에그타르트,이상한 과자가게  weird sweets shop,2025-06-08,PT1M,2925831,55269,289,youtube
이상한_과자가게__weird_sweets_shop_20250607,너 이거 먹으면 나랑 사귀는거다?,#포커스틱 #시험기간 #누트로픽 #쇼츠 #shorts,이상한 과자가게  weird sweets shop,2025-06-07,PT54S,1068158,13596,110,youtube
이상한_과자가게__weird_sweets_shop_20250606,요즘 음식 유행하면 따라하는거 진짜 이해가 안ㄷ,#쇼츠 #shorts,이상한 과자가게  weird sweets shop,2025-06-06,PT51S,1287117,18574,541,youtube
이상한_과자가게__weird_sweets_shop_20250604,세상의 1%만 먹을 수 있는 사탕,#쇼츠 #shorts,이상한 과자가게  weird sweets shop,2025-06-04,PT1M,804679,10980,262,youtube
이상한_과자가게__weird_sweets_shop_20250603,"한국에 컵떡볶이가 있다면, 베트남엔 이 음식이 있다?",#쇼츠 #shorts #베트남 #반짱쫀,이상한 과자가게  weird sweets shop,2025-06-03,PT59S,3506202,35697,370,youtube
이상한_과자가게__weird_sweets_shop_20250602,천안 호두과자는 긴장해야할껄?,#쇼츠 #shorts,이상한 과자가게  weird sweets shop,2025-06-02,PT57S,1514637,16591,226,youtube
이상한_과자가게__weird_sweets_shop_20250601,아니 치킨맛을 어떻게 표현해야하냐구요?!!,오늘 영상에서 '쯔란'이라는 단어는 몇 번 나왔을까요? 정답을 맞춰주신 30분께 쯔란윙봉 쿠폰을 선물해 드립니다!  [이상한 과자가게x60계치킨 쯔란윙봉 이벤트] ■ 참여기간 : 6/1(일)~6/8(일) ■ 당첨자발표 : 6/10(화) ■ 당첨선물 : 60계치킨 쯔란윙봉 쿠폰 (30명) ■ 참여방법 1. 오늘 영상에서 '쯔란'이라는 단어는 몇 번 나왔을까요? 댓글로 정답을 남겨주세요! 2. 프로필의 링크트리에 쯔란윙봉 이벤트 응모폼 작성 후 제출하면 완료!  #60계 #쯔란윙봉 #신메뉴 #쇼츠 #shorts,이상한 과자가게  weird sweets shop,2025-06-01,PT47S,1320162,17875,11199,youtube
이상한_과자가게__weird_sweets_shop_20250531,해외 핫걸들에게 유행중인 요거트 영상을 보고 그만…,#쇼츠 #shorts #그릭요거트 #코코넛그릭요거트 #코코넛컬트,이상한 과자가게  weird sweets shop,2025-05-31,PT58S,2648284,42730,287,youtube
이상한_과자가게__weird_sweets_shop_20250529,한국에선 비싸서 못샀던 베트남 왁스캔디를 발견했다!,#쇼츠 #shorts #왁스캔디,이상한 과자가게  weird sweets shop,2025-05-29,PT49S,8786381,78537,541,youtube
이상한_과자가게__weird_sweets_shop_20250528,AI가 추천해준 의외의 음식조합 찾기 #Good_Thing #제작비지원,'YouTube Shorts’ 로부터 제작비를 지원받은 영상입니다.  여러분도 Good Thing 조합 찾기 도전!?,이상한 과자가게  weird sweets shop,2025-05-28,PT20S,3314942,33587,340,youtube
이상한_과자가게__weird_sweets_shop_20250527,통대창 먹방? 이게 현실입니다. (비하인드),#쇼츠 #shorts #통대창,이상한 과자가게  weird sweets shop,2025-05-27,PT59S,2550874,28576,372,youtube
이상한_과자가게__weird_sweets_shop_20250526,‘대왕 메론킥’ 만드는 비법 대공개,#쇼츠 #shorts #메론킥,이상한 과자가게  weird sweets shop,2025-05-26,PT55S,1220209,17584,332,youtube
이상한_과자가게__weird_sweets_shop_20250525,통대창 굽다가.. 주방 날아갈 뻔 함,#쇼츠 #shorts #통대창,이상한 과자가게  weird sweets shop,2025-05-25,PT56S,2643991,23664,265,youtube
이상한_과자가게__weird_sweets_shop_20250524,틱톡에서 유행하는 닭발을 베트남에서 우연히 발견했다..!!,#쇼츠 #shorts,이상한 과자가게  weird sweets shop,2025-05-24,PT57S,1295707,14887,106,youtube
이상한_과자가게__weird_sweets_shop_20250522,남친 어머니표 김치의 대반전,#쇼츠 #shorts,이상한 과자가게  weird sweets shop,2025-05-22,PT50S,10589379,161600,1680,youtube
이상한_과자가게__weird_sweets_shop_20250521,롯데월드에 있는 수상한 창문을 확인하기 위해 45만원을 태웠다.,#쇼츠 #shorts,이상한 과자가게  weird sweets shop,2025-05-21,PT1M,12303807,134492,777,youtube
이상한_과자가게__weird_sweets_shop_20250520,초등학생도 15분이면 만드는 에그타르트,#쇼츠 #shorts #디저트 #홈베이킹,이상한 과자가게  weird sweets shop,2025-05-20,PT54S,4092584,61181,685,youtube
이상한_과자가게__weird_sweets_shop_20250519,밥 안 먹는데 6kg 찐 이유 #I_Feel_Good #제작비지원,'YouTube Shorts’ 로부터 제작비를 지원받은 영상입니다.  여러분도 I Feel Good 챌린지 도전!?,이상한 과자가게  weird sweets shop,2025-05-19,PT18S,634054,6795,97,youtube
이상한_과자가게__weird_sweets_shop_20250518,맨날 이상한 가방만 들고다니길래.. 엄마 가방 바꿔주기 대작전,#쇼츠 #shorts,이상한 과자가게  weird sweets shop,2025-05-18,PT58S,4086414,49468,445,youtube
이상한_과자가게__weird_sweets_shop_20250517,"의외로 한국인들은 잘 모르는, 미국의 완전 유명한 젤리!!",#쇼츠 #shorts #젤리 #사워패치키즈 #sourpatchkids,이상한 과자가게  weird sweets shop,2025-05-17,PT58S,718989,16931,237,youtube
이상한_과자가게__weird_sweets_shop_20250516,요즘 MZ식 육회 (꼭 먹어봐야 함),#쇼츠 #shorts #육회 #칼빔면 #불닭 #육회칼빔면,이상한 과자가게  weird sweets shop,2025-05-16,PT52S,1164963,31253,250,youtube
이상한_과자가게__weird_sweets_shop_20250514,1시간 끓인 간장게장 vs 10초 간장게장.. 누가 이길까?,#쇼츠 #shorts #간장게장,이상한 과자가게  weird sweets shop,2025-05-14,PT1M,4639358,63028,236,youtube
이상한_과자가게__weird_sweets_shop_20250513,500원짜리 카스타드를 고급 디저트로 연금술하기,#쇼츠 #shorts #카스타드  #메론스프레드,이상한 과자가게  weird sweets shop,2025-05-13,PT1M,4843656,59500,340,youtube
이상한_과자가게__weird_sweets_shop_20250512,"마녀가 아이를 유혹할 때 썼던 그 젤리, 실물로 먹어봄",#쇼츠 #shorts #터키쉬딜라이트,이상한 과자가게  weird sweets shop,2025-05-12,PT58S,1407439,23863,352,youtube
이상한_과자가게__weird_sweets_shop_20250511,"고급 레스토랑에 갔는데, 후배들이 초특급 대우를 해준다면?",#쇼츠 #shorts,이상한 과자가게  weird sweets shop,2025-05-11,PT57S,4943415,68772,482,youtube
이상한_과자가게__weird_sweets_shop_20250510,제주도에선 비계를 이렇게 먹는다고? 뭐랭하맨님이 알려준 먹팁,#쇼츠 #shorts,이상한 과자가게  weird sweets shop,2025-05-10,PT1M,4161748,54788,247,youtube
이상한_과자가게__weird_sweets_shop_20250508,콩나물 국밥 키우기,#쇼츠 #shorts,이상한 과자가게  weird sweets shop,2025-05-08,PT58S,1049659,13266,186,youtube
이상한_과자가게__weird_sweets_shop_20250506,마라탕에 유부만 100장 넣어서 먹기 도전!,설탕 첨가 없이 '우리가 알던' 바나나맛우유 풍미 그대로 맛있는 바나나맛우유 무가당! 여러분도 꼭 드셔보세요!!   #빙그레 #바나나맛우유무가당 #쇼츠 #shorts,이상한 과자가게  weird sweets shop,2025-05-06,PT48S,2970342,53169,371,youtube
이상한_과자가게__weird_sweets_shop_20250505,요즘 애들 최애캐릭터로 쿠키 만들다가 멘붕옴..,#쇼츠 #shorts,이상한 과자가게  weird sweets shop,2025-05-05,PT53S,4488941,63340,1344,youtube
이상한_과자가게__weird_sweets_shop_20250504,갑자기 쫀득쿠키 들고 제주도로 날아간 이유 @뭐랭하맨,#쇼츠 #shorts,이상한 과자가게  weird sweets shop,2025-05-04,PT59S,3860172,64337,378,youtube
이상한_과자가게__weird_sweets_shop_20250503,한밤중에 급하게 20인분짜리 대왕쫀득쿠키를 만든 이유,#쇼츠 #shorts,이상한 과자가게  weird sweets shop,2025-05-03,PT49S,2252803,26776,246,youtube
이상한_과자가게__weird_sweets_shop_20250502,기절초풍하게 맛있는 이사장표 ‘오이샐러드’,#쇼츠 #shorts,이상한 과자가게  weird sweets shop,2025-05-02,PT58S,1350795,19607,160,youtube
이상한_과자가게__weird_sweets_shop_20250501,90년대생은 무조건 공감하는 요구르트 먹는 방법,"🎉 배민/쿠팡이츠 브랜드관 입점 기념 🎉 💸 3,000원 할인 쿠폰 뿌리고 있어요! 🔍 배민/쿠팡이츠에서 '달롱도르' 검색하고 받아가세요!  ✨ 달롱도르 요거트 아이스크림 ✨ 새콤달콤 요구르트맛 아이스크림과 꾸덕한 그릭요거트까지! 요구르트맛 아이스크림 & 그릭 요거트 신메뉴 출시!  #달롱도르 #요거트아이스크림 #그릭요거트 #쇼츠 #shorts",이상한 과자가게  weird sweets shop,2025-05-01,PT57S,578151,9165,287,youtube
이상한_과자가게__weird_sweets_shop_20250430,왁스캔디를 씹는데 왜 이런소리가 나죠??,#shorts #쇼츠,이상한 과자가게  weird sweets shop,2025-04-30,PT53S,3235301,46086,215,youtube
이상한_과자가게__weird_sweets_shop_20250429,이 가루만 넣으면.. 학교앞에서 먹던 추억의 컵떡볶이 맛 남(광고x),#쇼츠 #shorts,이상한 과자가게  weird sweets shop,2025-04-29,PT58S,2149260,29691,190,youtube
이상한_과자가게__weird_sweets_shop_20250428,딸기철 지나기 전에.. ‘딸기생크림국’ 꼭 먹기,#쇼츠 #shorts,이상한 과자가게  weird sweets shop,2025-04-28,PT54S,2133907,39398,223,youtube
이상한_과자가게__weird_sweets_shop_20250427,빈혈인 줄 알고 생고기 퍼먹었는데..알고보니?ㅠ,#shorts #쇼츠 #육회 #육회만들기,이상한 과자가게  weird sweets shop,2025-04-27,PT41S,5026774,63105,474,youtube
이상한_과자가게__weird_sweets_shop_20250426,두바이까지 가서 직접 사온 간식을 그만…,#쇼츠 #shorts,이상한 과자가게  weird sweets shop,2025-04-26,PT57S,856953,10970,198,youtube
이상한_과자가게__weird_sweets_shop_20250425,대왕 쫀득쿠키가 아니라 아이스크림이라고???,"저번에 푸딩을 얼려서 여기에 돌렸다가 너무 깜짝 놀라서 뒤로 넘어가는 줄 알았던 닌자 크리미 아이스 디저트 메이커!! 대왕 쫀득 쿠키 아이스크림도 성공적!!  [레시피] 1. 마시멜로200g을 팬에 넣고 녹이다가 우유 300g, 생크림 500g, 설탕 30g, 마시멜로 스프레드 50g을 넣고 끓이며 잘 풀어준다. 2. 다 녹은 액체를 샤크닌자 통에 넣고 하룻밤 꽝꽝 얼린다. 3. 동결건조 딸기와 오레오, 초콜릿을 적당한 사이즈로 잘라서 네모난 용기 벽면에 물엿을 이용해 붙여준다. 4. 얼린 액체를 닌자 크리미를 사용하여 아이스크림으로 만든 후 용기에 붓고 동결건조 딸기, 오레오, 초콜릿 등의 재료를 뿌리는 과정을 반복하며 통을 채운다  아이스크림 뿐만 아니라 소르베, 젤라토, 밀크쉐이크 등 7가지 모드가 있어 다양한 스타일의 디저트 가능!  내가 좋아하는 맛 그대로 아이스 디저트를 만들 수 있고, 원하는 재료를 다양하게 조합하여 맞춤형 디저트를 만들어 볼 수 있어서 굿! 조작이 간편해서 누구나 쉽게 사용 가능해요~  #닌자크리미 #아이스디저트메이커 #아이스크림기계 #쇼츠 #shorts",이상한 과자가게  weird sweets shop,2025-04-25,PT1M,3335028,55871,448,youtube
이상한_과자가게__weird_sweets_shop_20250424,샵 또 실패해서… 팬싸 당일 셀프로 메이크업 해버림,#쇼츠 #shorts #메이크업,이상한 과자가게  weird sweets shop,2025-04-24,PT1M,1542056,19952,281,youtube
이상한_과자가게__weird_sweets_shop_20250423,미국인들이 열광한다는 파란색깔 ‘찐따젤리’???,#쇼츠 #shorts,이상한 과자가게  weird sweets shop,2025-04-23,PT58S,1409834,22240,235,youtube
이상한_과자가게__weird_sweets_shop_20250422,밥솥에 양념치킨 넣고 취사했더니..레전드가 나왔다,#쇼츠 #shorts,이상한 과자가게  weird sweets shop,2025-04-22,PT52S,4732116,56293,541,youtube
이상한_과자가게__weird_sweets_shop_20250420,치킨집 사장님이랑 친하게 지내야 하는 이유,#쇼츠 #shorts,이상한 과자가게  weird sweets shop,2025-04-20,PT57S,3097898,43544,634,youtube
이상한_과자가게__weird_sweets_shop_20250418,"싸인회 D-1, 급하게 클린식 들어간다",#쇼츠 #shorts,이상한 과자가게  weird sweets shop,2025-04-18,PT54S,989473,16254,138,youtube
이상한_과자가게__weird_sweets_shop_20250417,시험기간에 음료수로 경쟁자 멘탈 터는 법,"맥도날드에 아이스티 등장! 세계 3대 홍차, 우바산 홍차와 과일이 만났다! - 우바산 홍차 베이스로 향긋하게 즐기는 ‘피치 아이스티’ - 피치 아이스티에 리얼 망고 퓨레를 더해 더욱 달콤한 ‘망고 피치 아이스티’  #맥도날드 #아이스티 #망고피치아이스티 #쇼츠 #shorts",이상한 과자가게  weird sweets shop,2025-04-17,PT59S,2626787,38641,234,youtube
이상한_과자가게__weird_sweets_shop_20250416,만두를 전자레인지에 돌려본 사람은 공감함,#쇼츠 #shorts,이상한 과자가게  weird sweets shop,2025-04-16,PT50S,1158865,15365,280,youtube
이상한_과자가게__weird_sweets_shop_20250415,투명한 실처럼 생긴 이게.. 생선이라고?!,#쇼츠 #shorts,이상한 과자가게  weird sweets shop,2025-04-15,PT1M,3437497,56079,800,youtube
이상한_과자가게__weird_sweets_shop_20250414,나 자취생 땐..김치찜 비싸서 못 사 먹었다,#쇼츠 #shorts #김치찜 #자취요리,이상한 과자가게  weird sweets shop,2025-04-14,PT53S,2324167,38605,151,youtube
이상한_과자가게__weird_sweets_shop_20250413,아무도 예상하지 못한 설탕시럽의 재활용,#쇼츠 #shorts,이상한 과자가게  weird sweets shop,2025-04-13,PT1M,4018569,49674,465,youtube
이상한_과자가게__weird_sweets_shop_20250412,실수로 만든 젤리가 미국 국민 간식이 됐다고!?,#쇼츠 #shorts,이상한 과자가게  weird sweets shop,2025-04-12,PT59S,1670542,33113,548,youtube
이상한_과자가게__weird_sweets_shop_20250411,마라탕 잘먹는 사람을 여자친구로 하겠다고?,"BBQ앱에서 4/1~4/30일 동안 '맵파민 페스티벌' 진행중🍗🔥 매운치킨 도전하고, 랜덤 치즈볼도 먹어보자!!  1단계: 맵소디 - 랜덤 치즈볼 2알 2단계: 땡쇼크 - 랜덤 치즈볼 3알 3단계: 매운 양념 치킨 - 랜덤 치즈볼 5알 4단계: 마라핫 1~3단계 - 랜덤 치즈볼 10알  #BBQ #마라 #치킨 #쇼츠 #shorts",이상한 과자가게  weird sweets shop,2025-04-11,PT53S,1592370,21053,189,youtube
이상한_과자가게__weird_sweets_shop_20250410,캔디 만들고 남은 시럽.. 내가 그냥 버릴리가 없지,#쇼츠 #shorts,이상한 과자가게  weird sweets shop,2025-04-10,PT55S,2554129,30868,357,youtube
이상한_과자가게__weird_sweets_shop_20250409,어린시절 식탐이 강해서 생겼던 일,#쇼츠 #shorts,이상한 과자가게  weird sweets shop,2025-04-09,PT52S,3999938,66333,1155,youtube
이상한_과자가게__weird_sweets_shop_20250408,"2kg짜리 대왕푸딩 만든 후, 뒷처리방법",#쇼츠 #shorts #대왕푸딩,이상한 과자가게  weird sweets shop,2025-04-08,PT57S,3376927,61579,326,youtube
이상한_과자가게__weird_sweets_shop_20250407,"무려 72시간 걸린,촉촉 쫀득 ‘통파인애플 캔디’",#쇼츠 #shorts,이상한 과자가게  weird sweets shop,2025-04-07,PT1M,1690342,21142,248,youtube
이상한_과자가게__weird_sweets_shop_20250406,"요즘 애들은 모르는, 아이스크림 꼬다리의 비밀?",#쇼츠 #shorts #코스트코간식 #코스트코추천템 #하겐다즈,이상한 과자가게  weird sweets shop,2025-04-06,PT57S,1693224,28031,405,youtube
이상한_과자가게__weird_sweets_shop_20250404,왁스캔디 씹고 뱉은 거.. 나만 아까워?,#쇼츠 #shorts,이상한 과자가게  weird sweets shop,2025-04-04,PT57S,10560882,117743,1185,youtube
이상한_과자가게__weird_sweets_shop_20250403,"한국인 입맛엔 별로일 줄 알았는데, 먹고 너무 놀람",#쇼츠 #shorts #연어,이상한 과자가게  weird sweets shop,2025-04-03,PT1M,6490017,144635,597,youtube
이상한_과자가게__weird_sweets_shop_20250402,그냥 물인 줄 알았는데..필리핀에서 난리 난 ‘매직워터’ 정체,#쇼츠 #shorts #magicwater #philippines,이상한 과자가게  weird sweets shop,2025-04-02,PT55S,6553077,75818,463,youtube
이상한_과자가게__weird_sweets_shop_20250401,구독자님이 요청하신 ‘야매피자‘ 만들기,#쇼츠 #shorts,이상한 과자가게  weird sweets shop,2025-04-01,PT59S,1575594,23564,184,youtube
이상한_과자가게__weird_sweets_shop_20250327,엄마가 ‘밥통카스테라‘ 만들고 실망한 이유,#쇼츠 #shorts #카스테라,이상한 과자가게  weird sweets shop,2025-03-27,PT1M,2618526,48960,321,youtube
이상한_과자가게__weird_sweets_shop_20250326,엄마의 레전드 밥솥 요리,#쇼츠 #shorts,이상한 과자가게  weird sweets shop,2025-03-26,PT1M,1068556,23367,128,youtube
이상한_과자가게__weird_sweets_shop_20250324,"어린시절, 요리를 한다고 했을 때 들었던 말들",#쇼츠 #shorts,이상한 과자가게  weird sweets shop,2025-03-24,PT57S,1677229,45151,957,youtube
이상한_과자가게__weird_sweets_shop_20250323,돈주고 산 옷 맞아요(테무깡),#쇼츠 #shorts #테무깡,이상한 과자가게  weird sweets shop,2025-03-23,PT1M,909831,16097,260,youtube
이상한_과자가게__weird_sweets_shop_20250322,"상체만 있는 유튜버의 ,상의 20만원어치 테무깡",#쇼츠 #shorts #테무깡,이상한 과자가게  weird sweets shop,2025-03-22,PT57S,2834334,45891,642,youtube
이상한_과자가게__weird_sweets_shop_20250321,"잠깐 역겨운것만 참으면, 미친듯이 맛있는 간식",#쇼츠 #shorts #홍어애,이상한 과자가게  weird sweets shop,2025-03-21,PT56S,10469067,117608,1668,youtube
이상한_과자가게__weird_sweets_shop_20250319,"3000원짜리 장어로, 남자친구에게 장어덮밥을 만들어줬다.",#쇼츠 #shorts,이상한 과자가게  weird sweets shop,2025-03-19,PT58S,1806514,40387,457,youtube
이상한_과자가게__weird_sweets_shop_20250318,100번을 저어먹는 아이스크림?,저번에 모두를 충격에 빠뜨렸던 ‘낫또 아이스크림’ 만들기에 이어 낫또 없이 젤라또 만들기 도전!!!!!  #젤라또 #파베크림콘 #라라스윗  #쇼츠 #shorts,이상한 과자가게  weird sweets shop,2025-03-18,PT43S,943617,23697,1541,youtube
이상한_과자가게__weird_sweets_shop_20250317,"시골 촌뜨기 시절, 저게 피자인 줄 알고 먹었죠",#쇼츠 #shorts,이상한 과자가게  weird sweets shop,2025-03-17,PT1M,3449478,99775,1115,youtube
이상한_과자가게__weird_sweets_shop_20250316,한 입에 우적우적 씹어먹을 수 있는 이유,#쇼츠 #shorts,이상한 과자가게  weird sweets shop,2025-03-16,PT54S,2364013,52606,317,youtube
이상한_과자가게__weird_sweets_shop_20250313,"추성훈 스테이크 안먹어봤지만, 맛이 똑같아요!",#쇼츠 #shorts #추성훈스테이크,이상한 과자가게  weird sweets shop,2025-03-13,PT1M,1444875,29268,222,youtube
이상한_과자가게__weird_sweets_shop_20250311,2년전 실패했던 대왕푸딩의 복수,#쇼츠 #shorts #푸딩 #대왕푸딩,이상한 과자가게  weird sweets shop,2025-03-11,PT1M1S,3185945,77658,887,youtube
이상한_과자가게__weird_sweets_shop_20250310,해외에서 유행중인 양파칩? 과연 맛있을까,#쇼츠 #shorts,이상한 과자가게  weird sweets shop,2025-03-10,PT44S,944138,21322,163,youtube
이상한_과자가게__weird_sweets_shop_20250308,요즘 어른들이 편의점에서 마이쮸로 노는 법???,#쇼츠 #shorts,이상한 과자가게  weird sweets shop,2025-03-08,PT48S,1489187,28503,167,youtube
이상한_과자가게__weird_sweets_shop_20250307,실제와 똑같은 ‘먹는 크록스‘ 만들기,화이트데이가 코앞! 이번 주말엔 크록스 모양 간식을 만들고 이벤트 참여해 보세요! 일단 참여만 하면 우기기 가능! 🤫 💗‘크록스 간식 만들기 대회’ 참여 방법💗 1. 크록스 슈즈 or 지비츠™ 참 모양의 간식을 만든다 2. 필수 해시태그와 @crocskorea 태그하고 인스타그램 피드 or 스토리에 업로드하면 끝! 📸 3. 필수 해시태그 : #크록스 #크록스간식 📌참여 기간: 3/7 - 3/16 📌 이벤트 경품: 버터팬트리(@thebutterptry) 크록스 버터+크록스 슈즈 1족 + 지비츠™ 참 (총 5명)  #쇼츠 #shorts,이상한 과자가게  weird sweets shop,2025-03-07,PT43S,715572,15829,492,youtube
이상한_과자가게__weird_sweets_shop_20250305,돈 많이 쓴것 같이 생긴 요리,#쇼츠 #shorts,이상한 과자가게  weird sweets shop,2025-03-05,PT1M,3242992,80339,318,youtube
이상한_과자가게__weird_sweets_shop_20250304,"인스타에서 많이 파는, 슈블리찰떡 99% 똑같이 따라만들기",#쇼츠 #shorts,이상한 과자가게  weird sweets shop,2025-03-04,PT1M,5649654,111101,490,youtube
이상한_과자가게__weird_sweets_shop_20250303,치즈밥때문에..남친 20년 단골분식집에 끌려 갔다옴,#쇼츠 #shorts,이상한 과자가게  weird sweets shop,2025-03-03,PT59S,3371844,87346,763,youtube
이상한_과자가게__weird_sweets_shop_20250302,스파게티를 한가닥씩 200번 먹으면 생기는 일,#쇼츠 #shorts,이상한 과자가게  weird sweets shop,2025-03-02,PT59S,1706371,40280,405,youtube
이상한_과자가게__weird_sweets_shop_20250228,중딩때 피자스쿨가면 꼭 500원 주고 추가했던 것,#쇼츠 #shorts,이상한 과자가게  weird sweets shop,2025-02-28,PT52S,704472,20747,301,youtube
이상한_과자가게__weird_sweets_shop_20250227,그시절 5000원으로 사먹을 수 있었던 전설의 피자,#쇼츠 #shorts,이상한 과자가게  weird sweets shop,2025-02-27,PT41S,2074490,55261,827,youtube
이상한_과자가게__weird_sweets_shop_20250226,"아이스크림에 이걸 섞으면, 30초만에 젤라또로 변신한다고?",#쇼츠 #shorts #젤라또 #낫또,이상한 과자가게  weird sweets shop,2025-02-26,PT56S,735189,21769,300,youtube
이상한_과자가게__weird_sweets_shop_20250225,"간식먹고 남은 용기로, 미니어처 요리 만들기 도전!",#끼리 #끼리크림치즈 #크림치즈 #마이끼리타임 #딥앤크런치 #쇼츠 #shorts,이상한 과자가게  weird sweets shop,2025-02-25,PT1M,1001330,22456,183,youtube
이상한_과자가게__weird_sweets_shop_20250224,내가 밥버거를 팔아서 30억을 벌 수 있었던 이유ㅋㅋㅋㅋㅋ,#쇼츠 #shorts,이상한 과자가게  weird sweets shop,2025-02-24,PT1M,1451849,32858,516,youtube
이상한_과자가게__weird_sweets_shop_20250223,"수상하게 생긴 이게, 전세계에서 즐겨먹는 간식이라고??",#쇼츠 #shorts,이상한 과자가게  weird sweets shop,2025-02-23,PT52S,1886635,26159,572,youtube
이상한_과자가게__weird_sweets_shop_20250221,틱톡에서 많이 보이길래 해먹었는데.. 진짜 레전드를 발견했다!!!!!!!!!!,#쇼츠 #short,이상한 과자가게  weird sweets shop,2025-02-21,PT59S,5666673,150576,927,youtube
이상한_과자가게__weird_sweets_shop_20250220,"2025년, 다시 먹태깡을 찾으러 뛰어다녀야 하는 이유",2월 17일 먹태깡 신제품 출시! 전투 태세 돌입 완료! 🔥먹태깡 청양마요맛 VS 먹태깡 고추장마요맛?🔥  달큰 짭쪼롬한 맛에 청양 고추가 탁! 치고 나오는 청양마요맛! 강렬한 맛의 고추장에 마요네즈가 부드럽게 감싸주는 고추장마요맛!  여러분들은 어떤 게 더 취향저격이신가요?  #농심 #먹태깡 #먹태깡청양마요맛 #먹태깡고추장마요맛 #쇼츠 #shorts,이상한 과자가게  weird sweets shop,2025-02-20,PT45S,453528,10511,176,youtube
이상한_과자가게__weird_sweets_shop_20250218,"한밤중에 dm때문에, 수상한 노란색 수건케이크를 만든 이유",#쇼츠 #shorts,이상한 과자가게  weird sweets shop,2025-02-18,PT1M,1917538,45346,276,youtube
이상한_과자가게__weird_sweets_shop_20250217,800원짜리 어묵을 200개 사먹다가 결국…!,#쇼츠 #shorts #어묵꼬치,이상한 과자가게  weird sweets shop,2025-02-17,PT37S,826228,19390,441,youtube
이상한_과자가게__weird_sweets_shop_20250216,소보로 껍데기만 떼어먹던 분들이 좋아할 빵,#빻 #핫보로 #익선동카페 #쇼츠 #shorts,이상한 과자가게  weird sweets shop,2025-02-16,PT36S,576847,13930,144,youtube
이상한_과자가게__weird_sweets_shop_20250215,댓글보고 진짜 중국식빵 찾으러 대림시장에 갔다.,#shorts #쇼츠,이상한 과자가게  weird sweets shop,2025-02-15,PT1M,7450589,117684,654,youtube
이상한_과자가게__weird_sweets_shop_20250214,초콜릿 선물했더니 남친이 “헤엑? 뭘 이렇게 비싼걸 사왔어” 라고 할만한 다이소 포장법,#쇼츠 #shorts,이상한 과자가게  weird sweets shop,2025-02-14,PT58S,1068025,32557,321,youtube
이상한_과자가게__weird_sweets_shop_20250213,"미친듯이 현타오는, 너무 충격적인 젖병음료 후기ㅋㅋㅋㅋㅋㅋㅋㅋㅋ",#쇼츠 #shorts,이상한 과자가게  weird sweets shop,2025-02-13,PT53S,3516646,77937,678,youtube
이상한_과자가게__weird_sweets_shop_20250212,베이킹하는 사람들이 나가서 마들렌 안사먹는 이유???,#쇼츠 #shorts,이상한 과자가게  weird sweets shop,2025-02-12,PT56S,2100578,55128,541,youtube
이상한_과자가게__weird_sweets_shop_20250210,밥을 요거트에 말아먹어야 하는 이유,#쇼츠 #shorts,이상한 과자가게  weird sweets shop,2025-02-10,PT55S,1245072,31575,525,youtube
이상한_과자가게__weird_sweets_shop_20250208,낙타젖도 입맛에 맞으면 어쩌잔거야,#쇼츠 #shorts #특이한간식 #특이한사탕,이상한 과자가게  weird sweets shop,2025-02-08,PT46S,641420,16294,173,youtube
이상한_과자가게__weird_sweets_shop_20250207,우울한날 먹어야하는 ‘옥수수500알 튀김‘,#쇼츠 #shorts,이상한 과자가게  weird sweets shop,2025-02-07,PT42S,2889883,80251,899,youtube
이상한_과자가게__weird_sweets_shop_20250206,엄마도 발렌타인데이에 초콜릿 선물해봤어?,2025 발렌타인데이는 린도 초콜릿을 선물하세요 ❤️  #린도 #린도초콜릿 #발렌타인데이초콜릿 #쇼츠 #shorts,이상한 과자가게  weird sweets shop,2025-02-06,PT51S,386962,11367,221,youtube
이상한_과자가게__weird_sweets_shop_20250205,"편의점에서 벽돌초콜릿을 샀더니, 진짜 벽돌이 왔다?",#쇼츠 #shorts,이상한 과자가게  weird sweets shop,2025-02-05,PT56S,1498191,35627,267,youtube
이상한_과자가게__weird_sweets_shop_20250203,아프리카에서 환타 400개를 구매한 이유,#쇼츠 #shorts,이상한 과자가게  weird sweets shop,2025-02-03,PT57S,1858633,68682,517,youtube
이상한_과자가게__weird_sweets_shop_20250202,"괴소문이 무성하던, 중국 식빵 만들기에 성공했다!!!",#쇼츠 #shorts,이상한 과자가게  weird sweets shop,2025-02-02,PT59S,1977596,56835,463,youtube
이상한_과자가게__weird_sweets_shop_20250201,"중국식빵에 액체를 부으면, 치즈처럼 쭉 늘어나면서 엄청 맛있다고?!",#쇼츠 #shorts,이상한 과자가게  weird sweets shop,2025-02-01,PT58S,1540818,35379,409,youtube
이상한_과자가게__weird_sweets_shop_20250129,30년동안 먹은 똑같은 떡국이 지겹다면!?!!,#쇼츠 #shorts #설날 #떡국,이상한 과자가게  weird sweets shop,2025-01-29,PT59S,469473,14953,211,youtube
이상한_과자가게__weird_sweets_shop_20250128,"귀한분이,구하기도 힘든 생콜라를 구해주셨다!",#쇼츠 #shorts,이상한 과자가게  weird sweets shop,2025-01-28,PT43S,2423838,55046,846,youtube
이상한_과자가게__weird_sweets_shop_20250127,회 밑에 깔린 무를 이렇게 쓴다고???,#쇼츠 #shorts,이상한 과자가게  weird sweets shop,2025-01-27,PT46S,1576804,31927,390,youtube
이상한_과자가게__weird_sweets_shop_20250126,꿩을 회로 드셔보신 분?? 제가 도전합니다,#shorts #쇼츠,이상한 과자가게  weird sweets shop,2025-01-26,PT1M,774584,23451,253,youtube
이상한_과자가게__weird_sweets_shop_20250125,중국에 직접 가서 사온 ’용암 초콜릿’,#쇼츠 #shorts,이상한 과자가게  weird sweets shop,2025-01-25,PT58S,1280626,31460,330,youtube
이상한_과자가게__weird_sweets_shop_20250124,"해외영상에서, 달걀후라이 주변을 마늘로 문지르는 이유???",#쇼츠 #shorts  영상 출처: 인스타(anyta_ross),이상한 과자가게  weird sweets shop,2025-01-24,PT1M1S,2480513,46883,249,youtube
이상한_과자가게__weird_sweets_shop_20250122,"중국에 디저트 먹으러 갔다가, 왕홍 메이크업을 받았는데….!!!",#쇼츠 #shorts,이상한 과자가게  weird sweets shop,2025-01-22,PT1M,2627985,91061,909,youtube
이상한_과자가게__weird_sweets_shop_20250121,"내 영상을 보고, 딸기케이크로 유명한 곳에서 연락이 왔다",투썸은 유명한 딸기케이크 맛집임 🍓  -제철 맞은 생딸기가 가득 올라간 '생딸기 듬뿍 우유 생크림' -새콤달콤한 딸기와 진한 말차를 동시에 즐기는 '스트로베리 말차 가나슈'  #투썸플레이스 #생딸기케이크 #딸기케이크 #말차케이크 #투썸 #쇼츠 #shorts,이상한 과자가게  weird sweets shop,2025-01-21,PT1M,879741,27919,1700,youtube
이상한_과자가게__weird_sweets_shop_20250120,"중국 길거리에서 파는 정체불명의, 대존맛 탕후루",#쇼츠 #shorts,이상한 과자가게  weird sweets shop,2025-01-20,PT56S,2508333,46544,781,youtube
이상한_과자가게__weird_sweets_shop_20250118,어린이 전용 막걸리,#쇼츠 #shorts,이상한 과자가게  weird sweets shop,2025-01-18,PT42S,943121,27426,249,youtube
이상한_과자가게__weird_sweets_shop_20250116,"1000만 조회수의 수비드 스테이크, 제대로 다시 도전!!!",#쇼츠 #shorts,이상한 과자가게  weird sweets shop,2025-01-16,PT59S,3914979,99823,449,youtube
이상한_과자가게__weird_sweets_shop_20250115,"수건케이크 먹다가, 갑자기 중국행 비행기를 끊은 이유",#쇼츠 #shorts,이상한 과자가게  weird sweets shop,2025-01-15,PT44S,1512604,38950,371,youtube
이상한_과자가게__weird_sweets_shop_20250114,제주까지 소문난 이사장의 먹성,#여기바로제주 #제주특별자치도관광협회 #칠링힐링필링 #쇼츠 #shorts,이상한 과자가게  weird sweets shop,2025-01-14,PT31S,399499,10048,188,youtube
이상한_과자가게__weird_sweets_shop_20250113,"평생 요리만 하던 사람이, 베트남에서 4만원짜리 네일아트를 받으면?",#쇼츠 #shorts,이상한 과자가게  weird sweets shop,2025-01-13,PT1M,2353465,68601,701,youtube
이상한_과자가게__weird_sweets_shop_20250112,2500원짜리 편의점 스웨디시젤리에서 60000원짜리 맛이 날까?,#쇼츠 #shorts,이상한 과자가게  weird sweets shop,2025-01-12,PT1M1S,1903802,40976,374,youtube
이상한_과자가게__weird_sweets_shop_20250109,일본에서 시작된 삼겹살 타코야끼의 진화버전,#쇼츠 #shorts,이상한 과자가게  weird sweets shop,2025-01-09,PT1M,2519232,74055,554,youtube
이상한_과자가게__weird_sweets_shop_20250107,치킨 한마리로 아홉명이 나눠먹던 어린시절 (실화),2만원이 넘지않는 가성비 끝판왕 '메가치킨 15호' 전국 치킨플러스에서 만나보세요!  #치킨플러스 #메가치킨 15호 #후라이드치킨#쇼츠 #shorts,이상한 과자가게  weird sweets shop,2025-01-07,PT43S,630595,15626,149,youtube
이상한_과자가게__weird_sweets_shop_20250106,"요즘 딸기케이크 가격, 비쌀 수밖에 없는 이유",#쇼츠 #shorts,이상한 과자가게  weird sweets shop,2025-01-06,PT1M,1499647,38558,302,youtube
이상한_과자가게__weird_sweets_shop_20250104,미국인 발사이즈만한 쿠키,#쇼츠 #shorts,이상한 과자가게  weird sweets shop,2025-01-04,PT55S,1762837,51037,594,youtube
이상한_과자가게__weird_sweets_shop_20250103,김치찜 때문에 dm이 폭발한 이유,#쇼츠 #shorts #김치찜,이상한 과자가게  weird sweets shop,2025-01-03,PT57S,4161979,93830,552,youtube
이상한_과자가게__weird_sweets_shop_20250101,"2년 전, 과자를 주러 갔던 아동센터에,내가 다시 갈 수 밖에 없던이유!",#쇼츠 #shorts,이상한 과자가게  weird sweets shop,2025-01-01,PT59S,4601229,170936,1355,youtube
이상한_과자가게__weird_sweets_shop_20241228,눈동자를 하트모양으로 바꿔주는 렌즈라길래,#쇼츠 #shorts,이상한 과자가게  weird sweets shop,2024-12-28,PT52S,1392230,38850,498,youtube
이상한_과자가게__weird_sweets_shop_20241226,요즘애들은 모르는 ‘옛날 핫도그’의 비밀,⭐️명랑 핫도그의 투표 경품 이벤트⭐️ 한국의 맛(단맛) VS 미국의 맛(짠맛) 당신의 선택은!?  🎁인스타그램에서 명랑핫도그 공식 계정(@myungranghotdog_official) 검색 후  상단 이벤트 링크(https://myungrangevent.com)를 클릭하여 투표에 참여하고  푸짐한 경품의 주인공이 되어 보세요!  기간: ~ 25년 01월 19일  #명랑 핫도그 #의성 마늘0핫도그 #텍사스 핫도그 #쇼츠 #shorts,이상한 과자가게  weird sweets shop,2024-12-26,PT48S,514319,11943,323,youtube
이상한_과자가게__weird_sweets_shop_20241225,제가 만든 쿠키 드셔보실 분??,#쇼츠 #shorts,이상한 과자가게  weird sweets shop,2024-12-25,PT59S,681697,20118,298,youtube
이상한_과자가게__weird_sweets_shop_20241224,3mm로 썰은 소시지를 튀기면?? (꼭 해보십시오),#쇼츠 #shorts,이상한 과자가게  weird sweets shop,2024-12-24,PT57S,3804064,74039,504,youtube
이상한_과자가게__weird_sweets_shop_20241221,베트남의 먹는방법이 독특한 소세지간식,#쇼츠 #shorts,이상한 과자가게  weird sweets shop,2024-12-21,PT54S,1756014,31710,367,youtube
이상한_과자가게__weird_sweets_shop_20241220,달고나 때문에 오징어게임에서 죽을 순 없잖아??,#쇼츠 #shorts #오징어게임,이상한 과자가게  weird sweets shop,2024-12-20,PT1M,1322999,40804,373,youtube
이상한_과자가게__weird_sweets_shop_20241219,크리스마스 트리 장식을 먹는다고?,#프링글스 #뚜껑을열면시작되는바삭한파티 #프링글스크리스마스파티 #쇼츠 #shorts,이상한 과자가게  weird sweets shop,2024-12-19,PT48S,543285,13387,316,youtube
이상한_과자가게__weird_sweets_shop_20241217,아프리카 아이들에게 찜닭을 만들어줬더니 반응이!!!,#쇼츠 #shorts,이상한 과자가게  weird sweets shop,2024-12-17,PT39S,4596810,155449,1051,youtube
이상한_과자가게__weird_sweets_shop_20241216,초딩때 자주먹던 꼬치젤리를 20년 만에 먹었더니,#쇼츠 #shorts,이상한 과자가게  weird sweets shop,2024-12-16,PT57S,1415757,35762,382,youtube
이상한_과자가게__weird_sweets_shop_20241215,고구마 먹는 4단계 방법 #Strategy  #제작비지원,'YouTube Shorts’ 로부터 제작비를 지원받은 영상입니다.  ⭐️일상 속 아무때나 들어도 몸이 뚬쓰뚬쓰한 트와이스의 신곡 Strategy!! 여러분도 챌린지 ㄱㄱ?,이상한 과자가게  weird sweets shop,2024-12-15,PT20S,813822,19135,610,youtube
이상한_과자가게__weird_sweets_shop_20241213,리틀포레스트 처럼 삼시세끼 해먹기,"#도깨비방망이 #무선핸드블렌더 #주방가전필수템 #CHB2400퀵앤고 #쇼츠 #shorts   ⭐️ 이상한 과자가게x도깨비방망이 연말 콜라보 ⭐️  '도깨비방망이'와 '이상한 과자가게'가 함께하는 연말 따뜻하고 풍성한 이벤트를 만나보세요!  🎁 행사 기간 : 12/13 ~ 12/22  🎁 구매 방법 : 영상 좌측 하단 제품 이미지(제품보기) 클릭  1. 가격 : 159,800 ➡️ 99,800 (우주 최저가)  2. 구매 고객 전원 1.16L 대용량 스텐 텀블러 증정 or 원목 플레이팅 도마 100% 증정!   스텐 텀블러 특 : 최대 24시간 냉/온열 기능 지속 원목 도마 특 : 도마도 되고 플레이팅도 되고 사진 찍을 때 이쁨 결론 : 둘 중 아무거나 골라도 개이득 혜자 이벤트  3. 구매 고객 전원 2,000ml + 600ml 계량컵 증정  4. 구매 인증 이벤트 해당 영상 댓글로 인증 -TOKEBI 두유 제조기 1명  -TOKEBI 달걀찜기 1명 -CHB2400 퀵앤고 풀세트 1명   5. 삼행시 이벤트 ✔️단어 : 도깨비 - 12만원 상당 TOKEBI 주방 보조 12종 세트 (5명) - 재밌을수록 당첨 확률 UP!  얼마 남지 않은 연말 도깨비방망이와 함께 사랑하는 사람에게 따뜻함을 선물해 보세요❤️",이상한 과자가게  weird sweets shop,2024-12-13,PT54S,1435529,30858,430,youtube
이상한_과자가게__weird_sweets_shop_20241212,"화장실 수건같이 생긴 디저트가,, 중국에서 대유행 중이라고??",#쇼츠 #shorts,이상한 과자가게  weird sweets shop,2024-12-12,PT56S,3409596,89557,581,youtube
이상한_과자가게__weird_sweets_shop_20241211,아프리카 아이들에게 탕후루를 줬더니,#shorts #쇼츠,이상한 과자가게  weird sweets shop,2024-12-11,PT39S,1994750,50732,219,youtube
이상한_과자가게__weird_sweets_shop_20241208,바닷가에서 불 없이 라면 먹는 방법,"❓문제: 'CU'와 '나비엔'이 콜라보해서 만든 라면이며   불도, 심지어는 뜨거운 물도 필요없이 먹을 수 있는 라면의 이름은?   ❗️정답: 나비엔 '보일라면'  (보일라면은 CU 매장에서 구매 가능합니다!)   #경동나비엔 #나비엔보일라면 #보일라면 #쇼츠 #shorts",이상한 과자가게  weird sweets shop,2024-12-08,PT50S,1905470,42278,367,youtube
이상한_과자가게__weird_sweets_shop_20241207,500시간 걸린 야매‘곶감’ 만들기,#쇼츠 #shorts,이상한 과자가게  weird sweets shop,2024-12-07,PT56S,1459441,35550,194,youtube
이상한_과자가게__weird_sweets_shop_20241205,아프리카 먹방에 엄청 자주 나오는 음식을 먹어봤다,#shorts #쇼츠,이상한 과자가게  weird sweets shop,2024-12-05,PT1M,3556717,80659,679,youtube
이상한_과자가게__weird_sweets_shop_20241203,"원하는 재료를 가져가면, 뭐든 튀겨준다는 튀김집?!",#쇼츠 #shorts,이상한 과자가게  weird sweets shop,2024-12-03,PT58S,5631938,112430,528,youtube
이상한_과자가게__weird_sweets_shop_20241130,한국에 바오밥열매를 먹어본 사람이 몇이나 될까?,#쇼츠 #shorts,이상한 과자가게  weird sweets shop,2024-11-30,PT50S,2228297,33881,364,youtube
이상한_과자가게__weird_sweets_shop_20241128,두바이공항에서 우연히 만난 두바이초콜릿,#쇼츠 #shorts,이상한 과자가게  weird sweets shop,2024-11-28,PT48S,3047486,72720,246,youtube
이상한_과자가게__weird_sweets_shop_20241127,"떡볶이 먹다가, 가족들한테 갑자기 삼행시 시키면 생기는 일",#스텔라떡볶이 #떡볶이맛집 #쇼츠 #shorts,이상한 과자가게  weird sweets shop,2024-11-27,PT59S,988825,25596,1616,youtube
이상한_과자가게__weird_sweets_shop_20241126,아프리카에서 흔하게 먹는 돌의 정체,#쇼츠 #shorts,이상한 과자가게  weird sweets shop,2024-11-26,PT54S,6861614,121699,1145,youtube
이상한_과자가게__weird_sweets_shop_20241125,전설의 불닭팽이쌈 영상을 재연해보자,#쇼츠 #shorts,이상한 과자가게  weird sweets shop,2024-11-25,PT56S,19686612,429041,1645,youtube
이상한_과자가게__weird_sweets_shop_20241124,아프리카에서 먹은 신기한 맛의 옥수수,#shorts #쇼츠,이상한 과자가게  weird sweets shop,2024-11-24,PT42S,2085732,42826,515,youtube
이상한_과자가게__weird_sweets_shop_20241123,마을 어르신들께 갈비탕 80인분을 끓여드리면 생기는 일,#shorts #쇼츠,이상한 과자가게  weird sweets shop,2024-11-23,PT38S,624587,22233,132,youtube
이상한_과자가게__weird_sweets_shop_20241120,이 가루로 푸딩을 만들 수 있다고??,#쇼츠 #shorts,이상한 과자가게  weird sweets shop,2024-11-20,PT55S,1601345,46813,515,youtube
이상한_과자가게__weird_sweets_shop_20241119,지금 해외에서 난리난 ‘통양파 구이‘.. 대체 왜?????,#shorts #쇼츠  영상 출처 @Sophiesophss @GuacBites-l6b @thecanok @fabalishfoods,이상한 과자가게  weird sweets shop,2024-11-19,PT1M,3866266,96343,478,youtube
이상한_과자가게__weird_sweets_shop_20241118,"살빼려면 귀족, 평민, 거지 처럼 먹으라고?",#랭킹닭컴 #블프데이 #잇메이트 #크리스피닭가슴살 #쇼츠 #shorts,이상한 과자가게  weird sweets shop,2024-11-18,PT46S,1965408,36549,240,youtube
이상한_과자가게__weird_sweets_shop_20241117,전설의 '미지근한 물',#쇼츠 #shorts,이상한 과자가게  weird sweets shop,2024-11-17,PT52S,812180,26431,337,youtube
이상한_과자가게__weird_sweets_shop_20241115,틱톡에서 유행한 ‘리본캔디‘를 직접 만들 수 있을까?,#shorts #쇼츠 #리본캔디,이상한 과자가게  weird sweets shop,2024-11-15,PT1M1S,7401247,133957,819,youtube
이상한_과자가게__weird_sweets_shop_20241114,"실제로 내가 알바했던 피씨방에서, 사장님이 내게 했던 말!",#60계 #60계치킨 #짜장계란치킨 #신메뉴 #쇼츠 #shorts,이상한 과자가게  weird sweets shop,2024-11-14,PT49S,1684884,35315,439,youtube
이상한_과자가게__weird_sweets_shop_20241112,’밤‘에 이걸 넣으면.. 껍질이 순식간에 까진다고?!,#shorts #쇼츠,이상한 과자가게  weird sweets shop,2024-11-12,PT59S,1903842,39137,252,youtube
이상한_과자가게__weird_sweets_shop_20241111,"먹는 순간, 변기 폭발하는 케이크",#셀트리온차전자피 #차전자피가르시니아슬리밍환 #쾌변 #쇼츠 #shorts,이상한 과자가게  weird sweets shop,2024-11-11,PT55S,425326,9182,181,youtube
이상한_과자가게__weird_sweets_shop_20241110,아프리카 아이들에게 탕후루를 만들어주러 갑니다,#쇼츠 #shorts,이상한 과자가게  weird sweets shop,2024-11-10,PT41S,1056880,30840,1284,youtube
이상한_과자가게__weird_sweets_shop_20241109,신거 좋아하는 사람도 먹기 힘든 젤리,#shorts #쇼츠,이상한 과자가게  weird sweets shop,2024-11-09,PT48S,1857844,40559,944,youtube
이상한_과자가게__weird_sweets_shop_20241108,이 복도에서 내가 제일 진지해 #DRIP_Challenge #제작비지원,#shorts #쇼츠  ‘YouTube Shorts’ 로 부터 제작비를 지원받은 영상입니다.  중독적인 ‘Drip’의 날개 파닥파닥 거리는 부분!!!! 춰보세요!!!! 상당히 신납니닼ㅋㅋㅋㅋㅋㅋㅋㅋ,이상한 과자가게  weird sweets shop,2024-11-08,PT13S,281334,6736,402,youtube
이상한_과자가게__weird_sweets_shop_20241107,캠핑장에서 만들어먹다가 기절해도..책임 못져요,#shorts #쇼츠,이상한 과자가게  weird sweets shop,2024-11-07,PT57S,2808866,70000,217,youtube
이상한_과자가게__weird_sweets_shop_20241105,테무에서 파는 ’진짜 크로와상 조명‘ 갖는 꿀팁,#shorts #쇼츠,이상한 과자가게  weird sweets shop,2024-11-05,PT57S,3362818,74795,431,youtube
이상한_과자가게__weird_sweets_shop_20241104,"세계적으로 유행했지만, 한국에서는 뒤늦게 유행중인 쿠키!!!",#쇼츠 #shorts,이상한 과자가게  weird sweets shop,2024-11-04,PT1M,2663016,60207,374,youtube
이상한_과자가게__weird_sweets_shop_20241103,놀이터에서 추다가.. 중간에 도망침ㅎ.   #네모네모_challenge #제작비지원,#쇼츠 #shorts,이상한 과자가게  weird sweets shop,2024-11-03,PT16S,302129,7495,350,youtube
이상한_과자가게__weird_sweets_shop_20241102,진짜 하리보를 얼리면.. 코하쿠토 식감이 될까?!,#쇼츠 #shorts,이상한 과자가게  weird sweets shop,2024-11-02,PT56S,2740235,52489,298,youtube
이상한_과자가게__weird_sweets_shop_20241031,"제가 만든 ’먹는포카‘를 [엔믹스 설윤, 배이]님께 선물 드렸습니다",#쇼츠 #shorts,이상한 과자가게  weird sweets shop,2024-10-31,PT44S,3788011,112289,311,youtube
이상한_과자가게__weird_sweets_shop_20241030,"스트레스 받은 친구에게, 비싼 스테이크 구워주기",#shorts #쇼츠 #베이비벨 #베이비벨에멘탈 #베이비벨에멘탈치즈,이상한 과자가게  weird sweets shop,2024-10-30,PT56S,1184844,30923,219,youtube
이상한_과자가게__weird_sweets_shop_20241028,업로드 해놓고 보니 부끄럽네..(곧 비공개 될 영상^^),#야식,이상한 과자가게  weird sweets shop,2024-10-28,PT2M6S,477285,16516,267,youtube
이상한_과자가게__weird_sweets_shop_20241027,대왕메로나 뒷이야기. 절망편,#쇼츠 #shorts,이상한 과자가게  weird sweets shop,2024-10-27,PT59S,2710793,51418,338,youtube
이상한_과자가게__weird_sweets_shop_20241025,부자들이 다니는 학교 급식은 클라스가 다르네,#쇼츠 #shorts #멕시카나 #치필링 #치킨 #치킨추천 #치킨맛집 #신메뉴,이상한 과자가게  weird sweets shop,2024-10-25,PT53S,836688,23890,215,youtube
이상한_과자가게__weird_sweets_shop_20241024,외국에서 느끼한 연어를 먹는 방법,#쇼츠 #shorts #연어,이상한 과자가게  weird sweets shop,2024-10-24,PT55S,3967398,76809,324,youtube
이상한_과자가게__weird_sweets_shop_20241023,우리집 앞에 비싼 과일 두고간 사람 나와라!!!,#shorts #쇼츠,이상한 과자가게  weird sweets shop,2024-10-23,PT59S,4147598,80034,225,youtube
이상한_과자가게__weird_sweets_shop_20241022,"1000원짜리 메론으로,대왕메로나 만들기",#쇼츠 #shorts #메로나,이상한 과자가게  weird sweets shop,2024-10-22,PT57S,11164704,197101,1623,youtube
이상한_과자가게__weird_sweets_shop_20241020,불 없이 라면 끓이는 꿀팁.(대신 굉장히 비쌈),#쇼츠 #shorts,이상한 과자가게  weird sweets shop,2024-10-20,PT56S,3635407,71315,636,youtube
이상한_과자가게__weird_sweets_shop_20241018,"쌀밥 지을 때, 마라탕 국물을 넣으면??",#shorts #쇼츠,이상한 과자가게  weird sweets shop,2024-10-18,PT1M,10482694,160190,3274,youtube
이상한_과자가게__weird_sweets_shop_20241017,내가 자꾸 썩어가는 과일을 사먹는 이유,#쇼츠 #shorts,이상한 과자가게  weird sweets shop,2024-10-17,PT1M,3586452,83255,803,youtube
이상한_과자가게__weird_sweets_shop_20241016,식당 알바들이 멘붕오는 손님 유형,#쇼츠 #shorts #상황극,이상한 과자가게  weird sweets shop,2024-10-16,PT46S,1348212,40391,821,youtube
이상한_과자가게__weird_sweets_shop_20241014,제가 흑백요리사 ‘중식여신’님을 닮았다고요???,#쇼츠 #shorts #흑백요리사,이상한 과자가게  weird sweets shop,2024-10-14,PT44S,1055330,22593,314,youtube
이상한_과자가게__weird_sweets_shop_20241013,먹는데 죄책감드는 젤리,#쇼츠 #shorts,이상한 과자가게  weird sweets shop,2024-10-13,PT37S,1913122,39028,356,youtube
이상한_과자가게__weird_sweets_shop_20241012,저를 도발하면 흑백요리사(?)로 변신합니다,#쇼츠 #shorts #흑백요리사,이상한 과자가게  weird sweets shop,2024-10-12,PT38S,988002,22178,195,youtube
이상한_과자가게__weird_sweets_shop_20241011,오렌지 껍질을 먹을 수 있는 방법,#쇼츠 #shorts #dessert,이상한 과자가게  weird sweets shop,2024-10-11,PT50S,4996432,93809,731,youtube
이상한_과자가게__weird_sweets_shop_20241010,순대국밥을 만들 수 있는 마법의 가루,#shorts #쇼츠,이상한 과자가게  weird sweets shop,2024-10-10,PT56S,3142404,40297,741,youtube
이상한_과자가게__weird_sweets_shop_20241008,오렌지로 만든 떡?,#쇼츠 #shorts,이상한 과자가게  weird sweets shop,2024-10-08,PT57S,1697682,45258,672,youtube
이상한_과자가게__weird_sweets_shop_20241007,구독자님들이 요리천재면 생기는 일,#쇼츠 #shorts,이상한 과자가게  weird sweets shop,2024-10-07,PT57S,1786916,48607,345,youtube
이상한_과자가게__weird_sweets_shop_20241006,제사 간식 세상에서 제일 유용하게 쓰는 사람    #마루는강쥐챌린지 #제작비지원,#쇼츠 #shorts,이상한 과자가게  weird sweets shop,2024-10-06,PT14S,699518,13630,604,youtube
이상한_과자가게__weird_sweets_shop_20241004,익명의 팬이 집 앞으로 케익을 보냈다.,#쇼츠 #shorts #스마일2,이상한 과자가게  weird sweets shop,2024-10-04,PT45S,1256111,27037,315,youtube
이상한_과자가게__weird_sweets_shop_20241003,"비닐봉지에 넣고 막 비벼먹는, 미국의 유명음식?",#shorts #쇼츠,이상한 과자가게  weird sweets shop,2024-10-03,PT56S,6858553,101438,1673,youtube
이상한_과자가게__weird_sweets_shop_20241002,"제티 딸기맛으로 만든, 마시멜로 초콜릿은 과연?",#shorts #쇼츠,이상한 과자가게  weird sweets shop,2024-10-02,PT1M,2134117,44884,452,youtube
이상한_과자가게__weird_sweets_shop_20241001,한밤중에 흑백요리사를 보면 안되는 이유,#쇼츠 #shorts #흑백요리사,이상한 과자가게  weird sweets shop,2024-10-01,PT58S,1533895,32869,243,youtube
이상한_과자가게__weird_sweets_shop_20240929,내가 먹은 젤리가 상한제품이었다니..,#쇼츠 #shorts,이상한 과자가게  weird sweets shop,2024-09-29,PT59S,4514112,112530,513,youtube
이상한_과자가게__weird_sweets_shop_20240928,망고씨를 건조시키면 이렇게 된다고??(상상도 못함),#쇼츠 #shorts,이상한 과자가게  weird sweets shop,2024-09-28,PT50S,1939950,37394,336,youtube
이상한_과자가게__weird_sweets_shop_20240925,마시멜로우로 버섯 만드는 방법,#쇼츠 #shorts,이상한 과자가게  weird sweets shop,2024-09-25,PT38S,3144963,49683,286,youtube
이상한_과자가게__weird_sweets_shop_20240924,"흑백요리사 셰프님의, 기상천외 라면 레시피",#shorts #쇼츠 #흑백요리사,이상한 과자가게  weird sweets shop,2024-09-24,PT59S,5571249,94031,1373,youtube
이상한_과자가게__weird_sweets_shop_20240922,헐..그 비싼 구미첼을 동결건조 시켰다고? 그럼 가격이???,#쇼츠 #shorts,이상한 과자가게  weird sweets shop,2024-09-22,PT54S,776632,15233,220,youtube
이상한_과자가게__weird_sweets_shop_20240921,"초코에 미친 중딩들이, 교실에서 빙수 만들어 먹는 방법 ㄷㄷ",#쇼츠 #shorts #설빙 #abc초코쿠키설빙,이상한 과자가게  weird sweets shop,2024-09-21,PT57S,1337151,34473,1113,youtube
이상한_과자가게__weird_sweets_shop_20240919,유독 여자들에게 인기 많은 안주,#쇼츠 #shorts,이상한 과자가게  weird sweets shop,2024-09-19,PT56S,612354,15367,171,youtube
이상한_과자가게__weird_sweets_shop_20240918,추석 음식 특징: 갈비찜 국물 버리기 아까움,#shorts #쇼츠,이상한 과자가게  weird sweets shop,2024-09-18,PT1M,2934694,73736,658,youtube
이상한_과자가게__weird_sweets_shop_20240917,조상님들? 이렇게 딱딱한걸 대체 어떻게 드신거에요,#shorts #쇼츠,이상한 과자가게  weird sweets shop,2024-09-17,PT50S,1117241,22778,1112,youtube
이상한_과자가게__weird_sweets_shop_20240916,"스웨디시젤리는 저리가라. 이것이 바로, 조상님들 최애 젤리",#shorts #쇼츠,이상한 과자가게  weird sweets shop,2024-09-16,PT53S,1744868,38569,593,youtube
이상한_과자가게__weird_sweets_shop_20240915,땀난 체육복을 빌려달라고?...ㄷㄷ,#링티제로 #lingteazero #오늘도제로해 #쇼츠 #shorts,이상한 과자가게  weird sweets shop,2024-09-15,PT50S,1164771,29049,2711,youtube
이상한_과자가게__weird_sweets_shop_20240914,구독자분들의 조언대로 만들어 본 스웨디시젤리,#shorts #쇼츠,이상한 과자가게  weird sweets shop,2024-09-14,PT58S,7839700,148491,777,youtube
이상한_과자가게__weird_sweets_shop_20240913,의문의 스웨디시젤리가 집으로 배달왔다!,#쇼츠 #shorts,이상한 과자가게  weird sweets shop,2024-09-13,PT52S,1423583,36666,223,youtube
이상한_과자가게__weird_sweets_shop_20240911,"요아정, 직접 만들어먹어도 후회 없을겁니다.",#shorts #쇼츠,이상한 과자가게  weird sweets shop,2024-09-11,PT1M,4307857,83589,480,youtube
이상한_과자가게__weird_sweets_shop_20240910,자기야 나 맛있는 거 만들어주면 안 돼?,#CJ제일제당 #부먹밥 #컵밥 #쇼츠 #shorts,이상한 과자가게  weird sweets shop,2024-09-10,PT1M,805225,17467,183,youtube
이상한_과자가게__weird_sweets_shop_20240908,외국에서 파란색 피클을 먹는 이유는 뭘까???,#shorts #쇼츠,이상한 과자가게  weird sweets shop,2024-09-08,PT1M,3977409,66828,682,youtube
이상한_과자가게__weird_sweets_shop_20240906,"요즘 핫한 스웨덴 캔디, 너무 비싸서 못사먹겠다면?(만들자!)",#shorts #쇼츠 #스웨디시젤리,이상한 과자가게  weird sweets shop,2024-09-06,PT59S,1835175,52513,303,youtube
이상한_과자가게__weird_sweets_shop_20240905,"밤마다 요거트아이스크림 먹다가, 지갑에 구멍남",#쇼츠 #shorts #풀무원요거트그릭시그니처,이상한 과자가게  weird sweets shop,2024-09-05,PT53S,1305177,28649,1856,youtube
이상한_과자가게__weird_sweets_shop_20240903,"내가 어렸을 때, 광고를 보면 살이 쪘던 이유",#쇼츠 #shorts,이상한 과자가게  weird sweets shop,2024-09-03,PT56S,4428233,109805,2447,youtube
이상한_과자가게__weird_sweets_shop_20240902,"마시멜로잼을 구우면, 머랭쿠키가 된다고???",#shorts #쇼츠,이상한 과자가게  weird sweets shop,2024-09-02,PT54S,2294757,70275,342,youtube
이상한_과자가게__weird_sweets_shop_20240901,"내가 스웨디시젤리를, 딱 한알!! 구한 방법",#shorts #쇼츠,이상한 과자가게  weird sweets shop,2024-09-01,PT58S,3961396,85678,532,youtube
이상한_과자가게__weird_sweets_shop_20240830,하다 하다 코코펄까지 만들었다,#츄잉하이볼밀키소다 #코코넛젤리하이볼 #GS25신상 #쇼츠 #shorts,이상한 과자가게  weird sweets shop,2024-08-30,PT1M,3301310,61071,284,youtube
이상한_과자가게__weird_sweets_shop_20240829,"구하기 힘든 마시멜로 플러프잼, 그냥 만들어 먹어보자!",#shorts #쇼츠,이상한 과자가게  weird sweets shop,2024-08-29,PT59S,1745303,48498,421,youtube
이상한_과자가게__weird_sweets_shop_20240828,대체 이런 레시피는 어떤 천재가 만든건가? 해외에서 엄청 유행중인 ‘라이스페이퍼 크로와상’,#쇼츠 #shorts,이상한 과자가게  weird sweets shop,2024-08-28,PT1M,2480850,65574,371,youtube
이상한_과자가게__weird_sweets_shop_20240827,5만명이 투표한 간장밥 vs 케첩밥.....결과가 이렇다고?,#shorts #쇼츠,이상한 과자가게  weird sweets shop,2024-08-27,PT57S,810003,24522,813,youtube
이상한_과자가게__weird_sweets_shop_20240826,"이 사과를 먹고 죽어도, 한이 없을겁니다.",#shorts #쇼츠,이상한 과자가게  weird sweets shop,2024-08-26,PT1M,1242708,27014,292,youtube
이상한_과자가게__weird_sweets_shop_20240825,김밥 먹으려고 전화를 100통도 넘게 건다고?!,#쇼츠 #shorts #김밥 #제주도,이상한 과자가게  weird sweets shop,2024-08-25,PT51S,2206330,33975,853,youtube
이상한_과자가게__weird_sweets_shop_20240823,"마을의 모든 어르신들께, 삼계탕 50마리 끓여드리기",#쇼츠 #shorts,이상한 과자가게  weird sweets shop,2024-08-23,PT39S,2974351,66587,386,youtube
이상한_과자가게__weird_sweets_shop_20240822,시식코너 고기가 맛있는 이유?! 는 바로 비밀재료,#shorts #쇼츠,이상한 과자가게  weird sweets shop,2024-08-22,PT45S,4358584,106148,623,youtube
이상한_과자가게__weird_sweets_shop_20240820,버리긴 아까워서 두바이초콜릿으로 끓인 죽. 근데 맛이 대반전,#쇼츠 #shorts,이상한 과자가게  weird sweets shop,2024-08-20,PT59S,1751116,43804,750,youtube
이상한_과자가게__weird_sweets_shop_20240819,집에 단호박 있으면 꼭 만들어봐야 함,#shorts #쇼츠 #치즈케이크,이상한 과자가게  weird sweets shop,2024-08-19,PT59S,1603934,49477,327,youtube
이상한_과자가게__weird_sweets_shop_20240818,요즘 쿵쿵따 vs 옛날 쿵쿵따         #제작비지원 #쿵쿵따,#쇼츠 #shorts,이상한 과자가게  weird sweets shop,2024-08-18,PT25S,842225,14738,334,youtube
이상한_과자가게__weird_sweets_shop_20240817,제주도에서 고기 먹을 때 하수 vs 고수,#shorts #쇼츠,이상한 과자가게  weird sweets shop,2024-08-17,PT37S,2369675,54399,571,youtube
이상한_과자가게__weird_sweets_shop_20240814,마트에서 파는 카이막을 조심해야 하는 이유,#쇼츠 #shorts,이상한 과자가게  weird sweets shop,2024-08-14,PT55S,1697216,38410,425,youtube
이상한_과자가게__weird_sweets_shop_20240813,"남자친구랑 싸웠을 때, 만들어주기 딱 좋은 볶음밥",#shorts #쇼츠,이상한 과자가게  weird sweets shop,2024-08-13,PT1M,4736134,85276,0,youtube
이상한_과자가게__weird_sweets_shop_20240812,남친 부모님 텃밭 털어서... 에이드 만들기 (데헷),#shorts #쇼츠,이상한 과자가게  weird sweets shop,2024-08-12,PT50S,2038619,45797,472,youtube
이상한_과자가게__weird_sweets_shop_20240811,학생들이 교복 입는 유형 #시카노코 #제작비지원,#쇼츠 #shorts,이상한 과자가게  weird sweets shop,2024-08-11,PT12S,1557019,26521,693,youtube
이상한_과자가게__weird_sweets_shop_20240810,하이디라오에서 이런걸 판다고?!! 내 눈을 의심함,#shorts #쇼츠,이상한 과자가게  weird sweets shop,2024-08-10,PT39S,2816118,47231,541,youtube
이상한_과자가게__weird_sweets_shop_20240809,오레오 사장님이 보면.. 뒤집어질 디저트 만들기,#shorts #쇼츠,이상한 과자가게  weird sweets shop,2024-08-09,PT59S,2323010,62192,518,youtube
이상한_과자가게__weird_sweets_shop_20240808,난 대학시절 떡볶이를 전공했단 사실,#떡참 #쫄라떡볶이 #쇼츠 #shorts,이상한 과자가게  weird sweets shop,2024-08-08,PT51S,574291,15893,280,youtube
이상한_과자가게__weird_sweets_shop_20240806,집에서 숏다리 만들기가 가능하다고?!,#쇼츠 #shorts,이상한 과자가게  weird sweets shop,2024-08-06,PT59S,2912702,41312,461,youtube
이상한_과자가게__weird_sweets_shop_20240805,2분안에 메론빵 만드는 방법,#쇼츠 #shorts,이상한 과자가게  weird sweets shop,2024-08-05,PT1M,4211641,74282,399,youtube
이상한_과자가게__weird_sweets_shop_20240804,헐.. 편의점 점보라면을 이렇게 쓰는건 상상도 못했다!!!,#쇼츠 #shorts,이상한 과자가게  weird sweets shop,2024-08-04,PT46S,3895647,69206,492,youtube
이상한_과자가게__weird_sweets_shop_20240803,너무 수상한 데드풀과 울버린 팝콘,제가 또 유행 못참잖아요..? 그래서 요즘 가장 핫한 [데드풀과 울버린] 직접 보고 왔숨다. 오프닝 시작 하자마자 데드풀 등장씬에 나오는 노래가..하루종일 머리에 막 떠돌아 🎶 데드풀 춤을 왜 저렇게 잘 춰!? ➡️ 이건 직접 봐야 압니다. 액션도 드립도 빵빵해서 영화관 가서 시원하게 즐기기 딱이니깐 봐보세요!!! 이거 또 보러….N차 갈 사람…?  #쇼츠 #shorts   #광고 #데드풀과울버린 #데드풀 #울버린 #데드풀오프닝챌린지 #라이언레이놀즈 #휴잭맨 #숀레비 #마블 #Marvel #영화 #영화추천  *월트디즈니 컴퍼니 코리아로부터 지원을 받아 제작된 컨텐츠입니다.,이상한 과자가게  weird sweets shop,2024-08-03,PT50S,764605,16350,344,youtube
이상한_과자가게__weird_sweets_shop_20240802,편의점 두바이초콜릿한테 손절 당할 듯,#쇼츠 #shorts,이상한 과자가게  weird sweets shop,2024-08-02,PT53S,1664154,43130,440,youtube
이상한_과자가게__weird_sweets_shop_20240801,요즘 ’숏다리‘가 얼마인지 아십니까?,#먹방 #shorts #숏다리 #불량식품 #상황극,이상한 과자가게  weird sweets shop,2024-08-01,PT53S,2591752,63266,2447,youtube
이상한_과자가게__weird_sweets_shop_20240731,"일본에서 유행을 시작해서 , sns를 점령한 파란색 음료수.. 데카포의 정체는??",#쇼츠 #shorts,이상한 과자가게  weird sweets shop,2024-07-31,PT59S,5688470,97630,1012,youtube
이상한_과자가게__weird_sweets_shop_20240730,페트병만 있으면 할 수 있는 물꽃놀이!!( 해외에서 난리남),#쇼츠 #shorts,이상한 과자가게  weird sweets shop,2024-07-30,PT40S,1087806,29967,207,youtube
이상한_과자가게__weird_sweets_shop_20240729,파란 데카포를 마시면 생기는 일 #클락션 #제작비지원,#쇼츠 #shorts,이상한 과자가게  weird sweets shop,2024-07-29,PT22S,462894,10074,687,youtube
이상한_과자가게__weird_sweets_shop_20240727,100% 소금으로 만들어진 고기불판!?,#쇼츠 #shorts,이상한 과자가게  weird sweets shop,2024-07-27,PT47S,4558260,104466,729,youtube
이상한_과자가게__weird_sweets_shop_20240726,역대급 식감의 두바이초콜릿 찹쌀떡을 만들었다!!!,#쇼츠 #shorts,이상한 과자가게  weird sweets shop,2024-07-26,PT37S,1538814,43657,343,youtube
이상한_과자가게__weird_sweets_shop_20240725,소세지 손님이 울면서 들어온 이유,#쇼츠 #shorts,이상한 과자가게  weird sweets shop,2024-07-25,PT40S,7819899,133065,559,youtube
이상한_과자가게__weird_sweets_shop_20240724,분식점 사장님한테 메인댄서 자리 빼앗긴 금쪽이  #ChkChkBoom #제작비지원,‘YouTube Shorts’ 로부터 제작비를 지원받은 영상입니다.  듣고만 있어도 둠칫둠칫 저절로 리듬이 타지는 ChkChkBoom 여러분도 리듬 한번 타보세요!!!  #쇼츠 #shorts,이상한 과자가게  weird sweets shop,2024-07-24,PT20S,935138,19385,1055,youtube
이상한_과자가게__weird_sweets_shop_20240723,금쪽이가 먹다 남긴 고추장 묻은 햇반으로 떡볶이 만들기!!,#쇼츠 #shorts,이상한 과자가게  weird sweets shop,2024-07-23,PT53S,5164729,81822,217,youtube
이상한_과자가게__weird_sweets_shop_20240721,"Gs25에서 파는, 개당 700원짜리 역대급 동결건조 젤리!!!",#쇼츠 #shorts,이상한 과자가게  weird sweets shop,2024-07-21,PT50S,1333764,32914,658,youtube
이상한_과자가게__weird_sweets_shop_20240720,떡볶이집에서 남자반 vs 여자반 미팅했던 90년대생들,#장스푸드 #스텔라떡볶이 #차돌마라떡볶이 #쇼츠 #shorts,이상한 과자가게  weird sweets shop,2024-07-20,PT48S,1862736,50112,191,youtube
이상한_과자가게__weird_sweets_shop_20240719,맥도날드 감자튀김 판매가 중단 된 이유(?),#쇼츠 #shorts,이상한 과자가게  weird sweets shop,2024-07-19,PT37S,880019,25579,137,youtube
이상한_과자가게__weird_sweets_shop_20240718,sns에서 과카몰리 노래를 조심해야 하는 이유,#쇼츠 #shorts,이상한 과자가게  weird sweets shop,2024-07-18,PT57S,1107833,27564,312,youtube
이상한_과자가게__weird_sweets_shop_20240717,"우리나라에서는 절대 구할 수 없다는,, 피스타치오 누텔라?!!",#쇼츠 #shorts,이상한 과자가게  weird sweets shop,2024-07-17,PT57S,3724074,81298,406,youtube
이상한_과자가게__weird_sweets_shop_20240716,상상도 못한 방법으로 만드는 ‘달걀 샌드위치’,#쇼츠 #shorts,이상한 과자가게  weird sweets shop,2024-07-16,PT53S,950145,22042,183,youtube
이상한_과자가게__weird_sweets_shop_20240715,전라도에는 설탕물에 국수를 말아먹는다고?!,#쇼츠 #shorts,이상한 과자가게  weird sweets shop,2024-07-15,PT57S,2025886,34100,2828,youtube
이상한_과자가게__weird_sweets_shop_20240714,전세계적으로 두바이초콜릿을 유행시킨 바로 그 영상!,#쇼츠 #shorts,이상한 과자가게  weird sweets shop,2024-07-14,PT46S,4019592,85842,574,youtube
이상한_과자가게__weird_sweets_shop_20240713,"3000원짜리 일회용 빙수키트, 여러분들은 사먹는다 vs 안사먹는다",#쇼츠 #shorts,이상한 과자가게  weird sweets shop,2024-07-13,PT48S,970048,28028,261,youtube
이상한_과자가게__weird_sweets_shop_20240712,5500원짜리 노량진 컵밥 먹다가 친구 사귐,#쇼츠 #shorts,이상한 과자가게  weird sweets shop,2024-07-12,PT56S,3386955,72386,435,youtube
이상한_과자가게__weird_sweets_shop_20240711,두바이초콜릿을 실패해서 재료비 20만원을 날려도 만족한 이유!!!,#쇼츠 #shorts,이상한 과자가게  weird sweets shop,2024-07-11,PT55S,4558182,104651,503,youtube
이상한_과자가게__weird_sweets_shop_20240710,프리마를 음료에 타먹는다구요??(꼭 끝까지 봐야합니다),#쇼츠 #shorts,이상한 과자가게  weird sweets shop,2024-07-10,PT43S,2384075,59366,559,youtube
이상한_과자가게__weird_sweets_shop_20240709,"2년 전에 구매한,, 젤리만들기 키트를 발견했다! 버리지 말고 개구리알 ㄱㄱ",#쇼츠 #shorts,이상한 과자가게  weird sweets shop,2024-07-09,PT57S,3128597,60846,312,youtube
이상한_과자가게__weird_sweets_shop_20240707,두바이초콜릿이 CU에서 나왔다고?? 4000원을 주고 사먹을 만 할까?,#쇼츠 #shorts,이상한 과자가게  weird sweets shop,2024-07-07,PT58S,1761545,43434,654,youtube
이상한_과자가게__weird_sweets_shop_20240706,시리얼로 퐁당쇼콜라를 만들 수 있다고??!,#켈로그 #콘푸로스트다크초코 #초코우유정수기 #쇼츠 #shorts,이상한 과자가게  weird sweets shop,2024-07-06,PT53S,3458576,57102,517,youtube
이상한_과자가게__weird_sweets_shop_20240705,총 4일 걸린 ‘먹는 골드버튼‘ 만들기,#쇼츠 #shorts #유튜브팬페스트 #YTFFKR,이상한 과자가게  weird sweets shop,2024-07-05,PT59S,1704354,52155,418,youtube
이상한_과자가게__weird_sweets_shop_20240704,컵라면 부숴서 뇨끼 만들기,#쇼츠 #shorts,이상한 과자가게  weird sweets shop,2024-07-04,PT51S,1104960,29213,159,youtube
이상한_과자가게__weird_sweets_shop_20240702,젤리먹어서 신난 금쪽이녀석 #롱디챌린지 #제작비지원,#쇼츠 #shorts,이상한 과자가게  weird sweets shop,2024-07-02,PT24S,407351,8540,247,youtube
이상한_과자가게__weird_sweets_shop_20240701,Gs25에서 파는 파는 1600원짜리 평양냉면 육수?!,#쇼츠 #shorts,이상한 과자가게  weird sweets shop,2024-07-01,PT55S,1425303,32225,373,youtube
이상한_과자가게__weird_sweets_shop_20240630,"해외에서,엄청 짠 도리토스를..!더 짜게 먹는 방법 (하지만 맛있죠?)",#쇼츠 #shorts,이상한 과자가게  weird sweets shop,2024-06-30,PT58S,3886738,98758,491,youtube
이상한_과자가게__weird_sweets_shop_20240629,친구와 짜장라면 끓이다가 싸운 이유,#쇼츠 #shorts #짜슐랭,이상한 과자가게  weird sweets shop,2024-06-29,PT56S,1476663,43568,417,youtube
이상한_과자가게__weird_sweets_shop_20240628,가나초콜릿이 통째로 올라간! 전자레인지 5분컷 초코케이크,#쇼츠 #shorts,이상한 과자가게  weird sweets shop,2024-06-28,PT49S,1409786,40455,316,youtube
이상한_과자가게__weird_sweets_shop_20240627,오물풍선을 보고 생각난 디저트입니다,#쇼츠 #shorts,이상한 과자가게  weird sweets shop,2024-06-27,PT1M,1582143,40985,270,youtube
이상한_과자가게__weird_sweets_shop_20240626,라이즈는 내 심장을 터뜨려버릴 셈인가🧨 #BoomBoomBass #제작비지원,#쇼츠 #shorts,이상한 과자가게  weird sweets shop,2024-06-26,PT11S,481221,10036,338,youtube
이상한_과자가게__weird_sweets_shop_20240625,"연어국수 만들기, 이렇게 쉽다고?!",#쇼츠 #shorts,이상한 과자가게  weird sweets shop,2024-06-25,PT57S,8862196,185554,1068,youtube
이상한_과자가게__weird_sweets_shop_20240624,제 얼굴 사탕을 받으신 분은 보십시오,#쇼츠 #shorts,이상한 과자가게  weird sweets shop,2024-06-24,PT52S,810280,29539,287,youtube
이상한_과자가게__weird_sweets_shop_20240623,음식 이름을 말할 때 조심해야 하는 이유,#치킨플러스 #고르곤졸라치킨 #치즈치킨 #쇼츠 #shorts,이상한 과자가게  weird sweets shop,2024-06-23,PT57S,1307046,35238,196,youtube
이상한_과자가게__weird_sweets_shop_20240622,이게 3000원이요...? 뭐 남으세요?? (현금결제만 가능하니 참고),#쇼츠 #shorts,이상한 과자가게  weird sweets shop,2024-06-22,PT53S,2875215,48591,1332,youtube
이상한_과자가게__weird_sweets_shop_20240621,"냉장고는 텅텅 비었는데, 요즘 유행하는 회오리 달걀말이 먹고싶다!!",#쇼츠 #shorts,이상한 과자가게  weird sweets shop,2024-06-21,PT50S,2406361,51043,251,youtube
이상한_과자가게__weird_sweets_shop_20240620,빈츠박스 뜯는 소리를 맞추는게..시험이라고?!!?,#쇼츠 #shorts #롯데웰푸드 #히든서포터즈 #히든카드프로젝트,이상한 과자가게  weird sweets shop,2024-06-20,PT47S,585580,15610,117,youtube
이상한_과자가게__weird_sweets_shop_20240619,"선과 악이 공존하는, 48시간 걸린 역대급 먹는포카!!!",#쇼츠 #shorts,이상한 과자가게  weird sweets shop,2024-06-19,PT45S,937522,28647,323,youtube
이상한_과자가게__weird_sweets_shop_20240618,세계적으로 엄청 유행중인 ‘길쭉이 아이스크림’ 만들기! (with 그릭),#쇼츠 #shorts,이상한 과자가게  weird sweets shop,2024-06-18,PT56S,3019734,76157,1447,youtube
이상한_과자가게__weird_sweets_shop_20240617,첵스초코로 기가막힌 츄러스 만들기,#쇼츠 #shorts,이상한 과자가게  weird sweets shop,2024-06-17,PT1M,13264980,211417,2208,youtube
이상한_과자가게__weird_sweets_shop_20240616,듣도 보도 못한..상추 수확법 ㅎㅎㅎ,#쇼츠 #shorts,이상한 과자가게  weird sweets shop,2024-06-16,PT51S,630150,18116,237,youtube
이상한_과자가게__weird_sweets_shop_20240615,"첵스초코 먹다가, 엄마한테 등짝맞는 꿀팁",#쇼츠 #shorts,이상한 과자가게  weird sweets shop,2024-06-15,PT50S,1764348,58299,409,youtube
이상한_과자가게__weird_sweets_shop_20240614,"두바이초콜릿보다 먼저 유행했던, 미친 칼로리의 초콜릿",#쇼츠 #shorts,이상한 과자가게  weird sweets shop,2024-06-14,PT1M,2640189,59144,459,youtube
이상한_과자가게__weird_sweets_shop_20240613,마을 어르신댁 냉동실 채워드리기!!,#CJ크레잇 #에어프라이어요리 #냉동식품  #쇼츠 #shorts,이상한 과자가게  weird sweets shop,2024-06-13,PT1M,1451419,42623,700,youtube
이상한_과자가게__weird_sweets_shop_20240612,소리가 미친듯이 자극적인 중국간식??,#쇼츠 #shorts,이상한 과자가게  weird sweets shop,2024-06-12,PT46S,8116602,100733,1673,youtube
이상한_과자가게__weird_sweets_shop_20240611,냉동실에서 6개월 동안 죽어가던 반죽으로 10만원어치 디저트 만들기,#쇼츠 #shorts #dessert,이상한 과자가게  weird sweets shop,2024-06-11,PT52S,15666451,211423,1081,youtube
이상한_과자가게__weird_sweets_shop_20240610,괴식 경쟁자가 나타났다,#쇼츠 #shorts #짐빔 #짐빔괴식당 #즐겨봐우리대로,이상한 과자가게  weird sweets shop,2024-06-10,PT51S,673009,14669,143,youtube
이상한_과자가게__weird_sweets_shop_20240609,얼음물로 만드는 제로제로제로탕후루,#쇼츠 #shorts,이상한 과자가게  weird sweets shop,2024-06-09,PT52S,2284919,51991,401,youtube
이상한_과자가게__weird_sweets_shop_20240608,만화책을 먹는 사람이 있다?!,#쇼츠 #shorts,이상한 과자가게  weird sweets shop,2024-06-08,PT41S,632114,18107,286,youtube
이상한_과자가게__weird_sweets_shop_20240607,만드는데 3일 걸린..대왕과자 만들기,#쇼츠 #shorts,이상한 과자가게  weird sweets shop,2024-06-07,PT40S,1001066,24348,195,youtube
이상한_과자가게__weird_sweets_shop_20240605,요즘 애들은 모르는 '과일 사라다’의 비밀,#쇼츠 #short,이상한 과자가게  weird sweets shop,2024-06-05,PT52S,3728927,91392,3061,youtube
이상한_과자가게__weird_sweets_shop_20240604,"엄마 몰래 먹다 등짝맞던, 추억의 ‘프리마’을 아십니까?",#쇼츠 #shorts,이상한 과자가게  weird sweets shop,2024-06-04,PT50S,7713260,169493,2489,youtube
이상한_과자가게__weird_sweets_shop_20240603,우유가 아니라 푸딩이 가득담겼네???,#쇼츠 #shorts,이상한 과자가게  weird sweets shop,2024-06-03,PT52S,1847147,44785,433,youtube
이상한_과자가게__weird_sweets_shop_20240602,[제품협찬] 대왕초코파이 박스가 우리집으로 도착했다,#쇼츠 #shorts #단순선물 #제품협찬,이상한 과자가게  weird sweets shop,2024-06-02,PT38S,2333106,53782,565,youtube
이상한_과자가게__weird_sweets_shop_20240601,찬물을 부으면 저절로 끓는! 마법같은‘발열 마라탕’,#쇼츠 #shorts,이상한 과자가게  weird sweets shop,2024-06-01,PT58S,6735955,132232,582,youtube
이상한_과자가게__weird_sweets_shop_20240531,중국간식으로 섣부른 도전은 금물,#쇼츠 #shorts,이상한 과자가게  weird sweets shop,2024-05-31,PT53S,2830441,56283,325,youtube
이상한_과자가게__weird_sweets_shop_20240530,그녀가 준 맛도리 마시멜로잼을 야무지게 써보자,#쇼츠 #shorts,이상한 과자가게  weird sweets shop,2024-05-30,PT53S,3163784,72865,356,youtube
이상한_과자가게__weird_sweets_shop_20240529,분식집에서 콜팝이 팔리지 않는 이유,#60계치킨 #크랑이치킨 #치킨추천 #치킨 #쇼츠 #shorts,이상한 과자가게  weird sweets shop,2024-05-29,PT51S,8679521,158599,636,youtube
이상한_과자가게__weird_sweets_shop_20240528,‘먹는 포카’영상이 뭘 해도 욕먹었던 이유,#쇼츠 #shorts,이상한 과자가게  weird sweets shop,2024-05-28,PT35S,2938271,87144,1281,youtube
이상한_과자가게__weird_sweets_shop_20240527,이게 두바이초콜릿 보다 유명한 중동디저트 라구요??,#쇼츠 #shorts,이상한 과자가게  weird sweets shop,2024-05-27,PT57S,2923152,72231,351,youtube
이상한_과자가게__weird_sweets_shop_20240526,외국에서는 초콜릿으로 머리염색을 한다고?!,,이상한 과자가게  weird sweets shop,2024-05-26,PT56S,2806513,60816,369,youtube
이상한_과자가게__weird_sweets_shop_20240525,아저씨 그 떡볶이 혼자 다 먹을 수 있어요?!,#장스푸드 #스텔라떡볶이 #스떡 #쇼츠 #shorts,이상한 과자가게  weird sweets shop,2024-05-25,PT53S,4330558,85507,437,youtube
이상한_과자가게__weird_sweets_shop_20240524,두바이초콜릿 댓글 보고 급발진하기,#쇼츠 #shorts #두바이초콜릿,이상한 과자가게  weird sweets shop,2024-05-24,PT37S,2732559,77893,679,youtube
이상한_과자가게__weird_sweets_shop_20240523,내가 두바이초콜릿을 이제서야 만든 이유,#쇼츠 #shorts,이상한 과자가게  weird sweets shop,2024-05-23,PT54S,6429705,120957,602,youtube
이상한_과자가게__weird_sweets_shop_20240522,"유행하는 디저트는,, 꼭 맛있기만 한걸까?!",#쇼츠 #shorts,이상한 과자가게  weird sweets shop,2024-05-22,PT53S,1132290,36674,240,youtube
이상한_과자가게__weird_sweets_shop_20240521,맛있는 거 만드는 걸 좋아하는 친구! #차노을챌린지 #제작비지원,#쇼츠 #shorts,이상한 과자가게  weird sweets shop,2024-05-21,PT25S,1122121,23179,347,youtube
이상한_과자가게__weird_sweets_shop_20240520,10초만 튀기면 10배 커지는 과자,#쇼츠 #shorts,이상한 과자가게  weird sweets shop,2024-05-20,PT51S,3422843,60403,381,youtube
이상한_과자가게__weird_sweets_shop_20240519,내가 만든 라바삭을..! 누군가 밟았다,#shorts #쇼츠,이상한 과자가게  weird sweets shop,2024-05-19,PT31S,3406835,79597,301,youtube
이상한_과자가게__weird_sweets_shop_20240518,진짜 수수깡젤리 사장님께 연락이 왔다..!!!,#쇼츠 #shorts  * 본 영상은 노출의 의무가 없는 단순 선물로 제공된 제품으로 제작된 영상입니다. #단순선물 #제품제공,이상한 과자가게  weird sweets shop,2024-05-18,PT50S,5958099,119704,758,youtube
이상한_과자가게__weird_sweets_shop_20240517,어항맛 젤리,#쇼츠 #shorts,이상한 과자가게  weird sweets shop,2024-05-17,PT33S,3645435,82776,587,youtube
이상한_과자가게__weird_sweets_shop_20240515,제가 만든 짝퉁 두바이초콜릿은 잊어주세요,#쇼츠 #shorts,이상한 과자가게  weird sweets shop,2024-05-15,PT43S,3318838,93962,398,youtube
이상한_과자가게__weird_sweets_shop_20240514,한밤중에 두바이초콜릿이 미친듯이 먹고싶으면 생기는 일,#쇼츠 #shorts,이상한 과자가게  weird sweets shop,2024-05-14,PT58S,3804263,86292,667,youtube
이상한_과자가게__weird_sweets_shop_20240513,"재료비 7000원으로,, 친구에게 마카롱을 만들어줬더니?!",#쇼츠 #shorts,이상한 과자가게  weird sweets shop,2024-05-13,PT54S,2355505,65461,583,youtube
이상한_과자가게__weird_sweets_shop_20240512,미국 아이들은 이걸 아침밥으로 먹는다고?!ㄷㄷ,#쇼츠 #shorts,이상한 과자가게  weird sweets shop,2024-05-12,PT1M,6087991,131315,1462,youtube
이상한_과자가게__weird_sweets_shop_20240511,"우리만 몰랐던, 필리핀에서 엄청 유명한 디저트",#쇼츠 #shorts,이상한 과자가게  weird sweets shop,2024-05-11,PT41S,1538823,39013,613,youtube
이상한_과자가게__weird_sweets_shop_20240510,설마 쟤 아이섀도우 먹어?,#쇼츠 #shorts,이상한 과자가게  weird sweets shop,2024-05-10,PT38S,1197882,27542,184,youtube
이상한_과자가게__weird_sweets_shop_20240509,13만시간 연구했다는 떡볶이?? 만들어봤습니다,#쇼츠 #shorts,이상한 과자가게  weird sweets shop,2024-05-09,PT1M,10575600,181326,988,youtube
이상한_과자가게__weird_sweets_shop_20240508,밥솥 치즈케이크? 미친듯이 꾸덕하다,#쇼츠 #shorts,이상한 과자가게  weird sweets shop,2024-05-08,PT1M,3408956,110250,512,youtube
이상한_과자가게__weird_sweets_shop_20240507,자존심 때문에 라면에 캡사이신 넣는다고??,#쇼츠 #shorts #장인라면 #장인라면맵싸한맛 #라면 #리뷰,이상한 과자가게  weird sweets shop,2024-05-07,PT52S,782139,19167,244,youtube
이상한_과자가게__weird_sweets_shop_20240506,동네 어르신들께 오마카세를 해드린..그 뒷이야기 (ㅠㅠㅠ),#쇼츠 #shorts,이상한 과자가게  weird sweets shop,2024-05-06,PT59S,9323398,260246,5098,youtube
이상한_과자가게__weird_sweets_shop_20240505,돈주고도 못사먹는 동결건조 지구젤리의 끝판왕,#쇼츠 #shorts,이상한 과자가게  weird sweets shop,2024-05-05,PT56S,4884877,108817,1860,youtube
이상한_과자가게__weird_sweets_shop_20240504,제니&지코...그리고 이사장(?!) #SPOTChallenge #제작비지원,#쇼츠 #shorts,이상한 과자가게  weird sweets shop,2024-05-04,PT20S,562219,15250,288,youtube
이상한_과자가게__weird_sweets_shop_20240503,망고로 만든 가죽,#쇼츠 #shorts #라바삭,이상한 과자가게  weird sweets shop,2024-05-03,PT46S,1553389,36958,227,youtube
이상한_과자가게__weird_sweets_shop_20240502,동네 어르신들께 한우 오마카세 대접하기,#쇼츠 #shorts #설로인 #어버이날선물 #한우선물세트,이상한 과자가게  weird sweets shop,2024-05-02,PT59S,4784920,142492,1133,youtube
이상한_과자가게__weird_sweets_shop_20240501,헐 수수깡캔디가 원래 이런 맛인가요??,#쇼츠 #shorts,이상한 과자가게  weird sweets shop,2024-05-01,PT33S,1379984,30178,522,youtube
이상한_과자가게__weird_sweets_shop_20240430,내가 고양이 사료까지 만들줄이야...?,#쇼츠 #shorts,이상한 과자가게  weird sweets shop,2024-04-30,PT54S,1985432,58372,305,youtube
이상한_과자가게__weird_sweets_shop_20240429,2004년 진상손님 vs 2024 중국집 사장님,#쇼츠 #shorts,이상한 과자가게  weird sweets shop,2024-04-29,PT49S,2538314,73490,603,youtube
이상한_과자가게__weird_sweets_shop_20240428,이게 감자가 아니라 과일이라고?,#쇼츠 #shorts,이상한 과자가게  weird sweets shop,2024-04-28,PT35S,3661445,58594,655,youtube
이상한_과자가게__weird_sweets_shop_20240427,아침밥 먹기 싫어하는 초등학생 깨우는 법,#첵스초코 #매직팝핑볼 #쇼츠 #shorts,이상한 과자가게  weird sweets shop,2024-04-27,PT57S,2971781,53455,398,youtube
이상한_과자가게__weird_sweets_shop_20240426,시골에서 떡을 돌리면?,#쇼츠 #shorts,이상한 과자가게  weird sweets shop,2024-04-26,PT45S,2494084,71802,730,youtube
이상한_과자가게__weird_sweets_shop_20240425,마시멜로를 먹고 살찌면 지구 한바퀴를 돌아도 안빠진다고?,#쇼츠 #shorts,이상한 과자가게  weird sweets shop,2024-04-25,PT43S,2004152,49320,384,youtube
이상한_과자가게__weird_sweets_shop_20240424,외국에서 생라임에 찍어먹는..! 정체불명의 까만소스,#쇼츠 #shorts,이상한 과자가게  weird sweets shop,2024-04-24,PT52S,5531441,99155,671,youtube
이상한_과자가게__weird_sweets_shop_20240423,남자친구랑 소금빵때문에 10만원빵 내기를 했다,#쇼츠 #shorts,이상한 과자가게  weird sweets shop,2024-04-23,PT58S,2329244,58540,1337,youtube
이상한_과자가게__weird_sweets_shop_20240422,티비 앞에서 보라색 간식을 먹으면 생기는 일,#쇼츠 #shorts #이프_상상의친구 #블루,이상한 과자가게  weird sweets shop,2024-04-22,PT51S,1334411,32687,532,youtube
이상한_과자가게__weird_sweets_shop_20240421,닭고기처럼 쫙쫙 찢어지는 과일?! 헐 너무 맛있어,#쇼츠 #shorts,이상한 과자가게  weird sweets shop,2024-04-21,PT51S,4938062,71189,1715,youtube
이상한_과자가게__weird_sweets_shop_20240420,"한국인들은 모르는, 라이스페이퍼를 먹는 충격적인 방법",#쇼츠 #shorts,이상한 과자가게  weird sweets shop,2024-04-20,PT41S,3191871,55636,469,youtube
이상한_과자가게__weird_sweets_shop_20240419,과자 미니어처 핵쉽게 만들기,#쇼츠 #shorts,이상한 과자가게  weird sweets shop,2024-04-19,PT33S,658272,15472,99,youtube
이상한_과자가게__weird_sweets_shop_20240417,생수 페트병으로 ‘공차의 펄볶이’ 만드는...쓸데없는 방법,#쇼츠 #shorts #공차,이상한 과자가게  weird sweets shop,2024-04-17,PT57S,2407148,52640,380,youtube
이상한_과자가게__weird_sweets_shop_20240416,빵에다 설탕시럽을 끼얹으면 생기는 일,#쇼츠 #shorts #CJ제일제당 #베이크프로젝트 #백설불고기밀빵,이상한 과자가게  weird sweets shop,2024-04-16,PT52S,709406,12703,193,youtube
이상한_과자가게__weird_sweets_shop_20240415,들판에 있는 냉이를 전멸시켰다,#쇼츠 #shorts,이상한 과자가게  weird sweets shop,2024-04-15,PT37S,798339,20299,205,youtube
이상한_과자가게__weird_sweets_shop_20240414,깨물다 턱 나갈뻔 한 ㅎㅎ 편의점 신제품 ‘동결건조 지구젤리’,#쇼츠 #shorts #편의점,이상한 과자가게  weird sweets shop,2024-04-14,PT50S,3259552,73848,1358,youtube
이상한_과자가게__weird_sweets_shop_20240413,성공한 요리만 보여주는거 아님?,#쇼츠 #shorts,이상한 과자가게  weird sweets shop,2024-04-13,PT45S,3554194,69800,458,youtube
이상한_과자가게__weird_sweets_shop_20240411,설마 캐비어 안 먹어본 사람 없지?,#쇼츠 #shorts,이상한 과자가게  weird sweets shop,2024-04-11,PT50S,3515977,72476,446,youtube
이상한_과자가게__weird_sweets_shop_20240410,오므라이스를 만들면 안되는 이유,#쇼츠 #shorts,이상한 과자가게  weird sweets shop,2024-04-10,PT40S,5383635,99523,518,youtube
이상한_과자가게__weird_sweets_shop_20240409,요즘 난리난 ‘대왕크림빵’보다 2배 더 큰 빵이 등장했다!!!,#쇼츠 #shorts,이상한 과자가게  weird sweets shop,2024-04-09,PT33S,2965241,43075,597,youtube
이상한_과자가게__weird_sweets_shop_20240408,"대부분이 모를,, 실제로 롯데리아에서 출시됐던 메뉴",#쇼츠 #shorts,이상한 과자가게  weird sweets shop,2024-04-08,PT35S,1295235,32800,668,youtube
이상한_과자가게__weird_sweets_shop_20240407,엄마! 왜 맨날 나는 치킨 목만 줘?,#쇼츠 #shorts,이상한 과자가게  weird sweets shop,2024-04-07,PT43S,2492153,53695,588,youtube
이상한_과자가게__weird_sweets_shop_20240406,핑크 설탕시럽을 무려 200번 휘감은 회오리 탕후루,#쇼츠 #shorts #탕후루,이상한 과자가게  weird sweets shop,2024-04-06,PT37S,1637411,39644,203,youtube
이상한_과자가게__weird_sweets_shop_20240405,살다 살다 ‘이란’간식을 만들어보네..,#쇼츠 #shorts,이상한 과자가게  weird sweets shop,2024-04-05,PT33S,1755199,36908,331,youtube
이상한_과자가게__weird_sweets_shop_20240404,전기밥솥으로이게 된다고??나 진짜 기절해,#쇼츠 #shorts,이상한 과자가게  weird sweets shop,2024-04-04,PT1M,6603264,154498,937,youtube
이상한_과자가게__weird_sweets_shop_20240403,내 채널을 떡상시켜준 양배추사탕 몰카를..2년만에 다시 해봤다!!!,#쇼츠 #shorts,이상한 과자가게  weird sweets shop,2024-04-03,PT48S,6490097,159390,673,youtube
이상한_과자가게__weird_sweets_shop_20240402,"살 뺀다고 밥은 굶으면서, 음료수는 물처럼 마셔대는 애",#쇼츠 #shorts,이상한 과자가게  weird sweets shop,2024-04-02,PT48S,4424470,67495,430,youtube
이상한_과자가게__weird_sweets_shop_20240401,킹왕짱 밤양갱을 만들었다,#쇼츠 #shorts,이상한 과자가게  weird sweets shop,2024-04-01,PT54S,1414489,36779,255,youtube
이상한_과자가게__weird_sweets_shop_20240331,개밥 아닙니다. 구독자님이 알려주신 소중한 레시피입니다.,#쇼츠 #shorts,이상한 과자가게  weird sweets shop,2024-03-31,PT1M1S,2485916,60152,1320,youtube
이상한_과자가게__weird_sweets_shop_20240330,무한으로 씹을 수 있는 젤리를 편의점에서 판다고?,#쇼츠 #shorts,이상한 과자가게  weird sweets shop,2024-03-30,PT46S,2818516,66461,561,youtube
이상한_과자가게__weird_sweets_shop_20240329,내가 과자 좋아하는거 동네방네 다 까발려졌다,#쇼츠 #shorts,이상한 과자가게  weird sweets shop,2024-03-29,PT39S,649638,15127,808,youtube
이상한_과자가게__weird_sweets_shop_20240328,교실에서 밥 해먹으려고 일찍 등교하는 애,#쇼츠 #shorts,이상한 과자가게  weird sweets shop,2024-03-28,PT53S,2955175,63299,252,youtube
이상한_과자가게__weird_sweets_shop_20240327,달걀 1개로 초미니 달걀후라이 50개 만드는 방법,#쇼츠 #shorts,이상한 과자가게  weird sweets shop,2024-03-27,PT43S,720830,16670,243,youtube
이상한_과자가게__weird_sweets_shop_20240326,페인트? 메니큐어?아닙니다. 먹는겁니다,#쇼츠 #shorts,이상한 과자가게  weird sweets shop,2024-03-26,PT44S,1688918,34300,296,youtube
이상한_과자가게__weird_sweets_shop_20240325,돌처럼 굳은 찹쌀떡에 심폐소생하기,#쇼츠 #shorts,이상한 과자가게  weird sweets shop,2024-03-25,PT48S,2343857,50818,248,youtube
이상한_과자가게__weird_sweets_shop_20240324,수산시장에서 살 수 있는 5000원짜리 젤리???,#쇼츠 #shorts,이상한 과자가게  weird sweets shop,2024-03-24,PT47S,3598438,67591,572,youtube
이상한_과자가게__weird_sweets_shop_20240323,시험 전날 공부가 잘 되는 캔디,#쇼츠 #shorts,이상한 과자가게  weird sweets shop,2024-03-23,PT37S,448340,11954,168,youtube
이상한_과자가게__weird_sweets_shop_20240322,과연 감자칩 1봉에는 몇 개의 감자가 들어갈까?!,#쇼츠 #shorts,이상한 과자가게  weird sweets shop,2024-03-22,PT37S,604432,14284,217,youtube
이상한_과자가게__weird_sweets_shop_20240321,"엽떡 1통 가격으로 직접 재료를 사서 만들면, 양이 얼마나 나올까??",#쇼츠 #shorts,이상한 과자가게  weird sweets shop,2024-03-21,PT53S,8008512,185239,779,youtube
이상한_과자가게__weird_sweets_shop_20240320,엄마들 특징: 엽떡 사먹는거 이해 못함,#쇼츠 #shorts,이상한 과자가게  weird sweets shop,2024-03-20,PT37S,1436496,45115,690,youtube
이상한_과자가게__weird_sweets_shop_20240319,2010년도에 엽떡 가격을 처음들은 엄마의 반응,#쇼츠 #shorts,이상한 과자가게  weird sweets shop,2024-03-19,PT47S,5447678,130269,3881,youtube
이상한_과자가게__weird_sweets_shop_20240318,2000년대를 충격에 빠뜨린 치킨,#쇼츠 #shorts #비비큐 #하피볼 #스모크치킨,이상한 과자가게  weird sweets shop,2024-03-18,PT40S,766649,18290,272,youtube
이상한_과자가게__weird_sweets_shop_20240317,먹다 남은 라면을 버리지마세요!! 누룽지를 만드십쇼,#쇼츠 #shorts,이상한 과자가게  weird sweets shop,2024-03-17,PT38S,1377898,40736,396,youtube
이상한_과자가게__weird_sweets_shop_20240316,중국에서 천겹토스트 유행시킨사람 누구야.. 만들기에 재도전했다,#쇼츠 #shorts #천겹토스트,이상한 과자가게  weird sweets shop,2024-03-16,PT39S,2361181,70859,424,youtube
이상한_과자가게__weird_sweets_shop_20240315,"이 영상을 보는 분들은, 제가 만든 사탕은을 한번씩 핥고 지나가셔야 됩니다.",#쇼츠 #shorts,이상한 과자가게  weird sweets shop,2024-03-15,PT34S,2002488,54851,1015,youtube
이상한_과자가게__weird_sweets_shop_20240314,19900원에 이렇게 비싼 고기를 먹을 수 있어요? 아무리 봐도 사장님이 손해인데,#쇼츠 #shorts #대장갈비 #무한리필 #육미제당,이상한 과자가게  weird sweets shop,2024-03-14,PT51S,604930,14608,212,youtube
이상한_과자가게__weird_sweets_shop_20240313,초초초 미니 달걀후라이! 어떻게 만들어졌을지 맞춰보세요,#쇼츠 #shorts,이상한 과자가게  weird sweets shop,2024-03-13,PT33S,2120407,44922,3391,youtube
이상한_과자가게__weird_sweets_shop_20240312,원래보다 8배나 큰 점보도시락의 비밀을 알아버렸다,#쇼츠 #shorts,이상한 과자가게  weird sweets shop,2024-03-12,PT58S,3228007,56070,676,youtube
이상한_과자가게__weird_sweets_shop_20240311,이 파란색 캔디가 어떻게 딸기냐고!,#쇼츠 #shorts,이상한 과자가게  weird sweets shop,2024-03-11,PT34S,2935173,58051,493,youtube
이상한_과자가게__weird_sweets_shop_20240310,중국에 실제로 있다는 얼음구이???맛있게 먹는 방법,#쇼츠 #shorts #중국간식,이상한 과자가게  weird sweets shop,2024-03-10,PT42S,5804738,106157,824,youtube
이상한_과자가게__weird_sweets_shop_20240309,백설공주가 햄버거 먹다가 쓰러진 이유?!,내가 닭다리살 파다?➡️ 맥크리스피 토마토 치즈 크러스트🍗         닭가슴살 파다?➡️ 맥스파이시 토마토 치즈 크러스트🌶️   + 토마토 치즈 크러스트는? 단품으로도 주문 가능하다구!!!!!!!    뜨~끈 뜨~끈 할 때 버거나 음료랑 같이 즐겨보세요 😆  #쇼츠 #shorts,이상한 과자가게  weird sweets shop,2024-03-09,PT56S,624643,17752,340,youtube
이상한_과자가게__weird_sweets_shop_20240308,천겹토스트 만들기가 얼마나 쉽냐면요! ㅎㅎ,#쇼츠 #shorts,이상한 과자가게  weird sweets shop,2024-03-08,PT42S,1509988,35708,400,youtube
이상한_과자가게__weird_sweets_shop_20240307,96시간 걸린 임금님 간식 만들기,#쇼츠 #shorts,이상한 과자가게  weird sweets shop,2024-03-07,PT48S,6857954,163334,627,youtube
이상한_과자가게__weird_sweets_shop_20240306,내 기준 죽기전에 먹어봐야 할 찹쌀떡 1위!!!(레시피),#쇼츠 #shorts,이상한 과자가게  weird sweets shop,2024-03-06,PT53S,1681862,58286,409,youtube
이상한_과자가게__weird_sweets_shop_20240305,수상한 만두의 정체는?!,#쇼츠 #shorts,이상한 과자가게  weird sweets shop,2024-03-05,PT53S,551672,13715,138,youtube
이상한_과자가게__weird_sweets_shop_20240304,스팸회사 사장님이 극대노할 스팸떡,#쇼츠 #shorts,이상한 과자가게  weird sweets shop,2024-03-04,PT45S,1803344,42132,322,youtube
이상한_과자가게__weird_sweets_shop_20240303,헐..초코콘 단종됐다구요?! 먹고자 하는 의지만 있으면 다 가능합니다.,#쇼츠 #shorts,이상한 과자가게  weird sweets shop,2024-03-03,PT47S,7813453,153777,865,youtube
이상한_과자가게__weird_sweets_shop_20240302,응..?우리집 닭이 왜 저기있냐...?,#쇼츠 #shorts,이상한 과자가게  weird sweets shop,2024-03-02,PT37S,1178240,27628,306,youtube
이상한_과자가게__weird_sweets_shop_20240301,바삭한 마시멜로가 먹고 싶던 금쪽이는 결국!,새학기 인싸되는 비법 너만 알려줄게!!  GS25에서 3월 한 달간 2+1하는 멜로팝을 사서 진짜 맘에 드는 친구들한테 뿌리는 거야.  이거 정말 비밀이니까 너만 알고 있어야 해!! #shorts #쇼츠 #스낵스 #GS25간식 #멜로팝 #건조마시멜로 @snax__kr,이상한 과자가게  weird sweets shop,2024-03-01,PT59S,4731362,91601,605,youtube
이상한_과자가게__weird_sweets_shop_20240228,"짱구가 좋아하는 키리모찌,,기똥차게 구워 먹는 방법!!!",#쇼츠 #shorts,이상한 과자가게  weird sweets shop,2024-02-28,PT51S,2941352,62920,745,youtube
이상한_과자가게__weird_sweets_shop_20240227,제 국밥에 깍두기를 왜 부으시는건데요??;;;,#쇼츠 #shorts,이상한 과자가게  weird sweets shop,2024-02-27,PT51S,4506734,87091,581,youtube
이상한_과자가게__weird_sweets_shop_20240226,치즈범벅으로 뽀뽀하기,#쇼츠 #shorts,이상한 과자가게  weird sweets shop,2024-02-26,PT49S,2265785,54868,252,youtube
이상한_과자가게__weird_sweets_shop_20240225,드럽게 맛없던 양초맛 캔디..얼려먹으면 맛있다고?,#쇼츠 #shorts,이상한 과자가게  weird sweets shop,2024-02-25,PT39S,5137556,81438,722,youtube
이상한_과자가게__weird_sweets_shop_20240224,누가 닭을 물에 빠뜨리래!!,#쇼츠 #shorts,이상한 과자가게  weird sweets shop,2024-02-24,PT54S,1603137,42238,606,youtube
이상한_과자가게__weird_sweets_shop_20240223,케첩이 투명하다고?,#쇼츠 #shorts,이상한 과자가게  weird sweets shop,2024-02-23,PT39S,2260157,50227,380,youtube
이상한_과자가게__weird_sweets_shop_20240222,정글에 법칙에서만 볼 수 있던 음식을 맛봤다!,#쇼츠 #shorts,이상한 과자가게  weird sweets shop,2024-02-22,PT52S,1360414,39787,501,youtube
이상한_과자가게__weird_sweets_shop_20240221,생각지도 못한 방법으로ㄷㄷ완전 쉽게 와플만들기,#쇼츠 #shorts,이상한 과자가게  weird sweets shop,2024-02-21,PT47S,7184610,102693,641,youtube
이상한_과자가게__weird_sweets_shop_20240220,16384가닥 꿀타래 참 쉽죠? #MakeItLookEasy #제작비지원,#쇼츠 #shorts,이상한 과자가게  weird sweets shop,2024-02-20,PT20S,735494,17844,411,youtube
이상한_과자가게__weird_sweets_shop_20240219,24시간 넘게 걸린 돼지껍데기 튀김..하아!,#쇼츠 #shorts,이상한 과자가게  weird sweets shop,2024-02-19,PT53S,4508228,73712,518,youtube
이상한_과자가게__weird_sweets_shop_20240218,나를 욕하게 만든 조리기구는 네가 처음이야^^,#쇼츠 #shorts,이상한 과자가게  weird sweets shop,2024-02-18,PT41S,2528313,60232,303,youtube
이상한_과자가게__weird_sweets_shop_20240217,달걀을 1분동안 빙빙 돌리면 생기는 일,#쇼츠 #shorts,이상한 과자가게  weird sweets shop,2024-02-17,PT42S,1636516,39190,219,youtube
이상한_과자가게__weird_sweets_shop_20240216,감자를 넣으면 실제 과자로 변하는 장난감?!,#쇼츠 #shorts,이상한 과자가게  weird sweets shop,2024-02-16,PT43S,1704384,37748,273,youtube
이상한_과자가게__weird_sweets_shop_20240215,재료를 넣으면 어떤음식이든 만들어주는 자판기가 있다?!,#쇼츠 #shorts,이상한 과자가게  weird sweets shop,2024-02-15,PT59S,1525680,30347,309,youtube
이상한_과자가게__weird_sweets_shop_20240213,영화관에 초콜릿을 꼭 가져가야 하는 이유!!!,#쇼츠 #shorts,이상한 과자가게  weird sweets shop,2024-02-13,PT38S,3256403,78721,783,youtube
이상한_과자가게__weird_sweets_shop_20240212,기똥찬 흰색덩어리의 맛,#쇼츠 #shorts,이상한 과자가게  weird sweets shop,2024-02-12,PT37S,3400171,72666,545,youtube
이상한_과자가게__weird_sweets_shop_20240211,나만 남친한테 초콜릿 못받아서 울었던 썰ㅠ,#쇼츠 #shorts #초콜릿 #화이트데이 #화이트데이선물 #다크초콜릿 #칼파제르초콜릿 #생초콜릿,이상한 과자가게  weird sweets shop,2024-02-11,PT56S,755112,19058,620,youtube
이상한_과자가게__weird_sweets_shop_20240210,"떡국을 먹다가, 가래떡이 나한테 시비를 걸었다",#쇼츠 #shorts,이상한 과자가게  weird sweets shop,2024-02-10,PT42S,3619581,59373,980,youtube
이상한_과자가게__weird_sweets_shop_20240209,"누가 봐도 짜장밥처럼 보이지만, 전혀 아닙니다.",#쇼츠 #shorts,이상한 과자가게  weird sweets shop,2024-02-09,PT46S,9425072,170075,605,youtube
이상한_과자가게__weird_sweets_shop_20240208,제발 입 좀 벌려봐 마시멜로야!!!,#쇼츠 #shorts,이상한 과자가게  weird sweets shop,2024-02-08,PT42S,2382484,54087,396,youtube
이상한_과자가게__weird_sweets_shop_20240207,라면을 추운 곳에서 먹어야 하는 이유,"뚜껑 위에 있는 용 머리와 스프 포장지에 그려진 청룡 옷을 입은 캐릭터를 합치면 덕담을 전달하는 캐릭터가 완성돼요!  해당 캐릭터를 촬영 후, 인스타그램에 필수 해시태그(#농심 #사발면 #덕담이용)와 업로드하면 추첨을 통해 400명을 선정해서 농심 럭키박스를 준다고 합니다!  모두 이벤트 참여하고 경품 받아보세요!!! -이벤트 기간: 1월 22일 ~ 2월 29일  #쇼츠 #shorts #육개장사발면 #김치사발면 #nongshim #신년 #덕담",이상한 과자가게  weird sweets shop,2024-02-07,PT51S,1306596,32675,453,youtube
이상한_과자가게__weird_sweets_shop_20240205,완전 빡센 오늘의 간식,#쇼츠 #shorts,이상한 과자가게  weird sweets shop,2024-02-05,PT43S,9983730,126658,2036,youtube
이상한_과자가게__weird_sweets_shop_20240204,일본에서 이 간식은 절대 먹지마세요!!!(진심),#쇼츠 #shorts,이상한 과자가게  weird sweets shop,2024-02-04,PT49S,3279109,54626,473,youtube
이상한_과자가게__weird_sweets_shop_20240203,코를 막으면 딸기우유랑 바나나우유 구별이 안된다고?!,#쇼츠 #shorts,이상한 과자가게  weird sweets shop,2024-02-03,PT53S,935034,22779,305,youtube
이상한_과자가게__weird_sweets_shop_20240202,지나가다 뻥튀기 트럭을 눈여겨 봐야하는 이유,#쇼츠 #shorts,이상한 과자가게  weird sweets shop,2024-02-02,PT39S,2311263,60362,322,youtube
이상한_과자가게__weird_sweets_shop_20240201,완전 쪼잔한 달고나 아줌마,#쇼츠 #shorts,이상한 과자가게  weird sweets shop,2024-02-01,PT51S,2179342,68965,394,youtube
이상한_과자가게__weird_sweets_shop_20240131,급식우유 가져가면 달고나랑 바꿔줬던 2000년대,#쇼츠 #shorts,이상한 과자가게  weird sweets shop,2024-01-31,PT44S,6911787,150823,745,youtube
이상한_과자가게__weird_sweets_shop_20240130,마트에서 우연히 튀겨먹는 바나나를 발견했다!,#쇼츠 #shorts,이상한 과자가게  weird sweets shop,2024-01-30,PT47S,2857747,75285,1363,youtube
이상한_과자가게__weird_sweets_shop_20240129,입에 묻은 아이스크림을 함부러 닦아주면 안되는 이유!!!,#쇼츠 #shorts,이상한 과자가게  weird sweets shop,2024-01-29,PT46S,928671,19480,260,youtube
이상한_과자가게__weird_sweets_shop_20240128,이렇게 괴로운 먹방은 처음이야..대장세척 음료 마시기,#쇼츠 #shorts,이상한 과자가게  weird sweets shop,2024-01-28,PT41S,1820686,48618,506,youtube
이상한_과자가게__weird_sweets_shop_20240127,내가 50번 넘게 실패했던! 일본 애니에 나오는 달고나를 실제로 발견했다!!!,#쇼츠 #shorts,이상한 과자가게  weird sweets shop,2024-01-27,PT39S,2930329,69005,177,youtube
이상한_과자가게__weird_sweets_shop_20240126,녹말이쑤시개를 먹을 수 있는 유일한 방법,#쇼츠 #shorts,이상한 과자가게  weird sweets shop,2024-01-26,PT36S,2164523,47405,292,youtube
이상한_과자가게__weird_sweets_shop_20240125,나만 몰랐어? 일본에서 겨울에 엄!!청 많이 먹는다는 음식,#쇼츠 #shorts,이상한 과자가게  weird sweets shop,2024-01-25,PT51S,3626683,84768,507,youtube
이상한_과자가게__weird_sweets_shop_20240124,아 진짜 남자친구 있다니깐?!!,#쇼츠 #shorts,이상한 과자가게  weird sweets shop,2024-01-24,PT55S,1497191,35120,310,youtube
이상한_과자가게__weird_sweets_shop_20240123,뉴스에 제 얼굴이 그대로 나왔네요ㅠㅠㅠ속상,#쇼츠 #shorts,이상한 과자가게  weird sweets shop,2024-01-23,PT40S,1232602,32409,680,youtube
이상한_과자가게__weird_sweets_shop_20240122,"집에 굴러다니는 딱딱한 쿠키로, ㄱㅐ쩌는 딸기케이크를 만들 수 있다??",#쇼츠 #shorts,이상한 과자가게  weird sweets shop,2024-01-22,PT55S,2303439,77300,402,youtube
이상한_과자가게__weird_sweets_shop_20240121,"가짜 와라비모찌만 만들어보다가,, 일본에서 진짜를 발견했다!!",#쇼츠 #shorts,이상한 과자가게  weird sweets shop,2024-01-21,PT47S,3382804,81778,532,youtube
이상한_과자가게__weird_sweets_shop_20240118,망고사고를 국수처럼 젓가락으로 먹을 수 있다면?!,#쇼츠 #shorts,이상한 과자가게  weird sweets shop,2024-01-18,PT52S,3580395,67416,572,youtube
이상한_과자가게__weird_sweets_shop_20240116,생크림빵을 얼려서 구워먹으라고요? 대체 왜???,#쇼츠 #shorts #연세우유크림빵,이상한 과자가게  weird sweets shop,2024-01-16,PT46S,1432112,36542,333,youtube
이상한_과자가게__weird_sweets_shop_20240115,마쉬멜로우로 개쭬게  귀여운 개인기 하는 법?,#쇼츠 #shorts,이상한 과자가게  weird sweets shop,2024-01-15,PT45S,2671887,62053,960,youtube
이상한_과자가게__weird_sweets_shop_20240114,중국영상 보고 라티아오 사먹다가 실망하신분들? 이거 한번 잡솨봐,#쇼츠 #shorts,이상한 과자가게  weird sweets shop,2024-01-14,PT50S,9346472,208781,1055,youtube
이상한_과자가게__weird_sweets_shop_20240113,치즈소스가 무슨 용암처럼 터져나오는데??,#shorts #쇼츠,이상한 과자가게  weird sweets shop,2024-01-13,PT41S,6872823,112825,388,youtube
이상한_과자가게__weird_sweets_shop_20240112,김치티셔츠를 입고 다니는 외국인을 반겨주십시오,#쇼츠 #shorts,이상한 과자가게  weird sweets shop,2024-01-12,PT36S,1466883,40052,301,youtube
이상한_과자가게__weird_sweets_shop_20240111,흰죽 대신 엄마 몰래 라면 먹은 초딩(100% 실화),#쇼츠 #shorts #농심 #오징어짬뽕 #굿즈 # 오짬박사   이벤트 보러가기 :  https://www.nongshim.com/promotion/event/view/2023/11_champongnoodle/champongnoodle_event   강수진 성우님과 함께한 오짬 CM 들으러 가기 :  https://youtu.be/YSa3HQJSVIk?si=GykIdwpOXM81hSnd,이상한 과자가게  weird sweets shop,2024-01-11,PT55S,2842463,59947,621,youtube
이상한_과자가게__weird_sweets_shop_20240110,신라호텔 망고빙수가 10만원? 제가 만든건 60만원 짜리 입니다^^,#쇼츠 #shorts,이상한 과자가게  weird sweets shop,2024-01-10,PT47S,4224882,104751,662,youtube
이상한_과자가게__weird_sweets_shop_20240109,냉장고에서 투게더가 다 녹았다ㅠㅠㅠ근데 오히려 좋아!!!,#쇼츠 #shorts,이상한 과자가게  weird sweets shop,2024-01-09,PT44S,12159197,213424,816,youtube
이상한_과자가게__weird_sweets_shop_20240108,요즘 붕어빵엔 팥 대신 이게?,#쇼츠 #shorts,이상한 과자가게  weird sweets shop,2024-01-08,PT43S,1324478,31851,409,youtube
이상한_과자가게__weird_sweets_shop_20240107,한 입 먹고 너무 충격받은 미국간식,#쇼츠 #shorts,이상한 과자가게  weird sweets shop,2024-01-07,PT49S,2323759,50798,1162,youtube
이상한_과자가게__weird_sweets_shop_20240106,식빵을 우유에 24시간 담궈놓으면 어떤일이 일어날까?,#쇼츠 #shorts,이상한 과자가게  weird sweets shop,2024-01-06,PT47S,3995157,75158,1939,youtube
이상한_과자가게__weird_sweets_shop_20240104,"10000번 흔들어 먹는 슬러쉬를, 길거리에서 판다고?",#쇼츠 #shorts,이상한 과자가게  weird sweets shop,2024-01-04,PT39S,5117705,96800,573,youtube
이상한_과자가게__weird_sweets_shop_20240103,목캔디를 만들어봤다. 다시는 안만든다.,#쇼츠 #shorts,이상한 과자가게  weird sweets shop,2024-01-03,PT41S,4018655,73971,412,youtube
이상한_과자가게__weird_sweets_shop_20240102,플라스틱 과일 모형같이 생겼지만 대반전!!,#쇼츠 #shorts,이상한 과자가게  weird sweets shop,2024-01-02,PT33S,4088475,79617,353,youtube
이상한_과자가게__weird_sweets_shop_20240101,길거리음식 먹으러 인도를 다녀와야할 것 같다,#쇼츠 #shorts,이상한 과자가게  weird sweets shop,2024-01-01,PT28S,2363654,53298,503,youtube
이상한_과자가게__weird_sweets_shop_20231231,푸바오 덕분에 먹은 사탕수수,#쇼츠 #shorts,이상한 과자가게  weird sweets shop,2023-12-31,PT36S,6072459,108452,828,youtube
이상한_과자가게__weird_sweets_shop_20231230,유튜브 그만두면 치킨장사 해야될 듯,#쇼츠 #shorts,이상한 과자가게  weird sweets shop,2023-12-30,PT44S,1227720,29626,331,youtube
이상한_과자가게__weird_sweets_shop_20231229,20대에 내집마련 할 수 있었던 이유,#쇼츠 #shorts,이상한 과자가게  weird sweets shop,2023-12-29,PT22S,823980,17929,182,youtube
이상한_과자가게__weird_sweets_shop_20231227,한국인이 보면 어이없는 미국식 샐러드,#쇼츠 #shorts,이상한 과자가게  weird sweets shop,2023-12-27,PT47S,2121534,43204,639,youtube
이상한_과자가게__weird_sweets_shop_20231226,너 이게 어떤 츄러스인줄 알아?,#쇼츠 #shorts #동서제티 #제티,이상한 과자가게  weird sweets shop,2023-12-26,PT59S,3034358,72197,579,youtube
이상한_과자가게__weird_sweets_shop_20231225,1시간도 넘게 익힌 스테이크 고급스럽게 먹기,#쇼츠 #shorts,이상한 과자가게  weird sweets shop,2023-12-25,PT47S,10707338,194191,1059,youtube
이상한_과자가게__weird_sweets_shop_20231224,차타고 가는길에! 댓글에서 추천받은 편의점조합 먹기,#쇼츠 #shorts,이상한 과자가게  weird sweets shop,2023-12-24,PT47S,3055470,82123,550,youtube
이상한_과자가게__weird_sweets_shop_20231223,짧은머리 vs 긴머리 골라주세요!,#쇼츠 #shorts,이상한 과자가게  weird sweets shop,2023-12-23,PT19S,2612024,52993,5625,youtube
이상한_과자가게__weird_sweets_shop_20231222,"그동안 모카번에 크림을 넣지 않던 저는, 죄인입니다",#쇼츠 #shorts,이상한 과자가게  weird sweets shop,2023-12-22,PT41S,2096868,59768,220,youtube
이상한_과자가게__weird_sweets_shop_20231220,사고를 꼭 숙성시켜야 하는 걸까?,#쇼츠 #shorts,이상한 과자가게  weird sweets shop,2023-12-20,PT54S,2990554,73173,297,youtube
이상한_과자가게__weird_sweets_shop_20231219,태어나서 처음 보는 주황색 덩어리의 정체는?,#쇼츠 #shorts,이상한 과자가게  weird sweets shop,2023-12-19,PT51S,3460526,76395,559,youtube
이상한_과자가게__weird_sweets_shop_20231218,요리사들 뒷목잡고 쓰러질 요리. 하지만 꼭 해드세요,#쇼츠 #shorts,이상한 과자가게  weird sweets shop,2023-12-18,PT42S,4908812,81806,903,youtube
이상한_과자가게__weird_sweets_shop_20231217,치킨이 들어가는데 살이빠진다고?,#쇼츠 #shorts,이상한 과자가게  weird sweets shop,2023-12-17,PT37S,1003545,28151,216,youtube
이상한_과자가게__weird_sweets_shop_20231216,귤을 새까맣게 구워먹는다고요?,#쇼츠 #shorts,이상한 과자가게  weird sweets shop,2023-12-16,PT38S,2097416,46993,617,youtube
이상한_과자가게__weird_sweets_shop_20231215,내 명예를 걸고 대왕푸딩에 재도전 한다,#쇼츠 #shorts,이상한 과자가게  weird sweets shop,2023-12-15,PT17S,5976654,111673,420,youtube
이상한_과자가게__weird_sweets_shop_20231214,여러분은 절대 모를 귤의 비밀,#쇼츠 #shorts #귤,이상한 과자가게  weird sweets shop,2023-12-14,PT39S,9569005,176864,1559,youtube
이상한_과자가게__weird_sweets_shop_20231213,어른도 피카츄 돈까스가 먹고싶다,#쇼츠 #shorts,이상한 과자가게  weird sweets shop,2023-12-13,PT39S,652330,16790,147,youtube
이상한_과자가게__weird_sweets_shop_20231212,키위새와 키위는 무슨 사이일까? (사실 나도 처음 알았음),#쇼츠 #shorts,이상한 과자가게  weird sweets shop,2023-12-12,PT43S,1927069,43619,364,youtube
이상한_과자가게__weird_sweets_shop_20231210,부모님이 운영하던 식당에서 만난 레전드 연예인 2탄,#쇼츠 #shorts,이상한 과자가게  weird sweets shop,2023-12-10,PT48S,1675703,45747,279,youtube
이상한_과자가게__weird_sweets_shop_20231210,내가 만났던 역대급 연예인 1탄 (현타..),#쇼츠 #shorts,이상한 과자가게  weird sweets shop,2023-12-10,PT59S,854905,24315,138,youtube
이상한_과자가게__weird_sweets_shop_20231209,성냥팔이소녀는 사실 장사의 신이었다,#쇼츠 #shorts #농심 #배홍동비빔면 #배홍동쫄쫄면 #배홍동윈터에디션 #광고,이상한 과자가게  weird sweets shop,2023-12-09,PT58S,2421311,57301,435,youtube
이상한_과자가게__weird_sweets_shop_20231208,돈 많은 사람이 좋아하는 시리얼,#쇼츠 #shorts,이상한 과자가게  weird sweets shop,2023-12-08,PT32S,2262158,51486,316,youtube
이상한_과자가게__weird_sweets_shop_20231207,아 수박씨를 누가 먹습니까?,#쇼츠 #shorts,이상한 과자가게  weird sweets shop,2023-12-07,PT39S,1712925,40914,697,youtube
이상한_과자가게__weird_sweets_shop_20231206,키위가 사고나면 뭔지 아십니까? 키위사고,#쇼츠 #shorts,이상한 과자가게  weird sweets shop,2023-12-06,PT41S,2156254,58853,508,youtube
이상한_과자가게__weird_sweets_shop_20231205,빵빵이랑 옥지를 먹으면 생기는 일,#쇼츠 #shorts,이상한 과자가게  weird sweets shop,2023-12-05,PT56S,1501499,30877,562,youtube
이상한_과자가게__weird_sweets_shop_20231204,집에 귤이 있는데 이걸 안한다고요? 저 화낼겁니다,#쇼츠 #shorts,이상한 과자가게  weird sweets shop,2023-12-04,PT39S,6501034,160803,1177,youtube
이상한_과자가게__weird_sweets_shop_20231203,마당에 불법 분식점을 차렸다.,#쇼츠 #shorts,이상한 과자가게  weird sweets shop,2023-12-03,PT39S,12706706,245267,1824,youtube
이상한_과자가게__weird_sweets_shop_20231202,내가 알약을 못 먹는 이유,#쇼츠 #shorts,이상한 과자가게  weird sweets shop,2023-12-02,PT52S,1598410,50658,612,youtube
이상한_과자가게__weird_sweets_shop_20231201,과자줬더니 이모라고 부른 사람 누구야?!,#쇼츠 #shorts,이상한 과자가게  weird sweets shop,2023-12-01,PT35S,961592,26676,263,youtube
이상한_과자가게__weird_sweets_shop_20231130,키위를 따뜻한 곳에 놓으면 절대 안되는 이유,#쇼츠 #shorts,이상한 과자가게  weird sweets shop,2023-11-30,PT37S,7215063,119826,649,youtube
이상한_과자가게__weird_sweets_shop_20231128,물컵으로 사람들 놀래키는 방법,#올영세일 #12월올영세일 #올리브영 #올해를빛낸히어로 #쇼츠  #shorts  • 이벤트 참여 링크 :  https://forms.gle/x2UYekDtQ4FpBiLk8,이상한 과자가게  weird sweets shop,2023-11-28,PT48S,1876233,35388,440,youtube
이상한_과자가게__weird_sweets_shop_20231127,오레오 넣고 그릭요거트 만들면 무슨 맛일까?,#쇼츠 #shorts,이상한 과자가게  weird sweets shop,2023-11-27,PT49S,1957681,51932,356,youtube
이상한_과자가게__weird_sweets_shop_20231126,댓글에서 추천받은 전설의 컵라면 조합을 먹었습니다,#쇼츠 #shorts,이상한 과자가게  weird sweets shop,2023-11-26,PT49S,2652355,61209,1120,youtube
이상한_과자가게__weird_sweets_shop_20231125,제가 순순히 만들어줄 것 같습니까?,#쇼츠 #shorts,이상한 과자가게  weird sweets shop,2023-11-25,PT37S,2914985,60236,390,youtube
이상한_과자가게__weird_sweets_shop_20231124,초딩때 제일 좋아했던 분식 레시피 공개!,#쇼츠 #shorts,이상한 과자가게  weird sweets shop,2023-11-24,PT31S,2940178,58436,1876,youtube
이상한_과자가게__weird_sweets_shop_20231123,소식좌 컨셉의 최후,#쇼츠 #shorts  한 번도 소식이라는 것을 해본 적 없던 두쪽이는 짝사랑하는 남자애 때문에 소식좌인 척 행세를 하게 되는데!!,이상한 과자가게  weird sweets shop,2023-11-23,PT54S,4017705,96821,392,youtube
이상한_과자가게__weird_sweets_shop_20231122,간식먹으러 학원 다니는 초딩,#쇼츠 #shorts,이상한 과자가게  weird sweets shop,2023-11-22,PT40S,1376545,34197,256,youtube
이상한_과자가게__weird_sweets_shop_20231121,떡꼬치는 알아도 순대꼬치는 모를걸?,#쇼츠 #shorts,이상한 과자가게  weird sweets shop,2023-11-21,PT54S,1222092,32096,1402,youtube
이상한_과자가게__weird_sweets_shop_20231120,대부분의 사람들이 헷갈리는 배추 vs 무,#쇼츠 #shorts,이상한 과자가게  weird sweets shop,2023-11-20,PT48S,1023014,19306,266,youtube
이상한_과자가게__weird_sweets_shop_20231119,대왕 마쉬멜로가 땅에 떨어져 있다니까요!?,#쇼츠 #shorts,이상한 과자가게  weird sweets shop,2023-11-19,PT18S,7322895,135097,1987,youtube
이상한_과자가게__weird_sweets_shop_20231118,쓸데없이 10초동안 구미첼 야무지게 먹기,#쇼츠 #shorts,이상한 과자가게  weird sweets shop,2023-11-18,PT13S,769292,18619,272,youtube
이상한_과자가게__weird_sweets_shop_20231117,편의점 간식이 맛없으면 생기는 일,#쇼츠 #shorts,이상한 과자가게  weird sweets shop,2023-11-17,PT21S,750699,17422,131,youtube
이상한_과자가게__weird_sweets_shop_20231116,달콤한 파이는 잊으세요,✔ 굽네 주문하기 : https://bit.ly/3sB4Dbb #쇼츠 #short #굽네치킨 #마라고추바사삭 #고추바사삭,이상한 과자가게  weird sweets shop,2023-11-16,PT53S,610343,15990,231,youtube
이상한_과자가게__weird_sweets_shop_20231115,제가 진짜 자신없는 음식이 있습니다,#쇼츠 #shorts,이상한 과자가게  weird sweets shop,2023-11-15,PT55S,3983810,101417,434,youtube
이상한_과자가게__weird_sweets_shop_20231114,썩어가는 용과를 500원에 샀다,#쇼츠 #shorts,이상한 과자가게  weird sweets shop,2023-11-14,PT48S,4215909,89746,531,youtube
이상한_과자가게__weird_sweets_shop_20231112,내가 사탕을 훔치다니,#쇼츠 #shorts,이상한 과자가게  weird sweets shop,2023-11-12,PT33S,4175338,113302,784,youtube
이상한_과자가게__weird_sweets_shop_20231110,밥솥으로 레몬에이드를 만들 수 있다?,#쇼츠 #shorts,이상한 과자가게  weird sweets shop,2023-11-10,PT45S,2526454,42639,467,youtube
이상한_과자가게__weird_sweets_shop_20231109,썩어가는 망고를 2000원에 팔길래 사왔습니다,#쇼츠 #shorts,이상한 과자가게  weird sweets shop,2023-11-09,PT46S,3334967,70235,855,youtube
이상한_과자가게__weird_sweets_shop_20231108,프링글스를 동그란 모양으로 겹치면?,#쇼츠 #shorts,이상한 과자가게  weird sweets shop,2023-11-08,PT47S,1171549,32505,693,youtube
이상한_과자가게__weird_sweets_shop_20231107,달고나로 만든 그릇. 욕심나죠?,#쇼츠 #shorts,이상한 과자가게  weird sweets shop,2023-11-07,PT38S,4204130,92442,797,youtube
이상한_과자가게__weird_sweets_shop_20231106,캐럿과 캐럿의 차이점 아시는 분?,#쇼츠 #shorts,이상한 과자가게  weird sweets shop,2023-11-06,PT36S,1645595,39616,606,youtube
이상한_과자가게__weird_sweets_shop_20231105,편의점에서 300만개 넘게 팔렸다고?,#쇼츠 #shorts #GS25 #매일우유생크림도넛,이상한 과자가게  weird sweets shop,2023-11-05,PT48S,1492878,35395,614,youtube
이상한_과자가게__weird_sweets_shop_20231104,시골에서 호화롭게 사는 유튜버,#쇼츠 #shorts,이상한 과자가게  weird sweets shop,2023-11-04,PT18S,1647535,37218,302,youtube
이상한_과자가게__weird_sweets_shop_20231103,아줌마는 떡꼬치나 파세요,#쇼츠 #shorts,이상한 과자가게  weird sweets shop,2023-11-03,PT50S,2912480,70142,415,youtube
이상한_과자가게__weird_sweets_shop_20231102,당신은 이 영상을 끝까지 못봅니다    #GodOfMusic #제작비지원,#쇼츠 #shorts,이상한 과자가게  weird sweets shop,2023-11-02,PT19S,455590,12956,900,youtube
이상한_과자가게__weird_sweets_shop_20231101,탕후루 장사가 망한 이유,#쇼츠 #shorts,이상한 과자가게  weird sweets shop,2023-11-01,PT49S,2300414,62104,1205,youtube
이상한_과자가게__weird_sweets_shop_20231031,탕후루 먹고 쾌변,#쇼츠 #탕후루 #shorts,이상한 과자가게  weird sweets shop,2023-10-31,PT49S,2323588,47089,326,youtube
이상한_과자가게__weird_sweets_shop_20231030,바나나가 나보다 쓸모있다면 믿으시겠습니까?,#쇼츠 #shorts,이상한 과자가게  weird sweets shop,2023-10-30,PT47S,10244361,237845,1454,youtube
이상한_과자가게__weird_sweets_shop_20231029,탕후루에 설탕시럽 대신 달고나를 입히면?,#쇼츠 #shorts #탕후루,이상한 과자가게  weird sweets shop,2023-10-29,PT34S,1192639,34439,511,youtube
이상한_과자가게__weird_sweets_shop_20231028,꽤나 차가운 녀석이군,#쇼츠 #shorts,이상한 과자가게  weird sweets shop,2023-10-28,PT32S,4402690,89987,2216,youtube
이상한_과자가게__weird_sweets_shop_20231027,세상에서 제일 긴 탕후루,#쇼츠 #shorts #탕후루,이상한 과자가게  weird sweets shop,2023-10-27,PT22S,1965987,42255,331,youtube
이상한_과자가게__weird_sweets_shop_20231026,설마 아이브 춤췄다고 차단하겠어? #BaddieChallenge #제작비지원,#쇼츠 #shorts,이상한 과자가게  weird sweets shop,2023-10-26,PT16S,1715748,40928,5154,youtube
이상한_과자가게__weird_sweets_shop_20231025,구독자님의 눈물젖은 밥솥 카스테라,#쇼츠 #shorts,이상한 과자가게  weird sweets shop,2023-10-25,PT54S,17635160,307211,1626,youtube
이상한_과자가게__weird_sweets_shop_20231024,떡볶이를 몇 번 말했는지 맞춰보시오,#쇼츠 #shorts,이상한 과자가게  weird sweets shop,2023-10-24,PT43S,779559,25136,1574,youtube
이상한_과자가게__weird_sweets_shop_20231023,그 시절 문방구 음식을 신분상승 시키기,#쇼츠 #shorts,이상한 과자가게  weird sweets shop,2023-10-23,PT32S,1093542,25842,273,youtube
이상한_과자가게__weird_sweets_shop_20231022,기상천외한 시골 댕댕이의 하루(꼭 끝까지 봐야함),#쇼츠 #shorts,이상한 과자가게  weird sweets shop,2023-10-22,PT33S,1364298,36715,225,youtube
이상한_과자가게__weird_sweets_shop_20231021,편식이 심하다는 댓글이 달렸다,#쇼츠 #shorts,이상한 과자가게  weird sweets shop,2023-10-21,PT17S,5082062,80278,755,youtube
이상한_과자가게__weird_sweets_shop_20231020,구찌 티라미수 들어보신분?,#shorts #쇼츠,이상한 과자가게  weird sweets shop,2023-10-20,PT38S,1830791,49478,251,youtube
이상한_과자가게__weird_sweets_shop_20231019,유명 만칼로리 쉐이크가게가 문을 닫았습니다,#쇼츠 #shorts,이상한 과자가게  weird sweets shop,2023-10-19,PT55S,747583,19026,226,youtube
이상한_과자가게__weird_sweets_shop_20231018,고구마 1개로 개이득 보는 방법,#쇼츠 #shorts,이상한 과자가게  weird sweets shop,2023-10-18,PT37S,1527021,41286,277,youtube
이상한_과자가게__weird_sweets_shop_20231017,김치에 타피오카 전분을 섞으면? (완전 꿀팁),#쇼츠 #shorts,이상한 과자가게  weird sweets shop,2023-10-17,PT39S,3540185,80678,434,youtube
이상한_과자가게__weird_sweets_shop_20231016,대부분 모를 피자빵의 신기한 비밀,#쇼츠 #shorts,이상한 과자가게  weird sweets shop,2023-10-16,PT40S,5488948,110106,1889,youtube
이상한_과자가게__weird_sweets_shop_20231015,20시간 걸린 딸기탕후루,#쇼츠 #shorts,이상한 과자가게  weird sweets shop,2023-10-15,PT24S,5630333,87315,698,youtube
이상한_과자가게__weird_sweets_shop_20231014,김치통을 3000번 흔들면 슬러쉬가 된다고?,#쇼츠 #shorts #하이볼 #하피볼 #편의점맥주,이상한 과자가게  weird sweets shop,2023-10-14,PT52S,1565031,37314,409,youtube
이상한_과자가게__weird_sweets_shop_20231012,"문방구에서 100원이면 사먹던 후랑크소세지, 꿀호떡",#쇼츠 #shorts,이상한 과자가게  weird sweets shop,2023-10-12,PT32S,4332159,96578,1690,youtube
이상한_과자가게__weird_sweets_shop_20231011,음식을 버리면 안 되는 겁니까?,#쇼츠 #shorts,이상한 과자가게  weird sweets shop,2023-10-11,PT29S,6497369,118841,612,youtube
이상한_과자가게__weird_sweets_shop_20231010,그저 먹을 생각만 하는 20대 직장인 이씨,#쇼츠 #shorts,이상한 과자가게  weird sweets shop,2023-10-10,PT58S,594678,16628,252,youtube
이상한_과자가게__weird_sweets_shop_20231009,바게트에 토마토를 문지르면?(대박),#쇼츠 #shorts,이상한 과자가게  weird sweets shop,2023-10-09,PT34S,3245161,65831,320,youtube
이상한_과자가게__weird_sweets_shop_20231008,탕후루가 담배보다 몸에 안좋다구요?,#쇼츠 #shorts,이상한 과자가게  weird sweets shop,2023-10-08,PT31S,2153662,46822,633,youtube
이상한_과자가게__weird_sweets_shop_20231006,급이 다른 대만 닭발?,#쇼츠 #shorts,이상한 과자가게  weird sweets shop,2023-10-06,PT30S,1035175,22042,259,youtube
이상한_과자가게__weird_sweets_shop_20231005,땅에 떨어진 밤 주우면 생기는 일,#쇼츠 #shorts,이상한 과자가게  weird sweets shop,2023-10-05,PT48S,3270104,78323,511,youtube
이상한_과자가게__weird_sweets_shop_20231004,집에 있는 배로 효녀되는 ㄹㅇ꿀팁,#쇼츠 #shorts,이상한 과자가게  weird sweets shop,2023-10-04,PT37S,1658107,48936,331,youtube
이상한_과자가게__weird_sweets_shop_20231003,전자레인지로 이렇게 꾸덕한 초코케이크가 가능하다고?,#쇼츠 #shorts,이상한 과자가게  weird sweets shop,2023-10-03,PT54S,3357354,110573,565,youtube
이상한_과자가게__weird_sweets_shop_20231002,댓글에서 추천한 쫀드기 먹으러 6시간을!!,#쇼츠 #shorts,이상한 과자가게  weird sweets shop,2023-10-02,PT27S,3151310,62521,550,youtube
이상한_과자가게__weird_sweets_shop_20231001,자판기가 내 마이쮸를 삼켰다,#쇼츠 #shorts,이상한 과자가게  weird sweets shop,2023-10-01,PT37S,1951340,48853,687,youtube
이상한_과자가게__weird_sweets_shop_20230929,"제삿상에 마라탕,탕후루 올리자는 금쪽이",#쇼츠 #shorts,이상한 과자가게  weird sweets shop,2023-09-29,PT31S,2069793,56352,1350,youtube
이상한_과자가게__weird_sweets_shop_20230928,얼린 쥬시쿨 댓글 완전공감!!!,#쇼츠 #shorts,이상한 과자가게  weird sweets shop,2023-09-28,PT31S,5764106,105181,1806,youtube
이상한_과자가게__weird_sweets_shop_20230927,벽돌만큼 단단했던 문구점 아이스크림,#쇼츠 #shorts,이상한 과자가게  weird sweets shop,2023-09-27,PT26S,3533229,69209,1340,youtube
이상한_과자가게__weird_sweets_shop_20230926,새우로 탕후루를 만들어달라는 요청을 받았다,#쇼츠 #shorts,이상한 과자가게  weird sweets shop,2023-09-26,PT39S,2468944,68759,608,youtube
이상한_과자가게__weird_sweets_shop_20230925,남은 탕후루시럽으로 밀크카라멜 만들기,#쇼츠 #shorts,이상한 과자가게  weird sweets shop,2023-09-25,PT33S,2458831,64239,330,youtube
이상한_과자가게__weird_sweets_shop_20230924,마스크걸의 마스크는 사실 먹을 수 있다,#쇼츠 #shorts,이상한 과자가게  weird sweets shop,2023-09-24,PT37S,2547199,54429,658,youtube
이상한_과자가게__weird_sweets_shop_20230923,마스크 뜯어먹는 김모미,#쇼츠 #shorts,이상한 과자가게  weird sweets shop,2023-09-23,PT19S,1314493,27946,572,youtube
이상한_과자가게__weird_sweets_shop_20230921,대만에서 사먹은 탕후루의 정체는?!,#쇼츠 #shorts,이상한 과자가게  weird sweets shop,2023-09-21,PT35S,7308832,127828,1232,youtube
이상한_과자가게__weird_sweets_shop_20230920,10000kcal 폭탄쉐이크 가게,#쇼츠 #shorts,이상한 과자가게  weird sweets shop,2023-09-20,PT44S,3874737,80054,556,youtube
이상한_과자가게__weird_sweets_shop_20230919,취두부를 먹어달라구요?,#쇼츠 #shorts,이상한 과자가게  weird sweets shop,2023-09-19,PT35S,1442430,34132,289,youtube
이상한_과자가게__weird_sweets_shop_20230918,제주도 통귤탕후루 긴장해라,#쇼츠 #shorts,이상한 과자가게  weird sweets shop,2023-09-18,PT45S,2481632,63723,408,youtube
이상한_과자가게__weird_sweets_shop_20230916,마시면 죽는다는 맥도날드 음료,#쇼츠 #shorts,이상한 과자가게  weird sweets shop,2023-09-16,PT36S,4070995,90770,598,youtube
이상한_과자가게__weird_sweets_shop_20230915,고구마 탕후루 vs 맛탕 무슨 차이일까?,#쇼츠 #shorts,이상한 과자가게  weird sweets shop,2023-09-15,PT57S,949785,21884,251,youtube
이상한_과자가게__weird_sweets_shop_20230914,남친 부모님께 떡 만들어드렸던 썰(실화),#쇼츠 #shorts,이상한 과자가게  weird sweets shop,2023-09-14,PT50S,1457452,31396,300,youtube
이상한_과자가게__weird_sweets_shop_20230913,젤리계의 명품? 한개에 가격이 ㅎㄷㄷ,#쇼츠 #shorts,이상한 과자가게  weird sweets shop,2023-09-13,PT32S,4549291,86294,675,youtube
이상한_과자가게__weird_sweets_shop_20230912,세상에서 제일 매운 껌을 만들어보자,#쇼츠 #short,이상한 과자가게  weird sweets shop,2023-09-12,PT39S,4507279,84872,701,youtube
이상한_과자가게__weird_sweets_shop_20230912,시골사람의 과소비,#쇼츠 #shorts,이상한 과자가게  weird sweets shop,2023-09-12,PT1M,5879364,100184,763,youtube
이상한_과자가게__weird_sweets_shop_20230910,탕후루 먹을때 꼭 조심해야 하는 이유!,#쇼츠 #shorts,이상한 과자가게  weird sweets shop,2023-09-10,PT34S,7797674,145814,1654,youtube
이상한_과자가게__weird_sweets_shop_20230909,떡볶이 먹을 때 진짜 짜증나는 유형,#쇼츠 #shorts,이상한 과자가게  weird sweets shop,2023-09-09,PT53S,2463222,46886,477,youtube
이상한_과자가게__weird_sweets_shop_20230908,먹는 크레파스중 진짜를 찾아라!,#쇼츠 #shorts,이상한 과자가게  weird sweets shop,2023-09-08,PT21S,2789140,55495,9600,youtube
이상한_과자가게__weird_sweets_shop_20230907,’실타래 탕후루‘의 생각지도 못한 기능,#쇼츠 #shorts,이상한 과자가게  weird sweets shop,2023-09-07,PT51S,4059116,74997,379,youtube
이상한_과자가게__weird_sweets_shop_20230906,다시는 딱딱한 복숭아를 무시하지 마라,#쇼츠 #shorts,이상한 과자가게  weird sweets shop,2023-09-06,PT56S,4356200,111576,3003,youtube
이상한_과자가게__weird_sweets_shop_20230905,우유급식에 대한 안좋은 기억은 잊으세요,#쇼츠 #shorts #디저트,이상한 과자가게  weird sweets shop,2023-09-05,PT50S,9445815,181754,1948,youtube
이상한_과자가게__weird_sweets_shop_20230904,초딩 때 제티 빼앗기는 심정을 아십니까?,#쇼츠 #shorts,이상한 과자가게  weird sweets shop,2023-09-04,PT49S,3677489,82292,797,youtube
이상한_과자가게__weird_sweets_shop_20230903,그 시절 ’우유급식‘ 기억하시는 분?,#쇼츠 #shorts,이상한 과자가게  weird sweets shop,2023-09-03,PT35S,2601758,62642,8371,youtube
이상한_과자가게__weird_sweets_shop_20230902,과자를 되게 어렵게 먹는 방법,#쇼츠 #shorts,이상한 과자가게  weird sweets shop,2023-09-02,PT54S,949504,21739,342,youtube
이상한_과자가게__weird_sweets_shop_20230901,푸주를 직접 만들었다,#쇼츠 #shorts,이상한 과자가게  weird sweets shop,2023-09-01,PT25S,6850884,118226,515,youtube
이상한_과자가게__weird_sweets_shop_20230831,편의점에서 발견하면 당장 낚아 채시오,#쇼츠 #shorts,이상한 과자가게  weird sweets shop,2023-08-31,PT57S,3536451,95591,613,youtube
이상한_과자가게__weird_sweets_shop_20230830,축구경기 되게 맛있다..!,#쇼츠 #shorts,이상한 과자가게  weird sweets shop,2023-08-30,PT55S,6722980,127548,1142,youtube
이상한_과자가게__weird_sweets_shop_20230829,역대급 망한 요리인줄 알았으나.. 대반전!,#쇼츠 #shorts,이상한 과자가게  weird sweets shop,2023-08-29,PT50S,3329875,67582,302,youtube
이상한_과자가게__weird_sweets_shop_20230828,분식집 손님들이 다 없어졌다!,#shorts #쇼츠,이상한 과자가게  weird sweets shop,2023-08-28,PT51S,2331292,60976,353,youtube
이상한_과자가게__weird_sweets_shop_20230827,딸기우유가 질린다고? 내가 환상의 맛을 보여준다,#쇼츠 #shorts,이상한 과자가게  weird sweets shop,2023-08-27,PT1M,2481069,62257,433,youtube
이상한_과자가게__weird_sweets_shop_20230826,딸기우유 먹으면 진짜 커지나?,#쇼츠 #shorts #상황극,이상한 과자가게  weird sweets shop,2023-08-26,PT55S,3621276,83988,1123,youtube
이상한_과자가게__weird_sweets_shop_20230825,빵빵이를 먹어보자,#쇼츠 #shorts,이상한 과자가게  weird sweets shop,2023-08-25,PT17S,1831829,34917,357,youtube
이상한_과자가게__weird_sweets_shop_20230824,저한테 이걸 하라고요?,#쇼츠 #shorts,이상한 과자가게  weird sweets shop,2023-08-24,PT58S,2587414,60833,320,youtube
이상한_과자가게__weird_sweets_shop_20230823,포도껍질도 쓸데가 있구나?,#쇼츠 #shorts,이상한 과자가게  weird sweets shop,2023-08-23,PT39S,3779435,96537,476,youtube
이상한_과자가게__weird_sweets_shop_20230822,포도를 일일이 까는거..이거 맞는거지?,#쇼츠 #shorts,이상한 과자가게  weird sweets shop,2023-08-22,PT50S,2257394,63379,488,youtube
이상한_과자가게__weird_sweets_shop_20230821,요리 촬영이 끝나면 음식을 먹을까?,#쇼츠 #shorts,이상한 과자가게  weird sweets shop,2023-08-21,PT57S,2458783,45989,359,youtube
이상한_과자가게__weird_sweets_shop_20230819,남은 탕후루시럽으로 풍선 불기!,#쇼츠 #shorts,이상한 과자가게  weird sweets shop,2023-08-19,PT34S,4443642,90369,546,youtube
이상한_과자가게__weird_sweets_shop_20230818,친구가 탕후루 만들어달라고 자꾸 조른다,#쇼츠 #shorts,이상한 과자가게  weird sweets shop,2023-08-18,PT41S,3727516,77598,393,youtube
이상한_과자가게__weird_sweets_shop_20230817,감자로 팝콘을 어떻게 만든다는거죠??,#쇼츠 #shorts,이상한 과자가게  weird sweets shop,2023-08-17,PT48S,2199921,72870,629,youtube
이상한_과자가게__weird_sweets_shop_20230816,불쌍하게 좀비쿠키 팔고있는 금쪽이,#쇼츠 #shorts,이상한 과자가게  weird sweets shop,2023-08-16,PT59S,976814,21896,251,youtube
이상한_과자가게__weird_sweets_shop_20230815,세계적인 탕후루 아티스트,#shorts #쇼츠,이상한 과자가게  weird sweets shop,2023-08-15,PT39S,5025933,110307,1599,youtube
이상한_과자가게__weird_sweets_shop_20230814,난생 처음 왕가탕후루 가서 FLEX,#쇼츠 #shorts #탕후루,이상한 과자가게  weird sweets shop,2023-08-14,PT52S,8142928,162330,2369,youtube
이상한_과자가게__weird_sweets_shop_20230813,그동안 숨기고 싶었던 NG영상을 공개합니다..,#쇼츠 #shorts,이상한 과자가게  weird sweets shop,2023-08-13,PT35S,1465451,33436,316,youtube
이상한_과자가게__weird_sweets_shop_20230812,먹태깡에 이 소스를 찍어먹어야 진짜라구??,#쇼츠 #shorts,이상한 과자가게  weird sweets shop,2023-08-12,PT38S,2430895,54353,341,youtube
이상한_과자가게__weird_sweets_shop_20230811,쌀가루로 통대창 만들기,#쇼츠 #shorts,이상한 과자가게  weird sweets shop,2023-08-11,PT35S,3013920,71017,427,youtube
이상한_과자가게__weird_sweets_shop_20230810,"최고의 유튜버에게 받은 한우로,,탕후루를 만들어봤다",#쇼츠 #shorts,이상한 과자가게  weird sweets shop,2023-08-10,PT45S,7291128,137727,556,youtube
이상한_과자가게__weird_sweets_shop_20230809,빨간물병? 파란물병? 어떤걸 골라야되는거야......!!!?,#쇼츠 #shorts,이상한 과자가게  weird sweets shop,2023-08-09,PT53S,1775814,40217,361,youtube
이상한_과자가게__weird_sweets_shop_20230807,탕후루를 사먹기 비싸다면? 전자레인지 탕후루 ㄱㄱ,#쇼츠 #shorts,이상한 과자가게  weird sweets shop,2023-08-07,PT44S,5967165,113627,973,youtube
이상한_과자가게__weird_sweets_shop_20230806,자연에서 솜사탕 3초만에 만드는방법,#쇼츠 #shorts,이상한 과자가게  weird sweets shop,2023-08-06,PT19S,11928491,198819,1691,youtube
이상한_과자가게__weird_sweets_shop_20230805,밥솥에 다 때려넣기,#쇼츠 #shorts,이상한 과자가게  weird sweets shop,2023-08-05,PT55S,18795825,195619,1789,youtube
이상한_과자가게__weird_sweets_shop_20230804,탕후루빙수 ETA,#쇼츠 #shorts,이상한 과자가게  weird sweets shop,2023-08-04,PT24S,2448635,58970,807,youtube
이상한_과자가게__weird_sweets_shop_20230803,"삶은 감자가 질려서, 해외에서 감자 먹는 방법을 따라해봤다!!",#쇼츠 #shorts,이상한 과자가게  weird sweets shop,2023-08-03,PT40S,3590963,80945,638,youtube
이상한_과자가게__weird_sweets_shop_20230802,비비빅으로 못을 박을 수 있을까?,#쇼츠 #shorts,이상한 과자가게  weird sweets shop,2023-08-02,PT35S,9412715,153578,763,youtube
이상한_과자가게__weird_sweets_shop_20230801,시골사람이 신상 간식 구하는 법,#쇼츠 #shorts,이상한 과자가게  weird sweets shop,2023-08-01,PT45S,6233632,151682,1099,youtube
이상한_과자가게__weird_sweets_shop_20230730,아무리 구워도 녹지 않는 젤리를 발견했다!!!,#쇼츠 #shorts,이상한 과자가게  weird sweets shop,2023-07-30,PT42S,6997973,132288,812,youtube
이상한_과자가게__weird_sweets_shop_20230729,언니..삼계탕 직접 끓인거라며?,#쇼츠 #shorts,이상한 과자가게  weird sweets shop,2023-07-29,PT55S,1221644,33137,211,youtube
이상한_과자가게__weird_sweets_shop_20230728,뿌셔뿌셔를 끓이면 생기는 일,#쇼츠 #shorts,이상한 과자가게  weird sweets shop,2023-07-28,PT53S,3985914,82698,837,youtube
이상한_과자가게__weird_sweets_shop_20230727,오이탕후루로 보는 sns의 폐해,#쇼츠 #shorts #탕후루,이상한 과자가게  weird sweets shop,2023-07-27,PT57S,3489114,91525,641,youtube
이상한_과자가게__weird_sweets_shop_20230726,이 중 당신은 몇개의 중국간식을 먹을 수 있습니까?,#쇼츠 #shorts,이상한 과자가게  weird sweets shop,2023-07-26,PT49S,3695792,64753,2818,youtube
이상한_과자가게__weird_sweets_shop_20230725,너무 초간단해서 어이없는 빙수 만들기,#쇼츠 #shorts,이상한 과자가게  weird sweets shop,2023-07-25,PT38S,2056272,53614,483,youtube
이상한_과자가게__weird_sweets_shop_20230724,옥수수에 박하사탕을 넣으면 박하팝콘이 될까?,#쇼츠 #shorts,이상한 과자가게  weird sweets shop,2023-07-24,PT36S,6532700,127304,1092,youtube
이상한_과자가게__weird_sweets_shop_20230723,구독자님..이게 최선이였습니다,#쇼츠#shorts,이상한 과자가게  weird sweets shop,2023-07-23,PT32S,4294444,81769,489,youtube
이상한_과자가게__weird_sweets_shop_20230722,옥수수에 환장하는 사람 꼭 보세요,#쇼츠 #shorts,이상한 과자가게  weird sweets shop,2023-07-22,PT46S,3627739,85524,479,youtube
이상한_과자가게__weird_sweets_shop_20230721,감자로 포카칩 만들 수 있을까?,#쇼츠 #shorts,이상한 과자가게  weird sweets shop,2023-07-21,PT33S,3483630,69953,1075,youtube
이상한_과자가게__weird_sweets_shop_20230720,분식집에 수상한 남자아이가 등장했다?,#쇼츠 #shorts,이상한 과자가게  weird sweets shop,2023-07-20,PT52S,1858136,45761,245,youtube
이상한_과자가게__weird_sweets_shop_20230719,옥수수젤리를 평범하게 구워먹는건 식상하다.,#쇼츠 #shorts #옥수수젤리,이상한 과자가게  weird sweets shop,2023-07-19,PT31S,8814639,160711,916,youtube
이상한_과자가게__weird_sweets_shop_20230718,추억의 떡꼬치 만드는 방법을 가져왔습니다!,#shorts #쇼츠,이상한 과자가게  weird sweets shop,2023-07-18,PT53S,3629227,90064,376,youtube
이상한_과자가게__weird_sweets_shop_20230717,500원짜리 떡꼬치를 건 치열한 결투,#shorts #쇼츠,이상한 과자가게  weird sweets shop,2023-07-17,PT56S,5208594,122895,300,youtube
이상한_과자가게__weird_sweets_shop_20230716,그 시절 떡꼬치의 가격은 얼마?,#쇼츠 #shorts,이상한 과자가게  weird sweets shop,2023-07-16,PT37S,4427105,109725,3782,youtube
이상한_과자가게__weird_sweets_shop_20230715,홍대에서 피자 공짜로 먹는 법,#쇼츠 #shorts,이상한 과자가게  weird sweets shop,2023-07-15,PT1M,2709103,65708,331,youtube
이상한_과자가게__weird_sweets_shop_20230714,중국간식 영상에 꼭! 나오는 복숭아간식을 먹어봤다,#쇼츠 #shorts,이상한 과자가게  weird sweets shop,2023-07-14,PT43S,5880334,105161,1041,youtube
이상한_과자가게__weird_sweets_shop_20230713,급식 카레 싫어하는 사람도 맛있게 먹을 음식!,#쇼츠 #shorts,이상한 과자가게  weird sweets shop,2023-07-13,PT44S,4350802,103211,811,youtube
이상한_과자가게__weird_sweets_shop_20230712,"구독자님께 받은 마쉬멜로, 기가막히게 쓰기!",#쇼츠 #shorts,이상한 과자가게  weird sweets shop,2023-07-12,PT37S,3520747,75385,574,youtube
이상한_과자가게__weird_sweets_shop_20230711,누가 봐도 슬라임이지만..음식입니다만?,#shorts #쇼츠,이상한 과자가게  weird sweets shop,2023-07-11,PT42S,2383912,60050,1044,youtube
이상한_과자가게__weird_sweets_shop_20230710,식용유에 치토스를 넣었더니..1초 만에..?!,#쇼츠 #shorts,이상한 과자가게  weird sweets shop,2023-07-10,PT54S,3520183,67149,525,youtube
이상한_과자가게__weird_sweets_shop_20230709,구독자분이 이게 그렇게 맛있다고 하시길래!!!,#쇼츠 #shorts,이상한 과자가게  weird sweets shop,2023-07-09,PT45S,2942460,60057,636,youtube
이상한_과자가게__weird_sweets_shop_20230708,내가 요즘 미쳐있는 중국간식ㅎㄷㄷ,#쇼츠 #shorts,이상한 과자가게  weird sweets shop,2023-07-08,PT50S,3523866,78607,1528,youtube
이상한_과자가게__weird_sweets_shop_20230707,새우깡을 부숴서 이걸 만든다고?!,#쇼츠 #shorts,이상한 과자가게  weird sweets shop,2023-07-07,PT24S,823426,23818,182,youtube
이상한_과자가게__weird_sweets_shop_20230706,"공짜로 받은 돼지비계,, 이렇게 써봤습니다",#쇼츠 #shorts,이상한 과자가게  weird sweets shop,2023-07-06,PT55S,5097606,102419,446,youtube
이상한_과자가게__weird_sweets_shop_20230705,이상한 과자가게에 신비아파트 ‘하리’가 왔다?,#쇼츠 #shorts #신비아파트,이상한 과자가게  weird sweets shop,2023-07-05,PT59S,1109410,30536,350,youtube
이상한_과자가게__weird_sweets_shop_20230704,하리보젤리로 5단 푸딩 만들기,#쇼츠 #shorts,이상한 과자가게  weird sweets shop,2023-07-04,PT47S,5710027,113340,620,youtube
이상한_과자가게__weird_sweets_shop_20230703,오이버블티 자신 있는 사람 드루와,#쇼츠 #shorts,이상한 과자가게  weird sweets shop,2023-07-03,PT52S,1886581,39997,620,youtube
이상한_과자가게__weird_sweets_shop_20230702,수박을 통으로 비닐탕후루 만들기!,#쇼츠 #shorts,이상한 과자가게  weird sweets shop,2023-07-02,PT43S,7532686,181147,712,youtube
이상한_과자가게__weird_sweets_shop_20230701,겨우 이거 하려고 수박밭까지 간건가요?,#쇼츠 #shorts,이상한 과자가게  weird sweets shop,2023-07-01,PT48S,5200811,100018,1108,youtube
이상한_과자가게__weird_sweets_shop_20230630,해외여행 가서도 탕후루 만든다고?,#쇼츠 #shorts,이상한 과자가게  weird sweets shop,2023-06-30,PT40S,569602,12503,95,youtube
이상한_과자가게__weird_sweets_shop_20230629,"산지 1년도 넘은 구토,귀지,지렁이맛 젤리",#쇼츠 #shorts,이상한 과자가게  weird sweets shop,2023-06-29,PT43S,2394971,52800,480,youtube
이상한_과자가게__weird_sweets_shop_20230628,오늘도 쉽지않은 라이스페이퍼 버블티,#쇼츠 #shorts,이상한 과자가게  weird sweets shop,2023-06-28,PT52S,4420123,90903,327,youtube
이상한_과자가게__weird_sweets_shop_20230626,수박에 이쑤시개를 20개 꽂으면??,#쇼츠 #shorts,이상한 과자가게  weird sweets shop,2023-06-26,PT38S,1855272,29927,703,youtube
이상한_과자가게__weird_sweets_shop_20230625,처치곤란 모닝빵으로 어른+아이 만족하는 법,#쇼츠 #shorts,이상한 과자가게  weird sweets shop,2023-06-25,PT50S,4127510,102710,348,youtube
이상한_과자가게__weird_sweets_shop_20230624,옥수수젤리 영상에서 큰 실수를 했습니다..,#쇼츠 #shorts,이상한 과자가게  weird sweets shop,2023-06-24,PT36S,14579811,195177,1156,youtube
이상한_과자가게__weird_sweets_shop_20230623,내가 만든 맛동산 중 진짜 맛동산 2개를 찾아라!,#쇼츠 #shorts,이상한 과자가게  weird sweets shop,2023-06-23,PT24S,830027,14163,1123,youtube
이상한_과자가게__weird_sweets_shop_20230622,농심 연구원 협박하는 이사장,#쇼츠 #shorts,이상한 과자가게  weird sweets shop,2023-06-22,PT58S,2983861,62939,376,youtube
이상한_과자가게__weird_sweets_shop_20230621,베트남 택시기사(?)한테 40만원 털렸습니다..,#쇼츠 #shorts,이상한 과자가게  weird sweets shop,2023-06-21,PT1M,14057311,184642,0,youtube
이상한_과자가게__weird_sweets_shop_20230620,공부 한다면서 편의점에서 먹방찍는 두쪽이,#shorts #쇼츠,이상한 과자가게  weird sweets shop,2023-06-20,PT59S,1740983,38589,241,youtube
이상한_과자가게__weird_sweets_shop_20230619,중국의 솜뭉치같은 디저트를 만들었는데...,#쇼츠 #shorts,이상한 과자가게  weird sweets shop,2023-06-19,PT49S,3254949,87326,440,youtube
이상한_과자가게__weird_sweets_shop_20230618,분식집에서 떡볶이가 안팔리면 생기는 일,#쇼츠 #shorts,이상한 과자가게  weird sweets shop,2023-06-18,PT1M,3219208,71361,265,youtube
이상한_과자가게__weird_sweets_shop_20230617,옥수수에 카라멜캔디를 넣으면 카라멜팝콘이 될까?,#쇼츠 #shorts,이상한 과자가게  weird sweets shop,2023-06-17,PT47S,12587578,160375,969,youtube
이상한_과자가게__weird_sweets_shop_20230616,구워먹는 옥수수젤리를..크게 만들어봤다,#쇼츠 #shorts,이상한 과자가게  weird sweets shop,2023-06-16,PT25S,2610064,51167,433,youtube
이상한_과자가게__weird_sweets_shop_20230615,조선시대 국밥집에서 기싸움하는 금쪽이,#쇼츠 #shorts,이상한 과자가게  weird sweets shop,2023-06-15,PT55S,2009893,46649,357,youtube
이상한_과자가게__weird_sweets_shop_20230614,"두리안으로 버블티를 만들었는데, 대반전의 맛!",#쇼츠 #shorts,이상한 과자가게  weird sweets shop,2023-06-14,PT58S,4716223,85396,798,youtube
이상한_과자가게__weird_sweets_shop_20230613,옥수수젤리 굽는게 이렇게 신기하다니!,#쇼츠 #shorts,이상한 과자가게  weird sweets shop,2023-06-13,PT46S,2988787,78041,592,youtube
이상한_과자가게__weird_sweets_shop_20230612,비싼 롤업젤리 대신 새콤달콤으로?,#쇼츠 #shorts,이상한 과자가게  weird sweets shop,2023-06-12,PT45S,2811376,60177,460,youtube
이상한_과자가게__weird_sweets_shop_20230611,과연 불닭소스 솜사탕을 만들 수 있을까?,#쇼츠 #shorts,이상한 과자가게  weird sweets shop,2023-06-11,PT45S,3740898,81021,596,youtube
이상한_과자가게__weird_sweets_shop_20230610,수업시간에 몰래 라면먹는 금쪽이?,#쇼츠 #shorts,이상한 과자가게  weird sweets shop,2023-06-10,PT55S,3616527,68157,352,youtube
이상한_과자가게__weird_sweets_shop_20230609,뭘 만들었는지 맞춰보세요,#쇼츠 #shorts #dessert,이상한 과자가게  weird sweets shop,2023-06-09,PT27S,967141,19917,2833,youtube
이상한_과자가게__weird_sweets_shop_20230608,한개에 3160kcal 대왕컵라면이 나왔다고?,#쇼츠 #shorts #도시락 #점보도시락,이상한 과자가게  weird sweets shop,2023-06-08,PT53S,2063620,49846,283,youtube
이상한_과자가게__weird_sweets_shop_20230607,버블티에 청포묵펄을 추가하면?,#쇼츠 #shorts,이상한 과자가게  weird sweets shop,2023-06-07,PT51S,1326571,34593,241,youtube
이상한_과자가게__weird_sweets_shop_20230606,틱톡에서 대유행중인 음식의 정체는?,#쇼츠 #shorts,이상한 과자가게  weird sweets shop,2023-06-06,PT44S,4556861,82626,479,youtube
이상한_과자가게__weird_sweets_shop_20230605,방귀맛 나는 탕후루,#쇼츠 #shorts #탕후루,이상한 과자가게  weird sweets shop,2023-06-05,PT31S,1787647,43538,522,youtube
이상한_과자가게__weird_sweets_shop_20230604,음식 나눠드리면 생기는 일 (대박사건!!!),#쇼츠 #shorts,이상한 과자가게  weird sweets shop,2023-06-04,PT44S,10988488,269145,1664,youtube
이상한_과자가게__weird_sweets_shop_20230603,야 탕후루.. 너 T야?,#탕후루 #쇼츠 #shorts,이상한 과자가게  weird sweets shop,2023-06-03,PT34S,5885343,107648,578,youtube
이상한_과자가게__weird_sweets_shop_20230602,두리안김치 먹을 수 있다 vs 없다,#쇼츠 #shorts,이상한 과자가게  weird sweets shop,2023-06-02,PT26S,1025975,24828,402,youtube
이상한_과자가게__weird_sweets_shop_20230601,짝사랑한 오빠때문에 다이어트 했던 썰,#쇼츠 #shorts,이상한 과자가게  weird sweets shop,2023-06-01,PT1M,1326688,40046,331,youtube
이상한_과자가게__weird_sweets_shop_20230531,보도 듣도 못한 달고나 만들기,#쇼츠 #shorts,이상한 과자가게  weird sweets shop,2023-05-31,PT46S,20366931,304908,1951,youtube
이상한_과자가게__weird_sweets_shop_20230530,저는 그저 포카를 먹었을 뿐인데..당황스럽네요,#쇼츠 #shorts,이상한 과자가게  weird sweets shop,2023-05-30,PT40S,1946801,50565,829,youtube
이상한_과자가게__weird_sweets_shop_20230529,외국에서는 젤리로 쌈싸먹는다고?,#쇼츠 #shorts,이상한 과자가게  weird sweets shop,2023-05-29,PT58S,3633685,80730,1077,youtube
이상한_과자가게__weird_sweets_shop_20230528,이거 먹으면 퀸카 되나? #QueencardChallenge,#쇼츠 #shorts,이상한 과자가게  weird sweets shop,2023-05-28,PT20S,786966,18740,810,youtube
이상한_과자가게__weird_sweets_shop_20230527,냉동딸기 탕후루..대체 왜 사먹는걸까?,#쇼츠 #shorts,이상한 과자가게  weird sweets shop,2023-05-27,PT33S,17023261,194609,881,youtube
이상한_과자가게__weird_sweets_shop_20230526,대체 뭘 만드는지 맞춰보세요,#쇼츠 #shorts,이상한 과자가게  weird sweets shop,2023-05-26,PT32S,2113320,36858,2702,youtube
이상한_과자가게__weird_sweets_shop_20230525,젤리를 구웠더니? 생각지도 못한 결과가!,#쇼츠 #shorts,이상한 과자가게  weird sweets shop,2023-05-25,PT43S,6027252,94302,306,youtube
이상한_과자가게__weird_sweets_shop_20230524,치즈 100장 챌린지 인정?,#쇼츠 #shorts #파스타랑 #농심 #요리,이상한 과자가게  weird sweets shop,2023-05-24,PT58S,7236515,106688,1222,youtube
이상한_과자가게__weird_sweets_shop_20230523,마요네즈 넣고 와라비모찌를 만들면?,#쇼츠 #shorts,이상한 과자가게  weird sweets shop,2023-05-23,PT47S,1959959,52151,1299,youtube
이상한_과자가게__weird_sweets_shop_20230522,콜라시럽 8000가닥 만들기,#쇼츠 #shorts,이상한 과자가게  weird sweets shop,2023-05-22,PT43S,25624218,242653,883,youtube
이상한_과자가게__weird_sweets_shop_20230521,라면스프 넣고 그릭요거트 만들어주세요,#쇼츠 #shorts,이상한 과자가게  weird sweets shop,2023-05-21,PT53S,1527321,36293,978,youtube
이상한_과자가게__weird_sweets_shop_20230520,월급을 야채로 받는 나라가 있다?,"#쇼츠 #shorts  대체 얼마나 좋길래 하루야채를 독과점 했을지,먹으러 가보자구!  야채편식 한번에 해결해줄 하루야채 LAB 출시! 색깔별로 / 영양별로 / 능력별로 골라드세요  프레딧몰 혹은 프레시매니저를 통해 구입 가능합니다.  -하루야채 L: https://m.fredit.co.kr/product/detail?prdId=37311 (https://m.fredit.co.kr/product/detail?prdId=37311) -하루야채 A: https://m.fredit.co.kr/product/detail?prdId=37312 (https://m.fredit.co.kr/product/detail?prdId=37312)  -하루야채 B:  https://m.fredit.co.kr/product/detail?prdId=37314 (https://m.fredit.co.kr/product/detail?prdId=37314)",이상한 과자가게  weird sweets shop,2023-05-20,PT56S,1584584,38119,184,youtube
이상한_과자가게__weird_sweets_shop_20230519,새우깡에 써있는 조리법으로 새우깡 만들 수 있을까?,#쇼츠 #shorts,이상한 과자가게  weird sweets shop,2023-05-19,PT28S,1480502,32484,429,youtube
이상한_과자가게__weird_sweets_shop_20230518,짝퉁 생간..이렇게 만들었습니다,#쇼츠 #shorts,이상한 과자가게  weird sweets shop,2023-05-18,PT47S,6651617,99482,561,youtube
이상한_과자가게__weird_sweets_shop_20230517,간장게장 빵 만들기,#쇼츠 #shorts,이상한 과자가게  weird sweets shop,2023-05-17,PT48S,1323993,34544,228,youtube
이상한_과자가게__weird_sweets_shop_20230516,2000년대의 전설 ‘김수미의 간장게장’,#쇼츠 #shorts,이상한 과자가게  weird sweets shop,2023-05-16,PT50S,2629180,62045,504,youtube
이상한_과자가게__weird_sweets_shop_20230514,젤리병원 잔혹동화,,이상한 과자가게  weird sweets shop,2023-05-14,PT50S,2741598,82144,367,youtube
이상한_과자가게__weird_sweets_shop_20230513,우울한 날엔 짜파게티를 이렇게 먹자,#쇼츠 #shorts,이상한 과자가게  weird sweets shop,2023-05-13,PT53S,953911,26718,228,youtube
이상한_과자가게__weird_sweets_shop_20230512,비닐탕후루중에 스파이가 있다,#쇼츠 #shorts,이상한 과자가게  weird sweets shop,2023-05-12,PT22S,2487601,48604,551,youtube
이상한_과자가게__weird_sweets_shop_20230511,가난한 대학생이었던 내가 마라탕 먹던 방법,#쇼츠 #shorts,이상한 과자가게  weird sweets shop,2023-05-11,PT54S,6182821,117446,632,youtube
이상한_과자가게__weird_sweets_shop_20230510,짝퉁 생간 먹방,,이상한 과자가게  weird sweets shop,2023-05-10,PT37S,1706756,36331,4381,youtube
이상한_과자가게__weird_sweets_shop_20230509,울산분들이 댓글로 알려주신 물라면 만들기,#쇼츠 #shorts,이상한 과자가게  weird sweets shop,2023-05-09,PT46S,2975760,72811,889,youtube
이상한_과자가게__weird_sweets_shop_20230508,부모님 기절초풍할 카네이션 케이크,#쇼츠 #shorts #어버이날,이상한 과자가게  weird sweets shop,2023-05-08,PT58S,2420521,65323,213,youtube
이상한_과자가게__weird_sweets_shop_20230507,물라면 배우러 울산갔다가 도망친 이유?!,#쇼츠 #shorts,이상한 과자가게  weird sweets shop,2023-05-07,PT58S,3125713,88351,697,youtube
이상한_과자가게__weird_sweets_shop_20230506,울산인의 어린시절을 책임졌던 물라면?!,#쇼츠 #shorts,이상한 과자가게  weird sweets shop,2023-05-06,PT46S,1962429,61463,2485,youtube
이상한_과자가게__weird_sweets_shop_20230505,도토리묵? 아니..초코묵!,#쇼츠 #shorts,이상한 과자가게  weird sweets shop,2023-05-05,PT26S,2854272,59399,254,youtube
이상한_과자가게__weird_sweets_shop_20230504,학교앞에서 공짜 치킨 나눠주던거 기억하는 사람?,#쇼츠 #shorts,이상한 과자가게  weird sweets shop,2023-05-04,PT59S,3638461,85540,997,youtube
이상한_과자가게__weird_sweets_shop_20230503,당신이 한번도 생각해본 적 없을 버블티 만들기,#쇼츠 #shorts,이상한 과자가게  weird sweets shop,2023-05-03,PT49S,3614098,111701,747,youtube
이상한_과자가게__weird_sweets_shop_20230502,누가 저를 사칭한다는 소문이..,#쇼츠 #shorts,이상한 과자가게  weird sweets shop,2023-05-02,PT31S,7599999,161484,1598,youtube
이상한_과자가게__weird_sweets_shop_20230501,집에 있는 초콜릿 다 때려박은 초코쿠키,#쇼츠 #shorts,이상한 과자가게  weird sweets shop,2023-05-01,PT51S,1032738,31587,227,youtube
이상한_과자가게__weird_sweets_shop_20230430,15m 나무꼭대기에 갇힌 아기고양이 구출 대작전,#shorts #쇼츠,이상한 과자가게  weird sweets shop,2023-04-30,PT38S,864521,37108,249,youtube
이상한_과자가게__weird_sweets_shop_20230429,이거 요리꿀팁 맞나?,#쇼츠 #shorts,이상한 과자가게  weird sweets shop,2023-04-29,PT57S,1803650,45224,356,youtube
이상한_과자가게__weird_sweets_shop_20230428,마동석 배우님의 먹는 포카!,#쇼츠 #shorts,이상한 과자가게  weird sweets shop,2023-04-28,PT39S,622469,16709,317,youtube
이상한_과자가게__weird_sweets_shop_20230427,돼지비계를 1시간 동안 끓이면 생기는 일,#쇼츠 #shorts,이상한 과자가게  weird sweets shop,2023-04-27,PT45S,4466243,75823,3011,youtube
이상한_과자가게__weird_sweets_shop_20230426,먹으면 화장실 가는 물방울떡,,이상한 과자가게  weird sweets shop,2023-04-26,PT53S,2430293,55573,357,youtube
이상한_과자가게__weird_sweets_shop_20230425,바나나킥 높게 쌓기,#쇼츠 #shorts,이상한 과자가게  weird sweets shop,2023-04-25,PT44S,2541322,68296,428,youtube
이상한_과자가게__weird_sweets_shop_20230424,딸기밭에서 엄마 몰래...,#쇼츠 #shorts,이상한 과자가게  weird sweets shop,2023-04-24,PT39S,2629991,86546,739,youtube
이상한_과자가게__weird_sweets_shop_20230423,나같은 사람은 베이킹 하면 안돼ㅠ,#쇼츠 #shorts,이상한 과자가게  weird sweets shop,2023-04-23,PT43S,1632965,48219,291,youtube
이상한_과자가게__weird_sweets_shop_20230422,조개탕후루는 선넘었지,#쇼츠 #shorts,이상한 과자가게  weird sweets shop,2023-04-22,PT50S,2473901,52612,282,youtube
이상한_과자가게__weird_sweets_shop_20230420,금쪽이 식중독 걸린 썰 2,#shorts #쇼츠,이상한 과자가게  weird sweets shop,2023-04-20,PT1M,6366140,122431,643,youtube
이상한_과자가게__weird_sweets_shop_20230419,금쪽아 그러다 식중독 걸린다!!!,#쇼츠 #shorts,이상한 과자가게  weird sweets shop,2023-04-19,PT48S,4139826,87179,2596,youtube
이상한_과자가게__weird_sweets_shop_20230418,팽이버섯 피자 만들어주세요? 그게 뭔데여?,#쇼츠 #shorts,이상한 과자가게  weird sweets shop,2023-04-18,PT39S,1347379,42320,496,youtube
이상한_과자가게__weird_sweets_shop_20230416,이거 완전 초간단 마이구미 같은데?,#쇼츠 #shorts,이상한 과자가게  weird sweets shop,2023-04-16,PT44S,4111557,87946,929,youtube
이상한_과자가게__weird_sweets_shop_20230414,머랭쿠키는 왜 비싼걸까?,#쇼츠 #shorts,이상한 과자가게  weird sweets shop,2023-04-14,PT18S,963111,21351,506,youtube
이상한_과자가게__weird_sweets_shop_20230413,약과를 먹으면 안되는 이유,#쇼츠 #shorts,이상한 과자가게  weird sweets shop,2023-04-13,PT53S,2494843,66657,467,youtube
이상한_과자가게__weird_sweets_shop_20230412,곤장맞는 사람을 발견한 금쪽이,#쇼츠 #shorts,이상한 과자가게  weird sweets shop,2023-04-12,PT48S,1935320,53276,6134,youtube
이상한_과자가게__weird_sweets_shop_20230411,오이로 핫도그 만들어주세요??,#쇼츠 #shorts,이상한 과자가게  weird sweets shop,2023-04-11,PT54S,1840388,41046,721,youtube
이상한_과자가게__weird_sweets_shop_20230410,해괴망측 과일젤리 6종,#쇼츠 #shorts,이상한 과자가게  weird sweets shop,2023-04-10,PT57S,2655975,52334,269,youtube
이상한_과자가게__weird_sweets_shop_20230409,초딩이 라면스프 먹는 방법,#쇼츠 #shorts,이상한 과자가게  weird sweets shop,2023-04-09,PT41S,5305668,114547,1550,youtube
이상한_과자가게__weird_sweets_shop_20230408,두쪽이가 급식을 못먹은 이유,#쇼츠 #shorts,이상한 과자가게  weird sweets shop,2023-04-08,PT55S,2929946,63015,329,youtube
이상한_과자가게__weird_sweets_shop_20230407,갓 튀긴 개성주악,#쇼츠 #shorts,이상한 과자가게  weird sweets shop,2023-04-07,PT23S,1188405,24319,172,youtube
이상한_과자가게__weird_sweets_shop_20230406,초등학교에 라면 가져가면 생기는 일,#쇼츠 #shorts,이상한 과자가게  weird sweets shop,2023-04-06,PT40S,3042760,82137,2784,youtube
이상한_과자가게__weird_sweets_shop_20230403,시골에서 소금빵이 먹고싶다. 어떻게 해야할까?,#쇼츠 #shorts #dessert,이상한 과자가게  weird sweets shop,2023-04-03,PT38S,1594418,49162,211,youtube
이상한_과자가게__weird_sweets_shop_20230402,"만우절 이니깐, 진짜 생선초콜릿을 만들어보자",#shorts #쇼츠,이상한 과자가게  weird sweets shop,2023-04-02,PT47S,1373373,39896,251,youtube
이상한_과자가게__weird_sweets_shop_20230401,탕후루 만들다가 엄마 서프라이즈 하기,#쇼츠 #shorts,이상한 과자가게  weird sweets shop,2023-04-01,PT40S,1602337,39158,227,youtube
이상한_과자가게__weird_sweets_shop_20230331,한국인 특: 떡볶이라는 이상한 음식에 환장함,#쇼츠 #shorts,이상한 과자가게  weird sweets shop,2023-03-31,PT52S,1971639,45064,421,youtube
이상한_과자가게__weird_sweets_shop_20230330,시골에서 비닐탕후루 만들기,#쇼츠 #shorts #비닐탕후루,이상한 과자가게  weird sweets shop,2023-03-30,PT44S,2995187,81080,432,youtube
이상한_과자가게__weird_sweets_shop_20230328,충주에서 이 떡볶이 모르면 간첩이라고 한다. 나는 간첩인가?,#쇼츠 #shorts,이상한 과자가게  weird sweets shop,2023-03-28,PT48S,1283787,34851,431,youtube
이상한_과자가게__weird_sweets_shop_20230327,해외에서는 이런걸 튀겨먹는다고?,#쇼츠 #shorts #dessert,이상한 과자가게  weird sweets shop,2023-03-27,PT49S,1167557,27690,217,youtube
이상한_과자가게__weird_sweets_shop_20230326,먹방할 때 에어팟 한쪽만 끼는 이유,#쇼츠 #shorts,이상한 과자가게  weird sweets shop,2023-03-26,PT40S,3300751,69764,357,youtube
이상한_과자가게__weird_sweets_shop_20230325,구치소 다녀온 구독자분이 알려주신 감빵 음식 만들기,#쇼츠 #shorts,이상한 과자가게  weird sweets shop,2023-03-25,PT59S,6735647,127280,1657,youtube
이상한_과자가게__weird_sweets_shop_20230324,아몬드에 딸기초콜릿을 10겹 입히면?,#쇼츠 #shorts,이상한 과자가게  weird sweets shop,2023-03-24,PT54S,1266654,34406,235,youtube
이상한_과자가게__weird_sweets_shop_20230323,턱 빠진 유튜버의 근황,#쇼츠 #shorts,이상한 과자가게  weird sweets shop,2023-03-23,PT33S,4149856,78065,323,youtube
이상한_과자가게__weird_sweets_shop_20230322,1000번 때려서 만드는 메론 삼부점,#쇼츠 #shorts,이상한 과자가게  weird sweets shop,2023-03-22,PT47S,4505655,89138,822,youtube
이상한_과자가게__weird_sweets_shop_20230321,마늘먹으면 사람된다고?,#쇼츠 #shorts,이상한 과자가게  weird sweets shop,2023-03-21,PT58S,1597481,39040,415,youtube
이상한_과자가게__weird_sweets_shop_20230320,사과를 튀겼는데 맛있어서 충격!,#쇼츠 #dessert #shorts,이상한 과자가게  weird sweets shop,2023-03-20,PT43S,1306054,41561,190,youtube
이상한_과자가게__weird_sweets_shop_20230319,마이쮸인줄 알았는데 딸기떡이라구요?,#쇼츠 #shorts #dessert,이상한 과자가게  weird sweets shop,2023-03-19,PT42S,3261470,91241,358,youtube
이상한_과자가게__weird_sweets_shop_20230318,금쪽이 지갑에 돈이 없어진 이유,#shorts #쇼츠,이상한 과자가게  weird sweets shop,2023-03-18,PT58S,1633691,43268,352,youtube
이상한_과자가게__weird_sweets_shop_20230317,통참치를 충동구매했다,#쇼츠 #shorts,이상한 과자가게  weird sweets shop,2023-03-17,PT40S,1911609,42947,566,youtube
이상한_과자가게__weird_sweets_shop_20230316,먹으면 하늘을 나는 구름빵 만들기,#쇼츠 #shorts,이상한 과자가게  weird sweets shop,2023-03-16,PT49S,2263354,60403,451,youtube
이상한_과자가게__weird_sweets_shop_20230315,귀뚜라미 사탕 만들기,#쇼츠 #shorts,이상한 과자가게  weird sweets shop,2023-03-15,PT23S,1118447,26344,192,youtube
이상한_과자가게__weird_sweets_shop_20230314,하얀 콜라슬러쉬의 비밀,#쇼츠 #shorts,이상한 과자가게  weird sweets shop,2023-03-14,PT1M,4312408,123255,818,youtube
이상한_과자가게__weird_sweets_shop_20230313,베트남에서 만원으로 4끼 먹기,#쇼츠 #shorts #베트남,이상한 과자가게  weird sweets shop,2023-03-13,PT1M,1620057,32766,302,youtube
이상한_과자가게__weird_sweets_shop_20230311,이거 먹으러 베트남갔습니다(반봉란쯩무오이),#쇼츠 #shorts #베트남,이상한 과자가게  weird sweets shop,2023-03-11,PT43S,765741,16557,127,youtube
이상한_과자가게__weird_sweets_shop_20230310,짱구보고 주먹밥 처음 만들어보는 금쪽이,#쇼츠 #shorts,이상한 과자가게  weird sweets shop,2023-03-10,PT1M,5212425,123815,452,youtube
이상한_과자가게__weird_sweets_shop_20230309,와인병 뜯어먹는 여자친구,#shorts #쇼츠 #애플블랑,이상한 과자가게  weird sweets shop,2023-03-09,PT55S,1410412,39568,267,youtube
이상한_과자가게__weird_sweets_shop_20230308,여기서 먹어본 불량식품은 몇개?,#쇼츠 #shorts,이상한 과자가게  weird sweets shop,2023-03-08,PT37S,1110202,28231,1011,youtube
이상한_과자가게__weird_sweets_shop_20230307,간짬뽕 먹으면 이상한건가요?,#쇼츠 #shorts,이상한 과자가게  weird sweets shop,2023-03-07,PT35S,2973313,63884,1415,youtube
이상한_과자가게__weird_sweets_shop_20230306,2000년대에 하던 건빵대결,#쇼츠 #shorts,이상한 과자가게  weird sweets shop,2023-03-06,PT42S,3862187,87462,771,youtube
이상한_과자가게__weird_sweets_shop_20230305,니취팔러마 탕후루,#쇼츠 #shorts,이상한 과자가게  weird sweets shop,2023-03-05,PT40S,4319433,83324,632,youtube
이상한_과자가게__weird_sweets_shop_20230304,추억의 불량식품에 점수줘보기!,#쇼츠 #shorts,이상한 과자가게  weird sweets shop,2023-03-04,PT36S,1633849,37623,683,youtube
이상한_과자가게__weird_sweets_shop_20230303,금쪽이를 울린 중국집 배달원,#shorts #쇼츠 #해태 #면교자,이상한 과자가게  weird sweets shop,2023-03-03,PT59S,2051564,42420,232,youtube
이상한_과자가게__weird_sweets_shop_20230302,중국간식 설곤약이 더럽다구요?,#쇼츠 #shorts,이상한 과자가게  weird sweets shop,2023-03-02,PT23S,2658609,42052,370,youtube
이상한_과자가게__weird_sweets_shop_20230301,제티로 솜사탕을 어떻게 만들어야하나요,#쇼츠 #shorts #제티 #솜사탕,이상한 과자가게  weird sweets shop,2023-03-01,PT52S,2890785,71649,774,youtube
이상한_과자가게__weird_sweets_shop_20230228,금쪽이가 텐텐을 못먹고 자란 이유,#쇼츠 #shorts #텐텐,이상한 과자가게  weird sweets shop,2023-02-28,PT38S,11451906,228426,2722,youtube
이상한_과자가게__weird_sweets_shop_20230227,집에 김 있으면 꼭 해보세요!,#쇼츠 #shorts,이상한 과자가게  weird sweets shop,2023-02-27,PT28S,1370100,38636,251,youtube
이상한_과자가게__weird_sweets_shop_20230226,바나나 몸에 안좋게 먹는법,#쇼츠 #shorts,이상한 과자가게  weird sweets shop,2023-02-26,PT37S,918809,24672,195,youtube
이상한_과자가게__weird_sweets_shop_20230225,액체괴물인가 물방울떡인가,#쇼츠 #shorts,이상한 과자가게  weird sweets shop,2023-02-25,PT18S,3026010,70195,292,youtube
이상한_과자가게__weird_sweets_shop_20230224,대왕귤푸딩,#쇼츠 #shorts,이상한 과자가게  weird sweets shop,2023-02-24,PT23S,659228,13352,181,youtube
이상한_과자가게__weird_sweets_shop_20230223,콜라맛 물방울떡 만들어주세요,#쇼츠 #shorts,이상한 과자가게  weird sweets shop,2023-02-23,PT31S,2682470,61452,1026,youtube
이상한_과자가게__weird_sweets_shop_20230222,금쪽이가 먹은 라면땅 레시피 공개!!!,#쇼츠 #shorts,이상한 과자가게  weird sweets shop,2023-02-22,PT46S,7443368,180716,983,youtube
이상한_과자가게__weird_sweets_shop_20230221,이사장이 어렸을 때 먹던 라면땅,#쇼츠 #shorts,이상한 과자가게  weird sweets shop,2023-02-21,PT37S,7948381,186155,2132,youtube
이상한_과자가게__weird_sweets_shop_20230220,얼굴은 꼭 피해서 먹겠습니다,#쇼츠 #shorts,이상한 과자가게  weird sweets shop,2023-02-20,PT38S,1066820,27169,1058,youtube
이상한_과자가게__weird_sweets_shop_20230219,역대급 공들였지만 망한 음식,#쇼츠 #shorts,이상한 과자가게  weird sweets shop,2023-02-19,PT35S,2750374,63089,611,youtube
이상한_과자가게__weird_sweets_shop_20230218,배신자 딸기의 최후,#쇼츠 #shorts #버블티 #딸기,이상한 과자가게  weird sweets shop,2023-02-18,PT44S,2533511,65060,655,youtube
이상한_과자가게__weird_sweets_shop_20230217,맛있다고 좀 그만해,#쇼츠 #shorts,이상한 과자가게  weird sweets shop,2023-02-17,PT16S,653714,13460,109,youtube
이상한_과자가게__weird_sweets_shop_20230216,검정고무신 보고 라면 처음 끓여보는 금쪽이,#쇼츠 #shorts #검정고무신 #애니음식,이상한 과자가게  weird sweets shop,2023-02-16,PT55S,5701140,159755,1368,youtube
이상한_과자가게__weird_sweets_shop_20230215,동결건조를 빼앗아 왔습니다,#쇼츠 #shorts,이상한 과자가게  weird sweets shop,2023-02-15,PT33S,1694742,35985,1549,youtube
이상한_과자가게__weird_sweets_shop_20230215,마가린은 몸보단 기분이 좋다.,#쇼츠 #shorts,이상한 과자가게  weird sweets shop,2023-02-15,PT50S,3771942,76424,367,youtube
이상한_과자가게__weird_sweets_shop_20230213,2010년대 엽떡 처음본 사람의 반응,,이상한 과자가게  weird sweets shop,2023-02-13,PT35S,2241622,54489,451,youtube
이상한_과자가게__weird_sweets_shop_20230212,킹받는 콜라소시지 조림 #shorts,#쇼츠 #sigma,이상한 과자가게  weird sweets shop,2023-02-12,PT21S,813362,17522,281,youtube
이상한_과자가게__weird_sweets_shop_20230211,쫀드기 신박하게 먹는 방법,#쇼츠 #shorts,이상한 과자가게  weird sweets shop,2023-02-11,PT28S,1033464,26018,181,youtube
이상한_과자가게__weird_sweets_shop_20230211,남친한테 선물하려고 공장에서 일한 소녀,#쇼츠 #shorts io,이상한 과자가게  weird sweets shop,2023-02-11,PT33S,565257,12670,149,youtube
이상한_과자가게__weird_sweets_shop_20230210,90년대생은 공감할 초콜릿공장,#쇼츠 #shorts,이상한 과자가게  weird sweets shop,2023-02-10,PT24S,532140,10205,94,youtube
이상한_과자가게__weird_sweets_shop_20230209,에헤이 용과 조졌네 이거,#쇼츠 #shorts #용과,이상한 과자가게  weird sweets shop,2023-02-09,PT32S,3590706,54462,515,youtube
이상한_과자가게__weird_sweets_shop_20230208,작은사과 무시하면 안되는 이유,#쇼츠 #shorts #충주사과 #dessert #카라멜사과,이상한 과자가게  weird sweets shop,2023-02-08,PT54S,5496697,126578,776,youtube
이상한_과자가게__weird_sweets_shop_20230207,가격오른 이케아 핫도그,#쇼츠 #shorts #이케아 #이케아음식,이상한 과자가게  weird sweets shop,2023-02-07,PT33S,1011617,23141,164,youtube
이상한_과자가게__weird_sweets_shop_20230206,라떼는 고무찰흙 만질 때 말이야,#쇼츠 #shorts,이상한 과자가게  weird sweets shop,2023-02-06,PT32S,1078888,30121,330,youtube
이상한_과자가게__weird_sweets_shop_20230205,기영이도 울고 갈 바나나우유,#쇼츠 #dessert #shorts,이상한 과자가게  weird sweets shop,2023-02-05,PT35S,2100131,53237,275,youtube
이상한_과자가게__weird_sweets_shop_20230204,세상이 억까하는 초코팝콘,#shorts #쇼츠 #팝콘,이상한 과자가게  weird sweets shop,2023-02-04,PT46S,2985787,58264,378,youtube
이상한_과자가게__weird_sweets_shop_20230203,초딩때 먹어보고 싶었던 것,#shorts #쇼츠,이상한 과자가게  weird sweets shop,2023-02-03,PT22S,1156528,28582,343,youtube
이상한_과자가게__weird_sweets_shop_20230201,주문하신 [오독오독! 마라팽이쌈 먹방] 나왔습니다!,꼭 새벽에 보는걸 추천 드려요 저도 지금 편집하면서 괴로웠거든요..,이상한 과자가게  weird sweets shop,2023-02-01,PT3M7S,1959121,14762,410,youtube
이상한_과자가게__weird_sweets_shop_20230131,호랑이가 무서워하는 음식?,#shorts #쇼츠 #dessert,이상한 과자가게  weird sweets shop,2023-01-31,PT54S,860972,23655,282,youtube
이상한_과자가게__weird_sweets_shop_20230130,그것이 케첩 와라비모찌 이니깐,#shorts #쇼츠 #dessert,이상한 과자가게  weird sweets shop,2023-01-30,PT39S,1641110,39271,2285,youtube
이상한_과자가게__weird_sweets_shop_20230129,먹는 포카를 가요이에게!,#shorts #쇼츠,이상한 과자가게  weird sweets shop,2023-01-29,PT40S,5793579,122263,584,youtube
이상한_과자가게__weird_sweets_shop_20230128,유행하는 음식에 마라를 더하면?,,이상한 과자가게  weird sweets shop,2023-01-28,PT1M,1643327,41219,405,youtube
이상한_과자가게__weird_sweets_shop_20230127,머리통만한 대왕약과 만들기!!,#shorts #쇼츠 #dessert,이상한 과자가게  weird sweets shop,2023-01-27,PT17S,695575,14149,192,youtube
이상한_과자가게__weird_sweets_shop_20230126,가요이랑 대왕푸딩 만들었다,#짧잘한친구들 #짧친 #shorts #쇼츠,이상한 과자가게  weird sweets shop,2023-01-26,PT27S,1634745,38913,116,youtube
이상한_과자가게__weird_sweets_shop_20230125,먹고싶을 때만 먹는 사람의 해산물 모음,,이상한 과자가게  weird sweets shop,2023-01-25,PT21S,1655812,34071,311,youtube
이상한_과자가게__weird_sweets_shop_20230124,고양이가 깨지 않게 떡볶이 먹기,#떡의작품 #제로떡볶이,이상한 과자가게  weird sweets shop,2023-01-24,PT55S,965170,22189,286,youtube
이상한_과자가게__weird_sweets_shop_20230122,부모님 지갑 터는 간식 모음,,이상한 과자가게  weird sweets shop,2023-01-22,PT1M,895994,22776,428,youtube
이상한_과자가게__weird_sweets_shop_20230121,다이소 과자 신분상승 시키기,#shorts #쇼츠 #dessert,이상한 과자가게  weird sweets shop,2023-01-21,PT53S,2712277,55814,382,youtube
이상한_과자가게__weird_sweets_shop_20230120,씹으면 비닐소리가 나는 탕후루 (설탕X),#shorts #쇼츠 #dessert,이상한 과자가게  weird sweets shop,2023-01-20,PT15S,7179513,89569,864,youtube
이상한_과자가게__weird_sweets_shop_20230119,제발 황치즈 그릭요거트 만들어줘요,#shorts #쇼츠 #dessert,이상한 과자가게  weird sweets shop,2023-01-19,PT56S,12967305,222299,2456,youtube
이상한_과자가게__weird_sweets_shop_20230118,진짜 자신있는 컵라면 레시피,#카구리 #불닭볶음면 #쇼츠 #shorts,이상한 과자가게  weird sweets shop,2023-01-18,PT46S,2826768,94356,499,youtube
이상한_과자가게__weird_sweets_shop_20230117,호빵 안사먹어 이제!!,#shorts #쇼츠 #호빵,이상한 과자가게  weird sweets shop,2023-01-17,PT45S,3066555,74472,0,youtube
이상한_과자가게__weird_sweets_shop_20230116,다시는 호빵을 무시하지 마!,#shorts #쇼츠 #dessert,이상한 과자가게  weird sweets shop,2023-01-16,PT59S,8227901,170455,710,youtube
이상한_과자가게__weird_sweets_shop_20230115,호빵은 할머니들이 먹는거 아니야?,#쇼츠 #shorts,이상한 과자가게  weird sweets shop,2023-01-15,PT50S,1781141,45436,1448,youtube
이상한_과자가게__weird_sweets_shop_20230114,이거 먹으면 뉴진스 될 수 있나요,#shorts #쇼츠 #뉴진스 #newjeans,이상한 과자가게  weird sweets shop,2023-01-14,PT49S,1398839,27948,431,youtube
이상한_과자가게__weird_sweets_shop_20230113,저기요 뭐 먹고계세요?...뉴진스의,#shorts #쇼츠 #뉴진스,이상한 과자가게  weird sweets shop,2023-01-13,PT11S,2426852,42743,486,youtube
이상한_과자가게__weird_sweets_shop_20230112,씹으면 즙폭발 라티아오 만들기,#shorts #쇼츠,이상한 과자가게  weird sweets shop,2023-01-12,PT52S,6142422,143761,1139,youtube
이상한_과자가게__weird_sweets_shop_20230111,신라면 끓여준다길래 서울간 지방사람,#신라면 #농심 #신라면팝업,이상한 과자가게  weird sweets shop,2023-01-11,PT49S,1191574,28777,193,youtube
이상한_과자가게__weird_sweets_shop_20230110,목포쫀드기 먹고싶어요 도와주세요!,#shorts #쇼츠,이상한 과자가게  weird sweets shop,2023-01-10,PT28S,4751329,64046,1003,youtube
이상한_과자가게__weird_sweets_shop_20230109,핫케익 복잡하게 만들기,#shorts #쇼츠,이상한 과자가게  weird sweets shop,2023-01-09,PT49S,1574912,40798,326,youtube
이상한_과자가게__weird_sweets_shop_20230108,죽어가는 바나나에 초콜릿을 섞으면? (와 너무 맛있어...),#shorts #쇼츠,이상한 과자가게  weird sweets shop,2023-01-08,PT51S,3074936,90608,918,youtube
이상한_과자가게__weird_sweets_shop_20230107,우유를 쫀득하게 만드는법,#shorts #쇼츠,이상한 과자가게  weird sweets shop,2023-01-07,PT47S,3334744,85092,709,youtube
이상한_과자가게__weird_sweets_shop_20230106,오믈렛 50년 장인이라고 우기는 사람,#shorts #쇼츠,이상한 과자가게  weird sweets shop,2023-01-06,PT59S,2663648,59354,413,youtube
이상한_과자가게__weird_sweets_shop_20230105,먹방 못찍게 된 이유,#shorts #쇼츠,이상한 과자가게  weird sweets shop,2023-01-05,PT28S,23669966,296320,3543,youtube
이상한_과자가게__weird_sweets_shop_20230104,자몽껍질을 먹는다고?,#shorts #쇼츠,이상한 과자가게  weird sweets shop,2023-01-04,PT28S,3057791,53636,740,youtube
이상한_과자가게__weird_sweets_shop_20230103,3000원으로 마들렌을 몇개 만들 수 있을까?,#shorts #baking,이상한 과자가게  weird sweets shop,2023-01-03,PT53S,2175812,45829,396,youtube
이상한_과자가게__weird_sweets_shop_20230102,인도에서 인기있는 간식 굴랍자문!,,이상한 과자가게  weird sweets shop,2023-01-02,PT39S,1671844,30800,188,youtube
이상한_과자가게__weird_sweets_shop_20230101,[60초 먹방]신선한 제철 굴 맘껏 먹기 eating oyster,#eatingshow #eatingsounds #shorts #쇼츠,이상한 과자가게  weird sweets shop,2023-01-01,PT58S,711380,18048,262,youtube
이상한_과자가게__weird_sweets_shop_20221231,응팔 덕선이가 먹던 식빵튀김 #shorts,,이상한 과자가게  weird sweets shop,2022-12-31,PT39S,990997,21733,176,youtube
이상한_과자가게__weird_sweets_shop_20221230,턱이 고장났는데 탕후루를 먹는 사람이 있다?,,이상한 과자가게  weird sweets shop,2022-12-30,PT31S,969413,18361,226,youtube
이상한_과자가게__weird_sweets_shop_20221229,귤 싫어하는 사람도 먹어봐야하는 탕후루 #shorts,,이상한 과자가게  weird sweets shop,2022-12-29,PT49S,2038351,41866,1329,youtube
이상한_과자가게__weird_sweets_shop_20221228,뭐 이런걸로 솜사탕을 만들어?,#shorts #쇼츠 #솜사탕,이상한 과자가게  weird sweets shop,2022-12-28,PT51S,4417976,77562,1123,youtube
이상한_과자가게__weird_sweets_shop_20221227,이건 대왕붕어빵? 광어빵?,#쇼츠 #shorts,이상한 과자가게  weird sweets shop,2022-12-27,PT1M,3867419,74910,365,youtube
이상한_과자가게__weird_sweets_shop_20221226,브라우니 위에 트리가 !? #shorts,,이상한 과자가게  weird sweets shop,2022-12-26,PT45S,780874,24609,145,youtube
이상한_과자가게__weird_sweets_shop_20221225,다이소 재료로 눈사람쿠키 만들기!,,이상한 과자가게  weird sweets shop,2022-12-25,PT41S,761575,23976,247,youtube
이상한_과자가게__weird_sweets_shop_20221224,크리스마스에 빼빼로 먹는 법 #shorts,,이상한 과자가게  weird sweets shop,2022-12-24,PT32S,808631,23085,180,youtube
이상한_과자가게__weird_sweets_shop_20221223,고급 레스토랑에서 대왕붕어빵을 시켜봤습니다.,,이상한 과자가게  weird sweets shop,2022-12-23,PT55S,740515,22381,115,youtube
이상한_과자가게__weird_sweets_shop_20221222,이사장이 파스타로 금쪽이를 구한 건에 대하여,#농심 #파스타랑 #파스타랑볼로네제 #파스타랑버섯크림 #파스타,이상한 과자가게  weird sweets shop,2022-12-22,PT58S,1613801,38904,231,youtube
이상한_과자가게__weird_sweets_shop_20221221,"곰돌이케이크, 인스타 각이다",#shorts #크리스마스디저트 #크리스마스 #곰돌이케이크 #케이크,이상한 과자가게  weird sweets shop,2022-12-21,PT53S,995839,29625,397,youtube
이상한_과자가게__weird_sweets_shop_20221220,식빵에 쿠킹호일을 올리면?!?!   #shorts,,이상한 과자가게  weird sweets shop,2022-12-20,PT45S,4853872,50331,399,youtube
이상한_과자가게__weird_sweets_shop_20221219,전설의 푸룬주스로 젤리만들기,,이상한 과자가게  weird sweets shop,2022-12-19,PT41S,2647351,59395,477,youtube
이상한_과자가게__weird_sweets_shop_20221218,뽕따와 전분을 섞었더니 눈사람이 되었다.,,이상한 과자가게  weird sweets shop,2022-12-18,PT44S,1895088,47215,489,youtube
이상한_과자가게__weird_sweets_shop_20221217,시상식 갔다가 르세라핌 봤다,,이상한 과자가게  weird sweets shop,2022-12-17,PT34S,3403160,85047,674,youtube
이상한_과자가게__weird_sweets_shop_20221216,대왕버블티 하루안에 다 마실 수 있는사람?,,이상한 과자가게  weird sweets shop,2022-12-16,PT45S,2101049,49323,254,youtube
이상한_과자가게__weird_sweets_shop_20221215,직장인이 퇴근 후 치킨 먹는방법,#60계치킨 #크크크치킨 #크크크콤보,이상한 과자가게  weird sweets shop,2022-12-15,PT54S,1609896,31991,360,youtube
이상한_과자가게__weird_sweets_shop_20221214,나는 낫또를 아이스크림에 넣었을 뿐이고,,이상한 과자가게  weird sweets shop,2022-12-14,PT33S,2197480,41917,349,youtube
이상한_과자가게__weird_sweets_shop_20221213,진짜 감빵에서 이런요리 해먹나요?!,,이상한 과자가게  weird sweets shop,2022-12-13,PT57S,10044555,230293,1299,youtube
이상한_과자가게__weird_sweets_shop_20221212,조규성 선수 포카 먹기,,이상한 과자가게  weird sweets shop,2022-12-12,PT40S,801422,20770,503,youtube
이상한_과자가게__weird_sweets_shop_20221211,짱구가 알려주는 고구마 먹는법! #shorts,#짱구 #애니음식 #짱구먹방,이상한 과자가게  weird sweets shop,2022-12-11,PT34S,4722333,85152,709,youtube
이상한_과자가게__weird_sweets_shop_20221210,회사에서 맥주 땡길 때 #shorts,#클룹 #cloop #제로소다,이상한 과자가게  weird sweets shop,2022-12-10,PT58S,1197181,29893,203,youtube
이상한_과자가게__weird_sweets_shop_20221209,조규성 선수의 먹는포카 꾸미기 (내가 봐도 이상함),,이상한 과자가게  weird sweets shop,2022-12-09,PT58S,11065186,196712,2526,youtube
이상한_과자가게__weird_sweets_shop_20221208,피카츄 돈까스 안팔길래... #shorts,,이상한 과자가게  weird sweets shop,2022-12-08,PT53S,1530454,46000,425,youtube
이상한_과자가게__weird_sweets_shop_20221207,녹이면 이강인 선수가 나오는 코코아밤,,이상한 과자가게  weird sweets shop,2022-12-07,PT51S,5558567,118903,514,youtube
이상한_과자가게__weird_sweets_shop_20221206,손흥민 마스크를 먹을 수 있다?,,이상한 과자가게  weird sweets shop,2022-12-06,PT46S,2539437,57864,346,youtube
이상한_과자가게__weird_sweets_shop_20221205,날 쫄게 했던 피카츄돈까스 괴담,,이상한 과자가게  weird sweets shop,2022-12-05,PT57S,2773500,83367,1395,youtube
이상한_과자가게__weird_sweets_shop_20221204,과자가 음식으로 진화되는 과정,"전국 올리브영, 비마트, 마켓컬리에서 프롬잇 프로틴칩을 만날 수 있어요! ➡️fromeat.kr",이상한 과자가게  weird sweets shop,2022-12-04,PT53S,1933528,53089,291,youtube
이상한_과자가게__weird_sweets_shop_20221203,이게 뭐냐구요? 불탉코야끼,,이상한 과자가게  weird sweets shop,2022-12-03,PT42S,5761843,146916,694,youtube
이상한_과자가게__weird_sweets_shop_20221202,"내가 만든 원형당면,,마라탕에 넣어서 먹어보기",,이상한 과자가게  weird sweets shop,2022-12-02,PT41S,1968345,43543,228,youtube
이상한_과자가게__weird_sweets_shop_20221201,크리스마스에 소주 선물하는 법,,이상한 과자가게  weird sweets shop,2022-12-01,PT27S,606857,15864,124,youtube
이상한_과자가게__weird_sweets_shop_20221130,링곱창..우리 다신 마주치지 말자,,이상한 과자가게  weird sweets shop,2022-11-30,PT58S,11332633,156494,2712,youtube
이상한_과자가게__weird_sweets_shop_20221129,요즘 학생들만 아는 케이크,,이상한 과자가게  weird sweets shop,2022-11-29,PT1M,9873068,151912,1997,youtube
이상한_과자가게__weird_sweets_shop_20221128,먹방 유튜버들이 왜 까만 팽이버섯을 먹는지 알았어요,,이상한 과자가게  weird sweets shop,2022-11-28,PT53S,4559353,98465,920,youtube
이상한_과자가게__weird_sweets_shop_20221127,[60초 먹방]짜장불닭버섯을 왜 이제야 먹었을까?,,이상한 과자가게  weird sweets shop,2022-11-27,PT58S,7139899,187584,2007,youtube
이상한_과자가게__weird_sweets_shop_20221126,2000번 때려서 만드는 중국 고급디저트,,이상한 과자가게  weird sweets shop,2022-11-26,PT55S,7874833,166804,850,youtube
이상한_과자가게__weird_sweets_shop_20221125,꿈빛파티시엘 보고 요리사를 꿈꿨다,7일 무료체험하기: expressvpn.com/sweetshops2,이상한 과자가게  weird sweets shop,2022-11-25,PT47S,463800,9702,0,youtube
이상한_과자가게__weird_sweets_shop_20221124,이걸보면 타코야끼 트럭을 찾게 될거에요,,이상한 과자가게  weird sweets shop,2022-11-24,PT42S,6193270,125977,933,youtube
이상한_과자가게__weird_sweets_shop_20221123,"오레오, 생크림 있으신분? 무조건 만들어보기",,이상한 과자가게  weird sweets shop,2022-11-23,PT53S,3003971,85542,465,youtube
이상한_과자가게__weird_sweets_shop_20221122,휴게소에서 김치주스 팔아주세요,,이상한 과자가게  weird sweets shop,2022-11-22,PT46S,794861,23729,255,youtube
이상한_과자가게__weird_sweets_shop_20221121,짱구..야망있는 녀석 이였어,,이상한 과자가게  weird sweets shop,2022-11-21,PT43S,2128436,47304,202,youtube
이상한_과자가게__weird_sweets_shop_20221120,부숴진 빼빼로의 최후,,이상한 과자가게  weird sweets shop,2022-11-20,PT51S,3158021,82574,521,youtube
이상한_과자가게__weird_sweets_shop_20221118,나한테 빼빼로 준 친구들?아직 기억하고 있다 (2탄),,이상한 과자가게  weird sweets shop,2022-11-18,PT55S,3087269,83174,930,youtube
이상한_과자가게__weird_sweets_shop_20221117,나한테 빼빼로 준 친구들?아직 기억하고 있다 (1탄),,이상한 과자가게  weird sweets shop,2022-11-17,PT59S,1443837,41359,1695,youtube
이상한_과자가게__weird_sweets_shop_20221116,수험생은 먹으면 안되는 엿,,이상한 과자가게  weird sweets shop,2022-11-16,PT44S,1873788,43500,360,youtube
이상한_과자가게__weird_sweets_shop_20221115,생새우회에 뭘 찍어먹어야 가장 맛있을까?,#shorts #생새우 #새우회,이상한 과자가게  weird sweets shop,2022-11-15,PT59S,1574665,42017,659,youtube
이상한_과자가게__weird_sweets_shop_20221114,민트맛 밥을 만들어보자,,이상한 과자가게  weird sweets shop,2022-11-14,PT45S,4589510,92489,973,youtube
이상한_과자가게__weird_sweets_shop_20221113,붕어빵 꼰대의 계절,,이상한 과자가게  weird sweets shop,2022-11-13,PT42S,1802677,50929,1130,youtube
이상한_과자가게__weird_sweets_shop_20221112,달고나랑 뽑기가 다른거라고?,,이상한 과자가게  weird sweets shop,2022-11-12,PT53S,4183872,66085,963,youtube
이상한_과자가게__weird_sweets_shop_20221111,낯선 중국간식 10개 먹어보기,,이상한 과자가게  weird sweets shop,2022-11-11,PT1M,2040068,37773,436,youtube
이상한_과자가게__weird_sweets_shop_20221110,요즘 유행 한다는 주호민빼빼로,#shorts #빼빼로 #빼빼로만들기,이상한 과자가게  weird sweets shop,2022-11-10,PT52S,1610002,44631,490,youtube
이상한_과자가게__weird_sweets_shop_20221109,일본애니에 꼭 나오는 음식,,이상한 과자가게  weird sweets shop,2022-11-09,PT57S,1549977,47760,462,youtube
이상한_과자가게__weird_sweets_shop_20221108,유명한 중국 양념죽순!! 구하기 어려웠다,,이상한 과자가게  weird sweets shop,2022-11-08,PT57S,5899973,75200,1139,youtube
이상한_과자가게__weird_sweets_shop_20221107,금쪽이에게 츄러스를 만들어 줘보겠습니다,,이상한 과자가게  weird sweets shop,2022-11-07,PT45S,1130591,38458,177,youtube
이상한_과자가게__weird_sweets_shop_20221106,츄러스 빌런의 등장 (2탄),,이상한 과자가게  weird sweets shop,2022-11-06,PT1M,3391519,87483,597,youtube
이상한_과자가게__weird_sweets_shop_20221105,츄러스 빌런의 등장 (1탄),,이상한 과자가게  weird sweets shop,2022-11-05,PT59S,2672342,71004,3032,youtube
이상한_과자가게__weird_sweets_shop_20221104,닭발을 사면 발톱이 서비스!!🔥(중국간식),,이상한 과자가게  weird sweets shop,2022-11-04,PT43S,2311498,39772,494,youtube
이상한_과자가게__weird_sweets_shop_20221103,학교에서 만들면 핵인싸 될 수 있는 간식,,이상한 과자가게  weird sweets shop,2022-11-03,PT1M,7523691,152562,694,youtube
이상한_과자가게__weird_sweets_shop_20221102,집에서 완전 쉽게 버터 만들기!!!,,이상한 과자가게  weird sweets shop,2022-11-02,PT1M,9391381,175007,1599,youtube
이상한_과자가게__weird_sweets_shop_20221101,코찔찔이 시절 먹었던 컵떡볶이 만드는방법!,#shorts #떡볶이 #컵떡볶이,이상한 과자가게  weird sweets shop,2022-11-01,PT54S,2862036,82146,564,youtube
이상한_과자가게__weird_sweets_shop_20221031,컵떡볶이가 500원이던 시절 (2탄),,이상한 과자가게  weird sweets shop,2022-10-31,PT1M,11881687,236800,7046,youtube
이상한_과자가게__weird_sweets_shop_20221029,컵떡볶이가 500원이던 시절,,이상한 과자가게  weird sweets shop,2022-10-29,PT53S,5419458,131424,5722,youtube
이상한_과자가게__weird_sweets_shop_20221028,당신은 50초동안 할로윈간식 4개를 배웠습니다,,이상한 과자가게  weird sweets shop,2022-10-28,PT50S,29130969,392188,1743,youtube
이상한_과자가게__weird_sweets_shop_20221028,제가 만든 할로윈음식은 몇개일까요?👻,,이상한 과자가게  weird sweets shop,2022-10-28,PT1M,30037507,437748,24313,youtube
이상한_과자가게__weird_sweets_shop_20221027,샤인머스캣과 곤약가루가 만나면?,,이상한 과자가게  weird sweets shop,2022-10-27,PT53S,2598559,59528,490,youtube
이상한_과자가게__weird_sweets_shop_20221027,음식낭비 하는 사람 따라해보기,,이상한 과자가게  weird sweets shop,2022-10-27,PT27S,7281691,138950,2561,youtube
이상한_과자가게__weird_sweets_shop_20221026,바나나맛 제티로 그릭요거트 만들기,,이상한 과자가게  weird sweets shop,2022-10-26,PT54S,3512906,89150,1432,youtube
이상한_과자가게__weird_sweets_shop_20221025,치즈 실컷먹는게 내 꿈이었다,,이상한 과자가게  weird sweets shop,2022-10-25,PT1M,6512757,132858,2445,youtube
이상한_과자가게__weird_sweets_shop_20221025,편의점에서 까르보 직꾸리 정식 만들기,#shorts #카구리 #직꾸닭 #까르보직꾸리정식,이상한 과자가게  weird sweets shop,2022-10-25,PT59S,669153,21330,149,youtube
이상한_과자가게__weird_sweets_shop_20221024,레옹이 화분 들고다니는 이유 (먹으려고),,이상한 과자가게  weird sweets shop,2022-10-24,PT53S,490596,11195,171,youtube
이상한_과자가게__weird_sweets_shop_20221024,편의점 재료로 방구석에서 캠핑음식 만들기!,#shorts #카구리 #직꾸닭 #직꾸리볶음밥,이상한 과자가게  weird sweets shop,2022-10-24,PT59S,735593,19610,105,youtube
이상한_과자가게__weird_sweets_shop_20221022,[60초 먹방]가을은 전어의 계절! 통전어&소스5종,,이상한 과자가게  weird sweets shop,2022-10-22,PT56S,2794237,65445,1152,youtube
이상한_과자가게__weird_sweets_shop_20221021,샤인머스캣으로 달고나를 만드는 사람이 여기 있습니다.,,이상한 과자가게  weird sweets shop,2022-10-21,PT59S,5644210,130907,597,youtube
이상한_과자가게__weird_sweets_shop_20221020,마라탕맛 와라비모찌를 만들어봅시다🍜,,이상한 과자가게  weird sweets shop,2022-10-20,PT49S,1533262,40436,985,youtube
이상한_과자가게__weird_sweets_shop_20221019,샤인머스캣이 싸졌다길래 찹쌀떡 만들어봤어요🍡,,이상한 과자가게  weird sweets shop,2022-10-19,PT59S,1677734,53905,319,youtube
이상한_과자가게__weird_sweets_shop_20221018,콜라시럽 넣고 타피오카펄 만들기?!,,이상한 과자가게  weird sweets shop,2022-10-18,PT57S,2244221,56771,833,youtube
이상한_과자가게__weird_sweets_shop_20221017,Asmr먹방으로 유행한 불닭팽이쌈 만들기!🍄🔥,,이상한 과자가게  weird sweets shop,2022-10-17,PT59S,9526570,191489,1167,youtube
이상한_과자가게__weird_sweets_shop_20221017,[60초 먹방]라이스페이퍼+불닭팽이버섯= 환상,,이상한 과자가게  weird sweets shop,2022-10-17,PT59S,16215292,373472,0,youtube
이상한_과자가게__weird_sweets_shop_20221016,3만원짜리 감자칩으로 만드는 치즈범벅은 어떤 맛일까?,,이상한 과자가게  weird sweets shop,2022-10-16,PT48S,1028579,25612,144,youtube
이상한_과자가게__weird_sweets_shop_20221015,"타란튤라 젤리, 왕꿈틀이로 할로윈음료 만들기!",,이상한 과자가게  weird sweets shop,2022-10-15,PT42S,652154,16413,194,youtube
이상한_과자가게__weird_sweets_shop_20221014,"이게 좀비 손가락이 아니라, 쿠키라고?🧟‍♂️",,이상한 과자가게  weird sweets shop,2022-10-14,PT58S,766254,20840,241,youtube
이상한_과자가게__weird_sweets_shop_20221013,손가락을 먹어보겠습니다🧟‍♂️.(여러분의 손가락은 잘 있나요?),,이상한 과자가게  weird sweets shop,2022-10-13,PT53S,822884,17685,485,youtube
이상한_과자가게__weird_sweets_shop_20221012,무시무시한 눈알 코코아밤 만들기👀,,이상한 과자가게  weird sweets shop,2022-10-12,PT53S,2874089,70573,383,youtube
이상한_과자가게__weird_sweets_shop_20221011,이 시간에 버블티를 어디서 구해...,#맥심 #슈프림골드 #맥심슈프림골드 #shorts,이상한 과자가게  weird sweets shop,2022-10-11,PT58S,3480561,83252,399,youtube
이상한_과자가게__weird_sweets_shop_20221010,물젤리로 메론크림소다 만들어보자구!,,이상한 과자가게  weird sweets shop,2022-10-10,PT55S,1163909,32162,295,youtube
이상한_과자가게__weird_sweets_shop_20221009,1500만 조회수의 연어먹방! 다시 먹어봤습니다,,이상한 과자가게  weird sweets shop,2022-10-09,PT59S,5319121,139326,1228,youtube
이상한_과자가게__weird_sweets_shop_20221008,요리 대참사 모음 (통족발 먹다가 턱빠짐),,이상한 과자가게  weird sweets shop,2022-10-08,PT36S,2031586,35232,277,youtube
이상한_과자가게__weird_sweets_shop_20221007,세상에서 제일 큰 무지개 머랭쿠키를 만들어주고싶다,,이상한 과자가게  weird sweets shop,2022-10-07,PT50S,9952054,173996,893,youtube
이상한_과자가게__weird_sweets_shop_20221006,남자친구에게 노른자우유를 먹여봤다,,이상한 과자가게  weird sweets shop,2022-10-06,PT52S,1146119,34778,234,youtube
이상한_과자가게__weird_sweets_shop_20221005,요즘 핫한 연세우유빵으로 콘치즈를 만드는 방법! #shorts,#연세우유 #연세우유생크림빵 #연세우유옥수수크림빵 #생크림빵레시피 #shorts,이상한 과자가게  weird sweets shop,2022-10-05,PT59S,1001882,31452,215,youtube
이상한_과자가게__weird_sweets_shop_20221004,'에스파 윈터'님의 먹는포카 꾸미기!,,이상한 과자가게  weird sweets shop,2022-10-04,PT59S,2381248,60817,3769,youtube
이상한_과자가게__weird_sweets_shop_20221003,마라탕 재료별로 흡입하는 영상 #shorts,,이상한 과자가게  weird sweets shop,2022-10-03,PT55S,2822655,76235,915,youtube
이상한_과자가게__weird_sweets_shop_20221003,"용돈 떨어진 금쪽이,,떡볶이를 먹을 수 있을까?",,이상한 과자가게  weird sweets shop,2022-10-03,PT59S,3455190,90292,452,youtube
이상한_과자가게__weird_sweets_shop_20221002,코코팜을 먹는 물병으로 만드는 법,,이상한 과자가게  weird sweets shop,2022-10-02,PT55S,2253654,53852,420,youtube
이상한_과자가게__weird_sweets_shop_20220930,'안보현'님이 만든 오레오튀김 만들기?!,,이상한 과자가게  weird sweets shop,2022-09-30,PT51S,545212,15931,176,youtube
이상한_과자가게__weird_sweets_shop_20220929,구독자분들이 초코파이 먹는 방법을 알려주셨다,,이상한 과자가게  weird sweets shop,2022-09-29,PT42S,1338196,27657,549,youtube
이상한_과자가게__weird_sweets_shop_20220928,내 마니또는 누구였을까? (틱톡 시상식),,이상한 과자가게  weird sweets shop,2022-09-28,PT44S,1255937,40959,369,youtube
이상한_과자가게__weird_sweets_shop_20220927,시나모롤 좋아하는 마니또에게 시나모롤 머랭쿠키 만들어주기,,이상한 과자가게  weird sweets shop,2022-09-27,PT1M,1713975,43532,1278,youtube
이상한_과자가게__weird_sweets_shop_20220925,???: 수제비 버블티 만들어 주세요,,이상한 과자가게  weird sweets shop,2022-09-25,PT41S,1447274,36207,338,youtube
이상한_과자가게__weird_sweets_shop_20220924,"댓글에 써주신 재료를 솜사탕 기계에 넣어보기!(소금,메론시럽,하리보) #shorts",,이상한 과자가게  weird sweets shop,2022-09-24,PT44S,2516719,57298,2090,youtube
이상한_과자가게__weird_sweets_shop_20220923,이상한 과자가게에서 아이스크림을 사먹으면 생기는 일,,이상한 과자가게  weird sweets shop,2022-09-23,PT57S,3281780,88333,483,youtube
이상한_과자가게__weird_sweets_shop_20220922,손님이 청포묵 펄을 추가해달라고 하신다..(?),,이상한 과자가게  weird sweets shop,2022-09-22,PT34S,4361940,101251,781,youtube
이상한_과자가게__weird_sweets_shop_20220921,금쪽이가 컵라면을 들고 찾아왔다!,,이상한 과자가게  weird sweets shop,2022-09-21,PT54S,4690886,113758,340,youtube
이상한_과자가게__weird_sweets_shop_20220920,대존맛!!! 마카롱 시리얼 만들었다!!,,이상한 과자가게  weird sweets shop,2022-09-20,PT43S,1732853,54916,318,youtube
이상한_과자가게__weird_sweets_shop_20220919,감자전분으로 버블티 펄을 만들 수 있을까?,,이상한 과자가게  weird sweets shop,2022-09-19,PT59S,2676031,75731,517,youtube
이상한_과자가게__weird_sweets_shop_20220918,마이멜로디 마카롱 만들기💗,,이상한 과자가게  weird sweets shop,2022-09-18,PT51S,1372501,45008,2106,youtube
이상한_과자가게__weird_sweets_shop_20220917,민트초코치킨 먹을 수 있다는 금쪽이,,이상한 과자가게  weird sweets shop,2022-09-17,PT56S,1758982,53400,1156,youtube
이상한_과자가게__weird_sweets_shop_20220916,박하사탕으로 민트초코 치킨만들기🥹,,이상한 과자가게  weird sweets shop,2022-09-16,PT51S,1387336,36420,1154,youtube
이상한_과자가게__weird_sweets_shop_20220915,마시멜로푸딩 금쪽이 주기 싫다^^!,,이상한 과자가게  weird sweets shop,2022-09-15,PT42S,2980428,87025,453,youtube
이상한_과자가게__weird_sweets_shop_20220914,금쪽이도 아는 콜라기계의 비밀,#shorts,이상한 과자가게  weird sweets shop,2022-09-14,PT46S,9799003,186858,1214,youtube
이상한_과자가게__weird_sweets_shop_20220913,개구리알 닮은 펄 넣고 메론시미로 만들기!,,이상한 과자가게  weird sweets shop,2022-09-13,PT47S,1143492,41392,244,youtube
이상한_과자가게__weird_sweets_shop_20220912,남친 어머니 귤밭에서 몰래 귤따서 탕후루 만들기,,이상한 과자가게  weird sweets shop,2022-09-12,PT40S,5266283,109981,675,youtube
이상한_과자가게__weird_sweets_shop_20220911,"메로나,돼지바 둘 다 먹고싶다면?",,이상한 과자가게  weird sweets shop,2022-09-11,PT58S,12619043,255488,1601,youtube
이상한_과자가게__weird_sweets_shop_20220910,솜사탕기계에 팝핑캔디를 넣으면?!,,이상한 과자가게  weird sweets shop,2022-09-10,PT31S,6971068,122503,1486,youtube
이상한_과자가게__weird_sweets_shop_20220909,누구냐 거북손 탕후루 해달라했던 사람,,이상한 과자가게  weird sweets shop,2022-09-09,PT46S,1459788,35186,752,youtube
이상한_과자가게__weird_sweets_shop_20220908,돈없는 금쪽이가 흑당버블티 만든 방법은?!,,이상한 과자가게  weird sweets shop,2022-09-08,PT39S,6154784,148761,593,youtube
이상한_과자가게__weird_sweets_shop_20220907,공주들아~요 필수품 안가지고 다니는거 아니지?,,이상한 과자가게  weird sweets shop,2022-09-07,PT55S,3537312,78097,334,youtube
이상한_과자가게__weird_sweets_shop_20220906,"대왕푸딩 열심히 만들었는데,,허무하게 조사지는 영상",,이상한 과자가게  weird sweets shop,2022-09-06,PT59S,2752543,79115,674,youtube
이상한_과자가게__weird_sweets_shop_20220905,찐~덕한 불닭 와라비모찌 만들기🔥,,이상한 과자가게  weird sweets shop,2022-09-05,PT41S,1282361,37083,617,youtube
이상한_과자가게__weird_sweets_shop_20220904,내 뱃살같은 대왕푸딩 먹기 (직접 만듦.),,이상한 과자가게  weird sweets shop,2022-09-04,PT43S,1104509,22961,355,youtube
이상한_과자가게__weird_sweets_shop_20220903,솜사탕이 자라나는 신기한 음료수(?),,이상한 과자가게  weird sweets shop,2022-09-03,PT24S,4663798,89090,461,youtube
이상한_과자가게__weird_sweets_shop_20220903,우겨서 미안해요..토마토 케찹주스 재도전,,이상한 과자가게  weird sweets shop,2022-09-03,PT49S,3695694,76951,456,youtube
이상한_과자가게__weird_sweets_shop_20220902,세상에 존재하면 안되는 [토마토주스]를 만들었다.,,이상한 과자가게  weird sweets shop,2022-09-02,PT39S,883428,23057,238,youtube
이상한_과자가게__weird_sweets_shop_20220901,남친이랑 했다가 의상한 빙수재료 뽑기💢,,이상한 과자가게  weird sweets shop,2022-09-01,PT53S,1839554,48766,123,youtube
이상한_과자가게__weird_sweets_shop_20220831,이번엔 꼭 성공한다 그릭복숭아,,이상한 과자가게  weird sweets shop,2022-08-31,PT43S,6135588,119042,372,youtube
이상한_과자가게__weird_sweets_shop_20220830,궁극의 다이어트 방법을 배웠다,,이상한 과자가게  weird sweets shop,2022-08-30,PT28S,2124099,60210,1067,youtube
이상한_과자가게__weird_sweets_shop_20220829,영국인이 도넛 먹는 방법(!?),,이상한 과자가게  weird sweets shop,2022-08-29,PT37S,1412257,37642,277,youtube
이상한_과자가게__weird_sweets_shop_20220828,남은 투게더로 크렘브륄레 만들기(!?),,이상한 과자가게  weird sweets shop,2022-08-28,PT39S,1925125,66204,274,youtube
이상한_과자가게__weird_sweets_shop_20220827,고추장 타피오카떡 넣은 k-로제떡볶이,,이상한 과자가게  weird sweets shop,2022-08-27,PT33S,3289649,87585,374,youtube
이상한_과자가게__weird_sweets_shop_20220826,고추장 넣고 타피오카떡 만들기,,이상한 과자가게  weird sweets shop,2022-08-26,PT44S,1343652,44403,454,youtube
이상한_과자가게__weird_sweets_shop_20220825,마이구미 사이다 만들기~!,,이상한 과자가게  weird sweets shop,2022-08-25,PT34S,1218092,36634,258,youtube
이상한_과자가게__weird_sweets_shop_20220824,남자친구한테 와사비 넣은 쿠키 만들어줬어요💚,#shorts #와사비 #베이킹,이상한 과자가게  weird sweets shop,2022-08-24,PT49S,2239999,54294,936,youtube
이상한_과자가게__weird_sweets_shop_20220823,푸시팝 곤약젤리 만들기!,,이상한 과자가게  weird sweets shop,2022-08-23,PT49S,1645232,43323,185,youtube
이상한_과자가게__weird_sweets_shop_20220822,"피부가 건조하시네요, 마시멜로씨",,이상한 과자가게  weird sweets shop,2022-08-22,PT31S,1380482,38533,385,youtube
이상한_과자가게__weird_sweets_shop_20220821,초코찰떡꼬치 무한리필 하는법,,이상한 과자가게  weird sweets shop,2022-08-21,PT46S,2947955,74067,553,youtube
이상한_과자가게__weird_sweets_shop_20220820,파파야시럽으로 달고나가 가능할까?,,이상한 과자가게  weird sweets shop,2022-08-20,PT45S,1889031,52490,384,youtube
이상한_과자가게__weird_sweets_shop_20220819,순대 & 소스5종 이모티콘 먹방!,,이상한 과자가게  weird sweets shop,2022-08-19,PT1M,1511421,40864,1120,youtube
이상한_과자가게__weird_sweets_shop_20220818,엔시티 정우님의 먹을 수 있는 포카 만들기!,,이상한 과자가게  weird sweets shop,2022-08-18,PT54S,1184855,34393,2057,youtube
이상한_과자가게__weird_sweets_shop_20220817,"나 때는, 달고나빵 먹으면 부자였어",,이상한 과자가게  weird sweets shop,2022-08-17,PT45S,4703673,109142,1246,youtube
이상한_과자가게__weird_sweets_shop_20220816,파파야 와라비모찌 버블티💦,,이상한 과자가게  weird sweets shop,2022-08-16,PT40S,5167217,120601,1164,youtube
이상한_과자가게__weird_sweets_shop_20220815,이 모찌는 보노보노인가 쿠우인가,,이상한 과자가게  weird sweets shop,2022-08-15,PT49S,2623421,68886,3059,youtube
이상한_과자가게__weird_sweets_shop_20220815,킹받는 톡톡젤리 5종 먹방,,이상한 과자가게  weird sweets shop,2022-08-15,PT47S,5543622,108248,938,youtube
이상한_과자가게__weird_sweets_shop_20220814,빨간 용과로 펄 만들기,#쇼츠 #shorts,이상한 과자가게  weird sweets shop,2022-08-14,PT47S,4607016,108876,754,youtube
이상한_과자가게__weird_sweets_shop_20220813,우영우님도 거부 할듯한 [김밥젤리],,이상한 과자가게  weird sweets shop,2022-08-13,PT55S,5882508,122547,701,youtube
이상한_과자가게__weird_sweets_shop_20220812,직접만든 달고나 솜사탕으로 라떼 만들었어요,,이상한 과자가게  weird sweets shop,2022-08-12,PT40S,1760450,45095,246,youtube
이상한_과자가게__weird_sweets_shop_20220812,요즘 참치캔은 뭔가 다르군,,이상한 과자가게  weird sweets shop,2022-08-12,PT39S,1725587,39139,167,youtube
이상한_과자가게__weird_sweets_shop_20220811,솜사탕기계에 달고나 넣었더니,,이상한 과자가게  weird sweets shop,2022-08-11,PT43S,9382192,164561,8973,youtube
이상한_과자가게__weird_sweets_shop_20220810,마 부싼 롯데월드 가봤나?,,이상한 과자가게  weird sweets shop,2022-08-10,PT41S,2663176,63648,675,youtube
이상한_과자가게__weird_sweets_shop_20220810,"다들 코코넛 쉽게 까길래 까불었다가,,",,이상한 과자가게  weird sweets shop,2022-08-10,PT32S,2447792,50055,325,youtube
이상한_과자가게__weird_sweets_shop_20220807,누가 내 라무네 흔들어놨어!?,,이상한 과자가게  weird sweets shop,2022-08-07,PT36S,1281053,35523,2454,youtube
이상한_과자가게__weird_sweets_shop_20220806,메론 와라비모찌 만들기,,이상한 과자가게  weird sweets shop,2022-08-06,PT50S,3320420,91951,776,youtube
이상한_과자가게__weird_sweets_shop_20220806,쿠로미 마카롱을 만들었어요!,,이상한 과자가게  weird sweets shop,2022-08-06,PT51S,2971578,80048,1179,youtube
이상한_과자가게__weird_sweets_shop_20220806,이모티콘이 간식으로 변했다!,,이상한 과자가게  weird sweets shop,2022-08-06,PT29S,416698,10710,0,youtube
이상한_과자가게__weird_sweets_shop_20220805,그래서 마지막 승자는 누굴까?!,,이상한 과자가게  weird sweets shop,2022-08-05,PT16S,576217,12427,342,youtube
이상한_과자가게__weird_sweets_shop_20220804,그릭요거트 몸에 안좋게 먹는 법,,이상한 과자가게  weird sweets shop,2022-08-04,PT53S,13918490,275666,1611,youtube
이상한_과자가게__weird_sweets_shop_20220803,놀이터에서 비비탄 줍던 생각 나네요,,이상한 과자가게  weird sweets shop,2022-08-03,PT47S,5706984,107511,1189,youtube
이상한_과자가게__weird_sweets_shop_20220801,이건 알로에 슬라임 에이드?,,이상한 과자가게  weird sweets shop,2022-08-01,PT51S,3937967,89206,821,youtube
이상한_과자가게__weird_sweets_shop_20220730,복숭아 + 타피오카 + 칼국수,,이상한 과자가게  weird sweets shop,2022-07-30,PT50S,2765755,74363,555,youtube
이상한_과자가게__weird_sweets_shop_20220729,이거 만들려고 솜사탕기계 샀습니다 (대체 왜),,이상한 과자가게  weird sweets shop,2022-07-29,PT39S,6909504,119206,584,youtube
이상한_과자가게__weird_sweets_shop_20220728,엉망진창 그릭복숭아 만들기,,이상한 과자가게  weird sweets shop,2022-07-28,PT51S,6917913,132071,780,youtube
이상한_과자가게__weird_sweets_shop_20220727,내 담당 트레이너님은 시청 금지.,,이상한 과자가게  weird sweets shop,2022-07-27,PT55S,7057912,131832,1161,youtube
이상한_과자가게__weird_sweets_shop_20220727,자가리코 치즈범벅의 끝은 이거다..!,,이상한 과자가게  weird sweets shop,2022-07-27,PT43S,1701156,53695,239,youtube
이상한_과자가게__weird_sweets_shop_20220726,오이에 스프라이트 따라 넣어봤어요!,,이상한 과자가게  weird sweets shop,2022-07-26,PT41S,1610759,47479,359,youtube
이상한_과자가게__weird_sweets_shop_20220726,바나나우유 챌린지 비하인드 영상(2탄),,이상한 과자가게  weird sweets shop,2022-07-26,PT36S,2394945,58725,248,youtube
이상한_과자가게__weird_sweets_shop_20220724,바나나우유 챌린지 망한 영상,,이상한 과자가게  weird sweets shop,2022-07-24,PT31S,10729301,146707,1328,youtube
이상한_과자가게__weird_sweets_shop_20220723,복숭아 죠패서 버블티 만드는 영상,#shorts #버블티 #타피오카펄,이상한 과자가게  weird sweets shop,2022-07-23,PT53S,5769216,124185,825,youtube
이상한_과자가게__weird_sweets_shop_20220722,와라비모찌 올려서 빙수 해먹기!,,이상한 과자가게  weird sweets shop,2022-07-22,PT46S,2749587,72083,650,youtube
이상한_과자가게__weird_sweets_shop_20220721,메타몽빵 못구해서 직접 만들어 먹었습니다 (킹받음 주의),#shorts #포켓몬빵 #메타몽빵,이상한 과자가게  weird sweets shop,2022-07-21,PT51S,2189855,60418,8911,youtube
이상한_과자가게__weird_sweets_shop_20220719,짱구 이녀석 만만치 않군,,이상한 과자가게  weird sweets shop,2022-07-19,PT43S,1942316,45042,318,youtube
이상한_과자가게__weird_sweets_shop_20220717,직접 만든 수박 타피오카펄 넣고 만든 쥬스🍉,"올린줄 알았는데,, 늦게 올려서 죄송해요ㅠㅠㅠ",이상한 과자가게  weird sweets shop,2022-07-17,PT33S,1173570,37501,202,youtube
이상한_과자가게__weird_sweets_shop_20220716,물젤리 얼려서 무지개 빙수 만들기🌈,,이상한 과자가게  weird sweets shop,2022-07-16,PT49S,2675714,92526,408,youtube
이상한_과자가게__weird_sweets_shop_20220715,유행중인 맥도날드 소프트콘 먹는 방법✨,,이상한 과자가게  weird sweets shop,2022-07-15,PT44S,2289054,50252,360,youtube
이상한_과자가게__weird_sweets_shop_20220714,물젤리 흔들지 않고 통째로 꺼내기✨(도전!),,이상한 과자가게  weird sweets shop,2022-07-14,PT45S,8461957,144505,653,youtube
이상한_과자가게__weird_sweets_shop_20220713,대왕달고나 먹다가 자괴감이 듭니다..(하아),,이상한 과자가게  weird sweets shop,2022-07-13,PT25S,2998011,56152,502,youtube
이상한_과자가게__weird_sweets_shop_20220712,파파야 시럽넣고 버블티 만들기💙,,이상한 과자가게  weird sweets shop,2022-07-12,PT55S,2786746,79288,558,youtube
이상한_과자가게__weird_sweets_shop_20220712,번데기 탕후루 요청 200개를 받았다.(대체 어떤 취향들을 갖고 계신겁니까),,이상한 과자가게  weird sweets shop,2022-07-12,PT47S,945041,29380,377,youtube
이상한_과자가게__weird_sweets_shop_20220710,시나모롤 마카롱 만들어버리기~!(버린다는거 아닙니다),,이상한 과자가게  weird sweets shop,2022-07-10,PT49S,1355556,47672,1480,youtube
이상한_과자가게__weird_sweets_shop_20220710,파파야 물방울떡을 얼려보겠습니다,,이상한 과자가게  weird sweets shop,2022-07-10,PT37S,953265,25506,151,youtube
이상한_과자가게__weird_sweets_shop_20220709,아이브 원영님의 먹을 수 있는 포카 꾸미기✨,,이상한 과자가게  weird sweets shop,2022-07-09,PT50S,4609877,107020,3103,youtube
이상한_과자가게__weird_sweets_shop_20220708,다이소 반자동 거품기로 구름빵을 만들어봤습니다(ㅠ),,이상한 과자가게  weird sweets shop,2022-07-08,PT56S,8943324,185668,1936,youtube
이상한_과자가게__weird_sweets_shop_20220708,통째로 먹을 수 있는 포토카드 먹방✨(아이브 원영님💖),,이상한 과자가게  weird sweets shop,2022-07-08,PT42S,634739,17053,392,youtube
이상한_과자가게__weird_sweets_shop_20220707,"분명 초코 요거트를 만들고 있었는데, 내가 먹은건 뭘까?",,이상한 과자가게  weird sweets shop,2022-07-07,PT48S,4319244,104466,1556,youtube
이상한_과자가게__weird_sweets_shop_20220706,접어먹는 두부라고 해서 샀습니다.,,이상한 과자가게  weird sweets shop,2022-07-06,PT27S,2403557,50163,426,youtube
이상한_과자가게__weird_sweets_shop_20220705,나는 왜 메론시럽으로 달고나를 만들려고 하는가.,,이상한 과자가게  weird sweets shop,2022-07-05,PT53S,5437717,123605,555,youtube
이상한_과자가게__weird_sweets_shop_20220704,도토리묵 펄 4번 추가해주세요,,이상한 과자가게  weird sweets shop,2022-07-04,PT47S,5909424,91962,991,youtube
이상한_과자가게__weird_sweets_shop_20220704,파파야시럽 넣고 물방울떡 만들어보자💙🦋🐳,,이상한 과자가게  weird sweets shop,2022-07-04,PT53S,2710340,85218,596,youtube
이상한_과자가게__weird_sweets_shop_20220702,아따맘마 동동이의 낫또 피자~!!!!!,,이상한 과자가게  weird sweets shop,2022-07-02,PT55S,3675725,96523,415,youtube
이상한_과자가게__weird_sweets_shop_20220702,혀에 그림그려주는 사탕?,,이상한 과자가게  weird sweets shop,2022-07-02,PT34S,1674349,33870,168,youtube
이상한_과자가게__weird_sweets_shop_20220701,"집에 감자전분 있으신 분들, 와라비모찌 만들어보세요",,이상한 과자가게  weird sweets shop,2022-07-01,PT56S,4859449,154507,903,youtube
이상한_과자가게__weird_sweets_shop_20220701,마이구미 우유...너 맛있다?,,이상한 과자가게  weird sweets shop,2022-07-01,PT43S,1420522,47264,197,youtube
이상한_과자가게__weird_sweets_shop_20220630,돌아가고 싶어요..라스굴라를 먹기 전으로요,,이상한 과자가게  weird sweets shop,2022-06-30,PT53S,3986163,71037,1388,youtube
이상한_과자가게__weird_sweets_shop_20220630,수박 갈아서 타피오카펄 만들어버리기~,,이상한 과자가게  weird sweets shop,2022-06-30,PT1M,6783868,142737,999,youtube
이상한_과자가게__weird_sweets_shop_20220628,내 생애 이런 탕후루는 처음이야 (젤후루),,이상한 과자가게  weird sweets shop,2022-06-28,PT53S,2649904,54191,247,youtube
이상한_과자가게__weird_sweets_shop_20220627,혹시 롯데월드에 먹으러 간건가요?,,이상한 과자가게  weird sweets shop,2022-06-27,PT50S,2804639,78612,762,youtube
이상한_과자가게__weird_sweets_shop_20220627,"아니 이게 뭐야,,,메론시럽펄 넣고 메론소다 만들기!",#메론소다 #타피오카펄,이상한 과자가게  weird sweets shop,2022-06-27,PT1M12S,121231,1814,53,youtube
이상한_과자가게__weird_sweets_shop_20220626,파워에이드로 개구리알 만들기(feat.오호),#버블티 #개구리알 #분자요리,이상한 과자가게  weird sweets shop,2022-06-26,PT1M3S,51610,734,26,youtube
이상한_과자가게__weird_sweets_shop_20220626,4가지 과일 탕후루를 먹어보자😁,,이상한 과자가게  weird sweets shop,2022-06-26,PT59S,1114023,33011,634,youtube
이상한_과자가게__weird_sweets_shop_20220626,얼렁뚱땅 4가지 과일탕후루 만들기!(다음영상은 먹방!),,이상한 과자가게  weird sweets shop,2022-06-26,PT43S,1057020,33346,164,youtube
이상한_과자가게__weird_sweets_shop_20220625,"진짜 마지막,,자가비로 치즈범벅을 만들자!!!",,이상한 과자가게  weird sweets shop,2022-06-25,PT38S,1345717,33494,160,youtube
이상한_과자가게__weird_sweets_shop_20220625,스낵당근을 5개 소스에 찍어먹기!(여러분의 취향은?),,이상한 과자가게  weird sweets shop,2022-06-25,PT52S,726944,18557,355,youtube
이상한_과자가게__weird_sweets_shop_20220623,빵빵덕 마카롱을 만들어보자(꽥!),,이상한 과자가게  weird sweets shop,2022-06-23,PT53S,1422118,43829,978,youtube
이상한_과자가게__weird_sweets_shop_20220622,번데기? 공주는 이런거 못먹어요..,,이상한 과자가게  weird sweets shop,2022-06-22,PT17S,1404503,36709,1409,youtube
이상한_과자가게__weird_sweets_shop_20220622,"대혼돈의 팔도비빔면 마카롱 만들기,,🔥🌶",,이상한 과자가게  weird sweets shop,2022-06-22,PT49S,1926151,47296,293,youtube
이상한_과자가게__weird_sweets_shop_20220620,요청받은 키리모찌 떡볶이🌶(집에 고추장이 없다..),,이상한 과자가게  weird sweets shop,2022-06-20,PT52S,1785633,53051,387,youtube
이상한_과자가게__weird_sweets_shop_20220620,통째로 먹을 수 있는 포토카드 꾸미기✨(feat.연준),,이상한 과자가게  weird sweets shop,2022-06-20,PT54S,3150254,80595,0,youtube
이상한_과자가게__weird_sweets_shop_20220618,외국에서 유행한다는 용수철같이 늘어나는 김치?! (내눈엔 김치로 보임😎),"bgm: 브금대통령 자막:BONDA본다 예능효과: freefiction 프리픽션  음악과 자막,예능효과 감사히 잘 쓰겠습니다 ㅎㅎ☺️ ____________________________________________________",이상한 과자가게  weird sweets shop,2022-06-18,PT46S,881550,26747,231,youtube
이상한_과자가게__weird_sweets_shop_20220618,메론시럽 넣고 타피오카펄 만들기!,"bgm: 브금대통령 자막:BONDA본다 예능효과: freefiction 프리픽션  음악과 자막,예능효과 감사히 잘 쓰겠습니다 ㅎㅎ☺️ ____________________________________________________",이상한 과자가게  weird sweets shop,2022-06-18,PT1M,4144341,105607,792,youtube
이상한_과자가게__weird_sweets_shop_20220614,이렇게 만드는 딸기 그릭요거트가 유행이래요!,"bgm: 브금대통령 자막:BONDA본다 예능효과: freefiction 프리픽션  음악과 자막,예능효과 감사히 잘 쓰겠습니다 ㅎㅎ☺️ ____________________________________________________",이상한 과자가게  weird sweets shop,2022-06-14,PT1M4S,400443,5180,114,youtube
이상한_과자가게__weird_sweets_shop_20220612,마시멜로 떡을 만들어보자!,"bgm: 브금대통령 자막:BONDA본다 예능효과: freefiction 프리픽션  음악과 자막,예능효과 감사히 잘 쓰겠습니다 ㅎㅎ☺️ ____________________________________________________",이상한 과자가게  weird sweets shop,2022-06-12,PT55S,661415,22277,161,youtube
이상한_과자가게__weird_sweets_shop_20220611,제가 꾸민 포카입니다. 먹어보겠습니다,"bgm: 브금대통령 자막:BONDA본다 예능효과: freefiction 프리픽션  음악과 자막,예능효과 감사히 잘 쓰겠습니다 ㅎㅎ☺️ ____________________________________________________",이상한 과자가게  weird sweets shop,2022-06-11,PT45S,477586,13511,0,youtube
이상한_과자가게__weird_sweets_shop_20220608,"메추리알 탕후루,,,이건 진짜 맛있다!!!!!","bgm: 브금대통령 자막:BONDA본다 예능효과: freefiction 프리픽션  음악과 자막,예능효과 감사히 잘 쓰겠습니다 ㅎㅎ☺️ ____________________________________________________",이상한 과자가게  weird sweets shop,2022-06-08,PT59S,803350,23033,183,youtube
이상한_과자가게__weird_sweets_shop_20220607,"아웃백 뭐하세요,,당장 이 자가리코 치즈범벅을 메뉴에 넣지 않고!","bgm: 브금대통령 자막:BONDA본다 예능효과: freefiction 프리픽션  음악과 자막,예능효과 감사히 잘 쓰겠습니다 ㅎㅎ☺️ ____________________________________________________",이상한 과자가게  weird sweets shop,2022-06-07,PT43S,1157164,33284,185,youtube
이상한_과자가게__weird_sweets_shop_20220604,여기 나온 간식 다 먹어본 사람?!,,이상한 과자가게  weird sweets shop,2022-06-04,PT56S,1365929,35773,1567,youtube
이상한_과자가게__weird_sweets_shop_20220603,"이게,,조나단 밀크티 맞는거죠?",,이상한 과자가게  weird sweets shop,2022-06-03,PT44S,969636,23023,207,youtube
이상한_과자가게__weird_sweets_shop_20220603,절대 따라하면 안되는 구운 마시멜로 먹기!!,,이상한 과자가게  weird sweets shop,2022-06-03,PT16S,650258,15767,218,youtube
이상한_과자가게__weird_sweets_shop_20220531,이게 인스타에서 유명한 당근무침?!!,,이상한 과자가게  weird sweets shop,2022-05-31,PT29S,1272574,33529,192,youtube
이상한_과자가게__weird_sweets_shop_20220525,포켓몬 꼬부기빵 만들기!!(꼬북!🐢),,이상한 과자가게  weird sweets shop,2022-05-25,PT46S,1356104,34973,772,youtube
이상한_과자가게__weird_sweets_shop_20220525,달팽이(꿈틀)🐌 나도 먹어봣다!,,이상한 과자가게  weird sweets shop,2022-05-25,PT31S,1293108,25564,372,youtube
이상한_과자가게__weird_sweets_shop_20220522,요청받은 떡볶이 찰떡아이스 만들기!!,,이상한 과자가게  weird sweets shop,2022-05-22,PT1M,1843504,43425,326,youtube
이상한_과자가게__weird_sweets_shop_20220516,나는 레고랜드에 먹으러 간것인가?! 2탄,,이상한 과자가게  weird sweets shop,2022-05-16,PT34S,854169,23470,158,youtube
이상한_과자가게__weird_sweets_shop_20220516,나는 레고랜드에 먹으러 간것인가?! 1탄,,이상한 과자가게  weird sweets shop,2022-05-16,PT44S,640648,20529,87,youtube
이상한_과자가게__weird_sweets_shop_20220509,머스타드 넣고 쿠키만들기!,,이상한 과자가게  weird sweets shop,2022-05-09,PT49S,898125,24765,287,youtube
이상한_과자가게__weird_sweets_shop_20220507,전자레인지로 피카츄 컵케이크 만들기!,,이상한 과자가게  weird sweets shop,2022-05-07,PT53S,1945703,55524,824,youtube
이상한_과자가게__weird_sweets_shop_20220502,틱톡에서 유명한 포도껍질우유(?!)만들기,,이상한 과자가게  weird sweets shop,2022-05-02,PT55S,3566080,87761,864,youtube
이상한_과자가게__weird_sweets_shop_20220427,짱구아빠가 먹고 감동한 [된장버터옥수수 라면],,이상한 과자가게  weird sweets shop,2022-04-27,PT49S,887067,37846,200,youtube
이상한_과자가게__weird_sweets_shop_20220425,🌈무지개치즈 토스트 🌈만들어보자,,이상한 과자가게  weird sweets shop,2022-04-25,PT49S,468463,15137,118,youtube
이상한_과자가게__weird_sweets_shop_20220421,짱구 점보초코비를 만들어보자,,이상한 과자가게  weird sweets shop,2022-04-21,PT59S,2260389,66684,593,youtube
이상한_과자가게__weird_sweets_shop_20220419,내 취향에 맞는 푸린빵 만들기 (크림듬뿍),안녕하세요 ! 자세한 만들기 영상과 먹는 영상은 제 채널에 업로드 되어있습니다^^,이상한 과자가게  weird sweets shop,2022-04-19,PT52S,2128033,58779,1048,youtube
이상한_과자가게__weird_sweets_shop_20220414,곤약가루로 젤리국수 만드는 법,레시피와 자세한 만드는 영상은 제 채널에 올라와있습니다!,이상한 과자가게  weird sweets shop,2022-04-14,PT51S,2783290,79343,651,youtube
이상한_과자가게__weird_sweets_shop_20220412,전자레인지로 포켓몬 고오스빵 만들기,______________________BGM______________________ 🎵Music provided by 율다우tv 링크:https://youtu.be/agS_3X0MQro __________________________________________________,이상한 과자가게  weird sweets shop,2022-04-12,PT55S,2033375,58124,1583,youtube
이상한_과자가게__weird_sweets_shop_20220408,카라멜팝콘 뺨치는 딸기팝콘 만들기,🎵Music provided by 브금대통령 🎵Track : 귀여운 BGM 모음 - https://youtu.be/hgNrf9QqAA0,이상한 과자가게  weird sweets shop,2022-04-08,PT49S,1547654,40960,244,youtube
이상한_과자가게__weird_sweets_shop_20220407,"일주일 말려야 완성되는 먹는보석, 코하쿠토!",🎵Music provided by 브금대통령 🎵Track : 귀여운 BGM 모음 - https://youtu.be/hgNrf9QqAA0,이상한 과자가게  weird sweets shop,2022-04-07,PT42S,1975697,51915,598,youtube
이상한_과자가게__weird_sweets_shop_20220406,포켓몬 파이리 핫소스팡 만들기!!,#포켓몬빵 #포켓몬빵만들기 #핫소스팡 #핫소스팡만들기 안녕하세요  이상한 과자가게 주인장입니다😁 제가 고등학생때 1일2핫소스팡 했었는데 이게 다시 출시가 되었다네요?!?!  집앞 편의점 아주머니가  빵 들어오면 전화주신다고 하셔서 번호까지 남기고 왔는데 한달째 아직도 전화가 오지 않아욬ㅋㅋㅋㅋㅋㅋ 잊어버리신 것 같기도 하구 ㅋㅋㅋㅋㅋ  오늘은 직접만든 파이리 핫소스팡 입니다! 재미있게 봐주세용 ㅎㅎ  [빵] 강력분 300g 설탕 30g 소금 4g 이스트 3g 우유 100g 물 110g [소스] 크림스프 50g 불닭소스 1큰술 물 150ml [굽기온도] 180도에 14~16분  🎵Music provided by 율다우tv 🎵Track : https://www.youtube.com/watch?v=agS_3X0MQro&t=34s,이상한 과자가게  weird sweets shop,2022-04-06,PT50S,1182997,33704,536,youtube
이상한_과자가게__weird_sweets_shop_20220404,편의점 돌다가 그냥 만들었다. 포켓몬 초코롤 만들기!,,이상한 과자가게  weird sweets shop,2022-04-04,PT59S,1998696,56510,820,youtube
이상한_과자가게__weird_sweets_shop_20220404,짱구에 나온 낫또토스트￼ 만들어먹기!,,이상한 과자가게  weird sweets shop,2022-04-04,PT56S,1810967,49605,431,youtube
이상한_과자가게__weird_sweets_shop_20220330,"푸딩 맘껏 먹어보는게 한 때 내 소원이였지,,",🎵Music provided by 브금대통령 🎵Track : 귀여운 BGM 모음 - https://youtu.be/hgNrf9QqAA0,이상한 과자가게  weird sweets shop,2022-03-30,PT57S,2998780,91829,657,youtube
이상한_과자가게__weird_sweets_shop_20220328,사탕은 훼이크다! 양배추로 만우절 사탕만들기,🎵Music provided by 브금대통령 🎵Track : 귀여운 BGM 모음 - https://youtu.be/hgNrf9QqAA0,이상한 과자가게  weird sweets shop,2022-03-28,PT51S,16665229,323348,2257,youtube
이상한_과자가게__weird_sweets_shop_20220326,러쉬 배쓰밤?! 아니죠 코코아밤,🎵Music provided by 브금대통령 🎵Track : 귀여운 BGM 모음 - https://youtu.be/hgNrf9QqAA0,이상한 과자가게  weird sweets shop,2022-03-26,PT56S,1847978,63109,420,youtube
이상한_과자가게__weird_sweets_shop_20220322,요즘도 아따맘마 보나? 아따맘마 달고나 만들기,,이상한 과자가게  weird sweets shop,2022-03-22,PT53S,6643144,161354,1072,youtube
이상한_과자가게__weird_sweets_shop_20220310,3가지 재료로 만드는 탕후루~! #shorts,,이상한 과자가게  weird sweets shop,2022-03-10,PT44S,4926839,95312,860,youtube
이상한_과자가게__weird_sweets_shop_20220118,2000원으로 마들렌을 몇개 만들 수 있을까?,---- 필요한 재료❗️---- 계란 100g (2개) 설탕 90g 소금 한꼬집 꿀 10g (물엿도 가능해요) 베이킹 파우더 3g 박력분 90g 코코아파우더 6g 녹인버터 100g   #마들렌 #마들렌만들기 #홈베이킹,이상한 과자가게  weird sweets shop,2022-01-18,PT55S,2312160,64978,1124,youtube
